x,y,ind2015,ind_snv2015,ind2017,ind_snv2017,ind2019,ind_snv2019,ind2021,ind_snv2021
0,0,244,3801114.8,270.5,4345115.7,104,2122246.5,105.5,2382052.1
0,1,72,1602922.9,71,1591645.1,79,1919069.1,68,1790207.4
0,3,5,123472.1,6,143929.1,7,173549.4,6,144445.9
0,23,1,18940,1,22739.6,1,24850,1,25766.1
0,40,6,115550.8,4,78561.1,6,122145.6,4,72246.1
0,47,8,175751.5,9,182868.4,9,190390.8,9,204455.4
0,49,15,329534.2,16,325099.3,19,401936.1,19,431628.1
0,50,10,219689.4,2,40637.4,3,63463.6,2,45434.5
0,51,3,65906.8,5,101593.5,4,84618.1,4.5,102227.7
0,59,3,50056.9,3,43724.8,3,57990.5,3,62435.4
0,61,,,2,29149.9,9,173971.4,11,228929.9
0,67,3,64455.5,3,62172.4,3,65204.3,2,45057.8
0,73,2,45962.4,5,114164.3,5,113996.4,6,140391.9
0,74,2,45962.4,2,45665.7,2,45598.6,2,46797.3
0,77,4,97664.7,4,104615.4,2,51848.1,3,85727.9
0,78,8,195329.5,6,156923.1,11,285164.8,7,200031.8
0,82,125.5,3102713.7,113.5,2804230,118.5,3128611.4,119,3170945.3
0,83,69,1714265.1,71,1793116.6,77,2149898.4,76.5,2199026.4
0,84,109.5,2592155.2,90.5,2244572.5,82,2050586,73.5,1906002.1
0,85,55,1241391.5,52,1224695.5,45,1091092.8,48,1187884
0,102,,,1,25835.3,1,27033.3,3,73906.3
0,103,3,68715.8,,,,,,
0,112,22,590234.3,22,617454.7,24,662720.3,26,764883.5
0,115,12,321946,14,392925.7,14,427132.1,13,415434.5
0,116,38,1008479.7,35,783114.7,41,1000069,38,1080484.4
0,120,19,388961.2,22,444884.4,26,626634.5,25,664009.9
0,121,67,1626751.6,65,1630040.3,67,1759476.7,70,1917497.8
0,122,59,1425299,64,1678548.4,57,1743687.4,47,1412317.3
0,123,42,1019364,36,940279.4,35,885470.1,38.5,1196422.1
1,0,268,5271161.7,267,5347968.6,256.5,5389598.5,250,5592280.2
1,1,233,4021980.8,225,4130760.7,239.5,4487215.7,203,4228246.9
1,2,15,370416.4,16,383810.9,20,495855.5,18,433337.6
1,38,4,77033.8,5,98201.4,5,101788,5,90307.6
1,39,10,192584.6,12,235683.4,8,162860.8,7,126430.6
1,46,,,1,21853.8,1,25542.5,1,24049.6
1,48,5,109844.7,1,20318.7,,,,
1,50,12,263627.3,14,284461.9,17,359627,12,272607.2
1,56,,,2,36419.9,3,56883.6,3,59425.2
1,63,22,472673.8,16,331586.2,16,347756.2,17,382991.2
1,64,1,21485.2,1,20724.1,,,,
1,76,2,45962.4,1,22832.9,1,22799.3,5,116993.3
1,77,7,170913.3,7,183077,12,311088.9,5,142879.9
1,78,6,146497.1,8,209230.8,10,259240.7,11,314335.7
1,79,8,195329.5,8,209230.8,8,207392.6,4,114303.9
1,80,2,48832.4,1,26153.9,1,25924.1,1,28576
1,82,3,76034.2,3,70517.6,3,86164.2,3,84525.6
1,83,151.5,3078004.8,137.5,2998667.1,132,3015362.3,136.5,3361471.2
1,84,141,3085758.5,152.5,3306031.1,138.5,3050466.1,133.5,3147240.4
1,85,75,1327656,59,1056693.4,58,1036335.9,60,1086981.8
1,86,9,228102.5,12,282070.3,11,315935.4,11,309927.1
1,102,1,22905.3,,,,,,
1,103,,,4,103341.1,4,108133.2,1.5,36953.1
1,115,4,107315.3,4,112264.5,3,91528.3,2,63913
1,120,3,61414.9,4,80888.1,5,125468.9,5,132802
2,0,193,4158164.1,198,4161117.8,181,4179521.9,157.5,4043554.5
2,1,138,3236827.4,152,3526594.2,140,3347256.1,142.5,3619998.8
2,2,181.5,4336505.5,150.5,3894346.3,154.5,4253082.7,149.5,4166270.4
2,3,90.5,1748690.2,83.5,1631253,68.5,1375001.1,69,1404377.1
2,7,7,154216.9,7,161077,7,180164,7,198977.8
2,21,1,18940,1,22739.6,1,24850,,
2,37,1,19258.5,1,19640.3,1,20357.6,,
2,38,4,77033.8,4,78561.1,4,81430.4,4,72246.1
2,43,,,1,21853.8,,,,
2,44,4,87637.6,4,87415.1,4,102170,5,120248
2,48,5,109844.7,4,81274.8,7,148081.7,4,90869.1
2,50,8,175751.5,4,81274.8,5,105772.7,6,136303.6
2,55,3,50056.9,3,54629.8,3,56883.6,3,59425.2
2,56,8,133485.1,9,163889.5,7,132728.3,6,118850.4
2,57,2,33371.3,2,29149.9,4,77320.6,4,83247.2
2,63,13,279307.3,12,248689.6,8,173878.1,9,202760.1
2,72,1,22981.2,1,22832.9,1,22799.3,1,23398.7
2,74,5,114906,5,114164.3,5,113996.4,5,116993.3
2,77,7,170913.3,8,209230.8,3,77772.2,2,57151.9
2,78,3,73248.6,2.5,65384.6,3.5,90734.3,3,85727.9
2,79,11,268578.1,10.5,274615.5,8,207392.6,8.5,242895.8
2,80,6,146497.1,6,156923.1,8,207392.6,7,200031.8
2,82,1,25344.7,1,23505.9,,,,
2,83,78,1702275,79.5,1857354.7,90.5,2197167.1,85,2184426.4
2,84,51,1352481.5,53,1263178.4,54,1472259.2,54,1502007.8
2,85,58,1574292.4,62,1808989.9,57,1660418.9,52,1471912.5
2,86,57.5,1228268.3,60,1304897.7,62,1457211,56,1295950.8
2,87,2,50232.8,2,52198,2,56069.2,3,72257.9
2,111,,,1,25835.3,,,,
3,0,108,2426102.3,98.5,2228537.6,104.5,2539473.5,94.5,2400245.5
3,1,155,3742769.1,148,3557424.3,153,3799155.2,151,3705835.3
3,2,187,4027547.1,182.5,4226431.5,177.5,4418161.8,163.5,4217226.7
3,3,152,3602733.6,132,3470624,131,3276692.9,124,3381963.1
3,4,44,1147943,37,1072582.7,38,1159075.8,38,1291128.4
3,6,2,46372.7,2,50703.5,2,61004,2,50224.5
3,7,5,110154.9,4,92044,5.5,141557.5,8.5,241615.9
3,43,2,43818.8,,,,,3,72148.8
3,51,6,117517.8,4,76461.7,4,87408.3,4,100029.5
3,55,,,,,,,6,136418.5
3,56,9,191815.5,10,210888.9,9,192226.7,11,250100.5
3,57,6,100113.9,7.5,136574.6,9.5,180131.3,7,138658.9
3,64,3,64455.5,3,62172.4,3,65204.3,5,112644.5
3,71,4,94460.9,4,95145.5,4,105432.2,4,117211.2
3,75,,,,,2,56605.8,,
3,80,2,53640.3,3,80252.3,2,58831.7,2,58936.1
3,81,1,26820.2,1,26750.8,,,,
3,82,,,,,1,28034.6,1,24086
3,83,74,1795157,76,1815881.4,73,2030293.5,63,1911951.4
3,84,80,1968476.6,84,2410842.4,80,2275799.7,80,2321220.7
3,85,88,2449800.2,101,2749024,111.5,3045422.4,102.5,2951159.2
3,86,46,1197983.7,45,1160506.7,43,1185700.8,42.5,1233274.8
3,87,2,50232.8,2,52198,2,56069.2,6,144515.9
3,95,5,94260.9,4,91002,6,139539.3,4,95775.4
3,101,1,18852.2,1,22750.5,1,23256.6,1,23943.9
3,106,2,45810.5,2,51670.5,,,,
4,0,85.5,1963264.5,94,2161632.6,98.5,2216355.9,95.5,2326564.2
4,1,137,3319030.8,143,3323903.4,150.5,3829789.1,152.5,3941586.5
4,2,193,4086644.8,189,4062211.2,193,4262734.8,188,4385363.2
4,3,115,2791275,104.5,2603864.4,112.5,3021530.4,116.5,3431067.9
4,4,82,2087164.4,75,2086218.2,74,2140963.5,64,1921724.6
4,5,5,115931.6,5,126758.7,,,4,100449.1
4,7,2,44062,2,46022,2,51475.4,2,56850.8
4,43,10,219094.1,11,240391.5,11,280967.4,12,288595.3
4,45,4,87637.6,,,,,,
4,47,8,156690.4,6,114692.5,5,109260.4,5,125036.8
4,49,4,78345.2,2,38230.8,4,87408.3,3,75022.1
4,52,1,21312.8,1,21088.9,1,21358.5,4,90945.7
4,54,5,106564.2,5,105444.5,4,85434.1,3,68209.2
4,56,14.5,309036.1,10,210888.9,24,586142.3,18,409255.4
4,70,94.5,2271709.3,88,2336375.2,85.5,2452722.9,82.5,2369015.7
4,71,75.5,1885020.1,73,1849802.3,75.5,2052413.7,71.5,2138799.7
4,72,,,4,108578.8,,,,
4,76,9,228214.8,6,162868.2,8,226423.3,7,199391.8
4,77,1,26820.2,1,26750.8,1,29415.9,,
4,78,1,26820.2,1,26750.8,1,29415.9,1,29468.1
4,79,7,187741.2,8,214006,8,235326.8,8,235744.4
4,80,20,536403.4,21,561765.9,19.5,573609.2,19.5,574627
4,83,12,301396.6,12,313188.2,12,336414.9,20,481719.6
4,84,92,2247877.9,93.5,2580859.1,81,2381365.3,96,2750432.9
4,85,44,1245363.9,46,1300939.3,49,1385345.2,52,1333276
4,86,2,50232.8,2,52198,2,56069.2,2,48172
4,87,,,,,5,140172.9,,
4,88,2,50232.8,2,52198,,,,
4,111,2,45810.5,,,,,,
4,119,2,53657.7,,,,,,
5,0,35,684688.7,46,1009356.5,49,1124148.4,79,1748536
5,1,88,1790528.3,106.5,2309510.2,172,3867363.5,165.5,3859696.9
5,2,186.5,3550776.7,186.5,3800403,189.5,4176070.6,206.5,4967173.3
5,3,141.5,3455200.8,153.5,3649906.7,158.5,3867733.4,153,4107318.7
5,4,382.5,7023439.6,360.5,6619404.4,358.5,6900475.5,331.5,6794075.3
5,5,16,370981.2,19,481683,16,488031.9,14,351571.7
5,7,4,88123.9,4,92044,4,102950.9,4,113701.6
5,44,8,175275.2,5,109268.9,7,178797.4,5,120248
5,47,,,,,1,21852.1,6,150044.2
5,49,9,176276.7,6,114692.5,7,152964.6,6,150044.2
5,50,4,78345.2,3,57346.2,2,43704.2,3,75022.1
5,52,6,127877,4,84355.6,4,85434.1,4,90945.7
5,54,4,85251.3,5,105444.5,5,106792.6,4,90945.7
5,55,3,63938.5,3,63266.7,3,64075.6,3,68209.2
5,59,6,100113.9,5,91049.7,2,37922.4,6,118850.4
5,69,19,448689.4,20,475727.3,19,500803.1,19,556753.1
5,70,97.5,2302484.9,104.5,2485675.3,98.5,2596268.6,79.5,2329572.4
5,71,109,3034740.7,104.5,2944540.7,102.5,3169597.5,101,3024170.1
5,72,149.5,3776915.7,180,4643159.3,195.5,5153501.6,186,5498846.2
5,73,89,1402494.6,113.5,2019545.9,144.5,2674337.8,140.5,2740086.8
5,76,1,25357.2,1,27144.7,1,28302.9,1,28484.5
5,77,2,53640.3,2,53501.5,2,58831.7,1,29468.1
5,78,5,134100.8,5,133753.8,5,147079.3,3,88404.2
5,79,4,107280.7,4,107003,3,88247.6,3,88404.2
5,83,3,75349.1,3.5,91346.6,2,56069.2,2,48172
5,84,31,778607.8,30,782970.6,35.5,995227.6,69.5,1942644.2
5,88,,,,,2,56069.2,2,48172
5,101,4,75408.7,4,91002,,,4,95775.4
5,124,9,231855.4,7,212800,12,383324.4,8,251498.2
6,1,2,36319.6,2,38840.3,2,45883.6,1,22133.4
6,2,79.5,1540690.7,207,3670203.4,210,3863823.5,209.5,4075997.9
6,3,139.5,2987627.1,134,2961956.4,128.5,3117381.8,163.5,3825484.6
6,4,106,2522751.8,114,2849754,113.5,2864661.7,118.5,2893561.3
6,5,1,23186.3,1,25351.7,1,30502,1,25112.3
6,6,2,46372.7,2,50703.5,1,30502,1,25112.3
6,7,6,132185.9,6,138066,6,154426.3,6,170552.4
6,10,2,44062,2,46022,,,2,56850.8
6,13,1,18940,1,22739.6,1,24850,3,77298.3
6,47,,,,,,,2,50014.7
6,49,18,306158.5,12,229385,12,262224.9,10,250073.7
6,54,6,127877,5,105444.5,6,128151.1,6,136418.5
6,55,3,63938.5,3,63266.7,3,64075.6,,
6,61,1,16685.6,1,18209.9,1,18961.2,1,19808.4
6,63,2,42970.3,2,41448.3,1,21734.8,1,22528.9
6,64,,,,,2,43469.5,,
6,69,201.5,5062365.2,216.5,5454125.2,197,5268140.6,189.5,5474640.6
6,70,287.5,6424445.6,282,6143257.7,292.5,6701281.5,262,6413941.3
6,71,134,3386320.5,131,3386141.3,126,3323226.8,131.5,3577004.6
6,72,147,3878813.1,153,4043898.5,144,4107257.6,134.5,4067460.2
6,73,100,2746137.8,99,2742503,99,2933963,91,2906029.9
6,75,2.5,63393,1.5,40717.1,,,3,85453.6
6,76,5,126786,5,135723.5,5,141514.6,5,142422.7
6,77,9,241381.5,10,267507.6,10,294158.5,11,324148.6
6,78,3,80460.5,2,53501.5,7,205911,7,206276.4
6,79,4,107280.7,4,107003,3,88247.6,3,88404.2
6,99,1,18852.2,1,22750.5,1,23256.6,1,23943.9
6,100,4,75408.7,3,68251.5,3,69769.7,3,71831.6
6,101,8,150817.4,2,45501,,,2,47887.7
6,102,10,229052.6,10,258352.7,7.5,202749.7,8,197083.4
6,127,2,51523.4,2,60800,4,127774.8,4,125749.1
7,3,114,2094727.8,105,1834611.9,102,1923822.5,94,1875541
7,4,126.5,2253026.3,221.5,3655369.3,213,3612903.7,210.5,3556925.9
7,6,,,,,,,2,50224.5
7,13,6,113640.3,7,159177.3,6,149099.9,7,180362.7
7,46,2,43818.8,2,43707.5,2,51085,2,48099.2
7,54,7,149189.9,7,147622.2,9,192226.7,9.5,215995.9
7,55,4,85251.3,3,63266.7,,,3,68209.2
7,56,,,1,21088.9,1,21358.5,1,22736.4
7,57,8,133485.1,5,91049.7,5,94806,6,118850.4
7,69,120.5,2291959.6,120.5,2542609.1,119.5,2746127.3,118.5,2870159.4
7,70,116.5,2896501.9,113,2779440.6,138,3564641.9,129.5,3693693.4
7,71,149.5,3742365,137,3651074.1,131.5,3659018.9,118,3488729.5
7,72,174.5,4608679.2,166,4379374.4,171.5,4506612.5,176,4766949.8
7,73,85,2164919.8,102,2796327,104,3023089.8,124,3609677.2
7,74,8,202857.6,7,190012.9,3,84908.7,8.5,242118.6
7,75,20,507144,19,515749.4,17,481149.5,15,427268.2
7,76,8,202857.6,11,298591.8,11,311332,6,170907.3
7,77,9,241381.5,10,267507.6,7,205911,6,176808.3
7,78,5,134100.8,5,133753.8,5,147079.3,5,147340.3
7,100,2,37704.4,2,45501,2,46513.1,,
7,101,2,37704.4,2,45501,1,23256.6,1,23943.9
7,102,5,114526.3,5,129176.3,5,135166.4,5,123177.1
7,115,,,4,112264.5,,,,
7,127,3,77285.1,2,60800,,,,
8,5,11,180768.2,10,201088.7,10.5,222863.2,10,231842.2
8,6,3.5,57517.2,3.5,70381,3.5,74287.7,3.5,81144.8
8,8,,,1,20108.9,1,21225.1,1,23184.2
8,13,2,38394.4,2,45006.2,2,50719.1,2,54418
8,47,10,223008.5,7,165256.8,10,253539.5,10,269644.1
8,55,15.5,291096.1,16,321442.2,14.5,349210.4,16.5,402433.2
8,70,109,2286367.1,105,2099937.4,103,2105133.4,103,2243106.6
8,71,58,1549932.4,59,1649034.3,54,1568685,53,1641762.2
8,72,78,2110820.4,78,2085214.2,72,2027275.6,81.5,2369979.5
8,73,36,1111632.1,45,1353366.3,44,1325576.8,41,1350075.3
8,74,4,104624.8,5,142517.9,5,140528.2,5,152738.4
8,75,17.5,457733.7,17,484560.8,17,477795.9,17,519310.5
8,76,2,52312.4,2,57007.2,2,56211.3,2,61095.4
8,88,2,52443.4,2,55199.3,,,,
8,89,1,26221.7,1,27599.7,2,52260.9,2,56265.6
8,100,,,,,2,53365.1,,
8,102,15,320889.4,16,410057.3,13.5,360214.6,8,192308
8,108,2,42785.3,2,51257.2,2,53365.1,2,48077
8,127,9,236256.8,8,208390,7,193959.3,6,179550.2
9,6,1,16433.5,2,40217.7,2,42450.1,2,46368.4
9,41,4,67087.6,3,61120.5,3,68730.8,1,23587.9
9,46,9,200707.7,8,188864.9,3,76061.9,6,161786.5
9,49,2,44601.7,2,47216.2,,,3,80893.2
9,54,2,37560.8,2,40180.3,3,72250.4,3,73169.7
9,69,23,521757.3,23.5,618816.7,18.5,489686.4,17,404356.3
9,70,37,997320.6,37,974307.1,38,1005842.3,37,1104747.9
9,71,29,657867.8,76.5,1741448.4,86.5,1852965.3,65,1543077.6
9,72,147,3479727.9,86.5,2214593.1,89.5,2434924,69,1951063.6
9,73,94.5,2288406.5,99,2588889.1,100.5,2826908.8,101.5,3198374.4
9,74,20,523124.2,21,598575.1,25,702641.1,15,458215.1
9,75,5,130781,5,142517.9,5,140528.2,2,61095.4
9,80,1,25642.2,1,30520.8,1,25426.2,5,115386
9,89,,,,,1,26130.5,1,28132.8
9,101,1,22269.8,2,46492.8,2,53365.1,2,48077
9,109,13,278104.2,8,205028.7,6,160095.4,6,144231
9,115,4,103239.5,4,116680.9,4,113372.2,4,118431.6
9,127,1,26250.8,1,26048.7,1,27708.5,4,119700.1
10,9,16,262935.6,14,281524.1,27,440874.6,23,533237.1
10,10,48,996151.3,39,784446.5,45,794041.5,23,486535.8
10,11,29,630614,23,462503.9,22,466951.5,20,463684.5
10,12,5,95986,5,112515.5,9.5,240915.8,8,217672.1
10,14,7,134380.3,8,180024.7,4,101438.2,3,81627
10,15,5,95986,4,90012.4,5,126797.8,3,81627
10,16,5,95986,5,112515.5,5,126797.8,3,81627
10,46,7.5,167256.4,8.5,200669,,,,
10,48,4,89203.4,2,47216.2,1,25354,1,26964.4
10,51,73,1816609.2,79.5,1966102.2,81,2222626.3,78,2245696.8
10,52,59,1339984.5,51.5,1295040.6,53,1231588.8,51,1547538.1
10,54,8,150243.1,8,160721.1,9,216751.3,7,170729.2
10,55,42,1018156.4,37,964727.9,36,944734.8,34,1116855.6
10,58,3,64908.5,3,68197.9,3,69894.7,2,54483.2
10,60,2,43272.3,4,90930.5,6,139789.5,4,108966.5
10,68,,,,,,,79,1431487.2
10,69,,,,,,,42,998997.9
10,70,101,1851689.2,98,1851981.2,95.5,1772228.1,95.5,2083353.5
10,71,600.5,11911755.8,584.5,11904784.8,551.5,11538918.6,523,11560925
10,72,126.5,2845873.5,124.5,2834178.3,127.5,3077512.3,129.5,3324957
10,73,121.5,3266001.1,127,3295801.9,124,3032248.3,115,3330428.2
10,74,70,1655879.5,77,2002936.1,77,2028466.2,73,2095868.9
10,75,2,52312.4,2,57007.2,2,56211.3,2,61095.4
10,76,3,78468.6,1,28503.6,1,28105.6,2,61095.4
10,79,3,76926.6,4,122083.1,4,101705,3,69231.6
10,80,6,153853.2,4,122083.1,4,101705,4,92308.8
10,83,2,52443.4,2,55199.3,2,52260.9,2,56265.6
10,89,5,131108.5,5,137998.4,1,26130.5,,
10,109,1,21392.6,1,25628.6,,,,
10,115,2,51619.7,2,58340.5,2,56686.1,1,29607.9
11,9,25,448169.4,27,542939.4,24.5,520014.2,23,533237.1
11,10,86,1616563.9,85,1656418.7,93,1990268.2,79,1830881.1
11,11,26.5,435487.1,27.5,454140.9,46,723692.2,50,920999.8
11,12,15,287957.9,10,225030.9,7,177516.9,5,136045
11,15,14,268760.7,15,337546.4,16,405752.9,17,462553.2
11,16,6,115183.2,5,112515.5,5,126797.8,5,136045
11,50,14,312211.9,13,306905.5,15,380309.3,16,431430.6
11,51,159,3940365.4,168.5,4060713.5,165.5,4323557.8,164,4557519.9
11,52,57,1433027,66,1603345,71,2022379.9,60,1888580
11,53,30,739676.1,34,864515.6,33,964483.5,30,957598.4
11,54,74,1744745.5,73,1700199.5,82,2004911.1,74.5,2054290.9
11,55,66.5,1539972.2,67.5,1598058.9,64.5,1509840.7,68.5,1802491.9
11,56,8,150243.1,8,160721.1,6,144500.9,5,121949.5
11,57,2,43272.3,2,45465.2,2,46596.5,2,54483.2
11,58,2,43272.3,2,45465.2,1,23298.2,1,27241.6
11,62,5,96860.4,5,116005.3,5,114025,1,24987.5
11,68,4,90740.4,4,105330.5,4,105878.1,8,190285.3
11,69,57.5,1349715.3,51.5,1295071.8,51,1332255.2,66.5,1918545.6
11,70,315.5,6885683.4,308.5,7051349.9,286.5,6796218.8,287,7289713.7
11,71,553.5,10743735.6,492,9919872.1,523,10857060.7,507,11069890.8
11,72,266.5,5003913.3,263.5,4885895.4,243.5,4973680.7,250.5,5236697
11,73,135.5,3362559.1,133.5,3669716.8,124,3444312,126,3622908.5
11,74,128,3162981.1,123.5,3174223,116.5,3437846.6,125.5,3843722.5
11,75,24,627749,22,627078.7,21,590218.5,23,702596.6
11,77,3,76926.6,3,91562.3,6,152557.4,6,138463.2
11,87,,,,,2,52260.9,2,56265.6
11,88,2,52443.4,2,55199.3,,,,
11,89,,,,,4,104521.8,4,112531.2
11,96,12,267237.2,13,302203.3,13,346873.3,13,312500.5
12,18,4,76788.8,4,90012.4,6,152157.3,2,54418
12,19,4,76788.8,6,135018.5,6,152157.3,6,163254.1
12,20,6,115183.2,4,90012.4,8,202876.5,9,244881.1
12,49,,,6,141648.7,,,,
12,50,61,1531399.1,52,1245798.4,53,1384217.1,53,1397718.1
12,51,84,2594884.1,82,2593796.9,77,2602104.4,80,2724765.2
12,52,112.5,2825943.2,96,2614902.3,104.5,2832474.3,102.5,2843699.2
12,53,83.5,1991084.5,91,2165683.8,79,1909229.5,76,1829896.2
12,54,97,2539786.1,105,2551207.2,107,2491499.7,102.5,2639656.5
12,55,63,1246398.2,64,1386273.2,51,1231014.5,48,1222712
12,56,3,56341.2,4,80360.6,4,96333.9,4,97559.6
12,57,11,237997.7,11,250058.8,6,139789.5,6,163449.7
12,63,26,503674.1,30,696031.6,21,478905.1,22,549724.8
12,64,77,1844863.8,101,2343306.5,127,2896235.3,111,2773611.5
12,69,56.5,1379097.6,59,1477877.1,59,1382148.6,56.5,1410038.7
12,70,127,3271342,127,3220501.8,117.5,3183202.5,119.5,3457206.5
12,71,122,2728570.4,117,2669770.4,114,2863889.9,109,2547082.4
12,72,159.5,3560582.2,144,3378434.7,104,2685672.3,107,2765048.9
12,73,92,2472519.4,89.5,2519344,130,3754173.5,117,3588886.5
12,74,108.5,2884306.9,97.5,2588732.1,97.5,2667285.3,100,2783816.7
12,75,130,3443545.8,119,3208671.7,118,3438399.9,103,3124414.5
12,76,7,183093.5,11,313539.4,11,309162.1,12,366572.1
12,82,4,104886.8,4,110398.7,4,104521.8,4,112531.2
12,84,2,52443.4,2,55199.3,2,52260.9,2,56265.6
12,85,7,183551.9,6,165598,6,156782.7,3,84398.4
13,8,1,16433.5,1,20108.9,1,21225.1,1,23184.2
13,18,7.5,166527.1,7,172381,11,287233.6,9,229785.2
13,19,1,22203.6,1,24625.9,2,52224.3,2,51063.4
13,20,3,66610.8,3,73877.6,2,52224.3,2,51063.4
13,21,3,66610.8,6,147755.1,5,130560.7,6,153190.2
13,22,2,38922.1,1,19727.4,2,41604.6,1,21058
13,49,46,965409.6,42,921197.2,37,841245.1,27,750028.1
13,50,188.5,4253666.4,173.5,4130658.4,186,4649179,174,4624540.3
13,51,142,3547514.9,137.5,3477340.8,140,3702895.7,133,3602602.5
13,52,121,2793343.8,120,3070677.6,116.5,2910758.8,112,2975033.7
13,53,113,2608017,102.5,2391460.3,110.5,2872027.2,113,2838520.7
13,54,72,1835056.1,62,1696684.5,67,1876158.7,63.5,1885367.8
13,55,48,1143925.2,47,1156427.9,56,1488487.2,46,1179245.6
13,56,39,1064293.5,48,1306664.9,44,1279541.2,31.5,952897.1
13,57,21.5,465177.3,24.5,556949.2,17,396070.2,21,572074
13,62,79,1828481.1,73,1859440.7,74.5,1950793.3,71.5,2085596.4
13,63,118.5,3108881,124.5,3453158.2,112.5,3276452.6,98,2858379.7
13,64,81.5,2146276.1,93.5,2189942.9,74.5,1925598,75.5,2111342.3
13,65,25,606786.8,23,574058.2,24,751155.2,20,535745.2
13,68,15,290581.2,,,,,,
13,69,1,19372.1,2,45398.6,3,72728,2,52686.9
13,70,4,77488.3,4,90797.1,4,96970.7,4,105373.9
13,71,4,77488.3,15,340489.2,10,242426.7,10,263434.7
13,72,57,1345111.1,57,1235125.9,50,1048424.4,48,1077553.5
13,73,56,1282409.2,57,1411083.3,62.5,1675900.8,55.5,1575919.1
13,74,67,1575420.2,69,1531806.4,81.5,1938270.6,106,2805965.3
13,75,16,401989.3,16,399851.1,16,341502.1,62,1447368.1
13,76,10,251243.3,8,199925.6,8,170751.1,8,194063.6
13,77,7,179495.4,7,213645.3,7,177983.7,6,138463.2
13,78,7,179495.4,7,213645.3,5,127131.2,6,138463.2
13,85,3,83533.5,3,82799,3,80218.4,2,61341.2
13,86,1,27844.5,,,,,1,30670.6
13,89,,,2,56817.8,,,,
13,91,5,131108.5,5,142044.5,3,78391.4,1,28132.8
13,92,6,133618.6,7,162724.9,,,5.5,152254.6
13,94,,,3,69739.2,3,63112,,
13,119,5,129049.3,4,116680.9,3,85029.1,3,88823.7
13,120,2,51619.7,3,87510.7,2,56686.1,2,59215.8
14,19,5,111018,4,98503.4,4,104448.6,3,76595.1
14,20,8,177628.9,5,123129.3,8,208897.1,7,178721.8
14,21,4,88814.4,4,98503.4,4,104448.6,5,127658.5
14,22,2,38922.1,2,39454.8,2,41604.6,2,42115.9
14,23,1,19461,6,118364.3,2,41604.6,1,21058
14,50,98,2172345.7,101.5,2278191.4,102.5,2474312.3,110,2772011.2
14,51,147.5,3234816.5,143,3498961,130,3113194.2,132,3094186.9
14,52,141.5,3465733.4,146.5,3435122.5,140,3309189.7,145,3402391.8
14,53,170.5,3259520.4,154,3098855.9,149,3188869.4,154,3312206.5
14,54,133.5,2706487.7,142,3060454.6,144,3178065.4,121.5,2841452.8
14,55,70.5,1747294.5,69.5,1993936.6,86,2203986.7,78,2193778.1
14,56,84,2157235.2,90,2465593.5,78,2112999.7,65,1986607.4
14,57,11,237997.7,10,227326.2,11,256280.7,11,299657.8
14,59,7,151453.1,6,136395.7,3,69894.7,4,108966.5
14,60,3,64908.5,7,159128.3,9,209684.2,6,163449.7
14,61,6,129816.9,6,136395.7,8,186386,9,245174.6
14,62,121.5,2945446.9,113.5,2842474.3,116.5,2975996.7,106,2823612.2
14,63,79.5,2362893.4,86,2550964.9,88,2629054.6,97,2735557
14,64,50,1216587.5,63,1643335.8,82,2193258.1,84,2446588.2
14,65,108,2768797.4,105,2822019.6,103,2794650,106,2855440.4
14,66,4,105668.2,4,112702.2,4,125192.5,4,105187.9
14,71,,,104.5,2372074.9,139.5,3381852.5,140,3688085.2
14,72,7,175870.3,82,1701175,289,6507495.5,281,7268575.2
14,73,1,25124.3,26.5,662253.4,259,5645928.3,265.5,5958384.3
14,74,8,200994.6,7.5,187430.2,77,1867907,141,3464060
14,75,,,,,7,149407.2,49,1188639.3
14,78,2,51284.4,2,61041.5,3,76278.7,3,69231.6
14,79,3,76926.6,3,91562.3,3,76278.7,3,69231.6
14,86,2,55689,5,137998.4,5,133697.3,5,153353.1
14,87,,,1,28408.9,1,26130.5,1,28132.8
14,88,4,104886.8,4,113635.6,4,104521.8,4,112531.2
14,90,5,131108.5,5,142044.5,5,130652.3,5,140664
14,92,5,111348.8,5,116232,5,105186.7,5,138413.3
14,94,4,89079.1,,,,,,
14,96,11,244967.4,10,232464.1,12,252448.1,6,166096
14,97,13,289507,11,255710.5,5,133412.8,5,120192.5
14,116,2,51619.7,2,58340.5,2,56686.1,2,59215.8
14,117,11,283908.5,,,,,,
14,120,7,180669,6,175021.4,6,170058.3,2,59215.8
14,121,21,542007.1,21,612575,24,680233.2,31,917845.2
14,122,4,110442.3,9,245370.1,4,125319.2,4,127631.8
15,18,7,155425.3,3,73877.6,3,78336.4,4,102126.8
15,19,7,155425.3,5,123129.3,5,130560.7,1,25531.7
15,21,6,133221.7,6,147755.1,7,182785,6,153190.2
15,22,148.5,2754275.9,145.5,2866851,156,3282199.1,157.5,3373110.8
15,23,233.5,4645849.5,219,4371929.2,217.5,4567450.6,196.5,4295346.4
15,24,19,369759.9,14,276183.3,13,270429.9,15,315869.5
15,45,,,,,1,25354,2,53928.8
15,46,4,89203.4,5,118040.6,2,50707.9,7,188750.9
15,48,2,48160.3,,,1,25576.2,1,22354.4
15,49,9,216721.2,7,176640.2,4,102305,3,67063.2
15,50,25,602003.2,19,479452,29,741711,25,558860.1
15,51,199,3948521.7,183,4081847.1,184.5,4287333.2,260.5,6056928.9
15,52,122,3064859.8,132,3261336.7,128.5,3073476.5,131.5,3501114.4
15,53,406,7171120.1,401,7419116.4,408.5,7843754,378,8096044.5
15,54,63,1303345.9,65,1392983.5,65,1338123.3,94,2083546.8
15,55,127,2987122.6,126.5,2993252.7,125,3056584.1,125,3107143.1
15,56,59,1410555.8,59.5,1469722.2,62.5,1691882.2,64.5,1778987
15,57,3,64908.5,1.5,34098.9,1.5,34947.4,1,27241.6
15,58,2.5,54090.4,4,90930.5,3.5,81543.9,4,108966.5
15,60,13,281270,9,204593.6,9.5,221333.4,9,245174.6
15,61,34,735629.3,34,976056.4,39,1159660.4,43,1256650.4
15,62,4,105668.2,2,56351.1,8,250385.1,19,499642.3
15,63,71.5,1572041.7,78,1886674.5,71,1824485.9,63,1790091.8
15,64,171,4357590.4,150,3930191,151,4122669.2,154.5,4072851.6
15,65,199,4312971,197,4433673.8,184.5,4562781.3,173,4510692.9
15,71,,,79.5,1256402.8,154.5,2529081.8,145.5,2518967.9
15,72,,,121,2736819.4,364.5,6581227.6,341.5,6479363.8
15,73,2,50248.7,34,845468.2,145.5,3558980.4,136.5,3653957.6
15,74,3,75373,3,74972.1,3,64031.6,1,24257.9
15,80,1,25642.2,1,30520.8,1,25426.2,1,23077.2
15,83,2,55689,,,,,,
15,84,6,167066.9,7,193197.7,,,,
15,85,28,941742.4,32,1025656,31,1023704.8,31,973047.6
15,86,12,334133.9,11,303596.4,15,401092,22,674753.5
15,87,2,52443.4,2,56817.8,1,26130.5,,
15,88,9.5,249106.1,10.5,298293.4,9.5,248239.3,9.5,267261.6
15,90,2,52443.4,4,113635.6,3,78391.4,3.5,98464.8
15,92,4,89079.1,6,139478.4,6,126224.1,5,138413.3
15,95,62.5,1065219.3,48.5,795095.5,38,709050.4,33.5,691595.6
15,96,34,559626.6,36,685224.9,48,831538,46,889497.7
15,97,1,22269.8,1,23246.4,1,26682.6,5,120192.5
15,119,1,25809.9,,,4,113372.2,7,207255.4
15,120,44,1461301.5,43,1479415.3,47,1587888.8,47,1717629
15,121,6,154859.2,3,87510.7,12,340116.6,31,917845.2
15,122,,,,,52,1397070,60.5,1767307.8
15,123,6,165663.4,7,190843.4,3,93989.4,7,223355.7
15,124,5,138052.8,5,136316.7,5,156649,4,127631.8
16,17,10,222036.1,10,246258.5,9,235009.3,6,153190.2
16,19,6.5,144323.5,7,172381,4,104448.6,7,178721.8
16,20,13,288646.9,19,467891.2,15,391682.1,9.5,242551.1
16,21,3,66610.8,1,24625.9,2,52224.3,2,51063.4
16,22,,,4,78909.5,4,83209.2,4,84231.9
16,24,7,136227.3,6,118364.3,12,249627.6,10,210579.7
16,25,9,175149.4,7,138091.6,9,187220.7,11,231637.7
16,48,1,24080.1,1,25234.3,1,25576.2,1,22354.4
16,49,1,24080.1,,,,,,
16,50,2,48160.3,2,50468.6,1,25576.2,1,22354.4
16,51,73.5,1327525.8,74.5,1462707.3,83,1805397.6,65,1638936.7
16,52,110.5,2726991.5,135.5,3234473.9,129.5,2985673.3,127,3038513
16,53,49,1339024.6,46,1378882.9,39,1260453.8,44,1456540.6
16,54,30,724146.2,33,895278.6,30,833537.5,29,837485.2
16,55,72,1656644.5,70,1789533.7,81,2257565,77,2294014.1
16,56,99.5,2743666.9,98.5,2658931.1,95,2838220.6,95,3023680.2
16,57,7,151453.1,7,159128.3,5,116491.2,5,136208.1
16,61,2,43272.3,2,45465.2,15,349473.7,55,1484534.3
16,62,5,132085.2,1,28175.6,2,62596.3,118,3090421.7
16,63,63.5,1721958.2,64.5,1810443.6,65.5,1987191.7,74.5,2215388.9
16,64,82.5,2383028.4,86,2622848.8,75.5,2420615.9,77.5,2678761.2
16,65,108,2315940.6,103,2198752.6,111,2524881.2,104,2456185.5
16,77,2,51284.4,4,122083.1,5,127131.2,3,69231.6
16,83,8,222755.9,7.5,206997.6,8.5,227285.5,4,122682.5
16,84,24.5,682190,27.5,758991,30,836462.7,30,907433
16,85,68,1857546.1,62,1957719.3,56,2017872.7,61,2010599.2
16,86,78.5,2211229.5,76.5,2179140.7,69.5,2114259.9,71,2329437.9
16,87,75,1620973.9,74,1869892.7,69,1787108.8,72,1989814.5
16,88,91,2757504.9,85,2620793.1,88,2879937.1,77.5,2722407.1
16,90,19,498212.2,17,482951.3,19,496478.6,19,534523.1
16,91,22,576877.3,22,624995.8,22,574869.9,23,647054.3
16,92,5,111348.8,3,69739.2,4,84149.4,3,83048
16,94,2,44539.5,2,46492.8,3,63112,2,55365.3
16,95,30,493268.3,31,566768.6,26.5,500762.2,74,1367116.5
16,96,45,627115.4,44,632814,48,759148.6,53,774980.2
16,98,5,111348.8,5,116232,5,133412.8,6,144231
16,115,9,232288.8,9,262532.1,7,198401.3,8,236863.3
16,118,24,619436.7,23,670915.5,73.5,2220278.8,79.5,2503823.1
16,119,68.5,1993610,64.5,2043327.1,65,2185483.5,59,2117352.2
16,120,70.5,1931419.9,69,1893646.8,68,2028123.1,70,2195563.4
16,121,48.5,1520728.9,52,1539438.6,61,1934306.1,58.5,1990297.7
16,122,20,552211.3,21,572530.2,123,2820864.2,150.5,3592680.3
16,123,70.5,1474376,77,1724478.6,68.5,1478560.9,75.5,1768934.6
17,19,2,44407.2,2,49251.7,2,52224.3,2,51063.4
17,20,12,266443.3,8,197006.8,9.5,248065.3,12.5,319146.2
17,23,5,97305.2,4,78909.5,7,145616.1,8,168463.7
17,24,6,116766.3,,,2,41604.6,4,84231.9
17,25,4,77844.2,8,157819,8,166418.4,7,147405.8
17,28,4,77844.2,4,78909.5,4,83209.2,4,84231.9
17,29,3,58383.1,5,98636.9,5,104011.5,5,105289.8
17,48,1,24080.1,1,25234.3,1,25576.2,1,22354.4
17,49,2,48160.3,2,50468.6,3,76728.7,2,44708.8
17,50,2,48160.3,2,50468.6,,,,
17,51,1,24080.1,1,25234.3,1,25576.2,3,67063.2
17,52,57,1112225,95,1907243.8,112.5,2429107,103,2393897.6
17,53,50,991217.1,48,1089674.7,41,992786,38,981869.4
17,55,10,241382.1,9,244166.9,14.5,402876.5,15,433182
17,56,154,3725328.7,139,3453968.9,148.5,3971700.7,147,4010569.9
17,57,59,1386049,60,1402705.3,60,1554337.4,58.5,1568706
17,59,7,151453.1,7,159128.3,6,139789.5,4,108966.5
17,61,2,43272.3,2,45465.2,2,46596.5,2,54483.2
17,62,,,,,,,54.5,1379492
17,63,2,52834.1,2,56351.1,2,62596.3,15,394454.5
17,64,36.5,964221.9,38.5,1084758.8,42,1244541.4,44,1413284
17,80,2,51284.4,2,61041.5,2,50852.5,2,46154.4
17,82,16,445511.8,5,137998.4,21,561528.8,14,429388.6
17,83,47,1573429.2,56,1803229.1,56,1710265.6,66,2141573.2
17,84,83,2384350.9,95,3001198.7,101,3113700.5,93,3100223.2
17,85,105,2659099.6,103.5,2755826.1,113.5,3094004,110.5,3115007.3
17,86,149,3311744.6,141.5,3230650.4,144.5,3249038.4,125,3036170
17,87,87.5,2417039.4,100,2821800.7,97,2890416.6,96.5,2779701.7
17,88,224.5,4811691,232,5140802,219,5243044.9,194.5,4907841.2
17,89,72,1938104.7,74.5,2086765.4,76,1972167.3,69,1897650
17,90,57,1639363.5,56,1726133.4,48,1531478.7,48.5,1573314.1
17,91,2,52443.4,2,56817.8,2,52260.9,2,56265.6
17,94,2,44539.5,2,46492.8,2,42074.7,2,55365.3
17,95,11,244967.4,15,348696.1,17,357634.9,17,470605.2
17,96,5,111348.8,2,46492.8,5,105186.7,5,138413.3
17,107,,,2,51257.2,2,53365.1,1,24038.5
17,112,,,1,29170.2,1,28343,,
17,118,10,258098.6,28,816766.6,52,1194932.9,77,2218477.1
17,119,52,1519669.7,64,1942910.7,62,2145452.9,59.5,2071331
17,120,44,1275522.9,52,1450437.4,55,1571818,59.5,1813790.3
17,121,31.5,912391,30,989152.6,27.5,897263.6,37.5,1167868.7
17,123,6,165663.4,5,136316.7,5,156649,4,127631.8
17,124,18,496990.2,20,545266.8,18,563936.3,20,638159.1
17,125,,,,,,,1,31908
18,14,5,103158.1,6,131701.8,7,159753.8,11,261953.8
18,15,,,1,21950.3,1,22822,,
18,16,10,206316.2,11,241453.4,11,251041.8,11,261953.8
18,17,6,143171.5,7,171157.9,5,126632.9,7,182454
18,18,5,119309.6,13,317864.7,16.5,417888.4,14,364908
18,19,,,37.5,759217.5,83.5,1908950.2,106,2515807.3
18,20,,,4,97804.5,4,101306.3,6,156389.1
18,22,5,96244.2,5,85588.8,5,119022.5,5,131894.6
18,24,9,173239.5,10,171177.6,5,119022.5,4,105515.7
18,25,15,288732.5,20,342355.2,19,452285.6,23,606715.1
18,27,6,98159.2,8,161505.6,2,42485.3,2,40967.2
18,48,4,67087.6,2,40747,2,45820.5,2,47175.7
18,51,,,,,,,12,283054.3
18,52,7,175312.6,10,232012,7,167089.3,29,674960.9
18,53,214.5,4045180.7,237.5,4450957.6,218.5,4283661.7,218,4352654.4
18,54,14,350625.1,13,301615.6,11,262568.9,13,355556.7
18,55,79,2151500.1,79.5,2240299.4,78.5,2258340.7,76.5,2257687.5
18,56,111,2546727.5,106,2856002.8,105.5,2744669.6,94,2757512.3
18,57,97,2521488.1,92,2445633.6,96.5,2631748.1,96.5,2670604.8
18,58,2,43627.5,3,64215.4,6,163632,6,151712.1
18,59,5,109068.8,4,85620.5,4,109088,4,101141.4
18,65,4,98275.3,4,112554.5,4,104640.4,4,97770.4
18,67,2,49137.6,2,56277.3,2,52320.2,2,48885.2
18,80,,,2,49722.2,,,1,27932.2
18,82,15,362850.7,18.5,450184.3,16,381140.6,15,378504.8
18,83,103.5,2951017.2,96,2802364.5,101.5,3034703,90,2820809
18,84,89,2570702.3,82,2349888.3,89.5,2856007.6,76.5,2605426.1
18,85,85,2007619.2,85,2103431.5,84,2269873,70,2090452.7
18,86,128,3087617.2,127.5,3089943.3,139,3567979.1,145,3627355
18,87,114,3368615.5,102.5,3024139.2,106,3371392.3,104,3385286.7
18,88,182.5,3466187.7,199.5,3856795.3,197,4102280.5,192,4075960.3
18,89,126.5,3347895.3,119.5,3379793,140,4128272.2,137.5,4123672.5
18,90,22,591087.5,18,422837.1,18,509972,17,501012.8
18,91,4,107470.5,4,93963.8,4,113327.1,4,117885.4
18,92,2,38619.2,2,43611.7,2,65443.4,2,60961.6
18,97,5,83050.7,5,86357.9,5,106029.9,5,111869
18,98,2,33220.3,1,17271.6,1,21206,,
18,100,3,49830.4,2,34543.2,2,42412,3,67121.4
18,110,8.5,261154.3,10,303022.4,8,250411,7,237210.8
18,111,4,122896.2,5,151511.2,5,156506.9,5,169436.3
18,117,2,56689.6,2,56624.1,2,62366.6,2,64643
18,118,25.5,722792.8,24,679489.3,26.5,826357.2,23.5,759555
18,119,62,1781054.8,57,1655575.3,60,1549831.9,59,1660589.9
18,120,52,1553071.3,63,1959049.6,68,1966412.9,63,1952608.8
18,121,11,311793,9,254808.5,8,249466.3,10,323214.9
18,123,67,1454841.8,65,1314010.4,84.5,1841801.6,79.5,1926136.8
18,124,59.5,1746198.2,62.5,2119641,66,2201386,62,2042106.6
19,11,2,55675.4,2,55780.9,2,58520.2,2,59140.7
19,12,4,82526.5,4,87801.2,4,91287.9,4,95255.9
19,13,8,165053,8,175602.4,5,114109.9,7,166697.9
19,14,17,350737.6,17,373155.2,15,342329.7,8,190511.9
19,15,3.5,72210.7,4.5,98776.4,5.5,125520.9,4,95255.9
19,16,233.5,4758852.3,217,4424956.6,190.5,4190148.3,204.5,4462799.9
19,17,75,2280039.2,74,2235115.7,73,2234347.7,81.5,2725202.6
19,18,75.5,1778737,68.5,1563873.3,75,2034791.6,73,1943769.4
19,19,55,1158006,71,1547732.6,100,2225494.8,99,2430270.7
19,20,6,143171.5,6,146706.8,6,151959.4,6,156389.1
19,21,6,143171.5,7,171157.9,7,177286,7,182454
19,24,34,654460.2,38,849518.2,27,642721.7,31,785154.8
19,25,26,500469.6,34,784076.9,35,800146.9,37,968618.9
19,26,42,867583,46.5,979480.5,48,1150875.3,49,1080532.3
19,27,7,114519,4,80752.8,7,148698.5,8,163868.6
19,51,4,67087.6,4,81494,1,22910.3,1,23587.9
19,52,2,50089.3,3,69603.6,3,71609.7,3,82051.5
19,54,4,100178.6,4,92804.8,4,95479.6,4,109402.1
19,55,153,3729946.7,135,3418331.7,142.5,3759866.6,133.5,3933989.7
19,56,239.5,5520691.7,230,5618476,217,5601531.8,218,6017158
19,57,165,4106595.5,157,3827906.1,143,3941432,135.5,3911849
19,58,7,152696.3,7,149835.9,7,190904,6,151712.1
19,67,5,122844.1,2,56277.3,2,52320.2,2,48885.2
19,68,1,24568.8,1,28138.6,1,26160.1,1,24442.6
19,71,2,49137.6,2,56277.3,2,52320.2,2,48885.2
19,80,1,23300.3,1,24861.1,1,24873.5,1,27932.2
19,82,134,2813247.4,123,2423134.5,124.5,2695402.4,127.5,2963110.4
19,83,126,3474559.6,127,3415965.4,113.5,3115537.3,111,3175110.4
19,84,108.5,2876657,115.5,3084332.2,116,3090393,114.5,3143320
19,85,330,7358267.9,324.5,7593628.1,331.5,7858352.3,318,7968638.1
19,86,262,6071140.9,252,6071128.3,250,6282591.7,251.5,6666549.8
19,87,148,3731464.1,144.5,3615518,142,3800677.9,136.5,3727763.8
19,88,256,5684226.6,241.5,5329246.4,221.5,5320588.9,230,5498042.4
19,89,115.5,2733310.1,111,2719257.5,111,2826146.8,106.5,2878806.8
19,90,11,295543.8,10,234909.5,8,226654.2,12,353656.1
19,100,1,16610.1,1,17271.6,1,21206,1,22373.8
19,109,4,122896.2,3,90906.7,3,93904.1,3,101661.8
19,110,1,30724,,,,,,
19,117,25,708620.4,21,594553.1,25,779582.3,22,711072.7
19,118,50,1392022.9,49,1458136.3,48,1502664.2,45,1498824.2
19,119,65,1878885.3,76,2052667,77,2323669.7,70,2260638.3
19,120,16,453517.1,17,481304.9,26,810765.6,26.5,856519.4
19,122,8,199047,8,230960.5,9,247805.9,9,229171.4
19,123,18,447855.7,23,664011.5,24,660815.7,25,822896.3
19,124,25,622021.8,24,692881.6,24,660815.7,16,407415.8
20,7,2,55675.4,5,139452.3,1,29260.1,1,29570.4
20,10,4,111350.7,4,111561.8,3,87780.2,4,118281.4
20,11,1,27837.7,1,27890.5,1,29260.1,1,29570.4
20,12,6,123789.7,6,131701.8,6,136931.9,9,214325.9
20,13,4,82526.5,6,131701.8,7,159753.8,5,119069.9
20,14,232,4725342.9,221.5,4611254.3,234.5,5044792,218.5,4582689.6
20,15,178.5,3346508.7,171,3233558.9,165,3362260.1,171.5,3574839.2
20,16,94,2475694.8,97,2668117.1,90.5,2561134.7,94.5,2673649.1
20,17,170,4106141.1,158,3808691.2,158,4027867.2,162,4178361.4
20,18,127,3062276.9,123,3221876.4,125.5,3124687.5,110.5,3222397.4
20,19,149,3234177,171.5,3695669.1,184,4193114.7,199.5,4618588.2
20,20,10,238619.2,11,268962.4,11,278592.3,11,286713.4
20,24,10,192488.3,7,119824.3,7,166631.5,3,79136.8
20,25,8,153990.6,6,102706.6,2,47609,,
20,26,64,1285104.2,82,1677013.4,76.5,1924117.2,61,1702759.6
20,27,66,1467088.5,59,1363970.9,53,1336662.7,56.5,1594876.9
20,29,,,,,1,21242.6,1,20483.6
20,52,16,400714.4,12,278414.4,14,334178.6,10,273505.1
20,55,113,2769014.8,106,2760109.7,106,2961425.2,111.5,3118357.9
20,56,165.5,4092268.6,153.5,3884892.3,148.5,4015749.3,144.5,4334971.1
20,57,131,2849565.2,128,2964813.6,126,3223311.8,113,3282390.7
20,58,4,87255,,,3.5,95452,15.5,391923
20,72,,,1,24861.1,,,4,111728.8
20,79,5,116501.6,4,99444.3,4,99493.9,5,139661
20,82,34.5,834556.7,33.5,815198.5,34.5,821834.5,33,832710.6
20,83,55,1514487.4,52,1561356.3,54,1625681.9,55,1645696.4
20,84,53,1482268.2,62,1770547.7,162,4161301.4,282,7014640.1
20,85,68.5,1673119.5,64,1797817.7,80.5,2330977.8,71,1926245.6
20,86,215.5,5294511.3,194,4761339.1,205.5,5127172.1,201.5,5490550.9
20,87,110.5,2775855.3,92.5,2387719,93,2688265.3,95,2812042.2
20,88,145,3475890.5,134,3287676.9,131,3364555,131,3323191.1
20,89,68,1561727.4,57,1358478.8,51,1233963.6,52,1434311.7
20,98,4,66440.5,4,69086.3,4,84823.9,3,67121.4
20,100,7,116270.9,5,86357.9,7.5,159044.8,5,111869
20,101,4,66440.5,3,51814.7,3,63617.9,1,22373.8
20,109,5,153620.2,8,242417.9,8,250411,7,237210.8
20,117,7,198413.7,7,198184.4,5,155916.5,6,193928.9
20,118,58,1658518.5,54,1507279,63,1850034.3,68,2306482.3
20,119,56,1278994.9,56,1483024.9,49,1346389.7,42,1267944.1
20,120,56,1638180.6,49,1485016.4,80,2546476.1,77,2609461.1
20,121,34.5,958813.1,28.5,870102.3,29.5,907630.3,28.5,865011.2
20,122,16,398093.9,57.5,1556931.3,59.5,1616931.1,57.5,1726689.6
20,123,6,149285.2,7.5,216525.5,7.5,206504.9,8.5,216439.6
21,4,5,122684.5,5,115089,5,146300.4,5,147851.8
21,5,2,49073.8,2,46035.6,2,58520.2,1,29570.4
21,10,6,167026.1,6,167342.7,4,117040.3,2,59140.7
21,11,5,139188.4,5,139452.3,5,146300.4,5,147851.8
21,12,,,,,2,45644,5,119069.9
21,13,20,412632.4,22,482906.7,19,433617.6,21,500093.7
21,14,84.5,1708101.6,97,1927868,92,1935915.6,88.5,1997213.2
21,15,100.5,2195614.9,104,2293934.1,112,2453372.9,101,2358891
21,16,33,762696,35,810085.6,39.5,837875,44,977026.4
21,17,128,2986822.4,128,3267211.5,123,3274514.8,128.5,3551809.8
21,18,87.5,2054153.7,83,1963247.6,78,1847384,71,1727435.3
21,19,81.5,1831777.7,83.5,1829527.3,79,1704213.1,73.5,1734395.6
21,20,17.5,417583.5,12,293413.5,13,329245.4,11,286713.4
21,23,5,96244.2,5,85588.8,2,47609,,
21,25,2,38497.7,2,34235.5,2,47609,3,79136.8
21,26,117,2707935.7,114.5,2833396,111.5,2921090.8,106.5,2866037.7
21,27,101,2598487.2,101,2522718.2,105,2654098.1,105,2770649.8
21,28,13,212678.2,8,161505.6,14,297397.1,14,286770.1
21,29,,,,,6,127455.9,4,81934.3
21,52,8.5,212879.5,4,92804.8,5,119349.5,4,109402.1
21,56,112,2599815.9,115.5,2805122.5,114,2862732.3,116.5,3281178
21,57,169,3002641.9,358,6798427.9,387,7703381.6,378,7832307
21,73,,,3,74583.3,3,74620.4,3,83796.6
21,76,1,23300.3,,,,,1,27932.2
21,84,50,1403781.7,81,2078384,96,2519177.6,93,2402472.8
21,85,124.5,2738031.5,115.5,2641880.8,97.5,2315083.8,92.5,2332733
21,86,157.5,3320956.3,154,3466669.4,84,2131954.3,83,2105906.8
21,87,53,1290093.1,46,1100205.7,126.5,2607626.4,126.5,2847609.7
21,88,35,899846,33,756747.1,31,804592.2,29.5,830731.9
21,90,8,214940.9,8,187927.6,9,254986,9,265242.1
21,91,40,999242.1,35,1160616.1,38,1340893.3,41,1501391.9
21,92,70,1351671.7,86,2098183.2,69.5,2274158.5,66,2011734.3
21,93,10,193096,10,218058.5,7,229051.9,12.5,381010.3
21,96,1,19309.6,1,21805.9,1,32721.7,1,30480.8
21,97,6,99660.8,6,103629.5,2,42412,1,22373.8
21,100,2,33220.3,2,34543.2,2,42412,2,44747.6
21,101,5,83050.7,5,86357.9,5,106029.9,4,89495.2
21,107,19,583756.8,17,515138.1,19,594726.2,18,609970.7
21,108,25,768101,21,636347.1,22,688630.3,21,711632.4
21,109,12,368688.5,12,363626.9,12,375616.6,11,372759.8
21,110,1,30724,1,30302.2,3,93904.1,4,135549
21,118,40.5,1122174.3,56,1725666,70,2149164.4,79.5,2624793.9
21,119,1,28344.8,1,28312.1,2,62366.6,3,96964.5
21,120,36,1069876.9,36,1110064.3,34,936911.4,33,946288
21,121,42.5,1330928,48,1584130.3,41,1389239.2,42,1286662
21,122,8,199047,9,259830.6,9,247805.9,9,229171.4
22,12,3,61894.9,3,65850.9,3,68465.9,3,71442
22,14,4,82526.5,3,65850.9,3,68465.9,3,71442
22,16,2,41263.2,7,153652.1,1,22822,1,23814
22,18,5,119309.6,5,122255.6,8,202612.6,5,130324.3
22,25,44,991278.1,45,1160140.4,41,1037539.5,39,1002201.3
22,26,128,3097253.8,131,3173303.5,132,3277823.1,122,3187220.2
22,27,110.5,3161838.7,115,3350044,111,3416253.5,114,3167154.4
22,28,138,3076094.2,133.5,3175110.8,147.5,3424725.1,144,3487166.3
22,29,36,578948.7,36,643996.7,27.5,584172.8,30,614507.3
22,31,2,32719.7,1,20188.2,2,42485.3,2,40967.2
22,32,7.5,182794.1,9,243455.5,4,107321.7,5,148473.3
22,33,1,24372.6,1,27050.6,1,26830.4,4,118778.7
22,56,27.5,688727.9,27,626432.4,30,716097.1,31,847865.9
22,57,15,327206.4,12,256861.5,174.5,3806574.9,172,3809406.1
22,60,2,43627.5,1,21405.1,1,27272,5,126426.8
22,63,,,,,1,26160.1,1,24442.6
22,64,1,24568.8,1,28138.6,1,26160.1,1,24442.6
22,69,3,73706.4,3,84415.9,3,78480.3,1,24442.6
22,73,6,139801.9,6,149166.5,5,124367.4,5,139661
22,74,3,69900.9,3,74583.3,3,74620.4,3,83796.6
22,84,148.5,2931281.1,183.5,3908638.4,173.5,4030961.7,164,4091574.6
22,85,66.5,1528707.6,61,1450666.3,50,1280173.1,48,1293285.6
22,86,6,145140.3,6,146005.7,11,262034.2,6.5,164018.8
22,88,,,1,23491,1,28331.8,1,29471.3
22,89,8,214940.9,7,164436.7,9,254986,5,147356.7
22,90,181,3894713,170,3797508.8,152,3599786,148,3589475.1
22,91,154,3748621,142.5,3350735.4,144,3216420.6,141.5,3631220.5
22,92,,,35.5,774107.8,69.5,1528480.2,85.5,1960099.1
22,107,21,645204.8,27,818160.5,23,719931.7,16,542196.1
22,108,45,1279068.9,49.5,1587504.4,55.5,1762937.8,62.5,2005009
22,109,74,2194708.7,85,2557544.5,76.5,2120547,78.5,2828992.8
22,110,30,921721.2,25,757556.1,29,907740,24,813294.2
22,111,4,122896.2,4,121209,7,219109.7,6,203323.6
22,113,12,252276.8,11.5,249172,12,286797.6,12,307198
22,120,2,56689.6,2,56624.1,2,62366.6,2,64643
22,127,9,223927.8,9,259830.6,9,247805.9,7,178244.4
23,6,7,125340,6,112250.2,6,135341.1,1,23553.8
23,12,3,71585.7,3,73353.4,1,25326.6,3.5,91227
23,13,3,71585.7,1,24451.1,1,25326.6,1,26064.9
23,16,,,,,5,126632.9,2,52129.7
23,17,1,23861.9,3,73353.4,2.5,63316.4,2,52129.7
23,20,4,95447.7,6,146706.8,6,151959.4,8,208518.8
23,25,7,155003.5,8,182161.3,7,189085.5,5,158535.2
23,26,98.5,2464182.2,91,2212866.2,91,2538059.6,85.5,2362693.1
23,27,110,2545153.3,120,2801881,113,2697103.9,101,2654064.7
23,28,282.5,5665733.6,284,6010276,310,6737231.9,319.5,7538028.1
23,29,152,3103730.4,155,3321552.6,132,2714838.4,128,3250618.2
23,30,2,45163.6,,,5,129132.8,4,114834.9
23,31,2,45163.6,3,77720,3,77479.7,5,143543.7
23,49,1,16771.9,1,20373.5,1,22910.3,1.5,35381.8
23,55,10,213288.6,8,160390.2,19,360696.3,11,254439.4
23,56,,,,,,,3,69392.6
23,57,9.5,202624.2,17,340829.1,12,227808.2,15,327267.8
23,58,2,42657.7,,,3,56952,3,65453.6
23,83,1,18437,2,29125.2,2,32805.6,2,39533.1
23,84,5,92185,2,29125.2,2,32805.6,1,19766.6
23,89,29,607532.8,25,555854.9,140.5,2699948,136.5,2903585
23,90,5,104747,7,155639.4,10,230190.1,10,245490.8
23,91,60,1300559.1,99,2294570.5,247,4946491.3,281,5741405.2
23,92,124.5,1889230.2,127,2206411.9,125,2142773.5,131.5,2503397
23,107,,,,,12,348968.5,,
23,108,41,1112039,67.5,1725437,73.5,1809141.1,80,2177130.4
23,109,21,522534.4,18,499634,17,494372.1,21,644742.5
23,110,86,2663442.8,85,2689147,83,2787145.7,79,2797667
23,111,26,646947.4,28,777208.4,33,959663.5,37,1226524.6
24,4,3,53717.1,3,56125.1,,,3,70661.5
24,5,3,53717.1,2,37416.7,1,22556.8,1,23553.8
24,6,8,143245.7,8,149667,8,180454.8,10,235538.5
24,8,9,220832,11,253195.8,10,292600.8,12,354844.3
24,21,1,23861.9,1,24451.1,1,25326.6,1,26064.9
24,22,3,66430.1,3,68310.5,3,81036.7,2,63414.1
24,25,6,132860.1,6,136621,6,162073.3,5,158535.2
24,26,24,531440.5,19,432633,19,513232.2,25,792676.1
24,27,122,2871466.8,119.5,3010275.6,113.5,2838098.1,118.5,3048485.8
24,28,335,6814921.4,337.5,7338005.2,315.5,7142440.6,299,7112026.7
24,29,150,3372631.1,142.5,3475654.7,150.5,3590241,145,3838691
24,30,71,1675448.2,59,1483190.9,62,1632872.5,56,1540128
24,31,11,248399.7,13,336786.6,16,413225,15,430631
24,32,9,219353,8,216404.9,6.5,174397.7,5.5,163320.7
24,47,,,,,,,1,23587.9
24,48,,,,,,,1,23587.9
24,51,6,100631.3,5,101867.5,6,137461.6,7,165115
24,56,8,170630.9,8,160390.2,8,151872.1,6,138785.1
24,57,1,21328.9,1,20048.8,2,37968,1,21817.9
24,58,2,42657.7,1,20048.8,1,18984,1,21817.9
24,59,4,85315.4,4,80195.1,4,75936.1,3,65453.6
24,68,3.5,85990.8,2,56277.3,2,52320.2,2,48885.2
24,69,2,49137.6,2,56277.3,2,52320.2,2,48885.2
24,70,3,73706.4,2,56277.3,2,52320.2,2,48885.2
24,71,5,122844.1,6,168831.8,4,104640.4,3,73327.8
24,75,1,23300.3,1,24861.1,,,,
24,88,32,705394.4,33,828072,33,843406.9,35,1036005.6
24,89,4,83797.6,5,111171,246.5,4767918.8,353.5,7062165.9
24,91,66,1553880.5,66.5,1434412,72,1713482.9,67,1785640.4
24,107,12,298591.1,12,333089.3,,,,
24,108,22,547417,26,572160.7,19.5,407778.3,26.5,660570.3
24,109,15,373238.9,11,305331.9,13,378049.3,14,429828.4
24,110,19,472769.3,16,444119.1,17,494372.1,22,675444.6
24,111,12,298591.1,12,333089.3,12,348968.5,14,429828.4
25,7,8,196295.1,4,92071.2,3,87780.2,,
25,26,3,66430.1,2,45540.3,3,81036.7,3,95121.1
25,27,36,798399.7,36.5,1031117.2,36.5,886286.7,33,784056.3
25,28,156,3352558.2,147.5,3386557.3,145.5,3523955.9,135,3385154
25,29,120.5,2948108.7,116,2928903.1,117,2901054,109,2831993.7
25,30,194,4725276.3,186.5,4501367.6,182.5,4801596.3,169.5,4808408.8
25,31,63,1590417.1,58.5,1630144.7,56,1656688.1,54,1838328
25,32,12,292470.6,13,351657.9,10,268304.2,10,296946.7
25,45,4,67087.6,1,20373.5,4,91641.1,4,94351.4
25,46,1,16771.9,1,20373.5,1,22910.3,1,23587.9
25,50,3,50315.7,4,81494,4,91641.1,3,70763.6
25,51,1,16771.9,1,20373.5,5,114551.4,1,23587.9
25,52,,,,,1,18984,1,23130.9
25,58,1,21328.9,1,20048.8,1,18984,1,21817.9
25,67,2,49137.6,2,56277.3,2,52320.2,2,48885.2
25,69,13.5,331679,36,822440.7,32.5,805703.3,40.5,1185772.1
25,70,10,245688.1,20,562772.7,18.5,483961.7,22.5,549958.3
25,71,44,1253902.1,43,1220432.8,43.5,1214864.8,43,1180152.4
25,72,157,3690498,169,4324462.4,177,4687087.4,172,4552867.2
25,73,54,1005575.5,52,1013203.1,57,1244716.5,20.5,572610.2
25,84,6,110622.1,3,43687.8,10,164027.9,14,276732
25,85,5,92185,3,43687.8,3,49208.4,3,59299.7
25,87,9,188544.7,13,289044.5,12,276228.1,12,294588.9
25,88,81.5,2271481,65,1827152.1,56,1837636.1,53,1917892.9
25,90,44,724604,49,1092002,34,815601.8,32.5,926294.9
25,91,167,3408692.8,173,3787343.1,160,3708865.1,153.5,3781164.3
25,92,10,280461.7,2,56939.5,12,354651.4,15,477417.3
25,107,145.5,3390688.4,147,3338558.2,140,3448630,117,2814966.5
25,108,22,466898.5,22,427263.1,19,436368.8,15,460530.4
25,109,6,149295.6,10,277574.4,13,378049.3,10,307020.3
25,110,56,1535637.7,47,1379192.5,55,1623720.5,50,1574473
25,111,65,1619197.1,63,1731275.6,65.5,1789672.3,71,2155381.9
25,112,1,21023.1,1,21667.1,1,23899.8,,
25,122,3,74642.6,3,86610.2,3,82602,3,76390.5
25,123,4,99523.5,4,115480.3,4,110135.9,4,101853.9
25,126,1,24880.9,1,28870.1,1,27534,1,25463.5
26,3,1,17905.7,2,37416.7,2,45113.7,1,23553.8
26,5,,,,,1,22556.8,2,47107.7
26,28,62,1274966.5,57,1124863.7,62,1321324.4,55,1212382.3
26,29,155.5,2930929.4,164,3235716.6,157.5,3293360.3,135.5,3063514.4
26,30,108,2614150.4,117,2965400.9,110,2964683.3,107,2907642.5
26,31,90,1926888.4,88,1976890.6,84.5,2040425.7,76.5,1971098.7
26,32,7,170607.9,9,243455.5,7,187812.9,4,118778.7
26,33,12,292470.6,14,378708.5,15,402456.3,15,445420
26,50,5,83859.4,3,61120.5,4,91641.1,10.5,247672.5
26,54,3,63986.6,2,40097.5,2,37968,2,46261.7
26,57,1,21328.9,1,20048.8,4,75936.1,5,109089.3
26,58,7,149302,8,160390.2,10,189840.2,5,109089.3
26,68,3,73706.4,2,56277.3,2,52320.2,2,48885.2
26,69,232.5,4341532.5,239.5,4885721.5,261.5,5540349,248,5679074.2
26,70,47,980099.9,118.5,2644802.3,142,3333009.2,124,3457524.8
26,71,24,551106.2,26,626690.7,26,758153.1,30,881168.5
26,72,107,2627465.9,124.5,3215554.6,105,2778310.6,172,4344791
26,73,89.5,2223526.8,91,2419954,93.5,2531390,90.5,2553401.2
26,74,70,1551409.7,68,1361152.8,61,1330584.5,57,1249252.8
26,75,21.5,500956.8,14,348055.2,16,397975.7,14,391050.9
26,85,2,36874,2,29125.2,2,32805.6,2,39533.1
26,86,77.5,2043590.7,80,2290552,71,2123357.4,65,2002923.6
26,87,71.5,1865828.2,66.5,1907396.9,67,1924343.8,61,1628884.1
26,88,38,922992.9,44.5,1217077.8,46.5,1255862,46,1279432.3
26,89,2,41898.8,2,44468.4,2,46038,304,5846378.1
26,90,29,607532.8,27,600323.3,25,575475.2,22,540079.7
26,91,124,3286035.6,107,2927977.8,100,2680273.7,104,3117206.7
26,92,60.5,1762344.6,59.5,1870628,58,1670498.4,45,1589660.1
26,95,55,1542539.3,52.5,1494662.3,53,1566376.9,43,1368596.2
26,96,75,1958962.6,65,1816977,67,1931553.7,71.5,2115723.7
26,105,36,783200.3,38,888035,29,631820.4,31.5,841629.9
26,106,48,1233025.9,47,1274679.5,46,1271608.4,149.5,3167109.9
26,107,123,2171223.6,126.5,2306286,130.5,2520041.9,37,1103528.7
26,111,,,3,83272.3,3,87242.1,4,122808.1
26,112,29.5,908546.3,27,767517.7,29,725614.6,38,940922.9
26,113,20,420461.3,17,368341.3,16,382396.9,16,409597.3
26,114,4,84092.3,2,43334.3,,,,
26,124,3,74642.6,3,86610.2,3,82602,3,76390.5
27,3,9,161151.4,11,205792.1,12,270682.2,9.5,223761.5
27,4,8,143245.7,7,130958.6,7,157897.9,6,141323.1
27,26,1,22143.4,1,22770.2,1,27012.2,3,95121.1
27,29,23,519381.3,20,518133.2,23,594011,19,545465.9
27,31,2,45163.6,2,51813.3,2,51653.1,2.5,71771.8
27,32,5,121862.8,5,135253,4,107321.7,4,118778.7
27,33,12,292470.6,11,297556.7,17,456117.1,17,504809.3
27,34,38,684602.5,38,694103.6,38.5,772399.3,38,826556.4
27,35,,,,,4,107321.7,,
27,52,,,,,,,1,23130.9
27,56,2,42657.7,1,20048.8,2,37968,2,46261.7
27,57,5,106644.3,7,140341.4,6,113904.1,4,87271.4
27,58,,,,,3,56952,3,65453.6
27,60,2,42657.7,2,40097.5,2,37968,2,43635.7
27,62,1,24568.8,1,28138.6,1,26160.1,1,24442.6
27,70,130,2354071.6,125.5,2193842.1,109.5,1974069.7,115.5,2129365.7
27,71,98.5,2306518.6,98.5,2307210.5,126,3091455,120.5,3209208.8
27,72,136.5,3038581.8,135.5,3100336.7,129,2951659.8,119,2813744
27,73,121,3300509.8,125,3423483.4,114.5,3389555.8,108,3492549.6
27,74,48,1184419.1,41,1084137.6,45,1192422.7,39,1071972.3
27,75,16,372805,14,348055.2,17,422849.2,11,307254.2
27,84,8,147496.1,22,320377,23,377264.2,14,276732
27,85,104,1793823.2,127,2266760.4,128,2258316.9,117.5,2121561
27,86,94,1787739.7,90,1739311.2,84,1774033.5,85,1815444.4
27,87,22,426473.6,20,444683.9,17,458372.1,17,417334.3
27,88,160.5,3829327.1,172.5,3734224.5,164,3711105.1,176,4330842.7
27,89,118,2028764.2,113.5,2228992.5,123.5,2215524.4,314,6250532.9
27,90,54,1501397.5,50,1366008.2,48,1359931.1,51,1530910.8
27,91,65.5,1757812.9,58.5,1510242.1,60.5,1597994.6,73,2031068.1
27,92,76,2226032.4,86,2424001.9,83.5,2578981.2,81,2571258.4
27,93,190.5,4162425.7,189.5,4178037.3,169,3752466.8,177,4339672.3
27,94,108,2711905.6,106,2805217.2,103,2682364.1,93.5,2463889.6
27,95,97,2626963,91.5,2535264.7,92.5,2639370.4,94.5,2719033.9
27,96,84,2310712.5,80,2308653,78,2424760.8,79,2556188
27,104,24,616513,20,467386.8,24,663447.8,25,667960.3
27,105,129.5,2865268.8,126,2708465.9,144,3571552.1,125,3408385.1
27,106,217.5,4838605.5,224.5,4945624.4,208,4503099.6,219.5,5194204.7
27,107,32,822088,34,899934.9,39,1019579.5,38,1006588.4
27,115,2,42046.1,2,43334.3,2,47799.6,2,51199.7
27,120,3,63069.2,2,43334.3,8,191198.4,7,179198.8
27,121,10,210230.6,10,216671.3,7,167298.6,10,255998.3
28,32,3,56497.5,4,75924.5,4,74229.4,4,80910.5
28,33,1,18832.5,1,18981.1,,,1,20227.6
28,34,7,131827.6,7,132867.9,3,55672.1,6,121365.7
28,61,2,60859.2,1,29225.7,1,26337.8,1,33723.8
28,64,3,69584.8,4,92838.1,3,82917.1,3,72352.5
28,70,192,4216449.9,202.5,4553511.3,193.5,4459244.4,187.5,4722904.7
28,71,175,4577630.6,185.5,4597696,184.5,4834447.7,182.5,5016262.7
28,72,133.5,2934556.1,120.5,3050154.1,133,3376880.2,116,3251766.9
28,73,264,5307829.6,245.5,4970534.2,232,4918572.3,239,5392802.1
28,74,14,321471.3,15,389767.2,15,380644.4,15,396930.4
28,83,1,20639.5,1,24453.6,1,27386.4,1,28892.7
28,84,38,980044,46,1098393.6,39,1130936.3,33,1029233.7
28,85,3,61918.6,3,73360.7,3,82159.1,3,86678.1
28,86,82,1537864,94,1656916.8,77.5,1459625.8,83,1718072.3
28,87,392.5,8117343.5,373.5,7838910.4,388.5,8285526.7,350.5,7842182.7
28,88,173,4404526.2,177,4667942.3,183.5,4822763.9,185,5166830.3
28,89,172.5,4211658.7,170.5,4340541.7,164,4438356.3,159,4381768.4
28,90,128.5,3743916.6,112,3537209.3,110,3717613.2,86,2914855.6
28,91,43,1071628.2,39,1026399.5,47,1349314.7,46,1393056.9
28,92,1,30420,1,30402.1,1,31104.1,1,29500.8
28,93,28.5,866971,27.5,836058.1,24.5,762049.5,25,737519.8
28,94,62,1960546.8,50,1748724.7,46.5,1567522.2,43.5,1553220.6
28,95,39,1416773.1,40,1495821.4,46,1794672.4,39,1486479.1
28,96,20,608400.7,20,608042.2,22.5,699841.4,16,472012.7
28,97,138,3607151.5,126,3519924.5,131.5,4114956.7,130.5,4330633.7
28,98,67,1852318.2,55.5,1451814.8,60,1790165.1,57,1846975.8
28,102,4,125998.7,3,91411.6,3,96273.6,3,98127.9
28,103,10,314996.6,10,304705.4,9,288820.7,9,294383.7
28,104,56,1490695.4,56,1412617,52,1419318.9,54,1504094.1
28,105,164.5,3829749.2,166,4176562.4,164.5,4223308.4,152,3938031.1
28,106,116,2902774,115.5,3006658.5,138.5,3435262,123,3306864.8
28,107,78,2310603.7,73,2285696.5,74,2395586.6,76,2681799.6
28,116,5,181251.9,4,152536.8,3,118440.4,2,81360.7
28,120,2,70769.9,2,73902.5,2,73564.2,2,73968.3
28,121,1,35385,1,36951.3,1,36782.1,1,36984.1
28,124,2,63428,2,55931.8,2,65016.6,2,64669.9
28,126,6,190284,5,139829.5,6,195049.7,5,161674.7
29,31,2,44783.9,2,38892.5,2,39327.4,1,21350
29,36,3.5,65913.8,2.5,47452.8,3.5,64950.8,4,80910.5
29,53,,,,,,,1,33723.8
29,61,12,365155.3,7,204579.6,8,210702.3,4,134895.2
29,62,8,185559.5,4,92838.1,5,138195.2,4,96469.9
29,65,2,46389.9,2,46419,2,55278.1,3,72352.5
29,69,17,428829.8,17,522121.6,12,400779.4,12,357515.5
29,70,131.5,3101031.4,126.5,3127638,117,2882072.1,119,2930682
29,71,151.5,3423090,139,3209656.8,139,3413713.3,131.5,3437748.9
29,72,200,4881871.8,190,4870994.8,178,4780707.6,174.5,5195464.1
29,73,42,1029787.9,38,962672.8,42,1052024.2,35.5,905746.9
29,78,6,139680.5,6,117462.4,6,128016.1,4,88856.8
29,79,8,186240.6,8,156616.5,6,128016.1,2,44428.4
29,80,4,93120.3,4,78308.3,1,21336,3,66642.6
29,84,43,1250755.9,44,1216191.2,51,1548864.9,48,1567778.6
29,85,53,1434820.4,54.5,1503522,56,1526525.9,62,1656608.6
29,86,165,3531825.5,169.5,3963688.1,171,3981663.5,155,3755000.8
29,87,113,2937434.4,107,2720250.1,94,2348280.6,96,2544487.7
29,88,214,5125553.6,214,5222710.8,216,5180964.3,210.5,5618860.4
29,89,151,3550647.1,146,3353048.6,139.5,3524874.2,140.5,3634780.5
29,90,54,1295698,62,1597539.5,105.5,2439201.6,155,3395949.2
29,91,32,874388.1,37,1079962.8,44,1201081.4,50,1630024.9
29,93,61.5,1903866,58,1892231.4,55,1873109.1,51,1817866.2
29,94,59,1582948.9,52.5,1636475.3,53.5,1733928.6,48,1602623.3
29,95,94,2225001.3,82.5,2173955.9,76.5,2167089.1,82.5,2643165.4
29,97,49.5,1717500.8,51,1933506.6,55,2066322.8,56,1972364.6
29,98,128,3544460,124.5,3694854,114,3426334.9,114,3829835.4
29,99,20,398811.9,20,469216,19,476264.3,17,481012.8
29,103,61,1978099.8,54,1784087.7,86,2587081.9,88,2902504.3
29,104,123,2055628.7,143,2673402.6,148,2824571,141.5,2636588.5
29,105,52,1342854,48,1359282.7,48,1283994.6,55.5,1428759.6
29,106,117,3023463.4,108,2634241.5,118,3222138.2,104,2894704.2
29,107,28,919864.7,33,1079627,33,1136559,38,1556904.1
29,108,7,229966.2,7,229011.8,8,275529.5,6,174512.9
29,116,15,543755.8,15,572013,18,710642.6,14,569524.8
29,117,,,,,2.5,91955.2,2,73968.3
29,119,2,70769.9,,,1,36782.1,2,73968.3
29,122,1,31714,1,27965.9,1,32508.3,1,32334.9
29,123,19,602566,10,279659.1,11,357591.1,12,388019.3
29,127,,,2,68131.9,2,69213.3,2,69674
30,29,3,67175.9,3,58338.7,3,58991.1,3,64050
30,30,4,89567.9,4,77784.9,4,78654.8,6,128100
30,31,2,44783.9,2,38892.5,2,39327.4,2,42700
30,33,5,94162.6,3,56943.4,2,37114.7,2,40455.2
30,60,69,2038098.3,60.5,1811803.5,66,2102220.7,71.5,2322566.6
30,61,5,152148,5,146128.3,5,131689,5,168619
30,62,15,347924.1,14,324933.3,24,663336.9,23,554702.1
30,63,4,92779.8,3,69628.6,2,55278.1,1,24117.5
30,64,6,139169.6,7.5,174071.4,6,165834.2,6,144704.9
30,67,3,75675.9,3,92139.1,2,66796.6,2,59585.9
30,68,6,151351.7,6,184278.2,8,267186.3,10,297929.6
30,69,56.5,1162711.6,59.5,1228712,50.5,1325440.8,48,1350244.7
30,70,86,2182964.3,82,2228928.3,85.5,2406960.7,85.5,2548519.9
30,71,96,2437335.1,105.5,2698766.9,102,2620384,90.5,2683683.8
30,72,48.5,1013696.1,37.5,801004.1,43.5,1032707.3,45.5,1120059.5
30,74,6,137773.4,5,129922.4,6,152257.8,5,132310.1
30,83,9,185755.7,8,195628.5,6,164318.2,8,231141.5
30,84,59,1517118.3,53,1377768.2,56,1346956.7,62,1712897.6
30,85,116.5,3275781.9,117,3215858.7,111.5,3044249.9,101,2857418.5
30,86,4,82558.1,2,48907.1,2,54772.7,2,57785.4
30,87,164.5,3921115.8,144.5,3625926.6,153,3803867.6,155,3852483.8
30,88,201,4314194.4,193,4232879.5,198,4635071,192,4629956.6
30,89,225.5,5346911.9,254,5709491.4,397.5,7974937.3,386,8399895.2
30,90,21,523353.3,37.5,1058687.3,72,1667320,98,2595142.9
30,91,,,,,8,229670.6,13,393690
30,97,41,1187157.5,41,1173286,38,1231110.2,38,1269949.3
30,98,158,2665828.3,161,2865119.2,153.5,2879891.3,158,2815265.8
30,102,3,94499,3,91411.6,2,64182.4,2,65418.6
30,103,97,3116908,93,3074027.2,94,3020886.6,86,3079458.6
30,104,55,1456278.4,55,1537813,68.5,1953614.6,77.5,2399108.1
30,105,93,2448226.6,91.5,2404607,96,2755405.2,84,2540352.4
30,106,200,4284570.6,211.5,4623340,114,3117557.3,210,5110764.7
30,107,59,1780445.8,54.5,1652306.8,54.5,1753646.4,77,2528923.1
30,108,64,1990958.6,61,1959984,63,2020092.1,61,1891700.8
30,109,30,945869.2,32,1034096,28,882484.4,29,843478.8
30,123,6,190284,8.5,237710.2,7,227558,7,226344.6
30,124,193,5465715.1,205,6071222.1,200,5790241.4,202,6248318.1
30,125,112,2208983.8,129.5,2898941.2,129,3048822.5,141.5,3501055.9
30,126,,,31,866943.2,54,1772174.6,64.5,2069029.8
30,127,42,1356819.8,38,1350851,37,1406112.9,43,1672072.1
31,29,4,89567.9,6,116677.4,6,117982.2,8,170800
31,30,4,89567.9,4,77784.9,4,78654.8,4,85400
31,31,16,358271.5,17,330586,20,393274.1,20,427000
31,33,3,56497.5,6,113886.8,9,167016.2,5,101138.1
31,49,,,,,1,23052.6,4,92739.1
31,50,,,,,1,23052.6,1,23184.8
31,59,1,30429.6,1,29225.7,1,26337.8,1,33723.8
31,60,35,1065036.2,34,993672.2,35,1345228,76,2184642.1
31,61,87.5,2463544.4,86,2334415.6,88,2572353.4,82.5,2617152.9
31,62,33.5,777030.5,28,649866.6,32,884449.2,39,1077095.5
31,63,25,579873.5,36,835542.8,28,773893.1,27.5,663230.8
31,69,19,479280.4,22.5,691043.3,19.5,651266.5,18,536273.3
31,70,42,1249619.8,42.5,1361817.8,46,1614587.3,50,1687449.9
31,71,66,1763480,67.5,2015174,62,1739890.2,60.5,2002653.6
31,72,3,68886.7,2,51969,2,50752.6,2,52924.1
31,73,12,275546.8,9,233860.3,10,253763,8,211696.2
31,83,82.5,1970198.3,82.5,2204151.5,81,2032046.8,86.5,2490284.3
31,84,71,2151823.7,74,2221277.9,70,2057403.8,61,1899613.5
31,85,129,3454599.3,133,3542515.3,132.5,3677826.6,139.5,3773140
31,86,57,1165157.4,63,1475162.4,51,1271547.2,48,1114400.2
31,87,142.5,3601177.5,146,3667400.9,154,4019333.9,134,3635213.9
31,88,225.5,3521093.4,333.5,5319045.7,306,5330033.9,296,5284032.2
31,89,752.5,13124483,741.5,13114504.3,619.5,12426621.2,598.5,12293182.4
31,94,74,1294328.3,85.5,1510948.2,95,2035999.9,88.5,1645518.2
31,96,5,152100.2,5,152010.6,5,155520.3,5,147504
31,97,250,5144243.2,238,4975966.7,230,5128523.9,207,4930806.3
31,102,18,566993.9,16,487528.7,16,513459,17,556058.2
31,103,91,2557936.9,103,2832694.8,94.5,3000936.2,83.5,2634326.8
31,104,78,2146291.1,79,2215346.3,81,2366643.2,92,2734109
31,105,105,2257170.5,115.5,2502887.3,109.5,2431111.9,97,2559331.9
31,106,88,2521689.9,86.5,2619910.6,171.5,4109869.3,90,2607276.6
31,107,75,1963453.5,80,2259322.5,85,2542531.1,88,2873171.5
31,108,89,2229463.9,115,3371572.6,107,3326948.7,97,3187040.4
31,109,50,1257143.8,49.5,1284079.4,53.5,1262713.1,59,1523653.7
31,112,15,543755.8,8,305073.6,12,473761.7,15,610205.1
31,113,3,108751.2,7,266939.4,7,276361,7,284762.4
31,114,5,181251.9,3,114402.6,3,118440.4,3,122041
31,123,34,888719.7,36,890465.2,44,1205233.5,36,1258874.6
31,124,92,2859983.7,101,3371733.8,109,3814741.1,130.5,4531219.8
31,125,113.5,3312855.2,118.5,3417091.3,112.5,3644789.6,112.5,3604431.3
31,126,86,2607498.2,78.5,2535699.5,88.5,2814538.8,85.5,2905963.6
31,127,97,2754613.5,91.5,2801060.4,84.5,2644634.3,92.5,2979580.7
32,28,1,22392,1,19446.2,1,19663.7,1,21350
32,31,1,22392,,,2,39327.4,2,42700
32,33,2,37665,2,37962.3,2,37114.7,2,40455.2
32,48,1,23464.9,1,22846.7,1,23052.6,1,23184.8
32,53,4,78669.1,4,93069.5,,,,
32,60,,,,,8,210702.3,10,337237.9
32,61,4,121718.4,4,116902.6,9,237040.1,48,1188945.9
32,62,14,324729.2,12,278514.3,11,304029.4,16,385879.7
32,63,23,533483.6,23,533819,17,469863.7,15,361762.3
32,64,65,1591688.1,54,1428962.6,59,1562428.6,73.5,2240917.6
32,65,28,517614.6,27,578823.8,27.5,467032.6,25,475258.1
32,66,15,347924.1,15,348142.8,19,525141.7,15,361762.3
32,77,8,186240.6,10,195770.6,10,213360.2,9,199927.7
32,82,32,844490.6,31,758060.6,34,971102.1,25,722317.3
32,83,114,3316090.3,117,3557559.7,112,3462699,110,3464362.3
32,84,89.5,2726298.6,99.5,3006187,106.5,3282077.6,103.5,3186113.5
32,85,96,2610311.4,103,2927036,106,3223009.2,105,3248387.9
32,86,35.5,908346.7,38.5,1138249.6,31.5,862670.6,31.5,893791.8
32,87,43,944104.4,39,992254.2,50,1195955,51,1159113
32,88,503,8504031.2,555,9256021.6,786.5,13963459.6,822.5,15596656.6
32,89,249.5,5233237,237,5035901.5,266.5,5733572.1,255,5819239.2
32,90,4,99686.3,4,112926.6,1,28708.8,2,60567.7
32,91,15,373823.8,8,225853.3,,,,
32,92,123,2087760,123,2119847.4,58,956213.4,67,1285222.3
32,94,31,592320.1,99.5,1781576.4,111,2055233.5,92.5,1834321.8
32,96,207,4654981.4,149.5,3613431.6,159.5,3803707.9,201,5334909.3
32,97,175,3838550.6,179,3864378.8,177,4189907.5,172,4147911.6
32,98,57,1195952.6,55,1231645.6,47,1167521.5,55,1364389.3
32,99,57,1126361.9,55.5,1130641.9,59.5,1363715.2,49,1434099.3
32,100,65,1473168.4,69,1485906.5,64,1526235,57,1374554.8
32,101,25,498514.9,21,492676.8,23,576530.5,26,735666.7
32,102,2,62999.3,2,60941.1,,,,
32,103,43,1250525.7,37,1120360.6,37,1279406.7,86,2257690.9
32,104,82,2310233,87.5,2278425.8,72,2070831.6,70,1944025.1
32,105,178,4402482.1,152.5,4224777,154,4368133.3,145,4329093.9
32,106,181,4870636,176,4393326,186,4936575.3,160,4865379.7
32,107,121,3382697.2,122,3449014.2,129,3528480.4,128.5,4166385.5
32,108,55,1659389.8,57.5,1701379,55.5,1772342,56.5,1796753.9
32,110,,,,,3,103323.5,3,87256.4
32,111,9,295670.8,8,261727.8,7.5,258308.9,5,145427.4
32,113,7,253752.7,5,190671,5,197400.7,9,366123.1
32,114,12,435004.6,15,572013,15,592202.2,18,732246.1
32,115,2,72500.8,1,38134.2,1,39480.1,5,203401.7
32,123,9,285426,14,391522.7,12,390099.4,12,388019.3
32,124,64,1850610.2,66,1971213.8,62,2084965.3,58,1947049.3
32,125,109,2807575.8,101.5,2736544.9,106,2977124,109.5,3304506.8
32,126,130,3671737.3,116,3131346.2,124.5,3334913.2,119.5,3390096.5
32,127,128,3497136.3,136.5,4102485.7,150,4516041.5,139,4242482.2
33,34,3.5,65913.8,2.5,47452.8,2.5,46393.4,3,60682.8
33,60,,,,,3,80668,3,100322.4
33,63,8,213045.9,8,164771.8,9,207650.1,9,250014.7
33,64,166,3945393.2,151,3377287.3,174.5,4058829.5,176,4558333.7
33,65,123,3209467,121.5,3188463.9,184.5,4773500.1,171.5,5002751.8
33,66,84,2309558.7,85,2529628,91,2749397.1,79,2321765.9
33,67,77,2335811.2,89,2790485.1,90,2789776.4,89,2915278.4
33,68,81,2508730.1,83,2396423.3,69,2343240.4,79,2582178
33,69,3,92288.7,8,135343,3,92058.9,5,166939.5
33,70,2.5,76907.2,,,,,,
33,74,8,186240.6,6,163339,6,157505.8,6,147830.1
33,82,94,2214783.6,89,2087259.3,82.5,2095276.7,93.5,2387996.5
33,83,102,3066037.9,96,2855388.3,91,2512679.6,99.5,2766466.7
33,84,55,1592992.9,71,2119246.6,68,1865737.9,64,1947402.8
33,85,87,2608888.6,79,2428209.9,77,2467334.4,73.5,2484181.5
33,86,85.5,2145860.9,85,2223337,75,2022059.1,85.5,2397656.1
33,87,179.5,3452627.3,174,3489262.9,172.5,3460060.7,157,3415224.1
33,88,51.5,1038679.1,114,2636362,112,2397535,105,2308552.5
33,91,720,8652313.6,698,8875460.9,594,7546040.8,580.5,7870797.6
33,92,1172.5,14330900.7,1156,14468996.4,1482.5,19599396.9,1418,19353322.6
33,93,469.5,6517526.2,457,6142852.1,62,1101508.4,65,1145620.5
33,96,8,133773.6,8,150367.9,8,241970.2,8,228760.5
33,97,7,137523.1,4,73823.3,6,114631,9,189037.1
33,98,115,1525088.9,113,1679947.8,113.5,1792489.3,86,1525482.6
33,99,281.5,6035640.2,275.5,5854083.5,260,5917319.6,262,6233997.5
33,100,294.5,4730460.1,291.5,4589739.7,589.5,8888708.6,561,8639259.1
33,101,240,3083325.9,239,3208725,243.5,3401367.5,418.5,5963289.9
33,103,50.5,1233201.9,53.5,1497835.4,54.5,1459982.1,67.5,1981080.1
33,104,87,2052078.3,83,2312878.9,78,2144377.7,79,2279223.3
33,105,47.5,1362058.3,45,1196681.7,45.5,1423071.9,53,1623033.8
33,106,196,4405428.4,200,4594770,196,4753571.2,193,4816792.5
33,107,84,2298512.9,74.5,1931512,91.5,2669023.4,85,2710156.8
33,108,3,76790.4,3,76729.6,3,75053.7,3,76465.6
33,111,3,76790.4,3,76729.6,3,75053.7,3,76465.6
33,112,,,,,2,73564.2,3,110952.4
33,114,2,70769.9,1,36951.3,3,110346.2,2,73968.3
33,115,7,247694.8,7,258658.9,7.5,275865.6,6,221904.8
33,123,4,129735.8,3,100910.7,2,68651.8,1,39072.8
33,124,26,810372.2,25,792200.3,23,726049.3,25,878429.2
33,125,134,3006959.8,140.5,3265932.8,141,3490614.5,129.5,3446528.4
33,126,136.5,3625796.1,140,3674466.2,138,3917781.3,136.5,3957278.3
33,127,122,3433504,122.5,3379201.3,117,3167412.9,104.5,3211948.1
34,59,68.5,1284855.3,96,2162993.8,92,2214220,89,2357914.9
34,60,84.5,2586316.6,64,1932284.1,122,3529256.1,110,3124330.8
34,61,20,507832.2,21,549370.7,20,537786.7,19,635375.2
34,62,2,53261.5,2,41192.9,2,46144.5,2,55558.8
34,63,28,745660.6,41,1129275.3,46,1490335.9,45,1410470.8
34,64,89,1940923.1,98,2415950.2,129.5,3120125.4,131,3202510.1
34,65,144.5,3830574.7,137,3769738.3,150,4457636.8,162,4905898.1
34,66,38,976779.2,37,1015928.6,36,984773.7,28.5,791713.2
34,67,69,1935216.3,74,2188913,74,2108914.1,73.5,2271369.3
34,68,145.5,3768956.5,130.5,3514944.4,132.5,3660328.5,126.5,3780529.9
34,69,63,1691448.6,69,1942328.7,64,1776642.8,62,1946716.4
34,70,3,92288.7,3,50753.6,3,92058.9,3,100163.7
34,74,2,46560.2,2,54446.3,2,52501.9,2,49276.7
34,75,11,256080.9,13,353901.2,12,315011.7,9,221745.1
34,76,,,1,27223.2,2,52501.9,1,24638.3
34,82,6,115400.4,5,96616.1,6,131089.4,3,59392
34,83,89.5,2000488.7,86,1878236,86.5,2181106.5,90.5,2385117.7
34,84,79,2358346.4,78,2249210.2,77.5,2169477.4,72,2190639.7
34,85,98.5,2840248.4,89,2824925.4,86,2650778.9,91,2829299.5
34,86,50,1383051,50,1372976.7,44.5,1331246.8,41,1098175.8
34,87,3,72842.5,3,71339.4,1,30147.7,2,63146.7
34,88,4,97123.3,3,71339.4,3,90443.1,3,94720.1
34,89,4,97123.3,2,47559.6,2,60295.4,4,126293.4
34,91,1900.5,21588665.3,1675.5,20127828.7,1450.5,18074123.7,1153,14700658.2
34,92,1498,16612402.8,1645.5,18884644.8,733,8653133.9,620.5,7667272.2
34,93,1497,17377856.6,1249.5,15129313,2294.5,29051578.9,2184.5,29139347.9
34,94,3,50165.1,3,56387.9,2,60492.6,2,57190.1
34,99,35,687615.3,34,627497.7,27.5,501210.1,29.5,619621.7
34,100,124,1986849.8,129,1909156.3,134.5,2063373.1,119.5,1999686.3
34,101,351.5,4679277.5,378.5,5295977.7,86,1587789.9,83,1541409.3
34,102,322,3964082.5,313.5,4155387.1,334.5,4386847.3,298.5,4100910.8
34,103,50.5,1306134.8,51,1599158.7,49,1548906.6,44,1373481.6
34,104,18,521402.5,14,384569.2,13,388071.6,8,259129.1
34,105,1,28966.8,1,27469.2,2,59703.3,2,64782.3
34,106,1,28966.8,3,82407.7,4,119406.7,3,97173.4
34,107,12,307161.6,13.5,345283.4,13.5,337741.8,8,203908.3
34,115,3,106154.9,3,110853.8,3,110346.2,3,110952.4
34,123,98,1858986.7,94.5,1836220,90.5,1891805.7,126.5,3197117.1
34,124,48,1170755.9,93.5,2157069.7,114,2654670.1,123,3024991.2
34,125,93,2316860,87,2199733.4,68.5,1681980.7,82.5,2378539.1
34,126,109,2906700.8,93,2629373.5,98,2877265.8,86,2752451.2
34,127,95,2857951.7,104,3021421.2,98.5,3241918.7,103,3352362.5
35,38,,,2,37962.3,2,37114.7,2,40455.2
35,58,40,927576.7,43,1070826.5,44,1280512.4,47,1313860.6
35,59,124.5,3998135.6,164,5202290.1,158,5470700.4,145,5337187.7
35,60,100,2809557,111,3325365.4,109,3406932.4,106,3542848.9
35,61,115,3274113.6,104,2813343.1,101,2993006,96,3059264.8
35,62,98.5,2653614.9,97,2644041.2,102.5,2982493.1,93,2865486.7
35,63,76.5,2144830.3,70,1963341.4,76,2108081.6,64,1886768.5
35,64,299,6525510.9,302.5,6806417.8,312,7312589.4,290.5,7271540.5
35,65,181.5,3700919.2,183,4044930.9,169.5,4296038.3,172.5,4484145.8
35,66,180.5,3869646.7,171,3989829.9,170.5,3950722.6,166.5,4032034.4
35,67,57,1633153.5,56,1614718.8,45,1316203.2,45.5,1546119.4
35,68,140,4217070,131,3859222.2,131,3826843.7,119,3831500.3
35,69,152,4049850.9,153,4141624.1,150.5,4082985,142.5,4320104.5
35,70,29,418648.3,24,406028.9,31,540485.5,30,573087.5
35,73,2,46560.2,3,81669.5,,,,
35,74,7,162960.6,6,163339,7,183756.8,5,123191.7
35,75,5,116400.4,5,136115.8,6,157505.8,6,147830.1
35,76,22,512161.8,18,490017,17,446266.5,17,418851.9
35,77,4,87123.8,2,40909,1,22061.4,3,66642.6
35,78,9,196028.4,9,184090.5,9,198552.2,10,222141.9
35,80,11.5,250480.8,8,163636,2,44122.7,,
35,81,1,21780.9,1,20454.5,1,22061.4,1,22214.2
35,83,7,134633.8,5,96616.1,5,109241.2,2,39594.7
35,87,1,24280.8,1,23779.8,1,30147.7,1,31573.4
35,89,337.5,4865947.6,335,4833267.5,335,4748732.8,300.5,4388723.8
35,90,3,72842.5,2,47559.6,2,60295.4,2,63146.7
35,91,752.5,9504674.1,698.5,9069752.7,710.5,9686332.4,618,8704498.9
35,92,1057.5,12535900.1,1052.5,13005524.5,1438.5,19085336.7,1344.5,17900488.3
35,93,636,7935702.2,598.5,7407022.4,1118.5,14636747.9,1104.5,15055916.4
35,94,94,1135757.7,80,1054147.7,267.5,3597819,132,1870333.3
35,95,763.5,9386737.9,765.5,9753009.5,689,8812779.9,611.5,8183869.5
35,96,44.5,630800.4,42,789431.2,44,553945.6,40,563959.7
35,97,995.5,12385146.7,944,12196214.9,943,12755964.1,911,12419026.1
35,98,133,3009916.5,119,3090673.4,132,3275766.6,148,3496997.2
35,99,584.5,8243544.2,635.5,9221234.3,627.5,9043988.8,576.5,8571659.1
35,100,577,6606891.3,581,7175314,552.5,7506435.8,514.5,6767911.3
35,101,135,1728363,130,1747836.6,133,1806327.5,144,2128013.2
35,102,183.5,2643462.7,176,2661902.2,195.5,2821148.2,173,2421643.2
35,103,3,86900.4,3,82407.7,3,89555,3,97173.4
35,104,15.5,448985.5,12.5,343365.3,13.5,402997.5,11,356302.5
35,106,12,347601.7,12,329630.7,14,417923.3,12,388693.6
35,118,1,30934.5,1,27021.9,1,32379.1,1,33372.1
35,119,13,402148,7,189153.5,13,420928.9,8,266976.5
35,120,44,1471786,45,1459209.4,46.5,1486344.5,43.5,1604436.6
35,121,11,340279.1,8,216175.4,9,291412.3,7,233604.5
35,122,58,1407492.5,56,1412130,47,1399854.9,47.5,1374875.6
35,123,72,1367853.5,101,1875809.5,84,1600880.1,90.5,1900192.9
35,124,13,421641.5,47,1259857.2,124,3170233.6,93,2633622.9
35,125,131,3243786.3,123.5,3081756.7,119.5,3148195.1,114.5,3196851.1
35,126,110,3476457.1,114.5,3653405.2,109,3652647.8,106,3779473.9
35,127,138,4220973.6,126.5,3905185.7,126.5,4080306.5,131,4349392.8
36,32,3,56497.5,3,56943.4,3,55672.1,3,60682.8
36,34,1,18832.5,1,18981.1,1,18557.4,1,20227.6
36,36,4.5,84746.3,3,56943.4,4,74229.4,4,80910.5
36,39,2,37665,2,37962.3,2,37114.7,2,40455.2
36,43,1,23464.9,1,22846.7,1,23052.6,1,23184.8
36,48,17,398904.1,15,342700.1,19,437998.6,13,301402.1
36,49,26.5,621821.1,24.5,559743.5,23,530208.8,18,417325.9
36,54,20,393345.3,19,442080.2,17,447742.4,15.5,522718.8
36,57,19,482440.6,20,523210.2,18,484008,13,434730.4
36,58,182.5,4586046.3,189,5062871.2,177.5,4785821,183,5279561.1
36,59,112,3102442,90,2409965.1,103,3105004.8,110,3481850.2
36,60,78,2222872,81,2593023.4,79,2613732.1,75,2306554.8
36,61,104,2768300.1,119,3419623.2,151.5,4215098.1,140,4070257.4
36,62,128,3444937.8,145.5,4145260,136,4042358.7,131,3950643.5
36,63,123.5,3323178,124,3403880,132,3712306.5,131.5,3685825.8
36,64,25.5,435367.2,29.5,607595.9,20.5,472980.7,139.5,2896208.5
36,65,176,4253244.4,232,5480001.6,252,6013102.6,229.5,6237810.1
36,66,281,5748214,278.5,5775686.5,282.5,6565539.8,276,6476617.9
36,67,43,1322804.1,45,1580831.6,47,1442255.8,45,1502455.9
36,68,117,3449748.7,122,3634833.5,119,3642488.1,116,3680718.2
36,69,125.5,3491840.6,122,3396146.3,122,3402140.2,115,3371421.4
36,71,2,61525.8,2,33835.7,2,61372.6,2,66775.8
36,73,,,,,3,78752.9,3,73915
36,74,3,69840.2,3,81669.5,2,52501.9,5,123191.7
36,76,16,372481.3,15,408347.5,9,236258.7,8,197106.8
36,78,3,65342.8,3,61363.5,3,66184.1,3,66642.6
36,79,1,21780.9,1,20454.5,1,22061.4,1,22214.2
36,81,39,907508.1,41.5,952807,35.5,857801.6,38,851606.7
36,82,9,173100.6,9,173909,10,218482.4,9,178176
36,83,16,307734.4,13,251201.9,14,305875.3,14,277162.7
36,84,3,57700.2,3,57969.7,3,65544.7,3,59392
36,86,94,1437923.9,82,1126041.5,77.5,1182480,77,1195018.8
36,87,94,1361493.9,115.5,1875529.3,127,2038395,125,2122870
36,88,7,169965.8,10,237797.9,12,361772.4,11,347306.9
36,90,2,48561.7,2,47559.6,2,60295.4,2,63146.7
36,91,10,242808.3,9,214018.1,105,1416948.1,260,4076698.9
36,92,779,11374095.2,790.5,11780711.3,435,7559634.4,511,9042051.5
36,93,725,8885984.9,716,9175480.6,,,,
36,94,931,11103555.4,988,12151222.2,1298,17104836.5,1191,16028383.9
36,95,844,10634711.8,823,10622401.6,545.5,7087260.5,503.5,6752023.3
36,96,236,3514904.5,234,3591059.8,236,3809672.6,251,3719360.1
36,97,32.5,638500,26,479851.2,27,515839.6,3,63012.4
36,98,187,4526531.1,195.5,4586623.5,292,7256560,262,6607004.4
36,99,194.5,3909982.7,197.5,4098200.1,190.5,4097336.6,177,4072747.1
36,100,753.5,8954918.2,789.5,10134467.7,412,6067809.7,363,5396941.2
36,101,647,9399510.3,604.5,8970339.8,941.5,12680636.2,891.5,12452619.2
36,102,792.5,10301815.4,791.5,10536115.3,762.5,10795423.3,766,11157876.1
36,103,173,2446703.4,209,3102800,189.5,2884419.4,178.5,2903893.6
36,104,2,57933.6,2,54938.5,4,119406.7,6.5,210542.4
36,105,6,173800.8,6,164815.4,6,179110,6,194346.8
36,106,1,28966.8,1,27469.2,2,59703.3,2,64782.3
36,109,4,102387.2,3,76729.6,3,75053.7,2,50977.1
36,110,4,102387.2,4,102306.2,4,100071.6,,
36,111,7,179177.6,6,153459.3,7,175125.4,5,127442.7
36,114,,,,,2,73564.2,2,73968.3
36,120,36,1113640.6,37,999811.4,25,809478.6,34,1134650.2
36,121,52,1184292.2,55,1294793.4,58,1367057.8,56,1396348.9
36,122,12.5,405424.5,7.5,252276.6,8,274607,8,312582.1
36,123,1,32434,1,33636.9,1,34325.9,3,117218.3
36,124,7,227037.7,7,235458.2,8,274607,8,312582.1
36,125,41,1527241.5,40,1490843.4,44,1580532.7,41,1614124.2
36,126,26.5,859499.9,27,908195.9,19,652191.7,21,820528.1
36,127,94.5,2937280,99.5,3261744.2,93.5,2831453.4,87,2939295.2
37,39,4,75330.1,4,75924.5,4,74229.4,,
37,45,5,117324.7,7,159926.7,7,161367.9,8,185478.2
37,47,,,3,68540,,,,
37,48,7,164254.6,4,91386.7,5,115262.8,8,185478.2
37,49,7,164254.6,7,159926.7,8,184420.5,6,139108.6
37,50,22,516228.8,20,456933.5,18,414946,16,370956.4
37,55,4,78669.1,4,93069.5,4,105351.2,4,134895.2
37,58,143,2851256.8,147.5,2941537.2,161,3699221.7,168,3875216.6
37,59,84,2051261.5,80,1915874.4,102,2397699,84.5,2109643.9
37,60,73,2261420.9,80,2468045,68,2276938.6,73,2422221.8
37,61,60,1868713.1,56,1751848.1,78.5,2339320.6,71,2402053.5
37,62,96,2544664,90.5,2391896.7,98.5,2782727.8,85,2404397.2
37,63,131.5,3575610.4,137,3800239.2,123.5,3393261,128.5,3434775.7
37,64,133.5,3020337.3,322.5,6993383.3,320.5,7453380.4,304.5,6934989.4
37,65,240,4159188.7,234,4326100.7,330.5,6937013.5,292,6626020.8
37,66,46.5,949512,47.5,1023491.2,44.5,1032510.1,38.5,965210.1
37,67,126.5,3385054.1,114,3083320.3,120.5,3374439.2,109.5,3235747.1
37,68,149.5,4541909.1,143.5,4738034.2,137.5,4613684.7,130,4589784.7
37,69,94,2724928.4,85.5,2480049.4,92.5,2702125.9,84.5,2764073.7
37,70,4,123051.5,5,84589.3,7,214804.1,11,367267
37,72,16,372481.3,17,462793.9,14,367513.6,12,295660.1
37,73,48,1409427.2,53,1601627.6,53,1788786.6,46,1740610.3
37,74,41,1067419.6,38,1175014.2,35,1022852,33.5,988362.9
37,75,11,256080.9,9,245008.5,9,236258.7,5,123191.7
37,76,14,325921.1,18,490017,9,236258.7,15,369575.2
37,77,6.5,141576.1,5.5,112499.7,4,88245.4,4,88856.8
37,78,64,956642.8,58,799249.9,42,693555.6,39.5,599048.4
37,81,60,1478321.6,53,1450426.5,55,1486468.8,43,1271467.1
37,82,137,3439465.5,144.5,3523184.1,141,3478619.8,136.5,3669538.7
37,83,52,1561258.5,56,1732137.3,38,1337830.5,45,1256344.7
37,84,67,1339701.8,114.5,2172101.2,147,2862120.3,219,4139064.4
37,85,213.5,3432519.8,201,3435834.1,134,2239368.3,129,2348145
37,86,616.5,9161546.5,573.5,8662342.7,595,9353939.2,584,9709961.7
37,87,237,4081858.1,256,4464760.1,262,4909300.3,252.5,4574109
37,92,,,66,826310.8,69,865017.1,57,777703
37,93,88,1167247.7,13,244347.8,15,453694.2,18,514711.1
37,94,96.5,1262017.4,96,1264092.2,1,30246.3,6,171570.4
37,95,40,668867.9,49,616762.3,,,,
37,96,28,430031.2,32,458629.2,,,,
37,97,506,5959753.9,502,6253400.1,896,11699345.9,882.5,11891900.2
37,98,125,3129438.1,134,3137712.8,34,820698.6,4,84016.5
37,99,88.5,2181146.1,98.5,2416077.9,80.5,1852101.4,77.5,1632506.8
37,100,102,2337946,96,2125273.3,63,1498169.4,80,1793091.8
37,101,153.5,3272006.8,182,3996143.9,338.5,7337504.5,400.5,9093790.2
37,102,44.5,601414.7,49.5,694642.2,51,722919.8,48.5,744968.8
37,103,4,115867.2,4,109876.9,6,179110,,
37,109,8,204774.4,7,179035.8,7,175125.4,7,178419.8
37,110,7,179177.6,8,204612.4,5,125089.6,5,127442.7
37,114,6,212309.8,5,184756.3,4,147128.3,7,258888.9
37,115,11,389234.6,11,406463.9,11,404602.9,7,258888.9
37,120,,,1,27021.9,1,32379.1,1,33372.1
37,122,13,421641.5,10,336368.8,6,205955.3,6,234436.6
37,127,11,334423.6,11,386899.5,15,484866.1,8,316735.2
38,33,4,70418.9,3,64342.8,2,35250.9,2,44111.4
38,38,1,17604.7,2,42895.2,2,35250.9,2,44111.4
38,47,,,1,24589.8,1,29550.9,,
38,48,3,70466.5,1,24589.8,1,29550.9,1,28640.3
38,51,4,93955.3,3,73769.3,3,88652.6,1,28640.3
38,58,47,1057367.8,55,1176090.2,66,1453980.4,60,1603643.1
38,59,66,1621594.3,107,2406064.3,100,2214144,96,2290498.7
38,60,36,818811.5,29,688698.5,30,725875.6,34.5,897315.8
38,61,51,1362508.9,53,1445632.7,63,1903406.8,63,1837700.3
38,62,12,323273.3,55,1562419.8,157,3349771.5,333,7511228.4
38,63,264,4868114.7,466,10087555.2,480.5,10714349,441.5,10075352.7
38,64,183,3549294.3,333.5,6261441.7,403,8724736.8,401,8805079.2
38,65,196,4194452.1,185,4130283.5,338.5,7691401.6,347,8031351.2
38,66,180,4576488.9,179,4935963.5,182,4759401.4,159.5,4543496.8
38,67,136,4099814.7,139.5,4151319.1,124,3698728.5,126.5,4113980.7
38,68,181.5,5324771.4,173.5,5693537.3,178,5587636.1,165,5464014.9
38,69,50,1106585.5,52,1222991.6,46,1258528.8,46,1290853.1
38,70,5,131113.7,4,110910,4,113937.7,2,62398.6
38,71,1,26222.7,1,27727.5,1,28484.4,1,31199.3
38,72,64,2045950.4,68,2167333,70,2389309,65,2192380.3
38,73,33,1090413,40,1297562.3,44.5,1399687.1,42,1264353.1
38,74,40,1258688.2,40,1296802.2,36,1251306.6,29,1052297
38,75,43.5,1248334,42.5,1201228.5,37.5,1172016.8,38,1241876.9
38,76,19,595862.3,20,523038,19,593821.8,17.5,537966.2
38,77,11,279342.3,11,318781,7,211700.7,6,198126.5
38,78,19,482500.4,23,666542.1,27,816559.7,28,924590.3
38,79,9,228552.8,7,202860.6,5,151214.8,7,231147.6
38,82,59.5,1498600.2,53.5,1455425,99,2333268.4,83,2057578.3
38,83,99,2829411.3,98,3025231.5,145.5,3850585.9,257.5,6467434.4
38,84,210,4738090.8,193.5,4565032.1,182.5,4528960.4,203.5,4726438.2
38,85,558.5,8090091.7,525.5,8009043.2,563,8867522.8,596,9577645.6
38,86,507,9410831.8,495,9061793.1,510.5,9508444,487,9829681.7
38,87,706,12195996.6,756.5,13209068.4,744.5,13509733.1,731,13364177.3
38,88,30,641983,31,666464.7,26,559807.9,110.5,1624157.6
38,95,221,3301507.1,202,3049464.6,208,3146497.4,206,3157878.8
38,96,242,2952643.8,284,3464184.5,50,749134,70.5,967893.5
38,97,215,2729516.7,201,2661038.7,1,20460.8,35,468557
38,98,236,4044416.8,213,3837331.6,152.5,2521659.1,162,2617148.6
38,99,31,695445.9,28,585625,2,40921.6,2,53461
38,100,32,730064,30,622327.4,27,581938.4,27.5,660746.2
38,101,8,136739.5,7,140616.4,4,81843.1,6,160383.1
38,104,4,84184.5,1,22798.5,1,14615,,
38,114,7,271614.9,6,229006.2,7,280449.7,5,204920
38,115,4,155208.5,3,114503.1,3,120192.7,,
38,123,2,55949.8,2,55247,2,53736.8,2,51723.9
39,39,2,35209.5,2,42895.2,1,17625.5,1,22055.7
39,46,5,86147.6,5,78802,5,87379.5,5,126644.9
39,47,3,70466.5,3,73769.3,3,88652.6,2,57280.6
39,49,1,23488.8,1,24589.8,1,29550.9,,
39,51,3,70466.5,1,24589.8,,,,
39,59,1,22744.8,,,,,,
39,62,,,89,1410556.3,4,109459.7,3,82442.1
39,63,,,176,3917327.5,181,4223286.1,217,4422626.5
39,64,18.5,498379.7,16,420042.1,445.5,10139793.3,456.5,10885317.9
39,65,65,1554054.2,65,1580471.1,62,1662644.7,50,1279075.6
39,66,105,2683394.3,107.5,2834782.3,91,2644520.9,84,2393621.1
39,67,149.5,3918058,216,4806105.4,230.5,5112667.2,212,5020594.9
39,68,87,2377214.2,88,2644946.5,84,2584623.5,79,2723759
39,70,,,,,,,2,62398.6
39,71,15,393341.2,16,443640,16,455750.9,16,499188.9
39,72,54.5,1537408.8,52.5,1370731.9,59,1597892.9,67,2069899.3
39,73,86,2753161.9,93,3122821.3,85,2787406.9,81,2983049.6
39,74,78.5,2345390.6,84.5,2331608.5,121,3626144.3,106.5,3304736.4
39,75,130,3282847.6,133,3472157.2,133,3413708.7,129,3624254.5
39,76,62,1854656.7,59.5,2038767,56.5,2020228.5,53.5,1934865.2
39,77,20,507895.2,17,492661.5,17,514130.2,17,561358.4
39,78,42,922270.8,55.5,1202392.1,70,1440407.7,68,1626465.7
39,79,12,304737.1,9,260820.8,7,211700.7,6,198126.5
39,80,43,897912.7,39,873815.6,38,944141.4,41,1109299.4
39,81,169,4043833.5,164,4204611.9,156,4430400.8,147.5,4119980.3
39,82,203.5,5016759,195.5,5338987.9,241.5,6194347.2,236,6171720.8
39,83,105.5,3030026.5,95.5,2905487.4,80,2615529.4,80,2815980.1
39,84,282.5,5012998.4,282,4999057.8,347,6156796.3,323,6077782.7
39,85,413,7518508.3,400,8015168.4,322.5,6539131.1,298.5,6687038.2
39,86,296.5,5348612.4,286,5511562.8,309.5,6096275.5,321,6022515.6
39,87,588.5,10765575.2,593,10894123.5,521,9514947.9,474,8869580.1
39,88,44,992856.6,51,1164801.7,44.5,1107596.2,49.5,1249860.9
39,93,2,45648.5,2,52744.5,2,53820.5,2,58102.3
39,96,70,1919373.1,67,1888825.2,143.5,3732962.3,135,3713561.4
39,97,289.5,6393250.2,287.5,6532709.2,186,4178504.1,170,3999587.9
39,98,384.5,7187970.1,360,6415143.7,391,7697333.6,388.5,8008201.8
39,99,7,119647,4,80352.2,4,81843.1,7,187113.6
39,102,5,105230.6,1,22798.5,,,,
39,105,2,42092.3,76.5,994368.3,105.5,1541883,102,1596289.5
39,106,117.5,2908618.2,118,3160353.3,121.5,3294324.7,114,3287656.2
39,107,24,573206.8,19,531427.3,18,455957,18,543685.3
39,109,2,47767.2,2,55939.7,2,50661.9,2,60409.5
39,110,6,143301.7,3,83909.6,3,75992.8,3.5,105716.6
39,114,17,659636.2,14,534347.7,8,320513.9,12,491808.1
39,115,,,1,38167.7,,,,
39,118,11,420905.6,10,381571.8,11,431877.8,11,460864.1
39,119,11,420905.6,10,381571.8,9,353354.5,10,418967.3
39,120,13,497433.8,15,572357.7,12,471139.4,16,670347.7
39,123,10,279749,9,248611.4,5,134341.9,7,181033.5
39,124,1,27974.9,,,,,,
40,28,1,18722.3,,,1,21155.5,2,43739.1
40,40,,,1,21447.6,1,17625.5,,
40,45,3,51688.6,9,141843.6,6,104855.4,5,126644.9
40,46,4,68918.1,4,63041.6,4,69903.6,,
40,51,14,328843.5,10,245897.7,10,295508.8,14.5,415284.6
40,52,,,,,12,243014.1,11,223683.4
40,62,2,53878.9,2,52505.3,2,54729.9,2,54961.4
40,63,,,,,,,79,1912677.1
40,64,,,,,37.5,830812.4,415.5,9104626
40,65,93,2722182.4,97,2923900.7,98,3028663.2,105,3419192
40,66,54.5,1395211.6,59,1673217.9,73,1909123.1,76,2262708.7
40,67,91,2225032.2,168.5,3610517.9,225,4867655,229.5,5250540.9
40,68,128,3896795.2,122,3920555.8,99.5,3111826.8,101.5,3384941.8
40,69,4,104891,4,110910,4,113937.7,4,124797.2
40,72,37,965635.9,39,1120086.9,46,1596868.9,39,1225931.4
40,73,68,2335870.8,65,2278863.1,64,2309414.6,62,2215258
40,74,65.5,2214417.9,65,2127935.8,60,1956235.4,266,6220338.5
40,75,71,1980854.2,74,2037242.4,78,2459463.1,88,2800933
40,76,109,2918924.7,102,2813776.4,91.5,2794666.6,89.5,2844830.9
40,77,367,7661042.4,347.5,7542906.4,336,7452734.8,326,7302301.6
40,78,17,431710.9,18,521641.6,14,423401.3,14,462295.2
40,79,80.5,2133179.2,78,1970277.7,106,2625913.8,94,2521860.8
40,80,98,2442350.9,169.5,4024806.8,132,3510429.3,122.5,3324033.4
40,81,261.5,5643071.2,257.5,5847005,264.5,5778205.7,265.5,6101714.8
40,82,202,4329971.9,218.5,4495135.8,299.5,6159159.7,361.5,7738387.7
40,83,379,7857262.9,374.5,7919277.7,381.5,8214700.8,387.5,8512306.5
40,84,278,4876959.7,269.5,4732753.2,271.5,5080487.8,260,5490253.3
40,85,165.5,3129918.6,169.5,3366055.8,140.5,2823675.5,144.5,3330064.4
40,86,515.5,8415907.9,504.5,8420624.1,529.5,9241515.5,495,8922971.5
40,87,187,3309339.9,183,3334521.5,194,3472794.6,229,3901604.4
40,88,322,5480006.5,320.5,5688798.8,286,5354109.1,281,5546489.7
40,89,19,406589.2,16,343981.8,27,581338.9,37,958616.3
40,90,87,1046759.7,85,1202349.9,95,1366548.2,123,1806982.3
40,91,,,21.5,462225.5,,,,
40,92,26,593430,,,21.5,578570,18,522920.8
40,95,28,639078.5,28,738423.2,25,672755.8,27,784381.2
40,96,279.5,5670733,310,6276759.5,302.5,6467279.7,285,6406037.2
40,97,467,7616897.3,478.5,7862901.5,475,8055395.7,457.5,8106337.3
40,98,57,798443.9,52.5,820494.3,53,883117.1,51,908416.7
40,100,59.5,1110969.9,53.5,917379.8,57.5,1037504,47.5,816372
40,101,164.5,2609848.4,145,2243443.8,136.5,2320707.3,245.5,3947261.6
40,103,,,,,,,9,259551.8
40,104,446.5,8998804.7,508,10357681.8,512.5,10409548.3,464.5,10516331.8
40,105,397.5,6985208.2,368,6824814.7,287.5,5229579.2,250.5,4848175.6
40,106,277.5,5530499.8,268,5450811.4,269.5,5741942.5,251,5413740.8
40,107,393.5,4928430,341,4610758.7,396,5479763.7,359,5363501
40,108,6,143301.7,6,167819.1,4,101323.8,3,90614.2
40,113,5,194010.6,4,152670.8,9,360578.1,4,163936
40,114,6,232812.8,12,458012.4,7,280449.7,8,327872.1
40,115,2,77604.3,2,76335.4,,,2,81968
40,118,15,573962.1,16,610514.8,15,588924.2,18.5,775089.6
40,119,23,880075.3,23,877615.1,20,785232.3,24,1005521.6
40,120,5,191320.7,5,190785.9,5,196308.1,4,167586.9
41,28,2,37444.6,1,22569.1,1,21155.5,1,21869.5
41,39,4,70418.9,6,128685.7,6,105752.7,6,132334.2
41,40,11,193652.1,12,257371.3,12,211505.5,9,198501.3
41,41,10,176047.4,10,214476.1,4,70501.8,13,286724.1
41,47,,,,,,,1,28640.3
41,50,3,70466.5,2,49179.5,2,59101.8,2,57280.6
41,51,43.5,1073140.9,41.5,1130098.4,54,1524968.3,58.5,1638586.7
41,52,35,870218.2,30.5,772674.4,29,1005232.2,30,988478.2
41,53,5,124316.9,5,126667.9,7,141758.2,7,142344
41,58,,,,,2,48391.7,1,26009.2
41,59,4,90979.1,4,94992.9,2,48391.7,2,52018.3
41,60,1,22744.8,1,23748.2,1,24195.9,1,26009.2
41,65,20,538788.9,20,525052.7,21,574663.5,19,522133.4
41,66,2,53878.9,2,52505.3,2,54729.9,2,54961.4
41,67,46,1191725.2,48,1152326.3,58,1538822.5,52,1595720.1
41,68,33,865350.5,33,915007.5,32,911501.8,26,811181.9
41,69,4,104891,4,110910,4,113937.7,4,124797.2
41,71,,,,,,,1,31199.3
41,72,35,922087.6,31,854035.5,32,685961,29,891486.8
41,73,92.5,3163556.5,98,3479038.6,86,3237703,85.5,3335039.3
41,74,39.5,1531657,51,1853181.8,52,1973106.8,45,1754748.2
41,75,150,2480123.9,150,2413887.4,72,1280244.8,74,1336324.8
41,76,319.5,6979970.8,316,7305498.7,325,7881184.2,314,7455302.3
41,77,247,6259071.8,251,6198823.9,253,6266598.2,255,6849453.4
41,78,171.5,5097333.5,157.5,4738977,149,4787450.4,141,4715140.9
41,79,193,4848924.6,192,4878836.3,187.5,5180828.8,188.5,5376670.1
41,80,326,8800717.5,347.5,10127232.1,182,5564224.5,176,5740490.9
41,81,123,3438175.9,114,3269639.5,275,7176536.5,278,7667384.6
41,82,531.5,10075632.8,541,10029111.7,543.5,10490633.3,517.5,10525780.2
41,83,188,3671709.3,241,4612602.2,239.5,4632065.5,241.5,4756446.4
41,84,241.5,4825239.7,254,5243333.5,241,5156300.1,222,5286207.8
41,85,238,4665463.3,248,5363665.6,251.5,5282487.7,259.5,6018183.9
41,86,552.5,9105665.2,539.5,8691941.9,507,8443060.7,518,8612440.7
41,87,618.5,8782437.7,534,8045687.5,498,7925875.9,592.5,9365492.7
41,88,342,6347892.8,348.5,6501898.3,322,5865400.2,301.5,5815361.5
41,89,144,3764614.8,142,3903020.7,153,4028150.7,143,4053524.6
41,90,53.5,1245878.2,54.5,1191674.6,68,1547708.1,62,1418805
41,92,10,228242.3,6,158233.5,7,188371.6,4,116204.6
41,95,207.5,5501005.7,207.5,5577992.6,203.5,5490055.7,204.5,5888394
41,96,477.5,10529029.2,499.5,11320907,476,10804983.1,493.5,11373712.1
41,97,309.5,6631881.1,317,6815761,296.5,6727513.1,281.5,6572111.1
41,98,,,,,,,1,26730.5
41,100,75,738248.3,95,1092822.9,90,1110925.2,82,1002718.7
41,101,3,51277.3,4,80352.2,10.5,214838.3,7,187113.6
41,103,10,210461.3,6,136790.7,6,87690,4,115356.4
41,104,293,5091722.1,293,5055001.3,263.5,4494898.5,303,5155310.6
41,105,88,1613138.5,81,1765042.6,326,5549528.8,331.5,5738243.9
41,106,285.5,5024086.2,270.5,4670339.1,124,2352852,123,2334352.1
41,107,22,525439.6,22,615336.8,28.5,855145.9,31,890912.2
41,108,6,143301.7,6,167819.1,6,151985.7,6,181228.4
41,111,2,47767.2,1,27969.9,6,151985.7,4,120818.9
41,113,6,232812.8,4,152670.8,5,200321.2,10,409840.1
41,114,3,116406.4,,,,,,
41,118,27,1033131.8,25,953929.4,35,1343233.7,28,958135.9
41,119,34,1300980.8,30.5,1163793.9,34,1334894.9,19,796038
41,120,26,994867.7,24,915772.2,23,903017.1,19,796038
41,121,10,382641.4,10,381571.8,10,392616.1,8,335173.9
41,123,5,139874.5,5,138117.4,5,134341.9,5,129309.7
41,127,1,27974.9,1,27623.5,1,26868.4,1,25861.9
42,27,1,18722.3,1,22569.1,1,21155.5,2,43739.1
42,29,4,74889.1,4,90276.4,4,84622,4,87478.1
42,31,4,74889.1,4,90276.4,4,84622,4,87478.1
42,35,2,35209.5,,,,,,
42,36,4,70418.9,2,42895.2,2,35250.9,2,44111.4
42,37,1,17604.7,1,21447.6,,,,
42,38,85,1396229.1,141.5,2515770.3,138,2616991.2,139.5,2762537.9
42,39,2,35209.5,2,42895.2,2,35250.9,2,44111.4
42,40,2,35209.5,2,42895.2,1,17625.5,1,22055.7
42,42,,,1,15760.4,,,,
42,43,6.5,111991.9,4.5,70921.8,7.5,131069.3,7,177302.9
42,44,,,,,,,1,25329
42,48,12,281865.8,9,221307.9,8,236407,7,200482.2
42,50,8,187910.6,8,196718.2,8,236407,5,143201.6
42,51,50,1208844.6,87.5,2630425.7,110,3322139.1,117.5,3979002.8
42,52,75,1589887.7,60,1361002.1,87.5,1939346.1,87.5,2121413.8
42,53,18,447540.8,17,430671,16,324018.8,16,325357.6
42,54,1,24863.4,,,,,,
42,56,,,1,25333.6,1,20251.2,1,20334.9
42,61,4,90979.1,1,23748.2,,,1,26009.2
42,63,5,134697.2,5,131263.2,5,136824.6,5,137403.5
42,64,12,323273.3,10.5,275652.7,12,328379.1,10,274807.1
42,67,1,26222.7,1,27727.5,1,28484.4,1,31199.3
42,69,1,26222.7,1,27727.5,1,28484.4,1,31199.3
42,71,,,4,110910,4,113937.7,4,124797.2
42,72,3,94083.5,4,104607.6,4,125015.1,4,122963.7
42,73,92.5,1916476.8,87.5,2043367,80.5,1871613.2,79,1876970.7
42,74,148.5,3156241.9,131,2686835.9,123,2732785.5,127,3038353.6
42,75,191.5,2922523.7,188.5,2955370.7,282.5,4599972.2,268,4302766.5
42,76,280,5350822.6,274.5,5190879.1,253.5,4838958.9,250,4939863.1
42,77,268,5324791.5,261,5344360.8,257,5589380.1,252,5542878.2
42,78,135.5,3585637.2,153,4280070.8,153.5,4501391.3,143,4233578.7
42,79,180.5,4348259.5,162,4205256.3,154.5,4176884.6,150,4333668.8
42,80,223.5,4982954.1,225.5,5119953.4,236.5,5558981.3,216.5,5087242.1
42,81,444.5,6496645.3,455.5,6950246.2,546.5,8321781.2,517.5,8119493.6
42,82,549.5,7823933,592.5,8523541.8,621.5,9391398.3,634.5,9781906.3
42,83,110.5,2814885.5,111.5,2805500.4,116,2868003.7,118,2755351.4
42,84,253,5512525.7,218.5,4893305,233,5830918.2,218,5508128.3
42,85,597,8951879.3,569,9238463.8,599.5,9635950,599.5,10371161.8
42,86,1156,13160981,1055.5,13518182.3,996.5,13836084.7,1072,15659616
42,87,527,5885448.1,719,8300206.4,868.5,10450322.9,855.5,10971673.2
42,88,730,8755262.7,738,9413668.6,500.5,6794793.2,470,6695750.8
42,89,188,3540559.1,180,3240400.6,309,5390412.8,299,5237788.8
42,90,206.5,3655285.4,227.5,3861818.2,216,4068534.2,212.5,4006981
42,93,10,228242.3,11,290094.8,12,322922.8,11,319562.7
42,94,71,1690870,79,1969166.2,81.5,2238516.9,65.5,1905356
42,95,438.5,9880309.8,414.5,9391523.5,424.5,9657082,414.5,9880470.3
42,96,382,7893215.5,370,7522034.3,378,7806174,364,7677274.1
42,98,85,1358444.5,88,1425874.9,86.5,1547709.9,73.5,1305613
42,99,273.5,4167264.1,251.5,3962410.7,250.5,3991325.7,247,4095830.1
42,100,52,869831.9,68,1190580.7,66,1132742.3,64,1026280
42,101,18,307663.8,14,281232.8,15,306911.8,22,256826.1
42,105,181,2956079.8,182.5,3167437.9,183.5,3683512.8,155,2867270.2
42,106,16,336738.1,14,319178.4,162,3110255.8,239.5,4693748.4
42,107,24,651432,24,634343.7,29,837768,43,1123449.3
42,108,8,191068.9,11,307668.4,24,607942.7,26,785323.2
42,109,2,47767.2,2,55939.7,1,25330.9,1,30204.7
42,113,3,116406.4,7,267173.9,7,280449.7,15,614760.1
42,114,,,17,648850.8,13,520835.1,16,655744.1
42,117,7,267849,4,152628.7,4,157046.5,4,167586.9
42,118,26,994867.7,34,1393335.6,24,942278.7,33,1382592.2
42,119,27,1033131.8,25,953929.4,23,903017.1,21,879831.4
42,120,19.5,746150.8,22,839457.9,21,824493.9,25,999221.9
42,121,3,114792.4,3,114471.5,3,117784.8,3,125690.2
43,29,6,112333.7,4.5,101560.9,5.5,116355.3,6,131217.2
43,31,7,131055.9,7,157983.7,6,126933,7,153086.7
43,33,1,23062.3,1,23168.7,1,24671.5,1,24928.2
43,34,8,184498.4,7,162180.7,8,197372.2,7,174497.1
43,35,,,4,92674.7,4,98686.1,4,99712.7
43,37,22,557919.2,39,1012299.4,36,973982.6,36,1089649.6
43,38,140.5,3294065.6,222,5312227.9,251.5,6250146.9,234,6289978.7
43,39,40,908306.1,38,766134.3,35,776494.7,34,813655.7
43,40,3,76079.9,4,80645.7,5,110927.8,,
43,42,2,38178.4,2,37728.7,2,42143.3,2,41976.6
43,43,5,95446.1,6,113186.2,6,126430,6,125929.8
43,44,1,19089.2,,,1,21071.7,1,20988.3
43,46,3,57267.6,,,1,21071.7,1,20988.3
43,47,5,86147.6,5,78802,5,87379.5,2,50658
43,51,54,1232228.2,84,1796720.7,85,1893420.1,88,2157714.7
43,52,21,419481.2,16,346198.3,17,299682.9,9,203396.3
43,53,22,439456.5,20,432747.9,27,475967,23,519790.6
43,55,2.5,49938.2,3.5,75730.9,6,105770.4,4,90398.4
43,58,6,119851.8,3,64912.2,3,52885.2,3,67798.8
43,59,1,19975.3,,,,,,
43,60,1,19975.3,4,86549.6,4,70513.6,2,45199.2
43,63,8,206603.7,8.5,233150.1,9.5,276514.3,9,238187.2
43,64,50,1138495.2,50,1096905.2,47,1322131.8,56.5,1687296.3
43,65,17,439032.9,16,438870.7,14,407494.8,18,476374.3
43,67,4,86048.2,,,3,72721.8,2,54794.1
43,68,1,21512,2,42418,2,48481.2,2,54794.1
43,69,3,64536.1,3,63626.9,4,96962.4,4,109588.1
43,72,6.5,146434.6,6.5,121451.3,5.5,147512.2,5.5,157729.2
43,73,90.5,1365729.5,109.5,1671828.1,335,6541065.4,451.5,9649833.3
43,74,946,13741209.2,971,14554596.7,891,13487800.8,804,12971628.1
43,75,343.5,6909686.6,349,7229503.2,346.5,7205506.7,323.5,7102586.9
43,76,138,2427733.5,139.5,2482641.7,135,2586807.9,226,4497786.3
43,77,55.5,1304298.8,68,1179852.8,56,1091811.9,65,1323396.4
43,78,58,1081235.4,56.5,1360939.5,62,1311662.8,57,1305437.4
43,79,114,2783373.3,123,3014017,121,3063808.6,116,2920469.8
43,80,277.5,5891218.7,270.5,5991408.6,230.5,5338601.7,238,5575890.3
43,81,204,2899021.5,207.5,2953040.4,116,1520917.7,122,1795005.6
43,82,396.5,6253880.1,368,5997260.2,390.5,6293199.1,362,5940582.3
43,83,46,798708.3,48,840015.1,43,752682.2,42,1045635.1
43,85,12,374481.2,11,332790.6,11,314099.2,10,248960.7
43,86,82,2049471.7,90.5,2044057.6,91,2075714.4,93,2183419.5
43,87,255.5,3560593,241.5,3383762.9,258.5,3712474.2,249,3893948.5
43,88,499.5,6671122.6,512,6847850,601,8310640.5,580.5,8505148.9
43,89,290.5,5064444,285,5276848.1,276,5555014.8,281.5,5864915
43,90,41,624042.8,37,596158,,,,
43,91,66,1672258.5,67,1749048.9,63.5,1551526.8,53,1460122.8
43,92,94.5,1742762.4,86,1490550.3,86.5,1490459.6,99,1813685.7
43,93,10.5,299916.8,8,242128.7,10,282583.7,8,233710.9
43,94,122,3053263.8,137,3357292.6,133,3682525,129.5,3694459.6
43,95,277,6419643.7,271.5,6412378.3,284,7223856.1,263.5,7111252
43,96,80.5,1589630.7,89.5,2001753.2,84,2082405.3,64.5,1843635.3
43,98,429,6879510.9,426.5,7311568.4,330.5,5078657,279.5,4393097.5
43,99,176,3407553.4,174.5,3310949.5,147.5,2851703.6,136,2611333.6
43,100,69,1033865.5,74,1101259.6,75,1200847.2,73,1149670.8
43,101,21,643048.1,17,549234.6,14,454190.1,9,334990.9
43,104,,,,,8,257953.9,15,449800.2
43,105,143.5,3618546,151,3973815.6,173.5,4474976.8,189.5,4953196.1
43,106,53.5,1158181.8,56,1251139.2,73,1611880.8,75.5,1786748.3
43,107,32,646507.4,32,682063.9,26,563626,19.5,670852.8
43,108,54,749975.6,57,684873.4,69,921883.7,63,798312.8
43,112,5,166508,5,174569,5,179171.5,11,389776.9
43,113,51.5,1883800,52.5,2237058.9,61.5,2441344.1,56.5,2182027.3
43,114,13,432920.8,20,698276.1,34.5,1221411.1,40,1654302.8
43,117,11,324592.3,17,496869.1,15,474090.3,12,474459.8
43,118,36,1239771.6,41.5,1512206.5,37.5,1308912.6,32.5,1322680.4
43,119,34,1003285.4,32,935283.1,26,821756.6,28,1107072.9
43,120,37,1517527.4,36,1505862.5,34,1502925,34,1606872.5
43,121,11,324592.3,11,321503.6,10,316060.2,4,158153.3
43,125,17,582745.7,18,610442,18,661909.1,17,640695.8
43,126,16,548466.5,15,508701.7,18,661909.1,19,716071.8
44,31,1,18722.3,,,,,,
44,32,6,138373.8,8,185349.4,9,222043.7,9,224353.5
44,33,,,2,46337.3,1,24671.5,1,24928.2
44,37,203.5,4145630,200.5,4486965,193,4436086.3,193,5106988.2
44,38,198,4415955,200.5,4724599.4,194.5,4906008.7,193,5123487.4
44,39,178.5,4540754.7,173.5,4502307.8,168,4221218.2,160,4289129.8
44,40,13.5,342359.5,98.5,1715412.9,101.5,1854601,103,2156411.8
44,41,1,25360,1,20161.4,1,22185.6,1,23931
44,44,6,114535.3,6,113186.2,7,147501.7,9,188894.7
44,45,11,209981.4,14,264101.2,13,273931.7,13,272848
44,46,18,343605.9,20,377287.4,16,337146.7,16,335812.9
44,47,,,,,1,17475.9,,
44,59,5,99876.5,5,108187,8,141027.3,3,67798.8
44,64,3,77476.4,2,54858.8,2,58213.5,1,26465.2
44,65,4,103301.9,4,109717.7,2,58213.5,2,52930.5
44,66,1,25825.5,3,82288.3,2,58213.5,1,26465.2
44,68,13,279656.6,11.5,243903.3,6.5,157563.8,7.5,205477.7
44,69,5,107560.2,5,106044.9,5,121202.9,5,136985.2
44,71,7,150584.3,6,127253.9,10,242405.9,8,219176.2
44,72,1.5,33792.6,1,18684.8,1.5,40230.6,1,28678
44,73,352,7747239.2,324,7115862.5,312.5,7038902.7,292.5,6721774.4
44,74,16,360454.4,96,1919036.1,106,2108170.6,88,1861056.6
44,75,411,7674067.4,390,7336776.9,387,7578392.6,385,7946791
44,76,16,360454.4,12,224217.7,13,348665.1,14,401492.5
44,77,536.5,6579115.2,494,6358051.1,620,8078452.2,578.5,7877394.8
44,78,232.5,3806867.3,226.5,4014889.4,71,1914346.4,75.5,2188370.2
44,79,10,235008.8,13,313136.5,14,539489.3,13,513064.8
44,80,99,3002286.6,104.5,3141331.5,124,3648137.7,135.5,4216886.9
44,81,68,1980070.8,79,2386313.7,73.5,2368048.7,118.5,3316759.8
44,82,242,5851163.5,217.5,5209765.7,207.5,5514262.7,222,5710849.8
44,83,105,2197339.1,104.5,2358535,,,,
44,84,3,93620.3,4,121014.7,4,114217.9,3,74688.2
44,85,72.5,1660809.2,71.5,1754990.2,55,1184946.3,49,1204657
44,86,490.5,9032610.6,472,8729040.7,480,9080098.1,529,10586500.7
44,87,228,3985238.4,220,3765482.7,364.5,5668522.6,370,6115027.4
44,88,272,4031444.8,267.5,3938305.1,167.5,2949832.3,140.5,2613631.7
44,89,466.5,10426825.1,459,9817833.9,254.5,5514363.8,242.5,5464866.1
44,90,111,2755662.4,117,2900504.6,416.5,9341974.5,416,9587147.7
44,91,209,3393726.2,225,4037271.1,302.5,5835107.8,282.5,6032680.4
44,92,308,6041627,300.5,6151229.8,188.5,3862885.5,177,4179109.6
44,93,255,4602925,245.5,4724861,221.5,4603421.3,210,4349966.1
44,98,175,2878630.5,171.5,3009613.9,252.5,4947605.7,271,5083913.8
44,99,174,3652404,150.5,3135033.3,124,2710884.8,125,2926535.2
44,100,713.5,11792637.5,717.5,12010445.7,704,11666751.6,702.5,12377792.6
44,101,25,765533.4,25,807698,23,746169.5,20,744424.3
44,103,34,525354.6,29,462906.8,30,490679.5,33,544633.1
44,104,140.5,2405714.5,134,2413432.4,128.5,2525413.7,132,2346292.9
44,105,57,1179623.8,64,1180209.5,61,1282927.1,51,1088476.3
44,106,38,662524.1,38,683812.1,41,891442.9,53,1270290.6
44,107,60,1759630,54,1738317.1,62,1902127.7,63,1857888.5
44,108,12.5,348181.4,14,447305.9,18,607875.5,20,688054.2
44,109,31,420522.7,32,548265,41,560356.7,29,419066.7
44,112,3,99904.8,3,104741.4,7,250840.1,3,106302.8
44,113,18,599428.8,25,872845.1,24,860023.2,23,814988.1
44,114,23,765936.8,33,1152155.5,36,1408870.7,34,1316666.3
44,117,7,206558.8,9,263048.4,9,284454.2,11,434921.5
44,118,35,1232257.8,34,1363707.6,31,1211722.8,29,1146611.2
44,119,38,1521110.2,43,1786394.7,41,1678664.2,40,1755985.4
44,120,51,1946219.9,50,1933055.2,44.5,1630680.7,43.5,1970807.7
44,123,12,411349.9,12,406961.3,11,404500,10,376879.9
44,124,38,1266739.2,41,1416617.7,37,1251495.5,34,1262766.1
44,125,47,1360964.2,42,1317797.8,37.5,1199054.7,40,1329269.8
44,126,22,823959.3,22,837178.5,21.5,809504,21.5,808309.4
45,31,5,93611.4,6,135414.6,4,84622,8,174956.2
45,32,,,2,46337.3,2,49343,2,49856.3
45,36,24,553495.3,27,625554.1,24,592116.5,21,523491.4
45,37,134.5,3315540.6,132,3415432.2,120.5,3214964,112.5,3166133.8
45,38,109,2613882.4,111,2676413,110,2848407.1,115.5,3393625.1
45,39,173.5,4514182.9,180.5,4735712.5,167.5,4535794.5,149.5,4263800.9
45,40,98.5,2198632.2,89.5,2055473.6,78,1852376,77,2078521.7
45,41,95.5,1782483.9,96.5,1911669.8,87,1599996.8,88,1748782.6
45,42,20,381784.3,21,396151.8,20,421433.4,20,419766.1
45,44,2,38178.4,2,37728.7,2,42143.3,2,41976.6
45,45,9,171802.9,5,94321.8,9,189645,8,167906.4
45,52,8,159802.4,10,216374,8,141027.3,8,180796.7
45,54,3,59925.9,5,108187,4,70513.6,4,90398.4
45,63,5,129127.3,5,137147.1,6,174640.6,5.5,145558.8
45,64,2,51650.9,6,164576.5,2,58213.5,2.5,66163.1
45,65,15,387382,12,329153,13,378388.1,8,211721.9
45,66,21,542334.7,27,740594.3,22,640349,25,661631
45,67,5,107560.2,8,169671.8,9,218165.3,10,273970.3
45,70,7,150584.3,7,148462.9,4,96962.4,,
45,71,4,86048.2,1,21209,,,2,54794.1
45,72,31.5,468520.2,29,541859.5,178.5,3620825.6,403.5,8478065.3
45,73,190,3706845.1,186,3824656.1,180,4038721.9,194,4318340.3
45,74,87,1770701.2,94,2148097.9,97.5,2266322.4,92,2261638.6
45,75,496.5,9470558.2,498,9506313.7,472.5,9000748.9,453,8810728.4
45,76,329,5435353.4,332,5589964.2,288,5042564,352,6438164.4
45,77,564.5,7567978.2,615,8488781.4,653.5,9100566,611,8661359
45,78,261,3477339.9,268.5,3662149,344,4673770.1,306,4267627.4
45,79,76,2620782.7,69,2479002.6,40.5,1560665.5,40,1578661
45,80,177,4866113.8,255.5,6188007.4,277,6797358.9,262,6500346.2
45,81,165.5,4312721.6,182.5,4774556.1,173,4817014.6,171,5116630
45,82,196,4346066.7,173.5,4057302.6,187,4627371.2,187,4575903.2
45,83,189.5,4365069.1,184.5,4376424.6,256.5,6685866.2,251,6683627.5
45,84,119.5,2552937.6,110.5,2654475.9,89,2265215.7,80.5,1927724.8
45,85,191.5,5121325,211.5,5475356.7,190,5148268.2,196.5,5608964.9
45,86,381,8536220.6,390.5,8667458.2,359.5,8525110,332,7594899.9
45,87,433,7931595.3,435.5,8301361.7,368.5,6990580.2,276,5562753.7
45,88,34,546080.2,33,468060.8,25,715218.8,,
45,89,2439,32079020,2353.5,31222470.5,2261.5,31721104,2026,29748002.4
45,90,229,4263762.6,217.5,4025410.6,236,4370581.9,220,4557665.1
45,91,67.5,2247583.3,67.5,2300484,66,1888177.7,58,2060522
45,92,236,6236125.4,244.5,6572453.5,232.5,6460831.2,237.5,6790319.8
45,93,20,571270.1,18.5,559922.7,14.5,409746.4,13,379780.2
45,94,360,8858365.1,389.5,9904588.2,354.5,9319490,365,10385372.3
45,95,39,531864.6,54,737446.3,141,2116631.4,139.5,2225329.8
45,97,171,2969908.8,191,3422477.1,185.5,3540233.1,190.5,3483990.5
45,98,2,61242.7,3,96923.8,4,129768.6,,
45,99,129.5,3957508.7,137,4087116.6,145,4150053.3,138.5,4113597.9
45,100,193.5,4952565.8,187.5,4689995,242.5,5990963.3,331.5,8435967.7
45,101,106,2181385.9,107,2251631.8,267,5164760.1,281,5501984.7
45,102,,,,,103,2073079.6,129.5,2695585.1
45,104,59,1019291.2,51.5,958923.3,42,841636.3,44,921653.7
45,106,3,93701.7,2,62249,7,225709.6,7,209906.8
45,107,28.5,925145.2,26.5,887587.9,19,641646.4,25,926696.1
45,108,19,529235.7,19,607058,31,1046896.7,40.5,1119472
45,109,78.5,1615187,84,1682033.9,94.5,2174267.3,101,2469439.5
45,110,,,,,7,236396,7,240819
45,113,10,333016,19,663362.3,20.5,734603.2,14.5,513796.8
45,114,2,66603.2,2,69827.6,2,71668.6,2,70868.5
45,116,3,99904.8,4,139655.2,5,179171.5,2,70868.5
45,118,3,88525.2,8,233820.8,5,158030.1,1,39538.3
45,119,9,265575.5,8,233820.8,12,379272.3,10,395383.2
45,120,37,1311100.7,31.5,1116897.9,35,1203026.8,37.5,1288355.7
45,121,7,206558.8,10,292276,12,379272.3,12,474459.8
45,122,18.5,634164.4,20,678268.9,17,625136.4,15,565319.8
45,123,62,2257637.4,59,2117989.1,56,2224173.8,59,2195272.7
45,124,43,1289981.1,42,1320520.7,40,1421944.2,36.5,1348928.3
45,125,24,759136.3,25.5,831625.1,26,951924.2,28,975195
45,126,22,754141.4,20,678268.9,17,625136.4,17,640695.8
45,127,5,139874.5,9,248611.4,8,214947,8,206895.5
46,30,,,,,,,1,21869.5
46,34,4,92249.2,4,92674.7,6,148029.1,5,124640.8
46,35,14,322872.2,14,324361.4,14,345401.3,13,324066.1
46,36,135.5,3177225.6,144.5,3506051.9,147.5,3649891.6,136.5,3678185.6
46,37,180.5,4240426.6,180.5,4571138.5,171,4520344.2,154.5,4357753.9
46,38,141,3536579,144,3987171,144,4023255.2,147,4298365.7
46,39,165,4016025.2,171,4263913.8,165.5,4206725.5,154.5,4055962.2
46,40,43,855113,44,1008794.1,33,857093,57,1369112.4
46,41,81.5,1965522.8,81.5,2029584.3,86,2164150.9,79,2150015.6
46,42,279.5,6132447.1,271.5,6342504,277,6962964.3,253,6431276
46,43,52,1185416,57,1493617.8,48.5,1367962.9,44,1163294.4
46,44,1,19089.2,2,37728.7,2,42143.3,1,20988.3
46,45,6,114535.3,7,132050.6,7,147501.7,7,146918.1
46,46,16,305427.4,17,320694.3,20,421433.4,16,335812.9
46,58,2,39950.6,4,86549.6,4,70513.6,3,67798.8
46,64,,,1,27429.4,,,4,105861
46,65,10,258254.6,61,1033030.2,166,2965900,160,2855742.9
46,66,7,180778.2,4,109717.7,6,174640.6,6,158791.4
46,67,3,64536.1,3,63626.9,3,72721.8,2,54794.1
46,68,7,150584.3,6,127253.9,6,145443.5,6,164382.2
46,69,9,193608.4,12,254507.8,12,290887.1,13,356161.4
46,70,11,236632.5,12,254507.8,12,290887.1,12,328764.4
46,71,97.5,2198771.3,113,2652590.8,104.5,2693565.8,97,2590842.4
46,72,330.5,4641334.2,710,13446252.1,827,16258026.8,909.5,18720787.7
46,73,319.5,6562283.4,501,9439521.7,425.5,8470927.5,379,7956268.3
46,74,44,1129148.5,35,995395.1,38,1019175,36,1032409.4
46,75,374,6781173,352,6672763.3,331.5,6383998.4,474.5,9003253.4
46,76,481,10101408.4,482.5,10219540,423.5,8875679.2,461.5,10173848
46,77,301.5,7069971.6,313.5,7437729.5,295,7452554.6,52.5,1474286.4
46,78,263,3954772.1,259.5,4087077.6,260,4163416.7,256.5,4129696.5
46,79,186.5,4627884.9,183,4786761.1,181,4851448.8,178,4997817
46,80,269.5,6161358.7,288.5,6591511.8,309.5,7828659.7,286,7593807
46,81,271,6465650.8,268,6271825.4,254.5,6491296.9,249,6625379.7
46,82,201,4016557.7,192.5,3889234.2,199.5,4473543.2,196,4694718.6
46,83,15,468101.5,18,544566.4,11,314099.2,10,248960.7
46,84,47,1263194.8,48,1243416.5,54,1368971.6,61,1499951.7
46,85,396.5,7652621.9,402.5,8237208.3,370,7742603.9,355.5,7541797.8
46,86,405.5,9060525.2,370.5,8722903.7,544,12264917.7,778.5,17804647.8
46,87,229.5,5034483.1,254,5432357.1,155.5,3687752.5,68,1606295.6
46,88,234,3704782,313,4908399.7,291.5,5032610.4,281.5,4707983.5
46,89,304.5,4837244.9,314,4982828.2,314.5,5086928.7,326.5,5654911.2
46,90,331,6105476.6,340,6586358.8,302.5,6199519.6,324,6725228.1
46,91,141,3489724,136,3486693.1,162,4431477.2,159,4386565.9
46,92,207.5,5567806.1,216,6093855.9,213,6131993.8,208,6137190.3
46,93,337.5,5865901.6,295,5697358.2,317,6375368.5,293,6217510
46,94,230,4226397,249,4675554,243.5,4789672.4,233,4706028.9
46,95,339.5,6567895.1,310.5,6089500.8,193,3956957.9,179,3901073.4
46,96,535.5,8529370.6,524,8539632.4,523,8646576.7,480,7922743.8
46,98,54,1005813,56,1190446.9,53,1094691.2,54,1253590.8
46,99,76,2576652.9,69,2408048.4,93,2991288.5,76,2674725.6
46,100,310.5,6269306.8,311,6266502.4,302,6068284.3,290,6028414.9
46,101,211.5,4390496.5,201,4269177.3,251,5078830.1,234.5,5320188.4
46,102,2,62467.8,2,62249,2,64488.5,2,59973.4
46,104,5,156169.4,6,186746.9,7,225709.6,7,209906.8
46,106,23,718379.4,30,1177025.5,28,1147075.7,27,1137327.9
46,107,3,83563.5,4,127801.7,4,135083.4,3,103208.1
46,113,3,99904.8,2,69827.6,2,71668.6,2,70868.5
46,115,7,233111.2,8,279310.4,12,430011.6,10,354342.6
46,116,4,133206.4,7,244396.6,,,9,318908.4
46,117,26.5,781972.4,27,789145.1,31,979786.7,19,751228.1
46,118,34,1030732.5,27,933910.7,27,986233.4,30,1034885.5
46,119,64,1971750.8,65,2232013.1,63,2083939.5,72,2539558.7
46,120,48,1517627.8,56,1915281.7,53,1805100.5,59,2128273.6
46,121,45,1394884.8,53,1536209.4,49.5,1666108.1,62.5,2228821.6
46,122,30,1028374.7,24,813922.7,27,992863.7,23,866823.7
46,123,3,102837.5,3,101740.3,3,110318.2,2,75376
46,124,47,1562779.2,36,1204194.5,43.5,1534204,42.5,1494708.3
46,125,37,1298678.3,33,1163065.8,30,1042047.2,34,1164370.7
46,126,46,1635465.7,43,1517818.9,39,1439156.3,40.5,1645346.9
46,127,12,335698.9,15,414352.3,25,671709.4,27,698272.3
47,27,5,93611.4,5,112845.5,7,148088.5,,
47,28,1,18722.3,1,22569.1,,,1,21869.5
47,30,3,56166.8,2,45138.2,2,42311,2,43739.1
47,31,1,18722.3,1,22569.1,1,21155.5,1,21869.5
47,33,2,46124.6,1,23168.7,1,24671.5,1,24928.2
47,35,91.5,2426593.7,84,2349955,87,2574674,93,2975817
47,36,192,4637711.5,194,4751750.3,193,5005829.5,185.5,4894095.5
47,37,207,4997731.9,214.5,5540221.6,202.5,5270411.4,184,5319582.2
47,38,189,4619018.2,185,4635743.5,164.5,4299882.4,151.5,4132740.4
47,39,139,3296349.6,136,3241711.8,130.5,3456965,141,4281955.4
47,40,107.5,2229387.1,107.5,2264299.8,112,2510376.7,166.5,4084945.7
47,41,150.5,3538607.8,126.5,3296895.7,141.5,3641063.4,138.5,3891045.4
47,42,135,3385144.7,145,3745284.5,138,3782562.2,150,4092381.1
47,43,5,95446.1,6,113186.2,5,105358.4,4,83953.2
47,44,11,209981.4,7,132050.6,10,210716.7,3,62964.9
47,45,5,95446.1,1,18864.4,2,42143.3,3,62964.9
47,46,7,133624.5,5,94321.8,4,84286.7,4,83953.2
47,47,7,120606.6,7,110322.8,5,87379.5,2,50658
47,48,4,68918.1,4,63041.6,3,52427.7,3,75986.9
47,49,4,68918.1,4,63041.6,5,87379.5,,
47,57,4,79901.2,2,43274.8,,,,
47,58,5,99876.5,5,108187,6,105770.4,6,135597.5
47,60,,,2,43274.8,4,70513.6,4,90398.4
47,63,2.5,64563.7,2.5,68573.5,3,87320.3,2.5,66163.1
47,65,2,51650.9,2,54858.8,2,58213.5,2,52930.5
47,66,6,154952.8,5,137147.1,6,174640.6,5,132326.2
47,68,,,,,2,48481.2,1,27397
47,69,106,1845088.2,96,1707101.3,94.5,1692434.6,93,1693095.3
47,70,411,6880808.7,406.5,6734273.2,415.5,6861131.9,380,6843358.3
47,71,1002,19477618.4,1000,19594848.2,823,16368539.2,702.5,14268990.8
47,72,158,3557717.4,158,3703734.7,333.5,6526879.1,514.5,9700210.3
47,73,26,576680,151.5,3138371.2,421.5,8476645.1,391.5,8125694.6
47,74,265.5,5613158.8,251.5,5431545.4,252.5,5705392.3,247,5821909.5
47,75,174.5,4750363.1,166,4582810.7,182.5,5194650.4,182,5403266.6
47,76,66.5,2001597.7,70.5,2124976.8,61,1916535.2,40.5,1026687.5
47,77,496,12485325.6,496,12625124.5,465,12147777.4,,
47,78,316,8300000.4,316,8512234.7,559.5,15095062.6,1269,34523770.7
47,79,275,5592871.5,283,5763884.2,283,5642911.2,254,5586701.9
47,80,277.5,6975892.2,286,7357564.4,288,7119518.1,275.5,7169105.7
47,81,165.5,3748084.5,153,3461310.2,216.5,4748940.1,213,5405851.2
47,82,231.5,4658846.8,226.5,4428412.5,230,4578356.8,223,4788267
47,83,168,4264402.8,181,4516036.7,182.5,4763890.1,164.5,4491123
47,84,55,1812838.6,48.5,1568038.8,61,1922803.8,59,2131566.6
47,85,79,2154288.7,74.5,2015302.2,73.5,2018624.1,70.5,2025760.8
47,86,254.5,5760657.4,258,5670982.4,245,5734840.8,204,4936410.8
47,87,89,1611594.8,138,2475097.4,148.5,2598405.8,146.5,2788736.9
47,88,153.5,2880233,166,3082360.9,173,3396103,167,3334681.2
47,89,365,6050835.7,350,5781746.1,331.5,5595264.5,353,6125638.1
47,90,331,5195761.4,322.5,5112839,494,7770652.2,376,6049266.6
47,91,226.5,5185964.4,216.5,4630601.4,192,4590007.8,288,6202582.1
47,92,195.5,4302295.5,187.5,4058364.4,194.5,4313834.9,165.5,3818742.3
47,93,273.5,6727961.8,286,7243827.2,271.5,6928277.7,242,6509626.2
47,94,204.5,4349135.1,214.5,4713389.9,209,4897483,182,4669354.4
47,95,37,763794.2,48,937422.4,46,820791.2,44,804253.7
47,98,120.5,1702709,112.5,1589701.2,108,1548693.7,143,1981266.9
47,99,41.5,713007.8,39,745190.9,38.5,648579,42,770596.1
47,100,5,153106.7,4,129231.7,4,129768.6,2,74442.4
47,101,7,214349.4,8,258463.4,7,227095.1,3,111663.6
47,102,12,374806.6,10,311244.9,12,386930.8,5,149933.4
47,103,8.5,265488,8,248995.9,6,193465.4,8,239893.5
47,104,3,93701.7,2,62249,2,64488.5,2,59973.4
47,105,2,62467.8,2,62249,2,64488.5,2,59973.4
47,106,20,624677.7,22,684738.7,19,612640.4,18,539760.3
47,113,1,33301.6,,,4,143337.2,,
47,114,29,1058705.2,34.5,1237772.9,29,1049933.9,36,1318442.8
47,115,15,499524,15,523707.1,19,680851.7,12,425211.2
47,116,18,599428.8,14,488793.3,22,788354.6,30,1063027.9
47,117,23,678693,22,643007.1,18,568908.4,22,869843
47,118,30,885251.8,29,847600.3,27,853362.6,27.5,829960.8
47,119,36,1146811.2,32,1138408.5,36,1290991.5,40,1361196.8
47,120,48,1416310.2,52,1656603,47,1516842.4,46,1561215.4
47,121,44,1355555.7,41,1335594.9,40.5,1475197.6,44.5,1595511.9
47,122,45,1558085.2,47,1636903,36,1170595.1,36.5,1358395.3
47,123,36,1033826.4,35.5,1238974.5,29,1066409.1,23,866823.7
47,124,15,514187.3,15,508701.7,19.5,717068.2,18,678383.8
47,125,37,972053.7,31,963215.6,31,974914.4,28,915917.9
47,126,52.5,1582522.9,50,1804895.8,54,2109061.2,47,1833177.3
47,127,16,447598.5,10,276234.9,17,456762.4,27,698272.3
48,28,2,44486,2,43986.5,2,45388.6,2,50181.6
48,29,5,111215,5,109966.2,5,113471.6,5,125454
48,35,8,150601.7,7,119862.4,80,2013698.4,137.5,3571018.1
48,36,219,5723905,207.5,5375151.6,206,5379426.3,214,5969046.7
48,37,131.5,3424811.2,136.5,3648575.5,139.5,3946803.5,141,4193711.6
48,38,144,3332357.2,135.5,3383859.2,135,3149933.3,127.5,3147074.4
48,39,269.5,5352971,258.5,5302350,289,6393533.9,283,6568119
48,40,302.5,5800220.2,329.5,6629745.1,328,6810298.3,317.5,7273778.9
48,41,206.5,5097881.4,199,4754839.6,209,5221430,241.5,6183477.8
48,42,150.5,2961316.7,137.5,3236326.7,137,3294790.6,112,3001008
48,43,5,106410.5,4,87370.5,3,76500.9,3,78956.1
48,45,4,85128.4,4,87370.5,3,76500.9,4,105274.8
48,48,7,161747.8,7,193195.6,5,161775.4,9,251319.9
48,53,5,138317.6,4,122480.2,1.5,49206.6,1.5,52831.8
48,59,3,55253.3,3,49311.5,4,69712.2,,
48,63,6,167592.3,6,140480,6,154142,5,129247.6
48,64,9,251388.4,5,117066.7,8,205522.6,12,310194.2
48,65,14,391048.6,10,234133.4,10,256903.3,8,206796.1
48,66,3,83796.1,139,2204144.6,290,5192741.1,364.5,7316298.3
48,67,62,1400372.1,111,2724363.4,109,2470226.8,107,2468582.5
48,68,322,6675090.6,308,6215072.3,309.5,6883682.8,301.5,6710332.9
48,69,11,287631.6,9,240712.3,10,284818.6,15,361770.3
48,70,280,5570965.5,281.5,5577886,275,5460615.7,265,5712636.2
48,71,45,933326.6,45,949753.1,5,142409.3,2,48236
48,72,249.5,4924478.7,263.5,5347229,280,5477364.6,277.5,5617229.1
48,73,547.5,11478380.9,561,11285548.2,539,11267056.4,536.5,11860070.7
48,74,230,5732740.7,249.5,6023188,250,6153321.4,227,5660811.8
48,75,186.5,5086197,180.5,4623509.1,181.5,4760759.2,186,5257525.8
48,76,173,4269412.5,179,4619377,180.5,4738373.7,169,4825205.8
48,77,22,568014.6,17.5,470779.6,19.5,458075.7,17,529301
48,78,535,11154437,532,11609707.2,383,7103866.3,386,7206320
48,79,439.5,7294992.6,433,7813080.6,356.5,7096081.3,334.5,6868830.6
48,80,136,3808094.3,138,3975285.3,125,3908113.6,132,4091699.5
48,81,536.5,10218135.3,529.5,10358937.2,481,9788004.3,462,9769102
48,82,165,3218969.2,187.5,3862309.7,190.5,4138614.2,195,4537741.3
48,83,57.5,1665155.5,63,2026448.8,68,2134170.3,72.5,2398157.7
48,84,403,6841814.1,419.5,7282363,421,7394049.8,204.5,4619480.3
48,85,119.5,3583185.8,115,3561709.2,100.5,3002459,119.5,3538143.1
48,86,280.5,6289048.6,277,6393868.9,291.5,6944505.2,279,7011488.3
48,87,41,996866.3,46,1083559.8,39,1048394,36.5,779464.1
48,88,201,3197573.9,198,3679626.4,175,3239868.2,174,3240454.5
48,89,258,3918733.4,253,3992647.2,443.5,6844110,406.5,6493568.5
48,90,734,10897882.3,736,11569191.7,328.5,5968186.7,340.5,5998886.1
48,91,414,7859030.4,392,7874838.3,579,9793763.1,552.5,9424170
48,92,19,534425.6,43,961187.2,36,835922.8,39,1015833.3
48,93,19,565457.8,23,769404,19,560964.5,18,611444.1
48,94,1,29760.9,,,,,,
48,96,134.5,3327758.7,112,2883656.2,116,2800972.8,124,3055030
48,98,259.5,5039470.2,229,4358235.8,275.5,5565514.4,250.5,5143665.1
48,99,95.5,1678311,93.5,1573234.8,77.5,1445541.7,100,2055857.1
48,101,6,161763.8,9,279130.9,9,290598.6,9,316096.6
48,102,9.5,260388.5,4,118016.1,5,153607.8,2,67874.8
48,103,14,383730.4,14,413056.3,14,430101.9,16,542998.2
48,104,3,82227.9,2,59008,2,61443.1,,
48,106,19,520777,18,531072.4,23,706595.9,26,882372
48,107,4,133048.9,6,207700.8,2,69352,2,71602.3
48,111,5,166311.1,5,173084,5,173380,5,179005.7
48,112,38,1188973.9,37,1259954.6,34.5,1117660.5,29,928061.8
48,113,50,1726005.5,47,1610734.8,44,1553938.4,44,1574093.6
48,114,56,1823289.7,55.5,1961288.2,51,1744743.7,44,1618587.2
48,115,26,908776.3,30,1012511.5,39,1494055,35,1402583.4
48,116,16,559247,16,540006.1,14,536327.5,15,663240.9
48,117,21,729110.4,21,721416.2,18,638928,18,691181.3
48,118,30,1123379.9,33,1134926.2,30,1143179.7,31,1263776.8
48,119,47,1541509.2,51,1880765.7,53,1834963.2,57,2318550
48,120,56,1586043.8,51,1466709.5,48,1442872.4,60,1947520.7
48,121,41,1385734.9,40,1362801.6,44,1557036,42,1507716.7
48,122,40,1487214.3,43.5,1667802.1,36,1362509.8,45,1689208.6
48,123,53.5,1760017.6,56.5,1854680.5,54.5,1921419.7,57,2201588
48,124,59,1993090.7,55,1962303.5,55,1987768.6,50.5,1950922.6
48,125,34.5,1117627.4,37,1234944.4,34,1147038.8,38,1450397.4
48,126,30,976762,31,1045248.3,34,1138761.9,27,922105.1
48,127,7,263169.4,6,228440.5,6,232560.9,6,244672.9
49,31,2,44486,,,2,45388.6,2,50181.6
49,33,4,75300.8,5,85616,5,125856.1,4,95908.7
49,35,12,225902.5,12,205478.5,90.5,2108123.1,85,2038060.8
49,36,118,2969385.1,116,3067319.7,109,2805117.4,108,2933195.1
49,37,374,6499651.6,356.5,6470786.4,349.5,6528587.6,334.5,6881985.6
49,38,290,5090683,297,5135440.8,290,5165518.8,272.5,4893034.8
49,39,411.5,8178423.5,416.5,8522554.7,407.5,8633824.8,388,8789560
49,40,456.5,8474569.4,426,8123788.7,432,8539354.2,425.5,8760403.6
49,41,107,2852524.7,100,2995936.8,114.5,2991708.2,110,3118400.8
49,42,92.5,1908791.7,85.5,1807226.6,93,2165779.5,102,2489864.5
49,43,1,21282.1,1,21842.6,1,25500.3,1,26318.7
49,44,3,63846.3,3,65527.9,1,25500.3,1,26318.7
49,45,2,42564.2,2,43685.3,2,51000.6,3,78956.1
49,52,9,248971.7,9,275580.4,9,295239.7,9,316990.8
49,53,2,55327.1,2,61240.1,2,65608.8,2,70442.4
49,54,15.5,428784.7,18,551160.7,12.5,410055.1,6,211327.2
49,55,32,706935.7,27.5,585006.8,26,542633.8,24.5,539448.5
49,62,2,55864.1,3,70240,3,77071,1.5,38774.3
49,64,20,558640.9,18,421440.1,19,488116.3,16,413592.3
49,65,59,1971908.3,58,1737597.4,53,1741811.1,45.5,1590850.1
49,66,31.5,879859.3,98.5,2040672.9,133,2723995.6,141,2723200.9
49,67,640,12254876.8,899,17775109.5,940,18977397.7,936.5,19825993.7
49,68,356.5,7585034,366.5,7989425.3,350,7691225.4,345.5,7925448.2
49,69,413.5,7336234.1,379,7029644.9,387,7058513.7,376.5,7432889.8
49,70,513.5,10700209.2,485,10315924,486.5,10215757.2,497,10861505.5
49,71,96.5,1597493.1,103.5,1861235.6,108,1952393.6,92,1763662.6
49,72,283,5433616.1,278,5654133.7,275,5819072.4,269.5,5943217.8
49,73,368,7521531.9,375,7856272,372,8132403.6,380.5,8555895.7
49,74,372.5,8557499.5,361,8539373.9,350,8666679.5,331.5,8432066.8
49,75,129,3644473.3,84,2474876.1,110,3316463.6,119,3788328.3
49,76,131,2719295.2,193.5,4484722.7,138.5,3154834.1,147,3643518.2
49,77,118,2848216.7,124,3116416.1,125,3078848.4,119,3153391.8
49,78,270,5847621.5,290,6851319.6,283,6605730.6,273,6650680.3
49,79,353.5,6510310.7,376.5,7319702.6,359,7209152.4,318.5,6907321.8
49,80,441.5,7805150.1,432.5,7790042.6,432.5,8081389.9,415,7984401.3
49,81,189,2953716.3,189,3043510,309,4830381.6,402.5,6893874.8
49,82,510,8885818.4,500.5,8963804.4,553.5,10157286.2,507.5,10118833.9
49,83,149.5,2796621.1,131.5,2616654,153.5,3163288.3,150.5,3130544.3
49,84,356.5,6585198.1,341,6874208.9,354,7099348.2,327,7083918.5
49,85,355.5,7633988.6,356.5,8055918.4,347.5,8364316,581,11854378.8
49,86,325,6949720.6,331.5,7262208,373,8488556,344.5,8016180.3
49,87,68,1423248.1,54.5,1246233.4,66,1363955.9,81.5,1834202.8
49,89,738.5,11989349.3,706.5,11821263.7,682.5,12150301.8,664,12207623.2
49,90,410,6581112.8,417.5,6770166.2,432,7327053.9,386,6697933.2
49,91,223,4776630,218.5,5086249.8,231,6007858.1,215,5673992.3
49,92,5,148804.7,5,142312,5,147622.2,5,146699.6
49,94,10.5,312489.8,11.5,327317.5,13,383817.8,14,410758.9
49,96,91,2121679.8,86.5,1996617.1,71,1893438.6,91,2071718.3
49,97,56,1277809.5,53,1118399.6,60.5,1412995.5,49.5,1217581.1
49,98,267.5,6265867.8,234,5786437.9,248,5913121.9,243,6256586.8
49,99,138.5,3254373.9,133,3386109.8,166,4282099.9,172,4365787.5
49,100,5,134803.2,6,186087.3,5,161443.7,1.5,52682.8
49,101,8,215685.1,6,186087.3,6,193732.4,5,175609.2
49,102,4,109637.3,4,118016.1,4,122886.2,4,135749.5
49,103,3,82227.9,,,,,,
49,104,5,137046.6,,,3,92164.7,3,101812.2
49,105,17,465958.3,15,442560.3,22,675874.4,22,746622.5
49,106,39,1387939.5,36,1198190.1,32,1081137.4,29,1139559.9
49,107,7,232835.6,7,242317.6,9,312084,9,322210.2
49,109,3,99786.7,3,103850.4,1,34676,,
49,110,12,399146.7,12,415401.5,20.5,710857.9,18.5,662321
49,111,27,898080,22.5,778877.9,27,935143,32,1207169.1
49,112,49.5,1569039.8,51.5,1764027,54.5,1925468.6,51.5,1865805.6
49,113,40,1377908.3,39,1262197.4,48,1673422.4,39,1589930.4
49,114,40,1291557.1,47,1609760.3,59.5,2210400,67,2597604.2
49,115,16,559247,14,472505.4,12,459709.2,11,486376.7
49,116,15.5,541770.5,14,472505.4,17,651254.8,14,619024.9
49,117,19,659671.3,13.5,463767.6,13.5,479196,9,345590.7
49,118,14,486073.6,11,377884.7,20,709920,25,959974.1
49,119,6,208317.3,4,137412.6,4,141984,4,153595.9
49,120,15,520793.1,13,446591,11,390456,9,345590.7
49,121,31,999613.3,28,905705.3,33,1053701.2,31,1136201
49,122,53,1571646.4,52,1505890.6,53,1802370.6,55,1924431.8
49,123,74,1938163.9,67,1729330.4,63,1736106.1,64,1811380.2
49,124,89,2719836.5,88.5,2647410.6,78,2409014.4,71.5,2263744.2
49,125,53,1564835.1,54,1933297.9,47,1689512.8,37,1395247.5
49,126,30.5,888415.3,29.5,1023386,29.5,989644.7,29.5,1032298.8
50,37,67,1383771.8,68,1551796.6,62.5,1495752.6,60,1430071.7
50,38,99,1871119.8,93.5,1929414.4,110.5,2058934.5,101,2230021.9
50,39,18,470057.8,14,394712.8,15,482827.6,17,537826.4
50,40,30,569085.8,35.5,773739.6,34,769459.4,28,671317.7
50,41,144.5,3164001.9,135.5,3238852.4,138,3617017.7,138,3551014.2
50,42,141,3393379.3,146.5,3408356.8,130,3316948.2,142,3596409.1
50,43,13,276667.4,14,305796.8,12,306003.5,16,421099.4
50,44,4,85128.4,5,109213.1,5,127501.4,4,105274.8
50,49,3,69320.5,3,82798.1,3,97065.2,3,83773.3
50,50,3,69320.5,3,82798.1,3,97065.2,3,83773.3
50,53,7,193644.7,5,153100.2,4.5,147619.8,7,246548.4
50,56,2,55327.1,,,,,,
50,58,6.5,119715.4,4,65748.7,4,69712.2,4,85529.7
50,59,2,36835.5,2,32874.3,2,34856.1,2,42764.9
50,64,4,111728.2,4,93653.3,4,102761.3,4,103398.1
50,65,7,195524.3,10,234133.4,8,205522.6,192,4472619.1
50,66,115.5,2672629.6,164.5,3673581,182.5,4255648.2,387.5,8387085.9
50,67,493,9431432,487.5,9246727.5,617.5,12814367.1,582,12685391
50,68,260.5,5137569.4,247.5,4991548.9,390,8450395.9,408.5,9267775.2
50,69,289,4515264.3,292,4803972.7,284,5006299.2,276,4987222.4
50,70,367,6975352.7,337,6539829.3,321.5,6424951,309.5,6589566.2
50,71,68,1796115.4,70,1873698.2,82,2151068.5,259.5,5993890.6
50,72,225,4631931.4,217.5,4320944.2,226.5,4599299.5,313,6480587.9
50,73,152,3056401.2,152,2926238.5,141.5,2554976,140,2881249.1
50,74,31,631515.2,24,518146.5,23,495468.1,13,301371
50,77,156.5,3324470.9,128.5,2692005.5,36,785315.1,30,679880.3
50,78,21,542195.7,19,511132.1,24,563785.5,19,591571.7
50,79,138.5,3160770.6,133,3447949.2,156,3942643.9,161.5,4373414.4
50,80,488,6876122.2,447.5,6379076.4,339.5,5186178.7,308.5,4956296.1
50,81,191.5,3652875.3,189,4195946.4,171,3960341.8,178,4293188.1
50,82,232,5650560.3,234.5,5702137,233.5,5636735.3,213,5474807.4
50,83,130.5,3421955.3,192,5039871.7,184,5163809,179,5201717.5
50,84,244,5870838.5,187,4150378,264.5,6568177.3,282,7041996.5
50,85,242.5,5579884.8,239.5,6012414.8,235.5,6237770.3,217,6246385.8
50,86,196,4792912.2,201,4857519.4,208,5202478.5,200.5,5419631.2
50,87,8,182522.8,4,91430.7,103,2628013.7,105.5,2710774.8
50,89,295,6030763.2,293,6070055.9,273,5692319.6,263,5942362.8
50,90,19,394536.7,29,580764.6,28,527836.2,21,477856.6
50,94,108,1629841,116,2150000.9,105,1895690.5,92.5,1859857.3
50,95,106,1362898.7,116,1639037.8,119,1783559,121,1956361.1
50,96,36,1065186.7,41,1308283.3,34,1085419.6,29,908301.2
50,97,28,1115555.3,35,1207995.2,41.5,1508403.5,37,1413230.8
50,98,84,2947912.4,82,3070441.7,87,3331144.5,83,3299956.5
50,99,139,3064952.2,117,2489173.7,134.5,3046639.1,132.5,3375315.8
50,100,8,215685.1,10,310145.5,12,387464.8,13,456583.9
50,101,14,377448.8,16,496232.7,16.5,532764.1,17.5,614632.2
50,103,21,575595.6,22,649088.5,15,460823.4,18,610873
50,104,5,137046.6,5,147520.1,3,92164.7,6,203624.3
50,105,13,356321.1,12,354048.3,12,368658.7,13,441186
50,106,39,1567736.5,32,1390939,38,1685204,38,1685118.3
50,107,18,598720,15,519251.9,20,693519.9,21,751823.8
50,108,5,166311.1,5,173084,5,173380,4,143204.5
50,109,15,498933.3,13,450018.3,11.5,398773.9,14,501215.9
50,110,33,1106910.1,28,1073247.6,24,891714,30,1272135.7
50,111,55,2165522.5,53,2206522.2,49,2024178.7,44,1915856.9
50,112,31,1189207.1,41,1449570,38,1612496.4,37,1638409.1
50,113,51.5,1784123.5,50,1886971.3,52.5,2022720,45.5,1686623.6
50,114,54,1758975.8,52,1662778,55,1859364.8,53,1782949.1
50,115,38,1447855.2,40,1429326.4,33,1331834.1,38,1522220.6
50,116,26,908776.3,30,1201836.8,26,996036.7,24,1061185.5
50,117,29,1006866.7,30,1030594.6,28,993888.1,27,1036772
50,118,19,659671.3,21,721416.2,21,745416.1,19,729580.3
50,119,3,104158.6,11,377884.7,22,780912.1,27,1036772
50,120,8,277756.3,10,343531.5,11,390456,10,383989.6
50,121,13,451354.1,12,412237.8,11,390456,11,422388.6
50,122,36.5,1109302.5,39,1218107.7,38,1197525.5,35,1176940.4
50,123,156.5,3919934,157,3994841.4,144.5,3945865.2,158,4222469.3
50,124,231,5587450.1,241.5,6115188.1,227.5,5707251.8,231.5,5705565.5
50,125,106.5,3097505.3,92,2552639.1,88.5,2641679.1,92.5,2751456.6
50,126,2,65117.5,2,67340.5,3,92029.5,3,102456.1
51,35,5,94126,5,85616,5,125856.1,4,95908.7
51,39,7,182800.3,7,197356.4,6,193131,8,253094.8
51,40,72,2043373.8,77,2213227,72,2075762.3,77,2254025
51,41,56,1415731.9,48,1310398.9,53,1398085,49,1466339.2
51,42,75.5,1834901,67.5,1773083.4,66.5,1848020.6,70,1906951.1
51,43,32,681027.5,29,633436.2,29.5,752258.5,28.5,750083.3
51,53,11,304298.8,10,306200.4,14,459261.7,19,669202.8
51,54,4,110654.1,2,61240.1,,,2,70442.4
51,57,4,73671,10,164371.7,9,156852.4,7,149677
51,59,28,515697.3,20.5,336962,15,261420.6,11,235206.7
51,60,,,,,1,17428,1,21382.4
51,62,,,1,23413.3,1,25690.3,1,25849.5
51,63,5,139660.2,5,117066.7,2,51380.7,4,103398.1
51,66,12,335184.5,11,257546.7,13,333974.3,5,129247.6
51,67,48,914458.8,67,1456893.3,64,1430968,75.5,1820910.5
51,68,9,235334.9,127,2440593.9,247,4857269.9,236,4681132.5
51,69,178,4126358.3,290,6435827.8,343,7964153.2,334.5,7858460.7
51,70,64,1673492.9,54,1444273.5,44.5,1267443,98,2671705.8
51,71,609.5,10486512,547.5,9701371.6,548,10370504.8,530.5,10625674.7
51,72,230.5,5778073.2,223,5769310.8,217.5,5732825.4,218.5,6299473.7
51,73,145,3529960.6,130,3258759.7,145,3877200.1,127,3472490.3
51,74,612,9259139.4,637.5,9486804.8,836.5,12975968.6,800.5,12805371.8
51,75,67.5,1291119.6,129.5,2174709.2,13,280047.2,14,324553.4
51,76,21,441006.8,18,388609.8,20,628634.4,15,347735.8
51,77,309.5,6686056.9,327,7362749.8,391,8844190.4,426,9217023.2
51,78,,,,,12.5,293638.3,,
51,79,204,4121928.1,202.5,4288680.9,208,4639961.5,196,4570141.1
51,80,375.5,5870248.7,359.5,5948480.2,401.5,6513904.2,381.5,6349676.1
51,81,665,13931500.8,504,9247757.4,699,15306849.6,698,15595697.8
51,82,167,4472139,303,8366244.6,61,2206899,57,2097217
51,83,34,984613.7,27,868478,35,1200491.3,25,820301.9
51,84,335.5,7711929.6,310,7419576.6,322,7999889.7,274,7065760.2
51,85,261,6353269.4,246.5,6094234.6,274.5,7079639.7,245.5,6841961.4
51,86,99,2579288.6,88.5,2543887,89.5,2722161.7,89.5,3067409.3
51,87,186,2840849.8,206.5,3663200,214.5,3897646.7,355,6921241.7
51,88,227,4617764.3,229.5,4652032.6,288,6109658.8,187,3994119.6
51,89,71.5,1475022.4,61,1458391.5,58,1401021,72,1703043.9
51,90,5,114076.7,4,91430.7,5,107505.3,10,202883.5
51,91,194.5,4959187.5,178.5,4663392.4,185.5,4923034.1,168.5,4379370.5
51,92,12,357131.2,14,398473.5,20,590489,18,528118.6
51,93,36,792781.7,33.5,715416.5,28.5,567390.1,28,663935.8
51,94,160.5,4180337.4,177,4801474.7,179,5031008.6,187,5652133.2
51,95,197,4213118.8,167.5,3525251.2,175.5,3792727.1,164.5,3920796.3
51,96,327,6107164.9,322,6147140.2,369,7401912.4,360.5,7174116.7
51,97,18,485291.4,16,496232.7,18,581197.2,19.5,684875.9
51,98,96,2400347,101.5,2640339.6,104.5,2895240.7,104.5,3087597.7
51,99,278.5,5457089.8,258.5,5182493.1,288.5,6098833.5,297.5,6645724.4
51,100,134.5,3105007.3,133,3411182,162,4148427.4,142.5,3991869.4
51,101,69,2055350.6,64.5,2061656.9,66,2245335.6,61.5,2119296.8
51,102,8,219274.5,8,236032.2,6,184329.4,7,237561.7
51,103,13,356321.1,9,265536.2,8,245772.5,6,203624.3
51,104,12.5,342616.4,17,501568.4,11,337937.2,15,509060.8
51,105,6,164455.9,2,59008,6,184329.4,5,169686.9
51,106,25,685232.8,20,590080.5,19,583709.7,22,746622.5
51,107,,,,,,,3,107403.4
51,108,10,332622.2,20,692335.9,22,762871.9,17,608619.3
51,109,42.5,1550719.9,36,1385565.4,38,1372184.9,44,1712924.6
51,110,24,873952.1,27,1004618.6,29,1103414.9,31,1259787.6
51,111,30,997866.7,25,865419.9,48,1915534.4,53,2364899.3
51,112,34,1301162.2,33,1285894.8,32,1217589.1,38,1644464.5
51,113,33,1281269.6,30,1166660.8,30,1191009.7,44,1691471.9
51,114,50,1383589.1,56,1583038,54,1646055.7,59,1794105.6
51,115,44.5,1696645.8,46.5,1678523.4,45.5,1750945.8,43,1673804.7
51,116,62,1619710.7,68,1817751.5,76,2220687.5,76.5,2427190.6
51,117,34,1184823.9,30,1051754.8,30,1075739.7,29,1159731.4
51,118,14,486073.6,26.5,910358.5,34,1195077.3,40,1713191.9
51,119,5,173597.7,53,1638662.9,63,2238431.1,69.5,2526245.3
51,120,27,937427.7,31.5,1070444.1,42,1529875.3,51,1967733.5
51,121,54,2156253.3,48,1788401.1,43,1731430.7,48,1837541.7
51,122,27,879085.8,27,909096.3,28,858941.7,29,990409.2
51,123,40,1236870.8,33,1111117.7,35,1073677.1,30,1024561.2
51,124,,,59.5,1626125.5,67.5,1826501.3,50.5,1551482.4
51,126,1,32558.7,,,,,,
52,35,1,18825.2,,,,,,
52,39,34,971311.8,32,966331.5,33,1062220.7,33,1044015.9
52,40,57,1565253.1,53,1503788.7,50,1474007.8,45,1318569.2
52,41,7,182800.3,4,112775.1,4,128754,2,63273.7
52,42,20,425642.2,14,305796.8,16,408004.6,13,342143.3
52,43,1,21282.1,1,21842.6,3,76500.9,7,184231
52,44,2,42564.2,1,21842.6,1,25500.3,1,26318.7
52,52,2,55327.1,2,61240.1,2,65608.8,2,70442.4
52,53,6,165981.2,5,153100.2,,,,
52,55,2,55327.1,2,61240.1,4,131217.6,4,140884.8
52,58,,,2,32874.3,2,34856.1,1,21382.4
52,59,7,128924.3,7,115060.2,1,17428,5,106912.2
52,62,6,167592.3,6,140480,5,128451.7,4,103398.1
52,63,2.5,69830.1,1,23413.3,1,25690.3,1,25849.5
52,64,,,4,93653.3,4,102761.3,4,103398.1
52,65,3,83796.1,3,70240,3,77071,3,77548.6
52,68,265,5923152.4,250.5,5711412.5,253.5,6257813.6,285,6652154.6
52,69,157.5,4059997.5,145,3635518.5,229.5,5054421.3,371,8485796.8
52,70,147,3906055.6,144,3857181.2,143,4043396.5,147,4174300.8
52,71,504.5,8661931.6,546,9796634.7,550.5,10147549.1,551.5,10399892.1
52,72,202,3790609.3,172,3360426.6,168,3174959.2,169.5,3420767.3
52,73,320,4992509.9,288.5,4706999.9,249,4099647,293,4690116.9
52,74,958.5,17199187.4,935,16689423.6,940.5,17163762.6,885.5,16558835.6
52,75,163.5,2552000.9,110.5,1784071,74,1124872.1,68.5,1206488.4
52,76,251,5246687.1,266,5388920.5,267.5,6016766.7,255.5,6109242.9
52,77,267.5,6488684.4,261,6336636.1,249,6570894.9,232.5,6516614.2
52,78,106,2777389.1,111,2969406,104.5,2788748.6,99,2821088.7
52,79,369,8270213,397.5,8601634.7,401,9297419.7,405,9654129.5
52,80,568,11104454.8,544,10811528.6,510,10683690.6,500,11529575.4
52,81,302,5893559.9,316,6454833.2,294,6155998.8,298.5,6566587.2
52,82,230.5,4907833,210.5,4912231,209,5103028.9,194,4710602.6
52,83,391,8932111.3,379.5,9558038.8,392,10574789.3,367.5,10530503.4
52,84,211.5,5909599.2,204,6104166.3,198,6110253.3,200,6295340.3
52,85,238.5,5862036.6,240.5,6345795.1,228.5,6633714.4,216.5,6234318
52,86,88,2620759.6,87,2698360.6,96,2940432.4,87,2834643.3
52,87,238,6438191.1,224,6221521.7,289.5,7879217.6,287,8454983.7
52,88,244,5236052.1,221,5011738.2,227.5,5251654.9,199,4480193.4
52,89,22,501937.6,17,388580.3,19,408520.1,18,365190.2
52,90,45,822338.6,68,1438950.7,65,1413452.9,50.5,1243305.9
52,91,274.5,4068610.9,263.5,4030007.1,293,4969341.9,280,5012380
52,92,328,6405858.1,288.5,5361564.8,294.5,5926132.8,287.5,6018665.4
52,93,107,2124714.4,104,2149986.9,118,2410961.6,113,2526563
52,94,42,1094396.2,38,893940.7,40,994644.2,47.5,1152410.4
52,95,145,3761989.2,154,4069050.9,148,4032252.7,147.5,4335005.9
52,96,105,2858967.7,100.5,2791230.2,100.5,2822329.3,110,3152543.9
52,97,99,2304867,86,2205124.2,74,1991207.4,86,2334771
52,98,200,4112438.6,176,4047949.8,169,4032755.8,191.5,4780025.5
52,99,85.5,2338356.1,79,2268964.1,82.5,2466081.1,86,2726257.5
52,100,172.5,3443614.8,165,3421234.4,151,3369444.2,148,3163037.6
52,101,41,1287992.8,44.5,1260097.4,73,2039605.5,51.5,1909540
52,102,29,950957,27,974273.8,21.5,660513.6,23,780559.9
52,103,45,1247407,39,1100258.7,38,1130367.7,42,1494813.8
52,104,26,712642.1,20,590080.5,24,737317.5,20,678747.7
52,105,7,191865.2,4,118016.1,,,,
52,106,3,82227.9,5,147520.1,,,4,135749.5
52,107,29,948807.9,34,1118882.9,33,1187357,29,1176124.8
52,108,31,993267.8,34.5,1155926.1,37,1322141.7,46.5,1580990.5
52,109,37,1360095.5,33,1196998.9,34,1212374.4,26,1066668.9
52,110,20,665244.5,18,623102.3,19,658843.9,19,680221.5
52,111,19,631982.2,18,623102.3,16,554815.9,23,823426.1
52,112,39.5,1540596.4,31.5,1221996.5,30.5,1170201.3,42.5,1686034.3
52,113,55,1590535.9,53,1534870.1,51,1628489.9,54,1763865.5
52,114,139,3506938.3,141.5,3513846.2,144.5,3974541.5,124.5,3582465
52,115,57,1745248.6,66,2099779.3,65.5,2191453,67.5,2325331.2
52,116,58,1876315.4,62,2006109.7,59,1825802.9,53,1858682.4
52,117,60,1995985.8,58,1830499.8,54,1898650.9,48,1749795.3
52,118,30,1041586.3,26,893182,27,958392.1,28,1075171
52,119,4,138878.2,31,1064947.7,36,1082939.9,78,2198652.8
52,120,80.5,1595733.2,79.5,1646600.2,83,1764374.9,87,2011799.6
52,121,45,1368043.2,45,1416446.9,45,1597294.3,44,1609264.4
52,122,32.5,979658.5,28,877603.8,30,928857,32,1155916.3
52,123,34,1321254.1,29,1094043.1,31.5,1181447,29,1135821
52,124,15,488381,14,471383.3,12,368117.9,10,341520.4
52,127,19,714316.9,19,723394.9,15,581402.2,14.5,591292.9
53,38,3.5,65888.2,4,68492.8,4,100684.9,4,95908.7
53,41,2,37650.4,2,34246.4,2,50342.5,2,47954.4
53,45,,,,,,,2,55848.9
53,46,1,23106.8,,,,,,
53,52,13,292129.6,13,300419.4,16,404285.2,15,430836.8
53,53,14,314601.1,14,323528.6,14,353749.5,14,402114.4
53,54,68.5,1855155.7,70.5,1939374.6,63,1838722,62.5,1871513.7
53,55,110.5,3264419.7,109,3129853.2,114.5,3542096,105.5,3419671.2
53,56,45,1148280.6,46.5,1267153.1,41,1138413.7,41.5,1185100.1
53,57,14,300685.9,12,279288.3,14,368821.6,14,404707.8
53,58,1,21477.6,1,23274,3,79033.2,4,115630.8
53,64,4,104198.3,,,2,53314.4,3,86428.8
53,65,,,,,1,26657.2,3,86428.8
53,66,1,26049.6,1,25826.5,1,26657.2,1,28809.6
53,67,21,511008.2,18,494089.5,18,472750.8,17,409999
53,68,34,996376.3,36,1161645.8,36,1132963.1,35,1223298.4
53,69,158,4209831.6,151.5,3858422,158.5,4481762.1,179,5144240.9
53,70,446,8200730.2,431.5,8067435.3,396.5,7636409.7,398.5,8263074.3
53,71,154,2383436.4,134.5,2096865.9,138.5,2160092.9,153,2470833.5
53,72,387,8409562.7,388.5,8618721,390.5,8996910.7,403.5,9258211.8
53,73,240,4833289.1,218,4224682,195.5,4119804.6,199,4239388.9
53,74,512,9784425.8,496,9322959.3,482,9398624.9,472.5,9593684.6
53,75,443.5,10238585.3,428,10048722.4,398,9100500.2,426,9894269.2
53,76,302,7491216.6,283.5,7189207,263.5,6391050.5,293,7105859.1
53,77,266.5,6798757.9,261.5,6841670.8,257,7182972.4,251.5,7333861.3
53,78,371.5,7319876.3,369.5,7895523.8,375,8101161.3,330,7255245.6
53,79,135.5,2596168.8,127.5,2415073,145.5,2857792,116.5,2299140.3
53,80,325,6072926.7,406.5,7234952.6,400.5,7724312.4,365,6925116
53,81,668,11109662.7,668.5,11995866.2,662.5,12674624.9,630,13112561.1
53,82,413,9087247,389,9071843.4,400,9815664.3,411,10888365.2
53,83,405,8751972.3,380,8828108.4,393,9384740.7,378,9703290.1
53,84,552,14690006.3,584,16159869.9,546.5,15152913.9,515,14608970
53,85,109,3713042.9,96.5,3272784.6,88,3016330.8,95.5,3374834.8
53,86,174,5150944.8,170,4965348.4,164.5,5382615.7,146,4790526.7
53,87,373,9414688.9,388.5,9685240,306,7823829.3,298.5,8297769.6
53,88,192,4125157.8,189,4081506.5,197,4037163,204.5,4272751.9
53,89,141,3352374.4,133,3643520.9,136,3479193.4,116,3172933.2
53,90,222.5,4378356.6,230.5,4443114.7,241.5,4816138.2,208.5,4396223.9
53,91,333.5,6153571.5,295,5643612.9,307,5573318.7,278.5,5482123.3
53,92,143.5,3224383.9,115,2567008,122.5,2662311.1,136,2885515.6
53,93,92.5,2253449.8,67.5,1722273.1,84.5,2169941.6,88.5,2285765.7
53,97,76,2039960.2,76,2122998.5,84,2521664.6,76.5,2180960.9
53,98,1,26779.5,1,26383.3,167.5,2285334.9,1,36545.1
53,99,191,3845493.3,148.5,3180839.5,150.5,3213153.7,27,1065675.9
53,100,114.5,2572015.1,107,2549582.9,79,2029033.3,117,2971388.7
53,101,11,294574,10,263832.8,10,247243.7,11,401996.3
53,102,29,852685.8,27,830296,24,733625.7,23,748863.1
53,103,30,979456.7,27,812519.4,23,740109.7,21,683744.6
53,104,9,264626.6,12,369020.5,8.5,259825.8,12.5,406990.8
53,105,11,323432.5,12,369020.5,17.5,534935.4,18,586066.8
53,106,14,411641.4,15,461275.6,11,336245.1,10,325592.7
53,107,56,1577110,58,1785451.7,64,1939825.3,67,2041883.9
53,108,35,1163321.6,35.5,1299916.7,38,1487980.3,36.5,1516498.3
53,109,52.5,1850009.2,55,1946884.9,51,1892060.2,54,2159236.4
53,110,34,1135181.9,29,1080173.5,28,934261.7,20,673768.9
53,111,8,247578.4,7,225126.9,12,383320.3,31,1115181.4
53,112,18,463469.3,20,558954.7,18,459022.8,18,541642.3
53,113,114.5,2924934.3,137,3660519.5,125,3556162.9,121,3603302.6
53,114,183.5,4096316.2,181.5,3792888.9,185,3874147.7,176.5,4186690.4
53,115,37,1327977.9,38,1503004.5,39,1525224.7,33,1374484
53,116,47,1485616,45.5,1547714.8,50,1675976.4,47,1639333.6
53,117,73.5,2356982.3,73,2456684.9,74,2519580,67,2477301.5
53,123,10,291119.7,10,287732,7,220383.8,6,187046
53,124,4,116447.9,4,115092.8,4,125933.6,4,124697.3
54,46,1,23106.8,1,27599.4,,,,
54,52,240,4541432.4,234.5,4543950.2,225,4672631.2,208.5,4467409.9
54,53,105,2459140.9,104,2540932.4,109.5,2771015.4,127,3508651.1
54,54,131,3053857.7,118.5,2827559,103,2485060.1,129.5,3231462.3
54,55,178.5,4531080.1,178.5,4602187.7,156.5,4137604.1,161,4569117
54,56,170,4677980.9,164,4495346.4,160,4480240.9,181,5489701.6
54,57,60.5,1569337.7,68.5,1684029.9,66.5,1804155.7,66,1965384.2
54,61,,,1,23274,1,26344.4,1,28907.7
54,62,8,208396.5,6,154958.8,9,239915,9,259286.5
54,63,13,338644.4,7,180785.3,9,239915,8,230476.9
54,64,7.5,195371.8,8.5,219525,7.5,199929.2,8.5,244881.7
54,67,2,48667.4,,,7,183847.5,5,120587.9
54,68,9,219003.5,11,301943.6,9,236375.4,9,217058.3
54,69,68,1924218.7,76.5,2028994.3,69,2037732.4,64.5,1717845
54,70,160,3870778.6,176,4457576.5,273.5,6936561.1,303.5,7826120.3
54,71,67.5,1828986.5,75,2167101.4,201,5948272.2,215.5,6580117.8
54,72,206,4493867.9,208,4666475.2,196,4531301.9,196.5,4829358.3
54,73,845,16726114.1,843,16754576.9,819.5,17084592.9,773.5,16697064.4
54,74,978,17354960.7,938,16869597.7,839,14189359.3,734,13482676.4
54,75,181.5,4014784.9,177.5,3962023,192.5,4477039,162.5,3976998.8
54,76,192.5,4352465.5,176.5,4280018.1,177,4559337.8,174,4707662.1
54,77,231.5,5008087.6,212.5,4831849.5,200,4512911.7,214.5,5263550.1
54,78,545,11522296.8,516,11280806.8,537.5,11905080.7,531,12212006.6
54,79,691,14153601.4,652,14432081.7,601,13503945.5,570,13655305.1
54,80,698,14830233.3,676,14543274.1,641.5,14599200.6,588.5,14297951.4
54,81,758.5,11581583.3,699,11890780.2,660,11534172.6,625.5,11299183.5
54,82,345.5,7463706.3,345.5,7044856.1,353,7760947.9,332.5,7640725.3
54,83,199.5,5308749.3,194.5,5351514.6,195.5,5437108.6,185.5,5360694.7
54,84,267,8064893.5,262.5,7730124.7,258,7612058.7,255.5,8219689.8
54,85,112.5,3012707.1,111.5,3076114.1,122.5,3119676.7,125.5,3801524
54,86,362.5,8655187.1,392.5,9772728.5,389,9605083.4,396.5,10326457.1
54,87,32,895689.8,30,848085.4,33,833282.1,38,1071388.2
54,88,62,1587579,71,1903301,66,1934890.8,68.5,1883029.4
54,89,221.5,5424937.5,215,5405335.4,207,5553288.8,207,6261583.6
54,90,251.5,6682902.7,239.5,6708914.7,263.5,7534479.8,244,7635887.2
54,91,366,7311775.1,372,7252878,337.5,7344172.2,363.5,8013601.6
54,92,71,1544089,93,1950349.6,89,1837159.9,48,845669
54,93,,,,,1,27423.4,,
54,97,,,6,158299.7,,,,
54,98,,,,,,,3,109635.4
54,99,67.5,1390300.4,63,1346325.1,67,1369685.1,216,4115250.2
54,100,38,1367878.8,37,1354466.3,30,1024472,29,969317.6
54,101,4,107117.8,4,105533.1,5,123621.8,4,146180.5
54,102,20,588059.1,13,399772.2,,,,
54,103,,,,,10,305677.4,10.5,341872.3
54,104,1,29403,2,61503.4,1,30567.7,1,32559.3
54,106,59,2000859.8,61,2018907,66,2104292.2,58,1954315.6
54,107,99,3051213.4,96,3200589.6,91,3098039.6,91.5,3111327.2
54,108,82,2634958,88,2527934.4,87,2735214.5,88,3104981.2
54,109,42,1332716.1,41,1393893.9,42,1383207.9,47,1750072.7
54,110,4,123789.2,6,192965.9,8,255546.9,8,269507.6
54,111,7,216631.1,6,192965.9,6,191660.1,15,505326.7
54,112,5,128741.5,4,111790.9,5,127506.3,4,120364.9
54,113,19,453690.2,14,391268.3,16,469513.3,13,391186.1
54,114,183,4246688.7,170.5,4217900.7,188,4427636,179,4514257.3
54,115,32,941999.9,34,1088222.7,27,836714.7,28.5,901840.3
54,116,47.5,1090609.7,61.5,1445350.6,52.5,1276712,65.5,1638769
54,117,17,457992.4,21.5,684220.4,16,461790.3,19,676627
54,127,5,134505.2,5,138983.2,6,160380.5,6,162137.6
55,45,3,69320.5,3,82798.1,3,97065.2,3,83773.3
55,46,1,23106.8,1,27599.4,1,32355.1,1,27924.4
55,51,7,161747.8,8,220794.9,5,161775.4,8,223395.4
55,52,9.5,213479.3,9.5,219537.3,11.5,290580,10,287224.6
55,53,44,1095838.1,45,1129126.7,43,1061528.3,48.5,1271872.7
55,54,166,4347206.5,157.5,4095523.8,160,4070919,163,4459254.4
55,55,327.5,7223481.2,319.5,7025708.2,294,6603797.4,294,6894996.5
55,56,202.5,4657757.7,200.5,4850737,179.5,4255362,182,4835935.3
55,57,167,3473374,164.5,3265347.5,155,3548678,153,3533044.5
55,60,29,622849.3,26,605124.7,26,684954.3,31.5,910592.6
55,63,,,15,387397.1,10,266572.2,15.5,446549
55,64,2,52099.1,2,51652.9,,,,
55,69,176.5,4135287.1,180,3976294.9,191,4424998.8,185,4335385.2
55,70,186,4540939,190.5,4564885.2,217.5,5228740.8,205.5,5260626.8
55,71,326,7064272.9,313,6891855.4,207,4361012.1,198.5,4460308.5
55,72,598,8967301.7,586.5,8922591.4,555.5,8723156.7,574,9257251.5
55,73,471.5,7023559.2,504,7105729.6,397.5,5955186.7,366,5594764.1
55,74,365,7246657.3,410.5,7816891.6,409.5,8017446.4,367,7591811.5
55,75,314,5868991.5,311.5,5791525.9,425.5,9024834.5,417.5,8894581.5
55,76,215,3912307.5,214,4396381.8,267.5,5612303,262,5772212.1
55,77,109,3010168.6,109,3016748.1,208.5,5224131.7,254,6286528.7
55,78,343,6665613,382.5,7784934,631.5,14046989.9,585,13513431.9
55,79,661,13541479.2,660,14057573.4,639,13990300.5,639.5,14213063.5
55,80,530.5,11029485.6,533.5,11298075.8,497.5,10996691.8,460.5,10946823.5
55,81,495,8775293.8,462,8811539.6,484,9961807.2,428,8956841
55,82,363,7999918.9,356.5,7706796,317,7414009.7,281,7413377.2
55,83,1,25031.9,,,2,63557.8,20,502291.5
55,84,244,6672146.7,270.5,7565435.6,269.5,7913368.9,284,8181338.7
55,85,299,7422817.9,298.5,7843311.4,494,13803202.6,526,14881897.2
55,86,250,5942870,244,5990303.8,409,11551217.6,394.5,12172295.7
55,87,31,838531.2,118,2689171.1,229.5,4389934.3,255.5,4779776.7
55,88,15,405740.9,9,281748.5,9,270808.9,8,240683.6
55,89,157,3814009.3,167.5,4108748.9,170.5,4465236.7,186,5081919.8
55,90,121.5,3610478.5,111,3507120.4,106,3481106.8,127.5,4457379.8
55,91,302.5,6686687.9,287,6730776.6,294,7046663,335.5,8185391.2
55,92,265.5,5235136.2,253.5,5319476.6,240.5,5014381,195,4462788.8
55,93,21,396434.3,23,378426.4,19,521045.1,27,613359.8
55,96,53,1002028.3,37,883311.7,14,383928,38,989747.9
55,97,335,4349409.4,331,4331378.6,208.5,3079009,361,5179866.8
55,98,199,2986837.7,195,3128887.3,119,2022533.9,134,2238659.9
55,99,,,,,,,3,109635.4
55,100,,,,,3,74173.1,2,73090.2
55,101,6,160676.7,8,211066.3,8,197794.9,7,255815.8
55,103,5,147014.8,7,215261.9,6,183406.4,5,162796.3
55,105,1,29403,1,30751.7,1,30567.7,1,32559.3
55,106,48,1283272.4,47,1293675.3,45.5,1268068.4,55,1681248.7
55,107,18,557051.3,17,546736.8,20,638867.1,21,707457.4
55,108,9,278525.7,8,257287.9,8,255546.9,9,303196
55,112,7,180238.1,7,195634.1,14,357017.7,11,331003.6
55,113,1,25748.3,1,27947.7,2,51002.5,1,30091.2
55,114,12,308979.5,7,195634.1,7,178508.9,6,180547.4
55,115,15,386224.4,10,279477.3,11,280513.9,11,331003.6
55,116,28,720952.2,26,827217.6,27,852122.9,28,879914.2
55,117,2,53881.5,5,159121,8,230895.1,8,284895.6
55,120,1,26940.7,1,31824.2,1,28861.9,1,35611.9
55,124,5,145559.8,6,172639.2,5.5,173158.7,4.5,140284.5
55,125,22,640463.3,20,526445.3,20,629668,18,561137.9
55,126,49.5,1362574.9,57.5,1450603.4,54.5,1667280.4,60.5,1867647.3
55,127,142.5,3720139.6,144,3597155.9,144,3876687.5,131,3631098.4
56,51,3,69320.5,3,82798.1,3,97065.2,3,83773.3
56,54,74.5,1773660.2,56,1435573,58,1479762.5,53,1401196.9
56,55,115,2415703.6,103,2370869.1,253.5,5570003.8,304.5,7036333.5
56,56,245.5,5541199.2,243,5548669.7,232.5,5782887.8,232,6038782.1
56,57,122,3671550.2,118,3560368.9,106,3342402.4,111.5,3778094
56,60,10,214775.6,10,232740.3,9,237099.6,4,115630.8
56,63,3,78148.7,,,2,53314.4,2,57619.2
56,64,4,104198.3,6,154958.8,5,133286.1,3,86428.8
56,65,6,156297.4,5,129132.4,8,213257.8,3,86428.8
56,66,129.5,1855625,115,1617621.4,133,1967884.6,129,2007959.3
56,67,10,243337.2,30.5,523484.5,22,332548.9,28,473591.8
56,68,3,73001.2,4,109797.7,3,78791.8,3,72352.8
56,69,1,24333.7,3,82348.2,1,26263.9,,
56,71,493.5,11039481,489,11292196.8,527,12291639.6,506,11983408.7
56,72,406,8057181.8,385.5,7654806.4,358,7556887.8,349.5,7617322.9
56,73,471,8513594.5,455.5,8482523.9,643,11169777.7,631,11279290.8
56,74,569,10395171.4,548.5,9918546.5,1174,20042705.5,1029.5,19083152.3
56,75,428,8101376.5,420,8190942.6,351.5,7456449.9,368.5,7889802.7
56,76,328.5,7614810.3,298.5,6855347,274,6665715.8,269,6614469.4
56,77,586,12752717,594.5,13425170.7,632.5,15198607.3,604.5,15075558.8
56,78,366,8219632.5,341,8297942.9,339.5,8493111,332.5,9239367.4
56,79,518,11856083.2,502,11381853,509.5,11978450.7,465,11878867.2
56,80,433.5,9881359.8,405,9380006.6,413,9992460.9,379.5,9578557.4
56,81,626.5,14957021.9,610.5,14558863.6,581.5,14868652.3,587.5,15022303.2
56,82,435.5,10345965.9,435,10329296,436,10827503.8,404.5,9884133.5
56,83,145,3318730.8,154,3830488.8,153.5,4325931.2,141.5,3891819.8
56,84,98.5,2657014.6,92.5,2542017.9,99,2709096.3,113,3094198
56,85,30,750955.7,29,793886.9,22,699136,20,502291.5
56,86,405.5,11637963.3,374.5,11123863.9,234,6620232.9,251.5,7806785.8
56,87,353.5,9034788.7,344.5,8775635.7,366,9825608.7,358,10504789.3
56,88,140.5,3377257.5,140.5,3632895.8,129,3659426,126,3608991
56,89,148,4801939.8,150,4903967.3,299,7586734.8,294,7950977.8
56,90,9,243444.5,7,219137.7,5,150449.4,5,150427.3
56,91,362,8154210,339,7659848.6,389,8957041.8,366.5,8756135.9
56,92,56,1191754.8,47.5,1007563.3,302,6018346,306.5,6680185.2
56,93,216.5,4019027.3,174.5,3218932,202.5,3670925.7,240.5,4394577.2
56,94,29,506446.5,28,498093.8,25,499444.3,22,444714.5
56,95,2,37755.7,3,49360,3,82270.3,1,22717
56,96,72.5,1652142.2,63,1540986,76.5,1719008.6,71,1745807
56,97,65,964196.1,51,887077,43,732304.1,46,836022.8
56,98,365.5,6613955.3,374,6929943.3,426.5,8322997.8,439.5,8713613.1
56,99,,,,,46,820689.2,,
56,103,14,131851.4,15,143952.5,24,280358.5,30,316899.7
56,106,7,205820.7,5,153758.5,5,152838.7,2,65118.5
56,110,2,61894.6,2,64322,2,63886.7,2,67376.9
56,111,1,30947.3,1,32161,3,95830.1,4,134753.8
56,114,1,25748.3,,,6,153007.6,,
56,115,2,51496.6,3,83843.2,2,51002.5,2,60182.5
56,116,3,77244.9,2,55895.5,2,51002.5,2,60182.5
56,122,1,29112,2,57546.4,4,125933.6,5,155871.6
56,123,6,174671.8,9,258958.8,10,314834,6,187046
56,124,47,1091675,44,1039506.3,52,1313335.7,37,1035143.4
56,125,113,2737100.5,122.5,2874210.2,134,3419601.7,128.5,3482651.7
56,126,72,1948286.1,69,1828539.7,67,1755971.4,59,1791280.6
56,127,78.5,2000200.6,76,1976696.4,69,1796353.3,76,1985549.8
57,28,1,22243,1,21993.2,,,,
57,51,5,115534.2,5,137996.8,4,129420.3,5,139622.1
57,52,7,157300.6,6,138655.1,6,151606.9,6,172334.7
57,53,1,22471.5,1,23109.2,1,25267.8,1,28722.5
57,54,,,3,69327.6,,,1,28722.5
57,55,47,955330.4,37,905242.3,44.5,1056741.5,40.5,1000860.8
57,56,60.5,1388437.5,53,1284238.7,53,1231941.2,54,1475320.6
57,57,164.5,3869991.1,162,3921353.2,140.5,3433668.1,138,3483528.2
57,59,9,193298.1,9,209466.2,8,210755.2,20.5,592607.9
57,61,5,107387.8,5,116370.1,2,52688.8,4,115630.8
57,62,4,104198.3,4,103305.9,4,106628.9,4,115238.4
57,63,2,52099.1,2,51652.9,2,53314.4,2,57619.2
57,64,2,52099.1,,,,,,
57,65,220.5,4115035.5,198,3798094.3,215,3927113.9,238.5,4371107.4
57,66,496,7431293.2,470,7364447.7,485.5,7404134.7,439,7469659.2
57,67,59.5,942657.2,38,517835.8,63,1108156.6,59,1046349.6
57,68,2,48667.4,2,54898.8,,,,
57,70,1,24333.7,,,,,,
57,71,,,1,27449.4,1,26263.9,1,24117.6
57,72,2,38024.8,6,132119.2,7,189066.1,9,267793.6
57,73,63,1197780.9,62,1365232.1,110,2277728.4,423,7404572.7
57,74,506.5,7525383.8,490.5,7387284.5,,,,
57,75,306,4737883.7,297,4473160,292,4799591.1,274,4470736.7
57,76,95,2311002.1,87,2102249.2,83.5,2255289,69.5,2067961.8
57,77,127.5,3337989.3,116.5,3393859.2,111.5,3240884.8,96.5,2819581.8
57,78,109,2193592.1,104,2534550.3,105,2506966.5,253.5,6791789.7
57,79,456,10328340.9,445,10256737.5,423,10112694.8,426,10831920.8
57,80,499,12032224.5,468.5,11516316.3,502.5,12547463.1,446,11877794
57,81,797.5,15545463.9,824.5,16927004,839,18002049.9,786,17619184.4
57,82,796,16956881,744,16763082.3,763,17060281.5,760.5,16958963
57,83,612.5,14602103.5,600,15135580.2,590,14708504.9,542,14616804.5
57,84,323.5,6362344.5,355.5,7486333.2,305.5,6626361.6,280.5,5886253.6
57,85,156,2887592.7,169.5,3048203.3,152,3028311.1,169,3653061.2
57,86,350.5,7558351.9,374,8229074.1,319,7270111.9,321.5,7618880
57,87,596,12290580.9,560,11938817.7,591.5,12707762.8,627.5,14648138.6
57,88,472.5,10163001.7,446.5,9791961.2,434,10121612.9,445,10479229.6
57,89,58.5,1347838.1,49.5,1225755,49.5,1164423.4,61,1504624
57,90,972,24022609.3,969,23159029.6,1013.5,24485241.1,986,24289002.2
57,91,44.5,1213333.6,38,1189604.7,38.5,1158460.1,39.5,1188375.3
57,92,529,9547751.3,536,9344427.4,296,5036006.9,302.5,5504112.7
57,93,357,7484253.7,310.5,6721382.6,194,4102647.5,265.5,5927714.8
57,94,248,6041759,240,5700587.3,378,9131081.5,385,9596419.6
57,95,177,3386535.6,197.5,3919463,199,4070902.6,195.5,3901222.8
57,96,104,1830009.9,103,1956649.6,184,3360409.7,208.5,4351920.5
57,97,237.5,5544559.4,243,5203019.5,241.5,5247964,228.5,5011194.4
57,98,138,2908381.9,148.5,3084807.9,147.5,3332256.5,124,2912456.8
57,99,1,26779.5,4,105533.1,4,98897.5,2,73090.2
57,101,,,2,52766.6,4,98897.5,18,190075.6
57,102,5,147014.8,5,153758.5,2,61135.5,,
57,107,1,30947.3,1,32161,1,31943.4,1,33688.4
57,111,,,1,32161,3,95830.1,3,101065.3
57,112,6,154489.8,4,111790.9,2,51002.5,2,60182.5
57,118,282,6356360.7,289.5,6450497.8,275.5,6292872.3,269.5,6412476.7
57,119,23.5,633107.1,15,477363.1,9,259757,10,356119.5
57,123,2,58223.9,2,57546.4,6,188900.4,8,249394.6
57,124,9,262007.7,11,316505.2,13,409284.2,13,405266.2
57,125,195.5,4810725.4,187.5,4915049.8,195.5,5076653.9,203.5,5430934.3
57,126,273.5,5162442.3,331.5,6766339,222,4457930.1,214.5,4568663
57,127,42.5,923582.7,43,1259146.5,250.5,6049260.5,272.5,6341519.2
58,53,3,63194.6,4,88224.7,2,43137.1,2,46213.7
58,57,5,118398.2,8,199171.8,14,370340,12,321674.2
58,58,3,71038.9,3,74689.4,3,79358.6,3,80418.6
58,62,,,,,,,16,349637.9
58,63,5,93304,6,107517.5,,,,
58,64,8,149286.4,8,143356.6,7,148563.5,5,109261.8
58,65,11,205268.8,11,197115.4,10,212233.5,10,218523.7
58,67,10,155471.8,6,115724.1,12.5,224505.5,8,132905.7
58,72,443.5,6913359.2,440,6838901,452,7256900.1,90,2174891.6
58,73,336,5676727.5,325.5,5504283.8,323.5,5732885.4,362,6772079.6
58,74,517.5,10126518.6,558,11539572.6,566.5,11542843.2,625,13155154.1
58,75,177,4236596.2,179.5,4543418,176,4391427.6,171,4617002.6
58,76,221.5,6318816.7,235,6649244.7,232.5,6870772.4,207,6572964.9
58,77,590,9836373.1,576,9955386.4,622,11174058.8,608,11505061.1
58,78,219.5,3893221.1,225.5,4095961.9,232.5,4187023.5,257.5,4750264.7
58,79,607.5,13036312.3,587,13182925.1,610,14340998.5,719.5,17336012.4
58,80,481.5,10973688.5,446.5,10471601.3,461.5,11091083.7,453.5,11339925.3
58,81,644.5,14355158.3,613,14720723,548.5,14021631.3,571.5,14765725
58,82,577,12963278.5,519,12514861.5,540,12943147.1,503.5,12522823.2
58,83,503.5,12703886.5,457,11599895.7,447.5,12387971.5,413,11369946.1
58,84,417.5,7157375.2,434,7782371,419,7925140.1,445,8939218.1
58,85,340,7040046.9,309,6750404.7,329,7406441.5,307.5,7245586.4
58,86,432,10720089.7,450,11449313.5,465.5,12036082.4,459,12204940.4
58,87,34,737852,32,875248.2,27,714404.8,32,1007199.2
58,88,35,852303.4,33,739059.1,32,763986.4,24,698791.2
58,89,207.5,5384958.2,187,5135639.4,212.5,5954822.8,208.5,6733272.1
58,90,343.5,9340187.5,330.5,8789895.2,336.5,9366093.8,324.5,9072485.3
58,91,302.5,6899235.8,277.5,6482165.4,115,2858743.9,124,3449092
58,92,436,9837603.4,433.5,10100147.7,441.5,10159372.3,456.5,10891603.6
58,93,251,5603320.9,233,5420616.2,221.5,5502392.9,229,5841455.4
58,94,209,6029619.9,184.5,5845349.9,187,5766980.1,197.5,6380369.8
58,95,202.5,4435865.9,207,5090219.5,182,4516416.5,197,5001843.4
58,96,60,1849022.7,57,1921319.3,57,1871713.8,56,1982254.4
58,97,23,809801.2,22,768350.9,22,769781.6,21,749785.5
58,105,7,204074.8,7,209801.3,7,225096.8,7,246968.5
58,106,2,58307.1,2,59943.2,2,64313.4,2,70562.4
58,109,1,28691.4,1,33164.6,1,31371.4,1,37557.4
58,117,2,46511.7,1,25607.7,2,53489,2,56090.5
58,118,4,93023.4,4,102430.6,2,53489,2,56090.5
58,120,4,93023.4,4,102430.6,4,106978.1,4,112181.1
58,122,19,549149.5,19,603764.6,12,424612.6,20,754921.8
58,123,6,173415.6,6,190662.5,3,106153.2,3,113238.3
58,124,3,86707.8,1.5,47665.6,1.5,53076.6,1.5,56619.1
58,125,81.5,2087361.5,83.5,2313082.6,81,2305191.3,71,2086911.6
58,126,124.5,3135368.8,174.5,4469412.5,325,8514345.2,316.5,8950362.5
58,127,152,2312101.7,227,4559861,323.5,7009073.7,350,8319534.2
59,54,7,147454,8,176449.4,9,194117,3,69320.5
59,57,8,189437.2,5,124482.4,6,158717.2,4,107224.7
59,58,3,71038.9,4,99585.9,4,105811.4,4,107224.7
59,59,8.5,201277,15.5,385895.4,8,211622.9,8,214449.5
59,60,9,213116.8,6,149378.9,8,211622.9,9,241255.7
59,61,10,236796.4,14,348550.7,11,290981.4,,
59,62,8,149286.4,5,89597.9,7,148563.5,6,131114.2
59,63,,,,,6,127340.1,5,109261.8
59,67,92.5,1048158.6,92,1049121.7,27,484931.8,21,348877.5
59,68,186,2604935,174,2594743.3,169.5,2698617.2,167,2751412.8
59,71,151,2264156.2,140.5,2114345.7,167.5,2551278.6,183,2843981.9
59,72,478.5,7832176.3,442,7553999.8,362.5,6345080.2,335.5,6433255.6
59,73,513,10164282.7,517,10583516.2,494,10140415.9,474,10350451.9
59,74,243,5585776.4,222,5265139.9,233,6199537.8,282,7552100.4
59,75,120.5,2939561.8,129.5,3333809.5,117,3221862,132,3602763.1
59,76,200.5,5646168.9,214.5,6387923.6,187.5,5509437.7,209.5,6754260.8
59,77,525,12201656.3,513.5,12222728.8,545,13623015.8,529,13491887.3
59,78,701,14951761.3,640,13906366.4,631.5,14576199.2,629.5,15164574.4
59,79,215.5,4193858,167.5,3276147.1,173.5,3900650.9,177,4283917.8
59,80,346.5,8768127.5,332,9049935.3,352.5,9675991.5,315.5,9195294.7
59,81,403.5,10324652.9,354,9385152.9,338.5,9297561.8,338,9615033.5
59,82,282,7739585.5,265.5,7478772,282,8073606.2,254,7785476.3
59,83,340.5,8570719.1,335.5,8732462.3,326.5,8773722.8,296,7897248.5
59,84,597,10595606.6,590.5,10882064,634,12064290.3,625,13035751.1
59,85,347.5,8246447.6,331.5,8422931.9,328,8234826.2,341.5,9292255.1
59,86,311.5,8319574.8,320.5,8610494.4,342.5,9154230.9,338.5,9507236.9
59,87,365.5,8964357.9,339,8470178.9,365.5,9516879.3,367.5,9773896.5
59,88,24,681387.3,29,825799.6,22,673697.9,22,640558.6
59,89,452.5,12472488.8,465,13085932.6,467,14107001.9,481.5,14758202.4
59,90,43,1232988,51,1232242.4,52.5,1436323,51.5,1465911.7
59,91,89,1941346,96,2146471.9,271,6252053,269.5,6514362.1
59,92,150.5,3316022.4,230,5291119.6,323.5,7289053.2,310.5,7695375.7
59,93,457,6894084.5,492,7560894.8,347,5964770.3,333.5,6072024.6
59,94,67,2212418.6,59,2029981.2,53,1688603.4,60.5,2041590.1
59,95,66,1953325.4,68,2102859.6,71.5,2252148.6,76.5,2450186.4
59,96,50,1773970.1,51,1763929.2,83,2598370.6,102,3079144.1
59,97,103,3396309.8,104,3669582.3,94,3480812.4,99,3622519.9
59,98,19,668966.2,19,663575.8,16,612713.4,21,839649.7
59,105,8,233228.3,8,239772.9,2,64313.4,2,70562.4
59,106,34.5,1005797.1,32.5,974077.3,41,1318424.3,41,1446529.9
59,108,2,57382.8,1,33164.6,1,31371.4,4,150229.7
59,118,4,93023.4,6,153645.9,5,133722.6,5,140226.3
59,122,15,433539.1,20,635541.7,19,672303.3,17,641683.6
59,124,74,2300101.7,84.5,2537456,81.5,2534550.2,82,2633470.1
59,125,65,1991725.5,70,2000908.4,65,1948647.5,57,1685918.1
59,126,47.5,1526492.2,49,1636582.8,42,1494973.5,41,1620963
59,127,9,308664.7,11,356472,17,550458,16,482487.7
60,52,4,84259.4,5,110280.9,4,86274.2,4,92427.3
60,54,6,126389.1,7,154393.2,5,107842.8,1,23106.8
60,55,1,21064.9,1,22056.2,1,21568.6,4,92427.3
60,56,2,42129.7,2,44112.3,2,43137.1,2,46213.7
60,57,19,449913.3,16.5,410791.9,17,449698.6,15,402092.8
60,58,4,94718.6,4,99585.9,3,79358.6,2,53612.4
60,60,6,142077.9,4,99585.9,4,105811.4,2,53612.4
60,61,3,71038.9,2,49793,2,52905.7,2,53612.4
60,62,,,,,,,4,87409.5
60,63,10,186608,12,215034.9,8,169786.8,7.5,163892.8
60,65,2,37321.6,3,53758.7,2.5,53058.4,1.5,32778.6
60,66,73,1085746.5,74,1153686.8,,,,
60,67,134.5,1934723.5,130,1864327,265,3952447.3,282.5,4202227.6
60,68,399.5,7540999.5,380,7290144.7,444.5,8606983.7,365.5,7363740.4
60,69,6,93283.1,5,96436.7,5,89802.2,5,83066.1
60,70,320,4792923.2,299.5,4437204.9,318,4790541.2,444,7877676.2
60,71,434.5,5348471.6,407.5,5160502.7,383.5,5130840.7,340.5,5296835.5
60,72,549,8483591.8,523.5,8468579.6,613.5,9731798.4,598,9844797.3
60,73,544.5,9497513.9,511,9103382.4,500,8788520.3,552.5,10167586.3
60,74,451,9451770.6,464,9458070.1,471,9261864.6,440,9121102.8
60,75,172,3357644.9,199.5,3849055.7,351,5969566.3,333.5,5991704.3
60,76,167.5,5077529.9,171,5346716.2,167,5128640,173,5890668.8
60,77,373.5,8209956.9,375.5,8508449,368,8784618.3,336,8565001.7
60,78,563.5,10796972.1,537.5,10520490.5,574.5,11690300,572.5,11860223.5
60,79,697.5,12519282.3,648.5,12030170.7,648.5,12697147.4,685.5,14095279.9
60,80,543,11880308.3,507.5,11450435.6,517.5,12216912.5,493.5,12285109
60,81,493.5,11719907.5,487,11707100.1,511.5,12768994.3,449.5,12227076.7
60,82,73,1946774.7,69,1932310.5,82,2502814.4,68,2119099.5
60,84,116.5,2373432.1,96,1953235.6,99.5,2072521.5,99,2228982.4
60,85,439,8608310.6,448.5,9548829.1,439,9944857.4,418,9291647.3
60,86,485,9261940.2,464,8806991.1,509,10100013.1,514.5,10321653
60,87,199,4589893.6,190.5,4623483,194,5142593.8,184.5,4939072.5
60,88,78.5,2121146.2,60.5,1788639.2,78.5,2444088.9,99,3548316
60,89,202,5249797.9,190.5,4979243.8,203,5497408.5,203.5,5630585.5
60,90,425,9913720.4,395,9502425.5,416,9882003.5,418,10478423.5
60,91,348,5238890,356.5,5359562.6,386.5,5655259.7,344,5071991.6
60,92,405.5,6782384.4,389,6728199.9,405,7270233.5,385.5,7221956
60,93,173.5,4332077.7,175.5,4680852.5,278,6087661.5,281,6170116.7
60,94,88,3140823.6,79.5,2819399.7,97.5,3685754.6,96.5,3885797.7
60,95,70.5,2432193.5,79,2444396.9,73,2308262.4,77,2521287.4
60,96,47,1239386.4,49,1470581.2,47.5,1555988.1,40.5,1390987.8
60,97,64,2356312.7,65,2539275.4,59,2461062.5,58,2366310
60,98,80.5,3069713.4,76,3010624.6,73,2793212.1,75.5,3165140
60,105,2,58307.1,2,59943.2,,,1,35281.2
60,106,45,1390919.6,44,1340136.5,57,1894582.6,57,1861170.6
60,107,81,1769939.4,86,2007311.4,81,2058553.2,76.5,2254167.4
60,108,119.5,3421401.6,119,3432063.8,118,3380096,113.5,3497154.5
60,109,11,315605.1,14,464304,11,345085.1,10,375574.2
60,124,25,722565.2,24,762650.1,25,884609.6,19.5,736048.8
60,125,13,375733.9,15,476656.3,15.5,548458,22,830414
60,126,28,853004.4,30,972438.7,48,1539124.3,55,1776982.5
60,127,39,1049165.1,44,1204081.9,58.5,1599420.7,42,1194740.2
61,51,1,22107.9,1,20866.5,,,,
61,54,1,21064.9,1,22056.2,1,21568.6,1,23106.8
61,57,6,142077.9,5,124482.4,,,4,107224.7
61,60,,,,,,,1,26806.2
61,62,11,205268.8,8,143356.6,8,169786.8,2,43704.7
61,68,403,5577164.9,393,5603341.5,398,5677032.2,386.5,5583077.8
61,69,,,2,38574.7,2,35920.9,2,33226.4
61,70,181,2721777.5,178.5,2762196.6,193.5,3057346.5,199,3249639.5
61,71,159,3149844.3,159.5,3360834.3,158,3664673.7,145.5,3424627.6
61,72,617.5,9103535.9,575,8909360.4,559,8797995.3,525,8862737.9
61,73,471.5,9008315.4,438.5,8808685.9,419,8840036.9,475,10601941.7
61,74,192.5,4209531.9,202.5,4598114.5,213,4918735.2,210,5083642.4
61,75,120,2839314.1,129,3093278,121,2915122,129,3604137.7
61,76,475,9068948.4,477.5,10012098.1,500,10049140.8,446.5,10075958.6
61,77,551,9821054.5,539.5,9702791.1,395.5,7075741.2,389.5,7199890
61,78,170.5,3437569.1,141.5,2858151.7,140.5,3205092.6,154,3804884.8
61,79,389.5,7422822.6,384,7588326,392,8503531.9,395.5,8895138.7
61,80,489,11210212.3,487.5,11797529.7,487,12204525.4,503.5,13372542.4
61,81,18,362910.5,13,262586.4,11,250932.5,17,420019.7
61,82,72,2629166.8,63,2342085.2,65,2373241,63,2347722.8
61,84,157,3862208.3,150,3722888.5,172.5,4594490.9,180,4490154.3
61,85,204,4921603.8,204.5,5246736.7,225,5759742.9,198,5226048
61,86,319.5,5235055,333,5849812.9,295,5320615.6,304.5,5943047.1
61,87,221.5,5183309.9,214.5,5163904.5,207.5,5159873.9,297.5,7774948.5
61,88,277.5,6924166,294,7242695.8,303.5,7944331.8,293,8129085.7
61,89,170,4392579.7,170.5,4754024.5,175,4665593.5,178.5,5399425.6
61,90,16,454258.2,10,284758.5,17,520584.7,11,320279.3
61,91,164,3570010.2,168.5,3725039.1,230,5370030.8,294,7227706.8
61,92,171.5,5265473.7,159,4875600.2,163.5,5254433.7,163.5,5347319.2
61,93,159,4520582,148.5,4605804.4,148.5,4692660.3,143,4947253.6
61,94,191.5,5224628.2,180.5,4906756.2,203,5539269.3,195.5,5654535.8
61,95,72,2428138.5,72.5,2455619.9,64,2246434,88,3214464.8
61,96,52,1881480.6,37,1383946.6,35,1214180.5,40.5,1767092.5
61,97,82,2925851.3,80,2792274,65.5,2563983.8,60.5,2406297
61,98,29,1021053.7,26,908051,25,957364.7,27,1079549.6
61,99,,,,,4,153178.4,2,79966.6
61,104,47,1242444.3,56,1568905.6,59,1635427,60,1789288.7
61,105,128.5,3497525.4,129.5,3580929.3,124,3612730,128,3946625.4
61,106,13,378996,9,269744.5,16,514507,15.5,546858.9
61,107,101.5,2077410.6,87.5,2179445.3,83.5,2038167.2,85,2099354.2
61,108,162.5,4180191.2,169.5,4444476.7,150.5,4214923.2,148,4474429
61,109,4.5,129111.2,5,165822.8,2,62742.7,6,225344.5
61,126,20.5,592503.4,24.5,778538.6,21,743072.1,28,1056890.6
61,127,40,1023298.3,36,888582.3,28,809268.6,40,1273492.9
62,48,4,88431.6,3,62599.4,3,71891.1,2,52966.8
62,49,2,44215.8,,,,,,
62,52,4,84259.4,7,154393.2,9,194117,8,184854.7
62,53,18,379167.4,17,374955,17,366665.4,19,439029.8
62,54,139,3262519.5,143,3437011.8,133,3320930.8,146,3862954
62,55,9,189583.7,13,286730.3,6,129411.3,12,277282
62,57,2,47359.3,2,49793,2,52905.7,2,53612.4
62,60,5,118398.2,3,74689.4,10,264528.6,9,241255.7
62,61,1,23679.6,5,124482.4,5,132264.3,4,107224.7
62,62,4,74643.2,1,17919.6,1,21223.4,1,21852.4
62,63,5,93304,5,89597.9,6,127340.1,7,152966.6
62,68,3,46641.5,9,173586.1,16,287367,17,282424.6
62,70,18,279849.3,23,443608.9,8.5,152663.7,7.5,124599.1
62,71,91,2099369.2,92,2088138.2,108.5,2853974.9,110.5,2756684.1
62,72,197,4504350.7,198.5,4523735.6,193.5,4729980.3,191.5,4868342
62,73,304.5,5992966.6,323.5,6338712.2,337,6998549.7,344,7622930.1
62,74,445.5,9861190.9,418.5,9470366,431.5,10273109.3,405.5,10426294.9
62,75,315.5,6053115.8,314.5,6495721.6,307,6537025.5,291,6558766.9
62,76,206,5210183.5,193,4958382.8,244,5847482.2,241,6212811.9
62,77,778.5,14061778.2,744,13665601.3,497.5,10750782.4,475.5,10832649
62,78,396,8053062.2,371.5,7679432.1,364.5,8206589.4,323,7939473.4
62,79,348,7591076.2,319.5,7404108,446,10602541.4,461.5,11638484.1
62,80,1231,27404302.3,1191,27168493,630,18571790.2,638.5,19384679.7
62,81,,,,,560.5,9120650.9,513,8544822.9
62,82,,,4,105551.5,4,100823.2,4,100312
62,83,46,1303386.7,48,1266618.1,44,1109055.1,49,1228822.1
62,84,247,4489630.5,243.5,4545057.6,260,4949061.1,248,5245519.8
62,85,144,4359120.2,139,4285168.5,159,5083095.2,146,4940407
62,86,136,2831342.5,140.5,3053537.7,141.5,3189805.7,133.5,3132974.4
62,87,162,4068166,158,3989999.8,301,7234186,359,9485531.8
62,88,531,12856013.1,531.5,13329339,543.5,13932108.1,546,14916931.3
62,89,58,1369376.6,44,1388215.2,84,2189673.5,102,2672885.2
62,90,293.5,9084527.4,287,9438088.2,311,10255783.7,323,11179465
62,91,353.5,9501753.2,329.5,8717844.9,356,9834161.6,341,9492701.8
62,92,135.5,4286077,135.5,4317178.6,131,4236668.8,144,4824168.3
62,93,90,2611799.6,80.5,2303017.8,79.5,2208941,81.5,2305010.6
62,94,216.5,6393239.5,222.5,6747897,201.5,5976419.7,217.5,6713910
62,95,68.5,2651175.5,66.5,2682800.4,57,2291953.6,58,2448954.9
62,96,58,1952736.9,50,1878989.9,62,2254344.1,59.5,2390188.4
62,97,89,2953854.3,86,3253111.2,79.5,3079240.4,85.5,3692381.4
62,98,91,3260629.9,87,3392485.4,90,3624975.5,82,3227526.7
62,104,125.5,2327683.2,125,2471669.5,106,2280069,116,2502872.1
62,105,55.5,1395799.2,55.5,1604210.4,55.5,1574039.6,64.5,1941941.3
62,106,185.5,3922694.1,178,3808750.5,174,3854759.6,176,4065401.3
62,107,163.5,4092956.6,154.5,3985840,156,4349296,153,4651141.2
62,108,136.5,3518462.5,129,3329500.1,119,3211326.1,128,3789297.9
62,109,17,487753.4,17,563797.7,18,564684.7,17,638476.1
62,124,2,57805.2,2,63554.2,1,35384.4,,
62,126,5,144513,10,317770.9,,,,
62,127,24,823105.9,29,939789.9,41,1181747.1,52,1833225.1
63,46,3,66323.7,1,20866.5,,,,
63,47,4,86824.8,5,138082.7,7,190715.3,6,171971
63,48,3,65118.6,3,82849.6,3,81735.1,4,114647.3
63,50,2,43412.4,3,82849.6,7,190715.3,5,143309.2
63,51,21,455830,25,634161.9,19,517655.9,21.5,616229.5
63,54,9,244931.7,9,266263.5,9,266215.8,7,223267.7
63,55,4,108858.5,2,59169.7,1,29579.5,1,31895.4
63,56,3,81643.9,4,118339.4,5,147897.7,4,127581.6
63,58,6,174641.3,2,59915.2,,,,
63,60,3,87320.7,2,59915.2,,,2,66883.9
63,61,1,29106.9,3,89872.9,4,115526.2,4,133767.9
63,62,9,187042.9,9,188865.8,8,202134.7,8,182925.4
63,69,2,40444.8,2,43850.9,1,20980.2,3,73097.4
63,70,7,141556.8,19,306648.8,39.5,786987.6,34,763207.9
63,71,282.5,4944383.9,282,5042024.8,335,6229210,564.5,11387255
63,72,274,6238794.8,442.5,9407182.7,480.5,10954040.6,463.5,10781340.2
63,73,249.5,4805103.5,288,5947269.8,305,6573535.9,308.5,7015303.8
63,74,178.5,4601844.7,170.5,4246302,141.5,3824420.2,167,4900222.5
63,75,228,5699442.9,230,5752359,212,5759626.1,208.5,5997708.6
63,76,360,7968341.7,362.5,8929223.5,212.5,5368948,224,5987885
63,77,33,800963,129,2304586.9,630,12335256.9,610.5,12653416.1
63,78,238.5,4776229.7,226.5,4680891.2,220.5,4890071.2,225,5234385.5
63,79,614,14591711.9,612,15227988.2,615,15593342.2,579.5,15096811.8
63,80,622.5,14928585.4,623.5,15611321.1,643,16373033.6,663,16971802.3
63,81,154.5,3798298.8,133,3283641.4,149,3795334.1,168.5,4099425.1
63,83,210.5,4934686.6,234,5620689,239,5920157.4,226,5598542
63,84,405,8672429.1,385.5,8449999.2,375.5,8301084.3,367,8396431
63,85,290,7472125.9,272.5,7260127.3,320,8731812.7,306,8763627.7
63,86,412,8801928.5,392,8758695.8,407,9473136.2,405,9876303.2
63,87,325,5970119.3,307.5,5719566.2,308.5,6234875.1,294,6777483.9
63,88,220,5096373.9,200,4571926.7,205,4566181.7,185.5,4266352.7
63,89,2,44928.6,4,109188.7,72.5,1197378.7,72.5,1141713.7
63,90,300,7459230.7,354.5,8819185.4,414,10245983.7,464,11524546.4
63,91,405,8217455.7,381.5,8175886.5,396.5,8658708.9,368.5,8675125.6
63,92,185,5202805.4,188,5270432.4,210.5,5728238.3,206,6031773.4
63,93,186,4658845.5,178,4505738.2,156,4365611.9,149,4442875.4
63,94,35,1330148.1,34,1426851.4,28,1125969.5,25,1122840.7
63,95,70,2005835.2,118,3486983.4,111,3511131.9,102.5,3319684.7
63,96,37,1343458,37,1456610.4,45,1809389,48,2013469
63,97,41,1490150.1,38.5,1393053.9,32.5,1222151.8,39.5,1536618.6
63,98,39,1207793.6,35,1040107.8,33.5,1144493.4,30,1078037.9
63,103,72.5,1867923.4,75,1909631.2,64,1704956.1,68,1950933.3
63,104,89,2600025.1,91.5,2723107.1,72.5,2380397.1,99,3251329.5
63,105,265.5,6670937.1,247.5,6226700.1,229.5,5895697,297,7931476.6
63,106,210.5,4984209.5,200.5,4705535.2,192,4817664.8,224,5885704.7
63,107,134.5,3905745.3,122.5,3856087.3,112.5,3502147.2,131,4254490.8
63,108,100.5,2879850.8,92,2583767.7,70,2312130.5,71,2428246.8
63,109,23,720466.2,21,656660.9,20,592144.5,21,680108.7
63,125,2,70959.7,2,70299.4,2,74813.2,2,69757.5
63,126,9,319318.8,13,456946.1,12,448879.4,11,383666.1
63,127,16,458168.2,17,496694.3,15,402681.2,18,531451.9
64,53,,,,,,,3,95686.2
64,54,182.5,5562602.9,184,5260165.6,177,5471737.6,173.5,5784089.4
64,55,144,4596093.6,145.5,4935445.6,149.5,5257768.5,149,5556990.2
64,56,111.5,3451780.5,113,3504711.2,106.5,3458420.8,114.5,3890457.6
64,57,8,232855.1,8,239661,6,173289.3,10,334419.7
64,58,12,349282.6,82,2333309.3,159,4754546.6,151,4918035.3
64,64,6,124695.2,5,104925.4,2,50533.7,3,68597
64,70,81.5,1467348.2,80.5,1665711.2,81,1769400.5,87,1859598.8
64,71,187.5,3968987.5,171,3762334.5,129.5,2802551.5,120.5,3004383
64,72,229.5,4411425.4,211.5,4192493.3,236,4823763,220.5,4655892.1
64,73,121,3314960.3,115.5,3256294.5,111,3416012.5,115.5,3754501.8
64,74,141.5,3362456.8,146.5,3621298.2,203.5,4952420.1,217,5567660.1
64,75,398.5,8955145.9,398,9317530.5,407,9352810.5,396.5,9765759.5
64,76,370.5,7679931.7,423,9568297.5,432,10124597.3,411.5,9227738.2
64,77,868.5,17158350.7,841.5,17132368.3,939,19619020.5,916.5,19855280.4
64,78,390,9450970,445.5,10544374.5,481,11978352.1,478,12238439.6
64,79,711.5,16723855.4,754.5,18175212.5,806.5,20009392,810.5,21451081.2
64,80,514,10793449.2,503.5,11402069.7,520,11897662.4,531,12247074.3
64,81,623,13174852.7,590.5,12507218.8,572.5,13288949.3,576.5,14129188.5
64,82,136,3290550.5,135,3398010.8,147.5,4033774.8,116.5,3101723.3
64,83,218,5780376.7,212.5,5582421.7,234,6490930.7,231,6811786.8
64,84,468.5,10714343.2,491,11386750.9,469,11690980.1,447,11516335.3
64,85,274,7021516.5,268.5,7305482.1,390,10241620.2,375.5,10238335.7
64,86,322.5,4831788.5,306.5,4759048.4,336.5,5433893.3,302.5,5144817.5
64,87,211.5,5465821.3,222.5,5644063.4,216.5,5785183,202,5705566.9
64,88,179.5,4112539.2,182,4118981,186,4154020.7,192,4689697.8
64,90,2,44928.6,,,,,,
64,91,87,1991170.1,177.5,3865075,171.5,3720587,178.5,4137400.6
64,92,72,1935325.8,67,1911059.7,66,1849446.4,59,1617775.6
64,93,62,1909338.3,64.5,2064894.8,54,1817442.3,51,1693667.4
64,94,55,1686830.4,50,1402102.5,52,1452612.4,52,1680754.8
64,96,3,103974.3,3,98778.6,2,69776.7,3,104243.7
64,97,11,342862,8,247639.2,8,273311.8,5,179673
64,98,6,187015.6,6,185729.4,12,409967.8,14,503084.3
64,101,6,187015.6,10,309549,9.5,324557.8,3,107803.8
64,102,8,234479.8,7,205594.9,6,178195,8.5,283694.1
64,103,75.5,2415752.1,66,2135603.8,61.5,2028291.7,67.5,2112342.4
64,104,49,1407672.5,45.5,1390094.5,48,1520925.7,47.5,1780884.7
64,105,85,3139219.5,95.5,3556537.6,91,3283118,95,3572287.1
64,106,71,2102653.7,68,1982569.6,67,1956081.5,74,2407027
64,107,171.5,5001134.1,168,5067984.3,156,4931871.1,161.5,5218718.2
64,108,138.5,3608391.6,136.5,3288172.5,149.5,3931745.9,168.5,4568712.3
64,109,58,1423948.3,70.5,1802573.8,66,1627218.5,65.5,1652066.4
64,111,2,62649.2,3,93808.7,3,88821.7,4,129544.5
64,112,63,1703108.7,63,1700396.6,54,1635973.7,56.5,1886050.4
64,113,6,139535.1,6,153645.9,7.5,200583.9,7,196316.9
64,123,2,70959.7,2,70299.4,2,74813.2,2,69757.5
64,124,2.5,88699.7,3,105449.1,5.5,205736.4,5.5,191833.1
64,126,1,35479.9,1,35149.7,1,37406.6,1,34878.7
64,127,6,171813.1,3,87651.9,6,161072.5,8,236200.9
65,41,22,549983.5,23,547130.3,23,553508.1,24,532144
65,42,41,906424,46,959856.8,39.5,946566.1,42,1112303.2
65,52,1,27214.6,1,29584.8,1,29579.5,,
65,53,5,136073.2,4,118339.4,3,88738.6,5,159476.9
65,54,110,3087329.1,118,3548806.7,107,3304125.5,100,3274402.4
65,55,136.5,3823839.3,146.5,4249817.8,126,3686267.5,128.5,3726144.3
65,56,117,3571796.9,119,3710905.7,110,3487148.2,99,3233317
65,57,69,2063706.9,54,1645561.4,55,1786439.2,57.5,1855311.4
65,58,22,640351.5,20,599152.4,88,1670436.7,87.5,1725115.9
65,59,20,582137.7,18,539237.2,10,288815.4,13,434745.6
65,60,164,3376993.4,147,3150345,118,2709006.7,130.5,3090319
65,61,217.5,5258180.9,209.5,5074405.5,195,5061995.3,212,5596809.6
65,63,3,62347.6,3,62955.3,3,75800.5,2,45731.3
65,64,5,103912.7,6,125910.5,6,151601,6,137194
65,65,7,145477.8,5,104925.4,5,126334.2,3,68597
65,66,12,249390.5,11,230836,11,277935.2,14,320119.4
65,67,5,101112,1,21925.5,,,5,121828.9
65,68,12,242668.7,8,175403.7,12,251761.8,13,316755.2
65,69,6,121334.4,3,65776.4,2,41960.3,7,170560.5
65,70,9,182001.6,8,175403.7,10,209801.5,10,243657.9
65,71,6,121334.4,2,43850.9,2,41960.3,1,24365.8
65,72,229.5,3699829.1,234.5,3750076.4,237.5,4020152.8,231,3871331.3
65,73,120,3404239.5,113,3300925.2,130.5,3916235,125,3922281.8
65,74,16,438341.9,112.5,2820202.5,159,4310509.4,303,8418921.5
65,75,133.5,3339581.8,199.5,5696712,198.5,5910912,185,5961439.5
65,76,238,4517476.4,213,4304598.6,245,5320083.9,261.5,5749121.2
65,77,124,1808484.1,136,2264230.1,146,2273667.2,148,2660471
65,78,1019,17733593.8,1030.5,17818930.4,1052,18806597.1,998.5,18561257.2
65,79,783,15209865.6,740,14975611.7,759.5,15970740.8,690.5,15381775.6
65,80,273,5934384.9,276,6398346.6,304,7098605.1,275.5,6756582.9
65,81,397,6597684,359,5843551.9,137.5,2722532.9,120.5,2597796.9
65,82,293.5,7787919.7,271.5,7501045.6,515,11831110.7,524.5,12309934.8
65,83,234,5266797.4,233,5601127.2,274,6788007.7,302.5,7239368.4
65,84,159,4013367.7,171.5,4332065.4,165,4204115.5,172,4887867.8
65,85,168,4107428,173.5,3944517.8,34,988997.8,33,892619.4
65,86,248,4554200,236,4540540.4,231.5,4486223.5,210.5,4059509.1
65,87,226,5793693.8,227.5,5907655.7,234,6083233,213,5790977
65,88,155,4473178.7,154.5,4554650.6,166,4771945.7,164,4733846.3
65,89,256.5,4697985.2,245,4585008.3,253.5,5212235.8,245,5405322.9
65,90,1,22464.3,1,27297.2,1,30167,1,32144.8
65,92,116.5,3006877.1,127,3128225,128,3220246.4,134,3454230.5
65,94,17,589187.8,14,460966.6,14,488437,14,486470.5
65,95,46,1589474.4,40.5,1528827.7,44.5,1725554.1,45.5,1845201.9
65,96,22,762478.3,24,790228.4,23,802432.2,23,799201.6
65,97,7,218184.9,6,185729.4,4,136655.9,5,179673
65,98,5,155846.4,6,185729.4,6,204983.9,9,323411.4
65,99,2,62338.5,2,61909.8,2,68328,2,71869.2
65,100,14,436369.8,12,371458.8,12,409967.8,11,395280.5
65,101,29.5,919493.5,29,931711.7,30,957062.8,30,910298.5
65,102,34,902684.9,31,812979.4,33,1111661.2,37,1256118.2
65,103,23,674129.3,19,558043.4,12,356390.1,24,801018.7
65,104,102,3218244.2,95,3127528,89,3008821.7,89.5,2999873.1
65,105,7,205169.8,11,323077.7,11,326690.9,14,467260.9
65,106,7,205169.8,7,205594.9,5,148495.9,4,133503.1
65,107,144.5,3242626.4,141,3258242.2,139.5,3109990.7,131.5,3536072
65,108,141,3057887.3,138,3097978.2,136,3256741.9,123.5,3147824.8
65,109,71,2515821.6,69.5,2472230.9,84.5,2948218.2,98,3407736.5
65,110,14,438544.6,12,375234.8,17,503322.8,15,485791.9
65,111,85,2987232.6,84,2902944.7,82.5,2898302.8,88,3280898.5
65,112,93,2900636.7,88.5,2868671,83.5,2770020.5,87,2889660.3
65,113,80.5,2367072.9,75,2254316.1,76,2464431.3,72,2446197.1
65,124,4,141919.5,4,140598.8,4,149626.5,6,209272.4
65,125,3,106439.6,3,105449.1,3,112219.9,3,104636.2
66,40,21,524984.3,20,569450.6,24,684169.6,24,647043.7
66,41,18,449986.5,18,512505.6,17,484620.1,13.5,363962.1
66,49,6,130237.1,6,165699.2,6,163470.3,2,57323.7
66,50,3,65118.6,3,82849.6,3,81735.1,3,85985.5
66,51,6,130237.1,6,165699.2,6,163470.3,6,171971
66,52,2,54429.3,2,59169.7,2,59159.1,2,63790.8
66,53,32,870868.3,30,887545.1,25,739488.3,26,829280.1
66,54,131,3986774.6,129,3918619,114,3628763.6,125.5,4262791.9
66,55,80,2308557.1,77,2356927.1,68,2216503.7,67,2197749.8
66,56,79,1823201.5,69,1854698.3,64,1761845.2,69,1935469.9
66,57,72.5,1854181.3,64.5,1822884.9,66.5,2068333.5,67.5,2160066.5
66,58,59,1266003.2,55.5,1423571,39.5,1140821,51.5,1384666.8
66,59,342.5,6907188.4,341.5,6637455.5,281.5,5955602.4,301,6380292.1
66,60,504.5,10051776.9,498.5,9781010.3,462,9464240.6,466,10081974.1
66,61,490,12549297,483,13096076.6,472.5,12391940,440,11881452.7
66,62,257,6190110.3,267.5,6410569.4,242.5,6403299.8,239.5,6464580.7
66,63,51,1202105.5,52.5,1157640.7,46,1013253.1,49,1229938.3
66,64,1,20782.5,,,1,25266.8,1,22865.7
66,66,15,311738.1,13,272806.2,12,303202,13,297253.7
66,67,2,40444.8,5,109627.3,5,104900.8,3,73097.4
66,68,7,141556.8,2,43850.9,4,83920.6,5,121828.9
66,69,21.5,434781.5,23,504285.6,28,587444.2,13,316755.2
66,70,17,343780.7,16,350807.4,18,377642.7,14,341121
66,71,18,364003.1,17,372732.9,14,293722.1,19,462950
66,72,160.5,4374136.4,150.5,4241170.4,161.5,4282528.2,153.5,4304529.5
66,73,184,4998404.1,185,5233456.9,161,4646841.9,175.5,5417518.6
66,74,126.5,3608442.9,137,4119268.2,223.5,6910910,291.5,9123028.1
66,75,117,3317540.7,100,2945994.6,101.5,3263440.4,93,3198091.7
66,76,573,13949710.5,565.5,14273504.3,549.5,14073548.9,557.5,14941807.8
66,77,880,15772802.8,856.5,15353369.1,983.5,17999127.9,960.5,18872193.2
66,78,203,4023888.7,201.5,3966358.9,219,4442600.9,220,4219819.2
66,79,147,3166442.7,145,3134383.5,119,3278867.3,164,4693166.5
66,80,44,1093199.3,43,1162366.7,147,3353933.9,143,3431587.3
66,81,300.5,5613419.8,292.5,5524636.6,298.5,5729068,288.5,5946014.5
66,82,116.5,3485330.2,111,3394261.7,99.5,2924165.7,101,3042207.4
66,83,105,2960615.8,84.5,2517598,87,2404286.1,84,2633030.5
66,84,107,3004882.7,98,2669201.2,105.5,3222245.5,111,3798032
66,85,266.5,7058158.6,243,6688977.4,268,7280961.7,256,7505931.6
66,86,10,281963.4,11,327734.6,5,145440.9,8,216392.6
66,87,83,2100782.4,86.5,2413496.6,87,2514263.7,75,2602457.3
66,88,39,1027236,36,982698.6,31,935177.8,29,932198.7
66,89,212.5,3980679.4,206,4075424.8,201.5,3941099.1,198,4245479.4
66,90,7,157250,7,191080.3,5,150835.1,5,160723.9
66,91,9.5,213410.7,9,245674.6,11,331837.3,6,192868.7
66,92,57,1137101.1,72,1384330.8,58,1355135.3,66,1546848.9
66,93,393,7662145.5,358.5,7178923.1,377,8153052.2,399,8596921.4
66,94,299,6710441.2,292,6506387.9,242.5,5605578.4,284.5,6982880.2
66,95,183.5,4701036.8,160,4424583.8,138.5,4140508.7,170.5,4892892.2
66,96,107,3379656.6,105,3418875.8,102,3524213.4,107.5,3746484.1
66,97,38,1214857.4,41,1321207.2,24,819935.5,33,1081531.9
66,98,18,561046.9,28,866737.2,22,751607.6,26,934299.5
66,99,39,1278124.8,38,1179013.1,28,853414.8,35,1299364.7
66,100,23,716893.2,19,588143.1,19,649115.6,21,754626.5
66,101,60,2158453.1,64,2186235.1,59,2211243.8,60,2168773.7
66,102,16,468959.5,14,411189.8,14,415788.4,20,747169
66,103,14,410339.6,10,293707,50,1266848.2,115.5,2775756.6
66,104,22,644819.3,24,704896.9,22,653381.8,16,534012.4
66,105,6,175859.8,8,234965.6,8,237593.4,8,267006.2
66,106,,,,,,,104.5,2208466.7
66,107,65,1850595.8,57,1643202,92,2242769.8,131.5,2892599.7
66,108,47.5,1501738.5,49.5,1538268.8,45,1352923.7,44,1367920.6
66,109,100,2577637,103,2726210.6,90,2434526.6,91.5,2674386.8
66,110,105,3330160.5,101.5,3126376.2,90.5,3094569.1,106,3788168.3
66,111,67,2426199.3,68,2457118.7,59,2281251.4,64,2426572.7
66,112,70,2250290,70,2291306.2,68,2240085.9,63,2161761.6
66,113,5,116279.3,5,128038.3,3,80233.5,3,84135.8
66,124,2,70959.7,2,70299.4,3,112219.9,3,104636.2
66,126,4.5,159659.4,3.5,123024,1,37406.6,3.5,122075.6
67,37,8,199994,7,199307.7,8,228056.5,8,215681.2
67,40,6,149995.5,6,170835.2,5,142535.3,3,80880.5
67,53,43,1240990.9,42.5,1319534.5,46,1582595.9,45,1818680.1
67,54,127.5,3142612.2,116.5,3053948.6,102,2929631.3,119,3633234
67,55,123,3857218.6,120,3719536.6,105,3403119.2,107.5,3457607.5
67,56,79,2584085,80.5,2614897.5,87.5,2830716.5,84.5,2831670.6
67,57,89,2547347.2,97,2923906.2,97,2970075.2,100,3185765.6
67,58,135.5,3408308.7,135,3532884.6,129,3777033.1,117,3274395.9
67,59,195.5,4288044.9,202.5,4348300.8,192.5,4293492.4,184.5,4154489.2
67,60,415,9197635.9,408.5,9240503.1,385.5,9181685.4,355,8857701.2
67,61,263.5,6209006.2,236,5814288.8,190.5,4816375.3,207.5,5832037.9
67,62,303,7655020.5,299,7636673.8,207,5542062.8,227.5,6134230
67,63,151,4645311.1,141,4510577.1,136.5,4297180.9,134.5,4540645.3
67,64,41,1025046.4,32,719082.1,28,707471.3,32.5,916056.5
67,65,5,103912.7,8,167880.7,6,151601,6,137194
67,66,9,187042.9,8,167880.7,9,227401.5,12,274388
67,67,14.5,293224.7,22,482360.2,13,272742,13,316755.2
67,68,4,80889.6,4,87701.9,,,9,219292.1
67,69,11,222446.3,11.5,252142.8,18,377642.7,17,305899.2
67,70,8.5,171890.4,7,153478.2,5,104900.8,6,146194.7
67,71,4,80889.6,4,87701.9,4,83920.6,4,97463.2
67,72,119,2657211.2,117,2703864.2,105,2468865,105,2416549.6
67,73,134,2987223.2,131,3091644.4,135,3384521.4,127.5,3454967.2
67,74,451.5,9977110.3,612.5,14730469.2,756,19365167.2,722.5,18705367.6
67,75,704,15956023.2,678.5,15552587.9,675.5,16229592.9,639.5,16124408.9
67,76,536,12318207.5,500,11957975.1,516,12752003.9,492.5,12943723.7
67,77,11,266987.7,9,240757.5,2,63835.5,3,87096.1
67,78,60,1667449.4,48,1284039.8,59,1883146.9,53,1538697.2
67,79,315,6682556.8,311,6221760.7,310.5,6730738.2,281,6530910.5
67,80,113.5,3078891.3,117,3247025.5,106,2989612.2,102.5,3250072.9
67,81,13,315530.9,5,133754.1,11,351095.2,12.5,362900.3
67,82,84,1875101.6,86.5,2130609.3,109,2892508,115.5,3183633.9
67,83,143,4140349.3,130,3942216,126,3910176.7,132,4143775.6
67,84,417.5,9858753.7,397.5,9165002.8,375.5,9193515.6,364,9298812.4
67,85,358,7874292.2,331.5,7439186.8,342.5,8082325.1,356.5,8327988.2
67,86,164,2668667.9,143,2188237.9,317.5,6321320.1,343,7579249.3
67,87,263.5,6220889.1,250.5,5666862.5,252.5,5864249.3,240,6209456
67,88,273,4583880.6,269,4251286.8,374,6605780,369,6752818.2
67,89,29.5,672251.2,34.5,1043276.8,32.5,1058075.8,39.5,1358289.5
67,90,3,67392.8,3,81891.5,3,90501.1,3,96434.3
67,91,273.5,5964553.9,268,6369902.9,244.5,6063885.1,255.5,6463653.8
67,92,133,2862928.5,145.5,3188693.1,152.5,3485939.2,577,14231275.3
67,93,108.5,2660610.9,139,3412136.6,167,4389092,160.5,4123644.5
67,94,164,4231548.7,142.5,3668786.8,124.5,3392696.3,139.5,4257618.9
67,95,220,5920176.6,212.5,6289399.5,196.5,5531260.7,196,6130773.9
67,96,67,2413824,54,2104056.7,50,1875401.4,53,2158926.4
67,97,10,311692.7,10,309549,9,307475.8,13,467149.7
67,98,62,1942239.4,69,2060294.1,54,1711722.4,46,1620227.9
67,99,62.5,1831691.6,63,1958900.4,75,2475576.6,83.5,2895800.2
67,100,8.5,264938.8,13.5,417891.1,10.5,358721.8,9.5,341378.7
67,101,36.5,931421.9,44,1455412.9,37,1217920.8,45,1671589.4
67,102,40,1391985.9,38.5,1367235.8,35.5,1269863.7,34.5,1149926.2
67,103,91,2533834.1,94,2312492,59,1586455.7,65.5,1899763.8
67,104,1,29310,1,29370.7,15,445487.6,42,1175540.9
67,105,12,351719.6,8,234965.6,10,296991.7,9,300382
67,106,,,,,,,49,1306792.7
67,108,10,313246.2,8,250156.5,13,384893.9,17,550564.2
67,109,148.5,3526574.7,139.5,3334247.2,133,3414641.8,134.5,3542041.9
67,110,100,2820548.5,89.5,2698974.9,94.5,3143288.2,94.5,3038904.6
67,111,51,1646977.3,47,1509826.1,46,1656391,43,1581681.6
67,112,10,232558.5,10,256076.5,10,267445.2,9,252407.4
68,31,1,22243,2,43986.5,2,45388.6,2,50181.6
68,37,47,925504,47,923676.2,37,748144.6,34,763863.1
68,40,1,24686.5,,,,,,
68,53,2,58304.3,2,66615.9,2,70671.6,2,70270.3
68,54,4,116608.5,5,166539.7,5,176679.1,5,175675.8
68,55,20,583042.6,19,632851,21,742052.3,21,737838.5
68,57,26.5,794200.3,29,902541,28,863205.5,22,678655.1
68,58,78,1626176.4,75,1662653.6,72,1698819.8,73.5,2003846.4
68,59,107,3046960.8,97,3060032.6,87,2818840.9,92,3064289.6
68,60,139,2476084,141.5,2719803,149,2857596.5,149,2924759.6
68,61,121,3165974.3,132,3466117.2,155,4250647.3,198,5159524.7
68,62,269.5,6986493.5,256,6375921.4,313,8545995.4,334,9614302.1
68,63,126.5,3947851.2,129.5,4117457.8,116,3574088.1,125.5,3899129.7
68,64,146.5,4134083.9,137,3940611.9,129,3938822.7,130,4462441.1
68,65,13,378460.4,13,321411,12,327365.2,8,261503.5
68,66,2,58224.7,,,,,,
68,67,42,644557.1,37,665967.6,33,753796.9,27,616503.6
68,68,19,413360.4,18,422883.1,19,486079.8,17,470314
68,69,16,348093,15,352402.6,10,255831.5,8,221324.2
68,70,3,65267.4,4,93974,4,102332.6,4,110662.1
68,71,15,326337.2,10,234935.1,10,255831.5,9,248989.7
68,73,,,,,,,156,2952468.2
68,74,,,266,6416767.4,274.5,6476787.5,264.5,6651361.5
68,75,457,9248970.2,773,17579668.5,946.5,22718450.5,1063,26273289.2
68,76,93.5,2456101.8,78.5,2024507,80,2301025.5,82,2352581.5
68,77,625.5,12182174.2,613.5,12168573.5,644.5,13600082.3,596.5,12705594.8
68,78,57.5,1805844.9,60,1893257.8,55,1836479.6,53,1755023.6
68,79,136.5,3656211.2,136,3451961.1,138,3640882.4,121,3654730.6
68,80,130,3351751.8,207,5888627.5,195.5,5968088.8,194.5,6136530.7
68,81,107,2836184.2,93,2677110.8,103.5,2851960.7,109.5,2795075.1
68,82,269,6307579.2,259,6265635.7,258.5,6406193.6,245,6481088.4
68,83,136,4324274,126,4261142.1,140,4706949.9,134.5,4696167
68,84,105,3024402.4,108,3129917.8,107,2941541.2,110,3385163.1
68,85,144.5,3661100.3,133.5,3852257.9,64,2020224.8,65.5,2155738.1
68,86,392.5,6871703.1,420,7352974.6,476,9160956.1,459.5,9598454.8
68,87,639.5,10597860.9,627,10461161.4,609,10675432.4,572.5,10437986.2
68,88,152,3634878.1,168,4162288.6,163,4038735.8,164.5,4189174.7
68,89,122.5,2750751,148,3415353.3,115,2619761,131.5,3152728.4
68,90,50.5,1300066.1,63,1567658,56.5,1380418.1,52,1450191.7
68,91,340,5765852.8,326,5783394.7,319,5567389.6,334.5,6271431.2
68,92,607,11533053.4,540.5,10607007.4,481.5,9901659.4,528.5,11699317.5
68,93,431,8407299.5,415,8001348.1,369.5,7876679.3,400.5,9228835.9
68,94,153,3494796.7,136,3164293.1,134,3311448.1,130.5,3584903.1
68,95,175,4877219.1,160,4494679.3,151,4669413.1,140.5,4790215.1
68,96,57,1998301.3,55,2027952.3,44,1704731.6,50,1950145.9
68,97,69.5,2290409.6,70.5,2320300.5,66.5,2314587.5,68,2510776.5
68,98,63,1919912.1,60,1924471,72,2536306.8,77.5,2781909.7
68,99,39,1447601.8,31,1139252.7,28,1155823.9,28,1031320.1
68,100,5,146097.4,5,142505.2,6,214489.6,6,227919.1
68,101,49,1396014.4,45.5,1392177.6,47.5,1480106.2,53.5,1588069.3
68,102,42,1148150.7,40,1326440.3,34,1050076.8,46,1602536
68,103,26,856484.4,34,1139610.6,35,1275401.5,37,1277619.1
68,104,6,197650.2,5,151244.8,8,270054.6,15,506271.4
68,109,31,983962.9,29,882999.1,27,786003.3,107.5,2807609.9
68,110,47,1542314,42.5,1369138.8,46.5,1468324.5,43,1504415.7
68,111,45,1366390.1,31,991016.8,30,955186.9,31,1077386.6
68,112,155,4826876.9,154,4906823.8,142.5,4673981,138.5,4717255
68,113,5,137841.8,6,166643.6,9,277902.2,9,288071.1
68,123,5,122318.5,5,143983.2,8,233071.4,9,266107.2
68,125,,,,,,,2,59134.9
69,31,42,934206.4,46,1011689.1,45,1021244.3,54.5,1367448.9
69,32,27,681364.9,33,719451.9,34,709431.8,27,755307.3
69,37,2,49372.9,3,67404.8,3,71424.8,3,81343.8
69,38,21,518415.8,20,449365.2,21,499973.6,24,650750.5
69,39,1,24686.5,1,22468.3,,,,
69,56,1,29152.1,1,33307.9,1,35335.8,1,35135.2
69,57,56,1689089.4,44.5,1452266,41.5,1492166.6,48,1728093.9
69,58,94.5,2650240.8,88.5,2600373.6,92.5,2809215.2,95,3383155.2
69,59,88,2651389.3,94,2679878.3,103,3285006.5,114,3626340.8
69,60,187.5,4752535.6,181,4692303.7,177,4698003.6,174.5,4810484
69,61,79,2453667.8,80,2588200.5,68,2209285.4,78,2586749.1
69,62,94,2819755.6,94,2915222.8,87,2624054.4,105.5,3506933.8
69,63,69.5,1983330,68.5,2080150.7,82,2521106.1,84,2793412.8
69,64,74.5,1890615.9,66.5,1781998.4,70,1886644.8,94.5,2721623.5
69,65,1,29112.3,3,74171.8,,,9,294191.5
69,67,3,65267.4,2,46987,,,,
69,70,2,43511.6,1,23493.5,1,25583.1,,
69,71,9,195802.3,6,140961,7,179082,12,331986.3
69,72,3,73981.9,2,49202.5,3,80260.3,3,85687.2
69,75,368,8770084.7,615.5,15018707.5,633,16701486.6,576,15620521.3
69,76,43.5,1195157.3,55,1732885.2,68.5,2315633.8,53,1760466.8
69,77,688,16006355.4,663,15168917.4,676.5,16605658.1,659.5,16357411.5
69,78,225,5810761.8,233,6223004.7,252.5,7302869.7,232.5,6964163.2
69,79,94,2592543.3,109.5,3059783.8,105.5,3050644,103,3193256.4
69,80,557,13035175.3,507.5,12268813.8,539,13305915.7,489,12774780
69,81,370.5,6605143.8,344,6370517.8,374,6780471.1,347,6531039.1
69,82,295.5,6072013.1,285,6223234.2,281,6282662,254.5,5956899.2
69,83,122,3239033.3,124,3456958.3,113,3257053.1,112,3399030.1
69,84,69,2092134.6,60,1828819.9,61,1875684.4,63.5,1985336.8
69,85,10,303207.9,11,335283.6,11,338238.2,14,437712
69,86,114,2027610.6,105,1927200.2,103,2055979.3,105,2236472.3
69,87,303,4887581.1,317.5,5094734.6,324.5,5427883.7,299,5535533.4
69,88,65,2021370.4,63,2055740.3,63,2238013.7,67.5,2597983
69,89,64,1556411.5,187,4714215.9,158.5,4181417.3,199,5537065.3
69,90,29,965108.4,26,871002.4,28,849328.2,29,796177.2
69,91,14.5,402384.4,15,407232.6,16,434197.2,15,448382.2
69,92,273,5793770.7,257.5,5982104.4,240.5,5739662.5,280,6734919.3
69,93,403.5,8213724.2,414.5,8856485.8,372,8246517.7,416,9952462.7
69,94,128,3622014,126,3646196.6,116.5,3472434.6,125,3899273.8
69,95,80,2601236,92,2807162.3,87,2923256,89,3179583
69,96,57,1864424.1,55,1886683.5,38,1211815.9,59,1990207.8
69,97,72,2533635.3,68,2369685.7,60,2152347.1,72,2633106.1
69,98,84.5,2676376.8,83,2823190.7,79.5,2703921.2,91,3136620.9
69,99,36,1122895.2,33,1049192.5,24,840002.9,36,1211449.5
69,100,23,672048,22,627022.8,21,750713.6,20,759730.3
69,101,41,1313857.2,41,1345324.9,37,1210840.6,44,1498082.9
69,102,40,1308312.7,38,1271331.6,37,1413272.9,35.5,1342282.3
69,103,38,1362023.1,37,1232297.4,36,1341267.2,43,1560774
69,104,33,916423.7,38,1260526.1,26,817527.6,41,1131821.4
69,105,23,757659.2,21,635228,20,675136.5,24,810034.2
69,107,29,682261.6,26,681079.5,26,735001,23,705273.8
69,108,13,305841.4,9,235758.3,12,339231.2,7,214648.6
69,109,25,644854.9,26,759044.7,18,508846.8,17,521289.4
69,111,4,94105,29,582160.2,29,478155.7,68.5,1571734.3
69,112,63.5,1750590.4,59.5,1652548.8,44.5,1374071.8,47.5,1520375.5
69,113,2,55136.7,2,55547.9,2,61756,2,64015.8
69,117,2,55136.7,2,55547.9,2,61756,2,64015.8
70,32,62,1410168.9,71.5,1565277.5,59.5,1460447.5,76.5,1900975.5
70,38,10,246864.7,9,202214.3,5,119041.3,10,271146
70,39,1,24686.5,1,22468.3,3,71424.8,3,81343.8
70,56,2,58304.3,2,66615.9,2,70671.6,2,70270.3
70,57,88,2692502.1,82.5,2570502.6,77,2481488.6,83,2884429.1
70,58,74,2451686.5,77.5,2508079.3,72,2243937.7,78,2702472.6
70,59,97,2736512.5,102,3027107.5,97,2846337.4,88,2821626.5
70,60,130.5,3635490.1,128,3558003,112,3035348.9,112,3114191.4
70,61,121,3232136.1,115,3260039.9,115,3141886.4,120,3410156.6
70,62,110,2515728.9,101.5,2358736.9,97.5,2557801.7,101,2840537.2
70,63,101.5,3221775.7,102,3655914.5,100.5,3780926.6,92,3585967.7
70,64,25,727808.5,26,642822,19,518328.2,20,653758.9
70,65,3,87337,3,74171.8,2,54560.9,2,65375.9
70,67,7,152290.7,7,164454.6,7,179082,7,193658.7
70,69,4,87023.2,,,,,,
70,71,11,239313.9,10,234935.1,8,204665.2,7,193658.7
70,72,9,221945.6,7,172208.8,9,240781,8,228499.1
70,75,15,369909.3,10,246012.6,313.5,6392613.3,322,6912952.7
70,76,12,295927.4,59.5,1711807.9,122,3571755.9,124,3668842.9
70,77,24,653201.7,20,550468.4,29,819787.8,12,410647.8
70,78,22,598768.2,22,605515.2,14,395759.6,17,581751.1
70,79,382,8044138.5,338.5,7110589.6,333.5,7032576.8,347.5,7893519.9
70,80,313,8413988.4,290.5,7894364.5,282,8086971.3,265.5,8045958.4
70,81,252,4537057.5,227,4137088.8,235,4551517.9,231.5,4565308.6
70,82,311,5274980.7,311.5,5237461.2,295.5,5125727.6,283,5141761.2
70,83,516,10872598.3,488.5,10936470.9,550,12229544.7,500.5,11695414.7
70,87,3,83252,1,27148.8,1,27137.3,,
70,88,73.5,2351313.2,81,2625052.4,76.5,2717466.6,73,2712595.3
70,89,119.5,3412732.1,250,6277292.4,318.5,8502512.2,458.5,12350977.4
70,90,,,224.5,3711094.6,329,6421694.5,408,8177431.6
70,92,124.5,2421750.8,131,2486881.4,120,2259869.2,134,2825155.4
70,93,227,4736946.9,281.5,6173230.7,266.5,5612300.8,327.5,7893440
70,94,166.5,4296992.3,165.5,4311853.8,162.5,4108902.7,165.5,4793793.1
70,95,138.5,4274951.1,128,3803034.4,123.5,3982953.1,124,4022855
70,96,79,2780778.5,76,2518536.2,75,2653485.7,87.5,2903066.1
70,97,105.5,3022493.7,100.5,3147382.9,91.5,3014581.6,100.5,3614161
70,98,53,1754083.5,57,2154949.7,57,2280874.4,97,3677015.2
70,99,68,2282957.9,71,2459575.5,73,2554560.7,78.5,2937712.9
70,100,35,1328656.8,36,1400829.7,32,1276431.7,29,1167290.8
70,101,,,,,2,71496.5,,
70,102,25.5,840013.5,26,849403.4,20.5,692014.9,22,742531.3
70,103,52.5,1601416.6,52.5,1616767.4,45.5,1605473.2,53.5,1914559.8
70,104,41,1636463.4,42,1705146.6,39,1574706.5,45,1874090.7
70,105,49.5,1326999.9,47.5,1375947,38,956877.7,45,1348708.1
70,106,30,912606.9,34,1236741.3,31.5,1074740,32.5,1092684.9
70,107,143,3273002.4,131,3155712,124,3082028.3,111.5,3080186.7
70,108,14,329367.7,13,340539.7,17.5,494712.2,16,490625.3
70,110,65,1488235.1,71.5,1725858.3,50.5,1318033.1,50.5,1334342.5
70,111,195,2969431.8,191,3073774.1,199.5,3314387.7,176.5,3027889.3
70,122,3,73391.1,3,86389.9,3,87401.8,4,118269.9
70,124,12,293564.4,11,316763.1,10,291339.3,11,325242.1
71,32,103,2208473,96.5,2187428.3,101.5,2301806,99,2442295.1
71,33,6,181692.8,7,197724.4,6,182928.5,6,173777.6
71,34,20.5,620783.7,21,593173.1,21,640249.9,19,550295.8
71,38,22,543102.2,20,449365.2,22,523781.9,16,433833.6
71,56,19,553890.5,15,499619.2,16,565373.2,20,702703.3
71,57,151.5,4098711.3,161,4554097.7,145,3963266.8,167.5,5159414.2
71,58,138,3875084.2,138,4057984,130,3894053.6,123,3887959.4
71,59,104.5,3025867.7,104.5,3170200.6,94,2888434.2,98,3080091.1
71,60,170,4387010.6,166.5,4386938.3,158,4229575.5,163.5,4635726.1
71,61,255.5,5342695.6,241.5,5327823.5,230,4960551,249,5611552
71,62,156,4072243.3,140,3760187.4,134.5,3717271.1,138,3971881.9
71,63,90,2731381.3,99.5,2857565.8,91.5,2984567.2,105.5,3411877
71,64,8,232898.7,8,197791.4,8,218243.4,6,196127.7
71,67,3,65267.4,3,70480.5,3,76749.4,3,82996.6
71,71,4,87023.2,5,117467.5,2,51166.3,4,110662.1
71,75,3,73981.9,3,73803.8,3,80260.3,2,57124.8
71,76,8,197285,7,172208.8,13,347794.8,14,399873.5
71,77,9,244950.6,7,192663.9,7,197879.8,245,5350369.1
71,78,342.5,6796710.2,350,7054715.1,333.5,6889312.2,315,6950633.7
71,79,292,8121803,267,7140923.8,255.5,6776406.2,253,7216541.3
71,80,210.5,5699173,210,5869329.6,222.5,5893791.8,223,6603381.4
71,81,75.5,1594746.7,128.5,3333686.9,137,3619186.1,118,3207781.9
71,82,84,1549709.7,76.5,1664506.6,84.5,1863060.4,76.5,1774992.9
71,83,120,1884207.8,118,1763651.5,83,1304170.7,86,1445977.8
71,87,,,,,,,3,89676.4
71,88,80,2584029.5,83,2814255.9,71,2450510.3,78,2616916.2
71,89,94,2178295.3,85,1847941.7,65.5,1615725,55.5,1461942.3
71,90,3,83252,3,81446.5,,,3,89676.4
71,92,31,718244.2,378.5,6993080.8,382.5,7342519.5,398,8640122.9
71,93,243.5,4987518,240.5,4895787.1,212.5,4301565.8,230,4939700.8
71,94,160.5,3510775.8,178,4103831.9,188,4362801.5,146.5,3648084
71,95,99.5,3012996.2,100.5,2819554.4,101.5,3160428.4,104.5,3181369.9
71,96,81,2746919.3,73.5,2338318.1,76.5,2835286.6,90,3298521.9
71,97,110,3095429.4,108.5,3071213.3,97,2972318.2,93,3032646.1
71,98,56,1932724.9,48,1598596.9,44,1314339.2,38,1146597.1
71,99,43,1424876.8,43.5,1465877.7,51.5,2038103.7,54.5,2264998.3
71,100,69,2334271,67,2348447.7,60,2336381.6,56,2205552
71,101,9,262975.3,13,370513.4,10,357482.7,13,493824.7
71,103,71.5,2253066.6,68.5,2118836.7,71.5,2643665.3,78.5,2996311.8
71,104,57,2081015.7,56,2112545.4,55,2201184.8,50,2097927.4
71,105,70,2375947.7,69,2168437.6,63,2406189,54,2240584.1
71,106,15,494125.6,16,483983.3,9,303811.4,8,270011.4
71,107,93,2252533,83,2159031.2,85.5,2328372.1,89,2858811
71,108,28,658735.3,32,838251.6,27.5,848393.6,26.5,951557.3
71,110,41.5,1164343.1,40,1312905.9,34.5,1059116.3,37,1281281
71,111,31,578661.7,32,579410.5,29,521151.6,28.5,478290
71,115,4,110273.4,4,111095.7,4,123512.1,4,128031.6
71,124,6,146782.2,7,201576.5,6,174803.6,3,88702.4
72,32,26,522177.2,20,403764.5,22,537677.7,26,617235.7
72,33,182.5,4283373.2,182.5,4555717.7,173.5,4391526.4,178,4436799.4
72,34,132,3507137.9,134,3453337.3,125,3418772,129,3887673.4
72,35,70,1765691.9,68,1710981.7,68,1800417.6,75,2068830.1
72,38,29,456466.6,29,555261.6,33,644730.3,28.5,646255.7
72,39,3,74059.4,3,67404.8,3,71424.8,4,108458.4
72,56,40,1171612.4,43,1270728.6,42.5,1420300.1,42,1389979.3
72,57,94,2686291.4,92,2585187.9,93.5,2732572.6,106,3362006
72,58,103.5,3047158,105.5,3193907.6,102,3222459.7,98,3094510.2
72,59,115,3150249.6,120.5,3534822,114.5,3433807.7,118,3936055.3
72,60,137.5,3872405.2,134,3721473.9,132,3910891.3,120,3796917.5
72,61,189,4497144.3,185,4404173.3,183,4457738.1,191,4765539.9
72,62,142,3523570.8,129,3307035.3,139,3723759.8,136,3648217.4
72,63,36,790271.8,34,827942.8,39,1038006.4,44,1412373.4
72,65,28,550262.2,26,535774.2,29,720560.8,28.5,771833.8
72,66,5,145561.7,4,98895.7,5,136402.1,6,196127.7
72,69,4,87023.2,4,93974,3.5,89541,5.5,152160.4
72,72,2,49321.2,2,49202.5,2,53506.9,2,57124.8
72,73,3,73981.9,3,73803.8,5,133767.2,4,114249.6
72,74,2,49321.2,2,49202.5,2,53506.9,2,57124.8
72,75,23,567194.3,21,516626.4,17,454808.6,13,371311.1
72,77,26,561104.8,25,495327.5,24,483825.7,36,643491.9
72,78,21,571551.5,25,688085.5,21,593639.4,19,650192.4
72,79,208.5,3493507.4,200.5,3392286.3,202.5,3485749.7,188.5,3605903.2
72,81,7,190517.2,7,192663.9,2,56537.1,2,68441.3
72,82,,,2,60960.7,,,2,62530.3
72,83,,,1,30480.3,10,307489.3,1,31265.1
72,84,426,8378919.2,429.5,8691052.6,436.5,9075828.6,412.5,8708169.2
72,85,204,5055820.4,182.5,4553643.1,168,4562810.9,167.5,4953625.3
72,92,13,301199.2,200,3073599.7,305.5,5525245.4,354.5,6885951.3
72,93,653,12838442.7,915,18495302.6,864.5,17901906.2,978.5,20318838.1
72,94,94,2898734.8,85,2795682.7,74,2375807,83,2858714.6
72,95,133.5,3809557.3,138.5,4236889.7,129,4145268.5,144,4642120.8
72,96,121,3539745.6,125,3686808.2,122,3666325.7,130,4073057.9
72,97,137.5,4086417.1,141.5,4147396.2,126.5,3884330,127,3926416.4
72,98,86.5,2284111.9,80,2384416.5,75.5,2185915.9,73,2315190.2
72,99,88,2899105.4,92,3093661.2,84,2998406.3,98,3820234.7
72,100,46,1637472,49,1824692.7,47.5,1837446.3,46,1943904.8
72,101,36,1270234.1,33,1149024.6,32,1177163.5,31,1141878.2
72,103,23,757659.2,17,514232.2,19,641379.7,24,810034.2
72,104,63,2275794.8,61,2281659.6,67,2515140.2,67,2690314.4
72,105,90,3096294.7,83,2940756,70,2677247.7,76,3023916.5
72,106,136,3521249.1,131,3441080,132,3526099.7,123,3614577.5
72,107,126,3539566.6,116,3389351,113,3498352.7,107.5,3342602.5
72,108,101.5,2371332.8,101,2715858.8,93.5,2602372.4,107,3235194.7
72,109,53.5,1374772.7,52,1329019.5,46.5,1282827.8,52,1539288
72,110,53,1586818.2,57,1765788.8,59,1929476.4,56,2070830.4
72,111,73.5,2007751.6,77.5,2399903,68.5,2161289.3,86,2859066.3
72,120,5,137841.8,5,138869.6,5,154390.1,6,192047.4
72,124,2,48927.4,2,57593.3,2,58267.9,1,29567.5
73,34,92,2180786.5,96,2297733.4,83,2098919.6,95.5,2752437.1
73,35,142.5,3405235.6,134.5,3376294.3,148.5,3693992.1,163.5,3960862.9
73,36,116,2541904,109,2561523.1,114.5,2639385.6,109,2750742.4
73,61,5,120841.3,6,160332.2,6,168971.4,3,94206.4
73,64,3,74717.6,3,77994.2,5,125287,5.5,150132.2
73,68,5,94495.4,5,144500.3,3,85439.3,3,86964
73,69,6,113394.4,1,28900.1,6,170878.6,6,173928
73,72,4,102372.1,4,108037.1,4,111511.6,4,116928.1
73,75,13,332709.2,11,297102.1,11,306657,15,438480.3
73,76,2,51186,2,54018.6,,,,
73,78,,,,,,,13,384929.1
73,81,6,171613.6,7,188568.1,12,293274.3,21,443359.5
73,83,2,45872.8,7,191027.6,3,84355.2,2,54078.9
73,84,170,4209744.8,161,4081150.8,171.5,4279938.5,171,4619995.2
73,85,234.5,5779922.1,211.5,5247165,212,5008444.3,204,5366423.1
73,91,5,138045.1,5,136448.3,4,112473.6,8,252301.2
73,92,3,86136.2,3,85643.3,2,61685.4,2,61110.8
73,93,262,5402371.9,423.5,8465627.9,398.5,8319174.2,517.5,11196025.2
73,94,183,4969865.5,193.5,5310684.2,147,4441986.5,173.5,5201365.3
73,95,105,3526159.9,106,3388757.4,108,3435726.6,110,3758267.6
73,96,107,2808267.2,102,3020659.1,92.5,2961370.8,114.5,3699186.5
73,97,77,2428629.1,85,2810202.5,86,2955289.1,87,2997493.7
73,98,100,3248784.1,106,3661814.3,108,3618692.6,107,3887347.1
73,99,161,4151894.2,149,3720568.8,143,3398418.5,147,3495008.3
73,100,20,573498.4,22,636222.2,22,677534.9,19,654419.1
73,101,14,401448.9,13,375949.5,14,431158.6,17,585532.8
73,103,6,151711.8,3,73157.9,4,97705.1,4,108283.2
73,104,63,2283828.3,57,2214706,56,2227889.6,52,2268726.2
73,105,48,1807720.2,45,1708482.9,41,1544454.6,43,1706705.3
73,106,113,2633103.6,107.5,2674562.5,104,2751160.8,99,2952942
73,107,97.5,2281258.5,91,2288928.4,101,2698567.9,97,2592612.9
73,108,122,3327141,129.5,3660785.9,131,3794062.8,125.5,3934494.5
73,109,141,3164189.7,144,3315792.7,144,3700086.5,136,3749225.8
73,110,103,2568142.4,107.5,2878833,92.5,2606932.7,100.5,2878962.8
73,111,32,1071600.9,34,1178044.8,43,1381307.7,41,1429167.8
73,113,2,49209.4,1,25688.1,1,26919.9,2,59891.6
73,124,8,195709.6,,,,,,
74,33,235,5714540.3,266,6607696.4,242,6283235.3,244,6672918
74,34,130.5,2310279.1,131,2656707.8,109.5,2070387.8,121,2619919.4
74,35,281.5,5182544.2,249,4676986.4,224,4430466.7,273.5,5869207
74,36,290,6262459.5,308.5,6752243.3,293,6879425.6,295.5,7086789.7
74,37,83,1931077,80,1984339.6,81.5,1990601.5,93,2386691.4
74,54,3,72504.8,,,3,84485.7,5,157010.7
74,55,22,531701.9,20,534440.8,23,647723.6,18,565238.7
74,59,3,72504.8,2,53444.1,2,56323.8,2,62804.3
74,60,8,193346.2,8,213776.3,7,197133.3,7,219815
74,64,14,348682.3,17.5,454966.1,12,300688.9,12,327561.2
74,65,23,572835.2,16,415969,77,1787431.5,140.5,3301485.8
74,66,75.5,2219382,72.5,2208409.1,60,1960212.1,64,2310858.2
74,67,10,188990.7,78.5,1533767.6,89,1879931.2,97.5,2216729.7
74,68,107.5,2312591,106.5,2645982.5,105,2639788.1,99.5,2845602
74,69,154.5,3977761,143,3788413.1,138,3933656.8,138,4069756.9
74,70,6,113394.4,5,144500.3,4,113919.1,3,86964
74,71,54.5,1398256.9,54.5,1260009.8,55,1433810,59.5,1516240.8
74,73,18,460674.3,17,459157.8,15,418168.6,18,526176.4
74,74,5,127965.1,5,135046.4,1,27877.9,4,116928.1
74,76,5,127965.1,5,135046.4,3,83633.7,3,87696.1
74,77,9,257420.4,13,350197.8,7,171076.7,7,207269.5
74,80,,,,,1,24439.5,1,29609.9
74,82,183.5,2178599.8,201,2442143.4,200,2478751,197,2665121.3
74,83,170,1946056,178,2223112.6,51,649311.8,39,550864.6
74,84,41,940392.9,42,764558.9,50,846646.8,49,818929.1
74,86,,,,,20,247490.2,277.5,5289821.7
74,88,3,82827.1,3,81869,3,84355.2,2,63075.3
74,92,7,200984.4,7,199834.5,7,215898.7,6,183332.3
74,93,255.5,5016249.3,297,5950882.9,279,5745625.4,357.5,7628598.3
74,94,114.5,2863512.5,248.5,5466723,256.5,6003678.9,253,6373056.2
74,95,87,2109396.2,88,2236836,79,1966971.8,77,2145671.1
74,96,27,775225.4,23,656598.9,19,586010.8,20,611107.7
74,97,41,1185661.6,54,1699273.2,40,1219798,47.5,1529228.3
74,98,76,2201008.1,86,2782463.2,90,2983449,91.5,3246967.6
74,99,110,2707325.4,105,2738895.7,91,2367508.5,112,3158263.2
74,100,16,458798.7,28,809737.3,26,800723.1,25,861077.7
74,104,,,8,195087.7,98.5,3212809.5,148,4846800.4
74,105,20,505706.1,19,463333.3,33,989081.1,77,2653213.4
74,106,68,1763985.9,58,1560550,64,1674684.5,81,2160266.1
74,107,97,2454377,98,2607435.4,92,2717378.2,82,2352475.6
74,108,254,4446721.5,244,4276189.9,259.5,4696247,232.5,4481514.2
74,109,212.5,3913794,209,3981625,202,3977129.4,178.5,3882476.3
74,110,2,56616.4,2,58763.1,2,55534.8,2,54510.3
74,113,10,246047,7,179816.7,14,376878.2,14,419240.9
74,125,2,48927.4,2,57593.3,2,58267.9,2,59134.9
75,34,309,6346473.5,330.5,6849146.4,305.5,6393847.6,301.5,6914916.1
75,35,309,6805113.9,291,6602124,307,6623035.6,325,7612999.2
75,36,176,4021424.2,188,4456276.1,158,3950458.5,186,4656959
75,37,93,2283065.1,90,2144814.4,79.5,1651392.6,81.5,1803370.7
75,61,10,241682.7,9,240498.4,1,28161.9,1,31402.1
75,62,3,74717.6,3,77994.2,3,75172.2,3,81890.3
75,66,3,74717.6,3,77994.2,3,75172.2,1,27296.8
75,67,48,1070735.5,64,1494935,61,1439919.7,110,2673299.5
75,68,278.5,6405098.7,287,6941366.2,283,6762021.6,281.5,7540535.5
75,69,204.5,4789931.5,206,5375548.2,214.5,5562885.5,208,5957349.5
75,70,,,275.5,5588096,273,5687159.3,284,6013924.8
75,74,3,76779,1,27009.3,1,27877.9,1.5,43848
75,76,5,127965.1,4,108037.1,4,111511.6,3,87696.1
75,81,7,200215.9,7,188568.1,7,171076.7,7,207269.5
75,82,7,160554.9,12,327475.8,12,337420.8,12,324473.6
75,83,82,987865.7,78,996978.5,214,2920498.7,212,3181533.3
75,84,71,1441686,67,1473058.9,67,1619402.1,64,1589933.8
75,86,,,,,,,99,2568453.2
75,89,5,138045.1,3,81869,5,140592,13,409989.5
75,91,7,193263.2,7,191027.6,7,196828.8,7,220763.6
75,92,,,1,28547.8,11,339269.4,9,274998.5
75,93,76.5,1668940.6,67.5,1400878.8,47,1037765.9,60,1361873.1
75,94,102.5,2840898,160,4213936.2,131.5,3871496.5,143.5,4314473.5
75,95,96,2989837.4,96,2963095.8,92,3051691.5,93,3075893.3
75,96,26,753090.2,25,782807.3,23,721939.9,41.5,1590123.4
75,97,78,2935501.3,77,2723737,65,2407719.5,67,2580007.5
75,98,51.5,1738269.1,44.5,1632569,44,1692609.4,41,1689242
75,99,11,315424.1,13,375949.5,17,523549.7,14,482203.5
75,100,7,200724.4,12,347030.3,12,369564.5,12,413317.3
75,101,4,114699.7,1,28919.2,,,,
75,104,,,1,24386,3,73278.8,44,1561905.1
75,105,3,75855.9,39.5,1188993.8,149,4205890.3,199.5,5954034.3
75,106,61,1658555.7,59,1776394.3,143.5,2894068,149.5,3246717.4
75,107,143.5,3266055,143.5,3267873.1,143.5,3218127.5,148.5,3713541.2
75,108,207.5,4720456.4,204,4620124.4,215,4944276.2,212,5298355.5
75,109,189,4381709.9,197.5,4459233.1,163.5,3970906.3,181.5,4516059.8
75,110,26,736013.3,20,587630.7,17,472046.1,17,463337.8
75,113,40.5,896729.9,53.5,1250693.8,86.5,2250205.2,137,3818062
75,114,,,,,61,1003738.1,192,4309802.6
75,116,6,147628.2,2,51376.2,2,53839.7,6,179674.7
75,117,3,80798.7,3,86948.7,2,55692.7,2,63830.2
75,119,10,269328.8,9,260846,9,250617,8,255320.7
75,124,3,73391.1,3,86389.9,3,87401.8,4,118269.9
75,125,1,24463.7,1,28796.6,1,29133.9,6,177404.8
75,126,4.5,110086.7,,,,,,
76,34,155,3052580,155,3398983.8,147.5,3091009.2,170.5,3975696.3
76,35,298,5727491.7,312.5,6113096.3,291.5,5770390.4,330,6953970.5
76,36,74.5,1592699.8,59,1349268.6,71,1677448.8,65,1473649.8
76,52,2,48336.5,3,80166.1,,,,
76,62,2,49811.8,3,77994.2,,,1,27296.8
76,64,1,24905.9,1,25998.1,1,25057.4,1,27296.8
76,66,10,249058.8,6,155988.4,4,100229.6,5,136483.8
76,67,113,2668298.6,112,2540258.9,104.5,2719798.7,98.5,2736694.5
76,68,147.5,2952866.1,153.5,3261397.5,133,2776659,135,3128430.9
76,69,115.5,3214581.9,114.5,3047050.3,113.5,3331634.5,106.5,3401559.3
76,70,252,6687247.1,356,9689379.7,325,9485496.2,344,10322354
76,74,2,51186,,,,,,
76,81,13,371829.5,11,296321.3,10,244395.3,10,296099.3
76,84,4,91745.6,4,109158.6,4,112473.6,3,81118.4
76,85,4,91745.6,6,163737.9,5,140592,2,54078.9
76,86,1,22936.4,,,,,,
76,92,4,114848.2,5,142738.9,5,154213.4,5,152776.9
76,93,36,707013.1,25,560514.3,34,802845.4,36,969185.9
76,94,107,2784073.6,106,2826214,118,3214942.6,153.5,4032976.9
76,95,127,3771656.8,125,3725899.8,107,3423209.3,107,3539637.4
76,96,86,2741190.9,72,2454058,54,1780490.2,65.5,2398025.5
76,97,102.5,3252696.7,97,3341979.2,84,3063000.5,88,3106838.4
76,98,58,1293545.8,68.5,1645490.6,62,1465949.8,209,4868087.7
76,99,13,372774,15,433787.8,7,215579.3,10,344431.1
76,100,6,172049.5,4,115676.8,4,123188.2,5,172215.5
76,101,214,4770535.3,173,4366761,177.5,4536233.7,148.5,4348250.7
76,104,1,25285.3,1,24386,1,24426.3,1,27070.8
76,105,,,154.5,3231711.9,169.5,3733248.4,376.5,8224959.9
76,106,39,1075272.4,54,1608172.2,269.5,5748518.8,330,7912515.5
76,107,108,2751272.6,113.5,2980264.4,118.5,3152419.8,116.5,3423180.8
76,108,169,4369853.6,159,4121334.3,148.5,4270432.8,138.5,4277171
76,109,130,3829403.2,117,3465276.8,106,3394612.7,105.5,3324960.8
76,110,129,3818084.7,129.5,3915220.2,120.5,3900093.3,127,4053592.1
76,111,11,311390.3,13,381959.9,12,333209,8,218041.3
76,112,71,2112552.4,84,2669283.1,78,2831856.1,65.5,2493085.4
76,113,151.5,3759877,178,4579648.9,166.5,4425480.6,178.5,5154439.5
76,114,146,2249924.7,164.5,2461352.8,157,2307441.5,197.5,3655736.1
76,115,9,221442.3,6,154128.6,7,188439.1,8,239566.2
76,116,16.5,405977.6,17.5,449541.9,21.5,578777.2,12.5,374322.3
76,117,6,161597.3,5,144914.4,5,139231.7,9,287235.8
76,118,4,107731.5,5,144914.4,4,111385.4,7,223405.6
76,119,8,215463.1,8,231863.1,6,167078,8,255320.7
76,120,150.5,3616022.5,147.5,3559380.2,135,3417185.9,155.5,4222676.7
76,121,45,874557,45.5,1003922.8,38,894849.5,41.5,1142160.2
77,35,165.5,3409098.7,180.5,3856680.5,169.5,3811501.9,162.5,3771710.1
77,36,200,3558988.2,221.5,4206050.7,244.5,4882537.5,254.5,5369130.9
77,37,60.5,1432688.5,54,1305342.2,45.5,1307564.1,51.5,1589339.4
77,56,2,48336.5,2,53444.1,2,56323.8,2,62804.3
77,61,2,48336.5,2,53444.1,2,56323.8,2,62804.3
77,63,2,49811.8,3,77994.2,2,50114.8,3,81890.3
77,67,41.5,1256183.1,42.5,1228252.8,43,1224629.9,39.5,1145025.9
77,68,105,3213546.6,106.5,3282343,114.5,3447278.4,100,3481665.1
77,69,133,3451517.7,129,3534329.3,118.5,3511630.2,112,3485695.6
77,70,13,245687.9,122.5,3214523.9,264,5715618.8,266,6002760.2
77,75,14,358302.2,8,216074.2,2,55755.8,2,58464
77,76,,,1,27009.3,7,195145.4,7,204624.1
77,78,4,114409.1,4,107753.2,2,48879.1,2,59219.9
77,80,15.5,443335.2,14.5,390605.3,22.5,549889.3,23.5,695833.4
77,81,49.5,1442532.4,47,1424688.5,42,1336552.7,39,1346997.9
77,84,2,45872.8,1,27289.7,1,28118.4,3,81118.4
77,91,7,193263.2,7,191027.6,6,168710.4,6,189225.9
77,92,7,200984.4,8,228382.2,7,215898.7,9,274998.5
77,93,11.5,330188.6,14,399668.9,13,400954.8,15,458330.8
77,94,43,986972.2,39,991024.8,34,949694.3,37,1143382.8
77,95,125,3447578,129,3878528.6,111.5,3155986,123,3743706.3
77,96,124,3783561.2,121,3905049.9,123,4136625.9,117,4188839.2
77,97,99,2553704.3,97,2455169.8,95,2449001.5,99.5,2922656.2
77,98,39,846025.5,46,1056658.6,44,1080766.4,173.5,4144970.7
77,99,17,487473.6,16,462707,16.5,508151.2,12.5,430538.9
77,100,13,372774,12,347030.3,16,492752.7,12,413317.3
77,102,12,303423.7,6.5,158508.8,5,122131.4,14,378991
77,105,,,6,146315.8,171.5,4566608.2,188,5625340.4
77,106,29,733273.8,28,682807,26,635083,35.5,961013
77,107,80,2218948.7,72,2224924,72.5,2185735.1,72.5,2268907.4
77,108,106.5,2692015.5,112.5,2894155.1,108.5,3167763.4,104.5,3047924.1
77,109,109,2918880.7,103.5,3034291.2,102,3129671.6,99.5,3331535.9
77,110,51.5,1427397.1,43.5,1333472.6,50.5,1497283.8,56.5,1689784.1
77,111,122.5,3432468.7,107.5,3276964,105,3284495.1,120,3847100.8
77,112,313.5,7643293.9,306,7768059.4,279,7434239.8,299.5,8094842.7
77,113,491,9623347.2,496.5,9657769.2,484.5,9887183.7,452,9837582.3
77,115,,,,,,,3,89837.3
77,116,45,1398517.1,46,1561895.4,44,1587111.7,51,1786167.9
77,117,58,1548383.7,53,1575386,54,1775997.8,69,2355684.3
77,118,52.5,1483870.4,51,1534140,47.5,1354503.5,45,1384757.6
77,119,87.5,2534152.2,93,2626054.9,79,2587257.1,74,2587599.5
77,120,97,3000848.4,102,3347914.2,97.5,3211883.6,89,2928414.9
77,121,101,2673458.9,103.5,2970815.7,90.5,2754628.6,90.5,2958814.4
77,122,2,48927.4,2,57593.3,2,58267.9,2,59134.9
78,35,26,737709.2,25,722603.7,16,418274.6,22,684017.5
78,36,365.5,7383438.4,360,7409854.3,346.5,7424619,353.5,8108884.2
78,37,133.5,3540497.5,136.5,3883933.1,135.5,3775966.2,133,3812903.7
78,56,1,27012.8,1,30686.2,1,32094.9,1,30575.5
78,57,3,75166.1,2,56484,2,51928.2,2,63753.7
78,58,5,125276.8,5,141209.9,5,129820.5,5,159384.3
78,67,2,51289.3,3,78700.9,2,55613.6,2,55181.6
78,68,73,1889852.9,79,1960052.8,77,2141891.1,68,2144886.6
78,69,145,3826208.9,137.5,3464431.2,136.5,3620446.5,127,3406377.4
78,70,4,102578.6,4,104934.5,,,,
78,76,,,6,127378.8,,,,
78,80,12,224023.7,12,289852.8,7,166569.8,7,201809.3
78,81,6,112011.9,8,193235.2,10,237956.9,12,345958.8
78,91,4,103188.3,7,159617,6,181545.6,6,173511.2
78,92,12,292536.6,9,194780,9,215248.6,11,282209.3
78,93,5,121890.2,5,108211.1,3,71749.5,3,76966.2
78,94,12,292536.6,12,259706.6,73.5,1291867.8,110.5,2211645.4
78,95,693,13730339.6,745,15151057,647.5,13378584.2,647.5,14430989.2
78,96,191,4522065.5,184,4517760.1,173.5,4383722.6,164,4631078.5
78,97,135,2759507.6,134,2818270,120,2419050.6,129.5,2870629.9
78,98,167.5,3625819.9,158.5,3724140.6,143.5,3187632.4,133.5,3230335
78,99,261.5,5391111.3,275,5889663.4,238,5492216.9,258,6242448.2
78,100,355.5,6162595.9,351.5,6627018.3,320.5,6393586.4,349.5,7372597.3
78,101,13,386342.8,12,374729.5,10,293923.1,10,347268.7
78,107,85.5,2027886.7,70,1720426.4,70,1860757,78,2202981.5
78,108,96.5,2330241.9,91,2131629.3,102.5,2628086.3,101.5,2597445.5
78,109,161,4093219.3,149,3757884.2,162.5,4139243.9,156.5,4090552.5
78,110,71,1897829.5,67.5,1842761.4,66,1933424.7,66.5,2084305
78,111,210,5167244.2,192,5008731.7,201.5,5761323.7,193.5,5992201.7
78,112,243.5,4903753.8,246.5,5173174.2,222,4629916.4,227,5234504.5
78,116,3,60415.9,3,62959.5,3,62566.4,3,69178.5
78,117,36,1053680.3,41,1231765.8,28.5,926852.1,28,942585.6
78,118,92.5,2554068.9,99,2681075,87.5,2464054.5,83.5,2316413.4
78,119,53,1244481.9,68,1681860.5,73.5,1994777.5,89.5,2708189.5
78,120,99,2899846.5,113,3458422.9,99.5,3177845.5,107.5,3400838.7
78,121,70,2172681.5,68.5,2133139.1,80.5,2537923.4,91,2972999.5
78,122,22,709869.9,19,673791,17,627676,18,637914
78,123,2,64533.6,2,70925.4,2,73844.2,4,141758.7
78,124,8,258134.5,6,212776.1,7,258454.8,7,248077.7
78,125,2,64533.6,1,35462.7,1,36922.1,1,35439.7
79,36,216,4881162.2,217,4865190.1,223,5154347.1,205,5154195.1
79,37,262,5842713.1,317.5,7392674.1,280.5,6859789.8,304.5,7591069.4
79,51,3,58436.3,2.5,48215.8,5.5,97779.2,4,105271.6
79,54,10,270127.9,10,306861.6,11,353044.1,5,152877.6
79,57,1,25055.4,,,,,,
79,59,11,275608.9,11,310661.8,9,233676.8,8,255014.8
79,67,15,384669.6,,,,,,
79,68,18,461603.5,28.5,700736.7,30.5,773529,30.5,841531.3
79,69,70,1463427.1,66.5,1438900.5,64.5,1458102.6,62.5,1520409.1
79,70,4,102578.6,2,52467.3,2,55613.6,2,55181.6
79,72,3.5,70618.1,,,,,,
79,76,1,20176.6,,,2,40862.9,3,67250.3
79,77,2,37337.3,2,48308.8,2,47591.4,2,57659.8
79,80,4,74674.6,4,96617.6,4,95182.8,4,115319.6
79,88,,,,,,,1.5,43377.8
79,89,5,128985.4,4,91209.7,6,181545.6,,
79,92,6,146268.3,5,108211.1,6,143499.1,9,230898.5
79,93,2,48756.1,2,43284.4,2,47833,2,51310.8
79,94,4,97512.2,3,64926.7,3,71749.5,1,25655.4
79,95,154.5,2545751,282.5,4942816.1,281,4928310.2,282.5,5222832
79,96,,,4,86568.9,,,,
79,97,75,1971335.1,82,2287606.5,138,3517934.7,161.5,4131885.4
79,98,180,4387260.4,177,4957778.6,164,4879617.6,176.5,5500739.5
79,99,251.5,5662412.1,248,5919289.6,233,5995402,238,6680004.2
79,100,192,5066738.6,207,5492569.1,184.5,5357945.3,188.5,5716534.8
79,101,77.5,1996387.4,76.5,2078688.1,46,1535481.6,46,1668761.5
79,102,,,,,29,543974,36,641867.4
79,107,34,811383.5,34,875473.1,30,750000.8,33,1002481.9
79,108,181,4622163.3,179.5,4664868.6,175.5,4827338.5,180,5123028.7
79,109,91.5,2479960.1,87,2339945.8,78,2193723.3,73.5,2227675.7
79,110,115.5,2958068.6,105,2791913.6,113.5,3121994.8,113.5,3092725.2
79,111,56,1546548,51,1478013,42.5,1342500.2,47.5,1492484.5
79,117,8.5,248785.6,11,330473.8,9,292690.1,10,336637.7
79,118,47,1508077.2,44,1398406.5,51,1671950.7,55,1975672.3
79,119,58,1722412.9,53,1595221.5,51,1520831.5,66,2036466.3
79,120,41,913409,37.5,797341.3,27,615382.8,31,747145.7
79,121,79,2503787.9,72.5,2314161.5,73.5,2431145.2,66,2222104.6
79,122,84,2264884.4,86,2220679.7,66.5,1731634.2,77.5,2135349.2
79,123,39,783126.8,37,828129.5,34,753537,39,1183278
79,124,76.5,2287409.1,71,2141042.5,75.5,2542712.8,81.5,2748827.3
79,125,28,903470.8,31,1099343.2,31,1154885.9,31,1098629.6
79,126,15,484002.2,16,567402.9,13,479987.5,13,460715.7
80,36,120,2588692.2,125,2818984.3,117.5,2968805.2,122,3075569.3
80,37,59,1112426.3,53,871570.4,56,1112188.8,68.5,1499576.4
80,38,208.5,4904636.7,200,4571353.4,187.5,4460464.6,184,4491573.4
80,51,15,292181.7,18,347154,18,320004.8,14,368450.4
80,52,10,270127.9,7.5,230146.2,10.5,336996.6,8.5,259891.9
80,56,18.5,499736.6,20.5,629066.2,15.5,497471.2,22,672661.4
80,57,3,75166.1,3,84725.9,3,77892.3,3,95630.6
80,59,3,75166.1,3,84725.9,3,77892.3,3,95630.6
80,61,,,,,184,2926788,202.5,3466352.8
80,68,3.5,89756.2,3.5,91817.7,7.5,208551.1,10,275908.1
80,71,8,205157.1,5,131168.1,5,139034.1,4,110363.2
80,73,2,40353.2,2,42459.6,2,40862.9,2,44833.5
80,86,2,47089.4,,,1,30257.6,1,28918.5
80,89,1,25797.1,1,22802.4,,,2,57837.1
80,91,10,257970.7,11,250826.8,10,302576,7,202429.7
80,95,283.5,6019392.9,258.5,5204114.9,414.5,8573530.4,491.5,11057558.4
80,96,1,24378,3,64926.7,2,47833,,
80,97,75,1754613.2,76,1817021.2,67,1888162.7,68.5,2062376.1
80,98,194.5,5057224.1,178.5,5077318.8,165,4862601.9,173,5438485.1
80,99,242,5985512,227.5,5919866.1,211.5,5954760.4,214.5,6108016.7
80,100,159,4642589.9,156,4898221.1,134,4317573.8,137,4548129
80,101,69,1804180.4,63,1642364,57,1617746.4,61,1806963
80,103,251.5,4721699.6,284,5469295.3,237.5,5105979.1,268,6041808.8
80,104,,,13,304971.8,10,341900.4,10,309842.8
80,108,38,898245,37,933927.1,31,788087.9,32,881420.6
80,109,123,1901946.7,108,1831400.1,123,1963324.7,104,1761579
80,112,2,40277.2,7,146905.6,7,145988.4,7,161416.4
80,118,12,351226.8,16,480689.1,15,487816.9,15,504956.6
80,119,82.5,2462960.3,79.5,2413800,76,2435728.7,76.5,2395552.6
80,120,86,2478056.2,85.5,2440937.5,75,2267968.6,75,2314287
80,121,143.5,3107784.6,152,3542572.8,129.5,2900209.1,137,3378636.8
80,122,85,2198860,90,2329144,76.5,2078764.4,93,2745059
80,123,87,2221275.9,86,2317409,76.5,2111927.6,77,2142624.6
80,124,99,3043325.2,98,2927058.1,89,2736070.3,107.5,3204085.4
80,125,67.5,2207770.2,63.5,2165171.7,57.5,2023133.1,60.5,2075348.5
80,126,28,954701.2,27,933126.6,36,1235344.3,29,970900.4
80,127,8,200094.6,7,196920.1,,,,
81,36,47,1170955.7,40,901247.6,48,1261918.6,48.5,1235930.6
81,37,42,915775,43,854314.7,41,914347.8,33,797537.3
81,51,2,38957.6,2,38572.7,2,35556.1,1,26317.9
81,52,9,243115.1,11,337547.7,13,417233.9,16,489208.3
81,54,5,135063.9,,,,,3,91726.6
81,55,37,856349,32,770138.9,28,706512.8,33,966841.8
81,56,77.5,2050916.6,74,2046568.2,61,1831982.7,72,2395294.6
81,57,107.5,2940014.9,103,2836621.1,89,2575924.8,94.5,2990117.8
81,58,97.5,2425300.6,101.5,2528531.1,85,2148162.9,93,2614870.9
81,62,7,160072.1,7,192528.7,8,229622.6,9,238721.4
81,66,3,68602.3,3,82512.3,3,86108.5,2,53049.2
81,67,6,153867.8,11,288569.9,5,139034.1,3,82772.4
81,68,12,307735.7,3,78700.9,11,305875,13.5,372475.9
81,80,10,186686.4,1,24154.4,,,,
81,81,1,18668.6,,,1,23795.7,,
81,85,3.5,82406.4,3.5,86535.8,3.5,105901.6,3.5,101214.9
81,87,7,180579.5,3,68407.3,3,90772.8,3,86755.6
81,88,3,77391.2,3,68407.3,1.5,45386.4,1,28918.5
81,89,2,51594.1,2,45604.9,2,60515.2,2,57837.1
81,90,2,51594.1,2,45604.9,2,60515.2,2,57837.1
81,93,6,146268.3,7,151495.5,7,167415.6,5,128276.9
81,96,2,48756.1,6,129853.3,9,215248.6,5,128276.9
81,97,8,237749.4,10,312274.6,10,293923.1,6,208361.2
81,98,76,1761612.6,61,1621875.2,55,1468806.9,66,1777393.6
81,99,69,1513413.2,72,1592869.4,63,1502607.1,67,1716392
81,100,116,2618259.7,125,2970611.3,124,3243192.5,118,3144892.1
81,101,25,742967,22,687004.1,21,617238.4,23,798718
81,102,118,2942815.1,217,4706813.2,211,4355435.6,224.5,4965838.4
81,103,103,2598458.3,133.5,3483234,126.5,3701838.7,130.5,3842440.4
81,104,92.5,2655099.3,110,3066510.4,96,2681739,105.5,3253181.8
81,115,4,80554.5,4,83946,5,104277.4,5,115297.5
81,118,60.5,1851017.4,64,2012093.5,61,1975107.9,53.5,1776125.2
81,119,82,2570475.4,76,2572616.3,69.5,2348806.8,78,2761706.2
81,120,52,1567623.2,54,1598892.5,60.5,1832291.7,48.5,1500837.8
81,121,146.5,3529180.2,133,3169459,137,3419067.9,116,3124021.6
81,122,95,2304514.1,91.5,2311780.8,75,1965903.2,89.5,2377147.3
81,123,87,2604025,84,2539564.9,92,2848007.2,81.5,2767264.5
81,124,91.5,2575855.1,97.5,2636784.8,76,2354545.6,74.5,2391946.4
81,125,72,2129356.2,72,2251777.5,72,2385587.6,72,2340195.1
81,126,39.5,1017143.3,37,1107604.5,53.5,1533976.1,45.5,1467728.5
81,127,29.5,767002.9,31,872074.6,27,724976.8,26,779468.7
82,36,,,5,112656,,,,
82,37,68,1696957.7,71,1549278.8,76,1832767.1,70,1820079.1
82,52,98,2684946.7,115,3367890.3,99,3119108.9,159,4994701
82,53,60.5,1284681.1,58,1366375,51,1464382.2,50,1577284.6
82,54,69.5,1896651,65.5,1961665.1,66.5,2004008.3,62.5,2067851
82,55,127,3285837.4,120,3224477.3,100,2732664.9,101,2977508.8
82,56,200,5309377.4,194.5,5129565.6,167,4540882.5,185,5222052
82,57,123,3839159.3,128,4015096.2,123.5,3993797.7,120,3903093.7
82,58,14,350775,16,451871.7,16,415425.5,16,510029.6
82,62,3,68602.3,3,82512.3,2,57405.7,2,53049.2
82,66,2.5,57168.6,2.5,68760.3,2,57405.7,2,53049.2
82,67,18,461603.5,18,472205.3,15,417102.2,16,441453
82,69,4,102578.6,4,104934.5,4,111227.3,3,82772.4
82,72,2,40353.2,2,42459.6,3,61294.3,4,89667
82,79,15,280029.6,9,217389.6,11,261752.6,8,230639.2
82,96,6,146268.3,4,86568.9,5,119582.6,5,128276.9
82,97,56,1292535.5,57,1145089,55,1174493.1,51.5,1214029.9
82,98,84.5,2234562.6,87,2377902.7,87.5,2322521.9,95,2935928.5
82,99,99,2801184.1,100.5,2746487.7,97,2760260.1,90,2620868.6
82,100,95.5,2635320.6,99,2751575.7,95,2699375.1,108,2837762.8
82,101,118,2817267.1,107,2819507.5,100,2637335.4,91.5,2613540.7
82,102,11,277505.3,15,351890.5,11,376090.5,8,247874.2
82,103,1,25227.8,5,117296.8,5,170950.2,6,185905.7
82,108,23,450392.8,24,498144.5,29.5,670267.7,32.5,688653.5
82,109,23.5,460183.9,22,456632.5,16,363535,17,484692.1
82,110,33,620187,40.5,785838.4,37,780563.4,36,823671.4
82,111,2,39164.6,5,103780.1,5,113604.7,17,484692.1
82,113,3,60415.9,3,62959.5,3,62566.4,3,69178.5
82,116,1,20138.6,,,,,,
82,118,106,2899969.2,108.5,3173080.1,95,2872523.2,106,3503465.3
82,119,77,2117428.1,82,2467507.8,68,2257070.8,84,3041280.8
82,120,73,1959301.4,85,2263183.7,81,2164353.2,83.5,2362509
82,121,57,1410038.2,54,1372455.2,50,1264281.9,45,1182290.9
82,122,47,1484158,46,1425771,49.5,1614006.3,58,1971613.5
82,123,122,3261511.7,127,3538583.6,120,3327580,108,3247764.1
82,124,87,2441751.1,96,2742700,85,2393470.8,92.5,2723125.8
82,125,101,2700206.4,103.5,3056227.4,102,2886480.8,104.5,3059104.4
82,126,44,1149177.7,41,1058342.7,35,921052.1,37,972871
82,127,24,600283.7,16,450103,16,429615.9,12,359754.8
83,37,68,1271770.2,66,1363104,68.5,1460436.3,74.5,1764643.5
83,52,40,1163598.3,47,1439775.9,44,1328623.5,37,1225914.7
83,53,137.5,3586546.9,132,3460112.2,113.5,3192550.6,127.5,3689433.1
83,54,141.5,3901546.2,141.5,4094613.8,111.5,3462196.8,126.5,3987624.2
83,55,128,3257260.7,129,3725145.4,114.5,3604828.5,110.5,3374135.3
83,56,178,4122666.1,160.5,3730885.9,156.5,4012228.3,177,4887358.2
83,57,138.5,3810855,129,3586409.1,113,3189424.7,116.5,3500940.2
83,58,108,3137459.4,115,3098539.2,94,2494721.8,99.5,2882495.3
83,59,9,221959.2,9,193214.2,9,197613.3,8,222431.5
83,61,1,24662.1,2,42936.5,,,,
83,64,2,42279.7,2,54335.5,2,55688.7,2,57744
83,65,10,211398.5,11,298845.2,11,306288.1,14,404208.1
83,66,1,21139.9,1,27167.7,1,27844.4,,
83,68,,,,,,,2,53049.2
83,69,3,68602.3,3,82512.3,3,86108.5,,
83,79,2,40353.2,2,42459.6,2,48318.4,2,57065.2
83,80,9,181589.3,8,169838.4,8,193273.5,8,228260.8
83,81,4,80706.4,4,84919.2,3,72477.6,,
83,87,14,329625.7,11,271969.7,11.5,347962.4,10.5,303644.6
83,97,60.5,1375119.9,60.5,1436469,52.5,1210104.4,65.5,1596469.6
83,98,60,1810568.3,55,1766439.3,60.5,1983440.5,64.5,2130337.2
83,99,113.5,3182987.9,112.5,3154124.9,107,2975259.8,109,3253261.9
83,100,144.5,3418652.1,139,3657016.5,135.5,3250680.2,128,3202066.2
83,101,110.5,2835061.8,107.5,2792876.5,109,3010889.5,108,3175050.6
83,102,157.5,4493066,154.5,4338271.4,132.5,3839460.6,132,4102179
83,103,105.5,2528331.8,112,2767845.7,114,3036847.5,110,2874946.6
83,104,240,4962768.3,238,5114617.3,194.5,4361197.3,211,4894822.9
83,105,2,50141.2,2,54968.2,2,54799.2,,
83,108,16,369986.3,18,375960.2,14,391890.1,12,326601.8
83,109,67,1714891.2,60,1618997.5,89,2311398.5,75,1925113.5
83,110,60.5,1504868,62.5,1607403.7,57.5,1565776.7,64.5,1946428.2
83,111,26,583048.8,36,665519.7,39.5,799321.3,32,715774.4
83,113,1,22261,,,3,84345.4,3,81915.8
83,115,1,22261,1,27049.1,1,28115.1,1,27305.3
83,117,,,,,2,60299.2,2,67236.9
83,118,62,1554323.7,68.5,1740037.4,69.5,1920945.5,65.5,1807052.3
83,119,118,3460424.8,110,3198542,105,3265090.9,109,3632743.3
83,120,21,570864.4,26,794652.4,30,904487.3,33,1060770
83,121,87,2236199,83.5,2263100.4,79,2250685,88.5,2603082
83,122,28.5,834721.3,26.5,813646.5,21.5,684984.4,23.5,778830.7
83,123,47,1486452.4,67,1916853.3,62,2034923.2,69.5,2131666.1
83,124,152.5,3731046.8,154,4041940.6,141.5,3960723.1,144.5,4373230.4
83,125,78,2112743.2,81.5,2288936,70,2006249.1,78.5,2506792
83,126,11,322173.1,8,245629.1,9,286737.6,10,331417.3
84,37,53,1166904.9,61,1436550.3,56,1329192.8,72,1556686.2
84,38,33.5,677414.8,26,573003,21,454303.4,30,600251.6
84,50,8,155830.2,2,38572.7,5,141452.4,5,131589.4
84,51,4,77915.1,3,57859,2,56581,5.5,144748.4
84,52,54,1603355.5,51,1719005.9,48,1640453.6,42,1535576.6
84,53,111,2728458.4,114,3255081.6,99,2828061.6,97.5,3148229.9
84,54,134,3734295.3,141,3937282.8,148,4142554.8,144,4394380.3
84,55,189,4779774.7,184.5,4671735,170.5,4792128.3,179,5051411.8
84,56,122,3013651.4,121,3287989.5,109,2921094.9,114,3358939.6
84,57,123,3334715.1,117,3144441.6,103.5,2812399.2,120.5,3717630
84,58,98,2813290.4,94,2818905.9,99,3133179.5,118,4032614.6
84,59,36,873577.7,26,663186.7,27,592839.9,15,417059.1
84,61,4,98648.5,4,85873,2,43914.1,3,83411.8
84,64,,,4,108671,4,111377.5,,
84,65,2,42279.7,2,54335.5,2,55688.7,2,57744
84,66,1,21139.9,1,27167.7,4,111377.5,4,115488
84,67,9,205807,13,357553.4,7,200919.8,10,265246
84,68,7,160072.1,8,220032.9,7,200919.8,6,159147.6
84,75,6,121059.5,7,148608.6,7,143020.1,6,134500.6
84,78,7,141236.1,7,148608.6,7,169114.3,7,199728.2
84,79,4,80706.4,,,4,96636.8,3,85597.8
84,81,4,80706.4,4,84919.2,3,72477.6,2,57065.2
84,82,2,47089.4,,,,,4,115674.1
84,87,5,117723.5,5,123622.6,5,151288,5,144592.7
84,96,3,51901.8,3,64926.7,5,105087,4,122572.3
84,97,48,1265703.5,52,1284479.9,47.5,1333943.4,50,1324489.7
84,98,46,1263396.5,45,1385043.8,38,1138853.1,39.5,1210401.2
84,99,137.5,3648435.8,134,3685853.1,123,3554800.9,120.5,3761043.9
84,100,129.5,2704561.8,125.5,2769132,141.5,3240131.1,147.5,3540201.5
84,101,123,3149837.7,138.5,3616799.6,130.5,3331360.2,166.5,4295493.3
84,102,206.5,4681377.3,197,4612028.2,194.5,4515242.2,220,5155118
84,103,132,3629631.1,116.5,3351876.6,108,3194928.8,121,3604501.6
84,104,78.5,2248869.9,92.5,2510416.1,108.5,3073172.2,104,3188830.9
84,105,97.5,1986805.1,95.5,2093470.7,85.5,2005957.4,82,2324107.4
84,106,177,4026457.9,184.5,4342766.7,172.5,4552425,172.5,4566834.2
84,107,49.5,1080650.8,48,1252908.9,60,1559199.8,67,1781499.8
84,108,210,4351355.3,177,3676951.9,173.5,3424384,158.5,3488675.4
84,109,20,462482.8,26,543053.7,20,559843,19,517119.6
84,110,186.5,4234189,171.5,4196678.3,163,4289637.1,165,4613077.8
84,111,213,5251351.3,208.5,5503471.4,184,4903099.4,178.5,5277038.2
84,112,14,311654.4,16,432785.2,15,421727.2,21,573410.7
84,113,9,200349.2,7,189343.5,5,140575.7,1,27305.3
84,117,2,54368,6,183381.3,6,180897.5,6,201710.7
84,118,72.5,1652519.3,69.5,1523231.6,52.5,1246580.8,63.5,1648678
84,119,9,244656.2,9,275072,10,301495.8,9,302566
84,120,8,217472.1,10,305635.6,8,241196.6,13.5,453849
84,121,15,407760.3,23,702961.8,17,512542.8,27.5,924507.3
84,122,4,117153.9,5,153518.2,5,159298.7,5.5,182279.5
84,124,80,2096533,72,1947361.6,69.5,1977925.7,73.5,2278468.4
84,125,52,1585704.9,46,1415755.8,41,1260917.8,38,1163964.3
85,38,81.5,1883189.3,78,2054311,79.5,2081805.2,83,2225874.1
85,48,25,743967.4,22,675040.3,22.5,636535.7,21,552675.7
85,49,39,951369.7,36,841667.1,36,916929.1,31,875406.2
85,50,51,1457555.1,48,1382778.3,48.5,1610502.2,51.5,1815193.3
85,51,133,3240043.3,138,3518552.1,128,3361592.4,157,4710978.3
85,52,107,2576917.7,108,2699559.7,114.5,2934465,120.5,3164417.3
85,53,70,1847110.9,63,1753303.4,65,1857334.7,60.5,1770571.2
85,54,107,2904901.1,106,3025734.1,101,2993602.3,120.5,3778143
85,55,84,1947171.3,84.5,2110438.6,83.5,2124138.6,85.5,2129414.8
85,56,128.5,3413654.5,121.5,3206289.5,125.5,3506045.7,121.5,3504438.5
85,57,111,2991371.1,110,3327033,97,2996273.2,109.5,3450889.2
85,58,54,1719839.5,49,1593813.1,44.5,1566366.7,43,1479969.1
85,63,,,,,,,2,57744
85,64,28,591915.9,1,27167.7,16,445510,25,721800.2
85,66,23,486216.7,17,461851.7,12,334132.5,18,519696.1
85,73,6,121059.5,6,127378.8,6,122588.7,6,134500.6
85,75,3,60529.8,3,63689.4,3,61294.3,,
85,76,2,40353.2,2,42459.6,2,40862.9,2,44833.5
85,79,2,40353.2,1,21229.8,5,120796,3,85597.8
85,81,4,80706.4,5,106149,5,120796,5,142663
85,83,2,47089.4,2,49449,2,33721.9,,
85,84,3,70634.1,3,74173.6,4,67443.7,2,57837.1
85,97,5,137325.7,7,172910.8,6,126104.4,9,275787.6
85,99,173.5,3555493.6,175.5,3900863.6,165,3678561.4,159,3710143
85,100,119,3147561.1,111.5,3115994,102.5,3043390.8,115.5,3383372.5
85,101,77.5,2151860.6,78.5,2378428.9,81,2477135,98,3036409
85,102,510.5,13893366.9,504,13532862.8,497,13918246.3,534.5,15641103.8
85,103,63.5,1506655.8,56.5,1362595.6,52.5,1325656.8,43,1079902.9
85,104,59,1531566.3,60,1571564,50,1208008.4,56.5,1562078.9
85,105,138,3709330.8,134,3701335.7,127,3682828.2,129,3831945.6
85,106,208,4560779.8,207,4649206.4,202,4783762.8,209.5,5156301.9
85,107,62,1579241.8,68,1761083.5,64,1678978.6,63,1760331.4
85,108,355,7111668.2,334.5,7051664.4,298,6105923.7,304.5,6593549.6
85,109,40,1121060.3,40,1166740.9,40,1147511.4,34.5,1072876.3
85,110,37,1022386.7,38,1106339.5,32,956648.3,32,1029988.9
85,111,30,866334.5,31,907802,28,783780.2,29,1053589.2
85,112,6,133566.2,6,162294.5,5,140575.7,1,27305.3
85,114,15,333915.4,15,405736.1,6,168690.9,14,382273.8
85,116,4,89044.1,4,108196.3,5,140575.7,5,136526.4
85,125,4,117153.9,4,122814.6,,,,
86,38,67,1572427.2,71.5,1722556,64.5,1459490.2,73,1711160.7
86,39,3,60664,4,88154.3,4,86534,2,40016.8
86,48,102.5,2237979.1,93,2139080.9,85,2074116.6,91.5,2429332.6
86,49,99,2230995.3,88.5,2115549.1,79.5,2015252.9,96.5,2808692.2
86,50,179,4705206.9,177.5,5031823.6,159,4708383.7,144.5,4408365.4
86,51,140,4323802.6,122.5,3833256.3,131.5,4275892.9,140,4719953.3
86,52,68,1730234.8,74,1917990.6,69.5,2120491.2,85,2437636.3
86,53,243.5,5448131.9,246,5403014,224,5367063.7,241.5,6444763.8
86,54,316.5,6311956.8,303,6285836.3,240.5,5342705.1,257.5,6270612.7
86,55,78.5,2025774.8,83,2309343.9,83,2364809.6,77,2420043.2
86,56,129,3589654.8,139,3975650.5,118,3727800.6,119,3779431.2
86,57,134,3753395.6,126,3546215,118,3480377,127.5,3981567.5
86,58,5,123310.7,5,107341.2,5,109785.2,5,139019.7
86,63,,,1,27167.7,,,1,28872
86,64,4,84559.4,3,81503.2,4,111377.5,2,57744
86,66,39,1127338.3,34.5,997559.2,33.5,898508.5,36.5,1063858.7
86,70,2,45734.9,2,55008.2,2,57405.7,2,53049.2
86,80,,,,,,,1,28532.6
86,82,3,70634.1,4,98898.1,6,101165.6,,
86,84,6,141268.1,6,148347.1,4,67443.7,6,173511.2
86,85,14,329625.7,11,271969.7,9,151748.4,9,260266.8
86,92,5,86503.1,5,108211.1,5,105087,1,30643.1
86,97,1,27465.1,1,24701.5,1,21017.4,,
86,98,77,1813018.1,73,1683514.4,58,1455855.9,55,1314940.4
86,99,138,3866033,138,4055494.3,128,4067186.3,136.5,4409007.9
86,100,71.5,1748969.5,85.5,2109226.4,78,2099920.1,88,2438807
86,101,10,274651.4,10,247015.4,5,105087,10,306430.7
86,102,12,300847.2,11,302325.2,6,164397.7,8,253111.8
86,103,51,1278600.8,48.5,1332979.2,46,1260382.7,41,1231508.3
86,104,99,2594595,89,2368844.5,78,2174415.1,79,2294233.7
86,105,134,3511237.7,132.5,3402954.8,134,3609031.3,147,3798065.9
86,106,231.5,4073570.9,226,4273062,203,4194373.9,203.5,4512930.6
86,107,166.5,3834854.7,166.5,3858606.4,168,3788797.5,177,4283772.7
86,108,130.5,3188766.4,120,3121748.4,123.5,3263601.8,118.5,3434193.4
86,109,125,3375923.4,131,3854867.1,125,3863021.7,125,4041675
86,110,59,1819541.8,56,1886010.1,54,2022795.5,48.5,1838026.1
86,113,2,44522.1,2,54098.2,2,56230.3,2,54610.5
86,114,3,66783.1,3,81147.2,,,3,81915.8
86,115,3,66783.1,2,54098.2,2,56230.3,2,54610.5
86,119,,,,,1,30149.6,2,67236.9
86,125,,,,,4,127439,5,165708.7
87,38,5,101106.7,1,22038.6,2,43267,2,40016.8
87,39,50.5,1279504.1,52,1274830.9,57,1514366.4,62,1874214.8
87,47,2,38957.6,3,57859,3,84871.4,2,52635.8
87,49,33,868462.5,33,872050.6,31,849789.5,36,1080298.9
87,50,154,4515835.1,144,4003659.2,118.5,3347092.7,125,3940397.2
87,51,148,4004994.2,136,3752947.9,125.5,3798200,152.5,4605065.7
87,52,111,3006120.2,109.5,2982802.3,105.5,2908615.9,65.5,1945209.9
87,53,501.5,9840045.2,474,8977101.7,356.5,7138876.1,417,9575899.5
87,54,300.5,6197644.7,316.5,6320104.3,263,5612333.6,283.5,6602426.2
87,55,177.5,4228860.5,175.5,4365903.8,158,4248204.2,172.5,4944550.6
87,56,74,1960068.7,73,2126293.8,68,2018626.1,72,2282667.4
87,57,9,221959.2,7.5,161011.9,46,1092974.1,72,1589592.3
87,59,10,246621.4,10,214682.5,8,175656.3,8,222431.5
87,62,1,21139.9,,,,,,
87,64,2,42279.7,,,,,4,115488
87,69,2,45734.9,,,2,57405.7,2,53049.2
87,70,,,2,55008.2,,,,
87,78,,,,,3,72477.6,2,57065.2
87,80,1,20176.6,1,21229.8,2,48318.4,2,57065.2
87,94,20,346012.2,16,346275.5,10,210174,,
87,98,171.5,3751266.4,163,3828952,186.5,4423308.7,190,4658468.8
87,99,105,2856584.3,93,2670875.4,96,2804859.9,101.5,3090497.6
87,100,105.5,2907617.8,106,2765883.5,155,4239392.4,143,4374919.6
87,101,92,2729292.9,109,3331417.8,59,1965080.3,63,2288593.9
87,103,47,1113809.6,40,1016685.2,38,1085415.5,42,1328837.1
87,104,55,1447846,52,1432068.5,48,1305202.6,58,1700392.3
87,105,112.5,2969352,118,3101404.7,108,2790987.3,124,3410962.8
87,106,214,4675861.5,213,4871218.9,205,4828054.7,224.5,5535175.5
87,107,132,2903727,139,3179794.7,132,3246942.2,127.5,3289266
87,108,267,5713648.1,261.5,5746096.3,247.5,5414635.8,263,5894931.5
87,109,245.5,6365903.9,238.5,6705727.5,216.5,6404432.4,214,6342797.3
87,110,60,1816732.8,60,1878013.6,57,1997542.8,68.5,2449707.5
87,114,4,89044.1,5,135245.4,5,140575.7,5,136526.4
87,117,1,27184,,,2,60299.2,2,67236.9
88,39,56,1254916.7,64,1547367.1,72.5,1834466.4,69,1761137.9
88,40,20,549116,15,350915.6,20,464274.1,25,762380.6
88,49,32,970476.2,32,938898.1,23,774139,27,951814.3
88,50,81.5,2619867.3,94,3133618.1,86,2885700.9,112,3916127.6
88,51,119,3007511.2,116,2801058.4,105,2705546.5,105,2869655.5
88,52,125.5,3044925.8,133,3388093.5,111,3045116.8,191.5,5274238.5
88,53,227.5,5397002.4,235,5663025.3,180,4454198.2,207,5458072
88,54,112,2743763.6,106,2954108.3,90,2599372,90,2993833.6
88,55,76.5,1675928.9,71.5,1684756.7,71,1667087.8,80,2198120.2
88,56,8,152877,8,168243.7,8,158815.4,10,213252.3
88,57,2,38219.2,2,42060.9,2,39703.8,2,42650.5
88,69,6,148751,6,153281.5,6,159931.1,8,231791.7
88,70,4,99167.3,3,76640.8,3,79965.5,3,86921.9
88,73,,,,,1,31604.8,1,25686.7
88,77,1,20126.6,1,19123.9,2,44053.8,,
88,79,2,40253.2,2,38247.8,2,44053.8,,
88,81,6.5,130822.9,7,133867.5,7,154188.4,10,236109.7
88,82,4,91439.6,3,69120.7,3,69870.1,3,86001.4
88,83,5,114299.5,5,115201.2,2,46580.1,3,86001.4
88,84,5,114299.5,5,115201.2,4,93160.2,,
88,95,,,,,,,16.5,325311.7
88,98,18,418179.2,17,366061.4,18,403683,20,535609.8
88,99,97,2506556.7,93,2496472.3,78,2080380.8,83.5,2357265.5
88,100,28,863436.5,35,1141928.3,37,1171669.3,41,1314780.4
88,102,12,238849.3,9,198653.9,8,179471.4,6.5,142953
88,104,4,79616.4,7,154508.6,8,179471.4,9,197935
88,105,4,79616.4,4,88290.6,4,89735.7,3,65978.3
88,106,27,537411,21,463525.8,21.5,482329.5,22,483841
88,107,85,2088825.6,80,1990681,77,1975871.7,80,2092852.5
88,108,47.5,1432652.6,51.5,1366338.2,44.5,1412257.3,45.5,1590904
88,109,40,918299.9,38,897415.2,37,831891.7,37,1052933.4
88,113,3,78768.1,3,85646.8,3,82603.6,3,88307.5
88,114,7,183792.2,7,199842.6,14,385483.2,14,412101.4
89,39,6,164734.8,6.5,152063.4,6.5,171816,6,182971.4
89,40,83.5,1925194,78,1893415.5,63,1741116.6,78,2275333.5
89,41,4,109823.2,3,70183.1,4,105732.9,2,60990.5
89,48,2,51808.8,2,54743.7,2,47921.2,2,70504.8
89,49,4,103617.6,3,82115.6,17,407330.3,91.5,2833209.1
89,50,23,595801.3,22,602181.1,185.5,4047516.7,300,7490387.6
89,51,157.5,3893414,143.5,3646359.9,131,3389983,124,3681800
89,52,210,4327933.6,197.5,4108668.4,169.5,3570236.9,191.5,4791136.7
89,53,102,2323447.9,114,2774874.9,101,2492925.3,113,2787959.4
89,54,35,762661.7,35.5,847351.8,38.5,940688.9,38.5,987309.4
89,68,3,74375.5,1,25546.9,1,26655.2,,
89,69,9,223126.5,9,229922.3,9,239896.6,9,260765.7
89,70,4,99167.3,3,76640.8,6,159931.1,6,173843.8
89,73,7,173189.6,8,224355.5,8,252838.3,7,179807
89,74,2,49482.7,,,,,,
89,80,2,40253.2,1,19123.9,,,,
89,81,,,4,76495.7,,,1,23611
89,82,5,114299.5,5,115201.2,6,139740.2,6,172002.7
89,83,15,342898.6,16,368643.9,7,163030.3,11,315338.4
89,84,12,274318.9,7,161281.7,2,46580.1,6,172002.7
89,98,18,418179.2,12,258396.3,11,246695.2,23,615951.3
89,102,1,19904.1,5,110363.3,5,112169.7,7,153949.4
89,103,4,79616.4,9.5,209690.2,8,179471.4,5,109963.9
89,104,14.5,288609.6,10.5,231762.9,8,179471.4,8,175942.2
89,105,9,179137,6,132435.9,3,67301.8,4,87971.1
89,113,25,656400.9,23,656625.6,20,550690.4,19,559280.5
89,114,16,420096.6,19,542429.9,10,275345.2,10,294358.2
89,120,4,105024.1,4,114195.8,4,110138.1,4,117743.3
90,40,46,916337.5,45,816748.8,39,745723,62,1389634.7
90,41,32,817502.5,41,1166788.2,35.5,1034464,41.5,1396833.6
90,43,8,203957.6,11,251384.1,10,298508.3,15,501462.3
90,44,6,152968.2,3,68559.3,2,59701.7,4,133723.3
90,48,67,1770365.5,65,1921524,48,1453434.1,52,1476039
90,49,116,3140190.7,122,3193438.8,98,2672293.1,118.5,3423866
90,50,110.5,3009533.9,117.5,3406822.9,110,3346477.2,118,4010569.1
90,51,192,4334295.6,167.5,3697418.1,153,3574154.4,172,4211579.9
90,52,50,1357262.5,34.5,922693.9,41,1074017.6,45.5,1239960.2
90,53,8,152877,8,168243.7,7,138963.5,9,191927
90,68,6,148751,6,153281.5,6,159931.1,6,173843.8
90,69,4,99167.3,6,153281.5,4,106620.7,5,144869.8
90,70,13,322293.8,12,306563,7,186586.3,7,202817.7
90,71,4,99167.3,4,102187.7,4,106620.7,3,86921.9
90,72,6,148448.2,5,140222.2,5,158023.9,5,128433.5
90,80,2,40253.2,2,38247.8,1,22026.9,4,94443.9
90,81,4,80506.4,2,38247.8,2,44053.8,2,47221.9
90,82,14,320038.7,14,322563.4,16,372640.6,12,344005.5
90,83,6,137159.4,4,92161,5,116450.2,5,143335.6
90,84,1,22859.9,1,23040.2,2,46580.1,5,143335.6
90,85,1,22859.9,4,92161,6,139740.2,4,114668.5
90,98,,,,,,,120,3498141.3
90,100,,,13,279929.3,10,224268.4,10,267804.9
90,103,6.5,129376.7,12,264871.9,14,314075,10,219927.7
90,104,5,99520.6,4,88290.6,5,112169.7,1,21992.8
90,105,9,179137,12,264871.9,13,291641.1,9,197935
90,110,4,91830,4,94464.8,4,89934.2,4,113830.6
90,113,6,157536.2,6,171293.6,4.5,123905.3,4.5,132461.2
91,40,8,219646.4,7.5,175457.8,6,158599.3,6,182971.4
91,41,60,1134279.9,65,1335070.5,68.5,1434975.3,84,1802036.4
91,44,15,382420.5,15,342796.5,13,388060.7,15,501462.3
91,48,100,2687513.6,92,2527267.7,89.5,2710192.4,90,2915468
91,49,132,3671267.1,137,3957432.5,112,3329361.9,113.5,3741511.6
91,50,20,518088.1,21,574809.2,21,503172.8,31,723980.5
91,53,15,286644.3,19,399578.7,19,377186.5,22,469155
91,70,1,24791.8,1,25546.9,1,26655.2,1,28974
91,71,3,74375.5,3,76640.8,3,79965.5,3,86921.9
91,72,11,272155.1,12,336533.2,6,189628.7,9,231180.4
91,76,,,,,,,1,25686.7
91,78,9,181139.4,9,172115.3,4,88107.7,4,94443.9
91,80,2,40253.2,4,76495.7,4,88107.7,5,118054.9
91,81,9,181139.4,7,133867.5,7,154188.4,6,141665.8
91,82,10,228599.1,10.5,241922.6,11.5,267835.4,10,286671.2
91,83,22,502918,22,506885.4,14,326060.5,19,544675.4
91,84,24,623216.2,22,556489.7,19,442510.7,29.5,738895.1
91,85,11,251459,12,276482.9,24,558960.9,24,688011
91,88,,,4,89692,4,94475.4,4,106482.1
91,92,,,1,27959.7,1,30594.7,1,19715.9
91,96,39,1010357.9,46,1286144.2,35,1070814.4,42.5,1364571.2
91,97,75,2006213.7,77,2098464.4,97,2741761.2,122,3836649
91,98,,,2,43066,224,5577791.9,322,8601848.4
91,104,1,19904.1,,,,,,
91,106,,,,,2,44867.9,,
91,110,2,45915,6,141697.1,2,44967.1,2,56915.3
92,41,27.5,488532.5,28.5,651058.7,24,616768.7,18,498245.2
92,42,303.5,4870869.6,296.5,4719040.4,274.5,4461348.5,270.5,4902937.5
92,43,52,1094567.8,42,1003229.4,40,899697.1,43,1039034.5
92,44,26,515735,23,529616,24,557969.9,25,617544.1
92,46,,,2,45706.2,2,59701.7,2,66861.6
92,47,63.5,1419179.6,66.5,1413155.2,59,1352830.4,64,1601168.8
92,48,107,2377044.5,108,2597596.5,91.5,2276992.2,99.5,2621930.8
92,49,48.5,1110622,55,1077762.9,50,1224403.5,48,1224332.1
92,50,3,77713.2,9,246346.8,9,215645.5,7,246766.7
92,54,11,210205.8,12,252365.5,14,277926.9,10,213252.3
92,69,8,198334.7,7,178828.4,7,186586.3,7,202817.7
92,72,5,123706.8,,,,,1,25686.7
92,74,3,74224.1,3,84133.3,3,94814.3,3,77060.1
92,77,1,20126.6,,,,,,
92,78,6,120759.6,5,95619.6,6,132161.5,4,94443.9
92,79,6,120759.6,4,76495.7,4,88107.7,4,94443.9
92,80,3,60379.8,3,57371.8,1,22026.9,6,141665.8
92,83,6,137159.4,7,161281.7,6,139740.2,4,114668.5
92,84,15,342898.6,14,322563.4,13,302770.5,12,344005.5
92,85,13,297178.8,14,322563.4,13,302770.5,17,487341.1
92,86,5,114299.5,7,161281.7,13,302770.5,23.5,673677.4
92,92,1,25906.6,1,27959.7,1,30594.7,1,19715.9
92,95,52,1479364.9,45,1358052.9,47,1452257.1,51,1635457.4
92,96,46,1396414.7,46,1483797.3,43,1415593.9,48,1845228.1
92,97,77,2315455.7,78,2360837.3,90.5,2600395.7,97.5,3238778.3
92,98,3,69696.5,3,64599.1,25,621954.3,34,942426.8
92,101,10,232321.8,15,322995.4,6,134561,8,214243.9
92,119,4,105024.1,4,114195.8,4,110138.1,4,117743.3
93,41,20,449186.3,17,397704.4,17,449364.8,21,498134.4
93,42,233.5,5071659.4,242,5303940.5,251.5,5667293.9,286,6396838.5
93,43,89.5,1574240.2,87,1541909,73.5,1404824.2,88,1734146.6
93,44,3,68916.5,4,81546.2,4,94324.7,4,92802.6
93,47,50,1062018.2,46,927378.9,38,778877.7,37.5,829743.9
93,48,56.5,1349615.8,53.5,1200591.7,53,1266698.9,49,1302719.2
93,49,35,803160.2,29,670239.9,28,590743.9,29.5,815993.2
93,71,6,113123.1,4,87406.8,4,92343.4,4,86651
93,72,6,154837,4,99327.8,4,94957.3,4,104829.4
93,75,6,154837,7,173823.6,7,166175.4,8,209658.7
93,77,9,265516.4,7,199770.8,4.5,102711.6,1,24484.7
93,78,7,206512.7,4,114154.7,6,136948.8,4,97938.8
93,83,4,86982.8,6,164404.5,6,150750.8,6,181256.9
93,84,4.5,97855.6,4,109603,4,100500.6,4,120837.9
93,85,27,661487,24,601723.8,33,797153.1,27,684399.2
93,86,11,239202.7,16,438411.9,11,276376.5,19,573980.2
93,90,3,55482.2,3,67269,3,70856.5,4,106482.1
93,93,4,89413.6,10,212599.9,8,174967.1,16.5,373829.8
93,94,36,835701.6,38,1003071.4,36,1044663.4,42,1176581.4
93,95,63,1778358,58,1701710.9,52,1503694.9,61,1951013.5
93,96,53,1663423.8,53,1587802.9,48,1432485.7,54,1652195.7
93,97,106,2866462.8,107,3125044.5,101,3222228.9,105.5,3400394.1
93,98,80,2615583.4,75.5,2439963.4,75.5,2464250.6,93.5,3216637.4
93,99,11,292236.6,8,209430.6,12,323151.3,20,538978.1
93,100,1,26567,,,,,1.5,40423.4
93,103,6,156142.9,6,143908.1,5,129898.1,4,97319.5
93,106,5,130119.1,4,95938.7,4,103918.5,4,97319.5
93,109,2,47605.9,2,45055.4,,,,
93,110,,,,,,,3.5,86377.5
93,115,,,,,,,4,117743.3
94,41,3,67377.9,4,93577.5,3,79299.7,3,71162.1
94,42,110,2460257.2,95,2407280.5,104.5,2613613.4,110,2824247.6
94,43,3,68916.5,2,40773.1,2,47162.3,2,46401.3
94,44,390.5,6646829.8,382,6722420.8,349.5,6444241.3,412,7989353.9
94,65,3,56561.6,2,51093.8,2,53310.4,2,57947.9
94,71,6,113123.1,5,109258.5,7,161601,6,129976.4
94,72,4,103224.7,4,99327.8,3,71218,3,78622
94,74,2,51612.3,2,49663.9,2,47478.7,2,52414.7
94,76,23,593542,21,521470.8,20.5,486656.4,22.5,589665.2
94,77,12,354021.9,14,399541.6,11,251072.8,8,195877.6
94,81,3,88505.5,4,114154.7,2,45649.6,2,48969.4
94,83,1,21745.7,1,27400.7,1,25125.1,1,30209.5
94,84,7,152219.9,7,191805.2,7,175876,7,211466.4
94,85,4.5,97855.6,5,137003.7,5.5,138188.3,6.5,196361.6
94,86,4,86982.8,4,109603,2,50250.3,2,60419
94,92,3,67060.2,3,63780,1,21870.9,,
94,93,35,615656.4,30,577597.9,29.5,496688.6,19.5,422943.8
94,94,48.5,1149101,54.5,1357173.9,46.5,1026762.9,42,1221015.5
94,95,101,2499816.2,98.5,2776937.9,97.5,2843820.7,100,3083379.5
94,96,94,2356110.2,89,2202200.5,84,2181818.1,92.5,2554132.8
94,97,123,3351493.9,117,3399955.1,114.5,3360143.7,112,3664720.7
94,98,113.5,3523900.2,112,3450258.9,90.5,2963623.6,110.5,3577313.4
94,99,28,743875,26,680649.5,23,619373.4,15,404233.6
94,100,3,79700.9,3,78536.5,4,107717.1,2,53897.8
94,102,,,,,2,51959.2,,
94,103,28,586819.5,29,620849.5,22,571551.7,21.5,523092.2
94,104,56.5,1530034.6,57,1441052.1,52.5,1376293.2,78.5,2033069
94,105,2,52047.6,,,,,30.5,742061.1
94,106,5,130119.1,5,119923.4,2,51959.2,6,145979.2
94,107,18,428452.8,20.5,461818.3,19.5,495380.5,10.5,259132.6
94,108,5,119014.7,5,112638.6,4,101616.5,4,98717.2
94,114,,,,,1,27534.5,1,29435.8
94,115,4,105024.1,1,28548.9,3,82603.6,1,29435.8
94,122,3,52022.2,,,,,,
95,42,156.5,3321357.8,180.5,4107788.8,154,3495292,185,4599747.3
95,43,138.5,3054257.8,123,2845479.4,124,2892627.5,123.5,3163830.6
95,44,329,6703123,316,6809690,280.5,6134452.2,308.5,7316974.8
95,45,74,1670648.1,84,1608035,74,1400610.8,88.5,1816677.2
95,68,5,94269.3,5,109258.5,5,115429.3,4,86651
95,69,4,75415.4,2,43703.4,2,46171.7,2,43325.5
95,71,15,282807.9,12,262220.4,14,323202,16.5,357435.2
95,74,3,77418.5,3,74495.8,2,47478.7,2,52414.7
95,80,2,59003.6,2,57077.4,,,1,24484.7
95,92,1,22353.4,1,21260,3,65612.7,3,65068.3
95,93,26.5,581873.2,24,592279.3,22,481159.5,27.5,646233.4
95,94,269.5,5291594.4,281.5,5422874.6,237,4786952.5,246.5,5292975.2
95,95,134,3409468.6,128,3121838,103,2726668.3,117,3417820.8
95,96,75,2232115.7,71,2135091.3,64,2020273,58.5,1921028.8
95,97,119,3360029.5,95,2773440.6,97,3068480.1,110,3640421.9
95,98,153,4205995.8,153,4242974.1,149,4209686.9,148,4619088.2
95,99,7,185968.7,8.5,222520,9,242363.5,9.5,256014.6
95,102,4,104095.3,3,71954,,,3,72989.6
95,103,6,156142.9,4,95938.7,1,25979.6,1,24329.9
95,104,121,2887367.1,115.5,2790440.2,160,3859550.6,180,4382291.6
95,105,114,3345495.9,120,3423010.9,119.5,3507971.6,119.5,3603342.5
95,106,63,1883575,49,1302363,49,1344153.5,62,1837755.7
95,107,7,166620.6,5.5,123902.5,3.5,88914.4,4,98717.2
95,108,11,261832.3,15,337915.8,12,304849.5,8.5,209774
95,116,2.5,65640.1,1,28548.9,1,27534.5,1,29435.8
95,121,,,3,85646.8,2,55069,2,58871.6
95,126,2,34681.5,3,52086.6,2,36950.8,2,43345.4
96,42,34.5,792539.5,39,795075.5,44,1037571.3,57,1322437.5
96,43,472.5,9995341.9,458.5,9524118.2,473,9823877.1,498,10890024.3
96,44,238.5,5180263.8,242.5,4994856.3,237,5358402.7,242,5813755.2
96,45,4,91888.6,4,81546.2,4,94324.7,,
96,69,5,94269.3,4,87406.8,4,92343.4,3,64988.2
96,70,2,37707.7,2,43703.4,2,46171.7,2,43325.5
96,89,7,129458.6,4,89692,5,118094.2,3,79861.6
96,92,11,245887.4,8,170079.9,7,153096.2,6,130136.5
96,93,6,134120.4,6,127559.9,6,131225.3,6,130136.5
96,94,151.5,3138935.9,150.5,3430776.7,133.5,3152182.9,139.5,3434274.6
96,95,88,2008962.6,78,1816478.6,84.5,2080007.4,100,2841606.8
96,96,130.5,3881524.6,125.5,3849734,113.5,3305020.6,132.5,4216017.1
96,97,110,3506631.3,107,3319413.5,95,3228629.2,105,3762307.2
96,98,231,5165020.3,291,6695610.2,267.5,6627565.1,298,7753530.9
96,102,30,719223,34,805271.1,29,776598.3,29.5,745277.1
96,103,38.5,695549.2,44,937511.7,35,725708.3,28,692313.7
96,104,249,5342985.4,242,5475612.3,205.5,4638243.3,260.5,6049976.5
96,105,132.5,3428808.5,193.5,4927998.8,185,5081022.3,189.5,5537956
96,106,66.5,1731390.8,69.5,1862816.2,60.5,1630020.9,60,1836634.8
96,107,76,1742319.2,76,1920889,73.5,1931983.1,92,2507165.7
96,108,20,476058.7,18,405499,19,482678.4,21,518265.3
96,120,3,78768.1,3,85646.8,3,82603.6,3,88307.5
97,43,98,2086734.5,116.5,2534955.4,105.5,2530382.7,139.5,3082620.3
97,44,130,2546321.8,119.5,2720170.7,110.5,2454955.3,121,3022882.8
97,58,,,13.5,283911.2,,,,
97,66,3,56561.6,1,25546.9,2.5,66638,1.5,43460.9
97,67,11,207392.4,11,240368.7,14,323202,9,194964.6
97,68,,,1,21851.7,1,23085.9,3,64988.2
97,71,21,395931,23,502589.1,20.5,473260,21.5,465748.9
97,72,3,77418.5,1,24831.9,2,47478.7,1,26207.3
97,84,3,65237.1,3,82202.2,3,75375.4,1,30209.5
97,88,2,36988.2,2,44846,2,47237.7,2,53241.1
97,89,11,203434.9,14,313922.1,14,330663.8,10,266205.3
97,90,5,92470.4,8,179384.1,9,212569.6,9,239584.8
97,94,1,22353.4,2,42520,,,4,86757.7
97,95,54.5,1141806.5,50,1171823.6,51,1319212.9,48,1191660.5
97,96,66,1374738.1,65,1443078.4,130,2722338.2,109,2328834.3
97,97,41,1028112.9,40,1018420,77,1952767.6,132,3652029.7
97,98,65,1635927.9,79.5,1942801.4,98,2596027.7,123.5,3558548.2
97,103,61.5,1097173.2,63.5,1402930.6,81,1773731.6,82.5,1702585.5
97,104,201.5,4371742,183,4116745.5,187.5,4736611.1,212.5,5673074.9
97,105,175,4225423.5,173.5,4053667.5,150,3631948.5,168.5,4056411.1
97,106,183,4143598.5,187,4227668,172,4173475.2,207.5,5576017.9
97,107,94.5,2466643.5,87,2374702.3,94,2428141.3,91,2467767
97,108,121,2968570.1,116,2898049.1,110.5,2704340.6,110.5,2777397.3
97,109,11,261832.3,8,180221.8,7,177828.9,9,222113.7
97,111,8,190423.5,12,270332.6,9,228637.2,9,222113.7
97,117,2,52512.1,,,4,110138.1,4,117743.3
97,122,3,52022.2,2,34724.4,2,36950.8,2,43345.4
97,125,3,52022.2,1,17362.2,3,55426.2,1,21672.7
98,43,83,2211509.4,88,2266126,76,1978303.9,69,1723455.2
98,44,109.5,3110784.3,113,3221034.2,108.5,3372100.9,102,3158517.8
98,67,2,41419.2,2,47438.2,2,47172,2,51667.2
98,71,6,124257.5,4,94876.3,3,70758,2,51667.2
98,72,9,233568.5,7,162711.9,3,90895.4,3,107165.6
98,75,1,25952.1,1,23244.6,1,30298.5,1,35721.9
98,78,2,38369.8,2,39395,2,36874.5,2,35462.1
98,79,2,38369.8,,,,,1,17731.1
98,80,4,76739.6,4,78790.1,4,73749,4,70924.3
98,89,6,173454.7,4,113695.8,7,190715.7,9,277574.2
98,90,13,375818.5,13,369511.5,8,217960.8,4,123366.3
98,92,2,47561.8,2,49990.6,2,51438.6,2,60148.6
98,93,13,309151.5,12,299943.8,12,308631.7,11,330817
98,94,4,95123.5,4,99981.3,5,128596.5,7,210519.9
98,103,185,3333805.6,177,3337703.4,157,3275056.5,158.5,3533125.4
98,104,122,3134173.8,119,3081943,110,3102529.9,114,3294816
98,105,83,2406800.7,86,2504795.7,95,2796546.1,100.5,3067739.5
98,106,131.5,3203472.1,122.5,3113314.3,113,2854717,107,2822095.6
98,107,82,1975595.9,78.5,2038856.6,69,1902559.1,78.5,2171146
98,108,82.5,2126066.2,73.5,2148770.6,87.5,2418920.4,84.5,2660451.9
98,109,47,1324973.5,46,1326876.9,43.5,1243423.6,42.5,1280597.6
98,110,4,100711.9,8,202220.7,7,181605.8,25,619465.6
98,113,2,46950.7,2,47007.7,2,49479.9,2,54687.9
98,123,4,83768.9,4,71980.4,4,103856.9,4,105561.8
98,124,5,104711.1,4,71980.4,2,51928.5,3,79171.3
99,43,24,561285.7,21,625282.5,12,405083.7,19.5,741783.1
99,44,178.5,4684317,183,4418573.8,165,4296897.3,166.5,4517993.5
99,45,35.5,903316.9,36,884740.8,37,1012618.7,38,1140521.4
99,75,9.5,246544.5,8,185956.4,8,242387.8,5,178609.4
99,86,2,56582.5,2,48981.1,2,54490.2,2,55475.7
99,88,2,57818.2,2,56847.9,2,54490.2,2,61683.1
99,89,7,202363.8,8,227391.7,9,245205.9,7,215891
99,92,4,95123.5,4,99981.3,6,154315.9,6,180445.7
99,93,39,879421,34,896698.1,37,993467.1,42,1266239
99,94,28,665864.8,19,474911.1,27,580031.5,32.5,770169
99,101,,,2,49990.6,,,,
99,103,212,4624294.2,227.5,5300909.1,233,5651405,222,5978315.2
99,104,159,4040751.9,156,4000973.3,146,4408657.5,145,4572909.2
99,105,81,1982911.5,100,2576006.7,89,2275099.2,88,2266882.4
99,106,54.5,1184099.4,47,1133537.7,49,1292773.9,70,2186218
99,107,30,755339.5,39,985826.1,31,804254.2,49,1581802
99,108,155,3683758.9,149,3643658,135.5,3513091,126.5,3403373.1
99,109,118.5,2808609,132.5,3205862.3,124.5,3174830.2,144.5,4248660.8
99,110,,,,,147,2746959.2,314.5,7336942.9
99,112,8,187802.7,6,141023,6,148439.7,3,82031.8
99,113,45,1040246.7,41,1131691.2,41.5,1015261.8,39,1051103
99,114,17.5,410818.5,18.5,434821.1,18.5,457689.1,20,546878.7
99,115,21,492982.2,16,376061.5,20.5,507169,12.5,341799.2
99,123,1,20942.2,1,17995.1,1,25964.2,1,26390.4
99,124,1,20942.2,1,17995.1,1,25964.2,1,26390.4
99,125,2,41884.4,2,35990.2,2,51928.5,2,52780.9
100,44,122,3296179.6,124,3195540.7,115,2979418.7,117.5,3353850.6
100,45,83,2090251.7,81,2158869.1,75,1967007.6,84,2428888.2
100,74,6,155712.3,4,92978.2,3,90895.4,4,142887.5
100,76,25,648801.4,22,511380.2,23,696865,25,893047
100,85,20,565825.1,20,489811.4,11,299696.1,17,471543.2
100,91,3,86727.3,1,28424,,,1,30841.6
100,92,28.5,677755.3,25.5,637380.6,16.5,424368.6,19.5,586448.4
100,93,39,1041397.5,35,1086044.4,40,1148396.5,33,636265.3
100,94,11.5,273480.2,16.5,412422.8,11.5,295772.1,15.5,466151.3
100,103,338,7783493.9,326.5,8267454.1,291,7416764.2,317.5,8827806.4
100,104,139,3469574.6,125,3307324.8,122,3376707,126,3738942.8
100,105,144,3313549.2,137.5,3453061.2,135,3932222.7,146,4409725.4
100,106,124.5,3127600.9,124.5,3272058.6,118,3131032.5,123.5,3590954.8
100,107,383.5,7098759.7,391.5,7195340.7,344,6667886.8,330,6829086.4
100,108,112,2440046,110,2609963.9,116.5,3115843.7,106,3125299.6
100,109,245,5917463.3,241,6105721.4,223,5761338.8,260,7089611.4
100,110,,,,,58,1421227.1,235.5,5658673.4
100,112,4,93901.4,4,94015.4,9,222659.5,9.5,259767.4
100,113,23,539932.9,21.5,505332.6,10,247399.5,18,492190.8
100,114,70,1307558.3,56.5,1012949.8,53,1039062.6,63,1471045.5
100,115,1,23475.3,1,23503.8,1,24739.9,1,27343.9
100,117,31,797353,29,868401.8,32,830099.9,37,1014535.7
100,118,47,1268665,49,1326312.8,46,1393089.5,44,1272681.9
100,119,70,2170188.4,64,2079435.7,62,2040377.9,63,2215858.2
100,120,43,1091108.9,43,1345273.7,42,1351998.1,38,1283503.6
100,121,47,1381711.8,43,1262198.6,60.5,1800437.8,68,2024849.4
100,122,34,712035.4,34,735125.3,32,834751.6,32,884376.8
101,44,109.5,2697253.8,107,2592222.1,97.5,2652078.2,102,2742359.6
101,45,99.5,2975120.8,93,2886438.7,90.5,2792907.9,95,3232494.8
101,46,19,444351.2,19,565731.8,18,607625.5,14,532562.2
101,74,,,,,,,1,35721.9
101,75,,,,,4,121193.9,6,214331.3
101,76,7,181664.4,5,116222.8,,,,
101,82,7,198038.8,6,146943.4,9.5,258828.4,8.5,235771.6
101,85,2,56582.5,2,48981.1,2,54490.2,2,55475.7
101,103,203,5323131.1,202,5169836.4,193.5,5308764,204,6096225
101,104,182.5,4471411.1,181,4477035,173,4911593.1,174.5,5176840.8
101,105,195,4527914.1,192,4599970.8,187.5,4765479,187,5168345.8
101,106,172.5,4248350.8,174,4363769.4,172,4378064.7,174,4772315.5
101,107,155.5,3337293.3,150.5,3512064.2,136.5,3369667.7,140.5,3712193.1
101,108,96,1960360.1,92.5,2010394.6,87,1968934.5,93,2223085.8
101,109,33,852355.5,34,884070.8,33,805549.7,35,825118.7
101,110,,,,,,,24,594687
101,112,3,70426,5,117519.2,20.5,507169,17,464846.9
101,113,156,3241600.1,145,3217221.4,113,2725257.6,110.5,2974455.4
101,114,57,1164148,58,1130017.7,85.5,1807410.5,82,1895128.2
101,115,37,1106660.9,34,1005731,37,1150634.9,34,989483.8
101,116,95,2508775,98.5,2582400.1,97.5,2794069.8,103.5,3000057.3
101,117,149,3645480.6,135.5,3520845.1,137,3723550.4,138,4071290.4
101,118,151.5,3624788.2,162.5,3832776.9,155,3975254.3,155,4274840.7
101,119,138,3314324,142.5,3735269,143,3798680.3,139,4080698.3
101,120,172,4172664.6,177,4427929.7,172,4334163.2,165,4429854.3
101,121,134.5,3319457.4,123.5,3114693.4,125,3093103.6,140.5,3813465.4
101,122,6,125653.3,6,107970.5,8,207713.8,8,211123.6
102,44,28.5,688733.6,34.5,873910.5,29.5,814230.4,30.5,880810.1
102,45,166.5,4663464.3,136.5,3889465.9,128.5,3715184.7,131,4136203.7
102,46,58,1606979.8,68,2083399.7,65.5,1925436.7,64,2111539.9
102,71,1,20709.6,1,23719.1,1,23586,1,25833.6
102,82,1,28291.3,1,24490.6,1,27245.1,5,138689.2
102,83,1,28291.3,2,48981.1,2,54490.2,2,55475.7
102,92,5,118904.4,6,149971.9,6,154315.9,6,180445.7
102,103,74.5,1629898.4,62,1508513.4,59,1465270.9,61,1575260.8
102,104,51.5,1085942.5,55.5,1369196.6,48,1165477.7,44.5,1227459.9
102,105,82,1862750.6,75,1731405.1,68,1602163.2,73,1953387.1
102,106,9,189776.4,8,194646.9,10,248351,10,258239.5
102,113,44,885934.1,42,768455.1,40,935245.5,32,847336.8
102,114,27.5,696536,26,618877.6,27.5,618593.3,26.5,635490
102,115,79,1762426.9,86,2139217,116.5,2717292,115.5,3048312.8
102,116,121.5,3017824.2,145.5,3652461,151,3913296.7,134.5,3917780.3
102,117,145,3521447.5,140.5,3394317.4,135.5,3515705.4,135,3671791.1
102,118,45,1305212.2,41,1180283.7,38,1068799.6,39.5,1170574.8
102,119,92,2555862.3,94,2400531,88,2699232.2,82.5,2481624.8
102,120,104.5,2729298.7,96,2665690.1,102,2727910.9,113,3310764.8
102,121,25,643026.6,23,675129.5,27,700396.8,25,685497.1
103,44,11,218316.4,7,173606.6,7,168895.8,4,91553.5
103,45,50.5,1006565.2,58,1335090.5,41,1062204.4,58,1541183.2
103,73,2,38369.8,2,39395,2,36874.5,2,35462.1
103,76,6,115109.3,6,118185.1,8,147497.9,7,124117.5
103,78,2,51637,1,25244.8,,,,
103,83,6,127910.6,,,5,101942.1,5,115346.2
103,87,1,26267.3,1,28424,1,22771.7,1,30841.6
103,88,1,26267.3,1,28424,3,68315.2,6,185049.4
103,89,2,52534.7,2,56847.9,2,45543.5,2,61683.1
103,92,3,101401.1,1,24995.3,,,7,210519.9
103,93,2,67600.8,2,49990.6,2,38511,2,60148.6
103,102,3,67388.1,3,69743.9,3,82273.8,,
103,113,8.5,256876.7,4,128937.6,4,119594.2,5,130608.5
103,114,52.5,1073775.2,64.5,1468788.1,66,1578970.5,64,1435204.3
103,115,122,2285947.3,117.5,2431251.8,88.5,2062170.5,87,2021912.7
103,116,142,3371951.2,140.5,3530050.9,192.5,5098541.6,191.5,5251013.1
103,117,68,1737201.9,67.5,1771536.9,83,2149257.9,117,3226309.5
103,118,62,1769291,63,1675061,57.5,1670224,68.5,2155561.6
103,119,70,1803102.5,68,1778785.8,66,1826148.7,66,1837361.7
103,120,22,581161.7,26.5,719890.5,28,790244.3,26,844698.9
104,45,38,847128.1,38,1034206.2,40,1082111.2,42,1137494
104,67,1,20709.6,1,23719.1,1,23586,1,25833.6
104,69,5,103548,11.5,272769.5,4,94344,3,77500.8
104,70,7,144967.1,8,189752.7,,,,
104,71,,,,,5,117930,6,155001.6
104,72,6,115109.3,7,137882.6,7,129060.7,7,124117.5
104,77,5,129092.4,5,126224.2,5,137206.7,4,114526.3
104,78,4,103273.9,4,100979.4,4,109765.3,4,114526.3
104,82,88.5,1542031.2,76.5,1406338.4,70,1432909.1,69.5,1461821.7
104,83,121,2980315.1,119,2851929.4,109.5,2984201.7,118.5,3375763.7
104,84,29,618234.7,28,658215.7,18,366991.7,19,438315.7
104,85,4,85273.7,5,117538.5,5,101942.1,5,115346.2
104,87,6,157604.1,,,,,,
104,88,,,1,28424,1,22771.7,1,30841.6
104,93,3,101401.1,4,99981.3,2,38511,,
104,102,10,224626.9,10,232479.6,3,82273.8,7,130623.3
104,103,7,157238.8,8,185983.7,9,246821.4,9,167944.2
104,111,,,,,46.5,1019312.6,108,2567669.4
104,112,69,1753997.8,191,4270212.7,234.5,5399746,201,4802197.5
104,113,147,3370039.4,136,3471567.7,133,3472371.1,141,3834837.5
104,114,136,2961091.6,146,3294766.6,116,2978534.6,123.5,3210135.6
104,115,149.5,3492219.3,151.5,3813116.9,147,3865845.2,162,4581004.5
104,116,195,4271366.6,184.5,3955378.7,203.5,4898500,183,4506239
104,117,106.5,2417984.1,116,2680764.4,107,2564690,105,2778914.3
104,118,52,1292892.3,51,1220998.7,62,1515115.9,56.5,1349563.9
104,119,76,1566452.4,63,1571885.8,79.5,1784130.1,86.5,1873177
104,120,30,726975.4,27,701939.9,26,841126.6,24,896117
105,45,73,1828470.4,85,2089164,68,1731678.3,88,2373057.5
105,67,1,20709.6,1,23719.1,1,23586,1,25833.6
105,68,2,41419.2,2,47438.2,2,47172,2,51667.2
105,69,7,144967.1,8,189752.7,9,212274,11.5,297086.4
105,70,19,393482.2,18,426943.5,9,212274,12,310003.2
105,78,6,154910.9,4,100979.4,4,109765.3,4,114526.3
105,82,202,4338069.3,182,4516083.1,180,4266566.3,179.5,4548457.3
105,83,205.5,4757597.7,190.5,4436960.3,179,4518154.5,186,4786947.5
105,84,136,3147581.2,121,3041250.7,123.5,3136752.9,129.5,3731306.2
105,85,87,2038927.3,89.5,2227279.5,70.5,1918346.3,79,2360956.8
105,86,6,127910.6,6,141046.2,,,1,23069.2
105,87,4,105069.4,2,56847.9,11,250489.2,7,215891
105,93,2,67600.8,,,,,,
105,111,11,247089.6,10,232479.6,10.5,287958.3,23,546818.5
105,112,107,2751289.9,101,2491091.7,87,2562781.3,109,3234783.5
105,113,128,3528048.9,122,3611590.2,117,3385548.6,117.5,3690175.9
105,114,137.5,3049101.3,130,3245362.4,127.5,3326104.6,113,3249623.7
105,115,148.5,3381477.4,148,3258524.9,163.5,3880398.3,160,4222002
105,116,135.5,3055493.9,146.5,3367591.7,138.5,3173095.1,129.5,3043728.9
105,117,84.5,1993962.4,108,2667282.3,106,2743238.4,111.5,2986203.4
105,118,63,1760091,61.5,1718310.5,72,1997327.7,74,2175730.2
105,119,94,2642656,87,2512136.3,94,2975774.8,93,2991039
105,120,46.5,1091756.6,59.5,1493002.4,56.5,1510724.7,59,1641332.2
105,121,1,24232.5,4,103991.1,5,161755.1,5,145779.7
106,45,25,496173.6,27.5,523532.8,17.5,422239.4,27,617986.4
106,46,37.5,812845.9,33.5,830831.5,36,883817.4,36.5,1064052.4
106,70,2,41419.2,2,47438.2,2,47172,5,129168
106,71,4,82838.4,3,71157.3,3,70758,3,77500.8
106,72,,,1,19697.5,2,36874.5,2,35462.1
106,73,8,153479.1,4,78790.1,2,36874.5,,
106,81,57,1471653.3,58,1464200.6,53,1454390.7,56,1603367.6
106,82,106.5,2434076.3,116.5,2686208.5,110,2562907.5,110,2873259.5
106,83,97.5,2695493.1,94.5,2678190.7,91,2648565,101,3287831.3
106,84,139,3765756.2,137.5,4163847.9,125,3703729.4,133.5,4040250
106,85,107,2494296.1,112.5,2723865.2,110,2666024.8,115,3053235.6
106,86,4,85273.7,4,94030.8,3,61165.3,3.5,80742.4
106,87,2,52534.7,2,56847.9,2,45543.5,2,61683.1
106,90,5,131336.7,5,142119.8,4,91087,4,123366.3
106,94,6,202802.3,6,149971.9,6,115533,5,150371.4
106,95,7.5,253502.8,7,174967.2,2.5,48138.7,3.5,105260
106,97,6,202802.3,4,99981.3,6,115533,6,180445.7
106,111,6.5,146007.5,9.5,220855.6,7,191972.2,5,118873.6
106,112,133.5,3238205.8,127.5,3329117.7,123.5,3254756,174,4633107
106,113,130,2835881,152,3343908.2,159.5,3737086.9,151,3722527.3
106,114,209,4262267.5,205,4472162,193,4155335.8,187.5,4430587.6
106,115,98,2348473.4,97,2578931.2,88,2542273.8,93,2846163.4
106,116,1,30220.8,1,32234.4,2,59797.1,1,26121.7
106,117,5,121162.6,35,517286.9,44.5,923596.8,66,1322332.5
106,118,33,854911.7,32,808783.2,37,1055014,36.5,1103367.2
106,119,71.5,1978500.9,66.5,1941891.8,56,1673842.2,59,1817676.6
106,120,59,1256872.1,67.5,1426825.9,79,1775278.2,71,1800919.2
107,46,32.5,919437.3,43,1176376.4,44,1365072.7,53.5,1612296.5
107,69,1,20709.6,1,23719.1,4,94344,4,103334.4
107,70,5,103548,3,71157.3,3,70758,3,77500.8
107,71,4,82838.4,4,94876.3,4,94344,4,103334.4
107,73,1,19184.9,5,98487.6,1,18437.2,1,17731.1
107,74,7.5,143886.7,5.5,108336.3,7.5,138279.3,9.5,168445.1
107,75,2,38369.8,2,39395,2,36874.5,2,35462.1
107,80,63,1780078.6,64.5,1806971.7,56.5,1716934.6,77.5,2343405.8
107,81,100,2534468.2,110,3033660,100,2909613,107.5,3177433
107,82,172.5,3325143.6,157,3112438.5,188,3774570.8,186.5,4187658.6
107,83,131,3231444.3,147,3559543.7,115,3262338,112.5,3285222.2
107,84,171.5,4159481.1,163,4009803.2,153,4072145.1,162.5,4314041.4
107,85,179,4351339.4,167,4324160.1,160.5,4371146.1,160,4765858.6
107,86,,,,,,,3,69207.7
107,87,2,52534.7,2,56847.9,2,45543.5,,
107,88,2,52534.7,,,,,,
107,89,,,,,1,22771.7,1,30841.6
107,101,,,,,29,558409.3,,
107,114,20,604415.8,23,741390.9,21,627869.6,20,522434.2
107,115,99,2842125.9,97.5,2774089.8,107,3257339.2,99,3302967.4
107,116,47,1298265.7,45,1162197.4,46,1375333.5,44,1294326.3
107,119,3,72697.5,3,77993.3,3,97053.1,3,87467.8
107,120,24,581580.3,18,467960,22.5,491338,21,612274.8
108,67,3,77023.4,3,81896.1,2,51664.1,3,88945.5
108,68,9,231070.1,7,191090.9,7,180824.4,5,148242.5
108,69,6,154046.7,5,136493.5,5,129160.3,5,148242.5
108,70,5,128372.3,4,109194.8,3,77496.2,,
108,73,5,104414.9,2,45223.5,6,148205.1,6,173650.6
108,74,4,83531.9,4,90447,4,98803.4,2,57883.5
108,76,5.5,114856.4,5.5,124364.6,7,172905.9,7,202592.4
108,79,29,790734.5,43.5,1182785.3,39,1186262.1,48,1473944.9
108,80,132,3180206.2,140,3334285.4,129.5,3379675.3,137,3978303.9
108,81,130,3451243.9,128,3524285,111,3269022.1,125,3887011.7
108,82,84,2024753.9,125.5,3091020.5,120,3078919.6,131,3437545.2
108,83,113,2862622.4,108,2697745.2,107,2946713,110,3044417.3
108,84,121.5,3147813.4,124.5,3403658.4,121.5,3411539.3,125.5,3578555.7
108,85,145.5,3640918.9,136.5,3381917.7,139.5,3686934.8,150,4579405.8
108,86,40,1062257.5,40,1045943.6,36,997914.1,36,1032454.8
108,87,4,82721.2,5,109312.6,2,42706.9,,
108,95,3,82336,3,85089.3,3,95365,3,102060.9
108,102,2,41550.3,2,46033.4,1,26402,1,25718
108,115,5,101822.3,5,115375.3,2,55276.5,6,216415.7
108,116,19,386924.6,16,369200.9,18,497488.1,11,396762.1
108,120,8,162915.6,7,161525.4,4,110552.9,4,144277.1
108,121,2,40728.9,2,46150.1,,,,
108,122,5,162547.1,5,179521.1,5,183163.6,5,196920.8
108,125,3,97528.2,4,143616.9,3,109898.2,3,118152.5
109,66,3,57165.7,3,65133.6,2,43708.8,2,59297
109,67,5,128372.3,5,136493.5,6,154992.3,1,29648.5
109,68,5,128372.3,5,136493.5,6,154992.3,5,148242.5
109,69,3,77023.4,4,109194.8,2,51664.1,2,59297
109,70,3,77023.4,2,54597.4,2,51664.1,2,59297
109,71,4,102697.8,6,163792.2,6,154992.3,7,207539.5
109,72,7,146180.9,7,158282.2,8,197606.8,6,173650.6
109,74,8,167063.9,9,203505.7,5,123504.2,4,115767.1
109,75,5,104414.9,9,203505.7,4,98803.4,7,202592.4
109,78,73,1954308.4,65,1708295.6,66,1839083.8,61,1898622.1
109,79,105,2763115.7,105,2953324.2,103.5,3029852.9,128.5,3857741.3
109,80,123.5,2763833.7,128.5,3116473.4,155.5,3763787.9,156.5,3859809.2
109,81,123.5,2840528.6,105.5,2680545.8,120,3194436.6,110.5,2976544.5
109,82,188,4923510,180,4631111.2,156,4328012.4,240.5,6274663.3
109,83,140,3748354.6,132,3628761.2,131.5,4010628.7,123.5,4054545.4
109,84,121,2921793.2,121.5,3012724.8,109,2759900.1,116.5,3108339.7
109,85,212.5,4937392,197,4856576,185,4810160.9,202,5627228.2
109,86,82.5,1734700.6,72,1503098.5,57,1315867.4,74.5,1845264.9
109,87,5,103401.6,,,,,,
109,94,,,,,,,2,68040.6
109,101,,,1,28921.7,1,34707.9,1,39181
109,102,6,124650.9,6,138100.2,2,52804,5,128589.8
109,103,8,166201.3,10.5,241675.4,5.5,145211,7,180025.8
109,104,24,498603.8,29,568003.4,19,501637.8,22,565795.3
109,105,,,2,46033.4,,,2,51435.9
109,109,20,655344.1,18,559195.4,21,707753.2,18,604191.5
109,110,22,720878.6,21,652394.6,20,674050.6,22,738456.3
109,112,6,122186.7,3,69225.2,4,110552.9,3,108207.8
109,121,6,122186.7,6,138450.3,9,248744,12,432831.4
109,122,7,227565.9,11,394946.3,14,512858.2,23,905835.6
109,123,11,357603.6,18,646275.8,18,659389.1,12,472609.9
109,125,8,260075.3,11,394946.3,7,256429.1,9,354457.4
110,69,5,128372.3,5,136493.5,5,129160.3,5,148242.5
110,70,14,359442.3,14,382181.8,7,180824.4,16,474375.9
110,72,4,83531.9,4,90447,5,123504.2,4,115767.1
110,74,2,41766,2,45223.5,1,24700.8,3,86825.3
110,77,51,1409234.2,53.5,1462473.3,63,1751861.4,64,1943416.6
110,78,133.5,3434791.3,135,3782877.5,130.5,3689083.9,132.5,3934722.8
110,79,79,2026885.7,83,2131056.6,67.5,1809491.1,70,1882090.6
110,80,66.5,1665739.1,68,1819372.1,24,720495.2,26,860274.4
110,81,95.5,2144874.6,104.5,2622402,100,2558248.7,114.5,3003353.2
110,82,245,5529779.3,221.5,5327233.7,197.5,4951687.4,250,6303776.8
110,83,102.5,2959596.8,96.5,2844711.5,83.5,2581294.8,86,2713031.8
110,84,87,2067122.2,87,2188358.7,78,2089635.8,75,2253025.2
110,85,237.5,5236286.5,243,5444052.7,235,5546277,234.5,5868961.8
110,86,28.5,756858.4,27.5,780866.4,27.5,759445.1,26,659993.1
110,95,3,82336,4,113452.4,2,63576.7,,
110,101,,,,,,,34,442987.1
110,102,2,41550.3,2.5,57541.8,,,2,51435.9
110,103,65,1411951,59.5,1493795.3,59.5,1648919.6,52,1566193.9
110,104,158,3740278.3,147,3694313.2,158.5,3956267.5,142,3806018.6
110,105,83,1912332.1,80,1778572,80.5,2049495.5,82,2352275.8
110,108,,,,,3,101107.6,3,100698.6
110,109,5,163836,5,155332.1,,,1,33566.2
110,121,,,1,23075.1,,,1,36069.3
110,122,15,487641.2,18,646275.8,25,915818.2,34,1468183.5
110,123,15,487641.2,11,394946.3,13,476225.5,18.5,728606.9
110,124,4,130037.7,4,143616.9,4,146530.9,4,157536.6
110,125,6,195056.5,6,215425.3,5,183163.6,3,118152.5
111,70,9,231070.1,11,300285.7,14,361648.7,7,207539.5
111,71,2,51348.9,2,54597.4,2,51664.1,2,59297
111,77,21,572600.8,22,598190.3,13,390268.2,15,496312.2
111,78,196,4531880.5,183.5,4165642.8,169.5,4000737.6,165.5,4362251.9
111,79,63,1514706.4,57,1384886.7,56.5,1516839,59.5,1616331.7
111,80,281,5907336.6,291.5,6423961.2,235,5616121.2,252.5,6259157.7
111,81,464.5,9086345.2,453.5,9326138.6,435,9009737.8,452.5,9824532.9
111,82,217,4971255.7,204.5,4814371.7,188,4548551.8,200,4854480
111,83,170,4127246.7,158,3853755.7,147.5,3915029.2,153.5,4167724.3
111,84,132,3240429,128,3284534,128,3380292,116,3311165.3
111,85,162,3817131.1,162.5,4132501.7,144,3786371.8,140.5,4141675.4
111,86,75.5,1793896.9,62.5,1447461.6,69,1627605.9,62.5,1570612.9
111,87,3,62040.9,2,43725,2,42706.9,2,52189
111,90,,,,,,,2,52189
111,93,,,,,,,4,136081.2
111,95,6,164672,6,170178.7,6,190730.1,,
111,97,12,333025.9,11,318138.5,10,347078.9,8,313447.8
111,98,16,444034.5,14,404903.5,15,520618.3,20,783619.6
111,100,23,638299.6,27,975253.1,21,728865.6,19.5,756963.8
111,101,3,83256.5,3,86765,3,104123.7,2,78362
111,102,,,42,498405.5,,,,
111,103,39,976149.9,38,963981.5,36,975465.9,27,712400.7
111,104,153,3561486.1,146,3367939.2,144.5,3497271.6,144,3881296.5
111,105,209,4408401.2,208,4726924.2,201,4884714.1,190.5,5039905.4
111,106,2,41550.3,1,23016.7,1,26402,1,25718
111,122,12,390113,12,430850.6,21,769287.3,13,511994
111,123,32,1040301.2,31,1113030.6,27,989083.7,25,984603.9
111,124,17,552660,16.5,592419.5,12.5,457909.1,11.5,452917.8
111,125,4,130037.7,3,107712.6,7,256429.1,5,196920.8
111,126,,,,,,,1,39384.2
111,127,,,,,,,1,32542.3
112,70,3,77023.4,3,81896.1,3,77496.2,3,88945.5
112,71,1,25674.5,1,27298.7,2,51664.1,1,29648.5
112,73,5,104414.9,4,90447,2,49401.7,6,173650.6
112,76,2,41766,2,45223.5,2,49401.7,2,57883.5
112,78,43,1086948.1,41,1069660.9,37,914255.2,38,1082806.7
112,79,108.5,2555179.3,98.5,2343957.4,90,2326049.5,88,2350760.9
112,80,313.5,6021162.1,297.5,6131656.2,250.5,5349699.8,278,6670802.4
112,81,415.5,8240358.2,405,8278371.3,345.5,7418599.3,381,8737604
112,82,346.5,7136784.1,352,7462059,313.5,7295702.6,316.5,7647587.4
112,83,87,1919891.3,84,1976463.3,81.5,1966716.6,93,2313013.9
112,84,193,4957519.2,199,5294156.6,189,5334713.4,176.5,5161261
112,85,110.5,2807661.4,108,2745433.4,105,2649898.7,111.5,3156361.4
112,86,96,2187393.9,96,2287126.6,83.5,2100968.4,94,2389886.4
112,87,22,454966.8,24,524700.5,25,533836.4,22,574079.3
112,90,1,20680.3,2,43725,2,42706.9,1.5,39141.8
112,96,20,548906.6,16,453809.8,18,572190.3,17,578345
112,97,52,1788324.4,59,2281045.3,57,2264148.7,60.5,2393452.8
112,98,4,111008.6,5,144608.4,6,208247.3,5,195904.9
112,99,11,305273.7,14,404903.5,11,381786.8,11,430990.8
112,100,105.5,3599383.5,107,3483862.1,94,3249818.6,103,3722992.6
112,101,50,1540776.5,39,1333070.2,40,1392329.9,36,1224351.5
112,102,5,103875.8,2,46033.4,3,79206,4,102871.9
112,104,187.5,4278524.9,195.5,4704662.3,195,5015747.5,206,5751476.3
112,105,171.5,4139455.8,173,4183675.1,175.5,4513307.4,186.5,5146774.3
112,106,65,1483809.8,66.5,1664049.8,64.5,1566128.6,67.5,1747343.8
112,107,8,262137.7,6,186398.5,5,168512.7,6,201397.2
112,108,2,65534.4,5,155332.1,6,202215.2,2,67132.4
112,121,6,122186.7,6,138450.3,6,165829.4,4,144277.1
112,122,2,65018.8,2,71808.4,2,73265.5,2,78768.3
112,123,46,1465689.5,43,1461401.9,47,1561873.8,46,1719740.9
112,124,3,97528.2,3,107712.6,3,109898.2,3,118152.5
112,127,1,26249.2,1,29222.1,1,30663.5,,
113,70,4,78504.4,4,81827.8,3,61853.3,3,65038.3
113,71,,,,,,,3,65038.3
113,73,5,104414.9,6,135670.5,6,148205.1,6,173650.6
113,74,3,62649,3,67835.2,2,49401.7,3,86825.3
113,79,109,2758966.9,113,3071757.5,107.5,3099732.1,117,3393705.5
113,80,144.5,3678580,149.5,3499000.5,147.5,3613563.8,155.5,4452032.4
113,81,278.5,5446998.4,261,5260130.4,244.5,5035303.5,258.5,5726038.4
113,82,154.5,3508286.1,146,3440714.9,122,3000828.4,140,3502349.3
113,83,147,3685848.5,135,3483392.7,149.5,3943105.4,150,4261308.6
113,84,111.5,2971912.5,113,3018067.8,110.5,3134967.8,123.5,3582053.6
113,85,103,2652790.8,97,2454859.4,86,2351506.5,96,2703017.1
113,86,14,290996.9,8,177546.8,10,261551.2,16,396784
113,87,36,964673,37,893159.2,30,820406.5,36,1071277.3
113,88,19.5,531965.2,24,578842.4,20,546937.7,21,578906.4
113,95,,,,,5,150494.6,,
113,96,,,3,69749.5,9,270890.2,9,306182.7
113,97,74,2819111.6,78,2886133.7,72,2426841.7,72,2723755.7
113,98,67,2049590.5,62,1937049.2,60,2160234.4,57,2216339.5
113,99,15,443182.8,15,500732.4,16,521597.1,15,550740.8
113,100,82,2434692.1,80,2687914.6,81,2698097.4,77,2764625
113,102,15.5,308857.1,17.5,379940.8,32.5,619485.8,32.5,672687.9
113,103,272,4815218.7,261,5031241.6,263.5,5336641.9,240.5,5303245.4
113,104,104,2261762.6,137.5,2964838,146.5,3289965.1,154.5,3640219.7
113,105,129.5,3031276.3,137,3289179.6,137.5,3640332.3,139,3906791.6
113,106,178.5,4612330.8,174.5,4495694.8,180,4894828.3,177,5390220.4
113,107,54,1489594.6,60,1652755,65,1940253.9,60,1781740.2
113,108,66,1784264.7,132,2796439.6,152,3332594.3,155.5,3791835.5
113,123,23,504333.8,20,428889.1,15,340766.2,15,350014.2
114,65,3,57165.7,1,21711.2,2,43708.8,2,59297
114,66,8,152441.8,7,151978.3,7,152980.7,5,148242.5
114,67,11,215887,11,225026.4,13,268031,13,281832.4
114,68,23,451400.1,20,409138.9,21,432973.2,18,390229.5
114,69,9,176634.8,9,184112.5,8.5,175251,7.5,162595.6
114,71,4,78504.4,4,81827.8,2,41235.5,2,43358.8
114,73,2,41766,1,22611.7,1,24700.8,1,28941.8
114,77,17,491536.6,13,368235.9,10,309135.3,10,299149.4
114,78,75,2168543.8,80,2266067.2,68,2102119.9,85,2542769.5
114,79,134,3312306.4,136.5,3575765.7,118.5,3319854.8,133,3880122.8
114,80,150.5,3831211.9,149,3963886.9,144.5,3854678.2,146.5,4190941.3
114,81,96,2528168.9,112,3045611.3,104,2955933.5,114.5,3249166.5
114,82,57,1392595.9,53,1352066.7,57,1379677.9,58,1436671
114,83,227.5,5097110.2,214,5161012.9,199,4948600.9,207,5322508.8
114,84,98,2570126.4,95,2519128.6,81,2292498.9,82.5,2412097.5
114,85,15.5,322175.2,15.5,343996.9,17,444637,17,421583
114,86,6,124713,8,177546.8,7,183085.8,8,198392
114,87,27,647645.6,28,676817.2,27,784982.2,27,797495.6
114,88,,,5,120592.2,6,164081.3,7.5,206752.3
114,96,2,40085.2,3,69749.5,3,90296.7,3,102060.9
114,97,22,650001.4,21,701025.3,21,684596.2,21,771037.1
114,98,76,2491904.1,80.5,2591566.6,73,2196112.1,75.5,2647335.7
114,99,54.5,1703230.1,51.5,1725069.6,46.5,1571017.7,48.5,1770654.1
114,100,3,88636.6,1,33382.2,2,65199.6,2,73432.1
114,103,217.5,4595431.4,208,4471143.7,195,4565115.6,192,4733389.2
114,104,151.5,3923144.6,158.5,4022461.7,155.5,4107807.6,146,4447135.3
114,105,57,1578595.5,78,2132289.2,71.5,2153519.7,76,2226815.9
114,106,52,1274029.8,54,1313115.5,46,1340071.8,56,1569901.9
114,107,116,3098185.2,112,3006267.9,113,2981196.5,121,3515244.3
114,108,53,1298435.3,52,1511846.3,43.5,1323954.7,56.5,1681009.1
114,109,11.5,281736,9,261665.7,10,304357.4,9,267771.4
114,127,4,111274.6,4,110536.3,4,111495.7,,
115,67,8,157008.7,9,184112.5,5,103088.9,5,108397.1
115,68,31,487509.1,31,608620,28,549359.6,29,616140.8
115,69,25,481816.6,21,430507.2,16,329884.3,19,413370.9
115,70,9,176634.8,11.5,235254.9,10,206177.7,8,173435.3
115,71,10,196260.9,8,163655.6,6,123706.6,7.5,162595.6
115,76,2,41766,2,45223.5,2,49401.7,,
115,77,16,462622.7,16,453213.4,12,370962.3,13,388894.2
115,78,178,4512004.7,184.5,4623692.7,175,4649691.5,175.5,5187802.8
115,79,221,5256745.3,217,5377202.8,208,5163158.6,210,5365731.7
115,80,253,5913672.2,252,5908009.7,231.5,5678782.5,240,6451721.6
115,81,136.5,3443174.3,146,3685767.5,132,3301604.3,126.5,3266086.4
115,82,169,4769532.2,163,5017462.7,156,4840718.9,165,5113394.2
115,83,197.5,4262393.2,191.5,4410546.9,187,4412920.6,192.5,4819923
115,84,56,1414663.8,57,1454645.5,53,1393973.5,58,1544803.6
115,86,4,83142,4,88773.4,,,,
115,87,3,81840.8,2,48236.9,6,164081.3,6,165401.8
115,91,2,54560.5,2,48236.9,2,54693.8,2,55133.9
115,97,,,,,10,325998.2,15,550740.8
115,100,4,118182.1,4,133528.6,4,130399.3,4,146864.2
115,103,14,278967.7,10,217109,16,304977.6,18,372565.6
115,104,67,1153747.3,69,1462117.9,70,1395545.2,63,1592666.3
115,105,212,4530230.2,205.5,4705762,174,4215909.6,163.5,3896427.6
115,106,215,4806922.1,218.5,4882060.1,207.5,5186410.2,204,5228593.5
115,107,106,2572333.5,111,2894599.3,95.5,2648451.2,107,3657511.4
115,108,119,3181783.3,112.5,3080897.7,109.5,3048577,149.5,4012713.1
115,109,85,2028697.3,80,2132722.4,85,2280392.4,77,2108782.5
115,119,1,20364.5,,,1,27638.2,1,36069.3
115,124,21,460478.7,20,428889.1,17,386201.7,12,280011.3
115,127,5,139093.2,6,165804.5,7,195117.5,8,234591.2
116,69,,,2,40913.9,1,20617.8,1,21679.4
116,70,3,58878.3,3,61370.8,2,41235.5,3,65038.3
116,71,2,39252.2,3,61370.8,3,61853.3,3,65038.3
116,78,116.5,3045267.6,112.5,3135575.9,92,2860987.2,97,3209290.8
116,79,382,8267364.8,354,7754838.9,340.5,8086681.2,338,8902209.9
116,80,180,4127797.2,175,4448105.4,144,3756180.5,176.5,5258895.7
116,81,114,3222890.9,115,3386114.3,111,3343744.3,110,3434374.1
116,82,38,983261.2,32.5,925784.1,31,777684.7,82,2456274.9
116,83,11,228640.5,10,221933.5,10,261551.2,8,198392
116,84,,,,,,,15.5,384384.5
116,94,28,561193,35,813743.8,32,963165.3,16,544324.7
116,95,4,80170.4,3,69749.5,3,90296.7,3,102060.9
116,98,10,295455.2,9,300439.4,,,,
116,100,4,118182.1,4,133528.6,3,97799.5,3,110148.2
116,104,24,478230.3,21,455928.9,18,343099.8,20,522349.5
116,105,64.5,1879713.3,64.5,2131037.2,60,2159445.8,47,1525709.2
116,106,133,2904940,120.5,2630306.2,118.5,2817691.3,118,3293166.2
116,107,66.5,1904059.8,74.5,1953091,70,1867155.5,70.5,1969935.4
116,108,116,3020677.7,113,3097465.5,109,3117634.5,115,3191037.8
116,109,97,2515985.4,95,2469320.3,87,2413902,103.5,3129210.7
116,110,4,97995.1,3,87221.9,4,121743,1,29752.4
116,126,2,43855.1,1,21444.5,,,1,23334.3
117,71,6,117756.5,4,81827.8,5,103088.9,5,108397.1
117,78,120,1829478.8,114.5,1804481.2,100.5,1703173.2,107.5,1869055.5
117,79,201.5,4924348,184,4755646.1,175.5,4568753.4,172.5,5105955.7
117,80,,,,,,,2,59829.9
117,89,1,27280.3,,,,,,
117,97,2,59091,2,66764.3,2,65199.6,2,73432.1
117,105,77,1914783.3,29,749160,69.5,1993112.7,82,2381812.7
117,106,77,1825191.7,135,3512757.3,79,2157830.7,77.5,2252482
117,107,120,3132500.6,113,2965273.2,112,3066766.3,109,2972363.5
117,108,146,3699239.5,142,3694028.9,145.5,3723894.2,143.5,4006493
117,109,235,4355865.5,221,4090938.4,118.5,2375035.4,123,2605572.6
117,120,4,81457.8,8,184600.4,7,193467.6,5,180346.4
117,122,2,43855.1,2,42888.9,,,2,46668.6
117,123,2,43855.1,2,42888.9,2,45435.5,2,46668.6
117,126,9,197348,6,128666.7,7,159024.2,8,186674.2
118,75,1,22074.9,3,66798.6,3,80093.3,3,86898.6
118,79,21,463572.3,20,561828.5,15,451313.5,19,615760
118,85,2,39930.6,2,48651.2,,,,
118,87,3,73663.9,4,97302.4,3,76958.5,,
118,92,3,74987.6,3,70481.9,3,73352.2,4,98345.3
118,93,2,49991.7,2,46988,,,,
118,101,,,,,,,1,24586.3
118,105,28,574624,133,2944460.6,54,1282044.7,231.5,4973898.7
118,106,270.5,6526768.6,224.5,5548216.3,320.5,8118590.3,270.5,7661768.4
118,107,94.5,2441054.4,88.5,2235062.8,102.5,2620236.6,112,2931790.5
118,108,145,3602001.3,143,3655902.6,141,3673544.6,136,3795342.9
118,109,107,2353508.3,93.5,2188292,170,3477481.8,152,3353162.3
118,115,,,,,2,47797.6,2,46389.7
118,121,1,20322.1,1,19905.5,1,23898.8,1,23194.9
118,122,6.5,188239.3,2,59467.8,5,144603.4,3,93144.3
118,126,10,289598.9,10,297339.2,7,202444.7,6,186288.6
118,127,7,167012,6,162586.3,4,115144.6,3,88095.5
119,78,4,88299.5,3,84274.3,5,150437.8,2,64816.8
119,86,11,219618.5,10,243255.9,7,179569.9,9,246180.8
119,87,10,245546.4,10,243255.9,5,128264.2,6,164120.5
119,88,6,147327.8,3,72976.8,5,128264.2,4,109413.7
119,105,13,260407.9,10,215011.2,7,166191,36,704060.8
119,106,571.5,10854329.6,533.5,9826857.5,428.5,8689454.2,462.5,10041802.5
119,107,170,4039911.9,192.5,4954056.7,188,5105988.4,174,5184165.5
119,108,141,3562399.3,139.5,3582801.5,149.5,4050782.6,141,4142544.3
119,109,74,1488946,68,1385353.2,61,1449837.6,64,1504232.2
119,115,1,20322.1,1,19905.5,,,,
119,123,14,405438.5,12,356807.1,9,260286,7,217336.8
119,124,33,787082.7,23,683880.3,22,636254.7,23,668891.5
119,125,6,173759.3,6,178403.5,6,173524,5,155240.5
119,126,3,86879.7,3,89201.8,2,57841.3,2,62096.2
119,127,27,644189.1,22,596149.9,27,777226.1,23,675398.9
120,74,2,44149.7,2,44532.4,2,53395.5,2,57932.4
120,81,3,66224.6,3,84274.3,3,90262.7,3,97225.3
120,89,28,687529.9,32,778418.9,30,769585.3,27,738542.3
120,94,,,4,93975.9,5,122253.7,5,122931.7
120,95,2,49991.7,2,46988,2,48901.5,2,49172.7
120,105,18,360564.7,14,301015.7,11,261157.3,11,215129.7
120,106,105,2307193.1,105.5,2402785.9,246,4461366.8,228,4664050.4
120,107,86,2148170.1,98.5,2397195.9,99.5,2620001.6,103.5,2728764.1
120,108,6,161224.2,15.5,391261.7,16.5,462741.6,21.5,685612.4
120,109,4,107482.8,4,100970.8,5,140224.7,4,127555.8
120,110,47,1137740.1,46,1225325.3,42,1194205.6,35,1091720
120,111,53.5,1237440,49.5,1346526.6,55,1485242.5,46,1422157.6
120,112,28,569020.1,28,557352.9,20,477976,28.5,661053.8
120,122,22,637117.6,20,594678.5,19,549492.7,19,589914.1
120,123,77.5,2395545,77.5,2415813.5,75,2553549.3,79,2598671.4
120,124,83,2396737.7,96,2681822.2,108,3068951.3,110,3235285.2
120,125,71.5,2000893.1,96,2731237,121.5,3875952,108,3388354.4
120,126,4,115839.6,4,118935.7,4,115682.7,4,124192.4
120,127,12.5,298235.7,15.5,420014.7,16,460578.4,17,499207.9
121,78,4,88299.5,4,112365.7,,,,
121,79,4,88299.5,5,140457.1,11,330963.2,4,129633.7
121,80,,,,,2.5,75218.9,2.5,81021
121,92,2,49991.7,2,46988,1,24450.7,1,24586.3
121,93,4,99983.5,4,93975.9,,,4,98345.3
121,106,17,340533.4,16,344017.9,10,237415.7,7,136900.7
121,107,22,591155.5,31,739642.7,19,532853.9,27,783969.8
121,108,117,2843914.5,127,3235173,139,3376887.7,137,3481071.1
121,109,108,2657362.3,115,2957498.6,116,3057500.8,110,2986141.4
121,110,100,2587298.9,110,2894353.9,105,3033691.8,122,3320785.9
121,111,100,2450615.7,103,2784780.8,90,2496122.1,91.5,2562004.9
121,113,9,182899.3,8,159243.7,7,167291.6,9,208753.8
121,115,2,40644.3,2,39810.9,2,47797.6,2,46389.7
121,121,,,,,2,47797.6,,
121,122,86,2407041.3,71,2103878.7,83.5,2537752.7,140.5,3754222
121,123,88,2594366.5,89.5,2710971.6,76,2457296.3,90.5,3166372.4
121,124,50,1500569.9,121,3074905.9,116.5,2860775.2,57,2090788.6
121,125,20,579197.8,76,1956197.2,140,3818542.2,159,4504703.3
121,126,5,144799.5,4,118935.7,6,173524,8,248384.9
121,127,4,95435.4,6,162586.3,9,259075.4,9,264286.5
122,79,4,88299.5,3,84274.3,2,60175.1,7,226858.9
122,91,9,220991.8,15,364883.8,8,205222.7,10,273534.2
122,92,1,24995.9,1,23494,1,24450.7,1,24586.3
122,93,,,2,46988,2,48901.5,2,49172.7
122,95,2,49991.7,3,70481.9,1,24450.7,2,49172.7
122,96,29,724880.1,34,798795.2,29,709071.4,30.5,749883.2
122,106,154.5,3180404.3,152.5,3274202.2,149,3285862.8,140.5,3337064.4
122,107,201.5,4351971.1,218,4512680.6,203.5,4644815,218.5,5060908.2
122,108,106,2641740.5,107,2698715.6,99,2751981.4,143.5,4059955.6
122,109,116,2565828.3,126,2753684,121,2868516.1,133,3452422.8
122,110,73.5,1792189.5,69,1691847.3,67.5,1798823.6,66.5,1791386.4
122,111,102.5,1853402.7,101,1936883.1,101,2005416.6,95,2135628.7
122,122,13,376478.6,13,386541,12,347048,12,372577.3
122,123,36,954131.8,31,921751.7,35,885359,32,993539.5
122,124,21,608157.7,20,594678.5,24,694096.1,18,558865.9
122,125,49,1429098.1,43,1282074.2,51,1598993.4,59,1998879.1
122,127,2,47717.7,2,54195.4,4,115144.6,4,117460.7
123,68,,,,,1,21854.4,3,88945.5
123,80,8,146688.4,8,178129.6,6,160186.5,6,173797.3
123,84,3,59895.9,15,320697.7,4,91052.2,7,163646.7
123,85,9,179687.8,9,192418.6,17.5,398353.4,18,420805.9
123,86,5,99826.6,4,85519.4,4,91052.2,4,93512.4
123,92,4,91764.8,5,111941.3,5,138430.2,3,93665.5
123,95,54.5,1124901.5,51.5,1205361,55,1325914.1,61,1669947.4
123,96,82,2222837.6,78,2192573.4,74,1878568,75,2158662.1
123,97,8,214934.2,6,140638,6,155943.5,8,222233.7
123,98,75.5,1963513,74,2137562.9,63,1847144.4,58.5,1702466.2
123,99,34,913470.2,33,773509.1,34,883679.6,36,1000051.8
123,105,9,184649.7,8,177719.2,8,173653.6,7,169931.5
123,106,60.5,1241256.6,48,1066315.4,52,1128748.2,39,946761.2
123,107,137,3006955.7,144,3109284.8,124,3009047.3,114,2856839.3
123,108,50,1343031.4,55,1428472.5,54,1444371.6,49,1314803.5
123,109,85,1924472.8,78.5,1887376.7,71.5,1774619.5,82,2248929.2
123,110,95.5,2726487.5,90.5,2455871.7,84.5,2521271.9,94.5,2892359.8
123,111,131,2572627.4,130.5,2760361.2,124,2862204.5,117.5,2782834
123,124,14,438933.5,12,391852.5,16,463899,15,512687.8
123,125,35,1052825.1,28,760672.1,36,1081451.1,37.5,1214023.8
123,126,33,877938.5,36,912186.2,31,739147.3,28,836690.5
124,48,13,421589.3,20,667697,18,582568.8,21,707941.4
124,49,71,1795490.9,66,1821781.9,64,1984605.5,57,2010732.4
124,77,5,91680.3,3.5,77931.7,5,133488.8,6,173797.3
124,80,11,201696.6,9,200395.8,8,213582,8,231729.7
124,84,7,139757.2,9,192418.6,7,159341.4,5,116890.5
124,85,9,179687.8,8,171038.8,,,,
124,94,8,183529.6,50,1306708.9,184,3962623.7,131.5,3402071.5
124,95,133,3413644.9,131,3229946.8,170.5,4154048.9,207,5072727.9
124,96,118,2869308.6,113.5,2861472.9,114,2922195.2,103,2727979.2
124,97,146,3582463.1,143,3587668,132.5,3258440.8,125,3191827.9
124,98,151,3617776.7,145.5,3761338.6,138.5,3724906.3,134.5,3783954.8
124,99,42,1153690.9,48,1237685.5,45,1316162.8,45,1285810.3
124,103,4,82066.6,2,44429.8,3,65120.1,1,24275.9
124,107,24,680607.1,26,711939.5,29,778350.1,28,849690
124,108,60,1759991.9,56.5,1744343.5,59,1824646.2,52,1744987.8
124,109,136.5,3658127.1,135,3676438.4,128,3537921.5,114.5,3467455
124,110,133,3567948.1,126,3373493.6,124,3641989.2,117.5,3579398.4
124,111,36,962725.9,33,842034.2,36,1038539.2,35,955703.7
124,112,6,121932.9,4,79621.8,5,119494,5,115974.4
124,124,2,62704.8,4,130617.5,2,57987.4,2,68358.4
124,125,103.5,2520007.9,93.5,2461939.3,105,2897077.3,107,3034756.5
124,126,98,2554125.2,89.5,2384354.4,99,2681364.9,97,3011902.7
124,127,37,1040543.1,34,1009262.2,32.5,983078.7,32,1062276.9
125,48,82,1994109.1,68,1774114.8,83.5,2157519,83,2541442.6
125,49,78,2141580.3,74,2084398,74,2084306.7,78.5,2265252.3
125,68,2,38110.4,2,43422.4,2,43708.8,2,59297
125,75,,,2,44532.4,1,26697.8,1,28966.2
125,81,2,36672.1,2,44532.4,2,53395.5,2,57932.4
125,87,5,99826.6,5,121627.9,5,128264.2,5,136767.1
125,89,4,79861.3,4,97302.4,4,102611.4,3,82060.3
125,92,3,68823.6,3,67164.8,3,83058.1,3,93665.5
125,94,,,,,47,1308208.6,49,1506994.9
125,95,39.5,906177.6,34,761200.8,112.5,2751040.3,258.5,6266147.7
125,96,133,3341732.7,124,3188437.5,132,3727019,158,4647002
125,97,223,4946303.6,235.5,5601002.7,229.5,5471135.8,222,5505408.6
125,98,180,4385945.2,181,4659547.3,172,4489488.2,169,4342544.7
125,99,89.5,1863626.5,96.5,2122381,97,2103174,95,2307604
125,107,8,226869,6,164293.7,2,53679.3,1,30346.1
125,108,56,1520783.5,56,1478153.5,49,1440885.1,48,1284101
125,109,105,2192970.9,105,2293017.4,93,2257366.2,90,2377564.8
125,110,172,2856119.3,178,2940612.5,170,3101349.5,173,3200652.5
125,111,4,113434.5,4,109529.2,4,107358.6,4,121384.3
125,112,1,20322.1,1,19905.5,1,23898.8,1,23194.9
125,124,6,188114.4,6,195926.2,6,173962.1,6,205075.1
125,125,161,3703970.7,159.5,3946967.7,187,4529939,180,4737097.9
125,126,32,754301.7,29,710805.1,31,867415.9,41,1350395.2
125,127,176.5,3922436.8,182.5,4045993.2,172.5,4424702.4,170.5,4649112.3
126,48,10,324299.5,12,400618.2,20,647298.7,17,573095.4
126,68,2,38110.4,1,21711.2,1,21854.4,1,29648.5
126,81,9,165024.5,8,178129.6,8,213582,7,202763.5
126,95,39,1053210.7,44,1266661.3,42,1162814,42,1311317.3
126,96,81.5,2037499.5,83.5,2001847.8,82.5,2128347.7,88.5,2513959.5
126,97,127,2894632.4,128,3078839.4,123,3142052.3,111,3013832.2
126,98,249.5,5335578.8,228,5234644.6,247.5,5722770.2,254,6454426.4
126,99,67,1393279.1,69,1580907.6,61,1339621.3,54,1454918.8
126,108,5,141793.1,1,27382.3,3,80519,5,151730.4
126,109,,,,,101.5,2196257.4,150,3655967.8
126,110,161,2793621.9,206.5,3788980.2,354.5,7401800.9,362,7862021.3
126,111,3,85075.9,10,273822.9,8,214717.3,11,333806.8
126,113,3,60966.4,5,99527.3,6,143392.8,6,139169.2
126,124,50.5,1202122.8,41,976181.7,46.5,1190741.8,51,1245228.5
126,125,263,5601577.6,263.5,5805806,277,6023663,274.5,6185621.3
126,126,24,778063.8,28,1017377.2,35,1238859.7,35,1291758.3
126,127,3,84368.4,3,89052.6,4,120994.3,2,66392.3
127,68,1,19055.2,1,21711.2,1,21854.4,,
127,89,16,319445,14,340558.3,12,307834.1,8,218827.3
127,91,6,119791.9,4,97302.4,,,1,27353.4
127,95,80,1978861.9,76.5,1959103.8,69,1835426.9,76.5,1904432.1
127,96,111,2802661,100,2552529.5,108.5,2868260.9,122.5,3330194.4
127,97,65,1748731.7,61,1773154.2,53,1576343.2,56.5,1873462.6
127,98,18.5,497035.3,18.5,433633.9,15.5,402854,14.5,402798.6
127,100,,,2,46879.3,2,51981.2,,
127,102,2,41033.3,2,44429.8,2,43413.4,2,48551.9
127,103,4,82066.6,4,88859.6,4,86826.8,4,97103.7
127,109,,,19,520263.5,99,2419777.6,157.5,4213282.9
127,110,10,283586.3,47.5,1026225.9,85.5,1944647,87,2199320.3
127,123,1,31352.4,,,2,57987.4,,
127,124,3,94057.2,2,65308.7,3,86981.1,2,68358.4
127,125,41,1180872.8,44.5,1246075.5,44,1418334.9,41,1323210.8
127,126,5,156762,5,163271.9,5,144968.4,5,170895.9
