x,y,imputed,ind,ind_0_3,ind_11_17,ind_18_24,ind_25_39,ind_40_54,ind_4_5,ind_55_64,ind_65_79,ind_6_10,ind_80p,ind_inc
125,119,2,17,0.8,1.7,1,4.2,3.4,0.7,2.2,1,1.2,0.2,0.6
125,91,1,2,0,0.1,0,0.3,0.4,0.1,0.4,0.4,0,0.2,0.1
125,118,3,20,0.6,2.5,1.1,3.4,4.3,0.6,2.8,2.6,1.4,0.3,0.4
125,125,3,68,4.2,5.9,1.3,12.3,16.8,1.6,3.7,15.8,4,2.3,0.1
125,116,2,60,1.5,8.7,0.7,13.5,13.8,3.7,3.8,3.4,9.7,1,0.2
125,103,2,59,2.6,5.3,2,12.1,10.8,2.6,6.1,5.4,9.6,2.5,0
125,110,1,3,0,0.4,0,0.4,0.6,0.1,0.7,0.2,0.2,0.3,0.1
125,117,2,73,2.3,9,5.3,8.6,17,1.9,10.8,9.6,3.8,3.3,1.4
125,115,1,2,0,0.1,0.1,0.2,0.7,0,0.2,0.3,0.1,0.1,0.2
125,104,2,15,0.7,1.2,0.1,2.4,3.3,0.3,1.9,3.1,1,0.7,0.3
125,127,2,18,0.4,1.6,0.8,3,4,0.8,2.4,3,1,0.6,0.4
125,102,4,41,1.1,5.5,1.7,9.3,6.9,1.1,5,5.1,4.1,1.2,0
125,101,2,5,0.1,0.7,0.3,1.2,0.7,0.1,0.5,0.7,0.5,0.2,0
125,126,3,16,0.3,1.1,0.6,2.3,3.4,0.6,2.9,2.6,1.4,0.5,0.3
125,107,1,2,0,0.2,0,0.3,0.4,0.1,0.5,0.1,0.1,0.2,0.1
125,20,2,29,1.6,1.9,2.1,3.2,5.4,0.7,6.2,3,0.7,3.8,0.4
125,38,2,4,0.2,0.4,0.1,0.8,0.7,0.1,0.5,0.5,0.3,0.3,0.1
125,31,1,3,0.1,0.2,0.2,0.4,0.7,0.1,0.4,0.6,0.2,0,0.1
125,15,3,38,1.2,2.5,2.5,5.4,8.2,1.2,5,7,2.4,2.1,0.5
125,49,2,113,1,14.2,4.3,15.8,33.5,4.7,15,10.3,8.8,5.4,0
125,39,1,1,0,0.1,0.1,0.1,0.2,0,0.2,0.2,0,0.1,0
125,48,1,116,7,8.5,5.1,14.7,31.4,1.1,10.5,14.3,10.4,10,3
125,16,1,9,0.7,0.2,0.8,2.3,1.5,0.7,1,0.8,0.7,0.3,0
125,0,1,2,0.1,0.3,0,0.3,0.6,0,0.2,0.2,0.1,0.2,0
125,63,1,2,0,0.2,0.1,0.2,0.6,0,0.2,0.4,0.1,0.1,0.1
125,32,1,1,0,0.1,0.1,0.1,0.2,0,0.2,0.2,0.1,0,0
125,35,2,24,0.8,1.4,1.7,3.1,5.5,0.5,3.5,5,1.3,0.2,1
125,4,1,2,0.1,0.2,0.1,0.3,0.6,0,0.1,0.3,0.2,0.1,0
125,19,2,25,1.2,1.9,1.7,1.9,4.8,0.3,6,2.7,0.3,3.7,0.5
125,41,3,37,1.5,3,2,4.4,6.8,0.8,4.9,6,2,4.4,1.2
125,40,1,254,11.3,27.1,17.5,33.9,69.2,4,33.5,33.1,14.1,7.1,3.2
125,36,3,205,10.4,27.9,12.5,35.6,42.1,6.2,25.6,19.5,15,8.2,2
125,37,2,5,0.2,0.2,0.5,0.6,1.2,0,1.3,1,0,0,0
125,78,1,2,0,0.1,0.1,0.3,0.3,0,0.1,0.7,0,0.4,0
125,14,3,8,0.2,0.6,0.6,1.1,1.7,0.2,1,1.5,0.6,0.5,0
122,90,2,7,0.5,0.4,0.7,1.1,1.6,0.3,0.3,0.7,0.7,0.5,0.2
122,116,1,2,0,0.1,0.1,0.2,0.4,0,0.3,0.7,0,0.2,0
122,118,1,3,0.2,0.3,0,0.7,0,0.2,0.7,0.6,0.2,0.1,0
122,125,1,4,0.1,0.2,0.1,0.4,0.7,0.1,0.6,1.4,0.1,0.3,0
122,115,1,1,0,0,0,0.1,0.4,0,0.1,0.1,0.1,0.1,0.1
122,117,3,13,0.3,0.7,0.3,1.3,2.3,0.3,2,4.5,0.3,1,0
122,112,1,3,0,0.1,0.1,0.3,1.1,0,0.4,0.4,0.2,0.1,0.3
122,107,2,4,0,0.2,0.6,0.2,1.2,0,0.2,1,0.2,0.2,0.2
122,102,1,1,0.1,0.1,0,0.1,0.2,0,0.1,0.2,0.1,0,0.1
122,98,1,5,0.7,0.3,0,0.7,1.2,0,0.3,0.8,0.5,0.2,0.3
122,114,1,4,0,0.1,0.1,0.5,1.5,0,0.5,0.5,0.3,0.1,0.4
122,11,2,6,0.7,0.4,0.2,0.9,1.8,0,1.2,0,0.4,0.2,0.2
122,38,1,4,0.3,0.4,0.3,0.5,0.8,0.1,0.4,0.4,0.3,0.4,0.1
122,30,1,3,0.3,0,0.1,0.7,0.1,0.1,0.1,0.8,0.5,0.1,0.2
122,68,1,1,0,0.2,0,0.1,0.3,0,0.1,0.2,0,0.1,0
122,10,1,1,0,0.2,0.1,0.1,0.3,0,0.1,0.1,0,0.1,0
122,2,1,2,0.1,0.2,0.1,0.3,0.6,0,0.1,0.3,0.2,0.1,0
122,50,1,3,0.1,0.1,0.1,0.7,0.3,0,0.8,0.7,0.1,0.1,0
122,75,1,4,0,0.9,0,0.2,1.3,0,0.3,0.9,0.2,0.2,0
122,39,1,1,0.1,0.1,0.1,0.1,0.2,0,0.1,0.1,0.1,0.1,0
122,1,1,7,0.4,0.6,0.2,1,2.1,0.2,0.2,1.3,0.6,0.4,0
122,0,2,26,2.8,1.4,1.4,6.4,4.9,0,2.8,4.9,1.4,0,0
122,35,1,7,0.3,0.5,0.3,0.5,1.8,0,0.5,2.6,0,0.5,0
122,81,2,7,0,1.2,0.4,0.7,1.2,0.3,1.4,1,0.4,0.4,0
122,28,1,1,0.1,0,0,0.2,0,0,0,0.3,0.2,0.1,0.1
122,12,3,11,1.3,0.7,0.4,1.8,3.1,0,2.2,0,0.7,0.4,0.4
122,82,3,11,0,1.9,0.6,1.1,1.9,0.5,2.2,1.6,0.6,0.6,0
122,53,1,5,0.2,0.2,0.2,1.1,0.5,0,1.3,1.1,0.2,0.2,0
122,67,1,2,0,0.4,0,0.1,0.7,0,0.2,0.4,0.1,0.1,0
122,127,3,66,2.5,3.9,2.6,7.7,6.8,1.1,8.2,21.8,2.8,8.6,0
109,94,1,6,0.2,0.5,0.2,0.6,1.4,0.2,0.8,1.1,0.4,0.6,0
109,89,1,2,0,0.1,0.1,0.2,0.5,0,0.4,0.4,0.2,0.1,0
109,112,1,2,0,0,0.1,0.1,0.5,0,0.9,0.3,0,0.1,0
109,105,1,1,0,0,0,0.1,0.1,0,0.3,0.3,0,0.2,0
109,104,3,7,0.3,0,0.3,0.7,0.7,0,2.2,1.7,0,1.1,0
109,95,3,31,1.2,2.6,1,2.9,7,1,3.9,5.8,2.2,3.1,0.3
109,92,1,3,0.1,0.5,0.2,0.4,0.7,0,0.4,0.5,0.1,0.1,0
109,62,2,21,1.9,1.1,0.3,4.8,4.1,0.7,0.7,3,2.6,1.1,0.7
109,6,1,5,0.5,0.2,0.2,0.7,1.2,0.2,0.7,1.1,0.2,0,0
109,5,1,5,0,0,0.1,0.2,0.7,0,2.4,1,0,0.5,0.1
109,11,4,28.5,1.2,3.8,1.8,5.7,4.9,0.8,4.9,3.8,1.6,0,0
109,63,2,3,0.3,0.2,0,0.6,0.6,0.1,0.1,0.5,0.3,0.2,0.1
109,14,2,10,0.3,1.2,0.1,1.9,2.7,0,1,1.2,0.9,0.3,0.4
109,61,1,1,0.1,0.1,0,0.2,0.2,0,0,0.2,0.1,0.1,0
109,24,1,3,0.1,0.1,0.2,0.4,0.5,0,0.8,0.6,0.1,0.1,0.1
109,82,1,2,0,0,0.2,0.2,0.5,0,0.7,0.3,0,0.1,0
109,15,1,3,0.1,0.3,0,0.6,0.8,0,0.3,0.4,0.3,0.1,0.1
109,78,1,15,1.1,0,0.9,4.5,1.7,0,0,4.5,1.1,0.6,0.6
109,80,1,2,0.1,0,0.1,0.6,0.2,0,0.3,0.6,0,0.1,0
109,13,1,2,0.1,0.2,0,0.4,0.5,0,0.2,0.2,0.2,0.1,0.1
109,127,2,3,0.2,0.3,0,0.7,0.7,0,0.4,0.2,0.2,0.3,0
109,126,1,2,0.1,0.2,0,0.5,0.5,0,0.3,0.1,0.1,0.2,0
109,124,1,4,0.2,0.2,0,0.6,0.6,0,1.3,0.7,0,0.4,0
124,119,1,6,0.3,0.8,0.1,1.3,1.3,0.1,0.8,0.5,0.5,0.1,0.2
124,124,1,1,0,0.1,0,0.2,0.3,0,0.1,0.2,0,0.1,0
124,118,3,16,0.7,2,0.5,3.2,3.5,0.4,2.3,1.4,1.2,0.4,0.4
124,125,2,14,0.6,1.2,0.8,2.8,3.6,0.6,0.8,2.2,0.6,0.8,0
124,123,1,1,0,0.1,0,0.2,0.3,0,0.1,0.2,0,0.1,0
124,115,1,10,0,0.3,0.3,1.2,3.8,0,1.3,1.3,0.6,0.3,0.9
124,117,4,36,1.1,4,1.3,3.2,8.8,1.6,9.2,5.2,1.2,0,0.4
124,126,1,2,0,0,0,0.2,0.4,0.1,0.6,0.3,0.3,0.1,0
124,5,1,4,0.2,0.4,0.1,0.6,1.2,0.1,0.1,0.7,0.4,0.2,0
124,38,2,3,0.1,0.3,0.2,0.3,0.6,0,0.5,0.6,0,0.3,0.1
124,30,2,7,0.7,0,0.3,1.5,0.3,0.3,0.3,1.8,1.2,0.3,0.3
124,21,1,3,0.1,0.1,0.2,0.4,0.5,0,0.8,0.6,0.1,0.1,0.1
124,39,2,7,0.2,0.7,0.4,0.7,1.6,0,1,1.4,0.1,0.7,0.2
124,6,1,2,0.2,0.1,0.1,0.3,0.6,0,0.4,0,0.1,0.1,0.1
124,32,1,12,0.4,0.7,0.9,1.6,2.7,0.2,1.8,2.5,0.6,0.1,0.5
124,15,1,2,0.1,0.1,0.1,0.3,0.4,0.1,0.3,0.4,0.1,0.1,0
124,35,1,4,0.2,0.2,0.3,0.5,0.9,0.1,0.6,0.8,0.2,0,0.2
124,0,1,2,0.1,0.3,0,0.3,0.6,0,0.2,0.2,0.1,0.2,0
124,63,1,15,0.2,1.7,0.4,1.7,4.3,0,1.6,3.3,0.8,0.6,0.4
124,41,1,1,0.1,0.1,0.1,0.1,0.2,0,0.1,0.1,0.1,0.1,0
124,40,3,70,1.3,6.4,2.3,5,20.3,1,9.2,11.9,3.4,7.4,1.8
124,19,1,4,0.2,0.3,0.3,0.2,0.8,0,1,0.4,0,0.7,0.1
124,37,2,8.5,0.6,0.8,0,2.4,1.2,0.5,0.8,0.6,1.1,0.5,0
124,48,1,3.5,0,0.5,0.1,0.6,1.2,0.1,0.4,0.2,0.4,0,0
124,36,1,1,0.1,0.1,0,0.3,0.1,0,0.1,0.1,0.1,0.1,0
124,49,1,33,0,4.2,1.1,5.5,11.7,1.1,3.9,2.2,3.3,0,0
124,64,1,12,0.2,1.4,0.3,1.4,3.4,0,1.2,2.7,0.6,0.5,0.3
108,94,3,28,1.1,2.4,1,2.6,6.3,1,3.4,5.2,2,2.8,0.2
108,116,1,6,0.5,0.4,0,1.8,0.2,0.4,0.5,1.1,0.4,0.7,0
108,95,3,57,1.6,3.4,1.3,4.8,11.4,1.3,9.3,14.6,2.9,6.1,0.3
108,93,2,3,0.2,0.4,0.1,0.4,0.7,0,0.3,0.5,0.2,0.2,0
108,108,2,8,0,0,0.3,0.3,1.9,0,3.7,1.2,0,0.6,0
108,96,1,4,0.3,0.4,0.3,0.6,0.6,0.1,0.5,0.4,0.2,0.3,0.3
108,100,2,13,0.9,1.2,0.9,2.1,2.1,0.3,1.8,1.3,0.6,0.9,0.9
108,105,1,7,0.2,0,0.2,0.7,0.7,0,2.4,1.6,0,1.2,0
108,102,1,1,0,0,0,0.1,0.1,0,0.3,0.3,0,0.2,0
108,62,1,46,2.5,3.9,1.3,7.8,9.3,1.6,3.6,6.4,3.1,5.9,0.6
108,6,1,6,0.6,0.2,0.2,0.9,1.5,0.2,0.9,1.3,0.2,0,0
108,5,1,2,0,0,0,0.1,0.3,0,1,0.4,0,0.2,0
108,78,2,31.5,2.2,4,0.2,4.2,9.5,0,0.2,5.2,2.7,3.2,0.1
108,63,1,1,0.1,0.1,0,0.2,0.2,0,0,0.2,0.1,0.1,0
108,77,2,8.5,0.6,0,0.5,2.6,1,0,0,2.6,0.6,0.3,0.3
108,21,1,2,0.1,0.1,0.1,0.2,0.3,0,0.5,0.4,0.1,0.1,0.1
108,79,3,6,0.2,0,0.2,1.7,0.7,0,1,1.9,0,0.3,0
108,84,1,2,0,0,0.2,0.2,0.5,0,0.7,0.3,0,0.1,0
108,80,1,5,0.2,0,0.2,1.4,0.6,0,0.8,1.6,0,0.2,0
108,47,1,1,0,0,0.1,0.2,0.1,0.1,0.2,0.2,0.1,0,0
108,127,1,3,0.1,0.4,0.1,0.7,0.7,0,0.4,0.2,0.1,0.3,0
108,126,3,8,0.4,1,0.2,1.8,1.8,0,1,0.6,0.4,0.8,0
108,125,1,4,0.2,0.2,0,0.6,0.6,0,1.3,0.7,0,0.4,0
108,124,2,3,0.1,0.1,0,0.5,0.5,0,0.9,0.6,0,0.3,0
117,90,1,2,0.1,0,0.1,0.2,0.3,0,0.3,0.6,0.2,0.2,0
117,107,2,13,0,1.6,0.4,1.6,3,0.3,2.9,2.2,0.3,0.7,0
117,91,1,5,0,0.4,0.1,0.2,1.3,0,0.4,2.1,0.3,0.2,0
117,109,4,26,1,2.8,1.3,2.4,4.7,0,3.9,5.5,1.3,3.1,0
117,99,1,4,0.3,0.4,0.3,0.6,0.6,0.1,0.5,0.4,0.2,0.3,0.3
117,108,3,59,0.3,4.5,1.4,8.5,11.3,1.6,11.6,12.4,1,6.4,0
117,87,1,4,0.1,0,0.2,0.4,0.7,0.1,0.6,1.2,0.3,0.4,0
117,104,1,3,0.1,0.1,0.1,0.3,0.4,0,1,0.8,0,0.2,0
117,94,1,2,0,0.2,0,0.3,0.5,0.1,0.3,0.3,0.1,0.1,0.1
117,93,1,7,0.2,0.8,0,1,1.7,0.2,1.1,1,0.4,0.4,0.2
117,11,2,16,0,1,0,1,6,0,3,1.5,1.5,2,0
117,20,1,2.5,0.1,0.1,0.1,0.3,0.4,0,0.7,0.5,0.1,0.1,0.1
117,29,1,4,0.3,0.2,0.2,0.8,0.4,0,0.8,0.8,0.2,0.2,0.1
117,39,1,2,0,0.4,0.1,0.1,0.7,0,0.2,0.2,0.1,0.1,0.1
117,10,1,3,0.3,0.1,0.1,0.4,0.8,0.1,0.4,0.7,0.1,0,0
117,65,2,155,3.3,19.3,4.7,14.9,40.2,5.1,23.5,16.2,11.5,14.7,1.6
117,6,1,3,0.3,0.1,0.1,0.4,0.8,0.1,0.4,0.7,0.1,0,0
117,9,1,3,0.3,0.1,0.1,0.4,0.8,0.1,0.4,0.7,0.1,0,0
117,77,1,4,0,0.2,0.3,0.4,1.6,0,0.1,0.5,0.3,0.5,0.1
117,64,4,20,0.2,4,0.9,2.2,4.6,0.3,3.7,1.2,1.7,0.9,0.3
117,63,3,36,0.3,7.3,1.6,4,8.2,0.6,6.5,2.2,3.1,1.6,0.6
117,1,1,4,0.1,0.5,0.4,0.4,1.3,0.1,0.5,0.2,0.2,0.2,0.1
117,15,1,2,0,0.1,0,0.1,0.7,0,0.4,0.2,0.2,0.3,0
117,73,1,8,0.2,0.5,0,1.3,1.6,0,0.7,1.8,0.5,1.4,0
117,123,1,17,0.5,2.4,0.5,2.8,3.8,0,0.9,1.4,2.3,2.4,0
117,121,1,1,0,0.1,0,0.1,0.3,0,0.2,0.1,0,0.1,0.1
117,126,1,1,0,0.1,0,0.2,0.2,0,0.1,0.2,0.1,0.1,0
117,124,1,9,0.2,1.2,0.3,1.5,2,0,0.5,0.8,1.2,1.3,0
120,91,1,1,0,0,0,0.2,0.2,0,0.2,0.2,0,0.1,0.1
120,85,1,3,0,0.5,0.2,0.3,0.5,0.1,0.6,0.4,0.2,0.2,0
120,107,1,3,0,0.2,0.4,0.2,0.8,0,0.2,0.8,0.1,0.2,0.1
120,109,1,5,0.1,0.3,0.7,0.3,1.4,0.1,0.2,1.3,0.2,0.2,0.2
120,99,1,4,0.5,0.3,0,0.5,0.9,0,0.3,0.7,0.4,0.1,0.3
120,105,1,1,0.1,0.1,0,0.1,0.2,0,0.1,0.2,0.1,0,0.1
120,125,1,1,0,0.1,0,0.1,0.2,0,0.2,0.3,0,0.1,0
120,106,2,13,0.2,0.9,1.7,0.9,3.6,0.2,0.7,3.3,0.4,0.7,0.4
120,94,1,2,0,0.1,0,0.3,0.4,0.1,0.4,0.4,0,0.2,0.1
120,108,1,3,0,0.2,0.4,0.2,0.8,0,0.2,0.8,0.1,0.2,0.1
120,102,1,3,0.4,0.2,0,0.4,0.7,0,0.2,0.5,0.3,0.1,0.2
120,98,1,4,0.5,0.3,0,0.5,0.9,0,0.3,0.7,0.4,0.1,0.3
120,31,1,3,0.1,0.2,0.1,0.2,0.8,0,0.2,1.1,0,0.3,0
120,35,1,2,0.1,0.1,0.1,0.1,0.5,0,0.2,0.7,0,0.2,0
120,32,1,2,0.1,0.1,0.1,0.1,0.5,0,0.2,0.7,0,0.2,0
120,66,2,12,0,2.6,0,0.7,3.9,0.1,0.9,2.6,0.5,0.7,0
120,63,2,10,0.4,0,0,1.5,2,0,2,2.6,0.5,1,0
120,33,1,3,0.1,0.2,0.1,0.2,0.8,0,0.2,1.1,0,0.3,0
120,0,1,6,0.7,0.3,0.3,1.5,1.1,0,0.7,1.1,0.3,0,0
120,24,1,2,0.1,0.1,0.1,0.2,0.3,0,0.5,0.4,0.1,0.1,0.1
120,37,2,4,0.3,0.4,0.3,0.5,0.8,0.1,0.4,0.4,0.3,0.4,0.1
120,36,1,2,0.1,0.2,0.1,0.3,0.4,0.1,0.2,0.2,0.1,0.2,0.1
120,119,1,13,1,1,0,3,0,1,3,2.5,1,0.5,0
105,94,1,50,1,1.1,2.1,6,11.2,1,11.5,9.9,1.1,5.1,0
105,96,2,95,4.2,6.4,5.2,10.1,15.9,1.2,11.5,20.9,7.3,9.2,3.1
105,99,1,1,0,0,0.1,0.1,0.1,0,0.1,0.4,0,0.1,0.1
105,103,2,11,0.5,0.1,0.3,1.3,2.4,0,2.4,1.8,1,1.2,0
105,97,2,12,0.2,0.4,0.4,1.3,1.2,0.1,2,4.1,0.4,1.7,0.2
105,89,1,3,0.1,0.3,0.1,0.3,0.4,0,0.9,0.3,0,0.6,0
105,95,2,35,0.4,0.4,0.4,2.1,7.3,0.1,6.7,12.4,1.4,3.7,0.1
105,102,1,7,0.4,0,0.2,0.7,1.5,0,1.5,1.3,0.7,0.7,0
105,65,1,2,0.1,0,0.1,0.3,0.1,0,0.5,0.6,0,0.3,0
105,42,3,64,2.6,6.8,3.2,12.6,14.7,2.8,7.1,6.4,5.5,2.2,0.1
105,30,1,2,0.1,0.2,0.2,0.4,0.6,0.1,0.1,0.2,0.1,0,0
105,118,1,2,0,0.2,0,0.1,0.3,0,0.5,0.6,0,0.3,0
105,108,3,5,0.1,0.5,0.4,0.4,1.5,0,0.9,0.9,0.1,0.1,0.1
105,110,1,2,0,0.2,0.1,0.1,0.6,0,0.4,0.3,0.1,0.1,0.1
105,109,1,2,0,0.2,0.1,0.1,0.6,0,0.4,0.3,0.1,0.1,0.1
105,35,1,2,0,0,0,0.3,0.4,0.1,0.4,0.3,0.2,0.3,0
105,82,1,1,0,0.1,0.1,0.2,0.2,0,0.1,0.2,0,0.1,0
105,113,1,4,0.1,0.1,0.4,0.5,1,0.1,0.8,0.6,0,0.2,0.2
105,34,1,3,0,0.1,0.1,0.4,0.6,0.1,0.6,0.4,0.2,0.5,0
105,83,1,3,0.1,0.2,0.2,0.5,0.7,0,0.2,0.6,0.2,0.2,0.1
105,41,1,3,0,0.3,0.1,0.3,0.7,0.1,0.2,1,0.1,0.1,0.1
105,81,1,11,0.4,0.8,0.6,1.8,2.5,0,0.8,2.3,0.6,0.8,0.4
121,125,1,2,0,0.1,0.1,0.2,0.4,0,0.3,0.7,0,0.2,0
121,107,2,5,0,0.3,0.7,0.3,1.4,0,0.3,1.3,0.2,0.3,0.2
121,96,2,3,0.4,0.2,0,0.4,0.7,0,0.2,0.5,0.3,0.1,0.2
121,98,1,7,0.9,0.5,0,0.9,1.6,0,0.5,1.2,0.7,0.2,0.5
121,106,3,7,0.1,0.5,0.9,0.5,2,0.1,0.3,1.8,0.2,0.4,0.2
121,117,1,1,0,0.1,0,0.1,0.2,0,0.2,0.3,0,0.1,0
121,113,1,2,0,0.1,0.1,0.2,0.7,0,0.2,0.3,0.1,0.1,0.2
121,116,1,5,0.1,0.3,0.1,0.5,0.9,0.1,0.8,1.7,0.1,0.4,0
121,26,1,3,0.3,0,0.1,0.7,0.1,0.1,0.1,0.8,0.5,0.1,0.2
121,34,2,7,0.3,0.4,0.3,0.5,1.8,0,0.6,2.5,0,0.6,0
121,75,1,1,0,0.2,0,0.1,0.3,0,0.1,0.2,0,0.1,0
121,39,1,3,0.2,0.3,0.2,0.4,0.6,0.1,0.3,0.3,0.2,0.3,0.1
121,81,3,15,0,2.4,0.9,1.6,2.5,0.8,3,2.1,0.8,0.9,0
121,21,1,4,0.1,0.2,0.2,0.4,0.7,0,1.1,0.8,0.1,0.2,0.2
121,74,1,2,0,0.4,0,0.1,0.7,0,0.2,0.4,0.1,0.1,0
121,28,1,3,0.3,0,0.1,0.7,0.1,0.1,0.1,0.8,0.5,0.1,0.2
121,33,1,3,0.1,0.2,0.1,0.2,0.8,0,0.2,1.1,0,0.3,0
121,57,1,1,0,0,0,0.2,0.2,0,0.2,0.3,0,0.1,0
121,42,1,3,0.2,0.3,0.2,0.4,0.6,0.1,0.3,0.3,0.2,0.3,0.1
121,0,1,2,0.2,0.1,0.1,0.5,0.4,0,0.2,0.4,0.1,0,0
121,1,1,1,0.1,0.1,0,0.1,0.3,0,0,0.2,0.1,0.1,0
121,47,1,1,0,0,0.1,0.2,0.1,0,0.3,0.2,0,0.1,0
121,126,2,7,0.1,0.7,0.5,1.1,1.1,0.2,0.9,1.2,0.5,0.7,0
121,119,3,10,0.7,0.8,0,2.3,0,0.7,2.3,2,0.7,0.5,0
121,127,1,43,5.1,6.6,2.4,5.9,6,1.2,4.7,9,0.5,0.6,1
110,94,3,16,0.6,1.3,0.7,1.7,3.8,0.6,1.8,2.8,1,1.4,0.3
110,110,2,4,0,0,0.2,0.2,1,0,1.8,0.6,0,0.2,0
110,103,1,2,0.1,0,0.1,0.2,0.2,0,0.6,0.5,0,0.3,0
110,111,1,1,0,0,0,0,0.2,0,0.5,0.2,0,0.1,0
110,99,1,4,0.3,0.4,0.3,0.6,0.6,0.1,0.5,0.4,0.2,0.3,0.3
110,93,2,2,0,0.3,0.2,0.4,0.5,0.1,0.2,0.3,0,0,0
110,92,2,17,0.5,3,1,2.5,4,0,2,3,0.5,0.5,0
110,106,1,1,0,0,0,0,0.2,0,0.5,0.2,0,0.1,0
110,89,1,1,0,0,0.1,0.1,0.2,0,0.2,0.2,0.1,0.1,0
110,100,1,3,0.2,0.3,0.2,0.5,0.5,0.1,0.4,0.3,0.1,0.2,0.2
110,11,3,61.5,2.7,6.2,1.7,14.9,11.4,0.8,8.8,9.2,3.7,1.5,0.6
110,5,1,1,0,0,0,0.1,0.1,0,0.5,0.2,0,0.1,0
110,69,1,4,0.1,0.2,0.1,0.7,1.2,0.1,0.2,0.5,0.4,0.5,0
110,66,1,2,0.1,0.1,0,0.4,0.6,0.1,0.1,0.2,0.2,0.2,0
110,79,1,9,0.3,0,0.4,2.5,1.1,0,1.4,2.9,0,0.4,0
110,14,2,16,0.5,1.9,0.3,3,4.3,0,1.6,1.9,1.5,0.5,0.5
110,12,2,14,0.7,1.8,0.7,2.8,2.5,0.4,2.2,1.9,0.8,0.1,0.1
110,36,1,3,0,0.6,0.2,0.2,1.1,0,0.3,0.3,0.1,0.1,0.1
110,15,1,3,0.1,0.3,0,0.6,0.8,0,0.3,0.4,0.3,0.1,0.1
110,13,1,6,0.2,0.7,0.1,1.1,1.6,0,0.6,0.7,0.6,0.2,0.2
110,123,1,1,0,0,0,0.2,0.2,0,0.3,0.2,0,0.1,0
110,118,2,10,0.9,0.7,0,3,0.3,0.6,0.9,1.8,0.6,1.2,0
110,126,1,4,0.2,0.5,0.1,0.9,0.9,0,0.5,0.3,0.2,0.4,0
110,125,2,5,0.2,0.2,0,0.7,0.8,0,1.6,1,0,0.5,0
110,122,1,2,0.1,0.1,0,0.3,0.3,0,0.6,0.4,0,0.2,0
118,90,3,28,2,1.6,2.6,4.6,6.4,1.2,1.2,2.6,3.2,2,0.6
118,91,2,11,0,0.4,0,1.9,2.5,0.2,2.5,2.2,0,0.9,0.4
118,87,1,3.5,0.2,0.2,0.3,0.6,0.8,0.2,0.2,0.3,0.4,0.2,0.1
118,95,1,2,0,0.1,0,0.3,0.4,0.1,0.4,0.4,0,0.2,0.1
118,97,1,2,0.3,0.1,0,0.3,0.5,0,0.1,0.3,0.2,0.1,0.1
118,114,1,3,0,0.1,0.1,0.3,1.1,0,0.4,0.4,0.2,0.1,0.3
118,106,1,5,0.1,0.3,0.7,0.3,1.4,0.1,0.2,1.3,0.2,0.2,0.2
118,89,1,1,0.1,0.1,0.1,0.2,0.2,0,0,0.1,0.1,0.1,0
118,8,2,7,0.3,1.3,0.6,0.8,1.9,0.1,0.9,0.3,0.3,0.4,0.1
118,43,1,2,0.1,0.2,0.1,0.3,0.4,0.1,0.2,0.2,0.1,0.2,0.1
118,51,1,8,0.3,0.3,0.3,1.8,0.9,0,2,1.8,0.3,0.3,0
118,9,2,80,3.9,12.3,6.7,13.1,18.6,1.7,11.1,3.4,3.4,5.1,0.7
118,6,2,15,0.6,2.8,1.2,1.8,4,0.2,1.9,0.7,0.7,0.9,0.2
118,78,2,8,0,0.2,0.6,1.4,1,0,0.2,3,0,1.6,0
118,4,1,1,0.1,0.1,0,0.1,0.3,0,0,0.2,0.1,0.1,0
118,77,1,1,0,0,0.1,0.2,0.1,0,0,0.4,0,0.2,0
118,18,2,10,0.3,0.4,0.5,1.1,1.7,0,2.7,2,0.3,0.5,0.5
118,5,1,3,0.2,0.3,0.1,0.4,0.9,0.1,0.1,0.5,0.2,0.2,0
118,70,1,1,0,0.2,0,0.1,0.3,0,0.1,0.2,0,0.1,0
118,19,1,2,0.1,0.1,0.1,0.2,0.3,0,0.5,0.4,0.1,0.1,0.1
118,23,1,2,0.1,0.1,0.1,0.2,0.3,0,0.5,0.4,0.1,0.1,0.1
118,79,1,1,0,0,0.1,0.2,0.1,0,0,0.4,0,0.2,0
118,53,1,2,0.1,0.1,0.1,0.4,0.2,0,0.5,0.4,0.1,0.1,0
118,17,1,1,0,0,0.1,0.1,0.2,0,0.3,0.2,0,0,0.1
118,126,1,9,0.5,0.5,0.5,1.3,1.4,0.2,1.3,1.6,0.9,0.7,0.1
123,117,2,25,0.8,2.7,0.8,2.3,6.1,1.1,6.4,3.7,0.8,0,0.3
123,90,1,3,0,0.1,0,0.5,0.7,0.1,0.7,0.6,0,0.2,0.1
123,105,1,2,0,0.4,0.1,0.5,0.3,0.1,0.1,0.2,0.2,0.1,0
123,126,2,4,0,0,0,0.4,0.8,0.1,1.3,0.6,0.7,0.1,0
123,7,1,9,1.2,0.6,0.3,1.4,2.6,0,1.7,0,0.6,0.3,0.3
123,10,1,3,0.4,0.2,0.1,0.5,0.8,0,0.6,0,0.2,0.1,0.1
123,39,3,22,0.7,2.3,1.1,2.1,4.8,0,3.3,4.6,0.3,2.3,0.5
123,21,1,5,0.1,0.2,0.3,0.6,0.9,0,1.3,1,0.2,0.2,0.2
123,35,1,1,0,0.1,0.1,0.1,0.2,0,0.2,0.2,0.1,0,0
123,0,3,18,0.6,2.9,0,2.9,5.2,0,2.3,1.7,0.6,1.8,0
123,63,3,32,0.4,3.7,0.9,3.7,9.1,0,3.3,7.1,1.6,1.3,0.9
123,14,1,1,0,0.1,0.1,0.1,0.2,0,0.1,0.2,0.1,0.1,0
123,19,1,1,0,0.1,0.1,0,0.2,0,0.3,0.1,0,0.2,0
123,72,1,2,0,0.4,0,0.1,0.7,0,0.2,0.4,0.1,0.1,0
123,40,1,8,0.2,0.8,0.4,0.8,1.8,0,1.2,1.7,0.1,0.8,0.2
123,82,2,4,0,0.2,0.2,0.6,0.6,0,0.2,1.4,0,0.8,0
123,83,1,6,0,0.2,0.4,1,0.8,0,0.2,2.2,0,1.2,0
123,53,1,2,0.1,0.1,0.1,0.4,0.2,0,0.5,0.4,0.1,0.1,0
123,37,2,4,0.3,0.4,0,1.1,0.5,0.2,0.4,0.3,0.5,0.3,0
106,94,3,41,2.6,2.2,1.5,7.9,6.7,0.9,6,7.6,1.8,3.2,0.6
106,97,4,39,0.5,1.3,1.3,4.4,3.9,0.5,6.7,13.1,1,5.6,0.7
106,98,2,18,0.3,0.5,0.6,2,1.8,0.2,3.1,6.1,0.5,2.5,0.4
106,96,1,149,8.2,7.5,6.5,16.7,22.5,1.2,22.6,31,2.4,26.1,4.3
106,99,1,1,0,0,0.1,0.1,0.1,0,0.1,0.4,0,0.1,0.1
106,110,1,3,0.1,0.3,0.2,0.2,0.9,0,0.5,0.5,0.1,0.1,0.1
106,92,1,2,0,0.1,0.1,0,0.2,0,0.5,0.9,0.1,0.1,0
106,95,1,197,5.9,8.8,6.6,31.9,44.4,3.3,29.2,35.8,8.7,18.2,4.2
106,102,1,9,0.5,0,0.2,0.9,1.9,0,1.9,1.7,0.9,1,0
106,76,1,2,0.1,0.3,0,0.3,0.4,0,0.1,0.4,0.3,0.1,0
106,61,2,6,0.3,0,0.2,0.9,0.3,0.1,1.5,1.8,0,0.9,0
106,108,1,3,0.1,0.3,0.2,0.2,0.9,0,0.5,0.5,0.1,0.1,0.1
106,28,1,11.5,0.4,1.2,0.9,2.4,3.7,0.4,0.4,1.3,0.6,0.2,0
106,82,3,27,1,1.9,1.4,4.3,6.3,0,1.9,5.8,1.4,2,1
106,69,1,4,0.2,0.2,0.3,0.5,0.7,0,0.7,0.4,0.4,0.5,0.1
106,23,1,2,0,0.1,0.1,0.2,0.3,0.1,0.4,0.4,0.1,0.3,0
106,41,1,3,0.3,0.3,0,0.9,0.7,0.2,0.1,0.2,0.3,0,0
106,81,2,9,0.3,0.6,0.5,1.4,2.1,0,0.6,1.9,0.5,0.7,0.4
115,107,2,19,0.5,1.2,1,3,2.8,0,4.1,4.9,0.9,0.1,0.5
115,109,2,9,0.9,0.9,0.3,1.4,1.8,0.2,1.5,1.1,0.3,0.4,0.2
115,92,4,47,0.5,3.2,1.2,4.5,10.1,0.5,4.6,16.8,2.3,3,0.3
115,94,2,7,0.2,0.8,0,0.9,1.8,0.2,1.2,0.9,0.4,0.4,0.2
115,105,1,1,0,0,0,0.1,0.2,0,0.3,0.3,0,0.1,0
115,108,2,95,6.1,10,3.2,10.9,18.7,1.4,9.7,15,8.2,10.4,1.4
115,87,2,19,0.7,0,1.1,1.8,3.2,0.4,2.9,5.7,1.4,1.8,0
115,110,1,1,0.1,0.1,0,0.2,0.2,0,0.2,0.1,0,0.1,0
115,93,2,66.5,2.9,2.9,2.6,13.7,15.1,1.4,7,13.3,2.5,4.3,0.8
115,100,1,6,0.4,0.6,0.4,1,1,0.1,0.8,0.6,0.3,0.4,0.4
115,113,1,2,0,0,0.1,0.1,0.5,0,0.9,0.3,0,0.1,0
115,88,2,11,0.4,0,0.6,1.1,1.8,0.2,1.6,3.3,0.9,1.1,0
115,102,1,3,0.1,0.1,0.1,0.3,0.4,0,1,0.8,0,0.2,0
115,29,1,2,0.2,0.1,0.1,0.4,0.2,0,0.4,0.4,0.1,0.1,0
115,78,1,22,0,1.1,1.6,2.2,8.8,0,0.5,2.8,1.6,2.8,0.6
115,50,1,5,0.1,0.2,0.2,0.9,1.5,0,1.2,0.3,0.3,0.3,0
115,83,1,2,0,0,0.2,0.2,0.5,0,0.7,0.3,0,0.1,0
115,33,2,6,0.4,0.2,0.4,1.2,0.6,0,1.2,1.2,0.2,0.4,0.2
115,38,1,1,0.1,0,0,0.4,0.1,0.1,0.1,0.1,0.1,0,0
115,82,1,2,0,0,0.2,0.2,0.5,0,0.7,0.3,0,0.1,0
115,36,1,4,0,0.8,0.3,0.3,1.4,0,0.4,0.5,0.1,0.1,0.1
115,65,1,2,0,0.4,0.1,0.2,0.5,0,0.4,0.1,0.2,0.1,0
115,53,1,3,0.1,0,0.2,0.7,0.4,0.2,0.5,0.5,0.3,0.1,0
115,80,2,3,0,0.2,0.3,0.3,1.2,0,0,0.3,0.3,0.3,0.1
115,34,1,2,0.2,0.1,0.1,0.4,0.2,0,0.4,0.4,0.1,0.1,0
115,37,1,3,0,0.6,0.2,0.2,1.1,0,0.3,0.3,0.1,0.1,0.1
115,81,1,1,0,0,0.1,0.1,0.2,0,0.4,0.2,0,0,0
115,119,1,2,0.1,0.1,0,0.3,0.3,0,0.6,0.4,0,0.2,0
115,118,1,1,0,0,0,0.2,0.2,0,0.3,0.2,0,0.1,0
115,123,2,3,0,0.3,0,0.3,0.9,0,0.7,0.3,0.1,0.2,0.2
119,109,1,4,0.1,0.3,0.5,0.3,1.1,0.1,0.2,1,0.1,0.2,0.1
119,110,1,2,0,0.1,0.3,0.1,0.6,0,0.1,0.5,0.1,0.1,0.1
119,108,1,8,0.1,0.5,1.1,0.6,2.2,0.1,0.4,2,0.3,0.4,0.3
119,89,1,4,0.3,0.2,0.4,0.6,0.9,0.2,0.2,0.4,0.4,0.3,0.1
119,27,1,1,0.1,0,0,0.2,0,0,0,0.3,0.2,0.1,0.1
119,75,2,3,0,0.6,0,0.2,1,0,0.3,0.6,0.1,0.2,0
119,5,2,6,0.3,0.6,0.2,0.9,1.8,0.1,0.2,1,0.6,0.3,0
119,8,1,8,0.3,1.5,0.6,1,2.1,0.1,1,0.4,0.4,0.5,0.1
119,51,1,2,0.1,0.1,0.1,0.4,0.2,0,0.5,0.4,0.1,0.1,0
119,63,2,9,0.4,0,0,1.4,1.8,0,1.8,2.3,0.4,0.9,0
119,24,1,3,0.1,0.1,0.2,0.4,0.5,0,0.8,0.6,0.1,0.1,0.1
119,17,1,2,0.1,0.1,0.1,0.2,0.3,0,0.5,0.4,0.1,0.1,0.1
119,37,1,3,0.2,0.3,0.2,0.4,0.6,0.1,0.3,0.3,0.2,0.3,0.1
119,74,1,8,0,1.7,0,0.4,2.6,0.1,0.7,1.7,0.3,0.5,0
119,19,1,5,0.1,0.2,0.3,0.6,0.9,0,1.3,1,0.2,0.2,0.2
119,118,2,9,0.2,0.5,0.3,0.9,1.6,0.2,1.4,3,0.2,0.7,0
119,127,2,3,0.2,0.1,0.2,0.4,0.5,0,0.4,0.6,0.3,0.3,0
119,126,1,4,0.2,0.2,0.2,0.6,0.6,0.1,0.6,0.7,0.4,0.3,0.1
119,120,1,2,0,0.1,0.1,0.2,0.4,0,0.3,0.7,0,0.2,0
116,107,1,10,0,1.3,0.3,1.3,2.4,0.2,2.2,1.6,0.2,0.5,0
116,109,2,6,0.3,0.6,0.3,0.6,1.1,0,0.9,1.2,0.3,0.7,0
116,110,3,10,0.3,1,0.6,1,1.8,0,1.4,2.1,0.6,1.2,0
116,108,1,117,4.5,7.3,3.6,18.1,16.1,5,15.8,12.6,15.6,17.4,1
116,105,1,5,0.2,0.2,0.2,0.5,0.7,0,1.5,1.4,0,0.3,0
116,87,3,13,0.5,0,0.7,1.3,2.2,0.2,1.9,3.9,1,1.3,0
116,95,1,4,0.1,0.4,0,0.6,1,0.1,0.7,0.6,0.2,0.2,0.1
116,88,1,1,0,0,0.1,0.1,0.2,0,0.1,0.3,0.1,0.1,0
116,93,1,4,0.1,0.4,0,0.6,1,0.1,0.7,0.6,0.2,0.2,0.1
116,11,1,65,8,4.7,1,11.7,18.1,0,8.1,5,6,1.4,1
116,38,1,5,0,1,0.4,0.4,1.8,0,0.5,0.6,0.1,0.1,0.1
116,29,4,54.5,4.1,2.3,3.2,10.3,6.1,0.6,11.5,10.3,2.2,2.8,1.1
116,65,1,54,3.2,4.3,4,9.3,8.7,1.3,8.8,3.3,5.8,2,3.3
116,30,2,16,1.3,0.6,1,3,1.8,0.2,3.4,3,0.6,0.8,0.3
116,10,2,6,0.6,0.2,0.3,0.9,1.5,0.1,0.9,1.3,0.2,0,0
116,78,1,3,0,0.1,0.2,0.3,1.2,0,0.1,0.4,0.2,0.4,0.1
116,54,1,1,0,0,0.1,0.2,0.1,0.1,0.2,0.2,0.1,0,0
116,66,1,4,0.1,0.2,0.1,0.7,1.2,0.1,0.2,0.5,0.4,0.5,0
116,39,1,5,0,1,0.4,0.4,1.8,0,0.5,0.6,0.1,0.1,0.1
116,14,1,1,0,0,0,0.1,0.4,0,0.2,0.1,0.1,0.1,0
116,72,1,2,0,0.1,0,0.3,0.4,0,0.2,0.5,0.1,0.4,0
116,33,1,2,0.2,0.1,0.1,0.4,0.2,0,0.4,0.4,0.1,0.1,0
116,12,1,2,0,0.1,0,0.1,0.7,0,0.4,0.2,0.2,0.3,0
116,59,1,6,0.5,0.3,0.1,1.4,1.2,0.2,0.2,0.9,0.7,0.3,0.2
116,79,1,4,0,0.2,0.3,0.4,1.6,0,0.1,0.5,0.3,0.5,0.1
116,1,1,2,0,0.3,0.2,0.2,0.7,0,0.2,0.1,0.1,0.1,0.1
116,80,1,2,0,0.1,0.2,0.2,0.8,0,0,0.2,0.2,0.2,0.1
116,73,4,67,2,3.5,0.6,11.1,16.4,1.2,5.1,11.6,5.5,10,0
116,67,1,2,0.1,0.1,0,0.4,0.6,0.1,0.1,0.2,0.2,0.2,0
116,123,1,53,3,4.2,4,5.2,5.6,1,12.5,11.2,1.1,5.1,0.1
116,122,1,1,0,0.1,0,0.1,0.3,0,0.2,0.1,0,0.1,0.1
116,116,1,1,0,0,0,0.2,0.2,0,0.3,0.2,0,0.1,0
116,125,1,1,0,0.1,0,0.2,0.2,0,0.1,0.1,0.1,0.2,0
116,124,1,9,0.2,1.2,0.3,1.5,2,0,0.5,0.8,1.2,1.3,0
116,127,1,2,0,0.1,0.1,0.3,0.4,0.1,0.3,0.3,0.1,0.2,0.1
104,103,2,8,0.3,0.5,0.2,1,1.9,0,2,0.9,0.5,0.7,0
104,96,4,39,1.9,3,0,6.5,4.7,2,5.6,10.4,1,3.9,0
104,99,1,3,0.1,0,0.2,0.2,0.4,0,0.4,1.2,0.1,0.3,0.1
104,102,2,5,0,0.7,0.2,0.8,1.4,0,1.5,0,0,0.4,0
104,95,2,5,0,0.2,0.3,0,0.5,0,1.3,2.2,0.2,0.3,0
104,27,1,2,0.1,0.2,0.2,0.4,0.6,0.1,0.1,0.2,0.1,0,0
104,43,2,29,0.5,2.7,1.3,2.7,6.3,0.5,1.7,9.9,1.1,1.4,0.9
104,34,3,18,0,0.3,0.5,2.7,3.6,0.9,3.6,2.4,1.3,2.7,0
104,4,2,7,0.1,1.1,0,0.8,1.6,0,1.3,0.7,0.1,1.1,0.2
104,30,1,4,0.1,0.4,0.3,0.8,1.3,0.2,0.2,0.4,0.2,0.1,0
104,118,1,2,0,0.2,0,0.1,0.3,0,0.5,0.6,0,0.3,0
104,35,2,14,0,0.3,0.3,2.2,2.8,0.6,2.8,1.7,1.1,2.2,0
104,42,1,129.5,4,12.1,7.1,15.1,33.2,0,19.1,16.3,6.5,11.1,5
104,28,1,2,0.1,0.2,0.2,0.4,0.6,0.1,0.1,0.2,0.1,0,0
104,117,3,5,0,0.4,0,0.4,0.6,0.1,1.4,1.4,0.1,0.6,0
104,115,1,2,0,0.1,0.2,0.2,0.5,0.1,0.4,0.3,0,0.1,0.1
104,88,1,3,0.1,0.3,0.1,0.3,0.4,0,0.9,0.3,0,0.6,0
104,73,2,3,0.1,0.2,0.2,0.3,0.6,0,0.6,0.3,0.3,0.3,0.1
104,3,1,2,0,0.3,0,0.2,0.5,0,0.4,0.2,0,0.3,0.1
104,13,1,3,0.1,0.3,0.1,0.5,0.5,0,0.4,0.4,0.5,0.2,0
104,67,1,3,0.2,0.2,0.2,0.3,0.5,0,0.5,0.3,0.3,0.4,0.1
104,108,1,2,0,0.2,0.1,0.1,0.6,0,0.4,0.3,0.1,0.1,0.1
95,77,1,11,0.5,0.7,0.2,2,1.6,0.2,1.3,1.8,0.7,2,0
95,85,1,2,0.1,0.2,0.1,0.2,0.4,0,0.1,0.6,0.1,0.2,0
95,100,1,1,0.1,0.1,0.1,0.1,0.2,0,0.2,0.1,0.1,0,0
95,51,2,4,0,0.7,0.1,0.4,0.7,0.1,0.5,1.1,0.1,0.3,0
95,104,1,1,0,0.1,0.1,0.1,0.2,0,0.1,0.2,0.1,0.1,0
95,102,2,5.5,0.1,0.7,0.4,0.5,1.1,0.1,0.7,1.3,0.3,0.3,0
95,78,2,10,0.2,0.7,0.3,1.8,1.7,0.1,1.8,1.7,0.9,0.7,0.1
95,112,1,1,0.1,0,0.1,0.1,0.1,0,0.1,0.4,0,0.1,0
95,111,1,2,0.2,0,0.2,0.2,0.2,0,0.2,0.8,0,0.2,0
95,35,1,8,0.5,0.5,0.3,1.7,1.4,0,1.5,0.7,0.9,0.5,0
95,75,1,4,0,0.4,0.2,0.3,1.1,0,0.6,0.6,0.4,0.4,0
95,110,1,2,0,0.4,0,0.3,0.4,0.1,0.1,0.2,0.3,0.1,0.1
95,76,2,21,0.9,1.3,0.4,3.8,3,0.3,2.5,3.5,1.5,3.8,0
95,113,1,2,0.2,0,0.2,0.2,0.2,0,0.2,0.8,0,0.2,0
95,84,1,4,0.2,0.4,0.3,0.4,0.7,0,0.3,1.1,0.3,0.3,0
95,80,2,5,0,0.4,0.2,1,1,0,1,0.8,0.5,0,0.1
95,99,1,5,0.3,0.4,0.5,0.6,1,0.1,0.8,0.7,0.3,0.2,0.1
95,101,1,1,0,0.1,0.1,0.1,0.2,0,0.1,0.2,0.1,0.1,0
95,73,1,3,0.2,0,0.2,0.7,0.5,0.1,0.4,0.5,0.1,0.3,0
95,79,1,5,0,0.4,0.2,0.9,0.9,0.1,1.1,0.8,0.5,0,0.1
95,125,1,2,0,0.1,0.1,0.1,0.4,0,0.4,0.7,0.1,0.1,0
95,123,1,2,0,0.1,0.1,0.1,0.4,0,0.4,0.7,0.1,0.1,0
111,90,2,10,0,0.5,0.6,0.9,2.5,0,2,2,0.9,0.6,0
111,110,1,6,0,0,0.2,0.2,1.4,0,2.8,0.9,0,0.5,0
111,88,2,3,0,0.1,0.2,0.3,0.7,0,0.6,0.6,0.3,0.2,0
111,89,3,10,0,0.6,0.6,0.8,2.6,0,2,2,0.8,0.6,0
111,103,1,2,0.1,0,0.1,0.2,0.2,0,0.6,0.5,0,0.3,0
111,93,3,46,1.8,4.3,3.1,7.2,12.2,2.4,3.7,6.7,1.1,1.9,1.6
111,87,2,4,0,0.2,0.2,0.4,1,0,0.8,0.8,0.4,0.2,0
111,94,1,3,0.1,0.2,0.2,0.5,0.8,0.2,0.2,0.4,0.1,0.1,0.2
111,101,1,3,0.1,0,0.1,0.3,0.3,0,1,0.7,0,0.5,0
111,85,1,2,0,0,0.2,0.2,0.5,0,0.7,0.3,0,0.1,0
111,86,1,5,0,0.3,0.3,0.4,1.3,0,1,1,0.4,0.3,0
111,6,2,13,0.2,2.2,0.5,1.4,4.2,0,3,0.4,0.5,0.6,0
111,11,1,2,0.1,0.2,0,0.4,0.5,0,0.2,0.2,0.2,0.1,0.1
111,4,2,6,0,0,0.1,0.3,0.8,0,2.9,1.2,0,0.6,0.1
111,26,2,63.5,1.9,8.1,4.7,12.9,13.3,1.5,3.9,11.9,4.9,0.2,0.2
111,5,2,64,2,2,0.3,6.7,16.2,0,11.6,18.3,1,3.5,2.4
111,72,1,4,0.1,0.2,0.1,0.7,1.2,0.1,0.2,0.5,0.4,0.5,0
111,83,1,3,0,0,0.2,0.4,0.7,0,1.1,0.5,0,0.1,0
111,48,1,4,0.1,0,0.3,0.8,0.6,0.3,0.7,0.7,0.4,0.1,0
111,32,1,3,0.2,0.1,0.2,0.6,0.3,0,0.6,0.6,0.1,0.2,0.1
111,56,1,5,0.4,0.2,0.1,1.1,1,0.2,0.2,0.7,0.6,0.3,0.2
111,61,1,3,0.3,0.1,0,0.7,0.6,0.1,0.1,0.4,0.4,0.2,0.1
111,0,2,3,0,0.4,0.3,0.3,1,0,0.3,0.2,0.2,0.2,0.1
111,38,1,4,0,0.8,0.3,0.3,1.4,0,0.4,0.5,0.1,0.1,0.1
111,27,1,29,0.1,3.2,3.1,0.2,10.4,1.1,1.3,3.4,3.2,3,0
111,41,2,6,0,1.2,0.4,0.4,2.1,0,0.6,0.7,0.2,0.2,0.2
111,125,1,1,0,0,0,0.2,0.2,0,0.3,0.2,0,0.1,0
111,123,1,2,0.1,0.1,0,0.3,0.3,0,0.6,0.4,0,0.2,0
111,117,1,3,0.3,0.2,0,0.9,0.1,0.2,0.3,0.5,0.2,0.3,0
113,107,1,13,0.3,0.7,0.7,2.1,1.8,0,2.8,3.5,0.7,0,0.4
113,103,2,6,0.2,0.2,0.2,0.6,0.9,0,1.9,1.6,0,0.4,0
113,98,1,2,0.1,0.2,0.1,0.3,0.3,0.1,0.3,0.2,0.1,0.1,0.2
113,108,2,35,1.4,0.4,1.1,3.7,1.8,0,9.7,7.5,3.1,6.2,0.1
113,96,1,4,0.3,0.4,0.3,0.6,0.6,0.1,0.5,0.4,0.2,0.3,0.3
113,93,1,4,0.1,0.4,0,0.6,1,0.1,0.7,0.6,0.2,0.2,0.1
113,77,1,2,0,0.1,0.2,0.2,0.8,0,0,0.2,0.2,0.2,0.1
113,50,2,17,0.5,0.8,0.8,3,5,0,4,1,0.9,1,0
113,54,1,1,0,0,0.1,0.2,0.1,0.1,0.2,0.2,0.1,0,0
113,48,1,1,0,0,0,0.2,0.3,0,0.2,0.1,0.1,0.1,0
113,24,1,4,0.1,0.2,0.2,0.4,0.7,0,1.1,0.8,0.1,0.2,0.2
113,36,1,2,0.3,0,0,0.7,0.3,0.1,0.2,0.2,0.2,0,0
113,37,1,25,3.7,0.6,0,9.4,3.7,1.9,1.9,1.9,1.9,0,0
113,23,1,2,0.1,0.1,0.1,0.2,0.3,0,0.5,0.4,0.1,0.1,0.1
113,121,1,8,0,1,0,0.7,2.2,0,1.9,1,0.2,0.5,0.5
113,126,1,8,0.2,0.5,0.3,1.3,1.6,0.2,1,1.3,0.4,1,0.2
113,118,1,1,0,0,0,0.2,0.2,0,0.3,0.2,0,0.1,0
113,115,1,2,0,0,0.1,0.1,0.5,0,0.9,0.3,0,0.1,0
113,124,1,8,0,1,0,0.7,2.2,0,1.9,1,0.2,0.5,0.5
113,122,1,3,0,0.3,0,0.3,0.8,0,0.7,0.4,0.1,0.2,0.2
127,124,2,19,1.1,2.7,0.2,3.1,4.6,0.5,2.9,2.6,0.9,0.2,0.2
127,114,1,1,0,0,0,0.1,0.4,0,0.1,0.1,0.1,0.1,0.1
127,107,1,2,0,0.2,0,0.3,0.4,0.1,0.5,0.1,0.1,0.2,0.1
127,108,2,16,0,2.1,0,2.1,3.2,0.5,3.8,1.1,1.1,1.6,0.5
127,105,3,42,1.7,3.6,0.5,6.8,9.1,0.9,5.4,8.6,2.7,1.8,0.9
127,125,3,45.5,2.6,6.6,0.5,7.3,11.1,1.1,6.8,6.4,2.1,0.5,0.5
127,109,1,7,0,0.9,0,1,1.4,0.2,1.6,0.5,0.5,0.7,0.2
127,126,4,32,0.6,3,1.7,5.3,7.1,1.3,4.2,5.3,2,0.9,0.6
127,92,3,12,0,0.4,0,2,2.7,0.4,2.7,2.4,0,1,0.4
127,112,1,6,0,0.2,0.2,0.7,2.2,0,0.7,0.8,0.4,0.2,0.6
127,118,1,2,0,0.2,0.2,0.3,0.4,0.1,0.2,0.4,0.2,0,0
127,116,1,4,0,0.5,0.5,0.6,0.8,0.1,0.3,0.7,0.3,0.1,0.1
127,38,0,226,6,14.5,8,30,46,1.5,33,40,19,27,1
127,43,1,2,0,0.1,0.1,0.2,0.3,0,0.3,0.5,0.1,0.3,0.1
127,56,3,34,1.5,3.1,0.8,4.6,6.2,0.8,3.9,6.9,0.8,3.9,1.5
127,48,1,2,0,0.3,0.2,0,0.6,0,0.4,0.5,0,0,0
127,51,1,4,0.1,0.2,0.2,0.9,0.4,0,1,0.9,0.1,0.2,0
127,46,2,14,0,2.1,1.1,0,4.2,0,2.8,3.8,0,0,0
127,35,2,19.5,0.7,1.1,1.3,2.5,4.5,0.3,2.9,4.1,1,0.2,0.9
127,39,0,346.5,13.5,32.5,31,56,66,3,39,54,15.5,34,2
127,15,3,14,0.5,0.9,0.9,1.9,3,0.5,1.8,2.6,0.9,0.8,0.2
127,16,2,11,0.9,0.3,0.9,2.8,1.8,0.9,1.2,0.9,0.9,0.4,0
127,25,1,3,0.1,0.1,0.2,0.4,0.5,0,0.8,0.6,0.1,0.1,0.1
127,42,2,117,3,3.3,9.6,15.9,21,1.3,18.2,24.7,7.6,10.5,1.9
127,50,2,17,0,1.9,0.4,3,4.7,1.7,2,0,1,2.3,0
127,26,1,2,0.2,0,0.1,0.4,0.1,0.1,0.1,0.5,0.3,0.1,0.1
127,33,2,13,0.5,0.8,1,1.7,2.9,0.2,1.9,2.7,0.7,0.1,0.5
127,81,1,4,0,0.1,0.3,0.7,0.5,0,0.1,1.5,0,0.8,0
127,37,0,267,5,21.5,13,38,62,2,40,41,11.5,23,10
127,47,2,164.5,2,14,7.5,17,32,2.5,39,37.5,10,1,2
127,57,1,2,0.1,0.2,0.1,0.3,0.4,0,0.2,0.4,0,0.2,0.1
127,36,1,179,7.5,15.8,6.2,25.4,36.5,4,21,33.1,9.5,18,2
127,67,1,1,0,0.2,0,0.1,0.3,0,0.1,0.2,0,0.1,0
127,40,3,29,0,3.9,1.3,3.9,7.9,0,1.3,4.6,3.3,1.4,1.4
127,82,1,2,0,0.1,0.1,0.3,0.3,0,0.1,0.7,0,0.4,0
127,80,1,2,0,0.1,0.1,0.3,0.3,0,0.1,0.7,0,0.4,0
127,14,1,4,0.1,0.3,0.3,0.6,0.9,0.1,0.5,0.7,0.3,0.2,0
127,34,1,11,0.4,0.6,0.8,1.4,2.5,0.2,1.6,2.3,0.6,0.1,0.5
127,13,2,6,0.2,0.4,0.4,0.8,1.2,0.2,0.8,1.2,0.4,0.4,0
127,41,1,40.5,1,2,1.3,3.8,4.3,1.1,5.3,12,3.3,5,1.4
97,95,1,1,0,0.1,0.1,0.2,0.2,0.1,0.1,0.1,0,0.1,0
97,27,1,2,0.1,0.1,0.1,0.4,0.4,0,0.4,0.2,0.2,0.1,0
97,77,1,298,9.3,22.5,18.3,37.2,57.5,4.3,49.1,46.9,15.7,30.2,7
97,71,1,6,0.4,0,0.4,1.5,0.9,0.3,0.8,0.9,0.3,0.5,0
97,75,3,89.5,3,6.7,5.8,12,22.5,1,8.9,9.3,11,8.7,0.6
97,62,1,4,0.3,0.5,0.1,0.6,0.7,0.2,0.2,0.5,0.6,0.3,0
97,54,1,4,0,0.6,0.1,0.4,0.8,0.1,0.5,1.1,0.1,0.3,0
97,78,2,100,2.4,15.2,2.7,16.2,17.9,3.5,13.2,12.4,7.6,7.5,1.4
97,76,0,186.5,4,14.5,14,26,30,1,29,27,9,30,2
97,99,2,5,0.3,0.4,0.5,0.5,1,0.1,0.8,0.7,0.3,0.2,0.2
97,18,1,3,0,0.3,0,0.7,0.7,0.1,0.1,0.3,0.1,0.5,0.2
97,25,1,5,0,0.5,0,1.1,1.2,0.2,0.2,0.5,0.2,0.8,0.3
97,115,1,18,1.6,0,1.6,1.6,2.2,0,2.2,7.1,0,1.7,0
97,61,1,2,0.1,0.3,0.1,0.3,0.3,0.1,0.1,0.2,0.3,0.2,0
97,79,3,26,0,2.1,0.8,4.9,5,0.4,5.4,4.1,2.7,0,0.6
97,74,1,119,0.5,13.5,6.5,8.7,30.8,1,30.9,13.6,3.7,8.5,1.3
97,73,4,39,0.7,2.9,2.4,4.5,9.4,0.5,5.8,5.7,3,3.7,0.4
97,22,1,3,0,0.3,0,0.7,0.7,0.1,0.1,0.3,0.1,0.5,0.2
97,105,1,7,0.2,1,0.5,0.5,1.4,0.2,0.9,1.7,0.3,0.3,0
97,80,1,1,0,0.1,0,0.2,0.2,0,0.2,0.2,0.1,0,0
97,102,1,6,0.2,0.8,0.4,0.4,1.2,0.2,0.7,1.5,0.3,0.3,0
97,23,1,4,0,0.4,0,0.9,1,0.1,0.1,0.4,0.1,0.7,0.3
114,107,0,20,0,0,0,1,2,0,5,10,0,2,0
114,110,2,3,0.3,0.3,0.1,0.5,0.6,0,0.5,0.4,0.1,0.2,0
114,109,3,29,2.7,2.7,1,4.6,6,0.6,4.6,3.7,1,1.4,0.7
114,94,1,1,0,0.1,0,0.1,0.3,0,0.2,0.1,0.1,0.1,0
114,105,3,8,0.2,0.2,0.2,0.8,1.2,0,2.6,2.2,0,0.6,0
114,95,1,1,0,0.1,0,0.1,0.3,0,0.2,0.1,0.1,0.1,0
114,108,3,58,2.5,5.7,1.2,7.1,11,1.6,9.6,13.1,2.2,3.2,0.8
114,93,2,7,0.2,0.3,0.1,1.5,1.1,0.2,0.8,1.6,0.3,0.8,0.1
114,90,1,3,0.1,0,0.2,0.3,0.5,0.1,0.4,0.9,0.2,0.3,0
114,101,2,3,0.1,0.1,0.1,0.3,0.5,0,0.9,0.8,0,0.2,0
114,65,2,4,0,0.8,0.2,0.4,1,0,0.8,0.2,0.4,0.2,0
114,7,1,2,0.2,0.1,0.1,0.3,0.5,0,0.3,0.4,0.1,0,0
114,50,1,11,0.3,0.5,0.5,1.9,3.2,0,2.6,0.7,0.6,0.7,0
114,51,1,4,0.1,0,0.3,0.8,0.6,0.3,0.7,0.7,0.4,0.1,0
114,55,1,3,0.1,0,0.2,0.7,0.4,0.2,0.5,0.5,0.3,0.1,0
114,42,1,2,0,0.4,0.1,0.1,0.7,0,0.2,0.2,0.1,0.1,0.1
114,33,1,2,0.2,0.1,0.1,0.4,0.2,0,0.4,0.4,0.1,0.1,0
114,38,1,12,1.8,0.3,0,4.5,1.8,0.9,0.9,0.9,0.9,0,0
114,45,1,3,0,0.6,0.2,0.2,1.1,0,0.3,0.3,0.1,0.1,0.1
114,81,1,3,0,0,0.2,0.4,0.7,0,1.1,0.5,0,0.1,0
114,84,1,2,0,0,0.2,0.2,0.5,0,0.7,0.3,0,0.1,0
114,37,0,82,8,9,5,19,11,1,12,8,9,0,0
114,41,1,4,0,0.8,0.3,0.3,1.4,0,0.4,0.5,0.1,0.1,0.1
114,64,1,9,0.1,1.8,0.4,1,2,0.1,1.6,0.6,0.8,0.4,0.2
114,123,1,4,0,0.5,0,0.4,1.1,0,1,0.5,0.1,0.2,0.2
114,122,1,1,0,0.1,0,0.1,0.3,0,0.2,0.1,0,0.1,0.1
114,124,1,2,0,0.2,0,0.2,0.6,0,0.5,0.2,0.1,0.1,0.1
126,124,1,6,0.3,0.9,0.1,1,1.4,0.1,0.9,0.8,0.3,0.1,0.1
126,89,1,2,0,0.1,0,0.3,0.4,0.1,0.4,0.4,0,0.2,0.1
126,118,1,7,0.2,0.5,0.7,2,1.4,0.4,0.9,0.2,0.5,0,0.2
126,116,3,76,3,8.7,7.7,10.9,14.6,0.9,8.7,10.8,7.7,2.5,0.5
126,97,3,16,0,0,0.8,1.7,3.3,0,6,2.5,0,1.7,0
126,117,1,90.5,4,9.7,6.7,18.9,21.2,6.7,5.5,6.1,7.5,4.1,0.1
126,125,0,139.5,10,10.5,5.5,29,30,3,18,17,11.5,3,2
126,103,1,7,0.3,0.6,0.1,1.1,1.5,0.1,0.9,1.4,0.5,0.3,0.2
126,102,1,5,0.1,0.2,0.2,0.9,1.1,0.1,1.1,0.7,0.6,0,0
126,104,1,29,1.3,2.5,0.3,4.7,6.2,0.6,3.7,5.9,1.9,1.3,0.6
126,127,2,8,0.1,0.8,0.4,1.3,1.8,0.3,1.1,1.3,0.5,0.2,0.2
126,100,1,3,0,0,0.2,0.3,0.6,0,1.1,0.5,0,0.3,0
126,119,1,16,0.5,1,1.6,4.7,3.1,1,2.1,0.5,1,0,0.5
126,126,1,27,0.5,2.5,1.4,4.4,6.1,1.1,3.6,4.4,1.7,0.8,0.5
126,38,2,113,2.2,6.8,8.6,29.2,24.3,1,16.3,10.6,3.6,9.2,1.2
126,43,1,12,0,0.8,0.4,1.2,1.9,0.2,2,2.9,0.4,1.6,0.6
126,30,1,3,0.3,0,0.1,0.7,0.1,0.1,0.1,0.8,0.5,0.1,0.2
126,48,1,172,8,11.7,12.5,31.4,43.6,4.2,24.2,16,5.1,8.3,7
126,35,1,26,0.9,1.5,1.8,3.4,5.9,0.5,3.9,5.4,1.4,0.2,1.1
126,46,1,48.5,2,5.6,4.8,5,21.2,2,0.8,1.1,2,0,4
126,42,1,5,0,0.3,0.2,0.5,0.8,0.1,0.8,1.2,0.2,0.7,0.2
126,56,2,8,0.4,0.8,0.2,1,1.4,0.2,0.8,1.6,0.2,1,0.4
126,39,1,50,0,1.5,2.2,4.5,6.1,0,12.2,12.6,0.5,10.2,0.2
126,15,3,13,0.4,0.9,0.9,1.8,2.8,0.4,1.7,2.4,0.9,0.7,0.1
126,16,1,3,0.2,0.1,0.3,0.8,0.5,0.2,0.3,0.3,0.2,0.1,0
126,63,1,16,0.2,1.9,0.4,1.9,4.6,0,1.7,3.5,0.8,0.6,0.4
126,36,1,280,11,22.4,12.4,35.6,50,4.5,39.6,51.5,12,39,2
126,47,0,244,8,24,12,45,46,6,44,26,22,7,4
126,40,1,118,4,10.8,5.3,16.8,31.6,1,12.3,18.9,6.7,10.3,0.3
126,24,1,2,0.1,0.1,0.1,0.2,0.3,0,0.5,0.4,0.1,0.1,0.1
126,41,0,122,4,8.5,9,12,29,1.5,15,35,1,5,2
126,37,0,228,14,20.5,9,42,30,3.5,24,42,16,26,1
126,22,1,2,0.1,0.1,0.1,0.2,0.3,0,0.5,0.4,0.1,0.1,0.1
126,14,3,6,0.1,0.5,0.5,0.8,1.3,0.1,0.7,1.1,0.5,0.4,0
126,23,1,2,0.1,0.1,0.1,0.2,0.3,0,0.5,0.4,0.1,0.1,0.1
112,97,1,3,0.2,0.3,0.2,0.5,0.5,0.1,0.4,0.3,0.1,0.2,0.2
112,103,1,1,0,0,0,0.1,0.1,0,0.3,0.3,0,0.2,0
112,104,2,6,0.2,0,0.2,0.6,0.6,0,1.9,1.5,0,1,0
112,93,1,1,0,0.1,0.1,0.2,0.3,0.1,0.1,0.1,0,0,0
112,85,1,2,0,0,0.2,0.2,0.5,0,0.7,0.3,0,0.1,0
112,84,2,4,0,0,0.4,0.4,1,0,1.4,0.6,0,0.2,0
112,6,4,53,0.8,8.9,2.4,5.5,16.9,0,12.1,1.7,2.3,2.4,0
112,26,3,24,1.5,1.9,1.1,2.9,5.3,0.8,2.9,4.5,2.3,0.4,0.4
112,71,1,1,0,0.1,0,0.2,0.3,0,0.1,0.1,0.1,0.1,0
112,5,2,70,1,6,4.2,7.4,23,1,7.8,7.6,4,7.8,0.2
112,50,1,6,0.2,0,0.4,1.3,0.8,0.4,1,1.1,0.6,0.2,0
112,4,1,6,0,0,0.1,0.3,0.8,0,2.9,1.2,0,0.6,0.1
112,49,2,6,0.2,0,0.4,1.2,0.9,0.4,1,1.1,0.6,0.2,0
112,77,1,2,0.1,0,0.1,0.6,0.2,0,0.3,0.6,0,0.1,0
112,21,1,2,0.1,0.1,0.1,0.2,0.3,0,0.5,0.4,0.1,0.1,0.1
112,32,1,3,0.2,0.1,0.2,0.6,0.3,0,0.6,0.6,0.1,0.2,0.1
112,19,1,7,0.2,0.3,0.3,0.8,1.2,0,1.9,1.4,0.3,0.3,0.3
112,27,1,49,2.4,4.8,1.1,5.9,12,0.7,6.9,9.3,2.1,0.4,3.4
112,74,1,2,0.1,0.1,0,0.4,0.6,0.1,0.1,0.2,0.2,0.2,0
112,34,1,5,0.4,0.2,0.3,1,0.5,0,1.1,1,0.2,0.2,0.1
112,119,1,12,1.1,0.7,0,3.6,0.4,0.7,1.1,2.2,0.7,1.5,0
112,120,1,2,0.2,0.1,0,0.6,0.1,0.1,0.2,0.4,0.1,0.2,0
100,90,1,3,0.2,0.3,0.2,0.5,0.6,0.1,0.4,0.4,0.1,0.2,0
100,92,1,1,0,0.1,0,0.1,0.2,0,0.3,0.1,0,0.2,0
100,11,3,32,1.6,3.3,1.6,5,5.8,0,4,4.1,4.9,1.7,0
100,75,1,2,0.1,0.1,0.1,0.3,0.4,0.1,0.3,0.4,0.1,0.1,0
100,26,3,41,0.7,1.2,1.2,7.7,8.9,1,10.3,4.2,0.7,5.1,0
100,103,1,1,0,0.1,0,0.1,0.2,0.1,0.2,0.2,0,0.1,0
100,2,0,184.5,8.5,19.5,12,35,39,5,19,24,12.5,4,6
100,71,2,6,0.4,0.4,0.4,0.6,1,0,1,0.6,0.6,0.8,0.2
100,10,3,30.5,1,2.2,1.4,3.4,8.6,1.2,3.7,4.7,1.7,1.4,1.2
100,51,1,1,0,0.2,0,0.1,0.2,0,0.1,0.3,0,0.1,0
100,85,2,4,0,0,0.1,0.4,1.6,0,0.4,0.7,0.1,0.7,0
100,72,1,2,0.1,0.1,0.1,0.2,0.4,0,0.4,0.2,0.2,0.2,0.1
100,9,2,22,0.7,1.5,1,2.4,6.3,0.8,2.8,3.4,1.3,1,0.8
100,88,1,9,0.5,1,0.6,1.4,1.8,0.4,1.1,1.1,0.3,0.8,0
100,3,1,58,3.2,9.6,3.9,9.8,17.1,0.9,5.4,3,2.8,0.3,2
100,1,2,7,0.3,0.7,0.3,1.1,1.8,0.3,1.3,0.6,0.5,0.1,0
100,102,2,7,0.3,0.4,0.6,0.8,0.7,0.1,1.8,1.4,0,0.9,0
100,55,1,1,0,0.2,0,0.1,0.2,0,0.1,0.3,0,0.1,0
100,109,1,8,0.5,0.7,0.4,1,1.1,0.2,1.7,1.2,0.2,0.9,0.1
100,86,2,11,0.6,1.3,0.8,1.7,2.1,0.5,1.4,1.4,0.3,0.9,0
100,23,1,14,0.7,0.9,0.2,1.8,3,0,1.6,3.9,0.5,0.7,0.7
100,41,1,1,0.1,0.1,0,0.3,0.2,0.1,0,0.1,0.1,0,0
100,25,2,138,5.7,24.6,6.9,18.1,42.3,3.7,15.2,4.7,8.3,5.7,2.8
100,24,0,94,2,11,7,5,25,2,17,16,3,4,2
100,76,1,2,0,0.2,0.2,0.1,0.4,0,0.3,0.4,0.1,0.3,0
100,33,1,5,0.2,0.5,0.4,1,1.6,0.2,0.2,0.5,0.3,0.1,0
100,83,1,2,0,0,0.1,0.2,0.8,0,0.2,0.3,0.1,0.3,0
100,64,1,2,0.1,0,0.1,0.3,0.1,0,0.5,0.6,0,0.3,0
100,79,2,8,0,0.8,0.4,0.6,1.6,0.2,1.6,1.6,0.2,0.8,0.2
100,105,1,8,0.4,0.4,0.6,1,0.8,0.2,2,1.6,0,1,0
99,92,2,4,0,0.4,0.2,0.4,0.6,0,1.2,0.4,0,0.8,0
99,96,1,2,0,0.3,0.3,0.1,0.4,0,0.3,0.4,0,0.1,0.1
99,95,1,2,0,0.2,0.1,0.2,0.3,0,0.6,0.2,0,0.4,0
99,77,2,63.5,2.1,4.4,5,9.6,11,1,11.3,5.1,3.6,10.4,0
99,115,1,13.5,0.6,0.9,0.6,1.2,4.7,0,1.5,1.6,0.5,1.9,0
99,75,2,29,1.3,1.9,0.8,3.9,6.6,1,4.5,5.8,1.6,1.1,0.5
99,2,2,77,6,4.8,4.3,20.8,16,2.4,10.3,5,5,0,2.4
99,10,1,5,0.2,0.4,0.2,0.5,1.4,0.2,0.6,0.8,0.3,0.2,0.2
99,108,2,16,0.8,2.2,0.2,1.6,3.4,0.1,1.6,2.5,0.6,2.9,0.1
99,85,1,2,0,0,0.1,0.2,0.8,0,0.2,0.3,0.1,0.3,0
99,104,1,8,0.3,0.3,0,0.9,1.6,0.6,1.9,1.2,0.3,0.9,0
99,9,1,3,0.1,0.2,0.1,0.3,0.9,0.1,0.4,0.5,0.2,0.1,0.1
99,109,3,73,5.6,6.8,3,11.9,12.9,3.3,10.7,11.5,1.4,5.2,0.7
99,76,1,162.5,7.1,14.4,8.6,28.6,26.2,5,10.3,33.2,12.6,13.5,3
99,78,3,39,0.3,3.6,3.2,2.6,8,0.2,6.2,8,1.8,4.6,0.5
99,3,1,16,0.7,2.1,1.8,2.1,5.3,0.4,2.5,0,0.7,0,0.4
99,1,1,2,0.1,0.3,0.2,0.3,0.7,0,0.3,0,0.1,0,0
99,16,1,2,0,0.1,0.1,0.2,0.3,0.1,0.4,0.4,0.1,0.3,0
99,55,1,6,0,0.9,0.2,0.6,1.1,0.2,0.7,1.7,0.2,0.4,0
99,110,1,8,0.5,0.7,0.4,1,1.1,0.2,1.7,1.2,0.2,0.9,0.1
99,86,2,6,0.3,0.7,0.4,0.9,1.2,0.3,0.7,0.8,0.2,0.5,0
99,33,2,23,0.8,2.3,1.7,4.7,7.3,0.9,0.9,2.6,1.3,0.5,0
99,27,1,1,0,0,0,0.2,0.2,0,0.3,0.1,0,0.2,0
99,79,2,15,0.1,1.5,0.8,1.1,3,0.2,3,3,0.4,1.5,0.4
99,80,2,24,0.2,2.4,1.3,1.8,4.8,0.3,4.8,4.9,0.6,2.3,0.6
99,82,1,2,0,0,0.1,0.2,0.8,0,0.2,0.3,0.1,0.3,0
99,22,1,2,0.1,0.1,0.1,0.5,0.4,0,0.3,0.1,0.2,0.1,0.1
99,25,1,4,0.2,0.5,0.1,0.6,1.2,0.2,0.5,0.2,0.2,0.2,0.1
99,101,2,6,0.2,0.4,0.5,0.7,0.6,0.1,1.6,1.2,0,0.7,0
99,105,1,1,0,0.1,0,0.1,0.2,0.1,0.2,0.2,0,0.1,0
99,123,1,4,0,0.3,0,0.3,0.6,0.1,1,1.1,0.1,0.5,0
99,127,1,2,0.1,0.1,0.1,0.3,0.5,0.1,0.3,0.3,0.1,0.1,0
101,91,1,2,0,0.2,0.1,0.2,0.3,0,0.6,0.2,0,0.4,0
101,92,1,3,0.1,0.3,0.1,0.3,0.4,0,0.9,0.3,0,0.6,0
101,103,1,2,0.1,0.1,0.2,0.2,0.2,0,0.5,0.4,0,0.3,0
101,96,1,2,0,0.3,0.3,0.1,0.4,0,0.3,0.4,0,0.1,0.1
101,100,1,6,0,0.8,0.8,0.4,1.2,0,1,1.2,0,0.4,0.2
101,99,2,6,0,0.8,0.8,0.4,1.2,0,1,1.2,0,0.4,0.2
101,118,1,3,0,0.2,0,0.2,0.4,0.1,0.8,0.8,0.1,0.4,0
101,85,1,3,0,0,0.1,0.3,1.2,0,0.3,0.5,0.1,0.5,0
101,2,2,48,0.9,6,3.6,4.9,14.6,0.6,6.3,5.5,2.3,1.3,2
101,10,2,25,0.8,1.8,1.1,2.7,7.1,1,3.1,3.9,1.4,1.1,1
101,71,2,8,0.5,0.5,0.5,0.9,1.4,0,1.4,0.8,0.8,1,0.2
101,9,3,79,3,5.3,6.6,12.7,25.7,1.3,8.2,5.2,8,1.7,1.3
101,26,2,11,0.4,0.7,0.7,2.1,2.8,0,2.5,0.7,0.4,0.7,0
101,61,1,8,0.5,0,0.2,1.2,0.5,0.2,1.9,2.3,0,1.2,0
101,1,1,1,0,0.1,0,0.2,0.3,0,0.2,0.1,0.1,0,0
101,16,3,47,1.5,1.5,2.3,5.3,7.6,1.5,9.1,9.9,1.5,6.8,0
101,3,4,38,1.9,4.3,1.9,5.9,10.2,1.3,6.7,2.7,2.6,0.4,0.1
101,114,2,4,0.2,0.3,0.2,0.4,1.3,0,0.5,0.5,0.1,0.5,0
101,86,3,32,1.8,3.7,2.3,5,6.2,1.4,4,4,0.9,2.7,0
101,25,2,129,9.1,12.2,5,31.4,20.6,5.5,6.3,10.9,17.6,8.2,2.2
101,79,2,6,0,0.6,0.3,0.5,1.2,0.1,1.2,1.2,0.1,0.6,0.2
101,22,2,8,0.2,0.6,0.2,2.1,1.7,0,1.2,0.3,0.8,0.6,0.3
101,24,0,292,9,25,16.5,51,52,7,30,55,21.5,21,4
101,47,1,1,0,0.2,0,0.1,0.2,0,0.1,0.3,0,0.1,0
101,23,2,49,0.9,2.6,1.6,5.2,7.9,0,3.9,19,1.5,5.3,1.1
101,87,1,2,0.1,0.2,0.1,0.3,0.4,0.1,0.2,0.3,0.1,0.2,0
101,106,1,4,0.2,0.6,0,0.3,1,0,0.2,0.7,0.2,0.8,0
101,80,2,2,0,0.2,0.2,0.2,0.4,0,0.4,0.4,0,0.2,0
101,33,1,1,0,0.1,0.1,0.2,0.3,0,0.1,0.1,0.1,0,0
101,60,1,8,0.2,0.5,0.3,1.2,1.7,0.4,1.3,0.6,0.9,0.9,0
101,105,1,1,0,0.1,0.1,0.1,0.1,0,0.3,0.2,0,0.1,0
101,34,2,3,0.1,0.3,0.3,0.6,0.9,0.1,0.2,0.3,0.2,0,0
101,124,1,2,0,0.2,0,0.1,0.3,0,0.5,0.6,0,0.3,0
96,77,2,89,5.9,7.2,1.3,17.7,13.8,3.3,4.4,13.3,7.4,14.7,0
96,119,1,2,0,0.1,0.1,0.1,0.4,0,0.4,0.7,0.1,0.1,0
96,75,4,27,0,2.7,1.6,1.8,7.4,0,4.2,3.9,2.4,2.7,0.3
96,10,1,4,0,0.2,0.4,0.2,1.1,0,0.6,0.8,0,0.4,0.3
96,116,2,5,0,0.2,0.4,0.2,1,0,1,1.6,0.3,0.3,0
96,42,1,3,0,0.4,0.1,0.5,0.9,0.1,0.3,0.4,0.2,0,0.1
96,81,3,9,0.4,0.9,0.6,0.9,1.7,0,0.6,2.6,0.6,0.7,0
96,110,3,10,0,1.9,0,1.7,2,0.3,0.7,1,1.4,0.7,0.3
96,78,1,178,1,14.6,10.5,22.2,50.1,4,22.1,27.2,12.1,13.2,1
96,99,3,36,2.2,2.9,3.9,4,7.4,0.6,5.7,5.2,2.2,1.2,0.7
96,76,4,43,2,2.7,0.7,7.9,6.1,0.7,5.1,7.1,2.8,7.9,0
96,117,2,6,0,0.3,0.4,0.3,1.2,0,1.2,2,0.3,0.3,0
96,72,1,2,0.1,0,0.1,0.5,0.3,0.1,0.3,0.3,0.1,0.2,0
96,115,1,3,0.3,0,0.3,0.3,0.3,0,0.3,1.2,0,0.3,0
96,79,1,140,7,13,5.7,25.5,28.5,5.5,22,13.8,14.5,4,0.5
96,74,1,4,0,0.4,0.2,0.3,1.1,0,0.6,0.6,0.4,0.4,0
96,108,1,2,0,0.4,0,0.3,0.4,0.1,0.1,0.2,0.3,0.1,0.1
96,80,1,3,0,0.2,0.1,0.6,0.6,0,0.6,0.5,0.3,0,0.1
96,73,4,50,1.6,2.6,3.1,7.7,10.8,1.1,7.2,7.5,3.4,4.7,0.3
94,75,2,4,0,0.6,0.4,0,1.2,0,0.6,0.8,0.2,0.2,0
94,39,1,5,0.1,0.6,0.1,0.8,1.5,0.2,0.6,0.7,0.3,0,0.1
94,96,3,7,0.5,0.5,0.7,0.7,1.4,0.2,1.2,0.9,0.5,0.2,0.2
94,69,1,3,0.2,0.1,0.2,0.8,0.5,0.1,0.3,0.3,0.2,0.2,0.1
94,4,4,60,3.2,5.9,5.4,5,15.3,0,12.2,7.2,2.2,0.9,2.7
94,8,1,8,0,0.3,0.8,0.5,2.2,0,1.2,1.6,0,0.8,0.6
94,104,2,7,0.2,1,0.5,0.5,1.4,0.2,0.8,1.7,0.3,0.4,0
94,71,1,2,0,0.3,0.2,0,0.6,0,0.3,0.4,0.1,0.1,0
94,72,1,1,0,0.1,0.1,0,0.3,0,0.1,0.2,0.1,0.1,0
94,83,1,7,0.2,0.7,0.5,0.8,1.3,0,0.5,2,0.5,0.5,0
94,97,1,9,0.6,0.7,1,1,1.9,0.1,1.4,1.3,0.6,0.3,0.1
94,118,1,1,0,0,0.1,0,0.2,0,0.2,0.3,0.1,0.1,0
94,109,1,1,0,0.2,0,0.2,0.2,0,0.1,0.1,0.1,0.1,0
94,9,1,10,0,0.4,1,0.6,2.7,0,1.6,1.9,0,1,0.8
94,112,1,4,0.3,0,0.3,0.4,0.5,0,0.5,1.6,0,0.4,0
94,117,2,11,0,0.5,0.7,0.5,2.3,0,2.3,3.5,0.7,0.5,0
94,86,1,2,0.1,0.1,0.1,0.4,0.5,0.1,0.2,0.2,0,0.3,0
94,5,1,10,0.5,1,0.9,0.8,2.6,0,2,1.2,0.4,0.1,0.5
94,33,1,4,0.2,0.3,0.2,0.8,0.7,0,0.8,0.3,0.4,0.3,0
94,79,1,3,0,0.2,0.1,0.6,0.6,0,0.6,0.5,0.3,0,0.1
94,106,2,7,0,1.3,0,1.2,1.4,0.2,0.5,0.7,1,0.5,0.2
94,19,1,1,0,0.1,0,0.2,0.3,0,0,0.1,0,0.2,0.1
94,67,1,2,0.2,0,0.2,0.5,0.4,0,0.2,0.2,0.1,0.2,0
94,84,1,3,0.1,0.3,0.2,0.3,0.6,0,0.2,0.9,0.2,0.2,0
94,36,1,4,0.1,0.5,0.1,0.7,1.2,0.1,0.4,0.5,0.3,0,0.1
94,64,1,4,0.3,0.5,0.1,0.6,0.7,0.2,0.2,0.5,0.6,0.3,0
94,111,1,1,0.1,0,0.1,0.1,0.1,0,0.1,0.4,0,0.1,0
94,23,1,2,0,0.2,0,0.5,0.5,0,0.1,0.2,0.1,0.3,0.1
94,95,1,3,0.1,0.1,0.2,0.6,0.7,0.2,0.3,0.3,0.1,0.4,0
107,94,2,105,7.4,8.2,5.8,13.2,16.6,3.5,13.2,24.1,8.9,3.8,0.3
107,110,2,19,0.4,2.2,1.3,1.3,6.1,0,3.5,3,0.4,0.4,0.4
107,105,2,7,0.4,0,0.2,0.7,1.5,0,1.5,1.3,0.7,0.7,0
107,99,1,2,0.1,0,0.1,0.1,0.2,0,0.3,0.8,0.1,0.2,0.1
107,96,0,126.5,2.5,5,3,10,21,2.5,21,35,4.5,20,2
107,115,1,2,0,0.1,0.2,0.2,0.5,0.1,0.4,0.3,0,0.1,0.1
107,95,4,51.5,3.2,2.7,1.9,9.9,8.4,1.2,7.6,9.6,2.3,4,0.7
107,90,1,6,0.2,0.5,0.2,0.5,0.9,0,1.8,0.7,0,1.2,0
107,100,3,35.5,1.9,1,0.8,4.8,7.5,0,4.6,7.9,1.4,5.2,0.4
107,93,1,37,0,5.4,1.4,5,5.7,1,5.8,8.9,1.4,2.4,0
107,97,2,7,0.1,0.2,0.3,0.8,0.7,0,1.2,2.4,0.2,1,0.1
107,111,1,3,0.1,0.1,0.3,0.3,0.8,0.1,0.6,0.5,0,0.1,0.1
107,77,1,41,3,4.1,2,4.1,10.1,1,4,9.1,3.1,0.5,0
107,9,1,1,0,0.1,0,0.2,0.2,0,0.1,0.1,0.2,0.1,0
107,55,1,2,0,0.3,0.1,0.2,0.4,0,0.2,0.6,0.1,0.1,0
107,82,1,5,0.2,0.3,0.3,0.8,1.2,0,0.3,1.1,0.3,0.3,0.2
107,76,1,5,0.3,0.7,0,0.7,1,0,0.4,1,0.7,0.2,0
107,80,2,4,0.3,0.5,0,0.6,0.8,0,0.3,0.9,0.5,0.1,0
107,119,1,3,0,0.2,0,0.2,0.4,0.1,0.8,0.8,0.1,0.4,0
107,125,1,3,0,0.2,0,0.2,0.4,0.1,0.8,0.8,0.1,0.4,0
107,124,1,1,0,0.1,0,0.1,0.1,0,0.3,0.3,0,0.1,0
103,99,2,3,0.1,0,0.2,0.2,0.3,0,0.4,1.2,0.1,0.3,0.2
103,100,2,9,0.3,0,0.6,0.6,1.1,0,1.1,3.8,0.3,0.9,0.3
103,101,3,8,0,1.2,0.4,1.2,2.1,0,2.4,0,0,0.7,0
103,102,1,9,0,1.4,0.3,1.4,2.4,0,2.8,0,0,0.7,0
103,89,1,2,0,0.2,0.1,0.2,0.3,0,0.6,0.2,0,0.4,0
103,11,1,1,0,0.1,0,0.2,0.2,0,0.1,0.1,0.2,0.1,0
103,71,1,2,0.1,0.1,0.1,0.2,0.4,0,0.4,0.2,0.2,0.2,0.1
103,34,1,3,0,0.1,0.1,0.4,0.6,0.1,0.6,0.4,0.2,0.5,0
103,108,2,4,0,0.4,0.2,0.2,1.2,0,0.8,0.6,0.2,0.2,0.2
103,42,3,26.5,0.4,2.5,1.2,2.5,5.7,0.4,1.6,9.1,1,1.3,0.8
103,118,1,2,0,0.2,0,0.1,0.3,0,0.5,0.6,0,0.3,0
103,46,1,2,0,0.3,0.1,0.2,0.4,0,0.2,0.6,0.1,0.1,0
103,112,2,17,0.4,0.4,1.9,1.9,4.3,0.4,3.5,2.7,0,0.7,0.8
103,79,2,3,0.2,0.4,0,0.5,0.6,0,0.2,0.6,0.4,0.1,0
103,60,1,4,0.2,0,0.1,0.6,0.2,0.1,1,1.2,0,0.6,0
103,40,1,2,0.2,0.2,0,0.6,0.5,0.1,0.1,0.1,0.2,0,0
103,106,1,4,0.1,0.4,0.3,0.3,1.3,0,0.7,0.6,0.1,0.1,0.1
103,22,1,2,0,0.1,0.1,0.2,0.3,0.1,0.4,0.4,0.1,0.3,0
103,17,1,4,0.1,0.1,0.2,0.5,0.7,0.1,0.8,0.8,0.1,0.6,0
103,111,2,16,0.3,0.3,1.8,1.9,4.1,0.3,3.3,2.6,0,0.7,0.7
92,45,1,4,0.1,0.5,0.1,0.7,1.2,0.1,0.4,0.5,0.3,0,0.1
92,9,1,114.5,5.8,14.1,7.4,22.5,31.6,4.2,10.8,4.5,11,1.2,1.4
92,94,1,2,0.1,0.1,0.1,0.4,0.5,0.1,0.2,0.2,0,0.3,0
92,4,2,17,0.7,0.7,0.7,2.6,4,0.7,1.9,4.5,1.2,0,0
92,70,1,4,0,0.6,0.3,0.3,1.1,0,0.3,0.7,0.4,0.2,0.1
92,85,1,1,0,0.1,0.1,0.1,0.3,0,0.1,0.2,0.1,0,0
92,116,2,5,0,0.2,0.3,0.5,0.2,0,2,1.2,0.3,0.3,0
92,68,1,2,0,0.3,0.1,0.2,0.5,0,0.2,0.4,0.2,0.1,0
92,98,2,4,0,0,0.2,0.8,0.2,0.4,0.6,1.6,0,0.2,0
92,109,1,7,0,1.2,0.1,0.9,2,0,0.8,1.1,0.2,0.6,0.1
92,69,1,17,0,2.7,1.2,1.2,4.6,0,1.2,3.1,1.8,0.9,0.3
92,5,2,7,0.2,0.3,0.3,1.1,1.6,0.2,0.9,1.9,0.5,0,0
92,16,1,6.5,0.9,0.4,0.4,1.8,0.6,0.3,0.7,1,0.2,0.2,0
92,39,1,6,0,0.3,0.6,1.2,1.3,0,0.9,0.4,0.4,0.9,0
92,0,1,3,0,0.4,0.2,0.4,0.6,0.1,0.6,0.1,0.1,0.3,0.2
92,112,1,2,0,0.2,0.1,0.1,0.6,0,0.4,0.4,0.1,0.1,0
92,18,2,8,1,0.6,0.4,2.2,0.8,0.4,1,1.2,0.2,0.2,0
92,95,2,5,0.2,0.3,0.4,1,1.1,0.4,0.4,0.5,0.1,0.6,0
92,114,1,2,0,0.1,0,0.2,0.4,0,0.2,0.8,0.1,0.2,0
92,110,1,1,0,0.2,0,0.1,0.3,0,0.1,0.2,0,0.1,0
92,40,3,97,0,2.6,5.2,23.8,19.2,4,12.5,10,7,11.7,1
92,41,2,65,4.4,5.6,4.4,13.4,17,1.7,3.2,5.6,5.3,4,0.4
92,19,3,13,1.7,0.9,0.7,3.7,1.3,0.6,1.5,2.2,0.2,0.2,0
92,75,1,6,0.5,0.1,0.5,1.5,1,0.1,0.7,0.7,0.3,0.5,0.1
92,115,2,7,0.1,0.4,0.1,0.6,1.3,0.1,0.8,2.8,0.2,0.6,0
92,22,1,6,0.4,0.2,0.1,1.2,1.5,0.1,1.5,0.4,0.4,0.1,0.1
92,34,1,1,0,0.1,0,0.2,0.2,0,0.2,0.1,0.1,0.1,0
92,23,1,4,0.2,0.2,0.1,0.8,1,0.1,1,0.2,0.2,0.1,0.1
92,74,1,14,1.1,0.3,1.1,3.5,2.4,0.2,1.6,1.6,0.8,1.1,0.3
98,94,1,1,0,0.1,0,0.1,0.2,0,0.3,0.1,0,0.2,0
98,95,1,2,0,0.2,0.1,0.2,0.3,0,0.6,0.2,0,0.4,0
98,77,0,204.5,7,20,11,29,53,3,16,34,16.5,14,1
98,75,3,33,1.5,2.1,1,4.5,7.4,1.2,5.1,6.6,1.8,1.2,0.6
98,103,1,5,0.2,0.2,0,0.6,0.9,0.4,1.1,0.8,0.2,0.6,0
98,100,1,2,0,0.3,0.3,0.1,0.4,0,0.3,0.4,0,0.1,0.1
98,115,3,6,0.3,0.3,0.3,0.6,2.1,0,0.6,0.6,0.3,0.9,0
98,66,1,5,0.3,0.3,0.3,0.6,0.9,0,0.9,0.5,0.5,0.6,0.1
98,10,1,2,0.1,0.1,0.1,0.2,0.6,0.1,0.2,0.3,0.1,0.1,0.1
98,104,1,11,0.4,0.4,0,1.3,2.1,0.9,2.5,1.7,0.4,1.3,0
98,78,1,123,3.1,11.8,6.4,11.6,27.6,3.1,16.6,13.6,7.2,18.8,3.2
98,76,2,121.5,4.5,4.6,10.4,19.4,18.8,4.5,16.3,19.8,5.4,17.8,0
98,83,1,1,0,0,0,0.1,0.4,0,0.1,0.2,0,0.2,0
98,114,1,1,0.1,0.1,0.1,0.1,0.3,0,0.1,0.1,0,0.1,0
98,79,4,60,0.4,6,3.1,4.6,12.2,0.7,11.9,12.2,1.6,5.7,1.6
98,110,1,3,0.2,0.3,0.1,0.4,0.4,0.1,0.7,0.4,0.1,0.3,0
98,24,1,2,0.1,0.3,0,0.3,0.6,0.1,0.2,0.1,0.1,0.1,0.1
98,112,1,3,0.1,0.2,0.1,0.3,1,0,0.4,0.4,0.1,0.4,0
98,49,1,9,0,1.4,0.3,0.8,1.7,0.3,1.1,2.5,0.3,0.6,0
98,74,3,34,1.5,2.1,0.9,4.7,7.7,1.2,5.3,6.8,1.9,1.3,0.6
98,80,2,13,0.1,1.3,0.7,1,2.6,0.2,2.6,2.6,0.3,1.3,0.3
98,98,1,4,0,0.5,0.5,0.3,0.8,0,0.7,0.8,0,0.3,0.1
98,73,1,12,0.6,0.8,0.3,1.6,2.7,0.4,1.9,2.4,0.7,0.4,0.2
98,113,1,2,0.1,0.1,0.1,0.2,0.7,0,0.2,0.2,0.1,0.3,0
98,99,1,1,0,0.1,0.1,0.1,0.2,0,0.2,0.2,0,0.1,0
98,108,1,7,0.3,1.2,0,0.6,1.7,0,0.3,1.2,0.3,1.4,0
98,122,1,3,0,0.2,0,0.2,0.4,0.1,0.8,0.8,0.1,0.4,0
102,96,1,1,0,0.1,0.1,0.1,0.2,0,0.2,0.2,0,0.1,0
102,100,1,6,0,0.8,0.8,0.4,1.2,0,1,1.2,0,0.4,0.2
102,103,1,4,0.2,0.2,0.3,0.5,0.4,0.1,1,0.8,0,0.5,0
102,104,2,3,0.1,0.2,0.3,0.3,0.3,0,0.8,0.6,0,0.4,0
102,92,1,2,0,0.2,0.1,0.2,0.3,0,0.6,0.2,0,0.4,0
102,93,1,3,0.1,0.3,0.1,0.3,0.4,0,0.9,0.3,0,0.6,0
102,77,1,2,0,0.2,0.1,0.2,0.4,0,0.4,0.4,0,0.2,0.1
102,116,2,10,0,0.8,0,0.6,1.6,0.2,2.6,2.8,0.2,1.2,0
102,108,1,2,0.1,0.3,0,0.2,0.5,0,0.1,0.3,0.1,0.4,0
102,9,1,4,0.1,0.3,0.2,0.4,1.1,0.2,0.5,0.6,0.2,0.2,0.2
102,8,1,4,0.1,0.3,0.2,0.4,1.1,0.2,0.5,0.6,0.2,0.2,0.2
102,105,2,9,0.4,0.4,0.7,1.1,0.9,0.2,2.3,1.8,0,1.2,0
102,118,1,3,0,0.2,0,0.2,0.4,0.1,0.8,0.8,0.1,0.4,0
102,61,1,12,0.7,0,0.4,1.8,0.7,0.3,2.8,3.5,0,1.8,0
102,59,1,4,0.1,0.2,0.2,0.6,0.8,0.2,0.6,0.3,0.5,0.5,0
102,58,1,1,0,0.1,0,0.2,0.2,0,0.2,0.1,0.1,0.1,0
102,79,1,2,0,0.2,0.1,0.2,0.4,0,0.4,0.4,0,0.2,0.1
102,114,2,3,0.2,0.2,0.2,0.3,1,0,0.3,0.3,0.1,0.4,0
102,86,2,5,0.3,0.5,0.3,0.8,1,0.2,0.6,0.7,0.2,0.4,0
102,12,1,2,0.1,0.2,0.1,0.3,0.4,0,0.2,0.3,0.3,0.1,0
102,16,1,5,0.1,0.2,0.2,0.6,0.8,0.2,1,1,0.2,0.7,0
102,25,0,139,3,12,2,20,35,3,20,23,7,12,2
102,24,1,128.5,3.5,12.7,8.7,18.4,24.4,1,14.3,22.1,10.4,11.5,1.5
102,90,1,3,0.2,0.3,0.2,0.5,0.6,0.1,0.4,0.4,0.1,0.2,0
102,23,3,28,1.2,1.9,0.7,4.7,6,0,3.4,5.9,1.5,1.5,1.2
102,117,1,2,0,0.2,0,0.1,0.3,0,0.5,0.6,0,0.3,0
102,115,1,11,0.5,0.7,0.5,1,3.8,0,1.3,1.3,0.4,1.5,0
102,84,1,9,0,0,0.4,0.8,3.5,0,0.8,1.5,0.4,1.6,0
102,60,3,58.5,1.7,2.7,2.5,8,16.2,1.8,7,5.1,7,6.5,0
102,124,1,2,0,0.2,0,0.1,0.3,0,0.5,0.6,0,0.3,0
93,115,1,2,0.2,0,0.2,0.2,0.2,0,0.2,0.8,0,0.2,0
93,38,1,2,0,0.3,0,0.3,0.6,0.1,0.2,0.3,0.1,0,0.1
93,71,2,9,0,1.2,0.9,0,2.7,0,1.2,1.8,0.6,0.6,0
93,65,2,4,0.2,0.6,0.2,0.6,0.6,0.2,0.2,0.4,0.6,0.4,0
93,8,1,5,0,0.2,0.5,0.3,1.3,0,0.8,1,0,0.5,0.4
93,4,2,28,1.5,2.7,2.5,2.3,7.2,0,5.7,3.4,1.1,0.4,1.2
93,5,4,35,1.9,3.4,3.2,2.9,9,0,7.1,4.2,1.3,0.5,1.5
93,70,1,2,0.2,0,0.2,0.5,0.4,0,0.2,0.2,0.1,0.2,0
93,107,2,13,0,2.4,0,2.2,2.6,0.3,1,1.3,1.9,1,0.3
93,9,1,8,0,0.3,0.8,0.5,2.2,0,1.2,1.6,0,0.8,0.6
93,105,1,4,0.1,0.5,0.3,0.3,0.8,0.1,0.5,1,0.2,0.2,0
93,72,1,10,0,1.3,1,0,3,0,1.3,2,0.7,0.7,0
93,42,1,1,0,0.1,0,0.2,0.3,0.1,0.1,0.1,0.1,0,0
93,104,1,6,0.2,0.8,0.4,0.4,1.2,0.2,0.7,1.5,0.3,0.3,0
93,81,1,3,0.1,0.3,0.2,0.3,0.6,0,0.2,0.9,0.2,0.2,0
93,88,1,1,0,0.1,0.1,0.2,0.2,0.1,0.1,0.1,0,0.1,0
93,18,1,2,0,0.2,0,0.5,0.5,0,0.1,0.2,0.1,0.3,0.1
93,66,2,8,0.6,0.1,0.7,2,1.4,0.1,0.9,0.9,0.5,0.7,0.1
93,75,1,2,0,0.3,0.2,0,0.6,0,0.3,0.4,0.1,0.1,0
93,108,1,6,0,1.2,0,1,1.2,0.1,0.4,0.6,0.9,0.4,0.2
93,74,1,2,0,0.3,0.2,0,0.6,0,0.3,0.4,0.1,0.1,0
93,0,1,4,0,0.6,0.6,0.5,0.7,0,0.4,0.8,0.2,0.2,0
93,17,2,10,0,1,0,2.3,2.4,0.3,0.3,1,0.3,1.7,0.7
93,44,1,1,0,0.1,0,0.2,0.3,0.1,0.1,0.1,0.1,0,0
93,34,1,2,0.1,0.1,0.1,0.4,0.4,0,0.4,0.2,0.2,0.1,0
93,101,1,3,0.1,0.4,0.2,0.2,0.6,0.1,0.4,0.7,0.1,0.2,0
93,80,1,3,0,0.2,0.1,0.6,0.6,0,0.6,0.5,0.3,0,0.1
93,95,1,1,0,0.1,0.1,0.2,0.2,0.1,0.1,0.1,0,0.1,0
93,125,1,5,0,0.2,0.3,0.2,1.1,0,1.1,1.6,0.3,0.2,0
91,115,3,11,0.2,0.6,0.2,0.9,2,0.2,1.3,4.4,0.3,0.9,0
91,9,1,198,6.9,13,14.2,33.1,44.6,4.6,39.4,11.7,18.2,6.1,6.2
91,70,1,2,0,0.3,0.1,0.2,0.5,0,0.2,0.4,0.2,0.1,0
91,34,3,10,0.5,0.7,0.5,2,1.8,0,2,0.8,1,0.7,0
91,8,0,67,0,6,3,8,15,0,10,14,5,5,1
91,94,1,3,0.1,0.1,0.2,0.6,0.7,0.2,0.3,0.3,0.1,0.4,0
91,57,1,1,0.1,0.1,0,0.1,0.2,0,0.1,0.1,0.2,0.1,0
91,105,1,3,0.1,0.1,0.1,0.6,0.1,0.2,0.4,1.2,0.1,0.1,0
91,81,1,2,0,0.2,0.2,0.1,0.5,0,0.3,0.5,0.1,0.1,0
91,114,2,74.5,1.2,7.1,2.2,4.8,14.8,2.2,10.2,20.9,4.3,6.8,0
91,95,2,4,0.2,0.2,0.2,0.8,1,0.2,0.4,0.4,0,0.6,0
91,68,1,2,0,0.3,0.1,0.2,0.5,0,0.2,0.4,0.2,0.1,0
91,19,2,12,1.7,0.8,0.7,3.3,1.1,0.5,1.3,2,0.3,0.3,0
91,40,2,20,0,1,1.9,4.2,4.5,0,2.9,1.3,1.3,2.9,0
91,84,1,2,0,0.2,0.2,0.1,0.5,0,0.3,0.5,0.1,0.1,0
91,101,1,2,0,0,0.1,0.4,0.1,0.2,0.3,0.8,0,0.1,0
91,111,1,1,0,0.1,0,0.1,0.3,0,0.2,0.2,0,0.1,0
91,41,1,13.5,0.2,1.8,0.2,2.3,4,0.5,1.5,1.8,0.9,0,0.3
91,127,2,6,0.2,0.2,0.2,0.4,1.6,0,1.8,0.8,0,0.8,0
91,126,1,10,0.4,0.4,0.4,0.8,2.8,0,2.8,1.2,0,1.2,0
78,45,1,20,0,2.8,0.7,3.6,5,0,2.9,2.9,1.4,0.7,0
78,4,1,4,0.2,0.7,0,0.5,1.1,0.3,0.4,0.3,0.3,0,0.2
78,26,2,21,1.5,1.5,0.3,4.2,5.7,1.8,1.5,1.5,1.8,0,1.2
78,121,2,7,0,0.7,0.2,1,1.9,0.3,1.1,0.7,0,0.4,0.7
78,90,1,10,0,0.9,0.4,0.4,3.5,0,0.4,3.1,0.4,0.9,0
78,46,1,152.5,9.2,9.9,8.1,38,26.6,6.5,15,14.4,15.7,8.9,0.2
78,85,1,1,0,0.1,0,0.3,0.1,0,0.1,0.3,0.1,0,0
78,114,1,2,0.1,0.3,0,0.4,0.5,0.1,0.1,0.2,0.1,0.1,0.1
78,81,1,3,0.1,0.4,0,0.7,0.3,0,0.2,0.8,0.4,0.1,0
78,9,4,16,0,1.6,0.5,1.6,3.8,0,2.1,2.1,2,1.6,0.7
78,98,1,8,0.7,0.5,0.5,1.4,2.3,0.5,1.1,0.2,0.4,0.2,0.2
78,87,1,2,0,0.2,0.1,0.1,0.3,0.1,0.4,0.3,0.1,0.4,0
78,29,1,7,0.6,0.7,0.5,1.6,1.5,0.2,1.1,0.3,0.3,0.2,0
78,97,2,4,0.3,0.3,0.3,0.7,1.2,0.3,0.5,0.1,0.1,0.1,0.1
78,28,3,40,3,3,1.1,8,10.4,3.2,3.3,2.7,3.3,0.1,1.9
78,88,2,23,0,2.1,1,1,4.7,0.9,4.7,3.6,1,4,0
78,37,1,5,0,0.5,0.5,1,0.8,0.2,0.8,0.3,0.3,0.6,0
78,15,3,76.5,2.7,5.2,6.8,9.2,20.5,0.9,14.1,9.7,1.2,2.7,3.5
78,120,2,23.5,1.5,2.5,2.3,0.8,6.7,0,4.4,3.7,0.8,0,0.8
78,14,1,17,1,1.5,0.7,2.7,3.2,0.3,3.1,2.9,0.4,1,0.2
78,8,1,12,0.8,0.4,0.8,0.8,2.4,0.4,4.4,1.6,0.4,0,0
78,25,2,52,0,4.5,1.9,5.3,12.5,0.9,15.2,5.4,1.8,3.6,0.9
78,41,1,2,0,0.3,0.1,0.3,0.5,0,0.3,0.3,0.1,0.1,0
78,40,1,5,0,0.5,0.5,1,0.8,0.2,0.8,0.3,0.3,0.6,0
78,119,1,1,0.1,0.1,0.1,0,0.3,0,0.2,0.2,0,0,0
78,18,1,1,0,0,0.1,0.2,0.2,0,0.3,0.2,0,0,0
78,47,2,86,2.5,7.8,4.2,14.9,14.3,0.9,16,10.8,7.3,6.9,0.4
78,122,1,6,0,0.5,0.2,0.9,1.7,0.3,0.9,0.5,0,0.4,0.6
64,20,1,169.5,5.6,13.9,7.9,24.4,40.7,1,22.7,25,14.1,13.9,0.3
64,94,1,1,0,0,0.1,0.1,0.1,0,0.3,0.3,0,0.1,0
64,7,0,354.5,13,30,24,74,77,13.5,36,38,27,21,1
64,103,2,16,0,0.6,1.6,1,2.6,0,4.2,2.2,0,3.8,0
64,5,0,925,64.5,60,85.5,161,208,29.5,111,87,54.5,60,4
64,87,2,3,0,0,0,0.1,0.4,0,0.9,0.5,0,1.1,0
64,9,1,118,2,8.6,6.6,17.1,21.2,2,19.1,22.2,3,15.2,1
64,116,2,28,1.6,1.8,1,4.8,4.4,1,4,6.6,1.2,1.6,0
64,11,3,32,0,2.3,1.7,2.9,6.4,0,7.6,7,2.9,1.2,0
64,104,3,7,0,0.2,0.7,0.5,1.2,0,1.9,0.9,0,1.6,0
64,89,1,1,0,0,0,0,0.1,0,0.3,0.2,0,0.4,0
64,90,2,5,0,0,0,0.2,0.7,0,1.6,0.8,0,1.7,0
64,10,0,336,11.5,14,16,37,48,3,66,103,11.5,24,2
64,4,1,132,1.6,5.1,10.9,15.4,34.6,2.4,29.3,15.5,5.8,10.4,1
64,120,3,19,0.8,1.2,0.8,3.8,2.3,0,1.9,3.9,2.3,1.2,0.8
64,121,1,4,0.3,0.2,0.2,0.8,0.7,0.1,0.3,0.5,0.3,0.6,0
64,6,0,534.5,26,38.5,27,116,101,13,71,63,37,34,8
64,21,2,70.5,1.6,9.9,2.9,8.6,15.4,0.8,11,6,7.3,5.2,1.8
64,100,1,4,0.5,0.1,0.1,0.5,0.8,0.2,0.7,0.7,0.1,0.2,0.1
64,19,1,128.5,0.7,10.3,6.3,7.5,28.2,2,26.6,23.7,8.2,11.9,3.1
64,8,1,10,0,0,0.4,0.9,2.2,0,2.2,2.2,0.8,0.9,0.4
64,61,1,2,0.1,0.2,0.2,0.2,0.7,0.1,0.2,0.2,0,0.1,0
64,35,1,2,0,0,0.1,0,0.6,0,0.3,0.6,0,0.3,0.1
64,111,3,21,1.3,0,0.7,1.4,4.6,0.7,3.4,4.8,0,2.7,1.4
64,59,1,1,0,0.1,0.1,0.1,0.2,0,0.3,0.1,0,0.1,0
64,1,3,68,0.9,5.8,10.8,4.4,24.5,2.4,4.1,6.6,3.7,0.2,4.6
64,16,1,1,0.1,0.1,0,0.1,0.2,0,0.1,0.2,0,0.2,0
64,97,2,6,0.8,0.1,0.2,0.8,1.2,0.3,1,1,0.1,0.3,0.2
64,80,1,1,0,0,0,0.1,0.1,0,0.3,0.3,0,0.2,0
64,86,1,1,0,0,0,0,0.1,0,0.3,0.2,0,0.4,0
64,117,2,25,1.4,1.7,0.8,4.2,4,0.8,3.7,5.8,1.1,1.5,0
64,123,2,19,1.2,0.9,0.8,3.8,3.6,0.4,1.5,2.2,1.7,2.9,0
64,99,2,4,0.6,0,0.2,0.6,0.8,0.2,0.6,0.6,0,0.2,0.2
64,0,2,22,0.2,0.8,0.5,1.6,3.5,0.3,6.1,6.1,0.5,2.4,0
64,110,1,3,0.1,0.3,0.2,0.4,0.6,0,1,0.2,0.2,0,0
64,108,1,3,0.1,0.3,0.2,0.4,0.6,0,1,0.2,0.2,0,0
64,118,1,1,0.1,0.1,0,0.2,0.2,0,0.1,0.2,0,0.1,0
64,18,1,19,0.7,1.1,1.1,1.8,4.7,0,2.2,2.6,0.7,3.7,0.4
64,122,4,30,2.1,1.4,1.3,5.9,5.5,0.8,2.2,3.6,2.6,4.6,0
64,3,1,22,1.2,2,1.6,4.3,4.7,0.8,2.3,2.7,1.6,0.8,0
64,60,3,12,0.2,1.2,1.2,1.2,2.2,0,3.4,1.4,0.5,0.7,0
64,64,1,4,0.3,0.5,0.4,0.4,1.3,0.1,0.4,0.5,0,0.1,0
64,67,1,1,0,0,0,0.1,0.1,0,0.5,0.1,0,0.1,0.1
36,75,1,2,0.1,0,0.2,0.1,0.6,0,0.1,0.5,0,0.3,0.1
36,56,1,2,0.1,0.1,0,0.2,0.3,0,0.3,0.5,0.1,0.3,0.1
36,31,2,7,0.4,0.7,0.4,1.2,2.1,0.3,0.6,0.3,0.7,0.3,0
36,69,2,8,0,1.2,0,0.6,1.6,0,0.8,2,0.6,1.2,0
36,119,2,6,0.2,0.5,0.4,0.5,1,0.1,1,1.2,0.3,0.8,0
36,118,3,75,2.8,6.4,4.8,9.6,11.1,2.4,9.8,10.4,7.9,8.8,1
36,5,1,14,0.3,1.1,0.8,1.7,2.5,0.3,2,2,2.2,1.1,0
36,59,1,1,0,0.1,0,0.1,0.2,0,0.1,0.3,0,0.1,0.1
36,65,1,2,0,0.1,0.1,0.3,0.2,0.1,0.3,0.5,0.1,0.2,0.1
36,120,2,10,0.2,0.8,0.6,0.8,1.8,0.2,1.6,2,0.6,1.4,0
36,11,1,4,0.3,0.2,0.1,0.8,0.7,0.1,0.3,0.7,0.5,0.1,0.2
36,114,2,4,0,0.4,0.1,0.5,0.7,0.1,0.4,0.7,0.3,0.7,0.1
36,103,1,2,0,0.1,0,0,0.6,0,0.6,0.5,0,0.1,0.1
36,51,1,4,0.1,0.1,0.1,0.7,0.5,0.2,0.8,0.4,0.3,0.8,0
36,42,1,3,0,0.1,0.3,0.4,0.4,0.1,0.6,0.6,0.1,0.4,0
36,98,2,7,0.5,0.3,0.5,0,1.8,0,1.2,0.9,0,1.2,0.6
36,41,1,2,0,0.1,0.2,0.2,0.3,0.1,0.4,0.4,0.1,0.2,0
36,18,3,67,2.5,6,2.8,10.8,15.8,1.7,9.1,9.3,4.9,4.1,0
36,64,1,1,0,0.1,0,0.1,0.1,0,0.2,0.3,0.1,0.1,0
36,117,3,24,0.4,1.9,1,2.7,3.3,0,3.7,6.4,2.7,1.9,0
36,17,3,31.5,1.2,2.4,1.2,5.2,7.3,0.9,4.3,4.7,2.3,2,0
36,102,1,2,0,0.1,0,0,0.6,0,0.6,0.5,0,0.1,0.1
36,81,1,9,0.3,0.5,0.2,0.9,1.9,0.5,0.8,1.7,0.3,1.7,0.2
36,73,2,8,0.2,0,0.8,0.5,2.4,0,0.5,2.1,0.1,1.2,0.2
36,79,1,1,0,0.1,0,0,0.3,0,0.1,0.3,0,0.2,0
36,68,1,1,0,0.1,0,0.1,0.2,0,0.1,0.3,0.1,0.1,0
36,83,1,3,0.1,0.2,0,0.3,0.6,0.2,0.3,0.6,0.1,0.6,0
36,40,1,1,0,0.1,0,0.1,0.2,0,0.2,0.2,0.1,0.1,0
36,88,1,5,0.2,0.2,0.3,0.5,0.5,0,1.7,0.9,0,0.5,0.2
36,37,1,2,0,0.3,0,0.2,0.4,0,0.4,0.3,0.2,0.2,0
36,122,1,2,0.1,0.1,0,0.3,0.3,0,0.2,0.6,0,0.4,0
36,82,1,10,0.3,0.5,0.2,1.1,2.1,0.5,0.9,1.9,0.4,1.9,0.2
36,101,1,3,0,0.2,0.1,0,0.9,0,0.9,0.6,0.1,0.1,0.1
36,116,1,1,0,0.1,0,0.1,0.1,0,0.2,0.3,0.1,0.1,0
19,69,2,42,0.6,0.8,3.2,3.1,9.2,0.6,7.6,7.4,0.2,8.3,1
19,36,3,78,2.6,7.5,1.9,5.2,19.4,0.7,15.7,15.1,1.9,7.3,0.7
19,63,1,1,0,0.1,0.1,0,0.3,0,0.1,0.3,0,0.1,0
19,26,1,4,0,0.6,0.3,0.3,1.1,0.1,0.4,0.7,0.2,0.3,0
19,32,2,36,1.3,0.4,2.6,2.4,4.4,1.1,10.5,6.4,0.1,6.6,0.2
19,35,0,300.5,12,30.5,20,39,70,3.5,27,46,9.5,34,9
19,59,2,9,0,0.4,0.7,0.9,1.8,0.2,2,2.1,0.2,0.7,0
19,31,1,4,0.2,0.3,0.3,0.2,0.8,0.1,0.9,0.8,0,0.3,0.1
19,72,1,2,0.1,0.1,0.1,0.4,0.2,0,0.6,0.2,0.1,0.2,0
19,29,2,7,0.1,0.4,0.6,0.3,1.7,0.1,1.1,1.3,0.3,1,0.1
19,11,1,3,0.3,0.3,0.1,0.3,0.6,0.1,0.6,0.4,0.1,0.1,0.1
19,67,2,4,0.3,0.3,0,0.1,0.8,0,0.9,1.1,0.2,0.3,0
19,52,2,4,0.2,0,0.2,0.6,1.2,0,1,0.4,0,0.4,0
19,61,3,65,0,3.4,6.1,1.2,14,0,11.3,16.2,2.2,9.6,1
19,27,2,12,0,1.7,1,1,3.4,0.2,1.2,2.1,0.7,0.7,0
19,34,1,189.5,2.2,14.4,11.6,14.7,38.6,2.1,21.8,42.1,10.6,27.3,4.1
19,28,4,58,0.4,6,4.9,3.7,15.2,1.1,7.3,10.1,2.9,6,0.4
19,7,2,12,0.3,1.3,0.9,1.7,4.1,0.2,1.2,1,0.5,0.4,0.4
19,65,1,2,0.1,0.1,0.2,0.3,0.3,0,0.2,0.4,0.1,0.3,0
19,55,1,4,0.1,0.1,0.3,0.5,1.2,0.1,0.9,0.4,0.1,0.3,0
19,68,3,44,3.5,1.9,1.3,3.4,8.2,0.6,12.8,8,0.9,3.4,0
19,9,4,53,1.9,4.8,2.1,9,14,2.1,4.2,6.4,2.9,4.9,0.7
19,37,1,10,0.5,0.9,0.4,1.1,1.9,0.2,1.2,2.1,0.4,1.1,0.2
19,75,1,2,0.1,0.1,0.1,0.4,0.2,0,0.6,0.2,0.1,0.2,0
19,30,1,2,0,0.1,0.2,0.1,0.5,0,0.3,0.4,0.1,0.3,0
19,33,1,144,3.6,11,12.2,11.8,25.9,2.4,17.3,40.9,3.2,14.3,1.4
19,115,1,5,0,0.2,0,0.5,0.7,0,1.1,1.5,0,0.8,0.2
19,110,1,4.5,0.2,0.5,0.2,0.7,1.1,0,0.2,0.9,0.2,0.4,0.1
19,8,2,16,0.5,1.7,1.1,2.4,5.3,0.3,1.4,1.4,0.8,0.7,0.4
19,50,1,4,0.1,0.1,0.3,0.5,1.2,0.1,0.9,0.4,0.1,0.3,0
19,58,1,7,0,0.3,0.5,0.7,1.4,0.2,1.6,1.6,0.2,0.5,0
19,17,1,3,0.1,0.2,0.2,0.7,0.4,0.1,0.6,0.4,0.1,0.2,0
19,6,1,15,0.5,1.6,1.2,2.1,5.1,0.2,1.4,1.2,0.7,0.5,0.5
19,60,1,47,2,0.1,0.2,3.2,4.4,0,13.4,16.5,1,6.2,0
19,126,1,1,0,0,0,0.3,0.1,0,0.2,0.2,0.1,0.1,0
65,20,0,409,15,40.5,15,67,85,10,55,68,33.5,15,5
65,7,0,1047,54,92.5,81,225,191,18.5,89,108,77,96,15
65,5,0,530.5,23,29.5,28,106,120,7,69,65,23,46,14
65,45,1,3,0,0.5,0.1,0.1,0.9,0,0.7,0.4,0.1,0.1,0.1
65,11,1,146.5,6,25.3,7.7,16.4,38.8,4,16.9,16.9,10.4,1.1,3
65,116,2,8,0.5,0.5,0.3,1.3,1.3,0.3,1.1,1.9,0.3,0.5,0
65,12,2,86,1.3,6.3,5.4,5.7,18.5,0.3,14,25.2,5.1,3.2,1
65,104,2,7,0,0.3,0.7,0.4,1.1,0,1.8,1,0,1.7,0
65,9,0,392,17,34,23,47,80,7.5,53,56,27.5,34,13
65,10,1,342.5,20.6,34.4,33.1,69.4,57.4,11,30.4,35.8,35.7,11.5,3.2
65,85,1,5,0,0.4,0.2,0.4,1.4,0,0.7,0.8,0.2,0.9,0
65,21,0,226.5,6,16,9.5,30,48,7,39,39,13,9,10
65,6,0,806,28,65.5,37.5,124,154,14,105,139,52,72,15
65,62,1,4,0.3,0.5,0.4,0.4,1.3,0.1,0.4,0.5,0,0.1,0
65,61,1,4,0.3,0.5,0.4,0.4,1.3,0.1,0.4,0.5,0,0.1,0
65,4,0,131,4,6,6,13,26,2,32,22,4,12,4
65,19,0,289.5,4,23.5,9,22,63,7,46,58,21,26,10
65,97,1,5,0.7,0.1,0.1,0.7,1,0.3,0.8,0.8,0.1,0.3,0.1
65,2,2,65,1.6,4.6,4.4,6.3,12.7,1.8,16.6,10.3,5,0.5,1.2
65,48,1,1,0,0.1,0.1,0.2,0.1,0,0.1,0.2,0.1,0.1,0
65,29,1,1,0,0,0,0,0.3,0,0.2,0.3,0,0.2,0
65,28,1,4,0,0,0.2,0,1.1,0,0.7,1.1,0,0.7,0.2
65,66,1,2,0,0.1,0.1,0.2,0.3,0,0.9,0.1,0,0.2,0.1
65,13,2,5,0,0.3,0.3,0.4,1,0,1.2,1.2,0.4,0.2,0
65,107,1,2,0,0.2,0.2,0.3,0.4,0,0.6,0.1,0.2,0,0
65,65,1,1,0.1,0.1,0.1,0.1,0.3,0,0.1,0.1,0,0.1,0
65,114,1,1,0.1,0,0,0.1,0.2,0,0.2,0.2,0,0.1,0.1
65,80,1,3,0,0,0,0.4,0.2,0.1,0.8,0.9,0,0.6,0
65,112,1,3,0.2,0,0.1,0.2,0.6,0.1,0.5,0.7,0,0.4,0.2
65,127,3,20,0.5,1.6,0,2.6,3.6,0,3.1,2.8,2.6,2.9,0.3
65,3,1,100.5,7.5,15,1.5,16,25,6.2,8.5,13,5.3,1.5,1
65,0,3,27,0.2,1.1,0.9,3.1,4.9,0.3,7.1,5.8,0.7,2.6,0.3
65,24,1,5,0.1,0.7,0.2,0.6,1.1,0.1,0.8,0.4,0.5,0.4,0.1
65,25,1,3,0.1,0.4,0.1,0.4,0.6,0,0.5,0.3,0.3,0.2,0.1
65,120,1,4,0.2,0.2,0.2,0.8,0.5,0,0.4,0.8,0.5,0.2,0.2
65,36,1,1,0,0.2,0,0,0.3,0,0.2,0.2,0,0,0.1
65,1,1,296,9.8,36.4,17.7,29.8,81.5,8.9,42.8,22.8,24.7,13.8,7.8
65,18,2,14,0.6,0.8,0.7,1.3,3.5,0,1.6,2,0.5,2.7,0.3
65,108,2,19,0.5,2,1.5,2.5,4,0,6,1,1.5,0,0
65,8,1,4,0,0.3,0.1,0.2,0.8,0.1,0.7,0.6,0.2,0.8,0.2
65,68,1,1,0,0,0,0.1,0.1,0,0.5,0.1,0,0.1,0.1
65,60,1,4,0.1,0.4,0.4,0.4,0.7,0,1.1,0.5,0.1,0.3,0
31,89,1,5,0.3,0.2,0.6,0.6,0.7,0.2,1,1,0,0.4,0
31,51,1,1,0,0.1,0,0.1,0.2,0,0.1,0.2,0.1,0.1,0.1
31,103,1,5,0.1,0,0,0.4,0.8,0.1,1,1.1,0.1,1.4,0
31,125,1,4,0,0.3,0.1,0.4,0.6,0,0.6,1.1,0.1,0.8,0
31,96,1,8,0.4,0.6,0,0.7,1.3,0.2,2.2,1.9,0,0.7,0
31,95,1,3,0.1,0,0.1,0.1,0.6,0,0.2,1,0.2,0.4,0.3
31,70,1,2,0,0.2,0,0.3,0.3,0.1,0.4,0.4,0.1,0.2,0
31,11,1,1,0.1,0,0,0.2,0.2,0,0.1,0.2,0.1,0,0.1
31,35,2,22,1.4,2.7,0.8,3.4,5.2,0.3,2.2,3,1.2,1.2,0.6
31,121,3,13,0,0.5,0.6,0,2.6,0,3,2.6,1.1,2.6,0
31,123,1,2,0,0.1,0.1,0,0.4,0,0.5,0.4,0.1,0.4,0
31,68,1,6,0,0.7,0,0.9,0.9,0.3,1.2,1.1,0.4,0.5,0
31,71,1,5,0.2,0.2,0,0.9,1.5,0.2,0.4,0.6,0.4,0.6,0
31,65,1,4,0.2,0.2,0,0.4,0.7,0,0.5,1.1,0.2,0.5,0.2
31,66,2,9,0,1,0,1.3,1.3,0.6,1.8,1.6,0.6,0.8,0
31,54,3,15,1.1,0.6,0.6,3.6,3,0.6,1.3,1.7,1.1,0.7,0.7
31,87,1,1,0.1,0,0.1,0.1,0.2,0,0.2,0.2,0,0.1,0
31,33,2,7,0.4,0.8,0.3,1,1.7,0.1,0.7,1,0.4,0.4,0.2
31,98,2,3,0.1,0.2,0,0.3,0.5,0.1,0.8,0.7,0,0.3,0
31,72,1,5,0.2,0.2,0,0.9,1.5,0.2,0.4,0.6,0.4,0.6,0
31,97,2,5,0.2,0.3,0,0.5,0.8,0.2,1.3,1.2,0,0.5,0
31,56,2,4,0.1,0.2,0,0.4,0.8,0,0.5,1.1,0.1,0.5,0.3
31,106,1,3,0,0.2,0.1,0.5,0.4,0,0.8,0.7,0.1,0.2,0
31,99,2,2,0,0.2,0,0.2,0.4,0,0.6,0.4,0,0.2,0
31,110,1,2,0,0.1,0.1,0.3,0.3,0,0.5,0.5,0.1,0.1,0
31,88,1,1,0.1,0,0.1,0.1,0.2,0,0.2,0.2,0,0.1,0
31,7,1,4,0.3,0.2,0.1,0.8,0.7,0.1,0.3,0.7,0.5,0.1,0.2
31,74,1,1,0,0.1,0,0.2,0.3,0,0.1,0.1,0.1,0.1,0
10,94,1,1,0,0.1,0,0.2,0.2,0,0.3,0.2,0,0,0
10,9,1,2,0,0.1,0.2,0.2,0.6,0,0.5,0.1,0.1,0.1,0.1
10,56,2,8,0.2,0.5,0.4,1.2,1.3,0,0.6,2.5,0.2,1.1,0
10,89,1,120,5.3,10.5,3.4,10,24.3,2.5,21.5,28.7,1.9,11.8,0.1
10,39,2,9.5,0.1,0.6,0,1.7,2.1,0.2,2.5,0.8,1.1,0.2,0.2
10,72,2,5,0.5,1,0.2,0.6,0.8,0,1,0.7,0.2,0,0
10,92,2,3,0,0.2,0.1,0.5,0.5,0,0.9,0.6,0.1,0.1,0
10,71,2,2,0.2,0.4,0.2,0.2,0.4,0,0.4,0.2,0,0,0
10,10,1,7,0.2,0.5,0.7,0.7,2.1,0.2,1.6,0.2,0.2,0.3,0.3
10,51,3,5.5,0.2,0,0.9,0.6,1.1,0.2,0.5,0.9,0,1.1,0
10,95,1,6,0.1,0.5,0.2,0.9,0.9,0.1,1.7,1.1,0.2,0.3,0
10,69,1,7,0,1,0,1.4,1.5,0.2,1.5,0.8,0.2,0.2,0.2
10,90,0,247,3,17,14,22,42,3,49,43,3,49,2
10,54,1,3,0.1,0.3,0.1,0.2,0.8,0,0.6,0.6,0,0.3,0
10,58,2,6,0.1,0.4,0.1,1,1.1,0,0.5,2,0.1,0.7,0
10,91,3,34,0.2,1.2,1.5,2.1,5.1,0.2,11,9.6,0.5,2.6,0
10,70,2,8,0,1.1,0,1.6,1.7,0.2,1.8,0.9,0.2,0.2,0.3
10,57,1,3,0.1,0.1,0.1,0.5,0.5,0,0.2,1,0.1,0.4,0
10,17,1,4,0.3,0.7,0.2,0.4,0.9,0,0.2,0.7,0.1,0.3,0.2
10,75,1,4,0.4,0.8,0.2,0.5,0.7,0,0.8,0.5,0.1,0,0
10,87,1,11,0.4,0,1.4,1.8,1.4,0,2.3,2.3,0.9,0.5,0
10,55,1,17,0.9,0.1,2.9,1.7,3.1,0.6,1.4,2.6,0.3,3.1,0.3
10,12,1,13,0.3,0.3,1,1,2.2,0.2,2.3,3.2,0.6,1.9,0
10,86,1,7,0.3,0,0.9,1.2,0.9,0,1.4,1.4,0.6,0.3,0
10,88,2,141,3.6,8.2,4.7,20.8,24.4,2.1,30.1,27.6,7,10.2,2.3
10,74,1,2,0.2,0.4,0.1,0.2,0.3,0,0.4,0.3,0.1,0,0
10,99,1,1,0,0,0,0.1,0.1,0,0.2,0.3,0.1,0.2,0
10,102,2,6,0,0.5,0.6,0.3,1.4,0.3,0.7,1,0.3,0.9,0
10,103,1,2,0,0.2,0.2,0.1,0.5,0.1,0.2,0.3,0.1,0.3,0
10,100,1,2,0,0.1,0,0.1,0.2,0.1,0.3,0.6,0.2,0.3,0.1
10,109,1,5,0.2,0.3,0,1.2,1,0,1,0.3,0.4,0.4,0.2
10,125,1,6,0,0.1,0.3,0.4,1.5,0.3,1.9,0.9,0.3,0.3,0
34,20,1,3,0,0.5,0.2,0,1.2,0,0.5,0.2,0.1,0.3,0
34,124,1,3,0.2,0.1,0.1,0.5,0.4,0,0.2,0.9,0.1,0.5,0
34,2,1,2,0,0.2,0.1,0.2,0.4,0,0.3,0.3,0.3,0.2,0
34,32,1,4,0.2,0.4,0.2,0.7,1.2,0.2,0.3,0.2,0.4,0.2,0
34,31,1,4,0.2,0.4,0.2,0.7,1.2,0.2,0.3,0.2,0.4,0.2,0
34,7,1,3,0.2,0.1,0.1,0.6,0.5,0.1,0.2,0.5,0.4,0.1,0.2
34,39,1,5,0,0.7,0.1,0.4,1,0.1,1,0.7,0.5,0.4,0.1
34,66,1,4,0,0.6,0,0.3,0.8,0,0.4,1,0.3,0.6,0
34,68,1,3,0,0.4,0,0.2,0.7,0,0.3,0.8,0.2,0.4,0
34,65,2,9,0.2,0.6,0.4,1.3,0.9,0.4,1.3,2.3,0.6,0.8,0.2
34,75,1,3,0.1,0,0.3,0.2,0.9,0,0.2,0.8,0,0.4,0.1
34,112,2,2,0,0.2,0,0.2,0.4,0,0.2,0.4,0.2,0.4,0
34,101,1,4,0,0.3,0.1,0,1.2,0,1.1,0.9,0.1,0.2,0.1
34,102,1,2,0,0.1,0,0,0.6,0,0.6,0.5,0,0.1,0.1
34,24,1,1,0.1,0.1,0.1,0.1,0.2,0,0.2,0.2,0,0,0
34,117,3,27,1,1.7,0.3,5.3,5.1,0,4.7,4.3,1.3,2.7,0.6
34,118,1,6,0.2,0.4,0.1,1.2,1.1,0,1,1,0.3,0.6,0.1
34,25,1,35,1.8,1.8,3,3.9,8.7,0,6,6.2,1,2.6,0
34,98,2,8,0.6,0.3,0.6,0,2.1,0,1.3,1,0,1.4,0.7
34,83,1,1,0,0.1,0,0.1,0.2,0.1,0.1,0.2,0,0.2,0
34,33,1,2,0.1,0.2,0.1,0.3,0.6,0.1,0.2,0.1,0.2,0.1,0
34,73,2,3,0.1,0,0.3,0.2,0.9,0,0.2,0.8,0,0.4,0.1
34,55,1,4,0.1,0.1,0.1,0.7,0.5,0.2,0.8,0.4,0.3,0.8,0
34,54,2,6,0.2,0.2,0.2,1.1,0.8,0.3,1.1,0.6,0.4,1.1,0
34,0,1,2,0,0.2,0.1,0.2,0.4,0,0.3,0.3,0.3,0.2,0
34,99,2,3,0.3,0.1,0.3,0,0.7,0,0.5,0.3,0,0.5,0.3
34,127,1,4,0,0,0.2,0.3,0.7,0,0.7,0.7,0,1.2,0.2
34,78,1,5,0,0.7,0,0,1.7,0,0.5,1.4,0,0.7,0
34,14,1,2,0.1,0.1,0,0.4,0.4,0,0.2,0.4,0.3,0,0.1
34,116,1,2,0.1,0.1,0,0.4,0.4,0,0.3,0.3,0.1,0.2,0.1
27,30,1,2,0,0,0.3,0.3,0.3,0,0.4,0.4,0,0.2,0.1
27,45,1,4,0.2,0.2,0.3,0.3,1.1,0.1,0.8,0.3,0.2,0.2,0.3
27,27,3,8,0,0.1,1.2,1.3,1.3,0,1.5,1.5,0,0.8,0.3
27,96,1,1,0,0,0,0.1,0.1,0.1,0.2,0.3,0,0.2,0
27,69,1,2,0.1,0.1,0.1,0.3,0.3,0,0.4,0.4,0.1,0.2,0
27,71,1,2,0.1,0.1,0.1,0.4,0.2,0,0.6,0.2,0.1,0.2,0
27,103,2,12,0,1.3,0.7,1,2.4,0,2,2.4,0.9,1.3,0
27,98,3,17,0.3,0.4,0.4,1.7,1.9,0.8,3.6,4.2,0.1,3.6,0
27,77,1,1,0,0.1,0,0.2,0.2,0.1,0.1,0.1,0.1,0.1,0
27,55,1,1,0.1,0.1,0.1,0.2,0.1,0,0.1,0.2,0.1,0,0
27,104,1,3,0,0.3,0.2,0.3,0.6,0,0.5,0.6,0.2,0.3,0
27,105,1,2,0,0.2,0.1,0.2,0.4,0,0.3,0.4,0.2,0.2,0
27,70,1,1,0.1,0,0,0.1,0.2,0,0.2,0.2,0.1,0.1,0
27,84,1,2,0.1,0.2,0.1,0.3,0.4,0.1,0.3,0.2,0.1,0.2,0
27,114,1,1,0,0,0.1,0.1,0.2,0,0.2,0.1,0,0.2,0.1
27,48,1,9,0.1,0.4,0.2,1.6,1,0.4,1.5,1.8,0.5,1.5,0
27,97,3,16,0.3,0.5,0.5,1.6,1.9,0.8,3.1,3.9,0,3.4,0
27,19,1,2,0.1,0.2,0.1,0.4,0.3,0,0.4,0.3,0.1,0.1,0
27,6,1,1,0.1,0.1,0.1,0.1,0.2,0,0.2,0.1,0,0.1,0
27,7,1,4,0.4,0.4,0.2,0.5,0.7,0.1,0.7,0.5,0.2,0.2,0.1
27,102,2,10,0,1.2,0.5,0.8,1.9,0,1.6,2,0.8,1.2,0
27,87,1,5,0,0.2,0.3,1,1.2,0.1,0.6,1.1,0.1,0.3,0.1
27,110,1,2,0.1,0.2,0.1,0.3,0.5,0,0.1,0.4,0.1,0.2,0
27,120,1,1,0,0,0,0.1,0.2,0,0.1,0.3,0.1,0.2,0
27,18,1,4,0.2,0.3,0.2,0.9,0.6,0,0.8,0.6,0.2,0.2,0
27,127,1,4,0,0.2,0.2,0.2,0.9,0,0.4,1.7,0,0.4,0
27,89,1,1,0,0,0.1,0.2,0.3,0,0.1,0.2,0,0.1,0
27,101,1,1,0,0.1,0,0.1,0.2,0,0.2,0.2,0.1,0.1,0
35,56,3,5,0.1,0.3,0,0.5,1,0,0.6,1.4,0.1,0.6,0.4
35,30,1,3,0.2,0.3,0.2,0.5,0.9,0.1,0.2,0.1,0.3,0.2,0
35,89,2,4,0.1,0.1,0.3,0.4,0.4,0,1.5,0.7,0,0.4,0.1
35,43,1,2,0,0.1,0.2,0.2,0.3,0.1,0.4,0.4,0.1,0.2,0
35,119,2,46.5,0.3,6.5,2.7,4.1,11.1,1.2,12,4.4,0.6,2.6,1
35,20,1,12,0,1.9,0.9,0,4.8,0,1.9,1,0.5,1,0
35,118,3,47,1.6,1.2,2.7,5.5,9,0.1,9.9,9,1.8,6,0.2
35,35,1,5,0.3,0.5,0.3,0.9,1.5,0.2,0.4,0.2,0.5,0.2,0
35,90,1,2,0.1,0.1,0.1,0.2,0.2,0,0.7,0.3,0,0.2,0.1
35,5,1,2,0,0.2,0.1,0.2,0.4,0,0.3,0.3,0.3,0.2,0
35,31,1,1,0.1,0.1,0.1,0.2,0.3,0,0.1,0,0.1,0,0
35,65,2,7,0.1,0.5,0.3,1,0.7,0.3,1.1,1.8,0.5,0.6,0.1
35,32,1,2,0.1,0.2,0.1,0.3,0.6,0.1,0.2,0.1,0.2,0.1,0
35,87,1,2,0.1,0.1,0.1,0.2,0.2,0,0.7,0.3,0,0.2,0.1
35,75,1,2,0.1,0,0.2,0.1,0.6,0,0.1,0.5,0,0.3,0.1
35,23,1,10,0.6,0.3,0.6,2.7,2,0.1,0.8,0.9,1.4,0.1,0.5
35,121,1,2,0.1,0.1,0,0.3,0.3,0,0.2,0.6,0,0.4,0
35,39,2,8,0,1.1,0.2,0.6,1.6,0.2,1.6,1.1,0.8,0.6,0.2
35,36,1,1,0,0.1,0,0.1,0.2,0,0.2,0.2,0.1,0.1,0
35,104,1,1,0,0.1,0,0,0.3,0,0.3,0.2,0,0.1,0
35,18,2,19,0.7,1.7,0.8,3,4.5,0.5,2.6,2.6,1.5,1.1,0
35,117,2,73,4.9,9.6,2.3,9.9,11.7,0,8.3,9,8.2,8.5,0.6
35,67,1,1,0,0.1,0,0.1,0.2,0,0.1,0.3,0.1,0.1,0
35,24,3,30.5,1.8,1.2,2,7.3,6.1,0.3,3.7,3.4,3,0.7,1
35,110,2,3,0,0.1,0.1,0.2,0.5,0,0.7,0.8,0.1,0.5,0
35,40,1,6,0,0.8,0.1,0.5,1.2,0.1,1.2,0.8,0.7,0.5,0.1
35,83,2,14,0.4,0.7,0.3,1.5,2.9,0.7,1.3,2.7,0.5,2.7,0.3
35,25,1,16,1,1,1.2,2.3,3.4,0,3.7,2.7,0,0.7,0
35,0,1,2,0,0.2,0.1,0.2,0.4,0,0.3,0.3,0.3,0.2,0
35,84,1,7,0.2,0.4,0.1,0.7,1.5,0.4,0.6,1.4,0.2,1.4,0.1
35,98,1,6,0.5,0.2,0.5,0,1.5,0,1,0.8,0,1,0.5
35,127,3,7,0,0.4,0.6,1,1,0,1.3,1.4,0.1,1.1,0.1
35,126,1,6,0,0.5,0.5,1,0.8,0,1.3,1.2,0.1,0.6,0
35,122,1,3,0.2,0.1,0.1,0.5,0.4,0,0.2,0.9,0.1,0.5,0
35,101,1,4,0,0.3,0.1,0,1.2,0,1.1,0.9,0.1,0.2,0.1
35,64,1,3,0.1,0.2,0.1,0.4,0.3,0.1,0.4,0.8,0.2,0.3,0.1
88,20,0,146,1,12,9,15,43,2,32,20,1,7,4
88,6,4,56,2.1,6.9,2.4,10.4,16,1.3,8.2,2.7,4.3,0,1.7
88,75,2,6,0.5,0.1,0.5,1.5,1.1,0.1,0.6,0.7,0.3,0.5,0.1
88,120,3,16,0.4,0.4,0.7,1.2,3.8,0,3.9,2.8,0.7,1.2,0.9
88,63,1,4,0.3,0.5,0.1,0.6,0.7,0.2,0.2,0.5,0.6,0.3,0
88,105,1,2,0,0,0.1,0.4,0.1,0.2,0.3,0.8,0,0.1,0
88,68,1,4,0,0.6,0.3,0.3,1.1,0,0.3,0.7,0.4,0.2,0.1
88,21,3,39,2.4,1.6,0.8,8,9.5,0.7,9.6,2.4,2.4,0.8,0.8
88,121,1,1,0,0,0.1,0,0.2,0,0.2,0.3,0.1,0.1,0
88,83,2,12,0,1.1,1.2,0.7,3.4,0,1.7,2.9,0.6,0.4,0
88,91,1,1,0,0.1,0.1,0.2,0.2,0.1,0.1,0.1,0,0.1,0
88,66,1,7,0,1.1,0.5,0.5,1.9,0,0.5,1.3,0.7,0.4,0.1
88,81,1,2,0,0.2,0.2,0.1,0.5,0,0.3,0.5,0.1,0.1,0
88,57,1,2,0.1,0.3,0.1,0.3,0.3,0.1,0.1,0.2,0.3,0.2,0
88,14,2,5,0,0.2,0.5,0.3,1.3,0,0.8,1,0,0.5,0.4
88,87,1,6,0.2,0.3,0.4,1.3,1.4,0.4,0.5,0.6,0.1,0.8,0
88,125,1,3,0,0.1,0.2,0.1,0.6,0,0.7,1,0.2,0.1,0
88,16,1,4,0.5,0.3,0.2,1.1,0.4,0.2,0.5,0.6,0.1,0.1,0
88,95,2,6,0.2,0.2,0.4,1.2,1.4,0.4,0.6,0.6,0.2,0.8,0
88,117,1,1,0,0.1,0,0.1,0.2,0,0.2,0.4,0,0,0
88,96,1,2,0,0,0.1,0.4,0.1,0.2,0.3,0.8,0,0.1,0
88,40,1,1,0,0.1,0.1,0.2,0.2,0,0.1,0.1,0.1,0.1,0
88,112,1,2,0,0.2,0.1,0.1,0.6,0,0.4,0.4,0.1,0.1,0
88,0,4,27.5,0,3.3,1.7,4.1,5.4,0.7,5.9,1.2,1.1,2.4,1.7
88,69,1,2,0,0.3,0.1,0.2,0.5,0,0.2,0.4,0.2,0.1,0
88,110,1,2,0,0.3,0,0.3,0.6,0,0.2,0.3,0.1,0.2,0
88,37,1,3,0,0.2,0.3,0.6,0.7,0,0.4,0.2,0.2,0.4,0
88,15,2,11,0,0.4,1.1,0.6,3,0,1.7,2.2,0,1.1,0.9
88,19,2,62,2,2.6,5,9,12.2,1.4,11.2,9.6,4,3.4,1.6
88,119,1,1,0,0,0.1,0.1,0.2,0,0.2,0.2,0,0.1,0.1
88,107,1,1,0,0.2,0,0.1,0.3,0,0.1,0.2,0,0.1,0
88,78,1,2,0.1,0.2,0.1,0.5,0.4,0.1,0.3,0.3,0,0,0
88,94,1,2,0.1,0.1,0.1,0.4,0.5,0.1,0.2,0.2,0,0.3,0
88,73,1,3,0.2,0.1,0.2,0.8,0.5,0.1,0.3,0.3,0.2,0.2,0.1
88,116,1,2,0,0.2,0,0.2,0.3,0,0.4,0.7,0.1,0.1,0
88,84,2,10,0,0.9,1,0.5,2.8,0,1.5,2.5,0.5,0.3,0
37,116,1,4,0.1,0.3,0.1,0.5,0.5,0,0.6,1.1,0.5,0.3,0
37,118,4,11,0.3,0.8,0.5,1.3,1.6,0,1.8,2.7,1,1,0
37,50,1,2,0,0.2,0,0.2,0.5,0.1,0.2,0.3,0.1,0.2,0.2
37,58,1,2,0.1,0.1,0,0.2,0.3,0,0.3,0.5,0.1,0.3,0.1
37,20,1,2,0.1,0.2,0.1,0.3,0.5,0,0.3,0.2,0.2,0.1,0
37,111,2,6,0.1,0.6,0.3,0.8,0.9,0.1,0.6,1.1,0.4,0.9,0.2
37,108,1,5,0,0.2,0.2,0.3,0.8,0,1.1,1.2,0.2,0.9,0.1
37,42,2,9,0,0.3,1,1.1,1.3,0.3,1.8,1.8,0.3,1.1,0
37,120,2,5,0.2,0.4,0.3,0.5,0.8,0,0.8,1,0.3,0.7,0
37,85,2,6,0.2,0.3,0.1,0.6,1.2,0.3,0.6,1.2,0.2,1.2,0.1
37,21,3,66,5,2.4,2,17.8,9.2,1.5,6.4,9.9,5.9,4.5,1.4
37,91,1,3,0.1,0.1,0.2,0.3,0.3,0,1.1,0.5,0,0.3,0.1
37,121,1,3,0.2,0.1,0.1,0.5,0.4,0,0.2,0.9,0.1,0.5,0
37,10,1,4,0.3,0.2,0.1,0.8,0.7,0.1,0.3,0.7,0.5,0.1,0.2
37,119,1,4,0.1,0.3,0.3,0.3,0.7,0.1,0.7,0.8,0.2,0.5,0
37,124,1,5,0.4,0.2,0.1,0.8,0.7,0,0.4,1.4,0.1,0.9,0
37,30,2,4,0.2,0.4,0.2,0.6,1.2,0.2,0.4,0.2,0.4,0.2,0
37,92,1,2,0.1,0.1,0.1,0.2,0.2,0,0.7,0.3,0,0.2,0.1
37,66,1,1,0,0.1,0,0.1,0.2,0,0.1,0.3,0.1,0.1,0
37,80,1,3,0,0.4,0,0,1,0,0.3,0.9,0,0.4,0
37,106,1,1,0,0,0,0.1,0.2,0,0.2,0.3,0,0.2,0
37,67,1,3,0,0.4,0,0.2,0.7,0,0.3,0.8,0.2,0.4,0
37,86,1,7,0.2,0.3,0.5,0.7,0.7,0,2.4,1.2,0,0.7,0.3
37,123,1,4,0.3,0.2,0.1,0.6,0.5,0,0.3,1.2,0.1,0.7,0
37,109,1,2,0,0.1,0.1,0.1,0.3,0,0.5,0.5,0.1,0.3,0
37,72,1,1,0,0,0.1,0.1,0.3,0,0.1,0.3,0,0.1,0
37,76,1,1,0,0.1,0,0,0.3,0,0.1,0.3,0,0.2,0
37,41,2,18,0,0.6,2.1,2.1,2.6,0.5,3.7,3.7,0.6,2.1,0
37,105,1,10,0,0.7,0.2,0,3.1,0,2.9,2.2,0.2,0.5,0.2
37,126,2,13,0,1.1,1.1,2.2,1.7,0,2.8,2.5,0.2,1.4,0
37,113,2,12,0.2,1.3,0.4,1.6,1.9,0.2,1.2,2.2,0.9,1.9,0.2
37,73,1,4.5,0.1,0,0.4,0.3,1.4,0,0.3,1.2,0.1,0.6,0.1
37,1,1,1,0,0.1,0.1,0.1,0.2,0,0.1,0.1,0.2,0.1,0
37,127,2,7,0,0.6,0.6,1.2,0.9,0,1.5,1.4,0.1,0.7,0
37,38,1,2,0,0.3,0,0.2,0.4,0,0.4,0.3,0.2,0.2,0
37,88,2,3,0.1,0.1,0.2,0.3,0.3,0,1.1,0.5,0,0.3,0.1
37,63,1,2,0,0.1,0.1,0.3,0.2,0.1,0.3,0.5,0.1,0.2,0.1
37,18,2,111.5,8.1,11.1,5,19.6,28,5,9.7,9.3,5.2,9.5,1
37,117,2,12,0.3,0.9,0.4,1.4,1.6,0,1.8,3.3,1.4,0.9,0
37,101,1,5,0,0.3,0.1,0,1.6,0,1.5,1.1,0.1,0.2,0.1
37,19,0,89.5,6,8,4,14,14,1,12,17,7.5,6,0
6,63,1,2,0.1,0.2,0.1,0.4,0.2,0,0.3,0.3,0.1,0.3,0
6,56,1,6,0,1,0,0.8,1.1,0,1.3,1.2,0.6,0,0
6,89,3,12,0.2,0.9,1.1,1.6,2.4,0.4,0.9,2.7,0.7,0.9,0.2
6,14,2,6,0.4,0.1,0.3,1.4,0.6,0.2,1.4,1,0.2,0.3,0.1
6,62,2,8,0.4,0.6,0.4,1.6,0.8,0.2,1.4,1,0.4,1,0.2
6,95,1,2,0,0.3,0.3,0.2,0.4,0.1,0.3,0.1,0.1,0.1,0.1
6,39,3,9,0.1,1.3,1,1.3,1.9,0,0.8,1.3,0.4,0.8,0.1
6,12,2,48.5,4.7,3.7,0.1,12.4,11.1,2.1,3.8,2.5,7.3,0.5,0.3
6,13,1,4,0.2,0.6,0,0.8,1,0,0.3,0.5,0.3,0.2,0.1
6,75,1,2,0,0.1,0.1,0.4,0.3,0,0.2,0.5,0,0.3,0.1
6,81,1,1,0,0,0,0.3,0,0.1,0.3,0.2,0,0.1,0
6,90,1,3,0.1,0.2,0.3,0.4,0.6,0.1,0.2,0.7,0.1,0.2,0.1
6,96,1,3.5,0.1,0.3,0,0.2,0.7,0,0.7,0.7,0,0.5,0.3
6,16,3,39,1.5,5.7,0,5.7,8.7,0.7,6.4,5.9,1.5,2.9,0
6,36,1,4,0.1,0.5,0.4,0.5,0.9,0,0.4,0.5,0.2,0.4,0.1
6,33,1,2,0,0,0,0.3,0.3,0.1,0.3,0.7,0.1,0.2,0
6,40,2,9,0.2,1.2,1,1.2,2,0,0.8,1.2,0.4,0.8,0.2
6,1,1,4,0.1,0.3,0.4,0.1,1.2,0,0.4,1,0,0.4,0.1
6,19,2,7,0.3,1,0,1,1.5,0.1,1.1,1.1,0.3,0.6,0
6,82,1,2,0,0,0.1,0.5,0.1,0.1,0.6,0.4,0.1,0.1,0
6,61,1,2,0.1,0.2,0.1,0.4,0.2,0,0.3,0.3,0.1,0.3,0
6,37,1,3,0.1,0.4,0.3,0.4,0.6,0,0.3,0.4,0.1,0.3,0.1
6,9,1,1,0.1,0.1,0.1,0.1,0.2,0,0.2,0.1,0,0.1,0
6,55,1,1,0,0,0,0,0.1,0,0.4,0.3,0,0.2,0
6,99,1,2,0.1,0.2,0,0.1,0.4,0,0.4,0.4,0,0.3,0.1
6,112,3,12,0,1.4,0.4,1.9,3.1,0,3.4,1.4,0.4,0,0
6,106,1,5,0.2,0.6,0.2,0.9,1.2,0.2,0.3,0.8,0.3,0.3,0
6,104,1,4,0,0.1,0.3,0.7,1.2,0.2,0.4,0.5,0.2,0.4,0
6,114,1,2,0,0.2,0.1,0.3,0.5,0,0.6,0.2,0.1,0,0
6,105,1,4,0,0.1,0.3,0.7,1.2,0.2,0.4,0.5,0.2,0.4,0
51,104,3,52,0.5,3.4,2.2,4.5,7.9,0.6,10.2,16.4,1.1,3.4,1.8
51,71,1,2,0,0.1,0.1,0.3,0.4,0.1,0.2,0.3,0.2,0.3,0
51,103,1,2,0,0.1,0.1,0.2,0.3,0,0.4,0.6,0.1,0.1,0.1
51,125,2,11,0.6,0.8,0.8,1.5,2.6,0.6,1.1,1.6,0.3,1.1,0
51,119,3,15,1.6,1.1,0,3.8,1.2,0,2.8,2.2,1.1,1.2,0
51,27,1,4,0,0,0,0.6,0.2,0,2.1,0.9,0,0,0.2
51,63,2,5,0.2,0.1,0.2,0.8,0.7,0,0.8,0.9,0.3,0.8,0.2
51,77,1,2,0.1,0.1,0,0.1,0.2,0,0.5,0.5,0.2,0.3,0
51,50,1,1,0.1,0.1,0.1,0.1,0.2,0,0.1,0.1,0.1,0.1,0
51,62,1,2,0.1,0,0.1,0.3,0.3,0,0.3,0.4,0.1,0.3,0.1
51,10,2,8,0.1,0.8,0.8,0.7,2,0,1.2,1.3,0.3,0.4,0.4
51,123,2,6.5,0.2,0.2,0,1.1,0.8,0.2,1.3,1.9,0.3,0.5,0
51,124,1,5,0.2,0.4,0.4,0.7,1.2,0.3,0.5,0.7,0.1,0.5,0
51,87,3,12,0,0.3,0,0.7,3.6,0.7,1.4,1.4,1.7,2.2,0
51,49,1,3,0.4,0.4,0.2,0.2,0.6,0.1,0.2,0.3,0.2,0.3,0.1
51,66,1,1,0.1,0,0,0.1,0.1,0,0.2,0.4,0,0.1,0
51,35,2,6,0,1.2,0.4,0.6,1.6,0.2,0.6,1,0.2,0.2,0
51,12,1,6,0.1,0.6,0.6,0.5,1.5,0,0.9,1,0.2,0.3,0.3
51,72,1,3,0.1,0.2,0.1,0.5,0.6,0.1,0.2,0.5,0.2,0.5,0
51,79,3,8,0,0.4,0.4,1.1,1.2,0,2.4,0.8,0.1,1.6,0
51,105,3,36,0.1,1,3.7,6.3,10.3,0.1,4.9,6.7,0.4,2,0.5
51,39,1,2,0,0.1,0.1,0.4,0.4,0,0.4,0.4,0.2,0,0
51,64,1,2,0.1,0,0.1,0.3,0.3,0,0.3,0.4,0.1,0.3,0.1
51,91,1,6,0.2,0.4,0.4,1,1,0.3,0.2,1.7,0.1,0.5,0.2
51,102,1,1,0,0.1,0,0.1,0.1,0,0.2,0.4,0,0.1,0
51,97,1,6,0.6,0.2,0.8,0.6,1.4,0,0.8,0.8,0,0.4,0.4
51,117,2,3,0,0.3,0.3,0.2,0.9,0,0.4,0.5,0.1,0,0.3
51,59,1,3,0,0.4,0,0.2,1,0,0.5,0.6,0.1,0.2,0
51,67,2,4,0.2,0.2,0,0.4,0.4,0,0.8,1.6,0.2,0.2,0
51,48,1,5,0.7,0.7,0.3,0.4,1,0.1,0.4,0.5,0.4,0.4,0.1
51,38,1,9,0.2,0.5,0.2,1.8,1.8,0,1.8,1.7,0.8,0.1,0.1
51,107,1,2,0.1,0.1,0,0.4,0.3,0,0.3,0.4,0,0.3,0.1
51,106,1,36,0.2,2.4,1.1,1.9,7.6,0,4.8,11.9,2,3.8,0.3
51,76,1,1,0,0,0,0.1,0.1,0,0.3,0.3,0.1,0.1,0
51,37,1,33,0.1,2.4,3.2,2.4,11.4,1,4.4,2.3,1.6,2.1,2.1
51,78,2,2,0,0,0.2,0.2,0.4,0,0.6,0.2,0,0.4,0
51,88,2,8,0,0.2,0,0.4,2.4,0.4,1,1,1.2,1.4,0
51,73,1,1,0,0,0,0.2,0.2,0,0.1,0.2,0.1,0.2,0
51,99,1,7,0.7,0.2,0.9,0.7,1.6,0,0.9,1,0,0.5,0.5
51,80,1,7,0,0.4,0.4,0.9,1.1,0,2,0.7,0.2,1.3,0
51,122,1,2,0.1,0,0,0.4,0.2,0,0.4,0.6,0.1,0.2,0
2,43,1,1,0.1,0.1,0,0,0.4,0,0,0.4,0,0,0
2,36,1,3,0.2,0.3,0.1,0.1,1,0,0.1,1,0.1,0,0.1
2,42,2,4,0.4,0.4,0,0,1.4,0,0.2,1.4,0,0,0.2
2,10,1,2,0,0.1,0.1,0.2,0.5,0,0.3,0.6,0.1,0.1,0
2,27,1,2,0.1,0.2,0.1,0.4,0.3,0,0.5,0.2,0.1,0.1,0
2,26,3,54,2,2.9,6.3,8.9,12.6,1.5,10,5.6,1.6,2.6,0
2,11,1,58,1.9,9.9,1.8,12.2,9.7,0.4,12.1,6.2,2,1.8,0
2,69,2,5,0.1,0.1,0.1,1.1,0.9,0.1,0.4,1.4,0,0.7,0.1
2,58,1,2,0.1,0.1,0.1,0.3,0.2,0,0.3,0.6,0.1,0.2,0
2,72,1,1,0,0.2,0,0.1,0.2,0,0.1,0.2,0,0.2,0
2,40,1,6,0.5,0.7,0.1,0.1,2.1,0,0.2,2.1,0.1,0,0.1
2,25,2,13,0,1.1,0,1.1,2.7,1.1,0.5,3.3,1.1,1.6,0.5
2,12,2,16,0.9,0.9,1.7,2.2,2.7,0.5,3.1,2.2,0,1.8,0
2,70,1,2,0,0.1,0.1,0.4,0.3,0,0.2,0.5,0,0.3,0.1
2,47,2,8,0.6,0.4,0.2,1.2,1,0,1.8,1.8,0.2,0.8,0
2,48,3,81,4.9,6.1,2,18.1,8.7,3.7,15.3,11.5,4.7,5.6,0.4
2,9,1,11,0.2,0.5,0.7,0.9,2.8,0.2,1.6,2.9,0.3,0.7,0.2
2,97,1,2,0.1,0.2,0,0.1,0.4,0,0.4,0.4,0,0.3,0.1
2,106,4,26,1.2,1.2,1.5,6.2,1.9,0.7,5.1,3.9,0.8,3.1,0.4
2,108,1,3,0,0.4,0.1,0.3,0.6,0,0.5,0.6,0.1,0.4,0
2,105,2,81,2.5,8.3,4.9,10.7,16.4,3.5,13.7,11.7,3.9,4.7,0.7
2,115,1,2,0,0.2,0.1,0.3,0.5,0,0.6,0.2,0.1,0,0
2,103,1,1,0,0.1,0.1,0,0.2,0,0.2,0.3,0,0,0.1
2,118,1,2,0,0.1,0.2,0.3,0.5,0,0.3,0.2,0.1,0.2,0.1
2,88,1,1,0,0.2,0.1,0.1,0.2,0,0.1,0.1,0,0.1,0.1
32,94,2,7,0.1,0,0.2,0.2,1.5,0,0.4,2.4,0.4,1.1,0.7
32,75,1,1,0,0.1,0,0.2,0.3,0,0.1,0.1,0.1,0.1,0
32,116,2,9,0,0.4,0.4,0,0.6,0,3,3.6,0,1,0
32,63,2,3,0.1,0.2,0,0.3,0.5,0,0.4,0.8,0.1,0.4,0.2
32,124,1,3,0,0.2,0.1,0.3,0.4,0,0.5,0.8,0.1,0.6,0
32,123,2,7,0,0.4,0.3,0.3,1.2,0,1.4,1.6,0.4,1.4,0
32,71,1,3,0.1,0.1,0,0.6,0.9,0.1,0.2,0.4,0.2,0.4,0
32,35,4,80,5,10.1,2.8,12.3,18.7,1.5,8,10.8,4.3,4.3,2.2
32,51,1,4,0,0.5,0,0.5,1,0.1,0.3,0.6,0.2,0.4,0.4
32,21,1,3,0.1,0.1,0,0.6,0.7,0.1,0.5,0.6,0.1,0.2,0
32,95,1,1,0,0,0,0,0.2,0,0.1,0.3,0.1,0.2,0.1
32,54,2,5,0.4,0.2,0.2,1.1,1,0.1,0.4,0.6,0.4,0.3,0.3
32,36,1,2,0,0.3,0,0.2,0.4,0,0.4,0.3,0.2,0.2,0
32,107,1,3,0,0.2,0.1,0.5,0.4,0,0.8,0.7,0.1,0.2,0
32,100,1,2,0.1,0.1,0,0.2,0.3,0.1,0.5,0.5,0,0.2,0
32,109,1,1,0,0.1,0,0.2,0.1,0,0.3,0.2,0,0.1,0
32,118,2,2,0,0,0.2,0,0.2,0,0.6,0.8,0,0.2,0
32,64,2,2,0,0.2,0,0.2,0.4,0,0.2,0.6,0,0.2,0.2
32,70,1,1,0,0.1,0,0.1,0.1,0.1,0.2,0.2,0.1,0.1,0
32,115,1,3,0,0.1,0.1,0.2,0.5,0,0.7,0.7,0.1,0.5,0.1
32,111,2,4,0,0.2,0.2,0.2,0.6,0,1,1,0.2,0.6,0
32,13,1,3,0.2,0.1,0.1,0.6,0.5,0.1,0.2,0.5,0.4,0.1,0.2
32,41,1,2,0,0.3,0,0.2,0.4,0,0.4,0.3,0.2,0.2,0
32,76,1,4,0,0.6,0.1,0.6,0.7,0,0.6,0.9,0.1,0.4,0
32,79,4,16,0,0,0.6,1.6,2,0.5,3.5,5.6,0.6,1.6,0
32,78,1,3,0,0,0.1,0.3,0.4,0.1,0.7,1,0.1,0.3,0
32,48,1,4,0,0.5,0,0.5,1,0.1,0.3,0.6,0.2,0.4,0.4
32,53,1,1,0.1,0,0,0.2,0.2,0,0.1,0.1,0.1,0.1,0.1
32,47,1,1,0,0.1,0,0.1,0.2,0,0.1,0.2,0.1,0.1,0.1
32,99,3,41,1.8,3,0,3.7,6.7,1.3,11,9.8,0,3.7,0
32,127,3,20,1.9,1.2,0,5.4,1.2,0,4.8,0.7,1.2,3.6,0
32,74,1,3,0.1,0.1,0,0.6,0.9,0.1,0.2,0.4,0.2,0.4,0
32,93,1,5,0.1,0,0.1,0.1,1.1,0,0.3,1.7,0.3,0.8,0.5
32,22,1,2,0.1,0.1,0,0.4,0.4,0.1,0.3,0.4,0.1,0.1,0
63,116,3,15,0.9,1.1,0.4,2.6,2.4,0.4,2.2,3.5,0.6,0.9,0
63,120,0,147,2,11,11,15,30,3,25,22,7,18,3
63,118,1,3,0.1,0.2,0.1,0.6,0.4,0,0.3,0.6,0.4,0.2,0.1
63,5,0,286.5,7,18,17,30.5,51,1,68,55,5,31,3
63,96,3,8,1.1,0.2,0.3,1.1,1.6,0.3,1.3,1.3,0.2,0.3,0.3
63,7,1,192.5,2,17.5,9.4,10.8,41.9,2,36.9,35,2.8,28.8,5.4
63,9,1,90,3,9.1,1.1,9.1,22.2,2,11.1,16.2,3,7.2,6
63,2,1,43,1.6,4.8,0.9,4.7,7,1.3,10.4,8.7,3.1,0.1,0.4
63,37,1,4,0,0.6,0.2,0.2,1.1,0,0.9,0.6,0.1,0.1,0.2
63,90,1,2,0,0,0,0.1,0.3,0,0.6,0.3,0,0.7,0
63,121,1,9,0.6,0.4,0.4,1.7,1.7,0.2,0.7,1.1,0.8,1.4,0
63,11,1,7,0,0.5,0.4,0.6,1.4,0,1.7,1.5,0.6,0.3,0
63,10,4,71,2.3,4,4.8,6.5,15.1,0,6.5,16.8,3.1,11.1,0.8
63,91,1,1,0,0,0.1,0.1,0.1,0,0.3,0.3,0,0.1,0
63,61,1,5,0.4,0.6,0.4,0.5,1.6,0.2,0.5,0.6,0,0.2,0
63,124,2,6.5,0.4,0.3,0.3,1.3,1.1,0.2,0.5,0.8,0.6,1,0
63,6,0,271,4.5,18.5,11,25,52,2.5,58,53,10.5,31,5
63,119,3,41,0.9,1.4,1,4.7,5.8,0,2.3,12.7,2.8,8.4,1
63,8,1,24,0,1,0.2,2.3,4.9,0,7.9,4.9,0.3,2.3,0.2
63,4,1,271,8.2,18,15.6,45.3,47.7,5.8,66.3,24.7,15.6,22.8,1
63,35,1,3,0,0,0.1,0,0.9,0,0.5,0.9,0,0.5,0.1
63,87,1,4,0,0,0,0.1,0.5,0,1.3,0.7,0,1.4,0
63,55,1,2,0.1,0.1,0.2,0.4,0.3,0,0.2,0.4,0.1,0.2,0
63,111,1,4,0.3,0,0.1,0.3,0.9,0.1,0.6,0.9,0,0.5,0.3
63,3,1,49,1.2,3.8,1.8,7.7,7.4,0.6,6.1,13.7,3.5,2.3,0.9
63,29,1,3,0,0,0.1,0,0.9,0,0.5,0.9,0,0.5,0.1
63,123,2,7,0.5,0.3,0.3,1.4,1.2,0.2,0.5,0.9,0.6,1.1,0
63,97,2,7,0.9,0.2,0.2,0.9,1.4,0.3,1.2,1.2,0.2,0.3,0.2
63,117,1,12,0.7,0.8,0.4,2,1.9,0.4,1.8,2.8,0.5,0.7,0
63,36,2,18,0,2.9,0.8,0.8,5.2,0,4.1,2.6,0.4,0.4,0.8
63,0,4,31,0.3,1,0.8,2.3,4.9,0.6,8.5,8.5,0.8,3.3,0
63,82,1,4,0,0.3,0.2,0.3,1.1,0,0.6,0.6,0.2,0.7,0
63,49,1,3,0.1,0.1,0.3,0.6,0.4,0,0.4,0.6,0.2,0.3,0
63,60,2,8,0.2,0.7,0.8,0.8,1.5,0,2.3,1,0.2,0.5,0
63,94,1,2,0.1,0,0.1,0.2,0.3,0,0.6,0.5,0,0.2,0
63,80,1,1,0,0,0,0.1,0.1,0,0.3,0.3,0,0.2,0
63,83,1,2,0,0.1,0.1,0.2,0.5,0,0.3,0.3,0.1,0.4,0
17,42,2,6,0,0.5,0.3,0.5,1.4,0.3,1.2,1,0.6,0.1,0.1
17,69,4,19,1.6,0.6,0.9,2.9,2.7,0,4.1,4.1,0.2,1.9,0
17,32,2,35,2,1,2,5,8.2,2,5.9,5.3,2,1.6,0
17,33,0,144,9,10,7,17,29,4,8,32,8,18,2
17,39,4,51,1.1,6.6,3.8,5.4,8.4,1.6,11.7,5.4,1.6,4.7,0.7
17,71,1,8,0,1.1,0,1.6,1.8,0.2,1.8,0.9,0.2,0.2,0.2
17,58,1,3,0,0.4,0,0.2,0.7,0.1,0.4,0.8,0.2,0.1,0.1
17,85,2,9,0.6,0.6,0,1.4,1.4,0,1,2.3,0.9,0.4,0.4
17,34,1,235.5,6.3,14.1,15.1,31.9,55.5,4,33.5,39.7,12.7,18.6,4.1
17,70,1,1,0.1,0,0.1,0.2,0.1,0,0.2,0.2,0,0.1,0
17,110,1,4,0.1,0.2,0,1,0.8,0,0.8,0.2,0.4,0.4,0.1
17,18,1,4,0.3,0.7,0.2,0.4,0.9,0,0.2,0.7,0.1,0.3,0.2
17,72,1,4,0,0.6,0,0.8,0.9,0.1,0.9,0.4,0.1,0.1,0.1
17,73,1,2,0,0.3,0,0.4,0.4,0,0.4,0.2,0.1,0.1,0.1
17,54,1,3,0.1,0.2,0.2,0.2,0.4,0,0.8,0.7,0.2,0.2,0
17,40,3,13,0.3,1.6,1,1.3,2.2,0.4,2.9,1.4,0.5,1.2,0.2
17,43,1,2,0,0.2,0.1,0.2,0.5,0.1,0.4,0.3,0.2,0,0
17,41,2,12,0,0.9,0.7,1,2.7,0.5,2.4,2,1.2,0.3,0.3
17,113,1,3,0.1,0.2,0,0.7,0.6,0,0.6,0.2,0.2,0.3,0.1
17,117,2,5,0,0.2,0.2,0.3,1.3,0.2,1.6,0.8,0.2,0.2,0
17,64,2,6,0.4,0.8,0,1.2,0.6,0.2,1,0.2,0.4,1,0.2
17,83,1,2,0.1,0.2,0,0.3,0.3,0,0.2,0.5,0.2,0.1,0.1
17,49,1,1,0,0.1,0.1,0.1,0.1,0,0.3,0.2,0,0.1,0
17,55,1,2,0.1,0.1,0.1,0.1,0.3,0,0.5,0.5,0.1,0.2,0
17,127,3,9,0,0.5,0,0.9,2.9,0,0.9,1.5,0.4,1.9,0
13,35,4,47,1.5,6.7,3.8,7.5,10.4,0,2.2,7.5,6.7,0.7,0
13,29,2,16,0.5,1.5,0.7,2.4,3.7,0.2,2.4,1.2,1.9,1,0.5
13,26,2,17,0.5,1.5,0.8,2.6,3.8,0.2,2.6,1.3,2.1,1,0.6
13,65,2,6,0.4,0.8,0,1.2,0.6,0.2,1,0.2,0.4,1,0.2
13,13,1,4,0.1,0.3,0.4,0.4,1.2,0.1,1,0.1,0.1,0.1,0.2
13,85,1,1,0.1,0.1,0,0.2,0.2,0,0.1,0.2,0.1,0,0
13,50,1,2,0.1,0.1,0.1,0.1,0.3,0,0.5,0.5,0.1,0.2,0
13,21,1,1,0,0.1,0,0.2,0.2,0,0.3,0.1,0.1,0,0
13,58,3,11,0,1.2,0,0.9,2.6,0.3,1.2,2.9,0.8,0.5,0.6
13,30,1,3,0.1,0.3,0.1,0.4,0.7,0,0.5,0.2,0.4,0.2,0.1
13,83,2,6,0.4,0.4,0,1,1,0,0.7,1.5,0.6,0.2,0.2
13,31,1,1,0,0.1,0,0.3,0.2,0.1,0.1,0.1,0.1,0,0
13,54,1,5,0.2,0.3,0.3,0.3,0.7,0,1.3,1.2,0.3,0.4,0
13,92,1,2,0,0.1,0.2,0.2,0.4,0,0.3,0.4,0.1,0.2,0.1
13,34,2,5,0.1,0.7,0.4,0.8,1.1,0,0.3,0.8,0.7,0.1,0
13,32,1,1,0,0.1,0,0.3,0.2,0.1,0.1,0.1,0.1,0,0
13,91,2,14,0,0.8,1.6,1.8,3,0,1.8,2.6,0.4,1.2,0.8
13,37,3,24,0,1.3,0,2.6,5.3,0.7,4.6,5.3,2.1,2.1,0
13,23,1,3,0,0.3,0,0.5,0.7,0,0.8,0.4,0.2,0.1,0
13,24,2,12,0,1.1,0,2,2.8,0,3.1,1.7,0.8,0.5,0
13,70,1,6,0.5,0.2,0.3,0.9,0.8,0,1.3,1.3,0.1,0.6,0
13,38,1,3,0,0.2,0,0.3,0.7,0.1,0.6,0.7,0.2,0.2,0
13,68,1,5,0.4,0.1,0.2,0.8,0.7,0,1.1,1.1,0.1,0.5,0
13,86,1,1,0,0.1,0.1,0.1,0.2,0,0.1,0.2,0,0.1,0.1
13,33,1,5,0.2,0.4,0.2,1.4,0.9,0.3,0.7,0.4,0.3,0.1,0.1
13,22,4,14,0,1.4,0,2.2,3.2,0,3.6,2,1,0.6,0
13,28,2,3,0.1,0.3,0.1,0.5,0.7,0,0.5,0.2,0.3,0.2,0.1
13,25,1,3,0,0.3,0,0.5,0.7,0,0.8,0.4,0.2,0.1,0
13,124,2,5,0,0.2,0.2,0.3,1.3,0.2,1.6,0.8,0.2,0.2,0
68,15,3,37,1.8,0.9,0.7,6.1,9.1,0.7,10.3,3.7,0.7,1.2,1.8
68,11,1,14,0,0.6,0.3,1,1.9,0,3.5,5.1,0.3,1,0.3
68,6,2,244,6,8.5,16.5,37,41,2,34,43.1,7.9,45,3
68,9,1,515.5,14.2,27.8,30.3,96.8,92,4.7,71.3,95.3,19.8,51.3,12
68,116,1,3,0.1,0.1,0.1,0,0.8,0.1,0.4,0.9,0.1,0.3,0.1
68,103,2,12,0,1.2,0.6,0.6,3.7,0,1.4,2.8,0,1.7,0
68,5,0,497.5,13,46.5,24,78,115,9,70,79,28,27,8
68,7,0,1010.5,29,59.5,90.5,213,171,14.5,97,151,35,127,23
68,10,0,272,2,7.5,18,53,56,7,42,53,6.5,23,4
68,4,0,583,33,33.5,56,131,85,14,72,90,21.5,44,3
68,124,1,6,0,0.2,0.4,1,0.8,0.2,1.9,1.1,0,0.4,0
68,2,0,307.5,7,44.5,25,42,63,3,44,34,19,23,3
68,71,1,3,0.2,0.1,0,0.7,0.5,0.1,0.6,0.3,0.1,0.4,0
68,100,1,2,0,0.1,0.1,0.2,0.4,0.1,0.2,0.7,0.1,0.1,0
68,87,2,8,0.2,1,0,0.8,2.2,0,1,1.3,0.6,0.6,0.3
68,81,1,2,0.1,0.1,0,0.3,0.4,0,0.4,0.2,0.2,0.3,0
68,96,1,1,0,0,0.1,0.1,0.2,0,0.1,0.4,0,0.1,0
68,53,1,2,0.3,0,0.1,0.8,0.2,0.1,0,0.2,0.2,0.1,0
68,8,0,533,18,33,37.5,99,117,8.5,73,55,39,27,26
68,14,1,166,15.4,15.2,18.1,33.3,37,6.6,10.3,13.8,10.6,3.3,2.4
68,115,1,12,0.2,1.3,0.5,1.4,2.5,0,2.1,2.3,1.2,0.5,0
68,3,0,344,9,21,22,50,58,8,64,60,24,23,5
68,70,1,5,0.6,0,0.2,0.8,0,0,1.6,1,0.2,0.4,0.2
68,1,1,85,2.1,4.7,2.5,8.8,22.2,0.1,18.2,8.2,4.2,11,3
68,127,1,37,0,4.2,1,9.1,2.2,2,9.2,4.1,3,2.1,0.1
68,0,2,19,1.7,1.7,1,3.4,4.8,0.1,1.8,2.5,0.9,0.5,0.6
68,28,1,1,0,0.1,0.1,0,0.3,0,0.2,0.2,0,0.1,0
68,80,3,53,0.9,4.1,4.6,7.6,9.1,0.9,11.1,8.1,0.9,4.7,1
68,13,1,280.5,18,23.2,19.6,49.3,63.5,10,31,23.4,25.1,16.3,1.1
68,84,1,3,0.1,0.2,0,0.5,0.6,0,0.6,0.4,0.2,0.4,0
68,79,2,4,0.1,0.2,0.3,0.8,0.5,0.1,0.5,0.8,0.1,0.6,0
68,64,1,1,0.1,0.2,0,0.2,0.2,0.1,0,0,0.2,0,0
68,73,1,4,0.3,0.2,0.1,1,0.6,0.1,0.7,0.4,0.1,0.5,0
42,15,2,20,1.8,1.3,0,5.4,3.4,0.3,2.9,2.9,1.3,0.7,0
42,14,0,195,11,29,12,41,41,5,19,20,11,2,4
42,38,3,42,0,3,1.5,4.4,11,0.9,10.9,3.6,1.8,4.9,0
42,87,2,6,0.2,0.2,0.2,1.1,0.3,0,0.4,2.2,0.6,0.8,0
42,92,3,15,0,1.5,1.6,0,3.8,0,1.7,1.1,1,4.3,0
42,58,3,5,0.1,0.4,0,0.9,0.9,0.1,0.7,0.9,0.4,0.5,0.1
42,96,2,3,0,0.1,0.1,0.3,0.8,0,0.9,0.6,0,0.2,0
42,59,1,4,0.1,0.3,0,0.7,0.7,0.1,0.6,0.7,0.3,0.4,0.1
42,98,1,4,0,0.2,0.2,0.4,1.1,0,1.1,0.8,0,0.2,0
42,50,1,4,0.1,0.6,0.2,0.2,1.2,0,0.5,0.6,0.3,0.3,0
42,123,2,13,0,0.3,1.1,0.6,2,0,3.2,2.9,0,2.9,0
42,55,1,1,0,0.1,0,0.1,0.3,0,0.1,0.2,0.1,0.1,0
42,19,2,10,0.7,1,0.7,1.7,3.3,0.1,0.7,0.7,0.5,0.3,0.3
42,39,1,7,0,0.3,0.2,1.1,1.6,0.2,1.8,0.8,0.3,0.7,0
42,93,1,7,0,0.7,0.7,0,1.8,0,0.8,0.5,0.5,2,0
42,75,1,2,0.1,0,0,0.3,0.2,0.1,0.2,0.6,0,0.5,0
42,80,2,50.5,2.4,6.8,0.4,6.1,9.1,1,7.2,12.3,1.1,4.1,0
42,47,1,5,0.1,0.8,0.2,0.3,1.5,0,0.6,0.8,0.4,0.3,0
42,34,1,6,0.1,0.9,0.1,1.1,1.4,0,0.9,0.8,0.4,0.3,0
42,37,2,16,0,1.5,0.7,1,4.5,0.3,4.2,1,0.7,2.1,0
42,36,1,2,0,0.2,0.1,0.1,0.6,0,0.5,0.1,0.1,0.3,0
42,76,1,1,0,0.2,0.1,0.1,0.3,0,0.1,0.2,0,0,0
42,13,1,56.5,2.6,2.4,1,9.9,10.9,0.4,11.1,11.2,4.9,2.1,0
42,86,1,1,0,0,0,0.2,0.1,0,0.1,0.4,0.1,0.1,0
42,25,1,2,0.1,0.3,0.1,0.5,0.4,0.1,0.1,0,0.4,0,0
42,24,1,3,0.2,0.5,0.1,0.8,0.6,0.1,0.1,0.1,0.5,0,0
42,88,1,4,0.2,0.2,0.2,0.7,0.2,0,0.2,1.4,0.4,0.5,0
42,95,1,5,0.3,0.4,0.5,0.7,1.5,0.1,0.3,0.6,0.2,0.4,0
42,22,1,3,0.2,0.5,0.1,0.8,0.6,0.1,0.1,0.1,0.5,0,0
42,84,1,2,0.1,0,0.1,0.2,0.4,0,0.5,0.2,0,0.5,0
42,60,1,3,0.1,0.2,0,0.5,0.5,0.1,0.5,0.5,0.2,0.3,0.1
42,122,1,1,0,0,0.1,0,0.2,0,0.3,0.2,0,0.2,0
12,56,2,20,0.3,0.6,3.1,2.4,2.4,0,2.2,4.2,0.3,4.5,0
12,89,1,28,0.5,2,1.5,2.5,5.5,0,5.5,2.5,3,5,0
12,94,1,2,0,0.1,0.1,0.3,0.3,0,0.6,0.4,0.1,0.1,0
12,30,2,3,0.1,0.4,0.2,0.3,0.9,0,0.2,0.6,0.1,0.2,0
12,59,1,1,0,0.1,0,0.2,0.2,0,0.1,0.3,0,0.1,0
12,71,2,4,0.4,0.8,0.2,0.4,0.6,0,0.8,0.6,0.2,0,0
12,36,2,6,0.7,0.6,0.5,1.2,1.1,0.1,0.7,0.5,0.6,0,0
12,29,3,40,1.8,5.4,1.9,4.5,11.9,0.9,2.7,8.1,0.9,1.9,0
12,35,1,7,0.2,0.6,0.3,1.1,1.6,0.1,1.1,0.5,0.9,0.4,0.2
12,50,1,2,0.1,0.1,0.1,0.1,0.3,0,0.5,0.5,0.1,0.2,0
12,54,2,2,0,0.2,0,0.2,0.6,0,0.4,0.4,0,0.2,0
12,39,2,10,0.4,0.6,0.4,2.6,2.2,0.8,0.2,1.4,0.8,0.6,0
12,57,1,9,0.1,0.3,1.4,1.1,1.1,0,1,1.9,0.1,2,0
12,55,3,23,0.8,2.3,1.2,1.5,6,0.4,4.2,4.3,0.4,1.9,0
12,61,2,4,0,0.5,0,0,0.9,0,0.8,1.2,0.2,0.4,0
12,37,1,3,0.4,0.3,0.2,0.6,0.5,0.1,0.4,0.2,0.3,0,0
12,62,1,3,0,0.4,0,0,0.7,0,0.6,0.9,0.1,0.3,0
12,40,1,3,0.1,0.2,0.1,0.8,0.7,0.2,0.1,0.4,0.2,0.2,0
12,25,1,1,0.1,0.2,0.1,0.1,0.2,0,0,0.2,0,0.1,0
12,74,1,3,0.3,0.6,0.1,0.4,0.5,0,0.6,0.4,0.1,0,0
12,88,4,17,0.1,0.7,1.2,1.2,2.3,0,6.4,1.8,1.1,2.2,0
12,49,1,2,0.1,0.1,0.1,0.1,0.3,0,0.5,0.5,0.1,0.2,0
12,53,2,8,0.3,0.8,0.4,0.5,2.1,0.1,1.5,1.5,0.1,0.7,0
12,83,1,5,0.1,0.5,0.1,0.9,1,0.4,0.7,0.5,0.3,0.5,0
12,84,2,2,0,0.2,0,0.4,0.4,0.2,0.2,0.2,0.2,0.2,0
12,22,1,16,1.2,2.7,0.9,1.8,3.5,0,0.6,2.9,0.6,1.2,0.6
12,103,1,2,0,0.2,0.2,0.1,0.5,0.1,0.2,0.3,0.1,0.3,0
12,125,1,2,0,0.1,0.1,0.1,0.5,0.1,0.6,0.3,0.1,0.1,0
80,20,2,7,0.2,0,0.9,1,1.6,0.2,1.7,1,0.2,0.2,0
80,39,1,1,0,0.1,0.1,0.2,0.1,0,0.2,0.1,0.1,0.1,0
80,90,1,1,0,0.1,0,0,0.4,0,0.1,0.3,0,0.1,0
80,63,1,3,0.1,0.1,0.2,0.3,0.7,0.1,0.5,0.8,0.1,0.1,0
80,97,2,8,0.6,0.6,0.6,1.4,2.2,0.6,1,0.2,0.4,0.2,0.2
80,120,2,4,0.2,0.4,0.3,0.2,1.1,0,0.8,0.7,0,0.2,0.1
80,102,2,7,0.6,0.5,0.5,1.3,2.1,0.5,0.9,0.1,0.3,0.1,0.1
80,121,1,8,0.3,0.6,0.3,0.6,1.6,0.3,2.5,1.2,0,0.3,0.3
80,117,2,6,0.2,0.7,0.3,0.3,1.5,0,1.2,1.1,0,0.7,0
80,88,1,1,0,0.1,0,0,0.4,0,0.1,0.3,0,0.1,0
80,124,1,3,0,0.3,0.1,0.4,0.8,0.1,0.5,0.3,0,0.2,0.3
80,108,1,4,0.2,0.3,0.1,0.4,0.6,0,1,1.2,0.2,0,0
80,80,2,5,0.3,0.7,0.2,1.2,0.6,0.1,0.5,0.6,0.4,0.4,0
80,122,3,21.5,0.5,1.7,0.8,2.3,4.9,0.9,5.2,2.7,0,1.1,1.4
80,116,2,5,0.2,0.5,0.3,0.3,1.3,0,1,0.9,0,0.5,0
80,0,1,3,0,0.3,0.1,0.2,0.7,0.1,0.7,0.7,0.2,0,0
5,63,1,4,0.2,0.3,0.2,0.8,0.4,0.1,0.7,0.5,0.2,0.5,0.1
5,92,1,6,0,0.9,0.8,0.6,1.3,0.2,0.8,0.4,0.2,0.4,0.4
5,46,1,50,1.4,2.9,1.7,9.5,13.9,0.5,6.6,8.9,2.9,1.7,0
5,89,1,6,0.1,0.4,0.6,0.8,1.2,0.3,0.4,1.4,0.3,0.4,0.1
5,33,2,3,0,0,0,0.4,0.5,0.1,0.5,1,0.2,0.3,0
5,11,1,4,0,0.2,0.2,0.4,0.9,0.1,0.7,0.9,0.3,0.2,0.1
5,52,1,4,0,0,0,0.2,0.2,0,1.6,1.2,0,0.8,0
5,12,2,81,1.7,11.7,2.1,9.4,23.1,2.1,4.8,10.5,6.8,8.5,0.3
5,85,1,7,0,0,0.2,1.9,0.2,0.5,2.2,1.5,0.2,0.3,0
5,67,1,2,0,0.1,0.1,0.4,0.3,0,0.2,0.5,0,0.3,0.1
5,61,2,5,0.3,0.4,0.3,1,0.5,0.1,0.9,0.6,0.2,0.6,0.1
5,21,1,5,0.1,0.4,0.3,0.4,1.4,0.1,0.8,0.8,0.2,0.4,0.1
5,13,2,8.5,0.3,0.3,0.4,1.4,1.4,0.2,1.7,1.7,0.5,0.4,0.2
5,47,4,38,1.3,1.6,1.4,6.5,4.1,0.2,4.2,10.9,2.6,5.2,0
5,55,2,3,0,0,0,0.1,0.2,0,1.2,0.9,0,0.6,0
5,48,2,17,0.9,1.2,1,2.8,3.4,0.3,1.6,3.9,0.7,1.2,0
5,40,4,20,1,2.4,1.1,3.2,4,0.8,1.9,2.9,1.4,1.2,0.1
5,93,1,4,0,0.6,0.5,0.4,0.9,0.1,0.5,0.3,0.1,0.3,0.3
5,95,1,6,0,0.9,0.8,0.6,1.3,0.2,0.8,0.4,0.2,0.4,0.4
5,9,1,1,0.1,0.1,0.1,0.1,0.2,0,0.2,0.1,0,0.1,0
5,108,1,2,0.1,0.2,0.1,0.4,0.5,0.1,0.1,0.3,0.1,0.1,0
5,116,1,7,0,0.4,0.6,1.1,1.6,0.2,1,0.8,0.3,0.8,0.2
5,109,2,7,0.2,0.8,0.2,1.3,1.7,0.2,0.5,1.1,0.5,0.5,0
5,106,1,1,0,0.1,0,0.2,0.2,0,0.1,0.2,0.1,0.1,0
5,105,2,5,0,0.8,0.1,0.3,1.4,0,0.9,1,0.3,0.2,0
5,123,1,2,0,0.1,0.2,0.3,0.5,0,0.3,0.2,0.1,0.2,0.1
5,101,2,16,0,0.4,1.3,2.9,4.5,0.8,1.6,2.1,0.8,1.6,0
5,102,1,1,0,0,0.1,0.2,0.3,0,0.1,0.1,0.1,0.1,0
5,110,1,1,0,0.1,0,0.2,0.2,0,0.1,0.2,0.1,0.1,0
77,20,1,3,0.1,0.3,0,0.3,1,0,0.3,0.5,0.2,0.3,0
77,27,1,18,0,1.9,1.4,0.5,4.9,0,2.9,4.4,1,1,0
77,7,1,161,5,16.9,9,23.6,41.7,2.9,27.7,18.4,7.7,4.4,3.7
77,6,1,4,0,0.1,0,0.4,1.3,0.1,0.3,0.6,0.3,0.6,0.3
77,116,1,6,0.1,0.2,0.2,0.7,1.1,0.1,1.2,1.1,0.6,0.7,0
77,8,2,173,4.9,10,4,20.6,22.8,5.9,64.9,29.1,5.9,3.9,1
77,46,2,9,1.2,0.1,0.2,3.6,0.9,0.5,0.1,0.8,1,0.6,0
77,112,2,4,0.1,0.3,0.3,0.4,0.4,0,0.5,1.5,0.1,0.4,0
77,15,2,20,0.7,1.3,0.8,2.7,2.9,0.3,2.2,7.5,0.5,1.1,0
77,14,3,8,0.3,0.5,0.3,1.1,1.3,0,0.8,2.9,0.3,0.5,0
77,13,2,4,0.2,0.2,0.2,0.6,0.6,0,0.4,1.4,0.2,0.2,0
77,47,3,102.5,16.9,1.8,2.6,43.7,8.3,4.1,2.9,9.4,8.9,3.9,0
77,106,1,2,0.1,0.1,0.1,0.1,0.5,0,0.4,0.5,0,0.2,0
77,77,1,5,0.1,0.3,0,0.5,0.9,0,0.4,1.6,0.1,1.1,0
77,110,3,11,0.4,0.4,0.7,0.7,2.7,0,2.3,2.7,0,1.1,0
77,53,1,1,0.1,0,0,0.4,0.1,0.1,0,0.1,0.1,0.1,0
77,108,1,1,0,0,0.1,0.1,0.2,0,0.2,0.3,0,0.1,0
77,80,1,3,0.1,0.2,0,0.3,0.5,0,0.2,1,0.1,0.6,0
77,94,1,1,0.1,0,0,0.1,0.1,0,0.2,0.3,0,0.1,0.1
77,25,1,1,0.1,0.1,0.1,0.2,0.3,0,0.1,0.1,0,0,0
77,115,1,7,0.3,0.3,0.3,0.7,0.7,0,1,2.7,0.3,0.7,0
77,89,1,4,0.1,0.5,0,0.4,1.1,0,0.4,0.7,0.3,0.3,0.2
79,11,2,7,0.5,0.6,1,1.2,1.8,0,0.5,0.5,0.5,0.2,0.2
79,77,2,6,0.3,0.9,0.3,1.4,0.7,0.1,0.6,0.7,0.5,0.5,0
79,90,2,3,0,0.2,0.1,0.1,1.1,0,0.2,0.9,0.1,0.3,0
79,29,2,26,2.4,2.4,1.8,6.1,5.4,0.6,4.2,1.2,1.2,0.7,0
79,109,1,5,0.3,0.4,0.1,0.5,0.8,0,1.2,1.4,0.3,0,0
79,9,2,12,0,1.2,0.4,1.2,2.8,0,1.6,1.6,1.5,1.2,0.5
79,115,1,8,0.5,1.1,0.2,1.5,1.8,0.5,0.3,0.8,0.5,0.3,0.5
79,46,2,98,2.4,11.4,7.6,16.4,17.2,1.2,11,20.2,5.2,5.4,0
79,42,1,6,0,0.8,0.2,1.1,1.5,0,0.9,0.9,0.4,0.2,0
79,8,1,2,0,0.2,0.1,0.2,0.5,0,0.2,0.3,0.2,0.2,0.1
79,72,1,4,0.2,0.2,0.2,0.5,0.6,0.1,0.3,0.8,0.5,0.5,0.1
79,15,2,32,1.9,2.9,1.3,5.1,6,0.7,5.7,5.4,0.8,1.9,0.3
79,37,1,6,0,0.5,0.5,1.2,1,0.3,1,0.4,0.4,0.7,0
79,97,1,2,0.2,0.1,0.1,0.4,0.6,0.1,0.3,0,0.1,0,0.1
79,118,1,2,0.1,0.2,0.1,0.1,0.5,0,0.4,0.4,0,0.2,0
79,14,2,6,0.4,0.6,0.2,1,1.2,0,1,1,0.2,0.4,0
79,17,1,1,0,0,0.1,0.2,0.2,0,0.3,0.2,0,0,0
79,84,1,5,0.2,0.6,0,1.3,0.5,0,0.3,1.4,0.6,0.1,0
79,1,1,2,0.1,0.4,0,0.3,0.5,0.1,0.2,0.1,0.2,0,0.1
79,47,2,68,2.9,8.2,2.5,12.9,16,2.6,8.6,5.1,3.8,4.2,1.2
79,16,1,3,0.1,0,0.4,0.4,0.7,0.1,0.7,0.4,0.1,0.1,0
79,25,1,6,0,0.5,0.2,0.6,1.5,0.1,1.8,0.6,0.2,0.4,0.1
79,18,1,7,0.2,0,0.8,1,1.7,0.2,1.7,1,0.2,0.2,0
79,111,1,5,0.3,0.7,0.1,0.9,1.2,0.3,0.2,0.5,0.3,0.2,0.3
79,113,3,20,1.2,2.9,0.4,3.6,4.6,1.2,0.8,2,1.2,0.8,1.3
79,126,1,3,0,0.4,0.1,0.4,0.4,0,0.8,0.5,0.1,0.3,0
79,114,1,8,0.5,1.1,0.2,1.5,1.8,0.5,0.3,0.8,0.5,0.3,0.5
79,120,1,5,0.3,0.5,0.5,0.2,1.4,0,0.9,0.8,0.2,0,0.2
79,82,1,3,0.1,0.4,0,0.7,0.3,0,0.2,0.8,0.4,0.1,0
79,81,1,5,0.2,0.6,0,1.3,0.5,0,0.3,1.4,0.6,0.1,0
79,127,1,3,0,0.4,0.1,0.4,0.4,0,0.8,0.5,0.1,0.3,0
79,122,2,7,0,0.6,0.2,1.1,1.9,0.3,1.1,0.7,0,0.4,0.7
89,20,3,23,0,1.3,1.7,2.5,6.7,0.3,5.9,3.8,0,0.3,0.5
89,71,1,3,0.2,0.1,0.2,0.8,0.5,0.1,0.3,0.3,0.2,0.2,0.1
89,6,1,10,0.4,1.2,0.5,1.8,2.8,0.2,1.5,0.5,0.8,0,0.3
89,34,1,3,0.2,0.2,0.1,0.6,0.5,0,0.6,0.3,0.3,0.2,0
89,119,1,2,0.1,0.1,0.1,0.1,0.5,0,0.5,0.3,0.1,0.1,0.1
89,7,2,31,1.2,3.8,1.4,5.7,8.8,0.7,4.5,1.5,2.4,0,1
89,85,2,8.5,0,0.8,0.8,0.5,2.3,0,1.2,2.1,0.5,0.3,0
89,109,1,4,0,0.7,0.1,0.5,1.1,0,0.5,0.6,0.1,0.3,0.1
89,64,1,10,0.7,1.4,0.3,1.4,1.7,0.5,0.5,1.2,1.5,0.8,0
89,55,1,2,0,0.3,0.1,0.2,0.4,0,0.2,0.6,0.1,0.1,0
89,35,1,1,0,0.1,0,0.2,0.2,0,0.2,0.1,0.1,0.1,0
89,108,2,18,0,3.1,0.3,2.3,5.1,0,2,2.8,0.6,1.5,0.3
89,83,1,5,0,0.5,0.5,0.3,1.4,0,0.7,1.2,0.2,0.2,0
89,66,1,4,0,0.6,0.3,0.3,1.1,0,0.3,0.7,0.4,0.2,0.1
89,78,3,28,1.4,2.9,0.9,6.8,5.3,0.9,3.8,4.8,0.7,0,0.5
89,114,3,15,0.3,1.2,0.4,1.1,4.5,0,2.6,2.8,0.7,1.1,0.3
89,0,1,4,0,0.5,0.2,0.6,0.8,0.1,0.9,0.2,0.2,0.3,0.2
89,120,1,10,0.3,0.3,0.5,0.7,2.4,0,2.4,1.7,0.5,0.7,0.5
89,19,2,4,0,0.3,0.3,0.4,1.2,0,1,0.7,0,0,0.1
89,86,1,3,0.1,0.1,0.2,0.6,0.7,0.2,0.3,0.3,0.1,0.4,0
89,67,1,6,0,1,0.4,0.4,1.6,0,0.4,1.1,0.7,0.3,0.1
89,65,1,4,0.3,0.5,0.1,0.6,0.7,0.2,0.2,0.5,0.6,0.3,0
89,63,1,2,0.1,0.3,0.1,0.3,0.3,0.1,0.1,0.2,0.3,0.2,0
89,94,1,2,0.1,0.1,0.1,0.4,0.5,0.1,0.2,0.2,0,0.3,0
89,122,1,7,0,0.3,0.5,0.3,1.5,0,1.5,2.2,0.4,0.3,0
89,126,1,4,0.1,0.2,0.2,0.3,1.1,0,1.1,0.5,0,0.5,0
89,84,2,11,0,1,1.1,0.6,3,0,1.6,2.7,0.6,0.4,0
89,76,1,3,0.2,0.3,0.1,0.7,0.6,0.1,0.4,0.5,0.1,0,0
89,79,2,8,0.4,0.8,0.2,2,1.6,0.2,1,1.4,0.2,0,0.2
89,95,1,5,0.2,0.2,0.3,1.1,1.2,0.3,0.4,0.5,0.1,0.7,0
89,74,1,3,0.2,0.1,0.2,0.8,0.5,0.1,0.3,0.3,0.2,0.2,0.1
22,94,1,2,0,0.1,0.1,0.4,0.5,0,0.3,0.5,0,0.1,0
22,100,1,3,0.1,0,0,0.3,0.1,0.1,1.1,0.7,0.1,0.5,0
22,116,1,1,0,0.1,0,0.1,0.1,0,0.2,0.3,0,0.2,0
22,4,1,2,0,0.1,0.2,0.2,0.6,0,0.4,0.3,0.2,0,0
22,69,2,5,0.3,0.3,0,0.2,1,0,1.2,1.3,0.3,0.4,0
22,43,3,11,0.5,0.6,0.9,0.9,2.9,0.2,2.2,0.9,0.6,0.6,0.7
22,96,1,1,0,0,0,0.1,0,0,0.4,0.3,0,0.2,0
22,62,1,5,0.3,0.2,0.5,0.7,0.7,0,0.6,1.1,0.3,0.6,0
22,59,1,1,0,0.1,0.1,0.1,0.1,0,0.2,0.2,0,0.1,0.1
22,29,1,2,0,0.3,0.1,0.3,0.5,0,0.1,0.4,0.2,0,0.1
22,27,1,2,0,0.3,0.1,0.3,0.5,0,0.1,0.4,0.2,0,0.1
22,91,1,1,0,0,0.1,0.2,0.3,0,0.1,0.2,0,0.1,0
22,35,1,65,0,1,2.1,3.1,13.1,0,14.3,20.3,1,9.1,1
22,80,2,8,0.2,0.8,0.2,1.4,1.6,0.6,1.2,0.8,0.4,0.8,0
22,52,1,3,0.1,0.1,0.2,0.4,0.9,0,0.7,0.3,0.1,0.2,0
22,36,0,67,3,5,4,13,19,3,6,9,4,1,0
22,98,1,2,0,0,0,0.2,0.1,0.1,0.7,0.5,0.1,0.3,0
22,21,2,33,1.5,2.7,1.7,7.4,4.8,0.5,6.4,4.8,1.5,1.7,0
22,46,1,1,0.1,0,0.1,0.1,0.3,0,0.2,0.1,0,0.1,0
22,13,1,3,0.3,0.3,0.1,0.3,0.6,0.1,0.6,0.4,0.1,0.1,0.1
22,11,1,4,0.4,0.4,0.2,0.5,0.7,0.1,0.7,0.5,0.2,0.2,0.1
22,12,1,2,0.2,0.2,0.1,0.2,0.4,0,0.4,0.2,0.1,0.1,0.1
22,9,1,3,0.1,0.1,0.2,0.4,0.9,0,0.5,0.4,0.2,0.2,0
22,47,2,9,0.3,0.1,0.6,1.2,2.8,0.1,2.1,0.9,0.1,0.8,0
22,54,2,7,0.3,0.1,0.4,0.9,2.2,0.1,1.6,0.7,0.1,0.6,0
22,72,1,2,0.1,0.1,0.1,0.4,0.2,0,0.6,0.2,0.1,0.2,0
22,120,1,1,0,0.1,0,0.1,0.1,0,0.2,0.3,0,0.2,0
22,1,1,6,0,0.4,0.6,0.4,1.9,0,1.3,0.8,0.6,0,0
22,70,1,2,0.1,0.1,0,0.1,0.4,0,0.5,0.5,0.1,0.2,0
22,64,2,11,0.8,0.5,1,1.4,1.5,0,1.3,2.4,0.8,1.3,0
22,60,1,1,0,0.1,0.1,0.1,0.1,0,0.2,0.2,0,0.1,0.1
22,97,2,9,0.3,0,0,0.9,0.3,0.3,3.3,2.1,0.3,1.5,0
22,53,3,11,0.5,0.2,0.8,1.4,3.4,0.1,2.5,1.1,0.1,0.9,0
22,16,1,1,0,0.1,0.1,0.2,0.1,0,0.2,0.1,0.1,0.1,0
22,63,1,5,0.3,0.2,0.5,0.7,0.7,0,0.6,1.1,0.3,0.6,0
22,114,2,12,0,0.4,0,1.2,1.5,0,2.9,3.6,0,2,0.4
22,106,1,4,0.2,0.5,0.2,0.6,1,0,0.2,0.8,0.1,0.3,0.1
22,95,1,4,0,0.1,0.2,0.8,0.9,0.1,0.5,0.9,0.1,0.3,0.1
22,113,1,2,0,0.1,0,0.2,0.2,0,0.5,0.6,0,0.3,0.1
22,55,1,4,0.1,0.1,0.3,0.5,1.2,0.1,0.9,0.4,0.1,0.3,0
22,44,1,2,0.1,0.1,0.2,0.2,0.5,0,0.4,0.2,0.1,0.1,0.1
22,125,2,3,0.1,0.2,0,0.3,0.4,0,0.6,0.8,0.1,0.5,0
22,127,1,3,0.1,0.1,0.1,0.8,0.2,0.1,0.5,0.7,0.2,0.2,0
22,124,1,2,0.1,0.1,0,0.2,0.3,0,0.4,0.5,0.1,0.3,0
66,20,1,128.5,2.5,10.8,4.3,16.6,31.5,3.3,19.7,19.9,3.8,8.8,7.3
66,7,0,696.5,11,48.5,55,110,141,9,76,138,18,75,15
66,11,1,261,15.1,20.3,10.4,48.4,43.3,6.1,49.8,39,13.2,13.4,2
66,12,0,455,38,56,39,89,87,22,46,36,28,8,6
66,5,0,289.5,2,19,21,54,63,6,30,43,16.5,25,10
66,6,0,720.5,13,54.5,57,114,138,3,111,116,23,77,14
66,15,1,2,0,0.1,0.1,0.3,0.4,0.1,0.2,0.4,0.2,0.1,0.1
66,10,0,323.5,10,27.5,11,43,68,4,49,53,16,36,6
66,9,0,580,10,36.5,29,90.5,109,8,101,106,18,62,10
66,21,2,120,2.9,19,10.8,15.6,36.1,6.8,9.8,7.8,6.3,0,4.9
66,56,1,2,0,0.2,0.2,0.2,0.4,0,0.6,0.2,0.1,0.1,0
66,4,1,291,11,25.5,9,36,46,5.2,62.5,51,14.3,24.5,6
66,54,1,1,0,0.1,0.1,0.2,0.1,0,0.1,0.2,0.1,0.1,0
66,2,0,463,19.5,37,30,87,101,8,54,62,29.5,33,2
66,8,0,393.5,18,22,25,72,83,6,52,57,17.5,37,4
66,19,2,120,6.1,11.8,3.6,11.3,28.4,1.6,13.7,24.2,8.6,8.1,2.6
66,84,1,8,0,0.6,0.4,0.6,2.2,0,1.2,1.2,0.4,1.4,0
66,55,1,1,0,0.1,0.1,0.2,0.1,0,0.1,0.2,0.1,0.1,0
66,125,1,8,0.5,0.4,0.3,1.6,1.5,0.2,0.6,1,0.7,1.2,0
66,0,2,9,0,0.5,0.5,1.7,1.9,0,2.2,1,0.2,0.8,0.2
66,80,2,2,0,0,0,0.2,0.2,0,0.6,0.6,0,0.4,0
66,79,1,6,0,0,0,0.7,0.5,0.2,1.7,1.7,0,1.2,0
66,127,1,2.5,0.1,0.2,0,0.3,0.4,0,0.4,0.4,0.3,0.4,0
66,122,1,2,0.1,0.1,0.1,0.4,0.4,0,0.2,0.2,0.2,0.3,0
66,38,1,2,0,0.3,0.1,0.1,0.6,0,0.5,0.3,0,0,0.1
66,25,1,4,0.1,0.6,0.2,0.5,0.9,0,0.6,0.3,0.4,0.3,0.1
66,114,1,2,0.1,0,0.1,0.1,0.4,0.1,0.3,0.5,0,0.3,0.1
66,67,2,3,0,0.1,0.1,0.3,0.4,0,1.4,0.2,0,0.3,0.2
66,88,1,2,0,0,0,0.1,0.3,0,0.6,0.3,0,0.7,0
66,68,2,5,0,0.2,0.2,0.5,0.7,0,2.3,0.3,0,0.5,0.3
66,3,1,457,32.5,43.9,35,122,95.8,13,29.8,31.6,24.5,14.9,14
66,1,0,311,17,50,18,53,59,8,31,28,29,13,5
66,60,1,3,0.1,0.3,0.3,0.3,0.5,0,0.8,0.4,0.1,0.2,0
66,95,1,1,0,0,0.1,0.1,0.1,0,0.3,0.3,0,0.1,0
66,22,1,3,0.1,0.5,0.3,0.4,0.9,0.2,0.2,0.2,0.1,0,0.1
66,83,1,1,0,0.1,0,0.1,0.3,0,0.1,0.2,0,0.2,0
16,35,2,60.5,2.5,0.7,2.2,9.6,10.8,0,9.8,10.2,1.3,12.1,1.3
16,56,3,16,0,1.9,0,1.2,3.8,0.4,1.9,4.1,1.1,0.8,0.8
16,42,2,40,0,1.8,0.6,5.9,7.3,1.9,6,10.6,5.5,0.2,0.2
16,69,3,12,1,0.3,0.5,1.9,1.7,0,2.6,2.6,0.2,1.2,0
16,114,1,1,0,0.1,0,0.2,0.2,0,0.2,0.1,0.1,0.1,0
16,33,3,75,3.1,0,3,10.3,6.3,1,15.2,22.7,1.1,10.3,2
16,96,1,2,0,0.1,0,0.1,0.2,0.1,0.3,0.6,0.2,0.3,0.1
16,53,3,8,0.3,0.5,0.5,0.5,1.1,0,2.1,1.9,0.4,0.7,0
16,71,1,2,0,0.3,0,0.4,0.4,0,0.4,0.2,0.1,0.1,0.1
16,39,1,2,0,0.3,0.1,0.2,0.3,0.1,0.5,0.2,0.1,0.2,0
16,34,1,163,3.5,12.3,15.3,15.8,39.9,0,18.9,27.5,3.4,19.1,7.3
16,87,2,6,0,0.4,0.7,0.7,1.3,0,0.7,1.1,0.1,0.6,0.4
16,54,1,2,0.1,0.1,0.1,0.1,0.3,0,0.5,0.5,0.1,0.2,0
16,70,1,2,0.2,0.1,0.1,0.3,0.3,0,0.4,0.4,0,0.2,0
16,32,1,1,0,0,0,0,0.1,0,0.3,0.4,0,0.2,0
16,68,1,2,0.2,0.1,0.1,0.3,0.3,0,0.4,0.4,0,0.2,0
16,57,1,3,0,0.4,0,0.2,0.7,0.1,0.4,0.8,0.2,0.1,0.1
16,107,2,3,0,0.2,0,0.7,0.6,0,0.6,0.2,0.3,0.3,0.1
16,84,2,11,0.8,0.8,0,1.8,1.8,0,1.2,2.7,1,0.4,0.5
16,64,1,2,0.1,0.3,0,0.4,0.2,0.1,0.3,0.1,0.1,0.3,0.1
16,41,2,12,0,1,0.7,1,2.8,0.5,2.4,1.9,1.2,0.2,0.3
16,85,1,9,0.6,0.6,0,1.4,1.5,0,1,2.3,0.8,0.4,0.4
16,60,3,22,0.5,1.2,0.7,3.6,2.4,0.7,6,3.1,0.7,3.1,0
16,61,1,4,0.3,0.5,0,0.8,0.4,0.1,0.7,0.1,0.3,0.7,0.1
16,125,1,1,0,0,0,0.1,0.3,0,0.3,0.2,0,0.1,0
16,127,1,6,0,0.3,0,0.6,1.9,0,0.6,1,0.3,1.3,0
16,124,2,11,0,0.3,0.5,0.7,2.8,0.5,3.5,1.7,0.5,0.5,0
50,94,1,1,0,0.1,0.1,0.2,0.2,0,0,0.3,0,0.1,0
50,5,1,5,0.2,0.1,0.4,0.5,1.1,0.2,1,1.1,0.3,0,0.1
50,125,1,9,0.4,0.7,0.7,1.3,2.2,0.4,0.9,1.3,0.2,0.9,0
50,71,1,3,0.1,0.2,0.1,0.5,0.6,0.1,0.2,0.5,0.2,0.5,0
50,31,1,4,0,0.7,0.3,0.4,1.1,0.2,0.3,0.7,0.1,0.2,0
50,104,3,35,0.2,1.8,1.6,2.7,7.3,0.7,6.6,10,2.6,1,0.5
50,103,1,5,0,0.3,0.2,0.4,0.8,0.1,1,1.6,0.1,0.3,0.2
50,11,1,1,0,0.1,0.1,0.1,0.3,0,0.1,0.2,0,0,0.1
50,124,1,3,0.2,0.2,0.2,0.4,0.7,0.2,0.3,0.4,0.1,0.3,0
50,123,4,73,3.5,3.8,2.3,11.5,12.2,1.3,11.4,17.4,4.3,4.7,0.6
50,77,1,2,0,0.1,0.1,0.3,0.3,0,0.6,0.2,0,0.4,0
50,121,1,1,0,0.1,0.1,0,0.2,0,0.2,0.3,0,0,0.1
50,33,3,29,0,5.4,2.5,3,7.8,1.2,2.5,4.8,0.6,1.2,0
50,106,3,13,0.1,0.2,0.1,1.8,3.3,0,3.4,3,0,0.9,0.2
50,87,1,4,0,0.1,0,0.2,1.2,0.2,0.5,0.5,0.6,0.7,0
50,72,1,3,0.1,0.2,0.1,0.5,0.6,0.1,0.2,0.5,0.2,0.5,0
50,70,1,2,0.1,0.1,0,0.2,0.2,0,0.4,0.8,0.1,0.1,0
50,53,1,4,0.5,0.6,0.2,0.3,0.9,0.1,0.3,0.4,0.3,0.3,0.1
50,95,1,5,0.2,0.3,0.3,0.8,0.8,0.3,0.2,1.4,0.1,0.4,0.2
50,13,1,2,0,0.2,0.2,0.2,0.5,0,0.3,0.3,0.1,0.1,0.1
50,78,1,2,0,0.1,0.1,0.3,0.3,0,0.6,0.2,0,0.4,0
50,69,1,2,0.1,0.1,0,0.2,0.2,0,0.4,0.8,0.1,0.1,0
50,7,1,4,0.1,0.4,0.4,0.3,1,0,0.6,0.7,0.1,0.2,0.2
50,3,1,2,0.1,0,0.1,0.2,0.5,0.1,0.4,0.5,0.1,0,0
50,64,1,3,0.1,0.1,0.1,0.5,0.4,0,0.5,0.5,0.2,0.5,0.1
50,74,1,3,0.1,0.2,0.1,0.5,0.6,0.1,0.2,0.5,0.2,0.5,0
50,59,1,1,0,0.1,0,0.1,0.3,0,0.2,0.2,0,0.1,0
50,86,1,6,0,0.2,0,0.3,1.8,0.3,0.7,0.7,0.9,1.1,0
50,88,1,3,0,0.1,0,0.2,0.9,0.2,0.3,0.4,0.4,0.5,0
50,122,2,16,0.3,0.6,0.6,1.5,2.9,0.1,3.1,4.9,0.6,0.6,0.8
50,60,2,4.5,0,0.6,0,0.3,1.5,0,0.7,0.9,0.2,0.3,0
61,5,2,201,2.4,11.5,4.4,13.7,32.5,3,34.2,75.2,5.6,14.1,4.4
61,11,2,12,0.9,0.7,0.6,2.1,1.9,0.2,1.6,3,0.5,0.2,0.3
61,2,3,80,2.3,3.8,1.4,17,11.6,3.4,14.7,12.5,9,1.8,2.5
61,34,0,20.5,0,1.5,2,0,12,0,4,0,0,1,0
61,121,1,8,0,0,0.6,0.9,1.5,0,2,2.1,0,0.9,0
61,4,3,94,1,10.7,3,7.7,21.4,2.6,17.9,21.9,2.5,3.2,2.1
61,39,1,2,0.2,0.2,0.1,0.5,0.3,0.1,0.2,0.2,0.2,0,0
61,6,2,29,1.7,2,0,3.3,7,0.8,2,8.2,2,1.2,0.8
61,9,3,25,0.4,1.2,1.2,1.9,5.6,0,4.1,6.7,0.7,2.4,0.8
61,85,1,1,0,0.1,0,0.1,0.3,0,0.1,0.2,0,0.2,0
61,8,1,199,11.1,23.2,10.5,34.1,48.4,4.8,17.7,22.8,16.7,6.4,3.3
61,12,1,2,0.1,0.1,0.1,0.4,0.3,0,0.3,0.5,0.1,0,0.1
61,55,1,6,0.2,0.2,0.6,1.3,0.8,0.1,0.7,1.1,0.5,0.5,0
61,32,1,2,0,0.3,0.1,0.1,0.6,0.1,0.1,0.3,0.2,0.2,0
61,30,1,1,0,0,0,0,0.3,0,0.2,0.3,0,0.2,0
61,35,1,7,0,1.3,0.3,0.4,2.1,0.3,0.4,0.9,0.7,0.6,0
61,111,1,2,0,0.2,0.2,0.3,0.4,0,0.6,0.1,0.2,0,0
61,44,2,3,0,0.5,0.1,0.1,0.9,0,0.7,0.5,0,0,0.2
61,40,1,2,0.2,0.2,0.1,0.5,0.3,0.1,0.2,0.2,0.2,0,0
61,110,2,4,0,0.2,0.2,0.4,1,0,0.6,1.2,0,0.4,0
61,125,2,4,0,0,0.4,0.4,0.8,0,1,1,0,0.4,0
61,107,1,3,0,0.1,0.2,0.2,0.7,0,0.5,0.9,0.1,0.3,0
61,59,1,5,0.1,0.5,0.7,0.5,1.3,0.1,0.5,0.5,0.5,0.2,0.1
61,90,1,3,0.1,0,0,0.2,0.3,0,1,0.8,0,0.6,0
61,36,1,3,0.2,0.3,0.1,0.8,0.5,0.1,0.3,0.3,0.3,0.1,0
61,0,1,6,0,1.2,0.2,0.3,2.6,0,0.5,0.5,0.3,0.3,0.1
61,1,2,23,0.4,2.1,0.6,2.5,4.4,0.6,5.6,5.4,0,0.8,0.6
61,82,1,2,0,0.1,0.1,0.2,0.5,0,0.3,0.3,0.1,0.4,0
61,105,1,5,0,0.2,0.4,0.6,0.9,0,1.3,0.6,0.2,0.6,0.2
61,86,1,3,0.1,0,0,0.2,0.3,0,1,0.8,0,0.6,0
61,126,3,25,0.5,2,2.8,3,6.3,0.5,2,4.4,1,2.5,0
61,89,2,5,0.2,0,0,0.3,0.5,0,1.7,1.3,0,1,0
61,3,2,21,0.3,2,0.6,2.1,4,0.6,4.9,4.9,0.1,0.9,0.6
11,89,0,168,1,10,7,11,26,1.5,37,53,0.5,19,2
11,32,2,9,0.3,0.8,0.4,1.3,2.1,0.1,1.4,0.6,1.1,0.6,0.3
11,11,1,1,0,0,0.1,0.1,0.2,0,0.2,0.2,0.1,0.1,0
11,51,1,4,0.2,0,0.7,0.4,0.7,0.1,0.3,0.6,0.1,0.8,0.1
11,56,3,32,0.5,1,4.9,3.9,3.9,0,3.4,6.7,0.5,7.2,0
11,36,3,13,1.6,1.3,1,2.6,2.3,0.3,1.6,1,1.3,0,0
11,52,1,4,0.2,0,0.7,0.4,0.7,0.1,0.3,0.6,0.1,0.8,0.1
11,35,1,5,0.1,0.5,0.2,0.8,1.1,0.1,0.8,0.4,0.6,0.3,0.1
11,53,2,15,0.6,1.1,1.3,1.1,3.5,0.3,2.3,2.7,0.3,1.7,0.1
11,23,1,2,0.1,0.3,0.1,0.2,0.4,0,0.1,0.4,0.1,0.2,0.1
11,91,1,2,0,0.1,0.1,0.3,0.3,0,0.6,0.4,0.1,0.1,0
11,90,1,40,2.3,1.1,0.8,2.3,5.9,0,6,5.3,3.6,12.7,0
11,39,2,16,0.7,0.9,0.7,4.1,3.5,1.3,0.3,2.3,1.3,0.9,0
11,27,1,1,0,0.1,0.1,0.1,0.3,0,0.1,0.2,0,0.1,0
11,57,1,28.5,1.1,2.6,2.6,3.5,7.5,1,5.4,2.8,1.1,0.9,0
11,55,1,12,0.4,1.2,0.6,0.8,3.1,0.2,2.2,2.3,0.2,1,0
11,12,2,16.5,0.4,0.5,1.2,1.3,2.8,0.2,2.8,4.1,0.8,2.4,0
11,37,2,29,3.4,2.9,2.2,6.2,5.1,0.6,3.4,2.3,2.9,0,0
11,34,1,2,0.1,0.2,0.1,0.3,0.5,0,0.3,0.1,0.2,0.1,0.1
11,73,1,3,0.3,0.6,0.1,0.4,0.5,0,0.6,0.4,0.1,0,0
11,96,2,5,0,0.1,0,0.4,0.5,0.1,0.8,1.6,0.5,0.9,0.1
11,62,1,2,0,0.3,0,0,0.5,0,0.4,0.5,0.1,0.2,0
11,87,1,2,0,0,0.2,0.1,0.1,0,1.2,0.3,0,0.1,0
11,40,4,21,0.8,1.3,0.8,5.5,4.6,1.7,0.4,2.9,1.7,1.3,0
11,58,1,2,0,0.1,0,0.3,0.4,0,0.2,0.7,0,0.3,0
11,41,2,4,0.1,0.4,0.7,0.1,1.3,0.1,0.4,0.2,0.4,0.3,0
11,88,2,7,0,0.2,0.6,0.5,0.8,0,3.1,0.8,0.3,0.7,0
11,61,1,4,0,0.6,0,0,0.9,0,0.8,1.1,0.2,0.4,0
11,82,1,2,0.1,0.2,0.1,0.3,0.4,0.1,0.3,0.2,0.1,0.2,0
11,84,1,3,0.1,0.3,0.1,0.5,0.6,0.2,0.4,0.3,0.2,0.3,0
11,99,1,3,0,0.1,0,0.2,0.3,0.1,0.5,0.9,0.3,0.5,0.1
11,101,1,3,0,0.2,0.3,0.2,0.7,0.2,0.3,0.5,0.2,0.4,0
11,102,2,6,0,0.5,0.5,0.4,1.3,0.3,0.7,1.1,0.4,0.8,0
30,89,1,2,0.1,0.1,0.2,0.2,0.3,0.1,0.4,0.4,0,0.2,0
30,26,1,4,0.2,0.4,0.2,0.7,1.2,0.2,0.3,0.2,0.4,0.2,0
30,100,3,61,0.6,2.8,3.4,4.9,11,0.8,12.1,14.4,0.9,9.2,0.9
30,58,1,2,0.1,0.1,0,0.2,0.3,0,0.3,0.5,0.1,0.3,0.1
30,11,1,2,0.1,0.1,0,0.4,0.4,0,0.2,0.4,0.3,0,0.1
30,123,1,2,0,0.1,0.1,0,0.4,0,0.5,0.4,0.1,0.4,0
30,68,1,1,0,0.1,0,0.1,0.1,0.1,0.2,0.2,0.1,0.1,0
30,32,1,1,0.1,0.1,0,0.2,0.2,0,0.1,0.1,0.1,0.1,0
30,21,1,1,0,0.1,0,0.2,0.2,0,0.2,0.2,0,0.1,0
30,75,1,3,0,0,0,0.2,0.2,0.1,0.8,0.8,0.1,0.8,0
30,107,1,5,0,0.3,0.2,0.8,0.7,0,1.3,1.2,0.2,0.3,0
30,112,1,3,0,0.1,0.1,0.2,0.5,0,0.7,0.7,0.1,0.5,0.1
30,42,1,3,0,0.4,0.1,0.2,0.6,0.1,0.6,0.4,0.3,0.2,0.1
30,54,1,4,0.3,0.2,0.2,0.9,0.8,0.1,0.3,0.5,0.3,0.2,0.2
30,6,3,6,0.5,0.2,0.1,1.2,1.1,0.1,0.5,1.1,0.7,0.1,0.4
30,92,1,4,0.1,0,0.1,0.1,0.9,0,0.3,1.3,0.2,0.6,0.4
30,101,4,44,1.1,2.3,1.6,3.8,8.4,0.4,6.9,10.5,1.2,7.6,0.2
30,25,3,16,0.6,0.7,0,3.1,3.6,0.6,2.4,3.1,0.7,1.2,0
30,106,2,5,0,0.3,0.2,0.8,0.7,0,1.3,1.2,0.2,0.3,0
30,80,2,12,0,0,0.5,1.2,1.5,0.3,2.7,4.2,0.4,1.2,0
30,90,1,8,0.5,0.2,0.9,0.9,1.2,0.2,1.7,1.7,0,0.7,0
30,73,1,5,0.2,0.2,0,0.9,1.5,0.2,0.4,0.6,0.4,0.6,0
30,65,1,5,0.2,0.2,0,0.5,0.9,0,0.7,1.4,0.2,0.7,0.2
30,126,1,4,0.1,0.2,0.3,0.7,0.6,0,0.5,0.9,0.1,0.6,0
30,122,2,6,0,0.4,0.3,0.2,1.1,0,1.2,1.3,0.3,1.2,0
30,88,1,3,0.2,0.1,0.3,0.4,0.4,0.1,0.6,0.6,0,0.3,0
30,74,1,10,0,0,0,0.7,0.8,0.2,2.8,2.8,0.2,2.5,0
40,20,0,224,15,7.5,7,52,31,6,28,34,18.5,23,2
40,15,2,18,0.2,2.1,0.8,1.1,5.4,0,3.9,3.2,0.5,0.6,0.2
40,118,2,5,0,0.2,0.3,0.9,0.4,0.1,0.9,1.6,0.2,0.3,0.1
40,30,1,2,0,0.3,0,0.4,0.5,0,0.3,0.3,0.1,0.1,0
40,4,1,1,0.1,0.1,0,0.2,0.2,0,0.1,0.2,0.1,0,0
40,116,1,3,0,0.1,0.1,0.6,0.2,0.1,0.6,1,0.1,0.1,0.1
40,14,1,4,0.4,0.3,0,1.1,0.7,0,0.6,0.6,0.2,0.1,0
40,7,1,3,0,0.4,0.1,0.1,1,0,0.7,0.5,0.1,0.1,0
40,59,2,3,0.1,0.3,0,0.5,0.6,0,0.4,0.5,0.3,0.3,0
40,21,1,8,0.5,0.1,0.8,1.1,1.5,0.1,1.2,2,0,0.5,0.2
40,123,2,10,0.3,0.8,0.4,0.4,2,0,1.9,2.8,0.2,1,0.2
40,39,1,3,0,0.1,0.1,0.5,0.7,0.1,0.8,0.3,0.1,0.3,0
40,5,1,1,0.1,0.1,0,0.2,0.2,0,0.1,0.2,0.1,0,0
40,98,1,1,0,0,0,0.1,0.3,0,0.3,0.2,0,0.1,0
40,33,1,2,0,0.3,0,0.4,0.5,0,0.3,0.3,0.1,0.1,0
40,62,1,2,0.1,0.1,0,0.5,0,0.1,0.1,0.4,0.3,0.4,0
40,19,0,267,7.5,21,14.5,24,65,7,29,49,24,21,5
40,83,3,5,0.2,0.6,0.2,0.8,1,0,0.7,0.7,0,0.8,0
40,93,2,4,0.1,0.4,0.4,0.3,1.1,0,0.3,0.4,0.2,0.8,0
40,10,1,2,0,0.2,0.1,0.1,0.6,0,0.4,0.4,0.1,0.1,0
40,42,2,12.5,0.5,0.7,0.2,2.8,2.1,0.3,2.7,1.2,0.3,1.7,0
40,121,1,3,0,0.1,0.3,0.1,0.5,0,0.7,0.6,0,0.7,0
40,72,2,5,0.3,0,0,0.7,0.4,0.1,0.6,1.6,0,1.3,0
40,80,2,6,0.3,0.9,0.2,0.5,1.3,0,1,1.4,0.1,0.2,0.1
40,44,2,18,0.5,0,0,2.9,3.5,0.6,3.5,2.9,0.6,3.5,0
40,78,1,2,0.2,0.2,0,0.2,0.3,0,0.4,0.6,0,0.1,0
40,127,2,9,0.8,0.7,0.6,1.7,1.8,0.1,0.8,1,0.6,0.8,0.1
40,18,2,50,2.9,4.7,1.9,6.8,15.7,0.4,5.3,5.9,3.5,2,0.9
40,58,1,1,0,0.1,0,0.2,0.2,0,0.1,0.2,0.1,0.1,0
40,86,2,3,0.1,0.1,0.1,0.5,0.2,0,0.2,1.1,0.3,0.4,0
40,22,2,82.5,3.5,12.7,1.7,15.9,15.5,2.6,7.6,11.9,11.1,0,0
40,60,1,11,0.3,0.8,0.1,1.9,2,0.2,1.8,1.8,0.9,1,0.2
40,120,1,1,0,0,0.1,0.2,0.1,0,0.2,0.3,0,0.1,0
40,45,1,4,0.1,0,0,0.6,0.8,0.1,0.8,0.7,0.1,0.8,0
40,88,1,5,0.2,0.2,0.2,0.9,0.2,0,0.3,1.8,0.5,0.7,0
40,99,1,3,0,0.1,0.1,0.3,0.9,0,0.9,0.6,0,0.1,0
40,36,1,1,0,0.1,0,0.1,0.3,0,0.3,0.1,0,0.1,0
40,113,1,4,0,0.1,0.1,0.3,0.7,0,0.9,1,0.1,0.7,0.1
40,79,1,1,0.1,0.1,0,0.1,0.2,0,0.2,0.3,0,0,0
40,73,1,1,0.1,0,0,0.1,0.1,0,0.1,0.3,0,0.3,0
40,84,1,6,0.3,1,0.3,1.2,1.3,0,0.5,0.9,0,0.5,0
40,126,1,4,0.3,0.3,0.2,0.7,0.8,0.1,0.4,0.4,0.3,0.4,0.1
40,74,1,2,0.1,0,0,0.3,0.2,0.1,0.2,0.6,0,0.5,0
41,20,2,80,1.2,7.9,6.2,8.3,20.2,0.3,8.2,17.3,6,2.7,1.7
41,5,2,4,0.3,0.3,0,0.8,0.9,0,0.5,0.8,0.2,0.1,0.1
41,15,1,10,0.9,0.7,0,2.7,1.7,0.1,1.4,1.4,0.7,0.4,0
41,4,1,8,0.6,0.6,0,1.5,1.9,0.1,1.1,1.5,0.3,0.2,0.2
41,14,1,6,0.5,0.4,0,1.6,1,0.1,0.9,0.9,0.4,0.2,0
41,63,1,5,0.2,0.2,0,1.2,0.1,0.2,0.3,1.1,0.7,1,0
41,119,2,6,0,0.3,0.3,1.1,0.4,0.1,1.1,2,0.3,0.3,0.1
41,58,3,12,0.4,0.8,0,2,2.1,0.3,2,2,0.9,1.2,0.3
41,34,1,1,0,0.2,0,0.2,0.2,0,0.2,0.1,0.1,0,0
41,123,2,10,0,0.2,0.8,0.5,1.6,0,2.5,2.2,0,2.2,0
41,50,2,4,0.1,0.5,0.1,0.3,1.2,0,0.5,0.6,0.4,0.3,0
41,59,2,8,0.2,0.6,0,1.4,1.4,0.2,1.3,1.3,0.6,0.8,0.2
41,32,1,2,0,0.3,0,0.4,0.5,0,0.3,0.3,0.1,0.1,0
41,46,1,2,0,0.3,0.1,0.1,0.6,0,0.3,0.3,0.2,0.1,0
41,19,2,191,14.3,19.4,27.3,36.7,43.3,5,12.3,14.3,10.2,5.1,3.1
41,95,1,12,0.7,1,1.2,1.7,3.6,0.2,0.7,1.4,0.5,1,0
41,83,2,11,0.4,0.5,0.5,1.5,2.2,0,2.4,1.4,0,2.1,0
41,93,1,3,0,0.3,0.3,0,0.8,0,0.3,0.2,0.2,0.9,0
41,61,1,13,0.6,0.6,0,3.1,0.3,0.6,0.8,2.8,1.7,2.5,0
41,92,1,1,0,0.1,0.1,0,0.2,0,0.1,0.1,0.1,0.3,0
41,80,2,17,1.3,1.6,0.3,1.9,2.9,0,2.9,4.9,0.2,1,0
41,98,1,1,0,0,0,0.1,0.3,0,0.3,0.2,0,0.1,0
41,37,2,2,0,0.2,0,0.2,0.6,0,0.6,0.2,0,0.2,0
41,60,4,44,1.3,3.4,0.4,7.5,8,0.8,7,7,3.7,4.1,0.8
41,127,2,12,0.6,0.8,0.5,0.9,1.9,0.1,1.7,3.2,0.3,2,0
41,78,1,9,0.7,0.9,0.2,1,1.5,0,1.5,2.6,0.1,0.5,0
41,13,1,6,0.5,0.4,0,1.6,1,0.1,0.9,0.9,0.4,0.2,0
41,86,1,3,0.1,0.1,0.1,0.6,0.1,0,0.2,1.1,0.3,0.4,0
41,79,2,3,0.3,0.3,0,0.3,0.5,0,0.6,0.9,0,0.1,0
41,81,1,1,0,0.2,0,0.2,0.2,0,0.1,0.2,0,0.1,0
41,45,1,2,0,0,0,0.3,0.4,0.1,0.4,0.3,0.1,0.4,0
41,82,2,5,0.2,0.9,0.3,1,1.1,0,0.3,0.8,0,0.4,0
41,84,2,14,0.5,0,0.5,1.6,2.7,0,3.8,1.7,0,3.2,0
41,101,1,1,0,0,0,0.1,0.3,0,0.3,0.2,0,0.1,0
41,122,1,7,0,0.2,0.6,0.3,1.1,0,1.7,1.5,0,1.6,0
21,89,1,2,0,0.1,0.1,0.4,0.5,0,0.3,0.5,0,0.1,0
21,63,2,4,0.3,0.2,0.4,0.5,0.5,0,0.5,0.8,0.3,0.5,0
21,36,1,212,10.4,20.7,19,28.4,50,2.7,31.2,24.5,13.1,11,1
21,62,2,41,1.1,2.7,2.6,5.3,6.4,1,8,8.7,2.1,3.1,0
21,34,2,75,5,8.6,5.2,8.2,14.4,1,13.3,7.9,5,6.4,0
21,35,0,401.5,22,31.5,22.5,58,71,7.5,65,72,26,25,1
21,52,1,3,0.1,0.1,0.2,0.4,0.9,0,0.7,0.3,0.1,0.2,0
21,2,1,1,0,0.1,0.1,0.1,0.3,0,0.2,0.1,0.1,0,0
21,27,1,4,0.1,0.6,0.1,0.7,1,0,0.1,0.9,0.4,0,0.1
21,21,2,5,0.2,0.4,0.3,1.1,0.7,0.1,1,0.7,0.2,0.3,0
21,33,1,4,0,0.1,0.3,0.3,0.6,0,1,1.1,0,0.6,0
21,107,1,1,0,0.1,0,0.2,0.3,0,0.1,0.2,0,0.1,0
21,47,2,4,0.2,0.1,0.3,0.5,1.2,0,0.9,0.4,0.1,0.3,0
21,115,1,2,0,0.1,0,0.2,0.2,0,0.5,0.6,0,0.3,0.1
21,69,1,3,0.2,0.2,0,0.1,0.6,0,0.7,0.8,0.2,0.2,0
21,117,1,4,0.2,0.3,0,0.4,0.6,0,0.7,1,0.2,0.6,0
21,59,1,9,0.2,1,0.6,0.6,1.4,0,1.6,2,0.4,0.6,0.6
21,61,2,6,0.4,0.3,0.6,0.8,0.8,0,0.7,1.3,0.4,0.7,0
21,88,1,4,0,0.1,0.2,0.8,0.9,0.1,0.5,0.9,0.1,0.3,0.1
21,60,2,14,0.4,1.5,0.9,0.9,2.2,0,2.5,3.2,0.6,0.9,0.9
21,68,1,2,0.1,0.1,0,0.1,0.4,0,0.5,0.5,0.1,0.2,0
21,55,1,1,0.1,0,0.1,0.1,0.3,0,0.2,0.1,0,0.1,0
21,125,1,3,0.1,0.2,0,0.3,0.4,0,0.6,0.8,0.1,0.5,0
21,127,1,4,0.1,0.2,0.1,1.1,0.2,0.1,0.7,1,0.3,0.2,0
52,103,2,5,0,0.3,0.2,0.4,0.7,0.1,0.8,1.9,0.1,0.4,0.1
52,119,2,12,1.4,0.9,0,3,0.9,0,2.2,1.8,0.9,0.9,0
52,96,1,1,0.1,0,0.1,0.1,0.3,0,0.1,0.1,0,0.1,0.1
52,77,4,18,0.8,0.9,0,1,1.9,0,4.8,4.9,1.4,2.3,0
52,50,1,7,0.9,0.9,0.4,0.5,1.5,0.2,0.6,0.7,0.5,0.6,0.2
52,71,1,2,0,0.1,0.1,0.3,0.4,0.1,0.2,0.3,0.2,0.3,0
52,35,1,7,0,1.3,0.6,0.7,1.9,0.3,0.6,1.2,0.1,0.3,0
52,107,2,51,0.3,0.4,1.1,5.1,7.8,0,10.9,17.2,0,7.9,0.3
52,37,3,41,0.9,2.6,0.9,8.1,8.1,0,8.2,7.6,3.5,0.5,0.6
52,52,1,6,0.8,0.8,0.3,0.5,1.3,0.1,0.5,0.6,0.5,0.5,0.1
52,12,1,7,0.1,0.7,0.7,0.6,1.8,0,1,1.2,0.2,0.3,0.4
52,106,1,78,2.4,2.5,2.2,6.2,16.9,1,18.1,14.2,3,10.1,1.4
52,91,1,2,0.1,0.1,0.1,0.3,0.3,0.1,0.1,0.6,0,0.2,0.1
52,10,1,2,0,0.2,0.2,0.2,0.5,0,0.3,0.3,0.1,0.1,0.1
52,78,2,12,0.6,0.6,0.1,0.7,1.3,0,3.2,3,0.9,1.6,0
52,16,1,4,0.3,0.7,0.1,0.7,0.8,0,0.3,0.7,0.3,0.1,0
52,102,3,26,0,1.6,0.8,1.6,4,0.7,4,11,0,2.3,0
52,108,2,23,0.8,1.2,0.4,3.8,4,0,4.5,4.7,0,2.8,0.8
52,15,1,2,0,0.2,0.2,0.2,0.5,0,0.3,0.3,0.1,0.1,0.1
52,43,1,3,0.1,0.2,0.1,0.6,0.6,0,0.6,0.5,0.3,0,0
52,76,3,6,0.2,0.3,0,0.4,0.6,0,1.6,1.6,0.5,0.8,0
52,33,1,2,0,0.4,0.2,0.2,0.5,0.1,0.2,0.3,0,0.1,0
52,79,1,8,0,0.4,0.4,1.1,1.3,0,2.3,0.8,0.2,1.5,0
52,38,1,3,0.1,0.2,0.1,0.6,0.6,0,0.6,0.5,0.3,0,0
52,22,1,1,0,0.2,0,0.2,0.2,0,0.1,0.2,0.1,0,0
52,92,1,3,0.1,0.2,0.2,0.5,0.5,0.2,0.1,0.8,0,0.3,0.1
52,82,1,1,0,0.1,0,0.1,0.3,0,0.1,0.2,0.1,0.1,0
52,117,1,1,0,0.1,0.1,0.1,0.3,0,0.1,0.2,0,0,0.1
52,101,1,3,0,0.2,0.1,0.2,0.4,0.1,0.4,1.3,0,0.3,0
52,80,1,1,0,0,0.1,0.1,0.2,0,0.3,0.1,0,0.2,0
52,60,1,1,0,0.1,0,0.1,0.3,0,0.2,0.2,0,0.1,0
57,58,4,46,1.6,4.5,1.9,9.7,8.2,1.5,3.3,8.7,3.9,2.7,0
57,5,1,4,0,0.3,0.1,0.2,0.9,0,1.3,1,0.2,0,0
57,7,0,343,9,21,18,40,65,2,72,71,9,28,8
57,77,2,7,0,1.2,0,0.2,2.1,0.1,0.6,1.7,0.4,0.4,0.3
57,31,2,6,0.6,0.6,0.2,1,1.4,0.2,1.2,0,0.6,0.2,0
57,4,1,2,0,0.2,0.1,0.1,0.4,0,0.6,0.5,0.1,0,0
57,96,1,2,0,0,0.2,0.3,0.4,0,0.6,0.3,0.1,0.1,0
57,45,1,4,0.1,0.2,0.1,0.8,0.8,0,0.8,0.7,0.3,0.1,0.1
57,62,1,3,0,0.2,0,0.5,0.9,0.2,0.3,0.5,0.2,0.2,0
57,109,4,45,1.3,5.3,1.3,4.7,9.4,0,5.4,9.5,2.7,4.7,0.7
57,34,1,37,0.7,4.9,2.4,2.3,8.8,0.2,6.6,8,1.9,0.2,1
57,75,2,3,0.2,0.1,0,0.3,0.3,0,0.6,1.2,0.1,0.2,0
57,56,1,173.5,3.1,9.9,10.4,22.2,36.1,3.2,27.2,33.4,9.8,17.2,1
57,106,2,28,0.4,0.7,0.8,2.6,3.4,0,5.5,7.8,0.7,5.7,0.4
57,26,1,3,0,0,0,0.5,0.1,0,1.6,0.6,0,0,0.2
57,27,1,2,0,0,0,0.3,0.1,0,1.1,0.4,0,0,0.1
57,90,2,5,0.1,0.1,0.1,0.9,0.3,0.1,0.6,1.4,0.1,1.3,0
57,33,3,17,1.6,1.8,0.7,2.8,3.9,0.4,3.5,0,1.8,0.5,0
57,91,1,4,0.1,0.1,0.1,0,1,0,0.9,0.9,0,0.7,0.2
57,114,2,10,0,0,0.8,0.9,0.9,0.4,0.4,1.6,1.6,2.9,0.5
57,55,0,432,21,35,17,79,87,9,57,58,27,34,8
57,53,2,95,2,12.5,5.5,7.3,24.4,1.2,10.8,15.7,2.7,11.9,1
57,54,0,355,10,22,25,42,78,8,49,64,15,39,3
57,102,1,2,0,0.4,0,0.1,0.4,0,0.3,0.7,0,0.1,0
57,64,3,9,0,0.6,0,1.7,2.7,0.4,0.9,1.7,0.6,0.4,0
57,66,1,2,0.1,0.1,0,0.2,0.2,0,0.4,0.8,0.1,0.1,0
57,57,1,35,0.2,2.3,0.5,4.8,6.1,0.3,4.8,7.7,0.5,7.8,0
57,110,1,3,0.1,0.4,0.1,0.3,0.6,0,0.4,0.6,0.2,0.3,0
57,8,2,223,8.7,21,8,48.3,41.3,9.1,43.1,22.1,16.6,3.3,1.5
57,20,1,1,0,0.2,0,0.2,0.2,0,0.1,0.2,0.1,0,0
57,52,1,1,0,0,0.1,0.1,0.1,0,0.2,0.3,0.1,0.1,0
57,23,2,12,0.8,0.9,0.7,2.2,3,0.6,1.1,1.3,0.8,0.6,0
57,61,1,2,0,0.1,0,0.4,0.6,0.1,0.2,0.4,0.1,0.1,0
57,28,1,1,0,0,0,0.2,0,0,0.5,0.2,0,0,0.1
57,65,2,7,0,0.5,0,1.3,2.1,0.3,0.7,1.3,0.5,0.3,0
57,13,1,5,0.2,0.5,0.3,0.9,1.2,0.3,0.7,0.6,0.3,0,0
57,103,1,6.5,0,1.1,0,0.3,1.2,0,1.1,2.1,0.2,0.5,0
57,79,1,1,0,0,0.1,0.1,0.3,0,0.2,0.2,0,0.1,0
57,15,2,5,0.1,0.5,0.4,1,1.2,0.3,0.6,0.6,0.3,0,0
57,24,1,191,11,11,17.9,43.8,43.8,8.7,20.4,11.7,18,4.7,0
57,76,1,1,0,0.2,0,0,0.3,0,0.1,0.2,0.1,0.1,0
57,107,2,20,0.7,1.3,1.5,3,2.4,0,2.8,3.2,1.3,3.1,0.7
57,127,1,1,0,0.1,0.1,0.1,0.2,0,0.2,0.1,0.1,0.1,0
57,6,0,92,2,5,5,9,24,2,16,13,3,3,10
57,88,1,4,0.1,0.1,0.1,0.7,0.2,0.1,0.5,1.1,0.1,1,0
57,0,1,4,0.2,0.1,0.3,0.3,0.9,0.1,0.8,0.9,0.3,0,0.1
57,115,1,3,0,0,0.2,0.3,0.3,0.1,0.1,0.5,0.5,0.9,0.1
57,25,1,16.5,1.1,1.1,1,3,4.2,0.8,1.5,1.9,1.1,0.8,0
57,122,1,2,0.1,0,0.1,0.4,0.2,0,0.3,0.4,0.1,0.4,0
57,126,1,1,0,0.1,0.1,0.1,0.2,0,0.2,0.1,0.1,0.1,0
57,14,1,14,0.5,1.6,1,2.6,3.3,0.7,1.9,1.7,0.7,0,0
57,119,1,1,0.1,0,0.1,0.2,0.1,0,0.1,0.2,0,0.2,0
57,93,1,1,0,0,0,0,0.3,0,0.2,0.2,0,0.2,0.1
57,73,1,2,0.1,0.1,0,0.2,0.2,0,0.4,0.8,0.1,0.1,0
75,96,3,18,0.3,1.5,1.3,1.5,4,0.3,1.9,2.4,0.4,4.1,0.3
75,100,3,12,0,1.4,0.7,0.4,3.8,0,1.5,3,0.4,0.8,0
75,11,2,12,0.6,0.8,0.5,2.1,1.7,0.2,1.1,3.8,0.5,0.7,0
75,125,1,9,0.1,0.2,0.4,1.1,1.6,0.1,1.8,1.6,1,1.1,0
75,62,2,16.5,0,0.8,2.7,3.3,4.3,0,2.7,2.7,0,0,0
75,115,1,1,0,0.1,0.1,0.1,0.1,0,0.1,0.4,0,0.1,0
75,5,1,3,0,0.3,0.1,0.4,0.6,0.1,0.2,0.7,0.2,0.3,0.1
75,105,2,4,0,0.8,0.2,0.2,1,0,0.2,1.2,0,0.4,0
75,71,1,2,0.2,0.1,0,0.5,0.3,0.1,0.2,0.2,0.3,0.1,0
75,104,1,6,0,1.1,0.2,0.4,1.5,0,0.3,1.7,0.1,0.7,0
75,81,1,4,0.1,0.3,0,0.4,0.7,0,0.3,1.3,0.1,0.8,0
75,9,1,5,0.1,0.5,0,1.3,0.7,0.4,0.4,0.7,0.7,0,0.2
75,92,3,9,0.5,0.5,0,0.5,1.3,0.1,1.6,2.3,0.1,1.4,0.7
75,78,3,7,0.2,0.5,0,0.7,1.2,0,0.6,2.2,0.2,1.4,0
75,32,1,3,0,0.3,0.2,0.1,0.8,0,0.5,0.7,0.2,0.2,0
75,106,1,2,0.1,0.1,0.1,0.1,0.5,0,0.4,0.5,0,0.2,0
75,23,3,73.5,6.2,8.9,3.6,19,19.1,0.8,5.1,4.4,5.4,0.8,0.2
75,102,1,4,0,0.7,0.1,0.3,1,0,0.2,1.1,0.1,0.5,0
75,12,1,2,0.1,0.1,0.1,0.3,0.3,0,0.2,0.7,0.1,0.1,0
75,61,1,2,0,0.1,0.3,0.4,0.5,0,0.3,0.4,0,0,0
75,95,2,3,0.2,0.1,0,0.2,0.4,0,0.6,0.8,0,0.4,0.3
75,118,1,8,0.1,0.2,0.3,1,1.4,0.1,1.6,1.4,0.9,1,0
75,24,2,17,0.9,1.1,0.6,3.9,3,1.1,2.1,1.8,1.1,1.1,0.3
75,110,2,3,0.1,0.1,0.2,0.2,0.7,0,0.6,0.8,0,0.3,0
75,14,2,3,0.1,0.2,0.1,0.4,0.5,0,0.3,1.1,0.1,0.2,0
75,25,1,15,0.8,1,0.5,3.4,2.6,1,1.8,1.6,1,1,0.3
75,22,2,156.5,8.5,16.4,9.1,24.2,44.9,2.1,18.1,15.6,9.5,6.6,1.5
75,1,1,8,0.2,1.2,0.5,0.5,1.5,0.5,1.2,0.7,1,0.7,0
75,79,1,4,0.1,0.3,0,0.4,0.7,0,0.3,1.3,0.1,0.8,0
75,13,2,3,0.1,0.2,0.1,0.4,0.5,0,0.3,1.1,0.1,0.2,0
75,73,1,1,0.1,0.1,0,0.2,0.1,0.1,0.1,0.1,0.2,0,0
75,116,1,2,0,0.1,0.1,0.2,0.4,0,0.4,0.4,0.2,0.2,0
75,89,1,2,0,0.3,0,0.2,0.6,0,0.2,0.3,0.1,0.2,0.1
75,86,1,2,0,0.3,0,0.2,0.6,0,0.2,0.3,0.1,0.2,0.1
75,74,1,3,0.3,0.2,0,0.8,0.4,0.2,0.2,0.3,0.5,0.1,0
62,118,0,30,1,3,4,5,7,0,2,6,2,0,0
62,5,0,428,17,30.5,19,70,90,11,49,63,17.5,57,4
62,7,1,69,0.2,7.3,10,6.4,20,0.1,9.3,11.1,0.3,1.2,3.1
62,116,2,5.5,0.2,0.4,0.4,0.5,0.9,0,1,1.3,0.1,0.6,0.1
62,11,3,26,1.9,1.6,1.1,4.6,4.3,0.3,3.4,6.6,1.1,0.4,0.7
62,9,3,67,1.6,2.7,2.7,4.9,16.2,0,12.1,17.9,3.2,4.5,1.2
62,119,3,99.5,5.6,12.7,2.5,11,25.8,0.7,8.5,20.2,4.9,5.8,1.8
62,4,1,132,3.2,15.3,5.2,12.9,37.4,1.5,27.7,9.7,5.3,9.6,4.2
62,37,1,2,0.2,0.2,0.1,0.5,0.3,0.1,0.2,0.2,0.2,0,0
62,2,0,230.5,8,22,12,28,49,3,51,35,7.5,11,4
62,121,1,1,0,0,0.1,0.1,0.2,0,0.2,0.3,0,0.1,0
62,120,1,31,1.4,1.3,2.6,3,5.3,0.2,5.4,4.8,2.6,4.2,0.2
62,62,1,6,0.4,0.7,0.5,0.6,2,0.2,0.6,0.8,0,0.2,0
62,61,1,2,0.1,0.2,0.2,0.2,0.7,0.1,0.2,0.2,0,0.1,0
62,96,1,3,0,0.1,0.2,0.4,0.5,0,0.8,0.4,0.1,0.4,0.1
62,10,4,37,0.6,1.7,1.8,2.9,8.2,0,6.1,10,1.1,3.5,1.1
62,6,1,143,6.7,10.4,4,19.5,21.1,2.4,25.9,24.7,11.4,12.5,4.4
62,12,1,3,0.2,0.2,0.1,0.5,0.5,0,0.4,0.8,0.1,0.1,0.1
62,87,3,9,0.3,0,0,0.5,0.8,0,3.1,2.4,0,1.9,0
62,23,1,6,0.2,0.4,0.7,0.4,1.4,0,0.5,2.2,0,0.2,0
62,117,2,5,0.2,0.3,0.3,0.5,0.8,0,0.9,1.2,0.1,0.5,0.2
62,70,1,4,0,0.2,0.2,0.4,0.5,0,1.9,0.2,0,0.4,0.2
62,1,3,39,0.7,3.5,1,4.3,7.4,1,9.4,9.2,0,1.4,1.1
62,25,1,2,0.1,0.1,0.2,0.1,0.5,0,0.2,0.7,0,0.1,0
62,36,4,46,3.7,4.4,1.4,12.6,7.4,1.4,4.6,5.3,4.4,0.8,0
62,0,1,10,0,1.9,0.3,0.5,4.3,0,0.9,0.9,0.5,0.5,0.2
62,90,1,5,0.1,0,0,0.3,0.4,0,1.7,1.4,0,1.1,0
62,56,1,1,0,0.1,0.2,0.1,0.3,0,0.1,0.1,0.1,0,0
62,3,3,68,0.3,7.5,3.3,2.5,13,1.4,16.2,19.6,1.1,2.7,0.4
62,109,1,2,0,0.1,0.1,0.2,0.5,0,0.3,0.6,0,0.2,0
62,113,2,5,0.1,0.5,0.4,0.7,1,0,1.6,0.3,0.4,0,0
62,8,0,54,2,7,1,10,15,0,7,4,7,0,1
62,81,1,2,0,0.1,0.1,0.2,0.5,0,0.3,0.3,0.1,0.4,0
62,122,1,3,0,0,0.2,0.3,0.6,0,0.8,0.8,0,0.3,0
14,32,3,7,0.3,0.6,0.3,1.9,1.3,0.4,1,0.6,0.4,0.1,0.1
14,35,2,3,0.1,0.4,0.3,0.5,0.6,0,0.2,0.5,0.4,0,0
14,71,1,4,0,0.6,0,0.8,0.9,0.1,0.9,0.4,0.1,0.1,0.1
14,26,2,2,0,0.2,0,0.4,0.4,0,0.4,0.2,0.2,0.2,0
14,69,1,1,0.1,0,0.1,0.2,0.1,0,0.2,0.2,0,0.1,0
14,65,3,8,0.6,1,0,1.6,0.8,0.2,1.4,0.2,0.6,1.4,0.2
14,83,1,2,0.1,0.2,0,0.3,0.3,0,0.2,0.5,0.2,0.1,0.1
14,57,1,3,0,0.4,0,0.2,0.7,0.1,0.4,0.8,0.2,0.1,0.1
14,66,1,2,0.2,0.1,0.1,0.3,0.3,0,0.4,0.4,0,0.2,0
14,68,2,6,0.5,0.2,0.3,0.9,0.9,0,1.3,1.3,0,0.6,0
14,34,1,5,0.2,0.7,0.4,0.8,1.1,0,0.2,0.8,0.7,0.1,0
14,24,2,28,2,4.5,1,4.8,3.1,0,3.3,6.7,0.4,2.2,0
14,40,1,3,0.2,0.2,0.2,0.7,0.2,0.2,0.3,0.8,0.1,0.1,0
14,89,1,1,0,0.1,0.1,0.1,0.2,0,0.1,0.2,0,0.1,0.1
14,60,1,6,0,0.7,0,0.4,1.4,0.2,0.7,1.6,0.4,0.3,0.3
14,25,2,5,0,0.5,0,0.8,1.1,0,1.3,0.7,0.4,0.2,0
14,103,1,2,0,0.1,0,0.1,0.2,0.1,0.3,0.6,0.2,0.3,0.1
14,127,2,3,0.2,0.1,0,0.5,0.7,0,0.3,0.8,0.1,0.3,0
14,121,1,1,0,0,0,0.1,0.3,0,0.3,0.2,0,0.1,0
14,123,2,8,0,0.2,0.4,0.5,2,0.4,2.5,1.2,0.4,0.4,0
49,15,2,15,0.3,1.5,1.5,1.2,3.9,0,2.2,2.4,0.5,0.7,0.8
49,63,1,3,0.1,0.1,0.1,0.5,0.4,0,0.5,0.5,0.2,0.5,0.1
49,85,1,4,0,0.3,0.1,0.5,1.2,0.1,0.2,0.9,0.3,0.3,0.1
49,29,1,1,0,0,0,0.2,0,0,0.5,0.2,0,0,0.1
49,32,1,2,0,0.2,0,0.1,0.8,0,0.2,0.5,0.2,0,0
49,120,3,20,0.5,1.6,2.2,1.2,6.1,0,2.8,3.3,0.5,0,1.8
49,98,1,7,0.7,0.2,0.9,0.7,1.6,0,0.9,1,0,0.5,0.5
49,61,1,2,0.1,0,0.1,0.3,0.3,0,0.3,0.4,0.1,0.3,0.1
49,103,1,1,0,0,0,0.1,0.3,0,0.2,0.3,0.1,0,0
49,57,1,2,0,0.3,0,0.1,0.7,0,0.3,0.4,0.1,0.1,0
49,49,1,2,0.3,0.3,0.1,0.2,0.4,0,0.2,0.2,0.1,0.2,0
49,69,2,4,0.2,0.2,0,0.4,0.4,0,0.8,1.6,0.2,0.2,0
49,67,3,11,0.7,0.4,0.1,1.1,1.1,0.2,2.2,4.3,0.4,0.5,0
49,79,2,6,0,0.3,0.3,0.8,0.9,0,1.8,0.6,0.1,1.2,0
49,106,2,5,0,0,0,0.6,1.4,0,1.5,1.3,0,0.2,0
49,121,2,9,0,0.5,0.6,0.3,2.1,0,1.6,2.9,0.3,0,0.7
49,95,4,19,0.6,1.3,1.3,3.2,3.2,1,0.6,5.3,0.3,1.6,0.6
49,13,1,3,0.1,0.3,0.3,0.2,0.8,0,0.4,0.5,0.1,0.1,0.2
49,65,2,5,0.2,0.1,0.1,0.9,0.6,0,0.9,0.9,0.4,0.8,0.1
49,102,1,5,0,0.2,0.2,0.4,1.3,0.1,0.9,1.3,0.6,0,0
49,72,1,2,0,0.1,0.1,0.3,0.4,0.1,0.2,0.3,0.2,0.3,0
49,107,1,2,0,0,0,0.2,0.6,0,0.6,0.5,0,0.1,0
49,99,2,4,0.4,0.1,0.5,0.4,1,0,0.5,0.5,0,0.3,0.3
49,64,2,4,0.1,0.1,0.1,0.7,0.5,0,0.7,0.7,0.3,0.7,0.1
49,45,1,2,0,0.1,0.1,0.4,0.4,0,0.4,0.4,0.2,0,0
49,94,1,3,0.1,0.2,0.2,0.5,0.5,0.2,0.1,0.8,0,0.3,0.1
49,74,1,8,0.2,0.5,0.2,1.3,1.6,0.2,0.7,1.3,0.7,1.3,0
49,60,2,15,0,2,0,1.1,5.1,0,2.3,2.8,0.6,1.1,0
49,73,1,2,0,0.1,0.1,0.3,0.4,0.1,0.2,0.3,0.2,0.3,0
49,126,1,3,0,0.3,0.3,0.1,0.9,0,0.4,0.6,0.3,0.1,0
49,125,1,7,0.6,0.7,0.2,1.3,1.3,0,0.5,1.1,1,0.3,0
4,63,1,1,0.1,0.1,0.1,0.2,0.1,0,0.2,0.1,0,0.1,0
4,42,2,2,0,0,0.2,0.2,0.4,0,0.4,0.6,0,0.2,0
4,46,1,91,2.1,6.4,5.2,12.3,15.4,1.4,15.9,18.4,5.7,8.2,0
4,11,3,70,2,4.7,3.7,9.3,13.9,0.5,10.4,15.2,4.5,5.1,0.7
4,66,1,2,0,0.1,0.1,0.4,0.3,0,0.2,0.5,0,0.3,0.1
4,43,1,3,0.1,0.1,0.2,0.3,0.5,0,0.6,0.7,0.1,0.3,0.1
4,38,2,5.5,0.3,0.7,0.4,0.8,1.1,0.1,0.5,0.8,0.3,0.4,0.1
4,45,3,26,0.5,0.9,1.4,2.3,4.6,0.3,5.1,6.5,1.2,2.7,0.5
4,62,2,13,0.8,1,0.5,2.7,1.3,0.3,2.2,1.7,0.5,1.7,0.3
4,71,2,6,0.2,0.2,0.2,1.2,1,0.2,0.4,1.6,0,0.8,0.2
4,41,2,8,0.1,0.3,0.4,0.7,1.5,0.1,1.6,2,0.4,0.8,0.1
4,12,1,87,0,7.3,3.3,7.8,21.7,0.1,10.2,21.5,5.6,9.4,0.1
4,47,0,254,19,18,14,43,35,8,36,42,13,23,3
4,54,1,2,0,0,0,0.1,0.1,0,0.8,0.6,0,0.4,0
4,44,2,11,0.2,0.4,0.6,0.9,2,0.1,2.2,2.8,0.5,1.1,0.2
4,70,2,5,0.1,0.2,0.2,1,0.8,0.1,0.4,1.3,0,0.7,0.2
4,57,2,4,0,0.7,0,0.5,0.8,0,0.8,0.8,0.4,0,0
4,85,1,3,0,0,0.1,0.8,0.1,0.2,1,0.6,0.1,0.1,0
4,25,1,1,0,0.1,0.1,0.1,0.3,0,0.1,0.2,0,0.1,0
4,48,1,96,3.1,6.1,4.1,11.9,23.3,0,13.6,14.6,5.4,12.9,1
4,60,2,7,0,1.1,0,0.9,1.4,0,1.5,1.4,0.7,0,0
4,53,2,5,0,0,0,0.2,0.3,0,2,1.5,0,1,0
4,40,1,6,0.4,0.6,0.1,1,1.2,0.4,0.6,0.9,0.5,0.3,0
4,76,1,1,0,0,0,0.3,0,0.1,0.3,0.2,0,0.1,0
4,108,3,25,0.4,0.9,1.2,3.7,3.1,0.1,4.7,7.8,0.6,2.5,0
4,110,1,1,0,0.1,0,0.2,0.2,0,0.1,0.2,0.1,0.1,0
4,102,1,6,0,0.1,0.5,1.1,1.7,0.3,0.6,0.8,0.3,0.6,0
4,106,1,2,0,0.1,0.1,0.3,0.2,0,0.4,0.7,0,0.2,0
4,105,3,23,0.2,3.8,0.3,1.2,6.4,0,3.9,4.8,1.5,0.9,0
4,117,1,2,0,0.1,0.2,0.3,0.5,0,0.3,0.2,0.1,0.2,0.1
4,111,1,4,0,0.5,0.1,0.6,1,0,1.2,0.5,0.1,0,0
4,98,1,3,0.1,0.3,0,0.2,0.6,0,0.6,0.6,0,0.4,0.2
4,126,1,1,0,0.1,0,0.2,0.2,0,0.2,0.2,0.1,0,0
70,11,0,580,16,41.5,31,87,139,9.5,91,81,20,51,13
70,71,2,16,1.1,0.6,0.2,4.1,2.6,0.4,3,1.7,0.4,1.9,0
70,6,0,481.5,15,32,20.5,81,89,9,70,90,21,46,8
70,125,1,3,0,0.1,0.2,0.5,0.4,0.1,1,0.5,0,0.2,0
70,9,2,607.5,35.6,36.1,39.2,132.7,115,19.9,66.4,99.1,29.1,28.2,6.2
70,5,0,928.5,53.5,92,54,135,145,19.5,130,150,67.5,72,10
70,4,0,955,52,111,78,157,172,27,92,128,78,56,4
70,7,0,478,14,39.5,29,71,106,8,84,63,22.5,29,12
70,124,3,17,0,0.6,0.9,2.7,2.2,0.4,5.1,3,0.3,1.8,0
70,70,1,41,0,3,2.5,3.5,6.5,2,7,10.5,2,4,0
70,75,2,3,0.2,0.1,0,0.8,0.5,0.1,0.6,0.3,0.1,0.3,0
70,2,2,193,4,4.4,3,10.4,27,1,26.6,78,3.2,33.4,2
70,10,0,46,0,2.5,4,4,10,1,7,11,1.5,5,0
70,1,2,9,0.2,0.7,0,0.7,2.1,0.1,1.5,2.1,0.5,0.9,0.2
70,12,0,440.5,13,36,18,65,85,11,60,92,23.5,30,7
70,8,0,565.5,26,46.5,32.5,85,116,11,83,80,28.5,43,14
70,54,1,2,0.3,0,0.1,0.8,0.2,0.1,0,0.2,0.2,0.1,0
70,102,1,1,0,0.1,0.1,0.1,0.1,0,0.1,0.3,0,0.2,0
70,14,2,58.5,1.5,3.7,1.8,6.9,15.4,1.8,13,5.9,3.9,4.2,0.4
70,3,0,1363,95,115.5,99.5,309,254,52,164,125,92,45,12
70,41,1,2,0,0.2,0.2,0.4,0.3,0.1,0.3,0.2,0.1,0.2,0
70,117,1,9,0.3,0.4,0.4,0,2.4,0.3,1,2.8,0.3,0.7,0.4
70,127,1,2,0.1,0.3,0.1,0.2,0.4,0,0.3,0.3,0.1,0.1,0.1
70,106,1,3,0.2,0.2,0.2,0.5,0.8,0.1,0.2,0.6,0.1,0.1,0
70,69,1,30,3.6,1,1.2,10.8,2,0,4.6,4,2.2,0.4,0.2
70,25,1,2,0.1,0.2,0,0.2,0.6,0,0.2,0.3,0.2,0.2,0
70,0,3,92,9,7.1,2,22.5,18.8,3.4,7.7,9.3,10.2,0.8,1.2
70,126,1,1,0,0.2,0,0.1,0.2,0,0.2,0.1,0,0.1,0.1
70,79,1,1,0,0.1,0.1,0.2,0.1,0,0.1,0.2,0,0.2,0
70,13,1,174,2.6,11.2,12.7,16.6,38.8,1,23.9,45,6.6,11.6,4
70,82,2,11,0.6,0.7,0,1.7,2.1,0,2.2,1.3,1,1.4,0
70,60,2,10,0,0.3,0.9,0.5,3.5,0.2,0,1.6,0.9,1.6,0.5
70,114,1,1,0,0.1,0.1,0,0.3,0,0,0.2,0,0.2,0.1
70,64,1,1,0.1,0.2,0,0.2,0.2,0.1,0,0,0.2,0,0
70,81,1,11,0.6,0.8,0,1.7,2.1,0,2.3,1.3,0.9,1.3,0
70,116,1,1,0,0,0.1,0,0.3,0,0.1,0.3,0,0.1,0.1
70,95,1,2,0,0.2,0.1,0.2,0.3,0,0.5,0.5,0.1,0.1,0
45,104,2,9,0.3,0.5,0.9,0.7,2.7,0.2,1.8,0.4,0.4,1.1,0
45,121,1,1,0,0,0.1,0,0,0,0.2,0.4,0,0.3,0
45,96,3,56,1.8,2.9,0.5,5.5,8.7,0.7,10,14.7,1.9,9.1,0.2
45,71,2,2,0,0,0,0,0.4,0,0.6,0.4,0,0.6,0
45,58,1,4,0.2,0.2,0,0.9,0.1,0.2,0.2,0.9,0.5,0.8,0
45,10,1,2,0,0.2,0.1,0.1,0.6,0,0.4,0.4,0.1,0.1,0
45,90,1,4,0,0,0.3,0.4,0.5,0.2,0.5,1.3,0,0.8,0
45,89,1,4,0,0,0.3,0.4,0.5,0.2,0.5,1.3,0,0.8,0
45,52,1,4,0.1,0.6,0.2,0.2,1.2,0,0.5,0.6,0.3,0.3,0
45,92,1,27,0.1,3.4,0.1,5.7,4.7,1.2,5.5,4.6,1.3,0.4,0
45,46,1,2,0,0.2,0.1,0.2,0.7,0,0.5,0,0.1,0.1,0.1
45,100,2,4,0.1,0.3,0.1,0.4,0.8,0.1,0.8,0.9,0.3,0.2,0
45,36,1,2,0,0.1,0.1,0.3,0.5,0,0.5,0.2,0.1,0.2,0
45,79,1,3,0.1,0.2,0.1,0.6,0.5,0.1,0.2,0.4,0.1,0.5,0.2
45,72,1,2,0,0,0,0,0.4,0,0.6,0.5,0,0.5,0
45,95,1,32,1.2,2.7,3.3,4.7,6.9,2,5.9,1.9,2.1,1.2,0.1
45,39,1,3,0,0.1,0.1,0.5,0.7,0.1,0.8,0.3,0.1,0.3,0
45,93,3,13,0.4,1.3,0.9,1.7,2.5,0.2,1.9,3,0.3,0.7,0.1
45,78,2,5,0.2,0.3,0.1,1.1,0.9,0.2,0.3,0.6,0.1,0.8,0.4
45,16,2,17,0.4,1.2,0.7,3,3.1,0,3.1,4.3,0.7,0.2,0.3
45,17,3,29,0.8,2.1,1.1,5,5.5,0.1,5.4,7,1.2,0.4,0.4
45,97,1,2,0,0.2,0.2,0.1,0.3,0,0.1,0.7,0,0.3,0.1
45,18,4,62,1.4,6.8,1.6,11.1,12.2,1.7,11.5,10.2,4.1,1.1,0.3
45,13,1,45,1.5,0.7,3,8.9,4.9,0.2,9.8,11.9,0.5,2.4,1.2
45,14,2,19,1.6,0.9,0.4,1.1,2.2,0.1,4.7,4.5,0.6,2.8,0.1
45,99,1,6,0.2,0.4,0.2,0.6,1.1,0.3,1.1,1.4,0.4,0.3,0
45,94,2,12,0.5,1.6,0.8,1.7,2.2,0,2.1,2.3,0.3,0.3,0.2
45,74,1,2,0,0,0,0,0.4,0,0.6,0.5,0,0.5,0
45,101,1,2,0.1,0.1,0.2,0.2,0.6,0,0.4,0.1,0.1,0.2,0
45,80,1,1,0.1,0,0,0.2,0,0,0.1,0.5,0,0.1,0
20,36,1,81,6.6,5.3,8,23.5,17.9,3.3,3.4,1.9,11.1,0,0
20,63,2,7,0.1,0.4,0.7,0.5,1.7,0,0.8,1.9,0.2,0.7,0
20,66,1,1,0.1,0.1,0,0,0.2,0,0.2,0.3,0,0.1,0
20,69,2,7,0.3,0.4,0.1,0.5,1.7,0.2,1.5,1.4,0.2,0.7,0
20,62,1,8,0,0.5,0.8,0.2,2.2,0,1,2.4,0.2,0.7,0
20,34,0,217,3,10,7,30,33,1,26,40,9,57,1
20,27,2,20,0.3,2.9,0.9,2.8,5.5,0.1,1,4.1,1.7,0.4,0.3
20,35,1,90,3,3.2,3.4,8.4,10.9,1,11.5,22.7,2,20.9,3
20,7,3,15,0.4,1.2,1.2,2,4.8,0.2,1.8,1.4,0.8,0.8,0.4
20,2,1,4,0,0.3,0.4,0.3,1.2,0,0.8,0.6,0.4,0,0
20,111,1,4,0,0.1,0,0.4,0.5,0,1,1.2,0,0.7,0.1
20,61,1,160,6.4,15.8,7.9,19.7,31.7,4,20.4,27.3,8.4,16.4,2
20,28,2,53,2.6,3.2,3,12.7,8.8,1.1,6.5,8.5,2.1,3.9,0.6
20,21,1,3,0.1,0.2,0.2,0.7,0.4,0.1,0.6,0.4,0.1,0.2,0
20,65,1,2,0.1,0.1,0.2,0.3,0.3,0,0.2,0.4,0.1,0.3,0
20,9,2,16,0.6,1.1,1,2.3,4.4,0.4,1.8,1.9,1,1.4,0.1
20,68,2,41,1.6,0.7,1,4.3,6.1,1,9.4,6.6,2.5,6.8,1
20,120,1,2,0.1,0.1,0,0.2,0.3,0,0.4,0.5,0.1,0.3,0
20,33,1,12,0.3,0.8,1.2,1.3,3.2,0.2,1.7,2.2,0.2,0.7,0.2
20,6,2,11,0.3,1.2,0.8,1.6,3.8,0.2,1.1,0.9,0.5,0.3,0.3
20,100,1,2,0,0,0,0.2,0.1,0.1,0.7,0.5,0.1,0.3,0
20,8,3,45,1.5,5.7,3,4.6,12.8,0.1,4.9,3.4,4,3.9,1.1
20,59,1,7,0,0.3,0.5,0.7,1.4,0.2,1.6,1.6,0.2,0.5,0
20,41,1,10,0.4,0.6,0.8,0.8,2.7,0.2,1.9,0.8,0.6,0.6,0.6
20,112,1,2,0,0.1,0,0.2,0.2,0,0.5,0.6,0,0.3,0.1
20,73,1,3,0.1,0.2,0.2,0.5,0.3,0.1,0.9,0.4,0.1,0.2,0
20,86,2,4,0,0.2,0.2,0.8,1,0,0.6,1,0,0.2,0
20,56,1,7,0.1,0.8,0.5,0.5,1.1,0,1.2,1.5,0.3,0.5,0.5
20,29,1,9,0.1,0.5,0.8,0.4,2.1,0.2,1.5,1.6,0.3,1.3,0.2
20,88,1,2,0,0.1,0.1,0.4,0.5,0,0.3,0.5,0,0.1,0
20,60,1,32,0.3,2.2,0.7,1.7,3.7,0,8,9.5,4.5,0.7,0.7
20,3,1,1,0,0.1,0.1,0.1,0.3,0,0.2,0.1,0.1,0,0
20,25,1,2,0.1,0.2,0.1,0.4,0.3,0,0.4,0.3,0.1,0.1,0
20,126,2,7,0.2,0.3,0.2,1.9,0.4,0.2,1.2,1.6,0.6,0.4,0
74,77,2,7,0.2,0.5,0,0.7,1.2,0,0.5,2.3,0.2,1.4,0
74,104,2,5,0,0.9,0.1,0.4,1.3,0,0.2,1.4,0.1,0.6,0
74,27,1,34,0.3,3.4,1.5,4.9,7.7,0.2,3.5,3.3,3,4.2,2
74,2,1,37,0.2,0.8,0,3,7.2,0.2,9.6,14.9,0.3,0.8,0
74,24,1,50.5,0.1,10.6,3.1,4.5,19.4,0.1,4.3,1.2,5.1,0.1,2
74,20,1,2,0.1,0.2,0,0.2,0.6,0,0.2,0.3,0.2,0.2,0
74,21,1,11,0.2,1.5,0.8,1.6,2.9,0.1,1.6,0.7,0.6,0.6,0.4
74,7,1,3,0,0.4,0.2,0.1,0.8,0,0.3,0.7,0,0.5,0
74,106,1,2,0.1,0.1,0.1,0.1,0.5,0,0.4,0.5,0,0.2,0
74,98,1,1,0,0.1,0.1,0,0.3,0,0.1,0.3,0,0.1,0
74,5,1,2,0,0.2,0.1,0.3,0.4,0,0.1,0.5,0.1,0.2,0.1
74,116,2,4,0,0.1,0.2,0.5,0.7,0.1,0.8,0.7,0.4,0.5,0
74,31,1,1,0,0.1,0.1,0,0.3,0,0.2,0.2,0,0.1,0
74,89,1,2,0,0.3,0,0.2,0.6,0,0.2,0.3,0.1,0.2,0.1
74,71,1,3,0.3,0.2,0,0.8,0.4,0.2,0.2,0.3,0.5,0.1,0
74,72,2,5,0.6,0.3,0,1.2,0.7,0.3,0.4,0.5,0.9,0.1,0
74,78,1,4,0.1,0.3,0,0.4,0.7,0,0.3,1.3,0.1,0.8,0
74,52,1,4,0.6,0.1,0.1,1.6,0.4,0.2,0.1,0.3,0.4,0.2,0
74,23,1,143.5,3.4,10.3,5.5,15.1,21.5,1.2,33.1,41.3,4.1,5.1,2.9
74,87,2,2,0,0.2,0,0.2,0.6,0,0.2,0.4,0.2,0.2,0
74,9,1,2,0.1,0.2,0,0.5,0.3,0.1,0.1,0.3,0.3,0,0.1
74,70,1,5,0.6,0.3,0,1.3,0.7,0.3,0.4,0.4,0.9,0.1,0
74,36,1,4,0,0.4,0.4,0.8,0.6,0.2,0.6,0.3,0.3,0.4,0
74,1,2,132,3.4,16.4,8,23.9,33.2,3.5,16,11.6,11.6,3.4,1
74,112,1,1,0,0.1,0,0.1,0.2,0,0.1,0.3,0.1,0.1,0
74,124,1,2,0,0.1,0.1,0.2,0.4,0,0.4,0.4,0.2,0.2,0
74,86,2,10,0.2,1.3,0,1.1,2.8,0,1.1,1.7,0.7,0.7,0.4
74,88,2,7,0.2,0.9,0,0.7,1.9,0,0.8,1.2,0.5,0.5,0.3
74,12,1,12,1.2,0.9,0.2,3.7,1.6,0.2,0.3,1.6,1.4,0.9,0
74,111,2,30,0,1.8,0.9,2.7,7,0,1.8,10.5,1.8,3.5,0
74,59,1,6,0,0.3,1,1.2,1.5,0,1,1,0,0,0
74,63,1,4,0,0.2,0.6,0.8,1,0,0.7,0.7,0,0,0
74,22,2,125,3,14.2,6.4,13.7,28,1.4,25.7,13.9,6.3,9.5,2.9
74,64,1,2,0,0.1,0.3,0.4,0.5,0,0.3,0.4,0,0,0
74,25,1,5,0.3,0.3,0.2,1.1,0.9,0.3,0.6,0.5,0.3,0.4,0.1
74,102,1,2,0,0.4,0.1,0.1,0.5,0,0.1,0.6,0,0.2,0
74,44,1,2,0,0.2,0.2,0.4,0.3,0.1,0.3,0.2,0.1,0.2,0
74,79,1,3,0.1,0.2,0,0.3,0.5,0,0.2,1,0.1,0.6,0
74,105,1,8,0,1.5,0.2,0.6,2,0,0.4,2.2,0.2,0.9,0
3,51,1,2,0,0,0,0.1,0.1,0,0.8,0.6,0,0.4,0
3,41,2,5,0.1,0.2,0.3,0.5,0.9,0,1,1.2,0.2,0.5,0.1
3,36,1,5,0.1,0.7,0.6,0.7,1.1,0,0.4,0.7,0.2,0.4,0.1
3,69,2,4,0,0.2,0.2,0.8,0.6,0,0.4,1,0,0.6,0.2
3,11,1,102,1,12.1,2.6,10.6,23.5,1.3,8,24.1,8.1,9.3,1.4
3,46,1,20,1.1,1.4,1.2,3.3,4.4,0.4,1.9,4.4,0.7,1.2,0
3,55,1,1,0,0,0,0,0.1,0,0.4,0.3,0,0.2,0
3,47,1,75,3.3,3.9,4.4,11,12.3,2.1,7.6,14.3,8.7,6.4,1
3,24,2,12,0.2,1.1,0.8,0.8,3.5,0.2,1.9,2,0.4,0.8,0.3
3,45,1,1,0,0,0.1,0.1,0.2,0,0.2,0.3,0,0.1,0
3,54,1,2,0,0,0,0.1,0.1,0,0.8,0.6,0,0.4,0
3,57,1,4,0,0.6,0,0.5,0.8,0,0.9,0.8,0.4,0,0
3,23,1,1,0,0.1,0.1,0.1,0.3,0,0.1,0.2,0,0.1,0
3,59,1,3,0,0.5,0,0.4,0.6,0,0.6,0.6,0.3,0,0
3,81,1,2,0,0,0.1,0.5,0.1,0.1,0.6,0.4,0.1,0.1,0
3,12,2,71,3,3.4,5.4,11.3,13,0.5,10.1,14.5,4.6,4.6,0.6
3,25,2,12,0.2,1.1,0.8,0.8,3.5,0.2,1.9,2,0.4,0.8,0.3
3,80,1,2,0,0,0.1,0.5,0.1,0.1,0.6,0.4,0.1,0.1,0
3,48,2,71,2.8,6.1,2,11.6,17.2,1.2,5.5,10.7,5.7,5.2,3
3,40,1,20,1.4,2.2,0.5,3.4,3.8,1.2,1.9,2.9,1.7,1,0
3,74,1,3,0.1,0.1,0.1,0.6,0.5,0.1,0.2,0.8,0,0.4,0.1
3,9,1,1,0.1,0.1,0.1,0.1,0.2,0,0.2,0.1,0,0.1,0
3,99,2,3,0.1,0.3,0,0.2,0.6,0,0.6,0.6,0,0.4,0.2
3,106,2,58,1.4,1.5,3.3,5.4,11.5,0,10.2,12.6,3.5,7.6,1
3,104,2,36,0.5,6.1,0.5,1.8,9.8,0,6.1,7.4,2.4,1.4,0
3,107,1,10,0.2,0.2,0.5,1.4,1,0,2.1,3.4,0.2,1,0
3,105,1,148.5,2.2,12.2,4.7,20.7,19.5,7,23.2,33.7,5.8,19.5,0
3,116,1,1,0,0.1,0.1,0.2,0.2,0,0.1,0.1,0.1,0.1,0
3,98,1,2,0.1,0.2,0,0.1,0.4,0,0.4,0.4,0,0.3,0.1
3,101,1,4,0,0.1,0.3,0.7,1.2,0.2,0.4,0.5,0.2,0.4,0
3,111,1,6,0,0.7,0.2,0.9,1.5,0,1.7,0.8,0.2,0,0
3,88,1,1,0,0.1,0.1,0.1,0.2,0,0.1,0.2,0.1,0.1,0
76,115,2,8,0.4,0.4,0.4,0.7,0.8,0,1.1,3,0.4,0.8,0
76,10,2,3,0.1,0,0,0.5,0.3,0,1.2,0.9,0,0,0
76,100,2,12,0,1.5,0.7,0.4,3.7,0,1.6,3,0.4,0.7,0
76,11,2,9,0.4,0.6,0.4,1.2,1.3,0.1,0.9,3.4,0.2,0.5,0
76,96,2,54,1.5,2.6,2.6,10.3,7.5,1.5,5.3,9.3,4.6,8.2,0.6
76,2,2,12,0.3,1.8,0.7,0.8,2.2,0.7,1.8,1.1,1.5,1.1,0
76,91,1,1,0.1,0,0,0.1,0.1,0,0.2,0.3,0,0.1,0.1
76,4,1,13,0.4,1.9,0.8,0.8,2.3,0.8,2,1.2,1.6,1.2,0
76,92,1,2,0.1,0.1,0,0.1,0.3,0,0.4,0.5,0,0.3,0.2
76,81,2,5,0.1,0.4,0,0.5,0.9,0,0.4,1.6,0.1,1,0
76,120,1,12,0.2,0.3,0.5,1.4,2.1,0.2,2.4,2.1,1.3,1.5,0
76,121,1,4,0,0.1,0.2,0.5,0.7,0.1,0.8,0.7,0.4,0.5,0
76,14,3,10,0.5,0.7,0.5,1.3,1.5,0,1,3.7,0.3,0.5,0
76,95,2,43,2.9,2.2,0,2.9,5.8,0.7,7.3,10.9,0.7,6.6,3
76,12,1,2,0.1,0.1,0.1,0.3,0.3,0,0.2,0.7,0.1,0.1,0
76,97,1,4,0.1,0.3,0.3,0.4,0.8,0.1,0.4,0.4,0.1,1,0.1
76,88,1,1,0,0.1,0,0.1,0.3,0,0.1,0.2,0.1,0.1,0
76,107,1,3,0.1,0.1,0.2,0.2,0.7,0,0.6,0.8,0,0.3,0
76,102,1,4,0,0.7,0.1,0.3,1,0,0.2,1.1,0.1,0.5,0
76,111,1,1,0,0.1,0.1,0.1,0.1,0,0.1,0.4,0,0.1,0
76,45,1,2,0,0.2,0.2,0.4,0.3,0.1,0.3,0.2,0.1,0.2,0
76,74,1,1,0.1,0.1,0,0.2,0.1,0.1,0.1,0.1,0.2,0,0
76,101,2,5,0,1,0.2,0.3,1.3,0,0.2,1.4,0.1,0.5,0
76,119,2,7,0,0.2,0.3,0.9,1.2,0.2,1.4,1.2,0.7,0.9,0
76,79,1,1,0,0.1,0,0.1,0.2,0,0.1,0.3,0,0.2,0
76,80,1,3,0.1,0.2,0,0.3,0.5,0,0.2,1,0.1,0.6,0
76,13,1,5,0.2,0.3,0.2,0.7,0.7,0.1,0.5,1.9,0.1,0.3,0
76,0,1,3,0,0.1,0,0.1,0.7,0,0.2,1.7,0,0.1,0.1
87,96,2,24,2.4,0.9,0,3.3,6.6,0.8,2.4,5.8,0.9,0.9,0
87,118,3,11,0,0.5,0.5,0.7,2.6,0,1.2,2.8,0.5,1.8,0.4
87,20,1,42,0.2,4.3,0.2,3.9,11.3,0,9.9,9.5,0.5,1.1,1.1
87,6,1,3,0.2,0.1,0.2,0.2,0.6,0.1,1.1,0.4,0.1,0,0
87,119,1,5,0,0.2,0.2,0.4,1.2,0,0.6,1.3,0.2,0.8,0.1
87,77,1,1,0,0.1,0.1,0,0.2,0,0.1,0.3,0,0.2,0
87,9,1,1,0.1,0,0.1,0.1,0.2,0,0.4,0.1,0,0,0
87,21,1,2,0,0,0.2,0.3,0.5,0,0.5,0.3,0.1,0.1,0
87,89,1,1,0.1,0.1,0.1,0.1,0.2,0,0.1,0.2,0,0,0.1
87,92,1,2,0,0,0.1,0.8,0.1,0,0.3,0.6,0,0.1,0
87,69,1,12,0.7,0.8,0.3,2.5,1.8,0.2,1.4,2,0.6,1.7,0
87,44,1,6,0,0.5,0.5,1.2,1,0.3,1,0.4,0.4,0.7,0
87,95,2,5,0,0,0.2,1.9,0.2,0.1,0.8,1.4,0.1,0.3,0
87,68,2,9,0.6,0.6,0.2,1.9,1.4,0.1,1.1,1.5,0.4,1.2,0
87,19,3,68,1.5,5.2,4.1,10.9,17.5,1.3,14.6,5.1,3,3.4,1.4
87,0,1,8,0.8,0.4,0.2,1.1,2.3,0.2,0.8,0.6,0.6,0.8,0.2
87,67,4,18,1,1.2,0.5,3.7,2.8,0.1,2.2,3,0.9,2.6,0
87,81,1,4,0.2,0.2,0.3,0.2,0.7,0.2,0.3,1.1,0.1,0.6,0.1
71,11,0,802.5,42.5,65.5,53,149,168,21,92,119,30.5,57,5
71,71,3,26,1.8,1.1,0.4,6.6,4.1,0.7,4.8,2.7,0.7,3.1,0
71,6,0,389.5,20,22.5,17,55,70,11,58,53,24,51,8
71,100,2,4,0,0.2,0.2,0.4,0.8,0.2,0.4,1.4,0.2,0.2,0
71,5,0,563,18,37.5,41,105,102,14.5,93,69,30,48,5
71,7,0,287.5,7,18,22.5,69,53,8,35,45,9,15,6
71,116,1,2,0.1,0.3,0.1,0.5,0.4,0.1,0,0.1,0.2,0.2,0
71,70,0,18,0,1,0,0,4,0,7,5,0,1,0
71,9,1,287,5.1,24.1,19.5,37.4,61.6,10,43.7,47.1,17.1,18.3,3.1
71,10,1,11,0.3,0.3,1.1,0.8,1.4,0,1.4,4.5,0.3,0.6,0.3
71,4,0,591.5,22,28.5,38,103,101,12,90,116,26,48,7
71,15,2,6,0.2,0.6,0.2,0.8,1.4,0.2,1,0.8,0.6,0.2,0
71,2,1,165,3.2,19.5,9,17.5,35.4,3.1,20.9,31.4,10.3,14.5,0.2
71,115,2,21,0.6,1.3,2.6,0.6,5.7,0.6,0.6,4.5,0.6,3.2,0.7
71,106,3,57,1.6,5.3,2.3,6.5,10,0.6,8.3,16.1,1.1,4.2,1
71,114,1,6,0.2,0.3,0.7,0.2,1.6,0.2,0.2,1.3,0.2,0.9,0.2
71,121,3,33,1,2.1,4.9,7,4.9,2.1,5,2.1,2.9,1,0
71,61,4,64,3.6,12,0.9,14.9,13.9,3.7,1.9,0.9,10.2,1,1
71,12,0,344,3,20,11,34,54,2,54,93,15,50,8
71,1,0,217,3,15,7,19,34,3,66,49,5,14,2
71,72,1,2,0.1,0.1,0,0.5,0.3,0.1,0.4,0.2,0.1,0.2,0
71,78,1,2,0.1,0.1,0.1,0.4,0.2,0.1,0.2,0.4,0.1,0.3,0
71,8,1,326,18.1,35.2,21.1,63.2,54.4,8.1,38.2,33.4,25.1,26.2,3
71,59,2,4,0,0.2,0.4,0.2,1.4,0,0,0.6,0.4,0.6,0.2
71,103,1,26,1.2,0.2,1.6,2.5,3.7,0.1,4.7,7.7,0.2,4.1,0
71,123,1,4,0,0.2,0,0.4,0.4,0,1.1,0.7,0.3,0.9,0
71,102,3,95,1.6,7.9,7.9,6.2,17.8,1.5,8.8,23.3,3.9,15.1,1
71,14,2,35,1.8,3.1,0.9,4.4,8.5,0.9,5.8,4.4,3.3,1.4,0.5
71,16,3,14,0.5,1.2,0,1.6,4.5,0,1.2,2.5,1.2,1.3,0
71,3,0,955,50.5,81,63,158,205,27,123,147,70.5,27,3
71,13,0,199.5,5,10.5,12.5,23,37,3,54,32,4.5,17,1
71,112,2,6,0.1,0.6,0.2,0.7,1.2,0,1.1,1.2,0.6,0.3,0
71,110,1,2,0.1,0.1,0.2,0.3,0.5,0,0.2,0.4,0.1,0.1,0
71,118,1,5,0.2,0.8,0.3,1.1,1,0.3,0.1,0.1,0.6,0.4,0.1
71,76,1,1,0,0.1,0.1,0.2,0.1,0,0.1,0.2,0,0.2,0
71,120,2,29,1.3,1.9,2,4.6,6.6,0.6,7.3,3.3,0.7,0.7,0
71,0,1,15,1.2,1.3,0.3,4.4,2.8,1.1,1.6,1.2,0.9,0,0.2
71,127,2,7,0.3,1.1,0.2,0.9,1.3,0.2,1.2,1,0.2,0.3,0.3
71,124,1,5,0,0.2,0,0.5,0.5,0,1.4,0.9,0.4,1.1,0
71,79,1,2,0.1,0.1,0.1,0.4,0.2,0.1,0.2,0.4,0.1,0.3,0
71,18,1,4,0.1,0.3,0,0.5,1.3,0,0.4,0.7,0.3,0.4,0
71,113,1,3,0.1,0.3,0.1,0.4,0.6,0,0.5,0.6,0.3,0.1,0
71,93,1,2.5,0.1,0.2,0.1,0.3,0.4,0,0.6,0.6,0.1,0.1,0
71,82,3,13,0.6,0.9,0,2,2.6,0,2.7,1.6,1,1.6,0
71,101,2,10,0.3,0.4,1,0.9,1.2,0.1,1.2,2.7,0.4,1.8,0
71,60,2,23,0,0.6,1.8,1.3,8,0.6,0,3.8,1.8,3.8,1.3
71,81,1,2,0.1,0.1,0,0.3,0.4,0,0.4,0.2,0.2,0.3,0
71,94,1,7,0.2,0.6,0.3,0.8,1.2,0,1.9,1.6,0.2,0.2,0
71,117,1,3,0.1,0.5,0.2,0.7,0.6,0.2,0,0.1,0.4,0.2,0
73,6,2,50,1,4.4,2.8,3.4,6.9,1,8.2,16.4,2,3.9,0
73,26,2,16,0.8,3.1,1.1,1.9,6.3,0.4,1.1,0.8,0,0.5,0
73,124,1,1,0,0,0.1,0.1,0.2,0,0.2,0.2,0.1,0.1,0
73,2,2,33,1.2,4.3,0,5.5,6.7,1.3,3,4.9,1.8,4.3,0
73,10,2,70.5,2.2,5.4,3.5,13,14.6,2.2,13.2,8.6,4.6,1,2.2
73,7,4,32,0,4.2,2.1,1.4,8.4,0,3.4,7,0,5.5,0
73,5,2,15,0.2,1.4,0.5,2.1,2.8,0.2,1.2,3.5,0.9,1.5,0.7
73,100,1,2,0,0.2,0.1,0.1,0.6,0,0.3,0.5,0.1,0.1,0
73,4,2,22,0.3,2.1,0.7,3.1,4.1,0.3,1.7,5.1,1.4,2.1,1.1
73,109,2,5,0.1,0.1,0.4,0.4,1.2,0,1,1.3,0,0.5,0
73,9,2,186,10.7,18.9,2,40.9,23.3,11.1,25.1,21.3,25.2,6,1.5
73,8,1,1,0,0.1,0,0.3,0.1,0.1,0.1,0.1,0.1,0,0.1
73,105,2,4,0,0.8,0.2,0.2,1,0,0.2,1.2,0,0.4,0
73,69,1,10,1.1,0.6,0,2.6,1.4,0.6,0.8,0.9,1.7,0.3,0
73,42,2,6,0,0.6,0.6,1.2,0.9,0.3,0.9,0.5,0.4,0.6,0
73,32,1,6,0,0.6,0.5,0.2,1.6,0,1,1.5,0.3,0.3,0
73,27,2,18,0.9,3.5,1.3,2.2,7,0.4,1.3,0.9,0,0.5,0
73,102,1,1,0,0.2,0,0.1,0.3,0,0,0.3,0,0.1,0
73,3,2,102,2.4,5.6,1.7,8.8,13.9,0.5,10.1,40.8,2.6,14.6,1
73,23,1,4,0.1,0.5,0.3,0.6,1,0,0.6,0.3,0.2,0.2,0.2
73,0,1,107,0.9,10.5,4.7,12.5,31.4,1,15.6,12.5,9.2,3.3,5.4
73,117,3,16,0.1,0.5,0.7,1.9,2.9,0.2,3.2,2.9,1.7,1.9,0
73,99,1,1,0,0.1,0.1,0,0.3,0,0.1,0.3,0,0.1,0
73,12,3,48,4.6,3,1.5,10,7.4,0.5,3.5,9.5,3,5,0
73,13,2,11,1,0.9,0.2,3.4,1.5,0.2,0.2,1.5,1.2,0.9,0
73,82,1,1,0,0.1,0,0.1,0.2,0,0.1,0.3,0,0.2,0
73,118,1,2,0,0.1,0.1,0.2,0.4,0,0.4,0.4,0.2,0.2,0
73,25,2,4,0.2,0.3,0.1,0.9,0.7,0.3,0.5,0.4,0.3,0.3,0
73,88,1,7,0.1,0.9,0,0.8,1.9,0,0.8,1.2,0.5,0.5,0.3
73,24,1,3,0.2,0.2,0.1,0.7,0.5,0.2,0.4,0.3,0.2,0.2,0
73,1,0,206,7,25.5,13.5,34,53,6,30,17,12,4,4
73,22,1,2,0,0.3,0.2,0.3,0.5,0,0.3,0.1,0.1,0.1,0.1
73,120,1,1,0,0,0.1,0.1,0.2,0,0.2,0.2,0.1,0.1,0
73,111,1,3,0,0.2,0.1,0.3,0.7,0,0.2,1,0.2,0.3,0
73,74,1,5,0.6,0.3,0,1.3,0.7,0.3,0.4,0.4,0.9,0.1,0
84,27,1,1,0,0.1,0.1,0.2,0.2,0.1,0.2,0.1,0,0,0
84,75,3,14,0.6,0.6,0.7,1.7,2.3,0.5,1.2,2.8,1.6,1.8,0.2
84,20,2,121,1.4,13.4,5.4,13.1,29,1.7,17.8,24.8,6,7,1.4
84,94,1,3,0,0,0.1,1.1,0.1,0.1,0.5,0.9,0.1,0.1,0
84,81,1,5,0.2,0.3,0.3,0.2,0.9,0.2,0.5,1.4,0.1,0.8,0.1
84,72,1,2,0.1,0.1,0.1,0.2,0.3,0.1,0.2,0.4,0.2,0.3,0
84,19,1,351,24,41.9,17.1,74.2,63.8,8.1,54.3,37.9,22.6,4.1,3
84,55,2,7,0.3,0.4,0.5,1.2,1.9,0.2,0.9,1,0.2,0.4,0
84,118,1,4,0,0.2,0.2,0.3,0.9,0,0.5,1,0.2,0.6,0.1
84,48,1,2,0.1,0.1,0.1,0.4,0.5,0.1,0.2,0.3,0.1,0.1,0
84,16,3,40.5,1.7,4,0.8,4.6,10.1,0,3.8,8.8,3.8,2.1,0.8
84,125,1,3,0,0,0.1,0.3,0.9,0,0.7,0.5,0,0.3,0.2
84,106,1,2,0.1,0.2,0,0.2,0.3,0,0.5,0.6,0.1,0,0
84,92,1,1,0,0,0,0.4,0,0,0.2,0.3,0,0.1,0
84,107,2,5,0.2,0.4,0.1,0.5,0.8,0,1.2,1.5,0.3,0,0
84,46,1,2,0.1,0.1,0.1,0.4,0.5,0.1,0.2,0.3,0.1,0.1,0
84,112,1,2,0,0.1,0.1,0.3,0.3,0,0.2,0.6,0.1,0.3,0
84,111,1,22,0.3,0.9,0.6,3.1,3.1,0.3,2.1,7,0.6,3.7,0.3
84,110,4,30,0,0.8,0,6.6,3.4,0,7.4,6.6,1.8,3.4,0
84,64,3,38.5,1.3,3.8,4.1,8,7.4,1.3,6.7,2.6,2,0.6,0.7
84,127,1,1,0,0.1,0,0.2,0.2,0,0.2,0.2,0.1,0,0
84,65,0,31,1,3,1,9,6,1,5,1,3,1,0
84,18,3,55,0.2,4.6,3.4,6,12.2,0.7,16.2,7.2,3.7,0.6,0.2
84,17,2,12,0.5,1.2,0.2,1.4,3,0,1.1,2.6,1.1,0.7,0.2
84,60,2,3,0.1,0.2,0.2,0.3,0.6,0,0.6,0.9,0.1,0,0
84,80,1,6,0.3,0.4,0.4,0.3,1,0.3,0.5,1.7,0.1,0.9,0.1
84,34,1,4,0,0.6,0.2,1,0.8,0.2,0.7,0.3,0.1,0.1,0
84,13,1,1,0.1,0,0.1,0.1,0.2,0,0.4,0.1,0,0,0
81,119,1,1,0,0.1,0.1,0.1,0.2,0,0.2,0.2,0,0.1,0
81,91,2,4,0,0,0.2,1.6,0.2,0,0.6,1.2,0,0.2,0
81,31,1,3,0,0.4,0.2,0.7,0.6,0.2,0.5,0.2,0.1,0.1,0
81,81,2,46.5,1.2,2.9,0,8.7,8.5,1,3.8,13.1,2.9,3.4,1
81,89,2,3,0,0.2,0.1,0.1,1.1,0,0.2,0.9,0.1,0.3,0
81,29,1,1,0.1,0.1,0.1,0.2,0.2,0,0.2,0.1,0,0,0
81,28,1,4,0.4,0.4,0.3,0.9,0.8,0.1,0.6,0.2,0.2,0.1,0
81,107,1,2,0.1,0.2,0,0.2,0.3,0,0.5,0.6,0.1,0,0
81,35,1,2,0,0.3,0.1,0.5,0.4,0.1,0.3,0.2,0,0.1,0
81,14,1,2.5,0.2,0.2,0.3,0.4,0.6,0,0.2,0.2,0.2,0.1,0.1
81,88,1,1,0,0.1,0,0,0.4,0,0.1,0.3,0,0.1,0
81,97,1,4,0.3,0.3,0.3,0.7,1.1,0.3,0.5,0.1,0.2,0.1,0.1
81,112,1,2,0.1,0.1,0.1,0.3,0.4,0,0.2,0.3,0.2,0.3,0
81,111,3,36,1.2,1.7,2.2,5.9,6.9,0.3,4.6,4.9,3.1,4.6,0.6
81,72,1,5,0.2,0.2,0.3,0.6,0.8,0.2,0.4,1,0.6,0.6,0.1
81,123,1,2,0.1,0.1,0.1,0.1,0.4,0.1,0.6,0.3,0,0.1,0.1
81,80,1,3,0.2,0.4,0.1,0.7,0.4,0.1,0.3,0.4,0.2,0.2,0
81,61,1,3,0.1,0.1,0.2,0.3,0.7,0.1,0.5,0.8,0.1,0.1,0
81,108,1,2,0.1,0.2,0,0.2,0.3,0,0.5,0.6,0.1,0,0
81,126,1,3,0,0.4,0.1,0.4,0.4,0,0.8,0.5,0.1,0.3,0
81,102,1,1,0.1,0.1,0.1,0.2,0.3,0.1,0.1,0,0,0,0
81,74,1,5,0.2,0.2,0.3,0.6,0.8,0.2,0.4,1,0.6,0.6,0.1
81,101,1,1,0.1,0.1,0.1,0.2,0.3,0.1,0.1,0,0,0,0
81,122,1,3,0.1,0.2,0.1,0.3,0.6,0.1,0.9,0.5,0,0.1,0.1
18,35,1,137,7.1,9.7,8.8,19.3,24.8,3,14.4,23.6,3,19.2,4.1
18,9,4,11,0.4,1.1,0.4,1.8,2.9,0.4,1,1.2,0.6,1.1,0.1
18,30,2,17,0.2,1,1.5,0.7,4.1,0.4,2.7,3,0.7,2.5,0.2
18,116,1,4,0.2,0.3,0,0.4,0.6,0,0.7,1,0.2,0.6,0
18,69,2,5,0.2,0.3,0.1,0.4,1.3,0.2,1,0.9,0.1,0.5,0
18,36,1,165.5,7.7,12.2,3.5,23.4,29.6,1.2,22.5,37.8,9,17.4,1.2
18,31,3,47,1.9,3.2,3.8,2.6,9,1.3,10.4,9,0.6,3.8,1.4
18,119,1,2,0.1,0.1,0,0.2,0.3,0,0.4,0.5,0.1,0.3,0
18,27,3,4,0,0.5,0.4,0.4,1.2,0,0.4,0.7,0.1,0.3,0
18,39,3,15,2,1.1,0,5,3,1.1,0.3,0.8,1.7,0,0
18,103,1,2,0,0,0,0.2,0.1,0.1,0.7,0.5,0.1,0.3,0
18,71,2,6,0.2,0.3,0.3,1.1,0.6,0.1,1.9,0.7,0.3,0.5,0
18,72,2,3,0.1,0.2,0.2,0.6,0.3,0,0.9,0.3,0.1,0.3,0
18,58,2,3,0.1,0.3,0.2,0.2,0.5,0,0.6,0.7,0.1,0.2,0.1
18,11,1,1,0.1,0.1,0.1,0.1,0.2,0,0.2,0.1,0,0.1,0
18,91,1,4,0,0.1,0.2,0.8,0.9,0.1,0.5,0.9,0.1,0.3,0.1
18,34,2,128,8.7,12.8,8.4,20.7,30.4,2.3,20.4,14.4,4.3,5.3,0.3
18,117,1,1,0,0.1,0,0.1,0.1,0,0.2,0.3,0,0.2,0
18,115,1,2,0,0.1,0,0.2,0.2,0,0.5,0.6,0,0.3,0.1
18,61,3,39,0,1.8,1.5,0.4,7.2,0,6.8,13.6,0.4,7.3,0
18,68,2,12,0.5,0.7,0.3,0.9,3,0.5,2.4,2.2,0.3,1.2,0
18,73,1,2,0.1,0.1,0.1,0.4,0.2,0,0.6,0.2,0.1,0.2,0
18,37,2,120.5,4.7,12,5.9,18.3,20.6,3.8,11.8,22.3,4.9,11.4,4.8
18,28,1,5,0,0.7,0.4,0.4,1.4,0.1,0.5,0.9,0.3,0.3,0
18,33,2,26,0.8,1.8,2.6,2.9,7,0.3,3.6,4.8,0.3,1.5,0.4
18,54,1,3,0.1,0.1,0.2,0.4,0.9,0,0.7,0.3,0.1,0.2,0
18,38,2,8,0.5,0.8,0.3,0.8,1.6,0.1,1,1.6,0.3,0.8,0.2
18,114,1,1,0,0,0,0.1,0.1,0,0.3,0.3,0,0.2,0
18,53,1,3,0.1,0.1,0.2,0.4,0.9,0,0.7,0.3,0.1,0.2,0
18,90,1,1,0,0,0.1,0.2,0.3,0,0.1,0.2,0,0.1,0
18,59,1,8,0,0.4,0.6,0.8,1.6,0.2,1.8,1.8,0.2,0.6,0
18,60,2,50,1,6.3,3.5,5.6,11.2,2.1,6.3,9.4,2.1,2.5,0
18,94,1,3,0,0.1,0.2,0.6,0.7,0,0.4,0.7,0,0.2,0.1
18,127,3,5,0,0.2,0.2,1.3,0.3,0.2,0.8,1.2,0.5,0.3,0
29,15,1,2,0.1,0.1,0,0.4,0.4,0,0.2,0.4,0.3,0,0.1
29,95,1,5,0.1,0,0.1,0.1,1.1,0,0.3,1.7,0.3,0.8,0.5
29,100,0,170.5,6,4.5,7,25,25,3,30,39,2,29,0
29,14,1,1.5,0.1,0.1,0,0.3,0.3,0,0.1,0.3,0.2,0,0.1
29,34,1,1,0.1,0.1,0,0.2,0.2,0,0.1,0.1,0.1,0.1,0
29,103,2,13,0.3,0.7,0.5,1.1,2.5,0.1,2,3.2,0.3,2.2,0.1
29,21,1,4,0.1,0.2,0,0.8,0.9,0.1,0.6,0.8,0.2,0.3,0
29,92,1,1,0,0,0,0,0.2,0,0.1,0.3,0.1,0.2,0.1
29,111,1,6,0,0.2,0.2,0.4,1,0,1.4,1.5,0.2,1,0.1
29,57,1,2,0.1,0.1,0,0.2,0.3,0,0.3,0.5,0.1,0.3,0.1
29,123,1,14,0,1.1,0.4,1.4,2.1,0,2.1,3.6,0.4,2.9,0
29,68,1,2,0,0.2,0,0.3,0.3,0.1,0.4,0.4,0.1,0.2,0
29,107,1,7,0,0.4,0.3,1.1,1,0,1.8,1.6,0.3,0.5,0
29,120,1,1,0,0,0.1,0,0.1,0,0.3,0.4,0,0.1,0
29,106,1,2,0,0.1,0.1,0.3,0.3,0,0.5,0.5,0.1,0.1,0
29,98,2,100,1.3,8,8,15.2,21.3,1.5,16.8,16.1,1.8,9.2,0.8
29,75,1,4,0,0,0,0.3,0.3,0.1,1.1,1.1,0.1,1,0
29,87,1,3,0.2,0.1,0.3,0.4,0.4,0.1,0.6,0.6,0,0.3,0
29,101,2,95,0.5,7.6,1.2,4.8,15.2,2,16.7,32.9,5.5,8.5,0.1
29,108,2,14,0,0.9,0.5,2.3,1.9,0,3.6,3.2,0.6,1,0
29,97,2,9,0,0.6,0,0,1,0,2.1,3.7,0,1.6,0
29,52,1,1,0,0.1,0,0.1,0.2,0,0.1,0.2,0.1,0.1,0.1
29,109,1,1,0,0.1,0,0.2,0.1,0,0.3,0.2,0,0.1,0
29,77,1,5,0,0.7,0.2,0.7,0.9,0,0.7,1.1,0.2,0.5,0
29,99,2,101.5,1.1,4.6,2.1,7.1,13.7,1.8,21,23.7,4.9,20.1,1.4
29,17,2,16,0.4,1.3,0.8,3.9,3.1,0,0.9,2.2,1.7,0.4,1.3
29,102,2,30,0.7,2.5,1.7,2.7,6.3,0,4.1,7.5,0.7,3.6,0.2
29,16,1,3,0.1,0.2,0.2,0.7,0.6,0,0.2,0.4,0.3,0.1,0.2
29,126,3,23.5,0.7,1.1,1.5,4.4,3.6,0,2.8,5.1,0.7,3.6,0
29,74,1,4,0,0,0,0.3,0.3,0.1,1.1,1.1,0.1,1,0
29,78,2,6,0,0.9,0.2,0.9,1,0,0.9,1.3,0.2,0.6,0
29,73,2,17,0,0,0,1.3,1.3,0.4,4.7,4.7,0.4,4.2,0
29,63,1,4,0.2,0.2,0,0.4,0.7,0,0.5,1.1,0.2,0.5,0.2
29,89,1,2,0.1,0.1,0.2,0.2,0.3,0.1,0.4,0.4,0,0.2,0
44,89,1,4,0,0,0.3,0.4,0.5,0.2,0.5,1.3,0,0.8,0
44,15,1,31.5,0.7,1.1,5.1,7.1,3.2,0,4.5,6.5,2,1.3,0
44,96,3,23,1.2,1.4,0,3.4,4.5,0.5,3.7,3.7,1.2,3.4,0
44,70,1,2,0.1,0.1,0.1,0.4,0.2,0.1,0.2,0.2,0.1,0.4,0.1
44,56,1,1,0,0.1,0,0.2,0,0.1,0.1,0.2,0.1,0.2,0
44,92,3,30,0,2.4,0.4,1,7.9,0,5.7,6.5,1.9,3.8,0.4
44,124,2,5,0,0,0.5,0,0.2,0,0.8,2.2,0,1.3,0
44,62,2,10,0,0,0.4,0.4,2.3,0,3.1,1.5,0.3,1.5,0.5
44,14,0,223.5,11,6.5,8,37,27,3,43,57,9,19,3
44,61,1,3,0,0,0.1,0.1,0.7,0,0.9,0.5,0.1,0.5,0.1
44,91,1,6,0,0.5,0.1,0.2,1.6,0,1.1,1.3,0.4,0.7,0.1
44,100,1,1,0,0.1,0,0.1,0.2,0,0.2,0.2,0.1,0.1,0
44,83,1,3,0.1,0.5,0.2,0.6,0.7,0,0.2,0.5,0,0.2,0
44,33,1,2,0.2,0.1,0.1,0.7,0.3,0,0.2,0.2,0.1,0.1,0
44,95,3,41,1.5,5.4,2.6,6,7.5,0,7.6,7.6,1.1,1.1,0.6
44,75,1,3,0,0,0,0,0.5,0,0.9,0.8,0,0.8,0
44,79,3,14,1,0,0.6,2.2,0,0.5,1.1,7,0,1.6,0
44,93,3,17,0.2,1.5,0.4,1,4.2,0,3.2,3.6,0.9,1.7,0.3
44,17,2,143,5.8,18.3,9.4,21.9,36.1,5,14.1,13.8,6.4,7.1,5.1
44,105,1,1,0,0.1,0.1,0.1,0.3,0,0.2,0,0.1,0.1,0
44,16,0,89,3,7,3,18,17,2,12,15,3,7,2
44,97,1,3,0.1,0.2,0,0.4,0.6,0.1,0.5,0.5,0.2,0.4,0
44,78,3,11,0.7,0.2,0.5,1.8,0.5,0.3,0.8,4.4,0.1,1.5,0.2
44,59,4,10,0.4,0.5,0,2.4,0.1,0.5,0.6,2.1,1.4,2,0
44,65,1,4,0,0,0.2,0.2,0.9,0,1.2,0.6,0.1,0.6,0.2
44,18,0,35,0,5,3,0,13,0,7,3,0,0,4
44,13,1,21,2,1,0.5,1,2.5,0,5,5.5,0.5,3,0
44,86,2,10,0,0,0.7,1,1.2,0.5,1.2,3.4,0,2,0
44,127,1,9,0,0.9,0,1.6,1.3,0.6,1.9,0.9,1.2,0.3,0.3
44,88,1,3,0,0,0.2,0.3,0.4,0.1,0.4,1,0,0.6,0
44,60,1,2,0.1,0.1,0,0.5,0,0.1,0.1,0.4,0.3,0.4,0
44,94,1,2,0.1,0.3,0.1,0.3,0.4,0,0.4,0.4,0,0,0
44,74,1,1,0,0,0,0,0.2,0,0.3,0.2,0,0.3,0
44,73,1,1,0,0,0,0,0.2,0,0.3,0.2,0,0.3,0
44,80,1,3,0.2,0,0.1,0.5,0,0.1,0.2,1.5,0,0.4,0
8,32,1,2,0.1,0.2,0.1,0.3,0.5,0,0.3,0.1,0.2,0.1,0.1
8,14,1,1,0,0,0.1,0.1,0.2,0,0.2,0.2,0.1,0.1,0
8,39,2,16,0.2,1.1,0,2.8,3.5,0.3,4.3,1.4,1.8,0.3,0.3
8,43,3,18.5,0.6,2,1.7,1.5,3.1,0.5,3.9,1.2,1.1,2.4,0.5
8,53,1,2,0.1,0,0.3,0.2,0.4,0.1,0.2,0.3,0,0.4,0
8,67,1,1,0,0.2,0,0.2,0.2,0,0.2,0.1,0,0,0.1
8,54,1,7,0.3,0.1,1.2,0.7,1.3,0.2,0.6,1.1,0.1,1.3,0.1
8,92,1,5,0.1,0.4,0.2,0.7,0.7,0.1,1.5,0.9,0.2,0.2,0
8,63,2,8,0,1.2,0,0,1.8,0,1.6,2.2,0.4,0.8,0
8,52,2,13,0.6,0.1,2.2,1.3,2.4,0.4,1.1,2,0.2,2.5,0.2
8,15,1,4,0.1,0.1,0.3,0.3,0.7,0,0.7,1,0.2,0.6,0
8,85,1,3.5,0.1,0.3,0.1,0.6,0.7,0.3,0.5,0.3,0.2,0.4,0
8,90,2,15,0.5,0.9,0.6,1.7,2.1,0,2.5,4.5,0.7,1.3,0.2
8,41,1,2,0.1,0.2,0.4,0.1,0.6,0,0.2,0.1,0.2,0.1,0
8,12,1,2,0.1,0.1,0.1,0.2,0.3,0,0.3,0.5,0.1,0.3,0
8,88,3,13,0.4,0.7,0.7,1.5,1.8,0,2.2,3.7,0.7,1.1,0.2
8,40,1,2,0,0.1,0,0.4,0.4,0,0.5,0.2,0.2,0.1,0.1
8,100,2,4,0,0.2,0,0.2,0.4,0.2,0.6,1.2,0.4,0.6,0.2
8,112,1,2,0,0.1,0,0.5,0.4,0,0.4,0.1,0.2,0.2,0.1
8,108,1,3,0.1,0.2,0,0.7,0.6,0,0.6,0.2,0.2,0.3,0.1
8,103,1,5,0,0.4,0.4,0.3,1.1,0.3,0.6,0.9,0.3,0.7,0
8,101,2,8,0,0.7,0.7,0.5,1.9,0.4,0.9,1.3,0.4,1.2,0
8,105,1,2,0,0.2,0.2,0.1,0.5,0.1,0.2,0.3,0.1,0.3,0
90,118,1,6,0,0.2,0.4,0.6,0.2,0,2.3,1.5,0.4,0.4,0
90,119,2,26,0.3,0.8,1.6,2.3,3.4,0,8.2,5.4,1.5,1.9,0.6
90,26,1,7,0.4,0.5,0.3,1.5,1.2,0,1.3,0.6,0.7,0.5,0
90,9,2,48,3.2,3.8,1.5,9.9,12.1,0.9,3.5,5.3,5.2,1.2,1.4
90,116,3,24,0,1.8,0.3,2.1,3.5,0,5.9,8,1.2,1.2,0
90,31,1,8,0.5,0.5,0.3,1.7,1.4,0,1.5,0.7,0.9,0.5,0
90,7,3,33,1.4,3.8,1.4,6.7,8.5,0.9,4.8,1.7,2.5,0.4,0.9
90,8,3,110,6.4,10,1.1,23.9,13.6,3.7,24.3,8.3,8.5,9.1,1.1
90,115,3,38,0.8,2.6,0.9,3.1,7.7,0.7,4.8,13.3,1.1,2.9,0.1
90,85,1,4,0,0.4,0.4,0.2,1.1,0,0.6,1,0.2,0.1,0
90,104,1,4,0.1,0.1,0.1,0.9,0.2,0.3,0.5,1.6,0.1,0.1,0
90,66,1,6,0,1,0.4,0.4,1.6,0,0.4,1.1,0.7,0.3,0.1
90,108,1,17,0,3,0.3,2.2,4.8,0,1.9,2.7,0.5,1.3,0.3
90,64,1,2,0.1,0.3,0.1,0.3,0.3,0.1,0.1,0.2,0.3,0.2,0
90,97,1,3,0.1,0.1,0.1,0.6,0.1,0.2,0.4,1.2,0.1,0.1,0
90,114,3,96.5,2.9,6.5,2.3,14.6,17.6,2.5,14.8,23.6,4.9,6.4,0.4
90,78,2,15.5,0.8,1.6,0.6,3.7,2.9,0.6,2.2,2.6,0.3,0,0.2
90,35,1,1,0,0.1,0,0.2,0.2,0,0.2,0.1,0.1,0.1,0
90,102,2,6,0.1,0.1,0.1,1.3,0.4,0.5,0.9,2.4,0.1,0.1,0
90,111,1,1,0,0.1,0,0.1,0.3,0,0.2,0.2,0,0.1,0
90,109,2,13,0,2.3,0.2,1.6,3.7,0,1.5,2,0.4,1,0.3
90,63,2,9,0.6,1.2,0.3,1.2,1.5,0.5,0.5,1,1.4,0.8,0
90,113,2,3,0,0.3,0.1,0.2,0.9,0,0.6,0.6,0.1,0.2,0
90,65,1,11,0.7,1.5,0.4,1.5,1.9,0.5,0.6,1.3,1.7,0.9,0
90,84,1,2,0,0.2,0.2,0.1,0.5,0,0.3,0.5,0.1,0.1,0
90,75,1,2,0.2,0,0.2,0.5,0.4,0,0.2,0.2,0.1,0.2,0
90,101,2,9,0.2,0.2,0.2,1.9,0.5,0.7,1.3,3.6,0.2,0.2,0
90,82,1,1,0,0.1,0.1,0.1,0.3,0,0.1,0.2,0.1,0,0
90,122,1,2,0,0.1,0.1,0.1,0.4,0,0.4,0.7,0.1,0.1,0
90,79,1,2,0.1,0.2,0.1,0.5,0.4,0.1,0.3,0.3,0,0,0
90,99,2,3,0,0,0.1,0.6,0.2,0.3,0.5,1.2,0,0.1,0
26,15,1,16,1.5,1.5,0.8,1.9,3,0.4,3,1.9,0.8,0.8,0.4
26,63,1,1,0,0.1,0,0.1,0.3,0,0.1,0.3,0,0.1,0
26,100,1,4,0.1,0,0,0.4,0.1,0.1,1.5,1,0.1,0.7,0
26,75,2,21,0.6,1.2,1.3,3.8,2.2,0.3,6.6,2.5,1,1.5,0
26,14,1,8,0.8,0.8,0.4,0.9,1.5,0.2,1.5,0.9,0.4,0.4,0.2
26,69,3,11,0.6,0.3,0.3,1.5,1.9,0.3,2.2,2.4,0.6,0.9,0
26,114,2,7,0.1,0.3,0.3,1,1.4,0,1.3,0.8,0.1,1.4,0.3
26,45,1,6,0.2,0.3,0.5,0.5,1.6,0.1,1.2,0.5,0.3,0.4,0.4
26,27,2,8,0,0.2,1.2,1.2,1.3,0,1.5,1.5,0,0.8,0.3
26,34,1,2,0,0,0.3,0.3,0.3,0,0.4,0.4,0,0.2,0.1
26,36,1,4,0.1,0.5,0.1,0.7,1.2,0.2,0.4,0.2,0.4,0.2,0
26,66,2,2,0.2,0,0,0.2,0.4,0,0.4,0.4,0.2,0.2,0
26,37,1,6,0.1,0.7,0.1,1.1,1.8,0.4,0.6,0.2,0.6,0.4,0
26,70,1,4,0.2,0.1,0.1,0.6,0.7,0.1,0.8,0.9,0.2,0.3,0
26,28,1,4,0,0.1,0.6,0.6,0.6,0,0.8,0.8,0,0.4,0.1
26,117,2,5,0.1,0.2,0,0.6,0.8,0,0.6,1.3,0.4,1,0
26,119,1,2,0,0.1,0,0.2,0.3,0,0.3,0.5,0.2,0.4,0
26,110,1,3,0.1,0.3,0.1,0.5,0.8,0,0.2,0.6,0.1,0.2,0.1
26,67,1,5,0.3,0.1,0.2,0.7,0.8,0.1,1,1.1,0.3,0.4,0
26,35,1,3,0,0.1,0.5,0.5,0.5,0,0.5,0.5,0,0.3,0.1
26,106,2,6,0.2,0.6,0.2,1,1.6,0,0.4,1.2,0.2,0.4,0.2
26,48,2,11,0.1,0.5,0.3,2,1.2,0.5,1.8,2.2,0.6,1.8,0
26,97,1,9,0.2,0.2,0.2,0.9,1.1,0.4,1.8,2.2,0,2,0
26,41,1,2,0.1,0.1,0.2,0.2,0.5,0,0.4,0.2,0.1,0.1,0.1
26,108,1,6,0.3,0.7,0.2,0.9,1.5,0,0.3,1.2,0.2,0.5,0.2
26,102,1,16,0,1.8,0.8,1.3,3.2,0,2.6,3.2,1.3,1.8,0
26,0,1,3,0.1,0.4,0,0.5,0.8,0,0.5,0.3,0.2,0.1,0.1
26,49,1,5.5,0.1,0.3,0.1,1,0.6,0.2,0.9,1.1,0.3,0.9,0
26,113,1,4,0.1,0.2,0.2,0.5,0.8,0,0.7,0.4,0.1,0.8,0.2
26,76,1,3,0.1,0.3,0.1,0.5,0.6,0.2,0.4,0.3,0.2,0.3,0
26,127,1,2,0,0.1,0.1,0.1,0.4,0,0.2,0.9,0,0.2,0
46,38,1,1,0,0.1,0,0.2,0.2,0,0.3,0.1,0,0.1,0
46,100,2,14,0.3,1.1,0.3,1.4,2.6,0.6,2.7,3.3,1.1,0.6,0
46,45,1,8,0,0.4,0.2,1.3,1.9,0.2,2,0.9,0.4,0.7,0
46,104,4,25.5,0.9,1.6,2.5,2,7.9,0.5,5,0.9,1.2,3,0
46,121,1,6,0,0,0.6,0,0.3,0,1,2.5,0,1.6,0
46,62,1,1,0,0,0,0,0.2,0,0.3,0.2,0,0.2,0.1
46,89,1,1,0,0,0.1,0.1,0.1,0.1,0.1,0.3,0,0.2,0
46,98,2,7,0.1,0.6,0.5,0.5,1,0.2,0.7,2.2,0.2,0.9,0.1
46,92,3,101,3.2,7.9,2.3,13.2,17.3,4.1,12.9,18.7,7.8,11.9,1.7
46,46,1,46.5,2,3.6,4.4,9.2,12.2,0.5,8,2,3.2,0.7,0.7
46,87,3,11,0,0,0.9,1.1,1.2,0.5,1.3,3.8,0,2.2,0
46,61,1,5,0,0,0.2,0.2,1.1,0,1.5,0.8,0.2,0.8,0.2
46,91,1,7,0.3,0.6,0.3,1.2,1.3,0.3,0.8,1,0.5,0.6,0.1
46,55,1,1,0,0.1,0,0.1,0.3,0,0.1,0.2,0.1,0.1,0
46,68,2,11,0.6,0.6,0.3,2.3,1.3,0.3,1,1.3,0.3,2.3,0.7
46,30,1,14,0.3,2.1,0.3,2.7,3.2,0,2.1,1.8,0.9,0.6,0
46,79,1,3,0.1,0.2,0.1,0.6,0.5,0.1,0.2,0.4,0.1,0.5,0.2
46,80,1,1,0,0.1,0,0.2,0.2,0,0.1,0.1,0,0.2,0.1
46,93,3,35,1.3,2.9,1.6,5.7,6.6,1.5,3.9,6.1,2.3,2.8,0.3
46,90,1,2,0,0,0.2,0.2,0.2,0.1,0.2,0.7,0,0.4,0
46,97,3,20,0.4,2,1.6,1.1,2.6,0.4,1.1,6.6,0.5,3.1,0.6
46,13,1,4,0.2,0.3,0,0.4,0.4,0.1,1.3,0.4,0.2,0.6,0.1
46,77,2,10,0.5,0.5,0.2,2.1,1.9,0.5,0.5,1.3,0.2,1.5,0.8
46,95,1,3,0.1,0.2,0.3,0.4,0.6,0.1,0.3,0.9,0,0.1,0
46,82,1,2,0.1,0.4,0.1,0.4,0.4,0,0.1,0.3,0,0.2,0
46,122,1,3,0,0,0.3,0,0.1,0,0.5,1.3,0,0.8,0
46,126,2,12,0.9,0.6,0,0.9,1.7,0,2.3,2.5,0.5,2.6,0
46,64,1,4,0.1,0.4,0.2,0.7,0.7,0.1,0.5,0.5,0.4,0.3,0.1
46,102,2,5,0.2,0.3,0.5,0.4,1.5,0.1,1,0.2,0.2,0.6,0
46,127,1,5,0.4,0.2,0,0.4,0.7,0,0.9,1.1,0.2,1.1,0
0,4,1,2,0,0.2,0.2,0,0.6,0,0.2,0.5,0,0.2,0.1
0,43,3,30,2.1,2.4,1.8,2.4,8.1,0.5,3.6,6.1,1.7,1,0.3
0,51,2,8,0.2,0.6,0.2,1,1.3,0.2,1.2,1.7,0.4,1.1,0.1
0,71,1,2,0,0.3,0,0.2,0.4,0,0.3,0.4,0.1,0.3,0
0,35,1,2,0,0,0,0.3,0.3,0.1,0.3,0.7,0.1,0.2,0
0,52,2,116,9,8.5,6.3,24.2,17.6,2.8,14.1,12.1,9.3,11.8,0.3
0,50,2,4,0,0.3,0.4,0.4,1.1,0.1,0.4,0.7,0,0.4,0.2
0,85,2,3,0,0,0.1,0.8,0.1,0.2,0.9,0.6,0.1,0.2,0
0,30,1,2,0.1,0.2,0.1,0.4,0.3,0,0.5,0.2,0.1,0.1,0
0,58,2,3,0.1,0.1,0.2,0.4,0.3,0,0.5,0.9,0.2,0.3,0
0,7,3,28,2.1,2.8,1.3,4.5,7.3,0.6,2.8,3.3,1.8,1.3,0.2
0,37,1,4,0.3,0.4,0.1,0.1,1.4,0,0.1,1.4,0.1,0,0.1
0,15,1,1,0.1,0.1,0.1,0.1,0.2,0,0.2,0.1,0,0.1,0
0,48,4,41.5,0.3,5.2,2.6,5.9,7.6,1.6,5.1,5.9,1.7,4.1,1.5
0,16,1,4,0.1,0.4,0.3,0.3,1.1,0.1,0.6,0.6,0.1,0.3,0.1
0,68,1,3,0.1,0.1,0.1,0.6,0.5,0.1,0.2,0.8,0,0.4,0.1
0,8,0,17,0,0,2,4,5,1,3,1,0,1,0
0,83,1,2,0,0,0.1,0.5,0.1,0.1,0.6,0.4,0.1,0.1,0
0,44,2,4.5,0.3,0.5,0.2,0.2,1.4,0,0.3,1.3,0.1,0.1,0.1
0,124,1,5,0,0.3,0.5,0.8,1.1,0.1,0.7,0.6,0.2,0.6,0.1
0,109,2,3,0,0.4,0.2,0.3,0.6,0,0.5,0.6,0.1,0.3,0
0,105,1,3,0,0.2,0.2,0.1,0.7,0.1,0.5,0.8,0.1,0.1,0.2
0,108,2,14,0,1.9,0.7,1.3,2.6,0,2.3,3,0.6,1.6,0
0,107,1,6,0.3,0.3,0.3,1.4,0.4,0.2,1.2,0.9,0.2,0.7,0.1
0,103,1,3,0,0.2,0.2,0.1,0.7,0.1,0.5,0.8,0.1,0.1,0.2
0,101,1,2,0,0.1,0.1,0.1,0.5,0.1,0.3,0.5,0.1,0.1,0.1
0,88,1,2,0,0.3,0.3,0.2,0.4,0.1,0.3,0.1,0.1,0.1,0.1
38,75,3,19,1.1,0,0,2.7,1.6,0.5,2.2,6,0,4.9,0
38,15,1,2,0,0.2,0.1,0.1,0.6,0,0.4,0.4,0.1,0.1,0
38,116,3,12,0,0.5,0.6,2.2,0.9,0.3,2.2,3.9,0.5,0.6,0.3
38,87,3,19,1.1,1.9,1.9,3,3,1.2,1.9,3,0.6,1.4,0
38,42,2,2,0.2,0.2,0,0.6,0.2,0,0.4,0.2,0,0.2,0
38,14,1,2,0,0.2,0.1,0.1,0.6,0,0.4,0.4,0.1,0.1,0
38,63,1,1,0,0.1,0,0.2,0,0.1,0.1,0.2,0.1,0.2,0
38,119,2,8,0,0.3,0.4,1.5,0.6,0.2,1.5,2.6,0.3,0.4,0.2
38,96,1,3,0,0.1,0.1,0.3,0.9,0,0.9,0.6,0,0.1,0
38,20,0,73,4,4,3,5,4,0,2,17,3,31,0
38,56,1,6,0.2,0.4,0,1,1.1,0.1,1,1,0.5,0.6,0.1
38,85,1,3,0.1,0.5,0.2,0.6,0.7,0,0.2,0.5,0,0.2,0
38,62,1,1,0,0.1,0,0.2,0,0.1,0.1,0.2,0.1,0.2,0
38,21,2,210.5,14.2,15.4,9,48.8,34.1,4.4,29.2,30.2,9.5,14.3,1.4
38,55,3,15,0.4,2.2,0.6,0.9,4.5,0,1.9,2.2,1.3,1,0
38,93,1,5,0.3,0.4,0.5,0.7,1.5,0.1,0.3,0.6,0.2,0.4,0
38,124,1,3,0.1,0.3,0.1,0.1,0.6,0,0.5,0.9,0.1,0.2,0.1
38,68,1,2,0,0,0,0,0.4,0,0.6,0.5,0,0.5,0
38,115,2,7,0,0.3,0.3,0.4,1.1,0,1.6,1.7,0.3,1.2,0.1
38,92,2,3,0.2,0.3,0.3,0.4,0.9,0,0.2,0.3,0.1,0.3,0
38,69,2,2,0,0,0,0,0.4,0,0.6,0.4,0,0.6,0
38,13,1,2,0,0.2,0.1,0.1,0.6,0,0.4,0.4,0.1,0.1,0
38,95,1,4,0.2,0.3,0.4,0.6,1.2,0.1,0.2,0.5,0.2,0.3,0
38,103,1,1,0,0,0,0.1,0.3,0,0.3,0.2,0,0.1,0
38,46,1,1,0,0.1,0,0.1,0.3,0,0.1,0.2,0.1,0.1,0
38,19,1,70,5.2,3.3,3.2,14.3,16.4,2,3.2,9.2,4.1,9.1,0
38,77,1,8,0.2,1.3,0.5,0.5,2,0,1.2,1.7,0.2,0.2,0.2
38,36,1,2,0,0.1,0.1,0.3,0.5,0,0.5,0.2,0.1,0.2,0
38,2,1,2,0.1,0.2,0,0.4,0.5,0,0.3,0.4,0.1,0,0
38,112,1,3,0,0.1,0.1,0.2,0.5,0,0.7,0.7,0.1,0.5,0.1
38,61,1,1,0,0.1,0,0.2,0,0.1,0.1,0.2,0.1,0.2,0
38,76,2,34,0.1,3.2,2.4,4.4,7.8,0,7,4.5,0.2,4.2,0.2
38,105,2,4,0,0.2,0.2,0.4,1,0,1.2,0.8,0,0.2,0
38,121,1,7,0,0.2,0.6,0.3,1.1,0,1.7,1.5,0,1.6,0
38,72,1,1,0.1,0,0,0.1,0.1,0,0.1,0.3,0,0.3,0
38,83,1,1,0,0.2,0,0.2,0.2,0,0.1,0.2,0,0.1,0
38,48,1,3,0.1,0.4,0.1,0.2,0.9,0,0.4,0.4,0.3,0.2,0
38,54,1,5,0.1,0.8,0.2,0.3,1.5,0,0.6,0.8,0.4,0.3,0
38,59,2,5,0.1,0.4,0,0.9,0.9,0.1,0.7,0.9,0.4,0.5,0.1
38,41,2,6,0.4,0.4,0.2,1.6,0.8,0.2,1.4,0.4,0,0.6,0
38,18,2,119.5,6.2,12,12.5,18,31.3,2.4,12.7,9.8,7.3,6.3,1
38,86,1,5,0.3,0.5,0.5,0.8,0.8,0.3,0.5,0.8,0.2,0.3,0
38,127,2,55,4.5,2.3,3.8,9.3,10.8,0.4,9.7,7.3,3,2.5,1.4
38,122,1,2,0,0,0.2,0.1,0.3,0,0.5,0.4,0,0.5,0
38,84,1,12,0.6,2.1,0.6,2.4,2.7,0,0.9,1.8,0,0.9,0
38,126,1,14,1.2,1.1,0.9,2.5,2.8,0.2,1.3,1.6,1,1.2,0.2
55,5,2,82,3.3,7.6,0.7,14.3,12.7,3.6,5.9,22.6,4.3,5,2
55,104,3,10,0.6,0.1,0.1,2.1,1,0.1,1.1,3.8,0.7,0.4,0
55,4,3,94.5,1.6,8,4,10.7,14.4,3.1,10.6,30.2,3.2,8.7,0
55,103,2,7,0.5,0.5,0.2,1.3,1,0.1,0.7,1.8,0.3,0.6,0
55,77,3,11,0.1,1.7,0.1,0.6,3.1,0.2,1.1,2.4,0.6,0.7,0.4
55,7,2,5,0.4,0.6,0,1,0.9,0,0.5,0.8,0.5,0.1,0.2
55,89,2,3,0,0.1,0.1,0.5,0.2,0.1,0.3,0.8,0.1,0.8,0
55,34,1,5,0.5,0.6,0.2,0.8,1.1,0.1,1,0,0.6,0.1,0
55,29,1,3,0,0,0,0.5,0.1,0,1.6,0.6,0,0,0.2
55,58,0,25,2,0,0,8,2,1,11,0,0,1,0
55,62,3,22,2,1.3,2,4.5,4.6,0.5,1.6,3.6,0.9,0.5,0.5
55,106,2,51.5,0.8,2.2,4.8,6.2,4.3,0.6,15.3,10,1.9,4.6,0.8
55,92,1,3,0.1,0.1,0.1,0,0.8,0,0.6,0.7,0,0.5,0.1
55,63,1,2,0,0.1,0,0.4,0.6,0.1,0.2,0.4,0.1,0.1,0
55,61,4,27,1.4,1.8,1.4,5.2,6.7,0.9,2.3,4.5,1.5,0.9,0.4
55,105,2,53,2.3,1.1,2.1,5.2,7.6,1.1,13.7,16.2,1.4,2.3,0
55,124,1,3,0.2,0,0.1,0.6,0.3,0.1,0.4,0.6,0.1,0.6,0
55,91,2,5,0.2,0.2,0.2,0,1.3,0,1,1.1,0,0.8,0.2
55,78,1,5,0,0.9,0,0.1,1.5,0.1,0.4,1.2,0.3,0.3,0.2
55,6,2,101.5,3.8,13.1,3.9,17.1,17.4,2,11.6,16.1,8.6,5.9,2
55,35,1,2,0.2,0.2,0.1,0.3,0.5,0,0.4,0,0.2,0.1,0
55,90,1,2,0,0.1,0.1,0.3,0.1,0.1,0.2,0.5,0.1,0.5,0
55,53,1,4,0,0.2,0.2,0.5,0.5,0.1,0.7,1.3,0.2,0.3,0
55,111,1,1,0,0,0,0,0.2,0,0.4,0.3,0,0.1,0
55,112,2,6,0,0,0,0.2,1.2,0,2.6,1.7,0,0.3,0
55,107,1,121.5,9.2,8.1,5,14.6,23,0.4,17.7,20.3,5.7,16.1,1.4
55,56,1,3,0,0.3,0.1,0.4,0.6,0,0.4,0.7,0.1,0.4,0
55,108,3,56,1.9,7.3,3.5,4.3,14.4,0,10.2,5.6,3.6,4.6,0.6
55,54,1,91,5,7,2.1,17.1,7.1,3,12.2,22.3,6.1,9.1,0
55,95,1,3,0.1,0.1,0.1,0,0.8,0,0.6,0.7,0,0.5,0.1
55,8,1,1,0.1,0.1,0,0.2,0.2,0,0.1,0.2,0.1,0,0
55,47,1,3,0.4,0.4,0.2,0.2,0.6,0.1,0.2,0.3,0.2,0.3,0.1
55,127,1,5,0.2,0.5,0.3,0.5,1,0.2,0.8,0.7,0.3,0.4,0.1
55,101,1,2,0.1,0.2,0.1,0.3,0.4,0,0.2,0.3,0.1,0.3,0
55,99,1,1,0,0,0.1,0.2,0.2,0,0.3,0.1,0.1,0,0
55,80,1,2,0.1,0.1,0.1,0.1,0.5,0,0.4,0.4,0.1,0.2,0
67,58,1,2,0,0.2,0.2,0.2,0.4,0,0.6,0.2,0.1,0.1,0
67,94,3,7.5,0.3,0.1,0.4,0.7,1.1,0.1,2.1,2,0,0.7,0
67,27,1,3,0,0,0.1,0,0.9,0,0.5,0.9,0,0.5,0.1
67,12,2,5,0.1,0.2,0.2,0.3,0.9,0.1,1.4,1.4,0.1,0.3,0
67,71,1,2,0,0.1,0.1,0.2,0.3,0,0.9,0.1,0,0.2,0.1
67,15,3,10,0.2,0.7,0.5,1.5,2.2,0.3,1.2,1.8,0.8,0.5,0.3
67,11,2,61,1.3,3.1,3.4,4,10.9,0.3,11.2,10.5,3.3,8,5
67,96,1,3,0.4,0.1,0.1,0.4,0.6,0.1,0.5,0.5,0.1,0.1,0.1
67,5,0,736.5,34.5,48,50,120,147,14,105,108,43,52,15
67,10,2,131.5,4.5,8.7,3.2,18.3,22.6,2.2,18.4,23.3,13.3,11.7,5.3
67,7,0,940.5,30.5,60.5,87,207,177,6.5,104,124,37,85,22
67,92,1,2,0.1,0,0.1,0.2,0.3,0,0.6,0.5,0,0.2,0
67,4,0,543,17.5,33,54,87,120,12,66,72,22.5,52,7
67,9,1,159,7,16,16.6,26.3,33.7,3.6,15,12.4,11.8,12.3,4.3
67,6,0,692.5,20,57,48,122,129,14.5,81,98,37,70,16
67,81,1,6,0,0.4,0.3,0.4,1.7,0,0.9,0.9,0.3,1.1,0
67,2,0,811,30.5,77,40,129,173,19.5,108,95,44,88,7
67,8,1,302,5,24.4,18.1,37.2,60,0.1,39.9,65.8,7.2,29.1,15.2
67,29,1,1,0,0,0,0,0.3,0,0.2,0.3,0,0.2,0
67,19,1,3,0.1,0.2,0.1,0.1,0.6,0.1,0.4,0.5,0.1,0.7,0.1
67,14,4,84,1.4,5.4,3.6,13.8,18.2,2.3,10.2,15.2,6.5,5.1,2.3
67,3,1,303,10,24.1,13,42,61.2,7,47.2,41.4,17,37.1,3
67,37,4,14,0,2.3,0.6,0.6,4.1,0,3.2,2.1,0.2,0.2,0.7
67,1,0,187,3,19,14,30,38,3,43,28,6,1,2
67,95,4,47,1.6,0.8,2.3,4.5,6.8,1.1,13,12.3,0,4.6,0
67,80,2,11,0,0,0,1.4,0.8,0.4,3,3.2,0,2.2,0
67,127,3,15,0.4,1.2,0,1.9,2.7,0,2.4,2.1,1.9,2.2,0.2
67,40,1,2,0,0.3,0.1,0.1,0.6,0,0.5,0.3,0,0,0.1
67,13,4,24.5,0.3,1.5,1.2,3.5,5.1,0.5,3.6,5,1.8,1.5,0.5
67,0,2,11,0,0.6,0.6,2.1,2.4,0,2.7,1.2,0.2,0.9,0.3
67,126,3,23,0.6,1.8,0,3,4.1,0,3.5,3.3,3,3.3,0.4
67,79,1,1,0,0,0,0.1,0.1,0,0.3,0.3,0,0.2,0
67,88,1,1,0,0,0,0,0.1,0,0.3,0.2,0,0.4,0
67,122,2,6,0.4,0.3,0.2,1.2,1.1,0.1,0.5,0.7,0.5,1,0
69,6,0,604.5,33,57,39.5,96,134,8,79,85,24,38,11
69,11,0,349,14,22,14,69,68,16.5,46,56,16.5,23,4
69,7,0,655.5,24,54,47,102,152,8,74,100,38.5,33,23
69,116,3,13,0.4,0.5,0.6,0,3.5,0.5,1.5,3.9,0.5,1,0.6
69,9,1,442.5,31.9,37.9,30.9,94.1,74,9.4,61.3,53.8,25.4,15.8,8
69,15,2,15.5,0.8,0.4,0.3,2.6,3.8,0.2,4.4,1.5,0.2,0.5,0.8
69,4,1,788,39.9,116.9,56.9,109.8,149.8,30,69.8,77,81,30,26.9
69,5,0,1368,108,123.5,100.5,261,242,52,146,142,117,73,3
69,20,1,1,0,0.1,0,0.1,0.3,0,0.1,0.2,0.1,0.1,0
69,96,1,6,0.2,0.2,0.2,0.5,1.3,0.2,0.6,2.2,0.2,0.4,0
69,21,2,8,0.3,0.7,0,0.9,2.6,0,0.7,1.4,0.7,0.7,0
69,119,4,13,0.6,0.8,0.8,2.1,3.1,0.2,3.2,1.4,0.4,0.4,0
69,10,0,411,17.5,22,43,100.5,73,8,51,59,15,18,4
69,91,2,5,0.1,0.5,0.2,0.5,0.8,0,1.3,1.2,0.2,0.2,0
69,124,2,7,0,0.2,0.5,1.2,1,0.2,2.2,1.2,0,0.5,0
69,2,1,397,24.1,40.6,32.4,89.1,74.5,10.8,40.1,31.2,40.8,8,5.4
69,120,1,2,0.1,0.1,0.1,0.3,0.5,0,0.5,0.2,0.1,0.1,0
69,69,1,4,0.5,0,0.2,0.6,0,0,1.3,0.8,0.1,0.3,0.2
69,68,1,7,0.8,0,0.3,1.1,0,0,2.2,1.4,0.3,0.6,0.3
69,8,0,857.5,26,68,45,146,165,19,119,138,44.5,57,30
69,72,1,2,0.1,0.1,0,0.5,0.3,0.1,0.4,0.2,0.1,0.2,0
69,115,1,4,0.1,0.4,0.1,0.5,0.8,0,0.7,0.8,0.4,0.2,0
69,12,1,324,13,26,28.2,70.7,54.4,7,40.5,45.6,14.7,20.7,3.2
69,35,1,2,0,0.2,0.2,0.1,0.5,0,0.3,0.5,0.1,0.1,0
69,112,1,5,0.1,0.5,0.2,0.6,1,0,0.9,1,0.5,0.2,0
69,14,0,132,7,9,4,20,23,1.5,28,23,10.5,4,2
69,111,2,8,0.1,0.8,0.3,0.9,1.7,0,1.5,1.6,0.8,0.3,0
69,127,2,7,0.3,1.1,0.2,0.8,1.4,0.1,1.1,1,0.2,0.4,0.4
69,0,1,109,6.4,6.9,1.3,25.9,19.3,5,11.5,21.7,8.7,1.1,1.2
69,1,2,22.5,1.7,1.7,0.6,9.1,2.2,1.2,1.7,1.7,2,0,0.6
69,79,3,26,0.3,0.5,1.6,1.7,2,0.3,8,7.8,0.4,3.4,0
69,13,1,271,12,22.2,8.4,53.1,47.2,9.5,36,60.8,8.3,9.1,4.4
69,101,2,6,0,0.6,0.3,0.3,1.8,0,0.7,1.4,0,0.9,0
69,113,2,6,0.1,0.6,0.2,0.7,1.2,0,1.1,1.2,0.6,0.3,0
69,74,1,3,0.2,0.1,0,0.7,0.5,0.1,0.6,0.3,0.1,0.4,0
69,3,1,354.5,32.5,37.6,29.1,80.2,73.2,14,38.2,14,27.5,7.1,1.1
69,108,1,4,0.2,0.3,0.3,0.6,1.1,0.1,0.3,0.8,0.1,0.2,0
69,76,1,1,0,0.1,0.1,0.2,0.1,0,0.1,0.2,0,0.2,0
69,75,1,2,0.1,0.1,0,0.5,0.3,0.1,0.4,0.2,0.1,0.2,0
69,81,1,1,0,0.1,0,0.2,0.2,0,0.2,0.1,0.1,0.1,0
69,80,1,4,0.1,0.2,0.2,0.7,0.5,0.2,0.5,0.8,0.2,0.6,0
69,86,1,2,0,0.3,0,0.2,0.6,0,0.2,0.3,0.1,0.2,0.1
69,102,1,2,0,0.2,0.1,0.1,0.6,0,0.2,0.5,0,0.3,0
33,75,1,6,0.1,0,0.6,0.4,1.8,0,0.4,1.6,0.1,0.9,0.1
33,71,1,4,0.1,0,0.4,0.3,1.2,0,0.3,1,0,0.6,0.1
33,114,1,4,0.1,0.4,0.2,0.5,0.6,0.1,0.4,0.7,0.3,0.6,0.1
33,26,1,6,0.4,0.5,0.4,1,1.8,0.3,0.5,0.3,0.5,0.3,0
33,109,1,2,0,0.1,0.1,0.1,0.3,0,0.5,0.5,0.1,0.3,0
33,20,1,2,0,0.3,0.1,0,0.8,0,0.3,0.2,0.1,0.2,0
33,34,1,4,0.2,0.4,0.2,0.7,1.2,0.2,0.3,0.2,0.4,0.2,0
33,77,1,2,0,0.3,0,0,0.6,0,0.2,0.6,0,0.3,0
33,103,1,2,0,0.1,0,0,0.6,0,0.6,0.5,0,0.1,0.1
33,53,2,40,2.2,4.2,3.2,5.4,6,1.4,5.6,1.8,0.6,6.6,3
33,110,1,2,0,0.1,0.1,0.1,0.3,0,0.5,0.5,0.1,0.3,0
33,69,1,6,0,0.9,0,0.4,1.3,0,0.6,1.5,0.4,0.9,0
33,123,2,16.5,1.3,0.6,0.4,2.6,2.1,0,1.3,4.7,0.4,3.1,0
33,52,2,9.5,0.3,0.3,0.3,1.7,1.3,0.4,1.8,0.9,0.7,1.8,0
33,66,1,1,0,0.1,0,0.1,0.2,0,0.1,0.3,0.1,0.1,0
33,118,1,5,0.2,0.3,0.1,1,0.9,0,0.9,0.8,0.2,0.5,0.1
33,111,3,13,0.2,1.4,0.6,1.8,2,0.2,1.3,2.3,0.9,2,0.3
33,35,1,5,0.3,0.5,0.3,0.9,1.5,0.2,0.4,0.2,0.5,0.2,0
33,91,1,1,0,0,0.1,0.1,0.1,0,0.4,0.2,0,0.1,0
33,81,4,7,0.3,0.4,0,0.7,1.4,0.4,0.7,1.4,0.3,1.4,0
33,107,1,7,0,0.2,0.3,0.5,1.2,0,1.6,1.7,0.2,1.2,0.1
33,36,1,8,0,1,0.2,0.7,1.5,0.2,1.6,1,0.9,0.7,0.2
33,25,2,9,0.5,0.6,0.7,1.3,1.9,0,2.1,1.5,0,0.4,0
33,57,1,6,0.3,0.3,0,0.5,1.1,0,0.8,1.6,0.3,0.8,0.3
33,19,3,8,0,1.2,0.6,0,3.2,0,1.4,0.6,0.3,0.7,0
33,112,1,2,0,0.2,0.1,0.3,0.3,0,0.2,0.4,0.1,0.3,0.1
33,54,3,28,0.9,0.9,0.9,5.2,3.8,1.2,5.2,2.8,1.9,5.2,0
33,102,3,10,0,0.7,0.2,0,3.1,0,2.9,2.2,0.2,0.5,0.2
33,65,2,5,0.1,0.4,0.2,0.7,0.5,0.2,0.8,1.3,0.3,0.4,0.1
33,15,1,1,0.1,0,0,0.2,0.2,0,0.1,0.2,0.1,0,0.1
33,72,1,3,0.1,0,0.3,0.2,0.9,0,0.2,0.8,0,0.4,0.1
33,73,1,4,0.1,0,0.4,0.3,1.2,0,0.3,1,0,0.6,0.1
33,22,1,2,0.1,0.1,0.1,0.5,0.4,0,0.2,0.2,0.3,0,0.1
33,79,2,4,0,0.6,0,0,1.2,0,0.4,1.2,0,0.6,0
33,64,1,18,0.4,1.1,0.8,2.7,1.9,0.8,2.7,4.6,1.1,1.5,0.4
33,78,1,3,0,0.4,0,0,1,0,0.3,0.9,0,0.4,0
33,117,1,5,0.2,0.3,0.1,1,0.9,0,0.9,0.8,0.2,0.5,0.1
33,113,2,8,0.1,0.9,0.3,1.1,1.2,0.1,0.8,1.5,0.5,1.3,0.2
33,116,1,1,0,0.1,0,0.2,0.2,0,0.2,0.2,0,0.1,0
33,74,1,2,0.1,0,0.2,0.1,0.6,0,0.1,0.5,0,0.3,0.1
56,5,2,54,1,6.2,2.4,4.8,11.3,1,11.8,6.7,2.8,6,0
56,38,1,1,0,0.1,0,0.2,0.2,0,0.2,0.2,0.1,0,0
56,104,3,12,0.7,0,0,2.8,1.2,0,1.2,4.9,0.8,0.4,0
56,58,3,80,2.8,6,1.7,17.7,12.4,3.4,10.8,13.4,6.9,4.9,0
56,96,2,9,0,0.2,0.7,1.5,1.8,0,2.7,1.3,0.5,0.3,0
56,7,1,142,6.4,21.4,6.8,17.9,36.7,0,21.3,10.7,7.5,9.7,3.6
56,56,3,97,3.2,4.3,5,14.3,14.6,1.5,20.3,22.6,1.9,8.3,1
56,4,2,4,0,0.4,0.2,0.2,0.8,0,1.2,1,0.2,0,0
56,98,1,12,0,0.3,1,2,2.3,0,3.7,1.7,0.7,0.3,0
56,34,1,2,0.2,0.2,0.1,0.3,0.5,0,0.4,0,0.2,0.1,0
56,106,1,77,0.2,2.5,2.5,7.1,12.8,1,16,22.1,1.5,9.1,2.2
56,90,1,5,0.2,0.2,0.2,0.8,0.2,0.2,0.6,1.3,0.2,1.1,0
56,53,1,93,3,5.2,2.2,17.5,24.5,3.1,15.7,8.3,10.2,3.3,0
56,50,2,3,0.4,0.4,0.2,0.3,0.6,0,0.3,0.3,0.2,0.3,0
56,55,2,186.5,5,18,8,30.5,37,2,18,28,15,22,3
56,57,2,132.5,1.2,11.6,4.1,12.6,32.3,4.5,31.6,24.3,5.6,4.7,0
56,21,1,6,0.4,1,0.2,1,1.3,0,0.4,1.1,0.4,0.2,0
56,8,1,74,2.1,8.9,1,11.6,18.6,1.7,10.7,7.3,7.3,1.6,3.2
56,108,3,40,1.5,3.6,0.8,1.9,8.8,0,6.1,11.1,2,3.9,0.3
56,54,0,250.5,8,19,11,20,49,2.5,39,63,9,29,1
56,102,3,20,0,3.6,0,1,3.8,0,3.2,6.7,0.4,1.3,0
56,103,2,13,0,2.3,0,0.6,2.5,0,2.1,4.3,0.3,0.9,0
56,111,1,9,0,0,0,0.4,1.7,0,3.9,2.6,0,0.4,0
56,112,1,3,0,0,0,0.1,0.6,0,1.3,0.9,0,0.1,0
56,107,1,72,2.4,4.9,2.1,11.1,11.7,2,7,18.3,3.9,7.1,1.5
56,6,1,4,0.4,0.4,0.1,0.7,0.9,0,0.5,0.2,0.3,0.2,0.3
56,114,1,2,0,0,0.1,0.2,0.2,0.1,0.1,0.3,0.3,0.6,0.1
56,76,1,1,0,0.2,0,0,0.3,0,0.1,0.2,0.1,0.1,0
56,1,4,20,1.1,0.5,0.8,8.7,2.9,0.1,1.5,2.3,1.3,0.8,0
56,64,1,4,0,0.3,0,0.7,1.2,0.2,0.4,0.7,0.3,0.2,0
56,79,1,2,0.1,0.1,0.1,0.1,0.5,0,0.4,0.4,0.1,0.2,0
56,113,2,3,0,0,0.1,0.2,0.5,0,0.8,0.8,0.2,0.4,0
56,0,2,8,0.4,0.1,0.6,0.7,1.8,0.2,1.6,1.8,0.6,0,0.2
56,33,1,4,0.4,0.5,0.2,0.6,0.9,0.1,0.8,0,0.4,0.1,0
56,13,1,2,0.1,0.2,0.1,0.4,0.5,0.1,0.3,0.2,0.1,0,0
56,77,2,11,0,1.9,0,0.4,3.2,0.3,1,2.6,0.6,0.6,0.4
56,88,1,2,0,0.1,0.1,0.3,0.1,0.1,0.2,0.5,0.1,0.5,0
56,18,1,2,0.1,0.3,0.1,0.4,0.4,0,0.1,0.4,0.1,0.1,0
56,14,1,23.5,0.8,2.6,1.6,4.4,5.7,1.2,3.2,2.8,1.2,0,0
56,95,1,2,0.1,0.1,0.1,0,0.5,0,0.4,0.4,0,0.3,0.1
56,22,1,6,0.4,1,0.2,1,1.3,0,0.4,1.1,0.4,0.2,0
56,101,1,1,0,0.2,0,0,0.2,0,0.2,0.3,0,0.1,0
56,3,1,29.5,1.7,0.8,1.1,12.7,4.4,0.3,2.2,3.3,1.9,1.1,0
56,80,1,8,0.4,0.4,0.6,0.4,2.1,0,1.5,1.5,0.4,0.7,0
56,99,1,2,0,0,0.2,0.3,0.4,0,0.6,0.3,0.1,0.1,0
56,105,1,39,0.2,4,1,0.9,6.4,0,4.4,13.7,3.3,4.1,1
56,60,1,4,0.2,0.4,0.2,1.1,0.6,0.2,0.2,0.6,0.5,0,0
43,14,1,131.5,4.3,5.1,11.1,19.1,29.4,4.5,14.7,16.8,6.1,19.4,1
43,15,0,88,8,4,3,21,14,3,10,7,6,9,3
43,100,1,2,0,0.1,0.1,0.2,0.4,0.1,0.4,0.5,0.1,0.1,0
43,92,1,11,0,0.8,0.2,0.3,2.9,0,2.1,2.4,0.7,1.4,0.2
43,32,1,3,0.4,0.1,0.1,1,0.4,0.1,0.3,0.3,0.2,0.1,0
43,33,2,23,2.8,1.1,0.7,7.6,3.4,0.7,2.1,2.1,1.8,0.7,0
43,77,1,2,0.1,0.1,0,0.4,0.4,0.1,0.1,0.3,0,0.3,0.2
43,91,1,2,0,0.2,0,0.1,0.5,0,0.4,0.4,0.1,0.3,0
43,30,1,1,0,0.2,0,0.2,0.2,0,0.2,0.1,0.1,0,0
43,61,1,1,0,0,0,0,0.2,0,0.3,0.2,0,0.2,0.1
43,70,2,8,0.4,0.5,0.3,1.6,0.9,0.3,0.7,0.9,0.3,1.6,0.5
43,12,1,12,0.6,0.9,0,1.2,1.2,0.3,3.7,1.3,0.6,1.9,0.3
43,49,1,3,0,0.3,0.2,0.3,1.1,0,0.8,0,0.1,0.1,0.1
43,58,1,2,0.1,0.1,0,0.5,0,0.1,0.1,0.4,0.3,0.4,0
43,13,1,136.5,13.4,21.1,7,28.8,33.8,2.2,8.5,10.8,8.4,2.3,0.2
43,105,1,2,0.1,0.1,0.2,0.2,0.6,0,0.4,0.1,0.1,0.2,0
43,8,2,8,0,0.9,0.4,0.3,2.5,0,1.7,1.5,0.3,0.3,0.1
43,86,1,1,0,0,0.1,0.1,0.1,0.1,0.1,0.3,0,0.2,0
43,73,2,3,0,0,0,0,0.6,0,0.9,0.7,0,0.8,0
43,127,1,2,0,0.2,0,0.3,0.3,0.1,0.4,0.2,0.3,0.1,0.1
43,74,1,2,0,0,0,0,0.4,0,0.6,0.5,0,0.5,0
43,95,1,6,0.2,0.8,0.4,0.9,1.1,0,1.1,1.1,0.1,0.2,0.1
43,60,2,3,0.1,0.2,0,0.7,0,0.2,0.2,0.6,0.4,0.6,0
43,126,1,18,0,1.9,0,3.1,2.5,1.2,3.7,1.9,2.5,0.6,0.6
43,93,1,1,0,0.1,0.1,0.2,0.2,0,0.2,0.2,0,0,0
23,116,1,2,0,0.1,0,0.2,0.3,0,0.3,0.5,0.2,0.4,0
23,89,1,4,0,0.1,0.2,0.8,0.9,0.1,0.5,0.9,0.1,0.3,0.1
23,63,1,2,0.1,0.1,0.1,0.2,0.4,0,0.4,0.6,0,0.1,0
23,75,1,2,0.1,0.1,0.1,0.4,0.2,0,0.6,0.2,0.1,0.2,0
23,51,1,3,0,0.1,0,0.3,0.4,0,0.5,1.1,0.1,0.4,0.1
23,32,2,103.5,9.7,9.5,3.3,19,18.1,1.8,17.4,14.6,4.5,2,3.6
23,31,1,4,0.3,0.4,0.1,0.5,0.7,0.1,0.8,0.7,0.1,0.2,0.1
23,62,1,12,0.4,0.4,0.9,0.9,2.7,0,2.7,3.6,0,0.4,0
23,39,1,3,0.1,0.3,0.1,0.5,0.9,0.2,0.3,0.1,0.3,0.2,0
23,21,3,48,0.9,3.3,0,7.6,11.7,1.7,7.6,5.9,3.3,3.4,2.6
23,71,2,7,0.2,0.4,0.4,1.3,0.7,0.1,2.2,0.8,0.3,0.6,0
23,92,1,4,0,0.1,0.2,0.8,0.9,0.1,0.5,0.9,0.1,0.3,0.1
23,67,1,1,0.1,0,0,0.1,0.2,0,0.2,0.2,0.1,0.1,0
23,46,2,7,0.1,0.3,0.2,1.2,0.7,0.3,1.2,1.4,0.4,1.2,0
23,93,2,4,0,0.1,0.3,0.8,1,0,0.5,0.9,0,0.3,0.1
23,68,1,1,0.1,0,0,0.1,0.2,0,0.2,0.2,0.1,0.1,0
23,52,3,18,0,0.6,0,1.8,2.3,0,3,6.6,0.6,2.5,0.6
23,50,1,30,1.3,2.4,2.9,6,7.7,2.2,2.5,2.5,0.5,1,1
23,65,1,2,0,0.1,0,0.1,0.6,0,0.2,0.7,0,0.2,0.1
23,54,3,17,1.3,2.2,1.7,3,2.2,0,2.2,2.7,1.7,0,0
23,61,2,2,0,0,0.2,0.2,0.4,0,0.4,0.6,0,0.2,0
23,44,2,7,0.2,0.3,0.6,0.6,1.9,0.1,1.4,0.6,0.3,0.5,0.5
23,64,2,7,0,0.5,0,0.5,1.9,0,0.7,2.5,0,0.7,0.2
23,107,1,2,0.1,0.2,0.1,0.3,0.5,0,0.1,0.4,0.1,0.2,0
23,47,4,17,0.2,0.8,0.4,3.1,1.7,0.8,2.8,3.4,1,2.8,0
23,70,1,1,0.1,0,0,0.1,0.2,0,0.2,0.2,0.1,0.1,0
23,35,1,3,0,0.1,0.5,0.5,0.5,0,0.5,0.5,0,0.3,0.1
23,80,1,4,0.1,0.4,0.1,0.7,0.8,0.3,0.6,0.4,0.2,0.4,0
23,1,4,37,2.4,2.4,1.3,8,8.9,0.5,5,3.7,1.9,0,2.9
23,60,1,7,0,0.5,0,0.5,1.9,0,0.7,2.4,0,0.7,0.3
23,118,1,2,0,0.1,0,0.2,0.3,0,0.3,0.5,0.2,0.4,0
23,114,1,3,0.1,0.1,0.1,0.4,0.6,0,0.5,0.3,0.1,0.6,0.2
23,48,2,120,4,2.4,7,14.4,27,2.8,14.7,28.1,6.3,11.3,2
23,49,2,77.5,4.6,9.2,4.6,12.9,17.1,1.3,4,9.8,6,7,1
23,111,1,5,0,0.3,0.2,0.6,0.8,0,1.2,1.1,0.2,0.6,0
23,33,1,49.5,2.6,5.3,1.6,8.2,11.5,0.3,13.7,3.4,1.2,0.4,1.3
23,53,1,13,1,1.7,1.3,2.3,1.7,0,1.7,2,1.3,0,0
23,3,1,3,0.2,0.2,0.1,0.7,0.7,0,0.4,0.3,0.2,0,0.2
23,74,1,4,0.1,0.2,0.2,0.7,0.4,0.1,1.3,0.5,0.2,0.3,0
23,0,2,4,0.2,0.6,0.2,1,0.8,0,0.6,0.2,0.4,0,0
23,22,2,5,0,0.3,0,0.8,1.2,0.2,0.8,0.7,0.3,0.4,0.3
23,113,2,6,0.1,0.3,0.3,0.8,1.2,0,1.1,0.6,0.1,1.2,0.3
23,55,1,6,0.4,0.8,0.6,1.1,0.8,0,0.8,0.9,0.6,0,0
23,98,1,4,0.1,0,0,0.4,0.1,0.1,1.5,1,0.1,0.7,0
23,24,1,1,0,0.1,0,0.2,0.2,0,0.2,0.1,0.1,0.1,0
23,126,2,11,0.2,0.9,0,2,2,0.2,1.1,2.6,0.2,1.5,0.3
23,127,2,7,0.1,0.6,0,1.3,1.3,0.1,0.7,1.7,0.1,1,0.1
23,124,1,4,0.2,0.3,0,0.4,0.6,0,0.7,1,0.2,0.6,0
82,116,3,14,0.4,1.6,0.8,0.8,3.5,0,2.8,2.5,0,1.6,0
82,20,1,4,0.1,0,0.5,0.6,0.9,0.1,1,0.6,0.1,0.1,0
82,107,1,5,0.3,0.4,0.1,0.5,0.8,0,1.2,1.4,0.3,0,0
82,81,2,8,0.4,0.9,0,2,0.8,0,0.4,2.3,0.9,0.3,0
82,105,1,5,0.5,0.3,0.3,0.9,1.5,0.3,0.7,0.1,0.2,0.1,0.1
82,114,1,2,0.1,0.3,0,0.4,0.5,0.1,0.1,0.2,0.1,0.1,0.1
82,87,1,1,0,0.1,0,0,0.4,0,0.1,0.3,0,0.1,0
82,19,1,7,0.2,0,0.8,1,1.7,0.2,1.7,1,0.2,0.2,0
82,117,2,5,0.1,0.6,0.3,0.3,1.2,0,1,0.9,0,0.6,0
82,102,2,2,0.2,0.2,0.2,0.4,0.6,0.2,0.2,0,0,0,0
82,95,1,4,0,0,0.2,1.5,0.2,0.1,0.6,1.1,0.1,0.2,0
82,112,3,94,2.3,8.7,3.3,9.2,22.2,1.3,11.8,14.3,9.3,8.9,2.7
82,111,2,24,0.8,1,1.4,4,4.6,0.2,3,3.4,2,3.2,0.4
82,12,2,19,1.4,1.7,2.6,3.3,4.6,0,1.4,1.4,1.4,0.6,0.6
82,110,1,3,0.1,0.2,0.1,0.3,0.5,0,0.7,0.9,0.2,0,0
82,80,2,32,1.9,4.6,1.3,7.3,3.9,0.6,3.3,3.9,2.6,2.6,0
82,113,3,20,0.7,1.3,1.1,3.3,4,0.3,2.3,2.6,1.6,2.3,0.5
82,18,1,2,0,0,0.2,0.3,0.5,0,0.5,0.3,0.1,0.1,0
82,127,3,18,0,2.5,0.7,2.6,2.7,0,4.7,2.7,0.6,1.5,0
82,93,2,3,0,0,0.1,1.2,0.1,0,0.5,0.9,0,0.2,0
82,76,1,3,0.2,0.4,0.1,0.7,0.4,0.1,0.3,0.4,0.2,0.2,0
82,74,1,6,0.3,0.3,0.3,0.7,1,0.2,0.5,1.2,0.7,0.7,0.1
82,122,1,1,0,0.1,0,0.1,0.2,0,0.3,0.2,0,0,0.1
82,75,1,6,0.3,0.3,0.3,0.7,1,0.2,0.5,1.2,0.7,0.7,0.1
24,116,2,14,0.2,0.6,0,1.7,2.1,0,1.8,3.5,1.2,2.9,0
24,104,1,1,0,0.1,0,0.1,0.2,0,0.2,0.2,0.1,0.1,0
24,109,1,3,0.1,0.3,0.1,0.5,0.8,0,0.2,0.6,0.1,0.2,0.1
24,63,3,8,0.2,0.4,0.3,0.6,1.9,0,1.4,2.6,0,0.5,0.1
24,75,1,1,0,0.1,0.1,0.2,0.1,0,0.3,0.1,0,0.1,0
24,62,2,6,0.2,0.2,0.4,0.4,1.4,0,1.4,1.8,0,0.2,0
24,50,2,6,0.3,0.4,0.7,0.8,1.4,0.1,0.5,1.3,0.5,0,0
24,51,1,2,0,0.1,0,0.2,0.2,0,0.3,0.7,0.1,0.3,0.1
24,32,3,31.5,2.4,2.9,0.5,4.3,5.7,1.2,6.3,5.2,0.7,1.4,0.9
24,70,1,2,0.1,0.1,0.1,0.3,0.3,0,0.4,0.4,0.1,0.2,0
24,39,1,3,0.1,0.3,0.1,0.5,0.9,0.2,0.3,0.1,0.3,0.2,0
24,2,1,6,0.4,0.4,0.2,1.3,1.4,0.1,0.8,0.6,0.3,0,0.5
24,42,1,3,0.1,0.2,0.2,0.2,0.8,0.1,0.6,0.2,0.2,0.2,0.2
24,83,1,2,0.1,0.2,0.1,0.3,0.4,0.1,0.3,0.2,0.1,0.2,0
24,87,1,3,0,0.1,0.2,0.6,0.7,0,0.4,0.7,0,0.2,0.1
24,103,1,2,0,0.2,0.1,0.2,0.4,0,0.3,0.4,0.2,0.2,0
24,37,3,33,0.7,3.9,0.7,5.9,9.9,2,3.3,1.3,3.3,2,0
24,71,1,6,0.2,0.3,0.4,1.1,0.6,0.1,1.9,0.7,0.3,0.4,0
24,44,1,1,0,0,0.1,0.1,0.3,0,0.2,0.1,0,0.1,0.1
24,113,3,32,0.1,2,1.2,4.1,5.3,0,7.5,6.3,1.4,3.9,0.2
24,112,2,5,0,0.4,0.1,0.6,0.8,0,1.2,1,0.3,0.6,0
24,60,1,2,0,0.1,0,0.1,0.6,0,0.2,0.7,0,0.2,0.1
24,120,1,1,0,0,0,0.1,0.2,0,0.1,0.3,0.1,0.2,0
24,119,1,7,0.1,0.3,0,0.9,1,0,0.9,1.7,0.6,1.5,0
24,0,1,55.5,4.3,4.7,3.6,14.6,10.3,4.1,3.4,1.5,8.8,0.1,0.1
24,1,3,31,2,2,1.1,6.7,7.5,0.4,4.2,3.1,1.6,0,2.4
24,48,2,8,0.3,0.4,0.7,1.2,1.5,0.2,0.9,1.7,0.6,0.5,0
24,117,1,1,0,0,0,0.1,0.2,0,0.1,0.3,0.1,0.2,0
24,111,1,4,0,0.3,0.1,0.5,0.6,0,1,0.8,0.2,0.5,0
24,65,1,1,0,0.1,0,0.1,0.3,0,0.1,0.3,0,0.1,0
24,49,1,1,0.1,0.1,0.1,0.1,0.2,0,0.1,0.2,0.1,0,0
24,86,1,3,0,0.1,0.2,0.6,0.7,0,0.4,0.7,0,0.2,0.1
24,17,1,9,0.4,0.7,0.4,2,1.3,0.2,1.8,1.3,0.4,0.5,0
24,3,1,1,0.1,0.1,0,0.2,0.2,0,0.1,0.1,0.1,0,0.1
24,55,1,2,0.1,0.2,0.2,0.4,0.3,0,0.3,0.3,0.2,0,0
24,126,2,12,0.3,0.9,0,2.1,2.1,0.3,1.2,2.8,0.3,1.6,0.4
24,127,2,3,0,0.3,0,0.6,0.6,0,0.3,0.8,0,0.4,0
58,77,2,5,0,0.4,0.2,0.4,1.4,0,0.7,0.8,0.2,0.9,0
58,7,1,128.5,6.1,13.8,5.1,16.9,26.3,1.1,11.9,28,7.7,9.4,2.2
58,5,2,13,0,1.3,0.5,1.6,4.2,0.1,2,1.7,0.9,0.7,0
58,56,3,20,0.2,2.4,1.4,3.1,5.4,0.3,2,1.7,2,1.1,0.4
58,24,2,128,4.2,11.3,6.6,22.8,27.8,2,17.7,18.3,7.3,6.7,3.3
58,96,2,3,0,0.1,0.3,0.3,0.5,0,0.8,0.3,0.1,0.4,0.2
58,26,1,1,0,0,0,0,0.3,0,0.2,0.3,0,0.2,0
58,34,1,123.5,8,10.9,7.9,30.3,32.3,7.4,4.4,3.9,16.4,1,1
58,63,2,17,1.2,2,1.5,1.7,5.6,0.6,1.7,2.1,0,0.6,0
58,51,1,1,0,0.1,0.1,0.2,0.1,0,0.1,0.2,0.1,0.1,0
58,57,3,16,0.1,2,1.1,2.5,4.3,0.2,1.6,1.4,1.6,0.9,0.3
58,55,3,49.5,0.3,2.4,2.2,3.5,9.5,1.2,9.4,10.2,1.8,7,2
58,123,1,9,0,0,0.7,1,1.7,0,2.3,2.3,0,1,0
58,109,2,23,0.8,1.3,0.8,3.8,6,0.4,2.6,3.4,1.3,1.8,0.8
58,71,1,2,0,0.1,0.1,0.2,0.3,0,0.9,0.1,0,0.2,0.1
58,53,0,32,4,2,3,1,9,2,6,2,2,1,0
58,105,1,5,0,0.2,0.4,0.6,0.9,0,1.3,0.6,0.2,0.6,0.2
58,32,1,4,0,0.4,0.1,0.6,0.8,0,0.7,0.8,0.3,0.2,0.1
58,54,4,34,1.1,1.2,3.4,7.2,4.5,0.4,4.2,6.4,2.6,3,0
58,33,3,81,1.4,5.6,4.8,17.3,16.8,2.4,15.8,9.3,5.9,1.4,0.3
58,39,1,5,0.4,0.5,0.1,1.4,0.8,0.1,0.5,0.6,0.5,0.1,0
58,35,1,9,0.3,0.8,0.6,1.7,2,0.4,1.3,0.9,0.7,0.3,0
58,108,2,10,0.2,0.5,0.4,1.4,2.6,0.1,1.3,1.9,0.5,0.9,0.2
58,106,2,4,0,0.2,0.2,0.4,1,0,0.6,1.2,0,0.4,0
58,110,3,18,0.5,1,0.6,3,4.8,0.4,2.1,2.6,1,1.4,0.6
58,29,1,1,0,0,0,0,0.3,0,0.2,0.3,0,0.2,0
58,25,1,53,1.7,4.7,3.4,9.2,18.2,4,7.3,0.7,1.7,0.4,1.7
58,117,2,16,0.7,1.1,1.1,1.5,2.5,0,2.9,3.7,0.3,1.8,0.4
58,8,1,87,4.6,8.1,3.6,19.2,18.7,4,11.5,11.8,5.1,0.3,0.1
58,107,2,12,0,0.5,0.7,0.9,2.8,0,1.9,3.7,0.3,1.2,0
58,76,2,4,0,0.2,0.2,0.4,1,0,0.6,0.6,0.2,0.8,0
58,1,2,5,0,0.5,0.2,0.7,1.5,0,0.8,0.7,0.3,0.3,0
58,65,1,2,0.1,0.2,0.2,0.2,0.7,0.1,0.2,0.2,0,0.1,0
58,6,1,18,0.4,2.4,0.2,2.6,4,0.4,2.6,3.1,0.7,1.1,0.5
58,64,2,4,0.3,0.5,0.3,0.4,1.3,0.1,0.4,0.5,0,0.2,0
58,74,1,1,0,0,0,0.1,0.1,0,0.5,0.1,0,0.1,0.1
58,44,1,1,0,0.2,0,0,0.3,0,0.2,0.2,0,0,0.1
58,93,1,1,0,0,0,0,0.1,0,0.3,0.2,0,0.4,0
58,95,2,5,0,0,0,0.1,0.6,0,1.6,0.9,0,1.8,0
58,60,1,4,0,0.4,0.6,0.4,1.1,0.1,0.4,0.4,0.4,0.1,0.1
59,58,3,8,0.1,1,0.6,1.2,2.3,0.1,0.8,0.7,0.8,0.3,0.1
59,15,3,23,1.4,0.9,1.9,4.3,4.8,1.5,3.9,2.4,0.5,0.9,0.5
59,11,3,19,1.3,1.1,0.8,3.5,3,0.3,2.5,4.8,0.8,0.3,0.6
59,116,2,9.5,0.4,0.6,0.6,0.9,1.5,0,1.8,2.2,0.2,1,0.3
59,31,3,14,0.1,1.3,0.4,2.1,2.9,0.1,2.4,2.8,1,0.7,0.2
59,26,1,1,0,0,0,0,0.3,0,0.2,0.3,0,0.2,0
59,34,1,138,7.1,18.2,4.1,16.4,42.4,5.1,15.3,14.2,9.1,5.1,1
59,5,2,32.5,0,3.4,1.3,3.8,10.3,0.3,5.2,4.4,2.1,1.7,0
59,56,1,1,0,0.1,0.1,0.2,0.3,0,0.1,0.1,0.1,0,0
59,121,1,2,0,0,0.2,0.2,0.4,0,0.5,0.5,0,0.2,0
59,90,1,2,0.1,0,0,0.1,0.2,0,0.7,0.5,0,0.4,0
59,32,1,93,1.2,4.8,2.5,18.8,16,2.2,11.3,17.8,8.3,6.9,3.2
59,62,1,7,0.5,0.9,0.6,0.7,2.3,0.2,0.7,0.9,0,0.2,0
59,57,1,15,0.2,1.8,1,2.3,4.1,0.2,1.5,1.3,1.5,0.8,0.3
59,109,1,1,0,0.1,0,0.2,0.3,0,0.1,0.1,0.1,0.1,0
59,55,3,39,1.1,1.5,4,8.4,5.1,0.6,4.7,7.3,3,3.3,0
59,91,1,5,0,0,0,0.2,0.6,0,1.6,0.8,0,1.8,0
59,21,2,10,0.3,0.6,1.2,0.6,2.4,0,0.9,3.6,0,0.4,0
59,7,1,2,0,0.3,0,0.3,0.4,0.1,0.3,0.3,0.1,0.1,0.1
59,4,1,2,0,0.2,0.1,0.3,0.6,0,0.3,0.3,0.1,0.1,0
59,103,1,2,0,0.1,0.2,0.2,0.3,0,0.5,0.2,0.1,0.3,0.1
59,108,2,20,0.3,1,0.9,2.5,5,0.2,2.7,4.4,0.8,1.8,0.4
59,105,1,6,0,0.2,0.5,0.7,1,0,1.5,0.8,0.2,0.8,0.3
59,6,2,59,1.5,4.1,1.3,11.3,10.1,0.5,10.3,16,1.9,1.4,0.6
59,33,0,254.5,8,29,16,47,54,5,31,30,17.5,12,5
59,35,1,2,0.1,0.2,0.1,0.4,0.4,0.1,0.3,0.2,0.1,0.1,0
59,8,1,47.5,1.1,4.2,2.1,2.7,12.1,1.1,10.7,8.9,1.2,3.3,0.1
59,12,1,3,0.2,0.2,0.1,0.5,0.5,0,0.4,0.8,0.1,0.1,0.1
59,117,3,6,0.2,0.4,0.4,0.6,1,0,1.1,1.4,0.1,0.6,0.2
59,110,1,1,0,0.1,0,0.2,0.3,0,0.1,0.1,0.1,0.1,0
59,1,1,1,0,0.1,0,0.1,0.3,0,0.2,0.1,0.1,0.1,0
59,0,1,4,0,0.8,0.1,0.2,1.7,0,0.3,0.4,0.2,0.2,0.1
59,36,1,2,0.2,0.2,0.1,0.5,0.3,0.1,0.2,0.2,0.2,0,0
59,22,1,1,0,0.1,0.1,0.1,0.2,0,0.1,0.4,0,0,0
59,60,1,1,0,0.1,0.2,0.1,0.3,0,0.1,0.1,0.1,0,0
39,118,2,7,0,0.3,0.4,1.3,0.5,0.1,1.3,2.3,0.3,0.4,0.1
39,15,2,118.5,1,19.6,4.4,7.8,32.2,1,20.4,18.2,9.7,2.8,1.4
39,116,1,1,0,0,0.1,0.2,0.1,0,0.2,0.3,0,0.1,0
39,87,2,7,0.4,0.7,0.7,1.1,1.1,0.4,0.7,1.1,0.3,0.5,0
39,125,3,21,0.9,2.2,0.5,0.9,4.4,0,3.6,6.3,0.4,1.3,0.5
39,70,1,2,0,0,0,0,0.4,0,0.6,0.5,0,0.5,0
39,109,1,2,0,0.1,0.1,0.1,0.3,0,0.5,0.5,0.1,0.3,0
39,14,1,3,0,0.4,0.1,0.1,1,0,0.7,0.5,0.1,0.1,0
39,20,1,264.5,9.8,33.9,26.3,41.5,63.2,2.1,32.2,28.1,10.7,13.7,3
39,52,1,1,0,0.1,0,0.1,0.3,0,0.1,0.2,0.1,0.1,0
39,21,1,179.5,4.5,9.4,9.7,30.4,35.5,1.3,27.8,30.5,13,16,1.4
39,92,1,4,0.2,0.3,0.4,0.6,1.2,0.1,0.2,0.5,0.2,0.3,0
39,93,1,1,0.1,0.1,0.1,0.1,0.3,0,0.1,0.1,0,0.1,0
39,124,2,10,0.4,1,0.3,0.4,2.1,0,1.7,3,0.2,0.6,0.3
39,69,1,4,0,0,0,0,0.8,0,1.2,1,0,1,0
39,77,2,8,0.1,1.3,0.5,0.5,2.1,0,1.2,1.7,0.2,0.2,0.2
39,62,1,1,0,0.1,0,0.2,0,0.1,0.1,0.2,0.1,0.2,0
39,95,1,14,0.8,1.1,1.4,2,4.2,0.3,0.8,1.7,0.6,1.1,0
39,57,1,2,0.1,0.2,0,0.3,0.4,0,0.3,0.3,0.2,0.2,0
39,19,2,97.5,3.8,14.3,5.5,15.2,20.5,2.5,10.3,14.8,6.3,3.3,1
39,42,1,50,2.7,3,2.4,9.1,8.7,0.4,5.8,9.7,5.2,2,1
39,41,1,7,0.4,0.6,0.2,1.9,1,0.2,1.6,0.4,0.1,0.6,0
39,112,2,4,0,0.1,0.1,0.3,0.7,0,0.9,1,0.1,0.7,0.1
39,76,3,19,0.3,3.2,1.2,1.3,4.9,0,2.8,3.9,0.4,0.5,0.5
39,16,2,13,0.8,0.4,0.4,1.6,1.3,0,2.1,5.1,0.8,0.5,0
39,123,1,5,0.2,0.5,0.1,0.2,1.1,0,0.9,1.5,0.1,0.3,0.1
39,44,1,2,0,0,0,0.3,0.4,0.1,0.4,0.3,0.1,0.4,0
39,127,3,90.5,5.1,6.9,4.1,12.1,16.8,0.7,8.7,11.5,4.4,12.5,7.7
39,58,1,2,0.1,0.2,0,0.3,0.4,0,0.3,0.3,0.2,0.2,0
39,13,1,3,0,0.4,0.1,0.1,1,0,0.7,0.5,0.1,0.1,0
39,54,1,1,0,0.1,0,0.1,0.3,0,0.1,0.2,0.1,0.1,0
39,126,3,64,3.8,5.6,4.1,9,13.6,0.5,7,7.7,4.3,7.9,0.5
39,22,1,5,0.3,0.1,0.5,0.7,0.9,0.1,0.8,1.2,0,0.3,0.1
39,74,2,5,0.3,0,0,0.7,0.5,0.2,0.5,1.5,0,1.3,0
60,5,1,257.5,6,20.2,17.4,47.3,60.5,7.1,51.7,23.5,18.2,2.6,3
60,116,1,2,0.1,0.1,0.1,0.2,0.3,0,0.4,0.5,0,0.2,0.1
60,7,2,6,0.2,0.6,0.1,0.8,1.4,0.2,0.7,1.3,0.2,0.3,0.2
60,27,1,2,0,0,0.1,0,0.6,0,0.3,0.6,0,0.3,0.1
60,15,4,21,1.3,1,1.6,4,4.3,1.1,3.4,2.6,0.4,0.8,0.5
60,31,1,49.5,1.1,2.6,1.1,11,10.4,3.1,8.1,7.3,3.4,1.3,0.1
60,34,3,51,0.5,7.5,2.6,4.9,13.8,2.3,4.4,6.3,5,3.7,0
60,50,1,2,0.1,0.1,0.2,0.4,0.3,0,0.2,0.4,0.1,0.2,0
60,32,1,34,0,3.2,0.1,3.3,8.4,0,11.4,6.4,1.1,0.1,0
60,6,0,276,9,18.5,14.5,26,46,2.5,66,65,14.5,14,0
60,4,2,21,0.2,2.3,0.5,2.1,5.5,0.7,3.3,4.1,0.9,1.2,0.2
60,21,2,14,0.4,0.9,1.6,0.9,3.4,0,1.3,5.1,0,0.4,0
60,8,4,62,1.7,5.3,1.5,7,13.9,1,8.5,14.5,2.6,4.2,1.8
60,55,1,4,0.1,0.1,0.4,0.9,0.5,0.1,0.5,0.8,0.3,0.3,0
60,14,1,7,0.4,0.3,0.6,1.3,1.5,0.4,1.2,0.7,0.1,0.3,0.2
60,33,3,114.5,6.1,11.1,3.2,24.8,22.1,3.1,9,17.1,13.2,4.7,0.1
60,48,1,1,0,0.1,0.1,0.2,0.1,0,0.1,0.2,0.1,0.1,0
60,29,1,1,0,0,0,0,0.3,0,0.2,0.3,0,0.2,0
60,110,1,2,0,0.1,0.1,0.2,0.5,0,0.3,0.6,0,0.2,0
60,0,2,8,0,1.6,0.3,0.3,3.5,0,0.7,0.8,0.3,0.3,0.2
60,59,3,42,0.6,4.6,5.9,4.6,11.1,1.3,4,4,3.9,1.4,0.6
60,115,1,4,0.1,0.4,0.3,0.5,0.9,0,1.3,0.2,0.3,0,0
60,90,1,1,0,0,0,0.1,0.1,0,0.3,0.3,0,0.2,0
60,88,1,5,0.1,0,0,0.3,0.4,0,1.7,1.4,0,1.1,0
60,60,3,10,0,1,1.4,1,2.7,0.3,1,1,1,0.3,0.3
60,1,2,5,0,0.5,0.2,0.6,1.2,0.1,1,1,0.1,0.2,0.1
60,92,1,1,0,0,0,0,0.1,0,0.3,0.2,0,0.4,0
28,94,1,7,0.2,0,0.2,0.2,1.5,0,0.4,2.3,0.4,1.1,0.7
28,89,1,1,0.1,0,0.1,0.1,0.2,0,0.2,0.2,0,0.1,0
28,26,3,11,0.6,1.1,0.6,1.9,3.3,0.5,0.9,0.5,1.1,0.5,0
28,69,1,12,0,1.4,0,1.8,1.8,0.7,2.5,2.1,0.7,1,0
28,124,2,9,0,0.7,0.2,0.9,1.4,0,1.4,2.4,0.2,1.8,0
28,121,1,1,0,0.1,0,0.1,0.1,0,0.2,0.3,0,0.2,0
28,77,3,5,0,0.7,0.2,0.8,0.8,0,0.8,1,0.2,0.5,0
28,27,1,2,0.1,0.2,0.1,0.3,0.6,0.1,0.2,0.1,0.2,0.1,0
28,103,3,30,0.7,1.5,1.1,2.6,5.8,0.3,4.7,7.1,0.7,5.4,0.1
28,123,2,3,0,0.3,0.1,0.3,0.4,0,0.5,0.8,0,0.6,0
28,97,2,6,0,0.3,0,0,0.7,0,1.4,2.5,0,1.1,0
28,119,1,1,0,0,0.1,0,0.1,0,0.3,0.4,0,0.1,0
28,98,2,115,0.1,2.2,1.2,3.2,9.1,0.3,15.7,36.7,0.4,45.7,0.4
28,105,1,1,0,0,0,0.1,0.2,0,0.2,0.2,0,0.3,0
28,87,2,7,0.4,0.3,0.8,0.8,1,0.3,1.4,1.4,0,0.6,0
28,100,1,3,0,0.2,0.2,0.2,0.5,0,0.6,0.7,0.1,0.4,0.1
28,118,4,14,0,0.6,0.6,0,0.9,0,4.7,5.6,0,1.6,0
28,12,1,2,0.1,0.1,0,0.4,0.4,0,0.2,0.4,0.3,0,0.1
28,17,1,16,0.4,1.3,0.9,3.9,3,0,0.9,2.2,1.7,0.4,1.3
28,127,3,5,0.2,0.2,0.3,1,0.8,0,0.5,1,0.2,0.8,0
28,47,1,2,0,0.2,0,0.2,0.5,0.1,0.2,0.3,0.1,0.2,0.2
28,99,2,16,0.1,1,1,1.1,2.7,0.2,3,3.7,0.5,2.2,0.5
28,102,2,76,3.4,7.3,4.9,10.4,13.4,1,11.2,8,7.4,8.9,0.1
28,90,1,1,0.1,0,0.1,0.1,0.2,0,0.2,0.2,0,0.1,0
28,73,2,5,0.1,0.1,0,0.8,1.1,0.1,0.7,1,0.2,0.9,0
28,78,2,5,0,0.7,0.2,0.7,0.9,0,0.7,1.1,0.2,0.5,0
28,49,1,5,0,0.6,0,0.6,1.2,0.1,0.4,0.8,0.3,0.5,0.5
28,37,1,4,0,0.5,0.1,0.3,0.8,0.1,0.8,0.5,0.4,0.4,0.1
28,48,1,6,0,0.7,0,0.7,1.5,0.2,0.5,0.9,0.4,0.5,0.6
28,53,2,5,0,0.6,0,0.6,1.2,0.1,0.4,0.8,0.3,0.5,0.5
28,68,1,1,0,0.1,0,0.1,0.1,0.1,0.2,0.2,0.1,0.1,0
28,64,1,2,0.1,0.1,0,0.2,0.3,0,0.3,0.5,0.1,0.3,0.1
28,82,1,2,0,0.3,0,0,0.6,0,0.2,0.6,0,0.3,0
28,55,1,2,0,0.2,0,0.2,0.5,0.1,0.2,0.3,0.1,0.2,0.2
28,76,1,3,0,0.4,0.1,0.4,0.6,0,0.4,0.7,0.1,0.3,0
28,44,1,2,0,0.3,0,0.2,0.4,0,0.4,0.3,0.2,0.2,0
28,18,1,2,0,0.2,0.1,0.5,0.4,0,0.1,0.3,0.2,0,0.2
28,101,1,2,0,0.2,0.1,0.2,0.4,0,0.3,0.5,0.1,0.2,0
28,14,1,4,0.3,0.2,0.1,0.8,0.7,0.1,0.3,0.7,0.5,0.1,0.2
86,27,1,3,0,0.4,0.2,0.7,0.6,0.2,0.5,0.2,0.1,0.1,0
86,96,1,1,0.1,0,0,0.2,0.3,0,0.1,0.3,0,0,0
86,104,1,3,0.2,0.2,0.2,0.5,0.9,0.2,0.4,0.1,0.1,0.1,0.1
86,65,2,2,0,0.2,0.2,0.2,0.4,0,0.4,0.6,0,0,0
86,34,1,4,0,0.6,0.2,1,0.8,0.2,0.7,0.3,0.1,0.1,0
86,116,2,10,0,0.5,0.5,0.6,2.4,0,1.1,2.5,0.5,1.6,0.3
86,66,4,17,1,1,0.5,3.5,2.7,0.2,2,2.7,1,2.4,0
86,109,3,4,0.1,0.4,0,0.4,0.7,0,0.9,1.2,0.3,0,0
86,4,1,4,0.2,0.7,0,0.5,1.1,0.3,0.4,0.3,0.3,0,0.2
86,114,1,1,0,0.1,0,0.1,0.2,0,0.1,0.3,0,0.2,0
86,3,3,43,1.8,7.9,0.5,5.6,11.8,2.9,4.5,2.9,3.3,0,1.8
86,108,1,2,0.1,0.2,0,0.2,0.3,0,0.5,0.6,0.1,0,0
86,58,1,1,0,0.1,0.1,0.1,0.2,0,0.2,0.3,0,0,0
86,125,1,3,0,0,0.1,0.3,0.9,0,0.7,0.5,0,0.3,0.2
86,57,1,3,0.1,0.1,0.2,0.3,0.7,0.1,0.5,0.8,0.1,0.1,0
86,19,4,33,1.6,2.2,1.2,6.2,8.7,0.3,5.8,3.1,3.1,0.4,0.4
86,87,1,2,0.1,0.1,0.1,0.3,0.4,0,0.3,0.4,0,0.1,0.2
86,18,2,13,0.6,0.9,0.5,2.5,3.5,0.1,2.3,1.2,1.2,0.1,0.1
86,119,2,5,0,0.2,0.2,0.3,1.2,0,0.6,1.3,0.2,0.8,0.2
86,45,1,2,0,0.2,0.2,0.4,0.3,0.1,0.3,0.2,0.1,0.2,0
86,126,2,5,0.1,0.5,0.1,0.9,1,0,1.1,0.9,0.3,0,0.1
86,124,2,3,0,0,0.1,0.3,0.9,0,0.7,0.5,0,0.3,0.2
15,42,2,7,0,0.6,0.4,0.6,1.7,0.3,1.4,1.1,0.7,0.1,0.1
15,100,1,2,0,0.1,0,0.1,0.2,0.1,0.3,0.6,0.2,0.3,0.1
15,35,3,38,1.4,1,0.8,5,8.1,0,7.5,9.2,1.4,3,0.6
15,69,2,4,0.3,0.1,0.2,0.7,0.5,0,0.9,0.9,0,0.4,0
15,36,4,39,1.8,2.2,1.8,8.2,3.5,3,5.3,9.9,1.6,1.7,0
15,33,2,81,2,3.1,2.7,12.4,16.3,2,13.9,19.7,2.5,5.3,1.1
15,34,2,18,0.6,0.4,0.4,2.4,3.8,0,3.8,4.4,0.4,1.4,0.4
15,115,1,5,0.2,0.3,0,1.2,1,0,1,0.3,0.4,0.4,0.2
15,32,1,2,0.1,0.2,0.1,0.5,0.4,0.1,0.3,0.2,0.1,0,0
15,96,1,2,0,0.1,0,0.1,0.2,0.1,0.3,0.6,0.2,0.3,0.1
15,64,1,4,0.3,0.5,0,0.8,0.4,0.1,0.7,0.1,0.3,0.7,0.1
15,118,1,2,0,0.1,0.1,0.1,0.5,0.1,0.6,0.3,0.1,0.1,0
15,67,1,2,0.2,0.1,0.1,0.3,0.3,0,0.4,0.4,0,0.2,0
15,70,1,2,0.2,0.1,0.1,0.3,0.3,0,0.4,0.4,0,0.2,0
15,88,1,2,0,0.1,0.2,0.2,0.4,0,0.3,0.4,0.1,0.2,0.1
15,38,1,1,0,0.1,0,0.1,0.2,0,0.2,0.2,0.1,0.1,0
15,111,1,4,0.1,0.2,0,1,0.8,0,0.8,0.2,0.4,0.4,0.1
15,90,1,2,0,0.1,0.2,0.2,0.4,0,0.3,0.4,0.1,0.2,0.1
15,84,1,4,0.3,0.3,0,0.6,0.6,0,0.4,1,0.4,0.2,0.2
15,53,2,5,0.1,0.3,0.3,0.3,0.7,0,1.4,1.2,0.2,0.5,0
15,60,2,14,0.4,0.8,0.4,2.4,1.6,0.4,3.8,1.9,0.4,1.9,0
15,113,1,2,0,0.1,0,0.5,0.4,0,0.4,0.1,0.2,0.2,0.1
15,89,1,5,0,0.3,0.6,0.6,1.1,0,0.6,0.9,0.1,0.5,0.3
15,102,1,2,0,0.1,0,0.1,0.2,0.1,0.3,0.6,0.2,0.3,0.1
15,127,1,3,0.2,0.1,0,0.4,0.7,0,0.4,0.8,0.1,0.3,0
15,122,1,3,0,0.1,0.1,0.2,0.8,0.1,1,0.5,0.1,0.1,0
47,71,1,1,0,0,0,0,0.2,0,0.3,0.2,0,0.3,0
47,30,3,78,8.4,6.3,1.4,27.1,10.7,8,4.3,5.1,5,1.7,0
47,65,3,86,5.3,3.8,2,15.8,11.8,0.6,8.5,14.8,9.2,13.6,0.6
47,15,1,1,0,0.1,0,0.1,0.1,0,0.3,0.1,0.1,0.2,0
47,119,2,4,0,0,0.4,0,0.2,0,0.6,1.8,0,1,0
47,31,3,66,1.7,7.1,4.4,14.3,11.7,1.8,12.5,4.4,6.3,1.8,0
47,103,1,3,0.1,0.2,0.3,0.2,0.9,0.1,0.6,0.1,0.1,0.4,0
47,90,1,1,0,0,0.1,0.1,0.1,0.1,0.1,0.3,0,0.2,0
47,32,1,8,0.2,0.9,0.5,1.7,1.4,0.2,1.5,0.6,0.8,0.2,0
47,81,1,1,0,0.2,0,0.2,0.2,0,0.1,0.2,0,0.1,0
47,66,2,6,0.3,0.3,0.2,1.2,0.7,0.2,0.6,0.7,0.2,1.2,0.4
47,77,1,2,0.1,0.1,0,0.4,0.4,0.1,0.1,0.3,0,0.3,0.2
47,92,3,54,1.1,3.8,1.1,8.3,8.8,1.4,10.7,11.5,2.2,3.8,1.3
47,91,3,40,1.3,3.6,1.3,6.7,7.5,1.8,4.8,5.9,2.9,3.7,0.5
47,35,1,5,0.6,0.2,0.1,1.7,0.8,0.1,0.5,0.5,0.4,0.1,0
47,104,1,2,0.1,0.1,0.2,0.2,0.6,0,0.4,0.1,0.1,0.2,0
47,46,1,3,0,0.3,0.2,0.3,1.1,0,0.8,0,0.1,0.1,0.1
47,61,1,2,0,0,0.1,0.1,0.4,0,0.6,0.3,0.1,0.3,0.1
47,78,2,2,0,0.2,0,0.4,0.4,0,0.2,0.2,0,0.4,0.2
47,13,1,2,0.1,0.2,0,0.2,0.2,0,0.6,0.2,0.1,0.3,0.1
47,29,1,3,0.1,0.4,0.1,0.6,0.7,0,0.4,0.4,0.2,0.1,0
47,76,2,8,0.3,0.5,0.2,1.6,1.4,0.4,0.5,1,0.2,1.3,0.6
47,93,1,72,2.1,7.1,8.1,9.5,12.6,1.4,8.4,16.7,3.7,1.4,1
47,97,1,6,0.1,0.6,0.5,0.3,0.8,0.1,0.3,2,0.2,0.9,0.2
47,67,1,3,0.2,0.2,0.1,0.6,0.3,0.1,0.3,0.3,0.1,0.6,0.2
47,25,1,2,0,0.3,0,0.4,0.4,0.1,0.4,0.2,0.2,0,0
47,94,1,3,0.1,0.2,0.3,0.4,0.6,0.1,0.3,0.9,0,0.1,0
47,98,2,13,0.3,0.9,0.4,1.2,2.5,0.6,2.5,3.1,0.9,0.6,0
47,68,1,4,0.2,0.2,0.1,0.8,0.5,0.1,0.4,0.5,0.1,0.8,0.3
47,64,2,15,0.5,1.7,0.9,2.6,2.6,0.3,1.9,1.7,1.4,1.1,0.3
47,126,1,18,1.3,0.9,0,1.3,2.6,0,3.4,3.8,0.9,3.8,0
47,101,1,2,0.1,0.1,0.2,0.2,0.6,0,0.4,0.1,0.1,0.2,0
47,22,1,3.5,0.1,0.5,0.1,0.6,0.7,0.1,0.6,0.4,0.3,0.1,0
47,127,1,4,0.3,0.2,0,0.3,0.6,0,0.8,0.8,0.2,0.8,0
9,92,1,1,0,0.1,0,0.2,0.2,0,0.3,0.2,0,0,0
9,42,1,2,0.1,0.2,0.4,0.1,0.6,0,0.2,0.1,0.2,0.1,0
9,56,1,6,0.1,0.3,0.2,0.9,1.1,0,0.5,2,0.1,0.8,0
9,91,2,49,1.3,3.1,3.6,9,15,1.3,6.1,2.5,5.5,0.6,1
9,11,1,3,0.1,0.1,0.2,0.2,0.5,0,0.5,0.7,0.2,0.5,0
9,89,3,30.5,0.9,1.8,1.3,3.5,4.4,0.1,5,9.1,1.4,2.6,0.4
9,39,2,8,0.1,0.5,0,1.5,1.7,0.1,2.1,0.7,0.9,0.2,0.2
9,43,3,18,0.6,2,1.4,1.7,2.5,0.5,4.1,1.1,1,2.6,0.5
9,59,2,4,0.1,0.2,0.1,0.7,0.7,0,0.3,1.3,0.1,0.5,0
9,71,1,7,0.7,1.4,0.2,0.9,1.2,0,1.4,1,0.2,0,0
9,80,1,5,0.1,0.5,0.1,0.9,1,0.4,0.7,0.5,0.3,0.5,0
9,93,1,1,0,0.1,0,0.2,0.2,0,0.3,0.2,0,0,0
9,90,4,47,1.3,2.9,1.9,5.3,6.6,0.2,7.8,14.1,2.1,4.1,0.7
9,46,1,2,0.1,0.1,0.1,0.1,0.3,0,0.5,0.5,0.1,0.2,0
9,87,2,4,0.2,0,0.4,0.6,0.6,0,0.8,0.8,0.4,0.2,0
9,52,1,2,0.1,0,0.3,0.2,0.4,0.1,0.2,0.3,0,0.4,0
9,57,2,10,0.2,0.5,0.3,1.5,1.8,0,0.8,3.4,0.2,1.3,0
9,55,1,1,0,0,0.2,0.1,0.2,0,0.1,0.2,0,0.2,0
9,41,1,2,0.1,0.2,0.4,0.1,0.6,0,0.2,0.1,0.2,0.1,0
9,40,3,10,0,0.7,0,1.8,2.2,0.2,2.7,0.8,1,0.3,0.3
9,88,2,7,0.2,0.4,0.3,0.8,1,0,1.1,2.1,0.3,0.6,0.2
9,44,1,4,0.1,0.4,0.2,0.4,0.3,0.1,1.1,0.3,0.2,0.7,0.2
9,109,1,2,0,0.1,0,0.5,0.4,0,0.4,0.1,0.2,0.2,0.1
9,96,2,5,0,0.1,0,0.4,0.5,0.1,0.8,1.6,0.5,0.9,0.1
9,104,1,1,0,0.1,0.1,0.1,0.2,0,0.1,0.2,0.1,0.1,0
9,100,1,1,0,0,0,0.1,0.1,0,0.2,0.3,0.1,0.2,0
54,118,1,5,0.4,0,0.2,0.9,0.6,0.1,0.7,1,0.2,0.9,0
54,77,1,23,0,1.1,0,4.1,1.2,1,6.2,4.1,2.1,3.1,0.1
54,116,3,7,0.5,0,0.4,1.3,0.8,0.1,0.9,1.4,0.3,1.3,0
54,119,2,11,0.7,0,0.5,2,1.2,0.3,1.5,2.2,0.5,2.1,0
54,104,3,17,0.8,1.1,0.5,2.8,1.8,0.4,2.3,4.4,1.1,1.8,0
54,100,3,22,0.7,0,0,4.8,4.2,0.7,4.8,0.8,1.3,2.7,2
54,103,4,46,2.4,3.5,1.2,7.5,5.6,1,5.7,11.2,2.8,5.1,0
54,63,1,1,0.1,0.1,0.1,0.2,0.2,0,0.1,0.2,0,0,0
54,26,1,1,0,0,0,0.2,0,0,0.5,0.2,0,0,0.1
54,62,2,6,0.6,0.4,0.6,1.2,1.2,0,0.4,1,0.2,0.2,0.2
54,45,1,2,0,0.1,0.1,0.4,0.4,0,0.4,0.4,0.2,0,0
54,98,4,18,0.2,0.3,0.8,3.4,3.5,0.3,4.7,1.7,1,1.3,0.8
54,90,2,9,0.2,0.3,0.3,1.5,0.4,0.3,1.2,2.4,0.3,2.1,0
54,92,2,7,0.2,0.2,0.2,0,1.8,0,1.5,1.6,0,1.2,0.3
54,57,2,4,0.2,0.4,0.2,1.2,0.6,0.2,0.2,0.6,0.4,0,0
54,9,1,1,0,0.1,0,0.2,0.2,0.1,0.1,0.1,0.1,0,0.1
54,106,1,271.5,7.2,19.1,14.9,27.5,52.9,6.3,37.6,57,12.7,34,2.3
54,8,1,2,0.1,0.3,0,0.4,0.4,0.1,0.1,0.2,0.2,0,0.2
54,105,1,3,0.1,0.2,0.1,0.5,0.3,0.1,0.4,0.8,0.2,0.3,0
54,37,1,3,0.1,0.2,0.1,0.6,0.6,0,0.6,0.5,0.3,0,0
54,78,1,11,0.4,1.2,0.4,1.6,2.3,0,1.6,1.3,0.7,0.9,0.6
54,72,1,1,0.1,0,0,0.1,0.1,0,0.2,0.4,0,0.1,0
54,102,3,10,0.7,1.2,0.4,1.5,1.9,0.1,1,1.5,0.4,1.3,0
54,107,1,98.5,3.2,6.5,4.8,8.5,10.7,2.3,11.5,26.7,3.2,20.8,0.3
54,91,1,1,0,0,0,0,0.3,0,0.2,0.2,0,0.2,0.1
54,80,2,4,0.2,0.2,0.2,0.2,1,0,0.8,0.8,0.2,0.4,0
54,48,1,4,0.5,0.6,0.2,0.3,0.9,0.1,0.3,0.4,0.3,0.3,0.1
54,58,1,5,0.3,0.5,0.2,1.4,0.8,0.2,0.2,0.7,0.6,0.1,0
54,109,1,7,0.4,0.9,0.2,0.6,1.9,0,0.2,0.9,0.4,1.5,0
54,108,2,20,1,2.3,0.7,1.7,5.2,0.1,0.8,3.1,1,4,0.1
54,82,3,24,0,1.8,0.6,2.8,7.4,0.6,1.2,5.6,1.6,1.8,0.6
54,40,1,2,0,0.1,0.1,0.4,0.4,0,0.4,0.4,0.2,0,0
54,73,1,2,0.1,0.1,0,0.2,0.2,0,0.4,0.8,0.1,0.1,0
53,103,4,42,2.8,4.7,1.5,6.4,6.8,0.9,4.3,7.5,1.9,5.2,0
53,77,3,62,2.1,6.8,2.1,6.8,9.7,1,8.9,13.8,4.2,4.7,1.9
53,104,1,5,0.3,0.3,0.1,0.8,0.5,0.1,0.7,1.3,0.3,0.6,0
53,26,1,2,0,0,0,0.3,0.1,0,1.1,0.4,0,0,0.1
53,58,1,2,0.1,0.2,0.1,0.6,0.3,0.1,0.1,0.3,0.2,0,0
53,85,1,3,0,0.2,0.1,0.4,0.9,0.1,0.1,0.7,0.2,0.2,0.1
53,111,1,5,0,0,0.4,0.4,0.4,0.2,0.2,0.9,0.8,1.5,0.2
53,121,4,13,1,0,0.6,2.4,1.5,0.3,1.7,2.6,0.5,2.4,0
53,55,1,3,0,0.1,0.1,0.4,0.4,0.1,0.5,1,0.2,0.2,0
53,11,2,7,0.2,0.7,0.5,1.4,1.7,0.3,0.9,0.9,0.4,0,0
53,12,1,2,0.1,0.2,0.1,0.4,0.5,0.1,0.3,0.2,0.1,0,0
53,124,1,2,0.1,0,0.1,0.4,0.2,0,0.3,0.4,0.1,0.4,0
53,19,1,1,0,0.2,0,0.2,0.2,0,0.1,0.2,0.1,0,0
53,106,2,117,2.2,4.6,7.3,16.8,21.2,1.5,16.4,26.3,3.3,12.9,4.5
53,108,1,98,2.2,12.3,2.1,7.3,19.8,2,22.1,18.4,6.2,4.6,1
53,4,1,4,0.1,0.3,0.1,0.7,0.6,0.3,0.3,1.1,0.2,0.3,0
53,78,3,42,1.5,4.5,1.6,5.8,8.9,0,6.3,5.1,2.8,3.3,2.2
53,107,1,142,6.1,2.7,6.5,13.3,16.7,2.2,18,56,1.1,18.2,1.2
53,23,1,3,0.2,0.5,0.1,0.5,0.7,0,0.2,0.5,0.2,0.1,0
53,112,2,3,0,0,0.2,0.3,0.3,0.1,0.1,0.5,0.5,0.9,0.1
53,72,1,2,0.1,0.1,0,0.2,0.2,0,0.4,0.8,0.1,0.1,0
53,76,2,3,0.1,0.3,0.1,0.4,0.6,0,0.5,0.3,0.2,0.3,0.2
53,10,1,2,0.1,0.3,0,0.4,0.4,0.1,0.1,0.2,0.2,0,0.2
53,93,1,2,0.1,0.1,0.1,0,0.5,0,0.4,0.4,0,0.3,0.1
53,110,1,3,0.2,0.3,0.1,0.3,0.8,0,0.1,0.4,0.2,0.6,0
53,79,2,17,0.9,0.9,1.3,0.9,4.4,0,3.1,3.2,0.9,1.4,0
53,105,1,5,0.3,0.3,0.1,0.8,0.5,0.1,0.7,1.3,0.3,0.6,0
53,82,2,4,0,0.2,0.2,0.4,1.2,0.2,0.2,1,0.2,0.2,0.2
53,73,1,5,0.4,0.2,0.1,0.5,0.5,0.1,1,1.9,0.1,0.2,0
53,1,1,4,0.2,0.1,0.2,1.7,0.6,0,0.3,0.4,0.3,0.2,0
53,126,1,10,0.3,0.9,0.6,1,2,0.5,1.6,1.5,0.7,0.8,0.1
53,99,1,2,0.1,0,0,0.4,0.4,0.1,0.4,0.1,0.1,0.2,0.2
48,15,2,4,0,0.4,0.4,0.4,1,0,0.6,0.6,0.2,0.2,0.2
48,30,1,2,0,0,0,0.3,0.1,0,1.1,0.4,0,0,0.1
48,119,1,4,0.1,0.3,0.5,0.2,1.2,0,0.6,0.7,0.1,0,0.3
48,31,1,93,6,7.1,4.3,15.6,18.3,4,12.9,13.9,6.9,3,1
48,65,3,38,1.6,0.6,1,6.3,5.3,0.5,6.3,6.8,2.7,5.8,1.1
48,89,1,1,0,0,0,0.1,0.3,0.1,0.1,0.1,0.1,0.2,0
48,32,3,58.5,2,3.1,4.6,6.3,19.9,2,4,7.6,4,5,0
48,61,1,4,0.2,0.1,0.1,0.7,0.5,0,0.7,0.7,0.3,0.6,0.1
48,120,1,2,0,0.2,0.2,0.1,0.6,0,0.3,0.3,0.1,0,0.2
48,103,1,2,0,0.1,0.1,0.1,0.5,0.1,0.4,0.5,0.2,0,0
48,96,1,5,0.5,0.2,0.7,0.5,1.1,0,0.7,0.7,0,0.3,0.3
48,91,2,13,0.4,0.9,0.9,2.2,2.2,0.7,0.4,3.6,0.2,1.1,0.4
48,79,1,1,0,0,0.1,0.1,0.2,0,0.3,0.1,0,0.2,0
48,12,1,5,0.1,0.5,0.5,0.4,1.3,0,0.7,0.8,0.2,0.2,0.3
48,75,1,7,0.2,0.4,0.2,1.1,1.3,0.2,0.6,1.2,0.6,1.2,0
48,38,1,2,0,0.1,0.1,0.4,0.4,0,0.4,0.4,0.2,0,0
48,0,1,2,0.1,0,0.1,0.2,0.5,0.1,0.4,0.5,0.1,0,0
48,64,1,4,0.2,0.1,0.1,0.7,0.5,0,0.7,0.7,0.3,0.6,0.1
48,13,1,2,0,0.2,0.2,0.2,0.5,0,0.3,0.3,0.1,0.1,0.1
48,95,1,7,0.2,0.5,0.5,1.2,1.2,0.4,0.2,1.9,0.1,0.6,0.2
48,82,1,1,0,0.1,0,0.1,0.3,0,0.1,0.2,0.1,0.1,0
48,81,1,5,0,0.4,0.1,0.6,1.5,0.1,0.2,1.2,0.4,0.4,0.1
48,101,2,16,0,0.7,0.8,1.1,4.1,0.4,2.9,4.1,1.9,0,0
48,22,1,5,0.3,0.9,0.2,0.9,1,0,0.3,0.9,0.3,0.2,0
48,116,1,6,0.2,0.5,0.7,0.3,1.8,0,0.8,1,0.2,0,0.5
48,122,1,8,0,0.5,0.5,0.2,1.9,0,1.4,2.6,0.2,0,0.7
48,125,2,32,2.8,3.4,1.1,5.7,5.7,0,2.3,5.2,4.6,1.2,0
48,126,2,16,0,1.9,1.9,0.3,4.6,0,2.3,3.1,1.5,0.4,0
72,96,2,10,0.2,0.3,0.4,1,2.2,0.3,1,3.7,0.3,0.6,0
72,6,1,217.5,1.1,7.8,6.6,11.4,22.6,0.1,50.4,84.6,2.6,25.3,5
72,71,3,9,0.6,0.4,0.1,2.2,1.4,0.3,1.7,0.9,0.3,1.1,0
72,2,3,32,0.9,2.6,0,2.6,7.5,0.5,5,7.5,1.6,2.9,0.9
72,7,4,31,0.7,3,1.5,3.7,6.7,1.4,3.7,5.9,1.4,3,0
72,104,1,6,0,0.6,0.3,0.3,1.8,0,0.7,1.4,0,0.9,0
72,5,0,455,8,31,13,57,66,7,74,100,17,77,5
72,100,1,7,0.2,0.2,0.2,0.7,1.5,0.2,0.7,2.6,0.2,0.5,0
72,103,3,34,0.8,1.8,3,2.7,5.6,0.3,4,8.9,1,5.9,0
72,4,2,212.5,7,16,11.5,34,39,4,30,33,15,19,4
72,11,1,17,0.3,1.8,0.4,1.4,4.2,0,2.1,5,0.4,1.4,0
72,26,1,5,0,0.5,0.4,0.1,1.4,0,0.8,1.2,0.3,0.3,0
72,10,0,98,7,11,7,16,24,3,9,7,8,2,4
72,85,1,2,0.1,0.1,0,0.3,0.4,0,0.4,0.2,0.2,0.3,0
72,106,2,11,0.7,0.8,0.8,1.6,2.9,0.2,0.9,2.3,0.4,0.4,0
72,114,1,3,0.1,0.2,0.4,0.1,0.8,0.1,0.1,0.6,0.1,0.4,0.1
72,92,2,5,0.1,0.5,0.2,0.5,0.8,0,1.3,1.2,0.2,0.2,0
72,9,0,592.5,21,47.5,25,101,97,15,95,115,32,30,14
72,105,3,8,0,0.8,0.4,0.4,2.4,0,0.9,1.9,0,1.2,0
72,8,3,47,1.6,3,1.8,3.8,8.1,0.3,6.6,17.3,2.7,1.4,0.4
72,68,3,13,0.5,0.7,0.5,1.5,1.6,0,3.9,1.8,0.1,2.2,0.2
72,87,1,4,0.1,0.5,0,0.4,1.1,0,0.4,0.7,0.3,0.3,0.2
72,12,0,362.5,11,26.5,13,51,68,9,55,77,10,38,4
72,32,1,1,0,0.1,0.1,0,0.3,0,0.2,0.2,0,0.1,0
72,69,1,5,0,0.4,0.2,0.5,0.9,0,1.4,0.5,0,1.1,0
72,95,1,4,0.1,0.4,0.2,0.5,0.7,0,1,0.9,0.1,0.1,0
72,1,2,123,4.6,11,7,15,16.9,1.4,25,25.9,8.3,7.3,0.6
72,14,2,33,0.4,3.7,1.1,3.9,10.7,0.1,8.1,0.9,1.7,0.3,2.1
72,97,1,2,0,0.1,0.1,0.2,0.4,0.1,0.2,0.7,0.1,0.1,0
72,102,0,164.5,5,7.5,14,24,27,4,16,38,7,21,1
72,125,1,5,0,0.2,0,0.5,0.5,0,1.4,0.9,0.4,1.1,0
72,3,0,550,6,30.5,20,54,85,8,56,196,16.5,74,4
72,13,0,442.5,22,50,34,87,112,10,53,21,42.5,2,9
72,112,1,1.5,0,0.2,0,0.2,0.3,0,0.3,0.3,0.1,0.1,0
72,90,1,3,0.1,0.4,0,0.3,0.8,0,0.4,0.5,0.2,0.2,0.1
72,124,1,4,0,0.2,0,0.4,0.4,0,1.1,0.7,0.3,0.9,0
72,118,1,1,0,0.2,0.1,0.2,0.2,0.1,0,0,0.1,0.1,0
72,93,3,9,0.2,0.9,0.5,1.1,1.6,0,2.3,2,0.2,0.2,0
72,0,0,141.5,1,12,10.5,14,28,2,26,28,8,4,8
72,107,1,3,0.2,0.2,0.2,0.5,0.8,0.1,0.2,0.6,0.1,0.1,0
72,82,2,6,0.3,0.4,0,0.9,1.2,0,1.2,0.7,0.5,0.8,0
72,74,2,4,0.3,0.1,0,1,0.7,0.1,0.8,0.4,0.1,0.5,0
72,73,1,1,0.1,0,0,0.3,0.2,0,0.2,0.1,0,0.1,0
72,113,2,8,0.1,0.7,0.4,0.8,1.8,0.1,1.2,1.6,0.7,0.5,0.1
72,84,1,3,0.1,0.2,0,0.5,0.6,0,0.6,0.4,0.2,0.4,0
72,126,1,5,0.2,0.8,0.1,0.6,1,0.1,0.8,0.7,0.1,0.3,0.3
72,101,0,77,1,6,5,7,22,0,16,8,5,6,1
72,117,2,58,2.5,9.2,3.3,13.4,11.8,3.3,0.9,1.7,6.8,4.2,0.9
72,64,1,3,0.2,0.6,0,0.7,0.7,0.2,0.1,0,0.5,0,0
72,81,1,2,0.1,0.1,0,0.3,0.4,0,0.4,0.2,0.2,0.3,0
72,83,1,2,0.1,0.1,0,0.3,0.4,0,0.4,0.2,0.2,0.3,0
1,9,3,36,0.6,1.7,2.2,2.9,9.1,0.6,5.2,9.7,1.1,2.2,0.7
1,42,1,3,0.2,0.3,0.1,0.1,1,0,0.1,1,0.1,0,0.1
1,72,1,2,0,0.3,0,0.2,0.4,0,0.3,0.4,0.1,0.3,0
1,51,1,4,0,0.6,0.1,0.6,0.3,0,0.7,0.6,0.5,0.6,0
1,43,1,2,0.2,0.2,0,0,0.7,0,0.1,0.7,0,0,0.1
1,27,1,6,0.3,0.5,0.4,1.1,1,0.2,1.4,0.7,0.2,0.2,0
1,26,2,43,0.7,2.4,1,6.7,8.6,1.4,7.5,9.9,1.4,2.4,1
1,39,1,3,0.2,0.3,0.1,0.1,1,0,0.1,1,0.1,0,0.1
1,73,2,3,0,0.5,0,0.3,0.6,0,0.4,0.6,0.1,0.5,0
1,25,2,10,0,0.8,0,0.9,2.1,0.8,0.4,2.6,0.8,1.2,0.4
1,57,3,10,0.3,0.3,0.4,1.3,1,0,1.7,3.3,0.7,1,0
1,54,1,3,0,0.4,0.1,0.4,0.2,0,0.5,0.5,0.4,0.5,0
1,33,1,3,0,0,0,0.5,0.5,0.1,0.5,1,0.2,0.2,0
1,52,1,3,0,0.4,0.1,0.4,0.2,0,0.5,0.5,0.4,0.5,0
1,48,2,8.5,0.3,0.9,0.2,1.5,1.1,0.2,1.5,1.4,0.4,0.9,0.1
1,123,1,6.5,0,0.4,0.6,1,1.5,0.2,0.9,0.7,0.3,0.7,0.2
1,105,1,12,0.5,0.8,1,1.3,2.6,0.5,2.4,1.3,1,0.3,0.3
1,110,1,5,0,0.7,0.2,0.5,0.9,0,0.8,1.1,0.2,0.6,0
1,126,1,3,0.1,0.2,0,0.5,0.6,0,0.7,0.7,0.1,0.1,0
1,107,1,14,0.6,0.6,0.8,3.4,1.1,0.4,2.7,2.1,0.4,1.7,0.2
1,102,1,7,0,0.5,0.5,0.2,1.8,0.2,1.1,1.8,0.2,0.2,0.5
1,103,2,5,0,0.4,0.4,0.1,1.2,0.1,0.9,1.3,0.1,0.1,0.4
1,106,2,21,0.9,1,1.2,5,1.5,0.7,4.1,3.1,0.7,2.5,0.3
83,89,2,17,1.2,1.2,1.2,2.3,3.6,0,2.3,2.9,0,0.6,1.7
83,116,1,1,0,0,0.1,0.1,0.2,0,0.1,0.3,0,0.2,0
83,125,1,8,0,0,0.4,0.8,2.4,0,2,1.2,0,0.8,0.4
83,75,2,7,0.3,0.3,0.4,0.8,1.1,0.3,0.6,1.4,0.8,0.9,0.1
83,20,3,40,0.5,5.6,1.9,2.6,10.4,0.9,3.6,11.2,1.4,1.4,0.5
83,34,1,4,0,0.6,0.2,1,0.8,0.2,0.7,0.3,0.1,0.1,0
83,109,1,1,0,0,0,0.2,0.1,0,0.3,0.2,0.1,0.1,0
83,100,1,4,0.4,0.1,0,0.6,1.1,0.1,0.4,1,0.1,0.2,0
83,19,1,7,0.1,1,0.3,0.5,1.8,0.2,0.6,2,0.2,0.2,0.1
83,81,1,2,0.1,0.1,0.1,0.1,0.4,0.1,0.2,0.6,0,0.3,0
83,87,1,3,0.2,0.2,0.2,0.4,0.7,0,0.4,0.5,0,0.1,0.3
83,88,1,1,0.1,0.1,0.1,0.1,0.2,0,0.1,0.2,0,0,0.1
83,112,3,28,0.4,1.2,0.7,3.9,4,0.4,2.8,8.9,0.7,4.6,0.4
83,16,1,59,2.9,7.6,0.4,5.4,17.2,0,9,7.6,3.4,4.1,1.4
83,76,1,2,0.1,0.1,0.1,0.1,0.4,0.1,0.2,0.6,0,0.3,0
83,111,2,6,0,0.3,0.2,0.8,0.8,0.1,0.6,1.9,0.2,1,0.1
83,43,1,1,0,0.1,0.1,0.2,0.1,0,0.2,0.1,0.1,0.1,0
83,17,2,6,0.2,0.6,0.1,0.6,1.5,0,0.6,1.3,0.6,0.3,0.2
83,13,1,2,0.1,0.1,0.1,0.1,0.4,0.1,0.7,0.3,0.1,0,0
83,8,1,1,0.1,0,0.1,0.1,0.2,0,0.4,0.1,0,0,0
83,12,1,8,0.5,0.3,0.5,0.5,1.6,0.3,2.9,1.1,0.3,0,0
83,41,1,2,0,0.2,0.2,0.4,0.3,0.1,0.3,0.2,0.1,0.2,0
83,80,1,6,0.3,0.4,0.4,0.3,1,0.3,0.5,1.7,0.1,0.9,0.1
83,117,1,4,0,0.2,0.2,0.3,0.9,0,0.5,1,0.2,0.6,0.1
83,83,1,3,0.1,0.2,0.2,0.1,0.5,0.1,0.3,0.8,0.1,0.5,0.1
83,64,2,18,0.6,1.7,1.9,3.7,3.5,0.7,3.2,1.2,0.9,0.3,0.3
25,63,1,3,0,0.2,0,0.2,0.8,0,0.3,1.1,0,0.3,0.1
25,114,1,4,0.1,0.2,0.2,0.5,0.8,0,0.7,0.4,0.1,0.8,0.2
25,34,1,2,0,0,0.3,0.3,0.3,0,0.4,0.4,0,0.2,0.1
25,70,1,2,0.1,0.1,0.1,0.3,0.3,0,0.4,0.4,0.1,0.2,0
25,103,1,2,0,0.2,0.1,0.2,0.4,0,0.3,0.4,0.2,0.2,0
25,39,1,1,0,0.1,0,0.2,0.3,0.1,0.1,0,0.1,0.1,0
25,91,1,3,0,0.1,0.2,0.6,0.7,0,0.4,0.7,0,0.2,0.1
25,71,2,4,0.2,0.2,0.2,0.8,0.4,0,1.2,0.4,0.2,0.4,0
25,66,1,4,0.2,0.1,0.1,0.6,0.7,0.1,0.8,0.9,0.2,0.3,0
25,43,1,3,0.1,0.2,0.2,0.2,0.8,0.1,0.6,0.2,0.2,0.2,0.2
25,120,1,3,0.1,0.1,0,0.4,0.4,0,0.4,0.8,0.2,0.6,0
25,105,1,2,0,0.2,0.1,0.2,0.4,0,0.3,0.4,0.2,0.2,0
25,112,3,25,0.1,1.5,0.8,3.3,4.2,0,5.8,4.7,1.1,3.3,0.2
25,101,1,2,0,0.2,0.1,0.2,0.4,0,0.3,0.4,0.2,0.2,0
25,23,1,3,0,0.2,0,0.5,0.7,0.1,0.5,0.4,0.2,0.2,0.2
25,100,1,1,0,0,0,0.1,0,0,0.4,0.3,0,0.2,0
25,113,2,37,3.1,0.3,1.4,7.9,3.4,0,5.2,6.8,2.1,6.4,0.4
25,53,1,7,0,0.2,0,0.7,0.9,0,1.2,2.6,0.2,1,0.2
25,60,1,3,0,0.2,0,0.2,0.8,0,0.3,1.1,0,0.3,0.1
25,118,1,4,0.1,0.2,0,0.5,0.6,0,0.5,1,0.3,0.8,0
25,119,2,6,0.1,0.3,0,0.7,0.9,0,0.8,1.5,0.5,1.2,0
25,115,1,4,0.1,0.2,0.2,0.5,0.8,0,0.7,0.4,0.1,0.8,0.2
25,0,3,76.5,6.2,10,4.4,14.2,19.7,0.5,12.8,2.1,5.2,0.7,0.7
25,1,1,1,0.1,0.1,0,0.2,0.2,0,0.1,0.1,0.1,0,0.1
25,108,1,3,0.1,0.3,0.1,0.5,0.8,0,0.2,0.6,0.1,0.2,0.1
25,110,1,5,0.2,0.6,0.2,0.8,1.3,0,0.2,1,0.2,0.4,0.1
25,102,1,8,0,0.9,0.4,0.7,1.6,0,1.3,1.6,0.6,0.9,0
25,45,1,2,0.1,0.1,0.2,0.2,0.5,0,0.4,0.2,0.1,0.1,0.1
25,95,2,4,0,0.1,0.3,0.8,1,0,0.5,0.9,0,0.3,0.1
25,48,1,3,0.1,0.2,0.4,0.4,0.7,0.1,0.2,0.7,0.2,0,0
25,127,1,2,0,0.2,0,0.4,0.4,0,0.2,0.5,0,0.3,0
7,14,3,21,1.5,0.3,0.9,4.8,2.2,0.6,4.8,3.7,0.7,1.2,0.3
7,15,1,19,1.3,0.3,0.7,4.3,2,0.7,4.3,3.3,0.7,1,0.4
7,36,1,2,0,0.3,0.2,0.3,0.4,0,0.2,0.3,0.1,0.2,0
7,39,1,3,0.1,0.4,0.3,0.4,0.6,0,0.3,0.4,0.1,0.3,0.1
7,93,1,2,0,0.3,0.3,0.2,0.4,0.1,0.3,0.1,0.1,0.1,0.1
7,13,2,23,1.4,2.4,0.5,4.8,4.8,0.4,2.7,3.1,1.4,1.1,0.4
7,69,1,3,0.1,0.1,0.1,0.6,0.5,0.1,0.2,0.8,0,0.4,0.1
7,90,4,21,0.4,1.4,2,2.8,4.3,0.8,1.6,4.7,1,1.6,0.4
7,12,4,46,2.5,6.7,0.5,9.2,11.7,0.5,3,5.7,3,2.1,1.1
7,62,1,8,0.5,0.7,0.3,1.7,0.8,0.2,1.3,1,0.3,1,0.2
7,28,1,3,0,0,0,0.5,0.5,0.1,0.5,1,0.2,0.2,0
7,17,1,5,0.2,0.7,0,0.7,1.1,0.1,0.8,0.8,0.2,0.4,0
7,18,1,3,0.1,0.4,0,0.4,0.7,0.1,0.5,0.5,0.1,0.2,0
7,87,1,1,0,0.1,0.1,0.1,0.2,0,0.1,0.2,0.1,0.1,0
7,61,1,5,0.3,0.4,0.2,1.1,0.5,0.1,0.9,0.6,0.2,0.6,0.1
7,97,1,5,0.2,0.4,0,0.3,1,0,1,1,0,0.7,0.4
7,112,1,1,0,0.1,0,0.2,0.3,0,0.3,0.1,0,0,0
7,108,1,3,0.1,0.4,0.1,0.5,0.7,0.1,0.2,0.5,0.2,0.2,0
7,107,2,5,0.2,0.6,0.2,0.9,1.2,0.2,0.3,0.8,0.3,0.3,0
7,119,1,4,0,0.2,0.4,0.6,0.9,0.1,0.5,0.5,0.2,0.5,0.1
7,104,1,4,0,0.1,0.3,0.7,1.2,0.2,0.4,0.5,0.2,0.4,0
7,110,2,3,0.1,0.3,0.1,0.6,0.7,0.1,0.2,0.5,0.2,0.2,0
7,118,2,4,0,0.3,0.4,0.7,0.9,0.1,0.5,0.4,0.2,0.4,0.1
7,98,2,2,0,0.2,0,0.2,0.4,0,0.4,0.4,0,0.2,0.2
85,26,2,7.5,0,1.1,0.4,1.9,1.5,0.4,1.2,0.7,0.1,0.2,0
85,20,1,33,1.2,3.2,0.1,5.6,9.8,0,5.5,3.3,1.3,2,1
85,65,2,62,4,4,1.5,14,8,1.5,13,10.5,5,0.5,0
85,115,1,2,0,0.1,0.1,0.3,0.3,0,0.2,0.6,0.1,0.3,0
85,34,1,4,0,0.6,0.2,1,0.8,0.2,0.7,0.3,0.1,0.1,0
85,9,1,2,0.1,0.1,0.1,0.1,0.4,0.1,0.7,0.3,0.1,0,0
85,2,1,1,0,0.2,0,0.1,0.3,0.1,0.1,0.1,0.1,0,0
85,109,1,3,0,0.1,0,0.7,0.3,0,0.7,0.7,0.2,0.3,0
85,66,3,29,1.7,1.8,0.8,6.1,4.4,0.3,3.6,4.7,1.5,4.1,0
85,16,1,4,0.1,0.4,0.1,0.4,1,0,0.4,0.9,0.4,0.2,0.1
85,3,3,22,0.8,4,0.4,3,6.1,1.4,2.3,1.4,1.8,0,0.8
85,112,2,11,0.1,0.5,0.3,1.6,1.6,0.1,1.1,3.5,0.3,1.8,0.1
85,19,0,163.5,8,11,13,16,40,2,11,49,7.5,3,3
85,76,1,12,0.5,0.8,0.8,0.5,2.1,0.5,1,3.4,0.3,1.8,0.3
85,121,2,3,0,0,0.1,0.3,0.9,0,0.7,0.5,0,0.3,0.2
85,27,2,4,0,0.6,0.2,1,0.8,0.2,0.6,0.4,0,0.2,0
85,64,2,50.5,1.8,4.5,3.6,5.9,14.9,0.2,5.6,6.4,1.4,6.2,0
85,90,1,5,0.3,0.3,0.4,0.7,1,0,0.7,0.9,0,0.2,0.5
85,79,2,5,0.2,0.3,0.3,0.2,0.9,0.2,0.5,1.4,0.1,0.8,0.1
85,110,1,2,0,0.1,0,0.4,0.2,0,0.5,0.5,0.1,0.2,0
85,75,2,8,0.3,0.3,0.5,1,1.3,0.3,0.6,1.6,1,1,0.1
85,107,1,4,0.2,0.3,0.1,0.4,0.6,0,1,1.2,0.2,0,0
85,17,1,8,0.3,0.8,0.2,0.9,2,0,0.8,1.7,0.7,0.4,0.2
85,126,1,1,0,0.1,0,0.2,0.2,0,0.2,0.2,0.1,0,0
85,119,1,3,0,0.1,0.1,0.2,0.7,0,0.4,0.8,0.1,0.5,0.1
85,93,1,2,0,0,0.1,0.8,0.1,0,0.3,0.6,0,0.1,0
85,74,1,3,0.1,0.1,0.2,0.4,0.5,0.1,0.2,0.6,0.4,0.4,0
