x,y,ind2015,ind_snv2015,ind2017,ind_snv2017,ind2019,ind_snv2019,ind2021,ind_snv2021
0,0,705.5,13710099.2,723,14182383.4,731.5,14818819.7,733,15416350.7
0,1,1067,24509377,1081.5,25588908.2,1036.5,25511063,1036,26982138.9
0,2,5,109774.7,1,22746.9,1,24318.3,1,22480.9
0,3,192,4274980.3,184.5,4266257.2,191,4560654.2,178.5,4367803.9
0,5,38,922794.9,42,1053188.6,43,1150622.4,50,1369810.8
0,6,261.5,5920510.1,248.5,5633267.7,239.5,5930155.3,235,6142547.9
0,7,96,2025311.6,95.5,2092523.1,91.5,2057926.9,87.5,2090690
0,8,114,2560907.5,111,2692566.9,104.5,2480214.6,106.5,2703695.1
0,9,279.5,5672318.2,261.5,5530922.7,289.5,6608096.3,281,6536693.5
0,10,13,328075.8,11,288779.1,8,188870.1,8,195729.8
0,12,61.5,1324947.4,67,1543262,70.5,1622964.5,72,1774371
0,13,41,1056074.1,44,1189766.6,42,1154194.3,37,1096086.1
0,15,1,20459.1,1,20362.2,1,20145.3,1,22983.1
0,16,3,64940.1,3,67003.3,4,98849.5,3,73315.6
0,19,9,196712.2,8,152226.5,14,252121.8,7.5,142313.9
0,20,56,1099864.3,55,1200432.4,61,1227730.6,58,1364484.5
0,26,2,39282.9,2,36987.6,2,39676.9,2,43192.3
0,27,60,1178487.2,55,1017159.2,68,1349015.2,62,1338960.6
0,31,23,545715.5,28,707964.3,31,752932.9,32,810663.3
0,32,15,357666.3,15.5,328710.2,20.5,480110.4,23.5,529139.1
0,33,51,1216065.6,56,1330353.4,45.5,1059945.2,58.5,1294845.7
0,34,2,42266.2,2,46925.9,3,76053.3,1,25731.7
0,36,,,4,82465.8,4,90048.7,,
0,37,10,228859.2,6,123698.7,7,157585.1,6,152823.6
0,38,13,297516.9,13,268013.7,12,270146,11,280176.6
0,40,2,42905.6,2,42466.7,,,5,131857
0,42,3,64358.4,3,63700.1,2,51731.9,2,52742.8
0,43,5,107264.1,3,63700.1,2,51731.9,2,52742.8
0,44,6,116596.8,5,91635.8,3,61312.1,3,64638.6
0,45,45,1251234.8,42,1082861.3,50,1338560.6,48,1259023.4
0,46,2,38865.6,,,5,102186.8,5,107730.9
0,55,18,435052.9,19,477877.8,16,427569.9,16,430727.5
0,56,136,2872830.3,131.5,3002595,136.5,3220031.7,119,3182755.6
0,57,64,1381423.7,56,1078367.5,52,1274313.3,59,1397173.4
0,60,4,94351.5,1,22992.1,,,,
0,63,47,980642.2,51,1105409.3,49,1118103.3,50,1288699
0,64,28.5,591591.5,25,496672.6,20,408541.1,27,604786.2
0,66,2,63088.6,2,59586.8,2,63832.5,1,32577.6
0,70,,,,,,,2,56854
0,72,629,12869887.6,625,12731291.2,626.5,13058552.1,619,13244337.1
0,73,582,13102678,511.5,11594365.5,508.5,11721795.1,485,12212451
0,74,2,49774.7,2,47133,2,48361.5,2,55338.7
0,75,17,423085.3,18,424197.1,15,362710.9,15,415040
0,76,2,40694.1,4,90675.9,4,91947.1,6,147121
0,79,25.5,639554.5,29.5,718076.4,30,716315.7,24,549539.3
0,84,32,878657.7,28.5,700268.4,23,598901.9,26.5,702895.8
0,85,6,164748.3,7,171995.7,4,104156.9,5,132621.8
0,86,62,1324049.8,65,1404178.4,72.5,1529308.1,68.5,1652197.2
0,87,88,1697838.1,101,1987336.3,92,2070683.9,93,2157583.9
0,88,65,1442603.2,61,1439337.7,63,1523157.3,56,1442499.7
0,90,9,214317.1,9,209048.3,5,141006.3,4,103440
0,91,24,571512.3,26,603917.2,20,564025.4,18,465480
0,93,53,1293311.6,65.5,1697985.6,60,1553355.7,64,1695644.6
0,94,3,69900.5,3,60074.5,1,21344.2,1,23438.9
0,95,1,23300.2,1,20024.8,1,21344.2,1,23438.9
0,99,2,40717.4,3,58669.7,6,94521.1,5,103336.9
0,101,8,152231.7,9,176181.3,10,203938.9,11,275419.4
0,102,51,1230064.7,41,863038.7,39,919776.9,40,1046906.5
0,103,29,852559,27,718952.4,22,600341.8,23,601971.1
0,104,63,1390765.6,55,1266891,54,1260979.1,49,1244318.4
0,105,5,122174.6,5,117234,5,123156,5,132192.9
0,106,39,843670.5,33,695731.3,34,726746.1,32.5,722989.7
0,107,2,45668.4,2,35766.1,2,48284.6,1,21779.7
0,108,16,304253.5,12,219331.2,10,207795.2,10,214223.7
0,110,69,1638144,66,1620984.7,65.5,1731468.7,64,1544251.1
0,111,2,47482.4,2,49120.8,,,6,144773.5
0,113,6,117666.8,4,99616.2,8,174589.5,8,188796.3
0,114,28.5,703224.8,29.5,720937.8,33.5,856434.2,38.5,1024637.4
0,115,59,1241848.4,55,1105989.2,49.5,1141008.9,50.5,1172872.6
0,116,2,44807.9,5,106280.6,7,164357.4,9,204926.4
0,117,5,112019.8,5,106280.6,6,140877.8,5,113848
0,118,69,1338472.2,66,1301599.1,79.5,1591867.3,68.5,1554824.2
0,121,3,68331.8,3,72015.1,13,310188.7,13,308263.3
0,122,7,153936.3,7,155921.8,4,88990.8,4,112860.5
0,123,45,971648.1,47,1046903.6,53,1179128.4,53,1202445.2
0,124,19,406155.8,16,411228.7,16,407556.8,15,403709.7
0,125,1,21376.6,2,51403.6,2,50944.6,2,53828
0,126,23,475418.3,23,481893.5,28,575997.9,28,593490.2
0,127,6,124022.2,6,125711.4,6,123428.1,5,105980.4
1,0,554.5,12947499.2,590,13407968.7,612.5,14576977.7,578.5,14081879.7
1,1,488,12325623,496,12508650.8,535.5,13341070.2,521.5,13274383.8
1,3,,,,,1,24318.3,1,22480.9
1,4,1,24284.1,1,25075.9,1,26758.7,,
1,10,19,479495.4,23,603810.8,24,566610.1,31,758453.3
1,11,12,302839.2,4,105010.6,9,212478.8,9,220196.1
1,12,352,7784262.6,327.5,7415456.9,330,7760223.9,322,7780158.3
1,13,206,5016661,200,4719379,187.5,4719338.4,187,4951567.9
1,15,51,1043414.5,49,997747.3,48,966972.2,40,919323.4
1,16,220,4695986.5,219,4726855.1,217,4938187.1,218,5151272.7
1,19,,,,,1,18008.7,1,18975.2
1,20,15,311072.8,20,411252.9,18,355378.8,21.5,561036.2
1,21,46,953956.6,47,984757.4,41,922422,44,998137.7
1,22,37,780241.4,29,692627.9,26,592815.4,31,701805.5
1,27,6,117848.8,5,92469,5,99192.3,5,107980.7
1,30,3,71180.3,4,101137.8,3,72864.5,1,25333.2
1,31,79,1825831.8,74,1841229.7,80.5,1869081.2,82,1927235.4
1,32,179,3499192.5,174.5,3568250.8,179,3715314.3,181,3744031
1,33,50.5,1013574,36.5,774059.7,40.5,948510.8,34.5,776821.3
1,34,3,63399.4,2,46925.9,1,25351.1,1,25731.7
1,37,1,22885.9,1,20616.4,1,22512.2,1,25470.6
1,39,4,91543.7,3,61849.3,3,67536.5,3,76411.8
1,42,1,21452.8,1,21233.4,,,1,26371.4
1,43,124,2758522.8,121.5,2614015.3,120.5,2719200.2,125,2995784.1
1,44,94.5,1843684.6,89,1927156.8,107,2527074.8,97,2309339.3
1,45,35.5,689864.3,33,604796.4,37,756182.5,53,1141947.9
1,46,5,97164,5,91635.8,6,122624.2,4.5,96957.8
1,47,3,58298.4,3,54981.5,3,61312.1,3,64638.6
1,49,3,49485,5,90633.9,4,78175.3,4,94587.3
1,54,2,48339.2,2,50302.9,2,53446.2,2,53840.9
1,57,26,653927.9,26,543519.6,25,676932.8,31,698727.1
1,61,2,47175.7,2,45984.2,2,44006,2,46198.9
1,62,14,292106.2,12,260096.3,11,251002.8,9,231965.8
1,63,129.5,2811297.7,128.5,2793988.7,134.5,3164357.3,130,3175875.6
1,65,1,20757.6,1,19866.9,1,20427.1,1,22399.5
1,66,3,94632.9,3,89380.2,6,191497.6,6,195465.6
1,68,5,123124.9,5,125434.7,3,76564.3,4,114658.5
1,69,447.5,10761522.8,423.5,10401816,427.5,10932911.4,436.5,11854431.8
1,70,192,4495429.1,180,4299396.9,173,4412397,186.5,5070512
1,71,8.5,196072.2,6.5,153820.7,6,152341.1,5,142135
1,72,1202.5,28427488.5,1187.5,28394059.4,1191,29146073.8,1154,28847218.7
1,73,2533.5,45257566.7,2454.5,44631898.6,2459,47006763,2302,45842102.4
1,74,12,298648.3,14,329931.1,10,241807.4,11,304362.7
1,78,370,6941164.8,345,6830778.7,337,7557047.8,339.5,7967962.8
1,79,55.5,1370431.4,54,1341729.2,53,1403710.4,47.5,1250732.2
1,80,1,20835.9,1,22040.4,1,22337.5,1,21088.4
1,81,108,2284204.3,113,2474200.9,121,2959363.7,109.5,2630478.2
1,87,3,65906.5,3,70648.6,3,69364.9,6,153639
1,88,46,1108941.5,43,1039240.8,40,1060904.2,41.5,966833.8
1,93,4,97608.4,5,129617.2,4,103557,4,105977.8
1,94,26,605804.1,24,480596,19,405540.5,24,562534.6
1,96,5,101793.4,5,97782.8,6,94521,7,144671.8
1,97,14,285021.4,12,234678.8,12,189042.2,11,227341.2
1,98,,,,,,,2,41334.8
1,100,,,,,,,2,50076.2
1,103,61,1362009.8,56,1292989.6,58,1411063.3,61,1559185.5
1,106,39,854011.9,36,710624.1,35,807032,37,827302
1,107,28,639357.4,25,447076.5,23,555273.3,17,370254.8
1,108,45,855712.9,46,840769.4,34,706503.7,34,728360.5
1,110,5,118706.1,4,98241.5,6,158607.8,6,144773.5
1,112,37,685579.1,36,708562.5,28,533896.8,33,671392.7
1,113,12,235333.5,16,398464.7,19,414650,21,495590.2
1,114,9,222071,11,268824.3,7,178956.4,5,133069.8
1,116,69,1663841.1,56,1439527,56,1500038.6,50.5,1462888.2
1,117,28,627310.8,30,637683.5,32,751348.3,39.5,899399.2
1,118,2,38796.3,7,138048.4,5,104703.1,8,192259.8
1,120,41.5,945256.3,38,912191.1,42.5,1080510.5,38,1074478.9
1,121,45,963792.2,45,897065.7,35,835123.3,33,782514.7
1,122,21,461808.8,15.5,345255.5,23.5,522821.1,22.5,634840.7
1,124,2,42753.2,2,51403.6,1,25472.3,1,26914
1,125,11,235142.9,4,102807.2,5,127361.5,3,80741.9
1,126,2,41340.7,2,41903.8,2,41142.7,2,42392.2
1,127,16,330725.8,17,356182.2,20,411427.1,21,445117.7
2,2,175.5,4706748.9,168,4576268.1,153.5,4277802.8,146.5,4212981.6
2,3,1,24253.4,1,24301.8,,,,
2,6,151,3286488,151,3259738.9,145.5,3344208.2,145.5,3488452.2
2,7,766.5,16143104,725.5,15591994.1,708,16274865.7,728,17277742.1
2,9,6,151317.8,7,167063.4,9,238286.5,9,233263.8
2,10,13.5,293768.7,13,292392.8,15,369473.3,11,297978.3
2,11,89.5,2095202.4,95,2303151.1,85,2235588.4,84,2325343.1
2,15,44,1047506.8,41,960973.1,43.5,911555.5,43.5,1047613.5
2,16,40,805170.1,45,866540,41,940921.3,41.5,937513.4
2,21,101,2197341.1,100,2270874.8,88,2053570.2,95,2372011.2
2,26,2,48728.1,2,46791.7,,,,
2,27,19,462916.8,17,397729.2,21,550243.6,22,532753.4
2,30,4,82103.8,4,84054.7,4,89666.1,4,89636
2,32,36,760792.4,32,606113,33,676274.5,38.5,928690.8
2,37,2,45771.8,2,41232.9,2,45024.3,2,50941.2
2,39,6,137315.5,6,123698.6,6,135073,6,152823.6
2,40,2,42905.6,2,42466.7,2,51731.9,,
2,43,79.5,1528378.7,80.5,1556631.7,67.5,1340305.3,65.5,1280125.9
2,44,682,12611277.4,686.5,12517173.9,686,12840878.4,713,13569615.6
2,49,285.5,5732467.7,277,5755842.7,276.5,5848804.1,278.5,6487769.9
2,50,141.5,2581595.6,147.5,2762747,145.5,2849523.2,151.5,3059945.8
2,59,113,2530439.1,101,2349755.8,96.5,2221991.8,86,2089241.5
2,60,9,212290.8,7,160944.7,6,132018,15.5,358041.6
2,63,13,306642.2,11,252912.9,8,176024,8,184795.7
2,64,2,47731.9,2,48804.7,2,61234.7,2,54544.2
2,72,786.5,17395253.5,770,17764424.7,746,17868564.9,708.5,17664827.5
2,73,150,3730478.3,128,3235759.9,107.5,2772251.4,108.5,2981374.8
2,74,5,124436.8,5,117832.5,4.5,108813.3,5.5,152181.3
2,77,45,945711,44,938124.2,45,971065,48,1079170.3
2,78,50,1017352.9,55,1191933.6,54.5,1252779.2,51,1250528.7
2,81,2,42869.9,2,42174.2,2,47530,2,47517.5
2,82,68.5,1752916.5,67,1669325.8,64,1661131.6,57,1618423.4
2,89,6,142878.1,6,139365.5,5,141006.3,5,129300
2,90,14,301616.6,14,304574.7,15,346009.6,11,273694
2,97,270,5470533,273,5570448.7,285.5,6112631.2,276.5,5906537.8
2,101,20,380579.2,19,371938.4,23,469059.4,23,539666.2
2,103,20,402896.2,20,406954.7,21,460779.2,19,475724.3
2,105,14,330410.3,24,503275.4,26,637431.9,26,596540.7
2,108,27.5,554950.1,29,619014,31,609242.7,34,840859.8
2,110,2,39376.9,4,81432.8,5,128152.1,5,143052.6
2,111,22,433145.6,21,427522,21,538238.8,22,629431.6
2,112,8,156889,8,199232.3,9,196413.2,8,188796.3
2,114,63,1449256.2,51,1122730.4,62,1494891.7,54,1505976.9
2,116,6,114784.7,6,116080.4,5,102142.1,5,104595.5
2,117,49,1156940.3,47,1053952,51,1192728.6,52,1292882
2,118,1,19398.1,1,19721.2,1,20940.6,,
2,120,2,42480.7,1,21513.2,1,23969.1,1,21805.2
2,121,15,318605,15,322697.3,16.5,395489.5,15,327078
2,123,68,1392101.1,77,1666080,75,1660427.2,72,1550084
2,124,30.5,628773.8,28,659324.2,29.5,665988.3,27.5,695350.7
2,125,119,2523295,129,2585995.6,116.5,2588719.2,117,2835301.6
2,126,33,761384.1,34,705392.1,34,773630.8,30,683481.8
3,1,189.5,4583437.2,179.5,4442618.3,186,4601604.3,180,4829732.5
3,2,82,2072457,75,1808590.8,86.5,2107172.1,83,2293594.1
3,3,5,121266.9,5,121509,5,134086.3,5,130019.7
3,4,1,24284.1,1,25075.9,1,26758.7,1,27396.2
3,6,119.5,2660482.4,112.5,2584888.5,110.5,2686660.9,102.5,2525029.7
3,7,542.5,11233486.2,523,11451510.9,513,11913002.7,502,12259706.4
3,8,2,50439.3,2,47732.4,3,79428.9,3,77754.6
3,9,89.5,2257156.5,91.5,2183757.4,88.5,2343151,87.5,2267842.9
3,10,85,2013615.8,90,2114234,85,2078576.5,89.5,2335118.1
3,11,16,348170.3,16,359868.1,16,394104.8,16,433423
3,15,8,190455.8,7,164068.6,3,62865.9,4,96332.3
3,16,19,415281.3,16.5,313967.2,15.5,279134.9,15.5,294115.4
3,17,11,240426.1,6,114169.8,6,108052.2,7,132826.3
3,18,4,87427.7,3,57084.9,2,36017.4,3,56925.6
3,22,5,105438,5,119418.6,4,91202.4,,
3,26,26,633465.1,25,584896,22,576445.5,22,532753.2
3,27,47,1173816.8,49,1243838,52,1306921.4,51,1387636.8
3,30,28,574726.5,32,672437.2,29,650079,31,694679.3
3,31,,,1,21013.7,1,22416.5,,
3,33,15,316996.8,22,516184.5,24,608426.3,19,488902.1
3,38,5,114429.6,5,103082.2,4,90048.7,4,101882.4
3,39,6,137315.5,6,123698.7,4,90048.7,4,101882.4
3,40,20,429056.3,24,509601,19,491452.7,15,395571
3,43,140,2761134.8,140.5,3204896,136.5,2978634.1,139,3113440.6
3,44,239.5,4569518.8,229,4458584.3,218,4444957.4,241,5175052
3,47,4,77731.2,3,54981.5,2,40874.7,2,43092.4
3,48,,,2,45868.5,2,44889.9,2,48214.4
3,49,129,2643756.1,117,2563259.6,120,2681634,128,3078974.3
3,50,2,32990,2,36253.5,2,39087.6,1,23646.8
3,52,1,24169.6,1,25151.5,1,26723.1,1,26920.5
3,59,21,457759.6,17,411057.5,16,365591.5,17,425804.5
3,60,30,757618.1,27,710871,29.5,772545.9,26.5,773787.9
3,62,1,23587.9,1,22992.1,1,22003,2,46199
3,63,9,212290.8,10,229920.9,16,352048,13,300292.9
3,64,32,763711.2,32,780875.4,24,479149.5,25,525462.3
3,65,17,405721.5,21,512449.4,28,857285.9,33,899979.7
3,66,31,977872.6,31,923595.9,25,797906.8,23,749284.9
3,71,5,115336.6,4,94658.9,4,101560.7,4,113708
3,72,5,105863.2,3,72723.6,3,73688.9,3,67416.3
3,73,3,63517.9,,,,,,
3,74,3,74662.1,2,47133,2,48361.5,2,55338.7
3,77,37,802308.7,34,728021.7,35,829042.4,34,843242.8
3,80,2,42869.9,2,42174.2,2,47530,2,47517.5
3,81,177,3922073.3,173,3857927.2,163,3946171.9,160,3860956.2
3,82,93,2306340.6,94,2203733.8,86,2182668.8,92,2333952.1
3,86,106,2252559.7,100,2081668.7,103.5,2293906.4,107,2663300.2
3,89,6,142878.1,6,139365.5,5,141006.3,6,155160
3,90,121,2606829.4,115.5,2512742.1,124,2860346,124.5,3097719
3,91,4,86176.2,4,87021.4,4,92269.2,6,149287.7
3,92,,,1,20024.8,1,21344.2,1,23438.9
3,95,9,209701.4,9,180223.5,8,170754,8,187511.6
3,99,1,20358.7,,,,,1,20667.4
3,101,26,537771.2,18,352362.6,27,560199.9,35,821231.2
3,102,27,543909.8,30,610432.2,33.5,735052.5,28.5,599532.8
3,103,7,141013.6,9,183129.7,8,175534.9,2,50076.2
3,105,62,1248360.8,62,1287788.3,59,1273077,50.5,1205889.7
3,106,14,342088.7,11,257914.8,10,246312,8,211508.8
3,108,16,322880,23,490942.1,23,452018.8,21,519354.6
3,111,1,19688.4,1,20358.2,1,25630.4,1,28610.5
3,112,2,39222.3,2,49808.1,2,43647.4,,
3,114,25,468845.1,17,382058.4,20,475732,17,555429.6
3,116,61,1366773.6,70,1679617.4,64,1500668.4,64,1544017.2
3,117,40.5,774796.4,35.5,686809.1,40,817137.1,44,920439.8
3,118,8,155185.2,8,157769.6,7,146584.4,6,144194.8
3,119,4,77592.6,5,98606,2,41881.3,2,48064.9
3,120,88,2025426.4,88.5,1995213.7,106.5,2361928.1,110.5,2616506.6
3,121,11,233643.6,9,193618.4,10,239690.6,9,196246.8
3,122,39,934695.6,32,703963,33,743027.3,34,855964.9
3,123,4,95866.2,8,175990.8,8,180127.8,9,226579
3,124,27,604091,21,481168.8,25,592129.7,33,803378.4
3,125,13,268002,13,306114.9,13,293486.3,13,328711.3
3,126,21,516624.3,18,361695.6,20,455076.9,20,455654.6
3,127,8,196809.3,8,160753.6,7,159276.9,9,205044.6
4,5,152.5,3943998.6,148,3728523.1,156.5,4022422.7,147,3936261.5
4,6,494.5,11167504.8,490.5,11398041.3,502,11962125.4,489,11949215.8
4,7,1,23016.4,3.5,83005.6,5,125946.1,5,124677
4,8,25,473973.3,22,486592.2,21,490428.3,17,451915.4
4,9,68.5,1587327.1,65.5,1660967.7,68.5,1650300.5,70,1807729.8
4,11,,,,,4,99894.3,4,100316.2
4,12,19,424453.1,16,358881.1,15,360329.7,16,400286.4
4,15,1,21201.7,5,83085.9,4,96314.5,10,219769.8
4,16,1092,18955133.9,1032.5,18396404.7,1027,18851291.9,966,18683892.9
4,17,710,13247924.7,691.5,13171569,642,12924779.2,667,13784238.3
4,19,99.5,1934334.8,92,1908073.8,80,1777143.5,88.5,1937216.2
4,21,,,,,,,1,23882.6
4,22,402.5,8393521.6,402.5,8579796.8,410,8976652.4,388.5,8916161.1
4,23,14,328443.2,12,281377.8,13,303314.7,12,295537.4
4,27,210,4599381.2,199,4165182.4,196.5,4425333.3,196,4447811.8
4,28,95,1719598.8,108.5,2112421.6,102.5,2053894.2,124.5,2517788.9
4,29,2,42905.4,2,46591.6,2,43870.1,2,43706.8
4,30,7,156347.6,8,191237.2,8,213222.4,8,199484
4,31,25,558384.3,26,621520.7,28.5,759604.7,23,573516.8
4,33,6,133000.8,11,229423.8,11,234220.7,9,204596.7
4,35,33,594507.5,33,654485.7,29,592778.7,26.5,623840.7
4,36,56,1148943.2,51,1108727.5,59,1353886.4,63,1432537
4,38,5,116541.1,5,103757.7,2,40067.1,4,98308
4,40,,,,,1,20732.2,4,88169.7
4,48,51,1144975,42,901108.1,50,1256238.1,41.5,1029701.4
4,50,3,74817.5,3,69820.7,2,51435.4,2,49320.2
4,51,2,49878.3,2,46547.2,2,51435.4,2,49320.2
4,65,5,135714.3,5,104954,5,138449.4,4,115702.8
4,66,6,153171.7,5,134313.3,2,51773.5,3,77306.1
4,70,58,1003071.1,48.5,837298.7,49,995030.3,56,1279852.5
4,71,67,1496294,67,1571871.7,58,1514477.2,49,1356687.5
4,90,5,123046.6,8,188404.9,7,187286.4,10,254932.2
4,92,12,322923.7,10,211052.5,11,322207.6,10,271556.3
4,94,7,188372.1,7,147736.7,6,147061.6,4,103009.7
4,95,63,1269839.8,54,1100749.8,48,1176492.8,51,1313374.7
4,97,,,,,1,28668.7,1,29714.3
4,98,12,336393.6,12,308751.9,10,286687.4,11.5,341714.3
4,99,17,476557.5,17,437398.6,20,573374.8,18,534857
4,100,15,373455,14,317678.2,20,531851.1,21,547568.3
4,101,56,1036184,74,1679156.1,68,1580144.1,64,1442344.4
4,102,6,120817.2,11,227080.4,11,244036,9,200808.4
4,103,24,483268.9,22,454161,20,443701.9,24,535488.9
4,104,4,97544.1,5,139943.8,4.5,127544.6,6.5,185925.1
4,105,6,146316.2,6,167932.5,7,198402.7,8,228830.9
4,106,33.5,816931.9,30,839662.6,27,765267.5,26,743700.5
4,107,2,48772.1,2,55977.5,2,56686.5,2,57207.7
4,109,1,20007.6,,,,,1,20348.6
4,110,4,87142.8,2,40459,2,41960.3,3,66333.8
4,111,28,609999.2,28,566425.7,25,524504.2,25,552781.5
4,112,40,689467.2,30,588219.5,27,519435.1,31,715368.4
4,113,58,1041366.5,61,1161517.5,63,1389152.6,50,1270007.3
4,114,4,97042,8,206574,4,110551.8,9,261913.1
4,115,5,121302.5,3,77465.2,6,165827.8,6,174608.8
4,116,117,2448054.5,121,2367911.4,129,2706004.3,130.5,3124665.5
4,117,2,40350.2,1,18636.8,2,40568.6,2,44919.1
4,118,3,62841.7,3,64358.4,3,72148,3,72401.9
4,121,10,207003.3,8,173132.7,8,177590.7,7,177231.4
4,122,3,65171.7,3,74481.3,3,81111.2,3,80634.3
4,123,5,108619.5,5,124135.4,4,108148.3,5,134390.5
4,124,6,151979.8,6,140907.1,4,107574.6,5,143792.6
4,125,6,151979.8,6,140907.1,6,161361.9,5,143792.6
4,127,2,50659.9,7,164391.7,9,242042.9,9,258826.6
5,1,49,1171627.4,48.5,1222336.8,45,1172010,39,1116373.1
5,5,19,503345.1,19,535343.2,18,475915.4,18,560079
5,6,744.5,17550704.1,724.5,16802083.9,731.5,18033275.4,744.5,18831730.8
5,7,3,69049.2,4,94863.5,4,100756.9,3.5,87273.9
5,8,7,132712.5,7,154824.8,7,163476.1,7,186082.9
5,9,,,,,,,1,26583.3
5,11,41.5,1096494.9,44,1093064.2,38.5,961482.2,37.5,940464.1
5,12,688.5,15199066.1,662.5,14771825.7,685.5,15993304.1,681,16898605.2
5,13,3,67018.9,4,89720.3,6,144131.9,4,100071.6
5,14,2,42403.3,1,16617.2,2,48157.3,2,43954
5,15,16,339226.8,16,265874.8,17,409336.9,19,417562.6
5,16,302.5,5902529,298,5956589.7,310,6243817.3,326,6986036.7
5,17,443.5,8045524.1,445.5,8179507.7,431,8321114.6,437.5,8878217.1
5,22,34,797647.8,37,867581.7,33,769952.7,34,837355.9
5,27,26,587385.8,26,581555.2,35,724699.5,43.5,962385.5
5,28,6,128716.2,6,139774.7,4,87740.2,4,87413.5
5,29,30,643581,34,792056.5,35,767727,38,830428.3
5,32,4,88667.2,4,83426.8,4,85171.2,4,90931.9
5,33,29,642837.2,25,521417.6,23,489734.2,22,500125.3
5,38,58,1351876.7,48,996073.5,47,941576.1,48,1179696
5,39,3,69924.6,3,62254.6,3,60100.6,3,73731
5,40,4,82375.3,3,60073.3,3.5,72562.7,3.5,77148.5
5,42,4,77357.4,4,79888.6,9,194787.8,8,193680
5,43,110.5,2136996.4,106.5,2127035.5,100.5,2175130.5,90,2178900.2
5,44,1,23615,1,23750.4,1,23495.4,1,23637.3
5,47,55.5,1310632,52,1235019.7,54,1268749.3,52,1229140
5,51,44,977539.6,41,885130.1,41,926519.6,37,878770.4
5,52,2,43916.3,2,45750.6,2,43912.2,2,43486.1
5,55,19,417204.5,18,411755.7,10,219560.8,10,217430.6
5,56,7,167771.9,12,282527.1,15,399948.3,17,477861
5,57,55,1121802.8,48.5,967368,41,1005934.3,41,1042588.1
5,58,3,71902.3,3,70631.8,2,53326.4,3,84328.4
5,61,4,95263.1,4,102382.1,4,102152.1,4,123217
5,64,203,4033178.1,195.5,4071211.9,192.5,4174073.8,184,4387705.4
5,65,103,2434822.7,100,2190570,102,2513839.2,105,2610748.1
5,66,146.5,3908952.4,143.5,3936321.7,135,3714639.3,134.5,3727219.8
5,67,11,280814.8,13,349214.6,12,310640.8,13,334992.8
5,69,2,46676.1,3,68128.2,3,68693.4,2,53716.6
5,70,307,6422233,316.5,6554406,325,7126209.5,323.5,7389046.2
5,71,149,3674760.2,145,3566150.3,130,3192774.2,121,3222361.5
5,74,122,2914594.5,124.5,2899990,138.5,3529687.7,146,3816902.7
5,75,92,1880573.8,87,1951999,89,2077861.9,79,1778330.2
5,80,219,4875827,217,4809473.4,204,4725522.3,202,4974310.5
5,82,72.5,1029286.4,75,1134291.2,77,1160630.2,81,1331879.7
5,83,555.5,10422781.5,544.5,9989927.8,535,9987520.2,557.5,11150760.3
5,84,24,570792,25,554099.6,24,567445.6,23,626822
5,85,3,71349,2,44328,2,47287.1,2,54506.3
5,94,4,107641.2,4,84421,4,98041.1,4,103009.8
5,95,4,107641.2,4,84421,4,98041.1,4,103009.8
5,96,1,28032.8,5,128646.6,9,258018.7,9,267428.5
5,100,87,1932294.8,86,2034682.7,89,2102463.1,82.5,2071488.8
5,101,12,298764.1,8,181530.4,7,186147.9,5,130373.4
5,103,5,100681,5,103218.4,5,110925.5,5,111560.2
5,107,6,146316.2,5,139943.8,4,113373,2,57207.7
5,108,8,160060.8,11,204019.2,13,303440.2,14,284880.7
5,109,25,500189.8,28.5,593026,17,396806.4,29,796218.8
5,111,11,239642.5,11,222524.4,12,251762.1,12,265335.1
5,112,51,1106825.4,60,1292351.3,61,1337735.7,64,1477422.3
5,113,57,1421615.9,58,1357128.6,55,1477465.9,61,1567527.2
5,114,5,121302.5,4,103287,3,82913.9,3,87304.4
5,115,2,48521,2,51643.5,,,,
5,116,2,40350.2,1,18636.8,1,20284.3,1,22459.6
5,118,59,1235887.7,60,1287167.6,48,1154367.7,43,1037760.4
5,119,13,272314.2,13,278886.4,14,336690.6,12,289607.6
5,120,27,558908.6,35,757455.5,35,776959.2,37,936794.5
5,121,20,414006.4,18,389548.5,17,377380.2,20.5,519034.9
5,123,6,130343.4,6,148962.5,6,162222.4,5,134390.5
5,124,12,303959.6,11,258329.7,10,268936.6,7,201309.5
5,125,3,75989.9,4,93938,5,134468.3,5,143792.5
5,126,4,101319.8,4,93938.1,3,80681,3,86275.5
6,0,2,54092.4,1,25410.2,,,1,26243.1
6,1,209.5,4878887.4,206.5,4939925.8,223,5558761.2,216,5782889.2
6,2,7,167375.4,7,176419.8,2.5,65111.7,2,57249.9
6,5,3,72481.2,4,95865.1,1,25593.6,1,29460.3
6,6,264,6301583.7,264.5,6538787.2,256.5,6609648.2,275.5,7744046.3
6,7,27,650602.4,26,586665,22,523676.7,24.5,614915.2
6,8,14,358558.3,20,542983.2,20,575258.7,20,539285.2
6,9,73,1606150.6,75,1627855.1,79,1766785.1,78,2013232.8
6,12,5,106008.4,6,99703.1,5,120393.2,6,131861.9
6,20,28,633017.2,26,545549.6,40,895590.4,38,907539.4
6,21,59,1186703.4,55,1198342,42,865988.2,42,913914.2
6,23,20,417638.6,20,429884.2,21,488135.2,21,520323
6,34,3,71848.4,7,159238.1,4,100747.7,5,113867.8
6,35,13,311343.1,14,318476.1,15,377804,13,296056.5
6,42,67,1538036.3,61.5,1481334.8,58,1454577.6,54.5,1481779
6,43,19,427489.2,15.5,340817.1,21,517002.5,21,516199.8
6,51,92,1941759.1,103,2200035.7,113,2564189,110,2642442.7
6,55,94,2100289.7,98,2322803.2,98,2199086.1,93,2226692.9
6,56,57,1183441.7,66,1380537.5,66,1349389.6,64.5,1446578.4
6,57,51,1407690,59,1498298.8,58.5,1476361.2,68,1674828.5
6,58,11,263641.6,16,376702.9,13,346621.8,15,421642.1
6,62,63,1612534,60,1359126.8,52,1322099.7,56,1392812.8
6,69,1.5,35007.1,1.5,34064.1,1,22897.8,1,26858.3
6,74,22,432094.9,23,456083.3,21,410095.5,20,430930.5
6,76,1,22049.8,1,25352.5,1,25728.5,1,26692.4
6,78,5,110249.1,5,126762.7,5,128642.7,3,80077.2
6,79,25.5,562270.2,20.5,519727,19,488842.2,19,507155.3
6,82,137.5,2408198.4,146,2673057,136,2554704.9,131.5,2606870.5
6,83,981.5,21367282.3,989,22101566.2,932,21745557.7,966,23428692.1
6,84,492.5,11033064.7,480.5,10742083.4,471.5,11076760.4,466,11238356.1
6,85,4,81329.6,,,,,,
6,87,25,594574.9,27,598427.6,32,761441.9,34,830198.2
6,88,62,1525777.7,53,1248182.5,59,1578556.8,49,1249167.7
6,90,6,138356.7,5,117212.1,3,64470.7,2,46498.7
6,91,112,2434697.7,117,2607189.2,106,2253202.3,112,2675078.2
6,92,10,269103,14,295473.4,16,468665.6,17,461645.7
6,98,363.5,7375114.6,350,7268164.2,318.5,7255311.6,352.5,8027565.2
6,99,105,2150449.4,116.5,2520312.1,82,1989849,66,1681948.3
6,102,2,51462.8,2,47274.3,2,51513.4,1,27888.1
6,103,1,25731.4,2,47274.4,1,25756.7,1,27888.1
6,104,86,1695655.8,83.5,1718713.2,87,1847135.8,73,1619955.2
6,105,12,236603.1,12,247000.7,12,254777.3,13,288485.2
6,106,112,2410443.7,119,2713532.5,111,2511099.5,114,2757283.9
6,107,21,495697.5,21,501673.5,30,818453.2,30,679679.2
6,108,3,60022.8,2,37094.4,2,46683.2,5,101743.1
6,110,17,340129.2,18,333849.6,18,420148,22,447669.7
6,113,43,982975.7,45,1055722.9,43,1079698.1,48,1276414.9
6,114,317.5,6783542,342.5,7264237.5,336,7509592,327,7352497.2
6,115,84,1844102.8,76,1854685.8,72,1703479.9,74,1702747.1
6,116,120,2437549.4,111,2352216.5,116.5,2680223.2,116,2681561.3
6,117,4,90432.3,3,63706.1,3,67872.1,3,69188.7
6,118,4,77702.1,5,100129.4,3,59483.3,4,92106.1
6,119,40,777021.3,37,740957.6,33,654316.6,32,736848.9
6,121,5,108619.5,5,124135.4,5,135185.4,5,134390.5
6,123,17,369306.3,14,347579.1,11,297407.7,12,322537.2
6,125,12,270422.2,11,235534.4,11,214071.4,10,211501
6,127,8,180088.4,17,367427.8,17,367785.5,18,426746.6
7,1,53.5,1446972.9,50,1270509.4,58.5,1614087.2,59.5,1561464.2
7,4,1,24160.4,1,23966.3,1,25593.6,2,58920.7
7,5,145,3397314.5,142,3420623.3,140,3547694.8,133,3651683.8
7,6,82,1684379.6,81,1786370.5,85,1939365.9,88.5,2083014.5
7,8,57,1364993.7,50.5,1289633.9,54.5,1415923.5,68.5,1813559.4
7,9,10,256113,10,271491.6,12,345155.3,18,485356.6
7,11,4,105686.3,4,99369.5,4,99894.3,4,100316.2
7,12,51,1081285.1,46.5,928796.8,43,906963.6,38,864078.2
7,13,4,84806.7,5,83085.9,7,168550.5,7,153838.9
7,15,1,21201.7,1,16617.2,,,,
7,19,48,1275925.6,48,1255875.4,46,1264698,53,1492120.6
7,21,,,3,62948,4,89559,3,71647.8
7,22,1,20881.9,4,85976.8,1,23244.5,2,49554.6
7,23,161,3192725.7,147,2843141.6,139.5,2889530.1,125.5,2514821.2
7,24,18,406651.6,15,335512.7,17,351996.9,17,376104.7
7,34,4,95797.8,4,90993.2,7,176308.5,8,182188.6
7,35,15,359242,14,318476.1,13,327430,13,296056.5
7,36,29,502972.7,25,450733.6,20,410753.6,22,483207.3
7,37,3,52031.7,3,54088,5,102688.5,8,175711.8
7,40,60,1235629.7,58,1161418,57,1181735,47,1035994
7,41,8,164750.7,10,200244.5,8,165857.6,8,176339.4
7,43,198.5,4240107.7,201.5,4487971.2,199.5,4402698.7,198.5,4414639.5
7,46,2,47230,2,47500.8,2,46990.7,2,47274.6
7,51,11,232166.8,18,384472.2,15,340379.1,15,360333.1
7,61,4,95263.1,4,102382.1,4,102152.1,4,123217
7,62,58,1381314.8,53,1356563.2,50,1276901,54,1663430.1
7,63,24,571578.6,20,511910.7,19,485222.4,13,400455.3
7,69,86,2007073.9,83,1884880.9,91,2083700.8,83.5,2242668.9
7,78,146,3280746.2,143.5,3254496,141,3490489.3,142,3576076.8
7,79,63,1446489.2,60,1444390.2,64,1646626.2,66,1543727.8
7,80,3,64910.3,3,76466.6,3,67906.5,2,57268.2
7,81,52,1125111.2,51,1299932.4,53,1199681.5,39,1116729.5
7,82,9,227669.1,9,212573.7,11,268440.2,11,298781.5
7,83,,,1,23619.3,1,24403.7,1,27162
7,84,10,203324,11,245823,12,261593.2,13,345279.8
7,85,2,40664.8,1,22347.5,1,21799.4,,
7,88,2,49218.6,2,47101.2,2,53510.4,2,50986.4
7,89,2,49218.6,2,47101.2,2,53510.4,2,50986.4
7,91,15,345891.7,15,351636.3,13,279373.2,9,209244.4
7,97,,,,,65,1439771.4,,
7,98,521,10297062,491,10379168.3,453,9825045.9,449.5,9840487.5
7,99,521,9877100.7,488,9891313.1,459.5,9818273.8,446,9881563.1
7,102,89,1772571.2,89,1647646,93,1819986.6,98,2203021.8
7,103,52.5,1350898.9,69.5,1642783.2,64,1648428.4,69,1924278.5
7,104,3,59150.8,4,82333.6,6,127388.7,10,221911.6
7,108,4,80030.4,3,55641.6,3,70024.7,2,40697.2
7,112,3,72781.5,9,232395.7,9,248741.6,10,291014.6
7,113,27,655033.6,25,645543.7,20,552759.1,19,552927.6
7,114,1033.5,19808195.5,1038.5,20289293,1013,20268230.4,1022.5,21105139
7,115,476,9653509.4,458,9527938,437,9220825.6,421,9205612.8
7,116,6,135648.4,5,106176.8,5,113120.2,3,69188.7
7,117,2,45216.2,2,42470.7,8.5,192304.3,12.5,288286.3
7,118,,,1,20025.9,,,,
7,120,8,173791.2,8,198616.6,6,162222.4,3,80634.3
7,121,5,108619.5,2,49654.2,2,54074.1,1,26878.1
7,122,7,152067.3,7,173789.6,8,216296.5,8,215024.8
7,124,6,135211.1,4,85648.9,4,77844.1,4,84600.4
7,125,20,450703.8,17,364007.7,17,330837.5,16,338401.7
7,126,43,967974.8,51,1102283.8,53,1146625.4,48,1137990.7
7,127,51,1031440.8,48,973743,54.5,1200147.8,51.5,1200253.3
8,0,39,830094,37,919966.3,32,830399.7,29.5,749845.4
8,1,28,595965,18,447551.1,17,441149.9,20,508369.8
8,2,452,10348033.5,452,10381986.7,448.5,10847648.1,451.5,11390924.1
8,5,131.5,2959011.1,129.5,3041278.6,121,3082915.6,114.5,3096319
8,6,153,3224330.5,140.5,3130479.4,136.5,3058836.2,146,3529463.9
8,12,117,2360489.1,112,2307222.8,107.5,2450001.2,99.5,2325939.8
8,13,113,2219944.4,109,2187542.3,96,2098779.1,99,2404333.3
8,19,108,2488869.6,102.5,2390925.4,101,2549300,105,2684095
8,20,71.5,1724148.2,70,1650441.7,80,1943580.7,75,2011213.9
8,21,3,86310.7,3,87289,3,78884.5,3,92199.5
8,23,43,971894.8,40,801118.7,35,782164.8,33.5,776837.3
8,24,9,181108.9,6,134077,12,256000.8,9,202962.9
8,32,14,315175.8,14,341697.5,17,369992.6,15,336066.1
8,33,24,540301.4,25,515917.8,25,544106.7,25,560110.2
8,34,37,931649.6,56,1347541.4,49.5,1165239.9,44.5,1095459.4
8,35,11,276976.9,14,336885.4,15,353103,12,295404.8
8,36,12,264730.3,13,314998.6,12,321293.5,14,335151.6
8,39,5,110304.3,5,121153.3,5,133872.3,4,95757.6
8,40,218,4159897.4,208.5,3984343.2,189.5,3833958.8,184.5,3793239.9
8,41,11,200264.7,11,197145,7,132855,10,239196.4
8,43,19,390518.4,21,418049.1,21,477396.8,20,429197.3
8,53,,,2,42968.2,2,45526.6,2,46378.1
8,55,101,2078019.4,104,2048308.8,107,2040761.7,91,1811631.3
8,62,12,304760.3,11,257157.3,9,216531,11,280913.7
8,67,112,2636576.9,109,2448816.4,103,2498125.1,104,2665326.8
8,68,26,596964,24,579030.6,16,383080.7,16,417253.3
8,69,9,206641.4,8.5,205073.3,8.5,203511.7,7.5,195587.5
8,74,584,11179743,586,11493526.9,607,11793425.4,570.5,11581178.9
8,75,471.5,9898878,455,10025425.7,443.5,9699873.1,391,9596766.6
8,76,5,105595.1,5,114040.6,5,102931.4,1,22692.1
8,81,98,1891644.5,85.5,1814378.9,76.5,1686773.1,87.5,1984096.3
8,82,45.5,1130576.8,39.5,977902.6,36,923998.8,36,923018.4
8,83,4,99391.4,4,99028.1,,,2,51278.8
8,88,17,350043.6,15,354598,11,245035.9,8,191571.3
8,95,107,2645022.7,113,2782782.6,111.5,2520840.5,104,2437821.6
8,96,33,698075,33,776336.3,34,802044.3,31.5,777509.3
8,97,50,1110770,60,1385564.7,52,1259003.8,46,1093266.3
8,98,6,154827,6,159468.3,6,156341.3,1,26601.5
8,99,407.5,8734866,404.5,8638617.5,384,8357765.6,380,8828786.4
8,100,1,25371.5,1,21801.2,1,20526.3,,
8,107,50,1197813.1,53,1280320.1,54,1349680.9,61,1543226.1
8,111,45,1071429.5,48,1166341.8,46,1149576.6,38,1012184
8,112,59,1311793.3,53,1191642.1,50,1305213.3,45,1365641
8,113,76,1568819.1,66,1484206.1,62.5,1381768,57,1262106.6
8,114,484,9697313.9,490.5,9987144.9,462,9695402.4,461,10300123.5
8,115,476.5,8595819.5,483,8940539.4,478,8834393.7,428.5,8302302.2
8,116,5,108630.8,5,111624,4,96441.3,4,108747.7
8,120,8,155027.2,12,208276.4,9,181300.1,3,69462
8,121,6,116270.4,7,121494.5,10,201444.5,13,301001.9
8,122,9,183134.2,9,184695.7,10,206856.4,10,231873
8,123,17,345920,18,369391.3,18,372341.4,17,394184.2
8,124,4,98718.3,3,76244.7,4,111501.2,3,79566.2
8,125,105.5,2168798.3,117.5,2558995.6,101.5,2395458.3,95.5,2260309.8
8,126,4,91362.7,4,95827.3,4,93148.4,4,101601.5
8,127,14,319769.3,10,239568.2,9,209583.9,6,152402.3
9,2,15.5,370386.2,20,500750,20,493114.6,24,649920
9,3,2,47791.8,2,50075,2,49311.5,,
9,5,168,3958830.2,159,3882862.2,160,3896876.2,154,3916053.1
9,6,32,822842.4,33,853396.7,34.5,788575.2,39.5,968520.6
9,11,21,406947.3,16,357089,16,343576.6,17,428801.2
9,12,141,3056940.1,140,2938247.4,140.5,3093634.9,140,3365147.1
9,13,61,1235580,59,1211084.6,52,1094255.2,56,1262383.2
9,17,127.5,2297175.7,116.5,2201863.9,117,2294036.6,137,2879840.9
9,18,5,96327.1,9,181835,10,194515.9,9,173438.1
9,19,103,1917779,104,1970296.7,98,1964403.9,91.5,1983837.9
9,20,226,5014246.1,225.5,5112984,247.5,5712325,246.5,5744253
9,21,4,115081,4,116385.3,3,78884.5,3,92199.5
9,25,39,784805.1,34,759769.6,32,682668.8,34,766748.6
9,26,27,590708.9,35,837581.7,34,812185.2,35,843917.4
9,31,14,322391,22,542461.3,23,559465.9,27,737198.9
9,32,2,45025.1,5,122034.8,8,174114.1,7,156830.9
9,33,2,45025.1,3,73220.9,3,65292.8,4,89617.6
9,34,1,25179.7,1,24063.2,1,23540.2,,
9,37,13,286791.1,12,290768,12,321293.5,12,287272.8
9,47,42,728132.2,39,694360.5,35,772635.4,35,731202
9,51,4,89051.2,4,93191.2,4,94504.4,3,77328
9,55,88.5,1874208.8,96.5,2038847,88,1956829.1,101,2296725.9
9,56,215.5,3985750,188,3879490.5,175.5,3744161.2,173.5,3598804.7
9,67,148.5,3225589.2,161.5,3733254.8,164.5,4033678.6,170,4325852.2
9,68,17,390322.6,33,723286.6,35,883067.7,34,984694.1
9,71,2,45920.3,1,24126.3,1,23942.5,1,26078.3
9,72,48,1047677,47,1095464.1,50,1321196.4,41.5,1202610.5
9,73,,,,,,,11,282932.9
9,74,13,308517.5,15,373516.5,19,489366.3,22,632997.9
9,75,3,71196.4,3,74703.3,3,77268.4,4,115090.5
9,78,115,2473941.7,124,2801652.4,122,2687306.6,112.5,2605850.2
9,83,9,223630.6,9,222813.3,12,307999.5,7,179475.8
9,84,145,3674324,152.5,3724118.9,149.5,4004846.5,151,4120416.5
9,90,195,4207561.6,199,4344433.7,193,4519416.3,194,4582831.7
9,91,18,370634.5,21,496437.2,20,445519.9,23,550767.5
9,96,3,63461.4,3,70576,4,94358.1,4,98731.3
9,97,16,338460.6,14,329354.8,16,377432.6,14,345559.6
9,99,16,412872,13,345514.7,14,364796.3,16,425623.5
9,100,2,50743,2,43602.3,2,41052.6,2,46169.4
9,104,11,255480.5,11,254355.4,12,274044.8,14,316926.9
9,106,3,71868.8,3,70580.2,3,76161.9,2,52090.5
9,107,69,1544304.8,81,1815775.7,75,1716088.7,77,1888438.4
9,109,33,757329,45,1041775.1,46,1138573.6,48,1223607.1
9,112,3,66701.4,5,112419,3,78312.8,6,182085.4
9,114,137.5,3116490.8,125,2891275.4,135,3114965.6,134,3293491.1
9,116,48,1042855.6,58,1294838.5,45,1084964.3,42,1141850.5
9,117,3,65178.5,3,66974.4,2,48220.6,3,81560.8
9,118,3,65178.5,3,66974.4,3,72331,3,81560.8
9,120,43,833271,38,659542,46,908411.4,46,868622.6
9,121,57,1222370.7,52,1026365.4,54,1195138.5,52,1196101.4
9,122,26,529054.1,30,615652.3,29,599883.4,31,718806.4
9,123,128,2861990.4,116,2670296.8,130.5,3011299.2,130,3068704.3
9,124,13.5,333174.3,12.5,317686,10.5,292690.6,12,318264.7
9,125,1,24679.6,1,25414.9,3,83625.9,3,79566.2
9,126,24,548176,26,622877.3,25,582177.5,25,635009.6
9,127,1,22840.7,1,23956.8,1,23287.1,1,25400.4
10,2,4,123115,4,119169.3,4,104042.3,4,122269.1
10,5,,,1,25860.5,1,22857.3,1,24519.5
10,6,3,53645.1,1,18245.6,1,19217.8,1,21434.8
10,7,10,178817,11.5,209824.5,13,249831.9,14,300087.1
10,12,55,1001108.8,59,1135070.5,65,1456050.1,63,1479787.1
10,13,11,224230.8,19,358299.5,19,393455.8,20,440527.9
10,15,28,636885,27,592173.1,30,670913.9,25,663150
10,16,5,101467.5,5,105230.1,3,65856.2,,
10,17,218.5,4304431.2,219,4199386.5,202,4182197.4,195.5,4257026.7
10,18,5,132035.7,5,134351,5,138032.5,5,150217.3
10,19,26,686585.3,31,832975.9,32,883408.2,32,961390.6
10,20,2,40409.8,2,41374.5,2,39104.5,2,43596.3
10,21,3,60614.7,3,62061.8,6,117313.5,6,130788.8
10,25,69.5,1391821.7,65,1365694,54,1137180.6,54,1198418.3
10,26,125.5,2689788.6,103,2226992.1,110.5,2399964.9,105.5,2541355.6
10,30,6,138167.6,5,99014.7,4,85304.8,6,123474.9
10,31,30,569891,33,698787.3,25,542919,28,598971.5
10,32,39,725896.7,35,779539.5,33,770817.5,37,781265.5
10,33,18,335029.3,16,277498.3,15,284512.6,16,317619.1
10,34,,,,,1,26138,1,28092.8
10,35,,,,,,,1,28092.8
10,36,26.5,640410.2,24,556993.6,22,598797.5,21,525260.8
10,37,75,1582159.8,68.5,1402569.5,68,1446255.4,65.5,1417904.4
10,38,4,88243.4,4,96922.7,4,107097.8,4,95757.6
10,42,1,20553.6,1,19740.9,2,39894.7,3,75150.8
10,43,19,390518.4,13,256632.2,11,219420.6,12,300603.4
10,47,188,4331917.4,187,4212344.7,203.5,5108933.7,209.5,5067843
10,56,217.5,4006139.8,227.5,4125942.2,223.5,4451720.1,221,4670992.3
10,67,152,3386351,155,3493957.2,147,3463070.8,148,3523489.6
10,71,14,321442.2,13,313641.5,12,287310.6,21.5,560684.1
10,72,31,705623.3,30,681143.7,28,702136.5,29,745913.9
10,74,94,1576575.7,97,1588563.1,84,1358278.7,76,1317028
10,78,112.5,2528067.9,129.5,2994398.6,131.5,2908802.9,122.5,2902309.4
10,85,220.5,6241568.4,209.5,6040153.4,185,5864999.6,192,5838119.9
10,86,55,1196136.7,61,1427093.1,58,1439910.6,47,1102327.9
10,95,3,73621.7,,,1,21841.5,3,68674.1
10,99,4,84248.2,4,77552,4,88508.1,4,87534.2
10,102,10,253715.1,13.5,340947.3,16,402988.5,15,407921
10,103,22,558173.2,23,580873.3,20,503735.5,19,516699.9
10,107,46.5,991221.1,38,793389.1,33,671854.3,31,755316.7
10,108,118,2191110.9,106,2034457.3,98,1915106.7,97.5,1988175.3
10,109,1,20201.2,3,57579,3,59434.2,4,80745.6
10,110,13,265832.8,13,232049.3,11,241839.2,8,208421.5
10,111,38.5,836602.8,38.5,891239.9,36.5,964966.5,41,978357.6
10,112,2,44255.8,2,44331.1,2,38044.4,2,39613.5
10,116,8,186135.2,8,181209.7,6.5,150085.7,7.5,196205.6
10,123,1,19378.4,2,34712.7,2,40288.9,2,46308
10,127,57.5,1291321.7,52.5,1054740.5,50.5,1086378.1,52,1270306.8
11,1,37,1138813.9,37,1102316.2,40,1040423,35,1069854.5
11,4,19,488562.7,16,413768.1,28,640003.1,25,612987.8
11,5,4,102855.3,3,77581.5,3,68571.8,4,98078
11,6,358.5,8094318.9,372,8452310,363,8685538.8,373,9381632.2
11,7,245.5,4712771.4,245.5,4943936.9,256.5,5188665.1,243,5496767
11,8,5,96892.2,2,44636.1,2,42947.1,7,176565.2
11,9,3,58135.3,2,44636.1,1,21473.5,2,50447.2
11,13,30,611538.7,31,584594.1,30,621246,28,616739.1
11,15,1,22745.9,1,21932.3,,,2,53052
11,16,24,487044,25,526150.6,25,548801.3,25,579511.8
11,19,7,184849.9,7,188091.3,7,193245.6,6,180260.7
11,20,20,404097.9,19,393058.2,24,469254.2,24,523155.2
11,21,157.5,3270333.4,168.5,3517227.8,159,3615644.1,142.5,3487522.8
11,22,58,1173917.2,59.5,1367893,65,1478679.1,66,1505609.5
11,23,,,,,3,68246.7,,
11,25,2,40052.4,2,42021.4,2,42117.8,2,44385.9
11,26,170,3443356.8,165,3402267.4,152,3430474.8,156,3576625.7
11,29,1,23027.9,1,24657.3,1,24324.6,1,27303.7
11,30,10,230279.3,8,158423.5,9,191935.7,8,164633.3
11,31,15,345418.9,18,356452.9,23,490502.2,27,555637.4
11,33,4,74451,6,104061.8,4,75870,5,99256
11,34,20,450251.1,20,488139.3,20,522760.1,20,561855.2
11,35,3,67537.7,3,73220.9,3,78414,3,84278.3
11,36,16,340966.4,13,273620.5,13,256866.9,14,335920.1
11,37,25,532760,22,463050.1,21,414938.8,22,527874.3
11,38,2,44121.7,2,48461.3,2,53548.9,2,47878.8
11,42,13,267196.8,16,315855,13,259315.3,12,300603.4
11,43,208,3888562.2,198,3873215.2,200.5,4216434.2,192,4277985.9
11,48,2,44525.6,2,46595.6,2,47252.2,2,51552
11,51,,,,,2,47252.2,,
11,54,1,20774.4,1,21484.1,1,22763.3,1,23189
11,56,44,1090038.4,42,1081096.9,39,1021043.5,37,989292.1
11,60,112,2422620.1,115.5,2442803.8,117,2753093.4,124.5,3035353.2
11,61,76,1930148.5,74,1729967.3,78,1876601.6,74,1889782.9
11,66,193,4507387.2,199,4736247.9,183,4524637.1,181,4421878.8
11,67,24,643865.6,22,507921.2,23,544951.6,23,525932.3
11,73,2,45524,1,22704.8,2,50152.6,3,77163.5
11,74,490,10468383.9,506.5,11018717.2,492.5,11412539.3,489,11573981
11,75,40,639349.3,33,567800.7,29,479950.7,35,576885.1
11,78,44,918315.5,46,915476,41,921933.4,31,753182.7
11,85,1,32202,1,32607.8,1,35218.2,1,33145.3
11,94,3,73621.7,3,73020.4,3,65524.5,3,68674.1
11,98,31,652923.7,31,601027.8,32,708065.1,34,744040.4
11,99,177,3982776.4,176,3823026.2,174.5,3966588.5,157,4042464
11,100,42,869607.6,37,806643.3,37,759472.4,32,738711
11,101,1,20704.9,1,21801.2,1,20526.3,1,23084.7
11,103,8,202972.1,8,202042.9,9,226681,11,299142
11,106,20,464509.8,22,508711,21,479578.4,18,407477.5
11,107,,,2,46246.4,,,,
11,108,15,303017.7,23,441439,26,515096.1,24,484473.6
11,111,19,388524.9,22,392698.8,19,417722.4,19,495001.1
11,112,21.5,475750.2,28,620635.3,25,475555.1,23,455554.9
11,113,,,1,22165.5,2,38044.4,2,39613.5
11,114,2,44255.8,2,44331.1,2,38044.4,,
11,115,5,110639.6,5,110827.7,4,76088.8,5,99033.7
11,116,52.5,997601.4,52,1049707.9,50,1107823.7,51.5,1271891.4
11,117,39,907409.1,38,860746.3,30.5,704248.5,32.5,850224.3
11,121,4,77513.6,1,17356.4,3,60433.4,3,69462
11,122,2,38756.8,2,34712.7,2,40288.9,2,46308
11,125,2,45681.4,3,71870.4,3,69861.3,3,76201.2
11,126,4,83488.8,7,140632.1,8,170131.3,7,162487.5
12,1,130,3561655.1,119.5,3388701.4,120.5,3218216.1,111.5,3306525.3
12,2,21,600091,22,602728.8,22,569462.2,23,639349.9
12,4,4,95655.7,4,88778.2,4,96070,1,26827.7
12,6,3,71741.8,3,66583.6,3,72052.5,3,80483.2
12,7,72,1694773.4,73,1702932.3,74,1757492.4,72,1872123.5
12,8,39,725566.6,40,830611.7,37,796485.6,42,932632.8
12,10,34,698576.1,33,707586.9,40.5,788117.8,43,1030577.6
12,12,1,17807.2,1,18052.7,1,23823.1,1,24297.1
12,13,328,6295079.4,330.5,6342290.9,311,6155702.6,300.5,6477487.9
12,14,231,5069237.9,225,5138234.7,218,5123994.4,221,5385782.5
12,15,2,42956.6,1,20250,1,20084.7,1,22169.8
12,16,690,10632844.9,676.5,10480112.6,720,11281180.9,649.5,10694020.5
12,17,1012,16598087.1,950,15807217.9,931,15751189.5,893.5,16095088.5
12,18,5,117195.7,5,106042.6,4,101088.6,4,97392.1
12,19,80,1512418.4,60.5,1283115,72.5,1465914.9,71,1469427.9
12,20,132.5,2606612.4,133,2597020.6,118,2722574.1,104.5,2383209.8
12,21,251,4966523.2,241,4818847.9,218.5,4701045.2,196,4360220.9
12,23,2,46672,2,45637.6,2,47850.3,1,23245.8
12,24,49,971781.1,39.5,824620.1,43,847668.2,39.5,853678.8
12,25,16,317316.3,14,292270.4,15,295698.2,17,367406
12,26,243.5,4852685.5,239,4783654.4,241,4819972.6,214,4828538.7
12,30,15,318204.8,15,323394.6,17,393852.2,16,387531.3
12,31,7,148495.7,11,237156,12,278013.3,13,314869.1
12,32,23,421675.9,25,465457.4,28,653993,24,524140.9
12,34,4,78062.8,4,79507.6,4,84871.7,2,47852.6
12,35,4,78062.8,4,79507.6,4,84871.7,4,95705.2
12,36,3,55410.6,3,63516.7,3,57444.1,3,66363.9
12,38,9,193520.8,10,214047.9,15,295462.2,11,261839.1
12,39,21,451548.4,27,577929.3,31,610621.8,29,690303.1
12,42,10,214862.5,7,142839.9,7,163489.9,6,154366.6
12,43,,,,,2,46711.4,,
12,51,4,88380.4,4,83789.9,,,4,108472.2
12,52,89,1902211,95,2174651,105,2354867.8,105,2531290.6
12,62,95.5,2354279.9,144,3212264.8,151,3592280.2,87.5,2333456.5
12,63,77,1707334.4,12.5,281711.7,15.5,367005.7,67.5,1742007.9
12,66,29,625071.6,24.5,529461.2,29,759183.4,26.5,688094.3
12,73,1,21143.3,2,43046.9,,,,
12,74,262,5530271,270.5,5599428.2,262,5752414.9,231,5260653.6
12,75,3,74982.5,,,2,54028.6,1,28743.3
12,78,50,1221508,48,1155543.7,50.5,1245925.4,49.5,1143568
12,82,126,3033119.2,124.5,2888624.7,123,3051537.4,120,3154172.6
12,85,2,65776.4,2,64499.3,2,67293.7,2,60647.3
12,100,112,2503543.5,106,2495685.1,125,2785312.5,131,3207959.6
12,101,9,208801.5,9,217782.7,9,215855.5,8,194975.8
12,103,31,616681.6,28,502687.2,34.5,875419.2,23,585012.6
12,107,15,340727.8,25,539386.1,20,473151.5,14,357548.7
12,109,6,160808.6,5,124744.2,5,166295.7,5,173715.2
12,111,16,354981.3,17,398315.4,15,498887.2,11,299171.8
12,112,17,576852.8,14,353469.5,18,522573.8,15,432479.1
12,115,2,45304.4,2,44199.2,1,23040.6,1,22051.7
12,118,6,132412.2,2,45065.1,12,260919.9,18,463980.6
12,119,171,3849368.1,164,3755397.7,165,3866787.9,161,4026394.5
12,122,16,331361,21,494702.6,19,452374.5,17,460408.5
12,123,5,103550.3,5,117786.3,4,95236.8,4,108331.4
12,124,,,,,5,134494.4,4,110825.5
12,125,5,119109.6,5,123206,6,161393.3,3,83119.2
12,127,41,962761.9,39,764814.1,41.5,1071465.4,43.5,1131634.6
13,2,82,2122293,83,2165222.8,81,2062149.6,85,2318871.2
13,7,44,1052213.2,42,932171,38,912665.1,41,1099937.7
13,8,43,1014685.2,41,1024103.7,42,1080862,51,1341770.2
13,10,117.5,2396080.5,107,2234871.9,104,2267713.8,109.5,2507693.2
13,11,,,,,1,19459.7,1,23966.9
13,12,1,17807.2,,,1,23823.1,1,24297.1
13,14,197,3908535.1,203.5,4126209.7,207,4316969.9,204,4346961.5
13,15,116,2237920.2,105,2053307.3,104,2084880.4,111,2479409.1
13,16,550.5,9539066.5,540,9234280.5,488.5,8707584.2,519.5,9590778.3
13,17,1256,22985150,1330,24144569.7,1282,23836258,1269,24613856.8
13,18,59,1382909.4,56,1372150.7,55,1389968.1,58,1412185.4
13,29,14,258360.2,15,323394.6,15,293531.7,14,339089.8
13,31,5,106068.3,3,64678.9,3.5,81087.2,1,24220.7
13,32,31,631231,31,681279.3,25,568843.9,25,554992.7
13,33,8,146669.8,8,148946.3,7,163498.2,4,87356.8
13,34,13,253704.2,12,238522.8,12,254615.1,9,215336.7
13,39,6,129013.8,6,128428.7,6,118184.9,5,119017.8
13,40,5,107431.3,4,81622.8,7,163489.9,7,180094.3
13,41,6,128917.6,5,102028.5,5,116778.5,4,102911.1
13,43,5,107431.3,5,102028.5,3.5,81745,4,102911
13,44,5,116142.7,4,84193.2,4,101878.9,3,78241
13,48,22,486092,23,481792.1,20,486148.5,18,488124.8
13,52,10,222627.9,8,186382.4,7,165382.7,7,180432
13,65,167.5,3856276.1,169.5,3917995.4,209.5,5178990.1,164.5,4263951.4
13,66,79,1757640.5,77.5,1683286.2,21.5,500498.1,60.5,1497528.9
13,70,284.5,6162589.4,286.5,6291526.6,290,6438938.5,274,6304134.9
13,71,424.5,8639562.9,425,8934762.3,403.5,8751059.4,372,8395771.9
13,74,71,1774586.8,70,1883373,68,1836973.1,71,2040776.8
13,75,1,24994.2,1,26905.3,1,27014.3,1,28743.3
13,78,520,11925463.2,524.5,12572448.3,508.5,12629141.4,531.5,13352355.9
13,79,3,73290.5,3,72221.5,3,74015.4,3,69307.2
13,80,3,71391.5,3,78160.5,3,86941.9,3,78854.3
13,82,,,,,,,3,78854.3
13,85,28,920869.6,28,902990,32,1076699.2,29,879385.6
13,94,65,1765926.8,80,1921170,79.5,1938822.8,68.5,1764619.7
13,95,69,1326847.5,77,1530016.2,72,1511792.2,67,1512607.4
13,96,23,550878.9,21,488034.1,19,479873.4,21,519705.9
13,100,5,116000.9,2,48396.2,,,3,73116
13,102,2,39785.9,,,4,101497.9,4,101741.3
13,103,5,99464.8,5,89765.6,5,126872.4,1,25435.3
13,104,5,118976.6,5,123540.2,5,120758.9,2,49844.1
13,105,3,71385.9,3,74124.1,3,72455.4,3,74766.2
13,107,114,2589531.3,104,2243846.2,107,2531360.3,99.5,2541150
13,109,20,536028.7,19,474027.9,18,598664.5,20.5,712232.3
13,111,36,798708,40,937212.9,38,906139.9,40,1087897.3
13,112,16,542920.3,17,429212.9,16,464510,17,490143
13,114,89,1855650.5,80,1733437.2,80,1925402.9,71.5,1836457.1
13,115,191,4160925.1,192,4378530.1,209,4729563.4,180.5,4239242.4
13,116,4,98591.4,3,65996.3,3,81849.1,2,50951.1
13,117,4,98591.4,2,43997.5,6,163698.1,6,152853.2
13,122,2,41420.1,3,70671.8,3,71427.5,3,81248.6
13,123,17,352071.1,12,282687.2,16,380947,13,352077.1
13,124,29.5,702746.4,26.5,652991.7,25.5,685921.5,22,609540.4
13,125,40.5,1127377,31.5,839641.1,31,897688.9,33,1044438.2
13,126,6,151623.3,7,144493.1,8,196655.6,7.5,195864.8
13,127,10,252705.6,10,206418.7,12,294983.4,12,313383.7
14,1,8,186562.8,10,234328.4,10,252767.4,12,285080
14,2,586,14338323.3,575.5,14087966.2,564,14118883.9,546,13793783.8
14,3,15,418808,15.5,414709.6,17,464582.8,16,423621.1
14,4,1,17037.2,1,18637.5,1,18776.6,1,21030.4
14,5,652,14162223.8,651.5,14783155.4,616,14425484.2,627,15012041.7
14,6,228,5178117.3,239,5793126.1,237,5809360.8,255.5,6767777
14,8,25,465106.8,23,513315.7,22,473586,21,466316.4
14,15,4,71228.6,4,72210.9,4,95292.5,4,97188.4
14,16,19,376901.8,11,227540.5,15,302607.4,6,113382.6
14,17,106,2192635.7,113.5,2306944.9,112.5,2449258.9,114,2641318.9
14,19,45,1026718,46,1033225.9,43.5,991909.3,43.5,1064629.3
14,20,171.5,3522798.3,177,3635435.6,163,3441351.3,158,3646233.3
14,21,77,1727410,79,1754398.9,77,1770856.7,73.5,1792311.1
14,25,28,564834,19,374507.2,19,485167.5,18,384374.6
14,26,16,352405.6,23,484505.6,21,454899,20,450663.1
14,29,17,313723.2,20,431901.9,14,273963.1,21,431149.8
14,30,47,1038418.8,44,981484.5,45.5,1037321.7,38,888730.1
14,32,2,45811.2,2,38582.5,1,22491.4,,
14,34,30,585471.3,26,516799.6,29,615319.9,28,669936.6
14,36,34,627987.4,36,762200.8,33,696402.8,25,553032
14,37,13,240112.8,13,275239.1,12,253237.4,13,287576.6
14,38,40,952715,66,1296750.2,74,1416954.3,43,1057169.3
14,40,75,1822844.7,76,1764511.9,80,1846022.2,57,1479194
14,42,146,3159904.4,141,3161598.5,146,3636849.8,147.5,3586342.9
14,43,98,2257286.1,99,2410344.5,103.5,2512697.3,108,2894905
14,44,5,116142.7,5,105241.5,5,127348.7,7,182562.2
14,48,276,6022094.9,292,6231104.7,287.5,6556983.6,313,7412508.7
14,49,346.5,7563128.9,342,7517560.6,342.5,7836999.5,335.5,8013178.8
14,56,116,2455233.4,105,2225546,106,2429879.6,102.5,2487551.6
14,57,51,1103725.8,47,913390.4,45,1105800.8,44,912294.6
14,65,89,2321228.1,74,1886614,144.5,3486739.3,77.5,2145704.3
14,66,49.5,996233.6,51.5,1021832.7,,,59,1203689.4
14,71,10,235571.6,12.5,290722.9,14,301035.3,13,293185.6
14,72,18,380579.4,22,473515.5,17,439207.3,13,311368.2
14,73,6,126859.8,6,129140.6,7,180850.1,7,167659.8
14,74,4,77432.8,5,92990.5,5,97805.8,4,83178.4
14,78,589,11872064.7,597,11950745.1,598.5,12310563.1,571,12936389.5
14,79,2,44138.9,2,45109.5,2,50041.8,2,49839.1
14,80,36.5,870909.3,41,1059457.3,33.5,862229.7,39,969708.8
14,81,2,47594.4,2,52107,2,57961.3,8,198914.6
14,85,31,774930.1,30,948716.1,31,937387,28,829681.3
14,86,5,140950.5,5,144216.1,,,3,76859.9
14,94,14,341033.3,12.5,284116.4,12.5,297466.5,14.5,351542.4
14,95,102,2315495.4,104,2335480.5,88.5,2032896.2,93,2242866.2
14,96,10,239512.6,9,209157.5,8.5,214680.2,8.5,231521.4
14,99,17,407171.4,15,348595.7,14,353591,19,517518.4
14,100,110.5,2423381.6,107.5,2477627.2,149.5,3768123.3,121,3141730
14,101,13,306209.8,13,312897.7,,,11,299106.8
14,104,18,428315.8,17,420036.8,15,362276.6,15,373830.8
14,105,39,928017.7,47,1161278.1,50,1207588.8,51,1271024.6
14,111,11,202819.1,11,219255.7,12,237211.2,12,256504
14,112,8,167092.3,8,161515.6,3,65151.5,4,85030
14,114,3,73742.8,6,130643.5,2,47660.8,2,49489.3
14,116,5,88367.9,5,106767.4,5,100874.4,,
14,118,4,98591.4,3,65996.3,3,81849.1,2,50951.1
14,120,11,183077.4,13,242400.3,11,239577.3,13,281526.6
14,121,2,33286.8,2,37292.4,2,43559.5,2,43311.8
14,122,110.5,2488089.5,113.5,2576795.4,105,2511294.1,98,2444219.3
14,123,38,800713.6,37,786864.9,36,700518.8,36,712773.2
14,124,2,50541.1,2,41283.7,2,49163.9,2,52230.6
14,126,8,190194.9,8,247292.2,8,215815.2,6,174258.6
14,127,116.5,2625550.3,123.5,2902507.6,107.5,2814849.9,112,2954341.7
15,1,20,466406.9,18,421791.2,15,379151.1,15,356350.1
15,2,237,4803413.2,228,4616923.5,222,4589678.8,211.5,4777801.4
15,5,49.5,843343,48.5,903918.2,54,1013937.5,54,1135641.3
15,12,317.5,6067981.6,319.5,6077603.5,310.5,6368702.5,307.5,6631073.8
15,13,136.5,2625592.2,141.5,2867363,120.5,2617484.5,127.5,2782390.6
15,17,33,654618.8,39,806734.5,34,685910.2,29,548015.9
15,18,91.5,1805519.5,86.5,1758381.7,87.5,1689768.2,87.5,1946630.4
15,20,77,1710597.9,83.5,1658610.8,63,1526110.3,58.5,1485293.6
15,21,19,426244.1,17,385495.5,19,442957.3,18,432191.9
15,22,162,3599929.3,154,3537445.3,161,3868573.8,159.5,3916359.7
15,23,3,70007.9,3,68456.4,2,47850.3,2,46491.6
15,25,9,181553.8,9,177398.1,8,204281,11,234895.6
15,26,48,1057216.9,50,1053272.9,45,974783.4,49,1104124.5
15,31,21,463974.5,22,490742.2,22,501562.2,18.5,432671.2
15,32,5,114527.9,5,96456.2,5,112457.1,3,74652.4
15,33,28,641356.4,32,617319.4,35,787199.7,33,821176.3
15,38,9,214360.8,5,98238.7,6,114888.2,5,122926.7
15,40,66,1596606.7,67,1566986,62,1474145.1,60,1498088.1
15,41,940.5,17473334.5,912,17365921.2,860.5,16996110.3,790.5,16681916.6
15,42,388,7682387.7,381.5,7986229.4,370.5,7839848.3,385.5,8452740
15,43,15,322293.8,15,306085.4,14.5,338657.7,13,334460.9
15,44,29.5,685241.9,31,652497.6,24,611273.9,27,704168.5
15,45,353.5,7235572.2,358.5,7591770.8,332,7567009.9,346,8371901.8
15,48,2,44190.2,3,62842.4,4,97229.7,4,108472.2
15,56,57,1009071.6,51,893829.3,51,879006.9,52.5,957966.1
15,57,25,581225,29,576299.2,27,512049.6,26.5,617511.5
15,63,3,66519.5,3,67610.8,3,71033.4,4,103230.1
15,64,3,83938.3,2,51112.5,10,267420.3,3,82232.3
15,65,7,195856.1,6,153337.4,,,6,164464.5
15,72,1,21143.3,1,21523.4,1,25835.7,1,23951.4
15,73,14,296006.3,14,301327.9,15.5,400453.6,19,455076.6
15,74,282,5249029.8,298,5457647.7,262.5,4922335.3,261,5120971.5
15,75,19,367805.6,8,148784.8,13.5,264075.8,12,249535.1
15,76,8,195441.3,6,144443,6,148030.8,5,115512
15,77,7,171011.1,8,192590.6,8,197374.4,6,138614.4
15,78,126,2782264.5,132,2902187.7,116.5,2749902,107.5,2527617.1
15,80,14,333160.5,16,416856.1,13,376748.1,15,372964.9
15,81,56.5,1311026.5,53,1128016.8,68,1610271,59,1441924.1
15,83,14,333160.5,12,312642,16,463690.1,15,394271.5
15,85,115,2972362.5,116,3283514.8,113,3441297.7,112.5,3314053.6
15,86,52.5,1479979.8,50.5,1456582.2,60.5,1471303.6,54.5,1396288.8
15,90,1,24540.6,1,24340.1,2,43683,3,68674.1
15,94,7,170516.6,7,159105.2,7,166581.2,12,290931.6
15,97,16,383220.1,14,325356.1,13,328334.4,13,354091.6
15,99,2,47902.6,2,46479.4,1,25256.5,1,27237.8
15,100,10.5,247323.3,9,216621.5,19,408487.3,4,108766.1
15,101,48,1130620.9,43,1034969.6,18,386987.9,49,1332384.9
15,107,2,47590.6,2,49416.1,2,48303.6,2,49844.1
15,109,2,53602.9,2,49897.7,2,66518.3,2,69486.1
15,110,5,92190.5,6,119594,5,98838,4,85501.3
15,111,48,885028.8,56,1116211,57,1126753.5,52,1111517.3
15,113,37,772801.6,34,686441.4,35,760100.5,34,722755.6
15,114,52,1278208.6,54.5,1186678.8,62.5,1489399.2,66,1633146.2
15,115,13.5,331842.6,16,348382.8,17,405116.7,16,395914.3
15,116,74,1521611.2,79,1828900.9,88,1977638.7,91.5,2143307.1
15,117,4,70694.3,3,64060.4,2,40349.8,2,38558.2
15,118,10,246478.5,10,219987.6,10,272830.1,9,229279.8
15,119,22,542252.6,25,549969.1,24,654792.4,24,611412.6
15,120,98,1765951.2,99,1866587.4,93,1949520.7,99,2057429.1
15,125,5,126352.8,5,103209.4,2,49163.9,3,78345.9
15,126,2,47548.7,2,61823.1,2,53953.8,2,58086.2
15,127,7,166420.5,6,185469.2,9,242792.1,11,319474
16,5,10,200326.2,9,180724.7,4,95049,5,122776.6
16,6,271.5,5836356.5,276.5,5944584.5,297,6779343.6,302.5,7405959
16,8,2,38605.6,2,38786,2,40355,,
16,12,119.5,2151745.6,118,2440061.4,114,2448830,100,2231568
16,13,12,216074.8,13.5,279159.6,17,365176.4,17,379366.6
16,14,1,24095.7,1,25561.4,1,24206.2,1,25688.9
16,15,14,337340,14,357859.6,19,459917.3,19,488088.4
16,16,150.5,3055995.2,153,3124337.1,138.5,3070153.3,147,3359458.4
16,17,26,732744.6,29,811150.4,27,721135.9,30,885966.8
16,18,151.5,2915800.7,139,2726571.3,135.5,2799467,132.5,2799540.2
16,19,40,882589.8,34,758875.5,36,901510.1,33,860408.3
16,20,55,1128618.7,51,1095820.6,57.5,1237512.6,53.5,1249143.7
16,21,22,522711.6,14,345684.7,16,383781.8,23,509120.3
16,22,19,387091.4,19,436503.5,18,409745.9,17,396786.2
16,28,36,661953.7,38,673542.1,38,666847.8,42,883710
16,33,4,98175,5,104584.6,3,66714.7,3,70715.5
16,34,17.5,429515.5,14.5,303295.4,12.5,277977.9,14,330005.7
16,35,3,73631.2,8,167335.4,11,244620.5,13,306433.8
16,36,29,678520.8,28,665103.3,28,623889.1,25,591316.7
16,37,1,23397.3,1,23753.7,1,22281.8,1,23652.7
16,39,45,1033147,42,903006.1,37,940991.2,42,1010903.3
16,40,132,2423294.7,134,2550095.3,130,2631991.4,126,2598541.5
16,41,485,8700313.9,446,8171656.7,450.5,8457466.5,435,8636080.7
16,44,88.5,1888197.5,79.5,1704800.2,83.5,1961613.4,70,1635137.5
16,45,11,247330.2,12,254275.9,11,246039.2,5,118046
16,54,102.5,2226790.9,98.5,2138159.9,95,2173830.8,84,1916693.1
16,61,396,8175638.9,402,8194512.1,395,8746317.3,369,8635363.8
16,62,4,90681.5,4,92721.2,4,89983.8,3,60483.7
16,64,4,91078.2,4,94584.6,4,94867,4,93717.8
16,65,5,113847.7,5,118230.8,,,,
16,67,2,50141.1,2,52388.4,4,101484,2,55157.8
16,68,2,50246.9,2,50715.7,,,2,53423.6
16,72,14,354749,14,308532.4,18,378367.2,10,207806.2
16,73,1076.5,17186031.8,1071.5,17089269,1208,19898577.7,1174,20236968.9
16,74,505,9527091.1,522,9504072.2,494.5,9480736.8,491.5,10105852.9
16,75,404,8569306.1,391,8351277,385.5,8469343.2,395,8822916.1
16,78,253,5516409.3,260,5848222.6,256.5,5903606.2,239.5,5689801.1
16,79,27,587285.1,23,478205.3,25,485079.4,28,737732
16,86,186.5,5028283.4,175.5,4876880.7,185,5273954.6,180,5197954.3
16,89,79,2271853.2,83,2432671.4,89,2617153.1,84,2389296.2
16,90,148,4158752.7,147,3924222.6,144,4042903.7,149,4339961.1
16,97,202,4376807.6,206.5,4771200.6,203,4942365.2,200,5075239.9
16,98,39,853194.1,37,807748.9,29.5,684219.3,24.5,637813.8
16,102,,,,,7,191017.4,,
16,103,4,111982.1,4,107642.2,,,4,122017.1
16,105,34,947372.8,33,877069.5,34,875385.5,29,815772.9
16,106,51,1207966.1,49,1164885.6,51,1284310.4,52,1533838.3
16,107,85,1971232.8,86,1918843.4,81,1994185.8,74,1974361.3
16,108,17,376954.6,18,405134.9,22,422553.4,20,511452.9
16,109,2,44347.6,2,45015,8,153655.8,6,153435.8
16,110,12,203498.9,12,193751.1,10,171347.9,12,206198.1
16,111,85,1441450.7,95,1533863.2,84,1439322.3,75,1288738
16,113,5,102828.5,4,99563.3,3,71277.4,2,51027.3
16,115,7,143959.9,8,199126.6,7,166313.9,7,178595.4
16,116,53,1069063.9,54,1053891.4,44.5,863142.3,42.5,912238.9
16,117,4,107795.2,4,85295.6,4,77585.8,3,64393.3
16,119,5,134744,4,85295.6,3,58189.4,3,64393.3
16,120,14,431819.4,13,386427,8,221848.2,10,276698
16,125,192,4449211,185,4357745.2,188.5,4723991.8,173.5,4410135.5
16,126,104,2454163.4,95.5,2339833.4,102,2660315.5,112.5,2790863.5
16,127,25,648457,33,930579.8,32,963845.6,26.5,808094.3
17,6,17,393725.6,18,432236.4,18,374134.5,18,459280.2
17,10,3,57908.4,2,38786,2,40355,2,42050.4
17,11,52,1003744.8,65.5,1270240.8,66.5,1341804.1,61,1282539.7
17,12,333,7121052.6,326,7174088.8,310,7151322,311,7322124.1
17,15,86,1994602.2,88.5,2063822.8,84.5,1962992.5,86.5,2082431
17,16,181,3809640.9,175.5,3745808.1,170,3784695.8,188.5,4458351.5
17,17,10,281824.9,10,279707,15,400631.1,10,295322.3
17,20,137,2993979.2,138,3102352.5,133.5,2923194,124.5,2971898.9
17,21,10,237596.2,6.5,160496.5,6.5,155911.3,7,154949.6
17,22,22,519019.7,20,439318.8,19,446998.5,16,355296
17,23,24,488957.5,21,482451.3,18,409745.9,21,490147.7
17,25,7,156776.3,6,139836.9,6,138868.2,8,204781.4
17,26,184.5,3969134.9,180.5,4065880,178,4091864.1,172.5,4267826.3
17,27,2,44793.2,2,46612.3,2,46289.4,2,51195.4
17,28,9,154131.7,11,194972.7,12.5,219357.9,18,378732.8
17,36,3,70191.8,1,23753.7,1,22281.8,2,47305.4
17,38,23,535489.7,24,533983.8,22,550813.1,20,534310.4
17,39,16,372514.5,15,333739.8,15.5,388072.8,13.5,360659.5
17,40,2,40094.6,2,38394.1,1,21420.7,1,19788.2
17,41,4,80189.2,5,95985.2,3,64262.2,,
17,53,126,2807110.1,117.5,2708535.5,121.5,2885346.5,119,3046848.6
17,54,3,65174.4,4,86828.8,4,91529.7,6,136906.6
17,60,245,5814648.2,250,5796197.9,228,5732030.1,227,5608657.6
17,61,899,19969832.6,891,20101056.7,898.5,20871809.5,864,20813193.1
17,62,47.5,1076843,47,1089474.2,60,1347965.8,60.5,1232093.7
17,64,242.5,4905684.9,244.5,4996545.6,247.5,5463756.7,236.5,5500768.4
17,65,224,4558758.6,233.5,4539498.5,216.5,4524346.9,213,4729386.6
17,70,165,3438734.4,163,3346366.3,161.5,3577492.2,172,4011823.5
17,71,78,1989862.6,80.5,2021235.9,71.5,1941693.8,63.5,1803580.4
17,72,537,10191145.3,522.5,9877698,526.5,10072264.8,537,10422524.8
17,73,2588.5,45156273.2,2547,45485641.9,2428.5,45183103.6,2321.5,45605534
17,74,2965.5,49499547.8,2958,49765635.6,2917,49651837.2,2976,53097225.1
17,75,82,1477756.7,76,1342950.9,72,1376668.1,58,1240068.9
17,76,4,108433,4,87807.8,2,56244.2,2,48654.8
17,77,7,189757.8,7,153663.7,7,196854.8,8,194619.2
17,78,178,4079730.4,161.5,3997796.6,160,3905849.8,173,4167295.2
17,79,169,3938716.2,196,4586039.5,187,4590151.7,174,4380653
17,89,82,2320989,102.5,2872553.5,101.5,2883684.1,106.5,3090664
17,90,182.5,4984150,178,4784379.3,172.5,4760499.8,172,4878378.6
17,92,9,226679.9,9.5,212252.6,9.5,237302.7,10,261798.5
17,93,67.5,1589406.4,73.5,1572910.3,73,1587261.1,77,1819834.3
17,97,3,64741.4,3,73429.8,1,23941.3,,
17,98,1,25761.6,1,24802.2,1,24952.1,1,26033.2
17,99,58,1494170.9,53.5,1326920,60,1497128.1,62,1582049.1
17,103,3,83986.6,3,80731.7,,,3,91512.8
17,106,17,402655.3,19,451690.3,21.5,541424.9,21.5,634183.2
17,111,2,33916.5,2,32291.9,2,34269.6,2,34366.3
17,113,3,61697.1,4,99563.3,4,95036.5,4,102054.5
17,116,5,134744,5,106619.5,4,77585.8,4,85857.8
17,118,5,134744,6,127943.4,2,38792.9,2,42928.9
17,119,3,80846.4,2,42647.8,7,135775.2,6,128786.6
17,121,4,123377,4,118900.6,3,83193.1,3,83009.4
17,122,4,123377,4,118900.6,5,138655.1,6,166018.8
17,123,2,61688.5,2,59450.3,2,55462,2,55339.6
17,125,13,319145.1,11,294931,15,405662.7,15,388893.9
17,126,8,207506.2,8,225595.2,8,240961.3,7,213459
17,127,11,285321.1,11,310193.3,11,331321.9,8,243953.1
18,5,,,3,60241.6,,,1.5,36833
18,12,11,209230.9,8.5,177920.3,10.5,221466.5,12,257405.2
18,13,2,38042,7,146522.6,6,126552.2,7,150153.1
18,14,1,18417.4,,,,,,
18,16,14,319891.3,17,397990.4,17,401494.9,17,467003.2
18,17,54.5,1209506.7,55.5,1259915.3,56,1334827.4,51,1249364.9
18,18,83,1705658,76,1638117,70.5,1527100.4,72,1615318.5
18,19,14,287241.4,16,333640.5,10,235027.2,16,375093.5
18,20,150,3164511.2,150,3085611.1,145,3111072.1,133,3024843.7
18,21,372,8011952,373.5,8179145.3,370.5,8099763.4,374.5,8588049.6
18,26,2,44793.2,2,46612.3,2,46289.4,2,51195.4
18,27,5,111983,5,116530.8,5,115723.5,5,127988.4
18,28,14,341707.4,12,272051.7,16,357475.6,16,366215.3
18,30,16,390522.7,13,294722.7,13,290449.1,18,411992.1
18,34,15,277116.6,15,310759.5,24,432119.6,22,580401.7
18,35,9,166270,9,186455.7,9,162044.8,9,237437.1
18,38,89.5,2127233.2,93,2210638.4,87,2097510.6,83,2075471.2
18,39,46,1084971.8,41,908837.5,39,820019.2,43,984441.1
18,44,,,,,3.5,83630.9,3,75492.2
18,45,3,65242.4,1,22039.4,,,,
18,48,1,24188.7,1,20679.2,1,22155.5,1,23180.7
18,49,59,1242602.9,63,1430939.7,49.5,1261256.9,56.5,1563671.8
18,50,341.5,6924455.8,338.5,6971409.7,355.5,8027846.2,362,8326748.4
18,61,312,6848413.6,317.5,6923640.6,326,7292647.4,319.5,7698240.7
18,65,103,2582265.2,102,2671810,111,2816181,105,2895781.9
18,69,,,,,,,3,80135.4
18,70,300,6303319.6,283,6130964.7,286.5,6307106.3,278,6236188.3
18,71,237.5,5012220.5,237,4940539.7,227.5,5031879.4,227,5182381.1
18,72,1691,31999932.5,1658,31629784.4,1572,30846986.2,1577.5,32024167.5
18,73,1708.5,30596133.6,1702.5,30866137.7,1669.5,31443374.7,1690,32905592.7
18,74,1749.5,31322335,1685.5,29210332.3,1633,30042410.2,1601.5,29627147.2
18,75,20,505074,21,473302.5,22,588151.8,20,544362.8
18,79,90.5,2009923.7,89.5,2070861,92.5,2179303.9,80.5,2118835.1
18,80,162,3948013.5,154,3718705,156,3923289.5,135,3665974.1
18,81,2,50948.5,2,51807.7,2,58633.8,2,60734.2
18,82,3,76422.8,2,51807.7,2,58633.8,,
18,85,4,117094.4,6,193199.2,7,219145.3,7,228719.2
18,92,233,5976651.1,239,6139035.3,236,6613908.8,222,6321933
18,93,34,919693.7,28,755387.7,27.5,728673.5,27,700910.5
18,94,120,3237610.8,115.5,3109554.2,113,3012179.8,104,2637986.1
18,97,546,11978903.4,533,12094832,512,11938273.6,503.5,12592594.7
18,99,6,154569.4,5,124011.2,7,174664.9,5,130166.1
18,100,5,139977.6,5,134552.8,5,136441,5,152521.4
18,101,78,1968281.8,71,1826806.5,71,1910566.5,76.5,2298211.4
18,102,166,3923546.9,176,4094867.2,171,4039482.7,161,4070957.5
18,106,69.5,1667703.6,80,1857297.6,92,2435574.9,84.5,2178216.6
18,109,30,665213.9,31,697732.3,26,499381.4,22,562598.1
18,110,28,632308.5,28,658570.7,25,543912.2,27,659042
18,111,66,1679467,70,1838138.4,57,1314012.7,62.5,1590382.6
18,112,2,41131.4,2,49781.6,2,47518.2,2,51027.3
18,113,3,61697.1,3,74672.4,3,71277.3,,
18,114,4,82262.8,4,99563.3,4,95036.5,4,102054.5
18,119,3,80846.4,3,63971.7,3,58189.4,3,64393.3
18,121,4,123377,7,208076.1,2,55462,2,55339.6
18,122,,,,,2,49672.4,1,25023.1
18,123,12,273670.1,11,260841.2,11,273198.2,11,275254.3
18,124,10,254959.8,11,262596.1,11,319635.8,10,254876
18,125,4,101983.9,7,167106.6,6,174346.8,9,229388.4
19,4,1.5,30048.9,1.5,30120.8,1.5,35643.4,2,49110.6
19,5,168.5,3312822.1,179.5,3620499.7,174.5,3696072.3,161,3422836.9
19,9,2,38605.6,1,19393,1,20177.5,,
19,10,,,,,,,1,21025.2
19,12,36,684755.5,34,711681.2,37.5,790951.8,38.5,825841.8
19,13,54,1322281.8,53,1336465.3,52.5,1309631.1,58.5,1453004.3
19,14,75,1532663.9,71,1562805.3,73,1746278.7,76,1966722.7
19,16,17,388439.5,20,468224,16,377877.6,16,439532.4
19,17,20,456987.6,21,491635.3,25,590433.7,23.5,645563.1
19,18,93,1905264.5,90,1925476.7,91,2076056.9,86,2233054.8
19,19,63,1292586.6,67.5,1407545.9,63.5,1492422.5,60.5,1418322.4
19,20,9,188540.2,9,195231.3,6,127338,8,188446.7
19,21,109.5,2281463.2,113,2409468.5,115,2531949.6,121,2847658.5
19,27,4,89586.4,4,93224.6,4,92578.7,4,102390.7
19,32,1,25266.1,1,25146.8,1,23553.5,1,21705.3
19,33,23,581120.7,23,578376.8,28,659498,25,542631.9
19,34,9.5,175507.3,8,165738.4,7,126034.9,11,290200.9
19,35,45.5,1042440.3,45,1031817.8,47,990672,43,971296.3
19,36,10,233972.6,11,261290.6,11,245099.3,11,260179.3
19,38,65.5,1366609.1,61,1282532.8,64,1449121.6,68,1621242.3
19,39,3,70759,3,66500.3,5,105130.7,4,91575.9
19,43,36.5,931044.3,36,948451.2,34,908133.5,28,771494.4
19,44,197.5,3994498.3,228,4755526.3,235.5,5116932,220.5,5108639.1
19,45,169.5,3615737.2,169.5,3669092.2,178,4019404.5,173.5,4061592.1
19,49,49,1185244.1,43,889205.3,45,996998.5,45,1043132.1
19,50,145,2974358.2,138,2827448.9,130,2807209.5,126,2839735.7
19,57,81.5,1851284.1,72.5,1690160.4,76.5,1861552.6,75.5,2020985.6
19,61,169.5,4287936.7,175,4121622.9,165,4249487.2,175.5,4967346
19,65,3,75211.6,2,52388.4,2,50742,2,55157.8
19,72,259.5,4246153,289,4676136.7,270,4561911.1,236.5,4393577.4
19,73,809.5,13372792.3,784.5,13277514.7,807.5,13991118.3,811.5,14955565.6
19,75,4,101014.8,4,90152.9,5,133670.9,5,136090.7
19,76,29,786139.5,29,636606.7,27,759297.1,25,608185.1
19,79,2,43723,3,69186.9,2,45272.1,2,52419.7
19,80,46,1171815.8,44,1139769.2,44,1289944.5,43,1305785.6
19,86,16,468377.5,13,418598.3,14,438290.6,10,326741.6
19,92,16,432796.9,24,647475.2,27,715425,22,571112.2
19,95,,,2,54936.3,,,,
19,96,1050.5,24833683.5,1055,25269787.3,1070.5,25895330.8,1049,26066272.7
19,97,1543,32886760.3,1510,32814124.1,1415,32233042.9,1327.5,31062816.7
19,98,2,51523.1,2,49604.5,4,99808.5,5,130166.1
19,99,7,180331,8,198417.9,4,99808.5,5,130166.1
19,101,69,1777259.8,73,1827859.9,82.5,1924647.8,77.5,1983515.6
19,102,21,545745.9,24,700269.5,28,790007.7,23,570662.4
19,104,9,250775.1,7,186045.1,6,154479.8,7,196910.7
19,109,34.5,709547.7,44,1013278.1,45,1117077.9,46,1186896
19,110,18,406484,17,385593.6,13,282834.3,14,341725.4
19,111,1,22582.4,1,22682,1,21756.5,1,24409
19,112,4,82262.8,4,99563.3,4,95036.5,4,102054.5
19,115,216.5,4398491.8,199.5,4352226.7,202.5,4649073.7,199.5,5258218.5
19,116,62,1361162.5,63,1206840.6,64,1334227.2,63,1435054
19,117,6,131725.4,6,114937.2,6,125083.8,7,159450.5
19,120,5,154221.2,5,148625.8,5,138655.1,5,138349
19,122,302,6155301.6,294,6044669.8,280,5818525.4,246,5403098.4
19,123,21,478922.8,29.5,699528.7,20.5,509142,29.5,738182.1
19,124,7,178471.8,5,119361.9,5,145289,4,101950.4
19,125,1,25496,1,23872.4,1,29057.8,1,25487.6
20,8,,,,,,,1,23422
20,9,108.5,2177190.6,105,2233740.3,120,2562529.7,112,2777050.4
20,10,158,3177021.5,146,2958265.2,142.5,3131085.6,136.5,3017531.2
20,11,2.5,47375.2,2.5,49512.6,1,21586.2,1,24087.3
20,12,176,3708484.9,166,3507973.2,155.5,3564359.2,176.5,4207650.9
20,15,10,245962.2,5,109978.1,13,289778.9,10.5,252625.1
20,16,,,,,2,45782.2,3,69981.8
20,18,28,680615.4,28,660465.9,26,627531.5,31,794566.6
20,22,88,1944350.8,99.5,2235511,100.5,2263893.9,95,2174866.1
20,23,42,947580.6,47,1130276.8,44.5,1126869.1,43.5,1172690.3
20,32,18,352836.7,23,571221.2,23,561747.1,23,661241.3
20,33,24,470448.9,24,522871.2,24,586170.9,27,667889.5
20,34,9,205760.8,12,254472.2,13,352312.5,14,319535.2
20,35,336,6703369.1,318,6381632.8,314.5,6366857.9,323,6977556.9
20,36,51,934152.4,48,932705.5,41,855761.3,40,900652.9
20,45,24,465236.1,28,540830.5,26,540737.6,24,531496.4
20,46,6,127306.3,6,128852,5,116489.1,5,120872.8
20,57,17,436321.1,23,568374.6,25,617749.8,24,584475.6
20,58,133,3239665.5,129,3086804.8,138,3306268.4,133.5,3130536.3
20,67,135,2864339.6,118,2558805.6,125,2884072.9,113.5,2728145.6
20,68,135,2966001.1,143.5,3215860.8,147.5,3300491.9,140,3361952.1
20,69,22,415287,20,409757.2,20,413196.2,25,491925.9
20,72,83,1482105.4,82.5,1496084.6,78,1399342.3,83.5,1414469.5
20,73,11,219555.4,6,108806.2,10,179402.8,10,191873.2
20,75,3,59878.8,3,54403.1,3,53820.9,3,57561.9
20,76,94,1873018,92,2000561.8,83,1861890.9,73,1690506.5
20,77,402,8514867.5,418,9161660.1,414,9559571.9,396.5,9637478.2
20,78,1,19809.6,1,22534,1,21252.2,1,24945.9
20,84,31.5,733244.6,30.5,679243.2,34.5,837354,37,870746.2
20,85,81.5,1882449.4,78,1780501.9,84,1951020.2,60,1442086.2
20,87,41,1127807.2,38,1023082.6,39,959423.5,43,1292166.8
20,95,6,141314.3,11,265056.4,8,207307.2,6,154824.9
20,96,1262.5,22652218.2,1233,22916116.8,1200,22985897.8,1154,22428345.6
20,97,516,10297141.3,426.5,9022885.1,393,8754105.6,371.5,8741607.4
20,103,3,75848.2,3,75007.6,2,53112.6,2,49825.8
20,104,8,197083.8,9,232302.6,8,194163,8,216142.7
20,106,67,1449757.7,63,1326815.2,71,1579703.6,72,1637089.4
20,107,77,1550778.3,80,1621384,69,1641693.7,77,1779795.4
20,109,2,58170.3,2,58452.6,2,51703.4,2,66319.8
20,112,13,354694.9,14,315796.6,14,308410.8,14,344891.2
20,115,74,1741037.7,77,1796829.9,74.5,1728583.7,68.5,1641293.1
20,116,44,952186.9,43,924203.1,48,1237176.2,48,1212400.8
20,117,5,108203.1,5,107465.5,5,128872.5,5,126291.7
20,119,4,117071.4,4,94133.9,4,118428.6,4,138547.8
20,120,2,64473.9,2,65813.7,2,61942.7,2,64118.7
20,122,187,3693223.6,189.5,3582487.5,164.5,3450904,157,3305359.4
20,123,24.5,789805.6,25,822670.9,24,743313.1,26,833543.7
20,124,5,127479.9,6,178351,5,138655.1,4,110679.2
21,7,224.5,4613187.6,234.5,4898645.6,204,4483885,218,5181124.9
21,8,74,1645376.7,76.5,1727463.3,79.5,1841312.4,72.5,1864465.6
21,10,32,606402.3,30,594151.6,25,539654.3,23.5,566051.1
21,11,6,113700.4,4,79220.2,4,86344.6,3,72261.9
21,12,10,206365,8,165618.2,10,232438.9,6.5,151954.6
21,15,37.5,922358.3,33,725855.9,29,698388.4,26,625548
21,16,84,1639387.3,90,1869327.8,84,1806961.9,80,1701754.1
21,17,53.5,1051672.5,41.5,876597.6,35,801188.5,43,1003072.6
21,18,69,1520476.1,72,1698340.7,68.5,1653304.3,70.5,1878941.5
21,21,,,3,62874.8,,,1,22710.9
21,24,12,272145.6,13,299209.2,12,305397.6,11,278294.6
21,34,7,160036.2,6,127236,6,162605.7,6,136943.7
21,35,7,160036.2,7,148442.1,9,243908.7,7,159767.6
21,36,12,219800.6,11,213745,11,229594.5,9,202646.9
21,38,12,283529.6,13,269718.8,21,523941.1,22,539705.7
21,40,16,346959.6,16,352500,12,284883.6,11,276436.8
21,45,500.5,9865529.2,498.5,9748808.5,485,9962162.7,476,10251780.3
21,46,588,11754925.5,579.5,11928600.5,558.5,12089751.6,532,12091459.5
21,67,21,452797.3,13,261708.5,24,497002.1,19,419856.6
21,68,296,6808667.8,286,6869566,288,7019219.4,295,7015776.7
21,69,13,245396.8,11,225366.4,15,309897.2,9,177093.3
21,72,277,5800967.2,258.5,5462062.8,249.5,5579718.9,236.5,5590236.5
21,76,3,57799.2,2,43490.5,11,246756.6,2,45001.3
21,77,251.5,5462047.8,250,5656145.2,239.5,5418092.6,255,6253684.1
21,80,12,320868.6,12,317795.1,11,279868.4,11,311708.5
21,86,4,87258.6,5,137419,4,112224.8,4,120201.6
21,87,75.5,1973224.7,72.5,1844054.6,69,1857395.3,68.5,2025369.9
21,89,94,2283551.3,100,2511495.8,89,2361855,78.5,2136602.3
21,91,5,132578.6,5,129651.8,4,116820.5,5,136089.4
21,92,7,165670,7,165158.9,9,226387.5,6,160120.7
21,93,141.5,3560222,151,3787962.5,159.5,3915061.5,155,4138915
21,105,1,24635.5,1,25811.4,1,24270.4,1,27017.8
21,106,17,418803,17,438793.8,17,412596.3,18,486321.2
21,109,15,436277.5,15,438394.7,14,361923.8,14,464238.6
21,112,7,190989.5,4,90227.6,4,88117.4,4,98540.4
21,114,2,52218,1,24549.8,3,71746.2,3,73237.5
21,117,8,173124.9,10,214930.9,10,257745.1,10,252583.5
21,118,3,87803.6,3,70600.4,4,118428.6,4,138547.8
21,119,4,117071.4,4,94133.9,4,118428.6,4,138547.8
21,122,8,257895.7,8,263254.7,8,247770.9,8,256474.9
22,2,6,145267.5,6,148430.8,6,151640.5,8,230220.2
22,3,2,48422.5,2,49476.9,,,,
22,4,70,1290237.7,69,1317516.6,70,1356763.2,66.5,1426123.6
22,5,68.5,1333503.1,63.5,1394265.8,63.5,1443747.6,52.5,1300702.4
22,9,4,97645.2,4,83293.2,4,86344.7,2,48174.6
22,10,11,194601.2,11,203595.8,4,78556.4,6,113365.2
22,12,9,221366,8,175965,6,133744.1,4,96238.1
22,14,2,37059.3,2,40527.1,2,42076,2,46753
22,15,8,148237.3,8,162108.3,7,147265.9,6,140258.9
22,16,2,43325,1,19657.9,1,24179.4,1,24792.8
22,17,46.5,1007306.9,52,1022212.4,46,1112250.4,39.5,979314
22,18,3,73969.1,1,25536.1,1,26851.1,1,24550.8
22,19,1,24656.4,1,25536.1,1,26851.1,1,24550.8
22,20,22,446222.3,26.5,608360,17,330142,33,696706.5
22,21,99,1696850.7,89,1606706.2,109,2116792.5,83,1652540.3
22,22,48,934048.9,49,1026954.7,41,977517.9,47,1067412.3
22,23,7,136215.5,7,146707.8,7,166893.3,6,136265.4
22,24,77,1597990.7,85,1840932.3,78,1671790.6,75,1704959
22,25,15,340182,15,345241.4,15,381747.1,12,303594.1
22,26,8,194271,9,215658.1,12,284766.2,9,215635.2
22,27,23,558529,23,551126.2,22,522071.3,20.5,491168.9
22,28,103,1989149.4,93.5,1834925,98.5,1998693.1,102.5,2159738.4
22,29,63,1225873.3,65,1408097.2,57,1252048.5,61,1464886.1
22,34,28,616218.9,30,669188.2,27,691323.3,27,677452.1
22,35,2,44015.6,2,44612.5,3,76813.7,3,75272.5
22,36,12,256427.3,12,252744.8,11,233183.3,9,200341
22,40,1,21685,1,22031.3,1,23740.3,2,50261.2
22,43,30,650549.2,24,528750.1,24,569767.2,20,502612.2
22,44,300,6359848.8,314.5,6985948.1,294,6991376,297.5,7260071.6
22,45,302.5,5333622.1,298.5,5491110.1,295.5,5598951.9,275,5458675.1
22,46,100,1944609.4,110,2229505.5,109,2238521.7,106,2492066.3
22,71,11,207643.5,10,204878.6,10,206598.1,10,196770.3
22,72,460.5,9719132.6,506,11017878.8,497,10975109.7,485.5,10950125.5
22,73,408.5,9096728.8,395,8766998.9,406.5,9102697.7,405,9965921.8
22,76,,,,,,,4,99783.6
22,77,165.5,3416559.7,168,3698285.5,164,3627983.4,158.5,3751505.1
22,78,521,9644818,547.5,10308686.4,538,10977584.4,542,11702158.6
22,80,101,2437313.3,97,2360950.7,94,2451087.2,98,2551282.5
22,82,13,329480.9,15.5,409332.7,14.5,368917.4,14,396719.9
22,85,7,152702.6,7,192386.5,3,84168.6,3,70601
22,87,12,261775.9,10,274838,10,280562.1,12,282404.1
22,89,1,26515.7,2,51860.7,4,116820.5,2,54435.7
22,92,4,94209.5,4,96384.1,5,129567,4,103216.6
22,93,12,282628.6,8,192768.3,11,285047.4,8,206433.1
22,94,4,94209.6,4,96384.2,4,96724.4,3,77412.4
22,100,184.5,4181783.6,183.5,4125621.5,170,4282889.2,164,4106187.7
22,104,4,98541.9,2,51622.8,2,48540.7,2,54035.7
22,105,3,73906.4,,,,,1,27017.8
22,107,5,123177.4,5,129057,6,145622.3,6,162107
22,108,14,407192.3,16,467620.9,14,361923.8,12,397918.7
22,109,69,1693212.8,74,1581424.7,71,1835470.5,66.5,1607278.5
22,115,11,300126.4,9,203012.1,7,154205.4,2,49270.2
22,116,1,29267.9,1,23533.5,1,29607.2,2,69273.9
22,117,17,497553.5,16,376535.4,12,355285.9,15,519554.2
22,120,5,161184.8,5,164534.2,5,154856.9,5,160296.8
22,121,2,64473.9,1,32906.8,1,30971.4,,
22,122,24.5,624658.7,22.5,608968,21,561371.2,24,583389.8
22,123,74,1649122.3,71,1610584.2,72,1741193.7,67.5,1821949.6
23,2,44,1065294.8,48,1187446.4,49,1273658.7,38,1093546.1
23,4,67,1217325.6,65,1255585.5,61,1371147.1,60,1405940.6
23,5,2,36338.1,3,57950.1,4,90615.2,5,122315.1
23,9,7,170879.1,8,166586.4,8,172689.4,9,216785.5
23,10,361,6582555.1,371.5,6666557.8,358.5,6740899.5,305,6166143.5
23,11,73,1509764.1,65,1334095,59,1286930.3,60.5,1386053.1
23,13,2,49192.4,2,43991.3,4,89162.8,,
23,15,87,1612080.3,79,1600819.6,89,1872380.7,92,2150635.9
23,16,7,151637.6,4,78631.8,4,96717.4,4,99171
23,17,11.5,249118.9,12,235895.2,9,217614.2,13,322305.9
23,18,11,271220.2,9,229824.6,9,241659.5,8,196406.8
23,19,20,493127.7,18,459649.1,18,483319.1,16,392813.4
23,20,7,141979.9,7,160698.9,4,77680.4,3,63336.9
23,23,5,97296.8,5,104791.3,5,119209.5,5,113554.5
23,24,2,45357.6,2,46032.2,2,50899.6,2,50599
23,25,24,544291.2,22,506353.9,17,432646.6,13,328893.6
23,26,139,2867191.2,130.5,2587051.4,123.5,2825874.3,128.5,3046260.7
23,27,46,873520.6,47,963193.7,49,1107546.4,43,1024433.8
23,28,3,58374.9,1,21663,3,65897.3,3,72043.6
23,34,1,22007.8,1,22306.3,3,76813.7,3,75272.5
23,37,35,747913,31,652924,27,572359,33,734583.9
23,38,40.5,956912.5,41.5,861025.3,47,1084963.1,51,1256069.5
23,42,5,108424.8,4,88125,3,71220.9,2,50261.2
23,50,165.5,3514254.3,160.5,3507057.2,159.5,4003628.6,150,3755448.3
23,51,74.5,1581615.1,61.5,1429103,64,1705494,69.5,1872140.5
23,52,109.5,2833809.7,110.5,2896036.7,103.5,2764795.5,104,2858519.7
23,53,175,3869746.8,169,3680270.9,170.5,4076758.3,166,4171835.8
23,73,306.5,6864581.2,314,7336067.9,291,7236691,297,7566866.2
23,77,5,99048.2,5,112670.2,1,21252.2,4,99783.6
23,78,25,405127.2,18,377358.1,24,565629.8,24,568175.2
23,81,7,187173.3,7,185380.5,6,168568.9,5,149847.7
23,82,20,506893.5,18,475354.2,16,407081.2,12,340045.7
23,83,66,1574051.2,68,1634289,69,1748376.9,68,1883150.1
23,85,2,43629.3,5,137419,4,112224.8,4,94134.7
23,94,102,2200775,103.5,2607972.7,97.5,2357659.2,96,2353920.3
23,98,8,182592.4,7,180130.5,2,54195.5,7,222398.5
23,99,55,1255322.4,53,1363845.3,51,1381985,45,1429704.4
23,100,159.5,3920437.6,181.5,4443846.7,187.5,4612694.5,170,4127978.8
23,101,13,328675.5,13,325032.7,14,371788,9,224216
23,103,4,101130.9,4,100010.1,4,106225.1,4,99651.5
23,108,1,29085.2,,,,,,
23,110,2,37074.4,2,41401,2,43797,,
23,111,298,6459125.3,298.5,6531689.6,286.5,6757097.3,262.5,6519298.8
23,112,18,491116,17,383467.4,21,462616.3,24,591242.1
23,117,2,58535.7,2,47066.9,3,88821.5,1,34636.9
23,118,4,117071.4,4,94133.9,4,118428.6,4,138547.8
23,119,2,58535.7,2,47066.9,2,59214.3,2,69273.9
23,122,60,1497033.1,68,1690039.4,61,1682318,57,1694932.6
23,123,211.5,4726495.7,215,4944276.1,237,5307972.9,222.5,5052187.9
24,4,72,1484068.3,74,1540321.3,75.5,1698176.4,73.5,1877551.9
24,5,12,276592.5,11,250973.4,8,185537.9,5,147276.9
24,7,2,46098.7,2,45631.5,2,46384.5,2,58910.8
24,8,22,546160.2,20,483632.5,26,566062.9,22,615916.3
24,10,402.5,8258691.9,394,8369750.4,367,8515902.9,380,9060506
24,15,2,42842.8,2,45815.4,2,48067.9,2,45794.4
24,16,20,381925.6,16,325428.8,18,400892.6,17,377098.9
24,17,9,171866.5,9,183053.6,8,178174.5,8,177458.3
24,18,1,19096.3,1,20339.3,3,66815.4,3,66546.9
24,19,2,38192.6,2,40678.6,3,66815.4,3,66546.9
24,22,23,494679.6,19,447780.6,20,508069.4,19,524316.9
24,23,21,451663.9,21,494915.5,18,457262.4,15,413934.4
24,24,59,1345235.5,60,1235159.4,46,1038505.7,53,1232220.5
24,33,22,436357.2,23,499712.8,26,603859.2,27.5,639686
24,34,167,3587328.9,153,3420701.8,145,3369376.5,164,3919249.8
24,40,104.5,2315445.7,110.5,2475624.5,114.5,2744460.1,126,2962817.9
24,41,265,6170720.4,260.5,6012068.4,248.5,6190900.3,234.5,6122147.3
24,46,1,26068.6,,,1,28350.6,1,28646.3
24,50,35,755580.2,39,831309.9,47,927908.2,51,1156462.9
24,52,3,68955.3,6,128911.9,5,134111.2,4,95920.7
24,53,6,137910.6,6,128911.9,12,321866.9,12,287762.1
24,58,16,496091.4,11,315421.2,9,280620.3,11,330162.1
24,59,81,2511462.7,83.5,2394333.7,83.5,2603532.9,65,1950957.8
24,65,239,5366850.4,228.5,4984047.1,210,4996658.7,206,5047079.3
24,66,1,25542.8,1,23197.6,,,3,70527.6
24,72,4,82012.2,,,3,68580.4,,
24,73,33,676600.3,31,561061.3,24,548643.4,34,747458.4
24,80,6,136020.3,9,228881.2,9,215943.7,8,214529.9
24,81,305.5,6727298,296,6984240.2,297.5,6853418.5,280,6919636.4
24,92,145.5,2945099.4,140,3104978.1,131,3178723.8,110.5,2928614.9
24,98,2,53447,2,51722.3,2,53919.6,2,55031.9
24,99,9,240511.6,10,258611.3,7,188718.5,8,220127.7
24,103,10,238060.9,12,283229.3,11,242563.8,14,325325.6
24,104,9,229912.9,9,210480.3,8,173469.8,5,105342.5
24,105,14.5,370415.3,14,327413.7,15,325255.9,16,337095.9
24,106,42,955678.1,49,1130109.7,46.5,1214219.3,47,1236605.1
24,108,2,58068.2,2,60406.1,2,61613.9,2,60347.3
24,111,36.5,897540.3,47,1041415.9,49,1051167.2,47,1212726.8
24,113,3,64865.9,3,67627.6,1,21230.1,3,66225.1
24,114,35,853012.3,40,1053415.5,34,992523,31,876082.8
24,117,8,189048.2,9,214491.6,7,167759.2,9,220679.4
24,121,28,710440.2,33,782771.6,30,853820.2,26,818710.3
24,125,2,42497.9,2,45513,1,21183.5,1,27845
25,5,4,92197.5,3,68447.3,3,69576.7,3,88366.2
25,7,2,46098.7,3,68447.3,2,46384.5,2,58910.8
25,10,131,2954663.5,123.5,2929052.6,114,2900882.9,109,2771300.4
25,11,37,812687.3,37,919936.4,42,1160505.2,40,977626.6
25,16,7,133673.9,7,142375,10,222718.1,10,221822.9
25,17,3,57288.8,2,40678.6,2,44543.6,3,66546.9
25,21,1,21507.8,1,23567.4,1,25403.5,,
25,22,4,86031.2,4,94269.6,5,127017.3,5,137978.2
25,23,19,408648.2,10,235674,12,304841.7,11,303551.9
25,25,19,426626.6,19,358443.4,18.5,359452.7,22.5,456673.7
25,28,21,510454.6,22,521820.2,21,533237.1,25,627421.4
25,29,8,194458.9,6,142314.6,6,157873.2,7,175678
25,33,24,476025.9,24,521439.5,23,544351.8,23,532361.5
25,34,39,976172.4,47.5,1093081.7,44,1055976.3,45,1012295.9
25,35,6,150180.4,3,69036.7,3,71998.4,1,22495.5
25,36,17,363499,20,485889.5,16,361264.3,22,553596
25,40,7,152156.7,7,157541,5,121357.9,5,116641.9
25,41,2,43473.3,2,45011.7,1,24271.6,1,23328.4
25,44,77,1689976,78.5,1761159.4,81.5,1998118.3,88.5,2160500.3
25,45,162.5,3961231.7,160,3945128.1,151,3927097.2,155,4098771.1
25,46,10,260685.9,10,256236.7,7,198454.4,8,229170.5
25,54,4,91940.4,5,107426.6,,,5,119900.9
25,56,5,138190.3,5,128280.2,4,106962.2,4,124407.1
25,65,89,2070029.6,85,1924448.5,96,2227192.5,98,2303903.3
25,75,376,7634695.9,396.5,8264003.8,388.5,8723542.4,369,8533883.5
25,76,35,620086.6,34,783943.8,27,630828,30,694495.2
25,77,28,496069.3,21,484200.6,20,467280,20,462996.8
25,78,210,4239610,192.5,4068999.6,190.5,4540381.9,190.5,5041108.7
25,79,60,1210912.5,59.5,1249516.7,57.5,1318340.2,64,1463334.1
25,81,544,10643327.9,532,10751347.6,531.5,11269190.5,511.5,11065800.8
25,83,7,220496.1,6,176817.2,11,314585.1,10,318467.1
25,87,4,97081.9,5,145572.5,5,150213.7,5,159684.8
25,91,9,203891.7,6,151364.4,6,153169.8,11,261670.5
25,92,456,10950246.8,444.5,10766469.8,449.5,10910159.1,447,11349201
25,98,4,106894.1,4,103444.5,4,107839.1,4,110063.9
25,100,114.5,3038453.7,129.5,3463656.1,118.5,3258753.6,111,3314934.5
25,101,8,212121,3,81938.3,2,56241,2,61177
25,103,,,2,47204.9,3,66153.8,3,69712.6
25,105,9,229913,8,187093.6,8,173469.7,10,210684.9
25,106,18,409576.3,22,550481.1,21,548357.1,25.5,670924
25,108,79,2158219,74,2235024.9,70.5,2171891.6,75,2237632.6
25,110,1,23571.8,1,21576.1,1,20226.6,2,51605.4
25,111,8,188574.2,9,194184.9,15,303398.4,15,387040.4
25,113,51.5,1085531.4,51,1135252.9,47,997813.6,39,860926.5
25,114,29,644249.9,30,717915.8,35,880012.7,37,941873.1
25,117,4,94524.1,4,95329.6,4,95862.4,4,98079.7
25,119,5,118155.1,5,119162,2,47931.2,2,49039.9
25,121,31,687445.7,24,655069.3,23,569518.7,28,783236.5
25,123,6,133054,3,81883.7,3,74285.1,3,83918.2
26,6,70,1338083.5,76.5,1555824.3,88,1799612.7,76,1552063.5
26,7,5,120660.8,4,91145.4,4,95626.2,4.5,114309.5
26,8,48.5,1054312.6,49.5,1018211.4,51,1157928.9,43,1037867.5
26,9,79,1503244.4,79,1628625.4,87.5,1870185.1,86,1931270.5
26,10,79.5,1524412.9,86.5,1748026.3,78,1596086.2,86,1822837.4
26,15,2,42842.8,2,45815.4,2,48067.9,2,45794.4
26,16,103,2102633.6,100,2110135.4,108,2340153.6,107,2505833
26,17,83.5,1479832.7,82.5,1536517.8,83,1643847.7,76,1650619.1
26,18,11,259271.6,14,327790.5,12,265500.4,12,278125.3
26,20,142,2908437.3,148,3248705.7,137.5,2832360.4,130.5,2998013.1
26,21,8,174887.8,8,185867.8,4,88228.6,4,100458.4
26,22,3,64523.4,3,70702.2,3,76210.4,2,55191.3
26,23,8,172062.4,7,164971.8,6,152420.8,9,248360.7
26,25,8,204781.6,8,193166.4,6,167686.8,4,114186.8
26,28,36,801215.9,35.5,776556,35.5,819778.8,44,1069281.6
26,29,172,3774945.6,164.5,3580252.9,152.5,3586843.1,148,3537432.3
26,30,14,340303,14,332067.4,17,447307.4,16,401549.6
26,33,2,39668.8,2,43453.3,2,47334.9,2,46292.3
26,34,10,206092,10,220524.9,10,210822.2,11,239430.7
26,40,1,21736.7,1,22505.9,1,24271.6,1,23328.4
26,44,197.5,5067617.8,185.5,4654369,185.5,4974030.4,185.5,5138577.8
26,46,233,4683740.8,231,4681474.7,231,5135218.7,237,5320758.9
26,47,407.5,8427217.5,400.5,8669260.1,380.5,8619666.3,337,7510917.7
26,71,322.5,7052907.4,316.5,7211091.6,321.5,7192936.7,335,7988592.7
26,72,118.5,2550102.3,128,2854632.9,125,2842910.4,116.5,2830509.2
26,74,17,385008,18,377372.3,20,428247.6,19,475682.2
26,75,180.5,4021349.6,186,4044046,175.5,3891787.9,176.5,4252229
26,77,27,599792.8,27,643178.2,24,552437.9,20,452146.7
26,78,83.5,1911109.9,78,1793218.1,77,1874341.9,93.5,2371361.4
26,79,38,631052.5,32,689691.8,33,733125.3,32,666281.2
26,83,41,1291477.3,40,1178781.7,36,1029551.2,37,1178328.3
26,85,34,825196.1,28.5,829763.3,28.5,856217.8,25,798424.1
26,86,47,1126798.6,49,1363365.3,52,1424005.7,52,1426775.7
26,95,73,1916973.1,74,1894487.3,69,1806391.5,75,2149261.1
26,96,4,106894.1,3,77583.4,1,26959.8,1,27516
26,97,2,53447,7,181027.9,7,188718.5,7,192611.8
26,98,72,1924093,69,1784418.3,65,1752385.8,59,1623442.1
26,100,26,618958.3,27.5,671816.1,28.5,788583.6,29,817131.7
26,101,7.5,178545.7,7.5,177018.3,7.5,165384.4,9.5,220756.7
26,104,44,947397.5,41,877694.9,40,734836.7,38,823981.9
26,105,27,581357.5,22.5,481661.9,21.5,457902.2,22.5,487884
26,108,115.5,3080830.8,119.5,3586268,123,3574900.5,115,3061486.3
26,110,3,70715.3,4,86304.4,4,80906.2,4,103210.8
26,112,2,43243.9,2,45085.1,2,42460.2,2,44150.1
26,115,2,43243.9,2,45085.1,4,84920.4,1,22075
26,117,86,1880746.3,89,2026358.6,85,2029493.4,82,1994453.5
26,121,3,65499.3,3,71279.6,3,71314.7,3,81064.1
26,123,65,1466760.3,67,1597886,69,1630379,65,1567934.4
26,124,17,361232.4,19.5,443751.5,21.5,455446.1,22.5,626511.6
27,6,59.5,1278199.1,57,1240385.5,55,1073286.1,60,1266381
27,7,7,168925.2,9,205076.9,9,215158.8,9,228619.1
27,10,110.5,2279047.8,128,2642938.5,117,2550366.5,114.5,2719053.8
27,11,6,133649.1,6,136397.4,6,133024.6,6,134968.5
27,15,42,899698.8,43,985031.3,43,1033460.3,37,847195.7
27,16,4,70890.2,4,74497.8,6,118832.4,5,108593.4
27,17,6,106335.3,6,111746.8,9,178248.6,10,217186.7
27,18,61,1437778.8,66,1545297.9,73,1615127.3,68,1576043.1
27,19,2,47140.3,2,46827.2,2,44250.1,2,46354.2
27,20,652.5,11903899.8,644,11585161.9,630,11958442.8,611,12170909.9
27,21,6,131165.9,7,162634.3,6,132342.8,6,150687.7
27,23,4,86031.2,4,94269.6,2,50806.9,2,55191.3
27,24,2,51195.4,2,48291.6,2,55895.6,2,57093.4
27,25,40,1023908.3,37,893394.4,32.5,908303.1,40,1141867.5
27,26,33,806820.1,35,784612.3,32,782501.7,35,850168
27,30,2,48614.7,1,23719.1,1,26312.2,1,25096.9
27,34,68.5,1411729.9,59.5,1312123.2,69,1454673,65,1414817.9
27,35,2,41218.4,2,44105,1,21082.2,1,21766.4
27,36,7,149676.1,6,145766.9,5,112895.1,5,125817.3
27,37,165,3713948.7,176,3738695,171.5,4026456.6,165,4134690.9
27,38,148.5,3374889.6,141,3214221.3,135.5,3229234.1,118.5,3242773
27,39,143,3122237.3,137,2960749.5,135,3243704.9,128,3135440.2
27,43,10,217366.7,9,202552.8,9,218444.3,5,116642
27,46,44,1142961.2,42,1109415.5,42,1096176,40,982167.4
27,55,60,1392442,64,1401782.7,50,1281135.8,54,1357663.5
27,56,63,1741197.4,60,1539362.6,80,2139243.9,67,2083819
27,71,285,5872776.5,281.5,5906068.6,270,5611035.6,258.5,5724553.6
27,72,6,141322.9,6,139000.9,9,210171.6,7,184989.9
27,73,,,,,2,46704.8,2,52854.3
27,74,8,181180.3,9,188686.1,10,214123.8,9,225323.1
27,78,18,547828.8,19,535648,19,529119,20,521078.2
27,79,4,121739.7,3,84576,3,83545.1,3,78161.7
27,80,153.5,3135947.4,149,3035159.5,143,3200698.8,140.5,3059483.2
27,81,8,154343.1,9,178911.1,8,181022.7,8,179404.6
27,83,14,440992.3,13,383104.1,13,371782.4,9,286620.4
27,84,4,97081.9,3,87343.5,3,90128.2,3,95810.9
27,95,33,948177.5,34,972602.6,26,855693.8,24,687763.6
27,101,,,1,23602.4,1,22051.3,1,23237.5
27,103,,,1,23602.4,,,,
27,104,105,2573730.1,116,2589437.3,113,2692369.4,112,2922410.5
27,116,1,23631,2,47664.8,2,47931.2,2,49039.9
27,117,1,23631,3.5,83413.4,3.5,83879.6,4.5,110339.7
27,118,165.5,3455338.5,149,3094290.4,180.5,3891698.2,169,3767654.8
27,119,100,2423389.3,107.5,2590772.2,104,2424627.1,106.5,2520260.4
27,120,144.5,3188274.8,145,3488960,157.5,3874742.7,149,4085935.3
27,121,15,327496.2,15,356398.1,8,190172.5,6,162128.3
27,122,,,,,5,114076.9,5,119608.7
27,123,34,630800.3,23,449203.9,24.5,558976.7,24.5,586082.5
27,124,142,3051827.7,152,3302909.9,153.5,3639653.5,155,3627993.7
27,125,6,127493.8,7,159295.4,3,63550.6,2,55689.9
28,0,1,18961.4,1,20696.9,1,21343.2,1,21093
28,1,5,94806.9,5,103484.5,7,149402.4,7,147651.1
28,2,73,1652759.9,62,1502209.3,53.5,1289391.1,59.5,1516886
28,3,169,3429126.4,165,3578568.5,158,3528316.3,162,3946833.4
28,4,4,91588.3,,,,,,
28,5,168,4005858,161.5,3779388,172,3985892.6,177.5,4482758.8
28,6,120,2779314.6,119.5,2827243.4,111.5,2838420.5,102,2626877
28,14,3,63767.9,4,81217.7,4,85233.3,4,90944.8
28,15,43,914006,40,812176.7,38,809716.6,39,886711.6
28,17,3,55969.7,2,44861,,,,
28,20,65,1284738.3,58,1103176.2,58.5,1148356.3,55.5,1226583.8
28,21,33,781566.3,37,822214.7,44,958672,29,623626.5
28,22,4,79440.5,4,82831.1,4,84830.3,4,87338.5
28,23,19,377342.6,18,372739.8,19,402944,17,371188.8
28,24,12,257259,15,288051,14,272539.5,10,171426
28,25,38,814653.6,41,787339.4,35,681348.7,42,1029420
28,26,168,3554223.9,176.5,3649812.3,172.5,3669997.5,169.5,3830655.5
28,27,361.5,7799847.2,384.5,8341177.9,356.5,8143558.7,346.5,8334490.9
28,28,41,778498.6,32,675623.9,35,781283.4,33,699429.7
28,33,59,1225737,55.5,1219289.7,55,1174769.2,59,1254925.4
28,34,29,565433.8,35,737934.9,29,663583.7,27,685009
28,44,4,101926.8,4,99591.9,,,,
28,45,211.5,5215198,210,5294364.8,211.5,5424356.6,217,5847661.7
28,52,2,43176,2,42631.3,2,39485.5,2,45351.5
28,56,4,94191,4,99587.3,4,108743.3,,
28,57,11,259025.1,10,248968.3,10,271858.2,9,246715.5
28,67,,,,,,,2,52890.4
28,68,7,140375.7,6,128459.4,4,88407,4,100974.4
28,69,9,180483.1,9,192689.1,10,221017.3,10,252436.2
28,70,12,241303.5,15,294740.5,14,293404.2,15,348599.3
28,71,3,60325.9,3,58948.1,2,41914.9,2,46479.9
28,73,250.5,5376513.5,262,5552108.8,263,6102728.8,260,6260867.4
28,74,39,624091.4,45,824411.6,43.5,761713.4,42,914675.4
28,77,2,46741.1,2,51884.3,2,52594.2,2,50956.5
28,78,37,738025.1,38,723757.3,34,737851.8,38,959534.2
28,80,20,408945.7,18,358283.5,23,428426.6,17,349932.3
28,96,4,102013.5,4,106827.8,3,72714.1,3,82391.3
28,97,79,1877442.9,75,1852053.2,68.5,1719507.6,73,2010981.2
28,104,16.5,378131.2,17,445225.3,15,420136.6,15,426329.7
28,108,39,1041208.2,37.5,1023018.5,38.5,1195708.1,33.5,919666.6
28,111,230,5914633.1,239.5,6132786.7,237.5,6465011.9,237,6631511
28,112,1,30590.8,1,28171.8,1,29568.6,1,30972.6
28,117,8,213570.3,8,197448.7,4,104457.2,3,84562.3
28,118,52,1351259.3,62,1692655.4,62,1776311.1,54,1542754
28,119,49,1294142.5,46.5,1302321.2,57,1636480.4,55,1562094.7
28,123,1,21249,1,22756.5,1,21183.5,,
29,0,52,985992,58,1200419.9,59,1259248.8,49,1033557.8
29,1,6,113768.3,6,124181.4,6,128059.2,3,63279
29,3,235.5,5324457.8,230,5196594.3,219,5009311.4,213.5,5168721.7
29,4,262.5,5774761.5,268.5,6138907.3,272.5,6145852.9,266,6320439.4
29,5,29,664014.9,30,732556.4,22,463873.9,38,870230.2
29,9,23,498077.6,23,474769.8,24,546304.7,24,536428.3
29,10,2,44734.4,2,42297.8,2,43424,4,100288.4
29,17,35,652980,31,695345.4,29,597443,28,600473.1
29,18,18,388320.4,16,321811.1,17,388985.2,18,425656.8
29,19,53,1143387.8,57,1146451.9,43,983903.6,40,945904.2
29,20,59,1140716.1,53,1016867.6,55,1266044.2,56,1224543.4
29,21,2,47367.7,2,44444,2,43576,2,43008.7
29,22,41,814265.3,41,849018.8,35,659211.4,36,786046.6
29,24,11,235820.8,11,211237.4,11.5,223871.7,10.5,179997.3
29,25,44,846778.5,37,771145.8,39,680283.9,42,719989.1
29,26,67,1350246.3,60.5,1270178.2,58.5,1329673.6,65,1563668.8
29,31,76,1632163.2,91,1923256,100,2094750.3,95,2009621.3
29,39,23.5,510719.2,27.5,586436.6,27.5,649814,25.5,646953
29,40,313,7220712,318.5,7475833.8,308.5,7674520,296.5,7467548.7
29,41,8,186610.4,8,190665.7,9,231491.1,7,181762.2
29,44,209.5,5276040.2,219.5,5564207.1,211,5595976,215.5,6003089
29,45,45,1146676.5,46,1145307.1,47,1269227.6,44.5,1220206.2
29,47,43,968750.3,45,1051370.3,42,1117681.3,46,1203005.5
29,48,280,7059325.8,302.5,7546220.9,300.5,7711393.6,297.5,8153312.5
29,56,196,4533994.8,185.5,4564767.9,171.5,4406974.7,178.5,4944166.7
29,57,93,2177390,94,2326865.4,100,2666016.7,93,2535986.2
29,62,113.5,2799164.9,122.5,3114035,113.5,3010796.9,110,3044740.7
29,67,19,437547.1,20,557369.3,21,548901.9,23,608239.5
29,69,205.5,4142966.3,197.5,4175121.8,192,4210321.9,177,4380189.2
29,70,54,1305842.7,57,1365736.4,49.5,1208509.9,48,1312421.3
29,71,23,556003.3,31,637694.4,27,565851.1,27,552475.8
29,72,551.5,10408658.1,540,10262123.6,512,10287734.1,480.5,10194015.9
29,73,343,6493883.2,354.5,7044515.7,343,6965796.5,328.5,7203228.8
29,77,9.5,222020.1,9,233479.5,10,262971.2,9,229304.3
29,78,107,2461247.4,105.5,2494874.2,105,2361349.9,98.5,2487840.3
29,80,10,204472.8,10,199046.4,10,186272.4,7,144089.8
29,81,4,81789.1,3,59713.9,3,55881.7,2,41168.5
29,88,2,40458.5,2,42470.4,2,40363.8,2,47344.3
29,89,72,1456504.8,64,1359052.7,72,1453097.3,65.5,1550525.6
29,90,29,656984.5,27,681140,21,492983.6,19,451976.4
29,91,7,158582.5,7,176591.8,7,178698,7,166517.6
29,92,300.5,6206123.5,306.5,6208711.3,292,5951694.5,307.5,6488480.2
29,93,53,837500.6,44,715383.6,47,756090,9,218642.1
29,96,21,535570.6,14,373897.4,16,387808.5,14,384492.5
29,97,18,459060.5,16,427311.4,18,436284.7,21,576738.8
29,103,29,842084.8,29,873512.9,26,805281.6,31,863772.7
29,107,3,68751.1,2,52379.4,2,56018.2,2,56844
29,108,9,240278.8,8,218243.9,10,310573.6,8,219621.9
29,111,6,142169.4,7,172816,6,160882.4,4,115663
29,112,60.5,1749509.8,63.5,1593405.4,76,2042608,77,2103999.1
29,113,49.5,1514244.8,63,1774826.3,51,1507996.4,49,1517655.1
29,116,3,80088.9,3,74043.2,1,26114.3,1,28187.4
29,119,44,1174636.6,46,1135329.6,45,1175144,44,1240246.5
30,0,527,10732053.4,538,10964724.8,643,12905267.6,521,11251030.1
30,1,263.5,5744338.2,243,5575184.5,251.5,5795839.3,267,6457809.9
30,9,18,402609.6,15,317233.4,19,412528,14,351009.5
30,10,129,2356653.5,130.5,2337361.7,120.5,2360604.5,138.5,2916606.5
30,16,2,42423.8,2,42238.6,2,41953.3,2,40955
30,17,7,148483.3,6,126715.8,7,146836.5,8,163820
30,18,,,6,134583,2,41203,5,107227.3
30,20,59,893587.3,56,859995,52,906162,50,911380.2
30,21,74,1504479.5,79,1566376.5,86,1783428.2,91,2006308.2
30,22,21,347869.2,23,384734.9,15,338920.5,18,424448.1
30,23,9,149086.8,8,133820.8,8,180757.6,6,141482.7
30,24,2,34635.2,1,19348.9,3,58204.2,3,62760.6
30,26,104.5,2009026.5,102,2029566.2,112,2414723.4,103,2237384.3
30,27,99,2222205.9,93,2190486.3,98.5,2540563.1,90.5,2403457.7
30,40,174.5,4099037.4,161.5,4074370.3,156,4077479.7,163,4386817.2
30,41,6,150255.7,5,125752.1,2,53085,3,76723.1
30,46,9,256982.4,9,246465.3,8,234414.7,8,221805.7
30,47,35,999376.1,32,876321.1,40,1043098,32,887222.8
30,48,207.5,5337503.5,200,5352965.6,202,5684261.3,206,5905057.7
30,49,79,1984376.9,79,2028755,81.5,2214231.7,73,2066834.6
30,50,30,679017.4,30,653141.7,21,534984.4,22,668705.1
30,62,329.5,7121030.3,331,7204662,333,7495007.9,319,7492928.2
30,63,115.5,2146854.4,141,2606278.4,150,2928194,151,3051415.9
30,67,229,5069494.8,229,5272006.7,227,5569649.5,220.5,5776302.8
30,68,162,3706879.4,159.5,3625372.5,156,3713945.2,148.5,3625818.2
30,72,418.5,8792886.5,447.5,9453853.8,436,9349862.6,421,9431483.9
30,73,112,2520871.3,108,2427786.3,109,2634171.1,118,3042685
30,87,52.5,1291395.5,55.5,1247210.4,46.5,1165909.7,44,1192322.3
30,88,76,2023709.2,70.5,1705521.6,76.5,1792009.9,73.5,1923448.6
30,89,41.5,903651.7,40,769690.9,38,867638.7,34,928661.1
30,90,3,67963.9,2,50454.8,3,76584.9,3,71364.7
30,91,3.5,79291.2,4,100909.6,5,127641.4,2,47576.5
30,92,363.5,7673665.8,348,7542395.9,342.5,7341561.3,321,7429717
30,93,165,3084135.2,166.5,3140561.1,152.5,2950035.9,181,3385683.4
30,103,7,153533,8,192536,10,198494.3,7,167629.7
30,106,1,22917,1,26189.7,,,,
30,107,10,229170.4,13,340466.4,27,756245.9,26,738971.4
30,108,11,300515.3,18,467573.5,18,395956.7,18,372051.6
30,112,24.5,599220.9,24,637911.8,18.5,556763.3,17.5,551393.9
30,113,203,4755599.6,188,4475681.6,178,4477353,174.5,4437565.7
30,114,226,5030260.1,239,5581524.3,238,6171903.3,232.5,6257326.5
30,119,9,240266.6,9,222129.7,8,208914.5,8,225499.3
30,126,3,68950.7,4,98886.8,5,120614.4,5,138644
30,127,,,,,,,2,55457.6
31,0,1437,23248601.2,1382,22762272.4,1207.5,20988429.5,1273,22524672.5
31,1,310.5,6738756.7,293,6398696.3,290.5,6594579.4,297.5,6873753.9
31,5,2,47737.7,2,53291.7,2,57500.2,1,30211.8
31,9,2,44734.4,2,42297.8,2,43424,,
31,10,22,443977.4,18,335740.3,26,565827.3,21,410836.1
31,16,29,615145.4,29,612459.7,26,545392.8,31.5,645041.7
31,17,5,106059.6,7,147835.1,7,146836.5,6,122865
31,19,16,298505.1,10,224304.9,18,370826.7,19,407463.8
31,20,4,85065.8,4,82923.1,4,78113.5,4,89638.1
31,21,28,595460.8,26,538999.9,20,390567.7,22,493009.7
31,23,18,298173.6,22,476900.3,19,429299.3,19,448028.7
31,24,42,727338.5,36,696559.3,34.5,669348.7,32,669446.3
31,25,9,155858.3,9,174139.8,9,174612.8,8,167361.6
31,26,27,577046.7,24,492388.5,28,605754,24,589203.2
31,27,6,128232.6,11,225678,9,194706.6,4,98200.5
31,29,8,151902.2,8,168906,8,178579.1,6,127169
31,33,5,108663.7,5,106624.9,7,160175.4,7,177594.9
31,42,334.5,8074656,332,8002500.6,324.5,8115890.4,301,8099175.3
31,43,70,1591201.8,59,1353664.1,65.5,1652885.5,61.5,1708450.6
31,46,4,114214.4,4,109540.1,4,117207.3,3,83177.1
31,47,35,873468.4,35,802057.6,30,879054.8,32,840328.2
31,49,15,356172.2,15,351345.1,12,321242.6,10,279685
31,50,73,1734791.3,75,1738524.3,72,1834232.3,73,1909688
31,51,157,4213916,157.5,4083268.5,198.5,5173528.7,199.5,5653110.8
31,62,182.5,3864785,194.5,4065098.6,194.5,4150076.3,203,4566775.2
31,63,133,2756480,126.5,2610153.6,116,2462298,113.5,2390120.8
31,64,384.5,8392463.9,372.5,8321080.4,382,8640095.4,379.5,8889352.5
31,65,115.5,2979652.8,133,3329972.4,149,3671333.9,154,3857127.7
31,66,126,2509935.2,126,2471500.4,122,2632811.5,122,2604958.3
31,70,17,341846.7,20,392987.4,24,502978.7,25,580998.8
31,77,61,1332205.9,67.5,1601027,62.5,1596352,61.5,1566912.5
31,78,2,46741.1,2,51884.3,2,52594.2,2,50956.5
31,81,67,1704695.5,61,1565053.6,78,1818135,69,1563601.4
31,83,38,1071254.2,39.5,991482.5,39.5,909044.3,34.5,932385.1
31,84,10,245980.1,9,202250.4,8,200586.6,11,298080.6
31,87,1,24598,1,22472.3,1,25073.3,1,27098.2
31,92,4,84870.2,,,,,,
31,102,,,,,,,5,119735.5
31,103,262.5,5739370.6,292,6304708,272,5907357.4,267.5,6385390.1
31,107,39,820818.8,37,808306,37,832433.8,31,732087.1
31,108,16,437113.2,15,389644.6,12,263971.1,15,310043
31,113,17,415785.9,22,584752.5,18.5,556763.3,20.5,645918.5
31,114,5,121139.9,5,127961.6,4,121259.5,3,89283.2
31,119,2,53392.6,2,49362.2,2,52228.6,2,56374.8
31,127,318,7648876.5,317.5,8007720.6,323,8370647.9,310,8263162.4
32,6,21,381942.2,19,355812.8,20,463531.5,20,447625
32,7,1,18187.7,1,18727,1,23176.6,1,22381.2
32,13,27,407497.3,24,444498.8,21.5,353993,21.5,458472.6
32,14,8,165490.8,12,248269.7,10,204204.2,11,229260.7
32,15,3,62059,3,62067.4,4,81681.7,4,83367.5
32,19,5,97243.2,4,70665.7,4,76403.2,4,84356.8
32,23,2,43449.9,2,44279.1,2,42723.8,2,43346.4
32,27,77.5,1799266.7,80,1908298.5,76,1883441.1,76,1971104
32,28,307.5,6538014,292.5,6119840.1,292,6384359.1,291,6432357.1
32,29,58,1281408.8,60.5,1161209.3,64,1475023.5,66,1459814.3
32,32,45,1071303.7,42,927688.4,44,1088578.4,41.5,1082445.3
32,33,252,5967840.3,239,5826364.1,229,5928508.7,236.5,6374880.1
32,34,25,791742.7,25,755673.2,24,726472.9,22,645688.8
32,47,2,47463.5,2,54635.9,2,49847.4,2,54260.8
32,49,23,609095.5,23,636045.8,23,645909.6,19,590040.6
32,51,422,10957794.4,414.5,11225911.5,390.5,10884510.7,407,11913847.8
32,60,4,99520.1,4,105299.9,4,98149.4,3,79608.9
32,61,3,74640.1,2,52649.9,5,122686.8,11,291899.4
32,62,51.5,1151476.2,55.5,1217131.4,53.5,1116163.4,47.5,1058941.7
32,63,7,148151.5,5,114825.1,3,62588.6,4,89174
32,64,147.5,3493134.7,157.5,3644077.4,159,3794107,164,4014246.7
32,65,55,1254546.3,49,1106148.8,50,1271707.7,52,1259376.7
32,70,221,4756324.7,213,4885254.1,218,5163204.7,223.5,5530548.6
32,77,59,1456360,66,1554915.2,73.5,1902040.1,67.5,1819597.8
32,79,103,2363119.7,98,2102839,102.5,2489013.9,99,2599979.2
32,80,124.5,3057771.1,120,2765342.2,129.5,2987793.7,119.5,2818360.2
32,81,2,54021.8,2,48211.7,5,125976.5,6,141601.4
32,83,2,54021.8,2,48211.7,2,50390.6,,
32,84,6,136552,6,124743.5,6,141205,11,283410
32,89,4,94415.8,4,95114.8,4,98270.5,4,93594
32,93,46,1176136,50,1075600.3,49,1263788,43,1190819.7
32,98,2,46074,2,41918.4,2,50348.2,,
32,103,5,115185.1,5,104796,4,100696.5,4,103245.4
32,110,15,449336,14,366667.4,14,381158.2,21,581218.3
32,111,13,389424.6,14,366667.4,9,245030.2,18,498187.1
32,113,41,1015857.1,34,966751.9,34,944682.1,28,728507.8
32,114,62.5,1526943.7,69,1744427.8,68,1829477.1,75,1965940.9
32,124,6,194069.7,6,198283.5,5,186441.7,6,197536.8
32,127,19.5,630726.4,20.5,677468.7,25.5,950852.6,18,592610.4
33,1,88,1792296.9,87,1829638.9,93.5,2018778.6,83.5,1867079.7
33,2,7,189587.2,7,176887.9,7,205980.5,7,207927.5
33,3,2,54167.8,2,50539.4,1,29425.8,1,29703.9
33,6,15,272815.8,14,262177.9,14.5,336060.3,18.5,414053.1
33,13,56,1020909.4,57,1046911.3,47.5,896370.5,50.5,1106948.2
33,14,74,1487016.7,67,1348912.2,76,1589005.7,78.5,1750287.2
33,18,,,,,2,38201.6,2,42178.4
33,20,42,937574.5,43,949408.6,49,1131382.4,46,1123559.4
33,22,21,456224.1,20.5,453860.6,20,427238.4,19.5,422627.9
33,28,75,1366564.6,94,1731511.6,86,1590701.3,92,1929363.9
33,33,1,23806.7,3,66263.4,1,24740.4,1,26083
33,39,19,472976.2,20,494607.9,21,578702.2,23,619811
33,40,20,412755.8,10,209682.3,7,180899.3,4,107994.2
33,41,8,165102.3,6,125809.4,4,103371,4,107994.2
33,45,401,10527328.4,413,10637372.9,425,12063564.8,408,11621266.4
33,46,49,1162855.2,64,1748347.9,69.5,2023965.5,73.5,2287637
33,47,4,94927,4,109271.7,4,99694.9,4,108521.5
33,48,34,900401.9,34,940241.6,33,926739.8,36,1117971.6
33,49,286.5,8130265.7,272,7701158.9,268.5,8385543.8,250.5,7649625.1
33,59,5,102852.9,5,119147.3,5,139321.4,5,144056.7
33,60,502,11044009,491.5,11163805.5,496.5,11452373.1,515,12897874.3
33,61,318,6681700.5,313,6968282.7,309.5,7368853.1,330.5,8088755.1
33,62,82.5,1773298.7,86,1977777.5,88.5,2130421.3,95,2232789.6
33,65,15,342149.1,15,338616.9,12,305209.9,12,284869.7
33,67,82,1696396.8,82.5,1850792.1,78,1882259,72.5,1863788.5
33,68,270.5,5476318.2,278,5861048.9,273,6059124.6,273,6477618.1
33,69,4,78225.5,4,82982.3,4,87888.7,3,68934.3
33,70,2,43171.5,4,92819.2,4,94046.8,4,95048.6
33,77,4,101969,4,90606.9,4,102178.7,,
33,83,16,432174.7,19,458011.2,16,403125.1,16,377603.6
33,84,86,1903408.7,72,1496921.7,72,1598227.4,74,1906575.2
33,87,16,364138.7,15,311858.7,13,305944.2,10,257645.3
33,88,9,212435.5,12,285344.5,13,319379.2,13,304180.5
33,89,82,1935523.1,72,1712067.1,70,1719734,91.5,2140962.4
33,93,15,383522.5,13,279656.1,7,180541.2,13,360015.3
33,95,331,7043752.7,317,7122004.8,318,7317821.2,311.5,7825220.7
33,96,128.5,2538052.2,136.5,2840028,131.5,2676690,138,2909099.1
33,99,18,414666.2,18,377265.7,21,528656.4,17,438792.8
33,109,4,119822.9,8,209524.2,4,108902.3,4,110708.2
33,113,16,396432,13,369640.4,20,555695.4,20,520362.7
33,119,2,64347.8,2,62737,2,59754,2,63000.1
33,123,11,241602.3,8,215538.6,7,182401,6,164098.6
33,126,90.5,2586550.2,80,2453314.7,75.5,2441001.2,86,2818318
33,127,31,820095.8,31.5,793489.1,31.5,900185.3,34.5,1087926
34,2,,,,,1,20307.7,1,23059.4
34,4,8,145501.8,8,149815.9,6,139059.4,6,134287.4
34,6,3,54563.2,5,93635,3,69529.7,7,156668.7
34,7,3,54563.1,3,56181,3,69529.7,2,44762.4
34,9,50.5,794944.3,52.5,956421.7,51,989384.6,51.5,1097259.1
34,10,132,2481089.8,134,2526737.7,119,2421752.9,113,2310494.9
34,16,1,19448.6,1,17666.4,,,,
34,17,120,2310640.4,120,2119970.4,118.5,2263445.4,128,2699417.7
34,18,43,865096.9,46,889679.9,38,847738.7,34,776525.7
34,19,7,140829.8,7,135386,8,178471.3,7,159873
34,20,8,150045.5,11,221606.2,9,189501.3,6,141151.4
34,21,50,937784,40,805840.8,38,800116.5,39,917484
34,22,35.5,646058.8,34.5,721968.2,33.5,785266.8,31.5,742956.6
34,23,5,90994.2,6,125559.7,4,93763.2,2,47171.8
34,28,196,4386806.5,188,4267921.2,186,4412219,180.5,4534322.9
34,29,129.5,2753756.5,125,2773675.7,131,2813213.2,127,2988969.5
34,33,14,419928.9,14,406910.4,14,423775.8,13,381543.4
34,36,391,9394531,393.5,9655335.3,392.5,9841300.2,387.5,10185273.7
34,37,180.5,4522416.2,173.5,4226184.7,164,4195397.8,149.5,3922844.2
34,38,142,3376038.8,137,3408406.3,127,3325652.8,115,3160924.8
34,40,18,451219.7,17,407904.2,16.5,415335,16.5,431183.9
34,41,294.5,7632816.8,319.5,8159110.2,325,8782756.8,331,9668539.7
34,43,12,247653.5,14,293555.2,14,361798.5,14,377979.9
34,45,132,3414522.8,139,3526365.9,141,3590442.9,136.5,3763736.1
34,46,316,7900948.5,322,8114319.1,312.5,8206742.3,326,9467935.8
34,47,1,27946.6,,,,,,
34,56,17,355134.1,14,315988.2,15,367963.1,15,384618
34,57,429,10043952.6,437.5,10684060.5,431.5,10949950.9,414,11236420.3
34,58,138.5,2932093.6,151.5,3298305.4,168.5,3694686.7,178.5,4128023.6
34,60,60.5,1307914.1,58.5,1197529.7,54,1204685.4,53,1235323.4
34,61,8,199428.4,8,200980.8,7,191563.2,4,112447.8
34,62,128,2876232.7,132.5,3087008.9,133,3101992.3,124.5,3151993
34,64,137,3308157,133.5,3182940.9,129.5,3255124.3,132.5,3430862.1
34,65,99,2295735.3,96,2300830.6,95,2518705.7,103,2623378.6
34,70,4,86343.1,5,116023.9,2.5,58779.3,,
34,76,111,2389787.3,109,2279029.1,109,2436824.8,108.5,2625381.5
34,77,32,638610.2,25,520200.1,16,352624,19,445352.9
34,78,99.5,2018812.3,95.5,1882534.8,98,2035799.8,90,1926652.9
34,86,1,22909.2,2,42873.3,2,41259.1,2,46376.5
34,87,84,1950401,94,2098158.7,89,2105830.6,90,2179106.2
34,88,162.5,3417719.4,166,3781520.6,151,3305747,172,4171517.5
34,89,14,290736.3,14,320804.4,9,201502,8,190955.5
34,93,32,838254.5,28,610252.3,25,589592.4,24,592662.5
34,95,79,1891554.3,76,1814307.6,80.5,1989334.6,72.5,1945068.5
34,96,392.5,8636986.9,386,8967401.4,371.5,8589184.5,331.5,8144615.1
34,104,157,3646662.5,170,4018192.1,173,4242432,170.5,4022072.4
34,105,47,1129044.7,41,842905.2,46,982021.9,50,1228066.3
34,106,2,48044.5,2,41117.3,2,42696.6,2,49122.7
34,109,255,6498314.6,262,6925803.3,256,7112858.3,233,6191127.7
34,110,,,,,,,4,110708.2
34,113,182,4546652.2,176.5,4681856.1,169,4900312.9,166.5,4554102.1
34,114,30.5,803731.1,30.5,708938.1,31.5,702022.8,32.5,805689.1
34,118,4,128695.6,5,156842.5,4,119508,3,94500.2
34,119,62,1561993.4,56,1528788.8,61,1658390.5,57.5,1736359.7
34,125,4,129379.8,4,132189,2,74576.7,8,263382.4
34,126,148.5,3486338.3,147,3753881.5,139,3848496.5,128,3622110.3
34,127,130,3697374.7,135,3979775.9,136.5,4473072.5,132,4146938.3
35,2,103,1997987,111,2444532.3,93,1951600.2,89,2116739.4
35,4,5,90938.6,3,56181,3,69529.7,4,89525
35,5,2,36375.4,2,37454,2,46353.1,2,44762.5
35,15,,,,,5,82323.9,2,42648.6
35,16,6,116691.9,6,105998.5,5,95504,5,105446
35,17,1,19448.6,2,35332.8,3,57302.4,3,63267.6
35,18,116,2642444.6,102,2385171.5,99,2400557.7,97,2247661.5
35,25,37,751617.8,40,801928,38,701327.3,40,895110.4
35,26,24,499171.2,24,537314.4,28,647859.3,27,651102
35,29,66,1056823.1,57,1039299.2,58.5,1169916.1,53,1186615.1
35,30,29.5,769283.5,29.5,847081.6,21.5,543042.3,22,568316.7
35,31,105,2295695.5,92,2229916,93,2348973.8,89.5,2285322.1
35,32,58,1470192.7,58.5,1480887.6,60.5,1571884.8,63,1708129.1
35,33,92,1918614.9,91,1970075.1,84,2082727.9,83,2105032.2
35,34,9,285027.4,8,241815.4,4,121078.8,4,117398
35,36,338,6759151.7,338,7310364.1,332,7175605.5,304.5,7174172.5
35,37,357,8612741.7,340,7868705.6,313,7514379.2,318.5,8067681.8
35,38,113.5,2780642.3,114.5,2821633.9,99.5,2681716.5,105,2814533.8
35,41,179.5,4689734.4,190,4738675.2,184,4871440.4,186,4986071.8
35,43,63.5,1531057.8,57,1367748.9,58.5,1595118,63.5,1881552.6
35,44,221,5963091.4,218,5933989.9,214,5850585.2,289.5,8137282.9
35,46,26,726612.5,32,938083.8,25,692427,25,773353.9
35,55,1,26482.4,,,2,56166.1,,
35,56,,,,,1,24530.9,,
35,57,632,14149498,629,14188619.2,613.5,14406425.9,579,14681262.2
35,58,145,3572694.3,140,3325162.2,127,3517142.2,123.5,3424502.8
35,59,10,205705.8,10,238294.6,8,222914.2,8,230490.6
35,60,32,797713.6,36.5,916975.2,34.5,944132.6,29,815247
35,61,5.5,137107,5.5,138174.3,5,136830.8,5,140559.8
35,62,101,2444813.3,98.5,2274784.1,98.5,2369940.8,87,2094569.9
35,69,1,21585.8,1,23204.8,1,23511.7,,
35,70,,,2,46409.6,2,47023.4,,
35,72,,,2,49774.5,2,53275,2,50688.7
35,73,2,48707.2,2,49774.5,2,53275,1,25344.3
35,76,86,1716264.8,97.5,2028780.4,86.5,1906373.5,93,2179885.1
35,78,298.5,5607249.6,297.5,5739459.2,269.5,5287391.7,282,5718280.3
35,79,63,1129828.3,68.5,1251708.9,69,1226774.4,62.5,1203856.9
35,87,47.5,1088187.8,45.5,975367,44,907699.8,40,927530.7
35,89,2,41533.8,1,22914.6,4,89556.5,1,23869.4
35,93,116,2505271.9,112,2435531.5,108,2547039.5,107,2738364.1
35,94,9,227360.5,9,224013.7,9,242560.3,9,261837.5
35,96,147,3348472.9,148,3419975.1,150,3534793,132.5,3333229.6
35,104,63,1255560.6,56,1240162.5,61.5,1299372.2,50.5,1013921.9
35,107,19,456422.3,19,390614.6,17,362921.1,17,417542.5
35,110,5,149778.7,5,130952.7,4,108902.3,4,110708.2
35,114,30,733010.9,30,794804.1,30,955834.2,31,773100.9
35,115,16,390939.1,14,370908.6,10,318611.4,15,374081.1
35,116,5,160869.4,5,156842.5,7,209139,6,189000.4
35,119,9,289565,5,156842.5,6,179262,6,189000.4
35,122,87,1910853.7,83,2236212.4,78,2032468.6,72,1969183
35,123,278.5,6912061.4,319.5,8004036.9,324,8623983.7,309.5,8695512.6
35,124,1,32344.9,2,66094.5,,,,
35,125,2,64689.9,2,66094.5,2,74576.7,1,32922.8
35,126,56.5,1777391.8,56,1793109.7,54,1802710.3,52,1730872
35,127,246,6475396.8,247,6485702.4,259.5,7076200.5,244,6826253.1
36,2,24,523012.4,20,461694,22,432666.8,23,543917.3
36,11,32,723856.7,41,854044.7,42,851764.2,40,1084316.7
36,12,35.5,782881.6,34.5,842684.5,36,985773.7,33,871442.1
36,15,17,324029.7,16,323176.1,9,196106.3,11.5,255645.5
36,16,1,18723.7,1,20333.7,,,1,23391.6
36,17,9,168513.6,11,223670.6,11,222558.8,8,187133
36,20,3,54712.6,3,51918.7,9,242348.5,,
36,21,47.5,746155.9,49,848005.4,41,655174.7,41,763170
36,26,4,83195.2,4,89552.4,4,92551.3,4,96459.6
36,28,27,657886.9,25,588618.5,22,532912.6,22,554058.8
36,29,235,5089714.9,234.5,4982189.7,224.5,4843783.9,238,5756508.4
36,30,193.5,4527012.3,195.5,4621282.4,192.5,4773163.6,188.5,4683041
36,31,9,188466.3,9,197568.9,12,292227.1,12,285924.7
36,33,88.5,2082573.4,80.5,1867523.2,90,2194591.9,90,2263931
36,34,196.5,4344950.6,196,4420465.6,194,4606052.2,203,5178128.4
36,41,3,70115.1,3,70324.2,3,71448.8,3,75757.2
36,43,15,412628,13,365690.4,10,271220.8,14,431571.3
36,44,368.5,9246255.8,379.5,9889713.7,370,10211169.7,380,11034509.2
36,46,65,1948207.9,63,1693244.6,69,1903447.2,61,1729649.5
36,47,134.5,2503927.4,130.5,2498665.7,129,2607508.6,141,3037286.3
36,51,,,,,4,76048.6,,
36,54,222.5,5279993.5,236.5,5675984.5,258.5,6363942.2,276.5,7174878.8
36,55,910.5,21815041.8,901,21809036.6,879.5,22050486.1,869,22611122.1
36,56,375.5,9082873.7,369,9074126.5,336.5,8957441.7,344.5,9380637.4
36,58,52,1167175.3,52,1292793.9,45,1096511.1,48.5,1181204
36,59,420,10260653.9,415.5,9982627.7,432,10830738.1,441,11467619.4
36,60,134,2948468.1,132.5,3150616,125.5,3045866.8,128,3275637.5
36,76,22,691184,21,537390.7,24,700548.7,26,764982.7
36,78,374.5,8011577,381.5,8188030.6,394,8695611.8,369,8658582.2
36,79,71,1384873,77,1479419.8,68,1465916.8,72,1589373.7
36,93,6,141623.7,6,142672.2,6,147405.8,7,163789.5
36,94,,,3,71336.1,2,49135.3,,
36,107,14,317802.9,14,334458.8,18,422601,25,674313.1
36,115,43,1243152.5,44,1157026,41,1168286,41,1109904.2
36,116,93.5,2294968.6,93.5,2288385.8,101.5,2628913.8,97.5,2620497.1
36,119,119,3072717.7,115.5,3064275.5,110.5,2962557.3,112,2957752.9
36,122,83,2270058.7,88,2370283.1,86,2476345.4,75.5,2288361.1
36,123,212,5614498.1,191,5201352.6,195.5,5570363.6,191,5350970.6
36,124,3,88819.7,2,60211.4,2,59916.1,2,63186.5
36,125,15,444098.3,14,421479.5,12,359496.8,15,473898.8
36,126,93,2946565.5,81.5,2686341.6,88.5,2931084.6,92,3177814.2
36,127,115,3365841,115.5,3230528.7,143.5,4178434.3,141.5,4255182
37,0,114,2250929.1,111.5,2257905.9,108,2223778.9,126,2709043.3
37,1,10,205866.9,12,260876.5,13,266392.6,11,232647.4
37,5,75,1248206.6,70,1230044.3,60,1295891.3,57,1192115.1
37,12,21,463113,18,439661.4,17,465504.3,13,343295.4
37,13,3,66159,5,122128.2,,,6,158444
37,14,64.5,1229406.8,65.5,1323002.3,66,1438112.3,66.5,1478298.1
37,15,2,38121.1,2,40397,1,21789.6,1,22230
37,17,30,561711.8,30,610010.3,28,566513.3,25.5,596486.6
37,21,12,218850.4,11,190368.5,12,323131.3,10,186139
37,22,1,18237.5,1,17306.2,,,1,18613.9
37,28,24,584788.3,23.5,553301.3,19.5,472354.3,22.5,566651
37,29,256,5375111.7,251,5355952,233.5,5359358.8,225.5,5384290.4
37,30,51,1067975.5,48,1053700.8,40.5,986266.4,37,881601
37,31,,,5,109760.5,,,,
37,32,4,99268.9,6,145035.7,4,95713.7,4,102584.5
37,41,133.5,3012986.9,127,2885269.5,128.5,3055731.4,118,2991779.9
37,42,207,4334492.4,206,4932161.2,202,4829431.1,212,5196599.3
37,43,174,3667472.2,173,3713073.6,225,5031881.5,259,5668208.6
37,45,75.5,1897284.8,74,1963409.6,85,2333954.5,79,2435880.8
37,46,1103,28577064.9,1072.5,28531316.2,1161,31616433.8,1189,33540250.2
37,47,592,14452191.7,661,15747393.7,771.5,18256971.4,760,18522922.1
37,48,,,,,2,38024.3,,
37,49,2,36332.7,2,36515.1,2,38024.3,2,41148.1
37,51,7,127164.4,6,109545.4,5,95060.8,7.5,154305.4
37,52,1,23711.4,1,21913.1,1,21237.2,1,27101.7
37,53,3,71134.1,6,131478.4,6,127423.4,5,135508.6
37,54,537,12423518.5,512.5,11849379.4,503,12271442.2,493.5,12987373
37,55,147.5,3852304.6,143.5,3701126.2,146.5,3759857.3,143.5,3946985
37,57,189.5,4433127.5,197,4517493.2,193,4695088.2,180.5,4577518.3
37,58,312.5,7497358,322.5,7949767,324.5,8006424.1,318.5,8350942.1
37,75,12,292243.4,12,298646.9,13,346287.7,13,329476.2
37,76,59,1193694.8,57,1311617.2,60.5,1334201.5,52.5,1208940.9
37,78,,,,,9,232106.5,,
37,101,4,92148.1,4,83836.8,4,100696.5,4,103245.4
37,106,60,1362012.7,60,1433394.8,57.5,1349975.5,54.5,1470002.5
37,108,4,90139.2,4,90769.5,4,100547,4,98319.6
37,109,4,90139.2,4,90769.5,4,100547,4,98319.6
37,112,1,23372.5,1,21250.8,1,24054.1,1,25264
37,113,79.5,1789041.5,82.5,1716175.6,66,1587570,75,1894799
37,114,27,605679.7,23,606887.1,30,770810.6,34,835432.6
37,118,72,1714030.7,74,1786516.6,72.5,1795960.3,71,1984887.5
37,119,123.5,2867198.7,128,2920249,135,3099023.5,120,3194977.5
37,120,2,54700.2,2,53870.1,2,57589.4,2,60618.8
37,124,252.5,7321683.4,242,7056405.1,242.5,7046616.6,233.5,6902153.4
37,125,315,8116549.2,345.5,9590555.1,314,8485804.5,327,8865058
37,126,112,3424509.3,108.5,3154266.3,116.5,3730228.2,115,3626494.4
37,127,111,2972855.6,110,2987410.8,106.5,2975902.3,103.5,2653383
38,2,5,108960.9,6,138508.2,6,118000,4,94594.4
38,3,2,43584.4,2,46169.4,2,39333.3,4,94594.3
38,4,3,65928.9,6,139227.3,3,72733.5,5,117785
38,5,164,3555813.3,146,3431292.1,147,3654789,157,3768985.8
38,6,,,3,52716.2,3,64794.6,2,41828.6
38,10,37,742139.9,36,711877.8,33,712383.2,29,695711.3
38,12,8,161534.4,14,250139.6,5,101517.2,9,212276.3
38,13,3,60575.4,2,35734.2,2,40606.9,2,47172.5
38,14,90,1617145.1,86,1572609.9,89,1916575.8,87,1876566.7
38,21,54,1066427.5,64,1261519,57,1203395.7,53,1215740.5
38,22,,,,,1,26927.6,,
38,29,8,129137.2,8,156218.3,8,161218.1,7,151583.9
38,30,78.5,1529907.1,79.5,1600733.2,82.5,1613638.2,77.5,1766726
38,31,80.5,1793381.9,78,1741985,78.5,1823024.2,79.5,1826778.9
38,32,104,2524919.7,99,2500651.2,99,2475250.9,109,2892933.4
38,33,147.5,3188348.8,153.5,3408114.6,142,3396606.6,144,3312767.9
38,34,91.5,2378518.7,101,2497164.8,100,2732552.8,92.5,2755171.8
38,36,40,810739,33,687639,37.5,820477.8,39.5,916613.8
38,37,8,162147.8,8,166700.3,6,131276.5,4,92821.6
38,39,331.5,8905874.7,347,9138856,349.5,9530264.4,334.5,9582245
38,40,333.5,8794109.4,351.5,9443936.3,381.5,10475984.4,373,10458845.9
38,42,187,3766367.1,178.5,3687298.5,152.5,3456455,163.5,3867358.3
38,43,825.5,17648060.6,800,17022861.7,805.5,17956613.9,837,19275659.4
38,44,334,8549943.8,351.5,9015709.4,350,9145912,330.5,8914602.6
38,45,642,14964663.5,707,16742517.5,713.5,17676805.3,792,20695165.3
38,46,853,20001112.5,1008,24021239.7,1158,28142711.6,1126,29142883.9
38,47,1514,34645690.3,1498,34828386.2,1501.5,36647491.8,1454,36619848.3
38,48,2022,37562905.7,1973,36931513.6,1948.5,37587340.7,1881.5,37486349
38,49,3836,52448113.6,3552.5,49299335.1,3416,49015890,3280,49382934.7
38,50,11,199829.7,6,109545.4,9,171109.4,8,164592.5
38,51,21,381493.1,20,365151.3,19,361230.9,15,308610.9
38,52,618,13967135.2,660.5,14744370.1,634,14776371.5,637,14940070.3
38,53,433.5,9733466.9,441.5,10158935.2,416.5,9823811.7,410,10221902.1
38,54,25,592784.4,18,394435.2,23.5,499074.8,28.5,772399.1
38,56,146.5,3896675.5,146.5,3942061.8,134,3608759.5,138,3852130.4
38,57,121.5,3035582.8,119.5,3024643.1,110.5,2766396.9,104.5,2745822.3
38,58,,,,,2,50729.8,2,58227.2
38,66,121,2407169.3,133.5,2901925.8,127.5,3020658.7,115.5,2769971.6
38,67,149,3327404.9,144,3173926.4,132,3083974.6,115.5,2797310
38,73,5,121768.1,4,99549,3,79912.5,3,76033
38,75,63,1305491.4,56,1235204.3,58,1432680,54,1481769.3
38,76,105,2290588.4,95,2105634.2,70,1635140.8,72,1793678
38,78,5,157087.3,4,102360.1,3,87568.6,2,58844.8
38,80,3.5,84335.3,5,113021.3,4.5,106152.9,3.5,86947.8
38,86,11,268005.4,10,227143.1,11.5,273164.5,9.5,218128.5
38,96,2,44496,2,51231.3,2,46466.6,2,46704.5
38,97,2,44496,2,51231.3,4,92933.3,5,116761.3
38,98,410.5,8327038,418.5,8630533.9,416.5,8389439.8,428,9286093
38,99,2,44496,2,51231.3,,,,
38,104,7,164084.5,9,227415.5,9,224608.8,8,220035.7
38,106,22,515694.1,20,505367.7,19,474174.3,22,605098.3
38,108,43,968996.7,44,998464.4,40,1005470.4,34.5,848006.7
38,109,275.5,6161884,300,6510647,308,7277478.2,297,7467668.6
38,118,9,211670.1,10,220990.3,9,212258.1,8,181730.2
38,119,12,282226.9,12,265188.4,9,212258,9,204446.5
38,122,1,25786.1,1,23291.1,1,23890.3,1,29612
38,123,50,1289306.2,45,1048101.3,49,1170625,47.5,1406571.3
38,124,,,2,44988.9,5,138244.6,5,144294
38,126,,,,,,,1,34524.1
38,127,7,203303.3,7,177313.2,5,162859.1,5,172620.5
39,5,6,131857.9,6,139227.3,6,145466.9,6,141341.9
39,9,20,401156.6,23,454810.8,17,366985.2,18.5,443815.8
39,12,20,403836,23,410943.8,22,446675.5,18,424552.6
39,21,18,355475.8,19,374513.5,22,464468.5,20,466638.2
39,23,2,36475.1,1,17306.2,1,26927.6,1,18613.9
39,29,22,355127.4,19,371018.5,24,483654.3,20,433096.8
39,30,30,607771.8,27,554767.2,21,461770.4,16,368799.6
39,31,55,1114248.3,53,1088987.5,53,1165420.4,46,1060298.7
39,32,13,296985.7,15,339719.7,12,287274.7,11,269331.7
39,33,92,2082737.2,94.5,2197608.4,99,2365181.7,107.5,2734835.2
39,34,58,1434583.5,52,1259081,47,1194331.7,53.5,1437928.1
39,35,139,3130911.4,139,3044797.8,133,3301506.4,123.5,3417547.8
39,36,58,1166754.6,60,1336135.6,55,1358209.3,60,1584673.8
39,37,56,1279890.5,49,1273297,55.5,1620386.2,55,1389667.2
39,38,1,19452.1,,,,,3,81671.2
39,39,27,525207.4,30,643078.3,37,852866.9,37,1007278.1
39,40,121.5,2891821.5,124.5,2994118,131.5,3274442.9,139,3757294.1
39,41,19,458402.2,20,511335,21,527882.1,9,247502.5
39,42,43,1205045.2,44,1232418.2,41,1121150.7,48,1315971.5
39,43,326,8404310.6,327,8555060.2,322,8815797.5,314.5,9089774.8
39,44,112,2460908,112,2301556.5,104.5,2437977.4,102.5,2467767.5
39,45,926.5,20844267.3,924.5,21172977,919,21637557.4,902.5,22059366.5
39,46,2382,50078367.5,2404,52159292.2,2410.5,52108160.9,2342,54111628.3
39,47,3350,72645505,3371,73473863.9,3486.5,78101827.5,3310,77110206.2
39,48,3352,68376780.8,3369,68587228,3449,72742295.5,3312,72901426.1
39,49,5151.5,80154920.4,4866,78021467.8,5160.5,83377885.8,5385,90648146.4
39,50,295,6606543.5,286.5,6345240.2,282,6793576.1,284,6943651.9
39,51,723,15468865.2,740,16267548.6,903.5,19116494.8,916,20527516.3
39,52,293.5,7000004.4,271.5,6635942.1,278.5,6705421.1,267.5,7002752.3
39,53,2,43592.2,2,45791.7,2,47464.2,1,26296.7
39,54,5,118556.9,3,65739.2,2,42474.5,2,54203.4
39,55,122.5,2810802.4,108.5,2590518.8,122,3225809.8,147,3937560.8
39,56,137,3173108.7,144,3382007.8,142.5,3447387.3,150,3897443.2
39,63,3,66465.4,3,73182.8,4,93887.7,4,107717.5
39,66,61.5,1333639,64,1317699.7,83.5,1837134.6,86.5,1865098.8
39,67,74,1488835.4,69,1490269.9,74,1555490.7,76.5,1698885.9
39,70,36.5,975257,32.5,805492.5,35.5,846079.2,35.5,984108.2
39,75,33,803669.4,37,920828.1,36,958950.5,31,785674.2
39,76,3,78456.5,3,78444.5,3,76147.6,3,79254.1
39,77,5,130760.9,5,130740.8,4,101530.2,8,211344.2
39,78,10,314174.5,10,255900.3,8,233516.2,9,264801.7
39,83,86,2058331.7,94,2050086.5,88.5,1981762.7,88.5,2223650.4
39,84,11,268005.5,9,204428.7,10,237534.5,10,229609
39,86,97,2363320.9,108,2453145.6,102,2422851.1,104,2387932.8
39,98,752,15496876.4,719.5,15197857.2,701.5,15002124.5,683.5,15935346.2
39,99,893,18201720.1,928,18913226.3,883,18323649.3,832.5,18569440.9
39,105,38,890744.5,38,960198.7,36,898435.5,35,898816.4
39,112,2,44865.2,2,52772.8,2,56989.6,1,25264
39,117,32,612508.1,31,638153.2,27,636774.2,26,590623.2
39,118,5,117594.5,5,110495.2,2,47168.5,2,45432.6
39,122,58,1627407.7,63,1727795.8,55.5,1886441.2,59.5,1945041
39,123,486,13016697.7,512.5,13758863.3,510,14170388.6,484.5,13727539
39,124,17,433597.4,25,562361.2,21,580627.2,19,548317.1
39,125,144,4014852.2,152,4194836.2,145.5,4023852,144.5,4103331.8
39,126,118,3342572.2,129,3691857.6,123,3799805.1,123,3679316.8
40,5,6,125768.4,6,124796,6,120862.8,6,128790.3
40,6,5,104807,5,103996.7,,,,
40,7,2,41922.8,2,41598.7,7,141006.6,7,150255.3
40,16,5,105306,6,143704.2,6,151629,7,199075.6
40,17,38,800326.2,37,886176.4,35,884503,35,995378
40,21,2,44299.3,2,44327.7,2,48927.1,2,45622.1
40,22,4,88598.7,4,88655.3,4,97854.1,4,91244.1
40,29,9,236289.5,14,377033.1,13,324200.8,13,355930.9
40,30,68,1442648.5,62,1430848.4,47.5,1144479.2,50.5,1278361.9
40,35,135,3205691.2,132,3009161,139.5,3346441.6,134.5,3454391.7
40,40,52,1369622.5,56,1569544.8,51.5,1515962,50.5,1559501.9
40,41,6,165420.2,6,142199.6,6,168424.9,8,259402.6
40,43,1079.5,24759385.8,1187.5,27299118.4,1260.5,29987229.9,1265,31749150
40,44,662,14714250.8,651.5,15031918.1,681.5,16143909.9,652.5,16704560.5
40,45,2048,45845813.5,2038,46134801.5,2027.5,47002661.9,1975.5,47824362.6
40,46,3347,64639229.7,3311.5,64822611.6,3210,65155807.8,3198,67583899
40,47,5153,110482380.7,5030.5,109879973,5091,116609580.1,4920.5,117071651.1
40,48,5371.5,96606402.3,5291,96505717.3,5176.5,97195859.4,5078,98488640.2
40,49,3092,59038981.6,3027,58819023.9,3019,60630801.3,2951.5,60911858
40,50,1182,25037971.5,1168.5,24491476.4,1149,24743734.6,1111.5,24571824.7
40,51,137,3332538,138,3479272.2,140,3454469.5,130.5,3297718.1
40,53,25,544788.6,22,636091.6,18,536743.8,18.5,574910
40,54,284,6682556.9,290,6979255.1,283,7206872.7,285,7556972.1
40,62,2,42554,2,43377.9,2,47848.3,2,51300.5
40,63,231,4978519.3,239,5099049.4,239.5,5650063.8,228.5,5749747.8
40,70,26,658673.1,24,585504.4,26,696334.6,23,707806.7
40,71,38,878372.3,27,558506.5,25,500615.4,29,619312.4
40,75,72,1514162.9,77,1655631.3,69.5,1521644.5,69,1657666.2
40,76,20,520186.4,19,536712.5,19,539375.9,15,436118.3
40,77,26,676242.2,26,734448.6,31,880034.3,29,843162.1
40,78,25,563718.1,25,576505.9,29,620542.6,25,594196
40,86,5,85750.1,4,96679.6,10,246275.3,12,307208.4
40,88,5,155178.5,4,132425,4,74877.1,4,133071.4
40,91,13,403464,14,463487.8,13,243350.5,10,332678.4
40,98,27,760045.8,26,665240.9,28,695934.8,29,767567.4
40,99,39,988687.9,39,948974.8,38,946204.2,39,1098894.3
40,105,57,1730309.8,52,1413271.8,53,1596422.7,58.5,1651823.5
40,112,39.5,998573.8,44.5,1148439.2,51.5,1418766.2,43,1241087.4
40,115,24,671430.1,23,744272.1,28,774701.1,24,747996
40,116,,,4,89551,,,,
40,117,3,60055.6,2,44775.5,2,32171.4,2,48742.2
40,118,19,453261.7,16.5,422492.3,27,700431.1,30,792591.5
40,119,120.5,2949401.2,125,3025650.6,118,2954549.2,124,3154502.4
40,122,10,232578.1,11,275851.2,10,286617.1,4.5,114604.8
40,124,2,61901.4,1,32253.8,1,29950.3,1,30459.5
40,125,13.5,417834.5,14,451553.4,18,539106.1,18,548271
40,126,104,3021393.6,99.5,2836399.4,97,2957681,101,2906710.3
41,3,37,750963.2,34,729797.6,28,628234.9,32.5,764663.8
41,4,3,62884.2,4,83197.4,8,161150.3,7,150255.3
41,6,,,1,20799.3,1,20143.8,1,21465
41,8,2,33293.3,2,31515.6,2,34078.9,2,33015.2
41,11,41,682512.5,45.5,716978.8,41,698617.6,44,726334.8
41,12,197,4199944.4,178,3811862.2,170,3679955.9,176,4249124.6
41,15,,,1,20002.1,1,18075.7,1,18337.9
41,16,109.5,2017583.2,98.5,1797864.2,97.5,1933958.6,95.5,2072304.8
41,17,71.5,1406419.7,57.5,1216064.9,61.5,1255829.1,54,1178032.2
41,20,18,398693.9,16,354621.4,15.5,379185,17.5,399193.2
41,21,4,88598.7,5,110819.2,4,97854.2,5,114055.2
41,23,13,287945.7,6,132983,6,146781.3,7,159677.3
41,24,33.5,747258.4,34.5,810000.6,35.5,855198.4,34,899104.2
41,30,8,206690.2,8,210791.2,6,169005.3,5,141784.2
41,31,32.5,839679,38.5,1014433.3,34.5,971781,38.5,1091737.9
41,32,53,1320436.5,53,1371441.1,58.5,1585267.3,57.5,1554115.1
41,34,6,171128.5,7,187081.6,6,195977.3,6,183314.1
41,35,65,1530726.8,57,1420050.9,54.5,1533394.1,51.5,1573445.8
41,36,143.5,3488201.3,128,3117194,142,3586528.4,134,3544716.8
41,37,88,2281835.8,102,2308851.6,98.5,2357244.6,91,2209149.6
41,38,174,4022994,159.5,3512189.9,161.5,3772015.7,151.5,4243467.9
41,39,45,874270.5,47,919637.1,52,1050022.9,50,1106378
41,40,412,9498901.1,408.5,9823301.4,408.5,10479123.3,417,10806228.7
41,41,328,8352121.3,330.5,8688105.8,331.5,9198884,311,8640346.1
41,43,481.5,12074094.7,528,13420163.8,552,14414806,531,14003144.2
41,44,1061,17717117,1151.5,19539734,1174,20990954.9,1176,21823512.9
41,45,3032.5,57759709.5,2954,57091140.6,2873.5,56374242.8,2768,56983011.3
41,46,5824,119020569,5701.5,116721189.1,5650.5,118430037.8,5377,115959429.2
41,47,5265.5,117142087.8,5208,116708357.4,5172,119659516.6,4857.5,114611849.3
41,48,4755,105393916.1,4975,110374207.2,4705,110791879.6,4722,113028374.1
41,49,3225.5,61683229.9,3196,62596213.7,3143.5,63038901.2,3102.5,64267032.2
41,50,667.5,14444241.6,644.5,14308600.2,683,15639273.1,747,17873892.7
41,51,36,850299.9,38,1032551.7,32,872218.1,32,872633
41,52,505.5,12438611.6,505,12464097.3,530.5,13239043.6,528.5,13749061.7
41,53,325,7979965.3,358.5,8574081.8,378.5,9506716.4,356.5,9259202
41,77,135,3052540.1,133,2877467.5,99.5,2333810.7,110,2469731
41,91,116.5,3173561.2,116,3220413,113,2981633.9,121,3315252.3
41,92,12,405801,11,265825.1,9,254096.1,3,85539
41,94,39,964342.7,42,1047763.4,44,1144090.9,37,953278
41,95,2,49453.5,3,74840.2,4,104008.3,6,154585.6
41,112,435,11597692.3,432,11904246.9,421,11911277.3,400,11392792.9
41,113,79.5,2056190.8,90.5,2306632.9,82,2272561.6,85.5,2495099.3
41,114,255,6276039.7,274.5,6748446.5,269,6651303.3,243.5,6420780.4
41,115,943,22594606.5,946,23007376,889.5,22433691,853,21716207
41,116,33,874614.9,34.5,925485.7,31.5,910837.8,28,682390.6
41,124,668,17989613.2,720,19543925.4,689.5,19352967.1,684.5,19227846.3
41,125,140,4113730,161.5,4676749.4,159.5,4616966.4,148,4312306.1
42,9,114,2594662.2,106.5,2418159.5,104.5,2666020,92,2441459.7
42,10,11,220077.8,11,224930.7,11,251239.8,11,250773.8
42,11,35,700247.5,34,695240.3,29,662359.5,33,752321.5
42,12,25,476951.2,27,540057.6,27,488044.1,31.5,577642.3
42,16,1,19079.3,1,20579.4,2,42065.7,3,68092.4
42,20,9,183351.3,9,220194.5,5,104639.5,5,104961.9
42,21,6,122234.1,,,7,146495.4,4,83969.5
42,22,17,324066.4,16,332198.1,16,338493.7,14,367286.3
42,23,56.5,1077044.4,54,1121168.6,53,1121260.7,48.5,1272384.9
42,24,106,2238407,108.5,2287636.7,119,2503043.4,112,2368545.6
42,26,15,334593.3,12,281739.5,10,240901,11.5,304108.8
42,31,54.5,1430864.4,52,1400408.6,57,1421495.9,54,1478482.2
42,32,53,1314564.9,51,1324201.7,53,1258324.4,62,1558550.9
42,34,4,99655.6,2,51752.5,2,54197.2,2,54056.2
42,36,4,112570.6,4,113077.5,5,145201.6,1,29190
42,37,19,534710.2,23,650195.7,19,551766.2,21,612991
42,38,372,8660133.6,406,9686639.7,423.5,10576228.3,421,10769640.5
42,39,2,49057.9,2,46828.9,2,50460.1,3,79534.7
42,40,20,397170,17,340769.2,17,384564,17.5,424141.6
42,41,100,2066365.3,116,2389224.6,113.5,2542534.5,103.5,2415752.1
42,42,333,7566207.1,334,7823671.8,361,8470070,391.5,9649514.7
42,43,1133.5,26810437.5,1099.5,26803124.6,1143,28174174.9,1219.5,31217252.5
42,44,3978,62284846.7,3987,62280859.9,3895,62387070.3,3855.5,64659252.1
42,45,2660.5,52403561.9,2601.5,51641701.3,2687,54371553.3,2599.5,53903013.8
42,46,2728,49440922.7,2716.5,49853672.4,2592.5,49520859,2668.5,52519920.4
42,47,4175.5,67629473.7,3940,64378876,3718.5,63283264.9,3248,59199870.3
42,48,5379,93271982.9,5466,94453856.1,5366,96070476.5,5099,93919666
42,49,286,6329382.9,303,6945891.6,283,6658981.2,256,6429579.3
42,50,154.5,3783302.5,146.5,3595599.3,146.5,3717748.9,143.5,3612329.7
42,51,823,19871641.9,867.5,20324446.6,853.5,21329898.3,824,21411239.9
42,52,279,7164823.9,304.5,7825695.7,335.5,8980302.4,356,9806525.2
42,53,2,48439.4,2,49173.5,2,52286.6,2,50021.1
42,57,4,85107.9,4,86755.7,4,95696.5,4,102600.9
42,63,2,42554,2,43377.9,2,47848.3,2,51300.5
42,74,134.5,3077313.3,134,3074712,126,3075522.8,118.5,3096001.6
42,75,122.5,2580549,114.5,2553395.7,110,2595460.6,107,2701472.5
42,77,,,,,,,3,73502.7
42,83,11,188650.4,2,48339.8,4,98510.1,3,76802.1
42,84,1,17150,1,24169.9,,,,
42,94,10,338167.5,10,241659.2,2,56465.8,3,85539
42,95,31,759858.6,31,749143.5,42,1185781.6,38,1083493.7
42,100,3,84449.5,4,102344.8,6,149128.9,6,158807.1
42,104,23,426881.1,22,405052,28,480057.2,22,417046.2
42,107,81.5,2037272.8,79,1878215.6,80,2053860.3,82,2224221.2
42,108,13,323013.4,11,242635.7,14,332001.6,13,349325.5
42,112,27,840500.2,28,957738.2,32.5,1034657.3,39.5,1216459.3
42,114,245.5,6303285.6,252.5,6681105.6,251.5,6902375.4,235,6773858.1
42,115,612,16250428.8,613.5,16716807.9,589,16596047.5,570.5,16218350.5
42,116,18,360333.8,19,425367.2,18,289542.4,15,365566.4
42,121,311,9092756.1,322,9107802.7,326,9525337.1,316,9027074.5
42,122,308.5,8184630.7,315,8495993.3,288.5,7791719.5,286,8008762.6
42,123,295.5,7748274.2,300.5,7746043,301,7842428.1,294.5,7878299.5
42,124,13,364085.2,15,403803.2,18,494553,20,513212.5
42,125,32,896209.7,37,996047.9,33,906680.4,32,821140.1
43,2,13.5,269115.8,14.5,304786.6,14.5,349006.8,14.5,342557.2
43,3,65.5,1262424.5,59.5,1195382.4,52.5,1263645.2,54.5,1283724.4
43,6,42,808961.6,43,890014.1,44,926264.7,47,1067752.1
43,7,4,77044,4,82792,4,84205.9,4,90872.5
43,9,43,975514.4,41,965181,36,955830,31,772557.4
43,16,117.5,2448409.8,135,2603255.8,130.5,2809162.8,131.5,2896384.3
43,17,60.5,1154300.1,50.5,1039259.7,46.5,978028.5,54,1225663.8
43,20,36,733405,36,880777.9,34,711549,33,692748.2
43,21,64,1574554.7,75,1691993.5,64,1578140.3,65.5,1632380.3
43,22,91,2080418.4,88,2180333,90,2357759.8,81,2221909.3
43,23,7,133439.1,4,83049.5,6,126935.2,6,157408.4
43,28,5,131272,5,134654.7,4,99754.1,2,54758.6
43,31,4,105017.6,4,107723.7,2,49877,,
43,32,85,1986708.6,85,1965361.3,81,2031723,88,2276667.4
43,33,2,49606.2,2,51929.5,2,47483.9,1,25137.9
43,34,9,224225.1,4,103505,4,108394.4,3,81084.3
43,35,10,249139,10,258762.4,17,460675.9,17,459477.5
43,36,29,816136.5,26,735003.8,33,958330.7,28,817321.3
43,40,446.5,10328079.2,479.5,11303699.4,473.5,11342320.4,505,12367968.2
43,41,629,14541276.6,646,15186096.7,835,19353165.4,892.5,21598959.7
43,42,493,11148243,580,13139252.7,638.5,15161250.2,674,16729630.7
43,43,609.5,14950220.5,644,16180331.3,648,17001037.5,642.5,17584450.6
43,44,1417.5,33805399.3,1386,33853828.1,1426,35895415.2,1385,36227024.7
43,45,1803.5,40859824.7,1785.5,40236217.2,1658.5,40112658.6,1547,39293614.7
43,46,2043.5,44765084.7,2089,47087565.3,1923.5,45179949.5,1858,45633215
43,47,2500.5,44742798.8,2419,43848030,2516.5,46652225.4,2399,45531165
43,48,2508,39699469,2460.5,40128998.5,2387.5,40650622.9,2364.5,42013112.6
43,49,920,20084897.3,944.5,20799351.6,920,20996057.3,883,21210449.8
43,50,1630,36379986.9,1565.5,35122424.9,1597.5,36542019.4,1560.5,37176251.1
43,51,220.5,4594006.1,200,4329155,213.5,4712056.6,209.5,5155605.6
43,68,6,152001.5,5,121980.1,6,160692.6,6,184645.2
43,69,5,126667.9,9,219564.2,13,348167.3,11,338516.2
43,74,264.5,5827961.7,269,5860952.5,235.5,5669170.2,230,5641543.6
43,75,44,1143872.8,38,1026342.9,37,1082686.2,45,1234966.5
43,76,16,360779.7,16,368963.8,9,217630.8,8,196007.2
43,77,56,1338729.4,61,1330961.1,68.5,1656411.9,67,1641559.4
43,90,17,527606.9,16,529700.2,16,299508.2,12,399214
43,98,3,84449.5,2,51172.4,2,49709.6,2,52935.7
43,104,33,750143.9,28,642947.4,33,676791.8,35.5,762664.7
43,105,3,55680.1,2,36822.9,5.5,94296.9,4,75826.6
43,107,,,,,3,77019.8,,
43,114,2,60469.2,2,63227,2,65591,2,60594.8
43,115,65,1965247.8,58,1833584.6,57,1869346,59.5,1802697.4
43,119,132,3662313.2,142,3846461.5,137,3634280.4,143.5,3826197.7
43,120,582.5,14404130.5,628.5,15671816.2,598.5,14849174.7,588.5,14844732.6
43,121,164,4852037.8,175,4982092.2,184,5487032.6,182,5282232
43,122,42.5,988457.2,39,978017.7,47,1347100.8,40.5,1031443
43,123,265.5,6036039.7,255.5,6296709.9,258,6534075.8,245.5,6233490.6
44,14,1,17774.4,1,18502.1,1,20752.1,,
44,16,12,265796,11,243802.1,15,366953.1,8,182488.3
44,20,483.5,9041164.2,457.5,9023234.7,446,8761543,410.5,8754874
44,21,166,3381537.3,143.5,2986881.6,144,3036835.3,156,3451136.9
44,22,123.5,2894858.9,122,2734226.9,112.5,2722137,114,2762879.4
44,32,32,660508.4,31,681602.5,33,737501.3,31,774166.6
44,33,102,2287944.5,97,2320880.7,89.5,2036915.9,93.5,2327526.3
44,34,58,1425958.1,55,1306508.7,58.5,1361910.9,57.5,1569355.8
44,35,421,9788167.2,432.5,10223008.2,400.5,9878167.1,419,11065463.6
44,37,151.5,3713266.8,145.5,3555426.2,145.5,3605183.7,142.5,3720905.5
44,38,391.5,9569242.9,382.5,9503445.4,368.5,9447711.5,355,9574899.6
44,39,35,851138.8,37,924354.5,37,1004415.7,35,986806.7
44,40,357.5,8508721.3,359,8616273.7,358,8758608.6,350.5,9020800.7
44,41,3,77613.1,12,274839,7.5,214856.6,13.5,359602.8
44,43,13,268627.5,15,300839.6,4,92798.2,8,170183
44,44,7.5,153526.5,7,163692.7,6,154535.8,10.5,242722.2
44,45,8,163761.6,9,210462,7,180291.7,8,184931.2
44,46,217.5,5410993.9,218,5363685.9,207.5,5249116.3,194,5338857.6
44,47,1034,23405528.5,1038,23967250.1,1036.5,24926838.9,1005.5,25224995.8
44,48,677,15767425.2,694.5,16214609.6,697,17046454.7,655,16459040.1
44,49,477.5,9919664.4,492,10311521.9,571,12035384.3,620.5,13579423.1
44,50,1933,31294174.5,1807,30366390.8,1738,29912565.8,1635,29166386.1
44,53,1,23907.1,,,1,23672.7,1,24694.9
44,54,5,129795,3,79111.2,3,76333.4,2,58513.6
44,58,159,3875086.1,154,3937453.5,164,4335128.1,151.5,4127763.1
44,70,34,871694.3,32,880739.4,34,933909.2,37,1050144
44,71,32,538086.3,33,676148.8,38,920492.4,36,919542.7
44,77,35,961877.8,28,839760.9,23,637506,17,505104.6
44,97,83,1469671.1,79,1463833,80,1763533.3,59,1231203.2
44,98,38,1194055.4,35,1041550.2,17,374413.9,30,1017739.8
44,113,4,123838.3,4,120354.2,4,133013.8,4,132548.2
44,114,6,185757.4,6,180531.3,4,133013.8,5,165685.3
44,115,152,4133955.8,173,4818579.2,171,4938302.9,170.5,5323421.1
44,116,49,1223605.7,62.5,1576898.6,66.5,1660048,63.5,1655415.4
44,120,362.5,9770234.8,375.5,10132493.2,350,9930014.4,342,10087014.8
44,121,2.5,79765.2,2.5,80509.9,1,32262.2,3,96903.9
44,123,570,14737902.1,654,17758351.5,660.5,18910688.8,660.5,19460995.2
44,124,4,103067.3,5,127332.5,4,102850.9,6,159206
44,125,3,77300.5,3,76399.5,,,,
45,7,48,843624.9,54,1015875,45,872289.6,43,931128.6
45,8,10,182419.2,9,160689.4,9,204054.9,6,124843.9
45,15,133,2589907.8,128.5,2538749.4,135,2781486.5,108,2354115.9
45,19,4,88598.7,4,88655.3,8,195708.4,1,22811
45,20,8,150140.5,8,161804.9,6,123308.4,6,138845.2
45,22,9,210961.4,8,179293.6,8,193574.2,11,266593.6
45,31,16,378992.6,13,320277.4,15,387990.7,13,333768.8
45,32,8,165127.1,8,175897.4,9,201136.7,9,224758
45,33,149,3475578.8,151.5,3694677.6,141.5,3586268.2,129.5,3536225.9
45,34,4,111171.2,4,114139.8,4,112481.6,4,115146.1
45,35,14,389099.3,12,342419.3,14,393685.7,12,345438.3
45,36,75.5,1717691.4,76,1735531.6,70,1704866.3,67.5,1776917.5
45,37,193,4759444.1,193,4850618.6,181,4860104.9,191,5487023.7
45,38,103,2286137.4,107.5,2304060.2,100,2295232.5,97.5,2339078.9
45,39,10,243182.6,11,274808.1,10,271463.7,11,310139.3
45,40,69,1785101.1,59.5,1362743.7,56,1494955.3,67,1706849
45,41,9,232839.3,9,206129.3,4,114590.3,7,186460.6
45,44,33.5,790486.1,33.5,783733.2,29,746922.8,30,743275.4
45,45,6,122821.2,5,116923.3,7,180291.7,8,184931.2
45,46,248,6018417,240.5,5923854.3,255.5,6431973,262,6926343.6
45,47,583,13617863.5,592,13709295.9,639.5,15034290.2,717.5,17228802.5
45,48,3,84180.7,3,90975.3,4,117772.8,5,121584.4
45,50,396,9991929.2,402,10482269.3,407,11046753.9,396.5,11031714.6
45,51,812,19392300.8,828.5,19974170.8,787,19215989.4,815,20749983.8
45,52,43.5,1039957.1,48,1139579.5,49.5,1171800.2,43,1061882.3
45,55,113,2857765,113,2941465.9,115,2816004.9,112,3104413.4
45,58,171,4227036.8,174.5,4094202.5,170,4242616.2,162,4117785.2
45,59,2,54463.4,4,96542.2,7,176195.9,6,153472.9
45,61,40,864348.4,43,908587.2,51,1125128.6,45.5,1044673.9
45,62,40,782148,39,841657.5,33,840662.3,28,704390.5
45,67,5,123101.7,5,106526.3,,,,
45,69,13,281172.2,15,326978.4,8,199454.7,7,174944.7
45,70,94,2251349,96,2424251.9,93,2472185.2,91.5,2410926.8
45,71,23,631542,29,804319.1,27,716412,30,798717.3
45,73,182,3882886.7,178.5,3990481.9,183,4339619.5,185.5,4346167.5
45,74,33,753829.3,35,723124.6,36,743559.1,28,645937.4
45,78,7,192375.5,7,209940.2,7,194023.6,7,207984.3
45,79,3,82446.7,3,89974.4,2,55435.3,2,59424.1
45,86,6,102900.2,4,96679.6,3,73882.6,,
45,89,41,759063.5,48,883272.9,36,664814,35.5,746094.4
45,90,92.5,1894543.3,84,1799329.4,93,1838923.9,105,2383062.4
45,97,42,852199.3,38,682009.3,38,836924.9,38,800021.2
45,102,67,1429558.8,65,1359953.2,54,1117214,55,1390989.2
45,106,17.5,424828.5,18.5,455134.9,17,450794.1,18,526445.5
45,112,8,247676.6,6,180531.4,8,266027.7,4,132548.3
45,115,4,123838.3,4,120354.2,4,133013.8,4,132548.2
45,116,105,2862780.5,122,3258824,119,3146809.3,117.5,3246108.6
45,119,,,1,25230.4,1,25112.5,1.5,39131.3
45,121,6,191436.4,7,225427.7,9,290359.8,9,290711.6
45,122,6,151255.4,5,135091.1,5,131392.7,5,138260.7
45,123,57,1436925.7,66,1783202.6,69,1813219.3,66,1825041.6
45,126,2,51533.7,2,50933,13,334265.4,9,238809
45,127,5,128834.1,2,50933,5,128563.6,6.5,172473.2
46,3,17,356343.9,17,353588.8,20,402875.9,22,472231.1
46,4,78,1467714.2,76.5,1467964,71.5,1444011.6,82,1817653.7
46,13,1,22021.8,3,58809.9,,,,
46,14,9,198196.1,9,176429.7,4,85804.6,6,137896.1
46,15,37,814806.1,33,646909.1,36,772240.8,36,827376.7
46,19,2,44299.3,2,44327.7,,,,
46,21,2,46880.3,2,44823.4,2,48393.5,,
46,22,5.5,128920.9,3.5,78440.9,2.5,60491.9,2.5,60589.5
46,30,32,717846.7,32,702036.4,35,858726.1,36,897125
46,31,93,2042878.3,103,2252486.7,97,2167160.2,105.5,2618754.2
46,32,37,811891.8,44,964607.6,40,1018967.2,33,882423.7
46,36,34,729194.7,28.5,669369.1,28.5,595622.3,28,615682.4
46,37,38,989504.8,37,976839.2,38,1025483.5,36,966380
46,38,46,828969.7,48,864113.8,41,755733,33,665794.8
46,39,205.5,5237596.5,229,5917060.9,225,5966876.3,223,6062266.8
46,40,723.5,18014195.5,718,17696759.4,697,17845480.3,676.5,18229965.3
46,41,530,12219687,534,12302894.8,508.5,12306757.3,515.5,12934753.6
46,42,31,640573.5,30,601679,27,626387.9,23,489276
46,43,194,4290761.5,203,4566267.8,217,5035731.1,232.5,5994993.2
46,44,175,4162151.7,167,4278076.9,153,4060878.8,152,4169403.5
46,47,425.5,10581586.2,417,10649850.7,416,11160498.5,397.5,11256638.7
46,48,171.5,4603479.8,169.5,4475182.5,179,4865513.3,155,4375275.1
46,49,96,2334847.6,96,2670368,99,2716837.5,90,2606889.3
46,50,21,566276.7,91,2129561.3,139.5,3118218.3,142.5,3453235.5
46,51,405,10046110.7,449,11411898.9,520.5,13460064.9,542.5,14611139.1
46,52,80,1745755.3,76,1794118.4,56,1387598.1,56,1480204.4
46,55,199,4754551.1,193,4583571.1,187.5,4578560.7,196.5,4990606.1
46,61,26,561826.4,26,549378.4,27,687814.6,28,704390.5
46,62,259,5758287.9,261,6107680.9,266,6378809.7,273.5,6735760.7
46,63,81,1753642.9,81,1839608.6,75.5,1755680.3,85,2098183.1
46,64,143,3269858.3,188,4146383.5,202.5,4789920.1,226.5,5651899.6
46,65,421,9159401.7,407,8920234.2,399.5,9161616.2,388.5,9567434
46,66,3.5,86171.2,4,85221,3,68757.8,3,74255
46,67,40,984813.9,35,745684.2,47,1077204.9,46,1138576.1
46,68,219.5,4867365.9,226,5216683.1,227,5311467.2,221.5,5633153.1
46,69,31.5,769917.6,34,771135,31,940657.4,28,873041.5
46,70,39,843516.6,35,762949.7,33,822750.6,35.5,887219.7
46,73,38,684549.9,35,644110.8,35,698111.9,36,800063.1
46,74,3,68869.8,2,44659.7,2,43537.3,4,85725.8
46,75,79.5,1825050.7,64.5,1440275.1,66.5,1366569.9,72.5,1570889.3
46,76,6,152866.4,11,276283,12,332611.9,8,237696.3
46,79,171,3347621.4,155.5,3191668,139.5,2955154,137.5,3132750.8
46,80,10,225307.1,10,222511.7,3,74272.1,2,52835.7
46,82,1,22530.7,1,22251.2,1,24757.4,1,26417.8
46,83,17,383022.1,19,422772.2,13,321845.7,17,449103.2
46,85,3,74746.7,3,72509.7,4,98510.1,4,102402.8
46,89,42,1110973.3,41.5,1021332.9,43.5,1127450.3,40.5,962393.3
46,90,16,296219.9,18,331227.3,19,350874,18,378301.3
46,93,1,33816.8,,,,,1,28513
46,102,12,256040.3,11,230146,11,227580.6,9,227616.4
46,106,123,3286491.3,114.5,2978762.8,99.5,2598485.7,119.5,3557296.5
46,111,10,248471.9,12,264693.5,10,237144,10,268711.9
46,116,140,3601936.9,157,3935776.8,152,3836074.9,152.5,3909151.3
46,117,16,397420.2,14,366054.5,21,561866.1,21,571812.4
46,119,7,174800.8,7,176612.7,7,175787.8,7,182612.9
46,120,3,78678.8,7,201464.4,7,199174.5,7,216648.5
46,122,4,104905.1,10,287806.2,7,199174.5,7,216648.5
46,123,167,4550699.4,170.5,4808329.9,168,4753975.7,157,4785888.4
47,4,8,138673.6,8,144079.6,10,213137.3,10,238397.4
47,6,3,52726.6,3,56437.5,3,58152.6,3,64962.5
47,7,1,17575.5,1,18812.5,1,19384.2,1,21654.2
47,9,83,1514079.5,82,1480449.6,96,2030347.9,95,1976695.7
47,12,4,88087.1,2,39206.6,2,42902.3,2,45965.4
47,21,2,46880.3,2,44823.4,2,48393.5,2,48471.6
47,30,53,1257087.8,53.5,1215284,59.5,1435279,47.5,1084602.6
47,31,24,568488.9,20,492734.5,21,543187,17,436466.9
47,34,16.5,360616,16,366865.9,21,482733,15,368740.8
47,35,62,1355041.7,59,1352818,58,1333262.5,52,1278301.6
47,36,24,417518.4,23.5,415645.8,22.5,470228.1,22.5,494744.8
47,38,215.5,5325135.7,214.5,5305475.6,217,5479241.4,236,6048124.8
47,39,31,748740.4,34,836859.6,31,747313.5,51.5,1227212.4
47,40,155.5,3876131.3,156.5,4068682.1,158.5,4213385.2,144,3758435
47,42,27,608523.3,24,499235.5,20,498548.5,24,642653.7
47,43,48.5,1323616.4,47,1315060.8,55,1468667.6,56,1368118.1
47,45,3,68230.6,5,126000.6,6,183841.7,7,225343.3
47,47,125,3435458.2,156,4228235.2,160,4275539.1,185,5126421.3
47,48,87,2366715.3,81,2283256.2,84.5,2524230.6,85.5,2640734.3
47,49,42,1038682.8,46,1203940.4,49,1375710.1,48,1537767.1
47,58,6,163390.1,6,144813.4,6,151025,4,102315.2
47,62,26,586192.7,26,597357.2,25,598320,20,509660
47,63,213,5045178.9,215,4994314.7,230.5,5619218,225.5,5816256
47,64,33,705441,37,752006.2,33,795464.2,34,867158.6
47,65,103,2253237.5,106,2300272.8,110,2403828.6,95,2453607.2
47,66,6,147722.1,6,127831.5,5,114596.3,5,123758.3
47,72,7,126101.3,7,128822.2,6,119676.4,2,44447.9
47,73,55,1035340.1,58,1141818.9,53,1136877.9,47,1101039
47,75,85,1649866.8,85,1786982.4,84,1760336,72.5,1806783.4
47,76,24,611465.5,23,577682.7,21,582070.8,21,623952.7
47,78,1,20206.5,2,39646.3,2,45637.3,2,44920.5
47,79,34,687022.3,52,1030804.9,45,1026840,39,875949.8
47,83,141,3176830.2,128,2848149.8,127,3144184.2,134.5,3381286.5
47,84,39,788908.4,46,1054147.3,39,878351.3,39,936322
47,85,42,1046453.6,45,1087645.6,48,1182121.8,45,1152031.4
47,94,6,202900.5,5,120829.6,5,141164.5,5,142565
47,97,4,125690,5,148792.9,5,110121.7,5,169623.3
47,106,92,2233384.1,88,2164966,91,2413074.3,89,2602980.5
47,110,,,,,2,47428.8,2,53742.4
47,111,63,1565372.8,76,1676391.9,73,1837029.1,79,2122824
47,117,44,1092905.7,48,1255044.1,49,1311020.8,50,1361458.3
47,123,3,78678.8,3,86341.9,3,85360.5,3,92849.4
47,127,708.5,17440206.7,714.5,18148459.4,736,18889082.8,744.5,19942216
48,1,4,88004.8,1,19437.9,3.5,83285.4,2.5,56701.6
48,2,,,2.5,48594.8,,,,
48,12,56,1235801.7,58,1226227.7,54,1257443,51.5,1283530.8
48,14,5,109473.5,9,154507.5,4,104235.1,4,102355.7
48,17,132,2614886.5,133,2718856.7,136,3397558.5,136.5,3516113.9
48,18,4,86854,3,60641.7,2,50228.5,2,51033.4
48,19,81.5,1769651.3,81.5,1647433.7,83,2084481.8,79.5,2028576.7
48,21,1,18116.8,1,20077.6,1,21827.6,1,22262.9
48,22,18,409917.6,20,495128.6,20,525093.7,23,667556.6
48,31,4,91290.9,4,82507.3,4,91018.4,4,108968.7
48,33,55,1112167.3,59,1239986.4,59,1240626.5,49,1253421.4
48,34,95,2086881.6,100,2214782.4,100.5,2151023.3,105.5,2505526.2
48,35,121,2632938.3,122,2706989,124,2847036.9,122,2829960.8
48,36,200.5,3889233.3,216.5,4442848.2,246,5297914.7,264.5,6068554.6
48,37,25.5,502023.9,26.5,568535.8,24.5,541035.4,22.5,516928.5
48,38,91,2059048.7,89.5,2085647.4,82,2009314.6,78.5,2069965.8
48,41,70,1428906.3,64,1388196.4,80,1801249.4,70,1775043.9
48,44,8,217410.2,5,136188.5,6,171260.9,7,210797.4
48,46,123,2998826.7,116,2907400.6,115,3031813.8,111.5,3034844.7
48,47,2,44618.2,2,45264.6,2,46781,2,51950.8
48,48,20,421909.6,19,426539.9,17,378671.3,17,392430.4
48,49,48,1012583.1,49.5,1111248.7,50.5,1124876.6,50,1154207
48,53,4,87310.7,4,89668.9,1,25741.4,1,25483.6
48,54,3,65483,2,44834.5,2,51482.8,2,50967.2
48,61,2,64438.2,2,58791.9,2,63756.4,2,66859.4
48,69,,,,,3,81647.1,3,95004.7
48,72,62,1242618.5,63,1287665.8,53.5,1179697.8,60,1390924.2
48,73,1681.5,32877054.7,1719.5,33982557.3,1667,33594022.8,1648.5,34846990.8
48,74,246.5,4474399.3,276,5182698.2,293,5475880.5,281.5,5570155.5
48,75,5,98855.6,3,58395.1,4,76873.5,4,81292
48,100,86,2666118.8,86,2448391.4,91,2691903.5,83,2533784.3
48,101,1,31001.4,1,28469.7,1,29581.4,,
48,114,54,1416888.3,51,1342644.9,60,1755416.3,55,1532780.9
48,115,42,914756.6,43,1023407.7,33,828805.4,43.5,1149006.1
48,118,17,462527.5,19,506333.4,18,523666.1,16,526245
48,121,3,83045.5,3,75018,3,93321.8,3,88185.5
48,123,61,1522872,57,1375481.9,51,1415287.7,53.5,1398728.6
48,124,27,811308.3,32,828776.6,34,997804.2,30,785467.3
48,126,4,111507.8,3,76748.1,,,,
48,127,25,696924,34,869811.8,24,656537.6,24,612060.9
49,2,3,66003.6,1,19437.9,,,,
49,6,34,767537.9,43,934037.2,45,1070749.4,43,1018889.9
49,9,1,21894.7,1,17167.5,1,26058.8,,
49,13,3,66203.7,3,63425.6,4,93143.9,4,99691.7
49,18,3,65140.5,3,60641.7,3,75342.7,3,76550.1
49,19,1,21713.5,2,40427.8,2,50228.5,1,25516.7
49,21,8,144934.6,7,140543.5,6,130965.3,3,66788.7
49,22,136,2681373.8,130.5,2711268.3,119,2674113.3,118,2803796.6
49,24,29,696495.1,28,649292.2,26,678423,22,662701.3
49,29,91,2018801.4,95,1964490,97,2106682,95,2386495.2
49,30,19,433631.6,19,391909.8,18,409582.8,17,463116.9
49,32,29,586844.3,28,581694,2,42055.1,2,51160.1
49,33,204,4583647,207,4541996,193.5,4313675.8,172.5,3838029.2
49,34,355.5,6845213.6,361.5,7255425.1,354,7159802.9,340,7460885.1
49,35,5,123009,8,186280.9,8,178546.3,3,75994.5
49,36,251,5135339.9,244.5,5240614.6,244,5512253.8,247.5,5536497.5
49,37,411.5,9811423.8,398,9844439.1,388,9598635.6,386,10303101.5
49,38,15,346827.5,16,377055.6,23.5,570901.7,24.5,626435
49,41,330.5,7707166.4,323.5,7769832.9,315.5,7752968.1,315,8290936.1
49,42,63,1524827.1,57,1502072.9,66,1676796.4,71.5,1980011.8
49,43,3,72610.8,3,79056.5,4,101624,4,110769.9
49,44,362,9125669.4,387,9838175.1,371.5,9544055.7,364.5,10064907.9
49,45,211,5524904.8,232.5,6135490,217,5781578.8,204,5599134.5
49,46,137,3045491.9,136,2960463,138,3399488.9,138,3390271.5
49,48,326,7511178.6,329.5,7672865.5,362,8815894.3,362,9483503.6
49,49,194,4639010.4,183,4410129.9,199,4905860,204.5,5201989.6
49,51,5,105477.4,5,112247.3,5,111373.9,5,115420.7
49,59,348.5,8583966.1,332.5,8091709.5,322,8266437.7,341.5,9003220.5
49,60,208.5,4951256.6,206.5,5057566,213,5376183.2,212,5749763.5
49,61,8,257752.6,10,293959.3,11,350660.3,11,367726.8
49,63,6,193314.5,6,176375.6,5,159391,4,133718.8
49,64,3,93050.3,1,28585.5,3,81647.1,2,63336.5
49,73,527,11159967.3,511,11471390.1,477.5,11012437.9,474,11381995.7
49,75,2,39542.2,2,38930.1,2,38436.8,1,20323
49,93,19,509515,24,702182.3,21,547373.7,20,561892.4
49,99,7,197975.5,3,81925.2,3,84216.2,3,85005.1
49,100,11,341015.2,11,313166.4,11,325394.9,10,305275.3
49,113,1,23105.6,,,1,27916.8,4,110523.5
49,114,246.5,5682072.4,259,6140494.8,252.5,6122829.1,251,6564469.4
49,116,17,385344.4,19,456197,20,509289.8,20,550462.2
49,117,256,5651400.4,263,6284152.1,246,6185777.8,241,6402568.1
49,118,94,2150849.8,102.5,2287398.7,106,2585649,104.5,2729945.6
49,124,8,240387.6,8,207194.2,11,322819,14,366551.4
50,2,1,22001.2,1,19437.9,1,23795.8,1,22680.6
50,5,3,67723.9,3,65165.4,3,71383.3,2,47390.2
50,6,97,1903558.1,92,1877152.6,86,1936264,87,1958558.7
50,11,2,43789.4,2,34335,2,52117.5,2,51177.9
50,13,43,941472.2,42,721035,34,885997.9,32,818845.9
50,22,17,307986.1,15.5,311203.5,17.5,381982.1,18.5,411863.5
50,23,3,54350.5,3,60232.9,3,65482.7,3,66788.7
50,24,15.5,353671.5,12.5,234414.4,15.5,344517.8,13,362047.6
50,25,4,91270.1,4,75012.5,1,22227,4,111399.3
50,29,178.5,4069863.6,183.5,4252577.8,192,4687450.8,173,4386601.8
50,30,22,463386.3,28,667466.3,27,737464.6,19,517601.3
50,32,140,3316935.6,148,3438576.3,129.5,3088618.2,123.5,3030137.1
50,33,327,7370988.3,309.5,7040670.4,316.5,7661268.1,303.5,7387691.9
50,35,10,266258.3,8,256887.1,7,173681.9,7,204399.8
50,36,6,147682.8,2,50055.1,5,125062.8,5.5,143741.4
50,37,2,49227.6,2,50055.1,2,50025.1,,
50,41,11,266239.7,11,289873.7,9,228654.1,9,249232.3
50,42,357.5,8430387.7,353,8217081.4,359.5,8969431.8,343.5,8878626.6
50,45,1,22309.1,2,45264.6,2,46781,,
50,46,18,394822.4,21,461098.9,28,610337.5,23,583812.7
50,47,5,109672.9,5,109785.5,4,87191,4,101532.6
50,53,21,458381.3,21,470762.1,21,540569.1,20,509671.7
50,54,7,175938,8,207436.8,9,227010.1,12,317456.4
50,55,14,351876,14,363014.4,16,403573.5,16,423275.2
50,56,61.5,1526359.7,64,1490584.7,62,1625763.3,62,1696679.6
50,58,157,3792023.8,179,4236862.1,172,4265259.8,171,4799925.6
50,59,270.5,6744972,272,6914405.4,281.5,7524167.7,283,7921193.6
50,60,2,64438.2,2,58791.9,3,95634.6,4,133718.8
50,66,2,62033.5,2,57171.1,2,54431.4,2,63336.5
50,72,10,249139,9,221307.9,9,248358.7,8,225858.9
50,73,412.5,10098140.7,415.5,9537596.7,407,10189775,421.5,10298372.3
50,75,50.5,1393138.8,42,1209212.4,45,1296184.6,43,1165476.6
50,84,3,70027.2,3,59516.8,3,81428.8,4,95070.9
50,93,16,429065.3,13,380348.8,17,387867.2,12,337135.5
50,99,44,1244417.7,49,1338111,43,1207099.1,45,1275075.9
50,107,,,3,68200.5,3,69871.7,3,78546.5
50,112,59.5,1374781.5,56.5,1421258.3,45,1256255.8,42.5,1174312
50,113,107,2490698.2,130.5,3098055.2,141.5,3444140.4,156.5,3787137.7
50,117,14,380905,12,319789.4,12,349110.8,11,361793.4
50,118,63,1494624.3,64,1555872.4,56.5,1558792.5,45.5,1313304.1
50,119,89.5,2125592.1,94,2125846.3,90,2249995.3,88,2354480.2
50,124,3,83630.9,2,51165.4,1,27355.7,1,25502.5
50,127,1,18893.6,,,1,18411.5,4,79078.9
51,7,67,1662354.2,59,1497310.9,52.5,1564780.6,51.5,1543855.2
51,13,5,109473.5,4,68670,2,52117.6,1,25588.9
51,23,36,792637.4,29,616714,31,809740.5,31,851935.8
51,24,16,365080.3,19,356309.8,17,377858.3,13,362047.6
51,25,,,,,3,66680.9,,
51,26,2,48034.1,2,46378,2,52186.4,2,60245.6
51,28,37,796204.4,39,821937.5,32,687957.7,34,732162.1
51,29,157,3768931.7,155,3745128.9,162,3984744.2,149.5,3990362.4
51,30,26,593390.6,28,577551.4,24.5,557487.7,19.5,450977.3
51,32,338.5,7512355.2,355,8148964.3,368,8846779.3,368,9218201.9
51,33,278,5698004.7,265,5332494.8,283.5,5983132.2,272.5,6150465
51,34,215.5,4806139.8,205.5,4752413.6,186,4452037.3,198.5,5238941.6
51,35,22,585768.3,20.5,658273.1,23.5,583074.9,21.5,627799.3
51,36,13,319979.4,7,175192.9,15,375188.3,17,444291.4
51,37,135,3187952.5,138.5,3333817.3,133,3210349.9,122.5,3096169.3
51,38,43,1024453.4,44.5,944926,40.5,1028699.4,44.5,1091300.5
51,42,10,234369.9,9,203303.3,11,274715.9,11,292374.7
51,44,1,22309.1,1,22632.3,2,46781,2,51950.8
51,46,46,1008990.5,43,944154.8,41,1072692.1,38,1026001.2
51,47,192,4801671.9,188.5,4649289.5,192,4904788.5,205,5359980
51,53,87.5,1633879.6,81,1551559.4,87,2016652.9,80.5,1671575.4
51,54,74.5,1671989.1,70,1655708.6,66,1606018.1,63.5,1782870.5
51,55,47,1181298,50,1296479.9,44,1109827.3,48.5,1283053
51,56,284.5,6581789,273.5,6660209.5,281.5,6954845.9,286.5,7452168.7
51,57,42,918585.9,42,924061,41,1091788.1,35,1089459.1
51,58,35,1000768,35,1015564.6,50,1412630.4,55,1649359
51,65,14,434234.8,11,314440.8,11,299372.7,11,348350.5
51,66,4.5,139575.4,7.5,214391.6,5.5,149686.3,6.5,205843.5
51,69,7,217117.4,7,200098.7,7,190509.9,7,221677.6
51,73,37,921814.2,31,762282.6,30,827862.3,28,790506.1
51,74,43,672016.1,34.5,624733.4,29.5,517304.2,25.5,669362.3
51,75,230.5,4790138.3,216,4566359.3,222.5,4848076.7,214,4897830.4
51,97,2,56564.4,2,54616.8,2,56144.1,2,56670
51,99,9,254539.9,8,218467.1,9,252648.7,8,226680.2
51,107,207.5,4913232.6,209.5,4805047.2,195.5,4615716.8,188.5,4947279.4
51,108,1,25770.9,2,53356.3,2,46581.1,2,52364.4
51,112,17,392794.7,17,427635.2,12,335001.6,13,359201.3
51,113,2,46211.1,2,50310,2,55833.6,2,55261.7
51,126,138.5,2965472.6,139,2905821.1,137,3123981.7,133.5,3184516.5
51,127,347,8577344.7,334.5,8306411.6,318.5,8403094.4,333.5,8878293
52,7,59,1399867.4,59,1329470.9,61,1605189.1,58,1439578.9
52,9,17,514968.5,16,396375.6,16,500255.9,14,397555.1
52,10,85,1775025.4,81,1775292.1,76.5,1977273.5,81.5,2139437
52,20,60,1389859.4,64.5,1536959.3,59,1415122,67,1718146.7
52,21,5,115821.6,5,119144.2,3,71955.3,2,51288
52,25,2,48034.1,2,46378,2,52186.4,2,60245.6
52,27,3,72051.2,2,46378,2,52186.4,1,30122.8
52,31,42,934505.8,55,1205838,55,1172021.4,56,1347339.2
52,32,49,915682.3,45,961121.5,50.5,1114141.6,45,1028292.5
52,33,194,4053131.4,197,4250870,191.5,4340331.3,197,4587830.9
52,34,197.5,4182957.9,167,3791173.5,176,4066916.2,169.5,3923240.1
52,36,1,24044.2,1,23676.2,,,,
52,37,70,1683092.5,72,1704685.4,71,1839081.7,72,1948297
52,38,2,59991.4,6,171917.1,4,108988.8,4,118740
52,39,2,59991.4,2,57305.7,2,54494.4,2,59370
52,41,24,600783.3,26,586132.4,24,633200.7,23,689939.9
52,42,2.5,62581.6,2,45087.1,2,52766.7,5.5,164985.6
52,43,3,75097.9,2,45087.1,4,105533.4,7,209981.7
52,44,6,152469.2,8,207274,9,260379.5,7,210113.4
52,47,143,3492374.4,145.5,3565375.6,142,3551295.5,136.5,3523368.8
52,50,,,46,817000,53,1007966.7,53.5,1161548.4
52,51,334,7571054,315,7371686.2,303.5,7441346,279,7477361.3
52,52,120,2625073,117,2616870.8,108,2634099.1,113,2744636
52,69,44,1046753.9,49,1254983,56,1445053.2,56,1590882
52,72,33,752933.5,30,660935,27,628081.7,26.5,668981.3
52,73,52,1161222.1,50.5,1052809.4,45,1041247.9,42,1162622.1
52,89,14,322157.5,12,282845.7,12,278764.2,12,313314.8
52,96,22,621878.8,22,635748.4,19,517275,21,639463
52,97,116.5,2950384.6,122.5,2823846.8,112.5,2839448.2,104.5,2755579.4
52,109,2.5,65679.3,2,47274.8,2,50730.8,2,55378.4
52,110,6,144776.2,6,150328.5,3,79538.3,2,56929.1
52,111,138.5,3341918.2,140.5,3520192.1,152.5,4043199.4,133.5,3800018.8
52,112,10,232453.2,12,289083.2,12,288148.5,12,296061.9
52,119,159,3867280.2,155,3827060.9,166,3999307.3,162.5,4051141.7
52,126,28,595983,37,839419.4,34,811679.2,33,846582.2
52,127,312,7482404.4,302.5,7685021.3,312.5,7962707.3,299,7849865.4
53,0,3,66003.6,3,58313.7,2,47591.7,2,45361.3
53,9,38,1035898.8,36.5,820900.3,36,981395.5,29,927796.6
53,10,37.5,1000642.9,37,929960.9,35,990144.3,41,1151535.8
53,22,2,46328.6,2,47657.7,2,47970.2,2,51288
53,29,29,638527.4,24,595705.1,27,621133.1,23.5,597264.2
53,30,38.5,787333.1,43.5,936248.8,41,993126.8,37.5,862946.7
53,31,45,979027.8,49,1048451.6,50,1129779.9,49,1227107.9
53,32,203.5,4687341.4,201.5,4808472.6,205.5,4999359.3,201.5,5306436.7
53,35,39.5,877308.5,39,977903.7,35.5,932247.8,38.5,1059512.3
53,36,3,72132.5,1,23676.2,2,51805.1,2,54119.4
53,38,15,449935.5,14,401139.8,14,381461.1,13,385904.9
53,42,4,100130.6,5,112717.8,5,131916.8,2,59994.8
53,43,566,12543403.9,572,12965133.5,581,13772736.5,576,14396148.7
53,47,64,1260252.6,60,1159422.3,57,1244042,56,1420383.2
53,51,138.5,3226140.7,141.5,3301499.4,139,3457592.6,125,3259768.5
53,58,5,161095.4,5,146979.7,5,159391,4,133718.8
53,63,5,161095.4,5,146979.7,4,127512.8,4,133718.8
53,64,6,186100.6,6,171513.2,6,163294.2,6,190009.4
53,72,63,1511429.6,74.5,1585836.4,77,1935380.2,68,1785166.8
53,74,3,68448.5,3,66093.5,1,23262.3,1,25244.6
53,88,523,11025194.4,483,10532087.2,414,9799435.7,448.5,10498240.5
53,89,105,2416181.6,99.5,2317092.2,118,2710942.4,108,2780314.8
53,96,2,56534.4,3,86693,3,81675,4,121802.5
53,109,4,105086.9,4,94549.6,4,101461.6,4,110756.8
53,111,14.5,349875.9,14.5,363293.9,11,291640.6,14,398503.8
53,115,9,209207.9,9,216812.4,9,216111.4,9,222046.5
53,121,35,1023010.4,34,1056723.4,34,1161276.9,33,1074246.6
54,1,,,,,,,1,22680.6
54,3,1,22001.2,1,19437.9,1,23795.8,1,22680.6
54,4,10,220011.9,10,194379,8,190366.8,8,181445.1
54,9,,,2,43323.9,2,48454.8,2,48842.9
54,10,2,60584.5,2,49546.9,2,62532,3,85190.4
54,18,1,20406.9,2,39526.7,1,22878.4,1,25002.7
54,19,81,1786753.1,87,1797486.1,87.5,2031631.8,91.5,2041232.8
54,25,4,96068.3,3,69567,3,78279.6,3,90368.4
54,27,,,,,1,26093.2,1,30122.8
54,29,45,990818.5,39,968020.8,42,1115360.1,41,1156033.4
54,30,391,8811523.2,396.5,9164930.3,350.5,8447204.6,373.5,9100252.7
54,31,15,348621,19,443983,24,598912.8,30,761841
54,34,4,88841.4,4,100297.8,4,105042,4,110079.2
54,35,10,222103.4,10,250744.6,11,288865.5,10,275198
54,37,26,779888.2,27,773626.8,28,762922.2,29,860864.8
54,41,103,2120453.4,106.5,2196413.9,98,1967698.4,101,2238189.9
54,42,250,5169118.4,263,5793073.3,279,6568079.5,305,7574366.7
54,43,3,70903.1,3,71817.3,3,75459,3,82677.2
54,44,4,101646.2,4,103637,4,115724.2,3,90048.6
54,47,77.5,1998398.4,83.5,2117224.6,85.5,2268497.9,81.5,2295464.6
54,49,90,1998059.9,83,2052334.1,79.5,1877750.5,82,2141856.5
54,72,56.5,1112573.4,51,1135105.2,60,1372777.8,50,1291312.1
54,87,43,857619.3,36.5,780375.8,112.5,2371060.3,116.5,2483870.2
54,88,411.5,9023463.3,401.5,8637653.2,398.5,8904853.6,395.5,9000842.4
54,95,224,4612587.6,228.5,4653256.7,209,4505094.2,205.5,4448078.2
54,96,202,5156788.2,201,4845791.5,193,4725957.6,177.5,4306113.9
54,109,4,105086.9,4,94549.6,4,101461.6,4,110756.8
54,116,3,69736,3,72270.8,2,48024.8,2,49343.7
54,121,120,3187755.4,151,4270479.1,140,3837632.8,141.5,3919950.9
54,122,142,3600188.4,146,3542113.8,134,3378932.3,144,3818297.9
54,127,84.5,2215670.3,86,2210884.2,94,2369943.5,91,2568707.4
55,1,,,1,19437.9,,,,
55,9,54,1194700.8,55,1191406.1,54,1308280.7,50,1221073.1
55,10,3,90876.8,4,99093.9,4,125064,4,113587.2
55,12,138,3795750.1,142.5,3682030.3,141.5,4058505,141,4023000.7
55,13,30,846208.4,28,880958.6,28,856116,29,863491.2
55,16,56,1600200.1,62,1747240.6,67,2014680.8,62,1711954.5
55,17,14,400050,12,338175.6,10,300698.6,9,248509.5
55,21,8,185314.6,6,142973,4,95940.5,3,76931.9
55,22,,,,,2,47970.2,1,25644
55,25,6,144102.4,6,139134.1,6,156559.2,6,180736.7
55,29,3,66054.6,5,124105.2,3,69014.8,3,76246.5
55,30,9,209172.6,9,210307.7,9,224592.3,4,101578.8
55,41,803.5,17295719.5,802,17600520.7,775.5,18121396.4,740.5,18279575.9
55,42,637,15307386,665.5,16432947.8,684.5,17828835.2,681.5,18301311.9
55,44,15,381173.1,13,336820.2,18,520759.1,16,480259.2
55,49,121.5,2820278.3,121.5,2944739.7,120.5,2901339.2,125.5,3210533.2
55,50,92,2235452.9,88,2174123.5,88,2147112.7,91.5,2453691.4
55,51,18,437371.2,28,630360.3,28,580556.8,26,563804
55,52,107,2218715.6,105,2229562.5,95.5,2184616.6,98.5,2335495.3
55,54,17,383941.3,16,384418.2,14,326995.5,13,352874.3
55,55,180,3949053.3,193.5,4267060.4,187,4092276.8,188.5,4646734.9
55,58,2,64438.2,2,58791.9,,,2,66859.4
55,59,3,96657.2,3,88187.8,3,95634.6,2,66859.4
55,70,19,405061.8,22,492677.6,24,382049,21,329550
55,71,107,2256543.9,108,2441908.2,111,2704477.3,117,2906674.9
55,73,135,2788741.2,134,2974296.8,137.5,3078188.9,131.5,3162324
55,79,68.5,1271567.7,60,1215081.5,48,987973.7,49,957829
55,80,23,536875.2,24,476134.1,20,542858.8,21,499122.1
55,81,92,2294788.9,85,2038625.5,84,2280007.6,87.5,2490089.8
55,82,5,116712,5,99194.6,,,,
55,87,190.5,3500914.6,199,3700183.7,172.5,3372585.9,201,4198344.6
55,95,96,2300620.7,103,2367500.5,91.5,2303824.9,82,1971904.8
55,96,1,27357.9,1,25737.5,1,25974.9,1,25018
55,101,,,,,,,2,56670
55,106,77,2130038.4,76,2000811.3,72,2010042.6,80.5,2300551.6
55,107,123.5,2990789.2,133.5,3457685.9,126.5,3332485.8,125.5,3190102
55,108,81,2089909.5,85.5,2106962.8,88.5,2191869.7,101,2622492.8
55,110,5,131358.6,5,118187,5,126827,5,138446
55,121,3,87686.6,2,62160.2,4,136620.8,4,130211.6
55,122,5,136108,5,124674.2,5,127476.8,4,109167.1
55,125,67,1811841.5,62,1599597.5,59,1555338.3,68,1768462.4
55,126,298.5,7068712.8,293.5,7044084.8,288,7108349.9,299.5,7998004.6
56,3,3,56260.3,3,52179.1,2,37905.7,2,43710.5
56,4,11,223320.5,9,174576.9,9,166349.9,9,183314.1
56,7,8,162414.8,8,155179.4,6,110899.9,6,122209.4
56,15,2,53073.1,2,48835.1,2,67686.4,2,61947.4
56,16,130,3025389,131,3042616.9,129.5,3325327.1,129.5,3462204.1
56,19,4,106311.5,,,,,,
56,22,122.5,2541359.9,113,2548502.7,123,2897689.5,118,2717622.7
56,23,67.5,1690166.2,65.5,1654776,71.5,1868044.5,57,1477211.3
56,24,9,210272.3,10,205946.8,9,231338.6,7,209498.5
56,25,10,233635.9,11,226541.4,11.5,295599.3,12.5,374104.4
56,29,65,1344979.2,67,1389617.8,52,1150708.7,49,1156490.6
56,34,2,51200.2,2,45129.8,2,42666.7,2,48979
56,35,13,332801.4,13,293343.7,13,277333.7,12,293874
56,40,63.5,1204176.8,82.5,1676671.5,80,1732511.5,70,1675188.7
56,41,123.5,3086189.2,117.5,2996145.5,120,3171025.3,112.5,3317331.3
56,45,,,3,65710.9,5,105173,5,109528.7
56,48,4,89016.3,4,88987.1,4,98136.2,4,100641.7
56,51,120,2670488.6,116,2580626.7,121,2968618.5,115,2893447.5
56,52,89,2040754.5,98.5,2340691.7,100.5,2654704.6,92,2443619
56,55,33,899562,35,898469.4,34,969277.7,33,905405.2
56,56,1,22014.3,1,27658.2,,,,
56,64,4,91168.1,4,100602.2,5,144482,6,184636.8
56,70,29,673429,30,638438.2,27,586993.5,28,694298
56,72,53,1074484.2,58,1151962.1,55,1105261.2,54.5,1153862.3
56,73,44,1056803.2,47.5,1046393.9,45,1000166.7,42,1055180.9
56,75,10,212590.3,10,240471.7,7,198912.8,12,329909.5
56,76,41,737699,42,766676.1,45,860102.1,36,777234.3
56,77,97.5,1837030.1,98.5,2055084.2,94,2189936,92,2230235.8
56,79,12,215911.9,10.5,191669,18.5,353597.5,18.5,399412
56,81,6,131295.1,6,115360.9,5,94178.6,5,135476.3
56,82,12,262590.2,14,269175.4,16,301371.4,14,379333.6
56,83,116,2266513.3,100,2112456.5,84,1740801.4,84.5,2077948.5
56,84,99.5,1991863.2,97.5,1924944.4,97.5,1995765.9,102,2121413.6
56,86,16,337448.3,9,181914.8,9,195079.1,9,261880.5
56,117,2,43621.9,2,47788.7,2,47201.9,2,49624.2
56,122,4,103212.1,4,117640,4,116101.2,2,52986.3
56,125,44.5,876233.8,39,787226.2,39,755724.3,32.5,719546.2
56,126,184,3889817.3,183.5,3904309.9,161,3700084.5,169,4144710.4
57,0,59,1259321.9,56,1270620.8,50.5,1302122.2,54.5,1419579.8
57,24,1,23363.6,3,61784,3,77112.9,2,59856.7
57,25,237,5349574.8,207,4809779.2,215.5,5135594.6,211.5,5158730.9
57,26,1,23363.6,,,2,51408.6,2,59856.7
57,27,1,23363.6,1,20594.7,1,25704.3,1,29928.4
57,28,84,1709435.8,84,1698370,85,1933069.5,87,1999903.8
57,29,572.5,11052541.7,573,11498162.2,571,11882412.7,529.5,12082291
57,30,90,2107180,93,2228335.6,82.5,2076583.3,85.5,2106966.9
57,35,,,1,22564.9,,,,
57,36,3,73407.8,3,72429.3,3,76464.4,3,88532.8
57,37,42,1027709.2,42.5,1026082.5,43,1095989.7,41.5,1224703.1
57,38,219.5,4965281.1,212.5,5091414.1,196.5,4999267.2,196,5296513.5
57,39,46.5,1197480.2,47,1237989.2,49,1307073.3,43,1175939
57,40,60,1336011.5,52,1255285.5,50,1282508.5,49,1299356.8
57,41,,,4,96560.4,,,,
57,42,4,74568.7,5,111891,5,116860.7,7,156050.1
57,45,3,68365.2,3,65710.9,,,,
57,46,,,,,3,63103.8,1,21905.7
57,49,,,,,1.5,36801.1,1.5,37740.6
57,50,4,89016.3,2,44493.6,1,24534,1,25160.4
57,51,,,,,,,1,25160.4
57,52,17,428411.9,27,560317,27,696225.2,28,691234.4
57,56,21,462299.5,26,719113.3,26,666435.8,25,825983
57,57,181,3984581.3,176,3821492.1,196,4222627.5,198.5,4352692.7
57,61,,,,,,,1,20796.5
57,64,58,1321938.1,54,1358129.9,45,1300337.7,54.5,1677117.2
57,69,36,835654.9,38,899746.2,29,703310.7,39,928824.7
57,71,35,849701.3,38,778109,32.5,828213,31.5,785384.6
57,72,64,1246640.9,64,1286153.8,56,1228771.6,61,1602099.1
57,76,83,1671109.1,77,1694802.4,77,1659643.2,77.5,1882715.1
57,77,53,1125588.7,52,1068371.5,56,1314100.3,43,1053797
57,83,8,175060.1,7,134587.7,8,150685.7,8,216762.1
57,88,11,207379.8,16,312750.5,17,360411.9,13,318825.5
57,89,5,94263.6,4,78187.6,5,106003.5,6,147150.2
57,95,4,112373.7,2,52877.9,2,54272.4,1,25094.3
57,105,1,25898.8,1,24295.7,1,25763.7,1,26633.8
57,116,45,981493.4,42,1003563.2,49,1156445.3,44,1091733.1
57,117,238,6000817,246,6414204.6,247,6367676.4,243.5,6490013.5
57,125,237,6042271,229,5928044.8,244.5,6848089.3,241.5,6740394.4
57,126,17,379305.7,17,400583.1,19,458021.1,18,440824.4
58,3,1,18753.4,,,1,20477,1,21855.2
58,4,13,263924.2,13,252166.6,17,314216.6,15,305523.7
58,5,7,142113,6,116384.6,5,92416.7,4,81473
58,17,1,26577.9,1,24653.5,,,,
58,19,7,186045,7,172574.2,7,207440.7,6,190213.8
58,20,3,75118.5,2,50527.5,2,52253,5,129579.9
58,28,28,576674,28,659943,25,508968.3,29,645520.2
58,29,2,41191,2,47138.8,1,20358.7,,
58,37,6,146815.6,7,169001.8,7,178416.9,8,236087.3
58,38,64.5,1385214.2,67,1372348.8,69,1439937.2,65,1474823.9
58,39,222.5,4712990,214,4731598.2,204.5,4567896.4,208.5,5174286
58,40,3,55926.6,6,134269.2,1,23372.1,3,66878.6
58,41,6,111853.1,,,5,116860.7,5,111464.3
58,42,1,18642.2,,,,,,
58,46,5,113942,5,109518.2,5,105173,5,109528.6
58,49,2,44508.1,2,44493.6,2,49068.1,2,50320.8
58,50,2,44508.1,2,44493.6,1,24534,1,25160.4
58,51,1,22254.1,1,22246.8,,,,
58,52,7,190816.2,6,154023.3,7,199557.2,5,169347.2
58,53,8,218075.6,5,128352.8,5,142540.8,5,169347.2
58,55,4,109037.8,4,102682.2,3,85524.5,3,101608.3
58,56,3,60080,3,55883,3,66577.7,3,82181.8
58,57,31,620826.3,35,651967.9,31,687970,33,904000
58,60,6,107125.7,5,98996.7,2.5,48281,3.5,72787.8
58,61,76,2026431.8,80,1980681.7,81,2265005.8,91.5,2577025.4
58,62,6,148492.2,5,111239.2,9,215315,5,122345.9
58,63,121,2994591.6,139,3092450.8,141,3373268.6,136,3327807.2
58,69,101.5,2398365.4,102,2287263.4,108.5,2425907.4,88.5,2129206.5
58,71,22,547144.4,24,586852.5,19,444500,16,427590.3
58,89,104,2301524.6,102,2168599.8,106.5,2497967.2,114,2694838.8
58,90,23,433612.3,21,410485,11,233207.7,17,416925.6
58,103,15,330467.9,15,351431.8,14,330195.7,16,406695.5
58,104,91,1980796,95,2176911.7,103.5,2618369.4,80,1939274
58,105,57,1476232.9,56,1360556.6,52,1339712.5,59.5,1584711.9
58,111,24,812217.1,31,913449.5,28,908544.1,27,845389.1
58,117,11,363356.5,9,276226.3,7,249438.7,6,224499
58,127,3,87357.5,3,88003.5,3,83407,3,90434.9
59,1,13,243794.7,13,226109.3,12,227433.9,8,174841.9
59,2,,,2,34786,2,40954,2,43710.5
59,3,51.5,1014960,46,901299.6,37,757648.7,35.5,775861.1
59,4,17,345131.6,17,329756.3,20,369666.6,23,468469.7
59,5,46,878854.5,40,771461.1,41.5,897892.5,43.5,986691.5
59,6,220,4087967.8,215,4142925.5,203.5,4054966.8,210,4407483.6
59,7,2,39311.8,1,21109.8,1,21471.2,1,24622.7
59,10,7,185756,5,122087.8,8,270745.4,5,154868.5
59,12,4,106146.3,4,97670.3,4,135372.7,2,61947.4
59,21,2,50079,2,50527.5,2,52253,2,51832
59,24,2,46727.2,4,82378.7,3,77112.9,2,59856.7
59,28,,,,,2,40717.5,,
59,29,5,102977.5,1,23569.4,7,142511.2,5,111296.6
59,34,11,281601.2,11,248213.9,12,256000.3,10,244895
59,35,94.5,1893629.8,91.5,1930426.1,95,2222465.7,91.5,2270695.8
59,36,4,97877.1,4,96572.5,1,25488.1,1,29510.9
59,38,39,972686.1,39,1018439.5,36,828287.8,38.5,1000623.5
59,39,5,124703.4,5,130569.2,5,115040,2,51980.4
59,40,16,298274.9,13,290916.5,15,350582.1,22,490443.1
59,46,5,113942,5,109518.2,5,105173,5,109528.7
59,47,106.5,2250699,111,2367651.7,119,2528642.3,113,2561896.5
59,48,6,133524.4,7,155727.5,6,147204.3,7,176122.9
59,53,8,218075.7,11,282376.1,9,256573.5,7,237086.1
59,61,41,732025.4,43,851371.6,45.5,878714.2,39,811063.6
59,68,30.5,648928.5,23.5,486762.4,35,951812.2,22,620315.7
59,70,28,662627.9,31,633742,28,655052.6,23.5,628023.2
59,71,238,4953406.6,242.5,5218345.5,252,5505438.4,237,5476883.9
59,90,15,282790.7,15,293203.6,15,318010.5,10,245250.4
59,102,98,2159057,93.5,2240207.1,91.5,2158064.9,95.5,2332849.4
59,103,213.5,4807095.4,208.5,4679947.4,200,4717678.2,201.5,5145626.7
59,104,5,129494.1,5,121478.3,4,103054.8,3,79901.4
59,111,53,1380184.2,53,1308814,53,1258026.5,57,1399150.4
59,112,30,931162.6,29,882398.8,34,1054821.8,30,1003143.8
59,113,7,217271.3,6,182565.2,7,217169.2,7,234066.9
59,118,197,4752327.8,186,4906004.9,174,4458844.4,180.5,5267567.3
59,119,31.5,1040520.9,24,736603.6,30,1069022.9,30,1122494.9
59,123,27,696681.8,21,617609.8,28,812708.2,31,821287.9
59,124,427.5,10794971.7,422,10856949.7,415,11116590.9,409,11154679.2
59,127,167,4276539.3,162.5,4262312.8,146,3987228.8,144.5,4061793.2
60,3,18,333971.7,18,298491.8,15,284292.5,15,315570
60,7,4,74215.9,7,116080.1,4.5,85287.7,4.5,94671
60,9,6,159219.4,11,268593.2,7,236902.3,6,185842.2
60,10,8,212292.5,11,322485.8,8,247583.9,6,185842.2
60,11,392.5,10855373.3,401.5,10623423.7,397.5,11468419.9,365.5,10683937.3
60,12,325,7927496.8,337.5,7882630.9,323.5,8265992.5,289.5,7201750.7
60,13,144.5,3753458.4,127.5,3315311.8,128.5,3400104.5,111,2896367.4
60,14,3,85859,3,82230.3,4,125995,4,101069.3
60,15,4,114478.7,4,109640.4,5,157493.8,4,101069.3
60,16,71,2230205.7,77,2335082.3,78,2471298.8,79,2356011.2
60,21,4,118144.5,5,157306,5,173189,5,169062.7
60,22,6,177216.7,6,188767.2,6,207826.8,4,135250.2
60,24,68,1540143.4,68,1594588.8,67,1594114.3,62.5,1577212.8
60,27,10,243575.6,11,270494.6,12,297025.8,12,275601.1
60,28,6,120485.8,4,73508.4,4,79937.8,3,68579
60,32,64,1203788.7,63,1170017.3,59,1230830.4,59,1183308.2
60,33,86,1930376.5,92.5,1947779.6,92,2125930.5,92.5,2299837.9
60,36,2,42110.8,2,42346.8,2,43856,2,49368.3
60,38,2,37129.9,2,36067.3,2,50474.8,1,25069.5
60,40,112,2546024.3,113.5,2495965.1,106.5,2590563.9,122.5,3184557.4
60,41,200,4006930.1,189,3867985.2,200.5,4373910.6,195.5,4419748.3
60,47,121.5,2696424.2,120.5,2712974,121,2678926.6,121,2813267
60,48,89,2127923.6,79,1845607.2,92,2250371.7,99.5,2611930.8
60,49,3,74113,6,144981.6,6,149697.2,6,172374.6
60,53,409,7336141.6,398.5,7038922.3,382.5,7152159.3,381.5,7530518.3
60,54,8,174543.5,11,237086.5,11,227390,14,310839.3
60,62,1,17997.6,1,20192.1,1,22566.7,1,25300.1
60,67,40,897638.8,38,918744.3,37,860411.9,38,1007721.6
60,68,165,3271144.7,170,3677798.2,165,3645903.4,166.5,4019642.8
60,70,44,1014893.3,40,997067.5,46,1192700.3,48,1272246.7
60,71,16,280057.2,12,222050.8,17,341515.8,14,309756.1
60,100,10,246640.4,12,274214.3,12,301788.3,16,395690
60,101,4,98656.1,3,68553.6,2,50298,2,49461.2
60,108,1,25637.2,3,78792.3,4,115867.7,4,124007.3
60,118,11,321927.7,13,396750,10,332130.2,13,469702.5
60,119,123.5,3549365.1,114,3167291,121,3364707.5,120.5,3564975.1
60,123,132.5,3540777,136.5,3720917.5,141.5,3709113.8,143,4027321.6
60,124,56.5,1393959.5,51.5,1401804,59.5,1812252.1,53,1554085.4
60,127,146.5,3844563.6,162,4063060.1,165.5,4475971,190.5,5385743.8
61,12,260.5,5600038.6,269,5868678,256,6038415.5,242,5267821
61,13,78,2077792.2,66,1628895.1,71,2088437.2,68,1578275.4
61,14,2,57239.3,1,27410.1,2,62997.5,2,50534.7
61,16,81,2416805.5,79.5,2162309.5,72,2271954.9,67,1936898.6
61,20,73,2124387.6,78,2300327.8,71,2304001.6,57,1796733.1
61,21,120,2886725.4,117,2950989.1,119.5,3131880.2,116.5,2879187.2
61,25,,,2.5,58624.6,2.5,59481.9,1.5,37853.1
61,26,46,1120447.7,40,983616.8,37,915829.7,37,849770.2
61,27,230.5,5103138.2,237.5,4993267.3,203.5,4878360.7,210,5147373.2
61,28,17,341376.5,16,294033.4,14.5,289774.7,12,274316
61,33,22,413802.4,22,408577.5,20,414248,18,361009.3
61,36,171.5,3823217.7,170.5,3672566.9,171,3863066.8,165,4063761.9
61,37,4,84221.5,3,63520.2,2,43856,2,49368.3
61,40,,,,,2,40947.4,2,41545.1
61,41,109,2184400,111,2294433.8,104,2355862.5,97,2136853.4
61,42,4,103764.3,4,74314.7,2,40947.4,3,62317.7
61,46,8,182461.4,7,162838.9,7,161475.7,7,166509.8
61,47,2,45615.3,2,46525.4,3,69203.9,4,95148.5
61,50,3,74113,3,72490.8,1,24949.5,1,28729.1
61,53,626,14183151.8,618,13896944.8,588,13562675.1,578.5,14317304.7
61,54,132,2569548.5,119,2398590.9,116.5,2283723.5,104.5,2240190.6
61,55,75,1636345.4,82.5,1778148.5,75,1550386.7,75,1665210.9
61,67,67.5,1533921,75,1633356.1,76,1717401.9,74.5,1735686.3
61,68,9,179879.4,10,207209.1,6,136780.9,7,169826.3
61,70,22,385078.8,20,370084.7,19.5,391738.7,19.5,431446
61,99,,,,,,,2,49461.3
61,117,7,204863.1,6,183115.4,6,199278.1,6,216785.8
61,119,93,2636171.4,95,2738760.6,90.5,2772230,99,3278464.4
61,120,130,3487309.4,128.5,3592436.6,140,4011915.5,153,4373659.3
61,125,161,4891925,152,4692962.9,140.5,4367444.5,142.5,4478881.1
61,126,391.5,10529092.6,382,10212723.1,376.5,10321555.1,373,10924113
61,127,137,3731065.3,143,4012193.7,141,4320088.3,135,4021611.8
62,0,5,92770,2,33165.8,,,9,189342
62,19,127,3101410.6,120.5,3194471.2,109.5,3107332.8,103.5,2979597.1
62,20,72,1776588.3,78,1746181.7,72.5,1826858.9,74,1902544.1
62,21,63,1490086.7,71,1647450.8,67,1604219.1,74.5,1827316.9
62,22,2,53722.9,2,56863.6,2,57890,2,51353.3
62,23,6,161168.8,5,142159.1,2,57890,2,51353.4
62,24,223.5,3201300.3,197,3070863,153,2800987,130,2404948.4
62,25,891,18210388.7,832,17086113.8,824.5,17426322.1,758.5,16675866.7
62,26,874.5,15330148.6,812,14477487.3,787,14598571.7,782,15351562.8
62,27,6,113004.8,3.5,65121.7,3,57846.3,3,63532
62,31,65.5,1304444.2,74.5,1677144.6,68.5,1709447.3,75,1800745.2
62,36,27,501254.1,28,504942.7,21,529985.8,25.5,639272.2
62,39,,,1,22606.9,,,1,24522.8
62,40,4,103764.3,4,74314.7,4,81894.7,,
62,53,82.5,1837295.8,85.5,1957670.4,77.5,1690929.2,80.5,1947354.5
62,55,9,198118.3,9,197016.3,6,134973,6,146710.4
62,57,97,2255273.5,101,2344222.3,92,2307933.3,92.5,2435275.7
62,62,7,125983,7,141344.7,5,112833.5,5,126500.7
62,63,23,413944.1,18,363457.8,21,412525.8,21,531302.8
62,65,108.5,2297638.9,114,2399780.8,113,2425436.5,106.5,2442702.7
62,66,67,1500253.4,46,1102856.8,40,938499,43,1071421.3
62,68,1,22640.8,1,24707.2,,,,
62,69,37,837710.1,33,815336.9,32,800713.6,29,745254.4
62,71,3,76707.3,3,74393.7,1,25548.9,2,56368.4
62,95,87,2640213.4,88,2620316.3,78,2410656.1,84,2503883.1
62,96,17,419288.5,16,365619,16,402384.5,16,395690.1
62,98,93.5,2503484.5,100.5,2338304.6,98.5,2587798.7,100.5,2715591.2
62,99,36.5,886383,39,975613.1,40,1087546.5,40.5,1068654
62,125,11,271390.4,7,190536.5,21.5,727379.3,20,670596.7
62,126,251,6214419.8,244.5,6260127.2,255,6708081.8,245.5,6508639.4
62,127,17,398293.4,20,497750.4,3,77754.3,3,79209.7
63,10,,,1,24417.6,1,33843.2,1,30973.7
63,16,1,30494.1,1,24342,,,,
63,17,3,91482.4,3,73025.9,1,30001.5,1,27918.5
63,18,22,678971.8,27,758813.4,26,764091.5,25,748514.8
63,19,87.5,2780326.4,97,2980071.8,94,3104355.4,91.5,3047717.2
63,21,222.5,6653627.5,227.5,6713438.1,215.5,6742351.7,227,7094554.1
63,22,10,268614.7,10,284318.2,9,260505,9,231089.9
63,23,309,7820142.4,306,7821585.3,311.5,7921353.1,295.5,7667761.6
63,24,7,156987.3,6,137680.5,4,93412.6,3,74671.3
63,25,107.5,2357114.2,91.5,2037544.8,104.5,2313308.3,104,2516860.8
63,26,541,10379808.2,541,10640385.8,497,10310072.7,489,10393106.1
63,31,11,220890.6,15,275656.2,20,399689.1,17,388614.4
63,34,76,1602718.5,72.5,1613980.4,63,1407922.2,65,1587374.6
63,35,140,3057137.6,153,3301751.9,156,3488787.7,144,3549027.9
63,39,35,748846.9,36,813848.1,32,752345.1,30,735684.7
63,41,1,25941.1,1,18578.7,,,2,41545.1
63,49,11,271747.6,10,241636,6,149697.2,7,201103.7
63,50,1,24704.3,1,24163.6,1,24949.5,1,28729.1
63,53,40,1089039.1,41,1097976.6,34,1057564.6,34,1049710.4
63,54,32,704420.5,38,831846.6,32,719855.7,33,806907
63,57,64,1368669.6,70.5,1365977.8,63.5,1308822.6,64.5,1438469.5
63,58,35.5,743056,33,643836,30,713507,37,902564.2
63,62,215,4481575.7,202,4289326.8,186.5,4119685.3,176.5,4147054.3
63,63,31,589562.5,35,631994.9,28,631867.3,36,729388.8
63,67,17,310176.6,13,233953.7,13,305012.2,12,299001.2
63,68,3,67922.4,3,74121.5,3,75066.9,3,77095.3
63,71,40,1022764.3,40,991915.4,48,1226345.5,49,1381025
63,72,25,531475.8,22,529037.8,16,454657.7,15,412386.8
63,95,45,1264204.4,32.5,859266.2,38,1031175.2,37,928489.7
63,96,19,468616.6,16,365619,14,352086.4,22,544073.8
63,108,26,666566.3,25,656602.7,28,811073.7,29,899053.1
63,109,74.5,1623191.8,74.5,1709713.8,73,1754964.6,69,1810528
63,110,181.5,4836257.5,185.5,4988506.3,190.5,5166829.6,204,5485169
63,111,9,249873.7,11,281165.5,8,216848.8,10,287479
63,113,,,1,30427.5,,,,
63,116,3,87798.5,3,91557.7,,,,
63,121,264,5673099.9,270,6084522.3,253,5586207.7,250.5,5757185.3
64,0,10,191127.5,10,188483.8,11,226729.2,10,228158.4
64,16,29,767272.4,31,820750.9,22,687413.9,21,623005.7
64,17,392.5,10165723.6,360.5,9345226.6,342,10283351.8,344.5,9995562.5
64,18,8,211661.3,10,264758.4,8,249968.7,9,267002.4
64,21,328.5,8781586.2,326.5,8881223.3,303,8988636.9,294.5,8773559.5
64,25,1,31012.1,1,30193.7,1,32530.3,1,28272.5
64,29,4,101573.7,4,109468,3,82929,3,76003.7
64,32,21,488709.9,16,372114.4,22,567015.5,19,471150.1
64,33,8,186175.2,8,186057.2,7,180414,7,173581.6
64,34,4,72839.9,4,69269.1,4,88126.4,3,74392.1
64,35,10,182099.7,10,173172.7,9,198284.4,9,223176.4
64,38,8,163650.3,8,169556.5,8,198386.6,8,213879.3
64,39,353,7828830.5,363.5,8215860.1,350.5,8162018.1,339,8266355.4
64,40,37,775932.6,40.5,840661.5,38,688646.1,35,730987.7
64,50,1,20789.1,1,21570.5,,,,
64,51,2,41578.2,,,1,23555.7,1,22999.2
64,54,26,695994.4,25,650044.1,25,637459.9,25.5,747048.9
64,55,39,850674.2,36,668141.8,35,894061,26,621717.7
64,57,23,524730.1,24,533678.4,21,479816,20,595488
64,58,61,1349703.7,65,1312502.4,63,1269043.8,59,1285767.2
64,62,71,1529012.8,74,1576424.5,62,1464982,64,1599200
64,65,97.5,2044496.3,90.5,1844223.9,88,1788133.1,98,2255692.3
64,68,43,1109874.2,40,1004339.4,39,1140092.6,34,1082818.3
64,71,5,109787.6,5,111776.7,,,5,128384.9
64,72,5,119619.1,5,106628.7,5,110717.3,5,124763.8
64,74,40,804681.7,36,768736.4,39,818673.9,38,772164.9
64,108,128,3376043.5,147,3733519.1,137,3722162.8,128.5,3665409.2
64,109,38,958472.8,35,762454.1,34,839536.8,34,821820.7
64,110,105.5,2788029.1,114.5,2960946.5,113.5,3292902.7,94,2739695.4
64,111,75,1959899.6,67,1847204.1,66,1834693.1,79,2284581.7
64,113,2,60525.6,,,,,,
64,119,266,4976935.6,242,4651300.9,234,4352200.6,226.5,4401082.2
64,120,370,9040509.4,375.5,9232282.8,366.5,9145500.9,339,8882025.5
64,121,270.5,7052711.4,273.5,7037709.5,286.5,7425478.5,285.5,7832581
64,123,206.5,5311307.5,203,5477234.6,213,5666786.8,208,5849388.1
64,124,3,85033.4,2,51823.8,2,58398.6,2,57981.3
65,0,43,857573.1,41,909667.4,43,886305.1,46,1049528.8
65,15,184,3998300,176,4121175.1,162,3748228.6,169,4114145.6
65,16,272,7171733.1,272,7070280.2,260,7283043.3,272,7418534.9
65,21,2,55343,2,58917.4,3,95284.8,1,32976.7
65,22,3,83014.6,3,88376.1,3,95284.7,2,65953.4
65,23,5,138357.6,5,147293.5,2,63523.2,2,65953.4
65,26,1,31012.1,1,30193.7,1,32530.3,1,28272.5
65,28,10,253934.4,10,273670,10,276429.9,9,228011
65,31,47,1245658.6,44,1236508.2,34,939861.7,35,886709.7
65,39,17,347756.9,14,296723.9,15,371974.8,14,374288.9
65,51,15,311836.6,13,280416.6,13,306224.2,15,344987.4
65,52,38,789622.1,34,775897.4,37,890692.9,39,916206.4
65,53,12,249354.3,12,273846.2,9,216655,9,211432.3
65,54,2,53538,2,52003.6,5,127492,7,167385.5
65,55,40,788933.2,33,688611.9,28,629982,35.5,747268.9
65,61,110,2346734.8,107,2256803.2,95,2281725.7,102.5,2600555.4
65,62,8,172283.1,7,167912.3,7,181648.9,6,144139.1
65,63,64,1427450.3,67,1607160.7,64.5,1673765,63,1513460.8
65,68,38,834385.7,39,871858.2,35,707763.8,31,795986.7
65,73,30,717714.7,35,746401.1,32,708590.4,30,748583
65,74,223,4969974.5,218,5148173.9,210.5,5086741,197,5166488.4
65,75,34,759993.7,35,741253,29,753500.7,32,895464
65,107,16,400970.8,19,504551.6,17,415582.1,16,455460.7
65,108,21.5,542293.8,24.5,533717.9,16.5,407422.3,20.5,495509.5
65,111,6,138743.7,6,139164,2,55596.8,2,57837.5
65,112,236,6043707.4,234,5798740.4,236,6351445.3,226.5,6196148.1
65,117,4,90252.9,4,95219.7,4,112898.1,4,118778.5
65,118,68.5,986598.9,76.5,1115054.3,76.5,1276710.2,79.5,1320881.5
65,119,2110.5,46929334.8,2080.5,47188385.5,2057,47180943.4,1981,47585862.7
65,120,662.5,16085375.5,676,16270887.3,717,17118375.5,712.5,17709906
65,122,293,7614847.9,279.5,7233315.5,278.5,7505612.8,279,7843171.9
65,123,596.5,14890996.6,599.5,15210483.8,643.5,16586920.4,629,17130619
65,127,544,13568336.1,537,13553973.2,518,13369384.8,536,14490210.3
66,0,11,210240.2,10,188483.8,7,144282.2,9,205342.6
66,2,,,,,,,2,45631.7
66,14,57,1553693.7,56,1539836.5,54,1706850.5,49,1484393.4
66,15,49,1321867.3,49,1291760.2,42,1194360.1,39,1111954.9
66,16,1,26457.7,1,26475.8,3,93738.3,3,89000.8
66,23,2,55343,1,29458.7,1,31761.6,1,32976.7
66,28,2,50786.9,2,54734,2,55286,2,50669.1
66,31,101,2345544.2,87,2101553.5,95.5,2359615.6,89.5,2352909.2
66,32,2,36419.9,1,17317.3,1,22031.6,1,24797.4
66,35,2,42925.4,2,45457.7,2,47585,2,53929
66,38,4,81825.2,3,63583.7,3,74395,3,80204.7
66,39,18,368213.2,15,317918.3,13,322378.3,12,320819
66,42,4,91691.7,4,93391.7,5,115841.6,3,75073.6
66,43,78,1740501.8,77,1775024.6,87.5,2079593.3,91.5,2182216
66,51,44,914720.6,46,992243.2,38,895117.1,45,1034962
66,52,453,8900119.6,472,9570457.5,463.5,9630648.2,456.5,10169987.5
66,53,111,2188461,99,2012299.2,98,1931598.6,106,2051715
66,62,11,234673.5,11,232007.8,9,216163.5,9,228341.4
66,63,2,42667.9,2,42183.2,2,48036.3,2,50742.5
66,68,138,2988587.8,127,2769889.4,118,2556463.3,112,2569766.8
66,69,2,43312.9,1,21810.2,4,86659.8,5,114721.7
66,75,5,119619.1,6,127954.5,7,155004.2,7,174669.4
66,80,4,104155.3,3,72181.3,3,69098.9,,
66,88,26,708542.7,37,867519.8,38,911709.6,35.5,927685.4
66,106,135,3393287.4,136.5,3363115.2,133,3430769.1,133,3493160.2
66,112,163,4040858.8,170.5,4112449.8,159,4230932.8,182,4849301.6
66,113,87.5,2570529.9,96.5,2762029.7,100.5,2767855.8,86,2731521.8
66,117,689.5,11381255.2,715,11606321.7,542.5,9676372,478,9294497.4
66,118,3765.5,63136517.9,3823,65370252.5,4085,71073483.4,3926,71540823.5
66,119,1164,23179538.2,1160,23467820.3,1113.5,23134651.1,1082,24214319.7
66,120,2,48756.2,2,56490.3,2,51967.1,2,55224.2
66,121,349,9491408.1,362.5,9404624,360,9824771.4,354,9936479.6
66,122,156,4381499.1,154.5,4527795.5,140,4312277.7,144.5,4509190.7
66,126,5,141722.3,5,129559.5,3,87597.9,2,57981.3
67,1,,,2,37696.8,,,,
67,2,2,38225.5,,,2,41223.5,,
67,14,23,529607.4,15,395299.2,13,367499.8,15,389066.3
67,15,,,,,1,28269.2,1,25937.8
67,19,,,5,132379.2,,,5,148334.7
67,24,194.5,5800785,207.5,6177857.2,201.5,6547079.2,197,5851802.2
67,25,7,217084.6,6,181162,6,195182.1,6,169635.3
67,32,10,182099.7,7.5,129879.5,8,176252.8,4,99189.6
67,33,4,72839.8,4,69269,4,88126.4,3,74392.2
67,34,123,2767364.5,120,2689663.5,122,2841870.6,127,3093030.2
67,43,5,114614.6,5,116739.6,4,92673.2,4,100098.1
67,56,22,503697.3,24,497859.4,21,495575.7,18,479866.6
67,57,96,2203140.9,94,2092845.2,98,2282437.6,84,2265016.2
67,58,11,250957.9,11,244602.6,10,228483.8,9,267969.6
67,59,4,91257.4,5,111183,5,114241.9,10,297744
67,60,157.5,3037276.8,153,2956959,135,2917547.7,145,3102652.1
67,64,12,284253.6,12,272761.9,7,179657.1,7,183911.4
67,65,84,1989775.5,85,1932064.3,84,2155885.2,77.5,2036162.5
67,68,2,43312.9,2,43620.3,1,21664.9,1,22944.3
67,76,2,51009.5,2,47623.1,2,51478.6,2,46504.4
67,77,2,51009.5,2,47623.1,2,51478.6,2,46504.4
67,80,2,52077.6,2,48120.9,2,46065.9,2,52380.3
67,88,156.5,3647157.8,158,3733372.7,151,3478882,152,3974833.7
67,89,77.5,1573700.7,80.5,1673970.2,80.5,1745740.9,81.5,2026071.4
67,103,37.5,872645.2,37.5,847843.2,41,997162.5,39,1056272.4
67,104,47,1177851.5,53,1407433.3,46,1124516.5,52,1480247.2
67,114,2,49487.8,,,2,60538.4,2,59125.6
67,115,226,6020109.1,222,6042010.9,224,6464481.3,235,6659097.2
67,116,121.5,2602877.5,126.5,2851703.6,125.5,2994725.3,121.5,3050250.5
67,117,1357,33005491.6,1327.5,32432454.2,1310,32917725.3,1235,31797478.5
67,118,2639.5,46467504.5,2689,47672312.6,2552,46831249.5,2453,47870971.1
67,119,2319.5,49361237.2,2350.5,51578198.5,2302.5,51926488.1,2200,51591956.8
67,120,1498,31090581.8,1530,30946377.4,1477.5,30802446.4,1436,30935657.1
67,121,304.5,7831089,308.5,7730973.7,314,7895257.2,280.5,7404364.6
67,122,11,262034.2,13,333666.2,9,263961.5,7,211115.9
68,0,100,1946534.5,94,2005188.4,87.5,1844791.3,87.5,2039367.2
68,1,4,86521.6,4,93623.7,2,49292.8,1,30573.6
68,2,11,265331.7,11,257465.2,5,123232,4,122294.3
68,11,137,2605317.6,137.5,2726545.3,149,2813225.4,136.5,2786441.7
68,14,3,57454.1,3,57479.7,3,66710.8,3,71995.8
68,20,27,691742.8,25,589432.4,17,502635.6,18.5,511401.9
68,24,6,155563.6,6,151717.2,6,170891.4,4,122560
68,25,8,207418.1,8,202289.7,3,85445.7,2,61280
68,26,123,3070269.6,119.5,2889221.7,107.5,3137749.1,103,2921197.9
68,34,26,565156.2,22,464155,26,635063,29.5,740278.9
68,39,2,38610.8,2,37419.2,1,21567.7,1,25218.8
68,50,3.5,78372,3.5,77795.7,,,5,126994.5
68,52,5,99607.5,3,60541.9,5,105369.8,3,63303.8
68,57,13,327251.6,14,321681.8,14,338472,14,361301.8
68,60,145.5,3120669.5,138.5,2794922.6,139,3050600.9,139,3176438.6
68,62,101.5,2064875.2,96.5,2005948.9,117.5,2430718.5,103.5,2551294.9
68,64,5,94252.6,3,64531.6,1,22857.4,1,22498.8
68,65,31,584366.1,33,709847.3,31,708578.4,27,607467.9
68,69,3,74821.2,,,,,,
68,76,17,383043.5,18,409369.2,17,387859.7,21.5,491230.7
68,77,60,1518720.4,52,1211542.1,50,1318680.8,49,1364385.8
68,79,28,729857.9,27,877330.7,26.5,891713.9,23,681061.8
68,80,118,2306714.6,112.5,2319273,112,2375509.9,96,2190975.9
68,94,9,269161.4,10,307582.7,10,331726.7,9,307641.3
68,95,58,1467458.9,52,1292838.6,60,1518768.7,51,1205340.8
68,101,79,1673734,79,1712296.8,77,1713848.7,77,1787647
68,117,931.5,16339677.1,898.5,15866939.2,832,15523177.1,581.5,12148672.7
68,118,2644.5,61811578.6,2558,60273844.2,2461.5,61168649.8,2342.5,59673839.2
68,119,5134,108355515.1,5084,108525549.9,5036.5,111022520.7,4773.5,108925837.2
68,120,4326,78947663.5,4343.5,80261798.7,4320,81822513.1,4278.5,83488064.6
68,121,1563,30706837.6,1532,31467825.9,1480.5,31400125.4,1404,30970966.5
68,122,,,1,19559.6,,,,
69,2,2,48242.1,2,46811.9,2,49292.8,1,30573.6
69,6,75,1476002,71,1510544.2,68,1409785.2,63,1422909.4
69,7,9,189455,10,219811.4,9,210468.5,6,155274.3
69,8,27,567028.8,29,624930.7,30,760318.2,29,721503.3
69,9,114,2215466.1,108,2230582.9,117,2478093.9,113.5,2648077.4
69,10,131.5,2664300.2,130,2579821.2,120,2467839.5,119,2508167.3
69,11,44,1018276.8,45,1139465.9,39,913204.9,35,867431.2
69,12,80,1677281.2,75,1525222.5,68,1475522.8,72.5,1669161.3
69,20,402.5,9641940,378.5,9137969.1,389.5,9954458.7,358.5,9157013.5
69,21,4,102480.4,4,94309.2,4,118267.2,5,138216.7
69,32,84,1794679.3,82,1779850.5,83,2041886.1,80,2267749.5
69,33,80,1981139.3,79,1852511.1,77,1944979.3,77,2036806
69,35,3,65210.3,2,42195.9,2,48851,2,50188.4
69,37,5,96526.8,5,93548.2,5,107838.3,5,126094
69,38,509,10067401.7,511.5,10345966.7,521.5,10882962,527,11807806.3
69,39,17,328191.2,18.5,346128.2,17,366650.2,21,529594.8
69,40,1,20971.2,,,3,54366.8,4,83541.4
69,52,6,119528.9,1,20180.6,2,42147.9,2,42202.5
69,57,17,427944.4,12,275727.2,12,290118.9,13,335494.5
69,58,78.5,1659747.6,70,1514685.6,61.5,1486859.2,58,1364353.3
69,59,2,42286.6,2,45954.5,,,2,51614.5
69,61,,,,,,,2,47024.6
69,62,35,737486.7,33,640693,12,216015.2,31,761193.1
69,69,14,349165.6,13,331878.2,12,298427,7,175058
69,72,5,127523.8,5,119057.6,3,77217.8,5,116261
69,76,36,811151.1,28,636796.5,40,912611.1,35,799677.9
69,77,2,45063.9,2,45485.5,2,45630.6,2,45695.9
69,79,17,433581,15,357172.9,22,416445.2,23,534800.6
69,80,43,1040605.5,43,1091178.6,40,1028470.6,41,1145498.7
69,81,11,266201.4,12,304515,10,257117.7,12,335268
69,83,31,655291.8,29,607279.7,28,785512.3,31,786623.1
69,84,11,231362.2,14,277951.2,17,327658.5,15,332279.7
69,85,44,925448.9,47,933121.8,41,790235,41,908231.2
69,86,28,729086.9,32,769934,30,690988.9,26,680943.5
69,94,20,598136.4,20,615165.4,22,729798.6,22,752012
69,95,56,1262668.2,59,1258833.1,57,1388432.9,57,1212436.6
69,99,98,2638017.1,96,2491260.4,90.5,2527818.9,92,2581150.8
69,100,54,1651749.1,52,1522297.9,55,1656721.4,55,1636393.1
69,101,4,118503.4,7,204924.7,7,219183.9,7,210955.3
69,109,6,127910.9,5,126955,6,156522.5,1,25453.5
69,116,1210.5,24896403.4,1223.5,25484543.6,1193,25555283.3,1175,26086849.3
69,117,4091.5,73444988.7,4005,74345295.9,3545,68452670.4,3618.5,71297864.9
69,118,3167,77985151.3,3150,78228039.5,3451.5,84536473.2,3422,86532910.5
69,119,4049.5,96197300,4229,101216846.3,4253.5,102828372.2,4128.5,102995426
69,120,1824.5,37578737,2040,41297562.5,2008.5,42016693.6,1877.5,41455542.8
69,121,94.5,2317381.2,100.5,2791523.2,106.5,2740799.1,112.5,2849068.4
70,1,2,48242.1,2,50757.9,2,55443,2,53843.9
70,3,3,62237.9,3,56826.1,3,65782.5,3,77759.2
70,6,2,37841.8,2,40962.7,2,43186.2,2,45887.1
70,8,100,1857577.2,88,1584408.9,93,1994033.9,80,1793695.5
70,9,403,7439717.1,397,7389645.5,370,7315668.8,343,7157993.1
70,10,279,5098037.8,261,4657926.9,258,4966526.1,258,5202023.3
70,20,16,334596.1,20,450031.9,14,327074.6,20,451387.8
70,22,4,83649,4,90006.4,4,93449.9,3,67708.2
70,26,30,743156.1,30,788865.9,29,832551.6,24.5,709000.6
70,32,7,152157.4,10,210979.5,9,219829.5,5,125471
70,33,20,434735.6,19,400861.1,18,439659.1,16,401507.1
70,34,1,21736.8,,,,,,
70,36,3,57916.1,,,3,64703,4,100875.2
70,38,674.5,12500180.5,698.5,12802199.4,652,12345942,639,12240298.1
70,39,547.5,9846845.2,544,10055626.2,521,10115422.1,507,10378787.8
70,50,1,22392,1,22227.3,1,22728.1,,
70,51,60,1343519.5,57,1266957.8,57.5,1306863.8,63,1600130.3
70,55,56.5,1358953.4,50.5,1254950.3,53.5,1417533.2,54,1417182.3
70,56,34,838681.7,34,829328,33,821204.7,28,754761.6
70,58,140,2763397.2,140,2871124.2,128,2753045.3,137.5,3105544.7
70,59,27.5,621432.5,29,691670.7,30,761606.9,30,767210.4
70,60,7,122191.4,7,132137.4,7,139960.4,5,112639.2
70,62,16,279294.7,16,302028.3,17,339903.9,18,405501
70,66,3,76229.3,3,60340.7,2,41187.5,2,36344.5
70,69,66,1381481.1,64,1376256,64,1438035.4,64,1382273.5
70,76,50,1243197.1,52,1230176.6,46,1184006.9,45,1310398.5
70,77,7,174047.6,8,189257.9,6,154435.7,6,174719.8
70,83,49,1095342,54,1172515.2,51,1166529.8,48,1184666.9
70,84,6,156232.9,6,144362.6,6,138197.8,6,157140.8
70,85,6,156232.9,5,120302.2,9,207296.6,7,183330.9
70,86,1,26038.8,2,48120.9,2,46065.9,2,52380.3
70,99,15,403778.1,16,415210,16,446907.2,15,420839.8
70,110,4,85273.9,3,76173,1,26087.1,1,25453.5
70,112,34,1012634.3,35,907272,35,995205.3,33,908740.7
70,113,93.5,2339972.7,94,2396551.1,96,2449638.1,89,2076750.5
70,114,23,672515.1,27,755594.2,27,806542.5,25,772031.1
70,115,60,1970037.9,55,1755910.7,54,1752096.4,52,1637455.6
70,116,730.5,16775281.3,718.5,16565189.8,734.5,17163778.7,728,17673474.7
70,117,1495,31702643.8,1510.5,31979777.7,1519.5,33741467.8,1452.5,33850247.8
70,118,1590,33479429.1,1603,34035805.8,1598.5,35085062.7,1602,35874293.7
70,119,2112,38153549.2,2167,39502180.9,2158.5,40519814.6,2076.5,41119427.1
70,120,452,6915701.7,232,3775891.1,237,4072538.2,238,3998857.9
70,121,3,45701.6,,,,,,
70,124,4,113377.8,4,103647.6,4,116797.3,4,115962.5
71,0,89,1956074.3,91,2023533.4,82,1937529.2,91,2158850
71,1,5,120605.3,5,126894.7,7,194050.6,7,188453.7
71,2,6,124475.8,6,113652.2,5,109637.5,4,103679
71,3,174,3171626.4,163,2942776.8,164,3401590.8,164.5,3830123.7
71,5,7,147353.9,6,131886.8,3,70156.1,3,77637.1
71,6,131.5,2557652.9,148,2860675.1,139,2822926.8,120,2563682.6
71,9,2,35837,2,37979.4,3,72204.6,3,76346.1
71,10,1,21827.1,1,22841.7,7,167411.7,8,207519.8
71,17,,,,,1,30922.8,,
71,19,336,8568863.3,291.5,7594526.9,300.5,8206973.2,296,7891076.8
71,22,33,690104.5,30,675047.8,40,934498.8,40,902775.5
71,23,79,2146945.1,85,2044214.7,79,2358863.8,74,2081964.6
71,26,138,3850087.9,135.5,3655841.9,131.5,3840494.7,122.5,3356880.4
71,38,430,7300976,334.5,6330063.6,346,6276367.2,343.5,6604229
71,39,58,1042317,56,968148.4,32,649995.6,33.5,697698.7
71,51,11,246311.8,12,266727.9,16,363649.1,12,304786.7
71,52,7,139450.4,7,141264.4,7,147517.7,7,147708.8
71,53,74,1474190.1,61,1231018.7,55,1159067.7,61,1287176.6
71,55,32,752077.5,30,594241.2,25,527986.6,24,544358
71,56,116,2590366.2,123,2723349.6,120,2750968,121,2868369.2
71,59,12,271170.5,10,238507.1,10,253869,11,281310.5
71,61,3,52367.7,3,56630.3,3,59983,3,67583.5
71,62,17,296750.6,15,283151.7,18,359898.2,16,360445.4
71,66,23,584425,26,522952.8,29,597218.9,27,490651.1
71,68,1,24940.4,1,25529.1,1,24868.9,1,25008.3
71,69,27,673390.8,31,791401.9,32,795805.4,33,825273.6
71,70,6,149642.4,5,127645.5,4,99475.6,4,100033.2
71,78,2,51009.5,2,47623.1,2,51478.6,1,23252.2
71,110,492,11984828.5,504,12166112.1,507,12915353,493,13078285.6
71,111,74,1821012.6,71,1792695.9,68,1765693,62,1645231.1
71,114,905,24346215.8,910,24547088.8,878,24125782.5,900.5,25568190
71,115,950,24722951.5,927.5,24392573,893,24491857.3,862.5,24934501.1
71,117,23,531950.9,20,524906.9,18,436242.6,18,469546.2
71,118,10,256930.8,10,244311.7,10,262608.8,10,298607.5
71,119,7,179851.5,4,97724.7,8,210087,7,209025.2
71,120,5,76169.3,2,39119.1,,,2,51574.9
71,121,2,30467.7,6,117357.3,7,194091.8,6,154724.7
71,124,3,85033.4,1,25911.9,2.5,72998.3,2,57981.3
72,0,61,1346901,53.5,1117406.2,54.5,1263546.2,52,1258723.7
72,1,75,1614165.2,70,1498899.3,67,1390057.4,71,1736659.7
72,2,7,157405.5,6,143186.1,6,139592.1,5,135886.7
72,4,3,62727.3,,,1,20964.3,,
72,19,7.5,203128.3,9,231886.5,9,245674,9,257502.9
72,23,6,175702,6,168209.8,6,173956.2,6,166869.9
72,26,7,180258.4,7,163499.7,6,167131.2,5,122821.6
72,35,61,1184729.4,58,1228903.8,52,1001639.6,59,1274929.8
72,36,60,1380627.7,57,1376115.4,53,1281938.9,52,1301085.6
72,39,1,21637.5,1,21615,1,22564.9,1,24454
72,40,2,34598.9,1,16822,1,17583.8,1,20226.5
72,41,2,34598.9,1,16822,2,35167.6,2,40452.9
72,53,60.5,1548833.4,68,1563343.4,69,1647739.5,64,1668554
72,54,3,76801.7,3,68971,3,71640.8,3,78213.5
72,59,3,55699.2,5,90066,4,90533,9,228029.1
72,61,26,682683.9,27,637598.9,25,638157.5,22,570807.9
72,65,5,124975.7,4,91390.5,4,110083.5,4,101715.9
72,66,68,1692572.1,77.5,1965764.9,62,1568198.3,74,1780192.2
72,69,18,498138.4,16,442581.1,13,363631,11,305805.5
72,70,1,27674.4,,,,,,
72,73,6,123122.3,5,105393.1,5,111291,4,93014.9
72,87,5,142612.2,2,45050.3,2,49100.8,2,44916.6
72,88,3,68532.6,7,173774.6,7,171434,7,173046.3
72,92,1,22844.2,1,24824.9,1,24490.6,1,24720.9
72,107,1,23314,1,24535.7,1,25374.5,1,26120.7
72,109,2,59589.1,3,74913,3,80244.6,3,86399.5
72,112,14,359605.4,14,368145,14,401356.8,15,446683.9
72,113,368,8773661.2,371,9250803.8,380.5,9532890.7,383.5,10242935.9
72,114,185,4735463.3,216.5,5480175,250,6290916.4,249,6950874
72,115,4,98800.2,4,97864.4,2,48938.4,2,54071.9
72,118,4,110031.5,4,103889.3,4,115411.5,6,158247.2
72,119,,,1,25972.3,,,,
72,126,41,972237.7,47,1113201.9,45,1217742.4,37,1052276
72,127,5,118565.6,5,118425.7,3,81182.8,3,85319.7
73,0,14.5,371116.5,18,427328.9,19,460305,16,444726.3
73,1,130,2928895.6,127,2796963.5,125,2890934.9,124,2914185.1
73,2,1,22486.5,1,23864.4,2,46530.7,2,54354.7
73,4,90.5,1703824.4,90,1832509.5,95,1937644.6,93.5,2074780.8
73,12,1.5,30655.2,1.5,30769.8,2.5,46359,2.5,63834.5
73,17,1,24892.1,1,22976.3,1,24536.3,2,50450.2
73,18,421,9601738.5,402,9034223.6,380.5,9129761.7,339.5,8012469.6
73,19,7,189586.4,6,154591,6,163782.7,11,314725.8
73,24,2,53627.5,2,52361.6,6,182368.9,2,54713.1
73,25,40,1072550.1,42,1099593.9,41,1246187.7,46,1225533.9
73,26,47,1210307.2,45.5,1062748.2,48,1337049.4,47.5,1166805.1
73,32,12,234998.4,6,123850,8,177028.5,7,161022.9
73,33,39,763744.9,30,619250.1,31,685985.6,35,805114.3
73,36,23,529240.7,24,579417,24,580500.7,20,500417.6
73,38,4,86550,5,108075.1,,,,
73,43,5,86497.2,5,84109.9,5,87919.2,5,101132.3
73,44,29.5,723285.8,28,718149.2,33,838589.2,34,920813.7
73,45,2,49036.3,2,51296.4,,,,
73,51,142,2493574.9,136,2559351.8,126,2313870.7,113.5,2424906.3
73,52,137,3002869.6,121.5,2635382.7,117,2784918.2,127.5,3163367.3
73,53,,,,,,,4,104284.6
73,56,35,826411.6,34,805605.6,30,744123.2,25,633414.3
73,57,8,148531.4,9.5,171125.4,9.5,215016,7.5,190024.3
73,59,3,55699.3,3,54039.6,3,67899.8,,
73,61,55,1116359.5,43,1018775.1,48,1140637.1,50,1281597.1
73,62,1,26257.1,1,23614.8,1,25526.3,3,77837.4
73,63,6,157542.4,6,141688.6,6,153157.8,5,129729.1
73,65,37.5,937317.6,38,868209.5,32,880668,40,1017158.7
73,66,7,174235.4,6,152188.2,4,101174.1,3,72170
73,70,8,221394.8,7,193629.3,7,195801.3,7,194603.5
73,71,10,276743.5,10,276613.2,10,279716.1,8,222404
73,86,9,256702,8,180201.2,8,196403.2,8,179666.4
73,106,62,1445470.7,66,1619354.6,56,1420971.2,59,1541119.3
73,107,123,3019306.7,129,3153171.6,134,3529153.9,127,3333171
73,110,133,3502434.8,134,3353461.2,125,3306313.4,133.5,3718025.6
73,111,,,13,324623.2,11,294230.2,16,460797.1
73,112,403.5,9627933.3,414.5,10166116.2,428,10702399.3,427.5,11672497.3
73,113,112,2819493,114,2990964,107.5,3010077.7,111.5,3054159.2
73,116,1,27507.9,,,,,,
73,123,4,120733.4,4,120381.7,4,120912.9,5,154091.7
73,124,3,64995,3,71358.7,3,69112.2,3,75716.8
73,125,34,736609.7,37,880090.7,43,990608.2,45,1135751.3
73,126,653,16791741.9,676,17673751.1,641.5,17768509.3,639.5,18035417
73,127,76,1855703.6,74,1860896,61.5,1736005.9,67,1818573.5
74,0,122,2461487,105.5,2166971,106,2191828.2,100,2348784
74,1,32.5,631666.8,39,778740,35,814287.3,39,774298.6
74,2,2,44973,2,47728.7,2,47643.8,2,54354.7
74,3,79.5,1554238,83,1514610.4,84,1625878,71,1675550.3
74,18,217,4528181.7,226,4529183.9,211,4446402.6,217.5,4619301.3
74,19,33.5,1021438.2,46,1152930.9,49.5,1391622.4,50,1543572.8
74,21,9,263553,8,224279.6,8,231941.6,8,222493.2
74,25,4,107255,4,104723.2,4,121579.3,4,109426.1
74,27,118,2850375.1,112,2568927,119,2984350.3,108,2490013
74,32,7,150983.8,7,159068.4,7,165543,8,166290.8
74,33,27.5,593150.6,27,613549.5,26,614874,21,436513.2
74,36,69,1492987.5,66,1426591.3,60,1353892.8,61,1491696.1
74,38,8,183033.9,9,195555.5,14,319454.5,14,336299.1
74,41,97,2147832,93,1971750.1,96.5,2171471,102,2396582.6
74,42,37.5,648728.8,37.5,630824.4,45,791272.9,38.5,778718.6
74,44,89.5,1710542.9,87.5,1721876.8,81.5,1686654.4,77.5,1789780.4
74,45,142,2779980.7,141,2681515.8,132,2737074.3,127,2861101.6
74,52,91,1889597.6,94,2024544.3,83,1849632.5,76,1824363.2
74,55,,,,,,,1,23374.5
74,56,93,2222176.7,87,2035751.7,78,2078299.5,94,2700420.8
74,57,247,5444757.3,247,5352659.2,246,5405941.7,243,5435622.4
74,61,1,26257.1,1,23614.8,1,25526.3,1,25945.8
74,62,5,103440.4,4,90497.6,4,92630.9,4,99764.5
74,63,178.5,3636973.8,176.5,3883376.8,160,3634050,139.5,3450614.6
74,65,21,524898,22,502647.7,17,467854.9,15,381434.5
74,68,61,1341142.7,52,1051298.7,40,955031.5,42,884436.3
74,71,41,903621,35,835090.7,35,878382.2,33,780433.5
74,105,151.5,3586449.4,146,3732855.5,154,3791042.2,138.5,3524287.6
74,106,191.5,4398301.4,206,4742199.7,195.5,4771627.7,205,5297519.5
74,109,160,4165026.9,174,4655464.9,165,4359065.9,160.5,4400978.9
74,110,419.5,10449793.1,431.5,10502267.5,414.5,10613015.9,387,10636633.9
74,111,11,277309.3,11,292636.3,10,276830.7,16,479725.7
74,112,35,914023.4,33,808181.5,37,974625.8,35.5,932969
74,122,3,90550,3,90286.3,2,60456.5,3,92455
74,123,28,845133.6,29,872767.5,31,937075.1,31,955368.7
74,126,7,151654.9,7,166503.7,5,115187,5,126194.6
74,127,4,86660,4,95144.9,4,92149.6,4,100955.7
75,2,51,979319.6,52,1163111.2,48,1114691.6,44,1120377.4
75,3,29,652108.5,23,548880.1,24.5,583636.3,32,869674.7
75,13,2,40873.6,2,41026.4,2,37087.2,2,51067.6
75,16,23,572517.3,20,459526.4,21,515263.3,19,479276.7
75,18,8,243925.5,8,200509.7,8,224908.6,8,246971.7
75,21,1,29283.7,1,28035,1,28992.7,1,27811.6
75,22,6,175702,6,168209.8,6,173956.2,7,194681.5
75,27,2,47372.6,2,46568.5,2,49121.6,2,44456.1
75,38,99.5,2070419.6,98,2085653.2,90.5,2015696.7,78.5,1905958.5
75,39,158.5,3340462.5,163.5,3604356.1,157,3608181.5,154.5,3512745.2
75,41,21,485083.2,20,436029,19.5,440089.3,20.5,513365
75,50,141.5,3158473.8,139.5,3263831.5,94.5,2464317.2,124,2921578.5
75,51,62,1346686.7,60,1355067.9,61,1551015.8,69,1791894.7
75,53,163,3323068.6,165,3063503.8,149.5,3030210.5,138,3020768.4
75,54,330,6808357.9,327,6898817.9,301,6527467,317.5,6926799.4
75,55,974.5,16801845.9,873,15344312.9,845,15675961.2,888,17131759.3
75,56,695,14598934.7,674,14560228.4,668,15208077.6,643.5,15145544.9
75,58,2,37132.8,2,36026.4,2,45266.5,,
75,59,7,129964.9,7,126092.4,7,158432.8,6,152019.5
75,62,3,62064.2,2,45248.8,3,69473.2,3,74823.4
75,68,4,87943.8,2,40434.6,2,47751.6,1,21058
75,69,,,1,20217.3,1,23875.8,5,105290
75,72,4,82081.6,5,105393.1,5,111291,3,69761.2
75,73,73,1497988,78,1644132.5,71.5,1591461.3,60.5,1406850
75,74,4,82081.6,5,105393.1,5,111291,6,139522.3
75,76,46,1148033.8,47,1049409.3,45,1149060.5,42,1227468.8
75,77,7,174700.8,4,89311.4,4,102138.8,3,87676.3
75,78,121,2882071.9,126,3189636.7,113,3102148.2,114,3097479.5
75,82,4,114089.8,4,90100.6,4,98201.6,4,89833.2
75,89,4,91376.7,4,99299.8,3,73471.7,4,98883.6
75,95,17,388351.2,18,446849,20,489811.5,20,494418.1
75,104,129,3233650.9,133,3449714.3,107,2914316.7,110.5,3144479.8
75,105,42,978152.1,39,835173.5,41.5,915573,46.5,1262954.2
75,108,31,599451.1,36,696611.7,38.5,773691.5,33,720390.9
75,109,74,1913049.4,76,1885989.9,78,2040085.2,75.5,2058881.5
75,113,,,3,73471,1,22073.2,4,105123.3
75,115,24,586493.8,22,538787.6,20,441463.3,21,551897.3
76,3,59,1486190.3,63,1428665.3,56,1378845.1,49,1264567.7
76,16,77,2154571.9,83,2300192.1,82,2442648.7,81,2252743.2
76,22,9,263593.6,7,201514.7,5,159496.8,6,171363.2
76,23,82,2258846.2,73.5,2136263.5,82,2516252.2,81,2310889.5
76,27,10,277723,9,233969.2,7,191559.7,8,188126.3
76,28,170.5,4259849.9,153,4032812.7,158,4596605.6,145,4102543.8
76,34,2,51472.2,2,41999.1,2,52969.1,2,56519.2
76,35,58,1312695.9,59,1157236.2,56,1303352.5,54,1380830.4
76,48,96,2173011.3,86,1882897.2,93,2119148.7,91,2292970.8
76,50,492,9309128.3,474.5,9195638,508,10360268.3,434.5,9526898.1
76,51,209,4810687,212,4715824.6,226.5,5262223.3,205.5,4953883.4
76,53,72,1472859.1,96,2046957.3,91,2202227,86,2141489.7
76,54,95,2186611.6,89,1986822.1,83,2014024,74,1865992.7
76,55,377.5,7521175.9,367,7392955.6,378.5,8009400.5,248,5752470.8
76,56,290.5,5640992,274,5410793.7,240,4979891.1,226,4798120.8
76,57,2,36831.3,2,36896.6,,,3,68174.7
76,59,9,207434.3,9,215250.5,9,193286.6,1,22739.1
76,60,2,46892.3,2,43107.9,2,52247.5,1,23670.2
76,61,5,117230.8,5,107769.8,5,130618.8,5,118350.9
76,63,28,728128.3,26,658346.8,27,793200.5,27,789754.1
76,64,3,68534.8,,,,,,
76,65,4,91379.8,4,78243.5,4,83606.8,4,101807.4
76,69,4,106693.3,4,110498.9,5,123845.1,5,154280.1
76,72,2,39869.6,2,39506.9,2,41513.6,2,47289.1
76,73,120.5,2510182.6,130.5,2644117.5,109.5,2427535,122.5,2703287.8
76,74,10,185947.4,11,208407.1,12,231360.7,8,178402
76,77,2,40234.6,1,19720.4,1,22998.8,1,23585.6
76,78,60,1648394.1,66.5,1633231.9,69,1867699.2,71,2023839.5
76,80,2,57044.9,2,45050.3,2,49100.8,2,44916.6
76,92,5,114220.9,4,99299.8,4,116813.7,3,95074
76,95,489,10772443.1,499,11166346.8,488.5,11887292.1,480.5,12300468.8
76,101,27,682675.6,24,593377,25,706221.5,30,885768.1
76,103,96,2208907.4,109,2714737.8,101,2572872.8,98,2773542.2
76,107,480,11816791.2,488,12025199.7,482.5,12331569,478,13149446.1
76,108,409.5,10004144.3,409,10284823.2,418,10833564.4,400,10874457.8
76,115,45,1237854.6,42,1090838.6,41,1182967.9,42,1107731
76,120,174,4520825.2,171,4435329.5,163.5,4368864.6,159.5,4609310.7
76,121,403,10076802.5,411.5,9969640.5,409,10907175.1,413,11581307.4
77,1,149.5,3248619,131.5,2827703.9,134.5,2929070.6,128.5,2957684.3
77,12,185,3525754.3,183,3507036.2,188,3730610,191,3986767.5
77,13,14,288658.2,14,279375.4,12,231145,10,215276.4
77,22,,,,,,,3,85681.6
77,23,12.5,366102.3,13,374241.6,15,478490.5,11,314165.8
77,27,23,638762.7,24,623917.7,31,848335.7,30,705473.6
77,28,40,1057750.5,40,1103681.4,44.5,1262243.5,39.5,1170424.8
77,35,2,51472.2,2,41999.1,2,52969.1,2,56519.2
77,38,6.5,143315.2,9,209012.4,10,247242.4,11,307737.9
77,39,26,573261,24,557366.4,21,519208.9,24,671428.3
77,45,6,109961.6,2,44605.1,2,50051.5,3,75739.5
77,46,,,2,44605.1,,,,
77,47,40,733077.2,33,735983.6,34.5,863388.8,37,934120.5
77,48,18,424429.5,16,364238.1,14,329568.7,13,329970.4
77,50,101,2226828.4,102,2224638,100.5,2355409.5,95.5,2298767.3
77,56,20,368312.6,19,350517.6,11,236905.9,11,249973.9
77,57,2,36831.2,2,36896.6,3,64610.7,3,68174.7
77,59,57,1243987.2,56,1312448.3,43.5,934218.7,54.5,1239283.1
77,60,28,656492.6,28,603510.7,28,731465.1,22,520744
77,63,46,1196210.7,46,1164767.4,37,1086978.6,33,965255.1
77,64,23,525433.7,27,528143.9,18,376230.6,19,483585.2
77,68,11,293406.7,10,276247.4,10,247690.4,9,277704.1
77,69,15,400100,14,386746.3,9,222921.4,11,339416.2
77,72,3,59804.5,3,59260.4,3,62270.4,3,70933.6
77,73,12,239217.8,15,296302.1,15,311352,15,354668
77,74,19,353300,21,397868.1,21,404881.3,24,535205.8
77,77,127,2549985.4,115.5,2375272.4,116,2555657.5,114,2494266.9
77,83,5,142612.1,5,112625.7,4,98201.6,3,67374.9
77,84,10,281299.4,11,283709.6,12,362581.7,12,335171.3
77,91,2,45557.7,2,49886.2,2,48952.2,2,47900.7
77,95,13,305722.3,12,288389.5,12,314187.3,9,241404.9
77,98,45,1067231.7,45,1084073.5,46,1208750.8,42,1133062.2
77,99,17,403176.4,15,361357.8,16,420435.1,15,404665.1
77,100,14.5,366622.1,15.5,383222.7,15,423732.9,17,501935.3
77,101,228,5508344.9,222.5,5395709.3,217,5351870.7,205.5,5441528.8
77,102,4,92037.8,4,99623.4,2,50948,2,56602.9
77,106,212.5,4874030.9,208,4855030,205,4851585.6,212.5,5040713.3
77,108,1,27514.1,1,28773.7,1,27296.8,1,28853.7
77,109,4,110056.6,4,115094.6,2,54593.7,3,86561
77,120,21,528005.6,21,532032.8,18,464706.8,17,512877.6
77,121,263,6834785.6,248,6736882.1,234,6466311.6,233,6465403.6
78,20,12,415213.6,12,382577.2,12,404706,11,347170.9
78,40,14,273218.3,18,381434.5,17,436746.9,11,309740.8
78,41,3,58546.8,3,63572.4,2,51382,2,56316.5
78,44,174,3428577.2,182,3806560.2,171,3823877.7,167,3959946.4
78,45,55,1298636.2,56,1358558.1,55,1382543.3,48,1192635.3
78,46,9,164942.4,9,200722.8,7,175180.4,9,227218.5
78,50,47,1028392.3,40,865891.6,43,903746.5,44,1034893.9
78,57,4,92193,4,95666.9,,,,
78,58,1,23048.3,1,23916.7,1,21476.3,1,22739.1
78,61,8,187569.3,10,215539.5,9,235113.8,8,189361.5
78,63,1,23446.2,1,21554,1,26123.8,1,23670.2
78,64,,,,,1,20901.7,1,25451.9
78,65,2,44642.4,2,39121.8,2,41803.4,2,50903.7
78,66,4,98218.9,4,100338.7,4,96953.7,4,103698.3
78,68,6,160040,8,220997.8,6,148614.2,6,185136.1
78,71,4,106693.3,,,,,,
78,75,6,111568.4,6,113676.6,6,115680.3,9,200702.2
78,82,8,228179.5,6,135150.9,6,147302.4,7,157208.2
78,87,1,28129.9,1,25791.8,,,,
78,89,8,177704,10,215680.1,10,238366.7,12,293736.6
78,90,8,182230.8,7,174601.7,5,122380.5,4,95801.4
78,91,6,136673.1,6,149658.6,6,146856.5,6,143702.1
78,97,111,2475697.2,107.5,2377046.8,99.5,2377821.9,105.5,2629711.8
78,98,252,5878873.6,268.5,6276301.4,268,6452642.9,285.5,6833630.9
78,99,144,3195314.8,138.5,3183441.3,148.5,3279754.7,145,3681218.7
78,101,2,45190,2,41094.6,2,46795.4,2,49440.2
78,102,81.5,1820479.3,83.5,1796697.5,96,2214726.5,96.5,2169402.7
78,104,190,4365419.6,179.5,4060877.9,166,3919721.1,161,3843013.3
78,105,215,4897290,220,5119023.8,219,5436115.4,201,5340880.4
78,120,24,659137.3,22,596173.8,19,527256.8,18,516516.1
78,121,310,8241478.9,296.5,7867945.9,309.5,8304319.8,318.5,8720304.7
79,2,75.5,1608725,64,1328287,58.5,1274632.4,69.5,1739899.2
79,9,4,81747.2,4,82052.8,4,74174.4,4,102135.2
79,11,110,2278099.9,121,2481886,127,2632868.5,131.5,3042410.7
79,20,106,3206617.4,103,3243592.2,93,3356601.3,82.5,2883648.9
79,21,80,2666726.3,84,2640489.2,81,2720943.4,73.5,2318406.8
79,22,51,1391458.4,53,1271168.9,49,1349055.5,46,1311286.1
79,23,6,174420.1,6,155053.2,6,173509.1,7,205939.3
79,25,6,166633.8,4,103986.2,,,4,94063.1
79,31,1,26443.8,2,55184.1,2,56730,2,59262
79,41,1,19515.6,1,21190.8,,,,
79,43,11,214671.6,7,148335.6,8,205528,8,225266.1
79,44,35,731134.1,39,843410.5,40,1133419.5,41,1034546.4
79,45,234,4881647.5,227.5,4831980.3,211,4656953.5,195,4714313.2
79,50,16.5,295727.3,16,330068.5,14,342521.7,13,358372.3
79,53,,,,,,,5,131808.1
79,54,5,86928.3,5,103566.5,5,121842.1,,
79,58,,,,,3,64428.9,,
79,65,44,982133.7,47,1012019.1,51.5,1076437.6,45.5,885969.5
79,66,70,1609333,79,1876373.6,69,1515439.9,68,1663961.9
79,68,2,53346.7,2,55249.5,,,2,61712
79,70,,,,,,,2,61712
79,71,4,106693.3,4,110498.9,4,99076.1,4,123424.1
79,72,1,18594.7,1,18946.1,,,,
79,77,132,2602874.2,149,2879169.1,129,2682890.7,127,2822449.6
79,78,4,109312.6,5,117996.1,3,84615.4,3,90367.9
79,79,5,136640.7,7,165194.6,4,112820.5,3,90367.9
79,86,35,984547.7,42,1083255,41,1238821,37,1033444.8
79,87,193,4187983.1,189,4234872.8,191,4399672.7,173.5,4208446.5
79,88,1,22213,1,21568,1,23836.7,4,97912.1
79,89,415.5,9426697.1,426,9973952.6,415,9854306.6,397,9866640.7
79,90,361,8204319.7,381.5,9071017.2,367.5,8919314,367,8920095.3
79,92,7,159909.3,8,198599.5,14,408848,15,475369.9
79,95,78.5,2103205.6,91,2371035.2,91,2384756.7,96,2630528.9
79,96,227,5302957.6,223,5498480.9,207,5222416,204,5244962.3
79,97,12,264542.2,13,282537.5,14,341312.4,15,384031.3
79,98,7,183915.5,7,172143.7,7,177945,6,155824.8
79,99,271,5595941.3,253.5,5482926,254.5,5510284.4,247,5933602.4
79,100,145,3174118,141,3129310.1,135,3252307.2,130,3129768.1
79,101,6,135570.1,6,123283.7,4,93590.9,4,98880.5
79,102,68,1712165.9,63,1607516.8,59.5,1555762.5,53.5,1329408.6
79,104,304,6606173.3,316.5,6912120,306.5,7090532,327,7959795.8
79,105,95.5,2282785.7,100.5,2509694.3,111,2574851,108,2638936.9
79,113,119.5,2998254.1,110.5,2878074.2,120.5,3251350.8,105,3093137.6
79,121,411.5,10801920.5,414.5,10602154.8,402,10860386.8,394.5,10923374.5
79,122,250.5,5839209,261.5,6175235.6,248.5,6151012.9,254.5,6437770.7
80,9,1,26949.1,1,27325.8,1,27056.6,2,54963.2
80,10,,,,,2,54113.3,1,27481.6
80,11,13,350338.7,13,355235.6,13,351736.4,12,329779
80,23,2,39046.9,2,36607.1,1,22151,1,23164.6
80,24,5,108524.4,3,73608.3,4,98865,3,76791.4
80,28,2,59066.7,2,56090.7,2,70346.5,1,32481.4
80,30,88.5,2549936.8,84.5,2351341.7,80,2401976.1,68,1966128.6
80,31,25,738334.3,23,717101.5,17,492811.3,21,621798.3
80,39,46,1063458.7,57.5,1366198.9,50.5,1399460.4,56.5,1247471.4
80,40,44,1030172.4,39,899919.3,41,837119.7,39.5,856315.1
80,42,44,1061549.8,49,1124440.8,49.5,1151092.8,47.5,1251836.3
80,43,161.5,3306154,154,3142597.7,150.5,3166252.7,155,3480941.2
80,49,3,70864.1,4,90150.2,4,87795.3,5,112256.8
80,50,67,1479034.6,62,1400921.8,56,1326672.6,54,1402865
80,51,74.5,1538288.2,83,1831466.4,84,1974748.5,84,2033450.7
80,52,2,36963.3,1,21446.9,1,20088.3,1,20898.5
80,55,14,259030.5,18,347866,27.5,552427.9,19,397071.9
80,56,34,682820.5,31,697531.7,25,653688.9,27,837225.8
80,57,62.5,1132350,68.5,1248909.1,54.5,1090622.9,52,1219088.7
80,58,53,919693.9,58,1070615.1,53,1154303.6,51,1087819.8
80,60,148.5,3097293.5,140,2810142.2,141,2998526.6,121,2761376.9
80,61,111,2415038.7,108,2376463.6,104,2376670,113.5,2681777.3
80,62,53,914425.6,54,893997,58,1173629.5,56,1291474.5
80,64,21,376336.9,23,444570.6,24,487310.9,21,489558.9
80,66,3,74174.5,3,57987.5,2,55092.8,1,21458.8
80,67,24,593396.1,15,289937.4,16,440742.3,17,364800.1
80,68,390.5,7014800.9,386.5,7263571.5,367,7065449.5,334,7029098.8
80,69,96,1480793.2,99,1476651.8,83,1370301.5,89,1379287.7
80,70,41,899679.4,39,833184.9,43,1099064.3,35,824069.2
80,71,5,109717,5,106818.6,,,5,110685.3
80,73,4,87087.6,5,105277.7,5,117354,3.5,90122.1
80,77,34,706109.6,35,772424.5,33,825480.1,28,715562.2
80,78,4,80322.6,5,105379.4,5,107379.3,5,115397.7
80,79,109,2052819.8,106,2199687.3,102.5,2214518.9,106,2489386.4
80,82,61,1304616.6,58,1321286.8,56.5,1385421.2,57.5,1467789.2
80,83,33,700808.1,31,716915.6,27,638485.2,23,558637.1
80,84,133,3362980.3,136,3450374.7,137,3820099,135,3685179
80,85,8,202284.6,4,101481.6,4,111535.7,4,109190.5
80,89,54,1246391.8,54,1261672.9,45,1085068.1,49,1077859.1
80,90,10,240843,10,223706.7,14,434768.4,13,302918.6
80,91,,,,,5,155274.4,2.5,58253.6
80,92,373.5,8544664.1,376,8379610.4,346.5,8267186.9,348,8690354.4
80,93,194,4222833.8,176,3948753.6,168.5,3957948.1,170,4215413.3
80,95,203,4512877.1,202,4827424.3,208.5,5239111.9,211,5343579.6
80,96,467.5,10119302.6,494,10902528.9,473,11314453.9,485.5,11664406.4
80,98,3,56758.3,2,39601.6,2,40463,1,21041.9
80,99,51,964890.8,55,1089043.5,48,971113.9,51,1073139.3
80,100,12,293786,7,152639,10,243306.8,12,302552.8
80,104,1,22542.2,1,23517.7,1,22680,1,25812.2
80,110,88,2078935.9,84,2008034,90,2272740.4,105,2645787.1
80,111,12,291585.1,12,292247.7,7,187972.3,7,210723.4
80,113,172,4007810.4,165,3897933.3,162,4106539.3,169,4427175.5
80,114,3,74030.7,,,,,,
80,115,3,74030.7,3,70802,,,,
80,121,373.5,9724529.6,355,9253642.8,342,9278611.9,351,10015102.2
80,122,407.5,9242818.4,381.5,8940388.8,346,8155020.2,331.5,8060831.7
81,1,5,121910.6,5,107557,5,119348.2,5,118084.3
81,2,43,998636.3,42.5,1035814.3,39,946082.9,38,918830
81,4,,,,,,,5,138553.3
81,5,263,5155992,240,4697617.1,228,5005459.1,243.5,5352602.5
81,6,2,44746.8,2,45247.8,2,52022.6,2,45703.1
81,7,3,67120.2,3,67871.8,3,78033.9,2,45703.1
81,8,1,26949.1,,,,,,
81,9,5,134745.6,4,109303.3,6,162339.8,4,109926.3
81,10,3,80847.4,3,81977.5,4,108226.6,4,109926.3
81,27,1,21704.9,1,24536.1,,,4,102388.6
81,30,3,88600.1,4,124713.3,4,115955.6,4,115419.6
81,31,41,910127.3,45.5,990975.3,41,1114467.6,36,1038776
81,33,17,452518.4,17,457460.4,17,479186.7,17,549171.3
81,34,158,4382283.7,152,4531798.4,134,4373184.9,132,4110563.1
81,36,44.5,1133604.8,46.5,1184987.1,48.5,1422267.2,45.5,1217508.3
81,37,120,2526663.4,113,2461497.1,105,2465089.4,100,2573474.8
81,40,2,48284.9,2,49504.3,2,48767.5,2,43357.7
81,41,129,2906847.7,135,2961287.5,132.5,3184370.1,121,2815000.8
81,42,5,120630.7,5,114738.9,6,139526.4,4,105417.8
81,49,57.5,1358229.2,58,1351590.8,53,1229600,55,1412224.4
81,50,72,1469561.4,65,1420575.3,69,1573134.4,67,1532327
81,51,3,66225.4,1,21855,4,94762.3,7,181852.8
81,55,44,846755.6,34.5,694692.2,28.5,583393,30.5,706144
81,56,43,926887,35,730521.6,34,778585,39,933977.4
81,57,4,80331.8,4,90004.1,3,78442.7,4,124033.5
81,58,,,1,18458.9,1,21779.3,,
81,59,10,173527.1,7,129212.1,10,217793.2,8,172844
81,60,18,322960.7,19,379407,20,427074.3,21.5,366981.3
81,61,69,1238016.1,56,1118252.1,55,1174454.5,55.5,1244866.3
81,62,165,3142141.8,178,3412250.4,154.5,2997178.2,161.5,3373468.8
81,64,38,680990.7,38.5,685432.8,38,771575.4,39.5,920837.1
81,65,1,17920.8,1,19329.2,1,20304.6,1,23312.3
81,68,33,756253.5,33,826507.6,34,834274.9,35.5,902177.2
81,71,6,131660.4,5,106818.6,11,228445.1,5,110685.3
81,77,,,,,2,50029.1,2,51111.6
81,78,82,1646613.1,86,1812526.1,89,1911351.3,83.5,1927140.9
81,79,13,261048.4,9,189683,10,214758.6,10,230795.3
81,80,55,1129653.5,49,1005408.7,52,1083131.9,51,1032264.2
81,83,6,127419.6,5,115631.5,5,118238,6,145731.4
81,86,12,303426.8,12,304444.8,11,306723.3,10,272976.2
81,88,1,24084.3,3,67112,3,93164.7,4,93205.7
81,89,2,48168.6,2,44741.3,2,62109.8,2,46602.9
81,92,1,23173.2,1,24499.2,1,24388.1,1,25382
81,95,7,176286.8,4,104763.1,3,80811.9,4,119948.8
81,96,24,523023,22,475601.1,23,550539.2,19,470183.6
81,103,76,1740522.8,77,1696656.8,76.5,1760449.4,75.5,1777282
81,110,96,2208088.5,93.5,2235746.7,89,2213927.1,86,2346842.5
81,111,8,194390.1,8,194831.7,6,161119.1,4,120413.3
81,121,291,7687640.2,281.5,7628161.6,323.5,8807256.4,309,8405502.7
81,122,26,741796.5,26,818912.6,35,1045300.6,37,1179305.1
82,1,27,658317.3,34,731387.4,24,572871.3,27.5,649463.8
82,2,169,3319948.1,164.5,3276685.5,153.5,3358823.2,145.5,3371861.2
82,3,2,45775.9,,,1,24891.1,,
82,4,3,67120.2,3,67871.8,3,78033.9,3,68554.7
82,5,4,89493.6,4,90495.7,4,104045.2,4,91406.2
82,16,2,41949.8,2,47148.4,1,23573.5,1,23522.4
82,20,12,234281.6,9,164732.2,7,155057.1,7,162152.3
82,30,7,221563.9,11,308499,11,386905.6,6,194888.2
82,31,5,158259.9,5,140226.8,5,175866.2,3,97444.1
82,36,4,121707,3,85912.5,3,94859.2,3,90270.3
82,37,18,547681.3,18,515474.8,13,411056.6,12,361081.4
82,38,20,608534.8,18,515474.8,18,569155.3,16,481441.9
82,42,1,24142.5,1,24752.1,1,24383.8,1,21678.9
82,49,11,259835.1,15,338063.1,17,373129.9,16,359221.8
82,51,6,141728.3,9,202837.9,7,153641.7,6.5,145933.8
82,52,6,130163.5,6,135390.7,6,135885.1,6,128993.8
82,53,175,3467615.1,169,3375474.8,151.5,3234330,159,3524685.3
82,54,77.5,1430529.8,62,1329705.2,60,1306034.6,55,1399925.8
82,62,2,34506.6,2,33111,2,40470,6,138372.3
82,65,74,1372800,70,1292014.1,66,1307448.7,76,1580899.1
82,69,26,569465.7,34,533935,35,619707.6,32,642725.6
82,71,19,360656.5,20,364834.3,19,394587.1,19,420604.1
82,72,30,653157.2,32,673777.2,28,657182.6,25,643729.3
82,77,,,5,110346.4,5,125072.7,5,127779
82,80,2,41078.3,2,41037.1,2,41658.9,,
82,82,10,215352.6,9,204779.4,9,216504.9,9,210933.2
82,83,258.5,5736614.7,246,5691367.9,247.5,6049228,243.5,5747273.5
82,86,327.5,6474938,317.5,6422147.5,323,6764998.8,309,6774348.3
82,87,,,,,2,44395.9,2,48548.6
82,89,246.5,5174835.6,245.5,5009158.4,199,4108873,197,4242803
82,90,611,15294032.9,605.5,15077074.5,576.5,15039323.7,559.5,14864230.5
82,91,1653.5,26894686.6,1582.5,26168506.5,1547,25916283.4,1490,25791769.3
82,92,3103.5,59767290.7,3060,59146295.3,2850,55776467.2,2704.5,54964588.1
82,93,682,12824631.6,707.5,13643514.6,811,15571882.8,779.5,15579105.8
82,95,177.5,4175407.1,188,4283097.2,192,4467619.6,176,4562645.6
82,96,530,11950163.2,516,12028247.3,501,12072587.1,503,12308099.8
82,103,92.5,1911890.7,103.5,2209171,104,2289999,95,2340665.6
82,111,104,2626084,116,2966994.4,107,2927189,109.5,3196433.2
82,121,197,5173225.2,181.5,5016058.3,203,5768179.8,223,6500341.5
82,122,8,233846.8,8,230605.1,7,212420,7,194924.8
83,3,18,411982.7,15,358560,16,398258.1,16,452698.8
83,4,44,984429.7,52,1176443.7,43,1118485.9,43,982617
83,8,72.5,1493217.3,76,1654224.4,78,1683047.8,68,1600788.8
83,9,3,64051.9,3,63367.8,2,41939.9,2,44895.9
83,15,57,1117200,59,1217344,57,1245325.9,62,1398899.7
83,16,119,2540330.4,104,2344326.4,92,2109667.8,98,2359818.4
83,20,5,97617.3,5,91517.8,5,110755.1,4,92658.4
83,30,121,3777196.2,115,3257945,89,3008368.8,83,2695952.9
83,34,137,3366846.9,146,3441769.7,135,3693259.1,129,3319510.5
83,37,7,212987.2,5,143187.4,4,126479,6,180540.7
83,39,3,91280.2,3,85912.5,3,94859.2,3,90270.3
83,40,165,3770437.2,164,3886060.9,146.5,3554768.1,132,3331774.1
83,41,177,4038467.2,152,3529572.8,154.5,3661792.7,160.5,3729270.1
83,45,71,1797154.1,62,1649291.8,74,1952663.1,71,1860213.9
83,46,31,697917.3,29,655323.2,22,548905.6,25,595655.9
83,53,48.5,1052155.3,52,1173385.9,51,1155023.2,50.5,1085697.8
83,54,,,,,2,43795.3,2,51847.8
83,60,7,120773.2,7,115888.5,6,121409.9,6,138372.3
83,61,2,34506.6,2,33111,2,40470,2,46124.1
83,62,1,17253.3,1,16555.5,1,20235,1,23062
83,63,3,51759.9,2,33111,2,40470,1,23062
83,64,2,30209.3,2,32166.3,2,32453.7,,
83,65,50,755231.7,50,804157.3,45,730208.5,54,1149551.5
83,67,4,98899.4,4,77316.6,4,110185.6,3,64376.5
83,68,3,65707.6,2,31407.9,2,35411.9,2,40170.4
83,69,48,966519.3,53,887609.3,54,1022526.1,56,1105385.7
83,70,10,189819.2,9,164175.4,4,83070.9,4,88548.3
83,74,2,40126.3,2,41466.1,2,43164,2,45032.9
83,75,107,2146758.8,113,2342836.1,99,2136617.5,93.5,2105289.8
83,76,4,83071.7,4,88277.1,4,100058.2,4,102223.2
83,81,2,41078.3,2,41037.1,3,62488.4,5,101202.4
83,83,14,301493.7,18,409558.9,17,408953.7,19,445303.5
83,88,68,1502180.8,60,1361786,63,1430809,62,1466016.2
83,89,605,13654830.4,608.5,13805998.2,612.5,14153516.7,634,15634544.2
83,90,327.5,6307311.7,352,6779693.8,353.5,7238369.4,360,7391573.6
83,91,2262,34388509.7,2242,34891823.8,2107,34392101.3,1990.5,34155500
83,92,1420,31594031.9,1473,33049976.2,1457,32825354.8,1478,34886442.7
83,93,1854,31387340.8,1745,30155773.2,1676.5,30941842.5,1456.5,29403777.7
83,94,3,69506.9,3,68719.1,7,153939.5,10,246802.6
83,96,133,3294229.4,139.5,3562716.4,144.5,3644629.9,139.5,3721430.3
83,98,2,37838.9,2,39601.6,2,40463.1,,
83,102,165,3662553.6,171.5,3769145.5,169,4025221.6,167,4206905
83,111,11,278444.2,13,323523.2,13,355639.8,12,354108.4
83,112,46,1135137.4,48.5,1144631.6,42,1016443.2,41,1110119.3
83,121,36,1052310.4,32,922420.3,28,849680.1,31,863238.5
83,122,2,58461.7,1,28825.6,1,30345.7,1,27846.4
84,8,5,97990.3,5,102084.3,3,66922,3,70803.9
84,16,7,136664.3,8,146428.6,7,155057.1,6,138987.7
84,21,1,19523.5,1,18303.6,1,22151,1,23164.6
84,22,4,78093.9,4,73214.3,4,88604.1,4,92658.5
84,26,140,3561342.2,124,3109513.4,117,3245585.4,119,3471721.5
84,27,58,1351587.3,53,1083159.1,59,1580114.1,53,1250857.2
84,31,51,1106948.9,65,1303291.5,54,1334677.1,49,1254260.2
84,32,71,1849337.5,81,2101850.1,75,1948364,75,1948204.4
84,34,4,87184.4,2,45307.9,1,25800.4,4,101227.6
84,40,132,2983214.8,133,3044112.8,131.5,3165276.3,120,3024744.2
84,41,145.5,3023721.8,147.5,3143470.4,145.5,3512798.1,135.5,3266831.1
84,52,10,182272.4,4,82192.6,6,128288.8,5,108015.1
84,53,2,36454.4,2,41096.4,2,42763,4,86412
84,62,1,21416.2,1,20532.8,1,22331.4,1,26637.8
84,75,38,727250,26,475927.4,25,499407.3,25,509165
84,76,66,1485716.4,68,1457638.8,63,1349255.9,67,1553404.8
84,78,2,45021.7,2,42871.7,2,42833.5,2,46370.3
84,81,4,97651.6,4,90105.1,4,113482.5,,
84,82,4,97651.6,4,90105.1,,,,
84,83,4,97651.6,2,45052.6,2,56741.3,,
84,84,47,872732.3,51,1024913.8,57,1188288.4,56,1241480.2
84,86,10,207570.8,8,177391,12,262521.2,7,159339.4
84,87,345.5,7818082.9,337.5,7741294.5,356,8077595.6,341,8287233
84,88,4,96551.4,4,85663.9,3,64354.1,2,44499.7
84,91,215,3195248.8,206.5,2954202.4,180.5,2595147.6,175.5,2669848.5
84,92,142,2869310.1,128,2577165.9,126.5,2654924.6,137.5,3109527.9
84,93,379,4728881.2,340,4667998.4,212,3241574.7,152,2512312.5
84,94,,,1,25730.9,,,,
84,101,456.5,9906510.6,460.5,10332999.9,438,10453305.8,450.5,11445878.3
84,102,110,2665240,104,2565586.8,101,2595718.2,103.5,2624256.5
84,106,,,,,1,22680,1,25812.2
84,107,1,22542.2,1,23517.7,,,,
84,111,22,495928.1,24,564426,26,589680.7,27,696928.5
84,112,129,3085046.4,123,2907648.5,126,3108989.1,123.5,3163162.8
85,1,84,2019518.7,83,1949467.3,95,2429785.7,97,2531487.2
85,14,2,39196.1,2,40833.7,1,22307.3,1,23601.3
85,26,61.5,1177616.4,68.5,1489118.4,74,1922894.3,75,1831456.7
85,27,33,691817.8,36,668830.6,34,659399,27,668011.3
85,34,66,1438541.9,63.5,1438526.8,68.5,1767330.6,64.5,1632293.6
85,39,2,32250.3,2,52809.2,2,54475.4,2,53827.3
85,40,106,2387074.5,119,2744952.7,106.5,2727126.9,104.5,2645766.6
85,46,2,39050.1,2,40926.1,2,44693.3,2,54881.3
85,51,17,309863,19,390415.2,16,342103.5,18.5,399655.7
85,52,9,164045.1,8,164385.3,12,256577.6,10,216030.1
85,57,66,1340224.8,65.5,1378860,55.5,1297841.9,60.5,1353090.6
85,58,96.5,1989065.5,102.5,2149583.4,93,2030082.4,89,2262766.3
85,59,5,103060.4,8,167772.4,7,152801.9,5,127121.7
85,62,22,471157.1,19,390123.3,13,290308.2,14,372929.8
85,63,2,42832.5,2.5,51332,2.5,55828.5,2.5,66594.6
85,71,,,,,4,82256.4,4,89273.7
85,72,1,19138.2,1,18304.9,1,19976.3,,
85,81,1,24412.9,1,22526.3,1,28370.6,1,30127.3
85,85,44,935458.2,46,1004190.5,53.5,1184295.8,60,1393126.4
85,86,121.5,2326467.5,130,2545679.9,123,2378180.1,103.5,2355999
85,88,8,193102.9,7,149911.9,7,150159.7,7,155749
85,89,11,265516.4,12,256991.8,11.5,246690.9,12,266998.3
85,90,144,3331030.5,142,3379342.9,140.5,3470239.3,141,3648280.7
85,91,720,14510818.3,692,14208864.5,672.5,14146482.9,629,13840388.7
85,92,1,19146,1,18114.7,,,2,42666.6
85,93,1,19146,1,18114.7,1,20519.7,1,21333.3
85,94,196,5183993,203,5634462.8,214.5,6020826.1,203.5,5752919
85,95,37,781315,36,926313.2,44,1174918.8,41,1190137.2
85,99,4,89943.7,4,89771.9,4,92303.8,4,95656.4
85,101,223.5,5132759.7,228.5,5138208.9,229,5353900.7,238,5805285.7
85,102,21,521102.1,24,614190.4,22,601406.4,19.5,482823.4
85,104,74.5,1626268.2,78,1785692,79,1791722.1,75,1931963.1
85,112,2,51769.4,1,23207.8,1,25807.8,1,27223.3
85,120,14.5,390332.7,11,281237,14,363765.1,14,394533.8
85,121,296.5,6997032.8,293.5,6622441.3,293,7076006.3,292.5,7452070.7
85,124,13,272276.4,21,491760.1,17.5,440502,17,436907.8
86,1,9,178373.2,7,151728.6,6,144652.7,5,96766.9
86,3,1,26375.3,2,53111.1,2,45006.9,,
86,29,2,43409.8,2,49072.2,2,49432.5,2,51194.3
86,36,31,624374.5,31,663438.3,27,686623.8,31,765153.9
86,37,101,2491908.2,107,2645893.8,103,2576195.6,101,2562013.4
86,38,7,112876.1,8,211237,7,190664,7,188395.4
86,39,257,5576179.6,227,4990107.7,233.5,5389822.4,218,5224334.8
86,46,65.5,1278890.3,63,1289171.9,58.5,1307278.1,61,1673880.7
86,58,10,203064.3,13,273666.8,15,321512.4,11,246016.5
86,61,9.5,171848.1,8.5,166011.2,10.5,208980.3,11,256359.7
86,69,36,630966.4,33,498000.2,33,678615.3,33,736507.9
86,70,2,35053.7,2,30181.8,2,41128.2,2,44636.8
86,72,25,573828.8,22,510097.8,20,464388.6,15,357477.9
86,73,93,1818512.4,82.5,1817055.5,78.5,1828464.6,83,1889542.6
86,80,125,2383627.2,124,2333386,119.5,2478019.8,111.5,2230340
86,81,336.5,7285226.2,315.5,6654241.9,296,6679395.7,303.5,6912074
86,84,14,315095.7,18,453241.4,14,359619.9,12,310376.4
86,85,107,2225542.7,102,2135051.5,100,2096137.5,98,2233747.5
86,88,163,3755597.1,167,3834800.6,189,4493361.3,185.5,4465126.3
86,89,154.5,3330997.8,149.5,3366812.9,148,3462428.5,139,3488907.2
86,90,51,1287507.9,47,1050229.3,50.5,1190688.6,36,888732.6
86,91,34,781243.6,34,804065.3,32,785679.9,31,820445.8
86,93,303,6514895.3,296,6488090.4,306,7087475.7,295.5,6840634.4
86,94,330.5,7608429.6,298,6954435.6,302.5,7307853.1,282,7328414.6
86,95,40,972574.7,34,911687.7,28,825984.2,25,750417.5
86,99,170.5,4493934.8,172,4455787,185,5047282.7,188,5413301.6
86,100,86.5,2112000.2,85.5,2077223.1,86.5,2014644.6,86,2147436.4
86,112,40,896703.6,39,908847.4,34,911769.9,29,779692.2
86,124,59,1252968.5,58.5,1327499.6,62.5,1517490.1,77,1909690.3
87,1,105,1984809.4,95,1878548.2,88,1983300.2,74.5,1587024.1
87,2,67.5,1537266.1,54.5,1291812.3,53.5,1083611.9,59,1492828.1
87,34,8,207202.5,9,221354.7,9,198937.8,11,279566
87,35,22.5,582756.8,28,688659,23.5,519448.7,32.5,825990.6
87,36,753,16860170.7,689,15489961.2,669,15593831.7,676.5,16292956.4
87,37,1225,23290400.3,1249,24048315.5,1227,23938911.4,1212.5,24568001.5
87,38,230,3239113.8,250.5,3461765.5,255.5,3801050.9,267,3567515.9
87,39,,,,,,,1,26913.6
87,48,10,182272.2,8,164385.4,10,213814.8,10,216030.1
87,56,6,121838.6,4,84205.2,6,128605,6,134190.8
87,61,133,2517343.6,136.5,2666827.5,134.5,2663362.2,123.5,2896628.2
87,62,15,321243.5,15,307992.1,18,401965.3,18,479481.2
87,63,5,107081.2,7,143729.6,5,111657,5,133189.2
87,73,24,550875.7,30,695587.7,31,719802.3,30,714955.6
87,80,10,210693.8,10,207661.3,7,175252.5,6,147065.9
87,81,54,1194288.2,47,1053643.1,39,976406.8,39,955928.2
87,83,87,2123922.7,84.5,1903470.9,77.5,2260140.3,81.5,2455378.1
87,84,9,202561.6,10,251800.9,13,333932.8,10,258647
87,87,10,249649.6,7,140674.4,4,83388.7,5,110846.5
87,89,51.5,899354.8,43,783842.7,47.5,976191.9,45,976490.6
87,90,15.5,374136.8,21,449735.7,21,450478.9,28,622996.2
87,98,139,3059516.2,129,2936127.8,130,3067385.6,129,3123929
87,101,83.5,2098338.2,82.5,2079394.6,83.5,2384461.3,84.5,2468439.1
87,102,24,488662.2,31.5,660252.5,29.5,633299.4,30,752098.7
87,107,1,22542.2,1,23517.7,1,22680,1,25812.2
87,112,129,3345887.7,135.5,3303628.9,136,3506524.4,137.5,3739526.2
87,118,67,1802636.4,69,1972493.3,63,1821358.1,69,1938684.2
87,124,170,4318840.4,168,4665695.6,177,5364569.1,163,4969336.3
88,27,3,69689.1,3,71595,3,76111.3,3,73649.4
88,28,4,92918.8,4,95459.9,7,177592.9,7,171848.7
88,29,101.5,2452495.2,98.5,2458057.4,90.5,2308019.9,87.5,2170903.6
88,32,237,6319846.3,230,6182740.1,210,6064232.8,202.5,6116808.1
88,34,212,5044447.5,214,5196489.5,201,5061872.1,182,4660932.6
88,35,137.5,2881083.8,139.5,3092231.6,150,3478997,150,3567118.2
88,36,1123,21535382.2,1020.5,20013399.2,979.5,20159159.5,934.5,19638048.9
88,37,1024,18752585.2,1011,18383848.8,933.5,17872816.9,887.5,17225753.5
88,38,160.5,3966059.1,153,3956326.2,157,4013657.5,170,4296847.1
88,44,96,2018179.8,86.5,1843742.3,83.5,2057840.1,83,2079926.7
88,45,17,367500.7,17,334728.6,12,281431.9,10,260802.9
88,47,16,461510.4,14,352859.3,12,368241.6,11,308109.4
88,48,21,549090.4,19,565258.4,21,653950.1,17,455920.2
88,52,4,75070.4,4,81420,2,46274.7,4,92694.8
88,56,24,482684.9,25,524650.9,25,558799.3,23,521621.5
88,61,151,2773124.1,142,2829107.2,139.5,2823815,141,3005782.1
88,62,23,514224.7,27,562850,27,608501.6,26,653785.6
88,65,8,179445,8,191042.2,5,114286.8,4,89558.8
88,70,1,23551.4,,,1,22056.9,1,23609.6
88,71,,,,,3,66170.8,3,70828.7
88,74,,,,,1,30189.2,1,26879.8
88,76,2,42648.1,2,49202.7,2,60378.5,2,53759.6
88,83,4,83773.6,4,84492.3,4,83534.4,3,71876.9
88,89,302.5,6163439.9,280,5921278.9,266.5,5830610,254.5,5959102.9
88,90,205.5,4472348,203,4608273.5,223.5,5082494.8,219,5292611.8
88,91,146,3367849.1,145,3505935.7,145,3608826.6,146.5,3725663.3
88,93,33,733265.9,36,887752.8,36,769960.5,35,843935.4
88,94,8,200265.6,10,258689.6,8,195323.2,7,163175.5
88,95,37,926228.3,35,905413.7,42,1025446.5,55,1282093.3
88,101,2,54046.9,2,57711.8,2,55992.9,2,60258.8
88,102,,,,,1,25524.6,1,27484.9
88,112,68,1762099,66,1661656.8,71,1738429.8,69,1995071.3
88,118,4,89143.3,4,98449.6,4,101510.8,4,89934.8
88,125,1,24675.6,3,68537.6,2,50535.5,3,76646.8
88,127,3,74026.9,3,68537.6,,,,
89,18,68,1372283.3,63,1375701.2,59,1400458.3,58,1247337.1
89,29,,,1,23865,3,76111.3,2,49099.6
89,32,72,1827998.5,61,1571455.6,52,1272182.8,57,1676392.2
89,33,13,356232.3,11,278572.6,11,326260.1,9,278147.5
89,35,3,73676.2,,,3,73261.5,5,125544.8
89,37,10,213435.3,5,102302.2,5,104758.7,5,103063.4
89,41,7,178335.9,4,97982.2,6,164040,6,177233.6
89,59,18,362013.7,22.5,488208,19.5,479440.2,21.5,476633.8
89,61,59,1127342.5,61,1257224.3,63,1300240,66,1357242.9
89,62,5,111788,7,145924.1,6,135222.6,6,150873.6
89,63,2,44715.2,,,,,,
89,65,105,2376170.3,107,2607774.2,102,2351351.4,97,2326726.1
89,66,45,928929.8,40,932053.2,37,825426,39,889342.7
89,67,68,1309187.3,69,1303083.3,60.5,1158365.1,64,1240231.2
89,68,231,4556951.7,227.5,4971429.2,204,4504224.1,212.5,4756080.8
89,69,20,371161.8,17,359432.7,18,390972.1,16,336625.8
89,71,17,400373.8,13,269636.9,9,198512.4,10,236095.8
89,74,,,1,24601.4,1,30189.2,1,26879.8
89,82,100,2096313.8,96,2015162.3,92,1930824.9,95,2283036.4
89,86,136,2865956.1,135,3029766.6,141,3140203.7,136.5,3373633.4
89,87,6,117199.7,7,150277.7,7,148913.7,6,144398.4
89,88,75,1595954.4,74,1633505.3,70,1563896.6,60,1459410
89,89,3,59661.1,3,60545.3,3,61780.7,3,72970.5
89,91,93,2437623.9,98,2421402,89,2420459.1,82.5,2290008.6
89,93,3,66660.5,3,73979.4,3,64163.4,5,120562.2
89,94,189,3912053.5,195.5,4254500.1,207.5,4736220.8,201,4934974.7
89,95,57,1233223.3,55.5,1222291.2,67,1460326.7,73,1660863.7
89,96,143.5,3407605.4,147.5,3420556.7,150.5,3826201.5,145.5,3925074.4
89,97,18,458411.7,21,504457.9,21,533448.7,20,533095.8
89,99,84,2231163.2,87,2414657.9,74.5,2110043.8,67.5,2011027.1
89,100,174.5,4082910.5,187,4515150.7,176,4414223.3,168,4491155.7
89,105,1,26579.9,1,24419.1,1,25511.1,1,24631.6
89,108,4,106319.7,5,122095.5,5,127555.5,5,123158.1
89,109,1,26579.9,,,,,,
89,113,32,839548.8,34,912268.5,32,853703.7,30,831821.1
89,114,23,512573.9,26,639922.4,26,659820.2,24,539608.8
89,121,2,49351.2,2,45691.7,2,50535.5,2,51097.9
89,125,2,49351.2,,,,,,
90,2,2,37875.8,2,36793.1,2,38339.9,2,37996.6
90,5,93,2008642.4,101.5,2096981.3,100,2039643.3,99,2256467.1
90,6,5,131937.6,7,174402.9,8,205650.4,9,243946.8
90,9,3,57793.2,3,56697.9,2,43574.3,,
90,13,39,966761.3,42,925507.2,10,221753.1,40,1072347.4
90,35,12,328829.8,11,278572.6,11,326260.2,10,309052.8
90,38,1,27795.9,1,28778,1,27881.7,1,32742.9
90,39,23,639306,24,690671.7,21,585515.1,23,753087.1
90,40,149,3799429.8,153.5,3846649.7,142.5,3885597,143.5,3842247.6
90,52,135,3070909.2,138,3060595.4,153,3504982.9,141.5,3411975.3
90,57,4,81728.8,4,91444.6,3,67447.7,3,69644.9
90,58,12,238724.6,11,218852.1,22,453054.1,23,502674.9
90,59,246,4863166.2,241,4530274.6,238.5,5155115.2,239,5436441.4
90,63,4,89430.4,4,83385.2,4,90148.4,4,100582.4
90,64,1,21088.9,1,21906.9,1,22460.5,1,22420.4
90,65,16,337422.5,14,306696.7,15,336907.8,15,336305.8
90,68,3,52507.2,4,71761.7,8,193455,8,167307.5
90,69,25,437560.5,31,556153.4,31,584657,31,648316.8
90,70,2,47102.8,2,41482.6,2,44113.9,2,47219.2
90,71,20,471028,21,435567.3,24,529366.3,23,633117.3
90,72,35,746341.4,39.5,971753.8,37.5,1132096,40,1075191.6
90,73,2,42648.1,,,1,30189.2,3,80639.4
90,80,79,1844786.1,80,1927869.4,72.5,1796167.2,75,2105334.9
90,82,6,124359.2,7,170964.3,6,157345,6,152716.8
90,86,6,126621.9,7,154292.2,5,116353.5,5,130093.5
90,87,28,590901.9,25,551043.7,24,558497,24,624448.6
90,88,66,1512482.4,72.5,1762919.6,65.5,1731001.1,73.5,1970114.7
90,96,75,1653641,76,1738954.4,65,1551374.2,72,1647934.7
90,97,119,2557255.9,118,2697536.4,116,2638996,115,2832219.3
90,108,1,26579.9,1,24419.1,1,25511.1,1,24631.6
90,113,3,66857.5,2,49224.8,2,50755.4,2,44967.4
90,121,1,24675.6,,,,,,
91,0,,,5,91982.9,6,115019.6,5,94991.4
91,5,132,2862178.5,123,2719030.9,134.5,2887645.8,127.5,3075449.8
91,6,3,79162.6,3,74744.1,3,77118.9,1,27105.2
91,7,7,184712.7,8,199317.7,8,205650.5,8,216841.5
91,9,171,3267765.2,156,3109478.2,155,3523372.2,156,3643031.9
91,12,2,49577.5,2,44071.8,2,44350.6,1,26808.7
91,13,77,1569429.7,71,1521944.4,86,1924815.1,70,1684955.9
91,14,,,,,24,532207.5,,
91,15,3,74366.3,4,88143.5,,,4,107234.7
91,17,4,80722.5,4,87346.1,,,,
91,34,3,82207.5,3,75974.4,3,88980,7,216337
91,35,2,54805,2,50649.6,4,118640,4,123621.2
91,39,8,222367.2,7,201446,5,139408.3,7,229200.3
91,40,38,968108.9,40.5,992070.4,41,1120940,41,1211096.5
91,41,6,152859.3,8,195964.5,6,164040,6,177233.6
91,45,21,605732.4,21,529289.1,26,797856.8,25,700248.3
91,46,10,187474.9,8,158594.4,8,179636,7,163649
91,47,69.5,1445182.2,77,1584449.3,72,1638069.2,79,1842510
91,48,18,470648.9,14,416506.2,13,320197.4,11,295007.1
91,52,180,3580024.7,184.5,3788736,195,4288203,193.5,4254594.5
91,53,14,330060.5,18,414753.9,14.5,357001.6,15.5,464790.7
91,54,2,37535.2,2,40710,2,46274.7,1,23173.7
91,55,56,1050984.2,50,1017750.6,48,1110592,52,1205033.6
91,56,37,755991.6,39,891585.3,31,696959.8,40.5,940205.6
91,57,14,286051,14,320056.2,14,314756,13,301794.4
91,58,7,139256,6,119373.9,6,123560.2,11,240409.7
91,59,22,437661.7,28,557078.1,23,606503.2,24,596184.3
91,60,2,44715.2,2,41692.6,2,45074.2,2,50291.2
91,66,44,867822.5,40,811707.3,41,816139.6,43,920455.1
91,67,40,843556.3,42,920090.1,40,898421,37,829554.3
91,69,28,627132.8,25,564734.6,20,483637.3,23,573171.5
91,80,171,3626213.5,173,3863694.7,169.5,3821491,161,3829016.4
91,81,228.5,5009423.7,215.5,4914573.3,211,4999371.4,211,5206085.9
91,82,46.5,1051931.2,50,1241571.6,46,1206311.5,45,1145375.5
91,91,8,192082.1,13,339499.6,13,354779.5,16,435225.5
91,94,204,4124017.8,197.5,4217880.1,185,4060470.8,188,4620005.1
91,98,4,114475.9,4,120574.8,5,158066.8,6,196107
91,102,2,50292.6,2,46659.8,2,51049.2,2,54969.9
91,103,101,2505397.2,103,2434295.1,94,2399313.2,93,2579422.9
91,104,4,106319.7,4,97676.4,4,102044.4,4,98526.4
92,3,5,94689.5,5,91982.8,8,153359.4,9,170984.5
92,4,182.5,3727376,191,3652592.7,172.5,3722104,183.5,4079890
92,5,13,352869.9,14,318380.6,12,278613.8,13,327477.8
92,9,3,63124.7,3,64401.9,4,87725.6,4,77183.7
92,13,5,99218.5,6,123221.6,5,105415.6,5,125034.5
92,14,21,416718,29,595571.1,19,400579.4,21,525144.8
92,15,2,39687.4,2,41073.9,2,42166.2,,
92,17,40,743767.2,30,514074.3,31,579178.7,34,791750.7
92,20,6,131920.8,6,127777.6,5,104689.1,4,86331.7
92,21,313,6046277,299,6223299.3,289.5,6168035,281,5968750.9
92,22,15,319285.7,16,355753,20,410815.1,20,396404.9
92,24,22,444148.6,20,388317.6,20,382245.7,22,478504.4
92,26,2,49711.8,2,46574.4,2,52640.3,2,47217.7
92,27,55.5,1263781.3,31,738515.4,34,801298.9,,
92,32,414,8122721.1,405,8019047.5,380,8060814.3,380,8179586.6
92,33,140,2660678.4,130.5,2455724.2,133,2518349.8,137,2784156
92,35,5,113247.1,5,110790,5,132937.8,5,133268.8
92,37,144.5,4078774,144,3899223.7,143.5,4356685.6,146.5,4055644.5
92,40,3,81652,3,85356.2,,,,
92,42,2,54434.7,2,56904.1,2,64425.9,2,64651.9
92,45,17,371625.8,14,339934.6,12,349298.8,12,353799
92,46,4,87441.4,5,121405.2,5,145541.2,5,147416.2
92,47,15,327905.2,19,461339.9,15,436623.5,15,442248.7
92,48,8,133641.2,6,119206.1,4,85930.9,4,79888.3
92,55,6,156883,6,178502.6,6,147783.4,9,241369.5
92,56,4,89430.4,4,83385.2,4,90148.4,3,75436.8
92,62,9,197989.2,14,301761.5,15,349550.5,13,325158.2
92,64,5,115214,4,92196,7,165497.1,2,52276.2
92,69,3,57230.6,2,46334.4,2,46082.6,2,52215.5
92,72,19,437307.2,24,572119.2,14,334604.2,24,605215.9
92,79,20.5,483231,22.5,581089.8,22.5,564768.8,21.5,519687
92,80,25,442163.9,24,461325.2,24,515104,23,567561.8
92,84,1,21172.2,1,26424,1,25352.3,1,26595.7
92,85,16,338755.5,22,581328.4,22,557750.7,23,611700.5
92,87,175,3616905.5,176,3837668.6,175,4035315.2,175,4064025.3
92,88,5,107401.1,5,93600.4,6.5,147020.7,7.5,188524.5
92,89,4,85920.9,5,93600.4,5,113092.9,4,100546.4
92,94,7,158418.2,6,124710.4,3,65146.4,5,113694.1
92,95,117,2532636.4,111,2330628,103,2233949.3,90,2149241.8
92,99,135,3076374.9,129,2916990.4,140.5,3357188.3,139,3444912.7
92,100,95,1858234.9,110.5,2416254.2,92,2264342,79.5,2174381.1
92,111,8,212639.4,8,195352.8,8,204088.8,4,98526.4
92,120,2,49351.2,2,45691.7,,,,
92,125,18.5,440146.1,19,468868.3,22,579248.6,20,569790.9
92,126,17,471300,12,267965.9,11,267964.8,17,390083.5
93,4,27,732883.6,26,591278.2,26,603663.1,19,478621.3
93,6,2,54287.7,2,45482.9,2,46435.6,2,50381.2
93,8,,,2,42934.6,,,,
93,14,25.5,624403.2,24,600231.5,35,857737.5,37,960356.2
93,23,97,1920304,90,1817396.3,81.5,1666498.3,80.5,1748732.2
93,24,460,8769697.3,420.5,8239070.9,424,8433864.5,408.5,8607587.2
93,25,,,,,,,2,43500.4
93,26,120.5,2455568.4,115.5,2352321.7,110.5,2440229,76,1661867.4
93,27,22,546830,26,605467.8,24,631684.1,58,1325973.8
93,28,207,3383931.4,207,3321995.7,201.5,3406001.3,186,3211455.4
93,29,4,84148.4,4,88482,,,7,154826
93,30,6.5,136741.2,6.5,143783.3,,,,
93,31,9,189334,10,221205,14,266846.3,8.5,188003
93,32,141.5,2445920.8,144,2619921,137.5,2561266.2,136,2659484.5
93,33,6,118886.4,6,120475,4,81458.1,1,22218.7
93,34,6,135896.5,4,88632,2,53175.1,,
93,39,23,845656.6,21,649074.6,23,831631.4,20,742646
93,40,36,979824.2,37,1052726.4,28,901962.5,24,775822.8
93,62,107.5,2275807.9,104,2197189.6,108,2436313.3,108,2697107.6
93,63,139.5,2987966.4,131.5,2741582.2,135.5,2968120.9,121,2831414
93,64,143,3216583.5,133,2909277,131,3065159.6,134.5,3405773.9
93,65,16,368684.7,25,576225,25,591061,24,627314.8
93,69,12,228922.4,7,162170.3,12,276495.4,13,339400.6
93,71,37.5,649583.8,41.5,823562.6,35.5,841841.7,39.5,883285.6
93,72,164,3740217.3,164,3843387.4,157.5,3720614.8,188.5,4418693.5
93,77,,,,,,,2,48343
93,79,9,212150.2,9,232435.9,8,200806.6,9,217543.4
93,80,,,,,3,64388,2,49353.2
93,83,2,35373.1,,,,,,
93,85,335.5,7227341.3,323.5,6626000.2,313.5,6897909.2,303.5,7123379.1
93,87,255,5675665.7,249,5748157.7,247,5946049.4,254.5,6322699.3
93,88,2,42960.4,2,37440.1,4,90474.3,,
93,90,175,4073847.8,163.5,3866681.7,165,4000193,167,4327089.2
93,91,33,708847.1,31,580322.1,23.5,531536.5,15.5,389617.3
93,100,12,243835.1,13,295317.7,14,334070.7,11,279399
93,107,6,159479.5,6,146514.6,10,255111,6,147789.7
93,125,50,1189584.3,49,1209186.8,52,1369133.2,48,1367498.1
93,126,214,4804633.5,215.5,4897691.5,222.5,5067377.6,219.5,5088928.2
94,3,44.5,810646.8,46,810537.8,48,913114.9,44,852989.7
94,10,28,589163.7,29,622551.8,28,614079.5,28,730937.9
94,11,15,315623.3,14,300542.2,15,328971.1,17,328030.7
94,23,28,582240,26,545567.7,21,515129.9,14,277483.4
94,26,35,742390.4,36,762451.2,30.5,718503.6,29.5,670887.3
94,28,7,147259.7,6,132723,9,171544,7,154826
94,31,,,,,,,2,44236
94,35,1,22649.4,1,22158,1,26587.6,1,26653.8
94,38,37.5,1378787.9,39.5,1220878.4,35,1262973.4,37,1373895.2
94,39,120,3237959.2,110,3022282.1,123,3146897,114,2964667.2
94,40,121,2890701.3,115,2612425.5,124,3011563.1,115,2820232.5
94,42,46,1197569.9,49,1217792.4,41,1133553.8,37,1000422.5
94,43,22,572750.8,20,497058.1,23,635896,23,621884.3
94,49,127.5,2434327.5,111.5,2214135.7,108.5,2329530,104,2484121.5
94,51,73,1219113.3,86,1630967.7,78.5,1652200.4,81,1589579.3
94,60,14,294120,12,243751.9,14,286238.6,15,334870.5
94,61,48.5,1018915.8,65,1320322.8,71,1451638.7,69,1540404.3
94,62,14,361577.2,14,352390.2,15,366239.4,15,405793.5
94,63,529.5,10868236.1,494,9891696.9,453,9399933.1,421,8840065.8
94,64,976.5,18148638.2,942,18368346.3,879.5,17692962,848.5,17833112.8
94,65,1,22088.6,1,24697.1,1,25529.2,1,25976.5
94,67,5,98217.4,5,103131.2,4,88775.4,4,93304
94,71,3,57230.6,2,46334.4,,,,
94,72,14,347171.2,13,360981.6,17,346630.4,16,386868.8
94,78,,,,,2,50855.7,,
94,83,,,1,19221.9,,,,
94,84,32,640325.1,33,707230.9,31.5,673134,31.5,651794.8
94,85,1.5,30015.2,3.5,75009.3,3.5,74792.7,16.5,341416.2
94,90,158,3461860.7,152,3375085.4,143,3481427.9,136,3501318.7
94,91,123.5,2641006.9,128.5,2851915.4,119.5,2682629.9,117,2734620.2
94,92,41,863339.4,27,509980.4,23,509381.6,26,533640.6
94,97,198.5,3773949.4,195,3815368.9,199,3974841.2,201.5,4415348.6
94,101,70,1404723.6,65,1375223.5,64,1356400.3,65,1477908.3
94,106,46,1107742.9,56,1316831.9,54,1436391.5,51,1256212.2
94,107,105,2260151.3,105,2243695,99.5,2268350.5,99,2585319.1
94,110,1,26579.9,1,24419.1,1,25511.1,1,24631.6
94,125,2,43613.3,1,20853.5,1,23202.7,1,25677.5
95,2,4,75751.6,4,73586.3,4,76679.7,4,75993.1
95,3,6,113627.4,6,110379.5,6,115019.5,7,132988
95,18,3,55782.5,3,51407.4,3,56049.5,3,69860.4
95,21,2,41588.6,2,41966.7,2,49060,,
95,27,2,42422.3,2,42358.4,2,47115,2,45483.9
95,35,186.5,4177726.5,163.5,3735784.3,161,4226847,164.5,4390233.5
95,38,,,2,61816.6,4,144339.8,4,148529.2
95,39,3,110303,3,92724.9,7,252594.7,7,259926.1
95,46,6,131162.1,6,145686.3,6,174649.4,6,176899.5
95,51,17,283987.4,16,317882.8,17,365206.5,19,379469.2
95,57,4,89430.4,3,62538.9,3,67611.3,3,75436.8
95,58,7,156503.2,5,104231.5,5,112685.5,5,125728
95,62,17,439058.1,13,327219.6,17,415071.4,16,432846.4
95,63,373,8108425.4,390,8414498.2,390,8783352.3,390.5,9214844.4
95,64,2,44177.1,2,49394.1,,,,
95,65,3,66265.7,4,98788.2,3,76587.5,3,77929.4
95,66,12,235721.7,12,247514.9,6,133163.1,9,209934.1
95,67,126,2586516.9,122,2613493.9,122.5,2750321.2,118,2721998.2
95,68,19,362460.4,19.5,451760.2,15,345619.3,16,417723.8
95,71,1,19076.9,,,4,92165.1,1,26107.7
95,72,34,843130,32,888570.1,34,927572.2,31,892844.3
95,78,52,1183862.9,52,1308301.7,46,1231124.6,53,1400249.2
95,79,13,317532.3,12,299119.9,11,279706.2,11,293487.5
95,81,192.5,4048497.1,194,4130141.1,191,4032734.5,180,3948966.4
95,82,21,371417.6,12,230662.6,21,450716,21,518208.6
95,84,3,60030.5,3,64293.7,2,42738.7,2,41383.8
95,85,1,20010.2,,,,,,
95,86,7,173716.6,7,168854.6,5,131977.3,,
95,87,54,1340099.4,53,1278470.4,55,1451750,47,1189321.7
95,90,129,2457289.2,122,2327901.3,126.5,2632311.8,139,3166898.3
95,91,37,714709.2,35,694513.7,40,785576.2,36,736603.8
95,95,89,1880859.9,90,1834460.4,84,1754616,76.5,1683443.9
95,97,109.5,2012039,102,1827003.1,80,1666741.4,80,1700818.8
95,101,33,698231.4,36,818135.8,34,778497.8,33,739642
95,102,28,775398.2,30,890081.3,29,921086.3,31,1021733.6
95,106,10,240813.7,2,48838.2,,,,
95,112,4,89143.3,4,98449.6,4,101510.8,,
95,121,91,2245481.4,87.5,1999013.3,84.5,2135125.4,83,2120561.4
95,122,10,246756.3,11,251304.6,16,404284.1,15,383233.9
95,125,22,479746.1,15,312802.5,18,417648.7,15,385163.2
95,126,46,1003105.3,47,980114.5,46,1067324.4,45,1155489.4
96,8,3,72431.4,5,125590.5,9,234828.6,9,247955.2
96,10,,,1,21578.3,,,2,43864.7
96,26,57,993005.4,71.5,1220381,63,1157201.6,60,1100244.2
96,27,303,6611552.5,293,6298141.7,266,6007405,248.5,5811285.2
96,37,83,2424099.9,90,2436590.8,94.5,2760335.4,94,2826455.7
96,44,58,1232219.3,54,1147924.6,56,1270881.5,54,1318749.2
96,47,2,37104.4,2,41879.7,2,42879.5,2,41816.2
96,48,2,38731.3,2,43480.3,2,42613.5,2,48215.3
96,50,10,180514.5,4,86960.7,4,85227,3,72322.9
96,51,135,2338283.2,128.5,2472897.9,131.5,2554036.1,134,2763205.5
96,59,66,1099488.5,65,1083726.6,49,969925.6,50,1020837.1
96,60,,,,,5,114479,5,118197.4
96,62,2,41343.2,2,41781.5,2,45791.6,1,23639.5
96,66,32,817457.1,29,608227.1,32,701578.1,43,818618.5
96,67,117.5,2229365.6,118,2493992.4,123,2796657.4,127.5,2858548.1
96,72,,,,,,,2,53039.5
96,77,67,1641232.1,69.5,1599364.4,69.5,1645669.2,80,2036777.9
96,78,61,1608014.6,71,1805255.5,83,2130695.4,71,2051756.5
96,79,55,1062716.6,52,1062086.5,45,919726.6,49,1196427.6
96,81,31,775622.8,36,909622.1,37,972986.5,40,997546.4
96,82,6,150120.6,6,151603.7,4,105187.8,4,99754.6
96,84,5,109571.8,5,110689.9,,,4,91900.4
96,85,1,21914.4,1,22138,,,,
96,86,37,810831.2,38,841243.2,40,873049.4,40,919004.3
96,87,139.5,3193112.4,136,3219654.3,154,3819640.6,140,3555155.4
96,90,1,21490.9,1,20979.2,1,20139.9,1,22067.3
96,91,141.5,2725535.3,147.5,3023933,137.5,2927592.7,141,3448143.4
96,92,7,153715.3,7,157222.1,7,159096.6,7,164103.6
96,93,2,43918.7,1,22460.3,1,22728.1,1,23443.4
96,95,84,1775467.5,77,1558851.7,69.5,1476060.8,70.5,1943142.4
96,104,14,306346.5,17,402684,17,368660,16,369248.4
96,110,88,1736850,81,1804039.1,87,1953967.5,70.5,1817614.8
96,121,20,507151,20,399659.5,20,483688.5,18,453907.3
97,1,2,46187.4,2,45781.1,2,46178.2,2,52990.7
97,2,65,1501090.5,61,1396322.5,61,1408434.1,61,1616215.5
97,7,2,40522.5,2,36997.5,2,41877.3,2,45650.1
97,8,244,5299398,216,4970595.6,221,5513896.3,208.5,5338241.4
97,10,2,36098.4,,,,,,
97,27,,,,,,,3,66507.6
97,35,3,55418.4,3,57165.2,3,68468.2,2,47811.4
97,37,17,497921.7,18,505751.1,16,467052.4,19,571304.8
97,41,69,1906984.1,64,1859065.3,57,2055246.6,66,2245250.8
97,45,22,467393.5,24,510188.7,23,521969.2,20,488425.6
97,46,11,204074.1,11,230338.1,15,321596.2,15,313621.5
97,47,1,18552.2,1,20939.8,1,21439.7,,
97,56,17,336935.2,16,382990.4,10,225147.9,11,255269.6
97,57,122,2446237.4,112,2553370.3,110.5,2441476.6,113.5,2602089.1
97,60,7,144701.3,10,208907.3,10,228958,14,330952.6
97,61,27,551444.2,29,605831.1,25,576151.9,26,671611.8
97,62,4,82686.5,4,83562.9,4,91583.2,4,94557.9
97,63,1,20671.6,1,20890.7,,,,
97,68,27,607976.9,36,805332.3,38,798680.8,38,890229.2
97,70,19,427835.6,19.5,421885.5,21,441301,21,510910.2
97,77,17,367879.9,11.5,261514.4,11.5,269209.7,14.5,384536.1
97,84,,,1,22138,,,,
97,85,9,197229.2,9,199241.8,7,152783.6,7,160825.7
97,90,131,2677074,119,2498446.2,130,2721432.5,134,3038600.6
97,91,59,1267962.3,62,1300709.6,56,1127836.4,50,1106811.9
97,95,91.5,1675095.2,80.5,1537426.9,74,1490837.1,73,1606450.8
97,96,7,158069.1,7,169500.2,8,191236.7,9,237051.7
97,98,46,1038739.9,46,1085809.4,51,1153511.4,48,1156112.8
97,104,342,7417064.4,344,7514906.4,340.5,7477093.8,323,7844281.6
97,105,4,87527.6,3,71061.9,3,65057.6,2,46156.1
97,110,43,929639,49,1078197.4,52,1179706,50,1403705.6
97,116,114.5,2954376.7,125,2935430.5,116,3057696,108.5,2761442.5
97,126,32,737368.9,27,551702.9,21,466428.9,23,562205.6
97,127,7,161299.4,,,1,22210.9,,
98,1,4,92374.8,1,22890.5,1,23089.1,1,26495.3
98,2,133,2760153.4,124,2689719.2,129.5,2926746.5,126.5,2939468.2
98,8,4,72196.8,4,86313,5,105061.5,,
98,25,214,3885827.1,208,3896032.3,191,3877258,214.5,4551479.6
98,26,184,3751835.8,167.5,3342277.6,185,3773460.3,171,3825536.7
98,27,,,2,40688.9,2,42202,5,118375.3
98,35,23,424874.5,20,381101.2,15,342340.8,18,430302.5
98,39,2,58579,2,56194.6,3,87572.3,3,90206
98,44,6,111977.8,2,38507.6,,,,
98,45,29,541226,28,539107,33,659313.6,26,479021.9
98,46,17,315387.3,17,355977.1,17,364475.7,17,355437.7
98,56,25,471489.2,20,460515.1,20,460674.9,20,485239.2
98,57,7,132016.9,5,115128.8,6,138202.4,5,121309.8
98,68,133,3054910.8,128,3075804.4,112,2826393.4,117,2958271.2
98,69,74,1629502.3,76,1809237.2,83,1839207.7,75,1869651.2
98,70,76,1475375,71,1424650.5,69,1366819.7,71,1498020.9
98,75,5,108200,4,90961.6,4,93638.2,4,106079
98,77,,,,,1,23170.6,1,22244.7
98,78,42,871804.5,47,1096269.3,41,950712.2,35,833319.8
98,79,107,2309897.2,107,2489094.6,110,2515439,93,2372306.9
98,80,1,25020.1,1,25267.3,1,26296.9,1,24938.7
98,81,13,325261.2,13,328474.7,13,341860.2,13,324202.6
98,82,45.5,1018285.4,45.5,974063.2,42,926664,39,919428.5
98,83,47,1013240.6,47,965923.8,50.5,1052353.3,41.5,1003886.2
98,84,,,,,3.5,76391.8,3,68925.3
98,87,206,4445280.2,198,4277427,193.5,4189875.1,189,4246668.4
98,91,40,726258.2,39,822792.5,40,818376.1,40,856378.5
98,93,2,43918.7,2,44920.6,2,45456.2,1,23443.4
98,98,145.5,2832997.6,161.5,3280506.8,148,3181247.6,141,3396776.2
98,103,5,103995.7,5,125764.5,6.5,167070.6,6,154380
98,117,2,51111.4,2,47141.6,,,,
98,118,26,687579.5,25,586835.7,21,624866.7,25,606746.7
98,121,14,355005.8,15,299744.7,15,362766.3,14,353038.9
98,126,19,428398.7,14,315019.1,13,287998.5,13,301924.3
99,2,,,,,1,21940.1,,
99,7,3,60783.7,2,36997.5,2,41877.3,2,45650.1
99,8,3,54147.5,2,43156.5,2,42024.6,8,175458.6
99,10,8,144393.4,10,215782.8,11,231135.4,11,241255.6
99,11,181,3684665.2,183,3869741.7,175,3702861.3,182,3962816.2
99,12,,,2,41324.3,2,47050.6,2,49158.9
99,17,52,816831.2,58,1016305.9,50,994035.5,50,945507.1
99,18,40,836140.3,37,815422.5,37,803679.5,35.5,789477.2
99,22,197,3774830,186,3629313,174,3540334.6,188,4041879
99,24,3,66440.3,1,18056.8,1,20999.2,2,39461.3
99,25,132.5,2526131.6,122,2178786.7,120,2259702.4,118.5,2225762.3
99,26,2,42311.5,2,40688.9,2,42202,1,23675.1
99,27,3,63467.3,3,61033.4,3,63303,,
99,32,,,,,,,2,47811.4
99,41,37,986423.2,38,932953.5,25,619081.2,29,813938.2
99,46,1,18552.2,3,62819.5,3,64319.2,3,62724.3
99,47,8,148417.5,8,167518.6,7,150078.2,6,125448.6
99,51,10,193656.6,9,195661.6,8,170454,8,192861.1
99,53,3,58097,2,43480.3,1,21306.7,1,24107.6
99,54,5,96828.3,5,108700.9,4,85227,5,120538.2
99,55,11,213022.3,8,173921.3,8,170454,8,192861
99,56,419,7988666,394.5,7806990.6,401.5,8291550.7,407.5,8568723
99,57,34,693814.8,33,682633.8,28,602430,29,637900.7
99,61,69.5,1397535.8,78,1635339.1,65.5,1425775,69.5,1569277.7
99,62,12,248059.4,10,208907.3,13,297645.4,9,212755.3
99,68,7,155589.4,7,171272.6,8,182088.5,6,152579.1
99,77,270.5,5338922.2,254,5545491.1,237.5,5391856.6,227,5215392.9
99,82,173,3186694.5,195,3606534.8,166.5,3507656.3,152,3374650.6
99,83,495,8644581.7,474.5,8748402.3,452,8540702.2,440,8679321.5
99,84,2,43828.7,1,22138,1,21826.2,1,22975.1
99,87,32,643994.8,27,542401.6,21,470265.2,20,458423.4
99,88,1,18156.5,1,21097.2,3,61378.2,3,64228.4
99,92,4,87837.3,,,,,,
99,95,136,2941657.9,130,2917085.3,123.5,2791662.1,118,2790098.8
99,98,48,1008574.5,46.5,997076.2,53.5,1152098.8,50.5,1162130.8
99,100,54,1123153.1,65,1466600.9,55,1413674.6,63.5,1546241.1
99,107,37.5,824200.2,40.5,781730.6,37.5,765441.9,36.5,833137.6
99,109,2,42776.7,1,19081.4,1,21116.2,1,26299.4
99,111,44.5,951780.7,44.5,849120.4,45,950230.2,41,1078273.9
99,112,28,580566,29,772465.3,30,606780.3,32,720135.1
99,114,1,20734.5,1,26636.7,1,20226,1,22504.2
99,118,3,79336.1,3,70420.3,3,89266.7,1,24269.9
99,119,114,2397171.1,116,2371228.5,107,2372981.1,97.5,2325756.5
99,122,8,202860.4,8,159863.8,12,290213.1,12,302604.9
99,127,50,1036110,54,1106328.7,47.5,1052302,52,1369881.4
100,1,,,1,22851.4,1,22085.6,1,21820.8
100,5,4,76161.5,4,73995,4,83754.6,4,91300.2
100,8,5,116681.1,3,61986.4,2,47050.6,2,49158.9
100,11,2,46672.4,2,41324.3,2,47050.6,2,49158.9
100,17,2,36215,1,18421.4,1,18499.9,,
100,19,121,2534644,116,2332072.4,122,2669174.1,122,2673339.7
100,22,16,306535.3,20.5,398392.7,14.5,314155.4,18,439985.6
100,23,1,19158.5,2,38867.6,,,,
100,26,1,19134.9,,,,,,
100,28,2,38353.9,2,40596.7,2,41558.9,2,43068.4
100,35,13,273306.7,10,209051.7,11,250790.2,13,293530.4
100,37,,,,,,,1,25354.2
100,38,6,144759.4,6,146583.1,6,166987.6,6,156076
100,40,4,81129.8,4,82218.5,4,95443.3,3,77649.1
100,41,62,1257512.4,62,1274387.4,66,1448156.6,62,1604748
100,49,,,,,1,21553.4,,
100,50,45,962544.7,39,782116.5,39,829989.7,39,901929.7
100,51,47,844829.5,52,883156.7,48,968147.8,39,823026.1
100,58,2,38701.2,2,44292.7,2,40318.9,2,45874.8
100,61,144,2786368.2,137.5,2904937.4,145.5,3086289.8,136,3087833.6
100,62,20,420434,24.5,547433.4,25.5,555457.7,22.5,505539.8
100,65,1,17940.5,1,19184.6,1,22786.4,1,21316.2
100,66,20,412142.9,22,477007.9,25,545437.3,23,546518.7
100,67,12,247285.7,12,260186.1,9,196357.4,12,285140.2
100,72,4,81510.9,4,83711.3,4,83185.2,3,66142
100,77,3,61201.5,3,58113.8,3,55926.1,3,63143.4
100,80,149,3536224.7,140.5,3381628.9,133.5,3242262.2,129,3215013.1
100,81,45,1220265,38.5,986231.2,36.5,1122188.4,33.5,1053850.7
100,83,93,1789968.5,97,1926286.1,93,1969882.7,90,2076416.3
100,85,9,204420,7,150771.6,4,93581.1,5,127589.3
100,86,177,3452339.9,178.5,3658886.2,180.5,3859912.1,177.5,4304210.2
100,90,,,,,1,22728.1,1,23443.4
100,95,4,80073,1,24214.4,2.5,52207,1.5,34521.1
100,98,366.5,7481490.5,392,8122196.4,392,8329406.3,364,8269776.6
100,99,,,,,,,4,87659.2
100,100,,,,,,,4,88055.5
100,106,3,63014.4,3,63727.9,2,45979.9,2,48819
100,109,137,2808982,141,2862011.1,136,2852479.6,133.5,3047330.1
100,115,,,,,4,97520.1,4,107533.5
100,116,3,72582.5,3,67165,2,50106.3,2,52765.7
100,122,96,2106587.6,99,2067459.7,98,2155244.8,91,2339389.4
100,124,34,761672.5,37,824412.6,31,830885.1,28,747616
100,126,19,420557.5,15,302884.5,22,552116.4,18,489532.6
100,127,77,1649237.7,69,1454195.2,61,1497780.5,60,1460024
101,10,1,23336.2,,,,,,
101,13,250.5,4841053.9,242,5028219.1,237,4957441.2,220,4742136.9
101,14,116,2494797.6,110,2359624.3,108,2305812.9,102.5,2335346
101,15,62,1355579.4,58,1395766.3,55,1385912,56,1472915.2
101,16,25,452687.8,27,497378.1,25,462497.8,24.5,500236.5
101,22,14,268218.4,17,330374.3,25,541647.1,14,342211
101,24,69,1252361.3,70,1236842.7,59,1121515.5,65,1318786.1
101,34,68,1519427.9,62,1415045.5,60,1440174.3,61,1566368.4
101,35,275.5,5896912.8,272,6047442.9,276,6206102.7,270,6639673.4
101,36,,,1,21985,,,,
101,37,17,394428.4,16,351759.2,16,365163.5,12,304250.8
101,38,20,482531.4,20,488610.3,19,528794,17,442215.3
101,39,21,506658,21,513040.9,20,556625.3,22,572278.6
101,44,4,81129.8,5,102773.2,,,5,133621.2
101,45,2,40564.9,2,41109.3,2,47721.7,2,53448.5
101,49,18,496324.6,18,448749.3,15,323300.4,19,488672
101,65,12,215285.9,12,230214.7,12,273436.8,13,277110.6
101,66,368,7535410.4,379,7777856.6,356,7400232.8,347.5,7727541.4
101,74,2,40755.4,1,20927.8,1,20796.3,1,22047.3
101,75,2,40755.4,3,62783.4,5,103981.5,5,110236.7
101,76,4,81602,5,96856.4,5,93210.2,6,126286.9
101,80,47,1105045.7,44,1059051.2,53,1339958.5,50,1256978
101,83,2,39494.6,2,42309.8,,,,
101,86,53.5,1148547.2,64,1347142.7,69,1650035.8,70,1614591.4
101,92,2,28228.4,3,46001.7,2,33985,5,108369.5
101,93,8,112913.7,8,122671.3,8,135939.7,8,173391.3
101,94,16,320292,23,556931.1,22,459421.3,20,460280.8
101,95,703,12322287.9,670.5,12180361.5,652.5,12357627.3,644.5,12419946.2
101,96,108,2141771.4,100.5,2012522.3,91,1961212.3,98.5,2141164.9
101,105,76,1643730.3,77,1579899,78,1793214.4,77.5,1891738
101,106,2,42009.6,2,42485.2,2,45979.9,1,24409.5
101,112,4,95110.5,4,84123.3,4,97520.1,4,107533.5
101,113,6,142665.7,6,126185,5,121900.2,4,107533.6
101,115,94,2235095.7,93,1955867.5,92,2242962.9,87,2338854.2
101,116,8,193553.3,6,134330,6,150318.9,4,105531.4
101,122,2,43887.2,2,41766.9,2,43984.6,2,51415.2
101,127,8,177076.8,6,121153.8,6,150577.2,6,163177.6
102,0,145,3019555.5,145.5,2847060.9,148,3093594.7,159,3509341.7
102,1,25,530095.5,23,525583.1,17,375455.5,16,349132.1
102,3,5,106019.1,5,114257.2,5,110428.1,5,109103.8
102,9,20,466724.4,24,495891.3,23,541081.5,23,565327.4
102,10,1,23336.2,1,20662.1,,,,
102,12,4,97378.4,,,,,,
102,13,195,3509073.5,189.5,3488154,178.5,3425918.1,169,3388855.6
102,14,538.5,10154214,503,9622776.3,521,10440502.8,474,9982596.8
102,15,6,132672,5,107388.2,5,108368,5,122573.5
102,19,43,965550.9,44,950984.9,31,710069.2,47,1182618.7
102,24,30,574045.6,25,595151.5,25,573598,23,542259.1
102,28,67.5,1429728,64.5,1386533.4,61,1300426.5,69,1690453.6
102,37,15,348025,15,329774.3,12,273872.6,12,304250.8
102,51,12,330883.1,11,274235.6,3,64660.1,9.5,244336.1
102,56,64,1247813.4,61,1158146.8,59,1119452.5,53,1082287.2
102,57,77,1302884,77,1395880.8,70,1257788.7,69.5,1399971.6
102,62,29,581363.8,36,701278.8,31,620477.4,32,723277.4
102,63,11,231238.7,10,223442.2,11,239609.2,11,247152.8
102,65,4,71761.9,4,76738.3,4,91145.6,8,170529.6
102,66,124,2525381.3,134,2668714.6,109,2392303.7,117,2652672.9
102,74,5,94658.4,4,79516.9,3,64959.9,5,112822.2
102,75,423,8491800,409,8636845,400,8670736.5,398.5,9260833.6
102,76,1043.5,20999475.6,1070,21926935.2,1032,22032918.9,1010.5,22896858.8
102,79,5,102002.5,4,77485.2,4,74568.2,4,84191.2
102,80,196.5,4161511.2,213.5,4613501,206.5,4723043.6,201,4893067.3
102,81,25,483911.9,30,500211.1,31,653785.5,23.5,482363.9
102,82,6,121300.4,6,122844.6,5,116099.2,5,122639.5
102,85,2,33599.3,2,36071.2,2,41757.8,2,42259.7
102,86,2,45426.7,2,43077.6,2,46790.6,2,51035.7
102,92,22,310512.6,20,306678.3,14,237894.4,3,65021.7
102,93,501.5,9004230.1,494.5,8877530.4,477.5,9093537.6,432,8869690.8
102,94,54,1196505.8,49.5,1119640.8,44.5,1062470.6,44,1046865.7
102,95,667,10888034,622.5,10211889.1,608.5,10519487,528,10156575.5
102,96,93,1655204.1,83,1599411,84,1644077.2,89.5,1817132.6
102,100,3,56971.8,4,70917.1,6,137015.9,6,132083.3
102,118,94,1573149.9,91,1583366.4,87,1805036.7,77,1668570
102,119,2,48388.3,2,44776.7,4,100212.6,4,105531.4
103,6,,,4,73995,4,83754.6,5,114125.2
103,7,155,3043980,168,3302480.3,155,3040765.6,141,3130900.5
103,14,7,154784,8,171821,10,216735.9,9.5,232889.6
103,15,3,66336,2,42955.3,2,43347.2,2,49029.4
103,18,66,1328857.4,63,1289130.4,55,1223854.9,54,1347278.4
103,19,260.5,5459621.5,246,5199068.2,275.5,6082075.2,274.5,6280610.6
103,27,51,1236449.8,55,1282096.1,51,1182489.9,49,1075156.2
103,28,35,671193.3,22,446563.9,25,519485.8,25,538354.6
103,39,44,887795.6,44,917976.2,40,876796.8,39,954318.6
103,40,15,304236.8,17,349428.8,19,453355.7,19,507760.7
103,51,55,1007459.4,57,1053713.4,58.5,1260871.6,57,1248949.6
103,56,12,232207.1,11,243610,10,201594.8,11,252311.5
103,57,42,812724.7,41,908000.7,37,745900.6,37,848684.3
103,63,22,462477.4,22,461201,20,435653.1,19,426900.3
103,72,45,916997.1,38,795257.2,42,873444.6,37,815751.4
103,74,11,208248.4,14,278309.4,14,303146,14,315902
103,75,152,2853829.6,142,2790700.3,132,2875264.5,141,3140825.8
103,76,15,306007.4,19,368054.3,18,335556.9,19,399908.4
103,78,4,81602,4,77485.1,5,93210.2,5,105239
103,79,3,61201.5,2,38742.6,2,37284.1,2,42095.6
103,81,222,4038036.4,219,4020363.6,200,4124067.4,201,4258199.6
103,82,17,343684.6,17,348059.7,18,417957,17,416974.4
103,83,,,,,,,1,24527.9
103,85,192,3390133.1,195,3830746.4,195.5,4239647.3,182,4125725.9
103,86,21,476980,21,452314.7,15,350929.3,15,382768.1
103,93,13,183484.8,13,199340.9,13,220901.9,12,260087
103,94,16,334633.8,14.5,289719.7,7,160969.1,18,389735.4
103,95,144,2714470.9,151.5,2864254.3,162,2987428.4,155.5,3151691
103,96,118,2161085.5,116,2080489.6,108,2036227.2,105,2055961.8
103,97,1,17378,2,36124.4,2,36089.2,2,40933.8
103,100,113.5,2132198.8,109.5,2038544.6,104,2255552.8,108,2489073.7
103,106,3,63014.4,3,63727.9,3,68969.8,3,73228.5
103,112,107,2137696.6,102.5,2031842.3,106.5,2164271.7,93,2103998.6
103,113,10,199784.7,8,158582.8,9,182896.2,8,180989.2
103,114,1,23777.6,2,42061.7,3,73140.1,6,161300.3
103,118,34,822601.7,34,761203.3,29,726541.4,27,712337
103,125,5,112010.7,6,133688.5,6,160816.5,7,186904
104,6,3,55551.8,3,59871.3,2,43648.3,1,24455.5
104,13,2,40522.5,2,36997.5,2,41877.3,2,45650.1
104,14,6,121567.4,4,73995,3,62815.9,2,45650.1
104,16,6,131649.2,5,100054.6,4,69492.1,1,19600.8
104,20,34,784099.3,32,719157.2,29,675484,27,752992.4
104,21,113,2391651.9,126.5,2649643.2,119.5,2494348.2,107,2345181.9
104,40,34,744480.8,31,679311,26,663243.3,24,599283.2
104,49,92,1690036.5,88,1651445.6,94,1953773.4,87,1827869.2
104,51,68,991590.8,69,1160521.5,42,737744.3,70,1053863.8
104,52,78,1522400.6,70,1511002,51,1112219.4,81,1763057.4
104,53,68,1394457.8,63.5,1247072.6,59.5,1277003.3,63.5,1371581
104,61,38,827806.5,39,857405.4,38,907659.4,38,976902.7
104,71,183,3739240.5,175.5,3653278.9,172.5,3820265.7,161,3697437.5
104,72,328.5,6298240.3,315.5,6336604.2,309.5,6279432.1,305.5,6746562.1
104,73,6,126847.6,6,134526.8,3,67931.9,2,47987.6
104,74,204,4092150.4,189,4118288.3,202,4495075.2,194,4580163
104,75,94,1746431,90,1791847,80,1745580.6,75,1598503.2
104,78,45,1117705.9,46,1169190.6,41,1035385.2,45,1163538.4
104,79,369.5,7920470.6,365,8096019.2,375.5,8659722.7,365.5,8631253.2
104,83,11,250290.7,9.5,196812.7,8.5,182844.9,8,185179.5
104,84,45,1004200.3,48,1138255.6,48,1188798.1,43,1010158.3
104,85,82,1811803.1,82,1968917.7,81,2000033.7,74,1888952.5
104,86,141,3274275.9,149,3486744.4,138.5,3512168.7,138,3896854.3
104,96,10,202935.3,10,212553.1,10,195740.3,11,253028.5
104,97,2,40587.1,,,2,39148.1,3,69007.8
104,102,3,58898.7,3,59027.2,3,60708.1,3,63602.4
104,106,75,1632595.5,82,1697511.4,78,1863497.1,84,1955673.1
104,107,145,2903410.1,131,2798247.2,136.5,2931674.2,142.5,3187688.4
104,110,6,132956.2,6,135021.5,6,142541.1,6,138848.1
104,121,1,22647.9,1,21281,1,23491.2,1,23634.3
104,122,3,70212.5,3,67516.5,3,76817.9,3,84123.4
104,126,,,,,1,23049.9,1,26541.4
105,5,7,131274.5,6,135433.5,6,126354.2,6,127913.5
105,6,84,1566475.5,82,1640844.7,87,1957887.2,79,1959144.6
105,7,2,37034.5,2,39914.2,,,,
105,18,2,43883.1,,,,,1,19600.8
105,25,22,453839.8,19,435958.3,18,398957.6,19,472347.8
105,26,64,1320261.2,64.5,1479963.5,61,1352023.2,63.5,1578635.9
105,36,67,1439088.9,66,1431572.4,69.5,1564488.6,68,1595185
105,37,1,21009.6,1,21690.5,1,22985.8,,
105,46,59,982423.8,51,891212.3,60,1038428.1,45,916951.8
105,48,1,18383.2,,,,,,
105,51,42,881896.6,36,739145.7,63.5,1206107.8,29,701980.7
105,52,136,2494819.6,131.5,2562055,149,3089614.7,116.5,2660372.1
105,53,156,2805813.4,154,3039748.8,133.5,2628650.4,136.5,2817020.2
105,54,56,1049917.7,61,1110204,52,996068.2,58,1165346.4
105,55,1,18748.5,1,18200.1,2,38310.3,2,40184.4
105,61,108,2415758.9,109,2454681.8,95,2338993.3,96,2435249.4
105,66,53,1058233.3,56,1207645.9,58,1325197,61,1557684.2
105,67,212.5,4253850.9,197,3938062.8,190.5,4130187.1,192.5,4423201.9
105,68,2,48085.1,2,52244.4,2,54515.9,1,27928.1
105,69,28,673190.9,30,783666,24,654191.3,25,698203.1
105,70,25,469204.5,19,394804.9,15,371996.8,18,410303.5
105,71,312,6227674.6,325,6818094.6,307,6477743,305,6657801.8
105,72,1,21141.3,1,22421.1,7,158507.7,9,215944.2
105,74,422,8732159.8,417,9094378.4,422,9574790.7,415,9755159.4
105,75,83,1662343.1,72,1457236.3,72,1464666,78,1680421.7
105,77,14,310171.8,14,284466.3,12,271033.2,12,284999.6
105,78,523.5,11477956.3,503,11198192,499.5,11470166.8,481,11439322.7
105,79,47,915090.6,45,894721.4,46,972170.7,48,1030058.8
105,80,5,99912.6,5,103187.9,3,59311,3,70163.3
105,81,10,199825.1,5,103187.9,3,59311,1,23387.8
105,82,2,45507.4,,,,,,
105,83,337,6829135.3,324,6870713.6,312.5,6678684.9,286.5,6523746.9
105,84,1131,23754452.1,1103,24231477.2,1103.5,24678580,1102,25207484.6
105,86,,,,,,,1,31180.9
105,91,94.5,1912514.8,95,1888766.3,95.5,2015586.7,93.5,1984677.8
105,92,64,1297980.9,61,1285157,61,1337166.3,55,1288690.2
105,98,2,40587.1,,,,,,
105,99,19,385577,20,425106.2,21,411054.5,18,414046.6
105,100,124,2596059.6,134,2801050.5,129,2922612.8,131.5,3038606.2
105,101,11,226318,9,183158.6,9,201597.7,9,210697.6
105,102,39,765683.1,39,767354.2,33,667789.5,32,678425.6
105,107,19,417948.6,16,309981.1,14,308650,13,301539.8
105,115,22,528310.9,26,644986.2,22,530067.5,26,554504.5
105,116,14,257398.3,12,210996.9,12,265303.9,11,246803.1
105,121,90.5,2081882.3,97,2083192.7,90.5,2068420,95,2204731.7
105,123,83.5,1954248.3,85.5,1924219.8,79.5,2035674.5,79.5,2229270.2
105,126,31,729508.2,30,643157.4,27,622347.7,25,663535.1
106,2,6,126808.8,5,105126.9,5,111627.8,5,130626.1
106,5,21,452284.3,17,361518.2,18,387066.8,18,435505.2
106,6,43,806400.5,45,1015751.7,44,926597.4,44,938032.4
106,8,1,20261.2,1,18498.7,1,20938.6,1,22825
106,14,3,60783.7,3,55496.2,3,62815.9,3,68475.1
106,18,132.5,2434204.7,129,2319454.8,118.5,2175566.4,118.5,2480340.9
106,19,139,2682347.9,139,2742962.1,125.5,2542822.1,118.5,2647533
106,21,4,92247,3,67421,3,69877.7,2,55777.2
106,22,11,235487.8,13,299956.4,13,290676,13,305576.2
106,32,33,729745,34,737076.4,32,728985.2,23,549514.1
106,38,15,315143.8,13,281976.4,14,321800.6,12,281503.3
106,40,56,1156452.6,48,1077956.3,42,996673.5,42,959705.8
106,43,66,1262735.3,66,1358501.7,64,1374667.4,67,1558617.1
106,44,57,1081610.4,51,1019277.5,55.5,1284696.3,51,1182338.8
106,45,4,75902.5,7,139900.8,10,231476.8,9,208648
106,46,24,470125,26,582612,29,539498.5,24,488101.5
106,47,28,574492.2,28,565139.5,23,536884.6,23,462606.9
106,55,20,383687.8,21,406393,20,401902.8,22,495958.9
106,56,74,1304214.7,68,1292978,71.5,1380134.1,73,1572083.2
106,65,44,1106435.6,43,1127167.4,42,1086047.1,42,1078752.7
106,66,18,372275.5,22,456091.5,24,512949.6,23,540848.5
106,68,249.5,5330850.8,247.5,5260442,245.5,5722416.3,251.5,6083872.8
106,69,7,156802.5,9,211397.2,11,258175.8,12,290506.6
106,70,48,921931.8,47,922382.3,41,850701.5,39,762177.8
106,71,94,1943831.5,105,2128935.6,101,2041663.6,93,2106140.3
106,73,9,190271.3,9,201790.3,8,181151.6,9,215944.2
106,78,103,2198217.2,103.5,2323255.7,118,2570134.1,126,2645263.6
106,79,5,110775.6,7,142233.1,7,158102.7,6,142499.8
106,80,155.5,2075855.7,137.5,2066730.8,133,1998921.1,139,2314377.2
106,81,115.5,2108590,114.5,2060337.6,107,1980630,103.5,1957688.6
106,82,9,179842.6,17,350838.8,12,237244,12,280653.2
106,83,30.5,514405.6,33,614365.5,25,716703.6,26,748141.8
106,84,3,71512.6,3,73128.1,3,78324.3,3,93542.7
106,91,266,5021324,237,4799546,247,5132774.3,224.5,4707069.2
106,92,194.5,3746326.2,193,3839891,198,4013270,183.5,4055212
106,96,111,2575993.8,98,2233403.6,105.5,2447047.9,103,2379595.3
106,97,253.5,4944739.1,245.5,5141808,224.5,4770620.1,249.5,5201142
106,98,5,99365.4,5,88926.2,5,101695.7,2,41293.4
106,102,23,461522.7,24,501039.4,22,493288.4,23,550826.4
106,114,36,705260.3,30,592122.6,24,435328.1,30,479109
106,115,286,5614344,304,5770038.9,293.5,5984753.7,281,5895046.3
106,116,22,481012.4,21,432518.2,24,508515,21,423928.8
106,117,84,1635761.5,83,1623144.1,78,1682513.4,79,1827485.8
106,118,22,404483.2,20,351661.5,15,331629.9,18.5,415078
106,119,75,1595648.4,66,1437962.5,56,1296439.9,60,1423059.1
106,121,24,529557.3,21,356674.9,21,533528.2,21,468312.6
106,122,2,44129.8,3,75080.6,1,25406.1,1,22300.6
106,125,34,731948,35,765866.8,32,806543.2,39,975569.4
106,126,2,47065,2,42877.2,2,46099.8,1,26541.4
107,3,115,2298425.8,114,2317020,107,2270889.2,117.5,2797866.8
107,4,93,2083098.4,85,1995326,76,1735107.2,70,1662455.6
107,18,184,3740231.3,176,3734304.7,163.5,3678599,158.5,3666009.5
107,19,11,241356.9,14,280152.8,12,208476.2,12,235209.2
107,22,137,3161922.3,132,2982317.9,152,3601383.9,160.5,3924278.8
107,23,47,1006175,49,1028109.3,44.5,925371.7,33.5,787446.3
107,29,41,794633.9,44.5,884671.6,44.5,933853.3,39.5,805633.8
107,30,160.5,3261164.4,171,3451739.9,160.5,3449026.8,160,3749691.5
107,32,45,949309.2,47,929772.4,39,815986,42,1019656.6
107,40,16,330415.1,15,336861.3,15,355954.9,15,342752.1
107,41,63,1233483.6,59,1191230.8,55,1199094.7,53,1143577.8
107,42,,,4,82333.4,,,4,93051.8
107,44,4,75902.5,4,79943.3,4,92590.7,4,92732.5
107,51,2,36766.4,2,39312.5,2,44632.4,2,44178
107,53,49,940035.1,44,851490.1,46,924376.5,51,1082705.3
107,54,3,57553.2,2,38704.1,2,40190.3,2,45087.2
107,56,4,70363.2,5,89145.9,5,114938.5,5,132342.6
107,57,61,1086254.7,59,1100524.8,59,1250089.6,53,1265305.2
107,58,2,35181.6,3,53487.6,3,68963.1,3,79405.6
107,59,1,17590.8,1,17829.2,1,22987.7,,
107,64,308.5,4473258.8,245,3813487.8,218.5,3455409.5,229.5,3706982.7
107,65,1184,22965597.7,1158.5,22681500.5,1130.5,22791300,1094,23083595
107,66,33,682505,21,435360.2,25,534322.5,22,517333.3
107,67,5,103409.9,5,103657.2,5,106864.5,4,94060.6
107,68,9,201603.2,9,211397.2,6,140823.2,6,145253.3
107,79,23,509567.9,26.5,538454,16,361377.6,15,356249.6
107,80,1073,19990228.7,1069,20593347.7,980,19787144,1000.5,20369300.1
107,81,844.5,17849424.5,833,18076092.4,815,18225271.9,796,18608464.6
107,82,25,499562.9,25,515939.5,25,494258.3,19,444367.7
107,91,11,205582.3,11,225124.7,12,256293,12,259771.1
107,96,288,6166788.5,295,6366313.8,263.5,5935469.4,269,6296094.9
107,97,974,18689856.8,969,18888666.7,950.5,19290756.6,909,19452958.8
107,98,30,588652.3,25,444631.1,28,569496,28,578107.3
107,99,20,397461.5,18,320134.5,13,264408.8,17,350993.7
107,100,1,20794.1,1,23096.5,2,48443.3,2,51271.7
107,101,170,3462526.3,160,3478759.5,155,3438560.9,150,3599433.2
107,102,19,381257.9,22,459286.1,16,358755.2,19,455030.4
107,103,104,1762807.5,104,1742208.5,103.5,1928471.1,101,2023113.9
107,107,2,43994.6,2,38747.6,2,44092.9,1,23195.4
107,114,35,840494.6,33,781787.7,38,964692.9,37,949558.6
107,115,125.5,2186753.3,110.5,2043218.7,129.5,2394410.6,113,2314674.5
107,116,12,262370.4,12,247153.2,11,233069.4,12,242245.2
107,117,8,174913.6,9,185365,5,105940.6,5,100935.4
107,118,16,294169.5,17,298912.2,16,353738.6,19,426296.3
107,119,26,589247.3,27,593147.2,28,635354.2,21,524307.9
107,121,30,688492.5,26,650698.8,28,761880.1,31,845644.9
107,123,6,132389.3,6,150161.3,6,152436.6,6,133803.6
107,125,21,452085.5,18,393874.3,17,428476,15,375219
108,1,2,39207.1,2,45150.3,2,48714.7,,
108,2,11,248846.6,15,354068.2,17,424813.8,19,486289.8
108,3,188,3893856.7,167.5,3551413,155.5,3510517.8,161.5,3769473.2
108,4,217,4720889.3,194,4384099.1,202,4591188.7,176,4051331
108,14,4,81045,4,73995,,,4,91300.2
108,16,126.5,2631937.8,120.5,2442885.5,122.5,2731383.7,107.5,2552993.3
108,21,49.5,1020909.9,43.5,840785.6,45.5,961121.5,47,1162551.7
108,27,126,2824458.6,124,2824259.7,120.5,2897203.1,130.5,3310269.4
108,28,16,339249.4,15,324664,20,507544.9,22,527018.9
108,29,20,424061.7,12,259731.2,7,177640.7,7,167687.8
108,30,2,42406.2,2,43288.5,2,50754.5,2,47910.8
108,41,5,102488.9,6,119935.7,6,117888.5,6,119359
108,42,59,1144546.1,54,1079421,54.5,1070820.8,50,994658.6
108,53,37,826066.1,36,754093.4,32,752731,31,692188
108,54,3,66978.3,1,25949.8,2,49686.9,2,55703.1
108,57,176.5,3304528.4,187.5,3602832.1,170,3541721.9,174,3493011.4
108,58,154,2729685.4,144,2705500.3,142,2907592,141,2901843.7
108,59,29,634878.7,27,609848,22,513452.9,27,657239.9
108,60,98.5,1906284,106.5,2224929.7,101.5,2161046.4,99.5,2192672.6
108,62,163,3090949.7,164,3211367.4,162,3372370.6,148.5,3355697.2
108,63,57,1252492.2,56,1288425.4,59,1271336.6,60,1292755.2
108,64,309,5534071.5,308.5,5798516.7,284,5425595,278.5,5485883.3
108,65,745,15155294.6,727,15089649.4,697,15009758.7,692,15348397.5
108,69,3,59470.6,3,61029,4,84794.5,3,71449.8
108,77,3,63654,2,43684,2,47686.1,2,47466
108,79,364.5,8300931.6,374,8618883.4,377.5,8688617.3,382,9361118.5
108,80,2658,56883787.5,2697,58583243.2,2592.5,57528216,2540.5,59323597.8
108,81,899,19519811.9,899.5,20026380.5,983.5,21946243.9,948.5,21988869.1
108,83,,,1,19430,3,55006.9,3,61714.3
108,89,3,66550.3,7,162837.8,3,72931.7,3,75795.6
108,90,62,1417788.7,60,1345254.5,65,1502088.6,64,1531745.2
108,93,5,115726.1,5,126187,5,141086.7,5,138771.3
108,97,227,4409885.4,235,4451686.1,231.5,4408014.6,206,4459556.2
108,98,4,70206.5,2,41321.2,2,39866.8,2,34723
108,99,14,245723.1,15,309909.1,17,338867,18,312506.5
108,101,10,180258.5,6,124789.5,10,210538.2,8,191890
108,103,23,414594.6,24,499158.1,21,442130.3,19,455738.8
108,113,,,,,2,39916,2,40940.8
108,114,27,474621.7,31,541291.4,24,478992.4,24,491289.2
108,121,34,928751.2,28,693202.5,26,658750.4,29,863005.7
108,123,10,273162.1,10,247572.3,9,228029,8,238070.5
109,1,43,842952.4,38,857856.4,27,657648.4,28,752824.3
109,5,4,85701,3,68723.2,4,86618.1,,
109,16,86,1644105.2,82,1631523,77,1613882.7,69,1746413.3
109,21,53,1242986.7,51,1326886.4,51,1408987.4,49,1304015
109,28,22,466467.9,20,432885.4,15,380658.6,16,383286.5
109,29,15,318046.3,18,389596.9,28.5,601953.7,24,574929.7
109,52,4,89304.4,4,83788.2,3,74530.3,3,83554.6
109,61,22,425037.8,16,366112.3,23,528313.3,22,554490.8
109,62,335,6458133.2,309.5,6121203.6,303,6141719,286.5,6263799
109,63,39,615249,34,555521,35,578402.7,39.5,711897.7
109,64,396.5,6868091.9,367.5,6773902.6,364,6867354.2,334,6859746.2
109,78,5,106089.9,4,87368,6,143058.3,2,47466
109,79,770.5,16313629.6,737.5,16009451.8,733.5,16015167.3,715.5,16239999.4
109,80,2392.5,44258284.6,2302,43973688.2,2224,43807655.8,2232,44672332.9
109,81,2085,38794335.3,1922,37264193.4,1888,37725448.1,1844.5,38251767.4
109,82,17,301405.1,13,252590.2,13,238363.1,6.5,133714.3
109,86,2,48659.6,3,66088.3,4,97869.6,4,102246.2
109,87,2,48659.6,2,44058.8,2,48934.8,2,51123.1
109,88,10,221834.5,10,232625.5,10,243105.5,10,252652
109,89,83,1841226,99,2302992.3,92,2236570.9,77,1945420.7
109,90,31,717501.7,30,757122,26,733650.8,23.5,652224.9
109,99,4,70206.6,3,61981.8,3,59800.1,3,52084.4
109,103,5,90129.3,5,103991.3,4,84215.3,4,95945
109,106,1,20541.8,1,20783.7,1,22062,1,22095.2
109,107,3,61625.4,2,41567.3,2,44124,3,66285.6
109,108,,,,,4,95027.4,4,92565.4
109,109,4,88637.4,4,90014.3,,,,
109,118,41.5,857230.3,40,854191.1,36,718488.6,34,695992.9
109,124,1,21254,1,20832.2,1,24045.7,,
109,127,8,170032.3,9,187489.8,11,264502.7,12,314047.8
110,1,9,176431.9,7,158026.1,12,292288.1,13,349525.5
110,5,9,192827.3,8,183262,8,173236.2,10,231144.8
110,18,37,843013.8,37,853924.6,38,942416.1,34,924208.4
110,19,3,68352.5,3,69237.1,3,74401.3,3,81547.8
110,40,3,70315.8,3,70116.3,,,,
110,51,5,114392.2,4,103799.3,4,99373.7,3,83554.6
110,52,142.5,2678795.1,136.5,2709571.5,141.5,2791084.1,140,2847786.6
110,61,13,251158.7,15,343230.3,8.5,195246.3,8.5,214235.1
110,62,59,1186692.2,63,1299045.1,59,1322542.9,53,1246622
110,64,9,182433,9,199139.5,8.5,193205,9.5,238589.3
110,69,9,178411.8,14,284801.8,15,317979.4,16,381065.3
110,70,98.5,2093040.8,107,2375947.7,112,2455337.8,105.5,2500444.8
110,78,2,37605.2,2,38270.6,1,20937.2,1,23091.3
110,79,687.5,14715932.8,692,14993456.3,661,14903157.3,629.5,15021176.3
110,80,2720.5,50069004.1,2619,49831230.9,2691,52352504.7,2655,53075220.7
110,81,4346.5,63252940.6,4132,62558689.5,3924,61364705.8,3670.5,60343404.1
110,82,996,22187370.9,1009.5,23045011.7,1012.5,23224717.6,980,22779583.6
110,83,94,1910061.7,92,1860253.7,87,1897336.2,86,1963370.3
110,88,3,69435.6,2,50474.8,3,84652,3,83262.8
110,89,11,254597.4,9,227136.6,6,169304,5,138771.3
110,97,243,5115063.8,251,5310344.5,242,5305847.8,241,5627941.5
110,98,261,5722473.5,258,5941527.3,246.5,5723436.4,216,5439385.6
110,99,537.5,10812430.2,557.5,11329100.8,537,11230212.8,551,12032294.1
110,106,80,1571511,70,1434080.9,61,1279291,53,1073692
110,107,157,3063305.4,158,3109836.5,159,3242647.4,177.5,3886840.5
110,108,10,221593.6,11,247539.5,9,213811.7,9,208272.1
110,109,23,509665.3,21,472575.2,19,451380.3,21,485968.3
110,110,35,802987.9,31,710760.5,28,673564.6,31,642729.8
110,123,184.5,3882903.9,176,3740278.9,172.5,3915749.5,170,3969440.1
110,126,2,42508.1,4,83328.8,5,120228.5,6,157023.9
111,0,4,78414.2,1,22575.2,1,24357.3,1,26886.6
111,12,3,60783.7,2,36997.5,2,41877.3,2,45650.1
111,18,86,1800519,80,1805333.3,78,1802623.3,76,1926009.9
111,19,8,182273.3,8,184632.3,7,173602.9,10,271826
111,20,18,411716.3,18,436962.4,19,461076.8,14,354486.3
111,21,176.5,4091304.9,164.5,3895479.7,165.5,4108698.9,190.5,4706217.9
111,31,22,466467.9,24,519462.5,25,634431.1,23,550974.3
111,32,3,66340.4,3,65071.5,,,4,93834.4
111,40,102.5,2280046.7,96,2268257.5,94,2244579.5,91,2167109.6
111,44,83,1623953.1,86,1620698.4,68,1511179.7,71,1554094.3
111,51,25.5,583400.3,21.5,557921.3,11.5,285699.4,14,389921.4
111,52,,,,,3,63639.2,2,43561.9
111,57,136,2510223.9,139,2527066.7,109,2114240.2,104,2286201.8
111,58,7,131649.8,5,90645.3,9,177062.5,8,178487.6
111,61,5,96599.5,5,114410.1,5,114850.7,5,126020.6
111,62,10,217831.3,12,264529.5,8,160539.2,8,209984.6
111,63,64.5,1341004.7,69,1397012.4,52,1043504.5,59,1216041.1
111,66,59,1168900,57.5,1197990.9,53,1114700.9,52,1221361.6
111,67,75.5,1575915.6,77.5,1590365.5,72.5,1567724,73,1550521.1
111,68,38,753294.1,39,793376.4,31.5,667756.8,30,714497.5
111,78,131,2599464.2,121,2467960.1,103,2141892.3,118,2460160.8
111,79,1165,21917419.7,1098,21273084.3,1103,22154865.1,1048.5,21769724.6
111,80,1726.5,22971953.5,1551,21924569.9,1238,18426504.1,975,15215310.6
111,81,977.5,15651997.6,1067,17204181.2,966,16487706.8,911,15940617.4
111,82,360,8828373.9,361,9037476.9,352,8904625.1,350.5,9031064.3
111,83,379.5,8411379,354.5,8309503.6,348.5,8310596.9,343.5,8669346
111,84,232,5215006.9,219,4941114.7,232,5326937.2,239.5,5860659.5
111,99,5,120715,5,121394,5,125178,5,135491.2
111,100,3,54077.6,2,41596.5,2,42107.6,2,47972.5
111,101,5,90129.3,4,83193,4,84215.3,5,119931.3
111,102,2,36051.7,2,41596.5,2,42107.6,2,47972.5
111,106,29,595712.9,27,561159.1,32,688615.1,28.5,583884.6
111,107,34.5,621994,33.5,671651.4,30,661860.1,31,684950.7
111,109,2,44318.7,3,67510.7,3,71270.6,4,92565.4
111,110,139.5,2536220.9,134,2682602,127,2560731.5,148.5,3132026.5
111,123,63.5,1380778.3,63.5,1507251.8,66.5,1602778.6,61.5,1538054
111,125,17,361318.4,12,249986.4,15,360685.5,13,340218.4
112,3,5,120692.8,5,108797.4,5,107369,5,132463.5
112,11,204,4181504.4,192.5,4172457.6,191,4253959.7,191,4497491.7
112,12,87,2025722.9,82,1953088.2,82,1902931.1,70,1725441
112,13,2,45155.3,2,46766.9,2,45666.2,2,49298.3
112,15,72,1770258.3,62,1729989.8,58,1500989.7,62,1702307.9
112,16,242,5908764.2,247,6000291.2,237.5,5863549.3,238.5,6192413.3
112,20,,,,,1,27235.3,1,27868.6
112,21,4,93366.1,5,137972,9,245117.3,7,195079.9
112,23,78,1689057.4,75,1625420.1,84.5,1924194.6,78,1874261.2
112,24,243,6253062.9,238,6060694.5,224.5,6091538.4,223.5,6429407.2
112,31,84,1659722.4,90,1859416,91,1935966.7,86.5,1895142.6
112,32,24,615049,26,690038.4,23,581944,16,415953
112,51,40,753148.3,44,820279.7,42,814512.7,40.5,833837.5
112,66,94.5,1730526.3,88,1723191.9,82,1687454.8,80.5,1730672.8
112,78,29,581617.1,34,669368,38,767711.4,42,968434.5
112,79,211,4417412.1,190,3907053.3,199.5,4130418.6,182.5,3838946.8
112,83,174,4451142.1,170,4295417.2,159.5,4160637.7,165,4318137.4
112,84,506.5,11835858.4,495.5,11907542,458.5,11364212.3,464,12094755.4
112,86,,,1,25851.7,,,1,28786.9
112,87,2,48877.5,3,77555,4,109322.5,4,115147.4
112,100,472,7482453.5,389.5,6607217.8,333.5,5615199.6,345.5,6552141.2
112,101,604,12076536.8,579,11932250,551,11474572.1,573,12710150.2
112,102,271.5,5454304.9,263,5608483.1,246,5708457.9,255,6101019.8
112,103,171,3558264.6,175.5,3594740.7,166,3749166.6,161.5,3758349.7
112,107,47,805258.5,46,897670.2,47,918580.2,45,973624.3
112,108,83,1727679.8,82,1729486.5,81,1786930.7,76.5,1922361.3
112,109,8,186281.5,9,218089.9,10,244931.5,10,277304
112,121,4,96419.3,4,91460.6,4,89217.8,4,96962.1
113,15,4,94992.4,3,85086.3,3,79227.4,3,77200.1
113,16,60.5,1448860.6,54.5,1346991.4,47.5,1203017.2,40.5,1115488.5
113,20,102,2284492,99,2309250.9,103.5,2488573.7,103.5,2540042.5
113,21,605,13454180.2,577.5,13305144.7,568,13102052,580.5,14236703.8
113,24,6,149652.9,9,212335.5,8,208816,2,56590.6
113,25,3,74826.4,7,165149.8,7,182714,4,113181.2
113,26,72.5,1677975.8,74.5,1738649.9,72,1732481.6,72,1791602
113,27,84,1936741.6,87,1994635.3,87,1961030.4,94,1974608.8
113,30,3,59275.8,3,61980.5,3,65670.1,2,45190.6
113,40,24.5,498146.3,22,483540.4,23,504170.7,21,530173.2
113,41,36,634525.7,37,693187.7,11,241125.2,34,617495.7
113,46,48,805276.6,47,794566.3,46,939346.4,45,933068.7
113,47,49,887413.6,42,820483.8,47,1107228.8,34,810669.3
113,49,66,1053662.9,62,1007623.5,59,1015964.4,50,912977.2
113,50,5,94143.5,4,74570.9,8,155145.3,10,205885.8
113,51,10,188287,12,223712.7,11,213324.7,8,164708.6
113,60,65,1305166.3,72,1478778.4,54,1211120.2,59,1366851.6
113,61,2,40159,2,41077.2,1,22428.2,1,23167
113,62,6,132636.8,6,139348.8,6,145116.6,6,156419
113,65,,,,,,,1,21429.8
113,69,98,2094945,100,2059310.4,110,2195406.5,104,2196039.9
113,77,133,2240448.1,126,2336184.8,113.5,2291065,104.5,2266596.8
113,78,243.5,5313080.3,242,5483082.2,241.5,5684691.1,246.5,5983317.4
113,79,457,10708517.8,462,10965400.3,449.5,10941781.6,423,10844526.6
113,80,175,3667571.1,180,4001882.3,173.5,3809606,162,3738714.4
113,84,2,44538.1,2,53604.4,,,,
113,85,145.5,3445964.5,139,3369987.5,137.5,3366990.7,129,3219928.6
113,86,42,1026426.5,33,853104.5,38,1038564.1,32.5,935572.8
113,96,62,1292476.8,57,1145570.8,58.5,1375030,54,1350535.4
113,97,6,125078.4,9,180879.6,8,188038.3,8,200079.3
113,99,6,125078.4,2,40195.5,2,47009.6,,
113,100,623.5,10995800.4,596.5,11259392.2,553.5,11118452.9,530.5,10883793.2
113,101,640,12738506.5,625,13145969.3,626,13302378.1,611,13722524.4
113,102,156,3674788.4,164,3815078.1,163,4020017.1,168,4289519.3
113,103,67,1520786.5,58,1265609.6,62.5,1460435.7,67,1645797.2
113,107,29,553998.5,25,487864.2,27,527694.9,33,713991.2
113,108,5,116426,3,72696.6,4,97972.7,2,55460.8
113,121,52,1253450.4,54,1234718,54,1204440.5,59,1430191.6
113,123,3,61916.9,3,53820.2,3,60519.2,3,61800.5
114,2,12,289662.8,14,304632.8,13,279159.4,14,370897.8
114,3,25,603464.1,23,500468.2,27.5,590529.5,24.5,649071.2
114,9,2,49123.5,2,50980.4,2,51253.3,2,52145.3
114,17,2,47896.2,2,49430.9,2,50653.4,3,82628.8
114,21,12,267739.2,13,308677.2,13,307171.1,13,322982.1
114,24,122,2528456.8,119.5,2559177.6,121,2762872.5,106,2618208.1
114,27,5,104155.4,5,115204,5,118754.7,5,124282
114,30,104.5,2092927.6,108,2180976.4,109,2260710.7,104,2292663.8
114,31,28,583006.4,25,533362.5,24,491090.2,27,598302.5
114,33,36,682062.5,32,609614.7,32,628165.5,32.5,704121.7
114,34,10.5,269083.9,10.5,278669.4,7.5,189764.3,7.5,194978
114,39,,,,,,,3,77991.2
114,40,9,182992.5,8,175832.9,9,197284.2,8,201970.7
114,41,4,81330,,,,,,
114,42,2,40665,2,43958.2,5,109602.3,2,50492.7
114,49,3,47893.8,4,65008,5,86098.7,5,91297.7
114,55,15,323250,15,318969.8,14,362472.9,11,267500
114,56,53,913090.8,46,1028362.2,51,1192273.6,50.5,1217926.5
114,60,29,621614.8,29,592312.9,37,794911,40,1005716.9
114,61,27,578744.9,24,490190,23,494133.9,21,528001.4
114,62,44,972670.1,39,905767,39,943258.4,40,1042793.9
114,65,67.5,1338797.4,66,1267535.6,64,1348347.7,62,1330232.2
114,68,4,84524.4,4,83063.2,,,4,89619
114,73,5,126720.4,4,99887,3,75903.6,3,77030.5
114,74,571,11244303.8,518,10350205.1,512,10844310.3,504.5,11419038.4
114,75,4,101135.4,4,97056.6,4,98023.5,4,107735.7
114,76,143,2891194,147,3076245.7,145,3147146.7,145,3355248.8
114,77,45.5,961583.9,47.5,981174.5,45.5,1025251.8,46.5,1083988.2
114,79,465,10181611.5,456.5,10324383,421.5,9921385.3,429,10521240.7
114,80,1193,24050885,1152.5,24026479.3,1158,25090450.6,1115,25204273.9
114,85,129.5,3070930.6,128,3162527.2,119.5,3077909.6,126.5,3340719.8
114,86,116,2447672.4,109,2374798.6,107,2507622.3,91.5,2182600.9
114,88,2,37547.9,,,,,,
114,96,249,5263202.1,250,5271529.5,234,5169479.7,229,5548240.1
114,97,69,1358269.3,64.5,1276724.1,62,1228636.2,57,1293569
114,100,6,132481.5,7,149933.1,7,160149.1,7,171964.5
114,101,3,66240.7,3,64257.1,3,68635.3,2,49132.7
114,104,4,80350.2,4,83604.8,4,89861.9,4,99907.5
114,107,42,894316.4,43,917347.4,46,942558.5,39,909156.4
114,108,3,64329.6,3,65952.1,3,67988.4,3,77884.7
114,116,32,703319.5,32.5,747184.7,31,758127,31,869024.2
114,117,39,945965.4,39,776747,29,728907.6,28,696634.5
114,122,10,231368.2,10,194105,15,362119.9,16,377191.7
115,2,42,895031.8,37,751667.1,32,652105.5,39,769440.9
115,3,82.5,1670430.9,77.5,1513068.7,78.5,1683317.2,81,1873463.9
115,21,6,133869.6,6,142466.4,3,70885.6,3,74534.4
115,22,2,44623.2,2,47488.8,2,47257.1,2,49689.6
115,24,597,13747360.7,606,14366743.8,575,14385766.6,571,14780831.8
115,25,9,196239.6,6,125706.8,4,88069.8,6,160004.1
115,26,34,749109.3,26,652124.9,35,984132.1,32,958646.4
115,27,28.5,593685.9,26.5,610581,24.5,581898.3,26.5,658694.5
115,30,4,83286.6,4,85338,3,61386.3,4,88637.4
115,31,88,2151750.1,80,1995971.4,83,2040021,85,2238079.7
115,36,3,76881.1,3,79619.8,3,75905.7,3,77991.2
115,43,3,60997.5,2,43958.2,,,1,25246.3
115,45,53,1217872.7,52,1287471,54,1280522.3,52,1281272
115,52,4,86200,4,85058.6,4,103563.7,4,97272.7
115,55,5,107750,7,148852.6,2,51781.8,6,145909.1
115,57,13,223965.7,14,312979.8,13,303912.8,14,337643
115,64,3,56908,3,57249.7,2,41877.6,2,42859.5
115,65,9,170724.1,9,171749.2,9,188449.2,8,171438.1
115,67,2,37938.7,2,38166.5,,,,
115,68,134,2841105,133,2860209.3,134,3168321.7,130,3045813.8
115,71,179,3783552.7,181.5,4003286.6,176,4102588.7,181,4312952.7
115,72,308.5,5902402.1,297.5,5996306.7,291,6077637,270,5924895.4
115,73,459,9763652.7,474,10455950,460.5,10408207,448.5,10821774.5
115,74,747.5,14671875,737.5,15134017,713.5,14662392.1,689.5,14861289.7
115,75,3,75851.6,1,24264.1,1,24505.9,2,53867.9
115,76,835,16323608.1,815.5,16275965.8,800,16671051.2,772.5,17291394
115,77,284,6258979,285.5,6550267.3,283.5,6614321,287.5,6893435.5
115,83,189,4210719.5,192,4373364.1,185.5,4718167,173.5,4792094.4
115,84,229.5,5027125.5,223,5222370.6,213,5029944.8,230.5,5707698
115,90,10,187739.7,9,193398.1,7,140631.2,6,107588.6
115,91,166.5,3431435.5,158.5,3520733.6,153.5,3409528.3,146,3233762.3
115,92,601,11904264.5,584.5,11679102.4,579,11927365,559.5,12000966.9
115,93,356,7057182.8,334.5,6997932.1,314.5,6654056.4,317,7345545.1
115,94,83,1676563.9,75,1570860.7,67,1520063.3,74,1663309.7
115,95,137.5,3113172.9,144.5,3240776.1,139.5,3233892.3,144.5,3496771.3
115,98,136,2939453.3,133,3018844.6,133.5,3143090.8,128,3227841.6
115,103,2,44160.5,2,42838,2,45756.9,2,49132.7
115,104,130,2724214.3,127,2608957,116.5,2568547.1,120,2777107.6
115,107,3,63879.7,3,64001,3,61471.2,3,69935.1
115,108,145,3157027.4,137,3005395,140.5,3125935.5,119.5,2911665.4
115,114,29,576747.6,27,511418.9,28,566317.8,24,479068.8
115,115,21,442387.9,22.5,554294.4,22.5,455076.8,27.5,548933
115,117,56,954918.9,57,1006255.4,52,1015867.4,58,1119419.3
115,120,52,1073225.7,60,1076404.1,51,1028825.7,46,947607
115,121,,,,,2,40346.1,2,41200.3
115,122,14,323915.5,12,232926,10,241413.3,8,188595.9
115,123,155,2954751.4,145,2906792.1,130,2761382.9,124,2909776.5
116,6,19,362149.5,16,354137.8,15,343946.6,12.5,294133.3
116,17,10,219595.4,11,264262,8,203445,6,155272.2
116,21,4,102398.1,4,108426.5,2,56045.3,4,110196
116,22,2,51199,2,54213.3,1,28022.6,1,27549
116,26,32,676070.7,30,708127.9,30.5,714908.9,27,670877.7
116,27,41,847993.4,46,990713.7,40,941612,43,1166651.5
116,30,,,1,18322.9,1,19993.4,1,23469.5
116,34,141,2694012.7,137,2828734.9,137,3019631.8,133.5,3164600
116,35,3,65699,3,65067,3,70714.5,3,75126.3
116,43,86,1641655.6,96,1866413.9,100.5,2006206.3,102.5,2353099.7
116,51,71,1394720.5,73.5,1506836,54,1114062,53,1206445.7
116,54,5,107750,5,106323.3,5,129454.6,5,121590.9
116,57,78,1459029.9,76,1419739.1,77,1568249,65.5,1422705.9
116,58,18,328238.5,19,354934.7,21,423012.7,23,499576.1
116,63,72,1327458.1,50,972353.8,66.5,1446006.5,55,1110712.9
116,64,119.5,2101312,110,1940391.7,103,1971164,102.5,2082992.9
116,71,18,345172.6,16,310552,22,453912.3,22,466323.6
116,72,4,98994.1,4,85379.2,4,86765.2,7,162342.5
116,76,22,481399.2,23,541593.1,31,726451.1,35,759812.7
116,77,99,1732071.8,82,1427865.7,73.5,1221902.9,62,1123414
116,83,1,21039.7,1,20966.4,1,23645.4,1,23173.3
116,84,29.5,672510.4,28.5,645749.3,32,843454.9,33,873741.5
116,88,113.5,2464697.3,108,2262501.8,106,2491259.1,106,2526612
116,89,322,6942072.3,319,6899969,317.5,7089806.8,305.5,7327809
116,90,12,265510.3,12,290153.3,8,198840.8,1,24583.5
116,91,50,878625.7,48,899266.4,42,900093.7,40,939637.5
116,92,45,817533.4,38,870139.4,44,949333.9,44,1219163.6
116,98,126,2651103.2,123,2677341.6,117,2622379.6,103,2570937.4
116,99,3,66774.8,,,,,,
116,100,1,22103.9,1,20954.7,2,44668.8,1,27579.6
116,102,102,2571485.8,101.5,2566731.7,89.5,2259875.9,94.5,2512496
116,108,246.5,5517216.5,240,5326495.5,230,5290440.4,238,5531720.2
116,118,71,1454926.4,70.5,1431991.1,72.5,1543105.4,69.5,1565366.5
116,120,5,87435,4,73268.3,5,108043.2,3,55910.7
116,121,40,699479.2,23,421292.4,27,583433.3,34,633653.6
116,123,36,799599.2,38,888029.5,34,809709.6,35,1017528.8
117,6,6,114363,6,132801.6,5,114648.8,8,188245.3
117,15,3,81865,2,56896.8,2,54534.3,2,58854.9
117,17,14,307433.6,12,288285.9,12,305167.5,10,258787
117,18,108,2479223.9,110.5,2468213.7,109.5,2465120.6,109,2578130.7
117,20,384.5,5724443.1,369.5,5684704.6,367.5,5799128.8,361,6131409.9
117,21,31,793585.1,32,867412.7,28,784633.7,24,661175.7
117,22,2,51199,2,54213.3,1,28022.6,4,110196
117,29,122,2497245.1,120,2371135,116,2456699.5,118,2597093.6
117,30,113,2419709.5,129.5,2726206.2,113,2559905,113.5,2855139.9
117,32,33,740002.9,34,762924.1,32,657831.8,27,579684.3
117,34,11,240896.4,10,216890,4,94286,5,125210.5
117,37,83,1786213.8,78,1824651.2,75,1720493.1,77,1834521.4
117,39,34,611243.2,34,701668,35,771182.3,41,906936.7
117,40,174.5,3108212.3,169,3041397.7,153.5,2839019,138.5,2686826.8
117,46,2,40665,2,43958.2,2,43840.9,2,50492.7
117,51,40,784574.2,41,792953.5,36,772130.4,42,958355.4
117,52,26,465297.7,25,493371.5,30,606845.1,28,585025.7
117,54,22,474100.1,20,425293.1,17,440145.8,17,413409.1
117,58,2,36470.9,1,18680.8,1,20143.5,1,21720.7
117,60,5,107829.9,5,109283.6,5,106869.2,5,111161.7
117,62,3,60258.2,3,58341.2,3,65233.4,3,60584.3
117,64,4,75943.3,4,82876.2,4,80195.7,4,93122.7
117,69,39,775893.6,38,713777.4,47,900016.4,35,739968.6
117,70,255,4563015.5,250.5,4624293.4,229.5,4277326.5,213.5,4365110.5
117,71,357,7300014,351,7248139.6,346,7408794.8,329,7395758.3
117,76,37,908529.9,35,819949.8,35,882328.6,33,813653.3
117,77,13,284463.3,12,282570.4,17,339232.2,14,323192.3
117,78,2,43763.6,2,47095.1,2,39909.7,2,46170.3
117,79,13,284463.2,12,282570.4,13,259412.9,10,230851.7
117,82,3,63119.1,2,41932.8,2,47290.9,2,46346.6
117,86,8,182375.7,9,203920.8,11,250173.3,9,186955.7
117,87,34.5,672494.7,25.5,565774.1,24,545832.7,29,602412.7
117,88,296.5,6621662.4,290.5,6646888.6,298.5,6980144,298,7389521.9
117,89,48,1046067.6,46,1033999.6,45,1000700.8,38,950098.6
117,91,22,486768.8,26,628665.6,27,671087.8,30,737504.5
117,92,518.5,11014861.6,497.5,10826175,498.5,11237523.7,481.5,11561994.2
117,98,5,111291.4,5,112254,5,105189.6,4,92404.8
117,99,3,66774.9,3,67352.4,3,63113.7,3,69303.6
117,100,250.5,5202073.8,268.5,5601387.2,261.5,5827275.4,267.5,6055704
117,101,116,2522883.7,111,2501411.5,100.5,2302799.9,111,2637385.7
117,102,317,6789378.8,291,6681338.5,292,6666769.8,278.5,6817345.4
117,103,31,716536.6,35,762908.4,39,860912.7,37.5,819248.2
117,118,,,1,20311.9,1,21284.2,1,22523.3
118,17,2,43919.1,2,48047.6,,,,
118,18,909.5,20205061.4,919.5,21038283.9,874,20347887.1,855.5,20606214.1
118,19,2015,31473333,1992,31553450.7,1954,32093975.3,1847,31217152.2
118,20,3120,63078161.2,2990.5,61264000.8,2887,59787228.9,2834.5,61278097.2
118,21,1939,42201785.4,1818,40923650.7,1803.5,41430984.3,1819,43582135.1
118,22,223.5,5562425,237.5,5881439.2,228.5,5802766.8,227.5,6129032.5
118,23,75,1503133.4,78.5,1761426.2,73,1715896.3,71.5,1754131.1
118,24,,,,,,,2,50355.6
118,25,55,1256635.5,55.5,1308085.4,63,1589219.7,75,1888336.7
118,26,146,3604320.1,147.5,3583035.4,143,3512259,147,3774874.8
118,30,19,412605.2,17,391877.4,19,434641.3,20,479349.9
118,32,100.5,2037120.5,96.5,2016751.4,98,2244788.8,97,2332685
118,35,37,828730,35,738944.6,43,972080.1,36,834124.1
118,36,14,302216.6,14,308749,16,382641.5,19,458679.6
118,37,294.5,6196659.6,269,5676708.3,246,5625619.3,252.5,5917249.2
118,39,6,119132,5,106287.2,5,117660.9,4,104552.7
118,40,23,563235.2,24,586349.5,24,662476.1,26,736583.9
118,60,4,86263.9,4,87426.9,4,85495.4,4,88929.3
118,67,300.5,5245461.7,289,5284104.7,289.5,5617518.4,244,5104921.9
118,68,31.5,607668.2,32.5,643615.1,33.5,680066.3,32,725132.8
118,69,453.5,8945105.2,450.5,8797553.8,425,8745818.4,449,9589177.1
118,71,4,79578.8,1,18783.6,1,19149.3,,
118,72,2,45737,2,49939,2,51870.6,2,45446.7
118,73,133.5,2502212.9,128.5,2542961.2,111.5,2277833.1,107,2470250.8
118,74,76.5,1787097.9,76.5,1660641.2,70,1590571.2,69,1657508.2
118,75,3,74245.6,4,85379.2,4,86765.2,4,92767.2
118,76,428.5,8072855.6,413,8246731.1,390,8243706.5,415.5,9335727.2
118,77,702,13484157.6,677.5,13783472.1,634,13569414.3,647.5,14562012
118,78,317,6540456.7,330.5,6837473.3,333,7273555,341.5,7724181.4
118,79,49,1107555,51,1159416.8,48,1187633.5,49,1158846.2
118,80,59.5,1104061.6,68,1275377.3,63.5,1223853.8,69.5,1644915.3
118,81,11,231436.6,17,356428.5,19,449263.3,20,463465.6
118,84,129,2963314.9,126,2991734.1,125,3254173.3,134,3668423.8
118,86,25.5,558423.5,31.5,710501,38,802268.9,39,972468.8
118,87,134,2792098.9,124,2660899,122,2823732,122.5,2855231.8
118,88,4,97585.3,4,94453.9,4,95625.8,3,75152.9
118,92,45,1003192.2,48,1142579.3,54,1292026.1,54,1313815.2
118,98,152.5,3682868.2,137.5,3258592.6,141.5,3435037,142,3575238.1
118,101,5,110519.5,4,83819,3,67003.3,3,82738.8
118,104,4,89215.8,4,92786.8,4,99455.3,4,105820.5
118,107,2,41199.5,2,42423.4,2,42827.4,2,45007.5
118,119,17,363479.7,15,336978.6,14,330755.2,13,334647.2
119,5,78,1737748.6,85,1935467.5,89,2028629,80.5,2183383.7
119,6,78,1716155.7,78,1731449.9,79,1811452,80,1882452.8
119,11,58,1359559.9,61,1418139.9,52,1288857.1,47,1148741.7
119,14,327,7952529.4,321.5,8145169.7,292.5,7522018.5,288,7978697.6
119,15,11,300171.8,8,227587.4,11,299938.6,12,353129.3
119,17,18,395271.8,16,384381.2,10,254306.3,9,232908.3
119,18,637.5,13955377.3,632,14024954.3,628,14677591.4,606.5,14502222
119,19,1997.5,39455383.3,1933.5,39194759.4,1866,38997205.7,1788.5,39262495.2
119,20,2981.5,62329745.9,2944,63050675,2865,62486297.9,2713,62171037.2
119,21,3062,69085690.2,2935.5,67776216.3,2949.5,69695887.1,2920,71464935.5
119,22,2212,45313432.1,2125,44882251.2,2075,44360361.6,2049.5,45560256.2
119,23,214,5666813.3,209,5863872.9,198,5539400.1,208,5949740.1
119,24,86.5,2047170.1,80.5,2012453.8,84.5,2200177,78,2215386.3
119,25,191.5,4413580.7,188,4523097.1,185.5,4516885.2,181,4703557.3
119,26,156,3653967.7,159.5,3669999.7,171.5,3971489.9,184,4498164.1
119,27,2,43014.6,2,48262.5,2,48026.2,2,52075.9
119,30,235.5,5171067.8,239,5449797.6,232,5566077.3,247.5,6117092.4
119,31,397,8646870.2,404.5,9119950.7,378.5,8695207.2,386,9162777.4
119,32,11,242703.8,10,213080,8,182300.3,8.5,203848.6
119,34,4,89592.4,4,84450.8,4,90426.1,4,92680.5
119,35,338,7493689.5,335,8006866.4,304.5,7236401.4,306.5,7907218.8
119,36,1,21586.9,1,22053.5,,,,
119,37,2,43173.8,,,,,,
119,38,56,1335726.7,49,1165305.6,60,1410621.6,62,1564706.9
119,39,16,317685.4,16,340119,17,400047,14,365934.4
119,43,67,1410521,61,1269682.2,59,1228714.6,59,1381038.1
119,44,1,20332.5,1,21979.1,1,21920.5,1,25246.3
119,54,7,150850.1,6,127587.9,6,155345.6,6,145909.1
119,60,37,797941.2,43,895965.8,41,876327.7,41,911525.8
119,61,4,86263.9,4,87426.9,4,85495.4,4,88929.3
119,65,26,468174.2,23,476538.4,24,507057.3,24,558736.3
119,66,4,77993.8,4,80307.3,3,68224.2,3,68172
119,67,356,6383075.8,351.5,6643126.2,328,6500929,389.5,7926435.3
119,68,166,2709313,163,2828457.3,161.5,2846325.6,157.5,3014918.6
119,69,358.5,6825530.1,350.5,6854296.9,339.5,7207491.9,335.5,7403882.9
119,73,29,663186.8,28,699145.4,28,726188.4,18.5,420381.6
119,76,94.5,1772559.3,93.5,1787989.9,81.5,1672454.2,96.5,1983678.2
119,77,22,445412.8,21,434507.6,25,621131.1,24,640175.3
119,81,11,231436.6,11,230630.2,11,260099.8,11,254906
119,84,3,69257.3,2,48306,2,55803.2,2,57848
119,85,493,10214489.4,466,10329467,452,10120624.6,434.5,10143254
119,87,135,3123802.4,144.5,3381989.3,149.5,3719471.8,145.5,3785265.2
119,88,99,2362027.2,121,2722234.2,127,3041578.2,131,3284389.6
119,98,279.5,6166261.6,278,6432089.1,298.5,6863753.7,293,6969696
119,99,30,685872.1,22.5,487503.1,25,592754.5,25,645900.8
119,105,101,2111000.7,100,2173700.5,97.5,2139460.2,91.5,2186035.9
119,106,2,41199.5,2,42423.4,2,42827.4,2,45007.5
119,107,42,865190.3,40,848467.5,48,1027858.8,49,1102682.8
119,117,137,2839693.9,126,2865872.3,129.5,2927399.4,122,2971529.1
119,118,247,5001804.9,268,5361270.6,273.5,5603106.8,272,6088810.6
119,120,19,384904.9,19,386202,12,266077.3,12,283931
119,121,40,810326.4,33.5,680935,36.5,809318.5,35.5,839962.6
120,5,160.5,3267831.8,146,3082425.1,133,2902767,143,3225230.3
120,10,3,75350.1,5,126796,3.5,89405.2,2,53361.3
120,11,164,3947342.8,163,4004849,167,4108196.7,184,4760108.7
120,14,3,65553.9,3,67328.4,3,65388.7,3,69817.9
120,16,,,,,3,90004.5,3,77970.1
120,18,2,46523.6,3,71954.1,2,44030,2,48458.1
120,19,590,15559476.2,573.5,15693897.2,598.5,16211892.6,596,16734969.7
120,20,685,14694878.6,635.5,14015572,600,13506108.8,571.5,13252036.1
120,21,284.5,7218304.5,276.5,6983534,261,7030831.2,275.5,7457249.1
120,22,140,3588596.3,138.5,3757912.6,134.5,3748153.8,136.5,3670096.7
120,23,49.5,1277335.2,55.5,1329964,49.5,1289668.8,52.5,1350782.6
120,24,57,1445379.9,54,1312697.7,54,1298231.7,57,1508461.9
120,25,3,77478.9,4,95592,4,98602.2,4,109207.8
120,26,6,154957.8,6,143388,6,147903.3,6,163811.7
120,28,345,7581437.6,344,7634640.9,308.5,7345810.2,303.5,7489915.5
120,29,4,104291.8,6,155130.5,4,114453,4,112245.9
120,30,76,1905100.3,80,2016901.6,77.5,2092675.5,74.5,2031540.6
120,31,649.5,12498684.1,643,12751272.3,613,12562155.8,639,13528472.3
120,32,190.5,3779832,186.5,3988501.9,186,4061529.3,170,3934485.7
120,33,24,554621.2,26,623008.9,22.5,516613,26,645595.3
120,35,35,786208.1,31,703345.5,36,797466.4,35,894469
120,38,113.5,2315705,119.5,2489456.2,115.5,2573491.5,121.5,2988757.9
120,39,33,835568.2,33,886829.9,27,697215.4,29,792537
120,40,3,56735.9,2,39262.7,1,21141.1,3,71770.8
120,41,309.5,5858561.7,313,5966402.7,290.5,5788658.7,278,5741833.2
120,42,349,6444198.7,314,5962038,293.5,5957742.8,281,5859422.5
120,43,7,168611.4,5,110054.7,8,187555.2,6,146586.1
120,45,72,1444840.8,73,1468821.4,74,1632044.5,69,1629445.8
120,46,20,435294.2,18,369453.1,16,320467.3,18,389995.1
120,47,178,3533045.4,167,3330205.4,175.5,3611246,165,3507349.2
120,49,3,58418.5,3,57057.4,3,60682,3,64354.3
120,51,2,33291.2,2,33265.9,2,43801.1,2,43873.9
120,56,3,63822.2,3,66381.4,4,80696.5,2,45462.4
120,57,33,702043.8,35,774450,41,827139,36,818324.8
120,58,4,83034.8,4,90685,3,69294.2,3,80570.1
120,59,11,228345.8,11,249383.7,9,207882.5,9,241710.1
120,62,52.5,1155092.9,55,1157370.3,49,1114082.1,53,1232848.9
120,63,170.5,3210867.5,161.5,3082977.6,137.5,2878626.4,146,3168967.8
120,65,76,1616880.7,85,1680476.3,79,1732359.1,83,2018948.3
120,66,52,1297027.8,55,1342709.8,49,1195779.6,49,1286384.9
120,67,391,7982996.6,386,8115676.8,364.5,7710291.8,359,8137615.1
120,70,13,237945.9,11,201337.7,10,197789,9,187698.2
120,83,19,442657.9,16,387020.5,17.5,428043.7,17.5,440792.3
120,85,5,144089,7,189311.1,8,219600.8,7,207974
120,87,23,662809.5,29,784288.8,29,796052.9,29,861606.1
120,88,406,9002238.8,406.5,9062388.9,393,9316971.8,403,10032663.2
120,98,3,66081.2,3,59682.6,5,133980.2,5,136787.9
120,99,226.5,5405108.7,218.5,5337505,218.5,5611325.5,215.5,5830292.3
120,102,4,95753.2,4,104543.1,4,111250.5,4,123643.6
120,105,63,1383940,64,1477359,63,1516142.3,59.5,1583842
120,107,127,2487153.1,117,2360925.7,108,2312330.3,99.5,2354653.8
120,115,2,37260.7,2,41799.8,,,1,22282.1
120,118,10,168192.4,8,166361.4,6,131433.6,5,117165.3
120,121,3,60479.4,3,69301.7,3,74722,3,69671.7
120,123,29,584634.7,28,646816.2,22,547961.2,26,603821.7
120,124,5,100799,7,161704.1,8,199258.6,6,139343.4
121,0,82,1915477.8,92,2015055.5,97,2191666.1,96,2294371.4
121,1,3,73264.6,3,67135.8,3,69039.8,3,74822.1
121,7,5,100735.4,5,105844.2,5,112028.3,5,119745.7
121,9,,,,,5,127721.8,5,133403.3
121,10,5,125583.6,5,126795.9,,,,
121,15,11,240364.4,11,246870.7,12,261554.7,13,302544.3
121,17,5,126691.8,5,128223.1,2,60003,,
121,19,33,767639.3,42,1007357.1,41,902614.7,43,1041848.8
121,20,322,7182790.5,312,7438140.8,339.5,8119817.4,327.5,8188213.3
121,24,2,51652.6,2,47796,2,49301.1,2,54603.9
121,30,51,1265887.6,46.5,1148156.9,49,1202409.8,45,1103581
121,41,545.5,9986210.1,532,9786398.5,504,9888101,489,9787932.7
121,42,247,4853891.6,246.5,4808506.4,225.5,4571778.6,236.5,4842344.9
121,44,5,101884,5,110550.5,5,110491.5,5,120959.5
121,45,26,529796.6,26,574862.9,27,586557.1,25,604797.6
121,48,228,4241962.8,229,4304374.1,223.5,4392090.1,199,4142302.7
121,49,196.5,3517813,178.5,3201152.4,168,3231875,151,3159272.9
121,50,40,665823.8,44.5,740166.9,31,678916.7,27,592297
121,51,247,4645866.2,245.5,4717554.7,250.5,4944364.2,273,5433771.8
121,53,29,519087.7,27,500550.6,25,461877.5,25,526571.7
121,55,34,941511.9,33,846348.5,39,1031695.8,33,1020453.3
121,56,304,6345259.5,286,6068716.4,311.5,6836752.6,326,7390208.3
121,57,443,8649742.3,456,9018451.1,435.5,8886251.7,379,8260290.9
121,58,996,18489301.6,931.5,17941295.6,956,18822057.8,874.5,17475554.9
121,59,160,2950952.4,154,2983185.5,154.5,3158234.6,152.5,3342619.8
121,60,9,167801.1,7,140162.4,12,242404.8,6,121934.7
121,61,156,2984731.7,146,2895564.6,137,2813404.8,138,2911609.7
121,62,63,1442509,61.5,1419382.3,59.5,1281966,54,1273215.1
121,63,443,8525309.4,443,8667403.4,416,8523539.5,408.5,8799117.7
121,64,15,339334.5,17,370535.9,16,386890.3,17,431515.2
121,67,337.5,6056749.3,339,6253682.5,351,6616267.9,347,6686007.3
121,68,6,109821.2,5,91517.2,1,19778.9,2.5,52138.4
121,74,7,141523.1,7,133482,6,127869.3,6,129026.5
121,75,16,323481.5,16,305101.6,13,277050,14,301061.8
121,76,83,1690304.4,81,1619167.4,83,1785029.2,73,1648652.1
121,78,21,473607,18,428380.6,19,451386.7,18,467667.1
121,79,88,1946383.3,86,1972724.9,91,2127492.3,88,2286372.7
121,80,7,140725.5,6,133368.9,10,237818,8,228377.4
121,83,274,5591327.4,262,5369104,256.5,5660452,245.5,5648306.9
121,84,2,57635.6,4,108177.8,5,137250.5,5,148552.8
121,88,1,24330.9,1,24939.8,1,25076.3,1,24896.4
121,91,,,3,74819.4,3,75228.8,3,74689.1
121,92,412,10451680.2,391,10087667.5,381.5,10332492.9,379,10691799.8
121,93,80,2116535.4,79,2082913.9,77,2196025,81.5,2569217
121,94,82.5,1708670.9,71.5,1604722.1,56.5,1393412.2,61.5,1522909.4
121,97,3,66081.2,3,66078.3,3,80388.1,3,82072.7
121,98,38,837028.1,33,656508.7,33,702099.4,27,622984
121,99,240.5,5802651.9,235,5728105.7,239.5,6000606.7,224.5,5962829.5
121,110,2,51093.6,2,49951.2,,,1,29514.8
121,111,2,51093.7,5,124877.8,6,169052.1,,
121,118,1,16819.2,1,20795.2,2,43811.2,8,187464.5
121,124,2,40319.6,2,46201.2,2,49814.7,2,46447.8
122,0,118,2695737.8,117,2880363.9,101.5,2405722.7,109.5,2840616.1
122,1,10,239868.9,11,278499.4,11,266586.9,14,363253.4
122,6,279,6047719.9,291,6470914.2,266.5,6391265.3,265.5,6645425.8
122,14,80,1972603.9,76,1869295.2,83,2031461.5,84,2103359.9
122,15,181.5,4683232.8,186.5,4877980.1,199,5434282.5,201.5,5650597.5
122,16,299,7471986.1,292.5,7205110.8,293,7470515.4,294.5,7306565.8
122,17,35,886842.7,31,794983.3,25,750037.4,24,623760.8
122,24,6,142487.9,5,125203.3,5,119564,2,55118.5
122,25,129,2868118.6,124.5,2889946.8,111.5,2704866.9,115,3026646.4
122,30,,,5,108001.7,4,91767.6,1,21488
122,49,325,5981418.9,337.5,6474349.6,327,6461539.2,324.5,6852483.3
122,50,80,1342035.5,63,1069120.7,68,1239723.1,63,1251616.6
122,52,2,34660.6,,,,,,
122,53,198.5,3649732.6,185.5,3562262,176.5,3528110.3,164.5,3699745.3
122,54,96,1946362.5,95,1998155.8,90.5,2177140.1,82.5,1939764.6
122,55,5,125142.8,4,109777.9,3,83121.9,3,85811.1
122,57,346.5,6881101,336,6773513.6,331,6855059.5,311.5,6982093.5
122,58,1120.5,17709657.4,1032.5,17068587.2,1010.5,17075935,993,17553533.9
122,59,384.5,6611245.6,376,6858681.9,358,6533438.1,354,6745596.8
122,63,1,18644.6,1,20023.2,1,20200.4,,
122,67,105,2150885.5,104,2175443.9,98,2036510.7,102,2331423.7
122,71,4,73214.2,4,73213.8,4,79115.6,4,83421.4
122,75,20,453647.7,17,381661.3,15,340416.8,15,358272.9
122,76,303,6085502,308.5,6223717.2,301,6274264.4,290.5,6539573.6
122,78,10,225277.9,8,189554.7,8,212894.1,8,225364.3
122,79,365,7595877.6,350,7542281.7,324.5,7505776.3,334.5,7893815.9
122,80,29,583005.6,33,733529.1,25,594545.1,23,656584.9
122,83,5,111302.2,5,100481.1,3,74261.5,1,25159.8
122,84,2,43036.9,2,43484.7,2,45424.2,2,49250.6
122,92,432,10045671,424.5,9876814,415.5,9844282.9,437,11062811.5
122,94,330,7982347,329.5,8173183,327,8592740.7,341.5,9328558.2
122,95,12,334316.5,12,345473.9,12,365229.1,10,307787.5
122,96,604.5,14356078.4,611.5,14462355.9,592.5,14652873.7,572.5,14699047.3
122,97,175,3704446.4,168,3631482,160,3676148.6,170,4011857.9
122,98,12,264324.6,15,330391.5,19,509124.8,17,465078.9
122,99,7,154189.4,11,242287.1,5,133980.2,5,136788
122,100,46,1101161.8,45,1176109.7,43,1195943,36.5,1128247.8
122,112,72,1545545.3,78,1579362.5,80,1655454.5,81.5,1689557
122,113,31.5,586856.6,31.5,658346.6,30.5,727900.8,28.5,635041.1
122,115,,,3,62699.7,4,95462.4,3,66846.4
122,118,,,3,62385.5,2,43811.2,2,46866.1
122,119,4,67276.9,4,83180.7,4,87622.4,4,93732.3
122,120,52,993072.5,50,859500.8,42,815500,47,865684.5
122,121,6,114585.3,6,103140.1,6,116500,5,92094.1
123,2,74,1632862.1,72,1695661.6,72,1812401.1,80.5,2080766.1
123,3,34,828607.5,30,783439.4,32,837279.8,32,887510.3
123,12,5,109256.6,5,112213.9,4,87184.9,6,139635.8
123,13,136,2975547.8,141.5,3194030.9,124,2771827.6,117,2710766.2
123,21,4,103219.1,3,71889.9,4,104215.6,4,102916.8
123,22,2,51609.6,2,47926.6,2,52107.8,2,51458.4
123,24,2,47496,2,50081.3,2,47825.6,2,55118.5
123,25,110,2827072.9,106,2843404.2,104,2741464.9,98,2700804.7
123,31,145,3308214.7,144,3240178.6,143,3279386.9,141,3370640.6
123,32,46,966121.7,37,835175.5,45,997223.7,43,958092.2
123,47,7,142637.6,8,166103.4,8,176786.4,12,294401.5
123,48,2,33891.9,2,33984.3,2,35906.3,2,39029.8
123,53,217,3744016.2,221,4068067,205.5,3999402.9,203,4267861.6
123,57,5,102056.3,2,46501.7,,,,
123,58,321.5,6174512.1,327.5,6450147.5,323,6626128.9,310.5,6739559
123,59,297,5601638.9,275,5327858.8,294,5898610.1,286,5912890.5
123,60,9,167801.1,8,160185.6,10,202004,12,243869.3
123,62,,,,,,,1,20322.4
123,65,5,113111.5,5,108981.1,5,120903.2,4,101533
123,73,169,3207795.9,160.5,2944556.6,163,3110092,150,3084643
123,75,144,2904585.9,136,2744507.3,134,2872977.8,145.5,3297106
123,78,5,112638.9,2,47388.7,2,53223.5,2,56341.1
123,82,34,756855.1,33,663175.3,30,742614.9,29,729635
123,83,54,1158879.5,53,1199394.4,49,1136557.7,43,1063023.4
123,84,93,2076340.6,85.5,2036623.6,93.5,2258688.8,88.5,2177045.9
123,86,1,28817.8,1,27044.4,1,27450.1,2,59421.1
123,93,7.5,179807.2,9.5,209173.6,4.5,103048,4,101676.4
123,94,1.5,41789.6,3,86368.5,3,91307.3,,
123,95,4,111438.8,6,172736.9,6,182614.6,5,153893.8
123,96,416.5,10029702.3,401.5,9722510.2,383.5,9706330.8,373,9924124.3
123,97,266.5,5622975.8,275.5,5989894.6,278.5,6448276.7,268.5,6307898.9
123,100,278,6237256.3,254,5730610.4,265,6458201.2,273.5,6967370.3
123,104,13,332108.9,7,174828.9,8,225402.8,8,236118.7
123,105,24,613124.1,23,574438,18,507156.4,21,619811.6
123,108,10,255468.3,8,199804.6,7,197227.5,9,265633.5
123,110,,,,,,,6,177089
123,112,67,1295456.4,50,1036936.1,54,1219106.3,41,960286.1
123,113,122,2811464.8,118.5,2821631.7,108.5,2575702.2,115,2870652.8
123,117,3,50457.7,,,,,,
123,121,7,133682.8,7,120330.1,9,174750,9,165769.4
123,122,50,1030054.8,48,939750,42,834278.6,44,903736
123,127,1,20159.8,1,23100.6,1,24907.3,3,69671.7
124,12,197,4513078.3,188.5,4461650.5,189.5,4713771.7,166.5,4350961.9
124,13,135,2934052.1,135.5,3147483.1,129.5,3097078.3,131.5,3452836.3
124,28,2,44017.2,2,47046.6,2,47437.9,2,51694.2
124,32,2,47225.1,2,46490.4,1,21857.4,1,24912.1
124,33,61,1440366.6,71.5,1630396.3,64,1392351.4,63,1552713
124,44,2,39498.6,3,61020.7,4,80885.3,4,86159.6
124,46,37,846000.1,33,724480.9,29,640907.8,25,584136
124,47,113.5,2083287.3,104.5,2016683.8,95.5,1844838.6,100.5,2089842.4
124,52,10,214146.9,10,219241.1,10,219774.7,10,233830.4
124,53,389,7813265.4,390.5,7916035.1,398.5,8473146.1,372,8375690
124,57,45,1037066.7,45,1114022.1,50,1148481.7,47.5,1185078.1
124,58,20,452612.2,18,406757.9,18,431746.8,18,405286.3
124,59,512,9276214.2,495.5,9001596.5,498,9425267.1,469.5,9317030.9
124,64,18,341972.2,14,256885.1,17,333345.5,20,336275.9
124,68,37,677230.6,39,713833.8,35,692261.5,33,688226.8
124,69,2,36607.1,2,36606.9,2,39557.8,2,41710.7
124,82,40.5,862128.6,40,726054.3,38,826962.9,44,1080312.8
124,87,2,42664.5,2,43069.8,4,90064.4,5,111484.5
124,89,11,267640,11,274337.9,10,250762.8,9,224067.3
124,92,394.5,9078517.8,369,8813223.9,367,8953924,357,9392754.6
124,93,892.5,21673967.3,882,21881492.8,828,21181618.9,816.5,21745002.9
124,94,431.5,10582541.2,415,10204757,389.5,10174106.9,393,10680506.6
124,95,970.5,18163244.2,952,18132778.9,913,18079054.5,924,18591469.2
124,96,188,4585559.3,192,4810971.1,186,4800722.4,186,4869816.5
124,97,20,486502.9,14,366432.4,16,417149.1,12.5,335184.5
124,100,4,77944.1,3,64549.8,3,66618.9,5,107801.1
124,104,69,1533014.9,70,1519673,80.5,1891462.2,79.5,1893567.1
124,105,32,668782.6,31,619829.2,28,597617.3,27,567491.4
124,109,1,20226.9,1,23036.6,1,24450.2,1,23877.4
124,110,14,283176.8,12,276439.2,12,293401.9,3,71632.1
124,117,17,368769.8,9.5,227468.4,9.5,227397.7,9.5,288991.9
124,118,82.5,1831029.9,88.5,1969873,79.5,1712364.6,73.5,1775483.7
124,126,83.5,1716691.3,86.5,1755535,83,1851652.4,87.5,1928540.5
124,127,1,18569.2,3,55492.1,4,68276.5,1,20505.5
125,6,4,97686.2,4,89514.4,3,69039.8,2,51893.3
125,9,169.5,3975300.3,162,3749252.1,159,4127480.6,155.5,4252104.7
125,10,37,871913.9,33.5,855933.7,32.5,790994.1,32.5,806400.9
125,12,5,100762.2,6,117248.9,3,67667.7,3,75558.6
125,13,16,322439.2,13,254039.1,14,315782.5,11,277048.3
125,18,4,108528.6,4,100823.1,3,69884.6,3,81537
125,19,146.5,3320234,143,3253212.1,153,3604638.6,148,3937467.1
125,24,4,88034.4,3,70569.9,5,118594.8,3,77541.3
125,27,256,5701086.2,262,6194872.4,252,5908709,241.5,5963019.6
125,28,4,88034.4,4,94093.3,4,94875.8,4,103388.4
125,33,3,70837.7,3,69735.7,3,65572.3,2,49824.1
125,43,12,244521.5,10,207629.3,10,220983,14,343468.4
125,44,454.5,8349927.3,465,8653032.8,440.5,8459391.8,426,8595882.5
125,48,2,39136.8,3,70096.1,4,81332,4,92668.9
125,50,1,19568.4,1,23365.4,1,20333,,
125,57,6,138275.6,4,99024.2,5,114848.2,3,80187.7
125,59,8.5,192360.1,6,135586,7,167901.5,8,180127.2
125,63,157,2820835.7,166,3131601.5,170,3275506.8,168,3390992.1
125,64,67,1171420.7,58,1023567.6,59,1173900.2,52,1040403
125,77,4,80870.4,2,38137.7,2,42623.1,,
125,82,5,106435.6,5,90756.8,,,,
125,85,120,2526914.1,122,2685821.6,109,2435790.8,113,2526743.9
125,87,8,170658.2,8,172279.3,6,135096.6,7,156078.3
125,89,3,72992.7,3,74819.4,3,75228.8,3,74689.1
125,92,5,121791.2,3,76395.5,3,76217.2,3,86214.1
125,93,570,12839479.8,508.5,12152527,530.5,12575863.4,547,13518511.2
125,94,3409,72376801.6,3328.5,71590278.1,3251,72720692.6,3306.5,76378463.9
125,95,2119,42545773.9,1970,41314735.7,1972.5,42014498.9,1879,41915371
125,96,290.5,6740361.9,287.5,6658870,291,7065054.4,279.5,7153237.1
125,99,1,24325.1,2,52347.5,2,52143.6,2,53629.5
125,104,31,584730.2,28,506226.1,27,474329.6,30,645256.8
125,105,4,75449.1,3,54238.5,2,35135.5,2,43017.1
125,115,53.5,1226391.3,54.5,1341574.1,49,1326086.4,44.5,1227969.9
125,123,79.5,1451975.2,80,1498780.4,82,1625875.7,72,1510373.4
125,124,77.5,1604169.7,75.5,1585240.3,78.5,1907548.9,90,2227265.1
125,125,58,1191393.5,62.5,1259279.6,59,1286926.8,63,1453921.8
125,127,2,37138.5,2,36994.7,2,34138.3,2,41010.9
126,8,2,46561.5,2,42149.2,2,52229.2,2,52536.5
126,9,110,2625696.3,117,2828866.9,110,2982739.5,124,3324645.3
126,10,18,424174.3,18,459904.7,23,559780.5,18,446622
126,13,30,718239,28,691427.1,26,649972.8,27,723562.8
126,19,74,1793440.2,76.5,1915507.8,81,2082270.3,76,2035488.9
126,44,140,3127278.5,133.5,3032728.2,119,2860503,122,2913967.4
126,50,60,1226998.5,61,1320674.4,58,1240397.1,61,1434537.9
126,56,8,191322.4,5,117652,5,115311.9,9,240563.2
126,63,10,175203.4,11,201670.3,6,118050.6,6,126840.5
126,80,12,279913.7,11,256074.1,11,264453.1,10,265852.5
126,81,394.5,8664187.9,386.5,8265616.2,365,8412164.6,385,9273665.9
126,92,279.5,5815885.1,271.5,5834751.4,235,5642439.5,234,5994386.5
126,93,361.5,8071315,374.5,8639956,333,8259692.5,343,8546733.3
126,94,2176.5,41420575.2,2114.5,40876875.4,2012.5,40089084.1,2016.5,41093865.6
126,95,1843.5,31407041.6,1591,28506531.4,1571,29053910.8,1597,30589517.1
126,96,319,7774135.3,303.5,7769154.1,309,7951955.4,310.5,8239221.2
126,97,4,108764.7,2,51818.8,2,52861.9,2,50945.8
126,104,29,637402.8,29,677907.9,28,747452,38,1005809.4
126,105,262,5685948.4,251.5,5311449.6,239.5,5413108.7,236.5,5708608.9
126,109,6,123669.9,6,118657.2,6,148878.3,6,140850.9
126,115,15,252288.5,16,332722.8,17,372395.3,18,421795.1
126,121,1,19981.9,1,20617.6,1,25126.3,1,23261.4
126,122,4,89121.2,3,61269.6,6,133558.3,6,121277.6
126,124,34,739142.3,36,771983.6,35,805740.5,34,823707.9
126,125,15,326092.2,17,364547.9,20,460423.1,23,557214.1
127,3,6,146529.3,7,156650.2,7,161092.8,4,103786.7
127,8,109.5,2324806.9,110,2437525.2,112,2544582.6,108,2601748
127,12,56,1218406.6,49,1064933.8,50.5,1175896.8,46.5,1133622.6
127,13,293,5981294.7,295,6243960.6,262.5,5632270.9,264,5807362.4
127,32,86,1824774.9,86,1840217,86,1911320.2,79,1688885.9
127,33,9,176946.6,9,180307.4,10,220955.6,10,215442.4
127,55,596.5,11441319.8,569.5,11488139.3,555.5,11180382.1,545.5,11826650.3
127,56,18,430475.4,16.5,388251.5,16,368998,13,347480.2
127,80,2,46652.3,2,46558.9,,,4,106341
127,83,4,85148.5,,,,,5,122762.8
127,84,2,42664.5,2,43069.8,2,45032.2,2,44593.8
127,89,7.5,182481.8,8,199518.5,8,200610.2,8.5,211619.1
127,90,3,72992.7,3,74819.4,3,75228.8,3,74689.1
127,92,20,412864.4,12,262421.8,13,295831.7,14,336452.3
127,93,45,928945,43.5,951279.1,31,705444.7,38.5,925244
127,94,408.5,9213136.9,391,9116470.5,373,9122452.7,380,9853984.8
127,95,132.5,2881234.6,131.5,3124242.9,129.5,3143721.4,128,3249797.8
127,96,241.5,5641035.4,243.5,5949977.1,231.5,5730407.1,230.5,5706572.8
127,97,30,815735.4,29,751372.6,30,792928.4,30,764186.9
127,102,140,2858583,131,2837361.7,125,2852652.8,122.5,2770400.7
127,103,2,38972.1,2,43033.2,2,44412.6,2,43120.5
127,105,52,1126808.5,52,1013991,43,937977.5,45,1043019.9
127,109,173,3599397.1,184,3571875.1,176,4131023.2,159,3835766.4
127,110,75,1597113.8,78,1767286.9,72,1701931.4,79.5,1839397.6
127,113,23,386842.4,23,478289.2,20,438112,22,515527.3
127,119,17,368769.9,21,502824.9,20,478731.8,22,669244.2
127,120,12,239782.8,12,247410.8,11,276389.8,12,279136.3
127,121,61,1293699.5,56,1128972.7,62,1417069,67.5,1697922.2
127,122,26,579287.8,24,490157.3,30,667791.5,25,505323.4
