x,y,imputed,ind,ind_0_3,ind_11_17,ind_18_24,ind_25_39,ind_40_54,ind_4_5,ind_55_64,ind_65_79,ind_6_10,ind_80p,ind_inc
89,12,1,1,0.1,0.1,0.1,0.2,0.1,0,0.2,0.1,0.1,0,0
89,23,2,22,1.2,0,1.8,0.6,5.8,0,4.8,5.8,0.8,1.2,0
89,39,3,310.5,6.5,22.5,18.8,25.1,53.8,3.8,61.5,67.4,10,41.1,0
89,40,5,74,0.8,4.6,2.4,11.5,12.5,1.3,15.5,16.6,4.8,4,0
89,43,2,15,0,0.4,1.3,2.3,0.9,0,3.5,4.8,0,1.8,0
89,47,1,6,0,0.2,0.5,0.9,0.4,0,1.4,1.9,0,0.7,0
89,49,1,2,0,0.2,0,0.5,0.4,0.1,0.2,0.4,0.2,0,0
89,50,2,375.5,11.4,35.9,22.7,50.8,54.9,9.5,68.9,71.1,12.9,37.4,0
89,51,1,69,4.1,6.1,5.2,8.5,8.6,3,6.6,16.7,8.1,2.1,0
89,53,3,131,4.6,4.4,7.1,15.9,16.7,3.1,23.2,31.7,5.7,18.6,0
89,54,1,4,0,0.2,0.1,0.1,1,0.1,0.5,1.5,0.1,0.4,0
89,55,1,8,0.2,0.2,1,0.8,1.6,0,1.9,1.7,0.2,0.4,0
89,57,1,5,0,0.3,0.6,1,0.9,0.1,1,0.7,0.1,0.3,0
89,58,2,11,0.2,0.5,0.7,2.5,1.9,0.8,0.9,3,0.3,0.2,0
89,59,1,2,0,0.1,0.1,0.5,0.3,0.2,0.1,0.6,0.1,0,0
89,60,1,4,0.1,0.1,0.1,1,0.7,0.4,0.2,1.3,0.1,0,0
89,71,3,29,0.8,1.8,0.8,5.2,6.3,0,2.7,8.8,1.7,0.9,0
89,72,3,17,1,0,1.8,1.9,2.3,0,3.4,6.6,0,0,0
89,74,2,4,0.3,0,0.4,0.4,0.5,0,0.8,1.6,0,0,0
89,75,2,8,0.3,0.3,0.6,0.8,1.4,0,1.7,2.4,0.2,0.3,0
89,76,3,233,3.5,16.6,15.8,23.5,41.8,4.2,55.5,42.9,10.4,18.8,0
89,77,3,21.5,0.2,0.9,0.7,2,3.8,0.2,8.6,3.7,0.3,1.1,0
89,78,1,2,0,0,0.1,0.3,0.2,0,0.7,0.4,0.1,0.2,0
89,83,1,7,0.5,0,0.5,0.2,0.9,0,1.4,1.6,0,1.9,0
89,85,1,2,0.1,0,0.1,0.1,0.3,0,0.4,0.5,0,0.5,0
89,90,1,3,0.1,0,0,0.3,0.2,0.1,0.8,1.1,0,0.4,0
89,104,1,2,0,0.2,0.1,0.2,0.5,0.1,0.4,0.3,0.2,0,0
89,105,1,7,0.6,0.2,0.2,1.4,1,0.4,0.8,1.6,0.2,0.6,0
89,106,1,1,0.1,0,0,0.2,0.2,0.1,0.1,0.2,0,0.1,0
89,107,1,4,0.3,0.1,0.1,0.8,0.6,0.2,0.5,0.9,0.1,0.4,0
89,108,1,6,0.3,0,0.4,0.9,1.6,0,0.5,1.2,0.2,0.9,0
89,109,2,13,0.7,0,0.7,1.9,3.5,0,1.2,2.7,0.4,1.9,0
89,118,1,2,0.1,0,0.1,0.2,0.3,0,0.4,0.6,0.1,0.2,0
89,120,1,5,0.2,0,0.1,0.6,0.7,0.1,1,1.5,0.3,0.5,0
89,123,1,4,0,0.1,0.2,0.1,0.6,0,0.9,1.4,0.1,0.6,0
89,126,1,1,0,0,0,0.1,0.2,0,0.3,0.2,0.1,0.1,0
84,12,1,2,0,0.1,0,0.4,0,0,0.7,0.6,0,0.2,0
84,29,1,1,0,0,0,0.1,0.1,0,0.3,0.3,0,0.2,0
84,31,1,31,0,1,0,1.8,5.5,0.3,6.8,11.6,1,3,0
84,32,1,9,0.2,0.4,0.4,1.5,1.2,0.3,2.2,1.9,0.3,0.6,0
84,33,1,2,0,0.1,0.1,0.3,0.3,0.1,0.5,0.4,0.1,0.1,0
84,37,1,1,0.1,0.1,0,0.2,0,0,0.3,0.2,0,0.1,0
84,38,1,8,0.7,0.7,0,1.7,0.4,0,2.4,1.7,0,0.4,0
84,43,3,30,3,4.3,0.5,4.7,3.2,0.5,3.2,8.1,0.8,1.7,0
84,48,1,2,0.1,0,0.2,0.3,0.5,0,0.4,0.4,0,0.1,0
84,50,3,435.5,18.4,50.5,36.7,67.2,84.3,12,48.7,56,28.2,32.5,1
84,51,1,13,0,1.2,0.5,1.9,2.9,0.3,2.1,1.5,0.8,1.8,0
84,55,1,1,0.1,0.1,0.1,0.1,0.2,0,0.2,0.2,0,0,0
84,56,5,399,10.4,47.9,20.7,52.4,91.7,5.8,58.2,67.7,23.2,21,0
84,57,3,120,2.1,11.1,4.1,20.4,27.1,3,17.7,21.7,8.1,4.7,0
84,69,1,1,0.1,0.1,0,0.1,0.3,0,0,0.3,0.1,0,0
84,70,2,8,0.6,0.6,0.2,1,2.4,0.2,0.2,2.2,0.6,0,0
84,71,1,1,0.1,0.1,0,0.1,0.3,0,0,0.3,0.1,0,0
84,72,1,7,0.4,0.2,0.4,1.3,1.4,0,1.5,1.2,0.4,0.2,0
84,74,4,19,0.8,0.6,1.4,3.1,3.8,0,4.6,3.3,0.8,0.6,0
84,76,1,1,0,0.1,0,0.1,0.1,0,0.2,0.3,0.1,0.1,0
84,91,2,48,1.8,1.7,1.3,4.1,8.6,0,10.5,15.4,1.8,2.8,0
84,92,3,14,0,1.5,1.5,0.8,2.3,0,1.7,4.5,0.5,1.2,0
84,93,1,1,0,0.1,0.1,0.1,0.2,0,0.1,0.3,0,0.1,0
84,104,8,58,2.7,5.5,2.2,7.2,11.7,0,7.7,14.5,2.4,4.1,0
84,105,3,4,0.1,0.5,0.2,0.4,0.8,0,0.5,1.1,0.2,0.2,0
84,106,3,15,0,2,0.4,1.5,3.3,0,1.5,4.5,0.7,1.1,0
84,107,1,2,0.2,0.1,0,0.3,0.2,0,0.5,0.4,0.1,0.2,0
84,110,5,19,0.7,1.3,0.4,2.9,3.6,0.2,2.9,4.7,0.9,1.4,0
84,111,4,16,0.5,0.9,0.4,2.4,3.4,0.2,2.4,3.8,0.8,1.2,0
84,112,3,20,0.1,1.5,2.3,1.2,5.3,0.2,4.4,3.3,1,0.7,0
84,119,2,12,0.3,0.3,0.3,1.6,1.6,0.5,1.9,3,0.3,2.2,0
84,120,3,14,0.3,0.3,0.3,1.8,1.9,0.7,2.2,3.6,0.3,2.6,0
84,125,4,14,0.3,0.4,0.2,4.1,2.5,0.3,2.7,1.7,0.6,1.2,0
84,127,3,21,0.5,1.8,0.7,3.8,3.3,0.4,3.6,4.3,0.8,1.8,0
82,4,1,6,0.7,0,0,0.7,1.2,0,0.5,2.5,0.2,0.2,0
82,7,1,3,0.3,0,0,0.4,0.6,0,0.2,1.3,0.1,0.1,0
82,8,3,22,0.4,1,1,6,2,1.4,2.1,5,1,2.1,0
82,9,0,83,0,3,3,9,20,0,17,24,2,5,0
82,17,4,95.5,4.8,5.7,6,12.8,16,2,15.2,18.6,1.8,12.6,0
82,18,1,4,0.1,0.4,0.5,0.6,1,0,0.4,0.2,0.1,0.7,0
82,32,1,6,0.1,0.3,0.3,1,0.8,0.2,1.4,1.3,0.2,0.4,0
82,33,1,7,0.1,0.3,0.4,1.2,0.9,0.2,1.7,1.5,0.2,0.5,0
82,50,3,14,0.1,1.9,1.5,2.1,1.9,0.4,2,2.2,1.7,0.2,0
82,52,2,11,0,0,2,1.6,3.1,0,1.9,1.6,0.5,0.3,0
82,59,1,3,0,0.1,0.2,0.2,0.6,0.2,0.7,1,0,0,0
82,61,2,7,0,0.2,0.4,0.4,1.4,0.4,1.7,2.5,0,0,0
82,64,3,26,0.9,0.9,3.4,5.2,6.9,0,6.1,0.9,1.7,0,0
82,66,1,1,0,0.2,0,0.2,0.2,0,0.2,0.2,0,0,0
82,70,1,6,0.4,0.4,0.2,0.8,1.8,0.2,0.2,1.6,0.4,0,0
82,74,1,2,0.1,0.1,0.1,0.4,0.4,0,0.4,0.3,0.1,0.1,0
82,91,1,2,0.1,0.1,0,0.3,0.4,0,0.3,0.6,0.1,0.1,0
82,105,4,15,0.1,0.7,1.3,1.4,1.7,0,4.9,3.3,0.4,1.2,0
82,106,4,30,0.4,1.4,2.7,2.8,3.5,0,9.6,6.5,0.7,2.4,0
82,107,1,5,0.5,0.2,0,0.8,0.5,0.1,1.1,1,0.3,0.5,0
82,108,1,1,0.1,0,0,0.2,0.1,0,0.2,0.2,0.1,0.1,0
82,109,1,3,0.1,0.3,0.1,0.5,0.4,0,0.5,0.8,0.1,0.2,0
82,114,1,2,0,0.1,0.1,0.3,0.6,0.1,0.3,0.3,0.2,0,0
82,124,1,2,0.1,0,0,0.6,0.4,0.1,0.4,0.2,0.1,0.1,0
82,125,1,2,0,0.2,0.1,0.3,0.4,0,0.3,0.4,0.1,0.2,0
82,126,4,18,0.4,2,0.6,2.8,3.4,0.2,2.8,3.2,0.8,1.8,0
82,127,1,4,0.1,0.5,0.1,0.7,0.8,0,0.6,0.7,0.1,0.4,0
83,6,1,2,0.2,0,0,0.2,0.4,0,0.2,0.8,0.1,0.1,0
83,26,2,11,0,0.5,0,2,2.5,0,3.5,1.5,1,0,0
83,32,0,113,5,3,1,11,12,0,25,39,5,12,0
83,33,4,65,2.6,5.8,1.8,9.1,11.9,1.2,13,12.9,2.3,4.4,0
83,38,1,5,0.1,0,0.3,0.5,0.2,0,1.1,1.8,0,1,0
83,43,5,140,3.6,12.3,10.4,15.5,30.8,0.5,26.4,29.7,1.7,9.1,0
83,50,4,331,12.4,41.5,18.9,49.4,75.8,10,43,45.6,15.4,19,0
83,51,1,9,0,0.8,0.3,1.4,2,0.2,1.5,1,0.6,1.2,0
83,54,1,4,0,0,0.7,0.6,1.1,0,0.7,0.6,0.2,0.1,0
83,55,1,5,0,0,1,0.7,1.4,0,0.8,0.7,0.3,0.1,0
83,56,2,94.5,6.6,8.6,7.2,15.5,23.7,2.1,10.5,14.7,1.6,4,0
83,57,3,22,0,0,0,1.5,4,0,10.2,2.3,0,4,0
83,59,2,8,0,0.2,0.4,0.6,1.6,0.4,2,2.8,0,0,0
83,60,1,3,0,0.1,0.2,0.2,0.6,0.2,0.7,1,0,0,0
83,67,2,7,0,1.2,0.2,1.2,1,0.2,1.2,1.5,0.2,0.3,0
83,68,1,4,0,0.7,0.1,0.7,0.6,0.1,0.7,0.8,0.1,0.2,0
83,70,2,10,0.7,0.7,0.3,1.3,3,0.3,0.3,2.7,0.7,0,0
83,71,1,4,0.3,0.3,0.1,0.5,1.2,0.1,0.1,1.1,0.3,0,0
83,72,2,4,0.1,0.1,0.3,0.8,0.8,0,0.8,0.7,0.3,0.1,0
83,73,1,3,0.1,0.1,0.2,0.6,0.6,0,0.6,0.5,0.2,0.1,0
83,74,2,5,0.2,0.2,0.3,1,1,0,1,0.8,0.3,0.2,0
83,82,1,4,0,0.3,0.3,0.3,1,0,1.2,0.5,0,0.4,0
83,83,1,12,0,0.8,0.8,0.8,2.9,0,3.7,1.7,0,1.3,0
83,88,1,4,0,0.3,0.3,0.3,1,0,1.2,0.5,0,0.4,0
83,90,4,24,1.4,0.7,0.3,3.6,4.8,0,3.1,7.2,1.4,1.5,0
83,91,3,24,1.4,0.7,0.3,3.6,4.8,0,3.1,7.2,1.4,1.5,0
83,103,1,6,0.4,0.5,0.2,0.9,1,0,0.9,1.2,0.2,0.7,0
83,104,1,17,1,1.3,0.7,2.6,2.9,0,2.6,3.3,0.6,2,0
83,105,2,6,0,0.8,0.2,0.6,1.3,0,0.6,1.8,0.3,0.4,0
83,106,2,17.5,0,2.3,0.5,1.7,3.9,0,1.7,5.2,0.9,1.3,0
83,107,2,4,0.4,0.1,0,0.7,0.4,0,0.9,0.8,0.3,0.4,0
83,108,4,14,1.1,0.9,0.1,2.3,1.5,0.2,3,3,0.6,1.3,0
83,109,3,8,0.3,0.8,0.2,1.4,1.1,0,1.3,2.1,0.3,0.5,0
83,110,3,13,0.6,1.1,0.2,2.3,2,0,2,3.4,0.6,0.8,0
83,111,1,1,0,0.1,0,0.2,0.1,0,0.2,0.3,0,0.1,0
83,113,4,33,0.6,1.8,2.4,4.2,9.6,1.2,4.2,5.4,3,0.6,0
83,114,2,6,0.1,0.3,0.4,0.8,1.8,0.2,0.8,0.9,0.6,0.1,0
83,119,1,4,0.1,0.1,0.1,0.5,0.6,0.2,0.6,1,0.1,0.7,0
83,120,4,34,0.3,0.3,0.3,3.9,4.9,0.6,7.3,10.6,0.3,5.5,0
83,123,1,1,0,0,0,0.3,0.2,0,0.2,0.1,0.1,0.1,0
72,3,1,2,0,0.3,0.1,0.2,0.4,0,0.1,0.6,0,0.3,0
72,5,1,2,0,0,0,0.4,0.2,0,0.8,0.5,0,0.1,0
72,6,1,1,0,0,0,0.2,0.1,0,0.4,0.3,0,0,0
72,14,2,36,1.3,0,1.4,2.6,6,0.7,4,16,2,2,0
72,15,2,40,2.6,2,1.6,4.4,8,0.3,5,11,1,4.1,0
72,54,1,6,0.2,0.4,0.6,1.3,1.3,0.2,1,0.6,0.3,0.1,0
72,55,1,1,0,0.1,0,0.1,0.2,0,0.3,0.1,0.1,0.1,0
72,58,1,3.5,0,0.3,0,0.4,0.7,0,0.9,0.5,0.2,0.5,0
72,59,2,11,0,0.9,2,0,2.9,0,3.3,1.3,0.4,0.2,0
72,60,3,171.5,2.2,12.6,14.2,14.5,39.9,0,44.3,28.4,4.3,11.1,0
72,61,1,8,0.4,0.7,0.3,0.9,1.5,0,2.1,1.6,0.2,0.3,0
72,62,1,1,0,0.1,0.1,0.1,0.2,0,0.2,0.2,0,0.1,0
72,63,1,2,0,0.2,0.2,0.2,0.5,0,0.3,0.4,0,0.2,0
72,64,3,155,4,23.1,10.4,19,44.4,1.3,17.7,17.5,13.9,3.7,0
72,65,3,474.5,19.6,30.3,29.6,74.5,80.7,9.2,74.7,102.5,23,30.4,0
72,67,2,35,0.8,3,3.9,4.3,12.1,0.5,3,3.5,3,0.9,0
72,68,1,2,0,0.2,0.2,0.2,0.7,0,0.2,0.2,0.2,0.1,0
72,69,2,5,0.1,0.3,0.7,0.5,0.7,0.1,1.5,0.7,0,0.4,0
72,79,2,24,0.6,1.6,0.6,4.8,3.8,1.3,3.3,4.8,1.1,2.1,0
72,88,1,1,0,0,0.1,0.1,0.1,0,0.2,0.4,0,0.1,0
72,90,2,6,0,0,0.2,1,0.8,0.4,1.7,1.5,0,0.4,0
72,91,1,2,0,0,0.1,0.3,0.3,0.1,0.6,0.5,0,0.1,0
72,92,1,2,0,0,0,0,0.3,0,0.6,0.7,0.3,0.1,0
72,95,1,2,0,0,0,0,0.3,0,0.6,0.7,0.3,0.1,0
72,99,2,9,0,0,0.9,0.6,1.5,0.3,2.3,2,0.3,1.1,0
72,102,1,2,0.1,0,0.1,0.3,0.2,0,0.5,0.5,0,0.3,0
72,103,1,2,0.1,0,0.1,0.3,0.2,0,0.5,0.5,0,0.3,0
72,104,1,1,0,0,0.1,0.2,0.1,0,0.2,0.2,0,0.2,0
72,105,1,1,0,0.1,0,0.2,0.3,0,0.2,0.1,0,0.1,0
72,106,2,26,0,3.5,0.6,5.3,6.5,0,5.9,1.8,1.2,1.2,0
72,108,3,155,2.6,13.4,8.4,17.2,28.9,2,21.1,40.1,3.5,17.8,0
72,109,2,558,14.6,29.4,31.7,79,93.7,7.6,86.1,122.7,24.5,68.7,0
72,110,4,357,13.1,43.3,26.8,37.6,69.2,13.8,50.4,62.1,20.1,20.6,0
72,111,3,183.5,6,7.7,10.5,13,23.9,3.5,21.5,48.9,6.5,42,0
72,112,3,102,2.9,9.5,3.3,9.5,13.8,0,13.9,27.5,5.9,15.7,0
72,113,4,14,0.5,2,0.8,1.8,2.5,0.1,2.5,2.1,0.7,1,0
72,114,1,2,0.1,0.1,0.1,0.3,0.3,0.1,0.4,0.4,0.1,0.1,0
72,117,4,19,0,3.1,0.6,3.1,5.2,0,1.5,4.3,0.6,0.6,0
72,118,1,2,0,0.3,0.1,0.3,0.5,0,0.2,0.4,0.1,0.1,0
72,119,4,9,0,1.4,0.3,0.9,1.4,0,1.2,3.1,0.1,0.6,0
72,123,2,16,0.6,1.4,1,2.8,2.1,0.6,2.4,2.1,0.2,2.8,0
72,124,6,33,1.1,2.8,2.2,5.7,4.3,1.2,4.8,4.4,0.6,5.9,0
72,125,1,2,0.1,0.1,0.2,0.2,0.4,0,0.3,0.5,0.1,0.1,0
72,126,1,2,0.1,0.1,0.2,0.2,0.4,0,0.3,0.5,0.1,0.1,0
72,127,3,29,0.6,1.7,2.8,2.8,5.5,0,4.9,7.6,1,2.1,0
88,0,1,1,0,0,0,0.1,0.2,0,0.3,0.3,0,0.1,0
88,9,1,2,0.1,0.2,0.2,0.4,0.2,0,0.4,0.3,0.2,0,0
88,14,1,4,0.3,0.4,0.3,0.8,0.4,0,0.8,0.6,0.4,0,0
88,16,1,1,0,0,0,0.1,0.1,0,0.2,0.5,0,0.1,0
88,23,1,8,0.4,0,0.7,0.2,2.1,0,1.7,2.2,0.3,0.4,0
88,39,5,46.5,1.3,3.8,0.5,9.3,10.4,1.8,5.7,8.6,3.3,1.8,0
88,40,2,13,0.4,1,0.1,2.6,2.9,0.5,1.6,2.5,0.9,0.5,0
88,50,3,12,0.4,0.5,0.9,2.1,2.2,0,2.2,2.7,0.5,0.5,0
88,51,1,2,0.1,0.1,0.1,0.3,0.4,0,0.4,0.4,0.1,0.1,0
88,53,4,269,6.4,11.5,17.9,35.6,56.9,5.9,30.2,65.4,16.7,22.5,0
88,55,1,3,0.1,0.1,0.4,0.3,0.6,0,0.7,0.6,0.1,0.1,0
88,58,4,166.5,3.4,14.3,12.8,21.2,37.8,3.8,19.9,24,11.4,17.9,0
88,59,2,53,1.1,6.1,3.3,4.3,12.7,3.3,8,8.9,2.7,2.6,0
88,60,2,20,0.6,1.4,1,2.2,5,1.4,2.6,4,0.6,1.2,0
88,69,1,4,0.1,0.3,0.1,0.7,0.9,0,0.4,1.2,0.2,0.1,0
88,75,6,62,1.5,4.2,4.1,5.6,11.1,0.6,14.2,14.4,2.1,4.2,0
88,76,2,631.5,14.4,26.7,26.8,63,113.2,8.2,108.1,162.5,28.9,79.7,0
88,77,4,61,1.4,0.3,3.6,8.4,11.7,0.4,14.8,8.4,4.7,7.3,0
88,78,2,8,0.1,0.1,0.5,1,0.8,0.2,2.9,1.6,0.2,0.6,0
88,79,2,3,0,0.3,0.2,0.3,0.6,0.1,0.6,0.6,0.1,0.2,0
88,80,2,7,0.1,0.8,0.4,0.7,1.4,0.2,1.4,1.4,0.3,0.3,0
88,101,1,2,0,0,0,0.3,0.3,0.1,0.4,0.6,0.3,0,0
88,102,7,78,0.5,9.6,4.5,11.5,17,1.5,11.9,11.2,6.3,3.4,0.6
88,103,5,44,0.4,3.9,3.4,4.8,9.1,0.9,8.7,9.1,2.6,0.7,0.4
88,104,1,2,0,0.2,0.1,0.2,0.5,0.1,0.4,0.3,0.2,0,0
88,106,1,2,0.2,0.1,0.1,0.4,0.3,0.1,0.2,0.4,0,0.2,0
88,107,1,1,0.1,0,0,0.2,0.2,0.1,0.1,0.2,0,0.1,0
88,109,1,6,0.3,0,0.4,0.9,1.6,0,0.5,1.2,0.2,0.9,0
88,118,1,1,0.1,0,0,0.1,0.1,0,0.2,0.3,0.1,0.1,0
88,121,3,5,0.3,0,0.1,0.6,0.6,0.1,1,1.5,0.3,0.5,0
88,122,5,54,0,2.8,1.8,3.5,8.2,0,8.5,21.9,0.5,6.8,0
88,123,2,7,0,0.2,0.3,0.2,1,0,1.6,2.4,0.2,1.1,0
88,124,1,3,0,0.1,0.1,0.1,0.4,0,0.7,1,0.1,0.5,0
88,126,3,20,0.7,0,0,2.4,4,0,5.7,4,1.6,1.6,0
88,127,1,3,0.1,0,0,0.4,0.6,0,0.9,0.6,0.2,0.2,0
90,18,1,4,0.1,0,0,0.4,0.3,0,1,1.8,0,0.4,0
90,30,2,5,0,0.3,0.7,0,1.5,0.1,0.9,1,0.1,0.4,0
90,39,2,15,0.1,0.9,0.5,2.8,1.9,0.3,3.2,4.1,0.7,0.5,0
90,40,2,11,0.1,0.7,0.3,2.1,1.4,0.3,2.3,3,0.4,0.4,0
90,43,1,1,0,0,0.1,0.2,0.1,0,0.2,0.3,0,0.1,0
90,46,1,1,0,0,0.1,0.2,0.1,0,0.2,0.3,0,0.1,0
90,49,2,495,24.6,39.9,28,75.6,87.8,7.1,62.4,105.8,27.8,36,0
90,50,2,391,6,28.5,26,58,59,6,66,77,27.5,37,0
90,54,3,13,0.8,0.9,1,2,2,0.9,2.6,2,0.4,0.4,0
90,55,2,11,0.3,0.3,1.4,1.1,2.2,0,2.6,2.3,0.3,0.5,0
90,57,1,7,0.2,0.2,0.9,0.7,1.4,0,1.6,1.4,0.2,0.4,0
90,58,1,1,0,0,0,0.3,0.2,0.1,0.1,0.3,0,0,0
90,60,2,9,0.2,0.3,0.3,2.1,1.5,0.9,0.4,3,0.3,0,0
90,62,2,111,2,11.8,12.3,8.8,27.3,1,15.6,15.9,5,11.3,0
90,77,2,3,0,0.3,0,0.1,0.8,0,1.4,0.4,0,0,0
90,80,1,3,0.1,0.3,0.2,0.3,0.6,0.1,0.6,0.6,0.1,0.1,0
90,85,2,34,1.4,0,2.5,1.5,3.6,0.7,6.9,10.6,0.8,6,0
90,90,1,2,0.1,0,0,0.2,0.1,0.1,0.6,0.7,0,0.2,0
90,91,1,2,0.1,0,0,0.2,0.1,0.1,0.6,0.7,0,0.2,0
90,100,2,3,0,0,0,0.4,0.5,0.2,0.6,0.9,0.4,0,0
90,102,1,7,0,0.7,0.3,0.8,1.8,0.3,1.3,1.1,0.7,0,0
90,104,2,6,0,0.6,0.3,0.7,1.5,0.3,1.1,0.9,0.6,0,0
90,105,2,8,0.4,0.5,0.3,1.3,1.5,0.4,1.2,1.6,0.4,0.4,0
90,106,2,5,0.4,0.2,0.2,1,0.7,0.3,0.5,1.1,0.1,0.5,0
90,109,3,6,0.3,0,0.3,0.9,1.5,0,0.6,1.2,0.3,0.9,0
90,110,1,2,0.1,0,0.1,0.3,0.5,0,0.2,0.4,0.1,0.3,0
90,121,1,2,0.1,0,0.1,0.2,0.3,0,0.4,0.6,0.1,0.2,0
90,122,1,8,0,0.3,0.3,0.2,1.1,0,1.9,2.7,0.2,1.3,0
90,123,2,5,0,0.2,0.2,0.1,0.7,0,1.2,1.7,0.1,0.8,0
86,7,2,4,0,0.2,0.4,0.4,0.4,0,0.8,1.2,0.2,0.4,0
86,17,2,4,0.1,0,0,0.4,0.4,0,0.9,1.8,0,0.4,0
86,19,1,2,0,0,0,0.2,0.2,0,0.5,0.9,0,0.2,0
86,23,1,1,0,0,0.1,0,0.3,0,0.2,0.3,0,0.1,0
86,24,2,3.5,0.1,0,0.3,0.1,1,0,0.7,1,0.1,0.2,0
86,37,1,3,0.3,0.3,0,0.6,0.1,0,0.9,0.7,0,0.1,0
86,48,1,4,0,0.1,0.4,0.6,0.2,0,0.9,1.3,0,0.5,0
86,60,1,4,0.1,0.8,0.3,0.6,1.2,0,0.2,0.4,0.3,0.1,0
86,65,5,79,0.8,6.3,3.4,6.9,19.4,0.9,12.9,18.1,2,8.3,0
86,66,1,502.5,21.3,28.3,30.5,76.3,90.8,5.5,86.1,99.9,24.5,39.3,0
86,67,5,87,0.8,6,2.4,12.1,10.8,2.7,10.4,29.4,3.8,8.6,0
86,69,1,2,0,0.1,0.3,0.1,0.4,0,0.6,0.4,0,0.1,0
86,71,1,4.5,0,0.3,0.6,0.4,0.8,0,1.3,0.9,0,0.2,0
86,83,1,1,0,0,0.1,0.1,0.1,0,0.2,0.4,0.1,0,0
86,84,1,11,0,0,1,0.6,0.7,0.6,2.3,4.9,0.6,0.3,0
86,102,1,2,0.1,0.2,0.1,0.4,0.3,0,0.5,0.2,0.1,0.1,0
86,103,3,27,0.7,2.9,1.2,2.3,5.9,0.1,3.1,6.9,1.3,2.6,0
86,104,1,333.5,14.5,25.8,25.4,43.2,63.7,2.6,49.9,58.3,10.8,39.3,0
86,105,1,351,4.6,15.5,15.8,53.5,56.7,4.8,73,81.3,10,35.8,0
86,106,3,49,0.4,2.7,0.7,3.9,5.8,1.2,5,25.3,1.8,2.2,0
86,107,1,3,0.1,0.1,0.1,0.4,0.5,0.1,0.1,0.9,0.2,0.5,0
86,108,2,6,0.2,0.3,0.2,0.7,1.2,0.2,0.5,1.6,0.3,0.8,0
86,109,2,7,0.2,0.3,0.2,0.9,1.8,0.1,1,1.6,0.4,0.5,0
86,110,3,9,0.3,0.4,0.3,1.1,2.3,0.1,1.3,2,0.5,0.7,0
86,127,2,2,0,0.2,0,0.2,0.6,0,0.4,0.2,0.2,0.2,0
70,0,1,5,0.2,0.4,0.2,1.1,0.2,0,1.1,1,0.8,0,0
70,3,1,2,0,0.3,0.2,0.1,0.7,0,0.2,0.3,0.1,0.1,0
70,7,1,2,0,0.3,0.2,0.1,0.7,0,0.2,0.3,0.1,0.1,0
70,15,1,2,0.2,0.2,0,0.4,0.3,0,0.2,0.4,0,0.3,0
70,49,3,64,1.4,7,7,6.4,19,0.9,7.4,10,3.9,1,0
70,50,8,198,3,26.4,13.4,17.6,53.2,3.1,24.9,35.2,10.3,10.9,0
70,51,4,152,3.8,13.8,19.3,17.3,39.2,1.5,18.8,26.5,7,4.8,0
70,52,3,143,5.7,14.8,6,18.5,23,1.8,25.8,31.7,10.2,5.5,0
70,55,5,13,0,1.3,2.1,1.3,3.1,0,2.6,2.2,0,0.4,0
70,56,4,199.5,4,16.9,22.2,33.5,27.4,4,34.7,36.3,12,8.5,0
70,57,1,150.5,4.2,3.6,12,32.6,29.5,5.6,29.4,25.9,3.7,4,0
70,58,1,10,0.6,0.4,0,1.9,1.5,0.4,1.4,3.1,0.7,0,0
70,64,1,2,0.1,0.3,0.2,0.2,0.5,0,0.2,0.2,0.1,0.2,0
70,65,1,18.5,0.5,2,1.5,2.1,3.9,0.2,3.3,3.2,1.1,0.7,0
70,66,7,41,1.2,4.3,3.6,4.8,8.5,0.4,7.4,6.9,2.3,1.6,0
70,67,2,607,24,50.6,35.6,107.3,116.3,10,81.6,102.3,43.1,36.2,0
70,68,3,135.5,3.5,7.8,14.9,19.7,26.8,4,17.3,17.8,5.9,17.8,0
70,69,5,43.5,1.3,2.5,2.3,1.4,6,3,3.7,16.9,1.4,5,0
70,70,2,21,1.5,1.4,1.1,3.3,2.9,0.7,1.7,4.5,0.2,3.7,0
70,74,1,2,0.1,0.1,0.1,0.6,0.2,0,0.2,0.5,0.2,0,0
70,76,4,6,0.1,0.4,0,0.7,1.3,0.4,0,1.8,0.6,0.7,0
70,81,1,1,0,0.1,0,0.1,0.2,0,0.3,0.2,0,0.1,0
70,88,3,6,0,0.1,0.3,0.5,0.6,0,1.7,2.1,0.2,0.5,0
70,102,6,28,0.4,3.6,1.6,2.9,6.5,0.3,4,5,1.8,1.9,0
70,103,4,35,0.6,4.4,2,3.7,8.1,0.4,5.1,6.1,2.3,2.3,0
70,105,2,5,0.1,0.3,0.4,0.2,1.1,0,1.3,1.3,0.1,0.2,0
70,106,3,16,0.3,1,1.1,0.7,3.7,0,4,4.1,0.4,0.7,0
70,107,1,451,28.1,34.2,35.6,38.4,66.3,8.5,63.5,92.2,31.6,52.6,0
70,108,0,1114,25,78,92,148,205,21,160,241,41,96,7
70,109,0,881,32,66.5,75.5,113,151,15.5,117,190,49.5,71,0
70,110,3,369.5,7.5,39.9,26.9,38,70.8,9,42.4,59.8,22.9,52.3,0
70,111,0,1170.5,44,110.5,64.5,135,175,29,120,302,68.5,121,1
70,112,4,479.5,22.3,37.6,28.1,62.8,58.2,7.9,42.1,92.5,28.4,99.6,0
70,113,1,89,2.1,6.1,8.1,8.3,18.2,1.1,18.3,16.7,3,7.1,0
70,114,2,393,16.2,28.6,19.4,72.1,71.9,9.2,60.4,65.4,21.5,28.3,0
70,115,5,70,0.4,6.1,4.7,4.5,15.8,0.9,10.5,20.3,2.3,4.5,0
70,116,5,17,0,1.4,1.4,0.7,4.4,0.2,2,4.8,0.7,1.4,0
70,117,2,11,0.3,0.7,0.8,1.4,2.3,0,2.2,2.3,0.4,0.6,0
70,119,4,25,1.2,2.9,2.5,2.1,8,0,2.9,4.6,0.8,0,0
70,120,1,3,0.1,0.3,0.3,0.2,1,0,0.4,0.6,0.1,0,0
70,121,1,2,0.1,0.2,0.2,0.2,0.6,0,0.2,0.4,0.1,0,0
70,122,3,5,0.4,0.5,0.5,0.6,1.1,0,0.9,0.5,0.4,0.1,0
70,123,7,99,4.2,10.8,6.2,16.4,23,0.2,14.6,15.8,4.2,3.6,0
70,124,1,2,0.1,0.1,0.1,0.4,0.3,0,0.2,0.5,0.1,0.2,0
70,125,2,3,0.1,0.5,0.1,0.5,0.8,0,0.5,0.4,0.1,0,0
87,0,3,29,1,0,1,3.9,4.8,0,6.7,7.7,0,3.9,0
87,7,3,55,2,1.9,1.7,8.7,4.5,3,8.3,19.4,1.8,3.7,0
87,8,4,37,0.9,2.4,2.9,4.8,4.3,0,7.7,9.7,2.3,2,0
87,16,2,31,0.7,0,0,3.4,2.8,0,7.5,13.8,0,2.8,0
87,27,3,37.5,2,1,1.5,2.8,9.3,1,7.8,9,1.4,1.7,0
87,32,1,2,0,0.1,0.3,0,0.6,0.1,0.4,0.4,0,0.1,0
87,33,2,15,0,0.8,2,0,4.7,0.5,2.5,3.2,0.3,1,0
87,42,1,3,0,0.1,0.3,0.4,0.2,0,0.7,1,0,0.3,0
87,52,1,5,0.3,0.2,0.6,0.8,0.9,0,1,0.5,0.5,0.2,0
87,53,5,110,3,9.3,7.7,17.4,24.6,0.4,17.8,13.9,11.6,4.3,0
87,54,3,63.5,0.8,3.9,4,12.7,7.9,1.6,13.6,11.1,3.9,4,0
87,56,1,1,0,0.1,0,0.1,0.3,0,0.2,0.2,0,0.1,0
87,57,1,3,0.2,0.2,0.1,0.3,0.8,0,0.5,0.6,0.1,0.2,0
87,58,3,135.5,8.7,8.7,12.8,25.3,28.2,2,15.6,24.4,5.1,4.7,0
87,59,4,25,0,2.8,1.6,5,8,0.4,1.3,5,0.4,0.5,0
87,60,5,105,0.9,15.3,8.6,18.4,30.2,1.5,6.3,13.7,8.6,1.5,0
87,65,1,6,0.1,0.5,0.3,0.7,1.1,0.1,1.3,1.4,0.2,0.3,0
87,66,1,32,0.2,2,1.7,1.4,5.3,0.2,9.5,10.7,0.3,0.7,0
87,67,3,7,0,0.4,0.3,1,1.1,0.3,0.7,2.5,0.3,0.4,0
87,70,1,8,0,0.5,1.1,0.6,1.5,0,2.3,1.6,0.1,0.3,0
87,71,1,2,0,0.1,0.3,0.1,0.4,0,0.6,0.4,0,0.1,0
87,73,1,2,0,0.1,0.3,0.1,0.4,0,0.6,0.4,0,0.1,0
87,74,1,2,0,0.1,0.3,0.1,0.4,0,0.6,0.4,0,0.1,0
87,75,1,47,1.6,4.7,5.8,5.5,12.5,0.3,7.6,6.1,2.1,0.8,0
87,76,3,283.5,12.5,27.8,9.7,40.5,53.5,6.2,39.3,41.9,25.9,26.2,0
87,77,4,31.5,0.7,3.5,2.1,2.9,6.3,0.8,6.3,6.4,1.1,1.4,0
87,84,1,2,0,0,0.2,0.1,0.1,0.1,0.4,0.9,0.1,0.1,0
87,101,3,16,0,0.4,0.4,2,2.4,0.8,2.9,4.7,2,0.4,0
87,102,5,46,2.7,4.8,2.7,8.5,7,0.5,10.4,5.1,2.9,1.4,0
87,103,5,154,2.9,14,12,12.8,39.9,1.7,29.4,19.8,2.5,19,0
87,104,3,17,0,1.7,1,0.4,3.5,0.2,1.9,2.8,0.6,4.9,0
87,105,2,155,7.1,20.1,8.4,14.6,43.5,1.1,15.2,19.5,12.9,12.6,0
87,106,5,34,1,1.6,1.4,4.1,6.1,0.4,6.5,6.8,1.6,4.5,0
87,107,1,2,0,0.1,0.1,0.2,0.4,0.1,0.1,0.6,0.1,0.3,0
87,108,1,2,0.1,0.1,0.1,0.2,0.5,0,0.3,0.4,0.1,0.2,0
87,109,2,25.5,0.8,1,0.8,3.2,6.4,0.4,3.6,5.7,1.6,2,0
87,116,1,1,0.1,0,0,0.1,0.1,0,0.2,0.3,0.1,0.1,0
87,124,3,29,0.8,3.5,1,7,2.6,0,7.9,2.6,0.9,2.7,0
87,125,1,2,0.1,0,0.1,0.4,0.1,0.1,0.5,0.5,0.1,0.1,0
87,127,2,17,0.5,2.1,0,2.1,4.6,0.5,2.5,2.1,1,1.6,0
71,2,1,1,0,0.1,0.1,0.1,0.2,0,0.1,0.3,0,0.1,0
71,3,2,4,0,0.5,0.2,0.4,0.8,0,0.3,1.3,0,0.5,0
71,4,1,1,0,0.1,0.1,0.1,0.2,0,0.1,0.3,0,0.1,0
71,6,1,2,0,0.3,0.2,0.1,0.7,0,0.2,0.3,0.1,0.1,0
71,8,1,3,0.3,0.3,0,0.6,0.5,0,0.3,0.5,0.1,0.4,0
71,9,1,2,0,0.1,0.2,0.1,0.4,0,0.7,0.5,0,0,0
71,10,2,4,0,0.1,0.4,0.3,0.8,0,1.5,0.9,0,0,0
71,11,1,3,0.3,0.3,0,0.6,0.5,0,0.3,0.5,0.1,0.4,0
71,22,1,6,0,0.3,0,1.1,1.4,0,1.9,0.8,0.5,0,0
71,41,2,12,0,1.8,0.6,0.4,4.4,0,1.7,1.5,0.7,0.9,0
71,43,1,1.5,0.1,0.1,0.1,0.2,0.3,0.1,0.2,0.2,0.1,0.1,0
71,46,1,1,0,0.1,0.1,0.2,0.2,0,0.1,0.2,0.1,0,0
71,49,2,51,1.2,5.3,5.9,4.9,15.8,1,6,7.4,3,0.5,0
71,50,4,56,1.4,5.9,5.7,5.4,16.5,1,6.3,9,3.2,1.6,0
71,51,1,2,0,0.2,0.1,0.2,0.5,0,0.2,0.5,0.1,0.2,0
71,52,2,12,0.3,0.9,0.6,2,2.1,0.3,2.8,2,0.7,0.3,0
71,53,1,3,0,0.3,0,0.3,0.4,0.1,0.9,0.7,0.2,0.1,0
71,54,1,3,0,0.3,0,0.3,0.4,0.1,0.9,0.7,0.2,0.1,0
71,55,2,11,0,1,1,1.3,2.5,0,2.3,1.8,0.2,0.9,0
71,56,3,14,0,1.2,1.5,1.6,3.3,0,3,2.2,0.3,0.9,0
71,57,3,90.5,4,7.2,5,15.4,15.5,1.9,13.7,14,4.9,8.9,0
71,58,1,31,1,4.1,3,2.3,8.4,0,2.5,6.3,3.1,0.3,0
71,59,3,15.5,0.1,2.1,2.2,0.4,3.8,0,3.7,1.8,0.7,0.6,0.1
71,60,1,2,0,0.2,0.4,0,0.5,0,0.6,0.2,0.1,0,0
71,61,2,6,0.4,0.5,0.2,0.7,1.1,0,1.6,1.2,0.1,0.2,0
71,64,5,24,0.3,2.8,2.7,2.3,5.7,0.1,3.4,4,0.6,2.1,0
71,65,4,179.5,6,12.1,17.2,33.2,31.1,3.1,26.2,29.2,5.2,16.2,0
71,66,3,199,8.5,12.3,15.5,27.9,36.8,2.3,42.8,32.1,9.2,11.6,0
71,67,2,620.5,24.8,76.7,39.5,101,141.1,14,65.7,85.2,48.7,23.8,0
71,68,2,136,4.2,8.6,4.9,25.3,26.4,3.2,16.8,23.9,6.7,16,0
71,69,6,50,0.9,3.5,6.1,3.9,7.1,1.3,12.8,9.9,0.4,4.1,0
71,70,2,17.5,1.4,1.2,1,3.3,2.4,0.5,1.5,2.9,0,3.3,0
71,71,1,3,0.2,0.2,0.2,0.6,0.4,0.1,0.2,0.5,0,0.6,0
71,79,1,50.5,1.5,2.4,6.5,8.1,7.2,2.2,8.8,8.1,0.9,4.8,0
71,82,5,41,0,2.9,1.8,2.9,10.6,0,6.8,9.5,0.9,5.6,0
71,84,1,3,0,0.2,0.1,0.2,0.8,0,0.5,0.7,0.1,0.4,0
71,88,6,40,0,0,2.7,6.2,3.7,0.1,6.7,16.1,0,4.5,0
71,89,1,1,0,0,0,0.2,0.1,0.1,0.3,0.2,0,0.1,0
71,101,1,2,0,0,0.2,0.1,0.3,0.1,0.5,0.4,0.1,0.3,0
71,102,1,35,5.1,0,3.1,6.3,4.2,0,4.5,5.5,3,3.3,0
71,103,3,5,0.1,0.4,0.2,0.6,1,0,1,1.1,0.2,0.4,0
71,105,1,8,0.2,0.5,0.5,0.4,1.8,0,2,2,0.2,0.4,0
71,106,6,22,0.2,2.3,0.9,3,5.4,0,5.2,3.1,0.9,1,0
71,107,1,57,2.4,6.8,1.4,6.6,11.7,0,10.5,9.8,3.4,4.4,0
71,108,1,1021,50.4,61.2,81.1,187.8,151.1,24,123.9,163.9,54.5,116.1,7
71,109,1,735,25.1,58.1,65.2,116.5,113.2,7.2,106,129.1,31,82.6,1
71,110,0,930.5,23,64.5,64,129,145,15,123,211,41,115,0
71,111,0,664.5,10.5,43.5,48,82,98,8,93,159,24.5,91,7
71,112,3,97.5,4.8,10.9,3.1,14.3,15.2,0,14.4,24.1,6.2,4.5,0
71,113,2,10,0.3,0.9,0.4,1.4,1.6,0.2,2,2.4,0.3,0.5,0
71,114,4,21,0.7,1.8,0.8,3,3.2,0.5,4.2,4.9,0.8,1.1,0
71,115,1,4,0.1,0.3,0.3,0.1,0.9,0.1,0.7,1.2,0.2,0.1,0
71,116,1,5,0,0.4,0.4,0.2,1.3,0.1,0.6,1.4,0.2,0.4,0
71,117,3,27,0.3,3.3,1.3,4.1,6.6,0,3.6,5.8,0.9,1.1,0
71,123,4,30,1.4,2.6,2.5,4.9,6,0.4,5,3.3,1.3,2.6,0
85,17,1,1,0,0,0,0.1,0.1,0,0.2,0.5,0,0.1,0
85,18,1,2,0,0,0,0.2,0.2,0,0.5,0.9,0,0.2,0
85,24,1,3,0.2,0,0.2,0.1,0.8,0,0.6,0.8,0.1,0.2,0
85,27,2,8,0.9,0,0.6,1.1,1.7,0,1.2,2.1,0.1,0.3,0
85,31,1,29,1,0.4,2,2,6.2,0.2,7.2,6.4,0.1,3.5,0
85,35,2,3,0.3,0.3,0,0.6,0.1,0,0.9,0.6,0,0.2,0
85,38,1,2,0.2,0.2,0,0.4,0.1,0,0.6,0.4,0,0.1,0
85,39,2,6,0.5,0.5,0,1.3,0.3,0,1.8,1.3,0,0.3,0
85,55,1,1,0,0.1,0.1,0.1,0.2,0,0.2,0.2,0.1,0,0
85,57,1,1,0,0.1,0,0.1,0.3,0,0.2,0.2,0,0.1,0
85,60,1,1,0,0.2,0.1,0.1,0.3,0,0.1,0.1,0.1,0,0
85,65,4,19,0.5,0.7,1.1,2.7,2,1,4.4,6,0,0.6,0
85,66,1,37.5,1,2.1,2.1,1.3,8.2,0.1,7.5,13.6,0.5,1.1,0
85,74,1,4,0,0.3,0.6,0.3,0.7,0,1.1,0.8,0,0.2,0
85,91,1,7,0,0.9,0.9,0.3,1.1,0,0.6,2.3,0.3,0.6,0
85,92,1,1,0,0.1,0.1,0.1,0.2,0,0.1,0.3,0,0.1,0
85,93,2,3,0,0.3,0.3,0.2,0.5,0,0.3,1,0.1,0.3,0
85,103,2,10,0.5,1,0.5,1.6,1.8,0.1,1.9,1.7,0.6,0.3,0
85,104,3,234,5.8,29.5,18.1,31.8,53.6,1,30.1,41.4,8.8,13.9,0
85,105,5,250.5,3.4,20,17.3,23.3,40.1,3.4,29.5,70.8,9.1,33.6,0
85,106,1,24,1.1,0.1,0.1,4.4,2.5,0.1,1.1,7.9,2.2,4.5,0
85,112,1,9,0,0.7,1.1,0.4,2.2,0,2.3,1.5,0.4,0.4,0
85,115,1,2,0.1,0,0.1,0.2,0.3,0,0.4,0.6,0.1,0.2,0
85,125,2,4,0.1,0.2,0.2,0.9,0.3,0.1,1,0.7,0.2,0.3,0
85,127,2,16,0.6,0,0.7,3.8,0.7,0.6,3.8,4.5,0.6,0.7,0
65,7,1,4,0.1,0.7,0.5,0.2,1.3,0,0.3,0.6,0.2,0.1,0
65,12,1,4,0.4,0.4,0,0.9,0.6,0,0.4,0.7,0.1,0.5,0
65,14,1,1,0.1,0.1,0,0.2,0.2,0,0.1,0.2,0,0.1,0
65,18,1,3,0.1,0,0.1,0.4,0.9,0,0.9,0.3,0.1,0.2,0
65,21,1,12,0.6,0,0.6,1.7,3.4,0,3.4,1.1,0.6,0.6,0
65,22,1,39,1.3,3,0,5.2,7.4,0,6.5,11.9,1.3,2.4,0
65,30,1,3,0.1,0.2,0.2,0.6,0.4,0,0.5,0.7,0.2,0.1,0
65,36,1,3,0,0.4,0.2,0.1,1.1,0,0.4,0.3,0.2,0.3,0
65,39,1,2,0,0.3,0.1,0.2,0.5,0,0.3,0.4,0.1,0.1,0
65,40,4,27,0.4,4.2,1.2,2.6,6.9,0,4.3,5.2,1,1.2,0
65,41,2,77.5,1.4,8.4,3.2,8.5,16.6,0,11.2,18.9,4,5.3,0
65,49,1,3,0.3,0.3,0.1,0.9,0.5,0.3,0,0.2,0.3,0.1,0
65,50,2,126.5,9.7,15.5,4.6,33.4,28.5,7.6,5.4,8.3,11.7,1.8,0
65,51,2,7,0.4,1.4,0,1.4,1.9,0.3,0.2,0.6,0.7,0.1,0
65,52,1,4,0.3,0.2,0.3,0.9,0.3,0,0.5,1.2,0.1,0.2,0
65,55,1,5,0.3,0.2,0.3,0.7,0.8,0.2,0.9,0.7,0.3,0.6,0
65,56,1,529.5,26.5,42.5,33,86,110.5,10.5,56,81.5,40.5,35.5,7
65,57,1,1669,81.8,170.5,104.1,249.2,282.8,40.3,214.6,277,121.6,115.1,12
65,58,3,821.5,40.6,116,54,132.5,150,31.6,110.3,95.9,67.4,23.2,0
65,59,2,23,0.4,3.2,0.4,3.2,4.9,0.4,2.7,5,1.4,1.4,0
65,60,1,471.5,11.3,29,38.3,74.5,72.9,4.3,74.1,112.9,18.1,36.1,0
65,61,2,107,3.4,10.1,6.5,11.2,25.3,1.2,18.1,21.4,9,0.8,0
65,62,5,21,0.9,2.5,0.9,4.3,4.2,0.5,1.8,3.5,1.8,0.6,0
65,63,3,392,19.9,51.4,23.1,71.3,78.8,9,41.5,48.5,33,15.5,0
65,64,0,1075,37.5,116.5,68.5,154,237,24,130,160,69.5,78,0
65,65,3,530,12.3,43.7,24.3,66.8,103.1,4.4,79.4,114.1,24.4,57.5,0
65,66,5,280,15,36,29.1,37.8,69,14.7,22.8,31.9,19.8,3.9,0
65,67,2,210.5,12.5,21.7,7.7,56.5,30.8,5,18.9,28.4,22.5,6.5,0
65,68,4,208,10.2,15.2,10.7,35.8,41.3,5.5,20.5,46.3,10.4,12.1,0
65,69,1,21,1.5,2.5,1.4,5.7,4.5,0.8,0.8,2.1,1.5,0.2,0
65,70,1,2,0.1,0.2,0.3,0.1,0.5,0,0.2,0.3,0.1,0.2,0
65,76,1,1,0,0.1,0,0.1,0.2,0.1,0,0.3,0.1,0.1,0
65,78,1,36,0.6,2.8,2.6,4.7,9.3,0.4,6.6,5.7,1.9,1.4,0
65,79,2,237.5,5.2,15,16.2,28.3,46.6,3.8,41.3,45.4,18.9,16.8,0
65,80,2,16,0.4,1.3,0.9,3.4,1.6,0.4,4.2,2.2,1.2,0.4,0
65,82,1,5,0,0.3,0.1,0.4,1,0,1.5,0.9,0.1,0.7,0
65,87,2,11,0.4,1.1,0.7,2.2,0.6,0.4,2.9,1.4,0.4,0.9,0
65,88,1,1,0,0.1,0.1,0.2,0.1,0,0.3,0.1,0,0.1,0
65,89,1,16,0.4,0,1.4,0.9,1.8,0,4.1,5.5,0.5,1.4,0
65,97,1,1,0,0,0,0.2,0.3,0,0.1,0.2,0,0.2,0
65,100,3,9.5,0.4,0.2,0,1.5,3.1,0,0.7,1.8,0.3,1.5,0
65,101,4,10,0.4,0.2,0,1.6,3.2,0,0.8,1.8,0.4,1.6,0
65,102,2,7,0,0.3,0,1,1.1,0,1.2,1.7,0.3,1.4,0
65,103,2,5,0,0.1,0,0.7,0.9,0,0.9,1.3,0.1,1,0
65,104,4,17,0,2.5,0,0.6,3.6,0,2.6,4.5,1.5,1.7,0
65,109,3,102.5,7,4.2,5.2,15.2,18.2,3,17.9,17.4,0.7,13.7,0
65,110,7,36,0.2,1.8,3.1,4.2,7,1,7.6,7.3,1.5,2.3,0
65,111,5,247,6.4,23.7,22.9,43.7,50.1,8.2,41.7,24,24.1,2.2,0
65,112,2,20,0.5,3.2,0.5,2.5,3.4,0.5,3,4.4,0.5,1.5,0
65,113,1,2,0.1,0.3,0.1,0.2,0.3,0.1,0.3,0.4,0.1,0.1,0
65,114,3,6.5,0.1,1.1,0.2,0.8,1.2,0.1,1,1.4,0.1,0.5,0
65,116,1,3,0,0.4,0.1,0.2,0.7,0.1,0.4,0.7,0.1,0.3,0
65,123,2,6,0,0.5,0.6,1.2,0.9,0,1.2,1,0.4,0.2,0
65,125,1,9,0,0.8,0.8,0.8,2.2,0,1.9,1,0.5,1,0
65,127,3,8,0,0.8,0.8,0.8,1.9,0,1.6,0.8,0.5,0.8,0
69,0,1,2,0,0.3,0,0.2,0.4,0,0.3,0.7,0.1,0,0
69,18,1,1,0,0,0.1,0.1,0.3,0,0.3,0.1,0,0.1,0
69,26,2,7,0.6,0,0,0.3,2.5,0,0.9,1.5,0.6,0.6,0
69,48,4,55.5,1.7,3.9,2.3,10.8,9.6,0.8,12.8,10.8,2.3,0.5,0
69,49,2,209.5,3.4,23,17.4,23.7,42.5,4.6,56.9,25.4,9.6,3,0
69,50,7,86,1.5,5.1,9,7.3,16.8,1,17.2,17.6,2.7,7.8,0
69,51,3,180,4.9,19.6,10,14.6,45,4.7,35.1,32.9,8.1,5.1,0
69,52,1,2,0,0.2,0,0.2,0.3,0,0.6,0.5,0.1,0.1,0
69,54,1,98,2,9.2,7.8,12.4,24.6,2.5,9.7,19.7,8.1,2,0
69,55,2,236,14.7,35.9,10.2,48.2,53.1,3.3,30.9,19.9,16.8,3,0
69,56,2,167.5,10.2,24.5,7.2,33.7,37,7.2,15.7,20,9.7,2.3,0
69,57,5,52,2.2,3.7,1.8,9.9,10.8,0.8,9,10.6,2.8,0.4,0
69,59,1,4,0,0.2,0.1,0.5,1.3,0.2,0.5,0.6,0.5,0.1,0
69,60,4,325,11.6,63.7,23.3,37.2,87.6,13.8,24.2,22.1,33.3,7.6,0.6
69,62,2,5,0.2,0.7,0.5,0.5,1.2,0,0.6,0.6,0.2,0.5,0
69,63,3,12,0.3,1.9,1.2,1.2,3,0,1.4,1.4,0.4,1.2,0
69,64,2,6,0,0.7,0,0.3,1.2,0,0.5,2.4,0.4,0.5,0
69,65,5,96,2.1,7.6,4.6,11.3,21.9,0.5,17.5,22.2,3.8,4.5,0
69,66,5,127,5,16.9,6.6,19.1,22.1,4.9,16,23,8.6,4.8,0
69,67,3,164.5,6.7,10.2,4.6,24.2,27.9,3.4,25.5,47.8,10.1,4.1,0
69,68,1,18,0.3,1.6,0.8,1.7,2.7,0.6,4.1,3.8,1.6,0.8,0
69,69,1,2,0.1,0.1,0.1,0.6,0.2,0,0.2,0.5,0.2,0,0
69,70,2,11,0.8,0.5,0.5,3.2,1.1,0,1.1,2.7,1.1,0,0
69,71,1,3,0.2,0.1,0.2,0.9,0.3,0,0.3,0.7,0.3,0,0
69,76,1,1,0,0.1,0,0.1,0.2,0.1,0,0.3,0.1,0.1,0
69,77,1,4,0.2,0.2,0,0.5,0.9,0.2,0,1.2,0.3,0.5,0
69,79,2,39,0.7,1.6,0,3.3,7.4,0.4,10.4,11.8,0.1,3.3,0
69,80,1,2,0.1,0.2,0,0.1,0.3,0,0.7,0.5,0,0.1,0
69,83,1,7,0,0.5,0.2,0.6,1.4,0,2,1.2,0.2,0.9,0
69,85,3,5,0,0.2,0,0.5,0.9,0,1.5,1.2,0,0.7,0
69,86,2,5,0,0.2,0.2,0.5,0.5,0,1.5,1.7,0.1,0.3,0
69,87,1,36,0,1.1,2.1,3.2,5.2,0,7.6,9.7,1,6.1,0
69,102,4,64,0.7,9.3,4.9,4.3,16.3,0.3,12.8,8.8,2.9,3.7,0
69,103,5,165.5,1.4,14.7,7.7,22.2,32.2,1.8,32.1,25.7,11.9,15.8,0
69,104,6,26,0.3,2.1,1,2.7,6.7,0.9,4,5.4,1.7,1.2,0
69,105,2,10,0.1,0.7,0.3,1,2.6,0.2,1.7,2.2,0.7,0.5,0
69,108,2,196.5,4.5,10.6,10.7,28.6,30.5,7.2,26.8,53.4,4.2,19,1
69,109,0,523.5,8,22,23,46,63,2,72,181,17.5,89,0
69,110,1,639.5,13.5,49,43.1,71.1,117.2,14.5,103.6,122.2,32.6,72.7,0
69,111,2,660,28.2,56.4,38.6,90.9,100.7,17.7,103.9,140.6,34.9,46.1,2
69,112,3,422.5,24.4,35,18.4,72.7,59.2,8,49.3,80.5,26.9,48.1,0
69,113,4,30,0.9,1.3,1,4.5,4.2,0.5,4.6,9.6,1.3,2.1,0
69,114,2,414.5,18.7,30.8,25.7,59,60.8,6,57.6,109.8,23.2,22.9,0
69,115,5,141,3.5,12,5.3,15.5,20.9,0.9,27.5,30.5,6.6,18.3,0
69,116,1,2,0.1,0.1,0.1,0.3,0.3,0,0.2,0.5,0.2,0.2,0
69,117,3,32,0.9,2,2.5,4.1,6.6,0,6.2,6.7,1.3,1.7,0
69,118,1,2,0.1,0.2,0.1,0.3,0.3,0,0.2,0.5,0.1,0.2,0
69,119,2,10,0.4,1.1,1,0.8,3.2,0,1.2,1.9,0.4,0,0
69,121,1,2,0.1,0.2,0.2,0.2,0.6,0,0.2,0.4,0.1,0,0
69,122,1,6,0.2,0.2,0.4,1.2,0.8,0.1,0.6,1.6,0.2,0.7,0
69,123,5,47,2.2,3.3,3.8,8,9.3,0.4,7,7.8,2.4,2.8,0
69,124,4,233.5,6.2,10.7,14.5,43.4,30,4.1,45.6,45.3,12.8,20.9,0
69,125,2,6,0.2,0.7,0.3,1,1.3,0.1,0.8,1,0.3,0.3,0
69,126,2,6,0.2,0.9,0.3,0.9,1.5,0.1,0.9,0.8,0.3,0.1,0
73,6,3,6,0,0,0,1.2,0.6,0,2.4,1.5,0,0.3,0
73,7,1,6,0,0,0,1.3,0.6,0,2.2,1.6,0,0.3,0
73,31,1,2,0,0,0.1,0.2,0,0,0.3,1.2,0,0.2,0
73,41,1,4,0.2,0.7,0.1,0.5,1,0.1,0.2,0.7,0.4,0.1,0
73,49,5,29.5,0.6,2,3,1.3,4.8,0.8,10.8,5.4,0,0.8,0
73,54,1,4,0.1,0.2,0.4,0.9,0.9,0.2,0.6,0.4,0.2,0.1,0
73,55,3,131.5,7.9,6.7,10.9,23.5,25.3,3.5,16.2,20.7,6.1,10.7,0
73,59,2,6,0.2,0.4,0.4,0.7,0.6,0,0.9,1.8,0.2,0.8,0
73,60,7,103.5,1.1,8.5,8,7.3,21.7,2,21.1,27.3,2.1,4.4,0
73,62,1,4,0,0.3,0.5,0.4,0.9,0,0.7,0.9,0,0.3,0
73,65,1,3,0.1,0.3,0.3,0.4,1,0,0.3,0.3,0.2,0.1,0
73,66,1,2,0,0.2,0.2,0.2,0.7,0,0.2,0.2,0.2,0.1,0
73,68,1,2,0,0.2,0.2,0.2,0.7,0,0.2,0.2,0.2,0.1,0
73,69,1,5,0,0.5,0.4,0.7,1,0.1,0.7,1.1,0.4,0.1,0
73,70,1,5,0,0.5,0.4,0.7,1,0.1,0.7,1.1,0.4,0.1,0
73,71,1,2,0,0.2,0.2,0.3,0.4,0,0.3,0.4,0.2,0,0
73,74,1,2,0,0.2,0.2,0.3,0.4,0,0.3,0.4,0.2,0,0
73,76,1,6,0.4,0.3,0,1.3,0.7,0.2,1.1,1.7,0.3,0,0
73,77,3,14,1,0.8,0,3,1.5,0.5,2.5,4,0.7,0,0
73,79,1,1,0,0.1,0,0.2,0.3,0,0.1,0.1,0.1,0.1,0
73,80,2,27,0.6,1.4,0.7,6.2,7,0.6,3.5,3.5,1.4,2.1,0
73,91,1,2,0,0,0.1,0.3,0.3,0.1,0.6,0.5,0,0.1,0
73,98,2,22,0,0,0.4,3.2,1.6,0.2,4,4.8,1.2,6.6,0
73,101,2,4,0,0,0.4,0.3,0.7,0.1,1,0.9,0.1,0.5,0
73,102,1,3,0.1,0,0.2,0.5,0.2,0.1,0.7,0.7,0,0.5,0
73,104,3,6,0.2,0,0.4,1,0.5,0.1,1.4,1.4,0,1,0
73,105,3,15,0.5,0.5,0.9,2.5,1.9,0.2,3.5,2.9,0.2,1.9,0
73,108,3,487.5,15.3,45.1,25.7,62.2,71.3,4.5,96.2,112.8,12.1,42.3,0
73,109,2,603,16.9,44.3,44.4,84.4,99.6,11,79.9,122.9,32.9,66.7,0
73,110,1,5,0.5,0.2,0.3,0.9,0.9,0.1,0.7,0.5,0.6,0.3,0
73,111,3,101.5,4.8,9.4,5.9,21.7,17.1,2.4,11.7,15.8,9.3,3.4,0
73,112,6,90,1.6,5.4,7,9.3,16.7,2.5,13.7,21.8,3.5,8.5,0
73,113,3,9,0.3,0.5,0.7,1.1,1.4,0.4,1.6,1.9,0.4,0.7,0
73,115,5,48,1.8,3.3,3.5,6.3,10.7,0.8,7.9,9.4,1.4,2.9,0
73,116,7,41,1.4,2.8,3.7,4.7,10.7,0.4,6.4,8.2,0.6,2.1,0
73,117,1,2,0,0.1,0.1,0.1,0.4,0.1,0.4,0.6,0.1,0.1,0
73,118,4,26,0.5,1.2,0.6,3.7,6.5,0,3.9,7.7,1.9,0,0
73,119,3,20,0.4,0.8,0.4,3,5,0,3,5.9,1.5,0,0
73,124,4,195,6.6,25.2,10.6,32,46.8,0,18.8,29.7,12.3,13,0
73,127,1,5,0.1,0.3,0.5,0.5,0.9,0,0.8,1.3,0.2,0.4,0
64,21,1,2,0.1,0,0.1,0.3,0.5,0,0.6,0.2,0.1,0.1,0
64,30,1,2,0.1,0.1,0.1,0.4,0.3,0,0.3,0.5,0.1,0.1,0
64,32,1,51.5,1.3,3.1,0.6,5.7,7.4,2.1,11.4,12,3.6,4.3,0
64,33,1,17,0.6,1.1,1.2,3.2,2.6,0.3,2.6,3.7,1.1,0.6,0
64,35,1,3,0.1,0.1,0.2,0.8,0.6,0,0.4,0.6,0.1,0.1,0
64,36,1,3,0,0.4,0.2,0.1,1.1,0,0.4,0.3,0.2,0.3,0
64,40,2,5,0,0.8,0.2,0.3,1.3,0,0.8,1.2,0.2,0.2,0
64,41,2,9,0,1.4,0.5,0.3,2.4,0,1.4,2.4,0.3,0.3,0
64,44,1,1,0,0.1,0.1,0,0.2,0,0.3,0.3,0,0,0
64,45,1,4,0.2,0.2,0.1,1,0.5,0.1,1,0.8,0,0.1,0
64,48,1,5,0,0.3,0.4,0.4,1.1,0.1,1.3,0.7,0.1,0.6,0
64,49,2,4,0.2,0.3,0.3,0.8,0.7,0.3,0.5,0.4,0.2,0.3,0
64,50,1,6,0.6,0.6,0.2,1.8,1.1,0.5,0,0.4,0.6,0.2,0
64,51,3,168.5,7.4,16.4,12.4,30.4,37.3,3,26.6,22.3,4.4,8.3,0
64,52,2,593,16.4,31.2,40.5,55.4,92.6,6,78,167,23.3,82.6,0
64,53,2,153,5.1,7.2,14.8,23.1,32.6,2.3,23.3,31,5,8.6,0
64,54,1,4,0.1,0.3,0.6,0.4,0.5,0,0.9,0.8,0.2,0.2,0
64,55,2,12,0.2,1.3,0.8,1.3,1.8,0,1.4,2.9,0.4,1.9,0
64,56,6,378,8,18.6,21.5,72.5,55.6,5.5,58,78.5,11.9,47.9,0
64,57,1,1162.5,42.6,81,90.3,179.3,215.1,17.1,176.3,214.5,56,90.3,0
64,58,1,1181,46.6,92,87.9,175.2,200.8,37.2,150.2,213.7,65,95.4,17
64,59,1,540.5,14,38.2,27.3,64.1,76.8,3.1,100.7,135.9,26,54.4,0
64,60,0,1094.5,41,88,74.5,144,178,28.5,178,213,69.5,80,0
64,61,3,81.5,2,7.3,7.4,19,14.1,2.3,9,13.5,4.2,2.7,0
64,62,3,7,0.2,0.7,0.3,1.2,1.5,0.1,0.8,1.3,0.7,0.2,0
64,63,4,41,1.1,3.7,2.5,4.9,9.6,0.3,4.8,7.7,3.9,2.5,0
64,64,6,68,2.1,3.7,5.6,10.4,13.8,2.1,11.1,8.2,4.7,6.3,0
64,65,2,359.5,10.4,24,22.2,43.6,66.6,8.8,47.5,89.8,15.7,30.9,0
64,66,7,172,5.8,10.9,12.3,27.7,31.2,5.3,19,33.1,14.1,12.6,0
64,67,2,392,7.5,30,25,56,61.4,2.1,64.2,69.8,22.8,53.2,0
64,68,1,674.5,33.5,63.4,58.9,124.4,148.1,15.1,65,80.6,40.9,43.6,1
64,69,5,133,7.5,15.5,17.1,18.5,25.8,2.3,24.8,18.3,2.2,1,0
64,70,1,2,0.1,0.2,0.3,0.1,0.5,0,0.2,0.3,0.1,0.2,0
64,75,1,1,0,0.2,0.1,0.2,0.2,0,0.1,0.1,0,0.1,0
64,89,1,2,0,0,0.2,0.1,0.2,0,0.5,0.7,0.1,0.2,0
64,100,2,5,0.2,0.1,0,0.8,1.7,0,0.3,0.9,0.2,0.8,0
64,101,1,7,0.3,0.2,0,1.1,2.3,0,0.5,1.2,0.3,1.1,0
64,102,1,5,0,0.2,0,0.7,0.8,0,0.9,1.2,0.2,1,0
64,109,5,39,1.3,2.8,1.3,7.1,6.9,0.9,5.1,8,2.5,3.1,0
64,110,1,11,0.6,1.1,0.4,2.1,2.1,0.4,1.5,1.1,1.1,0.6,0
64,111,2,10,0.2,0.4,1.2,0.8,2.2,0.4,2.6,1.2,0.6,0.4,0
64,112,1,5,0.1,0.8,0.4,0.5,1.1,0,0.7,1,0.2,0.2,0
64,113,2,11,0.2,1.8,0.6,1.2,2.1,0.2,1.6,2.3,0.4,0.6,0
64,122,2,4,0,0.6,0.4,0.2,0.8,0,0.8,1,0,0.2,0
64,123,6,171.5,7.3,14.3,11.5,40.2,32.2,4,22.2,22.7,11.6,5.5,0
64,124,2,5,0,0.3,0.4,0.7,0.9,0,1,1.1,0.2,0.4,0
64,126,1,2,0,0.1,0.2,0.3,0.4,0.1,0.4,0.3,0,0.2,0
74,2,2,3,0,0.4,0.2,0.3,0.6,0,0.2,0.9,0,0.4,0
74,3,1,5,0,0.7,0.2,0.5,1,0,0.2,1.7,0,0.7,0
74,7,5,19,0.1,0.4,1,3.4,3.6,0,4.9,4.5,0.5,0.6,0
74,32,1,2,0,0,0.1,0.2,0,0,0.3,1.2,0,0.2,0
74,47,1,7,0.2,0.6,0.4,1.1,1.3,0.3,1.1,1.1,0.5,0.4,0
74,49,4,37,1.3,4.1,2.4,3.9,7.6,0.3,9.4,5.4,0.1,2.5,0
74,54,4,30,0.9,2.2,2.6,6.1,6.9,0.9,4.9,3.4,1.4,0.7,0
74,55,2,697,32.5,72.2,41,110.5,114.8,30.4,80.2,112.3,51.7,44.4,7
74,56,0,119.5,2,8,11,22,20,1,20,22,5.5,8,0
74,57,2,7,0.4,0.7,0.6,1.3,1.9,0,0.4,0.6,0.4,0.7,0
74,59,3,18,0.5,1.4,0.9,1.6,3.6,0.1,2.7,4.7,0.7,1.8,0
74,60,3,21,0.5,1.7,1.1,1.9,4.1,0.1,3.1,5.7,0.8,2,0
74,61,1,3,0,0.2,0.3,0.2,0.8,0,0.5,0.8,0.1,0.1,0
74,67,1,9.5,0.2,1.3,0.2,0.9,1.8,0.2,1.4,2,0.4,1.1,0
74,68,2,8,0.1,0.8,0.7,1.1,2,0.1,1,1.4,0.6,0.2,0
74,69,4,25.5,0,2.6,2.1,3.7,5,0.6,3.7,5.3,1.9,0.6,0
74,76,2,6,0.4,0.3,0,1.3,0.6,0.3,1.1,1.7,0.3,0,0
74,77,1,85,0.1,4.6,3,5.4,22.2,2.1,6.4,29.6,4.6,7,0
74,80,2,11,0.2,0.6,0.2,2.6,2.8,0.2,1.4,1.5,0.6,0.9,0
74,84,1,2,0,0,0.2,0.3,0.2,0,0.3,0.8,0,0.2,0
74,91,2,6,0,0,0.2,1,0.8,0.4,1.7,1.5,0,0.4,0
74,92,1,2,0,0,0,0,0.3,0,0.6,0.7,0.3,0.1,0
74,94,2,16,0,0,0,0,2.1,0,5.1,5.9,2.1,0.8,0
74,98,2,10,0,0,1,0.7,1.7,0.3,2.5,2.2,0.3,1.3,0
74,105,1,1,0,0.1,0.1,0.2,0.1,0,0.1,0.3,0,0.1,0
74,107,1,2,0.1,0.2,0.1,0.4,0.4,0,0.3,0.2,0.1,0.2,0
74,108,4,253,3.6,24.5,15.1,34.7,52.3,2.1,39.5,50.5,12.7,18,0
74,109,1,136,3.1,10.1,9.1,16.6,25.4,1,18.1,33.1,6.2,13.3,0
74,110,2,353.5,13.6,38,23.1,49.8,69,4.8,39.2,60.7,27.4,27.9,0
74,111,1,280,6,16.9,19.7,30.7,46.4,7.2,38.4,51,14.2,49.5,0
74,112,5,95,1.4,3,5.6,9.2,14.2,1.1,31.6,19.9,3.2,5.8,0
74,113,8,42.5,1.3,2.1,4,6.1,7.1,0.7,7.6,7.4,2.7,3.5,0
74,114,7,52,1.9,3.6,2.4,9.1,7,1.6,9.6,9.6,3.4,3.8,0
74,115,3,6,0.2,0.5,0.4,0.8,1.2,0.1,1.1,1.2,0.2,0.3,0
74,116,2,11,0.4,0.7,0.9,1.3,2.9,0.1,1.7,2.2,0.2,0.6,0
74,117,7,34,0.8,2.6,2.2,1.3,7.5,1,6,9.8,1.9,0.9,0
74,118,3,7.5,0,0.9,0.2,0.8,1.5,0,1,2.5,0.3,0.3,0
74,120,1,8,0,1.3,0.2,0.8,1.3,0,1,2.8,0.1,0.5,0
74,122,1,1,0,0.1,0.1,0.2,0.1,0,0.2,0.1,0,0.2,0
74,124,1,6,0.2,0.8,0.5,1,2.2,0,0.2,0.4,0.7,0,0
81,13,1,1,0,0.1,0,0.2,0,0,0.3,0.3,0,0.1,0
81,30,3,64,1,5.5,5.5,6.4,13.5,0.3,9.5,14.7,1.8,5.8,0
81,35,4,52,1.9,0,4.2,7.3,3.5,0.6,10.2,16.2,0.6,6.9,0.6
81,36,2,11,0.3,0,0.8,1.4,0.6,0.1,2.2,3.6,0.1,1.8,0.1
81,43,1,4,0,0.1,0.4,0.9,0.6,0,1.1,0.8,0,0.1,0
81,44,1,6,0,0.2,0.6,1.3,0.9,0,1.7,1.1,0,0.2,0
81,49,1,9,0.4,2,0,1.5,2.3,0.1,0.4,1.4,0.9,0,0
81,50,6,285,10.6,44.7,16.5,55.1,47.8,9.4,32.1,35.2,25.8,7.8,0
81,51,1,5,0.5,0.2,0.7,0.8,0.9,0.2,1,0.2,0,0.5,0
81,52,1,1,0,0,0.2,0.1,0.3,0,0.2,0.1,0.1,0,0
81,55,2,5,0,0,0.7,0.7,1.3,0,1.1,0.7,0.2,0.3,0
81,58,2,6,0,0.1,0.2,0.4,1.2,0.2,1.9,1.6,0,0.4,0
81,64,1,4,0.1,0.1,0.5,0.8,1.1,0,1,0.1,0.3,0,0
81,68,1,1,0,0.1,0.2,0.1,0.2,0,0.1,0.2,0,0.1,0
81,89,1,2,0.1,0.1,0,0.3,0.4,0,0.3,0.6,0.1,0.1,0
81,92,1,2,0,0,0,0.2,0.3,0,0.7,0.5,0.1,0.2,0
81,105,2,53.5,1.5,0.9,1.4,6.2,7.6,0.3,12.3,16.3,1.4,5.6,0
81,106,3,19.5,0.3,0.7,1.5,1.9,2.5,0.1,6.1,4.7,0.4,1.3,0
81,107,1,5,0.5,0.2,0,0.8,0.5,0.1,1.1,1,0.3,0.5,0
81,108,6,48.5,4.6,1.3,1.6,10.7,4.2,1.6,9.6,8,2.1,4.8,0
81,114,1,9,0.2,0.5,0.7,1.1,2.6,0.3,1.1,1.5,0.8,0.2,0
81,125,7,57,1.4,4.6,1.3,11.1,11.1,1.1,9.4,8.9,2.1,6,0
91,2,4,42,1.9,0.9,1.3,12.1,6.1,1.9,7.7,4.7,2.8,2.6,0
91,26,1,2,0.1,0,0,0.1,0.1,0,0.3,1,0.1,0.3,0
91,29,1,1,0,0,0.1,0.1,0.2,0,0.1,0.3,0,0.2,0
91,47,1,4,0,0.1,0.4,0.6,0.2,0,0.9,1.3,0,0.5,0
91,49,0,44,2,6,6,6,13,1,3,5,2,0,0
91,50,1,13.5,0.3,1.4,0,3.1,2.7,0.4,1.4,2.7,1.5,0,0
91,52,1,5,0.3,0.7,0,0.9,1.3,0.1,0.6,0.4,0.2,0.5,0
91,54,2,7,0.4,0.8,0.2,1.2,1.6,0.2,1,0.7,0.3,0.6,0
91,55,2,12,0.4,0.5,1.5,1.3,2.5,0,2.6,2.2,0.5,0.5,0
91,62,2,98,3.4,10.1,9.3,13.7,22.5,0,15.7,18.3,4,1,0
91,63,1,2,0.1,0.1,0.2,0.4,0.1,0,0.4,0.6,0,0.1,0
91,65,1,6,0,0.6,0.3,0.6,1.7,0,1.1,1.4,0,0.3,0
91,70,1,13,0.4,0.4,1.4,1.6,2.1,0,2,2.9,1.4,0.8,0
91,71,2,6,0.2,0.2,0.6,0.7,1,0,0.9,1.4,0.6,0.4,0
91,73,1,24.5,0.9,2.2,0.9,3.1,4.4,0,3.6,8.5,0.9,0,0
91,74,4,6.5,0.2,0.4,0.4,0.7,1.1,0,1.1,2.4,0.2,0,0
91,75,1,2,0,0.1,0.3,0.1,0.4,0,0.6,0.4,0,0.1,0
91,76,1,5,0,0.3,0.7,0.4,0.9,0,1.4,1,0.1,0.2,0
91,77,2,3,0,0.2,0.3,0.1,0.7,0,1.1,0.5,0,0.1,0
91,85,4,42,0.8,1.7,2.2,2,3.8,0.3,13.5,11.4,0.3,6,0
91,86,2,4,0,0,0.3,0.2,0.2,0.1,1.2,1.4,0.1,0.5,0
91,89,1,8,0,0,0,0,1.3,0,3.1,3.1,0,0.5,0
91,90,6,86,1.9,2.3,2.4,5.9,17.2,0.9,15.2,25.3,4.5,10.4,0
91,91,2,7,0,0.6,0.6,0.2,2,0,0.8,1,0.5,1.3,0
91,92,1,4,0.3,0.1,0.3,0.8,1.1,0,0.5,0.3,0.6,0,0
91,99,2,15,0,0.3,0.3,2,2.3,0.8,2.7,4.3,2,0.3,0
91,100,6,36,0.9,1.1,1.1,6.6,2.4,0.2,9,10.1,1.2,3.4,0
91,101,1,5,0.1,0.2,0.2,1.1,0.3,0,1.5,1.1,0.1,0.4,0
91,102,1,3,0,0.3,0.1,0.3,0.8,0.1,0.6,0.5,0.3,0,0
91,105,1,5,0,0.4,0.2,0,1.3,0,0.8,1.7,0.2,0.4,0
91,106,1,10,0.8,0.3,0.3,2,1.4,0.6,1.1,2.3,0.3,0.9,0
91,110,1,1,0.1,0,0.1,0.1,0.3,0,0.1,0.2,0,0.1,0
91,117,1,2,0.1,0,0.1,0.2,0.3,0,0.4,0.6,0.1,0.2,0
91,121,2,4,0.1,0.4,0.1,0.3,0.7,0,1.5,0.7,0.1,0.1,0
91,122,1,4,0.1,0.2,0.3,0.5,0.6,0,0.6,1.3,0.2,0.2,0
91,125,2,13,0.3,0.5,0.8,1.7,2.1,0,2.2,4.2,0.6,0.6,0
76,7,1,10,0.1,0.2,0.7,1.8,2.2,0,2.3,2.2,0.3,0.2,0
76,8,1,3,0,0.1,0.2,0.5,0.6,0,0.7,0.7,0.1,0.1,0
76,11,1,2,0,0.1,0.2,0.1,0.4,0,0.7,0.5,0,0,0
76,15,3,32,1,0.3,3,3.8,5.8,0,6.2,6.5,2.4,3,0
76,20,1,3,0,0.5,0,0.3,0.9,0.1,0.2,0.7,0.3,0,0
76,30,1,7,0.3,0.2,0.7,0.8,1.2,0.2,1.4,1.5,0,0.7,0
76,31,1,33,0.4,2.2,1.9,1.1,6.5,0.2,3.8,11,0,5.9,0
76,40,1,5,0.2,1,0.1,0.6,1.3,0.1,0.3,0.8,0.5,0.1,0
76,45,1,107.5,5.6,6.5,9.2,22,8.5,3.8,14.8,23.8,10.4,2.9,0
76,46,5,109,3.9,6.5,4,17,25.7,2.3,15.4,18.6,3.2,12.4,0
76,50,2,3,0,0.2,0.1,0.3,0.4,0,0.8,1.2,0,0,0
76,51,3,248,6.9,18.2,5.5,34.3,48.5,4,45.4,54.7,13.6,16.9,0
76,52,1,133,11,6.8,8,36,31.3,4,6,11.7,13.2,5,0
76,53,3,5,0,0.2,0.5,0.5,1.2,0,0.5,1.3,0.3,0.5,0
76,55,2,676.5,27,48.1,45.3,72.1,112.7,13,85.3,208.4,25,38.6,1
76,56,0,945.5,13,66.5,43.5,91,114,13.5,135,267,37,164,1
76,57,2,510,15.5,38.8,33.5,58.7,93.5,8.5,70.4,126.7,34,30.4,0
76,63,3,250.5,7.5,23.2,4,46.5,37.6,8.3,33.7,58.6,17.5,13.6,0
76,64,4,147.5,4.2,14.4,9.8,13.9,30.4,3.3,18.8,35.9,8.3,8.5,0
76,66,1,2,0,0.3,0.1,0.2,0.4,0,0.3,0.4,0.1,0.2,0
76,67,1,4,0.1,0.5,0.1,0.4,0.8,0.1,0.6,0.8,0.2,0.4,0
76,69,4,26,1.6,1.4,2.8,4.5,5.6,0.8,3.9,2.7,1.2,1.5,0
76,70,4,602.5,15.4,53.9,43.1,87.7,114.8,10.7,87.7,112.3,32.6,44.3,0
76,71,3,162.5,9.6,20.5,10.6,37.5,38.9,4.6,12.1,14.3,14.4,0,0
76,81,3,22,0,1,1,3.1,3.1,0,5.9,6.9,1,0,0
76,87,1,1,0,0,0.1,0.1,0.1,0,0.2,0.4,0,0.1,0
76,90,1,4,0,0,0.2,0.4,0.2,0,0.7,2.2,0,0.3,0
76,91,3,20,0,0,0.8,2.1,0.9,0,3.6,11.1,0,1.5,0
76,102,2,9,0.4,0,0.7,1.4,0.7,0.2,2.1,2.1,0,1.4,0
76,108,4,21,1.1,1.4,1.3,3.4,2.4,0.6,2.9,5.8,0.7,1.4,0
76,109,3,200,4.3,10,8.9,21.2,29.2,1.8,31.3,71.5,9.5,12.3,0
76,110,4,32.5,0.7,2.4,2.9,3.2,6.6,0.3,7.1,4,2.7,2.6,0
76,111,7,48,0.3,3,3.6,3.8,10.7,0,8.9,10,2.9,4.8,0
76,112,9,80,2.2,5.9,8.1,9.5,13.3,1.2,24,8,3.4,4.4,0
76,113,4,48,1.5,3.1,4.8,6.2,9.6,0.3,11.8,5.4,2,3.3,0
76,115,2,14,0.4,1.3,0.7,1.9,3.5,0.3,1.6,2.6,1,0.7,0
76,116,6,37,0.8,3.7,2,4.2,8.9,1,4.8,7.5,2.7,1.4,0
76,117,1,5,0.1,0.6,0.3,0.3,1.1,0.2,0.8,1.3,0.3,0,0
76,123,2,5,0,0.7,0.3,0.7,1,0,0.9,1,0.1,0.3,0
76,124,2,5,0,0.6,0.3,0.6,1,0.1,0.9,1,0.1,0.4,0
75,3,1,2,0,0.3,0.1,0.2,0.4,0,0.1,0.6,0,0.3,0
75,7,5,59,0.7,1.3,4,10.3,12.9,0,13.6,13,1.9,1.3,0
75,8,2,5,0,0.2,0.5,0.4,1,0,1.7,1.1,0.1,0,0
75,14,1,2,0,0.1,0.2,0.1,0.4,0,0.7,0.5,0,0,0
75,31,1,4,0.2,0.1,0.4,0.5,0.7,0.1,0.8,0.8,0,0.4,0
75,32,2,13,0,0,0.7,1.3,0,0,2.1,7.6,0,1.3,0
75,39,3,24,1.1,4.6,0.6,2.8,6.3,0.5,1.1,4,2.3,0.7,0
75,50,1,2,0,0.1,0,0.2,0.4,0,0.2,0.9,0.1,0.1,0
75,51,0,57.5,2,7.5,6,9,16,1,10,1,3,2,0
75,52,4,60.5,0.9,8.1,6,6.9,15.1,0,11.1,6.9,5.5,0,0
75,54,4,9,0,1,0.4,1,2.6,0,1.3,1.7,0.5,0.5,0
75,55,7,77,0.9,4.8,1.1,12.2,7.6,1.9,17.3,14.5,3.6,13.1,0
75,56,0,840,19.5,60,76.5,108,166,11.5,87,162,42.5,107,0
75,57,2,518.5,18.6,58.5,55.3,51.8,117.7,5,93.7,69.9,30.1,17.9,0
75,60,5,167.5,1.4,19.3,6.7,17.1,38.3,0.5,18.9,43.7,7.5,14.1,0
75,61,1,6,0.1,0.7,0.3,0.3,1.3,0,0.6,2.1,0.3,0.3,0
75,63,1,174.5,6.5,18.8,9.5,25.5,36.2,6.5,20.3,30,13,8.2,0
75,64,3,133,6,8,12.8,24.3,25.9,0,18.4,20,6.6,11,0
75,66,2,6,0.2,0.8,0.2,0.6,1.2,0.2,0.8,1.2,0.2,0.6,0
75,67,4,225.5,3.7,26,18.9,20,60.7,1.2,29.9,38.5,8.1,18.5,0
75,69,2,207,7.5,16.9,6.1,28.9,36.5,2.2,12.7,58.9,15.1,22.2,0
75,70,2,150,3.8,12.6,7.2,20.7,50.1,1,26.3,15.7,8.6,4,0
75,72,1,3,0,0.3,0.3,0.4,0.6,0.1,0.4,0.6,0.2,0.1,0
75,84,1,2,0,0,0.2,0.3,0.2,0,0.3,0.8,0,0.2,0
75,89,1,2,0,0,0.1,0.2,0.1,0,0.4,1.1,0,0.1,0
75,90,1,1,0,0,0,0.1,0,0,0.2,0.6,0,0.1,0
75,92,2,4,0,0,0.2,0.6,0.6,0.2,1.2,1,0,0.2,0
75,94,2,5,0,0,0.1,0.9,0.6,0.4,1.4,1.2,0,0.4,0
75,102,1,1,0,0,0.1,0.2,0.1,0,0.2,0.2,0,0.2,0
75,107,4,34,1.4,3,1.4,6.8,7.4,0.9,5,3.1,1.8,3.2,0
75,108,3,135,6.4,16.2,6.6,29,32.7,5.9,9.5,7.5,13.9,7.3,0
75,109,4,28,0.6,1.6,3.4,0.6,4,0,10.6,4.4,1.6,1.2,0
75,110,0,569,11.5,34,47,65,95,10,106,126,25.5,49,0
75,111,2,272,9,23.6,22.6,49.7,51.9,6,31.4,39.7,18.1,20,0
75,112,6,135.5,4.2,8.8,12.7,20.9,29.8,1.4,26.3,17.9,3.9,9.6,0
75,113,3,229,4.8,19.5,16.8,42.1,42.5,5.1,38.8,33.9,11.6,13.9,0
75,114,3,15,0.4,0.1,1.9,2.4,2.1,0,2.2,2.5,1.9,1.5,0
75,115,4,29,0.8,2.3,1.4,4.5,7.6,0.5,2.9,4.5,2.4,2.1,0
75,116,6,80.5,1.5,4,6.3,8.9,22,0.9,15.1,11.9,4.3,5.6,0
75,117,3,25,0.4,2.9,1.7,1.7,5.5,0.8,4.1,6.3,1.6,0,0
75,120,2,9.5,0,1.5,0.3,0.9,1.6,0,1.2,3.3,0.1,0.6,0
75,124,4,31.5,0,4.1,1.6,4.2,6.1,0.6,5.5,6.5,0.6,2.3,0
75,125,1,4,0,0.5,0.2,0.5,0.8,0.1,0.7,0.8,0.1,0.3,0
75,126,1,6,0.4,0.7,0.2,1.3,1.5,0,0.4,1.3,0,0.2,0
77,4,1,3,0,0.4,0.1,0.3,0.6,0,0.2,1,0,0.4,0
77,6,1,1,0,0,0.1,0.2,0.2,0,0.2,0.2,0.1,0,0
77,7,1,2,0,0,0.1,0.4,0.4,0,0.5,0.4,0.1,0.1,0
77,8,1,7,0,0,0.7,0.4,1.1,0,0.4,4,0,0.4,0
77,9,3,8,0,0,0.8,0.3,1.3,0,0.5,4.6,0,0.5,0
77,10,4,9,0,0.2,0.9,0.5,1.7,0,2,3.5,0,0.2,0
77,13,1,2,0,0.1,0.2,0.1,0.4,0,0.7,0.5,0,0,0
77,15,1,1,0,0.1,0,0.2,0.2,0,0.3,0.1,0.1,0,0
77,19,3,30,0,4.8,0,2.8,8.9,0.7,2.1,7.4,3.3,0,0
77,20,1,11,0,1.7,0,1,3.3,0.2,0.8,2.8,1.2,0,0
77,31,2,50,1,7.5,4.1,3.6,13.6,0.5,8.1,7.5,2,2.1,0
77,34,1,2,0,0,0.1,0.2,0,0,0.3,1.2,0,0.2,0
77,39,1,8,0.4,1.5,0.2,0.9,2.1,0.2,0.4,1.3,0.8,0.2,0
77,45,2,21.5,0.7,1.8,1.4,3.5,4,0.9,3.2,3.2,1.7,1.1,0
77,51,1,1,0,0,0,0.1,0.1,0,0.4,0.4,0,0,0
77,53,4,15,0,0.5,1.5,1.5,3.5,0,1.5,4,1,1.5,0
77,54,1,15,0,0,0.7,0,2.9,0,4.3,5.7,0,1.4,0
77,55,2,166.5,2.7,11.5,11.2,16.4,23.2,2,41.4,47.7,4,6.4,0
77,56,4,160,9.3,16.5,11.8,32.5,28.9,8,15.6,17.4,18.5,1.5,0
77,57,1,122.5,5,15.9,6.1,19.1,25.8,4,14.3,20.7,9.6,2,0
77,58,2,4,0,0.4,0.2,0.2,1,0,0.4,1,0.8,0,0
77,59,1,8,0.1,0.8,0.3,0.4,2.6,0.1,1.1,1.8,0.3,0.5,0
77,60,1,1,0,0.1,0.1,0.1,0.3,0,0.1,0.2,0,0.1,0
77,63,2,73,0.1,5.3,5.1,7.5,12.2,1.4,8.7,24.9,3.9,3.9,0
77,64,3,57,0.5,1.8,2.6,5.3,11.7,0.6,10,20.6,0,3.9,0
77,71,1,9,0.1,0.5,0.3,2.7,1.1,0.6,1.3,2.2,0.2,0,0
77,92,1,2,0,0,0.1,0.3,0.3,0.1,0.6,0.5,0,0.1,0
77,101,1,2,0,0,0.2,0.1,0.3,0.1,0.5,0.4,0.1,0.3,0
77,106,1,8,0.4,0.5,0.5,1.3,0.9,0.2,1.1,2.3,0.2,0.6,0
77,107,4,64,2.2,2.7,2.7,11.3,11.1,1,12.3,15,2,3.7,0
77,108,3,15,0.8,0.9,0.6,2.2,2.5,0.4,2.3,3.7,0.9,0.7,0
77,109,4,21,1,1.2,0.3,2.5,4.6,0.5,3.8,4.6,1.9,0.6,0
77,110,4,52,1.5,2.8,2,3.4,14.2,2.1,8.9,11.2,1.9,4,0
77,111,2,18,0.2,0.6,0.8,0.8,4,0,3.8,6,0.6,1.2,0
77,114,5,73.5,6,5.3,3.8,16.8,11.5,2.8,8.8,8.7,8.8,1,0
77,115,1,2,0.1,0.2,0.2,0.2,0.5,0.1,0.2,0.2,0.3,0,0
77,123,1,2,0,0.3,0.1,0.3,0.4,0,0.4,0.4,0,0.1,0
77,124,1,7,0,0.9,0.4,1,1.3,0.1,1.2,1.5,0.1,0.5,0
77,125,1,3,0,0.4,0.2,0.4,0.6,0,0.5,0.6,0.1,0.2,0
77,127,1,18,0,0,0,2.5,0.8,0,4.9,6.5,0,3.3,0
67,0,1,2,0.1,0.1,0.1,0.4,0.1,0,0.5,0.4,0.3,0,0
67,2,1,2,0,0.3,0.2,0.1,0.7,0,0.2,0.3,0.1,0.1,0
67,8,1,6,0.2,1,0.7,0.3,2,0,0.5,0.8,0.3,0.2,0
67,12,1,2,0.2,0.2,0,0.4,0.3,0,0.2,0.4,0,0.3,0
67,14,1,1,0.1,0.1,0,0.2,0.2,0,0.1,0.2,0,0.1,0
67,19,1,1,0,0,0.1,0.1,0.3,0,0.3,0.1,0,0.1,0
67,35,1,5,0,0.7,0.3,0.1,1.9,0,0.7,0.6,0.3,0.4,0
67,47,1,1,0.1,0.1,0,0.3,0.1,0,0.2,0.2,0,0,0
67,48,4,44,1,3,2.8,5.7,6.3,0.5,7.9,13.1,0.9,2.8,0
67,49,3,537,25.7,49.8,34.8,70.4,120.5,12.8,71.6,98.5,34.5,18.4,0
67,50,3,380,11,30.6,31.5,36,78.9,7.8,49.5,97.4,14.8,22.5,0
67,51,3,16,0.2,1.5,2.4,1.6,4.1,0.4,1.9,2.6,0.7,0.6,0
67,54,2,21,1.1,0.8,1.3,3.2,3.5,0.8,3.9,2.8,1.2,2.4,0
67,55,2,109,5.5,11.7,9.4,17.3,24.8,1.4,8.9,19,8.5,2.5,0
67,56,4,155,11.2,21.1,6,30.2,28,6.2,16.1,16.9,14.3,5,0
67,57,1,449.5,13.2,27.6,17.3,56.3,56.3,10.8,63.4,137.6,31.8,35.2,0
67,59,4,325.5,14.5,24.3,26.5,67.9,63,2.8,43.8,50.3,20.7,11.7,0
67,60,1,462.5,17,46.5,26.5,58.1,84.5,4.1,66.6,101.2,21.5,36.5,0
67,61,4,7,0.1,0.1,0,0.4,1.5,0.5,2.1,0.7,0,1.6,0
67,62,6,23.5,0.3,2.5,1.4,1.7,5.7,0,5.5,4.4,0.9,1.1,0
67,63,5,22,0.4,2.3,1.3,1.6,5.4,0,5.1,4,0.9,1,0
67,65,3,26,1,2.4,2.2,2,4.4,0.5,6.1,3.7,1.3,2.4,0
67,66,4,83,2.1,9,7.3,8.2,17,1,18.5,11.5,2.4,6,0
67,70,1,6,0.2,0.7,0.9,0.2,1.5,0,0.7,0.9,0.2,0.7,0
67,75,1,3,0.1,0.1,0,0.4,0.7,0.1,0,0.9,0.3,0.4,0
67,77,1,4,0.2,0.2,0,0.5,0.9,0.2,0,1.2,0.3,0.5,0
67,79,2,43.5,0,4.8,3,9.3,4.5,0.7,10.4,6.7,3.4,0.7,0
67,86,4,123.5,1.2,15,3.7,7.8,22.1,1.2,23.2,30.1,3.6,15.6,0
67,87,2,8,0.2,0.8,0.6,1.6,0.5,0.2,2.1,1,0.3,0.7,0
67,89,1,2,0,0,0.2,0.1,0.2,0,0.5,0.7,0.1,0.2,0
67,101,1,4,0.2,0.1,0,0.6,1.3,0,0.3,0.7,0.2,0.6,0
67,107,2,3,0.1,0.3,0.3,0.1,0.6,0,0.6,0.6,0.2,0.2,0
67,108,1,14.5,0.8,1.3,1.5,0.8,2.6,0.4,2.6,2.6,1.1,0.8,0
67,109,5,76,1.2,6.8,0.8,11.8,10.1,1.3,12.6,18.7,5.2,7.5,0
67,110,3,87,1,3.6,1.8,14.7,7.9,0.3,21.2,28,3.9,4.6,0
67,111,0,471.5,18,39.5,15,74,87,12,73,106,16,27,4
67,112,2,322.5,3.8,27.7,9.8,47,65.2,7,50.2,65.4,18.6,27.8,0
67,113,2,7,0.3,0.4,0.3,1.5,1.2,0,1.3,1,0.7,0.3,0
67,114,0,391.5,9.5,31.5,21,59,59,3.5,47,84,21,56,0
67,115,6,200,4.4,18.1,11.2,15.9,35.2,3.2,30.4,49.5,8.2,23.9,0
67,116,2,5,0,0.6,0.2,0.4,1.1,0.1,0.8,1.1,0.1,0.6,0
67,119,2,35,0,1.8,4.2,5.4,9.5,1.2,4.7,3.5,1.2,3.5,0
67,120,3,22,0,1.1,2.6,3.4,6,0.7,3.1,2.2,0.7,2.2,0
67,122,1,6,0,0.4,0.2,0.8,0.2,0,1,3,0.2,0.2,0
67,123,5,25,0.1,1.4,1.2,3,2.3,0,4.1,10.4,1.4,1.1,0
67,124,2,84.5,5.5,10.5,4.1,18.2,17.2,1,9.7,8.2,7.6,2.5,0
67,125,1,3,0.1,0.1,0.2,0.3,0.7,0,0.5,0.6,0.3,0.2,0
63,2,1,1,0,0.2,0.1,0.1,0.3,0,0.1,0.1,0.1,0,0
63,9,1,2,0,0.1,0.2,0.1,0.5,0,0.5,0.5,0,0.1,0
63,32,1,1,0,0.1,0.1,0.2,0.1,0,0.2,0.2,0.1,0,0
63,33,1,6,0.2,0.4,0.4,1.1,0.9,0.1,0.9,1.4,0.4,0.2,0
63,37,2,7,0.1,0.4,0.4,2,1.4,0,1,1.4,0.1,0.2,0
63,39,1,2,0,0.3,0.1,0,0.5,0,0.3,0.6,0.1,0.1,0
63,40,1,2,0,0.3,0.1,0,0.5,0,0.3,0.6,0.1,0.1,0
63,41,1,8,0,1.2,0.6,0,2.1,0,1.2,2.3,0.3,0.3,0
63,43,1,4,0,0.4,0.4,0.2,0.7,0,1.1,1.2,0,0,0
63,47,1,2,0,0.2,0.2,0.1,0.4,0,0.5,0.6,0,0,0
63,50,1,4,0,0.2,0.3,0.4,0.9,0.1,1,0.6,0,0.5,0
63,51,3,123.5,4.3,6.3,8,16.4,32.8,0.7,20.9,17.8,7.3,9,0
63,52,3,486,14.4,46.1,24.2,67.5,93.5,11.5,68.7,92.7,27.1,40.3,0
63,53,3,122,4.4,11.7,3.8,18.9,27,4.8,13.4,13.3,14.5,10.2,0
63,54,2,10,0.3,0.9,1.4,1,1.2,0,2.2,2,0.5,0.5,0
63,55,8,108.5,2.7,10.8,8.2,14.1,14.5,1,18.8,19.5,4.3,14.6,0
63,56,7,290.5,16.7,23.8,13.6,41.4,51.5,3,40.3,62.5,10.7,27,0
63,57,1,1404.5,37.7,64.5,151.4,332.5,271.1,16.1,192.5,194.8,51.5,92.4,0
63,58,0,2013,79,146,188,375.5,388,31,236,334,93.5,142,0
63,59,1,1033,29.5,87.3,80.7,144.9,188.2,17.4,120.3,199.1,56,109.6,0
63,60,2,900,45.5,99.6,39.3,132.8,132.6,27,111,162,71.8,76.4,2
63,61,0,226,9,12,22,64,34,4,28,30,14,9,0
63,62,2,7,0.1,0.7,0.4,0.6,2,0,0.9,1.5,0.8,0,0
63,64,1,55.5,2.7,3.7,5.3,7.9,16.4,1.9,9.6,2.4,4.6,1,0
63,65,1,393,7.3,36.8,34.6,40.3,82.5,9.4,62.5,90.6,19,10,0
63,66,1,399,16,54.9,13.6,50.9,94.1,9.1,44,67.7,34.8,13.9,0
63,67,4,37,0,1.2,6.7,4.2,3.3,0,8.5,12.7,0.4,0,0
63,68,1,2,0,0.2,0.2,0.1,0.6,0,0.2,0.5,0.1,0.1,0
63,69,7,108,2,6.4,10.7,11.2,32.5,1.5,11.8,22.9,4.6,4.4,0
63,70,1,6,0,0.5,0.6,0.2,1.9,0.1,0.6,1.6,0.2,0.3,0
63,71,2,8,0,0.7,0.8,0.3,2.5,0.1,0.8,2.1,0.3,0.4,0
63,75,2,14,0.1,2.5,1.3,1.4,3.4,0,2.2,2.2,0.4,0.5,0
63,78,1,5,0,0.9,0.5,0.5,1.2,0,0.8,0.8,0.1,0.2,0
63,81,1,3,0,0.5,0.3,0.3,0.7,0,0.5,0.5,0.1,0.1,0
63,82,1,3,0,0.2,0.2,0.3,0.8,0,0.5,0.8,0,0.2,0
63,83,1,3,0,0.2,0.2,0.3,0.8,0,0.5,0.8,0,0.2,0
63,86,1,1,0,0.1,0.1,0.1,0.2,0,0.2,0.2,0,0.1,0
63,88,1,2,0,0,0.1,0.1,0.3,0,0.6,0.4,0.2,0.3,0
63,89,2,22,0,0,0.9,0.9,3.7,0,6.4,4.6,1.8,3.7,0
63,92,2,8,0.3,0,0,1.1,0.8,0.4,1.9,3.1,0,0.4,0
63,93,1,2,0.1,0,0,0.3,0.2,0.1,0.5,0.7,0,0.1,0
63,94,2,8,0.3,0,0,1.1,0.8,0.4,1.9,3.1,0,0.4,0
63,98,1,3,0,0.3,0.1,0.1,0.6,0,0.6,1.1,0,0.2,0
63,102,2,6,0,0,0.3,0.7,0.6,0,0.8,2.7,0,0.9,0
63,109,3,17,1,1.7,0.7,3.2,3.2,0.6,2.2,1.7,1.7,1,0
63,110,6,186.5,7.6,12,11.4,31.8,36,2.6,29.8,32.2,5.3,17.8,0
63,111,3,21.5,0,1.4,1.4,0.4,3.8,0,3.9,7.5,0.2,2.9,0
63,112,2,3,0,0.5,0.3,0.3,0.6,0,0.5,0.6,0.1,0.1,0
63,113,2,5,0.2,0.7,0.3,0.6,1.2,0,0.7,0.9,0.2,0.2,0
63,114,5,67,1.9,5.8,3.5,7.8,16.1,0,12,10.8,4.1,4,1
63,115,4,97,1,7.9,7.4,11,16.4,0,25.7,14,6.6,7,0
63,117,1,3,0,0,0.1,0.1,0.4,0,0.7,0.9,0,0.8,0
63,119,2,7,0,0,0.3,0.3,1,0,1.5,2.1,0,1.8,0
63,122,2,14,0.2,1.8,1.5,0.6,2.8,0,2.6,3.4,0.4,0.7,0
63,123,2,425,20.9,46.8,28,72.2,90.8,5.5,61.4,56,25.8,17.6,0
63,124,3,136.5,4.5,6.1,7.9,26.9,20,2,12.6,26.3,6,16.2,8
63,125,3,4,0,0.3,0.3,0.3,0.8,0,0.8,1,0,0.5,0
63,126,5,39.5,0.9,2.1,3.4,5.1,7.7,1.6,8.5,6.8,0,3.4,0
63,127,1,3,0.1,0.2,0.2,0.4,0.6,0.1,0.6,0.5,0,0.3,0
78,2,1,2,0.2,0,0,0.2,0.4,0,0.2,0.8,0.1,0.1,0
78,5,4,10,1.1,0,0,1.1,1.9,0,0.9,4.1,0.4,0.5,0
78,7,1,3,0.3,0,0,0.4,0.6,0,0.2,1.3,0.1,0.1,0
78,8,1,3,0,0.2,0,0.4,0.5,0,0.9,0.7,0,0.3,0
78,10,2,24,0,1.8,0,3.5,3.6,0,7.1,5.3,0,2.7,0
78,13,2,10,0,0.5,0,2.2,0,0,3.3,2.8,0,1.2,0
78,19,2,4,0.1,0.4,0.5,0.6,0.9,0,0.4,0.3,0.1,0.7,0
78,31,1,4,0,0.2,0,0.5,1.6,0,0.5,1,0,0.2,0
78,32,2,3,0,0,0,0.4,0.3,0.1,0.9,0.8,0,0.5,0
78,39,1,3,0.2,0,0.3,0.6,0.3,0.1,0.5,0.7,0.1,0.1,0.1
78,40,1,2,0.1,0,0.2,0.4,0.2,0.1,0.3,0.4,0.1,0.1,0.1
78,41,1,1,0.1,0,0.1,0.2,0.1,0,0.2,0.2,0,0,0.1
78,57,2,6,0.3,0.3,0.3,1,1.1,0.1,1,1.4,0.2,0.3,0
78,59,1,1,0,0,0.1,0.1,0.2,0.1,0.2,0.3,0,0,0
78,62,2,6,0,1,0.2,1,0.9,0.2,1,1.2,0.2,0.3,0
78,65,1,1,0.1,0.1,0,0.3,0.2,0,0.1,0.1,0.1,0,0
78,67,3,21,2.6,1.5,0.4,6.1,3.8,1.1,2.7,1.1,1.7,0,0
78,68,2,232.5,9,26.8,17,36.1,57.6,6.7,27,21.8,16.5,14,0
78,69,3,17,0.7,1.7,3.4,2.1,3.4,0,1.3,3.4,0,1,0
78,71,1,4,0.2,0.4,0.8,0.5,0.8,0,0.3,0.8,0,0.2,0
78,72,1,3,0,0.1,0.3,0.5,0.5,0.1,0.8,0.5,0.1,0.1,0
78,75,2,12,0.3,0.6,0.4,0.9,1.7,0.3,2,3.7,0.9,1.2,0
78,90,1,2,0,0,0,0.2,0.3,0,0.7,0.5,0.1,0.2,0
78,92,5,36,0.6,0.6,0.6,3.5,5.6,0.6,11.8,8.2,1.6,2.9,0
78,107,4,33,0,4.6,2.7,1.9,9.6,0,5.8,7.1,0,1.3,0
78,108,1,1,0,0.1,0.1,0.2,0.2,0,0.1,0.2,0.1,0,0
78,109,3,29,1.1,2,2.1,6.1,4.3,0.6,2.9,6.6,2.2,1.1,0
78,110,7,108,4.2,8.5,8.2,19.2,18.2,2.5,16.4,18.1,6.1,6.6,0
78,111,1,7,0.3,0.6,0.6,1,1.3,0.1,1.4,0.8,0.3,0.6,0
78,112,1,1,0,0.1,0,0.2,0.2,0,0.2,0.2,0.1,0,0
78,113,1,1,0,0.1,0,0.2,0.2,0,0.2,0.2,0.1,0,0
78,114,5,24,1,1.7,0,4.9,3.6,0.5,5.4,5.5,1.4,0,0
78,115,1,3,0.1,0.2,0,0.6,0.4,0.1,0.7,0.7,0.2,0,0
78,118,1,2,0.1,0,0.1,0.5,0.1,0,0.5,0.4,0.1,0.2,0
78,124,1,4,0,0,0.2,0.4,1.2,0.1,0.5,0.5,0.3,0.8,0
78,125,1,3,0,0,0.1,0.3,0.9,0.1,0.4,0.4,0.2,0.6,0
80,30,3,7,0,0.6,0.5,0.7,1.9,0,1,1.6,0.2,0.5,0
80,34,2,6,0,0,0,0.8,0.6,0.2,1.8,1.6,0,1,0
80,35,1,4,0.2,0,0.5,0.8,0.5,0.1,0.7,0.9,0.1,0.1,0.1
80,50,2,68,2.9,5.6,5.3,9.4,11.2,0.9,13.4,11,0.8,7.5,0
80,52,2,17,0,0,3.2,2.4,4.9,0,2.9,2.4,0.8,0.4,0
80,56,1,2,0,0.2,0.3,0.3,0.4,0,0.2,0.4,0.1,0.1,0
80,57,5,66,1.5,5.4,8.4,9,14.7,1.5,7.6,12.6,2,3.3,0
80,60,2,8,0,0.3,0.5,0.5,1.6,0.4,1.9,2.8,0,0,0
80,64,2,11,0,1.9,0.3,1.9,1.6,0.3,1.9,2.3,0.3,0.5,0
80,69,2,3,0.1,0.3,0.6,0.3,0.6,0,0.3,0.6,0,0.2,0
80,71,1,1,0,0.1,0.2,0.1,0.2,0,0.1,0.2,0,0.1,0
80,72,1,3,0,0.1,0.3,0.5,0.5,0.1,0.8,0.5,0.1,0.1,0
80,73,2,10,0,0.4,1,1.4,1.8,0.2,2.8,1.6,0.4,0.4,0
80,74,1,76,0.2,6.7,3.2,9,15.4,0.4,10.3,21.3,4.6,4.9,0
80,75,5,228.5,10.4,24.8,12.6,39.7,44.1,6.4,24.6,40.6,15.8,9.5,0
80,76,2,14,1.2,1.6,0.3,4.3,0.9,0.4,2,1.4,1.6,0.3,0
80,77,1,1,0,0.1,0,0.1,0.1,0,0.2,0.3,0.1,0.1,0
80,83,2,28,0,0.7,0.8,2.9,2.9,0,6.7,10.3,0,3.7,0
80,84,0,83.5,5,2.5,4,14,18,0,17,14,1,8,0
80,85,5,19,0,0.7,0.7,1.9,3.3,0,5.2,5,0,2.2,0
80,92,1,2,0,0,0,0.2,0.3,0,0.7,0.5,0.1,0.2,0
80,106,7,19,0.2,0.2,0,2.5,3.8,0.3,4.6,6.8,0,0.6,0
80,107,2,11,1,0,1,3.5,0.6,0.6,1.6,1.3,0.4,1,0
80,108,1,2,0.1,0.2,0.1,0.3,0.4,0,0.4,0.2,0.1,0.2,0
80,113,1,4,0.2,0.3,0,0.8,0.6,0.1,0.9,0.9,0.2,0,0
80,114,1,4,0.2,0.3,0,0.8,0.6,0.1,0.9,0.9,0.2,0,0
80,117,1,3,0.2,0,0.2,0.8,0.2,0,0.7,0.5,0.2,0.2,0
80,118,2,3,0.2,0,0.2,0.8,0.1,0,0.7,0.6,0.1,0.3,0
80,121,4,12,0.8,0,0.8,3.1,0.7,0,2.8,2.2,0.6,1,0
80,124,1,5,0,0,0.2,0.5,1.5,0.2,0.6,0.7,0.3,1,0
80,125,4,41,0,3.3,1.7,1.8,9.2,0,10.7,5.9,0,8.4,0
80,126,2,4,0,0.4,0.1,0.1,0.9,0,1.1,0.6,0,0.8,0
80,127,1,39,1.4,2,0.7,4.7,5.7,0,9.9,11.8,1.4,1.4,0
66,10,1,5,0.4,0.4,0,1.1,0.8,0,0.6,0.9,0.1,0.7,0
66,12,1,1,0.1,0.1,0,0.2,0.2,0,0.1,0.2,0,0.1,0
66,13,1,3,0.3,0.3,0,0.6,0.5,0,0.3,0.5,0.1,0.4,0
66,14,2,10,0.9,0.9,0,2.2,1.6,0,1.1,1.8,0.2,1.3,0
66,25,1,2,0.2,0,0,0.1,0.7,0,0.2,0.4,0.2,0.2,0
66,26,1,5,0.4,0,0,0.2,1.8,0,0.7,1.1,0.4,0.4,0
66,36,1,5,0,0.7,0.3,0.1,1.9,0,0.7,0.6,0.3,0.4,0
66,40,1,2,0,0.3,0.1,0.2,0.5,0,0.3,0.4,0.1,0.1,0
66,48,2,9,0.2,0.7,0.6,1.1,1.2,0.1,1.5,2.8,0.2,0.6,0
66,49,3,35,0.5,2.5,2.6,3.4,5,0.3,5.9,11.3,0.9,2.6,0
66,50,0,645.5,40,61.5,45,129,136,27.5,63,67,49.5,27,0
66,51,5,95.5,3.5,13.8,7.1,14.4,24.7,3.2,7,12,7.1,2.7,0
66,53,2,5,0.3,0.2,0.3,0.7,0.8,0.2,1,0.7,0.3,0.5,0
66,54,7,18,1.1,0.7,1.1,2.5,3,0.6,3.5,2.4,1.1,2,0
66,55,1,2,0.1,0.1,0.1,0.2,0.4,0.1,0.4,0.5,0.1,0,0
66,56,1,866,47.4,121.6,65.8,156.9,137.5,20.4,84.5,109,80.9,42,0
66,57,2,856.5,47.8,49.3,67.6,151.6,146.3,18.8,106.3,166.3,48.1,54.4,0
66,58,2,380,20.9,28.4,37.7,85.7,56.7,9.7,51.5,55.4,24.1,9.9,0
66,59,1,15,0.4,0.7,1.5,2.1,3,0.2,3.2,2.6,0.9,0.4,0
66,60,3,6,0.1,0.1,0,0.3,1.3,0.4,1.8,0.6,0,1.4,0
66,61,2,7.5,0.2,0.2,0,0.3,1.6,0.5,2.4,0.7,0,1.6,0
66,62,3,19,0.7,2.2,0.9,3.4,3.9,0.3,2.2,3.3,1.4,0.7,0
66,63,3,19,0.4,2,1.1,1.8,4.5,0.1,4,3.4,0.9,0.8,0
66,64,2,60,1.5,7.2,2.5,5.5,11.8,1.3,5.3,14.7,4.2,6,0
66,65,3,175,2.7,11.4,11.4,25.5,23.2,3.8,47.6,34.9,7.4,7.1,0
66,66,3,48,2.3,5.8,4.9,5.4,10.6,1.1,5.7,7.6,2.7,1.9,0
66,68,1,5,0.2,0.5,0.7,0.2,1.3,0,0.6,0.7,0.2,0.6,0
66,70,1,6,0.2,0.7,0.9,0.2,1.5,0,0.7,0.9,0.2,0.7,0
66,71,1,6,0.2,0.7,0.9,0.2,1.5,0,0.7,0.9,0.2,0.7,0
66,77,1,4,0.2,0.2,0,0.5,0.9,0.2,0,1.2,0.3,0.5,0
66,79,2,55,1.8,6.1,4.4,5.8,9.9,0.7,12.5,4.9,2.1,6.8,0
66,81,2,123,5,9,5,18.9,22.1,5,13,28,7,10,0
66,85,1,4,0.1,0.4,0.3,0.8,0.2,0.1,1,0.5,0.2,0.4,0
66,86,2,13.5,0.5,1.4,0.8,2.7,0.7,0.5,3.5,1.7,0.5,1.2,0
66,101,1,2,0.1,0,0,0.3,0.7,0,0.1,0.4,0.1,0.3,0
66,102,3,17,0.5,1.1,0.9,1.6,2.9,0.2,3,3.7,1,2.1,0
66,103,2,6,0.1,0.3,0.2,0.7,1.1,0,1.1,1.4,0.2,0.9,0
66,104,5,24,0.6,3.1,1,1.1,4.6,0.3,3.8,5.6,2,1.9,0
66,105,1,2,0,0.3,0,0.1,0.4,0,0.3,0.5,0.2,0.2,0
66,109,3,28,0.8,1.5,0.7,6.3,2.9,0.2,3.9,8.5,1.7,1.5,0
66,110,5,201,1.6,10.7,18.8,24.5,37.1,2.5,39.8,41.1,11.8,13.1,0
66,111,4,206,4,7.3,6.1,16.7,27.7,1.1,20.3,80,11.7,31.1,0
66,112,2,105,4,8.9,2,15.9,15.2,0.1,8.2,39.6,5.9,5.2,0
66,114,3,37,2.6,2.1,3.6,8.3,8.1,0.1,7.3,2.3,0.6,2,0
66,115,1,102.5,1,16.5,7.1,7.3,24.9,3.6,14.6,17.9,7.1,2.5,0
66,120,1,2,0,0.1,0.2,0.3,0.5,0.1,0.3,0.2,0.1,0.2,0
66,123,2,6,0,0.4,0.2,0.8,0.2,0,1,3,0.2,0.2,0
66,124,3,11,0.2,0.4,0.9,1.3,2.5,0,1.9,2.1,1.1,0.6,0
66,125,6,26,0.1,2.1,2.3,2.4,6.2,0,5.3,3.2,1.7,2.7,0
66,126,2,23,0,2.1,2.1,2.1,5.6,0,4.9,2.4,1.4,2.4,0
68,0,4,37.5,0,6.2,0,3.1,6.8,0,5,13.4,3,0,0
68,4,1,1,0,0.2,0.1,0.1,0.3,0,0.1,0.1,0.1,0,0
68,14,1,3,0.3,0.3,0,0.6,0.5,0,0.3,0.5,0.1,0.4,0
68,15,1,7,0.6,0.6,0,1.6,1.1,0,0.8,1.2,0.2,0.9,0
68,17,1,2,0.1,0,0.1,0.3,0.5,0,0.6,0.2,0.1,0.1,0
68,23,1,3,0.3,0,0,0.1,1,0,0.4,0.6,0.3,0.3,0
68,25,1,2,0.2,0,0,0.1,0.7,0,0.2,0.4,0.2,0.2,0
68,39,1,5,0,0.7,0.3,0.1,1.9,0,0.7,0.6,0.3,0.4,0
68,41,1,3,0,0.4,0.2,0.1,1.1,0,0.4,0.3,0.2,0.3,0
68,46,1,7,0.3,0.3,0.2,1.9,0.8,0.2,1.7,1.4,0,0.2,0
68,49,2,360,10.4,37,31.1,38.2,76.2,3.4,70.1,64.9,16.7,12,0
68,50,0,167,2,9.5,12,18,27,1,26,45,11.5,15,0
68,52,0,77.5,1.5,12,16,1,26,0,7,7,7,0,0
68,53,5,391,17,39.5,31.4,55,76,13.3,62.7,42.7,46.4,7,0
68,54,2,427.5,10,41,37.8,47.1,90.5,9.2,81.7,66.7,19.5,24,0
68,55,0,778.5,35,45.5,47.5,123,136,29.5,102,150,53,57,0
68,56,1,8,0.2,1.6,0.3,1.7,1.8,0.2,1,0.5,0.7,0,0
68,57,4,158.5,4,17.2,7.2,31.5,30.7,2,32,22.3,10.1,1.5,0
68,58,1,9,0,0.4,0.2,1.3,2.9,0.4,1,1.3,1.3,0.2,0
68,59,1,349,17,24.1,36,97.3,58.7,9.6,40.2,41.3,14.8,10,0
68,60,1,1075.5,39.6,85,87.2,221.3,165.8,34.5,152.3,176.6,70.8,42.3,0.1
68,61,2,18,0.3,4.5,0.9,1.5,3.7,0,1.4,2.5,1.4,1.5,0.3
68,63,1,3,0,0.4,0,0.1,0.6,0,0.3,1.2,0.2,0.2,0
68,64,2,19,0,2.2,0,1,3.8,0,1.6,7.8,1.3,1.3,0
68,65,2,45,2.1,2.7,5.4,6.7,4.2,1,7.9,12.6,2.2,0.2,0
68,66,1,8,0.2,0.8,0.7,1.2,1.5,0.1,1.3,1.6,0.3,0.3,0
68,67,1,2,0,0.2,0.1,0.2,0.3,0.1,0.4,0.4,0.2,0.1,0
68,73,1,2.5,0.2,0.1,0.1,0.7,0.3,0,0.3,0.6,0.2,0,0
68,79,4,36,1.2,2.8,0,2.5,6.1,0.5,11.6,8.5,0.3,2.5,0
68,83,3,28,0,1.8,0.5,2.5,5.6,0,8.2,5.1,0.5,3.8,0
68,85,2,8,0,0.2,0.2,1,0.8,0,2.4,2.6,0.2,0.6,0
68,86,3,12,0,0.3,0.4,1.4,1.2,0,3.6,4,0.3,0.8,0
68,91,2,13,0.3,0,1.1,0.8,1.5,0,3.4,4.4,0.4,1.1,0
68,101,1,1,0,0,0,0.2,0.3,0,0.1,0.2,0,0.2,0
68,102,1,5,0,0.8,0.5,0.1,1.4,0,1.3,0.5,0.1,0.3,0
68,103,3,6,0.1,0.6,0.3,0.5,1.6,0.2,1.1,1.1,0.3,0.2,0
68,105,3,5,0.1,0.4,0.3,0.2,1.2,0,1.2,1.3,0.2,0.1,0
68,108,3,276,10.1,17.2,13.2,37.1,64.3,4.9,32.2,56.8,16.8,23.4,0
68,109,6,120.5,3.1,11.8,6.9,15.5,22.8,2.4,21.1,19.6,12.3,5,0
68,110,5,178,4,13.1,21.4,23.5,33.5,2.2,30.5,26.7,9.6,13.5,0
68,111,4,20,0.5,2.1,1.5,2.5,4,0.2,2.5,4.9,0.8,1,0
68,112,3,33,1.4,0,2.1,2.9,4.8,0,5.6,10.5,1.4,4.3,0
68,113,2,7,0.1,0.3,0.2,1.2,1,0.1,1,2.2,0.4,0.5,0
68,114,3,404.5,14.5,37.3,22,62.2,73.4,9.8,64.1,67.5,26,27.7,0
68,115,5,186,6.2,8.6,5.8,34,25.1,2.2,42.9,41.8,8.6,10.8,0
68,116,3,26,0.9,1,1.7,3.8,4.2,0.5,2.7,7.2,2,2,0
68,117,4,8,0.1,0.6,0.7,1,1.6,0,1.6,1.6,0.3,0.5,0
68,118,5,24,1,1.9,1.7,3.5,4.1,0.1,4,5.2,0.9,1.6,0
68,119,5,89.5,2.7,8.7,5.8,8.8,17.4,0.7,13.5,18.3,1.4,12.2,0
68,120,2,11,0.6,1,0.8,1.5,2.1,0.1,1.4,2.5,0.3,0.7,0
68,121,3,14.5,0.7,1.7,1.5,1.2,4.6,0,1.7,2.6,0.5,0,0
68,123,2,4,0.1,0.2,0.1,0.8,0.6,0,0.7,0.9,0.2,0.4,0
68,124,4,85.5,1.3,8.8,2.6,13.7,20.3,1.6,13.7,13.1,5.9,4.5,0
79,12,1,2,0,0.1,0,0.4,0,0,0.7,0.6,0,0.2,0
79,14,1,3,0,0.2,0,0.7,0,0,1,0.8,0,0.3,0
79,29,2,4,0,0.2,0,0.4,1.6,0,0.6,1,0,0.2,0
79,31,1,31,0,0.5,0,1.7,7.1,0,8.7,11.4,0,1.6,0
79,36,1,3,0.2,0,0.3,0.6,0.3,0.1,0.5,0.7,0.1,0.1,0.1
79,39,1,1,0.1,0,0.1,0.2,0.1,0,0.2,0.2,0,0,0.1
79,44,1,2,0,0,0.2,0.4,0.3,0,0.6,0.4,0,0.1,0
79,56,3,83,1,3,7,17.1,18.1,1,12,16,3.9,3.9,0
79,57,4,276.5,11.7,19.5,22.1,35.7,60.8,9,46.1,51.7,8.7,11.2,0
79,68,2,16,0.9,1.5,2.8,2.4,3.2,0.1,1.3,2.9,0.2,0.7,0
79,73,1,4,0,0.2,0.4,0.6,0.7,0.1,1.1,0.6,0.1,0.2,0
79,74,4,48.5,0.3,2.1,4.7,7,8.3,1.3,9.4,10.8,2.1,2.5,0
79,75,2,460.5,7.6,33.1,23.3,52.7,89.5,4.1,64.1,120.5,17.2,48.4,0
79,76,2,3.5,0.1,0.2,0.2,0.2,0.5,0.1,0.6,1.1,0.2,0.3,0
79,91,1,1,0,0,0,0.1,0.2,0,0.3,0.2,0.1,0.1,0
79,92,2,49,0.1,4.1,1.1,3.7,7.1,0.1,12.3,11.6,0.3,8.6,0
79,106,2,18,0.1,2,1.1,1.3,4.9,0.1,3.4,4.4,0,0.7,0
79,107,2,4,0,0.6,0.4,0.2,1.2,0,0.6,0.8,0,0.2,0
79,108,3,25,1.1,1.5,1.9,5.2,3.7,0.7,3.8,3.9,1.4,1.8,0
79,109,4,28,1,2,2,5.6,4.4,0.6,3.2,6,2,1.2,0
79,110,4,34,1.4,2.7,2.5,5.9,5.8,0.7,5.3,5.6,2,2.1,0
79,112,1,3,0.1,0.2,0,0.6,0.4,0.1,0.7,0.7,0.2,0,0
79,113,1,4,0.2,0.3,0,0.8,0.6,0.1,0.9,0.9,0.2,0,0
79,114,2,9,0.3,0.7,0,1.9,1.4,0.1,2,2,0.6,0,0
79,115,1,1,0.1,0,0.1,0.3,0,0,0.2,0.2,0,0.1,0
79,116,1,2,0.1,0,0.1,0.5,0.1,0,0.5,0.4,0.1,0.2,0
79,117,1,2,0.1,0,0.1,0.5,0.1,0,0.5,0.4,0.1,0.2,0
79,118,2,12,0.9,0,0.9,3.1,0.7,0,2.8,2.1,0.6,0.9,0
79,121,1,2,0.1,0,0.1,0.5,0.1,0,0.5,0.4,0.1,0.2,0
79,122,1,1,0,0,0.1,0.1,0.3,0,0.1,0.1,0.1,0.2,0
79,124,2,6,0,0,0.2,0.6,1.8,0.2,0.8,0.8,0.4,1.2,0
79,125,3,16,0,0,0.7,2.6,3.7,0.6,3.5,2.2,0.9,1.8,0
79,126,3,10,0,0,0.5,2.4,1.4,0.5,3.2,1.5,0.5,0,0
79,127,2,13,0.4,0,1,1.4,1.2,0.1,2.9,4.9,0.6,0.5,0
108,10,1,1,0,0,0.1,0.1,0.2,0,0.2,0.4,0,0,0
108,20,1,11,0,0.5,0.2,0.2,1.5,0,2.5,1.8,0.5,1.5,2.3
108,29,4,121,5,7.2,4.6,20,23.9,1,16.1,26.6,6,10.6,0
108,30,3,137.5,9.3,15.2,5.1,17.7,33.2,4.7,15.9,24.5,3.8,8.1,0
108,31,1,7,0.7,0.1,0.3,1.3,0.9,0.3,1,2,0.1,0.3,0
108,33,1,1,0.1,0,0,0.2,0.1,0,0.2,0.3,0.1,0,0
108,34,1,2,0.1,0,0,0.4,0.3,0,0.3,0.5,0.3,0.1,0
108,37,2,10.5,0,1,0.4,2.2,2.2,0.5,0,2.9,1.1,0.2,0
108,38,1,63,3,3.2,0.9,8.2,9.2,1,8.3,20.5,3,5.7,0
108,39,3,548,21,45.8,25,83.9,101.1,6.5,72.7,117.5,25.5,49,0
108,40,1,8,0,0.1,0.6,0.8,2.2,0,1.5,2.3,0,0.5,0
108,44,3,7,0,0.7,0.7,0.3,1.7,0,1.8,1.4,0.1,0.3,0
108,45,3,130.5,2.8,9.5,7.9,15.5,28.5,1.8,25.9,26.5,6.9,5.2,0
108,46,2,3,0.1,0.3,0.2,0.6,0.6,0.1,0.5,0.3,0.3,0,0
108,50,4,24,2.2,2.3,1.7,3.4,4.2,0,2.5,6.1,0.8,0.8,0
108,52,1,7,0.1,0.6,0.8,1.1,1.3,0,1.6,1.3,0,0.2,0
108,54,1,4,0.4,0,0.1,0.9,0.7,0,0.6,0.9,0.3,0.1,0
108,55,1,6,0.7,0,0.1,1.3,1.1,0,1,1.3,0.4,0.1,0
108,61,1,1,0.1,0,0,0.2,0.1,0,0.3,0.2,0,0.1,0
108,62,1,17,1.7,1.7,0,2.5,4.3,0,3.4,2.6,0.8,0,0
108,68,5,237,9.6,27.2,16.3,29.5,45,10.6,35.2,27.8,20.3,15.5,0
108,69,1,455.5,17.2,36,33.5,67.5,73,8.2,64.6,105.3,14.9,35.3,0
108,74,4,18,0,1.6,0,2,2,0.5,2.9,5,1.1,2.9,0
108,75,5,26,0.4,2.2,0.4,1.6,2.4,0.4,5.8,10,0.7,2.1,0
108,77,1,1,0,0.1,0,0,0.1,0,0.3,0.5,0,0,0
108,78,3,8,0,0.7,0,0.3,1.5,0.3,1.1,2.7,0.8,0.6,0
108,86,2,6,0.2,0,0.7,1.1,0.9,0,0.6,2.1,0,0.4,0
108,89,2,20,0,0.8,0,1.4,5,0.7,2.1,7.9,2.1,0,0
108,102,3,41,0,2,4.8,6.6,3.8,0,11.4,9.5,2,0.9,0
108,103,1,2,0,0.1,0.2,0.3,0.2,0,0.6,0.5,0.1,0,0
108,107,2,4,0,0.3,0.3,0.3,0.9,0.1,0.8,0.7,0.1,0.5,0
108,117,1,2,0,0.1,0,0.1,0.3,0,0.2,0.9,0.1,0.3,0
108,120,1,2,0,0.1,0,0.1,0.3,0,0.2,0.9,0.1,0.3,0
108,123,4,18,0,0.5,1.7,1.8,4.9,0,3.2,5.4,0.5,0,0
108,124,3,10,0,0.4,0.9,1,2.6,0,1.9,3,0.2,0,0
108,126,3,6,0.2,0,0.3,0.5,0.7,0.2,1.6,1.8,0,0.7,0
109,27,1,1,0,0,0,0.1,0.3,0,0.2,0.2,0.1,0.1,0
109,39,1,42.5,0,0.7,1,3.2,10.5,0,8.5,11.8,3,3.8,0
109,40,2,58.5,0.1,9.9,5.5,5.3,21.6,0.1,5.2,6.4,4.4,0,0
109,43,2,4,0,0.4,0.4,0.2,1,0,1,0.8,0,0.2,0
109,44,1,8,0,0.8,0.9,0.2,2,0,2.1,1.6,0.2,0.2,0
109,54,3,121,5,10.2,6.2,23.8,23.5,4,21.2,18.5,5.6,3,0
109,55,5,287.5,10.5,12.3,14.2,40,67.1,2,45.4,55.8,17.5,22.7,0
109,62,1,3,0.3,0.3,0,0.4,0.8,0,0.6,0.5,0.1,0,0
109,68,3,105.5,7.2,4.2,1.6,15.3,17.3,3.6,11.7,28,5.3,11.3,0
109,69,3,38.5,2.7,2.5,1.1,5.9,7,0.5,5.9,5.4,2.1,5.4,0
109,75,3,11,0.2,0.9,0.2,0.5,1,0.1,2.7,4.7,0.1,0.6,0
109,93,1,3,0.1,0,0.4,0.5,0.5,0,0.3,1,0,0.2,0
109,98,1,1,0,0,0,0.1,0.2,0,0.4,0.2,0,0.1,0
109,103,1,1,0,0.1,0.1,0.1,0.2,0,0.2,0.2,0,0.1,0
109,104,1,1,0.1,0,0.1,0.1,0.1,0,0.1,0.4,0,0.1,0
109,108,1,4,0,0.3,0.3,0.3,0.9,0.1,0.8,0.6,0.2,0.5,0
109,111,1,5,0.1,0.3,0.1,0.7,0.8,0,0.4,1.7,0.6,0.3,0
109,113,1,4,0.1,0.3,0.1,0.5,0.6,0,0.4,1.3,0.4,0.3,0
109,117,1,4,0,0.1,0,0.3,0.6,0,0.5,1.9,0.1,0.5,0
109,118,1,3,0,0.1,0,0.2,0.4,0,0.4,1.4,0.1,0.4,0
109,120,2,4,0,0.2,0,0.2,0.6,0,0.4,1.8,0.2,0.6,0
109,124,1,1,0,0,0.1,0.1,0.3,0,0.2,0.3,0,0,0
92,4,1,3,0.1,0,0.1,0.9,0.5,0.2,0.5,0.3,0.2,0.2,0
92,5,1,1,0,0.2,0,0.1,0.2,0,0.2,0.1,0.1,0.1,0
92,7,2,15,0.2,2.8,0,2.4,2.4,0,2.8,1.8,1.2,1.4,0
92,8,1,16,0.2,3,0,2.5,2.5,0,3,2,1.3,1.5,0
92,11,1,2,0.1,0.4,0.2,0.3,0.2,0,0.3,0.3,0.1,0.1,0
92,28,1,1,0,0,0,0.1,0.1,0,0.1,0.5,0,0.2,0
92,44,1,2,0,0.1,0.1,0.1,0.6,0.1,0.3,0.5,0,0.2,0
92,46,2,38,0,5,5,5,12,0,7,2,2,0,0
92,47,2,28,0,1.6,1.6,1.6,8.5,0.7,3.9,7,0,3.1,0
92,54,1,2,0.1,0.3,0,0.4,0.5,0,0.2,0.2,0.1,0.2,0
92,55,2,10,0.5,1.5,0,1.8,2.7,0.2,1.2,0.8,0.3,1,0
92,60,1,2,0.1,0.2,0.2,0.3,0.5,0,0.3,0.2,0.2,0,0
92,61,1,2,0.1,0.2,0.2,0.3,0.5,0,0.3,0.2,0.2,0,0
92,68,1,6,0.2,0.2,0.6,0.7,1,0,0.9,1.4,0.6,0.4,0
92,69,3,316.5,12.1,21.1,15,33.7,56.4,4.5,43.7,84.6,19,26.4,0
92,70,0,68,2,7,3,12,13,3,5,15,2,6,0
92,71,1,3,0.1,0.1,0.3,0.4,0.5,0,0.4,0.7,0.3,0.2,0
92,72,1,5,0.3,0.9,0.4,0.8,1.1,0.1,0.8,0.5,0.1,0,0
92,73,3,288,16.3,32.4,11.3,39.8,53.6,9.3,34.1,62.5,16.7,12,0
92,74,1,6,0.2,0.5,0.2,0.8,1.1,0,0.9,2.1,0.2,0,0
92,84,1,5,0.4,0.8,0,0.4,0.8,0,0.9,1.5,0,0.2,0
92,92,1,3,0.2,0.1,0.2,0.6,0.8,0,0.4,0.2,0.5,0,0
92,100,3,266,6.2,14.3,11.3,36.1,40.1,3,49.3,63.1,9.8,32.8,0
92,101,2,178,12.1,11.9,11.4,27.7,31.6,7,24.7,33.7,2.3,15.6,0
92,102,3,4,0,0.4,0.1,0,1.1,0,0.7,1.2,0.1,0.4,0
92,103,1,1,0,0.1,0,0,0.3,0,0.2,0.3,0,0.1,0
92,104,4,8,0,0.7,0.3,0,2.1,0,1.4,2.5,0.3,0.7,0
95,1,2,2,0,0,0,0.2,0.2,0,0.4,1,0,0.2,0
95,8,1,4,0.2,0,0.1,1.3,0.6,0.2,0.7,0.4,0.2,0.3,0
95,12,1,2,0,0.1,0.1,0.3,0.3,0,0.3,0.5,0.1,0.3,0
95,18,1,3,0.2,0,0.1,0.6,0.3,0.1,0.5,0.7,0.3,0.2,0
95,23,1,2,0,0.2,0.2,0.1,0.4,0,0.2,0.7,0.2,0,0
95,25,1,2,0,0.2,0.2,0.1,0.4,0,0.2,0.7,0.2,0,0
95,26,1,6,0,1.1,0.2,0.4,1.4,0.2,1.4,1.1,0.1,0.1,0
95,28,1,2,0.1,0.2,0,0.2,0.6,0,0,0.6,0.2,0.1,0
95,32,1,1,0,0,0.1,0.1,0.2,0,0.1,0.3,0,0.2,0
95,46,1,5,0,0.3,0.3,0.3,1.5,0.1,0.7,1.2,0,0.6,0
95,48,1,116.5,9.1,13.7,8.8,19.2,26,0.4,12.6,15.6,8.1,3,0
95,49,3,413.5,17.3,35.7,27.2,51.8,81,4.4,62.1,80.1,20.9,33,0
95,50,1,1,0,0.1,0.1,0.1,0.3,0.1,0.1,0.1,0.1,0,0
95,52,0,33,2,2.5,4,4,6,0,3,7,0.5,4,0
95,53,2,70,3.2,5.4,4,13.9,14.3,0,5.7,11.8,6.2,5.5,0
95,55,1,2,0,0.3,0.1,0.1,0.8,0,0.4,0.2,0.1,0,0
95,56,1,3,0,0.5,0.1,0.2,0.6,0,0.8,0.5,0,0.3,0
95,57,1,2,0,0.2,0.2,0.2,0.4,0,0.2,0.5,0.1,0.2,0
95,58,1,1,0,0.1,0.1,0.1,0.2,0,0.1,0.3,0,0.1,0
95,62,1,6,0.2,0.6,0.4,1.2,1.6,0,0.6,0.8,0.4,0.2,0
95,63,2,8,0.3,0.8,0.5,1.6,2.1,0,0.8,1.1,0.5,0.3,0
95,66,3,17,0.5,0,2.2,1.7,2.2,0.2,2.2,6.8,0.5,0.7,0
95,67,1,533,9.6,32.8,35.1,69.3,86.7,9.5,80.1,126.1,18.5,65.3,0
95,68,2,5,0.1,0.4,0.2,0.4,0.8,0,1.3,1.3,0,0.5,0
95,71,1,1,0,0.1,0,0,0.2,0,0.3,0.3,0,0.1,0
95,73,1,2,0,0.3,0,0.1,0.4,0,0.5,0.5,0,0.2,0
95,74,1,2,0,0.3,0,0.1,0.4,0,0.5,0.5,0,0.2,0
95,77,1,2,0,0.1,0.3,0.1,0.4,0,0.6,0.4,0,0.1,0
95,79,1,3,0,0.2,0.4,0.2,0.6,0,0.9,0.6,0,0.1,0
95,91,1,1,0.1,0,0.1,0.2,0.3,0,0.1,0.1,0.1,0,0
95,101,1,4,0.3,0.3,0.1,0.6,0.5,0,0.8,0.4,0.5,0.5,0
95,103,2,8,0.2,0.3,0.9,1.2,0.3,0.4,2.4,1.6,0.4,0.3,0
95,104,1,7,0.2,0.2,0.8,1,0.2,0.4,2.1,1.5,0.4,0.2,0
95,105,2,6.5,0.3,0,0,1,0.8,0,0.5,2.7,0.7,0.5,0
95,106,1,2,0.1,0,0,0.3,0.2,0,0.2,0.8,0.2,0.2,0
95,108,1,1,0,0,0,0.2,0.1,0,0.1,0.4,0.1,0.1,0
95,109,1,1,0.1,0,0,0.1,0.1,0,0.2,0.3,0.1,0.1,0
95,110,1,1,0.1,0,0,0.1,0.1,0,0.2,0.3,0.1,0.1,0
95,112,1,2,0.1,0,0.1,0.2,0.3,0,0.4,0.6,0.1,0.2,0
95,115,1,1,0,0.1,0.1,0.1,0.2,0,0.4,0.1,0,0,0
95,118,2,3,0.2,0.2,0,0.4,0.3,0.1,0.6,1.2,0,0,0
95,120,1,1,0.1,0.1,0,0.1,0.1,0,0.2,0.4,0,0,0
56,2,1,13,0.4,2.2,0.4,2.9,4.1,0,1.2,1.2,0.6,0,0
56,9,1,1,0,0.1,0,0.2,0.2,0,0.2,0.3,0,0,0
56,10,2,7,0,0.5,0,1.1,1.1,0.1,1.3,2.3,0.3,0.3,0
56,24,1,5,0,0,0.8,0.3,0.5,0,1,2.4,0,0,0
56,25,2,7,0,0,1.2,0.3,0.7,0,1.5,3.3,0,0,0
56,28,2,4,0,0,0.7,0.2,0.4,0,0.8,1.9,0,0,0
56,29,1,1,0,0.1,0.1,0.1,0.2,0,0.2,0.2,0.1,0,0
56,30,2,7,0.2,0.5,0.6,0.4,1.7,0,1.1,1.5,0.7,0.3,0
56,31,3,95,3,6.6,5.6,12.1,18.6,0,17.2,18.2,7.1,6.6,0
56,36,4,34,0.5,1.9,1.6,2.7,6.8,0.4,5.6,10.8,1.4,2.3,0
56,38,1,2,0,0.2,0.2,0.1,0.4,0,0.4,0.6,0,0.1,0
56,39,1,12,0.2,0.7,1.4,1.3,3.6,0.2,0.9,1.3,1.3,1.1,0
56,42,1,2,0.1,0.2,0.1,0.3,0.2,0,0.3,0.6,0.1,0.1,0
56,47,3,55.5,1.9,6.9,3,8,13.2,0.4,4.3,12.3,2.6,2.9,0
56,48,6,98,4,9.7,8.1,12.4,19.6,1.5,11.6,18,7.2,5.9,0
56,49,2,19,0.1,1.6,2.7,1.5,5.7,0.4,1.8,2.6,2.3,0.3,0
56,52,1,20,0.3,2.6,1.8,2.3,4.9,0.4,2.7,3.1,1.6,0.3,0
56,53,4,209,5.5,10.5,14.8,32.7,33.9,3.5,37.4,41,16.1,13.6,0
56,54,2,228,6.4,22.2,11.4,48.4,38.9,4,29.9,37.8,13.2,15.8,0
56,55,1,11,0.6,0.8,1,1.8,2,0,2,1.3,0.7,0.8,0
56,57,2,9,0.4,0.1,1.3,1.3,1.7,0,2.1,1,0,1.1,0
56,58,2,7,0,0.3,0.3,0.3,1.4,0,1.5,2.1,0,1.1,0
56,59,1,2,0.2,0.1,0,0.4,0.4,0,0.3,0.1,0.1,0.4,0
56,61,1,1,0.1,0,0,0.2,0.2,0,0.2,0,0.1,0.2,0
56,64,1,3,0.1,0.3,0.3,0.5,0.7,0,0.5,0.6,0,0,0
56,69,3,129,1.5,17.1,8.2,10.9,28.6,2.1,27,22.3,5.5,5.8,0
56,70,2,66,1,3.7,6,5.9,12.8,1,14,15.7,5.2,0.7,0
56,71,1,11,0,0.1,0.6,1.5,1.8,0,3.2,3.5,0.3,0,0
56,76,1,2,0,0.2,0.1,0.3,0.4,0,0.6,0.4,0,0,0
56,79,1,6,0,0.6,0.4,0.8,1,0,1.9,1.3,0,0,0
56,82,2,14,0,0.9,2,1.4,2,0,3.8,2.4,0.3,1.2,0
56,84,1,5,0,0.3,0.7,0.5,0.7,0,1.4,0.9,0.1,0.4,0
56,85,1,1,0,0.1,0.1,0.1,0.2,0,0.2,0.1,0.1,0.1,0
56,86,2,21,0.4,1.5,1.5,2.9,4.3,0.3,4.7,2.7,0.9,1.8,0
56,87,2,134.5,6.4,6.2,4.4,18.6,21.1,3,20.3,35.6,11.4,7.5,0
56,88,2,77.5,1.5,11.9,3.3,7.3,22.4,1,7.5,20,0.1,2.5,0
56,91,1,3,0.1,0.1,0.1,0.6,0.3,0,0.7,0.7,0.1,0.3,0
56,98,2,20,0,2.6,0,1.8,3.4,0.9,3.4,5.2,0,2.7,0
56,100,1,1,0,0.1,0,0.1,0.2,0,0.3,0.2,0,0.1,0
56,112,3,12,0.8,0.9,0.9,1.9,2.3,0.4,2.1,1.5,0.8,0.4,0
56,114,2,12,0.3,1.5,1.1,1.1,2.7,0.2,1.9,1.9,0.8,0.5,0
56,115,2,83,5.3,6.1,2.1,14.1,15,1.4,10.5,18.1,3.4,7,0
56,116,6,25,0.1,1.9,2,3.4,5.7,0.6,3.7,4.7,1.2,1.7,0
56,117,4,157.5,2.6,10.9,6.9,17.1,27,5.4,30.1,29.7,6.9,20.9,0
56,118,1,558,25.1,53.6,33.4,82.8,111.1,8.8,62.9,100.6,39.8,39.9,0
56,119,1,768.5,34.1,57.4,49.4,140.5,148.2,10.5,83.4,138.9,39,67.1,0
56,120,3,55,0.6,3.8,4.4,4.1,12.3,0.2,6.1,17.5,2.1,3.9,0
56,121,2,14,0.2,1.2,0.8,1.8,3.3,0.1,1.6,3.6,0.9,0.5,0
56,122,2,69,1.3,4.8,6.2,16,9.8,1,8.5,13.1,3.8,4.5,0
56,123,2,95,3.6,7.1,6.2,19.7,17.9,1,12.7,12.3,5.8,8.7,0
56,126,2,15,0.6,2.1,0.6,2.5,2.6,0,2.1,1.5,1.5,1.5,0
56,127,0,937,32.5,82.5,52,111,134,23,125,237,57,83,0
93,4,2,3,0.1,0,0,0.9,0.4,0.2,0.6,0.3,0.2,0.3,0
93,7,3,49,1,5.8,1.9,4.8,12.4,1.9,2,10.6,3.8,4.8,0
93,8,1,50,2,6.2,0.1,11.2,8.5,3.1,5.1,8.4,1.2,4.2,0
93,14,1,3,0.1,0.5,0.3,0.5,0.4,0,0.5,0.4,0.2,0.1,0
93,22,1,2,0,0.2,0.2,0.1,0.4,0,0.2,0.7,0.2,0,0
93,25,1,7,0,0.6,0.8,0.4,1.5,0,0.8,2.3,0.6,0,0
93,26,1,2,0.1,0,0,0.1,0.1,0,0.3,1,0.1,0.3,0
93,27,1,3,0.1,0,0,0.2,0.2,0,0.4,1.5,0.1,0.5,0
93,28,1,1,0,0,0,0.1,0.1,0,0.1,0.5,0,0.2,0
93,40,1,2,0,0.2,0.1,0,0.4,0,0.5,0.7,0,0.1,0
93,46,3,125.5,5,10,6.1,14,28,1,18.9,29.9,7.5,5.1,0
93,47,2,115,6,10,10,22,15,2.5,19,15,7.5,8,0
93,62,1,8,0.3,0.5,0.8,1.7,0.3,0,1.4,2.5,0,0.5,0
93,65,1,1,0,0.1,0.1,0.2,0,0,0.2,0.3,0,0.1,0
93,68,5,90.5,2.8,10,4.6,15.5,15.6,3.1,12.6,11.2,7.1,8,0
93,69,3,504.5,13.5,38.2,45.9,61,87.6,11.3,90.8,82.6,21.4,52.2,0
93,72,2,13,0,0.9,0,2.1,1.8,0.3,2.1,4.3,1.2,0.3,0
93,73,3,224,6,13.4,7.3,27.2,39,4.1,34.3,60.4,11.6,20.7,0
93,74,1,10,0,1.3,0.3,0.3,1.8,0,2.4,2.6,0.3,1,0
93,76,1,2,0,0.1,0.3,0.1,0.4,0,0.6,0.4,0,0.1,0
93,91,2,8,0.6,0.3,0.6,1.6,2.2,0,0.9,0.6,1.2,0,0
93,100,4,21,0.6,1.4,0.9,2.4,3.6,0.8,3.9,3.8,1.6,2,0
93,101,5,64,1.6,1.9,3.3,8,12,2.3,13,12.6,2.9,6.4,0
93,102,2,12.5,0.4,1,0.8,1.5,3.2,0.8,0.8,2.4,0.4,1.2,0
93,103,1,4,0.1,0.3,0.3,0.5,1,0.2,0.3,0.8,0.1,0.4,0
93,104,1,1,0,0.1,0,0,0.3,0,0.2,0.3,0,0.1,0
93,105,1,1,0,0.1,0,0,0.3,0,0.2,0.3,0,0.1,0
93,108,1,2,0,0.2,0.1,0,0.5,0,0.3,0.6,0.1,0.2,0
93,109,1,4,0.2,0,0.1,0.5,0.6,0.1,0.8,1.1,0.2,0.4,0
93,120,1,2,0,0.2,0.1,0.2,0.4,0,0.8,0.3,0,0,0
93,122,1,2,0,0.1,0.1,0.3,0.3,0,0.3,0.7,0.1,0.1,0
93,123,1,1,0,0,0.1,0.1,0.2,0,0.2,0.3,0,0.1,0
93,126,1,4,0.1,0.2,0.3,0.5,0.6,0,0.6,1.3,0.2,0.2,0
55,5,2,7.5,0.2,1.3,0.3,1.7,2.3,0,0.7,0.7,0.3,0,0
55,9,2,3,0,0.2,0,0.5,0.5,0,0.6,1,0.1,0.1,0
55,25,1,1,0,0,0.2,0,0.1,0,0.2,0.5,0,0,0
55,28,1,1,0,0.1,0.1,0.1,0.2,0,0.2,0.2,0.1,0,0
55,31,1,2,0.1,0.1,0.2,0.1,0.5,0,0.3,0.4,0.2,0.1,0
55,33,1,4,0,0.5,0.3,0.5,1.1,0.1,0,0.9,0.5,0.1,0
55,35,2,38,0.3,2.5,4.4,4,12.2,1.1,4.6,5.6,2.5,0.8,0
55,36,3,411,15.3,25.6,19.2,74.3,70.8,8.4,67.7,80.2,17.6,31.9,0
55,37,5,72,4,9.5,6.5,5.8,20,2.5,9,10.2,1.5,3,0
55,43,2,51,2.5,4,1.8,11.2,10,0,9.5,8.9,2.3,0.8,0
55,45,2,3,0.1,0.3,0.2,0.4,0.6,0,0.3,0.8,0.2,0.1,0
55,47,3,98,2.7,9,9.7,18.1,18.9,2,9.4,13.1,9.4,5.7,0
55,48,1,136,1.7,14,11.7,18.1,30.9,0,20.3,27.2,4.4,7.7,0
55,49,4,14,0,1.2,2,1.1,4.2,0.3,1.4,1.9,1.7,0.2,0
55,51,1,3,0,0.3,0.4,0.2,0.9,0.1,0.3,0.4,0.4,0,0
55,52,4,116,2.1,10.3,7.4,11.3,26.9,2.6,18.9,26.3,8,2.2,0
55,53,3,319.5,2.3,51.3,22.6,24.9,99,3,54,39.9,18.7,3.8,0
55,54,4,48,0.3,6.3,3.1,4.7,9.6,0,9.6,10.7,2.8,0.9,0
55,57,3,7,0.4,0,1.2,1.2,1.2,0,1.6,0.5,0,0.9,0
55,58,3,5,0.4,0.1,0.3,1,1,0,1,0.2,0.2,0.8,0
55,59,1,2,0.2,0.1,0,0.4,0.4,0,0.3,0.1,0.1,0.4,0
55,62,1,3,0.1,0.3,0.3,0.5,0.7,0,0.5,0.6,0,0,0
55,64,1,11,0.4,1.2,1,1.7,2.7,0,2,2,0,0,0
55,66,2,6,0,0.2,0.8,0.4,1.8,0,0.8,1.2,0.4,0.4,0
55,67,1,8.5,0.1,0.7,0.4,1.6,1.6,0.3,0.9,1.6,0.7,0.6,0
55,68,4,246.5,8,29.3,13.5,45.2,49.6,12.6,25.3,28,23.1,11.9,0
55,69,4,183.5,6,14.3,9.6,23.3,32.8,2.5,36.6,36,8.7,13.7,0
55,70,2,21,0.5,1.1,0.8,2.7,3.4,0.1,5.4,5.9,0.7,0.4,0
55,71,2,4,0,0,0.3,0.5,0.7,0,1.2,1.2,0.1,0,0
55,82,1,2,0,0.1,0.3,0.2,0.3,0,0.5,0.3,0.1,0.2,0
55,83,2,7,0,0.4,1,0.7,1,0,1.9,1.2,0.2,0.6,0
55,84,1,2,0,0.1,0.3,0.2,0.3,0,0.5,0.3,0.1,0.2,0
55,85,1,9,0.2,0.7,0.7,1.2,1.8,0.1,2,1.2,0.4,0.7,0
55,86,5,121.5,5.9,10.9,11.1,17.5,24.1,3.8,16,18,5.6,8.6,0
55,87,2,80,2.4,4.6,2.7,16.2,22.5,0,12.1,11.2,2.9,5.4,0
55,88,1,43,3.1,7.3,2.2,7.7,9.4,1,3.4,3.7,3.1,0.1,2
55,89,1,2,0.1,0.1,0,0.4,0.2,0,0.4,0.5,0.1,0.2,0
55,90,1,3,0.1,0.1,0.1,0.6,0.3,0,0.7,0.7,0.1,0.3,0
55,92,1,3,0.1,0.1,0.1,0.6,0.3,0,0.7,0.7,0.1,0.3,0
55,99,1,3,0.1,0.1,0,0.3,0.7,0,1,0.7,0,0.1,0
55,102,2,12,0,0,0.8,2.3,2.3,0,1.2,3.5,1.9,0,0
55,111,2,6,0.1,0.7,0.2,0.8,1.5,0,0.9,1.3,0.3,0.2,0
55,112,1,6,0.4,0.5,0.5,0.9,1.1,0.2,1.1,0.7,0.4,0.2,0
55,113,1,3,0.1,0.4,0.3,0.3,0.7,0,0.4,0.5,0.2,0.1,0
55,114,7,140,1.6,14.5,14.7,15.7,35.1,2.4,18.1,21.2,8.8,7.9,0
55,115,7,99.5,3.7,11.4,10,13.5,26.1,3.1,11.9,10.7,6.8,2.3,0
55,116,5,68,0.5,5.4,7.1,8.7,19.6,2.1,7.8,9.8,4.9,2.1,0
55,117,1,130,8.2,21.7,11.5,22.5,27.7,4.1,8.2,9.2,13.6,3.3,0
55,118,5,76,0.9,10.1,4.1,6,14.5,1.5,10.7,17,2.9,8.3,0
55,119,3,54,1.4,2.8,1.6,10.5,7.3,0.6,7.1,12.1,6,4.6,0
55,120,5,122.5,1.9,11.8,8.7,15.5,23.6,0.8,17.8,26.1,8.8,7.5,0
55,121,5,21,0.4,1.8,1.1,2.7,4.9,0.2,2.4,5.3,1.4,0.8,0
55,122,1,12,0.3,1.9,0,0.4,2.5,0,0.7,3.5,0.9,1.8,0
55,127,2,342,13.3,19,20.7,54.2,43.5,4.7,54.9,104.9,14.5,12.3,0
57,0,2,40.5,0,4.9,1.2,4.3,8.4,0,8.4,10.8,2.5,0,0
57,1,1,6.5,0,0.6,0.3,0.7,1.6,0,1.6,1.2,0.5,0,0
57,8,1,5,0,0.3,0,0.7,0.8,0.1,1,1.7,0.2,0.2,0
57,16,1,7,0.4,0.3,0.2,1.4,0.4,0,1.4,1.7,0,1.2,0
57,31,4,20,0.7,1.5,1.6,1.3,4.7,0,3.1,4.4,1.8,0.9,0
57,35,1,4,0,0.3,0.3,0.2,0.8,0.1,0.8,1.1,0.1,0.3,0
57,41,4,86.5,0.7,10.1,6.5,11.5,23.8,1.8,5,12.5,8.9,5.7,0
57,42,3,263,7.6,30.9,17.3,38.3,49.9,3.9,28.5,53.5,9.6,16.5,7
57,43,1,9,0.3,0.9,0.6,1.5,0.9,0.1,1.2,2.8,0.3,0.4,0
57,45,2,4,0.1,0.3,0.3,0.6,0.9,0,0.7,0.7,0.3,0.1,0
57,46,2,239.5,5,25.2,22.2,30.8,72.4,5,20.7,24.9,19.3,14,0
57,47,3,66.5,2.5,6.4,2.9,9.2,13.9,1.2,7.2,16.3,5,1.9,0
57,48,2,12,0.2,1.1,1.2,1.2,3.2,0.3,1.2,2.2,1.2,0.2,0
57,49,3,29,0.1,2.4,4.2,2.2,8.7,0.8,2.8,3.9,3.4,0.5,0
57,50,4,120.5,3.6,9.7,12.8,21.8,26.2,4.5,19.5,15,6.1,1.3,0
57,51,3,58,2.4,1.5,4.8,5.6,12.3,1,15.3,12.6,1.5,1,0
57,54,5,48,2.6,3.5,4.3,8,8.7,0,8.7,5.5,3,3.7,0
57,55,5,203,6.7,14.9,14.3,31.1,36.4,2.5,32.2,37.6,13.3,14,0
57,57,3,10,0,0.3,0.3,0.4,2,0,2.3,3.1,0,1.6,0
57,58,3,7,0,0.2,0.3,0.4,1.4,0,1.5,2.1,0,1.1,0
57,59,0,37.5,1,5.5,7,5,11,1,3,3,1,0,0
57,60,1,16,1.8,0.6,0,3.5,2.9,0,2.4,0.6,1.2,3,0
57,62,1,11.5,0.4,1.2,1.1,1.8,2.8,0,2.1,2.1,0,0,0
57,64,2,72.5,10,6,2,16,20,2,3,7,4.5,2,0
57,65,2,31.5,0,1.9,1.9,8.4,6.6,1,1,7.5,3.2,0,0
57,66,1,2,0,0.1,0.1,0.5,0.4,0.1,0.1,0.5,0.2,0,0
57,68,4,21,0,0.6,2.8,1.3,5.8,0,3.1,4.7,1.3,1.4,0
57,75,2,4.5,0,0.7,0.1,0.9,0.8,0.1,0.9,0.8,0.1,0.1,0
57,76,1,4,0,0.4,0.3,0.6,0.7,0,1.2,0.8,0,0,0
57,83,2,9,0,0.5,1.3,0.9,1.3,0,2.5,1.6,0.2,0.7,0
57,85,1,15,0.3,1.1,1.1,2.1,3,0.2,3.3,1.9,0.7,1.3,0
57,87,3,26,3.6,1.7,0.9,6.3,3.6,0,1.8,4.5,0,3.6,0
57,89,1,2,0.1,0.1,0,0.4,0.2,0,0.4,0.5,0.1,0.2,0
57,96,1,3,0,0.4,0,0.3,0.5,0.1,0.5,0.8,0,0.4,0
57,98,1,1,0,0.1,0,0.1,0.2,0,0.3,0.2,0,0.1,0
57,114,8,110,7.3,8.4,9.3,16.7,20.8,3.5,20,13.2,7.3,3.5,0
57,115,6,85,1.4,6.8,4.5,10.8,15.3,2.7,16.3,13.9,5.5,7.8,0
57,116,4,55,2.3,4.1,2.7,8,10.2,0.4,11.2,9.4,0.9,5.8,0
57,117,2,138,8.6,13.3,5.7,12.6,18.6,2.2,26.2,31.9,8.2,10.7,0
57,118,1,589,20.1,57.2,43.6,103.5,117.3,14.1,68.8,88.6,40.2,35.6,0
57,119,2,320.5,8.1,30.4,19.4,46.5,58.2,6,39.4,58.9,17.5,36.1,0
57,120,4,275.5,7.2,39.6,23.6,43.9,50.6,8.6,27.5,30,27.2,17.3,0
57,121,2,17,0.3,0.8,1.2,1.9,3.1,0.3,2.5,2.5,2.2,2.2,0
57,122,3,51,1.2,3.7,5.1,7.3,6.6,0,8.9,9.8,0.5,7.9,0
57,124,1,5,0.1,0.8,0,0.2,1,0,0.3,1.5,0.4,0.7,0
57,125,4,14,0.5,2.2,0.2,1.3,2.6,0,1.3,3,1.1,1.8,0
57,126,3,8,0.3,1.2,0.3,1.3,1.3,0,1.2,0.8,0.8,0.8,0
57,127,1,556.5,19.5,48.6,38.5,70.5,82,21.7,55,122.3,28.1,70.3,0
54,2,2,6,0.2,1,0.1,1.2,1.5,0,0.5,1,0.3,0.2,0
54,3,1,1,0,0.1,0,0.1,0.2,0,0.1,0.3,0.1,0.1,0
54,4,2,2.5,0,0.3,0.1,0.4,0.7,0,0.2,0.4,0.1,0.3,0
54,9,4,44,1.4,1.7,0.8,8.4,5.6,1.7,8.4,11.2,2.7,2.1,0
54,10,4,13,0.1,0.6,1.3,1.2,3,0.1,2.9,3,0.5,0.3,0
54,11,1,19,0,1,3,0.5,5.5,0,4.5,4,0.5,0,0
54,12,1,4,0,0.2,0,0.6,0.6,0.1,0.8,1.3,0.2,0.2,0
54,24,1,3,0.2,0.3,0.2,0.4,0.5,0,0.7,0.2,0.1,0.4,0
54,25,1,2,0,0,0.3,0.1,0.2,0,0.4,1,0,0,0
54,31,1,1,0,0.1,0.1,0.1,0.3,0,0.1,0.1,0.1,0.1,0
54,32,1,1,0,0,0.1,0.1,0.2,0,0.2,0.3,0,0.1,0
54,33,2,7.5,0,0.4,0.6,1,1.6,0.2,0.6,2,0.5,0.6,0
54,35,1,18,0.4,0.8,0.7,1.6,3.7,0.1,2.7,6,0.8,1.2,0
54,36,3,46,0.5,4,2.1,5.1,11.9,0.1,6.4,9.2,3.1,3.6,0
54,37,2,33,0,1.3,1.3,4,4.2,1.2,7.2,7.5,0.2,6.1,0
54,38,1,4,0.1,0.3,0.3,0.8,0.6,0,0.4,1.4,0.1,0,0
54,40,3,40.5,3,2.6,3,7.6,6.8,0,5.3,9.5,1.4,1.3,0
54,42,0,77.5,1.5,10,2,16,18,3,4,14,6,3,0
54,43,1,206,14,14.9,5.4,34.9,33.7,4,28.4,41.9,12.9,15.9,0
54,44,1,6,0.4,0.4,0.2,1.3,0.7,0,1.1,1.5,0.2,0.2,0
54,45,2,5,0.2,0.8,0.7,0.5,0.8,0,0.7,0.6,0.4,0.3,0
54,52,1,7,0.1,0.9,0.6,0.8,1.7,0.1,1,1.1,0.6,0.1,0
54,53,6,139,4.2,18.7,10.2,15.1,32.9,2.8,19.8,22.8,9.9,2,0.6
54,54,4,31,1,5.4,2.7,3.4,6.8,0.4,6,3.1,1.3,0.5,0.4
54,55,2,3,0,0.5,0.2,0.3,0.6,0,0.6,0.6,0.2,0,0
54,56,4,17,0,2.9,1.2,1.3,5.3,0.5,1.5,1.9,1.9,0.5,0
54,57,1,1,0,0,0.2,0.2,0.2,0,0.2,0.1,0,0.1,0
54,59,5,131.5,5.1,10.1,8.8,23.4,31.1,3,19.1,14.6,6.9,9.4,0
54,60,1,6,0,1.1,0,0.6,1,0,0.9,1.6,0.7,0.1,0
54,61,3,120.5,5.2,7.7,2,25.4,18.8,2,13.2,33.3,6,6.9,0
54,62,2,31,0,2.6,5.7,2.2,7.9,0,6.5,3.6,1.1,1.4,0
54,63,2,6,0.1,0.6,0.8,0.7,1.5,0,1.1,1,0.1,0.1,0
54,66,2,5,0,0.2,0.7,0.3,1.5,0,0.7,1,0.3,0.3,0
54,68,5,190,9,20.4,9.1,35.6,43.8,4.4,22.3,21.4,14.9,9.1,0
54,69,1,54,0,3.5,7.3,7.8,12.1,1.2,4.5,12.5,3.1,2,0
54,70,2,16,0,1.3,0.7,2.2,2.8,0.5,1.9,6.3,0.3,0,0
54,72,2,10.5,0,2.3,0,2.5,1.9,0.3,1.3,1.6,0.3,0.3,0
54,79,4,83,0.6,6.9,1.6,9.9,15.8,1,20.3,17.6,5.2,4.1,0
54,84,1,9,0,0.6,1.3,0.9,1.3,0,2.4,1.5,0.2,0.8,0
54,86,4,141.5,6,20,6.6,24.4,29,5,15.7,23.3,9.8,1.7,0
54,88,1,18,0.4,1.3,1.7,1.3,5.4,0.4,2.9,3.4,0.8,0.4,0
54,100,2,13,0.7,0.7,0.8,1.9,3.3,0.3,1.6,2.7,0.5,0.5,0
54,101,5,50,2.6,1.6,1.4,5.2,9.4,0.4,9.7,15.5,1,3.2,0
54,102,2,7,0,0,0.5,1.3,1.4,0,0.7,2,1.1,0,0
54,103,1,2,0,0,0.1,0.4,0.4,0,0.2,0.6,0.3,0,0
54,104,2,12,0,0.1,1,2.3,2.1,0,1.2,3.5,1.6,0.2,0
54,113,0,24,1,1,1,5,4,0,6,5,1,0,0
54,114,3,95,3.4,8.6,7.1,10.3,23.1,3.5,13.2,13.4,8.1,4.3,0
54,115,2,9,0,1.2,1,0.7,3.1,0.2,1,0.8,0.6,0.4,0
54,116,4,36,1.4,0.8,2.4,7.4,5,1.9,6.4,8.8,1,0.9,0
54,117,5,193.5,9.1,13.6,9.4,37.4,30.3,5.7,20.3,41.5,13.5,12.7,0
54,118,6,67.5,2.5,3.8,3.8,8.8,11.7,1.2,10.8,17.3,3.3,4.3,0
54,119,3,30,1.5,2,0.8,5.8,4.7,0.6,5.5,5.5,2.9,0.7,0
54,120,1,4,0.2,0.3,0.1,0.8,0.6,0.1,0.7,0.7,0.4,0.1,0
54,122,3,7,0,1,0.1,0.9,1,0,1.5,1.6,0.5,0.4,0
54,123,4,36,0.1,5,0.4,4.9,5.3,0,7.4,8.1,2.7,2.1,0
54,124,1,2,0,0.3,0,0.3,0.3,0,0.5,0.4,0.1,0.1,0
54,125,1,2,0.1,0.3,0,0.1,0.4,0,0.1,0.6,0.1,0.3,0
54,127,4,38,1.8,3.3,2.7,4.5,7.5,0.9,6.8,6.4,2.5,1.6,0
60,1,1,2,0,0.2,0.3,0.3,0.5,0,0.1,0.4,0.2,0,0
60,8,1,9,0.2,1.5,1,0.5,3,0,0.7,1.3,0.5,0.3,0
60,9,2,5,0.1,0.4,0,0.6,0.5,0.1,1.1,1.9,0.3,0,0
60,13,1,1,0,0.1,0,0.1,0.1,0,0.2,0.4,0.1,0,0
60,14,2,11,0.3,0.8,0,1.5,1.1,0.3,2.3,4.1,0.6,0,0
60,18,1,2,0,0.2,0,0.2,0.3,0.1,0.3,0.5,0.1,0.3,0
60,24,1,2.5,0,0.1,0.2,0.3,0.5,0,0.4,0.7,0,0.3,0
60,37,3,41.5,0,5.7,3,4.3,11.1,0.4,4.3,7.7,3.3,1.7,0
60,38,2,35,0,4.8,2.5,3.6,9.4,0.3,3.6,6.4,2.9,1.5,0
60,40,1,2,0,0.1,0.1,0.7,0.4,0,0.6,0.1,0,0,0
60,41,1,5,0,0.3,0.3,1.7,0.9,0,1.5,0.3,0,0,0
60,43,2,3,0,0.3,0.3,0.1,0.6,0,0.8,0.9,0,0,0
60,44,1,3,0,0.3,0.3,0.1,0.5,0,0.8,1,0,0,0
60,45,1,1,0,0.1,0.1,0.2,0.2,0,0.1,0.1,0.1,0.1,0
60,54,4,13,0,1.3,1,1.6,4.5,0,2.3,1.6,0,0.7,0
60,55,1,1,0,0.2,0,0.2,0.2,0,0.1,0.1,0.1,0.1,0
60,56,1,1,0,0.2,0,0.2,0.2,0,0.1,0.1,0.1,0.1,0
60,57,2,1234.5,70.5,100.5,68,201.4,217.4,33,166,208.3,89,80.4,0
60,58,5,549,22.8,48.5,30.7,79,108.5,12.2,57,96.7,38,55.6,0
60,59,4,405.5,10.5,29.5,30,34.3,71.3,4.2,65.6,79.6,16.7,59.8,4
60,60,3,511.5,12,38,32.1,47.5,83.2,6.6,87.6,147.3,19.8,37.4,0
60,61,2,20,0,0,2.1,2.1,4.9,1.4,2.7,2.7,2,2.1,0
60,62,1,10,0.5,1.1,0.8,1.8,2.7,0.4,0.9,0.5,1,0.3,0
60,63,2,118,8.3,8.8,7.2,25.4,15.2,6.3,13.8,20.6,8.2,4.2,0
60,64,0,722.5,23,69,54,81,125,20,160,112,44.5,34,0
60,65,5,90,1.7,7.6,4.8,10.2,18,1.7,18.9,17.4,4.3,5.4,0
60,67,1,2,0.1,0.2,0.1,0.3,0.4,0.1,0.5,0.1,0.2,0,0
60,69,1,5,0.2,0.8,0.6,0.8,1.1,0,0.6,0.6,0,0.3,0
60,73,4,15,0.1,2.3,0.3,2.5,3.7,0.2,1.8,1.3,2,0.8,0
60,76,1,3,0.1,0.3,0.2,0.7,0.7,0.1,0.5,0.2,0.1,0.1,0
60,79,1,2,0,0.2,0.2,0,0.4,0.1,0.5,0.5,0,0.1,0
60,80,2,12,0,0.4,1.1,1.1,3.2,0,1.8,3.3,0.4,0.7,0
60,83,2,4,0,0.2,0.2,0.4,1,0,0.8,1,0,0.4,0
60,87,1,4,0.3,0.3,0.1,1.1,0.6,0,0.6,0.6,0.4,0,0
60,88,3,51.5,1.1,5.8,4.1,6.7,11.2,0,7.5,11.2,3.3,0.6,0
60,89,3,81.5,1.2,3.5,6.4,11.8,14.2,1,16.4,14.6,2.2,10.2,0
60,90,1,1,0,0.1,0.1,0.1,0.3,0,0.2,0.2,0,0,0
60,91,1,1,0,0.1,0.1,0.1,0.3,0,0.2,0.2,0,0,0
60,93,1,2,0,0.1,0,0.3,0.3,0.1,0.3,0.6,0.1,0.2,0
60,95,3,21,0.6,2.6,0.9,2.6,4.5,0.3,3.3,3.3,2.2,0.7,0
60,96,5,22,0.6,2.8,0.9,2.8,4.6,0.2,3.5,3.5,2.3,0.8,0
60,112,2,8,0,1.2,0.4,1,1.6,0.8,1,1.6,0.4,0,0
60,113,3,8,0,1.2,0.4,0.9,1.6,0.8,1.1,1.6,0.4,0,0
60,114,2,16,0.8,0.4,0.8,3.1,2.3,0.4,3.5,1.9,1.9,0.9,0
60,115,4,13.5,0.6,2.4,0.7,2.1,1.4,0.1,1.8,1.9,1.2,1.3,0
60,116,2,10,0.6,2,0.6,1.4,1,0,1.2,1.4,0.8,1,0
60,117,1,2,0.1,0.4,0.1,0.3,0.2,0,0.2,0.3,0.2,0.2,0
60,121,1,4,0.3,0.4,0.2,0.7,1,0.2,0.4,0.3,0,0.5,0
60,124,1,2,0.1,0,0,0.3,0.3,0,0.2,0.9,0.1,0.1,0
60,125,4,369.5,11,22.3,7.2,45.9,55.1,6,44.1,122,25.6,30.3,0
60,126,2,60,0.4,5.3,3.1,7.3,8.4,1,9.3,16.6,2.5,6.1,0
60,127,3,112.5,3.5,10,3.3,16.8,24.1,3.6,7,26.4,13,4.8,0
61,9,4,147,7.3,18.4,9.2,9.4,28.4,4.1,20.4,27.5,6.7,15.6,0
61,10,5,18,0.3,1.2,0.8,1.2,3.6,0.2,4.4,5.2,0.6,0.5,0
61,11,1,3,0.1,0.2,0,0.4,0.3,0.1,0.6,1.1,0.2,0,0
61,12,1,1,0,0.1,0,0,0.1,0,0.3,0.4,0,0.1,0
61,13,1,3,0,0.2,0,0.1,0.4,0.1,0.8,1.1,0,0.3,0
61,18,1,2,0,0.2,0,0.2,0.3,0.1,0.3,0.5,0.1,0.3,0
61,19,1,4,0,0,0,0.6,0.2,0,0.7,1.3,0.3,0.9,0
61,23,1,1,0,0,0.1,0.1,0.2,0,0.2,0.3,0,0.1,0
61,33,1,2,0.1,0.1,0.1,0.4,0.3,0,0.3,0.5,0.1,0.1,0
61,35,1,3,0,0.4,0.2,0.3,0.8,0,0.3,0.6,0.3,0.1,0
61,37,2,14,0.2,1.2,1,3,3,0.1,1.9,2.6,0.6,0.4,0
61,38,2,114.5,1.6,11.1,9.1,27.9,19.4,2.1,11.5,22,6,3.8,0
61,40,1,1,0,0,0.1,0.3,0.2,0,0.3,0.1,0,0,0
61,41,1,8,0,0.5,0.5,2.8,1.4,0,2.3,0.5,0,0,0
61,42,1,4,0,0.4,0.4,0.2,0.7,0,1.1,1.2,0,0,0
61,51,1,2,0.1,0.2,0.2,0.2,0.3,0,0.5,0.3,0.1,0.1,0
61,52,1,2,0.1,0,0.1,0.3,0.2,0,0.5,0.6,0.1,0.1,0
61,53,2,82,1.4,5.7,11.6,5.7,14.3,0.7,23.3,14.4,1.7,3.2,0
61,54,1,1,0,0.1,0.1,0.1,0.1,0,0.2,0.2,0.1,0.1,0
61,55,3,8,0.4,0.8,0.5,0.9,2.1,0,0.9,1.5,0.7,0.2,0
61,56,6,23,1.1,2.4,1.2,2.8,5.7,0,2.7,4,2.3,0.8,0
61,57,2,1178,43.5,106,82,160,233,21,168,219,47.5,96,2
61,58,1,1516.5,48,109,112.4,250.8,298.4,26.1,207.7,262.3,81.1,120.7,0
61,59,0,1294.5,57.5,108,90,217,249,23,157,207,85,101,0
61,60,0,1510.5,69,171.5,85,193,279,34,213,225,103,137,1
61,61,2,12,0.4,0.7,1.3,1.9,2.3,0.2,1.7,1.5,1.3,0.7,0
61,64,2,8,0.1,0.4,0.6,0.8,2.1,0.1,1.6,1.7,0.3,0.3,0
61,65,2,5,0.1,0.3,0.4,0.6,1.2,0.1,1,0.9,0.2,0.2,0
61,71,1,1,0,0.1,0.1,0,0.3,0,0.1,0.3,0,0.1,0
61,73,1,1,0,0.2,0.1,0.2,0.2,0,0.1,0.1,0,0.1,0
61,77,1,2,0,0.4,0.2,0.2,0.5,0,0.3,0.3,0,0.1,0
61,78,1,1,0,0.2,0.1,0.1,0.2,0,0.2,0.2,0,0,0
61,81,1,4,0,0.8,0.4,0.4,1,0,0.6,0.6,0.1,0.1,0
61,83,1,4,0,0.3,0.3,0.4,1,0,0.7,1,0,0.3,0
61,84,1,3,0,0.2,0.2,0.3,0.8,0,0.5,0.8,0,0.2,0
61,90,1,2,0.1,0.2,0.1,0.2,0.5,0,0.3,0.4,0.1,0.1,0
61,97,1,4,0.4,0.4,0.1,0.5,0.8,0.1,0.7,0.8,0.2,0,0
61,99,2,4,0,0.4,0.1,0.1,0.8,0,0.8,1.5,0,0.3,0
61,106,1,2,0,0,0.1,0.2,0.2,0,0.3,0.9,0,0.3,0
61,111,3,50,2.3,3.7,3.6,5.2,9.7,0.7,9.7,10,0.7,4.4,0
61,112,1,6,0.1,1,0.5,0.6,1.3,0,0.9,1.2,0.2,0.2,0
61,114,1,39.5,1.3,1.2,0.3,9.4,4,1.2,8.5,7.9,4.4,1.3,0
61,115,3,9,0.1,0.8,0.3,0.9,2.2,0.4,1.9,0.9,0.6,0.9,0
61,117,1,3,0.1,0.6,0.2,0.4,0.3,0,0.4,0.4,0.3,0.3,0
61,123,1,16.5,0.4,1.5,0.8,2.7,2.9,0,2.3,2.5,1.8,1.6,0
61,125,3,13,0.3,1,0.5,2.1,2.3,0,1.8,2.6,1.2,1.2,0
61,126,6,122,0.5,11.7,5.9,12.3,21.6,3.2,25.2,28.7,7,5.9,0
61,127,7,112.5,0.8,15,7.6,13.2,27.7,1.8,15.1,20.7,5.6,5,0
58,0,1,13,0,1.3,1.8,1.8,3.6,0,0.5,2.7,1.3,0,0
58,1,1,1,0,0.1,0.1,0.2,0.3,0,0,0.2,0.1,0,0
58,9,1,1,0,0.1,0,0.1,0.1,0,0.2,0.4,0.1,0,0
58,12,1,1,0,0.1,0,0.1,0.1,0,0.2,0.4,0.1,0,0
58,16,2,2,0,0.2,0,0.2,0.4,0,0.4,0.6,0,0.2,0
58,20,1,3,0,0.3,0,0.4,0.5,0.1,0.5,0.7,0.1,0.4,0
58,24,1,2,0,0.1,0.1,0.2,0.4,0,0.4,0.5,0,0.3,0
58,25,2,15,0,0.7,0.9,1.8,3.1,0,2.7,4,0,1.8,0
58,26,2,5,0,0.2,0.3,0.6,1,0,0.9,1.3,0,0.7,0
58,33,2,12,0.4,0.8,0.8,2.3,1.8,0.2,1.8,2.7,0.8,0.4,0
58,38,1,2,0,0.3,0.1,0.2,0.5,0,0.2,0.4,0.2,0.1,0
58,42,6,80.5,0.8,8.5,8.1,6.3,22.5,1.1,14.4,12.6,1.7,4.5,0
58,45,4,203.5,5.1,11.6,14.9,24.3,38.7,1.5,31.4,51.5,12.9,11.6,0
58,46,2,317,11.4,32,23.9,47.5,70.1,7.6,33.7,47.7,28.1,15,0
58,47,1,7,0.1,0.5,0.3,1.2,1.4,0.2,1,1,0.9,0.4,0
58,49,2,71,4.5,4.5,4.5,15,8.5,1.4,11.6,12,3.5,5.5,0
58,50,4,426.5,11.4,39.2,39.3,62,99.8,4,71,55.9,19.6,24.3,0
58,51,3,165.5,7.4,15.5,14.9,28.4,38.1,3.3,16.6,20.6,14.7,6,0
58,52,1,10,0,1.1,0.9,1.1,3.4,0,1.7,1.2,0,0.6,0
58,54,1,6,0.2,1.1,0,1.5,0.7,0.2,1.3,0.4,0.2,0.4,0
58,55,4,436.5,22.3,26,16.7,72.2,78.9,7.5,51.4,101.4,25.1,35,0
58,56,0,215.5,3,12,8.5,26,32,6,50,51,8,19,0
58,57,6,18,0.8,0.3,1,2.6,3.6,0.3,1,5.1,0.6,2.7,0
58,58,3,19,0.6,0.8,1.7,2.2,4,0.4,2.1,4.7,0.6,1.9,0
58,59,5,122,3.2,12.3,9.7,16.5,28.6,2.6,24.7,14.7,6.7,3,0
58,60,5,178,0.3,23.8,18.5,13.6,40.1,1.8,41,32.1,2.8,4,0
58,61,2,24,0,2.8,1.2,3.3,4.3,0.3,3.9,7,0.9,0.3,0
58,62,4,106.5,2.6,12,6.6,16.7,32,3.3,7.3,12.1,11.5,2.4,0
58,63,1,1,0,0.1,0.1,0.2,0.2,0,0.2,0.2,0,0,0
58,64,3,365.5,17.1,37.8,27.2,94.4,68.4,14.5,37.8,29.2,31,8.1,0
58,65,4,155.5,8.7,8,2.1,27.5,28.3,3,18.1,41,10.5,8.3,0
58,67,3,20,0.8,2.1,0.8,3.4,3.9,0.8,4.7,1,2.5,0,0
58,69,3,14,0.4,2.2,1.7,2.2,3.1,0,1.7,1.7,0,1,0
58,73,1,1,0,0,0,0.1,0.1,0,0.3,0.3,0.1,0.1,0
58,74,2,20,0.3,1.3,1,2.4,2,0,3.7,7.7,0.3,1.3,0
58,75,6,141,6,9.4,9,29,35,3.4,19.4,17.8,9.2,2.8,0
58,76,1,14,0.7,1.3,0.9,3.1,3.1,0.5,2.3,1,0.7,0.4,0
58,79,3,16,0,1.8,1.8,0.3,3.2,0.8,3.5,3.5,0.3,0.8,0
58,80,3,20,0,2.2,2.2,0.4,4,0.8,4.5,4.6,0.4,0.9,0
58,81,1,2,0,0.2,0.1,0,0.4,0,0.4,0.7,0,0.2,0
58,85,1,7,0.4,0.4,0.2,2,1.1,0,1.1,1.1,0.7,0,0
58,86,1,5,0.3,0.3,0.1,1.4,0.8,0,0.8,0.8,0.5,0,0
58,87,2,31,0.8,5,3.3,0.8,8.4,1.7,5.1,5.1,0,0.8,0
58,94,2,6,0,0.4,0,1,0.8,0.4,0.8,1.8,0.2,0.6,0
58,95,4,43,2.4,3.7,0.8,6.2,7.2,1.8,6.5,10.3,2.1,2,0
58,114,6,111.5,4.1,12,3.1,20.3,25.4,2.2,15.2,16.5,5.5,7.2,0
58,115,3,48.5,0.6,2.8,3,4.1,6.7,0.8,5.2,19.1,1.9,4.3,0
58,116,4,49,0.5,4.1,4.1,4.2,9.6,0.9,10.5,9.2,3.2,2.7,0
58,117,4,43,2.2,2,0.6,7.1,5,0.6,10.6,7.1,3.3,4.5,0
58,118,4,72,2.7,6.2,4.6,8.5,13.2,0.5,22,5.6,4.1,4.6,0
58,119,3,207,4.3,23.5,9.2,36.4,39,4.4,21.5,35.6,14.9,18.2,0
58,120,6,214,7.7,15.2,9.8,31,41.2,6.8,32.5,39,10.8,20,0
58,124,1,3,0,0.3,0.2,0.4,0.3,0,0.5,0.8,0.3,0.2,0
58,125,3,312,13.7,15,26.1,73.2,44.1,3,64.6,47.5,14.7,10.1,0
58,126,5,147,4.7,10.2,12,20.7,32.4,6.5,20.9,20.6,11.7,7.3,0
58,127,2,14,0.6,1.2,0.8,2.9,1.6,0.6,1.2,3.7,0.8,0.6,0
59,0,2,7,0,0.7,1,1,2,0,0.2,1.4,0.7,0,0
59,7,1,1,0,0.2,0.1,0.1,0.3,0,0.1,0.1,0.1,0,0
59,8,1,2,0,0.2,0,0.3,0.2,0.1,0.4,0.7,0.1,0,0
59,10,1,1,0,0.1,0,0.1,0.1,0,0.2,0.4,0.1,0,0
59,13,1,1,0,0.1,0,0.1,0.1,0,0.2,0.4,0.1,0,0
59,14,1,1,0,0.1,0,0.1,0.1,0,0.2,0.4,0.1,0,0
59,16,1,3,0,0.3,0,0.4,0.5,0.1,0.5,0.7,0.1,0.4,0
59,21,4,12,0,1.2,0,1.5,1.9,0.5,1.9,2.8,0.5,1.7,0
59,22,2,2,0,0,0.2,0.2,0.4,0,0.4,0.6,0,0.2,0
59,32,1,2,0.1,0.1,0.1,0.4,0.3,0,0.3,0.5,0.1,0.1,0
59,34,1,5,0.2,0.3,0.3,0.9,0.8,0.1,0.8,1.1,0.3,0.2,0
59,36,1,6,0,0.8,0.4,0.6,1.6,0.1,0.6,1.1,0.5,0.3,0
59,40,1,1,0,0,0.1,0.3,0.2,0,0.3,0.1,0,0,0
59,43,2,9,0.1,0.9,0.9,0.7,2.5,0.2,1.6,1.4,0.2,0.5,0
59,44,1,1,0,0.1,0.1,0,0.2,0,0.3,0.3,0,0,0
59,46,1,22,0.4,1.6,1.1,3.8,4.5,0.6,3,3,2.9,1.1,0
59,49,1,54.5,5.1,5.2,4.7,9.2,12.3,1,6.5,4.3,2.1,4.1,0
59,50,0,58,1,4,3.5,12,10,1,9,10,5.5,2,0
59,52,2,10,0,1.1,0.9,1.1,3.4,0,1.8,1.1,0,0.6,0
59,53,1,2,0,0.2,0.2,0.2,0.7,0,0.4,0.2,0,0.1,0
59,55,2,220,2,21.2,18.2,28.3,47.3,1.8,22.3,47.3,12.8,18.8,0
59,56,3,900.5,36.9,86.9,46.9,147.3,136.4,22.8,91.6,151.7,68.4,110.6,1
59,57,1,1446.5,69.6,142,88.1,211.3,259.4,38,182.1,224.6,112.1,118.3,1
59,58,6,109,3.3,8.7,7.6,11.3,21.3,0.8,11.2,22.1,5.4,17.3,0
59,59,5,29.5,0.1,2,2.9,2.6,6,0.5,6.1,7.1,0.5,1.7,0
59,60,3,216,7.2,19.7,15.4,25.4,43.9,2.7,33.9,41.7,11.3,14.8,0
59,61,1,1,0,0,0.1,0.1,0.3,0.1,0.1,0.1,0.1,0.1,0
59,62,1,1.5,0.1,0.2,0.1,0.3,0.4,0.1,0.1,0.1,0.1,0,0
59,63,3,6,0.1,0.4,0.5,0.9,1.4,0.1,1.1,1.2,0.1,0.2,0
59,64,1,831.5,34,67.6,47.7,134.2,153.5,20,116.4,154.4,39.6,62.1,2
59,65,3,148,5,10,6.9,29.3,31.5,5.3,15.5,20.1,16,8.4,0
59,68,1,4,0.1,0.6,0.5,0.6,0.9,0,0.5,0.5,0,0.3,0
59,70,1,5,0.2,0.8,0.6,0.8,1.1,0,0.6,0.6,0,0.3,0
59,73,3,197,2.9,21.1,6.2,33.4,35.2,1.7,33,34.3,8,21.2,0
59,74,5,35,0.6,2.4,1.7,4,3.5,0,6.4,13.4,0.6,2.4,0
59,75,1,2,0,0.1,0.1,0.3,0.2,0,0.4,0.8,0,0.1,0
59,76,1,1,0,0.1,0.1,0.2,0.2,0,0.2,0.1,0.1,0,0
59,78,1,1,0,0.1,0.1,0.2,0.2,0,0.2,0.1,0.1,0,0
59,79,2,2,0,0.2,0.2,0,0.4,0.2,0.4,0.4,0,0.2,0
59,80,4,98.5,4,10.3,7,8.6,23.7,0.3,14.7,22.4,3.2,4.3,0
59,81,5,207.5,7,19.2,10.4,19.4,49.6,0,29.4,45.7,12,14.8,0
59,83,3,18,0,1.3,1.3,1.8,4.5,0,3.2,4.5,0,1.4,0
59,85,1,2,0.1,0.1,0.1,0.6,0.3,0,0.3,0.3,0.2,0,0
59,86,1,2,0.1,0.1,0.1,0.6,0.3,0,0.3,0.3,0.2,0,0
59,87,1,3,0.1,0.5,0.3,0.1,0.8,0.1,0.5,0.5,0,0.1,0
59,88,3,8,0.4,0.8,0.5,1.5,1.5,0.1,1.3,1.3,0.5,0.1,0
59,91,1,2,0.1,0.2,0.1,0.2,0.5,0,0.3,0.4,0.1,0.1,0
59,93,1,1,0,0.1,0,0.2,0.1,0.1,0.1,0.3,0,0.1,0
59,94,2,36,1,0.7,2.1,5.3,5.8,1.7,6.8,7.8,0.5,4.3,0
59,95,7,62,1.8,5.5,1.6,9.2,10.8,2.3,9.1,14,4.1,3.6,0
59,111,2,4,0.1,0.7,0.3,0.4,0.9,0,0.6,0.8,0.1,0.1,0
59,112,3,85,4.3,8.9,7.6,15.8,15.9,1.7,13.8,6.7,3,7.3,0
59,113,5,26,0.6,2.6,1.5,4.1,4.9,1.5,3.8,4.2,2.2,0.6,0
59,114,2,108.5,7.3,13.2,4.2,24.1,21.1,5.3,7.4,12.8,9.8,3.3,0
59,115,2,308.5,11.8,28.7,25.5,35.8,64.7,6.9,58.5,34.1,28,14.5,0
59,116,3,79.5,3.2,7.2,1.7,13.8,13.9,1.8,10.2,14.8,4.8,8.1,0
59,117,3,6,0.3,0.6,0.1,0.9,0.8,0,1.2,0.9,0.6,0.6,0
59,118,1,7,0.4,0.3,0.1,1.2,0.8,0.1,1.7,1.2,0.5,0.7,0
59,119,1,2,0,0.2,0.1,0.4,0.3,0.1,0.2,0.4,0.1,0.2,0
59,124,2,7,0,0.6,0.4,1.1,0.7,0,1.3,1.9,0.6,0.4,0
59,125,3,332,14.3,26.7,22.4,41.4,63.1,6.1,47,61.3,16.2,33.5,0
59,126,4,235,4.6,15.1,19.3,33.6,40.4,3,40.7,50.8,6.5,21,0
59,127,4,41,1.3,3.8,2.1,7.6,5.8,1.3,3,11.3,2.4,2.4,0
62,2,1,6,0.2,1,0.7,0.3,2,0,0.5,0.8,0.3,0.2,0
62,9,4,24,0.5,1.3,1.7,0.8,5.7,0,6.1,6.6,0.5,0.8,0
62,14,1,2,0,0.1,0,0.1,0.3,0.1,0.5,0.7,0,0.2,0
62,15,4,19.5,0,1.4,0,1.1,2.7,0.9,4.9,6.6,0.1,1.8,0
62,18,4,15,0,0.3,0,2.1,0.9,0.1,2.7,4.8,1,3.1,0
62,19,1,36,0,1,1,4.2,4.3,0,4.5,14.6,1.6,4.8,0
62,21,2,3,0,0,0,0.5,0.1,0,0.6,1,0.2,0.6,0
62,22,1,2,0,0.1,0.1,0.2,0.4,0,0.4,0.5,0,0.3,0
62,24,1,4,0,0.2,0.2,0.5,0.8,0,0.7,1.1,0,0.5,0
62,37,1,1,0,0.1,0.1,0.3,0.2,0,0.1,0.2,0,0,0
62,40,1,1,0,0.1,0.1,0,0.3,0,0.2,0.3,0,0,0
62,41,2,6,0,0.9,0.4,0,1.5,0,0.9,1.8,0.2,0.3,0
62,51,1,3,0,0.2,0.2,0.3,0.7,0.1,0.8,0.4,0,0.3,0
62,52,5,50,1.8,1,3.3,6.2,4.2,1,12.3,15,2.3,2.9,0
62,53,3,65,0.6,2.3,3,8,9.4,0.3,19.9,14.8,2.8,3.9,0
62,54,2,8,0.3,0.7,1.1,0.8,1,0,1.8,1.6,0.3,0.4,0
62,55,5,17,0.9,1.7,1.1,2,4,0,2.2,3.1,1.5,0.5,0
62,56,6,66,1.6,4.5,2.6,8.5,14.8,1.5,11.7,13.3,4.6,2.9,0
62,57,0,2206,75.5,124.5,191.5,421,411,37,322,387,78.5,158,0
62,58,0,2261.5,83.5,148.5,221,477,409,41.5,285,324,114,150,8
62,59,2,1264,56.5,118,92,224,225,26,158,187,87.5,90,0
62,60,1,1571,64,117.2,114.5,261.7,269.3,31.7,246,274.3,91,101.3,0
62,61,1,60,3.1,4.1,8.2,9.3,10.4,0,15.3,5.3,3.2,1.1,0
62,62,1,10,0.2,1,0.5,0.7,2.8,0,1.3,2.3,1.2,0,0
62,65,4,56.5,0.4,6.2,1.6,2.7,15.1,0,5.2,19.2,4.1,2,0
62,66,4,64.5,1.3,6.7,3.4,5.4,14.1,0,8.8,20.4,4.4,0,0
62,67,1,4,0.1,0.6,0.2,0.2,1.2,0,0.4,1,0.3,0,0
62,71,1,2,0,0.2,0.2,0.1,0.6,0,0.2,0.5,0.1,0.1,0
62,77,1,1,0,0.2,0.1,0.1,0.2,0,0.2,0.2,0,0,0
62,78,1,4,0,0.8,0.4,0.4,1,0,0.6,0.6,0.1,0.1,0
62,83,1,1,0,0.1,0.1,0.1,0.2,0,0.2,0.2,0,0.1,0
62,86,1,3,0,0.2,0.2,0.3,0.8,0,0.5,0.8,0,0.2,0
62,88,1,3,0.1,0,0,0.4,0.3,0.2,0.7,1.1,0,0.2,0
62,97,6,30,0,2.8,1.3,1.3,6.3,0,5.6,10.6,0,2.1,0
62,98,3,6,0,0.6,0.2,0.2,1.2,0,1.2,2.2,0,0.4,0
62,102,2,10,0,0,0.5,1.3,1,0,1.3,4.5,0,1.4,0
62,106,1,2,0,0,0.1,0.2,0.2,0,0.3,0.9,0,0.3,0
62,108,1,2,0,0,0.1,0.2,0.2,0,0.3,0.9,0,0.3,0
62,110,3,52,1.1,3.4,6.8,5.5,14,0.1,4,10.3,2.1,4.7,0
62,111,4,38,0.6,1.1,2.9,2.3,8.1,1.1,8.1,5.2,1.1,7.5,0
62,112,2,3,0,0.5,0.3,0.3,0.6,0,0.5,0.6,0.1,0.1,0
62,113,7,51,1.5,6.5,4.4,8.4,8.8,0,8.8,8.7,1.9,2,0
62,114,5,80.5,1.9,6.4,7.5,15.5,8.3,0,22.6,12,2.4,3.9,0
62,115,2,150.5,1,12.4,3.8,18.6,33,5,33.5,24.4,10.6,8.2,0
62,118,2,7,0,0,0.3,0.3,1,0,1.5,2.1,0,1.8,0
62,119,1,4,0,0,0.2,0.2,0.5,0,0.9,1.2,0,1,0
62,120,1,2,0,0,0.1,0.1,0.3,0,0.4,0.6,0,0.5,0
62,123,1,61.5,2.1,9.3,3.6,8.5,14.5,1,3.4,9.5,7.3,2.3,0
62,124,5,54,1.3,4.9,2.5,9,9.6,0,7.6,8.3,5.8,5,0
62,125,1,3,0,0.3,0,0.4,0.4,0,0.9,0.8,0.1,0.1,0
62,126,3,9,0,0.9,0.1,1.1,1.2,0.1,2.7,2.3,0.3,0.3,0
62,127,1,2,0,0.3,0.2,0.2,0.6,0,0.4,0.2,0.1,0,0
112,11,1,3,0,0.2,0.2,0.3,1,0,0.3,0.5,0.2,0.3,0
112,17,1,2,0.1,0,0.1,0.2,0.5,0,0.3,0.6,0.1,0.1,0
112,21,1,2,0.1,0,0.1,0.2,0.5,0,0.3,0.6,0.1,0.1,0
112,32,2,5,0.1,0.3,0.4,0.4,1,0,1,1.3,0.2,0.3,0
112,33,1,2,0,0.1,0.2,0.2,0.4,0,0.4,0.5,0.1,0.1,0
112,34,3,32,0.8,2.1,2.4,2.4,6.6,0,6.6,8.1,1.3,1.7,0
112,40,3,381.5,9.7,27.7,17.8,57.3,69.3,7.6,47,98.3,13.9,32.9,0
112,41,2,213,8.7,8.2,7.5,31.2,29.3,6.7,43.5,52.4,11.7,13.8,0
112,42,2,7,0.3,0.7,0.6,0.9,1.4,0.3,0.9,0.9,0.7,0.3,0
112,47,2,89,1.3,10.5,7.5,9,18.1,2.2,14.9,17.7,5.8,2,0
112,48,3,54,1.5,4.6,5.4,7.6,9.4,1.2,10.8,10.5,3,0,0
112,49,2,14,0.5,0.5,0.8,2.7,1.7,0.8,3.5,2.7,0.8,0,0
112,55,1,4,0.1,0,0.3,0.2,0.5,0,1.5,1.2,0.1,0.1,0
112,62,2,14,0.6,1.7,1.1,2.2,2.2,0,2.3,2.8,1.1,0,0
112,63,1,11,0.4,1.3,0.9,1.7,1.8,0,1.8,2.2,0.9,0,0
112,64,0,49.5,1,2.5,2,3,6,0,4,25,2,4,0
112,65,1,3,0.2,0.5,0.2,0.1,1,0.1,0.1,0.5,0.3,0,0
112,69,2,8,0.2,0.2,0.4,1.2,0.9,0.2,1.7,2.2,0.2,0.8,0
112,76,1,1,0.1,0.1,0,0.3,0.1,0,0.3,0.1,0,0,0
112,83,1,1,0,0,0,0.1,0.1,0,0.4,0.4,0,0,0
112,96,2,17,0,0.5,0.9,0.9,3.7,0.5,1.8,6.4,0,2.3,0
112,99,1,2,0,0.2,0.1,0.1,0.5,0,0.1,0.4,0.1,0.5,0
112,102,1,3,0,0,0,0.6,0.2,0,0.3,1.3,0.3,0.3,0
112,103,1,4,0.1,0.2,0.3,0.9,0.7,0.2,0.4,0.7,0.3,0.2,0
112,105,2,6,0.2,0.2,0.3,1.1,1.1,0.1,1,1.6,0.2,0.2,0
112,112,1,1,0,0.1,0,0.1,0.1,0,0.3,0.3,0,0.1,0
112,113,2,3,0,0.2,0.1,0.3,0.3,0,0.9,0.9,0,0.3,0
112,116,2,2,0,0.2,0.2,0,0.4,0,0.2,0.6,0,0.4,0
112,123,1,6,0.2,0.3,0.1,0.7,0.9,0.2,0.9,1.4,0.4,0.9,0
112,127,4,38,0.9,3.3,0,8,8.1,2.4,3.9,8.1,0.9,2.4,0
4,2,1,1,0,0.1,0.1,0.1,0.2,0,0.1,0.3,0,0.1,0
4,6,1,13.5,0,1.1,1.7,1.3,2.6,0,3.4,3,0.4,0,0
4,8,3,5,0.3,0.1,0.3,0.8,0.4,0,1,1.5,0.3,0.3,0
4,9,1,10.5,1.1,0.9,0.8,2.4,1.3,0,1.4,0.8,0.7,1.1,0
4,10,2,4,0.2,0.4,0.3,0.7,0.7,0,0.6,0.5,0.2,0.4,0
4,15,2,4,0.1,0.3,0.2,0.9,0.6,0.1,0.9,0.6,0.1,0.2,0
4,16,1,2,0,0.2,0.1,0.3,0.3,0,0.3,0.7,0,0.1,0
4,26,1,2,0,0.1,0.1,0.4,0.3,0,0.5,0.5,0.1,0,0
4,28,1,2,0,0.1,0.1,0.4,0.3,0,0.5,0.5,0.1,0,0
4,29,1,3,0.1,0.4,0.3,0.6,0.6,0.1,0.4,0.2,0.2,0.1,0
4,31,3,4,0.3,0.3,0.3,0.6,0.8,0.1,0.5,0.8,0.2,0.1,0
4,32,1,5,0.2,0.6,0.3,0.6,1.2,0.1,0.2,1.5,0.2,0.1,0
4,33,2,3,0,0.1,0.3,0.3,0.5,0,0.5,1.1,0,0.2,0
4,37,1,25,0.2,2.2,0,4.2,4.5,0.3,5.3,6.9,1.2,0.2,0
4,38,4,29,1.1,2.1,0.3,3.9,4.4,1.5,3.4,8.3,1.8,2.2,0
4,45,1,2,0,0.1,0.1,0.3,0.6,0,0.2,0.6,0,0.1,0
4,53,1,2,0.1,0,0.1,0.2,0.4,0,0.5,0.6,0,0.1,0
4,56,1,1,0,0.1,0,0.2,0.2,0,0.2,0.1,0.1,0.1,0
4,59,1,4,0.3,0.4,0.3,0.5,1.2,0,0.5,0.8,0,0,0
4,63,1,1,0,0,0.1,0.1,0.3,0,0.1,0.2,0.1,0.1,0
4,65,2,6,0,0.4,0.6,0.5,0.9,0.2,1.4,1.3,0.1,0.6,0
4,69,2,4,0,0.1,0.3,0.1,1.1,0,0.4,1.6,0,0.4,0
4,70,2,5,0.1,0.3,0.4,0.4,0.9,0,1.1,1.3,0.2,0.3,0
4,71,2,10,0,0.4,0.8,0.5,2.6,0,0.9,3.9,0,0.9,0
4,75,1,4,0.1,0.3,0.4,0.5,0.5,0,1.1,0.7,0.3,0.1,0
4,76,1,2,0.1,0.2,0.1,0.4,0.4,0.1,0.2,0.3,0.2,0,0
4,77,3,8,0.4,0.8,0.4,1,1.2,0.1,2.1,1.3,0.6,0.1,0
4,81,1,7,0.4,0.8,0.6,0.5,1.4,0.2,1.1,0.9,0.5,0.5,0.1
4,82,1,7,0.2,0.3,0.3,1,1.1,0.1,1.2,2.6,0.2,0,0
4,83,1,3,0,0.2,0.3,0.5,0.8,0.1,0.6,0.2,0.3,0,0
4,84,1,6,0.1,0.5,0.6,1,1.6,0.1,1.2,0.4,0.5,0,0
4,87,1,2,0.1,0.2,0,0.3,0.6,0,0.3,0.3,0,0.2,0
4,88,2,7,0,0.5,0.2,1,1.7,0,0.7,2.2,0.5,0.2,0
4,89,1,1,0,0.1,0,0.1,0.3,0,0.1,0.2,0.1,0.1,0
4,90,2,5,0,0.4,0.1,0.7,1.3,0,0.4,1.4,0.5,0.2,0
4,91,1,2,0,0.1,0.1,0.3,0.5,0,0.2,0.6,0.1,0.1,0
4,92,1,4,0.3,0.3,0.3,0.5,0.7,0.3,0.5,0.5,0.2,0.4,0
4,93,1,2,0.1,0.2,0.1,0.2,0.4,0.1,0.3,0.4,0.1,0.1,0
4,94,6,125,7.1,14.3,8.3,14.7,26.8,2.6,22.4,19.5,5.4,3.9,0
4,95,5,41,2,4.3,1.9,4.2,8.3,1.4,6.8,7.5,2.1,2.5,0
4,96,1,2,0.1,0.1,0,0.4,0.4,0,0.3,0.4,0.1,0.2,0
4,97,1,2,0.1,0.1,0,0.4,0.4,0,0.3,0.4,0.1,0.2,0
4,99,2,2,0.1,0.1,0.2,0.3,0.4,0,0.2,0.4,0.2,0.1,0
4,100,3,18,0.3,1.5,1.5,1.7,4.5,0.6,2.1,3.3,2.3,0.2,0
4,101,1,4,0.3,0.2,0.5,0.7,0.4,0.1,0.6,0.7,0.3,0.2,0
4,102,1,2,0,0.1,0.3,0.1,0.4,0,0.3,0.5,0.1,0.2,0
4,103,1,2,0,0.1,0.3,0.1,0.4,0,0.3,0.5,0.1,0.2,0
4,104,3,7,0.5,0.5,0.5,0.6,1.4,0.2,0.7,1.4,0.2,1,0
4,105,1,3,0.2,0.2,0.2,0.2,0.6,0.1,0.3,0.7,0.1,0.4,0
4,106,1,2,0,0,0.1,0.3,0.2,0.1,0.2,0.8,0,0.3,0
4,107,3,67,4.8,5.4,1.9,11.1,9.7,0.7,8.4,17.9,1.9,5.2,0
4,108,2,185,6.3,18.1,9.7,37.2,41,1.5,15.1,33.5,13.1,9.5,0
4,109,2,4,0.2,0.6,0.4,0.8,1,0.2,0,0.8,0,0,0
4,110,2,6,0.1,0.5,0.7,0.4,1.9,0,0.9,1,0.1,0.4,0
4,111,1,1,0,0.1,0.1,0,0.3,0,0.2,0.2,0,0.1,0
4,112,1,3,0.2,0.2,0.2,0.8,0.2,0,0.7,0.3,0.1,0.3,0
4,113,3,6,0.6,0.3,0.3,1.5,0.3,0,1.5,0.6,0.3,0.6,0
4,114,1,2,0.1,0.2,0,0.2,0.5,0,0.3,0.4,0.1,0.2,0
4,115,2,5,0,0.2,0,0.5,1.3,0,0.5,1.3,0.5,0.7,0
4,116,1,1,0,0.1,0,0.1,0.2,0,0.3,0.1,0.1,0.1,0
4,117,3,6,0.2,0.4,0.3,0.4,1.4,0,1.1,1.5,0.3,0.4,0
4,118,2,5,0,0.4,0.1,0.4,1,0.1,1.2,0.9,0.4,0.5,0
4,119,3,140.5,9.1,8.1,11.1,32.9,35.1,5.8,20.8,6.9,8.8,1.9,0
4,120,4,99,4.3,9.3,7.6,16,28,0.4,12.5,7.5,9,4.4,0
4,121,2,12,0.4,0.8,1.3,1.9,2.4,0,2.8,1.7,0.2,0.5,0
4,122,1,6,0.2,0.4,0.2,0.5,0.4,0,2,1.7,0,0.6,0
4,123,3,17,0.8,1.2,0.5,1.8,1.8,0.1,4.8,4.1,0.3,1.6,0
4,124,2,6,0.4,0.5,0.1,0.8,1.3,0.1,0.9,1.1,0.3,0.5,0
4,125,1,2,0.1,0.4,0.1,0.1,0.6,0.1,0.4,0.1,0.1,0,0
4,127,2,11,0,1.4,0.4,0,3.2,0,2.8,2.4,0,0.8,0
5,7,1,3,0,0,0.1,0.5,0.2,0,0.9,1.3,0,0,0
5,8,3,16,0,0.1,0.8,2.3,1,0,4.7,7,0,0.1,0
5,9,1,2,0,0.2,0.2,0.2,0.4,0,0.3,0.4,0.1,0.2,0
5,13,2,3,0.1,0.3,0.2,0.1,0.6,0,0.3,0.9,0,0.5,0
5,14,4,23,0.7,2.7,1.1,0.7,4.8,0,2.7,7,0,3.3,0
5,15,4,118.5,2.7,8.6,5.4,17.3,14.3,0.6,27,28.6,5.1,8.9,0
5,16,2,11,0.1,1,0.4,1.4,1.7,0.1,1.7,4.1,0.1,0.4,0
5,18,2,7,0.3,0.3,0.1,0.9,1.1,0.2,1.2,1.8,0.4,0.7,0
5,26,1,1,0,0.1,0,0.1,0.2,0.1,0.2,0.2,0,0.1,0
5,29,1,2,0.1,0.1,0.1,0.2,0.4,0.1,0.3,0.6,0,0.1,0
5,33,3,11.5,0,0.7,1,1.1,1.8,0,1.4,4.2,0.2,1.1,0
5,34,1,2,0,0.1,0.2,0.2,0.3,0,0.3,0.7,0,0.2,0
5,35,3,16,0,0.2,2.3,1.8,2,0,2.8,5.2,0.9,0.8,0
5,37,2,15,0.4,1.1,0.3,2.7,1.9,0.4,1.3,4.5,0.9,1.5,0
5,38,7,86,1.8,5.9,2,14.7,13.2,2,8.8,24.7,4.7,8.2,0
5,40,1,5,0,0.3,0,0.8,0.5,0.1,0.8,1.7,0.3,0.5,0
5,41,1,2,0,0.1,0,0.3,0.2,0.1,0.3,0.7,0.1,0.2,0
5,42,1,2,0,0,0.3,0.2,0.1,0,0.6,0.6,0,0.2,0
5,44,2,3,0,0,0.5,0.3,0.1,0,0.9,0.9,0,0.3,0
5,45,5,15,0,1.4,1.1,1.5,2.3,0.2,3.3,3.9,0.5,0.8,0
5,46,1,1,0,0.2,0,0.1,0.2,0,0.2,0.2,0.1,0,0
5,52,1,1,0,0,0,0.2,0.1,0,0.3,0.2,0.1,0.1,0
5,57,1,3,0,0.6,0.1,0.4,0.6,0,0.7,0.3,0.1,0.2,0
5,58,2,9,0.6,1.2,0.7,1.1,2.5,0,1.2,1.5,0.1,0.1,0
5,59,1,1,0.1,0.1,0.1,0.1,0.3,0,0.1,0.2,0,0,0
5,65,1,2,0.1,0.1,0.3,0.1,0.3,0.1,0.5,0.1,0.1,0.3,0
5,69,1,7,0.2,0.5,0.7,0.8,0.9,0,2,1.2,0.5,0.2,0
5,71,1,4,0.1,0.3,0.4,0.5,0.5,0,1.1,0.7,0.3,0.1,0
5,72,2,3,0.1,0.3,0.3,0.3,0.3,0,0.9,0.5,0.2,0.1,0
5,73,1,2,0.1,0.2,0.2,0.2,0.2,0,0.6,0.3,0.1,0.1,0
5,75,1,6,0.4,0.6,0.3,1.2,1.1,0.2,0.6,1,0.5,0.1,0
5,77,4,74.5,3.5,5.5,4.2,12.2,14.3,2.4,6.8,13.3,4.5,7.8,0
5,78,1,15,1,1.6,0.7,3,2.8,0.4,1.4,2.5,1.3,0.3,0
5,79,2,9,0.4,0.4,0.9,1.6,1,0.2,1.3,1.3,0.2,0.8,0.9
5,80,4,16.5,0.7,1,1.3,3.1,2.2,0.4,2.2,2.5,0.7,1.3,1.1
5,82,2,4,0,0.2,0.2,0.6,0.6,0,0.6,1.6,0.2,0,0
5,83,2,10,0.2,0.4,0.6,1.4,1.6,0.2,1.6,3.8,0.2,0,0
5,85,2,11,0.3,0.6,0.9,2.2,2.1,0.2,1.7,2.3,0.5,0.2,0
5,86,1,2,0.1,0.1,0.2,0.5,0.4,0,0.3,0.2,0.1,0.1,0
5,87,1,5,0.3,0.6,0,0.6,1.5,0,0.7,0.8,0,0.5,0
5,88,1,2,0.1,0.1,0.1,0.3,0.5,0.1,0.2,0.3,0.2,0.1,0
5,90,3,61,2.5,4.6,1.9,6.4,18,1.9,3.7,11,7.2,3.8,0
5,92,1,4,0.3,0.3,0.3,0.5,0.7,0.3,0.5,0.5,0.2,0.4,0
5,93,1,1,0.1,0.1,0.1,0.1,0.2,0.1,0.1,0.1,0,0.1,0
5,95,2,9,0.6,0.5,0.4,1.8,1.4,0.3,1.2,2,0.2,0.6,0
5,96,3,8,0.5,0.3,0.3,1.9,1.1,0.2,1.1,2.1,0.2,0.3,0
5,98,2,5,0.3,0.2,0.3,1.1,0.6,0.2,0.7,1.2,0.2,0.2,0
5,99,3,10,0.6,0.4,1.2,1.8,1,0.4,1.4,1.9,0.7,0.6,0
5,100,2,9,0.6,0.4,1.1,1.6,0.9,0.3,1.3,1.6,0.7,0.5,0
5,102,2,4,0,0.2,0.6,0.2,0.8,0,0.6,1,0.2,0.4,0
5,103,2,4,0,0.2,0.6,0.2,0.8,0,0.6,1,0.2,0.4,0
5,104,2,5,0,0.3,0.7,0.3,1,0,0.7,1.3,0.2,0.5,0
5,105,1,2,0,0.1,0.3,0.1,0.4,0,0.3,0.5,0.1,0.2,0
5,106,2,7,0,0,0.2,1,0.7,0.2,0.7,3,0,1.2,0
5,107,2,7,0.5,0.6,0.1,1.2,0.9,0.1,0.9,2,0.1,0.6,0
5,108,4,15,1,0.9,0.6,2.8,1.9,0.3,2.4,3.6,0.3,1.2,0
5,109,2,10,0.8,0.2,0.8,2.4,1,0.2,2,1.6,0.2,0.8,0
5,110,1,3,0.2,0.1,0.2,0.7,0.3,0.1,0.6,0.5,0.1,0.2,0
5,111,2,9,0.7,0.3,0.7,2.1,0.9,0.2,1.8,1.4,0.2,0.7,0
5,113,1,2,0.1,0.2,0,0.2,0.5,0,0.3,0.4,0.1,0.2,0
5,115,4,8,0,0.8,0.2,0.8,1.5,0.1,2,1.2,0.6,0.8,0
5,116,2,5,0,0.5,0.2,0.5,0.9,0.1,1.3,0.7,0.3,0.5,0
5,117,3,7,0,0.7,0.2,0.7,1.3,0.1,1.8,1,0.5,0.7,0
5,118,2,6,0,0.5,0.3,0.6,1.1,0.1,1.6,0.9,0.4,0.5,0
5,119,2,5,0,0.3,0.5,0.5,1.1,0.1,1.5,0.8,0.1,0.1,0
5,120,1,5,0.2,0.3,0.5,0.8,1,0,1.2,0.7,0.1,0.2,0
5,121,2,5,0.1,0.4,0.5,0.8,1,0,1.1,0.8,0.1,0.2,0
5,122,2,3,0,0.2,0.1,0.3,0.2,0,1,0.9,0,0.3,0
5,123,4,13,0.9,1.1,0.5,1.8,2.2,0.2,2,2.3,0.7,1.3,0
5,124,2,3,0.3,0.3,0.1,0.5,0.6,0.1,0.2,0.3,0.3,0.3,0
5,125,2,12,0.8,1.3,0.7,1.9,2.6,0.2,1.2,1.7,1,0.6,0
5,126,1,4,0.2,0.4,0.3,0.6,0.9,0.1,0.4,0.6,0.4,0.1,0
5,127,1,2,0.1,0.2,0.2,0.3,0.4,0,0.2,0.3,0.2,0.1,0
106,0,1,2,0,0.1,0.1,0,0.2,0,0.6,0.9,0,0.1,0
106,21,2,10,0,0.5,0.2,0.2,1.4,0,2.3,1.6,0.4,1.4,2
106,22,1,3,0.1,0.1,0.1,0.2,0.8,0,0.7,0.6,0.2,0.2,0
106,28,2,5,0.1,0.2,0.2,0.3,1.4,0,1.2,1,0.3,0.3,0
106,29,3,24,0.6,0.9,1.5,1.7,4.5,0,6.3,5.2,0.8,2.5,0
106,37,1,3,0,0.3,0.1,0.6,0.6,0.1,0,0.9,0.3,0.1,0
106,46,1,2,0.1,0.2,0,0.2,0.4,0.1,0.5,0.3,0.1,0.1,0
106,50,1,3,0.1,0.3,0.2,0.4,0.7,0,0.6,0.5,0.1,0.1,0
106,51,1,6,0.2,0.5,0.4,0.8,1.5,0.1,1.2,1,0.2,0.1,0
106,54,1,4,0.4,0.4,0.3,0.6,0.7,0,0.4,1,0.1,0.1,0
106,56,3,97,2,9,2.7,7.8,19.7,1,15.9,28.4,6.4,4.1,0
106,57,4,228.5,6.6,19.1,19.1,28.4,51.7,1.9,37.3,34.7,14.7,15,0
106,60,1,1,0,0.1,0.1,0.1,0.3,0,0.1,0.3,0,0,0
106,61,2,9.5,0.1,0.8,1.3,0.4,2.2,0.1,1.3,2.8,0.2,0.3,0
106,64,1,6,0,0.9,0.4,0,2,0,1.1,0.8,0.2,0.6,0
106,65,5,207,6.3,14.8,8.3,18.1,40.4,1.1,27.5,69.7,9,11.8,0
106,66,1,15,0.5,1,1,1.9,2.5,0.2,3,2.5,1.1,1.3,0
106,71,6,136.5,3,6.4,5.9,19.8,19.8,0.5,15.9,45.8,6.5,12.9,0
106,72,4,383.5,10.2,27.8,13.5,46.5,76.7,4.8,48.3,91.5,17.6,46.6,0
106,73,2,4,0.2,0.4,0.2,0.6,0.9,0,0.5,0.8,0.2,0.2,0
106,74,2,6,0.2,0.4,0.4,1.1,1,0.1,1,1.4,0.3,0.1,0
106,76,1,1,0,0.1,0,0.1,0.2,0,0.1,0.3,0.1,0.1,0
106,87,1,2,0.1,0,0.2,0.4,0.3,0,0.2,0.7,0,0.1,0
106,91,1,1,0,0,0.1,0,0,0,0.4,0.4,0,0.1,0
106,100,2,12,0.2,1,0.4,1.1,2,0.3,1.8,3.5,0.1,1.6,0
106,101,5,95.5,1.4,10.4,4.5,7.9,16.9,1.2,13.4,26.8,1.3,11.7,0
106,102,2,471,14.1,37.6,28.2,40.3,77.3,9.3,64.5,115.1,18.5,66.1,0
106,103,3,11,0.1,0.3,0.1,1.5,0.8,0.1,2.8,3.1,0.3,1.9,0
106,104,3,6,0,0.2,0,0.7,0.3,0,1.8,1.8,0.2,1,0
106,112,1,1,0,0.1,0,0.1,0.2,0,0.1,0.3,0.1,0.1,0
106,113,1,3,0.1,0.2,0.1,0.4,0.5,0,0.2,1,0.3,0.2,0
106,118,1,1,0,0,0,0.1,0.2,0,0.1,0.5,0,0.1,0
106,119,1,2,0,0.1,0,0.1,0.3,0,0.2,0.9,0.1,0.3,0
2,2,2,7,0.2,0.7,0.3,0.5,1.2,0.2,0.7,2.3,0.2,0.7,0
2,3,1,5,0.2,0.5,0.2,0.3,0.9,0.2,0.5,1.5,0.2,0.5,0
2,6,2,6,0,0.5,0.7,0.6,1.1,0,1.6,1.3,0.2,0,0
2,11,1,3,0.3,0.3,0.2,0.7,0.4,0,0.4,0.2,0.2,0.3,0
2,12,2,9,0.9,0.8,0.7,2.1,1.1,0,1.2,0.7,0.6,0.9,0
2,17,1,3,0.1,0,0.1,0.7,0.4,0.1,0.4,0.8,0.3,0.1,0
2,18,2,11,0.4,0.2,0.4,2.5,1.5,0.5,1.3,2.9,0.9,0.4,0
2,23,1,3,0,0.1,0.1,0.5,0.5,0.1,0.8,0.8,0.1,0,0
2,25,1,2,0,0.1,0.1,0.4,0.3,0,0.5,0.5,0.1,0,0
2,27,2,52,4,3.6,0.6,10.1,2.6,0.4,12.6,12.6,3.5,2,0
2,28,2,18,0.6,2.4,1.7,3.5,3.9,0.5,2.3,1.5,1.2,0.4,0
2,30,1,1,0.1,0.1,0.1,0.2,0.2,0,0.1,0.1,0.1,0,0
2,31,1,15,0.5,2,1.4,2.9,3.2,0.4,2,1.2,1,0.4,0
2,32,1,10,0.4,1.1,0.7,1.1,2.4,0.2,0.4,3.1,0.4,0.2,0
2,34,2,15,0.7,1.6,1,1.6,3.5,0.3,0.7,4.6,0.7,0.3,0
2,36,1,4,0.2,0.3,0,0.3,0.7,0.4,0.4,1.2,0.2,0.3,0
2,39,3,29,2.1,1,3,6.5,4.5,0.9,5,3,1.4,1.6,0
2,40,1,3,0.2,0.1,0.3,0.7,0.5,0.1,0.5,0.3,0.1,0.2,0
2,42,1,3,0,0.2,0.1,0.5,0.8,0.1,0.3,0.8,0.1,0.1,0
2,44,3,5,0,0.4,0.1,0.9,1.4,0.1,0.5,1.4,0.1,0.1,0
2,47,1,5,0,0.3,0.1,0.8,1.4,0.1,0.5,1.5,0.1,0.2,0
2,48,2,14,0.3,0.4,0.7,1.2,2.4,0.3,2.9,4.8,0.7,0.3,0
2,49,1,2,0,0.1,0.1,0.2,0.4,0,0.4,0.7,0.1,0,0
2,51,2,13,0.2,0.4,0.7,1.1,2.2,0.2,2.8,4.5,0.7,0.2,0
2,52,4,20,0.5,0,0.9,2,4,0,4.8,6.3,0,1.5,0
2,54,1,5,0.1,0,0.2,0.5,1,0,1.2,1.6,0,0.4,0
2,55,2,4,0.1,0.1,0.2,0.5,0.8,0.1,0.8,0.9,0.2,0.3,0
2,56,1,3,0,0.2,0.1,0.5,0.7,0.1,0.5,0.4,0.2,0.3,0
2,57,2,17,0,1,0.4,2.9,3.8,0.4,2.9,2.3,1.4,1.9,0
2,60,4,10,0,1,0,1.8,2.1,0.2,0.7,3,0.9,0.3,0
2,61,2,7,0,0.7,0,1.2,1.4,0.2,0.5,2.1,0.6,0.3,0
2,71,2,4,0,0.2,0.2,0.2,1,0,0.4,1.6,0,0.4,0
2,72,1,2,0.1,0.2,0.2,0.3,0.3,0,0.4,0.2,0.1,0.2,0
2,75,1,6,0.2,0.7,0.3,0.5,0.8,0,2.2,1,0.3,0,0
2,78,1,3,0.1,0.3,0.2,0.2,0.4,0,1.1,0.5,0.2,0,0
2,81,1,2,0.1,0.2,0.2,0.1,0.4,0.1,0.3,0.3,0.1,0.2,0
2,82,2,19,0,2.4,0.6,0.6,4.9,0,5.4,3.8,0.2,1.1,0
2,83,2,6,0.1,0.5,0.5,0.8,1.6,0.1,1.4,0.6,0.3,0.1,0
2,84,3,8,0.1,0.7,0.8,1.5,2.1,0.1,1.6,0.4,0.7,0,0
2,85,1,8,0.3,0.6,0.6,1,1.9,0,1.1,1.9,0.3,0.3,0
2,87,9,68,2.2,5.2,5.2,8,16.2,0,9.3,16.2,2.8,2.9,0
2,88,2,8,0.1,0.6,0.4,1.1,1.9,0,1,2.1,0.5,0.3,0
2,89,1,1,0,0.1,0,0.1,0.3,0,0.1,0.3,0.1,0,0
2,92,1,2,0.1,0.2,0.1,0.2,0.4,0.1,0.3,0.4,0.1,0.1,0
2,93,3,6,0.3,0.6,0.3,0.6,1.2,0.3,0.9,1.2,0.3,0.3,0
2,95,1,4,0.3,0.1,0,0.7,0.8,0.1,0.6,0.8,0.2,0.4,0
2,97,3,16,1.3,0.5,0,2.9,3,0.3,2.5,3,0.7,1.8,0
2,99,5,36,1.4,2.4,2.1,8.2,8.2,1.5,5.5,1,3.1,2.6,0
2,100,5,62.5,1.5,7.3,2.8,13.4,16.5,1.5,9.5,3.4,4,2.6,0
2,101,2,4,0,0.8,0.2,0.8,1.2,0,0.6,0.4,0,0,0
2,102,1,1,0.1,0.1,0.1,0.1,0.2,0,0.1,0.2,0,0.1,0
2,103,3,22.5,1.5,1.3,1.3,5.1,3.9,1.4,2.3,1.9,2.1,1.7,0
2,104,2,56,5.4,4.2,3.2,13.7,11.7,2.6,5.2,5.3,2.4,2.3,0
2,105,1,2,0.2,0.2,0.1,0.3,0.5,0,0.2,0.3,0.1,0.1,0
2,107,1,1,0.1,0.1,0.1,0.1,0.2,0,0.1,0.2,0,0.1,0
2,109,5,26,0,1.8,3.2,1.1,8.4,0,4.6,4.1,0.8,2,0
2,111,1,3,0,0.2,0.4,0.1,1,0,0.5,0.5,0.1,0.2,0
2,112,3,16,1.3,0.9,0.9,4.5,0.9,0,3.9,1.9,0.4,1.3,0
2,113,2,6,0.5,0.3,0.3,1.6,0.3,0,1.5,0.7,0.2,0.6,0
2,114,4,15,0.4,0.5,1,2.1,4.2,0.5,1.5,3.7,0.5,0.6,0
2,116,1,2,0.1,0.1,0.1,0.1,0.5,0,0.3,0.6,0.1,0.1,0
2,117,1,2,0.1,0.1,0.1,0.1,0.5,0,0.3,0.6,0.1,0.1,0
2,118,4,23,0.9,1,1.1,2.5,5.7,0.2,3.3,5.5,1.7,1.1,0
2,119,5,24,1.5,1.5,1.3,5.5,6,0.7,2.9,2.3,2,0.3,0
2,120,3,14,0.9,0.9,0.7,3.2,3.5,0.4,1.7,1.4,1.2,0.1,0
2,121,2,7,0.4,0.4,0.4,1.7,1.7,0.2,0.8,0.7,0.6,0.1,0
2,122,1,2,0,0.1,0,0.2,0.4,0,0.6,0.6,0,0.1,0
2,123,1,2,0,0.1,0,0.2,0.4,0,0.6,0.6,0,0.1,0
2,124,2,4,0,0.3,0,0.3,0.9,0.1,1.1,1.2,0,0.1,0
2,125,3,10,0,1.1,0.6,0.8,3,0,2.2,0.9,0.8,0.6,0
2,126,3,10,0,1.1,0.6,0.7,3,0,2.3,1,0.7,0.6,0
96,1,2,31,0.5,0,0.2,2.8,4.9,0,5.8,13.8,0,3,0
96,5,1,4,0.2,0,0.1,1.3,0.6,0.2,0.7,0.4,0.2,0.3,0
96,12,1,2,0,0.1,0.1,0.3,0.3,0,0.3,0.5,0.1,0.3,0
96,15,2,10,0.7,0,0.3,2,1.1,0.2,1.7,2.4,0.9,0.7,0
96,16,2,109,3,11,4.4,17.2,18.8,0.3,15.9,31.9,2.5,4,0
96,24,1,4,0,0.4,0.5,0.2,0.8,0,0.5,1.3,0.3,0,0
96,26,2,7,0,0.7,0.8,0.4,1.4,0,0.8,2.3,0.6,0,0
96,30,1,5,0.2,0.5,0.1,0.4,1.5,0.1,0.1,1.4,0.4,0.3,0
96,31,3,25.5,1.3,2.7,0.5,2.1,7.5,0.4,0.5,7.1,2.1,1.3,0
96,32,1,27,2,1.1,1.2,4.1,4.9,1,2.4,8.3,1.1,0.9,0
96,36,1,4,0,0.4,0.2,0,0.7,0,1.1,1.4,0,0.2,0
96,49,3,191,4.9,22.2,11.6,19,47.3,7.4,25.2,34.1,6.6,12.7,0
96,52,1,18,2.2,0.4,0,5.9,2.3,0,2.7,1.8,2.2,0.5,0
96,53,2,91.5,4.5,9.3,5.9,16.2,22.7,1,12.2,10.3,6.3,3.1,0
96,55,1,1,0,0.2,0,0,0.2,0,0.3,0.2,0,0.1,0
96,57,1,2,0,0.2,0.2,0.2,0.4,0,0.2,0.5,0.1,0.2,0
96,58,4,35,0.3,3.9,3.3,3.4,7.5,0,5.4,7.4,1.5,2.3,0
96,61,1,11,0.4,0.9,0.9,1.9,2.8,0,1.9,1.1,0.9,0.2,0
96,62,1,4,0.1,0.4,0.3,0.8,1.1,0,0.4,0.5,0.3,0.1,0
96,63,2,9,0.3,0.9,0.6,1.8,2.4,0,0.9,1.2,0.6,0.3,0
96,66,3,23.5,0.6,0,2.6,3.1,3,0.5,4.9,7.1,0.8,0.9,0
96,67,1,608.5,22.5,35.2,28.5,71.8,101.1,6.2,86.1,154.7,21.8,77.6,3
96,68,2,7,0.1,0.6,0.2,0.6,1.1,0,1.9,1.9,0,0.6,0
96,81,1,2,0,0.1,0.3,0.1,0.4,0,0.6,0.4,0,0.1,0
96,93,1,2,0.1,0.1,0.2,0.4,0.5,0,0.2,0.2,0.3,0,0
96,94,1,1,0.1,0,0.1,0.2,0.3,0,0.1,0.1,0.1,0,0
96,101,2,6,0.4,0.4,0.2,1,0.7,0,1.2,0.6,0.7,0.8,0
96,102,4,12,0.4,0.5,1.3,1.6,0.9,0.6,3,2.2,0.8,0.7,0
96,103,2,6,0.2,0.3,0.5,0.8,0.9,0.3,1.1,0.9,0.6,0.4,0
96,105,1,1,0,0,0.1,0.1,0.3,0,0.1,0.3,0.1,0,0
96,106,4,29,0.6,1.1,1.4,3.7,7.3,0,2.4,8.9,2.9,0.7,0
96,107,2,8,0.3,0,0,1.3,1,0,0.6,3.3,0.8,0.7,0
96,108,1,2,0.1,0,0,0.3,0.2,0,0.2,0.8,0.2,0.2,0
96,110,1,1,0.1,0,0,0.1,0.1,0,0.2,0.3,0.1,0.1,0
96,117,1,2,0,0.2,0.1,0.2,0.4,0,0.8,0.3,0,0,0
96,118,2,10,0.2,0.8,0.5,1,1.9,0.2,3.2,1.8,0,0.4,0
96,119,6,32,1.2,1.7,1.6,3.7,5.7,1.2,7.7,7.4,0,1.8,0
96,120,3,6,0.3,0.4,0.2,0.7,0.8,0.2,1.3,1.9,0,0.2,0
96,121,4,11,0.6,0.4,0.1,1.5,1.1,0.4,2.3,4.4,0,0.2,0
96,122,1,5,0.1,0.2,0.3,0.7,0.8,0,0.8,1.7,0.2,0.2,0
96,124,2,6,0.1,0.3,0.4,0.8,0.9,0,0.9,2,0.3,0.3,0
96,125,1,3,0.1,0.1,0.2,0.4,0.5,0,0.5,1,0.1,0.1,0
126,4,2,16,0,1.8,1.6,0.8,3.6,0.2,2.9,3.2,0.6,1.3,0
126,5,1,51,0,4.3,7.1,1.5,11.5,0.2,7,18.2,0.3,0.9,0
126,14,4,51.5,3.5,1,4.2,16.1,11.3,0,7.1,4.7,1.6,2,0
126,15,1,2,0.1,0.1,0.1,0.6,0.3,0,0.6,0.1,0.1,0,0
126,18,1,9,0,0.2,0,1.1,2.2,0,1.8,2.9,0.4,0.4,0
126,29,2,3,0,0.4,0.1,0.2,0.6,0,0.2,1,0.3,0.2,0
126,32,5,167,7.8,23.9,6.2,29.4,30.9,4.5,20.7,28.1,10.7,4.8,0
126,33,1,404.5,14.2,34.3,22.7,49.4,91.5,3.1,67.5,62.1,16.3,43.4,0
126,34,3,106,1.7,6.6,8.7,8,25.1,0.5,15.2,29.1,6.5,4.6,0
126,35,6,47,1,4.4,0.9,8.3,4.7,1.5,7.2,13.8,3.6,1.6,0
126,41,1,8,0,1.1,0.3,1.3,2.3,0.1,1.3,1,0.6,0,0
126,50,1,3,0,0.1,0.5,0.3,0.7,0.1,0.7,0.4,0.1,0.1,0
126,51,1,7,0,0.3,1.1,0.6,1.6,0.2,1.8,1,0.2,0.2,0
126,52,1,67.5,6,4.1,3.9,20.2,7.6,2.6,8.1,7.3,6.1,1.6,0
126,60,1,3,0.1,0.2,0.3,0.1,0.6,0,0.4,1,0,0.3,0
126,61,1,2,0,0.1,0.2,0.1,0.4,0,0.3,0.7,0,0.2,0
126,64,3,26,0,1.2,0.4,2.5,5.9,1.2,4.5,6.6,2.5,1.2,0
126,69,1,3,0.2,0.2,0,0.6,0.2,0,0.9,0.4,0.4,0.1,0
126,70,1,1,0.1,0.1,0,0.2,0.1,0,0.3,0.1,0.1,0,0
126,77,3,26,0.8,2.6,0.8,1.8,4.9,0,1.8,8.3,0.8,4.2,0
126,78,1,2,0.1,0.2,0.1,0.1,0.4,0,0.1,0.6,0.1,0.3,0
126,79,4,22,0,2,0,0.9,6,0,6,5,0,2.1,0
126,83,1,1,0.1,0,0.1,0.1,0.1,0,0.1,0.3,0,0.2,0
126,86,1,8,0.5,0.2,0.7,0.9,1.2,0.2,1,2.1,0,1.2,0
126,87,1,11,0.7,0.3,1,1.3,1.6,0.3,1.3,2.9,0,1.6,0
126,97,4,14,0.5,0.5,0.6,2.4,2.1,0.5,0.8,4.5,1.6,0.5,0
126,98,3,21,2.3,1.3,0.8,4.4,1.6,0.2,3.5,5.9,0.8,0.2,0
126,99,2,4,0.6,0.4,0.2,0.8,0.2,0,0.8,1,0,0,0
126,100,1,6,0.9,0.5,0.2,1.3,0.2,0,1.3,1.6,0,0,0
126,101,1,1,0.2,0.1,0,0.2,0,0,0.2,0.3,0,0,0
126,103,1,149,9,20,8,22.2,34.2,2,22.3,12.3,15,4,0
126,104,2,3,0,0.1,0.1,0.5,0.5,0,0.9,0.8,0,0.1,0
126,105,3,20,0.3,0.5,1,2.6,3.6,0,5.4,5.3,0.5,0.8,0
126,106,2,13,0.5,0.3,0.9,1.1,2.9,0.1,2.7,3.7,0.3,0.5,0
126,110,1,1,0,0.1,0,0.1,0.2,0,0.3,0.2,0,0.1,0
126,123,2,3,0.1,0.2,0.2,0.5,0.6,0,0.3,0.6,0.1,0.4,0
126,124,3,6,0.3,0.4,0.4,1,1.1,0,0.6,1.2,0.2,0.8,0
119,21,4,74.5,1.5,1,5,16,10.6,1.7,19.1,10.2,3,6.4,0
119,22,2,8,0.5,0,0.2,0.9,1.9,0.1,1.1,2.5,0.4,0.4,0
119,27,3,8,0.5,0,0.2,0.9,1.9,0.1,1.1,2.5,0.4,0.4,0
119,29,1,4,0.3,0.3,0.3,0.8,0.9,0,0.3,0.9,0.2,0,0
119,37,1,2,0,0.3,0.1,0.3,0.4,0,0.3,0.4,0.1,0.1,0
119,40,2,5,0,0.8,0.2,0.7,1,0,0.8,1,0.2,0.3,0
119,45,2,16,0.5,0.9,0.4,3.3,2,0.4,2.6,4.7,0.9,0.3,0
119,46,1,4,0.1,0.1,0,0.5,0.4,0,1.2,1.1,0.3,0.3,0
119,48,4,91.5,1.9,8.8,5.3,12.1,19.1,1.1,17.8,19.5,2.4,3.5,0
119,49,5,223,9.9,20,12.1,32.5,41.9,3,41.6,37.7,5.8,18.5,0
119,50,2,101,5.6,6.9,4.2,11.4,16.1,1,17.2,25.5,3.3,9.8,0
119,51,1,3,0,0.2,0.4,0.4,0.8,0.1,0.7,0.2,0.1,0.1,0
119,57,4,225.5,4.9,12.8,15.9,24.4,42.8,1.2,43.4,54.7,6.6,18.8,0
119,58,2,87,4.7,5.1,5.9,22.2,19.2,4,8.6,9.2,7.2,0.9,0
119,68,3,163.5,5.8,8.8,4.4,28.8,27,2.3,27,40.9,6.2,12.3,0
119,72,1,2,0,0.2,0.1,0.2,0.6,0,0,0.6,0.1,0.2,0
119,77,1,2,0,0.3,0.1,0.1,0.3,0,0.4,0.6,0,0.2,0
119,89,1,3,0,0.3,0.4,0.1,0.4,0,0.4,0.5,0.2,0.7,0
119,90,3,12.5,0,0.5,0,1.2,3.4,0,0,5.8,0.9,0.7,0
119,94,1,5,0,0.5,0.7,0.2,0.7,0,0.7,0.8,0.3,1.1,0
119,95,1,4,0,0.1,0.1,0.5,0.7,0,1,1,0,0.6,0
119,101,1,3.5,0.1,0.2,0.1,0.3,1.4,0,0.5,0.5,0.1,0.3,0
119,102,1,1,0,0.1,0,0.2,0.2,0,0.2,0.1,0.1,0.1,0
119,107,3,29,1,2.1,1.6,3.6,5.2,0.5,6.2,2.6,2.6,3.6,0
119,108,2,3,0.1,0.2,0.2,0.4,0.7,0,0.5,0.4,0.2,0.3,0
119,116,1,1,0,0.1,0,0.1,0.2,0,0.2,0.3,0,0.1,0
119,122,1,2,0.1,0,0.1,0.3,0.4,0,0.1,0.6,0.3,0.1,0
119,123,1,2,0.1,0,0.1,0.3,0.4,0,0.1,0.6,0.3,0.1,0
119,124,1,1,0,0,0,0.2,0.2,0,0.1,0.3,0.2,0,0
119,125,1,2,0.2,0.1,0,0.7,0.2,0,0.2,0.3,0.1,0.2,0
125,4,1,2,0,0.3,0.1,0.3,0.4,0.1,0.5,0.1,0.1,0.1,0
125,5,1,1,0,0.1,0,0.1,0.2,0.1,0.3,0.1,0,0.1,0
125,14,1,3,0.2,0.1,0.2,0.9,0.3,0,0.9,0.2,0.2,0,0
125,19,1,1,0,0,0,0.1,0.3,0,0.2,0.3,0,0.1,0
125,21,2,4,0,0.1,0,0.5,1,0,0.8,1.3,0.1,0.2,0
125,35,4,37,2.8,1.1,1.2,9.7,2.8,4,9.7,5.1,0.6,0,0
125,36,3,15,1.1,0.4,0.6,3.9,1.2,1.6,3.9,2.1,0.2,0,0
125,39,1,6.5,0,0.9,0.2,1,1.9,0.1,1.1,0.8,0.5,0,0
125,41,2,6,0,0.8,0.2,0.9,1.8,0.1,1,0.8,0.4,0,0
125,47,3,378.5,6,32.1,27.7,47.2,79.5,5.5,54.2,69.3,20.7,36.3,0
125,48,1,119.5,8,15.9,7.5,25.2,29.2,3.4,8.3,10.1,10.6,1.3,0
125,62,1,4,0.1,0.2,0.1,0.7,0.7,0,1.1,1.1,0,0,0
125,63,3,17,0.2,0.9,0.3,2.4,3.3,0.3,4.1,4.6,0.6,0.3,0
125,64,2,8,0,0.4,0.1,0.8,1.7,0.4,1.4,2,0.8,0.4,0
125,70,1,7,0.5,0.6,0,1.4,0.6,0,2,0.8,0.8,0.3,0
125,72,1,4,0.1,0.2,0.4,0.7,1,0.1,0.5,0.7,0.2,0.1,0
125,73,2,83,3.2,5.1,3.5,8.9,14.8,0,21.1,14.9,4.1,7.4,0
125,74,1,77,2.1,3,3,16.1,12,2,6.3,22.4,4,6.1,0
125,76,1,2,0.1,0.2,0.1,0.1,0.4,0,0.1,0.6,0.1,0.3,0
125,87,1,4,0.2,0.1,0.3,0.5,0.6,0.1,0.5,1.1,0,0.6,0
125,89,1,2,0.1,0.2,0.1,0.4,0.2,0,0.3,0.6,0,0.1,0
125,102,5,27,0,2.8,0.8,0,7.1,0,3.6,8.5,0.6,3.6,0
125,103,1,5,0,0.5,0.1,0,1.3,0,0.7,1.6,0.1,0.7,0
125,104,1,2,0,0.1,0.1,0.3,0.3,0,0.6,0.5,0,0.1,0
125,105,1,4,0.2,0.1,0.3,0.3,0.9,0,0.8,1.1,0.1,0.2,0
125,109,3,9,0,0.8,0.4,0.4,1.8,0,2.9,1.8,0,0.9,0
125,113,1,4,0,0.3,0.2,0.2,0.8,0,1.3,0.8,0,0.4,0
125,118,1,3,0.1,0.3,0,0.1,0.8,0,0.9,0.6,0.2,0,0
110,14,1,6,0.2,0.2,0.5,0.2,1.2,0.2,0.9,2.6,0,0,0
110,21,2,3,0,0.2,0,0,0.4,0,0.7,0.5,0.2,0.4,0.6
110,25,2,4,0.2,0.2,0.2,0.2,1,0,1,0.8,0.2,0.2,0
110,28,1,7,0.2,0.3,0.3,0.4,1.9,0,1.7,1.4,0.4,0.4,0
110,30,1,4,0.3,0,0,0.8,0.6,0,0.6,1,0.6,0.1,0
110,31,2,7,0.5,0,0,1.5,1,0,1,1.8,1,0.2,0
110,32,1,3,0.2,0,0,0.7,0.4,0,0.4,0.8,0.4,0.1,0
110,33,1,9,0.6,0,0,1.9,1.3,0,1.3,2.3,1.3,0.3,0
110,34,1,1,0.1,0,0,0.2,0.1,0,0.2,0.3,0.1,0,0
110,41,3,9,0.2,0.9,1.2,0.7,3.6,0.2,0.4,0.9,0.9,0,0
110,42,1,2,0,0.2,0.2,0.1,0.5,0,0.5,0.4,0,0.1,0
110,48,1,98,2.2,18,7.7,7.5,31.5,0.8,9.3,16.8,3.2,1,0
110,55,4,18,0.2,1.4,1.7,2.5,3.7,0,3.8,3.4,0.5,0.8,0
110,57,1,2,0.2,0,0,0.5,0.2,0,0.6,0.4,0,0.1,0
110,62,3,21,3,2.2,1.5,3.8,4.4,0,1.5,1.6,1.4,1.6,0
110,63,1,5,0.7,0.5,0.3,0.9,1.1,0,0.4,0.4,0.3,0.4,0
110,64,1,2,0.3,0.2,0.1,0.4,0.4,0,0.1,0.2,0.1,0.2,0
110,70,1,4,0.3,0.2,0.1,0.6,0.7,0.1,0.6,0.6,0.2,0.6,0
110,81,1,11,0,0.9,0,0.5,2.2,0.4,1.3,3.5,1.3,0.9,0
110,90,1,8,0,0.3,0,0.6,2,0.3,0.9,3.1,0.8,0,0
110,96,1,3,0,0,0.1,0.2,0.6,0,1.1,0.6,0,0.4,0
110,98,2,9,0,0.1,0.3,0.7,1.7,0,3.2,1.7,0.1,1.2,0
110,103,2,20,1.7,0.6,1.5,2.3,2.8,0.1,2.3,6.5,0.1,2.1,0
110,105,1,4,0,0.3,0.3,0.3,0.9,0.1,0.8,0.6,0.2,0.5,0
110,109,1,4,0.1,0.3,0.1,0.5,0.6,0,0.4,1.3,0.4,0.3,0
110,118,1,1,0,0,0,0.1,0.2,0,0.1,0.5,0,0.1,0
110,120,1,1,0,0,0,0.1,0.2,0,0.1,0.5,0,0.1,0
110,123,1,3,0,0.1,0.3,0.3,0.8,0,0.5,0.9,0.1,0,0
110,125,2,2,0,0,0.2,0.2,0.4,0,0.5,0.6,0,0.1,0
110,126,2,7,0.3,0,0.3,0.6,0.8,0.3,1.8,2.1,0,0.8,0
110,127,1,3,0.1,0,0.1,0.2,0.4,0.1,0.8,0.9,0,0.4,0
117,8,1,3,0,0.1,0.3,0.4,0.4,0.1,0.7,0.6,0.2,0.2,0
117,9,1,2,0,0,0.2,0.3,0.3,0,0.4,0.4,0.2,0.2,0
117,31,2,36.5,0.7,6.5,0.8,4.6,7.7,0,7.7,5.4,0.8,2.3,0
117,32,4,364.5,10,34.1,16.4,42,63.5,2,52.2,88.4,19.1,36.8,0
117,38,1,2,0.1,0.1,0.1,0.3,0.3,0,0.5,0.5,0,0.1,0
117,39,1,1,0.1,0.1,0,0.1,0.2,0,0.2,0.3,0,0,0
117,40,1,2,0.1,0.1,0.1,0.3,0.3,0,0.5,0.5,0,0.1,0
117,43,1,10,0.4,1,0.8,1.3,1.9,0.4,1.4,1.4,1,0.4,0
117,46,1,8,0,0.3,0,1.2,1.5,0,2.1,2.3,0,0.6,0
117,47,3,320,5,30.1,19.4,38.8,66.8,3.6,40.4,91.1,11.8,13,0
117,48,0,775,28,64,49,102,126,12,116,162,43,69,4
117,49,2,483.5,16.3,37.5,27.7,61.3,77,15,65,102.7,28.3,52.7,0
117,50,0,1370.5,41.5,98.5,74.5,218,227,19.5,174,310,56.5,151,0
117,51,1,556,12.4,49.5,32.7,68.1,64.5,14,86.3,134.5,39.1,54.9,0
117,52,3,62,3,2.6,3,7.2,10,0.3,16.8,14.3,1,3.8,0
117,65,1,3,0.1,0.2,0.3,0.4,0.6,0.1,0.6,0.4,0.1,0.2,0
117,70,1,4,0.1,0.1,0.2,0.6,0.5,0.1,0.9,1,0.1,0.4,0
117,71,2,3,0,0.1,0.2,0.5,0.3,0.1,0.6,0.8,0.1,0.3,0
117,72,2,6,0,0.6,0.8,0.8,1.4,0,0.8,1.6,0,0,0
117,73,5,101,3.2,8.6,5,11.7,21.4,1,14.3,27.5,2.5,5.8,0
117,75,1,5,0.3,0.4,0.3,0.6,0.7,0,1.2,1.1,0.1,0.3,0
117,76,3,8,0.3,1,0.3,1.1,2.1,0,1.8,1.1,0,0.3,0
117,77,1,1,0,0.1,0.1,0.1,0.3,0,0.2,0.1,0,0.1,0
117,79,1,3,0.1,0.4,0.1,0.4,0.8,0,0.7,0.4,0,0.1,0
117,84,7,38,0.5,3.1,2.1,3.1,4.5,0,12.5,6.9,1.9,3.4,0
117,85,2,10,0.2,0.8,0.5,0.8,1.2,0,3.3,1.8,0.5,0.9,0
117,87,1,1,0,0,0,0.1,0.1,0,0.4,0.4,0,0,0
117,100,2,4,0,0.1,0.1,0,0.7,0,1.1,1.3,0,0.7,0
117,106,2,18,0.8,0.4,1.1,2.8,2.5,0.2,3.3,3.7,1.3,1.9,0
117,123,1,3,0.1,0.3,0.2,0.4,1,0,0.3,0.3,0.3,0.1,0
117,124,7,123,1.9,6.3,2.9,16.3,19.5,0.3,19.3,34.3,1.7,20.5,0
117,125,1,54,0.1,3.2,3.2,8.5,11.6,0,4.6,9.1,2.1,11.6,0
117,126,2,4,0,0.4,0.2,0.4,1,0,0.6,1.2,0,0.2,0
117,127,4,11,0,0.5,0.4,1.5,1.7,0.2,3.2,2.8,0.2,0.5,0
124,3,3,35,0.5,2.8,2,3.8,3.5,0.7,9.1,8.5,2,2.1,0
124,4,3,187.5,1.3,10.7,4.4,19.6,25.2,3.3,29.9,63.9,7.8,21.4,0
124,5,2,3,0,0.4,0.1,0.4,0.6,0.2,0.8,0.2,0.1,0.2,0
124,7,1,6,0,0.8,0.2,0.8,1.2,0.4,1.6,0.4,0.2,0.4,0
124,14,1,2,0.1,0.1,0.1,0.6,0.3,0,0.6,0.1,0.1,0,0
124,20,1,1,0,0,0,0.1,0.3,0,0.2,0.3,0,0.1,0
124,35,2,9,0.9,0.6,0.6,2,1.8,0.5,1.7,0.6,0.1,0.2,0
124,37,2,2,0,0.4,0,0.2,0.4,0,0.4,0.4,0,0.2,0
124,39,5,141.5,4.9,16.4,6.9,20.7,36,3.5,17.6,17.4,12.1,6,0
124,42,1,5,0.1,0.4,0.1,0.9,1.6,0.1,0.3,0.7,0.6,0.2,0
124,47,2,252,12.1,28.9,9.1,42.9,67.6,8.6,21.3,26.8,29.6,4.1,1
124,48,1,51,4,6,3.2,11.5,12.3,1.6,2.5,1.6,5.8,2.5,0
124,52,1,1,0,0,0.1,0.2,0.3,0,0.2,0.2,0,0,0
124,54,2,5,0,0.1,0.4,0.9,1.4,0,1,0.9,0.2,0.1,0
124,57,0,31,0,3,4,1,8,0,4,5,1,5,0
124,58,3,226,6,14.6,15.5,46.5,43.5,4.7,32.1,27.9,12.7,22.5,0
124,63,6,64,3.1,3.6,1.4,11.6,9,1.6,14.1,16,2.6,1,0
124,64,2,25,1.1,1.4,0.5,3.9,3.7,1.1,4.4,6,2,0.9,0
124,73,4,62,1,2.2,3.7,7.1,9.4,0.2,9.1,17.9,5.1,6.3,0
124,74,3,25,2.9,0.2,0.7,1.5,1.4,0,7.5,9.4,0.2,1.2,0
124,76,1,1,0,0.1,0,0.1,0.2,0,0.1,0.3,0,0.2,0
124,77,2,12,0.2,0.7,0.9,1.7,1.2,0.5,3.1,3.1,0.3,0.3,0
124,82,1,5,0.3,0.2,0.4,0.6,0.7,0.2,0.6,1.3,0,0.7,0
124,90,1,5,0.3,0.4,0.2,1.1,0.5,0,0.7,1.6,0,0.2,0
124,102,4,56,0.4,3.7,3,4.7,10.6,2.4,9.4,11.5,0.9,9.4,0
124,103,1,1,0,0.1,0,0.1,0.2,0.1,0.2,0.2,0,0.1,0
124,110,1,1,0,0.1,0.1,0.2,0.3,0,0.1,0.2,0,0,0
124,118,1,2,0,0.1,0,0.1,0.4,0,0.4,0.7,0.1,0.2,0
124,120,1,4,0,0.3,0.1,0.3,0.8,0,0.7,1.3,0.2,0.3,0
124,121,1,2,0.1,0.2,0,0.1,0.5,0,0.6,0.4,0.1,0,0
124,123,1,2,0.1,0.1,0.1,0.3,0.4,0,0.2,0.4,0.1,0.3,0
114,9,1,10.5,0,1.2,1.2,1.3,4.1,0,0.4,1.7,0.6,0,0
114,10,4,157,2,9.9,9.3,14.3,40.6,0,28.9,35.1,6.6,10.3,0
114,34,3,37,1.5,1.9,1.7,2.8,7.3,1.1,5.2,11.5,0.7,3.3,0
114,41,1,19,0,0.8,0.8,4.6,3.4,0.2,3.5,4.2,1.5,0,0
114,42,1,4,0.2,0.4,0.3,0.5,0.8,0.2,0.5,0.5,0.4,0.2,0
114,45,1,1,0,0,0,0.1,0.2,0,0.3,0.3,0,0.1,0
114,46,1,3,0,0.1,0,0.4,0.6,0,0.8,0.9,0,0.2,0
114,49,1,2,0,0.1,0.1,0.1,0.2,0,0.3,0.9,0.1,0.2,0
114,60,3,87.5,1.4,8.3,2.3,12.4,12.3,1.5,14.8,23.1,5.6,5.8,0
114,62,1,58,3.1,7.7,1.6,9.3,9.6,1.2,5.8,10,5,4.7,0
114,63,3,66,5.8,1.4,4.5,6.9,10.4,0.6,5.6,21.9,1.2,7.7,0
114,64,3,14.5,1.3,0.4,0.8,3,2.5,0.6,2.2,2.5,0.4,0.8,0
114,65,3,94,1.1,5.2,3.8,2.7,11.7,0.4,22,38,1.6,7.5,0
114,66,3,276,7.5,35.3,15.3,28.8,65,3.8,32.8,63,12.6,11.9,0
114,73,2,150,4.6,9.2,6.5,18.7,24.4,0.3,32.3,34.9,7.4,11.7,0
114,74,1,3,0.1,0.1,0.1,0.4,0.4,0.1,0.6,0.8,0.1,0.3,0
114,87,1,2,0,0.1,0.1,0.1,0.2,0,0.7,0.8,0,0,0
114,92,1,8,0.3,0,0.3,0.7,1.9,0,1.9,1.9,0.7,0.3,0
114,100,2,16,0,1.9,0.7,0.7,4.4,0,0.7,3.2,0.6,3.8,0
114,101,1,10,0,0.4,0.2,0,1.7,0,2.8,3.4,0,1.5,0
114,102,4,17,0,0,0.3,2.4,3.2,0,3.1,6,0.8,1.2,0
114,105,3,31,0.6,0.6,0.6,4.6,5.2,0,6.5,10.9,0.4,1.6,0
114,113,2,4,0,0.3,0.1,0.3,0.3,0,1.2,1.3,0,0.5,0
114,115,4,18.5,0.7,1.2,0.8,0.1,3.7,0,2.2,5.3,0.8,3.7,0
114,117,1,1,0,0.1,0,0.1,0.2,0,0.1,0.3,0,0.2,0
114,120,2,8,0,0.8,0,0.8,1.8,0,1.1,2.2,0.2,1.1,0
114,123,2,6,0.2,0.3,0.1,0.6,0.9,0.2,0.9,1.5,0.4,0.9,0
114,125,1,5,0.1,0.2,0.1,0.5,0.8,0.2,0.8,1.2,0.3,0.8,0
114,126,1,7,0.2,0.3,0.1,0.8,1.1,0.2,1.1,1.7,0.4,1.1,0
114,127,1,2,0.1,0.1,0,0.2,0.3,0.1,0.3,0.5,0.1,0.3,0
120,1,5,101,2.7,3.6,3.6,8.5,14.1,2.3,25.5,29.3,1,10.4,0
120,12,2,2.5,0,0.2,0,0.2,0.6,0.1,0.2,1,0,0.2,0
120,13,1,1,0,0.1,0,0.1,0.2,0,0.1,0.4,0,0.1,0
120,21,1,3,0,0,0,0.8,0.4,0.1,0.9,0.6,0,0.2,0
120,24,1,1,0.1,0,0,0.1,0.2,0,0.1,0.3,0.1,0.1,0
120,29,1,4,0.3,0.3,0.3,0.8,0.9,0,0.3,0.9,0.2,0,0
120,33,1,4,0,0.5,0.2,0.4,0.8,0.1,0.6,0.8,0.2,0.4,0
120,35,1,2,0,0.3,0.1,0.3,0.4,0,0.3,0.4,0.1,0.1,0
120,39,1,26.5,1.2,0.9,0.6,4.4,4.4,0.6,5,6.2,1.3,1.9,0
120,40,5,61,0.5,7.1,2.7,7.7,10.9,0.1,11.8,14.7,0.9,4.6,0
120,44,3,31,1,2.1,1,7.3,4.1,1,3.7,9.3,1.5,0,0
120,45,1,434,7.6,40.1,20,55.7,74.6,5,64.9,96.6,25,44.5,0
120,46,2,27,0.5,0.5,0,3.4,2.8,0,8.3,7.1,2.2,2.2,0
120,49,0,294,8,36,29,29,55,6.5,24,82,16.5,8,0
120,50,5,28,1.8,2.8,0.5,7.4,3.4,0,4,4.6,1.1,2.4,0
120,53,1,4,0,0.6,0.2,0.2,1.1,0,0.6,1.1,0.2,0,0
120,57,5,46,1,0.6,2.3,5.6,4.6,0.5,13.5,15.2,1.1,1.6,0
120,60,1,1,0,0,0.1,0.1,0.1,0,0.3,0.3,0,0.1,0
120,61,1,6,0.1,0.1,0.3,0.7,0.6,0.1,1.8,2,0.1,0.2,0
120,62,1,4,0.3,0.3,0.1,0.9,0.3,0.2,0.7,0.9,0.2,0.1,0
120,66,2,252,6,10.5,7,32,48,5,37,72,11.5,23,0
120,67,2,13.5,0.8,0.5,0.4,0.8,1.1,0.4,2.3,5.3,0,1.9,0
120,68,3,24,0.9,1.5,0.7,1.6,4,0.6,2.6,8.9,0.2,3,0
120,71,1,1,0,0.1,0.1,0.1,0.3,0,0,0.3,0,0.1,0
120,72,1,3,0,0.3,0.1,0.3,0.9,0.1,0,0.9,0.1,0.3,0
120,74,1,3,0,0.3,0.1,0.3,0.9,0.1,0,0.9,0.1,0.3,0
120,79,3,14.5,0,1.7,0.8,1.5,4.2,0,3.4,2.6,0,0.3,0
120,91,3,11,0,1.1,1.5,0.4,1.5,0,1.5,1.8,0.7,2.5,0
120,98,2,21,0,0.7,0.7,2.6,3.6,0,5.1,5.4,0,2.9,0
120,102,1,1,0,0.1,0,0.2,0.2,0,0.2,0.1,0.1,0.1,0
120,103,2,6,0,0.6,0.3,0.9,1.1,0.1,1.4,0.7,0.5,0.4,0
120,106,3,16,0.5,1.2,0.9,2,2.8,0.2,3.4,1.5,1.5,2,0
120,107,2,40,0.2,2.6,2.5,6,10.5,1.1,5.7,5.7,4.7,1,0
120,108,1,1,0,0.1,0.1,0.1,0.2,0,0.2,0.1,0.1,0.1,0
120,113,2,8,0,0.8,0.8,1.2,2.4,0.2,0.6,2,0,0,0
120,122,1,2,0.1,0,0.1,0.3,0.4,0,0.1,0.6,0.3,0.1,0
120,124,3,11,0,1.9,0,1.5,1.6,0,1.1,4.4,0,0.5,0
120,125,4,20,0.6,2.4,0.2,4.7,2.2,0,2.2,5.9,0.4,1.4,0
113,10,1,9,0,1,0.7,1.3,2.3,0,2.3,1,0,0.4,0
113,11,1,4,0,0.4,0.3,0.6,1,0,1,0.5,0,0.2,0
113,21,1,7.5,0.4,0,0.2,0.9,1.7,0.2,1,2.4,0.3,0.4,0
113,22,3,97.5,1,7.6,3,9.9,20,1,14,28.1,6,6.9,0
113,30,2,7,0.2,1.2,0.2,0.9,1.4,0,1.4,1,0.2,0.5,0
113,34,5,120,2.4,9.5,6.5,10.3,18,2.9,21,30.9,5,13.5,0
113,35,1,2,0.1,0.1,0.1,0.1,0.4,0.1,0.3,0.6,0,0.2,0
113,37,1,2,0.1,0.1,0.1,0.3,0.3,0,0.5,0.5,0,0.1,0
113,40,2,174.5,3,19.7,13.2,16.3,46,2,27.1,26.3,5.9,15,0
113,41,4,75,5,5,2,24.1,8.6,2.2,9.6,12.6,4.9,1,0
113,52,1,2,0,0.1,0.1,0.2,0.5,0,0.2,0.6,0.1,0.2,0
113,53,1,6,0,0.4,0.2,0.5,1.5,0.1,0.6,1.9,0.2,0.6,0
113,58,1,2.5,0,0,0.2,0.2,0.3,0,0.9,0.8,0,0.1,0
113,59,1,2,0,0,0.2,0.1,0.3,0,0.7,0.6,0,0.1,0
113,60,5,368.5,5.7,30.3,26.1,38,67,3,66.7,91.3,16.6,23.8,0
113,62,1,125.5,0.2,8.5,7.4,4.7,20.7,0.5,32.9,27.5,0.5,22.6,0
113,63,4,240,6.2,26,14,28.5,51.2,6.2,36.2,46.1,12.9,12.7,0
113,66,1,31,2,3.9,0.7,3.3,5.6,1.3,5.3,6.9,1,1,0
113,72,2,10,0.2,0.9,0.4,1,1.3,0,2.4,2.3,0.4,1.1,0
113,73,5,166,3.8,14.6,10.9,24.3,21.9,2.1,34,37.2,5.1,12.1,0
113,74,2,7,0.1,0.2,0.4,1,0.8,0.2,1.5,1.9,0.2,0.7,0
113,75,1,4,0.3,0.4,0,1.2,0.5,0,1.1,0.3,0.1,0.1,0
113,76,4,32,2.3,3.1,0,9.8,3.7,0,9.2,2.3,0.8,0.8,0
113,87,2,11,0,0.4,0.5,0.5,1.5,0,3.8,4.3,0,0,0
113,88,1,4,0,0.2,0.2,0.2,0.5,0,1.4,1.5,0,0,0
113,96,2,11,0,0.3,0.6,0.6,2.4,0.2,1.2,4.2,0,1.5,0
113,100,1,7,0,0.8,0.3,0.3,1.9,0,0.3,1.4,0.3,1.7,0
113,103,1,1,0,0,0,0.2,0.1,0,0.1,0.4,0.1,0.1,0
113,105,5,17,0.3,0.3,0.3,2.5,2.7,0,3.5,6.1,0.3,1,0
113,112,1,1,0,0.1,0,0.1,0.1,0,0.3,0.3,0,0.1,0
113,114,2,7,0,0.5,0.3,0.5,0.5,0,2,2.3,0,0.9,0
113,117,1,3,0.1,0.2,0.1,0,0.6,0,0.4,0.9,0.1,0.6,0
113,118,1,2,0.1,0.1,0.1,0,0.4,0,0.2,0.6,0.1,0.4,0
113,119,2,5,0,0.5,0,0.5,1.1,0,0.6,1.4,0.1,0.8,0
113,121,1,1,0,0.1,0,0.1,0.2,0,0.1,0.3,0,0.2,0
113,122,1,1,0,0,0,0.1,0.2,0,0.2,0.2,0.1,0.2,0
113,124,1,2,0.1,0.1,0,0.2,0.3,0.1,0.3,0.5,0.1,0.3,0
113,125,1,5,0.1,0.2,0.1,0.5,0.8,0.2,0.8,1.2,0.3,0.8,0
113,126,3,3,0,0,0,0.3,0.6,0,0.6,0.6,0.3,0.6,0
113,127,3,15,0.5,0.7,0.2,1.7,2.3,0.5,2.3,3.6,0.9,2.3,0
103,0,1,3,0,0.2,0.2,0,0.3,0,0.8,1.3,0,0.2,0
103,6,1,2,0,0,0,0.2,0.3,0,0.5,0.8,0,0.2,0
103,19,1,2,0.1,0.1,0.1,0.1,0.5,0,0.5,0.4,0.1,0.1,0
103,29,3,136.5,4.7,9.7,8.2,11.7,30,2,15.9,33.8,5.4,15.1,0
103,30,2,14,0.7,1.5,0.5,1.6,3.4,0,1.7,2.9,0.4,1.3,0
103,36,1,2,0.1,0.2,0.1,0.2,0.3,0.1,0.5,0.4,0.1,0,0
103,47,2,135.5,3.4,11.7,8.6,23.2,18,2,25.6,32.4,5.6,5,0
103,48,1,138,2.2,7.4,14.1,16.4,26.8,3,32.9,24.1,3.1,8,0
103,54,1,52,5,6.2,0.3,12.4,10.8,0,6,5,6.3,0,0
103,55,4,90,0.8,2.4,3.9,6.1,15.5,3.2,19.6,29.6,5.7,3.2,0
103,58,1,1,0,0.1,0,0.1,0.2,0,0.1,0.3,0.1,0.1,0
103,60,5,57,3.6,2.6,0.8,5.3,12.4,0.3,6.7,16.5,2.5,6.3,0
103,61,3,254,5.9,18.6,13.1,36,46.3,2.6,32.3,56.8,12.1,30.3,0
103,71,1,1,0,0.1,0.1,0.1,0.3,0,0.1,0.2,0.1,0,0
103,72,5,161,5,17.3,8.9,18.4,22.8,8.2,30,31,11.4,8,0
103,73,7,186.5,7.6,15.6,5.1,22.8,25.2,2.9,31.4,45.2,10.2,20.5,0
103,82,3,9,0.3,0.6,0.6,1.8,1.5,0,1.2,2.1,0.3,0.6,0
103,83,1,5,0.3,0.4,0.3,1,0.9,0,0.6,1.1,0.1,0.3,0
103,84,1,9,0.5,0.7,0.5,1.8,1.6,0,1.1,2.1,0.2,0.5,0
103,85,2,5,0.1,0.2,0.1,0.5,1.5,0,0.8,1.4,0,0.4,0
103,86,1,2,0,0.1,0,0.1,0.7,0,0.3,0.6,0,0.2,0
103,88,1,10,0,0.9,0.5,1.4,2.6,0,1.6,2.1,0.7,0.2,0
103,89,1,8,0,0.7,0.4,1.1,2,0,1.3,1.7,0.6,0.2,0
103,96,1,1,0.1,0.1,0,0.1,0.1,0.1,0.2,0.2,0,0.1,0
103,102,5,16,0,2.8,0.6,0.9,6.2,0,3.2,2.3,0,0,0
103,103,2,7,0,1.2,0.3,0.4,2.7,0,1.4,1,0,0,0
103,111,1,2,0,0.1,0.1,0.3,0.3,0,0.2,0.7,0.2,0.1,0
103,116,3,17,0,2.4,1.3,0,5.3,0,2.5,3.8,0.4,1.3,0
103,120,2,4,0,0.5,0.3,0,1.3,0,0.6,0.9,0.1,0.3,0
103,121,1,1,0,0.1,0.1,0,0.3,0,0.2,0.2,0,0.1,0
103,124,1,2,0,0.1,0.1,0.3,0.2,0,0.7,0.3,0,0.3,0
103,126,1,1,0,0.1,0,0.1,0.1,0,0.3,0.2,0,0.2,0
103,127,3,5,0,0.3,0.2,0.7,0.5,0,1.7,0.8,0,0.8,0
105,26,1,2,0.1,0.1,0.1,0.1,0.5,0,0.5,0.4,0.1,0.1,0
105,27,2,6,0.2,0.3,0.3,0.3,1.6,0,1.5,1.2,0.3,0.3,0
105,43,1,5,0.1,0.1,0.2,0.2,0.9,0.2,1.7,1.4,0,0.2,0
105,60,4,112,1.1,6.9,6.5,18.6,12.3,3.2,13.2,34.3,6.2,9.7,0
105,61,1,2,0,0,0.4,0,0.3,0,0.3,0.9,0,0.1,0
105,64,3,24,0,3.5,1.7,0,7.8,0,4.4,3.1,0.9,2.6,0
105,65,2,533.5,7.6,33.9,33.1,61.6,78,5.7,113,113.8,19.9,66.9,0
105,66,1,127,4.6,12.6,13.2,19.3,22.1,2.2,11.6,20.1,7.8,13.5,0
105,71,1,1,0,0.1,0,0.2,0.2,0,0.2,0.3,0,0,0
105,72,3,26,1.2,1.8,1.6,4.8,4,0.4,4,6,1.4,0.8,0
105,73,1,4,0.2,0.3,0.3,0.7,0.6,0.1,0.6,0.9,0.2,0.1,0
105,74,1,3,0.1,0.2,0.2,0.5,0.5,0,0.5,0.7,0.2,0.1,0
105,75,1,4,0.2,0.3,0.3,0.7,0.6,0.1,0.6,0.9,0.2,0.1,0
105,77,1,2,0,0.2,0,0.1,0.4,0.1,0.2,0.6,0.2,0.2,0
105,84,2,5,0.1,0,0.6,0.9,0.8,0,0.5,1.7,0,0.4,0
105,90,1,3,0,0,0.2,0.1,0.1,0,1.1,1.2,0,0.3,0
105,91,4,27,0,0,1.6,0.9,0.9,0,9.8,11.3,0,2.5,0
105,93,3,9,0.3,0,1.1,1.6,1.5,0,0.9,3,0,0.6,0
105,94,1,6,0.2,0,0.7,1.1,0.9,0,0.6,2.1,0,0.4,0
105,100,2,3,0,0.3,0,0.3,0.5,0.1,0.5,1,0,0.3,0
105,102,4,273.5,6,17.9,12,22.6,29.9,7.5,49.6,75.6,12.7,39.7,0
105,103,2,2,0,0,0,0.2,0.2,0,0.6,0.6,0,0.4,0
105,118,2,3,0,0.1,0,0.2,0.5,0,0.3,1.4,0.1,0.4,0
105,123,1,1,0,0,0,0.1,0.1,0,0.4,0.3,0,0.1,0
105,124,1,3,0,0,0,0.2,0.4,0,1.3,0.7,0,0.4,0
105,125,1,1,0,0,0,0.1,0.1,0,0.4,0.3,0,0.1,0
122,0,1,1,0,0.1,0.1,0.2,0.3,0,0,0.3,0,0,0
122,11,2,195.5,10.4,9.3,7.7,30.8,21,3,38.3,49.5,5.9,19.6,0
122,12,4,140,4,8.7,4.8,13.7,28,2,22.7,36.3,6,13.8,0
122,16,1,1,0,0,0,0.3,0.1,0,0.3,0.2,0,0.1,0
122,23,5,24,0,5.7,1.3,1.8,8,0,3.7,0.9,0,2.6,0
122,28,3,19,0.9,1.6,0.8,2.7,4.9,0.8,2.5,2.7,1.2,0.9,0
122,29,2,31,1.9,3.1,1.2,5,8.7,1.2,3.7,2.5,2.5,1.2,0
122,30,3,15,0.7,2,1.2,1.8,4.7,0.3,1.3,1.9,0.5,0.6,0
122,31,3,94,2.7,7.7,8.1,9.3,27.3,2,10.5,17.7,4,4.7,0
122,32,1,40.5,3.4,3.9,1.9,9.3,8.2,1.5,4.8,4.5,1.5,1.5,0
122,39,1,1,0.1,0.1,0.1,0.1,0.2,0,0.1,0.2,0.1,0,0
122,40,3,48,0.3,7.9,6.8,1.4,17.7,0.2,3.7,8.8,0.4,0.8,0
122,45,1,18,0.4,0.6,0,2.4,2,0.4,3.1,6.3,1.6,1.2,0
122,46,2,69,4.3,5.4,3,8.4,15.2,2.3,4.9,16.8,7,1.7,0
122,48,1,7,0,0,0.3,1.4,2.2,0,1.2,1.4,0.3,0.2,0
122,53,1,3,0,0,0.1,0.6,1,0,0.5,0.6,0.1,0.1,0
122,55,2,12.5,0,0.6,1.2,1.2,3,0.2,2.6,1.3,1.2,1.2,0
122,58,1,4,0,0.2,0.4,0.4,0.9,0.1,0.8,0.4,0.4,0.4,0
122,77,1,1,0,0.1,0,0.2,0.1,0,0.2,0.2,0.1,0.1,0
122,78,3,71.5,2.9,6.4,2,13.8,8.8,0,14.7,11.9,3.1,7.9,0
122,82,1,5,0.1,0,0.1,0.5,1.2,0,1.2,1.2,0.5,0.2,0
122,83,1,10,0.3,0,0.3,0.9,2.4,0,2.4,2.5,0.9,0.3,0
122,86,1,4,0.1,0,0.1,0.4,1,0,1,1,0.3,0.1,0
122,97,2,5,0,0.2,0.2,0.5,2,0,0.7,0.8,0.1,0.5,0
122,102,1,135,3,13.2,4.1,15.2,22.3,1,24.4,28.6,5,18.2,0
122,103,5,540,18.3,28.5,33.9,78.2,71.8,6,106.9,121,23.4,52,0
122,104,5,33,0.6,1.3,3.6,2.3,4.5,0,5.9,9.7,2.2,2.9,0
122,107,1,6,0.1,0.5,0.3,0.9,1.1,0.1,1.4,0.7,0.5,0.4,0
122,112,2,3,0,0.3,0.3,0.5,0.9,0.1,0.2,0.7,0,0,0
122,121,2,7,0,0.5,0.2,0.5,1.4,0,1.2,2.3,0.4,0.5,0
122,122,2,6,0,0.3,0,0.3,1.9,0.6,1.7,0.6,0.3,0.3,0
122,123,1,2,0,0.1,0,0.1,0.6,0.2,0.6,0.2,0.1,0.1,0
122,125,1,8,0,0.4,0.9,0.5,0.9,0,3.1,2.2,0,0,0
122,127,1,4,0,0.2,0.4,0.2,0.5,0,1.6,1.1,0,0,0
99,34,5,209,7.7,14.9,9.7,27.9,32.3,2,34.1,54.2,7.6,18.6,0
99,35,1,12,0,1.3,0.8,0.5,1.5,0,3.6,2.5,0.3,1.5,0
99,47,1,5,0.3,0.4,0.2,0.4,1,0,1.2,1.3,0.2,0,0
99,50,1,3,0.2,0.1,0,0.5,0.4,0.1,0.7,0.7,0,0.3,0
99,52,1,2,0,0.2,0,0.1,0.4,0,0.5,0.4,0.1,0.3,0
99,55,1,271.5,8.2,24.1,10.3,44.1,47.4,6.9,35.3,61.9,21.2,12.1,0
99,56,3,219,8.2,20,16.7,33.5,45.1,2.5,33.6,41.4,9.3,8.7,0
99,58,1,2,0.1,0.1,0.2,0.2,0.5,0,0.4,0.4,0.1,0,0
99,61,1,2,0.1,0.1,0.2,0.2,0.5,0,0.4,0.4,0.1,0,0
99,65,1,6,0.4,1.1,0,0.9,0.9,0.2,1,1.1,0,0.4,0
99,76,2,49,0.3,5.4,2.6,3.8,12,0.3,5.1,10.1,4.7,4.7,0
99,79,5,65,2,3.9,4,6.1,9.9,0.3,10,22.1,3.1,3.6,0
99,85,2,8,0.4,0.6,0.5,1.6,1.4,0,1,1.8,0.2,0.5,0
99,87,1,1,0,0.1,0.1,0.2,0.2,0,0.1,0.2,0,0.1,0
99,88,3,7,0.2,0.5,0.4,1.3,1.5,0,0.8,1.8,0.2,0.3,0
99,94,1,1,0,0.1,0.1,0.1,0.3,0,0.1,0.3,0,0,0
99,101,4,24.5,0.3,0.7,0.8,5.7,4.2,0.2,1.6,7.5,1.5,2,0
99,102,5,48,0.9,4.2,1.9,4.8,11.9,0.6,8.5,8.8,3,3.4,0
99,113,1,4,0.1,0.3,0.1,0.5,0.6,0,0.4,1.3,0.4,0.3,0
99,119,1,1,0,0.1,0,0.1,0.2,0,0.1,0.5,0,0,0
99,120,1,4,0,0.4,0.2,0.3,0.5,0,0.9,1.2,0.3,0.2,0
99,127,1,3,0,0.2,0.1,0.4,0.3,0,1,0.4,0.1,0.5,0
0,3,1,1,0,0.1,0.1,0.1,0.2,0,0.1,0.3,0,0.1,0
0,5,3,10,0.4,0.1,0.5,1.2,1.6,0.5,2.3,2.2,0.2,1,0
0,6,6,217,6.4,17.7,11.5,25.9,36.5,7.4,38.1,48.5,10.5,14.5,0
0,7,2,290,3.2,19,20.8,26.4,49.8,2.2,54.2,78,9.8,26.6,0
0,8,5,123.5,1.1,7.1,11.3,15.7,25.1,1.5,29.7,19.1,7.7,5.2,0
0,11,1,4,0.2,0.2,0.3,0.5,0.9,0,0.6,0.5,0.3,0.5,0
0,16,6,99,2,7,8.9,9.9,16.9,0,18.6,18.8,4,12.9,0
0,17,5,144.5,1.5,11.8,7.3,15.9,26.4,2.8,14.2,42.8,13.4,8.4,0
0,20,1,4,0.1,0.2,0.4,1,0.6,0.1,0.9,0.2,0.1,0.4,0
0,22,3,37,0,4.7,2,4.2,6.7,0.6,5.6,7.3,2.8,3.1,0
0,23,1,4.5,0,0.6,0.2,0.5,0.8,0.1,0.7,0.9,0.3,0.4,0
0,29,1,2,0.1,0.2,0,0.2,0.3,0.1,0.4,0.4,0.1,0.2,0
0,30,1,2,0.1,0.2,0,0.2,0.3,0.1,0.4,0.4,0.1,0.2,0
0,31,1,8,0.2,0.6,0.2,1,1.1,0.2,1.6,1.6,0.6,0.9,0
0,36,2,7,0.5,0.3,0.7,1.6,1.1,0.2,1.2,0.7,0.3,0.4,0
0,39,1,1,0.1,0.1,0,0.2,0.2,0,0.2,0.1,0.1,0,0
0,44,1,2,0,0.1,0,0.2,0.2,0,0.4,0.9,0,0.2,0
0,52,1,2,0,0.1,0.1,0.2,0.4,0,0.4,0.7,0.1,0,0
0,55,1,2,0,0.1,0.1,0.2,0.4,0,0.4,0.7,0.1,0,0
0,58,1,1,0,0.1,0,0.2,0.2,0,0.1,0.3,0.1,0,0
0,60,1,1,0.1,0,0.1,0.2,0.2,0,0.2,0.2,0,0,0
0,61,2,12.5,0.7,0.4,1,1.9,2.4,0,2.8,2.8,0,0.5,0
0,62,1,3,0,0.3,0.3,0.2,0.3,0.1,0.9,0.6,0,0.3,0
0,64,1,5,0,0.4,0.5,0.3,0.4,0.2,1.5,1.1,0,0.6,0
0,66,2,6,0,0.2,0.6,0.6,1,0,1.4,1.2,0.6,0.4,0
0,67,2,40,0,2.6,1.9,3.9,6.2,0,8.4,11.8,1.9,3.3,0
0,71,1,4,0.2,0.4,0.4,0.6,0.6,0,0.9,0.4,0.1,0.4,0
0,74,1,2,0.1,0.2,0.2,0.3,0.3,0,0.4,0.2,0.1,0.2,0
0,79,1,2,0.1,0.2,0.1,0.2,0.3,0,0.7,0.3,0.1,0,0
0,82,3,127.5,1.1,13.7,14.7,12.4,33,3,21.3,21.5,6.5,0.3,0
0,83,3,287,10,27.5,36.2,38.3,75.1,1,36.3,36.1,12.9,13.6,0
0,85,3,10,0.2,1.2,0.6,0.8,1.6,0,2.1,2.3,0.6,0.6,0
0,89,3,6,0,0.6,0.2,1.2,1.4,0,1.2,1,0.4,0,0
0,90,2,12,0.2,1.3,0.3,2.2,2.8,0,2.4,1.9,0.7,0.2,0
0,91,1,16,0.2,1.7,0.5,3,3.7,0,3.2,2.5,0.9,0.3,0
0,92,3,145.5,11,9.5,5.6,27.6,41.3,6.6,15.1,14.9,8.1,5.8,0
0,93,1,5,0,0.3,0.4,0.8,0.5,0.1,1,1.2,0.3,0.4,0
0,94,1,6,0,0.3,0.5,1,0.6,0.2,1.1,1.5,0.3,0.5,0
0,96,2,8,0,0.7,0.4,1,1.9,0.1,1.9,1.5,0.4,0.1,0
0,97,1,5,0,0.4,0.2,0.6,1.2,0.1,1.2,1,0.2,0.1,0
0,99,1,3,0.2,0.3,0.1,0.4,0.5,0.1,0.7,0.3,0.1,0.3,0
0,100,1,5,0.3,0.6,0.1,0.7,0.9,0.1,1.1,0.5,0.1,0.6,0
0,101,1,3,0.2,0.3,0.1,0.4,0.5,0.1,0.7,0.3,0.1,0.3,0
0,102,1,6,0,0.6,0.7,0.2,1.3,0.1,0.6,2.1,0,0.4,0
0,104,3,8,0,0.8,0.8,0.3,1.6,0.3,0.8,2.9,0,0.5,0
0,105,2,4,0,0.4,0.4,0.2,0.8,0.2,0.4,1.4,0,0.2,0
0,106,2,9,0,1.1,0.8,0.5,3,0,1.9,1.4,0,0.3,0
0,109,2,8,0.8,0.2,0.6,1.8,1.2,0.2,1.8,0.6,0,0.8,0
0,110,4,14.5,1.4,0.2,1,3.3,2.3,0.5,3.3,1,0,1.5,0
0,112,2,9,0,0.5,1.4,1.9,1.4,0,1.1,0.5,2.2,0,0
0,113,1,1,0,0,0.1,0.1,0.3,0.1,0.2,0.1,0.1,0,0
0,114,3,37,1.6,1.7,1.8,5,10.1,3.4,5.8,4.2,3.4,0,0
0,117,2,4,0.2,0,0,0.2,0.8,0.2,0.8,1.2,0.2,0.4,0
0,118,2,7.5,0.2,0.1,0,0.6,1.4,0.2,1.5,2.4,0.2,0.9,0
0,120,1,1,0,0.1,0.1,0.2,0.1,0,0.1,0.2,0.1,0.1,0
0,123,2,10,0.5,0.7,0.3,0.9,1.8,0.3,1.6,2.4,0.9,0.6,0
0,124,4,16.5,1.9,0.2,0.5,2.8,1.5,1,3,3.1,1.9,0.6,0
0,125,1,4,0.5,0.1,0.1,0.7,0.4,0.2,0.7,0.7,0.5,0.1,0
0,126,2,6,0.2,0.6,0.4,0.4,1.6,0,0.7,1.3,0.2,0.6,0
0,127,2,8,0.3,0.8,0.5,0.5,2,0,1.1,1.7,0.3,0.8,0
8,10,1,2,0,0.2,0.2,0.2,0.4,0,0.3,0.4,0.1,0.2,0
8,16,1,3,0.1,0.1,0.4,0.4,0.7,0,0.5,0.5,0.1,0.2,0
8,18,1,3,0.3,0.1,0.2,0.4,0.8,0,0.3,0.4,0.2,0.3,0
8,19,1,3,0.3,0.1,0.2,0.4,0.8,0,0.3,0.4,0.2,0.3,0
8,20,1,1,0.1,0,0.1,0.1,0.3,0,0.1,0.1,0.1,0.1,0
8,23,4,19,0.8,0,0.9,2.4,2.4,0.8,4,6.7,0,1,0
8,24,1,4,0.2,0,0.2,0.5,0.5,0.2,0.8,1.4,0,0.2,0
8,26,1,1,0.1,0.1,0,0.1,0.2,0,0.2,0.2,0,0.1,0
8,27,2,6,0.4,0.6,0.2,0.4,1.4,0,1.1,1.5,0,0.4,0
8,50,1,3,0,0.4,0.2,0.4,0.5,0,0.9,0.5,0.1,0,0
8,51,2,7,0,1,0.5,1,1,0,2.1,1.1,0.3,0,0
8,55,1,2,0.2,0.2,0.2,0.2,0.6,0,0.2,0.4,0,0,0
8,56,1,5,0.4,0.5,0.4,0.6,1.5,0,0.6,1,0,0,0
8,57,1,3,0.3,0.3,0.3,0.3,0.9,0,0.3,0.6,0,0,0
8,59,1,1,0,0.2,0,0.1,0.2,0,0.2,0.2,0.1,0,0
8,60,2,13,0.5,2.1,0.5,1.7,2.7,0.2,1.9,2.5,0.7,0.2,0
8,61,3,30.5,1.2,4.8,1.2,4.1,6.2,0.5,4.6,5.7,1.7,0.5,0
8,67,2,3,0.1,0.2,0.5,0.2,0.4,0.1,0.8,0.2,0.1,0.4,0
8,70,1,1,0,0.1,0.1,0.1,0.2,0,0.3,0.1,0.1,0,0
8,72,1,1,0,0.1,0.2,0.1,0.2,0,0.2,0.1,0,0.1,0
8,73,4,77,6.8,3.7,3.8,15.8,9.3,2.8,10.1,17.5,6.8,0.4,0
8,74,2,96,2.2,15.9,5.8,19.9,20.5,4.5,9.2,7.2,5.7,5.1,0
8,75,4,15,0.5,1.8,1.5,1.7,3.3,0.3,2.4,2.6,0.5,0.4,0
8,77,1,2,0,0.3,0.3,0.1,0.5,0,0.4,0.3,0,0.1,0
8,79,1,152.5,7.3,14.1,15.1,18.2,31.6,2.7,22.9,24.2,9.9,6.5,0
8,80,2,291.5,12.6,22.7,25.9,32.2,73.2,3.1,40.3,44.2,18.3,19,0
8,81,4,144,2.6,13,13.4,13,36.6,3.6,27.5,18.6,11,4.7,0
8,82,4,14,0,1,1.1,1.8,1.8,0.2,3.4,2.6,0.2,1.9,0
8,83,3,17,0,2.4,1.5,2.3,3.3,0.2,2.4,3.3,0.6,1,0
8,84,6,34,0,5.3,3.2,4.7,6.9,0.3,3.9,6.7,1.5,1.5,0
8,85,4,10,0,1.5,0.6,1.2,2.2,0,1.3,2.2,0.5,0.5,0
8,86,1,5,0.1,0.7,0.1,0.5,1.1,0,0.8,1.1,0.3,0.3,0
8,87,4,10,0.2,1.4,0.2,1,2.2,0,1.6,2.2,0.6,0.6,0
8,88,1,3,0.1,0.1,0.1,0.5,0.4,0,0.9,0.6,0.2,0.1,0
8,90,1,1,0,0,0,0.2,0.2,0,0.3,0.2,0.1,0,0
8,91,1,2,0.1,0.1,0.1,0.3,0.3,0,0.5,0.4,0.1,0.1,0
8,92,2,3,0,0,0,0,0.3,0,0.3,1.6,0,0.8,0
8,93,2,3,0,0.1,0,0.2,0.5,0,0.4,1.2,0.1,0.5,0
8,94,4,98,2,10,5,19.9,21.1,1.8,13.6,9.4,10.4,4.8,0
8,96,1,1,0,0.1,0,0.1,0.1,0,0.3,0.2,0.1,0.1,0
8,99,2,4,0,0.4,0.2,0.4,0.6,0,1.2,0.6,0.2,0.4,0
8,100,1,6,0.1,0.5,0.2,0.7,0.8,0.1,1.8,0.9,0.4,0.5,0
8,102,1,1,0,0.1,0,0.2,0.2,0,0.2,0.1,0.1,0.1,0
8,104,1,9.5,0.3,0.6,0,1.6,1.9,0,2.3,0.7,1.1,1,0
8,105,2,3,0,0,0.4,0.5,0.2,0,0.7,0.8,0.1,0.3,0
8,106,2,9,0,0,1.2,1.3,0.4,0.2,2.1,2.4,0.4,1,0
8,107,5,43,0,6.3,6.3,1.8,11.6,0.8,5.4,7.2,1,2.6,0
8,108,1,2,0,0.3,0.3,0.1,0.5,0,0.3,0.3,0.1,0.1,0
8,111,1,7,0.4,0,0.6,1.8,1.5,0,1.2,1.4,0.1,0,0
8,112,3,13,0.3,0.9,1.1,1.8,2.7,0.4,2.2,2.6,0.4,0.6,0
8,113,4,10,0.2,0.7,1.1,1,2.6,0.3,1.3,2.3,0.2,0.3,0
8,114,3,11,0.1,0.9,1.4,0.7,3.5,0.1,1.1,3,0,0.2,0
8,115,2,4,0,0.5,0.1,0.4,0.8,0,0.9,0.7,0.3,0.3,0
8,116,2,7,0,1,0.3,0.7,1.4,0,1.7,1.1,0.4,0.4,0
8,117,4,16,0,2.3,0.6,1.7,3.2,0,3.9,2.5,0.9,0.9,0
8,119,2,9,0.6,1.7,0.1,2.5,1.8,0.1,0.9,0.8,0.3,0.2,0
8,120,3,11,0.3,1,0.1,2.4,1.8,0.3,1.7,2.2,0.2,1,0
8,121,2,2,0,0,0,0.4,0.2,0,0.4,0.6,0,0.4,0
8,122,1,2,0.1,0.1,0.3,0.3,0.3,0,0.1,0.6,0.1,0.1,0
8,123,2,7,0.2,0.3,1,1.1,1.3,0,0.5,2.1,0.2,0.3,0
8,125,3,9,0.2,0.3,1.2,1.4,1.4,0,1,2.7,0.2,0.6,0
8,126,1,6,0.2,0,0.6,0.9,0.2,0,1.5,1.7,0,0.9,0
8,127,2,6,0.2,0,0.6,0.8,0.2,0,1.6,1.6,0,1,0
100,6,3,23,0,0,0,2.7,3.4,0,5.4,8.8,0,2.7,0
100,21,2,4,0.1,0.1,0.1,0.3,1.1,0,0.9,0.8,0.3,0.3,0
100,35,3,9,0.2,0.9,0.2,1.1,1,0.4,2.1,2.1,0.4,0.6,0
100,37,1,2,0.1,0.2,0,0.4,0.2,0.1,0.4,0.5,0.1,0,0
100,39,1,2,0.1,0.2,0,0.4,0.2,0.1,0.4,0.5,0.1,0,0
100,51,3,9,0.6,0.3,0,1.5,1.1,0.3,2.1,2.2,0,0.9,0
100,52,2,301.5,10,30.4,21,32.2,67.3,4,48.9,59.7,7.6,20.4,0
100,53,1,4,0,0.4,0,0.3,0.9,0,1,0.8,0.1,0.5,0
100,54,2,5,0,0.5,0,0.3,1.1,0,1.2,1,0.2,0.7,0
100,55,1,11,0.1,0.7,0.9,2.1,1.7,0.3,2.3,2,0.1,0.8,0
100,56,4,376,21.4,24.5,21.4,55.2,63.2,6.8,47.6,75,18.9,42,0
100,57,3,105,1.9,10.5,11.4,14.2,24.9,2,13.4,6.7,16.2,3.8,0
100,59,3,12,0.6,0.4,1,1.2,3,0.2,2.2,2.4,0.8,0.2,0
100,63,1,9,0.5,1.7,0,1.4,1.4,0.3,1.4,1.7,0,0.6,0
100,64,1,6,0.4,1.1,0,0.9,0.9,0.2,1,1.1,0,0.4,0
100,65,1,1,0,0.1,0.2,0.1,0.3,0,0.1,0.1,0.1,0,0
100,66,1,7,0.2,0.6,1.3,0.9,1.8,0,0.7,0.9,0.4,0.2,0
100,69,1,5,0.1,0.6,0.4,0.7,1.4,0,0.5,0.7,0.5,0.1,0
100,78,1,1,0,0.1,0,0.1,0.2,0,0.2,0.3,0.1,0,0
100,79,1,6.5,0,0.4,0,0.5,1.4,0.1,1.4,1.9,0.5,0.3,0
100,89,1,5,0,0.3,0.2,0.7,1.5,0,0.5,1.6,0.2,0,0
100,94,1,1,0,0.1,0.1,0.1,0.3,0,0.1,0.3,0,0,0
100,95,2,18,2.5,1.1,0.5,1.5,2.5,1.1,4.1,2.6,0.5,1.6,0
100,99,1,1,0,0,0,0.2,0.2,0,0.1,0.3,0.1,0.1,0
100,101,1,2,0,0,0.1,0.4,0.4,0,0.1,0.7,0.1,0.2,0
100,102,1,2,0,0.2,0.1,0.2,0.5,0,0.4,0.4,0.1,0.1,0
100,104,1,4,0.1,0.3,0.2,0.4,1,0.1,0.7,0.7,0.2,0.3,0
100,107,1,1,0,0,0.1,0.2,0.2,0,0.3,0.1,0.1,0,0
100,114,1,6,0.1,0.4,0.1,0.8,1,0,0.5,2,0.7,0.4,0
100,121,1,6,0,0.4,0.2,0.4,1.1,0,0.9,2.8,0.2,0,0
100,124,1,2,0,0.1,0.1,0.3,0.2,0,0.7,0.3,0,0.3,0
107,7,4,42.5,0,4.2,1,2.8,9.2,0,13.1,5.7,0.8,5.7,0
107,9,1,5,0.2,0.2,0.4,0.2,0.9,0.2,0.8,2.1,0,0,0
107,24,1,2,0.1,0.1,0.1,0.1,0.5,0,0.5,0.4,0.1,0.1,0
107,26,1,3,0.1,0.1,0.1,0.2,0.8,0,0.7,0.6,0.2,0.2,0
107,28,1,2,0.1,0.1,0.1,0.1,0.4,0,0.5,0.4,0.1,0.2,0
107,29,4,363,4.7,24.6,18.7,49,59.3,9.5,63.3,89.9,16,28,0
107,30,3,30,0.8,1,1.8,2.2,5.7,0,7.9,6.4,1,3.2,0
107,38,2,132.5,2,12.2,4.5,25.2,29.2,3,9,33.2,11.5,2.7,0
107,39,4,196.5,3,26,14,14,46,1,22,47.9,11.5,11.1,0
107,43,1,2,0.1,0,0.1,0.1,0.3,0.1,0.7,0.5,0,0.1,0
107,44,2,9,0.3,0.1,0.3,0.3,1.6,0.3,3.2,2.5,0,0.4,0
107,45,5,352,14.1,34.4,11.3,53,58.5,8.2,58.9,62.4,21.9,29.3,0
107,50,5,228,8.5,19.6,8,36.2,43.8,1.7,40.1,49.5,11.3,9.3,0
107,51,3,29,1.1,2.7,1.9,3.6,6.9,0.2,6,5,1.1,0.5,0
107,56,5,64,1,6.6,1.6,6.2,13.4,3,11.1,14.6,1.5,5,0
107,57,4,92.5,1.1,13.4,4.3,12.8,26.1,0.6,14,11.7,5.5,3,0
107,58,1,6,0.1,1,0.2,0.7,2,0.1,1,0.5,0.4,0,0
107,62,1,5,0,0.7,0.4,0,1.6,0,0.9,0.6,0.2,0.6,0
107,68,0,35,1,3,2.5,4,9.5,0,7,6,2,0,0
107,69,3,180,4.9,15,10.1,14,37.9,3,29.1,45,8,13,0
107,72,3,14,0.5,1.9,0.5,1.4,4.5,0,1.2,2.2,1,0.8,0
107,73,1,3,0.1,0.4,0.1,0.3,1,0,0.3,0.5,0.2,0.1,0
107,74,1,1,0,0.1,0.1,0.2,0.2,0,0.2,0.2,0,0,0
107,75,1,2,0,0.2,0,0.1,0.4,0.1,0.2,0.6,0.2,0.2,0
107,77,1,2,0,0.2,0,0.1,0.4,0.1,0.2,0.6,0.2,0.2,0
107,95,1,3,0,0,0.1,0.2,0.6,0,1.1,0.6,0,0.4,0
107,96,3,20,0,0.2,0.5,1.7,3.8,0,7.1,3.8,0.2,2.7,0
107,99,1,4,0,0.3,0,0.5,0.6,0.1,0.6,1.4,0,0.5,0
107,101,4,59,1.3,5.1,4.2,4.3,12,0.4,5.7,16.3,0,9.7,0
107,102,3,273,4.6,17.6,12.7,25.5,34.9,4.2,54.1,69.7,7.6,42.1,0
107,103,1,6,0.1,0.1,0.1,0.9,0.8,0.3,1,1.6,0.1,1,0
107,104,1,1,0,0,0,0.1,0.1,0,0.3,0.3,0,0.2,0
107,117,2,7,0,0.2,0,0.5,1,0,0.9,3.3,0.2,0.9,0
107,125,2,7,0,0,0,0.5,0.8,0,3,1.8,0,0.9,0
107,127,2,2,0,0,0,0.2,0.2,0,0.8,0.6,0,0.2,0
97,2,1,4,0.2,0,0.1,1.3,0.6,0.2,0.7,0.4,0.2,0.3,0
97,15,1,2,0,0.1,0.1,0.3,0.3,0,0.3,0.5,0.1,0.3,0
97,16,3,15,1,0,0.4,3,1.6,0.3,2.7,3.7,1.3,1,0
97,21,1,1,0.1,0,0,0.2,0.1,0,0.2,0.2,0.1,0.1,0
97,31,3,209.5,12.2,15.4,13.4,23,36.9,3.4,37.4,49.6,3,15.2,0
97,32,4,140.5,1,9.7,8.2,20.7,25.4,1,19.9,37,9.2,8.4,0
97,34,2,5,0,0.1,0.3,0.2,1.1,0,0.5,1.6,0.1,1.1,0
97,35,3,8,0,0.7,0.4,0.1,1.5,0,2,2.8,0,0.5,0
97,48,1,4,0.1,0.5,0.3,0.6,1,0.3,0.4,0.5,0.2,0.1,0
97,57,4,10,0,1.6,0.4,0.6,2,0,2.8,1.6,0,1,0
97,59,1,19,0.7,1.5,1.5,3.3,4.8,0,3.4,1.9,1.5,0.4,0
97,60,1,3,0.1,0.2,0.3,0.5,0.8,0,0.5,0.3,0.2,0.1,0
97,66,3,41,0.8,0,3.2,7.2,4.9,1.5,13,7.3,1.5,1.6,0
97,67,3,238,2,15.2,7,26.1,35.9,0.9,57,63.4,10.1,20.4,0
97,71,1,10,0,1.3,0.3,0.3,1.8,0,2.4,2.6,0.3,1,0
97,81,1,2,0,0.1,0.3,0.1,0.4,0,0.6,0.4,0,0.1,0
97,82,2,5,0.4,0.8,0,0.5,0.8,0,0.8,1.5,0,0.2,0
97,94,1,5,0.4,0.2,0.4,0.9,1.3,0,0.6,0.4,0.8,0,0
97,101,2,17,1.1,1.1,0.5,2.8,2.2,0,3.2,1.7,2.2,2.2,0
97,102,5,50.5,2,2.8,4.4,6.1,8.9,2,8.5,6.9,5,3.9,0
97,103,4,42,1.7,2.3,3.7,5,7.3,1.7,7.1,5.8,4.2,3.2,0
97,105,1,3,0.1,0.1,0.3,0.4,0.1,0.2,0.9,0.6,0.2,0.1,0
97,106,3,21.5,0.4,1,1.1,2.6,5.6,0,1.7,6.5,2.2,0.4,0
97,107,1,3,0.1,0,0,0.5,0.4,0,0.2,1.2,0.3,0.3,0
97,109,1,1,0.1,0,0,0.1,0.1,0,0.2,0.3,0.1,0.1,0
97,111,1,7,0.3,0,0.2,0.9,1,0.2,1.4,2,0.3,0.7,0
97,116,1,1,0,0.1,0.1,0.1,0.2,0,0.4,0.1,0,0,0
97,118,3,11,0.1,1.1,0.5,1,2.2,0.1,4,1.8,0,0.2,0
97,119,4,96,1.8,2.8,4.3,7.9,17.6,0.9,19.1,25.5,0.5,15.6,0
97,120,8,60,2.6,2.8,2.1,7.3,7.9,2.1,13.7,19.2,0,2.3,0
97,121,2,2,0.2,0.2,0,0.2,0.2,0,0.4,0.8,0,0,0
97,123,1,2,0,0.1,0.1,0.3,0.3,0,0.3,0.7,0.1,0.1,0
97,124,2,4,0.1,0.1,0.3,0.5,0.7,0,0.7,1.3,0.1,0.2,0
97,127,1,1,0,0,0.1,0.1,0.2,0,0.2,0.3,0,0.1,0
98,8,1,2,0,0,0,0.2,0.3,0,0.5,0.8,0,0.2,0
98,11,1,1,0,0,0,0.1,0.2,0,0.2,0.4,0,0.1,0
98,14,1,4,0,0,0,0.5,0.6,0,0.9,1.5,0,0.5,0
98,19,1,2,0.1,0.1,0.1,0.1,0.5,0,0.5,0.4,0.1,0.1,0
98,29,1,1,0,0.1,0.1,0.1,0.1,0,0.3,0.2,0,0.1,0
98,35,2,3,0.3,0,0,0.3,0.3,0,0.6,1.2,0,0.3,0
98,49,1,3,0.2,0.1,0,0.5,0.4,0.1,0.7,0.7,0,0.3,0
98,56,2,47,0,1.2,2.9,4,6.5,0,7.1,18.8,0,6.5,0
98,58,2,5,0,0.5,0.5,0.7,1.2,0.1,0.7,0.3,0.8,0.2,0
98,59,1,19,1,0.7,1.6,2,4.6,0.3,3.6,3.6,1.3,0.3,0
98,64,1,11,0.7,2.1,0,1.7,1.7,0.3,1.7,2.1,0,0.7,0
98,66,1,2,0,0.2,0.4,0.3,0.5,0,0.2,0.3,0.1,0,0
98,75,2,148,7.1,16.3,7.8,23.5,32.6,3.2,19.1,20.1,5.9,12.4,0
98,76,2,148.5,4.2,10.5,5.2,13.1,26.2,0.2,20,42.1,4.5,22.5,0
98,77,3,22,0.3,2.7,1.3,2.3,5.7,0.3,3.3,3.4,2.2,0.5,0
98,92,1,2,0,0.1,0.1,0.3,0.6,0,0.2,0.6,0.1,0,0
98,101,3,92,3.7,4.8,3.9,16.7,14.3,1.8,9.6,17.1,10.3,9.8,0
98,102,6,184,5.4,11.4,8,22.8,37.6,2,24.8,40.3,12.9,18.8,0
98,103,4,20,0.4,1.7,0.8,2,4.9,0.3,3.5,3.7,1.2,1.5,0
98,105,2,6,0.2,0,0.6,1.3,1.1,0,1.7,0.6,0.5,0,0
98,108,1,2,0,0.1,0.1,0.3,0.3,0,0.2,0.7,0.2,0.1,0
98,109,3,9,0.2,0.6,0.3,1.2,1.4,0,0.8,3,0.9,0.6,0
98,111,1,2,0,0.1,0.1,0.3,0.3,0,0.2,0.7,0.2,0.1,0
98,117,1,1,0,0.1,0.1,0,0.3,0,0.2,0.2,0,0.1,0
98,118,1,1,0,0.1,0,0.1,0.2,0,0.1,0.5,0,0,0
98,119,2,17,0,1,0.6,1,3.2,0,2.7,7.9,0.6,0,0
98,120,6,44,0,4.6,1.9,3.6,6.3,0,9.3,14,2.7,1.6,0
98,121,2,4,0,0.4,0.2,0.4,0.6,0,0.8,1.2,0.2,0.2,0
98,122,1,2,0,0.1,0.1,0.3,0.2,0,0.7,0.3,0,0.3,0
98,124,1,2,0,0.1,0.1,0.3,0.2,0,0.7,0.3,0,0.3,0
98,126,1,3,0,0.2,0.1,0.4,0.3,0,1,0.4,0.1,0.5,0
121,1,3,24,1,0.3,0.3,2.1,2.4,1.3,3.8,11.3,0,1.5,0
121,2,1,7,0.1,0.5,0.4,0.8,0.7,0.1,1.8,1.8,0.4,0.4,0
121,11,4,147,2.6,12.3,7.1,17.8,18.1,3.6,25,34.1,7.9,18.5,0
121,12,4,61,1,5.4,3.1,4.4,14.5,0.1,6.3,17.7,4.1,4.4,0
121,13,1,1,0,0.1,0,0.1,0.2,0,0.1,0.4,0,0.1,0
121,16,1,2,0,0,0,0.6,0.2,0.1,0.6,0.4,0,0.1,0
121,20,1,2,0,0,0,0.6,0.2,0.1,0.6,0.4,0,0.1,0
121,27,1,2,0.1,0.1,0.1,0.2,0.4,0.1,0.3,0.5,0.1,0.1,0
121,29,1,11,0.7,0.9,0.9,2.1,2.5,0,0.9,2.5,0.5,0,0
121,31,1,2,0.1,0.2,0.2,0.4,0.4,0,0.2,0.4,0.1,0,0
121,39,2,66.5,2.5,4.3,4.2,11.4,14.7,1.3,10.4,9.8,5.5,2.4,0
121,40,5,352.5,9,28.7,24.7,48.4,66.5,4.2,60.6,59.1,15.5,35.8,0
121,44,1,17,0.6,1.1,0.6,4,2.2,0.6,2,5.1,0.8,0,0
121,45,1,424.5,7.7,42.8,19.7,59.3,92.8,7.7,64.4,81.6,26.8,21.7,0
121,46,3,24.5,0.5,0.7,0,3.2,2.7,0.3,5.4,7.9,2,1.8,0
121,50,1,3,0,0,0.1,0.6,1,0,0.5,0.6,0.1,0.1,0
121,51,2,6,0.3,0.5,0.2,1.6,0.9,0,0.9,1,0.2,0.4,0
121,52,3,10,0,0,0.4,2,3.2,0,1.7,2,0.4,0.3,0
121,57,1,4,0.1,0.1,0.2,0.5,0.4,0,1.2,1.3,0.1,0.1,0
121,61,1,2,0,0,0.1,0.2,0.2,0,0.6,0.7,0.1,0.1,0
121,66,1,1,0.1,0.1,0,0.2,0.1,0,0.2,0.2,0.1,0,0
121,73,1,3,0.1,0.1,0,0.2,0.5,0,0.7,0.9,0.1,0.4,0
121,76,1,3,0.1,0.4,0.2,0.2,0.5,0,0.6,0.8,0,0.2,0
121,97,1,2,0,0.1,0.1,0.2,0.3,0,0.5,0.5,0,0.3,0
121,98,2,21,0,0.7,0.7,2.6,3.6,0,5.1,5.4,0,2.9,0
121,102,7,69,0.2,6.7,7.4,6.7,14.4,2.3,9.6,16,2.1,3.6,0
121,103,4,39,1.1,2.1,3.1,4.7,4.4,0.2,7.1,11.2,0.9,4.2,0
121,104,1,2,0,0.1,0.2,0.1,0.3,0,0.4,0.6,0.1,0.2,0
121,105,2,7,0.1,0.4,0.6,0.7,1.1,0,1.4,1.7,0.5,0.5,0
121,107,1,1,0,0.1,0,0.2,0.2,0,0.2,0.1,0.1,0.1,0
121,108,1,1.5,0,0.2,0.1,0.2,0.5,0,0.1,0.4,0,0,0
121,112,1,2,0,0.2,0.2,0.3,0.6,0.1,0.1,0.5,0,0,0
121,113,1,2,0,0.2,0.2,0.3,0.6,0.1,0.1,0.5,0,0,0
121,121,2,9,0,0.6,0.2,0.6,1.8,0,1.5,3,0.6,0.7,0
121,124,1,2,0,0.1,0,0.1,0.6,0.2,0.6,0.2,0.1,0.1,0
121,125,1,4,0,0.2,0.4,0.2,0.5,0,1.6,1.1,0,0,0
111,7,1,3,0,0.3,0.1,0.2,0.6,0,0.9,0.4,0.1,0.4,0
111,14,2,55,0,2,0.9,4.7,7.5,1,14.3,12.9,4.4,7.3,0
111,15,2,17,0.5,0.5,1.2,0.9,3.2,0.5,2.9,6.1,0.5,0.7,0
111,20,1,4,0,0.2,0.1,0.1,0.5,0,0.9,0.6,0.2,0.6,0.8
111,21,1,16,0,0.7,0.4,0.4,2.2,0,3.6,2.5,0.7,2.2,3.3
111,24,1,2,0.1,0.1,0.1,0.1,0.5,0,0.5,0.4,0.1,0.1,0
111,31,2,5,0.2,0.7,0.1,0.7,0.9,0,1,0.9,0.2,0.3,0
111,41,3,351,5.8,24.4,25.3,34.3,65.1,9.3,56.4,85.5,15.7,29.2,0
111,42,2,16,0.2,1.6,1.6,1,3.6,0.2,3.7,2.9,0.7,0.5,0
111,44,1,3,0.1,0.3,0.3,0.4,0.6,0.1,0.4,0.4,0.3,0.1,0
111,47,2,34,0.6,2.8,2.8,5.6,4,2.3,7.4,5.1,3.4,0,0
111,48,3,557.5,40.3,47.5,28.3,103.8,85.4,15.3,72.1,88.7,33.3,42.8,0
111,49,3,81,2.7,5.2,4.3,7.9,16.9,0.3,21,13.7,2.8,6.2,0
111,57,1,2,0.2,0,0,0.5,0.2,0,0.6,0.4,0,0.1,0
111,72,1,10,0,0.9,0,1.1,1.2,0.2,1.6,2.7,0.7,1.6,0
111,74,1,3,0,0.3,0,0.3,0.3,0.1,0.5,0.8,0.2,0.5,0
111,77,3,16,0.7,1.3,0.3,1.8,1.5,0,4.4,5.5,0.1,0.4,0
111,83,1,3,0,0.1,0.1,0.1,0.4,0,1.1,1.2,0,0,0
111,96,2,6,0,0.1,0.4,0.4,1.3,0.1,0.6,2.3,0,0.8,0
111,97,2,4,0,0.1,0.2,0.3,0.8,0.1,0.7,1.3,0,0.5,0
111,103,1,20,2,0.5,1.5,2.5,2.5,0,2,7,0,2,0
111,104,3,22,0.9,0.8,1.7,4.6,3.9,0.8,2.4,4.4,1.5,1,0
111,118,1,1,0,0,0,0.1,0.2,0,0.1,0.5,0,0.1,0
111,119,1,1,0,0.1,0,0.1,0.2,0,0.1,0.3,0,0.2,0
111,122,1,1,0,0,0,0.1,0.2,0,0.2,0.2,0.1,0.2,0
111,125,1,9,0.3,0.4,0.1,1,1.4,0.3,1.4,2.1,0.6,1.4,0
111,126,1,2,0.1,0,0.1,0.2,0.2,0.1,0.5,0.6,0,0.2,0
111,127,2,9,0.3,0.8,0,1.9,1.9,0.5,0.9,1.9,0.3,0.5,0
94,8,1,1,0,0.2,0.1,0.2,0.1,0,0.2,0.1,0.1,0,0
94,10,2,3,0.1,0.6,0.3,0.5,0.3,0,0.5,0.4,0.2,0.1,0
94,12,4,35.5,1.1,6.4,3.1,5.8,4.2,0.6,5.8,5.1,2.3,1.1,0
94,13,4,86,1,6.8,6.7,12,12.8,0.3,12,20.7,4.9,8.8,0
94,25,6,20,0.3,1.2,1.3,1.2,3,0.1,2.8,7.7,1.1,1.3,0
94,26,6,130,2.6,13.1,7.7,14.7,21.8,1.6,21.7,33.5,3.6,9.7,0
94,27,1,1,0,0,0,0.1,0.1,0,0.1,0.5,0,0.2,0
94,29,1,2,0.1,0.2,0,0.2,0.6,0,0,0.6,0.2,0.1,0
94,39,2,9,0,0.8,0.4,0,1.7,0,2.4,3.3,0,0.4,0
94,46,1,1,0,0.1,0.1,0.1,0.3,0,0.1,0.2,0,0.1,0
94,48,1,2,0.1,0.2,0.2,0.2,0.5,0,0.3,0.3,0.2,0,0
94,49,4,50,2.3,6.8,1.7,8,12.7,0.8,6.4,5,2.6,3.7,0
94,51,1,2,0,0.2,0.2,0.3,0.5,0.1,0.2,0.3,0.1,0.1,0
94,58,1,3,0.1,0.2,0.3,0.5,0.8,0,0.5,0.3,0.2,0.1,0
94,62,1,4,0.1,0.3,0.4,0.8,0.1,0,0.7,1.3,0,0.3,0
94,63,1,3,0.1,0.3,0.2,0.6,0.8,0,0.3,0.4,0.2,0.1,0
94,64,1,3,0.1,0.2,0.3,0.6,0.1,0,0.5,1,0,0.2,0
94,67,3,134,5.8,6,3.8,14.9,21,1.4,22.8,35.8,3.4,19.1,0
94,68,4,29,1.3,2,1.2,5.3,3.5,1.6,5.7,4.6,1.6,2.2,0
94,69,1,13,0.3,1.4,0.9,1.9,1.7,0.5,2.9,1.7,0.5,1.2,0
94,75,1,3,0,0.4,0.1,0.1,0.5,0,0.7,0.8,0.1,0.3,0
94,76,1,1,0,0.1,0.1,0.1,0.2,0,0.3,0.2,0,0,0
94,83,1,4,0.3,0.7,0,0.3,0.7,0,0.7,1.1,0,0.2,0
94,86,1,1,0,0,0.1,0,0.1,0,0.4,0.2,0,0.2,0
94,91,1,2,0.1,0.1,0.2,0.4,0.5,0,0.2,0.2,0.3,0,0
94,102,1,3,0.1,0.2,0.2,0.4,0.7,0.2,0.2,0.6,0.1,0.3,0
94,103,6,20,0.6,1.3,1.6,2.4,3.5,1.2,3.1,4,0.9,1.4,0
94,107,1,1,0,0.1,0,0,0.3,0,0.2,0.3,0,0.1,0
94,109,1,2,0.1,0,0.1,0.2,0.3,0,0.4,0.6,0.1,0.2,0
94,113,1,1,0.1,0,0,0.1,0.1,0,0.2,0.3,0.1,0.1,0
94,116,1,3,0,0.4,0.1,0.2,0.6,0,1.3,0.4,0,0,0
104,20,2,5,0.2,0.2,0.2,0.3,1.3,0,1.2,1,0.3,0.3,0
104,24,1,1,0,0.2,0.1,0.1,0.2,0,0.1,0.2,0,0.1,0
104,29,2,6,0.4,0.6,0.2,0.6,1.4,0,0.8,1.2,0.2,0.6,0
104,45,1,3,0.1,0.1,0.1,0.1,0.5,0.1,1.1,0.8,0,0.1,0
104,52,1,3,0.1,0.3,0.2,0.4,0.7,0.1,0.6,0.4,0.2,0,0
104,59,1,8,0.1,0.8,0.9,0.5,2,0.2,1.1,2,0.2,0.2,0
104,60,3,294.5,12.5,17.9,20.6,33.6,54.2,7,46.1,66.3,10.6,25.7,0
104,61,3,314.5,9,27.1,14.3,44.2,65.4,5,46.2,58.2,17.6,27.5,0
104,65,1,2,0.1,0.1,0.1,0.3,0.3,0,0.4,0.3,0.2,0.2,0
104,66,4,95,2.3,6,9.8,8.5,18.5,0.3,15.5,22.9,3.4,7.8,0
104,73,4,27.5,1,2.1,1.5,3.8,4.1,0.3,5.9,6,1.5,1.3,0
104,84,1,1,0,0,0.1,0.2,0.2,0,0.1,0.3,0,0.1,0
104,88,1,6,0,0.6,0.3,0.8,1.5,0,1,1.3,0.4,0.1,0
104,89,3,19,0,1.7,0.8,2.7,4.9,0,3.2,4,1.3,0.4,0
104,91,1,2,0,0,0.1,0.1,0.1,0,0.7,0.8,0,0.2,0
104,92,1,3,0,0.2,0.1,0.4,0.9,0,0.3,1,0.1,0,0
104,102,4,48,2,3,1.4,4.9,13.4,2,5.8,8.1,0.1,7.3,0
104,104,1,2,0,0.1,0,0.2,0.1,0,0.6,0.6,0.1,0.3,0
104,105,2,11,0,0.8,0.9,1,2.5,0.4,2.2,1.6,0.5,1.1,0
104,114,1,1,0,0.1,0,0.1,0.2,0,0.1,0.3,0.1,0.1,0
104,116,2,7,0,1,0.5,0,2.2,0,1,1.5,0.2,0.6,0
104,118,1,1,0,0,0,0.1,0.2,0,0.1,0.5,0,0.1,0
104,120,1,2,0,0.3,0.1,0,0.6,0,0.3,0.4,0.1,0.2,0
104,125,4,16,0,1,0.3,1.9,1.7,0,5.8,2.6,0.3,2.4,0
101,23,3,75,0,12.1,5,9.3,14.5,0.9,8.8,16.3,3.8,4.3,0
101,24,3,21,0,0.8,2.3,0.4,2.9,0,3,7.9,0.7,3,0
101,26,2,3,0,0.6,0.2,0.4,0.6,0,0.3,0.6,0.1,0.2,0
101,33,1,1,0,0.1,0.1,0.1,0.1,0,0.3,0.2,0,0.1,0
101,37,1,23,1.4,1.9,1.4,1.9,3.4,1,6.2,4.8,1,0,0
101,38,3,172.5,4.4,17,10.3,19.4,40.2,2.1,33.3,25.2,12.6,8,0
101,39,1,15,0.5,1.7,0,2.8,1.1,1.1,2.8,3.9,1.1,0,0
101,46,1,1,0.1,0.1,0,0.1,0.2,0,0.2,0.3,0,0,0
101,48,1,1,0.1,0,0,0.2,0.1,0,0.2,0.3,0,0.1,0
101,49,1,1,0.1,0,0,0.2,0.1,0,0.2,0.3,0,0.1,0
101,51,1,4,0.3,0.1,0,0.7,0.5,0.1,0.9,1,0,0.4,0
101,52,4,52,0.8,5.9,3.3,5.9,12.6,1.7,11,7.5,3.2,0.1,0
101,53,1,8,0.1,0.9,0.5,0.9,1.9,0.3,1.7,1.2,0.5,0,0
101,57,1,5,0.3,0.2,0.4,0.5,1.2,0.1,0.9,1,0.3,0.1,0
101,67,1,2,0,0.2,0.4,0.3,0.5,0,0.2,0.3,0.1,0,0
101,75,1,2,0,0.3,0.1,0.2,0.5,0,0.3,0.3,0.2,0.1,0
101,76,3,11,0,0.7,0,0.8,2.3,0.3,2.4,3.2,0.8,0.5,0
101,77,2,5,0,0.3,0,0.4,1,0.2,1.1,1.5,0.3,0.2,0
101,79,1,1,0,0.1,0,0.1,0.2,0,0.2,0.3,0.1,0,0
101,80,1,1,0,0.1,0,0.1,0.2,0,0.2,0.3,0.1,0,0
101,86,2,5,0,0.2,0,0.2,1.8,0,0.8,1.5,0,0.5,0
101,93,1,4,0,0.3,0.2,0.5,1.2,0,0.4,1.3,0.1,0,0
101,94,1,2,0,0.1,0.1,0.3,0.6,0,0.2,0.6,0.1,0,0
101,95,2,6,0.1,0.4,0.2,0.8,1.6,0.1,0.7,1.8,0.2,0.1,0
101,101,3,14,0.6,0.4,0.5,2.4,2.5,0.2,1.5,4,0.6,1.3,0
101,102,1,1,0,0,0.1,0.2,0.2,0,0.3,0.1,0.1,0,0
101,103,1,4,0.2,0,0.4,0.9,0.7,0,1.1,0.4,0.3,0,0
101,107,1,3,0.1,0,0.3,0.7,0.5,0,0.8,0.3,0.3,0,0
101,110,1,2,0,0.1,0.1,0.3,0.3,0,0.2,0.7,0.2,0.1,0
101,115,1,1,0,0.1,0.1,0,0.3,0,0.2,0.2,0,0.1,0
101,116,2,3,0,0.4,0.2,0,0.9,0,0.5,0.6,0.1,0.3,0
101,119,1,2,0,0.3,0.1,0,0.6,0,0.3,0.4,0.1,0.2,0
101,122,1,4,0,0.3,0.1,0.5,0.4,0,1.4,0.6,0.1,0.6,0
101,123,1,3,0,0.2,0.1,0.4,0.3,0,1,0.4,0.1,0.5,0
115,8,2,14,0.9,0.6,1.1,2.4,2.9,0,1.4,2.9,0.5,1.3,0
115,15,1,4,0.2,0,0.1,0.5,0.9,0.1,0.5,1.3,0.2,0.2,0
115,18,1,1,0.1,0,0,0.1,0.2,0,0.1,0.3,0.1,0.1,0
115,44,1,9,0.3,0.9,0.7,1.2,1.8,0.4,1.2,1.2,0.9,0.4,0
115,46,3,5,0,0.2,0,0.7,1,0,1.3,1.5,0,0.3,0
115,48,2,7,0,0.4,0.2,0.6,0.9,0,1.3,2.7,0.3,0.6,0
115,49,1,1,0,0.1,0,0.1,0.1,0,0.1,0.4,0.1,0.1,0
115,50,2,2,0,0.2,0,0.2,0.2,0,0.2,0.8,0.2,0.2,0
115,51,3,130.5,2,5,6.4,12,17,1,32,35,8,12.1,0
115,52,1,6,0,0.4,0.2,0.5,1.5,0.1,0.6,1.9,0.2,0.6,0
115,56,1,1,0,0,0.1,0.1,0.1,0,0.4,0.3,0,0,0
115,61,2,3,0,0,0.3,0.2,0.4,0,1.1,0.9,0,0.1,0
115,63,3,10,0.8,0,0.6,0.6,2,0.2,2.4,2.6,0,0.8,0
115,64,0,80.5,3,6,7,13,8,1,15,15,4.5,8,0
115,65,1,572,19.3,44,38.6,72.6,94.3,8.3,84.6,125.9,26.5,57.9,0
115,66,4,416,14.5,17.5,21.6,63.2,70.7,10,59.4,93.6,20.5,45,0
115,73,1,1,0.1,0.1,0.1,0.1,0.1,0,0.2,0.2,0,0.1,0
115,75,1,4,0.2,0.5,0.2,0.5,1,0,0.9,0.5,0,0.2,0
115,87,1,1,0,0,0,0.1,0.1,0,0.4,0.4,0,0,0
115,92,1,3,0.1,0,0.1,0.3,0.7,0,0.7,0.7,0.3,0.1,0
115,100,2,7,0,0.3,0.1,0,1.1,0,2,2.4,0,1.1,0
115,101,1,180,4,23.3,10.1,25,28.2,4,31,34.4,10,10,0
115,102,3,55.5,5,4,1.1,11.3,15.2,2,4.1,6.2,4.5,2.1,0
115,103,1,1,0,0,0,0.1,0.3,0,0.3,0.3,0,0,0
115,111,1,1,0,0.1,0,0.1,0.1,0,0.3,0.3,0,0.1,0
115,114,1,2,0,0.1,0.1,0.2,0.2,0,0.6,0.6,0,0.2,0
115,117,1,2.5,0,0.2,0,0.2,0.6,0,0.3,0.7,0.1,0.4,0
115,121,1,2,0,0.2,0,0.2,0.5,0,0.3,0.5,0,0.3,0
115,124,5,58,2.5,5.8,4.4,7.4,18.2,0.4,5.8,5.4,5.6,2.5,0
115,125,6,31,1.3,2.7,2.3,3.7,8.3,0.4,3.2,5.5,2.3,1.3,0
115,126,1,4,0.1,0.1,0.2,0.5,0.5,0.1,0.5,1.9,0,0.1,0
102,3,1,2,0,0,0,0.2,0.3,0,0.5,0.8,0,0.2,0
102,17,1,1,0,0,0,0.1,0.3,0,0.2,0.2,0.1,0.1,0
102,23,1,99.5,4,4.1,4.7,8.3,12.3,1,12.3,31,4.5,16.3,1
102,24,3,159,5,10,10.5,23.3,28.2,7.5,20.2,28.6,8.5,17.2,0
102,26,1,2,0,0.4,0.1,0.3,0.4,0,0.2,0.4,0.1,0.1,0
102,29,2,95.5,3.2,5,6.7,15.5,13,1.2,18.1,15.3,6.5,11,0
102,30,1,21,0.7,1.5,0.8,1.5,3,0.7,3,9.8,0,0,0
102,38,1,126.5,3.1,7.2,4.1,21.2,21.3,5.1,13.5,32.4,3.6,15,0
102,47,3,150,8.4,11.5,6.4,23,28.6,3.3,21.3,29.7,8.5,9.3,0
102,48,4,245.5,12.8,25.2,10.1,38.6,40.1,6,38.9,40.5,18,15.3,0
102,49,1,4,0.3,0.1,0,0.7,0.5,0.1,0.9,1,0,0.4,0
102,57,1,4,0.2,0.1,0.3,0.4,1,0.1,0.7,0.8,0.3,0.1,0
102,60,1,2,0,0.1,0.1,0.2,0.5,0,0.3,0.5,0.1,0.2,0
102,63,1,4,0.1,0.3,0.8,0.5,1.1,0,0.4,0.5,0.2,0.1,0
102,67,1,9,0.2,0.7,1.7,1.2,2.4,0,0.9,1.2,0.5,0.2,0
102,72,1,2,0,0.2,0.1,0.2,0.4,0,0.4,0.5,0.1,0.1,0
102,73,3,61,0.2,5,3.5,7.2,13.5,1,10.6,14.9,2.9,2.2,0
102,74,1,4,0.1,0.5,0.3,0.5,1.1,0,0.4,0.6,0.4,0.1,0
102,81,1,2,0,0.1,0,0.2,0.4,0.1,0.4,0.6,0.1,0.1,0
102,85,1,2,0,0.1,0,0.1,0.7,0,0.3,0.6,0,0.2,0
102,86,2,28.5,0,1.9,0,2.4,6.8,0,7.2,4.4,1,4.8,0
102,94,1,5,0,0.3,0.2,0.7,1.5,0,0.5,1.6,0.2,0,0
102,95,1,10,1.4,0.6,0.3,0.8,1.4,0.6,2.3,1.4,0.3,0.9,0
102,101,1,1,0.1,0.1,0,0.1,0.1,0.1,0.2,0.2,0,0.1,0
102,103,3,6,0.2,0,0.6,1.3,1.1,0,1.6,0.6,0.6,0,0
102,117,1,3,0,0.4,0.2,0,1,0,0.4,0.7,0.1,0.2,0
102,122,1,4,0,0.3,0.1,0.5,0.4,0,1.4,0.6,0.1,0.6,0
102,123,1,1,0,0.1,0,0.1,0.1,0,0.3,0.2,0,0.2,0
116,8,3,134,3.1,12.1,8,20.2,17.3,4.5,26.6,23.9,6.1,12.2,0
116,9,2,56,0,5.4,3.5,4.8,11.9,1.4,13.1,7.7,3.1,5.1,0
116,32,1,8,0,0.6,0.5,0.8,1.9,0,1.2,2.5,0.3,0.2,0
116,43,1,10,0.4,1,0.8,1.3,1.9,0.4,1.4,1.4,1,0.4,0
116,44,1,3,0.1,0.3,0.3,0.4,0.6,0.1,0.4,0.4,0.3,0.1,0
116,46,1,3,0,0.1,0,0.4,0.6,0,0.8,0.9,0,0.2,0
116,47,5,16,0,2,1.1,2.8,4,0.3,1.8,3,0.7,0.3,0
116,48,2,7,0,0.4,0.2,0.5,0.8,0,1.2,2.8,0.4,0.7,0
116,49,3,442,6.7,38.6,23.9,57.8,77.1,6,60.2,98.3,22.8,50.6,0
116,50,1,842.5,26.5,68.3,56.4,112.8,142.3,11,105.1,177.5,37.3,105.3,0
116,51,3,323,11.5,21,22.8,44.9,56.5,7,50.7,76.5,15.9,16.2,0
116,52,2,7,0,0.5,0.3,0.5,1.8,0,0.7,2.3,0.2,0.7,0
116,54,1,3,0,0.2,0.1,0.2,0.8,0,0.3,1,0.1,0.3,0
116,62,1,2,0.2,0,0.1,0.1,0.4,0,0.5,0.5,0,0.2,0
116,63,1,1,0.1,0,0,0.1,0.2,0,0.2,0.3,0,0.1,0
116,65,4,32,0.7,2.1,3,4.6,6.7,0.7,6.8,5,0.7,1.7,0
116,66,1,9,0.2,0.7,0.9,1.3,1.9,0.2,1.9,1.3,0.2,0.4,0
116,72,3,15,0.1,1.6,1.7,1.9,3.2,0,2.4,3.8,0,0.3,0
116,73,6,212,4.1,21.7,10.9,26.4,35.5,2,40.1,44.8,5.8,20.7,0
116,75,2,7,0.3,0.8,0.3,1,1.8,0,1.5,1,0,0.3,0
116,83,2,12,0.2,1,0.6,1,1.4,0,3.9,2.2,0.6,1.1,0
116,100,2,35,0,2.2,4.2,3,6.4,0,7.2,8.8,0,3.2,0
116,101,2,49,1,1.6,2.3,3,11.9,0,6.8,15.8,2,4.6,0
116,103,1,9,0,0,0.3,0.7,2.7,0,2.3,2.7,0,0.3,0
116,105,4,35,1.4,0.8,1.9,5.1,5.6,0.4,6.6,7.5,2.2,3.5,0
116,106,5,55,1.7,3.9,3,6.5,8,0.4,10.3,11,2.5,7.7,0
116,109,2,4,0,0.2,0.2,0.4,0.4,0,1.2,1.2,0,0.4,0
116,113,1,2,0,0.1,0.1,0.2,0.2,0,0.6,0.6,0,0.2,0
116,123,1,4,0.1,0.2,0.2,0.5,0.6,0,0.6,1.1,0.1,0.6,0
116,124,4,81,3,5.6,3.5,12.4,14.6,1.2,17,12.4,2.1,9.2,0
116,125,8,109.5,2.5,7.9,6.9,12,23,0.6,15.8,29,3.2,8.6,0
116,126,1,2,0.1,0.1,0.1,0.2,0.2,0.1,0.2,0.9,0,0.1,0
116,127,1,3,0,0.1,0.1,0.4,0.5,0.1,0.8,0.8,0.1,0.1,0
3,2,3,10,0.3,1,0.4,0.7,1.8,0.3,1,3.2,0.3,1,0
3,6,1,8,0,0.6,1,0.8,1.5,0,2,1.8,0.3,0,0
3,7,1,4,0.3,0.1,0.2,0.6,0.4,0,0.6,1.1,0.3,0.4,0
3,8,3,29,2.4,0.8,1.7,4.1,2.6,0,4.1,8.1,2.6,2.6,0
3,9,2,6,0.6,0.6,0.4,1.4,0.8,0,0.8,0.4,0.4,0.6,0
3,10,1,7.5,0.8,0.7,0.6,1.7,0.9,0,0.9,0.6,0.5,0.8,0
3,17,1,1,0,0.1,0.1,0.3,0.1,0,0.2,0.1,0,0.1,0
3,19,1,1,0,0.1,0.1,0.3,0.1,0,0.2,0.1,0,0.1,0
3,24,1,1,0,0,0,0.2,0.2,0,0.3,0.3,0,0,0
3,27,1,1,0,0,0,0.2,0.2,0,0.3,0.3,0,0,0
3,30,4,23,0.8,3.1,2.2,4.5,4.9,0.6,2.9,1.9,1.5,0.6,0
3,33,3,109,3.6,13.2,8.6,11.7,21.6,0.2,15.7,15.5,3.7,15.2,0
3,34,5,31,0,0,1.9,2,6.8,0.9,7.7,11.7,0,0,0
3,37,6,34.5,1.9,2.3,0,2.5,6.3,3.2,3.5,10.4,1.7,2.7,0
3,38,3,4,0.1,0.3,0,0.3,0.8,0.4,0.4,1.2,0.1,0.4,0
3,39,2,28.5,0.8,2.6,0.9,5.3,3.5,0,7,5.3,3.1,0,0
3,41,1,5,0.3,0.2,0.5,1.1,0.8,0.2,0.9,0.5,0.2,0.3,0
3,44,1,2,0,0.1,0.1,0.3,0.6,0,0.2,0.6,0,0.1,0
3,45,1,7,0,0.4,0.2,1.1,2,0.1,0.7,2,0.2,0.3,0
3,47,1,2,0,0.1,0.1,0.3,0.6,0,0.2,0.6,0,0.1,0
3,51,3,10,0.2,0.3,0.6,0.8,1.8,0.2,2,3.4,0.5,0.2,0
3,52,1,5,0.1,0,0.2,0.5,1,0,1.2,1.6,0,0.4,0
3,54,1,2,0.1,0,0.1,0.2,0.4,0,0.5,0.6,0,0.1,0
3,57,1,13,0,0.7,0.4,2.2,2.9,0.3,2.2,1.8,1.1,1.4,0
3,59,1,1,0,0.1,0,0.2,0.2,0,0.1,0.3,0.1,0,0
3,62,1,2,0,0.2,0.2,0.1,0.2,0.1,0.6,0.4,0,0.2,0
3,64,1,4,0,0.3,0.4,0.3,0.3,0.2,1.2,0.9,0,0.4,0
3,65,2,5,0,0.5,0.5,0.3,0.5,0.2,1.5,1,0,0.5,0
3,67,1,3,0,0.3,0.3,0.2,0.3,0.1,0.9,0.6,0,0.3,0
3,68,1,1,0,0.1,0.1,0.1,0.1,0,0.3,0.2,0,0.1,0
3,71,1,3,0,0.1,0.2,0.1,0.8,0,0.3,1.2,0,0.3,0
3,72,1,2,0.1,0.2,0.2,0.3,0.3,0,0.4,0.2,0.1,0.2,0
3,77,1,2,0.1,0.2,0.1,0.2,0.3,0,0.7,0.3,0.1,0,0
3,81,4,27,1.4,3,2.4,1.8,5.4,1,4.4,3.4,1.8,1.9,0.5
3,82,1,8,0.1,0.6,0.8,1.4,2.2,0.1,1.6,0.5,0.7,0,0
3,85,2,8,0.1,0.6,0.8,1.4,2.1,0.2,1.6,0.5,0.7,0,0
3,86,1,5,0.1,0.4,0.4,0.6,1.2,0,0.7,1.2,0.2,0.2,0
3,87,4,25,0.5,1.6,1.2,2.8,5.6,0.9,4.6,4.6,0.9,2.3,0
3,88,2,136.5,10.4,7.3,7.9,20.2,25.3,2.6,19.5,31.5,7.1,4.7,0
3,89,1,58,3,7,3.7,14,8.7,2,4.7,9.2,2.5,3.2,0
3,90,1,2,0,0.1,0.1,0.3,0.5,0,0.2,0.6,0.1,0.1,0
3,91,1,2,0,0.1,0.1,0.3,0.5,0,0.2,0.6,0.1,0.1,0
3,92,1,3,0.1,0.4,0.1,0.3,0.6,0.1,0.5,0.5,0.2,0.2,0
3,93,1,2,0.1,0.2,0.1,0.2,0.4,0.1,0.3,0.4,0.1,0.1,0
3,95,2,3,0.2,0.1,0,0.6,0.6,0,0.5,0.6,0.1,0.3,0
3,96,4,10,0.7,0.3,0,1.9,2,0.1,1.6,2,0.4,1,0
3,97,2,13,1,0.4,0,2.4,2.5,0.2,2,2.5,0.6,1.4,0
3,98,1,2,0.1,0.1,0,0.4,0.4,0,0.3,0.4,0.1,0.2,0
3,99,3,6.5,0,0.6,0.5,0.5,1.9,0.2,0.7,1.2,0.9,0,0
3,100,2,4,0,0.4,0.3,0.3,1.2,0.1,0.4,0.8,0.5,0,0
3,101,1,2,0,0.2,0.1,0.1,0.6,0.1,0.2,0.4,0.3,0,0
3,102,3,7,0.5,0.5,0.5,0.6,1.4,0.2,0.7,1.4,0.2,1,0
3,103,1,5,0.3,0.3,0.4,0.4,1,0.2,0.5,1,0.2,0.7,0
3,106,1,2,0.2,0.2,0.1,0.3,0.5,0,0.2,0.3,0.1,0.1,0
3,107,1,3,0.3,0.3,0.2,0.4,0.7,0,0.3,0.5,0.1,0.2,0
3,108,3,61,5.4,6.5,3.6,10.6,14.7,1.4,3.7,10.1,2.2,2.8,0
3,109,2,26,1.8,3.2,1.8,5.3,6.7,1.4,0.4,4.5,0.4,0.5,0
3,110,1,2,0,0.1,0.2,0.1,0.6,0,0.4,0.3,0.1,0.2,0
3,111,2,4,0,0.3,0.5,0.1,1.3,0,0.7,0.7,0.1,0.3,0
3,112,1,3,0.2,0.2,0.2,0.8,0.2,0,0.7,0.3,0.1,0.3,0
3,114,6,31.5,0,1.4,0,3.4,7.7,0,3.4,7.8,3.3,4.5,0
3,115,1,7,0.2,0.2,0.3,0.3,1.7,0,1.1,2.2,0.5,0.5,0
3,118,3,7,0.2,0.3,0.5,0.6,1.8,0.1,1,1.6,0.4,0.5,0
3,119,2,8,0.2,0.9,1.3,1.5,2.2,0.2,1,0.5,0,0.2,0
3,120,2,6,0.1,0.7,1,1.1,1.7,0.1,0.7,0.4,0,0.2,0
3,121,2,4,0.2,0.2,0.6,0.4,0.8,0,0.8,0.6,0.2,0.2,0
3,122,4,8,0,0.4,0,0.8,1.6,0,2.4,2.4,0,0.4,0
3,124,2,4,0,0.2,0,0.4,0.8,0,1.2,1.2,0,0.2,0
3,125,1,2,0,0.1,0,0.2,0.4,0,0.6,0.6,0,0.1,0
3,126,5,27,1,5.5,1.7,1.7,7.6,1,5.5,2,1,0,0
3,127,3,11.5,0,1.4,0.4,0,3.3,0,3,2.5,0,0.9,0
118,7,1,2,0,0.2,0.1,0.2,0.2,0.1,0.5,0.5,0.1,0.1,0
118,11,1,1,0,0.1,0,0.1,0.2,0,0.1,0.4,0,0.1,0
118,21,1,1,0,0,0,0.3,0.1,0,0.3,0.2,0,0.1,0
118,22,1,8,0.4,0,0.2,0.9,1.8,0.2,1.1,2.6,0.4,0.4,0
118,25,1,2,0.1,0,0.1,0.2,0.5,0,0.3,0.6,0.1,0.1,0
118,31,3,27,1.8,2.2,2.2,5.1,6.2,0,2.2,6.2,1.1,0,0
118,32,5,93,1,9.6,4.8,10.5,21.1,0.9,11.5,18.2,6.9,8.5,0
118,46,4,11,0.5,1.5,0.4,2.2,1.6,0.1,0.6,2.8,0.6,0.7,0
118,47,2,97.5,3.7,10.9,4.1,15.6,23.2,0.6,6.8,21.4,4.8,6.4,0
118,48,1,661,15.3,70,58.2,72.5,141,9.1,85.3,144.8,33.3,31.5,0
118,49,0,864.5,32,73,51,113,140,13.5,127,200,41,74,0
118,50,1,830.5,36.5,72.1,68.1,123.1,138.3,17.5,114.2,131.1,49.6,72,8
118,51,3,277.5,5,40.8,19.5,30.5,60.9,7.3,43,40.7,18.9,10.9,0
118,52,6,131,2,14.3,4.9,15.9,40.9,0,23.4,25.9,3.7,0,0
118,57,1,7,0.4,0.7,0.5,0.7,1.3,0,1.5,1.3,0.1,0.5,0
118,58,1,7,0.4,0.7,0.5,0.7,1.3,0,1.5,1.3,0.1,0.5,0
118,59,1,2,0,0,0.1,0.2,0.2,0,0.6,0.7,0.1,0.1,0
118,67,1,3,0.1,0.1,0,0.5,0.2,0.1,0.7,0.9,0.3,0.1,0
118,68,2,26,0.9,0.9,0,4.5,1.8,0.9,6.3,7.1,2.7,0.9,0
118,74,2,4,0,0.4,0.2,0.4,1.2,0,0,1.2,0.2,0.4,0
118,76,1,1,0,0.1,0,0.1,0.2,0,0.2,0.3,0,0.1,0
118,78,4,52,0.8,6.4,2.7,4.7,11,0,11.4,12.2,0,2.8,0
118,85,1,1,0,0,0,0.1,0.2,0,0.3,0.3,0.1,0,0
118,90,3,37,0,2.5,2.4,1.3,8,0,3.5,11,2.3,6,0
118,97,3,10,0,0.4,0.4,1.2,1.6,0,2.4,2.6,0,1.4,0
118,100,1,2,0,0.1,0.1,0.2,0.8,0,0.3,0.3,0,0.2,0
118,108,1,6,0,0.7,0.6,0.9,1.9,0.1,0.4,1.4,0,0,0
118,112,1,8,0,0.9,0.8,1.1,2.5,0.2,0.6,1.9,0,0,0
118,115,3,3,0,0.3,0,0.3,0.6,0,0.6,0.9,0,0.3,0
118,117,1,4,0,0.3,0.1,0.3,0.8,0,0.7,1.3,0.2,0.3,0
118,121,4,12,0,0.8,0.2,0.8,2.4,0,2.1,4,0.7,1,0
118,122,3,12,0.5,0,0.5,1.9,2.4,0,0.9,3.4,1.9,0.5,0
118,124,1,6,0.2,0,0.2,1,1.2,0,0.5,1.7,1,0.2,0
118,126,1,2,0.2,0.1,0,0.7,0.2,0,0.2,0.3,0.1,0.2,0
118,127,1,8,0.6,0.4,0.2,2.8,0.6,0,1,1.2,0.4,0.8,0
6,7,1,3,0,0,0.1,0.4,0.2,0.2,0.9,0.9,0.1,0.2,0
6,13,1,4,0.1,0.5,0.2,0.1,0.8,0,0.5,1.2,0,0.6,0
6,15,4,192.5,8.1,6,8.5,22.9,27.9,5.1,46.8,40.7,8.3,18.2,0
6,16,4,35,1.2,2.1,0.7,4.4,5.3,0.8,6.1,9.8,1.7,2.9,0
6,20,1,3,0.1,0.1,0.4,0.4,0.7,0,0.5,0.5,0.1,0.2,0
6,24,1,2,0.1,0.2,0.1,0.1,0.5,0,0.4,0.5,0,0.1,0
6,27,2,2,0,0.2,0,0.2,0.4,0.2,0.4,0.4,0,0.2,0
6,28,1,1,0,0.1,0,0.1,0.2,0.1,0.2,0.2,0,0.1,0
6,29,2,9.5,0.3,0.6,0.6,1.2,2,0.3,1.2,2.6,0.1,0.6,0
6,34,2,45,0,5.3,0.8,5.8,7.3,0,13.1,9.8,1.3,1.6,0
6,35,3,30,0,1.9,2.5,3.3,4.4,0,6,9.1,1.1,1.7,0
6,37,1,2,0,0.2,0,0.4,0.3,0,0.2,0.6,0.1,0.2,0
6,38,3,96.5,1.2,13.8,5.6,11.9,22.4,3.3,11.5,17.1,5.4,4.3,0
6,40,2,23,0,1.5,0,3.6,2.1,0.8,3.6,7.9,1.4,2.1,0
6,41,2,5,0,0.1,0.3,0.6,1.2,0.1,1.1,1.2,0.1,0.3,0
6,43,1,4,0,0,0.6,0.4,0.2,0,1.1,1.3,0,0.4,0
6,47,1,12,0,1.9,0.3,1.1,2.8,0.3,2.1,2.8,0.5,0.2,0
6,48,4,39,0,6.2,1.1,3.7,9,1,6.8,9.1,1.6,0.5,0
6,49,1,6,0,0.9,0.4,0.9,0.9,0,1.8,0.9,0.2,0,0
6,53,1,15,0.9,0.5,0,2.7,1.8,0,4,2.7,1.1,1.3,0
6,54,2,6,0.3,0.2,0,1.1,0.7,0,1.6,1.1,0.4,0.6,0
6,63,4,20.5,0,0.6,2.6,2,5.8,0,2,3.9,1,2.6,0
6,67,1,2,0.1,0.1,0.3,0.1,0.3,0.1,0.5,0.1,0.1,0.3,0
6,68,1,4,0.1,0.3,0.4,0.5,0.5,0,1.1,0.7,0.3,0.1,0
6,77,4,341.5,10.2,38.8,30.2,55.7,65.1,7.6,51.9,45.8,19.9,16.3,0
6,78,4,251,11.2,18.9,12.5,41.1,42.2,4,35,53.9,13.7,16.9,1.6
6,79,4,165.5,4.8,15.7,14.5,21.1,32.8,4.4,28.3,28.8,5.4,6.3,3.4
6,80,1,1,0,0.1,0,0.2,0.2,0,0.1,0.2,0.1,0.1,0
6,81,2,4,0.2,0.2,0.2,0.8,0.6,0.2,0.4,0.8,0.4,0.2,0
6,84,1,4,0.1,0.2,0.2,0.6,0.6,0,0.7,1.5,0.1,0,0
6,85,5,25.5,1.2,2.4,1.5,4.9,6.1,0.2,3.6,3.1,0.9,1.6,0
6,86,1,7,0.2,0.5,0.7,1.7,1.5,0.1,1,0.5,0.5,0.3,0
6,87,1,2,0.1,0.2,0,0.3,0.6,0,0.3,0.3,0,0.2,0
6,89,3,188.5,7.3,16.3,16,29.5,34.8,3.3,42.1,28.4,3.8,7,0
6,90,1,16,0.7,1,0.7,2,4.4,0.7,1.7,2.4,1.4,1,0
6,91,3,6,0.2,0.5,0.1,0.6,1.8,0.1,0.2,1.2,0.9,0.4,0
6,92,3,76.5,3.3,7.5,3.5,9.9,15.7,2,11.2,14,7,2.4,0
6,93,4,214.5,5.5,14,22,33.5,48,6.6,41.6,27.5,12.3,3.5,0
6,94,3,11,0.4,0.7,0.9,1.6,2.2,0.6,2.5,1.1,0.6,0.4,0
6,96,1,4,0.3,0.2,0.1,0.9,0.6,0.1,0.5,1,0.1,0.2,0
6,97,2,7,0.5,0.3,0.2,1.6,1,0.2,0.9,1.8,0.2,0.3,0
6,98,2,6,0.4,0.2,0.1,1.4,1,0.1,0.8,1.6,0.1,0.3,0
6,100,1,6,0.4,0.2,0.8,1.1,0.6,0.2,0.9,1.1,0.4,0.3,0
6,101,3,10,0.7,0.5,1.2,1.8,1,0.3,1.5,1.8,0.7,0.5,0
6,102,1,4,0.1,0.2,0.5,0.2,0.7,0.1,0.6,1,0.2,0.4,0
6,103,2,4,0,0.3,0.5,0.3,0.8,0,0.5,1.1,0.1,0.4,0
6,104,2,8,0.1,0.4,1.1,0.5,1.5,0.1,1.1,2,0.3,0.9,0
6,105,2,7,0.1,0.4,0.9,0.5,1.3,0.1,0.9,1.8,0.2,0.8,0
6,106,1,3,0,0.4,0.2,0.5,0.9,0,0.7,0.2,0.1,0,0
6,108,4,12,0.2,0.3,0.3,1.8,1.3,0.3,1.3,4.7,0,1.8,0
6,109,1,1,0.1,0,0.1,0.2,0.1,0,0.2,0.2,0,0.1,0
6,112,2,4,0.1,0.4,0.1,0.4,0.9,0.1,0.7,0.7,0.2,0.4,0
6,113,2,4,0.2,0.4,0,0.4,1,0,0.6,0.8,0.2,0.4,0
6,114,1,4,0.2,0.3,0.1,0.5,1,0.1,0.6,0.7,0.2,0.3,0
6,115,4,142,8.5,15.5,9.4,22.9,41,2,16,13.4,9,4.3,0
6,116,6,26,0.5,2.7,2,2.4,6.4,0.7,4.1,4.2,1.2,1.8,0
6,118,3,7,0.1,0.6,0.5,0.9,1.4,0,1.7,1,0.3,0.5,0
6,119,2,3,0.1,0.2,0.3,0.5,0.6,0,0.7,0.5,0,0.1,0
6,120,1,2,0.1,0.1,0.2,0.3,0.4,0,0.5,0.3,0,0.1,0
6,121,2,10,0.3,0.7,1,1.6,2,0,2.3,1.5,0.2,0.4,0
6,122,3,32,3.1,2.4,0.3,10.6,1.6,1,5.7,3.6,3.3,0.4,0
6,123,3,6,0.1,0.4,0.3,0.7,0.5,0,1.8,1.5,0.1,0.6,0
6,124,1,5,0.5,0.5,0.2,0.8,1.1,0.1,0.3,0.6,0.4,0.5,0
6,125,1,2.5,0.2,0.2,0.1,0.4,0.6,0.1,0.2,0.3,0.2,0.2,0
6,127,2,7,0.4,0.7,0.6,1.1,1.5,0.1,0.7,1,0.7,0.2,0
1,6,1,64.5,4,1.8,2.5,14.4,9.8,0,12,11.9,2.1,6,0
1,7,6,140.5,3.3,5.5,2.9,13.3,20.3,1.1,18.7,48.7,3.2,23.5,0
1,8,3,14,0.2,0.6,0.5,1.7,3,0.1,2.5,4.4,0.3,0.7,0
1,11,1,2,0.1,0.1,0.1,0.3,0.4,0,0.3,0.3,0.1,0.3,0
1,16,1,1,0,0,0,0.1,0.1,0,0.3,0.3,0,0.2,0
1,17,6,54.5,1.8,1.3,2.7,10,7.9,2.1,7.2,14.4,4.5,2.6,0
1,18,2,12,0.3,0.4,0.7,2,1.8,0.4,1.7,3.2,0.9,0.6,0
1,20,1,2,0,0.1,0.2,0.5,0.3,0.1,0.4,0.1,0.1,0.2,0
1,24,1,2,0,0.1,0.1,0.4,0.3,0,0.5,0.5,0.1,0,0
1,27,1,2,0,0.1,0.1,0.4,0.3,0,0.5,0.5,0.1,0,0
1,28,1,1,0,0,0,0.2,0.2,0,0.3,0.3,0,0,0
1,32,1,1,0,0.1,0.1,0.1,0.2,0,0.1,0.3,0.1,0,0
1,35,1,2,0.1,0.1,0.2,0.5,0.3,0.1,0.3,0.2,0.1,0.1,0
1,37,1,9,0.5,0.5,0,0.7,1.6,0.8,1,2.7,0.5,0.7,0
1,40,1,7,0.5,0.2,0.7,1.6,1.1,0.2,1.2,0.7,0.4,0.4,0
1,42,1,6,0,0.4,0.1,1,1.7,0.1,0.6,1.7,0.1,0.3,0
1,44,1,7,0,0.4,0.2,1.1,2,0.1,0.7,2,0.2,0.3,0
1,46,1,1,0,0.1,0,0.2,0.3,0,0.1,0.3,0,0,0
1,47,1,3,0,0.2,0.1,0.5,0.8,0.1,0.3,0.8,0.1,0.1,0
1,48,1,3,0,0.2,0.1,0.5,0.8,0.1,0.3,0.8,0.1,0.1,0
1,53,1,3,0.1,0,0.1,0.3,0.6,0,0.7,1,0,0.2,0
1,55,1,2,0.1,0,0.1,0.2,0.4,0,0.5,0.6,0,0.1,0
1,58,2,45.5,0,6.8,4,3.4,12.6,0.2,5.6,9.4,2.1,1.4,0
1,59,2,6,0,0.2,0.2,0.6,1,0.2,1.5,1.2,0.4,0.7,0
1,60,2,8,0.3,0.4,0.5,1.2,1.5,0.1,1.5,2,0.2,0.3,0
1,61,3,43,0,4.3,3,3.2,11.7,0.4,6.8,8.9,1.2,3.5,0
1,62,1,6,0,0.5,0.6,0.4,0.5,0.3,1.8,1.3,0,0.6,0
1,63,1,1,0,0.1,0.1,0.1,0.1,0,0.3,0.2,0,0.1,0
1,64,1,2,0,0.2,0.2,0.1,0.2,0.1,0.6,0.4,0,0.2,0
1,66,1,4,0,0.3,0.4,0.3,0.3,0.2,1.2,0.9,0,0.4,0
1,72,2,5,0.3,0.5,0.5,0.7,0.8,0,1.1,0.5,0.1,0.5,0
1,73,2,5,0.3,0.5,0.5,0.7,0.7,0,1.1,0.5,0.2,0.5,0
1,74,1,1,0.1,0.1,0.1,0.1,0.2,0,0.2,0.1,0,0.1,0
1,79,1,2,0.1,0.2,0.2,0.1,0.4,0.1,0.3,0.3,0.1,0.2,0
1,80,1,18,1,1.9,1.6,1.3,3.5,0.6,2.9,2.3,1.3,1.3,0.3
1,82,5,66.5,1.5,9.3,4.4,11.5,13.3,2.5,7.7,7.1,8.5,0.7,0
1,83,3,85,5,10.6,10.6,14,13.8,2.6,4.6,10.7,8,5.1,0
1,84,2,14,0.2,1.1,1.4,2.5,3.7,0.2,2.8,0.9,1.2,0,0
1,85,3,15.5,0.4,1.1,1.3,2.3,3.9,0.2,2.6,2.4,1,0.3,0
1,87,1,4,0.1,0.3,0.3,0.5,0.9,0,0.6,0.9,0.2,0.2,0
1,88,3,9,0.4,0.9,0.5,1,2,0.1,1.1,2.1,0.5,0.4,0
1,93,2,8,0.3,0.8,0.5,0.8,1.5,0.2,1.4,1.6,0.4,0.5,0
1,94,1,4,0.2,0.5,0.2,0.3,0.9,0.1,0.7,0.7,0.2,0.2,0
1,95,2,9,0,0.6,0.7,1.3,1.2,0.2,1.8,2.1,0.5,0.6,0
1,96,1,4,0.3,0.1,0,0.7,0.8,0.1,0.6,0.8,0.2,0.4,0
1,97,1,1,0.1,0,0,0.2,0.2,0,0.2,0.2,0,0.1,0
1,98,2,5,0.4,0.1,0,0.9,1,0.1,0.8,1,0.2,0.5,0
1,100,1,2,0,0.4,0.1,0.4,0.6,0,0.3,0.2,0,0,0
1,101,1,1,0,0.2,0,0.2,0.3,0,0.2,0.1,0,0,0
1,102,1,2,0.1,0.1,0.1,0.2,0.4,0.1,0.2,0.4,0.1,0.3,0
1,103,2,46.5,1.3,4.4,4.4,7.4,12.9,1.5,4.2,4.9,3.2,2.3,0
1,104,2,118,6.3,12.8,6.4,22.5,27,2.4,17,14,8,1.6,0
1,105,2,6,0.3,0.4,0.4,1.1,1.4,0.3,0.8,0.5,0.4,0.4,0
1,107,1,1,0.1,0.1,0.1,0.1,0.2,0,0.1,0.2,0,0.1,0
1,108,1,2,0,0.1,0.2,0.1,0.6,0,0.4,0.3,0.1,0.2,0
1,110,1,3,0,0.2,0.4,0.1,1,0,0.5,0.5,0.1,0.2,0
1,111,2,5,0.1,0.3,0.6,0.4,1.5,0,0.9,0.7,0.1,0.4,0
1,113,4,16,0.4,0.7,1.5,2.8,3.4,0.3,2,2.7,1.6,0.6,0
1,114,2,8,0.3,0.4,0.4,1.1,2.1,0.6,1.2,1.2,0.6,0.1,0
1,115,2,5,0.2,0.2,0.3,0.5,1.4,0.1,0.6,1.3,0.2,0.2,0
1,116,1,3,0.1,0.1,0.1,0.1,0.7,0,0.5,1,0.2,0.2,0
1,118,3,8.5,0.4,0.4,0.5,1.4,2.1,0.1,1.1,1.6,0.6,0.3,0
1,119,1,3,0.2,0.2,0.2,0.7,0.7,0.1,0.4,0.3,0.2,0,0
1,120,2,9,0.6,0.6,0.5,2.1,2.2,0.3,1,0.8,0.8,0.1,0
1,121,2,5,0.3,0.4,0.3,1.1,1.1,0.1,0.6,0.6,0.4,0.1,0
1,122,2,4,0,0.2,0,0.4,0.8,0,1.2,1.2,0,0.2,0
1,123,2,9,0.2,0.4,0.1,0.9,1.8,0.3,2.4,2.4,0.2,0.3,0
1,125,3,6,0.3,0.4,0.3,0.6,1.3,0.1,1.1,1,0.5,0.4,0
1,127,1,3,0,0.3,0.2,0.2,0.9,0,0.7,0.3,0.2,0.2,0
127,2,1,2,0,0.3,0.1,0.3,0.4,0.1,0.5,0.1,0.1,0.1,0
127,4,1,55,0,2.2,3.9,2.9,12.4,0.3,7.4,15.7,0.6,9.6,0
127,5,3,86,1,5.8,3.8,5.8,24,1.8,10.8,17.5,6.8,8.7,0
127,10,1,2,0.1,0.1,0.1,0.6,0.3,0,0.6,0.1,0.1,0,0
127,14,2,148,9.3,16.2,6.3,23.5,23.6,2,23.5,28.3,7.3,8,0
127,15,3,142,2.5,10.4,11.5,22.1,29.1,1,23.5,28,6.7,7.2,0
127,19,1,2,0,0,0,0.2,0.5,0,0.4,0.7,0.1,0.1,0
127,29,2,3,0,0.4,0.1,0.2,0.6,0,0.2,1,0.3,0.2,0
127,32,3,159,3.4,12.6,9.3,24.4,34.5,5.4,18.1,33.2,13.3,4.8,0
127,33,2,343,16.9,27,21.6,52.5,78.9,11.2,38,51.2,24,21.7,0
127,34,3,107,5.7,12.9,3.7,17,15.6,2.1,12.6,27.9,5.9,3.6,0
127,37,1,1,0,0,0.1,0.2,0.2,0.1,0.1,0.1,0.1,0.1,0
127,40,1,4,0,0.5,0.1,0.6,1.2,0.1,0.7,0.5,0.3,0,0
127,41,1,2,0,0.3,0.1,0.3,0.6,0,0.3,0.3,0.1,0,0
127,44,3,111,3,12.5,5.8,14.2,24.4,1,13.9,19.3,5.1,11.8,0
127,45,5,271.5,6,26.8,20.4,36.5,58.2,8,30.6,51.5,8.2,25.3,0
127,46,1,2,0,0.2,0.2,0.3,0.2,0.1,0.3,0.5,0.1,0.1,0
127,50,2,3,0,0.2,0.5,0.3,0.7,0,0.8,0.4,0,0.1,0
127,52,3,5,0,0.3,0.8,0.5,1.2,0,1.3,0.7,0,0.2,0
127,58,1,53.5,2.1,2.2,0.3,3.1,5.6,0,11.4,25,2.5,1.3,0
127,59,2,78,3.8,4,3.3,7.7,11.4,2,15.8,24.2,1.5,4.3,0
127,64,1,2,0,0.1,0,0.2,0.4,0.1,0.4,0.5,0.2,0.1,0
127,65,1,67,1.5,2.8,2.3,7.9,13.7,1.5,12.9,20.5,2.6,1.3,0
127,66,1,77,5.1,7.6,2.5,18.6,16.1,5.1,8.5,5.1,5.9,2.5,0
127,68,1,6,0.4,0.6,0.2,1.4,1.2,0.4,0.7,0.4,0.5,0.2,0
127,74,3,121,6.2,6.6,6.9,20.4,19.8,1.9,15.7,26.7,10.6,6.2,0
127,75,2,65,3.2,1.7,3.8,9.3,10.8,0.9,9.7,16.8,1.6,7.2,0
127,82,1,2,0.1,0.1,0.2,0.2,0.3,0.1,0.2,0.5,0,0.3,0
127,87,1,2,0.1,0.1,0.2,0.2,0.3,0.1,0.2,0.5,0,0.3,0
127,101,1,2,0.3,0.2,0.1,0.4,0.1,0,0.4,0.5,0,0,0
127,103,1,2,0,0.1,0.1,0.3,0.3,0,0.6,0.5,0,0.1,0
127,104,1,2,0,0.1,0.1,0.3,0.3,0,0.6,0.5,0,0.1,0
127,105,4,248.5,4.7,15.1,21.5,27.9,54.4,4.2,34.6,47.3,14.8,24,0
127,106,6,151,7.2,4.5,10.7,24.8,26.2,0.5,25.8,35,6.1,10.2,0
127,107,2,7,0.3,0.2,0.5,0.5,1.6,0,1.4,2,0.2,0.3,0
127,120,1,3,0.1,0.3,0,0.1,0.8,0,0.9,0.6,0.2,0,0
127,121,2,2,0,0.2,0,0,0.6,0,0.6,0.4,0.2,0,0
127,123,3,3,0,0.3,0.3,0.6,0.6,0,0.3,0.6,0,0.3,0
127,124,1,1,0,0.1,0.1,0.2,0.2,0,0.1,0.2,0,0.1,0
127,125,1,6,0.3,0.3,0.4,1,1,0,0.7,1.2,0.2,0.9,0
127,126,2,3,0.1,0.2,0.2,0.5,0.6,0,0.3,0.6,0.1,0.4,0
7,7,1,6,0,0,0.2,0.9,0.4,0.3,1.8,1.8,0.1,0.5,0
7,8,1,2,0,0,0.1,0.3,0.1,0.1,0.6,0.6,0,0.2,0
7,15,1,4,0.2,0.2,0.1,0.5,0.6,0.1,0.7,1,0.2,0.4,0
7,16,3,14,0.5,0.6,0.2,1.7,2.2,0.4,2.6,3.5,0.9,1.4,0
7,19,2,20,0.4,0.5,2.5,2.5,4.5,0,3.6,3.6,0.8,1.6,0
7,20,1,5,0.1,0.1,0.6,0.6,1.2,0,0.9,0.9,0.2,0.4,0
7,27,1,3,0.1,0.2,0,0.3,0.6,0.2,0.7,0.6,0.1,0.2,0
7,28,4,68,0.8,3.4,1,7.1,11.6,1.7,20.3,17.6,0.8,3.7,0
7,33,1,1,0,0.1,0.1,0.1,0.1,0,0.1,0.4,0,0.1,0
7,38,4,23,0,1.3,1.4,3.1,5.8,0,4.9,3.4,2.3,0.8,0
7,39,1,3,0,0.2,0.1,0.4,0.9,0,0.7,0.3,0.3,0.1,0
7,40,1,7,0,0,0.6,0.6,2.5,0,1.8,1.2,0,0.3,0
7,47,3,9,0,1.4,0.3,0.9,2.1,0.2,1.5,2.1,0.4,0.1,0
7,48,2,4,0,0.6,0.2,0.4,1,0,0.6,1,0.2,0,0
7,50,1,1,0,0.1,0.1,0.1,0.2,0,0.3,0.2,0,0,0
7,52,3,6,0.3,0.2,0,1.1,0.7,0,1.6,1.1,0.4,0.6,0
7,53,2,5.5,0.3,0.2,0,1,0.6,0,1.5,1,0.4,0.5,0
7,55,2,2,0,0.4,0,0.4,0.4,0,0.4,0.2,0,0.2,0
7,56,1,20,0,3.7,0.7,3,3.7,0,4.5,2.2,0.7,1.5,0
7,59,1,1,0.1,0.1,0.1,0.1,0.3,0,0.1,0.2,0,0,0
7,62,1,2,0,0.1,0.2,0.2,0.6,0,0.2,0.4,0.1,0.2,0
7,63,1,3,0,0.1,0.4,0.3,0.8,0,0.3,0.6,0.1,0.4,0
7,65,1,3,0,0.1,0.4,0.3,0.8,0,0.3,0.6,0.1,0.4,0
7,66,2,10,0.3,0.7,1.6,0.5,1.5,0.3,2.6,0.7,0.3,1.5,0
7,67,1,2,0.1,0.1,0.3,0.1,0.3,0.1,0.5,0.1,0.1,0.3,0
7,70,1,11,0.3,0.8,1.1,1.3,1.3,0,3.2,1.9,0.8,0.3,0
7,73,1,3,0.1,0.2,0.3,0.3,0.4,0,0.9,0.5,0.2,0.1,0
7,78,3,19,1.1,1.8,0.9,3.4,2.4,0.3,3.1,4.8,0.3,0.9,0
7,79,6,120,6.8,7.8,8.7,18.3,21.4,5.7,15.1,25.4,2.9,7.9,0
7,80,6,154,6,9.7,12.2,19.3,34,2.1,15.3,35.9,9.3,10.2,0
7,82,1,3,0.1,0.1,0.2,0.4,0.5,0,0.5,1.1,0.1,0,0
7,83,1,1,0,0,0.1,0.1,0.2,0,0.2,0.4,0,0,0
7,84,3,3,0,0,0.3,0.3,0.6,0,0.6,1.2,0,0,0
7,85,3,8.5,0.3,0.6,0.2,1.2,1.9,0.1,1.4,2.3,0.1,0.4,0
7,86,2,3,0.2,0.3,0,0.4,0.9,0,0.4,0.5,0,0.3,0
7,87,1,4,0.3,0.5,0,0.5,1.2,0,0.5,0.6,0,0.4,0
7,88,2,8,0.4,0.8,0.2,1.2,1.4,0.2,1.6,1.8,0.2,0.2,0
7,89,5,71,5.2,3.1,1.8,13.3,9.7,0.4,8.4,18.7,1.6,8.8,0
7,90,1,1,0,0.1,0,0.1,0.3,0,0,0.2,0.2,0.1,0
7,91,2,7,0.3,0.5,0.2,0.6,2.1,0.2,0.2,1.4,1,0.5,0
7,92,3,36,1.5,4.5,1.5,5.6,11.5,1.1,2,3.7,4.2,0.4,0
7,93,3,10,0.4,1.2,0.5,1.6,3.2,0.3,0.6,1,1.2,0,0
7,95,1,4,0.1,0.2,0.3,0.6,0.9,0.2,1.1,0.3,0.3,0,0
7,96,1,2,0.1,0.1,0.1,0.5,0.3,0,0.3,0.5,0,0.1,0
7,97,2,6,0.4,0.2,0.2,1.4,0.8,0.2,0.8,1.6,0.2,0.2,0
7,99,1,3,0.2,0.1,0.4,0.5,0.3,0.1,0.4,0.6,0.2,0.2,0
7,100,2,7,0.4,0.3,0.8,1.3,0.7,0.3,1,1.3,0.5,0.4,0
7,102,3,9,0.1,0.5,1.2,0.5,1.7,0.1,1.3,2.3,0.4,0.9,0
7,103,2,9,0.2,0.5,1.1,0.5,1.6,0.2,1.3,2.3,0.4,0.9,0
7,104,2,4,0,0.2,0.6,0.2,0.8,0,0.6,1,0.2,0.4,0
7,105,2,4,0,0.6,0.2,0.6,1.2,0,1,0.2,0.2,0,0
7,106,7,32,0,4.1,1.8,5.1,9.7,0,7.3,2.4,1.6,0,0
7,107,4,8,0,0,0.3,1.2,0.8,0.3,0.8,3.3,0,1.3,0
7,108,2,7,0.3,0.1,0.4,1.4,0.7,0.2,1.1,1.9,0.1,0.8,0
7,110,1,5,0.4,0.1,0.4,1.2,0.5,0.1,1,0.8,0.1,0.4,0
7,111,1,2,0.2,0,0.2,0.5,0.2,0,0.4,0.3,0,0.2,0
7,112,2,4,0.1,0.4,0.1,0.4,0.9,0.1,0.7,0.7,0.2,0.4,0
7,114,3,49,1.5,2.9,3.3,7.3,13.7,1.3,7.7,4.9,5.5,0.9,0
7,115,6,73,2.5,6.3,5.5,11.4,15.6,1,10.9,11.1,3.5,5.2,0
7,116,2,4,0,0.4,0.4,0.4,1,0.2,0.6,0.6,0.2,0.2,0
7,117,1,2,0,0.2,0.1,0.2,0.4,0,0.5,0.3,0.1,0.2,0
7,118,2,3,0,0.3,0.1,0.3,0.6,0,0.8,0.4,0.2,0.3,0
7,119,1,2,0.1,0.1,0.2,0.3,0.4,0,0.5,0.3,0,0.1,0
7,120,1,12,0.4,0.9,1.3,1.9,2.4,0,2.8,1.7,0.2,0.4,0
7,121,1,2,0.1,0.1,0.2,0.3,0.4,0,0.5,0.3,0,0.1,0
7,122,5,27,1.2,2.7,2.7,4.4,4.6,0,3.3,2.7,2.7,2.7,0
7,123,1,3,0.1,0.3,0.3,0.5,0.5,0,0.4,0.3,0.3,0.3,0
7,124,1,6,0.3,0.6,0.6,1,1,0,0.7,0.6,0.6,0.6,0
7,125,1,1,0,0.1,0.1,0.2,0.2,0,0.1,0.1,0.1,0.1,0
7,126,2,3,0.2,0.3,0.3,0.5,0.6,0,0.3,0.4,0.3,0.1,0
7,127,2,7,0.4,0.7,0.5,1.1,1.5,0.2,0.7,1,0.7,0.2,0
9,9,1,2,0,0.2,0.2,0.2,0.4,0,0.3,0.4,0.1,0.2,0
9,10,1,3,0,0.2,0.3,0.3,0.6,0.1,0.5,0.6,0.1,0.3,0
9,11,1,4,0,0.3,0.4,0.4,0.8,0.1,0.6,0.9,0.1,0.4,0
9,18,1,3,0.3,0.1,0.2,0.4,0.8,0,0.3,0.4,0.2,0.3,0
9,21,2,14,0.1,1.5,1.3,1.3,3,0.4,2.4,2.6,0.5,0.9,0
9,26,3,41.5,2.1,1.6,1.6,6.1,9.8,0,4.7,10,3.5,2.1,0
9,33,1,2,0.1,0.1,0.1,0.2,0.4,0.1,0.3,0.6,0,0.1,0
9,36,1,4,0.4,0.2,0,1,0.7,0.3,0.4,0.8,0.1,0.1,0
9,37,2,43.5,3.3,2.4,1,9.2,7.9,2.5,6.5,6.3,0.9,3.5,0
9,38,1,59,2.5,3.6,2,9.5,12.4,3.2,7.5,11.6,5.4,1.3,0
9,42,4,18,0,0.9,1.1,1.9,5,0,4,3.1,0,2,0
9,54,1,1,0,0.1,0.1,0.1,0.2,0,0.3,0.2,0,0,0
9,55,1,1,0.1,0.1,0.1,0.1,0.3,0,0.1,0.2,0,0,0
9,59,2,7,0.3,1.1,0.3,0.9,1.4,0.1,1,1.3,0.4,0.2,0
9,68,1,1,0,0.1,0.2,0.1,0.1,0,0.3,0.1,0,0.1,0
9,69,1,2,0,0.1,0.2,0.2,0.4,0.1,0.6,0.2,0.2,0,0
9,71,1,2,0,0.1,0.2,0.2,0.4,0.1,0.6,0.2,0.2,0,0
9,73,4,53.5,0.4,4.7,7.1,3.5,16.1,0.2,6.7,10.5,2.6,1.7,0
9,74,6,256,7.1,26.6,27.2,34.2,66.1,3.5,39.6,35.9,9.5,6.3,0
9,75,7,58,1.8,6.5,6.6,6.2,12.1,0.7,9.2,9.4,3.1,2.4,0
9,79,2,5,0.1,0.3,0.5,0.6,1.1,0.1,0.9,0.6,0.3,0.5,0
9,80,2,18,0.2,2.7,1.1,0.7,4.6,0.2,4.3,2.6,0.7,0.9,0
9,81,6,164.5,2.4,16.1,13.3,13.8,40.4,1.3,30.7,28.1,9.8,8.6,0
9,82,5,349,8.9,20.7,24.6,33.1,40.8,0.4,45.6,101.2,12.4,61.3,0
9,83,0,959.5,56,134.5,71,163,199,30,110,73,81,34,8
9,84,6,99.5,2.6,16.6,5.7,14.4,20.4,1.9,15.9,11.5,3.9,6.6,0
9,85,1,2,0.1,0.3,0,0.4,0.4,0,0.3,0.3,0,0.2,0
9,86,2,5,0.1,0.7,0.1,0.5,1.1,0,0.8,1.1,0.3,0.3,0
9,87,3,9,0.2,1.3,0.2,0.9,2,0,1.4,2,0.5,0.5,0
9,88,3,10,0.2,1.3,0.2,1,2.1,0,1.7,2.1,0.7,0.7,0
9,90,1,1,0,0,0,0.2,0.2,0,0.3,0.2,0.1,0,0
9,93,1,5,0,0,0,0,0.5,0,0.5,2.7,0,1.3,0
9,94,2,8,0,0.7,0,0.9,1.9,0.2,1.3,1.7,0.6,0.7,0
9,96,1,4,0.1,0.3,0.1,0.4,0.5,0.1,1.2,0.6,0.3,0.4,0
9,97,1,3,0,0.3,0.1,0.3,0.4,0.1,0.9,0.4,0.2,0.3,0
9,100,2,7,0.1,0.6,0.3,0.7,0.9,0.1,2.1,1,0.5,0.7,0
9,101,3,7,0.1,0.6,0.2,0.7,0.9,0.1,2.1,1.1,0.5,0.7,0
9,102,1,2,0.1,0.1,0,0.4,0.4,0,0.5,0.1,0.2,0.2,0
9,104,3,6,0.2,0.4,0,1.1,1.2,0,1.4,0.4,0.7,0.6,0
9,105,3,10,0.1,0.1,1,1.7,0.7,0.2,2.4,2.3,0.5,1,0
9,106,1,3,0,0,0.4,0.5,0.1,0.1,0.7,0.8,0.1,0.3,0
9,107,1,1,0,0,0.1,0.2,0.1,0,0.2,0.3,0,0.1,0
9,108,3,9.5,0.2,0.7,0.9,1.4,2.2,0.1,1.6,1.8,0.3,0.3,0
9,109,1,3,0.1,0.3,0.2,0.4,0.6,0,0.6,0.6,0.1,0.1,0
9,112,4,45,1.2,3.7,3.6,6.1,9.5,1.1,7.5,8,1.9,2.4,0
9,113,8,105.5,2.7,8.9,9.5,12.3,25.1,2.5,15.6,20.3,3.7,4.9,0
9,114,1,5,0.1,0.4,0.6,0.3,1.6,0.1,0.5,1.3,0,0.1,0
9,117,2,6,0,0.8,0.2,0.6,1.2,0,1.4,1,0.4,0.4,0
9,118,1,2,0,0.3,0.1,0.2,0.4,0,0.5,0.3,0.1,0.1,0
9,119,2,13,0.9,2.5,0.2,3.5,2.5,0.2,1.3,1.2,0.4,0.3,0
9,120,3,45,3.1,6.7,2.1,9.4,10.7,0.6,5.6,3.2,2.1,1.5,0
9,121,1,5,0.3,0.3,0.6,0.3,1.7,0,0.9,0.2,0.4,0.3,0
9,122,2,2,0,0,0.4,0.4,0.4,0,0.2,0.6,0,0,0
9,123,3,10,0.5,0.9,1,1.4,2,0.1,0.9,2.2,0.6,0.4,0
9,124,1,3,0.1,0.1,0.4,0.5,0.6,0,0.2,0.9,0.1,0.1,0
9,125,1,2,0,0.1,0.1,0.3,0.4,0.1,0.5,0.3,0.1,0.1,0
9,126,1,1,0,0,0.1,0.1,0,0,0.3,0.3,0,0.2,0
9,127,3,9,0.1,0,0.9,1.4,0.3,0,2.3,2.6,0,1.4,0
10,6,1,2,0,0,0.1,0.3,0.1,0.1,0.6,0.6,0,0.2,0
10,7,1,2,0,0,0.1,0.3,0.1,0.1,0.6,0.6,0,0.2,0
10,8,2,9,0,0.6,0.8,1,1.5,0.3,1.7,2,0.2,0.9,0
10,10,1,1,0,0.1,0.1,0.1,0.2,0,0.2,0.2,0,0.1,0
10,11,2,15,0,1.2,1.5,1.5,3.1,0.4,2.3,3.1,0.4,1.5,0
10,13,5,84,0,3,0.5,5.2,10.8,1,20.4,30.4,1.5,11.2,0
10,14,2,6,0,0,0.2,0.6,1.2,0,1.6,1.6,0.2,0.6,0
10,15,5,21,0.3,0.3,2.2,2.3,4.9,0,4.1,4.1,1,1.8,0
10,18,1,1,0,0,0.1,0.1,0.2,0,0.2,0.2,0.1,0.1,0
10,19,1,4,0.4,0.1,0.3,0.5,1.1,0,0.4,0.5,0.3,0.4,0
10,20,1,2,0,0.2,0.2,0.2,0.4,0.1,0.3,0.4,0.1,0.1,0
10,21,2,11,0,1.2,1.1,1.1,2.2,0.3,1.9,2.1,0.4,0.7,0
10,24,5,48.5,1.4,3.5,0,7.9,2.9,0.3,10.1,13.7,2.9,5.8,0
10,25,2,5,0.1,0.4,0,0.9,0.4,0,1,1.4,0.2,0.6,0
10,26,1,3,0.2,0.3,0.1,0.2,0.7,0,0.5,0.8,0,0.2,0
10,28,2,3,0.2,0.2,0.1,0.3,0.6,0.1,0.5,0.8,0,0.2,0
10,31,1,4,0.1,0.2,0.2,0.5,0.9,0.1,0.5,1.1,0.1,0.3,0
10,33,1,1,0,0.1,0.1,0.1,0.2,0,0.1,0.3,0,0.1,0
10,37,4,22,0.3,2,1.4,2.8,4.5,0,5.3,1.2,0,4.5,0
10,38,3,19,0.3,1.6,1.3,2.3,3.9,0,4.6,1,0,4,0
10,39,1,4,0,0,0.3,0.4,1.4,0,1,0.7,0,0.2,0
10,47,2,7,0,0,1,0.7,0.3,0,2,2.3,0,0.7,0
10,50,2,3,0,0.4,0.2,0.4,0.5,0,0.9,0.5,0.1,0,0
10,52,1,2,0,0.3,0.1,0.3,0.3,0,0.6,0.3,0.1,0,0
10,53,2,15,0,3.5,1.2,1.2,3,0,2.5,1.9,0,1.7,0
10,54,1,10,0,2.4,0.8,0.8,2,0,1.6,1.2,0,1.2,0
10,55,1,1,0,0.2,0.1,0.1,0.2,0,0.2,0.1,0,0.1,0
10,57,1,12,1,1.3,1,1.3,3.7,0,1.4,2.3,0,0,0
10,60,2,2,0,0.4,0,0.2,0.4,0,0.4,0.4,0.2,0,0
10,63,1,4,0.1,0.3,0.7,0.2,0.6,0.1,1,0.3,0.1,0.6,0
10,66,2,5,0.2,0.3,0.8,0.3,0.7,0.2,1.3,0.3,0.2,0.7,0
10,67,1,1,0,0.1,0.2,0.1,0.1,0,0.3,0.1,0,0.1,0
10,68,1,9,0.2,0.7,1.5,0.5,1.3,0.2,2.4,0.7,0.2,1.3,0
10,70,2,24,0.4,1.3,1.8,2.6,4.8,0.9,7.4,1.8,2.6,0.4,0
10,71,4,74,3.3,6.7,1.5,9.2,21,1.6,15.2,8.5,5.7,1.3,0
10,72,2,4,0,0.4,0.6,0.6,1,0,0.6,0.6,0,0.2,0
10,74,3,14,0,1.4,2.2,1.9,3.4,0.1,2.3,1.8,0.1,0.8,0
10,75,3,6,0.2,0.4,0.9,0.7,1.3,0,0.9,0.7,0.6,0.3,0
10,76,5,16,0.5,1.1,2.5,1.6,2.9,0,2.7,1.6,2,1.1,0
10,78,6,53,1.5,3.7,7.9,8.1,11.7,0,6.4,7.9,1.5,4.3,0
10,79,5,42,1.6,1.7,6,7.8,9.2,0,4.2,6,1.6,3.9,0
10,80,3,11,0,0.8,0.9,1,2.5,0.2,2.3,1.7,0.8,0.8,0
10,81,2,90,5.1,9,4.9,13.9,22.8,4.3,13.5,6.7,8,1.8,0
10,82,1,773,35.6,67.4,50,119.7,130.2,13,87.6,137.8,24,107.7,0
10,83,0,1344.5,58.5,116.5,64.5,178,255,51.5,136,231,108.5,138,7
10,84,3,51.5,1.6,8.2,1.1,5.7,7.8,0.1,6.8,15.2,1.6,3.4,0
10,85,2,7,0.2,1,0.1,0.9,1.5,0,1.1,1.4,0.3,0.5,0
10,86,1,2,0,0.3,0,0.2,0.5,0,0.3,0.5,0.1,0.1,0
10,88,1,7,0.2,0.2,0.2,1.2,1,0,1.9,1.5,0.5,0.3,0
10,89,2,10,0.4,0.4,0.4,1.6,1.4,0,2.8,2,0.6,0.4,0
10,90,1,3,0.1,0.1,0.1,0.5,0.4,0,0.9,0.6,0.2,0.1,0
10,91,1,2,0.1,0.1,0.1,0.3,0.3,0,0.5,0.4,0.1,0.1,0
10,92,1,1,0,0,0,0,0.1,0,0.1,0.5,0,0.3,0
10,93,1,6,0,0,0,0,0.6,0,0.6,3.2,0,1.6,0
10,96,1,6,0.1,0.5,0.2,0.7,0.8,0.1,1.8,0.9,0.4,0.5,0
10,98,1,4,0.1,0.3,0.1,0.4,0.5,0.1,1.2,0.6,0.3,0.4,0
10,99,1,2,0,0.2,0.1,0.2,0.3,0,0.6,0.3,0.1,0.2,0
10,100,1,1,0,0.1,0,0.1,0.1,0,0.3,0.2,0.1,0.1,0
10,101,2,9,0.1,0.8,0.4,1,1.2,0.1,2.7,1.3,0.6,0.8,0
10,103,1,1,0,0.1,0,0.2,0.2,0,0.2,0.1,0.1,0.1,0
10,105,2,8,0.2,0.6,0,1.4,1.6,0,1.8,0.6,1,0.8,0
10,106,2,6,0,0,0.8,0.9,0.3,0.1,1.4,1.6,0.3,0.6,0
10,107,2,5,0,0,0.7,0.8,0.2,0.1,1.2,1.3,0.2,0.5,0
10,109,3,54,0.5,6.9,2.8,4.8,17.5,0,8.3,8.3,3.3,1.6,0
10,110,7,66,2.5,4,4.6,12.7,13.8,0,12.3,13,2.3,0.8,0
10,111,1,3,0.2,0,0.2,0.8,0.6,0,0.5,0.6,0.1,0,0
10,112,5,146,2.9,16.6,9.8,16.3,29.1,2.6,34.3,17.3,8.2,8.9,0
10,113,4,34.5,0.7,4.2,1.4,5.5,5,0.4,7.1,4.5,1.2,4.5,0
10,114,1,3,0,0.2,0.4,0.2,1,0,0.3,0.8,0,0.1,0
10,115,2,9,0.2,1.1,0.4,0.5,2.3,0,1.6,1.8,0.9,0.2,0
10,116,3,9,0.3,1,0.4,0.5,2.3,0,1.5,1.8,0.9,0.3,0
10,117,1,2,0,0.3,0.1,0.2,0.4,0,0.5,0.3,0.1,0.1,0
10,118,2,21,0,2.7,0.7,2.3,4,0.1,5.2,3.7,1,1.3,0
10,119,3,6.5,0,0.1,0,1,0.9,0.3,1.3,2,0,0.9,0
10,120,3,16,0.3,0.5,0.6,2.2,3.2,0.4,3.1,3.5,0.4,1.8,0
10,121,3,10.5,0.6,0.7,1.1,0.7,3.7,0,1.8,0.4,0.8,0.7,0
10,122,4,75.5,4.8,11.2,2.2,9.5,18.2,1.6,10.3,7,8.3,2.4,0
10,123,3,15,0.3,1.2,0.4,2.4,3.4,0.7,3.2,2,1,0.4,0
10,124,4,12.5,0,0.6,0.5,2.2,2.6,0.6,3.1,1.8,0.6,0.5,0
10,125,1,1,0,0.1,0,0.2,0.2,0.1,0.2,0.1,0.1,0,0
10,126,1,5,0.1,0,0.5,0.8,0.1,0,1.3,1.4,0,0.8,0
10,127,2,3,0,0,0.3,0.4,0.1,0,0.8,0.9,0,0.5,0
123,0,1,1,0,0.1,0.1,0.2,0.3,0,0,0.3,0,0,0
123,3,1,2,0,0.2,0.1,0.2,0.2,0.1,0.5,0.5,0.1,0.1,0
123,10,1,1,0,0.1,0.1,0.1,0.2,0,0.1,0.3,0,0.1,0
123,12,2,31,0,3.7,2.8,3.7,9.4,0.9,4.8,3.8,0.9,1,0
123,13,1,1,0,0.1,0.1,0.1,0.3,0,0.2,0.1,0,0.1,0
123,14,1,1,0,0.1,0.1,0.1,0.3,0,0.2,0.1,0,0.1,0
123,21,1,1,0,0,0,0.3,0.1,0,0.3,0.2,0,0.1,0
123,22,1,3,0,0.7,0.2,0.2,1,0,0.5,0.1,0,0.3,0
123,25,1,7,0.2,0.4,0.2,0.9,1.5,0.2,1.1,1.8,0.2,0.5,0
123,27,1,2,0.1,0.1,0.1,0.2,0.4,0.1,0.3,0.5,0.1,0.1,0
123,28,2,23.5,0.6,1.3,1.3,2.7,5.7,0.7,2.8,6.3,1,1.1,0
123,29,4,26,0.6,1.2,2.2,2.3,7,0.8,1.8,7.6,1.8,0.7,0
123,30,8,59,0.7,3,5.3,3.9,13.4,1.4,6.4,20,4.2,0.7,0
123,31,3,184,2.3,10.5,8.5,20.8,44.1,5,35.3,35.7,8.5,13.3,0
123,32,2,75,1.9,4.8,2.9,11.7,20.4,2.8,11.8,7.9,9.8,1,0
123,33,1,2,0,0.2,0,0.4,0.6,0.2,0.3,0.1,0.2,0,0
123,35,1,8,0.9,0.6,0.6,1.6,2.2,0.3,1.2,0.3,0,0.3,0
123,39,1,1,0,0.1,0,0.1,0.3,0,0.2,0.1,0.1,0.1,0
123,50,1,1,0,0,0.1,0.2,0.3,0,0.2,0.2,0,0,0
123,52,1,7,0,0,0.3,1.4,2.2,0,1.2,1.4,0.3,0.2,0
123,53,1,4,0,0,0.2,0.8,1.2,0,0.7,0.8,0.2,0.1,0
123,57,2,46,1,3.7,4.4,4.4,9.6,0.3,10.1,6.7,4.4,1.4,0
123,58,2,173.5,4.1,15.4,12.8,20.2,39.2,2.2,22.5,36.9,4.3,15.9,0
123,69,1,6.5,0,0.6,0.2,0.5,2.1,0.2,0,2.1,0.2,0.6,0
123,71,1,2,0,0.2,0.1,0.2,0.6,0,0,0.6,0.1,0.2,0
123,72,1,1,0,0.1,0,0.1,0.2,0,0.2,0.3,0,0.1,0
123,77,3,108.5,0.4,6,11,11.4,17.4,1,23.2,27.4,3.3,7.4,0
123,78,2,14,0.2,0.9,1.1,1.9,1.4,0.5,3.6,3.7,0.4,0.3,0
123,80,1,5,0.1,0.6,0.3,0.4,0.8,0,1,1.4,0,0.4,0
123,82,1,2,0,0,0,0.2,0.5,0,0.5,0.5,0.2,0.1,0
123,95,1,1,0,0,0,0.1,0.4,0,0.2,0.2,0,0.1,0
123,99,1,1.5,0,0.1,0.1,0.1,0.6,0,0.2,0.2,0.1,0.1,0
123,100,2,9,0.1,0.4,0.3,0.8,3.6,0,1.4,1.4,0.2,0.8,0
123,101,5,11,0,0.4,0.3,1.1,4.4,0,1.7,1.8,0.2,1.1,0
123,102,3,125.5,3.3,12.6,6.4,21.4,21.6,0.8,9.3,28.4,5.9,15.8,0
123,103,2,224,16.7,9.4,18.5,37,32.7,3.9,29.2,41.3,9.3,26,0
123,104,1,1,0,0,0.1,0.1,0.1,0,0.2,0.3,0.1,0.1,0
123,105,1,2,0,0.2,0.1,0.3,0.4,0,0.5,0.2,0.2,0.1,0
123,107,2,4,0,0.4,0.2,0.6,0.8,0,1,0.4,0.4,0.2,0
123,108,3,8,0,0.8,0.7,1.1,2.4,0.2,0.9,1.6,0.2,0.1,0
123,110,1,1,0,0.1,0.1,0.2,0.3,0,0.1,0.2,0,0,0
123,111,1,2,0,0.2,0.2,0.3,0.6,0.1,0.1,0.5,0,0,0
123,120,1,4,0,0.3,0.1,0.3,0.8,0,0.7,1.3,0.2,0.3,0
123,124,4,11,0,0.5,0,0.6,3.5,1,3.2,1.1,0.5,0.6,0
43,0,1,2,0,0.1,0.1,0.3,0.3,0,0.4,0.6,0.1,0.1,0
43,1,6,77,0.9,2.7,2.8,9.5,10.6,0.9,16,21.7,3.9,8,0
43,2,3,19,0,1.5,0,4.1,3.7,1,3.1,3.1,1.5,1,0
43,3,1,2,0,0.2,0,0.4,0.4,0.1,0.3,0.3,0.2,0.1,0
43,4,1,2,0,0.2,0,0.4,0.4,0.1,0.3,0.3,0.2,0.1,0
43,5,1,6,0,0.6,0.7,0,1.7,0,1.5,1.3,0,0.2,0
43,7,2,7,0,0.7,0.9,0,1.9,0,1.7,1.6,0,0.2,0
43,9,7,108,0.5,7.9,4.1,13.2,16.9,0.5,18.5,33.2,7,6.2,0
43,10,4,113.5,2.1,4.3,6.9,6.2,19.4,1.5,22.1,35,4.4,11.6,0
43,19,1,4,0,0.3,0,0.5,0.3,0,1.5,0.9,0.4,0.1,0
43,25,2,19,0.4,1.4,1.2,1.9,5.5,0.5,1.9,4.6,1.1,0.5,0
43,26,6,186.5,6.2,20.2,11.7,29.1,42,3,19.1,37.3,8.3,9.6,0
43,27,1,4,0.1,0.3,0.2,0.6,0.9,0.1,0.6,0.9,0.2,0.1,0
43,28,6,70,1.1,6,2.7,9.2,14.6,1.7,10.7,16.7,4,3.3,0
43,29,4,277.5,8.5,18.5,13.1,26.7,50.1,4,38.3,62.7,15.9,39.7,0
43,30,3,11,0.4,0.4,0.2,1.7,1.4,0,1.7,4,0.7,0.5,0
43,31,4,366,16.5,40,19.6,68.9,57.8,7.5,42.9,64.4,30.2,18.2,0
43,32,6,171,3.8,20.2,15.8,19.6,32.7,0.8,21.2,29.3,12,15.6,0
43,33,4,44,1.9,4.8,2.4,7.1,9.9,0.6,4.3,6.1,3.4,3.5,0
43,34,4,13,0.7,1.4,0.6,2.2,3,0.2,1.1,1.5,1.1,1.2,0
43,35,2,11.5,0.5,1,0.5,1.9,2.5,0.3,1.2,1.7,0.9,1,0
43,36,2,6,0.1,0,0.4,0.8,1,0.2,1.2,1.6,0.2,0.5,0
43,37,1,4,0.3,0.4,0.3,0.4,0.7,0,0.7,0.7,0.1,0.4,0
43,39,1,2,0.1,0.2,0.1,0.4,0.4,0.1,0.3,0.3,0.1,0,0
43,40,3,10,0.4,1.2,0.6,2,1.9,0.5,1.4,1.4,0.4,0.2,0
43,41,1,2,0.1,0.2,0.1,0.4,0.4,0.1,0.3,0.3,0.1,0,0
43,43,1,2,0,0.2,0,0.2,0.6,0,0.2,0.7,0.1,0,0
43,45,2,6,1,0.8,0.2,1.3,0.9,0,1,0.7,0.1,0,0
43,46,5,20,3.3,2.7,0.6,4.3,2.9,0,3.4,2.3,0.5,0,0
43,47,1,6,1,0.8,0.2,1.3,0.8,0,1,0.7,0.2,0,0
43,52,1,4,0,0.1,0.2,0.5,0.5,0,0,1.8,0.1,0.8,0
43,55,2,9.5,0.2,1,0.7,1.2,1.7,0.1,1.2,1.9,0.7,0.8,0
43,56,2,14,0.4,1.8,1.2,1.9,2.7,0.2,2.4,1.4,1.4,0.6,0
43,57,0,557,19,45.5,38.5,98,93,9,88,80,28,56,2
43,58,2,43,0.1,1.5,6.2,5.4,6.7,0.1,9.7,6.7,3.3,3.3,0
43,59,1,4,0.2,0.2,0,0.6,0.9,0,0.3,1.4,0.2,0.2,0
43,62,1,4,0.1,0.1,0.2,0.6,0.7,0.1,0.5,1.1,0.4,0.2,0
43,63,1,7,0.2,0.2,0.4,1,1.1,0.2,0.8,1.9,0.8,0.4,0
43,65,1,4,0.4,0.1,0.1,1.3,0.3,0.1,0.8,0.5,0.3,0.1,0
43,68,1,11,0.6,0.6,0.8,2.9,1.7,0.3,2.6,0.9,0.3,0.3,0
43,72,2,4.5,0.3,0.2,0.5,0.7,0.4,0,0.7,1.3,0,0.4,0
43,76,1,3,0.5,0,0,0.8,0,0.2,0.6,0.7,0.1,0.1,0
43,79,1,2,0.1,0.2,0.3,0.3,0.3,0.1,0.3,0.2,0.2,0,0
43,81,1,5,0.2,0.5,0.8,0.8,0.8,0.2,0.8,0.5,0.4,0,0
43,82,1,6,0.3,0.3,0,0.9,0.9,0,0.9,1.7,0.3,0.7,0
43,85,1,2,0,0.2,0.2,0.2,0.4,0,0.3,0.5,0.1,0.1,0
43,88,1,1,0,0.1,0,0.1,0.1,0,0.3,0.2,0,0.2,0
43,90,2,4,0,0.4,0,0.6,0.3,0,1.2,0.7,0.1,0.7,0
43,95,1,1,0,0.1,0,0.1,0.1,0,0.3,0.2,0,0.2,0
43,100,2,5,0.2,0,0.1,1.5,0.4,0.4,1.4,0.6,0.3,0.1,0
43,101,1,2,0.1,0,0,0.6,0.2,0.2,0.5,0.3,0.1,0,0
43,105,1,2,0,0.1,0.1,0.3,0.5,0,0.6,0.3,0,0.1,0
43,109,4,57,2.4,4.3,5.7,7,10.5,0,11.7,8.5,3.9,3,0
43,110,1,2,0,0.2,0.2,0.2,0.5,0,0.2,0.5,0.2,0,0
43,112,3,21,1.4,1.8,1.8,2.8,3.3,1,2.4,3.4,1,2.1,0
43,113,2,10,0.7,0.8,0.8,1.3,1.5,0.5,1.2,1.7,0.5,1,0
43,114,1,3,0.2,0.2,0.2,0.4,0.5,0.2,0.3,0.5,0.2,0.3,0
43,115,4,97.5,3.6,12.3,3.6,20,16.1,4.6,11.6,16.3,7.9,1.5,0
43,116,2,21,0.2,2.4,1.9,1.7,5.3,0.4,3.2,3.8,0.9,1.2,0
43,119,2,6,0.3,0.5,0,0.6,1.5,0.1,0.8,1.6,0.3,0.3,0
43,120,1,1,0.1,0.1,0,0.1,0.2,0,0.1,0.3,0.1,0,0
43,121,1,1,0.1,0.1,0,0.1,0.2,0,0.1,0.3,0.1,0,0
43,122,6,64,4.2,6.3,4.3,9.9,17,2.7,3.5,9.8,5.3,1,0
43,123,2,27,1.2,3,3,2.8,6.3,0.8,2.4,5.5,1.2,0.8,0
43,126,1,2,0,0,0.1,0.1,0,0,0.3,1,0,0.5,0
43,127,1,1,0,0.1,0.1,0.1,0.2,0,0.1,0.3,0.1,0,0
44,4,1,8,0,0.7,0,1.7,1.5,0.4,1.3,1.3,0.7,0.4,0
44,8,1,1,0,0.1,0,0.1,0.2,0,0.2,0.3,0,0.1,0
44,9,4,378,8.9,31.8,19.7,47.1,67.5,11.2,48.5,77.1,18.1,48.1,0
44,10,3,47.5,0.2,1.7,0.4,6,6.6,0.1,11.8,13.1,0.7,6.9,0
44,20,1,2,0,0.1,0,0.3,0.1,0,0.7,0.5,0.2,0.1,0
44,25,1,14,0.3,1,0.8,1.4,4,0.4,1.5,3.4,0.8,0.4,0
44,26,3,93,0.5,6.7,7.4,11.3,19.7,3.6,20.3,16.6,5.3,1.6,0
44,27,4,264,9.8,24.2,16.9,30.7,56.9,5.4,36.9,62.8,11.4,9,0
44,28,2,124,2.2,9.4,6.6,15.1,20.3,2.9,23.4,33.6,4.9,5.6,0
44,29,5,323.5,26.8,33.2,31.7,72.3,59.3,8.3,25.6,32.2,24.1,10,0
44,30,1,1,0,0,0,0.2,0.1,0,0.2,0.4,0.1,0,0
44,31,5,19,0.7,0.8,0.5,3,2.7,0.2,3.2,6,1.3,0.6,0
44,32,8,106.5,1.6,10.3,8.6,12.8,23.8,1.4,18.2,19.6,6.6,3.6,0
44,34,5,169.5,5,13,7.8,23.1,34.5,3,13.3,34.7,12.3,22.8,0
44,35,6,319.5,8.2,22.4,19.9,40.5,68.8,5.7,36.6,72.9,14.1,30.4,0
44,36,4,22,0.5,0,1.4,2.9,3.6,0.7,4.5,5.9,0.8,1.7,0
44,37,1,5,0.3,0.5,0.4,0.5,0.9,0,0.9,0.8,0.2,0.5,0
44,38,1,7,0.5,0.7,0.5,0.7,1.3,0,1.3,1.1,0.2,0.7,0
44,39,1,6,0.2,0.8,0.3,1.2,1.1,0.3,0.8,0.8,0.3,0.2,0
44,41,1,2,0.1,0.2,0.1,0.4,0.4,0.1,0.3,0.3,0.1,0,0
44,42,1,1,0,0.2,0,0.2,0.3,0,0.1,0.2,0,0,0
44,43,1,5,0,0.4,0,0.4,1.4,0,0.6,1.8,0.4,0,0
44,44,1,2,0,0.2,0,0.2,0.6,0,0.2,0.7,0.1,0,0
44,47,1,3,0.5,0.4,0.1,0.7,0.4,0,0.5,0.3,0.1,0,0
44,51,1,1,0,0.1,0,0.2,0.1,0,0.2,0.1,0.1,0.2,0
44,52,2,3,0,0.1,0.2,0.3,0.3,0,0,1.4,0.1,0.6,0
44,55,4,18.5,0.4,2,1.5,2.4,3.3,0.2,2.8,3,1.6,1.3,0
44,56,1,5,0.1,0.6,0.4,0.7,1,0.1,0.9,0.5,0.5,0.2,0
44,57,5,150,5.2,17.8,9.1,26.3,30.1,4.6,19.2,16.1,10.5,11.1,0
44,58,2,38,0.6,5.1,2.6,3.8,8.5,1,4.8,6.2,2.5,2.9,0
44,61,1,2,0.1,0.1,0,0.3,0.5,0,0.1,0.7,0.1,0.1,0
44,62,4,42.5,1,2.4,2.8,6.2,7.2,0.9,6.5,10,3.8,1.7,0
44,63,2,8,0,1.2,0.4,1.8,1,0.2,1.5,1,0.7,0.2,0
44,64,1,2,0,0.2,0.2,0.3,0.4,0,0.4,0.4,0.1,0,0
44,65,3,88.5,4,5.2,5.5,13.4,18.5,3.4,14.3,14.9,2.8,6.5,0
44,66,3,143.5,7.3,7,10.3,22.1,33.5,0.3,18.2,27.4,4,13.4,0
44,68,3,15,0.7,0.8,1.2,4,2.3,0.3,3.5,1.2,0.5,0.5,0
44,70,2,8,0.5,0.3,0.8,1.2,0.7,0,1.4,2.4,0,0.7,0
44,76,1,2,0.2,0.1,0.1,0.3,0.3,0.1,0.1,0.5,0.1,0.2,0
44,78,2,4,0.8,0,0,1,0,0.2,0.8,0.8,0.2,0.2,0
44,79,3,11,0.3,1.1,1.5,1.5,1.9,0.3,1.9,1.5,0.6,0.4,0
44,80,1,4,0.1,0.4,0.6,0.7,0.7,0.1,0.7,0.4,0.3,0,0
44,81,2,7,0.2,1.1,0.6,0.8,1.4,0.1,0.9,1.2,0.5,0.2,0
44,82,1,2,0.1,0.1,0,0.3,0.3,0,0.3,0.6,0.1,0.2,0
44,86,1,1,0,0.1,0.1,0.1,0.2,0,0.2,0.2,0,0.1,0
44,87,3,11.5,0,1.4,1,1.2,2.4,0.1,1.6,2.7,0.4,0.7,0
44,101,1,1,0.1,0,0.2,0.2,0.2,0,0.1,0.2,0,0,0
44,102,1,2,0,0.1,0.1,0.3,0.5,0,0.6,0.3,0,0.1,0
44,105,1,1,0,0,0.1,0.2,0.2,0,0.3,0.2,0,0,0
44,112,1,2,0.1,0.2,0.2,0.3,0.3,0.1,0.2,0.3,0.1,0.2,0
44,113,1,4,0.3,0.3,0.3,0.5,0.6,0.2,0.5,0.7,0.2,0.4,0
44,114,1,12,0.8,1,1,1.6,1.9,0.6,1.4,1.9,0.6,1.2,0
44,115,4,56.5,0.6,6.5,4.9,4.5,14.4,1.3,8.5,10.1,2.6,3.1,0
44,116,2,13,0.5,1.4,0.9,1.2,3.6,0.3,1.4,2.5,0.7,0.5,0
44,117,1,3,0,0.4,0.1,0.4,0.3,0,0.5,0.6,0.3,0.4,0
44,118,1,2,0,0.3,0.2,0.1,0.7,0,0.2,0.2,0.2,0.1,0
44,119,1,5,0,0.8,0.6,0.3,1.6,0,0.6,0.6,0.4,0.1,0
44,121,3,38.5,2.5,3.5,1.7,5.7,8.8,0.5,3.8,7.4,1.4,3.2,0
44,122,3,18,0.6,1.7,1.7,2,4.1,0.5,2,2.8,1.1,1.5,0
44,123,5,46.5,1.4,3.5,3.5,6.4,9.7,1.3,6.8,5.8,3.1,5,0
44,124,5,14,0.5,1,0.6,2.8,2.4,0.3,2.4,2,1.1,0.9,0
44,125,1,5,0.3,0.4,0.1,0.9,1,0.2,0.6,0.9,0.4,0.2,0
44,126,2,4,0.1,0.1,0.3,0.4,0.4,0,0.8,1.2,0.1,0.6,0
44,127,8,130,6.7,6.8,12.9,17.9,23.7,1.8,15,30.7,10.4,4.1,0
15,1,1,6,0,0.4,0.2,1.4,1.2,0,0.8,1.6,0.2,0.2,0
15,2,3,23.5,0.3,2.5,0.6,1.2,3.8,0,3.8,10,0,1.3,0
15,5,1,22,0.5,1.9,2.4,1,5.4,0,2,7.3,0.5,1,0
15,6,4,16,0.4,1.5,1.7,0.6,3.9,0,1.5,5.4,0.4,0.6,0
15,7,4,34,0.6,2,0,1.4,6.3,0,5.5,11.2,2.8,4.2,0
15,9,3,17,0,1.1,0.8,2.2,4,0,3.5,4,0.2,1.2,0
15,11,1,6,0,0.4,0.3,0.8,1.4,0,1.2,1.4,0.1,0.4,0
15,12,1,2,0,0.2,0,0.2,0.5,0,0.5,0.3,0.1,0.2,0
15,13,2,11,0,0.9,0.3,1.8,2.4,0,1.7,1.6,1.4,0.9,0
15,14,2,32,0,1.5,1.2,6.2,5.6,0,7,8,1.9,0.6,0
15,15,4,27,0.6,2.3,0.8,3.4,6.4,0.3,3.7,5.2,2.7,1.6,0
15,20,2,39,0,4.4,0.9,3.5,6.2,0,14.2,8,0.9,0.9,0
15,24,1,4,0,0.4,0.3,0.5,0.8,0,0.6,1,0,0.4,0
15,34,4,44,1,4,3.1,6,8.9,0,3.1,10.9,3.9,3.1,0
15,43,2,5,0.2,0.3,0,0.9,0.8,0,0.8,1.4,0,0.6,0
15,44,1,2,0.1,0.1,0,0.4,0.3,0,0.3,0.6,0,0.2,0
15,46,1,4,0,0.4,0.3,0.3,0.8,0.1,0.8,1,0,0.3,0
15,47,1,2,0,0.2,0.1,0.2,0.4,0,0.4,0.5,0,0.2,0
15,48,1,2,0,0,0.1,0,0.2,0,0.4,1.1,0,0.2,0
15,49,1,2,0,0,0.1,0,0.2,0,0.4,1.1,0,0.2,0
15,51,2,6,0,0.1,0.2,0,0.6,0,1.2,3.3,0,0.6,0
15,53,1,1,0,0,0.1,0.2,0.2,0,0.1,0.3,0,0.1,0
15,54,2,3,0,0.1,0.2,0.5,0.7,0,0.4,0.8,0.1,0.2,0
15,55,1,2,0.3,0,0.2,0.4,0.2,0,0.4,0.4,0,0.1,0
15,56,2,7,1,0,0.6,1.4,0.8,0,1.4,1.5,0,0.3,0
15,59,2,5,0.8,0,0.4,1,0.6,0,1,1.1,0,0.1,0
15,60,1,6,0.8,0,0.5,1.2,0.7,0,1.2,1.4,0,0.2,0
15,61,1,6,0.1,1,0.9,1.2,1.1,0,0.4,0.8,0,0.5,0
15,64,1,12,0.9,0.4,0.6,1.1,2.3,0,1.5,1.9,0.2,1.2,1.9
15,65,2,11.5,0.8,0.4,0.6,1.1,2.2,0,1.5,1.8,0.2,1.1,1.8
15,67,1,2,0.1,0.1,0.1,0.2,0.4,0,0.3,0.3,0,0.2,0.3
15,69,3,7,0.6,0.1,0.6,1.5,0.9,0.2,0.6,1.5,0.5,0.5,0
15,70,2,5,0.2,0.3,0.5,1,1.1,0.2,0.5,0.2,0.7,0.3,0
15,71,3,30,1.3,1.9,2.5,6.6,6.6,0.6,3.3,1.3,3.9,2,0
15,72,2,32.5,2.3,3.6,1.9,8.8,4.4,1.5,5.6,3.8,0.4,0.1,0.1
15,73,3,9,0.4,0.9,1.3,1.3,2.2,0,0.9,1.3,0.5,0.1,0.1
15,74,1,2,0.1,0.2,0.3,0.3,0.5,0,0.2,0.3,0.1,0,0
15,77,3,11,0.9,2.2,0.4,1.7,1.7,0.2,1.7,1.5,0.5,0.2,0
15,78,4,16,1.1,2,1.3,1.9,3.5,0.1,2.7,2.6,0.5,0.3,0
15,79,3,13,0.8,1,1.3,1.3,3.4,0,2.4,2.3,0.2,0.3,0
15,80,7,54,3.1,3.5,4.9,6.2,16.3,1.3,4.3,6.9,5.5,2,0
15,81,1,2,0.1,0.1,0.2,0.2,0.6,0.1,0.1,0.3,0.2,0.1,0
15,82,3,10,0,0.4,1.5,1.6,2.9,0,1.6,1.6,0,0.4,0
15,83,3,14,0.1,0.7,2,2.4,3.4,0.1,2.2,2.3,0.1,0.7,0
15,84,3,18,1.1,2.1,1.1,4.4,1.1,0.6,2.2,2.7,1.1,1.6,0
15,85,1,4,0,0.5,0.2,0.5,1.1,0.2,0.6,0.5,0.2,0.2,0
15,88,1,1,0,0.1,0.1,0.1,0.3,0,0.2,0.1,0,0.1,0
15,89,2,3,0,0.3,0.1,0.2,0.5,0.1,0.6,0.6,0.1,0.5,0
15,92,1,6,0,0.6,0.6,0.2,1,0.2,0.8,0.8,0.4,1.4,0
15,95,1,4,0.1,0,0.4,0.6,0.3,0.1,0.9,1,0,0.6,0
15,96,1,1,0,0,0.1,0.1,0.1,0,0.2,0.3,0,0.2,0
15,103,3,53,3.3,6.5,3.5,9.1,11.6,0,5.2,9.7,3.5,0.6,0
15,104,5,111,5.6,8.3,7.3,20.8,28.4,0.5,13.8,14.9,7.1,4.3,0
15,105,3,11,0.7,0.5,0.7,1.5,2.6,0,2.1,1.4,0.5,1,0
15,106,3,26,2.8,0.6,1.2,3.8,4.9,0,3.8,3.8,1.7,3.4,0
15,107,4,40,2.6,2.6,1.7,8.7,5.4,0.8,7.5,7,1.9,1.8,0
15,108,1,11,0.3,0.5,0.4,0.9,2.3,0.2,1.8,3.8,0.4,0.4,0
15,109,6,41,1.3,2,1.5,3.2,8.7,0.6,6.7,14,1.5,1.5,0
15,110,1,2,0.1,0.1,0.1,0.1,0.4,0,0.3,0.7,0.1,0.1,0
15,111,1,2,0.1,0.2,0.1,0.3,0.3,0,0.2,0.4,0.1,0.3,0
15,112,1,4,0.2,0.8,0.1,0.5,0.6,0.2,0.6,0.6,0.1,0.3,0
15,113,2,4,0.1,0.8,0.1,0.5,0.7,0.2,0.7,0.5,0.1,0.3,0
15,114,1,2,0.1,0.4,0.1,0.3,0.3,0.1,0.3,0.3,0,0.1,0
15,116,3,7,0.2,0,0.5,1.4,0.8,0.3,2,1.4,0.4,0,0
15,117,3,14,0.5,0,0.9,2.5,1.7,0.9,3.9,2.7,0.9,0,0
15,118,2,4,0,0.1,0.7,0.5,0.7,0,1,0.4,0.2,0.4,0
15,119,3,11,0,0.5,2.4,1.1,2.2,0,2.4,0.6,0.4,1.4,0
15,121,2,8,0,0.4,1.8,0.8,1.5,0,1.8,0.5,0.2,1,0
15,122,1,1,0.1,0,0,0.2,0.3,0,0.2,0,0.1,0.1,0
15,123,1,1,0.1,0,0,0.2,0.3,0,0.2,0,0.1,0.1,0
15,124,3,10,0.4,0.4,0.4,2.1,1.5,0.4,0.7,3,0,1.1,0
15,125,4,6,0.1,0.2,0.5,0.6,1.3,0,1.1,1.3,0.4,0.5,0
15,126,2,11,0.4,0.7,0.7,0.7,2.6,0,2.3,2,0.9,0.7,0
15,127,1,3,0.1,0.2,0.2,0.2,0.7,0,0.6,0.6,0.2,0.2,0
13,19,1,6,0.5,0,0.8,0.3,0.8,0,1.6,1.4,0,0.6,0
13,20,2,5,0.5,0,0.6,0.3,0.6,0,1.4,1.1,0,0.5,0
13,21,1,42,3.6,0,3,2.3,8,1,8.9,8.6,0,6.6,0
13,22,1,4,0,0.4,0.3,0.5,0.8,0,0.6,1,0,0.4,0
13,23,1,3,0,0.3,0.2,0.4,0.6,0,0.5,0.7,0,0.3,0
13,29,1,1,0,0,0,0.3,0.1,0,0.2,0.4,0,0,0
13,35,1,4,0.1,0.1,0.1,0.2,0.2,0.1,1.2,1.1,0,0.9,0
13,36,3,17,0.4,0.5,0.5,0.9,0.9,0.5,5.1,4.6,0,3.6,0
13,37,2,5,0.1,0.2,0.2,0.2,0.3,0.2,1.5,1.3,0,1,0
13,40,1,2,0.1,0.1,0.1,0.2,0.1,0,0.2,0.7,0.1,0.4,0
13,41,1,2,0.1,0.1,0.1,0.2,0.1,0,0.2,0.7,0.1,0.4,0
13,42,2,5,0,0.5,0.3,0.5,1,0,1,1.2,0,0.5,0
13,45,1,1,0.1,0,0.1,0.1,0.2,0,0.2,0.2,0,0.1,0
13,47,2,18,1.6,0.3,1.6,1.2,2.8,0,3.9,3.5,0.8,2.3,0
13,48,1,4,0.3,0.1,0.3,0.3,0.6,0,0.9,0.8,0.2,0.5,0
13,49,2,6,0.2,0,0.3,1.3,0.4,0,1.7,1.7,0,0.4,0
13,50,1,1,0,0,0,0.2,0.1,0,0.3,0.3,0,0.1,0
13,51,2,5,0.2,0,0.2,1,0.3,0,1.5,1.5,0,0.3,0
13,58,1,1.5,0.1,0.1,0.2,0.2,0.3,0,0.3,0.1,0.1,0.1,0
13,59,1,5,0.2,0.2,0.7,0.7,1,0.1,1,0.5,0.3,0.3,0
13,60,3,16,0.5,0.5,2.4,2.2,3.3,0.3,3.3,1.5,1,1,0
13,61,1,15,0.5,0.5,2.2,2.1,3.1,0.2,3.1,1.4,0.9,1,0
13,65,1,5,0.2,0.7,0.2,0.3,1.1,0.1,0.7,1.4,0.2,0.1,0
13,66,1,9,0.3,1.3,0.4,0.6,2,0.2,1.3,2.5,0.3,0.1,0
13,68,1,4,0.1,0.6,0.2,0.3,0.9,0.1,0.6,1.1,0.1,0,0
13,69,5,219,12.9,18.4,15.6,37.2,45.4,2.1,25.7,38.1,12.6,11,0
13,70,3,28.5,0.8,3.8,1.3,3.3,6.4,0.5,5.3,5,1.3,0.8,0
13,71,1,7,0.3,1,0.6,1.4,1.5,0.1,1,0.4,0.6,0.1,0
13,72,1,3,0.2,0.4,0.2,0.1,0.7,0,0.1,0.7,0,0.6,0
13,73,2,4,0.3,0.5,0.3,0.1,1,0,0.1,0.9,0,0.8,0
13,75,3,7.5,0,0.5,0.3,0.3,0.7,0.3,1.2,3,0,1.2,0
13,76,1,4,0,0.3,0.1,0.1,0.4,0.1,0.7,1.6,0,0.7,0
13,77,1,3,0,0.2,0.1,0.1,0.3,0.1,0.5,1.2,0,0.5,0
13,78,1,3,0,0.2,0.1,0.1,0.3,0.1,0.5,1.2,0,0.5,0
13,79,2,3,0,0.3,0.2,0.4,0.4,0,0.6,0.8,0.1,0.2,0
13,80,5,38.5,0.7,3.1,2.2,5.8,4.9,0.4,6.8,9.8,2,2.8,0
13,81,4,123.5,5.6,8.3,13.3,12.7,19.1,3.2,18.2,30.1,6.3,6.7,0
13,82,2,175.5,11,15.7,19,27.4,35,5.5,24.8,24.4,10.2,2.5,0
13,83,3,8,0,1.1,0.3,1.4,0.5,0,1.8,2.1,0.5,0.3,0
13,86,1,1,0,0.1,0,0.1,0.2,0,0.2,0.2,0,0.2,0
13,87,4,8,0,0.8,0,0.5,1.7,0,1.8,1.5,0.2,1.5,0
13,88,2,4,0.1,0.5,0.1,0.3,0.9,0.1,0.6,0.7,0.2,0.5,0
13,90,2,93.5,4.8,9,4.6,13,23.4,1,11.1,15,6.1,5.5,0
13,91,1,93,3.5,8.6,4.7,14.7,22.9,5.4,11.1,11.5,9.2,1.4,0
13,92,1,13,0.3,2.3,0.3,1.1,1.6,0.6,2.5,1.9,1.6,0.8,0
13,93,1,4,0.1,0.7,0.1,0.3,0.5,0.2,0.8,0.6,0.5,0.2,0
13,94,1,1,0,0.2,0,0.1,0.1,0,0.2,0.2,0.1,0.1,0
13,98,1,3,0,0,0.2,0.7,0.4,0.1,0.7,0.6,0.3,0,0
13,99,1,3,0,0,0.2,0.7,0.4,0.1,0.7,0.6,0.3,0,0
13,100,1,1,0,0,0.1,0.2,0.1,0.1,0.2,0.2,0.1,0,0
13,101,1,2,0,0,0.1,0.4,0.3,0.1,0.5,0.4,0.2,0,0
13,102,1,5,0.3,0.2,0.6,0.8,0.9,0,0.3,1.7,0.1,0.1,0
13,103,4,29,1,2.1,2.2,3.5,6.7,0.4,4.2,6.7,1.3,0.9,0
13,104,3,16,0.3,1.4,0.8,1.6,4.2,0.3,3,2.8,1,0.6,0
13,105,2,6,0,0.9,0.7,0.3,1.4,0,0.8,1.2,0.1,0.6,0
13,106,4,18,0,2.8,2.2,1,4,0,2.2,3.6,0.4,1.8,0
13,107,3,5,0,0.3,0.5,1,0.7,0.2,1,0.5,0.3,0.5,0
13,108,5,60,1.6,3.8,3.6,10.7,13.1,2.5,7.7,8.8,4.6,3.6,0
13,109,4,12,0.3,0.7,0.5,2.1,3.1,0.6,1.2,2.1,0.9,0.5,0
13,110,1,5,0.1,0.3,0.2,0.7,0.7,0.1,1.3,1,0,0.6,0
13,111,4,10,0.1,0.6,0.5,1.4,1.4,0.3,2.6,2,0,1.1,0
13,112,3,9,1.2,0.3,0,2.4,0.6,0,1.4,1.5,0.7,0.9,0
13,113,2,3,0.4,0.1,0,0.8,0.2,0,0.4,0.5,0.3,0.3,0
13,114,1,4,0.5,0.2,0,1.1,0.3,0,0.6,0.6,0.3,0.4,0
13,115,2,8,0.4,0,0.8,1,1.6,0.2,0.9,2.5,0.3,0.3,0
13,116,2,5,0.2,0,0.5,0.5,1,0.1,0.6,1.7,0.2,0.2,0
13,117,6,42,2.5,0.8,5.1,7,8.9,1.1,4.2,8.4,2,2,0
13,118,2,6.5,0.4,0.1,0.8,1.1,1.4,0.1,0.6,1.3,0.3,0.4,0
13,119,1,1,0.1,0.1,0.1,0.2,0.2,0,0.1,0.2,0,0,0
13,120,3,11,0.6,1.6,0.6,2.1,2.3,0,1.7,1.7,0.4,0,0
13,122,2,4,0,0.2,0,0.4,0.6,0,0.4,1.6,0,0.8,0
13,123,2,7,0.2,0.7,0.3,0.9,2.1,0.1,0.5,1.3,0.5,0.4,0
13,124,5,13,0.5,1.3,0.7,1.8,4.4,0.1,0.8,2,0.9,0.5,0
13,125,1,4,0.2,0.3,0.2,0.5,1.1,0.1,0.5,0.5,0.4,0.2,0
13,126,4,15,0.7,1.1,0.8,1.8,4.2,0.4,1.8,1.9,1.5,0.8,0
13,127,1,1,0,0.1,0.1,0.1,0.3,0,0.1,0.1,0.1,0.1,0
12,9,1,2,0,0.2,0,0.2,0.5,0,0.5,0.3,0.1,0.2,0
12,14,1,1,0,0.1,0,0.1,0.2,0,0.3,0.2,0,0.1,0
12,20,1,309.5,7,16.3,12.9,38.8,56.5,6,49.5,74.2,18.1,30.2,0
12,21,2,102.5,4.3,4.8,5.4,18.6,15,2,15.2,21.2,4.4,11.6,0
12,22,1,4,0,0.4,0.3,0.5,0.8,0,0.6,1,0,0.4,0
12,23,1,5,0,0.5,0.4,0.6,1,0,0.8,1.2,0,0.5,0
12,27,1,2,0,0.2,0.1,0.3,0.4,0,0.3,0.5,0,0.2,0
12,29,1,2,0.1,0,0,0.6,0.1,0,0.4,0.7,0,0.1,0
12,31,2,5,0.2,0,0,1.5,0.3,0,1,1.8,0,0.2,0
12,38,1,1,0,0,0.1,0.1,0.1,0,0.1,0.4,0,0.2,0
12,40,1,4,0.1,0.2,0.3,0.3,0.2,0,0.4,1.5,0.1,0.9,0
12,41,4,15,0.6,0.6,1.1,1.2,0.6,0,1.6,5.4,0.6,3.3,0
12,45,2,7,0.4,0.3,0.5,0.5,1.2,0,1.5,1.5,0.2,0.9,0
12,46,1,2,0.2,0,0.2,0.1,0.3,0,0.4,0.4,0.1,0.3,0
12,49,1,1,0,0,0,0.2,0.1,0,0.3,0.3,0,0.1,0
12,51,1,2,0.1,0,0.1,0.4,0.1,0,0.6,0.6,0,0.1,0
12,52,1,4,0,0.2,0.3,0.7,0.9,0,0.5,1,0.1,0.3,0
12,53,3,11.5,0,0.5,0.7,1.8,2.7,0,1.6,3,0.5,0.7,0
12,54,1,1,0,0,0.1,0.2,0.2,0,0.1,0.3,0,0.1,0
12,55,1,3,0.4,0,0.3,0.6,0.3,0,0.6,0.7,0,0.1,0
12,59,2,5,0.2,0.2,0.8,0.7,1,0,1,0.5,0.3,0.3,0
12,61,1,1,0,0,0.2,0.1,0.2,0,0.2,0.1,0.1,0.1,0
12,63,1,7,0.5,0.2,0.3,0.7,1.4,0,0.9,1.1,0.1,0.7,1.1
12,64,1,1,0.1,0,0,0.1,0.2,0,0.1,0.2,0,0.1,0.2
12,65,2,6,0.2,0.9,0.3,0.4,1.3,0.1,0.9,1.7,0.2,0,0
12,66,3,91,2.6,6.1,8.2,9.7,22.6,2,16.9,19.8,1.7,1.4,0
12,67,1,2,0.1,0.3,0.1,0.1,0.4,0,0.3,0.6,0.1,0,0
12,68,1,2,0.1,0.3,0.2,0.4,0.4,0,0.3,0.1,0.2,0,0
12,69,1,5.5,0.2,0.8,0.5,1.1,1.2,0.1,0.8,0.3,0.4,0.1,0
12,70,1,5,0.2,0.7,0.4,1,1.1,0.1,0.7,0.3,0.4,0.1,0
12,71,1,4,0.1,0.6,0.3,0.8,0.9,0.1,0.6,0.2,0.3,0.1,0
12,73,2,2,0.2,0.2,0.2,0,0.6,0,0,0.4,0,0.4,0
12,74,1,1,0.1,0.1,0.1,0,0.3,0,0,0.2,0,0.2,0
12,76,2,6,0,0.4,0.2,0.2,0.5,0.2,1,2.4,0,1.1,0
12,77,3,20,0,1.2,1.2,2,3.9,0,5.1,4.6,0.6,1.4,0
12,78,1,4,0,0.2,0.3,0.4,0.8,0,1,0.9,0.1,0.3,0
12,79,2,13,0.3,1,0.8,1.9,1.6,0.1,2.3,3.3,0.7,1,0
12,80,5,48,0.4,2.3,2.3,4.6,6.4,0,12.7,9.5,1.2,8.6,0
12,81,7,141.5,1.4,7.9,6.5,31.2,18.2,3,26.4,28.8,2.4,15.7,0
12,82,2,525.5,11.3,34.2,31.8,57.4,88.2,8.1,81.6,135.8,23.9,53.2,0
12,83,4,181.5,7.2,21.4,8.6,24.5,33,2.9,27.8,24.7,12.9,18.5,0
12,85,4,23.5,1.2,1.7,1,3.9,3.1,0.1,4.4,4.4,0.9,2.8,0
12,86,2,8,0.6,0.6,0.2,1.4,1,0,1.4,1.6,0.2,1,0
12,87,1,5,0,0.5,0,0.2,1.1,0,1.2,0.9,0.2,0.9,0
12,88,1,1,0,0.1,0,0.1,0.2,0,0.2,0.2,0,0.2,0
12,89,1,7,0.4,1,0.4,0.9,1.7,0.1,0.7,1.1,0.4,0.3,0
12,90,3,124,3.2,7.4,5,23.8,27.7,1,17.3,23.3,9.1,6.2,0
12,91,2,94,3,13.1,15.7,9.6,24.2,1.2,12.2,9.4,2.6,3,0
12,92,4,23,0.5,4.1,0.6,1.9,2.9,1,4.4,3.3,2.9,1.4,0
12,94,2,4,0,0,0.2,0.6,0.8,0,0.8,1.2,0.2,0.2,0
12,95,6,81,3.4,3.5,4.3,10.5,14.9,0,20.1,16.3,3.6,4.4,0
12,97,1,6,0.4,0,0,1.5,0.8,0.2,0.4,1.5,0.6,0.6,0
12,98,7,54,1.5,3,0.2,9.1,10.6,2.2,7.3,12.5,4.3,3.3,0
12,99,3,10,0.1,0.9,0,1.4,2.2,0.4,1.6,2.3,0.7,0.4,0
12,100,1,2,0,0,0.1,0.4,0.3,0.1,0.5,0.4,0.2,0,0
12,102,1,1,0.1,0,0.1,0.2,0.2,0,0.1,0.3,0,0,0
12,103,1,4,0.2,0.1,0.5,0.7,0.7,0,0.2,1.4,0.1,0.1,0
12,106,2,14,0.3,1,1.3,2.9,1.9,0.3,2.5,1.5,1,1.3,0
12,107,3,13,0,0.7,0.8,2,2,0.1,3.1,2.9,0.6,0.8,0
12,108,2,21,0,1.1,1.4,3.2,3.2,0.2,5,4.6,0.9,1.4,0
12,109,5,34,0.6,4.5,2.5,2.5,6.9,0,6,6,3.4,1.6,0
12,110,1,2,0,0.1,0.1,0.3,0.3,0.1,0.5,0.4,0,0.2,0
12,111,2,4,0,0.2,0.2,0.6,0.6,0.2,1,0.8,0,0.4,0
12,112,3,19,0.7,2.2,0,2.3,5.1,0.7,3,3.6,0,1.4,0
12,113,1,1,0,0.1,0,0.1,0.3,0,0.2,0.2,0,0.1,0
12,115,4,7,0.1,0.4,0.6,0.8,1.4,0.1,1.7,0.9,0.8,0.2,0
12,116,5,27,0,1.4,2.7,1.9,6.5,0.8,6.5,3.2,3.2,0.8,0
12,117,2,3,0.2,0,0.3,0.3,0.6,0,0.3,1.1,0.1,0.1,0
12,118,5,27,0.8,1.6,1.5,2.2,7.3,0.8,3.2,6.6,0.7,2.3,0
12,119,4,14.5,0.3,1.4,0.4,1,4.4,0.5,1.7,2.7,0.4,1.7,0
12,120,2,4,0.2,0.4,0.2,0.4,1.1,0.1,0.4,0.8,0.1,0.3,0
12,121,3,7,0.5,0.9,0.5,1.2,1.4,0,1.1,1.2,0.2,0,0
12,122,4,10,0,0.6,0,0.9,1.5,0,1.1,4,0,1.9,0
12,123,3,6,0,0.4,0,0.5,0.8,0,0.7,2.4,0,1.2,0
12,124,1,2,0,0.1,0,0.2,0.3,0,0.2,0.8,0,0.4,0
12,125,2,5,0.2,0.4,0.3,0.6,1.4,0.1,0.6,0.6,0.5,0.3,0
12,126,3,13,0.5,1,0.7,1.6,3.6,0.3,1.6,1.6,1.3,0.8,0
12,127,1,3,0.1,0.2,0.1,0.4,0.8,0.1,0.4,0.4,0.3,0.2,0
50,1,1,3,0.3,0,0.2,0.6,0.4,0.2,0.8,0.3,0.1,0.1,0
50,2,2,3,0,0.3,0,0.6,0.6,0.1,0.6,0.3,0.3,0.2,0
50,3,4,7,0,0.7,0,1.4,1.4,0.3,1.4,0.7,0.7,0.4,0
50,5,1,3,0.1,0.3,0,0.6,0.6,0.1,0.6,0.3,0.3,0.1,0
50,7,1,3,0.1,0.3,0,0.6,0.6,0.1,0.6,0.3,0.3,0.1,0
50,9,2,10,0.9,0,0.5,1.3,2.4,0,0.9,2.7,0.7,0.6,0
50,13,1,1,0.1,0.1,0,0.2,0.2,0.1,0.1,0.1,0,0.1,0
50,16,1,1,0,0.1,0.1,0.1,0.2,0,0.2,0.2,0,0.1,0
50,26,3,4,0.4,0.3,0,0.5,1.1,0,0.4,1.2,0.1,0,0
50,27,3,18,1.5,1.4,0,2.3,4.3,0.4,1.6,5.9,0.6,0,0
50,28,1,3.5,0.3,0.3,0,0.5,0.8,0.1,0.3,1.1,0.1,0,0
50,29,1,1,0,0.1,0.1,0.1,0.2,0,0.2,0.2,0.1,0,0
50,32,1,7,0.3,0.3,0.5,1,1.3,0.3,1.3,1.3,0.5,0.2,0
50,38,2,27.5,0,1.2,0,4.7,4,0,4.9,10.5,1.3,0.9,0
50,39,2,5,0,0.3,0.5,1,1,0,0.9,0.5,0.8,0,0
50,40,2,5,0,0.1,0,0.9,1.1,0,0.4,1.4,0.6,0.5,0
50,46,1,5,0,0.6,0.6,0.4,1.2,0,1,0.8,0,0.4,0
50,48,1,6,0,0.7,0.7,0.5,1.4,0,1.2,1,0,0.5,0
50,49,2,5,0.2,0.7,0.2,0.8,0.5,0,0.8,0.3,0.7,0.8,0
50,50,5,177,11.2,14.9,12.7,41.5,30,4.4,19.9,17.1,16.3,9,0
50,53,2,471,21,54.3,35,95,93.2,15.5,53.5,57.7,35,10.8,0
50,54,4,130,5,17.4,6,19.7,35,2,11.1,15.4,10,8.4,0
50,59,1,9,0.2,0.4,0.8,1,2.5,0.8,1.1,1.2,1,0,0
50,60,5,170,1.9,13.7,14.5,17,30.9,1.7,34.3,42.7,7.4,5.9,0
50,61,0,538.5,28,53,30.5,94,108,14,46,85,49,31,0
50,62,3,153,9,14.3,9.3,26.5,31.2,6,24.7,16.3,13.8,1.9,0
50,64,1,13,0,1.6,0.3,0.6,3.8,0,3.2,1.6,0.9,1,0
50,67,4,19,0.5,1.6,0,3.1,4.6,0,5.7,2.4,1.1,0,0
50,68,2,11,0.5,0.9,1.5,1.2,3,0,1.2,2,0.2,0.5,0
50,69,3,105,6.5,7.2,9,19.2,21.3,5,14.2,16.8,3.9,1.9,0
50,70,2,9,0.4,0.7,1.1,1,2.5,0,1.1,1.6,0.2,0.4,0
50,71,1,10,0.3,0.2,2.2,0.4,4,0,0.7,1.1,0.4,0.7,0
50,81,1,3,0.4,0.2,0.1,0.4,0.6,0,0.4,0.4,0.1,0.4,0
50,83,3,15,0.3,0.8,0,1.7,3.5,0.4,1.9,4.3,1,1.1,0
50,84,1,15,0.5,0.8,0,1.4,4.3,0.3,1.9,2.2,2.2,1.4,0
50,85,2,5,0.2,0.3,0.1,0.5,1.3,0,0.8,0.8,0.5,0.5,0
50,86,2,4,0.2,0.2,0.2,0.4,0.8,0,0.8,0.8,0.2,0.4,0
50,87,1,2,0,0.2,0.1,0.3,0.3,0,0.7,0.4,0,0,0
50,88,2,22,0.5,2.2,1.3,2.7,2.7,0,7.6,4.5,0,0.5,0
50,89,4,7,0,0.7,0.3,1.3,2.1,0,1.2,0.6,0.5,0.3,0
50,90,3,6,0,0.5,0.4,1,1.8,0,0.9,0.6,0.3,0.5,0
50,91,2,13,0,0.8,1.3,2.1,3.9,0,1,1.8,0,2.1,0
50,92,1,4,0.1,0.4,0.2,0.4,1.4,0.1,1,0.4,0,0,0
50,93,3,36.5,1.6,0.9,2.7,3.6,10.2,0.3,6.2,7.2,1.8,2,0
50,111,1,3,0.3,0.2,0.1,0.7,0.4,0.1,0.6,0.5,0,0.1,0
50,112,6,73,3.1,7.7,3.3,13.1,13.1,1.9,12.7,11.9,4.7,1.5,0
50,113,3,10,0.2,0.8,1.4,1.3,2,0.2,2.2,1.1,0.6,0.2,0
50,114,2,10,0.1,0.7,1.4,1.3,2,0.2,2.4,1,0.6,0.3,0
50,115,2,7,0.1,0.7,0.8,1,1.5,0.1,1.4,0.7,0.4,0.3,0
50,116,1,2,0,0.3,0.1,0.4,0.5,0,0.2,0.2,0.1,0.2,0
50,117,1,2,0,0.3,0.1,0.4,0.5,0,0.2,0.2,0.1,0.2,0
50,118,1,2,0,0.3,0.1,0.4,0.5,0,0.2,0.2,0.1,0.2,0
50,119,2,5,0,0.8,0.2,1.1,1.1,0.1,0.5,0.4,0.8,0,0
50,120,1,5,0.1,0.7,0.2,1.1,1.1,0.2,0.5,0.4,0.7,0,0
50,122,2,7,0,0.9,0.9,0.3,1.9,0,1.4,0.5,0.2,0.9,0
50,123,1,4,0,0.5,0.5,0.2,1.1,0,0.8,0.3,0.1,0.5,0
50,125,6,68,1.1,2.6,2.3,9.3,9.5,1.1,26.8,9.5,3,2.8,0
50,126,5,113,0.9,6,6.8,21.5,25,1.9,28.1,11.4,8.5,2.9,0
50,127,5,38,0.9,3.6,3.9,3.7,7.9,1,3.2,6.5,1.1,6.2,0
17,0,1,16,0,1.1,0.5,3.8,3.2,0,2.1,4.3,0.5,0.5,0
17,5,1,4,0.1,0.4,0.1,0.2,0.6,0,0.7,1.7,0,0.2,0
17,7,1,2,0,0.3,0,0,0.8,0,0.3,0.5,0,0.1,0
17,13,1,1,0,0.1,0,0.1,0.2,0,0.3,0.2,0,0.1,0
17,14,2,5,0,0.5,0,0.5,1.3,0,1.3,0.8,0.2,0.4,0
17,17,2,11,0.7,0.9,0.4,0.5,2.9,0.4,1.5,3.1,0.4,0.2,0
17,23,1,3,0,0.3,0.2,0.4,0.6,0,0.5,0.7,0,0.3,0
17,24,1,1,0,0.1,0.1,0.1,0.2,0,0.2,0.2,0,0.1,0
17,26,1,3,0,0.3,0.2,0.4,0.6,0,0.5,0.7,0,0.3,0
17,29,1,1,0,0,0,0.3,0.1,0,0.2,0.4,0,0,0
17,30,2,4,0.2,0,0,1.2,0.2,0,0.8,1.4,0,0.2,0
17,32,2,4,0.1,0,0,1.2,0.3,0,0.8,1.5,0,0.1,0
17,39,2,3,0,0.1,0.1,0.2,0.5,0,0.5,1.2,0.1,0.3,0
17,40,1,2,0,0.1,0.1,0.1,0.3,0,0.3,0.8,0.1,0.2,0
17,41,3,17,0.5,0.6,0.6,0.6,2.4,0,2.9,7.1,0.6,1.7,0
17,43,1,4,0.1,0.3,0,0.6,0.4,0.3,1.2,0.7,0.1,0.3,0
17,44,1,2,0.1,0.1,0,0.4,0.3,0,0.3,0.6,0,0.2,0
17,45,1,2,0.1,0.1,0,0.4,0.3,0,0.3,0.6,0,0.2,0
17,46,2,3,0,0.3,0.2,0.3,0.6,0,0.6,0.7,0,0.3,0
17,47,1,6,0,0.6,0.5,0.5,1.2,0.1,1.2,1.4,0,0.5,0
17,48,1,5,0,0.5,0.4,0.4,1,0.1,1,1.2,0,0.4,0
17,54,1,2,0,0.1,0.1,0.3,0.5,0,0.3,0.5,0.1,0.1,0
17,56,1,2,0.3,0,0.2,0.4,0.2,0,0.4,0.4,0,0.1,0
17,57,2,5,0.8,0,0.4,1,0.6,0,1,1.1,0,0.1,0
17,60,1,4,0.6,0,0.3,0.8,0.5,0,0.8,0.9,0,0.1,0
17,62,2,3,0.2,0.1,0.1,0.3,0.6,0,0.4,0.5,0,0.3,0.5
17,67,2,5,0.3,0.2,0.2,0.5,1,0,0.7,0.8,0,0.5,0.8
17,68,1,2,0.1,0.1,0.1,0.2,0.4,0,0.3,0.3,0,0.2,0.3
17,69,2,3,0.3,0,0.3,0.6,0.4,0.1,0.3,0.6,0.2,0.2,0
17,71,2,3,0.3,0,0.3,0.6,0.4,0.1,0.3,0.6,0.2,0.2,0
17,72,2,15.5,0.7,1.7,2.2,2,3.6,0,1.7,2,1,0.3,0.3
17,73,1,4,0.2,0.4,0.6,0.5,0.9,0,0.4,0.5,0.3,0.1,0.1
17,74,1,5,0.2,0.5,0.7,0.7,1.2,0,0.5,0.7,0.3,0.1,0.1
17,75,2,5,0.4,1,0.2,0.8,0.8,0.1,0.8,0.6,0.2,0.1,0
17,77,1,1,0.1,0.2,0,0.2,0.2,0,0.2,0.1,0,0,0
17,78,2,12,0.7,1.4,0.5,1.2,2.2,0.2,2.5,1.8,0.7,0.8,0
17,79,6,91.5,2.6,8.3,6.1,5.3,20.7,0.9,20.3,16.2,4.2,6.9,0
17,81,1,4,0.2,0.3,0.4,0.4,1.1,0,0.7,0.7,0.1,0.1,0
17,82,2,5,0.3,0.6,0.3,1.2,0.4,0.1,0.6,0.7,0.3,0.5,0
17,84,1,6,0.4,0.7,0.4,1.4,0.4,0.2,0.7,0.9,0.4,0.5,0
17,85,1,3,0.2,0.3,0.4,0.4,0.7,0,0.2,0.5,0.1,0.2,0
17,86,5,93.5,4.8,8,11.8,14.8,24.3,0.5,9.6,10.9,2.2,6.6,0
17,87,3,21.5,0,2.9,1.2,2.7,6,0.9,3.2,2.7,0.9,1,0
17,89,3,10,0,0.9,0.4,0.5,1.6,0.4,2.2,2.2,0.4,1.4,0
17,90,5,101,3.2,11.2,7.1,11.5,20.2,1.4,15.8,16.3,6.9,7.4,0
17,91,4,184.5,4.9,17.8,9.3,21.3,38.2,3,27.4,34.7,12.4,15.5,0
17,92,1,6,0,0.6,0.6,0.2,1,0.2,0.8,0.8,0.4,1.4,0
17,95,1,2,0.1,0,0.2,0.3,0.1,0.1,0.4,0.5,0,0.3,0
17,96,2,4,0.1,0,0.4,0.5,0.3,0.1,0.9,1.1,0,0.6,0
17,102,7,136.5,4.7,9,7.9,25.5,32.1,1.5,19.5,15.3,11.3,9.7,0
17,104,1,1,0,0.1,0.1,0.2,0.2,0,0.1,0.1,0.1,0.1,0
17,105,2,6,0.1,0.4,0.3,0.9,1.1,0.1,1.2,0.9,0.3,0.7,0
17,106,2,4,0,0.2,0.2,0.4,0.6,0,1,0.8,0.2,0.6,0
17,107,4,26,0,1.6,1.1,2.3,4.4,0,6.7,5,1.1,3.8,0
17,108,1,9,0.3,0.9,0.5,1.4,1.2,0.2,0.7,1.9,0.3,1.6,0
17,109,4,21,0.8,2.1,1.3,3.3,2.7,0.4,1.6,4.4,0.8,3.6,0
17,110,2,10,0.4,1,0.6,1.6,1.4,0.2,0.8,2,0.4,1.6,0
17,111,2,3,0.1,0.3,0.2,0.5,0.4,0,0.3,0.6,0.1,0.5,0
17,113,1,10,0.4,2,0.2,1.4,1.6,0.5,1.6,1.4,0.2,0.7,0
17,114,1,1,0.1,0.1,0.1,0.2,0.2,0,0.1,0.2,0,0,0
17,115,4,12,0.7,1.5,0.7,2.2,2.6,0.3,0.9,2.2,0.6,0.3,0
17,116,2,34,2,4.7,1.4,6.1,8.1,1.4,1.4,4.8,2.7,1.4,0
17,118,1,2,0,0.1,0.4,0.2,0.4,0,0.4,0.1,0.1,0.3,0
17,120,1,1,0,0.1,0.2,0.1,0.2,0,0.2,0.1,0,0.1,0
17,121,2,2.5,0,0.2,0.5,0.2,0.5,0,0.5,0.2,0.1,0.3,0
17,122,3,16,0.9,0.4,0.4,4.1,4.1,0.4,3.2,0.5,1,1,0
17,123,2,8,0.4,1,0.6,1.4,2.4,0.2,0.4,0.4,0.8,0.4,0
17,124,3,12.5,0.6,1.7,0.8,2.1,3.7,0.4,0.6,0.7,1.2,0.7,0
17,125,2,22,1.1,2.8,1.6,3.5,6.4,0.5,1.4,1.4,2.2,1.1,0
17,126,1,2,0.1,0.1,0.1,0.1,0.5,0,0.4,0.4,0.2,0.1,0
17,127,1,2,0.1,0.1,0.1,0.1,0.5,0,0.4,0.4,0.2,0.1,0
18,5,4,75,0,3.8,6.1,3,16.3,2.2,15.3,12.8,5.5,10,0
18,7,5,25,0,1.6,0,2.5,4.1,0,3.4,8.4,0,5,0
18,8,1,3,0,0.2,0,0.3,0.5,0,0.4,1,0,0.6,0
18,13,2,3,0.1,0.2,0,0.2,0.4,0.1,0.8,1.1,0,0.1,0
18,19,1,1,0,0.1,0,0.1,0.2,0,0.3,0.3,0,0,0
18,29,1,1,0,0.1,0.1,0.1,0.2,0,0.1,0.3,0,0.1,0
18,30,3,39.5,1.7,4.6,1.7,4.3,8.5,1.7,3.4,10.2,1.7,1.7,0
18,32,1,7,0.3,0.4,0.7,1.2,0.9,0.1,1,1.8,0.1,0.5,0
18,35,1,4,0,0,0,0.2,0.2,0,0.2,1.9,0,1.5,0
18,36,1,2,0,0,0,0.1,0.1,0,0.1,1,0,0.7,0
18,38,1,1,0,0,0,0,0,0,0.1,0.5,0,0.4,0
18,39,2,14,0.3,1.8,0.8,1.4,3.2,0.3,3.2,1.1,1.1,0.8,0
18,40,1,2,0,0.3,0.1,0.2,0.5,0,0.5,0.2,0.1,0.1,0
18,42,1,1,0,0.1,0.1,0.1,0.2,0,0.1,0.2,0.1,0.1,0
18,43,2,18,0.8,1.5,2.2,1.8,3.6,0.3,2.3,3.3,1.1,1.1,0
18,44,1,3,0.1,0.2,0.1,0.5,0.8,0.1,0.5,0.4,0.1,0.2,0
18,45,1,3,0.1,0.2,0.1,0.5,0.8,0.1,0.5,0.4,0.1,0.2,0
18,46,2,10,0.4,0.9,0.7,1.4,1.9,0.3,0.3,2.1,1.1,0.9,0
18,47,1,1,0.1,0.1,0.1,0.1,0.2,0,0,0.2,0.1,0.1,0
18,48,2,5,0.4,0.5,0.3,0.7,1,0.1,0.5,0.7,0.5,0.3,0
18,50,1,1,0.1,0.1,0.1,0.2,0.2,0,0.1,0.1,0.1,0,0
18,51,1,3,0.3,0.3,0.2,0.4,0.6,0.1,0.4,0.3,0.3,0.1,0
18,52,2,47,0,3,2,4,4,1,7,18,1,7,0
18,53,2,6,0,0,0.3,0.5,0.3,0,1.1,1.9,0,1.9,0
18,55,1,2,0,0.2,0.3,0.3,0.3,0.1,0.2,0.4,0.1,0.1,0
18,56,2,7,0,0.8,1,1,1.2,0.2,0.8,1.4,0.3,0.3,0
18,57,4,11,0.2,1.1,0.4,1.8,2,0.4,1.6,2.2,0.6,0.7,0
18,59,2,4,0.2,0,0.2,0.4,0.4,0,0.8,1.4,0.2,0.4,0
18,63,1,4,0.2,0.3,0.6,0.4,1,0.1,0.8,0.4,0.2,0,0
18,64,1,3,0.2,0.2,0.4,0.3,0.7,0.1,0.6,0.3,0.2,0,0
18,66,1,3,0.2,0.2,0.1,0.6,0.3,0,0.5,0.8,0,0.3,0
18,67,3,9,0.6,0.7,0.2,1.8,1,0,1.3,2.4,0,1,0
18,68,2,5,0.4,0.3,0.3,1,0.7,0.3,1,0.4,0.3,0.3,0
18,69,2,4,0.3,0.3,0.2,0.8,0.5,0.2,0.8,0.3,0.3,0.3,0
18,71,1,9,0.7,0.6,0.5,1.9,1.2,0.4,1.9,0.7,0.6,0.5,0
18,73,4,10,0,1.7,1,0.3,3.4,0,0,1.9,0.7,1,0
18,74,1,4,0,0.7,0.4,0.1,1.4,0,0,0.7,0.3,0.4,0
18,75,3,16,0,1.4,1.2,1.4,2.6,0.4,4.6,2.6,0.6,1.2,0
18,77,3,12,0.1,1.2,1,1.8,2.5,0,2.3,2,0.7,0.4,0
18,78,2,20,0.3,2,1.4,3,3.2,0.4,4.9,3.2,0.8,0.8,0
18,79,2,107.5,3.5,11.2,13.7,14.9,18.7,2.5,27.1,11.9,1.5,2.5,0
18,80,3,11,0,0.8,0.8,1.1,2.8,0,1.1,3.1,0.7,0.6,0
18,81,2,6,0,0.4,0.5,0.6,1.5,0,0.6,1.7,0.4,0.3,0
18,83,2,11,0.2,1,0.6,1.1,2.1,0,1.1,3.8,0.9,0.2,0
18,85,2,13,0.7,0.4,0.7,3.9,1.2,0,1.6,3.1,0.7,0.7,0
18,86,3,5,0.2,0.2,0.3,1.5,0.5,0,0.5,1.2,0.3,0.3,0
18,88,1,3,0.2,0.1,0.2,0.9,0.2,0,0.3,0.7,0.2,0.2,0
18,89,1,1,0,0,0.1,0,0.1,0,0.1,0.5,0,0.2,0
18,90,1,2,0,0.1,0.2,0.1,0.2,0,0.1,0.9,0,0.4,0
18,91,3,7,0,0.3,0.7,0.3,0.8,0,0.4,3.1,0,1.4,0
18,94,4,23,0,3.2,1.3,1.6,4.4,0,5.4,5.9,0.2,1,0
18,95,8,101.5,2.3,9,5,14.2,18.8,2.4,13.2,22.4,8.7,5.5,0
18,96,3,23.5,0.6,1.9,1.1,3.6,4.4,0.7,2.5,5,2.4,1.3,0
18,97,1,3,0,0.2,0.2,0.3,0.8,0.1,0.9,0.2,0.2,0.1,0
18,98,1,10,0,0.5,0.8,1.1,2.7,0.3,3,0.8,0.5,0.3,0
18,101,1,3,0,0.1,0.6,0.1,0.7,0,0.5,0.9,0.1,0,0
18,102,5,14,0.6,0.8,2.2,2.3,2.6,0,3.6,0.8,0.5,0.6,0
18,103,1,3,0.1,0.2,0.5,0.5,0.5,0,0.8,0.2,0.1,0.1,0
18,104,1,3,0.1,0.2,0.5,0.5,0.5,0,0.8,0.2,0.1,0.1,0
18,105,3,9,0,0.9,0.9,0.9,2.4,0,1.8,1.2,0.2,0.7,0
18,106,5,76,1,10.5,8.5,4.5,25.5,1,7.1,8.3,6.6,3,0
18,107,8,55,2.5,3.9,4.7,6.2,12.1,1.6,7.6,9.2,1.6,5.6,0
18,108,2,79,3.2,5.7,4.3,13.3,14.6,3.1,12.4,14.5,4.6,3.3,0
18,109,3,311,11,28,14.9,44,59.1,6,32,84,17,15,0
18,110,1,4,0.1,0,0.1,0.5,0.4,0.1,0.5,1.6,0.1,0.6,0
18,111,3,5.5,0.1,0,0.2,0.7,0.5,0.1,0.8,2.2,0.1,0.8,0
18,112,1,1,0.1,0.1,0,0.1,0.2,0.1,0.1,0.1,0.1,0.1,0
18,113,3,10,0.4,1.1,0.1,1.2,2.3,0.4,1.3,1.3,1,0.9,0
18,114,2,3,0.2,0.3,0,0.3,0.7,0.2,0.3,0.4,0.3,0.3,0
18,115,2,5,0.3,0.2,0.4,0.7,0.5,0.3,1,1.1,0,0.5,0
18,116,4,23,1.6,0.8,1.6,3.3,2.4,1.6,4.2,5,0,2.5,0
18,117,3,17,0.7,1.8,2.4,1.7,2.8,0.1,2.8,2.1,1.7,0.9,0
18,118,2,5,0.2,0.5,0.7,0.5,0.8,0,0.9,0.6,0.5,0.3,0
18,119,2,10,0.3,0.3,1.5,1.2,2.1,0,2.4,1.6,0.6,0,0
18,120,1,21,1.4,2,1.4,5.1,2.8,0.3,3.5,2,1.7,0.8,0
18,121,3,20,1.3,2,1.3,4.8,2.7,0.3,3.2,2,1.7,0.7,0
18,123,1,1,0,0.1,0.1,0.1,0.2,0,0.1,0.2,0,0.2,0
18,124,3,40,4,1.5,3.4,5.8,10.2,0.9,7.3,5.4,0.9,0.6,0
18,125,5,59,4.6,4.2,4.4,10.7,14.1,1,10.1,6.4,2,1.5,0
18,126,5,15,0.4,2.2,0.8,3.7,3,0,2.2,0.8,0.8,1.1,0
18,127,2,10,0.4,0.4,0.3,1.2,1.7,0,1.7,3.6,0.4,0.3,0
21,6,3,9,0,0.6,0.3,0.3,3.1,0.3,1.5,1.9,0.4,0.6,0
21,10,2,17,0.8,0.9,0,0.9,2.2,0.9,4.3,6.1,0.4,0.5,0
21,21,1,1,0,0.1,0,0.1,0.2,0,0.3,0.3,0,0,0
21,23,1,4,0.1,0,0.1,0.6,0.6,0.1,1.2,0.9,0.1,0.3,0
21,31,1,2,0.1,0.1,0.2,0.3,0.3,0,0.3,0.5,0,0.2,0
21,33,1,12,0.5,0.7,1.2,2.1,1.6,0.2,1.6,3,0.2,0.9,0
21,34,2,4,0.1,0.3,0.4,0.7,0.5,0.1,0.5,1,0.1,0.3,0
21,35,1,3,0,0,0,0.1,0.2,0,0.2,1.4,0,1.1,0
21,37,2,6,0.5,0.8,0,0.5,1.3,0,1.1,1.4,0,0.4,0
21,38,1,5,0.4,0.7,0,0.4,1.1,0,0.9,1.2,0,0.3,0
21,43,1,2,0.1,0,0,0.4,0.1,0,0.1,0.9,0.2,0.2,0
21,44,1,2,0.1,0,0,0.4,0.1,0,0.1,0.9,0.2,0.2,0
21,45,1,2,0,0.3,0.1,0,0.8,0,0.1,0.6,0,0.1,0
21,46,2,8,0.2,0.9,0.5,0.7,2,0.1,0.3,2,0.6,0.7,0
21,47,3,5,0.1,0.7,0.3,0.1,1.8,0,0.2,1.4,0.1,0.3,0
21,48,1,6,0.3,0.6,0.4,0.8,1.1,0.1,0.1,1.3,0.7,0.6,0
21,50,2,3,0,0.4,0.4,0,0.6,0,0.5,0.5,0,0.6,0
21,55,1,3,0.1,0.4,0.5,0.4,0.8,0,0.5,0.3,0,0,0
21,58,2,8,0.1,0.3,0.6,1.1,1.2,0,1.2,2.3,0.3,0.9,0
21,59,2,6,0.1,0.2,0.4,0.9,0.9,0,0.9,1.7,0.2,0.7,0
21,61,4,12,0.2,0.4,0.8,1.7,1.8,0,1.8,3.5,0.5,1.3,0
21,62,2,61.5,4.2,9,3.3,13.8,13.8,2,5.1,3.3,6.5,0.5,0
21,63,2,295.5,11.6,33.7,27.8,44.8,59,4.7,42.2,37.9,18.7,15.1,0
21,64,0,85,3,15,5,20,15,5,9,6,6,1,0
21,65,1,2,0,0.1,0.2,0.2,0.4,0,0.4,0.4,0,0.3,0
21,66,1,2,0.1,0.2,0.1,0.4,0.2,0,0.3,0.5,0,0.2,0
21,67,2,9,0.3,0.5,0.5,1.3,1.4,0,1.7,2.1,0,1.2,0
21,68,1,2,0,0.1,0.2,0.2,0.4,0,0.4,0.4,0,0.3,0
21,69,2,5,0.1,0.3,0.2,0.8,1.2,0,1,1,0.2,0.2,0
21,70,2,7,0.1,0.4,0.2,1.1,1.7,0,1.5,1.4,0.4,0.2,0
21,72,2,580.5,20.5,60.1,56.9,79.8,132.2,14.5,76.9,62.9,37,39.7,0
21,73,4,158.5,6,23.3,18.4,15.6,46.7,3.3,16.6,16.3,10,2.3,0
21,74,1,2,0,0.1,0.1,0.3,0.1,0,0.6,0.5,0,0.3,0
21,75,2,9,0,0.4,0.5,1.2,0.7,0.1,2.8,2.1,0.1,1.1,0
21,76,2,6,0.1,0.5,0.5,0.8,1.3,0.1,1.5,0.8,0.2,0.2,0
21,77,2,23,0.8,2.4,2.1,3.3,5.6,0,4.7,3,0.5,0.6,0
21,78,2,5,0.3,0.5,0.5,0.7,1,0,0.9,0.8,0.1,0.2,0
21,79,1,15,0.9,1,1.6,1,2.5,0.3,3.5,1.9,1.3,1,0
21,82,3,7,0.3,0.6,0.1,1.3,1.2,0.3,1.4,0.8,0.4,0.6,0
21,83,2,15,0.5,1.2,0.8,2.2,2.4,0.4,3.1,2.4,1.1,0.9,0
21,84,1,4,0.1,0.3,0.3,0.5,0.7,0,0.9,0.8,0.3,0.1,0
21,85,1,3,0,0.3,0.2,0.3,0.6,0,0.3,1,0.2,0.1,0
21,88,1,1,0,0.1,0,0.1,0.2,0,0.4,0.2,0,0,0
21,94,1,4,0,0.2,0.4,0.2,0.4,0,0.3,1.8,0,0.7,0
21,98,1,1,0,0,0.2,0.1,0.2,0,0.2,0.3,0,0,0
21,102,2,9.5,0.2,0.6,1,1.3,2.6,0,1.8,1.3,0.3,0.4,0
21,103,5,50.5,1.4,2.7,4,6,11.1,0.1,9,8.9,2.2,5.1,0
21,104,5,36,1,1.3,1.9,3.7,5.6,0.1,6.5,7.7,2.2,6,0
21,105,4,50.5,0.4,4.6,2.5,4.8,10.1,0.6,10.4,11.2,1.4,4.5,0
21,106,2,304.5,2.2,17.6,31.5,20.8,55.7,3.9,61.9,65.3,10,35.6,0
21,107,0,648.5,12,50.5,54.5,51,139,9.5,90,109,30,102,1
21,108,1,692.5,21.8,56.4,28.5,70.9,92,6.5,67.2,158.1,27.2,156.9,7
21,109,4,127.5,8,7.8,8.3,20.8,15.1,1.7,20.4,28.9,5.2,11.3,0
21,110,4,50,1.4,3.6,5,7.1,9.4,1.1,6.3,8.3,3,4.8,0
21,111,2,4,0.2,0,0,0.2,0.6,0.2,1,1,0.2,0.6,0
21,112,7,93.5,2.7,11.1,5.5,13.5,19.2,1.4,11.4,19.7,4.5,4.5,0
21,113,1,8,0.3,1.2,0.2,1.2,2.5,0,1.2,0.7,0.6,0.1,0
21,114,5,29,0.9,2.9,1.7,3.1,4,0,4.1,11.6,0.7,0,0
21,115,4,58.5,0.2,10,4.4,11.4,12.5,1.4,7.3,5.2,5.2,0.9,0
21,116,1,5,0,0.6,0.1,0.7,0.9,0.1,1.5,0.6,0.4,0.1,0
21,117,1,2,0.1,0.2,0.3,0.2,0.3,0,0.3,0.3,0.2,0.1,0
21,118,2,18.5,0.6,2,1,3.3,3.3,0.5,3.6,1.9,1.3,1,0
21,119,2,28,3.5,1.3,1.3,7.2,4.5,0.3,4,2.2,2.9,0.8,0
21,120,4,14,0.5,1.6,1,1.6,3.8,0.2,1.9,2.1,0.8,0.5,0
21,121,2,5,0,0.5,0.4,0.2,1.6,0.1,0.9,1,0.2,0.1,0
21,122,3,8,0.3,0.7,0.5,1.3,1.8,0.2,1,1.4,0.4,0.4,0
21,123,2,4,0.3,0.3,0.1,0.5,0.7,0.1,0.6,0.7,0.3,0.4,0
21,124,3,13,0.8,0.9,0.5,2,2.5,0.4,1.9,2.3,0.8,0.9,0
21,125,1,4,0.3,0.2,0.1,0.7,0.8,0.2,0.6,0.7,0.3,0.1,0
21,126,5,18,1,1.7,0.3,3,3.6,0.4,2,3.2,1.5,1.3,0
21,127,3,5,0,0.5,0,0.7,0.7,0,0.5,1.3,0.3,1,0
20,11,1,2,0.1,0.1,0,0.1,0.3,0.1,0.5,0.7,0,0.1,0
20,21,1,1,0,0.1,0,0.1,0.2,0,0.3,0.3,0,0,0
20,25,1,9,0.3,0.8,0.5,1.1,1.3,0.3,1.9,2.2,0.3,0.3,0
20,26,2,20,0.6,1.8,1.2,2.5,3.1,0.6,4.2,4.8,0.6,0.6,0
20,34,1,2,0.1,0.1,0.2,0.3,0.3,0,0.3,0.5,0,0.2,0
20,39,1,7,0.2,0.9,0.4,0.7,1.6,0.2,1.6,0.5,0.5,0.4,0
20,41,2,4,0,0.6,0.2,0.4,1,0,1,0.4,0.2,0.2,0
20,42,1,10.5,0.5,0.9,0.2,1.9,2.7,0.3,1.6,1.3,0.5,0.6,0
20,43,3,18,0.8,1.5,0.4,3.3,4.6,0.5,2.8,2.3,0.8,1,0
20,48,2,11,1.1,1.2,0.6,1.6,2.2,0.3,1.5,1,1.1,0.4,0
20,50,2,8,0.8,0.8,0.4,1.2,1.6,0.2,1.1,0.8,0.8,0.3,0
20,52,1,6,0,0,0.3,0.5,0.3,0,1.1,1.9,0,1.9,0
20,53,1,2,0,0,0.1,0.2,0.1,0,0.4,0.6,0,0.6,0
20,54,1,3,0,0,0.1,0.3,0.1,0,0.5,1,0,1,0
20,55,1,3,0,0,0.1,0.3,0.1,0,0.5,1,0,1,0
20,57,2,9,0.2,1.3,0.6,1.5,1.5,0.1,0.8,2.5,0,0.5,0
20,59,1,2,0.1,0,0.1,0.2,0.2,0,0.4,0.7,0.1,0.2,0
20,60,1,8,0.3,0.2,0.4,0.9,0.7,0,1.6,2.7,0.3,0.9,0
20,62,1,29,1.6,2.1,4.2,3.2,6.8,0.5,5.8,3.2,1.6,0,0
20,63,1,241.5,12,21.3,18.6,36,51.2,6.3,25.6,48,8.5,14,0
20,64,5,160,8.1,27.1,12,18.7,33.4,2.5,16.2,24.8,13.9,3.3,0
20,65,3,8,0.7,0.5,0.1,1.7,1,0,1,2,0.2,0.8,0
20,66,3,6,0.4,0.5,0.2,1.2,0.6,0,0.9,1.6,0,0.6,0
20,68,2,3,0.3,0.2,0.1,0.6,0.4,0.1,0.6,0.3,0.2,0.2,0
20,69,1,3,0.2,0.2,0.2,0.6,0.4,0.2,0.6,0.2,0.2,0.2,0
20,70,1,5,0.4,0.3,0.3,1,0.7,0.3,1,0.4,0.3,0.3,0
20,72,5,40,1.4,6.6,2.4,3.9,8.9,0.6,5.7,6.6,1.4,2.5,0
20,73,2,43,2.5,3.7,0.9,8.5,8.6,2.2,7.3,3.7,1.6,4,0
20,74,2,4,0,0.2,0.2,0.6,0.2,0,1.2,1,0,0.6,0
20,76,2,8,0,0.5,0.5,0.8,1,0.3,2.8,1.3,0.3,0.5,0
20,77,1,38,5.5,0.8,1.9,11.4,6.6,0,4.6,3.5,2.2,1.5,0
20,78,4,137,5.5,9.8,7,24.1,30.2,1,22.2,23.7,6,7.5,0
20,79,1,2,0,0.1,0.2,0.1,0.4,0,0.3,0.8,0,0.1,0
20,81,3,7,0,0.2,0.7,0.5,1.4,0,1,2.7,0,0.5,0
20,82,3,17,0,1.2,0.7,3.2,2.4,1.2,2.4,4.4,0.7,0.8,0
20,83,2,24,0.2,1.9,1.2,3.5,3.9,0.9,2.9,7.2,1.5,0.8,0
20,84,5,20.5,0.3,1.8,1.2,2.1,4,0,2.1,7,1.6,0.4,0
20,85,3,10,0.4,0.5,0.5,2.2,1.4,0,1.1,2.9,0.6,0.4,0
20,87,1,1,0,0,0.1,0.3,0.1,0,0.1,0.2,0.1,0.1,0
20,90,1,1,0,0,0.1,0,0.1,0,0.1,0.5,0,0.2,0
20,91,1,2,0,0.1,0.2,0.1,0.2,0,0.1,0.9,0,0.4,0
20,94,1,5,0,0.7,0.3,0.4,0.9,0,1.2,1.3,0,0.2,0
20,95,3,6,0,0.4,0.5,0.6,1.6,0.1,1.8,0.5,0.3,0.2,0
20,96,2,5,0,0.3,0.4,0.5,1.3,0.1,1.5,0.4,0.3,0.2,0
20,99,1,1,0,0,0.2,0.1,0.2,0,0.2,0.3,0,0,0
20,101,1,2,0,0.1,0.4,0.1,0.4,0,0.3,0.6,0.1,0,0
20,103,1,8,0.3,0.5,1.4,1.4,1.4,0,2,0.5,0.2,0.3,0
20,104,2,7,0.3,0.4,1.2,1.2,1.2,0,1.8,0.4,0.2,0.3,0
20,105,4,41,0.7,3.3,1.2,3.5,8.4,0.7,9.1,9.6,0.7,3.8,0
20,106,0,420.5,12.5,32,20.5,47,68,5.5,54,102,17,62,0
20,107,0,1008,22,87,94.5,148,185,16.5,108,197,41,109,0
20,108,0,1289.5,37.5,91,110.5,222,230,17,165,238,55.5,123,0
20,109,4,394.5,11.6,45.5,32.5,57.5,66.9,14.5,42.9,62.3,38.4,20.4,2
20,110,1,9,0.1,0.6,0.4,1.2,1.3,0.2,1.3,1.5,0.9,1.5,0
20,111,2,8,0.7,0.2,0,1.9,1.7,0.2,0.5,1.2,0.9,0.7,0
20,112,2,49.5,2.6,7.4,2.9,6.9,13,2,6.9,6.1,1.5,0.2,0
20,113,2,8,0.4,1.2,0.2,1.2,2.4,0,1.2,0.6,0.6,0.2,0
20,115,5,22,0.7,2.3,1.6,2.5,4.8,0.1,3.8,3.8,0.8,1.6,0
20,116,7,160,5.3,18.6,11.8,22.3,36.7,1,23.7,23.7,8.7,8.2,0
20,117,2,12,0.5,1.2,1.7,1.2,2,0.2,2,1.4,1.2,0.6,0
20,118,1,16,2.6,0.4,0.7,4.5,2.6,0,1.9,1.1,1.8,0.4,0
20,119,1,2,0.3,0.1,0.1,0.6,0.3,0,0.2,0.1,0.2,0.1,0
20,120,2,8.5,0,0.9,0.7,0.3,2.8,0.2,1.5,1.6,0.3,0.2,0
20,121,2,29,0,3.2,2.4,1.2,9.3,0.5,5.3,5.3,1.2,0.6,0
20,122,4,44,2.1,3.6,2.1,7,9.2,2.1,7.2,5,3.6,2.1,0
20,123,1,3,0.1,0.3,0.2,0.3,0.5,0,0.4,0.5,0.1,0.6,0
20,124,2,5,0.2,0.5,0.3,0.5,0.8,0,0.7,0.8,0.2,1,0
20,127,2,4,0.2,0.2,0.2,0.4,0.6,0,0.6,1.4,0.2,0.2,0
19,5,1,7,0,0.5,0.8,0.2,2,0,1.5,1.5,0,0.5,0
19,6,1,4,0,0.3,0.5,0.1,1.1,0,0.8,0.9,0,0.3,0
19,7,1,2,0,0.1,0,0.2,0.3,0,0.3,0.7,0,0.4,0
19,9,1,1,0,0.1,0,0.1,0.1,0,0.3,0.4,0,0,0
19,10,1,5,0.2,0.3,0,0.3,0.6,0.3,1.3,1.8,0.1,0.1,0
19,18,1,2,0,0.2,0.1,0.1,0.4,0,0.6,0.6,0,0,0
19,21,1,1,0,0.1,0,0.1,0.2,0,0.3,0.3,0,0,0
19,23,2,5,0,0,0.2,0.7,0.8,0.1,1.5,1.2,0.2,0.3,0
19,26,1,2,0,0.2,0.1,0.2,0.3,0.1,0.4,0.5,0.1,0.1,0
19,27,1,2,0,0.2,0.1,0.2,0.3,0.1,0.4,0.5,0.1,0.1,0
19,29,2,6,0.2,0.7,0.3,0.7,1.3,0.2,0.5,1.6,0.2,0.3,0
19,33,1,1,0,0.1,0.1,0.2,0.1,0,0.1,0.3,0,0.1,0
19,34,1,3,0.1,0.2,0.3,0.5,0.4,0.1,0.4,0.7,0.1,0.2,0
19,35,1,1,0,0,0,0,0,0,0.1,0.5,0,0.4,0
19,39,2,8,0.2,1,0.4,0.8,1.8,0.2,2,0.6,0.6,0.4,0
19,40,1,4,0.1,0.5,0.2,0.4,0.9,0.1,1,0.3,0.3,0.2,0
19,42,4,31,1.4,2.6,2.2,4.4,7.1,0.7,4.3,4.8,1.7,1.8,0
19,43,3,112.5,2.5,6.4,9.1,15.3,20.1,4.9,19.1,24.2,3.8,7.1,0
19,45,1,3,0.1,0.3,0.2,0.4,0.6,0.1,0.1,0.6,0.3,0.3,0
19,46,1,4,0.2,0.4,0.3,0.5,0.7,0.1,0.1,0.8,0.5,0.4,0
19,47,1,9,0.4,0.8,0.6,1.3,1.7,0.2,0.2,1.9,1.1,0.8,0
19,48,1,2,0.1,0.2,0.1,0.3,0.4,0,0.1,0.4,0.2,0.2,0
19,49,1,4,0.4,0.4,0.2,0.6,0.8,0.1,0.5,0.4,0.4,0.2,0
19,50,1,3,0.3,0.3,0.2,0.4,0.6,0.1,0.4,0.3,0.3,0.1,0
19,53,1,2,0,0,0.1,0.2,0.1,0,0.4,0.6,0,0.6,0
19,56,5,60,0.9,7.5,10.2,8.4,13.6,0.7,8.6,8.7,0.7,0.7,0
19,57,4,325,14.2,16.1,29.1,42.9,60,5.4,51.9,62.3,14.6,26.5,2
19,58,3,107.5,6.4,15.3,13.8,17.6,15.6,3.6,11.8,10.7,7.3,5.4,0
19,59,1,1,0,0,0.1,0.1,0.1,0,0.2,0.3,0.1,0.1,0
19,60,4,11,0.5,0.2,0.6,1.1,1.1,0,2.2,3.7,0.5,1.1,0
19,63,1,4,0.6,0.1,0,1,0.5,0,0.3,0.8,0.4,0.3,0
19,64,2,7,1.1,0.3,0.1,1.6,1,0,0.6,1.2,0.7,0.4,0
19,65,2,4,0.2,0.4,0.2,0.8,0.4,0,0.6,1,0,0.4,0
19,66,3,10,0.6,0.7,0.3,2,1.1,0,1.6,2.6,0,1.1,0
19,69,1,2,0.2,0.1,0.1,0.4,0.3,0.1,0.4,0.2,0.1,0.1,0
19,70,1,7,0.5,0.5,0.4,1.5,0.9,0.4,1.5,0.5,0.4,0.4,0
19,72,2,9,0,1.6,0.9,0.2,3.1,0,0,1.6,0.7,0.9,0
19,73,2,6,0.1,1,0.5,0.3,1.9,0,0.3,1,0.4,0.5,0
19,74,3,9,0,0.6,0.5,1.2,1,0,2.1,2.2,0.1,1.3,0
19,76,2,6,0,0.4,0.4,0.6,0.8,0.2,2,1,0.2,0.4,0
19,77,3,172.5,5.2,16.3,13.6,26.9,36.7,6,28.5,22.2,14.2,2.9,0
19,78,5,310,13.8,25.9,23.5,43.3,71.6,3.5,45.8,46.7,15.3,20.6,0
19,79,2,20,0.2,2,1.4,3.2,2.6,0.6,5.4,3.2,0.6,0.8,0
19,81,5,29,0,1.6,2.5,2.6,7.1,0,3.3,8.9,1.3,1.7,0
19,82,3,21,0.1,1.6,1.1,3.2,3.4,0.9,2.6,6.1,1.2,0.8,0
19,83,2,5,0,0.8,0.2,0.5,1.3,0,0.8,1.2,0.2,0,0
19,84,3,33,0,5.2,0.9,3.5,8.7,0,5.2,7.8,1.7,0,0
19,85,1,3,0.2,0.1,0.2,0.9,0.2,0,0.3,0.7,0.2,0.2,0
19,87,1,2,0.1,0.1,0.1,0.6,0.2,0,0.2,0.5,0.1,0.1,0
19,88,1,1,0,0,0.1,0.3,0.1,0,0.1,0.2,0.1,0.1,0
19,91,1,1,0,0,0.1,0,0.1,0,0.1,0.5,0,0.2,0
19,93,1,6,0,0.8,0.4,0.4,1.1,0,1.4,1.6,0,0.3,0
19,94,2,4,0,0.6,0.2,0.2,0.8,0,1,1,0,0.2,0
19,95,5,151.5,2,12.7,10.4,18.9,40.5,0.8,17.9,36,4.4,7.9,0
19,96,2,16,0.4,1.2,0.8,2.4,3,0.4,1.8,3.4,1.6,1,0
19,97,1,3,0,0.2,0.2,0.3,0.8,0.1,0.9,0.2,0.2,0.1,0
19,101,2,5,0,0.1,1.1,0.3,1.1,0,0.9,1.4,0.1,0,0
19,102,1,3,0.1,0.2,0.5,0.5,0.5,0,0.8,0.2,0.1,0.1,0
19,105,3,66.5,1.3,4.6,4.6,9.7,9.7,0,17.9,12.6,3.2,2.9,0
19,106,1,274.5,3.2,15.2,20.5,23.3,56.1,0.2,43.3,72.6,8.7,31.4,0
19,107,4,426.5,3.6,28.2,26.1,44,65.1,4,62.1,118.2,18.5,56.7,0
19,108,1,473.5,15,46,24.1,60.4,73.9,9.9,59.8,115.2,18.9,50.3,0
19,109,2,464,22.2,18.2,29.3,81.6,67.7,11.5,73.7,92.1,25.5,42.2,0
19,110,4,387,23.4,46.5,27.7,65.7,75.5,9.4,44.4,54.2,27.7,12.5,0
19,111,6,22,0.8,0.4,0.4,3.5,2.8,0.5,2.6,7.2,1,2.8,0
19,112,5,16,0.7,2,0.3,2.1,4.1,0.4,2.1,1.8,1.4,1.1,0
19,113,6,31,1.2,3.6,0.4,3.9,7.5,1.1,4,3.8,2.9,2.6,0
19,117,1,2,0.1,0.2,0.3,0.2,0.3,0,0.3,0.3,0.2,0.1,0
19,118,1,4,0.2,0.4,0.6,0.4,0.6,0,0.7,0.5,0.4,0.2,0
19,119,1,31,0.3,6.1,1.1,1.6,7.3,0,3.2,5.1,2.2,4.1,0
19,120,3,39,1.8,2.3,4.6,6.6,7,0.2,8.1,5.1,2.7,0.6,0
19,121,4,47,3.1,4.5,3.1,11.3,6.3,0.8,7.7,4.5,3.9,1.8,0
19,122,3,24,1,2,1.4,3.3,4.7,0.8,3.7,3.2,1.5,2.4,0
19,123,1,2.5,0.1,0.2,0.2,0.3,0.4,0,0.4,0.4,0.1,0.4,0
19,124,2,4,0.3,0.3,0.3,0.5,0.8,0,0.7,0.6,0.1,0.4,0
19,125,1,1,0,0.1,0.1,0.2,0.2,0,0.1,0.1,0.1,0.1,0
19,126,1,2,0.1,0.1,0.1,0.2,0.3,0,0.3,0.7,0.1,0.1,0
19,127,3,14,0.6,0.7,0.3,1.6,2.4,0,2.4,5,0.6,0.4,0
25,2,3,59,1,3.1,2,2.5,10.7,0.5,15.8,16.3,2.5,4.6,0
25,3,4,119.5,1,10.2,4.5,17.2,13.2,2.3,27.5,28.9,4.8,9.9,0
25,10,2,26,0.7,1.9,1.6,2.5,7,0,5.9,5.1,0,1.3,0
25,14,1,2,0,0.1,0,0.2,0.5,0,0.5,0.5,0.1,0.1,0
25,15,1,3,0,0.1,0,0.4,0.7,0,0.7,0.9,0.1,0.1,0
25,16,2,3,0.2,0.1,0.3,0.7,0.8,0,0.6,0.3,0,0,0
25,20,2,6,0.4,0.3,0.5,1.5,1.5,0,1.3,0.5,0,0,0
25,28,5,20,0.5,1.9,0.6,3.4,5.1,0.5,1.3,5.2,1.2,0.3,0
25,31,1,12,0.4,1.1,0.4,2.3,3.5,0.4,0.4,2.7,0.8,0,0
25,32,4,186.5,7.1,12.9,11.9,20.5,40.3,2.3,31.1,41.3,4.4,14.7,0
25,33,2,11,0.3,0.8,1.2,1.1,2.5,0.1,1.7,2.2,0.1,1,0
25,34,3,12,0.5,1.2,1.2,2.6,3.4,0,1.7,1.4,0,0,0
25,36,1,2,0,0.1,0.1,0.3,0.4,0,0.2,0.6,0.2,0.1,0
25,38,3,6,0.2,0.5,0.2,0.6,1.3,0.3,0.7,1.3,0.4,0.5,0
25,39,1,6,0.3,0.7,0,0.6,1.4,0.4,0.8,1.1,0.3,0.4,0
25,40,0,28,2,2,1,4,3,0,3,9,2,2,0
25,41,1,137,2.3,9.3,3.8,17,26.9,2,31.3,25.6,4.5,14.3,0
25,42,1,2,0,0.1,0.2,0.3,0.4,0,0.6,0.4,0,0,0
25,43,2,7,0,0.3,0.7,0.9,1.4,0,2.2,1.5,0,0,0
25,45,4,56,1,2.6,2.8,10.2,11.4,0,13.9,9.1,1,4,0
25,49,1,3,0.2,0.3,0,0.3,0.6,0,0.4,0.8,0,0.4,0
25,50,1,1,0.1,0.1,0,0.1,0.2,0,0.1,0.3,0,0.1,0
25,53,5,80,0.9,7.8,4,7.8,20.1,1,16.2,12.4,5.5,4.3,0
25,54,1,2,0,0.1,0,0.1,0.2,0,0.5,0.7,0.1,0.3,0
25,55,2,74,4.4,8,2.4,14.8,14.4,4.2,7.8,9.4,7.4,1.2,0
25,56,4,42.5,2.7,7.4,2.7,6,10.6,0.8,6.1,2.7,2.7,0.8,0
25,57,2,10,0.2,1.5,1,1.6,1.7,0.5,1.5,1.1,0.7,0.2,0
25,58,1,2,0,0.3,0.2,0.3,0.4,0.1,0.3,0.2,0.1,0.1,0
25,60,1,2,0,0.4,0.4,0.1,0.4,0,0.4,0.2,0.1,0,0
25,61,1,3,0,0.6,0.5,0.1,0.6,0.1,0.6,0.3,0.1,0.1,0
25,65,2,11,0.5,0.5,0.5,1.3,2.1,0.2,1.6,3.2,0.6,0.5,0
25,66,1,2,0.1,0.1,0.1,0.2,0.4,0,0.3,0.6,0.1,0.1,0
25,67,1,4,0.2,0.2,0.2,0.5,0.7,0.1,0.6,1.1,0.2,0.2,0
25,68,1,15.5,1.3,2.1,0.7,2.4,3.3,0.2,0.9,2.2,1.3,1.1,0
25,69,1,3,0.3,0.4,0.1,0.5,0.6,0,0.2,0.4,0.3,0.2,0
25,71,1,5,0.4,0.7,0.2,0.8,1.1,0.1,0.3,0.7,0.4,0.3,0
25,73,3,7,0,0,0.6,0.3,0.8,0,3.5,1.8,0,0,0
25,74,1,1,0,0,0.1,0,0.1,0,0.5,0.3,0,0,0
25,75,1,1,0,0,0.1,0,0.1,0,0.5,0.3,0,0,0
25,76,1,2,0.2,0,0,0.6,0.1,0,0.2,0.8,0,0.1,0
25,78,1,8,0.6,0,0,2.5,0.3,0,0.9,3.4,0,0.3,0
25,79,1,12,0.3,1.1,0.7,4.3,1.4,0.2,0.4,1.8,1.4,0.4,0
25,80,1,4,0.1,0.4,0.2,1.4,0.5,0.1,0.1,0.6,0.5,0.1,0
25,81,1,2.5,0.1,0.2,0.1,0.9,0.3,0,0.1,0.4,0.3,0.1,0
25,82,1,7.5,0.4,0.6,0.2,2.1,1.1,0,1.1,0.9,0.1,1,0
25,83,1,2,0.1,0.1,0,0.6,0.3,0,0.3,0.3,0,0.3,0
25,86,3,5,0,0.3,0,1,0.7,0,1.2,1.5,0,0.3,0
25,90,3,31,0.7,2.2,2,4.4,9,0.7,3.1,4.4,2.8,1.7,0
25,91,1,6,0,0.6,0.5,0.6,1.9,0.2,0.6,0.9,0.3,0.4,0
25,93,1,1,0,0.2,0.1,0,0.3,0,0.2,0.2,0,0,0
25,94,1,1,0,0.2,0.1,0,0.3,0,0.2,0.2,0,0,0
25,96,1,2,0,0.2,0.2,0,0.4,0,0.3,0.8,0,0.1,0
25,97,3,64,1.6,2.6,2.6,8.1,13.4,2.3,10.4,15.2,0.6,7.2,0
25,98,1,3,0,0.4,0.1,0,1.4,0,0.4,0.6,0,0.1,0
25,100,1,1,0,0.1,0,0,0.5,0,0.1,0.2,0,0.1,0
25,102,3,24,1.4,2,0.9,3,5.3,0,4.8,4.4,1.3,0.9,0
25,103,6,60,3.6,5.5,2,8.1,13.2,0,11.4,10.8,3.3,2.1,0
25,104,3,11.5,0.6,1.2,0.3,2.2,2.5,0,1.8,1.8,0.8,0.3,0
25,105,1,2,0,0.1,0.2,0.4,0.3,0.1,0.4,0.3,0,0.2,0
25,106,2,202.5,6.1,25.5,13.8,36.4,48.3,4.7,23.7,22,17.2,4.8,0
25,107,5,59.5,1.7,7.8,0.9,8.7,11.4,2.1,4.3,13.1,5.2,4.3,0
25,108,1,1,0,0.1,0,0.2,0.2,0,0.1,0.2,0.1,0.1,0
25,109,1,2,0.1,0,0.1,0.4,0.2,0,0.5,0.4,0.2,0.1,0
25,110,1,3,0.1,0,0.1,0.6,0.3,0,0.8,0.7,0.2,0.2,0
25,111,1,1,0,0,0,0.2,0.1,0,0.3,0.2,0.1,0.1,0
25,115,1,6,0.3,0.8,0.3,0.8,1.6,0.1,0.8,0.5,0.6,0.2,0
25,116,5,90.5,4.4,8.5,6,14.7,19.6,5.2,17,6.1,7.3,1.7,0
25,117,6,88.5,1,8,2.9,10.8,18,0.9,23.6,10.7,7.7,4.9,0
25,119,2,3,0,0.1,0.3,0.2,0.9,0,0.3,0.7,0.2,0.3,0
25,120,1,2,0,0.1,0.2,0.1,0.6,0,0.2,0.5,0.1,0.2,0
25,121,1,1,0,0,0.1,0.1,0.3,0,0.1,0.2,0.1,0.1,0
25,122,1,4,0,0.3,0.7,0.2,0.8,0,1.3,0.2,0.2,0.3,0
25,123,1,2,0,0.2,0.4,0.1,0.4,0,0.6,0.1,0.1,0.1,0
25,124,3,17,0,1.4,3.1,0.7,3.4,0,5.5,0.8,1,1.1,0
25,125,3,13,0,0.5,2.1,0.4,3,0.3,0.9,3.9,0.5,1.4,0
25,126,2,7,0,0.3,1.1,0.2,1.6,0.1,0.5,2.1,0.3,0.8,0
25,127,6,33,1.1,1.9,2.2,3,7.1,1.7,4.7,7.7,1.9,1.7,0
14,6,3,40,2.3,1.3,1.4,5,5.8,1.3,9.8,12.1,0.1,0.9,0
14,10,2,14,0,1.4,0,1.4,3.6,0,3.8,2.4,0.4,1,0
14,12,1,3,0,0.3,0,0.3,0.8,0,0.8,0.5,0.1,0.2,0
14,14,1,2,0,0.2,0,0.3,0.4,0,0.3,0.3,0.3,0.2,0
14,18,1,8,0.5,0.7,0.3,0.3,2.1,0.3,1.1,2.2,0.3,0.2,0
14,20,1,31,1,1.6,1.1,8.5,2.8,0,4.8,8,2.1,1.1,0
14,21,2,4,0.4,0,0.5,0.2,0.5,0,1.1,0.9,0,0.4,0
14,26,1,1,0,0.1,0.1,0.1,0.2,0,0.2,0.2,0,0.1,0
14,32,1,2,0.1,0,0,0.6,0.1,0,0.4,0.7,0,0.1,0
14,41,1,2,0.1,0.1,0.1,0.2,0.1,0,0.2,0.7,0.1,0.4,0
14,43,2,5,0,0.5,0.3,0.5,1,0,1,1.2,0,0.5,0
14,45,1,1,0,0.1,0,0.2,0.1,0,0.2,0.3,0,0.1,0
14,47,2,44,1.7,5.2,2.7,3.5,9.2,0,7.7,8.6,1.3,4.1,0
14,48,4,10,0.4,0.6,0.8,0.7,1.8,0.1,2,2.3,0.2,1.1,0
14,49,2,4,0,0.1,0.1,0.2,0.4,0,0.9,1.9,0,0.4,0
14,51,2,5,0.1,0.1,0.2,0.4,0.4,0,1.2,2.2,0,0.4,0
14,54,1,3,0,0.1,0.2,0.5,0.7,0,0.4,0.8,0.1,0.2,0
14,60,3,14,0.4,1.3,2.1,2.3,2.7,0.1,2,1.6,0.5,1,0
14,61,3,86.5,3.8,6.7,6.3,11.4,20.2,1.1,8.4,18.3,1.5,8.8,0
14,62,1,1,0.1,0,0,0.1,0.2,0,0.1,0.2,0,0.1,0.2
14,65,1,2,0.1,0.3,0.1,0.1,0.4,0,0.3,0.6,0.1,0,0
14,66,3,8,0.3,1,0.4,0.6,1.7,0.1,1.2,2,0.2,0.2,0.3
14,68,3,7,0.3,0.8,0.3,0.6,1.5,0.1,1.1,1.4,0.2,0.4,0.3
14,69,1,3,0.1,0.4,0.1,0.3,0.7,0.1,0.6,0.5,0.1,0.1,0
14,70,2,5,0.2,0.5,0.4,1,1.1,0.2,0.6,0.3,0.5,0.2,0
14,71,2,5,0.2,0.3,0.4,1.1,1.1,0.1,0.6,0.3,0.6,0.3,0
14,73,1,2,0.1,0.3,0.1,0.1,0.5,0,0.1,0.4,0,0.4,0
14,74,2,10,0.6,1.2,0.6,0.4,2.6,0,0.4,2.2,0,2,0
14,75,2,3,0.3,0.5,0.2,0.3,0.6,0,0.3,0.5,0.1,0.2,0
14,76,2,3,0.1,0.3,0.1,0.3,0.4,0.1,0.5,0.9,0,0.3,0
14,78,2,2,0,0.2,0,0,0.2,0,0.4,0.8,0,0.4,0
14,80,3,34,1.3,2.3,2.5,4.6,7.3,0.7,4.1,6.4,2.8,2,0
14,81,4,18,0.3,1.5,1.1,2.6,2.3,0.1,3.3,4.7,0.8,1.3,0
14,82,2,3,0,0.4,0.1,0.6,0.2,0,0.6,0.8,0.2,0.1,0
14,83,1,3,0,0.4,0.1,0.5,0.2,0,0.7,0.8,0.2,0.1,0
14,84,1,6,0.1,0.5,0.7,0.8,1,0.1,1.2,0.4,0.6,0.6,0
14,85,1,2,0,0.2,0.2,0.3,0.4,0,0.4,0.1,0.2,0.2,0
14,86,3,13,0,1.6,0.5,1.4,3.4,0.3,2.3,1.9,0.5,1.1,0
14,87,2,3,0,0.4,0.1,0.3,0.7,0.1,0.5,0.5,0.1,0.3,0
14,91,1,1,0,0.1,0,0.1,0.2,0,0.2,0.2,0,0.2,0
14,92,3,11.5,0,1.4,0.9,0.5,1.8,0.4,1.7,1.6,0.9,2.3,0
14,94,1,4,0.1,0.7,0.1,0.3,0.5,0.2,0.8,0.6,0.5,0.2,0
14,96,1,5,0.3,0,0,1.2,0.7,0.2,0.4,1.2,0.5,0.5,0
14,100,2,2,0,0,0.2,0.3,0.2,0.1,0.4,0.5,0.1,0.2,0
14,101,2,11,0.1,0,0.6,2.4,1.4,0.5,2.6,2.2,0.9,0.3,0
14,102,1,3,0.1,0.2,0.2,0.6,0.6,0.1,0.4,0.3,0.2,0.3,0
14,104,2,10,0.2,0.9,0.5,1,2.6,0.2,2,1.7,0.6,0.3,0
14,105,3,14.5,0.2,1.4,0.9,1.4,3.8,0.2,2.7,2.5,0.8,0.6,0
14,106,5,27,1.4,2.4,2.3,2.6,5.7,0,3.7,4.7,1.1,3.1,0
14,107,3,33,2.2,2.3,1.4,7.1,4.5,0.6,6.2,5.7,1.6,1.4,0
14,108,3,12,0.3,0.7,0.6,2.1,2.8,0.6,1.4,1.9,0.9,0.7,0
14,109,2,10,0.3,0.6,0.4,1.7,2.5,0.5,1,1.7,0.8,0.5,0
14,110,5,34,1,2.2,1.5,5.5,7.8,1.6,4.2,6,2.1,2.1,0
14,111,2,7,0.2,0.5,0.3,1,0.9,0.2,1.6,1.4,0,0.9,0
14,112,1,4,0.2,0.8,0.1,0.5,0.6,0.2,0.6,0.6,0.1,0.3,0
14,113,2,7,0.9,0.3,0,1.9,0.5,0,1,1.2,0.6,0.6,0
14,114,2,11,1,1.4,0.1,2.1,1.3,0.3,1.8,1.6,0.5,0.9,0
14,115,3,18,0.8,1,1.6,2,3.6,0.5,2.3,5.1,0.4,0.7,0
14,116,1,4,0.2,0,0.5,0.4,0.8,0.1,0.5,1.3,0.1,0.1,0
14,117,3,25,1.5,0.5,3,4.2,5.4,0.6,2.4,5.1,1.1,1.2,0
14,118,2,10,0.6,0.1,1.3,1.6,2.1,0.3,1,2,0.5,0.5,0
14,120,1,6,0.3,0.9,0.4,1.1,1.3,0,0.9,0.9,0.2,0,0
14,123,1,4,0.2,0.1,0.1,1,1,0.1,0.8,0.1,0.3,0.3,0
14,124,5,33,1.1,2.6,1.6,5.3,9.4,0.7,2.3,6.3,1.8,1.9,0
14,125,5,22,0.8,1.8,1.2,3,6.9,0.5,1.6,3.7,1.6,0.9,0
14,126,1,2,0.1,0.1,0.1,0.2,0.6,0.1,0.2,0.3,0.2,0.1,0
14,127,2,11,0.5,0.8,0.6,1.3,3,0.3,1.4,1.4,1.1,0.6,0
16,2,2,5,0,0.5,0.2,0.2,0.8,0,0.8,2.2,0,0.3,0
16,3,3,5,0,0.5,0.2,0.2,0.8,0,0.8,2.2,0,0.3,0
16,6,1,3,0.1,0.3,0.3,0.1,0.7,0,0.3,1,0.1,0.1,0
16,7,1,5,0.1,0.3,0,0.2,0.9,0,0.8,1.7,0.4,0.6,0
16,8,8,128.5,1.2,10.6,2.2,9,30.4,2,21,36.2,3.7,12.2,0
16,9,4,18,0,1.2,0.9,2.3,4.2,0,3.7,4.2,0.2,1.3,0
16,15,1,1,0,0.1,0,0.1,0.2,0,0.3,0.2,0,0.1,0
16,26,1,2,0,0.2,0.1,0.3,0.4,0,0.3,0.5,0,0.2,0
16,28,1,1,0,0.1,0.1,0.1,0.2,0,0.2,0.2,0,0.1,0
16,29,1,1,0,0,0,0.3,0.1,0,0.2,0.4,0,0,0
16,32,1,4,0.1,0,0,1.2,0.3,0,0.8,1.4,0,0.2,0
16,35,1,3,0.1,0.1,0.1,0.1,0.4,0,0.5,1.3,0.1,0.3,0
16,37,1,1,0,0,0,0.1,0.2,0,0.2,0.4,0,0.1,0
16,39,1,3,0.1,0.1,0.1,0.1,0.4,0,0.5,1.3,0.1,0.3,0
16,42,2,4,0.1,0.3,0,0.5,0.4,0.3,1.3,0.7,0.1,0.3,0
16,43,5,84,1.4,3.6,1,14.6,14.3,5.4,16.8,16.3,3.7,6.9,0
16,45,1,1,0,0.1,0.1,0.1,0.2,0,0.2,0.2,0,0.1,0
16,46,1,1,0,0.1,0.1,0.1,0.2,0,0.2,0.2,0,0.1,0
16,47,3,18,0,1.8,1.4,1.5,3.6,0.3,3.6,4.3,0,1.5,0
16,48,2,3,0,0.2,0.1,0.2,0.5,0,0.6,1.1,0,0.3,0
16,49,3,7,0,0.1,0.2,0,0.7,0,1.4,3.9,0,0.7,0
16,50,1,3,0,0.1,0.1,0,0.3,0,0.6,1.6,0,0.3,0
16,51,2,4,0,0,0.2,0,0.4,0,0.8,2.2,0,0.4,0
16,52,2,3,0,0.1,0.2,0.5,0.7,0,0.4,0.8,0.1,0.2,0
16,58,1,1,0.2,0,0.1,0.2,0.1,0,0.2,0.2,0,0,0
16,61,2,7,0.1,1.1,1.1,1.4,1.3,0,0.4,1,0,0.6,0
16,62,1,4,0.3,0.1,0.2,0.4,0.8,0,0.5,0.6,0.1,0.4,0.6
16,64,1,1,0.1,0,0,0.1,0.2,0,0.1,0.2,0,0.1,0.2
16,70,1,2,0.2,0,0.2,0.4,0.3,0.1,0.2,0.4,0.1,0.1,0
16,71,4,27,2,0.9,2.2,5.9,4.2,1.2,2.4,5,1.8,1.4,0
16,72,1,4,0.2,0.4,0.6,0.5,0.9,0,0.4,0.5,0.3,0.1,0.1
16,73,1,1,0.1,0.1,0.2,0.1,0.2,0,0.1,0.1,0.1,0,0
16,75,1,4,0.3,0.8,0.2,0.6,0.6,0.1,0.6,0.5,0.2,0.1,0
16,76,2,3.5,0.3,0.7,0.2,0.5,0.5,0,0.6,0.5,0.2,0,0
16,77,1,5,0.4,0.9,0.2,0.8,0.8,0.1,0.8,0.7,0.2,0.1,0
16,78,2,10,0.7,1.8,0.4,1.3,1.6,0.2,1.7,1.4,0.5,0.4,0
16,79,1,7,0.4,0.5,0.7,0.7,1.9,0,1.4,1.2,0.1,0.1,0
16,80,2,3,0.1,0.3,0.2,0.2,0.7,0,0.7,0.5,0.1,0.2,0
16,81,3,13,0.7,0.9,1.3,1.4,3.6,0.1,2,2,0.6,0.4,0
16,82,1,2,0,0.1,0.3,0.3,0.6,0,0.3,0.3,0,0.1,0
16,83,1,1,0,0,0.1,0.2,0.3,0,0.2,0.2,0,0,0
16,84,1,2,0.1,0.2,0.1,0.5,0.1,0.1,0.3,0.3,0.1,0.2,0
16,85,2,8,0.5,0.8,0.9,0.9,2,0,0.6,1.3,0.4,0.6,0
16,86,1,8,0.5,0.8,0.9,0.9,2,0,0.6,1.3,0.4,0.6,0
16,87,1,8,0,1.1,0.4,1,2.2,0.3,1.2,1,0.4,0.4,0
16,88,1,1.5,0,0.2,0.1,0.2,0.4,0,0.2,0.2,0.1,0.1,0
16,89,1,4,0,0.4,0.1,0.2,0.7,0.1,0.9,0.9,0.1,0.6,0
16,90,1,3,0.1,0.4,0.3,0.4,0.7,0,0.4,0.4,0.1,0.2,0
16,91,4,81,6.8,2.5,6.8,12.4,15,2.1,12.4,14.5,3,5.5,0
16,92,3,9,0,0.9,0.9,0.3,1.5,0.3,1.1,1.2,0.6,2.2,0
16,97,1,1,0,0,0.1,0.1,0.1,0,0.2,0.3,0,0.2,0
16,100,1,6,0.2,0,0.6,0.9,0.4,0.2,1.3,1.5,0,0.9,0
16,101,3,7,0.3,0,0.7,1,0.4,0.3,1.5,1.8,0,1,0
16,102,3,44,1.7,2.6,2.4,9.2,9,0.8,6.2,5,3.2,3.9,0
16,104,1,2,0.1,0.1,0.1,0.4,0.4,0,0.3,0.2,0.2,0.2,0
16,105,4,11,0.4,0.6,0.5,1.5,2,0.1,2.1,1.8,0.6,1.4,0
16,107,3,11,0.1,0.7,0.5,1.2,1.8,0,2.7,2.1,0.5,1.4,0
16,108,2,7,0.2,0.5,0.3,0.8,1.3,0.2,0.9,2,0.2,0.6,0
16,109,1,1,0,0.1,0,0.1,0.2,0,0.2,0.4,0,0,0
16,110,1,2,0.1,0.1,0.1,0.1,0.4,0,0.3,0.7,0.1,0.1,0
16,112,1,1,0,0.2,0,0.1,0.2,0.1,0.2,0.1,0,0.1,0
16,113,1,4,0.2,0.8,0.1,0.5,0.6,0.2,0.6,0.6,0.1,0.3,0
16,114,4,20,1.2,2.1,1.5,3.7,3.4,0.2,2.8,4.7,0.1,0.3,0
16,115,5,78,2.4,3,5.9,13.2,9.4,2.6,12.5,24.9,1.9,2.2,0
16,116,1,3,0.2,0.4,0.1,0.6,0.7,0.1,0.1,0.4,0.3,0.1,0
16,117,1,2,0.1,0,0.1,0.4,0.2,0.1,0.6,0.4,0.1,0,0
16,120,1,2,0,0.1,0.4,0.2,0.4,0,0.4,0.1,0.1,0.3,0
16,121,1,2,0,0.1,0.4,0.2,0.4,0,0.4,0.1,0.1,0.3,0
16,122,3,10,0.5,0.3,0.3,2.5,2.6,0.3,2,0.3,0.5,0.7,0
16,123,1,3,0.1,0.1,0.1,0.8,0.8,0.1,0.6,0.1,0.1,0.2,0
16,124,1,5,0.2,0.2,0.2,1.1,0.7,0.2,0.4,1.5,0,0.5,0
16,125,2,6,0.3,0.3,0.3,0.4,1.4,0,1.2,1.2,0.5,0.4,0
16,126,1,1,0,0,0.1,0.1,0.2,0,0.2,0.2,0.1,0.1,0
16,127,3,6,0.2,0.3,0.4,0.4,1.4,0,1.2,1.2,0.5,0.4,0
52,0,2,6,0.1,0.5,0.2,1.3,1.3,0,0.3,1.2,0.7,0.4,0
52,4,1,3,0.1,0.4,0,0.4,0.5,0,0.2,0.9,0.2,0.3,0
52,8,1,2,0,0.1,0.3,0.1,0.6,0,0.5,0.4,0,0,0
52,16,3,17.5,1,0.8,0.6,3.5,1,0,3.5,4.1,0,3,0
52,17,1,4,0.2,0.2,0.1,0.8,0.3,0,0.8,0.9,0,0.7,0
52,25,1,1,0.1,0.1,0.1,0.1,0.2,0,0.2,0.1,0,0.1,0
52,27,1,3,0.2,0.2,0,0.6,0.2,0,0.6,0.6,0.2,0.4,0
52,29,3,57,1,5,4,4,16,0,9,10.1,3.9,4,0
52,39,2,184.5,12.1,15.5,9,37.8,32.9,7,18,33.6,12.2,6.4,0
52,40,3,134.5,4.8,11.6,8.5,18.2,33.4,1.5,23.6,22,6,4.9,0
52,41,2,5,0.5,0.3,0.4,0.8,1,0,0.7,0.8,0.2,0.3,0
52,43,1,2,0,0.1,0.1,0.1,0.3,0,0.6,0.6,0.1,0.1,0
52,46,5,150,9.9,11,7.9,19,33,1,24.1,30.1,7,7,0
52,50,3,86.5,3.7,8.1,6.4,14.7,16.6,3.7,18,11.9,1.6,1.8,0
52,51,3,12,0.7,0.7,0.5,2.5,1.6,0.7,3.3,1.6,0.2,0.2,0
52,53,5,179,4.2,13.4,14.3,20,32.2,1.5,38.6,37.7,9,8.1,0
52,54,1,9,0.7,1.5,0.4,0.5,2.2,0,1.5,1.3,0.4,0.5,0
52,55,2,12,0.5,2.1,0.7,0.8,3.2,0.1,1.6,1.6,0.8,0.6,0
52,56,1,11,0,1.9,0.8,0.8,3.4,0.3,1,1.2,1.2,0.4,0
52,58,1,9,0,1.5,0.7,0.7,2.8,0.2,0.8,1,1,0.3,0
52,60,1,2,0,0.4,0,0.2,0.3,0,0.3,0.5,0.2,0.1,0
52,62,1,1,0,0.1,0.2,0.1,0.3,0,0.2,0.1,0,0,0
52,63,1,8,0.7,1.1,0.3,1.7,0.8,0.3,1.7,0.8,0.3,0.3,0
52,64,1,2,0.2,0.3,0.1,0.4,0.2,0,0.4,0.2,0.1,0.1,0
52,65,1,2,0.2,0.3,0.1,0.4,0.2,0,0.4,0.2,0.1,0.1,0
52,66,1,712,29.4,63.2,59.9,140.1,123.8,13.4,92.8,95.5,49.1,37.8,7
52,67,0,458.5,25.5,44.5,23,70,87,8.5,65,67,29,39,0
52,69,3,16,0,1.7,1.1,1.2,4.6,0,3.4,3.4,0,0.6,0
52,72,1,16,0,3.4,0,3.9,2.9,0.5,1.9,2.4,0.5,0.5,0
52,73,1,4,0,0.9,0,1,0.7,0.1,0.5,0.6,0.1,0.1,0
52,82,3,17,0,2,0.7,1.4,3.1,0.1,4.1,2.9,1.3,1.4,0
52,83,3,110,2,8.1,9.8,11.5,19.9,1.5,19.9,22.4,8.4,6.5,0
52,84,1,1,0,0.1,0,0.1,0.2,0,0.2,0.2,0.1,0.1,0
52,86,2,18,0.4,1.3,1.7,1.3,5.5,0.4,2.9,3.3,0.8,0.4,0
52,88,5,98.5,2.9,8,3.9,16.4,12.9,2.9,18,16.5,9.5,7.5,0
52,89,0,71.5,5,5,5,12,11,1,13,11,3.5,5,0
52,92,1,2,0.1,0.1,0,0.4,0.2,0,0.4,0.5,0.1,0.2,0
52,94,1,4,0.2,0.2,0.1,0.8,0.4,0,0.9,0.9,0.2,0.3,0
52,104,1,4,0,0.2,0.6,0.7,0.4,0,0.4,1.3,0,0.4,0
52,113,4,12,0.3,1.3,0.9,1.2,2.4,0,3,1.8,0.5,0.6,0
52,114,2,9,0.3,1.1,0.3,1.2,2.2,0,1.2,1.9,0.5,0.3,0
52,117,2,2,0,0.2,0.2,0.4,0.4,0,0.4,0.2,0.2,0,0
52,118,1,1,0,0.1,0.1,0.2,0.2,0,0.2,0.1,0.1,0,0
52,119,7,96.5,2.1,16.4,8.8,12.8,25.5,1.2,7.4,11.5,8.1,2.7,0
52,120,2,76.5,5.5,11.6,3.2,18.2,12.3,3.4,3.8,6.8,8,3.7,0
52,121,3,23,1.1,2,1.6,4,3.6,0.8,4.1,4.1,0.8,0.9,0
52,122,4,40,0.6,2.3,2.9,2.4,7.9,0.2,6.4,10.6,0.2,6.5,0
52,123,5,35,2,1.7,2.2,6.3,4.2,1.1,6.5,7,1.2,2.8,0
52,124,6,96.5,4.7,5.1,4.7,18.6,10,2.9,18.6,24.5,3.2,4.2,0
52,125,1,3,0.2,0.3,0.1,0.3,0.5,0.1,0.6,0.5,0.1,0.3,0
52,126,2,8,0.6,0.6,0.2,1,1.2,0.2,1.6,1.4,0.2,1,0
52,127,4,12,0.8,1.1,0.4,1.3,1.9,0.4,2.4,2,0.4,1.3,0
24,1,1,2,0,0.3,0,0,0.5,0,0.4,0.5,0,0.3,0
24,2,2,6,0,0.4,0.1,0.2,1.6,0.1,1.3,1.6,0.2,0.5,0
24,3,2,3,0,0.2,0,0.1,0.6,0,0.8,0.9,0.1,0.3,0
24,18,1,2,0.1,0.1,0.2,0.5,0.5,0,0.4,0.2,0,0,0
24,19,1,1,0,0.1,0,0.1,0.2,0,0.3,0.3,0,0,0
24,22,1,2,0,0,0.1,0.3,0.3,0,0.6,0.5,0.1,0.1,0
24,23,1,5,0.4,0.5,0.5,0.7,1,0.1,0.5,0.8,0.4,0.1,0
24,25,1,2,0,0,0.1,0.3,0.3,0,0.6,0.5,0.1,0.1,0
24,26,1,4,0.1,0,0.1,0.6,0.6,0.1,1.2,0.9,0.1,0.3,0
24,27,1,3,0,0,0.1,0.4,0.5,0.1,0.9,0.7,0.1,0.2,0
24,28,1,1,0,0.1,0,0.1,0.1,0,0.2,0.4,0,0.1,0
24,30,1,2,0.1,0.1,0.2,0.3,0.3,0,0.3,0.5,0,0.2,0
24,31,1,3,0.1,0.3,0.1,0.6,0.8,0.1,0.1,0.7,0.2,0,0
24,32,3,33,1,2.2,3.6,3.5,7,0.5,4.9,7,0.5,2.8,0
24,33,1,3,0.1,0.2,0.3,0.5,0.4,0.1,0.4,0.7,0.1,0.2,0
24,34,2,5,0.2,0.3,0.5,0.9,0.8,0.1,0.7,1.1,0.1,0.3,0
24,35,1,5,0.2,0.5,0.5,1.1,1.4,0,0.7,0.6,0,0,0
24,36,1,2,0.2,0.3,0,0.2,0.4,0,0.3,0.5,0,0.1,0
24,38,1,1,0,0.1,0,0.1,0.2,0.1,0.1,0.2,0.1,0.1,0
24,40,1,1,0,0,0,0,0,0,0.1,0.5,0,0.4,0
24,41,1,1,0,0,0,0,0,0,0.1,0.5,0,0.4,0
24,44,1,4.5,0.1,0,0,1,0.3,0,0.3,1.9,0.5,0.4,0
24,46,1,5,0,0.6,0.2,0,1.9,0,0.3,1.6,0.1,0.3,0
24,49,3,16,0,2,2.5,0,3.5,0,2.5,2.5,0,3,0
24,50,2,7.5,0.4,0.7,0.1,0.8,1.5,0,1.1,1.9,0,1,0
24,52,1,14,1.5,1.5,0.7,2,2.8,0.4,1.8,1.3,1.5,0.5,0
24,53,3,19,1.6,1.8,0.9,2.4,3.6,0.4,2.8,2.6,1.9,1,0
24,58,1,1,0,0,0.1,0.1,0.2,0,0.2,0.3,0,0.1,0
24,59,2,7,0.1,0.3,0.5,1,1.1,0,1,2,0.3,0.7,0
24,61,1,2,0,0.4,0.4,0.1,0.4,0,0.4,0.2,0.1,0,0
24,62,1,12,0.2,2,1.2,1.2,2.5,0.2,1.2,2.6,0.5,0.4,0
24,64,1,8.5,0.1,1.4,0.8,0.9,1.8,0.1,0.9,1.8,0.4,0.3,0
24,66,1,3,0,0.1,0.3,0.2,0.7,0,0.7,0.6,0,0.4,0
24,67,2,3,0.1,0.2,0.2,0.3,0.6,0,0.5,0.8,0.1,0.2,0
24,68,1,3,0.3,0.4,0.1,0.5,0.6,0,0.2,0.4,0.3,0.2,0
24,69,1,7,0.2,0.4,0.2,1.1,1.7,0,1.5,1.3,0.4,0.2,0
24,70,1,1,0.1,0.1,0,0.2,0.2,0,0.1,0.1,0.1,0.1,0
24,71,1,2,0,0.1,0.1,0.3,0.5,0,0.4,0.4,0.1,0.1,0
24,72,2,4,0,0.1,0.3,0.2,0.5,0,1.7,1.1,0,0.1,0
24,76,2,50,5.3,2.6,2,8.7,9.9,2,5.5,12.2,1.3,0.5,0
24,79,1,1,0,0.1,0.1,0.1,0.2,0,0.2,0.1,0.1,0.1,0
24,80,2,4,0.1,0.4,0.3,1.2,0.6,0,0.3,0.5,0.4,0.2,0
24,81,4,10,0.4,0.9,0.7,2.4,1.4,0.2,1.1,1.4,1,0.5,0
24,83,1,5,0.2,0.4,0.1,1.4,0.8,0,0.8,0.6,0.1,0.6,0
24,84,2,8,0.3,0.5,0,1.6,1.3,0,2.1,1.1,0.3,0.8,0
24,85,1,4,0.2,0.3,0.1,1.1,0.6,0,0.6,0.5,0.1,0.5,0
24,90,1,1,0,0,0.1,0,0.1,0,0.1,0.5,0,0.2,0
24,91,1,2,0,0.1,0.2,0.1,0.2,0,0.1,0.9,0,0.4,0
24,95,2,5,0,0.8,0.5,0,1.2,0,0.9,1.4,0.1,0.1,0
24,99,1,3,0,0.4,0.1,0,1.4,0,0.4,0.6,0,0.1,0
24,102,3,94,0.7,9.7,6.3,8.3,25,0.7,12.4,18.5,8.9,3.5,0
24,103,4,23,0.6,3.1,2.1,2.2,4.7,0,2.5,5.7,0.7,1.4,0
24,104,4,29,0.5,4.2,3.1,2.4,6,0,2.5,7.9,0.6,1.8,0
24,105,3,105,5.3,7.4,4.9,17,18.2,3,17.9,22.4,2.1,6.8,0
24,106,6,132.5,5.6,8.2,11.4,24.3,29.7,2,21.1,17.4,4.5,8.3,0
24,107,1,5,0.2,0.3,0.5,0.6,1.2,0,0.6,1,0.2,0.4,0
24,108,2,7,0.3,0.3,0.5,1.1,1.2,0,1.3,1.5,0.3,0.5,0
24,109,5,9,0.2,0.1,0.3,1.8,0.8,0,3.3,1.8,0.4,0.3,0
24,110,1,2,0,0.1,0.1,0.4,0.1,0,1,0.3,0,0,0
24,111,1,3,0,0.1,0.1,0.6,0.2,0.1,1.5,0.4,0,0,0
24,112,5,54,1.8,7.5,4.9,6.8,9.4,0.1,9,9.1,3.2,2.2,0
24,113,6,56,2,6.9,5.5,6.6,11.1,0.5,9,8.9,3.2,2.3,0
24,114,1,3,0,0.4,0.2,0.2,0.5,0.1,0.5,0.5,0.2,0.4,0
24,115,2,15,0,2.2,1.2,1.2,2.7,0.3,2.5,3,0.6,1.3,0
24,116,2,7,0.2,1,0.5,0.9,1.8,0.1,1,0.8,0.5,0.2,0
24,117,1,3,0,0.4,0,0.4,0.9,0,0.5,0.2,0.3,0.3,0
24,118,1,2,0.1,0.1,0.1,0.3,0.3,0.1,0.4,0.4,0.1,0.1,0
24,119,2,14,0.1,0.8,1.1,1.3,3.8,0.1,1.5,3.5,0.9,0.9,0
24,120,3,6,0.1,0.4,0.4,0.7,1.4,0.1,0.8,1.4,0.3,0.4,0
24,121,4,13,0.5,0.7,0.6,2,2.1,0.5,2.8,2.6,0.6,0.6,0
24,122,2,9,0,0.7,1.5,0.4,2,0,2.5,0.7,0.4,0.8,0
24,123,2,4,0.4,0.2,0,0.6,0.8,0.2,0.6,0.8,0.4,0,0
24,124,2,8,0.7,0.5,0.1,1.3,1.6,0.4,1.2,1.4,0.7,0.1,0
24,125,2,7,0.3,1,0.7,0.5,2.1,0.1,0.7,1.1,0.2,0.3,0
24,126,6,51.5,2.1,6.7,5.3,3.6,15.9,1,4.8,8.8,1.5,1.8,0
24,127,4,8,0.3,0.6,0.5,0.8,1.7,0.2,1.3,1.8,0.3,0.5,0
26,0,1,23,0,3.2,0,0,5.5,0,4.8,5.5,0,4,0
26,2,1,1,0,0,0,0.1,0.1,0,0.3,0.4,0,0.1,0
26,4,2,3,0,0.1,0,0.2,0.4,0,0.9,1.1,0,0.3,0
26,10,2,26,0.9,2.3,1.8,2.1,7,0,5.1,5.4,0,1.4,0
26,13,1,5,0,0.2,0,0.6,1.2,0,1.2,1.4,0.2,0.2,0
26,16,3,16,0,1.8,0,3.8,2.9,0,1.8,5.7,0,0,0
26,20,2,4,0.3,0.1,0.3,1,1.1,0,0.9,0.3,0,0,0
26,22,3,30,2.2,3.3,2.7,4.3,6,0.5,3.3,5,2.2,0.5,0
26,23,2,3,0.3,0.3,0.3,0.4,0.6,0,0.3,0.5,0.3,0,0
26,25,1,5,0.4,0.5,0.5,0.7,1,0.1,0.5,0.8,0.4,0.1,0
26,28,3,11,0,1.4,0.5,0.5,0.9,0,2.5,4.2,0.5,0.5,0
26,35,1,2,0,0.1,0.1,0.3,0.4,0,0.2,0.6,0.2,0.1,0
26,36,1,6,0.1,0.2,0.3,0.9,1.1,0,0.7,1.7,0.6,0.4,0
26,39,1,3,0.1,0.4,0,0.3,0.7,0.2,0.4,0.6,0.1,0.2,0
26,40,2,18,0.7,2.1,0.2,1.6,3.9,0.8,3,3,1.1,1.6,0
26,41,3,29,1.1,3.4,0.5,2.6,5.9,0.9,5,4.8,2,2.8,0
26,44,0,42.5,2,1.5,2,6,7,0,3,13,0,8,0
26,45,3,365.5,21,20.5,21.2,61.7,50.2,10.1,61,71.4,11.2,37.2,0
26,47,1,4,0.3,0.7,0.1,0.4,0.9,0,0.3,0.5,0.7,0.1,0
26,48,2,3,0.2,0.3,0,0.3,0.6,0,0.4,0.8,0,0.4,0
26,50,2,43.5,4.1,4.9,0.1,5.1,11,0,2.4,9.6,2,4.3,0
26,52,2,16,0.8,0.8,1.4,3,3.4,0.4,3,1.8,1,0.4,0
26,53,1,5,0.2,0.2,0.5,0.9,1.1,0.1,0.9,0.6,0.4,0.1,0
26,55,5,165.5,3.7,13.6,8.6,22.6,30.1,4.7,20.4,39.5,7.7,7.6,7
26,56,1,1,0,0.1,0.1,0.2,0.2,0.1,0.1,0.1,0.1,0,0
26,59,2,7,0,1.5,1.2,0.3,1.5,0.1,1.4,0.7,0.2,0.1,0
26,62,1,3,0.1,0.5,0.3,0.3,0.6,0.1,0.3,0.6,0.1,0.1,0
26,63,3,15,0.3,2.5,1.5,1.5,3.1,0.3,1.5,3.2,0.6,0.5,0
26,64,2,4,0,0.6,0.4,0.4,0.8,0.2,0.4,0.8,0.2,0.2,0
26,66,2,5,0.2,0.2,0.2,0.6,0.9,0.1,0.8,1.4,0.3,0.3,0
26,68,2,7,0.3,0.3,0.3,0.8,1.4,0.1,1,2.1,0.4,0.3,0
26,69,2,11,1,1.4,0.4,1.8,2.3,0.1,0.7,1.5,1,0.8,0
26,70,1,3,0.3,0.4,0.1,0.5,0.6,0,0.2,0.4,0.3,0.2,0
26,71,1,2,0.2,0.3,0.1,0.3,0.4,0,0.1,0.3,0.2,0.1,0
26,72,1,4,0,0,0.3,0.2,0.5,0,2,1,0,0,0
26,73,2,5,0,0,0.4,0.2,0.6,0,2.5,1.3,0,0,0
26,78,1,2,0.2,0,0,0.6,0.1,0,0.2,0.8,0,0.1,0
26,80,1,2,0.1,0.2,0.1,0.7,0.2,0,0.1,0.3,0.2,0.1,0
26,82,1,2,0.1,0.1,0,0.6,0.3,0,0.3,0.3,0,0.3,0
26,83,2,3,0.1,0.2,0,0.9,0.5,0,0.5,0.4,0,0.4,0
26,86,2,5,0.1,0.2,0,1,0.7,0,1.2,1.5,0,0.3,0
26,88,1,1,0,0.1,0,0.2,0.1,0,0.2,0.3,0,0.1,0
26,89,1,22,0.1,1,0,4.2,9.2,1,0.1,4.1,1.2,1.1,0
26,90,5,74,3.5,7.1,3,9.5,15.1,0.2,9.4,14.9,5.6,5.7,0
26,91,3,26,0,2.6,2.1,2.9,8.1,0.8,2.5,4.1,1.2,1.7,0
26,92,1,4,0,0.8,0.4,0,1,0,0.8,0.9,0.1,0,0
26,93,1,3,0,0.6,0.3,0,0.8,0,0.6,0.6,0.1,0,0
26,95,2,7,0,1.1,0.7,0,1.7,0,1.4,1.9,0.1,0.1,0
26,96,1,3,0,0.3,0.3,0.1,0.5,0,0.4,1.2,0,0.2,0
26,97,1,17,0.4,0.4,0.4,2.9,2.6,0.7,2.6,4.8,0.4,1.8,0
26,98,2,14,0,1.4,1,0.3,3.7,0,2,4.8,0,0.8,0
26,102,3,8,0.5,0.8,0.2,1.5,1.7,0,1.3,1.3,0.5,0.2,0
26,103,2,9.5,0.6,0.9,0.3,1.6,2,0,1.6,1.6,0.6,0.3,0
26,104,1,4,0,0.5,0.1,0.4,0.7,0,0.2,1.4,0.4,0.3,0
26,105,5,69,0.7,5.5,3.6,9,12.3,0.9,13,12.2,3.7,8.1,0
26,106,4,24,0.3,1.5,1.8,4.4,3.8,0.4,4.6,3,1.2,3,0
26,107,4,12,0.5,1.1,0.1,1.8,2.1,0.3,0.7,3.2,1,1.2,0
26,110,1,4,0.2,0,0.2,0.8,0.4,0,1,0.9,0.3,0.2,0
26,111,2,14,0.7,0,0.7,2.8,1.4,0,3.5,3,1,0.9,0
26,112,1,1,0.1,0,0.1,0.2,0.1,0,0.2,0.1,0.1,0.1,0
26,113,4,13,0.4,1.2,0.9,1.5,2,0.6,2,2.3,0.8,1.3,0
26,115,1,7,0.3,0.9,0.4,1,1.9,0.2,0.9,0.5,0.7,0.2,0
26,117,1,4,0.2,0.5,0.2,0.6,1.1,0.1,0.5,0.3,0.4,0.1,0
26,118,1,3,0.1,0.4,0.2,0.4,0.8,0.1,0.4,0.2,0.3,0.1,0
26,119,2,5,0.4,0,0.1,1,0.9,0.1,0.2,1.5,0.4,0.4,0
26,120,1,4,0,0.2,0.4,0.3,1.2,0,0.3,1,0.3,0.3,0
26,122,1,2,0,0.2,0.4,0.1,0.4,0,0.6,0.1,0.1,0.1,0
26,123,2,5,0.1,0.4,0.7,0.3,1.2,0,1.4,0.3,0.3,0.3,0
26,124,5,33,1.8,2.4,2.4,4.2,11.6,0.2,5.1,2.5,2.4,0.4,0
26,125,1,6,0,0.3,0.9,0.1,1.4,0.1,0.4,1.8,0.3,0.7,0
26,127,5,24,0.9,1.4,1.6,3.1,4.5,0.9,3.4,4.9,1.2,2.1,0
11,7,4,15,0.4,0,0.4,2,1.3,1,4.5,4.3,0.2,0.9,0
11,8,1,4,0.3,0,0,0.5,0.5,0.3,1.2,1,0,0.2,0
11,15,3,13.5,0.8,1.1,0.6,0.6,3.4,0.6,1.8,3.7,0.6,0.3,0
11,17,1,2,0.1,0.2,0.1,0.1,0.5,0.1,0.3,0.5,0.1,0,0
11,18,4,41.5,1,1.1,1.8,3.5,6.5,0.2,6.4,15.2,1.5,4.3,0
11,19,3,77.5,2.8,7.3,1.6,16.2,14.4,2,9,12.1,5.2,6.9,0
11,20,5,162,2,9.5,4.5,24.6,26.6,3.8,32.1,41.7,4.1,13.1,0
11,21,6,47,0.8,4.2,2.7,6.2,8.9,1.7,8.7,9.4,1.5,2.9,0
11,22,2,3,0,0.3,0.2,0.4,0.6,0,0.5,0.7,0,0.3,0
11,23,2,3,0,0.3,0.2,0.4,0.6,0,0.5,0.7,0,0.3,0
11,24,2,14,0.4,1,0,2.3,0.9,0.1,2.9,3.9,0.8,1.7,0
11,29,1,2,0.1,0,0,0.6,0.1,0,0.4,0.7,0,0.1,0
11,31,2,8,0.3,0.5,0.5,0.9,1.7,0.3,1,2.2,0.1,0.5,0
11,34,1,2,0.1,0.1,0.1,0.2,0.4,0.1,0.3,0.6,0,0.1,0
11,35,2,7,0.2,0.2,0.2,0.3,0.4,0.2,2.1,1.9,0,1.5,0
11,37,3,7,0,0.5,0.4,0.6,0.8,0.2,1.9,1.2,0,1.4,0
11,40,1,1,0,0,0.1,0.1,0.1,0,0.1,0.4,0,0.2,0
11,45,1,5,0,0,0.7,0.5,0.2,0,1.4,1.6,0,0.6,0
11,48,3,6,0.3,0.1,0.5,0.6,0.7,0,1.5,1.4,0.2,0.7,0
11,51,3,9,0.4,0,0.4,1.9,0.5,0,2.6,2.6,0,0.6,0
11,52,1,1,0,0.1,0.1,0.1,0.2,0,0.3,0.2,0,0,0
11,53,1,2,0,0.3,0.1,0.3,0.3,0,0.6,0.3,0.1,0,0
11,54,1,2,0,0.1,0.1,0.3,0.5,0,0.3,0.5,0.1,0.1,0
11,59,1,4,0.1,0.1,0.6,0.6,0.8,0.1,0.8,0.4,0.2,0.3,0
11,63,2,9,0.6,0.3,0.4,0.9,1.8,0,1.2,1.4,0.1,0.9,1.4
11,67,1,2,0.1,0.1,0.3,0.1,0.3,0.1,0.5,0.1,0.1,0.3,0
11,68,1,1,0,0.1,0.1,0.1,0.2,0,0.3,0.1,0.1,0,0
11,70,1,1,0,0.1,0.1,0.2,0.2,0,0.2,0.1,0.1,0,0
11,71,3,26.5,1,3.3,2.2,4.8,5.7,0.6,4.5,1.7,2.2,0.5,0
11,72,2,4,0.2,0.6,0.2,0.2,1,0,0.2,0.8,0,0.8,0
11,74,3,5,0.2,0.7,0.4,0.3,1.2,0,0.4,0.9,0,0.9,0
11,75,2,5,0.1,0.4,0.8,0.6,1.1,0,0.8,0.6,0.3,0.3,0
11,76,1,2,0,0.1,0.1,0.1,0.2,0.1,0.3,0.8,0,0.3,0
11,78,3,18,0.4,0.9,1.9,2.7,3.7,0,3,3.3,0.6,1.5,0
11,79,4,16,0.4,1,1.5,2.6,2.8,0.1,2.3,3.3,0.8,1.2,0
11,80,4,18,0.2,1,1.2,1.7,2.9,0.1,4.3,3.3,0.7,2.6,0
11,81,4,131.5,5.2,4.2,8.1,20.8,25.4,5.4,19.9,20.7,7.9,13.9,0
11,82,0,1395,33,111.5,117.5,230,259,15.5,159,244,61.5,163,1
11,83,1,1810.5,76.1,137.3,160.9,377.5,365.6,45.6,228.8,220.2,94.1,103.4,1
11,84,2,12,0.4,1.5,0.6,2,2.3,0.2,1.8,1.5,0.5,1.2,0
11,85,5,31,1.7,2.8,1,5.4,4.4,0.1,5.3,5.8,0.9,3.6,0
11,86,5,31,1.9,2,0.9,5.3,3.8,0,5.7,6.5,0.9,4,0
11,89,4,13,0.8,1.8,0.8,1.4,3.1,0.4,1.3,2.1,0.8,0.5,0
11,91,1,2,0,0.3,0.1,0.3,0.6,0.1,0.1,0.2,0.3,0,0
11,95,1,7,0.5,0.5,0.5,0.8,1.1,0,2.3,0.5,0.2,0.6,0
11,96,1,2,0,0.2,0.1,0.2,0.3,0,0.6,0.3,0.1,0.2,0
11,98,1,4,0,0.3,0,0.5,0.9,0.2,0.7,0.9,0.3,0.2,0
11,99,3,26.5,0.4,2.3,0.2,3.5,5.8,1,4.5,5.9,1.8,1.1,0
11,103,4,13.5,0.8,0.4,1.6,2.3,2.4,0,0.8,4.6,0.3,0.3,0
11,104,2,16,0.9,0.5,2,2.6,2.9,0,0.9,5.5,0.3,0.4,0
11,106,2,4,0,0.1,0.5,0.7,0.4,0.1,0.9,0.7,0.2,0.4,0
11,107,4,17,0,0.7,1.4,2.7,2.1,0.1,4,4,0.7,1.3,0
11,108,1,5,0,0,0.6,0.8,0.2,0.1,1.2,1.4,0.2,0.5,0
11,109,5,33,0.7,4.1,2.3,2.9,6.8,0,5.9,6.1,2.9,1.3,0
11,110,4,27,0.6,2.8,1.8,3.5,5.6,0,5,5.2,1.8,0.7,0
11,111,3,8,0.4,0.2,0.5,1.7,1.4,0.1,1.7,1.6,0.1,0.3,0
11,112,3,18,0.6,1.9,0.9,2.3,4.1,0.4,3,2.7,0.8,1.3,0
11,113,1,2,0.1,0.2,0.1,0.3,0.4,0,0.3,0.3,0.1,0.2,0
11,114,2,9,1.1,0.5,0.1,2.2,0.8,0,1.3,1.6,0.7,0.7,0
11,115,7,39,1.5,3.4,2.2,3.7,9,0.3,6.8,7.1,3.6,1.4,0
11,116,1,3,0.1,0.4,0.1,0.1,0.8,0,0.5,0.6,0.3,0.1,0
11,118,1,4,0.1,0.4,0.1,0.3,1.2,0.1,0.5,0.7,0.1,0.5,0
11,119,2,4,0,0.2,0.1,0.4,0.9,0.2,0.6,1,0.1,0.5,0
11,120,2,5,0.2,0.4,0.4,0.3,1.7,0.1,0.7,0.5,0.3,0.4,0
11,121,3,16,1,1.6,1.4,1.8,4.6,0,2.6,1.5,0.9,0.6,0
11,122,3,11,0.4,1.2,0.2,1.2,2.1,0.2,1.4,2.6,0.6,1.1,0
11,123,6,20,0.4,1.9,0.3,2,3.5,0.2,2.7,5.7,0.8,2.5,0
11,125,2,3,0,0.2,0.1,0.3,0.6,0,0.3,0.9,0.1,0.5,0
11,127,4,11,0.4,0.8,0.6,1.3,3.1,0.3,1.3,1.4,1.1,0.7,0
27,0,1,4,0,0.5,0,0,1,0,0.8,1,0,0.7,0
27,5,1,4,0.6,0,0.2,0.3,0.6,0.2,0.6,0.9,0,0.6,0
27,9,2,7,0.3,0.8,0.6,0.4,2,0,0.9,1.5,0,0.5,0
27,13,1,1,0,0.1,0,0.1,0.2,0,0.2,0.3,0,0.1,0
27,14,1,3,0,0.1,0,0.4,0.7,0,0.7,0.9,0.1,0.1,0
27,15,2,12,0,0.5,0,1.5,2.9,0,2.8,3.5,0.4,0.4,0
27,18,1,2,0.1,0.1,0.2,0.5,0.5,0,0.4,0.2,0,0,0
27,19,1,7,0.5,0.3,0.5,1.8,1.8,0,1.6,0.5,0,0,0
27,20,1,3,0.2,0.1,0.2,0.8,0.8,0,0.7,0.2,0,0,0
27,22,1,5,0.4,0.5,0.5,0.7,1,0.1,0.5,0.8,0.4,0.1,0
27,24,2,3,0.3,0.3,0.3,0.4,0.6,0,0.3,0.5,0.3,0,0
27,25,1,4,0.3,0.4,0.4,0.6,0.8,0.1,0.4,0.6,0.3,0.1,0
27,33,2,109,3.3,13.9,12,14.9,22.6,0,15.3,18,3,6,0
27,34,1,1,0,0.1,0.1,0.2,0.3,0,0.2,0.1,0,0,0
27,36,1,7,0.2,0.2,0.3,1,1.3,0,0.8,2,0.7,0.5,0
27,39,2,4,0.1,0.5,0,0.4,0.9,0.3,0.5,0.8,0.2,0.3,0
27,41,1,1,0,0.1,0,0.1,0.2,0.1,0.1,0.2,0.1,0.1,0
27,42,1,2,0,0.1,0.2,0.3,0.4,0,0.6,0.4,0,0,0
27,43,1,4,0,0.3,0.1,0.1,0.1,0,0.7,1.9,0,0.8,0
27,44,1,9,0,0.5,0.3,0.3,0.3,0,1.6,4.2,0,1.8,0
27,45,3,212.5,10.7,15.9,14.6,30.8,26.5,5.4,27.9,44.6,12.4,23.7,0
27,46,4,163,4.2,15.5,7.5,15.5,27.2,1.5,26.5,44.3,10.4,10.4,0
27,47,3,67,3.5,5.8,1.8,10.3,11.4,1,8.5,12.1,11.8,0.8,0
27,48,2,27,0.3,1.6,4,0.3,2.6,0,4.3,7.3,2.6,4,0
27,50,3,24.5,1.3,2.3,0.4,2.6,4.9,0,3.6,6.2,0,3.2,0
27,51,1,6,0.3,0.5,0.1,0.7,1.2,0,0.9,1.5,0,0.8,0
27,53,1,2,0.1,0.1,0.2,0.4,0.4,0,0.4,0.2,0.1,0.1,0
27,57,3,8,0.2,0.7,0.4,1.3,1.6,0.1,1.6,1.4,0.6,0.1,0
27,58,4,191,6.7,15.2,12.6,31.8,39.7,5,30.6,26.2,14.2,9,0
27,59,1,4,0,0.8,0.7,0.2,0.8,0.1,0.8,0.4,0.1,0.1,0
27,61,2,28,0,5.9,4.9,1.1,5.9,0.5,5.4,2.7,1.1,0.5,0
27,63,3,8,0.1,1.3,0.8,0.8,1.7,0.2,0.8,1.7,0.4,0.2,0
27,64,2,8,0.2,1.3,0.8,0.8,1.7,0.2,0.8,1.7,0.3,0.2,0
27,65,3,14,0.5,0.8,0.7,1.7,2.7,0.4,1.9,3.9,0.8,0.6,0
27,67,2,5,0.2,0.2,0.2,0.6,1,0.1,0.7,1.5,0.3,0.2,0
27,69,1,5,0.4,0.7,0.2,0.8,1.1,0.1,0.3,0.7,0.4,0.3,0
27,70,1,5,0.4,0.7,0.2,0.8,1.1,0.1,0.3,0.7,0.4,0.3,0
27,72,1,2,0,0,0.2,0.1,0.2,0,1,0.5,0,0,0
27,73,2,2,0.1,0.1,0.1,0.2,0.2,0,0.6,0.5,0.1,0.1,0
27,74,7,74.5,4.9,4,3.8,15.9,8,2.8,10,15.6,4.5,5,0
27,75,1,61,0.5,9,7,7.9,14.2,1,3.7,13.5,1,3.2,0
27,77,1,4,0.3,0,0,1.2,0.1,0,0.5,1.7,0,0.2,0
27,78,1,3,0.2,0,0,0.9,0.1,0,0.4,1.3,0,0.1,0
27,79,1,4,0.1,0.4,0.2,1.4,0.5,0.1,0.1,0.6,0.5,0.1,0
27,82,2,4,0.1,0.3,0.1,1.1,0.7,0,0.7,0.5,0,0.5,0
27,83,3,12,0.6,0.9,0.2,3.4,1.9,0,1.9,1.5,0.1,1.5,0
27,86,3,7.5,0.1,0.4,0,1.6,1.1,0,1.8,2.1,0,0.4,0
27,87,2,9,0.2,0.4,0.1,1.9,1.3,0,2.1,2.6,0,0.4,0
27,89,1,2,0,0.4,0,0.1,0.4,0,0.3,0.4,0.2,0.2,0
27,90,1,7,0.5,0,0.3,1.5,1.5,0,0.8,0.8,1.3,0.3,0
27,91,2,3,0.3,0,0.1,0.6,0.6,0,0.3,0.3,0.6,0.2,0
27,92,1,5,0,0.9,0.5,0,1.3,0,1.1,1.1,0.1,0,0
27,96,3,8,0,0.8,0.8,0.1,1.5,0,1.2,3.2,0,0.4,0
27,97,2,6,0,0.5,0.6,0.1,1.1,0,0.9,2.4,0,0.4,0
27,103,1,2,0,0.2,0.1,0.2,0.3,0,0.1,0.7,0.2,0.2,0
27,104,5,94,0.5,13.2,3.2,8.6,20.3,1.5,10.7,21.2,10.6,4.2,0
27,105,7,91,0.8,7.5,3.4,12.6,13.6,1.8,12.6,23.5,6.8,8.4,0
27,106,4,101,2.2,3,3.2,11.8,14.3,1.3,15.7,36.1,4.4,9,0
27,107,2,63,0.7,1,1,10.6,9.9,1,12.7,19.1,1.4,5.6,0
27,108,3,24,1.1,0,0.9,4.6,2.6,0,5.2,5.8,1.8,2,0
27,109,1,2,0.1,0,0.1,0.4,0.2,0,0.5,0.4,0.2,0.1,0
27,110,1,3,0.1,0,0.1,0.6,0.3,0,0.8,0.7,0.2,0.2,0
27,111,1,8,0.4,0,0.4,1.6,0.8,0,2,1.7,0.6,0.5,0
27,112,2,15,1.1,0.7,1.1,2.8,2.1,0.7,2.5,2.1,1.1,0.8,0
27,113,5,51,2.4,3.5,2.9,6.2,9.6,2.1,10.1,8.8,2.7,2.7,0
27,115,2,4,0.1,0.6,0.2,0.4,0.8,0.1,0.6,0.5,0.3,0.4,0
27,116,2,6,0.2,0.8,0.4,0.8,1.6,0.2,0.8,0.4,0.6,0.2,0
27,117,1,5,0.2,0.6,0.3,0.7,1.4,0.1,0.6,0.4,0.5,0.2,0
27,118,1,4,0.3,0,0.1,0.8,0.7,0.1,0.2,1.2,0.3,0.3,0
27,119,4,29.5,2.3,0,0.8,6.2,5,0.7,1.5,8.4,2.3,2.3,0
27,121,1,3,0,0.2,0.3,0.2,0.9,0,0.2,0.8,0.2,0.2,0
27,122,1,5,0,0.4,0.9,0.2,1,0,1.7,0.2,0.3,0.3,0
27,123,2,8,0.4,0.6,0.7,1,2.7,0.1,1.2,0.6,0.6,0.1,0
27,124,3,13,0.9,0.9,0.6,1.9,5,0.2,1.3,1.1,1.1,0,0
27,125,2,7,0,0.3,1.1,0.2,1.6,0.2,0.5,2.1,0.3,0.7,0
27,126,3,9,0,0.4,1.4,0.3,2.1,0.2,0.6,2.7,0.4,0.9,0
27,127,8,52.5,2.7,3.1,3.3,10.9,6.6,0.6,7.1,8.4,2.1,7.7,0
23,10,2,7,0.3,0.4,0,0.4,0.9,0.3,1.8,2.6,0.1,0.2,0
23,16,1,1,0,0.1,0,0.1,0.2,0,0.3,0.3,0,0,0
23,23,1,6,0.1,0,0.2,0.8,1,0.1,1.8,1.4,0.2,0.4,0
23,25,2,6,0.1,0,0.2,0.9,0.9,0.1,1.8,1.4,0.2,0.4,0
23,28,1,3,0,0,0.1,0.4,0.5,0.1,0.9,0.7,0.1,0.2,0
23,34,1,3,0.1,0.2,0.3,0.5,0.4,0.1,0.4,0.7,0.1,0.2,0
23,35,4,10,0.8,1.4,0,1,2.2,0,1.6,2.4,0,0.6,0
23,36,1,4,0.3,0.6,0,0.4,0.9,0,0.7,0.9,0,0.2,0
23,41,1,2,0,0,0,0.1,0.1,0,0.1,1,0,0.7,0
23,42,1,1,0,0,0,0.2,0.1,0,0.1,0.4,0.1,0.1,0
23,44,2,3,0.1,0,0,0.6,0.2,0,0.2,1.3,0.3,0.3,0
23,46,1,8.5,0,1.1,0.3,0,3.2,0,0.5,2.7,0.1,0.6,0
23,47,2,2,0,0,0.2,0,0.6,0,0.4,0.2,0,0.6,0
23,48,2,78,1,4,5.9,8,12.6,0,14.9,20,1,10.6,0
23,50,3,8,0,1,1.2,0,1.7,0,1.3,1.3,0,1.5,0
23,53,1,2,0.2,0.2,0.1,0.3,0.4,0,0.3,0.2,0.2,0.1,0
23,56,1,2,0.1,0,0.1,0.2,0.2,0,0.4,0.7,0.1,0.2,0
23,58,1,4,0.2,0.1,0.2,0.4,0.4,0,0.8,1.3,0.2,0.4,0
23,59,1,2,0,0.1,0.1,0.3,0.3,0,0.3,0.6,0.1,0.2,0
23,60,1,2,0,0.1,0.1,0.3,0.3,0,0.3,0.6,0.1,0.2,0
23,61,1,15.5,0.4,0.5,1.2,2.2,2.4,0,2.2,4.4,0.5,1.7,0
23,62,1,1,0,0.1,0.1,0.1,0.2,0.1,0.1,0.2,0.1,0,0
23,64,1,6,0.1,0.7,0.5,0.8,1.2,0.4,0.4,1,0.7,0.2,0
23,65,1,5,0,0.2,0.5,0.4,1.1,0,1.1,1,0,0.7,0
23,67,2,3,0,0.2,0.3,0.3,0.6,0,0.6,0.6,0,0.4,0
23,68,2,3,0,0.2,0.2,0.4,0.6,0,0.6,0.6,0.1,0.3,0
23,70,1,3,0.1,0.2,0.1,0.5,0.7,0,0.6,0.6,0.1,0.1,0
23,72,2,9,0.2,0.7,0.8,1.2,0.9,0,2.1,2.2,0.2,0.7,0
23,73,1,6,0.1,0.5,0.5,0.8,0.6,0,1.4,1.4,0.2,0.5,0
23,74,1,4,0.1,0.3,0.4,0.5,0.4,0,0.9,1,0.1,0.3,0
23,75,1,1,0,0.1,0,0,0.2,0,0.2,0.4,0,0.1,0
23,76,4,161.5,7.8,17.7,4,20.7,26.8,2,21.4,27.8,10.6,22.7,0
23,77,2,220.5,4,20.5,24.4,39,47,3.5,27,28,14,13.1,0
23,79,2,6,0.3,0.4,0.6,0.4,1,0.2,1.4,0.8,0.5,0.4,0
23,81,4,20,1.2,1.2,2,1.3,3.4,0.6,4.7,2.6,1.7,1.3,0
23,82,1,2,0.1,0.2,0,0.4,0.3,0.1,0.4,0.2,0.1,0.2,0
23,83,3,64.5,4,2.4,1.2,16.2,11,3.5,8.5,11.5,4.2,2,0
23,84,3,126,5.4,9,4,15.8,25.4,2,20.8,22.8,11.4,9.4,0
23,85,2,6,0.2,0.4,0,1.2,1,0,1.6,0.8,0.2,0.6,0
23,91,1,3,0,0.1,0.3,0.1,0.4,0,0.2,1.3,0,0.6,0
23,94,1,2,0,0.1,0.2,0.1,0.2,0,0.1,0.9,0,0.4,0
23,95,1,2,0,0.1,0.4,0.1,0.4,0,0.3,0.6,0.1,0,0
23,102,3,16,0.2,1.4,1.6,1.6,5.1,0.3,2.6,1.6,1,0.6,0
23,104,0,196,5,8,14,27,45,7,30,31,11,18,0
23,105,2,4,0.1,0.4,0.4,0.4,0.9,0,0.4,0.9,0.2,0.3,0
23,106,7,72,3.5,4.7,7.3,8.3,16.9,0.5,9.2,13.5,2.4,5.7,0
23,107,1,3,0.1,0.2,0.3,0.4,0.7,0,0.4,0.6,0.1,0.2,0
23,108,1,4,0,0.1,0.1,0.9,0.3,0.1,1.9,0.6,0,0,0
23,109,1,5,0,0.1,0.2,1.1,0.3,0.1,2.4,0.8,0,0,0
23,110,2,10,0,0.3,0.3,2.1,0.6,0.3,4.9,1.5,0,0,0
23,111,3,5,0,0.2,0.2,1,0.3,0,2.5,0.8,0,0,0
23,112,5,180,7.3,24.3,10.6,27.8,34.3,1,35.9,20,10.5,8.3,0
23,113,2,346.5,6.3,33.8,33.2,44.2,72.9,4.6,62.4,51,17.7,20.4,0
23,114,5,31,1.2,1.6,3.8,2.3,9.4,1.2,4.6,4.1,1.6,1.2,0
23,115,2,13,0.2,1.8,1.3,1.1,3.3,0.2,2.2,2.5,0.2,0.2,0
23,117,1,3,0,0.5,0.3,0.3,0.7,0,0.5,0.7,0,0,0
23,118,2,10.5,0.2,1.1,0.7,1.4,2,0.2,2.1,2.2,0.3,0.3,0
23,119,1,3,0.1,0.2,0.1,0.5,0.5,0.1,0.7,0.6,0.1,0.1,0
23,120,2,4,0.2,0.2,0.2,0.6,0.6,0.2,0.8,0.8,0.2,0.2,0
23,121,6,99,2.2,6.5,6.3,15.5,17.2,3.2,19.6,17.9,4.3,6.3,0
23,122,4,95,1.7,6.6,7.5,13.8,18.5,1,17.6,17.7,3.5,7.1,0
23,123,4,11,0.1,0.7,1.4,1,2.7,0,1.8,1.8,0,1.5,0
23,124,1,2,0.2,0.1,0,0.3,0.4,0.1,0.3,0.4,0.2,0,0
23,125,2,11,0.5,1.3,0.9,1.1,3.1,0.3,1.2,1.8,0.4,0.4,0
23,126,5,32,1.4,4.2,3.3,2.3,10,0.5,3.1,5.3,0.9,1,0
23,127,2,70,3.7,5.3,4.7,7.3,13.5,1,10,16.7,2.8,5,0
33,0,2,4,0,0.5,0.1,0.2,0.9,0.1,0.5,1.1,0.2,0.4,0
33,3,4,32,1.8,1.4,1.4,4.2,8.9,1,3.2,5,2.3,2.8,0
33,4,1,3,0.2,0.1,0.1,0.4,0.8,0.1,0.3,0.5,0.2,0.3,0
33,5,2,20,1.1,0.9,0.9,2.6,5.5,0.6,2,3.2,1.4,1.8,0
33,11,1,2,0,0,0.1,0.3,0.1,0,0.8,0.6,0,0.1,0
33,18,4,51,0.9,5.5,0.8,5.4,12.4,0.6,11.5,8.4,2.2,3.3,0
33,19,2,19,0.4,3.4,0.5,2.1,5.9,0.5,3.8,1.2,1.2,0,0
33,21,3,32,0.9,1,0,1.1,9.6,0.9,2,6.8,6.8,2.9,0
33,28,7,58,0.4,6,3.1,5.6,15,1.1,3.7,17.5,2.5,3.1,0
33,29,3,104,1.2,2.8,9.1,11,16.6,0.3,10.9,39.3,4.8,8,0
33,30,1,2,0,0.3,0.1,0,0.6,0,0.2,0.5,0,0.3,0
33,31,1,2,0,0.3,0.1,0,0.6,0,0.2,0.5,0,0.3,0
33,32,2,10,0,0.4,0.4,1.1,2,0,1.5,4.6,0,0,0
33,34,2,18,0,1.9,1.3,1.8,3.5,0.5,3.5,4.4,1.1,0,0
33,37,1,8,0.2,0,0.2,1.3,1.8,0,2.5,1.8,0.2,0,0
33,38,2,7,0.2,0,0.3,1.1,1.5,0,2.2,1.5,0.2,0,0
33,42,2,5,0,0.8,0.3,0.2,1.4,0,1,0.5,0.5,0.3,0
33,43,1,2,0,0.3,0.1,0.1,0.6,0,0.4,0.2,0.2,0.1,0
33,45,1,4,0,0.6,0.2,0.1,1.2,0,0.8,0.4,0.4,0.3,0
33,47,1,3,0,0.3,0.1,0.3,0.3,0,0.4,1.2,0.3,0.1,0
33,48,8,60,0.9,6.5,2.3,5.7,6.6,0.9,12.7,14,4.7,5.7,0
33,49,1,2,0.1,0.2,0.1,0.2,0.2,0.1,0.5,0.3,0.1,0.2,0
33,54,1,6,0,0.8,0.2,0.4,1.7,0.2,0.6,1.7,0.2,0.2,0
33,57,4,79.5,3.3,8.8,4,8.8,24.2,1.6,5.4,17.4,5,1,0
33,58,3,72,1.9,5.6,6.9,7.7,15.6,1.6,8.4,18.2,3.9,2.2,0
33,60,1,1,0,0.1,0,0.2,0.1,0.1,0.2,0.1,0.1,0.1,0
33,61,2,16,0.4,1.2,0.4,2.8,1.9,0.7,3.1,2.3,1.6,1.6,0
33,63,1,2,0.1,0.2,0.2,0.3,0.5,0,0.2,0.2,0.2,0.1,0
33,64,1,1,0,0.1,0.1,0.2,0.3,0,0.1,0.1,0.1,0,0
33,65,1,1,0,0,0.1,0,0.1,0,0.3,0.4,0,0.1,0
33,66,3,13,0,0,0.5,0,1.3,0.3,4.1,5.1,0.4,1.3,0
33,67,2,240,10,28,16.4,30,33.4,5.4,40.5,42.5,18.4,15.4,0
33,68,1,4,0,0.3,0.3,0.3,0.8,0,1.4,0.7,0.2,0,0
33,70,2,6.5,0.5,0.8,0.3,0.9,1.6,0,0.8,0.3,0.9,0.4,0
33,71,2,12,1.2,1.6,0.4,2,3.2,0,0.8,0,1.9,0.9,0
33,73,1,1,0.1,0,0.1,0.2,0.2,0,0.1,0.2,0,0.1,0
33,75,2,3,0.1,0,0.2,0.4,0.6,0,0.6,0.8,0,0.3,0
33,78,2,24,1.5,3.8,1.5,3.2,4.9,0.6,5.3,2,0.6,0.6,0
33,79,1,7,0.4,1.1,0.4,0.9,1.5,0.2,1.5,0.6,0.2,0.2,0
33,80,2,7,0.3,0.7,0.4,1,1.2,0.2,1.3,0.5,0.6,0.8,0
33,81,1,2,0.1,0.1,0.1,0.3,0.3,0.1,0.3,0.1,0.2,0.4,0
33,82,5,83,2.6,8.8,8,9.4,19.1,0.5,14.7,11.6,4.7,3.6,0
33,83,3,188.5,4.4,10.4,11.3,24.6,43.2,5.5,20.7,46.6,7.1,14.7,0
33,84,3,8,0.3,0,0.5,1.7,0.7,0,2.4,1.4,0.3,0.7,0
33,85,1,2,0,0.2,0.3,0.1,0.6,0,0.3,0.3,0,0.2,0
33,86,1,2,0,0.2,0.3,0.1,0.6,0,0.3,0.3,0,0.2,0
33,87,4,36,0,3.1,2.6,3.3,9,0.7,7.8,5.2,3.1,1.2,0
33,88,2,109,1,10.1,2.8,12.1,33,0.3,19.5,21.7,4.1,4.4,0
33,92,1,2,0.1,0.1,0.1,0.2,0.4,0.1,0.6,0.1,0.2,0.1,0
33,94,1,1,0,0.1,0.1,0.1,0.2,0,0.3,0.1,0.1,0,0
33,97,1,5,0.3,0.3,0,0.8,0.6,0.4,0.8,1.6,0.1,0.1,0
33,100,1,4,0.2,0.2,0,0.7,0.4,0.3,0.7,1.3,0.1,0.1,0
33,101,1,7,0.4,0.4,0,1.1,0.7,0.6,1.1,2.3,0.2,0.2,0
33,106,1,1.5,0,0,0.1,0.1,0.4,0.1,0.4,0.3,0,0.1,0
33,107,0,35.5,0,0,1,3,5,0,10,13,1.5,2,0
33,108,4,55,0.5,4.6,6.7,5.4,12.4,2.5,11.4,8,0.5,3,0
33,113,1,3,0.2,0.3,0.2,0.9,0.6,0,0.4,0,0.3,0.1,0
33,114,1,5,0.2,0.3,0.3,0.5,1.2,0,0.9,0.6,0.5,0.5,0
33,115,6,43,3.2,3.3,0.8,9.5,4.2,1,6.9,11.1,2.5,0.5,0
33,116,2,7,0.1,1.3,0.3,0.7,1.3,0.2,0.6,1.8,0.7,0,0
33,118,1,5,0.1,0.9,0.3,0.5,0.9,0.1,0.4,1.3,0.5,0,0
33,121,5,44,3.6,5.6,1.5,6.3,9.8,0.6,6.4,5.8,2.8,1.6,0
33,122,5,78,4.1,8.3,6.3,22.2,14.6,4,8.1,4.3,5.3,0.8,0
33,123,2,12.5,0.8,1.1,1.2,1.8,2,0.4,1.4,2.3,0.8,0.7,0
33,124,6,33,1.8,3,3.3,4.5,5.1,1.4,3.8,6.4,1.8,1.9,0
33,125,3,18,1.6,1.6,0,2.6,2.7,1,2,4.3,1.1,1.1,0
33,126,2,6,0.6,0.6,0,0.9,0.9,0.3,0.7,1.4,0.3,0.3,0
51,0,3,11,0.4,0.8,0.4,2.4,2.3,0.1,0.8,2,1.2,0.6,0
51,4,1,4,0.1,0.5,0,0.6,0.7,0,0.3,1.1,0.3,0.4,0
51,5,1,6,0.2,1,0.2,1.3,1.9,0,0.5,0.6,0.3,0,0
51,9,3,46,4,0.1,2.7,5.7,11,0,4.2,12.5,3.3,2.5,0
51,16,1,1,0,0.1,0.1,0.1,0.2,0,0.2,0.2,0,0.1,0
51,20,1,6,0.1,0.8,0.5,0.7,1.2,0.1,0.9,1,0.3,0.4,0
51,24,4,22,1.2,1.9,1.5,2.8,3.8,0,5.3,2.1,0.7,2.7,0
51,26,1,1,0.1,0.1,0,0.1,0.3,0,0.1,0.3,0,0,0
51,27,4,96,4,6.2,3.8,9.1,17.3,1,16.6,24.6,4.3,9.1,0
51,34,1,4,0,0.5,0.3,0.5,1.1,0.1,0,0.9,0.5,0.1,0
51,38,1,7,0,0.4,0.6,1.5,1.5,0,1.3,0.6,1.1,0,0
51,39,3,37.5,0.8,1.2,1.7,8.2,6.1,0,5.6,9.2,3.1,1.6,0
51,40,1,2,0,0.1,0.2,0.4,0.4,0,0.4,0.2,0.3,0,0
51,44,1,1,0,0.1,0.1,0.1,0.4,0,0.2,0.1,0,0,0
51,45,1,2,0,0.1,0.1,0.2,0.9,0.1,0.3,0.2,0.1,0,0
51,49,3,24,0.2,4.2,1.1,2.8,3.3,0,5.1,4.5,0.9,1.9,0
51,50,1,220.5,9.3,16.1,10.2,34.6,44.3,1.1,38,45.2,11.7,10,0
51,51,1,10,0.6,0.6,0.4,2.1,1.3,0.6,2.7,1.3,0.2,0.2,0
51,52,3,25.5,1.4,1.7,1.8,3.2,6.4,0.5,4.6,4,1.4,0.5,0
51,53,2,369.5,13.1,28.7,30.3,43.4,84.7,10,63.6,65.5,10.2,20,0
51,54,3,173.5,3.1,19.1,11.3,16.1,39,1.5,27.9,28.6,14.9,12,0
51,56,2,8,0,0.8,0.5,1.3,2,0.2,1.4,0.7,0.7,0.4,0
51,59,1,8.5,0,1.6,0,0.8,1.4,0,1.2,2.3,1,0.2,0
51,60,2,5,0,0.6,0.2,0.6,0.8,0,0.8,1.3,0.5,0.2,0
51,61,2,12.5,0.1,0.8,0.8,1.6,1.7,0.1,2.6,3.4,0.6,0.8,0
51,65,2,16.5,1.5,2.3,0.6,3.4,1.7,0.6,3.5,1.7,0.6,0.6,0
51,66,1,116.5,3.6,10.3,10.6,23.9,17.2,1.6,19.2,15.5,6.4,8.2,0
51,68,1,1,0,0.1,0.1,0.1,0.3,0,0.2,0.2,0,0,0
51,69,1,33,0,3.3,4.2,1.2,6.9,0,6.6,8.7,1,1.1,0
51,70,1,8,0,0.8,0.6,0.6,2.3,0,1.7,1.7,0,0.3,0
51,77,1,4,0,0.4,0.3,0.6,0.7,0,1.2,0.8,0,0,0
51,82,3,13,0,1.6,0.5,1,2.4,0.2,3,2.2,1,1.1,0
51,83,5,19,0,2.1,0.8,1.7,3.6,0.1,4.4,3.3,1.3,1.7,0
51,84,3,7,0.1,0.5,0.1,0.6,1.8,0.1,1.2,1.1,0.8,0.7,0
51,86,2,5,0.1,0.3,0.5,0.3,1.5,0.2,0.8,0.9,0.2,0.2,0
51,87,4,26,0.2,3.3,1.3,3.1,3.8,0,6,5.1,1,2.2,0
51,88,5,160,4.2,12.3,12.3,21.9,28,4,26.4,27.3,8.7,14.9,0
51,89,2,18,0.9,0,0.4,3.2,1.6,0.9,4.5,3.2,2,1.3,0
51,90,1,7,0,0.7,0.4,1.3,2,0,1.1,0.6,0.5,0.4,0
51,91,1,10,0,0.7,1,1.6,3,0,0.7,1.3,0,1.7,0
51,92,1,6,0.2,0.6,0.2,0.6,2.1,0.2,1.5,0.6,0,0,0
51,93,5,39,1.6,1.9,1.1,6.3,6.3,0.3,8.7,8.5,1.3,3,0
51,94,1,1,0,0.1,0,0.2,0.1,0,0.2,0.2,0.1,0.1,0
51,111,2,6,0.1,0.7,0.2,0.8,1.5,0,0.9,1.3,0.3,0.2,0
51,112,4,43,1.1,4.6,4.3,4,7.4,0.1,12.1,4.9,2,2.5,0
51,113,1,4,0.1,0.3,0.6,0.5,0.8,0.1,0.9,0.4,0.2,0.1,0
51,115,1,8,0.4,0,0.4,1.9,0.6,0.5,1.6,2.3,0.1,0.2,0
51,116,2,5,0.2,0.4,0.2,1.1,0.9,0.2,0.7,0.8,0.1,0.4,0
51,117,5,100,3.3,12.3,13.2,16,18.6,1.8,8.7,12.4,4,9.7,0
51,118,3,36,0.2,3.3,2.2,7.2,7.8,0.8,6.1,3.5,2.2,2.7,0
51,119,3,24,0.4,3.9,1.8,3.8,6,0.6,2,2.6,2.4,0.5,0
51,120,5,13,0.3,1.9,1,2.2,3,0.2,1.3,1.7,1.1,0.3,0
51,122,4,28,1,0.6,1.5,2.6,3.6,0.5,4.5,8.6,0.5,4.6,0
51,123,1,4,0.1,0.1,0.2,0.4,0.5,0.1,0.6,1.2,0.1,0.7,0
51,124,4,119,2.6,7.3,11.6,11.8,24.9,1.5,30.1,24,1.8,3.4,0
51,125,1,1,0.1,0,0.1,0.2,0.1,0,0.2,0.2,0,0.1,0
51,126,3,35,0.8,2.2,1.9,4.8,6.3,0.9,9.7,5.7,1.8,0.9,0
51,127,7,32,1.5,2.9,2.3,3.3,6,0.9,4.3,5.4,0.9,4.5,0
48,8,2,33,3.9,3,0.6,7.3,6,2,3.3,3.3,0.3,3.3,0
48,9,3,11,1.2,1,0.2,2.5,2,0.7,1.1,1.1,0.1,1.1,0
48,14,1,3,0.3,0.3,0.1,0.7,0.5,0.2,0.3,0.3,0,0.3,0
48,18,1,2,0,0.3,0.2,0.2,0.4,0,0.3,0.4,0.1,0.1,0
48,19,1,2,0,0.3,0.2,0.2,0.4,0,0.3,0.4,0.1,0.1,0
48,24,1,3,0,0.1,0.3,0,0.4,0,0.7,0.9,0.2,0.4,0
48,26,2,3,0.3,0.2,0,0.4,0.8,0,0.3,0.9,0.1,0,0
48,34,1,2,0.1,0.1,0.1,0.3,0.4,0.1,0.4,0.4,0.1,0,0
48,39,1,5,0,0.1,0,0.9,1.1,0,0.4,1.3,0.7,0.5,0
48,45,5,18,0,1.8,1.8,1.4,5.7,0.2,3.4,2.5,0.2,1,0
48,46,1,1,0,0.1,0.1,0.1,0.2,0,0.2,0.2,0,0.1,0
48,51,1,4,0.1,0.6,0.2,0.6,0.5,0,0.6,0.3,0.5,0.6,0
48,52,5,66,1.7,5.7,4.6,12.5,9.5,0,11.2,16,2.9,1.9,0
48,53,5,44.5,1,6,2.4,6.7,8.5,0,7.4,9,1.9,1.6,0
48,54,3,327.5,8.9,33.4,21,42.4,82.3,7,44.4,60.9,18.7,8.5,0
48,55,3,123,8.6,15.4,11,23.6,25.7,3.4,15.3,14.8,3.3,1.9,0
48,64,1,7,0,0.9,0.2,0.3,2,0,1.7,0.9,0.5,0.5,0
48,65,2,6,0.1,0.5,0,1,1.5,0,1.8,0.8,0.3,0,0
48,68,1,8,0.3,0.1,1.7,0.3,3.2,0,0.6,0.9,0.3,0.6,0
48,69,1,2,0.1,0,0.4,0.1,0.8,0,0.1,0.2,0.1,0.2,0
48,71,2,248,9,21.5,14,41.1,65,7,22,44,18.4,6,0
48,72,3,207,6.3,26.4,17.8,14.8,48.7,2,25.6,39.3,11.3,14.8,0
48,74,1,5,0.2,0.4,0.2,0.4,1.2,0,0.9,1.3,0.2,0.2,0
48,77,2,4,0.5,0.3,0.1,0.5,0.8,0,0.5,0.6,0.1,0.6,0
48,78,1,5.5,0.6,0.4,0.2,0.6,1.1,0.1,0.7,0.8,0.2,0.8,0
48,80,1,1,0.1,0.1,0,0.1,0.2,0,0.1,0.2,0,0.2,0
48,83,5,31.5,0,2.3,1.3,3.5,7.4,0.5,4.6,9.9,1,1,0
48,84,2,11,0,1.1,0.8,1.1,2.9,0,1.7,2.7,0.6,0.1,0
48,85,3,9,0.2,0.9,0.4,0.9,1.4,0,2.5,1.4,0.8,0.5,0
48,86,4,106,2.8,5.2,0.8,13.9,20.7,0,21.1,28.8,5.2,7.5,0
48,87,4,31,1.4,1.5,1.6,3,6,0,6.5,6.5,2.2,2.3,0
48,88,2,4,0,0.3,0.3,0.6,1.1,0,0.7,0.4,0.3,0.3,0
48,90,2,10,0.3,0.8,0.7,1.8,1.6,0.6,1.5,1.7,0.7,0.3,0
48,110,1,1,0.1,0.1,0,0.2,0.2,0,0.2,0.2,0,0,0
48,111,2,5,0.5,0.3,0.2,1.2,0.7,0.1,1,0.8,0,0.2,0
48,112,4,17,0.2,1.7,0,2.3,2.8,0.2,3.8,4.5,1.3,0.2,0
48,113,3,32,1,3,0.6,5.1,5.6,0.5,6.3,7,2.2,0.7,0
48,115,2,26,1.2,2.4,0.9,4,4.9,0.1,5.2,3,2.4,1.9,0
48,116,7,73.5,2.5,7.4,1.5,9.5,12.5,0,17.3,8.5,7.9,6.4,0
48,117,3,14,0.7,0.3,1.2,2.6,1.9,0.2,4.3,0.7,0.7,1.4,0
48,118,4,51,2.3,2.5,3,12.6,7.3,0.5,11.7,7.3,1.3,2.5,0
48,119,4,110.5,2.5,10.8,11.3,12.8,30.4,2,11.4,26,1.8,1.5,0
48,120,3,76,2.5,8.1,5.1,10.8,20.3,0.1,10.4,7.7,6.1,4.9,0
48,122,3,24,1.1,0.7,2.4,4.8,3.8,0.6,4.5,4.4,0.7,1,0
48,123,3,34,1.5,1.1,3.4,6.8,5.5,0.7,6.5,6.1,1.1,1.3,0
48,125,2,16,0.5,1.3,0.6,1.5,3.3,0.3,1.5,5,0.6,1.4,0
48,126,4,33,1.4,2.1,0,3.6,5.9,0.8,1.6,14,1.5,2.1,0
48,127,3,12,0.2,0.8,0.8,1.3,2.3,0.3,1.6,3.1,0.5,1.1,0
53,0,1,1,0,0.1,0,0.2,0.2,0,0.1,0.2,0.1,0.1,0
53,3,5,27,0.7,2.6,0,3.2,5,0,2.2,8,1.2,4.1,0
53,4,4,119,2,6,3.5,17.3,24.4,1,26,24.8,3.5,10.5,0
53,8,2,9,0.4,0.2,0.3,1.9,1.1,0.4,1.7,1.9,0.6,0.5,0
53,11,1,8,0,0.4,1.3,0.2,2.3,0,1.9,1.7,0.2,0,0
53,12,1,11,0,0.7,0,1.6,1.6,0.2,2.1,3.8,0.5,0.5,0
53,16,1,3,0.2,0.1,0.1,0.6,0.2,0,0.6,0.7,0,0.5,0
53,21,1,3,0.2,0.1,0.1,0.6,0.2,0,0.6,0.7,0,0.5,0
53,25,4,13,0.8,1.2,0.6,2.1,2,0,3,1.2,0.5,1.6,0
53,26,1,2,0.1,0.1,0,0.4,0.1,0,0.4,0.4,0.2,0.3,0
53,27,2,6,0.4,0.3,0.1,1.1,0.3,0.1,1.2,1.2,0.5,0.8,0
53,28,1,3,0,0.2,0.3,0.3,0.9,0,0.4,0.5,0.2,0.2,0
53,29,3,49,1,2.7,3.6,5.6,9.8,0,7.5,9.3,2.7,6.8,0
53,32,1,2,0,0,0.1,0.3,0.3,0.1,0.3,0.6,0,0.3,0
53,33,6,101,2,2.7,5.6,17.4,18.7,2.6,11.1,25.2,5.1,10.6,0
53,39,2,77,3.3,7.6,3.7,16.8,11.3,1,16.9,12.1,3.3,1,0
53,40,2,379,14.7,33.1,17.2,48.7,91.1,8,51,62.4,21.4,31.4,0
53,42,1,103.5,7,15.1,3,18.1,19.1,9,11.3,5.3,11.5,4.1,0
53,43,2,71,4,6.9,3.5,8.9,14.9,1,13.7,13.3,2.9,1.9,0
53,45,1,96,3.2,13.3,10.1,14.9,26.4,1,3.1,9,12.6,2.4,0
53,46,3,305,11.6,26.3,18.2,49.7,60.8,8,42.2,45.3,14.6,28.3,0
53,47,3,76,1,7,4,14,16.1,2.9,12,10.1,2.9,6,0
53,48,2,11,0,0.8,0,2.2,1.8,0,3,2.5,0.7,0,0
53,49,1,12,0,0.8,0,2.4,2,0,3.2,2.8,0.8,0,0
53,51,1,7,0,0.5,0,1.4,1.2,0,1.9,1.6,0.4,0,0
53,52,1,2,0.1,0.2,0.1,0.2,0.5,0.1,0.1,0.5,0.2,0,0
53,55,1,2,0,0.3,0.1,0.2,0.6,0.1,0.2,0.2,0.2,0.1,0
53,56,2,35,0,6,2.6,2.6,10.8,0.9,3.1,3.9,3.8,1.3,0
53,58,3,470,34.8,61.3,36.6,104.9,110.9,11.9,41.7,26.8,37.5,3.6,0
53,59,4,92.5,2.8,6.5,7.2,17.8,22.1,3.4,12.4,6.5,11.2,2.6,0
53,62,2,9,0,0.7,1.7,0.6,2.3,0,1.9,1.1,0.3,0.4,0
53,66,4,14,0.5,0.5,1.2,3.7,3.7,0.2,2.2,0.5,0.9,0.6,0
53,67,1,41.5,0.3,2.8,5.6,6.2,8.2,0.1,9.2,5.3,2.5,1.3,0
53,68,1,2,0,0.2,0.1,0.3,0.3,0.1,0.2,0.8,0,0,0
53,69,3,19,0,1.8,0.9,2.6,3.4,0.6,1.8,7.7,0.2,0,0
53,76,1,2,0,0.2,0.1,0.3,0.4,0,0.6,0.4,0,0,0
53,79,1,12,0.4,0,0,1.1,2.2,0,2.2,3.8,1.5,0.8,0
53,81,1,2,0.1,0,0,0.2,0.4,0,0.4,0.6,0.2,0.1,0
53,85,2,7,0.2,0.6,0.2,1.2,0.8,0.3,1.7,1.1,0.6,0.3,0
53,86,2,10,0.8,0.4,0,2.9,0.4,0.8,2.6,1.2,0.9,0,0
53,88,1,2,0,0.1,0.2,0.1,0.6,0.1,0.3,0.4,0.1,0.1,0
53,90,1,2,0.1,0,0,0.4,0.2,0.1,0.5,0.4,0.2,0.1,0
53,100,1,2,0.1,0.1,0.2,0.3,0.5,0.1,0.1,0.4,0.1,0.1,0
53,101,2,6,0.3,0.4,0.5,1.1,1.6,0.1,0.2,1.2,0.4,0.2,0
53,113,6,38,0.2,6,3.6,2.9,12.8,0.7,4.2,3.8,2.1,1.7,0
53,114,1,2,0,0.3,0.3,0.1,0.7,0.1,0.2,0.1,0.1,0.1,0
53,116,2,3,0.1,0,0.2,0.7,0.3,0.2,0.6,0.9,0,0,0
53,117,2,9,0.2,0.6,0.4,0.9,1.7,0.1,1.8,2.4,0.2,0.7,0
53,118,3,6,0.2,0.5,0.2,0.7,1.1,0.1,1.1,1.5,0.2,0.4,0
53,119,2,16,0.8,1.4,1,2.8,2.6,0.6,2.8,2.8,0.6,0.6,0
53,120,1,9,0.5,0.8,0.6,1.6,1.4,0.3,1.6,1.6,0.3,0.3,0
53,123,2,9,0,1.2,0.1,1.4,1.2,0,2,1.9,0.7,0.5,0
53,124,2,14,0,1.9,0.3,2.2,1.9,0,3.2,2.9,1,0.6,0
53,125,3,5,0.1,0.6,0.1,0.8,0.7,0,1.1,1,0.3,0.3,0
53,126,3,11,0.8,0.9,0.3,1.3,1.7,0.3,2.2,1.9,0.3,1.3,0
53,127,3,34.5,1.4,2.5,1.8,3.7,8.4,1,5.1,5.9,3.5,1.2,0
42,1,1,2,0,0.1,0.1,0.3,0.3,0,0.4,0.6,0.1,0.1,0
42,7,2,6,0,0.6,0.7,0,1.7,0,1.5,1.3,0,0.2,0
42,8,1,3,0,0.3,0.4,0,0.8,0,0.7,0.7,0,0.1,0
42,9,3,136,0.4,9,8.8,13.5,22.5,0,22.1,39.2,6.6,13.9,0
42,10,1,10,0.1,0.6,0.5,1.2,1.2,0,2.3,3.4,0.4,0.3,0
42,11,1,2,0,0.1,0.1,0.1,0.4,0.1,0.2,0.8,0.1,0.1,0
42,13,1,4,0.1,0.6,0.1,0.4,1.1,0.1,0.3,1,0.2,0.1,0
42,26,1,1,0,0.1,0.1,0.1,0.2,0,0.2,0.2,0,0.1,0
42,27,1,8,0.1,0.6,0.4,0.7,1.8,0.1,1.5,2,0.3,0.5,0
42,28,8,131.5,3.5,7.5,4.6,15,21.3,0.8,22.7,40.3,3.8,12,0
42,29,1,298,6.1,20,14,26.4,46.3,3.1,50.5,71.4,13.1,47.1,0
42,30,1,1095,27.5,51.6,90.9,151.6,218.5,15.5,190.5,218.9,36.5,93.5,0
42,31,0,846.5,38,67.5,46,96,129,13,114,184,59,100,0
42,32,1,470.5,9,37.2,19.5,41.3,93.5,4.5,62.4,115.2,19.7,68.2,0
42,33,4,283.5,13.4,24.7,12,60.6,40.7,5.5,28.1,52.1,24.6,21.8,0
42,34,5,232.5,13,27.2,18.1,46.3,53.9,5.1,39.9,16.7,10.3,2,0
42,35,4,16,0.5,1.2,0.8,2.6,3,0.1,3.3,3.6,0.3,0.6,0
42,36,1,6,0.4,0.6,0.4,0.6,1.1,0,1.1,1,0.2,0.6,0
42,37,1,3,0.2,0.3,0.2,0.3,0.5,0,0.6,0.5,0.1,0.3,0
42,38,3,14.5,1,1.4,1,1.4,2.7,0,2.7,2.4,0.5,1.4,0
42,39,2,10,0.6,1.5,0.5,1.9,2.2,0,0.8,1.4,0.6,0.5,0
42,40,5,198,5.4,26.1,12.1,33.5,47.4,4.9,24.8,27.6,10.5,5.7,0
42,41,1,8,0.3,1,0.4,1.6,1.5,0.4,1.1,1.1,0.4,0.2,0
42,42,1,2,0,0.2,0,0.2,0.6,0,0.2,0.7,0.1,0,0
42,46,3,31,0,2.6,0.9,3.5,8,0.9,5.3,7.1,0,2.7,0
42,50,1,3,0,0.1,0.2,0.3,0.3,0,0,1.4,0.1,0.6,0
42,52,1,2,0,0.1,0.1,0.2,0.2,0,0,0.9,0.1,0.4,0
42,55,1,3,0.1,0.4,0.3,0.4,0.6,0,0.5,0.3,0.3,0.1,0
42,56,2,23,0.6,2.8,1.9,3.1,4.5,0.4,4.1,2.4,2.2,1,0
42,57,4,76,2.5,9,7,10.2,21.5,1.5,13.2,8.8,1.5,0.8,0
42,58,4,56.5,2.1,4.1,7.9,4.3,17.8,0.5,12.1,6.2,0.5,1,0
42,59,3,7,0.3,0.3,0,1.1,1.6,0,0.5,2.5,0.3,0.4,0
42,60,1,1,0,0,0,0.2,0.2,0,0.1,0.4,0,0.1,0
42,61,1,1,0,0,0,0.2,0.2,0,0.1,0.4,0,0.1,0
42,63,1,10,0,1.6,0.3,2.6,1,0.3,1.9,1,1,0.3,0
42,70,1,1,0.1,0,0.1,0.1,0.1,0,0.2,0.3,0,0.1,0
42,72,1,4,0.2,0.1,0.4,0.6,0.4,0,0.7,1.2,0,0.4,0
42,73,1,2,0.1,0.1,0.2,0.3,0.2,0,0.3,0.6,0,0.2,0
42,74,1,2,0.1,0.1,0.2,0.3,0.2,0,0.3,0.6,0,0.2,0
42,80,1,1,0,0.1,0.1,0.2,0.2,0,0.2,0.1,0.1,0,0
42,81,1,4,0.1,0.4,0.6,0.7,0.7,0.1,0.7,0.4,0.3,0,0
42,84,1,2,0.1,0.1,0,0.3,0.3,0,0.3,0.6,0.1,0.2,0
42,85,3,22,0.2,2.4,1.5,2.5,4.5,0.3,3.1,5.2,0.7,1.6,0
42,86,4,17,0,2.1,1.5,1.8,3.6,0.2,2.4,3.9,0.5,1,0
42,87,1,1,0,0.1,0,0.2,0.2,0,0.1,0.2,0.1,0.1,0
42,88,1,6,0.1,0.6,0.2,1.1,1.4,0.1,0.7,1.2,0.3,0.3,0
42,94,1,3,0,0.3,0,0.5,0.2,0,0.9,0.5,0.1,0.5,0
42,99,2,10,0.5,0,0.2,2.9,0.8,0.8,2.7,1.3,0.5,0.3,0
42,100,6,71.5,1.3,5.4,0.2,11.1,10.6,1.1,11.4,19.7,4.9,5.8,0
42,101,1,2,0.1,0.1,0,0.3,0.4,0,0.2,0.6,0.1,0.2,0
42,108,1,1,0,0,0.1,0.2,0.2,0,0.3,0.2,0,0,0
42,110,3,24.5,0.1,2.1,1.6,2,4.9,0.2,2.5,6.6,1.6,2.9,0
42,111,5,153.5,2.5,10.4,9.1,14.1,27,1.5,20,40.5,6.4,22,0
42,112,5,135,2.6,16,11,18.1,31.9,1,20.3,19.2,5,9.9,0
42,113,1,3,0.1,0.2,0.3,0.3,0.7,0,0.4,0.7,0,0.3,0
42,114,2,13,0.3,0.2,1.1,1.5,0.4,0.4,3.3,4.5,0.6,0.7,0
42,115,5,254,9.2,23.4,20.6,44.1,50.5,6.6,33.7,40.7,8.8,16.4,0
42,116,1,1,0.1,0.1,0.1,0.2,0.1,0,0.2,0,0.1,0.1,0
42,117,3,52.5,0.5,10.3,3.2,3.8,11.5,0,11.6,5.4,2.4,3.8,0
42,118,2,31,0.5,3.7,1.9,3.8,4.2,0,4.2,6.2,3,3.5,0
42,122,1,10.5,0,0.7,0.8,2.3,1.4,0,2.6,0.9,0.7,1.1,0
42,123,2,13,0,0.8,1.1,2.8,1.8,0,3.1,1.1,0.8,1.5,0
42,126,3,9,0,0,0.5,0.5,0,0,1.4,4.5,0,2.1,0
42,127,5,32,1.5,3.2,4.9,3.8,8.1,0.2,3.5,4,1,1.8,0
45,0,1,4,0.4,0,0.3,0.8,0.6,0.3,1,0.4,0.1,0.1,0
45,1,1,1,0.1,0,0.1,0.2,0.1,0.1,0.3,0.1,0,0,0
45,6,2,10,0,0.3,0.6,0.6,1.9,0,3.4,2.2,0,1,0
45,8,2,4,0.2,0.4,0.2,0.4,0.8,0,0.4,1,0,0.6,0
45,9,1,591.5,20.5,68.1,35.7,65.8,93.2,6.5,83.6,116.8,24.8,76.5,0
45,10,6,60,1,1.4,2.5,2.4,8.8,0,12.8,24.8,1.1,5.2,0
45,11,3,5,0.2,0.2,0.3,0.3,1,0,0.8,1.5,0.2,0.5,0
45,12,2,19,0.4,0,0.4,0.5,3.8,0,4.3,5.7,1,2.9,0
45,13,1,8,0.2,0,0.2,0.2,1.6,0,1.8,2.4,0.4,1.2,0
45,19,3,6,0,0,0,0.4,0.6,0,1.4,2.9,0.1,0.6,0
45,20,2,5,0,0,0,0.4,0.5,0,1.2,2.4,0.1,0.4,0
45,23,1,2,0,0.1,0.2,0,0.2,0,0.5,0.6,0.1,0.3,0
45,24,1,2,0,0.1,0.2,0,0.2,0,0.5,0.6,0.1,0.3,0
45,27,1,8,0,1.3,0.4,0.7,1.3,0,1.5,2,0.4,0.4,0
45,28,2,26.5,1.1,2,1.7,4.7,7.6,0.1,5,1.9,1.7,0.7,0
45,29,3,30.5,0.3,2.5,3.1,2.6,5.7,0.6,6.9,5.7,0,3.1,0
45,31,2,12,0.6,0.6,0.8,1.7,2.2,0.6,2.2,2.2,0.8,0.3,0
45,32,6,58.5,0.9,6.4,4,7.4,15.4,0.5,7.8,10.8,2.3,3,0
45,33,1,18,0.4,1.3,1.3,2.2,3.4,0.1,2.5,4.4,1.1,1.3,0
45,34,4,252,5.7,22.4,18.4,31.3,56.2,2.8,39.2,54.2,10.4,11.4,0
45,35,6,78,1,5.3,4.8,7.3,15.7,0.8,9.5,22.7,4.3,6.6,0
45,38,3,22,0.7,2.6,1.6,2.7,4.8,0.3,3,4.4,0.6,1.3,0
45,39,4,72.5,4.1,7.2,4.3,11.1,16.9,0.5,6.1,15.1,5.4,1.8,0
45,42,1,4,0.1,0.6,0.1,0.8,1.1,0,0.5,0.8,0,0,0
45,51,2,2,0,0.2,0,0.4,0.2,0,0.4,0.2,0.2,0.4,0
45,54,1,7,0.2,0.9,0.3,1.3,1.6,0,1.1,0.3,1,0.3,0
45,56,1,6,0,1,0.6,0.4,1.9,0.2,0.2,0.9,0.3,0.5,0
45,58,3,20,0,3.4,1.9,1.4,6.3,0.7,0.7,3,1.1,1.5,0
45,59,3,53,0,2.6,3.6,2.7,11.7,0.9,8.1,17.9,0.9,4.6,0
45,61,2,9,0,0.5,0.5,2,1,0,2,1,1,1,0
45,65,1,176,11.4,7.4,8.2,42.9,26.2,9.2,25.4,18.9,19.2,7.2,0
45,66,1,5,0.4,0.4,0.2,0.9,1.2,0.2,0.4,0.9,0.2,0.2,0
45,68,1,6,0.5,0.4,0.2,1.1,1.5,0.2,0.5,1.1,0.3,0.2,0
45,69,1,2,0,0.1,0.1,0.1,0.4,0.1,0.5,0.5,0.1,0.1,0
45,70,1,6,0,0.4,0.3,0.4,1.1,0.1,1.5,1.5,0.4,0.3,0
45,71,3,6,0,0.5,0.2,0.5,1.1,0.1,1.4,1.4,0.4,0.4,0
45,77,5,23,0.5,0.9,0.9,2.1,3.2,0,6.8,3.8,1.5,3.3,0
45,78,6,26,0.8,1.4,0.7,1.9,3.9,0,6.4,5.4,1.4,4.1,0
45,79,2,13,0.5,1.1,0,0.5,2.2,0,2.2,3.8,0.5,2.2,0
45,80,1,2,0,0.4,0,0.2,0.4,0,0.2,0.5,0.2,0.1,0
45,81,3,18,0.4,3.5,0.4,1.6,4.1,0,1.7,4.1,1.4,0.8,0
45,87,2,6,0,0.6,0.3,0.6,1.8,0.2,0.4,0.9,0.6,0.6,0
45,101,1,15,1.4,0,2.7,3.6,2.7,0,2.3,2.3,0,0,0
45,102,2,8,0,0.4,1.2,1.4,0.8,0,0.8,2.6,0,0.8,0
45,113,2,13,0,0,1.6,1.6,2.1,0.5,2.1,3.1,1.5,0.5,0
45,114,2,29.5,0,3.5,2.7,5.8,4.9,0.3,4.9,4.4,1.7,1.3,0
45,115,1,1,0,0.1,0.1,0.1,0.3,0,0.1,0.2,0.1,0,0
45,116,1,4,0.2,0.4,0.2,0.4,1.3,0.1,0.3,0.8,0.2,0.1,0
45,118,1,2,0,0.3,0.2,0.1,0.7,0,0.2,0.2,0.2,0.1,0
45,120,1,1,0.1,0.1,0.1,0.2,0.2,0,0.1,0.1,0,0.1,0
45,121,4,10.5,0.7,1.3,1,2.1,2.1,0,0.8,1.1,0,1.4,0
45,122,3,86,2.4,9.9,3.9,11.3,14.3,2.5,7.4,21.3,8.7,4.3,0
45,123,4,357,13.6,27,32,61.2,70.2,10.1,46.2,56.8,22,17.9,0
45,124,5,193,8.6,24.3,9,31,50.3,3.9,21.2,27.5,13.6,3.6,0
45,125,7,88,3.3,6,5.4,14.7,16.9,1.9,17,13.3,4.7,4.8,0
45,126,6,74,2,4.9,6.4,11.6,13.3,0.4,18.1,9.3,3,5,0
45,127,4,54,2.7,4.1,4.1,8.2,8.8,1.1,9.4,12.3,2.4,0.9,0
40,0,3,46,0,2.3,0.3,6.7,12.6,0,9.9,10.4,2.3,1.5,0
40,1,2,8,0,0.2,0.2,0.9,1.7,0,1.4,2.7,0.2,0.7,0
40,4,1,1,0,0.1,0,0.1,0.1,0,0.2,0.3,0,0.2,0
40,5,2,10.5,0,0.1,0.2,0.4,2,0,2.9,4.1,0,0.8,0
40,6,2,9,0,0.1,0.2,0.3,1.7,0,2.4,3.5,0,0.8,0
40,7,5,129,2,7.1,1.4,14,16.7,1,23,39.4,6.1,18.3,0
40,8,0,723.5,19,49,34,95,111,13,126,158,24.5,94,0
40,9,2,45,0.4,3.2,2.1,2.5,5.7,0,9.8,12.7,0.7,7.9,0
40,11,1,8,0.3,0.9,0.7,0.9,1.8,0.2,1.3,1.2,0.4,0.3,0
40,12,3,26,0.9,1.8,1.4,0,4.9,0,7.3,8.3,0,1.4,0
40,13,1,5,0.2,0.3,0.2,0,1,0,1.4,1.6,0,0.3,0
40,16,1,1,0,0.1,0,0.1,0.1,0,0.4,0.2,0.1,0,0
40,19,1,2,0,0.1,0,0.3,0.1,0,0.7,0.5,0.2,0.1,0
40,26,2,20.5,0.6,3,1.5,1.8,4.2,0.3,3.9,3,1.3,0.9,0
40,27,5,41,0,2.7,0.2,0.2,6.3,0,11,14.5,2.1,4,0
40,28,1,3,0.1,0.3,0.3,0.4,0.7,0,0.3,0.7,0.1,0.1,0
40,29,6,57,2.3,5.5,4.6,7.2,12.7,0.8,6.6,13.1,2.3,1.9,0
40,30,4,240.5,9.9,23.9,11.3,26.9,50.2,1.9,37.8,54.4,7.7,16.5,0
40,31,4,405,7.5,33.3,25.4,45.4,69.9,6.2,64.2,84.7,14.2,54.2,0
40,32,5,105.5,4.7,15.9,6.8,14.3,20.7,2,15.8,15,8.3,2,0
40,33,3,176,2.5,16,21.6,37.9,35.7,1,20.2,22.2,12,6.9,0
40,34,2,16,0.3,2.1,2,1.3,4.1,0.7,1.3,2,1.9,0.3,0
40,36,1,4,0,0.7,0.1,0.5,0.9,0,0.4,0.9,0.2,0.3,0
40,38,1,3,0,0.5,0.1,0.4,0.7,0,0.3,0.7,0.1,0.2,0
40,39,3,7,0.1,0.5,0.2,1.3,1.4,0.2,0.9,2,0,0.4,0
40,40,1,7,0.1,0.5,0.2,1.2,1.5,0.2,1,1.9,0,0.4,0
40,42,2,11,0,0.8,1.2,0.9,3,0.2,1.8,1,0.9,1.2,0
40,43,1,9,0,0.7,1,0.7,2.4,0.2,1.5,0.8,0.7,1,0
40,44,1,2,0,0.2,0.2,0.2,0.5,0,0.3,0.2,0.2,0.2,0
40,46,1,2,0,0.2,0,0.2,0.6,0,0.2,0.7,0.1,0,0
40,50,1,1,0,0,0.1,0.1,0.1,0,0,0.5,0,0.2,0
40,59,1,3,0.1,0.4,0.3,0.2,0.7,0,0.3,0.7,0,0.3,0
40,61,2,6,0.2,0.7,0.6,0.4,1.4,0,0.6,1.5,0,0.6,0
40,62,1,2,0,0.1,0.2,0.2,0.6,0,0.2,0.6,0.1,0,0
40,64,4,13,0,0.9,1.7,0.9,3.5,0,1.7,3.8,0.5,0,0
40,65,1,8,0.3,0,0.5,1,1.3,0,1.3,2.3,0.8,0.5,0
40,66,3,16,0.6,0,1,2.1,2.5,0,2.5,4.7,1.6,1,0
40,67,2,375,10.8,42,17,59.7,66.9,8.4,58.7,63.4,15.4,32.7,0
40,68,1,252.5,10.3,24.8,24,37.2,36.9,4.1,38.2,37.7,6.8,32.5,0
40,70,1,1,0,0,0.1,0.3,0.1,0,0.1,0.2,0.1,0.1,0
40,75,2,5,0.2,0.5,0,1.3,1,0.1,0.5,0.9,0.2,0.3,0
40,77,1,5,0.9,0,0,1.3,0,0.4,0.9,1.1,0.2,0.2,0
40,82,1,2,0.1,0.1,0,0.3,0.3,0,0.3,0.6,0.1,0.2,0
40,87,4,256.5,8.5,24.4,11.6,34.1,50.2,6.5,36.2,46.7,11.7,26.6,0
40,88,3,6,0,0.6,0.5,0.4,1.4,0,1,1.2,0.2,0.7,0
40,90,1,3,0,0.3,0,0.5,0.2,0,0.9,0.5,0.1,0.5,0
40,92,1,5,0,0.5,0,0.8,0.4,0,1.5,0.9,0.1,0.8,0
40,97,1,1,0,0,0,0.3,0.1,0.1,0.3,0.1,0.1,0,0
40,107,2,9,0,0.3,0.6,1.4,2.2,0,2.5,1.4,0.2,0.4,0
40,108,1,2,0,0.1,0.1,0.3,0.5,0,0.6,0.3,0,0.1,0
40,110,3,61,1.9,6.5,1.4,11.4,10.8,0,9.9,11.8,3.4,3.9,0
40,111,3,6,0.3,0.6,0,0.9,1.2,0,1.2,1.2,0.3,0.3,0
40,112,3,25,1,3.7,1,4.3,4.3,0.5,3.2,3.8,1.6,1.6,0
40,113,1,2,0.1,0.3,0.1,0.3,0.3,0.1,0.3,0.3,0.1,0.1,0
40,114,3,14.5,0,2,0.3,0.5,3.2,0,3.8,2.1,0.5,2.1,0
40,115,4,21,0,1.4,1.6,2.9,5.5,0,3.3,3.1,1.2,2,0
40,117,1,4,0.3,0.8,0,0.7,0.7,0.1,0.2,0.6,0.1,0.5,0
40,118,3,26,1.4,3.4,3,3.7,4.9,0.9,1.7,4.5,0.9,1.6,0
40,119,2,14,0.7,1.7,1.9,1.9,2.7,0.5,0.9,2.4,0.5,0.8,0
40,122,2,24,1.2,1.2,3.4,6.1,6.2,0.6,3.1,0.7,1.5,0,0
40,123,3,31,1.8,2.3,2.7,6.9,6,1.1,3.2,4.4,2.1,0.5,0
40,124,6,136.5,9.3,13.9,8.9,28.7,24.4,5.8,12.8,20.9,8.9,2.9,0
40,125,2,32,1.7,2.7,2.2,6,6.3,1.2,3.2,5.7,2.2,0.8,0
40,126,3,16,0.3,1.8,1.5,1.2,5.4,0,2.2,1.9,1.1,0.6,0
40,127,7,142.5,7.1,14.6,12.2,26.5,29.2,1.6,20,20.7,5.8,4.8,0
41,0,1,1,0,0,0,0.1,0.2,0,0.2,0.4,0,0.1,0
41,2,1,1,0,0.1,0,0.2,0.2,0,0.2,0.2,0.1,0,0
41,4,2,5,0,0.4,0,1,1,0.3,0.8,0.8,0.4,0.3,0
41,7,1,2,0,0.1,0.1,0.1,0.3,0,0.5,0.6,0,0.3,0
41,8,5,141.5,2.1,10.3,11.2,11.9,22.4,0,24.5,38.3,5,15.8,0
41,9,3,52.5,1.2,2.4,2.8,6.1,5.2,1,11.8,14.7,0.8,6.5,0
41,10,1,6,0.1,0.3,0.3,0.7,0.8,0,1.3,2,0.3,0.2,0
41,11,3,28,0.7,2.4,2.4,2.7,6,0.7,4.1,6.2,1.6,1.2,0
41,12,4,180.5,4.5,13.9,9.9,15.3,39.1,1.8,30.9,48.5,5.7,10.9,0
41,13,2,9,0.2,0.8,0.5,0.2,1.8,0,2.2,2.7,0.1,0.5,0
41,15,1,1,0,0.1,0,0.1,0.1,0,0.4,0.2,0.1,0,0
41,27,3,12,0.1,0.8,0.5,0.7,2.1,0,2.7,3.6,0.6,0.9,0
41,28,7,53.5,0.7,3.7,2.3,3.7,10.5,0.3,10.5,14.7,2.4,4.7,0
41,29,5,43,1,1.7,1.5,5,5.7,0.6,5.5,13,1,8,0
41,30,1,1179,29.8,85,95.8,181.7,210.7,15.3,173.4,223.8,51.8,111.7,0
41,31,3,325,6.7,26,26.3,34.6,53.4,3.3,48.7,66.4,13.3,46.3,0
41,32,4,371.5,16.4,35.1,18.5,59.7,75.3,5,46.6,52,24.3,38.6,0
41,33,4,436,9,41.8,38.4,32.8,93.1,8.4,51.6,85.5,25.2,50.2,0
41,34,5,14,0.3,1.1,0.8,2.5,2.6,0.2,2.9,3.1,0.2,0.3,0
41,35,1,1,0,0.1,0.1,0.2,0.2,0,0.2,0.2,0,0,0
41,37,2,2,0.1,0.3,0.1,0.2,0.4,0,0.3,0.3,0.1,0.2,0
41,38,1,4,0.2,0.6,0.2,0.8,0.9,0,0.3,0.6,0.2,0.2,0
41,39,7,61,2.1,6.2,2.4,11,12.9,1.3,7.1,13.5,1.5,3,0
41,40,2,46.5,1.6,6.3,3,6.8,9.6,1,5.6,7.9,2.2,2.5,0
41,41,1,12,0.4,1.5,0.6,2.5,2.3,0.6,1.6,1.7,0.5,0.3,0
41,43,1,1,0,0.1,0,0.1,0.3,0,0.1,0.3,0.1,0,0
41,46,2,4,0,0.3,0.1,0.4,1.1,0.1,0.7,0.9,0,0.4,0
41,47,1,1,0.2,0.1,0,0.2,0.2,0,0.2,0.1,0,0,0
41,48,1,1,0,0,0.1,0.1,0.1,0,0,0.5,0,0.2,0
41,51,1,2,0,0.1,0.1,0.2,0.2,0,0,0.9,0.1,0.4,0
41,53,1,3,0,0.1,0.2,0.3,0.3,0,0,1.4,0.1,0.6,0
41,55,1,2,0.2,0.2,0,0.5,0.3,0.1,0.1,0.4,0.2,0,0
41,56,1,9.5,0.9,1.2,0,2.5,1.6,0.3,0.3,1.9,0.8,0,0
41,58,1,8,0.3,0.6,1.1,0.6,2.5,0.1,1.7,0.9,0.1,0.1,0
41,59,2,9,0.4,0.5,0.2,1.2,2.2,0,0.7,3,0.3,0.5,0
41,60,1,3,0.1,0.1,0,0.5,0.7,0,0.3,1.1,0.1,0.1,0
41,64,4,15,0,2.4,0.5,3.8,1.5,0.3,3,1.5,1.5,0.5,0
41,65,1,6,0.3,0.3,0.5,1.6,0.9,0.1,1.4,0.5,0.2,0.2,0
41,68,5,42,1,3.1,2.3,6.5,7.1,0.4,8.8,9.4,1.3,2.1,0
41,69,2,5,0.2,0.2,0.5,0.7,0.9,0,0.8,1.2,0.1,0.4,0
41,71,2,21,1.1,0.6,1.7,5.1,2.7,0.5,1.9,4.2,1.9,1.3,0
41,72,3,7.5,0.4,0.5,0.4,1.5,1.1,0.1,0.9,1.8,0.2,0.6,0
41,79,1,2,0.1,0.2,0.3,0.3,0.3,0.1,0.3,0.2,0.2,0,0
41,83,1,5,0.2,0.3,0,0.7,0.7,0,0.7,1.5,0.3,0.6,0
41,85,3,27,0.5,2.6,1.3,3.3,5.1,0.3,3.8,6.8,1,2.3,0
41,86,1,3,0,0.3,0.2,0.2,0.7,0,0.5,0.6,0.1,0.4,0
41,87,4,122,3.6,6.3,3.1,18,24.9,3.6,18.6,24.3,7.3,12.3,0
41,88,7,32.5,0.5,3.4,1.2,5.3,7.3,0.6,4.4,6.4,1.3,2.1,0
41,92,2,4,0,0.4,0,0.6,0.3,0,1.2,0.7,0.1,0.7,0
41,93,2,8,0,0.8,0,1.2,0.7,0,2.4,1.5,0.2,1.2,0
41,94,1,6,0,0.6,0,0.9,0.5,0,1.8,1.1,0.2,0.9,0
41,98,1,1,0,0,0,0.3,0.1,0.1,0.3,0.1,0.1,0,0
41,100,3,45,0.9,2.1,0,3.4,8.5,0.5,8,15.8,0.6,5.2,0
41,101,1,1,0,0.1,0,0.2,0.2,0,0.1,0.3,0,0.1,0
41,103,1,3,0,0.1,0.2,0.5,0.7,0,0.8,0.5,0.1,0.1,0
41,110,1,5,0.3,0.4,0.1,0.7,1,0,0.9,1,0.3,0.3,0
41,111,3,25,0.2,2.2,1.6,2,5,0.2,2.5,6.8,1.5,3,0
41,112,2,20,0.8,2.7,1,3.2,3.6,0.4,2.6,3.2,1.1,1.4,0
41,113,4,10,0.4,0.9,0.7,1.1,1.9,0.1,1.5,2.3,0.2,0.9,0
41,115,6,47,2.7,3.6,3.1,10.1,6.3,1,9.5,4.6,2.6,3.5,0
41,116,2,18,1.6,1.6,1,4.6,1.8,0.6,3.8,0.8,1,1.2,0
41,117,2,39,0.4,2.7,6.3,6.1,8,0.1,2,6.4,3.1,3.9,0
41,118,2,52,0.4,2.2,7.3,9.3,7.1,1.3,10.6,2.9,8.4,2.5,0
41,119,4,28,0.2,3,3,3.2,8,0.1,0.9,6.5,1.5,1.6,0
41,120,3,19,0.8,1.5,0.6,2,5,0.3,1.8,5,1.1,0.9,0
41,121,2,9,0.5,0.8,0.4,1,2.1,0.2,0.9,2.1,0.5,0.5,0
41,122,1,3,0.1,0.1,0.4,0.8,0.8,0.1,0.4,0.1,0.2,0,0
41,123,1,3,0.1,0.1,0.4,0.8,0.8,0.1,0.4,0.1,0.2,0,0
41,125,4,23,1.1,1.7,1.4,4.1,3.8,0.8,2.5,5.1,1.3,1.2,0
41,126,2,29,0.5,3.1,2.6,2.1,9.2,0,3.9,4.1,2,1.5,0
41,127,3,161.5,6.8,16.3,15.5,27.4,35.5,5.5,18.3,24.4,6.2,5.6,0
46,2,1,2,0,0.2,0,0.4,0.4,0.1,0.4,0.2,0.2,0.1,0
46,4,1,2,0,0.2,0,0.4,0.4,0.1,0.4,0.2,0.2,0.1,0
46,5,1,1,0,0.1,0,0.2,0.2,0,0.2,0.1,0.1,0.1,0
46,6,2,14,0,0.5,0.8,0.9,2.7,0,4.8,3,0,1.3,0
46,8,1,16,1,0.5,0.5,2.1,3.1,0.5,2.6,4.1,0.5,1.1,0
46,9,5,24,1.1,1.4,1,2.9,4.8,0.4,3,6,0.7,2.7,0
46,10,3,10.5,0.3,0.4,0.5,0.8,2.2,0.1,1.5,3.3,0.4,1,0
46,12,4,70,0.3,3.2,1.9,4.6,11.8,0,17.6,23.5,2.8,4.3,0
46,16,1,2,0,0.3,0.2,0.2,0.4,0,0.3,0.4,0.1,0.1,0
46,17,1,2,0,0.3,0.2,0.2,0.4,0,0.3,0.4,0.1,0.1,0
46,18,3,22,0.1,4,1.4,1,6.1,0.1,2.9,2.4,0.1,3.9,0
46,19,4,254,1,13.4,11.7,25.5,38.2,2,58.9,60.9,5.9,36.5,0
46,20,0,32,1,0,0,5,3,0,4,5,2,12,0
46,23,1,7,0,0.4,0.6,0.1,0.8,0,1.6,2.1,0.5,0.9,0
46,25,3,5,0.3,0.2,0.2,0.7,1,0.1,0.9,1,0.4,0.2,0
46,26,2,16.5,1.2,0.8,0.3,2.7,3.6,0.3,2.7,3,1.3,0.6,0
46,27,3,16,0.4,2,0.7,1.7,2.9,0.1,2.9,3.5,1,0.8,0
46,28,3,20,1,1.5,0.6,2.9,4.1,0.3,3.4,3.9,1.5,0.8,0
46,31,1,3,0.1,0.1,0.2,0.4,0.6,0.1,0.6,0.6,0.2,0.1,0
46,32,2,26,0.4,2.9,1.7,3.3,6.8,0.3,3.5,4.8,1,1.3,0
46,34,2,13,0.3,0.9,0.9,1.7,2.5,0.1,1.8,3.1,0.8,0.9,0
46,35,2,7,0.1,0.7,0.4,0.9,1.7,0,1,1.4,0.3,0.5,0
46,36,1,7,0,1,1,1,0.3,0,2.2,0.6,0.3,0.6,0
46,37,1,8,0,1.1,1.1,1.1,0.4,0,2.5,0.7,0.4,0.7,0
46,38,1,15,0.5,1.8,1,1.8,3.5,0.2,1.8,3.2,0.4,0.8,0
46,39,3,393.5,7.6,30.5,27.5,54.8,70.1,8.7,54.9,80,23.9,35.5,0
46,45,1,1,0,0,0,0.1,0.2,0,0.2,0.3,0.1,0.1,0
46,47,1,1,0,0,0,0.1,0.2,0,0.2,0.3,0.1,0.1,0
46,49,1,3,0.1,0.4,0.1,0.5,0.3,0,0.5,0.2,0.4,0.5,0
46,52,1,3,0.1,0.2,0.2,0.7,0.5,0.1,0.3,0.5,0.3,0.1,0
46,53,4,56.5,1.6,5.8,3.5,9,12.4,0.6,9.3,6.1,5.2,3,0
46,54,2,17,0.5,1.5,1.3,2.1,3.8,0.2,3.2,2.4,1,1,0
46,56,1,5,0,0.8,0.4,0.4,1.6,0.2,0.2,0.7,0.3,0.4,0
46,58,1,5,0.5,0,0.4,0.5,1,0,0.7,1.2,0.5,0.2,0
46,59,3,8,0.2,0.3,0.6,0.5,1.7,0.1,1.1,2.7,0.3,0.5,0
46,60,1,2,0.2,0,0.1,0.2,0.4,0,0.3,0.5,0.2,0.1,0
46,63,3,15,0,0.8,1.9,1.3,3.7,0.4,2.5,3.2,0.4,0.8,0
46,64,3,202.5,6.6,22.6,20.7,39.1,50,5.4,22.1,15.2,15.9,4.9,0
46,67,2,4,0.4,0.2,0,0.8,1,0,0.4,0.8,0.2,0.2,0
46,68,2,9.5,0.8,0.7,0.3,1.7,2.3,0.3,0.8,1.8,0.4,0.4,0
46,70,1,4,0,0.3,0.2,0.3,0.7,0.1,1,1,0.2,0.2,0
46,71,4,25,0,1.7,1.2,1.7,4.5,0.4,6.2,6.3,1.6,1.4,0
46,72,1,3,0,0.1,0.2,0.2,0.6,0.1,0.6,1.1,0,0.1,0
46,74,1,5,0,0.1,0.5,0.3,1,0.1,1,1.9,0,0.1,0
46,75,2,8,0.1,0.4,0.1,1,1.1,0,2.3,1.5,0.4,1.1,0
46,76,5,53.5,3.3,2.2,2.2,8.4,8.4,1.9,8,11.5,1.9,5.7,0
46,77,3,340.5,12,26.9,24.6,40.7,64.2,6,45.7,65.5,20.4,34.5,0
46,78,5,51,0.2,4.7,0.9,4.5,11,0,6.9,12.7,1.1,9,0
46,82,1,2,0,0.1,0,0.1,0.5,0,0.4,0.5,0.2,0.2,0
46,83,2,5.5,0,0.2,0,0.4,1.3,0,1.1,1.4,0.5,0.6,0
46,84,2,5,0,0.1,0,0.4,1.2,0,1,1.3,0.5,0.5,0
46,85,2,3,0,0.2,0.1,0.2,0.7,0,0.6,0.7,0.2,0.3,0
46,86,1,1,0,0.1,0.1,0.1,0.2,0,0.2,0.2,0,0.1,0
46,87,2,12,0,1.3,0.6,1.1,3.7,0.3,0.8,1.8,1.1,1.3,0
46,91,1,3,0,0.3,0.2,0.5,0.9,0,0.5,0.2,0.2,0.2,0
46,101,2,17,1.5,0,3.1,4.1,3.1,0,2.6,2.6,0,0,0
46,102,3,11,0,0.4,1.6,2,1.1,0,1.2,3.5,0,1.2,0
46,106,1,3,0,0.1,0.4,0.6,0.3,0,0.3,1,0,0.3,0
46,113,1,2,0.2,0.1,0.1,0.5,0.3,0,0.4,0.3,0,0.1,0
46,114,6,22,1.5,1.1,1.4,4.6,3.3,0.5,4.4,3.9,0.6,0.7,0
46,115,2,5,0.3,0.3,0.3,1,0.8,0.1,1,0.9,0.1,0.2,0
46,116,2,11,0.5,1.1,0.6,1.1,3.4,0.3,0.8,2.3,0.6,0.3,0
46,117,1,5,0.3,0.5,0.3,0.5,1.5,0.1,0.4,1,0.3,0.1,0
46,119,2,5.5,0,0.8,0.7,0.3,1.8,0,0.7,0.7,0.4,0.1,0
46,120,2,7,0.1,1.1,0.8,0.5,2.1,0,0.8,0.8,0.5,0.3,0
46,122,2,6,0.2,0.5,0.5,0.8,0.8,0.2,1.2,1.1,0.4,0.3,0
46,123,5,175,6.4,20,10.1,23.7,34.9,2.9,32.4,30.4,10,4.2,0
46,124,2,266.5,11.7,16.3,24.3,44,65.7,6.2,31.1,42.7,17.7,6.8,0
46,125,3,231,11.4,14.8,14.7,34.1,37.3,9.4,37.7,54.7,7.8,9.1,0
46,126,8,85,4.6,8.4,6,16.5,14.3,2.6,13.5,12.1,4.6,2.4,0
46,127,8,143.5,3.6,8.6,9.6,22.8,27.3,2.1,17,31.2,8.1,13.2,0
31,1,1,7,0,0.5,0,0.6,1.4,0.4,1.1,2.5,0.5,0,0
31,2,5,26,1,0.9,0.8,1.7,4.1,0.2,6.9,7.3,0.5,2.6,0
31,4,1,12,0.7,0.5,0.5,1.6,3.3,0.4,1.2,1.9,0.9,1,0
31,7,1,2,0.3,0,0.1,0.1,0.3,0.1,0.3,0.5,0,0.3,0
31,8,1,1,0,0.1,0,0.1,0.2,0,0.1,0.3,0.1,0.1,0
31,9,1,7,0,0,0.3,1.1,0.3,0,2.9,2,0.1,0.3,0
31,11,1,2,0,0,0.1,0.3,0.1,0,0.8,0.6,0,0.1,0
31,12,1,1,0,0,0,0.2,0,0,0.4,0.3,0,0.1,0
31,13,1,3.5,0,0,0.1,0.6,0.1,0,1.4,1,0.1,0.2,0
31,14,1,2,0,0,0.2,0.4,0.3,0,0.6,0.4,0,0.1,0
31,17,1,4,0,0.4,0.1,0.8,0.3,0,1.2,0.8,0.3,0.1,0
31,21,1,2,0,0.4,0,0.1,0.4,0,0.4,0.7,0,0,0
31,25,1,2,0,0.3,0.1,0.2,0.7,0,0.2,0.3,0.1,0.1,0
31,26,1,4,0,0.2,0,0.3,0.5,0,1.2,1.5,0,0.3,0
31,27,1,9,0,0.8,0.3,1.5,2.4,0.5,1.4,1.1,0.6,0.4,0
31,29,2,12,0,1.7,0.4,0.5,3.2,0,1.9,2.4,0.2,1.7,0
31,30,4,123.5,3,12.4,4.8,17.5,24.5,1.5,21.4,28.2,3.6,6.6,0
31,31,2,4,0,0.5,0.1,0.2,1,0,0.7,0.8,0.1,0.6,0
31,32,3,16,0,0.6,0.6,1.8,3.1,0,2.5,7.4,0,0,0
31,33,1,2,0.1,0,0,0.5,0.3,0.1,0.4,0.3,0.2,0.1,0
31,36,1,5,0.1,0.1,0.2,0.7,1,0,0.6,1.4,0.5,0.4,0
31,37,1,6,0.1,0.2,0.3,0.9,1.1,0,0.7,1.7,0.6,0.4,0
31,42,1,7,0,1.1,0.4,0.2,2,0,1.4,0.7,0.7,0.5,0
31,43,1,2,0,0.1,0.1,0.2,0.5,0,0.5,0.4,0.1,0.1,0
31,44,7,66,0.8,4.6,3.7,8.4,13.6,0.3,15.4,14.7,3.3,1.2,0
31,45,2,137,11,10.1,10.3,22.9,24.7,3.2,13,29.8,3.6,8.4,0
31,48,2,6,0.1,0.4,0.4,0.3,1.3,0,0.5,1.9,0.3,0.8,0
31,49,1,2,0.1,0.2,0.2,0.2,0.4,0,0.2,0.4,0.2,0.1,0
31,51,2,96.5,5.1,6.3,2.7,21.9,18.3,6.2,11.9,15.4,7.8,0.9,0
31,52,1,2,0,0.2,0.1,0.1,0.6,0,0.2,0.6,0.1,0.1,0
31,53,1,4,0,0.5,0.1,0.3,1.2,0.1,0.4,1.2,0.1,0.1,0
31,55,2,20,0.3,3.1,2.3,4,3.2,0.1,2.7,2.5,1.2,0.6,0
31,57,2,14,0.2,2.2,1.8,3.1,2,0,2,1.3,0.9,0.5,0
31,58,1,4,0.1,0.4,0.4,0.3,1.3,0,0.8,0,0.1,0.6,0
31,59,1,1,0,0.1,0,0.2,0.1,0.1,0.2,0.1,0.1,0.1,0
31,60,2,4,0.2,0.2,0.2,0.6,0.4,0.2,0.8,0.6,0.4,0.4,0
31,61,3,21,1.1,2.4,1.6,4.5,3.6,0.3,2.8,1.9,0.7,2.1,0
31,62,1,1,0,0.1,0.1,0.2,0.3,0,0.1,0.1,0.1,0,0
31,63,1,1,0,0.1,0.1,0.2,0.3,0,0.1,0.1,0.1,0,0
31,64,1,3,0.1,0.3,0.4,0.5,0.8,0,0.3,0.3,0.2,0.1,0
31,65,3,378,7.8,30,34.9,40.5,73.1,4.2,57.7,84.8,14.9,30.1,0
31,66,0,872,29,81.5,60,132,169,18,96,155,36.5,95,0
31,67,3,331.5,9.1,30,31.7,55.4,68.5,5.4,41.6,42.9,18.8,20.1,8
31,68,2,3,0.2,0.1,0.1,0.6,0.5,0,0.3,0.7,0,0.5,0
31,69,1,7,0,0.4,0.6,0.6,1.5,0,2.4,1.2,0.3,0,0
31,70,2,5,0,0.3,0.5,0.5,1,0,1.7,0.8,0.2,0,0
31,75,1,2,0,0.2,0.2,0.4,0.4,0,0.1,0.4,0.2,0.1,0
31,77,1,1,0,0,0.1,0.1,0.2,0,0.2,0.3,0,0.1,0
31,79,2,6,0.3,0.8,0.6,0.5,1.5,0.1,1,0.8,0.4,0,0
31,80,6,113.5,6.7,12.9,11.2,10.9,25.7,1.6,16.3,17.7,8.6,1.9,0
31,81,4,36,1.9,3,1.5,7.7,5.7,0.5,5.2,6,1.8,2.7,0
31,82,2,12,0.5,0.7,0.7,2.1,1.8,0.2,2.1,2.4,0.7,0.8,0
31,83,1,1,0,0.1,0.1,0.2,0.1,0,0.2,0.2,0,0.1,0
31,89,1,1,0,0.1,0.1,0.1,0.2,0,0.3,0.1,0.1,0,0
31,90,1,6,0.1,0.3,0.4,0.7,1.2,0.3,1.8,0.4,0.6,0.2,0
31,91,1,1,0,0.1,0.1,0.1,0.2,0,0.3,0.1,0.1,0,0
31,95,5,10,0.3,1,0.3,1.3,1.5,0.6,1.9,2.7,0.3,0.1,0
31,96,1,1,0,0.1,0,0.1,0.3,0,0.1,0.3,0.1,0,0
31,97,2,6,0.2,0.7,0.3,0.6,1.2,0.1,1.5,0.6,0.3,0.5,0
31,100,1,1,0,0.1,0,0.2,0.1,0.1,0.2,0.3,0,0,0
31,104,1,4,0.1,0.1,0.3,1.1,0.8,0.1,0.6,0.3,0.5,0.1,0
31,106,4,42,0.9,2.9,3.5,4.7,10.9,0.9,7,7.4,1.6,2.2,0
31,107,1,5,0,0.1,0.3,0.5,1.3,0.1,1.3,1.1,0,0.3,0
31,108,2,24,1.1,1.3,0.8,5.3,5.3,0.5,4.2,3.4,1.8,0.3,0
31,109,3,47.5,1.3,2.8,3.7,9.5,11,0.1,4.7,8.2,3.1,3.1,0
31,110,1,2,0,0,0.2,0.1,0.3,0,0.3,1,0.1,0,0
31,113,2,2,0.1,0.2,0.1,0.4,0.4,0,0.4,0.2,0.1,0.1,0
31,114,2,27,1.6,2.3,1.6,8.5,5.1,0,4,0,2.8,1.1,0
31,116,1,2,0.2,0.3,0,0.4,0.2,0,0.3,0.4,0,0.2,0
31,117,3,22,0.5,1.2,1.3,2.4,4.5,0.5,4.6,4.2,1.3,1.5,0
31,118,3,11.5,0.1,0.8,0.9,1.3,2.3,0.3,2.2,2.5,0.9,0.2,0
31,119,2,19,0.5,1.1,1.2,3.1,3.3,0.1,3.2,4.6,0.9,1,0
31,120,5,24,0.9,1,1.5,3.5,3.7,0.3,4.6,7.3,1,0.2,0
31,121,1,1,0,0,0.1,0.2,0.2,0,0.2,0.3,0,0,0
31,122,2,10,0,1.1,0.8,2,1.5,0.7,1.5,1.6,0.8,0,0
31,123,5,87,3.9,9.2,4.8,17.1,20.5,4.4,12.2,8.4,5.2,1.3,0
31,124,3,13,0.5,1.3,1.6,2,4,0.4,1.1,1.1,0.5,0.5,0
31,125,4,95,1.3,15.6,8.5,16.6,22.8,2.8,11.6,5.7,8.1,2,0
31,126,6,141.5,7.4,15,12.8,23.7,30.4,4,18.3,12.7,14.1,3.1,0
31,127,1,2,0,0.4,0,0.2,0.4,0,0.2,0.6,0.1,0.1,0
36,0,5,41,0.4,3.1,1.6,7.6,7.3,3.1,7.5,7.2,1.3,1.9,0
36,1,1,2,0,0.2,0,0.4,0.3,0.2,0.4,0.3,0.1,0.1,0
36,2,1,1,0,0,0,0.1,0.1,0,0.6,0.1,0,0.1,0
36,4,1,2,0,0.1,0,0,0.4,0,0.6,0.7,0,0.2,0
36,6,2,8,0,0.7,0,0.8,1.2,0.4,0.9,2.8,0.5,0.7,0
36,9,7,193,3.1,19.9,4.8,20.2,39.4,1.5,32.1,42.5,14.1,14.4,1
36,10,2,22,0.4,2.5,1.2,1.5,4.6,0.1,3.4,4.8,1.7,1.8,0
36,14,2,4,0,0.4,0,0.8,0.6,0,0.4,1.6,0.2,0,0
36,19,1,1,0,0.1,0,0.1,0.2,0,0.1,0.3,0.1,0.1,0
36,20,3,8,0.4,1.2,0.3,0.8,1.9,0,0.4,2.1,0.5,0.4,0
36,26,1,3,0,0.4,0.1,0.4,0.7,0,0.3,0.7,0.1,0.3,0
36,29,3,164,3.5,16.9,5.2,24,24.9,1.8,32.1,36.4,6.2,13,0
36,30,5,127,2.7,7.1,12.8,11.6,29.1,0.9,23.9,30.8,3.3,4.8,0
36,31,1,5,0.2,0.4,0.2,0.5,1,0.1,1.1,1.1,0,0.4,0
36,32,2,109,2.3,6.1,5,20,22.1,3.5,18.7,13.3,2.5,15.5,0
36,33,3,73.5,3.1,1.2,3.8,15.7,11.1,3.8,11.4,14,4.9,4.5,0
36,34,3,23,0.1,1.4,0.4,2.6,4.1,0.4,6.1,6.2,0.6,1.1,0
36,35,4,11,0,0.8,0.7,0.6,2.1,0.1,2.7,3,0.1,0.9,0
36,37,1,1,0,0.1,0.1,0,0.2,0,0.2,0.3,0,0.1,0
36,38,2,71.5,1.1,6.8,5,5.8,12.8,2.5,10.5,16.3,4.1,6.6,0
36,39,3,252.5,12.5,28.3,18.3,35.7,36.9,8,33.4,54.8,9.6,15,0
36,40,3,67,2.3,6.3,4.8,6.5,17,2.6,5.6,11,4.3,6.6,0
36,42,2,9,0.4,0.8,0.4,1.5,1.5,0,2,2.4,0,0,0
36,44,2,8,0.5,0.3,0.7,1.3,1.6,0.1,1.3,1.4,0.6,0.2,0
36,52,1,3,0,0.3,0.2,0.1,0.6,0.1,0.9,0.6,0.2,0,0
36,54,2,10,0,1.1,0.7,0.4,1.9,0.4,2.9,1.9,0.7,0,0
36,57,3,10,0,1.5,0.8,1.3,2,0,1.7,1,0.7,1,0
36,59,1,6,0,1.1,0.3,0.6,1.4,0,0.6,1.1,0.3,0.6,0
36,60,1,4,0,0.7,0.2,0.4,0.9,0,0.4,0.8,0.2,0.4,0
36,61,2,5,0,0.9,0.3,0.5,1.1,0,0.5,1,0.2,0.5,0
36,64,1,2,0,0.3,0,0.3,0.6,0.1,0.1,0.4,0.2,0,0
36,66,3,6,0.6,0.9,0.3,0.9,0.9,0,0.3,2.1,0,0,0
36,73,1,2,0,0.2,0.2,0.2,0.3,0,0.4,0.5,0,0.2,0
36,74,2,2,0,0.2,0.2,0.2,0.4,0,0.4,0.4,0,0.2,0
36,75,4,77,0.1,6.1,2.8,11.2,14.8,0.7,13.2,14.1,6.4,7.6,0
36,76,3,41,0,1.3,0.9,2.1,8.7,0.1,7,15.6,1.8,3.5,0
36,77,2,5,0.3,0.2,0.5,0.9,0.5,0.1,1.3,0.7,0.3,0.2,0
36,78,1,3,0,0,0.1,0.4,0.6,0,0.2,1.3,0.1,0.3,0
36,86,3,9,0,0.7,1.2,0.6,2.7,0,1.5,1.2,0.2,0.9,0
36,89,1,3.5,0.1,0.2,0.2,0.4,0.7,0.2,1,0.3,0.3,0.1,0
36,90,1,2,0.1,0.1,0.1,0.2,0.4,0.1,0.6,0.1,0.2,0.1,0
36,94,1,1,0,0.1,0.1,0.1,0.2,0,0.3,0.1,0.1,0,0
36,102,1,18,0.6,0.3,1.6,4.8,3.9,0.3,2.6,1.3,2.3,0.3,0
36,108,3,8,0.2,0.4,0.7,1.6,1.6,0.1,1.1,1.2,0.9,0.2,0
36,110,1,2,0,0.1,0,0.2,0.9,0,0.3,0.3,0.1,0.1,0
36,111,1,1,0,0.1,0,0.1,0.5,0,0.1,0.1,0.1,0,0
36,113,2,5,0,0.8,0,0.4,1,0,1.1,1.6,0.1,0,0
36,114,1,2,0,0.3,0,0.2,0.4,0,0.4,0.6,0.1,0,0
36,115,1,1,0,0.2,0,0.1,0.2,0,0.2,0.3,0,0,0
36,116,5,21,0.3,1.1,1.2,3.1,3.3,0.5,3.6,5.4,1.2,1.3,0
36,117,2,125,5,19.6,12,20.7,27.8,3.1,17,10.2,7,2.6,0
36,118,1,7,0.4,0.4,0.5,1,1.7,0.1,0.7,1.3,0.4,0.5,0
36,121,4,9,0.5,0.6,0.9,1.1,2.3,0,1,1.3,0.6,0.7,0
36,122,5,34,1.3,3,2.8,4.7,8.8,0.5,3.4,4.7,2.2,2.6,0
36,123,5,127,9.4,6.9,10.9,21.3,24.4,2,14.5,19.2,10.4,8,0
36,124,6,121,4.1,10.1,5.1,22.9,20.3,3.6,12.1,21,8.8,13,0
36,126,1,18,0.4,0.7,1.4,1.4,4.2,0,4.8,3.1,1,1,0
36,127,3,40.5,0.7,2.7,4.2,3.8,7.9,0.2,9.6,7.5,1.8,2.1,0
37,0,2,7,0,0.6,0.4,1.4,1.4,0.6,1.1,1.1,0.1,0.3,0
37,2,1,2,0.1,0,0,0.1,0.2,0,1.2,0.2,0.1,0.1,0
37,3,1,2,0.1,0,0,0.1,0.2,0,1.2,0.2,0.1,0.1,0
37,4,4,8.5,0,0.1,0.2,0.7,1.3,0,1.1,2.9,0.5,1.7,0
37,5,6,77.5,0,6.3,0.8,7.7,11,1.2,12.2,26.1,4.3,7.9,0
37,6,3,5,0,0.5,0,0.5,0.8,0.2,0.5,1.7,0.3,0.5,0
37,8,1,3,0,0.2,0.2,0.2,0.5,0,0.5,0.9,0.2,0.3,0
37,9,3,29,0.3,1.7,2.3,1.7,4.3,0.4,4.7,9.2,1.6,2.8,0
37,13,1,8.5,0,0.7,0.3,1.7,1.2,0,0.7,3.4,0.5,0,0
37,14,1,2,0,0.2,0,0.4,0.3,0,0.2,0.8,0.1,0,0
37,15,1,2,0,0.2,0,0.2,0.5,0,0,0.8,0.2,0.1,0
37,16,1,4,0.1,0.4,0,0.4,1,0,0.1,1.6,0.3,0.1,0
37,17,2,48,1.5,2.4,0,5.5,8.4,1,4.5,17.8,3.4,3.5,0
37,21,1,1,0,0.1,0,0.1,0.2,0,0.1,0.3,0.1,0.1,0
37,22,1,1,0,0,0.1,0.2,0.2,0,0.2,0.2,0,0.1,0
37,26,1,1,0,0.1,0.1,0.1,0.2,0,0.1,0.3,0,0.1,0
37,29,2,55.5,0.9,4.3,4.9,3,8.9,0.5,9.4,19.7,0,3.9,0
37,30,6,75,4.4,3.3,4.4,9.1,10,1.8,14.6,17,4.3,6.1,0
37,31,4,63,4.1,4.5,8.5,6.8,12.4,0.5,9.6,11.7,0.3,4.6,0
37,32,3,21,0.5,0.1,0.9,6.2,2.5,0.6,2.9,3.2,1.8,2.3,0
37,33,6,104,3.7,4.1,5,20.3,15.8,3.5,21.7,18.9,5.2,5.8,0
37,34,3,27,0,1.7,0.6,2.9,4.8,0.4,7.9,7.1,0.6,1,0
37,37,1,2,0,0.2,0.2,0,0.4,0,0.4,0.6,0,0.2,0
37,38,5,116.5,6.1,11.5,8.4,24.6,19.3,5.4,15.1,14.9,6.6,4.6,0
37,39,2,76,3,7.4,7.2,5.4,17.8,1.2,18.4,10.2,0,5.4,0
37,40,1,1,0,0.1,0.1,0.1,0.2,0,0.1,0.3,0,0.1,0
37,41,2,7,0,0.2,0.2,0.4,1.7,0,0.8,2.7,0.2,0.8,0
37,43,2,7,0.3,0.6,0.3,1.2,1.3,0,1.5,1.8,0,0,0
37,51,1,1,0,0.1,0.1,0,0.2,0,0.3,0.2,0.1,0,0
37,53,1,2,0,0.2,0.1,0.1,0.4,0.1,0.6,0.4,0.1,0,0
37,57,1,1,0,0.1,0.1,0.1,0.2,0,0.2,0.1,0.1,0.1,0
37,58,1,4,0,0.6,0.3,0.5,0.8,0,0.7,0.4,0.3,0.4,0
37,60,1,4,0,0.7,0.2,0.4,0.9,0,0.4,0.8,0.2,0.4,0
37,62,1,2,0,0.3,0,0.3,0.6,0.1,0.1,0.4,0.2,0,0
37,63,2,4,0,0.5,0,0.5,1.1,0.3,0.3,0.8,0.5,0,0
37,64,1,7,0,0.9,0,1.1,1.9,0.4,0.4,1.5,0.8,0,0
37,65,1,8,0,1,0,1.2,2.2,0.5,0.5,1.7,0.9,0,0
37,66,1,4,0.3,0.7,0.2,0.5,0.7,0,0.2,1.4,0,0,0
37,68,1,3,0.3,0.5,0.1,0.4,0.5,0,0.1,1.1,0,0,0
37,71,1,2,0.2,0,0.2,0.4,0.4,0,0.3,0.4,0,0.1,0
37,72,2,42,2,3.8,2.9,3.1,11.4,0.3,7.4,10.4,0.7,0,0
37,73,3,154,2,24.2,13.1,21.9,44.6,6.8,20.7,6.5,11.2,3,0
37,74,1,3,0.1,0.2,0.2,0.2,0.5,0,0.7,0.7,0.1,0.3,0
37,75,3,25,0.4,2.3,1.8,2.3,4.4,0.2,5.7,4.9,1,2,0
37,77,1,1,0,0,0.1,0.1,0.2,0,0.1,0.4,0,0.1,0
37,80,1,3,0.2,0.3,0.1,0.3,0.3,0.1,0.5,0.7,0.2,0.3,0
37,83,1,2,0,0.2,0.3,0.1,0.6,0,0.3,0.3,0,0.2,0
37,84,1,1,0,0.1,0.1,0.1,0.3,0,0.2,0.1,0,0.1,0
37,95,1,4,0.1,0.2,0.2,0.5,0.8,0.2,1.2,0.3,0.4,0.1,0
37,99,1,2,0.1,0.1,0,0.3,0.2,0.2,0.3,0.6,0.1,0.1,0
37,102,1,12,0.4,0.2,1.1,3.2,2.6,0.2,1.7,0.9,1.5,0.2,0
37,105,1,1,0,0,0.1,0.3,0.2,0,0.2,0.1,0.1,0,0
37,108,1,2,0,0.3,0.2,0,0.4,0,0.2,0.7,0.1,0.1,0
37,109,4,48.5,0,5.1,5.2,0.7,9.1,1,5,18.4,1.5,2.5,0
37,110,2,6,0,0.8,0.4,0.2,1,0,0.6,2.2,0.4,0.4,0
37,111,4,56,0,5.4,3,8.5,21.6,0,4.6,9.7,2.4,0.8,0
37,112,1,2,0,0.3,0,0.2,0.4,0,0.4,0.6,0.1,0,0
37,115,2,6,0.2,0.3,0.4,1,0.8,0,1,1.8,0.3,0.2,0
37,116,1,8,0.3,0.4,0.5,1.3,1.1,0.1,1.3,2.3,0.4,0.3,0
37,117,1,6,0.2,0.3,0.4,1,0.8,0.1,1,1.7,0.3,0.2,0
37,118,2,17,0.6,1.1,1.1,2.5,2.8,0.1,2.7,4.4,1,0.7,0
37,119,6,96.5,3.4,10.5,4.2,13.9,24.7,2.6,6.2,15.1,12,3.9,0
37,120,2,32,1,4,2.1,2.7,8.9,0.4,3.1,4.5,3,2.3,0
37,121,4,8,0.5,0.5,0.7,1.1,1.9,0,0.8,1.6,0.4,0.5,0
37,122,5,82.5,1.4,5.1,8.4,13.6,22.1,0.8,13.9,8.1,4.7,4.4,0
37,123,5,282.5,8.8,23.1,17.5,40,52.3,3.8,35.2,57,16.1,28.7,0
37,124,1,613.5,16.7,36.4,59.6,105.2,100.3,11.1,83.6,103.1,30.7,66.8,0
37,125,4,41,1.5,3,3.5,5.8,6.6,0.9,6.5,5.5,3.1,4.6,0
37,127,2,15,0,1.3,1.2,1.1,3.2,0,3.7,3.5,0.4,0.6,0
47,7,1,2,0,0.1,0.1,0.1,0.4,0,0.7,0.4,0,0.2,0
47,8,1,6,0,0.2,0.4,0.4,1.1,0,2,1.3,0,0.6,0
47,9,1,2,0.1,0.1,0.1,0.2,0.4,0.1,0.3,0.5,0.1,0.1,0
47,12,6,110.5,0,13.4,5.3,9.8,24.9,1,19.4,23.4,6.7,6.6,0
47,15,1,3,0.1,0.4,0.2,0.3,0.6,0.1,0.5,0.5,0.1,0.2,0
47,16,2,5,0.1,0.7,0.4,0.5,1,0.1,0.8,0.9,0.2,0.3,0
47,17,1,2,0,0.3,0.2,0.2,0.4,0,0.3,0.4,0.1,0.1,0
47,18,3,16,0.3,2.2,1.3,1.8,3.2,0.3,2.5,2.7,0.7,1,0
47,24,2,19,0,1,1.7,0.4,2.3,0,4.2,5.7,1.4,2.3,0
47,25,3,12.5,0,0.6,1.2,0.1,1.5,0,2.9,3.8,0.8,1.6,0
47,27,1,6,0.4,0.3,0.1,1,1.3,0.1,1,1.1,0.5,0.2,0
47,28,2,13,0.8,0.7,0.5,2,2.7,0.3,2.2,2.4,1,0.4,0
47,32,1,1,0,0.1,0.1,0.1,0.3,0,0.1,0.2,0,0.1,0
47,38,2,5,0,0.6,0.6,0.6,0.3,0,1.6,0.5,0.3,0.5,0
47,39,3,45,0.9,4.5,4.5,4.5,14.4,0,5.5,6.3,2.7,1.7,0
47,40,1,5,0.2,0.6,0.3,0.6,1.2,0.1,0.6,1.1,0.1,0.2,0
47,44,3,21,0.8,3.2,0.8,4,5.7,0,2.4,4.1,0,0,0
47,45,5,114,2,3.5,7.6,14.6,24.5,0,14.1,33.2,7,7.5,0
47,46,3,5,0,0.2,0,0.7,1.2,0,1,1.3,0.3,0.3,0
47,48,1,4,0,0.2,0.1,0.5,0.9,0,0.7,1.1,0.3,0.2,0
47,49,1,3,0.1,0.4,0.1,0.5,0.3,0,0.5,0.2,0.4,0.5,0
47,52,2,12,0.6,0.9,0.7,2.8,2.2,0.2,1.1,1.9,1.1,0.5,0
47,53,7,170,12,13.3,11.6,31.8,37.8,6,19.3,20.4,13.7,4.1,0
47,54,2,254,11,19.5,16.7,39.7,54.5,6.6,30.9,44.6,5.6,24.9,0
47,55,2,8,0.2,0.8,0.8,0.7,2,0.2,1.1,1.4,0.3,0.5,0
47,59,1,3,0.3,0,0.2,0.3,0.6,0,0.4,0.8,0.3,0.1,0
47,60,4,26,1.7,0.5,1.7,3.9,4.4,0,4.4,5.1,2.7,1.6,0
47,63,3,121.5,2,9.8,18.8,11.7,42.7,2,16.4,12.3,2.9,2.9,0
47,64,1,492,18,33,41.9,82.4,98.9,6.5,55.4,90.4,29.5,36,0
47,67,1,1,0.1,0.1,0,0.2,0.2,0,0.1,0.2,0.1,0,0
47,68,1,2,0.2,0.1,0,0.4,0.5,0,0.2,0.4,0.1,0.1,0
47,71,1,258,9,23.1,14.8,54.1,57.1,6.3,30.3,36.3,15.1,11.9,0
47,72,4,121,6,7.3,7,18.3,21,1.8,23,24.2,2.5,9.9,0
47,73,1,1,0,0,0.1,0.1,0.2,0,0.2,0.4,0,0,0
47,74,1,1,0,0,0.1,0.1,0.2,0,0.2,0.4,0,0,0
47,75,1,37,0,4.1,1,5.2,6.3,0,8.6,10.4,0.1,1.3,0
47,76,2,7,0.1,0.4,0.1,0.8,0.9,0,2,1.3,0.4,1,0
47,77,3,63.5,2,8.1,5.5,8.1,13.8,0,11.3,7.8,2.2,4.7,0
47,78,2,10,0,1,0.9,0.7,1.8,0,1.9,2.3,0.3,1.1,0
47,81,3,16,0.3,3.1,0.4,1.4,3.7,0,1.4,3.7,1.3,0.7,0
47,82,1,1,0,0,0,0.1,0.2,0,0.2,0.3,0.1,0.1,0
47,83,3,5,0,0.2,0,0.3,1.2,0,1,1.3,0.5,0.5,0
47,84,1,4,0,0.1,0,0.3,1,0,0.8,1,0.4,0.4,0
47,85,4,20,0.5,1.7,0.8,2.1,4.1,0.3,3.5,4.8,0.7,1.5,0
47,86,8,163,5.5,21,9.2,21.7,35.4,2.7,20,31,5.7,10.8,0
47,87,3,89,1.5,7.3,2.9,12.9,15.5,1,16.4,20.3,5.9,5.3,0
47,88,1,6,0,0.7,0.3,0.5,1.9,0.1,0.4,0.9,0.5,0.7,0
47,90,1,3,0,0.3,0.2,0.5,0.9,0,0.5,0.2,0.2,0.2,0
47,113,1,1,0.1,0.1,0,0.2,0.2,0,0.2,0.2,0,0,0
47,114,3,12,1.1,0.8,0.4,2.8,1.9,0.2,2.5,2.1,0,0.2,0
47,115,2,4,0.2,0.4,0.2,0.4,1.2,0,0.4,0.8,0.2,0.2,0
47,117,1,4,0.2,0.4,0.2,0.4,1.3,0.1,0.3,0.8,0.2,0.1,0
47,120,1,4,0,0.6,0.5,0.2,1.3,0,0.5,0.5,0.3,0.1,0
47,121,3,10,0,1.7,1.1,0.6,3.2,0,1.1,1.1,0.9,0.3,0
47,122,3,18,0.5,1.3,1.4,2.6,1.7,0.7,4,4,1.2,0.6,0
47,123,2,26,0.8,2,1.8,4.7,3.7,1.3,4,5.6,1.8,0.3,0
47,124,6,184.5,7.5,18.2,13.6,38.7,37.1,8.4,14,29.9,16.6,0.5,0
47,125,5,187,8.5,15.1,9.6,38.6,32.2,5.5,32.9,30.6,10.9,3.1,0
47,126,8,149,7.1,15.2,9,26.2,23.5,3.9,22.3,31.5,6.9,3.4,0
47,127,6,181.5,4.1,9.4,6.2,31.1,29.2,4,20.3,47.6,14.7,14.9,0
38,4,1,9,0,0.6,0,1.2,1.2,0.2,1.8,2.5,0,1.5,0
38,5,3,271,8.5,18.8,7.2,34.5,39.8,5.3,48.3,66.6,12.2,29.8,0
38,6,3,46,2.5,3.8,1.3,4.2,5.4,1.1,11.7,9.7,1.8,4.5,0
38,8,4,111.5,4.6,2.5,8.8,13.9,12.5,3.3,17.5,37.3,5,6.1,0
38,12,1,3,0.1,0.2,0,0.3,0.6,0,0.8,0.6,0.1,0.3,0
38,13,1,17,0.6,1.1,0,1.7,3.4,0,4.5,3.4,0.6,1.7,0
38,14,1,3,0.1,0.2,0,0.3,0.6,0,0.8,0.6,0.1,0.3,0
38,16,1,10,0,0.7,0,1.3,0.7,0,3.7,2.3,1,0.3,0
38,19,5,121.5,5.8,9.3,1.9,18.9,23.1,1.5,19.1,28.1,4.3,9.5,0
38,20,1,47.5,2.1,2,2.2,8.3,5.9,0.3,9.3,9,2.1,6.3,0
38,22,2,3,0,0.1,0,0,0.4,0,0.9,1.1,0.2,0.3,0
38,25,2,12.5,1.6,0.4,0.8,2,2.1,0.1,2.1,2.4,0.6,0.4,0
38,26,3,23,2.9,0.8,1.5,3.8,3.8,0.2,3.8,4.3,1.1,0.8,0
38,28,1,3,0.1,0.5,0.1,0.5,0.8,0.2,0.3,0.4,0.1,0,0
38,29,1,4,0.2,0.6,0.2,0.7,1.1,0.2,0.3,0.5,0.2,0,0
38,30,5,30.5,1.7,3.1,1.6,5,6.3,0.9,4.7,5.8,1.2,0.2,0
38,31,5,92.5,7.3,5.2,8.8,14.4,15.9,2.1,16.4,18.6,3.3,0.5,0
38,32,4,18,0.5,0.5,0.9,3.6,3.6,0.5,4.8,1.3,2.3,0,0
38,33,3,9,0.2,0.3,0.4,1.8,1.8,0.2,2.4,0.7,1.2,0,0
38,35,3,90,5.1,9.9,2.5,16.3,19.7,0.4,16.2,10.2,7.4,2.3,0
38,36,3,73.5,2,5,3.2,19.4,12.9,0.2,9.9,13.2,4.2,3.5,0
38,37,1,9,0,1.5,0.1,1.2,2,0.1,0.9,2.1,0.4,0.7,0
38,39,2,4,0.1,0.3,0.1,0.7,0.8,0.1,0.5,1.1,0,0.3,0
38,42,5,120,2.9,5.9,6.7,19.5,18.9,3.4,27.5,19,4.9,11.3,0
38,43,5,90,1.1,6,4.8,8.7,26.8,2.3,11,18.3,4.2,6.8,0
38,47,1,1,0,0.1,0,0.1,0.3,0,0.1,0.3,0.1,0,0
38,56,2,3,0.3,0.3,0,0.8,0.5,0.1,0.1,0.6,0.3,0,0
38,57,1,3,0.3,0.4,0,0.8,0.5,0.1,0.1,0.6,0.2,0,0
38,58,1,4,0.4,0.5,0,1.1,0.7,0.1,0.1,0.8,0.3,0,0
38,59,1,6,0.2,0.7,0.5,0.4,1.5,0,0.6,1.5,0,0.6,0
38,62,1,3,0,0.2,0.4,0.2,0.8,0,0.4,0.9,0.1,0,0
38,65,1,7,0.2,0,0.5,0.9,1.1,0,1.1,2,0.7,0.5,0
38,67,0,41.5,2.5,6,1,13,4,1,4,4,6,0,0
38,68,1,23,0.3,0.7,1,7.6,1.8,1.1,6.5,2.1,1.6,0.3,0
38,70,1,6,0.3,0.2,0.5,1.6,0.8,0.1,0.5,1.1,0.6,0.3,0
38,71,1,4,0.2,0.1,0.3,1.1,0.5,0.1,0.3,0.8,0.4,0.2,0
38,72,1,213.5,10.7,19.4,16,38.7,50.1,5.3,24.4,27.7,8.2,13,0
38,73,2,18,0.8,1.6,0,4.5,3.7,0.4,1.7,3.3,0.8,1.2,0
38,74,2,2.5,0.1,0.2,0,0.7,0.5,0,0.2,0.5,0.1,0.2,0
38,80,1,2,0.1,0.5,0.1,0.3,0.5,0,0.1,0.3,0.1,0,0
38,81,1,13,0.5,3.4,0.6,1.7,3.4,0,0.6,2.2,0.6,0,0
38,83,1,2,0.1,0.1,0,0.3,0.3,0,0.3,0.6,0.1,0.2,0
38,84,2,7,0.4,0.4,0,1,1,0,1,2,0.4,0.8,0
38,85,3,6,0,0.6,0.6,0.3,1.5,0,0.9,1.2,0.3,0.6,0
38,88,2,5,0,0.5,0.3,0.4,1.1,0,1,0.9,0.1,0.7,0
38,89,2,2,0,0.2,0,0.2,0.2,0,0.6,0.4,0,0.4,0
38,101,1,4,0.2,0,0.1,1.2,0.3,0.3,1.1,0.5,0.2,0.1,0
38,105,1,3,0,0.1,0.2,0.5,0.7,0,0.8,0.5,0.1,0.1,0
38,106,1,3,0,0.1,0.2,0.5,0.7,0,0.8,0.5,0.1,0.1,0
38,108,1,2,0,0.1,0.1,0.3,0.5,0,0.6,0.3,0,0.1,0
38,109,4,24,0.6,1.5,1.1,4.3,4.3,0.6,4.2,3.8,1.5,2.1,0
38,110,4,128,4.5,14.5,7.2,19.4,29.4,1.5,10.1,20.6,4.9,15.9,0
38,111,2,60,0.7,6,4.7,4.6,14.7,1.7,7.1,11.3,2.2,7,0
38,112,2,4,0,0.4,0.5,0.5,0.7,0,0.5,0.5,0.3,0.6,0
38,113,3,14,0,1.8,0.7,1,2.7,0,3,2.1,0.6,2.1,0
38,116,1,2,0.2,0.4,0,0.3,0.3,0.1,0.1,0.3,0.1,0.2,0
38,117,1,7,0.6,1.4,0,1.2,1.2,0.2,0.4,1,0.2,0.8,0
38,118,4,64,3,7.9,3.3,11.8,13.8,1.5,5.9,6.7,8.3,1.8,0
38,119,5,67,2.7,7,4.2,12.5,15.2,1.5,6.7,6.4,10.1,0.7,0
38,120,7,66.5,2.2,4.7,3.5,8.7,16.7,1.4,11.6,9.8,7.1,0.8,0
38,121,2,8,0.2,0.3,0.4,0.7,2.2,0.2,1.8,1.5,0.6,0.1,0
38,122,2,7,0.2,1,0.5,1.1,2.1,0.2,0.7,1,0,0.2,0
38,123,5,149,5,14.6,15.3,26.3,43,1.1,11.2,12.2,8.9,10.4,1
38,124,1,348,10.4,31.8,13.9,62.7,74.9,10,34.4,55.1,27.6,27.2,0
38,125,3,159.5,5,12.7,8.6,23.2,26,5.8,15,41.8,6.8,14.6,0
38,127,5,59,3.7,1.8,4,14.5,9,3.7,10,6.5,4,1.8,0
39,0,2,35,0,2.2,1.2,5.1,7.3,0,10.8,6.3,1.2,0.9,0
39,1,2,6,0,0.1,0.1,0.6,1.4,0,1.1,2,0.1,0.6,0
39,5,1,8,0,0.1,0.2,0.2,1.5,0,2.2,3.1,0,0.7,0
39,6,7,74.5,2.9,4.4,2.8,8.1,12.3,2,20.5,14.3,2.5,4.7,0
39,7,4,140.5,2,18.1,7,15.2,26.1,1,19.5,31.6,9.6,10.4,0
39,8,1,366.5,8,25.8,25.4,42.6,74.3,6,55.9,85.3,11.7,31.5,0
39,9,3,24,0.9,2.5,2.3,3,4.1,0.1,3.6,4.7,1.3,1.5,0
39,12,2,5,0.2,0.3,0,0.5,1,0,1.3,1,0.2,0.5,0
39,13,1,2,0.1,0.1,0,0.2,0.4,0,0.5,0.4,0.1,0.2,0
39,19,1,4,0.1,0.3,0.1,0.6,0.9,0.1,0.7,1,0.1,0.1,0
39,21,2,10,0,0.7,0,1.3,0.7,0,3.7,2.3,1,0.3,0
39,22,1,5,0,0.2,0.1,0.1,0.6,0,1.4,1.8,0.3,0.5,0
39,25,3,76.5,3.4,8.4,4.3,6.1,15.4,0.2,11.4,19.7,3.9,3.7,0
39,26,5,279,12.2,26.4,13.9,41.4,54.7,7.6,33,50.7,15.9,23.2,0
39,27,2,21.5,0,1,0.3,0.3,2.8,0,5.9,7.6,1.2,2.4,0
39,29,4,52,2.1,6,3.5,7.5,12.7,1.6,5.5,10,2.1,1,0
39,30,7,133.5,3.2,7.2,9.9,17.8,21.8,4.3,14.3,36.2,4.8,14,0
39,31,3,401,11.7,29.1,24.6,42.4,68.5,4.5,57.2,119.3,18.9,24.8,0
39,32,3,12,0.4,0.8,0.7,1.8,2.5,0.1,2.5,1.8,1.1,0.3,0
39,35,4,28,0,4.8,0.6,3.5,6.3,0.3,2.9,6.3,1.3,2,0
39,39,1,2,0,0.1,0.1,0.3,0.4,0.1,0.3,0.6,0,0.1,0
39,42,4,48,1,2.1,2.5,7,10.9,1.6,7.5,9.9,2,3.5,0
39,43,2,27,0.1,1.9,2.6,2.2,7.2,0.7,4.5,2.9,2.1,2.8,0
39,45,1,3,0,0.2,0,0.2,0.9,0,0.4,1.1,0.2,0,0
39,47,1,7,0,0.6,0,0.6,2,0,0.8,2.5,0.5,0,0
39,54,1,1.5,0,0,0.1,0.2,0.2,0,0,0.7,0,0.3,0
39,57,1,9,0.9,1.2,0,2.3,1.5,0.3,0.3,1.8,0.7,0,0
39,60,1,5,0.2,0.6,0.5,0.3,1.2,0,0.5,1.2,0,0.5,0
39,61,1,10,0.3,1.3,0.9,0.6,2.5,0,0.9,2.5,0,1,0
39,62,2,6,0,0.5,0.7,0.5,1.7,0,0.7,1.7,0.2,0,0
39,64,1,1,0,0.1,0.1,0.1,0.3,0,0.1,0.3,0,0,0
39,67,4,195.5,7.3,21.5,4,30.5,37.1,4.6,14.6,38.3,16.9,20.7,0
39,68,2,355,13.2,32.1,27,50.9,79.6,7.1,48.6,49.9,29.1,17.5,0
39,69,2,4,0,0.3,0.4,0.5,1.2,0,0.7,0.7,0.1,0.1,0
39,77,2,15,2.7,0,0,3.9,0,1.1,2.7,3.4,0.6,0.6,0
39,80,1,4,0.2,1,0.2,0.5,1,0,0.2,0.7,0.2,0,0
39,81,1,4,0.2,1,0.2,0.5,1,0,0.2,0.7,0.2,0,0
39,87,0,66,2,3,10,17,11,2,11,5,1,4,0
39,88,1,73.5,0.6,5.5,4.4,5.4,25.3,1.1,15.9,9,3.6,2.7,0
39,101,1,5,0.3,0,0.1,1.4,0.4,0.4,1.3,0.7,0.3,0.1,0
39,105,1,4,0,0.1,0.3,0.6,1,0,1.1,0.6,0.1,0.2,0
39,109,3,11,0.2,0.7,0.5,2,2,0.3,1.9,1.7,0.7,1,0
39,110,3,317.5,10.3,27.7,14.3,45.5,64.5,6.4,56.2,44.8,14.7,33.1,0
39,111,4,315,11.4,22.7,32.1,53.1,53.9,7.1,46,46.8,9.4,32.5,0
39,112,2,11.5,0,1.1,1.4,1.6,1.9,0,1.6,1.6,0.7,1.6,0
39,113,2,9.5,0,1,1.2,1.2,1.6,0,1.2,1.2,0.7,1.4,0
39,114,1,2,0,0.3,0,0.1,0.4,0,0.5,0.3,0.1,0.3,0
39,115,2,3,0,0.2,0.3,0.4,0.8,0,0.4,0.4,0.2,0.3,0
39,116,1,4,0.3,0.8,0,0.7,0.7,0.1,0.2,0.6,0.1,0.5,0
39,119,3,34,1.3,3.7,2.3,6.2,7.6,0.8,3.3,3.5,4.8,0.5,0
39,120,1,4,0.2,0.5,0.5,0.6,0.8,0.1,0.3,0.7,0.1,0.2,0
39,121,2,19,0.6,0.8,0.8,1.8,5.1,0.5,4.3,3.4,1.4,0.3,0
39,123,5,75,2.6,6.2,5.2,18.5,17.1,2.7,8.1,7.5,5.3,1.8,0
39,124,7,97,4.3,7.3,6.3,18.4,17.3,1.2,14.5,17.1,6.7,3.9,0
39,125,2,9,0.3,0.9,0.8,1.6,1.8,0.1,1.1,1.6,0.5,0.3,0
39,126,3,7,0.1,0.9,0.5,0.8,1.6,0.2,0.4,1.8,0.4,0.3,0
39,127,5,46,3.4,4.3,2.7,9.8,8.5,0.8,6.5,6.7,2.2,1.1,0
35,0,6,55,0.2,1.9,2.4,7.2,9.2,1.7,13.3,11.4,3.3,4.4,0
35,1,3,35,1.2,3.8,0,2,5.5,0.8,14,6.7,0.5,0.5,0
35,2,2,13,0.5,0,0,0.5,1.6,0,7.6,1.7,0.5,0.6,0
35,3,3,19,0.2,0.8,0,0.2,3.7,0,7.1,5.1,0.2,1.7,0
35,4,1,3,0,0.2,0,0,0.7,0,0.8,1,0,0.3,0
35,8,2,4,0.1,0.5,0.1,0.3,0.9,0,0.7,0.7,0.4,0.3,0
35,9,1,3,0.1,0.4,0.1,0.2,0.7,0,0.5,0.5,0.3,0.2,0
35,10,1,2,0,0.3,0.1,0.1,0.5,0,0.3,0.3,0.2,0.2,0
35,14,2,16,0,1.3,0.5,3.2,2.3,0,1.4,6.4,0.9,0,0
35,15,2,44.5,1.2,3.9,0.1,5.4,6.1,0,7.6,15.2,2.8,2.2,0
35,16,1,4,0.1,0.4,0,0.4,1,0,0.1,1.6,0.3,0.1,0
35,23,1,4,0.2,0.2,0.2,0.6,0.8,0.1,0.8,0.6,0.1,0.4,0
35,24,1,2,0.1,0.1,0.1,0.3,0.4,0,0.4,0.3,0.1,0.2,0
35,25,3,82.5,0.9,7.3,3.3,10,17.5,0.4,12.3,21.2,1.8,7.8,0
35,29,1,4,0.2,0.6,0.3,0.5,1,0,0.8,0.3,0.2,0.1,0
35,30,3,26,1.4,4,1.7,3.2,6.7,0,5.3,1.6,1.5,0.6,0
35,33,2,90,2.2,8.7,6.4,13,12.2,0,14.7,25.4,5.6,1.8,0
35,34,5,71,1.9,6.4,3.5,7.1,16.1,0.9,10.6,17.1,2.9,4.5,0
35,35,2,67.5,2.7,6.6,4.3,8.5,12,0.7,9.6,18.5,1.4,3.2,0
35,39,1,4,0,0.1,0.1,0.2,1,0,0.5,1.5,0.1,0.5,0
35,40,1,17,0,0.5,0.5,1,4,0,2,6.5,0.5,2,0
35,42,1,2,0.1,0.2,0.1,0.3,0.4,0,0.4,0.5,0,0,0
35,43,1,12,0.7,0.4,1,1.9,2.4,0.2,1.9,2.2,1,0.3,0
35,44,5,245.5,10.9,12,22.9,23.6,52.7,3.3,49.6,49.4,9,12.1,0
35,47,3,15,0,1.3,0.3,1.7,1.5,0,1.8,6,1.7,0.7,0
35,48,1,7,0,0.6,0.2,0.8,0.7,0,0.8,2.8,0.8,0.3,0
35,51,1,2,0,0.2,0.1,0.1,0.4,0.1,0.6,0.4,0.1,0,0
35,52,2,3,0,0.3,0.2,0.1,0.6,0.1,0.9,0.6,0.2,0,0
35,53,1,4,0,0.4,0.3,0.2,0.7,0.2,1.2,0.7,0.3,0,0
35,54,1,2,0,0.2,0.1,0.1,0.4,0.1,0.6,0.4,0.1,0,0
35,55,2,7,0,1.1,0.6,1,1.4,0,1.1,0.7,0.4,0.7,0
35,56,1,8,0,1.3,0.6,1.1,1.6,0,1.3,0.8,0.5,0.8,0
35,57,3,73,1.5,5.6,8,10.6,15,1.6,17.1,10,2,1.6,0
35,58,2,322,16.2,30.5,28.3,44.3,59.5,5.3,37.8,50.8,13.2,36.1,0
35,59,3,9,0.2,1.3,0.9,0.9,2.3,0.2,1.6,0.9,0.5,0.2,0
35,63,2,10,0,1.2,0,1.5,2.8,0.6,0.6,2.1,1.2,0,0
35,67,1,3,0.3,0.5,0.1,0.4,0.5,0,0.1,1.1,0,0,0
35,68,1,10,0.9,0,0.9,2.2,1.9,0.2,1.3,2,0.2,0.4,0
35,69,1,10,0.9,0,0.9,2.2,1.9,0.2,1.3,2,0.2,0.4,0
35,71,1,7,0.6,0,0.6,1.5,1.4,0.1,0.9,1.4,0.2,0.3,0
35,72,1,2,0,0.2,0.2,0.2,0.3,0,0.4,0.5,0,0.2,0
35,73,1,4,0.1,0.3,0.3,0.3,0.7,0,0.9,1,0.1,0.3,0
35,74,1,2,0,0.2,0.2,0.2,0.3,0,0.4,0.5,0,0.2,0
35,76,1,3,0,0,0.1,0.4,0.6,0,0.2,1.3,0.1,0.3,0
35,77,1,1,0.1,0,0.1,0.2,0.1,0,0.3,0.1,0.1,0,0
35,78,2,5,0.4,0.2,0.5,0.9,0.4,0.1,1.3,0.7,0.4,0.1,0
35,80,1,2,0.1,0.2,0.1,0.2,0.2,0.1,0.3,0.5,0.1,0.2,0
35,81,1,4,0.3,0.4,0.1,0.4,0.4,0.1,0.7,0.9,0.3,0.4,0
35,84,1,5,0,0.4,0.7,0.3,1.5,0,0.8,0.7,0.1,0.5,0
35,92,1,4,0.1,0.2,0.2,0.5,0.8,0.2,1.2,0.3,0.4,0.1,0
35,99,1,5,0.3,0.3,0,0.8,0.6,0.4,0.8,1.6,0.1,0.1,0
35,107,1,4,0.1,0.1,0.3,1.1,0.8,0.1,0.6,0.3,0.5,0.1,0
35,108,2,5,0.2,0.2,0.5,1.1,1,0,0.8,0.7,0.4,0.1,0
35,109,2,4,0.1,0.3,0.4,0.7,0.8,0,0.8,0.9,0,0,0
35,110,3,8,0.4,0.4,0.7,1.3,1.6,0,1.6,2,0,0,0
35,111,1,9.5,0.4,0.6,0.8,1.6,1.9,0,1.9,2.3,0,0,0
35,113,2,3,0,0.5,0,0.3,0.6,0,0.6,0.9,0.1,0,0
35,114,2,11,0,1.6,0,0.8,2.3,0,2.4,3.6,0.3,0,0
35,115,2,3,0,0.4,0,0.3,0.6,0,0.6,0.8,0.2,0.1,0
35,116,6,32.5,0,1.7,1.5,4.2,5.7,1.5,5.8,7.2,2.2,2.7,0
35,117,2,49,0.3,6.3,5,8,19.6,0,4.2,3.5,2.1,0,0
35,118,1,4,0.2,0.2,0.3,0.6,1,0,0.4,0.8,0.2,0.3,0
35,120,8,74,3.9,4,7.3,10.2,18.4,0.5,8.5,11.4,4.9,4.9,0
35,121,5,62,4.5,1.5,4.5,7.5,13,1,12.6,6.4,5.6,4.4,1
35,122,6,42,2.2,3.7,2.4,6,11.3,0.5,3.9,7.6,1.5,2.9,0
35,123,2,24,0.8,2.7,0.5,3.2,5.1,0.8,2.2,5.6,1.3,1.8,0
35,124,3,40,1.3,4.4,0.8,5.5,8.5,1.3,3.8,9.3,2.1,3,0
35,125,2,8,0.2,0.3,0.6,0.6,1.8,0,2.1,1.4,0.5,0.5,0
35,126,2,26,0.5,1,2,2,6,0,7,4.5,1.5,1.5,0
35,127,4,34,1.4,1.4,4.8,4.4,5.6,0.5,7.6,3.7,2.3,2.3,0
30,0,1,1,0,0,0,0.1,0.2,0,0.2,0.3,0,0.2,0
30,1,5,66,1.6,2,2,6,9.3,0,15.1,17.7,2.6,9.7,0
30,2,3,10,1.5,0,0.5,0.7,1.5,0.5,1.5,2.3,0,1.5,0
30,7,1,1,0.1,0,0,0.1,0.2,0,0.2,0.2,0,0.2,0
30,9,0,34,0,1,3,0,3,0,6,18,1,2,0
30,10,4,131,2.7,8.1,8.4,14.6,28.4,1,23.4,32.3,2.8,9.3,0
30,12,1,2,0,0,0.2,0.4,0.3,0,0.6,0.4,0,0.1,0
30,13,3,8,0,0,0.8,1.6,1.1,0,2.5,1.6,0,0.4,0
30,15,1,3,0,0.3,0.1,0.6,0.2,0,0.9,0.6,0.2,0.1,0
30,16,1,57,2,6.3,1.1,9.6,2.2,0,12.9,12.6,2.2,8.1,0
30,17,1,3,0,0.3,0.1,0.6,0.2,0,0.9,0.6,0.2,0.1,0
30,21,1,2,0,0.4,0,0.1,0.4,0,0.4,0.7,0,0,0
30,23,1,1,0,0.1,0,0.1,0.1,0,0.2,0.4,0,0.1,0
30,25,1,2,0,0.2,0.1,0.1,0.2,0,0.4,0.8,0.1,0.1,0
30,26,1,29.5,0,3.6,2,1.2,6.2,0,4.6,10.7,0,1.2,0
30,27,3,93.5,2,5.9,5.5,15.6,19.3,3.2,19.8,12.2,3.6,6.4,0
30,28,1,1,0,0.1,0,0.2,0.3,0.1,0.1,0.1,0.1,0,0
30,30,2,42,0,1.7,3.4,3.3,4.5,0,9,9.6,1.9,8.6,0
30,32,1,1,0,0.1,0,0.1,0.3,0,0.1,0.3,0,0.1,0
30,36,1,2,0,0.1,0.1,0.3,0.4,0,0.2,0.6,0.2,0.1,0
30,37,1,10,0.2,0.2,0.5,1.4,1.9,0,1.2,2.9,1,0.7,0
30,38,1,1,0,0.1,0,0.1,0.3,0,0.3,0.2,0,0,0
30,39,1,1,0,0.1,0,0.1,0.3,0,0.3,0.2,0,0,0
30,40,2,6,0.2,0.6,0.2,0.8,1.6,0,1.6,1,0,0,0
30,41,4,141.5,2.6,9.7,5.3,19.5,25.3,1,24.3,39.4,4.4,10,0
30,42,2,6,0.1,0.6,0.2,0.9,1.1,0.1,1.3,1.5,0.2,0,0
30,43,1,1,0,0.1,0,0.2,0.2,0,0.2,0.3,0,0,0
30,44,1,4,0.1,0.4,0.1,0.6,0.7,0.1,0.9,1,0.1,0,0
30,45,2,19,0.3,1.9,0.6,2.8,3.5,0.3,4,5,0.6,0,0
30,46,2,19,0,3.5,0.7,1.4,4.9,0,3.5,2.8,0.7,1.5,0
30,47,2,3,0.1,0.3,0.2,0.1,0.8,0,0.1,0.8,0.1,0.5,0
30,48,4,25,0.9,2.5,1.7,1,6.5,0,1,6.5,1,3.9,0
30,49,1,1,0,0.1,0.1,0.1,0.2,0,0.1,0.2,0.1,0.1,0
30,52,3,18,0.5,1.8,2.1,1.5,4,0,1.5,4,1.4,1.2,0
30,53,1,2,0.1,0.2,0.2,0.2,0.4,0,0.2,0.4,0.2,0.1,0
30,54,2,4,0,0.6,0.8,0.2,1.2,0,0.4,0.4,0,0.4,0
30,55,4,102.5,4,8.6,9.3,12,23.7,3.2,13.9,17.4,5.9,4.5,0
30,56,2,35,1.3,4.3,3.4,6.4,9.8,1.7,3,2.5,2.1,0.5,0
30,58,1,5,0.2,0.5,0.5,0.3,1.6,0,1,0,0.2,0.7,0
30,59,2,6,0.4,0.8,0.6,1.4,1.2,0,0.6,0.4,0,0.6,0
30,60,1,1,0.1,0.1,0.1,0.2,0.2,0,0.1,0.1,0,0.1,0
30,62,1,7,0.7,0.3,0.2,1.5,1,0.3,1,1.3,0.5,0.2,0
30,64,1,14,1.3,0.7,0.3,3,2,0.7,2,2.7,1,0.3,0
30,65,3,199.5,9.6,15.3,7.7,20.5,29.4,1.1,18.8,66.1,8.8,22.2,0
30,66,3,387.5,8.1,46.3,17.8,41.8,62,8,48.4,87.4,23.8,43.9,0
30,67,5,59,4.2,2.6,2.6,11,9.2,1,4.2,13.7,1,9.5,0
30,68,1,29,0.2,3.6,2.1,5.6,8.5,0,4.2,1.7,2.6,0.5,0
30,71,1,5,0.4,0.7,0.2,0.8,1.1,0.1,0.3,0.7,0.4,0.3,0
30,73,1,2,0.1,0.2,0.3,0.1,0.4,0,0.4,0.3,0.1,0.1,0
30,74,2,3,0.1,0.3,0.4,0.2,0.6,0,0.6,0.4,0.2,0.2,0
30,75,1,1,0,0.1,0.1,0.2,0.2,0,0.1,0.2,0.1,0,0
30,78,1,1,0,0.1,0.1,0.2,0.2,0,0.1,0.2,0.1,0,0
30,80,2,36.5,1.5,3.7,2.8,7.9,5.3,1,6.1,6.6,1.3,0.3,0
30,81,4,182.5,8.3,14,10.6,39.8,35.5,4.5,26.2,28.9,9.8,4.9,0
30,82,5,24,0.9,1.5,1.5,4.2,3.6,0.5,4.2,4.8,1.2,1.6,0
30,83,2,6,0.2,0.4,0.4,1.1,0.9,0.1,1.1,1.1,0.3,0.4,0
30,86,1,4,0.1,0.2,0,0.9,0.6,0,0.9,1.1,0,0.2,0
30,88,1,3,0.1,0.1,0,0.6,0.4,0,0.7,0.9,0,0.2,0
30,90,3,21,0.6,1.9,1.4,1.4,5.2,0.6,4.6,3.3,1.3,0.7,0
30,92,1,1,0,0.2,0.1,0,0.3,0,0.2,0.2,0,0,0
30,95,1,5,0,0.9,0.5,0,1.3,0,1.1,1.1,0.1,0,0
30,96,1,1,0,0.1,0,0.1,0.3,0,0.1,0.3,0.1,0,0
30,97,6,40,1.4,4.7,2.4,3.8,7.5,0.9,10.4,3.8,1.8,3.3,0
30,98,2,39,0.6,2.2,1.1,1.7,6.9,0.4,10.8,9.9,1.8,3.6,0
30,100,1,3,0,0.4,0.1,0,1.4,0,0.4,0.6,0,0.1,0
30,101,1,5,0,0.6,0.2,0,2.4,0,0.6,1,0,0.2,0
30,103,1,3,0.1,0.1,0.2,0.6,0.5,0,0.7,0.4,0.2,0.2,0
30,104,1,7,0.2,0.2,0.5,1.5,1.2,0,1.5,0.9,0.5,0.5,0
30,106,4,55.5,2.1,6,5.5,7.2,14.7,0.4,5.6,7.6,3.8,2.6,0
30,107,1,1,0,0,0,0.2,0.2,0.1,0.2,0.2,0.1,0,0
30,108,2,13,0.7,0.8,0.4,3,2.8,0.2,2.2,1.7,1.1,0.1,0
30,109,6,89.5,3.6,7.1,4.7,18.4,16.8,2,13,13,7.3,3.6,0
30,110,2,12,0.4,0.9,0.3,2,2.6,0.2,1.7,2.5,0.9,0.5,0
30,111,2,5,0.1,0.5,0.2,0.5,1,0.2,0.5,1.4,0.3,0.3,0
30,116,4,13,1.3,2,0,2.4,1.3,0,2,2.6,0.3,1.1,0
30,117,4,11,0.8,0.5,0,1.1,2.2,0,3.1,1.1,0,2.2,0
30,118,3,78,3.6,6.6,2.4,18.8,9.5,2,13.9,11.1,6.4,3.7,0
30,119,4,96,3.3,9.9,7.9,9.8,24.1,1.5,11.2,16.1,4.7,7.5,0
30,120,5,24,0.8,1.7,1.5,4.3,4.6,0.5,3.4,4.5,1.2,1.5,0
30,121,2,108.5,6.7,6.4,13.4,15.1,26.8,2.4,9.7,16.4,7.4,4.2,0
30,122,6,61.5,2.8,3.4,2.9,11.8,12.5,2,11.4,7.2,5.5,2,0
30,123,2,10,0.4,0.7,0.7,1.8,2.4,0.4,1.5,1,0.7,0.4,0
30,124,3,10,0.4,1,1.2,1.7,3.2,0.3,0.6,0.8,0.5,0.3,0
30,125,7,54,1.5,6.8,5.4,7.2,15.2,1.2,6,5.1,2.6,3,0
30,126,6,58.5,0.4,9.2,4.4,6,14.1,1,9.3,6.8,2.8,4.5,0
30,127,3,7,0,1.2,0,0.7,1.4,0,0.7,2.3,0.5,0.2,0
28,0,1,1,0,0,0,0.1,0.2,0,0.2,0.3,0,0.2,0
28,5,1,3,0.4,0,0.1,0.2,0.5,0.1,0.5,0.7,0,0.5,0
28,6,1,1,0.1,0,0,0.1,0.2,0,0.2,0.2,0,0.2,0
28,10,4,14,0.8,1.1,0.9,1.2,3.8,0.4,2.2,2.5,0.8,0.3,0
28,11,2,33,2.3,3.5,2.4,2.9,10,1.8,3.6,4.1,2.4,0,0
28,13,1,1,0,0,0.1,0.2,0.1,0,0.3,0.2,0,0.1,0
28,14,1,2,0,0,0.2,0.4,0.3,0,0.6,0.4,0,0.1,0
28,15,4,19,0,1.5,0.9,3.8,1.5,0,5.8,3.8,1,0.7,0
28,17,1,1,0,0.1,0,0.2,0.1,0,0.3,0.2,0.1,0,0
28,21,1,1,0,0.2,0,0,0.2,0,0.2,0.4,0,0,0
28,24,1,4,0,0.5,0.2,0.2,0.3,0,0.9,1.5,0.2,0.2,0
28,25,2,4,0,0.2,0,0.4,0.4,0,1.2,1.4,0,0.4,0
28,26,3,5,0,0.2,0,0.5,0.5,0,1.5,1.8,0,0.5,0
28,27,2,6,0,0.3,0,0.5,0.7,0,1.8,2.2,0,0.5,0
28,31,2,3,0,0.3,0,0.3,0.6,0,0.7,0.5,0.1,0.5,0
28,32,1,2,0,0.4,0.1,0.2,0.6,0,0.3,0.2,0.2,0,0
28,33,5,102,1.8,14.1,4.8,8.9,29.9,0.8,11.5,19.7,4.7,5.8,0
28,34,1,1,0,0.1,0,0.1,0.3,0,0.1,0.3,0,0.1,0
28,36,4,8,0,0.8,0,0.8,2.4,0,2,1.2,0,0.8,0
28,41,2,4,0,0.4,0.2,0.4,1.2,0,1.2,0.6,0,0,0
28,42,1,2,0,0.2,0.1,0.3,0.4,0,0.4,0.5,0.1,0,0
28,43,1,2,0,0.2,0.1,0.3,0.4,0,0.4,0.5,0.1,0,0
28,46,3,28.5,1.6,2.5,0.8,5.7,4.9,1.8,5.8,0.8,3.8,0.8,0
28,48,1,4,0.1,0.4,0.5,0.3,0.9,0,0.3,0.9,0.3,0.3,0
28,49,1,7,0.2,0.7,0.8,0.6,1.6,0,0.6,1.6,0.5,0.4,0
28,50,1,3,0.1,0.3,0.3,0.2,0.7,0,0.3,0.7,0.2,0.2,0
28,52,1,1,0,0.1,0.1,0.1,0.2,0,0.1,0.2,0.1,0.1,0
28,53,1,3,0.1,0.3,0.3,0.2,0.7,0,0.3,0.7,0.2,0.2,0
28,56,1,3,0.1,0.3,0.3,0.2,1,0,0.6,0,0.1,0.4,0
28,57,3,19,0.9,2.6,0.4,2.1,4.8,1.2,2.2,2.2,1.7,0.9,0
28,58,4,24,1.1,3.3,0.5,2.7,6,1.5,2.8,2.8,2.2,1.1,0
28,60,1,1,0.1,0.1,0.1,0.2,0.2,0,0.1,0.1,0,0.1,0
28,63,2,5,0.2,0,0.5,0.9,0.5,0.4,0,1.6,0,0.9,0
28,64,2,224,7.5,24,19,39,56.1,4.9,18,39.5,6,10,0
28,65,2,44,1.4,4.2,1.2,14.5,6.9,1,2.9,6.5,3.4,2,0
28,66,2,4,0.1,0.3,0.4,1.1,1.1,0,0.5,0.4,0.1,0,0
28,67,1,3,0.1,0.2,0.3,0.8,0.8,0,0.4,0.3,0.1,0,0
28,68,2,10,0.5,1.1,0.6,2.1,2.5,0.1,1,1.3,0.5,0.3,0
28,69,1,1,0.1,0.1,0,0.2,0.2,0,0.1,0.1,0.1,0.1,0
28,70,1,5,0.4,0.7,0.2,0.8,1.1,0.1,0.3,0.7,0.4,0.3,0
28,71,1,1,0.1,0.1,0,0.2,0.2,0,0.1,0.1,0.1,0.1,0
28,73,2,24,1.4,3,1.5,4.7,5.4,0.4,3.4,2.4,1.4,0.4,0
28,74,1,684.5,36,66.1,47.6,115.3,141.8,18.3,83.4,92.7,37,46.3,0
28,75,2,111,3.4,8.7,9,14.4,28.7,4,15,17.1,8.7,2,0
28,76,1,1,0,0.1,0.1,0.2,0.2,0,0.1,0.2,0.1,0,0
28,77,1,2,0,0.2,0.2,0.4,0.4,0,0.1,0.4,0.2,0.1,0
28,78,1,6,0.4,0.7,0.7,0.4,1.3,0.1,0.5,1.1,0.7,0.1,0
28,79,1,5,0.4,0.5,0.5,0.4,1.1,0.1,0.5,0.9,0.5,0.1,0
28,81,2,2,0.2,0.2,0.2,0.2,0.4,0,0.2,0.4,0.2,0,0
28,82,1,6,0.2,0.3,0.4,1.1,0.9,0.1,1.1,1.2,0.3,0.4,0
28,83,1,2,0.1,0.1,0.1,0.4,0.3,0,0.4,0.4,0.1,0.1,0
28,86,1,2,0,0.1,0,0.4,0.3,0,0.5,0.6,0,0.1,0
28,91,1,4,0.1,0.4,0.3,0.3,1,0.1,0.9,0.6,0.2,0.1,0
28,92,1,2,0,0.4,0.2,0,0.5,0,0.4,0.4,0.1,0,0
28,93,1,1,0,0.2,0.1,0,0.3,0,0.2,0.2,0,0,0
28,96,1,1,0,0.1,0,0.1,0.3,0,0.1,0.3,0.1,0,0
28,98,1,3,0,0.4,0.1,0,1.4,0,0.4,0.6,0,0.1,0
28,103,1,94.5,3.3,7.3,7.9,13.6,20.5,0,13.1,17.9,3.9,7,0
28,104,2,91.5,5.8,2.4,6.5,12.7,10.8,0,11.8,32.6,4.9,4,0
28,105,4,164,3.6,18.7,13.7,22,31.3,2,23.2,28.6,9.9,11,0
28,106,3,460,14.5,39.4,31.2,71.1,97.3,6.8,63.5,65.3,28.4,42.5,0
28,107,4,8,0.2,0.2,0,1.6,1.4,0.6,1.4,1.6,0.8,0.2,0
28,109,5,26,0.5,2.5,0.7,2.5,5.3,0.7,2.9,7.4,1.7,1.8,0
28,112,1,12.5,1,1.2,0.4,2,1.3,0,3,3.3,0.3,0,0
28,113,3,43,2.3,2.5,1.5,10.6,6.7,0,6.8,7.3,4.3,1,0
28,114,1,3,0.1,0.2,0.1,0.2,0.5,0,1,0.5,0.1,0.3,0
28,115,2,8,0.8,1.3,0,1.4,0.8,0,1.3,1.6,0.2,0.6,0
28,116,1,5,0.5,0.8,0,0.9,0.5,0,0.8,1,0.1,0.4,0
28,117,1,3,0.3,0.5,0,0.5,0.3,0,0.5,0.6,0.1,0.2,0
28,118,2,12,0.3,0.8,0.8,2.4,3.4,0.3,1.6,1.3,0.8,0.3,0
28,119,1,2,0,0.1,0.1,0.4,0.6,0.1,0.3,0.2,0.1,0.1,0
28,121,2,6,0,0.4,0.4,1.2,1.8,0.2,0.8,0.6,0.4,0.2,0
28,122,2,8,0.3,0.5,0.4,0.9,1.7,0,0.8,2.2,0.3,0.9,0
28,123,3,10,0.3,0.7,0.6,1.1,2,0,1,2.7,0.3,1.3,0
28,124,3,10,0.3,0.6,0.5,1.1,2.1,0,1,2.8,0.4,1.2,0
28,125,2,3,0,0.6,0,0.3,0.6,0,0.3,0.9,0.2,0.1,0
28,126,2,7,0,1.2,0,0.7,1.4,0,0.7,2.3,0.5,0.2,0
28,127,2,3,0.2,0,0.1,0.3,0.8,0,0.4,0.8,0.1,0.3,0
29,0,1,1,0,0,0,0.1,0.2,0,0.2,0.3,0,0.2,0
29,1,1,6,0.2,0,0,0.7,1.1,0,1.3,1.6,0.2,0.9,0
29,9,1,12,0,0,0,0,1.7,0,0.8,7.9,0.4,1.2,0
29,10,3,17,1.1,1.6,1.1,1.4,4.8,0.8,1.7,3.1,1.2,0.2,0
29,11,1,1,0.1,0.1,0.1,0.1,0.3,0,0.1,0.1,0.1,0,0
29,12,1,1,0,0,0.1,0.2,0.1,0,0.3,0.2,0,0.1,0
29,15,1,10,0,0,1,2,1.3,0,3.3,2,0,0.4,0
29,16,1,1,0,0.1,0,0.2,0.1,0,0.3,0.2,0.1,0,0
29,19,1,11,0,1.9,0,0.6,1.9,0,1.9,4.1,0.3,0.3,0
29,20,3,24,0,4.2,0,1.2,4.2,0,4.2,9,0.6,0.6,0
29,26,1,3,0,0.1,0,0.2,0.4,0,0.9,1.1,0,0.3,0
29,27,1,4,0,0.3,0.1,0.7,1.1,0.2,0.6,0.5,0.3,0.2,0
29,30,1,5,0,0.5,0.1,0.4,1,0,1.1,0.8,0.3,0.8,0
29,31,2,6,0,0.6,0.1,0.5,1.2,0,1.5,0.9,0.3,0.9,0
29,32,1,7,0.1,1.3,0.5,0.7,2,0.1,1,0.7,0.6,0,0
29,35,1,1,0,0.1,0,0.1,0.3,0,0.3,0.1,0,0.1,0
29,36,2,52,0,4,1,5.2,12.4,0,10.6,13.8,1.8,3.2,0
29,39,1,3,0.1,0.3,0.1,0.4,0.8,0,0.8,0.5,0,0,0
29,41,1,6,0.1,0.7,0.2,0.7,1.6,0,1.6,1,0.1,0,0
29,42,1,3,0.1,0.3,0.1,0.4,0.5,0.1,0.6,0.8,0.1,0,0
29,45,1,2,0,0.4,0.1,0.1,0.5,0,0.4,0.3,0.1,0.1,0
29,46,3,12,0.3,1.7,0.3,1.6,2.6,0.4,2.3,1.1,1,0.7,0
29,51,1,9,0.3,0.9,1,0.7,2,0,0.7,2.1,0.7,0.6,0
29,52,2,3,0.1,0.3,0.3,0.3,0.6,0,0.3,0.6,0.3,0.2,0
29,53,1,5,0.2,0.5,0.6,0.4,1.1,0,0.4,1.1,0.4,0.3,0
29,54,1,17,0,2.3,3.3,0.5,5.2,0,1.9,1.9,0.5,1.4,0
29,55,2,80.5,3.3,10.4,4.8,10.3,21.1,1.3,13.7,6.8,5.6,3.2,0
29,56,3,64.5,1.2,9.1,4.2,14.1,14.8,3.8,8,3.2,3.6,2.5,0
29,57,1,1,0,0.1,0,0.1,0.3,0.1,0.1,0.1,0.1,0.1,0
29,59,2,4,0.3,0.5,0.4,0.9,0.8,0,0.4,0.3,0,0.4,0
29,60,1,4,0.3,0.5,0.4,0.9,0.8,0,0.4,0.3,0,0.4,0
29,64,3,14,1.1,0.4,0.8,2.7,1.7,0.9,1.1,3.4,0.6,1.3,0
29,66,1,8,0.2,0.7,0.7,2,2.2,0,1.1,0.9,0.2,0,0
29,68,2,4,0.1,0.3,0.3,0.9,0.8,0,0.5,0.7,0.1,0.3,0
29,72,1,4,0.1,0.4,0.5,0.3,0.8,0,0.9,0.5,0.2,0.3,0
29,73,1,60,0.4,5.4,2.5,10.4,18.5,0.1,6,6.7,6.9,3.1,0
29,74,5,119,6.3,10.7,8.9,22.7,23.1,2,15.7,15.1,9,5.5,0
29,76,1,2,0,0.2,0.2,0.4,0.4,0,0.1,0.4,0.2,0.1,0
29,79,1,11,0.8,1.2,1.2,0.8,2.4,0.2,1,2,1.2,0.2,0
29,80,1,2,0.2,0.2,0.2,0.2,0.4,0,0.2,0.4,0.2,0,0
29,86,1,3,0.1,0.1,0,0.6,0.4,0,0.7,0.9,0,0.2,0
29,87,1,3,0.1,0.1,0,0.6,0.4,0,0.7,0.9,0,0.2,0
29,90,1,6,0.2,0.5,0.4,0.4,1.5,0.2,1.3,0.9,0.4,0.2,0
29,91,1,1,0,0.1,0.1,0.1,0.2,0,0.2,0.2,0.1,0,0
29,93,2,6,0,1.1,0.6,0,1.6,0,1.3,1.3,0.1,0,0
29,95,2,3,0,0.6,0.3,0,0.8,0,0.6,0.6,0.1,0,0
29,97,3,99.5,3.4,8.3,9.2,19.8,19.3,4,13.6,11.8,7.2,2.9,0
29,98,3,179.5,7.6,11.5,4,32,39.9,8.4,15.4,34.6,17.3,8.8,0
29,101,1,2,0,0.2,0.1,0,1,0,0.2,0.4,0,0.1,0
29,102,1,4,0.1,0.1,0.3,0.9,0.7,0,0.9,0.5,0.2,0.3,0
29,103,3,11,0.2,0.2,0.7,2.5,2,0,2.5,1.5,0.6,0.8,0
29,105,7,50,1.7,4.5,3,7.2,10.9,1.1,7.2,8,3.3,3.1,0
29,106,4,343.5,8.8,20.5,22.3,61.3,57.7,9.3,46.4,67.6,17.6,32,0
29,107,2,16,0.7,0.7,0,3.2,2.5,1.2,2.5,3.2,1.3,0.7,0
29,109,2,5,0.1,0.5,0.2,0.5,1,0.2,0.5,1.4,0.3,0.3,0
29,110,1,1,0,0.1,0,0.1,0.2,0,0.1,0.3,0.1,0.1,0
29,112,2,9,0.7,0.9,0.3,1.4,0.9,0,2.1,2.4,0.3,0,0
29,113,2,2,0,0.2,0,0.2,0.4,0,0.6,0.4,0,0.2,0
29,114,3,6,0.2,0.5,0.2,0.5,1,0,1.9,1,0.2,0.5,0
29,115,3,21,1.3,2.2,0.5,2.5,2.9,0,5.4,3.8,0.7,1.7,0
29,118,2,4,0.2,0.2,0,0.4,0.8,0,1.2,0.4,0,0.8,0
29,119,3,34,0.6,2.2,2.2,6.4,8.2,0.4,4.9,5.5,2,1.6,0
29,120,3,17,0.5,1.2,1.1,3.2,3.6,0.4,2.3,2.8,1,0.9,0
29,121,2,146,5.6,22.2,13,27.1,35.6,7.9,9,12.1,12,1.5,0
29,122,5,94,5.6,3.7,6,18.8,18.8,1.2,12.2,15.5,6.9,5.3,0
29,123,4,15,0.6,0.9,0.8,2.7,3.1,0.4,2.6,2.1,1.1,0.7,0
29,124,2,2,0,0.2,0.2,0.3,0.5,0,0.2,0.4,0.1,0.1,0
29,125,1,3,0.1,0.2,0.2,0.3,0.6,0,0.3,0.8,0.1,0.4,0
29,126,3,10,0,1.7,0.3,1,2.2,0.1,1.3,2.4,0.5,0.5,0
29,127,2,6,0.5,0,0.2,0.6,1.6,0,0.8,1.6,0.2,0.5,0
22,3,3,15,0,1.1,0.4,0.4,5.1,0.3,2.6,3.2,0.8,1.1,0
22,5,1,2,0,0.1,0.1,0.1,0.7,0.1,0.3,0.4,0.1,0.1,0
22,10,1,2,0.1,0.1,0,0.1,0.3,0.1,0.5,0.7,0,0.1,0
22,13,1,2,0.1,0.1,0,0.1,0.3,0.1,0.5,0.7,0,0.1,0
22,17,1,1,0,0.1,0,0.1,0.2,0,0.3,0.3,0,0,0
22,20,3,13,0,1,0.4,0.6,2.6,0,4.2,4.2,0,0,0
22,21,1,3,0,0.2,0.1,0.1,0.6,0,1,1,0,0,0
22,22,1,4,0.1,0,0.1,0.6,0.6,0.1,1.2,0.9,0.1,0.3,0
22,23,1,1,0,0,0,0.2,0.2,0,0.3,0.2,0,0.1,0
22,24,1,1,0,0,0,0.2,0.2,0,0.3,0.2,0,0.1,0
22,27,1,2,0,0,0.1,0.3,0.3,0,0.6,0.5,0.1,0.1,0
22,33,1,2,0.1,0.1,0.2,0.3,0.3,0,0.3,0.5,0,0.2,0
22,34,1,1,0,0.1,0.1,0.2,0.1,0,0.1,0.3,0,0.1,0
22,35,1,4,0.3,0.6,0,0.4,0.9,0,0.7,0.9,0,0.2,0
22,36,1,1,0.1,0.1,0,0.1,0.2,0,0.2,0.2,0,0.1,0
22,37,1,1,0.1,0.1,0,0.1,0.2,0,0.2,0.2,0,0.1,0
22,38,2,4,0.2,0.3,0,0.3,0.5,0,0.4,1.5,0,0.8,0
22,39,1,2,0,0,0,0.1,0.1,0,0.1,1,0,0.7,0
22,42,1,1,0,0,0,0.2,0.1,0,0.1,0.4,0.1,0.1,0
22,43,2,4,0.1,0,0,0.8,0.3,0,0.3,1.7,0.4,0.4,0
22,44,3,10,0.3,0,0,2.2,0.5,0,0.7,4.3,1,1,0
22,45,1,5,0.1,0,0,1.1,0.3,0,0.3,2.2,0.5,0.5,0
22,46,2,9,0,1.1,0.3,0,3.4,0,0.5,2.9,0.2,0.6,0
22,50,1,2,0,0.3,0.3,0,0.4,0,0.3,0.3,0,0.4,0
22,51,1,2,0,0.3,0.3,0,0.4,0,0.3,0.3,0,0.4,0
22,53,2,11,1.1,1.2,0.6,1.6,2.2,0.2,1.5,1,1.1,0.5,0
22,55,1,6,0.3,0.1,0.3,0.6,0.5,0,1.2,2,0.3,0.7,0
22,56,1,1,0,0,0.1,0.1,0.1,0,0.2,0.3,0.1,0.1,0
22,57,1,3,0.1,0.1,0.2,0.3,0.3,0,0.6,1,0.1,0.3,0
22,58,2,8,0.2,0.2,0.6,1,1.1,0,1.3,2.4,0.3,0.9,0
22,59,1,3,0.1,0.1,0.2,0.4,0.5,0,0.4,0.9,0.1,0.3,0
22,60,1,2,0,0.1,0.1,0.3,0.3,0,0.3,0.6,0.1,0.2,0
22,63,1,4,0.1,0.4,0.4,0.5,0.8,0.3,0.3,0.7,0.4,0.1,0
22,65,1,5,0,0.2,0.5,0.4,1.1,0,1.1,1,0,0.7,0
22,66,1,2,0,0.1,0.2,0.2,0.4,0,0.4,0.4,0,0.3,0
22,67,1,4,0,0.2,0.4,0.3,0.8,0,0.9,0.8,0,0.6,0
22,68,2,10,0,0.5,0.9,0.9,2.2,0,2.1,2,0.1,1.3,0
22,69,1,7,0.2,0.4,0.2,1.1,1.7,0,1.5,1.3,0.4,0.2,0
22,70,1,3,0.1,0.2,0.1,0.5,0.7,0,0.6,0.6,0.1,0.1,0
22,72,2,259.5,7.6,39.4,20.1,40.1,59.5,8,21.6,36.6,19.7,6.9,0
22,73,1,4,0.1,0.3,0.4,0.5,0.4,0,0.9,1,0.1,0.3,0
22,76,2,6,0.2,0.6,0.6,0.9,1.5,0,1.2,0.8,0.1,0.1,0
22,77,6,153,5.7,17,13,26.1,38.5,2,21.8,18.2,4.7,6,0
22,82,2,5,0.2,0.4,0.1,0.9,0.8,0.3,1,0.6,0.3,0.4,0
22,83,7,71,2,5.2,4.7,9.6,11.7,1.1,15,12.8,5.5,3.4,0
22,84,3,275.5,14.5,21.6,16.9,54.8,52.6,4,25.4,44.2,15.9,25.6,0
22,85,3,10,0.1,0.8,0.6,1,1.7,0,3.3,2.1,0.3,0.1,0
22,86,1,4,0,0.3,0.2,0.3,0.7,0,1.6,0.9,0,0,0
22,87,1,1,0,0.1,0,0.1,0.2,0,0.4,0.2,0,0,0
22,88,2,11,0,1,0.4,1,1.9,0,4.3,2.4,0,0,0
22,94,1,1,0,0,0.1,0,0.1,0,0.1,0.5,0,0.2,0
22,96,1,6,0,0.2,1.3,0.2,1.3,0,1.1,1.7,0.2,0,0
22,98,1,4,0,0.1,0.9,0.2,0.9,0,0.7,1.1,0.1,0,0
22,99,1,4,0,0.1,0.9,0.2,0.9,0,0.7,1.1,0.1,0,0
22,102,4,59.5,1.4,4,6.5,7.9,16.5,0,10.9,7.9,1.8,2.6,0
22,103,3,60,0.6,4.6,6.5,5.1,14.4,0,8.4,14.3,2.7,3.4,0
22,104,6,111.5,2.4,5.5,6.5,8.5,20.1,0.6,15.8,32.5,5.1,14.5,0
22,105,5,74,0.4,8.8,5.2,4.1,14.2,0.4,16.4,18.1,2.4,4,0
22,106,4,81,1.3,8.4,6.6,8.5,13.4,0.6,16.6,19.2,1.4,5,0
22,107,3,256.5,4,11.5,21.8,11.6,35.2,1.5,47.7,71.6,4,47.6,0
22,108,3,135,1.4,3.5,11.3,6.6,27.2,0.2,24.2,31,1.1,28.5,0
22,109,2,7,0.1,0.7,1,1.1,1.4,0.1,0.6,1,0.4,0.6,0
22,110,1,57,4,7.5,0,10,9.5,0.5,6,10,6,3.5,0
22,112,4,33,0.7,3.4,2.4,4.6,5.2,0.7,3.7,8.8,1.3,2.2,0
22,113,6,137.5,2.5,11.7,13.4,15.5,26.7,2.1,20.2,31.3,7.5,6.6,0
22,114,3,10,0.2,1,0.7,1.1,1.3,0,1.5,4,0.2,0,0
22,115,4,17,0.4,1.7,0.9,2.1,2.5,0,3,5.6,0.7,0.1,0
22,116,5,14,0,1.5,0.4,2.1,2.4,0.2,4.2,1.6,1.2,0.4,0
22,117,2,16,1.6,1.6,1.3,2.5,3.8,0,0.9,1.7,0.9,1.7,0
22,118,5,152,6.1,18.1,11.4,23.5,40.5,2.7,14.7,23.9,6.5,4.6,0
22,119,3,81,0.8,10.2,4.4,13.1,14.1,1.9,21,8.3,4.3,2.9,0
22,120,3,118,5.8,13.7,9,22,29,1.3,12.9,14.6,2.9,6.8,0
22,121,7,65.5,3.1,9.6,4.4,8.8,16.9,1.5,5.1,8.2,3.5,4.4,0
22,122,5,16,0.7,1.3,1.1,2.8,3.7,0,1.4,3.5,0.7,0.8,0
22,123,5,25,1.2,2,1.7,4.3,5.8,0,2.1,5.5,1.2,1.2,0
22,124,3,14,1.1,0.9,0.3,2.4,2.8,0.6,2.1,2.4,1.1,0.3,0
22,125,1,11,0.6,1.3,0.2,2.1,2.5,0.4,0.8,1,1.1,1,0
22,126,2,31,1.7,3.7,0.6,5.8,6.8,1.2,2.3,2.9,3.1,2.9,0
22,127,5,162,7,13.9,8.8,29.9,25.7,1.5,13.3,30.7,9.1,22.1,0
49,3,1,9,0.2,1,0,1.9,1.9,0.2,1.9,1,0.7,0.2,0
49,4,1,4,0.1,0.4,0,0.8,0.9,0.1,0.9,0.4,0.3,0.1,0
49,5,2,4,0.1,0.4,0,0.8,0.8,0.1,0.8,0.4,0.4,0.2,0
49,14,1,2,0.2,0.2,0,0.5,0.4,0.1,0.2,0.2,0,0.2,0
49,16,1,1.5,0,0.2,0.1,0.2,0.3,0,0.2,0.3,0.1,0.1,0
49,21,1,5,0.1,0.7,0.4,0.6,0.9,0.1,0.8,0.9,0.2,0.3,0
49,25,1,3.5,0.3,0.3,0,0.5,0.8,0.1,0.3,1.1,0.1,0,0
49,31,1,2,0.1,0.1,0.1,0.3,0.4,0.1,0.4,0.4,0.1,0,0
49,35,1,6,0.3,0.3,0.4,0.8,1.1,0.3,1.1,1.1,0.4,0.2,0
49,40,2,3,0,0,0,0.6,0.6,0,0.3,0.8,0.4,0.3,0
49,42,1,13.5,0,1.1,0.8,1.1,6.1,0.5,2.2,1.1,0.6,0,0
49,43,1,2,0,0.1,0.1,0.2,0.9,0.1,0.3,0.2,0.1,0,0
49,47,1,1,0,0.1,0.1,0.1,0.2,0,0.2,0.2,0,0.1,0
49,52,1,4,0.1,0.3,0.3,0.7,0.6,0,0.7,1,0.2,0.1,0
49,53,5,152.5,7.9,12.1,7.4,30.6,23.6,2,32.7,28.6,4.8,2.8,0
49,54,1,182.5,10,26.2,13.5,43.1,39.3,8,10.2,11.1,20,1.1,0
49,58,3,19,0,1.7,1.3,3.5,4.2,0.4,3.8,1.7,1.5,0.9,0
49,59,1,3,0.1,0.1,0.3,0.3,0.8,0.3,0.4,0.4,0.3,0,0
49,60,1,23,0.5,1,2,2.5,6.5,2,3,3,2.5,0,0
49,61,2,19.5,0.2,0.8,1.6,2.6,2.6,0.2,4.2,5.3,0.8,1.2,0
49,62,1,5,0,0.6,0.1,0.2,1.5,0,1.2,0.6,0.4,0.4,0
49,64,1,5,0,0.6,0.1,0.2,1.5,0,1.2,0.6,0.4,0.4,0
49,65,1,3,0.1,0.2,0,0.5,0.7,0,0.9,0.4,0.2,0,0
49,66,1,4,0.1,0.3,0,0.7,1,0,1.2,0.5,0.2,0,0
49,67,1,3,0.1,0.2,0,0.5,0.7,0,0.9,0.4,0.2,0,0
49,68,2,4,0.1,0.2,0.4,0.4,1.3,0,0.7,0.5,0.2,0.2,0
49,69,3,8,0.3,0.4,1.4,0.6,2.7,0,0.8,1.1,0.2,0.5,0
49,70,1,1.5,0,0,0.3,0.1,0.6,0,0.1,0.2,0.1,0.1,0
49,72,2,29.5,1,2.2,1.1,2.7,7.1,0,5.4,7.4,1.5,1.1,0
49,77,1,8,0.9,0.6,0.2,0.9,1.7,0.1,1,1.2,0.2,1.2,0
49,78,1,2,0.2,0.2,0.1,0.2,0.4,0,0.2,0.3,0.1,0.3,0
49,80,2,10.5,1.3,0.8,0.3,1.3,2.1,0.1,1.3,1.5,0.3,1.5,0
49,84,3,85.5,1.6,6.4,4.4,10,18.2,0.3,10.6,21.4,7.5,5.1,0
49,85,4,20,0.5,1.4,0.6,1.9,5,0.2,3.4,3.6,2.1,1.3,0
49,90,5,19,0.3,1.5,1.4,3.2,4.2,0.6,2.5,2.7,1,1.6,0
49,91,4,10,0.3,0.8,0.8,1.9,1.3,0.7,1.3,1.9,0.7,0.3,0
49,93,4,8,0.2,0.2,0.4,0.7,1.3,0.1,1.8,2.4,0.2,0.7,0
49,94,2,6,0.2,0,0.3,0.5,0.6,0,1.3,2.2,0.2,0.7,0
49,111,1,2,0.2,0.1,0.1,0.5,0.3,0,0.4,0.3,0,0.1,0
49,112,1,171,10.2,7.7,11,31.7,29.9,4.2,23.7,31.1,5.3,16.2,0
49,113,6,102,8.8,6.8,5.6,17.7,16.7,1,24.6,14.2,3.1,3.5,0
49,114,6,90,3.1,9.1,8.5,14.9,16.8,0.9,16.8,8.7,8.5,2.7,0
49,115,2,6,0.2,0.7,0.1,1.1,1.2,0.1,1,0.5,0.4,0.7,0
49,116,2,6,0.1,0.8,0.1,1.2,1.5,0.1,0.7,0.5,0.3,0.7,0
49,118,1,210,2.5,22.1,18.4,31,59,6.4,35.7,17.8,12.1,5,0
49,119,3,153.5,5.3,13,16.7,27.5,34,1.1,21.3,17.1,11.2,6.3,0
49,120,3,17,0.3,2.1,1.1,3.2,3.7,0.5,2.2,1.8,1.8,0.3,0
49,122,4,67.5,2.8,4.1,4.8,15.4,13.1,1.9,6.8,11.4,2.4,4.8,0
49,123,4,33.5,1.1,1.6,3.3,5.5,5.8,0.5,7.7,5,1,2,0
49,125,1,1,0,0.1,0,0.1,0.2,0,0.1,0.4,0,0.1,0
49,126,1,5,0.1,0.3,0.3,0.7,0.9,0.1,1.4,0.8,0.3,0.1,0
49,127,3,27,0.7,2.2,2.4,2.7,5.2,0.7,3,5.7,1,3.4,0
34,0,2,4,0,0.4,0,0.6,0.7,0.3,0.7,1,0.2,0.1,0
34,3,1,2,0.1,0.1,0.1,0.3,0.5,0.1,0.2,0.3,0.1,0.2,0
34,8,1,3,0,0.3,0,0.3,0.5,0.1,0.3,1,0.2,0.3,0
34,10,1,4,0,0,0.2,0.6,0.2,0,1.6,1.1,0.1,0.2,0
34,16,1,2,0,0.2,0,0.2,0.5,0,0,0.8,0.2,0.1,0
34,18,1,13.5,0.8,1.9,0.4,1.2,3.1,0,0.8,3.5,1,0.8,0
34,25,3,37,0.1,4.5,1.2,4.7,8.4,0,4,9.1,1.2,3.8,0
34,28,1,26.5,0,1.4,3.3,3.5,2.2,0.1,7.5,7.9,0.3,0.3,0
34,29,3,90.5,1.3,8.9,6.6,8.7,18.9,0.3,17.3,16,4.9,7.6,0
34,31,1,4,0,0.6,0.2,0.1,1.2,0,0.5,0.9,0,0.5,0
34,34,2,136,2.6,8,13.3,16.2,36.9,1.5,26.9,17.3,5.8,7.5,0
34,35,4,12,0.1,1.1,0.7,1,2.3,0.3,2.3,3.2,0.5,0.5,0
34,37,1,3,0.1,0,0.1,0.5,0.6,0,0.9,0.7,0.1,0,0
34,38,1,2,0,0.2,0.2,0,0.4,0,0.4,0.6,0,0.2,0
34,40,1,2,0.1,0,0.1,0.3,0.4,0,0.6,0.4,0.1,0,0
34,42,4,14,0.2,1.8,0.7,1.3,3.5,0,2.9,2.2,0.9,0.5,0
34,43,1,11,0.7,0.4,0.9,1.7,2.2,0.2,1.7,2,0.9,0.3,0
34,44,4,14.5,0.6,1,1.1,1.8,3.3,0.1,2.5,2.4,1.3,0.4,0
34,54,2,5,0,0.6,0.2,0.3,1.4,0.1,0.5,1.5,0.2,0.2,0
34,55,1,3,0,0.4,0.1,0.2,0.8,0.1,0.3,0.9,0.1,0.1,0
34,57,4,137.5,5.5,9.3,11.6,16.9,26.9,1.6,17.4,35.1,9.1,4.1,0
34,58,2,717.5,28.7,61.2,43.4,113.5,134.9,15.4,92.3,130.4,42.1,52.6,3
34,59,1,2,0.1,0.2,0.2,0.4,0.3,0,0.3,0.2,0.1,0.2,0
34,61,1,2,0,0.4,0.1,0.2,0.4,0,0.2,0.4,0.1,0.2,0
34,63,1,7,0.2,0.7,0.9,1.2,1.8,0.1,0.6,0.7,0.6,0.2,0
34,64,1,5,0.2,0.5,0.6,0.8,1.3,0.1,0.4,0.5,0.4,0.2,0
34,65,1,6,0.5,1,0.3,0.8,1,0,0.3,2.1,0,0,0
34,66,3,4,0.1,0.2,0.2,0.1,0.5,0,0.9,1.6,0.1,0.3,0
34,68,1,4,0.3,0,0.3,0.9,0.8,0.1,0.5,0.8,0.1,0.2,0
34,69,3,9,0.5,0.1,0.8,1.7,1.8,0.2,1.6,1.7,0.3,0.3,0
34,70,1,8,0.8,1.1,0.3,1.3,2.1,0,0.5,0,1.3,0.6,0
34,71,1,5,0.5,0.7,0.2,0.8,1.3,0,0.3,0,0.8,0.4,0
34,72,1,2,0.2,0,0.2,0.4,0.4,0,0.3,0.4,0,0.1,0
34,74,1,1,0,0.1,0.1,0.1,0.2,0,0.2,0.2,0,0.1,0
34,75,2,5,0.1,0.1,0.3,0.7,1,0,1,1.4,0,0.4,0
34,78,7,266.5,9.7,18.3,16.1,53.3,41.1,9,50.3,40.2,11.5,17,0
34,79,4,9,0.7,1.1,0.4,0.9,1.1,0.2,1.6,1.8,0.5,0.7,0
34,80,2,14,0.8,1.2,0.5,1.6,1.6,0.4,2.4,2.6,1.2,1.7,0
34,81,4,12,0.5,0.7,0.6,1.7,1.7,0.5,2,1,1.2,2.1,0
34,82,5,74,4.4,8.9,7.8,9.6,15.8,1,9.7,10.2,4.4,2.2,0
34,87,3,4,0,0.4,0.3,0.4,1.1,0,0.8,0.5,0.4,0.1,0
34,88,2,9,0.1,0.6,0.6,1,2,0.3,2.4,1,0.8,0.2,0
34,107,4,7,0.3,0.2,0.5,1.2,1.4,0.2,1.3,1.3,0.6,0,0
34,108,2,16.5,0.6,0.7,1.1,2.4,3.2,0.5,3.2,4,0.8,0,0
34,109,1,3,0,0,0.3,0.1,0.5,0,0.5,1.5,0.1,0,0
34,110,1,1,0,0.1,0.1,0.2,0.2,0,0.2,0.2,0,0,0
34,111,4,11,0,0,1.2,0.5,1.7,0,1.7,5.5,0.4,0,0
34,112,1,2,0,0.3,0,0.2,0.4,0,0.4,0.6,0.1,0,0
34,114,2,22,0.7,1.4,1.4,2.1,5.4,0,4,2.8,2.1,2.1,0
34,116,1,4,0.1,0.7,0.2,0.4,0.7,0.1,0.3,1.1,0.4,0,0
34,117,1,4,0.1,0.7,0.2,0.4,0.7,0.1,0.3,1.1,0.4,0,0
34,118,3,20,0.5,3.1,1.8,2.4,4.9,0.3,1.6,3.6,1.7,0.1,0
34,119,4,59,8.6,3.7,4.6,11.1,13.1,2.3,9.5,0.9,2.3,2.9,0
34,120,3,12,1.1,0.9,0.7,2,2.8,0.2,1.6,1.4,0.7,0.6,0
34,121,3,14,1.2,1.8,0.4,2,3.1,0.2,2.1,1.8,1,0.4,0
34,122,3,70,2.7,5.6,5.7,19.6,12.5,3,5.9,5.9,8.7,0.4,0
34,124,2,89,6.5,6.4,6.8,15.3,19.7,2.9,12.1,9.1,2.6,7.6,0
34,125,1,2,0.2,0.2,0,0.3,0.3,0.1,0.2,0.5,0.1,0.1,0
34,126,1,3,0.3,0.3,0,0.4,0.4,0.2,0.3,0.7,0.2,0.2,0
34,127,1,1,0.1,0.1,0,0.1,0.1,0.1,0.1,0.2,0.1,0.1,0
32,1,1,1,0,0.1,0,0.1,0.2,0,0.1,0.4,0.1,0,0
32,2,3,60.5,0.4,4.4,3.5,5.3,9.1,0,9.8,22.8,1.4,3.8,0
32,3,2,4,0,0.2,0.2,0.2,0.6,0,1.2,1.2,0,0.4,0
32,13,1,4,0,0,0.2,0.6,0.2,0,1.6,1.1,0.1,0.2,0
32,15,2,3,0.1,0.3,0.1,0.4,0.5,0,0.5,0.8,0.1,0.2,0
32,17,1,3,0.2,0.4,0.1,0.2,0.7,0,0.2,0.8,0.2,0.2,0
32,19,1,1,0,0,0,0.1,0.3,0,0.1,0.2,0.2,0.1,0
32,24,1,10.5,0.5,0.4,0.5,1.7,2,0.3,2,1.7,0.3,1.1,0
32,26,1,8,0,1.2,0.4,0.6,2.9,0.2,0.6,1.3,0.4,0.4,0
32,30,1,4,0,0.6,0.2,0.1,1.2,0,0.5,0.9,0,0.5,0
32,31,2,5,0,0.8,0.2,0.1,1.5,0,0.5,1.2,0,0.7,0
32,33,1,5,0.3,0,0,1.2,0.7,0.3,1.1,0.7,0.4,0.3,0
32,34,4,29.5,1.6,0,0,7.2,4.1,1.9,6.4,4.1,2.5,1.7,0
32,38,1,2,0.1,0,0.1,0.3,0.4,0,0.6,0.4,0.1,0,0
32,39,2,10,0.2,0,0.4,1.6,2.2,0,3.2,2.2,0.2,0,0
32,44,2,11,0.1,0.6,0.7,1.2,2.5,0,2.7,2.2,0.6,0.4,0
32,45,4,64.5,0.2,4.5,3.6,9.6,15.4,0.8,8.6,13.9,4.8,3.1,0
32,47,1,4,0,0.1,0.2,0.3,0.4,0.1,0.8,1.6,0.3,0.2,0
32,48,6,135.5,2,6.5,9.9,15.1,25.1,3.8,18.8,33.8,8.6,11.9,0
32,49,2,20,0,1.5,1.6,2.1,2.1,0,2.7,6.9,1.5,1.6,0
32,50,1,3,0,0.2,0.3,0.3,0.3,0,0.4,1,0.2,0.3,0
32,51,1,8,0.4,0.6,0.2,1,1.8,0.8,0.2,1.6,1.2,0.2,0
32,53,3,8,0,0.9,0.3,0.5,2.3,0.2,0.8,2.3,0.3,0.4,0
32,57,5,64,4,7.1,5,20.1,9.4,3,4.7,4.1,4.6,2,0
32,58,2,9,0.2,0.7,0.2,1.6,1.1,0.4,1.7,1.3,0.9,0.9,0
32,60,2,3,0.1,0.2,0.1,0.5,0.3,0.2,0.6,0.4,0.3,0.3,0
32,62,1,2,0.1,0.2,0.2,0.3,0.5,0,0.2,0.2,0.2,0.1,0
32,64,3,49,1.6,5.1,6.1,8.2,12.8,0.4,4.1,5.1,4,1.6,0
32,65,2,15,0.3,1.5,1.2,2.5,2.5,0,2.2,2.9,0.7,1.2,0
32,66,2,316.5,10.7,41.1,22.3,37.5,71.5,2,32.8,60.1,14.7,23.8,0
32,67,5,215.5,7.7,11.5,14.2,35.4,36.8,4.9,29.1,41.9,14,20,0
32,68,1,3,0.2,0.1,0.1,0.6,0.2,0.1,0.4,0.8,0.3,0.2,0
32,69,2,4,0,0.2,0.4,0.4,0.8,0,1.4,0.6,0.2,0,0
32,72,2,3,0.3,0,0.3,0.6,0.6,0,0.4,0.6,0,0.2,0
32,75,1,2,0.1,0,0.1,0.3,0.4,0,0.4,0.5,0,0.2,0
32,77,1,4,0.1,0.1,0.2,0.6,0.8,0,0.9,1,0,0.3,0
32,79,1,1,0.1,0.1,0.1,0.1,0.2,0,0.2,0.1,0.1,0,0
32,81,1,2,0.1,0.1,0.1,0.3,0.3,0.1,0.3,0.1,0.2,0.4,0
32,82,1,1,0,0,0.1,0.2,0.1,0,0.3,0.2,0,0.1,0
32,83,3,7,0.3,0,0.4,1.5,0.6,0,2.1,1.2,0.3,0.6,0
32,85,2,5,0,0.3,0.6,0.4,1.3,0,1,0.8,0.1,0.5,0
32,86,2,10,0,0.8,1.4,0.5,3,0,1.6,1.4,0.2,1.1,0
32,87,5,23.5,1.5,1,1.3,3.8,6.4,0,3.2,4.3,0.5,1.5,0
32,88,4,24,1.4,1.1,1.3,3.7,6.2,0.1,3.8,4.1,0.9,1.4,0
32,89,1,2,0.1,0.1,0.1,0.2,0.4,0.1,0.6,0.1,0.2,0.1,0
32,90,1,2,0.1,0.1,0.1,0.2,0.4,0.1,0.6,0.1,0.2,0.1,0
32,92,1,2,0.1,0.1,0.1,0.2,0.4,0.1,0.6,0.1,0.2,0.1,0
32,99,2,6,0.2,0.4,0,1,0.6,0.4,1,2,0.2,0.2,0
32,104,1,3,0.1,0.1,0.3,0.8,0.6,0,0.4,0.2,0.4,0.1,0
32,106,1,1,0,0,0.1,0.1,0.2,0,0.3,0.2,0,0.1,0
32,107,2,3,0,0,0.2,0.3,0.7,0.1,0.8,0.7,0,0.2,0
32,108,2,3,0,0,0.3,0.2,0.5,0,0.6,1.2,0.1,0.1,0
32,110,1,1,0,0,0.1,0,0.2,0,0.2,0.5,0,0,0
32,111,1,2,0,0,0.2,0.1,0.3,0,0.3,1,0.1,0,0
32,112,1,1,0.1,0.1,0.1,0.3,0.2,0,0.1,0,0.1,0,0
32,114,2,16,1,1.4,1,5,3,0,2.3,0,1.7,0.6,0
32,115,2,24.5,0.6,2,2.2,4.6,6.2,0.6,3.4,2.2,1.5,1.2,0
32,116,2,18.5,0.4,1.5,1.8,3.4,4.7,0.4,2.6,1.8,1.1,0.8,0
32,117,3,7,0,0.6,0.6,0.8,1.4,0.1,1.3,1.6,0.6,0,0
32,118,3,11,0.3,0.4,0.8,1.5,1.7,0.2,2.1,3.4,0.6,0,0
32,119,3,6,0.3,0.3,0.3,0.9,0.9,0,1.2,1.8,0.3,0,0
32,120,3,4.5,0.1,0.2,0.3,0.7,0.7,0,0.9,1.4,0.2,0,0
32,122,1,1,0,0.1,0.1,0.2,0.1,0.1,0.1,0.2,0.1,0,0
32,123,2,11,0,1.4,0.7,0.5,1.3,0.1,3.7,2.6,0.1,0.6,0
32,124,3,19.5,0,2.6,1.1,0.6,2.3,0,7,4.7,0,1.2,0
32,125,4,25,0.8,2.6,3.2,2.8,6.3,0.1,3.9,2.9,2,0.4,0
32,127,1,2,0.2,0.2,0,0.3,0.3,0.1,0.2,0.5,0.1,0.1,0
