x,y,imputed,ind,men,men_1ind,men_5ind,men_coll,men_fmp,men_mais,men_pauv,men_prop,men_surf
1,2,1,1,0.6,0.3,0,0,0.1,0.6,0.2,0.6,61.6
1,3,1,6,2.2,0.4,0.1,0.1,0.4,2.1,0.5,1.7,221.5
1,4,1,2,0.7,0.1,0,0,0.1,0.7,0.2,0.6,73.8
1,5,1,5,1.8,0.3,0.1,0.1,0.3,1.7,0.4,1.4,184.6
1,6,1,1,0.4,0.1,0,0,0.1,0.4,0.1,0.3,36.9
1,7,1,2,0.7,0.1,0,0,0.1,0.7,0.2,0.6,73.8
1,8,3,10,5.1,2,0.4,0,1.6,5.1,1.1,2.9,480.4
1,9,1,8,4.2,1.6,0.3,0,1.3,4.2,1,2.2,384.3
1,10,1,2,1,0.4,0.1,0,0.3,1,0.2,0.6,96.1
1,19,1,7,3.1,1.2,0.1,0.5,0.4,2.6,0.7,2.2,335.9
1,20,1,3,1.3,0.5,0.1,0.2,0.2,1.1,0.3,0.9,143.9
1,25,2,9,3.7,0.4,0.3,0.3,0.4,3.4,0.3,3.6,425.7
1,26,1,2,0.8,0.1,0.1,0,0.1,0.8,0.1,0.8,94.6
1,34,1,4,1.4,0.2,0.1,0,0.3,1.4,0.3,1.4,143
1,35,1,2,0.7,0.1,0.1,0,0.2,0.7,0.2,0.7,71.5
1,63,1,2,1.1,0.6,0,0.4,0.1,0.7,0.2,0.9,113.8
1,68,2,7.5,4.2,1.2,0,0,0,4.2,0.8,4.2,421.2
1,85,1,3,1.6,0.7,0,0,0,1.6,0.3,1.3,137
1,90,2,7,4.1,2.4,0,1.1,0.6,3,1.4,2.4,369.4
1,103,1,14,7.8,3.6,0,1.6,1.2,6.2,2,5,787
1,104,2,7,3.9,1.8,0,0.8,0.6,3.1,1,2.5,393.5
2,2,1,4,2,0.5,0,0.1,0.5,1.9,0.1,1.8,257.4
2,5,1,4,1.6,0.5,0.1,0.1,0.2,1.5,0.3,1.4,184.6
2,7,2,14.5,5.9,1.9,0.4,0.4,0.6,5.5,1,5.1,669.2
2,8,2,89,39.6,16.1,1.9,7.5,4.3,32.1,4.8,27.7,4314.3
2,9,1,86,43.8,23,2.2,3.1,3.3,40.7,7.4,29.6,3879.5
2,14,1,2,0.9,0.2,0,0.2,0,0.7,0.1,0.7,95.6
2,15,1,3,1.3,0.2,0,0.2,0.1,1.1,0.1,1,143.3
2,16,1,27,11.2,3.3,0.6,0.8,0.8,10.4,1.9,9.6,1253
2,17,3,30,12.4,3.6,0.6,0.8,0.9,11.6,2.1,10.7,1392.2
2,20,1,4,1.5,0.3,0.1,0.1,0,1.4,0.1,1.3,178.4
2,21,3,38,15.1,1.1,0,0,1.1,15.1,3.9,14,1723.1
2,25,1,3,1.1,0.3,0.1,0.1,0.2,1,0.1,1.1,107.9
2,26,1,12,4.6,1.1,0.6,0.3,0.9,4.3,0.3,4.3,431.7
2,35,1,2,0.9,0.3,0,0.1,0,0.8,0.1,0.7,91.9
2,37,1,3,1.3,0.4,0,0.1,0,1.2,0.2,1,137.9
2,38,1,4,1.6,0.3,0.1,0.1,0.3,1.5,0.3,1.3,182.6
2,55,2,13,7.8,3.4,0,1.8,0,6,1.8,7,827.3
2,84,1,4,1.8,0.7,0.1,0,0.2,1.8,0.6,1.4,157.6
2,103,2,2.5,1.5,0.7,0,0.1,0.2,1.4,0.7,1.3,136.8
3,8,1,84,35.6,10,1.4,3.2,4.7,32.4,2.9,34.2,3863
3,9,2,16,6.1,1.6,0.3,0.1,0.6,6,0.7,5.7,741.6
3,15,4,39,16.3,4.2,0.6,1.6,1.1,14.7,2.5,13.5,1823.5
3,16,1,97.5,39.6,7.8,1.5,6.7,2.7,32.9,3.6,31.1,4166.4
3,17,2,6,2.5,0.7,0.1,0.1,0.2,2.4,0.4,2.1,278.4
3,25,1,3,1.1,0.3,0.1,0.1,0.2,1,0.1,1.1,107.9
3,36,1,3,1.3,0.4,0,0.1,0,1.2,0.2,1,137.9
3,37,1,2,0.9,0.3,0,0.1,0,0.8,0.1,0.7,91.9
3,55,1,2,1.2,0.5,0,0.3,0,0.9,0.3,1.1,127.3
3,62,1,2,0.9,0.3,0,0,0,0.9,0.3,0.6,84.2
3,63,1,1,0.5,0.1,0,0,0,0.5,0.2,0.3,42.1
3,70,2,4,2.5,1.6,0,0.3,0.1,2.2,1.2,2,230.5
3,71,1,7,4.5,2.9,0,0.5,0.3,4,2.2,3.6,403.5
3,99,1,2,1.3,0.6,0,0.1,0.1,1.2,0.6,1,109.5
0,7,2,6,2.2,0.4,0.2,0.2,0.4,2,0.4,1.8,221.6
0,9,2,3,1.5,0.6,0.1,0,0.5,1.5,0.3,0.9,144.1
0,10,1,2,1,0.4,0.1,0,0.3,1,0.2,0.6,96.1
0,15,1,4,1.9,0.8,0.1,0.2,0.1,1.7,0.4,1.6,208.6
0,19,1,1,0.4,0.2,0,0.1,0.1,0.3,0.1,0.3,48
0,26,1,6,2.5,0.3,0.2,0.2,0.3,2.3,0.2,2.4,283.8
0,28,1,17,7.4,2.3,0.5,0.9,0.9,6.5,0.9,4.1,733.3
0,29,1,13,5.6,1.8,0.4,0.7,0.7,4.9,0.7,3.2,560.8
0,31,4,38,17.7,5.9,1.7,1.6,1.7,16.1,5.1,13.5,1887.3
0,32,1,2,0.9,0.3,0.1,0.1,0.1,0.8,0.3,0.7,99.3
0,34,2,12,4.3,0.6,0.3,0,0.9,4.3,0.9,4.3,428.9
0,35,1,3,1.1,0.2,0.1,0,0.2,1.1,0.2,1.1,107.2
0,52,1,12,6.5,3.5,0,0,0,6.5,0.5,6,604.5
0,84,2,11,5.8,2.7,0,0,0,5.8,1.1,4.7,502.4
0,85,1,4,2.1,1,0,0,0,2.1,0.4,1.7,182.7
0,86,1,1,0.5,0.2,0,0,0,0.5,0.1,0.4,45.7
0,102,1,2,1,0.3,0,0,0.2,1,0.2,0.7,100.8
0,103,4,36,20.1,9.3,0,4.1,3.1,16,5.1,12.9,2023.7
0,104,2,4,2.2,1,0,0.4,0.4,1.8,0.6,1.4,224.8
4,15,1,37.5,16.7,3.1,1.2,3.3,2.3,13.4,1.6,9.2,1503.7
4,16,2,71.5,33.6,12.1,1.1,4.6,3.7,29,8.3,23.3,3144.1
4,25,2,17,6.5,1.6,0.8,0.4,1.2,6.1,0.4,6.1,611.6
4,28,1,13,5.7,2,0.6,0.2,0.4,5.5,1.2,3.5,643.5
4,31,2,12,6.7,3.1,0,0.1,0,6.6,1.1,5.4,671.5
4,32,1,2,1.1,0.5,0,0,0,1.1,0.1,0.9,112.1
4,36,1,32,15.4,6.1,0,2,1,13.4,4.1,12.3,1609
4,37,2,16.5,7.3,2.5,0.1,0.7,0.2,6.6,0.9,5.5,758.3
4,43,1,1,0.6,0.4,0,0,0,0.6,0.2,0.5,68.7
4,62,1,7,3.3,0.9,0,0,0,3.3,1.2,2.1,294.7
4,63,2,6,2.8,0.8,0,0,0,2.8,1,1.8,252.6
4,70,1,4,2.6,1.6,0,0.3,0.2,2.3,1.3,2,230.6
4,110,1,3,1.6,0.7,0.1,0,0.1,1.6,0.2,1.4,169.3
5,6,4,32,13,4.4,0.9,0.9,1.3,12.1,2.2,11.3,1476.7
5,15,1,26,11.9,2.2,0,1.2,2,10.7,1.1,11.7,1201.6
5,16,1,4,1.7,0.3,0,0.3,0.1,1.4,0.2,1.3,191.1
5,19,1,2,0.8,0.2,0,0.1,0,0.7,0,0.7,89.2
5,20,3,34,12.8,2.6,0.8,0.9,0,11.9,0.8,11,1516.4
5,27,1,3,1.1,0.3,0.1,0.1,0.2,1,0.1,1.1,107.9
5,28,4,32,14,5,1.5,0.5,0.9,13.5,3.1,8.5,1584
5,29,1,2,0.9,0.3,0.1,0,0.1,0.9,0.2,0.5,99
5,31,1,1,0.6,0.3,0,0.1,0,0.5,0.1,0.5,55.7
5,32,3,21,11.7,5.9,0,0.8,0,10.9,2.5,10.1,1170.1
5,33,1,3,1.3,0.4,0,0.1,0,1.2,0.2,1,137.9
5,36,3,72,37.1,17.7,0.2,8.3,2.5,28.8,7.9,24.7,3592.7
5,37,3,26,11.5,3.8,0.1,1.1,0.5,10.4,1.5,8.6,1194.9
5,86,1,7,3.2,1.2,0.1,0,0.4,3.2,1.1,2.4,275.8
5,100,1,1,0.6,0.3,0,0,0.1,0.6,0.3,0.5,54.7
5,113,1,1,0.5,0.2,0,0,0,0.5,0.1,0.5,56.4
6,6,2,16,6.5,2.2,0.5,0.4,0.7,6.1,1.1,5.7,738.4
6,7,2,7,2.8,1,0.2,0.1,0.3,2.7,0.4,2.5,323
6,11,1,4,1.5,0.4,0.1,0,0.1,1.5,0.2,1.4,185.4
6,12,1,1,0.4,0.1,0,0,0,0.4,0,0.4,46.3
6,27,1,4,1.5,0.4,0.2,0.1,0.3,1.4,0.1,1.4,143.9
6,28,1,1,0.4,0.2,0,0,0,0.4,0.1,0.3,49.5
6,29,2,16,7,2.5,0.8,0.2,0.5,6.8,1.5,4.2,792
6,36,3,29,12.7,4.2,0.3,1.1,0.5,11.6,1.6,9.7,1332.7
6,37,1,3,1.3,0.4,0,0.1,0,1.2,0.2,1,137.9
6,41,1,2,0.8,0.1,0.1,0.1,0.1,0.7,0.1,0.7,91.3
6,42,1,7.5,3,0.5,0.2,0.3,0.5,2.7,0.5,2.5,342.3
6,43,3,26,16.3,9.7,0,0,0.9,16.3,4.8,13.5,1785.3
6,50,1,4,2.4,1.1,0,0.5,0,1.9,0.5,2.1,254.5
6,54,2,4,2.4,1,0,0.6,0,1.8,0.6,2.2,254.6
6,55,1,2,1.2,0.5,0,0.3,0,0.9,0.3,1.1,127.3
6,57,1,5,3,1.3,0,0.7,0,2.3,0.7,2.7,318.2
6,58,2,5,2.8,1,0,0.3,0.3,2.5,0.5,2,212.5
6,59,2,4.5,2.6,0.9,0,0.3,0.3,2.3,0.5,1.8,191.3
6,60,4,18,9.4,3.1,0,0.5,0.5,8.9,2.3,6.5,762
6,67,1,1,0.5,0.1,0,0,0,0.5,0.2,0.3,42.1
6,68,4,26,16.8,10.7,0,2,1.1,14.8,8.2,13.2,1498.8
6,69,2,10,6.5,4.1,0,0.8,0.4,5.7,3.2,5.1,576.5
6,98,1,2,1.3,0.6,0,0.1,0.1,1.2,0.6,1,109.5
6,113,1,1,0.5,0.2,0,0,0,0.5,0.1,0.5,56.4
7,11,1,5,2.2,0.8,0,0.2,0,2,0.3,2.2,210.3
7,12,1,2,0.9,0.3,0,0.1,0,0.8,0.1,0.9,84.1
7,25,1,2,1,0.3,0,0.1,0,0.9,0.1,0.7,98.7
7,27,1,2,1,0.3,0,0.1,0,0.9,0.1,0.7,98.7
7,29,2,10,4.6,1.5,0.4,0,0.4,4.6,0.4,4.6,524.2
7,42,1,5,2,0.3,0.2,0.2,0.3,1.8,0.3,1.6,228.2
7,43,1,1,0.4,0,0,0,0,0.4,0.2,0.3,43.2
7,44,1,16,6.8,0.6,0,0.6,0.6,6.2,3.1,4.9,691.7
7,50,1,4,2.1,0.8,0.1,0.1,0.1,2,0.3,1.7,183.9
7,52,2,28,14.6,5.6,0.4,0.8,0.8,13.8,2,11.8,1287.2
7,53,1,24,14.7,8.3,0,4.4,1,10.3,4.3,11.3,1106.7
7,55,2,13,5.8,2.2,0.2,0.6,0.2,5.2,0.7,5,623.5
7,56,2,115,60.7,26.9,0.2,12.2,9.2,48.5,14.8,45.6,5653.1
7,57,0,165,104,60,2,39,12,65,24,59,10081
7,58,2,27,15,7.1,0.7,0,0,15,2.2,13.5,1629.2
7,59,1,1,0.6,0.3,0,0,0,0.6,0.1,0.5,60.3
7,61,1,4,1.9,0.5,0,0,0,1.9,0.3,1.3,188.9
8,0,1,4.5,2.2,0.5,0,0,0.9,2.2,0.2,1.8,224.3
8,1,1,15,7.4,1.6,0,0,2.9,7.4,0.8,6.2,747.5
8,16,1,5,2.9,1.2,0,0,0.5,2.9,0.9,2.6,332.6
8,17,1,3,1.8,0.7,0,0,0.3,1.8,0.5,1.6,199.6
8,25,3,22,10.7,3.6,0,1.5,0,9.2,1.5,7.9,1085.9
8,26,1,4,1.9,0.6,0,0.2,0,1.7,0.3,1.4,197.4
8,27,1,1,0.5,0.2,0,0.1,0,0.4,0.1,0.4,49.4
8,28,1,6,2.8,0.9,0.2,0,0.2,2.8,0.2,2.8,314.5
8,29,2,9,4.1,1.4,0.4,0,0.4,4.1,0.4,4.1,471.8
8,39,1,4,1.6,0.3,0.1,0.1,0.3,1.5,0.3,1.3,182.6
8,44,1,4,1.7,0.2,0,0.2,0.2,1.5,0.8,1.2,172.9
8,52,2,17,8.8,3.4,0.2,0.4,0.5,8.4,1.2,7.2,781.5
8,53,2,30,17.4,10.6,1,0.9,0,16.5,4.3,17.3,1628.1
8,54,1,4,2.4,1.6,0,0.9,0,1.5,0.2,2.2,221.1
8,55,1,44,17.9,3.7,1.2,0.2,2.2,17.7,1.7,12.9,1913.8
8,56,1,43,21.8,5.1,0.2,0.2,1.2,21.6,1.5,21.2,2180.7
8,57,2,7,2.9,0.8,0.1,0.1,0.1,2.8,0.4,2.5,326.4
8,58,2,10,5.6,2.6,0.3,0,0,5.6,0.8,5,603.4
8,101,1,2,1.3,0.6,0,0.1,0.1,1.2,0.6,1,109.5
8,111,2,6,3.1,1.3,0.2,0,0.2,3.1,0.4,2.9,338.7
8,113,1,1,0.5,0.2,0,0,0,0.5,0.1,0.5,56.4
8,116,1,5,2.6,1.1,0.2,0,0.2,2.6,0.4,2.4,282.2
9,0,3,23,11.4,2.6,0,0.2,3.9,11.2,1,9.7,1262.4
9,1,2,13.5,6.7,1.6,0,0.3,1.8,6.4,0.4,5.9,839.8
9,16,2,21,12.3,5.1,0,0,2.2,12.3,3.6,10.8,1396.8
9,28,1,1,0.5,0.2,0,0,0,0.5,0,0.5,52.4
9,37,2,4,2.2,1,0,0,0,2.2,0.2,1.8,224.2
9,38,1,2,0.8,0.1,0.1,0.1,0.1,0.7,0.1,0.7,91.3
9,50,1,1,0.5,0.2,0,0,0,0.5,0.1,0.4,46
9,51,1,3,1.6,0.6,0,0.1,0.1,1.5,0.2,1.3,137.9
9,52,1,7,3.6,1.4,0.1,0.2,0.2,3.4,0.5,3,321.8
9,57,1,2,1.2,0.8,0,0.4,0,0.8,0.1,1.1,110.6
9,58,1,2,0.9,0.3,0,0,0,0.9,0.1,0.7,94.5
9,101,2,8,5,2.2,0,0.4,0.4,4.6,2.2,4.2,438
9,116,1,6,3.1,1.3,0.2,0,0.2,3.1,0.4,2.9,338.7
9,117,1,4,2.1,0.9,0.1,0,0.1,2.1,0.3,1.9,225.8
9,127,1,1,0.5,0.2,0,0,0,0.5,0.2,0.4,42.7
10,10,2,19,8.2,3,0,0.8,0,7.4,1.3,8.2,799.3
10,11,1,5,2.2,0.8,0,0.2,0,2,0.3,2.2,210.3
10,29,1,3,1.6,0.8,0,0,0.2,1.6,0.2,0.7,124.6
10,37,1,5,2.8,1.3,0,0,0,2.8,0.4,2.2,280.2
10,38,1,4,1.6,0.3,0.1,0.1,0.3,1.5,0.3,1.3,182.6
10,50,3,11,5.7,2.2,0.2,0.2,0.2,5.5,0.9,4.6,505.8
10,58,2,5,2.4,0.6,0,0,0,2.4,0.4,1.6,236.1
10,59,1,3,1.4,0.4,0,0,0,1.4,0.2,1,141.7
10,61,1,2,0.9,0.3,0,0,0,0.9,0.1,0.7,94.5
10,63,1,5,2.3,0.7,0,0,0,2.3,0.8,1.5,210.5
10,126,1,10,4.6,1.8,0.1,0,0.4,4.6,2.2,3.5,427.1
13,18,1,102,32.7,5.6,6.7,0.5,1,32.2,4.1,27.6,3287.1
13,23,2,11,6,1.7,0,0,0,6,0.8,5,702.7
13,27,2,58.5,34.1,17.1,1,13,4.6,21.1,6.7,16.1,2933.3
13,28,1,106.5,60.1,28.8,1.3,25.4,4.3,34.7,14.3,35.4,4755.4
13,29,1,113,57,25,1.3,7.5,2.4,49.5,6.4,44.1,5439.1
13,30,1,18,8.1,2.1,0.7,1,0.8,7.1,0.8,6.1,798.3
13,32,1,2,1,0.3,0,0.1,0.1,0.9,0.1,0.8,121
13,40,1,3,2,1.3,0,0.2,0.1,1.8,0.7,1,188.2
13,41,1,4,2.6,1.7,0,0.3,0.2,2.3,0.9,1.4,250.9
13,43,2,28,11.9,4.2,1.4,0,0,11.9,2.1,11.2,1369.9
13,44,2,12,5.1,1.8,0.6,0,0,5.1,0.9,4.8,587.1
13,127,1,2,1.1,0.6,0,0.1,0.1,1,0.2,0.8,109.2
17,8,2,35,14.4,4.8,1.2,0,0,14.4,2.6,14.2,1383.6
17,21,4,43,17.1,2.1,0.7,0,0.7,17.1,2.7,15.7,1810.9
17,22,2,9,3.6,0.4,0.2,0,0.2,3.6,0.6,3.3,379
17,31,1,2,1,0.4,0,0.1,0,0.9,0.3,0.8,113.8
17,32,1,3,1.4,0.5,0,0.1,0.1,1.3,0.4,1.2,170.6
17,52,2,3,1.5,0.6,0.1,0,0.2,1.5,0.5,0.9,138.4
17,93,2,22,13.9,8.1,0,2.9,1.2,11,5.2,11,1230.3
17,94,1,4,2.5,1.5,0,0.5,0.2,2,0.9,2,223.7
17,98,1,5,2.7,1.6,0.2,0.4,0,2.3,0.9,2,262.7
17,99,1,1,0.5,0.3,0,0.1,0,0.4,0.2,0.4,52.5
17,107,1,3,1.6,1,0.1,0.3,0,1.3,0.5,1.2,157.6
17,108,2,6,3.2,1.6,0,0.2,0.2,3,1,2.8,306.8
17,114,1,3,1.6,0.8,0,0.1,0.1,1.5,0.5,1.4,153.4
17,122,2,7,3.9,2.1,0,0.2,0.2,3.7,0.9,2.6,382.2
17,127,1,1,0.6,0.3,0,0.1,0,0.5,0.1,0.4,54.6
18,6,1,39,12.4,2.1,3,3.1,0,9.3,1,9.4,1232.8
18,7,4,28,11.5,2.7,0.4,1.8,1.3,9.7,1.3,10.6,1143.2
18,8,3,38.5,15.5,5.1,1.6,0,0,15.5,4.3,13.9,1575.4
18,18,1,6,3,1.5,0.2,0,0,3,1.2,2.2,323.8
18,20,1,4,1.6,0.2,0.1,0,0.1,1.6,0.3,1.5,168.4
18,21,1,7,2.8,0.3,0.1,0,0.1,2.8,0.4,2.6,294.8
18,31,2,6,2.9,1.1,0,0.2,0.1,2.7,0.9,2.4,341.3
18,40,2,17.5,9,4.7,0.3,0.8,0.3,8.2,3.6,7.9,1024.4
18,49,1,3,1.5,0.6,0.1,0,0.2,1.5,0.5,0.9,138.4
18,53,1,4,2,0.8,0.1,0,0.2,2,0.7,1.2,184.6
18,54,1,6,3,1.2,0.2,0,0.3,3,1,1.8,276.8
18,71,1,5,2.9,1.6,0.2,0.3,0.3,2.6,0.9,2.2,217.2
18,93,1,6,3.8,2.2,0,0.8,0.3,3,1.4,3,335.5
18,98,1,1,0.5,0.3,0,0.1,0,0.4,0.2,0.4,52.5
18,108,1,2,1.1,0.5,0,0.1,0.1,1,0.3,0.9,102.3
16,21,2,11,4.8,1.8,0.4,0.4,0.4,4.4,0.9,4.4,469
16,25,1,1,0.5,0.2,0,0,0,0.5,0.1,0.5,63.9
16,71,1,2,1.2,0.6,0.1,0.2,0.1,1,0.3,0.9,86.9
16,99,1,2,1.1,0.6,0.1,0.2,0,0.9,0.4,0.8,105.1
16,108,2,6,3.2,1.6,0,0.2,0.2,3,1,2.8,306.8
16,116,1,3,1.6,0.8,0,0.1,0.1,1.5,0.5,1.4,153.4
16,117,2,11,5.9,2.9,0,0.3,0.5,5.6,1.8,5.1,562.6
14,6,2,16,6.5,1.9,0.5,0,0.5,6.5,1.5,5.2,705.5
14,9,2,14,5.9,1.7,0.3,0.6,0,5.3,2.1,4.3,655.9
14,16,1,4,1.7,0.5,0.1,0.2,0,1.5,0.6,1.2,187.4
14,17,1,8,3.3,1,0.2,0.3,0,3,1.2,2.5,374.8
14,18,1,155,67.9,22.1,4.9,11.7,5,56.2,11.4,48.5,6327.8
14,19,3,48,21.3,8.5,2.4,4.9,1.3,16.4,5.4,14.6,2162
14,27,3,14,7.6,3.3,0,0,0.4,7.6,1.4,4.5,802.4
14,28,2,32,16.1,5.4,0.7,2.2,0.8,13.9,1.3,12.5,1525.1
14,29,2,59,30.1,10.5,0.5,3,0.6,27.1,3.8,24.2,2608.5
14,30,3,22,10.9,3.4,0.5,1.4,0.7,9.5,0.9,8.3,1072.9
14,38,1,5,3.2,2.1,0,0.3,0.2,2.9,1.1,1.8,313.6
14,43,2,9,5.1,2.5,0,0,0.3,5.1,2.5,3.6,522
14,71,1,1,0.6,0.3,0,0.1,0.1,0.5,0.2,0.4,43.4
14,90,1,3,1.9,1.1,0,0.4,0.2,1.5,0.7,1.5,167.8
14,96,1,1,0.6,0.4,0,0.1,0.1,0.5,0.2,0.5,55.9
14,127,2,7,4,2.1,0,0.3,0.2,3.7,0.8,2.7,382.1
20,2,3,47,16.3,3.8,0.9,2,0.9,14.3,0.9,15.4,1857
20,3,2,15,6.2,1.5,0.2,1,0.7,5.2,0.7,5.7,612.4
20,7,1,2,0.8,0.2,0,0.1,0.1,0.7,0.1,0.8,81.7
20,24,1,2,1,0.5,0.1,0,0,1,0.4,0.8,107.9
20,27,1,1,0.5,0.2,0,0,0,0.5,0.2,0.4,54
20,28,1,3,1.4,0.5,0,0.1,0.1,1.3,0.4,1.2,170.6
20,31,2,11,4.4,1.5,0.5,0.5,0,3.9,0.9,3.5,461.8
20,32,1,14,5.6,1.9,0.6,0.6,0,5,1.2,4.4,587.7
20,33,1,2,1.2,0.7,0.1,0.1,0,1.1,0.2,1,108.4
20,35,1,5,2.9,1.7,0.2,0.2,0.1,2.7,0.5,2.5,271
20,45,1,4,2.1,1.1,0.1,0.2,0.1,1.9,0.8,1.8,234.1
20,57,1,2,1,0.4,0.1,0,0.1,1,0.3,0.6,92.3
20,66,2,6,3.1,1.4,0.2,0.4,0.2,2.7,1,2.2,310.6
20,69,1,1,0.6,0.3,0,0.1,0.1,0.5,0.2,0.4,43.4
20,70,1,12,7,3.7,0.4,0.8,0.8,6.2,2.1,5.4,521.4
20,114,1,4,2.1,1.1,0,0.1,0.2,2,0.7,1.9,204.6
20,119,1,1,0.6,0.3,0,0.1,0,0.5,0.1,0.4,54.6
21,2,1,2,0.7,0.2,0,0.1,0,0.6,0,0.7,79
21,3,1,2,0.8,0.2,0,0.1,0.1,0.7,0.1,0.8,81.7
21,31,2,5,2,0.6,0.2,0.2,0,1.8,0.5,1.5,209.9
21,37,2,7,4.1,2.4,0.3,0.3,0.1,3.8,0.7,3.5,379.4
21,44,1,5,2.6,1.3,0.1,0.2,0.1,2.4,1,2.3,292.7
21,47,1,2,1,0.5,0,0.1,0,0.9,0.4,0.9,117.1
21,52,1,6,3,1.2,0.2,0,0.3,3,1,1.8,276.8
21,53,2,5,2.5,1,0.2,0,0.3,2.5,0.8,1.5,230.7
21,59,1,5,2.6,1.1,0.1,0.3,0.1,2.3,0.9,1.9,258.9
21,60,1,2,1,0.5,0.1,0.1,0.1,0.9,0.3,0.7,103.5
21,96,1,2,1.3,0.7,0,0.3,0.1,1,0.5,1,111.8
21,99,1,4,2.2,1.3,0.2,0.4,0,1.8,0.7,1.6,210.2
21,115,1,2,1.1,0.5,0,0.1,0.1,1,0.3,0.9,102.3
21,119,1,3,1.7,0.9,0,0.1,0.1,1.6,0.4,1.1,163.8
21,123,1,8,4.5,2.4,0,0.3,0.2,4.2,0.9,3.1,436.7
21,124,1,1,0.6,0.3,0,0.1,0,0.5,0.1,0.4,54.6
22,6,3,15,7.2,2.8,0.3,1.1,0,6.1,0.9,6.4,781.9
22,12,1,25.5,11.5,3.2,0,2,1,9.5,1.1,9.4,1086.7
22,17,1,4.5,2.5,1.1,0,0,0.5,2.5,0.7,2.1,267.4
22,18,2,14,6.2,1,0,0.9,1,5.3,1,5.8,841.4
22,22,1,4,1.8,0.3,0,0.3,0.3,1.5,0.3,1.7,240.4
22,23,1,2,1,0.3,0,0.3,0.2,0.7,0.1,0.6,100.1
22,27,1,3,1.5,0.4,0,0.5,0.3,1,0.1,0.9,150.1
22,28,2,21,11,4.2,0,0.5,0,10.5,3.2,8.9,1240.1
22,46,1,4,2.1,1.1,0.1,0,0,2.1,0.7,1.6,192.3
22,47,1,1,0.5,0.3,0,0,0,0.5,0.2,0.4,48.1
22,98,2,4,2.1,1.1,0.1,0.5,0.3,1.6,1.2,0.9,175.5
22,100,2,6,3.1,1.7,0.2,0.9,0.4,2.2,1.8,1.5,263.1
22,103,1,1,0.5,0.2,0,0,0,0.5,0.1,0.3,47.7
22,120,1,3,1.2,0.3,0.1,0.1,0.2,1.1,0.2,1,136
22,122,1,2,0.8,0.2,0.1,0,0.1,0.8,0.1,0.6,90.6
22,125,1,2,0.9,0.2,0,0.1,0.1,0.8,0.1,0.8,77.3
23,0,0,56,25,8,0,0,0,25,0,23,2973
23,1,2,20,10.3,2.7,0,0,0,10.3,0,9.7,1077.9
23,5,1,5,2.4,0.9,0.1,0.4,0,2,0.3,2.1,260.6
23,6,1,102,57.1,22.9,0.4,17.5,5,39.6,8.2,37.9,5229.7
23,12,1,2,1,0.3,0.1,0,0.1,1,0.3,0.8,91.4
23,18,1,3,1.3,0.2,0,0.2,0.2,1.1,0.2,1.2,180.3
23,28,2,19,10,3.8,0,0.5,0,9.5,2.8,8.1,1122
23,36,2,5,2.1,0.9,0.1,0.1,0,2,0.5,1.5,184.6
23,43,2,7,3.8,1.8,0.3,0,0,3.8,1.1,2.8,336.4
23,49,1,2,1,0.3,0,0.1,0.1,0.9,0.3,0.8,85.9
23,58,1,3,1.9,1.2,0,0,0,1.9,0.4,1.8,165.9
23,59,1,2,1.3,0.8,0,0,0,1.3,0.2,1.2,110.6
23,70,1,1,0.6,0.3,0,0,0,0.6,0.2,0.4,44.7
23,90,1,2,1.1,0.6,0.1,0.2,0,0.9,0.4,0.8,105.1
23,93,1,2,1.1,0.6,0.1,0.2,0,0.9,0.4,0.8,105.1
23,96,1,1,0.5,0.3,0,0.1,0,0.4,0.2,0.4,52.5
23,100,1,3,1.6,0.8,0.1,0.4,0.2,1.2,0.9,0.7,131.6
23,101,2,10,5.2,2.8,0.3,1.4,0.7,3.8,3.1,2.4,438.6
23,122,3,39,15.4,3.7,1.5,0.7,2.2,14.7,2.2,12.5,1767.5
23,123,2,6,2.7,0.7,0,0.2,0.3,2.5,0.3,2.4,232
23,125,1,2,0.9,0.2,0,0.1,0.1,0.8,0.1,0.8,77.3
23,126,1,5,2.2,0.6,0,0.1,0.2,2.1,0.2,2,193.4
24,0,3,29,13.3,3.3,0.4,0,0.7,13.3,0.6,12.2,1448.3
24,1,1,181,71.9,10.3,3.4,2,1.4,69.9,3.3,68.9,7558.9
24,4,3,40,18.4,3.1,0.2,1.2,0.2,17.2,0.2,18.4,2054.1
24,5,1,6,2.9,1.1,0.1,0.5,0,2.4,0.3,2.6,312.8
24,6,1,41.5,17.9,4.7,0.1,0.3,5,17.6,0.2,13.7,1756.5
24,7,1,3,1.4,0.6,0.1,0.2,0,1.2,0.2,1.3,156.4
24,9,1,23,6.5,0.8,0.8,0,0,6.5,0,5.8,848.3
24,10,4,46,16.4,3.5,1.4,0.8,0.6,15.6,1.5,13.7,1824.5
24,11,1,17,8.2,2.9,0.6,0,0.6,8.2,2.3,6.4,776.7
24,12,1,8,3.2,0.6,0.2,0.4,0.2,2.8,0.2,2.6,322.8
24,23,2,10,5,1.3,0,1.7,1,3.3,0.5,3.1,500.3
24,43,1,3,1.6,0.8,0.1,0,0,1.6,0.5,1.2,144.2
24,48,1,2,1,0.3,0,0.1,0.1,0.9,0.3,0.8,85.9
24,49,2,10,4.9,1.3,0.2,0.7,0.7,4.2,1.5,3.8,429.3
24,52,1,3,1.5,0.4,0.1,0.2,0.2,1.3,0.5,1.1,128.8
24,63,1,1,0.6,0.4,0,0,0,0.6,0.1,0.6,55.3
24,87,1,5,2.8,1.6,0.1,0,0.3,2.8,0.4,2.6,191.2
24,90,1,1,0.5,0.3,0,0.1,0,0.4,0.2,0.4,52.5
24,99,1,5,2.6,1.4,0.2,0.7,0.3,1.9,1.6,1.2,219.3
24,106,4,27,13.1,5.4,0,0,0,13.1,3.1,8.5,1288.3
24,109,1,2,0.8,0.3,0.1,0,0,0.8,0.2,0.6,73.2
24,118,2,6,2.4,0.6,0.2,0.1,0.4,2.3,0.4,1.9,271.9
25,0,2,15,5.1,0.4,0.6,0,0.6,5.1,0.4,5.1,679.5
25,1,2,13,4.4,0.4,0.5,0,0.5,4.4,0.4,4.4,588.9
25,4,3,53,21,5.5,0.7,1.5,0.7,19.5,1.3,21,2303.4
25,5,1,11,4.3,1.2,0.1,0.3,0.1,4,0.3,4.3,478.1
25,7,1,1,0.4,0.1,0,0,0,0.4,0,0.4,43.5
25,8,1,5,1.4,0.2,0.2,0,0,1.4,0,1.2,184.4
25,11,1,6,2.4,0.5,0.2,0.3,0.2,2.1,0.2,1.9,242.1
25,12,2,9,3.6,0.8,0.3,0.5,0.3,3.1,0.3,2.9,363.2
25,13,1,6,3.3,1.5,0,0,0.7,3.3,0.9,2.8,356.5
25,14,2,12,6.6,3,0,0,1.3,6.6,1.8,5.7,713
25,17,2,5,2.7,1.3,0,0,0.5,2.7,0.7,2.4,297.1
25,22,2,4,1.8,0.6,0,0,0.2,1.8,0,1.4,157.8
25,23,1,18,8.9,2.4,0,3,1.8,5.9,0.9,5.6,900.6
25,47,1,3,1.6,0.8,0.1,0,0,1.6,0.5,1.2,144.2
25,48,1,12,5.9,1.6,0.3,0.8,0.8,5.1,1.9,4.5,515.2
25,67,1,5,3.2,2.1,0,0,0,3.2,0.6,2.9,276.5
25,74,2,2,1.2,0.6,0,0,0,1.2,0.4,0.8,89.4
25,76,2,3,1.8,1,0.1,0,0.1,1.8,0.6,1.3,134.2
25,87,2,3,1.7,0.9,0.1,0,0.2,1.7,0.3,1.6,114.7
25,99,1,1,0.5,0.3,0,0.1,0.1,0.4,0.3,0.2,43.9
25,110,1,6,2.4,0.9,0.4,0,0,2.4,0.6,1.7,219.6
25,126,1,2,0.9,0.2,0,0.1,0.1,0.8,0.1,0.8,77.3
25,127,1,2,0.9,0.2,0,0.1,0.1,0.8,0.1,0.8,77.3
26,0,2,34,11.7,1.1,1.2,0,1.2,11.7,0.8,11.7,1517.3
26,1,1,6,2,0.2,0.2,0,0.2,2,0.2,2,271.8
26,8,1,9,2.5,0.3,0.3,0,0,2.5,0,2.2,332
26,19,3,8,3.6,0.5,0,0.5,0.5,3.1,0.5,3.3,480.8
26,22,2,128,47.2,10.4,3,2,1.9,45.2,3,42.6,4465.2
26,23,2,101.5,52.8,21.6,1,15.6,7.8,37.2,6.3,35.7,5053
26,32,3,28,14,5,1,1,0,13,4,12,1470
26,33,2,6,2.6,1,0.2,0.2,0,2.4,0.6,1.8,221.6
26,48,1,1,0.5,0.1,0,0.1,0.1,0.4,0.2,0.4,42.9
26,50,1,13,6.4,1.7,0.3,0.9,0.9,5.5,2,4.9,558.1
26,51,1,2,1,0.3,0,0.1,0.1,0.9,0.3,0.8,85.9
26,62,1,1,0.6,0.4,0,0,0,0.6,0.1,0.6,55.3
26,74,1,6,3.6,2.1,0.2,0,0.2,3.6,1.2,2.6,268.5
26,79,1,2,1.1,0.6,0.1,0,0.1,1.1,0.2,1.1,76.5
26,113,2,14,5.7,2.2,0.9,0,0,5.7,1.3,3.9,512.3
26,115,1,2,0.8,0.3,0.1,0,0,0.8,0.2,0.6,73.2
26,118,1,3,1.2,0.3,0.1,0.1,0.2,1.1,0.2,1,136
12,11,1,2,0.8,0.2,0,0.1,0,0.7,0.3,0.6,93.7
12,23,1,7,3.8,1.1,0,0,0,3.8,0.5,3.2,447.2
12,27,1,40.5,29.5,21.3,0,16,1,13.5,11.1,14.3,2120.7
12,28,2,96,42.5,13.2,3,3.6,3.2,38.9,3.2,36.5,4071.7
12,29,2,93.5,47.7,15.7,1.5,0.9,2.7,46.8,4.7,36.1,4406.2
12,30,2,16,7.2,1.8,0.6,0.9,0.7,6.3,0.7,5.5,709.6
12,33,4,39,22.9,13.3,1.4,1.4,0.9,21.5,3.7,19.2,2114.1
12,38,1,4,2.6,1.7,0,0.3,0.2,2.3,0.9,1.4,250.9
12,40,2,3,2,1.3,0,0.2,0.1,1.8,0.6,1.1,188.1
12,41,2,13,8.5,5.5,0,1,0.6,7.5,2.9,4.6,815.4
12,120,1,3,1.7,0.9,0,0.1,0.1,1.6,0.4,1.1,163.8
27,0,1,2,0.8,0.1,0,0,0.1,0.8,0,0.6,88.6
27,3,1,6,2.2,0.3,0.3,0,0,2.2,0.2,2.1,261.2
27,7,0,28,12,5,1,6,2,6,1,6,1122
27,8,2,27,12.2,2.7,0,1.8,1.8,10.4,0,11.3,1355.2
27,22,1,40,11.3,1.7,3.5,0.9,0.9,10.4,1.7,7.8,1050.4
27,23,2,4,2,0.9,0,0.1,0,1.9,0.3,1.9,242.9
27,41,1,4,2.2,0.8,0,0,0.2,2.2,0.3,2,204
27,62,1,1,0.6,0.4,0,0,0,0.6,0.1,0.6,55.3
27,79,2,14,7.8,4.5,0.4,0,0.8,7.8,1.2,7.4,535.3
27,84,1,2,1.1,0.3,0,0,0.1,1.1,0.6,0.8,85.5
27,122,2,19,8.4,2.2,0,0.4,0.9,8,0.9,7.6,734.8
27,123,1,1,0.4,0.1,0,0,0,0.4,0,0.4,38.7
11,10,2,80,34.9,9.4,2,3.4,6,31.5,4.6,26.9,3604.6
11,11,1,4,1.7,0.6,0,0.2,0,1.5,0.3,1.7,168.3
11,29,2,84,43.5,22.2,0.9,0,4.9,43.5,5.8,20.3,3488.4
11,33,1,6,3.3,1.6,0,0,0,3.3,0.4,2.7,336.2
11,37,1,1,0.6,0.3,0,0,0,0.6,0.1,0.4,56
11,41,1,2,0.8,0.1,0.1,0.1,0.1,0.7,0.1,0.7,91.3
11,45,1,5,2.1,0.2,0,0.2,0.2,1.9,1,1.5,216.2
11,61,3,14,6.6,1.8,0,0,0,6.6,1,4.6,661.2
11,115,1,1,0.6,0.3,0,0.2,0,0.4,0.1,0.4,47.9
11,116,3,30,17.3,10.1,0.9,4.6,0.9,12.7,3.6,11.8,1436.4
11,117,1,2,1.2,0.7,0.1,0.3,0.1,0.9,0.2,0.8,95.8
11,119,1,2,0.9,0.4,0,0,0.1,0.9,0.4,0.7,85.4
28,1,2,7,3.5,1.4,0.1,2.8,0.6,0.7,0.8,0.7,308.3
28,2,1,1,0.5,0.2,0,0.4,0.1,0.1,0.1,0.1,44
28,4,1,2,0.7,0.1,0.1,0,0,0.7,0.1,0.7,87.1
28,5,3,21,7.8,1,1,0,0,7.8,0.8,7.5,914.3
28,6,1,4,1.5,0.2,0.2,0,0,1.5,0.1,1.4,174.1
28,8,1,33,14.8,3.4,0,4.3,2.3,10.5,3,9.7,1543.8
28,14,1,2,0.7,0.2,0,0,0,0.7,0.1,0.7,89.6
28,22,1,1,0.3,0,0.1,0,0,0.3,0,0.2,26.3
28,23,2,4,2,0.9,0,0.1,0,1.9,0.3,1.9,242.9
28,36,1,4,1.7,0.7,0.1,0.1,0,1.6,0.4,1.2,147.7
28,37,1,5,2.2,0.8,0.2,0.2,0,2,0.5,1.5,184.7
28,41,1,1,0.5,0.2,0,0,0,0.5,0.1,0.5,51
28,45,2,12,6.4,3.2,0.4,0,0,6.4,2,4.8,576.8
28,50,1,2,1.2,0.7,0,0,0,1.2,0.5,1.1,106.1
28,51,1,2,1.2,0.7,0,0,0,1.2,0.5,1.1,106.1
28,64,2,16,9.1,4.6,0,0.7,0,8.4,2.3,7.6,907.4
28,79,1,2,1.1,0.6,0.1,0,0.1,1.1,0.2,1.1,76.5
28,82,1,3,1.7,1,0.1,0,0.2,1.7,0.3,1.6,114.7
28,122,1,2,0.9,0.2,0,0.1,0.1,0.8,0.1,0.8,77.3
29,1,2,182,87.7,29.9,3,46.5,9.6,41.2,14.9,40.1,8504.5
29,2,3,38,17.8,5,1.4,3.4,1.7,14.4,0.9,11.9,1820.3
29,3,1,2,0.9,0.2,0,0.1,0.2,0.8,0.1,0.7,89.7
29,5,2,6,2.2,0.3,0.3,0,0,2.2,0.2,2.1,261.2
29,7,1,11,4.1,0.5,0.5,0,0,4.1,0.4,3.9,478.9
29,14,3,30,10.7,2.5,0.3,0.3,0.6,10.4,1.6,10.1,1344.3
29,22,1,5,1.4,0.2,0.4,0.1,0.1,1.3,0.2,1,131.3
29,23,4,34,17,7.4,0,1.5,0,15.5,2.3,16.3,2064.4
29,28,2,11,4,0.3,0.4,0,0.7,4,1.1,3.3,431.1
29,30,3,36,13.2,0.7,1.4,0,2.3,13.2,3.6,11,1410.6
29,41,2,10,5.4,2,0,0,0.4,5.4,0.6,5,510
29,42,1,1,0.5,0.2,0,0,0,0.5,0.1,0.5,51
29,51,2,3,1.8,1.1,0,0,0,1.8,0.8,1.6,159.2
29,52,1,1,0.6,0.4,0,0,0,0.6,0.3,0.5,53.1
29,61,2,3,1.9,1.2,0,0,0,1.9,0.3,1.8,165.9
29,64,1,2,1.1,0.6,0,0.1,0,1,0.3,1,113.4
29,70,1,2,1.2,0.7,0.1,0,0.1,1.2,0.4,0.9,89.5
29,75,1,3,1.8,1,0.1,0,0.1,1.8,0.6,1.3,134.2
29,83,2,10,5.3,1.6,0,0,0.3,5.3,3,4.1,427.5
29,86,3,11,5.8,1.9,0,0,0.3,5.8,3.3,4.5,470.2
29,87,1,5,2.6,0.8,0,0,0.1,2.6,1.5,2.1,213.8
29,100,1,2,1,0.4,0,0,0,1,0.2,0.6,95.4
30,0,0,191,100,60,8,95,11,5,31,5,7264
30,1,0,150,76,27,3,8,1,68,3,71,9036
30,2,0,203,102,37,2,9,8,93,6,93,9343
30,3,2,16.5,7.2,1.7,0.3,0.7,1.3,6.5,1.2,5.5,739.8
30,4,2,13,5.8,1.3,0.3,0.6,1,5.2,0.9,4.3,582.8
30,5,2,6,2.4,0.4,0.2,0.1,0.2,2.3,0.2,2.1,263.8
30,19,4,22.5,13.1,6.6,0,1.7,1.7,11.4,1.7,9.8,1341.8
30,36,2,6,2.6,1,0.2,0.2,0,2.4,0.6,1.8,221.6
30,37,1,2,0.9,0.3,0.1,0.1,0,0.8,0.2,0.6,73.9
30,41,1,4,2.2,0.8,0,0,0.2,2.2,0.3,2,204
30,42,2,95.5,56.9,31.3,0,11,4.9,45.9,14.4,45,4920
30,49,1,3.5,2.1,1.3,0,0,0,2.1,0.9,1.9,185.7
30,50,1,4,2.4,1.5,0,0,0,2.4,1.1,2.2,212.2
30,53,2,9,5.5,3.3,0,0,0,5.5,2.4,4.9,477.5
30,63,1,2,1.1,0.6,0,0.1,0,1,0.3,1,113.4
30,76,2,3,1.8,1,0.1,0,0.1,1.8,0.6,1.3,134.2
30,80,1,2,1.1,0.6,0.1,0,0.1,1.1,0.2,1.1,76.5
30,81,1,1,0.6,0.3,0,0,0.1,0.6,0.1,0.5,38.2
30,83,0,24,15,10,1,4,0,11,4,10,1168
30,106,1,1,0.5,0.2,0,0,0,0.5,0.1,0.3,47.7
30,115,1,4,1.6,0.6,0.2,0,0,1.6,0.4,1.1,146.4
31,0,1,155,82,41.9,3.9,39.3,7.9,42.7,8.9,49.4,7972.9
31,1,3,92,50.4,27.1,1.5,34.6,3.9,15.8,6.1,24.6,4041
31,2,1,240,137.2,70.4,3.1,84.4,15.1,52.8,37.1,47.5,10580.6
31,3,1,259.5,109.1,32.7,10.1,3.3,13.5,105.8,4.5,84.4,9901.9
31,4,2,107,46.2,14.1,1.6,13.3,4.3,32.9,7,28.1,4377.1
31,5,3,53.5,23.1,5.1,1.2,2,3.6,21.1,3.4,18.1,2388.4
31,9,1,4,1.6,0.2,0,0.4,0.2,1.2,0.1,1.1,173.2
31,10,4,45,17.5,1.8,0,4.5,2.7,13,0.9,11.9,1948.7
31,13,3,31,11.1,2.6,0.3,0.3,0.7,10.8,1.6,10.4,1389.1
31,14,2,32,11.5,2.7,0.4,0.4,0.7,11.1,1.7,10.8,1434
31,18,2,4,2.4,1.2,0,0.4,0.2,2,0.2,1.8,238.6
31,19,1,1,0.6,0.3,0,0.1,0.1,0.5,0.1,0.4,59.6
31,27,1,4,2,0.9,0,0.2,0,1.8,0.3,1.9,242.9
31,28,1,2,0.7,0,0.1,0,0.1,0.7,0.2,0.6,78.4
31,36,1,2,0.9,0.3,0.1,0.1,0,0.8,0.2,0.6,73.9
31,42,1,4,2.2,0.8,0,0,0.2,2.2,0.3,2,204
31,55,2,5,3,1.9,0,0,0,3,1.4,2.7,265.3
31,56,2,9.5,4.8,1.4,0,0,0.9,4.8,1.4,3.5,438.4
31,57,2,12,6.1,1.7,0,0,1.1,6.1,1.7,4.5,553.7
31,61,1,1,0.6,0.4,0,0,0,0.6,0.1,0.6,55.3
31,67,1,1,0.6,0.3,0,0.1,0,0.5,0.1,0.5,56.7
31,68,1,7,4.2,2.4,0.2,0,0.2,4.2,1.4,3,313.2
31,70,1,7,4.2,2.4,0.2,0,0.2,4.2,1.4,3,313.2
31,71,1,1,0.6,0.3,0,0,0,0.6,0.2,0.4,44.7
31,80,1,2,1.1,0.6,0.1,0,0.1,1.1,0.2,1.1,76.5
31,83,2,7,3.7,1.1,0,0,0.2,3.7,2.1,2.9,299.3
31,87,1,1,0.5,0.2,0,0,0,0.5,0.3,0.4,42.8
31,107,2,4,2,0.8,0,0,0,2,0.4,1.2,190.8
31,109,1,4,1.6,0.6,0.2,0,0,1.6,0.4,1.1,146.4
31,119,1,2,0.9,0.2,0,0.1,0.1,0.8,0.1,0.8,77.3
32,0,1,185,114.7,67.8,3,92.5,9.5,22.2,11.7,47.2,8638
32,1,2,147,87.3,52.6,4,62,7.9,25.3,9.4,50.3,7711
32,2,0,60,31,18,1,19,2,12,9,14,2574
32,3,0,135,60,15,0,30,4,30,1,23,5608
32,4,2,62,27.3,7.1,1,1,3.1,26.3,1.5,22.2,2916.4
32,5,1,3,1.5,0.2,0,0.1,0.2,1.4,0.2,1.1,167.3
32,9,1,6,2.4,0.6,0,0,0.2,2.4,0,2.2,285.8
32,10,2,3,1.2,0.3,0,0,0.1,1.2,0,1.1,142.9
32,18,1,3,1.3,0.4,0.2,0.1,0.1,1.2,0.2,1.1,125.7
32,27,2,21.5,9.8,2.7,0.5,0,0.5,9.8,1.6,8.7,1121.8
32,28,1,2,1.3,0.8,0,0,0,1.3,0.7,1.1,107.5
32,42,1,4,1.9,0.7,0.1,0.1,0.3,1.8,0.9,1.6,182.8
32,45,1,2,0.9,0.3,0.1,0,0.1,0.9,0.5,0.8,91.4
32,46,2,8,3.8,1.4,0.2,0.2,0.6,3.6,1.8,3.2,365.6
32,62,1,10,4.8,1.8,0.3,0.3,0.6,4.5,1.2,3.6,458.5
32,64,1,1,0.6,0.2,0,0,0,0.6,0,0.4,57.1
32,65,1,2,1.2,0.5,0,0.1,0.1,1.1,0.1,0.9,114.2
32,71,2,11,5.5,2,0.3,0.3,0.3,5.2,2.9,4.6,495.9
32,90,1,1,0.5,0.2,0,0,0,0.5,0.1,0.5,41.8
32,100,1,6,2.5,0.6,0.3,0,0.1,2.5,0.6,2,245.4
32,118,1,2,0.8,0.2,0.1,0,0,0.8,0.3,0.7,82
33,0,0,773.5,524,359,4,457,52,67,107,145,35046
33,1,0,35,12,2,2,0,0,12,0,7,1620
33,2,1,2,1.3,0.8,0,1,0.1,0.3,0.2,0.3,122
33,3,1,3,1.5,0.2,0,0.1,0.2,1.4,0.2,1.1,167.3
33,16,1,1,0.5,0.1,0,0,0.1,0.5,0.1,0.4,54.8
33,18,2,8,3.4,1.2,0.6,0.4,0.2,3,0.6,2.8,335.4
33,25,2,12,5.5,1.5,0.3,0,0.3,5.5,0.9,4.8,626.1
33,36,1,2,1.3,0.8,0,0,0,1.3,0.7,1.1,107.5
33,53,1,2,1,0.4,0,0,0,1,0.3,0.9,88.4
33,63,1,8,4.8,2,0,0.4,0.4,4.4,0.4,3.6,456.8
33,80,1,2,1,0.4,0,0,0.1,1,0.2,0.8,90.1
33,92,1,3,1.5,0.7,0.1,0,0.1,1.5,0.4,1.5,125.4
33,97,1,1,0.5,0.2,0,0,0,0.5,0.1,0.5,41.8
33,100,1,5,2.1,0.5,0.2,0,0.1,2.1,0.5,1.6,204.5
33,101,1,7,3,0.7,0.3,0,0.2,3,0.7,2.3,286.3
33,122,1,2,0.8,0.2,0.1,0,0,0.8,0.3,0.7,82
37,0,1,47.5,26.2,10.9,1,15.5,2.2,10.7,4.4,12.8,2474.5
37,1,2,11,5.3,1.5,0,0,0.5,5.3,0.5,4.3,728.4
37,4,2,5,2,0.2,0,0.3,0.1,1.7,0.1,1.5,211.3
37,5,1,4,1.6,0.2,0,0.3,0.1,1.3,0.1,1.2,169.1
37,6,1,3,1.1,0.3,0.1,0,0.1,1.1,0,0.9,107.5
37,8,1,5,2.6,1.2,0,1,0.4,1.6,0,1.4,241.8
37,9,1,4,2.1,1,0,0.8,0.3,1.3,0,1.1,193.4
37,10,2,54,23.5,4.5,0.1,1,1.5,22.5,2.1,21.1,2436.4
37,11,2,94,37.2,8.4,2.4,1.2,0.6,36,5.4,29,3902.8
37,12,0,86.5,41,16,1,4,2,37,8,32,4422
37,13,2,7,3.4,1,0.1,0.3,0.5,3.1,0.4,2.8,383.6
37,14,1,11,5.2,1.6,0.2,0.4,0.8,4.8,0.6,4.4,602.9
37,27,2,24,10.8,4.4,1,2.4,1,8.4,2.9,6.4,1086.9
37,28,1,2,0.8,0.2,0.1,0,0,0.8,0.1,0.7,94.2
37,33,2,4,1.5,0.3,0.3,0,0,1.5,0.1,1.3,138.8
37,34,2,30,12.1,1.3,1.2,1,1,11.1,3.1,9,981.1
37,35,1,2,0.7,0.2,0.1,0,0,0.7,0.1,0.7,69.4
37,36,1,1,0.4,0.1,0.1,0,0,0.4,0,0.3,34.7
37,41,2,2,1,0.4,0,0,0.2,1,0.4,0.8,91.4
37,50,1,3,1.5,0.6,0,0.1,0,1.4,0.4,1.3,132.6
37,51,1,5,2.5,1,0,0.1,0,2.4,0.7,2.2,220.9
37,59,3,14.5,7,2.6,0.4,0.5,0.9,6.5,1.7,5.2,664.9
37,78,1,7,3.4,1.4,0.1,0,0.3,3.4,0.7,2.9,315.4
37,82,1,7,3.4,1.4,0.1,0,0.3,3.4,0.7,2.9,315.4
37,83,1,4,2,0.8,0.1,0,0.2,2,0.4,1.6,180.2
37,92,1,8,4.1,2,0.2,0,0.3,4.1,1.1,3.9,334.5
37,93,1,2,1,0.3,0,0,0.2,1,0.5,0.9,91.1
37,118,1,10,4,1.2,0.4,0,0,4,1.3,3.5,410
37,119,1,10,4,1.2,0.4,0,0,4,1.3,3.5,410
75,2,2,8,3.9,0.5,0,0,0.3,3.9,1.1,3.6,443.3
75,9,1,2,1,0.5,0.1,0,0.2,1,0.5,1,101.7
75,11,1,1,0.5,0.2,0,0,0.1,0.5,0.3,0.5,50.9
75,16,1,5,2.6,1.1,0.2,0.2,0.5,2.4,1.3,2.4,254.4
75,19,1,2,1.2,0.3,0,0,0.3,1.2,0.3,0.6,118.3
75,25,1,6,3.5,1.6,0,0,0.4,3.5,0.9,2.8,366.9
75,26,2,7,4.1,1.9,0,0,0.5,4.1,1,3.3,428
75,36,1,10,4.2,0.6,0,0,0.6,4.2,1.3,3.9,506.8
75,39,1,2,0.9,0.2,0.1,0.1,0.1,0.8,0.2,0.6,108.1
75,43,1,1,0.5,0.2,0,0,0,0.5,0.1,0.4,61.3
75,49,1,2,0.7,0.1,0.1,0,0.1,0.7,0.1,0.6,77.2
75,61,2,8,5.1,2.9,0,0,0,5.1,0.8,4.3,570.1
75,79,1,6,2.5,0.5,0.2,0.2,0.2,2.3,0.5,2.2,264.5
75,80,1,36,17.5,7.2,0.4,0.4,2.4,17.1,3.2,12.7,1885.2
75,81,2,60.5,18.2,1.8,3.6,0,1.8,18.2,2.7,12.7,1993.3
75,92,1,6,2.1,0.2,0.2,0,0.1,2.1,0.2,2.1,262.8
75,93,2,19,8.4,3.3,0.7,0.7,0.4,7.7,0.7,6.5,813.7
75,94,1,4,1.8,0.7,0.2,0.2,0.1,1.6,0.2,1.4,171.3
75,99,2,108.5,55.5,24.1,3.2,1,5.3,54.5,8.6,41.9,5143.1
75,100,1,67,36.6,15.8,1.7,1.7,5.7,34.9,5.1,32.6,3248.1
75,115,1,5,2.5,0.9,0,0.1,0.1,2.4,0.2,2.1,283.7
75,117,1,13,6.5,2.3,0,0.3,0.3,6.2,0.6,5.4,737.6
75,118,1,1,0.4,0.1,0,0,0,0.4,0,0.3,42.1
75,125,1,7,2.9,0.9,0.4,0.1,0.2,2.8,0,2.4,352.1
75,126,3,9,3.6,1.1,0.6,0,0.3,3.6,0,3,452.7
75,127,3,69.5,30.3,9,1.8,0.4,3.2,29.9,1,26.1,3374
76,2,1,2,1,0.1,0,0,0.1,1,0.3,0.9,110.8
76,7,1,2,1.4,0.9,0,0.1,0,1.3,0.8,1.2,103
76,13,1,8,4.1,1.8,0.3,0.2,0.8,3.9,2.1,3.9,407
76,19,3,6,3.5,1,0,0,1,3.5,1,1.8,355
76,30,1,4,1.7,0.3,0,0,0.3,1.7,0.5,1.5,202.7
76,31,1,2,0.8,0.1,0,0,0.1,0.8,0.3,0.8,101.4
76,33,2,9,3.8,0.6,0,0,0.6,3.8,1.1,3.4,456.1
76,40,1,11,4.8,1.3,0.4,0.4,0.4,4.4,1.3,3.5,594.4
76,41,2,12,5.3,1.4,0.5,0.5,0.5,4.8,1.4,3.8,648.5
76,43,1,4,1.9,0.6,0.1,0,0.1,1.9,0.2,1.8,245.4
76,44,1,2,0.9,0.3,0.1,0,0.1,0.9,0.1,0.9,122.7
76,54,2,17,6.2,0.8,0.5,0,0.8,6.2,0.8,5.3,656.4
76,61,1,2,1.3,0.7,0,0,0,1.3,0.2,1.1,142.5
76,79,1,4,1.7,0.4,0.1,0.1,0.1,1.6,0.4,1.5,176.4
76,89,1,9,4,1.2,0,0,0.2,4,0.7,4,431.5
76,92,3,68,26,4.7,2.7,0,1.8,26,2.7,26,3007.3
76,93,0,249.5,121,46,3,16,15,105,16,77,10764
76,94,1,293,166.1,92.2,7.3,35.3,13.1,130.8,41.3,96.4,14077.8
76,95,2,41,19.7,9.2,0.5,0.5,1.3,19.2,0.5,17.5,2046.8
76,96,1,1,0.4,0.2,0,0,0,0.4,0,0.3,42.8
76,97,1,2,0.9,0.3,0.1,0.1,0,0.8,0.1,0.7,85.7
76,99,4,70,28.6,7,1.5,0,2.1,28.6,4.1,24.6,2839.1
76,100,2,68,24.5,4.3,3,0.6,3.2,23.9,4,18.4,2379.3
76,107,1,5,1.6,0.2,0.2,0,0.1,1.6,0,1.5,202.8
76,108,1,1.5,0.8,0.3,0,0.1,0.1,0.7,0.1,0.6,70.5
76,115,1,3,1.5,0.5,0,0.1,0.1,1.4,0.1,1.2,170.2
76,116,3,11,5.5,2,0,0.2,0.2,5.3,0.4,4.6,624.1
76,117,2,98.5,44,13,2,0.1,5.1,43.9,2.3,38.5,4431.5
76,118,2,47,18.4,5.1,2.2,0,0,18.4,1.5,16.1,1978.4
76,124,2,9,3.6,0.9,0.6,0,0.2,3.6,0.9,3,381.6
76,126,3,63.5,28.6,8.9,1.3,0.2,2.7,28.4,2,24,3344.2
76,127,1,50,15.8,0.2,4.1,0,1.1,15.8,0,14.7,2257.6
35,0,1,281,180.7,119.4,5.4,146.2,17,34.5,34.2,52.9,13919.3
35,1,0,166,67,18,6,3,14,64,12,30,6520
35,2,2,58,23.2,6.1,1.5,4.8,2.2,18.4,2.4,18.9,2181.1
35,10,1,1,0.4,0.1,0,0,0,0.4,0,0.4,47.6
35,12,1,2,0.9,0.3,0,0,0,0.9,0.1,0.9,98.3
35,18,2,19,8.1,2.8,1.2,0.8,0.4,7.3,1.2,6.9,796.4
35,19,1,6,2.6,0.9,0.4,0.3,0.1,2.3,0.4,2.2,251.5
35,35,2,4,2.5,1.6,0,0,0,2.5,1.5,2.1,215.1
35,36,2,4,2.5,1.6,0,0,0,2.5,1.5,2.1,215.1
35,39,1,2,0.9,0.3,0.1,0,0.1,0.9,0.5,0.8,91.4
35,40,1,5,2.3,0.9,0.1,0.1,0.4,2.2,1.1,2.1,228.4
35,46,1,7,3.3,1.2,0.2,0.2,0.5,3.1,1.6,2.9,319.8
35,58,1,2,1,0.4,0.1,0.1,0.1,0.9,0.2,0.7,91.7
35,94,1,4,2,1,0.1,0,0.2,2,0.6,2,167.3
35,95,1,13,6.6,3.2,0.3,0,0.5,6.6,1.9,6.4,543.6
35,117,3,9,4.5,1.5,0.1,0,0.9,4.5,0.6,4.2,435.9
35,127,1,7,2.8,0.8,0.3,0,0,2.8,0.9,2.4,287
69,14,2,3,1.5,0.5,0.1,0.1,0.3,1.4,0.3,1.1,160.4
69,23,1,4,2.3,1.5,0,0,0,2.3,1.1,2.1,208.4
69,24,2,3,1.8,1.1,0,0,0,1.8,0.8,1.6,156.3
69,25,1,4,2.3,1.5,0,0,0,2.3,1.1,2.1,208.4
69,27,1,2,1.2,0.7,0,0,0,1.2,0.5,1.1,104.2
69,28,2,14,5.8,1.5,0.6,0,0,5.8,1.8,5.3,721.5
69,32,1,14,5.8,1.5,0.6,0,0,5.8,1.8,5.2,721.5
69,33,1,3,1.6,0.6,0,0,0.2,1.6,0.4,1.2,156.9
69,50,2,7,3.8,2,0.3,0,0.3,3.8,1.7,3.5,444.2
69,53,1,2,0.9,0.2,0,0,0.2,0.9,0,0.9,86
69,56,1,4,1.8,0.3,0,0,0.3,1.8,0,1.8,172
69,62,3,9,3.9,1.5,0.5,0,0.3,3.9,1.2,3,431.6
69,81,1,3,1.3,0.5,0.1,0,0,1.3,0.3,1.2,123.9
69,82,3,29,12.2,4.5,1.3,0,0,12.2,2.6,11.6,1197.4
69,88,1,2,1.1,0.4,0,0,0.1,1.1,0.2,0.8,113
69,89,4,26,13.9,5.6,0,0,1.8,13.9,2.5,10.1,1468.6
69,112,1,3,1.4,0.4,0.1,0,0.1,1.4,0.1,1.2,159
69,113,1,5,1.6,0.4,0.3,0,0.1,1.6,0.1,1.4,185
69,115,1,2,1,0.5,0,0.1,0.2,0.9,0.2,0.5,94.9
69,116,2,34,13.9,4.1,1,0.4,1.1,13.5,0.6,11.9,1347.8
69,120,2,45,17.2,3.4,1.4,0,1.4,17.2,1,16.2,1947.6
69,121,1,152,76.9,33.9,3.5,0,4,76.9,14,61.4,7852.5
69,122,2,17,7.6,2.9,0.4,0,0.2,7.6,0.7,7.3,893.8
69,127,1,1,0.6,0.3,0,0,0,0.6,0.2,0.4,61.1
70,2,1,5,2.4,0.9,0.1,0.2,0.2,2.2,0.5,2.1,249.9
70,6,1,1,0.5,0.2,0,0.1,0,0.4,0.1,0.4,50
70,12,2,8.5,4.2,1.6,0,0,0,4.2,0.3,2.9,440.2
70,13,1,5,2.5,0.8,0.1,0.1,0.6,2.4,0.6,1.8,267.4
70,14,1,5,2.5,0.8,0.1,0.1,0.6,2.4,0.6,1.8,267.4
70,15,2,5,2.5,0.8,0.2,0.2,0.5,2.3,0.5,1.8,267.3
70,23,1,3,1.7,1.1,0,0,0,1.7,0.8,1.6,156.3
70,28,1,1,0.4,0.1,0,0,0,0.4,0.1,0.4,51.5
70,41,1,3,1.5,0.6,0,0.1,0.4,1.4,0.3,1.3,147.3
70,44,1,1,0.5,0.2,0,0,0,0.5,0.1,0.5,53
70,55,1,1,0.5,0.1,0,0,0.1,0.5,0,0.5,43
70,56,1,1,0.5,0.1,0,0,0.1,0.5,0,0.5,43
70,67,3,35.5,13.3,3.7,0.8,0,1.5,13.3,2.2,12.6,1472.5
70,78,1,2,0.9,0.2,0,0,0,0.9,0.1,0.8,99
70,79,2,20,9.1,2.4,0,0,0,9.1,0.9,7.6,990
70,82,2,9,3.8,1.4,0.4,0,0,3.8,0.8,3.6,371.6
70,85,2,18,6.2,0.9,0.9,0,0.9,6.2,0.4,6.2,748.1
70,86,1,16,5.5,0.8,0.8,0,0.8,5.5,0.4,5.5,665
70,93,2,46.5,22.2,6.8,1,1.3,3.3,20.9,7.8,19,2242.8
70,94,1,1,0.4,0.1,0,0,0,0.4,0.1,0.3,41.8
70,112,1,3,1.4,0.4,0.1,0,0.1,1.4,0.1,1.2,159
70,113,2,68,25.8,5.6,2.2,0,1.5,25.8,0.9,24.6,2775
70,122,1,6,2.9,1.3,0.2,0,0,2.9,0.3,2.7,335.5
70,127,1,4,2.3,1.1,0,0,0,2.3,0.8,1.7,244.2
38,0,1,6,2.9,0.8,0,0,0.3,2.9,0.3,2.3,397.3
38,1,1,3,1.4,0.4,0,0,0.1,1.4,0.1,1.2,198.7
38,4,1,11,4.3,0.4,0,0.7,0.2,3.6,0.2,3.4,464.9
38,5,3,91.5,39.9,11.5,0.8,3.7,2.4,36.2,0.6,33.2,3941.4
38,9,2,11,5.7,2.6,0,2.2,0.9,3.5,0,3.1,532
38,11,1,3,1.2,0.2,0,0.1,0.1,1.1,0,1,128.3
38,12,4,48.5,18.9,3.2,0.5,1.9,1,17,0.5,15.6,2073.9
38,27,2,25,11.2,4.6,1,2.5,1,8.7,3,6.6,1132.2
38,28,2,25,10.4,3,1.2,0.6,0.6,9.8,1.2,9.2,1178
38,29,1,4,1.7,0.5,0.2,0.1,0.1,1.6,0.2,1.5,188.5
38,34,1,4,1.4,0.3,0.2,0,0,1.4,0.1,1.3,138.8
38,48,1,3,1.5,0.6,0,0.1,0,1.4,0.4,1.3,132.6
38,54,1,5,2.5,1,0,0.1,0,2.4,0.7,2.2,220.9
38,57,1,3,1.5,0.6,0,0.1,0,1.4,0.4,1.3,132.6
38,66,1,3,2,1.2,0,0.2,0,1.8,0.3,1.3,182.5
38,95,1,2,1,0.3,0,0,0.2,1,0.5,0.9,91.1
38,104,1,1,0.4,0.1,0,0,0,0.4,0.1,0.3,40.9
38,118,1,4,1.6,0.5,0.2,0,0,1.6,0.5,1.4,164
39,0,1,2,0.8,0.2,0,0,0,0.8,0.1,0.8,93.7
39,4,1,14,5.9,1.4,0.9,0,0.9,5.9,0,5.4,714
39,5,2,6,2.3,0.5,0.1,0.1,0.1,2.2,0,1.8,227.8
39,11,1,1,0.4,0.1,0,0,0,0.4,0,0.3,42.8
39,12,1,2,0.8,0.1,0,0.1,0,0.7,0,0.6,85.5
39,16,1,1,0.5,0.1,0,0,0.1,0.5,0.1,0.4,54.8
39,17,1,2,1,0.3,0,0.1,0.1,0.9,0.1,0.8,109.6
39,22,1,5,2.1,0.7,0.3,0.2,0.1,1.9,0.3,1.8,209.6
39,33,1,4,1.4,0.3,0.2,0,0,1.4,0.1,1.3,138.8
39,36,3,13,4.7,1.1,0.7,0,0,4.7,0.4,4.4,451.1
39,39,1,1,0.5,0.2,0,0,0.1,0.5,0.2,0.4,45.7
39,40,2,4.5,2.1,0.7,0.2,0.1,0.3,2,1.1,1.8,205.6
39,48,1,5,2.5,1,0,0.1,0,2.4,0.7,2.2,220.9
39,55,1,3,1.5,0.6,0,0.1,0,1.4,0.4,1.3,132.6
39,69,1,2,1,0.4,0.1,0.1,0.1,0.9,0.5,0.8,90.2
39,85,1,3,1.5,0.6,0.1,0,0.1,1.5,0.3,1.2,135.2
39,88,2,6,3,1.5,0.1,0,0.3,3,0.9,3,250.9
39,95,1,11,5.5,1.5,0,0,1,5.5,3,5,501
39,109,1,3,1.5,0.5,0.1,0,0.3,1.5,0.2,1.4,145.3
71,6,3,29,13.7,5.3,0.5,1.1,1,12.6,3.2,12.1,1449.5
71,7,1,46,22.9,8.7,2.1,4.2,1.1,18.7,8.4,16.7,2093.9
71,10,2,12,5.9,2.2,0,0,0,5.9,0.4,4.1,621.4
71,15,2,3,1.5,0.5,0.1,0.1,0.3,1.4,0.3,1.1,160.4
71,16,4,15,7.5,2.5,0.5,0.5,1.6,7,1.6,5.3,802
71,32,1,13,5.4,1.4,0.6,0,0,5.4,1.7,4.9,670
71,33,1,3,1.6,0.6,0,0,0.2,1.6,0.4,1.2,156.9
71,35,1,2,1.1,0.4,0,0,0.1,1.1,0.3,0.8,104.6
71,36,1,7,3.8,1.5,0,0,0.5,3.8,1,2.8,366
71,40,1,3,1.5,0.6,0,0.1,0.4,1.4,0.3,1.3,147.3
71,41,1,6,3,1.1,0,0.2,0.7,2.8,0.6,2.6,294.6
71,44,1,9,4.5,1.6,0,0,0,4.5,1.2,4.5,477
71,45,1,1,0.5,0.2,0,0,0,0.5,0.1,0.5,53
71,50,1,2,1.1,0.6,0.1,0,0.1,1.1,0.5,1,126.9
71,54,1,9,4.2,0.7,0,0,0.7,4.2,0,4.2,387
71,55,1,3,1.4,0.2,0,0,0.2,1.4,0,1.4,129
71,67,1,12.5,4.7,1.3,0.3,0,0.5,4.7,0.8,4.4,518.5
71,71,1,9,3.9,1.5,0.3,0,0.3,3.9,1.2,2.7,429.6
71,76,1,4,1.7,0.2,0,0,0.3,1.7,0.2,1.3,170.1
71,79,1,2,0.9,0.2,0,0,0,0.9,0.1,0.8,99
71,85,2,5,1.7,0.2,0.2,0,0.2,1.7,0.1,1.7,207.8
71,93,3,36,14.1,3.1,0,0.5,0.5,13.6,4.7,12.1,1504.7
71,94,2,11,4.3,0.9,0,0.2,0.2,4.1,1.5,3.7,459.8
71,98,2,25,14,7,1,0,1,14,2,11,1471
71,106,1,3,1.2,0.3,0.1,0,0.2,1.2,0.2,1,148.4
71,109,1,2,0.9,0.3,0,0,0,0.9,0,0.8,106
71,112,1,4,1.8,0.5,0.1,0,0.1,1.8,0.1,1.5,212
71,113,1,64,27.2,5.7,2.2,0,1.4,27.2,0.9,25.8,2808
71,114,1,74,26.7,5.2,1.1,0,3,26.7,2.1,21.6,2627
71,115,1,2,0.7,0.2,0.1,0,0,0.7,0.1,0.6,74
71,117,1,70,25.1,2.4,3,1,2.5,24.1,0,23.6,2559
72,3,1,1,0.7,0.4,0,0,0,0.7,0.4,0.6,51.5
72,6,2,7,4.9,3.1,0,0.3,0,4.6,2.8,4.2,360.5
72,17,1,9,4.6,2,0.3,0.3,0.9,4.3,2.3,4.4,457.8
72,18,1,11,6.4,1.7,0,0,1.7,6.4,1.7,3.5,650.7
72,49,1,1,0.4,0,0,0,0,0.4,0,0.3,38.6
72,64,1,6,2.1,0.3,0.4,0.2,0.1,1.9,0.1,1.7,213.5
72,66,2,10,4.5,1,0,0,0.7,4.5,1,4.5,497.9
72,68,2,9,3,0.3,0.1,0.2,0.4,2.8,0.3,2.5,325.2
72,70,3,19,6.3,0.7,0.2,0.4,0.9,5.9,0.7,5.5,686.5
72,71,1,3,1,0.1,0,0.1,0.1,0.9,0.1,0.9,108.4
72,76,2,16,7.1,2.5,0,0,0,7.1,0.7,3.2,830.7
72,77,1,9,4,1.4,0,0,0,4,0.4,1.8,467.3
72,94,1,6,2.7,1,0.2,0.3,0.1,2.4,0.2,2.1,257
72,98,1,3,1.4,0.5,0.2,0.2,0.2,1.2,0.3,1.4,129.6
72,105,1,1,0.3,0,0,0,0,0.3,0,0.3,40.6
72,106,0,158.5,67,26,6,1,1,66,11,56,6808
72,107,1,62,23.2,4.3,1.3,2,1.7,21.2,2.2,21.1,2713.3
72,113,2,106,36.8,5.8,4.4,0.2,2,36.6,0.4,35.2,3852
72,114,1,454.5,229.4,95.1,10,20,37.1,209.4,45,153.4,20546.4
72,115,0,446.5,245,126,7,94,40,151,53,101,21271
72,116,2,27,11.8,3.1,0.8,0.8,1.3,11,0.6,10.7,1172.1
72,117,3,18,7.8,2.1,0.5,0.6,0.8,7.2,0.4,7.2,781.4
73,3,2,9,6.3,4,0,0.4,0,5.9,3.6,5.4,463.5
73,48,1,11,4,0.5,0.3,0,0.5,4,0.5,3.4,424.7
73,49,1,8,2.9,0.4,0.2,0,0.4,2.9,0.4,2.5,308.9
73,63,1,34,17.2,7.7,0.9,0.4,0.2,16.8,4.2,15.3,1801.6
73,64,1,56.5,25.8,9.3,1.7,1.9,3.4,23.9,5.4,16.1,2409.1
73,68,2,28,9.3,1,0.3,0.6,1.3,8.7,1,8,1011.7
73,69,3,19,6.4,0.7,0.2,0.5,0.9,5.9,0.7,5.4,686.5
73,70,1,6,2,0.2,0.1,0.1,0.3,1.9,0.2,1.7,216.8
73,73,2,20,8.2,2.2,0.6,0,0.6,8.2,0.3,6.9,787.8
73,74,2,22.5,9.2,2.5,0.7,0,0.7,9.2,0.3,7.8,886.2
73,85,1,5,2.8,1.3,0,0,0,2.8,0.2,2.6,290
73,86,1,2,1.1,0.5,0,0,0,1.1,0.1,1,116
73,87,1,12,6.7,3.1,0,0,0,6.7,0.4,6.2,696
73,88,1,23,10.3,3,0,0,0.6,10.3,1.8,10.3,1102.8
73,100,1,2,0.9,0.4,0.1,0.1,0.1,0.8,0.2,0.9,86.4
73,106,2,27,8.9,1.1,1.1,0,0.6,8.9,0.2,7.9,1095.1
73,107,3,90.5,30.3,3.5,3.5,0,2.2,30.3,0.4,28.2,3697.7
73,113,1,5,2.2,0.5,0.1,0.1,0.3,2.1,0.1,2,237.2
73,114,3,74,33.4,4.7,1,0.5,4.6,32.9,1,31.8,3587.9
73,115,1,111,49.7,15.3,2.6,2.6,5,47.1,3.4,43.9,5151.2
73,116,2,96.5,46.9,16.4,1.6,9.6,5,37.3,7.4,32.1,4807.9
73,120,2,8,3.2,0.8,0.3,0,0,3.2,0.3,2.7,336.8
73,122,1,3,1.2,0.3,0.1,0,0,1.2,0.1,1,126.3
73,126,2,41,18.4,6.6,2.2,0,0.2,18.4,1.2,17.2,1983.6
73,127,1,5,2.2,0.7,0.1,0,0.1,2.2,0.1,2.1,271.1
74,1,1,6,2.9,0.4,0,0,0.2,2.9,0.8,2.7,332.5
74,5,1,1,0.7,0.4,0,0,0,0.7,0.4,0.6,51.5
74,17,2,6,3.1,1.4,0.2,0.1,0.6,3,1.5,2.9,305.2
74,26,1,6,3.5,1.6,0,0,0.4,3.5,0.9,2.8,366.9
74,36,1,6,2.5,0.4,0,0,0.4,2.5,0.8,2.3,304.1
74,49,1,2,0.7,0.1,0.1,0,0.1,0.7,0.1,0.6,77.2
74,59,1,1,0.6,0.4,0,0,0,0.6,0.1,0.5,71.3
74,60,1,2,1.3,0.7,0,0,0,1.3,0.2,1.1,142.5
74,63,3,35.5,14.3,2.7,1,0.5,1.6,13.8,2.2,13.3,1525.9
74,73,1,6,2.5,0.7,0.2,0,0.2,2.5,0.1,2.1,236.3
74,74,2,15,6.1,1.6,0.5,0,0.5,6.1,0.2,5.2,590.8
74,80,3,74.5,35.7,14.5,1.3,0.3,2.6,35.4,4.2,26.9,3554.3
74,81,3,87,35.3,7.6,0.4,1,0.9,34.3,1,32.1,3798.3
74,85,1,7,3.9,1.8,0,0,0,3.9,0.3,3.6,406
74,87,1,1,0.6,0.3,0,0,0,0.6,0,0.5,58
74,88,1,6,2.7,0.8,0,0,0.2,2.7,0.5,2.7,287.7
74,100,1,5,2.3,0.9,0.4,0.3,0.4,2,0.5,2.3,216.1
74,106,2,9,2.9,0.4,0.4,0,0.2,2.9,0,2.7,365
74,107,2,8,2.6,0.3,0.3,0,0.2,2.6,0.1,2.4,324.5
74,114,2,96.5,40.9,9,1.4,0.2,1.1,40.7,1.4,40.3,4595
74,115,3,122.5,46.3,11.2,4.5,0.7,2,45.6,2.6,44.9,4981.9
74,116,1,2,0.9,0.2,0.1,0.1,0.1,0.8,0,0.8,86.8
74,121,1,3,1.2,0.3,0.1,0,0,1.2,0.1,1,126.3
74,122,1,2,0.8,0.2,0.1,0,0,0.8,0.1,0.7,84.2
74,124,1,18,7.1,1.7,1.3,0,0.4,7.1,1.7,5.9,763.1
74,125,1,42.5,20.3,5.5,1.1,3,0.4,17.3,2.5,12.2,2404.3
74,126,1,165.5,81.9,32.3,2,7,12,74.9,12,67.9,8261.4
74,127,2,39.5,17.2,5.2,1.4,0.1,1.1,17.1,0.6,15.7,2087
77,3,1,5,3.8,2.5,0,0,0.3,3.8,0.6,3.1,413.8
77,7,2,7,5.2,3.5,0,0,0.4,5.2,0.9,4.4,579.2
77,8,1,1,0.5,0.2,0,0,0,0.5,0.2,0.3,51.4
77,13,1,9,3.4,1.2,0.2,0,0.2,3.4,1,3.2,367.5
77,25,2,4,2.4,1.1,0,0,0.3,2.4,0.5,1.9,244.5
77,34,1,1,0.4,0.2,0,0,0,0.4,0.1,0.4,49.6
77,42,1,3,1.4,0.5,0.1,0,0.1,1.4,0.2,1.3,184
77,44,1,4,1.9,0.6,0.1,0,0.1,1.9,0.2,1.8,245.4
77,45,1,3,1.4,0.5,0.1,0,0.1,1.4,0.2,1.3,184
77,60,1,3,1.9,1.1,0,0,0,1.9,0.3,1.6,213.8
77,61,1,3,1.9,1.1,0,0,0,1.9,0.3,1.6,213.8
77,68,2,10,4.4,1,0,0,0.2,4.4,0.9,3.4,573.5
77,69,1,7,3.1,0.7,0,0,0.1,3.1,0.6,2.3,401.5
77,73,1,3,1.2,0.3,0.1,0,0,1.2,0.2,0.9,129.3
77,74,3,20,7.9,2.1,0.5,0,0,7.9,1.5,5.9,862.1
77,88,1,5,1.8,0.4,0.3,0,0.1,1.8,0.4,1.4,200.9
77,89,0,25,11,5,1,0,2,11,7,7,1072
77,92,1,3,1.4,0.4,0.1,0,0.3,1.4,0.1,1,146.3
77,93,1,130.5,64.4,25.1,1.3,2,5,62.4,6.3,54.1,5642.3
77,94,2,198,110.5,57,3.7,30,13,80.5,24.7,63.8,8863.3
77,95,3,40,17.6,4.1,1.7,0,0.6,17.6,1,17.2,1846.2
77,97,1,2,0.9,0.2,0.1,0,0,0.9,0,0.9,92.9
77,99,1,3,1.4,0.5,0.1,0,0,1.4,0.1,1.1,143.2
77,100,3,26,12.2,4.1,0.8,0,0,12.2,0.8,9.8,1240.6
77,110,1,1,0.5,0.2,0,0,0.1,0.5,0.1,0.4,47
77,111,1,3,1.5,0.6,0,0.1,0.2,1.4,0.2,1.3,141
77,115,1,93.5,33.8,7,4,0,2,33.8,2,26.9,3358
77,116,3,80,32.7,12.2,2.4,0.8,1,31.9,5.7,27.2,3376.6
77,117,0,358.5,206,109,4,50,19,156,43,117,18264
77,118,2,75,35.1,9.4,0,0,3,35.1,0,25.5,3553.9
77,119,0,126,47,10,4,0,9,47,4,36,4945
77,124,1,9,4.4,1.4,0.3,0.3,0.5,4.1,0.5,3.8,555.8
77,125,1,4,1.9,0.6,0.1,0.1,0.2,1.8,0.2,1.7,247
77,126,2,12,5.8,1.8,0.4,0.4,0.7,5.4,0.7,5,741.1
77,127,1,2,1,0.3,0.1,0.1,0.1,0.9,0.1,0.8,123.5
40,0,3,6,2.6,0.7,0,0,0.1,2.6,0.3,2.4,319.8
40,1,2,20,8.4,2.3,0.3,0,0.4,8.4,0.9,7.7,937
40,3,1,8,3.4,0.8,0.5,0,0.5,3.4,0,3.1,408
40,4,1,9,3.8,0.9,0.6,0,0.6,3.8,0,3.5,459
40,11,1,3,1.6,0.7,0,0.6,0.2,1,0,0.8,145.1
40,13,1,6,2.9,0.9,0.1,0.2,0.4,2.7,0.3,2.4,328.8
40,17,2,9,4.3,1.3,0.2,0.3,0.7,4,0.5,3.6,493.2
40,29,1,3,1.2,0.4,0.1,0.1,0.1,1.1,0.1,1.1,141.4
40,32,2,7,2.9,0.8,0.3,0.1,0.1,2.8,0.3,2.5,329.8
40,33,1,5,1.8,0.4,0.3,0,0,1.8,0.1,1.7,173.5
40,40,1,5,2.3,0.9,0.1,0.1,0.4,2.2,1.1,2.1,228.4
40,45,1,7,3.3,1.2,0.2,0.2,0.5,3.1,1.6,2.9,319.8
40,50,1,1,0.5,0.2,0,0,0,0.5,0.1,0.4,44.2
40,51,1,3,1.5,0.6,0,0.1,0,1.4,0.4,1.3,132.6
40,67,2,11,7.2,4.4,0,0.6,0,6.6,1.1,4.9,669.3
40,69,2,6,3,1.1,0.1,0.1,0.1,2.9,1.6,2.5,270.5
40,97,1,1,0.5,0.1,0,0,0.1,0.5,0.3,0.5,45.5
40,111,1,4.5,2.3,0.7,0.1,0,0.4,2.3,0.3,2.1,218
40,114,2,3,1.5,0.5,0,0,0.3,1.5,0.2,1.4,145.3
41,0,2,11,4.6,1.2,0.1,0,0.2,4.6,0.5,4.3,515.4
41,1,3,51,21.4,5.8,0.6,0,1.1,21.4,2.4,19.7,2389.5
41,18,1,2,0.9,0.3,0.1,0.1,0,0.8,0.1,0.7,83.8
41,19,1,4,1.7,0.6,0.3,0.2,0.1,1.5,0.3,1.4,167.7
41,45,3,9,4.2,1.5,0.3,0.2,0.6,4,2.1,3.6,411.3
41,46,1,3,1.4,0.5,0.1,0.1,0.2,1.3,0.7,1.2,137.1
41,67,2,6,3.9,2.4,0,0.3,0,3.6,0.6,2.6,365.1
41,82,3,10,4.9,2,0.1,0,0.4,4.9,1,4,450.6
41,97,2,6,3,0.8,0,0,0.6,3,1.6,2.7,273.3
41,102,1,3,1.3,0.3,0.1,0,0.1,1.3,0.3,1,122.7
41,113,1,1,0.5,0.2,0,0,0.1,0.5,0.1,0.5,48.4
41,116,1,6,3,1,0.1,0,0.6,3,0.4,2.8,290.6
41,120,1,4,1.6,0.5,0.2,0,0,1.6,0.5,1.4,164
41,126,1,10,4,1.2,0.4,0,0,4,1.3,3.5,410
67,22,1,5,2.6,1.3,0,0,0,2.6,0.9,2.2,283
67,27,1,3,1.7,1.1,0,0,0,1.7,0.8,1.6,156.3
67,34,1,2,1.1,0.4,0,0,0.1,1.1,0.3,0.8,104.6
67,36,1,3,1.6,0.6,0,0,0.2,1.6,0.4,1.2,156.9
67,37,2,8,4.3,1.7,0,0,0.6,4.3,1.1,3.2,418.3
67,44,1,1,0.5,0.2,0,0,0,0.5,0.1,0.5,53
67,49,1,1,0.5,0.3,0,0,0,0.5,0.2,0.5,63.5
67,56,1,6,2.8,0.5,0,0,0.5,2.8,0,2.8,258
67,70,1,3,1.3,0.5,0.1,0,0.1,1.3,0.4,0.9,143.2
67,72,1,17,7.1,1.4,0,0,1.7,7.1,1,6.1,808.2
67,73,1,100,45.1,12.6,2,3,1.9,42.1,7.6,29.8,4451.3
67,74,1,12,5.1,0.6,0,0,0.9,5.1,0.6,3.8,510.3
67,84,1,2,0.7,0.1,0.1,0,0.1,0.7,0,0.7,83.1
67,88,2,10.5,5.6,2.3,0,0,0.8,5.6,1,4.1,593
67,103,2,54.5,21.8,4.8,0.9,0,2.9,21.8,2.9,18.9,2696.6
67,109,3,84.5,42.4,20.1,2.8,1,3.4,41.4,5.1,38.1,4140.7
67,110,4,36,15.3,4.5,0.9,0,0.6,15.3,1.2,13.9,1925
67,114,1,4,2,1,0,0.3,0.4,1.7,0.4,1,189.9
67,117,1,15,7.5,3.8,0,1.1,1.6,6.4,1.6,3.8,712
67,118,1,16,5.9,1.6,0.5,0,0.5,5.9,1.1,5.9,759.5
68,6,2,8,3.8,1.5,0.1,0.4,0.3,3.4,0.9,3.3,399.9
68,7,1,4,1.9,0.7,0.1,0.2,0.1,1.7,0.4,1.7,199.9
68,9,1,1,0.5,0.2,0,0,0,0.5,0,0.3,51.8
68,28,1,3.5,1.5,0.4,0.2,0,0,1.5,0.5,1.3,180.4
68,41,1,4,2,0.7,0,0.1,0.5,1.9,0.4,1.7,196.4
68,46,1,7,3.5,1.3,0,0,0,3.5,1,3.5,371
68,47,1,3,1.5,0.5,0,0,0,1.5,0.4,1.5,159
68,50,1,1,0.5,0.3,0,0,0,0.5,0.2,0.5,63.5
68,58,1,7,3,1.3,0.5,0,0,3,1.1,1.9,353.2
68,60,2,9,3.9,1.5,0.3,0,0.3,3.9,1.1,3.3,425.1
68,61,1,5,2.2,0.8,0.2,0,0.2,2.2,0.6,1.8,236.2
68,62,2,4,1.7,0.7,0.1,0,0.1,1.7,0.5,1.5,188.9
68,70,3,36,15.4,4.4,0.6,0,2.4,15.4,3.5,11.9,1714.9
68,71,1,14,5.9,1.1,0,0,1.4,5.9,0.8,5,665.6
68,72,1,1,0.4,0.1,0,0,0.1,0.4,0.1,0.4,47.5
68,73,2,10,4.2,0.6,0,0,0.8,4.2,0.6,3.2,425.2
68,81,1,4,1.7,0.6,0.2,0,0,1.7,0.4,1.6,165.2
68,88,1,3,1.6,0.7,0,0,0.2,1.6,0.3,1.2,169.4
68,109,1,18,7.3,2.1,0.5,0,0.3,7.3,0.8,7,969
68,110,2,9,4,1.2,0.2,0,0.1,4,0.2,3.5,479.6
68,115,1,1,0.5,0.2,0,0.1,0.1,0.4,0.1,0.2,47.5
68,120,1,7,2.4,0.2,0.2,0,0.4,2.4,0,2.4,291.8
68,121,1,12,4.1,0.4,0.4,0,0.8,4.1,0,4.1,500.2
68,122,1,9,3.1,0.3,0.3,0,0.6,3.1,0,3.1,375.2
68,123,1,2,1.2,0.5,0,0,0,1.2,0.4,0.8,122.1
34,0,0,223,134,75,1,83,18,51,27,47,10263
34,1,2,77,38.5,11.8,0.5,8,3.5,30.5,1.9,30.9,4018.8
34,2,1,65,32,8.2,0,3.5,3.2,28.5,3.3,24.5,3254
34,3,1,4,2,0.3,0,0.2,0.3,1.8,0.2,1.5,223.1
34,15,2,13.5,6.5,2,0.2,0.5,0.9,6,0.7,5.4,739.9
34,16,1,4,1.9,0.6,0.1,0.1,0.3,1.8,0.2,1.6,219.2
34,24,2,6,2.7,0.8,0.2,0,0.2,2.7,0.5,2.4,313.1
34,40,1,9,4.2,1.5,0.3,0.2,0.6,4,2,3.7,411.2
34,47,1,1,0.5,0.2,0,0,0.1,0.5,0.2,0.4,45.7
34,63,1,1,0.6,0.2,0,0,0,0.6,0,0.4,57.1
34,80,3,7,3.5,1.4,0.1,0,0.3,3.5,0.7,2.8,315.4
34,84,3,8,3.9,1.6,0.1,0,0.3,3.9,0.8,3.2,360.5
34,89,1,3,1.5,0.7,0.1,0,0.1,1.5,0.4,1.5,125.4
34,92,1,6,3.1,1.5,0.1,0,0.2,3.1,0.9,2.9,250.9
34,97,1,1,0.5,0.2,0,0,0,0.5,0.1,0.5,41.8
34,99,1,13,5.5,1.3,0.7,0,0.3,5.5,1.3,4.2,531.7
34,127,1,3,1.2,0.3,0.1,0,0,1.2,0.4,1,123
65,9,1,5,2.5,0.9,0,0,0,2.5,0.2,1.7,258.9
65,13,1,1,0.5,0.3,0,0,0,0.5,0,0.5,59.4
65,14,3,14,7.5,4.4,0.5,0,0,7.5,0.5,7,831.7
65,15,1,1,0.5,0.3,0,0,0,0.5,0,0.5,59.4
65,31,2,5,2.8,1.2,0,0.5,0.2,2.3,0.8,2.5,258.3
65,32,1,1,0.6,0.2,0,0.1,0,0.5,0.2,0.5,51.7
65,36,3,6,3,0.8,0,0,0,3,0.6,2.6,337
65,41,1,4,2.2,1.1,0,0.1,0,2.1,0.4,2.1,217.4
65,50,1,1,0.5,0.3,0,0,0,0.5,0.2,0.5,63.5
65,67,1,2,1,0.2,0,0,0,1,0.1,0.8,97.3
65,83,1,5,2.2,1.1,0.3,0,0,2.2,0.5,1.7,193.8
65,86,1,4,2.1,1.2,0,0,0,2.1,0,1.6,226.4
65,97,1,23,10.3,4.2,0.5,0,0.5,10.3,0.9,9.9,1071.1
65,98,1,5,2.1,0.7,0,0,0.5,2.1,0.3,1.5,276.4
65,101,1,33,15.9,7.5,0,0,0.2,15.9,2.2,14.8,1681.7
65,110,1,2,0.9,0.3,0,0,0,0.9,0,0.8,106
66,9,1,4,2,0.7,0,0,0,2,0.1,1.4,207.1
66,22,2,18,7.8,2,0.4,0,1.6,7.8,1.2,6.1,921.6
66,24,1,1,0.5,0.3,0,0,0,0.5,0.2,0.4,56.6
66,27,2,17,8.9,4.4,0,0,0,8.9,3,7.4,962.3
66,28,1,4,2.2,1,0,0.4,0.2,1.8,0.6,2,206.6
66,31,1,3,1.6,0.8,0,0.3,0.1,1.3,0.4,1.5,154.9
66,32,1,4,2.2,1,0,0.4,0.2,1.8,0.6,2,206.6
66,36,1,14,7,2,0,0,0,7,1.3,6,786.3
66,37,2,75,41.5,19.7,1,6,2,35.5,5.8,29.1,3896.1
66,38,2,22,12.4,6.2,0,0.7,0,11.7,2.1,11.7,1195.6
66,44,1,4,2,0.7,0,0.1,0.5,1.9,0.4,1.7,196.4
66,45,2,4,2,0.8,0,0.1,0.5,1.9,0.4,1.7,196.4
66,48,1,11,5.8,3.1,0.3,0,0.3,5.8,2.8,5.5,698.2
66,72,1,9,3.9,0.8,0,0,0.8,3.9,0.6,2.8,466
66,74,1,1,0.4,0.1,0,0,0,0.4,0.1,0.3,39
66,82,1,2,1.2,0.6,0.1,0.1,0,1.1,0.5,0.9,97.9
66,83,1,6,2.6,1.3,0.4,0,0,2.6,0.6,2.1,232.5
66,86,1,2,1,0.6,0,0,0,1,0,0.8,113.2
66,87,3,21,10.8,6.2,0,0,0,10.8,0,8.5,1188.5
66,88,2,5,2.2,0.9,0.1,0,0.1,2.2,0.2,2.1,232.9
66,97,1,14,6.3,2.6,0.3,0,0.3,6.3,0.6,6,652
66,98,2,70.5,32.9,13.5,3,3,5.1,29.9,4.7,25.4,3511.7
66,99,1,2,0.9,0.3,0,0,0.2,0.9,0.1,0.6,110.6
66,101,1,23.5,11.4,2.8,0,0,0.9,11.4,1.4,10.4,1167.4
66,102,1,14,6.8,1.7,0,0,0.6,6.8,0.8,6.2,695.5
66,103,4,39,17.3,6.9,0.9,0,2.7,17.3,0.9,15.6,1978.5
66,104,1,6,2.7,1.1,0.1,0,0.4,2.7,0.1,2.4,304.4
66,114,1,2,0.9,0.4,0,0,0,0.9,0.1,0.8,110.6
66,117,3,83,42,18.2,1.7,1,2,41,5.3,37.4,4384.2
66,118,2,34.5,18.7,9.1,0,0,2,18.7,3.7,15.3,1922.4
19,6,1,14,5.8,1.3,0.2,0.9,0.7,4.9,0.7,5.3,571.6
19,7,1,1,0.4,0.1,0,0.1,0,0.3,0,0.4,40.8
19,15,1,19,7.9,2.4,0.4,0.8,0,7.1,2.8,5.9,890.2
19,27,2,15,7.5,3.7,0.6,0,0,7.5,3.1,5.7,809.4
19,28,1,1,0.5,0.2,0,0,0,0.5,0.2,0.4,56.9
19,31,3,18,8.3,3,0.2,0.5,0.3,7.8,2.6,6.8,964.2
19,32,2,22,9.6,3.4,0.5,0.8,0.3,8.8,2.7,7.8,1087.4
19,40,1,9,4.6,2.4,0.2,0.4,0.2,4.2,1.9,4.1,526.8
19,41,1,4,2.1,1.1,0.1,0.2,0.1,1.9,0.8,1.8,234.1
19,45,2,7,3.6,1.8,0.1,0.3,0.1,3.3,1.4,3.2,409.8
19,49,1,3,1.5,0.6,0.1,0,0.2,1.5,0.5,0.9,138.4
19,54,1,1,0.5,0.2,0,0,0.1,0.5,0.2,0.3,46.1
19,64,1,4,2.1,0.9,0.1,0.3,0.1,1.8,0.7,1.5,207.1
19,66,2,18,9.2,4.1,0.5,1.1,0.5,8.1,3.1,6.7,931.9
19,68,1,3,1.8,0.9,0.1,0.2,0.2,1.6,0.5,1.3,130.3
19,69,3,5,3,1.5,0.2,0.5,0.3,2.5,0.8,2.2,217.2
19,117,1,4,2.1,1.1,0,0.1,0.2,2,0.7,1.9,204.6
19,118,1,1,0.6,0.3,0,0.1,0,0.5,0.1,0.4,54.6
78,3,1,1,0.8,0.5,0,0,0.1,0.8,0.1,0.6,82.8
78,4,1,1,0.8,0.5,0,0,0.1,0.8,0.1,0.6,82.8
78,7,2,2,1.6,1,0,0,0.2,1.6,0.2,1.2,165.6
78,17,1,10,3.8,1.4,0.3,0,0.3,3.8,1.1,3.5,408.4
78,25,1,2,1.2,0.5,0,0,0.1,1.2,0.3,0.9,122.3
78,37,1,5,2.2,0.9,0.2,0,0.2,2.2,0.3,2.1,247.8
78,39,1,1,0.5,0.2,0,0,0,0.5,0.1,0.4,61.3
78,50,2,15,5.4,0.7,0.4,0,0.7,5.4,0.7,4.6,579.1
78,53,1,8,4.1,1,0,0.2,0.4,3.9,0.4,3.7,449.2
78,60,1,5,3.2,1.8,0,0,0,3.2,0.5,2.7,356.3
78,62,1,2,1.3,0.7,0,0,0,1.3,0.2,1.1,142.5
78,63,1,1.5,0.6,0.1,0.1,0,0,0.6,0,0.4,73.1
78,65,1,13,5.5,1.3,0.6,0,0.3,5.5,0.3,3.9,634
78,68,2,11,4.9,1.1,0,0,0.2,4.9,0.9,3.6,630.9
78,69,2,7,3.1,0.7,0,0,0.2,3.1,0.5,2.3,401.5
78,73,1,3,1.2,0.3,0.1,0,0,1.2,0.2,0.9,129.3
78,88,1,15,5.4,1.2,0.8,0,0.4,5.4,1.2,4.2,602.7
78,89,2,5,1.8,0.4,0.3,0,0.2,1.8,0.4,1.4,200.9
78,92,3,81.5,37.5,9.5,2.9,0,2.7,37.5,2.9,26,3679.7
78,93,1,82.5,36.2,11.6,1.4,0,1,36.2,3.4,32.8,3756.8
78,94,2,4,1.8,0.4,0.2,0,0,1.8,0.2,1.6,182.6
78,95,2,8,3.5,0.8,0.4,0,0.1,3.5,0.1,3.5,371.5
78,96,1,1,0.4,0.1,0,0,0,0.4,0,0.4,46.4
78,100,1,2,0.9,0.3,0.1,0,0,0.9,0.1,0.8,95.4
78,102,1,1,0.5,0.2,0,0,0,0.5,0,0.4,47.7
78,114,1,4,1.8,0.5,0,0,0,1.8,0,1.4,172.5
78,115,2,78,32,9.5,3,0.7,1,31.3,2.3,29,3403.2
78,116,3,34,13.5,4.4,1.6,0.5,0,13,1,11.9,1364.1
78,118,1,4,1.8,0.7,0,0,0,1.8,0,1.5,182.2
43,0,4,36,14.3,3.2,0.5,0.5,0.6,13.8,1.3,12.9,1587.7
43,1,2,14,5.6,1.5,0.1,0.3,0.1,5.3,0.7,5.3,643
43,9,4,35,14.4,3.8,0.5,1,0.9,13.4,4.4,10.5,1533.3
43,10,1,2,0.8,0.2,0,0,0.1,0.8,0.2,0.6,87.6
43,12,1,3,1.2,0.3,0,0.1,0.1,1.1,0.4,0.9,131.4
43,14,1,4,1.7,0.3,0,0,0.2,1.7,0.6,1.5,190.8
43,21,2,16,6.6,1.9,0,0,1.1,6.6,2.4,5.9,799.2
43,22,3,25,10.3,3,0,0,1.8,10.3,3.7,9.1,1248.8
43,27,1,4,1.3,0.2,0.2,0.1,0,1.2,0.1,1,153.4
43,28,3,22.5,10,4.2,0.5,0.5,1.6,9.5,2.6,7.4,1153
43,30,1,2,0.9,0.4,0,0,0.1,0.9,0.2,0.7,102.5
43,34,1,8,3.4,1.3,0.2,0.2,0.4,3.2,0.6,2.5,347.2
43,35,2,23,10.2,3.9,0.7,0.3,1.6,9.9,1.3,7.5,1043.4
43,41,2,11,6.3,2.7,0,0.5,1.1,5.8,1.1,5.2,553.6
43,49,1,10,4.3,2.3,0.3,0,0.3,4.3,1,4,490.7
43,67,2,14,7.4,2.9,0,1,0.5,6.4,1.9,5.3,663.2
43,90,1,3,2.1,1.4,0,0.2,0,1.9,1.4,1.8,187.1
43,106,1,3,1.6,1.2,0.2,0,0,1.6,0.5,1.2,167.4
43,122,1,7,3.5,1.3,0,0,0.6,3.5,1.3,3.5,309.9
43,123,1,2,1,0.4,0,0,0.2,1,0.4,1,88.5
44,0,1,11,4.8,1.3,0.2,0.2,0,4.6,0.4,4.6,677
44,6,1,5,2.3,0.7,0,0,0,2.3,0.2,1.9,235.7
44,13,1,7,3,0.6,0,0,0.4,3,1,2.6,334
44,17,3,21.5,9.3,1.8,0,0,1.3,9.3,3.1,8,1025.8
44,28,1,4,1.8,0.8,0.1,0.1,0.3,1.7,0.5,1.3,205
44,34,1,2,0.9,0.3,0.1,0,0.2,0.9,0,0.7,98.1
44,35,2,47,21.3,8,1.7,0.4,3.9,20.9,2,16.1,2197.6
44,49,1,1,0.4,0.2,0,0,0,0.4,0.1,0.4,49.1
44,53,3,20,9.8,3.4,0.5,1.4,0.9,8.4,1.9,8.3,1093.4
44,54,1,43,18.4,4.8,1.3,1.8,1.5,16.6,3,15.6,1816.3
44,56,1,1,0.5,0.2,0,0.1,0,0.4,0.1,0.4,54.7
44,57,1,17,8.3,2.8,0.4,1.2,0.8,7.1,1.6,7.1,929.3
44,67,1,1,0.5,0.2,0,0.1,0,0.4,0.1,0.4,47.4
44,71,2,5,2.7,1.3,0.2,0,0,2.7,0.5,2.5,306.3
44,100,1,7,3.7,2.7,0.6,0,0,3.7,1.2,2.9,390.6
44,105,2,2,1,0.8,0.2,0,0,1,0.4,0.8,111.6
44,106,1,16,8.4,6.2,1.3,0,0,8.4,2.7,6.7,892.9
44,114,2,11,5.5,2.9,0.3,0.3,0,5.2,1.3,4.8,428.1
44,115,1,1,0.5,0.3,0,0,0,0.5,0.1,0.4,38.9
44,122,2,4,2,0.7,0,0,0.4,2,0.7,2,177.1
45,1,1,3,1.3,0.4,0.1,0.1,0,1.2,0.1,1.2,184.6
45,10,1,3,1.2,0.3,0,0.1,0.1,1.1,0.4,0.9,131.4
45,12,2,9,3.7,0.9,0.2,0.3,0.2,3.4,1.1,2.7,394.2
45,37,4,8.5,4,1.5,0.3,0,0.9,4,0.1,3.1,416.7
45,53,2,14,6.9,2.4,0.3,1,0.7,5.9,1.4,5.9,765.4
45,54,3,86,47.3,21.5,1.5,9.4,1.9,37.9,13.1,30.8,4397
45,63,2,24.5,12.9,5.1,0,1.7,0.9,11.2,3.3,9.3,1160.7
45,64,2,19,10,4,0,1.3,0.7,8.7,2.5,7.2,900.1
45,71,1,3,1.6,0.8,0.1,0,0,1.6,0.3,1.5,183.8
45,85,1,3,1.4,0.5,0.1,0,0.1,1.4,0.6,1.2,142.9
45,86,1,3,1.4,0.5,0.1,0,0.1,1.4,0.6,1.2,142.9
45,90,1,1,0.7,0.5,0,0.1,0,0.6,0.5,0.6,62.4
45,97,1,9,6.4,4.2,0,0.6,0,5.8,4.2,5.3,561.2
45,105,1,1,0.5,0.4,0.1,0,0,0.5,0.2,0.4,55.8
45,124,2,16,8,4,0,0,0,8,2.7,8,769.3
64,1,1,4,1.9,0.7,0.1,0.2,0.1,1.7,0.4,1.7,199.9
64,9,1,2,1,0.4,0,0,0,1,0.1,0.7,103.6
64,14,2,3,1.6,0.9,0.1,0,0,1.6,0.1,1.5,178.2
64,19,3,19,8.2,2.2,0.4,0,1.6,8.2,1.3,6.4,972.8
64,20,1,3,1.3,0.3,0.1,0,0.3,1.3,0.2,1,153.6
64,47,3,5.5,2.7,1.1,0,0.2,0.6,2.5,0.5,2.4,270.1
64,54,1,3,1.6,0.8,0.1,0,0.1,1.6,0.8,1.5,190.4
64,67,2,42,20,4.8,0,0,0.9,20,2.9,17.2,2043.7
64,70,2,14,6.1,1.4,0,0,1.4,6.1,0.9,4.4,724.9
64,73,1,3,1.2,0.3,0,0,0,1.2,0.2,1,117
64,75,1,2,0.8,0.2,0,0,0,0.8,0.1,0.7,78
64,76,1,4,1.7,0.4,0,0,0,1.7,0.3,1.4,156
64,77,1,2,0.8,0.2,0,0,0,0.8,0.1,0.7,78
64,83,1,7,3.1,1.5,0.4,0,0,3.1,0.7,2.4,271.2
64,85,1,1,0.4,0.2,0.1,0,0,0.4,0.1,0.3,38.8
64,101,1,8,3.9,1,0,0,0.3,3.9,0.5,3.6,397.4
64,102,1,10,4.3,1.3,0,0,1,4.3,0.7,3,552.8
36,0,1,279.5,162.6,84.1,4.1,129.1,22.3,33.5,34.4,63.6,11891.1
36,1,1,212.5,97.8,33.2,3.5,17,6.2,80.8,8.5,66.2,8925.8
36,2,0,26,11,3,1,5,1,6,3,4,1036
36,3,1,4,2,0.3,0,0.2,0.3,1.8,0.2,1.5,223.1
36,4,2,10,4.9,0.8,0,0.4,0.8,4.5,0.6,3.7,557.8
36,10,4,59,26,7.7,0,0.9,0.7,25.1,1.9,25.3,2870.3
36,34,2,5,3.2,2,0,0,0,3.2,1.8,2.6,268.9
36,42,1,1,0.5,0.2,0,0,0.1,0.5,0.2,0.4,45.7
36,50,1,4,2,0.8,0,0.1,0,1.9,0.6,1.8,176.8
36,51,3,10,5,2,0,0.3,0,4.7,1.4,4.4,442
36,54,1,4,2,0.8,0,0.1,0,1.9,0.6,1.8,176.8
36,55,1,5,2.5,1,0,0.1,0,2.4,0.7,2.2,220.9
36,56,1,2,1,0.4,0,0,0,1,0.3,0.9,88.4
36,58,1,1,0.5,0.2,0,0,0.1,0.5,0.1,0.4,45.9
36,59,1,6,2.9,1.1,0.2,0.2,0.4,2.7,0.7,2.1,275.1
36,66,1,8,4.8,2,0,0.4,0.4,4.4,0.4,3.6,456.8
36,73,2,19,9.5,3.5,0.5,0.5,0.5,9,5,8,856.5
36,78,1,1,0.5,0.2,0,0,0,0.5,0.1,0.4,45.1
36,88,1,2,1,0.5,0,0,0.1,1,0.3,1,83.6
36,89,1,1,0.5,0.2,0,0,0,0.5,0.1,0.5,41.8
36,103,1,3,1.3,0.3,0.1,0,0.1,1.3,0.3,1,122.7
36,104,1,2,0.9,0.2,0.1,0,0,0.9,0.2,0.7,81.8
36,114,2,9,4.5,1.4,0.2,0,0.9,4.5,0.6,4.1,435.9
36,115,2,8,4,1.3,0.1,0,0.8,4,0.5,3.7,387.5
46,3,2,4,1.9,0.5,0,0,0,1.9,0.1,1.5,188.5
46,4,1,1,0.5,0.1,0,0,0,0.5,0,0.4,47.1
46,6,4,23,10.4,3.2,0,0,0,10.4,0.9,8.5,1084.2
46,24,1,9,3,0.4,0.4,0.2,0,2.8,0.1,2.4,345.1
46,25,2,25,8.2,1.2,1.2,0.4,0,7.8,0.4,6.6,958.6
46,26,2,23,7.5,1.1,1.1,0.3,0,7.2,0.4,6,881.9
46,48,2,8,3.4,1.8,0.2,0,0.2,3.4,0.8,3.2,392.6
46,51,1,1,0.4,0.2,0,0,0,0.4,0.1,0.4,49.1
46,60,2,8,4.3,2,0.3,0,0.7,4.3,1.7,4.3,406.3
46,63,1,16,8.4,3.3,0,1.2,0.6,7.2,2.2,6.1,758
46,64,2,5,2.6,1,0,0.4,0.1,2.2,0.6,1.9,236.9
46,74,1,5,2.7,1.3,0.2,0,0,2.7,0.5,2.6,306.3
46,76,1,1,0.5,0.3,0,0,0,0.5,0.1,0.5,61.3
46,90,1,1,0.7,0.5,0,0.1,0,0.6,0.5,0.6,62.4
46,97,1,2,1.4,0.9,0,0.1,0,1.3,0.9,1.2,124.7
46,100,1,5,2.6,1.9,0.4,0,0,2.6,0.8,2.1,279
46,104,1,1,0.5,0.4,0.1,0,0,0.5,0.2,0.4,55.8
46,112,2,7,3.5,1.9,0.2,0.2,0,3.3,0.9,3.1,272.3
46,113,1,1,0.5,0.3,0,0,0,0.5,0.1,0.4,38.9
46,119,1,1,0.5,0.2,0,0,0.1,0.5,0.2,0.5,44.3
46,124,1,8,4,2,0,0,0,4,1.3,4,384.7
62,21,2,23,12,6,0,0,1.3,12,2.7,11.3,1267.3
62,22,1,1,0.5,0.3,0,0,0.1,0.5,0.1,0.5,55.1
62,29,1,2,1.1,0.5,0,0.2,0.1,0.9,0.3,1,103.3
62,37,1,3,1.5,0.4,0,0,0,1.5,0.3,1.3,168.5
62,47,1,3,1.5,0.6,0,0.1,0.4,1.4,0.3,1.3,147.3
62,60,1,1,0.4,0.2,0.1,0,0,0.4,0.2,0.3,50.5
62,81,1,7,4.2,2.2,0.2,0.2,0,4,1.6,3,342.6
62,82,2,26,15.6,8.1,0.8,0.8,0,14.8,6,11.2,1272.5
62,83,2,11,4.8,2.5,0.7,0,0,4.8,1.1,3.8,426.2
62,90,1,3,1.3,0.6,0.1,0,0.1,1.3,0.1,1.3,139.7
62,108,3,12.5,5.7,1.6,0.2,0,0.2,5.7,0.2,4.8,662.6
62,109,1,6,2.8,0.8,0.1,0,0.1,2.8,0.1,2.3,318.1
62,114,1,2,0.9,0.4,0,0,0,0.9,0.1,0.8,110.6
62,115,3,24,10.2,4,0.6,0,0,10.2,0.8,9.5,1141.6
62,116,1,73,36.1,16.8,2.1,0,4,36.1,6.1,26,3170.6
62,120,1,3,1.4,0.6,0.1,0.1,0.1,1.3,0.1,1.2,160.1
62,121,2,99,52.7,25.6,1.8,0.8,4.7,51.9,7.8,44.2,4735.4
62,127,1,4,2.3,1.1,0,0,0,2.3,0.8,1.7,244.2
63,13,1,3,1.6,1,0.1,0,0,1.6,0.1,1.5,178.2
63,20,3,11.5,5.6,2.4,0.1,0,0.8,5.6,1.1,5.1,618.1
63,21,1,3,1.6,0.8,0,0,0.2,1.6,0.3,1.5,165.3
63,28,1,1,0.6,0.2,0,0.1,0,0.5,0.2,0.5,51.7
63,38,2,5,2.8,1.4,0,0.1,0,2.7,0.5,2.7,271.7
63,39,1,1,0.6,0.3,0,0,0,0.6,0.1,0.5,54.3
63,50,1,3,1.6,0.8,0.1,0,0.1,1.6,0.8,1.5,190.4
63,51,1,3,1.6,0.8,0.1,0,0.1,1.6,0.8,1.5,190.4
63,60,1,16,6.8,3.1,1.2,0,0,6.8,2.5,4.3,807.4
63,70,2,9,4,0.9,0,0,0.9,4,0.5,2.8,466.1
63,73,1,3,1.2,0.3,0,0,0,1.2,0.2,1,117
63,76,2,10,4.1,1,0,0,0,4.1,0.7,3.5,390
63,77,1,4,1.7,0.4,0,0,0,1.7,0.3,1.4,156
63,85,1,2,0.9,0.4,0.1,0,0,0.9,0.2,0.7,77.5
63,90,1,4,1.8,0.7,0.1,0,0.1,1.8,0.2,1.7,186.3
63,102,1,2,0.9,0.3,0,0,0.2,0.9,0.1,0.6,110.6
63,115,1,14,5.9,2.2,0.4,0,0,5.9,0.4,5.5,637.4
63,120,1,4,1.9,0.8,0.1,0.1,0.2,1.8,0.1,1.6,213.5
63,121,0,29,12,2,0,0,2,12,1,12,1201
47,4,2,4,1.6,0.4,0.1,0,0,1.6,0.3,1.6,151.9
47,5,3,22,8.2,1.7,0.5,0.2,0.3,8,0.7,7.9,929.9
47,6,3,49,18.2,3.3,1.2,0.5,1.2,17.7,1.2,17.1,2149.9
47,24,1,1,0.5,0.2,0,0.1,0,0.4,0.1,0.3,47.9
47,25,2,38,17.3,5.8,1.7,2.4,0.8,14.9,3.3,12.4,1820.7
47,39,1,1,0.5,0.2,0,0,0,0.5,0.1,0.3,57
47,40,1,9,4.3,1.6,0,0,0.4,4.3,1.2,3.1,513.4
47,42,1,2,1,0.3,0,0,0.1,1,0.3,0.7,114.1
47,43,1,5,2.3,0.7,0.1,0,0,2.3,0.6,2.2,255.4
47,48,1,4,1.7,0.9,0.1,0,0.1,1.7,0.4,1.6,196.3
47,60,2,4,2.1,1,0.1,0,0.3,2.1,0.8,2.1,203.2
47,61,1,1,0.5,0.2,0,0,0.1,0.5,0.2,0.5,50.8
47,64,1,2,1.2,0.6,0,0,0,1.2,0.5,0.8,111
47,81,1,2,0.7,0.1,0.2,0,0.1,0.7,0.1,0.6,88.1
47,84,1,1,0.5,0.2,0,0,0,0.5,0.2,0.4,47.6
47,85,1,12,5.5,1.8,0.3,0,0.3,5.5,2.5,4.9,571.7
47,100,2,10,5.2,2.2,0,0,0.4,5.2,1.2,4.5,526.4
47,101,1,1,0.5,0.3,0,0,0,0.5,0.1,0.5,54.3
47,102,1,3,1.6,0.8,0,0,0.1,1.6,0.4,1.5,163
47,103,1,2,1.1,0.3,0,0,0.1,1.1,0.2,0.9,110.2
47,105,1,11.5,5.8,2.2,0.4,0,0.4,5.8,1.4,5.8,583.6
47,106,2,13.5,6.8,2.6,0.5,0,0.5,6.8,1.6,6.8,685.1
47,109,1,4,2,1.1,0.1,0.1,0,1.9,0.5,1.8,155.6
49,6,1,3,1.2,0.3,0.1,0,0,1.2,0.2,1.2,113.9
49,11,3,5,2.1,0.4,0,0,0.4,2.1,0.6,1.9,238.5
49,22,2,32,16.5,8.8,0,1.9,1.9,14.6,1.9,12.6,1704.8
49,23,1,7,3.2,1.1,0.3,0.5,0.2,2.7,0.6,2.3,335.4
49,30,1,1,0.4,0.2,0,0,0.1,0.4,0.1,0.3,51.2
49,40,2,15,7.2,2.4,0,0.7,0.3,6.5,1.3,5.4,848.9
49,46,1,1,0.5,0.1,0,0,0,0.5,0.1,0.4,51.1
49,52,1,1,0.4,0.2,0,0,0,0.4,0.1,0.4,49.1
49,56,2,14,7.7,2.6,0,0.3,1.5,7.4,1.2,5.4,799.2
49,71,1,3,1.6,0.8,0.1,0,0,1.6,0.3,1.5,183.8
49,73,1,7,3.2,1.9,0.3,0,0,3.2,0.3,2.7,297.8
49,76,2,10,4.7,2.7,0.3,0,0,4.7,0.3,3.9,425.3
49,78,1,8,2.7,0.4,0.6,0,0.2,2.7,0.2,2.3,352.2
49,79,1,4,1.4,0.2,0.3,0,0.1,1.4,0.1,1.2,176.1
49,92,1,1,0.7,0.5,0,0.1,0,0.6,0.5,0.6,62.4
49,95,2,8,3.7,0.8,0,0,0.2,3.7,1,3.1,373.4
49,96,1,13,5.9,1.3,0,0,0.4,5.9,1.7,5,606.8
49,101,1,95,43,17.3,1,12,5.1,31,12.2,21.8,3918.3
49,102,2,132.5,70.7,37.7,3,14,5.1,56.7,21.4,45.4,6692.6
49,103,2,3,1.6,0.5,0,0,0.1,1.6,0.3,1.4,165.3
49,105,2,14,7.3,2.4,0.2,0,0.5,7.3,1.4,6.5,735.7
49,120,3,12,4.5,1.1,0.7,0,0.3,4.5,1.1,3.9,442.3
49,121,1,7,2.7,0.6,0.4,0,0.2,2.7,0.6,2.3,258
79,9,1,5,2.3,0.9,0.1,0.1,0.2,2.2,0.8,1.7,257.1
79,10,2,23,10.8,4,0.6,0.6,1,10.2,3.6,7.6,1182.8
79,12,1,6,2.8,1.1,0.1,0.1,0.3,2.7,0.9,2,308.5
79,13,1,5,1.9,0.7,0.1,0,0.1,1.9,0.5,1.8,204.2
79,15,3,6,2.4,0.9,0.3,0,0.3,2.4,0.6,2.1,245.1
79,17,1,7,2.6,0.9,0.2,0,0.2,2.6,0.8,2.5,285.9
79,31,4,19,8.4,3.4,1.5,0,0.4,8.4,3.4,7.6,1116.3
79,46,2,6,2.8,0.9,0.2,0,0.2,2.8,0.3,2.7,368.1
79,47,1,5,2.3,0.8,0.2,0,0.2,2.3,0.3,2.2,306.7
79,48,1,2,0.7,0.1,0.1,0,0.1,0.7,0.1,0.6,77.2
79,53,1,4,2,0.5,0,0.1,0.2,1.9,0.2,1.9,224.6
79,55,2,21,10.8,2.6,0,0.5,1,10.3,1,9.7,1179.1
79,56,1,8,4.1,1,0,0.2,0.4,3.9,0.4,3.7,449.2
79,63,1,1,0.4,0.1,0,0,0,0.4,0,0.3,48.8
79,64,1,2,0.8,0.2,0.1,0,0,0.8,0,0.6,97.5
79,65,2,18,7.5,1.8,0.8,0,0.5,7.5,0.5,5.4,877.8
79,68,1,3,1.3,0.3,0,0,0.1,1.3,0.2,1,172.1
79,73,1,5,2,0.5,0.1,0,0,2,0.4,1.4,215.5
79,77,2,5,2,0.5,0.1,0,0,2,0.4,1.5,215.5
79,78,2,8,3.1,0.4,0.1,0,0.3,3.1,0.1,2.9,365.9
79,79,1,6,2.3,0.3,0.1,0,0.2,2.3,0.1,2.2,274.4
79,80,1,6,2.3,0.3,0.1,0,0.2,2.3,0.1,2.2,274.4
79,81,3,55,24.3,8.1,1.4,0,1.5,24.3,4.4,17.9,2371.8
79,82,1,1,0.4,0.1,0,0,0,0.4,0,0.4,45.7
79,85,1,2,1,0.4,0,0,0.2,1,0.1,0.9,117.8
79,86,1,11,5.5,1.9,0,0,1,5.5,0.6,5.2,647.7
79,93,1,2,0.9,0.2,0.1,0,0,0.9,0.1,0.8,91.3
79,95,1,2,0.9,0.2,0.1,0,0,0.9,0,0.9,92.9
79,97,1,2,0.9,0.2,0.1,0,0,0.9,0,0.9,92.9
79,101,1,2,0.8,0.2,0,0.1,0.1,0.7,0.1,0.7,83.1
79,102,2,31.5,13.1,2.7,0.5,1.8,1.3,11.3,1.8,11.3,1308.9
79,103,2,58.5,24.5,7.7,1.5,1,0.8,23.5,3.4,20.2,2319.5
79,104,2,65,28.6,10.4,1.5,0,0.7,28.6,5.2,18.3,2986.4
79,114,1,4,1.8,0.5,0,0,0,1.8,0,1.4,172.5
80,2,4,13,6.2,0.8,0,0,0.5,6.2,1.8,5.7,720.3
80,9,1,2,0.9,0.4,0,0,0.1,0.9,0.3,0.7,102.8
80,10,1,7,3.3,1.2,0.2,0.2,0.3,3.1,1.1,2.3,360
80,31,2,18,8.1,3.2,1.4,0,0.4,8.1,3.2,7.2,1057.6
80,35,1,8,3.6,1.4,0.3,0,0.3,3.6,0.6,3.3,396.4
80,45,1,1,0.5,0.2,0,0,0,0.5,0.1,0.4,61.3
80,48,1,1,0.4,0,0,0,0,0.4,0,0.3,38.6
80,58,1,4,2.6,1.4,0,0,0,2.6,0.4,2.2,285
80,61,1,1,0.6,0.4,0,0,0,0.6,0.1,0.5,71.3
80,63,2,26,11.4,4.1,1.6,1.6,0,9.8,0,8.9,1290.2
80,64,1,2,0.9,0.3,0.1,0.1,0,0.8,0,0.7,99.2
80,65,1,2,0.9,0.3,0.1,0.1,0,0.8,0,0.7,99.2
80,66,1,5,2.1,0.5,0.2,0,0.1,2.1,0.1,1.5,243.8
80,68,1,4,1.8,0.4,0,0,0.1,1.8,0.3,1.3,229.4
80,79,1,3,1.2,0.2,0.1,0,0.1,1.2,0.1,1.1,137.2
80,81,1,3,1.2,0.2,0.1,0,0.1,1.2,0.1,1.1,137.2
80,82,2,40,15.5,2.2,0.8,0,1.1,15.5,0.8,14.4,1829.1
80,85,3,21,10.5,3.7,0,0,1.9,10.5,1.2,9.9,1236.5
80,90,1,5,1.8,0.4,0.3,0,0.1,1.8,0.4,1.4,200.9
80,101,2,14,5.9,1.2,0.2,0.8,0.6,5.1,0.8,5,581.7
80,102,0,241.5,127,54,1,8,19,119,29,89,11323
80,103,0,287,143,54,4,13,17,130,31,106,12426
80,104,0,99.5,48,20,2,0,5,48,10,29,4265
80,110,2,72,31.9,7.5,0.3,0.9,2.2,31,2.3,29.8,3112.3
80,113,3,37,22.9,12.6,0,1.1,2.1,21.8,5.1,18.4,2158.7
80,115,1,9.5,5.1,1.4,0,0.9,0.9,4.2,0.9,4.6,433.3
80,117,1,1,0.5,0.1,0,0,0,0.5,0,0.3,43.1
80,118,2,15,6.6,1.9,0.4,0,1,6.6,0.6,5.8,938
80,119,1,129.5,60.5,23,4.2,2,6.5,58.5,9.3,51.1,6568.3
80,120,1,9,3.9,1.1,0.2,0,0.6,3.9,0.4,3.5,562.8
80,122,2,5,2.2,0.2,0,0,0.2,2.2,0.2,2,272.5
80,124,1,2,1,0.3,0.1,0.1,0.1,0.9,0.1,0.8,123.5
48,5,2,24,8.9,1.6,0.5,0.3,0.5,8.6,0.5,8.3,1053.1
48,15,1,9,3.9,0.7,0,0,0.6,3.9,1.3,3.3,429.4
48,42,1,1,0.5,0.2,0,0,0,0.5,0.1,0.3,57
48,51,1,1,0.4,0.2,0,0,0,0.4,0.1,0.4,49.1
48,52,1,1,0.4,0.2,0,0,0,0.4,0.1,0.4,49.1
48,56,3,33,18.2,6.3,0,0.6,3.5,17.6,2.8,12.6,1883.8
48,67,3,9,5.2,2.7,0,0,0,5.2,2.5,3.8,499.4
48,76,2,5,2.3,1.4,0.2,0,0,2.3,0.2,1.9,212.7
48,81,3,21,7.1,1.2,1.7,0,0.5,7.1,0.5,6,924.5
48,84,1,4,1.8,0.6,0.1,0,0.1,1.8,0.8,1.6,190.6
48,85,1,6,2.8,0.9,0.2,0,0.2,2.8,1.2,2.5,285.8
48,100,4,29,14.8,5.6,0,0.3,1.5,14.5,3.4,12.4,1504
48,101,3,93,58.4,37,1,5,2.7,53.4,14.4,42.8,5213.1
48,102,2,28,17,9,0,0,0.4,17,3.4,13.6,1590.5
48,105,2,12,6.2,2.1,0.2,0,0.4,6.2,1.5,5.8,630.6
48,112,1,4,2,1.1,0.1,0.1,0,1.9,0.5,1.8,155.6
48,113,1,1,0.5,0.3,0,0,0,0.5,0.1,0.4,38.9
48,120,1,1,0.4,0.1,0.1,0,0,0.4,0.1,0.3,36.9
50,11,1,2,0.9,0.2,0,0,0.1,0.9,0.3,0.7,95.4
50,28,1,4,1.8,0.8,0.1,0.1,0.3,1.7,0.5,1.3,205
50,29,1,2,0.9,0.4,0,0,0.1,0.9,0.2,0.7,102.5
50,34,1,2,0.9,0.4,0,0,0.1,0.9,0.2,0.7,102.5
50,41,2,8,3.7,1.2,0,0.6,0,3.1,0.4,2.9,450.3
50,46,1,2,0.9,0.3,0,0,0,0.9,0.2,0.9,102.2
50,47,3,27,12.6,3.9,0.6,0,0,12.6,3,12,1379.4
50,53,2,9,4,0.9,0,0,0.3,4,0.3,3.6,350.7
50,57,1,2,0.9,0.2,0,0,0.1,0.9,0.1,0.8,77.9
50,63,2,5,2.9,1.5,0,0,0,2.9,1.3,2.1,277.5
50,73,1,4,1.8,1.1,0.2,0,0,1.8,0.2,1.5,170.2
50,78,1,3,1,0.2,0.2,0,0.1,1,0.1,0.9,132.1
50,84,2,6,2.8,1,0.1,0,0.1,2.8,1.2,2.5,285.8
50,93,1,7,3.2,0.7,0,0,0.2,3.2,0.9,2.7,326.7
50,101,1,8,3.9,1.2,0,0.1,0.4,3.8,0.9,3,401
50,102,3,17,8.2,2.5,0,0.2,0.9,8,1.8,6.4,852.1
50,103,1,2,1.1,0.3,0,0,0.1,1.1,0.2,0.9,110.2
50,105,1,2,1,0.4,0.1,0,0.1,1,0.2,0.9,96
50,108,1,1,0.5,0.3,0,0,0,0.5,0.1,0.4,38.9
50,119,1,1,0.4,0.1,0.1,0,0,0.4,0.1,0.3,36.9
51,2,1,5,2.3,0.7,0,0,0,2.3,0.2,1.9,235.7
51,3,2,45,17.9,3.8,1.6,0,0,17.9,1.2,15.9,2060.4
51,19,1,1,0.5,0.3,0,0.1,0.1,0.4,0.1,0.4,53.3
51,34,1,5,2.2,0.9,0.1,0.1,0.4,2.1,0.6,1.6,256.2
51,39,2,4,1.9,0.7,0,0,0.1,1.9,0.5,1.3,228.1
51,41,2,21,10,3.4,0,1.6,0,8.4,1.1,7.7,1182.1
51,46,1,3,1.4,0.4,0.1,0,0,1.4,0.3,1.3,153.3
51,47,3,15.5,7.2,2.3,0.2,0,0,7.2,1.7,7,791.9
51,48,1,3,1.3,0.7,0.1,0,0.1,1.3,0.3,1.2,147.2
51,57,2,27,12.1,2.9,0,0,0.7,12.1,0.7,10.6,1052.3
51,59,2,7,3.7,1.7,0.2,0,0.6,3.7,1.4,3.7,355.6
51,63,2,7,4.1,2.1,0,0,0,4.1,1.9,2.9,388.4
51,66,1,8,4.6,2.4,0,0,0,4.6,2.2,3.4,443.9
51,67,1,2,1.2,0.6,0,0,0,1.2,0.5,0.8,111
51,69,1,2,1.1,0.5,0.1,0,0,1.1,0.2,1,122.5
51,72,2,6,3.2,1.6,0.2,0,0,3.2,0.6,3,367.6
51,97,1,3,1.4,0.3,0,0,0.1,1.4,0.4,1.2,140
51,98,1,4,1.9,0.6,0,0,0.2,1.9,0.4,1.5,200.5
51,102,1,1,0.5,0.1,0,0,0.1,0.5,0.1,0.4,50.1
51,104,1,5,2.7,0.8,0,0,0.2,2.7,0.6,2.3,275.4
51,107,3,19,9.5,3.7,0.7,0,0.7,9.5,1.4,8.8,912
51,108,1,3,1.5,0.8,0.1,0.1,0,1.4,0.4,1.3,116.7
51,117,1,1,0.5,0.3,0,0,0,0.5,0.1,0.4,38.9
51,122,1,13,5,1.1,0.8,0,0.4,5,1.1,4.2,479.1
51,123,1,8,4,1.5,0,0,0.7,4,1.5,4,354.2
52,0,3,10,4.3,1.3,0.1,0,0.6,4.3,0.3,4.1,497.8
52,2,3,30,13.3,3.8,1,0,1,13.3,1,10.9,1233.8
52,3,2,5,2.5,1.1,0.1,0,0.2,2.5,0.9,2.3,261.4
52,31,4,15,7.5,2.9,0.3,0.3,0.6,7.2,2.1,6.6,740.1
52,37,2,15,6,1.5,0.4,0.2,0.6,5.8,1.2,4.1,553
52,40,1,1,0.5,0.2,0,0,0,0.5,0.1,0.4,42.5
52,46,1,2,1,0.4,0,0,0,1,0.2,0.7,85
52,56,1,3,1.6,0.4,0,0.3,0.2,1.3,0.1,0.9,138.2
52,57,1,3,1.6,0.4,0,0.3,0.2,1.3,0.1,0.9,138.2
52,60,2,5,2.4,0.8,0,0,0,2.4,0.7,2,233.7
52,61,1,3,1.4,0.5,0,0,0,1.4,0.4,1.2,140.2
52,66,1,1,0.4,0.1,0,0,0,0.4,0.1,0.3,40
52,67,1,9,3.7,1.1,0.3,0,0,3.7,0.6,2.8,360
52,78,1,2,0.8,0.2,0,0,0.1,0.8,0.1,0.7,83.3
52,84,1,9,3.8,0.8,0.2,0,0.4,3.8,0.4,3.1,375.1
52,88,1,1,0.5,0.2,0,0,0.1,0.5,0.2,0.5,47
52,89,1,7,3.8,1.2,0,0,0.4,3.8,1.5,3.3,328.7
52,97,3,32,19,7.9,0,1.9,3,17.1,3.9,14,1822.9
52,101,3,14,7.5,3.5,0,0,1,7.5,2,7.5,656
52,115,1,7,3.3,1.5,0.3,0,0.3,3.3,0.5,2.8,316
52,117,1,3,1.4,0.6,0.1,0,0.1,1.4,0.2,1.2,135.4
52,119,1,2,0.8,0.3,0.1,0,0.1,0.8,0.3,0.7,81.7
52,122,2,30,12,5,2,0,0,12,2,11,1202
52,123,1,4,2,0.8,0,0,0.3,2,0.3,1.7,209.5
52,126,1,3,1.5,0.6,0,0,0.2,1.5,0.2,1.3,157.1
52,127,1,2,1,0.4,0,0,0.2,1,0.2,0.9,104.7
53,0,3,48,20.9,6.2,0.9,0,2.1,20.9,1.5,18.4,2196.6
53,17,3,23,9.8,2.9,1,0,1,9.8,2.5,7.9,1138.7
53,21,1,2,0.7,0.1,0.1,0.1,0.1,0.6,0.1,0.6,71.9
53,22,1,2,0.7,0.1,0.1,0.1,0.1,0.6,0.1,0.6,71.9
53,23,1,2,0.7,0.1,0.1,0.1,0.1,0.6,0.1,0.6,71.9
53,24,1,5,1.8,0.4,0.3,0.2,0.2,1.6,0.4,1.5,179.7
53,36,1,5,2,0.5,0.1,0.1,0.2,1.9,0.4,1.4,184.3
53,37,1,4,1.6,0.4,0.1,0.1,0.2,1.5,0.3,1.1,147.5
53,42,1,2,1,0.4,0,0,0,1,0.2,0.7,85
53,49,1,7,3.7,1,0,0.7,0.5,3,0.3,2.2,322.5
53,53,1,12,6.3,1.7,0,1.2,0.9,5.1,0.6,3.7,552.9
53,54,1,7,3.7,1,0,0.7,0.5,3,0.3,2.2,322.5
53,78,2,3,1.2,0.3,0,0,0.1,1.2,0.1,1,125
53,81,2,9,3.8,0.9,0.2,0,0.4,3.8,0.4,3.1,375.1
53,82,1,3,1.3,0.3,0.1,0,0.1,1.3,0.1,1,125
53,91,1,8,4.4,1.3,0,0,0.4,4.4,1.8,3.7,375.7
53,113,1,3,1.4,0.6,0.1,0,0.1,1.4,0.2,1.2,135.4
54,16,2,5,2.2,0.7,0.2,0,0.2,2.2,0.5,1.7,247.5
54,17,1,3,1.3,0.4,0.1,0,0.1,1.3,0.3,1,148.5
54,22,3,12,4.4,0.9,0.7,0.5,0.4,3.9,0.9,3.7,431.3
54,23,3,22,8.1,1.6,1.2,0.9,0.7,7.2,1.6,6.8,790.8
54,24,1,4,1.5,0.3,0.2,0.2,0.1,1.3,0.3,1.2,143.8
54,28,1,2.5,1.3,0.5,0.1,0.1,0.1,1.2,0.4,1.1,123.4
54,29,3,13,6.6,2.5,0.2,0.2,0.5,6.4,1.9,5.7,641.5
54,31,1,5,2.5,0.9,0.1,0.1,0.2,2.4,0.7,2.2,246.7
54,54,1,1,0.4,0.1,0,0,0,0.4,0,0.4,45.1
54,55,2,28,11.3,3.8,0.6,0,0.6,11.3,0.6,10.6,1271.3
54,71,1,2,1.1,0.5,0,0,0.1,1.1,0.3,0.9,106.3
54,78,2,16,7.7,2.7,0.2,0,0.6,7.7,0.9,6.1,793.7
54,92,1,2,1.1,0.3,0,0,0.1,1.1,0.4,0.9,93.9
54,98,1,2,1.1,0.5,0,0,0.1,1.1,0.3,1.1,93.7
54,99,1,12,6.4,3,0,0,0.9,6.4,1.7,6.4,562.3
54,104,1,2,0.9,0.3,0.1,0,0.1,0.9,0.1,0.7,99.6
54,113,1,1,0.5,0.2,0,0,0,0.5,0.1,0.4,45.1
54,115,1,2,0.9,0.4,0.1,0,0.1,0.9,0.1,0.8,90.3
54,116,1,8,3.7,1.7,0.4,0,0.4,3.7,0.6,3.2,361.1
54,117,1,2,0.9,0.4,0.1,0,0.1,0.9,0.1,0.8,90.3
54,119,1,2,0.8,0.3,0.1,0,0.1,0.8,0.3,0.7,81.7
55,8,3,24,11.5,3.2,0.5,2.7,1.1,8.8,2.8,9.7,1180.9
55,13,1,5,2.1,0.6,0.2,0,0.2,2.1,0.5,1.7,247.6
55,29,1,5,2.5,0.9,0.1,0.1,0.2,2.4,0.7,2.2,246.7
55,32,2,7,3.5,1.4,0.2,0.2,0.3,3.3,1,3.1,345.4
55,33,1,2,0.8,0.2,0.1,0,0.1,0.8,0.2,0.6,73.7
55,34,3,62,23.4,8.6,3.7,3.5,3.2,19.9,6.1,11.1,2036.7
55,35,1,15.5,6.2,1.5,0.4,0.2,0.6,6,1.3,4.3,571.5
55,37,1,5,2,0.5,0.1,0.1,0.2,1.9,0.4,1.4,184.3
55,38,1,4,2,0.9,0.1,0,0,2,0.4,1.5,170
55,55,2,25,10.5,3.4,0.4,0,0.5,10.5,0.5,9.7,1156.4
55,56,2,4,1.8,0.6,0,0,0,1.8,0,1.6,196.8
55,59,1,2,1,0.3,0,0,0,1,0.3,0.8,93.5
55,61,2,4,1.9,0.7,0,0,0,1.9,0.5,1.6,186.9
55,62,1,3,1.4,0.5,0,0,0,1.4,0.4,1.2,140.2
55,66,1,15,6.1,1.9,0.5,0,0,6.1,0.9,4.7,600
55,67,1,5,2,0.6,0.2,0,0,2,0.3,1.6,200
55,69,1,9,5,2.2,0,0,0.4,5,1.4,4,478.4
55,70,1,2,1.1,0.5,0,0,0.1,1.1,0.3,0.9,106.3
55,71,1,2,1.1,0.5,0,0,0.1,1.1,0.3,0.9,106.3
55,73,2,7,3.5,1.2,0.2,0.2,0.3,3.3,0.3,3.3,338.1
55,77,1,130,81.5,47.2,2,24,9,57.5,23,43.5,6986.3
55,78,2,68,39.3,19.7,0,2,0.3,37.3,4.7,29.8,3721.3
55,93,1,2,1,0.3,0,0,0.1,1,0,1,89.8
55,94,1,1,0.5,0.1,0,0,0,0.5,0,0.5,44.9
55,104,2,7,3.1,1,0.3,0,0.3,3.1,0.3,2.6,348.5
55,116,2,7,3.2,1.4,0.3,0,0.3,3.2,0.4,2.8,316
55,117,1,1,0.5,0.2,0,0,0,0.5,0.1,0.4,45.1
55,121,3,22,8.8,3.7,0.7,0,0.7,8.8,2.9,8.1,899.1
56,8,2,37.5,20.7,6.9,0.3,2.6,1.6,18.1,3.6,16.7,1718.8
56,11,1,2,1,0.3,0,0.2,0.1,0.8,0.2,0.8,98.4
56,12,1,4,1.9,0.5,0.1,0.4,0.2,1.5,0.5,1.6,196.8
56,13,2,11,4.7,1.4,0.5,0,0.5,4.7,1.1,3.7,544.7
56,41,1,3,1.5,0.7,0.1,0,0,1.5,0.3,1.1,127.5
56,45,1,6,2.9,1.3,0.1,0,0,2.9,0.6,2.2,254.9
56,55,1,14,6.6,2,0,0,0.3,6.6,0.3,5.7,688.9
56,56,3,22,10.3,3.1,0,0,0.5,10.3,0.5,8.9,1082.5
56,59,1,6,2.9,1,0,0,0,2.9,0.8,2.3,280.4
56,66,1,2,0.8,0.2,0.1,0,0,0.8,0.1,0.6,80
56,69,2,5,2.7,1.3,0,0,0.2,2.7,0.7,2.2,265.7
56,76,2,64,34.7,13.5,0.7,0.7,3.2,34,7.2,31.1,3291.6
56,77,3,33,19.5,9.2,0.1,3.2,2.3,16.3,3.3,13.3,1930.1
56,79,3,11,5.9,2.4,0,0,0.4,5.9,0.6,4.4,613.6
56,89,1,6.5,3.6,1.1,0,0,0.4,3.6,1.4,3,305.2
56,90,2,3,1.6,0.5,0,0,0.2,1.6,0.6,1.4,140.9
56,96,3,18,9.4,2.6,0,0,0.8,9.4,0,9.4,808.3
56,104,2,7,3.1,1,0.2,0,0.2,3.1,0.2,2.6,348.4
56,111,1,1,0.5,0.2,0,0,0,0.5,0.1,0.4,45.1
56,114,1,8,3.7,1.7,0.4,0,0.4,3.7,0.6,3.2,361.1
56,119,1,4,1.6,0.7,0.1,0,0.1,1.6,0.5,1.5,163.5
56,125,2,39.5,20,7.7,0,0,3.1,20,3.1,16.9,2068.6
56,126,2,3,1.5,0.6,0,0,0.3,1.5,0.3,1.3,157.1
57,13,1,3,1.4,0.3,0,0,0.2,1.4,0.5,1.2,137.8
57,16,1,2,0.9,0.2,0,0,0.1,0.9,0.3,0.8,91.9
57,31,1,3,1.3,0.7,0.1,0,0,1.3,0.4,1.1,142.9
57,48,1,3,1.6,0.4,0,0.3,0.2,1.3,0.1,0.9,138.2
57,51,1,2,1,0.3,0,0.2,0.1,0.8,0.1,0.6,92.1
57,56,1,97.5,39.7,5.3,1.7,0,5,39.7,3.3,36.7,4361
57,57,2,20,7.5,1.1,0.6,0,0.9,7.5,0.3,6.7,804.4
57,58,3,40,15.5,4,1.7,0.3,1.4,15.2,1.4,14.6,1747.1
57,70,1,2,1,0.3,0.1,0,0,1,0.3,0.9,118.7
57,72,1,3,1.4,0.4,0.1,0,0,1.4,0.4,1.3,178
57,74,3,22,10,2.8,0.4,0.7,0.7,9.3,1.4,8.8,1107.1
57,75,1,1,0.5,0.2,0,0,0,0.5,0.1,0.5,61.9
57,76,3,54,29.2,12.6,0,4,2,25.2,3.7,18.8,3049
57,77,1,8,4.1,1.7,0,0,0,4.1,0.6,3.9,494.9
57,84,1,7,2.9,0.7,0.2,0,0.3,2.9,0.3,2.4,291.7
57,89,1,6,3.1,1.1,0,0,0.2,3.1,0.4,2.7,294.9
57,95,1,2,1.1,0.3,0,0,0.1,1.1,0.4,0.9,93.9
57,107,1,13,5.7,2,0.3,0.7,0.7,5,1.3,5.3,609
57,111,2,12,4.8,1.2,0,0,0,4.8,1.2,4.2,553.8
57,119,2,9,3.1,0.9,0.5,0,0,3.1,0.3,2.6,429.2
57,120,1,3,1,0.3,0.2,0,0,1,0.1,0.8,143.1
57,127,3,28,12.7,5.1,0,0,0,12.7,1.7,11.1,1186.2
58,12,1,4,1.8,0.5,0,0,0.2,1.8,0.7,1.6,183.8
58,13,2,12,5.5,1.3,0,0,0.7,5.5,2,4.8,551.3
58,16,3,13,6,1.4,0,0,0.8,6,2.2,5.2,597.2
58,20,3,48,20.4,4.4,1,0,0.3,20.4,6.5,17,2085.5
58,23,1,6,2.2,0.4,0.3,0.2,0.2,2,0.4,1.9,215.7
58,30,2,9,4.1,2.1,0.3,0,0.2,4.1,0.8,3.6,452.6
58,31,1,4,1.8,1,0.1,0,0,1.8,0.6,1.5,190.5
58,35,4,33.5,19.3,11,0,0,0,19.3,4.9,16.6,1924.5
58,36,1,1,0.6,0.4,0,0,0,0.6,0.1,0.5,55.7
58,50,1,3,1.6,0.4,0,0.3,0.2,1.3,0.1,0.9,138.2
58,57,1,26,9.8,1.5,0.8,0,1.1,9.8,0.4,8.7,1045.7
58,58,2,87,43.7,19.5,2,5.2,1.8,38.5,6.8,36.1,4201.9
58,59,2,80,39,16.3,2.5,0.1,3.5,38.9,3.5,33.7,3995.8
58,60,3,3,1.3,0.4,0,0.1,0,1.2,0.1,1.3,140.9
58,61,2,8,4.3,2,0.3,1,0.3,3.3,0.6,3.7,427.7
58,62,1,1,0.5,0.2,0,0.1,0,0.4,0.1,0.5,53.5
58,64,2,18,9.2,3.5,0.4,0,0,9.2,2.2,6.6,888.2
58,65,1,5,2.6,1,0.1,0,0,2.6,0.6,1.8,246.7
58,68,2,3,1.5,0.4,0.1,0,0,1.5,0.4,1.3,178
58,73,1,7,3.2,0.9,0.1,0.2,0.2,3,0.5,2.8,352.3
58,74,2,7,3.2,0.9,0.1,0.3,0.3,2.9,0.4,2.8,352.2
58,75,3,13,6.1,2,0.1,0.3,0.3,5.8,0.9,5.7,711.9
58,76,2,10,5.1,2.1,0,0,0,5.1,0.8,4.9,618.6
58,95,1,2,1.1,0.3,0,0,0.1,1.1,0.4,0.9,93.9
58,105,1,4,1.7,0.6,0.1,0.2,0.2,1.5,0.4,1.6,187.4
58,117,1,2,0.9,0.4,0.1,0,0,0.9,0.1,0.9,108.1
58,123,1,2,0.9,0.2,0,0,0,0.9,0,0.9,100.4
58,124,2,52,23.9,7.1,0,0,0,23.9,1.3,21.9,2890.8
58,125,1,17,7.2,1.3,0,0,0,7.2,0.4,7.2,853.4
59,13,1,1,0.5,0.1,0,0,0.1,0.5,0.2,0.4,45.9
59,18,1,2,0.9,0.2,0,0,0,0.9,0.2,0.7,88.5
59,20,1,3,1.2,0.2,0,0,0.1,1.2,0.7,1,118.4
59,22,2,5,2,0.3,0,0,0.2,2,1.1,1.7,197.4
59,30,2,18,8.2,4.3,0.6,0,0.2,8.2,2,7,881.2
59,31,1,3,1.3,0.7,0.1,0,0,1.3,0.4,1.1,142.9
59,34,1,1,0.5,0.3,0,0,0,0.5,0.2,0.5,59.1
59,40,1,2,1,0.4,0,0,0,1,0.2,0.7,85
59,42,1,6,2.9,1.3,0.1,0,0,2.9,0.6,2.2,254.9
59,57,2,9,4,0.9,0.1,0,0.4,4,0.1,3.8,455.5
59,58,1,376.5,232.4,157.9,8.8,111.2,16.6,121.2,59.6,102.9,18357.9
59,59,1,125,70.7,38.2,4.5,35.1,4.4,35.6,12.4,43.4,6453.1
59,60,2,127,57.9,18.8,1.9,10.5,3.8,47.4,6.2,45.6,5864.8
59,61,1,87.5,52.2,25,0.3,25.3,9.5,26.9,14.8,24.1,4455.8
59,62,4,15,7.7,2.7,0.3,0.5,0.9,7.2,1.2,6.5,781.8
59,63,3,42,20.3,7.1,0.5,0.2,0.1,20.1,2.9,17.2,2318
59,64,1,2,1,0.4,0,0,0,1,0.2,0.7,98.7
59,67,2,4,2,0.8,0.1,0,0,2,0.5,1.5,197.3
59,68,3,45,24.6,11,0.5,0.7,2.1,23.9,3.4,20,2553.6
59,69,1,4,1.9,0.6,0.1,0,0,1.9,0.6,1.8,237.3
59,72,1,1,0.5,0.1,0,0,0,0.5,0.1,0.4,59.3
59,74,1,2,0.9,0.3,0,0.1,0.1,0.8,0.1,0.8,100.6
59,75,1,5,2.5,1,0,0,0,2.5,0.4,2.5,309.3
59,76,1,2,1,0.4,0,0,0,1,0.2,1,123.7
59,88,1,2,1,0.4,0,0,0.1,1,0.1,0.9,98.3
59,94,1,2,1.1,0.3,0,0,0.1,1.1,0.4,0.9,93.9
59,102,1,6,2.7,0.9,0.2,0,0.2,2.7,0.2,2.2,298.7
59,103,2,6,2.7,1.2,0.3,0.4,0.3,2.3,0.3,2.1,283.8
59,105,2,17,7.4,2.7,0.5,0.8,0.9,6.6,1.6,6.9,797.3
59,112,2,12,4.8,1.2,0,0,0,4.8,1.2,4.2,553.8
59,117,1,12.5,5.7,2.3,0.8,0,0,5.7,0.5,5.4,675.8
59,118,2,11,3.8,1,0.7,0,0,3.8,0.4,3.1,524.6
59,124,2,50,22.5,4.9,0,0,0,22.5,1.3,16.3,2568.1
59,125,1,2,0.9,0.2,0,0,0,0.9,0,0.9,100.4
15,5,2,16,6.6,1.9,0.5,0,0.5,6.6,1.4,5.2,705.4
15,6,1,29.5,15.8,8.2,0.1,4,1.1,11.8,3.2,9.6,1405.2
15,9,1,1,0.4,0.1,0,0,0,0.4,0.1,0.3,46.9
15,18,1,1,0.5,0.2,0,0.2,0.1,0.3,0.1,0.3,49.7
15,19,1,9,4.5,1.6,0,1.6,0.6,2.9,1,2.9,447.4
15,21,1,14,6.2,2.2,0.6,0.6,0.6,5.6,1.1,5.6,597
15,25,1,1,0.5,0.2,0,0,0,0.5,0.1,0.5,63.9
15,26,1,2,1.1,0.3,0,0,0,1.1,0.2,0.9,127.8
15,28,1,1,0.6,0.2,0,0.1,0,0.5,0,0.5,52.5
15,31,2,16,8.3,2.3,0,0.8,0.8,7.5,0.8,6.1,967.7
15,38,2,8,5.3,3.4,0,0.7,0.3,4.6,1.8,2.8,501.8
15,43,3,23,12.9,6.4,0,0,0.7,12.9,6.4,9.3,1334
15,54,1,3,1.5,0.6,0.1,0,0.2,1.5,0.5,0.9,138.4
82,3,2,9,5.4,2.7,0,0,0.4,5.4,1.8,5.4,525.6
82,7,1,2,1.2,0.6,0,0,0.1,1.2,0.4,1.2,116.8
82,8,1,7,4.6,2.8,0,0,0.4,4.6,2.4,3.5,463.1
82,14,1,4,2.6,1.6,0,0,0.2,2.6,1.4,2,264.6
82,15,1,3,2,1.2,0,0,0.2,2,1,1.5,198.5
82,26,1,3,1.8,1,0,0.1,0.1,1.7,0.4,1.3,207.4
82,39,1,1,0.4,0.1,0,0,0,0.4,0.1,0.4,45.8
82,42,2,6,2.5,0.7,0.2,0,0.2,2.5,0.5,2.2,274.7
82,46,1,2,1.1,0.6,0,0,0.1,1.1,0.2,0.9,116.3
82,50,2,15,7.5,3.2,0.5,0,0.3,7.5,1.4,6.3,893.9
82,54,3,18,6.9,2.2,0.7,0,0.3,6.9,1.5,5.9,978.2
82,68,1,1,0.4,0.1,0,0,0,0.4,0.1,0.3,43.6
82,69,3,21,8.6,2.5,0,0,0,8.6,2.5,6.8,916
82,73,1,3,1,0.1,0.1,0,0.1,1,0.3,1,115.5
82,74,2,11,3.8,0.3,0.3,0,0.3,3.8,1.3,3.8,423.7
82,75,1,6,2.1,0.2,0.2,0,0.2,2.1,0.7,2.1,231.1
82,88,2,9,4.4,0.9,0,0,0.3,4.4,0.3,3.7,432.9
82,89,3,11,5.3,1.1,0,0,0.4,5.3,0.4,4.5,529.1
82,90,1,3,1.4,0.3,0,0,0.1,1.4,0.1,1.2,144.3
82,92,3,22,9.8,2.2,0,0,0,9.8,1.5,9.8,993.8
82,93,1,22,8,2.2,0.9,0.2,0.9,7.8,1.3,6.9,773.2
82,94,1,16.5,6,1.7,0.7,0.2,0.7,5.8,1,5.1,579.9
82,101,1,4,1.8,0.5,0,0,0.1,1.8,0,1.6,175
82,109,2,5,3,1,0,0,0.2,3,0.3,2.8,272.3
82,110,1,6,3.5,1.3,0,0,0.2,3.5,0.4,3.3,326.8
82,111,2,2.5,1.5,0.5,0,0,0,1.5,0.2,1.4,136.2
82,116,1,3,1,0.1,0.1,0,0.1,1,0.3,1,108.8
82,119,1,1,0.4,0.1,0,0,0.1,0.4,0.1,0.4,49.3
82,120,2,8,3.6,0.8,0,0,0.4,3.6,0.6,2.8,394.6
82,121,1,5,2.2,0.4,0,0,0.3,2.2,0.3,1.8,246.6
83,15,1,3,2,1.2,0,0,0.2,2,1,1.5,198.5
83,19,1,3,1.5,0.6,0.1,0,0.1,1.5,0.5,1,183.7
83,25,1,2,1.2,0.6,0,0.1,0.1,1.1,0.3,0.8,138.3
83,44,1,4,2.3,1.2,0,0,0.2,2.3,0.3,1.7,232.7
83,45,1,5,2.8,1.5,0,0,0.2,2.8,0.4,2.2,290.9
83,48,1,1,0.5,0.2,0,0,0,0.5,0.1,0.4,59.6
83,50,1,2,1,0.4,0.1,0,0,1,0.2,0.8,119.2
83,51,2,14,7,3,0.5,0,0.2,7,1.3,5.9,834.3
83,57,1,14,5.4,1.7,0.6,0,0.3,5.4,1.1,4.6,760.9
83,78,1,1,0.4,0.1,0.1,0,0,0.4,0,0.3,43.3
83,84,1,47,21,6.9,1,0,2.2,21,3,14.7,2036.3
83,86,1,16,5.5,0.5,1,0.5,1,5,1,5,497
83,87,0,247.5,132,58,5,51,13,81,23,76,11511
83,88,0,111.5,54,18,1,18,5,36,5,38,5040
83,89,1,2,1,0.2,0,0,0.1,1,0.1,0.8,96.2
83,92,2,7,3.1,0.7,0,0,0,3.1,0.4,3.1,316.2
83,93,0,156.5,67,22,3,0,10,67,4,64,6563
83,94,2,105,52.4,21.6,2,0.3,9,52.1,6.6,43.1,5012.8
83,95,1,10,3.6,1,0.4,0.1,0.4,3.5,0.6,3.1,351.5
83,97,1,6,2.8,0.9,0.3,0.4,0.1,2.4,0.4,2,243.9
83,106,2,8,4,1.4,0,0,0,4,0.8,3.7,304.8
83,109,1,2,1.2,0.4,0,0,0.1,1.2,0.1,1.1,108.9
83,118,1,9,3.9,0.8,0,0,0.5,3.9,0.6,3.2,443.8
83,119,3,31.5,13.8,2.8,0,0,1.8,13.8,2.1,11.3,1553.4
83,127,1,5,2.6,0.6,0,0,0.3,2.6,0,1.9,283.7
61,6,1,12,6,2.6,0.3,0,0.5,6,2.1,5.5,627.4
61,28,1,4,1.9,0.9,0.1,0,0.2,1.9,0.1,1.7,214.5
61,29,3,9,4.4,1.9,0.1,0,0.4,4.4,0.1,3.9,482.5
61,31,2,17,8.1,3.6,0.4,0,0.8,8.1,0.4,7.3,911.6
61,32,1,4,1.9,0.9,0.1,0,0.2,1.9,0.1,1.7,214.5
61,37,1,1,0.5,0.3,0,0,0,0.5,0.2,0.5,59.1
61,38,1,3,1.5,0.7,0.1,0,0,1.5,0.3,1.1,127.5
61,50,1,2,1,0.3,0,0.2,0.1,0.8,0.1,0.6,92.1
61,53,1,1,0.4,0.1,0,0,0,0.4,0,0.4,50.6
61,58,1,1,0.5,0.1,0,0.1,0.1,0.4,0.1,0.3,41.9
61,59,1,2,0.9,0.2,0,0.1,0.1,0.8,0.1,0.6,83.7
61,60,1,3.5,1.6,0.3,0,0.1,0.2,1.5,0.2,1.1,146.5
61,64,1,7,3.1,1,0.2,0.3,0.1,2.8,0.5,2.6,292.4
61,65,1,12,5.3,1.7,0.4,0.4,0.2,4.9,0.8,4.4,501.3
61,75,2,15,6.8,2,0.2,0.5,0.5,6.3,1,6,754.8
61,76,1,1,0.5,0.1,0,0.1,0,0.4,0.1,0.4,50.3
61,82,1,3,1.3,0.3,0.1,0,0.1,1.3,0.1,1,125
61,101,2,4,1.7,0.5,0.1,0,0.1,1.7,0.1,1.5,199.1
61,104,1,2,0.9,0.4,0.1,0.1,0.1,0.8,0.1,0.7,94.6
61,108,3,39.5,17.9,4.8,0,0,3.3,17.9,4.1,15.5,1962.8
61,109,2,61,25.1,7.1,2,0,0.7,25.1,5.9,19.6,2276.2
61,112,1,1,0.4,0.1,0,0,0,0.4,0.1,0.4,46.2
61,115,1,1,0.5,0.2,0.1,0,0,0.5,0,0.4,54.1
61,116,2,85,48.5,26.2,1.4,0,3,48.5,11.9,42,4472.4
61,117,1,9,4.1,1.7,0.6,0,0,4.1,0.4,3.9,486.6
61,122,2,7,2.4,0.7,0.4,0,0,2.4,0.3,2,333.8
61,127,2,87,38.1,11.4,0.6,0,4.4,38.1,3.4,34.8,4091.6
42,0,3,62,24.6,5.9,0.6,1,0.8,23.6,2.5,22.6,2758
42,1,2,13,5.2,1.4,0.1,0.2,0.1,5,0.7,5,597.1
42,4,2,7,3.2,0.9,0,0,0,3.2,0.3,2.6,329.9
42,8,1,4,1.6,0.4,0.1,0.1,0.1,1.5,0.5,1.2,175.2
42,9,2,9,3.7,1,0.1,0.3,0.3,3.4,1.1,2.7,394.2
42,11,1,3,1.2,0.3,0,0.1,0.1,1.1,0.4,0.9,131.4
42,12,1,5,2.1,0.5,0.1,0.2,0.1,1.9,0.6,1.5,219
42,38,1,1,0.6,0.2,0,0.1,0.1,0.5,0.1,0.5,50.3
42,39,1,2,1.1,0.5,0,0.1,0.2,1,0.2,1,100.7
42,41,1,7,4,1.7,0,0.3,0.7,3.7,0.7,3.3,352.3
42,44,2,12,7.8,4.2,0,0,0.7,7.8,2.2,7.8,710.9
42,45,1,5,3.2,1.8,0,0,0.3,3.2,0.9,3.2,296.2
42,60,1,4,2.2,1,0.2,0,0.3,2.2,0.8,2.2,203.2
42,64,1,2,1.1,0.4,0,0.2,0.1,0.9,0.3,0.8,94.7
42,77,1,6,3.3,1.5,0.2,0,0,3.3,0.6,3.1,367.5
42,80,1,2,0.9,0.3,0.1,0,0.1,0.9,0.4,0.8,95.3
42,85,1,2,0.9,0.3,0.1,0,0.1,0.9,0.4,0.8,95.3
42,105,1,1,0.5,0.4,0.1,0,0,0.5,0.2,0.4,55.8
81,10,1,1,0.5,0.2,0,0,0,0.5,0.2,0.3,51.4
81,22,1,8,4.7,2.1,0,0,0.5,4.7,1.2,3.8,489.2
81,27,1,1,0.6,0.3,0,0,0.1,0.6,0.1,0.5,61.1
81,29,1,3,1.3,0.5,0.2,0,0.1,1.3,0.5,1.2,176.2
81,36,1,6,2.7,1,0.2,0,0.2,2.7,0.4,2.5,297.3
81,37,2,9,4,1.5,0.3,0,0.3,4,0.6,3.7,446
81,45,1,2,0.9,0.3,0.1,0,0.1,0.9,0.1,0.9,122.7
81,48,1,1,0.4,0,0,0,0,0.4,0,0.3,38.6
81,49,1,4,1.4,0.2,0.1,0,0.2,1.4,0.2,1.2,154.4
81,63,1,2,0.9,0.3,0.1,0.1,0,0.8,0,0.7,99.2
81,68,2,6,2.7,0.6,0,0,0.1,2.7,0.5,2,344.1
81,73,1,2,0.8,0.2,0.1,0,0,0.8,0.2,0.6,86.2
81,81,2,61,20.7,1.7,3.2,0,1.4,20.7,0.2,16.3,2228.8
81,82,1,8,3.1,0.5,0.2,0,0.2,3.1,0.2,2.9,365.8
81,89,1,4,1.4,0.3,0.2,0,0.1,1.4,0.3,1.1,160.7
81,91,1,2,0.7,0.2,0.1,0,0.1,0.7,0.2,0.6,80.4
81,92,1,3,1.1,0.2,0.2,0,0.1,1.1,0.2,0.8,120.5
81,102,1,56.5,21.2,3.9,1.3,1.3,1.9,19.9,3.3,16.9,2049.2
81,103,2,26.5,11.6,4.3,0.8,0,1.3,11.6,2.2,11.2,1101.4
81,104,0,29,12,3,0,0,2,12,1,4,1116
81,107,1,3,1.3,0.5,0.1,0,0.1,1.3,0.2,1.3,124.7
81,109,3,61,26.7,4.9,0.7,0,1.7,26.7,0,23.5,2929.5
81,110,0,227,111,51,8,0,7,111,16,85,10062
81,111,3,17,8.6,3.4,0,0.8,0.9,7.8,1.3,7.3,798.8
81,119,0,42,22,10,0,0,3,22,1,17,2204
81,120,2,73.5,29.9,9,2.1,0,2.8,29.9,2.7,27.7,3908
81,121,2,25,10.9,0.7,0,0,0.7,10.9,0.7,10.2,1362.5
81,122,1,2,0.9,0.1,0,0,0.1,0.9,0.1,0.8,109
81,123,1,3,1.5,0.5,0.1,0.1,0.2,1.4,0.2,1.3,185.3
81,124,1,1,0.5,0.2,0,0,0.1,0.5,0.1,0.4,61.8
84,7,1,2,1.2,0.6,0,0,0.1,1.2,0.4,1.2,116.8
84,8,1,1,0.7,0.4,0,0,0.1,0.7,0.3,0.5,66.2
84,9,1,1,0.7,0.4,0,0,0.1,0.7,0.3,0.5,66.2
84,12,1,3,2,1.2,0,0,0.2,2,1,1.5,198.5
84,29,1,3,1.7,0.8,0,0,0.2,1.7,0.4,1.5,171.5
84,37,1,4,2.3,1.1,0,0,0.2,2.3,0.5,1.9,228.7
84,50,2,6,3,1.2,0.2,0,0.1,3,0.6,2.5,357.6
84,51,3,23,11.5,4.9,0.8,0,0.4,11.5,2.1,9.7,1370.6
84,56,1,1,0.4,0.1,0,0,0,0.4,0.1,0.3,54.3
84,57,1,6,2.3,0.7,0.2,0,0.1,2.3,0.5,2,326.1
84,58,3,18,7.9,2.6,0,0,0.6,7.9,1.1,6.8,1145.2
84,65,2,14,6.2,1.8,0.3,0,0.3,6.2,1.3,5.9,767.5
84,66,2,8,3.5,1.1,0.2,0,0.2,3.5,0.7,3.4,438.6
84,72,1,6,2.5,0.7,0,0,0,2.5,0.7,1.9,261.7
84,73,2,26,10.5,3.9,1.6,0,0.9,10.5,2.4,9.7,1400
84,77,2,11,3.8,0.3,0.3,0,0.3,3.8,1.3,3.8,423.7
84,78,3,50,18.7,4.4,2.8,0.6,1.7,18.1,2.2,15.9,2164.4
84,82,2,6,2.6,0.8,0,0,0.3,2.6,0.1,2.6,297.3
84,83,2,16.5,8.4,3.5,0,0,0.7,8.4,0,7,859.4
84,84,1,1,0.5,0.2,0,0,0,0.5,0,0.4,52.1
84,85,1,3,1,0.1,0.2,0.1,0.2,0.9,0.2,0.9,93.2
84,86,1,4,1.7,0.4,0.1,0,0,1.7,0.1,1.7,178.7
84,87,2,102,51,21.5,1.3,12.4,4.8,38.6,9.3,37.6,4839.6
84,88,3,80,44.4,22.8,0.3,24.3,5.4,20.1,11.6,18.1,3545.3
84,91,1,2,1,0.3,0,0,0.1,1,0.1,0.9,97.3
84,93,2,128.5,64.8,25.6,2,0.8,6.8,64,2.3,54,5631.2
84,94,3,115,63.2,30.2,1.7,0.6,4.6,62.6,12.1,49.7,5245.1
84,95,1,1,0.5,0.2,0,0.1,0,0.4,0.1,0.3,40.6
84,96,2,12,5.3,1.4,0.5,0.6,0.4,4.7,0.7,3.9,494.5
84,97,2,11,5,1.6,0.5,0.7,0.2,4.3,0.6,3.6,448.8
84,98,1,50.5,23,6.5,0,0,3,23,1,16.5,2228
84,99,1,80.5,28,3.5,4,0,7,28,4,20.5,2555
84,103,1,4,1.9,0.9,0,0,0,1.9,0.1,1.8,172.8
84,104,2,23,11.3,3.7,0,0,0,11.3,0.2,10.9,1143.5
84,105,1,154,88.8,52.6,0,15,6,73.8,11.7,74.1,6679.9
84,106,1,39,18,5.5,1,0,1,18,3.3,16.4,1593.3
84,108,1,9,4.2,1.4,0.2,0.5,0.2,3.7,0.7,3,375.3
84,109,1,92,48.4,19.4,1,2,5.3,46.4,7.7,39.1,4225.1
84,110,1,79,40.5,14.3,0,0,0.2,40.5,1.4,36.3,3567.8
84,111,0,27,12,2,1,0,3,12,1,4,1127
84,118,3,82.5,39.6,14.6,2,0,4.6,39.6,4.9,30.3,5020.4
84,119,1,66,31.3,10.7,1,0,4.1,31.3,6.3,26.8,3305
84,125,1,1,0.5,0.1,0,0,0.1,0.5,0,0.4,56.7
85,4,1,1,0.6,0.3,0,0,0,0.6,0.2,0.6,58.4
85,5,1,2,1.2,0.6,0,0,0.1,1.2,0.4,1.2,116.8
85,6,1,4,2.4,1.2,0,0,0.2,2.4,0.8,2.4,233.6
85,21,1,16,8,3.1,0.6,0,0.6,8,2.5,5.5,979.7
85,26,2,6,3.7,1.9,0,0.3,0.2,3.4,0.8,2.5,414.8
85,36,1,1,0.6,0.3,0,0,0.1,0.6,0.1,0.5,57.2
85,37,1,16,9,4.5,0,0,0.8,9,2.1,7.8,914.9
85,41,1,2,0.9,0.3,0.1,0,0.1,0.9,0.2,0.7,91.6
85,42,1,2,0.9,0.3,0.1,0,0.1,0.9,0.2,0.7,91.6
85,43,1,2,1.1,0.6,0,0,0.1,1.1,0.2,0.9,116.3
85,44,1,6,3.4,1.8,0,0,0.3,3.4,0.5,2.6,349
85,46,1,4,2.3,1.2,0,0,0.2,2.3,0.3,1.7,232.7
85,62,1,7,3.1,1,0,0,0.2,3.1,0.4,2.7,445.3
85,65,2,4,1.7,0.5,0.1,0,0.1,1.7,0.4,1.7,219.3
85,66,3,12,5.3,1.5,0.3,0,0.3,5.3,1.1,5.1,657.9
85,67,1,5,2.2,0.7,0.1,0,0.1,2.2,0.4,2.1,274.1
85,72,2,6,2.4,0.7,0,0,0,2.4,0.7,1.9,261.7
85,73,1,8,3.2,1.2,0.5,0,0.2,3.2,0.8,3,441
85,77,1,2,0.7,0.1,0.1,0,0.1,0.7,0.2,0.7,77
85,78,3,38,14.2,3.3,2.1,0.4,1.2,13.8,1.7,12.1,1644.9
85,79,1,2,0.7,0.2,0.1,0,0.1,0.7,0.1,0.6,86.6
85,81,3,53.5,23.9,6.3,0,0,5.1,23.9,0.6,22.9,3007.6
85,82,2,51,24.5,8.9,0,0,2.7,24.5,1.3,19.5,2396.2
85,83,1,2,1,0.4,0,0,0.1,1,0,0.9,104.2
85,86,1,6,2.5,0.6,0.2,0,0,2.5,0.2,2.5,268.1
85,87,1,8,3.3,0.8,0.2,0,0,3.3,0.2,3.3,357.4
85,88,0,64.5,29,8,1,0,3,29,1,27,2428
85,89,1,114.5,74.4,47.3,1.1,51.1,14.1,23.3,14.6,20,5963.6
85,90,1,44,21.4,6.7,0,1,0.9,20.4,1.7,18.3,2104.7
85,91,2,11,5.5,1.8,0,0,0.6,5.5,0.4,4.7,534.9
85,92,1,4,2,0.6,0,0,0.2,2,0.2,1.7,194.5
85,93,2,29,13.3,4.4,1.4,2,0.7,11.3,1.7,9.6,1178.8
85,94,1,2,0.9,0.3,0.1,0.1,0,0.8,0.1,0.7,81.3
85,97,3,18,7.2,1.1,0.5,0,0.8,7.2,0.8,5.7,761.7
85,98,0,200,84,21,5,1,3,83,3,80,8827
85,99,0,195.5,92,27,2,0,8,92,9,81,8401
85,100,0,302.5,118,22,5,6,17,112,15,74,11499
85,101,1,64,27.1,7.1,1,0,0.9,27.1,1,22.7,2592.8
85,102,2,42.5,17.8,5,1,0,1.5,17.8,0,17.2,1956.1
85,103,3,37,18.5,4.9,0,0,0,18.5,0,18,1944.9
85,104,1,60.5,24.5,2.1,1,0,0,24.5,0,23.5,2447.6
85,105,1,55,21,5.9,2,1,1.1,20,2.7,20,1976.6
85,107,3,38,19,5.8,0,0,0.8,19,4.1,19,1802.6
85,108,0,218.5,121,55,2,0,11,121,18,111,9248
85,109,0,246.5,125,50,2,2,7,123,24,112,9992
85,110,0,173,88,38,4,16,11,72,9,64,8315
85,111,1,50,25.4,8.6,1.1,8.1,3,17.3,5.4,16,2288.2
85,112,2,17,7.7,3.6,0.5,0.5,0,7.2,2,5.6,698
85,113,1,18,6.3,0.8,0.8,0,0.8,6.3,1.7,6.3,652.6
85,114,1,5,1.7,0.2,0.2,0,0.2,1.7,0.5,1.7,181.3
85,118,2,28,10.4,2.4,0,0,0,10.4,0,8.8,1328.8
85,119,1,5,1.9,0.4,0,0,0,1.9,0,1.6,237.3
60,6,3,28,14,6.1,0.6,0,1.2,14,4.9,12.8,1463.9
60,7,1,1,0.5,0.2,0,0,0,0.5,0.2,0.5,52.3
60,22,2,11,4.5,0.8,0,0,0.4,4.5,2.5,3.7,434.3
60,37,1,4,2.1,1,0,0,0,2.1,0.7,1.9,236.5
60,44,2,10,4.9,2.2,0.2,0,0,4.9,1,3.6,424.9
60,45,1,2,1,0.4,0,0,0,1,0.2,0.7,85
60,56,2,25,11.1,2.4,0.5,0,1,11.1,0.5,10.6,1265.4
60,57,2,50,24.5,9.6,1.3,5,0.6,19.5,4.3,21.2,2351.4
60,58,1,111,60.8,27.4,0,1.1,4.3,59.7,7.3,44.3,4729.5
60,59,0,90.5,38,9,1,1,4,37,4,33,4102
60,60,2,37.5,18,4.8,0.2,0.9,2.4,17.1,2.6,13.7,1738.7
60,61,3,20.5,10.4,3.4,0.3,0.2,1.4,10.2,1.6,8.7,1061.6
60,62,1,5,2.5,0.8,0.1,0,0.3,2.5,0.4,2.1,258.9
60,63,1,13,5.7,1.8,0.5,0.5,0.2,5.2,0.9,4.8,543
60,64,1,12,5.3,1.7,0.4,0.4,0.2,4.9,0.8,4.4,501.3
60,65,1,8,3.5,1.1,0.3,0.3,0.1,3.2,0.6,2.9,334.2
60,68,2,14,8.1,4.1,0,0.3,1,7.8,0.6,6.2,778.1
60,88,1,6,3.1,1.1,0,0,0.2,3.1,0.4,2.7,294.9
60,91,4,12,6.1,2.2,0,0,0.4,6.1,0.8,5.5,589.9
60,92,2,7,3.6,1.2,0,0,0.2,3.6,0.4,3.2,344.1
60,94,1,1,0.5,0.2,0,0,0.1,0.5,0.2,0.5,47
60,95,1,2,1.1,0.3,0,0,0.1,1.1,0.4,0.9,93.9
60,102,1,1,0.4,0.1,0,0,0,0.4,0,0.4,49.8
60,103,3,76,37.8,15.8,1.2,3.5,5.2,34.3,2.2,30.1,3638.8
60,104,1,10,4.6,2.1,0.4,0.8,0.4,3.8,0.4,3.5,473.1
60,106,2,7,3,1.1,0.2,0.3,0.4,2.7,0.7,2.9,327.9
60,112,2,55,24,8.5,1,0,1,24,3.5,21.2,2502.2
60,113,1,1,0.5,0.2,0.1,0,0,0.5,0,0.4,54.1
60,122,1,2,0.7,0.2,0.1,0,0,0.7,0.1,0.6,95.4
60,124,2,2,1,0.4,0,0,0,1,0.2,0.8,84.8
60,127,2,59.5,26.8,8.6,1.4,0,0.6,26.8,2.6,22.2,2780.4
86,2,1,1,0.5,0.2,0,0,0.1,0.5,0.1,0.4,52.8
86,18,1,7,3.5,1.3,0.3,0,0.3,3.5,1.1,2.4,428.6
86,30,1,1,0.6,0.3,0,0,0.1,0.6,0.1,0.5,57.2
86,35,1,2,1.1,0.6,0,0,0.1,1.1,0.3,1,114.4
86,49,1,3,1.5,0.6,0.1,0,0,1.5,0.3,1.3,178.8
86,51,1,2,1,0.4,0.1,0,0,1,0.2,0.8,119.2
86,58,2,5,2.2,0.7,0,0,0.2,2.2,0.3,1.9,318.1
86,59,1,4,1.8,0.6,0,0,0.1,1.8,0.2,1.5,254.5
86,66,1,2,0.9,0.3,0,0,0,0.9,0.2,0.8,109.6
86,88,1,130,77.6,44.2,1.4,39.4,8.4,38.2,10.4,36.5,6495.4
86,89,0,263.5,141,64,4,10,13,131,19,96,11780
86,90,1,89,45.5,22.1,1.1,2.1,5.1,43.4,5.5,42.2,4009.1
86,91,2,6,3,1,0,0,0.4,3,0.2,2.6,291.8
86,92,3,61.5,34.3,14.6,0,1,2.9,33.3,4.4,30.9,3243.9
86,93,1,41,17,4.7,3.5,3.8,1.3,13.2,1.6,12.6,1714.1
86,94,2,3,1.4,0.5,0.1,0.2,0,1.2,0.2,1,121.9
86,96,3,38,15.2,2.1,0.9,0,1.7,15.2,1.7,12.1,1608.1
86,97,1,184.5,78.7,16.5,2.6,0,7.2,78.7,6.2,69.6,7871.6
86,98,0,311,170,86,6,34,19,136,27,109,13576
86,99,0,418.5,236,130,6,53,25,183,49,126,18322
86,100,0,317,174,89,5,86,26,88,49,76,13919
86,101,1,108,46.1,10.9,2,0,5.2,46.1,6,24.8,4688.2
86,102,1,102,50.3,18.5,0,0,4.3,50.3,5,45.8,5046.9
86,103,2,15,7.5,1.9,0,0,0,7.5,0,7.3,788.5
86,104,1,7,3.5,0.9,0,0,0,3.5,0,3.4,368
86,107,1,2,1,0.3,0,0,0,1,0.2,1,94.9
86,108,3,103.5,55.3,27.6,2,2.6,3,52.7,10.1,40.8,4388.8
86,109,3,120.5,52.1,16.6,4.7,1.5,6.7,50.6,5.4,37.1,4509.8
86,110,2,82.5,40.1,17.7,3.4,0.7,1.2,39.4,5.5,33.2,3320.5
86,111,1,7,3.2,1.5,0.2,0.2,0,3,0.8,2.3,287.4
86,112,0,25,11,3,0,0,3,11,2,10,1061
87,1,1,4,2.1,0.7,0.1,0,0.2,2.1,0.2,1.6,198.4
87,2,2,12.5,6.5,2.1,0.4,0,0.7,6.5,0.7,5.2,619.8
87,11,3,4,2.7,1.6,0,0,0.3,2.7,1.3,2,264.7
87,12,1,2,1.3,0.8,0,0,0.1,1.3,0.7,1,132.3
87,42,1,2,0.9,0.3,0.1,0,0.1,0.9,0.2,0.7,91.6
87,43,1,5,2.1,0.6,0.2,0,0.2,2.1,0.4,1.8,228.9
87,46,2,15,6.4,1.9,0.7,0,0.7,6.4,1.3,5.5,686.8
87,47,1,4,1.7,0.5,0.2,0,0.2,1.7,0.3,1.4,183.1
87,49,1,3,1.6,0.6,0,0.1,0.1,1.5,0.3,1.1,167.6
87,51,3,12,5.3,1.6,0.2,0,0,5.3,0.5,4.8,632.2
87,60,2,9,4.4,1,0,0.2,0.9,4.2,0.9,3.9,537.9
87,63,2,21,9.5,1.7,0,0,0,9.5,0.6,8.6,998.8
87,76,1,2,0.8,0.2,0,0,0,0.8,0.2,0.8,95
87,77,1,3,1.2,0.3,0,0,0,1.2,0.2,1.2,142.5
87,80,1,37.5,12.9,1.3,0.9,0,1.3,12.9,0,12,1729.3
87,81,2,19,6.5,0.6,0.5,0,0.6,6.5,0,6.1,876.1
87,82,2,6,2,0.2,0.2,0,0.2,2,0,2,276.6
87,88,2,77,34.2,10.8,1.5,0,1,34.2,2.1,32.7,3638.3
87,89,1,165,70.6,20.5,3.5,0,4,70.6,2.7,69.1,7306.7
87,90,2,97.5,38,10,2.4,0,2.5,38,1.2,31.6,3750.9
87,93,1,1,0.4,0.2,0,0,0,0.4,0,0.4,47.4
87,94,2,129,63.6,26.8,3.5,17.5,4,46.1,6,43.6,5577.6
87,95,2,125.5,53.7,15.8,4.3,9.2,7.9,44.5,7,36.9,4840.9
87,96,1,166,84.8,41.6,5,45.2,14.2,39.6,23.1,29.4,6415.1
87,97,0,121,62,21,2,0,1,62,7,54,5903
87,98,0,148.5,74,25,1,4,5,70,8,62,7299
87,99,0,234.5,122,55,6,23,12,99,19,84,10311
87,100,0,178,82,19,2,0,9,82,5,75,7263
87,101,0,208.5,111,49,6,1,6,110,15,96,9345
87,102,1,352,166,61.2,9.5,90.9,33.5,75.1,38.5,61.6,13850.1
87,103,3,57,27.7,11,0.5,0,1,27.7,2,25.2,2573.4
87,104,1,1,0.5,0.3,0,0,0.1,0.5,0.1,0.5,51.4
87,107,1,4,2,0.9,0,0.3,0.2,1.7,0.3,1.6,177.3
87,108,0,55,27,8,0,0,1,27,6,25,2480
87,109,3,28,14.9,7.9,0.9,4.4,0.9,10.5,4.3,11.4,1321.3
87,111,2,12,5.7,1.9,0.1,0.2,0.4,5.5,0.7,4.8,509.3
87,112,2,227,112.3,52.4,5.1,10.1,8.2,102.2,23.6,90.6,9417.9
87,119,1,4,1.7,0.4,0.1,0,0,1.7,0.1,1.5,181.7
87,120,1,9,3.7,1,0.3,0,0,3.7,0.3,3.5,408.7
88,0,1,6,3.1,1,0.2,0,0.3,3.1,0.3,2.5,297.5
88,1,1,1,0.5,0.2,0,0,0.1,0.5,0.1,0.4,49.6
88,7,2,15,7.5,2.5,0,0,1.6,7.5,2.1,6.2,791.6
88,11,1,1,0.7,0.4,0,0,0.1,0.7,0.3,0.5,66.2
88,34,1,5,2.5,1.2,0.2,0,0.2,2.5,1,2,195.7
88,35,1,8,4,1.9,0.3,0,0.3,4,1.6,3.2,313.1
88,37,2,7,3.5,1.6,0.2,0,0.2,3.5,1.4,2.8,273.9
88,38,2,4,1.8,0.6,0.2,0,0.2,1.8,0.4,1.4,183.2
88,42,1,2,0.9,0.3,0.1,0,0.1,0.9,0.2,0.7,91.6
88,52,2,12,5.4,1.6,0.2,0,0,5.4,0.6,4.8,632.2
88,60,1,2,1,0.2,0,0.1,0.2,0.9,0.2,0.9,119.5
88,63,2,46,24,7.5,0,0,0,24,1.5,22.3,2503.2
88,64,1,54,26,10.2,0,0,1,26,1.4,24.4,2888.2
88,68,1,4,1.6,0.2,0,0,0.2,1.6,0.2,1.5,191.3
88,69,1,56,20.5,3,2,0,1.7,20.5,1,17.9,2196.4
88,73,2,33,17.2,6.5,0,0,0,17.2,0.7,16.5,1869.6
88,74,1,12,6.3,2.3,0,0,0,6.3,0.3,6,679.8
88,76,3,37,16.8,5.7,0,0,1,16.8,2.6,12.7,1806.4
88,77,1,5,2.1,0.5,0,0,0,2.1,0.4,1.9,237.4
88,79,2,37,16,6.2,1.6,0,0.5,16,2.1,12.8,1653.7
88,80,2,70,29.1,8.4,1.1,0,2.8,29.1,3.9,21.3,3174.7
88,81,1,4,1.4,0.1,0.1,0,0.1,1.4,0,1.3,184.5
88,83,1,12,4.5,1,0.3,0,0.3,4.5,1.4,4.1,417.3
88,84,1,7,2.6,0.6,0.2,0,0.2,2.6,0.8,2.4,243.4
88,85,1,4,1.5,0.3,0.1,0,0.1,1.5,0.5,1.4,139.1
88,89,3,9,4.1,1.9,0.4,0,0,4.1,0.5,3.7,425.1
88,90,2,11,4.9,1.9,0.4,0,0.2,4.9,0.5,4.5,504.1
88,91,2,34,13.5,3.5,1,0,1.8,13.5,0.7,12.5,1475
88,92,2,15,6,1.6,0.5,0,0.8,6,0.3,5.5,650.8
88,94,3,55,24.8,10,2.5,0.4,1,24.4,3.8,22,2322.8
88,95,2,51,26.3,11.2,1.1,8.1,3.9,18.2,2.4,16.5,2119.2
88,96,2,9,4.1,1.2,0.1,0.6,0.5,3.5,0.3,3.1,369.1
88,97,3,34,15.6,4.8,0.3,2.3,2,13.3,1,11.6,1394.4
88,98,4,60.5,27.7,11.1,1.2,1.3,0.6,26.4,4.4,25.2,2482
88,99,2,107.5,57.4,27.6,0.7,15.7,6.4,41.7,6.5,35,4629.9
88,100,0,255.5,126,55,8,19,18,107,29,79,10658
88,101,1,189.5,103,52.8,2.5,18.1,10.5,84.9,16.5,74.4,9074.9
88,102,0,198,92,29,4,1,8,91,11,86,8545
88,103,1,132,71.6,36.8,0.1,1,7.2,70.6,9.2,56.4,5911.1
88,104,2,66,33.6,15.6,1.4,2,2.8,31.6,3.8,27.6,3370
88,105,1,1,0.5,0.3,0,0,0.1,0.5,0.1,0.5,51.4
88,108,2,40,21.6,10.9,0.1,0.4,2.1,21.2,0.5,20.2,1787.6
88,109,1,48,27.5,15.3,1,0.1,1,27.4,5.2,22.4,2127.2
88,111,2,27.5,13,4.2,0.4,0.4,0.8,12.6,1.7,10.9,1167.2
88,112,1,70,33,12.6,1.3,2.2,3.5,30.8,2,25.7,3233.5
88,117,2,11,3.8,0.5,0.5,0,0.5,3.8,1.1,3.8,398.8
88,118,1,16,6.6,1.7,0.5,0,0,6.6,0.5,6.2,726.6
88,119,1,19,7.9,2,0.6,0,0,7.9,0.6,7.3,862.9
88,120,1,29,16.8,8.2,0.1,0,1,16.8,0.1,15.8,1866.8
88,122,1,66,25.1,7.6,0.2,4,3.1,21.1,2.3,20.1,2794.4
88,123,2,16,8.2,2.1,0,0,1,8.2,0,6.2,907.8
88,127,1,2,1,0.3,0,0,0.1,1,0,0.8,113.5
90,19,2,10,6.2,3.2,0,0.4,0.3,5.8,1.3,4.2,691.3
90,30,1,2,1.1,0.6,0,0,0.1,1.1,0.3,1,114.4
90,52,1,1,0.5,0.2,0,0,0,0.5,0.1,0.4,55.9
90,64,1,1,0.4,0.1,0,0,0,0.4,0,0.4,51.1
90,67,1,3,1.3,0.4,0,0.1,0,1.2,0,1.1,153.5
90,68,3,75.5,34.8,6.9,1.5,0,1.7,34.8,2.2,33.6,4133.5
90,69,0,186,84,25,3,4,6,80,15,55,8694
90,70,1,75,34.2,8.2,0,0,2.1,34.2,2.2,30.1,3634.5
90,73,2,10,4.1,1,0,0,0,4.1,0.8,3.9,474.9
90,89,1,2,1,0.5,0.1,0,0,1,0.2,0.8,100.1
90,94,2,15,7,1.8,0.7,0,0.7,7,0.3,6.6,704.3
90,95,2,21,8.9,2.9,0.4,0,0.2,8.9,0.8,7.3,940.2
90,96,1,20,8.5,2.8,0.4,0,0.2,8.5,0.8,7,895.5
90,100,2,18.5,12.6,7.6,0,0.4,1.5,12.2,3.1,11.1,1091
90,101,0,303.5,161,72,2,13,20,148,29,119,14238
90,102,3,15,10.2,6.1,0,0.2,1.2,10,2.5,9,884.6
90,105,1,9,4.5,2.1,0,0.6,0.5,3.9,0.7,3.7,399
90,110,0,35,17,2,0,0,0,17,1,17,1670
90,111,2,90.5,41.8,11.2,1.2,0,6.2,41.8,4.2,30.8,3699.2
90,116,1,16,6,0.7,0.5,0.2,0.5,5.8,0.5,5.6,685.7
90,117,2,39,14.7,1.7,1.2,0.6,1.2,14.1,1.2,13.6,1671.4
90,118,4,24.5,9.7,1.6,0.5,0,1.6,9.7,0.8,8.8,1226.9
90,121,1,1,0.4,0.1,0,0,0,0.4,0,0.3,46.9
90,127,2,36,14.4,2.7,0,0,1.8,14.4,2.7,11.7,1519.2
92,17,1,1,0.5,0.2,0,0,0.1,0.5,0.2,0.4,47.6
92,21,1,1,0.5,0.2,0,0,0,0.5,0.1,0.5,49.7
92,23,1,1,0.5,0.1,0,0,0,0.5,0.1,0.4,53.9
92,24,3,20,9.7,2.8,0,0,0,9.7,1.4,8.3,1078.6
92,47,1,1,0.6,0.4,0,0,0,0.6,0.2,0.5,69.9
92,57,1,4,2,0.7,0,0,0.5,2,0.2,1.5,176.2
92,61,1,9,4.7,2.1,0.3,0,0.3,4.7,1,3.1,458.3
92,62,3,12,6.2,2.9,0.3,0,0.3,6.2,1.4,4.1,611.1
92,66,3,29,12.4,2.9,0.3,1.3,1.7,11.1,1.4,10.8,1262.2
92,67,1,7,3,0.7,0.1,0.3,0.4,2.7,0.3,2.6,304.7
92,69,1,14,6.5,2.1,0.2,0.9,0.2,5.6,0.5,4.9,661.5
92,70,1,1,0.5,0.1,0,0.1,0,0.4,0,0.3,47.2
92,74,1,1,0.5,0.1,0,0.1,0.1,0.4,0,0.4,46.6
92,83,1,4,1.7,0.3,0.1,0,0.2,1.7,0,1.5,188.1
92,84,2,21,9.1,1.5,0.5,0,1.2,9.1,0,8.1,987.7
92,85,2,20,8.7,1.4,0.4,0,1.2,8.7,0,7.7,940.8
92,92,1,26,13.9,6.2,0,0,0,13.9,0.1,13.9,1294.7
92,93,2,54,23.7,6.1,1.5,0,3.6,23.7,0.5,19.6,2390.8
92,95,1,6,2.8,0.8,0,0,0.2,2.8,0.2,2.7,291.5
92,96,1,10,4.7,1.3,0,0,0.3,4.7,0.3,4.5,485.8
92,97,1,122.5,49.5,12.6,1,0,3.5,49.5,5.5,46.9,5366.6
92,98,1,73.5,31.2,7.6,0,0,1,31.2,3.6,25.2,3040.9
92,99,2,17.5,6.7,0.4,0,0,0,6.7,0.4,6.7,785
92,105,3,76,36,13,0,0,3.2,36,5,34,3943.5
92,106,2,20,10,5,0,0,0.9,10,0,10,1002.5
92,115,3,31,16.4,7.7,0,0,0.9,16.4,3.9,16.4,1692.4
92,117,1,1,0.5,0.2,0,0,0,0.5,0.1,0.5,54.6
92,118,1,40,15.3,3.7,0,0,0.7,15.3,1.8,14,1501.8
92,119,3,38.5,16.7,2.5,0,0,2.5,16.7,3,15.4,1770.3
92,121,2,24,12,3.5,0,0,0,12,0.8,10.3,1199.2
92,125,2,6,2.3,0.6,0.1,0,0.1,2.3,0.1,1.9,257.7
92,126,2,10,3.7,0.9,0.2,0,0.2,3.7,0.2,3.2,429.5
101,26,2,9,4.8,2.5,0.1,0.4,0,4.4,0.6,3.9,571.9
101,35,1,6,4.2,2.8,0,0,0.4,4.2,1.8,3.5,388.9
101,36,1,10,7.1,4.7,0,0,0.6,7.1,2.9,5.9,648.2
101,40,1,1,0.6,0.4,0,0,0,0.6,0.2,0.5,69.9
101,56,3,56,27,8.3,1.3,0,1,27,3.6,23.7,3147.8
101,57,3,25,11.9,3.5,0.3,0,1,11.9,1.8,10.6,1481.3
101,58,2,17,7.1,1.6,0.5,0,0.5,7.1,0,5.1,823.7
101,59,1,55,37.5,27.2,0.7,26,0.7,11.5,9,21.9,2385.5
101,69,2,5,3.3,1.7,0,1,0.2,2.3,0.7,2.2,369
101,70,1,2,0.8,0.2,0.1,0,0.1,0.8,0.1,0.8,87.7
101,71,2,6,2.6,0.6,0.2,0,0.2,2.6,0.4,2.4,263.2
101,72,2,20.5,8.6,2.1,0.7,0,0.7,8.6,1.5,7.9,899.1
101,80,1,2,0.8,0.2,0,0,0,0.8,0.2,0.7,107.8
101,85,1,3,1.3,0.3,0,0,0.2,1.3,0.3,1.1,146.6
101,86,2,9,3.9,0.9,0,0,0.6,3.9,1.1,3.3,439.7
101,89,1,5,1.9,0.5,0,0,0,1.9,0.5,1.9,238.5
101,90,1,2,0.8,0.2,0,0,0,0.8,0.2,0.8,95.4
101,98,2,6,3.1,1.3,0.2,0,0.2,3.1,0.5,2.8,395.2
101,105,1,6,3.1,1.3,0.3,0,0.3,3.1,0.5,2.7,395.2
101,111,1,2,1,0.6,0,0,0.1,1,0.2,1,101.1
101,112,1,1,0.5,0.3,0,0,0,0.5,0.1,0.5,50.6
101,113,1,5,2.2,0.7,0.2,0,0.2,2.2,0.6,2,235.2
101,120,2,12,6,2,0,0,0,6,0.7,5.1,652.9
101,121,3,51.5,27.1,9.6,0,0,1,27.1,3.7,22.9,2832.4
101,122,2,9,4.5,1.5,0,0,0,4.5,0.5,3.9,489.7
102,10,1,2,1,0.4,0,0,0.2,1,0.4,0.8,88.5
102,26,2,2,1,0.4,0,0.2,0,0.8,0.2,0.8,99
102,27,3,27,14,5.4,0,1.9,0.7,12.1,3.2,10.2,1337
102,28,1,2,1.1,0.4,0.1,0.1,0.1,1,0.1,0.9,113.9
102,29,1,1,0.5,0.2,0,0,0.1,0.5,0,0.4,57
102,30,1,2,1.1,0.4,0.1,0.1,0.1,1,0.1,0.9,113.9
102,32,1,3,1.5,0.6,0.1,0,0.3,1.5,0.4,1.1,163.3
102,33,1,5,3,1.2,0,0,0.2,3,0.8,2.2,305
102,35,1,1,0.5,0.2,0,0,0.1,0.5,0.1,0.5,47.4
102,36,1,21.5,11.7,4.7,0,0.8,2.3,10.9,3.1,10.9,1019.5
102,40,1,12,5.9,2,0,0,0.3,5.9,1.3,3.3,568.8
102,41,1,2,1,0.3,0,0,0.1,1,0.2,0.5,94.8
102,48,1,1,0.4,0.2,0,0,0.1,0.4,0,0.3,55.4
102,56,2,21,8.5,1.6,0.4,0.1,0.9,8.4,1.3,7.5,1027.7
102,57,4,41,16.7,3.1,0.6,0.3,1.8,16.4,2.5,14.5,2006.4
102,58,2,29,12.3,4.4,0.9,0,0,12.3,2.7,8.8,980.7
102,64,1,13,6,1.9,0,0,0.9,6,0,5.6,658.8
102,65,1,2,0.9,0.3,0,0,0.1,0.9,0,0.9,101.4
102,68,1,2,1,0.4,0,0,0.1,1,0.1,0.8,108.9
102,69,1,2,1,0.4,0,0,0.1,1,0.1,0.8,108.9
102,79,1,4,1.9,0.5,0,0,0.2,1.9,0.3,1.8,210.7
102,83,1,4,1.9,0.5,0,0,0.2,1.9,0.3,1.8,210.7
102,88,1,6,3,1,0.2,0,0.4,3,0.6,2.4,351.2
102,93,1,9,4.5,1.5,0.3,0,0.6,4.5,0.9,3.6,526.8
102,98,1,1,0.6,0.4,0,0,0,0.6,0,0.6,65.8
102,111,2,10,4.4,1.9,0.4,0,0.2,4.4,1.6,4,431.6
102,113,2,11,5.3,1.9,0.4,0.1,0.1,5.2,0.8,4.3,563.2
102,114,3,32,15.4,5.4,1.4,0.4,0.4,15,2.2,12.6,1638.4
102,117,1,14,6.7,2.4,0.6,0.2,0.2,6.5,1,5.5,716.8
102,120,1,3,1.4,0.5,0,0,0,1.4,0.2,1.3,151.4
102,121,2,8,3.6,1.4,0,0,0,3.6,0.6,3.4,403.8
102,122,1,6,2.8,1.1,0,0,0,2.8,0.5,2.5,302.9
102,123,1,7,4.4,2.6,0,0,0.3,4.4,0.6,3.2,321.4
111,2,1,3,1.5,0.4,0,0,0.1,1.5,0.4,1.5,183.9
111,3,1,2,0.9,0.4,0,0,0.1,0.9,0.2,0.7,83.2
111,4,1,28,12.9,2.8,0.1,0,0.1,12.9,2.4,10.4,1120.5
111,5,2,17,8,3.3,0.3,0,0.5,8,1.7,6.1,707.6
111,7,2,6,2.8,1.1,0.1,0,0.2,2.8,0.6,2.2,249.7
111,8,1,1,0.4,0.1,0.1,0,0,0.4,0,0.4,44.2
111,11,3,36,14.2,2.8,2.1,0,0,14.2,1.3,13.6,1590.2
111,12,2,32,15.4,3.8,0.6,0,1,15.4,1.5,15.1,1895.9
111,18,1,1,0.5,0.2,0.1,0,0.1,0.5,0.1,0.4,53.6
111,28,2,11,4.9,1.9,0.5,0.3,0.5,4.6,0.3,3.4,581.1
111,29,1,1,0.4,0.2,0,0,0,0.4,0,0.3,52.8
111,32,1,2,0.9,0.4,0.1,0.1,0.1,0.8,0,0.6,105.7
111,44,1,7,3.2,1.2,0.3,0,0.2,3.2,1.1,3,364.6
111,45,1,3,1.4,0.5,0.1,0,0.1,1.4,0.5,1.3,156.3
111,51,2,10,4.1,1.4,0.6,0.9,0.6,3.2,0,3.6,467.1
111,59,1,2,1,0.5,0.1,0.1,0,0.9,0.2,1,111.3
111,71,1,2,0.8,0,0,0,0,0.8,0,0.7,99.9
111,73,1,3,1.4,0.5,0.1,0,0.2,1.4,0.2,1.2,168
111,77,2,10,4.9,1.7,0.4,0,0.7,4.9,0.7,4.1,560
111,79,2,14,8.4,4,0,1.2,1.6,7.2,0.4,5.2,825.2
111,80,1,7,4.2,2,0,0.6,0.8,3.6,0.2,2.6,412.6
111,82,3,10,5,2.4,0.4,0,0.2,5,1.4,4.6,573
111,83,3,14.5,9.5,5.3,0,0,1.2,9.5,1.7,9.5,889.5
111,88,1,1,0.4,0.1,0,0.1,0.1,0.3,0.1,0.4,45.3
111,94,1,1,0.5,0.2,0,0,0.1,0.5,0.2,0.4,49.1
111,95,1,2,1,0.3,0,0,0.1,1,0.4,0.8,98.2
111,96,1,2,1,0.3,0,0,0.1,1,0.4,0.8,98.2
111,101,1,6,3.4,2,0,0,0.3,3.4,0.3,2.9,315.1
111,108,1,1,0.4,0.2,0,0,0,0.4,0,0.4,44.2
111,111,1,6,2.6,1.2,0.2,0,0.2,2.6,0,2.4,264.9
111,116,1,2,0.9,0.3,0.1,0,0.2,0.9,0.3,0.8,89.7
111,122,1,2,0.9,0.4,0,0,0,0.9,0.2,0.8,101
112,2,1,3,1.4,0.4,0.1,0,0,1.4,0.2,1.2,145.4
112,4,1,3,1.5,0.4,0,0,0.1,1.5,0.2,1.3,169.2
112,5,2,10,4.9,1.3,0,0,0.4,4.9,0.8,4.3,564.2
112,7,2,8,3.9,1.1,0,0,0.3,3.9,0.7,3.5,451.3
112,8,2,26.5,11,2.9,0.2,0,1.2,11,0.5,10.3,1206.3
112,10,2,7,3.6,1.5,0,0,0,3.6,0.2,3.4,403.9
112,11,1,207,111.7,52.8,2,35,9,76.7,20.4,66.3,9244.1
112,12,0,234.5,131,72,2,45,11,86,23,57,10826
112,13,2,78,30,5.5,2.4,0,2.2,30,2.4,25.6,3174.9
112,14,1,2,0.9,0.2,0.1,0,0,0.9,0.1,0.7,98.3
112,17,2,9,5.1,1.6,0,0.4,0.7,4.7,0.9,4.4,522.5
112,18,0,200,95,34,5,0,4,95,5,86,9144
112,19,3,64.5,27.4,8.2,2,0,1,27.4,3.2,24.8,3046.3
112,28,4,40,18.2,8,1.4,0.8,0,17.4,2.9,13.8,1979.7
112,29,2,15,6.9,3,0.5,0.3,0,6.6,1.1,5.1,742.4
112,35,1,2,1,0.4,0,0,0,1,0.2,0.8,115.5
112,45,1,2,0.9,0.2,0,0,0.2,0.9,0.1,0.7,112.4
112,47,2,12,6.1,2.4,0,0.5,0.5,5.6,0.3,4.3,627.1
112,48,3,14.5,8.8,4.5,0,0,1.7,8.8,2.8,7.4,838.2
112,58,1,4,2,0.9,0.1,0,0,2,0.3,1.9,249
112,59,1,13,6.7,2.9,0.3,0,0,6.7,1,6,809.2
112,69,4,32,12.8,3.4,1.4,0,0.6,12.8,2.7,10.2,1396.4
112,72,1,4,2.6,1.8,0,0.6,0.2,2,2,1.4,212.8
112,88,3,16,8,3.2,0,0,0.5,8,2.1,7.5,863.5
112,89,1,4,2,0.8,0,0,0.1,2,0.5,1.9,215.9
112,100,2,13,7.4,3.9,0.2,0.8,0.3,6.6,2.8,5.7,777.6
112,101,3,30,17,9,0.4,1.7,0.9,15.3,6.3,13.1,1794.4
112,106,1,4,1.4,0.4,0.2,0,0,1.4,0.3,1.3,140.9
112,108,1,2,0.9,0.4,0.1,0,0.1,0.9,0.2,0.9,86.5
112,111,1,1,0.4,0.2,0.1,0,0,0.4,0.1,0.4,43.3
112,112,2,8,3.5,1.7,0.5,0,0.2,3.5,0.6,3.5,346.2
112,114,1,3,1.4,0.3,0,0.1,0.1,1.3,0.2,1.1,132.9
112,118,1,2,0.7,0.2,0.1,0,0.1,0.7,0.2,0.6,77.6
112,119,3,13,4.7,1.1,0.4,0,0.4,4.7,1.3,4.1,504.6
112,121,3,6,2.6,0.8,0.2,0,0.2,2.6,0.4,2.4,292
112,122,1,4,1.8,0.6,0.1,0,0.1,1.8,0.3,1.7,194.6
114,5,2,28,13.3,4.2,0.6,0,1.1,13.3,2.2,11.3,1615.9
114,6,2,23,11.1,3.2,0.2,0,0.8,11.1,1.8,9.7,1311.2
114,8,2,49.5,22.4,7,1,0.1,3.3,22.3,1.7,19.5,2645.4
114,9,3,19,7.3,1.9,1,0.1,0.9,7.2,0.5,6.6,842.1
114,10,0,212,130,74,2,26,9,104,25,75,11359
114,11,1,405.5,270,187.4,4.1,150,30.1,120,71.2,106.8,19482
114,12,2,120,65,26.4,1.9,9.4,4.1,55.6,8.1,51.3,6331.3
114,13,2,78.5,52.6,29,0,34,2,18.6,10.8,42.4,4397.2
114,14,2,15,7.3,1.9,0.4,0,0.2,7.3,0.6,5.6,767.8
114,16,2,16,9.1,2.8,0,0.5,1,8.6,1.5,7.7,932.8
114,17,2,10,5.7,1.8,0,0.4,0.8,5.3,1,4.9,580.6
114,21,1,7,3.1,1.1,0.3,0.3,0,2.8,0,3.1,355
114,22,1,35,13.4,1.6,1.4,0,0.2,13.4,2.2,9.2,1398.2
114,31,2,12,6.7,3.6,0.5,0,0,6.7,2.2,6.2,705.8
114,32,1,1,0.6,0.3,0,0,0,0.6,0.2,0.5,58.8
114,35,3,21,13.4,8.6,0,0,0.7,13.4,3,9.6,1484.4
114,41,2,11,6,2.2,0,0,0.6,6,0.5,5.2,618.5
114,42,2,97.5,47.2,16.3,0,4,9.7,43.2,8.4,29.3,4319.6
114,58,1,3,1.4,0.6,0,0.2,0,1.2,0.2,1,166.5
114,60,1,7,3.6,1.5,0.2,0,0,3.6,0.5,3.2,435.7
114,61,3,10,5.1,2.1,0.2,0,0,5.1,0.7,4.6,622.4
114,68,2,10,4.5,1.8,0.4,0,0.3,4.5,0.7,3.4,475
114,69,1,3,1.2,0.3,0.1,0,0.1,1.2,0.3,1,130.9
114,79,2,8,4.7,1.5,0,0.4,1.1,4.3,1.5,4.7,521.9
114,91,1,3,1.5,0.6,0,0,0.1,1.5,0.4,1.4,161.9
114,93,1,2,1.2,0.8,0.1,0.1,0,1.1,0.2,0.8,105.9
114,97,1,6,3.6,2.4,0.3,0.3,0,3.3,0.5,2.4,317.8
114,98,1,3.5,2,1,0,0.2,0.1,1.8,0.7,1.5,209.4
114,104,1,1,0.4,0.1,0.1,0,0,0.4,0.1,0.3,35.2
114,106,1,11,3.9,1.1,0.6,0,0,3.9,0.8,3.7,387.5
114,112,2,12,5.3,2.5,0.7,0,0.3,5.3,0.9,5.3,519.3
114,114,2,4,1.8,0.5,0.1,0.1,0.1,1.7,0.3,1.5,176
114,115,2,147.5,76.7,35.2,1.5,14.8,3.8,61.9,16,50.6,7453.3
114,116,4,34,18.1,9.8,1.1,1,1.2,17.1,4.1,16.1,1686.2
114,117,1,2,0.9,0.2,0.1,0,0.1,0.9,0.2,0.8,102.2
114,119,1,17,6.3,1.3,0.4,0,0.4,6.3,1.8,5.4,659.9
114,124,1,2,0.8,0.2,0.2,0.1,0,0.7,0.1,0.6,99.9
114,125,2,16,6,2,1.3,0.8,0.3,5.2,1,4.5,799.5
114,126,1,3,1.1,0.4,0.2,0.1,0,1,0.2,0.8,149.9
115,0,1,6,3.4,1.7,0,0,0.6,3.4,0.9,3.1,362.6
115,5,1,10,4.6,1.6,0.4,0,0.4,4.6,0.8,3.8,586.8
115,7,1,5,2.3,0.8,0.2,0,0.2,2.3,0.4,1.9,293.4
115,8,2,14,5.3,1.3,0.9,0.2,0.6,5.1,0.5,4.5,612.9
115,9,3,63,27.3,9,2.3,0.3,2.5,27,2.1,24.8,3292.6
115,11,2,31,16.8,8,0.3,0.1,2.4,16.7,3.8,14.2,1562.9
115,12,3,25.5,12.3,5.1,0.8,0.4,1,11.9,2,10.6,1211.1
115,13,2,7,3.9,1.2,0,0,0,3.9,0.4,3.1,415.4
115,14,1,1,0.6,0.2,0,0,0,0.6,0.1,0.4,59.3
115,17,1,3,1.7,0.5,0,0,0,1.7,0.2,1.3,178
115,24,1,6,2.8,0.8,0.1,0,0,2.8,0.4,2.8,319.3
115,28,3,14,7.5,3.5,0,1.3,0,6.2,2.2,5.6,783.5
115,36,2,8,3.4,1,0.3,0.2,0.3,3.2,0.3,2.9,361
115,42,1,5,2.7,1,0,0,0.3,2.7,0.2,2.3,281.1
115,43,1,1,0.5,0.1,0,0,0.1,0.5,0,0.3,56.2
115,51,1,11.5,7,3.6,0,0,1.4,7,2.2,5.9,664.8
115,56,1,3,1.6,0.6,0,0,0.1,1.6,0.5,1.3,175.1
115,59,1,4,1.8,0.8,0,0.3,0,1.5,0.3,1.4,222
115,60,1,5,2.6,1.1,0.1,0,0,2.6,0.4,2.3,311.2
115,63,2,11,5.2,1.8,0.1,0,0.4,5.2,0.1,4.7,576.1
115,64,3,77,37.8,13.9,1.3,0,2,37.8,8.3,31.4,3795.1
115,68,3,30.5,15.9,8.8,0.9,0,1.8,15.9,1.8,11.5,1625.7
115,71,1,4,2.6,1.8,0,0.6,0.2,2,2,1.4,212.8
115,72,1,8,5.2,3.6,0,1.2,0.4,4,4,2.8,425.6
115,73,1,9,4.4,1.9,0.2,0,0.2,4.4,1,3.7,472.5
115,77,2,11,5.3,2.4,0.2,0,0.2,5.3,1.1,4.6,577.5
115,78,1,2,1.2,0.4,0,0.1,0.3,1.1,0.4,1.2,130.5
115,79,1,4,2.4,0.7,0,0.2,0.5,2.2,0.7,2.4,260.9
115,105,2,12,4.3,1.2,0.7,0,0,4.3,0.9,4,422.8
115,106,1,6,2.2,0.6,0.3,0,0,2.2,0.5,2,211.4
115,108,1,1,0.4,0.2,0.1,0,0,0.4,0.1,0.4,43.3
115,111,1,4.5,2,0.9,0.2,0,0.1,2,0.4,2,194.7
115,112,2,5,2.2,1,0.3,0,0.1,2.2,0.4,2.2,216.4
115,114,2,19,8,3,1,0,0,8,1.5,8,818.5
115,115,2,27,11.7,2.7,1.1,0,1.2,11.7,2.3,11,1339.7
115,117,1,2,0.9,0.2,0.1,0,0.1,0.9,0.2,0.8,102.2
115,118,1,11,4.9,1.5,0.4,0,0.4,4.9,0.8,4.6,535.2
115,121,1,2,0.9,0.3,0.1,0,0.1,0.9,0.1,0.8,97.3
115,122,1,6,2.7,0.8,0.2,0,0.2,2.7,0.4,2.5,291.9
115,124,2,4,1.6,0.4,0.4,0.2,0,1.4,0.2,1.2,199.8
115,126,3,30,11.3,3.7,2.3,1.4,0.4,9.9,1.9,8.4,1499
107,14,1,3,1.5,0.6,0.1,0,0.2,1.5,0.6,1.1,132.8
107,21,1,1,0.5,0.2,0.1,0,0.1,0.5,0.1,0.4,53.6
107,24,1,7,3.2,0.8,0.1,0,0.2,3.2,0.5,2.7,334.4
107,25,2,13,6,1.5,0.2,0,0.4,6,1,5,621
107,27,1,7,3.2,0.8,0.1,0,0.2,3.2,0.5,2.7,334.4
107,33,1,4,2,0.7,0,0,0,2,0.4,2,258.9
107,36,2,20.5,9.1,3.6,0.9,0.5,0.9,8.6,0.4,6.3,1083.2
107,37,2,3,1.3,0.6,0.1,0.1,0.1,1.2,0,0.9,158.5
107,50,2,17,7.8,2.8,0,0,0.7,7.8,2.1,7,875.5
107,59,1,1,0.5,0.2,0,0,0,0.5,0.1,0.5,55.6
107,71,3,75.5,28.7,3.6,1.6,0,5.6,28.7,2.6,21.1,3183
107,72,3,60.5,23.2,2.4,1.4,0,0.4,23.2,1.4,22,2867.1
107,85,1,2,1.3,0.7,0,0,0.2,1.3,0.2,1.3,122.7
107,89,2,16,7.8,3.2,0.3,0,0,7.8,2.9,6.4,914.1
107,90,1,2,1,0.4,0,0,0,1,0.4,0.8,114.3
107,92,1,11,6.8,3.7,0,0,0.5,6.8,1.6,6.3,640.6
107,103,3,14,7.5,2.8,0,0,0,7.5,0.9,6.7,700
107,107,2,12,6.4,2.4,0,0,0,6.4,0.8,5.8,600
107,108,1,2,1,0.4,0,0,0.1,1,0.2,0.9,113.3
107,110,2,6,2.7,1.2,0.2,0,0.3,2.7,0.2,2.5,289.9
107,112,1,4,1.7,0.8,0.2,0,0.2,1.7,0,1.6,176.6
107,118,1,5,3.1,1.4,0,0,0,3.1,0.3,3.1,352.2
107,119,1,4,2.4,1.1,0,0,0,2.4,0.2,2.4,281.8
107,123,1,18,10.1,4.8,0.3,0.5,1,9.6,2,8.4,1127.7
107,124,2,8,4.6,2.2,0.2,0.2,0.4,4.4,1,3.8,501.2
107,125,3,21,11.9,5.6,0.2,0.7,1.2,11.2,2.3,9.8,1315.5
108,8,1,3,1.2,0.2,0.2,0,0,1.2,0.1,1.1,132.5
108,14,1,14,7,2.8,0.3,0,1,7,2.8,5.2,619.5
108,21,2,19,9,3.9,1.1,0,1.1,9,2.2,8.4,1018.1
108,22,1,6,2.8,1.2,0.4,0,0.4,2.8,0.7,2.6,321.5
108,23,3,30,13.7,3.6,0.4,0,0.9,13.7,2.2,11.4,1432.9
108,24,1,3,1.4,0.4,0,0,0.1,1.4,0.2,1.1,143.3
108,33,3,15,7.5,2.7,0,0,0,7.5,1.4,7.5,971
108,34,1,3,1.5,0.5,0,0,0,1.5,0.3,1.5,194.2
108,39,1,2,0.9,0.2,0.1,0,0.2,0.9,0.1,0.8,93.6
108,50,2,7,3,1,0.3,0.5,0.4,2.5,0.2,2.6,336.5
108,65,1,5,2.3,0.8,0,0,0,2.3,0.1,1.9,259
108,67,1,4,1.8,0.7,0,0,0,1.8,0.1,1.5,207.2
108,72,1,1,0.4,0,0,0,0,0.4,0,0.3,50
108,75,1,3,1.4,0.5,0.1,0,0.2,1.4,0.2,1.2,168
108,76,1,2,1,0.3,0.1,0,0.1,1,0.1,0.8,112
108,78,1,4,2,1,0.2,0,0.1,2,0.5,1.8,229.2
108,81,1,2,1,0.5,0.1,0,0,1,0.3,0.9,114.6
108,82,4,30,15,7.2,1.3,0,0.6,15,4,13.7,1719.1
108,85,1,3,2,1.1,0,0,0.2,2,0.4,2,184
108,97,2,10,5,1.5,0,0,0.6,5,1.9,4,491
108,100,1,9,5.1,3,0,0,0.4,5.1,0.4,4.3,472.7
108,108,1,2,1,0.4,0,0,0.1,1,0.2,0.9,113.3
108,109,4,37,19,6.7,0.5,0,1.5,19,4.1,16.4,2095.6
108,110,2,9,4.5,1.7,0.2,0,0.4,4.5,0.8,3.9,484.8
108,114,1,1,0.5,0.1,0,0,0.1,0.5,0.1,0.4,44.8
108,116,1,3,1.4,0.4,0.1,0,0.3,1.4,0.4,1.3,134.5
108,118,2,9,5.5,2.5,0,0,0,5.5,0.5,5.5,634
108,123,1,2,1.1,0.5,0,0,0.1,1.1,0.2,0.9,125.3
108,124,1,1,0.6,0.3,0,0,0.1,0.6,0.1,0.5,62.6
108,125,1,3,1.7,0.8,0,0.1,0.2,1.6,0.3,1.4,187.9
113,2,3,32,14.7,4.5,0.9,0,0,14.7,1.9,12.8,1550.7
113,7,1,3,1.5,0.4,0,0,0.1,1.5,0.2,1.3,169.2
113,8,2,36,16.5,3.2,0.1,0,2.5,16.5,0.2,16.3,1829.7
113,9,2,159,70.1,19.6,1.4,2,8.9,68.1,9.7,51.9,7130.4
113,10,2,94.5,61,34.7,0.1,6,4.4,55,6.5,45.4,5376.3
113,11,0,378.5,222,131,5,81,20,141,41,124,17802
113,12,0,257.5,151,84,3,80,13,71,30,83,13302
113,13,0,176,100,48,2,25,9,75,10,74,9452
113,14,2,99.5,49.8,21.1,4,9,1.5,40.8,3,36.2,4996.1
113,15,3,8,3.9,1.1,0.1,0.1,0.3,3.8,0.3,3.2,410.9
113,16,2,12,6.8,2.1,0,0.4,0.9,6.4,1.2,5.9,696.7
113,17,1,5,2.8,0.9,0,0.2,0.4,2.6,0.5,2.5,290.3
113,18,2,45,21.6,8.7,0.9,0,2.9,21.6,3.9,20.2,2236.7
113,22,1,44,21.9,8.9,0.7,2.7,3,19.2,5,15.9,2507
113,23,2,9,4.2,1.2,0.2,0,0,4.2,0.6,4.2,479
113,31,2,13,7.2,3.9,0.5,0,0,7.2,2.4,6.7,764.6
113,32,1,1,0.6,0.3,0,0,0,0.6,0.2,0.5,58.8
113,35,2,4,3.2,2.5,0,0,0.3,3.2,0.8,2,339.7
113,36,1,1,0.5,0.2,0,0,0,0.5,0.1,0.4,57.7
113,37,1,2,1,0.4,0,0,0,1,0.2,0.8,115.5
113,41,1,1,0.5,0.2,0,0,0.1,0.5,0,0.5,56.2
113,47,2,39,19.9,7.7,0,1.5,1.5,18.4,0.8,13.7,2037.9
113,48,3,15,9.1,4.7,0,0,1.8,9.1,2.9,7.7,867.1
113,58,1,2,1,0.4,0,0,0,1,0.1,0.9,124.5
113,69,1,6,2.4,0.6,0.3,0,0.1,2.4,0.5,1.9,261.8
113,76,1,16.5,8,3.6,0.3,0,0.3,8,1.8,6.8,866.3
113,91,1,4,2,0.8,0,0,0.1,2,0.5,1.9,215.9
113,92,1,1,0.5,0.2,0,0,0,0.5,0.1,0.5,54
113,97,2,6,3.6,2.4,0.4,0.4,0,3.2,0.5,2.4,317.9
113,98,1,10,5.7,3,0.1,0.6,0.3,5.1,2.1,4.4,598.2
113,101,3,11,6.3,3.3,0.1,0.7,0.3,5.6,2.3,4.8,657.9
113,102,1,2,1.1,0.6,0,0.1,0.1,1,0.4,0.9,119.6
113,113,1,4,1.9,0.4,0,0.1,0.1,1.8,0.3,1.5,177.2
113,114,1,1,0.5,0.1,0,0,0,0.5,0.1,0.4,44.3
113,115,1,13,7.6,5.1,0.3,0.6,0.3,7,1.8,6.7,634
113,116,1,8,4.7,3.2,0.2,0.4,0.2,4.3,1.1,4.1,390.1
113,118,1,6,2.2,0.5,0.2,0,0.2,2.2,0.6,1.9,232.9
113,126,1,4,1.5,0.5,0.3,0.2,0.1,1.3,0.2,1.1,199.9
109,0,1,2,1,0.3,0,0,0.1,1,0.3,1,122.6
109,2,1,8,4,1.1,0,0,0.3,4,1.1,4,490.4
109,3,1,16,7.4,3,0.3,0,0.6,7.4,1.7,5.8,665.9
109,22,2,7,3.3,1.4,0.4,0,0.4,3.3,0.9,3.1,375.2
109,23,2,40,21.1,10.4,1.1,0.1,2.2,21,2.9,17.3,2172.6
109,24,1,1,0.5,0.2,0,0,0,0.5,0.1,0.4,47.2
109,37,1,7,3.1,1.2,0.3,0.2,0.3,2.9,0.2,2.2,369.8
109,40,1,4,1.8,0.4,0.2,0,0.4,1.8,0.3,1.5,187.3
109,41,1,4,1.8,0.4,0.2,0,0.4,1.8,0.3,1.5,187.3
109,44,1,2,0.9,0.3,0.1,0,0,0.9,0.3,0.9,104.2
109,45,3,25,11.4,4.4,1.1,0,0.5,11.4,3.9,10.9,1302.2
109,50,3,16,6.8,2.4,0.6,0.9,0.8,5.9,0.6,6,771.2
109,53,1,3,1.4,0.5,0,0,0,1.4,0.4,1.2,162.1
109,56,1,9,4.3,1.6,0,0,0.1,4.3,1.1,3.5,486.3
109,57,2,63,32,13.9,1,0,2.3,32,4.6,26.3,3825.6
109,62,2,6.5,3.3,1.6,0.2,0.2,0,3.1,0.7,3.3,361.7
109,66,2,9,4.1,1.5,0,0,0,4.1,0.2,3.4,466.2
109,67,2,14,6.3,2.3,0,0,0,6.3,0.3,5.3,725.4
109,74,1,2,1,0.3,0.1,0,0.1,1,0.1,0.8,112
109,75,1,1,0.5,0.2,0,0,0.1,0.5,0.1,0.4,56
109,85,1,2,1.3,0.7,0,0,0.2,1.3,0.2,1.3,122.7
109,90,3,20,9.3,3.8,0.5,0.7,0.8,8.6,2.7,8,1003.8
109,91,2,4,2.4,1.2,0,0,0.1,2.4,0.6,2.1,231.8
109,92,1,4,2.5,1.3,0,0,0.2,2.5,0.6,2.3,233
109,96,1,7,3.5,1.1,0,0,0.4,3.5,1.3,2.8,343.7
109,97,1,8,4,1.2,0,0,0.5,4,1.5,3.2,392.8
109,104,1,8,4.3,1.7,0,0,0,4.3,0.5,3.8,400
109,105,1,4,2.2,0.8,0,0,0,2.2,0.2,1.9,200
109,109,2,23,11.7,4.2,0.3,0,0.9,11.7,2.4,10.2,1290.3
109,115,1,5,2.3,0.7,0.2,0,0.5,2.3,0.7,2.1,224.2
109,116,2,8,3.7,1.1,0.2,0,0.8,3.7,1.1,3.3,358.7
109,117,1,3,1.4,0.4,0.1,0,0.3,1.4,0.4,1.3,134.5
109,118,2,4,1.8,0.8,0,0,0,1.8,0.4,1.6,202
109,124,3,16,9.1,4.3,0.2,0.4,1,8.7,1.8,7.5,1002.3
109,125,1,1,0.6,0.3,0,0,0.1,0.6,0.1,0.5,62.6
110,3,1,5,2.3,0.9,0.1,0,0.2,2.3,0.5,1.8,208.1
110,4,1,4,1.9,0.8,0.1,0,0.1,1.9,0.4,1.4,166.5
110,5,1,29,12.9,5.8,0.1,1,1.1,11.9,3.4,9.4,1190.5
110,10,1,2,0.8,0.2,0.1,0,0,0.8,0.1,0.8,88.3
110,23,1,41,19.5,4.9,0,0.2,0,19.3,2.5,16,2008.9
110,24,2,19,9.5,3.4,0,0.6,0,8.9,2,7.5,896.4
110,35,1,1,0.4,0.2,0,0,0,0.4,0,0.3,52.8
110,38,2,10,4.5,1.1,0.5,0,0.9,4.5,0.6,3.8,468.2
110,42,1,2,0.9,0.2,0.1,0,0.2,0.9,0.1,0.8,93.6
110,45,1,3,1.4,0.5,0.1,0,0.1,1.4,0.5,1.3,156.3
110,47,2,6,2.7,1,0.3,0,0.1,2.7,0.9,2.6,312.5
110,50,1,8,3.3,1.2,0.5,0.7,0.5,2.6,0,2.8,373.6
110,53,2,9,4.4,1.7,0,0,0.1,4.4,1.2,3.6,486.3
110,56,1,2,1,0.4,0,0,0,1,0.3,0.8,108.1
110,57,2,27,13,4.9,0,0,0.4,13,3.4,10.6,1458.8
110,62,3,24,12.2,5.8,0.7,0.7,0,11.5,2.8,12.2,1335.4
110,63,1,2,0.9,0.3,0,0,0,0.9,0,0.8,103.6
110,67,2,8,3.6,1.4,0,0,0,3.6,0.2,3,414.4
110,79,1,10,6,2.9,0,0.9,1.1,5.1,0.3,3.7,589.4
110,80,1,4,2.4,1.1,0,0.3,0.5,2.1,0.1,1.5,235.8
110,86,1,2,1.3,0.7,0,0,0.2,1.3,0.2,1.3,122.7
110,87,1,1,0.7,0.4,0,0,0.1,0.7,0.1,0.7,61.3
110,89,1,10,4.2,1.5,0.3,0.6,0.6,3.6,1.2,3.6,452.8
110,90,1,10.5,4.4,1.6,0.3,0.6,0.6,3.8,1.3,3.8,475.5
110,91,1,10,4.9,2,0.2,0,0,4.9,1.8,4,571.3
110,92,2,11,5.4,2.2,0.2,0,0,5.4,2,4.4,628.5
110,94,1,2,1,0.3,0,0,0.1,1,0.4,0.8,98.2
110,101,1,6,3.4,2,0,0,0.3,3.4,0.3,2.9,315.1
110,104,1,2,1.1,0.4,0,0,0,1.1,0.1,1,100
110,105,1,8,4.3,1.7,0,0,0,4.3,0.5,3.8,400
110,111,2,7.5,3.2,1.5,0.3,0,0.3,3.2,0,3,331.1
110,113,1,4.5,2.1,0.6,0.2,0,0.5,2.1,0.6,1.9,201.8
110,116,1,2,0.9,0.3,0.1,0,0.2,0.9,0.3,0.8,89.7
110,120,2,14,6.5,2.5,0,0,0,6.5,1.1,5.9,706.7
110,122,1,4,1.8,0.7,0,0,0,1.8,0.3,1.7,201.9
110,127,1,1,0.6,0.3,0,0,0.1,0.6,0.1,0.5,62.6
116,0,1,5,2.9,1.4,0,0,0.5,2.9,0.7,2.6,302.1
116,7,1,13,6,2.1,0.5,0,0.5,6,1,4.9,762.8
116,8,3,30.5,15.3,5.1,0.8,2.1,1.4,13.2,0.3,10.7,1534.5
116,9,1,4,1.5,0.4,0.3,0,0.2,1.5,0.1,1.3,175.1
116,10,1,14,6.8,2.8,0.4,0.2,0.6,6.6,1.1,5.9,664.9
116,11,4,36,17.3,7.2,1.2,0.4,1.5,16.9,2.9,15.1,1709.7
116,12,3,12,5.8,2.4,0.4,0.1,0.5,5.7,1,5,569.9
116,18,3,27,12.1,3.5,0,0,0,12.1,0.7,12.1,1594.4
116,19,1,11,4.9,1.4,0,0,0,4.9,0.3,4.9,649.6
116,22,2,24,9.6,2.4,1.6,0,0.8,9.6,0.8,8.8,1024.8
116,31,2,18,9.5,4.6,0,1.6,0,7.9,2.8,7.3,1007.5
116,34,1,4,2,0.8,0,0,0,2,0.3,1.7,230.9
116,35,1,80,32,10.2,1,0,4,32,3.5,23.5,3303.4
116,36,2,25,10.6,3.1,0.8,0.8,0.8,9.8,0.8,9.1,1128.1
116,41,1,50,21.6,6.6,1,0,2.2,21.6,3.1,14.4,2039.7
116,42,3,18,9.8,3.6,0,0,1.1,9.8,0.7,8.3,1012
116,43,2,50,21.2,4.6,1,0,2.7,21.2,1.8,15.7,2270.1
116,46,1,1,0.5,0.1,0,0,0.1,0.5,0,0.3,56.2
116,56,2,5,2.6,1,0,0,0.1,2.6,0.9,2.1,291.9
116,57,2,6,3.1,1.2,0,0,0.2,3.1,1,2.6,350.3
116,58,2,35,16.1,6.8,1,1.7,0,14.4,1.7,14.1,1663.5
116,59,1,10,4.6,1.9,0,0.8,0,3.8,0.8,3.5,555
116,63,1,8,3.8,1.3,0.1,0,0.3,3.8,0.1,3.4,419
116,64,3,32,15.2,5.4,0.4,0,1.1,15.2,0.4,13.7,1676.2
116,66,1,4,1.9,0.7,0,0,0.1,1.9,0,1.7,209.5
116,71,2,4,2.7,1.7,0,0.7,0.1,2,2,1.4,212.8
116,91,1,2,1,0.4,0,0,0.1,1,0.3,0.9,107.9
116,93,1,1,0.6,0.4,0.1,0.1,0,0.5,0.1,0.4,53
116,94,1,3,1.8,1.2,0.2,0.2,0,1.6,0.2,1.2,158.9
116,99,1,1,0.6,0.3,0,0.1,0,0.5,0.2,0.4,59.8
116,105,1,5,1.8,0.5,0.3,0,0,1.8,0.4,1.7,176.2
116,108,2,3,1.3,0.6,0.2,0,0.1,1.3,0.3,1.3,129.8
116,111,1,2,0.9,0.4,0.1,0,0.1,0.9,0.2,0.9,86.5
116,113,1,4,1.7,0.6,0.2,0,0,1.7,0.3,1.7,172.3
116,116,1,2,0.9,0.2,0.1,0,0.1,0.9,0.2,0.8,102.2
116,117,2,17,7.5,1.5,0.6,0,0.9,7.5,1.5,6.8,868.8
116,123,1,1,0.4,0.1,0.1,0.1,0,0.3,0.1,0.3,50
116,127,1,4,1.5,0.5,0.3,0.2,0.1,1.3,0.2,1.1,199.9
117,3,1,1,0.4,0.1,0.1,0,0,0.4,0,0.4,44.1
117,4,0,17.5,11,5,0,2,2,9,3,7,999
117,6,1,1,0.5,0.2,0.1,0,0,0.5,0.1,0.4,54.9
117,7,3,13,6.2,2.7,0.8,0,0.3,6.2,0.8,5.3,713.2
117,8,1,2,0.9,0.2,0,0,0.1,0.9,0,0.9,102.6
117,10,1,4,1.7,0.4,0,0,0.2,1.7,0.1,1.7,205.2
117,11,3,11,4.8,1.2,0,0,0.5,4.8,0.2,4.8,564.3
117,12,1,7,3,0.8,0,0,0.3,3,0.2,3,359.1
117,16,1,10,4.6,1.2,0,0,0,4.6,0.8,3.8,490.4
117,18,2,6,2.8,0.8,0.1,0,0,2.8,0.4,2.8,319.3
117,19,1,2,0.9,0.3,0,0,0,0.9,0.1,0.9,106.4
117,21,2,6,2.8,0.8,0.1,0,0,2.8,0.4,2.8,319.3
117,22,2,13,6,1.8,0.3,0,0,6,0.8,6,691.9
117,23,2,8,3.4,1,0.2,0.1,0.2,3.3,0.6,2.9,362.6
117,24,4,52,22.2,6.9,1.7,0.9,1.7,21.3,3.4,18.8,2357.1
117,25,1,1,0.4,0.1,0,0,0,0.4,0.1,0.4,45.3
117,29,1,4,2.1,0.8,0,0,0.1,2.1,0.3,1.8,191
117,31,2,10,5.3,2,0,0,0.2,5.3,0.7,4.4,477.5
117,34,1,2,1,0.3,0.1,0,0,1,0.1,0.8,129.7
117,36,1,2,1,0.3,0.1,0,0,1,0.1,0.8,129.7
117,38,2,10,5,2,0.5,0,0.2,5,1,4.5,438.5
117,39,1,2,1,0.4,0.1,0,0,1,0.2,0.9,87.7
117,41,1,57,27.7,11.1,1.1,0.5,0.1,27.2,2.2,19.7,2840.6
117,42,1,5,2.7,1.1,0.1,0.5,0.1,2.2,0.2,1.7,269.6
117,44,2,5,2.3,0.8,0.2,0,0,2.3,0.6,1.9,232.3
117,45,2,5,2.3,0.9,0.2,0,0,2.3,0.6,1.9,232.3
117,46,2,7,3.2,1.1,0.3,0,0,3.2,0.8,2.7,325.2
117,47,1,2,0.9,0.3,0.1,0,0,0.9,0.2,0.8,92.9
117,55,2,6,2.8,0.6,0.1,0,0.5,2.8,0.5,2.4,303.8
117,58,1,12,4.6,1,0.5,0,0.3,4.6,1,4.1,552.5
117,60,1,5,1.9,0.4,0.2,0,0.1,1.9,0.4,1.7,230.2
117,61,2,14,5.4,1.2,0.6,0,0.2,5.4,1.2,4.8,644.6
117,63,2,8,4.2,1.8,0,0.2,0.6,4,0.8,2.8,399.2
117,64,1,7,3.7,1.5,0,0.1,0.6,3.6,0.7,2.5,349.3
117,65,1,29,15.4,6.2,0,0.6,2.5,14.8,3.1,10.5,1446.9
117,71,1,22.5,12.7,5.1,0,1.3,1.3,11.4,2.5,8.2,1215.6
117,72,3,13,7.3,3,0,0.7,0.7,6.6,1.5,4.7,702.4
117,81,1,4,2,0.9,0,0.2,0.1,1.8,0.3,1.7,182.2
117,85,1,2,1.2,0.4,0,0.1,0.3,1.1,0.4,1.2,130.5
117,88,1,8,4.8,3.2,0.4,0.5,0,4.3,0.6,3.2,423.8
117,102,1,2,0.9,0.2,0.1,0,0.2,0.9,0.3,0.8,86.3
117,110,1,2,1.1,0.4,0,0.1,0.1,1,0.3,0.9,111.7
117,111,1,3,1.6,0.5,0.1,0.2,0.2,1.4,0.5,1.4,167.5
117,122,2,6,2.8,1,0.2,0,0,2.8,0.6,2.6,301.4
118,3,1,1,0.4,0.1,0.1,0,0,0.4,0,0.4,44.1
118,4,3,22,8.2,2.5,1.5,0,1,8.2,0.5,8.2,971.1
118,5,1,43,14.7,1.2,0.7,0,0.5,14.7,0.2,14.7,1612.4
118,6,3,20,9.5,4.1,1.2,0,0.5,9.5,1.2,8.3,1097.1
118,12,1,2,0.9,0.2,0,0,0.1,0.9,0,0.9,102.6
118,13,1,13,5.1,1.3,0,0,0.1,5.1,0.4,4.9,578.5
118,14,3,50,19.5,4.9,0,0,0.6,19.5,1.6,19,2225
118,15,1,6,2.8,0.7,0,0,0,2.8,0.5,2.3,294.2
118,16,1,10,4.6,1.2,0,0,0,4.6,0.8,3.8,490.4
118,26,1,1,0.5,0.2,0,0,0.1,0.5,0,0.4,54.3
118,34,1,2,1,0.3,0.1,0,0,1,0.1,0.8,129.7
118,36,1,3,1.5,0.5,0.1,0,0,1.5,0.2,1.2,194.5
118,37,2,2,1,0.4,0,0,0,1,0.2,0.8,129.6
118,39,1,4,2,0.8,0.2,0,0.1,2,0.4,1.8,175.4
118,40,2,9,4.8,2,0.2,0.7,0.1,4.1,0.5,3.3,465.1
118,41,2,28,16.3,8.9,0.1,2.8,1.1,13.5,1.4,13.7,1742.3
118,48,1,1,0.5,0.2,0,0,0,0.5,0.2,0.4,58.4
118,52,1,19,7.4,1.8,0.6,0,0,7.4,0.6,6.1,750.8
118,53,2,13,5.9,2,0.2,0,0,5.9,1,5.2,611.2
118,55,1,22,10,3.3,0.4,0,0,10,1.7,8.7,1034.4
118,62,1,1,0.4,0.1,0,0,0,0.4,0.1,0.3,46
118,63,1,1,0.5,0.2,0,0,0.1,0.5,0.1,0.4,49.9
118,80,3,13.5,6.8,2.9,0,0.6,0.3,6.2,0.9,5.6,614.8
118,103,1,1,0.5,0.1,0,0,0.1,0.5,0.2,0.4,43.1
118,107,2,3,1.4,0.3,0.1,0,0.3,1.4,0.5,1.2,129.4
118,109,2,12,6.3,2.2,0.2,0.7,0.9,5.6,1.9,5.7,670.1
118,110,1,2,1.1,0.4,0,0.1,0.1,1,0.3,0.9,111.7
118,112,1,8,4.2,1.5,0.1,0.4,0.6,3.8,1.3,3.8,446.7
118,113,1,1,0.5,0.2,0,0,0,0.5,0.1,0.5,43.8
118,114,1,5,2.4,1.2,0.1,0,0,2.4,0.7,2.4,218.8
118,116,1,1,0.5,0.2,0,0,0,0.5,0.1,0.5,43.8
118,118,3,19,8.7,3.3,0.8,0,0,8.7,1.6,8.3,954.5
118,122,1,3,1.4,0.5,0.1,0,0,1.4,0.3,1.3,150.7
118,124,1,2,1.1,0.4,0,0.1,0,1,0.1,0.9,116.6
118,126,1,3,1.4,0.5,0.2,0.3,0,1.1,0.6,1.1,164.4
119,0,1,4,2.1,1.1,0.2,0.2,0.3,1.9,1.3,1.1,186.3
119,5,2,49,21.1,5.4,1.7,0.4,3.5,20.7,2.9,18.3,2313.9
119,12,2,14,6.1,1.6,0,0,0.6,6.1,0.3,6.1,718.2
119,13,4,63.5,24.6,4.7,0.3,0.3,1,24.3,1.6,21.8,2828
119,22,1,2,0.9,0.3,0,0,0,0.9,0.1,0.9,106.4
119,26,1,2,1,0.4,0,0,0.2,1,0,0.9,108.7
119,39,2,10,4.6,1.5,0.4,0,0.1,4.6,0.5,4.1,491.9
119,40,3,26,13.3,5.4,0.9,0.8,0.5,12.5,2.1,10.7,1231
119,41,2,82.5,45,21.3,0.4,16.2,4.4,28.8,8.3,26.3,3955.9
119,42,3,16.5,8.5,3.6,0.2,1.1,0.2,7.4,0.8,6,892.6
119,45,1,1,0.5,0.2,0,0,0,0.5,0.1,0.4,46.5
119,48,2,8.5,4.4,1.7,0,0,0.2,4.4,1.5,3.7,496.2
119,52,1,12,4.6,1.2,0.4,0,0,4.6,0.4,3.9,474.2
119,53,2,18,8.1,2.7,0.3,0,0,8.1,1.4,7.1,846.3
119,74,1,8,3.9,1.7,0.1,0,0.1,3.9,0.9,3.3,420
119,88,2,7,4.2,2.8,0.4,0.4,0,3.8,0.5,2.8,370.8
119,92,1,2,1.2,0.8,0.1,0.1,0,1.1,0.2,0.8,105.9
119,94,1,13,6.7,3.2,0,0.4,0.4,6.3,2,5.5,765.8
119,95,2,8,4.2,2,0,0.2,0.2,4,1.2,3.4,471.2
119,103,2,3,1.4,0.3,0.1,0,0.3,1.4,0.5,1.2,129.4
119,108,1,1,0.5,0.2,0,0,0.1,0.5,0.2,0.5,55.8
119,111,1,6,3.2,1.1,0.1,0.3,0.4,2.9,1,2.8,335
119,114,1,3,1.4,0.7,0.1,0,0,1.4,0.4,1.4,131.3
119,116,1,1,0.5,0.2,0,0,0,0.5,0.1,0.5,43.8
119,118,2,7,3.2,1.2,0.3,0,0,3.2,0.6,3.1,351.7
119,119,2,6,2.7,1,0.3,0,0,2.7,0.5,2.6,301.5
119,120,1,5,2.3,0.9,0.2,0,0,2.3,0.4,2.2,251.2
119,123,1,2,1.1,0.4,0,0.1,0,1,0.1,0.9,116.6
119,124,1,6,3.2,1.3,0,0.2,0,3,0.2,2.6,349.9
119,125,3,34,15.8,5.9,1.7,2.7,0,13.1,6.1,12.8,1877.3
119,126,1,2,0.9,0.3,0.1,0.2,0,0.7,0.4,0.7,109.6
120,3,4,34.5,22,13.8,0.3,2.3,0.3,19.7,3.9,17.3,2131.1
120,4,2,10,6.4,4,0.1,0.7,0.1,5.7,1.2,5,617.7
120,8,1,6,2.6,0.7,0,0,0.3,2.6,0.1,2.6,307.8
120,13,3,59,22.6,3.1,0.5,0.5,1,22.1,1,18.5,2629.3
120,16,1,4,1.6,0.4,0.1,0,0.1,1.6,0.3,1.3,158.9
120,24,1,18,8.6,3.1,0,0,1.4,8.6,0.4,7.7,977.9
120,25,1,4,1.9,0.7,0,0,0.3,1.9,0.1,1.7,217.3
120,30,1,3,1.6,0.6,0,0,0.1,1.6,0.2,1.3,143.3
120,31,1,4,2.1,0.8,0,0,0.1,2.1,0.3,1.8,191
120,33,1,9,4.4,1.5,0.3,0,0,4.4,0.6,3.5,583.5
120,34,1,1,0.5,0.2,0,0,0,0.5,0.1,0.4,64.8
120,35,1,3,1.5,0.5,0.1,0,0,1.5,0.2,1.2,194.5
120,39,1,4,1.7,0.4,0.1,0,0,1.7,0,1.5,218.2
120,40,1,139,83.7,51.4,2.1,17,3,66.7,18,50.5,7958.2
120,41,0,254,144,79,5,50,18,94,45,68,12700
120,42,1,2,1,0.4,0,0.1,0,0.9,0.1,0.8,108.7
120,44,1,4,1.8,0.7,0.2,0,0,1.8,0.5,1.5,185.8
120,48,2,5,2.6,1,0,0,0.2,2.6,0.8,2.2,291.9
120,49,1,3,1.6,0.6,0,0,0.1,1.6,0.5,1.3,175.1
120,52,2,3,1.5,0.6,0,0,0.1,1.5,0.5,1.3,175.2
120,53,1,3,1.4,0.3,0.1,0,0.2,1.4,0.2,1.2,151.9
120,60,2,11,4.2,1,0.4,0,0.3,4.2,1,3.7,506.4
120,75,1,1,0.5,0.2,0,0,0,0.5,0.1,0.4,52.5
120,80,1,3,1.5,0.7,0,0.1,0.1,1.4,0.2,1.3,136.6
120,85,1,2,1.2,0.4,0,0.1,0.3,1.1,0.4,1.2,130.5
120,92,1,2,1.2,0.8,0.1,0.1,0,1.1,0.2,0.8,105.9
120,93,1,9,4.6,2.2,0,0.3,0.3,4.3,1.4,3.8,530.2
120,94,1,3,1.5,0.7,0,0.1,0.1,1.4,0.5,1.3,176.7
120,99,1,11,5,1.3,0.3,0,0.9,5,1.9,4.4,474.6
120,100,1,2,0.9,0.2,0.1,0,0.2,0.9,0.3,0.8,86.3
120,109,1,7,3.7,1.3,0.1,0.4,0.5,3.3,1.1,3.3,390.9
120,114,1,13,6.2,3.1,0.3,0,0,6.2,1.7,6.2,568.9
120,116,2,7,3.3,1.7,0.2,0,0,3.3,1,3.3,306.3
120,124,3,9,4.7,2,0,0.2,0,4.5,0.2,3.8,524.9
89,7,1,2,1,0.3,0,0,0.2,1,0.3,0.8,105.6
89,18,1,2,1.2,0.6,0,0.1,0.1,1.1,0.3,0.8,138.3
89,19,2,3,1.8,0.9,0,0.1,0.1,1.7,0.4,1.2,207.4
89,29,1,2,1.1,0.6,0,0,0.1,1.1,0.3,1,114.4
89,30,2,7,3.9,2,0,0,0.4,3.9,0.9,3.4,400.3
89,36,1,1,0.5,0.2,0,0,0,0.5,0.2,0.4,39.1
89,41,1,2,0.9,0.3,0.1,0,0.1,0.9,0.2,0.7,91.6
89,48,1,5,2.6,1.1,0,0.1,0.1,2.5,0.5,1.8,279.3
89,51,1,1,0.4,0.1,0,0,0,0.4,0,0.4,52.7
89,52,4,53,26.1,9.7,0.4,0.7,0.7,25.4,4.1,19.8,2897
89,58,1,2,1,0.2,0,0.1,0.2,0.9,0.2,0.9,119.5
89,59,2,18,8.7,2.1,0,0.4,1.8,8.3,1.8,7.7,1075.8
89,63,2,14,6.2,1.4,0.1,0.4,0.1,5.8,0.1,5.4,698.1
89,64,2,22,9.8,1.9,0.1,0.3,0.1,9.5,0.4,8.8,1067.9
89,69,3,59,28.2,8.5,0.2,2,1.9,26.2,3.2,18.2,3188.1
89,70,1,4,1.8,0.4,0,0,0.1,1.8,0.1,1.7,216.8
89,72,1,9,3.7,0.6,0,0,0.4,3.7,0.6,3.3,430.5
89,73,3,54.5,25.9,10.8,1,5,1,20.9,5.5,18.8,2753.6
89,76,2,25,10.2,2.5,0,0,0,10.2,1.9,9.6,1187.2
89,77,2,16,6.6,1.6,0,0,0,6.6,1.2,6.2,759.8
89,79,1,4,1.7,0.7,0.2,0,0.1,1.7,0.2,1.4,178.8
89,80,2,18,7.4,2.4,0.7,0,0.3,7.4,0.8,6.2,810.2
89,84,2,16,5.9,1.5,0.5,0,0.3,5.9,1.5,5.4,569.8
89,89,1,6,2.8,1.3,0.3,0,0,2.8,0.3,2.5,283.4
89,92,3,70,33.7,13.3,2,0,2.6,33.7,4.3,24.6,3096
89,93,1,2,0.9,0.2,0.1,0,0.1,0.9,0,0.9,93.9
89,94,1,2,0.9,0.2,0.1,0,0.1,0.9,0,0.9,93.9
89,95,2,14,6.1,1.9,0.2,0.5,0.5,5.6,0.4,4.9,596.7
89,96,1,1,0.4,0.1,0,0,0,0.4,0,0.3,44.8
89,97,1,2,0.9,0.3,0,0.1,0.1,0.8,0.1,0.7,82
89,98,1,3,1.2,0.2,0,0,0.1,1.2,0.1,1,109.7
89,99,2,3,1.3,0.5,0,0,0,1.3,0.1,1.1,118.7
89,100,1,53,28.7,12.4,0,5,6.1,23.7,6.2,18.6,2353
89,101,0,213.5,112,59,7,38,18,74,33,59,10006
89,102,1,98.5,49.4,18.3,0,2.1,3.7,47.3,4.3,44.8,4844.8
89,104,1,1,0.5,0.2,0,0.1,0.1,0.4,0.1,0.4,44.3
89,110,1,1,0.5,0.2,0,0,0,0.5,0,0.5,49.5
89,111,2,58,29.7,12.7,0.8,0,0.8,29.7,1.7,27.8,3056.3
89,117,1,6,2.1,0.3,0.3,0,0.3,2.1,0.6,2.1,217.5
89,118,1,15,6.2,1.6,0.5,0,0,6.2,0.5,5.8,681.2
89,122,3,75.5,31.6,9,2.9,0,1.6,31.6,4.3,30.6,3684.1
89,123,1,7,3.6,0.9,0,0,0.5,3.6,0,2.7,397.2
89,127,1,4,1.6,0.3,0,0,0.2,1.6,0.3,1.3,168.8
93,15,1,2,1.1,0.5,0,0.1,0.1,1,0.5,0.9,95.1
93,17,1,5,2.7,1.2,0.1,0.2,0.3,2.5,1.2,2.1,237.9
93,29,1,17,9.2,3.4,0,0,0,9.2,1.9,7.8,747.5
93,34,2,5,2.7,1.2,0,0,0.2,2.7,0.7,2.2,303.8
93,38,1,2,1,0.4,0,0,0.1,1,0.1,0.9,103.6
93,39,2,10,5.1,1.8,0.2,0.2,0.5,4.9,0.7,4.4,517.8
93,40,3,16,8.1,3.1,0.3,0.2,0.9,7.9,1,7,828.5
93,47,1,4,2.6,1.4,0,0,0,2.6,0.9,2.1,279.6
93,50,1,2,1,0.4,0,0,0.3,1,0.1,0.7,88.1
93,51,1,2,1,0.4,0,0,0.3,1,0.1,0.7,88.1
93,61,1,3,1.6,0.7,0.1,0,0.1,1.6,0.3,1,152.8
93,62,2,7.5,3.9,1.7,0.2,0,0.2,3.9,0.9,2.6,381.9
93,66,2,259.5,118.3,47.7,12.2,111.7,26,6.6,60.7,6.4,8075.9
93,67,1,38,19.7,4.4,0,0.2,0.2,19.5,1.2,16.5,2054.1
93,69,1,4,1.9,0.6,0.1,0.3,0.1,1.6,0.1,1.4,189
93,70,1,7,3.3,1,0.1,0.5,0.1,2.8,0.2,2.5,330.8
93,77,1,5,2.3,0.6,0,0.3,0.5,2,0.2,1.8,232.9
93,78,2,13,5.1,0.7,0.5,0.2,0.5,4.9,0.5,3.9,512.4
93,79,1,2,0.8,0.1,0.1,0,0.1,0.8,0.1,0.6,78.8
93,83,1,10,4.3,0.7,0.2,0,0.6,4.3,0,3.9,470.4
93,84,1,27,11.7,2,0.7,0,1.6,11.7,0,10.4,1270
93,92,1,17,7.5,2,0,0,0,7.5,0.7,7.5,890.1
93,93,3,14,6.1,1.3,0.3,0,0.9,6.1,0.3,5.4,637.7
93,96,1,2,0.9,0.3,0,0,0.1,0.9,0.1,0.9,97.2
93,101,3,25,11,3,1,0,3,11,2,8,1202
93,119,3,15.5,6.7,1.1,0,0,1.1,6.7,1.2,6.2,712.8
93,120,2,68,28.8,9,1,0,2.7,28.8,3,23.9,3186.4
93,125,1,38,15.4,3.8,0.2,0,1.2,15.4,1.2,13.9,1697.5
93,126,1,1,0.4,0.1,0,0,0,0.4,0,0.3,42.9
93,127,2,10,3.7,0.9,0.2,0,0.2,3.7,0.2,3.2,429.5
123,1,2,12,5.8,2.9,1.1,0.7,1.1,5.1,1.1,4.8,563.3
123,2,3,7,3.4,1.6,0.7,0.5,0.7,2.9,0.7,2.8,328.5
123,9,3,22,7.8,1.4,0.8,0.8,0,7,2.1,6.4,875.7
123,12,1,4,1.4,0.3,0.1,0.1,0,1.3,0.4,1.2,159.2
123,13,1,1,0.5,0.2,0.1,0,0,0.5,0,0.4,51.2
123,14,1,9,4.1,1.8,0.6,0,0.2,4.1,0.4,3.9,460.6
123,22,1,2,0.8,0.1,0.1,0,0.1,0.8,0.1,0.6,90
123,26,1,3,1.4,0.4,0,0.1,0.2,1.3,0.1,1,120.3
123,51,1,2,0.8,0.2,0.2,0,0.1,0.8,0.2,0.7,76.2
123,52,1,1,0.4,0.1,0.1,0,0,0.4,0.1,0.4,38.1
123,55,1,2,1.2,0.6,0,0,0,1.2,0.2,0.9,103.3
123,58,3,27,15,4.5,0,0,3,15,3.7,12,1396.5
123,59,1,2,1.1,0.3,0,0,0.2,1.1,0.3,0.9,103.4
123,66,1,6,2.8,0.7,0,0,0.2,2.8,1.2,2.6,315.5
123,67,1,11,5.2,1.3,0,0,0.4,5.2,2.2,4.7,578.5
123,68,1,2,1.1,0.5,0,0,0,1.1,0.3,1,113.8
123,69,2,4,2.1,1.1,0.1,0,0.1,2.1,0.5,2,227.6
123,72,1,1,0.5,0.3,0,0,0,0.5,0.1,0.5,56.9
123,73,2,12,6.6,3.2,0.2,0,0.2,6.6,1.8,6,682.8
123,74,1,1,0.5,0.3,0,0,0,0.5,0.1,0.5,56.9
123,83,3,7,3.9,2.1,0,0.1,0.3,3.8,0.7,3.5,419.3
123,84,1,6,3.4,1.7,0,0.2,0.2,3.2,0.5,2.9,359.3
123,110,1,1,0.5,0.2,0,0,0,0.5,0.1,0.4,56
123,111,3,16,7.7,2.6,0.3,0,0.3,7.7,1.5,7,896.7
123,116,1,2,1,0.2,0,0,0.1,1,0.1,0.9,98.7
123,123,1,5,2.7,1.1,0.1,0,0.2,2.7,0.7,2.5,287.9
123,124,1,4,2.2,0.9,0.1,0,0.1,2.2,0.5,2,230.3
123,126,1,4,2.2,0.9,0.1,0,0.1,2.2,0.5,2,230.3
123,127,2,4,2.1,0.8,0,0,0.1,2.1,0.5,2,230.3
124,1,2,6,2.9,1.5,0.6,0.3,0.6,2.6,0.6,2.4,281.7
124,2,2,8,3.9,1.9,0.7,0.5,0.7,3.4,0.7,3.2,375.5
124,7,4,12,4.4,0.4,0.7,0,0.7,4.4,0.4,4.4,496.8
124,22,2,12,4.8,0.9,0.4,0,0.4,4.8,0.9,3.4,540
124,23,1,9,3.6,0.8,0.3,0.3,0.8,3.3,0.3,3.1,422.2
124,25,2,31,13.6,4.2,0.6,0.6,1.8,13,1.9,11.3,1453.6
124,26,2,128.5,62.5,22.2,0.3,8.8,12.4,53.7,10.4,39.8,6226.4
124,27,1,2,0.9,0.3,0.1,0,0.1,0.9,0.2,0.8,102.4
124,30,1,7,3.2,1.1,0,0,0.2,3.2,0.2,3.2,361
124,31,1,15,6.8,2.3,0,0,0.3,6.8,0.3,6.8,773.5
124,46,1,1,0.4,0.2,0.1,0,0,0.4,0.1,0.3,42.4
124,47,1,6,2.4,0.9,0.3,0,0.2,2.4,0.8,1.6,254.5
124,48,1,2,0.8,0.2,0.2,0,0.1,0.8,0.2,0.7,76.2
124,50,1,2,0.9,0.3,0.1,0.2,0.1,0.7,0.3,0.7,78.5
124,52,2,25.5,9.9,2.6,2,0,0.7,9.9,2.6,9.2,971
124,66,1,1,0.5,0.1,0,0,0,0.5,0.2,0.4,52.6
124,73,1,1,0.5,0.3,0,0,0,0.5,0.1,0.5,56.9
124,82,2,4,1.6,0.8,0.4,0,0.2,1.6,0.8,1.4,170.4
124,83,1,1,0.6,0.3,0,0,0,0.6,0.1,0.5,59.9
124,98,1,4,2.3,1.3,0,0,0.3,2.3,0.8,2.3,217.2
124,104,2,6,3.5,2,0,0,0.5,3.5,1.2,3.5,325.8
124,105,1,1,0.6,0.3,0,0,0.1,0.6,0.2,0.6,54.3
124,108,1,2,1,0.3,0,0,0,1,0.2,0.9,112.1
124,109,1,4,1.9,0.6,0.1,0,0.1,1.9,0.4,1.7,224.2
124,110,1,2,1,0.3,0,0,0,1,0.2,0.9,112.1
124,114,1,1,0.5,0.1,0,0,0,0.5,0.1,0.5,49.4
124,116,1,7,3.6,0.8,0,0,0.3,3.6,0.5,3.3,345.6
124,120,1,3,1.6,0.7,0,0,0.1,1.6,0.5,1.5,177.6
124,122,2,8,4.3,1.9,0,0,0.2,4.3,1.4,3.9,473.6
124,124,3,7,3.8,1.4,0,0,0.3,3.8,1,3.5,402.9
124,126,4,16,8.7,3.5,0.3,0,0.6,8.7,2.2,8,921.2
91,3,1,9,4.5,1.5,0,0,1,4.5,1.2,3.8,475
91,14,1,3,2,1.2,0,0,0.2,2,1,1.5,198.5
91,20,1,2,1.2,0.6,0,0.1,0.1,1.1,0.3,0.8,138.3
91,27,1,3,1.8,1,0,0.1,0.1,1.7,0.4,1.3,207.4
91,28,1,1,0.6,0.3,0,0,0.1,0.6,0.1,0.5,57.2
91,37,4,9,4.5,2,0.2,0,0.2,4.5,1.8,3.6,352.1
91,47,1,2,0.9,0.3,0.1,0,0.1,0.9,0.2,0.7,91.6
91,53,1,1,0.4,0.1,0,0,0,0.4,0.1,0.3,54.3
91,57,2,9,3.5,1.1,0.4,0,0.2,3.5,0.7,2.9,489.1
91,62,2,20.5,9.9,2.4,0,0.4,2,9.5,2,8.7,1225.2
91,64,3,26,11.3,3,0.4,1.3,0.4,10,0,9.5,1329.9
91,66,1,4,1.7,0.5,0.1,0.2,0.1,1.5,0,1.5,204.6
91,67,1,11,4.8,1.3,0.2,0.6,0.2,4.2,0,4,562.6
91,68,1,13,6,1.5,0.1,0,0.3,6,0.4,5.5,704.5
91,69,3,43,22,6.5,0.3,0,1.4,22,2.8,21.2,2527.2
91,71,1,5,2,0.3,0,0,0.2,2,0.3,1.8,239.2
91,73,1,4,1.6,0.4,0,0,0,1.6,0.3,1.5,189.9
91,85,2,84,32.6,9.3,1.8,0,0.4,32.6,2.5,29.5,3602.2
91,86,3,37,18.9,7.1,0,0,3.6,18.9,5.4,16.3,1986.3
91,88,1,2,1,0.5,0.1,0,0,1,0.2,0.8,100.1
91,89,3,75,33.1,13.1,2.9,0,0,33.1,4.7,26.5,3665.8
91,90,1,66,31.2,12.1,1.1,0,1.1,31.2,4.4,26.3,3007.9
91,93,1,1,0.5,0.1,0,0,0,0.5,0,0.4,47
91,94,3,21,9.7,2.6,1,0,1,9.7,0.5,9.2,986
91,95,1,11,4.7,1.6,0.2,0,0.1,4.7,0.4,3.8,492.5
91,96,2,43,20.3,7.1,0.4,0,1.2,20.3,1.9,16.7,1946
91,97,2,106,43.6,10.6,2.5,0,4.2,43.6,1.9,40.7,4538.3
91,98,2,123,52.5,15.8,2,0,2.1,52.5,5.1,43.9,5078.7
91,99,1,28.5,10.9,2,0,0,0.8,10.9,0.8,9.8,1042
91,101,2,6,4.1,2.5,0,0.1,0.5,4,1,3.6,353.8
91,104,4,49.5,24.8,11.3,0,3.3,2.9,21.5,3.9,20.4,2194.3
91,105,1,288,151.1,74.5,6,23.7,20.4,127.4,38.9,93.9,13084
91,106,3,177.5,97,56,4,0,8,97,22,73,8234
91,116,1,14,5.3,0.6,0.4,0.2,0.4,5.1,0.4,4.9,600
91,117,0,208.5,103,39,3,9,7,94,21,79,9688
91,118,2,171.5,75.3,21.4,1.4,7,13.4,68.3,15.6,55.6,7611.6
91,119,2,18,7.1,1.1,0.3,0,1.1,7.1,0.6,6.5,901.5
91,121,2,40.5,15.8,5.3,1.9,0,1.4,15.8,1.4,13.8,1900.6
94,0,1,3,1.4,0.7,0.1,0,0,1.4,0.7,0.7,119.5
94,1,1,6,2.8,1.4,0.2,0,0,2.8,1.4,1.4,239.1
94,4,2,3,2.4,1.7,0,0,0,2.4,0.6,2.1,225.9
94,8,1,7,3.7,1.6,0.1,0.3,0.4,3.4,1.6,3,333
94,15,1,5,2.7,1.2,0.1,0.2,0.3,2.5,1.2,2.1,237.9
94,16,1,4,2.1,0.9,0.1,0.2,0.3,1.9,0.9,1.7,190.3
94,23,4,21,10.2,3.2,0,0,0.5,10.2,2.1,9.2,1077.3
94,27,1,11.5,6.6,3.3,0,1.1,0.7,5.5,2.9,6.2,653.5
94,29,1,1,0.5,0.2,0,0,0,0.5,0.1,0.5,44
94,36,1,2,1.1,0.5,0,0,0.1,1.1,0.3,0.9,121.5
94,37,1,7,3.8,1.6,0,0,0.2,3.8,0.9,3.1,425.4
94,38,1,2,1.2,0.6,0,0.1,0.2,1.1,0.5,1,154.4
94,39,2,34,13.5,5.6,2,0,0.2,13.5,2.2,5.3,1271.4
94,40,2,65,37.3,20.3,0.5,4.5,3.4,32.8,3.9,26.3,3930.8
94,41,2,5.5,2.8,1.1,0.1,0,0.6,2.8,0.8,2.4,293.2
94,50,1,3,1.5,0.5,0,0,0.4,1.5,0.1,1.1,132.1
94,51,1,4,2,0.7,0,0,0.5,2,0.2,1.5,176.2
94,64,1,3,1.3,0.3,0.1,0,0.1,1.3,0.1,1.1,150
94,65,2,41,19.3,6.9,0.4,0.4,0.7,18.9,1.7,16.3,2065.1
94,66,1,176,76.9,25.6,5.3,1.1,5.4,75.8,7.2,68.5,7775.9
94,67,1,105.5,52.7,26.4,4,1,4,51.7,6.9,36.9,5240.9
94,68,1,181,84.9,26.8,1.3,5.3,5.3,79.6,7.6,62.6,8459.8
94,69,0,140.5,61,16,2,0,4,61,5,57,6892
94,70,2,48,20.2,5.5,1.2,2.5,1.2,17.7,2.4,16.1,2309.4
94,71,2,19,9.1,3.6,0.4,0.8,0.7,8.3,1.1,6.2,946.3
94,72,4,23,10.9,3.9,0.4,1.3,0.6,9.6,1.1,7.7,1120.1
94,73,1,6,2.5,0.4,0,0.1,0,2.4,0.2,2.4,309.2
94,75,1,14,6,2,0.1,0,0,6,0,5.2,700.8
94,76,3,40,17.3,5.5,0.4,0.2,0.3,17.1,0.1,14.8,1992
94,77,1,127.5,51.9,8.9,4,1.4,10.2,50.5,6.7,31.7,5255.8
94,78,3,83.5,41.1,13.3,1.1,0.5,3.3,40.6,4.3,33.3,4267.3
94,79,1,43,15.9,1.6,2.4,0.2,1.4,15.7,1.4,14,1725.2
94,91,1,29,15.8,8.2,0,0,2.1,15.8,2,12.8,1482.5
94,92,2,68,31.3,8.2,0,1,1.2,30.3,1.8,29.7,3257.5
94,93,2,22,9.5,1.8,0.3,0,1.9,9.5,1.1,9.5,1032.1
94,120,1,15.5,6.7,1,0,0,1,6.7,1.2,6.2,712.7
94,122,1,2,1,0.3,0,0,0,1,0.1,0.9,99.9
94,125,1,6,2.2,0.5,0.1,0,0.1,2.2,0.1,1.9,257.7
94,127,1,1,0.4,0.1,0,0,0,0.4,0,0.3,42.9
121,2,3,9,4.8,2.6,0.3,0.3,0.7,4.5,2.9,2.6,419.2
121,3,2,27,17.3,10.8,0.3,1.9,0.3,15.4,3.1,13.5,1667.8
121,4,2,10,6.4,4,0.1,0.6,0.1,5.8,1.1,5,617.7
121,13,2,7,2.7,0.4,0,0,0.1,2.7,0.1,2.2,311.9
121,14,1,14.5,5.5,0.8,0.1,0.1,0.3,5.4,0.3,4.5,646.2
121,16,2,73.5,27.4,4.6,2.2,0,3.2,27.4,3.4,23.9,3163.3
121,17,2,106,42.1,10,3.6,0,2.6,42.1,6.3,37.7,4338.9
121,18,1,1,0.5,0.1,0,0,0,0.5,0.1,0.5,53.2
121,25,2,4,1.9,0.7,0,0,0.3,1.9,0.1,1.7,217.3
121,27,1,11,5.2,1.9,0,0,0.8,5.2,0.3,4.7,597.6
121,30,1,13,7,2.5,0,0,0.3,7,1,5.7,620.8
121,31,1,7,3.8,1.4,0,0,0.2,3.8,0.5,3.1,334.3
121,33,3,7,3.4,1.1,0.2,0,0,3.4,0.5,2.7,453.9
121,38,1,2,0.8,0.2,0.1,0,0,0.8,0,0.8,109.1
121,39,2,13,5.4,1.3,0.4,0,0,5.4,0,5,709.1
121,40,3,57,25.7,7.4,0.4,0.7,0.3,25,1.1,21,2920.4
121,41,2,89,40.8,13.8,1.2,0.4,0.2,40.4,5.6,35.4,4653.8
121,42,1,48,24.3,10.2,0.2,0.3,2.2,24,0.5,20.2,2618.7
121,55,1,7,3.2,0.8,0.2,0,0.6,3.2,0.6,2.8,354.5
121,57,3,21,9.6,2.3,0.5,0,1.6,9.6,1.6,8.4,1063.5
121,59,1,4,1.5,0.3,0.2,0,0.1,1.5,0.3,1.4,184.2
121,64,1,2,1.1,0.4,0,0.1,0.2,1,0.2,0.7,99.8
121,75,2,10,4.8,2.2,0.2,0,0.2,4.8,1,4.2,525
121,81,1,2,1,0.4,0,0.1,0,0.9,0.1,0.8,91.1
121,82,2,68,40.6,21.1,0,2,2.5,38.6,9.5,30.6,4290.4
121,83,1,20,13.6,9.2,0,0.1,1.1,13.5,6.2,8.6,1324.2
121,84,1,3,1.8,0.5,0,0.2,0.4,1.6,0.5,1.8,195.7
121,104,1,2,0.9,0.2,0.1,0,0.2,0.9,0.3,0.8,86.3
121,105,1,3,1.4,0.3,0.1,0,0.3,1.4,0.5,1.2,129.4
121,107,2,8,3.7,0.9,0.2,0,0.7,3.7,1.4,3.2,345.1
121,112,2,14,7.4,2.5,0.3,0.8,1,6.6,2.3,6.6,781.7
121,114,1,2,0.9,0.5,0.1,0,0,0.9,0.3,0.9,87.5
121,115,1,1,0.5,0.2,0,0,0,0.5,0.1,0.5,43.8
121,116,1,1,0.5,0.2,0,0,0,0.5,0.1,0.5,43.8
121,117,1,3,1.4,0.7,0.1,0,0,1.4,0.4,1.4,131.3
121,124,2,5,2.7,1,0,0.2,0,2.5,0.2,2.2,291.6
122,16,3,29,12.5,4.4,0.6,0,1.1,12.5,0.6,11,1248.1
122,17,2,24,10.4,3.6,0.4,0,0.9,10.4,0.4,9.1,1032.9
122,20,2,14,5.5,1,0.5,0,0.5,5.5,1,4,630
122,23,1,4,1.6,0.3,0.1,0.1,0.3,1.5,0.1,1.4,187.7
122,30,1,1,0.5,0.2,0,0,0,0.5,0,0.5,51.6
122,32,3,23,10.5,3.5,0,0,0.5,10.5,0.5,10.5,1186
122,47,1,4,1.6,0.6,0.2,0,0.1,1.6,0.5,1.1,169.7
122,49,1,3,1.2,0.3,0.2,0,0.1,1.2,0.3,1.1,114.2
122,51,1,5,1.9,0.5,0.4,0,0.1,1.9,0.5,1.8,190.4
122,58,1,4,2.2,0.7,0,0,0.4,2.2,0.6,1.8,206.9
122,68,2,11,6,2.8,0.3,0,0.3,6,1.6,5.5,625.9
122,73,1,1,0.5,0.3,0,0,0,0.5,0.1,0.5,56.9
122,74,1,2,1.1,0.5,0,0,0,1.1,0.3,1,113.8
122,78,2,22,9.3,4,1.7,0,0.6,9.3,4,8.1,937.4
122,81,2,4,1.7,0.8,0.3,0,0.1,1.7,0.8,1.5,170.4
122,83,3,16,9.2,4.6,0,0.5,0.4,8.7,1.4,7.8,958.2
122,84,1,1,0.6,0.3,0,0,0,0.6,0.1,0.5,59.9
122,85,1,4,2.3,1.1,0,0.1,0.1,2.2,0.3,1.9,239.5
122,90,2,2,1.2,0.6,0,0,0,1.2,0,1,135.8
122,93,1,3,1.7,0.8,0,0.1,0.1,1.6,0.1,1.6,203.6
122,107,1,1,0.6,0.3,0,0,0.1,0.6,0.2,0.6,54.3
122,110,2,14,6.6,2.3,0.3,0,0.3,6.6,1.3,6.1,784.6
122,111,1,2,1,0.3,0,0,0,1,0.2,0.9,112.1
122,113,1,2,1,0.2,0,0,0.1,1,0.1,0.9,98.7
122,115,1,1,0.5,0.1,0,0,0,0.5,0.1,0.5,49.4
122,121,1,2,1.1,0.5,0,0,0.1,1.1,0.4,1,118.4
122,123,1,2,1.1,0.4,0,0,0.1,1.1,0.3,1,115.1
125,9,2,17,9.7,5.4,0,0,0,9.7,0,7.9,1010.3
125,10,2,16,8.1,3.8,0.2,0.2,0,7.9,0.5,6.6,852.7
125,17,1,5,2.3,1,0.3,0,0.1,2.3,0.2,2.2,255.9
125,23,1,5,2,0.4,0.1,0.1,0.4,1.9,0.1,1.7,234.6
125,24,2,10,4,0.9,0.3,0.3,0.9,3.7,0.3,3.4,469.1
125,25,3,17,7.2,2.1,0.6,0.4,1.1,6.8,1.2,6.3,848.7
125,26,1,4,1.7,0.5,0.1,0,0.2,1.7,0.3,1.5,204.7
125,27,1,4,1.7,0.5,0.1,0,0.2,1.7,0.3,1.5,204.7
125,28,1,3,1.2,0.3,0,0.1,0.2,1.1,0.3,1.1,134.1
125,29,2,50,20.6,4.3,0.7,1.5,2.8,19.1,4.3,17.7,2235.5
125,30,2,17.5,7.2,1.5,0.2,0.5,1,6.7,1.5,6.2,782.4
125,34,1,3,1.3,0.5,0.1,0,0.1,1.3,0.3,1.2,150.1
125,35,2,12,5.3,1.9,0.3,0,0.3,5.3,1,4.8,600.3
125,36,1,4,1.8,0.6,0.1,0,0.1,1.8,0.4,1.6,200.1
125,37,1,4,1.8,0.6,0.1,0,0.1,1.8,0.4,1.6,200.1
125,39,2,7,3.2,0.9,0.2,0.2,0.4,3,0.7,2.8,323.4
125,40,1,3,1.4,0.4,0.1,0.1,0.2,1.3,0.3,1.2,138.6
125,42,3,54.5,25,8.5,0.4,4.5,3.4,20.5,4.6,17.5,2456.3
125,43,1,5,2,0.8,0.3,0,0.1,2,0.7,1.3,212.1
125,45,1,7,2.8,1.1,0.4,0,0.2,2.8,0.9,1.8,296.9
125,50,2,23,10,3.5,0.5,1.5,1.4,8.5,3.3,8,965.4
125,51,1,2,0.8,0.2,0,0,0.2,0.8,0.3,0.6,103.6
125,52,1,5,2,0.5,0,0,0.4,2,0.8,1.5,258.9
125,55,2,5,3,1.4,0,0,0,3,0.5,2.2,258.4
125,58,1,3,1.7,0.5,0,0,0.3,1.7,0.4,1.3,155.2
125,88,1,1,0.6,0.3,0,0,0,0.6,0,0.5,67.9
125,90,2,7,4,1.8,0,0.2,0.3,3.8,0.3,3.7,475
125,91,1,4,2.3,1,0,0.1,0.2,2.2,0.2,2.1,271.4
125,93,2,4,2.2,1,0,0,0.2,2.2,0.2,2.2,271.4
125,97,1,1,0.6,0.3,0,0,0,0.6,0,0.5,67.9
125,105,1,1,0.6,0.3,0,0,0.1,0.6,0.2,0.6,54.3
125,112,1,3,1.4,0.5,0.1,0,0.1,1.4,0.3,1.3,168.1
125,118,4,13,7,3,0,0,0.4,7,2.4,6.3,769.6
125,122,1,2,1.1,0.5,0,0,0.1,1.1,0.4,1,118.4
126,4,1,11,4.1,0.3,0.6,0,0.6,4.1,0.3,4.1,455.3
126,13,2,3,1.4,0.6,0.2,0,0,1.4,0.1,1.3,153.5
126,17,3,28,12.8,5.5,1.8,0,0.6,12.8,1.2,12.2,1432.8
126,18,2,26,12.3,5.8,0,1.5,1.5,10.8,2.2,7.2,1138.9
126,19,1,10,4.7,2.2,0,0.5,0.6,4.2,0.8,2.8,438.1
126,24,1,2,0.8,0.2,0.1,0.1,0.2,0.7,0.1,0.7,93.8
126,25,2,4,1.7,0.5,0.1,0,0.2,1.7,0.3,1.6,204.8
126,26,1,5,2.2,0.7,0.2,0.1,0.2,2.1,0.4,1.9,255.9
126,35,1,34.5,17.1,6.1,1.3,0,0.3,17.1,2.2,14.5,1694.3
126,36,2,8,3.5,1.3,0.2,0,0.2,3.5,0.7,3.2,400.2
126,39,2,8,3.6,1.1,0.1,0.1,0.4,3.5,0.8,3.2,369.6
126,42,2,15,6.8,2,0.3,0.3,0.8,6.5,1.5,6.1,693
126,43,2,15,5.9,2.3,0.8,0,0.4,5.9,1.9,4,636.3
126,49,3,10,4.4,1.7,0.3,0.7,0.6,3.7,1.4,3.6,392.6
126,50,4,12,5.1,1.6,0.2,0.5,0.8,4.6,1.9,3.9,546.2
126,51,2,15,6,1.5,0,0,1.1,6,2.2,4.5,776.6
126,52,1,7,2.8,0.7,0,0,0.5,2.8,1,2.1,362.4
126,53,1,10,6.1,2.8,0,0,0,6.1,1.1,4.4,516.7
126,54,1,1,0.6,0.3,0,0,0,0.6,0.1,0.4,51.7
126,63,1,5.5,2.6,0.6,0,0,0.2,2.6,1.1,2.4,289.2
126,64,1,2,0.9,0.2,0,0,0.1,0.9,0.4,0.9,105.2
126,76,1,1,0.5,0.3,0,0,0,0.5,0.1,0.5,56.9
126,78,1,2,0.8,0.4,0.2,0,0.1,0.8,0.4,0.7,85.2
126,82,1,6,2.5,1.1,0.5,0,0.2,2.5,1.1,2.2,255.6
126,124,1,7,3.8,1.5,0.1,0,0.2,3.8,0.9,3.6,403
126,125,1,6,3.2,1.3,0.1,0,0.2,3.2,0.8,3,345.4
126,127,1,6,3.2,1.3,0.1,0,0.2,3.2,0.8,3,345.4
96,0,1,4,1.8,0.9,0.2,0,0,1.8,0.9,0.9,159.4
96,26,3,20,11.4,5.7,0,1.9,1.2,9.5,5.1,10.8,1136.5
96,32,1,3,1.6,0.6,0,0,0,1.6,0.3,1.4,131.9
96,36,3,11,5.9,2.5,0,0,0.3,5.9,1.4,4.8,668.5
96,40,1,1,0.5,0.2,0,0,0.1,0.5,0.1,0.4,53.3
96,43,1,35,12.2,5.2,3.5,0,1.8,12.2,1.8,11.4,1202.2
96,44,1,5,1.8,0.8,0.5,0,0.2,1.8,0.2,1.6,171.8
96,46,1,3,1.9,1.1,0,0,0,1.9,0.6,1.6,209.7
96,50,2,7,3.5,1.3,0,0,1,3.5,0.3,2.5,308.3
96,53,3,26,15,8,0,0,1,15,4,14,1617
96,58,1,3,1.6,0.7,0.1,0,0.1,1.6,0.3,1,152.8
96,61,2,33,14.9,3.1,0.6,0,0,14.9,0.6,13.1,1680.5
96,63,1,4,1.7,0.5,0.1,0,0.2,1.7,0.2,1.5,200
96,64,3,34,14.4,3.9,0.9,0.3,1.4,14.1,1.4,12.7,1699.6
96,65,0,165.5,78,23,2,6,10,72,6,55,8493
96,66,1,446.5,268.3,171.6,10,186,29,82.3,76.1,82.1,20179.1
96,67,0,641,383,222,11,224,47,159,106,141,30444
96,68,1,186.5,110.3,64.1,2,68.7,7.3,41.6,21.1,41.6,9375.9
96,69,1,84.5,43.9,21.7,1,10.3,2.9,33.6,4.5,25.6,3843.3
96,70,1,165,80.4,27.6,3.1,2.1,10.1,78.3,8.2,58,7709.4
96,71,1,132.5,51.4,16.3,9.1,42.3,17.3,9.1,27.4,8.3,4129.6
96,75,1,3,1.3,0.2,0,0.1,0,1.2,0.1,1.2,154.6
96,79,1,27,14.3,6.3,0,0,0.2,14.3,1.4,12.1,1320.1
96,87,1,1,0.4,0.1,0,0,0.1,0.4,0,0.4,47
96,88,2,19,11,4,0,2,1,9,2,10,1121
96,93,1,2,0.9,0.2,0,0,0.2,0.9,0.1,0.9,93.8
96,94,0,112,70,40,2,8,5,62,15,57,6591
96,95,1,3,1.3,0.3,0.1,0,0.2,1.3,0.1,1.2,136.6
96,96,1,4.5,1.9,0.4,0.1,0,0.3,1.9,0.1,1.7,205
96,102,3,19,11,5.9,0,0,0,11,1.9,9.1,818.1
96,111,1,13,5.8,1.9,0.5,0,0.5,5.8,1.4,5.3,611.5
96,121,2,5,2,0.2,0,0,0.5,2,0,2,240.7
96,122,2,23,9,0.8,0,0,2.5,9,0,9,1107.2
96,123,3,23.5,8.9,1.9,1.1,0,0.5,8.9,0.8,7.8,980
96,127,2,11,4.2,1,0.2,0,0.2,4.2,0.2,3.5,472.4
95,2,1,7,3.2,1.6,0.3,0,0,3.2,1.6,1.6,278.9
95,8,1,1,0.5,0.2,0,0,0.1,0.5,0.2,0.4,47.6
95,11,4,19,10.1,4.4,0.4,0.7,1.2,9.4,4.4,8.1,903.9
95,36,2,8,4.3,1.8,0,0,0.2,4.3,1,3.5,486.2
95,37,1,6,3.2,1.4,0,0,0.2,3.2,0.8,2.6,364.6
95,39,2,5,3.1,1.5,0,0.4,0.4,2.7,1.3,2.5,386
95,40,4,29,16.6,7.3,0.3,1.4,2.9,15.2,5.9,13.6,1952.2
95,41,3,23.5,11.8,4.5,0.6,0,2.8,11.8,3.3,10,1252.8
95,47,1,2,1.3,0.7,0,0,0,1.3,0.4,1.1,139.8
95,61,2,123.5,53,13.9,3.4,0,4,53,2.4,44.9,5638.4
95,63,2,10,4.2,1.1,0.2,0.1,0.4,4.1,0.4,3.7,499.9
95,64,3,36,15.2,4.1,0.8,0.3,1.5,14.9,1.5,13.5,1799.7
95,65,1,197,85.6,24.8,2.6,0.2,8,85.4,8,74.3,8851.8
95,66,0,266.5,136,57,3,31,12,105,5,97,13053
95,67,0,281,145,63,2,59,15,86,21,81,13667
95,68,0,257.5,118,41,3,15,5,103,4,91,12193
95,69,1,154,76.7,32.7,2,11.7,10.7,65,8.3,56,7256.3
95,70,2,64,34.5,16.1,2.1,2.4,1.2,32.1,5.3,25.8,3136.9
95,71,3,75,35.5,10.6,0.5,2.4,1.1,33.1,4.6,28.7,3673.1
95,72,2,29,14,5.3,0.5,1.4,1.1,12.6,1.6,9.4,1444.4
95,73,3,30,12.6,1.9,0,0.5,0,12.1,0.9,11.9,1545.9
95,74,3,13,5.4,0.7,0,0.1,0,5.3,0.5,5.1,670
95,75,2,108.5,51.9,12.8,0.1,0.2,7,51.7,1.4,44.1,5331.8
95,76,2,132.5,46.8,8.2,4.1,0,2,46.8,2,44,5221
95,77,2,26,11.2,3.6,0.2,0,0,11.2,0,9.6,1301.6
95,78,2,9,4.9,1.9,0,0,0.3,4.9,0.7,4.6,517.6
95,79,1,101.5,49.9,20,2,3,4.3,46.9,7.7,28.6,4316.6
95,91,1,2,0.8,0.2,0,0,0.1,0.8,0,0.8,85.5
95,92,2,190.5,100.7,45.3,3,52,12.6,48.7,18.3,46.4,8221.8
95,93,3,48,20.7,3.7,0.5,0,4.3,20.7,2.4,20.7,2251.7
95,94,3,30,13,2.4,0.3,0,2.6,13,1.4,13,1407.4
95,123,4,54,20.4,4.4,2.5,0,1.2,20.4,1.8,17.9,2251.9
95,124,1,10,3.8,0.8,0.5,0,0.2,3.8,0.3,3.3,417
95,125,1,2,0.8,0.2,0,0,0,0.8,0,0.6,85.9
97,0,1,4,1.8,0.6,0,0.1,0.1,1.7,0.4,1.5,169.1
97,2,1,2,0.9,0.3,0,0,0,0.9,0.2,0.8,84.6
97,14,1,2,1,0.4,0.1,0,0.1,1,0.2,0.9,76.7
97,21,1,6,2.9,1,0,0,0.2,2.9,0.8,2.7,298.1
97,22,1,11,5.3,1.8,0,0,0.4,5.3,1.4,5,546.5
97,25,1,70.5,41.1,20.5,1,3.1,3,38,11.1,30.9,4110.1
97,26,2,49,31.2,17.7,0.1,7.8,1,23.4,10,20.5,3248.3
97,27,2,85,42.4,18.8,2.2,10.1,3,32.3,7.2,30.3,4156.5
97,28,2,36,24.1,17.9,0.3,0,0.6,24.1,3.9,7.3,1562.5
97,32,0,48,19,6,3,0,2,19,3,17,2185
97,33,1,1,0.5,0.2,0,0,0,0.5,0.1,0.5,44
97,43,0,29,14,6,1,0,1,14,4,10,1422
97,45,1,3,1.4,0.5,0.1,0,0.4,1.4,0.4,1.2,126.6
97,47,1,4,1.9,0.7,0.1,0,0.5,1.9,0.6,1.6,168.8
97,49,1,1,0.5,0.2,0,0,0,0.5,0.1,0.5,48.9
97,53,1,3,1.4,0.4,0,0,0.1,1.4,0.2,1.3,177.8
97,58,1,3,1.3,0.3,0,0,0,1.3,0,1.2,153.8
97,60,2,8,3.4,0.8,0.2,0,0,3.4,0.1,3.2,401
97,63,1,87.5,34.8,7,3.2,0.2,4.2,34.6,4.5,20.3,4129.1
97,64,3,68,30.6,9.9,2.5,2,3.5,28.6,2.8,26.9,3398.4
97,65,2,164,100.5,58.2,2.3,57.9,10.3,42.6,17.4,53.1,8305
97,66,0,696,468,317,8,308,41,160,117,152,34924
97,67,1,331,191.4,114.5,8.9,88.1,18.4,103.3,44.2,87.6,15734.8
97,68,2,24,10.8,2.5,0,0,0.9,10.8,2.5,8.3,1060.2
97,69,1,2,0.9,0.2,0,0,0.1,0.9,0.2,0.7,88.3
97,70,1,2,1,0.2,0,0,0.3,1,0.1,0.8,111.9
97,76,2,12,5.7,1,0,0,1.6,5.7,0.5,4.7,671.5
97,82,2,7,3.5,1.1,0.2,0,0.6,3.5,0.4,2.7,396.6
97,83,1,2,0.9,0.2,0,0,0.1,0.9,0.2,0.7,97.7
97,85,2,15,6.6,1.6,0,0,0.9,6.6,1.3,5.7,744.8
97,86,1,8,3.6,1.1,0,0,0.4,3.6,0.4,3.2,406.8
97,94,1,104.5,59.5,29.2,1.1,3,5.1,56.5,7.1,49.4,4873.7
97,95,1,3,1.5,0.7,0.2,0,0.2,1.5,0.3,1.3,149
97,110,2,2,1,0.6,0,0,0,1,0.2,1,101.2
97,111,2,40,24.1,15.7,2,0,1.2,24.1,3.6,23.1,2234.5
97,116,1,2,0.9,0.3,0.1,0,0.1,0.9,0.2,0.8,94.1
97,117,1,7,3.1,1,0.3,0,0.3,3.1,0.8,2.9,329.3
97,123,1,13,9.4,6.2,0,0,0.5,9.4,1,7.3,963.6
97,127,3,22,10,3.1,0,0,2.5,10,2.5,9.3,1170.6
98,7,1,1,0.8,0.6,0,0,0,0.8,0.2,0.7,75.3
98,8,1,2,1.1,0.5,0,0.1,0.1,1,0.5,0.9,95.1
98,25,3,30,16.2,8.3,0.2,1.4,0,14.8,1.7,13.3,1906.4
98,26,1,2,1.1,0.5,0,0.1,0,1,0.1,0.9,127.1
98,27,3,41,21.8,11.5,1.1,0.9,1,20.9,3.2,9.8,2193.9
98,28,3,23,10.7,5.1,0.5,0,1,10.7,1.5,7.7,1129.6
98,31,1,1,0.5,0.1,0,0,0.1,0.5,0.1,0.4,50.3
98,32,1,29,14.5,3.6,0,0,1.8,14.5,2.7,11.8,1459.1
98,33,1,3,1.6,0.6,0,0,0,1.6,0.3,1.4,131.9
98,40,1,2,1.3,0.7,0,0,0,1.3,0.4,1.1,139.8
98,43,2,4,1.9,0.9,0.1,0,0,1.9,0.5,1.6,199
98,44,3,14,6.7,3.1,0.3,0,0,6.7,2,5.4,696.6
98,46,1,2,0.9,0.4,0.1,0,0.2,0.9,0.3,0.8,84.4
98,47,2,43,23.8,12.4,0.7,0,3.9,23.8,8.7,17.3,2181.1
98,48,1,7,3.7,1.4,0,0,0.2,3.7,0.5,3.5,342.1
98,49,2,10,5.3,2,0,0,0.3,5.3,0.7,5,488.7
98,50,1,12,6.4,2.4,0,0,0.4,6.4,0.8,6,586.4
98,58,1,2,0.8,0.2,0,0,0,0.8,0,0.8,102.5
98,59,1,4.5,1.9,0.4,0.1,0,0,1.9,0.1,1.8,230.7
98,61,4,26.5,9.8,2.7,1.5,0.8,1.2,9,1.2,8.2,1115.7
98,62,3,25,9.2,2.6,1.4,0.7,1.1,8.5,1.1,7.8,1052.6
98,63,4,31,14.3,5.1,1.3,0.9,1.3,13.4,2.4,11.9,1607.2
98,64,1,157.5,67.8,19,7.2,4.2,4.2,63.6,2.5,57.3,7113.1
98,65,2,118,59.4,22.5,3.9,25.1,18.4,34.3,21.2,18.6,5118.8
98,66,2,193,74.5,20.2,8.6,2.5,8.5,72,9.6,51.3,7941.2
98,67,1,69,34.9,12.8,1.5,3.1,2.2,31.8,4.6,28.9,3438.3
98,82,4,29,14.5,4.8,0.8,0,2.4,14.5,1.6,11.3,1643.3
98,83,1,20.5,9,1.9,0,0,1.4,9,2.4,7.5,1001.4
98,85,2,6,2.7,0.8,0,0,0.3,2.7,0.3,2.4,305.1
98,86,1,70,26.4,6.3,3,0,4.4,26.4,5.4,18,2951.4
98,92,1,29.5,14.7,6.7,0,0,1,14.7,1.7,10.7,1388
98,93,2,17,8.6,3.8,0.9,0,0.9,8.6,2,7.2,844.2
98,94,1,13.5,6.8,3,0.8,0,0.8,6.8,1.5,5.7,670.4
98,95,1,1,0.5,0.2,0.1,0,0.1,0.5,0.1,0.4,49.7
98,103,1,2,1,0.4,0.1,0,0.1,1,0.2,0.9,131.7
98,107,1,5,2.6,1.1,0.2,0,0.2,2.6,0.4,2.3,329.3
98,123,2,7,5,3.4,0,0,0.2,5,0.6,4,518.8
98,126,2,6.5,3,0.9,0,0,0.7,3,0.7,2.7,345.9
98,127,1,4,1.8,0.6,0,0,0.5,1.8,0.5,1.7,212.8
99,3,1,1,0.8,0.6,0,0,0,0.8,0.2,0.7,75.3
99,4,1,1,0.8,0.6,0,0,0,0.8,0.2,0.7,75.3
99,17,2,9,4.4,1.6,0.2,0,0.2,4.4,0.9,3.9,345
99,27,1,1,0.5,0.3,0,0,0,0.5,0.1,0.4,63.5
99,32,1,2,1,0.2,0,0,0.1,1,0.2,0.8,100.6
99,33,1,10,5.4,2,0,0,0,5.4,1.1,4.6,439.7
99,40,1,11,7.1,3.9,0,0,0,7.1,2.4,5.9,768.8
99,41,1,4,2.6,1.4,0,0,0,2.6,0.9,2.1,279.6
99,43,1,6,2.8,1.3,0.2,0,0,2.8,0.8,2.3,298.5
99,52,1,3,1.2,0.3,0.1,0,0.1,1.2,0.2,1,126.8
99,55,1,2,1,0.3,0,0,0.1,1,0.1,0.8,118.5
99,57,2,8,3.8,1.1,0.1,0,0.3,3.8,0.6,3.4,474.1
99,58,2,94,33.5,4.5,0.3,1,0,32.5,0.3,29.2,3893.7
99,59,2,86.5,37.4,7.9,0.4,2,3,35.4,2.4,34.1,4261.4
99,60,3,66.5,25.5,4,1.2,0.3,2.1,25.2,1.4,21.4,2797
99,61,2,3,1.1,0.3,0.2,0,0.1,1.1,0.1,0.9,126.3
99,64,1,97.5,42.9,11.5,1.6,2.4,15.6,40.5,8.1,18.8,3857.6
99,65,2,4,1.6,0.5,0.2,0,0.2,1.6,0.4,1.3,179.3
99,66,2,7.5,2.9,0.8,0.5,0.1,0.3,2.8,0.6,2,304.5
99,67,1,11,3.9,1.1,0.7,0.1,0.3,3.8,0.8,2.6,415.6
99,68,1,3,1.3,0.3,0,0,0.1,1.3,0.3,1,132.5
99,69,1,1,0.7,0.4,0,0.2,0,0.5,0.2,0.4,73.8
99,85,0,22,11,4,0,0,0,11,0,11,1185
99,86,1,15,6.7,2,0,0,0.7,6.7,0.7,6,762.7
99,88,2,12,4.7,1.2,0,0,0,4.7,1.2,4.7,572.5
99,92,2,5,1.9,0.5,0,0,0,1.9,0.5,1.9,238.5
99,98,1,2,1,0.4,0.1,0,0.1,1,0.2,0.9,131.7
99,99,1,2,1,0.4,0.1,0,0.1,1,0.2,0.9,131.7
99,102,1,6,3.1,1.3,0.3,0,0.3,3.1,0.5,2.7,395.2
99,103,1,6,3.1,1.3,0.3,0,0.3,3.1,0.5,2.7,395.2
99,104,1,4,2.1,0.9,0.2,0,0.2,2.1,0.3,1.8,263.5
99,107,1,3,1.6,0.7,0.1,0,0.1,1.6,0.3,1.4,197.6
99,108,2,6,3.1,1.7,0,0,0.3,3.1,0.6,3.1,303.4
99,127,2,8,5,2.8,0,0,0.5,5,0.7,4.1,530.2
127,4,1,1,0.6,0.3,0,0,0,0.6,0.1,0.6,73.7
127,5,1,2,1.2,0.7,0,0,0,1.2,0.2,1.1,147.4
127,12,1,1,0.5,0.3,0,0,0,0.5,0.2,0.4,54.5
127,15,1,3.5,1.6,0.6,0.1,0,0,1.6,0.4,1.2,188.1
127,17,1,4,1.8,0.6,0.1,0,0,1.8,0.5,1.4,215
127,18,1,71,29.9,6.5,1,6,8.3,23.9,8.6,15.8,2486.6
127,19,1,5,2.4,0.6,0,0,0.3,2.4,0.8,2.2,224.4
127,33,1,1,0.6,0.2,0,0,0,0.6,0,0.6,61.8
127,39,3,16,8.2,2.1,0,0,0.9,8.2,0.9,7,930.9
127,45,1,3,1.4,0.4,0,0,0.1,1.4,0.3,1.1,157.4
127,49,2,8,3.8,1.5,0.5,0,0.8,3.8,0.8,3.5,312.5
127,52,1,3,1.4,0.6,0.2,0,0.3,1.4,0.3,1.3,117.2
127,53,1,6,2.8,1.1,0.4,0,0.6,2.8,0.6,2.6,234.4
127,56,1,1,0.5,0.2,0.1,0,0.1,0.5,0.1,0.4,39.1
127,61,1,5,2.5,0.9,0,0,0.2,2.5,0.9,2,277.5
127,62,2,5,2.5,0.9,0,0,0.2,2.5,0.9,2,277.5
127,65,1,10,4.1,1.7,0.3,0.3,0,3.8,1,3.8,664.8
127,66,3,6,2.4,1,0.2,0.2,0,2.2,0.6,2.3,398.9
127,69,2,16,9,4.8,0.6,0,0.6,9,4.2,8,961
127,72,1,5,2.8,1.5,0.2,0,0.2,2.8,1.3,2.5,300.3
127,82,1,2,1.2,0.8,0.1,0,0.1,1.2,0.5,0.8,114.8
127,84,1,1,0.5,0.2,0,0,0,0.5,0.1,0.4,55.8
127,85,1,5,2.4,0.9,0.2,0,0.2,2.4,0.4,2,278.9
127,86,2,11,5.2,1.9,0.5,0,0.5,5.2,0.9,4.3,613.6
127,94,1,2,1.1,0.5,0,0,0.1,1.1,0.1,1.1,135.7
127,99,1,6,2.7,1,0.2,0,0.2,2.7,0.4,2.3,267.7
127,102,1,1,0.4,0.2,0,0,0,0.4,0.1,0.4,44.6
100,3,2,3,2.4,1.7,0,0,0,2.4,0.6,2.1,225.9
100,4,2,5,4,2.8,0,0,0,4,1,3.5,376.5
100,12,1,1,0.5,0.2,0,0,0.1,0.5,0.2,0.4,47.6
100,13,3,28,13.7,5.1,0.7,0,0.7,13.7,2.8,12.2,1073.3
100,30,2,9,4.2,2,0.2,0,0.4,4.2,0.6,3,442
100,35,1,1,0.7,0.5,0,0,0.1,0.7,0.3,0.6,64.8
100,46,1,1,0.5,0.2,0,0,0,0.5,0.1,0.4,49.8
100,47,1,11,5.2,2.4,0.3,0,0,5.2,1.5,4.3,547.2
100,52,2,38,14.8,3.7,0.9,0,1.9,14.8,2.8,13,1606.2
100,53,2,3,1.5,0.4,0,0,0.1,1.5,0.2,1.2,177.8
100,57,2,88.5,47.4,24.9,4.1,10,6.3,37.4,14.5,31.9,4666.8
100,58,2,118.5,58.3,22.8,2.2,12,6.2,46.3,11,34.4,5663.7
100,59,1,135,58.6,16.1,1.4,0,1.4,58.6,3,54.3,6512
100,60,2,13,5.3,1.3,0.4,0,0.4,5.3,0,3.9,630
100,61,1,3,1.1,0.3,0.2,0.1,0.1,1,0.1,0.9,126.3
100,63,1,1,0.5,0.2,0,0,0,0.5,0.1,0.4,51.8
100,65,1,8,3.7,1.3,0.3,0.2,0.3,3.5,0.6,3.1,414.7
100,66,1,7.5,3.5,1.2,0.3,0.2,0.3,3.3,0.6,2.9,388.8
100,68,3,7,4.7,2.4,0,1.4,0.2,3.3,1,3,516.6
100,69,2,7,4.6,2.4,0,1.4,0.3,3.2,1,3.1,516.6
100,77,1,9,4.3,0.8,0,0,1.2,4.3,0.4,3.5,503.6
100,78,3,44,17.2,4.8,0.9,0,0.9,17.2,3.9,15.3,2372.1
100,102,1,2,1,0.4,0.1,0,0.1,1,0.2,0.9,131.7
100,103,1,2,1,0.4,0.1,0,0.1,1,0.2,0.9,131.7
100,108,1,4,2.1,1.1,0,0,0.2,2.1,0.4,2.1,202.3
100,121,1,4,2,0.7,0,0,0,2,0.2,1.7,217.6
100,122,1,1,0.5,0.2,0,0,0,0.5,0.1,0.4,54.4
103,2,3,19,8.8,3.2,0.3,0,2,8.8,2.8,7.7,878.5
103,7,1,4,1.9,0.7,0.1,0,0.4,1.9,0.6,1.6,184.9
103,13,1,3,1.5,0.6,0.1,0,0.2,1.5,0.6,1.1,132.8
103,18,1,1,0.5,0.2,0,0,0,0.5,0.1,0.5,57
103,23,2,10,5.1,2,0,0.6,0.3,4.5,1.1,3.9,495.1
103,24,2,5,2.5,1,0,0.3,0.2,2.2,0.6,1.9,247.5
103,27,1,15,7.7,3,0,1,0.4,6.7,1.8,5.7,742.7
103,28,3,21,11.2,4.3,0.8,1.2,1.2,10,0.8,9.2,1196.4
103,29,3,15,8,3.1,0.6,0.8,0.8,7.2,0.6,6.6,854.5
103,32,1,2,1,0.4,0,0,0.2,1,0.3,0.7,108.8
103,33,1,1,0.6,0.2,0,0,0,0.6,0.2,0.4,61
103,38,1,2,1,0.3,0,0,0.1,1,0.2,0.5,94.8
103,45,1,1,0.4,0.1,0,0,0.1,0.4,0.1,0.4,46.8
103,50,1,1,0.4,0.2,0,0,0.1,0.4,0,0.3,55.4
103,56,2,11,4.4,0.8,0.2,0,0.5,4.4,0.6,3.9,538.2
103,57,2,20.5,8.3,1.6,0.3,0.1,0.9,8.2,1.2,7.3,1003.1
103,64,0,65,24,2,2,0,0,24,3,24,2560
103,65,1,33,16.3,6.7,1,1,1.4,15.3,1,15.1,1743.4
103,100,1,2,1.3,0.8,0,0,0,1.3,0.1,1.2,131.5
103,107,1,2,1.1,0.5,0.1,0,0,1.1,0.1,0.8,101.1
103,114,1,5,2.4,0.8,0.2,0.1,0.1,2.3,0.4,2,256
103,123,1,1,0.6,0.4,0,0,0,0.6,0.1,0.5,45.9
103,126,1,13,5.9,2.1,0,0,0.4,5.9,1.7,4.6,546.4
103,127,1,14,6.3,2.3,0,0,0.5,6.3,1.8,5,588.5
104,15,2,7,3.5,1.4,0.1,0,0.5,3.5,1.4,2.6,309.7
104,18,3,12,6.4,2.9,0.4,0,0.4,6.4,0.8,6.4,684.4
104,22,2,4,2.2,1,0.2,0,0.2,2.2,0.2,2.2,228.2
104,24,2,4,2,0.8,0,0.3,0.1,1.7,0.5,1.5,198
104,27,1,13,6.7,2.6,0,0.9,0.3,5.8,1.5,5,643.7
104,28,3,88.5,56.4,32.9,0.9,5.6,4.9,50.8,13.8,36.9,5362.3
104,29,1,5,2.6,0.9,0.1,0,0.5,2.6,0.7,1.9,272.1
104,36,1,5,2.7,1.1,0,0.2,0.5,2.5,0.7,2.5,237.1
104,38,1,2,1,0.3,0,0,0.1,1,0.2,0.5,94.8
104,39,1,1,0.5,0.2,0,0,0,0.5,0.1,0.3,47.4
104,45,1,1,0.4,0.1,0,0,0.1,0.4,0.1,0.4,46.8
104,49,1,5,2.2,0.9,0.2,0,0.4,2.2,0.2,1.7,277.2
104,50,1,16,7.1,3,0.6,0,1.2,7.1,0.6,5.3,887.1
104,62,1,3,1.3,0.5,0.1,0,0,1.3,0.3,0.9,101.5
104,63,1,22,9.3,2.1,0.3,0,0.3,9.3,0.7,9.3,1212.1
104,64,2,55,25.6,8.4,1.2,1,2.8,24.6,1.4,20.3,2708.7
104,65,1,288.5,148.1,69.1,5,23,19.9,125.1,20.9,86.1,13932.6
104,66,2,9,3.9,1.5,0.2,0.2,0.1,3.7,0.1,3.4,411.5
104,68,1,5,2.6,1,0,0,0.2,2.6,0.2,1.9,272.1
104,71,4,32,15.2,4.6,0.3,0,1.1,15.2,0.9,12.6,1721.2
104,72,2,48,21.4,5.6,0.6,0,1.4,21.4,1.2,19.4,2563.2
104,83,2,9,4.3,1.1,0,0,0.3,4.3,0.7,3.9,474.1
104,86,1,2,1,0.2,0,0,0.1,1,0.2,0.9,105.4
104,87,1,5,2.4,0.6,0,0,0.2,2.4,0.4,2.2,263.4
104,88,1,2,1,0.3,0.1,0,0.1,1,0.2,0.8,117.1
104,93,1,13,6.5,2.2,0.4,0,0.9,6.5,1.3,5.2,760.9
104,98,1,1,0.6,0.4,0,0,0,0.6,0,0.6,65.8
104,99,2,5,3.2,2,0,0,0,3.2,0.1,2.9,328.8
104,103,2,11,6.2,2.8,0.4,0,0,6.2,0.6,4.4,556
104,106,3,10,5.7,2.6,0.3,0,0,5.7,0.6,4,505.4
104,108,2,6,2.7,1.2,0.3,0,0.1,2.7,1,2.4,259
104,110,1,1,0.4,0.2,0,0,0,0.4,0.2,0.4,43.2
104,114,2,7,3.4,1.1,0.3,0.1,0.1,3.3,0.5,2.8,358.4
104,126,2,8,4.7,2.5,0,0,0.3,4.7,0.8,3.5,359.6
104,127,1,2,0.9,0.3,0,0,0.1,0.9,0.3,0.7,84.1
105,4,1,3,1.4,0.5,0.1,0,0.3,1.4,0.4,1.2,138.7
105,5,2,19,8.9,3.2,0.4,0,2,8.9,2.8,7.7,878.5
105,10,1,3,1.5,0.6,0.1,0,0.2,1.5,0.6,1.1,132.8
105,15,1,8,4,1.6,0.2,0,0.6,4,1.6,3,354
105,21,2,5,2.7,1.3,0.2,0,0.2,2.7,0.3,2.7,285.2
105,22,1,5,2.7,1.2,0.2,0,0.2,2.7,0.3,2.7,285.2
105,28,1,6,3.1,1.1,0.1,0,0.6,3.1,0.8,2.2,326.5
105,29,1,3,1.5,0.6,0.1,0,0.3,1.5,0.4,1.1,163.3
105,39,1,9.5,4.7,1.6,0,0,0.3,4.7,1,2.6,450.3
105,50,1,1,0.4,0.2,0,0,0.1,0.4,0,0.3,55.4
105,54,1,2,0.8,0.2,0,0,0.1,0.8,0.1,0.7,97.9
105,55,2,12,4.9,1,0.2,0.1,0.5,4.8,0.8,4.3,587.2
105,56,3,8,3.2,0.6,0.2,0,0.3,3.2,0.5,2.9,391.5
105,63,1,27,12.8,2.2,0,0,0,12.8,0.1,9.8,1328.2
105,64,0,66,31,10,0,4,5,27,5,20,3002
105,65,1,162.5,68.1,15.1,1.4,1.4,9,66.7,7,45,7072.2
105,70,1,11,4.9,1.3,0.2,0,0.3,4.9,0.3,4.4,587.4
105,71,2,165,82.6,36.9,1.2,12,6.5,70.6,14.4,49.8,8144.8
105,72,2,181.5,82.2,23.3,2.6,11,5.3,71.2,13.1,62.4,8485.7
105,73,1,8,3.9,1.4,0.3,0,0.6,3.9,0.6,3.3,448
105,87,1,1,0.5,0.1,0,0,0,0.5,0.1,0.4,52.7
105,99,1,4,2.6,1.6,0,0,0,2.6,0.1,2.3,263
105,100,1,15,9.6,5.8,0,0,0,9.6,0.4,8.8,986.2
105,108,1,5,2.2,0.9,0.2,0,0.1,2.2,0.8,2,215.8
105,110,1,7,3.1,1.3,0.3,0,0.1,3.1,1.2,2.8,302.2
105,112,3,11,4.8,2.1,0.4,0,0.2,4.8,1.9,4.4,474.9
105,119,2,7,3.2,1.2,0,0,0,3.2,0.5,3,353.3
105,123,2,3,1.8,1.2,0,0,0.1,1.8,0.3,1.4,137.7
105,124,2,7,4.4,2.6,0,0,0.2,4.4,0.6,3.3,321.4
106,21,1,5,2.7,1.2,0.2,0,0.2,2.7,0.3,2.7,285.2
106,36,1,14,8.4,3.5,0,0,0.7,8.4,2.1,6.3,854
106,38,1,1,0.5,0.2,0,0,0,0.5,0.1,0.3,47.4
106,39,1,1,0.5,0.2,0,0,0,0.5,0.1,0.3,47.4
106,42,1,6,3,1,0,0,0.2,3,0.7,1.6,284.4
106,43,1,2,0.9,0.2,0.1,0,0.2,0.9,0.1,0.8,93.6
106,44,2,19,8.5,2.1,0.9,0,1.7,8.5,1.3,7.2,889.6
106,50,2,3,1.3,0.6,0.1,0,0.2,1.3,0.1,1,166.3
106,59,1,1,0.4,0.2,0,0,0,0.4,0.1,0.3,33.8
106,60,2,4,1.7,0.7,0,0.1,0.3,1.6,0.1,1.5,168.9
106,61,3,25,11.2,4.4,0,0.9,1.8,10.3,0.9,9.4,1056
106,64,1,4,1.7,0.4,0.1,0,0.1,1.7,0.1,1.7,220.4
106,65,3,34,14.2,3.4,0.7,0.5,0.3,13.7,0.7,12.9,1742.8
106,70,2,20,8.9,2.3,0.3,0,0.6,8.9,0.5,8,1068
106,71,3,111,37.7,5.9,3.5,0,1.9,37.7,0.8,35.3,4462.2
106,72,2,72,32.3,7.5,0.3,1,4.5,31.3,1.5,23.5,3302.4
106,99,2,4,2.5,1.6,0,0,0,2.5,0.1,2.4,263
106,100,1,4,2.6,1.6,0,0,0,2.6,0.1,2.3,263
106,103,1,3,1.7,0.8,0.1,0,0,1.7,0.2,1.2,151.6
106,105,2,3,1.7,0.8,0.1,0,0,1.7,0.2,1.2,151.6
106,107,2,6,3.4,1.6,0.2,0,0,3.4,0.4,2.4,303.2
106,112,2,8,3.5,1.5,0.3,0,0.1,3.5,1.3,3.2,345.3
106,116,1,2,1,0.3,0.1,0,0,1,0.1,0.8,102.4
106,119,1,2,0.9,0.4,0,0,0,0.9,0.2,0.8,101
