x,y,imputed,ind,men,men_1ind,men_5ind,men_coll,men_fmp,men_mais,men_pauv,men_prop,men_surf
23,0,1,1,0.4,0,0,0,0,0.4,0.1,0.3,70.5
27,0,1,4.5,1.7,0.5,0.2,0,0.2,1.7,0.2,1.1,184.1
28,0,1,20,7.7,2.2,0.9,0,0.8,7.7,0.8,4.9,818.2
29,0,1,10,3.9,1.1,0.5,0,0.4,3.9,0.4,2.5,409.1
36,0,1,5,2,0.6,0.2,0,0,2,0.5,1.4,225
50,0,1,7,2.4,0.2,0.4,0,0.4,2.4,0.2,1.1,358.5
59,0,1,15,5.6,1.4,0.4,0,0,5.6,0.7,5.6,699.5
64,0,1,1,0.5,0.1,0,0,0,0.5,0.1,0.4,55.9
69,0,1,3,1.4,0.5,0,0.2,0.2,1.2,0.2,0.8,144.8
70,0,1,3,1.4,0.5,0,0.2,0.2,1.2,0.2,0.8,144.8
72,0,1,6,2.4,0.5,0.1,0,0.4,2.4,0.6,1.8,257.3
73,0,1,2,0.8,0.2,0,0,0.1,0.8,0.2,0.6,85.8
74,0,1,3,1.2,0.2,0,0,0.2,1.2,0.3,0.9,128.6
103,0,1,1,0.5,0.2,0,0,0,0.5,0.1,0.2,50.1
107,0,1,2,0.9,0.3,0,0,0.1,0.9,0.3,0.7,118
108,0,1,5,2.3,0.8,0,0,0.3,2.3,0.6,1.7,295
117,0,1,2,0.9,0.2,0,0,0.1,0.9,0.1,0.4,105.3
126,0,1,3,1.3,0.3,0.1,0,0.1,1.3,0.2,0.7,158
4,1,1,9,4.3,1.4,0.2,0,0.5,4.3,1.2,3.1,443.8
6,1,1,3,1,0.2,0.2,0,0,1,0.1,0.8,140.5
7,1,1,3,1,0.2,0.2,0,0,1,0.1,0.8,140.5
12,1,1,8,2.6,0.5,0.5,0,0.1,2.6,0.4,2.1,374.6
15,1,1,1,0.3,0.1,0.1,0,0,0.3,0,0.3,46.8
17,1,1,2,0.8,0.1,0,0,0,0.8,0.1,0.6,141
24,1,1,4,1.7,0.2,0.1,0,0.1,1.7,0.2,1.2,281.9
26,1,1,3,1.2,0.3,0.1,0,0.1,1.2,0.1,0.7,122.7
27,1,1,2,0.8,0.2,0.1,0,0.1,0.8,0.1,0.5,81.8
31,1,1,1,0.3,0,0.1,0,0,0.3,0,0.2,38.9
32,1,1,5,1.6,0.2,0.3,0.1,0.1,1.5,0,1.2,194.5
35,1,1,6,2,0.2,0.4,0.2,0.2,1.8,0,1.4,233.4
36,1,1,3,1.2,0.4,0.1,0,0,1.2,0.3,0.8,135
38,1,1,3,1.2,0.4,0.1,0,0,1.2,0.3,0.8,135
39,1,1,3.5,1.4,0.4,0.1,0,0,1.4,0.3,1,157.5
40,1,1,5.5,2.2,0.7,0.2,0,0,2.2,0.5,1.5,247.5
45,1,1,1,0.4,0.1,0,0,0,0.4,0.1,0.3,45
64,1,1,4,1.8,0.5,0,0,0,1.8,0.4,1.5,223.5
65,1,1,4,1.8,0.5,0,0,0,1.8,0.4,1.5,223.5
69,1,1,3,1.4,0.5,0,0.2,0.2,1.2,0.2,0.8,144.8
72,1,1,4,1.6,0.3,0.1,0,0.2,1.6,0.4,1.2,171.5
73,1,1,1,0.4,0.1,0,0,0.1,0.4,0.1,0.3,42.9
76,1,1,4,1.7,0.5,0.1,0.4,0.2,1.3,0.2,0.6,197.2
100,1,1,1,0.5,0.2,0,0,0,0.5,0.1,0.2,50.1
127,1,1,13.5,5.8,1.2,0.3,0,0.6,5.8,0.9,3,711.1
1,2,1,4,1.5,0.3,0.1,0,0.1,1.5,0.4,1.2,221.4
7,2,1,3,1.2,0.2,0.1,0.1,0.1,1.1,0.2,1.1,164.6
10,2,1,8,3.3,0.6,0.2,0.3,0.4,3,0.6,2.9,438.8
18,2,1,6,2.5,0.4,0,0.2,0.2,2.3,0.3,2,356.6
21,2,1,4,1.7,0.3,0,0.1,0.1,1.6,0.2,1.3,237.7
22,2,1,6,2.5,0.4,0,0.2,0.2,2.3,0.3,2,356.6
24,2,1,2,0.8,0.1,0,0,0.1,0.8,0.1,0.7,118.9
28,2,1,3,1.2,0.3,0.1,0,0.1,1.2,0.2,0.9,144.5
33,2,1,5,2,0.5,0.2,0.1,0.2,1.9,0.3,1.6,240.9
34,2,1,2,0.8,0.2,0.1,0,0.1,0.8,0.1,0.6,96.4
36,2,1,7,2.7,0.4,0.3,0,0.2,2.7,0.3,2,273.3
37,2,1,4,1.6,0.3,0.2,0,0.1,1.6,0.2,1.2,156.2
38,2,1,6,2.4,0.4,0.2,0,0.2,2.4,0.2,1.7,234.2
39,2,1,9,3.5,0.6,0.3,0,0.2,3.5,0.3,2.6,351.3
49,2,1,4,1.6,0.3,0.1,0,0.3,1.6,0.3,1.1,194.1
53,2,1,3,0.9,0,0.2,0,0,0.9,0,0.8,108.1
57,2,1,4,1.8,0.5,0,0,0.1,1.8,0.3,1.4,249
69,2,1,7,4.2,2.1,0.3,0,1.5,4.2,1.8,1.5,477.8
116,2,1,2,1.2,0.6,0,0.6,0.1,0.6,0.2,0.1,98.5
117,2,1,2,1.2,0.6,0,0.6,0.1,0.6,0.2,0.1,98.5
127,2,1,15,5.8,1.6,1,0,0.2,5.8,1.8,4.7,696
0,3,1,1,0.5,0.2,0,0,0.1,0.5,0,0.4,60.7
3,3,1,2,0.7,0.1,0.1,0,0.1,0.7,0.2,0.6,110.7
20,3,1,13,5.5,0.9,0,0.4,0.5,5.1,0.7,4.4,772.6
21,3,1,3,1.3,0.2,0,0.1,0.1,1.2,0.2,1,178.3
24,3,1,2.5,1.1,0.2,0,0.1,0.1,1,0.1,0.8,148.6
26,3,1,3,1.2,0.3,0.1,0,0.1,1.2,0.2,0.9,144.5
37,3,1,11,4.3,0.7,0.4,0,0.3,4.3,0.4,3.2,429.4
39,3,1,4,1.6,0.3,0.2,0,0.1,1.6,0.2,1.2,156.2
51,3,1,7,2,0,0.4,0,0.1,2,0.1,1.9,252.1
52,3,1,2,0.6,0,0.1,0,0,0.6,0,0.6,72
57,3,1,8,3.7,1,0,0,0.2,3.7,0.6,2.9,498.1
59,3,1,3,1.4,0.4,0,0,0.1,1.4,0.2,1.1,186.8
63,3,1,4,1.8,0.5,0,0,0.1,1.8,0.3,1.4,249
64,3,1,4,1.8,0.5,0,0,0.1,1.8,0.3,1.4,249
100,3,1,4,1.8,0.6,0,0,0.2,1.8,0.5,1.3,236
126,3,1,4,1.6,0.4,0.3,0,0.1,1.6,0.5,1.2,185.6
127,3,1,2,0.8,0.2,0.1,0,0,0.8,0.2,0.6,92.8
3,4,1,1,0.4,0.1,0,0,0,0.4,0.1,0.3,55.4
19,4,1,2,0.8,0.1,0,0,0.1,0.8,0.1,0.7,118.9
20,4,1,5,2.1,0.4,0,0.2,0.2,1.9,0.3,1.7,297.2
24,4,1,1,0.4,0.1,0,0,0,0.4,0.1,0.3,59.4
29,4,1,5,2,0.5,0.2,0.1,0.2,1.9,0.3,1.6,240.9
36,4,1,4,1.6,0.3,0.2,0,0.1,1.6,0.2,1.2,156.2
37,4,1,2,0.8,0.1,0.1,0,0.1,0.8,0.1,0.6,78.1
39,4,1,4,1.6,0.3,0.2,0,0.1,1.6,0.2,1.2,156.2
44,4,1,1,0.6,0.3,0,0,0,0.6,0.1,0.5,62.8
46,4,1,3,1.2,0.2,0.1,0,0.2,1.2,0.2,0.8,145.6
54,4,1,12,3.5,0,0.7,0,0.2,3.5,0.2,3.3,432.2
55,4,1,21,6.1,0,1.3,0,0.3,6.1,0.3,5.8,756.4
68,4,1,2,1.2,0.6,0.1,0,0.4,1.2,0.5,0.4,136.5
78,4,1,5,2,0.5,0.2,0,0.2,2,0.4,1.2,272.1
79,4,1,2,0.8,0.2,0.1,0,0.1,0.8,0.2,0.5,108.9
82,4,1,5,2,0.5,0.2,0,0.2,2,0.4,1.2,272.1
87,4,1,2,0.8,0.2,0.1,0,0.1,0.8,0.2,0.5,108.9
90,4,1,4,1.6,0.4,0.2,0,0.2,1.6,0.3,1,217.7
112,4,1,5,2.3,0.8,0,0,0.3,2.3,0.6,1.7,295
125,4,1,3,1.8,0.9,0,1,0.1,0.8,0.3,0.2,147.8
1,5,1,3,1.1,0.2,0.1,0,0.1,1.1,0.3,0.9,166.1
12,5,1,5,2,0.4,0.1,0.1,0.2,1.9,0.3,1.8,274.3
37,5,1,11,4.3,0.7,0.4,0,0.3,4.3,0.4,3.2,429.4
42,5,1,2,1.2,0.7,0,0,0,1.2,0.3,1,125.6
53,5,1,7,2,0,0.4,0,0.1,2,0.1,1.9,252.1
54,5,1,4,1.2,0,0.2,0,0.1,1.2,0.1,1.1,144.1
57,5,1,1,0.5,0.1,0,0,0,0.5,0.1,0.4,62.3
77,5,1,4,1.6,0.4,0.2,0,0.2,1.6,0.3,1,217.7
82,5,1,2,0.8,0.2,0.1,0,0.1,0.8,0.2,0.5,108.9
83,5,1,2,0.8,0.2,0.1,0,0.1,0.8,0.2,0.5,108.9
84,5,1,1,0.4,0.1,0,0,0,0.4,0.1,0.2,54.4
101,5,1,2,0.9,0.3,0,0,0.1,0.9,0.3,0.7,118
105,5,1,1,0.5,0.2,0,0,0.1,0.5,0.1,0.3,59
111,5,1,4,1.8,0.6,0,0,0.2,1.8,0.5,1.3,236
12,6,1,1,0.4,0.1,0,0,0,0.4,0.1,0.4,54.9
24,6,1,1,0.4,0.1,0,0,0,0.4,0.1,0.3,59.4
27,6,1,6,2.5,0.6,0.2,0.1,0.2,2.4,0.4,1.9,289.1
34,6,1,2,0.8,0.2,0.1,0,0.1,0.8,0.1,0.6,96.4
36,6,1,2,0.8,0.1,0.1,0,0.1,0.8,0.1,0.6,78.1
37,6,1,13,5.1,0.8,0.5,0,0.3,5.1,0.5,3.8,507.5
38,6,1,2,0.8,0.1,0.1,0,0.1,0.8,0.1,0.6,78.1
45,6,1,1,0.6,0.3,0,0,0,0.6,0.1,0.5,62.8
46,6,1,7,2.7,0.5,0.3,0,0.5,2.7,0.5,1.9,339.8
52,6,1,7,2,0,0.4,0,0.1,2,0.1,1.9,252.1
53,6,0,44,20,4,1,0,3,20,4,12,1977
54,6,1,2,0.6,0,0.1,0,0,0.6,0,0.6,72
56,6,1,2,0.9,0.3,0,0,0.1,0.9,0.2,0.7,124.5
57,6,1,2,0.9,0.3,0,0,0.1,0.9,0.2,0.7,124.5
83,6,1,10,4,1,0.4,0,0.4,4,0.8,2.5,544.3
92,6,1,3,1.2,0.3,0.1,0,0.1,1.2,0.2,0.8,163.3
99,6,1,2,0.9,0.3,0,0,0.1,0.9,0.3,0.7,118
100,6,1,9,4.2,1.4,0,0,0.5,4.2,1.2,3,531
112,6,1,1,0.5,0.2,0,0,0.1,0.5,0.1,0.3,59
8,7,1,1,0.4,0.1,0,0,0,0.4,0.1,0.4,54.9
9,7,1,6,2.4,0.5,0.1,0.2,0.3,2.2,0.4,2.1,329.1
10,7,1,1,0.4,0.1,0,0,0,0.4,0.1,0.4,54.9
20,7,1,2,0.8,0.1,0,0,0.1,0.8,0.1,0.7,118.9
26,7,1,9,3.7,0.9,0.3,0.2,0.3,3.5,0.6,2.8,433.6
28,7,1,1,0.4,0.1,0,0,0,0.4,0.1,0.3,48.2
30,7,1,3,1.2,0.3,0.1,0,0.1,1.2,0.2,0.9,144.5
38,7,1,6,3.7,2.1,0,0,0,3.7,0.8,2.9,376.7
49,7,1,2,0.8,0.1,0.1,0,0.1,0.8,0.1,0.6,97.1
52,7,1,10,3.9,0.7,0.4,0,0.7,3.9,0.7,2.8,485.4
53,7,1,18,7,1.3,0.7,0,1.3,7,1.3,5,873.7
62,7,1,2,0.9,0.3,0,0,0.1,0.9,0.2,0.7,124.5
63,7,1,2,0.9,0.3,0,0,0.1,0.9,0.2,0.7,124.5
98,7,1,2,0.9,0.2,0,0,0,0.9,0.2,0.8,125.5
99,7,1,8,3.7,0.9,0,0,0.2,3.7,0.9,3.2,502
100,7,1,10.5,4.8,1.2,0,0,0.2,4.8,1.2,4.2,658.8
122,7,1,5,2.3,0.7,0.1,0,0.2,2.3,0.3,1.5,254
127,7,1,9,3.8,0.9,0.2,0,0.2,3.8,0.7,2.9,438
6,8,1,4,1.6,0.3,0.1,0.1,0.2,1.5,0.3,1.4,219.4
8,8,1,12,4.9,1,0.2,0.4,0.6,4.5,0.8,4.3,658.2
9,8,1,8,3.3,0.6,0.2,0.3,0.4,3,0.6,2.9,438.8
10,8,1,7.5,3.1,0.6,0.1,0.2,0.4,2.9,0.5,2.7,411.4
11,8,1,23.5,9.3,1.1,0,0,0,9.3,0.5,8.7,1006.7
12,8,1,3,1.2,0.1,0,0,0,1.2,0.1,1.1,128.5
18,8,1,2,0.8,0.1,0,0,0.1,0.8,0.1,0.7,118.9
28,8,1,4,1.6,0.4,0.1,0,0.1,1.6,0.3,1.2,192.7
29,8,1,3,1.2,0.3,0.1,0,0.1,1.2,0.2,0.9,144.5
30,8,1,2,0.8,0.2,0.1,0,0.1,0.8,0.1,0.6,96.4
42,8,1,1,0.6,0.3,0,0,0,0.6,0.1,0.5,62.8
43,8,1,5,3,1.7,0,0,0,3,0.7,2.4,313.9
68,8,1,2,1.2,0.6,0.1,0,0.4,1.2,0.5,0.4,136.5
99,8,1,1,0.5,0.1,0,0,0,0.5,0.1,0.4,62.7
102,8,1,4,1.7,0.4,0,0,0,1.7,0.3,1.5,167.2
104,8,1,1,0.4,0.1,0,0,0,0.4,0.1,0.4,41.8
121,8,0,22,13,9,0,0,1,13,2,0,910
122,8,1,21,9.5,3.1,0.5,0,1,9.5,1.3,6.4,1067
123,8,1,15,6.8,2.2,0.4,0,0.7,6.8,0.9,4.6,762.1
124,8,0,42,25,16,0,0,3,25,4,16,2177
125,8,0,65.5,36,15,0,0,6,36,15,25,3244
126,8,0,16,11,8,0,1,1,10,4,10,956
127,8,1,8,3.3,0.8,0.2,0,0.2,3.3,0.6,2.6,389.3
1,9,1,2,0.7,0.1,0.1,0,0.1,0.7,0.2,0.6,110.7
8,9,1,7,2.9,0.6,0.1,0.2,0.3,2.7,0.5,2.5,384
9,9,1,6,2.4,0.5,0.1,0.2,0.3,2.2,0.4,2.1,329.1
10,9,1,20,8.2,1.6,0.4,0.6,1,7.6,1.4,7.2,1097
11,9,1,1,0.4,0,0,0,0,0.4,0,0.4,42.8
13,9,1,1,0.4,0,0,0,0,0.4,0,0.4,42.8
18,9,1,3,1.3,0.2,0,0.1,0.1,1.2,0.2,1,178.3
25,9,1,2,0.8,0.1,0,0,0.1,0.8,0.1,0.7,118.9
27,9,1,2,0.8,0.2,0.1,0,0.1,0.8,0.1,0.6,96.4
41,9,1,1,0.6,0.3,0,0,0,0.6,0.1,0.5,62.8
42,9,1,1,0.6,0.3,0,0,0,0.6,0.1,0.5,62.8
45,9,1,1,0.6,0.3,0,0,0,0.6,0.1,0.5,62.8
46,9,1,2,0.8,0.1,0.1,0,0.1,0.8,0.1,0.6,97.1
54,9,1,1,0.4,0.1,0,0,0.1,0.4,0.1,0.3,48.5
55,9,1,4,1.6,0.3,0.1,0,0.3,1.6,0.3,1.1,194.1
62,9,1,2,0.9,0.3,0,0,0.1,0.9,0.2,0.7,124.5
83,9,1,3,1.2,0.3,0.1,0,0.1,1.2,0.2,0.8,163.3
89,9,1,4,1.6,0.4,0.2,0,0.2,1.6,0.3,1,217.7
100,9,1,2,0.9,0.2,0,0,0,0.9,0.2,0.8,125.5
101,9,1,3,1.2,0.3,0,0,0,1.2,0.2,1.1,125.4
102,9,1,5,2.1,0.5,0,0,0,2.1,0.4,1.9,209.1
103,9,1,17,7.1,1.8,0,0,0,7.1,1.4,6.4,710.8
104,9,1,1,0.4,0.1,0,0,0,0.4,0.1,0.4,41.8
105,9,1,2,0.8,0.2,0,0,0,0.8,0.2,0.8,83.6
121,9,0,42,25,13,0,0,3,25,8,3,1769
122,9,0,80.5,30,7,2,1,8,29,10,9,2767
123,9,0,38,15,2,2,2,1,13,1,9,1552
124,9,0,55.5,23,6,3,4,5,19,9,14,2736
125,9,1,18.5,8.4,2.7,0.5,0,0.9,8.4,1.1,5.7,940
126,9,1,8.5,3.6,0.9,0.2,0,0.2,3.6,0.7,2.8,413.7
5,10,1,6,2.2,0.4,0.2,0,0.2,2.2,0.6,1.8,332.1
6,10,1,2,0.8,0.2,0,0.1,0.1,0.7,0.1,0.7,109.7
10,10,1,9,3.7,0.7,0.2,0.3,0.4,3.4,0.6,3.2,493.7
11,10,1,2,0.8,0.1,0,0,0,0.8,0,0.7,85.7
16,10,1,2,0.8,0.1,0,0,0.1,0.8,0.1,0.7,118.9
29,10,1,6.5,2.7,0.6,0.2,0.1,0.2,2.6,0.4,2,313.2
30,10,1,2.5,1,0.2,0.1,0,0.1,1,0.2,0.8,120.5
39,10,1,1,0.6,0.3,0,0,0,0.6,0.1,0.5,62.8
41,10,1,3,1.8,1,0,0,0,1.8,0.4,1.4,188.3
49,10,1,1,0.4,0.1,0,0,0.1,0.4,0.1,0.3,48.5
51,10,1,2,0.8,0.1,0.1,0,0.1,0.8,0.1,0.6,97.1
59,10,1,1,0.5,0.1,0,0,0,0.5,0.1,0.4,62.3
93,10,1,4,1.6,0.4,0.2,0,0.2,1.6,0.3,1,217.7
99,10,1,2,0.9,0.2,0,0,0,0.9,0.2,0.8,125.5
100,10,1,18,8.3,2,0,0,0.4,8.3,2,7.1,1129.5
101,10,0,58,26,13,1,1,2,25,6,16,2900
102,10,0,42,17,6,0,0,2,17,4,12,1776
103,10,1,7,2.9,0.7,0,0,0,2.9,0.6,2.6,292.7
117,10,1,5,3,1.4,0,1.6,0.2,1.4,0.5,0.4,246.2
120,10,1,16,9.7,4.6,0,5.1,0.6,4.6,1.7,1.1,788
121,10,0,36,19,11,2,5,2,14,6,2,1233
122,10,1,2,0.9,0.3,0,0,0.1,0.9,0.1,0.6,101.6
123,10,1,9,4.1,1.3,0.2,0,0.4,4.1,0.6,2.8,457.3
125,10,1,3,1.4,0.4,0.1,0,0.1,1.4,0.2,0.9,152.4
126,10,1,17,7.1,1.8,0.4,0,0.4,7.1,1.3,5.6,827.3
127,10,1,3,1.3,0.3,0.1,0,0.1,1.3,0.2,1,146
11,11,0,38.5,16,1,0,0,0,16,1,16,1691
12,11,1,12.5,4.9,0.6,0,0,0,4.9,0.3,4.7,535.5
30,11,1,2,0.8,0.2,0.1,0,0.1,0.8,0.1,0.6,96.4
57,11,1,4,1.8,0.5,0,0,0.1,1.8,0.3,1.4,249
66,11,1,1,0.6,0.3,0,0,0.2,0.6,0.3,0.2,68.3
68,11,1,1,0.6,0.3,0,0,0.2,0.6,0.3,0.2,68.3
69,11,1,10.5,6.3,3.1,0.4,0,2.2,6.3,2.7,2.2,716.7
81,11,1,1,0.4,0.1,0,0,0,0.4,0.1,0.2,54.4
99,11,1,2,0.9,0.2,0,0,0,0.9,0.2,0.8,125.5
102,11,1,4,1.7,0.4,0,0,0,1.7,0.3,1.5,167.2
104,11,1,4,1.7,0.4,0,0,0,1.7,0.3,1.5,167.2
121,11,0,30,11,1,1,0,1,11,0,7,978
124,11,1,8,3.6,1.2,0.2,0,0.4,3.6,0.5,2.5,406.5
126,11,1,8,3.3,0.8,0.2,0,0.2,3.3,0.6,2.6,389.3
127,11,1,8,3.3,0.8,0.2,0,0.2,3.3,0.6,2.6,389.3
10,12,1,4,1.8,0.5,0.1,0,0.1,1.8,0.2,1.5,213.8
11,12,0,44,21,8,0,0,2,21,1,18,2536
12,12,1,19,8.4,2.6,0.4,0,0.4,8.4,1.1,7.3,1015.4
14,12,1,5,2.2,0.7,0.1,0,0.1,2.2,0.3,1.9,267.2
15,12,1,6,2.7,0.8,0.1,0,0.1,2.7,0.3,2.3,320.7
17,12,1,2,0.8,0.2,0,0,0,0.8,0,0.6,92.9
23,12,1,4,1.8,0.3,0,0,0,1.8,0.1,1.1,206.3
24,12,1,5,2.3,0.4,0,0,0.1,2.3,0.1,1.4,257.8
27,12,1,2,1,0.4,0,0,0.1,1,0.2,0.7,141.9
34,12,1,3,1.6,0.6,0.1,0.1,0.2,1.5,0.3,1.1,212.8
41,12,1,2,0.8,0.2,0.1,0,0.1,0.8,0.1,0.8,103.9
97,12,1,2,0.7,0.2,0.1,0,0,0.7,0.2,0.4,90.5
104,12,1,3.5,1.3,0.4,0.1,0.1,0.1,1.2,0.3,0.6,158.4
118,12,1,2,0.9,0.4,0,0,0.1,0.9,0.4,0.5,130.7
126,12,1,1,0.5,0.2,0,0,0.1,0.5,0.2,0.3,65.4
127,12,1,2,0.9,0.4,0,0,0.1,0.9,0.4,0.5,130.7
9,13,1,1,0.4,0.1,0,0,0,0.4,0.1,0.4,53.4
11,13,0,38,17,6,2,0,2,17,1,10,1822
12,13,1,7,3.1,0.9,0.1,0,0.1,3.1,0.4,2.7,374.1
22,13,1,20.5,9.3,1.5,0,0,0.2,9.3,0.4,5.7,1057.2
23,13,1,5,2.3,0.4,0,0,0.1,2.3,0.1,1.4,257.8
24,13,1,13,5.9,1,0,0,0.1,5.9,0.3,3.6,670.4
25,13,1,2,0.9,0.2,0,0,0,0.9,0,0.6,103.1
48,13,1,6,2.9,1.2,0.3,0,0.4,2.9,0.4,1.4,354.8
100,13,1,3,1.1,0.3,0.1,0.1,0.1,1,0.2,0.5,135.8
110,13,1,4.5,1.6,0.4,0.2,0.1,0.1,1.5,0.4,0.8,203.7
0,14,1,1,0.4,0.1,0.1,0,0.1,0.4,0.1,0.3,40.5
1,14,1,3,1.2,0.3,0,0,0.1,1.2,0.1,0.9,152.1
2,14,1,1,0.4,0.1,0,0,0,0.4,0,0.3,50.7
21,14,1,21.5,9.7,1.6,0,0,0.2,9.7,0.5,6,1108.8
22,14,0,66,26,5,2,0,1,26,3,15,2581
23,14,0,50,24,8,0,0,1,24,4,17,2645
24,14,1,2,0.9,0.2,0,0,0,0.9,0,0.6,103.1
32,14,1,5,2.6,1,0.1,0.1,0.4,2.5,0.5,1.8,354.6
37,14,1,2,0.8,0.2,0.1,0,0.1,0.8,0.1,0.8,103.9
54,14,1,2,1,0.4,0.1,0,0.1,1,0.1,0.5,118.3
55,14,1,7,3.3,1.4,0.3,0,0.5,3.3,0.5,1.7,413.9
3,15,1,4,1.7,0.4,0,0,0.1,1.7,0.1,1.2,202.8
4,15,1,1,0.4,0.1,0,0,0,0.4,0,0.3,50.7
16,15,1,1,0.4,0.1,0,0,0,0.4,0,0.3,46.5
18,15,1,1,0.4,0.1,0,0,0,0.4,0,0.3,46.5
20,15,0,33,12,0,0,0,0,12,0,11,1323
21,15,0,44,15,1,2,0,1,15,1,15,1655
22,15,1,16,7.2,1.2,0,0,0.2,7.2,0.3,4.5,825.1
23,15,1,4,1.8,0.3,0,0,0,1.8,0.1,1.1,206.3
37,15,1,2,0.8,0.2,0.1,0,0.1,0.8,0.1,0.8,103.9
40,15,1,1,0.4,0.1,0,0,0,0.4,0,0.4,52
48,15,1,2,1,0.4,0.1,0,0.1,1,0.1,0.5,118.3
49,15,1,1,0.5,0.2,0,0,0.1,0.5,0.1,0.2,59.1
52,15,1,4,1.9,0.8,0.2,0,0.3,1.9,0.3,1,236.5
55,15,1,2,1,0.4,0.1,0,0.1,1,0.1,0.5,118.3
58,15,1,1,0.5,0.1,0,0,0,0.5,0.2,0.4,53
61,15,1,1,0.5,0.1,0,0,0,0.5,0.2,0.4,53
80,15,1,1,0.4,0.2,0,0,0,0.4,0.1,0.4,47.6
81,15,0,29,14,6,1,0,3,14,2,7,1392
84,15,1,2,1,0.2,0,0,0.2,1,0.2,0.7,125.7
117,15,1,1,0.5,0.2,0,0,0.1,0.5,0.2,0.3,65.4
118,15,1,2,0.9,0.4,0,0,0.1,0.9,0.4,0.5,130.7
1,16,1,3,1.2,0.3,0,0,0.1,1.2,0.1,0.9,152.1
19,16,1,25,9.8,2.2,0,0,0,9.8,0.5,7.6,1161.4
20,16,1,17,6.7,1.5,0,0,0,6.7,0.4,5.2,789.8
26,16,1,1,0.5,0.2,0,0,0.1,0.5,0.1,0.4,70.9
27,16,1,2,1,0.4,0,0,0.1,1,0.2,0.7,141.9
37,16,1,9,3.6,0.8,0.4,0,0.4,3.6,0.4,3.4,467.6
40,16,1,14,5.7,1.2,0.6,0,0.6,5.7,0.6,5.4,727.4
41,16,1,17,6.9,1.4,0.7,0,0.7,6.9,0.7,6.5,883.3
54,16,1,16,7.7,3.1,0.7,0,1,7.7,1,3.8,946.1
55,16,1,1,0.5,0.2,0,0,0.1,0.5,0.1,0.2,59.1
58,16,1,2,1,0.2,0.1,0,0.1,1,0.4,0.7,106.1
63,16,1,2,1,0.2,0.1,0,0.1,1,0.4,0.7,106.1
79,16,1,9,4,1.4,0.4,0.2,0.4,3.8,0.5,3.2,428.6
80,16,1,19,8.4,3,0.8,0.4,0.8,8,1.1,6.8,904.8
81,16,1,19,9.1,1.5,0,0,2.3,9.1,1.5,6.8,1194
82,16,1,4,1.9,0.3,0,0,0.5,1.9,0.3,1.4,251.4
124,16,1,8,3.8,1.4,0.1,0,0.4,3.8,1.5,2.1,523
1,17,1,3,1.2,0.3,0,0,0.1,1.2,0.1,0.9,152.1
3,17,1,4,1.7,0.4,0,0,0.1,1.7,0.1,1.2,202.8
17,17,1,5,1.7,0.1,0.1,0.1,0.2,1.6,0.2,1.2,222.2
18,17,1,14,4.9,0.3,0.3,0.3,0.6,4.6,0.6,3.3,622.1
19,17,1,10,3.5,0.2,0.2,0.2,0.4,3.3,0.4,2.4,444.3
31,17,1,1,0.5,0.2,0,0,0.1,0.5,0.1,0.4,70.9
39,17,1,8,2.5,0.5,0.7,0.2,0,2.3,0,2.2,311.1
40,17,0,42,16,3,1,1,1,15,2,13,1950
41,17,0,44,20,4,0,0,0,20,0,13,1836
53,17,1,4,1.4,0.2,0,0,0.1,1.4,0.2,1.1,183.6
54,17,0,27,12,1,0,0,0,12,0,8,1389
55,17,1,6,2.1,0.3,0.1,0,0.2,2.1,0.3,1.7,275.3
78,17,1,13,5.7,1.5,0.4,0,0.9,5.7,0.7,5.2,631.6
79,17,1,10,4.4,1.2,0.3,0,0.7,4.4,0.5,4,485.9
80,17,1,5,2.2,0.6,0.2,0,0.3,2.2,0.3,2,242.9
82,17,1,7,3.1,1.1,0.3,0.1,0.3,3,0.4,2.5,333.3
83,17,1,10,4.4,1.6,0.4,0.2,0.4,4.2,0.6,3.6,476.2
93,17,1,10,4.7,1.8,0,0,0.4,4.7,1.3,4.2,545.3
101,17,1,1,0.4,0.1,0,0,0,0.4,0.1,0.2,45.3
111,17,1,2,0.7,0.2,0.1,0,0,0.7,0.2,0.4,90.5
1,18,1,4,1.7,0.4,0,0,0.1,1.7,0.1,1.2,202.8
2,18,1,6,2.5,0.6,0,0,0.2,2.5,0.2,1.7,304.2
12,18,1,2,0.9,0.3,0,0,0,0.9,0.1,0.8,106.9
15,18,1,4,1.8,0.5,0.1,0,0.1,1.8,0.2,1.5,213.8
33,18,1,3,1.6,0.6,0.1,0.1,0.2,1.5,0.3,1.1,212.8
39,18,1,28,8.9,1.9,2.5,0.6,0,8.3,0,7.6,1088.8
40,18,0,58,31,16,1,4,1,27,6,19,2823
41,18,0,31.5,12,3,2,0,2,12,2,8,1263
52,18,1,3,1,0.2,0,0,0.1,1,0.1,0.8,137.7
53,18,1,16,5.6,0.9,0.1,0,0.4,5.6,0.7,4.4,734.2
54,18,1,28,9.8,1.5,0.3,0,0.8,9.8,1.3,7.7,1284.9
55,18,1,5,1.7,0.3,0,0,0.1,1.7,0.2,1.4,229.4
75,18,1,2,1,0.2,0.1,0,0.1,1,0.4,0.7,106.1
80,18,1,1.5,0.7,0.2,0.1,0,0.1,0.7,0.1,0.6,72.9
91,18,1,3,1.4,0.5,0,0,0.1,1.4,0.4,1.3,163.6
92,18,1,8,3.7,1.4,0,0,0.4,3.7,1.1,3.4,436.3
93,18,1,3,1.4,0.5,0,0,0.1,1.4,0.4,1.3,163.6
97,18,1,7,2.5,0.7,0.3,0.1,0.1,2.4,0.6,1.3,316.8
100,18,1,4,1.4,0.4,0.2,0.1,0.1,1.3,0.3,0.7,181
1,19,1,5.5,2.3,0.5,0,0,0.2,2.3,0.2,1.6,278.9
2,19,1,18,7.5,1.7,0,0,0.6,7.5,0.6,5.2,912.7
3,19,1,2,0.8,0.2,0,0,0.1,0.8,0.1,0.6,101.4
23,19,1,4,1.4,0.1,0.1,0.1,0.2,1.3,0.2,1,177.7
25,19,1,1,0.3,0,0,0,0,0.3,0,0.2,44.4
34,19,1,2,1,0.4,0,0,0.1,1,0.2,0.7,141.9
36,19,1,4,1.3,0.3,0.4,0.1,0,1.2,0,1.1,155.5
39,19,0,48,14,1,4,0,1,14,1,9,1398
40,19,0,53.5,18,2,2,0,3,18,2,15,1895
41,19,0,39,14,1,1,0,0,14,1,10,1414
52,19,1,7,2.4,0.4,0.1,0,0.2,2.4,0.3,1.9,321.2
53,19,0,45,19,4,2,2,3,17,7,11,1834
54,19,0,30.5,12,2,1,0,1,12,1,9,1643
56,19,1,2,1,0.2,0.1,0,0.1,1,0.4,0.7,106.1
64,19,1,3,1.5,0.3,0.1,0,0.1,1.5,0.6,1.1,159.1
80,19,1,17,7.4,2,0.6,0,1.1,7.4,0.9,6.9,826
85,19,1,1,0.4,0.2,0,0,0,0.4,0.1,0.4,47.6
96,19,1,1,0.4,0.1,0,0,0,0.4,0.1,0.2,45.3
15,20,1,2,0.9,0.3,0,0,0,0.9,0.1,0.8,106.9
19,20,1,3,1,0.1,0.1,0,0.1,1,0.1,0.7,133.3
21,20,1,2,0.7,0,0,0,0.1,0.7,0.1,0.5,88.9
22,20,1,2,0.7,0,0,0,0.1,0.7,0.1,0.5,88.9
23,20,1,5,1.7,0.1,0.1,0.1,0.2,1.6,0.2,1.2,222.2
26,20,1,2,1,0.4,0,0,0.1,1,0.2,0.7,141.9
38,20,1,2,0.6,0.1,0.2,0,0,0.6,0,0.5,77.8
40,20,1,2,0.6,0.1,0.2,0,0,0.6,0,0.5,77.8
41,20,0,61,21,4,4,0,5,21,9,2,1724
50,20,1,4,1.9,0.8,0.2,0,0.3,1.9,0.3,1,236.5
51,20,1,14,4.9,0.8,0.1,0,0.4,4.9,0.6,3.9,642.5
52,20,0,32,20,13,1,0,2,20,2,12,2021
53,20,0,98,43,15,3,1,2,42,6,24,4495
54,20,1,9,3.1,0.5,0.1,0,0.2,3.1,0.4,2.5,413
55,20,1,4,1.4,0.2,0,0,0.1,1.4,0.2,1.1,183.6
56,20,1,3,1.5,0.3,0.1,0,0.1,1.5,0.6,1.1,159.1
61,20,1,2,1,0.2,0.1,0,0.1,1,0.4,0.7,106.1
71,20,1,2,1,0.2,0.1,0,0.1,1,0.4,0.7,106.1
80,20,1,6,2.6,0.7,0.2,0,0.4,2.6,0.3,2.4,291.5
1,21,1,4,1.7,0.4,0,0,0.1,1.7,0.1,1.2,202.8
13,21,1,2,0.9,0.3,0,0,0,0.9,0.1,0.8,106.9
46,21,1,1,0.5,0.2,0,0,0.1,0.5,0.1,0.2,59.1
51,21,1,1,0.3,0.1,0,0,0,0.3,0,0.3,45.9
52,21,0,23,11,3,0,0,2,11,0,10,1264
53,21,1,12,4.2,0.7,0.1,0,0.3,4.2,0.6,3.3,550.7
57,21,1,4,1.9,0.5,0.1,0,0.1,1.9,0.8,1.5,212.1
74,21,1,1,0.5,0.1,0,0,0,0.5,0.2,0.4,53
79,21,1,6,2.6,0.7,0.2,0,0.4,2.6,0.3,2.4,291.5
80,21,1,1,0.4,0.1,0,0,0.1,0.4,0.1,0.4,48.6
83,21,1,3,1.3,0.5,0.1,0.1,0.1,1.2,0.2,1.1,142.9
87,21,1,3,1.4,0.5,0,0,0.1,1.4,0.4,1.3,163.6
92,21,1,1,0.5,0.2,0,0,0,0.5,0.1,0.4,54.5
0,22,1,1,0.3,0.1,0.1,0.1,0,0.2,0.1,0.2,42.9
3,22,1,2,0.8,0.2,0,0,0.1,0.8,0.1,0.6,97.9
16,22,1,4,1.5,0.2,0.1,0,0.1,1.5,0.1,1,203.8
26,22,1,2,1,0.4,0,0,0.1,1,0.2,0.7,141.9
33,22,1,1,0.5,0.2,0,0,0.1,0.5,0.1,0.4,70.9
39,22,1,3,1.1,0.3,0.2,0,0.2,1.1,0.2,0.8,159.7
40,22,1,3,1.1,0.3,0.2,0,0.2,1.1,0.2,0.8,159.7
41,22,1,8,3,0.9,0.4,0,0.4,3,0.4,2.1,425.9
52,22,1,5,2.1,0.5,0.2,0,0.2,2.1,0.2,1.5,295.6
53,22,1,5,2.1,0.5,0.2,0,0.2,2.1,0.2,1.5,295.6
80,22,1,1,0.5,0.2,0,0,0,0.5,0.1,0.4,54.5
87,22,1,2,1,0.5,0,0.2,0,0.8,0.1,0.6,155
123,22,1,9,4.3,1.6,0.2,0,0.5,4.3,1.7,2.4,588.3
127,22,1,1,0.5,0.2,0,0,0.1,0.5,0.2,0.3,65.4
2,23,1,17,6.9,1.7,0.2,0,0.5,6.9,0.5,5.5,831.8
3,23,0,24,12,3,0,0,1,12,1,9,1115
8,23,1,3,1.1,0.3,0.1,0,0.1,1.1,0.2,0.9,140.4
17,23,1,4,1.5,0.2,0.1,0,0.1,1.5,0.1,1,203.8
20,23,1,3,1.2,0.1,0.1,0,0.1,1.2,0.1,0.8,152.9
22,23,1,6,2.2,0.6,0.1,0,0.1,2.2,0,1.8,266.2
23,23,1,8,2.9,0.8,0.1,0,0.1,2.9,0,2.3,354.9
24,23,1,5,1.8,0.5,0.1,0,0.1,1.8,0,1.5,221.8
27,23,1,1,0.5,0.2,0,0,0.1,0.5,0.1,0.4,70.9
35,23,1,1,0.5,0.2,0,0,0.1,0.5,0.1,0.4,70.9
38,23,1,9,3.3,1,0.5,0,0.5,3.3,0.5,2.3,479.2
39,23,1,6,2.2,0.7,0.3,0,0.3,2.2,0.3,1.6,319.4
40,23,1,9,3.3,1,0.5,0,0.5,3.3,0.5,2.3,479.2
44,23,1,2,0.7,0.2,0.1,0,0.1,0.7,0.1,0.5,106.5
48,23,1,7,2.9,0.7,0.2,0,0.2,2.9,0.2,2,413.9
50,23,1,4,1.7,0.4,0.1,0,0.1,1.7,0.1,1.2,236.5
100,23,1,2,0.7,0.2,0.1,0,0,0.7,0.2,0.4,90.5
101,23,1,4,1.4,0.4,0.2,0.1,0.1,1.3,0.3,0.7,181
1,24,1,2,0.8,0.2,0,0,0.1,0.8,0.1,0.6,97.9
2,24,1,33,13.5,3.3,0.5,0,0.9,13.5,0.9,10.7,1614.7
3,24,0,30,11,1,0,0,1,11,0,10,1081
4,24,1,17,6.9,1.7,0.2,0,0.5,6.9,0.5,5.5,831.8
11,24,1,2,0.8,0.2,0.1,0,0,0.8,0.1,0.6,93.6
21,24,1,25,9.1,2.4,0.3,0,0.3,9.1,0,7.3,1109.1
22,24,0,26,11,2,0,1,2,10,0,8,1333
23,24,1,12,4.4,1.2,0.1,0,0.1,4.4,0,3.5,532.4
44,24,1,6,2.2,0.7,0.3,0,0.3,2.2,0.3,1.6,319.4
46,24,1,7,2.9,0.7,0.2,0,0.2,2.9,0.2,2,413.9
49,24,1,2,0.8,0.2,0.1,0,0.1,0.8,0.1,0.6,118.3
83,24,1,2,0.9,0.4,0,0,0.1,0.9,0.3,0.8,109.1
102,24,1,2,0.7,0.2,0.1,0,0,0.7,0.2,0.4,90.5
0,25,1,5,1.7,0.4,0.5,0.4,0,1.3,0.5,1.2,214.3
8,25,1,2,0.8,0.2,0.1,0,0,0.8,0.1,0.6,93.6
14,25,1,2,0.8,0.2,0.1,0,0,0.8,0.1,0.6,93.6
20,25,1,9,3.5,0.4,0.2,0,0.2,3.5,0.2,2.2,458.6
21,25,0,43,17,3,2,0,1,17,1,15,1799
22,25,0,61,26,8,2,0,5,26,3,17,2591
23,25,1,2,0.7,0.2,0,0,0,0.7,0,0.6,88.7
24,25,1,1,0.4,0.1,0,0,0,0.4,0,0.3,44.4
25,25,1,4,1.5,0.4,0,0,0,1.5,0,1.2,177.5
30,25,1,5,2.6,1,0.1,0.1,0.4,2.5,0.5,1.8,354.6
32,25,1,7,3.7,1.3,0.2,0.2,0.5,3.5,0.7,2.5,496.5
81,25,1,3,1.4,0.5,0,0,0.1,1.4,0.4,1.3,163.6
19,26,1,2,0.8,0.1,0,0,0,0.8,0,0.5,101.9
21,26,0,52,17,2,4,0,0,17,1,12,1720
22,26,1,19,7,1.9,0.2,0,0.2,7,0,5.6,843
27,26,1,2,1,0.4,0,0,0.1,1,0.2,0.7,141.9
43,26,1,4,1.5,0.4,0.2,0,0.2,1.5,0.2,1,213
86,26,1,1,0.5,0.3,0,0.1,0,0.4,0.1,0.3,77.5
89,26,1,1,0.5,0.3,0,0.1,0,0.4,0.1,0.3,77.5
90,26,1,4,2.1,1,0,0.5,0,1.6,0.3,1.2,309.9
125,26,1,6,2.8,1.1,0.1,0,0.3,2.8,1.2,1.6,392.2
3,27,1,7,2.4,0.5,0.7,0.5,0,1.9,0.7,1.7,300
5,27,1,2,0.7,0.1,0.2,0.2,0,0.5,0.2,0.5,85.7
6,27,1,6,2.3,0.6,0.3,0.1,0.1,2.2,0.4,1.7,280.8
10,27,1,3,1.1,0.3,0.1,0,0.1,1.1,0.2,0.9,140.4
21,27,1,32,12.3,2,1.4,0,0.7,12.3,2,10.2,1391.7
28,27,1,1,0.4,0.1,0,0,0,0.4,0,0.4,49.8
61,27,1,6,2.6,0.7,0.1,0,0,2.6,0.2,2.3,297
78,27,1,1,0.5,0.2,0,0,0,0.5,0.1,0.4,54.5
125,27,1,1,0.5,0.2,0,0,0.1,0.5,0.2,0.3,65.4
6,28,1,4,1.5,0.4,0.2,0,0.1,1.5,0.3,1.2,187.2
14,28,1,4,1.5,0.4,0.2,0,0.1,1.5,0.3,1.2,187.2
27,28,1,11,4.3,1.2,0,0,0,4.3,0,4,547.9
28,28,0,60.5,27,8,2,1,5,26,4,18,3002
29,28,1,7,2.7,0.8,0,0,0,2.7,0,2.5,348.6
56,28,1,3,1.3,0.4,0,0,0,1.3,0.1,1.2,148.5
58,28,1,11,4.8,1.3,0.2,0,0,4.8,0.3,4.3,544.4
68,28,1,2,1,0.2,0.1,0,0.1,1,0.4,0.7,106.1
87,28,1,4,2.1,1,0,0.5,0,1.6,0.3,1.2,309.9
14,29,1,6,2.3,0.6,0.3,0.1,0.1,2.2,0.4,1.7,280.8
15,29,1,20,7.7,1.9,0.9,0.2,0.4,7.5,1.5,5.8,935.9
16,29,1,6,2.3,0.3,0.1,0,0.1,2.3,0.1,1.5,305.7
21,29,1,5,1.9,0.3,0.2,0,0.1,1.9,0.3,1.6,217.4
22,29,1,5,1.9,0.3,0.2,0,0.1,1.9,0.3,1.6,217.4
27,29,1,10,3.9,1.1,0,0,0,3.9,0,3.6,498.1
39,29,1,1,0.4,0.1,0,0,0,0.4,0,0.2,47.4
44,29,1,4,1.5,0.4,0.2,0,0.2,1.5,0.2,1,213
46,29,1,1,0.4,0.1,0,0,0,0.4,0,0.3,59.1
58,29,1,12,5.2,1.4,0.2,0,0,5.2,0.4,4.7,593.9
59,29,1,2,0.9,0.2,0,0,0,0.9,0.1,0.8,99
66,29,1,6,2.9,0.7,0.2,0,0.2,2.9,1.2,2.2,318.2
101,29,1,4,1.4,0.4,0.2,0.1,0.1,1.3,0.3,0.7,181
127,29,1,7,3.3,1.2,0.1,0,0.4,3.3,1.4,1.8,457.6
4,30,1,5,1.7,0.4,0.5,0.4,0,1.3,0.5,1.2,214.3
5,30,1,9,3.1,0.7,0.9,0.7,0,2.4,0.9,2.2,385.7
14,30,1,26,10,2.4,1.2,0.3,0.5,9.7,1.9,7.5,1216.7
15,30,0,57,30,11,0,0,4,30,4,22,3136
16,30,1,5,1.9,0.2,0.1,0,0.1,1.9,0.1,1.2,254.8
20,30,1,5,1.9,0.2,0.1,0,0.1,1.9,0.1,1.2,254.8
27,30,1,6,2.3,0.7,0,0,0,2.3,0,2.2,298.8
28,30,1,1,0.4,0.1,0,0,0,0.4,0,0.4,49.8
31,30,1,2,1,0.4,0,0,0.1,1,0.2,0.7,141.9
39,30,1,2,0.8,0.2,0.1,0,0,0.8,0.1,0.4,94.7
58,30,1,3,1.3,0.4,0,0,0,1.3,0.1,1.2,148.5
61,30,1,1,0.4,0.1,0,0,0,0.4,0,0.4,49.5
64,30,1,1,0.4,0.1,0,0,0,0.4,0,0.4,49.5
72,30,1,2,1,0.2,0.1,0,0.1,1,0.4,0.7,106.1
77,30,1,1,0.5,0.2,0,0,0,0.5,0.1,0.4,54.5
111,30,1,3,1.1,0.3,0.1,0.1,0.1,1,0.2,0.5,135.8
114,30,1,1,0.4,0.1,0,0,0,0.4,0.1,0.2,45.3
14,31,1,9,3.4,0.8,0.4,0.1,0.2,3.3,0.7,2.6,421.1
15,31,1,20,7.7,1.9,0.9,0.2,0.4,7.5,1.5,5.8,935.9
16,31,1,2,0.8,0.1,0,0,0,0.8,0,0.5,101.9
19,31,1,4,1.5,0.2,0.1,0,0.1,1.5,0.1,1,203.8
23,31,1,3,1.1,0.2,0.1,0,0.1,1.1,0.2,1,130.5
24,31,1,1,0.4,0.1,0,0,0,0.4,0.1,0.3,43.5
25,31,1,1,0.4,0.1,0,0,0,0.4,0.1,0.3,43.5
38,31,1,13.5,5.6,1,0.5,0,0,5.6,0.5,2.5,639.3
39,31,0,32,12,2,1,0,2,12,2,8,1596
40,31,1,10,4.2,0.8,0.4,0,0,4.2,0.4,1.9,473.6
56,31,1,2,0.9,0.2,0,0,0,0.9,0.1,0.8,99
57,31,1,14,6.1,1.7,0.2,0,0,6.1,0.4,5.4,692.9
58,31,1,2,0.9,0.2,0,0,0,0.9,0.1,0.8,99
59,31,1,9,3.9,1.1,0.1,0,0,3.9,0.3,3.5,445.4
60,31,1,1,0.4,0.1,0,0,0,0.4,0,0.4,49.5
76,31,1,4,1.9,0.7,0,0,0.2,1.9,0.5,1.7,218.1
81,31,1,5,2.3,0.9,0,0,0.2,2.3,0.7,2.1,272.7
89,31,1,2,1,0.5,0,0.2,0,0.8,0.1,0.6,155
90,31,1,1,0.5,0.3,0,0.1,0,0.4,0.1,0.3,77.5
94,31,1,10,5.2,2.6,0,1.1,0,4.1,0.7,3,774.8
95,31,1,2,1,0.5,0,0.2,0,0.8,0.1,0.6,155
97,31,1,1,0.4,0.1,0,0,0,0.4,0.1,0.2,45.3
115,31,1,5,1.8,0.5,0.2,0.1,0.1,1.7,0.4,0.9,226.3
127,31,1,3,1.4,0.5,0.1,0,0.2,1.4,0.6,0.8,196.1
5,32,1,2,0.9,0.2,0,0,0.2,0.9,0.2,0.7,131.3
10,32,1,4,2,0.6,0.1,0,0.2,2,0.4,1.6,236.1
13,32,1,1,0.5,0.1,0,0,0,0.5,0.1,0.4,59
16,32,1,4,1.9,0.5,0,0,0,1.9,0.2,1.4,215
17,32,1,5,2.4,0.6,0,0,0,2.4,0.2,1.7,268.7
37,32,1,12,5.3,1.1,0.7,0,1.1,5.3,0.7,4.6,734.5
38,32,1,15,6.6,1.3,0.9,0,1.3,6.6,0.9,5.7,918.1
39,32,1,3,1.3,0.3,0.2,0,0.3,1.3,0.2,1.1,183.6
56,32,1,4,1.5,0.3,0.2,0,0,1.5,0.1,1.3,173.7
57,32,1,6,2.2,0.4,0.3,0,0,2.2,0.1,1.9,260.6
58,32,0,25,13,5,0,0,1,13,0,12,1491
59,32,1,14,5.2,1,0.8,0,0.1,5.2,0.2,4.4,608.1
60,32,0,56.5,29,11,1,2,6,27,6,25,2873
64,32,1,1,0.4,0.1,0.1,0,0.1,0.4,0.1,0.3,43.6
75,32,1,1,0.6,0.3,0,0.1,0,0.5,0.1,0.4,68.2
76,32,1,1,0.4,0.1,0,0,0,0.4,0,0.3,44.4
96,32,1,1,0.5,0.2,0,0.1,0,0.4,0.2,0.3,62.1
97,32,1,4,2,0.8,0,0.2,0.1,1.8,0.7,1.2,248.6
0,33,1,4,1.8,0.5,0,0,0.3,1.8,0.4,1.4,262.6
13,33,1,2,1,0.3,0,0,0.1,1,0.2,0.8,118.1
14,33,1,7,3.4,1,0.1,0,0.3,3.4,0.7,2.9,413.2
39,33,1,4,1.8,0.4,0.2,0,0.4,1.8,0.2,1.5,244.8
47,33,1,3,1.4,0.5,0,0,0.1,1.4,0.4,1.1,223.6
54,33,1,3,1.4,0.5,0,0,0.1,1.4,0.4,1.1,223.6
56,33,1,9,3.3,0.7,0.5,0,0.1,3.3,0.1,2.8,390.9
57,33,1,30,11.1,2.2,1.7,0,0.2,11.1,0.5,9.4,1303.1
58,33,1,24,8.9,1.7,1.4,0,0.2,8.9,0.4,7.5,1042.5
59,33,1,1,0.4,0.1,0.1,0,0,0.4,0,0.3,43.4
60,33,0,59.5,31,14,1,3,6,28,6,19,2633
61,33,1,11,4.1,1.1,0.7,0,0.7,4.1,1.1,3.2,479.6
64,33,1,4,1.5,0.4,0.2,0,0.2,1.5,0.4,1.2,174.4
73,33,1,4,2.2,1.3,0.2,0.5,0,1.7,0.5,1.4,272.6
80,33,1,2,0.9,0.1,0.1,0,0.1,0.9,0.1,0.7,88.8
97,33,1,1,0.5,0.2,0,0.1,0,0.4,0.2,0.3,62.1
13,34,1,2,1,0.3,0,0,0.1,1,0.2,0.8,118.1
19,34,1,2,0.9,0.3,0,0,0,0.9,0.1,0.7,107.5
26,34,1,1,0.4,0.1,0,0,0,0.4,0.1,0.3,60.8
29,34,1,3,1.3,0.4,0.1,0,0.1,1.3,0.3,1,182.4
30,34,1,3,1.3,0.4,0.1,0,0.1,1.3,0.3,1,182.4
54,34,1,1,0.5,0.2,0,0,0,0.5,0.1,0.4,74.5
55,34,1,3,1.4,0.5,0,0,0.1,1.4,0.4,1.1,223.6
57,34,1,8,3,0.6,0.5,0,0.1,3,0.1,2.5,347.5
58,34,1,3,1.1,0.2,0.2,0,0,1.1,0,0.9,130.3
59,34,1,10,3.7,0.7,0.6,0,0.1,3.7,0.2,3.1,434.4
60,34,1,8,3,0.6,0.5,0,0.1,3,0.1,2.5,347.5
61,34,1,5,1.9,0.5,0.3,0,0.3,1.9,0.5,1.5,218
63,34,1,4,1.5,0.4,0.2,0,0.2,1.5,0.4,1.2,174.4
85,34,1,2,0.9,0.1,0.1,0,0.1,0.9,0.1,0.7,88.8
7,35,1,4,2,0.6,0.1,0,0.2,2,0.4,1.6,236.1
11,35,1,2,1,0.3,0,0,0.1,1,0.2,0.8,118.1
13,35,1,4,2,0.6,0.1,0,0.2,2,0.4,1.6,236.1
15,35,1,2,1,0.3,0,0,0.1,1,0.2,0.8,118.1
17,35,1,3.5,1.7,0.5,0,0,0,1.7,0.2,1.2,188.1
44,35,1,3,1.4,0.4,0,0,0.3,1.4,0.4,0.9,145.8
57,35,1,7,2.6,0.5,0.4,0,0.1,2.6,0.1,2.2,304
62,35,1,4,1.5,0.4,0.2,0,0.2,1.5,0.4,1.2,174.4
68,35,1,5,2.8,1.6,0.2,0.6,0,2.2,0.6,1.8,340.8
84,35,1,4,1.7,0.2,0.1,0,0.1,1.7,0.1,1.4,177.6
93,35,1,2,0.9,0.3,0,0,0.1,0.9,0.2,0.6,121.4
95,35,1,2,0.9,0.3,0,0,0.1,0.9,0.2,0.6,121.4
3,36,1,2,0.9,0.2,0,0,0.2,0.9,0.2,0.7,131.3
4,36,1,3,1.4,0.3,0,0,0.2,1.4,0.3,1.1,196.9
13,36,1,4,2,0.6,0.1,0,0.2,2,0.4,1.6,236.1
17,36,1,3,1.4,0.4,0,0,0,1.4,0.1,1,161.2
21,36,1,4,1.9,0.5,0,0,0,1.9,0.2,1.4,215
34,36,1,4,1.7,0.6,0.1,0,0.1,1.7,0.4,1.3,243.2
35,36,1,4,1.7,0.6,0.1,0,0.1,1.7,0.4,1.3,243.2
48,36,1,2,0.9,0.3,0,0,0.1,0.9,0.2,0.8,149.1
80,36,1,5,2.1,0.3,0.1,0,0.1,2.1,0.1,1.7,222
83,36,1,2,0.9,0.1,0.1,0,0.1,0.9,0.1,0.7,88.8
87,36,1,2,0.9,0.3,0,0,0.1,0.9,0.2,0.6,121.4
8,37,1,1,0.5,0.1,0,0,0,0.5,0.1,0.4,59
13,37,1,8,3.9,1.2,0.1,0,0.4,3.9,0.8,3.3,472.3
15,37,1,1,0.5,0.1,0,0,0,0.5,0.1,0.4,59
22,37,1,5,2.4,0.6,0,0,0,2.4,0.2,1.7,268.7
23,37,1,3,1.4,0.4,0,0,0,1.4,0.1,1,161.2
25,37,1,3,1.4,0.4,0,0,0,1.4,0.1,1,161.2
36,37,1,1,0.5,0.1,0,0,0.1,0.5,0.1,0.3,48.6
37,37,1,5,2.3,0.6,0,0,0.5,2.3,0.6,1.5,243
51,37,1,1,0.5,0.2,0,0,0,0.5,0.1,0.4,74.5
78,37,1,7,3.4,1.3,0,0,0.3,3.4,0.5,2.3,334.4
79,37,0,28,13,5,0,0,0,13,3,12,1210
80,37,1,15,7.2,2.8,0,0,0.6,7.2,1.1,5,716.7
93,37,1,2,1,0.4,0.1,0.1,0,0.9,0.2,0.8,100.3
124,37,1,2,0.9,0.2,0,0,0.1,0.9,0.1,0.7,94.1
4,38,1,5,2.3,0.6,0,0,0.4,2.3,0.5,1.8,328.2
7,38,1,1,0.5,0.1,0,0,0,0.5,0.1,0.4,59
9,38,1,3,1.5,0.4,0,0,0.1,1.5,0.3,1.2,177.1
10,38,1,5,2.5,0.7,0.1,0,0.2,2.5,0.5,2,295.2
13,38,1,5,2.5,0.7,0.1,0,0.2,2.5,0.5,2,295.2
23,38,1,3,1.4,0.4,0,0,0,1.4,0.1,1,161.2
31,38,1,3,1.3,0.4,0.1,0,0.1,1.3,0.3,1,182.4
60,38,1,9,3.4,0.9,0.6,0,0.6,3.4,0.9,2.6,392.4
78,38,1,5,2.4,0.9,0,0,0.2,2.4,0.4,1.7,238.9
79,38,0,27.5,13,4,0,1,1,12,3,8,1008
85,38,1,5,2.1,0.3,0.1,0,0.1,2.1,0.1,1.7,222
90,38,1,7,3.2,1,0.1,0,0.2,3.2,0.9,2.2,424.9
91,38,0,23,13,8,0,0,2,13,4,11,1231
92,38,1,7,3.4,1.5,0.3,0.2,0.2,3.2,0.7,2.8,350.9
94,38,1,3,1.5,0.6,0.1,0.1,0.1,1.4,0.3,1.2,150.4
95,38,1,3,1.5,0.6,0.1,0.1,0.1,1.4,0.3,1.2,150.4
102,38,1,5,2.5,1,0,0.3,0.1,2.2,0.9,1.5,310.7
21,39,1,3,1.4,0.4,0,0,0,1.4,0.1,1,161.2
57,39,1,7,2.6,0.7,0.4,0,0.4,2.6,0.7,2,305.2
85,39,1,1,0.4,0.1,0,0,0,0.4,0,0.3,44.4
89,39,1,1,0.5,0.1,0,0,0,0.5,0.1,0.3,60.7
90,39,1,18,8.2,2.5,0.3,0,0.6,8.2,2.2,5.7,1092.6
91,39,1,25,12.2,5.2,1.2,0.9,0.6,11.3,2.3,10.2,1253.2
92,39,1,11,5.4,2.3,0.5,0.4,0.3,5,1,4.5,551.4
94,39,1,6,2.9,1.3,0.3,0.2,0.1,2.7,0.6,2.4,300.8
96,39,1,1,0.5,0.2,0,0.1,0,0.4,0.2,0.3,62.1
6,40,1,1,0.5,0.1,0,0,0,0.5,0.1,0.4,59
7,40,1,2,1,0.3,0,0,0.1,1,0.2,0.8,118.1
22,40,1,4,1.9,0.5,0,0,0,1.9,0.2,1.4,215
38,40,1,12,5.5,1.5,0,0,1.1,5.5,1.5,3.6,583.3
39,40,1,2,0.9,0.2,0,0,0.2,0.9,0.2,0.6,97.2
67,40,1,1,0.6,0.3,0,0.1,0,0.5,0.1,0.4,68.2
70,40,1,1,0.6,0.3,0,0.1,0,0.5,0.1,0.4,68.2
90,40,1,12,5.5,1.7,0.2,0,0.4,5.5,1.5,3.8,728.4
91,40,0,46,21,6,0,0,1,21,1,15,2561
12,41,1,2,1,0.3,0,0,0.1,1,0.2,0.8,118.1
17,41,1,3,1.4,0.4,0,0,0,1.4,0.1,1,161.2
20,41,1,1,0.5,0.1,0,0,0,0.5,0,0.3,53.7
37,41,1,4,1.8,0.5,0,0,0.4,1.8,0.5,1.2,194.4
38,41,1,3,1.4,0.4,0,0,0.3,1.4,0.4,0.9,145.8
40,41,1,1,0.5,0.1,0,0,0.1,0.5,0.1,0.3,48.6
41,41,1,2,0.9,0.2,0,0,0.2,0.9,0.2,0.6,97.2
57,41,1,3,1.1,0.3,0.2,0,0.2,1.1,0.3,0.9,130.8
81,41,1,13,5.6,0.7,0.4,0,0.4,5.6,0.4,4.5,577.2
89,41,1,1,0.5,0.1,0,0,0,0.5,0.1,0.3,60.7
90,41,1,12,5.5,1.7,0.2,0,0.4,5.5,1.5,3.8,728.4
91,41,0,82.5,39,15,2,5,9,34,9,26,3756
92,41,1,14,6.8,2.9,0.7,0.5,0.3,6.3,1.3,5.7,701.8
93,41,1,15,7.3,3.1,0.7,0.5,0.3,6.8,1.4,6.1,751.9
17,42,1,2,0.8,0.2,0.1,0.1,0.1,0.7,0.1,0.6,112.7
34,42,1,4,1.7,0.6,0.1,0,0.1,1.7,0.4,1.3,243.2
37,42,1,3,1.5,0.4,0,0.1,0.1,1.4,0.1,1.3,151.1
38,42,1,6.5,3.2,0.9,0,0.1,0.3,3.1,0.3,2.7,327.4
39,42,1,17.5,8.7,2.4,0,0.3,0.8,8.4,0.8,7.4,881.6
40,42,1,4,2,0.5,0,0.1,0.2,1.9,0.2,1.7,201.5
41,42,1,3,1.6,1,0,0,0,1.6,0.6,1,188.7
79,42,1,3,1.2,0.4,0.1,0.1,0.1,1.1,0.3,0.8,134
81,42,1,6,2.4,0.9,0.2,0.2,0.2,2.2,0.7,1.6,268
93,42,1,4,1.6,0.6,0.1,0.1,0.1,1.5,0.4,1,178.7
0,43,1,1,0.4,0.1,0.1,0,0,0.4,0,0.3,53.1
2,43,1,3,1.1,0.2,0.2,0,0,1.1,0.1,0.8,159.2
7,43,1,2,0.7,0.1,0,0,0.1,0.7,0.1,0.6,89.3
9,43,1,2,0.7,0.1,0,0,0.1,0.7,0.1,0.6,89.3
19,43,1,5,2,0.5,0.3,0.2,0.2,1.8,0.3,1.5,281.8
24,43,1,3,1.2,0.3,0.2,0.1,0.1,1.1,0.2,0.9,169.1
27,43,1,3,1.3,0.4,0.1,0,0.1,1.3,0.3,1,182.4
28,43,1,2,0.9,0.3,0.1,0,0.1,0.9,0.2,0.6,121.6
36,43,1,16.5,8.2,2.2,0,0.3,0.7,7.9,0.7,6.9,831.2
37,43,1,4,2,0.5,0,0.1,0.2,1.9,0.2,1.7,201.5
38,43,1,8,4,1.1,0,0.1,0.4,3.9,0.4,3.4,403
39,43,1,2,1,0.3,0,0,0.1,1,0.1,0.8,100.8
63,43,1,1,0.6,0.3,0,0.1,0,0.5,0.1,0.4,68.2
69,43,1,1,0.6,0.3,0,0.1,0,0.5,0.1,0.4,68.2
126,43,1,2,0.9,0.2,0,0,0.1,0.9,0.1,0.7,94.1
9,44,1,7,2.6,0.3,0.1,0,0.3,2.6,0.2,2.2,312.5
11,44,1,2,0.8,0.4,0.1,0.1,0.1,0.7,0.2,0.6,89.4
13,44,1,3,1.2,0.6,0.1,0.1,0.1,1.1,0.3,0.9,134.1
16,44,1,1,0.4,0.1,0.1,0,0,0.4,0.1,0.3,56.4
33,44,1,4,1.7,0.6,0.1,0,0.1,1.7,0.4,1.3,243.2
37,44,1,1,0.5,0.1,0,0,0,0.5,0,0.4,50.4
42,44,1,4,2.2,1.4,0,0,0,2.2,0.8,1.4,251.6
76,44,1,1,0.4,0.1,0,0,0,0.4,0.1,0.3,44.7
99,44,1,3,1.5,0.6,0,0.2,0.1,1.3,0.5,0.9,186.4
100,44,1,2,1,0.4,0,0.1,0.1,0.9,0.4,0.6,124.3
114,44,1,2,1,0.4,0,0.1,0.1,0.9,0.4,0.6,124.3
0,45,1,1,0.4,0.1,0.1,0,0,0.4,0,0.3,53.1
9,45,1,18,6.7,0.7,0.2,0,0.7,6.7,0.5,5.6,803.6
10,45,1,14,5.2,0.5,0.2,0,0.5,5.2,0.4,4.3,625
14,45,1,1,0.4,0.2,0,0,0,0.4,0.1,0.3,44.7
18,45,1,3,1.2,0.3,0.2,0.1,0.1,1.1,0.2,0.9,169.1
37,45,1,2,1,0.3,0,0,0.1,1,0.1,0.8,100.8
39,45,1,2,1,0.3,0,0,0.1,1,0.1,0.8,100.8
44,45,1,1,0.6,0.4,0,0,0,0.6,0.2,0.4,62.9
109,45,1,4,2,0.8,0,0.2,0.1,1.8,0.7,1.2,248.6
4,46,1,5,1.8,0.4,0.3,0,0,1.8,0.2,1.3,265.3
9,46,1,19.5,7.3,0.8,0.3,0,0.8,7.3,0.5,6,870.6
10,46,1,15,5.6,0.6,0.2,0,0.6,5.6,0.4,4.6,669.7
11,46,1,1,0.4,0.2,0,0,0,0.4,0.1,0.3,44.7
17,46,1,4,1.6,0.4,0.2,0.2,0.2,1.4,0.2,1.2,225.5
46,46,1,2,0.9,0.3,0,0,0.1,0.9,0.2,0.8,149.1
47,46,1,1,0.5,0.2,0,0,0,0.5,0.1,0.4,74.5
50,46,1,6,2.8,0.9,0,0,0.2,2.8,0.8,2.2,447.2
103,46,1,4,2,0.8,0,0.2,0.1,1.8,0.7,1.2,248.6
127,46,1,1,0.4,0.1,0,0,0,0.4,0.1,0.3,47.1
9,47,1,24,8.7,1.6,0.5,0,0.5,8.7,1.6,4.9,841.6
10,47,1,8,2.9,0.5,0.2,0,0.2,2.9,0.5,1.6,280.5
14,47,1,8,3.3,1.5,0.3,0.3,0.3,3,0.9,2.4,357.6
15,47,1,2,0.8,0.4,0.1,0.1,0.1,0.7,0.2,0.6,89.4
16,47,1,3,1.2,0.3,0.2,0.1,0.1,1.1,0.2,0.9,169.1
19,47,1,5,2,0.5,0.3,0.2,0.2,1.8,0.3,1.5,281.8
34,47,1,3,1.3,0.4,0.1,0,0.1,1.3,0.3,1,182.4
126,47,1,3,2.1,1.3,0,0,0.2,2.1,0.6,1.8,209.1
127,47,0,39,21,15,3,1,1,20,9,13,2610
0,48,1,3,1.1,0.2,0.2,0,0,1.1,0.1,0.8,159.2
7,48,1,2,0.7,0.1,0,0,0,0.7,0.1,0.4,70.1
9,48,1,5,1.8,0.3,0.1,0,0.1,1.8,0.3,1,175.3
11,48,1,4,1.6,0.7,0.1,0.1,0.1,1.5,0.4,1.2,178.8
20,48,1,4,1.6,0.4,0.2,0.2,0.2,1.4,0.2,1.2,225.5
24,48,1,2,0.8,0.2,0.1,0.1,0.1,0.7,0.1,0.6,112.7
25,48,1,6,2.4,0.6,0.3,0.2,0.2,2.2,0.3,1.8,338.2
26,48,1,7,3,1,0.2,0,0.2,3,0.8,2.2,425.7
29,48,1,5,2.1,0.7,0.2,0,0.2,2.1,0.6,1.6,304
31,48,1,3,1.3,0.4,0.1,0,0.1,1.3,0.3,1,182.4
39,48,1,2,1.1,0.7,0,0,0,1.1,0.4,0.7,125.8
43,48,1,1,0.6,0.4,0,0,0,0.6,0.2,0.4,62.9
92,48,1,3,1.2,0.4,0.1,0.1,0.1,1.1,0.3,0.8,134
96,48,1,1,0.5,0.2,0,0.1,0,0.4,0.2,0.3,62.1
127,48,1,3,2.1,1.3,0,0,0.2,2.1,0.6,1.8,209.1
7,49,1,1,0.4,0.1,0,0,0,0.4,0.1,0.2,35.1
9,49,1,2,0.7,0.1,0,0,0,0.7,0.1,0.4,70.1
11,49,1,1,0.4,0.2,0,0,0,0.4,0.1,0.3,44.7
13,49,1,5,2,0.9,0.2,0.2,0.2,1.8,0.6,1.5,223.5
21,49,1,5,2,0.5,0.3,0.2,0.2,1.8,0.3,1.5,281.8
22,49,1,3,1.2,0.3,0.2,0.1,0.1,1.1,0.2,0.9,169.1
29,49,1,1,0.4,0.1,0,0,0,0.4,0.1,0.3,60.8
34,49,1,4,1.7,0.6,0.1,0,0.1,1.7,0.4,1.3,243.2
35,49,1,1,0.4,0.1,0,0,0,0.4,0.1,0.3,60.8
45,49,1,6,3.3,2.1,0,0,0,3.3,1.2,2.1,377.4
56,49,1,3,1.7,1,0.1,0.4,0,1.3,0.4,1.1,204.5
59,49,1,1,0.6,0.3,0,0.1,0,0.5,0.1,0.4,68.2
121,49,1,3,1.3,0.4,0,0,0.1,1.3,0.2,1,141.2
127,49,1,1,0.7,0.4,0,0,0.1,0.7,0.2,0.6,69.7
4,50,1,3,1.1,0.2,0.2,0,0,1.1,0.1,0.8,159.2
16,50,1,1.5,0.6,0.1,0.1,0.1,0.1,0.5,0.1,0.5,84.6
32,50,1,6,2.6,0.9,0.2,0,0.2,2.6,0.7,1.9,364.9
42,50,1,1,0.6,0.4,0,0,0,0.6,0.2,0.4,62.9
43,50,1,2,1.1,0.7,0,0,0,1.1,0.4,0.7,125.8
46,50,1,2,0.9,0.3,0,0,0.1,0.9,0.2,0.8,149.1
50,50,1,4,1.9,0.6,0,0,0.1,1.9,0.5,1.5,298.1
51,50,1,2,0.9,0.3,0,0,0.1,0.9,0.2,0.8,149.1
62,50,1,2,1.1,0.6,0.1,0.2,0,0.9,0.2,0.7,136.3
92,50,1,5,2,0.7,0.2,0.2,0.2,1.8,0.6,1.3,223.3
99,50,1,2,1,0.4,0,0.1,0.1,0.9,0.4,0.6,124.3
0,51,1,5,1.8,0.4,0.3,0,0,1.8,0.2,1.3,265.3
8,51,1,2,0.7,0.1,0,0,0,0.7,0.1,0.4,70.1
16,51,1,2,0.8,0.2,0.1,0.1,0.1,0.7,0.1,0.6,112.7
21,51,1,3,1.2,0.3,0.2,0.1,0.1,1.1,0.2,0.9,169.1
29,51,1,2,0.9,0.3,0.1,0,0.1,0.9,0.2,0.6,121.6
51,51,1,2,0.9,0.3,0,0,0.1,0.9,0.2,0.8,149.1
61,51,1,5,2.8,1.6,0.2,0.6,0,2.2,0.6,1.8,340.8
91,51,1,5,2,0.7,0.2,0.2,0.2,1.8,0.6,1.3,223.3
102,51,1,2,1,0.4,0,0.1,0.1,0.9,0.4,0.6,124.3
107,51,1,2,1,0.4,0,0.1,0.1,0.9,0.4,0.6,124.3
116,51,1,4,1.8,0.5,0,0,0.1,1.8,0.2,1.4,188.2
10,52,1,1,0.4,0.1,0,0,0.1,0.4,0,0.3,71.1
11,52,1,2,0.8,0.2,0.1,0,0.2,0.8,0.1,0.6,142.2
25,52,1,4,1.6,0.2,0.2,0.1,0.1,1.5,0.2,0.8,205.7
41,52,1,7,2.9,1,0.4,0,0.3,2.9,0.5,2.3,373.7
52,52,1,11,4.1,0.7,0.4,0,0.6,4.1,0.3,3.2,443.1
53,52,1,23,8.5,1.4,0.8,0,1.2,8.5,0.6,6.7,926.5
54,52,1,4,1.5,0.2,0.1,0,0.2,1.5,0.1,1.2,161.1
55,52,1,4,1.5,0.2,0.1,0,0.2,1.5,0.1,1.2,161.1
56,52,1,1,0.3,0.1,0,0,0.1,0.3,0,0.2,63.3
58,52,1,2,0.7,0.1,0.1,0,0.1,0.7,0,0.5,126.7
67,52,1,2,0.7,0.2,0,0,0,0.7,0,0.7,105.4
7,53,1,2,0.8,0.2,0.1,0,0.2,0.8,0.1,0.6,142.2
12,53,1,2,0.8,0.2,0.1,0,0.2,0.8,0.1,0.6,142.2
16,53,1,3,1.2,0.2,0.1,0.1,0,1.1,0.1,0.6,154.2
19,53,1,2,0.8,0.1,0.1,0.1,0,0.7,0.1,0.4,102.8
23,53,1,3,1.2,0.2,0.1,0.1,0,1.1,0.1,0.6,154.2
52,53,1,20,7.4,1.2,0.7,0,1.1,7.4,0.5,5.8,805.6
53,53,0,29.5,14,5,0,0,3,14,1,9,1423
54,53,0,36.5,13,1,0,0,1,13,1,12,1635
55,53,1,26.5,9.8,1.6,0.9,0,1.4,9.8,0.7,7.7,1067.5
56,53,1,2,0.7,0.1,0.1,0,0.1,0.7,0,0.5,126.7
58,53,1,2,0.7,0.1,0.1,0,0.1,0.7,0,0.5,126.7
59,53,1,4,1.3,0.2,0.1,0,0.2,1.3,0,0.9,253.4
67,53,1,2,0.7,0.2,0,0,0,0.7,0,0.7,105.4
73,53,1,13,5.1,1.2,0.2,0.5,0.5,4.6,0.5,4.6,832.5
74,53,1,24,9.3,2.1,0.4,0.8,0.8,8.5,0.8,8.5,1536.8
75,53,1,3,1.2,0.3,0.1,0.1,0.1,1.1,0.1,1.1,192.1
78,53,1,4,2,0.7,0,0.3,0.2,1.7,0.3,1.5,251.1
81,53,1,2,1.2,0.6,0,0.1,0.1,1.1,0.2,0.8,143.7
112,53,1,18,6.6,1.7,0.7,2.8,1.4,3.8,4.2,3.1,1035.3
113,53,1,9,3.3,0.9,0.3,1.4,0.7,1.9,2.1,1.6,517.7
2,54,1,6,2.4,0.3,0.3,0,0.6,2.4,0.4,1.9,343.7
13,54,1,1,0.4,0.1,0,0,0.1,0.4,0,0.3,71.1
21,54,1,4,1.6,0.2,0.2,0.1,0.1,1.5,0.2,0.8,205.7
25,54,1,2,0.8,0.1,0.1,0.1,0,0.7,0.1,0.4,102.8
26,54,1,2,0.8,0.1,0,0,0,0.8,0.1,0.7,124.5
29,54,1,4,1.6,0.3,0,0,0,1.6,0.1,1.5,248.9
38,54,1,1,0.4,0.1,0.1,0,0,0.4,0.1,0.3,53.4
52,54,1,4,1.5,0.2,0.1,0,0.2,1.5,0.1,1.2,161.1
53,54,1,10,3.7,0.6,0.4,0,0.5,3.7,0.3,2.9,402.8
54,54,1,10,3.7,0.6,0.4,0,0.5,3.7,0.3,2.9,402.8
55,54,1,1,0.4,0.1,0,0,0.1,0.4,0,0.3,40.3
58,54,1,4,1.3,0.2,0.1,0,0.2,1.3,0,0.9,253.4
67,54,1,7,2.6,0.6,0.2,0,0.2,2.6,0.2,2.4,369
68,54,1,20,7.5,1.6,0.5,0,0.5,7.5,0.5,7,1054.3
69,54,1,33,12.3,2.7,0.8,0,0.8,12.3,0.8,11.5,1739.6
70,54,1,9,3.4,0.7,0.2,0,0.2,3.4,0.2,3.1,474.4
71,54,1,3,1.2,0.3,0.1,0.1,0.1,1.1,0.1,1.1,192.1
73,54,1,4,1.6,0.4,0.1,0.2,0.1,1.4,0.1,1.4,256.1
74,54,1,8.5,3.3,0.8,0.2,0.3,0.3,3,0.3,3,544.3
75,54,0,31.5,17,9,1,12,3,5,3,14,1583
76,54,0,30,13,2,0,0,1,13,4,10,1259
77,54,1,6.5,3.2,1.1,0,0.4,0.4,2.8,0.5,2.5,408.1
78,54,1,10,5,1.7,0,0.7,0.6,4.3,0.7,3.8,627.8
80,54,1,2,1,0.3,0,0.1,0.1,0.9,0.1,0.8,125.6
81,54,1,2,1.2,0.6,0,0.1,0.1,1.1,0.2,0.8,143.7
89,54,1,2,1.1,0.4,0,0.4,0.1,0.7,0.3,0.7,122.6
1,55,1,5,2,0.3,0.3,0,0.5,2,0.4,1.6,286.4
17,55,1,1,0.4,0.1,0,0,0,0.4,0,0.2,51.4
18,55,1,8,3.2,0.5,0.3,0.2,0.1,3,0.3,1.6,411.3
20,55,1,1,0.4,0.1,0,0,0,0.4,0,0.2,51.4
33,55,1,1,0.4,0.1,0,0,0,0.4,0,0.4,62.2
37,55,1,3,1.2,0.4,0.2,0,0.1,1.2,0.2,1,160.2
44,55,1,2,0.8,0.3,0.1,0,0.1,0.8,0.1,0.7,106.8
47,55,1,2,0.8,0.2,0,0,0.1,0.8,0.2,0.7,95.4
67,55,1,21,7.9,1.7,0.5,0,0.5,7.9,0.5,7.3,1107
68,55,0,28,13,3,0,0,1,13,1,10,1621
69,55,1,21,7.9,1.7,0.5,0,0.5,7.9,0.5,7.3,1107
72,55,1,1,0.4,0.1,0,0,0,0.4,0,0.4,64
76,55,1,2,1,0.3,0,0.1,0.1,0.9,0.1,0.8,125.6
77,55,1,4,2,0.7,0,0.3,0.2,1.7,0.3,1.5,251.1
80,55,1,2,1,0.3,0,0.1,0.1,0.9,0.1,0.8,125.6
81,55,1,1,0.6,0.3,0,0,0,0.6,0.1,0.4,71.8
82,55,1,3,1.8,0.9,0,0.1,0.1,1.7,0.3,1.2,215.5
89,55,1,2,1.1,0.4,0,0.4,0.1,0.7,0.3,0.7,122.6
90,55,1,5,2.7,1,0,1,0.2,1.7,0.8,1.7,306.5
126,55,1,3,1.2,0.4,0.1,0.2,0.3,1,0.4,0.7,141.4
1,56,1,2,0.8,0.1,0.1,0,0.2,0.8,0.1,0.6,114.6
5,56,1,2,0.8,0.1,0.1,0,0.2,0.8,0.1,0.6,114.6
8,56,1,4,1.7,0.5,0.2,0,0.3,1.7,0.2,1.2,284.5
11,56,1,5,2.1,0.6,0.2,0,0.4,2.1,0.2,1.5,355.6
16,56,1,2,0.8,0.1,0.1,0.1,0,0.7,0.1,0.4,102.8
24,56,1,7,2.8,0.4,0.3,0.2,0.1,2.6,0.3,1.4,359.9
36,56,1,2,0.8,0.3,0.1,0,0.1,0.8,0.1,0.7,106.8
37,56,1,1,0.4,0.1,0.1,0,0,0.4,0.1,0.3,53.4
38,56,1,6,2.4,0.9,0.3,0,0.2,2.4,0.4,2,320.3
41,56,1,3,1.2,0.4,0.2,0,0.1,1.2,0.2,1,160.2
42,56,1,1,0.4,0.1,0.1,0,0,0.4,0.1,0.3,53.4
43,56,1,2,0.8,0.3,0.1,0,0.1,0.8,0.1,0.7,106.8
48,56,1,1,0.4,0.1,0,0,0,0.4,0.1,0.4,47.7
57,56,1,2,0.7,0.1,0.1,0,0.1,0.7,0,0.5,126.7
67,56,1,7,2.6,0.6,0.2,0,0.2,2.6,0.2,2.4,369
68,56,1,1,0.4,0.1,0,0,0,0.4,0,0.3,52.7
76,56,1,2,1,0.3,0,0.1,0.1,0.9,0.1,0.8,125.6
77,56,1,12,6,2,0,0.9,0.7,5.1,0.9,4.6,753.4
78,56,1,13,6.5,2.2,0,0.9,0.7,5.6,0.9,5,816.1
79,56,1,13,6.5,2.2,0,0.9,0.7,5.6,0.9,5,816.1
87,56,1,15,8.1,2.9,0,2.9,0.6,5.2,2.3,5.2,919.6
88,56,0,59.5,37,21,1,4,5,33,14,25,3840
89,56,1,2,1.1,0.4,0,0.4,0.1,0.7,0.3,0.7,122.6
0,57,1,11,4.3,0.6,0.6,0,1,4.3,0.8,3.5,630.2
6,57,1,9,3.9,1.6,0.3,0.3,0,3.6,0.4,2.9,455.4
7,57,1,16,6.9,2.8,0.5,0.5,0,6.4,0.8,5.1,809.7
8,57,1,14,6,2.4,0.4,0.4,0,5.6,0.7,4.4,708.4
9,57,1,1,0.4,0.2,0,0,0,0.4,0,0.3,50.6
20,57,1,2,0.8,0.1,0.1,0.1,0,0.7,0.1,0.4,102.8
37,57,1,4,1.6,0.6,0.2,0,0.1,1.6,0.3,1.3,213.6
41,57,1,8,3.8,1.6,0.2,0.3,0.2,3.5,0.7,2.3,441.6
42,57,1,8,3.8,1.6,0.2,0.3,0.2,3.5,0.7,2.3,441.6
48,57,1,5,2.1,0.6,0.1,0,0.2,2.1,0.4,1.8,238.4
49,57,0,41,15,3,0,0,3,15,2,13,1807
66,57,1,5,2.6,1,0,0.1,0.1,2.5,0.3,2.3,337.7
67,57,1,17,8.9,3.5,0.1,0.3,0.3,8.6,1,7.7,1148.2
68,57,1,2,1,0.4,0,0,0,1,0.1,0.9,135.1
75,57,1,14,6.9,2.6,0.4,2,0.4,4.9,1.7,3.9,671.3
76,57,1,2,1.2,0.6,0,0.1,0.1,1.1,0.2,0.8,143.7
77,57,1,2,1.2,0.6,0,0.1,0.1,1.1,0.2,0.8,143.7
79,57,1,5,3,1.5,0,0.2,0.2,2.8,0.4,2,359.1
83,57,1,2,0.6,0,0.1,0,0.1,0.6,0,0.6,79.9
87,57,1,6.5,2.8,0.4,0.2,0.8,0.6,2,1,1.4,336.7
5,58,1,7.5,2.9,0.4,0.4,0,0.7,2.9,0.6,2.4,429.7
6,58,0,39,17,6,0,1,0,16,8,12,2018
7,58,0,56,21,3,1,0,2,21,3,16,2451
8,58,0,36.5,11,0,3,0,0,11,0,9,1192
9,58,1,13,5.6,2.3,0.4,0.4,0,5.2,0.6,4.1,657.8
14,58,1,4,1.7,0.5,0.2,0,0.3,1.7,0.2,1.2,284.5
21,58,1,2,0.8,0.1,0.1,0.1,0,0.7,0.1,0.4,102.8
36,58,1,15,6.1,2.2,0.8,0,0.6,6.1,1.1,5,800.8
37,58,1,7,2.9,1,0.4,0,0.3,2.9,0.5,2.3,373.7
42,58,1,2,1,0.4,0,0.1,0,0.9,0.2,0.6,110.4
45,58,1,7,3.3,1.4,0.2,0.3,0.2,3,0.6,2,386.4
47,58,1,2,0.8,0.2,0,0,0.1,0.8,0.2,0.7,95.4
48,58,0,25,12,3,0,0,2,12,2,4,1267
49,58,1,7,3,0.8,0.1,0,0.2,3,0.5,2.5,333.8
52,58,1,4,1.7,0.5,0.1,0,0.1,1.7,0.3,1.5,190.7
58,58,1,5,1.6,0.3,0.1,0,0.3,1.6,0,1.1,316.7
65,58,1,3,1,0.2,0.1,0,0.2,1,0,0.7,190
66,58,1,3,1.6,0.6,0,0.1,0.1,1.5,0.2,1.4,202.6
67,58,1,19,9.9,3.9,0.2,0.3,0.3,9.6,1.1,8.6,1283.2
68,58,1,10,5.2,2.1,0.1,0.2,0.2,5,0.6,4.5,675.4
75,58,1,22,10.9,4.1,0.6,3.2,0.6,7.7,2.6,6.2,1054.8
85,58,1,3,1,0,0.2,0,0.1,1,0.1,0.9,119.9
86,58,0,29,11,3,1,8,5,3,4,4,828
2,59,1,3,1.2,0.2,0.2,0,0.3,1.2,0.2,1,171.9
3,59,1,3,1.2,0.2,0.2,0,0.3,1.2,0.2,1,171.9
7,59,1,4,1.7,0.7,0.1,0.1,0,1.6,0.2,1.3,202.4
8,59,1,6,2.6,1,0.2,0.2,0,2.4,0.3,1.9,303.6
15,59,1,2,0.8,0.2,0.1,0,0.2,0.8,0.1,0.6,142.2
20,59,1,6,2.4,0.3,0.3,0.2,0.1,2.2,0.3,1.2,308.5
27,59,1,2,0.8,0.1,0,0,0,0.8,0.1,0.7,124.5
28,59,1,5,2,0.3,0,0,0,2,0.2,1.8,311.2
30,59,1,1,0.4,0.1,0,0,0,0.4,0,0.4,62.2
31,59,1,2,0.8,0.1,0,0,0,0.8,0.1,0.7,124.5
43,59,1,1,0.5,0.2,0,0.1,0,0.4,0.1,0.3,55.2
44,59,1,5,2.4,1,0.1,0.2,0.1,2.2,0.4,1.4,276
47,59,0,48,22,6,0,5,5,17,4,12,2607
48,59,1,22,9.3,2.7,0.3,0,0.7,9.3,1.7,8,1049
53,59,1,1,0.4,0.1,0,0,0,0.4,0.1,0.4,47.7
66,59,1,3,1.6,0.6,0,0.1,0.1,1.5,0.2,1.4,202.6
67,59,1,2,1,0.4,0,0,0,1,0.1,0.9,135.1
68,59,1,16,8.3,3.3,0.1,0.3,0.3,8,1,7.2,1080.6
69,59,0,31,16,6,0,1,1,15,5,11,1956
70,59,1,16,8.3,3.3,0.1,0.3,0.3,8,1,7.2,1080.6
71,59,0,27,11,4,1,3,0,8,1,7,1198
72,59,0,25,15,9,1,9,2,6,2,5,1169
73,59,0,21,14,9,0,7,0,7,2,9,1338
74,59,1,10,4.9,1.9,0.3,1.4,0.3,3.5,1.2,2.8,479.5
75,59,1,4,2,0.7,0.1,0.6,0.1,1.4,0.5,1.1,191.8
78,59,1,4,2.4,1.2,0,0.2,0.2,2.2,0.3,1.6,287.3
83,59,1,8,2.6,0.1,0.5,0,0.3,2.6,0.2,2.4,319.7
85,59,1,19,6.1,0.2,1.2,0,0.8,6.1,0.4,5.7,759.4
86,59,0,31,12,1,1,0,0,12,0,10,1154
2,60,1,3,1.2,0.2,0.2,0,0.3,1.2,0.2,1,171.9
16,60,1,2,0.8,0.1,0.1,0.1,0,0.7,0.1,0.4,102.8
17,60,1,2,0.8,0.1,0.1,0.1,0,0.7,0.1,0.4,102.8
18,60,1,2,0.8,0.1,0.1,0.1,0,0.7,0.1,0.4,102.8
23,60,1,2,0.8,0.1,0.1,0.1,0,0.7,0.1,0.4,102.8
25,60,1,2,0.8,0.1,0.1,0.1,0,0.7,0.1,0.4,102.8
29,60,1,2,0.8,0.1,0,0,0,0.8,0.1,0.7,124.5
43,60,1,4,1.9,0.8,0.1,0.2,0.1,1.7,0.3,1.1,220.8
47,60,1,2,0.8,0.2,0,0,0.1,0.8,0.2,0.7,95.4
49,60,1,2,0.8,0.2,0,0,0.1,0.8,0.2,0.7,95.4
51,60,1,2,0.8,0.2,0,0,0.1,0.8,0.2,0.7,95.4
64,60,1,4,1.3,0.2,0.1,0,0.2,1.3,0,0.9,253.4
68,60,1,3,1.6,0.6,0,0.1,0.1,1.5,0.2,1.4,202.6
69,60,1,6,3.1,1.2,0.1,0.1,0.1,3,0.4,2.7,405.2
70,60,1,11,5.7,2.3,0.1,0.2,0.2,5.5,0.7,5,742.9
71,60,0,36.5,17,9,2,6,2,11,5,8,1590
72,60,1,22,10.9,4.1,0.6,3.2,0.6,7.7,2.6,6.2,1054.8
73,60,0,30,17,6,0,8,2,9,2,9,1576
74,60,1,1,0.5,0.2,0,0.1,0,0.4,0.1,0.3,47.9
79,60,1,2,1.2,0.6,0,0.1,0.1,1.1,0.2,0.8,143.7
82,60,1,4,1.3,0,0.3,0,0.2,1.3,0.1,1.2,159.9
83,60,1,6,1.9,0.1,0.4,0,0.3,1.9,0.1,1.8,239.8
84,60,1,11,3.5,0.1,0.7,0,0.5,3.5,0.2,3.3,439.6
85,60,0,48,16,3,2,0,1,16,3,15,1706
86,60,0,29,13,4,1,0,1,13,4,12,1355
87,60,1,12,5.1,0.8,0.4,1.4,1,3.7,1.8,2.7,621.5
92,60,1,18,7.7,1.2,0.6,2.2,1.5,5.5,2.8,4,932.3
100,60,1,4,1.5,0.4,0.2,0.6,0.3,0.9,0.9,0.7,230.1
0,61,1,1,0.4,0.1,0.1,0,0.1,0.4,0.1,0.3,57.3
2,61,1,3.5,1.4,0.2,0.2,0,0.3,1.4,0.3,1.1,200.5
14,61,1,3,1.3,0.3,0.1,0,0.2,1.3,0.1,0.9,213.3
17,61,1,2,0.8,0.1,0.1,0.1,0,0.7,0.1,0.4,102.8
20,61,1,6,2.4,0.3,0.3,0.2,0.1,2.2,0.3,1.2,308.5
21,61,1,5,2,0.3,0.2,0.1,0.1,1.9,0.2,1,257.1
30,61,1,3,1.2,0.2,0,0,0,1.2,0.1,1.1,186.7
32,61,1,4,1.6,0.3,0,0,0,1.6,0.1,1.5,248.9
33,61,1,4,1.6,0.3,0,0,0,1.6,0.1,1.5,248.9
44,61,1,3,1.4,0.6,0.1,0.1,0.1,1.3,0.3,0.8,165.6
45,61,1,8,3.8,1.6,0.2,0.3,0.2,3.5,0.7,2.3,441.6
48,61,1,5,2.1,0.6,0.1,0,0.2,2.1,0.4,1.8,238.4
49,61,1,5,2.1,0.6,0.1,0,0.2,2.1,0.4,1.8,238.4
52,61,1,3,1.3,0.4,0,0,0.1,1.3,0.2,1.1,143
55,61,1,3,1.3,0.4,0,0,0.1,1.3,0.2,1.1,143
61,61,1,10.5,3.5,0.5,0.3,0,0.5,3.5,0,2.4,665.1
69,61,1,4,2.1,0.8,0,0.1,0.1,2,0.2,1.8,270.2
71,61,1,2,1,0.4,0.1,0.3,0.1,0.7,0.2,0.6,95.9
81,61,1,4,1.3,0,0.3,0,0.2,1.3,0.1,1.2,159.9
82,61,0,18,12,8,0,0,1,12,5,8,1521
83,61,1,4,1.3,0,0.3,0,0.2,1.3,0.1,1.2,159.9
84,61,1,2,0.6,0,0.1,0,0.1,0.6,0,0.6,79.9
85,61,1,31,9.9,0.3,2,0,1.3,9.9,0.7,9.2,1239
86,61,1,12,5.1,0.8,0.4,1.4,1,3.7,1.8,2.7,621.5
87,61,1,4,1.7,0.3,0.1,0.5,0.3,1.2,0.6,0.9,207.2
91,61,1,6,2.6,0.4,0.2,0.7,0.5,1.9,0.9,1.3,310.8
115,61,1,2,0.7,0.2,0.1,0.3,0.2,0.4,0.5,0.3,115
5,62,1,2,0.7,0,0.1,0,0,0.7,0,0.5,97
9,62,1,2,1,0.4,0.1,0.1,0,0.9,0.1,0.8,104.3
25,62,1,4,1.7,0.4,0.1,0,0.4,1.7,0.1,1,225.9
26,62,1,2,0.9,0.3,0,0,0,0.9,0.2,0.8,112.1
27,62,1,2,0.9,0.3,0,0,0,0.9,0.2,0.8,112.1
31,62,1,3,1.3,0.4,0.1,0,0.1,1.3,0.2,1.2,168.2
41,62,1,4,1.3,0.2,0.2,0.1,0.2,1.2,0.3,0.9,140.4
42,62,1,2,0.6,0.1,0.1,0,0.1,0.6,0.2,0.5,70.2
43,62,1,3,0.9,0.1,0.2,0,0.1,0.9,0.2,0.7,105.3
45,62,1,3,0.9,0.1,0.2,0,0.1,0.9,0.2,0.7,105.3
46,62,1,3,1.1,0.4,0.1,0,0.1,1.1,0.4,0.9,129.3
50,62,1,3,1.1,0.4,0.1,0,0.1,1.1,0.4,0.9,129.3
51,62,1,3,1.1,0.4,0.1,0,0.1,1.1,0.4,0.9,129.3
56,62,1,3,1.2,0.2,0.1,0.1,0.1,1.1,0.2,0.9,148.1
59,62,1,3,1.2,0.2,0.1,0.1,0.1,1.1,0.2,0.9,148.1
64,62,1,2,0.9,0.3,0,0,0,0.9,0.1,0.9,130.2
67,62,1,5,2.2,0.6,0,0,0.1,2.2,0.3,1.9,262.1
68,62,1,16,7,1.9,0.1,0,0.3,7,0.9,6,838.8
69,62,1,1,0.4,0.1,0,0,0,0.4,0.1,0.4,52.4
75,62,1,19.5,7.6,1.8,0.5,0,0.4,7.6,0.9,6.7,959.6
78,62,1,2,0.8,0.2,0,0,0.1,0.8,0.1,0.8,96.1
80,62,1,15,6.3,1.7,0.2,0,0.7,6.3,1,5.8,720.5
81,62,1,8,3.2,0.7,0.1,0.4,0.4,2.8,0.3,2.2,343.9
84,62,1,7,2.8,0.6,0.1,0.3,0.3,2.5,0.3,1.9,300.9
85,62,0,29,13,2,0,0,0,13,2,13,1299
86,62,1,13,5.3,1.1,0.4,0,0.5,5.3,0.7,4.1,641.9
87,62,1,16.5,6.8,1.4,0.6,0,0.7,6.8,0.9,5.2,814.7
88,62,1,5,2.1,0.4,0.2,0,0.2,2.1,0.3,1.6,246.9
89,62,1,10,4.1,0.9,0.3,0,0.4,4.1,0.5,3.2,493.7
90,62,1,7,2.9,0.6,0.2,0,0.3,2.9,0.4,2.2,345.6
91,62,1,13,4.5,0.7,0.7,0,0.6,4.5,0.6,4,516.3
23,63,1,3,1.2,0.3,0.1,0,0.3,1.2,0.1,0.8,169.4
31,63,1,3,1.3,0.4,0.1,0,0.1,1.3,0.2,1.2,168.2
51,63,1,2,0.8,0.2,0.1,0,0,0.8,0.2,0.6,86.2
55,63,1,4,1.5,0.5,0.1,0,0.1,1.5,0.5,1.1,172.4
57,63,1,10,4,0.8,0.3,0.4,0.4,3.6,0.5,3.1,493.5
58,63,1,4,1.6,0.3,0.1,0.2,0.2,1.4,0.2,1.2,197.4
59,63,0,34,13,1,0,0,2,13,0,13,1718
60,63,1,25.5,10.2,2,0.7,1,1,9.2,1.3,7.9,1258.5
61,63,1,3,1.4,0.4,0.1,0,0,1.4,0.2,1.3,195.3
62,63,1,4,1.9,0.6,0.1,0,0,1.9,0.2,1.8,260.4
63,63,1,16,7.4,2.2,0.3,0,0,7.4,0.8,7.2,1041.7
64,63,1,14,6.5,1.9,0.2,0,0,6.5,0.7,6.3,911.4
65,63,1,4,1.9,0.6,0.1,0,0,1.9,0.2,1.8,260.4
66,63,1,18,7.9,2.1,0.1,0,0.4,7.9,1,6.8,943.7
67,63,1,12,5.3,1.4,0.1,0,0.3,5.3,0.7,4.5,629.1
68,63,0,31,12,1,1,0,2,12,1,12,1502.7
69,63,1,23,10.1,2.7,0.2,0,0.5,10.1,1.3,8.7,1205.8
74,63,1,4,1.6,0.4,0.1,0,0.1,1.6,0.2,1.4,196.8
75,63,0,56,28,9,1,0,3,28,3,26,2938
76,63,1,23.5,9.9,2.6,0.3,0,1,9.9,1.6,9.1,1128.8
77,63,1,4,1.7,0.4,0,0,0.2,1.7,0.3,1.5,192.1
80,63,1,13,5.5,1.4,0.1,0,0.6,5.5,0.9,5,624.4
82,63,1,25.5,10.2,2.3,0.4,1.2,1.2,9,1,6.9,1096.2
83,63,1,6,2.4,0.5,0.1,0.3,0.3,2.1,0.2,1.6,257.9
84,63,1,3,1.2,0.3,0,0.1,0.1,1.1,0.1,0.8,129
85,63,1,15,6,1.3,0.2,0.7,0.7,5.3,0.6,4,644.8
87,63,0,39,20,9,1,3,3,17,3,10,2181
88,63,0,55.5,33,18,0,5,8,28,7,13,3816
89,63,1,5,2.1,0.4,0.2,0,0.2,2.1,0.3,1.6,246.9
90,63,1,2,0.8,0.2,0.1,0,0.1,0.8,0.1,0.6,98.7
91,63,1,9,3.1,0.5,0.5,0,0.4,3.1,0.4,2.8,357.4
118,63,1,4,1.6,0.5,0.1,0.3,0.4,1.3,0.5,0.9,188.6
121,63,1,4,1.6,0.5,0.1,0.3,0.4,1.3,0.5,0.9,188.6
3,64,1,2,0.7,0,0.1,0,0,0.7,0,0.5,97
12,64,1,2,1,0.4,0.1,0.1,0,0.9,0.1,0.8,104.3
16,64,1,2,0.9,0.2,0,0,0,0.9,0.1,0.8,99.6
18,64,1,4,1.8,0.4,0,0,0,1.8,0.3,1.7,199.2
24,64,1,5,2.1,0.5,0.1,0,0.5,2.1,0.1,1.3,282.4
25,64,1,3,1.2,0.3,0.1,0,0.3,1.2,0.1,0.8,169.4
31,64,1,2,0.9,0.3,0,0,0,0.9,0.2,0.8,112.1
32,64,1,3,1.3,0.4,0.1,0,0.1,1.3,0.2,1.2,168.2
38,64,1,5,2,0.6,0.2,0.2,0,1.8,0.1,1.4,237.6
41,64,1,2,0.6,0.1,0.1,0,0.1,0.6,0.2,0.5,70.2
53,64,1,2,0.8,0.2,0.1,0,0,0.8,0.2,0.6,86.2
58,64,1,12,4.8,0.9,0.3,0.5,0.5,4.3,0.6,3.7,592.3
59,64,0,37,14,1,0,0,2,14,1,14,1708
60,64,0,35,14,0,1,0,3,14,2,13,1582
61,64,0,26,11,1,0,0,0,11,0,8,1451
62,64,0,36,14,3,1,0,0,14,2,10,1666
63,64,0,39,18,5,0,0,0,18,2,16,2110
64,64,0,43,22,9,0,2,0,20,2,13,2242
65,64,0,41,16,3,1,0,1,16,1,12,1972
66,64,0,59,25,3,1,0,2,25,1,21,2986
67,64,0,38,16,3,1,0,1,16,0,15,1894
68,64,0,33,12,2,1,0,2,12,3,9,1300
69,64,1,13.5,5.9,1.6,0.1,0,0.3,5.9,0.8,5.1,707.8
72,64,1,3,1.2,0.3,0.1,0,0.1,1.2,0.1,1,147.6
73,64,1,16,6.3,1.5,0.4,0,0.3,6.3,0.7,5.5,787.4
74,64,1,19,7.4,1.8,0.5,0,0.4,7.4,0.9,6.5,935
75,64,1,24.5,9.6,2.3,0.6,0,0.5,9.6,1.1,8.4,1205.7
76,64,0,38,14,1,1,0,0,14,1,14,1669
77,64,0,25.5,11,4,0,0,1,11,3,10,981
78,64,1,3,1.3,0.3,0,0,0.1,1.3,0.2,1.2,144.1
80,64,1,13,5.5,1.4,0.1,0,0.6,5.5,0.9,5,624.4
82,64,1,3,1.2,0.3,0,0.1,0.1,1.1,0.1,0.8,129
84,64,1,5,2,0.4,0.1,0.2,0.2,1.8,0.2,1.3,214.9
85,64,1,6,2.4,0.5,0.1,0.3,0.3,2.1,0.2,1.6,257.9
86,64,0,77.5,46,29,1,27,4,19,8,12,3191
87,64,0,38.5,18,6,0,2,4,16,6,9,1974
88,64,0,151.5,79,39,3,36,14,43,21,36,8875
89,64,0,165.5,81,32,3,21,15,60,27,42,7747
90,64,0,112,52,21,1,17,13,35,5,14,4873
91,64,1,11,3.8,0.6,0.6,0,0.5,3.8,0.5,3.4,436.8
94,64,1,2,0.7,0.1,0.1,0,0.1,0.7,0.1,0.6,79.4
96,64,1,2,1,0.2,0.1,0.1,0.3,0.9,0.2,0.7,131.2
117,64,1,5,2.1,0.6,0.1,0.5,0.4,1.6,0.6,1.2,235.7
4,65,1,6,2,0.1,0.3,0,0.1,2,0.1,1.5,291
22,65,1,4,1.7,0.4,0.1,0,0.4,1.7,0.1,1,225.9
23,65,1,6,2.5,0.6,0.1,0,0.6,2.5,0.1,1.5,338.9
26,65,1,1,0.4,0.2,0,0,0,0.4,0.1,0.4,56.1
35,65,1,2,0.9,0.3,0,0,0,0.9,0.2,0.8,112.1
37,65,1,3,1.2,0.4,0.1,0.1,0,1.1,0.1,0.8,142.6
38,65,1,4,1.6,0.5,0.2,0.2,0,1.4,0.1,1.1,190.1
42,65,1,14,4.4,0.5,0.8,0.3,0.5,4.1,1.1,3.3,491.4
43,65,1,1,0.3,0,0.1,0,0,0.3,0.1,0.2,35.1
44,65,1,4,1.3,0.2,0.2,0.1,0.2,1.2,0.3,0.9,140.4
45,65,1,5,1.6,0.2,0.3,0.1,0.2,1.5,0.4,1.2,175.5
48,65,1,9,3.4,1.1,0.3,0,0.2,3.4,1.1,2.6,388
50,65,1,5,1.9,0.6,0.2,0,0.1,1.9,0.6,1.4,215.5
56,65,1,4,1.6,0.3,0.1,0.2,0.2,1.4,0.2,1.2,197.4
57,65,1,2,0.8,0.2,0.1,0.1,0.1,0.7,0.1,0.6,98.7
59,65,0,27,12,3,0,0,0,12,0,9,1479
60,65,0,41,20,7,0,3,1,17,0,16,2057
61,65,1,15,7,2.1,0.3,0,0,7,0.8,6.7,976.6
62,65,0,35.5,18,6,0,4,1,14,3,13,2238
63,65,0,43,23,9,0,13,5,10,3,10,2074
64,65,0,56,29,10,1,0,0,29,1,22,3036
65,65,0,43,21,5,0,0,1,21,2,13,2104
66,65,0,34,14,2,0,4,0,10,0,6,1457
67,65,0,42,12,3,4,0,1,12,1,8,1436
68,65,1,17.5,7.7,2.1,0.1,0,0.4,7.7,1,6.6,917.5
69,65,1,22,9.7,2.6,0.2,0,0.5,9.7,1.2,8.3,1153.4
71,65,1,1,0.4,0.1,0,0,0,0.4,0,0.3,49.2
72,65,1,16,6.3,1.5,0.4,0,0.3,6.3,0.7,5.5,787.4
73,65,1,16,6.3,1.5,0.4,0,0.3,6.3,0.7,5.5,787.4
75,65,1,4,1.6,0.4,0.1,0,0.1,1.6,0.2,1.4,196.8
76,65,1,10,4.2,1.1,0.1,0,0.4,4.2,0.7,3.9,480.3
77,65,0,77.5,26,7,7,4,3,22,5,17,2700
78,65,0,34,12,2,2,0,1,12,1,8,1180
83,65,1,8,3.2,0.7,0.1,0.4,0.4,2.8,0.3,2.2,343.9
84,65,1,7,2.8,0.6,0.1,0.3,0.3,2.5,0.3,1.9,300.9
85,65,1,2,0.8,0.2,0,0.1,0.1,0.7,0.1,0.5,86
86,65,0,28.5,13,4,0,0,2,13,0,12,1690
87,65,0,84,37,8,1,0,3,37,5,25,3657
88,65,0,29,13,4,0,1,4,12,2,6,1288
89,65,0,27,15,7,0,3,0,12,3,8,1355
90,65,1,13,5.3,1.1,0.4,0,0.5,5.3,0.7,4.1,641.9
91,65,0,28,13,6,1,1,1,12,2,8,1295
92,65,1,9,3.1,0.5,0.5,0,0.4,3.1,0.4,2.8,357.4
93,65,1,14,4.8,0.8,0.8,0,0.7,4.8,0.7,4.3,556
95,65,1,18.5,6.4,1.1,1.1,0,0.9,6.4,0.9,5.7,734.7
96,65,1,20,9.6,2.1,0.5,0.5,2.7,9.1,1.6,6.9,1312.4
18,66,1,5,2.3,0.5,0,0,0,2.3,0.3,2.1,249
23,66,1,2,0.8,0.2,0,0,0.2,0.8,0,0.5,113
24,66,1,13.5,5.6,1.2,0.3,0,1.2,5.6,0.3,3.4,762.5
25,66,1,3,1.2,0.3,0.1,0,0.3,1.2,0.1,0.8,169.4
33,66,1,4,1.8,0.6,0.1,0,0.1,1.8,0.3,1.6,224.2
41,66,1,4,1.3,0.2,0.2,0.1,0.2,1.2,0.3,0.9,140.4
44,66,1,6,1.9,0.2,0.4,0.1,0.2,1.8,0.5,1.4,210.6
45,66,1,3,0.9,0.1,0.2,0,0.1,0.9,0.2,0.7,105.3
46,66,1,7,2.6,0.9,0.2,0,0.1,2.6,0.9,2,301.8
47,66,1,6,2.2,0.8,0.2,0,0.1,2.2,0.8,1.7,258.6
49,66,1,9,3.4,1.1,0.3,0,0.2,3.4,1.1,2.6,388
53,66,1,3,1.1,0.4,0.1,0,0.1,1.1,0.4,0.9,129.3
56,66,1,11,4.4,0.9,0.3,0.4,0.4,4,0.6,3.4,542.9
57,66,0,61,20,3,2,0,3,20,1,16,2100
58,66,1,3,1.2,0.2,0.1,0.1,0.1,1.1,0.2,0.9,148.1
59,66,0,35.5,14,2,1,0,4,14,1,12,1995
60,66,0,41,14,3,1,0,1,14,1,13,1519
61,66,0,39,17,7,2,0,0,17,0,14,1767
62,66,0,37,17,4,1,3,1,14,2,11,1675
63,66,0,45,20,5,0,1,2,19,1,13,1994
64,66,0,56,27,8,0,1,3,26,4,17,3033
65,66,0,29,11,3,1,0,1,11,1,6,973
66,66,0,30.5,11,4,2,0,4,11,4,7,1080
67,66,1,8,3.5,1,0.1,0,0.2,3.5,0.4,3,419.4
69,66,1,5,2.2,0.6,0,0,0.1,2.2,0.3,1.9,262.1
70,66,1,2,0.9,0.2,0,0,0,0.9,0.1,0.8,104.9
72,66,1,17,6.6,1.6,0.5,0,0.3,6.6,0.8,5.9,836.6
73,66,1,4,1.6,0.4,0.1,0,0.1,1.6,0.2,1.4,196.8
74,66,1,1,0.4,0.1,0,0,0,0.4,0,0.3,49.2
76,66,1,4,1.7,0.4,0,0,0.2,1.7,0.3,1.5,192.1
77,66,0,58.5,22,2,2,0,5,22,4,19,2143
78,66,1,3,1.3,0.3,0,0,0.1,1.3,0.2,1.2,144.1
82,66,1,4,1.6,0.4,0.1,0.2,0.2,1.4,0.2,1.1,172
84,66,1,23,9.2,2.1,0.4,1.1,1.1,8.1,0.9,6.2,988.7
85,66,0,49,24,5,1,0,0,24,0,22,2448
86,66,1,27,11.1,2.4,0.9,0,1.1,11.1,1.5,8.5,1333.1
87,66,1,12,4.9,1.1,0.4,0,0.5,4.9,0.6,3.8,592.5
88,66,1,8,3.3,0.7,0.3,0,0.3,3.3,0.4,2.5,395
89,66,1,7,2.9,0.6,0.2,0,0.3,2.9,0.4,2.2,345.6
90,66,1,23,9.4,2,0.8,0,0.9,9.4,1.2,7.3,1135.6
92,66,1,2,0.7,0.1,0.1,0,0.1,0.7,0.1,0.6,79.4
93,66,1,19,6.5,1.1,1.1,0,0.9,6.5,0.9,5.8,754.5
95,66,1,7,2.4,0.4,0.4,0,0.3,2.4,0.3,2.1,278
100,66,1,1,0.5,0.1,0,0,0.1,0.5,0.1,0.3,65.6
101,66,1,1.5,0.7,0.2,0,0,0.2,0.7,0.1,0.5,98.4
0,67,1,4,1.3,0.1,0.2,0,0.1,1.3,0.1,1,194
7,67,1,1,0.5,0.2,0,0,0,0.5,0.1,0.4,52.2
13,67,1,1,0.5,0.2,0,0,0,0.5,0.1,0.4,52.2
24,67,1,2,0.9,0.2,0,0,0,0.9,0.1,0.8,99.6
26,67,1,4,1.5,0.2,0,0.1,0.2,1.4,0.1,1.4,184.8
32,67,1,2,0.9,0.3,0,0,0,0.9,0.2,0.8,112.1
33,67,1,3,1.3,0.4,0.1,0,0.1,1.3,0.2,1.2,168.2
35,67,1,6,2.7,0.9,0.1,0,0.1,2.7,0.4,2.4,336.3
36,67,1,3,1.5,0.5,0.1,0.2,0.2,1.3,0.2,1.1,161.7
37,67,1,4,2,0.7,0.1,0.2,0.2,1.8,0.2,1.4,215.6
38,67,1,3,1.5,0.5,0.1,0.2,0.2,1.3,0.2,1.1,161.7
46,67,1,10,5.4,2.4,0.2,0.4,0.2,5,0.4,4.1,617.8
49,67,1,14,7.6,3.3,0.3,0.6,0.3,7,0.6,5.8,865
50,67,1,2,1.1,0.5,0,0.1,0,1,0.1,0.8,123.6
52,67,1,2,1,0.4,0.1,0.1,0,0.9,0.1,0.7,137.5
53,67,1,9,4.5,2,0.3,0.6,0,3.9,0.3,3.1,618.6
54,67,1,14,7,3.1,0.4,0.9,0,6.1,0.4,4.8,962.3
56,67,1,13,6,1.5,0.2,1.3,0.8,4.7,0.2,3.4,667.3
57,67,1,15,7,1.7,0.2,1.5,0.9,5.5,0.2,3.9,770
58,67,1,7,3.2,0.8,0.1,0.7,0.4,2.5,0.1,1.8,359.3
59,67,1,5,2.3,0.6,0.1,0.5,0.3,1.8,0.1,1.3,256.7
60,67,0,79,48,28,2,33,4,15,8,17,3682
61,67,0,72,35,11,2,0,2,35,4,25,3499
62,67,0,41,21,7,1,3,6,18,3,9,1923
63,67,0,78.5,41,22,2,10,4,31,6,19,3850
64,67,0,61,34,16,1,0,3,34,10,21,3000
65,67,0,75.5,38,16,2,2,4,36,3,23,3785
66,67,0,58,27,10,0,3,3,24,5,22,2794
67,67,0,30.5,14,3,0,2,1,12,1,8,1250
68,67,1,15,6.6,2,0.3,0,0.3,6.6,0.5,5.1,753.3
69,67,1,8,3.5,1.1,0.1,0,0.1,3.5,0.3,2.7,401.8
77,67,1,4,1.8,0.3,0,0,0,1.8,0.2,1.8,210.7
80,67,1,4,1.8,0.3,0,0,0,1.8,0.2,1.8,210.7
81,67,1,2,1,0.3,0,0,0.1,1,0.3,0.8,135.8
84,67,1,14,7.3,1.8,0,0,0.6,7.3,1.8,5.5,950.8
85,67,0,46,19,1,0,0,2,19,3,15,2024
86,67,1,2,1,0.4,0,0,0,1,0.2,0.8,128.9
87,67,1,1,0.5,0.2,0,0,0,0.5,0.1,0.4,64.4
90,67,1,11,5.7,2.4,0,0,0,5.7,1,4.3,708.8
91,67,1,3,1.6,0.7,0,0,0,1.6,0.3,1.2,193.3
96,67,1,5,2.4,0.5,0.1,0.1,0.7,2.3,0.4,1.7,328.1
100,67,1,2,1,0.2,0.1,0.1,0.3,0.9,0.2,0.7,131.2
122,67,1,9,3.7,1.1,0.3,0.8,0.8,2.9,1.1,2.1,424.3
9,68,1,1,0.5,0.2,0,0,0,0.5,0.1,0.4,52.2
13,68,1,3,1.5,0.6,0.1,0.1,0,1.4,0.2,1.1,156.5
17,68,1,5,2.2,0.9,0.2,0,0,2.2,0.7,1.9,256.7
23,68,1,4,1.8,0.4,0,0,0,1.8,0.3,1.7,199.2
25,68,1,1,0.5,0.1,0,0,0,0.5,0.1,0.4,49.8
26,68,1,11,4.1,0.5,0,0.3,0.5,3.8,0.3,3.8,508.3
27,68,1,14,5.2,0.7,0,0.3,0.7,4.9,0.3,4.9,646.9
28,68,1,2,0.7,0.1,0,0,0.1,0.7,0,0.7,92.4
32,68,1,2,0.9,0.3,0,0,0,0.9,0.2,0.8,112.1
36,68,1,5,2.5,0.8,0.1,0.3,0.3,2.2,0.3,1.8,269.5
42,68,1,2,0.8,0.2,0.1,0.1,0,0.7,0,0.6,95.1
43,68,1,1,0.4,0.1,0,0,0,0.4,0,0.3,47.5
46,68,0,25,11,3,0,3,0,8,2,6,1479
47,68,1,11,6,2.6,0.2,0.5,0.2,5.5,0.5,4.5,679.6
49,68,1,4,2.2,1,0.1,0.2,0.1,2,0.2,1.7,247.1
52,68,1,2,1,0.4,0.1,0.1,0,0.9,0.1,0.7,137.5
53,68,1,5,2.5,1.1,0.2,0.3,0,2.2,0.2,1.7,343.7
57,68,1,7,3.2,0.8,0.1,0.7,0.4,2.5,0.1,1.8,359.3
58,68,1,3,1.4,0.3,0,0.3,0.2,1.1,0,0.8,154
60,68,0,25,11,5,1,6,3,5,1,2,908
61,68,0,127,68,34,2,18,10,50,7,26,5166
62,68,0,89.5,44,22,4,15,5,29,9,22,4444
63,68,0,95,48,20,2,17,10,31,14,21,4300
64,68,0,134.5,71,33,3,4,7,67,17,45,6257
65,68,0,70.5,35,14,1,1,3,34,7,23,3721
66,68,0,63,28,6,2,5,5,23,5,18,2980
67,68,0,85.5,47,27,4,29,3,18,6,19,3443
68,68,0,61.5,30,8,1,0,6,30,2,23,3253
69,68,0,23,12,2,0,0,3,12,1,8,1387
79,68,1,2,0.9,0.2,0,0,0,0.9,0.1,0.9,105.4
80,68,1,7,3.1,0.6,0,0,0,3.1,0.3,3.1,368.8
84,68,1,2,1,0.3,0,0,0.1,1,0.3,0.8,135.8
99,68,1,2,1,0.2,0.1,0.1,0.3,0.9,0.2,0.7,131.2
8,69,1,1,0.5,0.2,0,0,0,0.5,0.1,0.4,52.2
15,69,1,11,5.7,2.1,0.3,0.5,0.2,5.2,0.7,4.1,573.9
16,69,0,64.5,33,15,2,4,5,29,4,26,4490
17,69,1,1,0.4,0.2,0,0,0,0.4,0.1,0.4,51.3
25,69,1,2,0.9,0.2,0,0,0,0.9,0.1,0.8,99.6
28,69,1,7,2.6,0.3,0,0.2,0.3,2.4,0.2,2.4,323.5
36,69,1,2,1,0.3,0,0.1,0.1,0.9,0.1,0.7,107.8
39,69,1,3,1.5,0.5,0.1,0.2,0.2,1.3,0.2,1.1,161.7
40,69,1,7,3.4,1.2,0.1,0.4,0.4,3,0.4,2.5,377.3
42,69,1,2,0.8,0.2,0.1,0.1,0,0.7,0,0.6,95.1
48,69,1,5,2.7,1.2,0.1,0.2,0.1,2.5,0.2,2.1,308.9
56,69,1,2,0.9,0.2,0,0.2,0.1,0.7,0,0.5,102.7
58,69,1,6,2.8,0.7,0.1,0.6,0.3,2.2,0.1,1.6,308
59,69,1,1,0.5,0.1,0,0.1,0.1,0.4,0,0.3,51.3
60,69,0,66,29,6,2,0,3,29,4,22,3101
61,69,0,84,48,21,1,2,4,46,6,32,4585
62,69,0,77.5,42,19,2,10,7,32,10,25,3932
63,69,0,187,109,63,3,61,20,48,37,29,9222.5
64,69,0,180.5,98,50,3,53,14,45,26,39,8423
65,69,0,76,37,14,1,5,9,32,8,22,3887
66,69,0,120,61,24,2,28,12,33,24,28,5517
67,69,0,88,41,15,2,3,6,38,5,32,3517
68,69,0,86,43,12,1,0,2,43,4,33,4173
69,69,0,48,26,11,0,0,0,26,2,23,2650
70,69,1,10,4.4,1.4,0.2,0,0.2,4.4,0.3,3.4,502.2
72,69,1,3,1.2,0.3,0.1,0,0.1,1.2,0.1,1,147.6
74,69,1,3,1.2,0.3,0.1,0,0.1,1.2,0.1,1,147.6
78,69,1,5,2.2,0.4,0,0,0,2.2,0.2,2.2,263.4
79,69,0,51,18,5,2,0,2,18,5,15,1789
80,69,1,2,0.9,0.2,0,0,0,0.9,0.1,0.9,105.4
83,69,1,1,0.5,0.1,0,0,0,0.5,0.1,0.4,67.9
88,69,1,3,1.6,0.7,0,0,0,1.6,0.3,1.2,193.3
103,69,0,37,23,12,0,2,2,21,6,15,2349
104,69,1,2,0.8,0.2,0.1,0,0.1,0.8,0.1,0.7,85.7
106,69,1,3,1.1,0.3,0.1,0.5,0.2,0.6,0.7,0.5,172.6
109,69,1,3,1.1,0.3,0.1,0.5,0.2,0.6,0.7,0.5,172.6
14,70,1,5,2.6,0.9,0.2,0.2,0.1,2.4,0.3,1.9,260.9
15,70,0,76,41,20,0,11,7,30,13,19,3592
16,70,0,84.5,43,19,1,2,5,41,13,25,4839
17,70,1,4,1.8,0.7,0.1,0,0,1.8,0.6,1.5,205.4
18,70,1,1,0.4,0.2,0,0,0,0.4,0.1,0.4,51.3
19,70,1,1,0.4,0.2,0,0,0,0.4,0.1,0.4,51.3
20,70,1,1,0.4,0.2,0,0,0,0.4,0.1,0.4,51.3
21,70,1,4,1.8,0.4,0,0,0,1.8,0.3,1.7,199.2
27,70,1,2,0.7,0.1,0,0,0.1,0.7,0,0.7,92.4
40,70,1,10,4.9,1.7,0.2,0.6,0.6,4.3,0.6,3.6,539.1
41,70,1,2,0.8,0.2,0.1,0.1,0,0.7,0,0.6,95.1
60,70,0,53.5,33,19,0,26,2,7,8,6,2020
61,70,0,75,33,10,3,0,1,33,5,22,3257
62,70,0,103,53,21,3,27,11,26,10,23,4413
63,70,0,303.5,195,126,5,141,16,54,63,45,14024.4
64,70,0,263.5,168,102,4,136,28,32,45,26,12199.9
65,70,0,86,60,37,1,32,6,28,21,21,5011
66,70,0,131.5,68,32,2,21,15,47,20,40,5200
67,70,0,95.5,49,18,2,0,3,49,7,40,4154
68,70,0,54,27,12,2,0,3,27,3,20,2554
69,70,0,48,23,5,0,0,3,23,1,20,2405
70,70,1,2,0.9,0.3,0,0,0,0.9,0.1,0.7,100.4
78,70,1,1,0.4,0.1,0,0,0,0.4,0,0.4,52.7
88,70,1,1,0.5,0.2,0,0,0,0.5,0.1,0.4,64.4
92,70,1,2,1,0.4,0,0,0,1,0.2,0.8,128.9
96,70,1,2,1,0.2,0.1,0.1,0.3,0.9,0.2,0.7,131.2
100,70,1,2,1,0.2,0.1,0.1,0.3,0.9,0.2,0.7,131.2
101,70,1,2,0.8,0.2,0.1,0,0.1,0.8,0.1,0.7,85.7
102,70,1,2,0.8,0.2,0.1,0,0.1,0.8,0.1,0.7,85.7
103,70,1,44,18.3,4.9,1.2,0.6,1.2,17.7,2.4,14.7,1884.7
109,70,1,2,0.7,0.2,0.1,0.3,0.2,0.4,0.5,0.3,115
110,70,1,4,1.5,0.4,0.2,0.6,0.3,0.9,0.9,0.7,230.1
123,70,1,3,1.2,0.4,0.1,0.2,0.3,1,0.4,0.7,141.4
13,71,1,23,11.9,4.3,0.7,1.1,0.4,10.8,1.4,8.6,1200
14,71,1,14,7.2,2.6,0.4,0.6,0.2,6.6,0.9,5.2,730.4
17,71,1,14,6.3,2.4,0.5,0,0,6.3,1.9,5.3,718.8
20,71,1,2,0.9,0.3,0.1,0,0,0.9,0.3,0.8,102.7
21,71,1,4,1.8,0.4,0,0,0,1.8,0.3,1.7,199.2
24,71,1,3,1.4,0.3,0,0,0,1.4,0.2,1.3,149.4
30,71,1,3,1.1,0.1,0,0.1,0.1,1,0.1,1,138.6
35,71,1,5,2.2,0.8,0.1,0,0.1,2.2,0.4,2,280.2
40,71,1,16,7.8,2.7,0.3,0.9,0.9,6.9,0.9,5.7,862.5
41,71,1,17.5,7,2.1,0.8,0.8,0,6.2,0.4,4.9,831.8
42,71,1,4,1.6,0.5,0.2,0.2,0,1.4,0.1,1.1,190.1
44,71,1,2,0.8,0.2,0.1,0.1,0,0.7,0,0.6,95.1
58,71,1,2,0.9,0.2,0,0.2,0.1,0.7,0,0.5,102.7
59,71,0,42,22,10,0,0,1,22,5,16,2128
60,71,1,8,3.7,0.9,0.1,0.8,0.5,2.9,0.1,2.1,410.7
61,71,0,62.5,32,12,0,2,6,30,5,15,3052
62,71,0,143,92,56,0,70,11,22,26,28,7591
63,71,0,129.5,69,34,0,26,11,43,18,29,6680.8
64,71,0,76,37,15,1,19,8,18,8,15,3374
65,71,0,91,69,56,2,60,3,9,12,4,3493
66,71,0,31,14,5,1,0,1,14,0,11,1532
67,71,1,8,3.5,1.1,0.1,0,0.1,3.5,0.3,2.7,401.8
68,71,1,16,7.1,2.2,0.3,0,0.3,7.1,0.5,5.4,803.5
69,71,0,28,13,4,0,0,2,13,2,12,1416
84,71,1,4,2.1,0.5,0,0,0.2,2.1,0.5,1.6,271.7
101,71,1,2,0.8,0.2,0.1,0,0.1,0.8,0.1,0.7,85.7
103,71,1,10,4.2,1.1,0.3,0.2,0.3,4,0.6,3.3,428.4
104,71,1,10,4.2,1.1,0.3,0.2,0.3,4,0.6,3.3,428.4
106,71,1,3,1.1,0.3,0.1,0.5,0.2,0.6,0.7,0.5,172.6
112,71,1,4,1.5,0.4,0.2,0.6,0.3,0.9,0.9,0.7,230.1
116,71,1,3,1.2,0.4,0.1,0.2,0.3,1,0.4,0.7,141.4
6,72,1,2,0.8,0.2,0.1,0,0.1,0.8,0,0.8,93.4
12,72,1,8,3.1,0.5,0,0,0.2,3.1,0.3,2.4,361.5
13,72,1,11,4.3,0.7,0,0,0.2,4.3,0.4,3.4,497
16,72,1,1,0.4,0.1,0,0.1,0,0.3,0.1,0.3,60.4
18,72,1,3,1.3,0.4,0.1,0.2,0.1,1.1,0.2,0.9,181.2
25,72,1,4,1.8,0.5,0.1,0.3,0.1,1.5,0.2,1.3,241.6
29,72,1,2,0.8,0.1,0,0,0,0.8,0,0.8,92.2
31,72,1,1,0.4,0.1,0,0,0,0.4,0,0.3,51.2
42,72,1,13,4.9,0.8,0.3,0,0.1,4.9,0.7,4,576.4
43,72,1,23,8.7,1.4,0.5,0,0.2,8.7,1.2,7,1019.7
44,72,1,5,1.9,0.3,0.1,0,0.1,1.9,0.3,1.5,221.7
45,72,1,5,1.9,0.3,0.1,0,0.1,1.9,0.3,1.5,221.7
47,72,1,9,4.2,1,0.2,0,0.6,4.2,0.3,3.5,530.5
50,72,1,3,1.4,0.3,0.1,0,0.2,1.4,0.1,1.2,176.8
51,72,1,5,2.1,0.5,0.2,0,0,2.1,0.4,1.8,268.7
55,72,1,9,3.8,0.8,0.3,0,0,3.8,0.7,3.3,483.7
57,72,0,37,15,4,1,0,1,15,1,15,1341
58,72,0,35,15,3,1,0,2,15,1,11,1479
59,72,0,87.5,36,5,2,1,3,35,4,28,3535
60,72,0,65,23,5,4,0,4,23,5,8,2226
61,72,0,99,46,18,4,10,9,36,11,2,3336
62,72,0,77.5,33,14,2,12,4,21,7,18,3857
63,72,0,150.5,73,29,5,5,15,68,19,26,6298
64,72,0,56,28,14,0,10,2,18,4,15,2216
65,72,0,38,21,9,1,5,4,16,3,9,2118
66,72,0,114,59,24,3,0,6,59,9,45,5594
67,72,0,60.5,25,6,1,1,2,24,3,19,2373
68,72,1,12,4.7,1.1,0.5,0.3,0.4,4.4,0.6,3.4,520.9
71,72,1,3,1.4,0.3,0,0,0,1.4,0.3,1,179.1
76,72,1,8,2.9,0.7,0.3,0,0.1,2.9,0.8,2.4,329.7
84,72,1,15,5.5,1.4,0.6,0,0.2,5.5,1.6,4.5,618.2
85,72,1,7,2.6,0.6,0.3,0,0.1,2.6,0.7,2.1,288.5
92,72,1,2,0.9,0.2,0.1,0.1,0.2,0.8,0.2,0.6,86.7
94,72,1,10.5,4.5,1.1,0.3,0.3,0.9,4.2,0.9,3.2,455.4
95,72,1,21,9,2.2,0.6,0.6,1.7,8.4,1.7,6.5,910.9
100,72,1,2,0.8,0.1,0,0,0.2,0.8,0.1,0.8,103.2
109,72,1,3,1.2,0.2,0.1,0.1,0.2,1.1,0.1,0.8,171.8
112,72,1,2,0.7,0.1,0.1,0,0.1,0.7,0.1,0.6,86.1
114,72,1,5,1.9,0.2,0.2,0,0.2,1.9,0.3,1.5,215.2
1,73,1,5,1.8,0.3,0.4,0,0.1,1.8,0.1,1.5,221.4
4,73,1,2,0.7,0.1,0.2,0,0.1,0.7,0.1,0.6,88.6
9,73,1,2,0.8,0.2,0.1,0,0.1,0.8,0,0.8,93.4
10,73,1,3,1.2,0.3,0.1,0,0.1,1.2,0,1.2,140.1
11,73,1,22,8.5,1.3,0,0,0.4,8.5,0.9,6.7,994
14,73,1,3,1.2,0.2,0,0,0.1,1.2,0.1,0.9,135.6
18,73,1,5,2.2,0.7,0.1,0.4,0.1,1.8,0.3,1.6,302
20,73,1,1,0.4,0.1,0,0.1,0,0.3,0.1,0.3,60.4
37,73,1,4,1.5,0.3,0.1,0,0.3,1.5,0.3,1.4,193.9
38,73,1,9,3.5,0.6,0.3,0,0.7,3.5,0.6,3.2,436.4
39,73,1,9,3.5,0.6,0.3,0,0.7,3.5,0.6,3.2,436.4
40,73,1,4,1.5,0.3,0.1,0,0.3,1.5,0.3,1.4,193.9
46,73,1,2,0.9,0.2,0,0,0.1,0.9,0.1,0.8,117.9
47,73,1,4,1.9,0.4,0.1,0,0.3,1.9,0.1,1.6,235.8
48,73,1,1,0.5,0.1,0,0,0.1,0.5,0,0.4,58.9
49,73,1,7,3.2,0.8,0.1,0,0.5,3.2,0.2,2.8,412.6
55,73,1,9,3.8,0.8,0.3,0,0,3.8,0.7,3.3,483.7
56,73,1,23,8.1,1.3,0.6,0,1,8.1,0.6,6.8,901.2
57,73,0,99,35,8,5,0,2,35,3,27,3266
58,73,0,71.5,27,6,1,0,0,27,3,22,2690
59,73,0,76,36,7,1,0,3,36,3,26,3472
60,73,0,28,13,3,0,2,2,11,1,11,1207
61,73,1,18,8.1,2.2,0.2,0,0.3,8.1,1,6,916.8
62,73,1,16,7.2,2,0.2,0,0.3,7.2,0.9,5.3,814.9
63,73,0,137.5,50,11,6,6,24,44,20,3,3881
64,73,0,80.5,40,14,0,2,9,38,9,11,3232
65,73,1,12,5.4,1.5,0.1,0,0.2,5.4,0.7,4,611.2
66,73,0,49,24,5,1,0,4,24,5,17,2499
67,73,1,10,3.9,0.9,0.4,0.2,0.3,3.7,0.5,2.9,434.1
69,73,1,3,1.2,0.3,0.1,0.1,0.1,1.1,0.2,0.9,130.2
76,73,1,4,1.5,0.4,0.2,0,0.1,1.5,0.4,1.2,164.9
85,73,1,3,1.1,0.3,0.1,0,0,1.1,0.3,0.9,123.6
86,73,1,17.5,7.8,1.7,0,0,1,7.8,0,6.1,1047.6
87,73,1,4,1.8,0.4,0,0,0.2,1.8,0,1.4,239.5
88,73,1,2,0.9,0.2,0,0,0.1,0.9,0,0.7,119.7
89,73,1,2,0.9,0.2,0,0,0.1,0.9,0,0.7,119.7
93,73,1,6.5,2.8,0.7,0.2,0.2,0.5,2.6,0.5,2,281.9
94,73,0,34,11,1,2,1,1,10,2,8,995
95,73,1,5.5,2.4,0.6,0.2,0.2,0.5,2.2,0.5,1.7,238.6
96,73,1,2,0.8,0.1,0,0,0.2,0.8,0.1,0.8,103.2
113,73,1,9,3.3,0.4,0.4,0,0.4,3.3,0.6,2.7,387.4
114,73,1,6,2.2,0.3,0.3,0,0.3,2.2,0.4,1.8,258.3
115,73,1,14,5.2,0.7,0.7,0,0.7,5.2,1,4.2,602.7
8,74,1,3,1.2,0.3,0.1,0,0.1,1.2,0,1.2,140.1
9,74,1,11,4.4,1.2,0.4,0,0.4,4.4,0,4.4,513.7
10,74,1,7,2.8,0.8,0.3,0,0.3,2.8,0,2.8,326.9
14,74,1,2,0.8,0.1,0,0,0,0.8,0.1,0.6,90.4
18,74,1,5,2.2,0.7,0.1,0.4,0.1,1.8,0.3,1.6,302
31,74,1,2,0.7,0.2,0.1,0,0,0.7,0.1,0.6,102.5
32,74,1,2,0.7,0.2,0.1,0,0,0.7,0.1,0.6,102.5
33,74,1,14,5.2,1.2,0.6,0.3,0.1,4.9,0.6,4.3,717.5
37,74,1,1,0.4,0.1,0,0,0.1,0.4,0.1,0.4,48.5
38,74,1,5,1.9,0.3,0.2,0,0.4,1.9,0.3,1.8,242.4
39,74,1,7,2.7,0.5,0.2,0,0.6,2.7,0.5,2.5,339.4
41,74,1,3,1.1,0.2,0.1,0,0,1.1,0.2,0.9,133
48,74,1,9,4.2,1,0.2,0,0.6,4.2,0.3,3.5,530.5
49,74,1,14,6.5,1.5,0.2,0,1,6.5,0.5,5.5,825.2
54,74,1,3,1.3,0.3,0.1,0,0,1.3,0.2,1.1,161.2
55,74,1,4,1.7,0.4,0.1,0,0,1.7,0.3,1.5,215
56,74,0,36.5,12,1,2,0,0,12,2,8,1206
57,74,1,22.5,7.9,1.3,0.6,0,1,7.9,0.6,6.7,881.6
58,74,0,60,26,3,0,0,1,26,0,23,2477
59,74,0,108,50,11,1,0,2,50,6,39,4594
60,74,0,94,35,3,3,0,4,35,4,30,3501
61,74,0,25,12,2,0,0,2,12,1,11,1368
62,74,1,11,4.9,1.4,0.1,0,0.2,4.9,0.6,3.7,560.3
63,74,0,40,20,5,0,8,2,12,4,7,1937
64,74,0,42.5,14,0,1,1,1,13,0,6,1224
65,74,0,23,12,4,0,0,3,12,2,5,1249
66,74,1,14,5.4,1.3,0.6,0.3,0.4,5.1,0.7,4,607.7
71,74,1,5,2.3,0.5,0,0,0,2.3,0.5,1.6,298.5
74,74,1,1,0.5,0.1,0,0,0,0.5,0.1,0.3,59.7
75,74,1,2,0.9,0.2,0,0,0,0.9,0.2,0.6,119.4
79,74,1,1,0.4,0.1,0,0,0,0.4,0.1,0.3,41.2
86,74,1,2,0.9,0.2,0,0,0.1,0.9,0,0.7,119.7
87,74,1,4,1.8,0.4,0,0,0.2,1.8,0,1.4,239.5
93,74,1,10.5,4.5,1.1,0.3,0.3,0.9,4.2,0.9,3.2,455.4
94,74,1,11,4.7,1.1,0.3,0.3,0.9,4.4,0.9,3.4,477.1
97,74,1,38,16,2.5,0,0.8,4.2,15.2,2.5,16,1960.8
104,74,1,4,1.6,0.3,0,0,0.1,1.6,0.1,1.4,195.5
107,74,1,1,0.4,0.1,0,0,0.1,0.4,0,0.3,57.3
113,74,1,5,1.9,0.2,0.2,0,0.2,1.9,0.3,1.5,215.2
115,74,0,22,12,5,0,0,0,12,1,10,1055
116,74,1,13,5.4,1.7,0.3,0,0.3,5.4,0.6,4.9,683.1
117,74,1,5,2.1,0.7,0.1,0,0.1,2.1,0.2,1.9,262.7
4,75,1,5,1.8,0.3,0.4,0,0.1,1.8,0.1,1.5,221.4
13,75,1,3,1.2,0.2,0,0,0.1,1.2,0.1,0.9,135.6
31,75,1,1,0.4,0.1,0,0,0,0.4,0,0.3,51.2
33,75,0,29,11,3,1,0,1,11,2,7,1169
34,75,1,7,2.6,0.6,0.3,0.1,0.1,2.5,0.3,2.2,358.7
35,75,1,9,3.4,0.8,0.4,0.2,0.1,3.2,0.4,2.8,461.2
36,75,1,3,1.2,0.2,0.1,0,0.2,1.2,0.2,1.1,145.5
37,75,1,8,3.1,0.5,0.3,0,0.6,3.1,0.5,2.8,387.9
41,75,1,4,1.5,0.2,0.1,0,0,1.5,0.2,1.2,177.3
42,75,1,1,0.4,0.1,0,0,0,0.4,0.1,0.3,44.3
43,75,1,4,1.5,0.2,0.1,0,0,1.5,0.2,1.2,177.3
44,75,1,15,5.7,0.9,0.3,0,0.2,5.7,0.8,4.6,665.1
47,75,1,2,0.9,0.2,0,0,0.1,0.9,0.1,0.8,117.9
50,75,1,2,0.9,0.2,0,0,0.1,0.9,0.1,0.8,117.9
55,75,1,10,4.2,0.9,0.4,0,0,4.2,0.7,3.6,537.5
56,75,0,21,11,2,0,1,1,10,2,10,1073
58,75,1,8,2.8,0.5,0.2,0,0.3,2.8,0.2,2.4,313.5
59,75,0,63,27,9,2,0,3,27,2,19,2563
60,75,0,35,13,1,0,0,2,13,2,12,1161
61,75,1,3,1.3,0.4,0,0,0.1,1.3,0.2,1,152.8
62,75,0,31,11,3,2,1,0,10,3,6,1245
63,75,1,20,9,2.5,0.2,0,0.4,9,1.1,6.7,1018.7
64,75,1,7,3.1,0.9,0.1,0,0.1,3.1,0.4,2.3,356.5
67,75,1,20,7.8,1.8,0.8,0.4,0.6,7.4,1,5.7,868.2
68,75,1,5,1.9,0.5,0.2,0.1,0.2,1.8,0.3,1.4,217
74,75,1,1,0.5,0.1,0,0,0,0.5,0.1,0.3,59.7
76,75,1,3,1.1,0.3,0.1,0,0,1.1,0.3,0.9,123.6
92,75,1,7,3,0.7,0.2,0.2,0.6,2.8,0.6,2.2,303.6
93,75,1,22.5,9.7,2.3,0.7,0.7,1.8,9,1.8,6.9,975.9
94,75,1,1,0.4,0.1,0,0,0.1,0.4,0.1,0.3,43.4
97,75,1,3,1.3,0.2,0,0.1,0.3,1.2,0.2,1.3,154.8
106,75,1,1,0.4,0.1,0,0,0.1,0.4,0,0.3,57.3
118,75,1,1,0.4,0.1,0,0,0,0.4,0,0.4,52.5
119,75,1,10,4.1,1.3,0.2,0,0.2,4.1,0.5,3.8,525.5
120,75,1,2,0.8,0.3,0,0,0,0.8,0.1,0.8,105.1
2,76,1,4,1.4,0.2,0.3,0,0.1,1.4,0.1,1.2,177.1
3,76,1,4,1.4,0.2,0.3,0,0.1,1.4,0.1,1.2,177.1
19,76,1,3,1.3,0.4,0.1,0.2,0.1,1.1,0.2,0.9,181.2
24,76,1,4,1.8,0.5,0.1,0.3,0.1,1.5,0.2,1.3,241.6
32,76,1,3,1.1,0.3,0.1,0.1,0,1,0.1,0.9,153.7
33,76,1,20,7.4,1.7,0.9,0.4,0.2,7,0.9,6.2,1025
34,76,1,17,6.3,1.4,0.7,0.3,0.2,6,0.7,5.2,871.2
35,76,1,18,6.7,1.5,0.8,0.4,0.2,6.3,0.8,5.6,922.5
36,76,1,4,1.5,0.3,0.1,0,0.3,1.5,0.3,1.4,193.9
37,76,1,8,3.1,0.5,0.3,0,0.6,3.1,0.5,2.8,387.9
42,76,1,4,1.5,0.2,0.1,0,0,1.5,0.2,1.2,177.3
44,76,1,4,1.5,0.2,0.1,0,0,1.5,0.2,1.2,177.3
45,76,1,17,6.4,1,0.3,0,0.2,6.4,0.9,5.2,753.7
49,76,1,1,0.5,0.1,0,0,0.1,0.5,0,0.4,58.9
50,76,1,2,0.9,0.2,0,0,0.1,0.9,0.1,0.8,117.9
59,76,0,32,12,3,1,0,0,12,3,12,1193
60,76,1,17.5,6.2,1,0.5,0,0.7,6.2,0.5,5.2,685.7
61,76,1,9,4,1.1,0.1,0,0.2,4,0.5,3,458.4
62,76,1,9,4,1.1,0.1,0,0.2,4,0.5,3,458.4
66,76,1,7,2.7,0.6,0.3,0.1,0.2,2.6,0.4,2,303.9
67,76,1,27,10.5,2.5,1.1,0.6,0.8,9.9,1.4,7.7,1172
68,76,0,45,12,1,4,0,1,12,2,9,1534
80,76,1,6,2.2,0.6,0.2,0,0.1,2.2,0.6,1.8,247.3
90,76,1,2,0.9,0.2,0,0,0.1,0.9,0,0.7,119.7
106,76,1,3,1.2,0.2,0.1,0.1,0.2,1.1,0.1,0.8,171.8
114,76,1,2,0.7,0.1,0.1,0,0.1,0.7,0.1,0.6,86.1
118,76,1,13,5.4,1.7,0.3,0,0.3,5.4,0.6,4.9,683.1
119,76,1,19,7.9,2.5,0.5,0,0.5,7.9,0.9,7.2,998.4
120,76,1,5,2.1,0.7,0.1,0,0.1,2.1,0.2,1.9,262.7
121,76,1,14,5.8,1.9,0.3,0,0.3,5.8,0.7,5.3,735.7
0,77,1,6,2,0.4,0.4,0,0.4,2,0.4,1.6,320.9
1,77,1,2,0.7,0.1,0.2,0,0.1,0.7,0.1,0.6,88.6
6,77,1,4,1.6,0.5,0.2,0,0.2,1.6,0,1.6,186.8
14,77,1,1,0.4,0.1,0,0,0,0.4,0,0.4,46.7
15,77,1,5,2,0.6,0.2,0,0.2,2,0,2,233.5
33,77,1,10,3.8,0.4,0.2,0,0.2,3.8,0,3.8,461.1
34,77,1,12,4.5,0.5,0.3,0,0.3,4.5,0,4.5,553.3
35,77,1,2,0.8,0.1,0,0,0,0.8,0,0.8,92.2
44,77,1,1,0.5,0.1,0,0,0,0.5,0,0.4,62.1
46,77,1,7,2.9,0.6,0.3,0,0,2.9,0.5,2.5,376.2
53,77,1,2,0.8,0.2,0.1,0,0,0.8,0.1,0.7,107.5
59,77,1,7,3.3,0.8,0,0,0.1,3.3,0.6,2.6,371.9
60,77,0,169,76,27,4,41,30,35,27,3,5726
61,77,1,21,8.8,2,0,0,0,8.8,1.4,4.7,997.2
66,77,1,8,2.8,0.3,0.3,0.3,0,2.5,0,2.5,383.5
67,77,1,2,0.7,0.1,0.1,0.1,0,0.6,0,0.6,95.9
68,77,1,15.5,5.4,0.5,0.5,0.5,0,4.9,0,4.9,743
71,77,1,6,2.7,0.6,0,0,0,2.7,0.6,1.9,358.3
72,77,1,3,1.4,0.3,0,0,0,1.4,0.3,1,179.1
74,77,1,2,0.9,0.2,0,0,0,0.9,0.2,0.6,119.4
77,77,1,4,1.5,0.4,0.2,0,0.1,1.5,0.4,1.2,164.9
94,77,1,9,4,0.9,0,0,0.5,4,0,3.1,538.8
97,77,1,5,2,0.4,0,0,0.2,2,0.2,1.8,244.4
98,77,1,2,0.8,0.1,0,0,0.1,0.8,0.1,0.7,97.8
107,77,1,4,1.5,0.3,0.1,0.1,0.3,1.4,0.1,1,229
112,77,1,2,0.9,0.3,0.1,0,0.2,0.9,0,0.7,99.2
115,77,1,5,2.2,0.7,0.1,0,0.4,2.2,0,1.8,247.9
116,77,1,9,3.3,0.5,0.4,0.3,0.1,3,0.5,2.5,397.8
117,77,1,9,3.3,0.5,0.4,0.3,0.1,3,0.5,2.5,397.8
118,77,1,14,5.2,0.7,0.6,0.5,0.1,4.7,0.7,3.8,618.8
119,77,0,28,14,6,0,0,0,14,0,11,1485
120,77,0,57,32,14,0,0,3,32,5,26,3454
121,77,0,40,14,1,0,0,2,14,2,12,1498
122,77,1,5,1.9,0.3,0.2,0,0.3,1.9,0.1,1.6,214.2
2,78,1,4,1.4,0.2,0.3,0,0.1,1.4,0.1,1.2,177.1
3,78,1,6,2.2,0.3,0.5,0,0.2,2.2,0.2,1.8,265.7
13,78,1,3,1.2,0.3,0.1,0,0.1,1.2,0,1.2,140.1
33,78,1,2,0.8,0.1,0,0,0,0.8,0,0.8,92.2
34,78,1,2,0.8,0.1,0,0,0,0.8,0,0.8,92.2
38,78,1,4,1.8,0.6,0.1,0,0.1,1.8,0.2,1.4,248.6
44,78,1,2,0.9,0.3,0,0,0,0.9,0.1,0.7,124.3
45,78,1,8,3.7,1.2,0.2,0,0.2,3.7,0.4,2.9,497.2
58,78,1,2,0.9,0.2,0,0,0,0.9,0.2,0.7,106.3
59,78,1,21,9.9,2.5,0,0,0.4,9.9,1.8,7.8,1115.6
60,78,0,64,26,7,2,3,4,23,3,17,2688
61,78,1,2,0.8,0.2,0,0,0,0.8,0.1,0.5,95
84,78,1,3,1.1,0.3,0.1,0,0,1.1,0.3,0.9,123.6
90,78,1,1,0.4,0.1,0,0,0.1,0.4,0,0.3,59.9
96,78,1,3,1.2,0.2,0,0,0.1,1.2,0.1,1.1,146.7
101,78,1,1,0.4,0.1,0,0,0,0.4,0,0.4,48.9
109,78,1,2,0.8,0.1,0.1,0.1,0.1,0.7,0.1,0.5,114.5
115,78,1,4,1.8,0.6,0.1,0,0.4,1.8,0,1.4,198.3
116,78,1,22,8.1,1.2,0.9,0.7,0.2,7.4,1.2,6,972.4
117,78,0,20,11,4,0,0,0,11,1,8,1228
118,78,0,20,14,9,0,3,1,11,1,9,1679
119,78,0,78,36,13,2,7,3,29,7,21,4720.6
120,78,0,37.5,19,7,0,1,4,18,1,16,2194
121,78,1,21,7.9,1.2,0.7,0.2,1.2,7.7,0.6,6.6,899.6
122,78,1,31,11.7,1.8,1.1,0.2,1.8,11.5,0.9,9.7,1327.9
123,78,1,36,13.5,2,1.3,0.2,2,13.3,1,11.2,1542.1
124,78,1,8,3,0.5,0.3,0.1,0.5,2.9,0.2,2.5,342.7
125,78,1,6,2.3,0.3,0.2,0.1,0.3,2.2,0.2,1.9,257
7,79,1,4,1.6,0.5,0.2,0,0.2,1.6,0,1.6,186.8
10,79,1,3,1.2,0.3,0.1,0,0.1,1.2,0,1.2,140.1
11,79,1,3,1.2,0.3,0.1,0,0.1,1.2,0,1.2,140.1
13,79,1,1,0.4,0.1,0,0,0,0.4,0,0.4,46.7
14,79,1,1,0.4,0.1,0,0,0,0.4,0,0.4,46.7
18,79,1,7,3.1,0.9,0.2,0.5,0.2,2.6,0.4,2.2,422.8
24,79,1,2,0.9,0.3,0.1,0.2,0.1,0.7,0.1,0.6,120.8
27,79,1,5,1.9,0.2,0.1,0,0.1,1.9,0,1.9,230.6
42,79,1,1,0.5,0.1,0,0,0,0.5,0,0.4,62.1
45,79,1,6,2.7,0.9,0.1,0,0.1,2.7,0.3,2.2,372.9
49,79,1,2,0.8,0.2,0.1,0,0,0.8,0.1,0.7,107.5
59,79,1,9,4.2,1.1,0,0,0.2,4.2,0.8,3.3,478.1
60,79,1,7,3.3,0.8,0,0,0.1,3.3,0.6,2.6,371.9
61,79,1,3,1.3,0.3,0,0,0,1.3,0.2,0.7,142.5
62,79,1,4,1.7,0.4,0,0,0,1.7,0.3,0.9,189.9
68,79,1,1,0.3,0,0,0,0,0.3,0,0.3,47.9
72,79,1,3,1.4,0.3,0,0,0,1.4,0.3,1,179.1
75,79,1,2,0.9,0.2,0,0,0,0.9,0.2,0.6,119.4
80,79,1,7,2.6,0.6,0.3,0,0.1,2.6,0.7,2.1,288.5
82,79,1,6,2.2,0.6,0.2,0,0.1,2.2,0.6,1.8,247.3
93,79,1,2,0.9,0.2,0,0,0.1,0.9,0,0.7,119.7
99,79,1,2,0.8,0.1,0,0,0.1,0.8,0.1,0.7,97.8
105,79,1,3,1.2,0.2,0,0,0.1,1.2,0.1,1.1,146.7
114,79,1,1,0.4,0.1,0,0,0.1,0.4,0,0.4,49.6
115,79,0,33.5,15,8,1,0,1,15,1,11,1457
116,79,1,15,5.5,0.8,0.6,0.5,0.2,5,0.8,4.1,663
117,79,1,22,8.1,1.2,0.9,0.7,0.2,7.4,1.2,6,972.4
118,79,0,27,12,5,1,4,2,8,4,6,1442
119,79,0,80,49,28,1,12,7,37,13,25,6113
120,79,0,21,13,8,0,0,0,13,3,8,1562
121,79,1,16,6,0.9,0.6,0.1,0.9,5.9,0.5,5,685.4
122,79,1,2,0.8,0.1,0.1,0,0.1,0.8,0.1,0.6,85.7
124,79,1,2,0.8,0.1,0.1,0,0.1,0.8,0.1,0.6,85.7
127,79,1,2,1,0.4,0,0,0.1,1,0.1,0.9,115.6
0,80,1,4,1.3,0.3,0.3,0,0.3,1.3,0.3,1,213.9
5,80,1,4,1.4,0.2,0.3,0,0.1,1.4,0.1,1.2,177.1
35,80,1,4,1.5,0.2,0.1,0,0.1,1.5,0,1.5,184.4
39,80,1,3,1.4,0.4,0.1,0,0.1,1.4,0.1,1.1,186.4
42,80,1,2,0.9,0.3,0,0,0,0.9,0.1,0.7,124.3
43,80,1,7.5,3.4,1.1,0.2,0,0.2,3.4,0.4,2.7,466.1
57,80,1,2,0.9,0.2,0,0,0,0.9,0.2,0.7,106.3
58,80,1,4.5,2.1,0.5,0,0,0.1,2.1,0.4,1.7,239.1
59,80,1,2,0.9,0.2,0,0,0,0.9,0.2,0.7,106.3
61,80,1,1,0.4,0.1,0,0,0,0.4,0.1,0.2,47.5
67,80,1,3,1,0.1,0.1,0.1,0,0.9,0,1,143.8
73,80,1,3,1.4,0.3,0,0,0,1.4,0.3,1,179.1
85,80,1,7,2.6,0.6,0.3,0,0.1,2.6,0.7,2.1,288.5
104,80,1,2,0.8,0.1,0,0,0.1,0.8,0.1,0.7,97.8
105,80,1,2,0.8,0.1,0,0,0.1,0.8,0.1,0.7,97.8
114,80,1,6,2.7,0.9,0.2,0,0.5,2.7,0,2.1,297.5
115,80,1,9.5,4.3,1.4,0.3,0,0.9,4.3,0,3.4,471
119,80,1,2,0.7,0.1,0.1,0,0,0.7,0.1,0.5,88.4
120,80,0,49.5,22,5,1,7,7,15,4,10,2254
121,80,0,39.5,19,7,0,2,6,17,6,11,1629
127,80,1,10,4.9,1.8,0.2,0,0.6,4.9,0.3,4.6,578.1
17,81,1,3,1.3,0.4,0.1,0.2,0.1,1.1,0.2,0.9,181.2
34,81,1,4,1.5,0.2,0.1,0,0.1,1.5,0,1.5,184.4
35,81,1,2,0.8,0.1,0,0,0,0.8,0,0.8,92.2
37,81,1,3,1.4,0.4,0.1,0,0.1,1.4,0.1,1.1,186.4
40,81,1,2,0.9,0.3,0,0,0,0.9,0.1,0.7,124.3
43,81,1,2,0.9,0.3,0,0,0,0.9,0.1,0.7,124.3
46,81,1,1,0.4,0.1,0,0,0,0.4,0.1,0.4,53.7
54,81,1,1,0.4,0.1,0,0,0,0.4,0.1,0.4,53.7
55,81,1,2,0.8,0.2,0.1,0,0,0.8,0.1,0.7,107.5
56,81,1,1,0.5,0.1,0,0,0,0.5,0.1,0.4,53.1
59,81,1,4,1.9,0.5,0,0,0.1,1.9,0.3,1.5,212.5
66,81,1,2,0.7,0.1,0.1,0.1,0,0.6,0,0.6,95.9
79,81,1,2,0.7,0.2,0.1,0,0,0.7,0.2,0.6,82.4
89,81,1,3,1.3,0.3,0,0,0.2,1.3,0,1,179.6
93,81,1,3,1.3,0.3,0,0,0.2,1.3,0,1,179.6
104,81,1,4,1.6,0.3,0,0,0.1,1.6,0.1,1.4,195.5
107,81,1,11,4.3,0.7,0.4,0.4,0.7,3.9,0.4,2.8,629.8
110,81,1,6,2.3,0.4,0.2,0.2,0.4,2.1,0.2,1.5,343.5
111,81,1,2,0.9,0.3,0.1,0,0.2,0.9,0,0.7,99.2
114,81,1,4,1.8,0.6,0.1,0,0.4,1.8,0,1.4,198.3
119,81,1,2,0.7,0.1,0.1,0,0,0.7,0.1,0.5,88.4
120,81,0,56,25,5,0,3,5,22,6,17,2596
121,81,1,12,4.5,0.7,0.4,0.1,0.7,4.4,0.3,3.7,514
122,81,1,2,0.8,0.1,0.1,0,0.1,0.8,0.1,0.6,85.7
127,81,1,10,4.9,1.8,0.2,0,0.6,4.9,0.3,4.6,578.1
3,82,1,5,1.5,0,0.2,0,0.1,1.5,0.1,1.4,289.8
8,82,1,1,0.4,0.1,0,0,0.1,0.4,0.1,0.2,67.7
10,82,1,6,2.4,0.8,0.2,0,0.3,2.4,0.6,1.3,406.5
13,82,1,1,0.4,0.1,0,0,0.1,0.4,0.1,0.2,67.7
21,82,1,1,0.4,0.1,0,0,0,0.4,0.1,0.4,47.8
23,82,1,2,0.8,0.2,0,0,0,0.8,0.1,0.8,95.5
28,82,1,2,0.8,0.1,0,0,0,0.8,0,0.7,91.6
33,82,1,3,1.1,0.2,0.1,0,0.1,1.1,0.2,0.9,140.7
34,82,1,23,8.6,1.5,0.7,0,0.9,8.6,1.2,7.1,1078.5
35,82,1,9,3.4,0.6,0.3,0,0.3,3.4,0.5,2.8,422
43,82,1,2,0.8,0.1,0,0.1,0,0.7,0.1,0.6,98.7
58,82,1,1,0.4,0.1,0,0,0,0.4,0.1,0.4,55.8
60,82,1,4,1.6,0.4,0,0,0,1.6,0.3,1.5,223.2
66,82,1,4,1.7,0.4,0.1,0,0.1,1.7,0.2,1.4,190.9
67,82,1,17,7.3,1.7,0.5,0.2,0.6,7.1,0.9,6.1,811.1
70,82,1,1,0.4,0.1,0,0,0,0.4,0.1,0.4,47.7
72,82,1,4,1.4,0.1,0.2,0,0,1.4,0.1,1.3,163.4
73,82,1,2,0.7,0.1,0.1,0,0,0.7,0,0.6,81.7
76,82,1,3,1.3,0.4,0.1,0,0.2,1.3,0.4,0.7,150.6
82,82,1,3,1,0.1,0.2,0.1,0.1,0.9,0.2,0.9,129.3
89,82,1,4,1.8,0.4,0,0,0.2,1.8,0.1,1.2,231.9
95,82,1,2,1.2,0.6,0,0,0.2,1.2,0.2,0.6,163.2
120,82,1,10,4.6,1.2,0.4,0.8,1.2,3.8,0.8,2.7,567.3
2,83,1,2,0.6,0,0.1,0,0,0.6,0,0.6,115.9
20,83,1,1,0.4,0.1,0,0,0,0.4,0.1,0.4,47.8
23,83,1,1,0.4,0.1,0,0,0,0.4,0.1,0.4,47.8
27,83,1,3,1.1,0.1,0.1,0,0.1,1.1,0.1,1,137.4
30,83,1,10,3.8,0.5,0.2,0,0.2,3.8,0.2,3.4,457.9
31,83,1,2,0.7,0.1,0.1,0,0.1,0.7,0.1,0.6,93.8
32,83,1,34,12.7,2.1,1.1,0,1.3,12.7,1.7,10.5,1594.2
33,83,0,30,11,4,0,0,0,11,1,10,1228
34,83,1,10,3.7,0.6,0.3,0,0.4,3.7,0.5,3.1,468.9
40,83,1,7,2.8,0,0,0,0,2.8,0,2.5,423
46,83,1,4,1.4,0.4,0.3,0,0,1.4,0.1,1,185.5
52,83,1,1,0.4,0.1,0.1,0,0,0.4,0,0.2,46.4
60,83,1,2,0.8,0.2,0,0,0,0.8,0.2,0.8,111.6
62,83,1,5,1.9,0.4,0.1,0.1,0.3,1.8,0.1,1.5,238
65,83,1,11,4.2,0.9,0.3,0.1,0.6,4.1,0.3,3.3,523.6
66,83,1,15,6.4,1.5,0.4,0.1,0.5,6.3,0.8,5.4,715.7
67,83,0,27,11,3,1,2,2,9,1,6,1178
68,83,1,10,4.3,1,0.3,0.1,0.4,4.2,0.5,3.6,477.1
71,83,1,5,1.8,0.2,0.3,0,0,1.8,0.1,1.6,204.2
72,83,0,53,17,1,3,2,2,15,2,13,1868
73,83,0,43,19,5,0,0,0,19,2,17,2082
74,83,1,7,2.5,0.3,0.4,0,0.1,2.5,0.1,2.2,285.9
76,83,1,1,0.4,0.1,0,0,0.1,0.4,0.1,0.2,50.2
89,83,1,3,1.4,0.3,0,0,0.1,1.4,0.1,0.9,173.9
99,83,1,2,0.7,0.2,0.1,0,0,0.7,0,0.5,92.7
106,83,1,1,0.5,0.2,0,0,0,0.5,0.2,0.4,72.1
115,83,1,2,1,0.4,0,0,0.1,1,0.3,0.8,144.2
118,83,1,1,0.5,0.1,0,0.1,0.1,0.4,0.1,0.3,56.7
123,83,1,3,1.4,0.4,0.1,0.2,0.3,1.2,0.2,1.1,147.7
124,83,1,12,5.5,1.6,0.3,0.6,1.3,4.9,0.6,4.2,590.9
127,83,1,4,2,0.8,0,0.2,0.2,1.8,0.3,1.2,245.6
3,84,1,5,1.5,0,0.2,0,0.1,1.5,0.1,1.4,289.8
10,84,1,3,1.2,0.4,0.1,0,0.2,1.2,0.3,0.7,203.2
14,84,1,3,1.2,0.4,0.1,0,0.2,1.2,0.3,0.7,203.2
28,84,1,6,2.3,0.3,0.1,0,0.1,2.3,0.1,2.1,274.8
30,84,1,16,6.1,0.7,0.4,0,0.4,6.1,0.4,5.5,732.7
31,84,1,11,4.1,0.7,0.3,0,0.4,4.1,0.6,3.4,515.8
32,84,0,43,17,2,1,0,3,17,1,16,2184
33,84,1,16.5,6.1,1,0.5,0,0.6,6.1,0.8,5.1,773.7
36,84,1,3,1.2,0,0,0,0,1.2,0,1.1,181.3
37,84,1,3,1.2,0,0,0,0,1.2,0,1.1,181.3
38,84,1,11,4.3,0,0,0,0,4.3,0,3.9,664.7
40,84,1,2,0.8,0,0,0,0,0.8,0,0.7,120.9
41,84,1,5,2,0.2,0,0.1,0,1.9,0.2,1.6,246.7
43,84,1,3,1.2,0.1,0,0.1,0,1.1,0.1,1,148
49,84,1,4,1.4,0.4,0.3,0,0,1.4,0.1,1,185.5
52,84,1,3,1.1,0.3,0.2,0,0,1.1,0.1,0.7,139.1
59,84,1,2,0.8,0.2,0,0,0,0.8,0.2,0.8,111.6
60,84,1,4,1.6,0.4,0,0,0,1.6,0.3,1.5,223.2
61,84,1,5,1.9,0.4,0.1,0.1,0.3,1.8,0.1,1.5,238
62,84,0,30,11,1,1,0,3,11,1,9,1310
64,84,1,8,3.1,0.7,0.2,0.1,0.4,3,0.2,2.4,380.8
65,84,1,24.5,9.5,2,0.7,0.4,1.4,9.1,0.7,7.4,1166.2
68,84,1,8,3.4,0.8,0.2,0.1,0.3,3.3,0.4,2.9,381.7
69,84,1,1,0.4,0.1,0,0,0,0.4,0.1,0.4,47.7
71,84,1,28,9.8,1,1.4,0,0.2,9.8,0.4,8.8,1143.6
72,84,0,30.5,12,2,1,1,1,11,3,7,1258
73,84,1,16,5.6,0.6,0.8,0,0.1,5.6,0.2,5,653.5
74,84,1,32,11.3,1.2,1.6,0,0.2,11.3,0.5,10.1,1307
75,84,1,5,1.8,0.2,0.3,0,0,1.8,0.1,1.6,204.2
83,84,1,7,2.3,0.1,0.4,0.1,0.3,2.2,0.4,2,301.7
85,84,1,7,2.3,0.1,0.4,0.1,0.3,2.2,0.4,2,301.7
86,84,1,12,5.5,1.2,0,0,0.5,5.5,0.2,3.8,695.8
87,84,1,2,0.9,0.2,0,0,0.1,0.9,0,0.6,116
117,84,1,5,2.3,0.6,0.2,0.4,0.6,1.9,0.4,1.3,283.7
123,84,1,5,2.3,0.7,0.1,0.3,0.5,2,0.3,1.8,246.2
125,84,1,17,7.8,2.3,0.5,0.9,1.8,6.9,0.9,6,837.1
127,84,1,1,0.5,0.2,0,0,0,0.5,0.1,0.3,61.4
14,85,1,1,0.4,0.1,0,0,0.1,0.4,0.1,0.2,67.7
16,85,1,3,1.3,0.3,0,0,0,1.3,0.2,1.1,143.3
26,85,1,3,1.1,0.1,0.1,0,0.1,1.1,0.1,1,137.4
29,85,1,4,1.5,0.2,0.1,0,0.1,1.5,0.1,1.4,183.2
30,85,1,9,3.4,0.4,0.2,0,0.2,3.4,0.2,3.1,412.1
31,85,1,25.5,9.5,1.6,0.8,0,1,9.5,1.3,7.9,1195.7
32,85,0,19,11,5,0,0,2,11,4,7,976
33,85,1,6,2.2,0.4,0.2,0,0.2,2.2,0.3,1.9,281.3
34,85,1,5,1.9,0.3,0.2,0,0.2,1.9,0.3,1.5,234.4
38,85,1,2,0.8,0,0,0,0,0.8,0,0.7,120.9
43,85,1,2,0.8,0.1,0,0.1,0,0.7,0.1,0.6,98.7
44,85,1,2,0.8,0.1,0,0.1,0,0.7,0.1,0.6,98.7
47,85,1,2,0.7,0.2,0.2,0,0,0.7,0.1,0.5,92.8
51,85,1,3,1.1,0.3,0.2,0,0,1.1,0.1,0.7,139.1
58,85,1,2,0.8,0.2,0,0,0,0.8,0.2,0.8,111.6
59,85,1,7,2.8,0.7,0,0,0,2.8,0.6,2.7,390.5
61,85,1,3,1.2,0.2,0.1,0.1,0.2,1.1,0.1,0.9,142.8
62,85,1,3,1.2,0.2,0.1,0.1,0.2,1.1,0.1,0.9,142.8
65,85,1,7,2.7,0.6,0.2,0.1,0.4,2.6,0.2,2.1,333.2
68,85,1,26,11.1,2.6,0.7,0.2,0.9,10.9,1.4,9.3,1240.6
69,85,1,7,3,0.7,0.2,0.1,0.2,2.9,0.4,2.5,334
70,85,1,6,2.6,0.6,0.2,0.1,0.2,2.5,0.3,2.1,286.3
71,85,0,43,17,3,1,0,1,17,0,13,1720
72,85,0,45,16,0,1,0,2,16,1,13,1759
73,85,1,10.5,3.7,0.4,0.5,0,0.1,3.7,0.2,3.3,428.8
74,85,1,6,2.1,0.2,0.3,0,0,2.1,0.1,1.9,245.1
75,85,1,8,2.8,0.3,0.4,0,0.1,2.8,0.1,2.5,326.7
80,85,1,2,0.8,0.3,0.1,0,0.1,0.8,0.3,0.5,100.4
82,85,1,6,2,0.1,0.4,0.1,0.2,1.9,0.4,1.8,258.6
83,85,0,31,13,3,0,0,0,13,3,11,1395
84,85,1,10,3.3,0.2,0.6,0.2,0.4,3.1,0.6,2.9,431
85,85,1,5,1.7,0.1,0.3,0.1,0.2,1.6,0.3,1.5,215.5
86,85,1,17,7.8,1.8,0,0,0.7,7.8,0.4,5.3,985.6
87,85,1,1,0.5,0.1,0,0,0,0.5,0,0.3,58
88,85,1,3,1.4,0.3,0,0,0.1,1.4,0.1,0.9,173.9
91,85,1,1,0.6,0.3,0,0,0.1,0.6,0.1,0.3,81.6
97,85,1,3,1.1,0.3,0.2,0,0.1,1.1,0.1,0.8,139.1
100,85,1,2,0.7,0.2,0.1,0,0,0.7,0,0.5,92.7
102,85,1,5,1.8,0.5,0.3,0,0.1,1.8,0.1,1.4,231.8
118,85,1,1,0.5,0.1,0,0.1,0.1,0.4,0.1,0.3,56.7
119,85,1,1,0.5,0.1,0,0.1,0.1,0.4,0.1,0.3,56.7
120,85,1,8,3.7,0.9,0.3,0.6,0.9,3.1,0.6,2.2,453.8
126,85,1,3,1.5,0.6,0,0.1,0.1,1.4,0.2,0.9,184.2
0,86,1,5,2.1,0.4,0,0,0.2,2.1,0.4,1.9,309.4
5,86,1,8,2.5,0,0.4,0,0.2,2.5,0.2,2.3,463.6
6,86,1,2,0.8,0.3,0.1,0,0.1,0.8,0.2,0.4,135.5
8,86,1,2,0.8,0.3,0.1,0,0.1,0.8,0.2,0.4,135.5
15,86,1,1,0.4,0.1,0,0,0.1,0.4,0.1,0.2,67.7
17,86,1,2,0.8,0.2,0,0,0,0.8,0.1,0.8,95.5
22,86,1,2,0.8,0.2,0,0,0,0.8,0.1,0.8,95.5
26,86,1,3,1.1,0.1,0.1,0,0.1,1.1,0.1,1,137.4
29,86,1,18,6.8,0.8,0.4,0,0.4,6.8,0.4,6.2,824.3
30,86,1,13,4.9,0.6,0.3,0,0.3,4.9,0.3,4.5,595.3
31,86,1,6,2.2,0.4,0.2,0,0.2,2.2,0.3,1.9,281.3
34,86,1,5,1.9,0.3,0.2,0,0.2,1.9,0.3,1.5,234.4
35,86,1,2.5,0.9,0.2,0.1,0,0.1,0.9,0.1,0.8,117.2
41,86,1,2,0.8,0.1,0,0.1,0,0.7,0.1,0.6,98.7
48,86,1,1,0.4,0.1,0.1,0,0,0.4,0,0.2,46.4
55,86,1,1,0.4,0.1,0.1,0,0,0.4,0,0.2,46.4
57,86,1,2,0.8,0.2,0,0,0,0.8,0.2,0.8,111.6
58,86,1,6,2.4,0.6,0,0,0,2.4,0.5,2.3,334.8
59,86,1,11.5,4.6,1.1,0,0,0,4.6,0.9,4.4,641.6
60,86,1,8,3.2,0.8,0,0,0,3.2,0.6,3.1,446.3
62,86,1,6,2.3,0.5,0.2,0.1,0.3,2.2,0.2,1.8,285.6
67,86,1,2,0.9,0.2,0.1,0,0.1,0.9,0.1,0.7,95.4
68,86,1,9,3.9,0.9,0.2,0.1,0.3,3.8,0.5,3.2,429.4
69,86,1,6,2.6,0.6,0.2,0.1,0.2,2.5,0.3,2.1,286.3
70,86,0,37,14,2,0,0,2,14,0,14,1538
71,86,0,49,15,0,2,0,1,15,1,14,1736
72,86,0,31,12,2,0,0,3,12,2,11,1121
73,86,0,48,16,0,2,0,5,16,3,5,1571
74,86,1,13,4.6,0.5,0.7,0,0.1,4.6,0.2,4.1,531
76,86,1,3,1.3,0.4,0.1,0,0.2,1.3,0.4,0.7,150.6
82,86,1,6,2,0.1,0.4,0.1,0.2,1.9,0.4,1.8,258.6
83,86,1,2,0.7,0,0.1,0.1,0.1,0.6,0.1,0.6,86.2
85,86,1,2,0.7,0,0.1,0.1,0.1,0.6,0.1,0.6,86.2
86,86,1,3,1.4,0.3,0,0,0.1,1.4,0.1,0.9,173.9
87,86,1,3,1.4,0.3,0,0,0.1,1.4,0.1,0.9,173.9
95,86,1,2,1.2,0.6,0,0,0.2,1.2,0.2,0.6,163.2
97,86,1,1,0.4,0.1,0.1,0,0,0.4,0,0.3,46.4
108,86,1,2,1,0.4,0,0,0.1,1,0.3,0.8,144.2
112,86,1,1,0.5,0.2,0,0,0,0.5,0.2,0.4,72.1
0,87,1,4,1.2,0,0.2,0,0.1,1.2,0.1,1.1,231.8
4,87,1,2,0.7,0.1,0,0,0.1,0.7,0.1,0.7,102.5
6,87,1,6,2.4,0.8,0.2,0,0.3,2.4,0.6,1.3,406.5
7,87,1,4,1.6,0.5,0.1,0,0.2,1.6,0.4,0.9,271
21,87,1,3,1.3,0.3,0,0,0,1.3,0.2,1.1,143.3
27,87,1,4,1.6,0.3,0.1,0,0.1,1.6,0.1,1.3,200.6
28,87,1,2,0.8,0.1,0.1,0,0.1,0.8,0.1,0.7,100.3
29,87,1,11,4.3,0.8,0.4,0,0.4,4.3,0.4,3.7,551.6
30,87,1,10,3.9,0.7,0.4,0,0.4,3.9,0.4,3.3,501.5
45,87,1,4,1.6,0.2,0,0.1,0,1.5,0.2,1.3,197.4
61,87,1,6,2.4,0.6,0,0,0,2.4,0.5,2.3,334.8
68,87,0,25,11,1,0,0,1,11,0,10,1478
70,87,1,9,3.3,0.3,0.3,0,0.4,3.3,0.4,2.7,397.5
71,87,0,58,20,7,3,2,1,18,4,14,2467
72,87,0,70.5,28,9,3,2,3,26,3,22,2663
73,87,1,28,10.1,1.5,0.4,0,1.1,10.1,0.7,7.8,1333.9
74,87,1,11,4,0.6,0.1,0,0.4,4,0.3,3.1,524
75,87,1,1,0.4,0.1,0,0,0,0.4,0,0.3,47.6
82,87,1,7,2.9,0.9,0.2,0,0.4,2.9,0.9,1.7,351.5
84,87,1,5,2.1,0.7,0.1,0,0.3,2.1,0.7,1.2,251.1
90,87,1,1,0.6,0.3,0,0,0.1,0.6,0.1,0.3,81.6
97,87,1,3,1.1,0.3,0.2,0,0.1,1.1,0.1,0.8,139.1
109,87,1,1,0.5,0.2,0,0,0,0.5,0.2,0.4,72.1
112,87,1,2,1,0.4,0,0,0.1,1,0.3,0.8,144.2
116,87,1,10,4.6,1.8,0,0.4,0.4,4.2,1.1,3.2,556.1
117,87,1,1,0.5,0.2,0,0.1,0,0.4,0.1,0.3,55.6
127,87,1,7,2.7,0.4,0.3,0.1,0.1,2.6,0.2,1.8,316.2
4,88,1,19,6.7,0.5,0,0,0.5,6.7,0.5,6.7,974.1
5,88,1,8,2.8,0.2,0,0,0.2,2.8,0.2,2.8,410.2
8,88,1,2,0.8,0.3,0.1,0,0.1,0.8,0.2,0.4,135.5
9,88,1,4,1.6,0.5,0.1,0,0.2,1.6,0.4,0.9,271
11,88,1,9,3.4,1,0.5,0,0.5,3.4,0.2,2.9,393.4
12,88,1,6,2.2,0.6,0.3,0,0.3,2.2,0.2,1.9,262.2
16,88,1,2,0.8,0.2,0,0,0,0.8,0.1,0.8,95.5
22,88,1,4,1.7,0.3,0.1,0,0.1,1.7,0.2,1.5,191
29,88,1,5,1.9,0.4,0.2,0,0.2,1.9,0.2,1.7,250.7
34,88,1,3,1.2,0.2,0.1,0,0.1,1.2,0.1,1,150.4
44,88,1,4,1.6,0.2,0,0.1,0,1.5,0.2,1.3,197.4
46,88,1,8,2.8,0.9,0.6,0,0,2.8,0.2,1.9,371
51,88,1,4,2.2,0.9,0,0.2,0.4,2,0.3,1.8,316.1
58,88,1,1,0.4,0.1,0,0,0,0.4,0.1,0.4,55.8
67,88,1,10,3.7,0.3,0.3,0,0.4,3.7,0.4,3,441.7
70,88,1,4,1.5,0.1,0.1,0,0.2,1.5,0.2,1.2,176.7
71,88,1,1,0.4,0.1,0,0,0,0.4,0,0.3,47.6
73,88,1,21,7.6,1.1,0.3,0,0.8,7.6,0.6,5.9,1000.4
89,88,1,3,1.8,0.9,0,0,0.2,1.8,0.4,0.9,244.9
91,88,1,1,0.6,0.3,0,0,0.1,0.6,0.1,0.3,81.6
96,88,1,14,5.1,1.5,0.8,0,0.3,5.1,0.3,3.8,649.1
97,88,1,11,4,1.2,0.6,0,0.2,4,0.2,3,510
98,88,1,12,4.4,1.3,0.7,0,0.2,4.4,0.2,3.3,556.4
110,88,1,1,0.5,0.2,0,0,0,0.5,0.2,0.4,72.1
3,89,1,4,1.4,0.1,0,0,0.1,1.4,0.1,1.4,205.1
4,89,1,4,1.4,0.1,0,0,0.1,1.4,0.1,1.4,205.1
9,89,1,6,2.4,0.8,0.2,0,0.3,2.4,0.6,1.3,406.5
11,89,1,7.5,2.8,0.8,0.4,0,0.4,2.8,0.2,2.4,327.8
12,89,1,5,1.9,0.5,0.3,0,0.3,1.9,0.1,1.6,218.5
14,89,1,2,0.7,0.2,0.1,0,0.1,0.7,0.1,0.6,87.4
35,89,1,1,0.4,0.1,0,0,0,0.4,0,0.3,50.1
50,89,1,5,1.8,0.5,0.4,0,0,1.8,0.1,1.2,231.9
58,89,1,2,0.8,0.2,0,0,0,0.8,0.2,0.8,111.6
66,89,1,5,1.8,0.2,0.2,0,0.2,1.8,0.2,1.5,220.8
67,89,1,13,4.8,0.4,0.4,0,0.5,4.8,0.5,3.9,574.2
73,89,1,4,1.4,0.2,0.1,0,0.2,1.4,0.1,1.1,190.6
88,89,1,4,2.3,1.2,0,0,0.3,2.3,0.5,1.2,326.5
99,89,1,2,0.7,0.2,0.1,0,0,0.7,0,0.5,92.7
103,89,1,5,1.6,0.1,0.1,0,0.1,1.6,0,1.2,213.7
104,89,1,3,1,0.1,0.1,0,0.1,1,0,0.7,128.2
108,89,1,4,2.1,0.8,0,0,0.2,2.1,0.6,1.6,288.3
109,89,1,4,2.1,0.8,0,0,0.2,2.1,0.6,1.6,288.3
122,89,1,2,0.9,0.4,0,0.1,0.1,0.8,0.2,0.6,111.2
124,89,1,5,2.3,0.9,0,0.2,0.2,2.1,0.5,1.6,278.1
127,89,1,6,2.3,0.4,0.3,0.1,0.1,2.2,0.2,1.5,271
0,90,1,4,1.2,0,0.2,0,0.1,1.2,0.1,1.1,231.8
6,90,1,2,0.8,0.3,0.1,0,0.1,0.8,0.2,0.4,135.5
10,90,1,6,2.4,0.8,0.2,0,0.3,2.4,0.6,1.3,406.5
11,90,1,1,0.4,0.1,0.1,0,0.1,0.4,0,0.3,43.7
23,90,1,2,0.8,0.2,0,0,0,0.8,0.1,0.8,95.5
24,90,1,22,9.2,1.9,0.3,0,0.3,9.2,1.3,8.3,1050.6
25,90,1,1,0.4,0.1,0,0,0,0.4,0.1,0.4,47.8
26,90,1,10,3.9,0.7,0.4,0,0.4,3.9,0.4,3.3,501.5
27,90,1,2,0.8,0.1,0.1,0,0.1,0.8,0.1,0.7,100.3
28,90,1,1,0.4,0.1,0,0,0,0.4,0,0.3,50.1
37,90,1,9,3.5,0.4,0,0.2,0,3.3,0.4,2.9,444.1
52,90,1,14,7.8,3.2,0,0.9,1.4,6.9,0.9,6.4,1106.3
54,90,1,1,0.6,0.2,0,0.1,0.1,0.5,0.1,0.5,79
67,90,1,4,1.5,0.1,0.1,0,0.2,1.5,0.2,1.2,176.7
68,90,1,3,1.1,0.1,0.1,0,0.1,1.1,0.1,0.9,132.5
69,90,1,1,0.4,0,0,0,0,0.4,0,0.3,44.2
72,90,1,4,1.4,0.2,0.1,0,0.2,1.4,0.1,1.1,190.6
76,90,1,4,1.7,0.5,0.1,0,0.2,1.7,0.5,0.9,200.8
86,90,1,1,0.6,0.3,0,0,0.1,0.6,0.1,0.3,81.6
104,90,1,21,6.8,0.6,0.6,0,0.6,6.8,0,4.9,897.4
111,90,1,2,1,0.4,0,0,0.1,1,0.3,0.8,144.2
119,90,1,3,1.4,0.5,0,0.1,0.1,1.3,0.3,0.9,166.8
123,90,1,5.5,2.5,1,0,0.2,0.2,2.3,0.6,1.7,305.9
6,91,1,9,3.7,1.2,0.3,0,0.5,3.7,0.9,2,609.7
12,91,1,1,0.4,0.1,0.1,0,0.1,0.4,0,0.3,43.7
15,91,1,6,2.2,0.6,0.3,0,0.3,2.2,0.2,1.9,262.2
18,91,1,2,0.8,0.2,0,0,0,0.8,0.1,0.8,95.5
21,91,1,4,1.7,0.3,0.1,0,0.1,1.7,0.2,1.5,191
22,91,0,45,17,4,2,0,4,17,2,11,2089
23,91,1,4,1.7,0.3,0.1,0,0.1,1.7,0.2,1.5,191
24,91,1,11,4.6,1,0.2,0,0.2,4.6,0.6,4.1,525.3
25,91,1,2,0.8,0.2,0,0,0,0.8,0.1,0.8,95.5
26,91,1,1,0.4,0.1,0,0,0,0.4,0,0.3,50.1
35,91,1,4,1.6,0.3,0.1,0,0.1,1.6,0.1,1.3,200.6
36,91,1,6,2.3,0.3,0,0.1,0,2.2,0.3,1.9,296
39,91,1,1,0.4,0,0,0,0,0.4,0,0.3,49.3
42,91,1,1,0.4,0,0,0,0,0.4,0,0.3,49.3
46,91,1,5,1.8,0.5,0.4,0,0,1.8,0.1,1.2,231.9
51,91,1,11.5,6.4,2.6,0,0.7,1.1,5.7,0.8,5.3,908.7
52,91,0,27,12,3,1,1,1,11,3,8,1098
62,91,1,4,1.6,0.4,0,0,0,1.6,0.3,1.5,223.2
67,91,1,31.5,11.5,1,1,0,1.3,11.5,1.3,9.6,1391.3
68,91,1,15,5.5,0.5,0.5,0,0.6,5.5,0.6,4.6,662.5
72,91,1,5,1.8,0.3,0.1,0,0.2,1.8,0.1,1.4,238.2
76,91,1,11,4.6,1.4,0.3,0,0.6,4.6,1.4,2.6,552.3
83,91,1,2,0.8,0.3,0.1,0,0.1,0.8,0.3,0.5,100.4
90,91,1,4,2.3,1.2,0,0,0.3,2.3,0.5,1.2,326.5
91,91,1,5,2.9,1.5,0,0,0.4,2.9,0.6,1.5,408.1
102,91,0,27,12,5,2,1,0,11,3,8,1581
103,91,1,5,1.6,0.1,0.1,0,0.1,1.6,0,1.2,213.7
108,91,1,2,1,0.4,0,0,0.1,1,0.3,0.8,144.2
111,91,1,2,1,0.4,0,0,0.1,1,0.3,0.8,144.2
115,91,1,1,0.5,0.2,0,0,0,0.5,0.2,0.4,72.1
122,91,1,2,0.9,0.4,0,0.1,0.1,0.8,0.2,0.6,111.2
127,91,1,4,1.5,0.2,0.2,0.1,0.1,1.4,0.1,1,180.7
7,92,1,2,0.8,0.1,0,0,0,0.8,0.2,0.7,89.9
13,92,1,7,2.9,0.4,0,0,0,2.9,0.6,2.5,314.5
18,92,1,2,1,0.3,0,0,0.1,1,0.1,0.7,131
19,92,1,4,2,0.6,0,0,0.2,2,0.3,1.3,262
21,92,1,2,0.8,0.2,0.1,0,0.1,0.8,0.1,0.7,106.9
22,92,0,81.5,35,11,1,7,4,28,11,25,4117
23,92,0,42,17,6,2,1,1,16,2,16,2005
25,92,1,1,0.4,0.1,0,0,0,0.4,0.1,0.4,53.4
35,92,1,11,4.3,0.6,0,0.3,0,4,0.3,3.7,527.7
36,92,1,4,1.5,0.3,0,0,0,1.5,0,1.4,217.3
37,92,1,4,1.5,0.3,0,0,0,1.5,0,1.4,217.3
38,92,1,1,0.4,0.1,0,0,0,0.4,0,0.4,54.3
40,92,1,4,1.5,0.3,0,0,0,1.5,0,1.4,217.3
43,92,1,7,3,0.7,0.1,0.3,0,2.7,0.3,2.1,399
50,92,1,7,3,0.6,0.2,0,0,3,0,2.8,460.1
53,92,1,2,0.8,0.2,0,0,0,0.8,0.1,0.7,118.1
62,92,1,3,1.5,0.6,0,0,0.2,1.5,0.1,1.2,171.9
65,92,1,2,1,0.4,0,0,0.2,1,0.1,0.8,114.6
66,92,1,9,4,1.2,0.2,0.9,0.6,3.1,0.6,3.2,479.6
67,92,1,1,0.4,0.1,0,0.1,0.1,0.3,0.1,0.4,53.3
68,92,1,1,0.4,0.1,0,0.1,0.1,0.3,0.1,0.4,53.3
69,92,1,4,1.8,0.5,0.1,0.4,0.3,1.4,0.3,1.4,213.2
74,92,1,4,1.8,0.5,0.1,0.4,0.3,1.4,0.3,1.4,213.2
80,92,1,8,3.2,1.1,0.2,0,0.1,3.2,0.5,2.5,372.7
84,92,1,5,2,0.7,0.1,0,0.1,2,0.3,1.5,233
87,92,1,5,2.2,0.7,0.1,0,0.4,2.2,0.3,1.5,263.5
91,92,1,8,3.5,1.1,0.2,0,0.6,3.5,0.4,2.4,421.6
101,92,1,2,0.8,0.2,0.1,0,0,0.8,0.1,0.6,98.7
102,92,1,2,0.8,0.2,0.1,0,0,0.8,0.1,0.6,98.7
105,92,1,2,0.8,0.2,0.1,0,0,0.8,0.1,0.6,98.7
108,92,1,1,0.4,0.1,0,0,0.1,0.4,0,0.4,48.5
115,92,1,2,0.9,0.1,0.1,0,0,0.9,0.1,0.8,119
121,92,1,2,0.9,0.2,0,0,0.2,0.9,0.1,0.8,112
122,92,1,1.5,0.7,0.1,0,0,0.1,0.7,0.1,0.6,84
125,92,1,3,1.4,0.3,0,0,0.3,1.4,0.2,1.2,168
126,92,1,2,0.8,0.2,0,0,0,0.8,0.1,0.6,98.4
127,92,1,5,2.1,0.4,0,0.2,0.1,1.9,0.2,1.6,246.1
17,93,1,1,0.5,0.2,0,0,0,0.5,0.1,0.3,65.5
22,93,1,12,4.6,1.4,0.5,0,0.5,4.6,0.8,4.4,641.2
23,93,1,3,1.2,0.3,0.1,0,0.1,1.2,0.2,1.1,160.3
26,93,1,3,1,0.1,0.2,0,0.1,1,0.3,1,165.9
27,93,1,2,0.7,0.1,0.2,0,0.1,0.7,0.2,0.7,110.6
32,93,1,4,1.6,0.2,0,0.1,0,1.5,0.1,1.3,191.9
33,93,1,2,0.8,0.1,0,0.1,0,0.7,0.1,0.7,95.9
35,93,1,3,1.2,0.2,0,0.1,0,1.1,0.1,1,143.9
40,93,1,2,0.8,0.1,0,0,0,0.8,0,0.7,108.7
44,93,1,9,3.8,1,0.2,0.4,0,3.4,0.4,2.7,513
45,93,1,5,2.1,0.5,0.1,0.2,0,1.9,0.2,1.5,285
50,93,1,2,0.9,0.2,0.1,0,0,0.9,0,0.8,131.5
51,93,1,1,0.4,0.1,0,0,0,0.4,0,0.4,59
52,93,0,22,11,2,0,2,2,9,0,8,1371
53,93,1,2,0.8,0.2,0,0,0,0.8,0.1,0.7,118.1
56,93,1,4,1.4,0.1,0.1,0,0.2,1.4,0.4,1,186.4
57,93,1,2,0.7,0.1,0.1,0,0.1,0.7,0.2,0.5,93.2
62,93,1,4,2,0.8,0,0,0.3,2,0.2,1.6,229.2
63,93,1,9,4.5,1.7,0.1,0,0.8,4.5,0.4,3.6,515.7
64,93,1,2,1,0.4,0,0,0.2,1,0.1,0.8,114.6
65,93,1,3,1.5,0.6,0,0,0.2,1.5,0.1,1.2,171.9
69,93,1,3,1.3,0.4,0.1,0.3,0.2,1,0.2,1.1,159.9
73,93,1,11,4.8,1.5,0.2,1.1,0.7,3.7,0.7,3.9,586.2
74,93,1,1,0.4,0.1,0,0.1,0.1,0.3,0.1,0.4,53.3
77,93,1,6,2.4,0.8,0.1,0,0.1,2.4,0.4,1.9,279.6
88,93,1,5,2.2,0.7,0.1,0,0.4,2.2,0.3,1.5,263.5
98,93,1,13,5.9,1.6,0,0.8,0.8,5.1,0.3,4.8,646.8
99,93,1,15.5,7,1.9,0,0.9,1,6.1,0.3,5.8,771.2
101,93,1,1,0.4,0.1,0.1,0,0,0.4,0,0.3,49.3
102,93,1,3,1.2,0.3,0.2,0,0.1,1.2,0.1,0.9,148
103,93,1,2,0.8,0.2,0.1,0,0,0.8,0.1,0.6,98.7
105,93,1,5,2,0.4,0.3,0,0.1,2,0.2,1.5,246.7
115,93,1,5,2.1,0.3,0.2,0,0.1,2.1,0.3,1.9,297.6
121,93,1,2,0.9,0.2,0,0,0.2,0.9,0.1,0.8,112
122,93,1,5,2.3,0.4,0,0,0.4,2.3,0.3,2,280
124,93,1,13,5.9,1.1,0,0,1.1,5.9,0.7,5.1,728
125,93,1,9,4.1,0.8,0,0,0.8,4.1,0.5,3.5,504
126,93,1,8,3.4,0.7,0,0.3,0.1,3.1,0.3,2.5,393.7
127,93,1,16,6.7,1.4,0,0.5,0.3,6.2,0.6,5.1,787.4
1,94,1,3,1.4,0.4,0,0,0.1,1.4,0.2,1.4,217
6,94,1,5,2.1,0.3,0,0,0,2.1,0.4,1.8,224.7
17,94,1,2,1,0.3,0,0,0.1,1,0.1,0.7,131
21,94,1,1.5,0.6,0.2,0.1,0,0.1,0.6,0.1,0.5,80.1
22,94,1,9,3.5,1,0.4,0,0.4,3.5,0.6,3.3,480.9
32,94,1,2,0.8,0.1,0,0.1,0,0.7,0.1,0.7,95.9
34,94,1,5,1.9,0.3,0,0.1,0,1.8,0.1,1.7,239.9
35,94,1,7,2.7,0.4,0,0.2,0,2.5,0.2,2.3,335.8
38,94,1,2,0.8,0.1,0,0,0,0.8,0,0.7,108.7
39,94,1,4,1.5,0.3,0,0,0,1.5,0,1.4,217.3
42,94,1,3,1.3,0.3,0.1,0.1,0,1.2,0.1,0.9,171
47,94,1,2,0.9,0.2,0.1,0,0,0.9,0,0.8,131.5
48,94,1,3,1.3,0.2,0.1,0,0,1.3,0,1.2,197.2
52,94,1,3,1.2,0.3,0.1,0,0,1.2,0.1,1.1,177.1
53,94,1,32,12.7,3.7,0.7,0,0,12.7,1.5,11.9,1889.1
56,94,1,7,2.5,0.2,0.2,0,0.3,2.5,0.7,1.8,326.1
62,94,1,10,5,1.9,0.1,0,0.8,5,0.5,4,573.1
63,94,1,12,6,2.3,0.1,0,1,6,0.6,4.9,687.7
64,94,1,11,5.5,2.1,0.1,0,0.9,5.5,0.5,4.5,630.4
68,94,1,2,0.9,0.3,0,0.2,0.1,0.7,0.1,0.7,106.6
70,94,1,5,2.2,0.7,0.1,0.5,0.3,1.7,0.3,1.8,266.4
77,94,1,1,0.4,0.1,0,0,0,0.4,0.1,0.3,46.6
93,94,1,4,1.7,0.5,0.1,0,0.3,1.7,0.2,1.2,210.8
94,94,1,2,0.9,0.3,0.1,0,0.2,0.9,0.1,0.6,105.4
100,94,1,6,2.7,0.7,0,0.4,0.4,2.3,0.1,2.2,298.5
101,94,1,8,3.1,0.7,0.5,0,0.2,3.1,0.3,2.4,394.7
102,94,1,1,0.4,0.1,0.1,0,0,0.4,0,0.3,49.3
108,94,1,1,0.4,0.1,0,0,0.1,0.4,0,0.4,48.5
109,94,1,4,1.6,0.5,0,0.1,0.2,1.5,0.1,1.4,193.9
110,94,1,4,1.6,0.5,0,0.1,0.2,1.5,0.1,1.4,193.9
112,94,1,2,0.9,0.1,0.1,0,0,0.9,0.1,0.8,119
115,94,1,6,2.6,0.3,0.2,0,0.1,2.6,0.3,2.3,357.1
127,94,1,2,0.8,0.2,0,0,0,0.8,0.1,0.6,98.4
16,95,1,2,1,0.3,0,0,0.1,1,0.1,0.7,131
21,95,1,6.5,2.5,0.7,0.3,0,0.3,2.5,0.4,2.4,347.3
23,95,1,1,0.4,0.1,0,0,0,0.4,0.1,0.4,53.4
25,95,1,4,1.5,0.5,0.2,0,0.2,1.5,0.3,1.5,213.7
28,95,1,2,0.7,0.1,0.2,0,0.1,0.7,0.2,0.7,110.6
34,95,1,2,0.8,0.1,0,0.1,0,0.7,0.1,0.7,95.9
39,95,1,8,3,0.6,0,0,0,3,0,2.9,434.7
40,95,1,12,4.6,0.9,0,0,0,4.6,0,4.3,652
47,95,1,2,0.9,0.2,0.1,0,0,0.9,0,0.8,131.5
57,95,1,3,1.1,0.1,0.1,0,0.1,1.1,0.3,0.8,139.8
62,95,1,10,5,1.9,0.1,0,0.8,5,0.5,4,573.1
63,95,0,46,17,2,1,2,3,15,3,10,1695
64,95,1,10,5,1.9,0.1,0,0.8,5,0.5,4,573.1
69,95,1,4,1.8,0.5,0.1,0.4,0.3,1.4,0.3,1.4,213.2
76,95,1,2,0.8,0.3,0,0,0,0.8,0.1,0.6,93.2
77,95,1,10,4,1.4,0.2,0,0.1,4,0.6,3.1,465.9
78,95,1,3,1.2,0.4,0.1,0,0,1.2,0.2,0.9,139.8
94,95,1,2,0.9,0.3,0.1,0,0.2,0.9,0.1,0.6,105.4
100,95,1,14,6.4,1.7,0,0.9,0.9,5.5,0.3,5.2,696.5
107,95,1,4,1.6,0.5,0,0.1,0.2,1.5,0.1,1.4,193.9
109,95,1,6,2.5,0.8,0,0.1,0.3,2.4,0.2,2.1,290.9
112,95,1,2,0.9,0.1,0.1,0,0,0.9,0.1,0.8,119
118,95,1,2,0.7,0.2,0.1,0.1,0.1,0.6,0.2,0.6,107.1
120,95,1,1,0.3,0.1,0,0,0,0.3,0.1,0.3,53.5
15,96,1,4.5,1.9,0.3,0,0,0,1.9,0.4,1.6,202.2
19,96,1,2,1,0.3,0,0,0.1,1,0.1,0.7,131
20,96,1,3,1.5,0.5,0,0,0.1,1.5,0.2,1,196.5
22,96,1,4,1.5,0.5,0.2,0,0.2,1.5,0.3,1.5,213.7
39,96,1,1,0.4,0.1,0,0,0,0.4,0,0.4,54.3
42,96,1,2,0.9,0.2,0,0.1,0,0.8,0.1,0.6,114
44,96,1,4,1.7,0.4,0.1,0.2,0,1.5,0.2,1.2,228
54,96,1,3,1.2,0.3,0.1,0,0,1.2,0.1,1.1,177.1
57,96,1,5,1.8,0.2,0.2,0,0.2,1.8,0.5,1.3,233
58,96,1,5,1.8,0.2,0.2,0,0.2,1.8,0.5,1.3,233
62,96,1,3,1.5,0.6,0,0,0.2,1.5,0.1,1.2,171.9
63,96,0,43,17,4,1,2,2,15,2,13,1629
64,96,1,5,2.5,1,0.1,0,0.4,2.5,0.2,2,286.5
67,96,1,6,2.6,0.8,0.1,0.6,0.4,2,0.4,2.1,319.7
69,96,1,1,0.4,0.1,0,0.1,0.1,0.3,0.1,0.4,53.3
77,96,0,33,12,0,0,0,2,12,1,12,1380
78,96,1,26,10.3,3.5,0.6,0,0.3,10.3,1.6,8,1211.4
79,96,1,5,2,0.7,0.1,0,0.1,2,0.3,1.5,233
83,96,1,3,1.2,0.4,0.1,0,0,1.2,0.2,0.9,139.8
87,96,1,4,1.7,0.5,0.1,0,0.3,1.7,0.2,1.2,210.8
94,96,1,2,0.9,0.3,0.1,0,0.2,0.9,0.1,0.6,105.4
107,96,1,8,3.3,1,0,0.2,0.4,3.1,0.3,2.9,387.9
108,96,1,12,4.9,1.5,0,0.2,0.6,4.7,0.4,4.3,581.8
109,96,1,6,2.5,0.8,0,0.1,0.3,2.4,0.2,2.1,290.9
110,96,1,10,4.1,1.2,0,0.2,0.5,3.9,0.4,3.6,484.8
111,96,1,3,1.3,0.2,0.1,0,0.1,1.3,0.2,1.2,178.6
127,96,1,11,4.6,1,0,0.4,0.2,4.2,0.4,3.5,541.3
0,97,1,2,1,0.2,0,0,0.1,1,0.2,1,144.6
2,97,1,3,1.4,0.4,0,0,0.1,1.4,0.2,1.4,217
14,97,1,3,1.2,0.2,0,0,0,1.2,0.2,1.1,134.8
18,97,1,3,1.5,0.5,0,0,0.1,1.5,0.2,1,196.5
20,97,1,1,0.5,0.2,0,0,0,0.5,0.1,0.3,65.5
28,97,1,9,2.9,0.3,0.7,0,0.3,2.9,0.9,2.9,497.6
39,97,1,1,0.4,0.1,0,0,0,0.4,0,0.3,57
43,97,1,7,3.6,1.6,0.2,0.2,0.2,3.4,0.7,3.2,461.2
44,97,1,13,6.7,3,0.4,0.4,0.4,6.3,1.3,5.9,856.5
45,97,1,1,0.5,0.2,0,0,0,0.5,0.1,0.5,65.9
47,97,1,3,1.3,0.2,0.1,0,0,1.3,0,1.2,197.2
57,97,1,3,1.1,0.1,0.1,0,0.1,1.1,0.3,0.8,139.8
58,97,1,9,3.2,0.3,0.3,0,0.4,3.2,0.9,2.4,419.3
59,97,1,2,0.7,0.1,0.1,0,0.1,0.7,0.2,0.5,93.2
64,97,1,9,3.2,0.3,0.3,0,0.4,3.2,0.9,2.4,419.3
73,97,1,3,1.3,0.4,0.1,0.3,0.2,1,0.2,1.1,159.9
77,97,1,7,2.7,0.2,0.1,0,0.4,2.7,0.4,2.1,347.2
78,97,0,30.5,15,3,0,0,2,15,0,8,1450
79,97,1,11,4.2,0.4,0.2,0,0.6,4.2,0.6,3.2,545.6
83,97,1,5,2,0.7,0.1,0,0.1,2,0.3,1.5,233
100,97,1,3,1.4,0.5,0,0,0.1,1.4,0.1,0.7,162
107,97,1,2,0.6,0.1,0.2,0,0,0.6,0.1,0.6,73.8
109,97,1,4,1.3,0.1,0.3,0.1,0.1,1.2,0.2,1.2,147.5
110,97,0,56,21,3,2,0,6,21,0,15,2351.3
111,97,1,15,6.4,0.8,0.6,0,0.3,6.4,0.8,5.8,892.8
4,98,1,2,1,0.2,0,0,0.1,1,0.2,1,144.6
10,98,1,2,0.8,0.1,0,0,0,0.8,0.2,0.7,89.9
14,98,1,2,0.8,0.1,0,0,0,0.8,0.2,0.7,89.9
16,98,1,4,2,0.6,0,0,0.2,2,0.3,1.3,262
27,98,1,2,0.7,0.1,0.2,0,0.1,0.7,0.2,0.7,110.6
31,98,1,3,1,0.1,0.2,0,0.1,1,0.3,1,165.9
32,98,1,2,0.7,0.1,0.2,0,0.1,0.7,0.2,0.7,110.6
38,98,1,5,2.1,0.5,0.1,0.2,0,1.9,0.2,1.5,285
41,98,1,8,4.1,1.8,0.2,0.2,0.2,3.9,0.8,3.7,527.1
42,98,1,3,1.5,0.7,0.1,0.1,0.1,1.4,0.3,1.4,197.7
43,98,1,10,5.1,2.3,0.3,0.3,0.3,4.8,1,4.6,658.9
44,98,1,3,1.5,0.7,0.1,0.1,0.1,1.4,0.3,1.4,197.7
48,98,1,6,2.6,0.5,0.2,0,0,2.6,0,2.4,394.4
50,98,1,2,0.9,0.2,0.1,0,0,0.9,0,0.8,131.5
51,98,1,2,0.9,0.2,0.1,0,0,0.9,0,0.8,131.5
57,98,1,2,0.7,0.1,0.1,0,0.1,0.7,0.2,0.5,93.2
63,98,1,2,0.7,0.1,0.1,0,0.1,0.7,0.2,0.5,93.2
65,98,1,4,1.4,0.1,0.1,0,0.2,1.4,0.4,1,186.4
76,98,1,3,1.1,0.1,0.1,0,0.2,1.1,0.2,0.9,148.8
77,98,1,4,1.5,0.1,0.1,0,0.2,1.5,0.2,1.2,198.4
78,98,1,14,5.3,0.5,0.2,0,0.7,5.3,0.7,4.1,694.4
79,98,1,13,4.9,0.4,0.2,0,0.7,4.9,0.7,3.8,644.8
82,98,1,4,1.6,0.5,0.1,0,0,1.6,0.2,1.2,186.4
92,98,1,4,2.1,0.8,0.2,0,0.7,2.1,0.3,2,260.6
94,98,1,1,0.5,0.2,0,0,0.2,0.5,0.1,0.5,65.1
108,98,1,2,0.6,0.1,0.2,0,0,0.6,0.1,0.6,73.8
109,98,1,20,6.5,0.6,1.7,0.3,0.3,6.2,0.8,6.2,737.7
110,98,0,42,12,1,0,0,1,12,0,12,1357
114,98,1,7,3,0.4,0.3,0,0.1,3,0.4,2.7,416.6
125,98,0,29,11,2,1,0,1,11,2,9,1640
126,98,1,5,1.7,0.2,0.3,0,0,1.7,0,1.7,193.8
0,99,1,3,1.4,0.4,0,0,0.1,1.4,0.2,1.4,217
15,99,1,2,0.8,0.1,0,0,0,0.8,0.2,0.7,89.9
16,99,1,1,0.5,0.2,0,0,0,0.5,0.1,0.3,65.5
18,99,1,4,2,0.6,0,0,0.2,2,0.3,1.3,262
19,99,1,1,0.5,0.2,0,0,0,0.5,0.1,0.3,65.5
23,99,1,2,1,0.3,0,0,0.1,1,0.1,0.7,131
28,99,1,3,1,0.1,0.2,0,0.1,1,0.3,1,165.9
41,99,1,1,0.5,0.2,0,0,0,0.5,0.1,0.5,65.9
43,99,1,4,2.1,0.9,0.1,0.1,0.1,2,0.4,1.8,263.5
45,99,1,1,0.5,0.2,0,0,0,0.5,0.1,0.5,65.9
47,99,1,5,2.2,0.4,0.1,0,0,2.2,0,2,328.6
68,99,1,8,2.9,0.5,0.5,0.2,0.2,2.7,0.5,2.4,363
69,99,1,9,3.3,0.5,0.5,0.3,0.3,3,0.5,2.7,408.3
78,99,1,4,1.5,0.1,0.1,0,0.2,1.5,0.2,1.2,198.4
80,99,1,2,0.8,0.1,0,0,0.1,0.8,0.1,0.6,99.2
88,99,1,4,1.7,0.5,0.1,0,0.3,1.7,0.2,1.2,210.8
93,99,1,5,2.7,1,0.2,0,0.8,2.7,0.4,2.4,325.7
95,99,1,4.5,2.4,0.9,0.2,0,0.7,2.4,0.4,2.2,293.1
96,99,1,13,5.9,2,0,0,0.4,5.9,0.4,3.2,702
97,99,1,5,2.3,0.8,0,0,0.2,2.3,0.2,1.2,270
98,99,1,1,0.5,0.2,0,0,0,0.5,0,0.2,54
100,99,1,2,0.9,0.3,0,0,0.1,0.9,0.1,0.5,108
104,99,1,4,1.6,0.3,0.3,0,0.1,1.6,0.2,1.2,197.4
109,99,1,16,5.2,0.5,1.4,0.2,0.2,5,0.7,5,590.2
110,99,1,18,5.8,0.5,1.5,0.2,0.3,5.6,0.8,5.6,664
116,99,1,2,0.7,0.2,0.1,0.1,0.1,0.6,0.2,0.6,107.1
117,99,1,4,1.4,0.4,0.1,0.1,0.1,1.3,0.5,1.1,214.1
124,99,1,4,1.4,0.4,0.1,0.1,0.1,1.3,0.5,1.1,214.1
3,100,1,3,1.4,0.4,0,0,0.1,1.4,0.2,1.4,217
7,100,1,3,1.2,0.2,0,0,0,1.2,0.2,1.1,134.8
8,100,1,1,0.4,0.1,0,0,0,0.4,0.1,0.4,44.9
9,100,1,3,1.2,0.2,0,0,0,1.2,0.2,1.1,134.8
10,100,1,4,1.7,0.2,0,0,0,1.7,0.3,1.4,179.7
11,100,1,1,0.4,0.1,0,0,0,0.4,0.1,0.4,44.9
16,100,1,1,0.5,0.2,0,0,0,0.5,0.1,0.3,65.5
19,100,1,4,2,0.6,0,0,0.2,2,0.3,1.3,262
25,100,1,2,1,0.3,0,0,0.1,1,0.1,0.7,131
29,100,1,2,0.7,0.1,0.2,0,0.1,0.7,0.2,0.7,110.6
34,100,1,24,7.8,0.9,1.8,0,0.9,7.8,2.3,7.8,1326.9
39,100,1,3,1.3,0.3,0.1,0.1,0,1.2,0.1,0.9,171
41,100,1,5,2.6,1.1,0.1,0.2,0.1,2.4,0.5,2.3,329.4
44,100,1,2,1,0.5,0.1,0,0.1,1,0.2,0.9,131.8
53,100,1,1,0.4,0.1,0,0,0,0.4,0,0.4,65.7
56,100,1,1,0.4,0,0,0,0,0.4,0.1,0.3,46.6
66,100,1,5,1.8,0.3,0.3,0.1,0.2,1.7,0.3,1.5,226.9
68,100,1,2,0.7,0.1,0.1,0,0.1,0.7,0.1,0.6,90.7
81,100,1,3,1.2,0.4,0.1,0,0,1.2,0.2,0.9,139.8
90,100,1,1,0.4,0.1,0,0,0.1,0.4,0.1,0.3,52.7
91,100,1,1,0.5,0.2,0,0,0.2,0.5,0.1,0.5,65.1
93,100,1,3,1.6,0.6,0.1,0,0.5,1.6,0.2,1.5,195.4
94,100,1,2,1.1,0.4,0.1,0,0.3,1.1,0.2,1,130.3
95,100,1,1,0.5,0.2,0,0,0.2,0.5,0.1,0.5,65.1
96,100,1,1,0.5,0.2,0,0,0,0.5,0,0.2,54
97,100,1,4,1.8,0.6,0,0,0.1,1.8,0.1,1,216
98,100,1,4,1.8,0.6,0,0,0.1,1.8,0.1,1,216
102,100,1,1,0.4,0.1,0.1,0,0,0.4,0,0.3,49.3
123,100,1,6,2.1,0.6,0.2,0.2,0.2,1.9,0.8,1.7,321.2
7,101,1,2,0.8,0.1,0,0,0,0.8,0.2,0.7,89.9
9,101,1,5,2.1,0.3,0,0,0,2.1,0.4,1.8,224.7
12,101,1,4,1.7,0.2,0,0,0,1.7,0.3,1.4,179.7
21,101,1,2,1,0.3,0,0,0.1,1,0.1,0.7,131
22,101,1,2,1,0.3,0,0,0.1,1,0.1,0.7,131
24,101,1,2,1,0.3,0,0,0.1,1,0.1,0.7,131
39,101,1,3,1.3,0.3,0.1,0.1,0,1.2,0.1,0.9,171
40,101,1,5,2.1,0.5,0.1,0.2,0,1.9,0.2,1.5,285
43,101,1,2,1,0.5,0.1,0,0.1,1,0.2,0.9,131.8
44,101,1,8,4.1,1.8,0.2,0.2,0.2,3.9,0.8,3.7,527.1
45,101,1,2,1,0.5,0.1,0,0.1,1,0.2,0.9,131.8
49,101,1,2,0.9,0.2,0.1,0,0,0.9,0,0.8,131.5
59,101,1,3,1.1,0.1,0.1,0,0.1,1.1,0.3,0.8,139.8
68,101,1,3,1.1,0.2,0.2,0.1,0.1,1,0.2,0.9,136.1
69,101,0,25,11,3,0,0,2,11,1,8,1186
70,101,1,6,2.2,0.4,0.4,0.2,0.2,2,0.4,1.8,272.2
71,101,1,4,1.8,0.5,0.1,0.4,0.3,1.4,0.3,1.4,213.2
91,101,1,3,1.6,0.6,0.1,0,0.5,1.6,0.2,1.5,195.4
93,101,0,26,12,2,1,0,1,12,2,7,1031
94,101,0,30,11,2,1,0,1,11,1,7,1002
103,101,1,5,2,0.4,0.3,0,0.1,2,0.2,1.5,246.7
104,101,1,10,3.9,0.9,0.7,0,0.2,3.9,0.4,3,493.4
106,101,1,9,2.9,0.3,0.8,0.1,0.1,2.8,0.4,2.8,332
115,101,1,12,5.1,0.7,0.4,0,0.2,5.1,0.7,4.7,714.2
116,101,1,13,4.5,1.2,0.4,0.4,0.4,4.1,1.6,3.7,695.9
4,102,1,3,1.3,0.3,0.1,0.1,0,1.2,0.1,1.1,168.8
8,102,1,7,2.4,0.4,0.1,0,0.2,2.4,0.6,1.8,339.6
11,102,1,1,0.4,0.1,0,0,0.1,0.4,0.1,0.4,46.1
14,102,1,1,0.4,0.1,0,0,0.1,0.4,0.1,0.4,46.1
19,102,1,3,1.4,0.3,0,0,0.2,1.4,0.1,1.2,177
21,102,1,7,3.5,1,0,0,0,3.5,0.6,2.9,405
33,102,1,2,1.2,0.5,0,0,0.1,1.2,0.3,1.1,184.9
37,102,1,3,1.2,0.2,0.1,0,0.1,1.2,0.3,1,137.5
38,102,1,9,3.6,0.7,0.4,0,0.2,3.6,0.9,3,412.6
39,102,1,9.5,3.8,0.8,0.4,0,0.2,3.8,0.9,3.2,435.6
48,102,1,4,1.5,0.2,0.1,0,0.1,1.5,0.4,1.2,274
60,102,1,2,0.9,0.2,0,0.1,0.1,0.8,0.1,0.7,132.7
64,102,1,16,5.6,0,0,0,0.8,5.6,0.8,5.2,606
66,102,1,1,0.4,0.1,0,0.1,0,0.3,0.1,0.3,46.8
67,102,1,18,7.6,2.3,0.4,1.6,0.8,6,1.6,5,843.3
68,102,1,12,5.1,1.5,0.3,1.1,0.5,4,1.1,3.3,562.2
69,102,0,55,22,5,2,0,3,22,2,19,2214
70,102,1,25,10.6,3.2,0.6,2.2,1.1,8.4,2.2,6.9,1171.2
71,102,1,6.5,2.9,0.5,0.1,0,0.3,2.9,0.4,2.4,338.4
74,102,1,2,0.9,0.2,0,0,0.1,0.9,0.1,0.7,104.1
84,102,1,3,1.1,0.2,0.1,0,0.1,1.1,0.1,0.9,160.1
86,102,1,4,1.7,0.3,0,0,0.1,1.7,0.4,1.2,215.3
87,102,1,3,1.3,0.2,0,0,0.1,1.3,0.3,0.9,161.4
93,102,1,3,1.4,0.4,0.1,0,0.2,1.4,0.2,1,166.3
98,102,1,1,0.4,0.1,0,0,0,0.4,0,0.3,63.8
99,102,1,4,1.7,0.4,0.2,0,0.1,1.7,0.1,1.2,255.3
106,102,1,2,0.7,0.1,0.1,0,0,0.7,0.1,0.5,80.1
109,102,1,4,1.5,0.2,0.1,0.1,0,1.4,0.3,1,160.2
110,102,1,8,2.9,0.5,0.3,0.1,0,2.8,0.6,2,320.5
115,102,1,3,1.1,0.2,0.1,0,0.1,1.1,0.1,1.1,146.3
116,102,1,3,1,0.1,0.2,0,0.1,1,0.1,0.9,115
117,102,1,32,10.5,0.9,1.8,0,0.5,10.5,0.9,9.9,1226.2
118,102,1,15,4.9,0.4,0.8,0,0.3,4.9,0.4,4.7,574.8
123,102,1,6,2,0.4,0.4,0,0.1,2,0.5,1.9,282.2
124,102,1,17,5.8,1,1,0,0.3,5.8,1.4,5.4,799.7
125,102,1,6,2,0.4,0.4,0,0.1,2,0.5,1.9,282.2
126,102,1,2,0.7,0.2,0.1,0,0,0.7,0.2,0.6,84.1
127,102,0,36,13,6,1,0,1,13,3,8,1291
0,103,1,2,0.8,0.2,0,0,0,0.8,0.1,0.7,112.5
7,103,1,4,1.4,0.2,0.1,0,0.1,1.4,0.4,1,194.1
11,103,1,2,0.8,0.3,0.1,0,0.1,0.8,0.2,0.8,92.2
21,103,1,1,0.5,0.1,0,0,0,0.5,0.1,0.4,57.9
29,103,1,4,1.6,0.4,0.1,0.1,0,1.5,0.2,1.2,215.7
37,103,1,2,0.8,0.2,0.1,0,0,0.8,0.2,0.7,91.7
38,103,1,6,2.4,0.5,0.2,0,0.1,2.4,0.6,2,275.1
39,103,1,4,1.6,0.3,0.2,0,0.1,1.6,0.4,1.3,183.4
40,103,1,1,0.4,0.1,0,0,0,0.4,0.1,0.3,45.8
64,103,1,2,0.7,0,0,0,0.1,0.7,0.1,0.7,75.8
65,103,1,18,6.3,0,0,0,0.9,6.3,0.9,5.9,681.8
66,103,1,1,0.4,0.1,0,0.1,0,0.3,0.1,0.3,46.8
68,103,1,18,7.6,2.3,0.4,1.6,0.8,6,1.6,5,843.3
69,103,0,33,14,2,0,0,2,14,2,8,1314
70,103,1,27,11.4,3.4,0.6,2.4,1.2,9,2.4,7.4,1264.9
71,103,1,3.5,1.5,0.3,0.1,0,0.2,1.5,0.2,1.3,182.2
74,103,1,2,0.9,0.2,0,0,0.1,0.9,0.1,0.7,104.1
77,103,1,2,0.9,0.3,0.1,0,0,0.9,0.2,0.6,135.2
87,103,1,2,0.8,0.2,0,0,0.1,0.8,0.2,0.6,107.6
93,103,1,2,0.9,0.3,0,0,0.1,0.9,0.1,0.7,110.8
98,103,1,1,0.4,0.1,0,0,0,0.4,0,0.3,63.8
100,103,1,2,0.8,0.2,0.1,0,0,0.8,0,0.6,127.6
104,103,1,15,5.1,0.5,0,0,0.5,5.1,0,5.1,613.8
105,103,1,5,1.7,0.2,0,0,0.2,1.7,0,1.7,204.6
115,103,1,9,3.4,0.7,0.4,0,0.2,3.4,0.4,3.3,438.8
116,103,1,9,2.9,0.3,0.5,0,0.2,2.9,0.3,2.8,344.9
117,103,1,24,7.9,0.7,1.4,0,0.4,7.9,0.7,7.5,919.6
118,103,1,20,6.6,0.6,1.1,0,0.3,6.6,0.6,6.2,766.3
119,103,1,2,0.7,0.1,0.1,0,0,0.7,0.1,0.6,76.6
124,103,1,5,1.7,0.3,0.3,0,0.1,1.7,0.4,1.6,235.2
125,103,1,4,1.4,0.2,0.2,0,0.1,1.4,0.3,1.3,188.2
126,103,1,2,0.7,0.2,0.1,0,0,0.7,0.2,0.6,84.1
127,103,1,21,7.4,1.6,1,0,0.5,7.4,1.6,6.3,883.1
0,104,1,2,0.8,0.2,0,0,0,0.8,0.1,0.7,112.5
1,104,1,6,2.5,0.7,0.1,0.1,0,2.4,0.3,2.1,337.6
7,104,1,1,0.3,0.1,0,0,0,0.3,0.1,0.3,48.5
9,104,1,10,3.5,0.6,0.2,0,0.3,3.5,0.9,2.6,485.2
11,104,1,7,2.9,0.9,0.2,0,0.4,2.9,0.6,2.7,322.8
15,104,1,4,1.7,0.5,0.1,0,0.2,1.7,0.3,1.5,184.4
16,104,1,2,1,0.2,0,0,0.1,1,0.1,0.8,118
27,104,1,3,1.2,0.3,0.1,0.1,0,1.1,0.2,0.9,161.8
32,104,1,2,1.2,0.5,0,0,0.1,1.2,0.3,1.1,184.9
34,104,1,3,1.8,0.7,0,0,0.2,1.8,0.4,1.7,277.4
35,104,1,1,0.6,0.2,0,0,0.1,0.6,0.1,0.6,92.5
39,104,1,9,3.6,0.7,0.4,0,0.2,3.6,0.9,3,412.6
43,104,1,1,0.4,0.2,0,0,0,0.4,0.1,0.3,64.4
47,104,1,5,1.9,0.3,0.2,0,0.2,1.9,0.5,1.6,342.5
49,104,1,5,1.9,0.3,0.2,0,0.2,1.9,0.5,1.6,342.5
69,104,1,10,4.2,1.3,0.2,0.9,0.4,3.3,0.9,2.8,468.5
78,104,1,2,0.9,0.3,0.1,0,0,0.9,0.2,0.6,135.2
81,104,1,4,1.5,0.2,0.1,0,0.2,1.5,0.1,1.2,213.4
83,104,1,9,3.3,0.6,0.2,0,0.4,3.3,0.2,2.8,480.2
84,104,1,8,2.9,0.5,0.2,0,0.3,2.9,0.2,2.4,426.8
92,104,1,10,4.7,1.4,0.2,0.1,0.5,4.6,0.7,3.5,554.2
93,104,1,7,3.3,1,0.1,0.1,0.4,3.2,0.5,2.4,387.9
98,104,1,2,0.8,0.2,0.1,0,0,0.8,0,0.6,127.6
104,104,0,23,11,2,0,0,0,11,0,10,1151
105,104,1,6.5,2.2,0.2,0,0,0.2,2.2,0,2.2,266
113,104,1,3,1.1,0.2,0.1,0,0.1,1.1,0.1,1.1,146.3
114,104,1,2,0.8,0.2,0.1,0,0.1,0.8,0.1,0.7,97.5
115,104,1,29,11,2.4,1.2,0,0.8,11,1.2,10.6,1413.9
116,104,1,2,0.7,0.1,0.1,0,0,0.7,0.1,0.6,76.6
124,104,1,1,0.3,0.1,0.1,0,0,0.3,0.1,0.3,47
126,104,1,5,1.8,0.4,0.2,0,0.1,1.8,0.4,1.5,210.2
0,105,1,2,0.8,0.2,0,0,0,0.8,0.1,0.7,112.5
8,105,1,7,2.4,0.4,0.1,0,0.2,2.4,0.6,1.8,339.6
10,105,1,3,1,0.2,0,0,0.1,1,0.3,0.8,145.5
12,105,1,1,0.4,0.1,0,0,0.1,0.4,0.1,0.4,46.1
14,105,1,26.5,11.1,3.6,0.9,0,1.3,11.1,2.2,10.2,1221.9
15,105,0,54,18,4,2,0,0,18,1,18,1776
16,105,1,18,8.7,1.9,0,0,1.2,8.7,0.6,7.4,1062
18,105,1,1,0.5,0.1,0,0,0.1,0.5,0,0.4,59
25,105,1,2,1,0.3,0,0,0,1,0.2,0.8,115.7
29,105,1,9,3.6,0.9,0.2,0.2,0,3.4,0.6,2.8,485.2
33,105,1,2.5,1.5,0.6,0,0,0.2,1.5,0.4,1.4,231.1
37,105,1,1,0.4,0.1,0,0,0,0.4,0.1,0.3,45.8
49,105,1,4,1.5,0.2,0.1,0,0.1,1.5,0.4,1.2,274
56,105,1,1,0.4,0.1,0,0,0,0.4,0,0.4,66.3
58,105,1,9,4,0.8,0,0.2,0.2,3.8,0.2,3.2,597
59,105,1,24,10.7,2,0,0.7,0.7,10,0.7,8.7,1592
61,105,1,2,0.7,0,0,0,0.1,0.7,0.1,0.7,75.8
76,105,1,10,4.4,1.6,0.4,0,0,4.4,0.8,3.2,676
82,105,1,3,1.1,0.2,0.1,0,0.1,1.1,0.1,0.9,160.1
83,105,1,10,3.7,0.6,0.2,0,0.4,3.7,0.2,3.1,533.5
84,105,1,12,4.4,0.7,0.2,0,0.5,4.4,0.2,3.7,640.2
90,105,1,13,5.5,1,0,0,0.3,5.5,1.4,3.8,699.6
91,105,1,24,11.2,3.4,0.5,0.2,1.2,11,1.7,8.3,1330.1
92,105,0,65,30,13,2,2,6,28,8,16,3674.6
93,105,1,13,6.1,1.8,0.3,0.1,0.7,6,0.9,4.5,720.5
95,105,1,15.5,7.2,2.2,0.3,0.1,0.8,7.1,1.1,5.4,859
96,105,1,6,2.5,0.5,0.3,0,0.1,2.5,0.1,1.9,382.9
104,105,1,4,1.4,0.1,0,0,0.1,1.4,0,1.4,163.7
113,105,1,2,0.8,0.2,0.1,0,0.1,0.8,0.1,0.7,97.5
114,105,1,13,4.9,1.1,0.5,0,0.4,4.9,0.5,4.7,633.8
115,105,0,49,18,1,0,0,1,18,2,14,1984.3
116,105,1,13,4.3,0.4,0.7,0,0.2,4.3,0.4,4,498.1
120,105,1,25,8.2,0.7,1.4,0,0.4,8.2,0.7,7.8,957.9
121,105,1,3,1,0.2,0.2,0,0.1,1,0.2,1,141.1
8,106,1,5,1.7,0.3,0.1,0,0.2,1.7,0.5,1.3,242.6
9,106,1,10,3.5,0.6,0.2,0,0.3,3.5,0.9,2.6,485.2
11,106,1,5,2.1,0.7,0.2,0,0.3,2.1,0.4,1.9,230.5
13,106,1,1,0.4,0.1,0,0,0.1,0.4,0.1,0.4,46.1
14,106,1,11,4.6,1.5,0.4,0,0.6,4.6,0.9,4.3,507.2
15,106,0,42,17,6,1,1,1,16,2,10,1662
16,106,1,5,2.4,0.5,0,0,0.3,2.4,0.2,2.1,295
23,106,1,12,6,1.6,0,0,0,6,1.1,4.9,694.4
28,106,1,8,3.2,0.8,0.2,0.2,0,3,0.5,2.5,431.3
29,106,1,24,9.5,2.5,0.5,0.5,0,9,1.5,7.5,1294
32,106,1,8,4.8,2,0,0,0.6,4.8,1.1,4.5,739.6
34,106,1,2,1.2,0.5,0,0,0.1,1.2,0.3,1.1,184.9
37,106,1,3,1.2,0.2,0.1,0,0.1,1.2,0.3,1,137.5
38,106,1,3,1.2,0.2,0.1,0,0.1,1.2,0.3,1,137.5
41,106,1,5,2.1,0.8,0,0,0.2,2.1,0.4,1.3,322.1
42,106,1,2,0.8,0.3,0,0,0.1,0.8,0.2,0.5,128.8
43,106,1,2,0.8,0.3,0,0,0.1,0.8,0.2,0.5,128.8
45,106,1,2,0.8,0.3,0,0,0.1,0.8,0.2,0.5,128.8
59,106,0,36,16,2,0,0,5,16,1,2,1544
64,106,1,2,0.7,0,0,0,0.1,0.7,0.1,0.7,75.8
69,106,1,8,3.4,1,0.2,0.7,0.4,2.7,0.7,2.2,374.8
70,106,1,14.5,6.1,1.8,0.3,1.3,0.6,4.8,1.3,4,679.3
75,106,1,2,0.9,0.2,0,0,0.1,0.9,0.1,0.7,104.1
76,106,1,2,0.9,0.3,0.1,0,0,0.9,0.2,0.6,135.2
87,106,1,2,0.8,0.2,0,0,0.1,0.8,0.2,0.6,107.6
90,106,1,1,0.4,0.1,0,0,0,0.4,0.1,0.3,53.8
91,106,1,5,2.3,0.7,0.1,0,0.3,2.3,0.4,1.7,277.1
92,106,1,11,5.1,1.6,0.2,0.1,0.6,5,0.8,3.8,609.6
93,106,1,3,1.4,0.4,0.1,0,0.2,1.4,0.2,1,166.3
94,106,1,2,0.9,0.3,0,0,0.1,0.9,0.1,0.7,110.8
95,106,1,3,1.4,0.4,0.1,0,0.2,1.4,0.2,1,166.3
96,106,1,7,3,0.6,0.3,0,0.2,3,0.2,2.2,446.7
98,106,1,2,0.8,0.2,0.1,0,0,0.8,0,0.6,127.6
104,106,1,2,0.7,0.1,0,0,0.1,0.7,0,0.7,81.8
106,106,1,4,1.5,0.2,0.1,0.1,0,1.4,0.3,1,160.2
107,106,1,23,8.4,1.4,0.8,0.3,0,8.1,1.7,5.6,921.4
108,106,1,3,1.1,0.2,0.1,0,0,1.1,0.2,0.7,120.2
109,106,1,16,5.9,1,0.6,0.2,0,5.7,1.2,3.9,641
115,106,1,13,4.9,1.1,0.5,0,0.4,4.9,0.5,4.7,633.8
116,106,1,19,6.2,0.5,1.1,0,0.3,6.2,0.5,5.9,728
117,106,1,11,3.6,0.3,0.6,0,0.2,3.6,0.3,3.4,421.5
118,106,1,2,0.7,0.1,0.1,0,0,0.7,0.1,0.6,76.6
121,106,1,4,1.4,0.2,0.2,0,0.1,1.4,0.3,1.3,188.2
127,106,1,6,2.1,0.4,0.3,0,0.1,2.1,0.4,1.8,252.3
7,107,1,7,2.4,0.4,0.1,0,0.2,2.4,0.6,1.8,339.6
8,107,1,1,0.3,0.1,0,0,0,0.3,0.1,0.3,48.5
14,107,1,24,10.3,2.9,0,2.3,1.1,8,3.4,5.7,1096
15,107,1,13,5.6,1.5,0,1.3,0.6,4.3,1.9,3.1,593.7
18,107,1,6,2.4,0.8,0.2,0.2,0,2.2,0.4,1.6,396.2
20,107,1,1,0.4,0.1,0,0,0,0.4,0.1,0.3,66
27,107,1,4,2.4,1,0,0,0.3,2.4,0.6,2.2,369.8
28,107,1,2,1.2,0.5,0,0,0.1,1.2,0.3,1.1,184.9
31,107,1,11,4.4,1,0.2,0,0,4.4,1.5,3.9,642.4
32,107,1,5,2,0.4,0.1,0,0,2,0.7,1.8,292
35,107,1,5,2,0.4,0.1,0,0,2,0.7,1.8,292
55,107,1,2,0.8,0.1,0.1,0,0.1,0.8,0.2,0.6,137
59,107,1,1,0.4,0.1,0,0,0,0.4,0.1,0.2,44.9
64,107,1,7,2.9,0.6,0.1,0,0.1,2.9,0.3,2.8,412.2
65,107,1,8,3.3,0.6,0.2,0,0.2,3.3,0.3,3.2,471.1
66,107,1,9,3.3,0.4,0.3,0,0.3,3.3,0.3,2.8,379.4
69,107,1,11,4,0.5,0.4,0,0.3,4,0.3,3.5,463.7
71,107,1,2,0.9,0.2,0,0,0.1,0.9,0.1,0.7,104.1
91,107,1,5,1.7,0.3,0.2,0,0.1,1.7,0.2,1.4,209.1
93,107,1,6,2.1,0.4,0.2,0,0.1,2.1,0.2,1.6,250.9
97,107,1,4,1.7,0.4,0.2,0,0.1,1.7,0.1,1.2,255.3
98,107,1,2,0.8,0.2,0.1,0,0,0.8,0,0.6,127.6
107,107,1,6,2.8,0.8,0.1,0.1,0.2,2.7,0.4,2.6,339.2
108,107,1,2,0.9,0.3,0,0,0.1,0.9,0.1,0.9,113.1
109,107,1,2,0.9,0.3,0,0,0.1,0.9,0.1,0.9,113.1
115,107,1,6,2.2,0.4,0.2,0.1,0,2.1,0.4,1.5,240.4
116,107,1,16,5.9,0.5,0.2,0,0,5.9,0.2,5.7,690.7
117,107,1,17,6.3,0.5,0.2,0,0,6.3,0.2,6.1,733.9
118,107,1,4,1.5,0.1,0.1,0,0,1.5,0.1,1.4,172.7
127,107,1,8.5,3.5,0.3,0,0,0.5,3.5,0.2,2.9,527.9
2,108,1,2,0.8,0.2,0,0,0,0.8,0.1,0.7,112.5
7,108,1,2,0.7,0.1,0,0,0.1,0.7,0.2,0.5,97
8,108,1,3,1,0.2,0,0,0.1,1,0.3,0.8,145.5
14,108,1,3,1.3,0.4,0,0.3,0.1,1,0.4,0.7,137
57,108,1,21.5,8.8,2.2,0.4,0,0.4,8.8,1.3,5.3,964.6
60,108,1,4,1.6,0.4,0.1,0,0.1,1.6,0.2,1,179.5
62,108,1,2,0.8,0.2,0,0,0,0.8,0.1,0.8,117.8
68,108,0,56,20,3,2,2,3,18,3,12,1843
69,108,1,14.5,5.3,0.7,0.5,0,0.4,5.3,0.4,4.6,611.3
70,108,1,1,0.4,0,0,0,0,0.4,0,0.3,42.2
72,108,1,4,1.8,0.3,0.1,0,0.2,1.8,0.3,1.5,208.2
75,108,1,1,0.4,0.1,0,0,0,0.4,0.1,0.4,52.1
82,108,1,4,1.8,0.6,0.2,0,0,1.8,0.3,1.3,270.4
93,108,1,2,0.7,0.1,0.1,0,0,0.7,0.1,0.5,83.6
97,108,1,10,4.2,0.9,0.4,0,0.2,4.2,0.2,3.1,638.2
100,108,1,2,0.8,0.2,0.1,0,0,0.8,0,0.6,127.6
105,108,1,4,1.5,0.2,0,0,0,1.5,0.3,1.4,173.4
107,108,1,5,2.3,0.6,0.1,0.1,0.2,2.2,0.3,2.2,282.6
108,108,1,8,3.7,1,0.1,0.1,0.3,3.6,0.5,3.5,452.2
116,108,1,4,1.5,0.1,0.1,0,0,1.5,0.1,1.4,172.7
126,108,1,6,2.4,0.2,0,0,0.4,2.4,0.1,2.1,372.6
5,109,1,1,0.4,0.1,0,0,0,0.4,0,0.4,56.3
7,109,1,2,0.7,0.1,0,0,0.1,0.7,0.2,0.5,97
9,109,1,2,0.7,0.1,0,0,0.1,0.7,0.2,0.5,97
16,109,1,5,2,0.7,0.2,0.2,0,1.8,0.3,1.3,330.2
22,109,1,1,0.4,0.1,0,0,0,0.4,0.1,0.3,66
27,109,1,1,0.6,0.2,0,0,0.1,0.6,0.1,0.6,92.5
31,109,1,4,1.6,0.4,0.1,0,0,1.6,0.5,1.4,233.6
33,109,1,2,0.8,0.2,0,0,0,0.8,0.3,0.7,116.8
39,109,1,4,1.7,0.6,0,0,0.2,1.7,0.3,1.1,257.7
57,109,1,5,2.1,0.5,0.1,0,0.1,2.1,0.3,1.2,224.3
58,109,1,9,3.7,0.9,0.2,0,0.2,3.7,0.6,2.2,403.8
62,109,1,8,3.3,0.6,0.2,0,0.2,3.3,0.3,3.2,471.1
65,109,1,3,1.2,0.2,0.1,0,0.1,1.2,0.1,1.2,176.7
68,109,1,41,14.9,1.9,1.5,0,1.1,14.9,1.1,13,1728.5
69,109,1,3,1.1,0.1,0.1,0,0.1,1.1,0.1,0.9,126.5
70,109,1,7,2.5,0.3,0.3,0,0.2,2.5,0.2,2.2,295.1
78,109,1,1,0.4,0.2,0,0,0,0.4,0.1,0.3,67.6
88,109,1,4,1.7,0.3,0,0,0.1,1.7,0.4,1.2,215.3
89,109,1,3,1.3,0.2,0,0,0.1,1.3,0.3,0.9,161.4
91,109,0,98,27,3,5,0,0,27,4,23,2420
92,109,1,14,4.9,0.9,0.5,0,0.2,4.9,0.6,3.8,585.5
93,109,1,11,3.8,0.7,0.4,0,0.2,3.8,0.5,3,460
96,109,1,2,0.8,0.2,0.1,0,0,0.8,0,0.6,127.6
107,109,1,9,4.2,1.2,0.1,0.1,0.3,4.1,0.6,3.9,508.7
108,109,1,15,6.9,1.9,0.2,0.2,0.6,6.7,1,6.5,847.9
109,109,1,6,2.8,0.8,0.1,0.1,0.2,2.7,0.4,2.6,339.2
114,109,1,2,0.7,0.1,0.1,0,0,0.7,0.1,0.5,80.1
115,109,1,6,2.2,0.4,0.2,0.1,0,2.1,0.4,1.5,240.4
119,109,1,3,1.1,0.1,0,0,0,1.1,0,1.1,129.5
125,109,1,4,1.4,0.2,0.2,0,0.1,1.4,0.3,1.3,188.2
8,110,1,2,0.7,0.1,0,0,0.1,0.7,0.2,0.5,97
12,110,1,2,0.9,0.2,0,0.2,0.1,0.7,0.3,0.5,91.3
16,110,1,11,4.4,1.5,0.4,0.4,0,4,0.7,2.9,726.4
34,110,1,3,1.2,0.3,0.1,0,0,1.2,0.4,1.1,175.2
40,110,1,1,0.4,0.2,0,0,0,0.4,0.1,0.3,64.4
49,110,1,3,1.1,0.2,0.1,0,0.1,1.1,0.3,0.9,205.5
50,110,1,2,0.8,0.1,0.1,0,0.1,0.8,0.2,0.6,137
59,110,1,14,5.7,1.4,0.3,0,0.3,5.7,0.9,3.4,628.1
60,110,1,6,2.5,0.6,0.1,0,0.1,2.5,0.4,1.5,269.2
62,110,1,20.5,8.5,1.6,0.4,0,0.4,8.5,0.8,8.1,1207.3
69,110,1,1,0.4,0,0,0,0,0.4,0,0.3,42.2
70,110,1,12,4.4,0.6,0.4,0,0.3,4.4,0.3,3.8,505.9
71,110,1,6,2.6,0.5,0.1,0,0.3,2.6,0.4,2.2,312.4
72,110,1,11,4.8,0.8,0.2,0,0.5,4.8,0.8,4,572.7
73,110,1,22,9.7,1.7,0.5,0,1,9.7,1.5,8,1145.3
74,110,1,3,1.3,0.2,0.1,0,0.1,1.3,0.2,1.1,156.2
75,110,1,8,3.5,0.6,0.2,0,0.4,3.5,0.5,2.9,416.5
84,110,1,1,0.4,0.2,0,0,0,0.4,0.1,0.3,67.6
86,110,1,2,0.8,0.2,0,0,0.1,0.8,0.2,0.6,107.6
91,110,0,42,16,2,0,0,2,16,4,13,1644
92,110,1,28,9.7,1.9,0.9,0,0.5,9.7,1.2,7.6,1171
102,110,1,6,2.2,0.3,0,0,0,2.2,0.4,2.1,260
103,110,1,2,0.7,0.1,0,0,0,0.7,0.1,0.7,86.7
104,110,1,6,2.2,0.3,0,0,0,2.2,0.4,2.1,260
108,110,1,2,0.9,0.3,0,0,0.1,0.9,0.1,0.9,113.1
109,110,1,15,6.9,1.9,0.2,0.2,0.6,6.7,1,6.5,847.9
112,110,1,4,1.5,0.2,0.1,0.1,0,1.4,0.3,1,160.2
115,110,1,1,0.4,0.1,0,0,0,0.4,0.1,0.2,40.1
118,110,1,6,2.2,0.2,0.1,0,0,2.2,0.1,2.1,259
119,110,1,19,7.1,0.5,0.3,0,0,7.1,0.3,6.8,820.3
21,111,1,5,2,0.7,0.2,0.2,0,1.8,0.3,1.3,330.2
24,111,1,1,0.4,0.1,0,0,0,0.4,0.1,0.3,66
27,111,1,1,0.6,0.2,0,0,0.1,0.6,0.1,0.6,92.5
32,111,1,2,0.8,0.2,0,0,0,0.8,0.3,0.7,116.8
34,111,1,1,0.4,0.1,0,0,0,0.4,0.1,0.4,58.4
35,111,1,12,4.8,1.1,0.3,0,0,4.8,1.6,4.3,700.8
36,111,1,4,1.7,0.6,0,0,0.2,1.7,0.3,1.1,257.7
37,111,1,1,0.4,0.2,0,0,0,0.4,0.1,0.3,64.4
40,111,1,4,1.7,0.6,0,0,0.2,1.7,0.3,1.1,257.7
49,111,1,1,0.4,0.1,0,0,0,0.4,0.1,0.3,68.5
54,111,1,3,1.1,0.2,0.1,0,0.1,1.1,0.3,0.9,205.5
55,111,1,3,1.1,0.2,0.1,0,0.1,1.1,0.3,0.9,205.5
58,111,1,9,3.7,0.9,0.2,0,0.2,3.7,0.6,2.2,403.8
59,111,1,12,4.9,1.2,0.2,0,0.2,4.9,0.7,3,538.4
60,111,1,16,6.6,1.6,0.3,0,0.3,6.6,1,3.9,717.9
65,111,1,2,0.8,0.2,0,0,0,0.8,0.1,0.8,117.8
68,111,1,4,1.5,0.2,0.1,0,0.1,1.5,0.1,1.3,168.6
69,111,1,2,0.7,0.1,0.1,0,0.1,0.7,0.1,0.6,84.3
70,111,1,2,0.7,0.1,0.1,0,0.1,0.7,0.1,0.6,84.3
71,111,1,24,10.5,1.8,0.5,0,1.1,10.5,1.6,8.7,1249.5
72,111,1,22,9.7,1.7,0.5,0,1,9.7,1.5,8,1145.3
73,111,1,9,4,0.7,0.2,0,0.4,4,0.6,3.3,468.5
74,111,1,2,0.9,0.2,0,0,0.1,0.9,0.1,0.7,104.1
75,111,1,2,0.9,0.2,0,0,0.1,0.9,0.1,0.7,104.1
84,111,1,3,1.3,0.5,0.1,0,0,1.3,0.2,1,202.8
86,111,1,4,1.7,0.3,0,0,0.1,1.7,0.4,1.2,215.3
91,111,1,24,8.3,1.6,0.8,0,0.4,8.3,1,6.5,1003.7
92,111,1,31,10.8,2,1,0,0.5,10.8,1.3,8.5,1296.5
101,111,1,4,1.5,0.2,0,0,0,1.5,0.3,1.4,173.4
102,111,1,14,5.2,0.7,0,0,0,5.2,0.9,5,606.7
103,111,1,13,4.8,0.6,0,0,0,4.8,0.8,4.6,563.4
104,111,1,12,4.5,0.6,0,0,0,4.5,0.8,4.3,520.1
105,111,1,1,0.4,0,0,0,0,0.4,0.1,0.4,43.3
108,111,1,1,0.5,0.1,0,0,0,0.5,0.1,0.4,56.5
109,111,1,3,1.4,0.4,0,0,0.1,1.4,0.2,1.3,169.6
110,111,1,4,1.8,0.5,0.1,0,0.2,1.8,0.3,1.7,226.1
111,111,1,1,0.4,0.1,0,0,0,0.4,0.1,0.2,40.1
114,111,1,2,0.7,0.1,0.1,0,0,0.7,0.1,0.5,80.1
116,111,1,1,0.4,0,0,0,0,0.4,0,0.4,43.2
126,111,1,7.5,3.1,0.3,0,0,0.5,3.1,0.2,2.6,465.8
10,112,1,2,0.8,0,0,0,0,0.8,0.1,0.6,134.2
11,112,1,2,0.8,0,0,0,0,0.8,0.1,0.6,134.2
13,112,1,2,0.8,0,0,0,0,0.8,0.1,0.6,134.2
18,112,1,7,3.1,0.8,0.1,0.1,0.3,3,0.6,1.9,385.1
32,112,1,6,2,0.4,0.5,0.1,0.2,1.9,0.3,1.4,254.9
33,112,1,22,7.3,1.5,1.7,0.3,0.7,7,1.2,5.1,934.6
34,112,1,2,0.7,0.1,0.2,0,0.1,0.7,0.1,0.5,85
35,112,1,4,1.3,0.3,0.3,0,0.1,1.3,0.2,0.9,169.9
36,112,1,3,1.5,0.4,0.1,0,0,1.5,0.1,1.4,219.7
39,112,1,3,1.5,0.4,0.1,0,0,1.5,0.1,1.4,219.7
40,112,1,4,2,0.5,0.1,0,0,2,0.2,1.9,293
42,112,1,2,1,0.3,0,0,0,1,0.1,1,146.5
55,112,1,1,0.4,0.1,0,0,0.1,0.4,0,0.3,64.1
61,112,1,20,6.5,1,1.2,0.2,0.4,6.3,0.8,6,856
62,112,1,8,2.6,0.4,0.5,0.1,0.2,2.5,0.3,2.4,342.4
66,112,1,4,1.8,0.5,0.1,0.2,0,1.6,0.3,1.2,187.7
67,112,1,2,0.9,0.3,0.1,0.1,0,0.8,0.2,0.6,93.9
70,112,1,3,1.3,0.4,0.1,0.1,0,1.2,0.2,0.9,140.8
71,112,0,54,20,2,3,0,4,20,0,10,2031.6
72,112,1,18,7,1.1,0.3,0,0,7,2.1,5.9,818.9
76,112,1,7,2.3,0.3,0.3,0,0,2.3,0.3,1.4,344.7
82,112,1,4,1.3,0.2,0.2,0,0,1.3,0.2,0.8,196.9
87,112,1,2,0.7,0.2,0.1,0,0,0.7,0,0.6,92.5
90,112,1,10,3.7,0.9,0.3,0.3,0,3.4,0,3.1,462.6
91,112,1,13,5.2,1.4,0.3,0,0.3,5.2,0.3,4.4,578
92,112,1,4,1.6,0.4,0.1,0,0.1,1.6,0.1,1.4,177.9
99,112,1,1,0.4,0.1,0,0,0,0.4,0,0.4,48.6
102,112,1,3,1,0.1,0.1,0,0.1,1,0.1,1,117.7
103,112,1,12,4.1,0.6,0.4,0,0.6,4.1,0.4,3.9,471
104,112,0,50,14,2,3,0,0,14,0,14,1708
105,112,1,9,3,0.4,0.3,0,0.4,3,0.3,2.9,353.2
106,112,1,4,2.1,1,0,0,0,2.1,0.3,1.8,234.3
107,112,1,3,1.6,0.8,0,0,0,1.6,0.2,1.4,175.7
108,112,1,6,3.1,1.5,0,0,0,3.1,0.5,2.8,351.5
110,112,1,2,1,0.5,0,0,0,1,0.2,0.9,117.2
111,112,1,6,2.2,0.5,0.1,0.1,0.2,2.1,0.2,1.9,250.8
112,112,1,2,0.7,0.2,0,0,0.1,0.7,0.1,0.6,83.6
113,112,0,32,32,32,0,32,0,0,4,0,704
115,112,1,7,2.6,0.5,0.2,0.1,0.2,2.5,0.2,2.2,292.6
123,112,1,9,3.5,1,0.1,0,0.3,3.5,0.6,2.7,422.6
6,113,1,6,2.5,0.1,0,0,0.1,2.5,0.4,1.8,402.7
12,113,1,4,1.7,0.1,0,0,0.1,1.7,0.3,1.2,268.5
20,113,1,3,1.4,0.4,0,0.1,0.2,1.3,0.2,0.8,165.1
22,113,1,2,0.8,0.3,0.1,0,0,0.8,0.2,0.8,109.8
23,113,1,4,1.7,0.6,0.2,0,0,1.7,0.3,1.5,219.5
24,113,1,10,4.2,1.5,0.4,0,0,4.2,0.8,3.8,548.8
25,113,1,3,1.3,0.5,0.1,0,0,1.3,0.2,1.2,164.7
29,113,1,2,0.7,0.2,0.2,0,0.1,0.7,0.2,0.6,94.8
30,113,1,1,0.3,0.1,0.1,0,0.1,0.3,0.1,0.3,47.4
32,113,1,17,5.6,1.1,1.3,0.2,0.6,5.4,0.9,3.9,722.2
33,113,1,16,5.3,1.1,1.2,0.2,0.5,5.1,0.9,3.7,679.7
34,113,1,11,3.6,0.7,0.8,0.1,0.4,3.5,0.6,2.5,467.3
35,113,1,3,1,0.2,0.2,0,0.1,1,0.2,0.7,127.5
38,113,1,2,1,0.3,0,0,0,1,0.1,1,146.5
39,113,1,2,1,0.3,0,0,0,1,0.1,1,146.5
47,113,1,2,0.9,0.2,0,0,0.1,0.9,0.1,0.7,128.2
50,113,1,6,2.7,0.5,0,0,0.3,2.7,0.2,2.1,384.5
53,113,1,7,3.1,0.5,0,0,0.4,3.1,0.3,2.4,448.5
54,113,1,2,0.9,0.2,0,0,0.1,0.9,0.1,0.7,128.2
62,113,1,16,5.2,0.8,1,0.2,0.3,5,0.7,4.8,684.8
63,113,1,8,2.6,0.4,0.5,0.1,0.2,2.5,0.3,2.4,342.4
65,113,1,4,1.3,0.2,0.2,0,0.1,1.3,0.2,1.2,171.2
70,113,1,4,1.8,0.5,0.1,0.2,0,1.6,0.3,1.2,187.7
71,113,1,8,3.1,0.5,0.1,0,0,3.1,1,2.6,363.9
79,113,1,4,1.3,0.2,0.2,0,0,1.3,0.2,0.8,196.9
84,113,1,1,0.3,0,0,0,0,0.3,0,0.2,49.2
88,113,1,5,1.8,0.5,0.2,0.1,0,1.7,0,1.5,231.3
90,113,1,8,3,0.7,0.2,0.3,0,2.7,0,2.5,370.1
91,113,0,23,11,2,0,0,0,11,0,10,1177
92,113,1,17,6.8,1.8,0.3,0,0.3,6.8,0.3,5.8,755.9
94,113,1,1,0.4,0.1,0,0,0,0.4,0,0.3,44.5
103,113,1,24,8.1,1.1,0.7,0,1.1,8.1,0.7,7.8,941.9
104,113,1,4,1.4,0.2,0.1,0,0.2,1.4,0.1,1.3,157
107,113,1,4,2.1,1,0,0,0,2.1,0.3,1.8,234.3
108,113,1,14,7.3,3.5,0,0,0,7.3,1.1,6.5,820.1
109,113,1,4,2.1,1,0,0,0,2.1,0.3,1.8,234.3
110,113,1,8,4.2,2,0,0,0,4.2,0.6,3.7,468.6
115,113,1,2,0.7,0.2,0,0,0.1,0.7,0.1,0.6,83.6
124,113,1,3,1.2,0.3,0,0,0.1,1.2,0.2,0.9,140.9
125,113,1,3,1.2,0.3,0,0,0.1,1.2,0.2,0.9,140.9
6,114,1,2,0.8,0,0,0,0,0.8,0.1,0.6,134.2
13,114,1,2,0.8,0,0,0,0,0.8,0.1,0.6,134.2
16,114,1,7,3.1,0.8,0.1,0.1,0.3,3,0.6,1.9,385.1
17,114,1,2,0.9,0.2,0,0,0.1,0.9,0.2,0.5,110
20,114,1,21,9.4,2.4,0.3,0.3,1,9.1,1.8,5.6,1155.3
21,114,1,2,0.8,0.3,0.1,0,0,0.8,0.2,0.8,109.8
23,114,1,4,1.7,0.6,0.2,0,0,1.7,0.3,1.5,219.5
30,114,1,6,2,0.5,0.5,0,0.4,2,0.5,1.8,284.5
42,114,1,2,1,0.3,0,0,0,1,0.1,1,146.5
50,114,1,2,0.9,0.2,0,0,0.1,0.9,0.1,0.7,128.2
51,114,1,3,1.3,0.2,0,0,0.2,1.3,0.1,1,192.2
60,114,1,12,3.9,0.6,0.8,0.1,0.2,3.8,0.5,3.6,513.6
61,114,1,5,1.6,0.3,0.3,0,0.1,1.6,0.2,1.5,214
64,114,1,7,2.3,0.4,0.4,0.1,0.1,2.2,0.3,2.1,299.6
69,114,1,1,0.4,0.1,0,0,0,0.4,0.1,0.3,46.9
70,114,1,3,1.3,0.4,0.1,0.1,0,1.2,0.2,0.9,140.8
71,114,1,21,8.1,1.3,0.3,0,0,8.1,2.5,6.9,955.3
72,114,1,3,1.2,0.2,0,0,0,1.2,0.4,1,136.5
75,114,1,4,1.6,0.2,0.1,0,0,1.6,0.5,1.3,182
90,114,1,15,5.5,1.4,0.5,0.4,0,5.1,0,4.6,693.9
91,114,0,34.5,17,6,0,8,2,9,2,9,1398.6
92,114,1,17.5,7,1.9,0.3,0,0.3,7,0.3,6,778.1
93,114,1,4,1.6,0.4,0.1,0,0.1,1.6,0.1,1.4,177.9
96,114,1,9,3.3,0.9,0.2,0,0,3.3,0.2,3.3,437
101,114,1,7,2.4,0.3,0.2,0,0.3,2.4,0.2,2.3,274.7
102,114,1,5,1.7,0.2,0.2,0,0.2,1.7,0.2,1.6,196.2
108,114,1,2,1,0.5,0,0,0,1,0.2,0.9,117.2
109,114,1,2,1,0.5,0,0,0,1,0.2,0.9,117.2
110,114,1,2,1,0.5,0,0,0,1,0.2,0.9,117.2
111,114,1,12,4.4,0.9,0.3,0.2,0.4,4.2,0.4,3.8,501.6
114,114,1,16,5.8,1.2,0.4,0.3,0.6,5.5,0.6,5.1,668.8
115,114,1,25,9.1,1.9,0.6,0.4,0.9,8.7,0.9,7.9,1045
116,114,1,4,1.6,0.5,0.1,0,0.1,1.6,0.3,1.2,187.8
118,114,1,4,1.6,0.5,0.1,0,0.1,1.6,0.3,1.2,187.8
0,115,1,4,1.6,0.4,0.2,0,0.2,1.6,0.2,1.3,180.1
16,115,1,7,3.1,0.8,0.1,0.1,0.3,3,0.6,1.9,385.1
18,115,1,2,0.9,0.2,0,0,0.1,0.9,0.2,0.5,110
20,115,1,3,1.4,0.4,0,0.1,0.2,1.3,0.2,0.8,165.1
21,115,1,1,0.4,0.2,0,0,0,0.4,0.1,0.4,54.9
28,115,1,9,3,0.8,0.8,0,0.5,3,0.8,2.7,426.8
35,115,1,5,1.6,0.3,0.4,0,0.2,1.6,0.3,1.2,212.4
36,115,1,1,0.5,0.1,0,0,0,0.5,0,0.5,73.2
37,115,1,4,2,0.5,0.1,0,0,2,0.2,1.9,293
39,115,1,2,1,0.3,0,0,0,1,0.1,1,146.5
40,115,1,4,2,0.5,0.1,0,0,2,0.2,1.9,293
47,115,1,2,0.9,0.2,0,0,0.1,0.9,0.1,0.7,128.2
69,115,1,6,2.6,0.8,0.2,0.3,0,2.3,0.5,1.9,281.6
70,115,1,4,1.8,0.5,0.1,0.2,0,1.6,0.3,1.2,187.7
71,115,1,1,0.4,0.1,0,0,0,0.4,0.1,0.3,45.5
72,115,1,8,3.1,0.5,0.1,0,0,3.1,1,2.6,363.9
73,115,1,2,0.8,0.1,0,0,0,0.8,0.2,0.7,91
85,115,1,2,0.7,0.1,0.1,0,0,0.7,0.1,0.4,98.5
86,115,1,8,3,0.7,0.2,0.3,0,2.7,0,2.5,370.1
90,115,1,3,1.1,0.3,0.1,0.1,0,1,0,0.9,138.8
91,115,1,9,3.6,1,0.2,0,0.2,3.6,0.2,3.1,400.2
92,115,1,4,1.6,0.4,0.1,0,0.1,1.6,0.1,1.4,177.9
94,115,1,4,1.6,0.4,0.1,0,0.1,1.6,0.1,1.4,177.9
95,115,1,5,2,0.5,0.1,0,0.1,2,0.1,1.7,222.3
96,115,1,31,11.3,3,0.6,0,0,11.3,0.6,11.3,1505.3
101,115,1,1,0.3,0,0,0,0,0.3,0,0.3,39.2
111,115,1,4,1.5,0.3,0.1,0.1,0.1,1.4,0.1,1.3,167.2
112,115,1,10.5,3.8,0.8,0.2,0.2,0.4,3.6,0.4,3.3,438.9
113,115,1,6,2.2,0.5,0.1,0.1,0.2,2.1,0.2,1.9,250.8
114,115,1,15,5.5,1.1,0.4,0.3,0.5,5.2,0.5,4.8,627
115,115,0,87,36,12,2,1,2,35,1,27,3690
116,115,0,34,32,30,0,29,1,3,1,2,1026
117,115,1,2,0.8,0.2,0,0,0.1,0.8,0.1,0.6,93.9
125,115,1,3,1.2,0.3,0,0,0.1,1.2,0.2,0.9,140.9
1,116,1,3,1.2,0.2,0,0.1,0,1.1,0.3,0.9,197
4,116,1,6,2.4,0.3,0,0.1,0,2.3,0.5,1.9,393.9
6,116,1,7,2.9,0.2,0,0,0.2,2.9,0.5,2,469.8
16,116,1,2,0.9,0.2,0,0,0.1,0.9,0.2,0.5,110
17,116,1,2,0.9,0.2,0,0,0.1,0.9,0.2,0.5,110
19,116,1,2,0.9,0.2,0,0,0.1,0.9,0.2,0.5,110
20,116,1,2,0.9,0.2,0,0,0.1,0.9,0.2,0.5,110
33,116,1,5,1.6,0.3,0.4,0,0.2,1.6,0.3,1.2,212.4
36,116,1,7,3.5,1,0.2,0,0,3.5,0.3,3.3,512.8
40,116,1,2,1,0.3,0,0,0,1,0.1,1,146.5
42,116,1,1,0.5,0.1,0,0,0,0.5,0,0.5,73.2
46,116,1,2,0.9,0.2,0,0,0.1,0.9,0.1,0.7,128.2
48,116,1,1,0.4,0.1,0,0,0.1,0.4,0,0.3,64.1
51,116,1,4,1.8,0.3,0,0,0.2,1.8,0.2,1.4,256.3
57,116,1,2,0.6,0.1,0.1,0,0,0.6,0.1,0.6,85.6
68,116,1,1,0.4,0.1,0,0,0,0.4,0.1,0.3,46.9
69,116,1,3.5,1.5,0.5,0.1,0.2,0,1.3,0.3,1.1,164.3
70,116,1,7,3.1,0.9,0.2,0.4,0,2.7,0.5,2.2,328.5
73,116,1,2,0.8,0.1,0,0,0,0.8,0.2,0.7,91
79,116,1,5,1.6,0.2,0.2,0,0,1.6,0.2,1,246.2
82,116,1,3,1,0.1,0.1,0,0,1,0.1,0.6,147.7
91,116,1,2,0.8,0.2,0,0,0,0.8,0,0.7,88.9
95,116,1,22,8.8,2.4,0.4,0,0.4,8.8,0.4,7.5,978.2
96,116,1,9,3.3,0.9,0.2,0,0,3.3,0.2,3.3,437
98,116,1,2,0.7,0.2,0,0,0,0.7,0,0.7,97.1
110,116,1,1,0.5,0.2,0,0,0,0.5,0.1,0.5,58.6
111,116,1,7,2.6,0.5,0.2,0.1,0.2,2.5,0.2,2.2,292.6
112,116,1,28,10.2,2.1,0.7,0.5,1,9.7,1,8.9,1170.4
113,116,1,9,3.3,0.7,0.2,0.2,0.3,3.1,0.3,2.9,376.2
114,116,1,20.5,7.5,1.6,0.5,0.4,0.7,7.1,0.7,6.5,856.9
115,116,0,46,24,9,0,0,3,24,3,18,2217
116,116,0,57,21,3,2,1,6,20,3,15,2261
117,116,1,4,1.6,0.5,0.1,0,0.1,1.6,0.3,1.2,187.8
118,116,1,2,0.8,0.2,0,0,0.1,0.8,0.1,0.6,93.9
119,116,1,19,7.5,2.1,0.3,0,0.5,7.5,1.3,5.6,892.2
120,116,1,10,3.9,1.1,0.1,0,0.3,3.9,0.7,3,469.6
122,116,1,8,3.2,0.9,0.1,0,0.2,3.2,0.6,2.4,375.7
127,116,1,2,0.9,0.2,0,0.1,0.1,0.8,0.1,0.6,103.8
0,117,1,1,0.4,0.1,0,0,0,0.4,0.1,0.3,65.7
1,117,1,4,1.6,0.2,0,0.1,0,1.5,0.3,1.2,262.6
2,117,1,3,1.2,0.2,0,0.1,0,1.1,0.3,0.9,197
5,117,1,2,0.8,0.1,0,0,0,0.8,0.2,0.6,131.3
10,117,1,1,0.4,0,0,0,0,0.4,0.1,0.3,67.1
17,117,1,5,2.1,0.7,0.1,0,0.1,2.1,0.1,1.9,295
20,117,1,4,1.7,0.6,0.1,0,0.1,1.7,0.1,1.5,236
22,117,1,1,0.4,0.1,0,0,0,0.4,0,0.4,59
24,117,1,3,1.3,0.4,0.1,0,0.1,1.3,0.1,1.1,177
27,117,1,1,0.3,0.1,0.1,0,0.1,0.3,0.1,0.3,47.4
29,117,1,2,0.7,0.2,0.2,0,0.1,0.7,0.2,0.6,94.8
33,117,1,2,0.7,0.1,0.1,0,0,0.7,0.1,0.6,103.9
34,117,1,7,2.5,0.2,0.4,0,0,2.5,0.2,2.3,363.6
35,117,1,4,1.4,0.1,0.2,0,0,1.4,0.1,1.3,207.8
42,117,1,5,2,0.5,0,0.3,0.3,1.7,0.4,1.2,250.6
53,117,1,4,1.2,0,0,0,0.1,1.2,0.1,1,159.6
54,117,1,4,1.2,0,0,0,0.1,1.2,0.1,1,159.6
64,117,1,2,0.6,0.1,0.1,0,0,0.6,0.1,0.6,85.6
65,117,1,2,0.6,0.1,0.1,0,0,0.6,0.1,0.6,85.6
67,117,1,2,0.9,0.2,0,0.1,0.2,0.8,0,0.5,98.5
75,117,1,5,2.2,0.6,0.1,0.2,0.5,2,0.1,1.4,246.1
79,117,1,2,0.7,0.1,0.1,0,0,0.7,0.1,0.4,98.5
80,117,1,4,1.3,0.2,0.2,0,0,1.3,0.2,0.8,196.9
82,117,1,2,0.9,0.3,0,0,0.1,0.9,0,0.7,98
84,117,1,4,1.8,0.5,0,0,0.2,1.8,0.1,1.4,196
87,117,1,4,1.5,0.4,0.1,0.1,0,1.4,0,1.2,185
91,117,1,1,0.4,0.1,0,0,0,0.4,0,0.3,45.6
92,117,1,1,0.4,0.1,0,0,0,0.4,0,0.3,45.6
94,117,1,4,1.5,0.3,0,0,0.2,1.5,0.1,1.1,182.5
95,117,1,11,4.2,0.9,0,0,0.5,4.2,0.2,3,501.8
98,117,1,13,5.9,1.2,0,0,0.8,5.9,0.8,5.9,699.6
102,117,1,12.5,4.2,0.2,0.7,0,0.4,4.2,0.9,3.3,538.9
108,117,1,16,7,1.8,0.2,0.4,0.5,6.6,0.4,5.9,817.3
109,117,1,7,3.1,0.8,0.1,0.2,0.2,2.9,0.2,2.6,357.6
110,117,1,2,0.9,0.2,0,0.1,0.1,0.8,0,0.7,102.2
111,117,0,26,12,4,0,2,0,10,1,10,1358
112,117,0,30,14,5,1,0,1,14,2,11,1356
113,117,0,75,34,12,3,2,2,32,5,25,3624
114,117,1,19,7.8,1.6,0.7,0.6,0.4,7.2,0.4,6.2,853.1
115,117,1,6,2.5,0.5,0.2,0.2,0.1,2.3,0.1,2,269.4
116,117,1,10,3.7,0.9,0.4,0.3,0.2,3.4,0.5,2.3,428.9
117,117,1,7,2.6,0.6,0.3,0.2,0.1,2.4,0.4,1.6,300.2
118,117,0,29,11,1,0,0,0,11,0,10,1225
119,117,0,44.5,16,3,0,0,1,16,0,11,1629
120,117,1,4,1.5,0.4,0.2,0.1,0.1,1.4,0.2,0.9,171.6
121,117,1,2,0.7,0.1,0,0,0.1,0.7,0.1,0.7,88
122,117,1,9,3.4,0.4,0.2,0,0.5,3.4,0.5,2.9,395.9
123,117,1,7,2.6,0.3,0.2,0,0.4,2.6,0.4,2.3,308
2,118,1,7,2.8,0.4,0,0.1,0,2.7,0.6,2.2,459.6
3,118,1,2,0.8,0.1,0,0,0,0.8,0.2,0.6,131.3
14,118,1,3,1.2,0.1,0,0,0.1,1.2,0.2,0.9,201.4
18,118,1,2,0.9,0.3,0.1,0,0.1,0.9,0.1,0.7,118
30,118,1,5,1.7,0.5,0.5,0,0.3,1.7,0.5,1.5,237.1
33,118,1,5,1.8,0.1,0.3,0,0,1.8,0.1,1.6,259.7
34,118,1,2,0.7,0.1,0.1,0,0,0.7,0.1,0.6,103.9
39,118,1,3,1.5,0.4,0.1,0,0,1.5,0.1,1.4,219.7
42,118,1,4,1.6,0.4,0,0.3,0.2,1.3,0.3,1,200.5
53,118,1,7.5,2.3,0,0,0,0.2,2.3,0.2,1.8,299.2
60,118,1,4,1.6,0.4,0,0.1,0.2,1.5,0.2,1.2,184.7
65,118,1,1,0.3,0.1,0.1,0,0,0.3,0,0.3,42.8
66,118,1,6,2.6,0.7,0.1,0.3,0.5,2.3,0.1,1.6,295.4
67,118,1,5,2.2,0.6,0.1,0.2,0.5,2,0.1,1.4,246.1
71,118,1,4,1.7,0.5,0.1,0.2,0.4,1.5,0.1,1.1,196.9
74,118,1,5,2.2,0.6,0.1,0.2,0.5,2,0.1,1.4,246.1
75,118,1,3,1.3,0.3,0.1,0.1,0.3,1.2,0.1,0.8,147.7
77,118,1,4.5,1.5,0.2,0.2,0,0,1.5,0.2,0.9,221.6
78,118,1,2,0.7,0.1,0.1,0,0,0.7,0.1,0.4,98.5
82,118,1,19.5,8.6,2.6,0,0,0.9,8.6,0.4,6.9,955.7
83,118,1,6,2.6,0.8,0,0,0.3,2.6,0.1,2.1,294.1
86,118,1,2,0.7,0.2,0.1,0,0,0.7,0,0.6,92.5
88,118,1,4,1.5,0.4,0.1,0.1,0,1.4,0,1.2,185
91,118,1,1,0.4,0.1,0,0,0,0.4,0,0.3,45.6
94,118,1,6,2.3,0.5,0,0,0.3,2.3,0.1,1.6,273.7
96,118,1,1,0.5,0.1,0,0,0.1,0.5,0.1,0.5,53.8
98,118,1,4,1.8,0.4,0,0,0.2,1.8,0.2,1.8,215.3
99,118,1,8,3.6,0.7,0,0,0.5,3.6,0.5,3.6,430.5
102,118,1,9,3,0.2,0.5,0,0.3,3,0.6,2.4,388
103,118,1,12,4,0.2,0.6,0,0.4,4,0.8,3.2,517.4
104,118,0,34,14,2,0,0,0,14,2,12,1596
108,118,1,20,8.8,2.2,0.2,0.5,0.7,8.3,0.4,7.4,1021.6
109,118,1,14,6.1,1.6,0.2,0.3,0.5,5.8,0.3,5.2,715.1
110,118,1,11,4.8,1.2,0.1,0.2,0.4,4.6,0.2,4.1,561.9
111,118,1,9,3.7,0.8,0.3,0.3,0.2,3.4,0.2,3,404.1
112,118,1,29,12,2.4,1.1,0.9,0.7,11.1,0.7,9.5,1302.1
113,118,0,70,32,9,2,16,9,16,8,6,2836
114,118,0,139,84,47,1,42,13,42,20,28,7582
115,118,0,83.5,46,24,1,11,10,35,11,23,3989.3
116,118,0,37,17,9,2,0,1,17,3,13,1802
117,118,0,31,13,3,1,0,0,13,1,8,1337
118,118,0,28,13,3,0,0,2,13,3,11,1411
119,118,1,11,4,1,0.4,0.3,0.2,3.7,0.6,2.6,471.8
120,118,1,6,2.2,0.6,0.2,0.2,0.1,2,0.3,1.4,257.3
121,118,1,23,8.6,0.9,0.5,0,1.2,8.6,1.2,7.5,1011.9
122,118,1,22,8.2,0.9,0.5,0,1.2,8.2,1.2,7.2,967.9
123,118,0,40,11,0,2,0,0,11,1,11,1303
0,119,1,3,1.2,0.2,0,0.1,0,1.1,0.3,0.9,197
2,119,1,2,0.8,0.1,0,0,0,0.8,0.2,0.6,131.3
3,119,1,3,1.2,0.2,0,0.1,0,1.1,0.3,0.9,197
9,119,1,3,1.2,0.1,0,0,0.1,1.2,0.2,0.9,201.4
11,119,1,2,0.8,0,0,0,0,0.8,0.1,0.6,134.2
16,119,1,4,1.7,0.6,0.1,0,0.1,1.7,0.1,1.5,236
19,119,1,3,1.3,0.4,0.1,0,0.1,1.3,0.1,1.1,177
32,119,1,3,1.1,0.1,0.2,0,0,1.1,0.1,1,155.8
33,119,1,7,2.5,0.2,0.4,0,0,2.5,0.2,2.3,363.6
41,119,1,1,0.4,0.1,0,0.1,0.1,0.3,0.1,0.2,50.1
43,119,1,3,1.2,0.3,0,0.2,0.2,1,0.2,0.7,150.4
44,119,1,1,0.4,0.1,0,0.1,0.1,0.3,0.1,0.2,50.1
45,119,1,2,0.8,0.2,0,0.1,0.1,0.7,0.1,0.5,100.2
56,119,1,2,0.8,0.2,0,0.1,0.1,0.7,0.1,0.6,92.3
57,119,1,4,1.6,0.4,0,0.1,0.2,1.5,0.2,1.2,184.7
63,119,1,3,1,0.2,0.2,0,0.1,1,0.1,0.9,128.4
68,119,1,3,1.3,0.3,0.1,0.1,0.3,1.2,0.1,0.8,147.7
77,119,1,2,0.7,0.1,0.1,0,0,0.7,0.1,0.4,98.5
80,119,1,6,2,0.2,0.2,0,0,2,0.2,1.2,295.4
81,119,1,1,0.4,0.1,0,0,0,0.4,0,0.4,49
83,119,1,6,2.6,0.8,0,0,0.3,2.6,0.1,2.1,294.1
84,119,1,4,1.8,0.5,0,0,0.2,1.8,0.1,1.4,196
95,119,1,7,2.7,0.6,0,0,0.3,2.7,0.1,1.9,319.3
103,119,1,13,4.4,0.2,0.7,0,0.5,4.4,0.9,3.5,560.5
104,119,0,42,15,3,2,0,0,15,1,9,1495
105,119,1,4,1.3,0.1,0.2,0,0.1,1.3,0.3,1.1,172.5
106,119,1,8,3.5,0.9,0.1,0.2,0.3,3.3,0.2,3,408.6
108,119,1,2,0.9,0.2,0,0.1,0.1,0.8,0,0.7,102.2
110,119,1,8,3.5,0.9,0.1,0.2,0.3,3.3,0.2,3,408.6
111,119,1,9,3.7,0.8,0.3,0.3,0.2,3.4,0.2,3,404.1
112,119,0,35,13,3,2,0,4,13,3,7,1421
113,119,0,45,37,32,1,34,0,3,7,3,1443
114,119,0,53.5,28,13,1,8,2,20,4,18,3016
115,119,0,95.5,52,21,1,15,9,37,11,24,4524
116,119,0,66.5,25,8,2,0,2,25,5,20,2785
117,119,0,29.5,12,3,1,0,2,12,2,9,1391
118,119,1,8,2.9,0.7,0.3,0.2,0.2,2.7,0.4,1.9,343.1
119,119,1,6,2.2,0.6,0.2,0.2,0.1,2,0.3,1.4,257.3
120,119,1,11,4,1,0.4,0.3,0.2,3.7,0.6,2.6,471.8
121,119,0,27,11,1,0,0,0,11,0,9,1413
122,119,1,12,4.5,0.5,0.3,0,0.6,4.5,0.6,3.9,527.9
123,119,1,21,7.8,0.9,0.5,0,1.1,7.8,1.1,6.9,923.9
124,119,1,7,2.6,0.3,0.2,0,0.4,2.6,0.4,2.3,308
13,120,1,3,1.2,0.1,0,0,0.1,1.2,0.2,0.9,201.4
19,120,1,2,0.9,0.3,0.1,0,0.1,0.9,0.1,0.7,118
23,120,1,5,2.1,0.7,0.1,0,0.1,2.1,0.1,1.9,295
44,120,1,7,2.8,0.7,0,0.5,0.4,2.3,0.5,1.7,350.9
45,120,1,18,7.3,1.9,0,1.3,0.9,6,1.3,4.4,902.2
46,120,1,9,4,0.7,0,0,0.5,4,0.3,3.1,576.7
47,120,1,2,0.9,0.2,0,0,0.1,0.9,0.1,0.7,128.2
50,120,1,5,2.2,0.4,0,0,0.3,2.2,0.2,1.7,320.4
55,120,1,4,1.2,0,0,0,0.1,1.2,0.1,1,159.6
56,120,1,15,6.1,1.5,0,0.6,0.7,5.5,0.7,4.6,692.6
57,120,1,13,5.3,1.3,0,0.5,0.6,4.8,0.6,4,600.2
60,120,1,2,0.8,0.2,0,0.1,0.1,0.7,0.1,0.6,92.3
61,120,1,6,1.9,0.3,0.4,0,0.1,1.9,0.2,1.8,256.8
68,120,1,4,1.7,0.5,0.1,0.2,0.4,1.5,0.1,1.1,196.9
70,120,1,4,1.7,0.5,0.1,0.2,0.4,1.5,0.1,1.1,196.9
80,120,1,2,0.7,0.1,0.1,0,0,0.7,0.1,0.4,98.5
85,120,1,3,1.3,0.4,0,0,0.1,1.3,0.1,1.1,147
86,120,1,3,1.1,0.3,0.1,0.1,0,1,0,0.9,138.8
89,120,1,1,0.4,0.1,0,0,0,0.4,0,0.3,46.3
93,120,1,1,0.4,0.1,0,0,0,0.4,0,0.3,45.6
94,120,1,4,1.5,0.3,0,0,0.2,1.5,0.1,1.1,182.5
99,120,1,2,0.9,0.2,0,0,0.1,0.9,0.1,0.9,107.6
102,120,1,2,0.7,0,0.1,0,0.1,0.7,0.1,0.5,86.2
103,120,1,2,0.7,0,0.1,0,0.1,0.7,0.1,0.5,86.2
104,120,1,2,0.7,0,0.1,0,0.1,0.7,0.1,0.5,86.2
110,120,1,1,0.4,0.1,0,0,0,0.4,0,0.4,51.1
112,120,1,6,2.5,0.5,0.2,0.2,0.1,2.3,0.1,2,269.4
114,120,1,19,7.8,1.6,0.7,0.6,0.4,7.2,0.4,6.2,853.1
115,120,0,81,39,15,0,9,4,30,5,25,3384
116,120,0,33,14,3,0,0,1,14,0,10,1356
117,120,0,35,12,1,1,0,1,12,1,7,1262
118,120,1,26,9.6,2.4,1.1,0.8,0.5,8.8,1.3,6.1,1115.1
119,120,1,8,2.9,0.7,0.3,0.2,0.2,2.7,0.4,1.9,343.1
121,120,1,5,1.9,0.2,0.1,0,0.3,1.9,0.3,1.6,220
123,120,1,11,4.1,0.4,0.3,0,0.6,4.1,0.6,3.6,483.9
124,120,1,7,2.6,0.3,0.2,0,0.4,2.6,0.4,2.3,308
125,120,1,4,1.5,0.2,0.1,0,0.2,1.5,0.2,1.3,176
2,121,1,2,0.8,0.1,0,0,0,0.8,0.2,0.6,131.3
5,121,1,2,0.8,0.1,0,0,0,0.8,0.2,0.6,131.3
12,121,1,2,0.8,0,0,0,0,0.8,0.1,0.6,134.2
19,121,1,3,1.3,0.4,0.1,0,0.1,1.3,0.1,1.1,177
20,121,1,2,0.9,0.3,0.1,0,0.1,0.9,0.1,0.7,118
23,121,1,1,0.4,0.1,0,0,0,0.4,0,0.4,59
26,121,1,3,1,0.3,0.3,0,0.2,1,0.3,0.9,142.3
27,121,1,4,1.3,0.4,0.4,0,0.2,1.3,0.4,1.2,189.7
31,121,1,2,0.7,0.1,0.1,0,0,0.7,0.1,0.6,103.9
34,121,1,2,0.7,0.1,0.1,0,0,0.7,0.1,0.6,103.9
37,121,1,2,1,0.3,0,0,0,1,0.1,1,146.5
44,121,1,4,1.6,0.4,0,0.3,0.2,1.3,0.3,1,200.5
45,121,1,12,4.8,1.3,0,0.8,0.6,4,0.8,2.9,601.5
46,121,1,2,0.9,0.2,0,0,0.1,0.9,0.1,0.7,128.2
47,121,1,2,0.9,0.2,0,0,0.1,0.9,0.1,0.7,128.2
55,121,1,17,5.1,0,0,0,0.5,5.1,0.5,4.2,678.1
56,121,1,19.5,7.9,1.9,0,0.7,1,7.2,1,6,900.3
57,121,1,22,8.9,2.2,0,0.8,1.1,8.1,1.1,6.7,1015.8
73,121,1,3,1.3,0.3,0.1,0.1,0.3,1.2,0.1,0.8,147.7
93,121,1,6,2.3,0.5,0,0,0.3,2.3,0.1,1.6,273.7
94,121,1,21,8,1.7,0,0,1,8,0.3,5.7,958
99,121,1,2,0.9,0.2,0,0,0.1,0.9,0.1,0.9,107.6
100,121,1,3,1.4,0.3,0,0,0.2,1.4,0.2,1.4,161.5
114,121,1,5,2.1,0.4,0.2,0.2,0.1,1.9,0.1,1.6,224.5
115,121,1,29,12,2.4,1.1,0.9,0.7,11.1,0.7,9.5,1302.1
116,121,0,62,26,9,3,6,2,20,3,16,2344
117,121,0,31,12,2,2,0,2,12,0,11,1466
118,121,0,64,25,5,3,0,2,25,1,21,2799
119,121,1,1,0.4,0.1,0,0,0,0.4,0.1,0.2,42.9
124,121,1,29.5,11,1.2,0.7,0,1.5,11,1.5,9.6,1297.8
125,121,1,12,4.5,0.5,0.3,0,0.6,4.5,0.6,3.9,527.9
7,122,1,2,0.8,0.2,0,0,0.1,0.8,0.4,0.7,127.9
9,122,1,5,2.1,0.5,0,0,0.2,2.1,0.9,1.7,319.7
11,122,1,4,1.3,0.3,0.2,0,0,1.3,0,1.2,177.7
19,122,1,9,2.8,0.4,0.7,0.2,0.1,2.6,0,1.9,434.1
42,122,1,4,1.5,0.3,0,0,0,1.5,0.1,1.1,218.8
48,122,1,2,0.8,0.2,0,0,0.1,0.8,0,0.5,118.5
49,122,1,2,0.8,0.2,0,0,0.1,0.8,0,0.5,118.5
51,122,1,4,1.6,0.3,0,0,0.2,1.6,0.1,1.1,236.9
57,122,1,11,3.7,0.7,1,0,0.2,3.7,0.5,2.2,423.4
59,122,1,1,0.3,0.1,0.1,0,0,0.3,0,0.2,38.5
72,122,1,7,3,0.8,0,0,0.3,3,0.5,2.8,378
73,122,1,2,0.9,0.2,0,0,0.1,0.9,0.1,0.8,108
78,122,1,7,2.9,0.7,0.3,0,0.2,2.9,0.5,2.1,425.9
83,122,1,1,0.4,0.1,0,0,0,0.4,0.1,0.3,60.8
90,122,1,3,1.2,0.2,0.1,0.1,0.1,1.1,0.1,0.9,152.3
93,122,1,8,3.2,0.8,0.3,0.5,0.6,2.7,0.4,2.3,374.5
94,122,1,10,4,1,0.4,0.6,0.7,3.4,0.5,2.9,468.1
95,122,1,29,11.6,2.8,1.2,1.6,2,10,1.4,8.5,1357.5
98,122,1,15,5.5,1.5,0.3,0,0.3,5.5,0.9,4.3,607.4
99,122,1,1,0.4,0.1,0,0,0,0.4,0.1,0.3,40.5
100,122,1,10,3.6,1,0.2,0,0.2,3.6,0.6,2.9,404.9
109,122,1,2,0.7,0.1,0.1,0,0.1,0.7,0.1,0.5,90.3
115,122,1,11,4,0.4,0.3,0,0.4,4,0.7,3,496.7
116,122,1,12,4.6,1.2,0.8,0,0.4,4.6,1.2,3.5,540.4
117,122,1,9,3.5,0.9,0.6,0,0.3,3.5,0.9,2.6,405.3
118,122,1,3,1.2,0.3,0.2,0,0.1,1.2,0.3,0.9,135.1
124,122,1,4,1.6,0.4,0,0,0.1,1.6,0.2,1.4,194.2
127,122,1,3,1.2,0.3,0.1,0,0.1,1.2,0.2,1.1,139.9
8,123,1,2,0.8,0.2,0,0,0.1,0.8,0.4,0.7,127.9
15,123,1,4,1.3,0.3,0.2,0,0,1.3,0,1.2,177.7
26,123,1,2,0.8,0.2,0,0.1,0,0.7,0.1,0.6,113.8
33,123,1,4,1.5,0.4,0.1,0.1,0,1.4,0.2,1.2,227.5
36,123,1,1,0.4,0.1,0,0,0,0.4,0,0.3,54.7
40,123,1,4,1.5,0.3,0,0,0,1.5,0.1,1.1,218.8
44,123,1,4,1.5,0.3,0,0,0,1.5,0.1,1.1,218.8
45,123,1,3,1.1,0.2,0,0,0,1.1,0.1,0.8,164.1
48,123,1,3,1.2,0.2,0,0,0.1,1.2,0.1,0.8,177.7
54,123,1,2,0.8,0.2,0,0,0.1,0.8,0,0.5,118.5
56,123,1,9,3,0.6,0.8,0,0.2,3,0.4,1.8,346.4
69,123,1,2,0.8,0.1,0,0,0.1,0.8,0.1,0.8,101.9
70,123,1,7,2.9,0.5,0,0,0.3,2.9,0.5,2.7,356.6
74,123,1,4,1.7,0.5,0,0,0.2,1.7,0.3,1.6,216
75,123,1,2,0.9,0.2,0,0,0.1,0.9,0.1,0.8,108
78,123,1,3,1.3,0.3,0.1,0,0.1,1.3,0.2,0.9,182.5
79,123,1,3,1.3,0.3,0.1,0,0.1,1.3,0.2,0.9,182.5
82,123,1,3,1.3,0.3,0.1,0,0.1,1.3,0.2,0.9,182.5
85,123,1,5,2.1,0.5,0.2,0,0.1,2.1,0.3,1.5,304.2
87,123,1,2,0.8,0.1,0,0.1,0.1,0.7,0.1,0.6,101.6
88,123,1,2,0.8,0.1,0,0.1,0.1,0.7,0.1,0.6,101.6
92,123,1,5,2,0.5,0.2,0.3,0.3,1.7,0.2,1.5,234.1
93,123,1,17,6.8,1.7,0.7,1,1.2,5.8,0.8,5,795.8
94,123,1,2,0.8,0.2,0.1,0.1,0.1,0.7,0.1,0.6,93.6
95,123,0,41,15,4,2,0,1,15,3,10,1355
96,123,1,23,8.4,2.3,0.5,0,0.5,8.4,1.4,6.6,931.3
97,123,1,9,3.3,0.9,0.2,0,0.2,3.3,0.5,2.6,364.4
101,123,1,6,2.8,0.2,0,0,0.5,2.8,0.2,2,356
102,123,1,2,0.9,0.1,0,0,0.2,0.9,0.1,0.7,118.7
103,123,1,4,1.8,0.2,0,0,0.3,1.8,0.2,1.3,237.3
105,123,1,2,0.9,0.1,0,0,0.2,0.9,0.1,0.7,118.7
108,123,1,7,2.6,0.3,0.2,0,0.3,2.6,0.5,1.9,316.1
114,123,1,5,1.8,0.2,0.1,0,0.2,1.8,0.3,1.4,225.8
119,123,1,2,0.8,0.2,0.1,0,0.1,0.8,0.2,0.6,90.1
125,123,1,2,0.8,0.2,0,0,0,0.8,0.1,0.7,97.1
127,123,1,1,0.4,0.1,0,0,0,0.4,0.1,0.4,46.6
8,124,1,3,1.3,0.3,0,0,0.1,1.3,0.5,1,191.8
11,124,1,5,1.7,0.4,0.3,0,0,1.7,0,1.5,222.1
13,124,1,4,1.3,0.3,0.2,0,0,1.3,0,1.2,177.7
24,124,1,2,0.6,0.1,0.2,0,0,0.6,0,0.4,96.5
26,124,1,8,3,0.7,0.2,0.2,0,2.8,0.4,2.5,455
33,124,1,2,0.8,0.2,0,0.1,0,0.7,0.1,0.6,113.8
40,124,1,3,1.1,0.2,0,0,0,1.1,0.1,0.8,164.1
41,124,1,5,1.8,0.4,0.1,0,0.1,1.8,0.2,1.4,273.5
45,124,1,3,1.1,0.2,0,0,0,1.1,0.1,0.8,164.1
47,124,1,4,1.6,0.3,0,0,0.2,1.6,0.1,1.1,236.9
51,124,1,3,1.2,0.2,0,0,0.1,1.2,0.1,0.8,177.7
57,124,1,4,1.3,0.3,0.4,0,0.1,1.3,0.2,0.8,154
61,124,1,3,1.1,0.1,0.1,0,0,1.1,0.1,0.9,185.9
65,124,1,2,0.7,0.1,0,0,0,0.7,0,0.6,124
71,124,1,14,6,1.7,0,0,0.7,6,1,5.5,756
74,124,1,7,3,0.8,0,0,0.3,3,0.5,2.8,378
75,124,1,7,3,0.8,0,0,0.3,3,0.5,2.8,378
87,124,1,4,1.6,0.3,0.1,0.2,0.1,1.4,0.1,1.3,203.1
89,124,1,7,2.7,0.5,0.1,0.2,0.3,2.5,0.3,2.2,355.4
91,124,1,1,0.4,0.1,0,0.1,0.1,0.3,0,0.3,46.8
93,124,1,15,6,1.5,0.6,0.8,1,5.2,0.7,4.4,702.2
94,124,1,23,9.2,2.3,1,1.3,1.6,7.9,1.1,6.8,1076.7
95,124,0,37,12,1,2,0,1,12,0,10,1341
96,124,1,19,6.9,1.9,0.4,0,0.4,6.9,1.1,5.4,769.4
97,124,1,3.5,1.3,0.3,0.1,0,0.1,1.3,0.2,1,141.7
119,124,1,3,1.2,0.3,0.2,0,0.1,1.2,0.3,0.9,135.1
124,124,1,4,1.6,0.4,0,0,0.1,1.6,0.2,1.4,194.2
3,125,1,1,0.4,0.1,0,0,0,0.4,0,0.3,49.8
8,125,1,4,1.7,0.4,0,0,0.1,1.7,0.7,1.3,255.8
10,125,1,3,1.3,0.3,0,0,0.1,1.3,0.5,1,191.8
12,125,1,4,1.3,0.3,0.2,0,0,1.3,0,1.2,177.7
13,125,1,4,1.3,0.3,0.2,0,0,1.3,0,1.2,177.7
29,125,1,2,0.8,0.2,0,0.1,0,0.7,0.1,0.6,113.8
32,125,1,1,0.4,0.1,0,0,0,0.4,0,0.3,56.9
38,125,1,5,1.8,0.4,0.1,0,0.1,1.8,0.2,1.4,273.5
40,125,1,5,1.8,0.4,0.1,0,0.1,1.8,0.2,1.4,273.5
41,125,1,4,1.5,0.3,0,0,0,1.5,0.1,1.1,218.8
42,125,1,4,1.5,0.3,0,0,0,1.5,0.1,1.1,218.8
47,125,1,8,3.2,0.6,0,0,0.3,3.2,0.2,2.2,473.8
56,125,1,1,0.3,0.1,0.1,0,0,0.3,0,0.2,38.5
57,125,1,2,0.7,0.1,0.2,0,0,0.7,0.1,0.4,77
58,125,1,4,1.3,0.3,0.4,0,0.1,1.3,0.2,0.8,154
65,125,1,4,1.5,0.2,0.1,0,0,1.5,0.1,1.2,247.9
66,125,1,2.5,1,0.2,0,0,0.1,1,0.2,1,127.3
67,125,1,1,0.4,0.1,0,0,0,0.4,0.1,0.4,50.9
71,125,1,7,3,0.8,0,0,0.3,3,0.5,2.8,378
72,125,1,3,1.3,0.4,0,0,0.1,1.3,0.2,1.2,162
73,125,1,2,0.9,0.2,0,0,0.1,0.9,0.1,0.8,108
74,125,1,17.5,7.5,2.1,0,0,0.8,7.5,1.3,6.9,945
75,125,1,2,0.9,0.2,0,0,0.1,0.9,0.1,0.8,108
76,125,1,2,0.8,0.2,0.1,0,0,0.8,0.1,0.6,121.7
78,125,1,6,2.5,0.6,0.3,0,0.1,2.5,0.4,1.8,365
79,125,1,3,1.3,0.3,0.1,0,0.1,1.3,0.2,0.9,182.5
85,125,1,4,1.7,0.4,0.2,0,0.1,1.7,0.3,1.2,243.3
93,125,1,8,3.2,0.8,0.3,0.5,0.6,2.7,0.4,2.3,374.5
94,125,1,7,2.8,0.7,0.3,0.4,0.5,2.4,0.3,2.1,327.7
95,125,0,50,15,2,2,0,1,15,1,15,1767
96,125,1,21,7.7,2.1,0.4,0,0.4,7.7,1.2,6,850.3
121,125,1,2,0.8,0.2,0,0,0,0.8,0.1,0.7,97.1
2,126,1,1,0.4,0.1,0,0,0,0.4,0,0.3,49.8
12,126,1,11,3.7,0.9,0.6,0,0,3.7,0,3.4,488.6
25,126,1,2,0.6,0.1,0.2,0,0,0.6,0,0.4,96.5
42,126,1,4,1.5,0.3,0,0,0,1.5,0.1,1.1,218.8
54,126,1,3,1.2,0.2,0,0,0.1,1.2,0.1,0.8,177.7
58,126,1,6,2,0.4,0.5,0,0.1,2,0.3,1.2,231
59,126,1,6.5,2.2,0.4,0.6,0,0.1,2.2,0.3,1.3,250.2
66,126,1,6,2.5,0.4,0,0,0.3,2.5,0.4,2.3,305.6
67,126,1,3,1.2,0.2,0,0,0.1,1.2,0.2,1.2,152.8
69,126,1,7,2.9,0.5,0,0,0.3,2.9,0.5,2.7,356.6
70,126,1,13,5.3,0.9,0,0,0.6,5.3,0.9,5,662.2
71,126,1,4,1.7,0.5,0,0,0.2,1.7,0.3,1.6,216
75,126,1,5,2.2,0.6,0,0,0.2,2.2,0.4,2,270
83,126,1,2,0.8,0.2,0.1,0,0,0.8,0.1,0.6,121.7
85,126,1,4,1.7,0.4,0.2,0,0.1,1.7,0.3,1.2,243.3
88,126,1,3,1.2,0.2,0.1,0.1,0.1,1.1,0.1,0.9,152.3
91,126,1,3,1.2,0.3,0.1,0.2,0.2,1,0.1,0.9,140.4
92,126,1,3,1.2,0.3,0.1,0.2,0.2,1,0.1,0.9,140.4
94,126,1,2,0.8,0.2,0.1,0.1,0.1,0.7,0.1,0.6,93.6
95,126,1,10,4,1,0.4,0.6,0.7,3.4,0.5,2.9,468.1
101,126,1,3,1.4,0.1,0,0,0.2,1.4,0.1,1,178
102,126,1,2,0.9,0.1,0,0,0.2,0.9,0.1,0.7,118.7
108,126,1,18,6.6,0.7,0.5,0,0.7,6.6,1.2,4.9,812.8
109,126,1,18,6.6,0.7,0.5,0,0.7,6.6,1.2,4.9,812.8
110,126,1,13,4.7,0.5,0.4,0,0.5,4.7,0.9,3.5,587.1
120,126,1,2,0.8,0.2,0.1,0,0.1,0.8,0.2,0.6,90.1
123,126,1,3,1.2,0.3,0,0,0.1,1.2,0.2,1,145.7
124,126,1,15,6,1.5,0,0,0.3,6,0.9,5.1,728.4
125,126,1,20,8,2,0,0,0.4,8,1.2,6.8,971.2
126,126,1,2,0.8,0.2,0.1,0,0.1,0.8,0.1,0.7,93.3
11,127,1,5,1.9,0.3,0.2,0,0,1.9,0.5,1.4,247
13,127,1,5,1.9,0.3,0.2,0,0,1.9,0.5,1.4,247
17,127,1,3,0.9,0.1,0.2,0,0,0.9,0,0.6,144.7
22,127,1,7,2.2,0.3,0.5,0.1,0.1,2.1,0,1.5,337.7
26,127,1,4,1.5,0.4,0.1,0.1,0,1.4,0.2,1.2,227.5
31,127,1,2,0.8,0.2,0,0.1,0,0.7,0.1,0.6,113.8
34,127,1,2,0.8,0.2,0,0.1,0,0.7,0.1,0.6,113.8
37,127,1,6,2.2,0.4,0.1,0,0.1,2.2,0.2,1.7,328.2
39,127,1,6,2.2,0.4,0.1,0,0.1,2.2,0.2,1.7,328.2
44,127,1,4,1.5,0.3,0,0,0,1.5,0.1,1.1,218.8
51,127,1,2,0.8,0.2,0,0,0.1,0.8,0,0.5,118.5
59,127,1,3,1.1,0.1,0.1,0,0,1.1,0.1,0.9,185.9
60,127,1,3,1.1,0.1,0.1,0,0,1.1,0.1,0.9,185.9
61,127,1,2,0.7,0.1,0,0,0,0.7,0,0.6,124
63,127,1,3,1.1,0.1,0.1,0,0,1.1,0.1,0.9,185.9
67,127,1,4,1.8,0.6,0.1,0,0,1.8,0.2,1.6,215.5
68,127,1,7,3.1,1.1,0.2,0,0,3.1,0.4,2.8,377.1
69,127,0,46,13,1,5,0,0,13,0,12,1554
70,127,1,22,9.9,3.5,0.7,0,0,9.9,1.2,8.7,1185.3
71,127,1,2,0.8,0.3,0.1,0,0.1,0.8,0.1,0.6,87
75,127,1,2,0.8,0.3,0.1,0,0.1,0.8,0.1,0.6,87
76,127,1,2,0.8,0.1,0,0,0.1,0.8,0.1,0.7,92.1
78,127,1,2,0.8,0.1,0,0,0.1,0.8,0.1,0.7,92.1
85,127,1,1,0.4,0.1,0,0,0,0.4,0,0.4,47.8
89,127,1,4,1.6,0.3,0.1,0.2,0.1,1.4,0.1,1.3,203.1
108,127,1,1,0.4,0.1,0,0,0,0.4,0,0.3,47.9
109,127,1,20,8.1,3,0.7,0,0.7,8.1,0.7,5.9,957
110,127,1,17,6.9,2.5,0.6,0,0.6,6.9,0.6,5,813.5
113,127,1,1,0.4,0,0,0,0,0.4,0,0.4,48.6
121,127,1,7,2.5,0.3,0.2,0,0.3,2.5,0.1,2.2,328.7
122,127,1,4,1.4,0.2,0.1,0,0.2,1.4,0,1.3,187.8
123,127,1,6,2.1,0.2,0.2,0,0.2,2.1,0.1,1.9,281.7
124,127,1,16.5,5.8,0.6,0.4,0,0.6,5.8,0.2,5.2,774.8
125,127,0,27,11,4,1,0,1,11,0,8,1153
126,127,0,38,12,1,1,0,3,12,2,11,1302
