x,y,imputed,ind,log_45_70,log_70_90,log_ap90,log_av45,log_inc,log_soc
66,10,2,9,0.1,0.2,0.7,2.1,0,0
66,11,5,101,0.8,1.8,6.4,27.8,0,0
66,12,1,7,0,0.6,1.4,0.2,0,0
66,15,2,8,0,0.9,1.3,1.1,0,0.4
66,16,4,229.5,0,21.5,47.6,19.3,0.3,2
66,17,3,35,0,4.2,5.5,4.8,0.3,1.4
66,18,3,52,1.3,7.6,3.2,12.5,0,0
66,19,4,98.5,1.8,16.7,5.2,20.1,1,0
66,20,3,47,3.7,8.5,1.9,5.4,0,0
66,21,5,160,10.2,35.3,25.8,7.6,0,17
66,22,4,71.5,4.2,17,3,12.3,0,0
66,23,4,32,2.8,2.5,2,8.6,0,0
66,24,1,2,0.1,0.3,0.9,0.1,0,0
66,27,1,20,1.2,2.6,1.7,2.1,0,0
66,28,3,53,3.1,6.9,4.4,5.7,0,0
66,30,1,2,0.1,0.3,0.2,0.2,0,0
66,34,2,11,0,0.5,0.6,3.1,0,0
66,35,2,26,0,1.1,1.5,7.5,0,0
66,40,2,4,0,0.5,0.3,0.8,0,0
66,41,2,9,0,0.8,0.1,3.1,0,0
66,42,1,1,0,0.1,0.1,0.2,0,0
66,46,4,72,1.4,3.8,5,19.8,0,0
66,47,1,5,0.1,0.2,0.3,1.3,0,0
66,48,2,3,0.2,0.5,0.1,0.7,0,0
66,49,4,20,2.2,5.2,1.6,0.8,0,3
66,50,1,2,0.2,0.5,0.2,0.1,0,0.3
66,52,1,1,0,0,0,0.4,0,0
66,58,2,5,0,0.7,0.3,1,0,0
66,67,6,110,0,5.6,27.2,9.6,0.7,7.3
66,69,2,15,0,1.2,0.8,3.5,0,0
66,71,3,9,0.2,0,0.6,3.4,0,0
66,74,1,1,0,0,0.1,0.3,0,0
66,79,4,66.5,1,1.2,5.5,17.5,0,0
66,80,6,79,1.9,0.8,10,19.1,0,0
66,81,1,1,0,0.1,0,0.2,0,0
66,82,1,14,0,0.7,0.3,3,0,0
66,83,1,2,0,0.1,0.1,0.4,0,0
66,84,1,21,0.7,0,2.7,7.3,0,0
66,86,4,16.5,0,1.5,0.8,6.1,0,0
66,87,3,22,0.4,1.9,2.2,4.7,0,0
66,88,5,74,1.5,6.3,7.8,14.8,0,0
66,89,1,2,0,0,0.2,0.5,0,0
66,93,2,3,0,0.3,0.3,0.7,0,0
66,94,2,6,0.2,1,1,0.6,0,0
66,95,6,79,2.1,10.7,17.5,3.2,0,4
66,96,5,46.5,0.6,11.2,7,0,0,0
66,99,3,14,0,0,0,6.4,0,0
66,100,4,130,3.2,10.2,12.3,32.7,0,0
66,101,5,34.5,0.7,1,1.8,10.9,0,0
66,102,2,23.5,0,2.6,1,5.7,0,0
66,103,5,97,0,10.5,7.6,18.2,0,0
66,104,2,6,0,0.1,0,2.3,0,0
66,105,2,10,0,0.3,0,3.8,0,0
66,108,2,8,0,0.5,0.1,2.6,0,0
66,109,5,30,0,1.3,0,12.1,0,0
66,110,1,1,0,0,0,0.4,0,0
66,111,3,35,0.4,0.8,1.1,10.8,0,0
66,112,6,104,1.5,4.2,2.7,27.8,0,0
66,113,6,50.5,1.4,2.3,2.6,12.7,0,0
66,114,3,220,1,11.3,45.2,19.4,0,0
66,115,5,71.5,0,7.6,10.1,8.9,0,0
66,116,5,39,0,9.2,2,4.2,0,0
66,117,3,10,0,1.9,0.6,1.4,0,0
66,118,2,7,0,0.1,0.7,1.7,0,0
66,119,6,20.5,0,0.4,1.2,8.1,0,1.2
66,120,3,25.5,0,0.7,1.3,10,0,1.4
66,121,1,1,0,0,0.3,0,0,0
66,123,2,6,0,0,0.9,1.6,0,0
66,125,2,3,0.1,0.3,0.2,0.9,0,0
66,126,2,5,0.2,0.6,0.2,1.4,0,0
74,10,4,51,3.2,6.9,1.3,11.9,0,0
74,11,3,36.5,1.3,3.4,1.8,13.3,0,1
74,12,1,3,0.1,0.4,0.1,0.7,0,0
74,21,1,1,0,0.2,0.2,0,0,0
74,22,1,1,0,0.2,0.2,0,0,0
74,23,1,7,0,1.2,1.4,0,0,0
74,24,2,12,0,0.8,3.3,0.4,0,0
74,26,1,7,0,0.5,0.8,1.5,0,0
74,27,3,50.5,1.3,3.8,4.3,12.1,0,0
74,30,1,5,0,0.2,0.2,1.7,0,0
74,31,1,6.5,0,0.4,0.2,2.2,0,0
74,33,1,2,0,0.1,0.1,0.7,0,0
74,34,4,63,0,9.9,9.1,11,0,0
74,35,1,2,0,0.2,0.1,0.5,0,0
74,36,2,61.5,2,4.1,5.7,11.5,0,0
74,37,4,86,0,3.5,4.5,20.3,0,0
74,38,1,2,0,0.2,0.1,0.4,0,0
74,43,1,1,0,0.1,0.1,0.2,0,0
74,47,2,7,0.7,0.7,0.4,1.1,0,0
74,48,4,31,4.1,3.5,2.1,4.1,0,0
74,49,2,324.5,20.3,25,28.5,98.1,0,18
74,50,4,223.5,8.1,26.2,20.2,43.3,0,0
74,51,1,14,1,2.9,2,1.6,0,0
74,52,1,2,0,0.1,0.4,0.2,0.1,0
74,54,2,28.5,0,4.3,1.5,4.8,0,0
74,58,2,47,0.3,3.3,10.1,2.7,0,0
74,59,3,68,0.8,3.5,4.6,17.2,0,0
74,62,6,90,2.4,7.8,5.5,22.1,0,0
74,63,1,32,1.1,5.4,3.2,4,0,0
74,64,2,4,0.2,0.2,0.4,0.8,0,0
74,65,4,30,0.6,1.8,3.2,6.3,0,0
74,66,7,142,1.7,6,26.7,23.4,0,0
74,67,3,83,0.6,3.6,5.4,23.8,0,0
74,75,3,36.5,0.7,4,4.5,5.2,0,2.7
74,77,1,2.5,0,0.2,0.1,0.8,0,0
74,81,1,1,0,0,0.1,0.3,0,0
74,84,2,8,0.8,0.8,0,2,0,0
74,86,5,41,1.7,1.8,0,16.2,0,0
74,87,3,33,0.7,0.9,2.2,14.3,0,0
74,88,4,55,1.5,2.9,1.4,19.8,1,0
74,89,6,21,0.1,0,0.3,7.5,0.6,0
74,90,7,49,1,0,0.9,16.5,0.8,0
74,91,2,6,0.3,0,0.1,1.7,0,0
74,92,3,23,0.2,1,1.1,5.8,0,0
74,93,3,54.5,0.6,2.1,2.6,13.9,0,0
74,94,4,14,0.2,0.7,0.4,5.2,0,0
74,95,5,37.5,0.7,1.6,0.8,13.1,0,0
74,96,4,20,0.3,0.9,0.3,6.7,0,0
74,97,2,6,0.1,0.2,0.2,1.7,0,0
74,98,1,5,0.1,0.2,0.2,1.3,0,0
74,101,1,1,0,0,0,0.4,0,0
74,102,2,5,0,0.1,0.1,1.9,0,0
74,104,2,5,0.2,0.3,0,1.7,0,0
74,106,1,189,0.4,89.7,18.4,6.3,0,78.4
74,107,1,516,32.9,35.7,69.3,116.7,0,56
74,108,1,119,0.1,0.2,53,0.5,0,53
74,109,6,70,1.1,6.7,9,13.5,0,0
74,110,5,38,0.9,6.1,2.7,8.3,0,0
74,111,2,40.5,0,4.7,6.2,4.7,0,0
74,112,2,7,0,0.7,0.7,1.4,0,0
74,113,2,5,0,0.1,0,2,0,0
74,114,3,17,0,1.5,0.7,3.6,0,0
74,115,3,21,0,1.9,0.9,4.4,0,0
74,116,5,16,0,0.5,0.7,4.1,0,0
74,117,2,7,0,0.2,0.5,1.7,0,0
74,118,1,3,0,0.1,0.7,0.4,0,0
74,119,4,24.5,0.4,0.5,1.7,5.2,0,0
74,120,3,34,0.4,0.9,2.1,8.1,0,0
74,121,1,1,0,0,0,0.4,0,0
74,124,1,2,0,0,0.3,0.4,0,0
74,125,3,23,0.4,0.6,2.4,3.9,0,0
74,126,2,10,0.2,0.3,1,1.6,0,0
74,127,4,14,0.1,1.1,1.3,2.4,0,0
67,3,3,47.5,3.5,1.6,1.9,12.5,1,0
67,13,3,5,0.2,0.3,0.5,1,0,0
67,16,1,12,0,1.4,1.9,1.6,0.1,0.5
67,17,3,14,0.4,2.1,1.2,2.6,0,0.1
67,18,1,4,0.2,0.7,0.3,0.7,0,0
67,19,3,22,0.5,5.1,2.9,1.5,0,0
67,20,4,108.5,1.2,46.8,10.5,2.1,0,15
67,21,3,22,1.8,3.8,1.3,2.5,0,0
67,23,1,1,0.1,0.1,0.2,0.1,0,0
67,24,1,13,1.4,2.4,2.5,0.7,0,0
67,25,2,43.5,0.8,3.4,8.5,4.5,0,0
67,27,1,16,0.3,1.4,1.2,2.9,0,0
67,28,2,283.5,7.9,33.8,63.2,8.7,0,8
67,29,2,4,0.2,0.5,0.5,0.5,0,0
67,30,3,83,2.4,7,6.8,15.8,0,0
67,31,4,55.5,1.8,6.6,6.7,9.3,0,0
67,34,1,59,0,2,5.3,13.6,0,0
67,35,2,11,0,0.5,0.8,3.1,0,0
67,37,1,40,0,6.1,3.7,10.1,0,0
67,38,1,12,0,1.1,0.7,3.1,0,0
67,40,1,3,0.1,0.2,0.3,0.5,0,0
67,41,2,20,0.4,1.3,1.1,5.3,0,0
67,42,1,6,0,0.5,0.1,2,0,0
67,47,1,2,0,0.2,0.3,0.6,0,0
67,48,1,6,0.4,0.9,0.2,1.4,0,0.1
67,49,1,2,0.2,0.5,0.2,0.1,0,0.3
67,50,4,14,0,1.4,0.4,5.2,0,0
67,54,1,2,0.1,0.1,0.3,0.1,0,0.1
67,58,1,2,0,0.2,0.1,0.4,0,0
67,64,2,26,0,1.2,3.2,6.7,0,0
67,67,3,43,0.2,3.7,6.9,4.6,0.3,0.3
67,68,1,3,0,0.4,0.1,0.6,0,0
67,69,1,8,0,0.6,0.5,1.8,0,0
67,70,1,5,0.1,0,0.3,1.9,0,0
67,71,1,4,0.1,0,0.2,1.5,0,0
67,72,1,1,0,0,0.1,0.4,0,0
67,73,1,4,0,0.3,0.5,0.6,0,0
67,77,1,9,0,0.6,0.3,2.3,0,0
67,81,4,19,0,1.8,0.1,6.2,0,0
67,82,1,3,0,0.3,0,1,0,0
67,83,1,1,0,0.1,0,0.3,0,0
67,87,5,50,1.3,3.7,5.3,10,0,0
67,88,3,32,1,2.2,3.7,5.8,0,0
67,91,2,7,0.1,0.6,0.6,1.2,0,0
67,92,5,36,0.2,4.7,2.5,8.4,0,0
67,93,2,9,0,1.6,0.4,2.6,0,0
67,94,4,19,0.2,2.1,1.6,5.2,0,0
67,95,2,38,0.1,4.8,2.7,9.3,0,0
67,96,1,4,0,1,0.6,0,0,0
67,97,1,5,0.2,0.2,0.1,1.3,0,0
67,98,4,27,1,1.1,0.6,7,0,0
67,99,7,25.5,3.3,1.8,0,7.3,0,0
67,100,2,282.5,2.5,75.4,25,23.1,0,51
67,101,3,513.5,8.7,28.7,35.7,161.3,0,17
67,102,5,117,1.6,12.9,11.1,26.9,0,0.9
67,103,2,5,0,0.5,0.4,1.3,0,0.1
67,105,2,4,0,0,0,1.6,0,0
67,106,5,36,0.9,1.4,0.3,11.8,0,0
67,107,6,32.5,0.5,2.1,0.4,8.8,0,0
67,108,2,11,0.1,0.7,0.1,3.1,0,0
67,109,1,1,0,0.1,0,0.3,0,0
67,110,5,39,0.4,1.9,2.4,10.8,0,0
67,111,5,111,2.6,7.9,13.1,20.8,0,0
67,112,3,100.5,0.3,15.5,13.2,12,0,0
67,113,3,37.5,0.6,3.8,5.9,3.8,0,0
67,114,4,121.5,2,12.3,14.5,17.3,0.1,0
67,115,3,12,0,1.7,0.9,2,0,0
67,116,1,2,0,0.3,0.1,0.4,0,0
67,117,3,21,0.3,6,0.3,1.1,0,0
67,119,3,5,0,0.2,0.1,1.7,0,0.1
67,120,3,6,0,0.2,1.1,0.8,0,0.1
67,124,3,12,0,0.8,0.8,4.6,0,0
67,125,1,2,0,0.1,0.1,0.8,0,0
67,126,1,4,0.1,0.5,0.2,1.1,0,0
67,127,1,2,0,0,0,0.9,0,0
69,0,1,19.5,0.3,1.7,2,6,0,0
69,2,1,3,0.1,0.3,0.2,0.7,0,0
69,4,2,8,0.5,1,1.3,0.4,0,0
69,12,1,2.5,0.1,0.2,0.2,0.7,0,0
69,13,5,37,0.8,3.2,3.2,9.8,0,0
69,15,2,2,0,0.2,0.2,0.4,0,0
69,16,4,21,0.3,1.6,2.3,5,0,0
69,25,4,78.5,1,9.1,13.8,4.5,0,0
69,29,1,4,0.1,0.5,0.5,0.7,0,0
69,34,1,10,0.6,0.8,0.6,2.8,0,0
69,35,3,250.5,4.4,35.4,15.9,64.2,1,0
69,36,3,166.5,2,30.6,27,7.9,0,0
69,37,1,3,0,0.1,0.3,0.7,0,0
69,38,6,68,1,2.5,4.2,21.9,0,0
69,40,2,9,0,0.6,0.2,2.7,0,0
69,41,4,81.5,0,3.1,2,26.2,0,0
69,43,2,7,0,0.8,1.2,1.3,0,0
69,50,6,40,1.1,4.4,3,11.9,0,0
69,51,2,270,3.9,23.8,21.2,65.9,0,4
69,52,1,2,0.1,0.2,0.2,0.5,0,0
69,55,1,7,0.4,0.3,1.1,0.4,0,0.4
69,56,3,55,3.4,2.5,8.4,3.3,0,3.3
69,57,2,9,0.1,0.7,0.3,1.9,0,0
69,58,1,2,0,0.2,0.1,0.4,0,0
69,59,1,3,0.1,0.2,0.1,0.6,0,0
69,62,4,74,1.4,9.9,4.6,18.5,1,0
69,63,3,25,0.2,4.7,1.8,4.4,0,0
69,71,1,6,0.1,0.4,0.8,0.9,0,0
69,72,2,25,0.4,1.6,3.4,3.6,0,0
69,73,1,8,0.1,0.5,1.1,1.2,0,0
69,78,1,8,0,0.5,0.2,2.1,0,0
69,82,1,5,0,0.5,0,1.7,0,0
69,87,2,11.5,0.3,0.8,1.6,1.8,0,0.1
69,88,5,50,1.3,3.7,6.7,7.9,0,0.6
69,89,3,328,3.8,100.5,28.5,1.1,0,47
69,90,4,28,3,5.4,3.7,1.7,0,0
69,91,2,7,0.4,0.3,0.3,2.5,0,0
69,92,2,4,0.2,0.2,0.2,1.4,0,0
69,93,4,22,1.3,0.9,0.9,7.8,0,0
69,94,1,2,0,0.2,0.2,0.4,0,0
69,95,1,2,0,0.1,0,0.7,0,0
69,96,6,40,0,1.5,0.8,14,0,0
69,97,5,22,0.2,0.5,0,7.7,0,0
69,98,2,6,0,0.2,0,2.1,0,0
69,99,3,13,0.2,0.3,0,4.5,0,0
69,100,3,16,0.2,0.3,0,5.7,0,0
69,101,6,42,0.8,1.6,0,14.4,0,0
69,102,5,15,0,0.1,0.5,7.2,0,0
69,103,3,6.5,0,0,0.2,3.3,0,0
69,108,5,115.5,0,6.5,15.1,21.6,0,0
69,109,1,13,0.5,1.2,1.3,2.2,0,0
69,110,3,178,9.3,20.6,32.6,15.1,0,0
69,111,0,582,2,46,123,32,0,9
69,112,6,156,2.8,13.1,31.9,8.4,0,0
69,113,6,48,1.6,8.7,4.6,3.2,0,0
69,114,3,15,0,1.5,0,3.9,0,0
69,115,4,13,0,1.3,0,3.4,0,0
69,116,4,21,0,2.2,0,5.5,0,0
69,118,1,4,0,0.2,0,1.3,0,0
69,119,3,7,0,0.4,0,2.1,0,0
69,120,1,2,0,0.1,0,0.6,0,0
69,121,2,4,0,0.4,0.3,1,0,0.1
69,122,1,4,0,0.4,0.3,1,0,0.1
69,123,6,34,0,9.5,3.4,4.8,0,6.1
69,124,3,169,2.1,16,18.5,34.1,0,7
69,125,5,20,0.4,2.2,2,2.7,0,0
69,126,3,59,1,6.4,3.6,15.1,1,0
69,127,0,82.5,0,13,13,9,0,10
70,3,1,7,0,1,1.1,1.9,0,0
70,4,4,58,2.9,5.2,3.8,12.4,0,0
70,11,1,2,0,0.1,0,0.7,0,0
70,13,2,6,0.1,0.5,0.6,1.6,0,0
70,14,1,14,0.3,1,1.5,3.3,0,0
70,15,1,1,0,0.1,0.1,0.2,0,0
70,18,1,4.5,0.2,0.6,0.3,0.9,0,0
70,19,1,2,0.1,0.4,0.1,0.2,0,0
70,20,1,1,0,0.2,0.1,0.1,0,0
70,25,3,119,0,16.4,15.4,11,0,0
70,30,4,77,1.7,5.3,7,14.4,0,0
70,32,2,12,0,1,0.3,4,0,0
70,36,1,2,0,0.2,0.5,0,0,0
70,41,3,32,0,2.2,0.7,9.5,0,0
70,42,1,2,0,0.1,0.1,0.6,0,0
70,43,5,91,0,4.8,12.6,20.2,0.4,0
70,44,2,62,0,1.9,3.3,21.8,0,0
70,45,1,6,0.1,0.3,0.1,2,0,0
70,48,1,6,0,0.6,0.2,2.2,0,0
70,49,2,12,0.4,1,0.4,3.8,0,0
70,50,2,3,0,0.3,0.2,1,0,0
70,51,5,50,2,5.6,4.1,13.5,0,0
70,56,1,2,0.1,0.1,0.3,0.1,0,0.1
70,60,1,5,0.1,0.3,0.2,1.1,0,0
70,62,3,46,0.1,2.1,0.8,15.8,0,0
70,63,3,41,0.3,7.7,2.8,7.4,0,0
70,65,3,9,0,0.4,1,2.3,0,0
70,66,1,2,0,0.1,0.2,0.5,0,0
70,67,2,4,0,0.4,0.6,0.6,0,0
70,68,6,93,0,8.4,16,12.1,0,1.9
70,69,4,95.5,1.6,9.9,9,16.4,0,0
70,71,1,3,0,0.3,0.3,0.6,0,0
70,72,2,19,0.2,1.3,2.5,2.8,0,0
70,73,1,11,0.2,0.7,1.5,1.6,0,0
70,78,1,1,0,0.1,0,0.3,0,0
70,87,2,189.5,0.5,1,63.4,1.4,1,0
70,88,3,391.5,2.2,31.6,130,4.3,0,67.2
70,89,2,447.5,26.5,43.6,28.1,133.3,0.3,24
70,90,3,43.5,3.8,4.3,1.7,13,0.2,0
70,91,2,24,0.8,0.8,3.7,4.8,0,3
70,92,2,9,0.4,0.3,0.4,3,0,0
70,93,5,23,0.8,0.6,1.3,7.8,0,0
70,94,7,154.5,1,13.9,14.2,30.8,0,0
70,95,3,35,0,3.2,3.5,7,0,0
70,97,3,16,0.3,0.5,0.2,5.6,0,0
70,99,2,5,0,0.1,0,1.8,0,0
70,101,3,11,0.3,0.2,0,4,0,0
70,103,2,10,0,0,0.3,5.1,0,0
70,104,3,15,0.1,0.4,0.1,5.2,0,0
70,105,2,7,0.3,0.4,0.1,2,0,0
70,107,2,15,0.8,1.5,1.2,2.4,0,0
70,108,7,108,0.9,7.3,19.4,14.2,0,0
70,109,7,140.5,1.1,10.9,26.3,12.6,0,0
70,110,1,2,0,0.2,0,0.5,0,0
70,111,6,99,0,4.6,15.9,13.8,0,0
70,112,5,188.5,0.6,14.8,25.6,23.6,0,0
70,113,4,155,2,24,21.5,9,0,0
70,114,3,11,0,1.2,0.6,3.2,0,0
70,116,3,6,0,0.4,0.1,1.6,0,0
70,117,1,4,0,0.4,0,1,0,0
70,118,3,18.5,0,1,0,5.8,0,0
70,119,1,2,0,0.1,0,0.6,0,0
70,120,1,11,0,1.3,1,1.9,0,0.3
70,121,1,1,0,0.1,0.1,0.2,0,0
70,123,5,18,0,4.5,1.6,3.2,0,2.9
70,124,6,35,0.5,2.5,3.4,6.6,0,0
70,126,1,1,0,0,0.1,0.4,0,0
68,0,2,16,0.4,1.6,1.8,2.8,0,0
68,2,2,22,0.8,2.5,1.4,5.1,0,0
68,3,5,41,1.4,4.7,2.7,9.4,0,0
68,4,1,13,0.7,1.7,2,0.7,0,0
68,12,1,15,0.4,0.8,1.5,3.1,0,0
68,13,5,57,1.5,3.1,5.8,11.8,0,0
68,17,5,34.5,0.9,3.6,3.1,7.7,0,0
68,21,4,16,1.5,1.6,2.9,2,0,0
68,22,1,2,0.2,0.2,0.4,0.2,0,0
68,24,2,5,0.5,1,1,0.2,0,0
68,25,3,169,5.3,24.7,11.9,23,0,0
68,27,2,74.5,0.8,6.3,12.8,7,0,0
68,28,3,106.5,3.9,10.6,13.9,19.4,1,1
68,29,2,6,0.3,0.7,0.8,1,0,0
68,30,1,2,0.1,0.2,0.3,0.3,0,0
68,31,5,84,0.7,12.4,6.8,18.7,0,0
68,33,3,17,0.4,2.7,0.9,2.8,0,0
68,34,4,48.5,1.5,6.4,3.5,11.2,0,0
68,35,3,131.5,1.5,7.7,34.2,14.9,0,12.7
68,36,3,42,0,1.6,8.3,5.7,0,3.4
68,37,2,7,0,0.6,0.4,1.8,0,0
68,38,4,34.5,0,3,2.2,9,0,0
68,40,5,79,1.9,20.4,4.5,6.8,0,0
68,41,2,140,4.5,3.5,17.9,33.4,0,2
68,42,1,2,0,0.2,0.3,0.4,0,0
68,43,2,7,0,0.8,1.2,1.3,0,0
68,44,1,4,0,0.4,0.6,1.2,0,0
68,47,5,62,0,2.1,3,23.4,0,0
68,48,5,18,0,0.4,0.8,7,0,0
68,50,1,36,0.1,2.8,11.1,1,0,4.2
68,51,5,208,0.7,22,33.3,17.8,0,6.2
68,52,1,78,0.2,21.2,6.9,2.8,0,4.7
68,56,4,200.5,4.1,11,32,33.9,0,0
68,57,0,72,1,16,10,1,0,6
68,58,2,15,0.2,1.1,0.6,3.1,0,0
68,64,1,23,0,1.1,2.8,5.9,0,0
68,65,2,6,0,0.3,0.7,1.5,0,0
68,69,1,5,0.1,0.6,0.2,1,0,0
68,70,3,9,0.1,1,0.6,1.7,0,0
68,76,2,9,0,0.6,0.3,2.3,0,0
68,81,2,18,0,1.7,0,6.3,0,0
68,82,1,8,0,0.7,0,2.8,0,0
68,84,1,2,0.2,0.1,0.2,0.2,0,0
68,85,2,6,0.7,0.3,0.5,0.7,0,0
68,86,1,2,0.2,0.1,0.2,0.2,0,0
68,88,6,58,2.2,3.5,6.8,9.8,0,0
68,89,1,2,0.1,0.1,0.3,0.3,0,0
68,90,2,6,0.2,0.4,0.7,1,0,0
68,91,3,13,0.2,1.1,1.1,2.4,0,0
68,92,5,92,2.5,5.8,5.8,25.6,0,0
68,94,1,4,0,0.2,0,1.7,0,0
68,95,3,17,0,0.8,0,7.3,0,0
68,96,2,10.5,0,0.4,0,4.6,0,0
68,97,2,7,0.2,0.3,0.2,1.8,0,0
68,98,4,39,1.5,1.5,1,10,0,0
68,100,1,1,0.2,0.1,0,0.2,0,0
68,101,2,148.5,0,3.8,30.4,22.9,0,12
68,102,5,262.5,1.5,63.6,31.6,14.5,0,53.8
68,103,1,1,0,0.1,0.2,0.3,0,0.1
68,104,1,2,0.1,0.1,0,0.6,0,0
68,106,2,7,0.2,0.5,0.2,1.9,0,0
68,107,4,44,0.8,2.8,0.6,12.2,0,0
68,108,2,4,0,0.2,0,1.2,0,0
68,109,1,3,0,0.2,0.1,0.8,0,0
68,110,2,48.5,0.1,3.2,12.1,4.9,0,3
68,111,0,706.5,12,89,87,167,1,53
68,112,5,179.5,2.6,15.4,27.4,18.3,0,0
68,113,3,13,0.2,1.3,2.1,1.3,0,0
68,114,6,74,0.7,8.5,3.7,13.4,0.8,0
68,115,4,16,0,2,1,2.9,0.1,0
68,116,5,75,0,11.8,8.8,5.9,0,0
68,117,7,71,0.8,16.7,2.2,6.4,0,0
68,118,1,2,0,0.6,0,0.1,0,0
68,120,1,1,0,0.1,0,0.3,0,0
68,121,1,3,0,0.3,0.2,0.8,0,0.1
68,122,3,10,0,1.1,0.7,2.5,0,0.3
68,123,6,40,0,4.6,2.6,10.3,0,1.4
68,126,2,4,0,0.2,0.3,1.6,0,0
68,127,3,6,0,0.1,0.1,2.5,0,0
46,0,1,4,0,0.4,0.2,0.8,0,0
46,2,1,17,0,0.8,1.6,4.5,0,0
46,5,1,14,0.2,1.2,3.2,1.2,0,0
46,6,5,81.5,0.6,10.5,17.6,6.5,0,4
46,7,1,1,0,0.1,0,0.3,0,0
46,8,1,5,0.1,0.4,0.1,1.5,0,0
46,9,3,12,0.2,1.1,0.2,3.5,0,0
46,10,4,18,0.2,1.2,0.5,4.9,0,0
46,11,2,5,0,0.1,0.2,1.3,0,0
46,14,1,4,0,0.1,0.4,1,0,0
46,16,1,5,0,0.1,0.5,1.2,0,0
46,18,4,30,0,0,0.8,13.6,0,0
46,19,3,14,0,0.4,1,5.7,0,0
46,21,2,6,0,0.2,0.5,1.2,0,0
46,22,1,2,0,0.1,0.1,0.4,0,0
46,23,1,4,0,0.2,0.2,0.8,0,0
46,25,2,14,0,0.2,0.3,3.9,0,0
46,29,1,3,0.1,0.3,0.2,0.7,0,0
46,31,3,22,0,1.5,1.6,7.9,0,0
46,34,1,3,0,0.2,0.3,0.9,0,0
46,36,7,68,1,7.5,7.7,8.5,0,0
46,37,5,40,0.3,5.1,4.6,5.8,0,0
46,38,1,2,0,0.3,0.2,0.3,0,0
46,39,1,1,0,0,0,0.5,0,0
46,41,5,45.5,1.1,3.9,3,10.7,0,0
46,42,2,19,0.3,1.4,1.2,5.1,0,0
46,46,2,7,0.1,0.3,0.3,1.8,0,0
46,48,1,4,0,0.1,0.2,1.3,0,0
46,49,1,5,0,0.1,0.3,1.6,0,0
46,50,1,3,0,0.1,0.2,0.9,0,0
46,52,2,4,0,0.2,0.4,1,0,0
46,53,3,10,0,0.7,0.9,2.4,0,0
46,54,2,22,0,1.3,0,6.3,0,0
46,56,1,2,0.1,0.2,0.1,0.6,0,0
46,57,1,9,0.2,0.3,1.1,2.4,0,0
46,58,2,4,0,0.2,0.6,1,0,0
46,65,1,7,0,0.6,0.2,1.8,0,0
46,66,1,2,0,0.2,0,0.5,0,0
46,67,3,16,0,1.4,0.4,4.1,0,0
46,69,3,29,0,0,0.5,11.4,0,0
46,71,1,1,0,0,0.1,0.3,0,0
46,72,3,33,0,1.9,2.9,10.1,0,0
46,73,1,2,0,0.3,0.2,0.6,0,0
46,74,1,4,0.1,0.1,0.4,0.7,0,0
46,75,2,5,0.1,0,0.3,1.6,0,0
46,76,2,35,0.6,0,1.7,11.5,0,0
46,77,2,26,0.3,0.1,1.2,8.4,0,0
46,78,2,22,0,0.4,0.8,6.4,0,0
46,79,4,35,0,1.9,1,10.4,0,0
46,80,1,2,0,0.1,0.1,0.6,0,0
46,81,2,8,0,0.2,0.2,2.6,0,0
46,83,1,3,0,0.1,0.1,1,0,0
46,84,4,16,0.4,0.7,0.9,4.4,0,0
46,85,1,3,0.1,0.1,0.2,0.8,0,0
46,86,1,7,0.2,0.3,0.4,1.9,0,0
46,87,2,4,0,0.2,1.4,0,0,0.4
46,90,4,17,0.1,3.1,0,3.6,0,0
46,92,3,14,0.4,0.9,0,4.2,0,0
46,94,2,6,0,0.2,0.4,1.8,0,0
46,95,1,1,0,0,0.1,0.3,0,0
46,96,2,8.5,0,0.1,0.7,2.5,0,0
46,97,2,8,0.7,0.5,1.1,0.9,0,0
46,98,1,2,0.2,0.1,0.3,0.2,0,0
46,99,1,2,0.2,0.1,0.3,0.2,0,0
46,100,2,61,2.8,6.4,6.4,9,0,0
46,101,2,26.5,0,3,3.1,3,0,0
46,102,3,195,5.4,12,16.4,44,0,0
46,103,7,127.5,3.4,12.9,11.8,25.5,0,0
46,104,1,4,0,0.4,0.3,0.9,0,0
46,107,1,327,4.4,26.4,32.4,66,1,7
46,108,3,61,1.5,8.5,5.6,8.1,0,0
46,110,1,5,0,0.2,0.3,1.2,0,0
46,112,2,8.5,0.5,1.1,0.1,1.8,0,0
46,113,1,1.5,0.1,0.2,0,0.3,0,0
46,117,3,15,0.3,1.1,0.4,3.1,0,0
46,118,2,5,0.1,0.4,0.2,1,0,0
46,120,1,2,0,0.2,0.1,0.4,0,0
46,121,4,17,0.4,1.2,1.3,4,0,0
46,122,2,7,0.2,0.5,0.6,1.5,0,0
46,123,4,18,0.4,1.6,1.6,3.6,0,0
46,124,5,23,1.4,1.6,1.2,2.9,0,0
46,125,6,282,10.8,43,26.4,25.9,0,11
46,126,2,323,0.4,77,60.8,1.8,0,0
46,127,1,977.5,2,0.4,329.2,2.2,0,75
79,14,6,47,0.3,4.9,5.2,10.3,0,0
79,15,6,224.5,4.3,23.6,24.4,54.2,0,11
79,16,2,5,0,1,0.7,0.7,0,0
79,20,1,1,0,0.2,0.1,0.2,0,0
79,34,1,2,0,0.2,0.1,0.4,0,0
79,36,1,5,0,0.5,0.3,1,0,0
79,39,1,3,0.1,0.4,0.4,0.7,0,0
79,40,4,184.5,1.8,17.3,19.9,39,0,0
79,47,1,3,0.1,0.6,0.2,0.4,0,0
79,56,2,13,0.9,0.6,1,3.4,0,0
79,57,2,23,1.3,1.1,2.3,5.6,0,0
79,61,3,61,0.5,5.8,9.6,2.5,1,0
79,63,1,2,0,0.2,0.4,0.2,0,0
79,64,1,2,0,0.3,0.2,0.2,0,0
79,65,2,17,0.6,2.4,1.4,2,0,0
79,66,3,6,0,0.9,0.6,0.6,0,0
79,67,1,5,0.2,0.7,0.4,0.6,0,0
79,69,2,50.5,2.3,3.5,2,13.1,0,0
79,70,4,115.5,0.9,11.1,22,11.4,0,0
79,71,2,49.5,3,5,3,11,0,0
79,76,3,126,2,12.1,22.7,10.5,0,0
79,78,2,9,0,0.6,0.9,2,0,0
79,79,1,5,0,0.3,0.5,1.1,0,0
79,80,3,9,0.1,1,0.9,2.1,0,0
79,81,7,117,4.7,10,9.5,31.6,0,0
79,82,5,84,3.8,4.6,6.1,26,1,0
79,83,0,36,1,1,6,7,0,0
79,84,6,69.5,2.5,10.4,2,16.9,0,0
79,85,3,6,0.1,0.6,0,2.2,0,0
79,86,5,54,0.5,14.2,2.3,5.7,0,0
79,87,5,30,0.5,6.5,1,5.2,0,0
79,88,1,2,0.1,0.1,0,0.8,0,0
79,89,1,3,0.1,0.2,0,1.2,0,0
79,90,2,6,0.1,0.2,0,2.6,0,0
79,91,2,4,0,0,0,2,0,0
79,92,1,5,0,0,0,2.4,0,0
79,95,4,11,0.1,0.5,0.5,2.8,0,0
79,101,4,23,0.3,0,0.6,8,0,0
79,102,5,20,0.2,0.3,0.4,6.9,0,0
79,103,6,24,0.9,1.5,0,8.1,0,0
79,104,2,6,0,0.8,0,1.5,0,0
79,105,5,12,0,1.7,0,3,0,0
79,106,5,32,0,3.8,0.6,7.9,0,0
79,107,1,1,0,0,0,0.4,0,0
79,108,2,6,0,0.2,0,2.3,0,0
79,110,2,16,0,0.4,0,6.2,0,0.1
79,111,2,11,0,0.2,0,4.2,0,0.2
79,113,3,18,1.8,0,1.5,5.5,0,0
79,114,5,83.5,0,7.8,17.6,5.1,0.3,0.4
79,115,4,377.5,4,22.3,58.3,59,0.4,25.3
79,116,2,6,0,0.2,0.8,1,0,0
79,117,2,6,0,0.2,0.2,1.8,0,0
79,118,3,13,0.1,0.2,0.3,4,0,0
79,119,1,2,0,0,0.1,0.6,0,0
79,120,3,7,0.2,0,0.2,2.2,0,0
79,122,2,7,0.5,0,0,2.3,0,0
79,123,2,5,0.4,0,0,1.6,0,0
79,124,1,2,0,0.1,0,0.8,0,0
80,1,4,33,2.1,3.7,2.7,6.3,0,0
80,2,1,10,0.3,1.8,1.1,0.9,0,0
80,12,1,6,0.2,0.8,0.3,1.9,0,0
80,13,5,126.5,1.9,8,3.2,45.9,0,0
80,14,5,58,0.9,4.6,5,15.5,0,0
80,15,0,75,0,2,0,40,0,0
80,25,2,11,0.5,0.3,0.6,3.3,0,0
80,28,1,2,0,0.2,0.1,0.6,0,0
80,29,2,5,0,0.5,0.2,1.5,0,0
80,32,1,5,0.2,0.4,0.2,1.4,0,0
80,34,1,4,0,0.4,0.2,0.8,0,0
80,35,2,10,0.7,0.7,0.6,4.1,0,0
80,36,1,2,0.1,0.2,0.1,0.8,0,0
80,40,2,6,0.1,0.5,0.5,1.5,0,0
80,49,5,152.5,0,14.2,23.1,26,0,5.1
80,50,3,50,0.1,3.7,6.8,8.6,0,0.2
80,53,1,4,0.1,0.8,0.2,0.6,0,0
80,56,2,50,3.9,3.4,4.4,12.6,0,0
80,57,4,86,3.9,3.7,11.3,15.4,0,0
80,59,1,2,0,0.3,0.3,0.2,0,0
80,60,4,123.5,1.7,10.6,9.7,25.6,0,0
80,61,6,119,2.4,12.7,22.6,10.3,0,0
80,67,2,21,0.4,3.5,3.2,0.6,0,0
80,68,2,59,0.2,8.2,11,4.7,0.2,0
80,69,4,54,0.7,10.2,4.4,10.1,0,0
80,70,1,1,0,0.2,0.1,0.1,0,0
80,73,1,5,0,1.3,0.5,0.3,0,0
80,75,1,2,0.1,0.1,0.3,0.3,0,0
80,76,3,52,0.6,3.2,12.7,5.6,0,0
80,78,1,3,0,0.2,0.3,0.7,0,0
80,79,6,34,0.4,2.3,2.5,9,0,0
80,80,4,27,1.2,2.1,0.2,10.2,0,0
80,81,4,15,0.3,1.7,1.5,3.5,0,0
80,82,1,17.5,0.7,0.9,1,5.1,0,0.5
80,83,3,336,11.4,23.7,55.4,54.7,0,44.2
80,84,4,99.5,1.6,12.8,15.7,12.2,0,1
80,85,2,13,0.3,0.8,0.7,3.4,0,0
80,86,2,18,0.1,4.7,0.8,1.9,0,0
80,88,2,3,0.1,0.3,0,0.9,0,0
80,90,2,4,0,0,0,2,0,0
80,91,1,1,0,0,0,0.5,0,0
80,92,5,11,0,0,0.4,4.4,0,0
80,93,6,17,0,0,0.4,7.3,0,0
80,94,1,2,0,0.4,0.2,0.3,0,0
80,101,3,4,0,0.1,0.1,1.5,0,0
80,102,6,29,0.6,1.6,0.2,10,0,0
80,103,7,22,0.4,1.3,0.5,7.7,0,0
80,104,1,3,0,0.4,0.1,0.7,0,0
80,105,1,4,0,0.5,0,1,0,0
80,106,1,1,0,0.1,0,0.3,0,0
80,107,3,8,0,0.5,0,2.9,0,0
80,108,2,3,0,0.1,0.2,0.8,0,0
80,109,1,1,0,0,0,0.4,0,0
80,110,3,7,0,0.1,0,2.8,0,0
80,111,1,2,0.1,0,0,0.9,0,0
80,112,1,3,0.3,0,0.3,0.9,0,0
80,113,5,22,2,0,1.6,7.2,0,0
80,114,4,35,0,4.7,5.4,3.7,0.2,0.2
80,115,2,35,0,15.5,1.1,1.4,0,10
80,116,2,27,0,1.4,3.2,4.1,0,0
80,117,4,10,0,0.3,0.6,3,0,0
80,118,3,10,0,0.3,0.3,3.1,0,0
80,119,1,2,0,0,0.1,0.6,0,0
80,120,2,4,0,0.1,0.3,1.3,0,0
80,121,4,18,0.7,0.1,0,5.7,0,0
80,122,2,8,0.5,0,0,2.6,0,0
80,123,1,12,0,0,0,4.5,0,0
80,124,1,1,0,0,0,0.3,0.1,0
80,125,2,2,0,0,0,0.8,0,0
80,126,2,7,0,0,0.2,2.2,0.3,0
80,127,2,4,0,0.1,0.1,1.4,0.1,0
76,1,5,29,0.7,2.9,1,7.2,0,0
76,2,5,110.5,2.2,7.9,7.1,32.1,0,0
76,6,1,2,0.1,0.2,0.2,0.4,0,0
76,7,6,149,4.8,10.7,8.7,36.1,0,1
76,8,1,1,0,0.1,0,0.3,0,0
76,11,2,5,0.1,0.7,0.2,1.2,0,0
76,19,1,1,0,0.2,0.1,0.2,0,0
76,22,5,31,0.2,5.9,3.2,3.4,0,0
76,23,4,132,2.6,24.8,11.6,15.4,0,0
76,24,3,22,1.9,3.3,1.3,1.2,0,0
76,26,1,16,0.8,1.5,1.5,2.6,0,0
76,27,2,27.5,1.2,2.4,3,4.3,0,0
76,29,3,11,0.2,1.1,0.5,2.6,0,0
76,31,3,11.5,0,0.6,0.4,3.9,0,0
76,39,4,42,1.9,2.1,0.6,11.1,0,0
76,41,3,82,1,5.4,10.9,22.8,0,0
76,42,1,3,0,0.2,0.3,0.6,0,0
76,45,2,3,0,0.2,0.1,0.8,0,0
76,46,1,7,0,0.5,0.3,1.7,0,0
76,47,2,10,0.3,1.4,2.6,0,0,0
76,48,3,602.5,84.6,138.9,80.1,0,0,232
76,49,2,80,4,30.6,2.3,2,0,0
76,50,6,44,2.4,10.4,2.9,2.4,0,0
76,51,4,120,2.6,12.9,18.5,13.7,1.5,0
76,52,3,11,0.1,0.8,2.4,0.9,0.3,0
76,62,5,113.5,0,5.5,15.2,25.1,0,0
76,63,1,2,0,0.1,0.3,0.4,0,0
76,68,1,39,0,5.2,7,6.7,0,0
76,69,4,75,0,7.5,16.1,1.9,0,0
76,74,2,5,0,0.8,0.7,0.5,0,0
76,75,6,79,0.6,18.3,9.1,5.5,0,1
76,76,1,13,0,2.7,1.5,0.9,0,0
76,80,1,2,0,0.1,0.1,0.7,0,0
76,81,3,11,0.4,0,0.7,3.3,0,0
76,82,1,5,0.2,0,0.3,1.5,0,0
76,83,1,4,0.1,0,0.3,1.2,0,0
76,84,4,69,0.5,3.3,1.6,29.3,0,0
76,85,1,7,0.1,0.3,0.1,2.6,0,0
76,86,2,183.5,5.1,11.3,14.3,46.6,0,7
76,87,5,258.5,12,38.6,36.7,23,0,32
76,88,4,27,1.1,2.4,2,5,0,0
76,89,3,33,3.4,0,0.8,10.1,0,0
76,90,2,5,0.1,0.3,0,2.1,0,0
76,91,4,8,0,0.6,0,3.6,0,0
76,92,1,3,0,0.2,0,1.1,0,0
76,93,5,16,0,1.2,0,5.9,0,0
76,94,5,16.5,0,1.2,0.5,5,0,0
76,95,4,23,0,1.7,0.9,7.3,0,0
76,96,3,12.5,0,1.3,0.8,4.2,0,0
76,97,2,7.5,0.1,0.4,0.4,2.1,0,0
76,98,4,7,0,0.3,0.4,1.8,0,0
76,99,2,15,0.4,0,0.6,4.5,0,0
76,100,2,7,0.1,0.1,0.2,2.5,0,0
76,102,2,23,0.3,0.3,0.4,8.9,0,0
76,103,7,30,0.3,0.5,0.7,11.5,0,0
76,104,4,23,0.3,2,2.3,5.9,0,0
76,105,4,151.5,0.3,19.7,25.8,10.9,0,0.3
76,106,6,52,0.3,6.6,9,4.1,0,0.4
76,107,5,422,21.3,71.3,50.3,27.9,0,46.3
76,108,4,89,4.5,11.2,14.2,6.4,0,2
76,109,7,51.5,0,8.4,5.5,8.1,0,0
76,110,5,10,0,1.4,0.8,2.1,0,0
76,111,1,2,0,0.1,0,0.8,0,0
76,112,3,11,0,0.3,0,4.5,0,0
76,114,1,2,0,0.1,0.1,0.5,0,0
76,116,2,4,0,0.2,0.4,1,0,0
76,117,4,18,0,1.5,2.6,2.4,0,0
76,118,1,4,0,0.4,0.6,0.5,0,0
76,120,1,5,0.1,0.1,0.3,1.1,0,0
76,121,2,6,0,0.2,0,2.4,0,0
76,122,2,5,0,0.4,0.5,1.2,0,0
76,123,2,3,0,0.3,0.3,0.7,0,0
76,125,5,63,0,3.7,8.5,9,0,0
76,126,4,8,0,0.8,1.1,0.8,0,0
77,1,1,4,0.1,0.4,0.1,1,0,0
77,2,4,65,2.5,5.4,5,18.2,0,0
77,12,7,68.5,3.7,6.6,1.3,22.2,0,0
77,19,1,1,0,0.2,0.1,0.2,0,0
77,26,1,5,0.2,0.5,0.5,0.8,0,0
77,27,4,95,1.4,7.2,5.5,29.1,0,0
77,29,5,49,1.8,4.9,3.8,14.3,0,0
77,31,3,53,1.5,1.8,0.9,18,0,0
77,32,5,51,1,3.8,1.9,15.4,0,0
77,38,2,11,0.5,1.6,1,1.3,0,0
77,39,5,38,1.7,3.3,2,7.7,0,0
77,41,2,11,0,0.8,1.1,2.2,0,0
77,43,1,4,0,0.3,0.2,1,0,0
77,44,3,22,1.1,3.9,0.6,4,0.4,0
77,45,3,11,0.6,2.2,0.2,1.8,0.3,0
77,47,1,2,0,0.1,0.1,0.5,0,0
77,48,1,1,0,0.1,0.3,0,0,0
77,49,3,13,0.6,2.9,0.8,1.1,0,0
77,51,3,9,0.2,1.5,0.8,1.2,0.1,0
77,58,3,8,0.1,1.2,0.7,0.9,0,0
77,61,1,1,0,0,0.1,0.2,0,0
77,62,2,44,0,2.2,6.1,7.5,0,0
77,68,4,119,0.8,7.7,9,30.6,0,0
77,69,4,68,0.5,9.7,9.3,8.1,0,0
77,71,1,2,0.1,0.7,0.2,0.1,0,0
77,73,6,32,0.9,10.9,2.8,1.4,0,0
77,74,1,15,0.2,2.3,2,1.3,0,0
77,76,4,28,0.4,4.6,3.2,3,0,0
77,77,2,4,0,0.5,0.4,0.7,0,0
77,81,4,22,0,7.5,0.2,1.4,0,2.2
77,82,2,4,0,1,0.2,0.7,0,0.3
77,83,1,12,0.4,0.4,1.2,5.2,0,0
77,85,2,64.5,0.8,2.7,1.3,21.7,0,0
77,86,7,50,1.8,3.9,3.5,12.2,0,0
77,87,3,99.5,0.5,21.3,8,10,0,9
77,88,2,8,0.2,0.5,0.4,1.9,0,0
77,89,3,6,0.2,0.4,0,2.4,0,0
77,92,1,1,0,0.1,0,0.4,0,0
77,93,1,4,0,0.3,0,1.5,0,0
77,94,1,1,0,0,0.1,0.3,0,0
77,95,1,1,0,0.1,0,0.3,0,0
77,100,2,6,0.1,0,0.3,1.8,0,0
77,101,3,16,0.2,0,0.4,5.7,0,0
77,102,6,22,0.3,0.4,0.7,8.9,0,0
77,103,5,15,0.2,0.3,0.5,5.9,0,0
77,104,4,20.5,0.3,1.3,1.3,6.2,0,0
77,105,7,38,0.7,3.1,3.1,9.9,0,0.1
77,106,3,101,0.4,12.9,20.9,5.6,0,0.4
77,107,5,38,0.3,3.7,6.3,4.1,0,0.2
77,108,5,26,0.2,1.7,3.6,4.3,0,0
77,109,5,26,0,1.1,0.9,8.5,0,0
77,110,4,11,0,0.2,0.2,4,0,0.1
77,111,2,5,0,0.1,0,1.9,0,0.1
77,112,3,7,0,0.2,0,2.7,0,0.1
77,113,1,1,0,0,0,0.4,0,0
77,115,3,43,0,0.9,7.7,6.9,0,0
77,116,6,46,0,0.5,9.9,5.8,0,0
77,117,1,2,0,0,0.5,0.2,0,0
77,118,4,14,0,1,0.9,3.4,0,0
77,119,4,19.5,0.2,0.3,0.9,5.2,0,0
77,120,1,2,0,0,0.1,0.6,0,0
77,121,3,10,0.6,0.1,0,3.4,0,0
77,122,3,164.5,0,20.9,29.8,15,0,15
77,123,3,96,0,2.1,15.1,22.2,0,4
77,125,1,2,0,0.2,0.3,0.2,0,0
77,126,1,2,0,0.2,0.3,0.2,0,0
73,10,2,65,0,11.3,10,3.8,0,0
73,15,1,4,0.4,0.7,0,1.3,0,0
73,17,1,3.5,0.4,0.6,0,1.1,0,0
73,20,4,19,0.2,2.9,1.8,2.9,0,0.2
73,23,6,89,0.7,15.8,6.6,12.1,0,0
73,24,4,67,0,9.2,9.1,5.9,0,0
73,28,3,36,0,6.1,0.8,7.6,0,0
73,29,1,14,0,1.8,0.9,4.1,0,0
73,30,5,50.5,2.7,4.6,2.3,13.9,0,0
73,31,1,4,0.3,0.3,0.2,1.1,0,0
73,36,2,31,0,0.7,3.5,8.9,0,0
73,37,1,12,0,0.3,1.3,3.5,0,0
73,40,3,10.5,0,0.9,1.1,2.1,0,0
73,41,3,8,0,0.6,1,1.4,0,0
73,47,3,8,0.8,0.4,0.3,2,0,0
73,49,1,1,0.1,0.1,0,0.2,0,0
73,50,2,15,1.4,0.8,0.5,3.8,0,0
73,52,1,9,0.8,0.5,0.3,2.3,0,0
73,59,1,1,0,0.1,0.1,0.2,0,0
73,62,2,13,0,2,1.6,2,0,0
73,64,1,5,0.1,0.3,0.2,1.5,0,0
73,65,4,44.5,0.5,2.5,2.9,10.4,0,0
73,66,1,91.5,0.1,4.4,8.7,22.4,0,0
73,67,4,71,1.1,4.2,5.7,13.4,0,0
73,72,3,37,0,3.3,4,7.1,0,0
73,73,1,46,0,0.3,13.3,0.6,0,0
73,74,1,17,0.6,1.9,1.7,3.3,0,0
73,75,5,69,1.3,6.8,7.9,13.7,0,0
73,85,1,2,0,0.3,0.2,0.2,0,0
73,86,3,157,9.9,19.3,29.5,3.5,0,17
73,87,5,42.5,1.2,4.9,3.6,8.4,0,0
73,88,1,15,0.5,0.9,0.9,6,0,0
73,89,1,1,0.1,0,0.1,0.2,0,0
73,90,7,37,3.2,1.8,3.1,7.8,0,0
73,91,3,18,1.4,1.6,0.5,4,0,0
73,92,2,5,0,0.9,0.5,0.8,0,0
73,93,5,29,0,5.2,2.9,4.4,0,0
73,96,2,7,0.4,0.2,0,2.4,0,0
73,97,6,43,1.7,0.9,1.4,12.6,0,0
73,98,4,29,0.4,0.5,2.3,6.7,0,0
73,100,1,1,0,0.1,0,0.2,0,0
73,101,3,9,0.4,0,0,3.4,0,0
73,102,4,13,0.7,0,0,4.8,0,0
73,103,1,1,0,0,0,0.4,0,0
73,104,1,6,0.1,0.4,0,1.8,0,0
73,105,1,2,0.1,0.1,0,0.6,0,0
73,106,2,5,0.2,0.4,0,1.9,0,0
73,107,3,228.5,8.3,63.4,17.4,30.6,0,51
73,108,3,8,0.6,0.6,1.5,2.1,0,0
73,110,2,160.5,0,1.9,35.8,13.4,0,0
73,111,5,59,1.5,3.5,10.1,8.6,0,0
73,112,4,16,0.2,1,1.8,3.2,0,0
73,113,6,47,0,3.5,1.2,13.2,0,0
73,114,3,12,0.2,0.7,0.7,3.6,0,0
73,115,6,30.5,0.6,2.6,1.7,7.7,0,0
73,116,4,12,0.4,2,0.6,1.6,0,0
73,117,2,8,0.2,1.4,0.4,1,0,0
73,118,1,5,0,0.3,0.8,0.5,0,0
73,119,2,112,0,2.4,20.4,16.3,0,0
73,120,2,21,0,1.6,2.6,4.9,0,0
73,122,2,6,0,0.2,0,2.8,0,0
73,124,1,2,0,0.1,0.2,0.4,0,0
73,125,5,9,0,0.5,0.9,1.9,0,0
73,126,2,11,0.1,0.5,1,2.5,0,0
73,127,1,2,0,0.1,0,0.8,0,0
72,9,1,3,0,0.2,0.3,0.8,0,0
72,10,5,109,1,8.5,5.9,32.6,0,0
72,14,1,3.5,0.1,0.2,0.3,0.9,0,0
72,16,2,2,0.2,0.4,0,0.6,0,0
72,17,2,11,1,1.7,0.3,3.3,0,0.1
72,19,2,85.5,1.6,9.4,7.2,20.9,0,0.4
72,20,4,145,1.3,10.9,22.4,19.7,0,9.3
72,23,2,18,0.1,3.2,1.4,2.4,0,0
72,24,2,5,0,0.8,0.9,0.1,0,0
72,26,1,15,0,2.4,2.1,0.8,0,0.3
72,28,1,11,0,1.9,0.2,2.3,0,0
72,29,1,1,0,0.1,0.1,0.3,0,0
72,35,4,27,0.7,3.3,1.6,6.7,0,0
72,40,2,35.5,0,2.4,4.2,6.5,0,0
72,41,2,8,0,0.5,1,1.4,0,0
72,54,2,2,0,0.2,0,0.4,0,0
72,58,2,9,0.2,0.5,0.9,2.1,0,0
72,60,6,48,0.5,5.7,5.3,8.9,0,0
72,61,2,5,0,0.8,0.6,0.7,0,0
72,64,2,10,0.2,0.7,0.7,2.7,0,0
72,65,2,60,1.5,2.8,1.9,18.2,0,0
72,67,1,6,0.2,0.7,0.2,1.4,0,0
72,68,3,32,1.1,3.8,1.3,7.4,0,0
72,70,1,2,0,0.2,0.4,0.2,0,0.1
72,73,1,3,0,0.3,0.3,0.6,0,0
72,74,2,9,0.2,1.1,0.9,1.8,0,0
72,75,1,7,0.3,1.1,0.5,1.1,0,0
72,76,2,13.5,0.6,2.1,1.1,2.1,0,0
72,80,1,5,0.6,0.2,0.4,0.6,0,0
72,81,2,9,1.1,0.4,0.6,1.1,0,0
72,82,1,5,0.6,0.2,0.4,0.6,0,0
72,84,1,2,0,0.3,0.2,0.2,0,0
72,85,3,13,0.2,1.8,1.3,1.3,0,0
72,86,1,2,0,0.3,0.2,0.2,0,0
72,87,1,3,0.1,0.2,0.2,1.2,0,0
72,90,5,71,4.4,2.2,4.7,23.2,0.2,1.2
72,91,3,254,3.9,57,66.4,8.1,0,73.9
72,92,1,64.5,9,2.2,5.9,10.4,0,0
72,93,5,24.5,0,3.3,2.2,4.8,0,0
72,96,1,5,0.3,0.1,0,1.7,0,0
72,97,2,6,0.3,0.1,0.1,1.9,0,0
72,98,4,15.5,0.2,0.4,1.2,3.5,0,0
72,99,6,32.5,0,2.1,0.2,8.5,0,0
72,100,1,12,0,0.5,0.2,4.4,0,0
72,102,4,15,0.7,0,0,5.5,0,0
72,103,1,1,0,0,0,0.5,0,0
72,104,1,2,0,0.1,0,0.7,0,0
72,105,5,31,0.4,1.3,0,10.2,0,0
72,106,5,24,0.7,1.7,0,8.3,0,0
72,107,3,151,0.7,15.8,42.5,3.9,0,6
72,108,3,231,4.8,28,47.1,13.9,0,0
72,109,3,50,2,8.1,8.2,3.7,0,0
72,111,5,22,0.3,1.5,2.1,4.5,0,0
72,112,3,6,0.1,0.4,0.4,1.4,0,0
72,113,4,16,0,1.2,0.8,4.1,0,0
72,114,6,38.5,0.4,3.1,2.2,11.4,0,0
72,115,5,23,0.3,2.1,1.2,6.1,0,0
72,116,4,11,0.3,0.7,0.5,2.5,0,0
72,117,2,10,0.2,0,0.5,2.7,0,0
72,118,3,57,0,3.4,9.5,5.3,0,0
72,119,2,158,0,10.7,14.3,38.3,0,6.1
72,120,1,1,0,0.1,0.1,0.2,0,0
72,121,1,56,0,0,15.2,1.1,0,0
72,122,1,3,0,0.1,0,1.4,0,0
72,126,4,7.5,0,0.4,0.7,1.6,0,0
75,7,1,1,0.1,0.1,0.1,0.2,0,0
75,10,4,10,0.3,1.4,0.4,2.3,0,0
75,11,4,37,0.7,4.8,1.6,8.8,0,0
75,12,1,3,0.1,0.4,0.1,0.7,0,0
75,23,2,154.5,1,21.8,22.7,13,0,0
75,24,3,29,1,3,5.4,1.3,0,0
75,26,1,1,0,0.1,0.1,0.2,0,0
75,27,2,7,0,0.6,0.7,1.5,0,0
75,29,4,75,0.9,7.1,6.6,14.9,0,0
75,43,1,6,0,0.4,0.6,1.2,0,0
75,45,1,3,0,0.2,0.1,0.8,0,0
75,47,1,4,0.1,0.6,1,0,0,0
75,48,2,502,99.2,52.8,33.6,39.2,0,51
75,49,2,519.5,32.3,47.2,24.4,165.2,0,46
75,50,1,203.5,15.4,7.3,5.8,69.7,1,0
75,51,1,278,15.2,30.6,62.4,24.4,0,22
75,58,2,22,0.7,3.1,2.5,1.9,0,0
75,59,2,33.5,1.1,1.4,1.4,12.3,0,0
75,60,1,2,0,0.1,0.1,0.5,0,0
75,62,3,198,0.5,11.9,20.6,47.6,0,0
75,63,0,50,0,7,9,1,0,0
75,65,2,12,0.2,0.7,1.3,2.5,0,0
75,66,2,7,0.2,0.4,0.7,1.5,0,0
75,67,1,5,0.1,0.3,0.5,1.1,0,0
75,74,1,8,0.1,0.9,1,1.2,0,0.6
75,75,1,44,0.2,3.2,10.4,1.6,0,4.8
75,78,4,9,0.1,0.6,0.3,3.1,0,0
75,79,3,13.5,0.3,0.9,0.4,4.5,0,0
75,80,3,15,0.3,1.1,0.4,5,0,0
75,82,2,8,0.3,0,0.5,2.4,0,0
75,83,1,1,0,0,0.1,0.3,0,0
75,84,3,23,1.4,1.6,0.2,7.1,0,0
75,85,4,55,1.2,1.3,0.1,20.6,0,0
75,86,1,1,0,0.1,0,0.4,0,0
75,87,4,143.5,4.1,10.1,19,28,0,0
75,88,3,31,0.3,3.5,6,4.7,0,0
75,89,1,4,0,0,0.1,1.4,0.1,0
75,90,2,13,0.9,0,0.3,3.8,0,0
75,91,5,21,0.3,1,0.1,8.3,0,0
75,92,3,22.5,0.5,0.6,0.8,6.2,0,0
75,93,2,16,0.1,0.6,0.8,4.1,0,0
75,94,6,20,0,1.4,0.9,6.3,0,0
75,95,4,21,0.3,1.1,0.6,7.2,0,0
75,96,2,8,0,0.8,0.5,2.7,0,0
75,97,3,5,0,0.3,0.2,1.7,0,0
75,98,2,6,0.1,0.2,0.3,1.5,0,0
75,99,2,11,0.3,0.1,0.4,3.1,0,0
75,100,3,10,0.2,0.3,0.4,2.7,0,0
75,103,2,7,0.1,0.1,0.2,2.7,0,0
75,104,5,16,0.3,1.4,1.1,4.5,0,0
75,105,5,51,2.1,4.8,2.1,14.3,0,0.5
75,106,5,403.5,22.3,104.1,23.3,19.4,1,52.2
75,107,1,775,7.8,128.6,23.3,240.3,0,34
75,108,4,281.5,2.2,19.5,65.4,10.5,0,8
75,109,4,14,0.1,2.3,1.3,2.5,0,0
75,110,3,6.5,0.1,0.7,0.4,1.7,0,0
75,112,2,7,0,0.7,0.7,1.4,0,0
75,113,2,12,0,0.3,0,4.9,0,0
75,114,2,9.5,0,0.6,0.5,2.1,0,0
75,116,4,19,0,0.5,0.9,5,0,0
75,117,7,65,0,4,12.4,9.6,0,0
75,118,5,138.5,1,7.4,22.9,23.7,1,4
75,119,6,18,0.1,0.5,1.3,3.9,0,0
75,120,1,1,0,0,0,0.4,0,0
75,121,1,2,0,0.1,0,0.8,0,0
75,122,1,3,0,0.1,0,1.2,0,0
75,123,3,6,0,0.3,0.1,2.2,0,0
75,125,3,16,0,1,2.1,2.2,0,0
75,127,4,22,0.1,1.5,3.1,2.8,0,0
47,3,1,4,0,0.2,0,1.3,0,0
47,5,1,10,0,0.5,1.1,3.1,0,0
47,6,5,109.5,0.1,3.9,7,45.3,0,0
47,8,1,1.5,0,0.2,0,0.4,0,0
47,9,2,29,0.2,1.9,2.2,10.5,0,0
47,10,1,2,0,0.2,0,0.6,0,0
47,12,1,4,0,0.1,0.1,1.1,0,0
47,14,1,5,0.2,0.5,0.6,0.7,0,0
47,15,2,4,0.1,0.3,0.4,0.8,0,0
47,20,2,5,0,0.5,0,1.5,0,0
47,21,2,8,0.1,0.3,0.4,1.9,0,0
47,24,1,6,0.1,0.2,0,1.9,0,0
47,27,1,9,0,0.5,1.2,1.9,0,0.5
47,28,1,9,0.4,0.9,0.7,2,0,0
47,29,3,25.5,1,1.5,4.6,2.9,0,0.8
47,30,3,16,0.6,0.8,2.9,1.8,0,0.5
47,32,4,26,0.5,2,0.5,7.9,0,0.4
47,34,1,2,0,0.2,0.1,0.5,0,0
47,35,1,4,0.1,0.3,0.2,1,0,0
47,36,2,20,0.6,2,2.9,1.8,0,0
47,37,5,126,4.2,9.1,10.8,25.8,1,0
47,38,1,2,0,0.3,0.2,0.3,0,0
47,39,2,6,0.1,0.1,0.2,2.3,0,0
47,40,1,2,0,0.1,0.2,0.3,0,0
47,41,1,6,0.2,0.2,0.7,0.8,0,0
47,43,1,4,0.1,0.2,0.5,0.5,0,0
47,44,1,1,0.1,0,0,0.4,0,0
47,45,1,10,0.3,0.3,0.4,2.6,0,0
47,46,1,2,0,0.1,0.1,0.5,0,0
47,47,2,5,0,0.2,0.2,1.6,0,0
47,48,3,13.5,0.4,0.9,0.5,3.9,0,0
47,50,5,21,0.1,3.4,1,6.7,0,0
47,51,2,130.5,0.1,50.7,12.6,3.8,0,24
47,52,1,5,0.3,1,0.7,0.4,0,0
47,53,2,11,0,0.8,0.9,2.5,0,0
47,54,3,15,0,0.9,0,4.5,0,0
47,55,3,5,0.1,0.4,0.1,1.8,0,0
47,56,5,17,0.2,1.6,0.2,5.9,0,0
47,58,2,6,0.1,0.3,0.8,1.5,0,0
47,60,1,5,0.1,0.2,0.4,0.8,0,0
47,62,1,3,0,0.2,0.2,0.9,0,0
47,63,1,1,0,0,0.1,0.3,0,0
47,64,2,17,1.2,1.6,1.2,1.8,0,0
47,67,3,9,0,0.3,0.5,3,0,0
47,77,3,66,1,4.5,8.1,10.3,0,0
47,80,1,4,0,0.1,0.4,1,0,0
47,84,1,4,0.1,0.2,0.2,1.1,0,0
47,86,1,2,0.1,0.1,0.3,0.3,0,0
47,88,3,384.5,2.5,28.3,80.4,24.7,0,24.7
47,89,4,60,1,5.2,8.5,8.3,0,0
47,90,2,8,0.1,0.7,0.3,1.7,0,0
47,91,1,9,0.3,0.5,0,2.7,0,0
47,92,2,10,0.1,0.7,0.7,2.3,0,0
47,93,3,35,0.1,2.4,3.1,7.4,0,0
47,94,3,19,0.2,0.4,2,4.6,0,0.8
47,96,1,4,0,0.2,0.3,1,0,0
47,97,5,25,1.1,1.9,2.1,6,0,0
47,98,3,6,0.2,0.4,0.4,1.8,0,0
47,101,2,68,1,5.1,10.4,5.9,0,0
47,102,3,508,3,56.1,106.9,11,0,16
47,103,1,31,0.1,11.7,0.5,0.7,0,0
47,105,1,10,0,0.3,0.7,3.3,0,0
47,107,2,470,3.6,61.5,52.6,76.7,0,23
47,108,1,73,0.4,24.7,0.9,1.5,0,0
47,109,1,3,0,0.1,0.2,0.7,0,0
47,112,1,2,0.1,0.1,0.1,0.4,0,0
47,113,2,3,0.2,0.2,0.1,0.6,0,0
47,114,5,28,1.2,3.7,0.5,5.5,0,0
47,116,3,21,0.1,1.4,2.1,4.4,0,0
47,117,3,7,0,1.5,0,1.4,0,0
47,118,4,13,0.2,2.2,0.1,2.5,0,0
47,119,5,19,0,1.9,0.2,4.7,0,0
47,120,6,39,0.5,4.1,2.9,7.4,0,0
47,121,5,18,0.3,2,2.3,2.6,0,0
47,123,5,19,0.1,1.4,1.1,5,0,0
47,124,5,24.5,0.7,2.3,1.2,3.5,0,0
47,125,3,14.5,0.4,2.4,1.1,1.5,0,0
47,126,3,11,0.3,0.4,2,1.3,0,0
47,127,4,28,0.5,1.2,4.8,3.7,0,0
71,3,3,106,3,4.9,8,35,0,0
71,4,2,43,0,0,5,12.4,0,0
71,10,4,22,0.4,0.8,0.3,7.3,0,0
71,11,2,51.5,0.5,1.5,0,19.7,0,0
71,13,2,5,0,1.6,0.7,0,0,0
71,14,7,68,1.1,2.1,6.4,20.3,0,0
71,15,6,205,1.9,15.7,38.2,22.8,0,0
71,19,3,106.5,4.3,15.9,8.5,13,0,0
71,20,3,103.5,3.8,12.2,12.4,17,0,0
71,26,2,33.5,0,5.3,4.8,1.7,0,0.6
71,27,2,8,0,1.3,1.1,0.4,0,0.1
71,32,4,36,0,3.1,0.6,12,0,0
71,35,2,10,0.3,1.3,0.5,2.5,0,0
71,43,3,124,1,7.3,14.9,24.8,0.5,0
71,44,4,39.5,0.6,2,0.8,13.2,0,0
71,45,2,11.5,0.2,0.6,0.2,3.8,0,0
71,48,2,3,0.3,0.2,0.1,0.7,0,0
71,49,2,12,1.1,0.6,0.5,3,0,0
71,54,2,19,0.3,1.4,0.7,4,0,0
71,58,2,7,0.2,0.3,0.7,1.6,0,0
71,60,1,4,0.1,0.2,0.4,0.9,0,0
71,61,1,2,0,0.3,0.3,0.3,0,0
71,64,8,100.5,3.2,5.9,12.5,15.3,0,0
71,80,2,14,1.2,0.7,0.8,2.2,0,0
71,81,1,3.5,0.4,0.2,0.2,0.4,0,0
71,87,2,21,0.4,0.7,5.7,1,0,0
71,88,3,57,0.6,5.1,14.9,1.2,0,0
71,89,2,96,16.4,16.7,3,6.3,0.2,0
71,90,1,50,0.1,0.1,3,27.4,0,0
71,91,1,567.5,10.5,104.5,39.3,119,0,65.9
71,92,4,287,9,115.2,5.3,14.7,0,42
71,93,1,4,0,0.1,0.3,1.2,0,0
71,94,3,27.5,0,1.6,3.2,4.7,0,0
71,96,1,4,0.2,0.1,0,1.4,0,0
71,97,2,6,0,0.5,0,1.3,0,0
71,98,2,10,0,0.8,0,2.2,0,0
71,99,2,13,0,0.6,0.2,4.8,0,0
71,100,4,14,0,0.6,0.3,5.1,0,0
71,102,1,3,0,0,0,1.6,0,0
71,103,5,21,0,0,0,10.9,0,0
71,104,6,24,0,0.6,0,8.7,0,0
71,106,1,12,0.2,0.7,0,3.6,0,0
71,107,7,66.5,1.6,5.6,11.4,6.7,0,0
71,108,5,162.5,1.8,11.8,39.8,7.2,0,0
71,109,3,563,0,19.3,151.7,10.6,0,0
71,110,1,2,0,0.1,0.2,0.4,0,0
71,111,1,2,0,0.2,0,0.5,0,0
71,112,1,46,3,0.8,6.2,4.2,0,0
71,113,8,93,0,8.9,13.5,14.5,0,0
71,114,5,14,0,1.4,0.9,4.2,0,0
71,115,2,8.5,0,0.9,0.6,2.5,0,0
71,116,4,14,0.2,0,0.4,4.2,0,0
71,117,1,1,0,0,0,0.3,0,0
71,118,1,3,0,0.2,0.5,0.3,0,0
71,119,3,47,0,6.7,4.4,5.6,0,7.4
71,120,1,3,0,0.3,0.3,0.5,0,0.1
71,121,3,31,0,0,5.2,4.9,0,0
71,122,1,5,0,0,0.8,0.8,0,0
71,123,2,9,0,0.4,0,4.1,0,0
71,124,2,15,0.1,0.6,1.4,3.5,0,0
71,125,1,6,0.1,0.2,0.5,1.4,0,0
71,126,2,8,0.1,0.3,0.7,1.8,0,0
3,0,4,75,8.4,5.3,12,9.7,0,0.8
3,1,4,297,42.6,30.6,20.4,51.6,0,5.3
3,2,4,327.5,55,56.7,23.2,18.9,0,35.3
3,3,1,150.5,14.4,14.7,15.5,27.4,0,2.1
3,4,2,7,0.2,0.9,0.3,1.6,0,0
3,5,2,9,0.2,1.1,0.4,2.1,0,0
3,8,1,2,0,0.1,0.3,0.4,0,0
3,9,4,24.5,0.4,1.2,3.2,5.1,0,0
3,10,2,13,0.2,0.6,1.7,2.7,0,0
3,12,2,4,0.2,0,0.2,1,0,0
3,13,3,11,0.3,0,0.6,3,0,0
3,14,1,2,0.1,0.2,0.1,0.4,0,0
3,17,2,20,0,1.7,2.3,2.9,0,0
3,18,3,12,0,1.1,1.3,1.7,0,0
3,19,2,3,0.1,0.3,0.2,0.8,0,0
3,20,1,2,0.1,0.2,0.1,0.5,0,0
3,22,2,5,0,0.3,1.2,0.5,0,0
3,23,1,154.5,0,3.4,52.1,19.7,0,19
3,24,2,291,12.6,27.6,42.3,36.6,1,11
3,25,1,9,0,0,0.5,2.1,0,0
3,27,1,1,0,0,0.1,0.2,0,0
3,28,1,2,0.1,0.2,0.1,0.3,0,0
3,29,3,7,0.2,0.8,0.5,1.2,0,0
3,30,3,18,0.7,2,1,3,0,0
3,31,3,11,0,0.9,1,2.4,0,0
3,34,1,2,0,0.2,0.2,0.3,0,0
3,35,3,15,0.2,1.4,1.3,2.3,0,0
3,36,2,16,0.2,1.6,1.4,2.4,0,0
3,37,1,1,0.1,0.2,0,0.1,0,0
3,38,1,447.5,5.4,17.3,127.5,8.9,0,13
3,39,4,400.5,21.8,57.6,53.3,76.9,0,45.8
3,40,4,33,2.3,6.1,4.2,1,0,2.3
3,41,1,2,0,0.2,0.1,0.4,0,0
3,43,4,15,0,1.5,0.8,3.2,0,0
3,44,1,1,0,0.1,0.1,0.2,0,0
3,46,5,9,0.4,0.8,0.9,1.8,0,0
3,47,3,12,0.7,0.9,0.7,2.6,0,0
3,51,3,10,0,1.6,0.3,2.5,0,0
3,52,3,13,0,2.1,0.3,3.3,0,0
3,53,1,4,0,0.6,0.1,1,0,0
3,54,1,7,0,0.7,0.5,1.4,0,0
3,55,1,5,0,0.5,0.4,1,0,0
3,57,2,4,0.1,0.3,0.3,0.8,0,0
3,58,1,3,0.1,0.2,0.3,0.6,0,0
3,59,1,1,0,0.1,0.1,0.2,0,0
3,60,2,4,0.1,0.4,0.4,0.7,0,0
3,61,1,8,0.4,0.8,0.8,1.2,0,0
3,63,4,27.5,0,2.8,3.5,4.4,0,0
3,64,1,11,0.3,0.3,0.3,3.9,0,0
3,65,1,4,0,0.6,0.2,0.6,0,0
3,66,2,3,0,0.5,0.2,0.4,0,0
3,68,1,6,0.2,1,0,0.9,0,0
3,70,2,4,0.2,0.6,0,0.6,0,0
3,71,2,12,0.5,0.9,0.7,2.3,0.2,0
3,72,2,5,0.2,0.4,0.3,1,0.1,0
3,73,2,4,0.2,0.4,0.2,0.8,0,0
3,74,4,189,1.9,3.7,53.8,4.6,0,15.8
3,75,2,153,0.2,0.6,46.8,1.6,0,0
3,76,1,3,0.1,0.2,0.3,0.6,0,0
3,77,3,5,0.3,0.2,0.2,1.3,0,0
3,78,1,5,0.3,0.3,0.1,1.3,0,0
3,79,1,4,0.2,0.2,0.1,1.1,0,0
3,80,2,8,0.4,0.4,0.2,2.2,0,0
3,82,2,4,0.1,0,0.3,1.3,0,0
3,83,1,4,0.1,0,0.3,1.4,0,0
3,85,1,2,0,0.1,0.2,0.6,0,0
3,86,1,2,0,0.1,0.2,0.6,0,0
3,87,1,2,0,0.1,0.2,0.5,0,0
3,88,2,9,0,0.4,0.8,2.5,0,0
3,89,2,10.5,0,0.5,0.9,2.9,0,0
3,90,3,11.5,0,0.6,1,3.2,0,0
3,91,1,6,0.4,0.6,0,1.5,0,0
3,92,2,4,0.2,0.4,0,1,0,0
3,93,1,6,0.4,0.6,0,1.5,0,0
3,94,2,6,0.1,0.6,0.2,1.2,0,0
3,95,3,11,0.2,1.1,0.4,2.2,0,0
3,96,3,404.5,6.4,22,88.6,16.8,0,0
3,97,4,134,2.6,10.9,32.9,4.1,0,0
3,98,3,11,0.1,0.9,2.5,0.7,0,0
3,99,2,372,0.4,4.4,126.8,0.4,0,19
3,100,1,585,13.6,113.7,120,9,0,52
3,101,3,590,57.7,141.6,45.9,14.9,0,80
3,102,4,112.5,6.1,14.6,6.8,30.1,0,3
3,103,5,28,2.8,0,2.2,7.6,0,0
3,104,3,13,0.4,0.4,0,5.4,0,0
3,105,1,5,0.3,0,0.2,2.2,0,0
3,107,5,22,1,0.4,0.2,6.2,0,0
3,108,3,13,0.6,0.2,0.1,3.7,0,0
3,109,1,2,0,0.1,0.4,0.5,0,0
3,110,4,13,0,1.5,1.5,2.8,0,0
3,111,1,5,0,0.7,0.4,1,0,0
3,112,2,5,0,0.7,0.4,0.9,0,0
3,113,4,25,0,3.5,1.2,4.4,0,0
3,114,1,7,0,0,0.3,2.4,0,0
3,119,1,13,0.2,1.3,1.3,0.7,0,0
3,120,5,204,0.4,31.2,34.1,6.7,0,5
3,121,2,435.5,7,32.4,97,52,0,30
3,122,4,17,0,1.3,1.7,3.7,0,0
3,125,3,8,0,0.5,0.3,2,0,0
3,126,2,7,0,0.5,0.1,1.9,0,0
3,127,1,1,0,0,0.2,0.1,0,0
56,0,1,2,0.1,0.2,0.2,0.3,0,0
56,1,7,110,4.1,8.5,7.9,34.9,0,0
56,2,1,7,0.3,0.8,0.8,1,0,0
56,3,2,22,0,2.7,0,7,0,0
56,8,1,3,0.1,0.7,0.1,0.4,0,0
56,9,2,4,0.2,0.4,0.2,0.8,0,0
56,10,4,11,0.6,1.2,0.4,2.3,0,0
56,11,1,20,0.7,2.9,1.5,2.5,0,0
56,12,2,7,0.3,1,0.6,0.8,0,0
56,14,1,1,0,0.1,0,0.3,0,0
56,18,2,8,0,1.5,0.3,1.7,0,0
56,19,5,123,1,10.7,4,36.1,0,0
56,20,1,1,0,0.2,0,0.2,0,0
56,23,4,273,5.6,28.7,46,34.5,0,0
56,24,1,4,0,0.5,0.4,0.7,0,0
56,25,2,8,0,1,0.8,1.4,0,0
56,28,1,2,0,0.5,0.1,0.4,0,0
56,29,1,2,0,0.5,0.1,0.4,0,0
56,30,2,11,0.2,2.8,0.4,2,0,0
56,34,1,2,0,0.1,0.1,0.6,0,0
56,37,1,1,0,0,0.1,0.3,0,0
56,38,2,9,0.3,0.5,0.6,2,0,0
56,39,1,8,0.3,0.7,0,2.1,0,0
56,42,3,15,0.2,2.1,0.9,3.9,0,0
56,44,2,6,0,0.4,0.2,1.6,0,0
56,45,1,8,0,0.6,0.4,2,0,0
56,46,1,7,0,0.5,0.3,1.8,0,0
56,47,2,12,0.1,0.8,0.6,3,0,0
56,48,2,13,0.3,0.8,0.8,3.3,0,0
56,49,4,28,0.5,0.5,2.3,7.4,0,0
56,52,1,18,0.4,0.4,0.4,5.3,0,0
56,53,3,22,0.4,0.5,0.5,6.6,0,0
56,57,1,3,0.1,0.1,0.1,1.1,0,0
56,63,2,14,0.4,3.2,1,0.4,0,0
56,64,1,4,0,0.1,1,0.1,0,0
56,73,1,2,0.1,0.1,0.1,0.4,0,0
56,74,1,3,0,0.1,0.3,0.8,0,0
56,78,1,4,0.2,0.1,0.2,0.9,0,0
56,80,1,4,0.1,0.2,0.1,1.1,0,0
56,81,5,43,0.6,2,1.4,12,0,0
56,82,2,5,0,0.1,0.5,1.1,0,0
56,84,1,10,0.2,0,0.7,2.3,0,0
56,85,2,20.5,0.5,0,1.4,4.7,0,0
56,87,1,13,0.6,0.5,0.2,4.6,0,0
56,88,3,73,1.3,2.9,9.3,15.9,0,0
56,89,4,122,0.5,6.2,29.4,5,0,9
56,90,1,2,0,0.1,0.3,0.3,0,0
56,92,6,76,0,3.6,8.2,17.3,0,0
56,94,4,35,1.7,2.5,1.8,9.2,0,0
56,95,1,178.5,1.1,37.2,34.1,5.5,0,18
56,98,4,28.5,0.7,0,1.1,8.8,0,0
56,99,2,7,0.8,0.4,0.4,2.9,0,0
56,100,2,4,0.4,0.2,0.3,1.6,0,0
56,101,2,18,0,2,2,4.6,0,0
56,102,6,41,0.1,4.1,3.9,11.5,0,0
56,103,6,49,0.6,3.7,1.6,18,0,0
56,105,1,19.5,0.8,0.2,0,6.3,0.2,0
56,106,3,24,0.9,0.3,0,7.7,0.4,0
56,107,3,14,0.2,0,0.5,4.9,0,0
56,108,1,1,0,0,0,0.4,0,0
56,115,2,6,0.1,0.5,0,1.2,0,0
56,116,5,39.5,0.8,3.2,0.5,7.9,0,0
56,117,1,2,0,0.3,0.3,0.2,0,0
56,118,1,1,0,0.1,0.2,0.1,0,0
56,119,3,13,0.2,1.7,0,4.2,0,0
56,120,6,56,0.6,7,0.6,17.4,0,0
56,121,3,337,0.4,41.6,68.5,16.7,0,8
56,122,4,200,0.2,22.5,41.3,6.7,0,0
56,123,4,51,0,5,9.8,1.9,0,0
56,124,1,4,0,1.1,0,1,0,0
56,126,1,4,0,0.3,0.3,1.2,0,0
56,127,2,9,0.2,0.4,0.5,2.7,0,0
57,0,2,11,0.2,1.7,1,1.2,0,0
57,1,4,111.5,4.3,5.9,22.8,7,0,0
57,2,1,2,0,0.2,0,0.7,0,0
57,3,1,2,0,0.3,0.2,0.2,0,0
57,7,4,32.5,2.7,5.1,4.5,3,0.1,0.6
57,8,5,123.5,4.8,29.5,10.5,10.8,0,0
57,9,3,58,1.9,3.8,2.7,13.2,0,0
57,11,1,6,0.1,1.4,0.3,0.8,0,0
57,13,1,4,0.1,0.9,0.2,0.5,0,0
57,14,2,14,0,1.1,0,4,0,0
57,16,2,7,0.1,0.5,1,1.4,0,0.3
57,23,3,140.5,2,10.7,21.1,23.1,0,0
57,24,1,8,0,1,0.8,1.3,0,0
57,25,2,9,0,1.1,0.9,1.5,0,0
57,26,3,27,1,2,5.6,3.6,0,0
57,27,1,2,0.1,0.1,0.4,0.3,0,0
57,29,1,211.5,3.2,17.3,20.8,48.1,0,0
57,30,4,27,0.5,5,1.8,3.8,0,0
57,32,1,6,0.2,1.2,0.2,1,0,0
57,33,3,42,0.2,3.6,0.6,15.4,0,0
57,35,1,3,0.3,0.3,0.6,0.2,0,0
57,40,2,3,0,0.2,0.3,0.7,0,0
57,41,1,16,1.4,3.2,1,1.8,0,0
57,42,8,111,3.1,12.3,9.7,21.7,0,0
57,43,3,43.5,0.6,3.8,3.4,13.8,0,0
57,46,4,23,0,1.5,0.8,6.4,0,0
57,47,1,2,0,0.1,0.1,0.5,0,0
57,48,2,9,0.1,0.1,0.1,3.1,0,0
57,49,4,52,1,6.8,6,10.4,0,2
57,50,2,5,0.1,0.4,0.4,1.1,0,0.2
57,51,2,22,0.4,0.8,1,6.3,0,0
57,52,1,4,0.1,0.1,0.2,1.2,0,0
57,55,1,1,0,0.1,0.1,0.3,0,0
57,56,0,44.5,0,1,2,25,0,5
57,57,3,14,0.1,1,0.8,4.3,0,0
57,60,1,3,0,0,0.1,1.3,0,0
57,62,1,4,0.1,0.9,0.3,0.1,0,0
57,63,3,193,4,16.3,18.9,42.2,0,0
57,64,2,184,2,8.9,25.2,24.8,0,0
57,71,1,66,0.2,3.2,14.7,7.2,0,0
57,72,4,193.5,4.2,13.3,32.9,32.2,0,11.2
57,73,1,2,0,0.3,0.3,0.1,0,0.3
57,78,7,55,2.8,1.5,3.6,11.8,0,0
57,79,3,32,0,1.1,3.9,8,0,0
57,81,2,12,0.2,0.5,0.4,3.4,0,0
57,82,2,153,6.1,18.5,28.8,6.1,0,15
57,83,3,8,0.1,0.5,0.8,1.8,0,0
57,84,3,36,0.3,0.5,2.9,10,0,0
57,85,1,1,0,0,0.1,0.3,0,0
57,86,7,28,0,0.6,2.7,8.2,0,0
57,87,2,20,0.3,0.4,1.9,5.9,0,0
57,88,4,26,1.2,1,0.6,9,0,0
57,89,3,35,0.5,1.2,5.8,5,0,0
57,92,2,8,0.1,0.4,0.9,1.7,0,0
57,93,3,26,0.4,1,3.1,5.5,0,0
57,97,3,6,0.1,0.6,0.2,1.5,0,0
57,98,4,48.5,1.1,1.7,1.6,14.1,0,0
57,99,5,41,0.8,1.5,3.8,11.3,0,0
57,101,4,36,0.7,3.4,2.9,8,0,0
57,102,1,2,0,0.2,0.3,0.5,0,0
57,105,4,22,0.2,0.8,0.7,7.5,0,0
57,106,6,38,0.3,2,0.7,13.3,0.1,0
57,107,1,2,0,0,0.1,0.7,0,0
57,111,1,2,0,0,0.1,0.9,0,0
57,114,1,2,0,0.2,0.1,0.5,0,0
57,115,2,12,0.1,1.2,0.6,3,0,0
57,116,8,86.5,0.4,9.6,4.3,18.4,0,0
57,117,5,34,0.7,4.8,2.1,5,0,0
57,118,4,21,0.5,3.3,1.5,2.6,0,0
57,119,7,54,0.6,12.6,0,10.9,0,0
57,120,4,21,0.3,3.9,0,5.4,0,0
57,121,3,8,0,1.3,0.9,0.6,0,0
57,122,5,50.5,0,10.2,3.6,2.9,0,0
57,123,2,11,0,1.4,0.9,1.5,0,0
57,124,5,9.5,0,1.3,0.6,2.3,0,0
57,125,5,24,0,3.6,1,6.6,0,0
57,126,2,5,0,0.3,0.4,1.5,0,0
57,127,4,15,0.6,1.1,0,4.3,0,0
2,0,3,395.5,9,65.8,84.7,8.3,0,44.7
2,1,3,621.5,121.1,23.6,122.5,54.9,0,92.4
2,2,2,340.5,38.4,9.6,112.5,13.7,0,126.6
2,3,1,3,0,0.1,0.6,0.3,0,0
2,5,2,7,0.1,0.8,0.3,1.7,0,0
2,7,4,20.5,0.1,1.3,2.8,3.5,0.2,0
2,8,2,2,0,0.2,0.2,0.4,0,0
2,9,2,23,0.1,3,3.3,2.2,0,0
2,10,2,6,0,1.1,0.8,0.3,0,0
2,13,3,16,0.5,0,0.9,4.4,0,0
2,15,3,22,0.5,2.2,1.4,4.1,0,0
2,16,1,9,0.2,0.9,0.6,1.7,0,0
2,18,2,3,0,0.3,0.3,0.4,0,0
2,20,2,7,0.1,0.9,0.5,1.2,0,0
2,22,3,22.5,0,2.6,2.7,3,0,0
2,23,3,224.5,7,17.2,34.3,35.9,0,22
2,24,3,79.5,3.4,5.4,7,14.1,0,0
2,26,2,15,0,0,0.8,3.5,0,0
2,27,1,3,0.1,0.3,0.2,0.5,0,0
2,29,3,15,0.6,1.7,0.8,2.5,0,0
2,30,2,9,0.3,1,0.5,1.5,0,0
2,31,1,2,0,0.2,0.2,0.4,0,0
2,32,3,22,0,1.6,2.1,4.7,0,0
2,34,3,17,0.2,1.6,1.4,2.6,0,0
2,35,1,4,0.1,0.4,0.3,0.6,0,0
2,36,1,2,0,0.2,0.2,0.3,0,0
2,37,2,9,0,1.3,0.5,1,0,0
2,38,2,22,2.5,4.9,0.7,1.4,0,0
2,40,4,17,0.6,2,1.3,2.9,0,0.1
2,42,2,10,0,1,0.5,2.1,0,0
2,43,1,4,0,0.4,0.2,0.9,0,0
2,44,3,10,0.5,0.9,1,2,0,0
2,47,1,2,0.1,0.1,0.1,0.5,0,0
2,51,3,9,0,1.4,0.3,2.2,0,0
2,52,2,6,0,1,0.2,1.4,0,0
2,53,1,2,0,0,0.1,0.6,0,0
2,54,1,2,0,0.2,0.1,0.4,0,0
2,55,2,5,0,0.5,0.4,1,0,0
2,57,2,4,0.2,0.2,0.4,0.8,0,0
2,58,2,8,0.3,0.5,0.8,1.6,0,0
2,59,1,1,0,0.1,0.1,0.2,0,0
2,60,2,8,0.4,0.7,0.8,1.3,0,0
2,62,2,5,0.2,0.5,0.5,0.8,0,0
2,63,3,360.5,4.1,47.3,54.6,32.1,0,7
2,64,5,89,1.9,5.3,3.7,20.7,0,0
2,67,2,6,0.1,1,0.1,0.9,0,0
2,69,3,9,0.2,1.4,0.3,1.6,0,0
2,70,1,2,0.1,0.3,0,0.3,0,0
2,72,2,11,0.5,0.9,0.6,2.2,0.1,0
2,73,1,15,0.7,1.1,0.9,2.9,0.2,0
2,74,2,6,0.2,0.4,0.8,0.9,0,0.1
2,75,1,4,0.1,0.2,0.8,0.2,0,0.2
2,76,1,1,0,0.1,0.1,0.2,0,0
2,77,2,8,0.2,0.6,0.6,1.7,0,0
2,78,1,7,0.4,0.3,0.1,1.9,0,0
2,79,1,7,0.4,0.3,0.1,1.9,0,0
2,81,1,2,0.1,0,0.1,0.7,0,0
2,82,2,9,0.3,0,0.6,3.1,0,0
2,83,2,10,0.4,0,0.6,3.4,0,0
2,84,6,26,0.5,1.3,2.1,7.3,0,0
2,86,1,2,0,0.1,0.2,0.6,0,0
2,87,1,10,0.2,0.5,0.8,2.8,0,0
2,88,1,4,0,0.2,0.4,1.1,0,0
2,89,1,1,0,0,0.1,0.3,0,0
2,91,2,3,0.2,0.3,0,0.7,0,0
2,92,3,10,0.5,1.2,0.1,2.3,0,0
2,94,3,14,0.4,1.3,0.5,3,0,0
2,95,3,11,0,1.1,0.7,2.6,0,0
2,96,3,172.5,2.2,4.1,40.5,5.7,0,0
2,97,2,128,1.6,8.2,25.5,7.7,0,0
2,99,2,167.5,0.5,6,48.6,1.4,0,6
2,100,6,75.5,4.5,10.2,10.9,3.5,0,0
2,101,3,17,0.3,1.6,2.7,1.7,0,0
2,102,6,38.5,1.8,4.5,4,4.8,0,0
2,103,2,6,0.4,0,0.4,1.8,0,0
2,105,3,21.5,0.8,0.6,0.1,8.9,0,0
2,107,2,38,1.8,0.9,0.4,10.6,0,0
2,108,2,16,0.8,0.3,0.2,4.5,0,0
2,109,3,6,0,0.4,1.2,1.4,0,0
2,110,2,5,0,0.3,0.8,1.2,0,0
2,111,3,13,0,0.8,1.1,3,0,0
2,112,5,45,0,5.3,3.2,9.1,0,0
2,113,2,5,0,0.7,0.3,0.8,0,0
2,114,3,7,0,0,0.3,2.5,0,0
2,115,1,5,0,0,0.2,1.7,0,0
2,117,2,5,0,0.3,0.2,1.5,0,0
2,118,5,28,0,3.7,1.2,6.3,0,0
2,119,1,10,0.1,1,1,0.6,0,0
2,120,6,68,0.2,2.7,16.7,2.6,0,2
2,121,0,49,0,0,12,0,0,0
2,123,3,10,0,0.4,0.6,3,0,0
2,124,1,5,0,0.4,0.1,1.3,0,0
2,125,1,2,0,0.1,0.1,0.5,0,0
58,1,2,13,0.3,2,1.2,1.4,0,0
58,2,1,2,0,0.3,0.2,0.2,0,0
58,5,1,16,1.5,1.5,2.5,2,0.2,0.8
58,6,5,75,7.1,7.2,11.7,9.2,0.7,3.8
58,7,5,123,8.4,29.6,20.9,11.5,0,2.3
58,8,4,102,2.3,29.6,7.9,11.3,0,16
58,10,1,2,0,0.1,0.1,0.5,0,0
58,15,1,5,0,0.4,0,1.4,0,0
58,16,2,63.5,3.5,2.1,6,14.6,0,1.5
58,17,4,96,0.9,8.6,7.4,22.4,0,1.2
58,18,1,36.5,0.1,1.9,1.3,12.1,0,0
58,19,1,2,0,0.3,0.1,0.4,0,0
58,20,4,31,0.3,4.4,1.9,5.3,0,0
58,25,1,68,0.6,1.2,4.3,24.1,0,0
58,26,3,85.5,1.4,4.5,4.6,29.1,0,0
58,29,3,20,0.4,2.9,1.6,2.6,0,0
58,30,1,4,0.2,0.8,0.2,0.6,0,0
58,33,1,2,0.1,0.4,0.1,0.3,0,0
58,34,4,18,1.6,1.7,3.8,1.6,0,0
58,35,3,20.5,2.3,2.6,1.9,2.1,0,0
58,36,5,61.5,6.7,8.3,4.8,6.1,0,0
58,37,2,22,1.1,2.2,1.9,3.8,0,0
58,40,1,4,0,0.3,0.4,0.9,0,0
58,41,2,90,8.9,33,3.6,1.1,0,17
58,42,5,137,3.6,14.1,15.3,29,0,7
58,43,1,8,0.3,1.2,1.2,0.6,0,0
58,44,2,6,0,0.4,0.2,1.8,0,0
58,46,1,1,0,0.1,0,0.3,0,0
58,49,2,95,0.3,6,14.9,12.5,0,12.6
58,50,2,21,0.7,2.5,2,3.5,0,1.3
58,51,2,31,0.5,1.1,1.6,8.9,0,0
58,55,3,7,0.2,0.7,0.7,1.6,0,0
58,56,3,167,2.7,17.5,30.6,11.3,0,23
58,57,2,98,0.1,2,32.7,4.1,0,8
58,59,1,4,0,0,0.1,1.7,0,0
58,62,1,6,0,0.7,0.9,0.7,0,0
58,63,1,481,3,125.1,31.3,43,0,51
58,64,3,115,0,14.9,5.8,26.7,0,0
58,65,1,5,0,1.2,0.1,0.3,0,0
58,66,1,2,0.1,0.1,0.3,0.3,0,0
58,67,3,18,0.6,0.9,1.6,3.5,0,0
58,71,3,61,0.3,15.4,7.4,4.8,0,0
58,72,2,152,12.4,3.9,35.9,11.2,0,0.5
58,77,2,14,0.6,0.4,1.2,3.1,0,0
58,78,4,33,1.4,1.1,2.8,7.2,0,0
58,81,1,3,0,0.2,0.3,0.7,0,0
58,82,2,54,0.3,1.2,2,15.5,0,0
58,83,3,15,0.3,0.8,1.5,3.4,0,0
58,84,1,1,0,0,0.1,0.3,0,0
58,90,1,6,0.1,0.2,0.7,1.3,0,0
58,92,4,31.5,0.4,1.3,3.9,6.5,0,0
58,93,5,70,0.8,2.6,8.6,14.7,0,0
58,98,1,2,0,0.3,0,0.5,0,0
58,99,7,82,0,1.8,6.6,24,0,0
58,101,7,103,2.6,9.4,6.6,25.3,0,0
58,102,1,6,0.2,0.5,0.4,1.3,0,0
58,104,3,20,0.2,0.5,0.5,6.9,0,0
58,105,5,39.5,0.5,1.3,1.2,13.5,0,0
58,106,6,44,0,2.7,1,15.7,0,0
58,110,2,6,0,0.1,0.2,2.7,0,0
58,111,3,16,0,0.5,0.5,7,0,0
58,114,3,34,0.4,3,1.8,9,0,0
58,115,4,350.5,1.6,18,50,75.6,0,8
58,116,1,407,2,34.8,71.5,44.5,0,7
58,117,5,84,0.9,13.8,6.4,9.9,0,0
58,118,5,194,2,29.6,32.5,13.2,0,0
58,119,6,33.5,0.3,8.6,0,5.9,0,0
58,120,1,1,0,0.2,0,0.2,0,0
58,122,3,26.5,0,6.6,1.3,0.8,0,0
58,123,6,97,0,7.4,10.8,14.9,0,0
58,124,3,20,0,1.3,2.2,4.7,0,0
58,125,1,3,0,0.2,0.3,0.7,0,0
58,126,1,2,0,0.1,0.2,0.5,0,0
58,127,1,6,0.3,0.4,0,1.7,0,0
60,5,3,15,1.3,1.7,2,2.1,0,0.2
60,6,4,107,4.3,17,15.4,13.9,0,0
60,7,1,4,0.3,0.5,0.5,0.6,0,0
60,8,5,32,0.3,6.1,5.4,2.3,0,0
60,9,1,9,0.2,0.3,0.5,2.1,0,0
60,12,1,3,0,0.2,0.4,0.6,0,0
60,15,1,4,0,0.2,0.6,0.6,0,0
60,17,1,1,0,0.1,0,0.4,0,0
60,24,2,43,0,12.9,4.4,2.6,0,0
60,25,3,236.5,1,20.3,83.6,3.6,0,9
60,26,6,257,11.4,22.1,14.9,82.2,0,5.4
60,27,3,25,1.4,5,1.3,2.9,0,0
60,28,4,87,1.7,9.1,14.8,6.3,0,0
60,29,4,139.5,2.6,12.4,13.3,37.3,0,0
60,30,1,4,0,0.6,0.3,1.4,0,0
60,31,3,6,0.1,0.1,0.2,2.5,0,0
60,32,4,27,0.3,2.2,0.9,9.5,0,0
60,35,1,118.5,2,31.5,10,4,0,6
60,36,4,53.5,0.7,4.2,11.6,5.5,0,0
60,37,2,4,0.1,0.3,0.3,0.9,0,0
60,38,5,40,0.4,3.2,3.3,9.1,0,0
60,39,7,85,5.1,5,3.1,21.8,0,0
60,42,2,23,2.2,0.1,0.3,9.7,0,0
60,43,6,36.5,1.9,1.6,2.4,10,0,0
60,46,5,36,0,2.5,0.6,10.8,0,0
60,48,4,32,0,0.9,1.3,10.3,0,0
60,49,2,5,0,0,0,1.8,0,0
60,55,1,14,0,0.7,1.5,5,0,0
60,56,4,51.5,0,0.7,2.9,19,0,0
60,58,1,2,0,0,0.1,0.8,0,0
60,61,1,7.5,0,0.4,2.2,0,0,1
60,62,3,330.5,14.7,34.2,30.2,69.5,1,10
60,63,0,653,43,152,43,105,0,59
60,64,0,288.5,13,101,21,0,0,62
60,65,1,7,0.2,0.6,1,0.8,0,0
60,66,3,11,0.4,0.5,1.6,1.9,0,0
60,70,3,44,0.5,2.7,4.7,8.4,0,0
60,71,1,8,0.1,0.5,0.9,1.5,0,0
60,75,4,80.5,0.1,1.6,8.3,18.1,0,0
60,76,2,19,0,0.1,3.2,3.6,0,0
60,77,1,3,0,0,0.5,0.6,0,0
60,92,4,25,0.1,1.3,2.2,6.7,0,0.3
60,93,4,72,0,1.7,2.9,24.4,0,0
60,94,3,14,0.2,0.7,0.7,6,0,0
60,95,2,7,0.3,0.4,0.4,2.2,0,0
60,96,1,2,0,0.1,0.1,0.9,0,0
60,98,4,10,0.1,1.3,0.2,2.4,0,0
60,99,3,15,0.3,1.1,0.8,3,0,0
60,100,5,24,0.4,2,1.1,5.6,0,0
60,101,2,6,0.1,0.4,0.4,1.8,0,0
60,103,1,46.5,0.3,2.7,2.5,14.7,0,0
60,104,7,219.5,0.3,7.7,47.2,17,0,0
60,105,7,70,0,3.7,3.6,19.1,0,0
60,106,4,47,0,1.6,2,15.3,0,0
60,107,2,7,0.1,0.3,0.2,2,0,0
60,108,1,2,0,0,0.2,0.5,0,0
60,109,1,3,0.1,0.1,0.2,0.7,0,0
60,111,2,3,0,0.1,0.1,1.2,0,0
60,114,5,17,0.2,0.5,0.9,4.7,0,0
60,115,5,361.5,1.9,18.5,60.3,58.9,0,10
60,116,7,70.5,2,10.8,7.7,7.7,0,0
60,117,6,64,0.4,8.6,6.2,7.7,0,0
60,121,1,2,0,0,0.2,0.6,0,0
60,122,5,37,0,0.9,6.5,5.9,0,0
60,125,1,2,0,0.1,0.2,0.5,0,0
60,127,8,42,0,3.6,1.4,10.6,0,0
59,4,1,4,0.4,0.4,0.6,0.5,0,0.2
59,5,1,99,32.5,4.7,6.8,0.8,0,0
59,6,0,471.5,49,38,20,125,0,7
59,7,3,215,5.3,35.1,30.8,12.1,0,0
59,8,2,68,0.1,10.7,18.9,1,0,0
59,9,1,4,0.1,0.2,0.2,0.9,0,0
59,13,2,4,0.1,0.9,0.2,0.5,0,0
59,15,1,2,0,0.1,0.3,0.3,0,0
59,16,2,40.5,0,2.5,6.2,5.6,0,0
59,17,4,129,1,28.2,20.9,4.7,0,0
59,18,4,92,3,10.9,16,5,0,0
59,19,1,2,0,0.3,0.1,0.4,0,0
59,24,3,32,0,6.7,1,5.9,0,0
59,25,1,3,0.2,0.6,0.1,0.4,0,0
59,26,4,31,1.8,6.7,0.9,4.2,0,0
59,27,4,31,1.6,4.6,3.4,2.6,0,0
59,28,3,19,0.9,2.5,2.5,1.3,0,0
59,29,2,12,0.3,1.9,0.6,2.8,0,0
59,30,2,15,0.1,1,0.5,5.8,0,0
59,32,1,2,0,0,0.1,0.9,0,0
59,34,4,121,19.8,19.1,15.9,0,0,20
59,35,1,430,38.1,33.9,62.2,77,1,24
59,36,6,190,3.9,31.8,35.9,6.9,0,0
59,37,4,30,0.2,2.2,5.5,4.3,0,0
59,40,1,1,0.1,0,0,0.3,0,0
59,41,1,74,19.5,5,1.7,10.7,0,0
59,42,4,125.5,7.9,4.9,8.9,33.5,0,0
59,44,1,3,0,0.2,0.1,0.9,0,0
59,48,4,19,0,0.5,0.8,6.1,0,0
59,49,5,33,0,0,0,12.4,0,0
59,50,1,6,0,0,0,2.2,0,0
59,56,1,2,0,0.1,0.2,0.7,0,0
59,57,2,4,0,0.1,0.4,1.4,0,0
59,62,2,34,0.4,1.5,18.4,0.7,0,0
59,63,2,569,5.2,74.2,149.4,16.6,1,61
59,64,2,65,0,20.4,9.7,2,0,0
59,65,1,2,0,0.6,0.3,0.1,0,0
59,66,1,5,0.2,0.2,0.7,0.9,0,0
59,67,1,2,0.1,0.1,0.3,0.3,0,0
59,68,1,4,0.1,0.2,0.2,0.8,0,0
59,70,3,66,0.5,2.9,4.9,16.2,0,0
59,71,3,42,0.4,2.7,4.6,8,0,0
59,75,3,31,0,0.2,5.2,5.9,0,0
59,76,2,40.5,0,0,7.8,6,0,0
59,91,1,1,0,0.1,0.1,0.2,0,0
59,92,2,11,0,0.6,0.2,4,0,0
59,93,4,30,0,1.4,0.7,10.8,0,0
59,99,3,12,0.2,1.5,0.3,2.9,0,0
59,100,1,6,0.1,0.8,0.1,1.4,0,0
59,101,3,4,0.1,0.4,0.3,0.8,0,0
59,104,5,78.5,0,7.2,7.5,16.2,0,0
59,105,4,49,0,2.9,3.5,12.2,0,0
59,106,7,40,0,1.9,0.3,12.6,0,0
59,107,4,22,0.3,0.6,1.2,5.9,0,0
59,108,3,14,0.1,0.3,1.1,3.5,0,0
59,111,2,4,0,0,0.2,1.8,0,0
59,114,4,114.5,0.6,7,14,21.2,0,0
59,115,0,639.5,7,77,112,74,0,72
59,116,2,225.5,0.4,4,64.9,1.3,0,0
59,117,5,22.5,0.6,5,2,3,0,0
59,118,2,5,0.1,1.1,0.4,0.8,0,0
59,119,1,2,0.1,0.4,0.2,0.3,0,0
59,121,3,27,0,0.4,4.7,4.6,0,0
59,122,2,40,0,1.5,8.8,4.2,0,0
59,123,2,28,0,1.1,6.1,2.9,0,0
59,125,1,5,0,0.3,0.5,1.2,0,0
59,127,3,11,0,1.3,0.5,2.2,0,0
120,1,5,25,0.6,1.8,0.1,9.7,0,0
120,2,3,10,0.2,0.4,0.2,3.6,0,0
120,3,3,4,0,0,0.3,1.4,0,0
120,4,2,23,0.2,0.8,0.6,8.1,0,0
120,5,5,32,0.6,1.3,2.6,10.4,0,1.8
120,6,2,22,1,0,5.3,4.9,0,4.3
120,7,3,17,0.6,0.4,2.7,4.7,0,1.7
120,8,2,4,0,0.4,0.4,1,0,0
120,9,5,23.5,0.5,1.1,2.2,7.4,0,0.7
120,16,1,2,0,0,0,0.7,0,0
120,19,2,5,0,0.3,0.3,1.7,0,0
120,20,3,14,0,1,0.7,4.7,0,0
120,22,3,24,0.9,1.3,3.5,5.3,0,0.5
120,23,1,7,0.3,0.3,1,1.6,0,0.1
120,26,1,4,0.1,0.2,0.1,1.1,0,0
120,27,3,24,0.5,1.4,1.1,6.5,0,0
120,28,1,2,0,0.1,0.1,0.5,0,0
120,31,4,39,0.9,3.4,2.5,8.5,0,0
120,37,2,22,0.2,0.7,1.7,7.5,0,0
120,38,4,31.5,0.3,0.8,2.3,10.9,0,0
120,40,1,6,0,0.2,1,0.5,0,0
120,43,2,5,0,0.1,0.5,1.5,0,0
120,44,6,99,0.3,6.3,8.6,25.3,0,2.4
120,45,2,14,0.4,1.3,1.3,3.4,0,0
120,46,1,15,0.6,1.2,2.4,2.6,0,0
120,47,2,2,0,0.2,0.4,0.3,0,0
120,51,1,4,0.4,0.9,0.2,0.5,0,0
120,52,4,84.5,33.2,1.4,2.9,7.8,0.2,0
120,55,2,100,0,3.4,36.5,1.2,0,20
120,56,2,53,3.5,9.6,3.3,10,0,0
120,57,4,136,1.1,38.4,11.5,16.8,0,0
120,58,1,40,0.1,1.4,10.1,3.1,0,0
120,61,2,27,0.5,4.4,1.2,5,0,0
120,62,3,51,0.5,4.4,1,15.1,0,0
120,63,4,46,0,0,0,17,0,0
120,64,4,10,0,0.4,0.1,4,0,0
120,65,5,27,0,0.8,0.5,10.8,0,0
120,66,3,11,0,0.6,0.3,4.3,0,0
120,69,4,13,0,3.2,1,2.3,0,2.3
120,70,7,107.5,1.3,6.7,18.9,16.7,0,2.1
120,71,3,159.5,30.3,41.9,8.3,3.9,0.1,12
120,72,6,161,21.5,10,19.2,27.5,0,16
120,73,3,11,0.3,1,2.2,1.2,0,0
120,74,3,7,0.4,0.1,0.3,2.5,0,0
120,79,2,4,0.2,0.1,0.1,1.5,0,0
120,91,2,6,0,0,0.4,2.4,0,0
120,92,3,5,0,0,0.2,2,0,0
120,93,3,8,0,0,0.4,3.2,0,0
120,94,1,1,0,0.1,0,0.5,0,0
120,95,2,5,0.1,0.5,0,2.3,0,0
120,96,2,7,0,0.1,0,3.7,0,0
120,97,1,9,0,0.2,0,4.7,0,0
120,98,1,2,0,0.2,0.1,0.7,0,0
120,99,1,3,0.3,0.5,0,0.7,0,0.2
120,100,1,4.5,0,0.1,0,2,0,0
120,101,3,33.5,1,3.3,0.7,8.7,0,0
120,102,1,1,0.1,0,0,0.3,0,0
120,106,2,2,0,0.2,0.2,0.8,0,0
120,107,3,5,0.2,0,0.2,2.1,0,0
120,108,1,2,0.1,0,0.1,0.8,0,0
120,109,2,4,0.2,0,0.1,1.7,0,0
120,110,1,5,0,0.3,0,1.6,0,0
120,112,2,6,0.1,0.3,0,1.9,0,0
120,113,1,4,0.1,0.1,0,1.4,0,0
120,117,3,37,1.2,1.7,4.6,13.6,0,0.2
120,118,3,20,0.1,1,3.5,4.7,0,1.4
120,119,1,4,0.1,0.4,0.1,1.5,0,0
120,120,1,3,0.1,0.2,0,1,0,0
120,122,2,3,0,0.1,0,1.2,0,0
120,123,1,3,0,0,0.1,1.2,0,0
120,124,1,1,0,0.1,0,0.4,0,0
120,126,1,2,0,0.1,0,0.8,0,0
120,127,1,3,0,0,0,1.2,0,0
1,0,5,271.5,8,9.5,72.7,7.4,0,27.2
1,1,6,153.5,16.6,18.4,25.5,4.3,0,2.6
1,2,5,153.5,3.7,16.3,29.4,7.8,0,0.8
1,3,6,43,0.4,1.9,8.9,3.6,0,0
1,4,4,18,0.3,2.1,0.8,4.3,0,0
1,5,2,5,0.1,0.6,0.2,1.2,0,0
1,6,3,40,0,3.3,5.7,4.9,0.7,0
1,7,1,2,0,0.1,0.3,0.4,0,0
1,9,4,173.5,1,12.1,29.4,22.4,0,0
1,10,4,304,10,29.2,54.2,44.4,0,13.7
1,11,1,84,0,17.2,15.3,1.9,0,1.3
1,12,2,5,0.1,0,0.3,1.4,0,0
1,14,1,5,0.1,0.5,0.3,1,0,0
1,15,1,2,0.1,0.2,0.1,0.4,0,0
1,16,1,8,0.2,0.8,0.5,1.5,0,0
1,18,2,2,0,0.2,0.2,0.6,0,0
1,19,4,17,0.7,1.7,2.1,0.6,0,0
1,20,1,3,0.1,0.3,0.4,0.1,0,0
1,21,2,6,0,0.7,0.6,0.9,0,0
1,23,3,117,1,24.7,8.4,9.5,0,6
1,25,1,3,0,0,0.2,0.7,0,0
1,34,2,6,0.1,0.6,0.5,0.9,0,0
1,35,1,2,0,0.2,0.2,0.3,0,0
1,36,1,13,0.2,1.2,1.1,2,0,0
1,37,1,7,0,1,0.4,0.8,0,0
1,38,6,37,0,5.5,1.9,4.4,0,0
1,40,3,12,0.5,1.2,0.9,2.2,0,0
1,41,3,15,0,1.6,0.8,3.1,0,0
1,42,1,9,0,0.9,0.5,1.9,0,0
1,44,2,6,0.3,0.5,0.6,1.2,0,0
1,46,2,8,0.6,0.6,0.8,1.6,0,0
1,47,3,13,0.7,0.8,0.7,3,0,0
1,48,1,5,0.3,0.3,0.1,1.2,0,0
1,52,2,14,0.1,0.2,1,3.9,0,0
1,53,6,87.5,1.6,1.9,5.9,21.9,0,0
1,54,2,7,0,0.7,0.5,1.4,0,0
1,55,3,10,0,1,0.7,2,0,0
1,56,2,8,0,0.8,0.5,1.6,0,0
1,57,1,4,0.2,0.3,0.4,0.7,0,0
1,58,1,3,0.1,0.2,0.3,0.6,0,0
1,59,2,6,0.3,0.4,0.6,1.1,0,0
1,60,3,11,0.4,0.8,1.1,2.1,0,0
1,62,1,5,0.2,0.5,0.5,0.8,0,0
1,63,4,14,0.6,1.4,1.4,2.2,0,0
1,64,2,13,0.2,1.9,0.7,1.8,0,0
1,65,1,5,0.1,0.7,0.3,0.7,0,0
1,67,2,12,0.2,2,0.2,1.7,0,0
1,68,1,4,0.1,0.7,0,0.6,0,0
1,70,2,16,0.4,1.6,1.5,3.8,0.1,0
1,72,3,8,0.3,0.6,0.5,1.6,0.1,0
1,73,2,4,0.1,0.3,0.3,0.8,0.1,0
1,75,2,8,0.1,0.7,0.7,1.6,0,0
1,76,1,8,0.2,0.7,0.7,1.5,0,0
1,78,2,4,0.3,0.1,0.1,1.1,0,0
1,79,3,11,0.6,0.5,0.2,3,0,0
1,80,2,4,0.2,0.2,0.4,0.8,0,0
1,81,3,8,0.2,0.4,1.5,1,0,0
1,82,4,70.5,4.8,3.9,9.8,10.4,0,5.7
1,83,3,12,0.8,0.9,1.9,1.3,0,1.3
1,84,1,5,0.1,0.2,0.4,1.4,0,0
1,85,2,8,0.2,0.4,0.6,2.2,0,0
1,87,1,1,0,0,0.1,0.3,0,0
1,90,2,8,0,0.4,0.7,2.2,0,0
1,91,1,4,0.3,0.4,0,1,0,0
1,92,3,14,0.3,3,0.3,2,0,0
1,93,5,26,0.6,5.5,0.6,3.7,0,0
1,94,3,9,0,0.4,0.6,3.2,0,0
1,95,3,17,0,1,1.3,5.3,0,0
1,96,2,22,0,2.6,1.6,4.5,0,0
1,97,1,2,0.1,0.2,0.2,0.4,0,0
1,98,1,3,0.2,0.2,0.2,0.7,0,0
1,99,2,5,0.3,0.4,0.4,1.1,0,0
1,100,4,14,0.6,1.1,1.5,2.6,0,0
1,101,3,144.5,2.5,12.2,25,13.7,0,0
1,102,5,57,1.1,3.5,7.3,9.6,0,0
1,103,3,10,0.2,0,0.5,3.5,0,0
1,104,1,2,0.1,0,0.1,0.9,0,0
1,106,3,7,0.5,0,0.2,3.1,0,0
1,107,7,54,1.8,3.3,0.5,18.8,0,0
1,108,1,2,0,0.2,0,0.6,0,0
1,109,1,2,0,0.1,0.4,0.5,0,0
1,110,5,25,0,1.5,3.7,6.1,0,0
1,111,5,16,0,1,1.3,3.8,0,0
1,112,4,35.5,0,2.4,2.8,8.1,0,0
1,114,1,1,0,0,0,0.4,0,0
1,115,1,1,0,0,0,0.4,0,0
1,117,1,5,0,0.7,0.2,1.1,0,0
1,119,1,1,0,0.1,0.1,0.2,0,0
1,120,1,7,0,0.9,0.3,1.6,0,0
1,121,1,1,0,0,0.1,0.3,0,0
1,122,1,4,0,0.2,0.2,1.2,0,0
1,123,1,13,0,0.6,0.6,3.9,0,0
1,124,3,11,0,0.7,0.3,2.9,0,0
1,125,2,9,0,0.7,0.2,2.3,0,0
1,126,1,2,0,0.1,0.1,0.5,0,0
1,127,2,5.5,0,0,0.2,1.9,0,0
52,0,1,2,0,0.2,0.1,0.6,0,0
52,3,1,4,0.1,0.4,0.2,1.1,0,0
52,5,1,2,0,0.3,0.2,0.3,0,0
52,7,2,12,0,0.7,1.5,2.1,0,0
52,8,4,37,0.9,2.6,4.5,8.5,0,0
52,9,4,80.5,2.2,1.7,6.9,20.6,0,0
52,10,2,53,0.2,1.2,14.7,2.3,0,0
52,11,1,4,0.1,0.2,0.8,0.3,0,0
52,14,1,3,0,0.3,0,0.9,0,0
52,17,4,10,0,1,0.1,3,0,0
52,19,1,2,0,0.2,0,0.6,0,0
52,25,4,13,0,0.7,0.5,4.5,0,0
52,28,1,3,0.1,0.2,0.2,0.6,0,0
52,35,2,4,0.4,0.4,0,1,0,0
52,39,2,12,0.3,0.5,0.9,3,0,0
52,42,1,3,0.1,0.2,0,1.1,0,0
52,49,1,2,0,0.1,0,0.7,0,0
52,52,1,2,0.1,0.1,0,0.5,0,0
52,56,1,6,0,0.3,0.3,2.2,0,0
52,57,2,16,0,0.3,0.8,4.6,0,0
52,60,3,49,0,2.2,2.2,16.6,0,0
52,61,3,175,3,23,15.2,25.7,0,12
52,64,1,1,0,0.1,0.1,0.3,0,0
52,67,2,2,0,0.2,0.2,0.6,0,0
52,71,2,3,0,0.3,0.1,0.8,0,0
52,72,1,15,0,1.2,0.8,4.1,0,0
52,75,3,16,0.3,0.6,0,5.8,0,0
52,77,2,8,0.4,0.6,1.2,1,0,0
52,78,2,18,0.6,1.1,3.4,1.9,0,0
52,79,5,112.5,0.9,5.3,19.7,10.7,0,0
52,80,2,22,0.4,0.9,3.8,2,0,0
52,83,3,18,0.2,1.5,1.7,4.5,0,0
52,84,1,4,0,0.2,0.6,0.5,0,0.1
52,87,1,2,0,0.1,0.1,0.6,0,0
52,88,3,26,0,1.1,1.5,7.3,0,0
52,89,1,4,0,0.5,0,1.3,0,0
52,90,1,43,1,1.1,7,8.3,0,0
52,91,1,5,0,0.6,0.8,0.5,0,0
52,92,1,1,0,0.1,0.2,0.1,0,0
52,93,1,33,0,0.2,5.6,6.9,0,0
52,94,4,26,0,0.8,2.5,7.6,0,0
52,95,3,13,0,0.6,1,3.6,0,0
52,96,3,28,0.4,1.6,2.1,6.2,0,0
52,100,2,4,0,0.4,0.4,1,0,0
52,101,7,46,0.3,5.4,4,10.7,0.5,0
52,106,1,34,1,0.1,9,11.2,0,0
52,107,9,113,1.5,7.1,8.3,26.3,0,0
52,108,7,39,0.5,2.4,3.2,8.8,0,0
52,109,4,36,0.7,0,0.7,11.1,0.8,0
52,112,1,13,0.2,1.7,1.2,1.6,0,0
52,113,2,548,17.3,160.6,50.7,52.3,0,102
52,114,3,249,1.9,27.7,57.6,6,0,8
52,115,6,94,1.5,10.5,15.6,7.6,0,0
52,116,4,96,1.2,8.5,9.7,20.7,0,0
52,117,4,11,0.4,1.5,0.8,1.6,0,0
52,118,5,14,0.5,1.8,0.9,2.1,0,0
52,119,3,11,0.2,1.5,0.7,1.5,0,0
52,120,1,11,0.3,1.9,0.3,2.1,0.2,0
52,121,9,36.5,1,5,3,5.4,0.3,0
52,122,6,16,0.4,1.3,0.7,3.7,0,0
52,123,3,34,1,1.9,0.5,10.5,0,0
52,124,3,19,0,1.7,1.1,3.6,0,0
52,125,2,14,0.2,0.8,0.6,2.9,0,0
52,126,4,13,0,1.1,0.7,2.3,0,0
52,127,4,15,0.5,0.9,0.4,3.3,0,0
61,3,1,2,0,0.2,0.1,0.6,0,0
61,4,2,6,0.3,0.9,0.5,1.3,0,0
61,7,1,1,0,0.1,0,0.3,0,0
61,9,1,10,0,1.5,0.4,2.5,0,0
61,10,2,9,0,0.6,0.6,2.6,0,0
61,12,6,98,0,7,16.6,15,0,0
61,13,6,49.5,0,3.3,6.6,10,0,0
61,16,1,1,0,0.1,0,0.4,0,0
61,17,4,27,0.1,4,1.8,6.9,0,0
61,19,1,2,0,0.3,0.3,0.2,0,0
61,20,1,5,0.1,0.8,0.7,0.4,0,0
61,21,1,3,0.2,0.4,0.3,0.4,0,0
61,22,1,4,0.3,0.5,0.4,0.5,0,0
61,23,2,26.5,2.1,3.2,2.6,3.6,0,0
61,24,1,285.5,59.6,48.1,25.9,2,0,4
61,25,0,629.5,49,177,89,2,0,30
61,26,4,114,16.3,10.4,18.2,2.7,0,4.1
61,28,3,75.5,4.6,15.9,9.4,4,0,0
61,29,1,80,4,13.3,15.1,1.7,0,0
61,30,2,8,0,1.2,0.5,2.8,0,0
61,31,1,5,0.5,0.2,0.3,1.1,0,0
61,32,1,16,1.6,0.6,1,3.5,0,0
61,34,1,1,0,0.1,0,0.3,0,0
61,35,1,3,0,0.4,0,0.7,0,0
61,38,4,13,0.8,1.4,0.4,2.7,0,0
61,39,2,6,0.3,0.6,0.2,1.3,0,0
61,44,3,17,0,1,1.2,5.8,0,0
61,46,1,2,0.1,0.3,0,0.5,0,0
61,50,3,24.5,0,1.7,1,8.6,0,0
61,52,2,29,0,0.2,0.5,9.6,0,0
61,53,4,81,0,0.7,1.5,26.7,0,0
61,57,2,14,0,0.7,1.5,5,0,0
61,61,2,373,1,3.6,124.8,0,0,27.9
61,62,0,702.5,82,91,49,128,1,64
61,63,0,753.5,57,14,64,276,0,63
61,64,5,95.5,7.7,13.8,10.4,7.8,0,0
61,65,1,3,0.1,0.3,0.4,0.3,0,0
61,69,1,2.5,0,0.2,0.1,0.7,0,0
61,72,3,10,0,0.6,2.1,1,0.4,2
61,74,1,9,0.5,0.2,0.7,2.7,0,0
61,75,1,4,0.2,0.1,0.3,1.2,0,0
61,77,2,2,0,0,0.2,0.6,0,0
61,92,2,9.5,0,0.7,1.3,2,0,0.6
61,93,8,62,0,4.5,8.9,12.9,0,3.3
61,94,5,20,1,1.3,1,5.5,0,0
61,98,1,7.5,0.1,0.5,0.4,1.6,0,0
61,99,1,2,0,0.2,0.1,0.4,0,0
61,100,3,135,0.3,10.2,35,6.6,0,16
61,101,1,209.5,1,34.8,7.9,65.1,1,7
61,103,2,271.5,8.3,24,32,80,0,15
61,104,3,478.5,11.3,123.8,84,16.4,0,112
61,105,4,77.5,2.1,5.7,7.6,10.7,0,0
61,106,4,14,0,0.4,1,4.7,0,0
61,107,5,37,0,0.1,1.3,14.8,0,0
61,108,2,8,0,0,0.2,3.3,0,0
61,110,1,1,0,0.1,0,0.3,0,0
61,115,9,106,2.4,11.3,4.8,24.8,0,0
61,117,3,48,0.3,9.7,3.4,3.2,0,0
61,118,1,6,0,1.3,0.5,0.2,0,0
61,119,1,5,0,0.6,0.2,1.3,0,0
61,120,3,12,0,0.9,0.8,3.3,0,0
61,121,2,20,0,0,1.9,6.2,0,0
61,122,2,10,0,0,1,3,0,0
61,124,1,3,0,0.2,0,0.8,0,0
61,126,2,7,0,0.5,0.1,1.8,0,0
61,127,1,15,0,1,0.3,3.8,0,0
127,0,1,2,0.1,0,0.1,0.6,0,0
127,4,2,5,0,0.1,0,2.2,0,0
127,6,1,1,0,0,0.1,0.5,0,0
127,7,2,6,0,0.4,0.2,2.5,0,0
127,8,4,8,0,0.5,0.3,2.9,0,0
127,9,5,26.5,0,1.6,0.8,9.1,0,0
127,10,1,1,0,0.1,0,0.3,0,0
127,12,1,1,0,0.1,0.2,0.3,0,0
127,13,1,3,0,0,0,1.6,0,0
127,15,1,2,0,0.3,0.2,0.4,0,0
127,16,4,24,0.5,1.1,1,7.3,0,0
127,17,1,3,0.2,0.1,0,1.3,0,0
127,18,3,12.5,0.7,0.6,0.4,5.2,0,0
127,20,1,12.5,0.2,0.6,1.4,3.2,0,1.3
127,21,1,11,0,0,0.3,5.8,0,0
127,22,2,5,0,0,0.2,2.6,0,0
127,23,1,3,0.2,0.4,0.1,0.9,0,0
127,24,1,8,0,0,0.3,4.2,0,0
127,28,3,8,0.2,0.3,0.5,2.2,0,0
127,30,1,3,0.1,0.1,0.2,0.8,0,0
127,31,1,7,0.1,0.3,0,2.9,0,0
127,32,1,2,0,0,0,1,0.1,0
127,34,1,2,0,0.1,0,0.8,0,0
127,37,2,3,0.1,0.2,0.4,0.6,0,0
127,38,5,86.5,0.6,2.7,17.6,13.2,0,4
127,40,1,5,0,0.5,1.1,0.3,0,0
127,41,1,4,0,0.4,0.9,0.2,0,0
127,43,3,22,0.4,4,2.3,3.9,0,0
127,44,7,165,4.2,19.6,41.3,5.6,0,0
127,45,2,12,0.6,2.1,2.1,0.7,0,0
127,48,2,3,0.2,0.2,0.6,0.4,0,0.4
127,49,2,656,74.4,147.7,110.1,43.1,0,230
127,50,0,491,4,198,42,15,0,70
127,51,4,216,4.1,31,25.2,43.4,0,0
127,52,2,28,0.2,6.9,3.6,4.3,0.2,0
127,53,3,14.5,1.9,1.2,1.6,2.7,0,1.4
127,54,3,9,0,0.7,0.5,2.7,0,0
127,55,4,7,0,0.7,0.4,1.7,0,0
127,56,3,5,0,0.5,0.5,1,0,0
127,57,1,4.5,0,0.5,0.5,0.8,0,0
127,58,4,14,0,0.3,0.7,4.2,0,0
127,60,2,6,0.4,1.3,0.6,0.5,0,0
127,61,1,99,0.4,12.6,30.7,0.6,0,30
127,62,3,10,0.9,1.3,0.6,1.9,0,0
127,65,5,38,1,1.2,0.2,14.9,0,0
127,66,6,28,0.6,0.3,0,11.4,0,0
127,68,1,5,0.1,0.1,0.2,1.8,0,0
127,69,2,7,0,0.1,0.1,2.8,0,0
127,70,7,55.5,0,1.7,0.3,20.3,0,0
127,71,6,12,0,0.5,0.6,4.2,0,0
127,73,1,2,0,0.1,0.1,0.6,0,0
127,74,4,20,0,2.2,0.8,5.2,0,0
127,75,1,2,0,0.2,0.1,0.5,0,0
127,78,1,4,0,0.4,0.3,1,0,0
127,83,1,1,0.1,0,0,0.4,0,0
127,86,1,6,0.1,0.4,0,2.2,0,0
127,87,3,8,0.1,0.7,0.6,2,0,0
127,89,4,12,0,1.5,0.9,3,0,0
127,90,2,84,0.1,8.8,10.1,24.1,0,10
127,107,1,7,0,0.3,0.5,2.8,0,0
127,108,1,3,0,0,0,1.1,0,0
127,112,4,12,0.2,0.3,1.9,3.5,0,1.9
127,113,4,112.5,3,3.7,5.6,40.2,0,4.6
127,114,1,4,0,0,0.1,1.7,0,0
127,115,1,13,0,0,0.2,5.5,0,0
127,118,1,2,0,0,0.1,0.8,0,0
127,119,3,13,0.3,0,0.5,4.5,0,0
127,126,1,4,0.1,0.4,0,1.3,0.1,0
127,127,1,2,0,0,0,0.8,0,0
48,0,2,12,0,0.8,0,3.8,0,0
48,1,1,10,0,0.7,0,3.2,0,0
48,2,1,4,0,0.2,0,1.3,0,0
48,3,1,1,0,0.1,0,0.3,0,0
48,5,1,1,0,0.1,0.1,0.3,0,0
48,6,1,10,0,0.5,1.1,3.1,0,0
48,8,1,4,0.1,0.4,0.1,1.1,0,0
48,9,1,1,0,0.1,0,0.3,0,0
48,14,4,98.5,3.3,7.7,8.3,23.5,0,0
48,15,3,54,2,3.7,5.8,11,0,0
48,17,2,2,0,0.2,0.1,0.5,0,0
48,18,1,7,0,0.7,0.1,2.1,0,0
48,24,2,7,0.1,0.1,0,2.3,0,0
48,26,1,8,0.1,0.2,0,2.6,0,0
48,28,1,7,0,0.4,0.9,1.5,0,0.4
48,29,4,190.5,2.8,22.4,17.5,41.2,1,18.8
48,30,4,102.5,2,1.2,22.3,14.6,0,6.9
48,31,1,3,0,0.2,0.1,0.8,0,0.1
48,33,3,74.5,0.7,3,4,27,0,2
48,34,3,7,0.1,0.7,0.2,1.8,0,0
48,36,2,36,1.2,3.4,3,10.2,0,0
48,37,2,188,0.3,27.3,36.4,44.1,0,11
48,38,4,22,0.3,2.5,1.2,4.2,0,0
48,39,4,10,0.2,0.4,0.5,3.5,0,0
48,40,1,2,0,0.1,0.1,0.7,0,0
48,41,1,3,0.1,0.1,0.4,0.4,0,0
48,48,4,16,0.6,1.1,0.6,4.6,0,0
48,49,4,15,0,2.8,0.7,5.3,0,0
48,50,4,198,3,7.4,11.8,73.4,0,2
48,51,4,212.5,10.5,47.9,32.4,16,0,29
48,52,1,2,0.1,0.4,0.3,0.1,0,0
48,53,1,2,0,0.1,0.2,0.4,0,0
48,54,3,16,0,1.2,0,6.2,0,0
48,63,4,39,0,2.1,2.2,12,0,0
48,64,1,2,0.1,0.2,0.2,0.2,0,0
48,69,2,17,0,1.3,1.4,4.9,0,0
48,70,3,13,0.1,0.8,1,3.2,0,0
48,71,1,1,0,0,0.1,0.2,0,0
48,73,2,9,0.1,0.4,0.8,1.7,0,0
48,74,2,8,0.4,0.4,1,1.8,0,0
48,77,2,30,0,1.5,3.9,3.8,0,0
48,78,1,1,0,0.1,0.1,0.1,0,0
48,81,5,20,0.6,0,0.8,5.2,0,0
48,82,5,22,0.5,0,1,5.7,0,0
48,83,2,7,0.2,0,0.3,1.8,0,0
48,86,1,2,0.1,0.1,0.3,0.3,0,0
48,87,3,12,0.4,0.6,1.6,2.6,0,0
48,88,3,318,4,21.1,53.5,32.6,3,4
48,89,2,2,0,0.2,0.2,0.4,0,0
48,90,5,43,0.3,2.3,3.4,9.5,0,0
48,91,4,14,0.1,0.4,0.8,3.2,0,0
48,92,1,5,0,0.3,0.5,1,0,0
48,93,5,28,0,1.8,2.7,5.7,0,0
48,94,2,10,0.2,0.3,1.6,1.6,0,1.4
48,95,3,97.5,0.6,5.7,23.6,6.9,0,13.9
48,96,4,18,0,1,1.5,4.4,0,0
48,97,6,39,0.8,2.4,3,10.5,0,0
48,98,5,19.5,0.7,1.3,1.4,5.6,0,0
48,99,4,29,0,1.3,0.6,7.5,0,0
48,100,4,35.5,0,2.3,2.9,5.9,0,0
48,101,1,2,0,0.2,0.2,0.2,0,0
48,102,4,20,0,3.7,1,2.3,0,0
48,103,3,39,0,4.3,4,9.2,0,0
48,105,1,1,0,0,0.1,0.3,0,0
48,107,4,167.5,5.2,22,8.2,32.4,0,0
48,108,4,150.5,3.3,20.7,13.1,23.2,0,0
48,110,1,2,0.1,0.4,0.1,0.2,0,0
48,111,2,19.5,0.7,1,1.2,3.7,0,0
48,112,1,7,0.3,0.4,0.4,1.3,0,0
48,113,3,22,0.9,1.2,1.3,4.2,0,0
48,114,5,27,1.2,3.7,0.5,5.2,0,0
48,115,4,129,0.6,10,24.6,7.1,0,0
48,116,5,50,2,3.6,4.8,10.2,0,0
48,117,7,80,1.6,16.2,0.8,13.9,0,0
48,118,2,3,0,0.6,0,0.6,0,0
48,119,6,30,0,2.9,0.3,7.7,0,0
48,120,2,3,0,0.3,0.2,0.6,0,0
48,121,3,86,0.8,8.5,13.9,5.8,0,0
48,122,3,18,0.3,1.8,1.7,3.3,0,0
48,123,6,33,0,2.6,1.2,9.4,0,0
48,124,2,17,0.4,1.7,0.9,2.4,0,0
48,125,2,5,0.2,0,1,0.6,0,0
48,126,5,446,1.1,69,92.8,14,1,50
48,127,3,490,0.7,29.8,137.9,4.8,0,0
50,3,5,67,1.1,1.1,1.9,20.2,0,0
50,4,4,105,0,6.3,4.5,27.4,0,0
50,10,1,19.5,0.6,0.9,3.7,1.7,0,0
50,11,2,23,0.6,1.8,3.7,2.2,0,0
50,12,2,11,0,2.6,0.4,1.2,0,0
50,13,1,2,0,0.1,0.2,0.3,0,0
50,14,2,4,0.1,0.6,0,1,0,0
50,16,2,5,0.2,0.5,0.5,0.8,0,0
50,23,3,8,0.1,0.1,0,2.7,0,0
50,24,1,4,0,0.3,0.1,1.4,0,0
50,28,2,9,0,0.4,1.2,2,0,0.5
50,29,1,2,0,0.1,0.3,0.3,0,0
50,30,2,4,0,0.3,0.2,1,0,0.1
50,31,1,3,0,0.2,0.1,0.8,0,0.1
50,32,2,17,0.6,0.8,0.7,4.8,0,0.6
50,33,6,45,1.2,2.4,1.8,12.4,0,1.4
50,36,3,20,0.9,2,0.6,4.9,0,0
50,38,1,3,0.1,0.1,0.1,1.1,0,0
50,39,1,2,0.2,0.2,0,0.5,0,0
50,44,1,8,0,0.2,0.3,2.4,0,0
50,46,3,40,1.7,1.3,4,7.9,0,0
50,47,5,27,1.5,1,1.5,8.4,0,0
50,50,3,44,0.6,2.6,0.6,13.7,0,0
50,51,1,17,0.3,0.5,1.8,3,0,0
50,52,1,2,0,0.1,0.2,0.4,0,0
50,53,3,14,0.5,0.6,0.9,2.9,0,0
50,58,2,29,0.5,2.4,1.9,5.3,0,0
50,60,4,38,0.7,2.2,2.8,8.7,0,0
50,61,1,37,1.1,0.3,2.5,11.1,0,0
50,64,1,9,0.6,0.8,0.6,1.1,0,0
50,65,3,208,0.6,7,9,65.5,0,0
50,66,1,17,0,1,1.7,3.1,0.2,0
50,67,1,10,0,0,0.7,4,0,0
50,68,2,5,0,0.3,0.4,1.5,0,0
50,73,5,90.5,0.3,2.3,5.3,27.1,0,0
50,78,3,56,0.4,2.6,7.5,15.2,0,0
50,79,3,82,0.7,2.9,14.5,12,0,0
50,80,2,5,0,0.1,0.7,1,0,0
50,81,1,3,0,0,0.6,0.4,0,0
50,83,3,101,0.4,3.3,19,13.7,0,0
50,84,6,191,0.6,8,40,16.2,0,1.6
50,85,5,49,0.5,3,8.1,7,0,0
50,86,4,14,0.1,1,1.7,2.8,0,0
50,87,5,63.5,0.6,3.9,5.7,16.5,0,0
50,90,3,15,0.1,0.5,0.7,4.9,0,0
50,92,1,10,0.1,0.3,0.5,2.3,0,0
50,93,1,9,0.1,0.3,0.5,2,0,0
50,94,5,35,0,1.2,3.9,7.1,0,0
50,95,2,7,0,0.4,0.4,1.7,0,0
50,96,1,1,0,0,0.1,0.4,0,0
50,97,5,22,0,2,1.6,5.4,0,0
50,98,1,32.5,0,4.4,3.4,3.4,0,0
50,99,4,106,0.4,7.6,12.8,15.8,0,0
50,100,4,24,0.1,1.4,1.9,4.8,0,0
50,102,6,99.5,0.5,13.7,8.6,17.8,0,0
50,103,4,19,0.2,2.9,1.8,2.8,0,0
50,105,3,9,0,0.2,0.5,3.2,0,0
50,106,1,3,0,0.1,0.2,1,0,0
50,107,3,6,0,0.2,0.3,2.2,0,0
50,111,2,568,6,52.8,106.7,44.2,1,34
50,112,2,457,7.7,87.9,74.8,16.7,0,44
50,113,5,18,0.6,2.4,1.7,2.1,0,0
50,114,6,35,0.8,2.9,1.9,9.9,0,0
50,115,5,12,0.3,1,0.8,2.9,0,0
50,116,5,22,1.2,1.7,2.2,3.1,0,0
50,117,3,15,0.5,1.4,1,2.8,0,0
50,119,3,18,0.7,1.3,0.6,4.1,0,0
50,120,2,203.5,1.3,11.3,26.5,35.3,0,4
50,121,0,894,5,40,271,13,0,98
50,122,4,238,1.5,35.5,38.1,24.3,0,22
50,123,4,27,0.1,4.4,1.4,4.7,0,0
50,124,4,25,0.3,4.2,1.3,5,0,0
50,125,4,12,0,2,0.6,2.4,0,0
50,126,7,128,9.6,10,21.1,9.9,0.6,0
50,127,3,134.5,3.7,14.9,25.3,8.7,0,0
64,7,3,12,1.2,0.3,0.5,3.3,0,0
64,8,4,69,2.8,0.7,1.3,26.7,0,1
64,10,1,10,0,0.8,0.6,2.5,0,0
64,11,6,31,1,4.5,3.9,6.2,0,0
64,12,2,45.5,3.6,9.7,4.7,3.5,0,0
64,18,2,10,0,5,0.6,0,0,0
64,19,4,169,14.7,44.9,12.4,4,0,0
64,20,5,227,13.3,49,21.2,13.7,0,0
64,21,3,302.5,13,68.8,38,32.9,0,11
64,22,0,696.5,47,105,85,178,2,81
64,23,0,1073.5,37,42,52,422,1,38
64,24,1,691,103.7,109.8,16,157.6,0,93
64,25,3,400.5,27.5,121.4,40.5,17.5,0,105.6
64,26,4,133,10.6,13.9,26.4,6.2,0,0.9
64,27,3,296.5,5.7,30.1,39.7,63.5,0,6
64,28,4,63,1.1,4,9.2,14.1,0,0
64,33,1,1,0.1,0,0.1,0.2,0,0
64,34,5,34,0.9,4,1,9.1,0,0
64,36,2,15,0,1.5,0,6.2,0,0
64,37,2,19,0,2,0.3,7.2,0,0
64,39,1,1,0,0.1,0.1,0.2,0,0
64,40,1,5,0.1,0.6,0.4,0.8,0,0
64,41,1,4,0,0.4,0.3,0.9,0.1,0
64,48,2,16,1.1,2.3,0.5,3.8,0,0.3
64,49,1,127.5,2.1,3.2,1.1,55.5,2,1.1
64,50,4,223.5,13.2,5.9,8.4,73.9,0.3,1.3
64,51,2,14,1.3,0.3,0.7,4.1,0,0
64,52,2,18,1.5,0.5,0.7,5.4,0,0
64,53,1,6,0,0.3,0,2.2,0,0
64,54,3,104.5,1,2,2.9,34.6,0,0
64,61,4,31,1,1.8,5.5,4.4,0,0
64,62,1,1,0,0.1,0.2,0.1,0,0
64,63,2,18,0.6,1,3.2,2.6,0,0
64,65,1,3,0,0.1,0.6,0.4,0.1,0
64,68,1,2,0,0.1,0.1,0.5,0,0
64,70,1,2,0,0.1,0.1,0.5,0,0
64,71,3,10,0.2,0,0.6,3.8,0,0
64,72,2,4,0,0.2,0.2,1.2,0,0
64,73,3,63,0.7,1.5,3.8,19.1,0,0
64,74,2,12,0,0.4,0.7,3.6,0,0
64,76,1,4,0,0.1,0.3,1.2,0,0
64,77,1,3,0,0.1,0.2,0.9,0,0
64,78,1,2,0,0,0.3,0.5,0,0
64,84,1,4,0.1,0.3,0.2,1,0,0
64,85,2,11,0.4,0.9,0.4,2.7,0,0
64,87,1,1,0,0.1,0,0.3,0,0
64,88,3,20,0,0.9,0.6,6.5,0,0
64,89,1,19,0.3,0,1.7,4.4,0,0
64,91,3,6,0.2,0,0.7,2.1,0,0
64,92,5,61,0.3,2.7,6.3,13.8,0,0
64,96,2,5,0.1,0.9,0.9,0.5,0,0
64,97,4,25,0.9,2.2,4.7,4.4,0,0
64,98,4,19.5,0.8,1.1,3.8,4,0,0
64,99,2,4,0.2,0.2,0.8,0.8,0,0
64,100,1,1,0,0.1,0.2,0.2,0,0
64,102,1,9,0.3,0.2,0.3,2.5,0,0
64,103,5,40,1.3,0.8,1.5,11.1,0,0
64,104,3,23,0.2,0.8,0.5,6.5,0,0
64,105,6,82.5,0.2,2.5,4.1,27,0,0
64,106,3,13,0.2,1,0.5,4.6,0,0
64,107,3,8,0.1,0.6,0.2,2.8,0,0
64,109,3,23,0,1.2,0.4,7.5,0,0
64,110,1,4,0,0.2,0,1.6,0,0
64,111,4,28,0,0.9,0,11.3,0,0
64,112,3,23,0.2,1,1.6,6.7,0,0
64,113,5,45,0.3,2.1,3.2,13,0,0
64,114,6,100,0,6.5,13.1,22,0,0
64,115,3,75,1,2.9,6.4,19.3,0,0
64,116,5,30,0.3,5.2,4,1.6,0,0
64,117,6,67,0.3,6,8,10.2,0,0
64,118,2,2,0,0,0.2,0.6,0,0
64,120,3,128.5,1,42.1,7.1,10.2,0,20
64,122,3,8,0,0,1.1,2.2,0,0
64,123,1,1.5,0,0,0.2,0.4,0,0
64,124,1,2,0.1,0.2,0.1,0.6,0,0
64,125,2,4,0.1,0.5,0.2,1.1,0,0
64,126,1,1,0,0.1,0.1,0.3,0,0
65,9,1,10,0,0.8,0.6,2.5,0,0
65,10,3,16,0,1.4,0.9,3.9,0,0
65,11,3,7,0.2,1.1,0.8,1.4,0,0
65,12,4,91.5,0,8.1,15.3,13.8,0,0
65,13,1,8,0,1,1.9,0,0,0
65,16,4,102,4,10.6,11.3,21.9,0.1,0.7
65,17,2,5,0,1.8,0.5,0.2,0,0
65,18,4,33,1.2,8.2,2.5,4.5,0,0
65,19,4,18.5,0.5,3.8,2.1,1.4,0,0
65,20,2,19,1.4,3.8,0.9,1.9,0,0
65,21,5,150,14.9,45,5.3,11,0,5
65,22,0,1260.5,345,204,43,83,0,425
65,23,4,283,36.2,15.2,9.1,90.5,0,4
65,24,1,211.5,20.2,35.6,6.8,50.2,0,0
65,25,1,67,9.2,8.5,2.5,13.3,0,0.1
65,26,2,22,1.2,3.4,7.4,1.5,0,0.2
65,27,6,152.5,13.9,9.5,18.1,27.3,0,4.1
65,28,1,131,2.2,9.4,15.2,26.3,0,0
65,40,5,98,1.8,8,5.3,23.7,0.1,0
65,41,4,38,0,3.6,1.7,10.4,0.8,0
65,46,3,27,0.5,1.3,1.4,7.1,0,0
65,47,4,25,1.3,2.6,0.9,6.1,0,0.4
65,48,1,2,0.1,0.3,0.1,0.5,0,0
65,49,5,285,34.5,34.1,15.3,45.4,0.4,25.4
65,50,2,168.5,0.9,50.8,20.3,7.3,0.1,32.6
65,52,4,26,0,1.4,0,9.4,0,0
65,53,2,17.5,0,1,0,6.3,0,0
65,55,1,4,0,0,0.1,1.4,0,0
65,60,1,2,0.1,0.1,0.3,0.3,0,0
65,61,1,4,0.1,0.2,0.7,0.6,0,0
65,67,5,87,0,6,13.5,12.2,0.8,0.3
65,68,2,7,0,0.5,1.4,0.6,0,0
65,69,1,1,0,0.1,0.1,0.2,0,0
65,71,2,5,0.1,0,0.3,1.9,0,0
65,72,2,9,0.2,0.3,0.3,2.9,0,0
65,78,1,2,0,0,0.3,0.5,0,0
65,79,1,1,0,0,0.1,0.3,0,0
65,83,1,4,0,0.2,0.1,0.8,0,0
65,84,6,23.5,0.7,1,1.7,7.1,0,0
65,86,3,7,0,0.4,0.2,1.6,0,0
65,87,4,44,0,5.9,2.7,10.8,0,0
65,88,2,12,0.2,0.9,0.8,3,0,0
65,89,5,44,0.6,0,4.1,10.2,0,0
65,92,5,86.5,0.9,3.7,12.7,17.7,0,0
65,93,3,39,0.5,5.1,3.3,6.7,0,0
65,94,1,1,0,0.2,0.2,0.1,0,0
65,95,1,5,0.1,0.9,0.9,0.5,0,0
65,96,2,10,0.2,1.9,1.7,0.8,0,0
65,97,1,1,0,0.1,0.2,0.2,0,0
65,98,1,2,0.1,0.1,0.4,0.4,0,0
65,99,3,11,0.2,0.5,1.3,3.3,0,0
65,103,2,7,0.2,0.3,0.3,1.9,0,0
65,104,6,58.5,0.3,1.8,1,18.6,0,0
65,105,7,46,0.4,1.7,1.1,14.7,0,0
65,106,4,26,0.3,1.3,0.5,9.6,0,0
65,107,1,5,0.1,0.4,0.2,1.7,0,0
65,109,4,8,0,0.4,0,3,0,0
65,112,5,102.5,0.8,3,4.8,31.5,0,0
65,113,8,79.5,0.8,3.9,5,22.3,0,0
65,114,6,189.5,0,10.2,25.9,37,0,0
65,115,4,70,0.1,14.9,8.8,4.5,0,0
65,116,4,81,0.4,8.4,15,4.2,0,4
65,117,3,12,0,2,1.2,1.4,0,0
65,118,3,5,0,0,0.5,1.3,0,0
65,119,6,73.5,0,2,4.1,27.1,0,0.9
65,120,3,19,0,0.6,1.3,7,0,0.7
65,121,2,30.5,0,0.9,7.7,0.8,0,0
65,125,2,6,0.2,0.7,0.3,1.7,0,0
65,127,2,3.5,0,0.2,0,1.2,0,0
44,1,2,3,0,0.1,0.3,0.8,0,0
44,3,1,8,0,0.4,0.7,2.1,0,0
44,4,1,11,0.1,1,2.5,1,0,0
44,7,1,2,0,0.2,0,0.6,0,0
44,8,3,9,0.1,0.8,0.2,2.7,0,0
44,12,1,3,0,0.1,0.1,0.8,0,0
44,13,1,4,0,0.1,0.1,1.1,0,0
44,16,1,1,0,0,0.1,0.3,0,0
44,20,3,16,0,0.7,1,3.7,0,0
44,23,1,4,0,0.2,0.2,0.8,0,0
44,31,2,5,0,0.4,0.4,1.7,0,0
44,32,1,3,0,0.2,0.2,1.1,0,0
44,34,3,16,0,1.2,1.3,4.9,0,0
44,38,3,30,0,0,0,13.6,0,0
44,41,1,3,0,0.1,0.2,1.1,0,0
44,43,2,12,0,0.3,0.7,4.4,0,0
44,45,3,9,0.2,0.3,0.4,2.4,0,0
44,46,1,4,0.1,0.1,0.2,1.1,0,0
44,49,3,9,0.9,1,0.6,1.7,0,0
44,50,1,9,0.3,0.3,0,3.2,0,0
44,51,4,17,0.5,0.6,0,6.1,0,0
44,52,1,5,0.1,0.2,0,1.8,0,0
44,53,1,1,0,0.1,0.1,0.2,0,0
44,54,3,17,0.5,2.1,0.6,5,0,0
44,57,1,2,0,0.1,0.3,0.5,0,0
44,59,1,2,0.1,0,0.1,0.8,0,0
44,60,6,33,1.6,1,1.6,11.5,0,0
44,61,5,64,0.5,2.3,7.5,14.9,0,0
44,62,4,123,1.8,9.6,16.7,26.4,0,13
44,63,2,7,0.2,0.2,0.5,1.2,0,0
44,68,2,2,0,0,0,0.8,0,0
44,70,1,3,0,0.4,0.3,0.9,0,0
44,72,1,2,0,0.3,0.2,0.6,0,0
44,76,2,26,0.4,1,2.4,4.8,0,0
44,77,1,24.5,0.5,0.9,2.2,4.5,0,0
44,78,1,5,0,0.1,0.2,1.4,0,0
44,80,1,4,0,0.1,0.1,1.2,0,0
44,81,2,8,0,0.2,0.3,2.6,0,0
44,82,1,3,0,0.1,0.1,1,0,0
44,83,3,5,0,0.1,0.3,1.6,0,0
44,87,2,7,0,0.5,0.7,1.6,0,0
44,88,4,19,0,1.6,1.7,4.1,0,0
44,90,2,3,0,0.6,0.1,0.3,0,0
44,91,3,32.5,0.8,0.9,6.5,10.1,0,0
44,92,6,23,0.1,1.4,4.1,3.3,0,0
44,93,2,553,3.3,54.9,126.7,11.9,0,27
44,94,0,735,13,125,136,53,0,100
44,95,3,450,6.8,36.6,71.4,114.2,0,18.8
44,96,3,463,24,48.8,45.3,107.1,0,18
44,97,4,28,1,3.4,3.2,4.4,0,0.8
44,98,2,54,1.2,12.3,1.8,7.2,0,0
44,99,2,95,0.9,19.5,5.5,8.4,0,0
44,101,1,7,0,0.8,0.8,0.8,0,0
44,102,1,5,0,0.6,0.6,0.5,0,0
44,103,2,324.5,10.8,21,49.8,32.5,0,0
44,104,2,509,6.2,45.5,88.9,48.5,0,10
44,105,1,71.5,0.1,11.6,9.5,3.4,0,6
44,106,2,14,0.1,1.4,1,3.1,0,0
44,108,1,12,0,0.5,0.8,2.8,0,0
44,112,2,505,25.1,92.9,77.7,71.4,1,129
44,113,0,1244,47,173,203,89,0,113
44,114,1,1172,0,7.9,421.6,3,0,136
44,115,5,60,0,1,18.1,3.3,0,0
44,116,5,16,0.3,1.6,0.3,4.5,0,0
44,117,2,18,0.4,1.6,0.5,5.1,0,0
44,118,5,33,2.6,8.2,0.6,5.1,0,0
44,119,1,4,0.1,0.3,0.1,0.8,0,0
44,120,2,7,0.2,0.5,0.2,1.4,0,0
44,121,1,2,0,0.1,0.2,0.5,0,0
44,122,1,4,0.1,0.3,0.3,0.9,0,0
44,123,2,6,0.1,0.4,0.5,1.4,0,0
44,124,2,19,2.8,1,1.7,4.4,0,0
44,125,3,114,17.9,8.9,15.9,5.2,0,0
44,126,2,463.5,4.4,29.3,151.5,1.5,0,20
44,127,4,80,3.9,22.2,8.5,2.6,0,0.1
62,0,4,56.5,0.3,6.7,7.3,13.5,0,0
62,2,1,2,0,0.2,0.1,0.6,0,0
62,3,7,146.5,2.8,7.2,5.8,51.4,0,0
62,4,2,18,1,2.6,1.3,4,0,0
62,5,2,6,0.4,0.7,0.2,1.6,0,0
62,8,3,9,0,0.2,0.6,3.1,0,0
62,9,2,22,0,3.2,0.8,5.6,0,0
62,10,7,82,0.7,7.3,2.6,27.1,0,0
62,11,2,74.5,0,3.1,6.4,20.5,0,0
62,12,2,8,0,0.6,1,1.6,0,0
62,17,1,6,0,0.8,0,2.5,0,0
62,18,4,69,0.3,4.6,16.1,2.6,1,0
62,19,1,66,0.1,12.6,17.3,0.6,0,22
62,20,4,200,4.1,17,32.3,41.7,0,11
62,21,4,161.5,5.9,15.3,15.9,36.3,0,0
62,23,5,146,43.2,4.5,2.3,18.6,0,0
62,24,2,331.5,58.4,46.2,38.3,27,0,14
62,25,2,141,9.8,51,5.2,2.1,0,2.4
62,31,5,39.5,1.6,4.1,4.6,6.2,0,0
62,32,3,6,0,0.6,0.5,1.5,0,0
62,33,1,21.5,0.6,0.6,0,8.5,0,0
62,34,1,7,0,0.9,0,1.8,0,0
62,35,5,32,0,4.2,0,8,0,0
62,43,1,7,0.2,0.3,0.5,2.1,0,0
62,44,6,57,0.9,5.5,2,17.4,0,0
62,50,2,11,0,0.7,0.5,3.9,0,0
62,53,2,3,0,0,0.1,1,0,0
62,54,2,7,0.1,0.1,0.6,1.7,0,0
62,56,2,8,0,0.4,0.8,2.9,0,0
62,57,4,20,0,2.3,1.8,4.4,0,0
62,58,1,3,0,0.4,0.2,0.6,0,0
62,59,1,2,0,0.3,0.1,0.4,0,0
62,61,1,343.5,2.4,54.3,62.7,39.3,2,27
62,62,0,410,13,67,34,82,0,4
62,63,0,557,13,43,96,117,1,54
62,64,2,94.5,0.9,16.2,18.9,2.8,0,0
62,66,1,2,0.1,0.1,0.3,0.2,0,0
62,67,2,11,0,0.7,0.5,3.2,0,0
62,69,1,8,0,0.5,0.4,2.3,0,0
62,70,1,3,0,0.2,0.1,0.9,0,0
62,72,3,83.5,0.1,11.4,8.3,13.1,0.5,8.3
62,73,3,55.5,1.7,2.6,5.4,16,0,0.3
62,74,2,15.5,0.8,0.3,1.2,4.7,0,0
62,75,1,9,0.5,0.2,0.7,2.7,0,0
62,88,2,6.5,0,0.3,0.6,2.1,0,0
62,91,1,5,0,0.4,0.7,1,0,0.3
62,92,2,5,0,0.3,0.8,1,0,0.3
62,93,3,45,0,3.3,9.6,5.7,0,3.9
62,94,5,48.5,2.4,3.3,3.2,11.7,0,0
62,95,6,41,1.9,3,2.8,9.6,0,0
62,97,2,46.5,0.1,2.2,3.2,11.3,0,0
62,98,3,22,0.2,2.2,2.1,4.2,0,0
62,100,2,77,0.2,15.2,10,3.5,0,0
62,101,2,79,1.7,11.5,12.2,7.4,0.7,0
62,103,5,82,2.2,1,2,30.9,1,0
62,104,6,51,0.8,3.7,4.4,9.6,0,0
62,105,2,103,1.5,7.2,15,15,0,0
62,106,3,7,0.2,0.8,0.2,2.4,0,0
62,107,1,9,0,0,0.2,3.7,0,0
62,108,5,18,0,0.7,0,6.8,0,0
62,110,6,44,0.6,1.1,0.1,13.9,0,0
62,112,1,2,0,0.1,0,0.7,0,0
62,115,7,87.5,2.5,7.8,1.5,20.9,0,0
62,116,1,4,0.1,1.1,0,0.7,0,0
62,117,1,4,0.1,1.1,0,0.7,0,0
62,118,2,11,0,1.3,0.5,2.8,0,0
62,119,2,3,0,0.3,0.2,0.7,0,0
62,120,7,43,0,3,5.6,7.3,0,0
62,121,2,10,0,0.4,1.6,1.6,0,0
62,122,4,21,0,1.9,0.7,4.6,0,0
62,123,3,16,0,1.6,0.4,3.3,0,0
62,124,2,8,0,0.5,0.1,2.1,0,0
63,3,2,5,0.1,0.4,0.1,1.6,0,0
63,4,1,2,0.1,0.3,0.2,0.4,0,0
63,5,5,98.5,3.1,8,1.9,35.9,0,0
63,6,3,55.5,2,3.6,0,20.9,0,0
63,7,1,2,0,0.1,0.1,0.7,0,0
63,8,5,43,0,1.7,2.4,15.1,0,0
63,10,4,23,0.4,3.8,1.3,4.4,0,0
63,11,3,14,0,3,1,1.2,0,0
63,18,2,24,0.3,3.7,3.5,2.2,0,0
63,19,2,361.5,17.3,48.8,50.9,40.4,0,8
63,20,4,219,6.1,25.8,19.1,42.8,0,7
63,21,5,467.5,10.7,37.4,29.4,182.7,1,37
63,22,2,651.5,20.9,124.3,64.2,211.4,0,72
63,23,1,867.5,80.9,65.1,31,264.1,0,6
63,24,0,759,101,113,36,167,0,13
63,25,1,178.5,24.6,43.4,12.2,6.3,1,25
63,26,1,18,1.1,2.8,4.5,0.6,0,0
63,27,2,11,0.5,1.4,2.5,0.7,0,0
63,33,3,11,0.3,0.4,0,4.4,0,0
63,34,1,4,0,0.5,0,1,0,0
63,36,6,61,0,5.6,2.5,21.9,0,0
63,37,2,6,0,1.4,0.4,1.2,0,0
63,41,1,2,0.1,0.1,0.1,0.6,0,0
63,43,3,4,0.1,0.1,0.3,1.2,0,0
63,48,3,39,0,4,3,11,0,0
63,49,2,6,0,0.3,0.3,2.1,0,0
63,51,1,3,0.1,0.1,0.1,0.8,0,0
63,52,2,48,0.8,1.6,2.3,13.4,0,0
63,53,2,9,0.2,0.3,0.4,2.5,0,0
63,54,6,79,0.9,1.9,6.4,19.3,0,0
63,56,3,9,0,1.2,0.9,1.5,0,0
63,57,4,28,0,3.6,2.6,5.2,0,0
63,58,2,10,0,1.4,0.8,2,0,0
63,59,1,2,0,0.3,0.1,0.4,0,0
63,60,4,51,0.7,6.7,9,1,0,0
63,61,1,447.5,7,62.3,41.4,89,1,23
63,62,4,168,8,11.8,25.7,26.7,1,0
63,63,1,236,15.1,20.2,42.3,26.2,0,9
63,67,1,10,0,0.7,0.4,2.9,0,0
63,68,1,1,0,0.1,0,0.3,0,0
63,69,1,8,0,0.5,0.4,2.3,0,0
63,70,1,2,0,0.1,0.1,0.6,0,0
63,72,2,17,0.3,1.5,3,2.3,0.1,1
63,73,2,32,0.8,2.9,5.1,4.7,0,0.5
63,74,3,33,0,0,2.2,7.7,0,0
63,75,2,10.5,0,0,0.7,2.4,0,0
63,84,2,9,0,0.4,0.3,1.9,0,0
63,87,1,9,0,0.3,0.9,2.9,0,0
63,88,2,23.5,0,0.9,2.4,7.5,0,0
63,89,2,11,0,0.4,1.1,3.5,0,0
63,91,2,7,0,0.5,1,1.4,0,0.4
63,94,1,35,1.2,0.2,2.2,9.7,0,0
63,96,1,2,0.1,0.1,0.1,0.6,0,0
63,97,6,39,0.8,3.7,3.5,8,0,0
63,98,4,26,0.2,2.6,2.6,5,0,0
63,99,1,4,0.1,0.3,0.2,0.8,0,0
63,100,5,19,0.3,1.9,1.8,2.3,0.3,0
63,101,1,3,0.1,0.4,0.4,0.1,0.1,0
63,103,5,49,0.5,0,0,19.1,0,0
63,104,2,12,0.2,0.8,1,2.4,0,0
63,105,7,65.5,1.1,5,5,13.6,0,0
63,106,1,7,0.3,1.1,0,2.4,0,0
63,107,7,26,0.2,1.8,0,9.4,0,0
63,109,2,11,0.2,0.3,0,3.4,0,0
63,111,2,10,0,0.5,0.2,3.3,0,0
63,112,1,5,0,0.3,0.1,1.6,0,0
63,113,1,1,0,0.1,0,0.3,0,0
63,115,5,49,1.7,8.2,0,10.2,0,0
63,116,3,24,0.7,6.5,0,4.1,0,0
63,117,5,11,0.1,1.5,0.4,2.6,0,0
63,118,2,6,0,0.7,0.3,1.5,0,0
63,119,4,134,0,5.7,27.7,11.8,0,0
63,120,2,535,2,42,136.3,40.1,1,51
63,121,3,17,0,0.8,2.7,2.7,0,0
63,122,3,11.5,0,1,0.7,2.3,0,0
63,123,3,7,0,0.7,0.3,1.4,0,0
63,124,1,5,0,0.3,0.1,1.3,0,0
63,126,2,3,0,0.2,0.1,0.7,0,0
121,0,2,2,0,0.2,0,0.8,0,0
121,3,2,8,0.2,0.2,0.2,2.2,0,0
121,4,3,10,0,0,0.5,3.7,0,0
121,5,1,1,0,0.1,0,0.5,0,0
121,6,1,8,0,0.7,0,4,0,0
121,7,2,5,0,0.5,0.2,2,0,0
121,9,3,13,0.3,1.1,1.4,3.3,0,0
121,11,1,3,0,0.2,0.1,1.3,0,0
121,16,1,13,0,0.3,0,4.5,0,0
121,19,3,7,0,0.7,0.3,3.2,0,0
121,20,3,20,0.1,2,0.9,8.5,0,0
121,23,3,102,1.1,17.5,14.2,14.5,0,12.6
121,27,2,26,0.4,1.2,0.9,6.7,0,0
121,28,4,31,0.6,1.5,1,7.9,0,0
121,36,2,11,0,0,0,4.9,0.4,0
121,37,5,74.5,2.5,2.1,2.6,28.3,1.1,0
121,38,2,17,0.2,0.5,1.3,5.8,0,0
121,39,2,28,0,1,4.6,2.5,0,0
121,40,1,4,0,0.1,0.7,0.4,0,0
121,42,2,2,0,0.4,0.2,0.2,0,0
121,43,1,3,0,0.7,0.2,0.4,0,0
121,44,3,13,0.2,1.6,0,4.3,0,0
121,46,5,17,0.2,2,0,5.6,0,0
121,47,1,4,0.2,0.3,0,0.9,0,0
121,50,3,28,2.5,5.1,1.3,4.2,0,0
121,51,5,93,9.1,24.1,3.5,10.4,0,0
121,57,7,125,0.5,17.5,15.9,18,0,0
121,61,3,55,0.6,5.1,3.1,15.8,0,0
121,62,3,47,1,7.5,2,8.8,0,0
121,63,1,4,0,0,0,1.6,0,0
121,64,4,25,0,0.4,0.5,10,0,0
121,65,5,27,0.3,0.8,0.7,10,0,0
121,66,3,12,0.3,0.7,0.3,3.9,0,0
121,70,8,65,2.4,2.2,9.1,13.6,0.2,0
121,71,8,113,7.5,4.1,15.5,18.4,0.3,0
121,72,8,51,2.4,2.5,9.4,6.2,0.2,0
121,73,3,212.5,2.8,17.6,47.5,20.1,0,0
121,74,4,36,0.8,1.4,4.5,8.3,0,0
121,77,1,8,0,1.1,0.2,2,0.2,0
121,78,2,5,0,0.7,0.1,1.3,0.1,0
121,79,1,2,0,0.3,0,0.5,0.1,0
121,82,2,5,0.1,0,0.1,2.5,0,0
121,83,1,3,0.1,0,0.1,1.4,0,0
121,86,1,2,0,0,0.1,1,0,0
121,93,4,7,0,0,0.3,2.8,0,0
121,94,2,6,0.2,0.8,0,2.6,0,0
121,95,1,1,0,0.1,0,0.5,0,0
121,98,2,7,0,0.6,0.3,2.7,0,0
121,99,2,8,0.8,1.4,0,1.8,0,0.5
121,100,4,100,3.5,3.7,3.2,51.7,0,0.9
121,102,1,3,0.1,0.1,0.1,1,0,0
121,105,2,6,0.2,0,0.4,2,0,0
121,106,3,8,0.3,0,0.5,2.8,0,0
121,108,1,4,0.1,0,0.3,1.6,0,0
121,111,1,1,0,0.1,0,0.3,0,0
121,114,2,9,0,0,0,3.6,0,0
121,115,1,3,0,0,0,1.2,0,0
121,117,2,19,0,0.8,3.8,4,0,1.5
121,118,6,35,0,1.5,7,7.4,0,2.9
121,119,3,7,0.2,0.5,0,2.3,0,0
121,120,2,7,0,0.3,0.1,2.8,0,0
121,121,1,2,0,0.1,0,0.8,0,0
121,125,2,3,0,0.2,0,1.2,0,0
121,126,2,6,0,0.2,0.1,2.4,0,0
121,127,2,3,0,0.3,0,0.9,0,0
18,0,1,9,0,1.2,0.9,2.3,0,0
18,1,1,1,0,0.1,0.1,0.2,0,0
18,2,0,31,2,11,2,1,0,0
18,3,6,282,1.9,15.4,56.1,30,0,4
18,4,2,39,0,0.9,6.8,3.3,0,0
18,5,1,2,0,0.2,0.1,0.3,0,0
18,6,3,13,0.1,1.2,0.8,2,0,0
18,8,2,8,0,0.2,0.8,2,0,0
18,9,1,1.5,0,0.1,0.1,0.4,0,0
18,10,1,12,0,0.4,1.1,3.1,0,0
18,11,1,3,0,0.1,0.1,0.7,0,0
18,13,3,24,0,0.9,1.1,5.2,0,0
18,17,3,5,0,0.1,0.6,1.2,0,0
18,20,2,15,0,2.5,2.2,3.5,0,0
18,21,1,1,0,0.3,0.2,0.2,0,0
18,22,4,6,0,1.6,1.2,1.2,0,0
18,23,1,2,0,0.5,0.4,0.4,0,0
18,24,1,4,0,0.4,0.9,0.1,0,0.4
18,25,1,7,0,0.5,0.3,2.2,0,0
18,26,1,3,0,0.2,0.1,1,0,0
18,27,1,2,0,0.3,0,0.3,0,0
18,28,1,4,0.1,0.6,0,0.5,0,0
18,29,1,4,0.1,0.6,0,0.5,0,0
18,30,4,24,0.4,3.1,0.1,3.6,0,0
18,31,2,5,0,0.3,0.2,1.4,0,0
18,32,1,6,0,0.4,0.2,1.7,0,0
18,33,2,5,0,0.7,0,1.5,0,0
18,34,1,1,0,0,0.1,0.3,0,0
18,35,1,3,0.1,0.2,0.2,0.8,0,0
18,38,1,2,0,0,0.1,0.5,0,0
18,39,2,8,0,0.2,0.2,2,0,0
18,40,2,4,0,0.4,0.2,1.4,0,0
18,41,2,11,0,1.3,0.4,3.6,0,0
18,44,1,4,0.1,0.4,0.4,0.7,0,0
18,48,1,2,0,0.1,0.1,0.5,0,0
18,49,2,4,0,0.2,0.2,1,0,0
18,50,1,2,0,0.1,0.1,0.5,0,0
18,53,2,6,0.1,0.2,0.4,1.4,0,0
18,56,2,5,0.1,0.2,0.2,1.5,0,0
18,57,1,2,0,0.1,0.1,0.5,0,0
18,58,1,2,0,0.1,0.1,0.5,0,0
18,60,1,4,0.1,0.1,0.1,1,0,0
18,61,1,1,0,0,0,0.3,0,0
18,64,2,5,0.3,0.1,0.1,1.5,0,0
18,66,3,5,0.3,0,0.2,1.5,0,0
18,69,1,9,0.4,0.6,1.1,1.9,0,0
18,71,1,4,0,0.7,0,1.6,0,0
18,72,1,2,0,0.3,0,0.8,0,0
18,73,3,11,0,1.9,0,4.4,0,0
18,75,2,8,0.2,0.6,0.2,1.4,0,0
18,76,1,6,0.1,0.5,0.1,1.1,0,0
18,77,1,5,0.1,0.4,0.1,0.9,0,0
18,78,1,11,0,0.8,0.3,2.2,0,0
18,79,1,4,0,0.3,0.1,0.8,0,0
18,81,4,21,0.4,0.5,2.9,4.2,0,0
18,82,4,10,0.1,0.4,1.3,2,0,0
18,86,2,5,0,0.2,0,1.8,0,0
18,87,2,128,1.2,8.7,13.8,25.7,0,0
18,88,6,62,1.4,3.2,12.8,8.4,0,0
18,89,5,129,1.9,19.6,22.7,7.8,0,0
18,90,2,500,5.1,21,124,10.1,0,7
18,91,2,37,0,0.3,7,9.7,0,0
18,93,5,27,0.3,1.2,0.6,8.3,0,0
18,95,2,11,0.4,0.8,1.1,1.6,0,0
18,96,2,8,0,0.9,0.5,1,0,0
18,97,3,20,0.2,2.8,1.3,2.2,0,0
18,98,6,61,2.9,15.9,2.9,3.6,0,0
18,99,4,423.5,11.2,14.7,63.9,94.3,0,12
18,100,4,299.5,10.2,6.8,32.2,88.6,0,18
18,102,2,9,0.5,0,0.3,2.4,0,0
18,103,1,5,0.3,0,0.1,1.4,0,0
18,104,4,320,15,5,30.6,91.1,0,19.3
18,105,2,198.5,2,48.2,25.7,13.9,0,15.2
18,106,2,5,0,0.5,0.7,0.7,0,0
18,107,2,11,0,0.8,1.6,1.7,0,0
18,108,1,4,0,0.1,0.5,0.8,0,0
18,109,3,13,0,0.2,1.6,2.6,0,0
18,111,1,9,0,1.1,0.4,2,0,0
18,113,4,8,0,0.8,0.4,2,0,0
18,114,1,1,0,0.2,0,0.2,0,0
18,115,4,15,0.5,2.7,0.4,2.6,0,0
18,116,2,5,0.1,0.7,0.5,0.9,0,0
18,117,4,19,1.1,1.6,0.7,4,0,0
18,119,3,202,1.3,1.4,70.6,4,0,33
18,120,1,25,0.1,0.1,10,5.2,0,0
18,121,1,7,0.2,2.4,0.4,0.2,0,0
18,122,2,390,1,63.2,75.7,0,0,19
18,123,0,1002,12,145,192,28,0,50
18,124,2,87.5,0,22.6,7.5,2.8,0,6.5
18,126,2,5,0,0.7,0.3,0.7,0,0
19,0,2,7,0.1,0.7,0.3,1.4,0.1,0
19,1,2,6,0.3,0.6,0.4,1.1,0,0
19,3,1,3,0.1,0.3,0.2,0.6,0,0
19,4,2,9,0.1,0.8,0.5,1.4,0,0
19,5,4,41,0.2,3.5,6.6,2.7,0,0
19,6,2,13,0,1.2,2.5,0.4,0,0
19,7,2,43,0.4,4.6,6.6,2.8,0,0
19,8,2,7,0.2,1.1,0.4,1,0,0
19,9,3,17.5,0,1.2,3.5,0.5,0,0
19,12,2,15,0,0.5,0.7,3.3,0,0
19,14,1,4,0.1,0.1,0.5,0.9,0.1,0
19,15,2,3,0,0,0.5,0.7,0,0
19,18,1,5,0,0.3,0.4,1.2,0,0
19,19,2,7,0,0.5,0.5,1.6,0,0
19,21,1,2,0,0.5,0.4,0.4,0,0
19,22,2,7,0.1,0,0.6,2.2,0,0
19,24,2,12,0,0.8,0.5,3.8,0,0
19,25,1,2,0,0.2,0.1,0.6,0,0
19,26,2,11,0,0.8,0.4,3.5,0,0
19,28,1,2,0,0.3,0,0.3,0,0
19,30,2,8,0.2,1.1,0,1,0,0
19,34,1,3,0.1,0.2,0.2,0.8,0,0
19,36,2,8,0.3,0.4,0.5,2.1,0,0
19,38,3,15,0,0.3,0.5,3.7,0,0
19,39,1,2,0,0,0.1,0.5,0,0
19,41,2,5,0,0.6,0.2,1.6,0,0
19,42,3,11,0.6,0.6,1.1,1.6,0,0
19,43,2,13,0.7,0.8,1.2,1.9,0,0
19,45,1,6,0.1,0.7,0.5,1,0,0
19,46,2,9,0.2,1,0.8,1.5,0,0
19,47,1,2,0,0.2,0.2,0.4,0,0
19,51,1,2,0,0.1,0.1,0.5,0,0
19,53,3,8,0.1,0.3,0.5,1.9,0,0
19,55,1,4,0.1,0.2,0.1,1.2,0,0
19,56,2,7.5,0.2,0.4,0.2,2.2,0,0
19,57,1,5,0.1,0.3,0.1,1.5,0,0
19,58,2,11,0.2,0.3,0.3,2.8,0,0
19,59,1,3,0.1,0.1,0.1,0.7,0,0
19,61,1,10,0,0,0,3.2,0,0
19,62,1,4,0,0,0,1.3,0,0
19,63,2,4,0,0,0,1.3,0,0
19,64,1,1,0.1,0,0,0.3,0,0
19,65,1,5,0.3,0.1,0.1,1.5,0,0
19,66,3,8,0.5,0.1,0.2,2.4,0,0
19,67,1,2,0.1,0.2,0.2,0.4,0,0
19,68,1,2,0.1,0.2,0.2,0.4,0,0
19,69,2,11,0.5,0.8,1.3,2.3,0,0
19,70,2,6,0.2,0.6,0.5,1.6,0,0
19,73,5,108.5,0,8.1,18.9,6.1,0,0
19,74,5,42,0.8,2.1,4.8,7.9,1.1,0
19,75,1,4,0.1,0.3,0.1,0.7,0,0
19,76,1,1,0,0.1,0,0.2,0,0
19,78,3,9,0,0.7,0.2,1.8,0,0
19,79,1,4.5,0,0.4,0.1,0.9,0,0
19,80,1,5,0,0.4,0.1,1,0,0
19,81,1,3,0,0.1,0.1,1,0,0
19,83,5,13,0,0.2,0.6,4.5,0,0
19,84,1,2,0,0.1,0,0.7,0,0
19,85,2,7,0,0.3,0,2.5,0,0
19,86,1,4,0,0.1,0,1.5,0,0
19,87,1,6,0,0.2,0,2.2,0,0
19,88,5,51.5,3.8,4,5.9,3.7,0,0
19,89,3,473,13.4,49.1,40.6,118,0,29
19,90,1,228.5,0.5,33.7,47.4,2.5,0,22
19,91,2,31,0.7,2.3,6,1.5,0,0
19,92,2,42.5,0.1,1.5,8,6.5,0,0
19,93,2,7,0.1,0.4,0.1,2.1,0,0
19,96,2,7,0,0.2,0.5,1.8,0,0
19,97,3,44,0.8,4.4,1.2,10.7,0,0
19,98,2,7,0.1,0.8,0.1,1.7,0,0
19,99,4,264.5,1.7,46.9,42.8,2.5,0,13.3
19,100,3,272.5,14.1,66.5,21.7,3.1,0,3.8
19,102,2,16,0.6,1.3,0.1,5.5,0.3,0
19,103,4,26,1.1,2,0.2,9.1,0.2,0
19,104,3,14.5,0,0.5,0.2,5.3,0,0
19,105,2,10,0,0.4,0.1,3.6,0,0
19,106,1,5,0,0.2,0.1,1.8,0,0
19,107,3,13,0,0.3,1.1,3.4,0,0
19,108,2,7,0,0.1,0.9,1.4,0,0
19,109,3,12,0,0.2,1.5,2.4,0,0
19,112,1,5,0,0.6,0.2,1.1,0,0
19,113,3,8,0,0.9,0.4,1.9,0,0
19,114,4,13,0.2,2,1.2,2.4,0,0
19,115,1,3,0.1,0.5,0.2,0.5,0,0
19,116,1,2,0,0.3,0.2,0.4,0,0
19,117,1,2,0.1,0.2,0.3,0.1,0,0
19,118,4,490,1.6,65.6,104.5,6.5,0,13.5
19,119,2,386,0,3.6,135.1,0.7,0,21.2
19,120,2,4,0,0.2,1.2,0.2,0,0.4
19,122,2,23,0.5,4.3,3.3,0.8,0,0.9
19,123,6,307,8.2,44.5,65.6,10,0,29.5
19,124,3,55,0,17.7,2.7,3.8,0,0
19,125,2,6,0,1.6,0.3,0.6,0,0
19,126,1,7,0,1,0.3,1,0,0
19,127,3,18,0.3,1.9,1,2.5,0,0
17,0,1,5,0.3,0.5,0.3,0.9,0,0
17,1,1,2,0.1,0.2,0.1,0.4,0,0
17,2,4,96,0.2,4.4,24.7,3,0,0
17,3,3,102.5,2.2,14.5,8.9,14.7,0,0
17,4,3,24.5,0,2.2,2.4,4.9,0,0
17,5,1,2,0,0.2,0.1,0.3,0,0
17,6,1,7,0.1,0.6,0.4,1.1,0,0
17,7,2,9,0.1,0.5,0.5,2.2,0,0
17,9,2,5,0.2,0.5,0,1,0,0
17,10,1,5,0,0.1,0.5,1.3,0,0
17,11,1,4,0.2,0.3,0,1.1,0,0
17,13,2,6,0,0.2,0.3,1.3,0,0
17,14,1,4,0.1,0.1,0.5,0.9,0.1,0
17,15,2,7,0.1,0.1,1.1,1.5,0.1,0
17,17,1,5,0,0.1,0.7,1.1,0,0
17,20,2,12,0,0.4,1.5,2.6,0,0
17,21,3,10,0,2.4,2,2.3,0,0
17,24,3,117,1.5,10.9,28.5,1.7,0,6.4
17,25,2,80,0.2,1.8,20.9,3.2,0,1.6
17,26,4,16,0,1,0.9,4.7,0,0
17,27,1,4,0,0.3,0.2,0.9,0,0
17,29,1,6,0,0.4,0.3,1.3,0,0
17,31,1,2,0.1,0.2,0.1,0.4,0,0
17,32,2,17,0,1.3,0.5,4.8,0,0
17,33,2,14,0,2,0,4,0,0
17,34,1,3,0.1,0.2,0.2,0.8,0,0
17,35,2,8,0.4,0.4,0.4,2.2,0,0
17,37,1,2,0,0,0.1,0.5,0,0
17,38,1,5,0,0.3,0.9,0.9,0,0
17,39,3,16,0.3,1,1.3,2.5,0,0
17,40,3,5,0.1,0.5,0.4,0.9,0,0
17,41,2,4,0,0.4,0.2,1.4,0,0
17,44,2,7,0.1,0.8,0.6,1.3,0,0
17,46,1,2,0,0.2,0.2,0.4,0,0
17,48,1,1,0,0,0,0.5,0,0
17,49,2,10,0,1,0.1,2.9,0,0
17,50,1,3,0,0.1,0.2,0.7,0,0
17,51,1,1,0,0,0.1,0.2,0,0
17,52,1,5,0,0.2,0.1,1.7,0,0
17,53,2,11,0.1,0.4,0.6,2.9,0,0
17,54,2,8,0,0.5,0.3,2.4,0,0
17,55,1,4,0.1,0.2,0.1,1.2,0,0
17,56,2,10,0.2,0.5,0.3,3,0,0
17,57,1,2,0,0.1,0.1,0.5,0,0
17,58,1,4,0.3,0.1,0.1,1.2,0,0
17,59,1,3,0.2,0,0.1,0.9,0,0
17,60,1,4,0.1,0.1,0.1,1,0,0
17,61,1,6,0,0,0,1.9,0,0
17,62,2,17,0,1.6,1.6,3.4,0,0
17,64,1,6,0.4,0.1,0.2,1.8,0,0
17,65,1,2,0,0.2,0,0.7,0,0
17,66,3,13,0.5,0.6,0.2,4.1,0,0
17,67,2,8,0.1,0.5,0.5,1.6,0,0
17,68,1,5,0,0.3,0.1,1,0,0
17,69,1,1,0,0.1,0,0.2,0,0
17,71,3,7,0,0.8,0.1,2,0,0
17,73,1,4,0,0.7,0,1.6,0,0
17,74,1,5,0.1,0.4,0.1,0.9,0,0
17,75,2,11,0.2,0.9,0.2,2,0,0
17,78,1,5,0,0.4,0.1,1,0,0
17,79,2,18,0.5,1,1.4,4.8,0,0
17,81,2,44,0.1,11.2,6.2,3.1,0,9
17,82,4,429.5,6.9,19.2,77.1,64.2,0,25
17,83,2,10,0.3,1,1.2,1.7,0,0
17,84,1,2,0,0.1,0.1,0.6,0,0
17,85,1,1,0,0,0,0.4,0,0
17,86,1,2,0,0.1,0,0.7,0,0
17,87,2,21,0.4,1.1,4.4,2.8,0,0
17,89,2,40,0.5,1.4,7.8,4.2,0,0
17,90,4,26,0.1,1.2,5.2,3.7,0,0
17,92,3,27,0.4,1.2,0.4,8.3,0,0
17,93,1,5,0,0.3,0.7,0.6,0.1,0
17,94,2,8,0.2,0.6,1.3,0.8,0,0
17,95,5,49,2.3,2.8,5.9,7.7,0,0
17,96,3,29,0,3.2,1.8,3.7,0,0
17,97,2,9,0,0.9,0.4,1.8,0,0
17,99,4,324,14,32.2,39.1,36.6,0,0
17,100,3,83.5,1.9,1.3,6.1,18.7,1,0
17,101,1,1,0,0,0,0.4,0,0
17,103,2,14,0.7,0,0.4,3.8,0,0
17,104,4,10,0.6,0.5,1.4,1.4,0,0
17,105,4,330.5,7.4,15.9,88.4,6,0,15.4
17,106,3,13,0.1,0.9,1.5,2.4,0,0
17,107,3,15,0,0.8,2.1,2.6,0,0
17,108,1,8,0,0.2,1,1.6,0,0
17,111,2,7,0,0.8,0.3,1.6,0,0
17,112,1,4,0.1,0.4,0.2,1,0,0
17,113,2,11,0.3,1.3,0.4,2.7,0,0
17,114,4,25,1.1,3.2,0.3,5.6,0,0
17,115,2,6,0.3,0.9,0.1,1.2,0,0
17,116,1,3,0.1,0.5,0.2,0.5,0,0
17,117,1,1,0,0.1,0.1,0.2,0,0
17,119,1,3,0.2,0.2,0.1,0.6,0,0
17,120,1,2,0.1,0.2,0.1,0.4,0,0
17,121,4,74.5,1.2,24.7,2.2,1.7,0,0
17,122,4,82.5,1.5,22.4,3.7,1,0,0
17,123,4,510,1.4,20.1,152.4,2.3,0,36
17,124,2,4,0,0.5,0.6,0.4,0,0.4
17,125,1,1,0,0.1,0.1,0.2,0,0
17,126,1,2,0,0.3,0.1,0.3,0,0
17,127,7,73,0.2,12.4,2.2,9.7,0,0
25,0,1,1360.5,298.6,91.4,65.3,36.9,0,346.9
25,1,0,1234.5,75,30,176,339,0,16
25,2,0,1385,51,100,176,466,2,57
25,3,1,434,101.3,64.9,40.9,7.7,1,44
25,4,1,91,0,49.2,0,0.9,0,0
25,5,1,1,0,0.3,0.2,0,0,0
25,7,2,7,0.5,0.4,0.6,1.2,0,0
25,8,1,7,0.6,0.4,0.6,1.1,0,0
25,9,1,9,0,0,1.1,2.6,0,0
25,10,1,3,0,0,0.4,0.8,0,0
25,11,1,6,0.2,0.2,0.2,2.1,0,0
25,12,1,3,0.1,0.1,0.1,1.1,0,0
25,13,1,1,0,0,0.1,0.4,0,0
25,14,2,5,0,0.1,0.5,1.3,0,0
25,15,1,5,0,0.1,0.5,1.2,0,0
25,18,2,7,0.4,0.7,1.3,0.5,0,0
25,19,4,42.5,1,1.7,5.9,7,0,0
25,20,1,11,0.3,0.4,1.6,1.8,0,0
25,21,3,233,5.3,12.1,17.9,73.1,0,5.3
25,22,3,42.5,0.2,6.9,7.6,2.6,1,0.2
25,23,2,13.5,0,1.1,1.7,2,0,0
25,24,4,28,0,1.6,2.4,6.8,0,0
25,26,2,4,0,0.2,0.4,1,0,0
25,27,2,7,0.2,0.3,0.4,1.8,0,0
25,28,1,2.5,0.1,0.1,0.1,0.7,0,0
25,30,2,6,0,0.2,0.4,1.6,0,0
25,31,1,1,0,0,0,0.3,0,0
25,32,2,11,0,0.5,0,3.2,0,0
25,33,1,5,0,0.3,0,1.4,0,0
25,35,1,4,0.1,0.5,0.6,0.7,0,0.3
25,36,1,2,0.1,0.2,0.3,0.3,0,0.1
25,42,1,2,0.1,0,0.1,0.6,0,0
25,43,1,9,0.5,0,0.6,2.5,0,0
25,44,1,4,0,0.6,0.3,0.7,0,0
25,46,1,12,0,0.3,2.6,1.6,0,1.6
25,47,5,114.5,2,13.3,21.5,21,0,10.6
25,48,1,3,0,0,0.8,0.4,0,0.1
25,52,2,9,0,0.7,0.7,2.2,0,0
25,54,2,9,0.1,1.1,0.9,1.2,0,0
25,55,1,474,20.5,40.8,65.4,59.4,0,9
25,56,4,40,0,4.2,7.6,2.4,0,2.4
25,58,2,6,0,0.2,0.7,1.4,0,0
25,59,1,4,0,0.4,0.1,1.1,0,0
25,60,3,17,0.5,0.2,1.2,4,0,0
25,61,3,9,0.4,0,0.7,1.8,0,0
25,63,2,8,0.3,0,0.7,1.6,0,0
25,67,3,13,0.3,0.3,0.7,3.3,0,0
25,69,1,4,0.1,0.1,0.2,1,0,0
25,70,2,7,0.2,0.4,0.2,1.3,0,0
25,71,1,1,0,0.1,0,0.3,0,0
25,72,2,10,0.2,0.4,0.3,3.4,0,0
25,73,3,10,0.2,0.6,0.2,3.3,0,0
25,74,1,1,0,0.1,0,0.3,0,0
25,75,2,8,0,0.8,0.5,2.1,0,0
25,76,1,5,0.2,0.2,0.8,0.6,0,0
25,77,1,3,0,0.2,0.2,0.7,0,0
25,79,1,2,0,0.1,0.2,0.4,0,0
25,80,1,2,0,0.1,0.2,0.4,0,0
25,81,2,363,5.8,37.9,52.8,69.6,1,19
25,82,2,96,1,6.1,28.2,13.1,0,16
25,83,4,26.5,0,2.7,2.4,4,0,0
25,84,2,7,0.1,0.2,1.1,1,0,0
25,86,2,55,0.7,2.3,9.8,6.8,0,0
25,87,2,120.5,1.7,19.3,5.6,21.8,0,0
25,89,3,75,1.4,9.1,15.3,8.9,0,0
25,90,1,536.5,11,24.6,65.2,120.6,0,3
25,91,3,5,0.3,0.4,0.4,1.2,0,0
25,94,1,15,0,0,1.6,2.5,0,0
25,95,2,7,0.1,0,0.7,1.3,0,0
25,97,1,9,0.7,0.2,0.7,1.5,0,0
25,98,3,24,1.7,0.6,1.8,4,0,0
25,101,2,30,0,3.1,4.1,2.5,0,0
25,102,4,189,7.8,38.4,31,6.3,0.1,23
25,103,3,349,10.4,65.4,42.9,19,0,20
25,107,1,3,0.1,0.1,0.2,1,0,0
25,108,7,76,2.7,2,2.7,26.3,0,0
25,110,4,145.5,36.6,1.2,6.4,12.1,0,20.3
25,111,0,435,3,116,55,30,0,32
25,112,1,307.5,1.8,27.9,96.6,2,0,16
25,113,3,34,0.1,2.3,13.6,1.8,0,0
25,114,3,463.5,3.9,130.3,54.1,6.5,0,2
25,115,1,767,0,223,88.9,3.4,0,5
25,116,3,475.5,2.4,8.7,166,3.1,0,59.6
25,117,5,32.5,0.1,2.3,9.1,2.4,0,0
25,118,0,250,0,0,102,0,0,102
25,119,1,4,0,1.3,0.1,0.4,0,0
25,120,3,56.5,0,2.7,16.4,0.4,0,15
25,121,2,501,2.4,174.6,17.2,3.1,0,10.6
25,122,2,106,1.3,36.2,6.6,0.6,0,0
25,123,2,6.5,0.3,0.6,1.1,0.3,0,0.5
25,124,2,11,0,0.4,0.7,2.3,0,0
25,127,2,11,0.1,1.2,0.5,2,0,0
27,0,1,443,33.3,140,30.8,5.2,0,18
27,1,1,475,48.1,60.4,97.2,7,0,21
27,2,2,131,1,11.6,34.9,2.3,0,1.1
27,3,4,88.5,10.4,10,10.2,4.5,0,0.8
27,4,3,47.5,0,8.1,7.2,2.6,0,0
27,5,1,6,0,1,0.9,0.3,0,0
27,6,2,5,0,0.6,0.3,1.5,0,0
27,8,2,14,0,0.9,2.1,1.6,0,0
27,10,1,3,0,0.2,0.5,0.3,0,0
27,11,2,11,0.3,0.5,0.5,3.4,0,0
27,12,1,4,0.1,0.3,0.2,0.9,0,0
27,13,1,6,0.1,0.5,0.3,1.3,0,0
27,14,1,4,0,0.3,0.6,0.5,0,0
27,15,1,2,0,0,0.2,0.5,0,0
27,16,2,6,0,0.4,0.9,0.8,0.1,0
27,18,1,8,0.2,0.5,1,1.4,0,0
27,19,1,1,0,0.1,0.1,0.2,0,0
27,20,1,1,0,0.1,0.2,0.1,0,0
27,21,5,15,0.1,1.1,0.9,3.3,0,0
27,22,2,7,0.1,0.4,0.2,1.8,0,0
27,23,1,4,0.1,0.2,0.1,1,0,0
27,26,1,6,0,0.3,0.5,1.5,0,0
27,31,1,4,0,0.3,0,1.3,0,0
27,33,2,5.5,0,0.3,0,1.7,0,0
27,34,5,98,2.3,4.8,7.6,30.1,0,1.8
27,35,1,10,0.2,0.6,1.1,2,0,0
27,36,1,8,0.2,0.4,0.9,1.6,0,0
27,37,1,6,0.1,0.3,0.7,1.2,0,0
27,39,2,10,0,0.3,1.1,1.6,0,0
27,40,1,2,0.1,0.3,0,0.5,0,0
27,41,1,1,0,0,0.1,0.3,0,0
27,46,1,11,0,0,0,4.6,0,0
27,47,1,15,0,0,0,6.3,0,0
27,48,1,2,0,0.4,0.3,0.2,0,0
27,50,2,5,0.1,0.2,0.5,1.7,0,0
27,51,3,17,0.5,0.5,1.6,5.6,0,0
27,52,1,1,0,0.1,0.1,0.2,0,0
27,53,1,1,0,0,0.1,0.4,0,0
27,55,2,5,0,0.3,0.4,0.8,0,0
27,57,2,423.5,2,42.9,112.3,9.1,0,25.2
27,58,1,582,22.7,72.9,78.6,108.9,0,52
27,59,3,338,19,38.4,14.5,99.7,0,33
27,60,2,3,0.1,0.7,0.3,0.2,0,0
27,61,6,203,2.2,14.5,41.2,15,0,0.2
27,62,3,23,0.3,3.4,3.5,1.4,0,0.2
27,63,1,4,0.1,0.7,0.5,0.1,0,0
27,64,3,9,0.4,0.5,0.3,1.8,0,0
27,65,1,5,0.2,0.3,0.1,1,0,0
27,67,4,20,0.1,0.8,0.7,6,0,0
27,69,3,18,0.5,0.9,0.4,3.6,0,0
27,74,3,22,0.2,1.3,1.3,5.4,0,0
27,76,1,2,0,0.1,0.1,0.5,0,0
27,77,1,4,0,0.4,0.3,0.9,0,0
27,79,2,17,0,0.8,1.4,3.9,0,0
27,80,1,1,0,0.1,0.1,0.2,0,0
27,81,1,5,0.1,0.4,0.2,1.3,0,0
27,82,1,11,0,0.9,0.6,2,0,0
27,83,2,10,0,0.6,0.6,3,0,0
27,85,4,18,0.1,1.7,1.6,3.7,0,0.2
27,86,4,10,0,1.3,1.6,1.2,0,0.7
27,87,1,2,0,0.3,0.5,0,0,0.2
27,88,3,16,0.2,0.9,1.3,3.5,0,0
27,93,1,4,0.2,0.3,0.4,1,0,0
27,94,2,3,0.1,0,0.3,0.6,0,0
27,95,2,16,0.4,1.4,0.4,4,0,0
27,96,2,4,0,0.2,0.3,0.8,0,0
27,97,4,12,0.3,0.7,0.7,2.7,0,0
27,98,2,19,0.5,0.5,1.4,4.4,0,0
27,99,3,9,0,0,1.4,1.9,0,0
27,100,4,28,0.1,1.4,2.5,6.5,0,0
27,101,6,37,0,4,1.7,9.2,0,0
27,102,1,4,0,0.4,0.2,1,0,0
27,103,3,37,1.5,2,2.6,7,0.1,0
27,104,7,102,1.5,8.2,15.9,12.2,0,0
27,105,1,1,0,0.2,0.1,0.2,0,0
27,106,1,6,0.2,0.3,0,2.3,0,0
27,108,5,122.5,2.8,0.9,5,46.4,0,0
27,110,4,63,1.4,3.7,6.7,14.5,0,0
27,111,2,4,0.2,0.2,0.2,1,0,0
27,114,2,5,0.3,1,0.5,0.2,0,0
27,115,3,380,15,105.1,10.9,16.5,0.4,0
27,116,3,599,56.2,103.3,86.7,2.3,0,53.8
27,117,2,814,1.3,35,310.7,6.5,0,211.2
27,118,1,1318.5,0,332.2,201.3,6.3,0,231
27,119,3,606.5,1.1,234.9,37.2,6.7,0,0
27,120,4,41,2.2,7.6,3.2,2.6,0,2.5
27,121,3,53,1.5,15.6,1.7,3.5,0,0.9
27,122,1,10,1.1,1.9,0.3,0.3,0,0.5
27,124,2,4,0,0.8,0.5,0.3,0,0
27,125,2,24,0,4.4,3.4,1.6,0,0
27,126,2,203.5,1,75.1,3.1,1.4,0,0
27,127,2,8,0,1.3,0.8,0.9,0,0
118,2,2,9,0.2,0.2,0.2,3.4,0,0
118,3,2,7,0.1,0.2,0.2,2.6,0,0
118,5,1,3,0,0.2,0.1,1,0,0
118,6,2,2,0,0.2,0,0.6,0,0
118,7,3,7,0.1,0.3,0.4,2.4,0,0.3
118,8,1,1,0,0,0.1,0.4,0,0.1
118,9,2,3,0,0.1,0.3,1.1,0,0.2
118,12,1,2,0.1,0.1,0,0.8,0,0
118,14,2,20,0.4,1.7,1.8,4.2,0,0
118,15,4,41,1.1,3.4,3.7,8.5,0,0
118,17,1,2,0,0.1,0,0.6,0,0
118,20,2,17,1,1.5,1.6,3.6,0,0
118,21,2,14,0.8,1.2,1.4,3,0,0
118,23,1,20,0,2.3,1.4,5.6,0,0
118,25,2,12,0.3,0.6,0.4,3.1,0,0
118,31,1,5,0.1,0.5,0.3,1.1,0,0
118,32,1,2,0.1,0.2,0.1,0.4,0,0
118,33,4,37.5,0.5,2.7,7.5,4,0,0
118,34,1,4,0.1,0.5,0.4,0.6,0.1,0
118,35,1,5,0.1,0.6,0.5,0.8,0.1,0
118,36,1,10,0.2,1.3,1.1,1.5,0.2,0
118,39,4,20.5,0,0.7,0,8.1,0,0
118,40,1,3,0,0.1,0,1.2,0,0
118,42,2,6,0,0.2,0.6,1.8,0,0
118,43,2,19,0,0.4,2.2,5.7,0,0
118,44,3,18,0.7,1.5,2.9,3.1,0,0
118,45,1,2,0.1,0.2,0.3,0.3,0,0
118,46,3,46,0.4,6.7,5.1,10.7,0,4.6
118,47,7,126,2,28.5,16.7,9,0.6,1.1
118,48,1,24,0.5,2.9,4.5,2.1,0.2,0
118,50,2,3,0,0.2,0.3,0.9,0,0
118,51,1,3,0,0.2,0.2,1,0,0
118,52,3,52,1.4,3.8,3.3,17,0,0
118,53,3,95,2.1,8.1,5.6,28.3,0,0
118,54,4,25,1.4,3.6,0.9,5.8,0,0
118,55,3,58,3.2,8.1,5.7,8.8,0,0
118,56,1,190.5,58.5,0.7,6.9,16.2,0,25
118,57,4,138.5,28.9,5.8,21.7,8.1,0,23
118,58,3,360.5,1.1,80.7,73.6,2,0,71
118,59,1,25,0,0,9.8,0.9,0,0
118,64,7,67,0.9,5.3,1.4,19.2,0,0
118,65,7,91.5,1.8,6.5,3.9,25.5,0,0
118,66,1,2,0.2,0.2,0.1,0.4,0,0
118,70,3,42.5,13.1,2.2,3.8,3.5,0,0.4
118,71,1,478.5,81.7,34.4,42,66.5,0,19
118,72,1,291,37.1,60.1,27.2,28.1,0,12
118,73,4,99,5.4,16.6,15.9,5.6,0,5.9
118,74,5,77,0,1,4.1,28.5,0,0
118,80,1,1,0,0.2,0.1,0.4,0,0
118,81,3,6,0,1.2,0.4,2.6,0,0
118,82,1,1,0,0.2,0.1,0.4,0,0
118,91,8,49,0,3.6,5.2,12.6,0,0
118,92,3,34,0,1.7,0.8,17.1,0,0
118,93,2,11,0,0.6,0.6,4.9,0,0
118,96,1,2,0,0,0,1.1,0,0
118,97,2,5,0,0.1,0,2.6,0,0
118,98,1,2,0,0,0,0.9,0,0
118,99,3,7,0,0,0,3.5,0,0
118,100,4,26.5,0.1,1,0.1,11.4,0,0
118,101,2,5,0.1,0.7,0.1,1,0,0
118,104,3,8.5,0.6,0.7,0.8,2.9,0,0
118,105,5,19,1.4,1.4,1.8,6.6,0,0
118,106,1,4,0.9,0.1,0.3,0.8,0,0
118,107,2,4,0.2,0,0,1.8,0,0
118,109,1,3,0.1,0,0.1,1.3,0,0
118,110,3,13,0.6,0.7,0.7,4.3,0,0
118,111,3,52,1.3,7,3.1,17.1,0,0
118,112,2,6,0.3,0.8,0.4,1.3,0,0
118,113,7,33,0,7.3,0,9.2,0,0
118,114,0,363,39,62,39,62,0,41
118,115,4,201.5,28.3,11.2,11.5,46.5,1,13
118,116,5,17,0.6,3.1,0,4.3,0,0
118,117,3,16,0.7,2.6,0.2,4.3,0,0
118,118,1,4,0.1,0.4,0.1,1.5,0,0
118,120,1,2,0.1,0.2,0.1,0.7,0,0
118,123,2,4,0,0,0.1,1.6,0,0
118,124,1,5,0,0,0.2,2,0,0
118,125,1,1,0,0,0,0.4,0,0
118,127,1,2,0,0,0,0.8,0,0
20,0,4,13,0.4,1.4,0.5,2.5,0.2,0
20,1,4,29,1.2,4.1,1.9,4.7,0,0
20,2,1,3,0.1,0.3,0.2,0.6,0,0
20,3,3,7,0.1,1.7,0.4,0.7,0,0
20,4,2,18,0.3,1.7,1.2,3.1,0,0
20,5,5,25,0.7,2.9,2.6,5,0,0
20,6,1,2,0,0.3,0.2,0.3,0,0
20,7,4,44,0.6,5.7,5,4.3,0,0
20,8,2,318,2.7,25.8,52.5,44.4,0,0
20,9,3,168.5,0,19.7,31.6,6.5,0,1
20,10,2,10,0,0.6,1.7,1.3,0,0.5
20,11,1,2,0,0.3,0.3,0.1,0,0
20,14,4,26,0.5,0.5,3.6,5.7,0.6,0
20,15,1,3,0.1,0.1,0.4,0.6,0.1,0
20,17,1,11,0,0.8,0.8,2.5,0,0
20,18,2,6,0,0.4,0.5,1.4,0,0
20,19,2,5,0,0.4,0.4,1.1,0,0
20,20,1,5,0,0.5,0.3,1.4,0,0
20,22,1,1,0,0.1,0.1,0.2,0,0
20,23,4,37,0.9,0.7,2.8,11.3,0,0
20,24,3,5,0,0.5,0.2,1.5,0,0
20,26,2,7,0.1,0.9,0.4,1.7,0,0
20,28,1,5,0,0.4,0.2,1.1,0,0
20,30,2,4,0,0.6,0,0.6,0,0
20,31,1,2,0,0.3,0,0.6,0,0
20,32,4,5,0,0.5,0.1,1.5,0,0
20,33,1,1,0,0.1,0,0.3,0,0
20,36,2,4,0.2,0.2,0.2,1,0,0
20,37,2,7,0,0.2,0.4,1.7,0,0
20,38,1,1,0,0,0,0.3,0,0
20,42,2,10,0.5,0.6,0.9,1.5,0,0
20,45,4,16,0.3,1.7,1.4,2.8,0,0
20,48,1,4,0,0.2,0.2,1,0,0
20,49,2,3,0,0.1,0.2,0.7,0,0
20,50,1,5,0.1,0.1,0.3,1.2,0,0
20,51,3,11,0.1,0.4,0.8,3.2,0,0
20,53,2,12,0.1,0.4,0.8,2.8,0,0
20,54,1,2,0,0.1,0.1,0.6,0,0
20,58,1,6,0.1,0.2,0.2,1.5,0,0
20,60,2,5,0.1,0.1,0.1,1.3,0,0
20,61,1,2,0,0,0,0.6,0,0
20,62,1,3,0,0,0,1,0,0
20,63,1,4,0,0,0,1.3,0,0
20,64,1,7,0,0.5,0.1,1.4,0,0
20,65,1,1,0.1,0,0,0.3,0,0
20,67,4,12,0.5,0.8,1,2.8,0,0
20,68,1,1,0,0.1,0.1,0.2,0,0
20,69,2,3,0.1,0.3,0.3,0.6,0,0
20,70,1,3,0,0.5,0,1.2,0,0
20,71,2,2,0,0.3,0.1,0.6,0,0
20,72,1,5,0.1,0.8,0.9,0.1,0,0.3
20,73,4,254,8.1,12.4,30.6,53,0,6.2
20,74,1,2,0,0.2,0.2,0.4,0,0
20,75,2,5,0.1,0.4,0.2,0.9,0,0
20,76,1,2,0,0.2,0,0.4,0,0
20,78,1,6,0.2,0.2,0.4,1.2,0,0
20,79,1,5,0.1,0.2,0.3,1,0,0
20,82,1,4,0,0.1,0.2,1.4,0,0
20,83,5,44,0,1.3,2.2,14.1,0,0
20,86,1,3,0,0.1,0,1.1,0,0
20,88,1,2,0.2,0.2,0.2,0.1,0,0
20,89,6,94,5.8,7.5,14.5,16.3,0,6
20,90,2,68.5,1.1,1.1,17.2,5.9,0,0
20,91,1,5,0.1,0.4,1,0.2,0,0
20,92,1,1,0,0.1,0,0.3,0,0
20,93,1,2,0,0.1,0.1,0.6,0,0
20,94,7,89.5,0,4.1,11.1,18.4,0,0
20,96,4,18,0.5,0.7,1.9,3.6,0,0
20,97,1,1,0,0.1,0,0.3,0,0
20,99,3,15,0.3,2.7,1.5,1.5,0,0.9
20,100,4,16,0.3,1.2,0.8,3.8,0,0.1
20,102,1,4,0.2,0.3,0,1.4,0,0
20,103,3,113.5,1.2,2.8,2.3,44.8,0.5,0
20,104,5,33.5,0.2,1.4,0.3,12.1,0,0
20,105,5,33,0.6,1.8,0.4,11,0,0
20,106,5,24,0,1.4,1.2,6.7,0,0
20,107,2,4,0.1,0.4,0.3,0.5,0,0
20,108,3,15,0.2,1.7,1.3,1.8,0,0
20,109,2,2,0,0,0.4,0.3,0,0
20,110,2,11,0,1.2,1,2.2,0,0
20,115,2,5,0,0.9,0.6,0.5,0,0
20,116,2,8,0.2,1.3,0.6,1.4,0,0
20,117,6,26,0.8,3,4.1,1.7,0,0.2
20,118,4,399.5,4.7,96.6,43.4,16.5,0,2.3
20,119,3,209,1.5,35.6,34.9,3,0,6.5
20,120,3,22,1.7,3.3,2.9,1.4,0,0.9
20,121,1,3.5,0.2,0.3,0.1,0.8,0,0
20,122,1,4,0.2,0.4,0.1,0.9,0,0
20,123,2,10,0.3,1.5,1.5,0.4,0,0.5
20,125,2,8,0,1.2,0.9,1.6,0,0
20,126,2,5,0,0.7,0.3,0.7,0,0
20,127,1,2,0,0.3,0.3,0.6,0,0
21,0,6,40,1.5,6.6,2.7,4.8,0,0
21,1,1,2,0,0.7,0.1,0,0,0
21,3,2,3,0,1.1,0.1,0,0,0
21,7,1,10,0,1.2,1.9,0.5,0,0
21,8,3,149,2,30.8,15.6,9.1,0,4
21,9,2,81.5,2,6.6,21.5,5,0,8.6
21,10,4,42,0,3.6,7.2,4.1,0,1.4
21,11,2,20,0,2.6,2.6,1.5,0,0
21,12,1,2,0,0.2,0.1,0.4,0,0
21,13,1,3,0,0.4,0.2,0.5,0,0
21,14,1,2,0.1,0.1,0.1,0.5,0,0
21,17,2,16,0,1.8,0.9,4.3,0,0
21,19,1,1,0,0.1,0,0.3,0,0
21,20,1,2,0,0.2,0.1,0.6,0,0
21,21,2,9,0.1,1.2,0.5,2.2,0,0
21,23,2,5,0.1,0.6,0.3,1.2,0,0
21,28,1,18,0,1.5,0.8,3.8,0,0
21,29,1,2,0,0.2,0.1,0.4,0,0
21,31,2,10,0.3,0.5,0.5,2.6,0,0
21,33,2,3,0.1,0.1,0.2,0.8,0,0
21,36,1,5,0.1,0.3,0.4,1.3,0,0
21,37,1,1,0,0,0.1,0.3,0,0
21,38,1,3,0.1,0.2,0.2,0.8,0,0
21,42,2,10,0.6,0,0.6,2.8,0,0
21,49,1,8,0,0.4,0.4,2,0,0
21,51,1,2,0,0.1,0.1,0.9,0,0
21,52,2,4,0,0.2,0.2,1.8,0,0
21,53,2,5,0,0.2,0.4,2.2,0,0
21,56,1,4,0,0.1,0.2,1.2,0,0
21,61,2,4,0,0.2,0.1,0.9,0,0
21,63,3,17,0.3,0.6,0.3,3.9,0,0
21,67,2,9,0.4,0.6,0.7,1.6,0,0
21,69,3,10,0.5,0.7,0.7,1.8,0,0
21,70,2,11,0.4,0.8,0.8,2,0,0
21,71,1,9,0.6,0.9,0.9,1.6,0,0
21,72,6,125.5,4.2,13,28.8,5.9,0,19.1
21,73,1,161.5,2.4,39.5,33.6,2.3,0,11.9
21,75,1,3,0,0.4,0.2,0.6,0,0
21,76,2,7,0.1,0.8,0.5,1.4,0,0
21,77,3,17,0.3,1.2,1.2,3.4,0,0
21,78,1,2,0.1,0.1,0.1,0.4,0,0
21,79,1,1,0,0,0.1,0.2,0,0
21,80,1,1,0,0,0.1,0.3,0,0
21,83,1,4,0,0.1,0.3,1,0,0
21,84,3,11,0.2,0.3,0.6,2.6,0,0
21,87,2,18,0.4,1,1,4.4,0,0
21,88,3,19,0.5,1,1,4.7,0,0
21,89,3,8,0.7,0.1,0.3,2.4,0,0
21,90,1,1,0.1,0,0,0.3,0,0
21,93,2,22,0,2.8,3,2.4,0,0
21,94,2,27,0,1.5,3.9,4.9,0,0
21,96,2,7,0.2,0.2,0.9,1.3,0,0
21,97,1,2,0,0.1,0.1,0.6,0,0
21,98,1,3,0,0.2,0.1,0.9,0,0
21,99,3,10,0,0.6,0.4,3.1,0,0
21,100,2,64,1.1,6.1,6.9,9,0,0
21,101,2,21,0.7,2.4,1.7,2.4,0,0
21,103,2,5,0,0,0,2,0,0
21,104,1,5,0.2,0.4,0,1.6,0,0
21,106,3,38,0,3.1,2.6,7.8,0,0
21,107,6,81,1.8,6.4,8.2,14.1,0,0
21,108,3,16,0.2,2.1,1.2,1.8,0,0
21,109,2,6,0,0.2,1.7,0.7,0,0
21,110,2,23,0,0.6,6.5,2.9,0,0
21,111,3,4,0,0.4,0,1.2,0,0
21,112,4,22,0,1.7,5.2,2,0,0
21,113,3,96.5,0,12.3,14.1,11.5,0,0
21,116,3,92,1.5,8.6,16.9,6.5,0,0
21,117,6,45,1.5,4.6,6.1,5.2,0,0
21,118,0,17,2,0,3,6,0,0
21,119,1,10,1.3,1.9,0.4,0.8,0,0
21,120,4,13,0.8,1.5,0.3,2.7,0,0
21,121,3,13,0.7,1.2,0.2,3.1,0,0
21,122,1,2,0.1,0.2,0,0.5,0,0
21,123,2,8,0.4,0.8,0.2,1.8,0,0
21,124,1,5,0.1,0,0.7,0.9,0,0
21,126,3,8,0,1.3,1.3,2.2,0,0
21,127,4,8,0,2,0.6,1.4,0,0
24,0,5,286,45.8,10.7,25.7,50.7,0,2.4
24,1,1,433,8.1,79.2,45,58.6,0,78.7
24,2,3,404,28.2,38.9,40.9,97.4,0,0
24,3,3,352,0.4,74.1,88.3,3.9,0,0
24,4,5,187.5,0,77.7,10.9,0.9,0,0
24,6,1,7,0,0.6,0,3.3,0,0
24,8,1,22.5,1.8,1.2,1.9,3.7,0,0
24,9,1,4,0,0,0.5,1.1,0,0
24,10,2,5,0,0,0.6,1.4,0,0
24,11,1,4,0.1,0.1,0.2,1.4,0,0
24,16,2,7.5,0,0.2,0.7,1.9,0,0
24,17,3,14,0.5,1.1,2.3,1.7,0,0
24,18,5,170.5,5.7,15.4,39.7,5.2,0,2
24,19,3,210.5,5.5,12,27.5,47.2,0,3
24,20,1,1,0,0.1,0.2,0.1,0,0
24,21,3,26,0.4,2.6,3.3,3,0,0.4
24,22,1,19,0.3,1.9,2.4,2.2,0,0.2
24,24,2,5,0,0.3,0.5,1.2,0,0
24,26,1,7,0,0.4,0.6,1.7,0,0
24,30,1,7,0.1,0.4,0.4,1.8,0,0
24,31,1,8,0,0.4,0,2.3,0,0
24,40,1,1,0,0,0.1,0.3,0,0
24,42,1,1,0,0,0.1,0.3,0,0
24,44,2,14,0,2,1,2.5,0,0
24,46,0,25,1,2,9,1,0,0
24,47,3,115,4,8.7,14.6,17.2,0,9.6
24,48,1,2,0,0,0.5,0.3,0,0.1
24,49,1,8,0.2,0.9,0,1.4,0,0
24,50,2,9,0.2,1,0,1.5,0,0
24,53,2,11,0,0.8,0.9,2.7,0,0
24,54,1,4,0.1,0.8,0.4,0.5,0,0
24,55,3,35,0.3,6.8,3.6,3.4,0,2.4
24,56,1,2,0,0.4,0.2,0.1,0,0.3
24,57,1,7,0,0.3,0.3,2.2,0,0
24,58,1,1,0,0,0.1,0.3,0,0
24,59,1,1,0,0,0.1,0.3,0,0
24,60,3,10,0,0.4,0.4,3.2,0,0
24,63,1,8,0.3,0,0.7,1.6,0,0
24,64,2,4,0.2,0.2,0.2,0.8,0,0
24,65,1,5,0.2,0.3,0.1,1,0,0
24,66,1,4,0.2,0.2,0.1,0.8,0,0
24,68,1,7,0.1,0.2,0.4,1.8,0,0
24,69,4,36,0.5,1.1,2.1,9,0,0
24,71,1,1,0,0.1,0,0.3,0,0
24,72,2,9,0.2,0.5,0.2,3,0,0
24,76,6,148.5,5.5,6.8,21,21.4,0,0
24,77,3,8,0,0.4,0.8,1.7,0,0
24,78,2,6,0,0.3,0.5,1.4,0,0
24,79,3,17,0,0.8,1.4,3.9,0,0
24,80,1,5,0,0.2,0.4,1.2,0,0
24,81,1,4,0.1,0.1,1,0.3,0,0
24,82,1,1,0,0,0.3,0.1,0,0
24,83,3,18,0,2.3,2.3,2.1,0,0
24,85,2,8,0.1,0.3,1.4,1,0,0
24,87,3,11,0.1,0.5,2,1.3,0,0
24,88,2,5,0.2,0.4,0.5,1.2,0,0
24,89,4,7,0.1,1.3,1.1,0.8,0,0
24,90,3,332.5,4.5,51.7,52.4,36.2,1,42
24,91,4,90,11.4,5.5,12.9,3.7,0,0
24,92,3,15,0.9,1.1,1.4,3.2,0,0
24,93,1,1,0,0.1,0.1,0.3,0,0
24,95,1,6,0,0,0.6,1,0,0
24,96,1,4,0,0,0.4,0.7,0,0
24,97,1,2,0,0,0.2,0.3,0,0
24,98,1,4,0.3,0.1,0.3,0.7,0,0
24,100,5,65,1,1.3,5.3,15,0,0
24,102,4,132,8.4,11.8,10.5,20.9,0,0
24,103,1,271,1.1,5.1,1.1,106.1,0,1
24,106,3,45,0,0,0,18.9,0,0
24,107,4,26,0.6,0.3,0.6,9.8,0,0
24,108,3,155,6.7,1.4,8.8,53.4,0,2
24,109,4,30,0.3,0.3,3.4,7,0,0.6
24,110,4,133,19.4,1.3,16.7,17.3,0,3.7
24,111,2,5,0.5,0.1,0.5,0.7,0,0.3
24,113,1,2,0,0.1,0.9,0.2,0,0
24,114,4,19.5,1,1,3,1.7,0,0
24,115,5,24,0.5,1.6,3.9,2.3,0,0
24,116,2,5,0,0.4,0.8,0.5,0,0
24,119,2,69,0,24,4.7,0.8,0,0
24,120,1,891.5,26.5,251.6,95,4.1,0,72
24,121,0,1134,2,260,268,27,0,103
24,122,1,525,3.6,24.7,149.5,3.7,0,33
24,123,3,17,0.3,0.9,4.5,0.8,0,0
24,124,3,7,0,0.3,0.5,1.4,0,0
24,125,2,6,0,0.2,0.4,1.2,0,0
24,126,2,13,0,0.6,0.8,2.7,0,0
24,127,2,6,0,0.4,0.4,1.2,0,0
45,0,1,1,0,0.1,0.1,0.2,0,0
45,1,1,1,0,0,0.1,0.3,0,0
45,3,3,13,0,0.6,1.3,3.3,0,0
45,4,1,4,0,0.4,0.9,0.4,0,0
45,7,1,1,0,0.1,0.2,0.1,0,0
45,10,2,11,0.2,1.1,0.2,3.1,0,0
45,14,3,6,0,0,0.6,1.5,0,0
45,16,1,2,0,0,0.2,0.5,0,0
45,19,4,37,0,0.6,2.4,15.7,0,0
45,22,2,10,0,0.5,0.6,2,0,0
45,26,2,26,0,0.4,0.5,7.3,0,0
45,27,2,17,0,0.3,0.3,4.8,0,0
45,29,1,6,0.3,0.6,0.4,1.3,0,0
45,30,1,18,0.9,1.8,1.3,3.9,0,0
45,34,2,7,0,0.5,0.6,2.1,0,0
45,35,1,4,0.1,0.4,0.5,0.5,0,0
45,37,3,21,0.2,2.7,2.4,3,0,0
45,38,1,2,0,0.3,0.2,0.3,0,0
45,41,3,81,0.5,6.3,4.3,25.2,0,5
45,42,1,9,0.2,0.8,0.6,2.1,0,0
45,43,1,1,0,0,0.1,0.4,0,0
45,44,1,1,0,0,0.1,0.3,0,0
45,45,3,12,0.2,0.4,0.6,3.1,0,0
45,48,3,17,0,0.6,0.9,5.4,0,0
45,49,2,105.5,4,5.1,6.4,32.4,2,0
45,53,1,6,0,0.5,0.5,1.4,0,0
45,55,1,1,0,0.1,0.1,0.3,0,0
45,57,3,29,0.6,1.3,3.5,7.7,0,0
45,59,2,2,0.2,0,0,0.8,0,0
45,60,1,5,0.3,0.1,0.2,1.9,0,0
45,61,1,4,0,0.2,0.5,0.9,0,0
45,62,1,11,0.1,0.4,1.3,2.5,0,0
45,63,1,2,0,0.1,0.2,0.3,0,0
45,66,1,3,0,0.2,0.1,0.8,0,0
45,67,3,9,0,0.6,0.2,2.6,0,0
45,69,1,14,0,0,0.3,5.5,0,0
45,71,3,47,0,3,4.2,14.3,0,0
45,72,1,61,3,3.1,1.1,18.3,0,0
45,77,1,7,0,0.1,0.3,2,0,0
45,80,3,15,0,0.3,0.5,4.5,0,0
45,86,2,8,0.2,0.3,0.5,2.2,0,0
45,87,1,2,0.1,0.1,0.1,0.5,0,0
45,88,3,10,0,0.8,0.9,2.2,0,0
45,89,4,42,0,7.9,0.9,6,0,0
45,91,1,3,0.1,0.2,0,0.9,0,0
45,92,2,17.5,0.2,1,3,2,0,0
45,93,3,60,3.3,2.9,11.8,5.8,0,0
45,94,1,248,0,12.2,74.9,9.1,0,4
45,95,3,61,0.3,2,13.3,3.5,0,0.3
45,96,1,2,0,0,0.2,0.6,0,0
45,97,3,12,0.5,0.9,1.3,2.1,0,0.1
45,98,4,17,1.1,1,1.4,3.3,0,0
45,99,2,41,1.1,4.5,4.6,4.4,0,0
45,100,1,40.5,2.8,8.7,6.1,1,0,0
45,101,3,31,0,3.6,3.7,3.4,0,0
45,102,4,10,0.1,1.4,1.3,0.8,0,0
45,103,5,176,2.4,21,24.4,23.5,0,0
45,104,3,30,0.3,3,2.3,6.5,0,0
45,106,1,2,0,0.2,0.2,0.4,0,0
45,108,3,22.5,0,0.9,1.5,5.3,0,0
45,109,1,4,0,0.2,0.3,0.9,0,0
45,112,2,77,4.3,1.7,15.1,6.2,0,0
45,113,0,245,0,0,85,0,0,0
45,114,0,140,0,0,44,4,0,0
45,115,4,13,0.1,0.8,1.4,2.7,0,0
45,116,2,7,0.1,0.6,0.2,2,0,0
45,117,5,23,0.8,2.8,0.6,5.9,0,0
45,118,7,30,1.4,4.5,0.7,5.6,0,0
45,119,1,2,0,0.2,0.1,0.4,0,0
45,120,2,2,0,0.2,0.1,0.4,0,0
45,123,1,8,0.2,0.7,0.7,1.6,0,0
45,124,6,34.5,5,1.9,3,7.9,0,0
45,125,4,331,26.7,81.8,25.1,4.3,0,41
45,126,0,969,10,231,257,25,0,271
45,127,2,741,4.6,70.4,212.1,11.6,0,81.1
119,1,4,12,0.2,1,0,4.8,0,0
119,2,1,8,0.1,0.1,0.2,3.1,0,0
119,3,1,4,0.1,0.1,0.1,1.5,0,0
119,4,4,20,0.3,1.2,0.4,6.5,0,0
119,5,2,4,0.1,0.1,0.5,1.1,0,0.4
119,6,1,1,0.1,0,0.2,0.2,0,0.2
119,12,4,18,0.4,1.4,0,7,0,0
119,16,1,2,0,0.2,0.2,0.4,0,0
119,17,3,9,0.1,0.4,0.1,2.7,0,0
119,18,4,22,0.4,0.7,0,6.9,0,0
119,20,5,24.5,0.1,1.8,1.4,8,0,0
119,29,1,4.5,0.1,0.3,0.4,1.3,0,0
119,38,2,18,0,0,0,7.3,0,0
119,39,2,7,0,0,0,2.8,0,0
119,40,1,2,0,0.1,0.2,0.6,0,0
119,41,4,9,0,0.2,1,2.7,0,0
119,42,2,5,0,0.1,0.5,1.5,0,0
119,43,1,5,0,0.1,0.6,1.5,0,0
119,44,2,47,1,8.2,3.4,8,0,7.2
119,45,6,32,0.4,2.2,4,6.9,0,0.5
119,46,7,78,2.9,6.4,12.6,13.4,0,0
119,47,3,13,0.3,1.5,2.4,1.3,0.1,0
119,51,3,7,0,0.4,0.6,2.2,0,0
119,52,7,83.5,0.7,4.7,6.4,26,0.8,0
119,54,2,19,0,2.6,3.5,0.8,0,0
119,55,0,383.5,32,36,82,28,0,39
119,56,0,481.5,49,94,52,23,2,30
119,57,0,651.5,62,79,113,83,1,62
119,58,2,409,5.5,83.5,64.7,13.6,1,32
119,59,2,48,0,0,13,0,0,0
119,61,1,2,0,0.1,0,0.8,0,0
119,62,2,14,0,0.3,0,5.6,0,0
119,63,1,3,0,0,0,1,0,0
119,64,4,28,0,1.6,0.4,11.2,0,0
119,69,1,2,0,0.5,0.1,0.4,0,0.4
119,70,2,352,1,162.1,1.3,3.9,0,98.9
119,71,3,371.5,7.2,31.6,14.8,162.2,0,22
119,72,1,498.5,62.4,48.8,19.8,132.4,0,48
119,73,7,55,1.1,8,6.1,11.9,0,0
119,74,4,10,0.7,0,0.3,4,0,0
119,75,1,4,0.3,0,0.1,1.6,0,0
119,79,1,1,0.1,0,0,0.4,0,0
119,80,1,2,0.1,0,0.1,0.8,0,0
119,82,1,4,0,0.8,0.3,1.7,0,0
119,91,3,9,0,0,0.5,3.6,0,0
119,92,2,6,0,0,0.3,2.4,0,0
119,93,2,5,0,0,0.3,2,0,0
119,94,2,9,0,0.1,0,4.7,0,0
119,95,1,4,0,0.1,0,2.1,0,0
119,97,1,4.5,0,0.1,0,2,0,0
119,98,3,9,0,0.1,0,4,0,0
119,99,2,4,0,0.1,0,1.8,0,0
119,100,2,7,0.1,0.5,0.1,2.3,0,0
119,101,6,15,0.2,2.1,0.6,3,0,0
119,104,3,13,0,0.7,1.6,5.1,0,0
119,105,1,1,0,0.1,0.1,0.4,0,0
119,106,1,6,0,0.3,0.8,2.3,0,0
119,107,1,1,0,0.1,0.1,0.4,0,0
119,109,3,11,0.5,0,0.2,4.8,0,0
119,110,2,14,0.5,0.3,0.1,5.2,0,0
119,111,1,4,0.1,0.1,0,1.4,0,0
119,113,4,13,0.4,0.4,0,4.4,0,0
119,114,4,45,6.7,9.3,0.8,2.1,0,0
119,115,2,78,6.3,7.6,15.3,1,0,11
119,117,1,2,0.1,0.2,0.1,0.7,0,0
119,118,2,5,0.1,0.5,0.1,1.9,0,0
119,119,1,2,0.1,0.2,0.1,0.7,0,0
119,122,1,1,0,0,0,0.4,0,0
119,123,2,8,0,0,0.4,3.2,0,0
119,124,1,1,0,0,0,0.4,0,0
119,125,2,6,0,0,0.3,2.4,0,0
119,127,2,10,0.2,0,0,3.8,0,0
23,0,3,19,1,2.5,2.5,1.6,0,0
23,1,2,13,0,2,1.6,1.4,0,0
23,2,3,214.5,2,24.3,71.7,3.3,0,27.3
23,3,4,253,0,4.3,119.2,0.7,0,0.7
23,4,4,20.5,1.1,4.4,0.5,3,0,0
23,5,2,3,0.2,0.6,0.1,0.4,0,0
23,6,2,9,0,1.4,0.8,1.2,0,0
23,8,1,2,0,0.1,0.4,0.2,0,0.1
23,13,3,32.5,0,3.6,2.1,5.7,0,0
23,14,2,7,0.2,0.5,0.5,1.8,0,0
23,15,1,4,0.1,0.3,0.3,1,0,0
23,16,1,11,0.4,0.7,0.7,2.8,0,0
23,17,2,12,0,1.3,0.7,3.3,0,0
23,18,3,8,0,0.8,0.4,2.3,0,0
23,19,2,4,0,0.4,0.2,1.2,0,0
23,23,1,2,0,0.3,0.1,0.5,0,0
23,24,2,6,0.1,0.7,0.4,1.4,0,0
23,25,2,4,0,0.6,0.2,1,0,0
23,28,1,3,0,0.3,0.1,0.6,0,0
23,29,2,15,0,1.3,0.6,3.2,0,0
23,31,1,11,0.2,0.6,0.6,2.8,0,0
23,32,2,5,0.1,0.2,0.3,1.3,0,0
23,36,2,5,0.1,0.3,0.4,1.3,0,0
23,38,1,6,0.1,0.3,0.5,1.6,0,0
23,39,1,7,0.1,0.4,0.6,1.8,0,0
23,42,3,12,0.7,0,0.7,3.4,0,0
23,43,1,4,0.2,0,0.3,1.1,0,0
23,44,1,1,0,0.1,0.1,0.2,0,0
23,45,4,54,1.9,3.7,3.8,12.7,0,0
23,47,4,8,0,0.6,0.4,1.9,0,0
23,48,2,10,0,0.4,0.4,2.6,0,0
23,49,1,7,0,0.3,0.3,1.8,0,0
23,50,1,6,0,0.3,0.3,1.5,0,0
23,53,2,7,0,0.3,0.5,3.1,0,0
23,54,1,1,0,0,0.1,0.3,0,0
23,55,1,1,0,0,0.1,0.3,0,0
23,56,1,5,0,0.2,0.2,1.5,0,0
23,57,2,10,0,0.4,0.4,3,0,0
23,59,1,5,0,0.2,0.2,1.5,0,0
23,60,1,2,0,0.1,0,0.5,0,0
23,61,2,7,0.1,0.3,0.1,1.6,0,0
23,64,2,6,0,0.5,0.1,1.2,0,0
23,65,1,1,0,0.1,0,0.2,0,0
23,66,2,16,0,1.2,0.2,3.2,0,0
23,67,1,1,0,0.1,0.1,0.2,0,0
23,68,2,3,0.1,0.2,0.2,0.6,0,0
23,70,1,4,0.2,0.3,0.3,0.7,0,0
23,72,2,21,0.2,2.5,3.7,1.7,0,0
23,73,4,26.5,1.1,2.6,1.6,4.2,0,0
23,74,1,2,0,0.2,0.2,0.4,0,0
23,75,4,23,0.3,2.7,1.6,4.6,0,0
23,76,1,1,0,0.1,0.1,0.2,0,0
23,77,1,2,0,0.2,0.2,0.4,0,0
23,79,1,20,0.7,0.7,1.3,3.9,0,0
23,80,1,6,0.2,0.2,0.4,1.2,0,0
23,81,2,8,0,0.2,0.7,2,0,0
23,82,5,18,0,0.4,1.5,4.5,0,0
23,83,1,4,0,0.1,0.3,1,0,0
23,84,2,6,0.1,0.2,0.3,1.4,0,0
23,85,1,1,0,0,0.1,0.2,0,0
23,86,1,6,0.1,0.2,0.3,1.4,0,0
23,87,2,2,0,0.4,0,0.8,0,0
23,88,2,3,0,0.5,0.1,1.1,0,0
23,89,2,4,0,0.6,0.2,1.4,0,0
23,91,4,35,0,3.6,2.7,6.5,0,0
23,94,1,4,0,0.2,0.5,0.9,0,0
23,95,1,2,0,0.1,0.2,0.5,0,0
23,96,2,20,0,1.1,2.3,4.4,0,0
23,97,2,3,0,0.2,0.3,0.7,0,0
23,98,2,13,0,0.9,0.3,4.1,0,0
23,99,3,14,0,0.6,1.2,3.6,0,0
23,100,1,21,0,0.9,1.9,5.2,0,0
23,102,3,15,0,1.6,1.7,2.7,0,0
23,106,3,45,0,0.9,0,17.5,0,0
23,107,2,9,0.4,0.6,1.8,0.8,0,0.7
23,108,1,491,0.5,36.6,118.9,37.8,0,64.7
23,109,3,66,0.5,0.5,21.7,3.2,0,19.1
23,110,6,27,0.2,1.3,3.3,6.3,0,1.8
23,112,3,16,0,1.9,0.1,4.5,0,0
23,113,1,4,0,0.5,0,1.1,0,0
23,114,6,72,0.7,13.6,8.8,3.4,0,0
23,115,4,26,0.3,4.9,3.1,1.2,0,0
23,118,1,9,1.1,1.7,0.4,0.7,0,0
23,119,2,49,0,0.7,16.8,2.1,0,0
23,120,1,821,0.6,1.2,319.9,1.2,0,88
23,121,3,711.5,5.3,84.6,188.9,4.5,1,44
23,122,2,494.5,0.4,0.9,171.4,0.4,0,44
23,123,4,24,1.9,4.8,2.1,1.5,0,0
23,125,3,13,0.2,0,1.9,2.4,0,0
23,127,8,28,0.1,4.8,4.3,3.1,0,0
28,0,6,162,2.8,16.7,35.1,7.5,0,0
28,1,4,158,1.7,23.2,43.4,0,0,13
28,2,1,3,0,0.6,0.4,0.5,0,0.2
28,3,1,1,0,0.2,0.1,0.2,0,0.1
28,4,1,4,0,0.7,0.6,0.2,0,0
28,5,1,3,0,0.5,0.5,0.1,0,0
28,11,2,10,0.1,0.8,0.6,2.2,0,0
28,12,2,7,0.1,0.5,0.4,1.6,0,0
28,13,2,7.5,0.1,0.6,0.4,1.6,0,0
28,14,2,10,0,0.7,1.4,1.3,0.1,0
28,17,2,6,0.2,0.3,0.7,1.1,0,0
28,18,2,4,0.1,0.3,0.4,0.7,0,0
28,20,4,18,0.5,1,1.6,3.7,0,0
28,21,1,2,0,0.1,0.1,0.5,0,0
28,23,3,7,0.1,0.4,0.2,1.8,0,0
28,25,2,10,0.2,0.6,0.3,2.5,0,0
28,26,2,7,0.1,0.4,0.2,1.8,0,0
28,27,2,3,0,0.3,0,0.9,0,0
28,29,1,2,0,0.2,0,0.6,0,0
28,33,2,5,0,0.4,0,1.6,0,0
28,35,1,1,0,0.1,0.1,0.2,0,0
28,36,2,10,0.2,0.5,1.1,2,0,0
28,37,5,103,3.8,2.5,14.8,22.9,0,0
28,38,5,46.5,1.1,1.5,8.3,9,0,0
28,39,3,17.5,0,0.5,2,2.8,0,0
28,40,2,4,0.1,0.4,0.2,0.8,0,0
28,45,2,7,0,0,0,2.9,0,0
28,47,1,5,0,0,0,2.1,0,0
28,48,1,1,0,0.2,0.1,0.1,0,0
28,49,4,17,0,3.6,2.2,1.7,0,0
28,53,2,7,0.1,0.2,0.7,2.4,0,0
28,54,2,14,0.2,0.7,0.4,3.9,0,0
28,56,1,5,0,0.5,1.5,0,0,0.4
28,57,6,47,1.4,4.5,10.6,3.7,0,0.4
28,58,3,465,28.9,61.4,81.6,72.2,0,27
28,59,2,342.5,51.7,45.8,22.5,42,0,43
28,60,4,12,0.2,2.3,1.4,1,0,0
28,61,1,2,0,0.2,0.3,0.1,0,0
28,62,1,9,0,0.8,1.6,0.5,0,0
28,65,4,14,0.2,0.4,0.8,3.2,0,0
28,67,2,10,0.1,0.3,0.6,2.3,0,0
28,68,1,1,0,0,0,0.4,0,0
28,69,2,8,0,0.3,0.2,2.9,0,0
28,70,1,8,0.2,0.4,0.2,1.7,0,0
28,71,1,3,0.1,0.1,0.1,0.6,0,0
28,72,1,11,0.3,0.5,0.3,2.3,0,0
28,73,1,3,0.1,0.1,0.1,0.6,0,0
28,74,5,17,0.3,0.5,0.9,3.9,0,0
28,79,1,3,0,0.3,0.2,0.7,0,0
28,80,2,17,0.4,1.1,0.8,4.5,0,0
28,81,3,20,0.6,1.3,1,5.2,0,0
28,83,1,4,0,0.2,0.3,1.2,0,0
28,84,1,5,0,0.4,0,1.9,0,0
28,85,5,46.5,0,4.4,0.4,16.1,0,0
28,88,6,58,0.7,3,4.8,12.6,0,0
28,89,1,1,0,0.1,0.1,0.2,0,0
28,92,3,11,0.6,0,0.4,3.5,0,0
28,93,1,8,0.5,0,0.2,2.6,0,0
28,94,2,8,0,0.8,0.5,1.6,0,0
28,95,2,32,0.7,2.8,1,8,0,0
28,96,6,27,0.5,2.3,1,6.6,0,0
28,97,4,18.5,0.4,1.3,0.9,4.4,0,0
28,99,1,4,0.1,0.1,0.3,0.9,0,0
28,101,2,11,0,1.2,0.5,2.7,0,0
28,102,1,9,0.2,0.2,0.7,2,0,0
28,103,1,28,1.1,1.1,3.4,8,0,0
28,104,2,9,0.2,0.5,1.6,0.6,0,0
28,108,2,5,0.3,0.1,0.3,1.7,0,0
28,109,0,31.5,0,0,11,0,0,0
28,110,7,47,2.3,2.6,4.4,10.5,0,0
28,111,3,18,0.8,1,1.3,4.4,0,0
28,112,3,10,0.4,0.4,0.6,2.5,0,0
28,113,4,32,0,0.8,1,8.5,0,0
28,114,1,4,0.5,0.5,0.1,0.3,0,0
28,115,3,30,3.3,6.7,0.9,1.7,0.2,0
28,116,1,11,1,3.7,0.3,0.5,0,0
28,117,0,285,1,105,2,3,0,0
28,118,3,855.5,0.8,390.1,26.9,1.7,0,279
28,119,0,1189,0,562,38,0,0,441
28,120,2,1353.5,138.2,503.2,32.1,16,0,442.1
28,121,1,1048,49.6,399,30.1,0.1,0,442.3
28,122,3,266,110.7,5.6,3.1,1.3,0,0.2
28,123,3,67,3.7,22.9,0,2.8,0,0
28,125,1,130.5,1,43.2,2.5,1.1,0,18
28,126,1,821,0,279.4,46.3,3.1,0,49
28,127,2,374,0,8.4,125.5,3,0,20
49,0,1,10,0,0.5,0.2,2.5,0,0
49,3,1,4,0,0,0.2,1.2,0,0
49,4,2,16,0,0.5,0.8,4.3,0,0
49,5,1,1,0,0,0,0.3,0,0
49,7,1,1,0,0.1,0,0.3,0,0
49,8,2,6,0.1,0.6,0.2,1.7,0,0
49,9,2,19,0.4,1.9,0.5,5.4,0,0
49,13,1,19.5,0,4.5,0.6,2.2,0,0
49,14,4,191.5,2.7,6.1,10,64.5,0,0
49,15,2,6,0.2,0.8,0.3,1.2,0,0
49,23,1,7,0.1,0.1,0,2.3,0,0
49,27,2,9,0,0.5,1.2,1.9,0,0.5
49,28,1,3,0,0.2,0.4,0.6,0,0.2
49,29,3,17,0,0.8,2.3,3,0,0
49,30,4,59,1,4.1,8.4,10.4,0,0
49,33,4,22,0.3,1.4,0.8,5.8,0,0.5
49,36,1,7,0.2,0.6,0.3,1.7,0,0
49,37,3,14,0.2,1.2,0.7,3.6,0,0
49,40,2,5,0.1,0.2,0.2,1.8,0,0
49,42,1,6,0.2,0.2,0.7,0.8,0,0
49,43,3,13,0.3,0.6,1.6,1.7,0,0
49,44,5,21,0,0.5,0.9,6.3,0,0
49,45,1,4,0,0.1,0.2,1.2,0,0
49,50,1,1,0,0,0.1,0.2,0,0
49,51,3,32,0.5,1,3.3,5.8,0,0
49,52,1,1,0,0,0.1,0.2,0,0
49,53,1,4,0.1,0.1,0.4,0.7,0,0
49,54,1,9,0,0.7,0,3.5,0,0
49,57,1,8.5,0.1,0.7,0.6,1.6,0,0
49,58,3,14,0.3,1.1,0.9,2.5,0,0
49,60,1,5,0.1,0.3,0.5,1.1,0,0
49,61,1,14.5,0.3,1,1.3,3.3,0,0
49,63,3,12,0,0.7,0.7,3.6,0,0
49,64,1,1,0,0.1,0.1,0.1,0,0
49,65,2,158,2.3,19.7,24.7,22.3,0.1,18
49,66,3,119,0,3.6,25.5,8.5,0.6,6
49,67,1,2,0,0.1,0.2,0.4,0,0
49,68,1,1,0,0,0.1,0.3,0,0
49,69,1,3,0,0.2,0.2,0.9,0,0
49,72,2,11.5,0.1,0.5,1,2.2,0,0
49,73,3,43,2.2,0.5,4.9,9.1,0,0
49,74,7,76,4,2.7,9.6,17.5,0,0
49,75,4,33,1.8,1.1,4.1,7.6,0,0
49,79,1,2,0,0.1,0.2,0.5,0,0
49,80,3,10,0,0.2,1.7,1.6,0,0
49,81,7,105,0,0.7,19,15,0,0
49,82,3,14,0,0.1,2.1,2.6,0,0
49,83,2,30,0.5,0.6,2.5,7.6,0,0
49,84,3,8,0.1,0.4,1.5,0.9,0,0
49,87,1,8,0.2,0.5,1.2,1.3,0,0
49,88,2,12,0.2,0.2,1,2.4,0,0
49,89,1,1,0,0,0.1,0.2,0,0
49,90,4,58,0.8,1,4.7,11.8,0,0
49,93,1,3,0,0.1,0.2,0.7,0,0
49,94,2,9,0,0,1.9,1.3,0,0
49,95,3,34,0,0,7.2,5,0,0
49,96,2,5,0,0.3,0.4,1.2,0,0
49,97,3,11,0,0.6,0.9,2.7,0,0
49,98,2,24,0,3.2,2.6,2.5,0,0
49,99,7,134,0,15.9,10.4,20.2,0,0
49,100,4,21,0,1.3,1.6,4.3,0,0
49,102,2,11,0.1,1.7,1,1.6,0,0
49,103,5,161.5,1.6,15.9,11.4,34.3,0,0
49,107,3,14,0.2,1.2,1,3.5,0,0
49,108,6,15,0.6,3,0.9,1.5,0,0
49,111,2,42.5,0,0,9.3,5.6,0,0
49,112,1,258,10.2,26.3,46.2,7.2,0,0
49,113,3,15,1,2.2,1.6,1.6,0,0
49,114,5,19,0.3,1.6,0.4,6.8,0,0
49,115,4,86.5,1.1,6.6,12.6,15.7,0,0
49,116,5,25,1.4,1.8,2.5,3.6,0,0
49,117,3,6,0.1,0.5,0.2,1.4,0,0
49,118,2,7,0,0.7,0,1.8,0,0
49,119,5,24,0.8,1.9,1,4.8,0,0
49,120,4,20,0.6,1.6,1.3,3.7,0,0
49,121,1,545,4,85.3,96.7,8.5,1,6
49,122,6,373,13.5,60.2,32.1,42.6,0,11
49,123,6,23,0.1,2.9,2.3,3.5,0,0
49,124,3,27,0.4,5.3,1.3,5.2,0,0
49,125,3,33,1,5.7,2.5,5.4,0.1,0
49,126,1,921,8.5,247.6,89.6,71.3,0.2,124
49,127,1,614.5,1.1,58.4,168.4,4.3,0,58
13,0,1,1,0,0.2,0.1,0.2,0,0
13,1,2,3,0,0.3,0.3,0.7,0,0
13,2,2,5,0,0.5,0.5,1.2,0,0
13,3,1,2,0,0.2,0.2,0.5,0,0
13,4,1,9,0,1.9,0.5,1.9,0,0
13,5,1,5,0,1.1,0.2,1.1,0,0
13,6,1,2,0,0.5,0.1,0.4,0,0
13,7,2,6,0,0.6,0.8,0.8,0,0
13,8,4,89.5,4.3,8.2,9.6,12.4,0,0
13,10,3,6,0,0.6,0.8,0.9,0,0
13,12,1,2,0,0.2,0.2,0.6,0,0
13,13,3,8,0,0.7,0.8,2.4,0,0
13,14,1,1.5,0.1,0.1,0.2,0.4,0,0
13,16,1,5,0.4,0.5,0.5,1.3,0,0
13,17,1,1,0.1,0.1,0.1,0.2,0,0
13,18,1,2,0,0.1,0.3,0.5,0,0
13,20,4,9,0.1,0.3,1.4,2.4,0,0
13,21,1,7,0,0.4,1.2,0.5,0.1,0.4
13,22,4,144.5,0,2.7,39,4.2,0.6,6.1
13,24,1,1,0,0,0.1,0.3,0,0
13,25,2,6,0,0.2,0.5,1.9,0,0
13,26,1,6,0,0.3,0.4,1.9,0,0
13,27,4,12,0,1.1,0.3,3.7,0,0
13,28,1,5,0,0.4,0.1,1.6,0,0
13,29,2,9,0,0.8,0.2,2.8,0,0
13,31,3,9,0.4,0.3,0,2.8,0,0
13,33,2,29,1.3,0.7,0,9.2,0,0
13,34,2,9,0,1,0.4,1.3,0,0
13,35,3,18,0,2,0.8,2.6,0,0
13,36,1,6,0,0.7,0.2,0.9,0,0
13,37,2,4,0,0.4,0.1,0.9,0,0
13,38,2,3,0,0.3,0,1.2,0,0
13,40,2,7,0,0.9,0,2.8,0,0
13,41,1,3,0.2,0.2,0,0.8,0,0
13,42,1,12,0.7,0.7,0.2,3.1,0,0
13,45,4,21,0.5,2.5,2.4,3.2,0,0
13,46,3,455.5,18.2,36.9,72.1,73,0,28
13,47,3,49,0.2,0.5,14.9,1.8,0,1
13,49,3,14.5,0,1,1.1,4.8,0,0
13,50,1,5,0,0.3,0.4,1.7,0,0
13,52,2,8,0,0,0.3,2.8,0,0
13,53,3,13,0,0,0.5,4.4,0,0
13,54,3,34,0,1.9,1.2,8.2,0,0
13,55,2,4,0,0.2,0.2,1,0,0
13,56,4,57,2.8,2.5,8,6.9,0,0
13,57,0,473,10,25,53,133,0,14
13,58,3,213,0.8,15.8,65.2,4.4,0,12
13,62,2,4,0,0.4,0.2,0.8,0,0
13,63,1,2,0,0.2,0.1,0.4,0,0
13,64,1,4,0,0.5,0.1,0.9,0,0
13,66,1,2,0,0.2,0.1,0.4,0,0
13,67,2,7,0.1,0.2,0.2,1.6,0,0
13,68,2,10,0.2,0,0.3,2.4,0,0
13,70,2,9,0.2,0,0.2,2.2,0,0
13,72,3,14,0,1.1,1.4,3.3,0,0
13,73,1,7,0,0.6,0.7,1.6,0,0
13,74,3,16,0,1.6,1.4,1.6,0,0
13,75,1,10,0,1.1,0.8,1,0,0
13,77,1,2.5,0,0.2,0.3,0.6,0,0
13,78,1,2,0,0.2,0.2,0.5,0,0
13,80,1,2,0,0.2,0.2,0.5,0,0
13,81,1,6,0,0.5,0.3,1.8,0,0
13,82,3,13,0,1,0.7,3.9,0,0
13,83,2,2,0,0.2,0,0.6,0,0
13,84,6,63,0,8.7,2,8.7,0,0
13,85,1,2,0.1,0.2,0.1,0.6,0,0
13,87,1,3,0.1,0.2,0.4,0.8,0,0
13,89,1,2,0.1,0.1,0.3,0.5,0,0
13,91,1,2,0,0.1,0.1,0.6,0,0
13,92,1,1,0,0,0.1,0.3,0,0
13,94,3,6,0.2,0.4,0.2,1.8,0,0
13,95,3,13,0.4,0.7,0.4,4.1,0,0
13,97,4,33,1.6,2.6,0.7,10.9,0,0
13,98,3,49,1.7,2.1,2.3,14.6,0,0
13,100,3,23.5,0,0,0,9.3,0,0
13,101,1,33,1,0,1,14,0,0
13,102,1,1,0.1,0.1,0.1,0.1,0,0
13,103,2,521.5,27.2,87.9,53.5,33.2,0,7
13,104,3,128,2.6,24.8,12,8,0,0
13,105,1,4,0,0.7,0.5,0.3,0,0
13,106,2,9,0.1,1.2,0.8,1.5,0,0
13,107,5,19.5,0.4,1.5,2.1,4,0,0
13,109,3,13,0.3,0.6,1.5,3,0,0
13,113,5,95,1.4,19.1,14.1,4.9,0,3
13,114,5,222.5,2,16,63.2,5.1,0,23
13,115,2,13,0.5,1.6,0.6,2.6,0,0
13,116,2,21,0,2.3,2.9,2.3,0,0
13,117,1,2,0.1,0.2,0.2,0.3,0,0
13,118,1,5,0.2,0.4,0.5,0.9,0,0
13,119,2,104.5,0.8,1.9,33.3,4.2,0,3
13,120,3,316,1.6,14.9,87.3,7.7,1,0
13,121,4,18,0,4.5,0.9,1.8,0,0
13,122,3,6,0,0.4,0,1.8,0,0
13,123,5,27.5,0,1.5,0,8.6,0,0
13,125,2,7,0,0.7,0.2,1.4,0,0
13,126,1,3,0,0.3,0.1,0.6,0,0
14,0,3,18,0,3,1.6,3.3,0,0
14,1,1,5,0,1.2,0.2,1,0,0
14,2,1,6,0,1.4,0.3,1.2,0,0
14,3,1,13,0,2.9,0.6,2.7,0,0
14,4,1,3,0,0.4,0.2,0.7,0,0
14,6,2,4,0,0.6,0.2,1,0,0
14,7,2,4,0.1,0.4,0,0.8,0,0
14,11,1,8,0.4,0.5,0,2.2,0,0
14,12,2,6,0.2,0.4,0,1.7,0,0
14,13,2,5,0.2,0.4,0,1.4,0,0
14,15,1,2,0,0.2,0.1,0.6,0,0
14,19,1,4,0,0.1,0.5,0.9,0,0
14,20,1,1,0,0,0.2,0.2,0,0
14,21,2,13,0,1.3,2.3,2.2,0,0
14,22,4,200.5,1.5,13.4,56.5,3.6,0,16.1
14,23,1,9,0.1,1.7,1.2,0.4,0,0.5
14,24,3,109,0.2,2.1,41.2,2.1,0,0
14,25,5,128,0.3,5.9,32.2,3,0,0
14,26,6,32,0.2,6.4,3.9,1.7,0,0
14,27,3,9,0,1.6,1,0.8,0,0
14,28,1,3,0,0.2,0.1,0.7,0,0
14,29,1,3,0,0.2,0.1,0.7,0,0
14,34,1,2,0.1,0.1,0.1,0.5,0,0
14,35,2,4,0.2,0.2,0.2,1,0,0
14,36,1,2,0.1,0.1,0.1,0.5,0,0
14,37,3,9,0.4,0.5,0.2,2.6,0,0
14,39,3,10,0.2,1,2,0.2,0,0
14,41,2,8,0.2,0.8,0.3,1.6,0,0
14,43,1,9,0.2,0.8,0.3,1.9,0,0
14,45,1,10,0.3,0.9,0.9,1.4,0,0
14,46,1,139,1,0.2,38.2,0.3,0,4
14,47,2,47,0.6,0.9,12.3,2.3,0,1
14,48,1,1,0.1,0.1,0.1,0.3,0,0
14,50,3,9,0.1,0.5,0.1,3.1,0,0
14,51,1,1,0,0.1,0,0.3,0,0
14,53,2,10,0,0.4,0.2,3.4,0,0
14,55,1,2,0,0.2,0.1,0.6,0,0
14,56,3,10,0,0.8,0.4,3.2,0,0
14,57,3,133,9,23.3,17.4,6.5,0,0
14,58,3,30,0,1.5,5.5,1.8,0,0
14,59,2,9,0.6,0.2,0.2,2.7,0,0
14,60,2,10,0.7,0.2,0.2,3,0,0
14,61,2,9,0,0.6,1.8,0.5,0,0
14,62,5,55,1.2,9.4,14.2,2.6,0,4
14,63,4,16,0.7,0.7,4.7,1.2,0,0
14,65,1,2,0,0.2,0,0.7,0,0
14,66,2,5,0,0.5,0,1.8,0,0
14,70,1,4,0,0.3,0.1,0.8,0,0
14,72,1,4,0,0.3,0.1,0.8,0,0
14,74,1,3,0,0.5,0.2,0.4,0,0
14,76,1,3,0,0.5,0.2,0.4,0,0
14,77,1,12,0,1.8,0.7,1.8,0,0
14,80,1,5,0,0.5,0.3,1.2,0,0
14,81,1,2,0,0.4,0.2,0.1,0,0.3
14,82,1,5,0,0.9,0.6,0.3,0,0.7
14,83,2,14,0,2.6,1.7,0.8,0,1.9
14,84,5,41.5,1.5,0,1.9,13.3,0,0
14,85,3,11,0.2,0.1,0.6,3.5,0,0
14,86,1,4,0.1,0.1,0.2,1.2,0,0
14,87,1,13.5,0.3,0.3,0.5,4.2,0,0
14,88,4,24,0.5,0,2,6.2,0,0
14,90,2,12,0.2,0,1,3.1,0,0
14,91,1,2,0.1,0.2,0.2,0.3,0,0
14,93,3,12,0.3,1.1,1.2,2,0,0
14,94,2,15,1,0,0.5,5.2,0,0
14,95,1,4,0.1,0.2,0.3,1,0,0
14,96,4,60,0.7,3.6,2.3,16.8,0,0
14,97,2,5,0,0.3,0.4,1.3,0,0
14,98,2,9,0,0.7,0.7,2.2,0,0
14,100,1,3,0.1,0.2,0.1,0.6,0,0
14,101,2,41.5,1.8,2.2,1.4,9,0,0
14,103,2,319.5,11.8,14,29.2,84.8,0,8
14,104,7,87.5,1.9,21.7,10.8,7.2,0,2.1
14,105,3,21,0.3,3.2,3.2,2.9,0,0.8
14,107,5,36,0.6,1.5,2.2,8.2,0,0
14,108,1,4,0,0.2,0.2,0.8,0,0
14,109,1,4,0,0.2,0.2,0.8,0,0
14,110,1,4,0,0.2,0.2,0.8,0,0
14,112,2,5,0,1.7,0.4,0.3,0,0
14,113,3,97.5,0,3,30.7,0.7,0,5
14,114,1,558.5,3.3,54.4,127.7,28.4,2,28.3
14,115,4,216,1.6,71.7,10.3,4.4,0,4.5
14,116,4,28,0,3.8,4,2.3,0,0
14,117,4,16,0,2.3,0.9,3,0,0
14,118,1,6,0,0.9,0.2,1.2,0,0
14,119,3,505,1,3.1,153.3,24.2,0,33.6
14,120,4,534.5,2.1,86.8,98.9,6.7,0,1
14,121,3,95.5,0.3,10,16.2,4.5,0,0.3
14,122,5,17,0.4,3.9,1.3,0.5,0,0.1
14,124,1,2,0,0.2,0.2,0.4,0,0
14,125,1,2,0,0.2,0.2,0.4,0,0
14,126,1,1,0,0.1,0.1,0.2,0,0
14,127,2,4,0,0.4,0.2,0.8,0,0
22,1,4,19,0,3.2,2.1,2,0,0
22,2,1,2,0,0.3,0.3,0.2,0,0
22,3,2,7,0,1.4,1.3,0.1,0,0
22,4,3,18,0.9,3.8,0.5,2.7,0,0
22,5,1,6,0.3,0.7,0.7,2,0,0
22,6,4,19,0,2.9,1.7,2.5,0,0
22,7,2,9,0,1.1,1.5,0.7,0,0
22,8,2,7,0,0.4,1.4,0.8,0,0.3
22,9,1,2,0,0.1,0.4,0.2,0,0.1
22,11,1,4,0,0.4,0.3,0.7,0,0
22,12,2,4,0,0.4,0.2,0.8,0,0
22,16,2,7,0.2,0.5,0.5,1.7,0,0
22,20,4,11,0.1,1.2,0.6,3,0,0
22,21,2,4,0,0.6,0.2,1,0,0
22,23,1,2,0,0.3,0.1,0.5,0,0
22,25,1,4,0.1,0.5,0.2,1,0,0
22,27,1,2,0,0.2,0.1,0.4,0,0
22,29,1,2,0,0.2,0.1,0.4,0,0
22,34,2,2,0,0,0.2,0.6,0,0
22,36,1,4,0.1,0.2,0.3,1.1,0,0
22,43,2,5,0.3,0,0.3,1.4,0,0
22,45,1,6,0,0.7,0.4,1.3,0,0
22,46,3,9,0,1.1,0.5,2,0,0
22,50,3,4,0,0.1,0.2,1.7,0,0
22,52,1,1,0,0,0.1,0.5,0,0
22,54,1,3,0,0.1,0.1,0.9,0,0
22,55,1,2,0,0,0.1,0.6,0,0
22,56,1,3,0,0.1,0.1,0.9,0,0
22,57,2,12,0,0.4,0.4,3.6,0,0
22,58,2,5,0,0.1,0.2,1.5,0,0
22,60,3,11,0.1,0.4,0.2,2.8,0,0
22,61,3,18,0.3,0.7,0.3,4.1,0,0
22,64,1,15,0,1.1,0.2,3,0,0
22,65,2,12,0,0.9,0.2,2.4,0,0
22,66,2,7,0,0.6,0,1.4,0,0
22,67,2,6,0.2,0.5,0.3,1.1,0,0
22,68,1,5,0.2,0.3,0.4,0.9,0,0
22,69,1,4,0.2,0.3,0.3,0.7,0,0
22,70,2,5,0.2,0.4,0.5,0.8,0,0
22,71,4,33,0.2,4.1,6.5,2.4,0,0
22,72,1,457,13.4,42,56.6,93.6,0,24
22,73,4,110.5,1.7,19.8,24.6,1.8,0,12.6
22,74,2,6.5,0.1,0.7,0.5,1.3,0,0
22,75,1,3,0,0.4,0.2,0.6,0,0
22,76,1,7,0.1,0.8,0.5,1.4,0,0
22,77,1,5,0.1,0.6,0.3,1,0,0
22,79,2,12,0.4,0.4,0.8,2.4,0,0
22,82,1,2,0,0,0.2,0.5,0,0
22,84,1,5,0.1,0.1,0.3,1.2,0,0
22,85,4,29,0.4,0.7,1.7,6.8,0,0
22,86,4,68,1,0.4,4.4,15.6,0,0
22,87,1,4,0.1,0,0.2,0.9,0,0
22,89,1,4,0,0.6,0.2,1.4,0,0
22,90,5,19.5,0.7,1.7,1,5.7,0,0
22,91,4,37,0,3.9,2.8,6.9,0,0
22,93,3,44.5,1,3,3.2,10.6,1,0
22,96,3,18,0.3,0.7,2.2,3.7,0,0
22,98,1,3,0,0.2,0.1,0.9,0,0
22,99,2,4,0,0.2,0.3,1.1,0,0
22,100,4,18.5,0,1.4,1.9,3.8,0,0
22,102,3,30.5,0,0.8,0.3,11.3,0,0
22,103,1,4,0,0.1,0,1.5,0,0
22,106,1,4,0,0.3,0.3,0.8,0,0
22,107,5,72,0.9,3,5.3,19.7,0,0.9
22,108,6,108.5,3.6,6.9,19.5,13,0,4.6
22,109,2,8.5,0.2,0.2,1.5,1,0,1
22,110,1,4,0,0.3,0.2,1.5,0,0
22,111,3,10,0,1.1,0.2,3.3,0,0
22,112,2,5,0,0.6,0,1.4,0,0
22,113,3,63,0,10.1,9.8,3,0,0
22,114,1,3,0,0.6,0.4,0.1,0,0
22,116,3,7,0.1,0.9,0.9,0.6,0,0
22,119,2,5,0,0.2,1.2,0.5,0,0
22,120,2,6,0,0.2,1.5,0.5,0,0
22,121,2,3,0.1,0.2,0.5,0.3,0,0
22,122,3,13,0.8,1.4,0.4,2.7,0,0
22,123,5,32.5,2.6,6.3,2.5,2.5,0,0
22,124,1,4.5,0.1,0,0.7,0.8,0,0
22,125,4,16,0.4,0,2.4,2.8,0,0
22,126,2,12,0.2,0,1.7,2.2,0,0
22,127,1,8,0,1.5,1.3,0.8,0,0
31,0,1,2,0.1,0.4,0.1,0.2,0,0
31,1,2,11,0.9,2.2,1,0.5,0,0.2
31,2,1,3,0.3,0.6,0.3,0.1,0,0.1
31,3,5,205.5,16.9,59.9,13.5,6.9,0,10.4
31,4,2,423,4,55.7,85.3,28.8,0,27
31,5,3,53.5,0,9.6,8.3,2.2,0,0
31,7,2,10,0,1.5,0.8,1.8,0,0
31,9,2,7,0,1.1,0.5,1.4,0,0
31,11,2,97.5,2.2,24.2,14.3,7.5,0,4
31,12,2,44,0.1,0.6,12.4,0.7,0,0
31,13,2,6,0.2,0.4,0.2,1.8,0,0
31,15,1,3,0.1,0.5,0.2,0.6,0,0
31,16,3,5,0,0.8,0.5,1,0,0
31,17,2,5,0,0.4,0.3,1.1,0,0
31,18,4,43,0,0.9,1.8,10.4,0,0
31,20,2,4,0.1,0.3,0.4,0.9,0.1,0.2
31,21,1,41,0.2,1.7,5,9,0,3.4
31,22,2,15,0,2.1,0.4,4.8,0,0
31,23,1,2,0,0.3,0.1,0.6,0,0
31,24,1,5,0,0.7,0.4,1.1,0,0
31,25,2,4,0,0.6,0.4,0.8,0,0
31,26,3,72,1,10,6.4,24.1,0,0
31,27,2,176.5,0,25.6,35.5,11.1,0,9
31,33,2,8,0,0.6,0,2.6,0,0
31,34,1,4,0.1,0.3,0.1,1,0,0
31,35,2,13,0.4,0.8,0.4,3.2,0,0
31,36,1,4,0.1,0.3,0.1,1,0,0
31,37,1,2,0.1,0.2,0.1,0.4,0,0
31,39,3,9,0.4,1,0.5,1.7,0,0
31,41,1,5,0.1,0.7,0,1.3,0,0
31,45,2,8,0,0.5,0.3,2.7,0,0
31,50,1,8,0.3,0.3,0.3,2.7,0,0
31,53,3,8,0.2,1.6,0.6,1.3,0,0
31,54,1,4,0.2,0.4,0.1,0.9,0,0
31,57,3,15,0.6,1.5,0.4,3.3,0,0
31,59,2,9,0.4,0.9,0.2,2,0,0
31,60,1,7,0.3,0.7,0.2,1.5,0,0
31,61,2,5,0,1,0.5,0.5,0,0
31,62,2,58,1,5,6.6,9.4,0,0
31,63,3,16,0,3.2,1.8,1.4,0,0
31,64,2,6,0.2,1,0,0.8,0,0
31,65,2,26,0.3,5.4,3.2,2,0,1.3
31,66,3,13,0,3.1,3.1,0.3,0,1.3
31,68,4,13,0,1.2,0.7,4.5,0,0
31,69,1,2,0,0.2,0.1,0.7,0,0
31,70,1,3,0,0.2,0.2,1,0,0
31,71,3,16,1.1,0.8,0.6,2.9,0,0
31,72,3,10,0.7,0.5,0.3,1.8,0,0
31,75,2,21,1,0,3,4.5,0,0
31,76,4,18,0.9,0,2.5,3.8,0,0
31,77,4,55.5,0.5,3.7,4.9,12.6,0,0
31,78,4,45,1.5,2.5,1.9,14,0,0
31,80,1,5,0.1,0.3,0.7,0.8,0.1,0
31,81,1,2,0,0.1,0.3,0.3,0.1,0
31,82,3,12,0.2,0.6,1.7,1.9,0.4,0
31,84,4,23,0,1.3,0.8,5.8,0,0
31,85,2,3,0.1,0.2,0.2,0.6,0,0
31,86,6,78.5,1.5,2.7,13.2,18.8,0,0
31,87,2,251.5,4.6,4.9,44.5,32.2,0,0
31,88,1,2,0.1,0.2,0.3,0.2,0,0
31,89,2,5,0,0.1,0,1.9,0,0
31,93,2,4,0.3,0,0.1,1.2,0,0
31,94,4,34.5,0.8,2.6,1.8,7.6,0,0
31,95,1,4,0.1,0.3,0.2,0.9,0,0
31,96,3,7,0.3,0.7,0.4,1.5,0,0
31,97,2,126,0.3,13.6,32.1,5.4,0,0
31,98,2,252,1,30.3,21.1,61.1,0,10
31,99,3,27,0,4.4,0.9,4.7,0,0
31,100,4,23,0.6,2.9,0.9,4.1,0,0
31,101,1,1,0.1,0,0.1,0.2,0,0
31,102,3,30,0.2,3,3.8,3.7,0,0
31,103,2,40,0.1,2,2.2,14.2,0,0
31,104,1,97,0,0.8,29.7,0,0,4.9
31,105,1,192.5,1,0,73.6,18,0,24.3
31,106,5,33,4.7,0,1.3,9.5,0.8,0
31,107,3,5,0.7,0,0.1,1.6,0,0
31,108,3,20,2.4,0,0.3,6.6,0,0
31,109,1,13.5,0,0,0,6.6,0,0
31,110,1,595.5,40.4,42.2,151.8,30,0,93.3
31,111,6,59,1.2,11.4,8.2,2.7,0,0.7
31,112,3,31,2.3,3.8,2.3,3.9,0,0.4
31,113,7,174,7.8,51.1,4,11.1,0,1
31,114,1,1339,145,413,36,2.7,0,314
31,115,1,2966.5,873.2,141.7,138.2,8,0,922
31,116,4,329,51.6,9.8,8.7,67.3,0,2
31,117,2,10,0.7,2.2,2,0.2,0,0
31,119,2,541,34,62,125.1,96.9,0,78
31,120,2,707,139.7,157.1,43.6,49,0,255.4
31,121,0,1863,38,484,364,41,0,321
31,122,1,1297.5,32.3,224,210.4,74,0,33.5
31,123,0,1231,74,25,555,23,0,210
31,124,0,713.5,25,4,346,10,0,189
31,125,1,417,0.7,26.9,174.5,2.6,0,127
31,126,1,332.5,0.1,69.4,70.3,17.5,0,23
31,127,1,360.5,0.7,29.4,82.4,3,0,0
42,0,1,1,0,0.4,0.1,0,0,0
42,5,3,9,0,1.8,0.5,1.4,0,0
42,7,2,14,0.3,2,0.6,2.7,0,0
42,9,1,5,0.2,0.5,0.2,1.1,0,0
42,10,1,8,0,0.2,0.3,2.1,0,0
42,11,2,7.5,0,0.2,0.2,2,0,0
42,13,1,4,0,0.1,0.1,1.1,0,0
42,14,1,5,0,0.1,0.1,2.1,0,0
42,15,2,3,0,0.2,0.3,0.9,0,0
42,16,3,50,0.2,3.1,2.3,17.3,0,0
42,17,3,12,0.1,1.1,0.8,3.5,0,0
42,20,1,5,0,0.1,0.5,1.2,0,0
42,21,1,5.5,0.1,0.6,0.9,0.5,0,0.1
42,26,1,3,0,0.1,0,1,0,0
42,27,1,2,0.1,0.1,0,0.7,0,0
42,30,3,7,0.2,0.3,0,2.6,0,0
42,32,1,3,0.1,0.1,0,1.1,0,0
42,33,1,4,0.1,0.2,0,1.5,0,0
42,34,1,3,0,0.3,0,1.1,0,0
42,35,1,10,0,0.9,0,3.8,0,0
42,38,1,2,0,0.1,0.1,0.5,0,0
42,40,1,2,0,0.1,0.1,0.5,0,0
42,44,1,2,0.1,0.4,0.1,0.4,0,0
42,46,1,4,0.2,0.7,0.2,0.9,0,0
42,50,1,3,0.4,0.2,0.1,0.9,0,0
42,54,4,26,0,2,1.4,8.9,0,0
42,55,1,2,0,0.1,0.1,0.7,0,0
42,58,2,11,0.4,0.7,0.9,3,0,0
42,59,1,4,0.1,0.3,0.3,1.1,0,0
42,60,2,3,0.1,0.2,0.3,0.8,0,0
42,62,2,8,0,0.7,0.5,2.3,0,0
42,63,5,61,1.7,3.2,2.7,16.9,0,0
42,64,2,66,0.7,9.8,12.1,5,0,11
42,65,1,9,0.8,0.4,0.4,1.8,0,0.1
42,66,7,85,7.3,3.3,4.5,17.1,0,1
42,67,4,293,11.4,20.3,18.9,77.8,0,1.9
42,68,6,98,1.7,11.8,17.3,15.1,0,14.4
42,71,1,6,0,1,0.5,0.7,0,0
42,72,4,199.5,6.2,8.1,44.9,9.9,0,0.6
42,73,3,365.5,3.6,95.7,48.5,17.6,0,59.3
42,77,2,77,1.2,1.4,2,21.2,0,0
42,78,1,50,1,0,5.3,15.6,0,0
42,80,2,31,0.4,1.7,3.9,3.1,0,0
42,82,3,13,0,0.6,1.3,3.3,0,0
42,84,2,17,0.2,0.5,2.6,3.4,0,0
42,85,1,45,1,0,10.4,2.3,0,0
42,86,5,343,1.9,12.5,80,28.9,0,10
42,87,1,4,0.1,0,0.8,0.6,0,0
42,88,1,49,0,1.6,15.5,0.6,0,0
42,89,2,3,0,0.6,0.2,1,0,0
42,96,2,4.5,0,0.3,0.1,1.2,0,0
42,97,2,6,0,0.7,0.3,1.3,0,0
42,98,1,82.5,2,1.4,16.1,18.6,0,0
42,99,3,84.5,0.6,7.4,6,23.8,0,0
42,100,3,51,0.3,9.8,5.5,3.6,0,0
42,101,3,79,0.3,5.7,14,11,0,0
42,103,2,6,0.2,0.6,0.7,1,0,0
42,104,5,88.5,1.2,15.7,17.1,2.2,0,0
42,105,5,105,2.4,12.3,12.2,11.8,0,0
42,106,2,9,0.3,0.7,0.4,2,0,0
42,108,1,3,0,0.2,0.2,0.6,0,0
42,110,1,10,0,0.5,0.6,2.2,0,0
42,112,3,228,1,3,35.9,51.1,0,13
42,113,2,3,0.2,0,0.6,0.3,0,0
42,114,1,94.5,0.6,0.2,56.6,1,0,51.4
42,115,1,665.5,2.9,0.3,239.7,7.5,0,35.6
42,116,2,716.5,1,110.2,199.1,1.1,0,85.6
42,117,3,184.5,24.2,49.8,2,2.1,0,0.1
42,118,5,106.5,20.4,15.6,1.6,5.2,0,0
42,119,6,52,2.8,7.3,6,4,0.4,0
42,120,4,85,0.7,4.8,22.5,1.7,0,0
42,121,5,42,1.4,3.6,2.4,7,0,0
42,122,1,1,0,0,0,0.4,0,0
42,123,5,20,0.1,1.1,1.2,5.2,0,0
42,124,2,11,1.4,1,0,2.3,0,0
42,125,2,18,1.9,1.7,1.4,3.5,0,0
42,126,2,17,1.9,1.5,1.2,3.4,0,0
42,127,2,7,0.4,1.1,0.4,0.5,0,0
29,0,3,5,0,0.9,0.9,0.6,0,0.4
29,2,3,43,0,3.1,9.9,3,0,0
29,3,1,2,0,0.1,0.5,0.1,0,0
29,4,2,4,0,0.2,1.2,0.4,0,0
29,8,4,54,0,3.4,8.6,5.8,0,0
29,9,1,1.5,0,0.1,0.2,0.2,0,0
29,10,1,8,0.1,0.7,0.4,1.7,0,0
29,12,1,6,0.1,0.5,0.3,1.3,0,0
29,13,1,2,0,0.2,0.1,0.4,0,0
29,15,2,17,0,1.2,2.4,2.3,0.1,0
29,16,1,34.5,0,13.1,7.2,0.1,0,8
29,17,5,192,8,18.7,15.7,39.9,0.2,0
29,18,1,4,0,0.3,1.3,0.1,0,0
29,20,3,14,0.1,0.5,3.4,1.4,0,1
29,21,1,4,0,0.1,1.1,0.3,0,0.3
29,22,2,6,0.1,0.3,0.4,1.4,0,0.1
29,23,1,1.5,0,0.1,0,0.4,0,0
29,26,1,2,0,0.1,0.1,0.5,0,0
29,28,2,8,0,0.6,0,2.6,0,0
29,31,1,2,0,0.2,0,0.6,0,0
29,33,1,4,0,0.3,0,1.3,0,0
29,35,1,2,0.1,0.1,0.2,0.4,0,0
29,37,5,50,0,3.1,8.2,9.6,0,0
29,38,1,5,0,0.3,0.8,1,0,0
29,39,1,2,0,0.1,0.2,0.3,0,0
29,40,1,5,0,0.1,0.6,0.8,0,0
29,41,1,1,0,0.1,0,0.3,0,0
29,43,3,8,0.2,1.1,0,2.1,0,0
29,44,2,4,0.3,0.1,0.1,1.1,0,0
29,45,1,2,0.1,0.1,0.1,0.5,0,0
29,46,4,23,1.4,0.7,0.7,6.2,0,0
29,48,3,9,0,1.9,1.2,0.9,0,0
29,49,3,24,2.4,0,0,9.2,0,0
29,51,2,5,0.1,0.3,0.1,1.5,0,0
29,52,1,14,0.4,0.9,0.4,4.1,0,0
29,53,1,3,0.1,0.1,0.3,1,0,0
29,54,2,10,0.2,0.4,0.3,2.8,0,0
29,56,1,5,0.1,0.2,0.1,1.4,0,0
29,57,4,20,0,2.6,3,1.5,0,0
29,58,3,165,0,22.6,43.9,1.4,0,0
29,59,4,128,1.8,57.6,2.4,1.2,0,21
29,60,5,25,1.2,8,1.9,0.9,0,0
29,61,1,2,0,0.4,0.2,0.1,0,0
29,62,3,6,0,1.2,0.6,0.3,0,0
29,63,1,9,0.1,1.6,1.1,0.3,0,0
29,64,1,2,0,0.1,0.1,0.5,0,0
29,65,1,2,0,0.1,0.1,0.5,0,0
29,66,1,3,0,0.1,0.2,0.7,0,0
29,67,3,26,0.4,0.7,1.4,6.1,0,0
29,68,1,3,0,0.1,0.1,1.1,0,0
29,72,1,2,0,0.1,0.1,0.4,0,0
29,73,1,11,0.3,0.5,0.3,2.3,0,0
29,74,1,4,0.1,0.1,0.2,0.9,0,0
29,77,1,2,0,0.2,0.2,0.4,0,0
29,79,2,3,0,0.3,0.3,0.6,0,0
29,81,1,1,0,0,0.1,0.3,0,0
29,82,1,2,0,0.1,0.1,0.6,0,0
29,83,2,8,0,0.5,0.5,2.4,0,0
29,84,4,24,0,1.1,0.6,5.7,0,0
29,85,3,15,0,0.7,0.4,3.5,0,0
29,88,4,17.5,0.6,1.2,1.3,4.5,0,0
29,89,1,1,0,0.1,0.1,0.2,0,0
29,92,1,2,0.1,0,0.1,0.6,0,0
29,95,5,16,0,1.6,0.9,3.2,0,0
29,96,1,5.5,0,0.6,0.3,1.1,0,0
29,97,2,5,0.1,0.5,0.3,0.9,0,0
29,98,2,103,2.7,9.9,15.7,9.8,0,0
29,99,3,83,1.2,7.1,9.1,10.1,0,0
29,101,4,18,0.4,0.8,0.4,6.8,0,0
29,103,5,93,1.5,6.6,15.1,9.8,0,0
29,104,4,30.5,0,0.9,0,15.1,0,2.1
29,106,3,26.5,0.7,1.4,0,10.2,0,0
29,107,1,4,0.3,0.1,0.1,1.4,0,0
29,108,2,36.5,2.8,1,1.1,12.1,0,0
29,109,1,127,3,6.2,21.4,23.4,0,0
29,110,3,250,4.5,3.9,82.6,5.5,0,0
29,111,4,22,2.4,2.7,1.8,1.7,0,0
29,112,8,49,2.6,5.2,2.8,9,0.4,0
29,113,8,43,1.4,4.3,2.1,9.5,0.4,0
29,114,6,59.5,5.9,4.2,4.6,8.6,0,0
29,115,7,54,5.9,4.8,3.3,6.2,0.2,0
29,118,1,3,0.1,0.9,0.3,0.3,0,0
29,119,4,277.5,26.7,5.8,93.8,17.6,0,23
29,120,0,2333.5,487,178,400,28,1,406
29,121,0,832,297,17,87,1,1,312
29,122,3,571,106.2,86.1,26.3,11.6,1,0
29,123,4,80.5,1.5,31.9,0,0.6,0,0
29,124,4,299,10.8,91.5,13,1.9,0,0
29,125,1,424,48.3,136.5,8.1,5,0,0
29,126,2,747.5,9,281,32,7,0,40
29,127,1,827,1,21.7,307.8,5.4,0,18
38,2,2,17,0.7,0.7,1.1,4.9,0,0
38,3,1,2,0.1,0.1,0.1,0.6,0,0
38,4,1,2,0,0.5,0,0.2,0,0.1
38,5,6,182.5,4.6,27.1,15.2,25,0,6.2
38,6,1,7,0.1,0.4,0.7,1.3,0,0
38,7,2,3,0,0.3,0.1,0.8,0,0
38,8,1,5,0,0.5,0.3,1.3,0,0
38,9,1,9,0,0.9,0.5,2.4,0,0
38,14,1,2,0,0,0.1,0.6,0,0
38,15,1,9,0,0.2,0.4,2.8,0,0
38,17,2,16,0,0.4,0.6,5,0,0
38,18,1,5,0.1,0.4,0,1.3,0,0
38,20,1,1,0,0.1,0,0.3,0,0
38,21,4,17,0,1.6,0.5,4.2,0,0
38,22,1,7,0,0.6,0.2,1.8,0,0
38,23,4,18,0,1.8,0.4,4.5,0,0
38,26,3,12,0.4,1,0.5,3.1,0,0
38,28,1,7,0.1,0.7,0.4,1,0,0
38,29,2,6,0.1,0.6,0.4,0.8,0,0
38,30,1,2,0,0.2,0.1,0.3,0,0
38,32,2,8,0.2,0.8,0.5,1.1,0,0
38,35,2,5,0.2,0.5,0.2,1,0,0
38,36,1,3,0.1,0.3,0.1,0.6,0,0
38,37,1,2,0.1,0.2,0.1,0.4,0,0
38,38,3,24,0.7,0.7,1.7,5.4,0,0
38,39,1,2,0,0.2,0,0.9,0,0
38,40,2,25,0.6,2,0,11.5,0,0
38,43,1,3,0.1,0.3,0.1,1,0,0
38,44,1,2,0,0.1,0.1,0.5,0,0
38,46,1,2,0,0.1,0.1,0.5,0,0
38,52,1,1,0,0.1,0,0.4,0,0
38,53,1,1,0,0.1,0,0.4,0,0
38,56,2,6,0,0.5,0.6,1.6,0.2,0
38,59,2,37,0,7.5,4.1,5.2,0,2.9
38,61,1,2,0,0.1,0.2,0.3,0,0
38,62,2,7,0.1,0.4,0.5,1.1,0,0
38,63,1,7,0.1,0.4,0.6,1.1,0,0
38,64,3,8,0.2,0.6,0,2.6,0,0
38,67,1,4,0.1,0.3,0,1.3,0,0
38,68,2,15,1.2,0.8,0.3,3.7,0,0
38,69,5,155,2.2,10.1,19.4,34.9,0,12.2
38,70,4,46.5,1.4,3.5,3.5,9.8,0,2.8
38,71,2,19,0,2.8,4,1.2,0,0
38,73,3,7,0,1,1.5,0.4,0,0
38,76,3,14.5,1.4,0.8,0,4.3,0,0
38,77,3,12,0.3,0,0.6,4.5,0,0
38,78,4,11,0.3,0,0.7,4.1,0,0
38,79,1,2,0.1,0,0.1,0.7,0,0
38,80,1,2.5,0,0.1,0.2,0.6,0,0
38,81,3,35,0.4,1.7,2.3,8.3,0,0
38,82,1,6,0,0.3,0.4,1.7,0,0
38,83,3,29,0,1.5,1.6,8.4,0,0
38,84,3,14,0,1,1,4,0,0
38,91,4,8,0,0.7,0,2.5,0,0
38,94,2,15.5,0,3.3,0.9,2,0,0
38,95,2,41.5,0,4.8,4.8,6.6,0,0
38,96,1,8,0,0.4,1,2.1,0,0
38,97,2,15,0,1.9,1.9,2,0,0
38,98,2,163.5,0,41.9,11.2,13.5,0,0
38,99,2,365,0.3,73.7,44.3,35.6,0,34
38,100,5,142,0.4,19.3,29.9,3.9,0,0
38,101,2,465.5,0,46.5,110.7,5.6,0,8
38,102,2,143,5.9,24.9,18.5,7,0,0
38,103,2,3,0.1,0.6,0.3,0.2,0,0
38,104,4,94,0.8,19.3,14.4,1.4,0,0
38,105,5,213.5,11.2,35.4,28.9,4.8,0,0
38,106,3,21.5,0.5,3.9,2,1.5,0,0
38,107,3,27,1.9,0.5,0.3,8.4,0,0
38,108,1,8,0.6,0.1,0.1,2.5,0,0
38,109,1,4,0.3,0.1,0,1.3,0,0
38,111,3,128,1.5,25.5,31.6,6.2,0,1.5
38,112,2,622.5,35.6,80.6,134.8,41.6,0,65.5
38,113,1,914.5,53.2,34.8,337.5,34.9,0,117
38,114,2,1161,176.1,18.5,270.6,59.8,0,304.7
38,115,1,712.5,80,96.3,83,36.9,0,116.2
38,116,5,31,1.1,0,5.4,4.9,0.4,1.1
38,117,4,379.5,7.2,22.5,106.7,33.5,0.5,1.7
38,118,1,869,373.1,11.2,22.3,28.2,0,277
38,119,2,313.5,30,45,38,4,0,34.4
38,120,0,1573,278,123,262,49,0,130
38,121,4,947,41.9,265.1,74,29,0,209
38,122,0,330,82,0,40,0,0,48
38,123,4,50.5,0.2,8.8,10.4,1.6,0,12.8
38,124,5,34,0.6,0,1.5,10.7,0,0
38,125,3,4,0.1,0,0.3,1.2,0,0
38,127,2,61.5,1.8,2.9,14.7,7,0,0
40,4,1,5,0,0.3,1.5,0.3,0,0
40,6,2,3,0,0.6,0.2,0.4,0,0
40,7,3,11,0.1,1.6,0.6,2.2,0,0
40,9,2,10,0,0.6,0,3,0,0
40,16,3,13,0.1,0.7,0.7,3.7,0,0
40,17,2,17,0.1,1.2,1,4.7,0,0
40,20,2,9,0.3,1.2,1.3,0.7,0,0.2
40,21,5,134.5,5.9,19.2,15.4,17,0,2.3
40,27,2,3,0.1,0.1,0.1,0.9,0,0
40,31,1,2,0.1,0.1,0,0.7,0,0
40,32,1,4,0.1,0.4,0.2,0.6,0,0
40,34,1,5,0.1,0.5,0.2,1.1,0,0
40,35,1,3,0.1,0.3,0.1,0.6,0,0
40,36,1,4,0.1,0.4,0.2,0.8,0,0
40,37,2,9.5,0,0.7,0.5,2.3,0,0
40,39,1,2,0,0.2,0.3,0.5,0,0
40,40,2,7,0.2,0.7,0.2,2.4,0,0
40,46,4,59,1.2,7.1,10.6,6.7,0,4
40,47,2,49,2.2,0.5,1.4,17.1,0,0
40,49,1,2,0,0.2,0.1,0.8,0,0
40,50,2,12,1,0.8,0.1,2.8,0,0
40,52,3,11,0.3,0.9,0.4,4.2,0,0
40,53,1,3,0.1,0.2,0.1,1.2,0,0
40,55,2,6,0,0.4,0.5,1.8,0.1,0
40,58,6,33,0.8,2.7,2.6,8.3,0,0
40,59,1,7,0.2,0.4,1.3,0.7,0.1,0.7
40,62,2,8,0.2,0.4,0.6,1.4,0,0
40,63,1,3,0,0.2,0.2,0.5,0,0
40,64,2,40,1.2,1.3,1.2,13.4,0,0.1
40,65,1,9,0.3,0.3,0.7,2.4,0,0.3
40,68,3,14,0.8,0.7,0.7,3.3,0,0
40,71,3,56.5,0,3.2,2.4,19.3,0,0
40,72,1,16,0,2.6,0.7,4,0,0
40,73,1,3,0,0.2,0.1,0.8,0,0
40,75,1,6,0.5,0.4,0,1.8,0,0
40,76,1,4,0.4,0.2,0,1.2,0,0
40,77,2,7,0.2,0.5,0.8,1.1,0,0
40,80,4,121.5,1,7.7,9.1,25.8,0,1
40,81,1,2,0,0.1,0.1,0.6,0,0
40,83,2,8.5,0,0.4,0.7,2.3,0,0
40,84,1,4,0,0.3,0.3,1.1,0,0
40,85,1,4,0,0.3,0.3,1.1,0,0
40,87,1,2,0,0.4,0.1,0.7,0,0
40,90,2,11.5,0.2,0.9,1.9,1.2,0,0
40,91,3,71.5,1,5,21.5,4.6,0,10
40,92,3,377.5,3.3,42.8,65.8,30.3,0,14
40,93,3,43,0.7,5.9,6.8,1.7,0,0
40,96,1,9,0,0.9,1.2,1.6,0,0
40,97,3,17,0,2.2,1.7,2.4,0,0
40,98,2,9,0,1.4,1.1,0.9,0,0
40,99,3,24,0,3.6,2.9,3.7,0,0
40,100,2,3,0,0.3,0.5,0.4,0,0
40,101,4,22.5,0,2.2,3.4,2.4,0,0
40,102,3,18,0.5,1.3,1.8,4.1,0,0
40,103,2,42,1.5,4.6,3.9,4.6,0,0
40,104,4,146.5,0.7,33.4,23.7,1.2,0,0
40,105,2,484,17.2,36.4,116.2,40.4,0,35
40,106,2,174,7.2,26.1,4.8,37.1,0,0
40,107,1,5.5,0.2,1.3,0.5,0.6,0,0
40,108,1,2,0,0.1,0.1,0.5,0,0
40,110,2,74,0.4,13,11.1,5.4,0,0
40,111,4,53.5,1.9,11.7,7.3,3.4,0,0
40,112,0,1444,40,91,295,145,0,74
40,113,1,1161.5,125.3,209.5,95.5,151.6,0,173
40,114,1,383.5,6.2,37.2,91.4,20.3,0,47
40,115,2,28,1.2,1.2,1.8,7.3,0,0
40,116,3,1084,46.4,439.3,27.4,25.3,0.4,266
40,117,1,869.5,99,246,56.6,17.8,0,44
40,118,3,271,1,4.4,120.7,0.6,0,103
40,120,6,91,5.9,7.4,20.3,1,0.2,0
40,121,5,224.5,7.9,10.8,64.3,12.2,0,25
40,122,2,639,2.4,16.7,268.9,1,0,139
40,123,1,136.5,0.1,13,29.8,11,0,14
40,125,4,12,0.7,0.8,2,1.9,0.1,0
40,126,8,60,6.5,6.8,3.9,8,0,0
40,127,4,17,1.3,2.1,1.5,1.6,0,0
41,0,1,3,0.1,1.1,0.2,0.1,0,0
41,1,1,8,0,1,0,3,0,0
41,2,4,12,0,1.6,0,4.4,0,0
41,3,1,2,0,0.3,0,0.7,0,0
41,4,1,1,0,0.2,0.1,0.1,0,0
41,5,1,5,0,1,0.3,0.8,0,0
41,8,1,6,0.2,0.7,0.2,1.3,0,0
41,9,2,24,0,1.4,0,7.1,0,0
41,11,2,16,0,0.4,0.5,4.2,0,0
41,12,1,5,0,0.1,0.2,1.3,0,0
41,15,1,1,0,0.1,0.1,0.3,0,0
41,16,4,56.5,3.3,2.4,3.4,14.6,0,0
41,17,3,24,0.3,2.4,1.8,5.9,0,0
41,20,2,19,0.4,2.2,3.1,1.7,0,0.4
41,21,5,144.5,4.1,8.4,17.4,32,0,5.1
41,22,1,2,0.1,0.2,0.3,0.2,0,0
41,26,1,3,0,0.1,0,1,0,0
41,28,2,6,0.1,0.2,0,2.3,0,0
41,34,4,10,0,1,0,3.6,0,0
41,35,4,11,0,1.1,0,4.1,0,0
41,37,2,7,0,0.4,0.4,1.7,0,0
41,38,1,2,0,0.1,0.1,0.5,0,0
41,39,1,2,0,0.1,0.1,0.5,0,0
41,40,1,3,0,0.2,0.2,0.7,0,0
41,41,3,6,0,0.3,0.3,1.5,0,0
41,43,1,4,0.1,0.1,0.2,1.1,0,0
41,45,2,5,0.3,0.9,0.3,1,0,0
41,46,3,108,3.6,22,11.6,2.3,0,17
41,47,2,6,0.6,0.6,0.3,1.7,0,0
41,49,4,17,1.4,1,0,3.7,0,0
41,50,1,9,0.7,0.5,0,2,0,0
41,51,1,4,0.5,0.3,0.2,1.2,0,0
41,52,1,3,0.4,0.2,0.1,0.9,0,0
41,53,1,3,0.4,0.2,0.1,0.9,0,0
41,54,1,1,0,0.1,0.1,0.3,0,0
41,55,1,4,0,0.3,0.2,1.4,0,0
41,57,1,3,0.1,0.2,0.3,0.8,0,0
41,58,1,10,0.3,0.7,0.8,2.7,0,0
41,60,1,4,0.1,0.3,0.3,1.1,0,0
41,61,1,1,0,0.1,0.1,0.2,0,0
41,62,4,16,0.5,0.9,1.1,3.5,0,0
41,63,7,43,1.6,2.3,2.8,9.5,0,0
41,64,3,35,1.1,1.1,2.9,9.2,0,1.1
41,65,1,7,0.2,0.2,0.6,1.9,0,0.2
41,67,1,3,0.1,0.1,0.7,0.1,0,0.4
41,68,3,38,0.4,0.5,2.9,12.4,0,0
41,69,2,7,0.2,0.3,0.6,1.5,0,0
41,71,1,2,0,0.4,0.2,0.2,0,0
41,72,2,10,0,1.8,0.8,1.2,0,0
41,74,2,6,0.1,0.5,1.2,0.8,0,0
41,76,1,3,0.1,0.2,0.6,0.4,0,0
41,77,3,18,0.6,1.3,1.6,3,0,0
41,78,4,31,1.1,2.3,1.7,5.2,0,0
41,79,4,40.5,0.6,2.1,5.2,4,0,0
41,80,0,503,9,38,88,53,0,22
41,81,4,141,0,1.4,54.8,2.4,0,16
41,82,2,4,0,0.2,0.7,0.4,0,0
41,83,2,8,0,0.4,0.8,2,0,0
41,84,3,24,0.4,0.7,3.7,4.7,0,0
41,85,3,17,0.2,0.5,2.6,3.4,0,0
41,86,4,18.5,0.4,2.5,2.7,1.6,0,0
41,87,2,9,0.2,1.3,1.1,1.3,0,0
41,88,1,2,0,0.4,0.1,0.7,0,0
41,92,1,1,0,0.1,0.1,0.2,0,0
41,94,1,3,0.1,0,0.4,0.9,0,0
41,95,1,2,0,0,0.3,0.6,0,0
41,96,2,6.5,0,0.7,0.8,1.2,0,0
41,97,5,109,0,11.6,6.3,24.1,0,0
41,98,1,3,0,0.4,0.1,0.6,0,0
41,99,2,13,0,0,1,4.2,0,0
41,100,2,17,0.1,0.6,1.6,4.4,0,0
41,102,5,81,1.2,8.1,9.5,15.5,0,0
41,103,2,11,0.3,0.8,1.1,2.6,0,0
41,104,2,147,1.7,13.7,35,0.7,0,0
41,105,1,322.5,19.4,35.9,82.6,14.7,0,18
41,106,1,206,12.1,2.2,14.1,53.4,0,2
41,108,2,11,0,0.6,0.6,2.4,0,0
41,110,1,289.5,8.7,28.6,30.8,62,0,7
41,111,5,287,7,12.3,46.5,27.3,0,10
41,112,3,908,43.5,19.5,223.6,148.9,0,77
41,113,2,783.5,38.7,11,158.8,111.3,0,24
41,114,4,259,9.3,3.4,38.3,45.3,0,2.9
41,115,3,44,2.5,0.8,8.6,5,0,0.1
41,116,1,1141,98.2,359.1,41.1,38.1,0,307
41,117,0,1386.5,24,423,214,34,0,317
41,118,5,197.5,5.5,75.6,3.1,2,0,0
41,119,2,12.5,1.3,1.1,1.1,1,0.3,0
41,120,1,27,1.8,0.9,4.8,1.8,0,0
41,121,3,13,1,0.4,2.3,0.8,0,0
41,122,5,129,1.7,4.1,37.1,6.3,0,31
41,123,5,36,0.5,4,5.4,5,0,0
41,124,3,7.5,0.7,1.3,0.8,1.1,0.2,0
41,125,6,24,2.4,4,2.3,3.7,0.7,0
41,126,3,16,1.8,1.8,1.2,3.2,0,0
41,127,4,17,1.1,3,1.1,1,0,0
39,0,1,2,0.1,0.1,0.1,0.6,0,0
39,1,1,5,0.2,0.2,0.3,1.5,0,0
39,2,1,2,0.1,0.1,0.1,0.6,0,0
39,3,1,2,0.1,0.1,0.1,0.6,0,0
39,4,2,43,0,10.1,8.2,2.1,0,4
39,5,4,202,3.5,11.8,32.7,33.2,0,4
39,10,1,6,0.1,0.6,0.2,0.9,0,0
39,11,2,23,0.4,2.1,0.9,3.5,0,0
39,14,1,2,0,0,0.1,0.6,0,0
39,15,1,2,0,0,0.1,0.6,0,0
39,17,1,2,0.1,0.1,0,0.5,0,0
39,18,1,2,0.1,0.1,0,0.5,0,0
39,21,1,5,0.3,1,0.5,0.1,0,0
39,24,1,8,0.3,0.6,0.4,2,0,0
39,32,1,3,0.1,0.3,0.2,0.4,0,0
39,37,1,3,0.1,0.3,0.1,0.6,0,0
39,39,1,2,0,0.2,0.3,0.5,0,0
39,40,3,66,1,6.8,7.4,17.9,0,3
39,42,2,4,0,0.4,0.2,1.4,0,0
39,44,2,9,0,0.4,0.4,2.3,0,0
39,45,2,9,0,0.4,0.4,2.3,0,0
39,48,1,3,0.1,0.2,0.1,1.2,0,0
39,49,1,5,0.1,0.4,0.2,2,0,0
39,52,1,2,0,0.2,0.1,0.8,0,0
39,53,3,20,0.5,1.5,0.8,7.8,0,0
39,55,2,7,0,0.6,0.7,1.9,0.2,0
39,56,1,6,0,0.5,0.7,1.6,0.1,0
39,58,4,58,0.8,5.7,4.7,12.9,0,0
39,59,5,111,7.9,3.6,17.7,15.2,0.9,7.2
39,60,1,11,0.2,0.6,0.9,1.7,0,0
39,61,1,8,0.2,0.5,0.6,1.2,0,0
39,64,4,16,0.4,1.2,0,5.2,0,0
39,69,0,37,1,0,2,12,0,1
39,70,1,16,1.2,0.8,0.4,4,0,0
39,71,1,5,0,0.8,0.2,1.3,0,0
39,72,1,2,0,0.1,0.1,0.5,0,0
39,73,5,178,3.9,4.8,5,57.5,0,0
39,74,1,41,0.5,2.4,5,6.8,0,0
39,75,1,3,0.2,0.2,0,0.9,0,0
39,78,2,5.5,0.2,0,0.3,2,0,0
39,79,2,4,0,0.4,0.6,0.4,0,0
39,80,3,14,0,1.2,1.9,1.9,0,0
39,81,1,2,0,0.1,0.1,0.6,0,0
39,82,5,12,0,0.6,0.6,3.6,0,0
39,84,2,6,0,0.4,0.5,1.7,0,0
39,90,4,31,1.5,1.6,2.5,4.5,0,0
39,91,3,304,3.5,44.2,55.1,14,0,19
39,92,1,199.5,1.6,11.4,31.1,27.9,0,2
39,93,1,36.5,0,4.3,7.4,2,0,0
39,94,3,14,0,1,1.2,2.9,0,0
39,95,3,26,0,2,2,5.5,0,0
39,96,2,6,0,0.4,0.6,1.2,0,0
39,97,2,13,0,1,1.1,2.6,0,0
39,99,2,177.5,0,28.5,34.5,7.5,0,0
39,100,6,83.5,1,8.2,11.1,13.5,0,0
39,101,2,142.5,0,2.2,46.5,2.4,0,4
39,102,4,88,1.8,7.2,14.1,10,0,0
39,103,2,8,0.4,0.5,0.8,1.5,0,0
39,104,6,86.5,0.5,10.1,21,0.9,0,0
39,105,2,317,8.5,26,51.2,32.7,0,0
39,106,4,46,1.4,8,5.6,6.9,0,0
39,107,2,6,0.3,0.8,0.3,1.2,0,0
39,108,1,6,0.4,0.1,0.1,1.9,0,0
39,109,2,8,0.6,0.2,0,2.5,0,0
39,111,2,2,0,0.6,0.2,0.2,0,0
39,112,2,654.5,42,33.7,94.6,104.8,0,34
39,113,0,1552,99,236,151,177,0,362
39,114,0,2118,306,293,277,22,0,522
39,115,5,312,55.2,50,15,19,0.4,17
39,116,0,102,4,32,4,4,0,0
39,117,1,808.5,144.6,52.9,154.8,15.1,1.3,153
39,118,1,392,0,1.6,182.1,1.1,0,77
39,119,1,6,1.1,0.8,0.2,0.4,0,0
39,120,3,687,112.3,91.8,72.9,8.3,0,68
39,121,0,1156,23,277,193,15,0,162
39,122,1,681,10.5,311.5,7,1,0,0
39,123,1,389,0.1,143.8,29.6,3,1,1
39,124,4,21,0.8,0.8,3.9,3.5,0,0
39,125,4,50,2.3,2.4,13.8,7.5,0,0
39,126,3,29,3.1,3.1,1.9,2.9,0,0
39,127,5,154.5,19.6,20.3,18.6,12,0,0
51,1,5,18,1.3,0.9,0.9,4.4,0,0
51,4,1,8,0,0.3,1.1,1.4,0,0
51,8,1,4,0.1,0.3,0.5,1,0,0
51,10,3,54.5,1.6,2.6,10.3,4.8,0,0
51,11,3,194,2.9,10.5,42.6,20.6,0,0
51,13,1,2,0,0.1,0.2,0.3,0,0
51,16,1,7,0,0.7,0.1,2.1,0,0
51,23,2,6,0,0.1,0,2,0,0
51,24,1,6,0,0.3,0.2,2.1,0,0
51,25,2,8,0,0.6,0.2,2.8,0,0
51,31,1,3,0.1,0.1,0.2,0.9,0,0.1
51,32,1,2,0.1,0.1,0.1,0.5,0,0.1
51,37,1,3,0.3,0.3,0.1,0.7,0,0
51,38,2,4,0.4,0.4,0.1,1,0,0
51,39,3,16,1.4,1.7,0.4,3.9,0,0
51,41,2,10,0.5,0.5,0,3.6,0,0
51,42,1,1,0,0.1,0,0.4,0,0
51,43,2,11,0.5,0.6,0,4,0,0
51,48,2,7,0,0.3,0,2.3,0,0
51,53,4,23,1,1.3,0.6,5.3,0,0
51,54,4,35,0,1.2,1.5,10.1,0,0
51,55,5,23,0,0.9,1,7.1,0,0
51,56,1,25,0,1.2,1.2,9.2,0,0
51,57,2,8,0,0.2,0.4,2.4,0,0
51,58,2,5,0,0.1,0.2,1.5,0,0
51,60,1,3,0,0.1,0.1,0.9,0,0
51,66,2,6,0,0.6,0.5,1.8,0,0
51,67,3,10,0,0.6,0.6,3.5,0,0
51,68,1,6,0,0,0.4,2.4,0,0
51,69,1,8,0,0,0.5,3.2,0,0
51,73,1,31,0,2.5,2.4,8.9,0,0
51,77,4,78,1,1.5,17.3,13.8,0,0
51,78,4,37,1.7,2.6,6,4.9,0,0
51,80,1,5,0,0.4,0.5,1.3,0,0
51,82,1,3,0,0.2,0.3,0.8,0,0
51,83,5,87,3.5,6,7.8,21.9,0,0
51,84,1,100.5,0,0.5,26.7,1.3,0,4.3
51,87,1,1,0,0.1,0,0.4,0,0
51,90,2,15,0,0.6,0.4,6.1,0,0
51,91,5,70.5,0,7.9,10.9,7.7,0,0
51,92,1,1,0,0.1,0.2,0.1,0,0
51,93,1,5,0,0.6,0.8,0.5,0,0
51,94,4,25,0,1.3,1.3,6,0,0
51,95,4,15,0,0.7,0.8,3.9,0,0
51,96,3,6,0,0.2,0.3,2.4,0,0
51,97,1,5,0.1,0.3,0.5,0.6,0,0
51,99,1,1,0,0.1,0.1,0.1,0,0
51,101,3,20,0,3.5,1.9,3.8,0,0
51,102,6,46,0.4,7.4,4.6,7.6,0,0
51,103,2,8,0.2,1.3,0.8,1.2,0,0
51,106,1,6,0,0.3,0,2.6,0,0
51,107,5,133,0,9.7,11,28.3,0,0
51,108,1,4,0,0.3,0,1.2,0,0
51,109,3,14,0.2,0,0.2,4.3,0.4,0
51,110,1,10,0,1.5,0.5,2,0,0
51,111,0,80.5,1,2,5,29,0,0
51,112,4,235.5,7.6,31.9,41,24.8,0,19
51,113,4,315,4.7,50.4,49.5,24.8,0,0
51,114,5,49,2.2,3.8,6.1,5.5,0,0
51,115,4,122.5,1.1,8.1,26.1,5,0,0
51,116,4,152,0.9,29.7,18.1,10.4,0,0
51,117,3,112,2.4,15.4,18.7,8.5,0,0
51,118,5,70,1.7,6.9,9.4,4,0,0
51,119,4,28,1.4,1.4,0.8,7.4,0,0
51,120,1,3,0.1,0.2,0.1,0.8,0,0
51,121,6,54,0.6,4.3,9.3,3.6,0,0
51,122,4,11,0,1.7,0.8,1.6,0,0
51,123,5,19,0,3.8,0.2,3.6,0,0
51,124,6,33,0.5,1.2,1.2,7.5,0,0
51,125,5,29,0.1,2,1.1,5.7,0,0
51,126,1,3,0,0.2,0.1,0.6,0,0
51,127,4,16,0,1.3,0.8,4.7,0,0
37,2,5,18,0.4,0.6,0.9,4.4,0,0
37,3,2,9,0.4,0.4,0.5,2.7,0,0
37,4,2,13,0.6,2.2,0.3,2.8,0,0
37,5,5,35,1.4,6.4,1,5.6,0,0.7
37,6,4,30,0.6,1.7,2.9,5.5,0,0
37,7,2,7,0.3,0.9,0.5,1.1,0,0
37,10,1,5,0.2,0.7,0.3,0.8,0,0
37,11,2,10,0.2,1,0.4,1.4,0,0
37,12,3,10,0.2,1,0.3,1.5,0,0
37,13,1,4,0.1,0.4,0.1,0.6,0,0
37,14,1,3,0,0.1,0.1,0.9,0,0
37,26,1,6,0.2,0.5,0.3,1.5,0,0
37,28,3,53.5,1.3,1.2,3.6,24.3,0,0
37,29,4,40,0.3,7.3,2.9,7.5,0.5,0
37,31,2,5,0,0.6,0.1,1,0,0
37,35,1,2,0.1,0.2,0.1,0.4,0,0
37,38,3,8,0.2,0.2,0.6,1.9,0,0
37,39,1,1,0,0.1,0,0.5,0,0
37,40,2,11,0.2,0.9,0,5.1,0,0
37,41,2,4,0,0.4,0.2,1.4,0,0
37,45,1,4,0,0.2,0.2,1,0,0
37,46,1,2,0,0.1,0.1,0.5,0,0
37,47,1,6,0.4,0.6,0.2,1.9,0,0
37,50,1,2,0,0.2,0.1,0.8,0,0
37,54,4,15.5,0,1.4,1.6,4.2,0.4,0
37,55,1,3,0,0.3,0.3,0.8,0.1,0
37,56,1,4,0,0.3,0.4,1.1,0.1,0
37,57,3,9,0.1,1.5,0.9,1.3,0,0.6
37,58,3,11,0,2.2,1.2,1.6,0,0.9
37,59,1,2,0,0.4,0.2,0.3,0,0.2
37,60,3,27,0.4,2.9,1.4,5.2,0,0.5
37,61,1,6,0.1,0.3,0.5,0.9,0,0
37,62,2,6,0,0.3,0.2,1.8,0,0
37,63,2,7,0,0.4,0.3,1.7,0,0
37,64,2,6,0,0.1,0.3,2,0,0
37,65,1,9,0.2,0.7,0,2.9,0,0
37,66,1,1,0,0.1,0,0.3,0,0
37,67,1,5,0.4,0.1,0.3,1.5,0,0
37,69,2,16,0.5,1.2,1.2,3.4,0,1
37,73,4,8,0.1,1.1,1.5,0.6,0,0
37,76,1,5,0,0.3,0.8,0.8,0,0
37,77,2,7,0.2,0.6,0.2,2.1,0,0
37,78,4,13.5,0.4,0.2,0.8,4.7,0,0
37,79,2,5,0.2,1.1,0.1,0.9,0,0.5
37,80,2,17,0.2,0.9,1.6,3.8,0,0.4
37,81,3,34,0.4,1.6,2.4,8,0,0
37,82,4,90,1.3,2,6.9,22.9,0,0.6
37,90,1,10,0,0.7,0,3.2,0,0
37,91,2,14,0,1,0,4.4,0,0
37,92,1,2,0,0.2,0,0.6,0,0
37,93,3,18,0,2.3,0.6,3.9,0,0
37,94,1,2,0,0.4,0.1,0.3,0,0
37,95,3,17,0,1.2,2,4.2,0,0
37,96,5,40.5,0.3,2.4,4,11.5,0,0
37,97,2,17,0,2.6,2.1,1.7,0,0
37,98,2,25,0.2,3.9,3,2.3,0,0
37,99,2,10,0.2,1.8,0.2,1.8,0,0
37,100,2,8.5,0.1,0.7,1.3,1.2,0,0
37,101,4,143,1.3,14.9,29.6,8.5,0,0
37,102,4,84,0.5,13.7,9.8,8.8,0,0
37,103,4,68,2.1,12.6,6.6,5.8,0,0
37,104,4,240.5,13.7,38.3,31.3,13.6,0,0
37,105,4,45,1.4,8.9,5.2,1,0,0
37,106,1,5,0.1,0.9,0.5,0.3,0,0
37,107,3,25,1.8,0.4,0.3,7.8,0,0
37,108,4,75,3,1.5,0.9,26.6,0,0
37,111,1,726.5,2,360.1,12.8,1.4,0,88
37,112,2,501.5,93.5,67.3,37.3,3.6,0,28
37,113,6,53,3.3,6,4.6,8,0,0
37,114,0,905.5,74,36,117,127,0,8
37,115,1,1159.5,231.9,18.1,114.4,159.4,1,98.1
37,116,0,1634.5,276,302,143,123,0,323
37,117,1,754.5,54.2,59.4,186.6,63.5,0,90.1
37,118,3,682,293.6,43.1,45.1,39.5,0,25.1
37,119,2,1988,677.9,55,210,100,0,660.6
37,120,0,1739,436,207,39,169,0,118
37,121,0,2980,952,159,85,5,0,1045
37,122,3,1331.5,475,14.4,48.7,21,0,375.9
37,123,1,12,0.2,0.5,3.1,1.1,0,1.3
123,0,2,6,0.3,0,0.4,2.1,0,0
123,2,2,6,0.1,0.2,0.2,1.6,0,0
123,5,3,5,0,0.5,0,2.5,0,0
123,6,1,1,0,0.1,0,0.5,0,0
123,8,1,1,0,0.1,0.1,0.3,0,0
123,15,2,7,0,0,0,2.9,0,0
123,25,2,4,0.4,0,0.2,1,0,0
123,28,1,1,0,0.1,0,0.3,0,0
123,29,2,4,0,0.3,0.1,1.3,0,0
123,30,3,9,0.1,0.7,0.1,3.1,0.1,0
123,31,2,2,0,0.2,0,0.8,0,0
123,35,2,7,0,0.1,0.2,2.6,0.1,0
123,40,4,28,1.5,1.9,2.7,6.1,0,0
123,43,2,15,0,3.2,1.1,2.2,0,0
123,44,3,7,0,1,0.1,2.1,0,0
123,45,6,49,1.4,6.1,1.3,14.1,0,0.1
123,46,7,56,5.8,3.2,4.6,14.9,0,1.2
123,47,4,26,2.4,1.6,1.8,6.7,0,0.5
123,49,1,2,0.1,0.1,0,0.5,0,0
123,50,8,65,4.2,5.2,2.1,13.7,0,0
123,51,3,82,2.1,18.9,5.5,9.3,0,0
123,52,2,91,0.6,20.2,24.6,1.4,0,32
123,53,2,7,0.7,1.5,0.4,0.9,0,0
123,55,3,104,0.1,11.4,11,22.6,0,0
123,56,2,91.5,0.4,12.3,19,3,0,0
123,57,2,120,0,17.2,18.1,18.7,0,0
123,61,1,5,0,0.4,0.1,2,0,0
123,62,3,42,1,1.9,0.3,15.5,0,0
123,64,4,77,1.8,7.4,3.8,23.1,0,0
123,65,5,89,1.5,2.5,7.1,21.9,0,0
123,66,3,39,0,1.5,3.1,12.5,0.5,0
123,69,2,4,0.1,0.1,0.6,0.9,0,0
123,70,5,30,0.6,1.4,5.1,5,0,0
123,71,4,86.5,1.1,8.9,18.4,8.9,0,0
123,72,2,8,0.2,0.5,1.4,1.1,0,0
123,73,1,1,0,0.1,0.2,0.1,0,0
123,74,3,53.5,1,7.4,7.7,9.3,0,0
123,75,4,87,0.5,1.4,3.4,30.1,0,0
123,76,6,39,0.9,1.5,3.9,9.4,0,0
123,77,6,68,1,3.3,6,19,0,0
123,78,3,18,0,1.2,1.3,6.2,0,0
123,79,2,13,0,1.8,0.2,3.3,0.3,0
123,81,2,10,0.2,0,0.3,4.9,0,0
123,82,2,4,0.1,0,0.1,1.9,0,0
123,83,1,3,0.1,0,0.1,1.4,0,0
123,88,1,1,0,0.1,0.1,0.2,0,0
123,92,3,21,0,0.7,0.8,9.2,0,0
123,93,2,7,0,0.3,0.4,3.5,0,0
123,94,4,14,0,3.3,1.4,4,0,0
123,95,2,4,0,0.9,0.4,1.2,0,0
123,96,5,12,0.2,1.5,0,5.4,0,0
123,97,4,18,0.1,1.8,1.9,5.9,0,0
123,98,2,7,0,0.6,1,2,0,0
123,100,1,6,0,2.3,0.4,0,0,0.4
123,105,3,10,0.4,0.7,0.2,4,0,0
123,106,1,1,0.1,0.1,0,0.4,0,0
123,107,1,2,0,0.1,0.3,0.4,0.2,0.2
123,108,2,2,0,0,0.4,0.4,0.2,0.2
123,109,2,9,0.3,0,0.5,3.7,0,0
123,111,1,2,0,0.1,0,0.7,0,0
123,112,1,5,0,0.3,0,1.6,0,0
123,114,3,15,0,0,0,6,0,0
123,117,2,4,0,0.1,0,1.5,0,0
123,118,4,10,0.2,0.6,0,3.4,0,0
123,119,2,6,0.1,0.3,0,2.1,0,0
123,120,2,9,0.2,0.5,0,3.2,0,0
123,121,1,2,0,0.1,0,0.8,0,0
123,123,1,5,0,0.2,0.1,2,0,0
123,124,1,2,0,0.1,0,0.8,0,0
123,126,2,4,0,0.2,0.1,1.6,0,0
123,127,2,10,0,0.9,0.2,2.9,0,0
122,0,3,23,0.6,1.2,0.9,8.3,0,0
122,7,1,2,0,0.2,0.2,0.5,0,0
122,11,1,4,0,0.3,0.1,1.7,0,0
122,12,2,5,0,0.3,0.2,2.1,0,0
122,13,1,2,0,0.1,0.1,0.8,0,0
122,14,2,11,0,0.2,0,3.9,0,0
122,15,1,1,0,0,0,0.4,0,0
122,16,6,31.5,0,0.2,0,12.8,0,0
122,19,1,4,0,0.4,0.1,1.8,0,0
122,21,2,6,0.2,0.3,0.9,1.3,0,0.1
122,22,1,2,0.1,0.1,0.3,0.4,0,0
122,23,4,67,3,1.5,6.1,24.3,0,0.6
122,24,3,20,1.6,0.5,1.1,4.9,0,0
122,26,2,13,1,0.4,0.8,3.1,0,0
122,28,4,45,0.8,3.2,0.8,15.1,0,0
122,29,1,2,0,0.2,0,0.7,0,0
122,35,5,30.5,0,0.9,1.8,9.1,0.1,0
122,36,1,8,0,0,0,3.6,0.3,0
122,39,3,20,0.2,0.7,3.1,2.3,0,0
122,40,4,10,0.2,1.6,0.8,1.8,0,0
122,41,2,6,0,1.2,0.5,0.9,0,0
122,43,3,18,0,4,1.3,2.6,0,0
122,44,1,1,0,0.2,0,0.3,0,0
122,45,2,3,0.2,0.3,0.2,0.8,0,0
122,46,1,1,0.1,0,0.1,0.3,0,0
122,50,5,44,1.2,2.8,1.5,13.9,0,0
122,51,3,45,1.6,2.9,1.8,15.3,0,0
122,55,2,45,0.3,6.8,7.2,2.9,0,0
122,56,1,6,0.1,0.7,1,0.4,0,0
122,57,4,36.5,0.4,6.6,5.9,3.1,0,0
122,58,1,4,0,0.4,0.6,0.6,0,0
122,61,1,6,0,0.5,0.2,2.3,0,0
122,62,2,55.5,0.4,5.5,1.2,20.2,0,0
122,63,1,5,0,0,0,2.1,0,0
122,64,8,58.5,1.3,2.2,4.4,14.1,0,0
122,65,6,41,0.7,1.5,2.4,11.7,0,0
122,66,5,40,0.1,1.6,3,12.8,0.6,0
122,70,1,12,0.7,0.5,1.6,2.1,0.1,0
122,71,8,71,2,3.6,11.7,10.9,0.1,0
122,72,2,22,0.4,1.2,4.2,2.9,0,0
122,73,2,40.5,1.2,2.4,9.5,3.1,0,0
122,74,7,69,0.9,3.4,9.7,15.7,0,0
122,75,6,51,0.3,2.7,7.3,11.8,0,0
122,76,5,29,0.7,1,2.9,7,0,0
122,77,3,36.5,0.8,1.6,3.4,9.3,0,0
122,78,4,11,0,0.9,0.6,3.6,0.1,0
122,80,1,1,0,0,0,0.5,0,0
122,91,1,5,0,0.1,0.1,2,0,0
122,92,3,16.5,0,0.5,0.6,6.9,0,0
122,95,1,3,0,0.7,0.3,0.9,0,0
122,96,2,7,0.1,0.9,0,3.1,0,0
122,97,2,5,0,0.6,0.4,1.7,0,0
122,98,9,37,0,3.4,4.2,11.3,0,0
122,99,2,3,0.1,1,0.1,0.2,0,0.2
122,100,6,187,3.3,72.3,15.1,13.4,0,18.8
122,101,7,75,2.2,3.1,5.6,24,0,0
122,102,1,1,0,0.1,0.1,0.3,0,0
122,104,1,4.5,0.1,0,0.3,1.6,0,0
122,105,1,8,0.4,0.7,0,3.4,0,0
122,106,2,11,0.5,1.1,0,4.6,0,0
122,107,8,81.5,2.4,2.4,5.5,31.9,1.6,2.4
122,108,1,1,0,0,0.2,0.2,0.1,0.1
122,109,2,2,0,0,0.2,0.8,0,0
122,113,2,6,0,0.3,0,2,0,0
122,114,2,4,0,0,0,1.6,0,0
122,115,1,2,0,0,0,0.8,0,0
122,117,2,5,0.1,0.3,0,1.7,0,0
122,118,1,2,0,0.1,0.4,0.4,0,0.2
122,119,2,5,0.1,0.3,0,1.7,0,0
122,120,4,8,0.1,0.5,0,2.8,0,0
122,121,1,4,0,0.1,0.1,1.6,0,0
122,125,1,2,0,0.1,0,0.8,0,0
122,126,1,2,0,0.1,0,0.8,0,0
122,127,4,21,0,1.5,0.4,6.9,0,0
32,1,1,5,0.4,1,0.5,0.2,0,0.1
32,4,1,2,0,0.2,0.2,0.2,0,0
32,6,2,4,0,0.4,0.4,0.4,0,0
32,9,1,4,0,0.6,0.3,0.8,0,0
32,10,1,2,0,0.2,0.1,0.6,0,0
32,11,3,4,0.1,0.5,0.2,0.9,0,0
32,12,2,2,0,0.2,0,0.6,0,0
32,13,2,7,0.2,0.6,0.2,2.1,0,0
32,14,2,9,0.2,1.4,0.7,2,0,0
32,17,1,1,0,0.2,0.1,0.2,0,0
32,19,3,10,0,0.5,0,5.3,0.6,0
32,20,1,3,0,0.1,0,1.6,0.2,0
32,21,3,9,0,1.3,0.3,2.8,0,0
32,22,1,2,0,0.3,0.1,0.6,0,0
32,24,2,4,0,0.5,0.3,0.9,0,0
32,26,1,2,0,0.3,0.2,0.4,0,0
32,27,5,123,2.5,15,24.4,5.8,0,0
32,28,2,6,0.4,0.9,1.2,0,0,0
32,29,2,5,0,0.5,0.5,0.9,0,0
32,30,1,3,0,0.3,0.3,0.5,0,0
32,32,2,12,0,0.9,0,3.9,0,0
32,33,2,4,0,0.4,0,1.2,0,0
32,34,1,2,0,0.1,0.1,0.5,0,0
32,36,1,2,0,0.1,0.1,0.5,0,0
32,37,1,4,0.1,0.5,0.3,0.7,0,0
32,38,1,4,0.1,0.5,0.3,0.7,0,0
32,39,1,2,0.1,0.2,0.1,0.4,0,0
32,40,3,12,0.4,1.6,0.4,2.6,0,0
32,41,1,6,0.1,0.9,0,1.6,0,0
32,43,1,3,0.1,0.4,0,0.8,0,0
32,44,1,1,0,0.1,0,0.3,0,0
32,45,2,6,0,0.4,0.1,2,0,0
32,46,1,2,0,0.1,0.1,0.7,0,0
32,47,1,8,0.3,0.3,0.3,2.7,0,0
32,48,2,5,0.1,0.2,0.2,1.7,0,0
32,49,1,1,0,0,0,0.4,0,0
32,53,1,5,0.1,1,0.4,0.8,0,0
32,55,2,6,0.3,0.6,0.2,1.3,0,0
32,56,2,3,0.2,0.3,0.1,0.6,0,0
32,58,1,4,0.2,0.4,0.1,0.9,0,0
32,64,6,241.5,1.1,25.6,51.8,1.8,0,20.6
32,65,3,342,5.6,25.7,53.3,70.3,1,16
32,66,1,3,0,0.7,0.7,0.1,0,0.3
32,68,1,1,0,0.1,0.1,0.3,0,0
32,70,1,1,0,0.1,0.1,0.3,0,0
32,71,2,13,0.9,0.7,0.5,2.3,0,0
32,73,1,3,0.2,0.2,0.1,0.5,0,0
32,74,1,5,0,0.3,1,0.4,0,0
32,77,2,29,1,1.5,1.2,9.1,0,0
32,79,2,6,0,0.4,0.2,1.8,0,0
32,80,3,10,0.1,0.7,0.4,2.9,0,0
32,81,1,13,0.2,0.8,1.5,2.5,0,0
32,82,7,71,2.2,3.5,10,9.9,0.5,0
32,83,2,6,0.2,0.2,1,0.6,0,0
32,84,3,19,0,2,0.8,4.3,0,0
32,85,2,7,0.3,0.9,0.5,1.3,0,0.3
32,86,6,83.5,2.7,7,17.9,11,0,14.1
32,87,1,26.5,0.4,4,6.7,3.3,0,0.4
32,88,2,4,0,0.1,0,1.5,0,0
32,89,1,1,0,0,0,0.4,0,0
32,92,1,2,0.1,0,0.1,0.6,0,0
32,94,4,51,0.1,13.8,2.4,4.2,0,0
32,96,2,8,0.4,0.8,0.4,1.7,0,0
32,97,6,21,0.7,3.5,1.1,3.1,0,0
32,98,3,9,0,1.8,0.6,0.9,0,0
32,99,2,11,0,1.8,0.6,1.7,0,0
32,100,2,8,0.2,1,0.3,1.4,0,0
32,103,5,58,0.8,4.5,6.2,8.1,0,0
32,104,1,2,0.2,0.5,0.2,0,0,0
32,105,2,549,19.4,56.2,105.1,50.7,0.1,37
32,106,7,56.5,1.8,3.3,6.6,11.2,0,0
32,109,1,15,0,0,0,7.4,0,0
32,110,1,953.5,116.3,159.6,132,73.8,0,87
32,111,4,284.5,7.1,56.9,39.2,16.4,0,21.5
32,112,6,49,3.4,11.4,2.4,4.9,0,0
32,113,0,359,2,161,1,0,0,0
32,114,1,3998.5,49.8,1947.5,31,0,0,1362.7
32,115,0,3256,411,1012,140,20,0,858
32,116,0,1182,204,116,99,193,0,0
32,117,3,1452.5,165.8,143.9,215.5,245.4,0,87
32,118,2,1346,309.6,104.9,235.8,122.3,0,205
32,119,0,2449,181,455,746,152,0,618
32,120,0,2255.5,221,167,533,473,2,166
32,121,0,2139,164,214,505,287,1,216
32,122,1,1799.5,163.7,302,275.4,67.7,0,254
32,123,0,1138,46,24,464,34,0,221
32,124,0,127,0,0,52,0,0,52
32,125,3,54.5,0.2,19.5,0.4,0.8,0,0
32,126,1,2,0.1,0.2,0.2,0.3,0,0
32,127,2,6,0.1,0.1,1.2,0.7,0,0
35,0,3,13,0,0.5,0.8,3.2,0,0
35,3,2,10,0,0.2,0.5,1.9,0,0
35,4,3,10,0,3.2,0.6,0.8,0,0
35,5,2,4,0.1,0.9,0.2,0.5,0,0
35,6,2,9,0.5,1.2,0.5,1.3,0,0
35,9,2,7,0.2,0.9,0.5,1.2,0,0
35,13,1,3,0,0.3,0.2,0.8,0,0
35,14,2,8,0,0.9,1.6,0.8,0,0.8
35,15,6,187.5,1.7,16,20.3,43.4,0,4.4
35,16,2,21,0.2,0.9,0.3,7.3,0,0
35,20,1,7,0.2,0.5,0,1.9,0,0
35,22,5,77,4.5,4.8,10.6,12.6,0,5
35,23,3,27,0.8,1.7,2.8,5.8,0,0
35,24,1,2,0.1,0.1,0.1,0.5,0,0
35,25,1,4,0.2,0.3,0.2,1,0,0
35,26,1,2,0.1,0.1,0.1,0.5,0,0
35,27,3,97,1.4,6.7,10.8,26.3,0,4
35,28,6,119.5,3,21,3.7,25.3,0,0
35,29,2,14,0,3.2,1.1,2.9,0.3,0
35,31,3,14,0,2.1,0,3.1,0,0
35,35,1,5,0.1,0.5,0.2,1.1,0,0
35,39,1,2,0,0.1,0.1,0.7,0,0
35,42,1,4,0.1,0.4,0.1,1.4,0,0
35,44,2,3,0,0.3,0.1,1.1,0,0
35,46,1,5,0.1,0.5,0.2,1.7,0,0
35,50,5,158.5,4.8,5.6,3.4,56.6,0,0
35,51,3,80.5,2.2,12.5,14.4,4.8,0,12
35,52,1,2,0,0.2,0,0.9,0,0
35,53,1,1,0,0.1,0,0.5,0,0
35,54,1,1,0.1,0,0,0.3,0,0
35,55,2,19,1.2,0.5,0,6.3,0,0
35,57,4,15,0.4,1,0.3,3.5,0,0
35,58,4,20,0.5,1.4,0.7,3.9,0,0
35,61,5,40,0,3,1.3,10.2,0,0
35,62,4,42,0.3,3.9,3.3,7.3,0,0
35,63,3,107,1.3,10.6,14.6,14,0,9
35,64,1,6,0,0.1,0.3,2,0,0
35,65,2,3,0,0,0.2,1,0,0
35,66,1,2,0,0,0.1,0.7,0,0
35,67,3,5,0.3,0,0.3,1.6,0,0
35,68,3,16,1.3,0.3,0.9,4.9,0,0
35,69,2,12,0.5,0.4,0.9,2.6,0,0
35,71,1,10,0.6,0.3,0.6,2.4,0,0
35,72,1,2,0.1,0.1,0.1,0.5,0,0
35,73,1,4,0.2,0.1,0.3,1,0,0
35,74,1,2,0,0.2,0.3,0.3,0,0
35,75,2,27,0.2,1.7,4.1,3.1,0,0
35,77,1,3,0.1,0.3,0.1,0.8,0,0
35,78,1,3,0.1,0.3,0.1,0.8,0,0
35,80,3,480,28.1,86.7,48.2,84.3,0,58.7
35,81,1,21,1,0.1,14.2,0.1,0,14
35,82,3,34,0.6,2.8,3.4,4.9,0,0
35,87,3,22,0.3,1.2,2.9,4.2,0,0
35,88,3,9,0.1,0.6,1.2,1.6,0,0
35,89,2,8,0,0,0.9,2.7,0,0
35,90,1,2,0,0,0.2,0.7,0,0
35,92,1,14,0.8,0.8,0.8,2,0,0
35,93,2,4,0.2,0.4,0.3,0.5,0,0
35,94,2,11,0.3,0.8,0.3,3.8,0,0
35,97,1,9,0,2.4,0.8,1,0,0
35,98,3,82,1,8.4,9.9,18,0,0
35,99,4,388,0,8.8,120.2,10.8,0,28
35,100,2,16,0.2,1.2,2.7,2.1,0,0
35,101,4,114,0,17.6,18.1,9.8,0,0
35,102,3,15,0.6,2,1.7,1.8,0,0
35,103,5,125.5,3,13.7,22.9,7.1,0,0
35,104,0,168.5,0,18,58,8,0,0
35,105,1,1087.5,56,86.7,348.1,35.2,1,131.7
35,106,1,580.5,56.1,50.4,82.5,96.9,1,40
35,107,8,81,4,3.9,5.8,21.3,0,0
35,108,4,403,4,94.9,60.3,11.7,0,88
35,109,3,38.5,2.2,0.2,0.4,14.9,0,0
35,110,1,177,2,2,77.1,9.4,0,0
35,111,2,944,103,230.6,111.9,13.9,2,368
35,112,1,776,9,96.5,273,15,0,34
35,113,3,150.5,5.9,22.4,13,18.8,0,0
35,114,1,704.5,43.1,14.1,246.2,15,1,103.2
35,115,0,2256.5,358,320,479,76,0,383
35,116,0,1954.5,39,556,257,299,3,38
35,117,0,2522.5,132,230,469,500,1,95
35,118,0,3075.5,413,357,433,486,0,333
35,119,0,4156.5,484,380,1151,425,0,743
35,120,0,2433.5,120,358,415,463,0,418
35,121,2,125,10.8,2.4,8.4,25,0,1
35,122,3,11.5,1,0.4,1.5,2.1,0,0
35,123,1,2,0.1,0.1,0.3,0.4,0,0
36,0,2,5,0,0.1,0.3,1.1,0,0
36,4,1,5,0.3,0.8,0.1,1.1,0,0
36,5,5,23,1.3,3.2,1.2,3.8,0,0
36,6,1,8,0.4,1,0.5,1.2,0,0
36,7,1,4,0.2,0.5,0.3,0.6,0,0
36,8,4,10,0.4,1.4,0.6,1.6,0,0
36,10,1,3,0,0.3,0.2,0.8,0,0
36,11,1,2,0,0.2,0.1,0.5,0,0
36,12,2,6,0,0.6,0.3,1.6,0,0
36,13,1,3,0,0.3,0.2,0.8,0,0
36,16,1,2,0,0.2,0.4,0.2,0,0.2
36,17,1,6,0.2,0.4,0,1.6,0,0
36,18,1,14,0.3,1,0,3.8,0,0
36,26,3,19,0.7,1.5,0.9,4.8,0,0
36,28,5,188,5.4,23.8,41.2,3.9,0,2
36,29,1,8,0,1.8,0.6,1.6,0.2,0
36,30,1,6,0,0.8,0,1.4,0,0
36,31,1,4,0,0.6,0,0.9,0,0
36,35,1,2,0.1,0.2,0.1,0.4,0,0
36,37,2,9,0.2,0.7,0.5,2,0,0
36,38,3,25,0.4,1,1.4,8.1,0,0
36,39,1,2,0,0.1,0.1,0.7,0,0
36,46,1,2,0,0.2,0.1,0.7,0,0
36,48,2,3,0.2,0.3,0.1,0.9,0,0
36,50,1,2,0.2,0,0,0.5,0,0
36,51,2,4,0,0.4,0,1.8,0,0
36,52,1,1,0,0.1,0,0.5,0,0
36,53,1,4,0,0.4,0.1,1.8,0,0
36,54,2,7,0.5,0.2,0,2.3,0,0
36,57,2,8,0.4,0.3,0.3,1.7,0,0
36,58,4,25,1.2,1.3,1.4,4,0,0
36,59,1,4,0.1,0.3,0.1,0.8,0,0
36,60,1,1,0,0.1,0,0.2,0,0
36,63,1,2,0,0.1,0.1,0.6,0,0
36,64,1,4,0,0.1,0.2,1.3,0,0
36,65,1,4,0,0.1,0.2,1.3,0,0
36,67,4,6,0.4,0,0.4,1.9,0,0
36,68,4,14,1.2,0.3,1,4.2,0,0
36,69,1,14,0.3,0.6,1.1,2.3,0,0
36,70,3,28,0.5,1.1,2.3,4.6,0,0
36,72,1,4,0.2,0.1,0.3,1,0,0
36,73,1,3,0.2,0.1,0.2,0.7,0,0
36,74,2,15,0,1,2.4,2.4,0,0
36,76,1,4,0,0.3,0.6,0.6,0,0
36,77,2,9,0.3,0.9,0.3,2.4,0,0
36,78,1,3,0.1,0.3,0.1,0.8,0,0
36,80,2,64,1.1,21.1,9.1,2.7,0,13.8
36,81,1,5,0.1,0.6,1.4,0.4,0,1
36,83,2,15,0.3,1.2,1.5,2.2,0,0
36,84,3,21,0.5,0.2,3,2.8,0,0
36,86,1,2,0,0,0.3,0.3,0,0
36,87,1,3,0,0,0.3,1,0,0
36,88,3,9,0,0,0.9,3.1,0,0
36,91,2,5.5,0.3,0.4,0.4,0.7,0,0
36,92,1,2,0,0.4,0.1,0.2,0,0
36,93,7,81.5,0,16.6,5.3,7.2,0,0
36,95,1,2,0,0.1,0.1,0.7,0,0
36,97,2,10,0.5,1.9,0.9,0.7,0,0
36,98,1,55,1.3,10.1,4.6,5.9,0,0
36,99,2,12,0,1.3,1.2,2.4,0,0
36,100,2,7,0,0.6,1.1,1,0,0
36,101,1,5,0,0.4,0.9,0.6,0,0
36,102,2,4,0,0.2,0.8,0.6,0,0
36,103,2,6,0.2,0.9,0.5,0.7,0,0
36,104,3,54,0.6,2,19.9,0.1,0,0
36,105,4,733.5,14.3,46,196.8,38.9,0,80
36,106,2,141.5,10.2,5.1,24.6,11.8,0,4
36,107,1,21.5,1,1.1,0.5,6.6,0,0
36,108,1,742,24.4,25.4,149.2,161.8,1,93
36,109,2,539,33.2,17,20.8,171.2,0,16
36,110,4,323,4.6,33.4,37.1,91.4,0,53
36,111,3,590,51,138.4,61.6,48,0,65
36,112,1,1617.5,440.3,184.7,119.7,11,0,390
36,113,3,385.5,10.2,46.8,108,15.8,0,27
36,114,2,1057,52,249.9,184.1,11,0,118
36,115,0,1814,151,456,179,123,0,396
36,116,3,934.5,140,123.1,43,69.9,93,70
36,117,0,1490.5,77,57,416,103,0,175
36,118,3,2309,264.8,270.8,623.9,154.5,0,562
36,119,0,3795,522,122,570,591,0,794
36,120,0,2303,93,114,549,379,0,229
36,121,1,1484,328.5,266.4,75.4,14.5,0,487
36,122,1,63.5,2.3,17.3,2.3,4.8,0,0
33,1,1,4,0.3,0.8,0.4,0.2,0,0.1
33,4,3,21,0,2.2,2.4,2.1,0,0
33,5,1,3,0,0.3,0.4,0.3,0,0
33,7,3,28.5,0,3.7,2.7,4.3,0,0
33,9,4,8.5,0,1.2,0.8,1.7,0,0
33,10,1,2,0,0.3,0.2,0.4,0,0
33,11,1,4,0.1,0.4,0.1,1.2,0,0
33,12,2,8,0.2,0.7,0.3,2.3,0,0
33,15,1,2,0,0.3,0.2,0.4,0,0
33,16,1,12,0.3,1.9,1,2.5,0,0
33,17,1,2,0,0.1,0,1.1,0.1,0
33,19,1,1,0,0,0,0.5,0.1,0
33,22,1,3,0,0.4,0.1,1,0,0
33,23,4,4,0,0.8,0,1.2,0,0
33,24,2,3,0,0.4,0.3,0.6,0,0
33,26,4,12,0,1.7,1.1,2.5,0,0
33,27,3,142.5,27.3,12.1,22.3,0,0,7
33,28,2,170.5,18.8,34.8,13.6,5,0,19
33,29,1,2,0,0.2,0.2,0.4,0,0
33,31,2,4,0,0.4,0,1.2,0,0
33,37,1,1,0,0.1,0.1,0.2,0,0
33,38,1,3,0.1,0.4,0.2,0.5,0,0
33,39,1,1,0,0.1,0.1,0.2,0,0
33,43,2,5,0.2,0.7,0,1.3,0,0
33,44,2,5,0,0.3,0.2,1.7,0,0
33,45,1,3,0,0.2,0.1,1,0,0
33,46,1,4,0,0.3,0.1,1.3,0,0
33,47,1,7,0,0.5,0.2,2.3,0,0
33,50,1,4,0.1,0.8,0.3,0.7,0,0
33,51,1,6,0.2,1.2,0.4,1,0,0
33,52,3,14,0.3,2.7,1.1,2.5,0,0
33,55,1,3,0.1,0.3,0.1,0.7,0,0
33,57,1,4,0.2,0.4,0.1,0.9,0,0
33,59,2,10,0.4,1,0.3,2.2,0,0
33,60,1,1,0.1,0.1,0,0.2,0,0
33,61,1,1,0,0.2,0.1,0.1,0,0
33,64,1,21,0.3,2.2,5.4,0,0,1.4
33,65,1,55,0.3,9.8,15.1,2.2,0,13
33,66,2,12,0.3,2.2,0.1,1.5,0,0
33,68,4,18,0,1.4,1,6.2,0,0
33,69,2,5,0,0.4,0.3,1.7,0,0
33,71,1,3,0.2,0.2,0.1,0.5,0,0
33,74,1,16,0,0.9,3.2,1.3,0,0
33,75,2,60,0,3.2,13,3.6,0,0
33,76,2,4,0,0.2,0.8,0.3,0,0
33,77,1,5,0,0.3,1,0.4,0,0
33,80,3,266,1.1,3.3,79.9,14.1,0,29
33,81,2,24,0.3,1.5,2.7,4.6,0,0
33,82,1,7,0.1,0.5,0.8,1.3,0,0
33,83,1,5,0.2,0.2,0.8,0.5,0,0
33,84,2,8,0,1.2,0.6,1.6,0,0
33,85,3,253,4,7,32.8,55.6,0,0
33,86,2,217,2.6,27.4,36,26.8,0,11.6
33,87,3,18,0.6,1.4,0.8,4.8,0,0.6
33,88,1,4,0,0.1,0,1.5,0,0
33,94,3,34,0,10.1,0.6,3.3,0,0
33,95,4,51,0,15.3,0.9,4.9,0,0
33,96,2,13,0.5,1.5,0.6,2.9,0,0
33,97,3,18.5,0.4,3.5,1,2.1,0,0
33,98,2,20,0.4,4.2,1,2,0,0
33,99,3,24,0,4.2,3.3,1.6,0,0
33,100,2,9,0.6,0.7,0.6,1.3,0,0
33,101,1,4,0.4,0.1,0.1,0.8,0,0
33,103,4,180,5.4,16.8,23.1,19,0,0
33,104,2,57,2.3,9.3,9,0,0,0
33,105,0,744.5,27,209,60,20,0,45
33,106,4,29,0.7,1.8,3.4,5.7,0,0
33,108,2,20,0,1,0,11,0,0
33,109,1,13.5,1,2,0,2.6,0,0
33,110,2,112,15,33.8,1.3,2,0,0
33,111,4,174.5,10.7,44.2,18.2,3.9,0,5
33,112,2,11,0.8,0.6,0.7,2,0,0
33,113,3,36.5,2.7,1.9,2.1,6.7,0,0
33,114,0,973.5,222,232,10,4,1,160
33,115,1,1589,325.2,362.5,110,36,0,286.3
33,116,0,2832,292,421,234,461,0,302
33,117,0,2659.5,178,360,681,385,0,213
33,118,0,2277,249,149,224,796,1,85
33,119,2,1804.5,40,261,206,690,3,206
33,120,1,807.5,50,73.2,102.8,233.1,0,31
33,121,2,575.5,12,112.7,131.2,52,0,130
33,122,0,2202.5,22,115,839,38,0,369
33,123,4,223.5,2,1,121.1,4,0,78
33,124,2,6,0.2,0.7,0.6,1,0,0
33,125,2,9.5,0.4,1.1,0.9,1.5,0,0
33,126,1,2,0.1,0.2,0.2,0.3,0,0
124,4,1,1,0,0,0.1,0.3,0,0
124,6,1,1,0,0,0.1,0.3,0,0
124,8,1,1,0,0.1,0,0.4,0,0
124,11,2,17,0,0.7,0.7,7.1,0,0
124,12,5,23,0,1.7,2.4,8.1,0,0
124,24,1,1,0,0,0.1,0.5,0,0
124,25,1,1,0,0,0.1,0.5,0,0
124,28,2,3,0,0.3,0,1.1,0.1,0
124,30,1,2,0,0.2,0,0.7,0.1,0
124,32,2,4,0,0.2,0,1.6,0,0
124,34,1,3,0,0.2,0,1.2,0,0
124,37,2,24,0,3.1,0.7,7.7,0,0
124,38,4,36,0,2.5,1.8,9.7,0,0
124,39,2,6,0,0.3,0,3.2,0,0
124,40,1,1,0,0.1,0,0.5,0,0
124,44,2,8,0.2,0.9,0.7,2.1,0,0
124,45,2,51.5,1.2,2.2,2.7,15.2,0,0
124,46,5,181,4.4,11,35.7,38.3,0,23
124,47,1,24,0.1,22.1,0.1,0.2,0,0
124,48,2,172,14.8,9.5,53.6,21.1,0,7
124,49,0,226.5,2,1,53,90,0,1
124,50,5,217,5,22.1,59.2,18.7,0.2,0
124,51,3,271,7.3,37.5,36.8,22.6,2.3,0
124,52,3,83.5,0.3,4.2,29.8,1.8,0.3,14
124,56,3,52.5,0.5,6.3,5.8,10.5,0,0
124,57,4,88,0.3,9,7.6,17.6,0,0
124,59,2,6,0,0.6,0.6,1.5,0,0
124,60,1,10,0,1,0.9,2.6,0,0
124,61,1,8,0.8,0.5,0.2,2.2,0,0
124,62,1,2,0.2,0.1,0.1,0.5,0,0
124,64,4,58,0.3,9.5,1.7,17.5,0,0.4
124,65,8,121,1.8,9.9,4.1,33.7,0.3,1.3
124,66,4,45,0.9,0.4,3.1,15.2,0.5,0
124,67,2,4,0.1,0,0.3,1.3,0,0
124,69,1,1,0,0,0,0.4,0,0
124,70,6,91.5,2.1,3.5,8.8,29.4,0,0
124,71,3,173.5,1.4,7.8,13.5,48.8,0,0
124,73,3,67.5,0.7,16.6,3.3,9.5,0,0
124,74,8,152,0,22.4,28.6,14.9,0,11.3
124,75,7,80.5,0,9.4,8.7,15.7,0,2.5
124,76,1,1,0,0,0.1,0.3,0,0
124,78,1,3,0,0.4,0.1,0.7,0.1,0
124,79,1,4,0,0.6,0.1,1,0.1,0
124,81,1,2,0,0,0.1,1,0,0
124,84,4,20,0.5,2.3,1.6,4,0,0
124,86,2,6,0.2,0.4,0,2.1,0,0
124,87,1,2,0.1,0.1,0,0.7,0,0
124,91,5,23,1.1,2.5,2.7,5.3,0,3
124,92,6,36,1.6,3.2,4.4,9,0,2.8
124,93,3,8.5,0.4,0.5,1.1,2.4,0,0
124,94,1,1,0.1,0,0,0.5,0,0
124,95,7,19.5,0.6,0.1,0.2,9.8,0,0
124,100,1,6,0,0.2,0.3,2.7,0,0
124,105,2,3,0.1,0,0,1.4,0,0
124,106,2,3,0.1,0,0,1.4,0,0
124,107,1,1,0,0.1,0,0.3,0,0
124,108,1,1,0,0.1,0,0.3,0,0
124,110,2,8,0,0.5,0,2.6,0,0
124,111,1,2,0.1,0,0,0.9,0,0
124,114,3,4,0,0,0.1,1.5,0,0
124,118,1,2,0,0,0.1,0.7,0,0
124,123,2,3,0.2,0.2,0,1,0,0
124,124,3,9,0.3,0.9,0,2.9,0.2,0
126,7,1,1,0,0.1,0,0.4,0,0
126,8,1,4,0,0.3,0.1,1.7,0,0
126,12,1,1,0,0.1,0.2,0.3,0,0
126,13,1,1,0,0.1,0.2,0.3,0,0
126,14,4,60,2.3,2.2,4.7,22.8,0,4
126,16,3,13,0,2,1.4,2.6,0,0
126,17,2,22,0,1,4.3,4.7,0,2.4
126,19,2,48,0.3,14.9,3.4,5.5,0,2.1
126,27,1,2,0,0,0.1,1,0,0
126,28,1,2,0,0.2,0,0.7,0.1,0
126,29,2,6,0,0.6,0,2.3,0.2,0
126,30,1,2,0,0.2,0,0.7,0.1,0
126,31,2,5,0.1,0.2,0,2.1,0,0
126,33,4,14,0.3,0.5,0,5.8,0,0
126,34,4,9,0,0.8,0,3.6,0,0
126,35,2,2,0,0.2,0,0.8,0,0
126,36,1,4,0,0.3,0,1.6,0,0
126,37,1,31,1,1,1.2,10.2,0,0
126,38,2,8,0,0.2,1.3,1.5,0,0
126,43,3,21,0.4,4.1,1.8,4,0,0
126,44,6,150,2.4,18.5,30.9,17,0,0
126,45,5,158,5.9,16.9,29.2,15.4,0,0
126,46,3,19,0.5,2.2,2.9,3.4,0,0
126,48,2,391.5,91.9,46,44.3,38.6,0,121.2
126,49,0,825.5,217,55,69,110,0,263
126,50,2,403,3.6,117.9,58.3,27.5,0,83.6
126,51,2,363.5,1,80.9,65,9.6,0,13
126,52,1,38,0,10.5,4.2,0.4,0,0
126,54,1,2,0,0.1,0.1,0.7,0,0
126,56,7,47,0,1.7,2.5,17.8,0,0
126,57,2,6,0,0.2,0.3,2.3,0,0
126,58,2,7.5,0,0.9,0.9,0.7,0,0
126,59,5,31,0,1.7,4.8,4.5,0,0
126,60,2,23,0,1.3,3.6,3.3,0,0
126,61,1,4,0.4,0.3,0.1,1.1,0,0
126,62,4,20,2,1.3,0.6,5.4,0,0
126,64,1,2,0.1,0.1,0,0.8,0,0
126,65,6,48,1.2,3.3,0.4,18,0,0
126,69,1,1,0,0,0,0.4,0,0
126,70,3,169.5,0,14.3,14.1,50.7,0,0.2
126,71,4,128,3,5.7,14.9,31.5,0,13.5
126,72,6,55,0,3,2.9,17.7,0,0.2
126,73,9,41,0,1.6,2.1,13.4,0,0
126,74,2,15,0,1.7,0.5,3.8,0,0
126,75,2,9,0,0.1,0.9,2.4,0,0
126,76,3,16,0,0.1,1.6,4.4,0,0
126,82,2,4,0,0,0.2,2,0,0
126,84,1,8,0.2,0.5,0,2.9,0,0
126,85,1,2,0.1,0.1,0,0.7,0,0
126,86,1,4,0.1,0.3,0,1.4,0,0
126,89,2,3,0,0.3,0.3,0.6,0,0
126,91,1,5,0.2,0.3,0.7,1.4,0,0
126,94,2,5,0,0.2,0.2,2.3,0,0
126,101,1,3,0.1,0,0,1.4,0,0
126,107,1,3,0,0.2,0,0.9,0,0
126,109,1,2,0,0.1,0,0.7,0,0
126,110,1,6,0.2,0,0,2.7,0,0
126,113,1,2,0.1,0,0,0.9,0,0
126,114,2,5,0.1,0,0.2,1.7,0,0
126,117,1,4,0.1,0,0.1,1.4,0,0
126,119,2,3,0,0,0.1,1.1,0,0
126,120,1,3,0.1,0,0.1,1,0,0
126,122,4,44,2.1,2.3,0.8,14.9,0,0
126,123,2,7,0.4,0.4,0.1,2.3,0,0
126,126,5,98,1.3,13.1,2.4,30.7,0.8,0
126,127,2,7,0.3,0.7,0.1,2.1,0.1,0
125,6,1,4,0.1,0.1,0.1,1.1,0,0
125,7,1,10,0.2,0.3,0.3,2.7,0,0
125,12,1,3,0,0.3,0.4,0.9,0,0
125,14,6,44,0.6,5,3.1,12.5,0,0
125,18,3,24.5,0,1.1,4.8,5.2,0,2.7
125,19,7,98.5,1,1.9,4.4,34.7,0,2.2
125,20,4,22.5,0.4,0.6,2,6.7,0,1.4
125,22,1,1,0,0,0.1,0.5,0,0
125,25,2,5,0,0,0.2,2.6,0,0
125,28,1,2,0,0.2,0,0.7,0.1,0
125,31,3,10,0.2,0.3,0,4.2,0,0
125,32,3,6,0,0.3,0,2.4,0,0
125,33,2,9,0.2,0.4,0,3.7,0,0
125,34,1,5,0,0.4,0,2,0,0
125,36,2,6,0,0.8,0.2,2,0,0
125,37,2,6,0,0.6,0.3,1.7,0,0
125,40,2,12,0,0.6,0,6.3,0,0
125,41,1,3,0.1,0.6,0.2,0.6,0,0
125,43,2,3,0,0.6,0.3,0.6,0,0
125,44,6,84.5,1.8,7.6,8.4,22.5,0,0
125,45,7,65.5,2.9,6.8,11,6.4,0,0
125,46,3,29,1.5,3.2,4.2,2.8,0,0
125,48,2,246.5,12.2,8.4,10.7,94.8,0,10.4
125,49,3,934,6,58.3,51.9,477.6,0,81.2
125,50,5,29,1.6,4.2,1.1,5.6,0.1,0.2
125,51,2,89.5,0,31,10.8,2.6,0.1,0
125,52,3,6,0,1.4,0.8,0.9,0.1,0
125,56,2,7,0,0.9,0.8,1.4,0,0
125,57,1,15,0.1,1.8,1.7,3,0,0
125,58,1,4,0,0.5,0.5,0.4,0,0
125,59,6,110,0,6.5,15.5,16.9,1,0
125,60,5,46,0.1,2.9,6.6,7.5,0,0
125,62,5,21,2.1,1.4,0.5,5.8,0,0
125,64,1,61,1.2,2.5,0.1,27.6,0,2
125,65,7,53,0.6,9,1.6,13.3,0,0.3
125,66,6,26,0.4,0.1,1.4,9.4,0.1,0
125,67,3,5,0,0,0.2,1.9,0,0
125,69,1,4,0,0.2,0,1.4,0,0
125,70,5,174.5,4.9,11.9,11.8,47.7,0,0
125,71,5,78.5,1.3,6.2,3.9,23.9,0,0.2
125,72,1,33,0,12.4,0.2,1.6,0,0
125,73,2,204,2.2,20.2,8.7,60.4,0,0
125,74,3,11,0,1.5,0.8,2.3,0,0.3
125,75,1,3,0,0.1,0.3,0.8,0,0
125,78,2,9,0,1.3,0.2,2.2,0.2,0
125,81,2,3,0,0,0.1,1.5,0,0
125,84,4,23,0.6,2.3,1.2,5.8,0,0
125,85,2,6,0.1,0.4,0.1,2,0,0
125,86,1,5,0.1,0.3,0,1.8,0,0
125,90,1,7,0.3,0.8,0.8,1.6,0,0.9
125,91,3,75,1.1,3.4,3.8,33.3,0,2.8
125,92,3,35,1.4,2.9,4.5,9,0,2.3
125,93,1,1,0,0.1,0.1,0.3,0,0
125,94,1,1,0.1,0,0,0.5,0,0
125,95,3,9,0.4,0,0,4.7,0,0
125,100,2,7.5,0,0.2,0.3,3.4,0,0
125,101,1,6.5,0.3,0,0,2.9,0,0
125,106,5,14,0.5,0,0,6.5,0,0
125,107,3,17,0.6,0.1,0,7.5,0,0
125,108,1,4,0,0.2,0,1.3,0,0
125,109,1,4,0,0.2,0,1.3,0,0
125,113,3,7,0.2,0,0,3.2,0,0
125,114,1,3,0.1,0,0.1,1,0,0
125,121,1,1,0.1,0.1,0,0.3,0,0
125,122,1,4,0.2,0.2,0.1,1.3,0,0
125,125,1,1,0.1,0.1,0,0.3,0,0
125,126,3,38,1.2,3.8,0.4,11.8,0.7,0
125,127,1,1,0,0,0.1,0.3,0,0
103,0,1,1,0,0.2,0.1,0.2,0,0
103,8,1,4,0.1,0.5,0,1.5,0,0
103,11,2,28,0.2,11.4,2.5,1.7,0,4
103,13,1,4,0.1,0.2,0.3,1,0,0
103,15,1,2,0,0.3,0.2,0.4,0,0
103,16,6,76,0.4,14.5,8.3,11.3,0,0
103,17,6,150,0.2,36.9,13.6,19.2,0,3
103,18,2,25,0,5.7,3.5,3.1,0,0
103,21,3,210.5,0.2,97,12.3,2,0,8.2
103,22,1,434,28.2,53.3,78.4,35.1,0,38.2
103,23,5,258.5,19.6,21.1,19.9,71.4,0,0
103,24,3,55,7.2,13.4,2.7,5.6,0,0
103,27,2,57,0,7,2.1,16.5,0,0
103,28,3,28,0,4.7,0.9,5.6,0,0
103,29,1,2,0.2,0.1,0.3,0.5,0,0
103,34,1,1.5,0,0.1,0.3,0.2,0,0
103,36,4,35,0,2.2,6.2,6.1,0,0
103,37,5,241.5,7.4,3.1,14.9,75.5,1,6.6
103,38,3,220,0.7,8.2,55.4,8.1,0,17.8
103,43,1,1,0,0.3,0.1,0.1,0,0.1
103,44,2,13,0.5,0.5,0.5,4.3,0,0
103,46,1,2,0,0.1,0.1,0.7,0,0
103,48,1,1,0,0,0.2,0.3,0,0
103,49,1,9,0.2,0.4,1.4,2.8,0,0
103,50,2,15,0.4,0.8,2.3,4.6,0,0
103,58,2,9,0.6,0.9,0.3,2.4,0,0
103,60,1,4,0.3,0.4,0.3,0.9,0,0
103,61,5,288,13.3,59.4,21.7,47.4,0,38
103,62,1,7,0.5,0.7,0.6,1.5,0,0
103,63,2,12,1.2,0.6,0,4.7,0,0
103,64,3,31,2.2,3.4,0.6,6.4,0,0
103,65,2,495,15.1,34.5,98.6,74.5,0,42
103,66,4,202.5,4.3,70.1,10.7,6.5,0,31
103,67,5,38,2,1,0,10.5,0,0
103,68,5,34,1.9,0.7,0,9.5,0,0
103,69,3,9,0,0.8,0,3.8,0,0
103,73,1,2,0,0.2,0,0.8,0,0
103,74,7,33.5,1.3,5.4,0.4,7.6,0,0
103,75,7,28,1.1,4.8,0.7,6.2,0,0
103,77,5,15,0.1,1.6,1.9,2.3,0,0.2
103,78,6,45,0.1,3.2,6.6,5.9,0,0.5
103,82,4,72,0,5,5,20.3,0,0
103,83,1,1,0,0.1,0.1,0.2,0,0
103,84,1,6,0.3,0.4,0.6,1.3,0,0
103,88,1,2,0,0,0.1,0.6,0,0
103,89,1,10,0.2,0.3,0.3,2.9,0,0
103,92,1,8,0.1,0.4,0.2,2.3,0,0
103,93,5,21,0.4,1.1,0.5,5.9,0,0
103,94,3,16,0,0.7,0.2,4.9,0,0
103,95,5,27,0.6,1.7,0.9,7.2,0,0
103,96,4,15,0.6,0.9,0.6,3.8,0,0
103,97,2,12,0.4,1,0.4,3,0,0
103,99,1,2,0,0.1,0,0.8,0,0
103,101,1,3,0.1,0.1,0.2,1.1,0,0
103,102,1,5,0.2,0.2,0.2,1.9,0,0
103,103,1,3,0.1,0.1,0.2,1.1,0,0
103,104,3,9,0.2,0.5,0.6,3.1,0,0
103,105,1,9,0.2,0.4,0.6,3.1,0,0
103,106,6,30,1.5,1.6,0.9,9.9,0,0
103,107,4,28,0.3,4.4,4.7,1.6,0,1.6
103,108,4,92.5,5.6,16.4,11,3.1,0,7.7
103,109,4,14,0,0,0.3,8.3,0,0
103,112,1,1,0,0,0,0.6,0,0
103,125,1,2,0.1,0.1,0,0.7,0,0
103,126,1,2,0.1,0.1,0,0.7,0,0
102,0,5,43,1.2,7.2,2.6,9.4,0,1.7
102,7,6,43,0.8,4.2,3,10.3,0,0.2
102,8,4,67.5,0.9,6.5,1.8,26.7,0,0
102,12,1,2,0.1,0.1,0.1,0.5,0,0
102,13,1,6,0.2,0.3,0.4,1.5,0,0
102,17,1,2,0,0,0.2,0.6,0,0
102,18,2,5,0,0.1,0.4,1.5,0,0
102,20,1,10,0.1,3.2,1.2,0.5,0,0.1
102,21,3,306.5,4.5,33.5,68.1,29.4,0,0.5
102,22,1,511.5,45.1,26.6,32.2,176.1,1,10
102,23,3,529.5,46.1,29.5,85.9,159.5,0,27
102,24,3,112,5.5,5.4,0.8,43.5,0,0
102,25,3,112,31,3.3,9.5,1.8,0,22
102,26,1,12,0,1.6,1.9,1.5,0,0
102,27,6,59,0.5,8.7,4,11.6,0,0
102,28,1,2,0,0.3,0.1,0.4,0,0
102,35,1,1,0,0,0.2,0.2,0,0
102,36,3,55,0,1.6,15.2,5.2,0,0
102,37,4,76,0.5,7.1,12.9,7.4,0,0.5
102,38,1,7,0.1,0.4,1,1.1,0,0.1
102,43,1,3,0.1,0.7,0.3,0.3,0,0.2
102,45,1,4,0,0.2,0.3,1.4,0,0
102,46,4,22.5,0.2,1,1.7,7.5,0,0
102,47,1,1,0,0.1,0.1,0.3,0,0
102,48,2,3,0.1,0.1,0.5,0.9,0,0
102,49,5,35,0.7,1.3,6.1,7.4,0,0
102,53,1,12,0.2,0.5,1.2,3.3,0,0
102,54,2,63.5,1.7,5.6,1.5,26.5,0,2
102,55,2,70.5,2.4,2.1,4.6,28,0,5
102,56,1,66,1.6,4.5,8.9,19.8,0,6
102,57,3,94,6.2,16.9,5.3,20.7,0,15
102,59,2,7.5,0.5,0.7,0.3,2.1,0,0
102,61,4,10,0.6,1,0.9,2.1,0,0
102,62,3,8,0.7,0.6,0.4,2.3,0,0
102,64,6,38,1.7,2.6,1,9.1,0,0
102,65,3,22,1.4,2.1,0.4,4.9,0,0
102,66,5,24,0.8,4,1.2,4.1,0,0
102,67,4,14,0.7,0.8,0.3,3.8,0,0
102,68,2,9.5,0.5,0.4,0.1,2.4,0,0
102,69,6,20,0.2,1.1,0.6,6.9,0,0
102,70,2,4,0,0.3,0.1,1.5,0,0
102,72,2,3,0,0.3,0,1.2,0,0
102,74,1,8,0.3,1.3,0.1,1.8,0,0
102,75,6,22.5,0.9,3.5,1.3,5,0,0.2
102,76,5,101,2.6,8.2,23.2,9,0,1.2
102,77,5,107.5,1.5,8.5,21.1,7.9,0,0.5
102,78,4,140,2.4,9.6,23.4,17.1,0,0.8
102,79,2,32,0,1.8,4.6,6,0,0
102,81,2,8.5,0.1,0.3,0.3,2.5,0,0
102,82,2,8,0,0.6,0.7,1.9,0,0
102,83,6,38,0.2,2.6,2.7,9.5,0,0
102,84,1,3,0.1,0.2,0.3,0.7,0,0
102,90,4,10,0.1,0,0.3,3,0,0
102,91,2,17.5,0.2,0,0.4,5.5,0,0
102,92,3,22,0.4,0.8,0.4,6.4,0,0
102,93,6,21,0.3,0.7,0.4,6.2,0,0
102,95,2,3,0.1,0.2,0.1,0.8,0,0
102,96,3,9,0.2,0.7,0.2,2.4,0,0
102,99,1,2,0,0.1,0,0.8,0,0
102,100,1,5,0.1,0.2,0,2,0,0
102,101,1,1,0,0,0.1,0.4,0,0
102,102,2,4,0.2,0.2,0.2,1.4,0,0
102,103,2,4,0.2,0.2,0.2,1.4,0,0
102,104,7,25,0.8,1,1.8,7.9,0,0
102,105,8,40,1.1,4.1,1.4,10.6,0,2.2
102,106,3,17,0.6,1.9,0.4,4.4,0,1
102,107,2,3,0.1,0.1,0,1.3,0,0
102,108,3,14,0.1,2.2,2.5,0.7,0,0.8
102,109,1,7,0,0,0.2,4.1,0,0
102,110,1,3,0,0,0.1,1.8,0,0
102,120,1,6,0,0.2,0.5,2.2,0,0
102,121,1,3,0,0.2,0.2,0.9,0,0
102,124,1,2,0.1,0.1,0,0.7,0,0
102,125,4,9,0.2,0.7,0,3,0,0
102,126,2,5,0.2,0.3,0,1.7,0,0
95,1,2,7,0.3,1.1,0.3,2.1,0,0
95,4,1,4,0.1,0,0.7,0.9,0,0
95,6,1,4,0.1,0,0.7,0.9,0,0
95,7,1,2,0.2,0.2,0.2,0.3,0,0
95,8,1,4,0.3,0.5,0.3,0.7,0,0
95,17,0,23,0,0,11,0,0,7
95,18,2,15,0.6,2.2,1.4,3,0,0
95,21,5,29.5,0,1.8,2.6,8.9,0,0
95,25,3,13,0.5,2.1,1,3.3,0,0
95,28,1,5,0.3,0.7,0,1.4,0,0
95,29,2,4,0.2,0.4,0,1.2,0,0
95,30,1,3,0.1,0.4,0,0.9,0,0
95,31,2,15.5,0.6,0.4,0,5.1,0,0
95,32,6,105,2.2,8.4,5.1,27.8,0,0
95,33,2,132,3,13.9,7.8,32.9,0,6
95,34,3,237,6.1,24.3,47.2,43.4,0,15.9
95,35,1,3,0.1,0.1,0.6,0.6,0,0.6
95,37,1,3,0,0,0.1,1.1,0,0
95,41,1,3,0,0,0.1,1.3,0,0
95,42,2,29,0.4,0.8,2.5,6.8,0,0
95,43,1,2,0,0,0.2,0.5,0,0
95,48,2,7,0.3,0.1,1.6,1.5,0,0
95,49,4,29,0.5,1.5,3.3,7.6,0,0
95,65,2,64,3,7,7.7,7.3,0,0
95,66,3,154,5,23,3.9,36.8,0,0
95,67,2,10,0,0.3,1,2.7,0,0
95,69,4,71,0.6,14.2,8,10.1,0,0
95,70,3,10.5,0.2,1.2,0.6,2.8,0,0
95,71,5,20,0.4,2.2,0.1,5.1,0,0.1
95,72,4,15,0.2,1.4,0.3,3.9,0,0.1
95,73,1,3,0,0.2,0.2,0.6,0,0
95,79,4,13,0.3,2.1,0.6,2.6,0,0
95,80,5,25,0.3,4.8,1.2,4.9,0,0
95,81,5,31,0.2,7.2,1.2,5.4,0,0
95,82,2,13,0.1,1.8,1,2.2,0,0
95,83,3,13,0.2,1.5,2.2,1.5,0.1,0
95,84,4,34,1.1,3.7,0.6,6.9,0.3,0
95,85,4,108,2,4.2,17.6,19,0.2,0
95,86,5,181.5,1,12.3,29,32.3,0,17
95,87,1,3,0,0.7,0.4,0.4,0,0
95,88,6,21,0,4.3,3,3,0,0
95,89,2,82,1.4,3.2,15.4,4.9,0,0
95,90,1,197,0,4,42,33.5,0,14
95,91,4,14,0.2,0.4,0.8,4.6,0,0
95,92,1,5,0.1,0.3,0,1.3,0,0
95,93,2,9,0.2,0.6,0,2.3,0,0
95,94,6,49,0.5,8.2,7.1,2.9,0,0
95,95,4,156.5,0.8,13.3,25.5,18.8,0,4
95,96,6,74,1.9,8,13.6,7.6,0,8
95,99,1,2,0,0.1,0.1,0.8,0,0
95,101,2,7,0,0.1,0,2.8,0,0
95,102,2,10,0,0.2,0,4,0,0
95,103,1,2,0,0.1,0,0.8,0,0
95,105,2,3,0,0,0.5,0.7,0,0
95,106,1,3,0,0,0.4,0.7,0,0
95,107,2,4,0,0,0.4,1.3,0,0
95,108,3,10,0.2,0.2,0.4,3.8,0,0
95,109,1,2,0.2,0,0.1,0.7,0,0
95,111,2,3.5,0,0.3,0,1.3,0.1,0
95,112,1,4,0,0.3,0,1.5,0.1,0
95,113,2,4,0,0.3,0,1.5,0.1,0
95,114,3,10,0,0.1,0.6,2.4,0,0
95,115,2,17,0.3,0,2.5,4.1,0,0
95,116,2,14,0,0.2,0.6,3.5,0,0
95,117,2,7,0,0.2,0.4,1.7,0,0
95,118,3,9,0,0.6,0.6,2.6,0,0
95,119,2,3,0,0.1,0.3,0.8,0,0
95,120,2,8.5,0,0.2,0.9,2.3,0,0
95,126,4,14,0.3,1.3,2.1,2.1,0,0
101,0,2,13,0.4,1.4,0.6,3.4,0,0
101,3,2,8,0.5,1,0.4,1.9,0,0
101,4,2,20,0.6,4.8,2.5,4.2,0,1.2
101,7,3,19,0.3,1.5,1.5,4,0,0
101,12,3,8,0.3,0.4,0.5,2,0,0
101,16,4,21,0.1,2.8,2.2,4.2,0,0
101,17,1,49,0,3.3,2.1,15.4,0,0
101,18,2,29,0,0.4,2.4,8.6,0,0
101,19,1,2,0,0,0.2,0.6,0,0
101,21,4,137,0,45.6,18.7,1.9,0,0
101,22,2,481.5,57.1,88.4,17.1,99,1,5
101,23,1,450,17.2,54.7,46.5,154.6,0,64
101,24,0,380,20,39,54,78,0,27
101,25,4,273,5.2,106.9,21.9,3.1,0,13
101,26,1,2,0,0.9,0,0.1,0,0
101,27,1,6,0.5,0.3,1,1.5,0,0
101,29,1,1,0.1,0,0.2,0.3,0,0
101,30,1,4.5,0.4,0.2,0.8,1.1,0,0
101,32,2,12,0,1.9,0.2,2.9,0,0
101,33,1,2,0,0.3,0,0.5,0,0
101,34,3,5,0,0.2,1,0.8,0,0
101,36,1,2,0,0.1,0.4,0.3,0,0
101,37,2,9,0.1,0.5,1.4,1.4,0,0.1
101,39,1,1,0,0.1,0.1,0.2,0,0
101,43,1,57,0.4,16.5,4.3,2.3,0,6.4
101,44,4,140,1.9,15.1,28,6.6,0,10.2
101,45,2,37,0.2,12.4,1.8,2.1,0,3.2
101,46,1,1,0,0,0.1,0.3,0,0
101,48,3,7,0.3,0.3,1.1,2.1,0,0
101,49,5,29.5,0.6,0.9,5.3,5.9,0,0
101,51,4,15,0.3,0.4,1.5,4.2,0,0
101,53,1,4,0.1,0.1,0.4,1.1,0,0
101,54,2,36,7.1,8.7,0.3,3.2,0,0
101,55,3,337,15,18,69.5,62.7,2,67
101,56,4,130,2.4,6.6,24.4,22.6,0,13
101,57,2,70,0.9,7.1,6.8,16.2,0,0
101,58,2,8.5,0,0.4,1.9,1.7,0,0
101,59,1,4,0.3,0.4,0.1,1.1,0,0
101,60,2,6,0.4,0.6,0.2,1.6,0,0
101,63,1,2,0.2,0.1,0,0.8,0,0
101,64,1,39.5,0.1,1.1,0.2,12.8,0,0
101,65,4,52.5,0.5,1.1,1.8,14.6,0,0
101,66,3,17,0.5,1.6,0.7,5.1,0,0
101,67,7,123.5,0.5,15.2,13.5,19.2,0,0
101,68,2,12,0,1.7,1.7,1.4,0,0
101,69,6,36,0.9,0,2.4,9.2,0,0
101,72,5,25,0.6,2.1,0,9.4,0,0
101,75,3,116.5,0.8,48.5,3.5,4.4,0,20.7
101,76,0,572,13,34,106,122,0,51
101,77,4,111,0.9,10.4,33.3,6,0,0.5
101,78,4,20.5,0.5,3.9,1.2,2.1,0,0
101,79,3,51,0,1.9,10.5,5.1,0,0
101,80,1,7,0,0.4,1,1.3,0,0
101,81,1,2,0,0.1,0.1,0.6,0,0
101,82,1,4,0.1,0.1,0.1,1.2,0,0
101,83,5,25,0.4,0.8,0.8,7.4,0,0
101,84,2,5,0.2,0.4,0.5,1,0,0
101,85,2,5,0.2,0.4,0.5,1.1,0,0
101,90,3,22,0.5,0.5,0.6,6.4,0,0
101,92,2,11,0.2,0,0.2,3.4,0,0
101,93,1,2,0,0,0.1,0.6,0,0
101,94,2,8,0.2,1,0.6,1.4,0,0
101,95,6,52,0.7,5.5,3.3,10.5,0,0
101,96,4,16,0,0.7,0.3,4.9,0,0
101,101,1,2,0.1,0.1,0.1,0.7,0,0
101,103,1,2,0.1,0.1,0.1,0.7,0,0
101,104,3,23,1.3,0.7,1.9,6.1,0,0
101,105,1,4,0.2,0.1,0.3,1.1,0,0
101,106,1,19.5,0,4.9,0,1.7,0,3.8
101,107,1,2,0,0,0,1.2,0,0
101,108,1,1,0,0,0,0.6,0,0
101,109,2,2,0,0,0,1.2,0,0
101,121,3,10,0,0.5,0.8,3,0,0
101,123,2,7.5,0,0.4,0.6,2.3,0,0
101,124,1,1,0,0.1,0,0.3,0,0
101,125,2,5,0.2,0.3,0,1.7,0,0
101,126,2,4,0.2,0.2,0,1.4,0,0
96,0,4,43,0.4,0.9,0.4,18.6,0,0
96,3,3,19,0.7,3,0.7,5.8,0,0
96,4,3,20,0.6,0,3.6,4.3,0,0
96,5,1,5,0.3,1,0.6,0.8,0,0.2
96,6,3,96,7.2,11.4,5.5,23.1,0,1.1
96,12,1,4,0.3,0.5,0.3,0.7,0,0
96,13,1,1,0.1,0.1,0.1,0.2,0,0
96,15,1,5,0.1,0.6,0.4,0.7,0,0
96,16,2,9,0.3,0.9,0.8,1.2,0,0
96,17,4,94,0.8,13.2,9.1,22.5,0,8
96,18,1,4,0.1,0.6,0.4,0.8,0,0
96,21,1,2,0,0.2,0.2,0.4,0,0
96,24,1,3,0.1,0.5,0.2,0.8,0,0
96,25,3,36,1.4,5.8,2.6,9.2,0,0
96,28,2,11,0.6,1.4,0,3.2,0,0
96,29,1,2,0.1,0.2,0,0.6,0,0
96,31,1,10,0,0.5,0.5,2.6,0,0
96,32,1,5,0,0.2,0.3,1.3,0,0
96,33,1,2,0,0.4,0.2,0.3,0,0
96,34,5,54.5,0.6,2,19.1,5.1,0,19.1
96,35,1,7,0.2,0.4,1.4,1.4,0,1.4
96,37,2,10.5,0,0,0.5,3.8,0,0
96,41,2,24,0,0,0.8,10.5,0,0
96,45,1,8,0.2,0.4,0.6,2.4,0,0
96,47,2,4,0.4,0.2,0.6,1,0,0
96,48,3,7,0.7,0.3,1.2,1.8,0,0
96,49,2,3,0.3,0.1,0.5,0.8,0,0
96,64,1,11,0,3.3,1.6,1,0,0
96,65,4,17,0,2.5,1,5.6,0,0
96,66,2,139,2,2.7,12,49.4,0,0
96,68,2,6,0,0.1,0.2,2.3,0,0
96,69,2,9,0.3,1,0.5,2.3,0,0
96,70,4,15,0.5,1.8,0.6,3.6,0,0
96,71,4,24.5,0.9,3.4,0,4.8,0,0
96,72,5,43,0,2.4,3.2,8.8,0,0
96,73,3,7,0,0.3,0.6,1.4,0,0
96,77,2,10,0,2.4,0.4,2.4,0.2,0
96,78,3,8,0,1.9,0.4,1.9,0.1,0
96,80,2,16,0.1,4.2,0.7,2.9,0.1,0
96,81,6,54,0.4,14.6,2.4,8.3,0,0
96,82,2,33,0,9.3,5.4,1.2,0,0
96,83,4,54.5,0,4.3,8.9,10.1,0,0
96,84,4,23,0.3,3.7,0,5.2,0,0
96,85,7,37.5,0.4,5.2,1.5,7.5,0,0
96,86,4,57,0,4.1,8.3,7.7,0,0
96,87,1,4,0,0.3,0.6,0.5,0,0
96,89,3,53,0,1.4,11.8,4.2,0,0
96,90,4,51,0,2.6,12.1,4.8,0,0
96,91,4,19,0,0,0,8.8,0,0
96,92,2,14,0.4,1,0,3.5,0,0
96,93,1,1,0,0.1,0,0.2,0,0
96,94,4,54.5,0.5,3.3,10.8,2.3,0,0
96,95,3,23,0.9,3.8,1.2,3.8,0,0
96,96,3,6,0.2,1,0.3,1,0,0
96,98,2,4,0.1,0.1,0.2,1.6,0,0
96,99,2,3,0,0.1,0.2,1.2,0,0
96,100,1,1,0,0,0.1,0.4,0,0
96,101,1,4,0,0.1,0,1.6,0,0
96,103,1,2,0,0.1,0,0.8,0,0
96,108,1,2,0,0,0.1,0.8,0,0
96,109,2,3,0,0,0.2,1.2,0,0
96,110,2,6,0.1,0.1,0.2,2.3,0,0
96,112,1,1,0,0.1,0,0.4,0,0
96,113,2,6,0,0.4,0,2.2,0.2,0
96,114,1,2,0,0,0.3,0.5,0,0
96,115,1,2,0,0,0.3,0.5,0,0
96,116,5,25,0.4,0.6,1,9.1,0,0
96,117,4,16,0.1,0.6,1.2,4.7,0,0
96,118,6,35,0,1.6,3.4,8.3,0,0
96,119,1,8,0,0.3,0.8,2.2,0,0
96,122,1,4,0,0.1,0.6,1,0,0
96,123,1,6,0,0.1,0.9,1.6,0,0
96,124,1,4,0.1,0.4,0.6,0.6,0,0
96,127,1,2,0,0.1,0.1,0.7,0,0
97,6,4,132.5,4.6,12.4,7.5,40.8,0,6.5
97,7,3,30,0.8,4,3.3,7.6,0,1
97,8,1,3,0.2,0.4,0.3,0.5,0,0
97,9,1,2,0.1,0.1,0.1,0.7,0,0
97,10,2,18,1,1,1,6.2,0,0
97,15,5,36,1.1,2,1.4,11.7,0,0
97,16,1,28,1.2,0,1,11.5,0,0
97,17,2,20,0.7,2.8,1.8,3.8,0,0
97,21,2,8,0.1,1.3,1.1,1.4,0,0
97,22,4,58.5,0.2,5.7,5.2,18.2,0,0
97,23,2,10,0.1,1.2,1.2,1.9,0,0
97,25,5,22,0.8,1.6,2.2,3.9,0,0
97,29,3,5,0.3,0.5,0,1.5,0,0
97,31,1,2,0,0,0.3,0.4,0.1,0
97,34,1,2,0.2,0,0.1,0.8,0,0
97,36,4,27,0.4,0,2,9.7,0,0
97,39,4,7,0,0,0.3,2.5,0,0
97,42,1,4,0.1,0.2,0.3,1.2,0,0
97,44,1,4,0.3,0.1,0.1,1.3,0,0
97,46,2,3,0,0.1,0.3,0.9,0,0
97,47,3,4,0.2,0.1,0,1.3,0,0
97,63,3,70,0.5,11.9,12.6,1.4,0,0
97,64,1,6,0,1.8,0.9,0.5,0,0
97,65,6,76.5,2.2,13.7,4.8,20.6,0,0.5
97,67,1,4,0.4,0.2,0.1,0.8,0,0
97,68,4,23,1.8,1.1,0.7,5,0,0
97,69,5,23,0.1,2.5,0.2,5.4,0,0
97,70,4,27,0.2,3.2,0.8,6.9,0,0
97,71,7,60,0.9,7.6,3,15.8,0,0
97,72,1,4,0.1,0.6,0,0.8,0,0
97,73,1,1,0,0,0.1,0.2,0,0
97,74,1,1,0,0.2,0.1,0.2,0,0
97,77,3,5,0,0.1,0,1.9,0,0
97,78,7,43,0,7,1.1,11.8,0.3,0
97,79,4,32,0.6,3.2,2.6,6.9,0,0
97,80,2,16,0,2,3.2,0.1,0,0
97,81,7,113,0.1,16.4,20.5,3,0,0
97,82,4,17,0,3.2,2.6,2.1,0,0
97,83,3,11,0,0.3,0.8,2.6,0,0
97,84,3,8,0.1,0.9,0.2,2,0,0
97,85,4,17,0,1,1.6,3.9,0,0
97,86,6,86.5,0,4.1,15.1,11.6,0,0
97,89,1,1,0,0,0,0.4,0,0
97,90,4,18.5,0,0.9,0,6.7,0,0
97,91,3,8,0.1,0,0,3.7,0,0
97,92,2,5,0.3,0,0,2,0,0
97,94,1,4,0.2,0.7,0.2,0.6,0,0
97,95,5,17,0.6,2.7,0.7,3,0,0
97,96,3,15,0,1.3,0,3.7,0,0
97,97,1,4,0,0.3,0,1,0,0
97,98,2,12,0.2,0.3,0.4,5,0,0
97,100,1,2,0,0.1,0.1,0.8,0,0
97,101,1,2,0,0.1,0,0.8,0,0
97,109,1,2,0,0,0.1,0.8,0,0
97,113,1,1,0,0.1,0,0.4,0,0
97,114,4,110,0.5,2.6,15.1,35.4,1,10
97,115,7,41,0.7,0.7,5.8,9.9,0,0
97,116,3,27,0.3,0.4,2.4,8.3,0,0
97,118,2,18,0,0.7,1.5,4.9,0,0
97,123,1,1,0,0,0.1,0.3,0,0
97,124,2,5,0.1,0.5,0.6,1,0,0
97,125,1,2,0,0.1,0.1,0.7,0.1,0
97,127,1,1,0,0.1,0,0.5,0,0
100,0,5,36.5,2.6,2,0.2,11.9,0,0
100,1,1,2,0.2,0,0,0.7,0,0
100,2,1,1,0.1,0.1,0.1,0.2,0,0
100,3,4,33,2.3,3.4,1.1,8.8,0,0
100,4,4,36,1.2,5.1,2.1,10.6,0,0.5
100,11,3,42,0.6,0.8,2,11.1,0,0
100,12,4,17,0.4,0.6,0.8,4.3,0,0
100,13,2,6,0.1,0.2,0.3,1.5,0,0
100,17,1,2,0,0.2,0,0.7,0,0
100,18,3,16,0,1.1,0.6,5.2,0,0
100,19,3,16.5,0,0.7,1,5.1,0,0
100,21,1,6,2.3,0.3,0.2,0,0,0
100,22,2,586.5,168.4,126.3,37.7,5.8,0,230
100,23,5,287,57.5,19.5,7,49.7,0,26
100,24,4,26,2.4,4.5,0.9,5.2,0,0
100,25,2,17.5,1.5,3,0.7,3.5,0,0
100,26,2,7,0,1.3,0.1,2,0,0
100,27,2,7,0,0.6,0.1,2.6,0,0
100,29,1,2,0.1,0.2,0,0.6,0,0
100,30,1,4,0.3,0.2,0.7,1,0,0
100,33,4,28,0,1,3.5,6.1,0.4,0
100,35,2,10,0.3,0.5,1.4,2.4,0,0
100,39,1,2,0,0,0.1,0.7,0,0
100,42,1,4,0.1,0.9,0.5,0.4,0,0.3
100,43,2,16,0.3,3.7,1.9,1.8,0,1.1
100,44,2,142.5,3.1,13.6,26.1,22.5,0,20.6
100,45,3,67.5,0,1.8,18.1,16.6,0,12.1
100,46,2,4,0.2,0.1,0.2,1.2,0,0
100,49,1,3,0.1,0.1,0,1,0,0
100,54,2,88,7.1,26.5,2.2,1.4,0,22
100,55,5,58,2,6.9,3.4,13.6,0,0
100,58,1,2,0,0.1,0.4,0.4,0,0
100,60,1,3,0.1,0.1,0,1,0,0
100,61,2,27,0.4,0.7,5.4,2.9,0,2.5
100,62,0,91.5,1,4,1,46,0,0
100,63,3,108,1.2,9.5,4.3,39,0,2.1
100,65,2,10,0.1,0.3,0.4,2.8,0,0
100,66,3,17,0.3,1.5,0.7,5.7,0,0
100,67,4,20.5,0.2,2,0.5,6.4,0,0
100,69,3,4,0,0,0.1,1.6,0,0
100,70,2,6,0,0.2,0.2,2.1,0,0
100,71,1,2,0,0,0.1,0.7,0,0
100,72,5,42,1,3.2,1.2,14.5,0,0
100,73,2,13,0.4,1,0.5,4.3,0,0
100,75,0,21,0,12,0,0,0,0
100,76,5,200.5,17.4,35.7,17,12.1,0,18.4
100,77,3,258.5,5.3,16.6,76.5,13.8,1,42
100,78,3,21,0.5,1.4,2.5,4.1,0,0
100,79,5,50,0.7,2.8,3.1,13.4,0,0
100,80,2,11,0.1,0.3,0.6,3,0,0
100,81,1,4,0,0.1,0.3,0.9,0,0
100,82,1,5,0,0.1,0.4,1.2,0,0
100,83,1,2,0,0,0.2,0.5,0,0
100,84,1,2,0.1,0.2,0.2,0.4,0,0
100,87,1,3,0,0.1,0,1.1,0,0
100,90,4,19,0.5,0.1,0.2,6.4,0,0
100,93,4,10,0.4,0,0.1,3.5,0,0
100,94,4,7,0.1,0.6,0.3,1.9,0,0
100,95,2,26,0.5,2.6,1.3,6.3,0,0
100,96,1,2,0,0.1,0,0.6,0,0
100,99,1,1,0,0.1,0,0.4,0,0
100,100,2,4,0,0.2,0.1,1.6,0,0
100,102,1,2,0,0.1,0,0.8,0,0
100,107,3,6,0,0,0.4,2.4,0,0
100,114,5,26,0,1,0.7,9.4,0,0
100,115,1,9,0,0.4,0.2,3.2,0,0
100,120,4,16,0,0.2,0.8,6.2,0,0
100,125,2,6,0.1,0.4,0.1,2.1,0.1,0
94,11,3,6,0.6,0.6,0.6,0.9,0,0
94,12,1,4,0.3,0.5,0.3,0.7,0,0
94,16,4,44,1,3.1,1.5,14.5,0,0
94,17,1,4,0,0.6,0.3,0.8,0,0
94,20,1,5.5,0,0.2,0.5,2,0,0
94,21,4,23,0,1,1.9,8.4,0,0
94,22,1,3,0,0.1,0.3,1.1,0,0
94,23,1,3,0,0.3,0.3,0.6,0,0
94,25,1,1,0,0.2,0.1,0.2,0,0
94,29,1,8,0.4,1.1,0,2.3,0,0
94,30,1,5,0.3,0.7,0,1.4,0,0
94,31,1,1,0.1,0,0,0.3,0,0
94,33,3,15.5,1.3,4.2,1.3,0.5,0,0
94,34,2,114,1,43,10.8,2.6,0,25.2
94,38,1,9,0,0,0.3,3.2,0,0
94,41,1,4,0,0,0.1,1.8,0,0
94,42,4,15,0.2,0.3,1.2,3.8,0,0
94,43,3,24.5,0.3,0.7,2.2,5.7,0,0
94,44,1,2,0,0.1,0.2,0.6,0,0
94,47,3,19,0,0,5.4,3.3,0,0
94,48,1,57.5,0,0,15.6,5.9,0,0
94,49,2,18.5,0,1.1,1.8,4.8,0,0
94,50,5,43,0.3,2,3,12.4,0,0
94,51,1,2,0,0.1,0,0.7,0,0
94,62,1,5,0,1.2,0.9,0,0,0
94,63,4,47,2,12.7,6.1,0,0,0
94,64,1,3,0,0.9,0.4,0.3,0,0
94,66,1,13,0,0.5,1.5,3.1,0,0
94,67,4,63,0.8,1.7,3.2,20.8,0,0
94,69,5,148,0.6,3.7,29.9,14.7,0,0
94,70,4,59,0.1,6.3,10.4,5.1,0,0.3
94,71,6,26,0.2,1.9,0.5,7.8,0,0.5
94,72,5,23,0,1.3,1.5,5,0,0
94,73,2,4,0,0.2,0.4,0.8,0,0
94,74,2,7,0,1.6,0.3,1.6,0.2,0
94,79,5,19,0.5,3.1,0.9,3.8,0,0
94,80,4,20,0.2,3.3,0.9,4,0,0
94,81,2,8,0,1.2,0.2,1.8,0,0
94,82,3,28,0.4,3.4,3.4,3.4,0.2,0
94,83,5,74.5,1.4,8.6,9.8,7.9,0.8,0
94,84,5,30.5,1.2,2.7,0.8,6,0.3,0
94,85,3,17,0,2,0.7,4,0,0
94,86,3,53,0,3.7,10.6,3.2,0,0
94,87,4,14,0,2.4,1.4,2.5,0,0
94,88,3,11,0,2.3,1.6,1.5,0,0
94,90,6,37,1.1,1.8,2.7,9.5,0,0
94,91,4,10,0.1,0.4,0.7,2.9,0,0
94,92,2,6,0.2,0.3,0.2,1.6,0,0
94,93,3,11,0.3,0.7,0,2.8,0,0
94,94,3,12,0.1,2.1,1.7,0.7,0,0
94,95,8,157,2.7,21.9,24.6,9.2,0,0
94,96,9,61,1.9,9.6,5.8,8.9,0,0
94,97,2,13,0.3,2.1,1.2,1.9,0,0
94,99,2,5,0.1,0.2,0.2,2,0,0
94,100,4,8,0.1,0.2,0.3,3.2,0,0
94,101,2,2,0,0,0,0.8,0,0
94,102,1,2,0,0.1,0,0.8,0,0
94,104,1,1,0,0,0.2,0.2,0,0
94,106,5,49,0,0.8,6.8,11.1,0,0
94,107,3,5,0.1,0.1,0.3,1.9,0,0
94,108,3,12,0.3,0.3,0.4,4.5,0,0
94,109,4,32,2.5,0.9,1.7,10.9,0,0
94,110,4,5,0.4,0.1,0.3,1.7,0,0
94,112,5,17,0,1.5,0,6.2,0.6,0
94,114,1,4,0,0,0.2,1,0,0
94,115,2,13,0,0.1,0.6,3.3,0,0
94,116,1,13,0,0.2,0.6,3.2,0,0
94,117,3,11,0,0.3,0.5,2.8,0,0
94,118,4,16,0,1.4,0.7,5.3,0,0
94,119,1,2,0,0.1,0.2,0.5,0,0
94,120,3,12,0,0.4,1.4,3.1,0,0
94,121,4,12,0,0.3,1.7,3.2,0,0
94,122,2,7,0,0.2,1.1,1.8,0,0
94,124,1,4,0.1,0.4,0.6,0.6,0,0
94,125,1,2,0,0.2,0.3,0.3,0,0
94,126,4,59,0.7,4.3,11.8,5.1,0,0
94,127,2,132,0.4,28.4,17.2,3.7,0,23
99,4,1,1,0,0.1,0.1,0.3,0,0
99,11,1,1,0,0,0,0.3,0,0
99,16,2,13,0,0,0.6,5.9,0,0
99,17,1,8,0,0,0.4,3.6,0,0
99,18,1,3,0,0.3,0,1.1,0,0
99,19,1,6,0,0.7,0,2.1,0,0
99,21,1,1,0.4,0.1,0,0,0,0
99,22,1,5,0.7,0.4,0.5,0.5,0,0
99,23,1,2,0.3,0.2,0.2,0.2,0,0
99,24,2,5,0,0.3,0.8,1,0,0
99,25,3,82.5,0,4.2,18.7,18.1,0,16
99,26,7,72,0,4.3,1.5,23.6,0,0
99,27,1,3,0.2,0.3,0,0.9,0,0
99,28,2,6,0.4,0.6,0,1.8,0,0
99,29,2,8,0.4,0.8,0,2.4,0,0
99,30,1,1,0,0,0.2,0.2,0,0
99,31,1,4,0,0.1,0.6,0.8,0.1,0
99,33,1,21.5,0,0.4,3,4.6,0.4,0
99,34,2,16,1.7,0,1.1,6.1,0,0
99,35,1,1,0.1,0,0.1,0.4,0,0
99,37,1,2,0,0,0.1,0.7,0,0
99,38,1,2,0,0,0.1,0.7,0,0
99,43,3,47.5,1,2,3,16,0,0
99,44,1,2,0,0.2,0.4,0.3,0,0
99,46,3,12,0.8,0.4,0.4,3.7,0,0
99,55,2,7,0.1,0.3,0,2.5,0,0
99,61,1,210.5,0.3,4.6,57.4,2.3,0,21.1
99,62,4,103,1.6,8.4,13,14.5,0,4
99,63,4,62,3.9,7,8.1,15.6,0,4.4
99,64,3,22,2,1.6,0.6,5.2,0,0
99,66,6,33,0,2.8,1.4,12.3,0,0
99,67,5,13,0,1.3,0.1,4.1,0,0
99,68,4,18,0,1.8,0,5.7,0,0
99,69,2,6,0,0.1,0.2,2.3,0,0
99,70,5,29,0,0.8,0.9,11,0,0
99,71,3,10,0,0.2,0.4,3.5,0,0
99,73,5,20,0.6,1.7,0.9,6.5,0,0
99,74,1,1,0,0,0,0.4,0,0
99,76,1,10,0.3,0.5,0.6,2.6,0,0
99,77,7,38,0.9,2,3.6,8.9,0,0
99,78,6,48,1.2,2.5,6.1,10,0,0
99,79,4,33,0.6,1.9,1,9.9,0,0
99,80,6,32.5,0.5,1.4,1.5,9,0,0
99,81,3,10,0,0.2,0.8,2.4,0,0
99,86,2,6,0,0.1,0.5,1.8,0,0
99,90,2,5,0.2,0,0,1.9,0,0
99,91,2,6.5,0.3,0,0,2.4,0,0
99,92,6,15,0.7,0,0,5.5,0,0
99,93,1,4,0.2,0,0,1.5,0,0
99,95,5,16,0.3,1.3,0.4,5,0,0
99,96,2,7,0.2,0.5,0.2,2.2,0,0
99,104,2,4,0,0.2,0,1.6,0,0
99,107,1,3,0,0,0.2,1.2,0,0
99,108,1,3,0,0,0.2,1.2,0,0
99,113,1,5,0,0,0.4,1.9,0,0
99,114,1,10,0,0.4,0.2,3.6,0,0
99,115,3,9,0,0.4,0.2,3.2,0,0
99,116,1,1,0,0,0.2,0.2,0,0
99,120,5,14,0,0.1,0.9,5.3,0,0
99,121,2,5,0,0.1,0.7,1.3,0,0
99,123,2,9,0,0.2,1.4,2.3,0,0
99,124,3,63,0.7,2.6,10.9,15,0.9,8
99,126,1,3,0.1,0.1,0.1,1.1,0.1,0
30,0,3,17,0.5,2.5,2.8,1.2,0,0
30,1,1,6,0,1.1,0.8,1,0,0.5
30,2,2,15,0,1.1,3.4,1.1,0,0
30,3,4,271,7.3,17.4,66.5,7.9,0,0.1
30,4,2,481,26,60.9,73.7,51.7,0,0
30,5,1,48,0,3.8,12.7,1.9,0,0
30,6,1,2,0,0.3,0.3,0.1,0,0
30,7,2,5,0,0.5,0.8,0.4,0,0
30,8,1,6,0,0.4,0.9,0.7,0,0
30,9,2,7,0,1.1,0.5,1.4,0,0
30,10,1,2,0,0.2,0.1,0.4,0,0
30,11,3,119,1.7,17,13.7,15.2,0,2
30,12,3,49,0,4.7,9.5,1.9,0,0
30,15,2,8,0.1,0.9,0.9,1.4,0,0
30,16,3,81,0,14.7,12.6,3.3,0.2,0
30,17,4,109.5,0,6.7,32.4,5.5,0.2,8
30,18,1,1,0,0.1,0.3,0,0,0
30,20,1,17,0.5,1.8,2.4,2.4,0,1
30,21,6,73,1.1,5.4,14.7,8,0,5
30,22,2,4,0,0.2,0.2,1,0,0
30,24,1,2,0,0.3,0.2,0.4,0,0
30,26,2,3,0,0.3,0.6,0.4,0,0
30,27,2,12,0,1.2,1.8,1.9,0,0
30,28,2,6,0,0.6,0.5,1.2,0,0
30,29,1,12,0,1.3,1.2,2.1,0,0
30,30,1,2,0,0.2,0,0.6,0,0
30,31,2,3,0,0.3,0,0.9,0,0
30,36,2,13,0.3,0.6,0.9,3.6,0,0
30,37,4,95.5,0.8,2.5,10.3,26.9,0,0
30,41,1,1,0,0.1,0,0.3,0,0
30,42,2,5,0.2,0.7,0,1.3,0,0
30,43,3,11,0.2,1.6,0,2.9,0,0
30,44,1,4,0,0.3,0.1,1.3,0,0
30,46,1,2,0,0.1,0.1,0.7,0,0
30,47,1,4,0.3,0.1,0.1,1.1,0,0
30,48,1,3,0,0.6,0.4,0.3,0,0
30,49,2,7,0.5,0.1,0.1,2.6,0,0
30,50,3,6,0.1,0.2,0.2,2.1,0,0
30,51,4,14,0.3,0.8,0.4,4.2,0,0
30,53,1,4,0.1,0.8,0.3,0.7,0,0
30,54,4,16,0.3,0.7,0.5,4.3,0,0
30,55,1,4,0.1,0.2,0.1,1.1,0,0
30,56,1,1,0,0.1,0,0.3,0,0
30,57,3,17,0.2,1.4,1.3,3.4,0,0
30,58,2,4,0.1,0.5,0.4,0.5,0,0
30,60,1,2,0.1,0.2,0.1,0.4,0,0
30,61,2,6,0.1,1.1,0.7,0.2,0,0
30,62,2,61,0.3,12.1,8.6,2,0,0
30,63,4,11,0.1,2.1,1.2,0.6,0,0
30,64,1,3,0,0.1,0.2,0.7,0,0
30,66,2,4,0,0.3,0.5,0.7,0,0.1
30,67,2,11,0,0.5,0.2,3.9,0,0
30,68,4,15,0,0.9,0.6,5.3,0,0
30,72,2,16,1,0.8,0.5,2.9,0,0
30,74,1,6,0.1,0.1,0.4,1.4,0,0
30,76,2,24,0.3,0.4,1.6,5.6,0,0
30,77,1,5,0,0.5,0.4,1.1,0,0
30,78,6,56,0,5.1,4.4,12.4,0,0
30,79,3,16,0.1,1.4,1.1,3.8,0,0
30,81,2,5,0.1,0.2,0.5,1.1,0.1,0
30,82,2,4,0,0.2,0.2,1.2,0,0
30,84,1,3,0,0.1,0.1,0.7,0,0
30,85,1,4,0,0.5,0.1,1.1,0,0
30,87,2,13,0.3,1,2.2,1.6,0,0
30,88,1,7,0.3,0.5,0.5,1.8,0,0
30,89,3,13.5,0,0.5,0.1,4.9,0,0
30,92,1,4,0.2,0,0.1,1.3,0,0
30,93,1,3,0.2,0,0.1,0.9,0,0
30,94,2,6.5,0,0.7,0.3,1.3,0,0
30,96,2,7,0,0.7,0.4,1.4,0,0
30,97,4,146.5,0.4,40.9,6.7,5.8,0,0
30,98,0,316.5,0,70,59,3,0,30
30,99,3,202.5,0.8,47.8,22.3,5.3,0,10
30,100,6,65,2.1,6.2,2.9,12.8,0,0
30,101,6,31,1.4,1.3,0.8,10,0,0
30,102,4,61.5,1.5,6.2,5.5,10.9,0,0
30,103,7,97,1.4,9.7,10.7,14.2,0,0
30,104,1,6,0,0.1,1.8,0,0,0.8
30,106,2,6,0.4,0.2,0.1,2.2,0,0
30,107,4,26,3,0.1,0.5,8.5,0,0
30,108,4,66,4.6,1.5,2.9,21.7,0,0
30,109,1,21,1.5,1.9,2.3,2.3,0,0
30,110,2,277,13.1,12.7,75.1,10.5,0,2.5
30,111,7,21,1.4,2.2,2.7,1.7,0,0.3
30,112,7,42,2.4,4.7,2.6,7,0.3,0.1
30,113,5,97.5,4.1,10.2,6,15,0.3,0
30,114,2,453,72.4,73.3,27.3,20.9,0,8
30,115,5,149,42.7,3.5,3.7,5.2,0,8
30,116,2,16,1.9,0.6,2,1.7,0,0
30,119,1,703,219.3,31.4,177.2,17.3,1,68
30,120,0,1171.5,263,84,211,51,0,312
30,121,1,570,96.7,109.9,43.8,14.4,0,74
30,122,1,1078.5,254.3,109,185.6,8.3,0,44
30,123,1,605.5,160.5,46.1,49,12.4,1,0
30,124,0,1495,163,128,350,31,0,220
30,125,0,1284,97,156,408,28,1,189
30,126,0,1412,17,390,216,76,0,181
30,127,0,1154,0,195,260,4,0,79
93,8,1,2,0,0.2,0,0.6,0,0
93,13,1,4,0,0.3,0,1.2,0,0
93,21,1,2,0,0.1,0.1,0.5,0,0
93,25,1,4,0.2,0.3,0,1.4,0,0
93,27,2,3,0,0.2,0.3,1,0,0
93,34,1,16,0.5,1.1,1.2,3.7,0,0
93,35,6,104,1.5,4.5,6.1,31.8,0,0
93,37,2,6.5,0,0.4,0.4,2.3,0,0
93,42,2,10,0,2.3,0.4,2.2,0,0.7
93,43,4,15,0,3.6,0.6,3.2,0,0.9
93,44,2,9,0,0.7,1.5,2.7,0,1.1
93,45,1,10,0,0.8,1.7,2.9,0,1.2
93,46,1,1,0,0,0.1,0.4,0,0
93,47,1,5,0.2,0,0,1.8,0,0
93,50,1,6,0.2,0,0,2.2,0,0
93,51,3,37,0,1.1,4.8,7.4,0,0
93,61,3,30,0,1.7,4.8,8.1,0,0
93,62,2,211,7.3,21.5,24.1,27.9,0,0
93,63,3,33,0.7,7.9,5.1,0,0,0
93,67,3,57,1.2,5.3,4.5,14.3,0,0
93,68,2,12,0.1,1.4,1.5,1.8,0,0
93,69,1,145.5,5.5,5.3,4.9,59.9,0,0
93,70,3,401.5,15.6,62.6,65.2,22.1,0,31
93,71,6,64,2.5,7,4.2,9.8,0,0
93,72,2,88,1,9.9,10.2,15,0,0
93,73,6,30.5,0,3.2,1.4,7.8,0,0
93,74,4,13,0.5,0.8,0.5,3.3,0,0
93,75,2,5,0.2,0.3,0.2,1.3,0,0
93,79,2,4,0,0.6,0.2,1,0,0
93,80,1,10,0.4,0.7,1,1.5,0,0
93,81,7,44,1.8,3.1,4.3,6.7,0,0
93,82,5,55.5,3.3,3,8.9,7.2,0,0
93,83,3,29.5,2.7,1.4,5.2,5,0,0
93,84,5,50,0,0.7,7.9,11.1,0,0
93,85,3,8,0,0.1,1.3,1.8,0,0
93,86,1,1,0,0.1,0,0.5,0,0
93,87,1,5,0,0.2,0,2.6,0,0
93,89,1,1,0,0,0,0.4,0,0
93,90,3,6,0,0.2,0,2.1,0,0
93,92,2,13.5,0,0.1,0,4.8,0,0
93,93,2,13,0,0,0,4.6,0,0
93,94,5,20,0,3.4,2.2,1.8,0,0
93,95,6,134.5,1.6,27.8,17.4,6.6,0,0
93,96,1,2,0.1,0.6,0,0.3,0,0
93,99,2,6,0.1,0.1,0.2,2.1,0,0
93,100,1,8,0,0,0,3.1,0,0
93,104,4,7,0,0,0,3.1,0,0
93,106,2,5,0,0.4,0,2.6,0,0
93,107,5,19.5,0,2.1,1.1,6.1,0,0
93,108,3,27,0,3.2,2.9,4.3,0,0
93,111,1,2,0,0.1,0.1,0.7,0,0
93,112,1,8,0.2,0.3,0.2,2.8,0,0
93,113,3,9,0.2,0.2,0.2,3.2,0,0
93,115,2,5,0,0.1,0.2,1.2,0,0
93,116,1,13,0.3,0.3,0.3,2.9,0,0
93,117,5,190.5,2.3,17,31.3,25.6,0,18
93,118,4,10,0,0.6,1.6,1.4,0,0
93,119,1,2,0,0,0.3,0.5,0,0
93,120,1,2,0,0.2,0.2,0.3,0,0
93,121,1,1,0,0.1,0.1,0.2,0,0
93,122,5,24,2.4,3.3,4.3,2.4,0,2.7
93,123,2,3,0.3,0.4,0.5,0.3,0,0.3
93,124,2,17,0.2,2.6,3.2,1.7,0,0
93,125,5,37,0.3,5.3,7.5,3.2,0,0
93,126,2,4,0,0.4,1,0.2,0,0
93,127,5,39,0,7.2,6.4,1.7,0,0
78,2,1,2,0.1,0.4,0.3,0.4,0,0
78,11,1,1,0,0.1,0,0.4,0,0
78,12,1,5,0.4,0.5,0.1,1.6,0,0
78,15,2,11,0,2.2,1.5,1.6,0,0
78,16,2,2,0,0.4,0.2,0.4,0,0
78,23,2,29,0,3.3,0.6,8.5,0,0
78,29,3,7,0.3,0.7,0.5,2.1,0,0
78,32,1,3,0.1,0.3,0.1,0.8,0,0
78,33,1,3,0.1,0.3,0.1,0.8,0,0
78,39,2,11,0.5,1.5,1.1,1.3,0,0
78,40,1,30,0.2,1.7,1.5,11.6,0,0
78,43,1,2,0,0.1,0.1,0.5,0,0
78,44,4,15,0.9,3,0.2,2.5,0.4,0
78,45,2,5,0.3,1,0,0.8,0.2,0
78,48,1,1,0,0.2,0.1,0.1,0,0
78,49,1,1,0,0.2,0.1,0.1,0,0
78,50,1,4,0.1,0.8,0.2,0.6,0,0
78,53,1,7,0.2,1.4,0.4,1,0,0
78,57,3,7,0,1.2,0.2,1.2,0,0
78,64,2,24,0,1.2,4.4,1.2,0,0
78,65,2,78,0,5.8,9.6,12.8,0,0
78,68,3,10,0.2,0.8,1.7,1.3,0,0
78,70,2,10,0.1,2.5,1.1,0.5,0,0
78,71,7,94.5,0.8,24.5,9.3,5.3,0,0
78,72,1,5,0,1.3,0.5,0.3,0,0
78,76,2,22,0.5,2.9,2.4,2.9,0,0
78,79,1,4,0,0.3,0.4,0.9,0,0
78,80,1,15,0,5.1,0.2,1,0,1.5
78,81,5,95,0,32.1,3.7,4.1,0,5.9
78,82,2,2,0,0.3,0.1,0.6,0,0.1
78,83,3,16,0.4,0.6,1.6,7,0,0
78,85,1,2,0,0.1,0.1,0.6,0,0
78,86,7,46,1.1,3,1.6,12.7,0,0
78,87,1,11,0,0.3,0.3,3.2,0,0
78,88,4,18.5,0,0.5,0.6,5.3,0,0
78,91,3,5,0,0,0,2.5,0,0
78,92,1,2,0,0,0,1,0,0
78,93,1,2,0,0,0,1,0,0
78,101,2,8,0.1,0,0.2,2.8,0,0
78,102,3,9,0.1,0,0.3,3.2,0,0
78,103,5,27.5,0.5,0.6,0.7,11.3,0,0
78,104,5,14,0.3,0.4,0,5.3,0,0
78,105,4,15,0.4,0.6,0.2,5.4,0,0
78,106,4,10,0.5,1.1,1.1,2.3,0,0
78,107,1,2,0,0.1,0,0.7,0,0
78,108,3,16,0,0.6,0,5.8,0,0
78,109,2,6,0,0,0.2,2.2,0,0
78,110,3,12,0,0.1,0.4,4.3,0,0
78,111,2,6,0,0.1,0,2.3,0,0.1
78,113,3,7,0,0.1,0,2.7,0,0.1
78,114,4,32,0,0.1,7.3,3.7,0,0
78,115,1,2,0,0,0.5,0.2,0,0
78,116,4,29.5,0,0.2,6.7,3.3,0,0
78,117,2,6,0,0.3,0.3,1.6,0,0
78,118,4,22,0,1.3,0.6,6.7,0,0
78,119,2,7,0.1,0.1,0.2,2.1,0,0
78,120,2,5,0,0.1,0.2,1.5,0,0
78,121,2,6,0.4,0,0,1.9,0,0
78,122,1,1,0.1,0,0,0.3,0,0
78,123,3,6,0,0.5,1.2,0.3,0,0
78,124,5,17,0,0.8,0,6.8,0,0
78,125,2,4,0,0.2,0,1.6,0,0
78,127,1,1,0,0,0,0.4,0,0
91,3,1,6,0,0.5,0.4,1.3,0.2,0
91,7,1,3,0,0.2,0,0.9,0,0
91,9,2,6,0,0.4,0,1.9,0,0
91,16,1,2,0.1,0.1,0.2,0.5,0,0
91,17,4,56.5,0.6,1.7,4.9,19.3,0,0.5
91,18,2,9,0,0.9,1.1,1.7,0,0.4
91,20,1,4,0.1,0.2,0.2,1,0,0
91,21,2,7,0.1,0.2,0.5,1.8,0,0
91,24,2,15,0.5,1.1,0,5.4,0,0
91,26,1,2,0.1,0.1,0,0.7,0,0
91,27,1,3,0.1,0.2,0,1.1,0,0
91,30,1,14,0,0.6,1.8,4.3,0,0
91,31,3,24,0,3.4,2.2,5.4,0,0
91,34,0,25,1,0,0,12,0,0
91,42,4,73,0,2,11.1,14,0,5.1
91,43,5,189,1,7.1,18.9,46.1,0,5.3
91,44,1,2,0,0,0.1,0.8,0,0
91,47,2,9,0.3,0,0,3.3,0,0
91,51,2,44,1.7,1.7,3,13.1,0,0
91,52,5,69,1.5,4.2,10.6,9.4,0,0
91,53,2,6,0,0.5,1.2,0.5,0,0
91,54,2,39,0,2,7,6,0,0
91,64,3,6,0.1,0.3,0.4,1.8,0,0
91,65,1,2,0.1,0.1,0.1,0.6,0,0
91,66,1,2,0.1,0.1,0.1,0.6,0,0
91,68,2,5,0.5,0.5,0.5,0.5,0,0
91,69,3,12,0.6,1,0,5.7,0,0
91,71,6,92,4.2,2.4,1.7,26.3,0,0
91,72,6,135,8,5.9,4.8,36.1,0,0
91,73,7,70.5,2.4,4.9,3.6,18.2,0,0
91,74,4,23,1,1.7,0.7,5.1,0,0
91,75,6,44,1.1,3,3.2,10.7,0,0
91,76,3,14,0,0.9,1.7,3.8,0,0
91,80,5,56,0.3,7.9,6.1,8.7,0,0
91,81,2,5,0.1,0.3,0.6,0.6,0,0
91,82,2,48,0.3,2.7,13.3,5.6,0,0
91,83,3,183.5,1.4,11.5,64.3,4.4,0,16
91,84,3,97,11.1,4.8,7.7,22.3,0,0
91,85,3,13,1.2,0.5,0.9,4.1,0,0
91,86,1,2,0,0.1,0,1,0,0
91,87,5,35,0.6,3.2,1.1,8.7,0,0
91,88,5,12,0.2,1.2,0.7,2.4,0,0
91,90,2,9,0.3,0.3,0,3.2,0,0
91,91,4,7,0,0,0,2.5,0,0
91,92,3,10,0,0.5,0.5,2.7,0,0
91,93,1,3,0,0.3,0.5,0.3,0,0
91,94,5,45.5,0.7,11.5,2.1,3.8,0,0
91,95,6,32,0.9,8.4,1.1,2.9,0,0
91,96,4,12,0.9,3.4,0,1.5,0,0
91,97,1,3,0,0.1,0.1,1,0,0
91,98,4,10,0,0.2,0.4,3.4,0,0
91,100,2,5,0,0.1,0.1,1.8,0,0
91,101,1,3,0,0,0,1.1,0,0
91,103,1,2,0,0,0,0.8,0,0
91,104,2,8,0.7,1.1,0,2.2,0,0
91,105,3,10,0.8,1,0,3.1,0,0
91,106,1,3,0,0,0,1.3,0,0
91,107,1,1,0,0.1,0.1,0.2,0,0
91,108,3,7,0,0.9,0.7,1.1,0,0
91,109,1,4,0,0.5,0.4,0.6,0,0
91,110,1,2,0,0.1,0.1,0.7,0,0
91,111,1,3,0.1,0.1,0.1,1,0,0
91,112,1,2,0,0.1,0.4,0.2,0,0
91,113,4,36.5,0.8,0.9,7.1,4.4,0,0.5
91,114,4,15,0.4,0.4,0,5.6,0,0
91,115,2,9,0.2,0.2,0,3.4,0,0
91,116,2,4,0,0,0,1.6,0,0
91,117,2,3,0,0,0.3,0.7,0,0
91,118,9,73,1,1.7,11,9.3,0,0
91,119,2,11,0,0,1.7,2.4,0,0
91,121,2,6,0.1,0.5,0.7,0.9,0,0
91,122,4,226.5,15.2,48.2,24.7,10.9,0,16
91,123,3,386,10.5,18.5,102.7,96.2,3,66
91,124,1,682.5,27.3,29.1,50.6,276.7,5.3,34
91,125,3,215.5,22.6,33.2,41.2,13.5,0.1,37
91,126,5,54,0.5,8.4,8.4,4.1,0,0
91,127,2,13,0,0.7,0.8,3.3,0,0
34,0,2,9,0,0.3,0.6,2.2,0,0
34,2,3,12,0,0.3,0.5,2.3,0,0
34,3,1,9,0,0.2,0.5,1.7,0,0
34,4,5,41,0,13.4,2,3.5,0,0
34,5,3,9,0.1,2.7,0.5,0.8,0,0
34,9,1,4,0.1,0.5,0.3,0.7,0,0
34,13,1,2,0,0.2,0.1,0.5,0,0
34,14,2,7,0,0.8,1.4,0.7,0,0.7
34,15,1,2,0,0.1,0,0.7,0,0
34,20,1,5,0.1,0.4,0,1.3,0,0
34,22,2,22,0.6,1.4,2.3,4.7,0,0
34,23,3,13,0.4,0.7,1.3,2.9,0,0
34,24,1,1,0,0.1,0,0.3,0,0
34,25,1,1,0,0.1,0,0.3,0,0
34,26,1,1,0,0.1,0,0.3,0,0
34,27,4,227,16,8.9,21.4,75.6,0,4
34,28,2,129,1.2,34.4,10.2,25.2,0,34
34,31,2,3,0,0.5,0,0.6,0,0
34,33,2,5,0,0.8,0,1.1,0,0
34,37,1,3,0,0.1,0.2,1,0,0
34,38,1,2,0,0.1,0.1,0.7,0,0
34,39,3,17,0.3,0.7,0.9,5.5,0,0
34,42,1,3,0.1,0.3,0.1,1,0,0
34,44,1,1,0,0.1,0,0.4,0,0
34,45,2,2,0,0.2,0,0.8,0,0
34,47,1,3,0.2,0.3,0.1,0.9,0,0
34,49,3,12,0.8,1.2,0.4,3.8,0,0
34,51,2,74.5,0.3,1.6,23.9,1.5,0,8
34,52,3,9.5,0,0.9,0.2,4.2,0,0
34,54,1,1,0.1,0,0,0.3,0,0
34,57,1,7,0.1,0.5,0.2,1.5,0,0
34,59,2,7,0.2,0.5,0.2,1.4,0,0
34,61,1,1,0,0.1,0,0.3,0,0
34,63,4,64,0.4,3.4,10.5,11.9,0,4
34,64,1,2,0,0,0.1,0.7,0,0
34,65,1,3,0,0.1,0.1,1,0,0
34,66,1,4,0,0.1,0.2,1.3,0,0
34,67,1,4,0,0.1,0.2,1.3,0,0
34,70,2,4,0.3,0.1,0.2,1.1,0,0
34,72,1,7,0.4,0.2,0.5,1.7,0,0
34,74,5,71,0.7,4.3,10.9,7.9,0,0
34,75,1,284.5,7,13.5,36.3,59.3,0,18
34,76,1,10,0,0.7,1.6,1.6,0,0
34,77,1,31.5,1,0.1,0,11.3,0,0
34,78,2,11,0.2,1.2,0.3,3,0,0
34,79,3,152.5,3.7,11.1,30.5,10.3,0,0
34,80,2,328,5.1,10.5,64.7,52,0,10
34,81,2,47,1.5,3.2,10.4,10.6,0,0
34,82,1,1,0,0.1,0.2,0.1,0,0
34,84,7,59.5,0,5,5.9,13.1,0,0
34,86,4,56,1.3,0.7,7.9,7.8,0,0
34,87,0,45,0,0,12,3,0,0
34,88,7,23,0.2,1.4,3.2,4.2,0,0
34,89,1,3,0,0,0.3,1,0,0
34,92,1,5,0.3,0.3,0.3,0.7,0,0
34,93,1,6,0.3,0.4,0.4,0.8,0,0
34,94,2,38.5,0.1,6.4,0.3,7.4,0,0
34,96,2,9,0,2.4,0.3,1.1,0,0
34,97,3,54,0,14.2,2.8,6.3,0,0
34,98,3,107.5,0,10.7,11.3,21.6,0,0
34,99,4,168.5,1,19.1,32.3,14.8,0,0
34,101,4,20,0,4.4,3,1.8,0,0
34,102,4,36,0.9,6,5,3.7,0,0
34,103,4,96,1.9,4.6,21.8,4.5,0,0
34,104,4,120.5,3,10.4,48.9,2.7,0,10.4
34,105,1,710.5,9.3,103.2,168.6,32.3,1,89
34,106,1,154,12.6,9.6,11.3,31.1,0,4
34,107,2,9,0.7,0.3,0.8,2.4,0,0
34,108,2,3,0.2,0.1,0.3,0.8,0,0
34,109,4,29,0.7,0.8,0,11.4,0,0
34,111,1,2,0,0.9,0.1,0.1,0,0
34,112,3,27.5,1.8,5.8,2.3,2.2,0,0
34,113,5,70,1.9,27.1,2.4,2.4,0,0
34,114,3,887,7.6,417.6,41,1.4,0,250
34,115,1,2653,577.4,612.4,174.9,17.4,0,611.8
34,116,0,2166.5,246,393,121,304,0,143
34,117,0,1770.5,56,58,180,533,0,21
34,118,0,2556,147,226,290,808,4,17
34,119,1,3124.5,32.7,310,553.4,1177.7,3,511
34,120,1,930.5,7.3,6,442.6,122.3,0,135
34,121,1,301,12.5,40.1,48.6,67.8,0,7
34,122,1,988.5,75.2,45.4,350.5,39.3,1,184
34,123,3,323,1,1.3,146.8,4.6,0,103
34,124,1,2,0.1,0,0.1,0.6,0,0
90,1,1,2,0,0.2,0.1,0.4,0.1,0
90,4,6,52,4,3.3,3.9,13,0.3,1.3
90,5,2,9,0.7,0.6,0.6,2.5,0,0.2
90,6,1,7,0,0.7,0.4,1.5,0.2,0
90,9,1,3,0,0.2,0,0.9,0,0
90,12,1,6,0.1,0.4,0.2,2.3,0,0
90,13,5,23,0.4,1.9,0.5,8.6,0,0
90,22,4,35,0.9,1.8,1.9,14.2,0,0
90,25,4,31.5,0.8,1.3,1.8,8.1,0,0
90,27,1,4,0,0.2,0.5,1.2,0,0
90,39,1,3,0,0.2,0,1.3,0,0
90,42,3,40,0,0.6,3,11.9,0,0.5
90,43,2,74,1,9.4,11.8,10.9,0,13.3
90,46,1,2,0,0,0.1,0.8,0,0
90,47,1,3.5,0.1,0,0,1.3,0,0
90,52,2,51,0,4.5,10.4,4.3,0,0
90,53,4,72.5,2,8.4,10.8,4.2,0,0
90,54,2,108,2.3,9.2,8.7,16.9,0,0
90,64,2,39.5,0.7,2.3,4,10.8,0,0
90,65,1,8,0.2,0.5,0.5,2.3,0,0
90,68,2,10,1.2,1.4,0.5,1.1,0,0
90,69,6,111,8,9.7,2.3,40.8,0,0.3
90,70,0,25,11,0,0,0,0,0
90,71,3,12,0.6,0.2,0.1,4.2,0,1
90,72,5,172.5,17,6.6,4.8,42.6,0,0.6
90,73,5,205.5,27.6,29.5,6.1,28.7,0,2
90,74,5,146,13.9,5.4,7.7,41.9,0,1
90,76,1,11,0,0.7,1.3,3,0,0
90,80,3,47,0.5,4.9,4.8,7.3,0,0
90,81,3,10.5,0,1.4,0.8,2,0,0
90,82,4,13,0.5,2.5,0.9,0.8,0,0
90,83,6,70,2.7,13.7,6.6,3.6,0,0
90,84,5,12,0.9,0.5,0.8,3.4,0,0
90,85,4,12,0.7,0.5,0.7,2.7,0,0
90,86,3,6,0,0.6,0.1,2.6,0,0
90,87,4,31.5,0.5,2.8,0.1,10.6,0,0
90,88,3,12,0.2,1,0,4,0,0
90,89,2,4,0.2,0.3,0.1,1.3,0,0
90,90,3,8,0.2,0.5,0.2,2.7,0,0
90,91,2,4,0,0,0,1.4,0,0
90,92,4,6,0.1,0.4,0.4,1.9,0.1,0
90,93,3,8,0.2,0.6,1.2,1.6,0,0
90,94,5,37,2.4,7.4,2.9,3.4,0,0
90,95,5,17,0.5,4.1,0.8,1.7,0,0
90,96,3,6,0.4,0.9,0,1.2,0,0
90,97,2,6,0.4,0.4,0.1,1.7,0,0
90,98,1,2,0.1,0,0.1,0.7,0,0
90,99,3,8,0.4,0.2,0.2,2.8,0,0
90,100,1,1,0,0,0,0.4,0,0
90,101,3,11,0.2,0.1,0,4.2,0,0
90,103,5,8,0.3,0,0,3.2,0,0
90,104,4,12,0.5,1,0.8,3,0,0
90,105,2,3,0.2,0.4,0.1,0.7,0,0
90,106,3,7,0,0,0.8,1.9,0,0
90,108,1,2,0,0.3,0.2,0.3,0,0
90,109,2,4.5,0,0,0.1,1.7,0,0
90,110,3,10,0.1,0.2,0.8,3.4,0,0
90,111,2,45.5,0,3.4,11,6.4,0,2
90,112,3,148,1.9,15,12.9,44.1,0,12.2
90,113,3,113,0.7,1.7,29.2,10,0,0.3
90,114,2,6,0.1,0.2,0.2,2.1,0,0
90,115,2,5,0,0.1,0.3,1.7,0,0
90,117,4,9,0.1,0.3,1,2.1,0,0
90,118,2,8,0.2,0,0.4,2.9,0,0
90,119,5,51,0.8,0.8,7.3,13.4,0,0
90,120,2,8,0.1,0.9,0.7,1.3,0,0
90,121,5,29,0.1,4.8,1.5,5.2,0,0
90,122,8,48.5,1.2,7.2,3.4,8.5,0,0
90,123,4,131.5,26.1,17.1,3.2,17,0,15
90,124,5,258,16.1,41,11.6,62.4,0.3,12
90,125,7,113.5,4,22.9,18.5,6.4,0.3,0
90,126,3,11,0.6,2.6,1.5,0.9,0,0
104,5,1,1,0,0.3,0.1,0.2,0,0.1
104,9,1,38,1,10.1,2.3,4.6,0,5
104,10,5,157.5,4.7,6.3,29.8,25.3,0,11.9
104,11,5,128.5,5.7,12.7,4.7,34.9,0,4.3
104,12,1,5,0.3,0.6,0.4,0.9,0,0.4
104,13,1,2,0.1,0.2,0.2,0.4,0,0.1
104,14,1,8,0,0.3,0,4,0,0
104,15,5,30,0,1.7,0.8,11.9,0,0
104,17,1,3,0,0.2,0.1,1.1,0,0
104,22,2,30,0.5,3.7,4.5,5.1,0,0
104,23,5,47.5,0.9,7,6.7,7.7,0,0
104,24,2,17,0.3,2.6,3.2,1.9,0,0
104,25,1,3,0.1,0.4,0.6,0.3,0,0
104,26,2,6,0.1,0.9,1.2,0.6,0,0
104,30,1,1,0,0.2,0.1,0.1,0,0
104,31,6,24,0,3.7,0.3,5.9,0,0
104,33,2,7,0,1.1,0.1,1.7,0,0
104,37,1,2,0.1,0.2,0.1,0.6,0,0
104,43,1,7,0,0.5,0,2.9,0,0
104,44,1,3,0,0.1,0.1,1.2,0,0
104,45,4,15,0,0.8,0.2,6,0,0
104,48,1,1,0,0,0.1,0.4,0,0
104,50,2,8,0,0,1,2.8,0,0
104,59,1,3,0.1,0.6,0.2,0.4,0,0
104,60,1,1,0,0,0,0.5,0,0
104,61,1,97,3,1.2,6,46.3,0,0
104,64,3,18,0.6,0.9,0.6,5.4,0.3,0
104,65,7,40,1.2,2,1.9,12.2,0.2,0
104,66,3,41,1.5,2.5,1,14.8,0,0
104,67,2,6,0.2,0.2,0.4,1.9,0,0
104,69,4,12,0.8,0.7,0.3,3.7,0,0
104,73,1,2,0,0.1,0.1,0.6,0,0
104,74,6,26,0.5,2.6,1.2,5.3,0,0
104,75,8,49.5,1,4.9,2.4,9.9,0,0
104,76,1,15,0.2,1.1,1.6,2.5,0,0
104,77,3,24,2.2,2,1.7,2,0,0
104,78,2,18.5,1.9,1.6,1.2,1.2,0,0
104,82,1,2,0,0.2,0.2,0.3,0,0
104,84,2,5,0.2,0.4,0.5,1.1,0,0
104,88,3,21,0.5,1.2,2.1,3.4,0,0
104,89,1,3,0,0.2,0.3,0.5,0,0
104,96,3,9.5,0,0,0.3,4.2,0,0
104,97,4,25,0,0.1,1,10.8,0,0
104,99,1,3,0.1,0.1,0,1.2,0,0
104,100,2,4,0,0.2,0,1.6,0,0
104,102,1,2,0.1,0.1,0.1,0.6,0,0
104,103,1,1,0,0.1,0,0.3,0,0
104,104,5,15,0,0.8,1.1,4.6,0,0
104,105,3,20,0,1.2,1.3,6.1,0,0
104,106,5,36,0.6,2.4,2.6,12.4,0,0
104,107,4,16.5,0.4,1,1.3,5.4,0,0.3
104,108,8,124.5,2.4,3.7,6.6,48.1,1,3.8
104,109,1,4,0,0.3,0.2,1.4,0,0
104,110,5,15,0,1,0.8,5.9,0,0
104,119,2,3,0,0.3,0,0.9,0,0
104,121,1,2,0,0,0.4,0.4,0,0.2
104,123,1,1,0,0,0,0.6,0,0
104,126,2,3,0,0.1,0.3,0.9,0,0
104,127,1,4,0,0.1,0.2,1.2,0,0
116,0,2,8,0,0.2,0.3,3,0,0
116,1,1,2,0.1,0.4,0.1,0.5,0,0.2
116,2,1,1,0,0,0.1,0.4,0.1,0
116,3,1,57,0,1,23.1,5.4,0.1,7
116,4,6,211,9,13.3,13.1,65.4,0,6.5
116,5,3,29,2.4,4.3,2.7,3.7,0,2
116,6,1,1,0.1,0.1,0,0.2,0,0
116,7,4,32,1,1.9,1.5,8.9,0,0
116,8,2,18,0,0.3,1,6.5,0,0
116,9,3,10,0,0.6,1,4.4,0,0
116,10,1,3,0,0.2,0.3,1.3,0,0
116,26,7,49,0.6,2.2,0.7,18.9,0,0
116,28,4,22,0.9,1.3,0,6.8,0,0
116,29,8,47,1.9,2.8,0,14.6,0,0
116,30,2,22,0.9,1.3,0,6.8,0,0
116,32,1,5,0.1,0.4,0.4,1.4,0,0
116,33,3,34.5,0.4,2.5,3.1,9.7,0,0
116,34,5,35,0,2.5,5,8,0,0
116,35,1,7,0.2,0.9,1.2,0.7,0,0.2
116,36,5,117,3.7,13.3,30.8,8.6,0,15.7
116,37,2,114,4.2,12.8,12.7,22.5,0,10.6
116,38,2,3,0,0.2,0.6,0.7,0,0.1
116,39,2,7,0.1,0.4,1.2,1.6,0,0.3
116,40,1,7,0.2,0.4,1.2,1.6,0,0.3
116,42,1,1,0,0.1,0,0.3,0,0
116,44,2,30,0,1.2,1.2,11.4,0,0.4
116,45,2,13,0,0.5,0.6,4.9,0,0.1
116,46,2,13,0.4,1.7,0.6,3.8,0,0
116,48,2,4,0,0,0.1,1.6,0,0
116,54,4,47,1.1,5.6,1.6,14.4,0,0
116,56,3,15,0,0.5,0.3,4.9,0,0
116,57,1,2,0,0.2,0.4,0.2,0,0
116,64,2,15,0.6,1,0.6,4.3,0,0
116,65,4,26,1.2,1.8,1.1,7,0,0
116,66,2,19,1.2,1.6,0.8,3.3,0,0
116,71,2,14.5,0.3,1.9,0,5.4,0,0
116,72,3,11,0.3,1.4,0,4.1,0,0
116,74,2,21,0,0.5,1.7,4.8,0,0
116,85,1,1,0,0.2,0.1,0.4,0,0
116,94,1,1,0,0,0,0.4,0,0
116,95,2,6,0,0,0,2.5,0,0
116,98,2,9,0,0,0.4,4.5,0,0
116,99,2,6,0,0,0.3,3,0,0
116,100,1,2,0,0.1,0,0.8,0,0
116,101,2,3,0,0.2,0,1.2,0,0
116,105,1,2,0,0.1,0,0.8,0,0
116,107,3,7,0.1,0.4,0.2,2.3,0.2,0
116,108,4,17,0.5,0.5,0.5,5.3,0.5,0
116,109,1,1,0,0,0,0.3,0.1,0
116,112,2,6,0,0.3,0,2.7,0,0
116,113,1,2,0,0.1,0,0.9,0,0
116,114,1,6,0.5,0.6,0.9,0.6,0,0
116,115,3,18.5,0.6,4.3,1.3,3.1,0,3
116,116,3,12,0.3,2.9,0.8,2.1,0,2.3
116,117,5,13,0.4,1.7,0.7,3.6,0,1.4
116,118,2,3,0.1,0,0.2,1.2,0,0
116,120,2,9,0.3,0,0.3,3.8,0,0
116,121,1,1,0,0,0,0.4,0,0
116,123,1,2,0,0,0.1,0.8,0,0
116,124,1,4,0,0,0.2,1.6,0,0
89,4,2,14,1.3,0.9,1.1,3.5,0,0.4
89,7,1,2,0,0.2,0,0.6,0,0
89,12,1,8,0.1,0.6,0.3,3.1,0,0
89,13,5,28,0.4,2.1,0.9,10.7,0,0
89,18,1,3,0.1,0.4,0.1,0.7,0,0
89,22,1,2,0.1,0.1,0.1,0.8,0,0
89,35,2,12,0.3,0.6,0.3,4.4,0,0
89,36,7,47,1.1,2.2,1.4,16.9,0,0
89,37,5,46.5,1.1,2.7,0.6,18.5,0,0
89,38,1,1,0,0.1,0,0.4,0,0
89,39,3,8,0.1,0.5,0,3.5,0,0
89,48,1,9,0.3,1.4,0.6,1.7,0,0
89,49,3,50,1.4,2.2,13,1.4,0,5.7
89,50,2,46,0.7,0.8,8,10.3,0,5.2
89,54,5,36,0.8,2.7,4,7.2,0,0
89,57,1,3,1.1,0,0.1,0,0,0
89,58,1,71,26.9,0,0.9,0,0,0
89,59,2,99.5,1,48,0,1,0,21
89,60,1,20,0,10,0,0,0,0
89,63,3,86,2.4,2.5,25.5,1.7,0,0
89,64,2,249,2.6,14.8,27.8,68.7,0,0
89,65,2,124,2.2,12.3,14.8,21.8,0,0
89,66,2,18,0,9.2,0,0,0,0
89,67,2,9,1.2,1.4,0.1,1.2,0,0.1
89,68,1,11,1.6,1.6,0.1,1.5,0,0.1
89,69,2,863.5,168.4,180.7,6.4,12.2,0,96.4
89,70,2,317.5,50.2,12.8,63.1,46.4,0,4.1
89,71,2,71,1.7,0,6,44,0,1.5
89,72,5,130.5,17.9,20,23,13.5,0,17
89,73,0,899.5,242,58,104,109,0,104
89,74,2,371,21.7,71.8,42.1,28.8,0,12
89,75,4,130,2.2,9.5,24.6,13.3,0,0
89,76,1,1.5,0.1,0.3,0,0.2,0,0
89,81,6,54,0,7.3,4.3,11,0,0
89,82,2,9,0,1.2,0.7,1.8,0,0
89,85,3,14,0.2,1.3,0.6,4.6,0,0
89,86,3,6,0,0.7,0.2,2.2,0,0
89,87,6,18,0.1,1.9,0.2,6.2,0,0
89,88,3,5,0,0.5,0,1.7,0,0
89,89,5,21,1.8,1.8,1.2,6.3,0,0
89,90,5,10,0.8,1,0.5,3,0,0
89,91,5,14,0.2,0.7,0,4.9,0.5,0
89,92,1,5,0.2,0.3,0.7,1.3,0,0
89,93,4,21.5,0.6,1.3,3.1,5.7,0,0
89,94,6,51,3.3,10.2,4.1,4.5,0,0
89,95,1,1,0.1,0.1,0,0.2,0,0
89,97,1,6,0.3,0.8,0,1.3,0,0
89,98,2,8,0.6,0.2,0.2,2.6,0,0
89,101,2,6,0.2,0.1,0,2.3,0,0
89,102,4,8,0.2,0.2,0,3,0,0
89,103,3,9,0.3,0.2,0,3.4,0,0
89,104,5,91.5,0.1,3.9,12.4,24.3,0,0
89,105,1,25,0.5,1.6,2.6,5.7,0,0
89,106,4,38.5,0,0.8,7.1,5.3,0,0
89,107,1,2,0.1,0.1,0,0.8,0,0
89,108,4,23.5,0.9,1,0,10.1,0,0
89,109,6,33,0.6,0,0.6,12.5,0,0
89,110,6,42,0.2,0.4,2.7,15.1,0,0
89,111,2,9,0,0.2,1,3,0,0
89,113,2,7,0.2,0.2,0.5,2.1,0,0
89,114,1,4,0,0.1,0.3,1.3,0,0
89,116,1,2,0,0.1,0.2,0.6,0,0
89,117,2,5,0.1,0,0.2,1.9,0,0
89,118,3,5.5,0.2,0,0.2,2,0,0
89,119,2,4,0,0,0.6,1.2,0,0
89,120,1,9,0,1.9,0,1.9,0,0
89,121,2,3,0,0.6,0,0.6,0,0
89,122,2,194.5,0.2,17,10.2,64.3,0,0
89,123,5,227.5,1.2,46.9,37.9,12.2,0,17
89,124,6,20,1.2,4.8,1,3,0,0
89,125,6,24,1.5,5.7,1.9,3,0,0
89,126,3,6,0.4,1.4,0.8,0.5,0,0
89,127,1,2,0.1,0.5,0.3,0.1,0,0
115,1,1,2,0.1,0.4,0.1,0.5,0,0.2
115,2,1,3,0.1,0.6,0.2,0.8,0,0.3
115,3,2,146,1.3,28.1,37.6,9.7,0,38.9
115,4,3,114.5,4.3,3.9,27.2,25.3,0,18.2
115,5,4,22.5,1.6,2.9,1.7,3.6,0,1
115,7,2,8,0,0.1,0.4,2.9,0,0
115,8,1,5,0,0.1,0.3,1.8,0,0
115,9,2,7,0,0.4,0.7,3.1,0,0
115,15,1,1,0,0.1,0,0.3,0,0
115,18,7,71,1,3.6,0.8,20.1,0,0
115,24,3,13,0.1,0.5,0.3,5.1,0,0
115,27,1,2,0,0.1,0,0.8,0,0
115,30,2,6,0.2,0.4,0,1.8,0,0
115,33,1,2,0,0.1,0.2,0.6,0,0
115,34,1,4,0,0.3,0.6,0.9,0,0
115,35,2,5,0,0.4,0.6,1.1,0,0
115,36,3,7,0.1,0.8,1,1,0,0.1
115,37,7,116,1.9,13,16.9,15.4,0,5.7
115,38,4,16,0,1.1,2.5,1.5,0,0
115,41,1,2,0,0.1,0.1,0.7,0,0
115,42,1,7,0,0.5,0.2,2.4,0,0
115,44,4,115.5,0,35.6,11.9,10.8,0,31.1
115,45,3,37,0,1.7,2,12.2,0,0.3
115,48,2,16,0,0,0.5,6.5,0,0
115,49,4,31,0,1.7,2.6,10,0.8,0
115,55,1,2,0,0,0.1,0.9,0,0
115,56,7,57.5,0,1.8,1.7,24.5,0,0
115,57,0,18,0,0,11,0,0,11
115,58,3,233.5,0.3,46.2,53.2,3.6,0,65.3
115,59,1,5,0.1,0.6,0.5,0.9,0,0
115,63,3,16,0.9,1.8,0.6,4.6,0,0
115,64,2,3,0.3,0,0,0.7,0,0
115,65,6,81,4.6,2.7,2.2,23.7,0,0
115,66,1,6,0.5,0.5,0,1.9,0,0
115,67,1,4,0,0.1,0.1,1.1,0,0
115,69,3,11,0,0.2,0.1,3.6,0,0
115,70,1,2.5,0,0.1,0,1,0,0
115,72,4,10,0.4,1.6,0.2,2.9,0,0.4
115,74,3,53,1,2.4,2.8,15.1,0,0
115,75,7,39,0,2.8,2.3,11.2,0,0
115,76,1,2,0,0.1,0.3,0.5,0,0
115,89,1,1,0,0.1,0,0.5,0,0
115,91,1,3,0,0,0.2,1.3,0,0
115,92,4,12,0,0,0.5,5.9,0,0
115,94,2,3,0,0.1,0.2,1.5,0,0
115,95,4,27,0.5,0.6,0.6,12.5,0,0
115,96,1,2,0,0,0,1.3,0,0
115,99,1,2,0,0,0.1,1,0,0
115,105,1,3,0.1,0.2,0,1.1,0,0
115,107,3,6,0.1,0.4,0.1,2.1,0.1,0
115,108,1,2,0,0.1,0.1,0.6,0.1,0
115,109,2,8,0.2,0.2,0.2,2.5,0.3,0
115,110,3,9,0,0.4,0,3.9,0,0
115,111,1,3,0,0.1,0,1.4,0,0
115,112,1,1,0,0,0,0.5,0,0
115,114,1,4,0.3,0.4,0.6,0.4,0,0
115,115,3,10,0.7,1.4,1.2,1.2,0,0.6
115,116,1,6,0.5,0.6,0.9,0.6,0,0
115,117,1,3,0,0,0,1.4,0,0
115,119,1,2,0.1,0,0.1,0.8,0,0
115,120,2,5,0.1,0,0.2,2.1,0,0
115,124,1,2,0,0,0.1,0.8,0,0
43,3,1,2,0,0.3,0,0.7,0,0
43,6,1,3,0,0.6,0.2,0.5,0,0
43,7,1,4,0.1,0.4,0.2,0.9,0,0
43,11,1,5,0,0.1,0.2,1.3,0,0
43,16,1,1,0,0,0.1,0.4,0,0
43,18,3,11,0,0.2,1.1,2.7,0,0
43,19,1,1,0,0,0.1,0.3,0,0
43,22,4,15,0,0.2,0.4,6,0,0
43,23,3,28,0,0.5,0.8,11.1,0,0
43,25,1,3,0,0.1,0,1,0,0
43,26,2,28,0,0.8,0,9.1,0,0
43,29,1,2,0.1,0.1,0,0.7,0,0
43,32,1,2,0.1,0.1,0,0.7,0,0
43,37,1,7,0,0.5,0.4,1.7,0,0
43,38,4,20,0,1.5,1.1,4.7,0,0
43,41,2,13.5,0.4,0.4,0.6,3.6,0,0
43,46,3,8,0.5,1.4,0.5,1.6,0,0
43,51,2,3,0.3,0.3,0.1,0.9,0,0
43,54,2,3,0,0.2,0.2,1,0,0
43,59,1,3,0.1,0.2,0.3,0.8,0,0
43,60,4,27.5,0.8,2.1,2.9,4.9,0,0
43,61,2,11,0.3,0.8,1.2,1.8,0,0
43,62,4,20.5,0,1.6,0.9,6.9,0,0
43,63,1,5,0,0.4,0.2,1.7,0,0
43,64,1,2,0,0.1,0.5,0.1,0,0.2
43,66,1,3,0.3,0.1,0.1,0.6,0,0
43,67,3,51,3,2.8,11.3,5,0,4.2
43,72,5,50,3,6.2,6,6,0,1.4
43,73,3,300,21.2,26.2,33,85.7,1,25.7
43,74,2,25,0.6,1.8,4.9,3.7,0,0
43,75,1,4,0,0.1,0.3,1.2,0,0
43,76,4,22,0,0.7,1.5,6.6,0,0
43,77,2,7,0,0.3,0.4,2.1,0,0
43,79,4,23,1.6,0.6,0.6,6.3,0,0
43,80,2,13,0.6,0.4,0.6,3.5,0,0
43,82,1,3,0,0.1,0.3,0.8,0,0
43,83,4,12,0,0.6,1.2,3,0,0
43,84,1,4,0.1,0.1,0.6,0.8,0,0
43,85,2,34.5,0.2,1.1,6.4,7.4,0,0
43,86,3,63,2.3,0,10.4,10.6,0,0
43,87,1,5,0,0.5,1,0.4,0,0
43,88,4,21.5,0,2,4.5,1.9,0,0
43,89,3,8,0,1.6,0.5,2.5,0,0
43,90,1,2,0,0.4,0.1,0.7,0,0
43,91,1,1,0,0.1,0.1,0.2,0,0
43,92,3,12,0,1.4,0.7,2.7,0,0
43,93,1,4,0,0.5,0.2,0.9,0,0
43,94,1,3,0.1,0,0.4,0.9,0,0
43,95,4,133,2.8,3.4,12.1,45,0,0
43,96,2,183,1,5.7,20.5,53.6,0,10
43,97,5,17,0.3,2.8,1,3.5,0,0
43,98,3,17.5,0.7,3.7,1.2,3.3,0,0
43,99,3,8,0.3,1.3,0,2,0,0
43,100,1,2,0,0.2,0.3,0.3,0,0
43,101,3,12,0.2,1.3,1.7,1.6,0,0
43,103,2,5,0.1,0.5,0.7,0.7,0,0
43,104,4,238.5,4.7,15.3,66.2,4.6,0,5
43,105,1,14,0.6,2,2.2,0.6,0,0
43,108,1,6,0,0.3,0.4,1.3,0,0
43,109,2,2,0,0,0.2,0.4,0,0
43,110,1,2,0,0.1,0.1,0.5,0,0
43,112,0,218.5,2,13,40,39,0,45
43,113,3,362.5,1,20,98.1,28,0,39
43,114,1,1063.5,0,5.7,472.8,3.2,0,361
43,115,3,1084,0,1.5,372,2.9,0,150.1
43,116,2,9,0,0.4,2.3,0.4,0,0.2
43,118,2,14,1.4,1.4,0.5,3.9,0,0
43,119,4,50,1.6,10.2,6.9,1.9,0,0
43,120,4,94,0.9,10.4,21.6,2.2,0,0
43,121,1,5,0.1,0.5,0.1,1,0,0
43,122,1,3,0,0.1,0,1,0,0
43,123,2,22,0,0.6,0,7.5,0,0
43,124,5,14,1.8,1.3,0,2.9,0,0
43,125,5,12.5,1.4,1.2,0.3,2.7,0,0
43,126,6,24,2.4,2.2,1.9,4.8,0,0
43,127,5,17,0.9,2.1,0.9,2.4,0,0
117,2,2,13,0.1,0.1,0.6,5.5,0.5,0
117,3,6,22,0.1,0.3,0.8,8.9,0.5,0
117,4,2,7,0.3,0.6,0.3,1.8,0,0.1
117,6,1,2,0,0.1,0,0.7,0,0
117,8,4,22.5,0.3,0.6,1.4,8,0,0.5
117,14,2,13,0.3,1.1,1.1,2.8,0,0
117,15,1,4,0.1,0.3,0.4,0.8,0,0
117,23,3,23,0,2.7,1.6,6.5,0,0
117,24,1,5,0.1,0.3,0.1,1.3,0,0
117,28,1,3,0.1,0.2,0.3,0.8,0,0
117,31,1,2,0,0.1,0.2,0.6,0,0
117,33,8,66,0.9,4.9,11.1,10.2,0,0
117,34,4,24,0,1.8,3.4,5.5,0,0
117,36,4,29,0.7,3.7,3.2,4.2,0.6,0.1
117,38,1,1,0,0.1,0.2,0.2,0,0
117,39,1,2,0,0.1,0,0.8,0,0
117,40,1,2,0,0.1,0.1,0.7,0,0
117,42,1,2,0,0.1,0.2,0.6,0,0
117,43,1,2,0,0.1,0.1,0.7,0,0
117,44,1,1,0,0.1,0.2,0.2,0,0
117,45,2,5,0,0.4,0.2,1.8,0,0
117,46,4,81,1,13.2,8.1,19.7,0,6.5
117,47,5,32.5,0.5,4.2,4.6,5.6,0.1,1.7
117,48,1,2,0,0,0.1,0.8,0,0
117,51,1,2,0,0,0.1,0.8,0,0
117,53,5,26,0.5,1.2,1.1,9.4,0,0
117,54,5,133,3.4,16.6,12.5,25.9,0,0
117,55,2,3,0.1,0.3,0.2,0.9,0,0
117,56,2,23,0,0.9,0.5,7.5,0,0
117,57,4,238.5,7.3,21.3,37.6,37.6,0,0
117,58,1,9,0,1.1,1.7,0.7,0,0
117,59,1,2,0,0,0.8,0.1,0,0
117,60,1,1,0,0,0.4,0,0,0
117,64,3,77.5,2.3,3.8,0.5,28.4,0,0
117,65,4,243,13.6,18.2,10.7,56.8,0,0
117,66,2,8,0.5,0.7,0.5,1.7,0,0
117,71,3,71,27.3,3.1,3.3,4.9,0,20
117,72,6,35,1.3,4.7,6.6,5,0,3.4
117,73,4,27.5,0.2,4.4,7,2.1,0,4.6
117,75,2,3,0.1,0,0.2,1.1,0,0
117,91,1,2,0,0.2,0.2,0.5,0,0
117,92,3,4,0,0.2,0.3,1.7,0,0
117,94,1,6,0,0,0,2.5,0,0
117,95,2,6,0,0.1,0,3.2,0,0
117,96,3,4,0,0,0,2.1,0,0
117,97,1,1,0,0,0,0.5,0,0
117,98,3,9,0,0.1,0.1,4.1,0,0
117,99,2,5,0,0,0,2.5,0,0
117,100,3,8,0.1,0.5,0.2,3,0,0
117,101,3,15,0.3,1.2,0.1,5.3,0,0
117,102,1,3,0.1,0.4,0.1,0.6,0,0
117,104,4,11,0.7,0.9,1,3.9,0,0
117,105,5,38,4.9,2.4,3,11.1,0,0
117,106,3,9,1.5,0.4,0.5,2.3,0,0
117,107,2,3,0.2,0,0,1.3,0,0
117,108,1,4,0.2,0,0.1,1.7,0,0
117,109,1,1,0,0,0,0.3,0.1,0
117,110,1,5,0.3,0.6,0.4,1,0,0
117,111,2,14,0.7,1.6,1.2,2.9,0,0
117,112,3,6.5,0.3,0.5,0.3,2.1,0,0
117,113,1,2,0,0.4,0,0.6,0,0
117,114,4,170,7.8,10.8,48.6,11.1,0,22
117,115,3,314.5,9.1,58.4,42.7,49.8,0,43.8
117,116,4,35,1,8.1,1.7,6.7,0,5
117,117,1,7,0.2,1.3,0,1.7,0,0
117,118,2,3,0.1,0.2,0.2,1.1,0,0
117,119,1,2,0.1,0,0.1,0.8,0,0
117,120,1,4,0.1,0.4,0.1,1.5,0,0
117,124,1,4,0,0,0.2,1.6,0,0
117,126,1,1,0,0,0,0.4,0,0
117,127,1,1,0,0,0,0.4,0,0
88,0,3,15,0.3,1.7,2.3,3.5,0,0
88,1,3,7,0,0.8,1.4,1.3,0,0
88,2,2,3,0,0.3,0.6,0.6,0,0
88,5,5,49.5,0.5,3.1,1.3,18.8,0,0
88,6,4,13.5,0,0.6,0.3,5.1,0,0
88,11,1,4,0,0.3,0,1.2,0,0
88,18,2,12,0.2,1.7,0.5,2.9,0,0
88,19,7,85,1.6,12.2,3.2,20.2,0,0
88,23,3,25,0,2.2,0.7,8.9,0,0
88,36,1,18,0.8,5.1,1.6,2.7,0,0.8
88,37,6,40,1.1,3.8,2.6,10.9,0,0.3
88,38,1,2,0.1,0.1,0.1,0.6,0,0
88,39,1,2,0,0.1,0,0.9,0,0
88,48,3,5,0.2,0.7,0.3,1,0,0
88,49,3,31,1,4.7,2.1,6,0,0
88,50,4,12,0.3,1.6,0.8,2.6,0,0
88,51,1,5,0.2,0,0,1.8,0,0
88,54,4,44,0.3,6.1,7.9,3.3,0,0
88,55,3,160,3.5,12.4,16.5,36.7,0,0
88,56,0,103.5,3,18,4,23,0,0
88,57,4,76.5,2.9,3.3,8.4,14.4,0,0
88,58,6,94,9.4,4.7,12.7,12.9,0,0
88,59,2,301,7.9,26,23.2,77,0,16
88,60,4,198,21.5,29.6,12.6,24.5,0,16.2
88,62,0,59,0,21,1,0,0,0
88,63,1,573,11.2,69.5,120.6,30.3,0,42.3
88,64,1,401,17.8,16.6,23.8,111.8,0,0
88,65,4,240,6.1,47.3,17.5,32.4,1,0
88,66,2,30,1.5,11.9,0.4,0.5,0,0
88,68,4,258,31.6,11.1,46.5,13.5,0,42.5
88,69,2,1236.5,245.2,240.9,76.4,107.9,0,427.1
88,70,2,628.5,234.1,16.6,4.2,53,0,160.4
88,71,2,1072.5,7.6,181.9,86.6,440.2,3,166
88,72,1,812,214.4,54.7,33.5,203,0,24.7
88,73,2,625.5,130.1,118,26.6,55.1,0.5,217
88,74,2,663,102.8,129.3,44.9,49.4,0,86
88,75,5,320.5,6.9,105.9,44.7,10.9,0,46
88,76,4,79,2.1,25,0.7,6.1,0,0
88,77,1,1,0.1,0.2,0,0.1,0,0
88,78,2,10,0.4,0.4,0.2,2,0,0
88,79,1,7,0.3,0.3,0.1,1.4,0,0
88,80,3,9,0.2,0.9,0.4,1.6,0,0
88,82,4,10,0,2,0.8,1.5,0,0
88,83,3,13,0,2.6,1,2,0,0
88,84,4,21,0,2,0.4,4.9,0,0
88,85,4,16,0.5,1.1,0.7,3.5,0,0
88,86,4,10,0.4,0.5,0.6,2.1,0,0
88,87,3,8,0,0.5,0.1,3.5,0,0
88,88,3,5,0,0.2,0,2.5,0,0
88,89,1,5,0,0.3,0,2.3,0,0
88,90,7,25,0.3,1.5,0,9.8,0.5,0
88,91,4,9,0.1,0.5,0,3.1,0.4,0
88,93,7,62,3.6,7.9,7,7.4,0,2
88,94,6,209,8.2,20.9,48.5,10.9,0,0.7
88,96,1,3,0.1,0.4,0,0.7,0,0
88,97,5,23,1.8,1.9,0,6.5,0,0
88,98,4,11,1.1,0.6,0,3.5,0,0
88,99,2,5,0.3,0.1,0.2,1.7,0,0
88,100,1,1,0.1,0,0,0.4,0,0
88,102,6,33,1.3,1.5,7.2,3,0,0
88,103,3,11,0.5,0.5,2.4,1,0,0
88,104,5,171.5,0.9,24.7,15.3,38.8,0,21.5
88,105,1,3,0.1,0.4,0.6,0.1,0,0.5
88,107,3,6,0,0.4,0.3,1.7,0,0
88,109,1,1,0,0.1,0,0.3,0,0
88,110,4,17,0,0.9,0.5,5.8,0,0
88,112,3,15,0,0,0,5.7,0,0
88,113,1,2,0,0,0,0.8,0,0
88,115,2,5.5,0,0.2,0.5,1.7,0,0
88,118,2,9,0.2,0,0.5,3.3,0,0
88,119,1,1,0,0,0,0.4,0,0
88,120,3,8,0.3,0.2,0.2,2.9,0,0
88,121,4,13,0.6,0.6,0,4.6,0,0
88,122,4,46,4,8.6,2.3,8.6,0,0
88,123,3,32,0,8.2,0.6,6.4,0,0
88,124,2,6,0.3,0.8,0.1,1.1,0,0
88,125,6,17,0.9,2.3,0.2,3.2,0,0
88,126,1,2,0.1,0.3,0,0.4,0,0
111,0,1,5,0,0.2,0.2,1.5,0.2,0
111,4,3,10,0,0.9,0.3,4.4,0,0
111,7,2,7.5,0,0.8,0.2,2.4,0,0
111,14,1,1,0,0,0.2,0.3,0,0.1
111,17,2,7,0,0.9,0.5,2.3,0,0
111,21,2,4,0.2,0.1,0.4,0.8,0,0
111,23,5,37.5,1.6,1.1,4.1,7,0.5,0
111,26,2,18,0.2,1.6,0.5,5.1,0,0
111,27,1,4,0.1,0.4,0.1,1.1,0,0
111,29,3,8,0.3,0.3,0.5,2.4,0,0
111,30,2,5,0.2,0.2,0.3,1.5,0,0
111,34,1,2,0,0.1,0.1,0.7,0,0
111,35,1,2,0,0.1,0.1,0.7,0,0
111,36,3,11,0,0.6,0.3,3.8,0,0
111,38,1,3,0,0.2,0.3,0.7,0,0
111,39,1,2,0,0.1,0.2,0.5,0,0
111,45,6,32,1,1.1,1.9,11.1,0,0
111,49,4,47,0,2.2,12.6,5.8,0,0
111,50,3,24,0,1.1,6.5,3,0,0
111,52,4,16,0.2,0.7,1,6.2,0,0
111,53,5,29,0.3,1.6,1.6,11.3,0,0
111,59,2,19,0,0,0,9.4,0,0
111,61,4,13,0.6,1.4,0.7,3.8,0,0
111,62,4,40,1.5,5.8,1.6,8.8,0,0
111,63,3,16,0.5,2.7,0.6,2.3,0,0
111,64,8,128,4.4,28.8,12.4,10.6,0.3,0
111,65,3,47,1.5,13.6,3.8,4.5,0.1,0
111,66,1,3,0,0.1,0,1.1,0,0
111,68,5,15,0,0.4,1.1,6.4,0,0
111,69,3,9,0,0.8,0.1,3.1,0.2,0
111,70,1,1,0,0.1,0,0.4,0,0
111,72,1,7,0.1,0.3,0.6,1.7,0,0
111,73,4,30,0.3,1.5,2.7,7.2,0,0
111,74,1,8,0.1,0.5,1.3,1.1,0,0
111,75,2,6,0.2,0.3,0.9,0.9,0,0
111,78,1,7.5,0,0.3,0.2,2.6,0,0
111,79,1,1,0,0,0,0.4,0,0
111,91,3,23,2.4,1.9,1,4.5,0,0
111,92,3,199.5,5.9,41.8,21,22.1,0,16
111,93,3,96.5,1.1,9.7,20.7,4.7,0,3
111,94,2,3,0,0.1,0,1.2,0,0
111,95,1,6,0,0.2,0,2.4,0,0
111,96,1,6,0,0.2,0,2.4,0,0
111,98,1,10,0.3,0,0,2.9,0,0
111,105,1,2,0,0.1,0,0.9,0,0
111,106,2,12,0,0.8,0,5.2,0,0
111,107,2,8,0.2,0.4,0.2,2.8,0,0
111,109,2,5,0.2,0.3,0.2,1.5,0,0
111,110,1,3,0,0.1,0.1,0.9,0,0
111,111,1,2,0,0,0.1,0.6,0,0
111,112,1,4,0,0.1,0.2,1.1,0,0
111,113,1,1,0,0,0.1,0.3,0,0
111,114,2,11,0,0,2,3.5,0,0
111,115,3,7,0.1,0.1,0.9,2.2,0,0
111,116,3,10,0.3,0.5,0,3,0,0
111,117,1,2,0,0.1,0,0.5,0,0
111,118,2,10,0,0.4,0.2,2.6,0,0
111,119,1,3,0,0.1,0,0.8,0,0
111,121,1,2,0,0,0,0.7,0,0
111,123,3,9,0,0,0,3.1,0,0
111,127,1,1,0,0.1,0,0.3,0,0
112,1,1,1,0,0.1,0,0.5,0,0
112,8,1,2,0,0.2,0.1,0.6,0,0
112,11,2,4,0.2,0.2,0,1.6,0,0
112,12,5,31,0.5,2.8,1.1,9.7,0,1
112,13,3,13,0,1.5,0.6,3.6,0,0.7
112,14,2,36,0,2.3,1.6,12.7,0,0.6
112,15,1,5,0,0.2,0.8,1.3,0,0.3
112,17,2,5,0,0.6,0.3,1.7,0,0
112,18,2,2,0,0.2,0.2,0.6,0,0
112,22,1,2,0.1,0.1,0.2,0.5,0,0
112,23,3,7,0.3,0.3,0.7,1.4,0,0
112,29,1,3,0.1,0.1,0.2,0.9,0,0
112,36,1,2,0,0.1,0.1,0.7,0,0
112,38,1,2,0,0.1,0.2,0.5,0,0
112,39,3,22,0,1.2,2.2,5.4,0,0
112,41,2,7,0,0.2,0.5,2.5,0,0
112,45,4,25,0.4,1,2.7,7.7,0,0
112,49,1,8,0,0.7,0.8,2.2,0,0
112,50,5,66,1.9,4.3,9.3,13.7,0,0
112,51,2,8,0.5,0.4,0.9,1.5,0,0
112,52,4,9,0.3,0.4,0.9,2.5,0,0
112,57,1,2,0,0.3,0.2,0.3,0,0
112,58,6,139,1.9,11.1,7.5,38.1,0,0
112,59,3,19,0.6,0.3,0.4,8.6,0,0
112,62,6,40,1.5,6.6,1.5,5.8,0,0
112,63,1,2,0.1,0.3,0.1,0.3,0,0
112,64,4,298,5.7,34,13.1,98,0.1,30
112,65,2,45,2.7,5.3,4.1,7.6,0.1,0
112,66,4,26,0.5,0.5,0,9.4,0,0
112,67,3,16,0.1,0.9,0.3,5.7,0.2,0
112,68,5,20,0,1.3,0.8,7.5,0.3,0
112,69,3,8,0,0.6,0.1,2.9,0.2,0
112,72,6,54,0.2,3.7,4.7,14.3,0,0
112,74,3,10,0.2,0.7,1.2,1.8,0,0
112,75,3,36,0.5,2.8,3.3,7.6,0,0
112,78,1,3,0,0.1,0.1,1,0,0
112,79,2,9,0,0.3,0.2,3.1,0,0
112,91,2,42,0.9,4.9,4.6,6.7,0,0
112,92,5,21,0.9,1.8,1.6,4.3,0,0
112,94,3,5,0,0.2,0,2,0,0
112,95,1,7,0,0.2,0.2,2,0,0
112,96,3,8,0,0.2,0.1,2.6,0,0
112,97,2,6,0,0.2,0,2.3,0,0
112,103,1,3,0.2,0,0,1.3,0,0
112,105,3,7.5,0.1,0.2,0,3.3,0,0
112,106,2,7,0.1,0.2,0,3.1,0,0
112,107,1,1,0,0.1,0,0.3,0,0
112,110,4,19,0.2,0.8,0.7,5.9,0,0
112,111,1,5,0,0.1,0.2,1.5,0,0
112,112,2,7,0,0.1,0.4,2.1,0,0
112,115,1,2,0,0.1,0.1,0.7,0,0
112,116,4,14,0.1,0.5,0.6,5,0,0
112,117,1,2,0.1,0.1,0,0.6,0,0
112,118,3,9,0,0.3,0.1,2.4,0,0
112,120,3,18,0,0.8,0.2,4.6,0,0
112,122,5,21,0,0,0,7.2,0,0
112,124,1,2,0,0,0,0.7,0,0
114,1,1,11,0.3,2.3,0.7,2.9,0,1
114,2,1,3.5,0.1,0.7,0.2,1,0,0.3
114,3,1,2,0.1,0.4,0.1,0.5,0,0.2
114,5,1,9,0.5,0.9,0.3,1.9,0,0
114,12,3,20,0.5,1.5,0,7.8,0,0
114,13,1,1,0,0.1,0,0.4,0,0
114,16,4,22,0.4,0.8,0,6.9,0,0
114,17,3,17,0.1,0.8,0.2,4.9,0,0
114,18,1,7,0.1,0.3,0.1,2,0,0
114,19,1,2,0.1,0.2,0,0.5,0,0
114,20,6,46.5,1.6,5.2,0.9,11.2,0,0
114,21,1,3,0,0.1,0.5,0.4,0,0
114,22,2,22,0,0.6,3.3,3.2,0,0
114,23,1,3,0,0.1,0.5,0.4,0,0
114,24,2,9,0.1,0.4,0.1,3.5,0,0
114,33,1,2,0,0.1,0.2,0.6,0,0
114,34,2,4.5,0,0.3,0.6,1.1,0,0
114,35,1,3,0,0.3,0.3,0.6,0,0
114,36,4,16,0.4,1.6,1.6,3.2,0,0
114,37,1,7,0.1,0.7,0.7,1.4,0,0
114,41,2,11,0,0.7,0.4,3.8,0,0
114,42,1,3,0,0.2,0.1,1,0,0
114,43,1,1,0,0.1,0,0.3,0,0
114,44,1,3,0,0.2,0.2,0.8,0,0
114,45,2,36,1,0.7,0.9,14.6,0,0
114,48,2,3,0,0,0.1,1.2,0,0
114,49,1,2,0,0.1,0.2,0.6,0.1,0
114,50,1,4,0,0.2,0.3,1.3,0.1,0
114,56,1,3,0,0.1,0.1,1.4,0,0
114,57,4,180,1.6,10,12,51.9,0,6.6
114,58,3,313,4.1,21.5,46.6,47.6,0,4.1
114,59,6,68,0.8,6.5,14.7,10,0,9
114,62,3,11,0.6,1.2,0.4,3.2,0,0
114,63,4,26,1.5,2.9,0.8,7.5,0,0
114,64,3,21,2.1,0,0.4,4.8,0,0
114,65,6,46,4.4,0.8,0.7,11.4,0,0
114,66,3,22,1.8,1.8,0,7,0,0
114,67,4,35,0,0.5,0.7,9.7,0,0
114,68,3,11.5,0,0.1,0.3,3.1,0,0
114,69,6,17,0.2,0.6,0,6.8,0,0
114,70,2,21,0.5,0.5,0,8.4,0,0
114,72,6,69,4.2,17,3.6,8.3,0,5.5
114,73,3,73,1.8,18.1,2.1,13.1,0,13.1
114,74,1,4,0,0.3,0.2,1.2,0,0
114,75,2,31,0,1.7,4.6,6.9,0,0
114,76,6,20,0,1.2,2.9,4.5,0,0
114,80,1,3,0.2,0,0.1,1.2,0,0
114,81,1,1,0,0.2,0.1,0.4,0,0
114,82,3,12,0.2,1.1,1.1,3,0,0
114,83,5,37,0.9,2.4,3.9,7.8,0,0
114,89,2,5,0,0.3,0,2.6,0,0
114,90,5,18,0,0.8,0.1,9.3,0,0
114,91,3,15,0,0,0.4,8,0,0
114,92,5,31,0,0,1.6,14.5,0,0
114,94,3,6,0.1,0.2,0.4,3,0,0
114,95,2,3,0,0,0.1,1.8,0,0
114,96,4,10,0,0,0,6.4,0,0
114,97,1,3,0,0,0,1.9,0,0
114,105,3,10,0.2,0.6,0,3.8,0,0
114,107,5,16,0.8,0.1,0,7.3,0,0
114,108,3,7,0.4,0,0,3.3,0,0
114,109,4,8,0,0.4,0,3.6,0,0
114,110,2,6,0,0.3,0,2.6,0,0
114,112,3,9,0,0.4,0,4.1,0,0
114,114,2,3,0.3,0.3,0.4,0.3,0,0
114,115,1,5,0.4,0.5,0.7,0.5,0,0
114,116,1,1,0.1,0.1,0.1,0.1,0,0
114,117,1,2,0,0,0,0.9,0,0
114,118,3,19,0,0,0,8.8,0,0
114,119,1,4,0.1,0,0.1,1.7,0,0
114,120,1,1,0,0,0.1,0.4,0,0
114,121,2,3,0,0,0.1,1.2,0,0
114,122,2,8,0,0,0.3,3.2,0,0
113,1,2,12,0,1,0.3,5.4,0,0
113,3,1,1,0,0.1,0,0.5,0,0
113,7,2,4,0,0.4,0.1,1.2,0,0
113,8,1,1,0,0.1,0,0.3,0,0
113,11,5,37,1.4,1.5,0.6,14.4,0,0
113,12,1,2,0,0.2,0.1,0.6,0,0.1
113,13,6,76,0.7,8.9,3.4,20.5,0,4.2
113,14,4,55.5,6,5.8,7.4,6.8,0,5.2
113,15,1,4,0,0.1,0.6,1.1,0,0.2
113,17,4,37,0,3.7,3.3,11.7,0,0.5
113,20,1,3,0.1,0.2,0.2,0.8,0,0
113,21,2,18,0.7,1,1.5,4.8,0,0
113,22,3,71,1.9,12.2,5.6,11.6,0.3,0
113,30,1,3,0.1,0.1,0.2,0.9,0,0
113,31,1,4,0.2,0.2,0.2,1.2,0,0
113,32,2,9,0.4,0.4,0.5,2.7,0,0
113,33,1,4,0.2,0.2,0.2,1.2,0,0
113,34,3,9,0,0.6,0.2,3,0,0
113,35,1,1,0,0.1,0,0.3,0,0
113,36,1,4,0,0.2,0.1,1.4,0,0
113,37,1,4,0,0.2,0.4,1,0,0
113,41,3,11,0,0.4,0.8,3.8,0,0
113,42,2,6,0,0.2,0.4,2.1,0,0
113,45,5,37.5,0.2,1.8,6.2,9.5,0,0
113,49,1,3,0,0.3,0.3,0.8,0,0
113,50,4,74.5,1.6,4.2,17.9,7.5,0,8
113,51,2,45,0.6,1.5,6.2,14.9,0,4
113,57,3,9,0.1,1.3,0.7,1.9,0,0.2
113,58,5,153,0.3,30.2,6.5,26.2,0,0
113,62,2,5.5,0.1,1,0.1,0.9,0,0
113,63,1,1,0,0.2,0,0.2,0,0
113,64,3,117,3.7,5.4,4.7,42,0,0
113,65,5,49.5,3.4,2.1,3.6,12.2,0,0
113,66,1,3,0,0.1,0,1.1,0,0
113,67,2,9,0,0.8,0.2,3,0.2,0
113,69,3,6,0.1,0,0.1,2.9,0,0
113,70,5,31,0.8,0,0.8,14.7,0,0
113,72,6,97,1.1,4.1,4.7,32.8,0,0
113,73,5,92,0,4.7,22,21.3,0,16
113,75,4,33,0.4,2.5,3.5,6.4,0,0
113,76,4,12,0.1,0.8,2,1.6,0,0
113,82,1,2,0,0.2,0.4,0.3,0,0.1
113,83,3,10,0,1,2.1,1.3,0,0.4
113,91,8,36,0.8,4.2,3.8,5.7,0,0
113,92,4,22,0.9,1.2,1,6,0,0
113,93,2,9,0.5,0,0,3.3,0,0
113,94,1,3,0,0.1,0,1.2,0,0
113,95,4,19,0,0.7,0.2,6.8,0,0
113,96,2,18,0,0.4,0.5,5.3,0,0
113,102,1,1,0.1,0,0,0.4,0,0
113,103,3,4,0.3,0,0,1.7,0,0
113,104,1,1,0,0.1,0,0.4,0,0
113,105,3,11,0.1,0.3,0,4.9,0,0
113,106,4,15,0.5,0,0,6.7,0,0
113,108,1,2,0.1,0.1,0.1,0.6,0,0
113,109,1,2,0.1,0.1,0.1,0.6,0,0
113,110,1,2,0.1,0.1,0.1,0.6,0,0
113,112,2,5.5,0,0.2,0.2,1.6,0,0
113,114,1,2,0,0.1,0.1,0.7,0,0
113,115,1,1,0,0,0.1,0.4,0,0
113,116,3,8,0,0.3,0.4,2.9,0,0
113,118,1,3,0,0.1,0,0.8,0,0
113,119,2,5,0,0.2,0,1.3,0,0
113,120,1,4,0,0,0,1.4,0,0
113,122,2,6,0,0,0,2,0,0
113,123,1,1,0,0,0,0.3,0,0
113,125,1,1,0,0,0,0.3,0,0
98,6,2,2,0,0.2,0.2,0.6,0,0
98,10,3,15,0.7,0.9,1,5.1,0,0
98,18,1,3,0,0.3,0,1.1,0,0
98,21,6,52,0.6,8.2,7,8.9,0,0
98,25,3,9,0.4,0.5,0.9,1.5,0,0
98,26,1,20,0.8,1.2,2,3.3,0,0
98,27,1,1,0,0,0.2,0.3,0,0
98,28,5,33,0,0.9,5.8,9.8,0,0
98,29,3,9,0.5,0.9,0,2.7,0,0
98,30,2,10,0.4,0.9,0.2,3,0,0
98,33,1,3,0,0.1,0.4,0.6,0.1,0
98,34,1,3,0.3,0,0.2,1.2,0,0
98,42,1,1,0,0,0.1,0.3,0,0
98,43,2,22,0.5,1.1,1.7,6.6,0,0
98,44,1,1,0.1,0,0,0.3,0,0
98,45,1,5,0.4,0.1,0.1,1.6,0,0
98,46,4,11,0.9,0.2,0.3,3.4,0,0
98,47,1,2,0.2,0,0.1,0.6,0,0
98,61,1,2,0,0.2,0.5,0.1,0,0
98,63,4,145,2.4,15,24.1,20.4,0,0
98,64,5,49,1.7,6,1.7,14.1,0,1
98,65,2,37,1.3,4.6,1.3,10.6,0,0.7
98,66,1,7,0.7,0.5,0.2,1.6,0,0
98,67,5,48,4.2,2.9,1.4,9.7,0,0
98,68,2,8,0.6,0.5,0.2,1.6,0,0
98,69,4,18,0,1.8,0,4.2,0,0
98,70,3,9,0,0.9,0.1,2.2,0,0
98,71,7,18,0.1,2.3,1.1,4.9,0,0
98,72,5,28,1,6.2,0.1,4.6,0,0
98,74,3,6,0,0,0,2.4,0,0
98,76,2,5,0,0,0,2,0,0
98,77,5,30.5,0,2.5,0.2,10.2,0,0
98,78,5,20,0,2.7,0.2,5.9,0,0
98,79,8,67.5,1.4,6.8,5.4,14.6,0,0
98,80,5,82,2,7.9,6.9,17.7,0,0
98,81,2,115,0,4.2,30.4,0.1,0,0
98,85,1,1,0,0,0.1,0.3,0,0
98,86,5,20,0,0.2,1.8,6,0,0
98,87,3,13,0,0.1,1.2,3.9,0,0
98,89,4,12,0,0.5,0,4.3,0,0
98,90,2,4,0.1,0.1,0,1.6,0,0
98,91,2,9,0.5,0,0,4.2,0,0
98,92,3,11,0.5,0,0,4.7,0,0
98,94,1,2,0,0.2,0.1,0.6,0,0
98,95,3,9,0.1,0.8,0.1,2.5,0,0
98,96,3,19,0,1.6,0,4.7,0,0
98,98,1,5,0.1,0.1,0.1,2.1,0,0
98,108,1,3,0,0,0.2,1.2,0,0
98,109,1,5,0,0,0.4,1.9,0,0
98,113,1,1,0,0,0.1,0.4,0,0
98,114,4,16,0.4,1.1,1.9,3.9,0,0
98,115,5,28.5,0.1,0.6,4,6.6,0,0
98,120,1,1,0,0,0,0.4,0,0
98,121,1,3,0,0.1,0.4,0.8,0,0
98,127,1,2,0,0.2,0,1,0,0
81,1,4,137,7,5.1,4.1,63.8,0,0
81,2,5,171.5,3.8,16.9,13.6,43.2,0,0
81,3,1,12,0.4,2.1,1.3,1.1,0,0
81,19,1,6,0.2,0.2,1.1,1.6,0,0
81,22,1,4,0.1,0.2,0.2,1.3,0,0
81,36,1,5.5,0.4,0.4,0.3,2.2,0,0
81,37,3,20,0.4,2.3,0.6,6.7,0,0
81,42,2,7,0,0.9,0.4,1.5,0,0
81,49,2,115,0,23.4,12.1,6.2,0,7.3
81,50,1,5,0,0.5,1.1,0.4,0,0.5
81,53,1,2,0,0.3,0.3,0.2,0,0
81,54,1,1,0,0.1,0.2,0.1,0,0
81,59,3,88.5,0.4,33.8,3,2.4,0,7
81,60,1,371.5,16.1,33.5,46.5,76,0,19
81,61,4,92.5,0.5,8.6,12.8,18.2,0,0
81,63,2,6,0.2,0.6,1,0.4,0,0
81,64,2,11,0.4,1.3,0.5,2.5,0,0
81,65,1,11,0.4,1.3,0.4,2.6,0,0
81,67,1,28,0,3.3,4.2,5.4,1,0
81,68,3,55,1,11.2,7.7,6.1,0.5,0
81,69,1,5,0,0.5,0.5,1.7,0,0
81,71,1,2,0,0.4,0.4,0.2,0,0
81,73,3,3,0,0.6,0.6,0.3,0,0
81,75,2,10.5,0.5,0.8,1.6,1.3,0,0
81,76,5,108,3.2,6.3,18.1,13.3,0,0
81,77,4,56,2.3,4,8.1,7.8,0,0
81,78,3,9,0.3,0.6,0.9,1.9,0,0
81,79,3,8,0.4,0.5,0,3.1,0,0
81,80,1,1,0,0.1,0,0.4,0,0
81,82,6,83.5,3.8,4.4,3.7,22.4,0.1,1.3
81,83,6,22,0.9,1.1,1.3,6.5,0,0.8
81,84,3,22.5,0.4,1.2,1.6,5.3,0,0
81,85,1,1,0,0.1,0.1,0.2,0,0
81,87,3,12,0.6,0.8,0.5,3.3,0,0
81,88,4,10,0.4,1,0,2.7,0,0
81,89,7,18,0.2,0.6,0.9,7.4,0,0
81,90,4,16,0.3,0.8,0.3,6.1,0,0
81,91,4,13,0,1.1,0,4.1,0,0
81,92,4,18,0.1,0.4,1.9,4.2,0,0
81,93,5,115,1.2,11.3,19.3,13.4,0,0
81,94,1,2,0,0.4,0.2,0.3,0,0
81,95,2,6,0,1.1,0.6,0.9,0,0
81,99,4,13,0.7,0.4,0,3.9,0,0
81,100,5,20,0.9,1.1,0,6.6,0,0
81,101,4,6,0.2,0.4,0,2.2,0,0
81,102,4,10,0.1,0.6,0.3,3.6,0,0
81,103,1,1,0,0,0.1,0.4,0,0
81,104,3,8,0.2,0.3,0.6,2.1,0.3,0
81,105,1,5,0.1,0.4,0.7,0.2,0,0
81,106,1,8,0.2,0.6,1.1,0.3,0,0
81,107,3,20,0.2,1.3,2.5,2.4,0,0
81,108,2,11,0,0.3,1.3,2.5,0,0
81,109,4,25,0,0.6,0.9,7.5,0,0
81,110,2,5,0,0.1,0.3,1.5,0,0
81,111,1,2,0.1,0,0,0.9,0,0
81,115,1,2,0,0.1,0.2,0.5,0,0
81,116,4,28,0,1.4,2.8,6.5,0,0
81,117,2,10,0,0.5,1,2.3,0,0
81,118,3,18,0,0.8,1,5.9,0,0
81,119,2,3,0,0.1,0.2,1,0,0
81,120,1,1,0,0,0,0.3,0,0
81,121,3,12,0,0.2,0,3.6,0,0
81,122,2,5,0,0,0,1.9,0,0
81,123,3,6,0,0,0,2.3,0,0
81,124,2,10,0,0,0.3,3.2,0.4,0
81,125,3,10,0,0,0.3,3.2,0.5,0
81,126,1,2,0,0,0.1,0.6,0.1,0
81,127,2,8,0.2,0.3,0.9,2,0.1,0
84,0,1,14,0.2,2.2,1.2,2.7,0,0
84,1,2,7,0.1,1.1,0.6,1.4,0,0
84,8,6,84,5.4,7.9,1.8,28.7,0,0
84,9,3,59,3.2,6.9,2.7,18.2,0,0
84,17,1,4,0,0.4,0.3,1.1,0,0
84,18,4,53.5,0,5.3,4.2,14.4,0,0
84,19,3,21,4.1,2,2,4,0,0
84,25,3,40,0.9,2.9,1.1,12.2,0,0
84,26,5,64,0.9,3.6,0.9,23.5,0,0
84,27,3,10,0.1,0.8,0.2,3.3,0,0
84,30,1,2,0,0.2,0,0.7,0,0
84,31,1,9,0,0.5,0.3,4,0,0
84,32,2,8,0,0.2,0.5,2.7,0,0
84,33,1,9,0,0.3,0.5,3.1,0,0
84,35,1,3,0.2,0.1,0.1,1.1,0,0.1
84,36,4,64.5,3.6,1.9,11,17.5,0,8.9
84,38,2,49,0.9,3.5,0.4,15.8,0,0
84,39,1,4,0.2,0,0.4,1.5,0,0
84,40,1,2,0,0.3,0.1,0.4,0,0
84,41,2,4,0,0.6,0.2,0.8,0,0
84,44,4,55.5,0.3,2,2.7,15.2,0,0
84,45,1,5,0.1,0.5,0.4,0.8,0,0
84,49,2,2,0,0.2,0.4,0.2,0,0
84,56,1,3,0,0.9,0.2,0,0,0
84,57,2,15,1.3,2.7,0.9,3.3,0,0
84,58,2,3,0.3,0.6,0.1,0.6,0,0
84,60,2,112,2,14,12,18,0,0
84,61,6,143.5,0.7,18.9,31.1,4.2,0,0
84,62,1,11,0.1,2.1,2.1,0.8,0,0
84,64,1,1,0.1,0.2,0.1,0,0,0
84,65,3,103.5,4,7,4.5,33.8,0,0.2
84,66,1,2,0.2,0.1,0.2,0.4,0,0.1
84,67,2,281.5,7.8,39.1,64.8,4.6,0,24
84,68,2,337.5,61.4,51.4,38.8,4.4,0,0
84,69,7,97,12.2,5,14.6,6.8,0.6,0
84,70,3,321.5,7.1,22.5,80.1,8.6,0.4,32
84,71,1,82.5,0.1,7,17.6,5.9,0,0
84,72,1,596.5,62.2,192.8,20.1,1.6,0,79
84,73,1,550.5,11.1,151.2,43.4,58.2,0,38
84,74,5,127,3.4,0.5,6.9,49.2,0,0
84,75,2,28,0.5,0.5,2.1,11.9,0,0
84,79,5,51,2.3,3.5,2,12.6,0,0
84,80,7,42,2.4,2.3,1.6,10.3,0,0
84,81,3,20,2,0.5,0.6,4.6,0,0
84,83,4,32,2.6,0.6,0.6,10.2,0,0
84,84,3,5,0,0.2,0,1.5,0,0
84,85,3,12,0.3,0.3,0,3.6,0,0
84,86,1,2,0,0.1,0,0.6,0,0
84,87,1,4,0.1,0.2,0,1.3,0,0
84,88,3,11,0.1,0.7,0,3.7,0,0
84,90,2,13,0.1,0.9,0.1,4.3,0,0
84,91,4,7,0,0.7,0.5,2.1,0,0
84,92,3,12,0.1,0.7,1.1,2.5,0,0
84,93,2,85,0.2,26.5,3.1,5,0,0
84,94,2,15,0.2,2.3,0.7,3.4,0,2.7
84,96,3,15,0.4,0.6,0,5.1,0,0
84,97,6,29,0.7,3.9,2,7,0,0
84,98,6,28,0.8,4.8,2.8,5.4,0,0
84,99,3,12,0.5,1.5,0,2.8,0,0
84,100,3,9,0.2,0.9,0.2,2.3,0,0
84,102,2,5.5,0,0.5,0.3,1.4,0,0
84,103,3,11,0,0.8,0.6,2.9,0,0
84,104,2,6,0,0,0.2,2.2,0,0
84,105,1,2,0,0,0.1,0.7,0,0
84,106,1,2,0,0,0.1,0.7,0,0
84,107,3,9,0.3,0.9,0.9,1.3,0,0
84,108,4,23,0.6,2.3,2.3,3.5,0,0
84,109,1,2,0,0.1,0.1,0.6,0,0
84,111,3,4,0.3,0,0,1.7,0,0
84,112,3,12,0.5,0,0,4.8,0,0
84,113,2,4,0.1,0,0,1.6,0,0
84,114,1,1,0,0.1,0,0.4,0,0
84,115,1,8,0.3,0.4,0.2,2.8,0,0
84,116,1,4,0.2,0.2,0.1,1.4,0,0
84,118,3,7,0.1,0.4,0,2.1,0,0
84,119,2,5,0,0.3,0,1.5,0,0
84,120,1,2,0,0.1,0,0.6,0,0
84,121,2,8,0,1,0.8,2.6,0,0
84,122,1,2,0,0.2,0.2,0.7,0,0
84,124,1,4,0.1,0.1,0.5,0.6,0,0.2
84,126,3,115,1,21.5,14.6,8.1,0,14.5
84,127,4,28,0.4,0.7,2.7,5.3,0,1.1
85,0,6,109,3.1,36,2.7,6.3,0,20.1
85,1,2,95.5,5.4,5.5,3.9,28.4,0,0
85,4,1,2,0,0.2,0.1,0.4,0,0
85,7,1,6,0.4,0.6,0.1,2,0,0
85,8,2,4,0.2,0.4,0,1.4,0,0
85,12,1,3,0,0.2,0.1,0.9,0,0
85,14,2,4,0,0,0.2,1.6,0,0
85,15,3,8,0.1,0.1,0.3,3.1,0,0
85,17,1,2,0,0,0.1,0.8,0,0
85,18,5,48,0.3,3.5,3,14,0,0
85,19,1,64.5,3.3,1.3,0.3,25.6,0,0
85,22,1,2,0.1,0.1,0.1,0.6,0,0
85,25,3,13,0.1,0.7,0.3,4.5,0,0
85,29,1,5,0,0.4,0.1,1.7,0,0
85,30,5,19,0,1.3,0.5,7.1,0,0
85,31,7,84,0.8,3.9,2.5,31.7,0,0
85,33,3,18,0,0.5,1.1,6.1,0,0
85,34,3,16,0,1.8,2.6,5.2,0,0
85,36,1,1,0.1,0,0,0.4,0,0
85,38,7,33,1.7,1.7,1.6,9,0,0
85,39,1,2,0.1,0,0.2,0.7,0,0
85,44,5,19,0.4,1.9,1.5,3.3,0,0
85,54,1,2,0,0.6,0.1,0,0,0
85,61,1,7,0,0.3,0.1,2.9,0,0
85,65,1,22,1.7,1.4,2.7,4.5,0,0.7
85,66,4,29,2.4,1.7,3.6,5.9,0,0.9
85,67,2,335,20,22,83.5,10.8,0,15.1
85,68,1,875,56.8,282.5,30.5,22,0,163
85,69,0,883.5,54,69,176,148,0,34
85,70,0,771.5,138,59,85,97,0,16
85,71,2,429.5,21.3,7.7,59.6,88.2,0,13
85,72,1,333.5,53.9,9.3,74,48.7,0,23
85,73,2,229.5,2.8,9.9,58.6,70.8,0,53
85,78,7,29,1.6,1.3,0.9,8.3,0,0
85,79,6,55.5,3.2,3.6,1.7,14.3,0,0
85,80,4,10,0.7,0.5,0.3,2.7,0,0
85,82,5,13,1.3,0.1,0.5,3.7,0,0
85,83,5,16,1.2,0.6,0.4,5,0,0
85,85,2,9,0.2,0.2,0,2.7,0,0
85,86,3,11,0.1,0.3,0,3.3,0,0
85,87,1,2.5,0,0.2,0,0.8,0,0
85,88,2,6,0.1,0.3,0,2,0,0
85,89,2,5,0,0.3,0,1.7,0,0
85,90,2,5,0.1,0.3,0.1,1.6,0,0
85,91,2,4,0,0.4,0.3,1.2,0,0
85,92,5,16,0.4,1.4,2.4,3,0,0.2
85,93,3,426.5,9.6,26.7,105.6,22.5,0,45
85,94,4,201,2.4,20,29.1,49,0,42
85,96,4,54.5,3.7,2,0.1,20.7,0,0
85,97,9,61,3,9.7,3.7,13.5,0,0.1
85,98,6,33,0.9,5.9,3.2,6.3,0,0
85,99,3,14,0.6,1.8,0,3.2,0,0
85,100,2,11,0.4,1.3,0.1,2.6,0,0
85,102,2,5,0,0.4,0.2,1.4,0,0
85,103,1,2,0,0.2,0.1,0.5,0,0
85,104,1,2,0,0,0.1,0.7,0,0
85,105,3,24,0,0,1,8.7,0,0
85,106,2,8,0,0,0.2,3,0,0
85,107,4,15,0,0.3,0.6,5,0,0
85,108,4,14,0.1,0.9,0.9,3.4,0,0
85,109,1,3,0,0.1,0.1,0.9,0,0
85,110,4,13,0.2,0.2,0.4,4.5,0,0
85,111,1,7,0.3,0,0.2,3,0,0
85,112,3,5,0.2,0,0,2.1,0,0
85,113,4,13,0.5,0,0,5.2,0,0
85,114,2,7,0.3,0.4,0.1,2.5,0,0
85,115,1,2,0.1,0.1,0,0.7,0,0
85,116,1,2,0.1,0.1,0,0.7,0,0
85,117,2,7,0.2,0.4,0,2.2,0,0
85,119,3,16,0.2,0.9,0,4.8,0,0
85,120,2,3,0,0.3,0.3,1,0,0
85,121,1,4,0,0.5,0.4,1.3,0,0
85,122,5,12,0,1.3,1.2,3.9,0,0
85,123,1,2,0,0.2,0.2,0.7,0,0
85,124,1,8,0.2,0.2,1,1.2,0,0.4
85,127,1,5,0,0,0.1,1.6,0,0
82,1,6,29.5,1,4.7,2,4.4,0,0
82,2,3,26.5,0.5,5.1,1.6,3.3,0,0
82,19,5,121.5,3.1,3.4,4.4,39.8,0,0
82,20,2,9,0.2,0.4,1.3,2.5,0,0
82,22,3,25,0.9,1.4,1,8,0,0
82,23,2,19,0.7,1.1,0.7,6.1,0,0
82,25,3,11,0.5,0.4,0.6,3.3,0,0
82,27,1,10,0.5,0.3,0.5,3,0,0
82,31,1,6.5,0.2,0.2,0.5,2.4,0,0
82,36,2,3,0.2,0.3,0.1,1.2,0,0
82,37,2,13,0.9,1,0.7,5.2,0,0
82,38,4,36,0,1.4,2.3,11.4,0,0
82,40,1,1,0,0.1,0.1,0.3,0,0
82,41,3,93,1,29,7.5,4.9,0,12
82,42,7,71,0,12.3,4.8,13,0,4.3
82,48,1,1,0,0.1,0.2,0.1,0,0
82,49,1,5,0,0.2,0.2,1.3,0.1,0
82,55,3,18.5,0.2,1.9,3.3,2.1,0,0
82,56,1,115,2,15.3,8.5,27.4,0,0
82,60,2,9,0.1,1.3,1.3,1,0,0
82,63,1,4,0.1,0.4,0.7,0.3,0,0
82,65,3,287,5,15.5,60,43.8,0,10.3
82,66,1,46,1.1,2.3,9.3,2.3,0,3.2
82,67,3,15,0.3,1.9,1.9,2.6,0.2,0
82,68,5,163.5,5.5,18.7,32.2,10.2,0.1,0
82,69,2,207.5,1.2,14.9,63.9,1.8,0,6
82,71,1,3,0,0.6,0.6,0.2,0,0.1
82,73,2,15,0,3,3,1.2,0,0.3
82,74,4,14,0.7,1.5,3.2,0.1,0,0
82,75,1,7,0.6,0.4,1.2,0.8,0,0
82,76,5,116,5.1,16.4,17.4,11.6,0,0
82,77,2,9,0.4,0.6,1.1,1.7,0,0
82,81,3,16,0.6,0.7,0.2,5.8,0.4,0
82,82,8,42,1.8,1.5,1.5,10.5,0.2,0.2
82,83,6,31,1.3,1,1.3,7.2,0,0.1
82,86,3,5,0.5,0,0.5,1.5,0,0
82,87,5,15,0.6,0.9,1,4.9,0,0
82,88,5,10,0.2,1,0.3,3.2,0,0
82,89,1,2,0,0.1,0.1,0.8,0,0
82,90,5,13,0,1,0.7,5.2,0,0
82,91,2,5,0,0.4,0,1.6,0,0
82,92,1,4,0.1,0.4,0.2,1,0,0
82,93,5,125.5,0.9,14.9,19.7,14.2,0,0
82,94,6,55,1,7.3,7.9,6.8,0,0
82,95,2,9,0,1.6,1,1.4,0,0
82,98,3,17,1,1,0,6.1,0,0
82,99,4,16,0.6,0.6,0.2,5.4,0,0
82,100,2,13,0.4,0.8,0.3,4.8,0,0
82,101,3,9,0,0.7,0.3,3.2,0,0
82,102,7,22,0.1,1.2,1,8,0,0
82,103,1,3,0,0.1,0.2,1.1,0,0
82,104,1,2,0,0.1,0.2,0.5,0.1,0
82,105,4,53,0.3,2.5,6.1,8.5,0.3,0
82,106,4,116,2.7,2.7,22.2,27.1,0,0
82,107,6,153,2.7,8,19.4,31.5,0,17.5
82,108,5,60,0.5,2.9,10.8,7.2,0,0.2
82,109,1,1,0,0,0.1,0.3,0,0
82,110,1,2,0.1,0,0,0.9,0,0
82,115,2,10,0,0.9,1,2.9,0,0
82,116,4,12,0,0.7,1.2,3,0,0
82,117,1,5,0,0.2,0.5,1.2,0,0
82,118,1,2,0,0.1,0.1,0.7,0,0
82,119,2,6,0,0.3,0.3,2,0,0
82,121,3,6,0,0,0,1.8,0,0
82,122,3,15,0,0.2,0,4.7,0,0
82,123,3,13,0,0.1,0,4.3,0,0
82,124,2,9,0,0,0.2,2.9,0.4,0
82,125,3,12,0,0.7,0.6,3.1,0.2,0
82,126,2,9,0,0.6,0.5,2.3,0.1,0
82,127,3,39,0.5,3.7,6.1,5.9,0.1,0
92,1,1,2,0,0.2,0.1,0.4,0.1,0
92,2,1,2,0,0.2,0.1,0.4,0.1,0
92,6,1,5,0,0.5,0.3,1.1,0.1,0
92,13,1,2,0,0.2,0,0.6,0,0
92,16,4,81.5,3.1,1.3,1,33.2,0,0
92,17,7,129.5,1.3,22.2,9.6,23.3,0,5.1
92,20,1,7,0.2,0.3,0.4,1.7,0,0
92,30,3,21,0,2.7,2,5,0,0
92,31,2,2,0,0.4,0.2,0.4,0,0
92,34,2,14,0.2,1,1.2,3.6,0,0
92,37,1,4,0.1,0.3,0,1.7,0,0
92,42,1,2,0,0.5,0.1,0.4,0,0.1
92,44,1,2,0,0.2,0.3,0.6,0,0.2
92,45,2,5,0,0.2,0.6,1.7,0,0.4
92,51,2,17,0,0.4,2.2,3.4,0,0
92,52,3,116,5.8,7.1,9.2,22.5,0,0
92,65,1,1,0,0,0.1,0.3,0,0
92,67,5,64.5,1.5,7.4,7.5,9.4,0,0
92,68,6,110,2.3,6.8,7.9,28.8,0,0
92,70,2,5,0.1,0.1,0.4,1,0,0
92,71,5,32,1,0.8,1.4,8.1,0,0
92,72,7,33,0.8,2,1.4,8.4,0,0
92,73,6,45,0.7,4,2.1,11.7,0,0
92,74,1,4,0.1,0.3,0.1,1,0,0
92,75,3,14,0.6,0.9,0.5,3.3,0,0
92,76,2,6,0,0.4,0.6,1.7,0,0
92,79,3,24,0,3.8,1.2,5.6,0,0
92,80,4,93.5,1,4.3,21.6,5.9,0,0
92,81,5,50,2,3.5,5,7.4,0,0
92,82,5,184.5,2,3.1,54.9,4,1,0
92,83,1,615.5,5.8,62.4,146.6,50.6,0,40
92,84,2,256.5,2,35.5,74.5,7.5,0,2
92,85,2,5,0,0.2,0.2,2.3,0,0
92,86,1,2,0,0.1,0,1,0,0
92,87,3,5,0,0.5,0.2,1.3,0,0
92,88,3,8,0.2,0.6,0.2,2.1,0,0
92,89,1,2,0,0.1,0,0.7,0,0
92,90,2,7,0.2,0.2,0,2.4,0,0
92,91,1,2,0,0,0,0.7,0,0
92,92,4,63,0,5.9,9.9,8.9,0,0
92,93,3,34,0,2.6,4.6,4.9,0,0
92,94,7,96,0.5,17,11.3,7.5,0,0
92,95,5,46,0.6,10.4,3,4.1,0,0
92,96,1,3,0.2,0.9,0,0.4,0,0
92,98,2,7,0.1,0.1,0.3,2.4,0,0
92,99,2,5,0.1,0.1,0.1,1.8,0,0
92,100,1,2,0,0,0.1,0.7,0,0
92,101,1,5,0,0,0,1.9,0,0
92,102,3,7,0,0,0,2.7,0,0
92,103,1,1,0,0,0,0.4,0,0
92,104,1,2,0,0,0,0.9,0,0
92,105,2,4,0,0,0,1.7,0,0
92,106,6,17,0,0.8,0,8.6,0,0
92,107,3,6,0,0.2,0.1,2.4,0,0
92,109,1,4,0,0.5,0.4,0.6,0,0
92,112,4,17,0.3,0.8,0.7,5.4,0,0
92,113,2,12,0.3,0.3,1.6,2.4,0,0.1
92,114,1,2,0,0,0,0.8,0,0
92,115,2,14,0.3,0.3,0.2,4.1,0,0
92,116,2,6,0.1,0.1,0.1,1.7,0,0
92,117,1,4,0,0.3,0.6,0.6,0,0
92,118,2,5,0,0.3,0.8,0.7,0,0
92,119,3,8,0,0,1.3,1.7,0,0
92,121,2,7,0.1,0.6,0.9,1,0,0
92,122,1,191,3.1,51.6,38.8,3.1,0,55
92,123,5,201.5,12.3,53.4,16.3,29.4,0,41
92,124,5,276,4.3,43.7,47.1,42.7,0,35
92,125,5,252,0.4,22.8,76.4,9.9,0,50
92,126,7,120.5,0.3,17.2,25.9,4.5,0,0
92,127,6,106.5,0,14.9,23.6,4.7,0,0
83,1,1,3,0,0.6,0.2,0.4,0,0
83,5,4,34,0.6,3,0.8,7.4,0,0
83,6,2,10,0.2,0.9,0.3,2.1,0,0
83,7,3,8,0,0.5,0.3,2.4,0,0
83,8,2,3,0,0.2,0.1,0.9,0,0
83,19,2,10,0.2,0.2,0.2,3.3,0,0
83,22,1,5,0.2,0.3,0.2,1.6,0,0
83,24,1,1,0,0,0.1,0.3,0,0
83,25,1,2,0.1,0.1,0.1,0.6,0,0
83,31,4,21,0.7,0.7,1.6,7.7,0,0
83,36,1,2,0.1,0.2,0.1,0.8,0,0
83,38,2,14,0,0,1.1,4.4,0,0
83,39,1,3,0,0.4,0.1,0.9,0,0
83,41,1,10,0,2.1,0.8,1.6,0,1.1
83,42,1,6,0,1.2,0.5,1,0,0.7
83,43,1,8,0,1,0.4,1.7,0,0
83,44,1,2,0,0.3,0.1,0.4,0,0
83,48,3,25,0.6,3.2,3.3,3.1,0,0
83,49,4,176,2,15.7,3.9,49.7,1,0
83,56,5,221,0.8,20.6,26,41.4,0,1
83,59,4,27,0,2,0.9,10,0,0
83,60,0,32,0,8,6,0,0,0
83,61,1,2,0,0.2,0.4,0.1,0,0
83,64,1,2,0.1,0.1,0.5,0,0,0
83,65,2,413.5,6.4,23.1,103.9,25.9,0,14.6
83,66,2,11,0.4,1.5,1.6,1.9,0,0.9
83,67,2,5,0.3,0.5,0.6,0.9,0,0
83,68,1,56,0.1,0.1,20.1,0.2,0,0
83,69,5,186.5,0.4,2.5,55.5,2.6,0,0
83,70,3,230,0.4,24.8,57.8,11.2,1,0
83,71,2,29,0,2,10,0,0,0
83,72,2,2,0,0.4,0.4,0.2,0,0
83,73,3,71,0,5,25,1.1,0,0.4
83,74,3,33,1.5,3.6,7.3,0.5,0,0
83,75,4,171.5,6.7,26.5,15.8,22.9,0,0
83,76,2,75.5,2.8,24.3,4.8,2.5,0,0
83,80,7,32,0.9,2,2.4,8.4,0.2,0
83,81,5,13,0.5,0.6,0.1,4.6,0.5,0
83,82,1,2,0.1,0.1,0.1,0.4,0,0
83,83,2,28,1.3,0.9,1,6.3,0,0
83,85,1,3,0.2,0,0.4,0.8,0,0
83,86,1,3,0.2,0,0.4,0.8,0,0
83,87,1,4,0.3,0,0.5,1.1,0,0
83,88,2,3,0,0.3,0.2,1.2,0,0
83,89,5,10,0,0.9,0.6,4.1,0,0
83,90,2,4,0,0.3,0.3,1.7,0,0
83,91,1,8,0,0.6,0,2.6,0,0
83,92,5,18,0.6,1.7,1,4.5,0,0
83,93,7,51,1.7,4.7,2.9,12.8,0,0
83,94,2,2,0,0.2,0.4,0.2,0,0
83,97,4,11,0.3,1.4,0.6,2.9,0,0
83,98,3,12,0.8,0.8,0,4.6,0,0
83,99,7,21,0.4,1.6,0.5,8.1,0,0
83,100,3,8,0.1,0.5,0.3,2.9,0,0
83,101,1,2,0,0.1,0.1,0.7,0,0
83,102,2,4,0,0.2,0.2,1.4,0,0
83,103,3,7.5,0,0.4,0.4,2.7,0,0
83,104,3,7,0.1,0.3,0.6,1.9,0.2,0
83,105,3,58.5,0.3,0.6,11.5,9.9,0.3,0
83,106,6,54.5,0.7,2.1,9.3,7.1,0,0
83,107,5,29.5,0.7,2.7,3.8,4.4,0,0.4
83,108,6,93.5,1.6,10.3,14.5,9.6,0,0.9
83,109,1,2,0,0,0.1,0.6,0,0
83,115,4,10,0,1,1,3.1,0,0
83,116,3,7,0,0.7,0.7,2.1,0,0
83,117,2,6,0,0.5,0.5,2,0,0
83,120,3,6,0,0.1,0.2,1.8,0,0
83,121,2,7,0,0.1,0,2.1,0,0
83,122,1,1,0,0,0,0.3,0,0
83,123,2,15,0,0.2,0,4.6,0,0
83,124,3,8,0,0,0.2,2.5,0.4,0
83,125,2,5,0,0.4,0.3,1.2,0,0
83,126,3,29,0,2.4,1.4,7.2,0,0
83,127,4,107,1,5.7,4.9,40,0,1
87,1,5,121,0.5,4.1,36.4,12.3,0,22
87,2,2,6,0.1,0.8,0.7,1.2,0,0
87,4,2,11,0.2,0.9,0.4,4.2,0,0
87,5,1,4,0.1,0.3,0.1,1.6,0,0
87,10,1,2,0.1,0.2,0.1,0.4,0,0
87,11,2,6,0,0.4,0.1,1.8,0,0
87,19,1,5,0.1,0.7,0.2,1.2,0,0
87,20,1,1,0,0,0,0.4,0,0
87,23,1,144,2,7.8,8.2,45.2,0,0
87,24,2,10,0,0.4,0.2,3.7,0,0
87,29,2,9,0,0.7,0.2,3.1,0,0
87,30,2,17,0,1.2,0.5,5.6,0,0
87,36,5,135,2.6,12.3,12,41,0,1.6
87,37,3,10,0.4,2,0.8,2,0,0.3
87,43,1,2,0,0.3,0.1,0.4,0,0
87,44,2,20,0.4,1.9,1.7,3.7,0,0
87,49,1,6,0.1,0.8,0.8,0.8,0,0
87,50,2,5,0.1,0.7,0.5,0.8,0,0
87,53,1,1,0,0,0,0.4,0,0
87,54,1,12,0.1,1.7,2.1,0.9,0,0
87,55,4,419,2.3,145.3,23.1,4.1,0,11.7
87,56,3,82,2.2,10.3,10.5,11.3,0,0
87,57,1,2,0.1,0.2,0.3,0.3,0,0
87,59,2,8,0.6,0,1.2,1.2,0,1.2
87,60,2,33,0.3,3.1,1.7,10.4,0,0.6
87,62,2,17,0.3,1.2,4,0.8,0,0.8
87,63,1,480.5,29.5,55.3,37.4,89.9,1,40.9
87,64,2,92,3.1,6.5,34.9,8.1,0,0
87,65,2,16,0.7,2.1,2.4,0.7,0,0
87,66,5,109,12.2,19.8,8.9,2.5,0,0
87,67,2,447,11.8,167.7,13.4,20.2,0,154.6
87,68,1,857,23.8,248.7,84,23.2,0,222.9
87,69,1,605.5,120.5,37,102.3,37,0,181.9
87,70,0,1167,142,70,135,297,0,104
87,71,0,1813,83,118,137,621,0,65
87,72,1,869.5,25.8,28.4,62.6,414.8,0.2,34
87,73,2,221,75,34.6,0.8,8.9,0.3,107.9
87,74,1,4,0.1,0.2,1,0.4,0,0
87,75,1,138.5,9.1,3.4,9.1,40.3,0,0
87,76,7,165,11.7,18.2,6.8,33.6,0,0
87,77,7,40,1.9,2.5,1.4,8.7,0,0
87,78,3,11,0.4,0.4,0.4,3,0,0
87,80,2,4,0.4,0.2,0,1.2,0,0
87,82,3,27,0.3,6.2,1.2,4.4,0,0
87,84,2,17,0,1.6,0.4,3.9,0,0
87,87,2,2,0,0.1,0,0.8,0,0
87,88,2,5,0,0.3,0,2.1,0,0
87,89,1,2,0,0.1,0,1,0,0
87,90,5,17,0.2,1.2,0.6,6.2,0,0
87,91,2,7,0.1,0.6,0.3,2.2,0,0
87,92,2,24,0.1,2.4,13.5,1.3,0,13.1
87,93,3,488.5,84.4,91.7,32.8,31.3,0,84.9
87,94,2,428.5,32.7,75.2,54.5,84,0,84.2
87,96,3,31,1.7,3.7,0.8,6.7,0,0.1
87,97,3,9,0.9,0.5,0.1,2.7,0,0
87,98,6,13,1.1,1.5,0.2,3.6,0,0
87,99,3,9,0.4,0.8,0.1,2.5,0,0
87,100,4,10,0.6,0.3,0.2,3.3,0,0
87,101,4,15,0.3,0.6,0.2,5.2,0,0
87,102,2,4,0.1,0.2,0.2,1.2,0,0
87,103,1,1,0,0.1,0.2,0.1,0,0
87,107,1,2,0,0.1,0.1,0.6,0,0
87,108,6,15,0,0.8,0.5,4.9,0,0
87,109,1,1.5,0,0,0,0.5,0,0
87,110,1,1,0,0.1,0,0.3,0,0
87,111,3,5.5,0.1,0,0.1,2.3,0,0
87,112,3,7,0.1,0,0,2.7,0,0
87,113,2,7,0.1,0,0,2.7,0,0
87,115,3,15,0.1,0.5,1.1,4.8,0,0
87,116,2,6,0.2,0.2,0.2,2.1,0,0
87,117,2,4,0.1,0.1,0.1,1.4,0,0
87,118,2,9,0.2,0.5,0,2.7,0,0
87,120,1,2,0,0.1,0,0.6,0,0
87,121,2,8,0.3,0.3,0,2.9,0,0
87,122,2,5,0,1.3,0.1,1,0,0
87,124,1,9,0.5,1.2,0.2,1.6,0,0
87,125,1,2,0,0.1,0.2,0.3,0,0.1
87,126,2,5,0.3,0.7,0.1,0.9,0,0
105,0,1,2,0,0.1,0.1,0.7,0,0
105,11,2,55,0.8,1.7,3.1,19.6,0,0.9
105,15,3,45,0,0.5,0,20.5,0,0
105,19,1,3,0,0.2,0.1,1.1,0,0
105,21,1,4,0,0.1,0.8,0.8,0,0
105,22,7,20,0.2,1.8,3.2,3.7,0,0
105,23,7,75,1.2,6.1,12.4,13.8,0,0
105,24,1,10,0.2,1.5,1.9,1.1,0,0
105,26,1,2,0,0.3,0.4,0.2,0,0
105,27,1,2,0,0.3,0.2,0.2,0,0
105,28,1,2,0,0.3,0.2,0.2,0,0
105,29,1,1,0,0.2,0.1,0.1,0,0
105,30,1,2,0,0.3,0,0.5,0,0
105,31,1,2,0,0.3,0,0.5,0,0
105,36,3,9,0.1,0.5,0.3,3.2,0,0
105,37,3,50.5,1.8,10.4,4.1,10.4,0,6
105,41,2,6,0,0.3,0,2.6,0,0
105,42,2,4,0,0.2,0,1.8,0,0
105,43,2,3,0,0.2,0,1.3,0,0
105,45,3,8.5,0,0.2,0.1,3.6,0,0
105,46,1,5,0,0.3,0.1,2,0,0
105,50,5,32,0.4,0.8,3.5,9.7,0,0
105,54,1,1,0,0,0.1,0.3,0,0
105,59,3,5,0.2,0.7,0.3,1.2,0,0
105,60,5,137,1.3,6.6,7.7,60.4,0,1
105,61,2,4,0,0.2,0,1.8,0,0
105,63,5,72.5,0.5,8.7,2,20.2,0,0
105,64,2,13,0.4,0.7,0.5,3.9,0.1,0
105,65,4,36.5,0.5,2.2,0.7,10.4,0.3,0
105,66,2,5,0,0.4,0,1.3,0,0
105,68,4,8,0.3,0.5,0.1,2.4,0,0
105,69,4,36,1.7,1.6,0.8,11.4,0,0
105,73,2,8,0.1,0.5,0.2,2.4,0,0
105,74,2,19,0.3,2,1.3,3.6,0,0
105,75,6,81,2.8,7.5,13.1,8.1,0,0.4
105,76,5,62,1.3,5,6.7,9.9,0,0.1
105,77,3,28,3,3.8,3.6,1.3,0,1.1
105,83,1,3,0.1,0.3,0.3,0.4,0,0
105,84,1,1,0,0.1,0.1,0.2,0,0
105,87,2,6,0.2,0.3,0.6,1,0,0
105,92,3,8,0.3,0.6,2,0.9,0,0.8
105,93,4,33,1.2,2.5,8.2,3.8,0,3.3
105,94,2,9,0.3,0.8,1,1.9,0,0.6
105,95,5,17,0.4,1.1,1.7,4.4,0,0.8
105,96,3,6,0,0.1,0.3,2.3,0,0
105,97,2,8,0,0.1,0.3,3.4,0,0
105,102,1,5,0.2,0.4,0.2,1.4,0,0
105,103,5,12,0.5,0.7,0.5,3.6,0,0
105,105,4,9,0,0.4,0.8,2.8,0,0
105,106,4,11,0.1,0.6,1,3.7,0,0
105,107,5,12,0.3,0.7,1.1,3.8,0,0.4
105,108,2,10,0.3,0.5,0.8,3.2,0,0.5
105,109,2,4.5,0,0.3,0.3,1.5,0,0
105,110,1,2,0,0.2,0.1,0.7,0,0
105,116,1,2,0,0.1,0.2,0.7,0,0
105,118,1,7,0.2,0.7,0,2.1,0,0
105,119,4,16,0.4,1.5,0,4.8,0,0
105,120,2,19,0.1,0.3,3.4,3.7,0,1.2
105,121,3,96,0.7,0.8,10.2,34.5,0,5.2
105,122,2,5,0,0,1.1,0.9,0,0.4
105,123,1,2,0,0.1,0,1.1,0,0
105,124,1,4,0,0.2,0.3,1.2,0,0
105,125,4,9,0,0.4,0.8,2.7,0,0
105,126,1,4,0,0.2,0.3,1.2,0,0
106,11,2,8,0.6,1,0.6,1.4,0,0.6
106,16,4,37,0,1.1,2,10,0,0
106,17,1,1,0,0.1,0,0.4,0,0
106,22,1,5,0,0.1,1,1,0,0
106,23,2,40,0.1,1.2,4.9,10,0,0
106,24,1,15,0.3,2.3,2.8,1.7,0,0
106,26,2,6,0,0.3,2.5,0.8,0,2.4
106,27,3,48,0,5.9,9.6,6,0,6.5
106,28,3,10,0,1.6,1,1.2,0,0
106,29,1,2,0,0.3,0.2,0.2,0,0
106,31,2,4,0,0.6,0,1,0,0
106,33,5,23,0,2.7,1.9,5.5,0,0
106,34,1,1,0,0.1,0,0.4,0,0
106,36,4,42,0.7,2,1.3,15.1,0,0
106,37,2,14,0.3,0.9,0.5,4.8,0,0
106,38,3,13,0.6,1.6,0.8,3.7,0,0
106,40,1,4,0,0.2,0,1.7,0,0
106,43,2,4,0,0.2,0,1.8,0,0
106,44,4,13,0,0,0,6.2,0,0
106,45,2,9,0,0,0,4.3,0,0
106,46,2,7,0,0.4,0.1,2.8,0,0
106,48,2,6,0,0,0.8,2.1,0,0
106,50,3,8,0,0,1,2.9,0,0
106,54,2,5,0,0.2,0.5,1.5,0,0
106,56,3,18,0,0.4,2,5.6,0,0
106,57,2,11,0,0.3,1.2,3.4,0,0
106,58,2,5,0.2,1,0.3,0.7,0,0
106,59,3,28,0.2,13.3,0.3,2,0,12
106,60,1,2,0.1,0.1,0.1,0.8,0,0
106,61,2,12,0,0.4,0,5.8,0,0
106,62,1,2,0,0.1,0,0.9,0,0
106,63,5,20,0.2,1.8,0,8,0,0
106,64,5,33,0.5,1.5,0,10.2,0,0
106,65,5,36,0.3,2,0,10.7,0,0
106,66,2,6,0,0.4,0,1.6,0,0
106,68,3,27,1,1.1,0,8,0,0
106,69,6,25,0,1.1,0.5,8.2,0,0
106,72,2,2,0,0.2,0,0.6,0,0
106,73,5,24,0.4,1.5,0.5,7.2,0,0
106,74,3,9.5,0,1,1.4,1.4,0,0
106,75,1,7,0,0.8,1,1,0,0
106,76,4,76,6.5,7.6,22.1,3.2,0,19.5
106,77,3,377,19,84.8,29,62.1,0,60.1
106,78,3,101,2.3,13.1,22.3,3,0,2.6
106,79,2,4,0.4,0.4,0.2,0.2,0,0
106,83,2,20,0.6,2.3,1.7,2.9,0,0
106,84,2,4,0.1,0.3,0.4,0.9,0,0
106,87,4,15,0.3,1,1.5,2.6,0,0
106,90,1,1,0,0,0.1,0.2,0,0
106,92,1,8,0.3,0.6,2,0.9,0,0.8
106,93,5,137,1.2,13.6,24.1,21.2,0,7.6
106,94,3,109,3.7,16.1,15.1,19.7,0,10.9
106,95,8,52,1.9,5.8,6.8,7.5,0,3.6
106,96,7,51,0.5,2.6,5.3,11.7,0,0
106,97,3,12,0.2,0.4,0.2,4.6,0,0
106,101,1,2,0.1,0.1,0.1,0.6,0,0
106,102,2,5.5,0.2,0.4,0.2,1.6,0,0
106,106,1,1,0,0,0.1,0.3,0,0
106,107,2,4,0,0.2,0.3,1.2,0,0
106,108,5,13,0,1.1,0.8,4.4,0,0
106,109,1,2,0,0.2,0.1,0.7,0,0
106,114,1,2,0,0.1,0.2,0.7,0,0
106,115,1,2,0,0.1,0.2,0.7,0,0
106,116,1,1,0,0,0.1,0.4,0,0
106,118,1,3,0.1,0.3,0,0.9,0,0
106,119,1,1,0,0.1,0,0.3,0,0
106,120,1,1,0,0,0,0.6,0,0
106,121,2,6,0,0.2,0,3.2,0,0
106,122,1,2,0,0.1,0,1.1,0,0
106,124,1,1,0,0,0.1,0.3,0,0
106,125,3,12,0,0.6,1,3.6,0,0
108,0,3,10,0.4,0.7,0.4,3.6,0,0
108,7,1,1,0,0,0.1,0.4,0,0
108,13,1,6,0,0.6,0.2,1.9,0,0
108,14,3,11,0.4,0.5,0,4.8,0,0
108,17,5,121.5,0.2,31.5,12.4,14.6,0,0
108,18,2,6,0,1.5,0.8,0.6,0,0
108,21,2,12,0,1.3,0.3,4.3,0,0
108,25,3,13,0.5,0.6,0.9,3.9,0,0
108,26,2,3,0.1,0.2,0.2,0.9,0,0
108,28,1,2,0,0.2,0.2,0.5,0,0
108,30,1,2,0.1,0.1,0.2,0.8,0,0
108,34,1,7,0.1,0.3,0.6,1.8,0,0
108,38,3,14,0.7,1.3,0.2,3.4,0.2,0
108,40,1,1,0,0.1,0,0.3,0,0
108,41,1,1,0,0,0,0.4,0,0
108,43,2,9,0,0,0.4,3.6,0,0
108,44,1,2,0,0,0.1,0.7,0,0
108,46,3,22.5,0,0,0.7,7.9,0,0
108,50,1,3,0,0,0.2,1.2,0,0
108,53,2,12,0,0,0.8,4.8,0,0
108,55,6,24,1,1.5,2.8,6.4,0,0
108,56,4,21,2.6,0.5,1.6,5.3,0,0
108,60,4,13,0.4,1.9,0.4,3.9,0,0.7
108,62,3,15,0.6,1.6,0,4,0,0
108,63,4,86,0.6,4.7,0.6,25.4,0,0
108,64,4,32,1.3,2,0,9.7,0,0
108,67,1,4,0,0.1,0,1.8,0,0
108,68,1,2,0,0,0,0.9,0,0
108,69,5,24,0,0.4,0,9.3,0,0
108,70,3,21,0,0.4,0,8.2,0,0
108,72,1,2,0,0.1,0.1,0.5,0,0
108,73,3,20,0,0.6,1.4,4.8,0,0
108,74,4,20,0.1,3.9,1.1,2.4,0,0
108,75,5,29,0.7,5.2,2.7,3.3,0,0
108,76,6,19,0.7,3,2.4,2.2,0,0
108,77,7,40,1.9,8.7,5.6,3.4,0,0
108,79,1,7,0.3,0.7,0,1.6,0,0
108,83,2,9,0,0.8,2,1.2,0,0.4
108,84,4,126,0.2,17.6,19.8,7.4,0,10
108,85,5,26,0,3.1,5.8,3.6,0,0
108,91,2,7,0,0.4,0.7,1.6,0,0
108,92,5,13,0,0.9,1.6,2.6,0,0
108,93,4,108.5,4,23.7,5,9.3,0,0
108,94,3,107,3,33.7,5.5,2.9,0,19
108,96,3,12,0.3,0.6,1.2,2.4,0,0
108,97,6,43,0.8,2.2,3,9.8,0,0
108,98,3,10.5,0,0.6,0,3.3,0,0
108,103,1,4,0.2,0,0,1.8,0,0
108,106,1,3,0.2,0,0,1.3,0,0
108,112,1,2,0,0,0.1,0.7,0,0
108,113,1,1,0,0,0,0.4,0,0
108,114,1,2,0,0.1,0.2,0.4,0,0
108,115,1,2,0,0.1,0.2,0.4,0,0
108,118,1,4,0,0.1,0.2,1.3,0,0
108,119,1,2,0,0,0.1,0.7,0,0
108,121,4,23,0,0.5,0,7.6,0,0
108,123,1,3,0,0.1,0,1,0,0
108,126,1,4,0,0,0,1.4,0,0
86,1,7,159,1.3,12.5,6,61.6,0,11
86,2,1,3,0.1,0.1,0.2,1,0,0
86,3,1,3,0,0.5,0.3,0.6,0,0
86,7,1,3,0.2,0.3,0.1,0.6,0,0
86,10,1,4.5,0.3,0.5,0.2,0.9,0,0
86,12,1,2,0,0.1,0.1,0.6,0,0
86,14,3,3,0,0,0.3,1.2,0,0
86,15,1,2,0,0,0.1,0.8,0,0
86,18,3,18,0.3,0.3,0.4,6.2,0,0
86,19,1,1,0,0,0,0.4,0,0
86,21,1,2.5,0.1,0.1,0.1,0.8,0,0
86,24,2,15,0,0.6,0.3,5.6,0,0
86,25,2,12,0,0.4,0.3,4.5,0,0
86,29,2,6,0,0.5,0.1,2.1,0,0
86,30,4,22,0,1.7,0.6,7.3,0,0
86,31,1,2,0,0,0.1,0.6,0,0
86,34,2,2.5,0,0.3,0.4,0.8,0,0
86,36,2,10,0,1.4,1,3,0,0
86,39,1,2,0.1,0,0.2,0.7,0,0
86,42,1,1,0,0.1,0.1,0.2,0,0
86,44,6,150,1.9,20.6,13.3,22.3,1,0
86,45,5,39.5,0.8,3.8,3.3,7.2,0,0
86,46,1,2,0,0.2,0.2,0.3,0,0
86,55,1,2,0,0.6,0.1,0,0,0
86,57,2,6,0.3,1.4,0.3,0.6,0,0.3
86,60,2,33,1.1,3.1,1.1,11.2,0,0
86,61,2,16,0,0.6,0.4,6.6,0,0
86,63,3,83.5,3,35,3,1.9,1.1,0
86,64,2,18.5,0.7,4.2,1.2,0.6,0,0
86,68,2,8,0.3,1.2,1.1,1,0,0
86,69,2,226.5,17,56,12,32,0,0
86,70,0,516,59,14,40,154,0,2
86,71,4,486.5,35.1,154.7,29,50.3,0,49
86,72,1,50.5,24.1,0,0,7.2,0,6.1
86,73,0,68,50,0,0,0,0,50
86,76,1,20,0.9,0.9,0.9,5.8,0,0
86,77,6,57,2.1,2.3,2.6,16.2,0,0
86,78,6,39,1.4,1.5,1.8,10.9,0,0
86,79,4,15,1.5,0.9,0,4.5,0,0
86,80,3,11,1.1,0.6,0.1,3.1,0,0
86,82,1,3,0.1,0.8,0,0.5,0,0
86,83,2,16,0.6,4.4,0,2.7,0,0
86,84,2,8,0.1,0.2,0,2.4,0,0
86,87,2,5,0.1,0.3,0,1.6,0,0
86,88,2,4,0,0.2,0,1.4,0,0
86,90,3,14,0.2,0.9,0.2,4.6,0,0
86,91,6,21,0.2,1.9,1.2,6.3,0,0
86,92,6,109.5,0.6,40.8,7.7,4.2,0,21.5
86,93,2,601,75.3,157.9,62.9,14.9,0,198.3
86,94,1,501.5,13.7,28.4,56.1,162.1,1,35.4
86,95,3,182,9.7,23.9,7,47.6,0,21
86,96,9,98,6.9,10.1,5.9,20.1,0,0.7
86,97,2,4,0.3,0.7,0.2,0.8,0,0
86,98,6,16.5,1.2,4.2,0.5,3.5,0,0
86,99,1,1,0.1,0.1,0,0.2,0,0
86,100,3,12,0,1,0.6,3.1,0,0
86,101,2,4,0,0.4,0.2,1,0,0
86,102,3,11,0,0.9,0.6,2.8,0,0
86,103,3,7,0,0.6,0.4,1.8,0,0
86,109,6,18.5,0,0,0.6,5.6,0,0
86,110,2,10,0,0,0.3,3,0,0
86,111,3,15,0.6,0,0.2,6.6,0,0
86,113,1,1,0.1,0,0,0.4,0,0
86,114,1,2,0.1,0.1,0,0.7,0,0
86,115,2,3,0.1,0.2,0,1.1,0,0
86,116,1,2,0.1,0.1,0,0.7,0,0
86,117,3,11,0.2,0.6,0.1,3.6,0,0
86,118,1,1.5,0,0.1,0,0.5,0,0
86,119,2,17,0.2,0.9,0,5.2,0,0
86,120,1,4,0.1,0.2,0,1.2,0,0
86,121,1,1,0,0.1,0.1,0.3,0,0
86,122,2,3,0,0.3,0.3,1,0,0
86,123,2,7,0,0.8,0.7,2.3,0,0
86,124,2,14,0.3,0.4,1.7,2.1,0,0.7
86,125,1,2,0,0.1,0.2,0.3,0,0.1
109,0,1,4,0.1,0.2,0.2,1.3,0.1,0
109,3,2,8,0,0.6,0.2,3.6,0,0
109,4,4,63,2.6,1.5,2.5,27.2,0,0
109,5,1,12,0.3,0.8,0.8,4.5,0,0
109,12,4,13,0,1.1,0.1,4.6,0,0
109,15,3,28,0.4,1.9,2.4,7.1,0,0
109,16,3,22,0.3,1.5,1.9,5.6,0,0
109,17,3,38,0.9,3.1,2.4,9.8,0,0
109,18,1,2,0.1,0.2,0.1,0.5,0,0
109,20,2,6,0.1,0.6,0.2,1.8,0,0
109,21,3,18.5,0,1.9,0.5,6.6,0,0
109,24,1,3,0,0.2,0.6,0.4,0,0
109,25,2,36,0.6,2.6,8.5,4.1,0,2.3
109,26,1,14,0.5,0.9,3.8,1.5,0,1.8
109,28,3,20,0,1.5,2,5.1,0,0
109,30,1,26,0,0.7,2.2,7.9,0,0
109,31,1,4,0.2,0.2,0.2,1.2,0,0
109,34,4,10,0.2,0.3,0.8,2.7,0,0
109,35,1,6,0.1,0.3,0.5,1.5,0,0
109,36,2,8,0.1,0.4,0.7,2,0,0
109,37,3,10,0.4,0.9,0.2,2.5,0.2,0
109,38,1,2,0.1,0.2,0,0.5,0,0
109,43,1,14,0,0,0.6,5.6,0,0
109,44,5,13,0,0.4,0.8,5.7,0,0.4
109,45,4,67.5,0.4,2.4,5,25.9,0,1.4
109,46,2,19.5,0.3,0.6,2.4,6.5,0,0.6
109,51,4,10,0,0,0.7,4,0,0
109,53,2,8,0,0,0.6,3.2,0,0
109,54,4,21,0,2.7,2.2,5.6,0,1.2
109,55,4,27,1,2.5,2.8,7,0,1.1
109,56,1,1,0.1,0,0.1,0.3,0,0
109,62,1,1,0.1,0,0,0.3,0,0
109,63,4,30,2.8,0.8,0,9,0,0
109,64,3,11,0,0.7,0.4,2.9,0,0
109,65,4,29,0.8,1.8,1,5.5,0,0
109,66,2,6,0.2,0.3,0.3,1,0,0
109,67,1,4,0,0.1,0,1.8,0,0
109,68,2,8,0,0.1,0,3.6,0,0
109,69,2,9,0,0.2,0.2,4.3,0,0
109,70,3,15,0,0.3,0.3,7.2,0,0
109,73,2,9,0,0.3,0.6,3.4,0,0
109,74,1,2,0,0.4,0,0.3,0,0
109,75,3,22,0.2,3.8,0.4,3.5,0.2,0
109,76,7,45,0.3,7.8,0.8,7.3,0.4,0
109,77,6,38,1.3,4.8,0.2,7.7,0.1,0
109,83,3,30,1.1,3.8,4.9,1.1,0,0
109,84,4,107,2.7,3.3,10.1,25.9,0,3
109,85,1,1,0,0.2,0.2,0.2,0,0
109,86,1,2,0,0.3,0.5,0.3,0,0
109,90,1,4,0.2,0,0,1.5,0,0
109,91,1,2,0,0.1,0.2,0.5,0,0
109,92,5,52,1.3,4.9,7,9,0,0
109,93,2,44,0.3,3.2,11.6,2.1,0,0
109,94,2,10,0.3,0.5,1,1.9,0,0
109,95,2,16,0.5,0.8,1.6,3,0,0
109,96,1,8,0.1,0.4,1.1,1.4,0.1,0
109,97,5,30,0.3,1.3,3.6,5.7,0.5,0
109,98,1,4,0.1,0,0,1.2,0,0
109,103,2,4,0.3,0,0,1.7,0,0
109,106,1,2,0.1,0,0,0.9,0,0
109,111,1,4,0.1,0.1,0.1,1.3,0,0
109,116,3,10,0,0.8,1.2,1.8,0,0
109,117,4,29,0,0.4,1.7,9.5,0,0
109,119,1,1,0,0,0.1,0.3,0,0
109,120,1,1,0,0,0,0.7,0,0
109,121,2,14,0,0,0,9.5,0,0
109,122,2,2,0,0,0,1.4,0,0
109,123,2,7,0,0.1,0,2.4,0,0
107,0,1,7,0.3,0.5,0.4,2.3,0,0
107,6,1,2,0.1,0.1,0.1,0.8,0,0
107,10,2,9,0.3,1,0.4,2.3,0,0.3
107,11,1,7,0.4,0.9,0.5,1.3,0,0.5
107,13,1,4,0,0.4,0.1,1.3,0,0
107,15,1,1,0,0.1,0,0.4,0,0
107,20,2,5,0.2,0.5,0.2,1.3,0,0
107,22,6,52,0.1,7,4.4,10.8,0,0
107,26,1,6,0.2,0.2,0.5,1.9,0,0
107,27,3,78,0.1,18.9,2.3,12.5,0,0
107,28,7,76,0,10.6,7.1,11.7,0,0
107,29,3,8,0.2,0.9,0.7,2,0,0
107,30,3,27,1.6,1.7,2.4,9.9,0,0
107,31,1,3,0.1,0.1,0.2,0.9,0,0
107,33,1,2,0,0.2,0.2,0.5,0,0
107,34,3,13,0.1,0.7,1,3.5,0,0
107,37,2,4,0.1,0.3,0.2,1,0.1,0
107,38,3,5,0.2,0.5,0.1,1.4,0,0
107,43,2,3,0,0.2,0,1.3,0,0
107,46,2,7,0,0.1,0.2,2.6,0,0
107,48,1,1,0,0,0.1,0.4,0,0
107,50,2,3,0,0,0.4,1.1,0,0
107,54,2,21,0,1,2.6,6.2,0,0
107,55,6,42,1.1,2.4,5.2,11.5,0,0
107,57,2,5,0.2,0.7,0.3,1.6,0,0.4
107,58,1,3,0,0.5,0.2,1,0,0.3
107,62,1,1,0,0.1,0,0.3,0,0
107,63,6,48,0.5,3.9,0.4,14.9,0,0
107,64,5,18,0.6,0.9,0,5.5,0,0
107,65,2,18.5,0.2,1.2,0.4,5.1,0,0
107,66,3,18,0,1.3,0.5,4.7,0,0
107,68,3,20,0.8,0.8,0,5.9,0,0
107,69,2,15,0,0.5,0.3,4.9,0,0
107,70,1,4,0,0.1,0,1.5,0,0
107,72,2,15,0,0.3,1.1,3.7,0,0
107,73,9,62.5,0.3,2.1,3.7,16.2,0,0
107,74,4,11,0,2.2,0.6,1.5,0,0
107,75,4,64,1.2,11.9,4.8,7.5,0,0
107,76,6,270,7.7,13.1,79.9,8.3,0,22.7
107,77,3,210,8.9,20.5,30.7,34.3,0,3.7
107,78,4,33,1,6.7,5.5,1.6,0,0.9
107,79,1,2,0.2,0.2,0.1,0.1,0,0
107,83,2,29,0.3,2.8,5.1,3.9,0,0.8
107,84,5,97.5,1.3,6.4,16.6,13.7,0,0
107,89,1,8,0.1,0.5,0.8,1.3,0,0
107,91,1,2,0,0.1,0.2,0.5,0,0
107,92,1,6,0,0.4,0.6,1.3,0,0
107,93,3,206.5,3.9,31.5,41.7,33.4,0,20.7
107,94,2,323.5,14,16.3,62.5,79.1,1,9
107,95,2,4,0,0.2,0.4,0.8,0,0
107,96,3,21,0.2,1.2,2.1,4.8,0,0
107,97,7,24,0.3,1.4,0.9,6.9,0,0
107,98,2,3,0,0.2,0,0.9,0,0
107,99,1,2,0,0,0,0.6,0,0
107,104,2,4,0.2,0,0,1.8,0,0
107,116,1,4,0,0.1,0.3,1.5,0,0
107,119,1,2,0,0,0.1,0.7,0,0
107,123,1,4,0,0.1,0,1.3,0,0
0,0,4,73.5,2,6.1,14.6,4.9,0,0
0,1,2,149,1.5,45.6,14.8,2.4,0,0.1
0,2,5,66,1.5,4.9,13,5.1,0,0.3
0,4,1,4,0.1,0.5,0.2,0.9,0,0
0,5,1,4,0.1,0.9,0.1,0.4,0,0
0,6,1,1,0,0.1,0.1,0.1,0,0
0,7,3,10,0.1,1.6,0.8,0.6,0,0
0,8,5,53,0,9.5,4.8,2,0,0
0,9,4,60,0,9.2,9.5,1.6,0,0
0,10,2,147,0,26.2,28.7,0.5,0,16
0,11,1,5,0,0.4,0.6,0.6,0,0
0,15,3,16,0.6,2.9,1,1.9,0,0
0,16,3,10,0.3,1.8,0.7,1.2,0,0
0,17,1,2,0.1,0.4,0.1,0.2,0,0
0,18,3,17,0.7,2,0.7,4.5,0,0
0,19,3,228,4.4,8.1,51.6,18.3,0,7.6
0,20,2,187,7.1,29.4,23.9,16,0,0.1
0,21,1,3,0,0.3,0.3,0.6,0,0
0,22,1,5,0.1,0.4,0.5,1,0,0
0,23,2,9,0.1,0.9,0.9,1.6,0,0
0,24,3,7,0,0.1,0.6,2,0,0
0,25,2,6,0,0.1,0.5,1.6,0,0
0,26,3,7,0,0.1,0.6,1.9,0,0
0,30,1,5,0.1,0.3,0.6,1.2,0,0
0,31,1,7,0,0.5,0.7,1.5,0,0
0,32,1,10,0,0.7,0.9,2.2,0,0
0,33,1,3,0,0.2,0.3,0.6,0,0
0,34,2,5,0.1,0.5,0.4,1,0,0
0,35,3,13,0.2,1.3,0.8,2.8,0,0
0,36,1,7,0.2,0.7,0.4,1.7,0,0
0,37,2,7.5,0.1,0.5,1.8,0.5,0,0
0,38,1,4,0,0.6,0.2,0.5,0,0
0,39,2,8,0.2,1,1.1,0.4,0,0
0,40,1,2,0.1,0.2,0.1,0.4,0,0
0,41,1,6,0.2,1.3,0.3,0.7,0,0
0,42,2,6,0,0.3,0.3,1.8,0,0
0,44,1,6,0.3,0.5,0.6,1.2,0,0
0,45,1,8,0,1,0.3,1.5,0,0
0,46,2,7,0,0.8,0.4,1.3,0,0
0,48,1,2,0.1,0.1,0.2,0.3,0,0
0,49,2,3,0.2,0.2,0.3,0.4,0,0
0,50,1,2,0,0.3,0.1,0.5,0,0
0,53,1,2,0,0,0.1,0.6,0,0
0,54,4,22,0,2.6,0.5,5.8,0,0
0,56,1,5,0,0.5,0.4,1,0,0
0,59,1,2,0,0.1,0,0.5,0,0
0,60,2,4,0.1,0.3,0.4,0.8,0,0
0,62,5,82,4.6,5.9,14.9,5.4,0,0
0,63,1,390.5,8.1,57.2,68.2,4.3,0,8
0,64,2,110.5,0.5,32.3,12.9,4.9,0,0
0,65,5,27,1.3,2.6,2.2,4.5,0,0
0,66,3,12,0.3,1.5,0.6,1.9,0,0
0,67,2,4,0,0.6,0.2,0.8,0,0
0,68,2,13,0,1.6,0.8,2.6,0,0
0,69,1,5,0,0.6,0.6,1.5,0,0
0,70,2,9,0,1.1,1.1,2.7,0,0
0,71,2,9,0,0.3,0.5,2.4,0,0
0,75,4,10,0.3,0.7,0.8,2.2,0,0
0,77,2,14,0.5,1,1.1,3,0,0
0,78,1,5,0.3,0.3,0.1,1.3,0,0
0,80,1,4,0.2,0.2,0.1,1.1,0,0
0,81,5,36,1,1.4,8.1,3.9,0,0
0,82,3,446,7.1,58.9,67.7,52,1,28
0,83,2,9.5,0.3,1.2,1.3,1.8,0,0
0,84,1,6,0.2,0.3,0.2,1.8,0,0
0,85,1,3,0.1,0.2,0.2,0.8,0,0
0,86,3,4,0,0.2,0.3,1.2,0,0
0,87,2,7,0.1,0.2,0.1,2.2,0,0
0,88,3,11,0.2,0.5,0.4,3.2,0,0
0,89,3,10,0.2,0.4,0.2,2.9,0,0
0,90,3,8,0.1,0.4,0.4,2.3,0,0
0,94,1,7,0,0.4,1.4,0.3,0,0
0,95,3,11,0,0.7,1.6,1.7,0,0
0,96,4,12,0.5,2,0.7,2.3,0,0
0,98,4,19,0.4,0.7,1.6,4,0,0
0,99,1,5,0.2,0.4,0.4,1.1,0,0
0,100,1,4,0.2,0.2,0.3,1,0,0
0,101,2,36,0.5,3.1,5.9,3.6,0,0
0,102,1,2,0,0.2,0.3,0.2,0,0
0,104,1,2,0.1,0.1,0,0.6,0,0
0,105,2,20,0.8,1.2,0.4,5.8,0,0
0,107,4,21,0.5,1.1,0.5,6.5,0,0
0,108,4,37,0.9,1.6,1.2,11.5,0,0
0,110,1,2,0,0,0,0.9,0,0
0,111,2,5,0,0.2,0.2,1.6,0,0
0,112,5,32,0.1,2.4,2.4,7.4,0,0
0,113,2,10,0.4,1.8,1.1,1.7,0,0
0,114,2,7,0.3,0.3,0.8,2.5,0,0
0,115,3,10,0,0.1,0.4,3.6,0,0
0,116,2,22.5,0,0,1.1,7.6,0,0
0,117,3,17,0.5,0,1.4,3.8,0,0
0,118,1,6,0,0.8,0.2,1.4,0,0
0,121,2,9,0,0.3,0.3,2.4,0,0
0,123,1,7,0,0.3,0.4,2.1,0,0
0,126,4,15,0.2,0.3,0.7,3.6,0,0
5,1,4,36,1.1,2.4,4.4,5.4,0,0
5,2,3,57,5.3,9.8,5,2,0,0
5,3,2,7,0.5,1.6,0.2,0.5,0,0
5,4,2,7,0.1,1,0.1,2,0,0
5,5,2,6,0.1,0.9,0.1,1.7,0,0
5,6,2,3,0.2,0.3,0.1,0.7,0,0
5,7,6,64,3.4,7.9,4.3,9.8,0,0
5,8,3,189,15.3,11.4,29.2,36.1,0,9
5,9,5,292.5,1.8,23,74.2,26.8,0,25.1
5,10,2,6,0,0.9,0.2,2.2,0,0
5,11,2,4,0,0.6,0.2,1.4,0,0
5,12,5,12,0,1.5,0.5,4.3,0,0
5,13,3,7,0,0.9,0.2,2.5,0,0
5,14,1,3,0,0,0,1.2,0,0
5,18,2,8,0.3,0.8,0.6,1.6,0,0
5,19,2,5,0.2,0.5,0.4,1,0,0
5,20,1,3,0.1,0.3,0.3,0.6,0,0
5,22,1,3,0.1,0.2,0.1,0.7,0,0
5,23,3,27,0.5,2.1,1.3,6.1,0,0
5,24,5,26,0.8,2.5,1.9,4.7,0.4,0
5,25,1,2,0.1,0.2,0.1,0.4,0,0
5,26,1,9,0.3,0.8,0.7,1.6,0.1,0
5,27,4,29,0,1.7,2.4,3.4,0,0
5,29,2,8,0,0.4,0.7,0.9,0,0
5,30,1,4,0,0.2,0.3,0.5,0,0
5,31,1,5,0.1,0.4,0.5,0.7,0,0
5,32,1,2,0,0.2,0.2,0.3,0,0
5,33,3,13,0.2,1,1.4,1.9,0,0
5,35,1,7,0.2,0.5,0.6,1.3,0,0
5,36,1,5,0.1,0.4,0.5,0.9,0,0
5,37,2,7,0,1.8,0.5,0.8,0,0
5,38,2,13,0,3.3,0.9,1.6,0,0
5,39,2,6,0.2,0.9,0.6,0.7,0,0
5,40,1,6,0.2,0.9,0.6,0.7,0,0
5,51,2,6,0,1.2,0.6,1,0,0
5,52,1,2,0,0.4,0.2,0.3,0,0
5,53,1,4,0,0.8,0.4,0.6,0,0
5,54,1,3,0.1,0.2,0.4,0.5,0,0
5,55,1,1,0,0.1,0.1,0.2,0,0
5,56,4,216,9.1,52.9,25.7,10.8,0,9
5,57,2,574,19.3,70.7,60,95.8,0.8,22
5,58,2,236,0.2,41.1,53.7,1.3,0,20
5,59,3,14,0,0.3,1.3,4.2,0,0
5,60,3,10,0.1,0.8,0.9,2.3,0,0
5,61,4,37,0.5,4.3,2.7,6.9,0,0
5,63,1,2,0,0.3,0.2,0.2,0,0
5,64,2,7.5,0,0.7,0.2,2.3,0,0
5,66,1,2,0,0.2,0.1,0.6,0,0
5,67,4,16,0.2,0.9,0.6,4.8,0,0
5,68,2,3,0,0.2,0.1,0.9,0,0
5,70,2,17,0.5,2.1,0.2,4,0,0
5,72,3,131.5,3,18.2,22.5,5.4,0,0
5,73,1,503.5,32.6,39.8,44.6,119.6,0,35
5,74,0,767,54,90,71,204,0,103
5,75,3,526,17.6,53.2,127.1,60.5,0,29
5,76,3,302,17.4,17.9,28.2,74.7,1,12
5,77,3,120,1.3,15.7,21,2.6,0,0
5,78,1,3,0.1,0.4,0.4,0.1,0,0
5,80,1,4,0.1,0.1,0.9,0.4,0,0
5,81,1,2,0.1,0.2,0,0.4,0,0
5,82,2,4,0.3,0.3,0.1,0.8,0,0
5,83,2,9.5,0.6,0.8,0.1,1.8,0,0
5,85,2,14,0,1.5,0.6,3,0,0
5,86,2,5,0,0.5,0.3,1.1,0,0
5,87,2,14,0.1,1.1,1.5,2.5,0,0
5,88,2,15,0.3,0.6,2.4,2.9,0,0
5,89,1,5,0.1,0.2,0.9,0.7,0,0
5,90,1,2,0.1,0.1,0.3,0.3,0,0
5,93,2,12,0,0.5,0.6,3.4,0.1,0
5,94,4,26,0.3,1,2.2,6,0,0
5,95,3,9,0,0.5,0.4,3,0,0
5,96,2,7,0,0.4,0.3,2.3,0,0
5,97,3,6,0.3,0.1,1,0.9,0,0
5,98,5,24,1.2,0.7,3.5,4.3,0,0
5,99,4,26,4.2,3.6,2.2,1.7,0,0.7
5,100,2,379,18.9,11.6,59.4,114,2,11.2
5,101,3,144,0,2.3,17,69.3,0,0
5,102,3,21,0,0.9,0,7.4,0,0
5,103,2,19,0.9,0.6,0.3,6.3,0,0
5,107,3,9,0.3,0.7,0.1,2.3,0,0
5,108,2,6,0,0.5,0,1.8,0,0
5,109,5,30,0.4,2,2.4,6.2,0,0
5,110,2,447,0.1,66.1,91.3,4.2,0,2.4
5,111,4,423.5,45.8,10.5,96.8,16.5,0,48
5,112,2,13,0.6,0.7,1.8,1.9,0,0
5,113,3,10,0.7,0.4,0.3,2.7,0,0
5,115,2,19,0,0.8,1.9,3.7,0,0
5,116,1,5,0,0.2,0.5,1,0,0
5,117,2,4,0,0.2,0.3,0.6,0,0
5,119,2,7,0,0.4,0.6,1,0,0
5,121,3,6,0,1,0.2,1.2,0,0
5,122,1,4,0.1,0.6,0.2,0.7,0,0
5,124,1,3,0,0.5,0.1,0.6,0,0
5,126,2,6,0,1,0.1,1.3,0,0
5,127,1,3,0,0.1,0.3,0.9,0,0
8,0,2,2,0,0,0.2,0.8,0,0
8,2,1,7,0.1,1.2,0.7,1.3,0,0
8,3,5,92.5,2.7,16.9,11.7,10.3,0,0
8,4,1,64,2.2,0.7,19.4,3,0,3
8,6,2,16,0.2,1.2,1,3.1,0,0
8,7,2,8,0.1,0.7,0.5,1.5,0,0
8,8,1,6,0.3,0.4,0.4,1.1,0,0
8,10,2,8,0.3,0.5,0.6,2.3,0,0
8,11,1,6,0.2,0.3,0.5,1.7,0,0
8,13,2,7,0,0.4,0,2.1,0,0
8,14,4,13.5,0.1,1.2,1.5,2,0,0
8,15,3,7,0.2,0.6,0.9,1.3,0,0
8,17,3,10,0,0.7,0.9,2.4,0,0
8,18,2,4,0,0.3,0.4,0.9,0,0
8,21,1,3,0,0.2,0.2,0.7,0.1,0
8,23,1,4,0,0.2,0.3,1,0.1,0
8,24,3,22,0,1.5,0.6,4.1,0,0
8,28,2,4,0.1,0.1,0.1,1,0,0
8,29,1,8,0.2,0.3,0.2,2,0,0
8,30,2,4,0,0.3,0.3,0.9,0,0
8,31,2,6,0,0.4,0.4,1.4,0,0
8,32,2,5,0,0.4,0.3,1.1,0,0
8,34,1,6,0,0.8,0.2,1.3,0,0
8,35,1,5,0,0.6,0.2,1.1,0,0
8,36,1,3,0,0.4,0.1,0.6,0,0
8,37,2,7,0.2,1.2,0.4,1,0,0
8,38,2,8,0.2,1.4,0.4,1.2,0,0
8,39,2,5,0.1,0.9,0.3,0.7,0,0
8,40,1,7,0.1,1.3,0.4,1,0,0
8,42,2,4,0,0,0.2,1.4,0,0
8,48,2,21,1.2,0,0.5,5,0,0
8,50,2,7,0.2,1.2,0.3,1.2,0,0
8,51,4,24,1.2,4.1,1.9,2.4,0,0
8,52,2,172,1.1,40.9,21.1,6.2,0,7
8,54,1,2,0,0.1,0.1,0.6,0,0
8,58,1,3,0,0,0.1,0.9,0,0
8,59,2,12,0,0.5,2.1,1.2,0,0.5
8,61,2,58,0.9,12.1,12.1,0,0,4.5
8,62,5,21.5,1,5.6,1.6,1.1,0,2.5
8,63,2,20,0,3.1,1,2,0,0
8,64,1,3,0,0.4,0.2,0.5,0,0
8,65,2,5,0,0.6,0.3,0.9,0,0
8,66,2,3,0,0.3,0.2,0.6,0,0
8,67,1,10,0.3,2.3,0.9,0.2,0,0
8,68,3,298.5,9.7,45,39.8,36.6,0,8
8,69,3,326,3.7,7.5,91.9,11,0,5
8,70,2,12,0.2,1.2,3,0,0,0
8,73,3,159.5,0,0.7,53.5,1.3,0,1.7
8,74,3,62,0,6.3,15.7,0.4,0,0
8,75,1,3,0,0.5,0.6,0,0,0
8,77,3,5,0,0.3,0.4,1.1,0,0
8,78,1,4,0.1,0.2,0.3,0.8,0,0
8,80,1,2,0,0,0.1,0.7,0,0
8,81,3,15,0.2,0.4,0.4,5.2,0,0
8,83,2,6,0.1,0.1,0.2,2.1,0,0
8,84,1,4,0.4,0.1,0.2,0.8,0,0
8,86,2,6,0,0.4,1.5,0.3,0,0.6
8,87,1,11,0,0.5,2.6,0.4,0,0.4
8,89,2,5,0,0.6,0.3,1.4,0,0
8,90,3,8,0.1,0.7,0.4,2,0,0
8,91,3,12,0.3,0.2,0.6,2.5,0,0
8,92,1,2,0.1,0,0.1,0.4,0,0
8,95,4,15,0.8,1,1,2.7,0,0
8,96,5,25.5,1.4,1.5,1.6,4.7,0,0
8,97,2,7,0.3,0.5,0.2,1.9,0,0
8,99,5,64,1.3,1.9,3.2,14.4,0,0
8,100,1,4,0.1,0.1,0.2,0.9,0,0
8,101,2,13,0.2,0.5,0,4,0,0
8,103,2,5,0,0.2,0,1.7,0,0
8,105,4,26.5,0.9,1.1,1.6,7.1,0.2,0
8,106,1,4,0.2,0.2,0.3,0.9,0,0
8,107,4,35,0.8,2.6,2.9,6.5,0,0
8,108,4,26,0.5,1.8,2.2,4.9,0,0
8,109,3,10,0,1,0.7,2.3,0,0
8,110,5,31,0,3.1,2.2,7.2,0,0
8,111,2,12,0,1.7,0.7,2.5,0,0
8,113,1,9,0,1.3,0.5,1.9,0,0
8,116,3,8,0,0.4,0.4,2.4,0,0
8,122,1,24,0,1.8,1.4,6,0,0
8,123,4,11,0,0.9,0.7,2.7,0,0
8,124,1,3,0,0.2,0.2,0.8,0,0
8,125,3,26,0,1.2,1.2,7.2,0,0
8,126,3,17,0,0.5,0,5.4,0,0
8,127,5,18,0,0.6,0.4,6,0,0
53,0,1,5,0.1,0.4,0.3,1.5,0,0
53,1,1,7,0.5,0.4,0.4,1.6,0,0
53,2,4,34,1.4,2.9,1.4,9,0,0
53,3,2,5,0.2,0.5,0.2,1.3,0,0
53,4,1,13,0,1.9,1.4,1.8,0,0
53,5,2,13,0,1.8,1.5,1.8,0,0
53,7,3,19,0,1.3,2.3,3.3,0,0
53,8,2,6,0,0.6,0.7,1,0,0
53,9,2,65.5,1.3,2.3,18.1,4.5,0,0
53,10,1,3,0.2,0,0.5,0.5,0,0
53,11,1,34.5,0,2.7,2.7,5.4,0,0
53,12,1,6,0,0.4,0.5,1.5,0,0
53,13,6,34,0,2.4,2.6,8.6,0,0
53,14,3,14,0,1.4,0.2,4.2,0,0
53,19,1,3,0,0.3,0,0.9,0,0
53,23,1,5,0.1,0.1,0,1.6,0,0
53,25,1,4,0,0.3,0.1,1.4,0,0
53,26,1,15,0,0.9,0.9,4.2,0,0
53,27,5,24.5,0.2,1.6,1.6,6.2,0,0
53,28,5,80,1.8,5.1,7,15.9,0,0
53,29,4,40,0,6,6.1,1.9,0,0
53,30,1,2,0.1,0.1,0.1,0.5,0,0.1
53,31,1,2,0.1,0.1,0.1,0.5,0,0.1
53,32,3,6,0.2,0.2,0.4,1.7,0,0.2
53,36,1,4,0.3,0.4,0.1,1,0,0
53,37,1,2,0.2,0.2,0,0.5,0,0
53,38,1,4,0.3,0.4,0.1,1,0,0
53,39,2,31.5,0.6,1.4,2.6,7.8,0,0
53,40,1,5,0.1,0.2,0.4,1.3,0,0
53,41,1,12,0.6,0.6,0,4.3,0,0
53,42,1,2,0.1,0.1,0,0.7,0,0
53,52,1,4,0.2,0.2,0.1,0.9,0,0
53,53,1,3,0.1,0.2,0.1,0.7,0,0
53,54,1,2,0,0.1,0.1,0.7,0,0
53,59,1,3.5,0,0.2,0.5,0.5,0,0
53,60,2,188.5,3,8.8,19.9,36,0,5
53,61,3,19,0,2.9,1.4,3.9,0,0
53,64,2,8,0,0.8,0.6,2.4,0,0
53,66,1,2,0,0.2,0.2,0.6,0,0
53,67,2,8,0,0.4,0.6,2.8,0,0
53,68,1,3,0,0,0.2,1.2,0,0
53,69,1,8,0,0,0.5,3.2,0,0
53,74,3,21,0.4,0.6,0,7.8,0,0
53,75,5,23,0.3,0.7,0,8.5,0,0
53,77,1,5,0.1,0.2,1.1,0.4,0,0
53,79,3,185,6.7,7.7,24.5,29.9,0,0
53,80,3,51.5,1.1,2.4,9.3,3.7,0,0
53,84,3,18,0.4,0.4,1.6,5.4,0,0
53,85,2,39,0.6,1.6,3.5,11,0,0
53,87,3,22,0,0.9,1.3,6.1,0,0
53,89,2,6,0,0.7,0,2,0,0
53,90,2,14,0,1.6,0,4.6,0,0
53,91,1,8,0,0.9,1.2,0.9,0,0
53,93,4,52,0,1.8,6.4,9.1,0,0
53,94,5,35,0,1,3.5,10.6,0,0
53,95,2,7,0,0.2,0.7,2.1,0,0
53,101,5,28.5,0.2,2.9,2.2,7,0.6,0
53,102,7,53.5,3.3,6.8,2.4,13.1,0.2,0
53,104,1,4,0,0.1,0,1.8,0,0
53,106,2,36,0.5,3.8,0.5,6.8,0,0
53,107,2,539.5,7.4,119.4,41.3,40.2,0,39
53,108,3,14,0.3,0.8,1.5,2.8,0,0
53,109,1,2,0,0,0,0.6,0.1,0
53,113,4,199.5,4.1,21.9,49,20,0,28
53,114,3,294.5,2.4,7,91.5,3.2,0,0
53,115,6,40,1.1,4.5,5.1,4.5,0,0
53,116,3,29,0.5,2.3,1.4,7,0,0
53,117,4,14,0.7,1.3,1.7,2.9,0,0
53,118,4,25,1,2.2,3.2,5.3,0,0
53,119,5,22,0.3,3.1,1.5,3,0,0
53,120,3,191,3.1,31.6,21.4,15.9,0.3,0
53,121,2,6,0.2,1,0.2,1.2,0,0
53,122,5,31,0.8,2.2,0.6,9,0.1,0
53,125,3,20,0,2,1.2,3.6,0,0
53,126,1,1,0,0.1,0,0.2,0,0
53,127,1,2,0,0.2,0.1,0.4,0,0
26,0,5,112,9.7,22.1,18.8,0.4,0,10
26,1,0,804.5,121,83,89,73,0,47
26,2,3,375,28.5,59.4,57.2,69.6,0,11
26,3,1,680.5,17.4,215.4,42.1,13,0,91
26,4,1,1,0,0.1,0,0.5,0,0
26,5,3,7,0,0.6,0,3.4,0,0
26,6,1,2.5,0,0.2,0,1.2,0,0
26,8,2,4,0,0,0.5,1.1,0,0
26,9,2,7,0,0,0.9,1.9,0,0
26,11,2,2,0,0,0.2,0.8,0,0
26,13,3,8,0.1,0.3,0.4,2.8,0,0
26,14,2,6,0,0.1,0.6,1.5,0,0
26,15,1,2,0,0,0.2,0.5,0,0
26,16,1,1,0,0,0.1,0.3,0,0
26,17,1,2,0.1,0.2,0.4,0.1,0,0
26,18,1,2,0.1,0.2,0.4,0.1,0,0
26,20,1,2,0.1,0.2,0.4,0.1,0,0
26,21,2,7,0,0.6,0.9,1,0,0
26,23,1,1,0,0.1,0.1,0.2,0,0
26,24,1,2,0,0.1,0.2,0.5,0,0
26,25,1,2,0,0.1,0.2,0.5,0,0
26,26,3,16,0,1,1.4,3.8,0,0
26,27,1,5,0.1,0.2,0.3,1.3,0,0
26,31,1,7,0,0.4,0,2,0,0
26,32,1,3,0,0.1,0,0.9,0,0
26,34,3,62,2.1,4.6,11.7,7.7,0,5.2
26,35,4,15,0.6,1.6,2.2,2.5,0,0.9
26,36,1,8,0.3,0.9,1.1,1.4,0,0.5
26,37,3,10,0.2,0.8,1,2.3,0,0.2
26,39,2,7,0.1,0.4,0.6,1.8,0,0
26,43,2,6,0.3,0,0.4,1.7,0,0
26,46,2,8,0,1.1,0.6,1.5,0,0
26,47,2,5,0.2,0.5,0,0.8,0,0
26,48,1,1,0,0.1,0,0.2,0,0
26,49,1,7.5,0.2,0.8,0,1.3,0,0
26,50,1,5,0.1,0.6,0,0.8,0,0
26,52,2,15,0,1.1,1.3,3.6,0,0
26,53,1,2,0,0.1,0.2,0.5,0,0
26,54,1,5,0,0.3,0.5,0.6,0,0
26,55,2,115.5,1,7.2,16.7,9.4,0,0
26,56,1,6,0,0.2,1.5,0.4,0,0
26,57,3,6,0,0.3,1.5,0.3,0,0
26,58,4,115,3,26.6,16.2,5.4,0,10
26,59,1,1,0,0.1,0,0.3,0,0
26,60,1,11,0,1.1,0.4,2.9,0,0
26,61,4,36,0.9,7.7,5.3,2.8,0,0.9
26,62,3,147.5,5.1,12.9,13.2,32.5,0,13.6
26,64,1,1,0,0.1,0,0.2,0,0
26,65,2,8,0.4,0.4,0.3,1.6,0,0
26,66,2,4,0.2,0.2,0.2,0.8,0,0
26,68,1,7,0.1,0.2,0.4,1.8,0,0
26,69,2,16,0.5,0.9,0.3,2.7,0,0
26,70,2,17,0.6,0.9,0.4,2.8,0,0
26,72,1,2,0,0.1,0.1,0.7,0,0
26,73,2,11,0.2,0.5,0.3,3.7,0,0
26,74,4,15,0,1.5,0.8,3.9,0,0
26,76,1,3,0,0.3,0.2,0.8,0,0
26,77,1,2,0,0.1,0.2,0.4,0,0
26,81,2,91,2.6,15,9.7,12.3,0,2.7
26,82,3,23,0.3,3.6,2.7,2.2,0,1.3
26,83,1,5,0,0.4,0.3,0.9,0,0
26,84,3,41.5,0.8,0.8,6.8,6.1,0,0
26,86,4,258.5,4,29.7,38.8,26.9,0,18.7
26,87,6,220.5,1.1,9.3,15.6,70.7,0,2.2
26,89,2,6,0,0.3,1.4,0.3,0,0
26,91,1,7,0.2,0.5,0.8,1.7,0,0
26,94,5,27,0.8,0,2.6,6,0,0
26,95,2,13.5,0,0,1.4,2.3,0,0
26,98,1,2,0.1,0.1,0.2,0.3,0,0
26,99,2,9,0,0,1.4,1.9,0,0
26,100,4,20,0,1.5,2.9,2.4,0,0
26,101,3,49,0,2.9,7.3,5.7,0,0
26,102,4,24,1.9,3,1.4,2.7,0.1,0
26,103,6,56,4.7,7.2,3.1,6.2,0.4,0
26,104,4,23,0.3,3.2,2.3,4.9,0,0
26,108,5,50,0.5,1.2,0.7,18.7,0,0
26,111,3,67,3,16.1,7.9,4,0,0
26,112,3,239,0,92,5.5,0,0,0
26,113,2,6,0,0.8,1.3,0,0,0
26,114,4,288.5,3,109.7,6.5,2.1,0,3
26,115,4,294,7,66.5,34.7,4.4,0,0
26,116,4,497.5,10.3,66.4,94.7,9.3,0,14.3
26,117,1,867.5,1.2,0.2,282.5,0.1,0,21.1
26,118,1,1040.5,0,0.5,401.4,0.8,0,122
26,119,1,73,0,30,0.2,0.8,0,1
26,121,2,8,0.4,1,1,0.2,0,0.9
26,122,1,4,0.2,0.5,0.5,0.1,0,0.4
26,124,1,29,0,5.8,7.7,2,0,0
26,125,1,1,0,0.2,0.2,0.1,0,0
26,126,2,9,0,0.4,0.6,1.9,0,0
26,127,4,31,0.2,2.6,1.7,5.9,0,0
110,3,2,2,0,0.2,0,1,0,0
110,4,2,5,0.2,0.3,0.3,1.9,0,0
110,5,1,1,0,0,0.1,0.4,0,0
110,12,2,12,0,1,0,4.3,0,0
110,13,1,2,0,0.2,0,0.7,0,0
110,14,2,6,0.2,0.3,0.3,2.2,0,0.1
110,18,1,2,0.1,0.2,0.1,0.5,0,0
110,20,1,1,0,0.1,0,0.4,0,0
110,21,2,13,0,1.3,0.3,4.7,0,0
110,22,2,3,0.1,0.2,0.2,0.8,0,0
110,25,3,93,0.6,8,20.3,8.5,0,5.1
110,26,6,269,3,15.3,54.7,37.9,0,8.5
110,27,1,2,0.1,0.1,0.6,0.2,0,0.3
110,30,1,10,0,0.3,0.8,3.1,0,0
110,35,1,4,0,0.2,0.1,1.4,0,0
110,36,1,18,0.3,0.9,1.5,4.6,0,0
110,37,1,3,0.1,0.3,0.1,0.7,0.1,0
110,38,2,19,0.3,1.3,1.3,4.7,0.1,0
110,40,4,13,0.1,0.8,0.9,3.5,0.1,0
110,45,6,45,0.4,1.5,4.1,17,0,1.3
110,46,1,36,0.1,15.3,2.2,3.4,0,15.3
110,49,1,6,0,0.3,1.6,0.7,0,0
110,52,3,30.5,0.2,1,1.8,12,0,0
110,53,1,9,0.1,0.5,0.5,3.5,0,0
110,54,5,80.5,0.6,17.4,8.1,21.1,0,12.8
110,55,1,2,0,0.3,0.2,0.5,0,0.1
110,60,3,25,0.1,0.7,0.2,11.6,0,0.4
110,61,2,13.5,0.6,1.6,0.5,3.9,0,0
110,62,3,63,1.5,4,1.1,19.8,0,0
110,63,2,8,0.7,0.4,0.1,2.1,0,0
110,64,6,21,0.7,2.8,1.6,3.6,0.1,0
110,65,6,40.5,1.4,3.9,2.4,7.1,0,0
110,66,4,13,0.4,0.5,0.3,3.4,0,0
110,67,3,20,0,0.5,0,9,0,0
110,68,1,7,0,0.2,0.4,3.1,0,0
110,69,3,18,0,0.5,0.5,8.5,0,0
110,72,3,17,0.1,0.7,1.3,5,0,0
110,73,6,45.5,0,1.5,3,17.4,0,0
110,74,2,12,0.2,1.6,0.7,1.9,0.1,0
110,75,2,40,0.5,3.9,4.4,6.1,0.1,0
110,76,1,5,0,0.9,0.1,0.8,0,0
110,77,6,22,0.3,1.6,0.4,6.6,0,0
110,78,3,14,0.1,0.7,0.3,4.6,0,0
110,80,1,2,0,0.2,0.4,0.3,0,0.1
110,84,1,12,0.3,0.8,1.8,1,0,0
110,87,3,7,0.1,0.6,1.1,1.4,0,0.1
110,88,1,2,0.1,0,0,0.7,0,0
110,92,3,343,10.5,40.3,30.9,89,0,52
110,93,3,61,1.3,5.4,10.7,8,0,0
110,95,1,6,0,0.2,0,2.4,0,0
110,96,4,18,0.2,0.9,2.3,3.2,0.4,0
110,97,4,18,0.3,0.5,1.2,4.3,0.1,0
110,99,1,5,0.1,0,0,1.5,0,0
110,104,1,1,0.1,0,0,0.4,0,0
110,105,2,4,0.1,0.1,0,1.8,0,0
110,106,3,11,0.4,0.2,0,4.8,0,0
110,107,4,9,0.2,0.1,0.1,3.7,0,0
110,108,3,16,0.2,0.4,0.5,5.3,0,0
110,109,3,13,0.4,0.4,0.4,4.2,0,0
110,110,3,8,0.2,0.3,0.4,2.3,0,0
110,111,1,2,0,0,0.1,0.7,0,0
110,112,2,5,0,0.1,0.2,1.7,0,0
110,113,1,2,0,0,0.1,0.6,0,0
110,114,1,1,0,0.1,0.1,0.2,0,0
110,115,3,11,0,0.4,1.6,2.9,0,0
110,116,3,22,0,1.5,2.5,4.1,0,0
110,117,3,205.5,2.5,9.8,21.3,62.2,0,17
110,118,2,5,0,0.2,0,1.3,0,0
110,119,1,1,0,0,0.1,0.3,0,0
110,121,3,5,0,0,0,3.5,0,0
110,122,1,1,0,0,0,0.4,0,0
110,123,3,4.5,0,0,0,1.6,0,0
110,124,1,3,0,0,0,1,0,0
110,126,1,2,0,0,0,0.7,0,0
110,127,1,2,0,0.1,0.1,0.8,0,0
12,0,1,12,0.4,1.7,0.9,2.6,0,0
12,1,1,3,0,0.3,0.3,0.7,0,0
12,3,3,15,0,1.4,1.5,3.7,0,0
12,4,2,5,0,1.1,0.3,1,0,0
12,7,2,56.5,0.3,2.7,14,2.9,0,0
12,8,2,69,1.1,4.2,14.5,6,0,0
12,11,1,2,0,0.2,0.2,0.6,0,0
12,14,1,3,0.2,0.3,0.3,0.8,0,0
12,18,2,11,0.2,0.5,1.6,2.8,0,0
12,19,2,3,0,0.1,0.5,0.8,0,0
12,20,3,10,0.2,0.4,1.5,2,0.1,0.2
12,21,2,11,0,0.6,1.9,0.9,0.1,0.6
12,23,1,3,0,0,1,0,0,0.1
12,25,1,5,0,0.2,0.4,1.6,0,0
12,27,3,7,0,0.6,0.3,2.1,0,0
12,29,2,5,0,0.4,0.1,1.6,0,0
12,30,1,3,0.1,0.1,0,1,0,0
12,33,2,12,0.2,0.4,1.9,1.5,0,0
12,34,1,2,0.1,0.2,0.4,0,0,0
12,35,1,2,0.1,0.2,0.4,0,0,0
12,38,3,11,0,1.3,0,4.4,0,0
12,40,1,2,0,0.2,0,0.8,0,0
12,41,2,6,0.3,0.4,0.2,1.5,0,0
12,42,1,10,0.6,0.6,0.2,2.5,0,0
12,43,2,5,0.3,0.3,0.1,1.3,0,0
12,45,3,6,0,1,0.2,1.3,0,0
12,46,2,101,3.1,21,11.1,8.4,0,13
12,48,2,4,0,0.3,0.3,1.3,0,0
12,50,2,7,0,0.5,0.5,2.3,0,0
12,54,2,7,0,0.4,0.3,1.7,0,0
12,55,2,6,0.1,0.4,0.6,0.7,0,0
12,57,3,205,2.1,20.6,49.9,22.1,0,7
12,58,2,95,0.8,1.7,25.2,3.5,0,0
12,59,3,3,0,0.3,0.6,0.6,0,0
12,62,2,14,0,1.8,0.4,3,0,0
12,63,1,2,0,0.2,0.1,0.4,0,0
12,65,2,11,0,1.4,0.4,2.3,0,0
12,66,2,8,0,1,0.3,1.7,0,0
12,67,2,10,0,1.2,0.4,2.2,0,0
12,68,1,5,0.1,0,0.1,1.2,0,0
12,69,1,2,0,0,0.1,0.5,0,0
12,70,3,7,0.1,0.3,0.4,1.6,0,0
12,72,2,10,0,0.8,1,2.3,0,0
12,75,3,12,0,1.3,1.1,1.2,0,0
12,78,1,2,0,0.2,0.2,0.5,0,0
12,79,1,2,0,0.2,0.2,0.5,0,0
12,80,2,8,0,0.6,0.8,2,0,0
12,83,2,7,0,0.6,0.4,2.1,0,0
12,84,2,6,0.1,0.8,0.2,1.6,0,0
12,86,2,8,0.2,0.9,0.5,2.5,0,0
12,88,1,1,0,0.1,0.1,0.3,0,0
12,89,2,4,0.1,0.3,0.5,1.1,0,0
12,90,2,5,0.1,0.3,0.5,1.4,0,0
12,91,2,7,0.2,0.2,0.5,1.9,0,0
12,92,1,2,0,0.1,0.1,0.6,0,0
12,93,3,10,0.2,0.3,0.7,2.8,0,0
12,94,3,12,0.2,0.7,1,3,0,0
12,95,1,5,0,0.4,0.3,1.7,0,0
12,96,3,12,0.2,0.8,0.6,3.9,0,0
12,98,1,5,0.2,0.4,0.1,1.7,0,0
12,100,4,41.5,0.4,0.7,0.2,15.8,0,0
12,102,3,55,1.1,3.6,2.3,18.9,0,0
12,103,2,331.5,11.7,24.3,47.4,49.9,0,3
12,104,6,23,0.2,3.9,3,1.5,0,0
12,105,2,6,0,1,0.7,0.6,0,0
12,107,2,11,0.3,0.5,1.1,2.4,0,0
12,108,2,9,0,0.5,1.1,1.3,0,0
12,109,2,14,0.4,0.7,1.6,3.2,0,0
12,110,2,4,0.1,0.2,0.4,0.9,0,0
12,111,2,11,0,0.2,0.8,2.8,0,0
12,112,1,9,0,0.2,0.6,2.3,0,0
12,113,5,53,0.6,8.3,2.8,9.1,0,0
12,114,4,36,1.2,4,1.6,7.2,0,0
12,115,1,3,0.1,0.4,0.1,0.6,0,0
12,117,1,2,0.1,0.2,0.2,0.3,0,0
12,118,1,2,0.1,0.2,0.2,0.3,0,0
12,120,2,10,0,1.9,0.8,1.2,0,0
12,121,2,10,0,2.6,0.4,1,0,0
12,123,2,3,0,0.3,0.1,0.7,0,0
12,124,4,21.5,0,2.3,0.6,4.1,0,0
12,125,2,8,0,0.8,0.2,1.6,0,0
12,126,2,9,0,1,0.3,1.7,0,0
15,0,1,3,0,0.3,0.4,0.5,0,0
15,1,1,2,0,0.5,0.1,0.4,0,0
15,2,2,9,0,1.8,0.7,1.6,0,0
15,4,3,8,0,1,0.5,1.9,0,0
15,6,1,3,0,0.4,0.2,0.7,0,0
15,7,2,7,0.2,0.7,0.1,1.5,0,0
15,10,2,6,0.2,0.6,0,1.3,0,0
15,11,1,9,0.5,0.5,0,2.5,0,0
15,13,1,2,0.1,0.1,0,0.6,0,0
15,14,2,8,0,0.9,0.4,2.4,0,0
15,16,1,3,0,0.3,0.2,0.9,0,0
15,17,2,11,0,0.8,1,2.9,0,0
15,18,1,2,0,0.1,0.3,0.4,0,0
15,19,1,4,0,0.1,0.5,0.9,0,0
15,20,1,5,0,0.5,0.9,0.8,0,0
15,21,2,446.5,18.5,33.9,43.1,110.5,0,27
15,22,4,212.5,24.2,41.6,14.6,15.4,0,18.7
15,23,3,188.5,10.1,40.7,24.8,5.4,0,2.6
15,24,3,392.5,12.2,32.1,82.1,30.7,0,39
15,25,4,372.5,8.3,18.6,34.4,102.9,0,8
15,26,5,208.5,0.5,17.1,47.5,7.4,0,0
15,27,2,6,0,0.5,0.3,1.3,0,0
15,28,2,15,0,1.1,0.7,3.3,0,0
15,32,2,6,0.2,0.6,0.3,1.3,0,0
15,33,3,28,1,2.6,1.1,6.2,0,0
15,34,2,5,0.2,0.2,0.3,1.4,0,0
15,35,1,1,0,0,0.1,0.3,0,0
15,36,1,2,0.1,0.1,0.1,0.5,0,0
15,38,2,65,0.8,11.7,4,9.5,0,5
15,39,3,321,11.7,30.4,51.9,36.5,1,23
15,40,4,29,0.9,2.5,3.8,2.5,0,0
15,41,4,12,0.1,1.2,0.5,2.5,0,0
15,44,1,4,0.1,0.4,0.4,0.5,0,0
15,45,4,16,0.3,1.5,1.6,2.2,0,0
15,46,1,4,0.1,0.4,0.4,0.5,0,0
15,47,4,13,0.9,1.1,0.4,5,0,0
15,48,3,9,0.7,1.1,0.5,2.9,0,0
15,49,4,18,0.5,1.2,0,7.1,0,0
15,52,1,3,0,0.1,0.1,1,0,0
15,54,4,13,0,1,0.5,4.1,0,0
15,56,2,6,0,0.4,0.2,2,0,0
15,57,1,2,0,0.2,0.1,0.6,0,0
15,58,2,5,0.1,0.1,0.7,0.8,0,0
15,59,1,4,0.3,0.1,0.1,1.2,0,0
15,60,2,7,0.5,0.1,0.2,2.1,0,0
15,61,4,82,0,3.6,19.8,1.3,0,0
15,62,2,376.5,3,57.4,56.8,55.4,0,35
15,63,3,16,0.1,1.4,1.9,3,0,0
15,64,2,10,0,1,0,3.5,0,0
15,66,1,1,0,0.1,0,0.4,0,0
15,67,1,7.5,0,0.8,0,2.6,0,0
15,72,4,15,0,1,0.4,3,0,0
15,74,1,4,0,0.6,0.2,0.6,0,0
15,75,3,14,0,2.2,0.8,2,0,0
15,77,3,6,0,0.7,0.4,1.3,0,0
15,78,1,6,0,0.6,0.3,1.5,0,0
15,79,3,9,0.1,0.7,0.6,2.3,0,0
15,80,2,10,0.3,0.5,0.8,2.7,0,0
15,83,2,6,0,0.4,0.4,1.4,0,0
15,84,2,6,0.2,0.1,0.2,1.9,0,0
15,85,1,1,0,0,0.1,0.3,0,0
15,86,2,7,0.2,0.2,0.3,2.1,0,0
15,89,1,2,0,0.1,0.4,0.2,0,0
15,90,4,9,0.2,0.5,1,1.6,0,0
15,91,5,12,0.3,1,1.2,2.1,0,0
15,92,1,8,0.2,0.7,0.8,1.4,0,0
15,93,3,16,0.2,1.2,1.9,2.3,0.1,0
15,94,0,41,0,0,5,10,0,3
15,95,5,84,3,2,11.7,21.1,0,1
15,96,4,28.5,0.1,2.7,0.6,7.3,0,0
15,97,1,3,0,0.2,0.2,0.8,0,0
15,98,4,11,0,0.8,0.9,2.7,0,0
15,101,2,49.5,1,2.3,0.7,17,0,0
15,103,5,151,5.6,3.5,2,56.9,0,0
15,104,3,347,7.8,20.9,81.2,14.2,0,30
15,105,2,3,0.1,0.3,0.4,0.5,0,0.1
15,106,2,7,0.2,0.2,0.5,1.7,0,0
15,108,2,7,0,0.3,0.5,1.4,0,0
15,111,1,5,0.2,0.5,0.2,1.3,0,0
15,112,2,4.5,0.1,1,0.3,0.7,0,0
15,113,5,14,0.1,4,1,1.6,0,0
15,114,3,53.5,0.4,7.4,9.7,0.8,0,0.3
15,116,2,6,0.2,0.6,0.5,1.1,0,0
15,117,2,12,0,1.8,0.4,2.4,0,0
15,118,1,4,0,0.6,0.2,0.8,0,0
15,119,2,6,0.3,0.5,1,0.3,0,0.1
15,120,6,84,2.5,9.1,14.1,3.3,0,1.9
15,121,6,112,1.6,21.1,16.9,2.9,0,0.9
15,122,3,25,0.5,5.3,2.2,1,0,0.2
15,123,2,11,0.3,2.9,0.4,0.5,0,0
15,124,3,15,0.2,1.6,1.2,3,0,0
15,125,1,2,0,0.2,0.2,0.4,0,0
15,127,2,12,0,1.7,0.6,2.1,0,0
16,1,1,2,0,0.5,0.1,0.4,0,0
16,2,3,36.5,0,3.4,8.2,2.9,0,0
16,3,1,4,0,0.4,0.9,0.3,0,0
16,4,2,12.5,0,1.5,0.8,3.1,0,0
16,7,1,5,0.1,0.5,0,1.1,0,0
16,8,1,5,0.1,0.5,0,1.1,0,0
16,9,1,3,0.1,0.3,0,0.6,0,0
16,12,1,2,0.1,0.1,0,0.6,0,0
16,14,1,2,0,0.2,0.1,0.6,0,0
16,15,2,15,0,1.6,0.8,4.5,0,0
16,16,1,1,0,0.1,0.1,0.3,0,0
16,17,1,2,0,0.1,0.3,0.4,0,0
16,18,1,4,0,0.1,0.5,0.9,0,0
16,20,1,2,0,0.1,0.3,0.4,0,0
16,21,5,251.5,6.2,80.7,14.8,15.5,0,0
16,22,3,336.5,6.2,95.8,31.9,1.2,0,63
16,23,3,12,0,3.1,1.2,1,0,0
16,24,0,604.5,24,122,55,62,0,40
16,25,1,405,3.3,60.9,74.7,66,0,60.6
16,26,1,40,0,6.3,8.6,1,0,0
16,27,3,24,0,1.8,1.1,5.3,0,0
16,28,2,5,0,0.4,0.2,1.1,0,0
16,30,1,12,0.4,1.1,0.5,2.7,0,0
16,32,2,6,0.2,0.5,0.3,1.3,0,0
16,35,1,2,0.1,0.1,0.1,0.5,0,0
16,37,4,8,0,0.3,1.5,1.4,0,0
16,38,2,26,0,1.3,4.7,4.6,0,0
16,39,2,150,2.9,7,37.8,39.5,0,28
16,40,2,7,0.1,0.7,0.3,1.4,0,0
16,41,1,4,0.1,0.4,0.1,0.8,0,0
16,42,3,10,0.2,1,0.4,2.1,0,0
16,43,1,2,0,0.2,0.1,0.4,0,0
16,44,2,6,0.1,0.6,0.6,0.8,0,0
16,46,1,1,0,0.1,0.1,0.1,0,0
16,47,1,2,0.1,0.1,0,0.9,0,0
16,49,2,6,0,0.6,0,1.8,0,0
16,50,2,6,0,0.6,0,1.8,0,0
16,52,3,11,0,0.5,0.1,3.7,0,0
16,53,3,6,0,0.4,0.1,1.9,0,0
16,54,2,4,0,0.3,0.1,1.2,0,0
16,55,2,13,0,0.9,0.5,3.9,0,0
16,56,1,1,0,0.1,0,0.3,0,0
16,57,2,5,0.4,0.1,0.1,1.5,0,0
16,58,1,2,0.1,0,0.1,0.6,0,0
16,61,1,8,0,0.5,1.6,0.4,0,0
16,62,6,26,0,2,4.4,2.6,0,0
16,63,1,15,0,1.4,1.4,3,0,0
16,64,1,4,0,0.4,0,1.4,0,0
16,65,1,2,0,0.2,0,0.7,0,0
16,66,1,2,0,0.2,0,0.7,0,0
16,68,1,3,0,0.2,0.1,0.6,0,0
16,71,1,4,0,0.3,0.1,0.8,0,0
16,75,2,13,0,2,0.8,1.9,0,0
16,76,1,3,0,0.5,0.2,0.4,0,0
16,77,1,7,0,0.7,0.4,1.7,0,0
16,78,1,12,0,1.2,0.6,3,0,0
16,79,2,32,0.9,1.8,2.5,8.7,0,0
16,80,2,11,0.3,0.6,0.8,3,0,0
16,81,1,2,0,0.4,0.2,0.1,0,0.3
16,82,4,26,0,4,3,2.5,0,2.8
16,83,6,25,0,1.5,2,5.4,0,0
16,84,1,2,0,0.1,0.1,0.6,0,0
16,86,1,10,0.2,0.2,0.4,3.1,0,0
16,88,1,9,0.2,0,0.8,2.3,0,0
16,89,4,67,0.2,3.1,12.2,9.2,0,0
16,90,2,8,0.1,0.3,1.6,0.8,0,0
16,92,1,5,0,0.3,0.7,0.6,0.1,0
16,93,6,93,0.8,5.8,12.5,10.8,0.9,0
16,94,3,494,10.4,24.6,92.4,59.5,0,13
16,95,1,94,1.5,10.3,14.6,4.9,0,0
16,96,3,14.5,0,1.4,0.2,3.7,0,0
16,97,3,7,0,0.6,0.2,1.8,0,0
16,100,1,2,0,0,0,0.8,0,0
16,101,1,25,0,0,0,9.8,0,0
16,103,4,17,0.8,0.9,0.5,3.7,0,0
16,104,5,29,2.9,0.6,2.9,5.7,0,0
16,105,2,20,0.5,0.8,1.2,4.9,0,0
16,106,4,12.5,0.2,0.5,0.8,3,0,0
16,108,1,2,0,0.1,0.1,0.4,0,0
16,109,1,12,0,0.5,0.8,2.4,0,0
16,110,1,1,0,0.1,0,0.3,0,0
16,111,1,1,0,0.1,0,0.3,0,0
16,113,2,3,0.1,0.3,0.1,0.8,0,0
16,114,1,6,0.3,0.4,0.2,1.6,0,0
16,115,1,2,0.1,0.2,0.1,0.5,0,0
16,116,3,13,0.8,0.9,0.4,3.5,0,0
16,117,1,3,0,0.5,0.1,0.6,0,0
16,119,1,10,0,1.4,0.4,2.1,0,0
16,121,4,56,1.2,14.1,2.3,2.3,0,0
16,122,4,117,1.7,37.2,3.2,1.5,0,0
16,123,1,1,0.1,0.3,0,0,0,0
16,124,4,17,0.3,1.8,1.4,3.4,0,0
16,125,1,7,0.1,0.8,0.5,1.4,0,0
16,126,1,2,0,0.2,0.2,0.4,0,0
16,127,6,22,0.1,6,1.1,1.9,0,0
54,5,1,1,0,0.1,0,0.4,0,0
54,7,1,2,0,0,0,1,0,0
54,11,8,53.5,0.8,5.8,7.1,8.9,0,0
54,12,2,8,0.2,1,0.8,1.2,0,0
54,13,1,4,0.1,0.6,0.3,0.5,0,0
54,14,1,5,0,0.4,0,1.4,0,0
54,16,1,2,0,0.1,0,0.6,0,0
54,19,2,7,0,1.3,0.3,1.5,0,0
54,22,5,30,0.6,4.4,4.1,2.8,0,0
54,23,1,2,0,0.3,0.3,0.3,0,0
54,24,2,5,0,0.6,0.5,0.9,0,0
54,25,1,5,0,0.6,0.5,0.9,0,0
54,28,2,12,0.3,3.1,0.3,2.1,0,0
54,29,1,4,0.1,1,0.1,0.7,0,0
54,30,1,2,0,0.1,0.1,0.8,0,0
54,32,2,5,0,0.4,0.2,1.9,0,0
54,33,2,37,2,0.6,1.2,10.7,0,0
54,34,4,12,0,0.4,0.7,3.7,0,0
54,36,1,3,0,0.1,0.2,0.9,0,0
54,38,1,2,0.1,0.2,0,0.5,0,0
54,39,1,24,0,0.5,1,7.2,0,0
54,41,3,23,0,4.4,1.4,4.4,0,0
54,42,7,41,0,4.3,0.4,15.8,0,0
54,43,1,5,0,0.4,0,2.2,0,0
54,52,1,5,0,0.2,0,1.7,0,0
54,54,1,4,0,0,0.1,1.7,0,0
54,55,1,3,0,0,0.1,1.3,0,0
54,59,1,2,0,0.1,0.1,0.7,0,0
54,60,1,12,0.4,2.7,0.8,0.4,0,0
54,61,1,1,0.1,0.2,0.1,0,0,0
54,65,1,3,0,0,0.8,0.1,0,0
54,69,1,5,0,0.3,1.2,1,0,0
54,74,5,55,0.6,1.7,4.9,14.2,0,0
54,75,3,19.5,0.1,2.3,2.2,2.9,0,0
54,76,3,251.5,14,34.4,48.1,16.5,0,31
54,77,5,182.5,5.3,12.4,27,37.2,0,12
54,78,1,3,0.2,0.5,0.2,0.4,0,0
54,85,2,27,0,0.4,3.5,7.3,0,0
54,86,1,2,0,0,0.3,0.5,0,0
54,87,2,3,0,0.3,0.2,0.9,0,0
54,89,2,21,0,2.4,1.4,6,0,0
54,90,4,29,0,3.1,3.5,5.7,0,0
54,91,3,132,1,4.7,11.3,33.5,0,0
54,92,1,7,0,0.6,1.5,0.4,0,0
54,93,2,9,0,0.3,1,2.1,0,0
54,94,3,10,0.5,1.6,0.7,1.8,0,0
54,95,1,6.5,0.3,1,0.5,1.2,0,0
54,96,4,17,1.2,0.6,1.3,5.4,0,0
54,99,1,5,0,0.2,0.3,2.4,0,0
54,101,4,30,0.9,1.6,3.7,4.7,0,0
54,102,6,193,0.6,6.8,21.7,48.4,0,10.7
54,103,1,21,0.2,0.7,4,2.4,0,2.1
54,104,1,2,0,0.1,0.1,0.6,0,0
54,106,3,16.5,0,0.8,0.5,5.3,0,0
54,107,5,80,2,6.5,3.5,17.8,0,0
54,108,5,53,0,1.4,2,13.4,0,0
54,109,3,14,0,0,0.6,5.1,0,0
54,112,1,4,0,0.1,0.3,1,0,0
54,113,1,11.5,0.2,0.2,0.9,2.9,0,0
54,114,3,618.5,0.9,45.4,164.6,15.1,0,41
54,115,6,179.5,1.3,17.5,25.3,16.7,0,0
54,116,4,29,0.6,2.6,3.8,4.6,0,0
54,117,5,165,1.1,19.6,28.8,15.1,0.4,0
54,118,9,44,0.8,3.2,5.6,8.6,0.3,0
54,119,6,39,0,5.3,6.1,3.5,0,0
54,120,3,37,0,8.1,4.3,1.6,0,0
54,121,2,57.5,0.1,4.8,11.8,0.2,0,0
54,122,3,14,0,2.4,2.1,0.5,0,0
54,124,1,2,0,0.1,0.2,0.6,0,0
54,125,1,2,0,0.1,0.2,0.6,0,0
54,126,4,95,1,5.6,11.5,15.6,0,0
54,127,3,25,0.6,2.5,2.1,3.7,0,0
55,0,2,4,0.1,0.3,0.3,0.9,0,0
55,1,2,44.5,0.7,9.7,7.8,2.3,0,1
55,3,1,1,0,0.1,0,0.3,0,0
55,4,3,17,0,1.2,0.5,6.1,0,0
55,5,2,4,0,0.3,0.1,1.5,0,0
55,6,5,37,0,0.6,0.3,17.2,0,0
55,11,6,83,2.2,10.6,8.3,11.9,0,0
55,12,3,20,0.4,2.2,2.6,3.2,0,0
55,15,1,11,0,0.8,0,3.1,0,0
55,19,1,42,0,3.3,0.3,14.5,0,0
55,22,6,155.5,5.5,17,26.3,15.4,0,2
55,23,2,241,4.2,29,48.4,28.5,0,24
55,24,1,2,0,0.3,0.2,0.3,0,0
55,32,1,2,0,0.1,0.1,0.8,0,0
55,35,3,20,0,0.6,1,6.3,0,0
55,37,1,14,0.4,1.3,0,3.7,0,0
55,38,4,32,1,2.1,1.5,7.4,0,0
55,39,1,1,0,0.1,0,0.3,0,0
55,40,2,23,0,0.4,1,6.9,0,0
55,41,1,2,0,0.4,0.1,0.4,0,0
55,42,3,23,0.1,3.1,0.9,7,0,0
55,44,3,8,0,0.5,0.3,2.1,0,0
55,45,2,3.5,0,0.2,0.2,0.9,0,0
55,46,1,2,0,0.1,0.1,0.5,0,0
55,47,2,5,0.1,0.3,0.2,1.3,0,0
55,49,6,41,0.9,1.3,3.2,10.5,0,0
55,50,2,6,0.2,0.2,0.4,1.5,0,0
55,52,5,32,0.1,0.9,0.2,10.7,0,0
55,53,1,2,0,0.1,0,0.7,0,0
55,54,1,1,0,0,0.1,0.4,0,0
55,57,6,38,1.2,1.3,1.4,13.9,0,0
55,58,3,11,0.3,0.3,0.6,4.1,0,0
55,59,1,3,0.1,0.1,0.1,1.1,0,0
55,67,1,4,0,0.3,0.9,0.8,0,0
55,69,4,18,0,1.2,4.2,3.6,0,0
55,70,1,3,0,0.2,0.7,0.6,0,0
55,74,4,65,0.3,2.8,5.3,14.7,0,0
55,76,2,49,3,5.3,8.4,5.1,0,0
55,77,2,5,0.2,0.8,0.6,0.4,0,0
55,78,1,4,0.3,0.7,0.3,0.5,0,0
55,81,6,61.5,0.8,1.5,5.7,13.7,0,0
55,82,8,68,0.3,1.8,5.9,18.2,0,0
55,83,2,24,0,0.8,1.8,7.2,0,0
55,85,3,13,0,0.2,1.7,3.4,0,0
55,88,3,95,2.6,2.5,10.8,27.2,0,0
55,89,1,5,0,0.6,0.3,1.4,0,0
55,90,4,25,0,2.6,3.2,4.8,0,0
55,91,3,248.5,4,13.1,56.7,18.6,0,0
55,92,2,139,0,12.6,32.6,3.2,0,10
55,95,4,98.5,3.4,4.9,3.9,38.5,1.7,0
55,96,5,17,1.4,0.3,0.7,6.4,0.3,0
55,97,1,3,0.2,0.1,0.2,1,0,0
55,98,3,17,0.4,0,0.7,5.4,0,0
55,101,3,40,0.7,2.9,4.9,7.8,0,0
55,102,5,103,1.6,4.1,21.2,14.2,0,13.5
55,103,1,16,0.2,0.5,3.1,1.8,0,1.6
55,104,1,2,0,0.1,0.1,0.6,0,0
55,105,1,2,0.1,0,0,0.7,0,0
55,106,6,52,0.9,1.5,0.9,16.9,0.2,0
55,109,2,14.5,0,0,0.7,5.2,0,0
55,114,2,14,0.2,1.2,1.8,1.6,0,0
55,115,5,30,0.5,2.5,3,4.6,0,0
55,116,5,72,0.9,4.8,12.9,7.7,0,0
55,117,2,153,0.4,13.5,31.5,9.8,0.2,0
55,120,5,54,0.2,8.3,8.7,3.3,0,0
55,121,4,249,0.7,23.5,39.6,32.1,0,2
55,122,3,56,0.1,10.9,7.2,1.9,0,0
55,124,2,3,0,0.5,0.1,0.8,0,0
55,125,2,5,0,0.7,0.2,1.4,0,0
55,126,2,16,0.4,1.6,1.3,2.4,0,0
55,127,2,7,0.3,0.2,0.4,1.8,0,0
7,0,2,7,0,1.4,0.4,0.9,0,0
7,1,2,8,0.1,1.3,0.8,1.5,0,0
7,2,1,1,0,0.2,0.1,0.2,0,0
7,3,4,20.5,0.7,4,1.5,2.8,0,0
7,4,2,22,0.8,0.2,6.6,1.1,0,1
7,6,2,16,0.3,1.2,1.1,2.9,0,0
7,7,5,28,1,2.5,1.8,4.9,0,0
7,8,2,3,0.1,0.2,0.2,0.6,0,0
7,9,3,22,0.2,2.9,2.6,3.4,0,0
7,10,2,3,0.1,0.2,0.2,0.6,0,0
7,11,2,9,0.2,0.8,0.6,2.8,0,0
7,13,5,30,0,2.5,0.1,9.2,0,0
7,14,3,67,2.4,5.2,5.8,15.2,0,0
7,15,2,2,0,0.2,0.3,0.4,0,0
7,16,3,10,0.1,0.3,0.5,3.4,0,0
7,17,1,2,0.1,0.2,0.1,0.4,0,0
7,18,1,1,0,0.1,0.1,0.2,0,0
7,20,1,4,0,0.3,0.3,1,0,0
7,21,1,2,0,0.2,0.1,0.4,0,0
7,23,1,4,0.1,0.3,0.2,0.9,0,0
7,25,1,2,0,0.1,0.1,0.4,0,0
7,26,2,8,0,0.5,0.3,1.5,0,0
7,28,1,4,0,0.2,0.3,0.5,0,0
7,30,3,19,0.3,1.2,1.1,4,0,0
7,32,2,9,0.1,0.7,0.7,1.7,0,0
7,34,2,5,0,0.6,0.3,1,0,0
7,35,3,22,0.1,2.6,1.2,4.5,0,0
7,38,1,5,0.1,0.8,0.5,0.6,0,0
7,39,5,17,0.3,3,1.2,2.3,0,0
7,41,2,8,0,1.1,0.4,2,0,0
7,42,1,3,0,0.4,0.1,0.8,0,0
7,43,2,3,0,0.3,0.2,0.8,0,0
7,50,3,37,0.2,6.2,0.3,9.6,0,0
7,51,4,36,1.2,6.5,3.1,4,0,0
7,52,5,262,5.1,17.6,38.5,40.3,0,18.3
7,53,4,13,0,0.6,2.1,1.4,0,0.3
7,54,1,1,0,0.1,0,0.3,0,0
7,55,1,3,0.1,0.1,0.1,0.9,0,0
7,56,2,4,0,0.2,0.2,1.2,0,0
7,58,2,19,0,0.4,0.7,5.5,0,0
7,59,3,9,0,0.2,1.4,1.5,0,0.2
7,60,2,358,1,5.7,94.9,23.6,0,9.3
7,61,2,518,13.5,107.3,46.6,66.7,0.5,24
7,62,4,136,5.5,10.4,25.9,7.1,0.2,0
7,63,4,15,0.1,2.3,1.1,1.6,0,0
7,65,1,2,0,0.2,0.1,0.4,0,0
7,66,2,5,0,0.6,0.3,1.1,0,0
7,67,2,7,0.1,1.1,0.4,1.2,0,0
7,68,2,7,0.1,0.4,0.2,2.1,0,0
7,70,2,5,0.1,0.6,1,0.2,0,0
7,71,3,15,0.5,1.2,1.3,3.6,0,0
7,72,3,8,0,0.6,1.9,0.3,0,0.4
7,73,3,633.5,0,3,226.4,3.5,1,43
7,74,5,328,2,30.2,83.6,4.9,0,14
7,75,3,215,0.1,66,31.1,1.5,0,5
7,76,2,17,1.3,1.7,1.3,2.9,0,0
7,77,4,18,0.6,0.9,2,3.1,0,0
7,80,1,4,0.2,0.3,0.1,0.8,0,0
7,81,2,4,0,0.1,0.1,1.4,0,0
7,82,1,5,0.1,0.1,0.1,1.8,0,0
7,83,1,4,0.2,0.3,0.1,0.8,0,0
7,85,1,6,0.5,0.2,0.4,1.2,0,0
7,86,2,18,0,1.4,2.2,4,0,0.3
7,87,4,205.5,1.3,17.1,38.4,37.4,0,24
7,88,2,185,0,1.1,63.2,0.7,0,6.7
7,89,1,13,0.3,0.5,2.2,1.9,0,0
7,90,1,6,0,0.8,0.3,1.7,0,0
7,93,2,10,0.1,0.4,0.5,2.6,0.1,0
7,95,4,16,0.9,1,1.1,2.8,0,0
7,96,3,10,0.5,0.7,0.7,1.8,0,0
7,97,1,19,0.5,1.1,1.7,5.2,0,0
7,98,1,96.5,6.4,9.1,9,16.6,0,0
7,99,3,21,1.6,3.9,1.4,2.5,0,0
7,100,3,36,1.9,4.1,2,6.1,0,0
7,101,5,45.5,0.7,1.7,0,14.4,0,0
7,102,2,6,0,0.2,0,2.1,0,0
7,103,4,47,0.8,1.3,0,15.9,0,0
7,104,8,50,0.8,1.7,0.9,18.5,0,0
7,106,7,83,3.8,4,5.6,18.9,0.7,0
7,107,8,65.5,1.8,4.5,5.2,12.9,0.1,0
7,108,4,43,1.8,3.4,2.9,7,0,0
7,109,2,3,0,0.4,0.2,0.6,0,0
7,110,5,21.5,0.1,4,1.6,2.9,0,0.1
7,111,4,28,0.4,3.9,2.9,4.1,0,0
7,112,1,11,0.3,1.4,1.5,1.2,0,0
7,113,1,4,0.3,0.2,0.1,1,0,0
7,114,2,17,0,0.9,0.9,5,0,0
7,116,3,13,0,0.6,0.8,3.7,0,0
7,117,1,10,0,0.6,0.8,1.4,0,0
7,118,2,5,0,0.2,0.4,0.9,0,0
7,119,1,1,0,0,0.1,0.3,0,0
7,121,2,7,0,0.8,0.3,1.6,0,0
7,122,1,3,0,0.2,0.2,0.8,0,0
7,123,1,1,0,0.2,0,0.2,0,0
7,127,1,4,0,0.1,0.2,1.4,0,0
10,0,2,6,0,0.5,0.5,1.8,0,0
10,1,1,4,0.1,0.7,0.4,0.7,0,0
10,3,4,13,0.1,2.6,1.2,1.3,0,0
10,4,2,24,0.3,1.9,3.4,4.4,0,0
10,5,2,99.5,5.1,5.5,9,22.3,0,0
10,6,1,6,0.1,0.5,0.4,1.1,0,0
10,7,4,18,0.7,0.7,1.8,5.8,0,0
10,8,3,7,0.2,0.5,0.9,1.8,0,0
10,9,3,15,0.5,1.2,1.5,2.3,0,0
10,10,1,3,0,0.3,0.4,0.4,0,0
10,13,1,3,0.1,0.2,0.2,0.9,0,0
10,15,1,3,0.1,0.3,0.5,0.7,0,0
10,16,1,6,0.2,0.7,0.9,1.4,0,0
10,18,1,3,0,0.2,0.3,0.7,0,0
10,19,1,1,0,0,0.2,0.3,0,0
10,22,1,4,0,0.3,0.7,0.3,0,0.2
10,23,3,18,0,1,1.3,4.1,0.5,0.1
10,25,1,2,0,0.1,0.2,0.6,0,0
10,26,1,9,0,0.6,0.2,1.7,0,0
10,27,2,2.5,0,0.1,0.1,0.8,0,0
10,32,1,5,0,0.4,0.3,1.1,0,0
10,33,2,119,0.8,8.9,26.2,8.5,0,1
10,34,5,277,5,29,71,30,0,20.3
10,36,3,8,0,1,0.4,1.3,0,0
10,38,2,4,0.1,0.6,0.2,0.8,0,0
10,41,1,2,0.1,0.1,0.1,0.5,0,0
10,42,1,1,0,0,0.1,0.3,0,0
10,45,1,2,0,0,0.1,0.7,0,0
10,46,1,19,0,0.4,1,6.1,0,0
10,51,1,11,0,0.7,0,2.2,0,0
10,52,1,3,0,0.2,0,0.6,0,0
10,53,1,5,0,0,0.2,1.7,0,0
10,54,2,8,0.1,0.4,0.3,2.1,0,0
10,55,2,7,0.1,0.4,0.2,1.9,0,0
10,56,2,10,0.2,0.4,0.2,3.2,0,0
10,57,1,5,0,0.1,0.2,1.4,0,0
10,58,1,2,0,0,0.1,0.6,0,0
10,60,3,14,0.2,0.7,1.2,3.6,0,0
10,61,3,11,0,0.6,0.8,2.4,0.3,0
10,64,5,127.5,0.4,15.2,23.3,14.9,0,9.7
10,65,5,56,0.7,4.9,8.8,4.2,0,1.4
10,66,1,7,0.2,0,0.8,1.3,0,0
10,67,2,27,0.8,1.2,3.5,4.2,0,0
10,70,2,6,0,0.6,0.5,0.8,0,0
10,71,1,5,0.2,0.4,0.4,1.2,0,0
10,72,1,4,0,0.4,0.4,0.9,0,0
10,73,1,3,0.1,0.2,0.3,0.7,0,0
10,74,1,2,0,0.2,0,0.5,0,0
10,76,1,4,0.1,0.3,0.1,1,0,0
10,77,1,6,0.1,0.5,0.2,1.4,0,0
10,78,2,8,0.2,0.5,0.6,1.6,0,0
10,79,3,7,0,0.6,0.7,1.7,0,0
10,82,1,3,0,0.1,0.1,1,0,0
10,83,1,1,0,0.1,0,0.3,0,0
10,84,2,7,0.5,0.4,0.4,1.6,0,0
10,86,4,13,1.1,0.6,0.7,2.9,0,0
10,87,2,4,0.1,0.4,0.2,1.2,0,0
10,89,1,5,0.2,0.2,0.7,1.4,0,0
10,90,2,15,0.4,0.6,2.1,2,0,0
10,91,4,97.5,2.5,5.6,13.8,14.7,0,0
10,92,2,14,0.4,0.5,1.8,2,0,0
10,93,4,22,0.7,0.4,0.9,4.6,0,0
10,94,6,57.5,1.7,4.4,1.9,18.5,0,0
10,95,4,43,1.2,3.8,4.6,9,0,0
10,96,1,2,0.1,0.1,0.1,0.4,0,0
10,97,4,161.5,3,6.9,11.7,41.3,0,0
10,98,3,23,0.3,1,1.1,7.3,0,0
10,99,2,13,0.4,1,0,4.5,0,0
10,103,1,2,0,0.2,0.1,0.5,0,0
10,104,3,20,0.1,1.2,0.9,5.2,0,0
10,105,1,4,0,0.1,0.1,1.2,0,0
10,106,3,13,0,0.5,0.4,3.7,0,0
10,107,2,5,0,0.3,0.3,1,0,0
10,108,2,18,0,0,2.4,6.6,0,0
10,109,3,4,0,0.2,0.5,1.1,0,0
10,111,1,7,0,1.1,0.4,1.4,0,0
10,114,1,2,0,0.1,0.1,0.6,0,0
10,115,2,10,0,0.7,0.5,2.5,0,0
10,117,1,2,0,0.1,0.1,0.6,0,0
10,120,1,2,0.1,0.2,0.2,0.3,0,0
10,121,1,3,0,0.2,0.2,0.8,0,0
10,122,2,12,0,1.2,1.1,2.2,0,0
10,124,1,4,0,0.2,0.3,1,0,0
10,125,4,15,0,0.8,1.1,3.9,0,0
10,126,2,7,0,0.4,0.5,1.8,0,0
10,127,1,1,0,0,0,0.4,0,0
6,2,1,2,0.1,0.5,0.1,0.1,0,0
6,3,6,35,2.4,8.2,1,2.2,0,0
6,5,1,2,0,0.3,0,0.6,0,0
6,6,4,13,0.2,1.9,0.3,3.7,0,0
6,7,3,12,0.2,2.4,0.7,1.2,0,0
6,8,3,49,1,9.8,2.4,5,0,0
6,9,5,110.5,0.6,20.2,13.1,11.7,0,0
6,10,3,12,0,1.7,1.3,2.5,0,0
6,11,1,5,0,0.8,0.1,1.9,0,0
6,12,2,4,0,0.6,0.2,1.4,0,0
6,14,4,12,0.7,0.8,0.5,4.3,0,0
6,15,3,8,0.4,0.5,0.4,2.8,0,0
6,17,5,20,0.4,1,0.8,5.9,0,0
6,18,2,8,0.3,0.8,0.6,1.6,0,0
6,20,1,1,0,0.1,0.1,0.2,0,0
6,23,2,19,0.4,1.5,0.9,4.2,0,0
6,29,2,4,0,0.2,0.4,0.4,0,0
6,31,1,2,0,0.2,0.2,0.3,0,0
6,32,1,15,0.3,1.1,1.6,2.1,0,0
6,34,3,8,0.1,0.6,0.8,1.5,0,0
6,36,1,3,0.1,0.2,0.3,0.5,0,0
6,39,3,9,0.3,1.4,0.9,1,0,0
6,41,3,15,0,2.1,0.6,3.8,0,0
6,43,1,1,0,0.1,0,0.3,0,0
6,49,1,1,0.1,0.1,0,0.2,0,0
6,51,1,2,0,0.4,0.2,0.3,0,0
6,53,3,10,0,0.3,1.7,1.3,0,0.4
6,56,2,8,0.2,0.6,1.2,1.4,0,0
6,57,2,41,1.7,0.9,10,5.4,0.1,0
6,58,1,2,0.2,0.1,0.3,0.3,0.1,0
6,60,1,17.5,0.3,1.4,3.4,2.2,0.3,0
6,61,1,60,0.1,0.4,18,0.6,0.1,0
6,62,2,15,0.1,2.3,1.2,1.7,0,0
6,63,2,15,0.2,2.2,1.2,1.7,0,0
6,65,1,2,0,0.2,0.1,0.6,0,0
6,66,2,12,0,1.1,0.4,3.7,0,0
6,67,1,1,0,0.1,0,0.3,0,0
6,68,2,6,0.1,0.3,0.2,1.8,0,0
6,69,2,4,0.2,0.6,0,0.8,0,0
6,70,2,14,0.4,2.4,0,2.8,0,0
6,71,4,14,0.2,2,0.8,1.2,0,0
6,72,5,20,0.3,3.3,1.8,1.3,0,0
6,73,5,59,0,6.4,19.3,1.1,0,0
6,74,1,459,70.3,73.4,87.4,7.3,0,154
6,75,1,783,5.4,325.8,44.8,6.3,0,86
6,76,2,426.5,10.1,43.7,37.2,110.9,0,15
6,77,4,25,1.7,1.6,3.6,3.4,0,0
6,78,3,5,0.3,0,1,0.5,0,0
6,79,1,20,0.7,0.4,4.4,1.9,0,0
6,81,3,6,0.3,0.6,0,1.2,0,0
6,82,3,6,0.4,0.5,0.1,1.2,0,0
6,83,1,19,1.2,1.5,0.3,3.7,0,0
6,85,2,10,0,0.9,0.7,2.3,0,0
6,86,2,10,0,0.8,1,2.6,0,0
6,87,3,205,2.5,3.7,21.4,52.7,0,2
6,88,1,299,6.1,40.3,59.3,4.2,0,17
6,89,2,5,0.2,0.2,0.8,0.7,0,0
6,91,1,1,0,0,0.1,0.3,0,0
6,92,1,6,0,0.3,0.3,1.6,0.1,0
6,93,4,21,0,0.9,1.1,5.9,0.2,0
6,94,2,12,0.2,0.3,1.2,2.4,0,0
6,95,5,29,0.4,1,2.8,5.8,0,0
6,96,3,7,0,0.5,0.2,2.2,0,0
6,97,3,12,0.3,0.7,1,3.3,0,0
6,98,3,70,5.7,10.4,7.3,7.8,0,5
6,99,1,344,43.7,65.9,27.5,10.5,0,31
6,100,4,72,2.7,22.5,4.3,1.9,0,0
6,101,3,22,0,0.4,0,8.1,0,0
6,102,3,5,0,0.2,0,1.8,0,0
6,103,1,1,0,0,0,0.4,0,0
6,104,5,32.5,0.4,0.6,0,13.8,0,0
6,106,5,30,2,2.1,0.4,7.6,0,0
6,107,8,56,3.8,4.3,1.2,11.7,0,0
6,109,2,90.5,0,38.4,0.6,0.9,0,17.1
6,110,2,472.5,0.2,101.3,78,2.1,0,24.2
6,111,0,871,23,100,102,195,4,48
6,112,4,143.5,4,12.4,26.3,3.9,0,0
6,113,1,2,0.1,0.1,0.1,0.5,0,0
6,114,2,6,0,0.2,0.6,1.2,0,0
6,115,1,2,0,0.1,0.2,0.4,0,0
6,117,1,7,0,0.4,0.6,1,0,0
6,118,2,5,0,0.3,0.4,0.7,0,0
6,121,1,3,0,0.5,0.1,0.6,0,0
6,122,1,2,0,0.3,0.1,0.4,0,0
6,123,1,5,0.1,0.8,0.2,0.9,0,0
6,124,1,5,0,0.8,0.1,1.1,0,0
6,125,1,5,0,0.8,0.1,1.1,0,0
6,126,1,12,0,1.9,0.2,2.6,0,0
6,127,2,9,0,0.5,0.8,2.4,0,0
9,1,1,9,0.1,1.6,0.9,1.6,0,0
9,3,5,176.5,14.7,25.7,14.8,15.8,0,0
9,4,5,209.5,1.5,17.3,46.8,12.7,0,6
9,5,4,20,0.2,1.6,2.4,3.7,0,0
9,6,1,3,0,0.2,0.2,0.6,0,0
9,7,2,11,0.3,0.5,1,3.1,0,0
9,9,1,2,0.1,0.1,0.1,0.4,0,0
9,11,2,5,0.1,0.3,0.4,1.5,0,0
9,12,1,2,0,0.1,0.2,0.6,0,0
9,13,1,5,0.2,0.3,0.4,1.4,0,0
9,14,2,11,0.4,1.2,1.7,2.6,0,0
9,18,1,4,0,0.3,0.3,1,0,0
9,19,1,4,0,0.3,0.3,1,0,0
9,20,4,12,0,0.8,0.9,2.9,0.2,0
9,22,1,5,0,0.3,0.3,1.2,0.2,0
9,26,1,2,0,0.1,0.1,0.4,0,0
9,28,3,11,0.2,0.5,0.3,2.7,0,0
9,29,3,14,0.3,0.6,0.3,3.5,0,0
9,30,1,5,0,0.4,0.3,1.1,0,0
9,31,1,3,0,0.2,0.2,0.7,0,0
9,32,1,11,0.1,0.1,3,0.4,0,0
9,33,1,3,0,0.1,0.8,0.1,0,0
9,34,2,4,0,0.6,0.8,0.2,0,0.4
9,35,1,2,0,0.3,0.4,0.1,0,0.2
9,36,2,8,0,1,0.3,1.7,0,0
9,39,3,10,0.2,1.8,0.6,1.4,0,0
9,41,1,5,0,0.1,0.3,1.6,0,0
9,42,2,6,0,0.1,0.3,2,0,0
9,43,1,4,0,0.1,0.2,1.3,0,0
9,44,2,14,0,0.2,0.8,4.5,0,0
9,49,1,2,0.1,0,0,0.5,0,0
9,50,3,11,0.6,0,0.3,2.7,0,0
9,51,2,10,0,0.7,0,2,0,0
9,52,2,14,0,0.9,0,2.8,0,0
9,53,2,11,0,0.8,0,2.2,0,0
9,54,1,3,0.1,0.1,0.1,0.9,0,0
9,56,2,11,0.2,0.6,0.2,3.5,0,0
9,57,4,10,0.1,0.2,0.3,3,0,0
9,60,2,8,0,0.2,0.4,2.2,0,0
9,61,2,16,0,1,1,3.5,0.5,0
9,63,1,4,0,0.2,0.3,0.9,0.1,0
9,65,7,74,0.9,5.9,11.5,6.1,0,1.3
9,66,2,26,0,3,1.5,4.7,0,0
9,68,3,329.5,3,51,35.1,33.9,0,5
9,69,3,79,1,14.2,6.5,7.7,0,0
9,70,2,3,0,0.3,0.3,0.6,0,0
9,71,3,9,0.2,0.7,0.9,2.2,0,0
9,72,1,5,0.2,0.4,0.4,1.2,0,0
9,73,3,19,0.6,1.6,1.6,4.6,0,0
9,74,1,2,0,0.2,0,0.5,0,0
9,75,2,9,0.2,0.7,0.2,2.2,0,0
9,77,2,5,0.1,0.3,0.4,1,0,0
9,78,1,3,0.1,0.2,0.2,0.6,0,0
9,79,3,12,0.3,0.7,0.9,2.4,0,0
9,81,2,5,0,0.1,0.2,1.7,0,0
9,82,1,3,0,0.1,0.1,1,0,0
9,83,2,3,0,0,0.1,1.1,0,0
9,84,1,2,0.2,0.1,0.1,0.4,0,0
9,85,1,5,0.4,0.2,0.3,1,0,0
9,86,1,2,0.2,0.1,0.1,0.4,0,0
9,87,1,4,0,0.5,0.2,1.1,0,0
9,88,1,2,0,0.2,0.1,0.6,0,0
9,89,2,6,0,0.7,0.3,1.7,0,0
9,90,1,9,0,1.2,0.5,2.5,0,0
9,91,4,24,0.6,1,3.4,3.2,0,0
9,92,3,14,0.5,0.3,0.8,2.7,0,0
9,93,1,4,0.1,0.1,0.2,0.8,0,0
9,94,2,10,0.4,1.2,0.6,2.6,0,0
9,95,1,10,0.6,0.6,0.6,1.8,0,0
9,96,1,2,0.1,0.1,0.1,0.4,0,0
9,97,1,2,0,0.1,0.1,0.7,0,0
9,99,1,12,0.3,0.8,0,4.2,0,0
9,102,3,10,0,0.8,0.3,2.7,0,0
9,103,4,22,0,1.9,0.6,5.9,0,0
9,104,1,3,0,0.1,0.1,0.9,0,0
9,106,6,35.5,0,1.2,0.9,10.5,0,0
9,107,2,11,0,0.1,1.2,3.8,0,0
9,108,1,1,0,0,0.1,0.4,0,0
9,109,1,1,0,0,0.1,0.4,0,0
9,113,1,5,0,0.8,0.3,1,0,0
9,115,2,12,0,0.6,0.7,3.5,0,0
9,116,1,13,0,0.7,0.7,3.8,0,0
9,123,2,3,0,0.3,0.2,0.7,0,0
9,124,1,2,0,0.1,0.2,0.5,0,0
9,125,2,5,0,0.3,0.4,1.3,0,0
9,126,1,4,0,0.2,0.3,1,0,0
11,0,1,6,0,0.6,0.6,1.5,0,0
11,1,1,5,0,0.5,0.5,1.2,0,0
11,2,2,5,0,0.5,0.5,1.2,0,0
11,3,2,4,0,0.4,0.4,1,0,0
11,4,4,13,0,2.8,0.8,2.7,0,0
11,6,1,2,0,0.5,0.1,0.4,0,0
11,7,6,54,0.5,7.2,9.4,6.6,0,0
11,8,3,233.5,4.2,19.7,54.1,27.3,0,11
11,10,3,8,0.1,0.8,1.1,0.9,0,0
11,11,2,4,0,0.3,0.4,1.2,0,0
11,12,1,6,0,0.5,0.5,1.9,0,0
11,14,2,7,0.6,0.7,0.7,1.8,0,0
11,15,1,3,0.2,0.3,0.3,0.8,0,0
11,16,1,2,0.2,0.2,0.2,0.5,0,0
11,19,2,6,0.1,0.2,0.9,1.6,0,0
11,20,3,9,0.1,0.4,1.4,2.3,0,0
11,21,2,7,0,0.4,1.1,0.6,0.1,0.4
11,23,1,2,0,0.1,0.3,0.2,0,0.1
11,24,3,11,0,0.6,0.8,3.4,0,0
11,25,2,7,0,0.3,0.5,2.3,0,0
11,28,1,8,0,0.7,0.2,2.5,0,0
11,29,1,2,0,0.2,0,0.6,0,0
11,30,3,4,0.1,0.4,0.3,0.7,0.1,0
11,31,3,14,0.4,1.4,0.8,2.2,0.5,0
11,32,4,23,0.5,1.6,2.7,2.7,0.4,0
11,33,3,131.5,1.8,2.5,39.3,3.9,0,10
11,34,4,137.5,4.9,28.8,10.9,11.5,0,11
11,35,1,6,0,0.7,0.2,0.9,0,0
11,36,1,7,0,0.8,0.3,1,0,0
11,40,2,6,0.4,0.4,0,1.6,0,0
11,42,2,3,0.2,0.2,0.1,0.7,0,0
11,43,2,4,0.2,0.2,0.2,1,0,0
11,44,1,4,0,0.7,0.1,0.9,0,0
11,46,1,5,0,0.8,0.2,1.1,0,0
11,47,3,10,0,1.3,0.5,2.5,0,0
11,48,1,2,0,0.1,0.1,0.7,0,0
11,50,2,5,0,0.3,0.3,1.7,0,0
11,52,2,3,0,0,0.1,1.1,0,0
11,58,1,2,0.1,0.2,0.3,0.4,0,0
11,59,1,2,0.1,0.2,0.3,0.4,0,0
11,61,1,2,0,0.2,0.1,0.4,0,0
11,63,1,1,0,0.1,0.1,0.2,0,0
11,64,2,9,0,1.4,1,0.7,0,0.4
11,66,2,7,0.2,0,0.8,1.3,0,0
11,67,1,13,0.4,1.5,1.8,1.5,0,0
11,68,3,12,0.3,1.5,1.7,1.3,0,0
11,70,1,1,0,0,0,0.3,0,0
11,72,2,8,0,0.8,0.8,1.8,0,0
11,73,1,2,0,0.2,0.2,0.4,0,0
11,74,3,20,0,2.1,1.8,2,0,0
11,75,3,18.5,0,2,1.5,1.8,0,0
11,76,1,2,0,0.2,0.2,0.2,0,0
11,77,2,7,0,0.6,0.7,1.2,0,0
11,79,4,17.5,0,1.3,1.9,4.5,0,0
11,81,2,6,0,0.4,0.4,1.8,0,0
11,82,1,4,0,0.3,0.2,1.2,0,0
11,85,1,2,0.1,0.2,0.1,0.6,0,0
11,86,3,7,0.2,0.8,0.4,2.2,0,0
11,87,2,5,0.1,0.6,0.3,1.6,0,0
11,89,1,4,0.2,0.2,0.5,1.1,0,0
11,92,1,3,0.1,0.1,0.2,0.8,0,0
11,93,5,68,1.4,2.1,4.3,19.4,0,0
11,94,3,226,2.4,35.4,38,13,0,22
11,95,3,97.5,2.4,1.8,15.3,22.2,0,7
11,96,2,4,0,0.4,0.2,1.4,0,0
11,97,3,47,0.7,2.7,2.2,14.3,0,0
11,98,1,1,0,0,0.1,0.3,0,0
11,102,1,3,0.1,0.4,0.1,0.6,0,0
11,103,3,37,0.7,4.9,1.6,7.3,0,0
11,104,6,35.5,0.4,4.5,3.4,6.1,0,0
11,105,1,2,0,0.3,0.2,0.3,0,0
11,106,1,3,0,0.4,0.3,0.5,0,0
11,108,4,21,0,1.2,2.4,3,0,0
11,109,1,2,0,0.1,0.2,0.5,0,0
11,110,4,9,0.2,0.4,0.9,2.1,0,0
11,113,2,8,0,0.1,0.5,2.1,0,0
11,114,5,69.5,0.5,6.1,3.2,14.7,0,0
11,115,3,36,0.3,3.3,2.4,6.8,0,0
11,116,1,6,0,0.7,0.8,0.7,0,0
11,120,1,6,0.2,0.5,0.6,1.1,0,0
11,121,1,11,0,1.2,1.3,1.6,0,0
11,122,3,90,0,15.5,8.5,10.8,0,0
11,123,3,9,0,1.5,0.9,0.9,0,0
11,124,3,10.5,0,1.1,0.3,2,0,0
11,125,2,5,0,0.5,0.2,1,0,0
4,0,5,30,0.3,4.2,2.5,4.4,0,0
4,1,0,621.5,48,144,64,0,0,105
4,2,2,424.5,94.1,43.1,25.4,0.5,0,64
4,3,3,110,6.8,7.2,26,1.9,0,0
4,4,1,3,0.1,0.4,0.1,0.8,0,0
4,5,2,6.5,0.2,0.8,0.2,1.9,0,0
4,7,1,2,0,0.1,0.5,0.1,0,0
4,8,3,8,0,0.4,2,0.5,0,0
4,9,6,26,0.5,2.8,4,3.9,0,0.8
4,10,4,12,0.3,1.4,1.3,2.7,0,0.3
4,11,2,5,0,0.8,0.1,1.9,0,0
4,13,2,7,0,0.9,0.3,2.4,0,0
4,14,1,1,0,0,0,0.4,0,0
4,15,1,2,0,0,0,0.8,0,0
4,16,2,8,0,0,0,3.1,0,0
4,17,1,4,0.2,0.4,0.3,0.8,0,0
4,18,1,5,0.2,0.5,0.4,1,0,0
4,19,2,4,0.1,0.4,0.4,0.8,0,0
4,20,2,7,0.1,0.6,0.4,1.5,0,0
4,24,3,20,0.7,1.8,1.5,3.6,0.2,0
4,25,3,7,0.1,0.7,0.6,1.3,0.1,0
4,27,2,4,0.1,0.3,0.3,0.6,0,0
4,32,2,9,0.2,0.7,0.9,1.3,0,0
4,34,2,10,0.3,0.7,0.9,1.8,0,0
4,36,1,5,0.1,0.4,0.5,0.9,0,0
4,37,1,5,0,1.3,0.3,0.6,0,0
4,38,2,289,0,44.7,56.2,4.1,0,7
4,39,5,216.5,6,42.4,20.6,22.8,0,3
4,40,4,11,0.2,1.7,1,1.5,0,0
4,41,1,3,0,0.4,0.1,0.8,0,0
4,42,1,5,0,0.7,0.2,1.3,0,0
4,43,2,6,0,0.8,0.3,1.5,0,0
4,47,1,2,0.1,0.1,0.1,0.5,0,0
4,48,2,12,0.6,0.7,0.3,2.9,0,0
4,51,3,8,0,1.6,0.8,1.3,0,0
4,53,4,9,0,1.8,0.9,1.4,0,0
4,54,1,2,0,0.2,0.3,0.3,0,0
4,57,4,315,4.7,13.6,74.3,32.9,0,4
4,58,5,146,1.5,1.6,50.1,3.1,0,0
4,59,1,1,0,0,0.1,0.3,0,0
4,61,4,24.5,0.3,2.8,1.9,4.6,0,0
4,62,1,2,0,0.2,0.2,0.4,0,0
4,63,4,25,0.1,3.8,2,2.9,0,0
4,67,2,6,0.1,0.3,0.2,1.8,0,0
4,68,1,4,0.1,0.2,0.1,1.2,0,0
4,70,2,8,0.1,0.4,0.3,2.4,0,0
4,71,3,13,0.3,1.8,0.7,1.1,0,0
4,72,6,36,2.3,3.6,5.8,2.5,0,0
4,73,3,115.5,3.5,5.8,24.5,10.4,0,0
4,74,1,536.5,8,38,120.9,23.6,0,0
4,75,2,361,1,3,102.5,2.4,0,0
4,76,3,34,1.2,2.6,5.6,2.4,0,0
4,77,5,98.5,2.2,8.6,17.3,2.2,0,0
4,78,1,2,0.1,0.2,0.3,0.1,0,0
4,80,2,11,0.5,0.4,1.7,1.4,0,0
4,81,1,4,0.2,0.3,0.1,0.8,0,0
4,84,2,9,0,1,0.4,1.9,0,0
4,85,1,5,0,0.5,0.2,1.1,0,0
4,86,1,1,0,0.1,0.1,0.2,0,0
4,89,2,7,0.2,0.3,1.1,1,0,0
4,92,1,10,0,0.4,0.5,2.8,0.1,0
4,93,2,7,0,0.3,0.3,2,0.1,0
4,94,1,5,0,0.3,0.2,1.6,0,0
4,95,2,2,0,0.2,0,0.6,0,0
4,96,4,21,0,1.4,0.7,6.9,0,0
4,97,3,58,3.6,0.8,11.3,5.7,0,0
4,98,2,161,2.3,3.2,46.3,3.8,0,0
4,99,2,150.5,3.1,4.8,71.6,2.2,0,19.6
4,100,3,547.5,26.5,138.8,83.2,52.2,0,87.6
4,101,3,744,51,28.3,54,277.3,0,50
4,102,4,15,0.7,0.6,0.2,5,0,0
4,103,5,30,1.5,0.8,0.5,10,0,0
4,104,3,10,0,0.2,0,4.3,0,0
4,105,1,3,0,0.1,0,1.3,0,0
4,107,2,7,0,0.5,0,2.1,0,0
4,108,4,12,0,0.9,0,3.6,0,0
4,109,5,33,0.6,2.2,2.5,6.8,0,0
4,110,3,9,0.2,0.6,1,1.6,0,0
4,111,3,11,0.3,0.7,1.9,1.3,0,0
4,112,3,5,0.3,0.2,0.2,1.3,0,0
4,113,2,8.5,0.6,0.4,0.2,2.2,0,0
4,114,2,5,0,0.2,0.5,1,0,0
4,115,1,5,0,0.2,0.5,1,0,0
4,116,1,2,0,0.1,0.2,0.4,0,0
4,117,3,13,0,0.7,1.1,2.1,0,0
4,118,1,6.5,0,0.4,0.5,0.9,0,0
4,119,3,14,0,0.8,1.2,2,0,0
4,121,5,177.5,0.7,8.1,49.8,7.3,0,8
4,122,1,4,0.1,0.6,0.2,0.7,0,0
4,123,1,2,0,0.3,0.1,0.4,0,0
4,124,1,2,0,0.3,0.1,0.4,0,0
4,125,1,2,0,0.3,0.1,0.4,0,0
4,126,3,19,0,3,0.4,4.1,0,0
4,127,2,6,0,1.4,0.4,1,0,0.6
