x,y,imputed,ind,men,men_1ind,men_5ind,men_coll,men_fmp,men_mais,men_pauv,men_prop,men_surf
3,0,0,115.5,38,9,5,0,8,38,11,9,3194
4,0,0,31,15,6,1,0,0,15,1,12,1875
5,0,1,16,5.4,0.8,0.6,0,0.5,5.4,0.3,5.1,612
7,0,1,4,1.4,0.2,0.2,0,0.1,1.4,0.1,1.3,153
10,0,1,8,3.8,1.5,0.1,0,0,3.8,0.5,3.1,359.8
12,0,1,10,4.7,1.9,0.2,0,0,4.7,0.6,3.9,449.7
13,0,0,72.5,31,10,2,0,4,31,7,22,2874
14,0,1,5,2.3,0.9,0.1,0,0,2.3,0.3,2,224.8
15,0,0,232,112,49,6,47,12,65,31,50,7484
16,0,0,161.5,66,17,6,1,7,65,9,49,5056
17,0,0,97.5,42,14,5,6,7,36,6,30,4400
18,0,0,113,52,20,5,0,5,52,16,32,4878
19,0,0,114.5,55,13,2,0,9,55,7,37,5148
20,0,0,201,81,21,9,20,11,61,24,33,7149
21,0,0,64,19,1,1,0,3,19,0,18,2126
23,0,0,84,37,8,0,0,5,37,3,30,3636
24,0,0,87,44,16,1,0,6,44,2,38,4551
25,0,0,116.5,56,23,3,4,9,52,7,36,4914
26,0,0,214.5,73,11,10,0,18,73,21,32,6498
27,0,0,88.5,32,8,4,0,8,32,12,12,2711
28,0,1,23,9.2,1.1,1.1,0,1.1,9.2,2.3,6.9,780.8
29,0,0,117,43,11,3,0,2,43,5,37,4162
30,0,0,96.5,39,9,1,0,1,39,1,36,4334
31,0,1,23.5,8.8,1.5,1.2,0,0.3,8.8,1.2,8.5,1026.4
36,0,1,25,9.9,2.2,0.4,0.4,1.3,9.5,0.4,7.8,973.7
37,0,0,84.5,42,16,1,1,5,41,4,30,4058
38,0,0,58.5,24,7,1,0,0,24,2,20,2373
39,0,0,94,35,8,5,0,10,35,4,19,3322
44,0,0,47,13,1,4,0,1,13,4,10,1646
45,0,0,75,26,6,5,1,1,25,3,17,2555
54,0,1,1,0.4,0.1,0,0,0,0.4,0,0.3,39.2
55,0,1,21,7.1,1,1,0,0.6,7.1,0.3,4.8,734.7
56,0,0,57.5,26,3,0,0,4,26,0,24,2492
57,0,0,53,26,11,2,0,3,26,11,6,1876
58,0,0,94,32,4,3,0,13,32,6,3,2568
59,0,1,19.5,6.6,0.9,0.9,0,0.6,6.6,0.3,4.5,682.2
64,0,1,13,5.5,1,0.5,0,0.7,5.5,0.5,4.5,605.6
68,0,0,40,16,5,1,5,1,11,1,11,1623
69,0,1,26,11,1.9,1,0,1.4,11,1,9.1,1211.3
70,0,1,12,5.6,1,0.2,0,0.5,5.6,0.3,5.4,681.1
71,0,0,27,15,10,1,0,1,15,3,13,1396
80,0,0,85,29,6,3,0,4,29,2,13,2635
81,0,0,164,53,7,4,0,9,53,3,39,5638
82,0,0,119,50,16,4,1,1,49,3,47,4701
83,0,0,137.5,44,5,6,0,5,44,5,31,4393
84,0,0,232,75,10,9,0,12,75,19,40,6866
85,0,0,299.5,148,57,7,65,29,83,38,53,10869
86,0,0,209.5,88,27,10,44,23,44,33,23,7242
87,0,0,101,32,5,8,0,4,32,4,20,3274
88,0,1,1,0.4,0,0,0,0,0.4,0,0.4,39.7
90,0,1,4,1.4,0.5,0.2,0,0.1,1.4,0.2,1.4,130.9
92,0,1,19,6.5,2.3,0.8,0,0.4,6.5,0.8,6.5,621.7
93,0,0,28,12,3,1,1,1,11,1,9,1023
94,0,0,147.5,58,14,6,19,10,39,19,24,4476
95,0,0,681,343,172,20,297,66,46,154,33,21339
96,0,0,173.5,74,27,6,13,10,61,13,40,6408
97,0,0,254,101,33,11,3,19,98,30,56,8163
98,0,0,353,139,37,15,26,38,113,46,62,11345
99,0,0,273,104,35,16,16,13,88,32,60,8726
100,0,0,196.5,82,33,12,16,10,66,19,45,7077
101,0,0,186,80,33,9,1,9,79,19,54,7069
102,0,0,135,51,12,6,3,5,48,17,24,4222
103,0,1,23,7.8,2.4,2,0,1.3,7.8,2.4,4.3,805
115,0,0,100.5,38,4,4,3,7,35,3,30,4142
116,0,0,56.5,19,3,1,0,2,19,0,15,2123
123,0,1,17,6.1,0.7,1,0,0.3,6.1,0.3,5.1,721.8
124,0,0,47,15,3,2,0,2,15,0,14,2042
125,0,0,44.5,15,3,1,0,0,15,2,14,1900
126,0,1,13,5,1.3,0,0,0.4,5,0,4.6,582.9
4,1,1,13,4.5,0.9,0.8,0,0.4,4.5,0.6,3.6,502.5
5,1,0,97,39,6,3,0,3,39,5,35,3753
12,1,1,9,4.2,1.7,0.1,0,0,4.2,0.6,3.5,404.7
13,1,0,44,17,4,2,0,2,17,2,14,1945
14,1,1,22,10.3,4.1,0.3,0,0,10.3,1.4,8.6,989.3
15,1,0,100.5,45,12,1,0,7,45,2,34,4070
16,1,0,252.5,95,25,13,25,18,70,24,45,7982
17,1,0,161,75,26,4,16,12,59,16,47,7062
18,1,0,68,34,13,1,0,5,34,0,26,2989
19,1,1,23,9.5,2.8,1,0.3,1,9.2,1,7.5,865.3
20,1,0,145,56,12,5,0,3,56,5,46,5766
21,1,0,27,13,5,1,2,2,11,3,8,1279
22,1,1,23,8.9,1.1,0.4,0,1.5,8.9,1.1,7.4,792
23,1,0,196,77,16,8,1,10,76,7,67,6756
24,1,0,136.5,57,13,1,0,5,57,7,51,4981
25,1,0,106,53,23,1,10,4,43,16,30,4712
26,1,0,201,80,27,8,13,19,67,29,17,6264
27,1,0,59.5,24,1,1,0,3,24,1,24,2594
28,1,1,2,0.8,0.1,0.1,0,0.1,0.8,0.2,0.6,67.9
29,1,1,15,6,0.8,0.8,0,0.8,6,1.5,4.5,509.2
30,1,0,118,50,14,2,3,7,47,4,45,4621
31,1,1,6,2.2,0.4,0.3,0,0.1,2.2,0.3,2.2,262.1
37,1,0,75.5,29,4,2,0,4,29,5,26,3033
38,1,1,18,7.1,1.6,0.3,0.3,0.9,6.8,0.3,5.6,701.1
39,1,0,87,37,14,3,14,6,23,5,18,3032
40,1,1,10,3.7,0.5,0.6,0,0.3,3.7,0.3,3.6,435.8
44,1,0,43.5,15,2,2,0,1,15,2,10,1601
45,1,0,42,20,6,2,1,3,19,4,15,2337
46,1,0,34,15,5,1,0,2,15,3,12,1649
55,1,0,67,24,6,4,0,3,24,2,17,2155
56,1,0,135,66,22,4,0,9,66,14,52,5718
57,1,0,69,30,8,1,0,2,30,2,24,3208
58,1,0,56,25,8,1,1,0,24,2,18,2305
59,1,1,4,1.4,0.2,0.2,0,0.1,1.4,0.1,0.9,139.9
62,1,1,2,0.8,0.1,0.1,0,0.1,0.8,0.1,0.7,93.2
63,1,1,4,1.7,0.3,0.1,0,0.2,1.7,0.1,1.4,186.3
71,1,1,14,6.5,1.1,0.2,0,0.6,6.5,0.4,6.3,794.6
72,1,1,9,4.2,0.7,0.1,0,0.4,4.2,0.2,4.1,510.8
80,1,1,23,8.9,1,0.3,0,0.3,8.9,0.7,8.5,1087.9
81,1,0,47,19,4,1,0,0,19,2,18,2055
82,1,1,29,11.2,1.2,0.4,0,0.4,11.2,0.8,10.8,1371.7
83,1,0,47,22,9,1,6,0,16,3,15,2331
84,1,0,141,45,6,10,0,3,45,12,17,4592
85,1,0,191.5,72,14,5,0,9,72,7,48,6514
86,1,0,84,27,2,2,0,2,27,0,26,2620
87,1,1,10,3.9,0.4,0,0,0,3.9,0,3.9,396.8
90,1,1,2,0.7,0.2,0.1,0,0,0.7,0.1,0.7,65.4
91,1,1,16,5.4,1.9,0.6,0,0.3,5.4,0.6,5.4,523.5
92,1,1,9,3.1,1.1,0.4,0,0.2,3.1,0.4,3.1,294.5
93,1,0,128.5,52,11,3,4,4,48,7,42,4521
94,1,0,122,59,16,2,0,4,59,2,56,5529
95,1,0,202,103,52,5,59,18,44,46,26,7083
96,1,0,200.5,69,13,9,7,12,62,26,30,5463
97,1,0,296,107,29,17,7,12,100,25,61,8780
98,1,0,298.5,131,43,12,41,16,90,24,98,11210
99,1,0,216,102,47,7,22,6,80,16,69,7591
100,1,0,177.5,93,48,2,43,12,50,28,43,6824
101,1,0,134,50,12,6,0,4,50,14,17,3670
102,1,0,77.5,33,6,2,1,6,32,9,14,2880
103,1,0,172.5,61,17,11,3,10,58,15,45,5718
114,1,1,6,2.8,0.7,0,0,0,2.8,0.2,2.2,511.4
115,1,0,119.5,49,16,5,0,3,49,6,40,4858
116,1,0,116,36,4,5,0,2,36,3,32,4308
117,1,0,53.5,14,1,4,0,0,14,0,13,1789
125,1,0,99.5,38,9,4,0,6,38,3,31,3115
126,1,0,119,48,15,4,0,7,48,3,45,4256
127,1,0,48,24,5,0,2,1,22,2,21,2673
4,2,0,67.5,30,9,2,2,3,28,7,24,2686
5,2,0,92.5,44,18,3,2,2,42,4,39,4369
11,2,1,5,1.9,0.3,0.3,0.5,0.4,1.4,0.1,1.2,176
12,2,0,31,11,2,1,0,0,11,0,11,1237
13,2,1,3,1.1,0.2,0.2,0.3,0.3,0.8,0.1,0.7,105.6
14,2,1,5,1.9,0.3,0.3,0.5,0.4,1.4,0.1,1.2,176
15,2,0,263,95,23,16,28,23,67,39,17,7637
16,2,0,112.5,48,15,2,2,5,46,7,36,4380
17,2,0,35.5,17,5,1,0,1,17,2,12,1734
19,2,1,4,1.8,0.5,0.1,0,0.2,1.8,0.2,1.3,149.5
20,2,1,17,5.9,1.2,0.6,0,0,5.9,0.4,5.3,686.3
21,2,0,42,14,2,2,2,3,12,5,11,1400
22,2,0,64.5,32,11,1,0,1,32,4,30,2739
23,2,0,144,65,18,2,0,7,65,6,61,5834
24,2,0,76,38,15,2,15,5,23,12,23,2751
25,2,0,125.5,55,24,5,3,10,52,10,35,4671
26,2,0,156,60,13,7,1,5,59,13,47,6102
27,2,0,54,20,0,1,0,2,20,2,19,2320
28,2,1,3,1,0.1,0.1,0,0.1,1,0.1,0.9,118.3
29,2,1,14,4.7,0.6,0.4,0,0.3,4.7,0.3,4.1,552
30,2,1,10,4.8,1.5,0,0,0.6,4.8,0.9,4.8,593.3
31,2,0,44,17,5,3,0,2,17,2,15,1738
34,2,1,9,4.4,1.4,0,0,0.5,4.4,0.8,4.4,534
35,2,0,85,31,7,5,0,1,31,1,28,3105
36,2,0,48.5,23,5,0,2,2,21,1,21,2435
37,2,0,72,32,11,3,0,2,32,5,29,3140
38,2,0,73,31,11,2,0,3,31,11,7,2525
39,2,0,95,34,4,0,0,1,34,1,32,3673
40,2,1,25,9.3,1.5,0.7,0,1.2,9.3,1,8.8,960.2
44,2,1,15.5,5.7,0.9,0.5,0,0.8,5.7,0.6,5.4,595.4
45,2,1,27.5,10,1.9,0.7,0,0.7,10,0.7,9.3,1339.3
46,2,0,109,48,13,3,0,8,48,6,31,4494
55,2,0,81.5,34,9,2,3,2,31,8,26,3004
56,2,0,123.5,50,11,3,1,6,49,7,31,4401
57,2,0,74.5,31,9,2,1,1,30,3,23,3283
58,2,0,90.5,47,20,0,10,7,37,9,25,4575
59,2,1,11,3.6,0.6,0.6,0,0.6,3.6,0,3.4,457
60,2,1,6,2.3,0.4,0.1,0.2,0.1,2.1,0,2.1,254.1
61,2,1,23,8.8,1.4,0.5,0.7,0.4,8.1,0.2,8,974
62,2,1,24,9.2,1.5,0.6,0.7,0.4,8.5,0.2,8.3,1016.3
67,2,1,2,0.8,0.2,0,0,0.1,0.8,0.1,0.5,79.9
68,2,1,16,6.4,1.5,0.1,0.3,0.5,6.1,0.7,4.4,638.9
71,2,1,5,1.9,0.8,0.1,0,0,1.9,0.7,0.8,191.1
72,2,1,3,1.2,0.5,0.1,0,0,1.2,0.4,0.5,114.7
75,2,1,8,3.1,1.4,0.3,0,0,3.1,0.8,2.4,311.7
79,2,1,2,0.8,0.4,0.1,0,0,0.8,0.2,0.6,77.9
80,2,1,4,1.6,0.4,0,0,0,1.6,0.3,1.2,178.3
84,2,1,24,9.4,2.6,0,0,0,9.4,1.6,7.3,1069.6
85,2,1,40,13.1,0.6,1.2,0.6,0.6,12.5,0.6,11.9,1423.1
86,2,1,21,6.9,0.3,0.7,0.3,0.3,6.6,0.3,6.2,747.1
87,2,1,3,1,0,0.1,0.1,0,0.9,0,0.9,106.7
92,2,0,70.5,31,13,2,2,4,29,3,27,2689
93,2,0,183,107,66,6,76,9,31,10,27,6328
94,2,0,119.5,51,21,3,3,2,48,6,46,4803
95,2,0,162,75,34,6,18,6,57,15,32,5723
96,2,0,215.5,82,23,12,0,14,82,40,16,6205
97,2,0,235,102,34,9,39,20,63,25,21,7713
98,2,0,124,56,21,4,0,6,56,9,51,4970
99,2,0,224.5,100,33,8,29,14,71,21,68,7597
100,2,0,157,65,24,8,3,8,62,18,45,5808
101,2,0,84,40,15,3,5,9,35,11,9,2841
102,2,1,3,1.5,0.8,0.1,0.4,0.2,1.1,0.3,0.4,116.4
103,2,0,67,26,8,4,8,4,18,10,7,2124
104,2,1,25,12.5,6.2,0.9,3.6,1.8,8.9,2.7,3.6,969.6
113,2,1,4,1.4,0.1,0.1,0,0.2,1.4,0.1,1,187.5
114,2,0,26,13,4,0,0,1,13,1,12,1420
115,2,0,49,20,6,1,1,0,19,0,18,2214
116,2,0,121,38,3,5,0,2,38,2,34,4048
117,2,0,136,42,2,6,0,11,42,3,26,4319
118,2,0,180,52,3,9,0,4,52,9,17,4885
119,2,0,43,15,1,1,0,1,15,0,14,1741
120,2,1,3,1,0.2,0.2,0,0,1,0.1,1,143.6
125,2,0,87,51,21,0,47,23,4,25,3,2687
126,2,0,85.5,49,25,0,30,6,19,4,18,3335
127,2,0,93,43,18,4,1,3,42,6,29,3745
4,3,0,46,21,8,0,0,2,21,2,18,2014
5,3,1,66,27.3,6.6,1.9,1.9,1.9,25.4,2.8,23.6,2675.8
12,3,1,13,4.9,0.9,0.9,1.2,1.1,3.7,0.3,3.1,457.7
13,3,1,5,1.9,0.3,0.3,0.5,0.4,1.4,0.1,1.2,176
14,3,0,61,30,11,1,29,12,1,9,0,1973
15,3,0,208.5,85,27,9,0,16,85,30,20,6212
16,3,0,176.5,78,25,4,12,14,66,17,44,7028
17,3,0,55.5,23,8,1,0,2,23,1,21,2185
18,3,1,14,6.2,1.6,0.3,0,0.5,6.2,0.8,4.6,523.4
20,3,1,11,3.8,0.8,0.4,0,0,3.8,0.3,3.4,444.1
21,3,0,43.5,26,12,0,0,1,26,2,25,2208
22,3,0,31.5,11,2,1,0,5,11,0,9,1080
23,3,0,76,35,11,2,0,5,35,3,30,3128
24,3,0,46,17,4,1,0,2,17,5,13,1732
25,3,0,140.5,60,19,6,0,5,60,9,44,5993
26,3,0,113.5,45,12,3,0,8,45,5,37,4386
27,3,0,118,46,12,3,0,10,46,4,30,4495
28,3,0,50.5,17,5,2,0,1,17,1,15,1720
29,3,0,50,22,7,1,0,1,22,2,20,2352
33,3,1,6,2.9,0.9,0,0,0.4,2.9,0.5,2.9,356
34,3,1,6,2.9,0.9,0,0,0.4,2.9,0.5,2.9,356
35,3,0,83.5,29,8,3,1,1,28,4,27,2643
36,3,0,38,19,8,0,0,3,19,4,19,1862
37,3,0,82.5,55,38,0,0,1,55,11,18,3642
38,3,0,113,48,17,3,0,4,48,6,36,4273
39,3,0,148,60,19,6,4,11,56,16,9,4740
40,3,0,80,34,14,3,0,9,34,12,3,2399
41,3,1,2,0.7,0.1,0.1,0,0.1,0.7,0.1,0.7,76.8
43,3,1,5,1.9,0.3,0.1,0,0.2,1.9,0.2,1.8,192
44,3,0,96.5,36,9,5,3,1,33,6,27,3606
45,3,0,139,59,14,2,0,6,59,6,45,5229
46,3,0,130,52,12,0,2,7,50,9,39,5078
53,3,0,41,18,5,1,0,3,18,1,15,2018
54,3,0,60,21,4,2,5,0,16,2,12,1924
55,3,0,111.5,46,14,2,4,5,42,4,30,4245
56,3,0,96,40,12,2,0,6,40,5,33,4472
57,3,0,157.5,73,25,5,7,11,66,7,34,6672
58,3,0,125.5,57,22,5,10,7,47,6,32,5233
59,3,0,109,39,10,4,0,4,39,1,34,4495
60,3,1,23,8.8,1.4,0.5,0.7,0.4,8.1,0.2,8,974
61,3,0,52,21,10,3,0,1,21,2,17,2336
66,3,1,2,0.8,0.2,0,0,0.1,0.8,0.1,0.5,79.9
68,3,1,28,11.2,2.6,0.2,0.5,1,10.7,1.2,7.6,1118.1
70,3,0,70,31,7,1,0,8,31,5,2,2344
71,3,0,116.5,42,6,4,0,8,42,15,7,3402
91,3,1,22,8.4,1.2,0,0,0.4,8.4,0.4,8.4,1013.6
92,3,0,45,19,4,1,0,1,19,4,16,1954
93,3,0,142,60,20,7,0,6,60,9,49,5218
94,3,0,143,62,21,6,3,7,59,8,44,6653
95,3,0,199.5,81,21,7,0,7,81,12,64,6615
96,3,0,212,84,25,6,0,4,84,10,74,6756
97,3,0,171,77,20,2,0,10,77,11,64,6780
98,3,0,179,71,20,8,0,9,71,7,64,6406
99,3,0,251.5,80,15,16,0,10,80,15,19,7026
100,3,0,196,75,18,9,38,16,37,20,21,5830
101,3,0,105.5,47,15,4,0,4,47,10,38,4345
102,3,0,56.5,20,4,2,0,4,20,9,9,1435
103,3,0,128,47,11,4,2,8,45,13,18,3606
104,3,0,156,67,29,8,15,11,52,21,36,5462
105,3,1,18.5,5,1.2,1.4,0.8,0.9,4.2,2.2,3.1,433.9
114,3,1,24,8.3,0.5,0.5,0,0.9,8.3,0.5,6,1124.8
115,3,1,9,3.2,0.4,0.1,0.3,0.3,2.9,0.3,2.8,335.8
117,3,1,29,10.3,1.4,0.5,0.9,0.9,9.4,0.9,8.9,1081.9
118,3,1,24,8.5,1.2,0.4,0.8,0.8,7.7,0.8,7.4,895.4
119,3,0,56.5,21,1,1,0,5,21,4,19,2301
120,3,0,41,12,0,2,1,2,11,1,10,1515
121,3,1,26,8.7,2.2,1.4,0,0,8.7,0.7,8.7,1244.4
122,3,1,7,2.3,0.6,0.4,0,0,2.3,0.2,2.3,335
4,4,1,12,5.2,1.9,0.5,0,0.2,5.2,1.4,3.3,475.8
12,4,0,100,33,7,6,0,7,33,15,6,2726
13,4,0,107,38,10,5,0,9,38,22,7,3121
14,4,0,98.5,28,2,6,0,7,28,11,4,2446
15,4,0,82.5,25,3,7,0,4,25,1,24,2617
16,4,0,71,33,15,2,0,5,33,9,16,2538
17,4,0,45,15,1,1,0,1,15,0,11,1900
18,4,1,21,9.3,2.4,0.4,0,0.8,9.3,1.2,6.9,785.1
21,4,0,79.5,33,6,2,0,7,33,4,31,3273
22,4,0,66.5,26,2,2,0,2,26,1,26,2859
23,4,0,107.5,44,13,1,1,3,43,5,36,4062
24,4,0,95.5,37,8,3,0,1,37,2,30,3435
25,4,0,101.5,44,10,2,0,9,44,12,34,4547
26,4,0,84,32,8,3,0,0,32,1,28,3021
27,4,0,166,63,15,7,0,16,63,9,31,5553
28,4,0,48,21,8,2,0,2,21,4,14,1969
29,4,1,8,2.7,0.3,0.2,0,0.2,2.7,0.2,2.3,315.4
37,4,1,17,7,1.2,0,0,1.2,7,1.2,4.7,614.3
38,4,0,44.5,16,5,2,0,1,16,2,16,1724
42,4,1,4,1.5,0.2,0.1,0,0.2,1.5,0.2,1.4,153.6
44,4,1,26,9.6,1.5,0.8,0,1.3,9.6,1,9.1,998.7
45,4,0,118,49,17,5,0,4,49,7,43,4519
46,4,0,59.5,25,8,3,1,2,24,2,20,2429
47,4,1,18,6.6,1.2,0.5,0,0.5,6.6,0.5,6.1,876.6
51,4,1,25,10.3,1.6,0,0,1.6,10.3,0.5,10.3,1353.3
52,4,0,45,17,3,2,0,1,17,0,15,2048
53,4,0,74.5,30,7,3,0,5,30,5,27,3170
54,4,0,100,40,11,5,0,1,40,4,32,4049
55,4,1,20.5,6.8,1.1,1.1,0,1.1,6.8,0,6.4,851.6
56,4,0,51,16,3,3,0,1,16,1,16,2021
57,4,0,29.5,13,3,0,0,3,13,3,9,1497
58,4,0,82,36,11,1,3,5,33,6,26,3396
59,4,0,35,13,1,0,0,0,13,2,11,1445
60,4,1,3,1.2,0.2,0.1,0.1,0,1.1,0,1,127
61,4,0,27,15,6,0,0,0,15,3,13,1606
62,4,0,48,14,1,4,0,2,14,1,14,1652
63,4,1,4,1.5,0.2,0.1,0.1,0.1,1.4,0,1.4,169.4
64,4,1,27,10.4,1.7,0.6,0.8,0.4,9.6,0.2,9.3,1143.3
65,4,0,42,17,4,0,0,1,17,2,17,1987
66,4,0,30,14,2,1,0,2,14,1,14,1497
67,4,1,13,5.2,1.2,0.1,0.2,0.4,5,0.6,3.5,519.1
68,4,0,89.5,37,9,1,3,4,34,5,22,3552
69,4,0,88,34,9,4,0,2,34,7,17,3458
70,4,0,93,32,4,6,1,3,31,5,19,3131
71,4,0,72,30,9,4,2,5,28,8,10,2621
72,4,0,45,16,5,2,0,0,16,3,13,1588
73,4,1,8,3.1,1.3,0.2,0,0,3.1,1.1,1.3,305.8
78,4,1,3,1.2,0.5,0.1,0,0,1.2,0.3,0.9,116.9
90,4,1,27,10.3,1.5,0,0,0.5,10.3,0.5,10.3,1244
91,4,0,88,41,8,1,1,3,40,4,32,4080
92,4,0,182,82,27,3,0,6,82,15,73,6603
93,4,0,76,34,12,2,3,5,31,9,21,2635
94,4,0,264.5,108,40,11,43,25,65,42,49,8467
95,4,0,474.5,202,78,16,186,48,16,111,15,14276
96,4,0,176,54,5,10,0,6,54,6,49,5364
97,4,0,171.5,70,27,8,36,6,34,22,19,4882
98,4,0,112,44,11,3,8,9,36,10,13,3817
99,4,0,63,34,17,1,4,2,30,8,10,2620
100,4,0,181.5,60,12,12,0,10,60,22,26,5284
101,4,0,198,69,13,11,0,12,69,17,41,6207
102,4,0,197,84,29,3,0,14,84,40,8,5972
103,4,0,72.5,33,11,2,0,8,33,11,7,2460
104,4,0,85,33,12,5,8,6,25,12,15,2840
105,4,0,260.5,78,17,17,5,13,73,19,34,7377
106,4,0,83,34,11,5,1,6,33,14,18,2646
107,4,1,29,7.8,2,2.2,1.2,1.5,6.6,3.4,4.9,680.1
114,4,1,8,2.8,0.2,0.2,0,0.3,2.8,0.2,2,374.9
3,5,1,20,8.6,3.1,0.8,0,0.4,8.6,2.4,5.5,792.9
12,5,0,72,32,12,3,0,6,32,16,0,2523
13,5,0,177.5,74,21,2,0,23,74,38,2,5517
14,5,0,139,55,16,3,4,11,51,22,13,4870
15,5,0,42.5,20,8,1,2,2,18,4,11,1794
16,5,0,137.5,82,48,3,34,4,48,17,16,4366
17,5,0,102,43,17,1,0,3,43,15,16,3343
20,5,1,9,3.1,0.6,0.3,0,0,3.1,0.2,2.8,363.3
21,5,0,67,25,4,1,0,2,25,0,24,2407
22,5,1,4,1.4,0.3,0.1,0,0,1.4,0.1,1.2,161.5
23,5,1,27,9.3,1.9,1,0,0,9.3,0.6,8.4,1090
24,5,1,9,3.1,0.6,0.3,0,0,3.1,0.2,2.8,363.3
25,5,1,8,2.7,0.3,0.2,0,0.2,2.7,0.2,2.3,315.4
26,5,0,95.5,36,8,5,0,2,36,2,33,3543
27,5,1,31,10.3,1.3,1,0,0.6,10.3,0.6,9,1222.2
35,5,1,4,1.7,0.3,0,0,0.3,1.7,0.3,1.1,144.6
37,5,0,32,13,6,2,0,0,13,2,12,1285
44,5,1,2,0.7,0.1,0.1,0,0.1,0.7,0.1,0.7,76.8
45,5,1,2,0.7,0.1,0.1,0,0.1,0.7,0.1,0.7,97.4
46,5,0,38.5,12,2,2,0,3,12,3,8,1229
47,5,1,18.5,6.8,1.2,0.5,0,0.5,6.8,0.5,6.2,901
50,5,1,2,0.8,0.1,0,0,0.1,0.8,0,0.8,108.3
51,5,0,26,13,6,0,0,0,13,2,13,1638
52,5,1,19,7.8,1.2,0,0,1.2,7.8,0.4,7.8,1028.5
57,5,1,19,6.3,1,1,0,1,6.3,0,5.9,789.3
58,5,0,71,31,9,1,2,2,29,5,23,3003
59,5,1,4,1.3,0.2,0.2,0,0.2,1.3,0,1.2,166.2
62,5,0,27,13,5,0,0,2,13,2,9,1295
63,5,0,39,17,4,1,0,2,17,3,13,1977
64,5,0,38,16,5,1,0,0,16,3,16,1723
65,5,1,11,4.4,1,0.1,0.2,0.4,4.2,0.5,3,439.3
66,5,1,8.5,3.4,0.8,0.1,0.1,0.3,3.3,0.4,2.3,339.4
67,5,1,10,4,0.9,0.1,0.2,0.3,3.8,0.4,2.7,399.3
68,5,0,64.5,38,20,0,0,4,38,8,4,2323
69,5,0,119,49,17,6,0,6,49,12,10,3830
70,5,0,107,39,8,5,0,8,39,11,2,3063
71,5,0,132.5,46,13,8,0,7,46,16,0,3838
72,5,0,139,53,18,7,0,10,53,18,8,4409
73,5,1,20,7.8,3.3,0.6,0,0,7.8,2.8,3.3,764.4
88,5,0,95,38,7,3,1,4,37,4,33,3816
89,5,0,52,21,6,2,0,5,21,4,16,2174
90,5,0,149.5,69,27,4,45,16,24,20,22,5302
91,5,1,6,2.3,0.3,0,0,0.1,2.3,0.1,2.3,276.4
92,5,0,93,41,15,2,0,4,41,3,35,3811
93,5,0,158.5,79,31,2,10,11,69,15,53,6825
94,5,0,99,43,15,5,1,4,42,3,34,4080
95,5,0,100,46,17,3,0,4,46,9,27,3388
96,5,0,131,52,4,1,0,5,52,2,47,5237
97,5,0,395.5,169,56,11,151,49,18,85,10,12025
98,5,0,168,65,13,5,15,11,50,16,29,5593
99,5,0,187.5,80,29,9,33,11,47,29,33,6567
100,5,0,201,60,10,18,12,13,48,27,16,4905
101,5,0,397.5,110,17,35,3,23,107,53,14,8812
102,5,0,207.5,74,18,12,0,11,74,19,35,6529
103,5,0,114.5,47,12,6,0,4,47,6,43,4134
104,5,0,54,20,4,3,2,2,18,5,14,1781
105,5,0,175,78,34,8,22,9,56,25,37,6486
106,5,0,202.5,68,15,14,4,14,64,22,40,6096
107,5,1,33,8.9,2.2,2.5,1.4,1.7,7.5,3.9,5.6,773.9
126,5,1,20,6.1,0.7,1,0,0.2,6.1,1,5.3,621.6
127,5,0,85.5,28,2,2,0,3,28,4,24,2624
0,6,1,19,8.2,3,0.7,0,0.4,8.2,2.2,5.2,753.3
7,6,1,4,1.7,0.4,0.1,0.1,0.1,1.6,0.2,1.4,162.2
11,6,1,14.5,5.4,1,1,1.3,1.3,4.1,0.3,3.5,510.5
12,6,0,57,28,14,2,0,2,28,9,0,1755
13,6,0,143,60,15,3,0,14,60,21,3,4938
14,6,0,178,68,26,10,5,11,63,27,8,5567
15,6,0,205.5,75,21,13,0,16,75,34,1,5639
16,6,0,80,42,19,2,0,1,42,10,1,2578
17,6,1,13,5.8,1.5,0.2,0,0.5,5.8,0.8,4.2,486
21,6,1,7,2.4,0.5,0.2,0,0,2.4,0.2,2.2,282.6
26,6,1,32,10.7,1.3,1,0,0.7,10.7,0.7,9.3,1261.7
37,6,0,37,12,2,1,0,1,12,3,9,1231
38,6,0,41,15,4,2,0,2,15,5,7,1674
39,6,1,8,3.3,0.6,0,0,0.6,3.3,0.6,2.2,289.1
47,6,0,44,14,2,3,0,0,14,0,13,1425
48,6,1,8,2.9,0.5,0.2,0,0.2,2.9,0.2,2.7,389.6
57,6,0,47,20,6,1,0,1,20,4,18,2131
58,6,0,94.5,41,15,2,1,4,40,6,30,3797
59,6,0,58,34,17,1,2,2,32,6,25,3331
63,6,1,20,7.7,1.2,0.5,0.6,0.3,7.1,0.2,6.9,846.9
64,6,0,64,25,6,0,3,1,22,1,22,2715
65,6,1,27,10.8,2.5,0.2,0.5,0.9,10.3,1.1,7.4,1078.2
66,6,0,151,36,4,17,0,4,36,19,2,3287
67,6,0,122,47,14,5,0,1,47,17,5,3940
68,6,0,86,45,25,3,0,4,45,14,8,3102
69,6,0,202.5,78,14,5,0,21,78,29,3,6218
70,6,0,91,29,3,6,0,2,29,9,5,2398
71,6,0,73,28,9,4,0,5,28,4,2,2228
72,6,0,89,34,11,5,1,4,33,10,12,2875
73,6,0,33,13,5,2,0,2,13,6,1,1049
88,6,0,57,23,7,3,2,1,21,3,16,2384
89,6,0,45.5,22,8,0,0,2,22,1,18,2264
90,6,0,86,34,8,2,0,3,34,1,32,3549
91,6,0,67,40,26,2,9,3,31,5,4,2357
92,6,0,33,12,3,1,1,1,11,2,10,1167
93,6,0,181.5,86,37,5,26,4,60,17,53,8024
94,6,0,163,66,16,5,0,4,66,8,52,5503
95,6,0,166.5,68,20,10,0,11,68,12,52,5536
96,6,0,79.5,25,2,6,0,3,25,6,19,2635
97,6,0,102,67,46,3,57,3,10,7,18,3872
98,6,0,228.5,102,39,7,81,24,21,44,18,7193
99,6,0,235.5,117,61,9,89,17,28,59,15,7800
100,6,0,170,64,15,8,0,7,64,12,17,5310
101,6,0,274,107,33,13,0,17,107,43,27,7927
102,6,0,142,45,5,6,0,7,45,7,30,4186
103,6,0,35,12,1,0,0,1,12,0,11,1103
104,6,0,55,23,7,1,0,1,23,2,21,2015
105,6,0,118.5,41,11,8,0,3,41,8,28,3468
106,6,0,153,67,21,7,9,15,58,29,34,5180
107,6,1,11,3,0.7,0.8,0.5,0.6,2.5,1.3,1.9,258
108,6,1,6,1.6,0.4,0.5,0.2,0.3,1.4,0.7,1,140.7
109,6,1,21,5.7,1.4,1.6,0.9,1.1,4.8,2.5,3.5,492.5
110,6,1,4,1.4,0.1,0.1,0,0.2,1.4,0.1,1,187.5
125,6,0,43,24,12,1,0,2,24,7,5,1818
126,6,0,85,33,5,2,0,6,33,4,20,2834
127,6,0,109.5,39,4,1,1,4,38,8,35,3922
0,7,0,186.5,79,24,5,0,26,79,35,3,5420
1,7,0,80,31,12,7,0,9,31,14,6,2433
10,7,1,5,2,0.5,0.2,0.3,0.1,1.7,0.1,1.4,217.9
11,7,0,88,27,6,5,0,7,27,7,15,2966
12,7,1,13,5.2,1.4,0.5,0.9,0.4,4.3,0.4,3.6,566.4
13,7,0,96,26,2,8,0,4,26,11,0,2224
14,7,0,54,36,21,0,0,2,36,15,0,2259
15,7,1,8,3.2,0.8,0.2,0,0.4,3.2,0.2,2.8,336
16,7,1,2,0.8,0.2,0.1,0,0.1,0.8,0.1,0.7,84
19,7,1,2,0.8,0.2,0.1,0,0.1,0.8,0.1,0.7,84
21,7,1,14,5.3,0.6,0.6,0,0.6,5.3,0.8,4.7,630.4
37,7,0,104,35,6,4,0,13,35,16,2,3170
38,7,0,209.5,73,13,9,0,23,73,29,2,6270
39,7,0,49,19,5,3,0,2,19,6,0,1401
48,7,1,8,3,0.5,0.2,0,0.4,3,0.3,2.8,307.3
58,7,0,30,14,3,0,2,4,12,0,11,1279
59,7,0,45,19,3,1,2,0,17,0,15,2056
65,7,1,1,0.4,0.1,0,0,0,0.4,0.1,0.3,42.5
68,7,1,6,2.3,0.3,0.2,0,0.2,2.3,0.5,1.7,254.9
69,7,1,9,3.5,0.5,0.2,0,0.4,3.5,0.7,2.5,382.3
70,7,1,12,4.7,2.1,0.5,0,0,4.7,1.2,3.5,467.5
71,7,0,76,29,9,4,0,6,29,6,19,2623
72,7,0,40,19,7,0,0,6,19,3,8,1500
73,7,1,5,2,0.9,0.2,0,0,2,0.5,1.5,194.8
90,7,0,64,23,4,3,10,2,13,5,16,1889
91,7,0,140,77,44,4,19,9,58,9,37,5791
92,7,0,35,17,11,2,5,0,12,7,7,1460
93,7,0,221,97,34,5,35,12,62,15,51,6968
94,7,0,220,120,57,2,63,18,57,37,32,8125
95,7,0,217.5,80,19,10,2,8,78,17,57,6882
96,7,0,107,48,12,0,1,7,47,1,43,4599
97,7,0,33,14,1,0,0,0,14,0,14,1383
98,7,0,142,62,20,5,32,10,30,17,17,5462
99,7,0,70.5,28,6,2,0,5,28,6,18,2537
100,7,1,15,5,0.5,0.9,0,0.7,5,1.1,4,524.9
101,7,0,91.5,55,33,1,32,14,23,27,0,2934
102,7,1,2,0.7,0.1,0.1,0,0.1,0.7,0.1,0.5,70
103,7,1,34,11.2,1.2,2.1,0,1.5,11.2,2.4,9.1,1189.7
105,7,1,2,0.8,0.3,0.2,0,0.2,0.8,0.3,0.6,75.3
106,7,0,82,30,9,5,2,1,28,12,20,2939
107,7,0,82,29,8,7,5,7,24,8,16,2600
108,7,0,110,37,7,7,0,6,37,11,25,3337
109,7,0,46.5,22,9,1,4,2,18,4,16,2255
110,7,0,75.5,27,7,3,0,2,27,3,25,2819
111,7,1,29.5,8.3,1.2,2.4,0,1.8,8.3,3,5.4,751.5
125,7,1,26.5,9.5,2,0.7,0,1,9.5,1.3,5.9,850.6
126,7,0,95,37,4,0,0,6,37,8,11,3082
127,7,0,43.5,16,2,1,0,2,16,4,8,1414
0,8,0,105.5,46,17,3,2,8,44,17,18,3538
1,8,1,2,0.9,0.3,0.1,0,0.1,0.9,0.3,0.2,65.8
7,8,1,8,3.2,0.4,0.2,0,0.8,3.2,0.8,2.5,370.9
8,8,0,24.5,11,3,0,0,2,11,0,8,1187
10,8,1,2,0.8,0.2,0.1,0.1,0.1,0.7,0.1,0.6,87.1
11,8,0,45.5,21,6,0,0,0,21,1,20,2160
21,8,1,9,3.4,0.4,0.4,0,0.4,3.4,0.5,3,405.3
23,8,1,10,3.8,0.5,0.5,0,0.5,3.8,0.6,3.3,450.3
25,8,1,3,1.1,0.1,0.1,0,0.1,1.1,0.2,1,135.1
38,8,1,33,8.4,0,2.6,0,2.2,8.4,4,0.9,819.3
39,8,1,32,8.1,0,2.6,0,2.1,8.1,3.8,0.9,794.5
48,8,1,6,2.2,0.4,0.2,0,0.3,2.2,0.2,2.1,230.5
58,8,1,15,6.8,1.8,0,0,0,6.8,0,6.8,687.9
59,8,0,57.5,27,9,0,0,1,27,2,17,2986
60,8,1,5,1.9,0.3,0.1,0,0.2,1.9,0.4,1.4,212.4
70,8,1,9,3.5,1.6,0.4,0,0,3.5,0.9,2.6,350.6
71,8,0,133.5,46,10,8,0,3,46,15,19,4406
72,8,0,39,31,25,0,0,1,31,9,3,1744
77,8,1,5,2,0.9,0.2,0,0,2,0.5,1.5,194.8
90,8,1,7,3.7,1.7,0,0,0,3.7,0.7,3,345.7
91,8,0,170.5,82,35,7,27,15,55,23,33,6241
92,8,0,125.5,60,24,3,9,8,51,11,43,5790
93,8,0,193,83,25,3,0,6,83,13,68,7446
94,8,0,250,129,74,8,69,18,60,49,37,8561
95,8,0,112,82,64,1,0,2,82,34,6,3848
96,8,0,20,11,4,0,0,0,11,0,9,839
98,8,1,22,7.2,0.9,0.9,0,0.4,7.2,0.9,6.7,713.9
99,8,0,51,20,7,3,0,0,20,1,18,1870
100,8,1,25,8.3,0.9,1.6,0,1.1,8.3,1.8,6.7,874.8
102,8,1,15,5,0.5,0.9,0,0.7,5,1.1,4,524.9
103,8,1,9,3,0.3,0.6,0,0.4,3,0.6,2.4,314.9
104,8,1,5,1.7,0.2,0.3,0,0.2,1.7,0.4,1.3,175
105,8,0,42,15,6,3,1,0,14,6,14,1248
106,8,1,32,13.1,4.1,2.5,0,2.5,13.1,4.1,9.8,1205.3
107,8,0,253.5,147,80,4,134,27,13,71,7,8261
108,8,0,147,69,29,5,20,10,49,21,37,6129
109,8,0,137.5,52,11,5,0,3,52,5,50,4955
110,8,0,92,37,10,1,0,4,37,8,33,3569
111,8,0,91.5,43,15,1,0,3,43,8,35,3688
112,8,1,1,0.3,0,0.1,0,0.1,0.3,0.1,0.2,25.5
116,8,1,2,0.7,0,0,0,0.1,0.7,0,0.5,93.7
126,8,1,1,0.4,0.1,0,0,0,0.4,0,0.2,32.1
0,9,0,126,50,13,7,4,6,46,12,17,4068
1,9,0,80,40,22,4,0,3,40,15,12,2595
2,9,1,6,2.8,1,0.2,0,0.4,2.8,0.8,0.6,197.4
7,9,1,4,1.6,0.2,0.1,0,0.4,1.6,0.4,1.3,185.5
8,9,0,50,24,7,1,0,2,24,4,20,2765
9,9,1,3,1.2,0.2,0.1,0,0.3,1.2,0.3,0.9,139.1
10,9,0,118.5,43,11,6,0,8,43,11,11,3722
11,9,0,34,16,6,1,0,0,16,2,16,1640
16,9,1,3,1.2,0.3,0.1,0,0.2,1.2,0.1,1.1,126
17,9,1,2,0.8,0.2,0.1,0,0.1,0.8,0.1,0.7,84
18,9,1,8,3.2,0.8,0.2,0,0.4,3.2,0.2,2.8,336
19,9,1,7,2.8,0.7,0.2,0,0.4,2.8,0.2,2.5,294
21,9,1,7,2.7,0.3,0.3,0,0.3,2.7,0.4,2.3,315.2
22,9,1,4,1.5,0.2,0.2,0,0.2,1.5,0.2,1.3,180.1
44,9,1,2,0.7,0.1,0.1,0,0.1,0.7,0.1,0.7,76.8
48,9,1,2,0.7,0.1,0.1,0,0.1,0.7,0.1,0.7,76.8
49,9,1,5,1.9,0.3,0.1,0,0.2,1.9,0.2,1.8,192
59,9,1,19,8.6,2.3,0,0,0,8.6,0,8.6,871.3
60,9,1,16,6.2,0.9,0.4,0,0.6,6.2,1.3,4.5,679.7
61,9,1,5,1.9,0.3,0.1,0,0.2,1.9,0.4,1.4,212.4
62,9,1,3,1.2,0.2,0.1,0,0.1,1.2,0.2,0.8,127.4
64,9,1,6,2.3,0.3,0.2,0,0.2,2.3,0.5,1.7,254.9
70,9,0,49,23,8,0,0,3,23,7,1,1652
71,9,0,36,11,2,3,0,2,11,7,0,884
72,9,0,23,15,8,0,0,2,15,2,5,1004
88,9,1,5,1.7,0.2,0.2,0.2,0.4,1.5,0.4,1.2,178.4
89,9,1,11,3.8,0.5,0.5,0.5,0.8,3.3,0.8,2.7,392.5
90,9,0,199.5,88,35,10,82,26,6,39,3,6562
91,9,0,82,29,8,5,26,12,3,17,2,2298
92,9,0,106,45,17,5,14,7,31,8,21,4001
93,9,0,34,15,3,0,0,2,15,2,11,1194
94,9,1,5,2.6,1.2,0,0,0,2.6,0.5,2.1,246.9
97,9,1,2,0.7,0.1,0.1,0,0,0.7,0.1,0.6,64.9
99,9,0,62.5,22,4,5,0,1,22,4,22,1847
100,9,0,104,33,7,5,4,3,29,10,13,3135
101,9,0,63.5,25,6,4,0,7,25,4,23,2460
102,9,1,5,1.7,0.2,0.3,0,0.2,1.7,0.4,1.3,175
106,9,1,5,2.1,0.6,0.4,0,0.4,2.1,0.6,1.5,188.3
107,9,0,211,77,15,7,0,15,77,17,64,7090
108,9,0,230,98,36,11,24,9,74,24,42,7572
109,9,0,200.5,85,30,6,42,18,43,26,29,6969
110,9,0,174.5,84,33,4,28,10,56,46,35,6297
111,9,0,107,52,21,1,0,5,52,17,37,4582
112,9,0,39,15,3,2,0,0,15,2,15,1827
113,9,0,48,14,2,4,3,3,11,5,10,1158
127,9,1,1,0.4,0.1,0,0,0,0.4,0,0.2,32.1
0,10,0,124.5,51,19,5,0,2,51,14,6,3825
1,10,0,116,53,23,4,0,6,53,25,3,3401
2,10,1,14,6.5,2.3,0.5,0,0.9,6.5,1.9,1.4,460.6
6,10,1,2,0.8,0.1,0.1,0,0.2,0.8,0.2,0.6,92.7
8,10,0,57,22,5,1,0,2,22,1,19,2215
9,10,1,21,8.3,1.1,0.6,0,2.2,8.3,2.2,6.6,973.7
10,10,0,75,33,10,1,0,4,33,3,25,3234
11,10,1,26,10.4,2.7,1,1.7,0.7,8.7,0.7,7.2,1132.9
14,10,1,16,6.4,1.7,0.6,1.1,0.5,5.3,0.5,4.4,697.1
15,10,1,4,1.6,0.4,0.1,0,0.2,1.6,0.1,1.4,168
16,10,1,7,2.8,0.7,0.2,0,0.4,2.8,0.2,2.5,294
17,10,1,4.5,1.8,0.5,0.1,0,0.2,1.8,0.1,1.6,189
18,10,1,14,5.7,1.5,0.4,0,0.7,5.7,0.4,4.9,588
19,10,1,5,2,0.5,0.1,0,0.3,2,0.1,1.8,210
20,10,1,7,2.7,0.3,0.3,0,0.3,2.7,0.4,2.3,315.2
23,10,1,8,3,0.4,0.4,0,0.4,3,0.5,2.7,360.2
26,10,1,2,0.8,0.1,0.1,0,0.1,0.8,0.1,0.7,90.1
31,10,1,1,0.5,0.2,0,0,0.1,0.5,0.1,0.5,59.3
34,10,1,1,0.5,0.2,0,0,0.1,0.5,0.1,0.5,59.3
36,10,1,2,0.5,0,0.2,0,0.1,0.5,0.2,0.1,49.7
37,10,1,6,1.5,0,0.5,0,0.4,1.5,0.7,0.2,149
59,10,1,8,3.6,1,0,0,0,3.6,0,3.6,366.9
60,10,1,13,5,0.7,0.3,0,0.5,5,1,3.6,552.2
61,10,1,2,0.8,0.1,0.1,0,0.1,0.8,0.2,0.6,85
70,10,1,5,2,0.9,0.2,0,0,2,0.5,1.5,194.8
86,10,1,24.5,8.5,1.2,1.2,1.2,1.8,7.3,1.8,6,874.1
87,10,0,221.5,123,71,6,92,13,31,28,27,8523
88,10,0,138,59,20,4,6,8,53,7,46,6179
89,10,0,137.5,51,12,5,7,6,44,15,34,4526
90,10,0,82,39,16,2,16,6,23,8,17,3859
91,10,0,113,52,21,2,15,6,37,9,28,4703
92,10,0,144.5,63,26,5,4,5,59,10,42,5420
93,10,0,38.5,12,2,2,2,1,10,3,9,1243
99,10,0,42,19,5,1,0,1,19,0,16,1956
100,10,0,41,20,7,1,0,2,20,4,17,1775
101,10,0,58.5,23,5,1,0,0,23,4,20,2314
102,10,1,2,0.7,0.1,0.1,0,0.1,0.7,0.1,0.5,70
107,10,0,146,54,10,5,0,7,54,8,44,4888
108,10,0,166,62,13,6,0,11,62,11,59,5435
109,10,0,69,32,13,3,4,5,28,11,20,3056
110,10,0,176,76,26,6,17,11,59,22,41,6248
111,10,0,70,27,7,4,0,4,27,9,23,2694
112,10,0,47,16,1,1,0,2,16,3,16,1526
113,10,0,108,38,6,5,0,6,38,4,36,3459
114,10,1,14,4,0.6,1.1,0,0.8,4,1.4,2.5,356.6
0,11,0,91.5,64,43,1,27,6,37,23,0,3681
1,11,1,8,3.7,1.3,0.3,0,0.5,3.7,1.1,0.8,263.2
9,11,0,51,23,8,1,7,4,16,4,7,1971
10,11,0,80.5,37,11,0,0,4,37,3,32,3643
11,11,0,113.5,48,12,4,0,6,48,6,45,4700
12,11,0,60,22,1,0,0,3,22,1,20,2503
13,11,1,26,10.4,2.7,1,1.7,0.7,8.7,0.7,7.2,1132.9
14,11,1,17,6.8,1.8,0.6,1.1,0.5,5.7,0.5,4.7,740.7
15,11,1,5,2,0.5,0.1,0,0.3,2,0.1,1.8,210
16,11,1,5,2,0.5,0.1,0,0.3,2,0.1,1.8,210
26,11,1,2,0.8,0.1,0.1,0,0.1,0.8,0.1,0.7,90.1
36,11,1,2,0.5,0,0.2,0,0.1,0.5,0.2,0.1,49.7
60,11,1,7,2.7,0.4,0.2,0,0.3,2.7,0.6,2,297.4
61,11,1,2,0.8,0.1,0.1,0,0.1,0.8,0.2,0.6,85
79,11,1,2,0.8,0.4,0.1,0,0,0.8,0.2,0.6,77.9
83,11,1,16,6.3,1.7,0,0,0,6.3,1,4.9,713
84,11,1,2,0.8,0.2,0,0,0,0.8,0.1,0.6,89.1
86,11,0,42,18,6,1,0,1,18,4,16,1848
87,11,0,88,38,15,2,4,1,34,9,26,4169
88,11,0,59,25,7,1,1,2,24,4,21,2858
89,11,0,32,14,6,1,3,1,11,1,11,1397
90,11,0,78,30,6,4,1,3,29,3,28,3445
91,11,0,49,21,4,0,3,1,18,3,13,2297
92,11,0,84.5,43,17,1,2,11,41,8,36,3631
93,11,1,9,4.7,2.1,0,0,0,4.7,0.9,3.9,444.4
98,11,1,10,3.3,0.4,0.4,0,0.2,3.3,0.4,3.1,324.5
99,11,1,15,4.9,0.6,0.6,0,0.3,4.9,0.6,4.6,486.7
107,11,0,77,32,8,2,0,3,32,6,26,2947
108,11,0,105,39,8,2,0,3,39,6,33,3648
109,11,0,168,68,24,10,33,12,35,22,15,5447
110,11,0,174.5,63,16,10,12,11,51,20,19,5229
111,11,0,225.5,109,47,6,70,22,39,45,29,8156
112,11,0,122,48,9,4,0,7,48,9,31,4238
113,11,0,209,68,13,13,0,9,68,18,27,6463
114,11,1,5,1.4,0.2,0.4,0,0.3,1.4,0.5,0.9,127.4
115,11,1,10,3.5,0.2,0.2,0,0.4,3.5,0.2,2.5,468.7
127,11,0,50.5,20,6,2,0,4,20,6,4,1583
9,12,1,2,0.8,0.2,0.1,0,0,0.8,0.2,0.6,89
10,12,0,88,46,14,0,0,8,46,4,27,4054
11,12,0,64,26,6,1,0,2,26,0,26,2812
14,12,1,8,3.5,0.8,0.2,0,0.2,3.5,0,3.3,334.9
15,12,1,3,1.2,0.2,0,0,0.1,1.2,0,1.1,132.4
83,12,1,13,5.2,1.5,0.6,0,0.9,5.2,1.7,4.5,545.3
84,12,1,18,7.2,2.1,0.8,0,1.3,7.2,2.3,6.2,755
85,12,1,24,9.1,2.4,1.4,0,0.5,9.1,1,7.2,1052.2
86,12,0,90,47,22,2,13,5,34,11,29,3572
87,12,1,1,0.4,0.1,0.1,0,0,0.4,0,0.3,43.8
89,12,1,7,2.7,0.7,0.4,0,0.1,2.7,0.3,2.1,306.9
90,12,1,5,2.1,0.3,0,0,0.6,2.1,0.3,1.5,242.2
91,12,0,26.5,12,3,0,0,1,12,3,11,1255
92,12,0,105,52,20,3,7,2,45,5,41,4395
93,12,0,114.5,41,5,2,0,5,41,5,29,4048
94,12,0,31,11,2,1,0,0,11,0,11,1225
98,12,0,65.5,23,4,2,0,3,23,6,18,2138
99,12,1,7,2.4,0.4,0.3,0,0.2,2.4,0.6,2.1,276.4
106,12,1,33,12.8,2.7,1.3,0,3.4,12.8,2,8.8,1206.2
107,12,0,84,38,12,3,6,5,32,9,30,3130
108,12,0,78,32,9,5,0,0,32,6,24,3168
109,12,0,98,41,13,6,3,9,38,11,30,4049
110,12,0,157.5,88,47,2,21,13,67,31,19,6089
111,12,0,165,96,53,3,77,16,19,39,8,6389
112,12,0,103.5,40,13,5,0,5,40,7,28,3906
113,12,0,37,18,6,0,0,4,18,1,13,1739
114,12,1,24,11,3.7,0.5,0,0.5,11,1.6,9.9,1129
115,12,1,47,20.3,4.9,1.6,0,0,20.3,3.2,19.4,2022.6
116,12,1,5,2.2,0.5,0.2,0,0,2.2,0.3,2.1,215.2
9,13,1,39,16.2,4.9,1.6,0,0,16.2,4.1,11.4,1734.7
10,13,1,19,8.2,1.9,0.4,0,0.4,8.2,0,7.8,795.4
13,13,1,2,0.9,0.2,0,0,0,0.9,0,0.8,83.7
37,13,1,2,0.8,0.2,0,0,0.1,0.8,0,0.8,88.3
52,13,1,3.5,1.2,0.2,0.1,0,0.1,1.2,0.2,0.9,153
61,13,1,10,4.4,1.6,0.2,0,0.4,4.4,0.9,3,467.5
80,13,1,1,0.4,0.1,0,0,0.1,0.4,0.1,0.3,41.9
81,13,1,8,3.2,0.9,0.3,0,0.6,3.2,1,2.7,335.5
83,13,0,45,23,8,1,0,3,23,1,20,2042
84,13,0,31,12,1,0,0,0,12,0,12,1159
85,13,0,56.5,27,9,1,0,4,27,4,23,2876
86,13,1,7,2.7,0.7,0.4,0,0.1,2.7,0.3,2.1,306.9
91,13,1,6,2.5,0.3,0,0,0.7,2.5,0.3,1.8,290.7
92,13,1,16,6.7,0.9,0,0,1.8,6.7,0.9,4.9,775.1
93,13,1,7,2.9,0.4,0,0,0.8,2.9,0.4,2.1,339.1
94,13,0,73.5,26,3,4,0,1,26,3,22,2468
95,13,0,58,29,10,0,0,2,29,3,27,2898
96,13,1,31,10.8,2,1.1,0,0.9,10.8,2.6,9.1,1224.1
97,13,1,18,6.3,1.2,0.7,0,0.5,6.3,1.5,5.3,710.8
98,13,0,114,39,10,8,5,5,34,8,28,3427
99,13,1,8,2.8,0.5,0.3,0,0.2,2.8,0.7,2.3,315.9
103,13,1,10,4.8,1.9,0.2,1,0.8,3.8,2.3,0.4,412.7
104,13,0,107,36,3,8,0,7,36,6,11,3286
105,13,0,41,16,1,0,1,1,15,3,12,1720
106,13,0,83,36,10,3,5,6,31,9,26,3753
107,13,0,134.5,55,16,4,1,10,54,16,43,4874
108,13,0,106,42,14,5,0,6,42,6,27,3809
109,13,0,44,16,5,3,0,1,16,1,12,1574
110,13,0,103,41,16,7,0,1,41,12,28,3754
111,13,1,8,3.7,1.2,0.2,0,0.2,3.7,0.5,3.3,376.3
112,13,0,27,12,4,0,0,1,12,2,9,1295
113,13,0,136.5,52,15,8,9,7,43,11,32,4596
114,13,0,111,37,5,5,0,5,37,13,18,3349
115,13,0,134.5,43,4,6,0,15,43,18,1,3330
116,13,1,6,2.6,0.6,0.2,0,0,2.6,0.4,2.5,258.2
18,14,1,2,0.8,0.2,0,0,0.1,0.8,0,0.7,88.2
19,14,1,6,2.4,0.5,0.1,0,0.2,2.4,0.1,2.1,264.7
40,14,1,1,0.3,0.1,0,0,0,0.3,0.1,0.3,43.7
41,14,1,13,4.5,0.8,0.4,0,0.4,4.5,0.8,3.3,568.3
81,14,1,2,0.8,0.2,0.1,0,0.1,0.8,0.3,0.7,83.9
83,14,0,38,16,3,1,0,1,16,4,11,1338
84,14,0,61,25,7,1,0,3,25,3,21,2365
85,14,1,11,4.2,1.1,0.7,0,0.2,4.2,0.4,3.3,482.2
94,14,1,2,0.8,0.1,0,0,0.2,0.8,0.1,0.6,96.9
95,14,1,24,8.4,1.5,0.9,0,0.7,8.4,2,7,947.7
96,14,0,41,16,4,1,0,3,16,3,12,1652
97,14,0,66,23,4,3,0,5,23,3,19,2340
98,14,0,27,14,5,0,0,0,14,2,13,1423
99,14,1,11,3.8,0.7,0.4,0,0.3,3.8,0.9,3.2,434.3
101,14,1,1,0.5,0.2,0,0.1,0.1,0.4,0.2,0,41.3
102,14,1,20,9.6,3.8,0.4,1.9,1.5,7.7,4.6,0.8,825.4
103,14,0,145.5,45,7,11,0,11,45,22,0,4022
104,14,0,53.5,17,2,4,0,6,17,5,0,1434
105,14,0,122,48,16,6,0,8,48,18,9,3954
106,14,1,8,3.1,0.7,0.3,0,0.8,3.1,0.5,2.1,292.4
107,14,0,82,34,11,4,0,5,34,8,23,3160
108,14,0,83,24,3,4,2,3,22,8,19,2137
109,14,0,36,16,5,0,0,1,16,1,15,1684
110,14,0,120,57,26,3,0,4,57,13,29,4142
111,14,0,109,50,26,3,0,3,50,11,22,3547
112,14,0,73,32,9,2,0,1,32,4,29,2919
113,14,0,76,28,9,4,1,2,27,12,19,2802
114,14,0,133.5,46,7,6,2,6,44,6,29,4383
115,14,0,201.5,65,8,10,1,13,64,31,7,5371
116,14,0,82,35,10,3,0,8,35,7,20,3054
117,14,0,35,23,13,0,0,4,23,11,1,1056
125,14,1,6,2,0.4,0.3,0.1,0.3,1.9,1,0.3,172.3
5,15,1,1,0.4,0.1,0,0,0,0.4,0.1,0.3,44.5
8,15,1,6,2.5,0.8,0.2,0,0,2.5,0.6,1.8,266.9
17,15,1,6,2.4,0.5,0.1,0,0.2,2.4,0.1,2.1,264.7
33,15,1,4,1.3,0.2,0.2,0,0.1,1.3,0.2,1.1,159
34,15,1,10.5,3.4,0.6,0.6,0,0.3,3.4,0.4,3,417.4
36,15,1,4,1.7,0.4,0.1,0,0.2,1.7,0.1,1.6,176.7
37,15,1,6,2.5,0.6,0.1,0,0.3,2.5,0.1,2.3,265
53,15,1,3,1,0.2,0.1,0,0.1,1,0.2,0.8,131.1
81,15,1,28,11.2,3.2,1.2,0,2,11.2,3.6,9.6,1174.4
82,15,0,33,19,8,0,0,1,19,1,18,1734
83,15,0,71.5,28,4,2,0,4,28,5,25,2778
84,15,0,85,40,17,3,4,5,36,8,25,3623
85,15,0,46,20,6,3,0,0,20,4,14,1746
86,15,0,29,13,4,1,0,2,13,2,12,1083
98,15,1,3,1,0.2,0.1,0,0.1,1,0.2,0.9,118.5
101,15,0,77,24,4,8,3,3,21,9,4,2164
102,15,0,100.5,33,9,6,0,9,33,13,0,2837
103,15,0,152,55,11,6,0,9,55,25,6,4659
104,15,0,107,43,14,5,0,6,43,12,4,3647
105,15,0,123.5,50,17,5,0,6,50,16,14,4058
106,15,0,77.5,39,17,1,0,6,39,14,1,2482
107,15,1,6,2.3,0.5,0.2,0,0.6,2.3,0.4,1.6,219.3
108,15,0,65,20,2,3,0,2,20,6,17,1593
109,15,0,93,36,4,3,0,4,36,4,33,3458
110,15,0,122,41,5,4,0,4,41,8,38,4027
111,15,0,50,16,3,4,0,0,16,1,16,1985
112,15,1,14,6.4,2.1,0.3,0,0.3,6.4,0.9,5.8,658.6
113,15,0,142.5,49,10,6,0,8,49,8,32,4904
114,15,0,184.5,82,30,6,35,13,47,19,43,6496
115,15,0,109,41,5,4,1,8,40,6,35,3828
116,15,0,57,27,9,1,3,2,24,4,13,2275
117,15,0,118,65,34,4,0,3,65,21,15,4031
118,15,0,47,24,12,1,0,5,24,14,1,1249
2,16,1,8,3.2,0.8,0.6,0,0,3.2,0.4,2.7,322.8
3,16,1,62,24.5,6.5,4.9,0,0,24.5,3.3,21.2,2502
4,16,1,6,2.4,0.6,0.5,0,0,2.4,0.3,2.1,242.1
10,16,1,3,1.3,0.3,0.1,0,0.1,1.3,0,1.2,125.6
12,16,1,11,4.7,1.1,0.2,0,0.2,4.7,0,4.5,460.5
13,16,1,2,0.9,0.2,0,0,0,0.9,0,0.8,83.7
14,16,1,6,2.6,0.6,0.1,0,0.1,2.6,0,2.5,251.2
20,16,1,2,0.8,0.2,0.1,0,0,0.8,0,0.6,96.4
31,16,1,6,2,0.3,0.3,0,0.2,2,0.2,1.7,238.5
32,16,1,10,3.3,0.5,0.5,0,0.3,3.3,0.4,2.9,397.6
33,16,1,17,5.6,0.9,0.9,0,0.5,5.6,0.7,4.9,675.8
34,16,1,26,8.5,1.4,1.4,0,0.7,8.5,1.1,7.4,1033.6
35,16,0,30,16,7,0,0,0,16,2,16,1813
36,16,1,24,10,2.3,0.6,0,1.2,10,0.6,9.4,1060.1
37,16,1,5,2.1,0.5,0.1,0,0.2,2.1,0.1,2,220.9
53,16,1,3,1,0.2,0.1,0,0.1,1,0.2,0.8,131.1
54,16,1,1,0.3,0.1,0,0,0,0.3,0.1,0.3,43.7
83,16,0,99,38,9,3,3,9,35,9,16,3196
84,16,0,131,53,16,4,6,5,47,11,37,4900
85,16,0,77,33,12,1,0,0,33,6,25,2712
86,16,0,137.5,55,16,5,0,11,55,23,7,3742
99,16,1,7,2.4,0.4,0.3,0,0.2,2.4,0.6,2.1,276.4
100,16,1,21,10.1,4,0.4,2,1.6,8.1,4.8,0.8,866.7
101,16,0,39.5,15,4,1,0,3,15,3,2,1171
102,16,0,67,25,7,5,2,3,23,7,5,1741
103,16,0,104,45,16,3,0,5,45,15,1,3612
104,16,0,138.5,55,17,7,0,10,55,22,10,4803
105,16,0,120,50,18,7,0,6,50,18,5,3242
106,16,0,106.5,37,9,8,0,8,37,17,1,2637
108,16,1,2,0.8,0.2,0.1,0,0.2,0.8,0.1,0.5,73.1
109,16,0,31,13,2,0,0,2,13,2,11,1473
110,16,0,39,13,1,1,0,0,13,0,12,1229
111,16,0,54.5,20,4,2,0,5,20,2,18,2102
112,16,0,70,25,3,3,0,3,25,3,23,2307
113,16,0,45.5,22,4,0,0,8,22,2,18,2031
114,16,0,139,53,12,6,0,3,53,9,49,4832
115,16,0,64,28,9,3,1,2,27,8,17,2494
116,16,0,74,27,6,2,3,4,24,9,16,2448
117,16,0,162.5,44,5,11,0,2,44,7,36,4346
118,16,0,205,72,17,10,0,11,72,31,14,6016
119,16,0,185,63,14,10,2,12,61,27,6,5350
120,16,1,75,25.3,4.9,4.1,0.8,4.1,24.5,13,4.1,2153.8
121,16,1,2,0.7,0.1,0.1,0,0.1,0.7,0.3,0.1,57.4
123,16,1,3,1,0.2,0.2,0,0.2,1,0.5,0.2,86.2
1,17,1,4,1.6,0.4,0.1,0,0,1.6,0.1,1.5,177
2,17,0,94,40,15,3,0,2,40,8,39,4227
3,17,0,37,16,4,0,0,0,16,1,15,1525
10,17,1,3,1.2,0.2,0,0,0.1,1.2,0,1.1,132.4
19,17,1,4,1.6,0.3,0.1,0,0.2,1.6,0.1,1.4,176.5
31,17,0,34,13,3,0,0,1,13,2,10,1254
32,17,0,30,13,4,0,0,1,13,3,12,1398
33,17,1,14,5,0.9,0.4,0,0.1,5,0.3,4.8,606.4
34,17,1,3,1.1,0.2,0.1,0,0,1.1,0.1,1,129.9
35,17,1,24,9.3,1.3,0,0,0.5,9.3,0.5,8.3,1110.8
36,17,0,50,22,5,0,0,1,22,2,22,2264
37,17,1,18,7,0.9,0,0,0.4,7,0.4,6.3,833.1
38,17,1,2,0.8,0.1,0,0,0,0.8,0,0.7,92.6
39,17,1,4,1.6,0.2,0,0,0.1,1.6,0.1,1.4,185.1
82,17,1,6,2.7,1.1,0.3,0.2,0.2,2.5,0.8,1.4,263.2
83,17,0,163.5,54,14,8,3,12,51,17,20,4644
84,17,0,84,37,15,3,3,9,34,5,25,3088
85,17,1,28,10.3,1.2,0,0,1.2,10.3,3,8.5,985.5
99,17,1,41,14.2,3.9,3.2,0,2.4,14.2,4.7,0,1274.2
100,17,0,47,17,5,2,0,3,17,4,1,1428
101,17,0,91,25,6,7,0,5,25,7,0,2098
102,17,0,191.5,63,10,11,2,17,61,22,6,5030
103,17,0,80,25,6,6,0,2,25,8,1,1884
104,17,0,122,45,12,5,1,7,44,20,0,3717
105,17,0,73,52,34,0,0,6,52,22,0,2369
106,17,1,17,10.5,4.9,0,0,0,10.5,3.2,0,574
111,17,0,22,11,5,0,0,0,11,1,11,1339
112,17,1,7,3.1,1.4,0.2,0,0,3.1,0.2,3.1,300
113,17,0,31,16,7,1,0,1,16,2,14,1488
114,17,0,166,75,25,5,0,14,75,23,31,5401
115,17,1,31,12.1,2.7,0.5,1.1,1.1,11,3.8,5.5,1174.7
116,17,0,55,23,8,2,2,2,21,7,19,2517
117,17,0,137.5,48,13,9,11,10,37,25,16,4666
118,17,0,199,65,10,9,5,18,60,25,11,5320
119,17,0,238,87,25,12,0,18,87,36,7,6747
120,17,0,77,30,8,2,0,9,30,10,1,2418
123,17,1,8,2.5,0.3,0.3,0,0.4,2.5,1.2,0.5,217.7
0,18,1,2,0.8,0.2,0,0,0,0.8,0.1,0.7,88.5
1,18,0,43,19,7,0,0,3,19,1,18,1837
2,18,0,111,47,14,1,0,5,47,10,32,4640
3,18,0,44,17,4,0,0,1,17,2,14,1801
4,18,0,24,12,5,0,0,1,12,1,8,984
5,18,1,16,6.8,1.8,0.2,0,0.8,6.8,0.5,6.2,777.5
6,18,1,2,0.8,0.2,0,0,0.1,0.8,0.1,0.8,97.2
10,18,1,3,1.2,0.2,0,0,0.1,1.2,0,1.1,132.4
18,18,1,2,0.8,0.2,0,0,0.1,0.8,0,0.7,88.2
19,18,1,2,0.8,0.2,0,0,0.1,0.8,0,0.7,88.2
22,18,1,5,1.9,0.5,0.2,0,0.1,1.9,0.1,1.6,241.1
24,18,1,25,9.6,2.7,1.1,0,0.5,9.6,0.5,8,1205.3
30,18,1,11,4,0.7,0.3,0,0.1,4,0.2,3.8,476.5
31,18,0,54.5,24,8,1,0,1,24,6,20,2524
33,18,1,8,2.9,0.5,0.2,0,0.1,2.9,0.1,2.7,346.5
34,18,0,39,16,4,1,0,3,16,4,14,1852
35,18,1,23,9,1.2,0,0,0.5,9,0.5,8,1064.5
36,18,1,18,7,0.9,0,0,0.4,7,0.4,6.3,833.1
37,18,1,3,1.2,0.2,0,0,0.1,1.2,0.1,1,138.9
82,18,1,6,2.7,1.1,0.3,0.2,0.2,2.5,0.8,1.4,263.2
83,18,0,109.5,40,7,5,1,3,39,6,16,3375
84,18,1,1,0.4,0.2,0.1,0,0,0.4,0.1,0.2,43.9
85,18,1,16,5.9,0.7,0,0,0.7,5.9,1.7,4.9,563.1
99,18,1,11,3.8,1.1,0.8,0,0.6,3.8,1.3,0,341.8
100,18,1,21,7.8,2.5,0.8,0,1.1,7.8,3.1,0.6,560.6
102,18,0,113.5,54,20,0,0,10,54,16,7,3533
103,18,0,94,43,16,3,0,4,43,13,0,2940
104,18,1,32,11.9,3.8,1.3,0,1.7,11.9,4.7,0.9,854.2
105,18,1,4,2.5,1.1,0,0,0,2.5,0.8,0,135
113,18,1,11,5,2.2,0.3,0,0,5,0.3,5,471.4
114,18,1,22,9.9,4.4,0.6,0,0,9.9,0.6,9.9,942.7
115,18,0,57.5,28,11,1,0,2,28,4,15,2134
116,18,0,83,34,10,3,1,4,33,6,28,3187
117,18,0,170,67,16,5,38,17,29,30,17,5248
118,18,0,108,40,11,6,0,5,40,12,25,4020
119,18,0,146.5,59,13,3,2,8,57,17,13,4607
120,18,0,125,52,17,5,0,12,52,27,6,3632
121,18,1,16,5.1,0.6,0.6,0,0.8,5.1,2.3,1,435.3
0,19,0,43.5,19,5,0,0,2,19,2,17,1825
1,19,0,84,37,11,1,0,2,37,4,32,3889
2,19,0,83.5,28,4,4,0,6,28,3,24,3466
3,19,0,61.5,25,4,1,0,2,25,4,21,2921
4,19,1,10,4,0.9,0.2,0,0,4,0.3,3.7,442.6
5,19,1,3,1.3,0.3,0,0,0.1,1.3,0.1,1.2,145.8
17,19,1,2,0.8,0.2,0,0,0.1,0.8,0,0.7,88.2
18,19,1,2,0.8,0.2,0,0,0.1,0.8,0,0.7,88.2
19,19,1,2,0.8,0.2,0,0,0.1,0.8,0,0.7,88.2
20,19,1,4,1.5,0.4,0.2,0,0.1,1.5,0.1,1.3,192.9
21,19,1,6,2.3,0.6,0.3,0,0.1,2.3,0.1,1.9,289.3
23,19,1,2,0.8,0.2,0.1,0,0,0.8,0,0.6,96.4
24,19,0,34,12,3,2,0,0,12,1,12,1465
25,19,0,42,17,3,1,0,3,17,6,13,1648
26,19,0,93.5,38,14,3,0,1,38,4,31,3426
27,19,1,18,7.6,1.9,0.5,0,1,7.6,0.7,6.2,852.1
28,19,1,11,4.6,1.1,0.3,0,0.6,4.6,0.4,3.8,520.7
29,19,1,9,3.8,0.9,0.3,0,0.5,3.8,0.3,3.1,426
30,19,1,10,3.6,0.6,0.3,0,0.1,3.6,0.2,3.4,433.2
31,19,0,41.5,17,4,1,1,3,16,3,13,1403
32,19,0,43,12,2,5,0,0,12,2,12,1546
33,19,0,52,19,4,2,0,1,19,3,17,2192
34,19,1,18,6.5,1.1,0.5,0,0.2,6.5,0.3,6.2,779.7
82,19,0,63,28,8,1,0,4,28,4,19,2319
83,19,0,46,21,9,1,0,5,21,12,1,1524
87,19,1,2,0.7,0.1,0,0,0.1,0.7,0.2,0.6,70.4
102,19,1,5,1.9,0.6,0.2,0,0.3,1.9,0.7,0.1,133.5
103,19,1,17,6.3,2,0.7,0,0.9,6.3,2.5,0.5,453.8
115,19,0,73,30,11,3,0,5,30,10,5,2101
116,19,0,152.5,60,16,10,6,9,54,20,9,4576
117,19,0,67,39,24,1,0,1,39,10,4,2464
118,19,0,133.5,53,15,4,4,15,49,22,6,4171
119,19,0,132,51,13,6,5,8,46,12,11,4319
120,19,1,58,18.4,2.1,2.1,0,2.8,18.4,8.5,3.5,1578
0,20,1,25,10,2.3,0.4,0,0,10,0.8,9.2,1106.5
1,20,0,49,19,4,2,0,5,19,3,17,2046
2,20,0,135,47,6,2,0,3,47,2,44,4752
3,20,1,22,8.8,2,0.3,0,0,8.8,0.7,8.1,973.8
4,20,1,2,0.8,0.2,0,0,0,0.8,0.1,0.7,88.5
6,20,1,7,3,0.8,0.1,0,0.3,3,0.2,2.7,340.2
18,20,1,23,9.1,1.8,0.3,0,0.9,9.1,0.3,8.2,1014.7
26,20,1,15,6.3,1.5,0.4,0,0.8,6.3,0.6,5.2,710
27,20,0,58,18,0,2,0,0,18,1,18,2215
28,20,1,13,5.5,1.3,0.4,0,0.7,5.5,0.5,4.5,615.4
29,20,0,37,19,6,0,0,2,19,1,15,2209
30,20,0,70.5,27,4,1,0,2,27,4,24,3191
31,20,0,79.5,34,12,2,1,3,33,1,29,3576
32,20,1,26,9.4,1.6,0.7,0,0.2,9.4,0.5,8.9,1126.2
38,20,1,1,0.4,0.1,0,0,0,0.4,0,0.3,46.3
39,20,1,2,0.8,0.1,0,0,0,0.8,0,0.7,92.6
40,20,1,5,1.7,0.3,0.2,0,0.2,1.7,0.3,1.3,218.6
55,20,1,2,0.7,0.1,0.1,0,0.1,0.7,0.1,0.5,87.4
64,20,1,4,1.8,0.6,0.1,0,0.1,1.8,0.4,1.2,187
82,20,1,16,7.2,2.9,0.8,0.4,0.4,6.8,2.1,3.8,701.9
83,20,0,27.5,14,7,1,0,5,14,4,0,882
116,20,0,58,20,6,5,0,5,20,9,0,1587
117,20,0,170,66,21,9,0,15,66,26,1,5036
118,20,0,174.5,67,13,8,8,23,59,20,7,5097
119,20,1,14.5,5.6,1.3,0.3,0.5,0.5,5.1,1.8,2.6,549.5
1,21,0,54,18,3,3,0,0,18,1,14,1655
2,21,0,113,53,16,0,0,6,53,5,50,4980
3,21,0,41.5,18,3,0,0,3,18,0,18,2050
4,21,0,40,14,1,0,0,1,14,1,14,1627
5,21,1,19,8,2.1,0.3,0,0.9,8,0.6,7.4,923.3
6,21,1,17,7.2,1.9,0.3,0,0.8,7.2,0.5,6.6,826.1
16,21,1,1,0.4,0.1,0,0,0,0.4,0,0.4,44.1
18,21,0,39.5,17,5,1,0,1,17,1,15,2118
19,21,1,15,5.9,1.2,0.2,0,0.6,5.9,0.2,5.3,661.8
20,21,1,3,1.1,0.3,0.1,0,0.1,1.1,0.1,1,144.6
26,21,1,3,1.3,0.3,0.1,0,0.2,1.3,0.1,1,142
27,21,1,28,11.8,2.9,0.8,0,1.6,11.8,1,9.7,1325.4
29,21,1,10,4.2,1,0.3,0,0.6,4.2,0.4,3.5,473.4
30,21,1,21,7.6,1.3,0.6,0,0.2,7.6,0.4,7.2,909.6
82,21,1,9,4,1.7,0.5,0.2,0.2,3.8,1.2,2.1,394.8
116,21,0,56,19,4,4,0,6,19,12,1,1289
117,21,0,73.5,22,1,4,0,10,22,14,1,1523
118,21,0,119,53,18,3,0,12,53,18,7,4201
119,21,1,11,4.3,1,0.2,0.4,0.4,3.9,1.4,1.9,416.8
1,22,1,5,1.7,0.4,0.2,0,0.1,1.7,0.1,1.4,236.3
2,22,1,20,6.8,1.7,0.8,0,0.3,6.8,0.6,5.6,945.4
3,22,0,30,14,2,0,0,2,14,1,12,1343
4,22,1,11,3.7,0.9,0.5,0,0.2,3.7,0.3,3.1,519.9
5,22,1,4,1.4,0.3,0.2,0,0.1,1.4,0.1,1.1,189.1
18,22,1,10,4.1,0.7,0.2,0,0.4,4.1,0.1,3.9,528.2
19,22,0,61,26,5,1,0,3,26,2,24,2894
20,22,1,26,9.5,1.4,0.9,0,0.9,9.5,0.9,7.2,1005.6
21,22,1,8.5,3.1,0.4,0.3,0,0.3,3.1,0.3,2.4,328.8
22,22,1,10,3.7,0.5,0.3,0,0.3,3.7,0.3,2.8,386.8
23,22,1,1,0.4,0.1,0,0,0,0.4,0,0.3,38.7
27,22,1,6,2.9,0.7,0,0,0,2.9,0.4,2.4,311.1
29,22,1,6,2.9,0.7,0,0,0,2.9,0.4,2.4,311.1
41,22,1,4,1.6,0.3,0,0,0.2,1.6,0.2,1.6,207.9
43,22,1,3,1.2,0.2,0,0,0.2,1.2,0.2,1.2,155.9
44,22,1,4,1.6,0.3,0,0,0.2,1.6,0.2,1.6,207.9
62,22,1,9,3.8,0.9,0.4,0,0.5,3.8,0.4,3.5,455.6
63,22,0,61,27,8,1,0,1,27,4,23,2620
81,22,1,22,9.2,2.7,0.8,1.1,0.5,8.1,0.5,6.8,1095.4
82,22,1,23,9.7,2.8,0.9,1.2,0.6,8.5,0.6,7.1,1145.2
114,22,1,10,3.6,0.7,0.5,0,0.7,3.6,0.2,3,341.4
117,22,0,56,20,5,2,0,5,20,12,2,1461
119,22,1,9,3.5,0.7,0.4,0,0.5,3.5,0.5,2.1,312.1
3,23,1,4,1.4,0.3,0.2,0,0.1,1.4,0.1,1.1,189.1
5,23,1,7,2.4,0.6,0.3,0,0.1,2.4,0.2,2,330.9
19,23,0,68,29,7,2,0,5,29,3,26,3175
20,23,0,77,29,5,4,0,3,29,2,25,2930
21,23,0,105.5,38,4,3,0,6,38,5,26,3940
22,23,0,34,15,5,1,0,2,15,0,13,1475
25,23,1,2,1,0.2,0,0,0,1,0.1,0.8,103.7
29,23,1,9,4.3,1,0,0,0,4.3,0.7,3.7,466.7
38,23,1,18,6.1,1.1,0.8,0,0.1,6.1,0.5,5.8,817.8
39,23,1,12,4,0.7,0.5,0,0.1,4,0.4,3.9,545.2
56,23,1,15,6,1,0.1,0,0.3,6,0.6,5.4,745.7
57,23,1,8.5,3.4,0.6,0.1,0,0.2,3.4,0.3,3.1,422.6
60,23,1,5,2.1,0.5,0.2,0,0.3,2.1,0.2,1.9,253.1
62,23,0,103,48,10,1,0,10,48,5,37,4929
63,23,0,115.5,52,16,1,0,4,52,7,42,5100
81,23,1,16,6.7,2,0.6,0.8,0.4,5.9,0.4,4.9,796.6
113,23,1,2,0.7,0.1,0.1,0,0.1,0.7,0,0.6,68.3
114,23,1,5,1.8,0.3,0.2,0,0.3,1.8,0.1,1.5,170.7
115,23,0,34.5,20,11,1,0,2,20,13,2,1236
116,23,0,99,49,23,3,0,8,49,25,1,3058
117,23,0,90.5,49,22,0,0,7,49,21,9,3615
118,23,1,17,6.6,1.4,0.8,0,1,6.6,1,4,589.6
119,23,0,56.5,24,5,2,1,5,23,6,20,2387
120,23,1,5,2.2,0.7,0.1,0,0.5,2.2,0.4,1.9,207.6
121,23,1,3,1.3,0.4,0,0,0.3,1.3,0.2,1.1,124.6
123,23,1,2,0.9,0.3,0,0,0.2,0.9,0.1,0.7,83
16,24,1,2,0.8,0.1,0,0,0.1,0.8,0,0.8,105.6
17,24,1,13,5.3,0.9,0.3,0,0.5,5.3,0.2,5,686.7
18,24,0,35,14,3,1,0,2,14,1,12,1412
19,24,0,67,27,8,4,1,2,26,2,22,3030
20,24,0,168.5,64,14,9,0,7,64,3,53,6077
21,24,0,133,58,13,1,0,12,58,5,52,5200
22,24,0,39,17,5,1,0,1,17,1,12,1811
23,24,1,12,4.4,0.6,0.4,0,0.4,4.4,0.4,3.3,464.1
25,24,1,2,1,0.2,0,0,0,1,0.1,0.8,103.7
35,24,1,16,5.4,0.9,0.7,0,0.1,5.4,0.5,5.2,727
37,24,1,3,1,0.2,0.1,0,0,1,0.1,1,136.3
38,24,0,30,11,1,0,0,0,11,0,10,1476
39,24,1,14,4.7,0.8,0.6,0,0.1,4.7,0.4,4.5,636.1
54,24,1,30,13.7,3.4,0,0,2.6,13.7,1.7,12,1476.9
55,24,1,17.5,7,1.2,0.2,0,0.3,7,0.7,6.3,870
56,24,1,10,4,0.7,0.1,0,0.2,4,0.4,3.6,497.2
57,24,1,27,10.9,1.9,0.3,0,0.5,10.9,1.1,9.8,1342.3
62,24,0,102,39,7,2,0,4,39,2,38,4208
63,24,0,85,31,9,2,0,3,31,5,24,2985
64,24,0,67,22,3,0,0,0,22,1,21,2633
75,24,1,2,0.9,0.3,0,0,0.1,0.9,0.2,0.6,93.5
81,24,1,2,0.8,0.2,0.1,0.1,0,0.7,0,0.6,99.6
115,24,0,59,25,6,2,0,8,25,11,1,1612
116,24,0,94,51,25,0,0,5,51,15,7,3063
117,24,0,169,57,11,10,0,11,57,27,3,4830
118,24,0,79.5,32,10,3,0,5,32,3,17,2664
119,24,0,156.5,62,24,10,2,3,60,21,34,5438
120,24,0,121,39,4,7,0,11,39,12,13,3830
121,24,0,160.5,61,14,8,4,9,57,17,29,5015
122,24,1,45,19.5,6,0.7,0,4.7,19.5,3.4,16.8,1868.5
14,25,1,4,1.5,0.2,0,0,0,1.5,0,1.4,161
16,25,1,2,0.8,0.1,0,0,0.1,0.8,0,0.8,105.6
17,25,0,30.5,13,2,0,0,0,13,0,13,1372
18,25,0,52.5,30,15,1,5,3,25,3,18,2376
19,25,0,192.5,97,45,4,30,16,67,15,50,7899
20,25,0,218.5,112,53,4,38,15,74,20,53,9569
21,25,0,150.5,67,23,3,4,13,63,11,49,6393
22,25,0,65.5,21,3,2,0,2,21,2,19,2544
23,25,0,43.5,17,3,2,0,2,17,1,12,1763
32,25,1,8,2.7,0.2,0.2,0,0.5,2.7,0.3,2.7,315.6
33,25,1,20.5,6.8,0.4,0.4,0,1.2,6.8,0.8,6.8,808.7
34,25,1,11,3.7,0.2,0.2,0,0.6,3.7,0.4,3.7,434
35,25,0,44.5,14,1,0,0,0,14,0,13,1605
36,25,0,49,18,4,3,0,1,18,2,16,2534
37,25,0,38,18,8,1,0,1,18,3,16,2121
38,25,1,39.5,13.3,2.3,1.7,0,0.3,13.3,1.2,12.7,1794.7
39,25,1,1,0.3,0.1,0,0,0,0.3,0,0.3,45.4
40,25,1,1,0.4,0.1,0,0,0.1,0.4,0.1,0.4,52
48,25,1,10.5,3.3,0.2,0.2,0,0.2,3.3,0.4,3.1,362.7
49,25,1,11,3.5,0.2,0.2,0,0.2,3.5,0.5,3.2,380
53,25,1,5,2.3,0.6,0,0,0.4,2.3,0.3,2,246.1
54,25,0,71,28,6,1,0,3,28,3,26,2960
57,25,1,12,4.8,0.8,0.1,0,0.2,4.8,0.5,4.4,596.6
58,25,1,12,4.8,0.8,0.1,0,0.2,4.8,0.5,4.4,596.6
60,25,0,29,11,2,0,0,1,11,0,8,1215
61,25,0,34,15,5,2,0,1,15,2,14,1567
62,25,0,66.5,22,1,4,0,3,22,1,20,2425
63,25,0,180.5,94,48,2,41,14,53,7,40,7358
64,25,0,44,18,4,0,0,2,18,1,16,1682
115,25,1,14,5.4,1.2,0.7,0,0.8,5.4,0.8,3.3,485.6
116,25,1,8,3.1,0.7,0.4,0,0.5,3.1,0.5,1.9,277.5
117,25,1,24,9.3,2,1.1,0,1.4,9.3,1.4,5.6,832.4
118,25,0,96,35,6,2,0,1,35,6,31,4185
119,25,0,103,62,35,0,34,3,28,28,20,4416
120,25,0,91,34,9,4,1,7,33,6,22,3232
121,25,0,94.5,39,10,3,8,10,31,10,14,3159
122,25,0,109,42,10,5,4,8,38,12,14,3558
123,25,1,12,5.2,1.6,0.2,0,1.3,5.2,0.9,4.5,498.3
126,25,1,9,4.3,2.1,0.1,0,0.6,4.3,1.5,2.5,277.3
2,26,1,4,1.4,0.3,0.2,0,0.1,1.4,0.1,1.1,189.1
5,26,1,1,0.3,0.1,0,0,0,0.3,0,0.3,47.3
15,26,1,14,5.7,1,0.3,0,0.5,5.7,0.2,5.4,739.5
16,26,1,26,10.7,1.9,0.6,0,0.9,10.7,0.3,10,1373.3
17,26,1,16,6.6,1.2,0.4,0,0.6,6.6,0.2,6.2,845.1
18,26,0,112.5,49,16,2,1,9,48,6,34,4806
19,26,0,189,102,55,3,81,24,21,45,13,8074
20,26,0,87.5,35,10,2,2,4,33,8,24,3972
21,26,0,27,13,5,1,0,0,13,1,11,1492
22,26,0,51,20,5,1,0,1,20,2,18,2176
23,26,0,153,57,14,7,1,8,56,7,40,4817
24,26,0,32,14,5,1,4,2,10,4,8,1461
25,26,0,17,11,6,0,3,2,8,4,8,1050
28,26,1,2,1,0.2,0,0,0,1,0.1,0.8,103.7
31,26,1,11.5,3.8,0.2,0.2,0,0.7,3.8,0.5,3.8,453.7
32,26,0,61,26,6,1,0,3,26,3,19,2883
33,26,0,43.5,18,3,1,0,3,18,1,16,2363
34,26,0,48,14,1,2,0,1,14,2,12,1931
35,26,1,25,8.4,1.5,1.1,0,0.2,8.4,0.7,8.1,1135.9
36,26,1,8,2.7,0.5,0.4,0,0.1,2.7,0.2,2.6,363.5
42,26,1,6,2.5,0.5,0,0,0.3,2.5,0.3,2.5,311.8
45,26,1,11,3.5,0.2,0.2,0,0.2,3.5,0.5,3.2,380
49,26,1,15,4.7,0.3,0.3,0,0.3,4.7,0.6,4.4,518.2
53,26,0,63,24,3,1,0,2,24,1,24,2849
54,26,0,32,15,3,0,0,1,15,1,12,1443
57,26,0,23.5,12,5,0,0,0,12,0,9,1337
58,26,0,52,28,12,0,3,3,25,1,20,2774
59,26,0,45.5,19,6,1,0,1,19,2,16,2033
60,26,0,22.5,11,4,0,0,2,11,2,11,1288
61,26,1,5,2.1,0.5,0.2,0,0.3,2.1,0.2,1.9,253.1
62,26,1,8,3.4,0.8,0.3,0,0.5,3.4,0.3,3.1,405
63,26,1,22.5,9.5,2.3,0.9,0,1.4,9.5,0.9,8.6,1139.1
64,26,0,82,31,6,2,2,3,29,4,25,3011
80,26,1,9,3.8,1.1,0.3,0.5,0.2,3.3,0.2,2.8,448.1
115,26,0,22.5,11,2,0,0,2,11,1,10,1006
116,26,1,13,5,1.1,0.6,0,0.8,5,0.8,3.1,450.9
117,26,0,70,29,9,2,0,2,29,11,24,2619
118,26,0,47,18,5,2,0,2,18,3,17,1854
119,26,0,98,41,12,3,1,6,40,7,32,4106
120,26,0,215.5,73,18,11,22,12,51,22,15,6055
121,26,0,121,44,11,7,8,7,36,16,16,3342
122,26,0,54,21,4,3,4,4,17,9,10,1944
125,26,0,25,14,10,2,0,0,14,6,0,393
126,26,0,109,68,42,3,0,1,68,32,1,2601
127,26,1,2,1,0.5,0,0,0.1,1,0.3,0.6,61.6
3,27,1,3,1,0.3,0.1,0,0,1,0.1,0.8,141.8
4,27,1,1,0.3,0.1,0,0,0,0.3,0,0.3,47.3
14,27,1,2,0.7,0.1,0,0,0,0.7,0,0.7,80.5
16,27,1,18,6.5,1.1,0.2,0,0.2,6.5,0.2,6.1,724.4
17,27,0,36,14,4,1,0,2,14,0,11,1519
18,27,0,62.5,27,8,0,0,2,27,3,20,2502
19,27,0,144.5,59,13,6,0,7,59,6,38,5282
20,27,0,71,28,6,1,2,1,26,4,28,2462
22,27,1,13,4.9,0.8,0.4,0,0.8,4.9,1.1,4.9,670.3
23,27,1,3,1.1,0.2,0.1,0,0.2,1.1,0.3,1.1,154.7
24,27,1,4,1.5,0.2,0.1,0,0.2,1.5,0.3,1.5,206.3
25,27,1,21,7.2,1.2,0.8,0,0.8,7.2,0.5,6.8,794.2
26,27,1,22,7.6,1.3,0.8,0,0.8,7.6,0.5,7.1,832.1
32,27,1,17,5.1,0.6,1.1,0,0.3,5.1,0.3,4.8,639.5
33,27,0,47,13,1,2,0,0,13,1,11,1700
35,27,1,10,4.3,1.2,0.4,0,0,4.3,0,4.3,519.2
41,27,1,7,2.9,0.5,0,0,0.4,2.9,0.4,2.9,363.8
42,27,1,6,2.5,0.5,0,0,0.3,2.5,0.3,2.5,311.8
51,27,1,24,10.1,3.4,0.4,0,0.4,10.1,0.8,7.6,1182.7
52,27,0,32,13,2,0,0,1,13,1,10,1285
53,27,0,81,28,6,4,0,1,28,1,24,2698
54,27,0,62.5,25,6,2,0,3,25,3,22,2597
56,27,1,24,10.2,2.8,0.9,0.3,0.9,9.9,0.6,8.9,1200
57,27,0,80,33,9,1,0,3,33,4,27,3316
58,27,0,110,42,10,4,1,4,41,6,35,5133
59,27,0,55,28,13,0,10,1,18,6,13,2524
63,27,1,7,2.4,0.5,0.4,0,0.3,2.4,0.3,1.3,214
64,27,0,45,17,4,1,0,1,17,0,17,1769
65,27,1,29,9.7,0.6,0,0,0.6,9.7,1.8,8.5,1100.8
80,27,1,6,2.5,0.7,0.2,0.3,0.1,2.2,0.1,1.9,298.7
113,27,1,4,1.5,0.3,0.2,0,0.3,1.5,0.1,1.2,136.5
114,27,1,23,8.4,1.6,1,0,1.6,8.4,0.5,6.8,785.1
115,27,0,46,15,1,2,0,0,15,1,15,1395
116,27,0,107,43,8,3,0,4,43,10,34,4288
117,27,0,62,23,7,2,0,0,23,1,23,2563
118,27,0,61.5,27,9,2,0,2,27,5,24,2489
119,27,0,30,13,5,2,0,1,13,2,10,1344
120,27,1,11,4.2,1.1,0.5,0,0.3,4.2,0.9,3,445.5
121,27,1,12,4.6,1.2,0.5,0,0.3,4.6,0.9,3.3,486
122,27,1,22,8.4,2.3,1,0,0.6,8.4,1.7,6,891
123,27,1,15,5.7,1.6,0.7,0,0.4,5.7,1.2,4.1,607.5
126,27,1,10,5,3,0.2,0.9,0.9,4.1,0.7,1.1,317
127,27,1,20,10,5.9,0.5,1.8,1.8,8.2,1.4,2.3,634.1
3,28,1,3,1,0.3,0.1,0,0,1,0.1,0.8,141.8
13,28,1,4,1.5,0.2,0,0,0,1.5,0,1.4,161
14,28,1,3,1.1,0.2,0,0,0,1.1,0,1,120.7
15,28,1,5,1.8,0.3,0.1,0,0.1,1.8,0.1,1.7,201.2
16,28,1,9,3.3,0.5,0.1,0,0.1,3.3,0.1,3.1,362.2
17,28,0,44,17,5,3,0,1,17,0,16,1654
18,28,0,124,61,23,4,0,5,61,8,21,4782
19,28,0,116.5,39,4,4,0,4,39,0,38,4163
20,28,0,53,19,0,0,0,4,19,3,16,1799
21,28,1,10.5,4,0.6,0.3,0,0.6,4,0.9,4,541.4
22,28,0,32,11,0,1,0,2,11,0,11,1599
26,28,0,30,14,4,0,0,2,14,1,14,1278
27,28,0,39,15,3,0,0,1,15,1,15,1737
29,28,1,1,0.3,0.1,0,0,0,0.3,0,0.3,37.8
32,28,1,17,5.1,0.6,1.1,0,0.3,5.1,0.3,4.8,639.5
33,28,1,8,2.4,0.3,0.5,0,0.1,2.4,0.1,2.3,300.9
37,28,1,5,2.2,0.6,0.2,0,0,2.2,0,2.2,259.6
38,28,1,1,0.4,0.1,0,0,0,0.4,0,0.4,51.9
48,28,1,2,0.8,0.2,0,0,0.1,0.8,0.1,0.8,103.9
52,28,0,27,13,4,0,1,2,12,2,9,1429
53,28,0,112,53,23,1,3,4,50,5,39,5205
54,28,0,101,42,11,3,0,2,42,4,35,4082
55,28,0,33,12,0,0,0,0,12,0,12,1309
57,28,0,75.5,26,5,4,0,5,26,4,17,2403
58,28,0,72.5,32,12,1,1,2,31,3,25,3313
59,28,0,102,43,14,4,0,10,43,8,4,3036
60,28,0,36,13,2,2,0,2,13,4,0,1002
64,28,1,28,9.7,1.9,1.6,0,1.2,9.7,1.2,5.1,855.9
65,28,1,19,6.3,0.4,0,0,0.4,6.3,1.2,5.5,721.2
79,28,1,7,3.1,1.1,0.1,0,0.2,3.1,0.6,2.1,327.3
116,28,1,16,7,2,0,0,0.4,7,1.6,5.1,658.3
117,28,0,152.5,53,16,12,0,7,53,15,45,5066
118,28,1,2,0.9,0.2,0,0,0,0.9,0.2,0.6,82.3
120,28,1,10,3.8,1,0.5,0,0.3,3.8,0.8,2.7,405
121,28,1,15,5.7,1.6,0.7,0,0.4,5.7,1.2,4.1,607.5
123,28,1,13,5,1.4,0.6,0,0.3,5,1,3.5,526.5
124,28,0,125,50,18,4,12,4,38,17,26,4935
125,28,0,56,18,4,2,1,2,17,4,11,1551
126,28,0,96.5,39,15,3,22,5,17,11,11,2743
127,28,0,82,34,12,3,0,7,34,13,3,2702
16,29,0,33.5,12,1,0,0,0,12,1,12,1524
17,29,1,8,2.9,0.5,0.1,0,0.1,2.9,0.1,2.7,322
18,29,1,26,9.4,1.5,0.3,0,0.3,9.4,0.3,8.8,1046.4
19,29,1,2,0.7,0.1,0,0,0,0.7,0,0.7,80.5
21,29,1,2,0.8,0.1,0.1,0,0.1,0.8,0.2,0.8,103.1
22,29,0,34,13,4,0,0,1,13,0,12,1741
26,29,0,67,23,1,2,0,0,23,0,23,2404
27,29,1,17,5.9,1,0.6,0,0.6,5.9,0.4,5.5,643
33,29,1,6,1.8,0.2,0.4,0,0.1,1.8,0.1,1.7,225.7
34,29,1,1,0.3,0,0.1,0,0,0.3,0,0.3,37.6
39,29,1,2.5,1.1,0.3,0.1,0,0,1.1,0,1.1,129.8
52,29,1,6,2.5,0.8,0.1,0,0.1,2.5,0.2,1.9,295.7
53,29,1,8,3.4,1.1,0.1,0,0.1,3.4,0.3,2.5,394.2
54,29,0,112.5,43,5,1,0,3,43,5,40,4941
55,29,0,51.5,18,0,2,0,1,18,2,18,2163
56,29,0,63,30,13,3,21,8,9,10,6,2373
57,29,0,54,27,12,1,0,3,27,7,12,2270
58,29,0,132.5,56,17,5,5,8,51,8,40,5735
59,29,1,9,3.8,1,0.3,0.1,0.3,3.7,0.2,3.3,450
60,29,1,26,9,1.8,1.4,0,1.1,9,1.1,4.7,794.8
78,29,1,3,1.3,0.5,0.1,0,0.1,1.3,0.3,0.9,140.3
79,29,1,10,4.4,1.6,0.2,0,0.4,4.4,0.9,3,467.5
91,29,1,2,0.8,0.2,0.1,0.1,0,0.7,0,0.6,99.6
116,29,1,4,1.8,0.5,0,0,0.1,1.8,0.4,1.3,164.6
117,29,1,18,7.9,2.2,0,0,0.4,7.9,1.8,5.7,740.6
118,29,0,36,14,3,1,0,3,14,3,11,1583
119,29,0,34,15,4,0,0,3,15,3,11,1385
120,29,1,21,8,2.2,1,0,0.5,8,1.6,5.7,850.5
121,29,1,23,8.8,2.4,1,0,0.6,8.8,1.8,6.3,931.5
122,29,0,51,11,0,5,0,2,11,4,1,986
123,29,1,2,0.8,0.2,0.1,0,0.1,0.8,0.2,0.5,81
124,29,0,114,46,16,6,11,8,35,12,25,4313
125,29,0,130.5,56,20,7,7,4,49,16,37,5515
126,29,0,180,63,15,12,10,11,53,23,29,5671
127,29,1,11,5.5,3.2,0.2,1,1,4.5,0.8,1.2,348.8
11,30,1,4.5,1.6,0.3,0.1,0,0.1,1.6,0.1,1.5,181.1
26,30,0,49.5,19,4,2,0,0,19,1,13,1862
27,30,0,53,17,1,0,0,2,17,1,17,1869
28,30,1,4,1.4,0.2,0.1,0,0.1,1.4,0.1,1.3,151.3
33,30,1,11,3.3,0.4,0.7,0,0.2,3.3,0.2,3.1,413.8
38,30,1,3,1.3,0.4,0.1,0,0,1.3,0,1.3,155.8
53,30,1,11,4.6,1.5,0.2,0,0.2,4.6,0.4,3.5,542.1
54,30,0,102.5,34,2,2,0,4,34,1,32,4325
55,30,0,60,19,1,3,0,2,19,1,18,2243
56,30,1,14,5.9,1.6,0.5,0.2,0.5,5.7,0.4,5.2,700
57,30,1,25,10.6,2.9,1,0.3,1,10.3,0.6,9.3,1250
58,30,0,140,61,22,3,21,8,40,9,35,6131
59,30,0,48,20,7,2,3,2,17,1,11,1891
78,30,1,9,3.9,1.4,0.2,0,0.3,3.9,0.8,2.7,420.8
79,30,1,1,0.4,0.2,0,0,0,0.4,0.1,0.3,46.8
83,30,1,1,0.4,0.1,0,0,0,0.4,0,0.3,49.8
119,30,1,1,0.4,0.1,0,0,0,0.4,0.1,0.3,41.1
120,30,0,121.5,48,13,5,0,3,48,8,45,4312
121,30,0,132,58,14,2,0,5,58,14,51,5144
122,30,0,82.5,33,10,1,0,3,33,6,27,3539
123,30,0,271,128,47,4,79,31,49,47,32,9144
124,30,0,71,31,8,1,2,5,29,2,25,3020
125,30,0,203.5,88,32,10,23,10,65,24,40,7412
126,30,0,240.5,109,46,8,33,30,76,38,37,9130
127,30,0,179,74,25,10,11,17,63,21,37,6676
5,31,1,8,2.7,0.7,0.3,0,0.1,2.7,0.2,2.3,378.1
22,31,1,2,0.8,0.1,0.1,0,0.1,0.8,0.2,0.8,103.1
26,31,1,4,1.4,0.2,0.1,0,0.1,1.4,0.1,1.3,151.3
27,31,1,9,3.1,0.5,0.3,0,0.3,3.1,0.2,2.9,340.4
28,31,1,6,2.1,0.4,0.2,0,0.2,2.1,0.1,1.9,226.9
35,31,1,2,0.9,0.2,0.1,0,0,0.9,0,0.9,103.8
39,31,1,2,0.9,0.2,0.1,0,0,0.9,0,0.9,103.8
40,31,1,6,2.5,0.5,0,0,0.3,2.5,0.3,2.5,311.8
53,31,0,24.5,11,2,0,0,2,11,1,11,1311
54,31,1,8,3.4,1.1,0.1,0,0.1,3.4,0.3,2.5,394.2
58,31,0,47,20,4,1,0,3,20,2,18,2193
59,31,1,6,2.5,0.7,0.2,0.1,0.2,2.4,0.2,2.2,300
60,31,1,9,3.1,0.6,0.5,0,0.4,3.1,0.4,1.6,275.1
64,31,1,2,0.7,0.1,0.1,0,0.1,0.7,0.1,0.4,61.1
77,31,1,1,0.4,0.2,0,0,0,0.4,0.1,0.3,46.8
78,31,1,10,4.4,1.6,0.2,0,0.4,4.4,0.9,3,467.5
119,31,0,39,15,2,1,0,3,15,4,14,1307
120,31,0,196,114,59,0,78,19,36,54,17,7072
121,31,0,40,18,3,0,0,2,18,2,16,1566
122,31,1,10,3.8,1,0.5,0,0.3,3.8,0.8,2.7,405
123,31,0,135.5,60,18,2,0,4,60,10,45,5406
124,31,0,150,72,29,4,7,10,65,21,41,5866
125,31,0,78,35,14,2,0,4,35,4,24,3326
126,31,0,65,28,11,5,1,4,27,9,21,2643
127,31,0,147.5,57,13,7,1,12,56,13,36,5662
7,32,1,19,7.4,1.1,0,0,0.7,7.4,0.2,6.6,881
22,32,1,1,0.4,0.1,0,0,0.1,0.4,0,0.3,41
33,32,1,10,3.3,0.5,0.4,0,0.1,3.3,0.2,3,419.3
34,32,1,31,10.3,1.5,1.2,0,0.2,10.3,0.5,9.3,1299.8
35,32,1,14,4.5,0.5,0.5,0,0.5,4.5,0,4.3,621.4
38,32,1,1,0.3,0,0,0,0,0.3,0,0.3,44.4
49,32,1,2,0.6,0.1,0.1,0,0.1,0.6,0.1,0.4,80.9
52,32,1,23,7.8,1.6,0.9,0,0.3,7.8,0.9,7.5,1036.4
53,32,0,24,11,4,0,0,0,11,1,9,1263
54,32,1,2,0.7,0.1,0.1,0,0,0.7,0.1,0.7,90.1
57,32,1,3,1.1,0.2,0.1,0,0.1,1.1,0.1,0.9,131.8
58,32,0,102,46,14,3,0,8,46,4,22,3932
59,32,0,52,22,8,1,0,1,22,2,17,1698
66,32,1,6,2.5,0.5,0,0,0.2,2.5,0.2,2.1,290.6
67,32,1,4,1.6,0.3,0,0,0.1,1.6,0.1,1.4,193.8
76,32,1,5,1.9,0.5,0.3,0,0.2,1.9,0,1.8,180.5
79,32,1,3,1.1,0.3,0.2,0,0.1,1.1,0,1.1,108.3
117,32,1,17,6.5,1.3,0.7,0,0.9,6.5,0.7,5.1,572.9
118,32,0,66,24,4,4,0,0,24,6,22,2346
119,32,0,73,29,11,2,0,2,29,8,16,2521
120,32,0,65,31,13,2,0,3,31,7,20,2716
121,32,0,42,19,6,1,0,1,19,3,16,1732
122,32,1,23,8.6,2.1,1.3,0,1.1,8.6,1.1,5.9,876.9
123,32,0,80,24,3,4,0,2,24,7,18,2302
124,32,0,55,21,4,2,3,1,18,6,11,1932
125,32,0,118,48,17,4,13,5,35,8,29,4141
126,32,0,41,12,1,2,0,2,12,0,8,1135
127,32,0,29,11,3,1,0,1,11,1,9,890
7,33,1,27.5,10.7,1.6,0,0,0.9,10.7,0.3,9.5,1275.1
8,33,0,51,18,2,2,0,0,18,1,14,1718
9,33,0,48,16,2,2,0,0,16,0,15,1826
10,33,0,43.5,14,0,1,0,1,14,0,13,1781
11,33,0,43,15,4,1,0,3,15,3,13,1793
15,33,1,12,4.8,1.2,0.2,0,0.2,4.8,0,4.5,581.5
33,33,1,25,8.3,1.2,1,0,0.2,8.3,0.4,7.5,1048.2
34,33,0,63,23,4,1,0,1,23,2,20,2841
35,33,1,2,0.6,0.1,0.1,0,0.1,0.6,0,0.6,88.8
45,33,1,6,1.9,0.2,0.4,0,0.4,1.9,0.4,1.3,242.8
52,33,1,27,9.2,1.8,1.1,0,0.4,9.2,1.1,8.8,1216.7
56,33,1,2,0.7,0.1,0.1,0,0.1,0.7,0.1,0.6,87.9
57,33,1,2,0.7,0.1,0.1,0,0.1,0.7,0.1,0.6,87.9
58,33,0,31,12,1,1,0,0,12,0,12,1502
68,33,1,6,2.5,0.5,0,0,0.2,2.5,0.2,2.1,290.6
73,33,1,16,6,1,0.4,0,0.4,6,0.8,4.8,570.8
74,33,1,14,5.3,0.9,0.4,0,0.4,5.3,0.7,4.2,499.5
75,33,1,2,0.8,0.2,0.1,0,0.1,0.8,0,0.7,72.2
76,33,0,63.5,26,7,1,1,0,25,1,20,2655
77,33,0,51,24,5,0,0,2,24,3,20,2264
118,33,0,100,36,9,5,0,2,36,4,29,3646
119,33,0,119,49,13,3,0,8,49,11,31,4130
120,33,0,65,24,6,2,0,5,24,8,16,2176
121,33,0,100,39,11,4,0,3,39,12,29,3384
122,33,0,117,43,8,5,2,5,41,7,30,4300
123,33,1,21,7.9,1.9,1.2,0,1,7.9,1,5.4,800.7
124,33,0,143.5,59,18,5,13,7,46,19,29,5060
125,33,0,230.5,74,13,15,10,16,64,24,21,6667
126,33,0,55.5,22,3,1,0,1,22,3,20,2087
127,33,1,4,1.9,0.4,0,0.1,0.1,1.8,0.1,1.3,163.1
8,34,1,1,0.4,0.1,0,0,0,0.4,0,0.3,46.4
11,34,1,5,1.5,0.1,0.3,0,0.3,1.5,0.1,1.1,160.5
12,34,0,32.5,12,2,1,0,3,12,0,10,1107
13,34,1,46,13.5,1.2,3.1,0,2.5,13.5,0.6,9.8,1476.3
15,34,1,7,2.8,0.7,0.1,0,0.1,2.8,0,2.6,339.2
33,34,1,4,1.3,0.2,0.2,0,0,1.3,0.1,1.2,167.7
34,34,0,34,13,3,2,0,3,13,2,13,1632
35,34,1,26,8.3,1,1,0,1,8.3,0,8,1154
44,34,1,29,10.1,1.8,1.2,0,1.2,10.1,0.6,8.3,1308.6
45,34,0,28,14,4,0,0,1,14,0,12,1714
48,34,1,5,1.6,0.2,0.3,0,0.3,1.6,0.3,1.1,202.4
51,34,1,1,0.3,0.1,0,0,0,0.3,0,0.3,45.1
55,34,1,6,2.2,0.4,0.2,0,0.2,2.2,0.2,1.8,263.7
58,34,1,1,0.4,0.1,0,0,0,0.4,0,0.3,43.9
73,34,1,26,9.8,1.7,0.7,0,0.7,9.8,1.4,7.8,927.6
74,34,1,11,4.1,0.7,0.3,0,0.3,4.1,0.6,3.3,392.4
75,34,1,10,3.8,1.1,0.6,0,0.3,3.8,0,3.6,361.1
76,34,0,185,76,23,8,2,8,74,13,61,6876
77,34,0,97,45,12,1,0,11,45,2,32,3732
79,34,1,6,2.2,0.7,0.4,0,0.2,2.2,0,2.2,216.7
80,34,1,25,10,2.5,0.8,0,1.2,10,0.4,9.2,1094.6
86,34,1,1,0.4,0.1,0,0,0,0.4,0,0.3,41.1
118,34,0,58.5,25,9,2,2,2,23,12,11,1956
119,34,1,29.5,11.4,2.2,1.3,0,1.6,11.4,1.3,8.8,994.2
120,34,1,33,12.4,3,1.8,0,1.5,12.4,1.5,8.4,1258.2
121,34,0,87,22,2,9,0,2,22,7,12,2004
122,34,0,104.5,33,5,7,0,12,33,18,10,2804
123,34,0,68,26,4,2,0,1,26,4,19,2445
124,34,0,31.5,11,1,1,0,1,11,2,11,1141
125,34,1,2,1,0.2,0,0.1,0.1,0.9,0.1,0.6,81.5
126,34,1,6,2.9,0.6,0,0.2,0.2,2.7,0.2,1.9,244.6
127,34,1,1,0.5,0.1,0,0,0,0.5,0,0.3,40.8
7,35,1,2,0.8,0.1,0,0,0.1,0.8,0,0.7,92.7
8,35,1,9.5,3.7,0.5,0,0,0.3,3.7,0.1,3.3,440.5
15,35,1,3,1.2,0.3,0.1,0,0.1,1.2,0,1.1,145.4
32,35,1,2,0.7,0.1,0.1,0,0,0.7,0,0.6,83.9
33,35,1,7,2.3,0.3,0.3,0,0.1,2.3,0.1,2.1,293.5
34,35,1,29,9.7,1.4,1.2,0,0.2,9.7,0.5,8.7,1215.9
35,35,1,34,10.9,1.3,1.3,0,1.3,10.9,0,10.5,1509
44,35,0,47,15,2,4,1,3,14,0,10,2311
45,35,1,5,1.6,0.2,0.3,0,0.3,1.6,0.3,1.1,202.4
47,35,1,13,4.2,0.4,0.9,0,0.9,4.2,0.9,2.9,526.2
48,35,1,1,0.3,0,0.1,0,0.1,0.3,0.1,0.2,40.5
56,35,1,1,0.4,0.1,0,0,0,0.4,0,0.3,43.9
57,35,1,24,8.9,1.5,0.6,0,0.9,8.9,0.6,7.4,1054.8
58,35,0,47,15,4,5,0,0,15,0,10,1555
72,35,0,108,33,5,7,0,7,33,10,7,2547
73,35,0,109,50,23,4,2,5,48,12,16,3645
74,35,0,91.5,38,13,3,0,2,38,5,27,2867
75,35,0,73,33,7,1,0,8,33,6,23,2704
76,35,0,64,23,4,3,0,5,23,2,17,2285
77,35,1,19,7.1,2.1,1.2,0,0.6,7.1,0,6.8,686.1
79,35,0,30,12,1,0,0,1,12,1,12,1431
80,35,0,29,11,3,1,0,0,11,0,10,1134
81,35,0,72.5,27,4,3,0,3,27,1,27,3257
82,35,1,15,6,1.5,0.5,0,0.8,6,0.2,5.5,656.8
83,35,0,55,23,5,1,0,3,23,3,17,2290
84,35,0,32,12,2,0,0,5,12,3,8,1189
85,35,1,11,4.2,0.8,0.3,0.1,0.4,4.1,0.4,3.4,452.1
86,35,1,7,2.7,0.5,0.2,0.1,0.2,2.6,0.2,2.2,287.7
92,35,1,4,1.5,0.2,0.1,0,0,1.5,0.2,1.4,190.5
101,35,1,2,0.8,0.1,0.1,0,0,0.8,0.1,0.7,92.6
117,35,1,13,5,1,0.6,0,0.7,5,0.6,3.9,438.1
118,35,0,93,36,12,6,0,3,36,9,23,3298
119,35,0,83.5,33,5,1,0,2,33,3,31,3315
120,35,0,55,21,2,2,0,1,21,1,21,2091
121,35,1,11,4.1,1,0.6,0,0.5,4.1,0.5,2.8,419.4
122,35,0,178,68,15,8,0,13,68,26,4,5041
123,35,0,83.5,31,4,2,0,6,31,6,15,2620
4,36,1,3,1.1,0.1,0.1,0,0.1,1.1,0.1,1,122.9
7,36,1,13,5.1,0.7,0,0,0.4,5.1,0.1,4.5,602.8
8,36,0,44,17,2,0,0,0,17,1,16,2059
9,36,1,15,5.9,0.9,0,0,0.5,5.9,0.2,5.2,695.5
12,36,1,14,4.1,0.4,0.9,0,0.7,4.1,0.2,3,449.3
13,36,0,41.5,17,4,1,0,1,17,1,16,1833
14,36,1,10,2.9,0.3,0.7,0,0.5,2.9,0.1,2.1,320.9
15,36,1,4,1.6,0.4,0.1,0,0.1,1.6,0,1.5,193.8
32,36,0,34,12,1,2,0,2,12,1,11,1535
33,36,1,16,5.3,0.8,0.6,0,0.1,5.3,0.3,4.8,670.9
34,36,1,2,0.7,0.1,0.1,0,0,0.7,0,0.6,83.9
35,36,0,34,13,2,0,0,0,13,0,12,1620
36,36,1,4,1.3,0.1,0.1,0,0.1,1.3,0,1.2,177.5
44,36,1,20,6.9,1.2,0.8,0,0.8,6.9,0.4,5.7,902.4
45,36,1,27,8.7,0.9,1.8,0,1.8,8.7,1.8,5.9,1092.8
57,36,1,5,1.9,0.3,0.1,0,0.2,1.9,0.1,1.5,219.7
58,36,1,16,5.9,1,0.4,0,0.6,5.9,0.4,4.9,703.2
59,36,1,18,6.7,1.2,0.5,0,0.7,6.7,0.5,5.5,791.1
61,36,1,11,4.5,0.8,0,0,0.3,4.5,0.3,3.8,532.8
62,36,1,17,7,1.3,0,0,0.5,7,0.5,5.9,823.5
63,36,0,53,19,3,3,2,2,17,1,17,2104
64,36,1,22,9,1.7,0,0,0.7,9,0.7,7.7,1065.7
72,36,0,29,13,3,1,0,2,13,3,7,1086
73,36,1,10,3.8,0.6,0.3,0,0.3,3.8,0.5,3,356.8
74,36,0,37,18,9,2,0,3,18,3,15,1510
75,36,0,151,72,31,5,18,5,54,12,35,5187
76,36,0,206,84,14,5,2,17,82,5,68,7839
77,36,1,19,7.1,2.1,1.2,0,0.6,7.1,0,6.8,686.1
80,36,0,74,32,8,1,0,3,32,5,26,3153
81,36,0,75,31,9,3,0,2,31,5,24,2848
82,36,0,104,48,18,1,0,1,48,6,36,4350
83,36,0,87,32,5,3,0,1,32,3,26,3148
84,36,1,20,8,2,0.7,0,1,8,0.3,7.3,875.7
93,36,1,5.5,2,0.3,0.2,0,0,2,0.3,1.9,262
97,36,1,1,0.4,0.1,0,0,0,0.4,0.1,0.3,47.6
107,36,1,3,1.2,0.2,0.1,0,0,1.2,0.2,1,138.9
117,36,1,7,2.7,0.5,0.3,0,0.4,2.7,0.3,2.1,235.9
118,36,0,63,24,8,3,0,0,24,5,23,2442
119,36,1,27,10.4,2,1.2,0,1.4,10.4,1.2,8.1,909.9
120,36,1,21.5,8.1,2,1.2,0,1,8.1,1,5.5,819.7
121,36,0,110.5,36,2,5,0,3,36,0,30,3209
122,36,0,66,30,9,1,2,3,28,5,12,2754
4,37,1,16,5.7,0.8,0.4,0,0.4,5.7,0.4,5.3,655.6
5,37,1,7,2.7,0.8,0.3,0.1,0.1,2.6,0.2,2.5,324.8
6,37,1,4,1.6,0.5,0.2,0.1,0.1,1.5,0.1,1.4,185.6
7,37,1,6,2.3,0.7,0.3,0.1,0.1,2.2,0.1,2.1,278.4
9,37,1,27,10.5,3.1,1.3,0.4,0.4,10.1,0.7,9.6,1253
10,37,1,20,7.5,1.8,0.9,0,0.1,7.5,0.8,6.1,845.7
12,37,1,27,10.1,2.5,1.2,0,0.2,10.1,1.1,8.3,1141.6
13,37,0,63,24,2,1,0,2,24,0,23,2883
14,37,0,52,18,3,2,0,0,18,1,18,1965
15,37,1,5,2,0.5,0.1,0,0.1,2,0,1.9,242.3
33,37,0,47,19,5,1,0,1,19,1,17,2690
34,37,0,62,19,0,0,0,1,19,1,19,2512
35,37,1,21,8.2,0.9,0.5,0,0.9,8.2,0.9,7.8,1160
36,37,0,50,19,5,1,0,2,19,2,19,1927
37,37,0,38.5,18,4,0,0,1,18,0,16,1962
38,37,1,18,7,0.8,0.4,0,0.8,7,0.8,6.7,994.3
39,37,1,5,2,0.2,0.1,0,0.2,2,0.2,1.8,276.2
40,37,1,22,8.1,1.7,0.9,0,0.8,8.1,0.6,7.7,1063.9
41,37,1,4,1.5,0.3,0.2,0,0.1,1.5,0.1,1.4,193.4
45,37,1,16,5.6,0.6,1.2,0,0.6,5.6,0,4.7,738.7
55,37,1,8,3.5,0.9,0.1,0,0.3,3.5,0.5,3.1,400.7
57,37,1,13,5.6,1.5,0.2,0,0.5,5.6,0.8,5,651.1
58,37,0,61,24,6,1,0,1,24,3,23,2376
59,37,0,117.5,37,6,9,0,6,37,5,18,3477
60,37,0,53,23,4,1,0,0,23,0,21,2579
61,37,0,22,11,6,0,0,0,11,0,8,1094
62,37,1,5,2,0.4,0,0,0.2,2,0.2,1.5,210.9
63,37,1,17,6.8,1.4,0.2,0,0.6,6.8,0.6,5.2,717.2
64,37,0,72.5,24,4,3,5,4,19,0,23,2676
65,37,1,32,11.8,2,1.6,0.2,1.8,11.6,1.6,9.2,1384.7
66,37,1,6,2.2,0.4,0.3,0,0.3,2.2,0.3,1.7,259.6
67,37,1,17.5,6.4,1.1,0.9,0.1,1,6.3,0.9,5,757.2
71,37,0,26,11,6,2,0,0,11,2,10,894
72,37,1,13,5.6,1.6,0.3,0.7,1.2,4.9,0.4,3.5,483.9
73,37,0,63.5,23,3,2,0,4,23,8,2,1844
74,37,0,111.5,51,17,1,0,6,51,5,43,4327
75,37,0,145,64,23,4,11,7,53,18,33,5473
76,37,0,186.5,89,36,6,0,7,89,18,57,6546
77,37,0,89.5,47,15,0,0,9,47,3,41,4404
78,37,1,7,3.3,1,0,0,0,3.3,0,2.4,299.7
79,37,0,77,34,12,1,3,2,31,6,23,3013
80,37,0,102,43,13,1,0,4,43,8,32,3616
81,37,0,68,31,7,1,0,3,31,1,27,3369
82,37,0,110,34,3,3,0,4,34,1,28,4238
83,37,0,54,19,1,2,0,3,19,1,18,2070
84,37,1,3,1.1,0.1,0.2,0,0.1,1.1,0.1,0.9,131.2
106,37,1,7,2.8,0.4,0.2,0,0.1,2.8,0.4,2.3,324.1
107,37,1,4,1.6,0.3,0.1,0,0.1,1.6,0.2,1.3,185.2
117,37,1,2,0.9,0.3,0.1,0,0.1,0.9,0.1,0.8,97.8
118,37,0,51,19,6,3,0,3,19,5,12,1532
119,37,1,17,8,2.5,0.5,0,0.5,8,0.5,7,831.5
120,37,1,4,2,0.8,0,0.2,0.2,1.8,0.3,1.7,211.1
121,37,0,40,16,1,1,0,0,16,2,13,1638
122,37,1,6,3,1.2,0,0.4,0.3,2.6,0.5,2.6,316.6
5,38,0,37,15,2,0,0,3,15,2,13,1712
6,38,1,10,3.9,1.2,0.5,0.2,0.2,3.7,0.2,3.6,464.1
8,38,1,2,0.8,0.2,0.1,0,0,0.8,0,0.7,92.8
9,38,1,1,0.4,0.1,0,0,0,0.4,0,0.4,46.4
10,38,0,32,12,3,2,0,1,12,1,6,1043
14,38,1,11,4.1,1,0.5,0,0.1,4.1,0.4,3.4,465.1
33,38,1,3,0.9,0.1,0.2,0,0.2,0.9,0.1,0.8,125.2
34,38,1,43.5,12.7,1.7,3.4,0,2.5,12.7,0.8,11,1815.2
38,38,0,76.5,33,11,2,4,4,29,6,24,3821
39,38,0,70.5,23,3,2,0,2,23,1,23,2697
40,38,1,18,6.6,1.4,0.7,0,0.6,6.6,0.5,6.3,870.5
41,38,0,30,11,1,1,0,2,11,0,10,1651
42,38,1,13,4.8,1,0.5,0,0.5,4.8,0.3,4.6,628.7
43,38,1,31,11.3,2.3,1.2,0,1.1,11.3,0.8,10.9,1499.2
44,38,0,30,12,3,1,0,0,12,1,11,1691
45,38,0,40,16,4,0,0,2,16,1,12,1937
46,38,1,28,9.9,1,2.1,0,1,9.9,0,8.3,1292.7
47,38,1,1,0.4,0,0.1,0,0,0.4,0,0.3,46.2
55,38,1,8,3.5,0.9,0.1,0,0.3,3.5,0.5,3.1,400.7
56,38,1,2,0.9,0.2,0,0,0.1,0.9,0.1,0.8,100.2
57,38,0,44,18,6,2,0,2,18,3,17,2262
58,38,0,48,20,6,0,0,0,20,0,19,2117
59,38,1,18,7.8,2,0.3,0,0.7,7.8,1.1,7,901.5
60,38,1,17,6.8,1.4,0.2,0,0.6,6.8,0.6,5.2,717.2
63,38,1,14,5.6,1.2,0.1,0,0.5,5.6,0.5,4.3,590.6
64,38,0,63,24,3,0,0,8,24,5,19,2692
65,38,0,83.5,29,4,3,4,5,25,4,18,3059
66,38,0,73,26,2,1,0,1,26,2,25,3094
67,38,0,74.5,26,3,3,0,4,26,0,25,2566
68,38,1,7,2.6,0.4,0.4,0.1,0.4,2.5,0.4,2,302.9
69,38,1,13,4.8,0.8,0.7,0.1,0.7,4.7,0.7,3.7,562.5
72,38,1,4,1.7,0.5,0.1,0.2,0.4,1.5,0.1,1.1,148.9
73,38,1,16,6.9,2,0.4,0.9,1.4,6,0.5,4.3,595.5
74,38,0,162,55,14,14,0,5,55,21,1,4636
75,38,0,169.5,83,38,6,9,12,74,15,38,7018
76,38,0,206,96,27,2,3,14,93,11,67,7530
77,38,0,187,80,19,2,0,13,80,5,66,6603
78,38,0,62.5,26,7,1,0,4,26,7,18,2042
79,38,0,84,33,7,3,0,3,33,1,32,3671
80,38,0,60,27,6,0,2,4,25,1,23,2662
81,38,0,100,28,0,3,0,1,28,0,28,3819
82,38,0,84,31,3,1,0,5,31,5,29,4053
83,38,0,30.5,12,2,1,0,2,12,1,11,1625
84,38,1,4,1.4,0.2,0.2,0,0.2,1.4,0.1,1.2,174.9
87,38,1,25,9.5,1.7,0.7,0.2,0.9,9.3,0.9,7.8,1027.6
88,38,1,9,3.4,0.6,0.2,0.1,0.3,3.3,0.3,2.8,369.9
89,38,1,17,6.4,1.2,0.5,0.1,0.6,6.3,0.6,5.3,698.8
90,38,1,21,7.7,1.2,0.6,0,0,7.7,1.2,7.1,1000.3
91,38,1,2,0.7,0.1,0.1,0,0,0.7,0.1,0.7,95.3
92,38,1,2,0.7,0.1,0.1,0,0,0.7,0.1,0.7,95.3
106,38,1,7,2.8,0.4,0.2,0,0.1,2.8,0.4,2.3,324.1
107,38,1,1,0.4,0.1,0,0,0,0.4,0.1,0.3,46.3
108,38,1,9,3.6,0.6,0.2,0,0.1,3.6,0.5,3,416.7
109,38,1,11,4.4,0.7,0.3,0,0.1,4.4,0.6,3.7,509.2
116,38,1,2,0.9,0.3,0.1,0,0.1,0.9,0.1,0.8,97.8
119,38,0,29,11,2,1,0,0,11,0,11,1031
120,38,0,88,36,6,3,0,6,36,3,32,3218
121,38,1,13,6.6,2.7,0,0.8,0.6,5.8,1,5.5,686
3,39,1,1,0.4,0,0,0,0,0.4,0,0.3,41
4,39,0,29,13,2,1,0,1,13,3,13,1351
5,39,0,54,21,3,1,0,1,21,0,21,2450
6,39,0,44.5,15,3,3,0,0,15,1,14,1830
7,39,1,7,2.7,0.8,0.3,0.1,0.1,2.6,0.2,2.5,324.8
8,39,0,45,18,2,1,1,0,17,0,14,1761
9,39,0,59,19,0,2,0,2,19,3,16,2131
10,39,1,29,10.9,2.7,1.3,0,0.2,10.9,1.2,8.9,1226.2
11,39,1,11,4.1,1,0.5,0,0.1,4.1,0.4,3.4,465.1
12,39,1,16,6,1.5,0.7,0,0.1,6,0.6,4.9,676.5
13,39,1,1,0.4,0.1,0,0,0,0.4,0,0.3,42.3
14,39,0,27.5,11,2,1,0,2,11,2,10,1309
15,39,1,6,2.4,0.6,0.1,0,0.1,2.4,0,2.2,290.8
33,39,1,5,1.5,0.2,0.4,0,0.3,1.5,0.1,1.3,208.6
37,39,1,2,0.8,0.1,0,0,0.1,0.8,0.1,0.7,110.5
38,39,0,56,20,7,6,0,1,20,2,19,2646
39,39,0,44,22,9,1,7,3,15,4,12,2420
40,39,1,4,1.5,0.3,0.2,0,0.1,1.5,0.1,1.4,193.4
44,39,1,9,3.3,0.7,0.4,0,0.3,3.3,0.2,3.2,435.2
45,39,1,9,3.2,0.3,0.7,0,0.3,3.2,0,2.7,415.5
55,39,1,9,3.9,1,0.1,0,0.3,3.9,0.5,3.5,450.7
57,39,1,23,9.9,2.6,0.3,0,0.9,9.9,1.4,8.9,1151.9
58,39,1,9,3.9,1,0.1,0,0.3,3.9,0.5,3.5,450.7
63,39,1,9,3.6,0.8,0.1,0,0.3,3.6,0.3,2.8,379.7
64,39,0,26,11,4,2,0,1,11,1,11,1506
65,39,0,53,17,2,3,0,0,17,1,16,2117
66,39,1,12,4.4,0.7,0.6,0.1,0.7,4.3,0.6,3.5,519.3
67,39,0,38,17,5,1,0,0,17,1,16,1668
68,39,1,10,3.7,0.6,0.5,0.1,0.6,3.6,0.5,2.9,432.7
69,39,1,27,9.9,1.7,1.4,0.1,1.5,9.8,1.4,7.8,1168.3
70,39,1,11,4.7,1.4,0.2,0.6,1,4.1,0.4,3,409.4
71,39,0,41.5,19,7,2,3,5,16,2,10,1313
72,39,1,4,1.7,0.5,0.1,0.2,0.4,1.5,0.1,1.1,148.9
73,39,1,4,1.7,0.5,0.1,0.2,0.4,1.5,0.1,1.1,148.9
74,39,1,15,6.4,1.9,0.3,0.8,1.4,5.6,0.5,4.1,558.3
75,39,0,165.5,76,33,5,18,8,58,13,36,6031
76,39,0,104.5,51,19,2,3,10,48,11,29,4338
77,39,1,10,4.7,1.5,0,0,0,4.7,0,3.5,428.2
80,39,1,20.5,7.2,1,1.2,0,1,7.2,0.5,6,896.3
81,39,0,37,12,1,0,0,2,12,1,8,1372
82,39,1,27,9.5,1.3,1.6,0,1.3,9.5,0.7,7.9,1180.5
83,39,1,5,1.8,0.2,0.3,0,0.2,1.8,0.1,1.5,218.6
86,39,0,29,13,3,0,0,3,13,3,5,1155
87,39,0,74,28,5,3,0,1,28,1,25,2864
88,39,1,25,9.5,1.7,0.7,0.2,0.9,9.3,0.9,7.8,1027.6
89,39,0,29,12,4,1,0,1,12,0,9,1352
90,39,0,33,14,3,0,2,0,12,2,8,1553
106,39,1,3,1.2,0.2,0.1,0,0,1.2,0.2,1,138.9
108,39,1,4,1.6,0.3,0.1,0,0.1,1.6,0.2,1.3,185.2
109,39,0,49,22,5,1,0,4,22,4,14,2349
113,39,1,6.5,2.4,0,0,0,0.5,2.4,0.2,2.2,283.8
119,39,1,5,2.4,0.7,0.1,0,0.1,2.4,0.1,2.1,244.6
120,39,1,6,3,1.2,0,0.4,0.3,2.6,0.5,2.6,316.6
121,39,1,7,3.5,1.4,0,0.4,0.3,3.1,0.6,3,369.4
4,40,1,17,6.1,0.8,0.4,0,0.4,6.1,0.4,5.7,696.6
6,40,0,35,11,2,1,0,0,11,0,11,1542
7,40,1,17,6.6,2,0.8,0.3,0.3,6.3,0.4,6.1,788.9
8,40,1,22,8.6,2.6,1.1,0.4,0.4,8.2,0.5,7.9,1020.9
9,40,0,59,23,3,1,0,3,23,0,22,2759
10,40,0,46,16,3,1,0,0,16,2,16,1822
11,40,1,26,9.8,2.4,1.2,0,0.2,9.8,1.1,8,1099.4
12,40,1,2,0.8,0.2,0.1,0,0,0.8,0.1,0.6,84.6
13,40,1,13,4.9,1.2,0.6,0,0.1,4.9,0.5,4,549.7
14,40,0,33,16,6,0,0,1,16,2,14,1730
15,40,1,11,4.4,1.1,0.2,0,0.2,4.4,0,4.1,533
38,40,0,44.5,15,0,1,0,4,15,0,15,2087
39,40,0,48,21,4,0,0,2,21,2,21,2400
40,40,0,58,21,3,2,0,0,21,2,17,2670
41,40,1,6,2.2,0.5,0.2,0,0.2,2.2,0.2,2.1,290.2
43,40,1,31,11.3,2.3,1.2,0,1.1,11.3,0.8,10.9,1499.2
44,40,1,10,3.7,0.8,0.4,0,0.4,3.7,0.3,3.5,483.6
54,40,1,6.5,2.2,0.4,0.3,0,0.1,2.2,0.3,2.1,292.9
55,40,1,8,3.5,0.9,0.1,0,0.3,3.5,0.5,3.1,400.7
56,40,1,13,5.6,1.5,0.2,0,0.5,5.6,0.8,5,651.1
57,40,0,32,14,4,0,2,0,12,2,9,1402
58,40,0,56,20,4,3,0,2,20,0,17,2330
59,40,1,19,8.2,2.2,0.3,0,0.7,8.2,1.2,7.3,951.6
60,40,1,1,0.4,0.1,0,0,0,0.4,0,0.3,42.2
62,40,1,2,0.8,0.2,0,0,0.1,0.8,0.1,0.6,84.4
64,40,1,8,3.2,0.7,0.1,0,0.3,3.2,0.3,2.5,337.5
65,40,1,19,7,1.2,1,0.1,1.1,6.9,1,5.5,822.2
66,40,1,18,6.6,1.1,0.9,0.1,1,6.5,0.9,5.2,778.9
67,40,1,3.5,1.3,0.2,0.2,0,0.2,1.3,0.2,1,151.4
68,40,1,12,4.4,0.7,0.6,0.1,0.7,4.3,0.6,3.5,519.3
71,40,0,82,36,14,3,20,6,16,10,10,2737
72,40,0,360.5,220,136,4,192,37,28,84,15,13109
73,40,1,11,4.7,1.4,0.2,0.6,1,4.1,0.4,3,409.4
74,40,1,10.5,4.5,1.3,0.2,0.6,0.9,3.9,0.4,2.8,390.8
75,40,0,250.5,131,66,8,98,34,33,42,12,9101
76,40,1,7,3.3,1,0,0,0,3.3,0,2.4,299.7
77,40,1,7,3.3,1,0,0,0,3.3,0,2.4,299.7
78,40,1,5,2.4,0.7,0,0,0,2.4,0,1.7,214.1
79,40,1,17,8,2.5,0,0,0,8,0,5.9,727.9
85,40,1,24.5,9.3,1.7,0.7,0.2,0.8,9.1,0.8,7.6,1007
86,40,0,65.5,31,13,2,2,0,29,5,24,2842
87,40,1,16.5,6.3,1.1,0.5,0.1,0.6,6.2,0.6,5.1,678.2
89,40,1,5,1.9,0.3,0.1,0,0.2,1.9,0.2,1.6,205.5
107,40,1,3,1.2,0.2,0.1,0,0,1.2,0.2,1,138.9
108,40,1,9,3.6,0.6,0.2,0,0.1,3.6,0.5,3,416.7
109,40,0,56,26,8,1,0,2,26,3,18,2249
110,40,1,19.5,7.2,0,0,0,1.5,7.2,0.5,6.7,851.3
120,40,1,10,5,2,0,0.6,0.5,4.4,0.8,4.3,527.7
125,40,1,1,0.4,0.1,0,0,0.1,0.4,0,0.3,44.4
127,40,1,23,9.3,1.9,0.6,0.6,2.5,8.7,0.6,6.8,1020.7
3,41,1,2,0.7,0.1,0,0,0,0.7,0,0.7,82
4,41,1,3,1.1,0.1,0.1,0,0.1,1.1,0.1,1,122.9
5,41,1,17.5,6.8,2,0.9,0.3,0.3,6.5,0.4,6.2,812.1
6,41,0,40.5,15,1,0,0,0,15,2,14,1947
9,41,0,47,21,5,0,5,1,16,2,19,2474
11,41,0,55,23,8,2,0,4,23,5,17,2376
12,41,1,4,1.5,0.4,0.2,0,0,1.5,0.2,1.2,169.1
14,41,1,13,4.9,1.2,0.6,0,0.1,4.9,0.5,4,549.7
15,41,0,34.5,14,6,2,0,0,14,1,12,1198
40,41,1,4,1.5,0.3,0.2,0,0.1,1.5,0.1,1.4,193.4
41,41,0,64,20,1,0,0,0,20,0,14,2471
42,41,1,21.5,7.9,1.6,0.9,0,0.8,7.9,0.5,7.5,1039.8
43,41,0,32,14,2,0,0,3,14,1,11,1840
44,41,1,26,9.5,2,1,0,0.9,9.5,0.7,9.1,1257.4
52,41,1,9,3.1,0.6,0.4,0,0.1,3.1,0.4,2.9,405.6
53,41,1,5,1.7,0.3,0.2,0,0.1,1.7,0.2,1.6,225.3
56,41,1,2,0.9,0.2,0,0,0.1,0.9,0.1,0.8,100.2
60,41,1,11,4.4,0.9,0.1,0,0.4,4.4,0.4,3.4,464
61,41,0,43,15,1,1,0,1,15,1,13,1519
62,41,1,10,4,0.8,0.1,0,0.4,4,0.4,3.1,421.9
63,41,1,13.5,5.4,1.1,0.1,0,0.5,5.4,0.5,4.1,569.5
64,41,0,42,14,2,1,0,0,14,2,12,1426
65,41,0,58.5,21,5,5,7,3,14,3,11,2281
66,41,0,75.5,34,11,1,6,2,28,2,26,3220
67,41,0,56,24,8,1,0,3,24,1,19,2457
68,41,0,120,53,13,3,2,9,51,13,33,4340
71,41,0,301.5,154,74,6,94,19,60,35,46,11337
72,41,0,236,110,39,3,34,19,76,21,50,9597
73,41,0,22,12,5,0,3,3,9,3,4,1030
75,41,0,153.5,86,41,0,69,15,17,20,14,5474
77,41,0,105,56,24,1,44,11,12,24,8,3790
78,41,1,2,0.9,0.3,0,0,0,0.9,0,0.7,85.6
79,41,0,43,21,7,0,0,2,21,4,18,2134
82,41,1,11,3.9,0.5,0.7,0,0.5,3.9,0.3,3.2,480.9
83,41,0,40,18,4,0,3,3,15,2,6,1626
84,41,1,12,4.2,0.6,0.7,0,0.6,4.2,0.3,3.5,524.7
85,41,0,56.5,25,9,3,0,4,25,5,20,2714
86,41,0,52,22,3,0,0,4,22,1,18,2371
89,41,1,4,1.5,0.3,0.1,0,0.1,1.5,0.1,1.2,164.4
108,41,1,15,6,1,0.4,0,0.2,6,0.8,5,694.4
109,41,0,58,20,2,1,0,1,20,1,18,2041
110,41,1,12,4.4,0,0,0,0.9,4.4,0.3,4.1,523.9
117,41,1,2,0.9,0.3,0.1,0,0.1,0.9,0.1,0.8,97.8
119,41,1,6,2.8,0.9,0.2,0,0.2,2.8,0.2,2.5,293.5
120,41,1,9,4.5,1.8,0,0.5,0.4,4,0.7,3.8,474.9
121,41,1,8.5,4.3,1.7,0,0.5,0.4,3.8,0.7,3.6,448.6
125,41,1,13,5.3,1.1,0.4,0.4,1.4,4.9,0.4,3.9,576.9
126,41,0,30,14,5,0,0,3,14,3,10,1161
127,41,0,115,50,20,6,0,6,50,8,29,4313
0,42,1,29,12.1,2.4,0.6,0,0.6,12.1,0,10.3,1520.1
6,42,0,36,15,2,1,0,1,15,1,14,1967
7,42,0,47,18,2,1,1,3,17,2,13,2032
8,42,0,39.5,21,9,0,1,1,20,1,17,2499
9,42,0,101.5,42,13,3,4,4,38,8,29,4188
10,42,0,37,14,3,1,0,2,14,1,13,1780
11,42,0,42.5,14,0,1,0,2,14,1,10,1540
12,42,1,21,8.5,2,0.6,0.2,0.6,8.3,1.5,8.3,1037.5
13,42,1,9,3.6,0.9,0.2,0.1,0.2,3.5,0.6,3.6,444.6
14,42,1,14,5.6,1.4,0.4,0.1,0.4,5.5,1,5.5,691.6
15,42,0,47,25,12,1,0,0,25,5,23,2198
17,42,1,3,1.1,0.1,0,0,0.1,1.1,0,1,121
19,42,1,2,0.8,0.1,0,0,0.1,0.8,0,0.6,80.7
37,42,1,1,0.4,0.1,0,0,0,0.4,0,0.3,49.7
38,42,1,2,0.7,0.1,0,0,0,0.7,0,0.7,99.4
41,42,0,39,13,1,2,0,1,13,0,13,1646
43,42,1,1,0.4,0.1,0,0,0,0.4,0,0.4,52.9
44,42,1,9,3.9,0.8,0,0,0,3.9,0.2,3.5,475.8
48,42,1,6.5,2.9,0.6,0,0,0.3,2.9,0.3,2.9,355.2
49,42,0,43,18,3,1,0,5,18,3,8,1814
50,42,1,4,1.3,0.1,0,0,0.1,1.3,0,1,169.7
53,42,0,33,12,2,2,0,1,12,2,11,1377
54,42,1,9,2.9,0.3,0,0,0.2,2.9,0,2.3,381.7
60,42,1,5,1.7,0.3,0.3,0.1,0,1.6,0.1,1.5,201.3
61,42,1,10,3.4,0.6,0.6,0.2,0,3.2,0.2,2.9,402.7
64,42,1,27,9.1,1.5,1.5,0.4,0,8.7,0.7,7.8,1087.2
65,42,0,50,20,7,1,0,4,20,2,15,1526
66,42,0,38,19,7,0,0,0,19,1,17,1828
67,42,0,55,22,4,2,0,4,22,4,16,2259
68,42,0,47.5,17,3,1,0,2,17,0,16,1671
69,42,0,36,18,6,1,1,0,17,1,13,1664
70,42,0,231,118,47,3,88,25,30,32,23,8637
71,42,0,113.5,58,27,3,26,8,32,14,25,4658
72,42,0,192.5,90,38,2,25,15,65,16,42,8034
73,42,0,227.5,115,54,5,50,19,65,29,33,8401
74,42,0,304,164,77,6,111,26,53,25,40,12241
75,42,0,137,84,48,0,68,10,16,13,26,6551
76,42,0,35,14,4,1,2,0,12,1,5,1324
77,42,0,157.5,76,30,3,27,8,49,17,37,5967
78,42,0,106,49,20,3,3,4,46,12,37,4437
79,42,0,149,70,27,3,9,4,61,8,44,5430
80,42,0,72,42,25,1,23,3,19,7,15,3119
81,42,0,38,15,4,2,0,3,15,1,11,1642
82,42,0,27.5,13,2,0,0,1,13,0,12,1553
83,42,1,9,3.9,1.4,0.3,0,0.2,3.9,0.6,3.3,451.3
84,42,1,5,2.2,0.8,0.2,0,0.1,2.2,0.4,1.8,250.7
85,42,1,2,0.7,0.1,0.1,0,0,0.7,0.1,0.6,93.9
86,42,0,30,16,4,0,0,4,16,2,13,1723
87,42,0,32,14,3,1,0,2,14,1,13,1819
88,42,1,7,2.6,0.5,0.2,0,0.1,2.6,0.3,2.2,328.6
105,42,1,5,1.9,0.4,0.1,0,0.2,1.9,0.1,1.6,220.4
106,42,1,23,8.9,1.7,0.7,0,1,8.9,0.5,7.2,1013.8
107,42,1,5,1.9,0.4,0.1,0,0.2,1.9,0.1,1.6,220.4
108,42,1,27.5,10.6,2,0.8,0,1.2,10.6,0.6,8.6,1212.2
109,42,1,1,0.4,0.1,0,0,0,0.4,0,0.3,44.1
110,42,1,6,2.4,0.5,0.2,0.1,0.2,2.3,0.3,2,262.9
111,42,1,6,2.4,0.5,0.2,0.1,0.2,2.3,0.3,2,262.9
114,42,1,5,2,0.4,0.2,0.1,0.2,1.9,0.2,1.7,219.1
115,42,1,20,7.1,1,0.5,0,0.5,7.1,0.5,7.1,763.3
116,42,0,209,70,19,14,0,13,70,27,28,6288
117,42,0,41,13,2,2,0,4,13,5,4,988
124,42,1,12,4.9,0.9,0,0,0.6,4.9,0.9,0.9,398.5
125,42,0,80,28,8,5,0,3,28,8,20,2577
126,42,0,106.5,46,18,5,3,4,43,9,31,4267
127,42,0,130.5,60,25,4,4,6,56,14,35,4903
6,43,1,16,5.7,0.9,0.9,0,0.6,5.7,0.7,5.1,709.5
7,43,0,52.5,20,5,4,0,2,20,2,9,2075
8,43,0,28,13,4,0,2,1,11,1,10,1317
9,43,1,18,6.4,1,1,0,0.6,6.4,0.8,5.8,798.2
10,43,1,4,1.6,0.4,0.1,0,0.1,1.6,0.3,1.6,197.6
13,43,1,3,1.2,0.3,0.1,0,0.1,1.2,0.2,1.2,148.2
15,43,1,9,3.4,0.3,0.1,0,0.3,3.4,0,2.9,363
16,43,1,4,1.5,0.1,0.1,0,0.1,1.5,0,1.3,161.3
37,43,1,5,1.8,0.3,0.1,0,0.1,1.8,0,1.7,248.4
38,43,1,18,6.4,1.3,0.3,0,0.3,6.4,0.2,6,894.3
39,43,0,50.5,15,3,2,0,2,15,3,14,2102
40,43,1,8,3.5,0.7,0,0,0,3.5,0.2,3.1,422.9
41,43,1,15,6.5,1.4,0,0,0,6.5,0.3,5.8,793
42,43,1,1,0.4,0.1,0,0,0,0.4,0,0.4,52.9
48,43,1,13,5.8,1.3,0,0,0.5,5.8,0.5,5.8,710.3
49,43,0,43.5,15,3,2,0,2,15,3,13,1826
50,43,0,27,12,1,1,0,1,12,1,11,1160
51,43,0,35,12,2,2,0,0,12,0,12,1357
52,43,0,45.5,20,4,0,0,2,20,0,19,2169
53,43,0,68,24,3,1,0,1,24,4,24,2905
54,43,0,41,17,2,1,0,1,17,0,10,2005
58,43,1,2,0.6,0.1,0.1,0,0.1,0.6,0.2,0.6,81.4
59,43,1,6,1.9,0.2,0.2,0,0.2,1.9,0.6,1.9,244.1
60,43,1,4,1.4,0.2,0.2,0.1,0,1.3,0.1,1.2,161.1
64,43,1,1,0.3,0.1,0.1,0,0,0.3,0,0.3,40.3
65,43,1,3,1.1,0.2,0.1,0,0.1,1.1,0.1,1.1,143
69,43,1,3,1.1,0.2,0.1,0,0.1,1.1,0.1,1.1,143
70,43,1,21,8.4,1.6,0.5,0.3,1.1,8.1,0.5,7.6,983.6
71,43,0,68,34,16,3,3,1,31,6,16,2970
72,43,0,39,20,6,0,0,3,20,4,13,1980
73,43,0,121,72,41,2,47,8,25,14,17,4658
74,43,0,167,112,73,1,81,13,31,30,23,7580
75,43,0,54,34,20,0,24,8,10,6,7,2369
76,43,0,197,92,41,6,62,17,30,36,24,7043
77,43,0,484,195,66,19,171,58,24,98,15,12702
78,43,0,133.5,50,13,4,0,8,50,5,44,4683
79,43,1,22,7.8,1,1,0,1,7.8,0.8,5.3,943.9
80,43,0,37,18,7,1,5,2,13,2,12,1587
81,43,1,20,8.7,3,0.7,0,0.5,8.7,1.4,7.3,1002.8
82,43,0,54,25,8,0,0,0,25,3,18,2367
83,43,1,4.5,1.9,0.7,0.2,0,0.1,1.9,0.3,1.6,225.6
87,43,1,28,10.4,1.8,0.7,0,0.4,10.4,1.1,8.9,1314.3
88,43,1,2,0.7,0.1,0.1,0,0,0.7,0.1,0.6,93.9
106,43,0,66,28,8,1,0,4,28,2,25,2988
107,43,0,55.5,22,4,3,0,4,22,7,17,2243
108,43,0,34,16,5,1,0,0,16,3,13,1823
110,43,1,7,2.7,0.6,0.2,0.1,0.2,2.6,0.3,2.4,306.7
111,43,1,3,1.2,0.3,0.1,0,0.1,1.2,0.1,1,131.5
112,43,1,2,0.8,0.2,0.1,0,0.1,0.8,0.1,0.7,87.6
113,43,1,15,5.9,1.3,0.5,0.2,0.5,5.7,0.7,5,657.3
114,43,0,49.5,17,2,1,0,3,17,0,15,2042
115,43,1,22,7.9,1,0.5,0,0.5,7.9,0.5,7.9,839.7
116,43,0,39,13,1,2,0,1,13,6,5,1001
122,43,1,27,11.1,2.1,0,0,1.4,11.1,2.1,2.1,896.5
123,43,0,123,41,5,6,0,10,41,13,3,3592
124,43,0,138,54,20,8,1,9,53,15,22,4800
125,43,0,164.5,64,18,9,6,12,58,19,42,6606
126,43,0,147.5,47,16,10,7,5,40,20,19,4383
127,43,0,134,47,10,7,11,12,36,19,18,4326
7,44,0,55.5,21,3,1,0,4,21,2,13,1962
8,44,1,2,0.7,0.1,0.1,0,0.1,0.7,0.1,0.6,88.7
9,44,1,2,0.7,0.1,0.1,0,0.1,0.7,0.1,0.6,88.7
10,44,1,10,4,1,0.3,0.1,0.3,3.9,0.7,3.9,494
12,44,1,5,2,0.5,0.1,0,0.1,2,0.4,2,247
15,44,1,12,4.6,0.4,0.2,0,0.4,4.6,0,3.8,484
18,44,1,5,1.9,0.2,0.1,0,0.2,1.9,0,1.6,201.7
22,44,1,7,2.9,0.9,0.1,0,0.1,2.9,0.3,2.7,341.9
37,44,1,4,1.4,0.3,0.1,0,0.1,1.4,0,1.3,198.7
38,44,1,16,5.7,1.1,0.3,0,0.3,5.7,0.1,5.3,795
39,44,0,107,30,0,7,0,1,30,0,30,3615
40,44,0,79,28,3,1,0,5,28,3,27,3457
41,44,1,2,0.9,0.2,0,0,0,0.9,0,0.8,105.7
48,44,1,2,0.9,0.2,0,0,0.1,0.9,0.1,0.9,109.3
50,44,0,66.5,28,8,1,4,3,24,2,22,3045
51,44,0,54,21,4,2,0,2,21,2,18,2252
52,44,0,53,20,5,2,0,1,20,2,16,2309
54,44,1,19,6.2,0.7,0,0,0.3,6.2,0,4.9,805.9
55,44,1,2,0.6,0.1,0.1,0,0.1,0.6,0.2,0.6,81.4
57,44,1,13,4.2,0.5,0.5,0,0.4,4.2,1.2,4,529
58,44,1,1,0.3,0,0,0,0,0.3,0.1,0.3,40.7
59,44,1,23,7.5,0.9,0.9,0,0.6,7.5,2.2,7.1,935.9
62,44,1,5,1.7,0.3,0.3,0.1,0,1.6,0.1,1.5,201.3
63,44,1,13,4.4,0.7,0.7,0.2,0,4.2,0.3,3.8,523.5
64,44,1,10,3.4,0.6,0.6,0.2,0,3.2,0.2,2.9,402.7
65,44,0,36.5,14,3,1,0,1,14,2,13,1580
66,44,1,31,11.8,2.3,1.1,0,0.6,11.8,1.1,11.3,1477.9
70,44,0,100,47,9,0,0,8,47,1,33,4365
71,44,0,73.5,34,14,2,0,5,34,2,25,2930
72,44,1,5,2,0.4,0.1,0.1,0.3,1.9,0.1,1.8,234.2
73,44,1,20,8,1.5,0.5,0.3,1,7.7,0.5,7.2,936.8
74,44,0,116,62,34,2,30,6,32,13,28,5081
75,44,0,94,47,18,1,13,4,34,7,27,5892
76,44,0,53,26,14,1,9,3,17,4,8,2033
77,44,0,177.5,75,15,6,5,13,70,5,59,8027
78,44,1,20,7.1,0.9,0.9,0,0.9,7.1,0.7,4.8,858.1
79,44,1,13,4.6,0.6,0.6,0,0.6,4.6,0.4,3.1,557.7
80,44,1,6,2.6,0.9,0.2,0,0.1,2.6,0.4,2.2,300.8
84,44,1,4,1.7,0.6,0.1,0,0.1,1.7,0.3,1.5,200.6
87,44,1,9,3.3,0.6,0.2,0,0.1,3.3,0.4,2.9,422.4
105,44,1,24,9.3,1.7,0.7,0,1,9.3,0.5,7.5,1057.9
106,44,0,43,19,4,0,0,3,19,4,16,1927
107,44,0,37,20,8,0,2,1,18,2,16,2358
108,44,0,64,30,12,0,3,6,27,4,20,2953
109,44,0,43,15,3,2,0,2,15,1,13,1442
110,44,0,45,17,3,2,0,1,17,0,11,2101
111,44,1,22,8.6,1.9,0.7,0.3,0.7,8.3,1.1,7.4,964
112,44,1,28,11,2.4,0.9,0.4,0.9,10.6,1.4,9.4,1226.9
113,44,1,20.5,8,1.8,0.6,0.2,0.6,7.8,1,6.9,898.3
114,44,1,22.5,8.8,2,0.7,0.3,0.7,8.5,1.1,7.6,985.9
122,44,0,58,20,8,4,0,1,20,5,6,1871
123,44,0,169.5,60,15,11,0,12,60,19,13,5331
124,44,0,171.5,90,48,5,62,14,28,32,14,6439
125,44,0,76.5,31,12,3,16,5,15,4,13,2551
127,44,0,53,18,3,3,2,2,16,6,9,1922
4,45,1,2,0.8,0.2,0,0,0,0.8,0,0.7,104.8
5,45,1,7,2.5,0.4,0.4,0,0.2,2.5,0.3,2.3,310.4
6,45,1,7,2.5,0.4,0.4,0,0.2,2.5,0.3,2.3,310.4
7,45,0,27,11,2,1,0,0,11,1,6,1236
9,45,1,7,2.5,0.4,0.4,0,0.2,2.5,0.3,2.3,310.4
10,45,1,14,5.6,1.4,0.4,0.1,0.4,5.5,1,5.5,691.6
12,45,1,6,2.4,0.6,0.2,0,0.2,2.4,0.4,2.4,296.4
13,45,1,2,0.8,0.2,0.1,0,0.1,0.8,0.1,0.8,98.8
14,45,1,13,5.2,1.3,0.3,0.1,0.3,5.1,0.9,5.1,642.2
15,45,0,33.5,11,1,2,0,1,11,0,10,1241
16,45,1,2,0.8,0.1,0,0,0.1,0.8,0,0.6,80.7
19,45,1,2,0.8,0.1,0,0,0.1,0.8,0,0.6,80.7
21,45,1,20,8.3,2.5,0.3,0,0.3,8.3,0.9,7.7,976.9
22,45,1,3,1.2,0.4,0,0,0,1.2,0.1,1.2,146.5
26,45,1,4,1.7,0.5,0.1,0,0.1,1.7,0.2,1.5,195.4
36,45,1,7.5,2.7,0.5,0.1,0,0.1,2.7,0.1,2.5,372.6
37,45,1,6,2.1,0.4,0.1,0,0.1,2.1,0.1,2,298.1
38,45,1,22,7.9,1.5,0.4,0,0.4,7.9,0.2,7.3,1093.1
39,45,0,65,22,4,2,0,0,22,0,20,2981
40,45,0,28,12,3,0,0,0,12,0,10,1515
41,45,1,3,1.3,0.3,0,0,0,1.3,0.1,1.2,158.6
48,45,1,10,4.5,1,0,0,0.4,4.5,0.4,4.5,546.4
49,45,1,20,8.9,1.9,0,0,0.8,8.9,0.8,8.9,1092.8
50,45,0,24,11,3,0,0,0,11,1,11,1320
51,45,0,53,20,3,2,0,2,20,1,19,2447
52,45,0,51.5,17,2,1,0,0,17,1,16,1779
53,45,1,7,2.3,0.2,0,0,0.1,2.3,0,1.8,296.9
56,45,1,17,5.5,0.7,0.7,0,0.5,5.5,1.6,5.3,691.7
57,45,1,10,3.2,0.4,0.4,0,0.3,3.2,0.9,3.1,406.9
60,45,1,2,0.7,0.1,0.1,0,0,0.7,0,0.6,80.5
61,45,1,7,2.4,0.4,0.4,0.1,0,2.3,0.2,2,281.9
64,45,1,2,0.7,0.1,0.1,0,0,0.7,0,0.6,80.5
65,45,1,2,0.8,0.1,0.1,0,0,0.8,0.1,0.7,95.3
66,45,1,14,5.3,1,0.5,0,0.3,5.3,0.5,5.1,667.4
67,45,0,81,31,6,4,0,2,31,4,28,2857
68,45,0,77,32,9,1,0,2,32,5,29,3150
69,45,0,74,38,17,2,0,2,38,4,31,3487
70,45,1,18.5,7.4,1.4,0.5,0.2,1,7.2,0.5,6.7,866.5
72,45,1,6,2.4,0.5,0.2,0.1,0.3,2.3,0.2,2.2,281
73,45,0,40,15,3,1,0,1,15,0,14,1477
74,45,0,238,107,40,8,20,16,87,17,58,9312
75,45,0,104.5,47,11,1,13,6,34,10,26,4467
76,45,0,360.5,162,62,14,152,44,10,68,1,12110
77,45,0,491.5,216,79,23,140,57,76,80,27,16815
78,45,0,97.5,36,8,4,0,1,36,2,34,3590
79,45,1,10,3.5,0.5,0.5,0,0.5,3.5,0.3,2.4,429
81,45,1,7,3,1.1,0.2,0,0.2,3,0.5,2.5,351
83,45,1,8,3.5,1.2,0.3,0,0.2,3.5,0.6,2.9,401.1
84,45,1,2,0.9,0.3,0.1,0,0,0.9,0.1,0.7,100.3
85,45,1,14.5,5.4,0.9,0.4,0,0.2,5.4,0.6,4.6,680.6
86,45,1,5,1.9,0.3,0.1,0,0.1,1.9,0.2,1.6,234.7
104,45,1,44,17.2,3.7,2.2,0,3.7,17.2,0.7,16.4,1801
105,45,0,30.5,12,2,0,0,1,12,1,11,1153
106,45,1,10,3.9,0.7,0.3,0,0.4,3.9,0.2,3.1,440.8
107,45,1,1,0.4,0.1,0,0,0,0.4,0,0.3,44.1
108,45,1,21,8.1,1.5,0.6,0,0.9,8.1,0.5,6.6,925.7
109,45,0,28,15,7,0,0,1,15,3,14,1758
110,45,1,7,2.7,0.6,0.2,0.1,0.2,2.6,0.3,2.4,306.7
121,45,0,35,14,4,2,0,0,14,5,13,1245
122,45,0,70,25,5,4,0,2,25,3,22,2987
123,45,0,38,20,8,1,1,4,19,5,15,2025
124,45,0,231.5,94,38,10,20,15,74,30,37,7977
125,45,0,61,20,4,6,0,2,20,6,14,1759
126,45,1,8,2.6,0.4,0.4,0.8,0.7,1.8,0.8,1.4,267.8
127,45,1,22,7.2,1.1,1.1,2.2,1.8,5,2.2,4,736.5
6,46,1,2,0.7,0.1,0.1,0,0.1,0.7,0.1,0.6,88.7
7,46,1,8,2.9,0.5,0.5,0,0.3,2.9,0.4,2.6,354.8
8,46,1,18,6.4,1,1,0,0.6,6.4,0.8,5.8,798.2
10,46,1,11,4.4,1.1,0.3,0.1,0.3,4.3,0.8,4.3,543.4
11,46,1,2,0.8,0.2,0.1,0,0.1,0.8,0.1,0.8,98.8
15,46,1,24,9.1,0.8,0.4,0,0.8,9.1,0,7.6,968
16,46,0,38,14,2,1,0,3,14,2,12,1288
21,46,1,13,5.4,1.6,0.2,0,0.2,5.4,0.6,5,635
22,46,1,5,2.1,0.6,0.1,0,0.1,2.1,0.2,1.9,244.2
27,46,1,13,5.4,1.6,0.2,0,0.2,5.4,0.6,5,635
33,46,1,2,0.8,0.1,0,0,0.1,0.8,0.1,0.7,82.1
34,46,1,14,5.5,0.9,0.2,0.3,0.7,5.2,0.4,4.7,574.6
36,46,1,3,1.1,0.2,0.1,0,0.1,1.1,0,1,149.1
38,46,1,2,0.7,0.1,0,0,0,0.7,0,0.7,99.4
39,46,1,28,10,2,0.5,0,0.5,10,0.2,9.3,1391.2
40,46,1,5,2.2,0.5,0,0,0,2.2,0.1,1.9,264.3
50,46,1,19,6.2,0.7,0,0,0.3,6.2,0,4.9,805.9
51,46,0,43,15,1,0,0,1,15,0,13,1629
52,46,0,79.5,32,8,2,0,3,32,2,27,3309
53,46,0,63,22,2,1,0,3,22,1,18,2222
60,46,1,3,1,0.2,0.2,0,0,1,0.1,0.9,120.8
61,46,1,10,3.4,0.6,0.6,0.2,0,3.2,0.2,2.9,402.7
63,46,1,16,5.4,0.9,0.9,0.2,0,5.2,0.4,4.6,644.3
64,46,1,9,3,0.5,0.5,0.1,0,2.9,0.2,2.6,362.4
68,46,1,2,0.8,0.1,0.1,0,0,0.8,0.1,0.7,95.3
69,46,0,46.5,20,3,1,0,4,20,2,18,1982
70,46,1,4,1.6,0.3,0.1,0.1,0.2,1.5,0.1,1.4,187.4
72,46,1,3,1.2,0.2,0.1,0,0.2,1.2,0.1,1.1,140.5
73,46,0,111.5,52,14,3,0,7,52,2,43,4686
74,46,0,126.5,52,14,3,2,6,50,5,41,4374
75,46,0,62,25,6,2,3,2,22,1,18,2338
76,46,0,537,250,103,14,209,57,41,102,33,18539
77,46,1,22.5,8,1,1,0,1,8,0.8,5.4,965.3
81,46,1,20,8.7,3,0.7,0,0.5,8.7,1.4,7.3,1002.8
85,46,1,12,4.5,0.8,0.3,0,0.2,4.5,0.5,3.8,563.3
86,46,1,13,4.8,0.8,0.3,0,0.2,4.8,0.5,4.1,610.2
87,46,1,12,4.5,0.8,0.3,0,0.2,4.5,0.5,3.8,563.3
88,46,1,12,4.5,0.8,0.3,0,0.2,4.5,0.5,3.8,563.3
89,46,1,13.5,5,0.9,0.4,0,0.2,5,0.5,4.3,633.7
100,46,1,2,0.8,0.2,0.1,0,0.2,0.8,0,0.7,81.9
101,46,1,3,1.2,0.3,0.2,0,0.3,1.2,0.1,1.1,122.8
102,46,1,4,1.6,0.3,0.2,0,0.3,1.6,0.1,1.5,163.7
103,46,0,47.5,18,4,2,0,3,18,1,14,1779
104,46,1,6,2.3,0.5,0.3,0,0.5,2.3,0.1,2.2,245.6
105,46,1,2,0.8,0.1,0.1,0,0.1,0.8,0,0.6,88.2
109,46,1,18,6.9,1.3,0.5,0,0.8,6.9,0.4,5.6,793.4
110,46,1,16.5,6.5,1.4,0.5,0.2,0.5,6.3,0.8,5.6,723
120,46,0,82,30,9,5,0,4,30,7,15,2393
121,46,0,77,29,4,3,1,0,28,7,23,2637
122,46,0,70,23,5,4,2,1,21,4,20,2321
123,46,0,145,61,22,6,0,7,61,17,44,5569
124,46,0,46,23,10,1,10,4,13,6,9,2094
125,46,0,86,33,10,3,0,2,33,10,19,2622
126,46,0,40,19,8,2,0,2,19,4,17,1466
127,46,0,43,15,2,3,0,2,15,3,14,1859
0,47,1,5,1.8,0.2,0.2,0,0,1.8,0,1.8,215.8
8,47,1,4,1.7,0.3,0.1,0,0.1,1.7,0,1.4,209.7
9,47,1,8,3.3,0.7,0.2,0,0.2,3.3,0,2.8,419.3
10,47,1,12,5.4,1.7,0.3,0,0.9,5.4,1.1,4,532.3
15,47,1,8.5,3.5,0.7,0.2,0,0.2,3.5,0.7,2.6,352.9
16,47,0,68,23,4,3,0,3,23,1,18,2470
17,47,0,53,25,6,1,1,4,24,1,23,2604
18,47,1,7,2.9,0.6,0.2,0,0.2,2.9,0.6,2.2,290.6
19,47,1,2,0.8,0.2,0,0,0,0.8,0.2,0.6,83
20,47,0,32,14,2,0,0,2,14,0,11,1554
21,47,0,55,18,2,2,0,0,18,0,16,1856
27,47,1,10,3.5,0.4,0.4,0,0.4,3.5,0.2,3.2,471.5
28,47,0,26,11,2,0,0,0,11,0,9,1320
32,47,1,9,3.5,0.6,0.2,0.2,0.5,3.3,0.2,3,369.4
33,47,1,19,7.4,1.2,0.3,0.3,1,7.1,0.5,6.4,779.8
37,47,1,9,3.2,0.4,0.4,0,0.3,3.2,0.3,2.8,346.6
38,47,0,31,12,3,2,0,0,12,1,11,1534
39,47,1,1,0.4,0,0,0,0,0.4,0,0.3,38.5
40,47,1,3,1.1,0.2,0.1,0,0,1.1,0.1,0.8,141
46,47,0,40,15,2,2,0,2,15,1,10,1505
47,47,1,3,1,0.2,0.2,0,0.1,1,0.1,0.9,119.8
52,47,1,19.5,8.4,2.2,0.2,0,0.7,8.4,0.5,7.9,983.9
53,47,1,9,3.9,1,0.1,0,0.3,3.9,0.2,3.6,454.1
59,47,1,4,1.5,0.5,0.1,0,0.1,1.5,0,1.5,181
62,47,1,2,0.7,0.1,0.1,0,0.1,0.7,0.1,0.6,76.4
63,47,1,36,12.6,2.4,1.8,0,1.8,12.6,2.4,10.2,1374.6
64,47,1,3,1,0.2,0.2,0,0.2,1,0.2,0.9,114.6
68,47,1,11,4.4,0.4,0.2,0,0,4.4,0.4,3.9,520.7
69,47,0,52,20,4,2,0,1,20,0,20,1907
73,47,0,80,30,6,3,0,0,30,1,27,3077
74,47,0,69,29,8,1,0,2,29,0,26,2620
75,47,0,50,22,7,2,0,2,22,1,17,2213
87,47,1,5,1.9,0.3,0.1,0,0.1,1.9,0.2,1.6,234.7
89,47,1,9.5,3.5,0.6,0.2,0,0.1,3.5,0.4,3,445.9
90,47,1,2,0.9,0.2,0,0,0.1,0.9,0,0.8,97.8
96,47,1,3,1,0.1,0.1,0,0.1,1,0.1,0.9,124.4
97,47,1,4,1.3,0.1,0.1,0,0.2,1.3,0.1,1.2,165.9
98,47,1,21,7.1,0.6,0.8,0,0.9,7.1,0.5,6.2,871.1
99,47,1,7,2.4,0.2,0.3,0,0.3,2.4,0.2,2.1,290.4
101,47,1,3,1.2,0.3,0.1,0,0.1,1.2,0.1,1.1,127.4
102,47,1,1,0.4,0.1,0,0,0,0.4,0,0.4,42.5
107,47,1,7,2.8,0.8,0.2,0.3,0,2.5,0.2,2,317.1
108,47,0,42,14,1,1,0,1,14,1,14,1574
109,47,1,11,4.4,1.3,0.3,0.5,0,3.9,0.3,3.1,498.2
110,47,0,63,25,7,3,0,5,25,9,4,2171
119,47,1,14,4.7,0.7,0.5,0.2,0.3,4.5,0.5,3.7,466.7
120,47,0,98,48,23,3,1,5,47,11,19,3297
121,47,0,83.5,38,17,2,0,3,38,8,28,3495
122,47,1,28,10.9,3.9,1.8,0.4,0.8,10.5,1.6,6,1001
123,47,0,51,24,10,2,0,3,24,4,11,2118
124,47,1,20,7.8,2.8,1.3,0.3,0.6,7.5,1.1,4.3,715
125,47,0,121,53,16,4,12,8,41,13,22,4581
126,47,1,11.5,4.5,1.3,0.6,0,0.8,4.5,1.3,2.6,423.4
127,47,0,38,16,3,1,0,1,16,2,13,1615
8,48,1,3,1.2,0.2,0.1,0,0.1,1.2,0,1.1,157.2
9,48,1,2,0.8,0.2,0,0,0,0.8,0,0.7,104.8
14,48,1,4,1.8,0.6,0.1,0,0.3,1.8,0.4,1.3,177.4
15,48,1,16,6.6,1.4,0.4,0,0.4,6.6,1.3,5,664.2
17,48,1,20,8.3,1.8,0.5,0,0.5,8.3,1.6,6.2,830.3
18,48,0,44,16,2,2,1,1,15,0,12,1784
19,48,0,54.5,21,5,3,0,2,21,4,20,2313
20,48,0,53,23,5,0,0,1,23,2,21,2677
21,48,1,8,2.9,0.1,0.3,0,0.5,2.9,0,2.6,378.5
27,48,1,6,2.1,0.2,0.2,0,0.2,2.1,0.1,1.9,282.9
28,48,0,31.5,13,4,2,0,2,13,1,12,1516
32,48,1,4,1.6,0.2,0.1,0.1,0.2,1.5,0.1,1.3,164.2
38,48,1,20,7.1,0.9,0.9,0,0.7,7.1,0.7,6.2,770.2
39,48,1,17,6,0.8,0.8,0,0.6,6,0.6,5.3,654.7
45,48,1,2,0.7,0.1,0.1,0,0,0.7,0.1,0.6,79.9
46,48,0,49.5,21,4,0,0,4,21,4,18,1991
53,48,1,4,1.7,0.4,0,0,0.1,1.7,0.1,1.6,201.8
62,48,1,7,2.5,0.5,0.3,0,0.3,2.5,0.5,2,267.3
64,48,1,8,2.8,0.5,0.4,0,0.4,2.8,0.5,2.3,305.5
65,48,1,8,3.2,0.3,0.1,0,0,3.2,0.3,2.8,378.7
67,48,1,4,1.6,0.1,0.1,0,0,1.6,0.1,1.4,189.3
68,48,0,82.5,40,16,0,0,3,40,4,33,3369
69,48,1,4,1.6,0.1,0.1,0,0,1.6,0.1,1.4,189.3
70,48,1,7,2.6,0.6,0.2,0,0.2,2.6,0.2,2.3,336.4
72,48,0,39,16,4,0,2,2,14,2,11,1700
73,48,1,11,4.1,0.9,0.3,0,0.3,4.1,0.4,3.6,528.7
74,48,1,7,2.6,0.6,0.2,0,0.2,2.6,0.2,2.3,336.4
75,48,1,50.5,23,5.7,0,0,2.5,23,2.5,14,2113.6
79,48,1,2,0.9,0.2,0,0,0.1,0.9,0.1,0.6,83.7
96,48,1,2,0.7,0.1,0.1,0,0.1,0.7,0,0.6,83
97,48,1,12,4,0.4,0.4,0,0.5,4,0.3,3.5,497.8
98,48,1,2,0.7,0.1,0.1,0,0.1,0.7,0,0.6,83
102,48,1,6,2.4,0.6,0.1,0,0.2,2.4,0.2,2.1,254.8
105,48,1,3,1.2,0.3,0.1,0.1,0,1.1,0.1,0.9,135.9
106,48,1,18,7.2,2.1,0.6,0.8,0,6.4,0.6,5.1,815.3
107,48,1,33,13.2,3.8,1,1.4,0,11.8,1,9.4,1494.7
108,48,1,3,1.2,0.3,0.1,0.1,0,1.1,0.1,0.9,135.9
113,48,1,2,0.8,0.1,0,0,0.1,0.8,0,0.7,93.8
118,48,1,8,2.7,0.4,0.3,0.1,0.2,2.6,0.3,2.1,266.7
119,48,0,94.5,41,14,3,2,5,39,14,24,3435
120,48,0,111,65,37,2,0,10,65,29,22,4512
121,48,0,196,86,27,4,0,26,86,33,13,6384
122,48,0,35,13,2,1,0,0,13,1,11,1354
123,48,0,26,13,7,0,3,1,10,4,9,1097
124,48,0,86,46,23,3,42,13,4,10,2,3108
125,48,0,140,51,11,5,2,7,49,10,37,4982
126,48,0,41,16,3,1,2,0,14,3,13,1435
127,48,0,33,14,4,0,0,1,14,3,10,1370
0,49,1,15,5.3,0.6,0.6,0,0,5.3,0,5.3,647.5
14,49,1,1,0.5,0.1,0,0,0.1,0.5,0.1,0.3,44.4
15,49,1,3,1.2,0.3,0.1,0,0.1,1.2,0.2,0.9,124.5
19,49,1,24,9.9,2.1,0.6,0,0.6,9.9,1.9,7.5,996.3
20,49,0,61,22,4,1,0,2,22,2,19,2544
27,49,0,33,13,2,1,0,0,13,0,12,1599
28,49,0,33,14,3,1,0,1,14,4,13,1373
31,49,1,8,3.1,0.5,0.1,0.1,0.4,3,0.2,2.7,328.4
32,49,1,2,0.8,0.1,0,0,0.1,0.8,0.1,0.7,82.1
38,49,1,8,2.8,0.4,0.4,0,0.3,2.8,0.3,2.5,308.1
41,49,1,4,1.5,0.3,0.1,0,0,1.5,0.1,1.1,188
44,49,1,19,7.1,1.3,0.3,0,0,7.1,0.6,5.2,893
45,49,0,44.5,18,6,1,0,2,18,4,17,2340
46,49,1,26,8.7,1.5,1.5,0.3,0.6,8.4,0.9,7.5,1038.5
47,49,1,7.5,2.5,0.4,0.4,0.1,0.2,2.4,0.3,2.2,299.6
50,49,1,4,1.7,0.4,0,0,0.1,1.7,0.1,1.6,201.8
52,49,1,4,1.7,0.4,0,0,0.1,1.7,0.1,1.6,201.8
53,49,1,6,2.6,0.7,0.1,0,0.2,2.6,0.1,2.4,302.7
54,49,1,4,1.7,0.4,0,0,0.1,1.7,0.1,1.6,201.8
55,49,1,8,3.1,1,0.3,0,0.3,3.1,0,3.1,362.1
61,49,1,2,0.7,0.1,0.1,0,0.1,0.7,0.1,0.6,76.4
66,49,1,12,4.8,0.4,0.2,0,0,4.8,0.4,4.2,568
67,49,0,74,27,5,3,0,0,27,0,25,2948
68,49,0,23,11,2,0,0,1,11,2,8,1073
71,49,1,23,8.6,2,0.6,0,0.6,8.6,0.8,7.4,1105.4
72,49,1,18,6.7,1.5,0.5,0,0.5,6.7,0.6,5.8,865.1
74,49,1,9,3.4,0.8,0.2,0,0.2,3.4,0.3,2.9,432.5
94,49,1,2,0.9,0.2,0,0,0.1,0.9,0,0.8,97.8
95,49,1,19,6.4,0.6,0.7,0,0.8,6.4,0.5,5.6,788.1
96,49,1,11,3.7,0.3,0.4,0,0.5,3.7,0.3,3.2,456.3
97,49,0,37.5,15,1,0,0,5,15,0,9,1841
102,49,0,36,12,0,0,0,0,12,0,11,1440
103,49,1,24.5,9.7,2.3,0.6,0,0.9,9.7,0.9,8.6,1040.5
106,49,1,14,5.6,1.6,0.4,0.6,0,5,0.4,4,634.1
116,49,1,9,3,0.5,0.3,0.1,0.2,2.9,0.3,2.4,300
117,49,0,25,13,6,1,0,0,13,4,8,1030
118,49,0,120,45,9,5,0,6,45,11,27,4065
119,49,0,35,17,7,1,0,1,17,6,8,1235
120,49,0,75,55,42,0,0,1,55,28,0,2293
121,49,0,79,41,15,1,0,4,41,8,33,3734
122,49,0,152,89,49,2,48,11,41,24,23,6385
123,49,1,35,13.7,4.9,2.2,0.5,1,13.2,2,7.6,1251.2
124,49,1,13,5.1,1.8,0.8,0.2,0.4,4.9,0.7,2.8,464.7
125,49,0,50,28,13,0,9,2,19,3,12,2272
126,49,0,65.5,31,12,2,0,3,31,2,27,3065
127,49,0,49,18,5,3,0,1,18,2,14,1787
0,50,1,28,9.9,1.2,1.2,0,0,9.9,0,9.9,1208.7
14,50,1,3,1.4,0.4,0.1,0,0.2,1.4,0.3,1,133.1
15,50,1,6,2.5,0.5,0.1,0,0.1,2.5,0.5,1.9,249.1
19,50,1,8,3.3,0.7,0.2,0,0.2,3.3,0.6,2.5,332.1
20,50,0,75,29,7,2,2,2,27,1,27,3079
21,50,1,9,3.2,0.1,0.3,0,0.6,3.2,0,2.9,425.9
27,50,1,18,6.2,0.7,0.7,0,0.7,6.2,0.4,5.8,848.7
28,50,1,29,10,1.1,1.1,0,1.1,10,0.7,9.3,1367.3
30,50,1,2,0.8,0.1,0,0,0.1,0.8,0.1,0.7,82.1
31,50,1,28,10.9,1.7,0.5,0.5,1.5,10.4,0.7,9.4,1149.2
32,50,1,2,0.8,0.1,0,0,0.1,0.8,0.1,0.7,82.1
33,50,1,6,2.3,0.4,0.1,0.1,0.3,2.2,0.2,2,246.3
37,50,1,7,2.5,0.3,0.3,0,0.2,2.5,0.2,2.2,269.6
38,50,1,4,1.4,0.2,0.2,0,0.1,1.4,0.1,1.2,154
44,50,1,33,12.3,2.2,0.6,0,0,12.3,1.1,8.9,1551
45,50,1,12,4,0.7,0.7,0.1,0.3,3.9,0.4,3.5,479.3
46,50,0,45.5,18,4,1,5,3,13,4,10,1563
47,50,0,40,21,12,2,14,1,7,1,7,1809
48,50,1,8,2.7,0.5,0.5,0.1,0.2,2.6,0.3,2.3,319.5
51,50,0,56,22,4,2,0,1,22,1,19,2381
52,50,1,12,5.2,1.3,0.1,0,0.4,5.2,0.3,4.9,605.4
54,50,1,5,2.1,0.6,0.1,0,0.2,2.1,0.1,2,252.3
55,50,0,67.5,21,1,4,0,2,21,2,19,2567
56,50,1,9,3.5,1.2,0.3,0,0.3,3.5,0,3.5,407.3
57,50,1,9,3.5,1.2,0.3,0,0.3,3.5,0,3.5,407.3
66,50,0,40.5,15,2,1,0,1,15,1,12,1577
67,50,0,32,11,0,2,0,2,11,1,10,1556
68,50,0,48,15,0,3,0,3,15,0,14,1599
70,50,1,2,0.7,0.2,0.1,0,0.1,0.7,0.1,0.6,96.1
71,50,0,26,11,1,0,0,2,11,0,9,1174
74,50,1,21.5,8.1,1.8,0.5,0,0.5,8.1,0.7,7,1033.3
75,50,1,7,3.2,0.8,0,0,0.3,3.2,0.3,1.9,293
81,50,1,3,1.1,0.2,0.1,0,0,1.1,0.1,1,140.8
82,50,1,6,2.2,0.4,0.2,0,0.1,2.2,0.2,1.9,281.6
93,50,1,1,0.5,0.1,0,0,0,0.5,0,0.4,48.9
94,50,0,67,26,6,1,0,1,26,2,19,3082
95,50,1,21,7.1,0.6,0.8,0,0.9,7.1,0.5,6.2,871.1
96,50,0,36.5,13,2,2,0,5,13,1,11,1420
97,50,1,11,3.7,0.3,0.4,0,0.5,3.7,0.3,3.2,456.3
101,50,1,6,2.4,0.6,0.1,0,0.2,2.4,0.2,2.1,254.8
103,50,1,19,7.6,1.8,0.4,0,0.7,7.6,0.7,6.7,806.9
104,50,1,16,6.4,1.5,0.4,0,0.6,6.4,0.6,5.6,679.5
105,50,1,6,2.4,0.7,0.2,0.3,0,2.1,0.2,1.7,271.8
115,50,1,19,6.4,1,0.7,0.3,0.4,6.1,0.7,5.1,633.4
116,50,0,54,20,6,4,0,2,20,1,16,2216
117,50,1,23,7.7,1.2,0.9,0.3,0.5,7.4,0.9,6.1,766.7
118,50,0,45.5,23,7,0,0,6,23,7,17,2212
119,50,0,77.5,29,8,3,0,4,29,9,10,3197
120,50,1,21,8.2,2.9,1.3,0.3,0.6,7.9,1.2,4.5,750.7
121,50,0,36,18,6,0,4,1,14,2,14,1487
122,50,1,10,3.9,1.4,0.6,0.1,0.3,3.8,0.6,2.2,357.5
124,50,1,1,0.4,0.1,0.1,0,0,0.4,0.1,0.2,35.7
125,50,0,85.5,34,16,5,0,1,34,6,30,3495
126,50,0,102.5,45,17,3,9,6,36,10,27,3990
127,50,0,82.5,28,7,4,0,1,28,2,26,2659
0,51,0,51,18,3,2,0,0,18,1,15,2176
14,51,1,22,10,3.1,0.5,0,1.6,10,2.1,7.3,975.9
15,51,1,10,4.1,0.9,0.2,0,0.2,4.1,0.8,3.1,415.1
16,51,1,11,4.6,1,0.3,0,0.3,4.6,0.9,3.4,456.7
19,51,1,10,4.1,0.9,0.2,0,0.2,4.1,0.8,3.1,415.1
20,51,1,25.5,9.1,0.4,0.8,0,1.7,9.1,0,8.3,1206.6
21,51,1,17,6.1,0.3,0.6,0,1.1,6.1,0,5.5,804.4
22,51,1,2,0.7,0,0.1,0,0.1,0.7,0,0.7,94.6
27,51,0,33.5,14,3,1,0,2,14,1,12,1331
28,51,1,18,6.2,0.7,0.7,0,0.7,6.2,0.4,5.8,848.7
30,51,1,14,5.5,0.9,0.2,0.3,0.7,5.2,0.4,4.7,574.6
32,51,1,2,0.8,0.1,0,0,0.1,0.8,0.1,0.7,82.1
37,51,1,10,3.6,0.4,0.4,0,0.3,3.6,0.3,3.1,385.1
38,51,1,14,5,0.6,0.6,0,0.5,5,0.5,4.4,539.2
46,51,0,63,18,4,7,0,0,18,2,17,2213
47,51,0,32,11,0,1,0,5,11,2,11,1151
48,51,0,42,16,2,0,0,1,16,1,11,1655
49,51,1,28,9.4,1.6,1.6,0.3,0.6,9.1,1,8.1,1118.4
50,51,0,28,11,2,1,0,1,11,0,11,1392
51,51,0,34,11,0,1,0,0,11,1,11,1498
52,51,1,9,3.9,1,0.1,0,0.3,3.9,0.2,3.6,454.1
53,51,1,5,2.1,0.6,0.1,0,0.2,2.1,0.1,2,252.3
59,51,1,1,0.4,0.1,0,0,0,0.4,0,0.4,45.3
60,51,1,2,0.7,0.1,0.1,0,0.1,0.7,0.1,0.6,76.4
62,51,0,44,15,4,3,0,0,15,1,13,1871
63,51,0,32,11,2,2,0,0,11,1,10,1239
64,51,0,33,11,2,3,0,0,11,0,11,1188
65,51,0,56,25,7,1,0,3,25,2,19,2533
66,51,0,35.5,16,2,0,4,1,12,1,11,1752
67,51,1,14,5.6,0.5,0.2,0,0,5.6,0.5,4.9,662.7
68,51,1,4,1.6,0.1,0.1,0,0,1.6,0.1,1.4,189.3
70,51,1,10,3.7,0.9,0.3,0,0.3,3.7,0.3,3.2,480.6
74,51,1,9,3.4,0.8,0.2,0,0.2,3.4,0.3,2.9,432.5
75,51,1,2,0.9,0.2,0,0,0.1,0.9,0.1,0.6,83.7
93,51,1,22.5,10.3,2.1,0,0,1,10.3,0.5,8.8,1100.2
94,51,1,16,7.4,1.5,0,0,0.7,7.4,0.4,6.3,782.3
95,51,1,23,7.7,0.7,0.8,0,1,7.7,0.6,6.8,954
96,51,1,27.5,9.3,0.8,1,0,1.2,9.3,0.7,8.1,1140.7
101,51,0,37,12,0,2,0,1,12,0,11,1357
103,51,0,35.5,16,3,1,0,3,16,1,12,1618
104,51,1,10,4,0.9,0.2,0,0.4,4,0.4,3.5,424.7
110,51,1,1,0.4,0.1,0,0,0,0.4,0,0.3,46.9
111,51,1,4,1.6,0.2,0,0,0.1,1.6,0,1.3,187.6
112,51,1,8,3.2,0.5,0,0,0.2,3.2,0,2.7,375.3
113,51,1,18,7.1,1.1,0,0,0.5,7.1,0,6,844.4
114,51,0,57,19,4,2,0,1,19,3,13,2149
115,51,0,35,15,6,0,1,0,14,4,10,1664
116,51,1,38,12.8,2,1.5,0.6,0.9,12.2,1.5,10.2,1266.8
117,51,1,20,6.7,1.1,0.8,0.3,0.5,6.4,0.8,5.3,666.7
118,51,0,43.5,14,0,1,0,0,14,2,13,1646
119,51,0,45.5,17,2,1,0,2,17,1,14,1739
120,51,0,45,21,7,0,0,1,21,4,19,2229
121,51,0,46.5,19,7,3,0,1,19,2,11,1783
122,51,0,53,22,7,1,0,0,22,2,22,2233
123,51,1,3.5,1.4,0.5,0.2,0.1,0.1,1.3,0.2,0.8,125.1
124,51,1,12,4.7,1.7,0.8,0.2,0.3,4.5,0.7,2.6,429
125,51,0,64,28,7,2,3,2,25,5,19,2575
126,51,0,83,38,11,0,0,4,38,4,32,3431
127,51,0,54,23,8,1,0,1,23,6,18,2429
0,52,0,91,27,0,3,0,4,27,1,22,3603
1,52,1,6,2.6,0.6,0,0.3,0,2.3,0.2,1.7,298
14,52,1,5,1.9,0.4,0.3,0,0.1,1.9,0,1.7,213.8
15,52,1,3,1.3,0.3,0,0.2,0,1.1,0,1,150
17,52,1,10,4.3,1.1,0.2,0.7,0.2,3.6,0.2,3.4,499.8
18,52,1,13,5.5,1.5,0.2,0.8,0.2,4.7,0.2,4.5,649.8
19,52,0,30,13,4,0,0,1,13,1,12,1591
21,52,1,8,2.9,0.5,0.3,0,0.1,2.9,0,2.7,405
22,52,1,4,1.4,0.3,0.1,0,0.1,1.4,0,1.4,202.5
24,52,1,4,1.4,0.3,0.1,0,0.1,1.4,0,1.4,202.5
25,52,1,17,7.7,2.4,0.4,0.8,0,6.9,0,6.1,743.1
26,52,0,39,16,5,1,0,3,16,3,13,1563
27,52,0,72,25,2,4,0,8,25,3,14,2210
28,52,0,26,11,4,1,0,1,11,0,11,1164
38,52,0,36.5,14,4,2,0,1,14,2,10,2002
46,52,0,35,11,1,1,0,1,11,0,11,1858
50,52,1,14,5.2,0.7,0.6,0.1,0.4,5.1,0.1,4.7,684.7
51,52,0,38,15,4,2,0,1,15,1,11,1706
52,52,1,10,3.8,0.5,0.4,0.1,0.3,3.7,0.1,3.3,489.1
54,52,1,7,2.6,0.4,0.3,0.1,0.2,2.5,0.1,2.3,342.3
62,52,1,22,8.8,1.9,0.4,0,1.2,8.8,1,7.3,1024.3
63,52,1,11,4.4,1,0.2,0,0.6,4.4,0.5,3.6,512.1
64,52,1,7,2.8,0.6,0.1,0,0.4,2.8,0.3,2.3,325.9
65,52,0,45,20,6,0,0,0,20,0,19,2501
66,52,1,5,1.7,0.3,0.3,0,0.1,1.7,0.2,1.5,224
67,52,1,7,2.4,0.5,0.5,0,0.2,2.4,0.2,2.1,313.5
69,52,1,2,0.7,0.1,0.1,0,0,0.7,0.1,0.6,89.6
71,52,1,5,1.9,0.3,0.2,0,0.1,1.9,0.1,1.5,241.2
72,52,1,4,1.5,0.3,0.2,0,0.1,1.5,0.1,1.2,193
73,52,1,7,2.6,0.5,0.3,0,0.2,2.6,0.2,2.1,337.7
74,52,1,19.5,7.2,1.3,0.8,0,0.5,7.2,0.5,5.9,940.8
83,52,1,12,4.4,1,0.3,0,0.3,4.4,0.2,4.2,577.3
84,52,1,13,4.8,1.1,0.3,0,0.3,4.8,0.2,4.6,625.4
85,52,1,4,1.5,0.3,0.1,0,0,1.5,0.2,1.2,193.9
91,52,1,6,2.4,0.4,0.1,0,0.3,2.4,0.3,2.2,275.6
92,52,1,19,7.4,1.2,0.4,0,1,7.4,1,6.9,872.7
93,52,0,41,14,3,2,0,0,14,0,14,1801
94,52,0,49,18,2,1,0,1,18,0,16,1871
95,52,0,50.5,24,8,0,2,3,22,0,21,2573
102,52,1,12,5.7,1.8,0.2,0.2,0.2,5.5,0.4,5.1,682
103,52,1,15,7.1,2.3,0.3,0.2,0.3,6.9,0.5,6.4,852.5
108,52,1,12,4.5,1.1,0.4,0,0.4,4.5,0.2,3.6,558.8
109,52,0,43,17,4,3,0,1,17,2,14,1906
111,52,0,51,16,1,2,0,1,16,1,14,1599
112,52,0,76,29,5,3,0,0,29,2,23,3018
113,52,0,71,31,8,2,0,3,31,4,26,3002
114,52,0,66,29,7,1,0,1,29,2,27,3247
115,52,0,29,11,2,1,0,0,11,3,8,1158
116,52,0,58,18,1,2,0,3,18,2,13,1968
117,52,0,40,17,4,2,0,3,17,1,14,1672
118,52,1,17.5,7.3,1.2,0.3,0,1.2,7.3,1.5,5.5,822.3
119,52,0,40,15,4,3,0,0,15,4,10,1542
120,52,0,58,29,12,1,6,5,23,7,19,2707
121,52,0,47,21,3,0,0,3,21,1,17,2210
122,52,0,32,13,0,0,0,0,13,0,13,1277
123,52,1,18,6.1,1.4,0.5,0,0.2,6.1,0.5,5.7,645.7
124,52,0,60.5,24,7,2,0,3,24,4,21,2757
125,52,0,111,41,5,5,0,2,41,1,36,3991
126,52,0,107.5,46,13,3,1,3,45,6,36,4208
127,52,0,87.5,33,6,4,0,3,33,4,27,3202
0,53,1,18.5,8.2,1.9,0,1,0,7.2,0.5,5.3,918.8
7,53,1,1,0.4,0.1,0,0,0,0.4,0,0.3,49.7
13,53,1,11.5,4.4,0.9,0.6,0,0.3,4.4,0,3.8,491.8
18,53,1,5,2.1,0.6,0.1,0.3,0.1,1.8,0.1,1.7,249.9
19,53,1,16,6.8,1.8,0.3,1,0.3,5.8,0.3,5.5,799.7
20,53,1,2,0.7,0.1,0.1,0,0,0.7,0,0.7,101.2
23,53,0,50,17,1,1,0,1,17,2,14,1734
24,53,0,109,50,19,3,0,5,50,6,32,4536
25,53,0,136,57,18,4,0,6,57,3,51,5512
26,53,0,97,37,7,1,0,3,37,1,34,4196
27,53,1,11,5,1.6,0.3,0.5,0,4.5,0,3.9,480.9
33,53,1,8,2.9,0.4,0.4,0.2,0,2.7,0,2.3,407.4
35,53,1,2,0.7,0.1,0.1,0,0,0.7,0.1,0.6,86.8
38,53,0,27,13,4,0,0,1,13,0,12,1447
39,53,1,6,2,0.3,0.3,0,0.1,2,0.2,1.9,260.3
45,53,1,20,7,0.9,0.9,0,0,7,0.2,6.8,921.6
46,53,0,58,17,1,4,0,0,17,2,15,1965
47,53,0,28,12,4,1,0,0,12,1,10,1316
51,53,1,9,3.4,0.5,0.4,0.1,0.3,3.3,0.1,3,440.2
52,53,0,29,13,3,0,0,0,13,2,13,1609
53,53,0,41,15,1,0,0,0,15,0,15,1818
54,53,1,26,9.8,1.4,1.1,0.3,0.8,9.5,0.3,8.7,1271.6
60,53,1,4,1.6,0.3,0.1,0,0.2,1.6,0.2,1.3,186.2
61,53,1,15,6,1.3,0.3,0,0.8,6,0.7,5,698.4
63,53,1,1,0.4,0.1,0,0,0.1,0.4,0,0.3,46.6
64,53,1,4,1.6,0.3,0.1,0,0.2,1.6,0.2,1.3,186.2
65,53,0,44,17,2,0,0,4,17,2,15,1965
66,53,1,9,3.1,0.6,0.6,0,0.2,3.1,0.3,2.7,403.1
70,53,1,5,1.9,0.3,0.2,0,0.1,1.9,0.1,1.5,241.2
71,53,1,15,5.6,1,0.6,0,0.4,5.6,0.4,4.6,723.7
73,53,1,2,0.7,0.1,0.1,0,0.1,0.7,0.1,0.6,96.5
74,53,1,23,8.5,1.5,0.9,0,0.6,8.5,0.6,7,1109.7
75,53,1,10.5,4,1,0.5,0,0.4,4,0.4,3.4,578.3
81,53,0,26.5,11,3,1,3,1,8,4,6,971
82,53,0,39,16,3,1,0,0,16,0,14,2124
83,53,0,38.5,18,6,0,0,3,18,1,7,1948
84,53,1,13,4.8,1.1,0.3,0,0.3,4.8,0.2,4.6,625.4
85,53,0,87,35,12,3,6,3,29,5,22,3287
86,53,1,22,8.3,1.6,0.7,0,0.2,8.3,1.1,6.8,1066.6
87,53,1,4,1.5,0.3,0.1,0,0,1.5,0.2,1.2,193.9
90,53,1,18.5,7.3,1.2,0.4,0,1,7.3,1,6.7,849.7
91,53,0,41,18,2,0,0,2,18,1,16,1993
92,53,1,14,5.5,0.9,0.3,0,0.7,5.5,0.7,5.1,643
93,53,1,3,1.2,0.2,0.1,0,0.2,1.2,0.2,1.1,137.8
94,53,0,43,19,7,1,0,0,19,3,18,2315
95,53,1,16.5,5.5,0.5,0.8,0,0.5,5.5,0.8,4.7,651.9
96,53,1,2,0.7,0.1,0.1,0,0.1,0.7,0.1,0.6,79
97,53,1,3.5,1.2,0.1,0.2,0,0.1,1.2,0.2,1,138.3
101,53,1,3,1.4,0.5,0.1,0,0.1,1.4,0.1,1.3,170.5
102,53,0,39,15,1,0,0,2,15,2,12,1533
104,53,1,4,1.9,0.6,0.1,0.1,0.1,1.8,0.1,1.7,227.3
108,53,1,33.5,12.5,3,1.2,0,1.2,12.5,0.6,10.1,1560
109,53,0,109.5,40,12,7,0,2,40,7,36,4379
110,53,0,117.5,48,14,5,2,8,46,13,30,5186
111,53,0,83,32,5,1,0,3,32,2,31,3496
112,53,1,17,6.7,1.6,0.4,0,0.8,6.7,0.6,5.8,691.2
113,53,0,48,18,3,0,0,2,18,2,18,2081
114,53,0,94,35,5,4,1,7,34,10,21,3218
115,53,1,2,0.8,0.1,0,0,0.1,0.8,0.2,0.6,94
116,53,1,3,1.3,0.2,0.1,0,0.2,1.3,0.3,0.9,141
119,53,0,73,25,3,2,0,3,25,6,17,2540
120,53,1,13,4.4,1,0.3,0,0.2,4.4,0.3,4.1,466.4
124,53,1,12.5,4.2,0.9,0.3,0,0.2,4.2,0.3,3.9,448.4
125,53,0,78,32,6,1,0,6,32,4,28,3200
126,53,1,32,13.1,1.5,0.7,0,0,13.1,2.2,12.4,1415.3
127,53,0,92.5,41,12,2,1,8,40,8,32,3770
2,54,1,3,1.3,0.3,0,0.1,0,1.2,0.1,0.9,149
7,54,1,2,0.9,0.2,0,0.1,0,0.8,0.1,0.6,99.3
8,54,1,2,0.9,0.2,0,0.1,0,0.8,0.1,0.6,99.3
12,54,1,1,0.4,0.1,0.1,0,0,0.4,0,0.3,42.8
13,54,1,12.5,4.8,1,0.6,0,0.3,4.8,0,4.2,534.6
23,54,1,34,12.3,2.2,1.3,0,0.6,12.3,0,11.6,1721.1
24,54,0,112.5,58,26,1,22,8,36,11,18,4521
25,54,0,134,55,14,3,3,7,52,5,45,5395
26,54,0,120,42,7,2,0,4,42,1,38,4556
27,54,1,6,2.7,0.9,0.1,0.3,0,2.4,0,2.1,262.3
34,54,1,6,2.2,0.3,0.3,0.2,0,2,0,1.7,305.5
35,54,1,15,5.1,0.7,0.7,0,0.2,5.1,0.5,4.7,650.7
38,54,1,5,1.7,0.2,0.2,0,0.1,1.7,0.2,1.6,216.9
45,54,0,33,12,2,1,0,0,12,0,10,1402
46,54,1,8,2.8,0.3,0.3,0,0,2.8,0.1,2.7,368.6
47,54,1,4,1.4,0.2,0.2,0,0,1.4,0,1.4,184.3
48,54,0,30.5,15,7,1,0,3,15,1,13,1693
53,54,1,13,4.9,0.7,0.5,0.1,0.4,4.8,0.1,4.3,635.8
54,54,1,7,2.6,0.4,0.3,0.1,0.2,2.5,0.1,2.3,342.3
62,54,1,31.5,12.6,2.7,0.5,0,1.6,12.6,1.5,10.4,1466.6
63,54,1,13,5.2,1.1,0.2,0,0.7,5.2,0.6,4.3,605.3
65,54,1,20,7,1.4,1.4,0,0.5,7,0.7,6,895.8
66,54,0,43,16,4,2,0,0,16,1,14,1727
67,54,1,3,1,0.2,0.2,0,0.1,1,0.1,0.9,134.4
70,54,1,22,8.1,1.5,0.9,0,0.6,8.1,0.6,6.7,1061.5
71,54,1,27,10,1.8,1,0,0.7,10,0.7,8.2,1302.7
74,54,1,4,1.5,0.3,0.2,0,0.1,1.5,0.1,1.2,193
75,54,1,5,1.9,0.5,0.2,0,0.2,1.9,0.2,1.6,275.4
79,54,1,7,2.7,0.7,0.3,0,0.3,2.7,0.3,2.3,385.5
80,54,1,27,10,2.2,0.7,0,0.7,10,0.4,9.5,1298.9
81,54,0,33,16,5,0,0,0,16,1,14,1875
82,54,1,6,2.2,0.5,0.1,0,0.1,2.2,0.1,2.1,288.6
83,54,0,47,19,5,1,0,2,19,0,17,2575
84,54,0,31,13,5,1,0,1,13,2,11,1719
85,54,0,30,13,1,0,0,1,13,0,13,1403
86,54,0,38,18,6,0,0,1,18,0,18,2019
87,54,0,35,12,0,1,0,0,12,2,12,1462
88,54,1,5,1.9,0.4,0.2,0,0.1,1.9,0.3,1.5,242.4
89,54,0,32.5,12,1,0,0,2,12,1,12,1156
90,54,0,45,22,4,0,1,2,21,2,22,2211
91,54,1,4,1.6,0.3,0.1,0,0.2,1.6,0.2,1.5,183.7
92,54,1,15,5.9,1,0.3,0,0.8,5.9,0.8,5.4,689
93,54,0,51,20,5,1,0,1,20,1,17,2341
94,54,1,17,6.7,1.1,0.4,0,0.9,6.7,0.9,6.2,780.8
96,54,1,19,6.3,0.6,0.9,0,0.6,6.3,0.9,5.4,750.7
97,54,0,43,19,5,0,0,0,19,0,19,2051
98,54,1,2,0.7,0.1,0.1,0,0.1,0.7,0.1,0.6,79
100,54,1,11,5.2,1.7,0.2,0.2,0.2,5,0.4,4.7,625.1
101,54,0,29,11,2,1,1,2,10,0,9,1344
102,54,1,2,0.9,0.3,0,0,0,0.9,0.1,0.8,113.7
107,54,1,7,2.6,0.6,0.2,0,0.2,2.6,0.1,2.1,326
108,54,0,90,38,12,2,6,0,32,3,27,4105
109,54,0,70,36,18,1,8,4,28,8,7,2907
110,54,0,64,24,7,2,2,3,22,4,17,2525
111,54,0,102,41,10,4,0,2,41,6,33,3822
112,54,0,125,43,11,4,0,4,43,14,13,3881
113,54,0,67,20,1,3,0,0,20,3,19,2244
114,54,0,62,24,4,0,0,1,24,1,22,2783
115,54,1,5,2.1,0.3,0.1,0,0.3,2.1,0.4,1.6,235
118,54,1,9,3.8,0.6,0.2,0,0.6,3.8,0.8,2.8,422.9
119,54,1,7,2.9,0.5,0.1,0,0.5,2.9,0.6,2.2,328.9
122,54,1,4,1.4,0.3,0.1,0,0.1,1.4,0.1,1.3,143.5
124,54,0,53.5,24,7,0,0,1,24,2,24,2227
125,54,0,107.5,50,19,4,0,7,50,10,41,4752
126,54,0,118,39,7,7,0,5,39,11,19,3755
127,54,0,88,31,9,5,5,3,26,4,9,2814
12,55,1,5,1.9,0.4,0.3,0,0.1,1.9,0,1.7,213.8
13,55,1,4,1.5,0.3,0.2,0,0.1,1.5,0,1.3,171.1
17,55,1,3,1.3,0.3,0,0.2,0,1.1,0,1,150
20,55,1,7,2.5,0.5,0.3,0,0.1,2.5,0,2.4,354.3
21,55,0,35,15,5,2,0,1,15,0,14,1525
22,55,0,38,17,3,1,0,1,17,1,17,1580
23,55,0,93.5,30,3,2,0,1,30,1,30,3629
24,55,1,14,5.1,0.9,0.5,0,0.3,5.1,0,4.8,708.7
25,55,0,86,33,8,4,0,4,33,1,32,3191
26,55,1,5,2.3,0.7,0.1,0.3,0,2,0,1.8,218.6
29,55,1,1,0.5,0.1,0,0.1,0,0.4,0,0.4,43.7
33,55,1,5,1.8,0.3,0.3,0.1,0,1.7,0,1.4,254.6
34,55,1,10,3.7,0.5,0.5,0.3,0,3.4,0,2.9,509.2
39,55,0,35.5,13,2,1,1,2,12,1,11,1559
44,55,1,11,5.3,1.2,0,0,0,5.3,0.4,4.9,768
45,55,1,17,5.9,0.7,0.7,0,0,5.9,0.1,5.8,783.3
48,55,1,17,5.9,0.7,0.7,0,0,5.9,0.1,5.8,783.3
49,55,1,9,3.1,0.4,0.4,0,0,3.1,0.1,3.1,414.7
56,55,1,3,1.4,0.6,0.1,0,0.1,1.4,0.2,1.4,194.7
58,55,1,1,0.5,0.2,0,0,0,0.5,0.1,0.5,64.9
60,55,1,23.5,9.4,2,0.4,0,1.2,9.4,1.1,7.8,1094.1
61,55,1,17,6.8,1.5,0.3,0,0.9,6.8,0.8,5.6,791.5
62,55,0,62.5,21,2,4,0,1,21,2,19,2663
63,55,1,8,3.2,0.7,0.1,0,0.4,3.2,0.4,2.7,372.5
64,55,1,6,2.4,0.5,0.1,0,0.3,2.4,0.3,2,279.3
65,55,0,46.5,22,7,0,0,1,22,3,17,2553
66,55,1,39,13.6,2.7,2.7,0,0.9,13.6,1.4,11.8,1746.8
70,55,1,8,3,0.5,0.3,0,0.2,3,0.2,2.4,386
71,55,1,22.5,8.3,1.5,0.9,0,0.6,8.3,0.6,6.8,1085.6
74,55,1,2,0.7,0.1,0.1,0,0.1,0.7,0.1,0.6,96.5
75,55,1,8,3.1,0.8,0.4,0,0.3,3.1,0.3,2.6,440.6
76,55,1,1,0.4,0.1,0,0,0,0.4,0,0.3,55.1
79,55,1,14,5.4,1.3,0.7,0,0.5,5.4,0.5,4.6,771
81,55,1,4,1.5,0.3,0.1,0,0.1,1.5,0.1,1.4,192.4
82,55,1,2,0.7,0.2,0,0,0,0.7,0,0.7,96.2
83,55,1,22,8.1,1.8,0.5,0,0.5,8.1,0.4,7.8,1058.3
85,55,1,12,4.6,0.9,0.4,0,0.1,4.6,0.6,3.7,581.8
86,55,1,9.5,3.6,0.7,0.3,0,0.1,3.6,0.5,2.9,460.6
89,55,1,12,4.6,0.9,0.4,0,0.1,4.6,0.6,3.7,581.8
90,55,1,14,5.5,0.9,0.3,0,0.7,5.5,0.7,5.1,643
92,55,1,22,8.6,1.4,0.5,0,1.1,8.6,1.1,8,1010.5
93,55,0,45,19,5,0,0,0,19,1,18,2166
94,55,1,15,5.9,1,0.3,0,0.8,5.9,0.8,5.4,689
97,55,1,10,3.3,0.3,0.5,0,0.3,3.3,0.5,2.9,395.1
98,55,0,26.5,13,5,0,0,3,13,2,11,1404
99,55,0,30,11,0,0,0,1,11,2,9,1210
100,55,0,51,18,5,3,0,1,18,3,15,1974
101,55,0,32.5,13,2,0,0,2,13,0,9,1863
102,55,1,1,0.5,0.2,0,0,0,0.5,0,0.4,56.8
103,55,1,2,0.9,0.3,0,0,0,0.9,0.1,0.8,113.7
107,55,0,73.5,28,7,1,0,3,28,3,23,2777
108,55,0,47,17,4,0,0,1,17,5,17,1722
109,55,0,86,31,9,4,6,3,25,7,20,3342
110,55,0,47,16,2,1,1,0,15,3,11,1630
111,55,1,23,9.1,2.2,0.5,0,1,9.1,0.9,7.9,935.2
112,55,1,24,9.5,2.3,0.5,0,1.1,9.5,0.9,8.2,975.9
113,55,0,35,14,3,0,0,1,14,3,14,1273
114,55,1,4,1.6,0.4,0.1,0,0.2,1.6,0.1,1.4,162.6
118,55,1,8,3.3,0.6,0.1,0,0.6,3.3,0.7,2.5,375.9
124,55,1,3,1,0.2,0.1,0,0,1,0.1,0.9,107.6
125,55,0,57,23,7,2,0,2,23,3,17,2219
126,55,0,74.5,40,20,0,0,6,40,10,13,2940
127,55,0,86,45,25,2,23,10,22,19,7,3270
15,56,1,2,0.9,0.2,0,0.2,0,0.7,0,0.7,100
19,56,1,9,3.8,1,0.1,0.6,0.1,3.2,0.1,3.1,449.9
20,56,1,20,7.2,1.3,0.7,0,0.4,7.2,0,6.9,1012.4
21,56,1,15,5.4,1,0.6,0,0.3,5.4,0,5.1,759.3
25,56,0,30,11,1,1,0,1,11,0,10,1226
29,56,1,2,0.9,0.3,0,0.1,0,0.8,0,0.7,87.4
33,56,1,9,3.3,0.5,0.5,0.2,0,3.1,0,2.6,458.3
34,56,0,31,12,3,1,0,1,12,0,11,1249
38,56,1,17,5.8,0.8,0.8,0,0.3,5.8,0.5,5.3,737.5
39,56,1,19.5,6.7,0.9,0.9,0,0.3,6.7,0.6,6,845.9
44,56,1,16,7.7,1.8,0,0,0,7.7,0.6,7.1,1117
45,56,1,2,0.7,0.1,0.1,0,0,0.7,0,0.7,92.2
47,56,1,8,2.8,0.3,0.3,0,0,2.8,0.1,2.7,368.6
48,56,1,25,8.7,1.1,1.1,0,0,8.7,0.2,8.5,1152
49,56,1,5,1.7,0.2,0.2,0,0,1.7,0,1.7,230.4
50,56,1,1,0.4,0.1,0,0,0,0.4,0,0.3,48.9
51,56,1,7,2.6,0.4,0.3,0.1,0.2,2.5,0.1,2.3,342.3
52,56,1,2,0.8,0.1,0.1,0,0.1,0.8,0,0.7,97.8
57,56,1,3,1.4,0.6,0.1,0,0.1,1.4,0.2,1.4,194.7
59,56,1,9,4.3,1.9,0.2,0,0.2,4.3,0.5,4.3,584.1
61,56,1,3,1.2,0.3,0.1,0,0.2,1.2,0.1,1,139.7
62,56,1,6,2.4,0.5,0.1,0,0.3,2.4,0.3,2,279.3
63,56,0,60.5,25,7,2,0,1,25,1,20,2888
64,56,0,38,16,3,0,0,1,16,0,13,1851
65,56,0,48,18,3,1,0,1,18,1,17,2064
67,56,1,1,0.3,0.1,0.1,0,0,0.3,0,0.3,44.8
70,56,1,4,1.5,0.3,0.2,0,0.1,1.5,0.1,1.2,193
72,56,1,7,2.6,0.5,0.3,0,0.2,2.6,0.2,2.1,337.7
74,56,1,4,1.5,0.3,0.2,0,0.1,1.5,0.1,1.2,193
75,56,1,26.5,10.2,2.6,1.3,0,1,10.2,1,8.6,1459.4
78,56,1,6,2.3,0.6,0.3,0,0.2,2.3,0.2,2,330.4
79,56,1,5,1.9,0.5,0.2,0,0.2,1.9,0.2,1.6,275.4
82,56,1,3,1.1,0.2,0.1,0,0.1,1.1,0,1.1,144.3
83,56,0,28.5,11,4,2,0,2,11,1,8,1392
84,56,1,20,7.4,1.6,0.5,0,0.5,7.4,0.3,7,962.1
85,56,1,18,6.8,1.3,0.6,0,0.2,6.8,0.9,5.5,872.7
89,56,1,11,4.2,0.8,0.3,0,0.1,4.2,0.6,3.4,533.3
90,56,1,3,1.2,0.2,0.1,0,0.2,1.2,0.2,1.1,137.8
92,56,1,23,9,1.5,0.5,0,1.2,9,1.2,8.4,1056.4
99,56,1,2,0.7,0.1,0.1,0,0.1,0.7,0.1,0.6,79
101,56,1,6,2.8,0.9,0.1,0.1,0.1,2.7,0.2,2.5,341
102,56,1,3,1.4,0.5,0.1,0,0.1,1.4,0.1,1.3,170.5
105,56,1,4,1.5,0.4,0.1,0,0.1,1.5,0.1,1.2,186.3
106,56,0,30.5,13,2,0,0,3,13,2,11,1182
107,56,0,98.5,39,11,3,0,4,39,9,26,3675
108,56,0,103,35,5,4,2,5,33,6,31,3955
109,56,0,74,29,8,2,0,1,29,5,26,3004
110,56,1,15.5,6.1,1.5,0.3,0,0.7,6.1,0.6,5.3,630.3
111,56,0,31,12,1,1,0,0,12,0,12,1306
112,56,1,22,8.7,2.1,0.5,0,1,8.7,0.8,7.5,894.6
113,56,1,11.5,4.5,1.1,0.3,0,0.5,4.5,0.4,3.9,467.6
114,56,1,17.5,6.9,1.7,0.4,0,0.8,6.9,0.7,6,711.6
115,56,0,44,15,3,2,0,0,15,4,14,1540
116,56,1,6,2.5,0.4,0.1,0,0.4,2.5,0.5,1.9,281.9
124,56,1,29,9.8,2.2,0.7,0,0.4,9.8,0.7,9.1,1040.4
125,56,1,12,4.9,0.5,0.3,0,0,4.9,0.8,4.6,530.7
126,56,0,71.5,26,9,6,0,5,26,7,7,2471
127,56,0,181.5,60,12,12,0,15,60,22,0,4605
13,57,1,15,5.4,0.7,0.9,0,0.9,5.4,0,5.4,566.5
14,57,0,28,11,2,0,0,1,11,1,10,946
15,57,1,9,3.3,0.8,0.6,0,0,3.3,0,2.4,350.5
19,57,1,5,1.8,0.4,0.4,0,0,1.8,0,1.3,194.7
25,57,1,20,7.4,1.3,0.3,0,0.5,7.4,0.2,6.7,895.6
26,57,1,5,1.8,0.3,0.1,0,0.1,1.8,0,1.7,223.9
33,57,0,33,16,5,0,0,0,16,1,9,1753
36,57,1,7,2.3,0.3,0.3,0.1,0.2,2.2,0.1,2,321.7
37,57,1,5,1.6,0.2,0.2,0,0.2,1.6,0.1,1.4,229.8
38,57,1,26,8.5,1.1,1.1,0.3,0.8,8.2,0.3,7.3,1194.9
39,57,1,3,1,0.1,0.1,0,0.1,1,0,0.8,137.9
41,57,1,3,1.2,0.2,0.1,0,0.1,1.2,0.1,1.1,142.3
43,57,1,12,4.9,0.9,0.3,0,0.3,4.9,0.2,4.5,569.3
44,57,1,15,6.1,1.1,0.4,0,0.4,6.1,0.3,5.6,711.6
47,57,1,27,10.2,2.8,0.9,0.9,0.2,9.3,1.9,8.4,1185.2
48,57,1,9,3.4,0.9,0.3,0.3,0.1,3.1,0.6,2.8,395.1
50,57,1,15,7.1,3.2,0.4,0,0.4,7.1,0.8,7.1,973.4
51,57,1,5,2.4,1.1,0.1,0,0.1,2.4,0.3,2.4,324.5
58,57,1,15,5.7,1,0.5,0,0.5,5.7,0.3,5.2,685.6
59,57,1,2,0.8,0.1,0.1,0,0.1,0.8,0,0.7,91.4
61,57,1,16,5.4,0.2,0.5,0,0.7,5.4,0.3,5.3,630.5
62,57,1,28,9.5,0.3,0.9,0,1.1,9.5,0.6,9.2,1103.3
63,57,0,50,20,4,1,0,2,20,3,19,2334
64,57,0,70,32,15,3,18,1,14,4,19,2904
65,57,1,17,6.4,1.6,0,0,0.5,6.4,0,5.3,833
69,57,1,2,0.8,0.2,0,0,0.1,0.8,0,0.6,98
70,57,1,19,7.8,2.3,0.6,0,0.6,7.8,0.3,6.6,1005.3
74,57,1,6,2.5,0.7,0.2,0,0.2,2.5,0.1,2.1,317.5
75,57,0,21,11,6,1,0,1,11,4,6,1049
76,57,1,7,2.3,0.2,0.2,0,0.1,2.3,0.2,2,292.5
77,57,1,17,5.6,0.5,0.5,0,0.3,5.6,0.5,4.8,710.3
78,57,1,9,3,0.3,0.3,0,0.1,3,0.3,2.6,376
81,57,1,4,1.3,0.1,0.1,0,0,1.3,0.1,1.1,167
86,57,1,2,0.8,0.2,0,0,0.1,0.8,0,0.6,97.7
92,57,1,9,3.1,0.6,0.4,0.1,0,3,0.2,2.9,370.9
105,57,0,40,13,1,1,0,3,13,3,8,1441
106,57,0,48,17,4,2,0,0,17,1,14,1797
107,57,0,70,26,3,1,0,1,26,3,23,2653
108,57,0,25,11,3,1,0,1,11,1,10,1200
109,57,0,92.5,47,21,2,12,10,35,12,10,4089
110,57,1,16,5.5,1.1,0.7,0,0.4,5.5,0.6,4.1,627
111,57,1,2,0.7,0.1,0.1,0,0,0.7,0.1,0.5,78.4
112,57,1,15,5.1,1,0.7,0,0.3,5.1,0.6,3.8,587.8
113,57,0,42,16,4,2,0,0,16,1,14,1768
114,57,1,10,3.4,0.7,0.5,0,0.2,3.4,0.4,2.6,391.9
115,57,1,28.5,9.8,1.3,0.7,0,1,9.8,2,7.8,1072.3
116,57,1,21,7.2,1,0.5,0,0.7,7.2,1.4,5.8,790.1
118,57,1,9,3.1,0.4,0.2,0,0.3,3.1,0.6,2.5,338.6
122,57,1,3,1.3,0.4,0,0,0.1,1.3,0.1,1,125.4
123,57,1,7,3,0.9,0.1,0,0.2,3,0.3,2.4,292.6
124,57,1,10.5,4.5,1.4,0.1,0,0.3,4.5,0.5,3.6,438.9
126,57,0,62.5,29,13,2,0,6,29,17,1,1978
127,57,0,193.5,81,25,5,0,15,81,35,6,5484
10,58,1,4,1.4,0.2,0.3,0,0.3,1.4,0,1.4,151.1
11,58,0,32,11,1,1,0,2,11,1,6,964
12,58,0,219.5,81,10,8,13,13,68,10,39,7263
13,58,0,158,60,10,4,8,7,52,5,40,5361
14,58,0,85.5,39,8,1,0,5,39,3,36,3847
15,58,0,23,11,3,0,0,0,11,0,11,1128
16,58,0,44,20,9,0,20,2,0,5,0,1527
19,58,1,2,0.7,0.2,0.1,0,0,0.7,0,0.5,77.9
20,58,0,40,14,4,3,3,0,11,0,10,1553
21,58,0,37,13,3,2,0,1,13,1,10,1297
22,58,1,11,4.4,0.8,0.3,0,0.4,4.4,0.1,4,566.4
23,58,1,8,3.2,0.6,0.2,0,0.3,3.2,0.1,2.9,411.9
24,58,1,6,2.4,0.4,0.2,0,0.2,2.4,0.1,2.2,309
25,58,1,19,7,1.2,0.3,0,0.5,7,0.2,6.4,850.8
26,58,1,21,7.7,1.4,0.3,0,0.5,7.7,0.2,7.1,940.4
32,58,0,54,20,3,1,2,1,18,4,10,2129
33,58,1,27,9.4,2.2,2.2,0,1.7,9.4,0.6,8.3,1163.8
35,58,1,9,2.9,0.4,0.4,0.1,0.3,2.8,0.1,2.5,413.6
36,58,1,14,4.6,0.6,0.6,0.2,0.5,4.4,0.2,4,643.4
37,58,1,7,2.3,0.3,0.3,0.1,0.2,2.2,0.1,2,321.7
38,58,1,2,0.7,0.1,0.1,0,0.1,0.7,0,0.6,91.9
42,58,1,7,2.9,0.5,0.2,0,0.2,2.9,0.1,2.6,332.1
43,58,0,57.5,18,4,4,0,1,18,0,15,2294
46,58,1,2,0.8,0.2,0.1,0.1,0,0.7,0.1,0.6,87.8
47,58,1,6,2.3,0.6,0.2,0.2,0.1,2.1,0.4,1.9,263.4
49,58,1,7,2.7,0.7,0.2,0.3,0.1,2.4,0.5,2.2,307.3
50,58,1,2,0.9,0.4,0.1,0,0.1,0.9,0.1,0.9,129.8
57,58,1,9,3.4,0.6,0.3,0,0.3,3.4,0.2,3.1,411.4
58,58,1,5,1.9,0.3,0.2,0,0.2,1.9,0.1,1.7,228.5
59,58,1,8,3,0.6,0.3,0,0.3,3,0.1,2.8,365.7
60,58,1,14.5,4.9,0.1,0.4,0,0.6,4.9,0.3,4.8,571.4
61,58,0,38.5,14,0,2,0,2,14,0,10,1552
64,58,1,5,1.7,0.1,0.2,0,0.2,1.7,0.1,1.6,197
65,58,0,32.5,13,4,1,0,1,13,0,11,1546
69,58,0,35,15,6,1,0,1,15,0,14,1620
70,58,0,61,17,1,4,0,2,17,2,17,2604
75,58,1,6,2,0.2,0.2,0,0.1,2,0.2,1.7,250.7
79,58,1,15,5,0.5,0.5,0,0.2,5,0.5,4.3,626.7
80,58,1,6,2,0.2,0.1,0,0,2,0.1,1.7,250.6
81,58,1,4,1.3,0.1,0.1,0,0,1.3,0.1,1.1,167
86,58,0,47.5,23,5,1,0,3,23,4,21,2315
89,58,1,4,1.5,0.4,0,0,0.1,1.5,0,1.2,195.5
90,58,1,2,0.7,0.1,0.1,0,0,0.7,0,0.6,82.4
92,58,0,38.5,13,1,1,0,0,13,0,12,1789
93,58,1,22,7.5,1.4,1.1,0.2,0,7.3,0.5,7.1,906.5
104,58,1,15,7.1,2.6,0,0,0.4,7.1,1.8,5.7,793.2
105,58,1,11,4.4,1.1,0.5,0.2,0.4,4.2,0.9,3.9,470.4
107,58,0,37,12,2,2,0,2,12,1,12,1538
108,58,1,24,9.5,2.5,1,0.4,0.8,9.1,1.9,8.5,1026.4
110,58,0,64.5,30,8,0,0,7,30,6,27,3097
113,58,1,25,8.5,1.7,1.2,0,0.6,8.5,1,6.4,979.7
114,58,1,17,5.8,1.2,0.8,0,0.4,5.8,0.7,4.3,666.2
115,58,1,14,4.8,0.6,0.3,0,0.5,4.8,1,3.8,526.7
123,58,1,16,6.9,2.1,0.2,0,0.5,6.9,0.8,5.5,668.8
124,58,1,12,5.2,1.6,0.1,0,0.3,5.2,0.6,4.1,501.6
126,58,1,13,4.3,0.9,0.6,0,1.2,4.3,1.2,3.2,416
127,58,0,31,14,5,1,0,5,14,5,0,910
9,59,1,17,6.4,1.2,0.6,0,0,6.4,0.3,5.8,786.3
10,59,0,159,81,35,4,60,17,21,22,21,6090
11,59,0,273.5,108,26,6,33,24,75,14,43,8696
12,59,0,254,110,35,7,36,19,74,29,59,9487
13,59,0,106.5,42,8,3,0,3,42,3,36,4534
14,59,1,27,9.8,1.3,1.7,0,1.7,9.8,0,9.8,1019.6
19,59,1,10,3.7,0.9,0.7,0,0,3.7,0,2.6,389.5
20,59,1,15,5.9,1.1,0.5,0,0.6,5.9,0.2,5.5,772.4
21,59,1,7,2.8,0.5,0.2,0,0.3,2.8,0.1,2.6,360.4
22,59,1,25,9.9,1.8,0.8,0,1,9.9,0.3,9.1,1287.3
23,59,1,12,4.8,0.9,0.4,0,0.5,4.8,0.1,4.4,617.9
24,59,1,2,0.8,0.1,0.1,0,0.1,0.8,0,0.7,103
25,59,1,13,4.8,0.9,0.2,0,0.3,4.8,0.1,4.4,582.1
26,59,1,9,3.3,0.6,0.1,0,0.2,3.3,0.1,3,403
27,59,0,80,30,6,5,0,4,30,1,23,3168
31,59,1,5,1.7,0.4,0.4,0,0.3,1.7,0.1,1.5,215.5
32,59,0,31,11,0,2,0,2,11,1,9,1332
35,59,1,6,2,0.3,0.3,0.1,0.2,1.9,0.1,1.7,275.7
37,59,1,4,1.3,0.2,0.2,0,0.1,1.3,0,1.1,183.8
42,59,1,2,0.8,0.1,0.1,0,0.1,0.8,0,0.7,94.9
43,59,0,34,15,5,1,0,1,15,0,12,1778
45,59,1,2,0.8,0.2,0.1,0.1,0,0.7,0.1,0.6,87.8
46,59,1,11,4.2,1.1,0.4,0.4,0.1,3.8,0.8,3.4,482.9
49,59,1,1,0.4,0.1,0,0,0,0.4,0.1,0.3,43.9
56,59,1,3,1.1,0.2,0.1,0,0.1,1.1,0.1,1,137.1
58,59,1,2,0.8,0.1,0.1,0,0.1,0.8,0,0.7,91.4
59,59,1,12,4.6,0.8,0.4,0,0.4,4.6,0.2,4.1,548.5
60,59,0,36,15,2,0,0,0,15,1,14,1613
61,59,1,17,5.8,0.2,0.5,0,0.7,5.8,0.3,5.6,669.9
62,59,1,2,0.7,0,0.1,0,0.1,0.7,0,0.7,78.8
65,59,1,3,1.1,0.3,0,0,0.1,1.1,0,0.9,147
66,59,0,26,12,5,1,0,1,12,2,11,1435
67,59,0,45,19,7,2,3,1,16,2,16,1802
68,59,0,41,15,4,1,0,1,15,1,11,1720
69,59,1,2,0.8,0.2,0,0,0.1,0.8,0,0.6,98
70,59,1,21,8.6,2.5,0.6,0,0.6,8.6,0.3,7.3,1111.1
71,59,1,4,1.6,0.5,0.1,0,0.1,1.6,0.1,1.4,211.6
86,59,0,37,12,2,2,0,1,12,2,10,1522
87,59,0,30,14,4,0,0,1,14,1,14,1296
90,59,0,28.5,11,3,0,0,3,11,1,9,1129
91,59,1,6,2,0.4,0.3,0,0,2,0.1,1.9,247.2
92,59,1,11,3.7,0.7,0.5,0.1,0,3.6,0.3,3.6,453.3
93,59,1,23.5,8,1.5,1.1,0.2,0,7.8,0.6,7.6,968.4
103,59,1,4,1.9,0.7,0,0,0.1,1.9,0.5,1.5,211.5
104,59,1,10,4.7,1.8,0,0,0.3,4.7,1.2,3.8,528.8
106,59,1,2,0.8,0.2,0.1,0,0.1,0.8,0.2,0.7,85.5
108,59,0,31,13,2,0,0,0,13,0,13,1269
109,59,1,2,0.8,0.2,0.1,0,0.1,0.8,0.2,0.7,85.5
110,59,0,76.5,29,7,4,1,6,28,3,26,3079
111,59,0,51,19,3,1,0,4,19,2,18,2058
112,59,0,31,12,3,1,0,3,12,5,8,1254
113,59,1,16,5.5,1.1,0.7,0,0.4,5.5,0.6,4.1,627
114,59,1,8,2.7,0.6,0.4,0,0.2,2.7,0.3,2,313.5
115,59,0,29,11,1,0,0,2,11,2,11,1263
119,59,1,2,0.7,0.1,0,0,0.1,0.7,0.1,0.5,75.2
121,59,1,4,1.7,0.5,0,0,0.1,1.7,0.2,1.4,167.2
122,59,1,6,2.6,0.8,0.1,0,0.2,2.6,0.3,2.1,250.8
123,59,1,27,11.6,3.6,0.3,0,0.8,11.6,1.3,9.3,1128.6
124,59,1,1,0.4,0.1,0,0,0,0.4,0,0.3,41.8
7,60,1,10.5,4,0.8,0.4,0,0,4,0.2,3.6,485.6
8,60,0,75.5,28,7,2,2,4,26,0,24,3185
9,60,0,68.5,26,2,0,0,3,26,1,26,3088
10,60,0,125,53,14,4,0,4,53,7,29,4929
11,60,0,250.5,121,42,4,67,27,54,34,50,9763
12,60,0,165,68,17,2,0,4,68,5,60,6114
13,60,0,67,31,9,0,0,0,31,2,27,2804
14,60,1,17.5,6.3,0.8,1.1,0,1.1,6.3,0,6.3,660.9
19,60,1,16,5.9,1.4,1.1,0,0,5.9,0,4.2,623.2
20,60,1,11.5,4.6,0.8,0.4,0,0.5,4.6,0.1,4.2,592.2
27,60,0,65,32,14,3,18,3,14,2,13,3101
28,60,0,48,17,2,1,0,0,17,1,16,2005
29,60,1,22,8.1,1.4,0.4,0,0.5,8.1,0.2,7.4,985.1
31,60,0,34,13,2,1,0,1,13,1,9,1632
32,60,1,1,0.3,0.1,0.1,0,0.1,0.3,0,0.3,43.1
41,60,1,7,2.9,0.5,0.2,0,0.2,2.9,0.1,2.6,332.1
42,60,0,29,15,4,0,0,0,15,0,12,1783
43,60,0,38,15,2,1,0,1,15,0,14,1623
44,60,1,17,6.9,1.2,0.5,0,0.5,6.9,0.3,6.3,806.5
45,60,1,26,9.9,2.7,0.9,0.9,0.2,9,1.8,8.1,1141.3
48,60,1,18,6.8,1.9,0.6,0.6,0.2,6.2,1.2,5.6,790.1
49,60,1,2,0.8,0.2,0.1,0.1,0,0.7,0.1,0.6,87.8
57,60,1,2,0.8,0.1,0.1,0,0.1,0.8,0,0.7,91.4
60,60,1,3,1,0,0.1,0,0.1,1,0.1,1,118.2
61,60,1,7,2.4,0.1,0.2,0,0.3,2.4,0.1,2.3,275.8
66,60,0,45,23,7,0,3,3,20,4,17,2324
67,60,0,31,12,4,1,0,0,12,0,10,1357
68,60,0,41.5,17,4,2,0,2,17,0,14,1777
69,60,0,71.5,30,8,2,5,4,25,2,24,3131
70,60,0,36,14,2,1,0,1,14,1,13,2024
75,60,1,9.5,3.1,0.3,0.3,0,0.1,3.1,0.3,2.7,396.9
83,60,1,5,1.6,0.2,0.1,0,0,1.6,0.1,1.4,208.8
86,60,0,28,16,8,0,4,0,12,2,11,1452
87,60,0,42,17,5,2,0,2,17,1,15,1833
90,60,1,5,1.7,0.3,0.2,0,0,1.7,0.1,1.6,206
92,60,1,11,3.7,0.7,0.5,0.1,0,3.6,0.3,3.6,453.3
93,60,0,54.5,25,9,1,1,1,24,4,21,2797
94,60,1,13,4.4,0.8,0.6,0.1,0,4.3,0.3,4.2,535.7
97,60,1,4,1.3,0.1,0.2,0,0.1,1.3,0.2,1.1,158
101,60,1,1,0.5,0.2,0,0,0,0.5,0.1,0.4,52.9
105,60,1,17,6.7,1.8,0.7,0.3,0.6,6.4,1.3,6,727
108,60,0,39.5,17,5,0,0,1,17,3,16,1733
109,60,1,3,1.2,0.3,0.1,0.1,0.1,1.1,0.2,1.1,128.3
110,60,1,7,2.4,0.5,0.3,0,0.2,2.4,0.3,1.8,274.3
111,60,0,30,16,6,0,0,2,16,3,12,1497
112,60,1,2,0.7,0.1,0.1,0,0,0.7,0.1,0.5,78.4
114,60,0,41,13,1,3,0,1,13,0,13,1476
116,60,1,4,1.4,0.2,0.1,0,0.1,1.4,0.3,1.1,150.5
118,60,1,4,1.4,0.2,0.1,0,0.1,1.4,0.3,1.1,150.5
119,60,1,4,1.4,0.2,0.1,0,0.1,1.4,0.3,1.1,150.5
121,60,1,11,4.7,1.5,0.1,0,0.3,4.7,0.5,3.8,459.8
123,60,1,4,1.7,0.5,0,0,0.1,1.7,0.2,1.4,167.2
124,60,1,3,1.3,0.4,0,0,0.1,1.3,0.1,1,125.4
126,60,1,15,5,1,0.7,0,1.3,5,1.3,3.7,480
127,60,1,2,0.7,0.1,0.1,0,0.2,0.7,0.2,0.5,64
3,61,1,1,0.4,0.1,0,0,0,0.4,0,0.3,49.7
4,61,1,5,2.2,0.5,0,0.3,0,1.9,0.1,1.4,248.3
5,61,1,3,1.1,0.2,0.1,0,0,1.1,0.1,1,138.8
6,61,1,13,4.9,0.9,0.5,0,0,4.9,0.2,4.5,601.3
7,61,0,97,39,7,1,0,0,39,1,37,4143
8,61,0,55,24,4,1,1,0,23,1,23,2569
9,61,1,12,4.5,0.9,0.4,0,0,4.5,0.2,4.1,555
10,61,0,175.5,78,29,4,16,9,62,8,47,7324
11,61,0,163,80,42,5,46,10,34,10,23,5229
12,61,0,157.5,67,16,3,3,12,64,6,44,5628
13,61,0,59.5,21,1,1,0,2,21,1,20,2134
14,61,0,185,69,14,7,1,11,68,5,36,5860
15,61,1,13,4.8,1.1,0.9,0,0,4.8,0,3.4,506.3
16,61,1,2,0.7,0.2,0.1,0,0,0.7,0,0.5,77.9
21,61,1,1,0.4,0.1,0,0,0,0.4,0,0.4,51.5
27,61,1,7,2.6,0.5,0.1,0,0.2,2.6,0.1,2.4,313.5
28,61,1,6,2.2,0.4,0.1,0,0.1,2.2,0,2,268.7
29,61,0,64.5,24,5,2,0,2,24,5,20,2924
30,61,0,33,15,4,0,1,2,14,0,9,1940
31,61,0,65,20,3,3,0,2,20,1,13,2764
32,61,0,35,18,7,0,0,1,18,4,16,1994
34,61,1,16,5.6,1.3,1.3,0,1,5.6,0.3,4.9,689.6
35,61,1,9,2.9,0.4,0.4,0.1,0.3,2.8,0.1,2.5,413.6
40,61,0,34,13,1,1,0,0,13,0,12,1749
41,61,1,28.5,11.6,2.1,0.8,0,0.8,11.6,0.5,10.6,1352
42,61,0,67.5,29,9,1,0,4,29,2,26,3540
43,61,0,53.5,17,2,4,2,2,15,0,15,2013
44,61,1,19,7.7,1.4,0.5,0,0.5,7.7,0.3,7,901.3
48,61,1,5,1.9,0.5,0.2,0.2,0,1.7,0.3,1.6,219.5
60,61,1,5,1.7,0.1,0.2,0,0.2,1.7,0.1,1.6,197
66,61,1,8,3,0.8,0,0,0.2,3,0,2.5,392
68,61,0,36,15,4,2,4,0,11,1,14,1778
69,61,0,67,21,2,2,0,1,21,1,17,2697
70,61,1,4,1.6,0.5,0.1,0,0.1,1.6,0.1,1.4,211.6
74,61,1,12,4.9,1.5,0.4,0,0.4,4.9,0.2,4.2,634.9
75,61,0,28,13,5,0,0,4,13,1,13,1566
82,61,1,39,12.8,1.3,0.7,0,0,12.8,0.7,10.8,1628.6
86,61,1,22,8.5,2.1,0,0,0.7,8.5,0,6.4,1075.2
87,61,1,2,0.8,0.2,0,0,0.1,0.8,0,0.6,97.7
88,61,1,1,0.4,0.1,0,0,0,0.4,0,0.3,48.9
91,61,0,46,16,0,2,0,1,16,1,15,1800
92,61,1,21,7.1,1.4,1,0.1,0,7,0.5,6.8,865.3
93,61,0,58,21,3,3,0,1,21,1,18,2347
94,61,0,66.5,25,2,2,0,4,25,2,23,2980
95,61,1,4,1.3,0.1,0.2,0,0.1,1.3,0.2,1.1,158
101,61,1,3,1.4,0.5,0,0,0.1,1.4,0.4,1.1,158.6
104,61,1,1,0.5,0.2,0,0,0,0.5,0.1,0.4,52.9
105,61,1,12,4.8,1.2,0.5,0.2,0.4,4.6,0.9,4.2,513.2
106,61,1,17,6.7,1.8,0.7,0.3,0.6,6.4,1.3,6,727
108,61,0,27,11,3,1,1,1,10,3,10,1201
109,61,1,28,11.1,2.9,1.2,0.5,1,10.6,2.2,9.9,1197.5
112,61,1,11,3.8,0.8,0.5,0,0.3,3.8,0.4,2.8,431
113,61,0,27,11,1,0,0,1,11,1,10,1204
114,61,0,22,11,5,0,0,0,11,0,11,1103
119,61,1,1,0.3,0,0,0,0,0.3,0.1,0.3,37.6
5,62,0,25.5,11,5,1,0,0,11,0,9,962
6,62,0,110,48,15,2,10,5,38,5,30,4041
7,62,0,134.5,59,16,1,16,10,43,6,40,5445
8,62,0,82,31,7,2,0,2,31,4,15,2672
9,62,0,192.5,83,29,7,1,18,82,24,15,6360
10,62,0,121.5,57,21,5,12,9,45,9,35,5325
11,62,0,274.5,153,76,4,94,19,59,13,63,11650
12,62,0,196.5,93,37,3,31,13,62,14,34,7106
13,62,0,155.5,52,3,8,0,5,52,4,36,5138
14,62,0,167,60,13,5,0,5,60,6,31,5539
24,62,1,15.5,6.5,1.1,0.2,0,0.6,6.5,0.3,5.5,839.3
25,62,0,33,11,1,2,0,0,11,0,11,1081
26,62,1,14,6,1.4,0.1,0.1,0.8,5.9,0.4,5.4,778.7
27,62,1,15.5,6.6,1.5,0.2,0.1,0.9,6.5,0.5,6,862.1
28,62,0,76,24,4,4,2,2,22,2,18,3324
29,62,0,38,16,3,0,0,0,16,0,10,1575
30,62,0,33,13,5,3,0,1,13,1,11,1548
31,62,1,4,1.6,0.4,0.1,0,0.2,1.6,0,1.4,219.1
32,62,0,61.5,26,4,0,0,3,26,1,25,2870
33,62,0,32.5,15,5,0,2,1,13,0,13,1557
34,62,1,15,6.1,1.6,0.3,0,0.9,6.1,0.1,5.3,821.7
39,62,1,29,9.9,1.1,0.8,0.2,1.1,9.7,0.4,8.9,1375.5
40,62,1,18,7.2,1.4,0.1,0,0.4,7.2,0.5,6.7,920.7
42,62,0,84.5,38,11,2,0,12,38,6,18,3861
43,62,0,39,17,7,1,0,0,17,2,16,1990
46,62,1,4,1.6,0.5,0.2,0,0.3,1.6,0.2,1.5,189.1
56,62,1,1,0.4,0.1,0,0,0.1,0.4,0.1,0.3,49.1
57,62,1,6,2.3,0.6,0.2,0,0.3,2.3,0.5,1.8,294.3
63,62,1,2,0.7,0.2,0.2,0,0,0.7,0.1,0.7,109.5
64,62,1,5,1.8,0.5,0.5,0,0,1.8,0.3,1.7,273.8
66,62,1,15,6.2,1.2,0.3,0,0.8,6.2,0.6,5.4,743.6
67,62,1,11,4.5,0.9,0.2,0,0.5,4.5,0.4,4,545.3
68,62,1,31,12.7,2.4,0.7,0,1.6,12.7,1.2,11.2,1536.7
69,62,1,2,0.8,0.2,0,0,0.1,0.8,0.1,0.7,99.1
70,62,1,18,7,1.4,0.4,0,0.7,7,0,5.4,942.1
71,62,1,4,1.6,0.3,0.1,0,0.2,1.6,0,1.2,209.4
72,62,1,20,7.8,1.5,0.5,0,0.8,7.8,0,6,1046.8
73,62,0,49.5,17,2,2,0,2,17,0,16,2373
74,62,1,26,10.1,2,0.7,0,1,10.1,0,7.8,1360.8
75,62,1,5,1.8,0.3,0.1,0,0.1,1.8,0.2,1.3,181.5
80,62,0,51.5,18,3,3,0,2,18,0,17,2535
81,62,0,38.5,15,2,1,0,2,15,1,13,1938
82,62,1,5,1.9,0.3,0.1,0,0.2,1.9,0.5,1.6,210.6
86,62,1,18,6.6,1.7,0.8,0,0.8,6.6,1.4,5.3,739.7
88,62,1,2,0.7,0.2,0.1,0,0.1,0.7,0.2,0.6,82.2
91,62,1,13,4.8,1,0.6,0,0.6,4.8,0.5,4.1,592.8
92,62,0,69,20,0,1,0,0,20,0,20,2703
93,62,1,22,8.1,1.6,1,0,1,8.1,0.8,7,1003.3
94,62,0,38,13,2,1,0,3,13,3,12,1753
100,62,1,15,5.9,1.9,0.6,0,1.3,5.9,1.5,5.1,647.5
106,62,1,4,1.6,0.4,0.1,0.1,0.1,1.5,0.3,1.3,163.1
107,62,1,10,4,0.9,0.4,0.4,0.2,3.6,0.7,3.3,407.8
108,62,1,12,4.8,1.1,0.4,0.4,0.2,4.4,0.9,3.9,489.4
109,62,1,11,4.4,1,0.4,0.4,0.2,4,0.8,3.6,448.6
114,62,1,5,1.8,0.5,0.4,0,0.1,1.8,0.1,1.7,194.9
115,62,1,3,1.2,0.3,0.1,0,0.1,1.2,0.2,1.1,125.9
118,62,1,12,4.7,1,0.3,0,0.6,4.7,0.8,4.2,503.7
123,62,1,4,1.6,0.4,0.1,0,0.3,1.6,0.4,1,145.9
1,63,1,11,4.2,0.8,0.7,0,0.5,4.2,0.7,3.7,531.3
2,63,1,22,8.3,1.7,1.3,0,1,8.3,1.3,7.3,1062.7
3,63,1,3,1.1,0.2,0.2,0,0.1,1.1,0.2,1,144.9
4,63,1,7,2.7,0.5,0.4,0,0.3,2.7,0.4,2.3,338.1
5,63,1,7,3.8,2,0,0.8,0.2,3,0.4,2.6,383.8
6,63,1,3,1.6,0.9,0,0.3,0.1,1.3,0.2,1.1,164.5
7,63,0,68,41,21,0,22,5,19,1,19,3055
8,63,0,140,76,31,0,41,14,35,6,35,6733
9,63,0,182,90,34,2,21,12,69,14,46,7755
10,63,0,270,147,78,5,77,26,70,29,39,11082
11,63,0,133.5,79,43,0,45,7,34,15,37,5585
12,63,0,362.5,174,73,10,129,47,45,53,11,12463
13,63,0,170,61,16,9,28,9,33,15,21,5401
14,63,0,64,22,2,0,0,4,22,0,20,2363
22,63,1,3,1.2,0.2,0,0,0.1,1.2,0.1,1.1,162.4
23,63,0,47,14,1,1,0,0,14,0,13,1912
24,63,0,73.5,29,8,2,0,1,29,2,26,3070
25,63,0,66,25,4,2,0,4,25,0,20,2589
26,63,1,13,5.6,1.3,0.1,0.1,0.8,5.5,0.4,5,723.1
27,63,1,18,7.7,1.7,0.2,0.2,1,7.5,0.5,7,1001.2
28,63,1,13.5,5.8,1.3,0.1,0.1,0.8,5.7,0.4,5.2,750.9
29,63,1,19,8.1,1.8,0.2,0.2,1.1,7.9,0.6,7.4,1056.8
31,63,1,1,0.4,0.1,0,0,0.1,0.4,0,0.4,54.8
32,63,0,96.5,45,9,0,0,4,45,6,22,3954
33,63,1,18.5,7.5,2,0.3,0,1.1,7.5,0.2,6.5,1013.4
38,63,1,9,3.1,0.4,0.2,0.1,0.4,3,0.1,2.8,426.9
39,63,1,25,8.5,1,0.7,0.2,1,8.3,0.3,7.7,1185.8
41,63,0,36,11,1,1,0,1,11,1,10,1613
42,63,0,35.5,13,2,0,0,0,13,1,11,1352
43,63,0,37,14,2,2,0,1,14,2,13,1881
44,63,1,3,1.2,0.2,0,0,0.1,1.2,0.1,1.1,153.5
45,63,1,3,1.2,0.3,0.2,0,0.2,1.2,0.2,1.1,141.8
46,63,1,4,1.6,0.5,0.2,0,0.3,1.6,0.2,1.5,189.1
54,63,1,2,0.9,0.4,0.1,0,0,0.9,0,0.7,97.1
55,63,1,19,7.3,1.9,0.5,0,1,7.3,1.5,5.8,932
56,63,1,6,2.3,0.6,0.2,0,0.3,2.3,0.5,1.8,294.3
58,63,1,2,0.8,0.2,0.1,0,0.1,0.8,0.2,0.6,98.1
59,63,1,2,0.8,0.2,0.1,0,0.1,0.8,0.2,0.6,98.1
64,63,1,10,3.7,1,1,0,0,3.7,0.7,3.3,547.7
65,63,1,10,4.1,0.8,0.2,0,0.5,4.1,0.4,3.6,495.7
66,63,1,18,7.4,1.4,0.4,0,0.9,7.4,0.7,6.5,892.3
67,63,1,17,7,1.3,0.4,0,0.8,7,0.7,6.1,842.7
69,63,1,19,7.8,1.5,0.4,0,0.9,7.8,0.7,6.9,941.9
70,63,0,53,25,9,1,0,1,25,2,21,2797
71,63,0,34.5,15,5,1,0,1,15,0,14,2293
72,63,0,44.5,21,6,1,5,5,16,2,8,2119
73,63,0,34.5,13,4,3,0,1,13,1,11,1437
80,63,1,3,1.1,0.2,0.1,0,0.1,1.1,0.3,1,126.4
81,63,0,41.5,16,3,1,0,3,16,4,12,1768
82,63,0,50.5,20,5,1,0,2,20,3,18,2117
83,63,1,4.5,1.7,0.3,0.1,0,0.2,1.7,0.4,1.5,189.5
86,63,1,5,1.8,0.5,0.2,0,0.2,1.8,0.4,1.5,205.5
90,63,1,3,1.1,0.2,0.1,0,0.1,1.1,0.1,0.9,136.8
91,63,1,23,8.5,1.7,1,0,1,8.5,0.8,7.3,1048.9
92,63,0,27,12,5,1,0,1,12,2,8,1263
93,63,0,95,36,8,4,10,4,26,4,22,3763
94,63,1,9,3.3,0.7,0.4,0,0.4,3.3,0.3,2.8,410.4
101,63,1,1,0.4,0.1,0,0,0.1,0.4,0.1,0.3,43.2
108,63,1,11,4.4,1,0.4,0.4,0.2,4,0.8,3.6,448.6
110,63,1,4,1.4,0.4,0.3,0,0.1,1.4,0.1,1.4,155.9
112,63,1,3,1.1,0.3,0.2,0,0.1,1.1,0.1,1,117
113,63,1,5,1.8,0.5,0.4,0,0.1,1.8,0.1,1.7,194.9
115,63,1,2,0.8,0.2,0.1,0,0.1,0.8,0.1,0.7,83.9
116,63,1,3,1.2,0.3,0.1,0,0.1,1.2,0.2,1.1,125.9
117,63,1,3,1.2,0.3,0.1,0,0.1,1.2,0.2,1.1,125.9
118,63,1,11,4.3,0.9,0.3,0,0.5,4.3,0.7,3.9,461.7
119,63,1,1,0.4,0.1,0,0,0,0.4,0.1,0.4,42
120,63,1,15,6.1,1.5,0.5,0,1,6.1,1.5,3.8,547.1
123,63,1,2,0.8,0.2,0.1,0,0.1,0.8,0.2,0.5,72.9
124,63,1,1,0.4,0.1,0,0,0.1,0.4,0.1,0.3,36.5
2,64,1,7,2.7,0.5,0.4,0,0.3,2.7,0.4,2.3,338.1
3,64,1,3,1.1,0.2,0.2,0,0.1,1.1,0.2,1,144.9
6,64,1,1,0.5,0.3,0,0.1,0,0.4,0.1,0.4,54.8
8,64,0,79,36,14,4,8,2,28,1,22,3484
9,64,0,62,38,24,1,13,1,25,8,12,3149
10,64,0,213.5,123,72,3,55,7,68,18,44,9173
11,64,0,221,113,62,6,58,7,55,10,38,8967
12,64,0,182.5,90,38,3,39,13,51,21,29,6148
13,64,0,65.5,37,19,0,25,8,12,9,11,2539
14,64,1,14,4.8,0.7,1,0,0.3,4.8,0,4.4,544.3
15,64,1,12,4.7,0.5,0.2,0,0.7,4.7,0.2,3.7,454.8
21,64,1,20,8.3,1.5,0.2,0,0.8,8.3,0.4,7.1,1082.9
22,64,0,29,12,1,0,0,1,12,0,10,1796
23,64,1,24,10,1.8,0.2,0,1,10,0.5,8.5,1299.5
24,64,1,12.5,5.2,0.9,0.1,0,0.5,5.2,0.3,4.4,676.8
29,64,0,35,14,4,1,0,1,14,0,11,1309
31,64,1,7,2.8,0.7,0.1,0,0.4,2.8,0.1,2.5,383.5
32,64,1,19.5,7.9,2.1,0.3,0,1.2,7.9,0.2,6.9,1068.2
38,64,1,20,6.8,0.8,0.5,0.1,0.8,6.7,0.3,6.1,948.6
39,64,1,29,9.9,1.1,0.8,0.2,1.1,9.7,0.4,8.9,1375.5
40,64,1,9,3.6,0.7,0.1,0,0.2,3.6,0.3,3.3,460.4
41,64,1,24,9.6,1.8,0.2,0,0.5,9.6,0.7,8.9,1227.6
42,64,1,27,10.8,2,0.2,0,0.6,10.8,0.8,10,1381.1
43,64,0,44,13,2,3,0,0,13,0,13,2059
44,64,1,20,8,1.5,0.2,0,0.5,8,0.6,7.4,1023
45,64,1,7.5,3,0.9,0.4,0,0.6,3,0.4,2.8,354.5
46,64,1,3,1.2,0.3,0.2,0,0.2,1.2,0.2,1.1,141.8
48,64,1,17,6.8,2,0.9,0,1.3,6.8,0.9,6.4,803.5
49,64,1,13,5.2,1.5,0.7,0,1,5.2,0.7,4.9,614.4
53,64,1,14.5,6.4,2.6,0.6,0,0,6.4,0.3,5,703.9
54,64,1,7,3.1,1.3,0.3,0,0,3.1,0.1,2.4,339.8
58,64,1,2,0.8,0.2,0.1,0,0.1,0.8,0.2,0.6,98.1
65,64,0,38,14,2,1,0,1,14,1,14,1753
66,64,0,32,13,2,2,0,1,13,0,13,1590
67,64,1,19,7.8,1.5,0.4,0,0.9,7.8,0.7,6.9,941.9
68,64,0,38,15,2,1,0,2,15,1,13,1994
69,64,0,45,14,0,2,0,1,14,0,13,1753
70,64,1,4,1.6,0.3,0.1,0,0.2,1.6,0,1.2,209.4
72,64,1,8,3.1,0.6,0.2,0,0.3,3.1,0,2.4,418.7
79,64,1,59.5,21.6,3.2,1.6,0,1.6,21.6,2.4,15.2,2159.6
80,64,0,64.5,22,3,4,0,3,22,4,18,2394
81,64,1,12,4.6,0.7,0.3,0,0.5,4.6,1.1,3.9,505.4
83,64,1,32,12.2,1.9,0.8,0,1.4,12.2,3,10.5,1347.8
84,64,1,13,4.9,0.8,0.3,0,0.5,4.9,1.2,4.3,547.5
85,64,1,3,1.1,0.3,0.1,0,0.1,1.1,0.2,0.9,123.3
87,64,1,4,1.5,0.4,0.2,0,0.2,1.5,0.3,1.2,164.4
89,64,1,7,2.6,0.6,0.3,0,0.3,2.6,0.5,2,287.6
90,64,0,48.5,21,6,2,0,1,21,0,21,2308
91,64,1,25,9.2,1.8,1.1,0,1.1,9.2,0.9,7.9,1140.1
92,64,1,14,5.1,1,0.6,0,0.6,5.1,0.5,4.4,638.4
93,64,1,27,9.9,2,1.2,0,1.2,9.9,1,8.5,1231.3
101,64,1,5,2,0.6,0.2,0,0.4,2,0.5,1.7,215.8
108,64,1,2,0.8,0.2,0.1,0.1,0,0.7,0.1,0.7,81.6
109,64,1,5,2,0.5,0.2,0.2,0.1,1.8,0.4,1.6,203.9
110,64,1,33.5,12,3.6,2.7,0,0.9,12,0.6,11.7,1306
111,64,1,15,5.4,1.6,1.2,0,0.4,5.4,0.3,5.2,584.8
112,64,1,1,0.4,0.1,0.1,0,0,0.4,0,0.3,39
113,64,1,21,7.5,2.3,1.7,0,0.6,7.5,0.4,7.3,818.7
114,64,1,20,7.2,2.2,1.6,0,0.5,7.2,0.4,7,779.7
115,64,1,3,1.2,0.3,0.1,0,0.1,1.2,0.2,1.1,125.9
116,64,1,5,2,0.4,0.1,0,0.2,2,0.3,1.8,209.9
117,64,1,14,5.5,1.2,0.4,0,0.7,5.5,0.9,4.9,587.6
118,64,0,33,11,1,1,0,1,11,1,7,1138
119,64,1,2,0.8,0.2,0.1,0,0.1,0.8,0.1,0.7,83.9
120,64,1,2.5,1,0.3,0.1,0,0.2,1,0.3,0.6,91.2
123,64,1,12.5,5.1,1.3,0.4,0,0.8,5.1,1.3,3.2,455.9
125,64,1,1,0.5,0.2,0,0,0.1,0.5,0.1,0.4,48.9
1,65,1,9,3.4,0.7,0.5,0,0.4,3.4,0.5,3,434.7
7,65,1,2,1.1,0.6,0,0.2,0.1,0.9,0.1,0.7,109.7
8,65,1,5,2.7,1.4,0,0.6,0.1,2.1,0.3,1.9,274.1
9,65,0,65,31,11,1,3,6,28,4,20,3115
10,65,0,112,62,32,2,34,9,28,7,38,5093
11,65,0,144,73,29,2,46,17,27,12,21,5736
12,65,0,107,58,24,1,33,15,25,8,16,3568
13,65,0,72,35,15,1,4,4,31,6,26,3394
14,65,0,106,48,11,1,0,5,48,4,42,4534
15,65,0,78.5,40,12,0,0,3,40,4,36,3642
16,65,1,31,12,1.3,0.6,0,1.9,12,0.6,9.5,1174.8
21,65,1,3,1.2,0.2,0,0,0.1,1.2,0.1,1.1,162.4
22,65,0,38,16,5,2,0,1,16,3,10,1561
23,65,1,10,4.2,0.7,0.1,0,0.4,4.2,0.2,3.5,541.5
32,65,0,29,13,2,0,0,1,13,0,12,1655
38,65,1,29,9.9,1.1,0.8,0.2,1.1,9.7,0.4,8.9,1375.5
39,65,0,46,14,0,2,0,0,14,0,14,1885
40,65,0,47,16,2,0,0,3,16,2,14,1763
41,65,1,7,2.8,0.5,0.1,0,0.2,2.8,0.2,2.6,358.1
43,65,1,5,2,0.4,0,0,0.1,2,0.2,1.9,255.8
44,65,0,28.5,13,5,0,0,1,13,0,11,1630
45,65,1,2,0.8,0.2,0.1,0,0.2,0.8,0.1,0.7,94.5
46,65,1,12,4.8,1.4,0.6,0,0.9,4.8,0.6,4.5,567.2
47,65,0,27,11,3,1,2,2,9,3,9,1353
48,65,0,42.5,14,3,1,0,0,14,2,14,2021
49,65,0,108,37,8,7,3,8,34,8,11,3529
50,65,0,36.5,12,1,1,0,1,12,0,9,1466
51,65,1,2,0.9,0.4,0.1,0,0,0.9,0,0.7,97.1
52,65,0,32,12,0,0,0,1,12,1,10,1366
53,65,1,4,1.8,0.7,0.2,0,0,1.8,0.1,1.4,194.2
58,65,1,1,0.4,0.1,0,0,0.1,0.4,0.1,0.3,49.1
65,65,0,37,12,0,2,0,0,12,0,12,1589
66,65,0,43,16,3,0,0,1,16,0,14,2094
67,65,0,61,25,5,2,0,3,25,2,24,2826
68,65,1,8,3.3,0.6,0.2,0,0.4,3.3,0.3,2.9,396.6
78,65,1,4,1.4,0.2,0.1,0,0.1,1.4,0.2,1,145.2
79,65,0,43,21,8,1,0,2,21,3,18,1805
80,65,0,106.5,43,10,3,1,3,42,10,30,4417
81,65,1,13,4.9,0.8,0.3,0,0.5,4.9,1.2,4.3,547.5
82,65,0,42,15,4,3,0,1,15,1,13,1820
83,65,0,53,20,1,2,0,0,20,2,20,2108
84,65,1,9,3.4,0.5,0.2,0,0.4,3.4,0.8,3,379.1
85,65,1,10,3.7,0.9,0.5,0,0.5,3.7,0.8,2.9,410.9
89,65,1,4,1.5,0.4,0.2,0,0.2,1.5,0.3,1.2,164.4
100,65,1,3,1.2,0.4,0.1,0,0.3,1.2,0.3,1,129.5
101,65,1,4,1.6,0.5,0.2,0,0.3,1.6,0.4,1.4,172.7
111,65,1,3,1.1,0.3,0.2,0,0.1,1.1,0.1,1,117
112,65,1,1,0.4,0.1,0.1,0,0,0.4,0,0.3,39
116,65,1,1,0.4,0.1,0,0,0,0.4,0.1,0.4,42
117,65,1,12,4.7,1,0.3,0,0.6,4.7,0.8,4.2,503.7
118,65,1,8,3.1,0.7,0.2,0,0.4,3.1,0.5,2.8,335.8
119,65,1,7,2.7,0.6,0.2,0,0.3,2.7,0.5,2.5,293.8
122,65,1,3,1.2,0.3,0.1,0,0.2,1.2,0.3,0.8,109.4
123,65,1,7,2.8,0.7,0.2,0,0.5,2.8,0.7,1.8,255.3
124,65,1,10,4.1,1,0.3,0,0.7,4.1,1,2.5,364.7
125,65,1,20.5,9.9,4.6,0.8,0.8,1.9,9.1,2.4,7.5,1001.7
126,65,1,12,5.8,2.7,0.5,0.5,1.1,5.3,1.4,4.4,586.4
127,65,1,13,6.3,2.9,0.5,0.5,1.2,5.8,1.5,4.8,635.2
0,66,1,4,1.5,0.3,0.2,0,0.2,1.5,0.2,1.3,193.2
7,66,1,3,1.6,0.9,0,0.3,0.1,1.3,0.2,1.1,164.5
8,66,1,14,7.6,4,0,1.6,0.4,6,0.8,5.2,767.6
9,66,0,109,50,14,1,6,8,44,3,36,4666
10,66,0,42,19,5,1,0,2,19,1,16,2172
12,66,0,77,27,6,5,5,4,22,6,16,2419
13,66,0,41,18,7,2,1,2,17,3,14,1838
14,66,1,27,9.2,1.3,2,0,0.7,9.2,0,8.6,1049.7
15,66,0,47,14,1,4,0,1,14,0,13,1623
16,66,0,28,17,8,0,0,4,17,4,3,1022
17,66,1,2,0.8,0.1,0,0,0.1,0.8,0,0.6,75.8
19,66,1,4,1.6,0.2,0.1,0,0.2,1.6,0.1,1.2,151.6
20,66,1,8,3.3,0.6,0.1,0,0.3,3.3,0.2,2.8,433.2
25,66,1,2,0.9,0.2,0,0,0.1,0.9,0.1,0.8,111.2
26,66,1,4,1.7,0.4,0,0,0.2,1.7,0.1,1.6,222.5
27,66,1,4,1.7,0.4,0,0,0.2,1.7,0.1,1.6,222.5
31,66,1,26,10.6,2.8,0.5,0,1.6,10.6,0.2,9.2,1424.2
32,66,1,22,9,2.3,0.4,0,1.4,9,0.2,7.8,1205.1
38,66,1,12,4.1,0.5,0.3,0.1,0.5,4,0.2,3.7,569.2
39,66,0,57,20,3,1,0,0,20,3,16,2306
40,66,1,17,6.8,1.3,0.1,0,0.4,6.8,0.5,6.3,869.6
44,66,1,2,0.8,0.2,0,0,0,0.8,0.1,0.7,102.3
46,66,1,4,1.6,0.5,0.2,0,0.3,1.6,0.2,1.5,189.1
47,66,1,2,0.8,0.2,0.1,0,0.2,0.8,0.1,0.7,94.5
49,66,0,30,11,2,1,0,0,11,0,10,1118
50,66,0,63,23,3,1,0,1,23,0,22,2563
51,66,1,20,8.9,3.6,0.8,0,0,8.9,0.4,6.9,970.9
62,66,1,4,1.5,0.4,0.4,0,0,1.5,0.3,1.3,219.1
65,66,1,2,0.8,0.2,0,0,0.1,0.8,0.1,0.7,99.1
66,66,1,16,6.6,1.2,0.4,0,0.8,6.6,0.6,5.8,793.2
67,66,1,1,0.4,0.1,0,0,0,0.4,0,0.4,49.6
68,66,1,11,4.5,0.9,0.2,0,0.5,4.5,0.4,4,545.3
79,66,1,6,2.2,0.3,0.2,0,0.2,2.2,0.2,1.5,217.8
80,66,1,5,1.9,0.3,0.1,0,0.2,1.9,0.5,1.6,210.6
81,66,1,6,2.3,0.4,0.2,0,0.3,2.3,0.6,2,252.7
83,66,1,16,6.1,0.9,0.4,0,0.7,6.1,1.5,5.3,673.9
84,66,0,31,11,2,1,0,0,11,0,9,1154
85,66,1,4,1.5,0.4,0.2,0,0.2,1.5,0.3,1.2,164.4
86,66,1,8,3,0.7,0.4,0,0.4,3,0.6,2.3,328.7
100,66,1,11,4.3,1.4,0.5,0,0.9,4.3,1.1,3.7,474.9
101,66,1,2,0.8,0.3,0.1,0,0.2,0.8,0.2,0.7,86.3
117,66,1,14,5.5,1.2,0.4,0,0.7,5.5,0.9,4.9,587.6
119,66,1,4,1.6,0.3,0.1,0,0.2,1.6,0.3,1.4,167.9
127,66,1,7,3.4,1.6,0.3,0.3,0.6,3.1,0.8,2.6,342
7,67,1,8.5,3.2,0.8,0.3,0,0.1,3.2,0.2,2.7,380.4
8,67,1,16,6.1,1.5,0.6,0,0.2,6.1,0.4,5.1,716
9,67,1,14.5,5.5,1.3,0.6,0,0.2,5.5,0.4,4.6,648.9
10,67,1,9,3.6,0.5,0.3,0,1,3.6,0,2.8,397
11,67,1,6,2.4,0.3,0.2,0,0.7,2.4,0,1.9,264.7
12,67,1,20,8,1.1,0.6,0,2.3,8,0,6.3,882.3
13,67,0,87.5,34,8,3,6,3,28,0,21,3356
14,67,0,59,21,5,1,0,1,21,1,18,2575
15,67,1,15,5.3,0.8,0.5,0,0.3,5.3,0,4.8,690.8
20,67,1,6,2.4,0.7,0.2,0.3,0.2,2.1,0.3,1.7,275.5
21,67,1,12,4.7,1.4,0.3,0.5,0.5,4.2,0.6,3.5,550.9
22,67,1,19,7.5,2.2,0.5,0.7,0.7,6.8,1,5.5,872.3
23,67,0,54,19,1,1,0,2,19,1,17,2890
24,67,0,31,12,2,1,0,0,12,0,12,1542
25,67,1,12,4.1,0.4,0.6,0,0.1,4.1,0,3.7,552.6
26,67,1,28,9.7,1,1.3,0,0.3,9.7,0,8.7,1289.3
48,67,1,6,2.4,0.5,0.1,0.1,0,2.3,0.1,2.2,297.2
49,67,1,18,7.2,1.4,0.3,0.2,0,7,0.3,6.6,891.6
50,67,0,39.5,13,0,1,0,1,13,0,11,1364
62,67,1,6,2.2,0.6,0.6,0,0,2.2,0.4,2,328.6
67,67,1,18.5,6.5,0.7,0.4,0,0.4,6.5,0.4,5,963.4
68,67,1,2,0.7,0.1,0,0,0,0.7,0,0.5,104.2
69,67,1,4,1.4,0.2,0.1,0,0.1,1.4,0.1,1.1,208.3
79,67,1,2,0.8,0.2,0,0,0.1,0.8,0,0.7,93.9
80,67,1,1,0.4,0.1,0,0.1,0.1,0.3,0.1,0.3,46.6
83,67,0,51,16,2,1,0,2,16,1,15,2077
84,67,1,21,8.3,1.9,0.6,1,1.7,7.3,1.2,5.8,978.2
85,67,1,4,1.5,0.4,0.2,0,0.1,1.5,0.1,1.2,156.4
101,67,1,12,4.7,1.5,0.5,0,1,4.7,1.2,4.1,518
127,67,1,2,0.8,0.2,0.1,0,0.1,0.8,0.2,0.5,72.9
8,68,1,2,0.8,0.2,0.1,0,0,0.8,0.1,0.6,89.5
14,68,0,61,20,3,1,0,0,20,1,17,2170
15,68,0,88,34,9,1,0,1,34,1,23,3285
16,68,1,5,1.8,0.3,0.2,0,0.1,1.8,0,1.6,230.3
19,68,1,10,3.5,0.5,0.3,0,0.2,3.5,0,3.2,460.5
20,68,0,39,13,1,4,0,0,13,0,13,1800
21,68,1,8,3.1,0.9,0.2,0.3,0.3,2.8,0.4,2.3,367.3
22,68,1,12,4.7,1.4,0.3,0.5,0.5,4.2,0.6,3.5,550.9
23,68,1,7,2.7,0.8,0.2,0.2,0.3,2.5,0.4,2,321.4
24,68,1,8,3.1,0.9,0.2,0.3,0.3,2.8,0.4,2.3,367.3
44,68,1,1,0.4,0.1,0.1,0,0.1,0.4,0.1,0.4,47.3
45,68,1,1,0.4,0.1,0,0,0,0.4,0,0.4,49.5
46,68,1,19,7.6,1.4,0.3,0.2,0,7.4,0.3,6.9,941.1
47,68,0,66,24,4,3,1,3,23,3,20,2983
48,68,0,63.5,30,14,3,4,2,26,2,17,2915
49,68,0,80,36,8,0,3,7,33,2,21,4083
50,68,1,13,5,1.1,0.6,0,0.7,5,0.6,4.1,566.9
51,68,0,33,14,4,1,0,1,14,0,10,1863
52,68,1,16,6.2,1.4,0.7,0,0.8,6.2,0.7,5.1,697.7
65,68,1,3,1,0.1,0.1,0,0.1,1,0.1,0.8,156.2
67,68,1,5,1.7,0.2,0.1,0,0.1,1.7,0.1,1.4,260.4
81,68,1,2.5,1,0.2,0.1,0.1,0.2,0.9,0.1,0.7,116.5
82,68,1,8,3.2,0.7,0.2,0.4,0.6,2.8,0.5,2.2,372.7
83,68,0,17,11,7,0,0,2,11,0,8,806
84,68,1,2,0.8,0.2,0.1,0.1,0.2,0.7,0.1,0.6,93.2
94,68,1,4.5,2,0.6,0.1,0,0.1,2,0.3,1.5,221.3
100,68,1,2,0.8,0.3,0.1,0,0.2,0.8,0.2,0.7,86.3
101,68,1,5,2,0.6,0.2,0,0.4,2,0.5,1.7,215.8
8,69,1,1,0.4,0.1,0,0,0,0.4,0,0.3,44.8
15,69,1,1,0.4,0.1,0,0,0,0.4,0,0.3,46.1
16,69,1,16,5.6,0.8,0.5,0,0.3,5.6,0,5.1,736.8
18,69,1,4,1.4,0.2,0.1,0,0.1,1.4,0,1.3,184.2
19,69,1,3,1.1,0.2,0.1,0,0.1,1.1,0,1,138.2
20,69,1,4,1.6,0.5,0.1,0.2,0.2,1.4,0.2,1.2,183.6
28,69,1,8,2.8,0.3,0.4,0,0.1,2.8,0,2.5,368.4
29,69,1,3,1,0.1,0.1,0,0,1,0,0.9,138.1
44,69,1,5,2,0.6,0.3,0,0.4,2,0.3,1.9,236.3
45,69,1,28,11.2,2.1,0.5,0.3,0,10.9,0.5,10.2,1386.9
46,69,0,43.5,16,4,1,0,1,16,0,12,1861
47,69,0,96.5,45,17,2,5,7,40,7,37,4518
48,69,1,20,8,1.5,0.3,0.2,0,7.8,0.3,7.3,990.7
49,69,0,44.5,17,1,1,0,2,17,0,13,1920
50,69,1,2,0.8,0.2,0.1,0,0.1,0.8,0.1,0.6,87.2
51,69,1,18.5,7.1,1.6,0.8,0,1,7.1,0.8,5.8,806.7
52,69,0,41,19,6,2,0,1,19,3,13,2286
53,69,1,31.5,12.2,2.8,1.4,0,1.7,12.2,1.4,9.9,1373.6
54,69,0,36,12,1,1,0,1,12,0,12,1459
55,69,1,25,9.1,1.1,0.6,0,1.7,9.1,0,8,1318.2
81,69,0,33,16,5,0,0,1,16,4,10,1603
82,69,0,69.5,30,10,2,0,2,30,3,19,2977
83,69,1,16,6.3,1.4,0.5,0.8,1.3,5.5,0.9,4.4,745.3
85,69,1,24,8.8,2.1,1.1,0,0.4,8.8,0.7,7,938.6
86,69,1,10,3.6,0.9,0.4,0,0.1,3.6,0.3,2.9,391.1
94,69,1,5,2.2,0.7,0.1,0,0.1,2.2,0.3,1.7,245.9
95,69,1,5,2.2,0.7,0.1,0,0.1,2.2,0.3,1.7,245.9
96,69,1,6,2.6,0.8,0.1,0,0.1,2.6,0.4,2,295
97,69,1,2,0.9,0.3,0,0,0,0.9,0.1,0.7,98.3
100,69,1,2,0.8,0.3,0.1,0,0.2,0.8,0.2,0.7,86.3
8,70,1,4,1.5,0.4,0.2,0,0.1,1.5,0.1,1.3,179
9,70,1,4,1.5,0.4,0.2,0,0.1,1.5,0.1,1.3,179
17,70,1,5.5,1.9,0.3,0.2,0,0.1,1.9,0,1.8,253.3
27,70,1,9,3.1,0.3,0.4,0,0.1,3.1,0,2.8,414.4
28,70,0,61.5,24,6,1,2,2,22,2,15,2763
29,70,0,34,18,6,0,0,2,18,0,14,2003
30,70,1,5,2.1,0.6,0.2,0,0,2.1,0,1.5,256.7
45,70,1,7,2.8,0.5,0.1,0.1,0,2.7,0.1,2.6,346.7
46,70,0,26,11,4,0,0,0,11,0,11,1149
47,70,0,52,21,7,3,0,0,21,5,19,2930
48,70,1,10,4,0.8,0.2,0.1,0,3.9,0.2,3.6,495.3
49,70,1,7,2.8,0.5,0.1,0.1,0,2.7,0.1,2.6,346.7
50,70,1,22,8.5,1.9,1,0,1.2,8.5,1,6.9,959.3
53,70,0,35,18,8,0,0,0,18,2,14,2130
54,70,1,7,2.7,0.6,0.3,0,0.4,2.7,0.3,2.2,305.2
55,70,1,7,2.5,0.3,0.2,0,0.5,2.5,0,2.2,369.1
56,70,1,12,4.4,0.5,0.3,0,0.8,4.4,0,3.8,632.7
63,70,1,1,0.4,0.1,0.1,0,0,0.4,0.1,0.3,54.8
65,70,1,6,2.1,0.2,0.1,0,0.1,2.1,0.1,1.6,312.5
78,70,1,7,2.9,0.7,0,0,0.3,2.9,0,2.5,328.7
79,70,1,24,10,2.3,0,0,0.9,10,0,8.6,1127.1
80,70,1,20.5,8.1,1.8,0.6,1,1.6,7.1,1.2,5.7,954.9
81,70,0,59,20,2,3,0,2,20,1,18,2147
82,70,0,26,13,6,0,6,0,7,4,6,1181
83,70,0,36.5,17,7,2,9,2,8,3,8,1408
84,70,0,45,25,12,0,8,1,17,4,14,2966
85,70,0,28,12,2,0,2,0,10,3,9,1269
91,70,1,1,0.4,0.1,0,0,0,0.4,0.1,0.3,49.2
92,70,1,2,0.9,0.3,0,0,0,0.9,0.1,0.7,98.3
93,70,1,1,0.4,0.1,0,0,0,0.4,0.1,0.3,49.2
94,70,1,3,1.3,0.4,0,0,0,1.3,0.2,1,147.5
100,70,1,2,0.8,0.3,0.1,0,0.2,0.8,0.2,0.7,86.3
3,71,1,13,5,1.2,0.5,0,0.2,5,0.3,4.1,581.8
4,71,1,1,0.4,0.1,0,0,0,0.4,0,0.3,44.8
8,71,1,6,2.3,0.6,0.2,0,0.1,2.3,0.2,1.9,268.5
9,71,1,6,2.3,0.6,0.2,0,0.1,2.3,0.2,1.9,268.5
21,71,1,3,1.2,0.3,0.1,0.1,0.1,1.1,0.2,0.9,137.7
25,71,1,3,1,0.1,0.1,0,0,1,0,0.9,138.1
26,71,1,24,8.3,0.8,1.1,0,0.3,8.3,0,7.4,1105.1
27,71,0,44,18,4,1,0,2,18,0,18,2505
28,71,0,49,19,6,2,0,1,19,1,14,2349
29,71,0,85,34,8,2,0,4,34,1,24,4053
30,71,1,21,8.9,2.4,0.8,0,0,8.9,0,6.5,1078.3
47,71,0,46.5,18,3,0,0,2,18,1,17,2261
49,71,1,2,0.8,0.2,0,0,0,0.8,0,0.7,99.1
52,71,1,4,1.5,0.4,0.2,0,0.2,1.5,0.2,1.3,174.4
53,71,0,34,11,1,0,0,1,11,1,11,1326
63,71,1,2,0.7,0.2,0.2,0,0,0.7,0.1,0.7,109.5
65,71,1,11,3.8,0.4,0.2,0,0.2,3.8,0.2,3,572.9
66,71,1,2,0.7,0.1,0,0,0,0.7,0,0.5,104.2
78,71,1,20,8.3,1.9,0,0,0.8,8.3,0,7.2,939.2
79,71,0,58.5,22,4,1,0,3,22,1,20,2455
80,71,0,58.5,21,3,3,0,3,21,4,20,2560
81,71,1,12.5,4.9,1.1,0.4,0.6,1,4.3,0.7,3.4,582.3
84,71,1,18,7.1,1.6,0.5,0.9,1.4,6.2,1.1,5,838.5
85,71,0,115,45,13,5,14,10,31,10,24,5009
86,71,0,28.5,13,6,1,4,1,9,4,8,1181
88,71,1,5,1.8,0.4,0.2,0,0.1,1.8,0.1,1.5,195.5
89,71,1,25.5,9.3,2.2,1.1,0,0.4,9.3,0.7,7.4,997.3
90,71,1,5,2.2,0.7,0.1,0,0.1,2.2,0.3,1.7,245.9
91,71,1,19,8.3,2.6,0.3,0,0.3,8.3,1.1,6.3,934.3
92,71,1,8,3.5,1.1,0.1,0,0.1,3.5,0.5,2.6,393.4
95,71,1,2,0.9,0.3,0,0,0,0.9,0.1,0.7,98.3
99,71,1,3,1.3,0.4,0,0,0,1.3,0.2,1,147.5
100,71,1,7,2.8,0.9,0.3,0,0.6,2.8,0.7,2.4,302.2
3,72,1,4,1.3,0.1,0.2,0,0,1.3,0,1,154.6
8,72,1,3,1,0.1,0.1,0,0,1,0,0.8,116
9,72,1,3,1,0.1,0.1,0,0,1,0,0.8,116
18,72,1,1,0.4,0.1,0,0,0,0.4,0,0.4,53.4
25,72,1,24.5,9.2,1.1,0.4,0,0.4,9.2,0,8.5,1285.8
26,72,0,28,12,4,1,0,0,12,0,7,1598
27,72,0,68,25,5,3,0,4,25,2,19,3084
28,72,1,26,9.8,1.2,0.4,0,0.4,9.8,0,9,1364.5
29,72,0,37,11,1,2,2,1,9,0,8,1526
30,72,1,3,1.1,0.2,0,0,0,1.1,0,1,161.3
41,72,1,5,1.8,0.5,0.3,0,0.1,1.8,0.2,1.7,231.1
46,72,1,4,1.5,0.3,0.2,0,0,1.5,0.2,1.3,172.9
47,72,0,40,15,2,2,0,1,15,0,15,1586
52,72,1,2,0.9,0.2,0.1,0,0,0.9,0.1,0.8,108.6
53,72,1,9,3.9,1,0.3,0,0.1,3.9,0.3,3.8,488.6
54,72,1,2,0.9,0.2,0.1,0,0,0.9,0.1,0.8,108.6
64,72,1,2,0.9,0.3,0,0,0.1,0.9,0.3,0.5,87.1
77,72,0,48,19,3,1,0,4,19,8,12,1868
78,72,0,64.5,25,8,1,1,3,24,3,21,2376
79,72,1,30,13.1,3.8,0,0,0.8,13.1,3.8,7.7,1306.9
80,72,0,47.5,22,6,0,0,2,22,3,21,2228
83,72,0,53.5,23,7,1,21,5,2,13,1,1670
84,72,1,33,14.4,6,0,0,1.2,14.4,5.4,8.4,1296.6
85,72,0,148,62,19,3,10,13,52,15,20,5489
86,72,0,75,26,3,4,0,3,26,4,22,3283
87,72,1,11,4.7,1.2,0,0.2,0.5,4.5,1,2.7,408.2
88,72,1,21,8.9,2.2,0,0.3,1,8.6,1.9,5.1,779.2
89,72,0,64,27,7,0,0,6,27,3,19,2828
90,72,0,76,27,4,4,0,4,27,3,22,2876
91,72,1,7,2.6,0.5,0.2,0,0.5,2.6,0.3,1.9,352.2
9,73,1,9,3,0.3,0.4,0,0.1,3,0.1,2.4,347.9
10,73,1,2,0.7,0.1,0.1,0,0,0.7,0,0.7,93.8
17,73,1,18,7,1.8,0.5,0.5,0.2,6.5,0.8,6.5,961.8
18,73,1,5,1.9,0.5,0.1,0.1,0.1,1.8,0.2,1.8,267.2
27,73,1,5,1.9,0.2,0.1,0,0.1,1.9,0,1.7,262.4
28,73,1,2,0.8,0.1,0,0,0,0.8,0,0.7,105
29,73,1,9,3.4,0.4,0.1,0,0.1,3.4,0,3.1,472.3
30,73,0,39.5,16,3,0,0,1,16,4,15,2049
31,73,1,10,3.8,0.7,0.1,0,0,3.8,0,3.4,537.7
43,73,1,5,1.8,0.5,0.3,0,0.1,1.8,0.2,1.7,231.1
44,73,1,4,1.5,0.4,0.3,0,0.1,1.5,0.2,1.3,184.9
46,73,1,23,8.7,1.9,0.9,0,0,8.7,0.9,7.7,994.4
47,73,1,30,11.3,2.4,1.2,0,0,11.3,1.2,10.1,1297
48,73,1,5,1.9,0.4,0.2,0,0,1.9,0.2,1.7,216.2
52,73,1,2,0.9,0.2,0.1,0,0,0.9,0.1,0.8,108.6
53,73,1,1,0.4,0.1,0,0,0,0.4,0,0.4,54.3
54,73,1,5,2.2,0.6,0.2,0,0.1,2.2,0.2,2.1,271.5
77,73,0,51,21,5,2,0,3,21,4,16,2405
78,73,0,88.5,39,12,3,1,5,38,6,24,4272
79,73,0,62,26,9,2,5,1,21,2,17,2587
83,73,1,3,1.3,0.5,0,0,0.1,1.3,0.5,0.8,117.9
84,73,0,68.5,35,14,0,0,3,35,11,13,2651
85,73,0,201.5,70,21,12,0,15,70,36,5,5254
86,73,0,107.5,48,15,3,10,7,38,8,29,4489
87,73,0,136.5,55,17,5,2,10,53,12,34,5181
88,73,0,50.5,26,11,1,2,6,24,4,20,2797
89,73,1,15,6.4,1.6,0,0.2,0.7,6.2,1.4,3.6,556.6
90,73,0,73,29,7,3,0,1,29,4,24,3247
91,73,1,1,0.4,0.1,0,0,0.1,0.4,0,0.3,50.3
94,73,1,9,3.4,0.7,0.3,0,0.7,3.4,0.4,2.4,452.8
9,74,1,22,7.3,0.6,1.1,0,0.2,7.3,0.2,5.8,850.3
10,74,0,38.5,16,3,0,0,1,16,0,16,1957
11,74,1,21,7.1,1,1,0,0.3,7.1,0.3,6.8,985
16,74,0,42.5,15,1,1,0,0,15,1,12,1614
17,74,0,86,27,2,7,0,1,27,1,22,3282
18,74,1,11,4.3,1.1,0.3,0.3,0.2,4,0.5,4,587.7
31,74,0,24,11,3,1,0,2,11,1,8,1312
32,74,1,27.5,10.3,1.8,0.4,0,0,10.3,0,9.2,1478.7
43,74,1,18,6.6,1.7,1.2,0,0.3,6.6,0.9,5.9,831.8
44,74,1,14,5.2,1.4,1,0,0.3,5.2,0.7,4.6,647
46,74,1,2,0.8,0.2,0.1,0,0,0.8,0.1,0.7,86.5
47,74,1,9,3.4,0.7,0.4,0,0,3.4,0.4,3,389.1
48,74,1,3,1.1,0.2,0.1,0,0,1.1,0.1,1,129.7
49,74,1,1,0.4,0.1,0,0,0,0.4,0,0.3,43.2
52,74,1,7,3,0.8,0.2,0,0.1,3,0.2,2.9,380
78,74,0,52.5,21,7,4,4,4,17,6,9,2136
84,74,1,1,0.4,0.2,0,0,0,0.4,0.2,0.3,39.3
85,74,0,53.5,20,5,4,0,3,20,3,14,2010
86,74,0,62,23,5,2,0,1,23,5,20,2261
88,74,1,4,1.7,0.4,0,0.1,0.2,1.6,0.4,1,148.4
89,74,1,2,0.8,0.2,0,0,0.1,0.8,0.2,0.5,74.2
90,74,0,27.5,11,3,1,0,1,11,1,9,1274
91,74,0,43,13,2,3,3,1,10,1,10,1543
98,74,1,26.5,10.2,2.2,0.2,0,0.7,10.2,0.7,9.1,1246.5
99,74,1,11,4.2,0.9,0.1,0,0.3,4.2,0.3,3.8,517.4
100,74,1,2,0.8,0.1,0,0,0.1,0.8,0.1,0.7,92.6
7,75,1,3,1,0.1,0.1,0,0,1,0,0.8,116
10,75,1,10,3.4,0.5,0.5,0,0.1,3.4,0.1,3.3,469
11,75,0,36,15,4,2,0,2,15,0,13,2082
12,75,0,32,11,0,0,0,0,11,0,11,1666
13,75,1,1,0.3,0,0,0,0,0.3,0,0.3,46.9
15,75,0,34,15,6,3,4,2,11,1,10,1363
16,75,0,33,13,2,0,1,2,12,2,11,1465
18,75,1,4,1.6,0.4,0.1,0.1,0.1,1.5,0.2,1.4,213.7
19,75,1,5,1.9,0.5,0.1,0.1,0.1,1.8,0.2,1.8,267.2
31,75,1,2,0.8,0.1,0,0,0,0.8,0,0.7,107.5
32,75,0,73.5,21,1,4,0,0,21,0,21,3056
33,75,1,3,1.1,0.2,0,0,0,1.1,0,1,161.3
43,75,1,5,1.8,0.5,0.3,0,0.1,1.8,0.2,1.7,231.1
44,75,1,8,3,0.8,0.5,0,0.2,3,0.4,2.6,369.7
45,75,1,9,3.4,0.7,0.4,0,0,3.4,0.4,3,389.1
47,75,1,4,1.5,0.3,0.2,0,0,1.5,0.2,1.3,172.9
50,75,1,4,1.7,0.5,0.1,0,0.1,1.7,0.1,1.7,217.2
51,75,1,4,1.7,0.5,0.1,0,0.1,1.7,0.1,1.7,217.2
78,75,1,7,3.1,0.9,0,0,0.2,3.1,0.9,1.8,304.9
85,75,1,4,1.7,0.4,0,0.1,0.2,1.6,0.4,1,148.4
86,75,0,29.5,12,4,2,0,1,12,3,9,1248
91,75,0,54,19,3,2,0,0,19,1,17,2239
92,75,1,18,6.7,1.3,0.5,0,1.3,6.7,0.8,4.8,905.6
93,75,1,5,1.9,0.4,0.1,0,0.4,1.9,0.2,1.3,251.6
94,75,1,4,1.5,0.3,0.1,0,0.3,1.5,0.2,1.1,201.3
98,75,1,21,8.1,1.8,0.2,0,0.5,8.1,0.5,7.2,987.8
99,75,1,16,6.2,1.3,0.1,0,0.4,6.2,0.4,5.5,752.6
100,75,1,3,1.2,0.2,0,0,0.2,1.2,0.2,1,138.9
103,75,1,7,2.8,0.5,0,0,0.5,2.8,0.5,2.4,324.2
6,76,1,6,2,0.2,0.3,0,0.1,2,0.1,1.6,231.9
7,76,1,6,2,0.2,0.3,0,0.1,2,0.1,1.6,231.9
8,76,1,29,9.6,0.8,1.4,0,0.3,9.6,0.3,7.6,1120.9
9,76,1,18,5.9,0.5,0.9,0,0.2,5.9,0.2,4.7,695.7
10,76,1,10,3.4,0.5,0.5,0,0.1,3.4,0.1,3.3,469
11,76,1,10,3.4,0.5,0.5,0,0.1,3.4,0.1,3.3,469
12,76,1,29,9.8,1.4,1.4,0,0.3,9.8,0.3,9.4,1360.2
13,76,0,33.5,14,2,1,0,3,14,0,11,1698
14,76,0,71,41,23,1,24,6,17,10,5,2751
15,76,0,37,15,4,1,4,2,11,1,9,1637
16,76,1,22,8.6,2.1,0.6,0.6,0.3,8,0.9,7.9,1175.5
17,76,1,4,1.6,0.4,0.1,0.1,0.1,1.5,0.2,1.4,213.7
18,76,1,2,0.8,0.2,0.1,0.1,0,0.7,0.1,0.7,106.9
32,76,0,35,14,2,0,0,0,14,1,10,1613
33,76,1,29,10.9,1.9,0.4,0,0,10.9,0,9.7,1559.4
34,76,0,33,12,3,2,0,0,12,1,9,1393
35,76,1,9,3.2,0.7,0,0,0,3.2,0,2.4,447.8
36,76,1,6,2.1,0.5,0,0,0,2.1,0,1.6,298.5
38,76,1,20,7,1.6,0,0,0,7,0,5.4,995.1
39,76,1,2,0.7,0.2,0,0,0,0.7,0,0.5,99.5
41,76,1,11,4.1,1.1,0.7,0,0.2,4.1,0.5,3.6,508.3
43,76,1,7,2.6,0.7,0.5,0,0.1,2.6,0.3,2.3,323.5
44,76,1,15,5.5,1.5,1,0,0.3,5.5,0.7,5,693.2
46,76,1,4,1.5,0.3,0.2,0,0,1.5,0.2,1.3,172.9
47,76,1,4,1.5,0.3,0.2,0,0,1.5,0.2,1.3,172.9
51,76,1,20,8.7,2.3,0.6,0,0.3,8.7,0.6,8.4,1085.8
52,76,1,6,2.6,0.7,0.2,0,0.1,2.6,0.2,2.5,325.7
86,76,1,6,2.5,0.6,0,0.1,0.3,2.4,0.5,1.5,222.6
87,76,1,3,1.3,0.3,0,0.1,0.1,1.2,0.3,0.7,111.3
91,76,0,26,12,3,0,0,2,12,2,11,1620
92,76,1,15,5.6,1.1,0.4,0,1.1,5.6,0.7,4,754.7
94,76,1,8,3,0.6,0.2,0,0.6,3,0.4,2.1,402.5
95,76,1,8,3.1,0.7,0.1,0,0.2,3.1,0.2,2.7,376.3
96,76,0,55,21,7,3,0,1,21,3,18,2275
97,76,1,29,11.2,2.4,0.2,0,0.7,11.2,0.7,9.9,1364.1
98,76,0,31,13,3,0,0,1,13,3,13,1468
99,76,0,51,17,2,1,0,1,17,4,16,2226
100,76,1,2,0.8,0.1,0,0,0.1,0.8,0.1,0.7,92.6
101,76,1,22,8.9,1.4,0,0,1.4,8.9,1.4,7.5,1018.8
102,76,1,21.5,8.7,1.4,0,0,1.4,8.7,1.4,7.3,995.6
103,76,0,37,12,2,2,0,1,12,0,10,1475
104,76,1,4,1.6,0.3,0,0,0.3,1.6,0.3,1.4,185.2
105,76,1,2,0.8,0.2,0.1,0,0.1,0.8,0.1,0.6,96
107,76,1,6,2.2,0.6,0.4,0,0.2,2.2,0.2,1.9,288
4,77,1,4,1.7,0.5,0,0.2,0.3,1.5,0.3,1.4,203.7
5,77,0,34,14,5,1,0,0,14,3,8,1493
6,77,1,15,5.7,0.9,0.2,0,0.2,5.7,0,5.5,689.6
8,77,1,2,0.8,0.1,0,0,0,0.8,0,0.7,91.9
9,77,0,42,17,5,1,0,4,17,2,11,1807
10,77,1,7,2.9,0.6,0.1,0,0.2,2.9,0.2,2.7,357.1
11,77,0,43,13,2,2,0,2,13,0,13,2065
12,77,1,19,8,1.8,0.3,0,0.5,8,0.7,7.2,969.3
13,77,0,105,50,21,5,11,9,39,8,28,4857
14,77,0,58,26,8,1,1,3,25,3,18,2863
15,77,0,42,18,6,2,0,0,18,1,10,2211
16,77,1,24,8.2,0.5,1.5,0,0.2,8.2,0.5,7.8,1090.5
17,77,1,5,1.7,0.1,0.3,0,0.1,1.7,0.1,1.6,227.2
24,77,1,3,1.2,0.3,0.1,0.1,0,1.1,0.1,0.9,156.4
31,77,1,2,0.9,0.4,0.1,0,0.2,0.9,0.2,0.6,97.5
33,77,1,2,0.9,0.4,0.1,0,0.2,0.9,0.2,0.6,97.5
34,77,1,20,9.2,4.2,0.8,0,1.7,9.2,2.5,5.8,975
35,77,0,40.5,16,3,1,0,1,16,1,8,1791
36,77,1,12,4,0.5,0.5,0,0,4,0.1,3.5,613.6
38,77,1,34,11.3,1.5,1.5,0,0,11.3,0.4,9.8,1738.5
39,77,1,6,2,0.3,0.3,0,0,2,0.1,1.7,306.8
43,77,1,6,2.3,0.5,0.1,0,0.1,2.3,0.1,1.7,265.9
44,77,1,8.5,3.3,0.7,0.2,0,0.2,3.3,0.1,2.4,376.6
45,77,1,4,1.5,0.4,0.3,0,0.1,1.5,0.2,1.3,184.9
86,77,1,2,0.9,0.4,0,0,0.1,0.9,0.3,0.5,78.6
91,77,0,31,13,1,0,0,2,13,0,12,1401
92,77,0,51,20,4,0,0,4,20,1,19,2480
93,77,1,13,4.7,0.8,0.7,0.2,0.1,4.5,0.3,4.4,578.4
94,77,1,5,1.8,0.3,0.3,0.1,0.1,1.7,0.1,1.7,222.4
95,77,1,3,1.2,0.3,0,0,0.1,1.2,0.1,1,141.1
96,77,1,4,1.5,0.3,0,0,0.1,1.5,0.1,1.4,188.2
101,77,1,23,10.2,2.1,0,0,0.5,10.2,1.1,9.6,1121.1
102,77,0,44,17,2,1,0,0,17,2,15,1879
103,77,0,67,24,5,3,0,3,24,2,18,2702
104,77,0,26.5,11,1,0,0,1,11,0,11,1142
105,77,1,12,4.5,1.1,0.8,0,0.4,4.5,0.4,3.8,576
106,77,1,12,4.5,1.1,0.8,0,0.4,4.5,0.4,3.8,576
3,78,1,27,11.7,3.4,0,1.3,1.8,10.4,1.8,9.6,1375.2
11,78,1,16,6.7,1.5,0.3,0,0.5,6.7,0.6,6.1,816.2
12,78,0,40,14,0,2,0,1,14,0,11,1784
13,78,1,15,6.3,1.4,0.3,0,0.4,6.3,0.5,5.7,765.2
14,78,1,26.5,11.1,2.4,0.5,0,0.8,11.1,0.9,10.1,1351.9
15,78,1,7,2.4,0.1,0.4,0,0.1,2.4,0.1,2.3,318.1
16,78,1,17,5.8,0.4,1.1,0,0.2,5.8,0.4,5.5,772.4
17,78,1,5,1.7,0.1,0.3,0,0.1,1.7,0.1,1.6,227.2
24,78,1,2,0.8,0.2,0.1,0.1,0,0.7,0.1,0.6,104.3
26,78,1,6,2.3,0.6,0.3,0.1,0.1,2.2,0.3,1.8,312.8
27,78,1,21.5,8.2,2.3,1,0.5,0.3,7.7,1,6.6,1120.9
28,78,1,2,0.8,0.2,0.1,0.1,0,0.7,0.1,0.6,104.3
29,78,1,7,2.7,0.7,0.3,0.2,0.1,2.5,0.3,2.2,364.9
38,78,1,29,9.7,1.3,1.3,0,0,9.7,0.3,8.4,1482.9
39,78,0,35,15,5,2,0,1,15,4,11,1576
40,78,1,9,3.5,0.7,0.2,0,0.2,3.5,0.1,2.6,398.8
41,78,1,8,3.1,0.6,0.2,0,0.2,3.1,0.1,2.3,354.5
42,78,1,21,8.2,1.7,0.5,0,0.5,8.2,0.3,6,930.5
43,78,0,35,12,0,0,0,0,12,0,11,1373
86,78,1,4,1.7,0.7,0,0,0.1,1.7,0.7,1,157.2
88,78,1,4,1.7,0.7,0,0,0.1,1.7,0.7,1,157.2
90,78,1,18,6.5,1.2,1,0.2,0.2,6.3,0.4,6.1,800.8
91,78,0,23,11,4,0,0,1,11,1,11,1262
92,78,0,36,16,5,1,0,1,16,1,16,1793
93,78,0,31.5,14,4,0,0,3,14,1,12,1619
103,78,0,47,18,4,3,1,3,17,3,14,2369
1,79,1,19,8.2,2.4,0,0.9,1.3,7.3,1.3,6.8,967.7
2,79,0,51,26,10,0,15,4,11,1,10,2228
3,79,1,12,5.2,1.5,0,0.6,0.8,4.6,0.8,4.3,611.2
10,79,1,11,4.6,1,0.2,0,0.3,4.6,0.4,4.2,561.2
11,79,0,45,19,4,0,0,0,19,3,14,2228
12,79,1,2,0.8,0.2,0,0,0.1,0.8,0.1,0.8,102
14,79,0,28,14,6,0,0,0,14,1,13,1751
16,79,1,4,1.4,0.1,0.2,0,0,1.4,0.1,1.3,181.8
25,79,1,14,5.4,1.5,0.6,0.3,0.2,5.1,0.6,4.3,729.9
26,79,1,15,5.8,1.6,0.7,0.4,0.2,5.4,0.7,4.6,782
29,79,1,10,3.8,1.1,0.5,0.2,0.2,3.6,0.5,3.1,521.4
39,79,1,6,2,0.3,0.3,0,0,2,0.1,1.7,306.8
40,79,1,8.5,3.3,0.7,0.2,0,0.2,3.3,0.1,2.4,376.6
41,79,0,42.5,17,3,0,0,3,17,1,14,1660
42,79,0,53.5,23,10,3,0,1,23,1,15,2316
43,79,1,19,7.4,1.5,0.4,0,0.4,7.4,0.3,5.4,841.9
45,79,1,7,2.6,0.7,0.5,0,0.1,2.6,0.3,2.3,323.5
86,79,1,1,0.4,0.2,0,0,0,0.4,0.2,0.3,39.3
89,79,1,7,3.1,1.3,0,0,0.3,3.1,1.1,1.8,275
90,79,0,43.5,14,1,3,0,2,14,0,13,1763
91,79,1,28,10,1.8,1.5,0.3,0.3,9.7,0.6,9.4,1245.7
92,79,1,5,1.8,0.3,0.3,0.1,0.1,1.7,0.1,1.7,222.4
93,79,0,43.5,20,5,0,5,3,15,3,13,2331
94,79,1,17,6.1,1.1,0.9,0.2,0.2,5.9,0.4,5.7,756.3
103,79,0,29,12,2,0,0,1,12,0,9,1362
104,79,1,4,1.8,0.4,0,0,0.1,1.8,0.2,1.7,195
0,80,1,1.5,0.6,0.2,0,0,0.1,0.6,0.1,0.5,76.4
2,80,1,2,0.9,0.2,0,0.1,0.1,0.8,0.1,0.7,101.9
3,80,1,11,4.8,1.4,0,0.5,0.7,4.3,0.7,3.9,560.3
8,80,1,3,1.1,0.2,0,0,0,1.1,0,1.1,137.9
9,80,1,29,11,1.8,0.4,0,0.4,11,0,10.6,1333.3
10,80,1,21,8.8,1.9,0.4,0,0.6,8.8,0.7,8,1071.3
11,80,1,4,1.7,0.4,0.1,0,0.1,1.7,0.1,1.5,204.1
12,80,1,4,1.7,0.4,0.1,0,0.1,1.7,0.1,1.5,204.1
13,80,1,30,12.6,2.8,0.5,0,0.9,12.6,1,11.4,1530.4
14,80,0,42,19,5,1,2,1,17,2,17,2125
15,80,1,12,4.1,0.2,0.8,0,0.1,4.1,0.2,3.9,545.2
25,80,1,3,1.2,0.3,0.1,0.1,0,1.1,0.1,0.9,156.4
26,80,1,5.5,2.1,0.6,0.2,0.1,0.1,2,0.2,1.7,286.7
27,80,1,4,1.5,0.4,0.2,0.1,0.1,1.4,0.2,1.2,208.5
28,80,1,6,2.3,0.6,0.3,0.1,0.1,2.2,0.3,1.8,312.8
41,80,1,16,6.2,1.3,0.4,0,0.4,6.2,0.2,4.6,708.9
42,80,1,9,3.5,0.7,0.2,0,0.2,3.5,0.1,2.6,398.8
93,80,1,5,1.8,0.3,0.3,0.1,0.1,1.7,0.1,1.7,222.4
103,80,1,5,2.2,0.5,0,0,0.1,2.2,0.2,2.1,243.7
104,80,1,4,1.8,0.4,0,0,0.1,1.8,0.2,1.7,195
3,81,1,20,8.7,2.5,0,1,1.3,7.7,1.3,7.1,1018.7
4,81,1,7.5,3.2,0.9,0,0.3,0.5,2.9,0.5,2.7,382
6,81,1,13,4.9,0.8,0.2,0,0.2,4.9,0,4.8,597.7
7,81,0,39.5,14,1,1,0,0,14,0,10,1688
8,81,0,28.5,13,1,0,0,3,13,0,11,1745
9,81,1,17,6.5,1.1,0.2,0,0.2,6.5,0,6.2,781.6
10,81,1,2,0.8,0.2,0,0,0.1,0.8,0.1,0.8,102
12,81,0,33,13,3,1,2,0,11,0,10,1456
13,81,0,79.5,31,9,3,4,2,27,0,23,3746
14,81,1,16,6.7,1.5,0.3,0,0.5,6.7,0.6,6.1,816.2
15,81,1,22,7.6,0.5,1.4,0,0.2,7.6,0.5,7.1,999.6
21,81,1,6,2.3,0.6,0.3,0.1,0.1,2.2,0.3,1.8,312.8
22,81,1,7,2.7,0.7,0.3,0.2,0.1,2.5,0.3,2.2,364.9
25,81,1,6,2.3,0.6,0.3,0.1,0.1,2.2,0.3,1.8,312.8
27,81,1,5,1.9,0.5,0.2,0.1,0.1,1.8,0.2,1.5,260.7
28,81,1,10,3.8,1.1,0.5,0.2,0.2,3.6,0.5,3.1,521.4
39,81,1,3,1,0.1,0.1,0,0,1,0,0.9,153.4
40,81,1,3,1.2,0.2,0.1,0,0.1,1.2,0,0.9,132.9
41,81,1,28,10.9,2.3,0.6,0,0.6,10.9,0.4,8,1240.6
93,81,1,1,0.4,0.1,0.1,0,0,0.4,0,0.3,44.5
104,81,1,7,3.1,0.7,0,0,0.2,3.1,0.3,2.9,341.2
3,82,1,2,0.7,0,0,0.1,0,0.6,0,0.5,95.1
4,82,1,25,9.1,0.5,0.5,1.4,0.5,7.7,0.5,6.8,1189.1
5,82,1,10,4,0.8,0.4,0,0,4,0.6,3.1,504.4
6,82,0,42,17,2,1,4,2,13,2,14,2050
7,82,1,13,5.1,1.1,0.5,0,0,5.1,0.8,4.1,655.7
8,82,1,2,0.8,0.2,0.1,0,0,0.8,0.1,0.6,100.9
10,82,1,2,0.7,0.2,0.1,0,0,0.7,0.1,0.5,72.2
11,82,1,5,1.8,0.4,0.2,0.1,0.1,1.7,0.2,1.2,180.6
12,82,1,13,4.8,1.1,0.5,0.3,0.3,4.5,0.5,3.1,469.5
13,82,0,32.5,13,1,0,0,3,13,2,11,1596
14,82,0,87,28,3,4,2,3,26,2,26,3342
15,82,1,22,7.6,0.3,0.8,0.1,0.8,7.5,0.3,7.2,1034.9
16,82,1,7,2.4,0.1,0.2,0,0.2,2.4,0.1,2.3,329.3
29,82,1,5,2.2,0.8,0.2,0.4,0.1,1.8,0,1.6,219
38,82,1,3,1.2,0.4,0.1,0,0,1.2,0.2,1.2,160.5
39,82,1,19,7.9,2.6,0.5,0,0,7.9,1.1,7.4,1016.5
104,82,1,6,2.8,1.4,0.2,0,0.2,2.8,0.4,2.6,269.8
105,82,1,7,3.3,1.6,0.2,0,0.2,3.3,0.5,3,314.8
106,82,1,10,4.7,2.3,0.3,0,0.3,4.7,0.7,4.3,449.7
107,82,1,7,3.3,1.6,0.2,0,0.2,3.3,0.5,3,314.8
4,83,1,9,3.3,0.2,0.2,0.5,0.2,2.8,0.2,2.5,428.1
5,83,1,13,5.1,1.1,0.5,0,0,5.1,0.8,4.1,655.7
10,83,1,21,7.8,1.8,0.8,0.5,0.5,7.3,0.8,5,758.5
12,83,1,2,0.7,0.2,0.1,0,0,0.7,0.1,0.5,72.2
14,83,1,5,1.8,0.4,0.2,0.1,0.1,1.7,0.2,1.2,180.6
15,83,1,17,5.9,0.2,0.6,0.1,0.6,5.8,0.2,5.5,799.7
16,83,0,33,12,2,1,0,1,12,0,10,1605
17,83,1,14,4.8,0.2,0.5,0.1,0.5,4.7,0.2,4.6,658.5
22,83,1,6,2.1,0.2,0.3,0,0,2.1,0.1,1.9,289.9
27,83,1,2,0.9,0.3,0.1,0.2,0,0.7,0,0.6,87.6
29,83,1,6,2.6,1,0.3,0.4,0.1,2.2,0,1.9,262.8
35,83,1,6,2.5,0.8,0.2,0,0,2.5,0.3,2.3,321
36,83,1,1,0.4,0.1,0,0,0,0.4,0.1,0.4,53.5
38,83,1,7,2.9,1,0.2,0,0,2.9,0.4,2.7,374.5
5,84,1,3,1.2,0.2,0.1,0,0,1.2,0.2,0.9,151.3
10,84,1,14,5.2,1.2,0.5,0.4,0.3,4.8,0.5,3.3,505.7
16,84,1,30,10.4,0.4,1.1,0.2,1.1,10.2,0.4,9.8,1411.2
17,84,1,13.5,4.7,0.2,0.5,0.1,0.5,4.6,0.2,4.4,635
20,84,1,7,2.5,0.2,0.3,0,0,2.5,0.1,2.3,338.3
21,84,1,8,2.8,0.3,0.3,0,0,2.8,0.1,2.6,386.6
22,84,1,6,2.1,0.2,0.3,0,0,2.1,0.1,1.9,289.9
27,84,1,5,2.2,0.8,0.2,0.4,0.1,1.8,0,1.6,219
28,84,1,2,0.9,0.3,0.1,0.2,0,0.7,0,0.6,87.6
29,84,1,2,0.9,0.3,0.1,0.2,0,0.7,0,0.6,87.6
30,84,0,42,14,0,2,0,1,14,0,12,1493
31,84,1,13,5,0.5,0,0,0.5,5,0,4.5,654.2
32,84,1,18,7,0.7,0,0,0.7,7,0,6.2,905.8
33,84,1,9,3.5,0.4,0,0,0.4,3.5,0,3.1,452.9
6,85,1,6,2.4,0.5,0.2,0,0,2.4,0.4,1.9,302.6
10,85,1,3,1.1,0.2,0.1,0.1,0.1,1,0.1,0.7,108.4
19,85,1,7,2.4,0.1,0.2,0,0.2,2.4,0.1,2.3,329.3
20,85,1,8,2.8,0.3,0.3,0,0,2.8,0.1,2.6,386.6
21,85,0,39,13,3,2,0,0,13,1,11,1585
22,85,1,8,2.8,0.3,0.3,0,0,2.8,0.1,2.6,386.6
23,85,1,8,2.8,0.3,0.3,0,0,2.8,0.1,2.6,386.6
26,85,1,3,1.3,0.5,0.1,0.2,0.1,1.1,0,1,131.4
29,85,0,39,20,8,1,0,0,20,1,14,2141
30,85,0,109,36,4,3,0,2,36,4,32,4367
31,85,0,58,23,5,2,0,0,23,2,21,2809
32,85,1,17,6.6,0.7,0,0,0.7,6.6,0,5.9,855.4
6,86,1,1,0.4,0.1,0,0,0,0.4,0.1,0.3,50.4
10,86,1,10,3.7,0.8,0.4,0.2,0.2,3.5,0.4,2.4,361.2
11,86,1,9,3.3,0.8,0.3,0.2,0.2,3.1,0.3,2.1,325.1
22,86,1,24,8.5,0.8,1,0,0,8.5,0.3,7.7,1159.7
23,86,1,3,1.1,0.1,0.1,0,0,1.1,0,1,145
24,86,1,15,5.3,0.5,0.6,0,0,5.3,0.2,4.8,724.8
28,86,1,19,8.2,3,0.9,1.3,0.4,6.9,0,6,832.1
29,86,0,87,39,10,2,5,7,34,5,31,3871
30,86,0,52,22,6,0,0,3,22,1,21,2748
31,86,0,25,12,5,0,0,1,12,0,12,1374
32,86,0,53,22,6,1,0,1,22,1,19,2770
33,86,1,18,7,0.7,0,0,0.7,7,0,6.2,905.8
93,86,1,1,0.4,0.1,0,0,0,0.4,0,0.3,47
7,87,1,1,0.4,0.1,0,0,0,0.4,0.1,0.3,50.4
11,87,1,8,2.8,0.1,0.3,0.1,0.3,2.7,0.1,2.6,376.3
12,87,1,4,1.4,0.1,0.1,0,0.1,1.4,0.1,1.3,188.2
15,87,1,4,1.4,0.1,0.1,0,0.1,1.4,0.1,1.3,188.2
23,87,1,2,0.7,0.1,0.1,0,0.1,0.7,0,0.6,92.2
24,87,1,21.5,7.3,0.8,0.8,0,0.8,7.3,0.3,6.5,991
25,87,1,16.5,6.7,1.6,0.3,0.3,0.3,6.4,0.7,5.8,725.7
27,87,1,7,2.8,0.7,0.1,0.1,0.1,2.7,0.3,2.5,307.9
28,87,0,62,28,10,2,2,2,26,5,14,2895
29,87,1,17,6.9,1.7,0.3,0.3,0.3,6.6,0.7,6,747.7
31,87,1,9,4,1,0.2,0,0,4,0.4,3.6,436.4
32,87,0,64,26,10,2,0,0,26,3,25,3201
33,87,1,31,13.7,3.6,0.7,0,0,13.7,1.4,12.3,1503.1
24,88,1,8,2.7,0.3,0.3,0,0.3,2.7,0.1,2.4,368.7
25,88,1,17,6.9,1.7,0.3,0.3,0.3,6.6,0.7,6,747.7
26,88,1,14,5.7,1.4,0.3,0.3,0.3,5.4,0.6,4.9,615.7
27,88,0,55.5,18,1,4,0,1,18,1,18,2027
32,88,1,3,1.3,0.3,0.1,0,0,1.3,0.1,1.2,145.5
15,89,1,2,0.7,0,0.1,0,0.1,0.7,0,0.7,94.1
16,89,1,3,1,0,0.1,0,0.1,1,0,1,141.1
22,89,1,2,0.7,0.1,0.1,0,0.1,0.7,0,0.6,92.2
25,89,1,24,9.7,2.4,0.4,0.4,0.4,9.3,1,8.4,1055.6
26,89,0,39,19,3,0,0,1,19,2,16,2686
27,89,1,25,10.2,2.5,0.5,0.5,0.5,9.7,1.1,8.8,1099.5
4,90,1,4,1.5,0.1,0.1,0.2,0.1,1.3,0.1,1.1,190.3
5,90,1,3,1.3,0.4,0.1,0,0.1,1.3,0.2,1,151.1
7,90,1,4.5,2,0.6,0.1,0.1,0.1,1.9,0.2,1.5,226.6
8,90,1,4,1.8,0.5,0.1,0.1,0.1,1.7,0.2,1.3,201.4
15,90,1,2,0.7,0,0.1,0,0.1,0.7,0,0.7,94.1
16,90,1,3,1,0,0.1,0,0.1,1,0,1,141.1
21,90,1,10,3.4,0.4,0.4,0,0.4,3.4,0.1,3,460.9
22,90,1,3,1,0.1,0.1,0,0.1,1,0,0.9,138.3
23,90,1,8,2.7,0.3,0.3,0,0.3,2.7,0.1,2.4,368.7
24,90,1,17,5.8,0.7,0.7,0,0.7,5.8,0.2,5.1,783.6
25,90,1,10,4.1,1,0.2,0.2,0.2,3.9,0.4,3.5,439.8
26,90,0,83.5,39,14,2,13,3,26,5,23,3745
27,90,1,17,6.9,1.7,0.3,0.3,0.3,6.6,0.7,6,747.7
4,91,1,15,5.5,0.3,0.3,0.8,0.3,4.7,0.3,4.1,713.5
6,91,1,25,11.1,3.1,0.4,0.5,0.4,10.6,1.3,8.4,1258.8
7,91,1,5,2.2,0.6,0.1,0.1,0.1,2.1,0.3,1.7,251.8
8,91,1,14,6.2,1.7,0.2,0.3,0.2,5.9,0.7,4.7,705
10,91,1,3,1,0,0.1,0,0.1,1,0,1,141.1
15,91,1,2,0.7,0,0.1,0,0.1,0.7,0,0.7,94.1
21,91,1,5,1.7,0.2,0.2,0,0.2,1.7,0.1,1.5,230.5
26,91,1,9,3.7,0.9,0.2,0.2,0.2,3.5,0.4,3.2,395.8
27,91,1,6,2.4,0.6,0.1,0.1,0.1,2.3,0.3,2.1,263.9
5,92,1,25,9.7,2.8,1.4,0,0.3,9.7,0.6,8.3,1147.2
6,92,0,41,19,7,1,1,1,18,3,16,2132
7,92,1,12,4.7,1.3,0.7,0,0.1,4.7,0.3,4,550.7
8,92,0,67.5,23,1,1,0,2,23,1,20,2798
9,92,1,9,3.5,1,0.5,0,0.1,3.5,0.2,3,413
10,92,0,29,12,3,0,1,0,11,0,9,1480
11,92,1,20.5,8,2.3,1,1.8,0.6,6.2,0.4,4.9,899.3
26,92,1,1,0.5,0.1,0,0,0,0.5,0,0.5,61
5,93,1,10,3.9,1.1,0.6,0,0.1,3.9,0.2,3.3,458.9
6,93,1,15,5.8,1.7,0.8,0,0.2,5.8,0.3,5,688.3
7,93,1,6,2.3,0.7,0.3,0,0.1,2.3,0.1,2,275.3
8,93,1,11,4.3,1.2,0.6,0,0.1,4.3,0.2,3.7,504.8
9,93,0,72,31,10,1,1,4,30,2,26,3136
10,93,1,5,2,0.6,0.3,0.5,0.2,1.5,0.1,1.2,219.3
11,93,1,26,10.2,2.9,1.3,2.4,0.8,7.8,0.5,6.3,1140.6
13,93,1,6,2.4,0.7,0.3,0.6,0.2,1.8,0.1,1.4,263.2
17,93,1,2,0.7,0.1,0.1,0,0,0.7,0,0.6,120.8
24,93,1,11,5.2,1.4,0,0,0.3,5.2,0.5,5.2,671.1
25,93,1,5,2.3,0.6,0,0,0.1,2.3,0.2,2.3,305.1
2,94,1,7,2.4,0.5,0.2,0,0.4,2.4,0.4,2,333.8
5,94,0,28,11,2,2,0,1,11,1,8,1247
6,94,1,2,0.8,0.2,0.1,0,0,0.8,0,0.7,91.8
7,94,0,84,32,7,2,0,2,32,1,20,3299
8,94,0,118,54,21,3,4,4,50,7,40,4479
9,94,0,27.5,11,2,1,1,3,10,0,9,1391
10,94,1,4,1.6,0.4,0.2,0.4,0.1,1.2,0.1,1,175.5
11,94,1,2,0.8,0.2,0.1,0.2,0.1,0.6,0,0.5,87.7
12,94,1,11,4.3,1.2,0.6,1,0.3,3.3,0.2,2.7,482.6
24,94,0,51,20,6,1,0,4,20,3,18,1849
25,94,1,2,0.9,0.2,0,0,0,0.9,0.1,0.9,122
0,95,1,16,5.4,1.1,0.6,0,0.8,5.4,0.8,4.5,762.9
1,95,0,42,19,2,0,2,5,17,1,16,2333
2,95,0,107.5,54,25,3,20,7,34,7,24,4715
3,95,0,37.5,19,7,0,0,1,19,4,12,2198
4,95,1,27.5,9.2,1.9,1,0,1.5,9.2,1.5,7.8,1311.2
5,95,0,67,27,8,2,8,1,19,0,14,2582
6,95,0,86.5,42,16,1,4,6,38,4,27,4221
7,95,0,82,33,8,1,0,2,33,3,32,3686
8,95,0,111,40,6,2,0,3,40,1,40,4681
9,95,0,32,14,3,0,0,1,14,0,9,1372
10,95,0,33,13,2,1,0,0,13,1,12,1790
11,95,1,24,9.4,2.7,1.2,2.2,0.7,7.2,0.5,5.8,1052.9
16,95,1,1,0.4,0,0.1,0,0,0.4,0,0.3,60.4
22,95,1,2,0.9,0.2,0,0,0,0.9,0.1,0.9,122
23,95,1,6,2.8,0.7,0,0,0.1,2.8,0.3,2.8,366.1
1,96,1,6,2,0.4,0.2,0,0.3,2,0.3,1.7,286.1
2,96,0,84.5,33,12,3,7,0,26,1,24,3390
3,96,0,118,39,6,5,1,8,38,3,15,4050
4,96,0,190,69,15,5,14,13,55,2,52,7062
5,96,0,102.5,49,19,2,2,7,47,6,25,5244
6,96,0,148.5,60,9,3,17,11,43,3,27,6576
7,96,0,73,27,3,2,0,2,27,0,27,3504
8,96,0,119,45,9,4,0,3,45,0,31,4970
11,96,1,1,0.4,0.1,0.1,0.1,0,0.3,0,0.2,43.9
17,96,1,10,3.5,0.3,0.5,0,0,3.5,0,3,604.1
21,96,1,6.5,3,0.8,0,0,0.2,3,0.3,3,396.6
22,96,1,7,3.3,0.9,0,0,0.2,3.3,0.3,3.3,427.1
1,97,1,4,1.6,0.3,0.2,0,0,1.6,0,1.5,211.2
2,97,1,7,2.8,0.5,0.3,0,0,2.8,0,2.7,369.7
3,97,1,29,11.7,2.1,1.4,0,0,11.7,0,11,1531.5
4,97,0,55.5,17,2,2,0,2,17,0,16,2036
5,97,0,63,24,3,1,0,2,24,0,17,2491
6,97,0,34,11,0,1,0,1,11,1,11,1310
8,97,0,32,12,1,0,0,1,12,0,12,1669
13,97,1,2,0.7,0.1,0.1,0,0,0.7,0,0.6,120.8
19,97,1,10,3.5,0.7,0.5,0,0.2,3.5,0.2,2.7,593.3
21,97,0,52,16,0,4,0,0,16,0,16,2166
22,97,1,27,9,0.7,1.4,0,0.7,9,0.7,8,1240.9
23,97,1,3,1,0.1,0.2,0,0.1,1,0.1,0.9,137.9
6,98,1,1,0.4,0.1,0,0,0,0.4,0,0.3,50.1
13,98,1,4,1.4,0.1,0.2,0,0,1.4,0,1.2,241.6
19,98,1,3,1,0.2,0.1,0,0.1,1,0.1,0.8,178
20,98,1,23,7.7,0.6,1.2,0,0.6,7.7,0.6,6.9,1057
21,98,0,68.5,23,4,2,0,2,23,2,22,2770
22,98,1,33,11.1,0.9,1.8,0,0.9,11.1,0.9,9.8,1516.6
23,98,1,2,0.7,0.1,0.1,0,0.1,0.7,0.1,0.6,91.9
10,99,1,4,1.4,0.1,0.2,0,0,1.4,0,1.2,241.6
11,99,1,2,0.7,0.1,0.1,0,0,0.7,0,0.6,120.8
12,99,1,2,0.7,0.1,0.1,0,0,0.7,0,0.6,120.8
20,99,1,2,0.7,0.1,0.1,0,0.1,0.7,0.1,0.6,91.9
21,99,1,23,7.7,0.6,1.2,0,0.6,7.7,0.6,6.9,1057
22,99,1,9,3,0.2,0.5,0,0.2,3,0.2,2.7,413.6
23,99,1,28,9.4,0.7,1.5,0,0.7,9.4,0.7,8.3,1286.8
24,99,1,2,0.7,0.1,0.1,0,0.1,0.7,0.1,0.6,91.9
6,100,1,2,0.8,0.1,0,0,0.1,0.8,0,0.6,100.3
12,100,1,2,0.7,0.1,0.1,0,0,0.7,0,0.6,120.8
13,100,1,5,1.8,0.1,0.3,0,0,1.8,0,1.5,302
19,100,1,4,1.4,0.3,0.2,0,0.1,1.4,0.1,1.1,237.3
20,100,1,8,2.7,0.2,0.4,0,0.2,2.7,0.2,2.4,367.7
22,100,1,5,1.7,0.1,0.3,0,0.1,1.7,0.1,1.5,229.8
23,100,1,10,3.4,0.3,0.5,0,0.3,3.4,0.3,3,459.6
1,101,1,2,0.8,0.1,0.1,0,0,0.8,0,0.8,105.6
5,101,1,23,8.8,1.2,0.4,0,0.8,8.8,0,7.2,1153.2
6,101,1,31.5,12.1,1.6,0.5,0,1.1,12.1,0,9.9,1579.4
7,101,0,59.5,22,3,3,0,3,22,1,17,2253
8,101,0,45.5,15,2,3,0,3,15,0,12,2003
14,101,1,3,1.1,0.1,0.2,0,0,1.1,0,0.9,181.2
19,101,1,23.5,8.1,1.7,1.2,0,0.6,8.1,0.6,6.4,1394.3
22,101,1,4,1.3,0.1,0.2,0,0.1,1.3,0.1,1.2,183.8
23,101,1,9,3,0.2,0.5,0,0.2,3,0.2,2.7,413.6
6,102,1,14,5.1,0.6,0.3,0,0.6,5.1,0.3,3.4,597.1
7,102,0,33,15,3,0,0,0,15,0,15,2016
8,102,0,78,33,9,2,0,2,33,2,20,3617
9,102,0,49,18,3,1,0,2,18,0,18,2228
10,102,1,20,7.7,1.4,0.7,0,1.1,7.7,0.5,7.1,1107.3
11,102,1,30,11.5,2.1,1.1,0,1.6,11.5,0.8,10.7,1661
12,102,1,9,3.5,0.6,0.3,0,0.5,3.5,0.2,3.2,498.3
13,102,1,7,2.7,0.5,0.2,0,0.4,2.7,0.2,2.5,387.6
14,102,1,28,10.8,2,1,0,1.5,10.8,0.8,10,1550.2
15,102,0,54,18,4,4,2,1,16,0,12,2129
16,102,1,15,5.2,0.8,0.8,0,0.3,5.2,0.3,4.9,653.1
18,102,1,5,1.7,0.3,0.3,0,0.1,1.7,0.1,1.6,217.7
19,102,0,59,21,2,3,0,1,21,2,19,2470
20,102,1,19,5.8,0.4,1,0,0.2,5.8,0.2,5,773
21,102,1,9,2.8,0.2,0.5,0,0.1,2.8,0.1,2.4,366.2
22,102,1,28,8.6,0.6,1.4,0,0.3,8.6,0.3,7.4,1139.1
23,102,1,36,11,0.7,1.8,0,0.4,11,0.4,9.6,1464.6
24,102,0,29,11,2,1,0,0,11,2,10,1680
25,102,1,41,16.2,3.9,1.5,0,1.5,16.2,2.3,13.2,1697.2
26,102,1,10,4,0.9,0.4,0,0.4,4,0.6,3.2,414
1,103,1,2,0.7,0.2,0.1,0.1,0,0.6,0,0.6,105
7,103,1,4,1.5,0.2,0.1,0,0.2,1.5,0.1,1,170.6
8,103,1,31,11.4,1.3,0.6,0,1.3,11.4,0.6,7.6,1322.2
9,103,0,36,14,1,1,0,0,14,2,13,1618
10,103,0,45,22,6,0,0,2,22,1,22,2795
11,103,0,37,15,2,1,0,2,15,0,12,2137
15,103,1,19,6.6,1,1,0,0.4,6.6,0.4,6.2,827.3
16,103,0,29,11,4,1,0,1,11,0,9,1508
17,103,1,7,2.4,0.4,0.4,0,0.2,2.4,0.2,2.3,304.8
18,103,1,25,8.7,1.3,1.3,0,0.6,8.7,0.6,8.1,1088.5
19,103,1,26.5,9.2,1.4,1.4,0,0.6,9.2,0.6,8.6,1153.8
20,103,0,71,27,9,3,8,2,19,3,18,3117
21,103,0,65.5,20,1,4,0,0,20,0,19,2854
22,103,1,6,1.8,0.1,0.3,0,0.1,1.8,0.1,1.6,244.1
10,104,1,10,3.8,0.7,0.4,0,0.5,3.8,0.3,3.6,553.7
11,104,1,6,2.3,0.4,0.2,0,0.3,2.3,0.2,2.1,332.2
17,104,1,5,1.7,0.3,0.3,0,0.1,1.7,0.1,1.6,217.7
18,104,0,88.5,35,5,1,0,8,35,4,24,3307
19,104,1,25,8.7,1.3,1.3,0,0.6,8.7,0.6,8.1,1088.5
20,104,0,60,26,7,1,0,0,26,3,24,3119
21,104,0,23,12,5,1,0,0,12,1,11,1389
18,105,0,92,32,6,3,0,0,32,2,27,3890
19,105,0,120,46,10,3,0,7,46,7,31,4766
20,105,0,86,36,9,2,0,3,36,3,30,3874
21,105,0,24,12,1,0,0,2,12,1,10,1312
12,106,1,2,0.8,0.1,0.1,0,0.1,0.8,0.1,0.7,110.7
17,106,1,5,1.7,0.3,0.3,0,0.1,1.7,0.1,1.6,217.7
18,106,0,94.5,37,8,3,0,2,37,1,30,3874
19,106,0,44,16,3,1,0,2,16,1,14,2268
20,106,0,76.5,32,8,1,5,4,27,0,23,3742
21,106,0,50,16,1,1,0,1,16,0,14,1938
19,107,0,125,46,13,3,0,5,46,4,30,4202
20,107,1,55.5,23.4,5.3,1.5,4.5,3,18.9,3,11.3,2605.9
21,107,1,16,6.7,1.5,0.4,1.3,0.9,5.4,0.9,3.3,751.2
15,108,1,12,4.6,0.8,0.5,0,0.2,4.6,0.3,4.4,627.9
18,108,1,11,4.2,0.8,0.5,0,0.2,4.2,0.3,4,575.6
19,108,0,53,21,2,1,0,0,21,0,21,2469
21,108,1,2,0.8,0.2,0.1,0.1,0.1,0.7,0.1,0.4,93.9
12,109,1,5,1.8,0.1,0.1,0,0.3,1.8,0.3,1.2,155.1
13,109,1,3,1.1,0.1,0.1,0,0.2,1.1,0.2,0.7,93.1
14,109,0,45.5,18,2,0,0,1,18,0,17,1969
15,109,0,61,21,2,2,0,0,21,0,20,3245
16,109,1,12,4.6,0.8,0.5,0,0.2,4.6,0.3,4.4,627.9
18,109,1,13,4.9,0.9,0.5,0,0.2,4.9,0.4,4.8,680.2
19,109,1,13,4.9,0.9,0.5,0,0.2,4.9,0.4,4.8,680.2
0,110,1,6,2.2,0.7,0.3,0.3,0.1,1.9,0,1.9,314.9
5,110,1,8,2.9,0.9,0.5,0.3,0.2,2.6,0,2.6,419.9
7,110,1,3,1.1,0.3,0.2,0.1,0.1,1,0,1,157.5
12,110,1,1,0.4,0,0,0,0.1,0.4,0.1,0.2,31
13,110,0,61,22,2,3,0,2,22,1,19,2450
14,110,0,97,37,7,5,0,4,37,3,36,4040
15,110,0,58,23,3,0,0,2,23,2,21,2810
16,110,1,3,1.1,0.2,0.1,0,0,1.1,0.1,1.1,157
18,110,1,3,1.1,0.2,0.1,0,0,1.1,0.1,1.1,157
1,111,1,11,3.9,1.2,0.6,0.4,0.2,3.5,0,3.5,577.4
2,111,1,4,1.4,0.5,0.2,0.1,0.1,1.3,0,1.3,210
3,111,1,11,3.9,1.2,0.6,0.4,0.2,3.5,0,3.5,577.4
4,111,1,4,1.4,0.5,0.2,0.1,0.1,1.3,0,1.3,210
6,111,1,4,1.4,0.5,0.2,0.1,0.1,1.3,0,1.3,210
10,111,0,49,19,5,3,0,2,19,1,18,2369
11,111,0,67,19,1,6,0,1,19,2,17,2483
13,111,1,28,9.8,0.8,0.8,0,1.5,9.8,1.5,6.8,868.8
19,111,1,4,1.5,0.3,0.2,0,0.1,1.5,0.1,1.5,209.3
25,111,1,2,0.8,0.2,0.1,0,0.1,0.8,0.1,0.6,82.8
1,112,0,40.5,17,1,1,0,2,17,1,15,2319
2,112,0,172,63,11,5,0,15,63,6,41,6016
3,112,0,73.5,29,4,2,2,7,27,5,16,3033
4,112,1,19,7,1.1,1.1,0.2,0.7,6.8,0,5.9,1147
5,112,1,3,1.2,0.2,0.1,0,0.1,1.2,0,1.2,189
7,112,1,2,0.8,0.2,0,0,0,0.8,0,0.8,126
9,112,1,10,4.1,0.8,0.2,0,0.2,4.1,0,4.1,630.1
10,112,0,45,21,6,0,0,1,21,1,21,2168
11,112,0,50,23,11,1,5,2,18,1,15,3177
12,112,0,62.5,25,6,1,0,1,25,3,23,3245
13,112,0,104.5,36,7,4,0,2,36,4,28,4124
15,112,1,3,1.1,0.2,0.1,0,0.1,1.1,0,1,155.2
16,112,1,5,1.8,0.3,0.2,0,0.1,1.8,0,1.7,258.7
17,112,0,36,14,3,2,0,1,14,1,14,1938
18,112,0,56,19,1,0,0,2,19,0,19,2534
19,112,1,11,4,0.7,0.4,0,0.3,4,0,3.7,569.2
1,113,1,3,1.1,0.2,0.2,0,0.1,1.1,0,0.9,181.1
2,113,0,121,36,4,4,0,3,36,2,34,4524
3,113,0,55.5,24,4,0,0,5,24,1,19,2699
4,113,1,18,6.6,1,1,0.2,0.6,6.4,0,5.6,1086.6
5,113,1,3,1.2,0.2,0.1,0,0.1,1.2,0,1.2,189
6,113,1,2,0.8,0.2,0,0,0,0.8,0,0.8,126
8,113,1,4,1.7,0.3,0.1,0,0.1,1.7,0,1.7,252
9,113,1,27.5,11.4,2.2,0.6,0,0.6,11.4,0,11.4,1732.8
10,113,0,71.5,34,9,1,0,2,34,1,31,4047
11,113,1,17,5.7,1.3,1,0,0.3,5.7,0.6,5.3,803.8
12,113,0,52,23,5,0,0,2,23,1,19,2629
13,113,0,93.5,36,12,1,0,1,36,6,27,3935
14,113,0,55.5,19,4,2,0,1,19,1,15,2329
15,113,0,78.5,31,5,2,0,6,31,1,21,3440
16,113,0,44,18,3,0,0,0,18,2,16,2535
17,113,1,22.5,8.2,1.5,0.9,0,0.6,8.2,0,7.6,1164.3
18,113,1,4,1.4,0.3,0.2,0,0.1,1.4,0,1.3,207
3,114,0,67.5,46,28,0,10,5,36,7,11,2768
4,114,1,10,3.7,0.6,0.6,0.1,0.3,3.6,0,3.1,603.7
5,114,1,1,0.4,0.1,0,0,0,0.4,0,0.4,63
6,114,1,8.5,3.5,0.7,0.2,0,0.2,3.5,0,3.5,535.6
7,114,1,13,5.4,1,0.3,0,0.3,5.4,0,5.4,819.1
9,114,1,9,3.7,0.7,0.2,0,0.2,3.7,0,3.7,567.1
10,114,0,33,14,2,2,0,0,14,0,14,2444
11,114,1,32,10.8,2.4,1.9,0,0.5,10.8,1.1,10,1513
12,114,0,29,11,2,0,0,1,11,2,10,1345
13,114,1,31,10.5,2.4,1.8,0,0.5,10.5,1,9.7,1465.8
14,114,0,146,48,5,7,0,9,48,6,36,5524
15,114,0,120,44,7,2,1,2,43,3,38,4996
16,114,0,39,12,1,2,0,0,12,3,10,1542
17,114,1,3,1.1,0.2,0.1,0,0.1,1.1,0,1,155.2
21,114,1,5,1.9,0.2,0.2,0,0.2,1.9,0,1.6,228.4
22,114,1,12,4.6,0.4,0.4,0,0.4,4.6,0,3.7,548.3
23,114,0,34,13,5,2,0,0,13,0,13,1553
24,114,0,69,31,11,3,0,5,31,6,11,2732
0,115,1,17,6.3,1,1,0.2,0.6,6.1,0,5.3,1026.3
1,115,1,8,2.9,0.5,0.5,0.1,0.3,2.8,0,2.5,482.9
2,115,0,18,11,6,0,0,5,11,2,10,1181
3,115,0,146.5,73,24,2,1,14,72,2,55,6433
4,115,0,151.5,67,27,8,14,12,53,11,41,6280
5,115,0,100,57,27,1,42,10,15,5,22,5061
6,115,0,221,132,71,5,84,9,48,11,64,9851
7,115,0,67.5,27,4,1,0,6,27,3,21,3285
8,115,0,23.5,12,5,0,6,2,6,0,8,1275
9,115,0,60.5,21,2,3,0,3,21,0,16,3253
10,115,1,23,7.8,1.7,1.4,0,0.4,7.8,0.8,7.2,1087.5
13,115,1,3,1,0.2,0.2,0,0.1,1,0.1,0.9,141.8
14,115,0,45,15,4,2,0,1,15,0,12,1908
15,115,0,84,33,9,5,0,5,33,5,26,3644
16,115,0,40,18,4,1,0,1,18,2,15,2269
17,115,1,1,0.4,0.1,0,0,0,0.4,0,0.3,51.7
20,115,0,28,11,1,1,0,1,11,1,11,1286
21,115,0,74,26,5,3,0,1,26,2,22,2793
22,115,0,31,15,6,1,0,0,15,1,12,1617
23,115,0,61,25,6,1,0,1,25,2,24,2798
24,115,0,58,19,1,2,0,1,19,0,17,2485
25,115,1,4,1.6,0.3,0,0,0,1.6,0,1.6,177.6
0,116,0,36,14,2,1,0,1,14,1,13,1577
1,116,1,7,2.6,0.4,0.4,0.1,0.2,2.5,0,2.2,422.6
2,116,1,5,1.8,0.3,0.3,0,0.2,1.8,0,1.6,301.8
3,116,0,119.5,43,12,5,0,1,43,4,40,4311
4,116,0,221,98,33,5,5,15,93,6,63,8987
5,116,0,208.5,108,49,3,47,22,61,18,46,8395
6,116,0,140,67,23,3,12,12,55,14,40,6201
7,116,0,156.5,70,20,5,4,6,66,4,45,6787
8,116,0,68,23,3,3,0,7,23,4,8,2452
9,116,1,4,1.7,0.3,0.1,0,0.1,1.7,0,1.7,252
10,116,1,5,1.7,0.4,0.3,0,0.1,1.7,0.2,1.6,236.4
13,116,1,7.5,2.5,0.6,0.4,0,0.1,2.5,0.3,2.3,354.6
15,116,1,9,3.3,0.6,0.4,0,0.2,3.3,0,3,465.7
17,116,0,26,11,3,0,0,0,11,0,10,1501
20,116,1,12,4.6,0.4,0.4,0,0.4,4.6,0,3.7,548.3
21,116,0,52,16,2,2,0,1,16,1,14,2125
22,116,0,117.5,39,2,4,0,2,39,3,38,4562
23,116,0,157,55,9,5,0,10,55,2,51,5744
24,116,0,44,21,7,0,2,5,19,2,18,2092
3,117,0,24,12,5,0,4,0,8,0,5,1222
4,117,0,146,75,34,1,21,13,54,8,39,6411
5,117,0,67,36,16,0,3,3,33,4,25,3661
6,117,0,121,50,12,4,0,5,50,3,44,5800
7,117,0,251,106,33,7,50,20,56,20,46,9754
8,117,1,50,17.6,2.9,0.7,0,1.5,17.6,0.7,14.7,2008.8
12,117,1,4,1.4,0.3,0.2,0,0.1,1.4,0,1.3,207
17,117,1,10,3.6,0.7,0.4,0,0.3,3.6,0,3.4,517.4
19,117,1,2,0.7,0.1,0.1,0,0.1,0.7,0,0.7,103.5
22,117,0,143,44,2,5,0,5,44,0,40,4359
23,117,0,137,48,5,4,0,6,48,2,41,5186
24,117,0,100.5,35,5,4,0,8,35,1,26,3360
25,117,1,7,2.9,0.5,0,0,0,2.9,0,2.9,310.9
1,118,1,21,6.9,0.7,0.9,0,0.7,6.9,0.3,5,769.4
2,118,0,24,11,4,0,0,1,11,1,10,1259
3,118,0,77,27,5,1,0,0,27,2,26,3299
4,118,0,68,19,2,5,0,1,19,1,15,2298
5,118,0,47,22,6,1,10,6,12,4,9,1983
6,118,0,158.5,53,6,7,0,5,53,2,52,6310
7,118,0,177,51,1,5,0,2,51,0,48,6578
8,118,0,85,28,4,3,0,0,28,0,28,3631
22,118,1,121.5,35.2,2.6,8.6,0,11.2,35.2,6.9,9.4,3498.2
23,118,1,13,3.8,0.3,0.9,0,1.2,3.8,0.7,1,374.3
29,118,1,2,0.8,0.1,0,0,0,0.8,0,0.8,88.8
0,119,1,28,9.2,0.9,1.1,0,0.9,9.2,0.5,6.7,1025.9
1,119,0,59,26,6,0,0,0,26,0,24,3304
2,119,0,63.5,23,2,1,1,2,22,1,20,2543
3,119,1,23,7.5,0.8,0.9,0,0.8,7.5,0.4,5.5,842.7
5,119,0,77,40,19,0,0,8,40,3,16,3423
6,119,0,139,57,13,2,0,10,57,15,29,5523
7,119,1,14,4.9,0.8,0.2,0,0.4,4.9,0.2,4.1,562.5
25,119,1,11,4.5,0.8,0,0,0,4.5,0,4.5,488.5
27,119,1,2,0.8,0.1,0,0,0,0.8,0,0.8,88.8
0,120,1,30,9.8,1,1.2,0,1,9.8,0.5,7.1,1099.2
1,120,1,20,6.6,0.7,0.8,0,0.7,6.6,0.3,4.8,732.8
6,120,1,4,1.4,0.2,0.1,0,0.1,1.4,0.1,1.2,160.7
24,120,1,7,2,0.1,0.5,0,0.6,2,0.4,0.5,201.5
25,120,0,50,15,2,1,0,1,15,0,15,1933
26,120,1,1,0.4,0.1,0,0,0,0.4,0,0.4,44.4
24,123,1,5,1.9,0.4,0.3,0,0,1.9,0.1,1.8,278.3
26,124,1,34.5,13,2.9,1.8,0,0,13,0.6,12.4,1920.2
27,124,0,51,15,3,4,0,1,15,1,15,2251
25,125,1,7,2.6,0.6,0.4,0,0,2.6,0.1,2.5,389.6
27,125,1,4,1.5,0.3,0.2,0,0,1.5,0.1,1.4,222.6
25,126,0,47,16,2,3,0,2,16,0,10,1591
26,126,1,8,3,0.7,0.4,0,0,3,0.1,2.9,445.3
23,127,0,32,11,1,1,0,0,11,0,11,1848
24,127,0,39,16,4,0,1,2,15,0,15,1643
25,127,0,37,12,3,2,0,0,12,0,9,1484
26,127,0,45.5,19,4,2,1,3,18,4,15,2453
27,127,0,87,28,3,4,0,1,28,2,26,3312
28,127,0,47,16,5,4,1,0,15,1,12,1513
