x,y,ind2015,ind_snv2015,ind2017,ind_snv2017,ind2019,ind_snv2019,ind2021,ind_snv2021
0,58,12,255402.8,18,434911.8,28,645090.3,24,578332.3
0,59,15,339966.9,14.5,328605.4,13.5,314889.7,14.5,339741.1
0,61,2,45328.9,2,45324.9,2,46650.3,3,71341.2
0,62,25,566611.5,22,534109,15,349877.4,20,519624.4
0,63,22,497703.8,15,339936.6,15,349877.4,22,542434.9
0,64,23,444485.2,22.5,496922.8,22,508652.7,25,541111.4
0,65,23,569778.5,31,722078.3,23,608786.1,31,806531
0,66,2,41908.9,2,44266.4,2,43747.1,,
0,68,2,41908.9,2,44266.4,2,43747.1,2,47050.6
0,69,24,463448.6,20.5,450544,16,364198.7,17,398075.1
0,70,53,1259211.3,51,1200497.9,55,1420046.2,62,1526853.7
0,71,71,1343482.2,63,1295541.2,63,1237012.8,53,1295030.2
0,72,43.5,958717.8,43,986724.6,45,1085163.2,36,881604.2
0,73,55,1134271.7,60,1335829.7,49,1208627.7,52.5,1210969.9
0,75,6,147973.4,4,109709.3,4,107363,6,171548.1
0,76,3,73986.7,2,54854.7,,,2,57182.7
0,78,,,1,27427.3,1,26840.7,1,28591.3
0,79,2,47893.3,2,44819.9,2,45849.4,2,48278.1
0,80,2,47893.3,2,44819.9,2,45849.4,2,48278.1
0,83,6,143679.8,6,134459.7,6,137548.2,6,144834.4
0,84,2,42097.6,2,43796.8,2,43890.3,2,50479.3
0,91,,,4,100499.2,3,65638,3,59693.4
0,94,2,44585.7,2,43064.6,3.5,85335.2,2,49125.1
0,95,5,111464.3,6,129193.8,5,121907.4,3,73687.7
0,99,2,50331.7,2,48800.1,,,,
0,101,,,,,1,23257.9,1,22938.7
0,102,4,100663.4,4,97600.2,2,46515.9,2,45877.4
0,103,,,,,,,4,91754.8
0,107,1,18403.5,5,93435.5,,,,
0,117,1,25042.5,,,,,,
0,121,1,25042.5,1,22115,3,67792.7,3,65377.8
1,57,,,,,,,2,53208.3
1,60,2,51737.3,,,,,,
1,62,14,362161.3,15,402792.3,16,432525,15,400879.5
1,63,31,663241.2,27,583358.6,22,574935.1,30,671383.4
1,64,27,540059.9,26,517708.4,28,588763.7,28,653420.9
1,65,24,611111.3,25,610395.3,19,458744.3,16,463031.3
1,66,12,249815.9,14,311557.2,6,144866.6,6,147924.7
1,68,11,228997.9,24,534098.1,23,555322,25,669711.4
1,69,72,1794771.5,68,1678801.8,71,1746277.2,76,2044931.4
1,70,50,1047822.2,55,1190471.4,48,1027218,43,1054049.8
1,71,46,1010422,43,1000228.5,42,1055899.1,48,1158114.9
1,72,62.5,1519511.2,72.5,1727210.9,63,1610692.7,76,1986440.2
1,73,16,354998.3,12,292952.3,10,228046.7,13,295466.2
1,74,2,45311.4,2,44764.1,1,23607.5,3,71002.5
1,78,3,67967.1,4,89528.1,4,94430,3,71002.5
1,80,1,22337.2,1,22280.5,,,1,24278
1,81,7,156360.6,12,267365.8,12,284830,12,291335.8
1,82,2,44674.5,2,44561,2,47471.7,2,48556
1,88,3,67476.9,3,73058.5,3,66679,3,76939.3
1,89,1,24034.1,1,19552.7,1,20814,1,25239.6
1,90,5,120170.6,3,58658.1,3,62442,3,75718.9
1,96,3,75497.6,2,48800.1,2,46515.9,2,45877.4
1,107,3,55210.4,6,112122.6,8,184599.2,8,177879.5
1,109,5,92017.3,4,74748.4,,,,
1,110,1,18403.5,1,18687.1,1,23074.9,1,22234.9
1,113,5,92017.3,5,93435.5,6,138449.4,6,133409.6
1,123,,,1,22115,1,22597.6,,
1,125,,,,,2,44282.4,2,47682.7
1,127,4,77007.7,4,82308.4,5,110706.1,6,143048.1
2,60,2,51737.3,2,53705.6,2,54065.6,2,53450.6
2,62,23,584575.8,22,601512.7,21.5,563702.1,28.5,682353.4
2,63,28,659937.5,20,496093.5,19,494417.1,16,476185.1
2,64,50,1024423.6,44,954387.9,49,934927.1,57,1320344.6
2,65,3,62454,4,89016.3,14,338022.1,21,460437.2
2,66,,,2,44508.2,,,2,49308.2
2,67,24.5,573597.9,23.5,554065.9,22,531177.6,19,468428.4
2,68,36,871789.8,46,1114071,46,1081064,46,1094478.3
2,69,47,1128301.7,44,1052346.9,43,1027680.2,51,1403180.6
2,70,84.5,1818488.9,88,1727928.3,86.5,1843336.8,84.5,1857861.4
2,71,67,1228567.2,65,1192570.8,67,1328916.6,54,1117260.3
2,72,26,539811,32,648870,33,726446.2,35,847789.1
2,74,10,226557.1,7,156674.2,7,165252.5,7,165672.5
2,75,3,67967.1,3,67146.1,3,70822.5,3,71002.5
2,76,3,67967.1,3,67146.1,3,70822.5,2,47335
2,77,3,67967.1,2,44764.1,2,47215,2,47335
2,78,2,45311.4,2,44764.1,2,47215,2,47335
2,81,3.5,78180.3,3.5,77981.7,3.5,83075.4,3.5,84972.9
2,82,2,44674.5,2,44561,2,47471.7,3,72833.9
2,83,6,134023.4,6,133682.9,6,142415,5,121389.9
2,93,2,48068.2,1,19552.7,1,20814,,
2,94,6,150995.1,6,146400.2,8,186063.5,5,114693.5
2,96,4,100663.4,4,97600.2,,,,
2,97,,,,,4,93031.8,3,68816.1
2,99,2,50331.7,2,48800.1,2,46515.9,3,68816.1
2,106,2,36806.9,2,37374.2,2,46149.8,2,44469.9
2,114,2,50085.1,2,44230.1,2,45195.1,2,43585.2
2,115,2,50085.1,2,44230.1,2,45195.1,2,43585.2
2,126,,,2,41154.2,,,,
3,51,19,380793.3,21,433812.5,27,571010.6,35,709770.1
3,52,9,190507.5,16,360863.7,16,321247.3,38.5,797645.3
3,56,4,85134.3,4,89719.1,4,96375.8,4,106416.6
3,59,2,51737.3,2,53705.6,3,81098.4,3,80175.9
3,60,11,284555.3,10,268528.2,10,270328.1,10,267253
3,61,30,731203.7,28,632046.6,31,799133.9,31,831424.6
3,62,28,820059,32,912076.7,26,735977.1,30,923732
3,63,13,336292.7,13,349086.6,17,459557.8,24,620494.8
3,64,2,41636,2,44508.2,1,24144.4,3,73962.4
3,65,,,4,89016.3,4,96577.7,7,172578.9
3,66,,,,,2,48288.9,1,24654.1
3,67,29,581186.4,29,573401.1,26,508617.9,28,602020.8
3,68,21,437177.9,26,648496.1,26,671782.6,24,670972.5
3,69,61,1184493,69,1392864.4,70,1439098.6,67,1476847.2
3,70,37,859507.6,37,863193.8,28,697346.9,40,930386.9
3,71,17,377185.7,14,341777.7,16,364874.7,32,814676.8
3,72,3,66562.2,4,97650.8,4,91218.7,4,90912.7
3,74,3,67967.1,2,44764.1,2,47215,2,47335
3,76,,,,,1,23607.5,,
3,79,1,22337.2,1,22280.5,1,23735.8,1,24278
3,81,7.5,167529.2,7.5,167103.6,8,189886.7,4,97111.9
3,82,1,22337.2,1,22280.5,1,23735.8,,
3,83,2,44674.5,2,44561,2,47471.7,1,24278
3,84,6,134953.7,6,146116.9,7,155584.4,8,205171.5
3,85,5,112461.4,3,73058.5,5,111131.7,5,128232.2
3,86,,,2,48705.6,2,44452.7,,
3,88,4,89969.1,4,97411.3,4,88905.4,4,102585.8
3,89,1,24034.1,1,19552.7,1,20814,1,25239.6
3,92,1.5,36051.2,1.5,29329,2.5,52035,2,50479.3
3,93,6,144204.7,6,117316.1,6,124883.9,6,151437.8
3,113,3,55210.4,4,74748.4,6,138449.4,4,88939.8
3,117,2,50085.1,3,66345.1,3,67792.7,3,65377.8
3,119,2,50085.1,2,44230.1,1,22597.6,1,21792.6
3,120,1,25042.5,1,22115,1,22597.6,1,21792.6
3,122,2,50085.1,2,44230.1,2,45195.1,2,43585.2
3,123,1,25042.5,1,22115,,,5,108963.1
3,125,,,1,20577.1,1,22141.2,1,23841.4
3,126,2,38503.8,2,41154.2,1,22141.2,2,47682.7
3,127,3,57755.7,3,61731.3,3,66423.6,3,71524.1
4,51,11,232842.5,17,360990.5,25,538918.2,37,787610.9
4,52,16,263068,14,270792.7,18,392521.8,20,492941.6
4,55,1,21283.6,1,22429.8,,,,
4,56,5,106417.8,4,89719.1,3,72281.8,1,26604.1
4,57,4,85134.3,4,89719.1,4,96375.8,4,106416.6
4,59,7,181080.7,8,214822.5,9,243295.3,16,427604.9
4,60,15,388030,18,483350.7,20,540656.3,18,481055.5
4,61,24,709699.3,25,671320.4,24,711584.6,32,1020910.2
4,62,4,103474.7,4,107411.3,4,108131.3,8,213802.4
4,66,5,104090,6,133524.5,10,241444.4,5,123270.6
4,67,22,457995.9,20,445081.7,12,289733.2,11,271195.4
4,68,6,124908,10.5,233667.9,8.5,205227.7,8.5,209560.1
4,69,34,673460.3,41.5,833238,32,640840.5,46,961270.1
4,70,46.5,878463.9,52,1093784.9,42,806075.2,46,1012457.6
4,71,9,199686.6,5,122063.5,4,91218.7,9,204553.5
4,72,34,730798.9,37,724469.9,28,631805.4,32,732410.6
4,73,7,155311.8,8,195301.6,8,182437.3,5,113640.8
4,75,8,181245.7,6,134292.2,,,6,142005
4,80,,,3,66841.4,3,71207.5,3,72833.9
4,82,3,67011.7,3,66841.4,4,94943.3,2,48556
4,83,2,44674.5,2,44561,1,23735.8,1,24278
4,84,2,44984.6,2,48705.6,2,44452.7,2,51292.9
4,85,2,44984.6,2,48705.6,2,44452.7,2,51292.9
4,87,7,157446,5,121764.1,6,133358.1,7,179525.1
4,89,2,48068.2,2,39105.4,2,41628,,
4,91,1,24034.1,4,78210.7,3,62442,4,100958.5
4,92,1,24034.1,,,,,,
4,98,3,75497.6,6,146400.2,3.5,81402.8,2,45877.4
4,102,2,50331.7,,,2,46515.9,2,45877.4
4,105,,,,,,,1,22234.9
4,115,2,50085.1,2,44230.1,2,45195.1,6,130755.7
4,116,,,3,66345.1,4,90390.2,4,87170.4
4,118,,,,,1,22597.6,1,21792.6
4,126,4,77007.7,4,82308.4,2,44282.4,2,47682.7
5,51,18,292767.3,25,445554.3,34,650034.8,56,1081530
5,52,7,148172.5,5,96711.7,6,120467.7,10.5,209598.1
5,53,1,21167.5,,,4,80311.8,12,239540.7
5,54,,,1,22429.8,1,24093.9,1,26604.1
5,57,4,85134.3,,,3,72281.8,3,79812.4
5,58,22,468238.5,22,493455.2,22,530066.9,16,425666.2
5,59,7,181080.7,5,134264.1,5,135164.1,5,133626.5
5,60,25,602633,27,726540.6,23,664761.6,23,703243.3
5,61,2,51737.3,2,53705.6,2,54065.6,2,53450.6
5,65,4,83272,4,89016.3,2,48288.9,2,49308.2
5,66,9,187361.9,7,155778.6,15,362166.5,24,653267.1
5,67,12,249815.9,10,222540.9,11,265588.8,9,221887.1
5,68,20,435522.1,21.5,540499,17,461391.4,22,523194.7
5,69,38,786005,35.5,732005.6,34,782679.8,34,848879.5
5,70,49,1018178.5,49.5,1041719.2,50.5,1127990.8,54,1308682.7
5,71,53,1133025,55,1284933.3,54,1218567.2,53.5,1275339.3
5,72,18,399373.1,17,415015.8,22,612118.4,20,563008.9
5,75,3,67967.1,3,67146.1,2,47215,2,47335
5,76,4,90622.8,6,134292.2,5,118037.5,6,142005
5,79,2,44674.5,2,44561,2,47471.7,2,48556
5,80,10,223372.3,10,222804.8,9,213622.5,7,169945.9
5,87,2,44984.6,1,24352.8,,,4,102585.8
5,88,2,44984.6,2,48705.6,2,44452.7,2,51292.9
5,91,4,96136.4,2,39105.4,2,41628,2,50479.3
5,92,1,24034.1,1,19552.7,1,20814,1,25239.6
5,100,3.5,88080.5,2.5,61000.1,2.5,58144.8,2.5,57346.8
5,108,,,3,56061.3,1.5,34612.4,1.5,33352.4
5,111,2,36806.9,2,37374.2,2,46149.8,2,44469.9
5,112,5,92017.3,5,93435.5,3.5,80762.2,4,88939.8
5,117,,,2,44230.1,4,90390.2,4,87170.4
5,118,4,100170.2,4,88460.1,4,90390.2,4,87170.4
5,119,1,25042.5,1,22115,1,22597.6,1,21792.6
5,121,2,50085.1,2,44230.1,2,45195.1,,
6,51,5,119625.7,5,122747.2,6,149245.8,6,153532.8
6,52,1,23925.1,1,24549.4,1,24874.3,2,51177.6
6,53,4,95700.6,4,98197.7,4,99497.2,3,76766.4
6,54,1,25268.3,1,26069.2,1,26014.5,1,27770.1
6,56,4,101073.3,4,104276.7,3,78043.5,3,83310.2
6,57,22,555903.4,22,573522,22,572318.9,24,666481.2
6,58,2,50536.7,2,52138.4,,,,
6,64,2,44754.5,2,44010.9,,,3,68724.4
6,65,43,1026624.5,47,1098862.3,61,1416074.1,65,1654139.8
6,66,29,646846.6,26,572141.2,28,649634.2,24,585811.4
6,67,34,831317.1,34,852902.1,32,865842,28,796921.3
6,68,17,369838.5,17,374092.3,23,533628.1,19,435254.6
6,69,13,276918.8,14,329000.3,15,349984.1,12,286358
6,70,24,511234.8,22,517000.5,26,606639.1,26,632252.7
6,71,36.5,649565.1,33.5,699416.5,37.5,800275.3,28,569542.4
6,72,8,170411.6,8,188000.2,8,186658.2,11,262494.9
6,73,3,63904.3,4,94000.1,3,69996.8,3,71589.5
6,76,1,21532,3,71785.5,3,68044.8,3,74690.5
6,77,2,43064,1,23928.5,,,2.5,62242.1
6,78,2,43064,2,47857,2,45363.2,2,49793.7
6,79,,,4,87486,,,,
6,88,1,21039.8,1,20757,1,21215.4,1,22853.2
6,90,5,105043.4,5,119109.5,5,117903.6,5,125841.4
6,91,8,168069.5,8,190575.2,6,141484.4,7,176177.9
6,116,3,66342.8,3,66267.9,3,67617.3,3,66343.4
6,122,3,66342.8,2,44178.6,2,45078.2,2,44229
7,46,18,360583.5,27,515979.3,22,420014.1,32,606686
7,55,8,202146.7,7,182484.3,8,208116,7,194390.4
7,56,31,594150.4,31,684976.9,36,780086,23,638711.2
7,57,16,404293.4,43,1081539.9,63,1695622.9,74,2266355.1
7,58,6,151610,6,156415.1,6,156087,7,194390.4
7,64,20,447544.7,18,396097.8,15.5,359618.9,22,503979
7,65,64,1179757.7,62,1179209.3,61,1284181.6,58,1298415.6
7,66,74,1450478.6,67,1357242,63,1332928.1,56,1232694.1
7,67,12,268526.8,13,286070.6,19,440823.2,22,503979
7,68,4,89508.9,4,88021.7,8,185609.8,11,251989.5
7,69,26,553837.7,25,492541.5,23.5,523229.4,21.5,513058.2
7,70,28,629308.2,29,571836.1,28,574152.8,21,553189.9
7,76,2,43064,4,95714,4,90726.4,2,49793.7
7,79,2,40261.8,2,43743,6,143411.3,10,249741.3
7,80,2,40261.8,2,43743,2,47803.8,2,49948.3
7,86,2,42079.5,2,41513.9,1,21215.4,1,22853.2
7,87,1,21039.8,1,20757,1,21215.4,1,22853.2
7,91,3,63026.1,3,71465.7,3,70742.2,3,75504.8
7,92,1,21008.7,2,47643.8,3,70742.2,3,75504.8
7,93,1,21008.7,1,23821.9,2,47161.5,2,50336.6
7,94,1,20529.5,,,,,1,22981.8
7,96,2,41059.1,2,42754.8,2,48280.7,1,22981.8
7,114,2,44228.5,2,44178.6,1,22539.1,3,66343.4
7,115,3,66342.8,3,66267.9,3,67617.3,3,66343.4
7,117,2,44228.5,2,44178.6,1,22539.1,1,22114.5
7,124,1,22473.1,1,20643.5,1,20730.9,1,18551.2
8,45,11,259241.7,14,346316,7,167092.6,5,115697.9
8,46,12,282809.2,14,316961.8,30,658160,33.5,637992
8,47,8.5,200323.2,9.5,215081.2,16,381926,13,300814.5
8,50,2,47850.3,2,49098.9,2,49748.6,2,51177.6
8,51,10,239251.4,14,343692,13,323366,10,255888
8,52,3,71775.4,4,98197.7,6,149245.8,6,153532.8
8,53,8,191401.2,8,196395.4,9,223868.7,9,230299.2
8,54,1,25268.3,1,26069.2,1,26014.5,2,55540.1
8,55,16,404293.4,17,443176.1,14,364202.9,14,388780.7
8,56,27,682245.1,27,703867.9,25,650362.4,31,874544.7
8,57,4,101073.3,4,104276.7,1,26014.5,1,27770.1
8,63,21,559911,21,589497.5,21,626719,21,623259.5
8,64,2,44754.5,2,44010.9,2,46402.4,2,45816.3
8,65,22,492299.2,30,734305.3,31,782974.7,32,897193.6
8,66,24,509887.3,25,524106.9,35,788913.4,37,955329.1
8,67,5,111886.2,8,176043.5,19,440823.2,33.5,750577.2
8,68,4,89508.9,9,198048.9,21.5,498826.3,9,206173.2
8,74,3,64596.1,3,71785.5,3,68044.8,3,74690.5
8,75,9,193788.2,9,215356.4,9,204134.4,7,174277.9
8,76,2,43064,2,47857,2,45363.2,2,49793.7
8,77,13,279916.3,15,358927.4,13,294860.8,20,497936.9
8,78,1,21532,1,23928.5,1,22681.6,1,24896.8
8,79,2,40261.8,3,65614.5,3,71705.6,7,174818.9
8,86,1,21039.8,1,20757,1,21215.4,,
8,88,,,,,4,84861.6,4,91412.8
8,89,4,84034.8,4,95287.6,4,94322.9,4,100673.1
8,90,4,84034.8,2,47643.8,6,141484.4,7,176177.9
8,91,2,42017.4,4,95287.6,4,94322.9,4,100673.1
8,93,3,63026.1,6,142931.4,,,,
8,94,6,123177.2,6,128264.4,5,120701.7,5,114908.8
8,97,,,,,3,72421,2,45963.5
8,98,3,61588.6,3,64132.2,,,,
8,102,2,41059.1,2,42754.8,2,48280.7,2,45963.5
8,109,3,55210.4,3,66345.1,2,46149.8,2,44469.9
8,111,1,18403.5,1,22115,1,23074.9,1,22234.9
8,112,3,55210.4,3,66345.1,1,23074.9,1,22234.9
8,114,1,22114.3,2,44178.6,2,45078.2,2,44229
8,123,1,22114.3,1,22089.3,1,22539.1,1,22114.5
9,46,10,235674.3,9,203761.2,9,214833.4,9,208256.2
9,48,6,141404.6,8,181121,9,214833.4,10,231395.8
9,49,10,239251.4,10,245494.3,8,198994.4,9,230299.2
9,50,1,23925.1,1,24549.4,6,149245.8,12,307065.6
9,51,3,71775.4,3,73648.3,3,74622.9,3,76766.4
9,52,5,119625.7,13,319142.6,20,497486.1,17.5,447804
9,53,6,143550.9,6,147296.6,2,49748.6,2,51177.6
9,56,,,1,26069.2,2,52029,2,55540.1
9,62,19,506586.2,23,645640.2,22,656562.8,29,860691.7
9,63,46,1213492.8,52,1258105.4,51,1441877.6,48,1443990
9,64,41,1186485.2,42,1343016.3,52,1606523.8,48,1467589.1
9,65,12,268526.8,11,242059.7,14,324817.1,12,274897.7
9,66,22,438131.6,22,483262.9,26,632746.5,28,739560.8
9,67,10,223772.3,8,176043.5,13,301615.9,9,206173.2
9,73,2,42602.9,2,47000,1,23332.3,1,23863.2
9,75,1,21532,1,23928.5,1,22681.6,1,24896.8
9,76,6,129192.1,6,143571,6,136089.6,6,149381.1
9,77,9,193788.2,10,239284.9,4,90726.4,5,124484.2
9,80,2,40261.8,2,43743,2,47803.8,2,49948.3
9,81,1,20130.9,1,21871.5,3,71705.6,3,74922.4
9,82,,,,,2,47803.8,2,49948.3
9,88,3,63119.3,3,62270.9,3,63646.2,3,68559.6
9,89,4,84034.8,4,95287.6,4,94322.9,2,50336.6
9,96,3,61588.6,3,64132.2,3,72421,3,68945.3
9,105,1,18403.5,1,22115,1,23074.9,1,22234.9
9,113,,,,,,,1,22234.9
9,117,2,44228.5,2,44178.6,2,45078.2,3,66343.4
10,43,1,23780.3,1,24762.5,1,24884.9,1,26827
10,44,8,188539.4,9,203761.2,7,167092.6,8,185116.6
10,45,3,70702.3,3,67920.4,6,143222.2,3,69418.7
10,48,4,94269.7,2,45280.3,2,47740.7,2,46279.2
10,49,7,167476,13,319142.6,14,348240.3,16,409420.8
10,50,10,239251.4,11,270043.7,4,99497.2,8,204710.4
10,51,18,430652.6,22,540087.5,19,472611.8,19,486187.2
10,52,5,119625.7,5,122747.2,4,99497.2,4,102355.2
10,53,9,215326.3,7,171846,6,149245.8,6,153532.8
10,61,5,133312.1,5,140356.6,5,149218.8,4,118716.1
10,62,11,293286.7,11,308784.4,16,477500.2,17,504543.4
10,63,26,693223.2,30,842139.4,31,802736.1,26.5,786494.1
10,64,28.5,636813.1,21,437567.7,25,547029.7,25,726991.5
10,65,12,268526.8,9,198048.9,12,278414.7,8,183265.1
10,66,7,156640.6,6,132032.6,4,92804.9,7,160357
10,68,3,67131.7,3,66016.3,3,69603.7,3,68724.4
10,73,1,21301.4,1,23500,1,23332.3,2,47726.3
10,77,2,43064,2,47857,2,45363.2,2,49793.7
10,78,7,150724.1,6,143571,9,204134.4,9,224071.6
10,80,7,140916.2,7,153100.6,2,47803.8,3.5,87409.5
10,82,2,40261.8,2,43743,2,47803.8,2,49948.3
10,85,5,105198.9,5,103784.9,5,106077,5,114266
10,87,2,42079.5,1,20757,1,21215.4,1,22853.2
10,88,,,2,41513.9,,,2,45706.4
10,90,1,21008.7,1,23821.9,1,23580.7,1,25168.3
10,93,1,21008.7,1,23821.9,3,70742.2,3,75504.8
10,99,5,102647.7,4,85509.6,2,48280.7,3,68945.3
10,101,1,20529.5,1,21377.4,1,24140.3,1,22981.8
10,118,,,,,,,1,22114.5
11,41,6,142682,6,148575.2,9,223963.8,9,241442.9
11,42,4,95121.3,5,123812.7,7,174194,5,134134.9
11,43,7,166462.3,7,173337.7,7,174194,7,187788.9
11,44,3,65779.9,3,69946.2,3,69265.2,3,78642.1
11,45,2,43853.3,2,46630.8,,,,
11,49,2,47224.9,9,207974.6,18,407069.3,28,702538.3
11,50,3,70837.4,9,207974.6,7,158304.7,5,125453.3
11,51,10,236124.7,7,161758,6,135689.8,4,100362.6
11,52,8,188899.8,8,184866.3,8,180919.7,10.5,263451.9
11,62,6,145202.2,9,211295.8,9,224715.9,12,301450.7
11,63,2,48400.7,,,,,,
11,64,2,42403.7,2,38870.3,2,41414.9,3,73147.1
11,65,,,,,,,3,73147.1
11,66,1,21201.9,1,19435.1,,,,
11,74,2,40261.8,2,43743,2,42658.1,2,43064.3
11,78,5,100654.5,6,131229.1,7,149303.2,6,129192.8
11,80,2,45339.2,,,4,93842.8,5,113681.4
11,85,4,91163.6,4,104671.3,4,95277.9,4,117037
11,88,1,22790.9,1,26167.8,1,23819.5,1,29259.2
11,89,4,84159.1,4,83027.9,4,84861.6,3,68559.6
11,90,5,105198.9,5,103784.9,7,148507.8,5,114266
11,92,2,42079.5,2,41513.9,2,42430.8,2,45706.4
11,101,2,41059.1,2,42754.8,2,48280.7,2,45963.5
11,114,2,44228.5,2,44178.6,5,112695.5,6,132686.9
12,40,3,71341,3,74287.6,3,74654.6,4,107307.9
12,41,5,118901.7,8,198100.3,5,124424.3,5.5,147548.4
12,42,14,332924.7,12,297150.4,11,273733.5,10,268269.9
12,49,3,70837.4,4,92433.2,5,113074.8,2,50181.3
12,50,9,212512.2,8,184866.3,9,203534.7,18,451631.8
12,58,,,,,1,24819.5,1,25448.4
12,59,2,48400.7,13,305205,24,504243.5,30.5,680500
12,60,16,387205.8,20,469546.2,17,424463.3,21,527538.7
12,61,31,679106.4,28,650840.7,29,761839.9,29,796607.6
12,62,27,623888,27,633887.4,25,509990.4,36,784486.2
12,63,4,96801.5,5,117386.6,4,99873.7,4,100483.6
12,64,7,148413,7,136046,7,144952.1,6,146294.2
12,65,2.5,53004.6,2,38870.3,2,41414.9,2,48764.7
12,66,2,42403.7,1,19435.1,,,,
12,73,5,106009.3,1,19435.1,1,20707.4,1,24382.4
12,74,3,60392.7,3,65614.5,7,149303.2,6,129192.8
12,75,2,40261.8,2,43743,2,42658.1,2,43064.3
12,80,5,113347.9,5,114253.1,5,117303.5,8,181890.3
12,83,5,113347.9,4,91402.5,5,117303.5,3,68208.9
12,84,1,22790.9,1,26167.8,1,23819.5,1,29259.2
12,88,3,68372.7,3,78503.5,4,95277.9,8,234073.9
12,91,3,63119.3,3,62270.9,2,42430.8,2,45706.4
12,105,,,,,2,46149.8,2,44469.9
12,115,2,44228.5,2,44178.6,2,45078.2,2,44229
13,40,3,71341,4,99050.1,4,99539.5,6,160961.9
13,41,19,451826.3,33,815799.2,33.5,811823.9,30,876502.6
13,42,2,47560.7,2,49525.1,2,49769.7,2,53654
13,43,9,214023,14,346675.5,27.5,684333.8,43.5,1185907.3
13,47,,,2,46630.8,2,46176.8,2,52428.1
13,48,2,43853.3,4,93261.6,1,23088.4,,
13,49,1,23612.5,,,,,1,25090.7
13,54,14,284769,13,284430.5,10,248194.8,9,229035.3
13,55,4,81362.6,3,65637.8,3,74458.4,3,76345.1
13,56,20,406812.9,22,481343.9,29,719764.9,28,712554.1
13,57,8,162725.2,8,175034.1,10,248194.8,9,229035.3
13,58,3,61021.9,3,65637.8,1,24819.5,14,356277.1
13,59,12,290404.4,16,375637,29,567123.2,49,1027213.1
13,60,9,217803.3,12,281727.7,13,324589.6,12,301450.7
13,61,5,121001.8,6,140863.9,9,224715.9,13,326571.6
13,62,6,145202.2,9,211295.8,13,324589.6,12,301450.7
13,63,3,72601.1,3,70431.9,3,74905.3,,
13,64,,,6.5,126328.4,6.5,134598.4,5,121911.8
13,65,,,,,2,41414.9,2,48764.7
13,74,10,201308.9,10,218715.1,7,149303.2,8,172257
13,76,2,40261.8,2,43743,,,,
13,77,,,,,2,42658.1,2,43064.3
13,79,4,90678.3,4,91402.5,3,70382.1,3,68208.9
13,81,5,113347.9,7,159954.4,8,187685.6,8,181890.3
13,82,3,68008.8,6,137103.8,4,93842.8,5,113681.4
13,83,,,,,2,46921.4,6,136417.7
13,84,10,227909.1,11,287846,10,238194.6,9,263333.2
13,85,4,91163.6,4,104671.3,4,95277.9,4,117037
13,87,2,45581.8,2,52335.6,1,23819.5,1,29259.2
13,88,2,45581.8,2,52335.6,2,47638.9,2,58518.5
13,95,1,20529.5,1,21377.4,4,96561.4,4,91927
13,96,3,61588.6,3,64132.2,3,72421,3,68945.3
13,98,8,164236.3,7,149641.8,7,168982.4,7,160872.3
13,101,2,41059.1,4,85509.6,3,72421,4,91927
13,103,,,1.5,32066.1,1.5,36210.5,1.5,34472.6
13,106,,,1,22115,1,23074.9,,
13,116,1,22114.3,1,22089.3,1,22539.1,,
13,119,2,44228.5,4,88357.2,4,90156.4,4,88457.9
13,125,1,22473.1,1,20643.5,1,20730.9,1,18551.2
14,39,3,71341,2,49525.1,2,49769.7,3,80481
14,40,11,261583.7,12,297150.4,11,273733.5,12,321923.8
14,41,10,237803.3,8,198100.3,11,273733.5,10,268269.9
14,42,25,594508.3,24,594300.8,24,597236.7,21,563366.7
14,43,8,190242.7,5,123812.7,2,49769.7,2,53654
14,44,1,21926.6,1,23315.4,,,,
14,45,1,21926.6,1,23315.4,1,23088.4,1,26214
14,46,,,,,2,46176.8,,
14,48,10,219266.4,14,326415.5,17,392503.1,13,340782.5
14,54,25,508516.1,24,525102.4,21,521209,18,458070.5
14,55,34,938812.5,33,891493.7,30,887063.1,34,1077480.4
14,56,29,769781.1,30,656378,31,769403.8,32.5,936518.4
14,57,16,325450.3,17,371947.5,14,347472.7,17.5,445346.3
14,58,5,101703.2,6,131275.6,7,173736.3,6.5,165414.4
14,64,1,21201.9,1,19435.1,,,3,73147.1
14,65,9,190816.7,11,213786.6,11,227781.9,7,170676.6
14,66,2,42403.7,2,38870.3,2,41414.9,2,48764.7
14,71,,,1,19435.1,1,20707.4,,
14,72,1,21201.9,,,,,,
14,75,4,80523.6,3,65614.5,2,42658.1,2,43064.3
14,77,2,40261.8,1,21871.5,1,21329,1,21532.1
14,78,13,261701.6,9,196843.6,12,255948.4,10,215321.3
14,79,6,136017.5,7,159954.4,7,164224.9,7,159154
14,81,7,158687.1,7,159954.4,7,164224.9,10,227362.9
14,82,9,204026.3,10,228506.3,10,234607,7,159154
14,83,1,22669.6,1,22850.6,1,23460.7,1,22736.3
14,85,1,22790.9,1,26167.8,1,23819.5,1,29259.2
14,86,4,91163.6,4,104671.3,3,71458.4,3,87777.7
14,87,5,113954.5,8,209342.6,12,285833.6,10,292592.4
14,88,2,45581.8,2,52335.6,2,47638.9,2,58518.5
14,90,2,42079.5,2,41513.9,2,42430.8,2,45706.4
14,91,10,210397.7,8,166055.8,8,169723.2,8,182825.6
14,92,2,42079.5,3,62270.9,1,21215.4,2,45706.4
14,94,3,61588.6,3,64132.2,3,72421,1,22981.8
14,96,3,61588.6,2,42754.8,3,72421,3,68945.3
14,103,6,123177.2,6,128264.4,6,144842.1,6,137890.5
14,115,1,22114.3,1,22089.3,1,22539.1,,
14,116,3,66342.8,3,66267.9,3,67617.3,3,66343.4
14,118,,,,,,,1,22114.5
14,119,4,88457,4,88357.2,,,,
14,120,2,44228.5,2,44178.6,6,135234.6,6,132686.9
15,41,9,214023,6,148575.2,5,124424.3,1,26827
15,42,3,71341,,,,,1,26827
15,44,3,65779.9,3,69946.2,7,161618.9,8,209712.3
15,45,4,87706.6,4,93261.6,,,,
15,48,7,153486.5,5,116577,4,92353.7,4,104856.2
15,54,10,203406.4,9,196913.4,13,322653.2,23,450610.4
15,55,29.5,553210.6,32,563414.7,32.5,690538.5,38,987278.9
15,56,17,345790.9,24,525102.4,14,347472.7,38,1020047.4
15,57,7,142384.5,11,240671.9,9,223375.3,11,279932
15,61,4,96801.5,4,93909.2,4,99873.7,4,100483.6
15,63,2,48400.7,2,46954.6,2,49936.9,2,50241.8
15,70,4,84807.4,4,77740.6,4,82829.8,4,97529.5
15,72,4,84807.4,4,77740.6,6,124244.7,5,121911.8
15,74,3,60392.7,2,43743,2,42658.1,1,21532.1
15,75,2,40261.8,2,43743,2,42658.1,4,86128.5
15,78,7,140916.2,7,153100.6,,,1,21532.1
15,79,5,113347.9,5,114253.1,4,93842.8,3,68208.9
15,83,3,68008.8,3,68551.9,3,70382.1,3,68208.9
15,86,3,68372.7,3,78503.5,3,71458.4,3,87777.7
15,90,2,42079.5,4,83027.9,4,84861.6,4,91412.8
15,91,2,42079.5,2,41513.9,2,42430.8,2,45706.4
15,100,,,,,3,72421,2,45963.5
15,106,,,,,,,3,66704.8
15,109,3,55210.4,5,110575.1,3,69224.7,2,44469.9
15,115,2,44228.5,2,44178.6,2,45078.2,2,44229
15,116,1,22114.3,2,44178.6,1,22539.1,2,44229
15,119,5,110571.3,5,110446.5,5,112695.5,3,66343.4
15,121,4,88457,7,154625.1,4,90156.4,8,176915.9
16,35,1,25489.8,1,23852.5,,,1,24573.1
16,36,4,101959.2,4,95410,3,75722.6,1,24573.1
16,39,7,161869.4,2,49671.8,,,5,122475.1
16,40,12,277490.5,11,273194.6,8,193366.6,10,244950.2
16,41,5,115621,11,273194.6,15,362562.3,22,538890.4
16,42,,,,,,,2,48990
16,44,2,50788.2,2,51679.6,2,49365.9,2,53405.6
16,45,,,,,,,1,26702.8
16,48,4,101576.3,4,103359.2,4,98731.8,4,106811.1
16,52,6,123170.9,6,124319.4,6,123460.5,5,114376.7
16,54,15,295213.2,15,300285.2,20,441300.5,23.5,490446.6
16,55,4,78723.5,4,80076.1,5,112125.2,39,899020.6
16,56,11,216489.7,12,240228.2,15,336375.7,18.5,436716.4
16,65,4,78171.7,4,83659.5,4,86740.4,4,83622.4
16,66,3,58628.8,3,62744.7,4,86740.4,4,83622.4
16,67,2,39085.8,1,20914.9,,,,
16,69,6,119938.9,5,105639.2,6,133752.1,2,47362.5
16,71,2,39979.6,3,63383.5,2,44584,2,47362.5
16,72,2,39979.6,2,42255.7,,,,
16,73,1,19989.8,4,84511.4,6,133752.1,7,165768.7
16,74,1,22017.3,2,41998.4,1,22443.5,2,39974
16,78,4,88069.3,4,83996.8,8,179547.7,7,139909.1
16,79,8,163486.3,10,200677.9,7,143904.4,7,153274.3
16,81,6,122614.7,5,100339,4,82231.1,4,87585.3
16,83,1,20435.8,2,40135.6,2,41115.5,2,43792.7
16,85,3,65214.7,3,64774.4,3,69485.3,4,103726.2
16,86,,,1.5,32387.2,1.5,34742.7,1.5,38897.3
16,92,1,21738.2,1,21591.5,,,,
16,95,,,3,55936.6,3,60185.1,4,99365.2
16,102,4,75593.2,5,93227.7,7,140431.9,3,74523.9
16,108,1,23169.8,1,23118.2,1,24125.9,1,24326.8
16,118,4,77044.8,2,38694.3,1,22479.5,1,25083.3
16,119,5,104295.9,5,107789.8,5,116440.3,5,133716
16,120,6.5,135584.7,6.5,140126.7,6,139728.3,6,160459.2
16,121,,,,,1.5,34932.1,2,53486.4
17,37,5,127449,6,143114.9,4,100963.4,4,98292.3
17,38,10,254898,12,286229.9,12,302890.3,13,319450.1
17,39,19,542179.3,19,491137.6,20,527240,25,701566.5
17,40,35,905486.3,41,1053007.1,44,1134737.1,43,1209471.6
17,41,17,393111.5,19,471881.6,18.5,447160.2,18.5,453157.9
17,42,2,46248.4,1,24835.9,1,24170.8,1,24495
17,43,4,92496.8,2,49671.8,2,48341.6,3,73485.1
17,45,,,,,2.5,61707.4,1,26702.8
17,50,1,20528.5,1,20719.9,2,41153.5,2,45750.7
17,51,3,61585.4,5,103599.5,10,205767.4,11,251628.8
17,52,27,461270.9,33,632766.5,38.5,768151.1,33.5,698692
17,53,3,61585.4,3,62159.7,4,82307,3,68626
17,54,24,472341.1,31.5,643234.8,36,744936.7,30.5,715816.3
17,55,4,78723.5,5,100095.1,4,89700.2,4,94425.2
17,65,7,136800.4,7,146404.2,5,108425.5,8,167244.9
17,66,6,117257.5,5,104574.4,3,65055.3,3,62716.8
17,68,3,58628.8,3,62744.7,3,65055.3,3,62716.8
17,74,3,66051.9,4,83996.8,4,89773.8,2.5,49967.5
17,76,5,110086.6,2,41998.4,2,44886.9,1,19987
17,79,2,40871.6,2,40135.6,2,41115.5,2,43792.7
17,80,1,20435.8,1,20067.8,2,41115.5,2,43792.7
17,81,10,204357.9,10,200677.9,14,287808.7,11,240859.6
17,83,2,40871.6,4,80271.2,6,123346.6,3,65689
17,87,3,65214.7,3,64774.4,3,69485.3,4,103726.2
17,89,1,21738.2,1,21591.5,1,23161.8,1,25931.6
17,90,,,2,43183,2,46323.6,2,51863.1
17,91,1,21738.2,1,21591.5,1,23161.8,1,25931.6
17,92,,,,,1,23161.8,1,25931.6
17,95,2,37796.6,1,18645.5,1,20061.7,1,24841.3
17,106,1,23169.8,1,23118.2,,,,
17,118,9.5,182981.4,8,154777.3,7,157356.3,7,175583.1
17,120,4,83436.7,4,86231.8,5,116440.3,5,133716
17,121,7,146014.3,7,150905.7,7,163016.4,7,187202.5
17,122,2,41718.4,2,43115.9,2,46576.1,2,53486.4
17,124,2,40701.8,2,39876.9,2,44480.1,1,25131.8
18,19,14,361327.8,23,422981.7,21.5,369131.7,21,431893.7
18,20,5,129045.6,5,135903.1,5,132361.5,5,144364.4
18,22,5,129045.6,3,81541.9,6,158833.9,10,288728.9
18,36,1.5,38234.7,1,23852.5,1,25240.9,1,24573.1
18,37,23,473506,40,905480.5,48,1191190.9,67.5,1701188.6
18,38,14,356857.2,23,458540.1,36.5,713350.7,37.5,886585
18,39,14,323738.9,12,298030.5,15,362562.3,18,440910.4
18,40,22,508732.5,17,422209.9,17,410904,33,868717.3
18,41,5,115621,7,173851.1,8,193366.6,8,195960.2
18,50,,,,,2,41153.5,2,45750.7
18,51,46,934826.2,37,760818.1,41,808361.6,40,964032.5
18,52,10,205284.8,9,186479,8,164613.9,10,228753.4
18,53,14,287398.7,10,207198.9,12.5,257209.3,10.5,240191.1
18,54,48.5,984825.6,57,1101521.3,72.5,1495200,68,1564157.2
18,55,8,157447,13,260247.2,14,313950.6,12.5,295078.7
18,61,4,87468.2,4,104007.1,2,52981.1,2,49985.1
18,63,1,21867.1,,,,,2,49985.1
18,64,4,78171.7,5,104574.4,5,108425.5,5,104528.1
18,65,2,39085.8,2,41829.8,2,43370.2,2,41811.2
18,68,5,97714.6,5,104574.4,3,65055.3,3,62716.8
18,79,6,122614.7,6,120406.8,6,123346.6,6,131378
18,81,3,61307.4,3,60203.4,3,61673.3,3,65689
18,83,3,61307.4,5,100339,5,102788.8,8,175170.7
18,84,1,21738.2,1,21591.5,1,23161.8,1,25931.6
18,85,2,43476.5,2,43183,3,69485.3,3,77794.7
18,86,3,65214.7,4,86365.9,4,92647.1,4,103726.2
18,94,3,56694.9,,,3,60185.1,3,74523.9
18,95,8,151186.4,8,149164.3,6,120370.2,5,124206.5
18,100,5,94491.5,5,93227.7,6,120370.2,4,99365.2
18,101,1,18898.3,1,18645.5,1,20061.7,1,24841.3
18,105,3,69509.4,3,69354.5,3,72377.6,3,72980.5
18,111,2,46339.6,2,46236.4,6,144755.3,6,145961
18,115,3,57783.6,3,58041.5,3,67438.4,6,150499.8
18,116,21,404485.3,24,464331.8,26.5,595706.1,22,551832.7
18,117,16.5,317809.9,16.5,319228.1,15.5,348431.9,18,451499.5
18,121,14,292028.6,18,388043.2,19,442473,20,534864.2
18,124,5,101754.5,6,119630.7,6,133440.3,6,150790.9
19,18,22,467480.1,25,553390.9,23,564471.9,24,581025.7
19,19,4,103236.5,9,244625.6,38,1026952,40,1093546.1
19,20,46,951122.1,50,1137668.2,46,1038141.2,46.5,1167783.2
19,21,50,1224371.6,49,1281629.5,56,1363373.6,55,1429038.2
19,22,21,409489.8,24,446146.9,17,450029.3,21.5,543112.9
19,23,46,1066574.4,47,1096809.8,36,850261.9,39,838459.5
19,36,,,,,3,75722.6,,
19,37,1,25489.8,1,23852.5,1,25240.9,5.5,135152
19,38,7,178428.6,2,47705,2,50481.7,2,49146.2
19,39,9,208117.8,9,223522.9,9,217537.4,7,171465.1
19,40,7,161869.4,7,173851.1,7,169195.8,6,146970.1
19,41,2,46248.4,2,49671.8,2,48341.6,2,48990
19,44,2,50788.2,2,51679.6,,,,
19,46,7,177758.6,7,180878.6,7,172780.6,7,186919.4
19,48,4,101576.3,4,103359.2,4,98731.8,4,106811.1
19,49,15,307927.2,17.5,362598.1,14.5,298362.8,14,320254.8
19,50,35,743840.5,34,739962.3,41,973718.8,37,999514.6
19,51,35,957551.3,32,923985.7,31,956195.9,28,919117.6
19,52,35,759227.4,36,822745.4,45,1071915,35.5,934209
19,53,12,246341.8,11,227918.8,7,144037.2,15,343130.1
19,54,6,118085.3,8,160152.1,11,246675.5,10,236062.9
19,55,10,196808.8,10,200190.2,6,134550.3,8,188850.3
19,68,,,,,2,43370.2,2,41811.2
19,69,6,119938.9,6,126767.1,6,133752.1,6,142087.5
19,70,,,,,2,44584,2,47362.5
19,79,6,122614.7,5,100339,4,82231.1,3,65689
19,81,1,20435.8,3,60203.4,3,61673.3,3,65689
19,82,4,81743.2,4,80271.2,4,82231.1,5,109481.7
19,83,,,4,80271.2,6,123346.6,7,153274.3
19,85,3,65214.7,3,64774.4,3,69485.3,3,77794.7
19,86,2,43476.5,2,43183,2,46323.6,,
19,89,3,65214.7,3,64774.4,3,69485.3,4,103726.2
19,101,2,37796.6,2,37291.1,2,40123.4,2,49682.6
19,102,2,37796.6,2,37291.1,2,40123.4,2,49682.6
19,103,4,75593.2,4,74582.1,4,80246.8,4,99365.2
19,105,1,23169.8,1,23118.2,4,96503.5,4,97307.3
19,108,6,139018.8,6,138709.1,5,120629.4,5,121634.2
19,110,4,92679.2,4,92472.7,4,96503.5,4,97307.3
19,113,4,92679.2,4,92472.7,4,96503.5,4,97307.3
19,115,10,192612,11,212818.8,10,224794.7,14,351166.3
19,116,54.5,1023609.4,62,1332391.2,55.5,1125763,45.5,1056309.3
19,117,106,2094464.3,92,1834363.6,94,2009599.7,92,1983837.3
19,118,35.5,683772.8,37.5,724764.1,37.5,739978.9,33.5,713255.9
19,119,5,104295.9,5,107789.8,8,186304.4,10,267432.1
19,120,5,104295.9,8,172463.6,5,116440.3,5,133716
19,121,29,647739.3,29,722453.9,38,884271.9,43,1006393
20,16,8,211342,7,188460.8,6,146873.6,9,254694.5
20,17,40,968160.6,35,863636.3,43,1036828.1,44,1040778.9
20,18,17,449101.7,17,457690.4,22,538536.5,23,650886
20,19,35,908495.8,31,893020.7,30,781899.4,38,1069504
20,20,20,532833.7,24,652335,23,590759.7,22,635203.5
20,21,39,800949.8,39,817274,46,1017701.8,44,1174957
20,22,69,1701764.1,68,1715477.1,68,1750054.7,63,1674713.9
20,23,94.5,2140729.6,117,2729738,109,2577797,115,2752620.1
20,24,6,150012.8,5,122825.3,1,24160.8,6,163869.6
20,37,5,127449,6,143114.9,6,151445.2,,
20,39,2,46248.4,2,49671.8,2,48341.6,2,48990
20,45,4,101576.3,4,103359.2,5,123414.7,8,213622.2
20,46,16,406305.3,16,413436.7,15,370244.2,21,536564.2
20,47,20,507881.7,17,439276.5,19,468976,24,640866.6
20,48,1,25394.1,1,25839.8,1,24682.9,,
20,49,24,492683.5,19,393678,16,329227.9,17,388880.8
20,50,18,369512.7,21,435117.8,16,329227.9,16,366005.5
20,51,33,798593.8,32,793336.5,36,880609.4,38,1027267.7
20,52,24,492683.5,18,372958.1,24,493841.8,23,526132.9
20,53,5,102642.4,5,103599.5,7,144037.2,8,183002.7
20,55,5,98404.4,5,100095.1,5,112125.2,5,118031.5
20,60,1,21867.1,1,26001.8,1,26490.6,1,24992.6
20,69,5,99949.1,7,147894.9,7,156044.1,8,189450
20,70,4,79959.3,3,63383.5,,,,
20,71,8,159918.5,7,147894.9,4,89168.1,3,71043.7
20,76,5,110086.6,5,104996.1,4,89773.8,3,59961
20,77,4,88069.3,4,83996.8,6,134660.8,6,119922.1
20,79,2,40871.6,2,40135.6,2,41115.5,2,43792.7
20,80,2,40871.6,2,40135.6,2,41115.5,2,43792.7
20,81,6,122614.7,6,120406.8,8,164462.1,8,175170.7
20,82,5,102178.9,3,60203.4,2,41115.5,7,153274.3
20,83,7,143050.5,7,140474.5,7,143904.4,6,131378
20,84,3,65214.7,2.5,53978.7,2,46323.6,5,129657.8
20,85,2,43476.5,2,43183,2,46323.6,2,51863.1
20,86,8,173905.8,8,172731.8,8,185294.2,8,207452.5
20,89,4,86952.9,1,21591.5,1,23161.8,1,25931.6
20,91,1,21738.2,1,21591.5,1,23161.8,,
20,93,2,43476.5,2,43183,,,,
20,94,,,,,2,40123.4,2,49682.6
20,97,3,56694.9,4,74582.1,4,80246.8,4,99365.2
20,100,3,56694.9,1,18645.5,1,20061.7,2,49682.6
20,105,3,69509.4,3,69354.5,2,48251.8,2,48653.7
20,110,2,46339.6,,,,,1,24326.8
20,112,1,23169.8,1,23118.2,1,24125.9,1,24326.8
20,115,37,818991.7,36,859041.2,35,927042.4,30,765699.2
20,116,67,1130062.4,71,1294507.8,80.5,1571447,80,1951619.2
20,117,80,1488407.5,97,1843508.2,97,1908441.6,102,2115612.4
20,118,50.5,882160.4,72,1322682.1,81.5,1642523.3,70,1565154.4
20,119,29,604916.3,30,646738.6,37,747227.3,31,712581.7
20,120,4,83436.7,3,64673.9,2,46576.1,2,53486.4
20,121,24,500620.4,26,560506.8,31,719510.4,27,568318.6
20,122,1,20859.2,5,107789.8,7,163016.4,10,267432.1
21,13,,,2,47074.6,2,49905.5,2,58655.7
21,14,14,403956,12,285418.7,17,505143,23,617103.9
21,15,75,1472515.2,85.5,1648519.5,87.5,1816586.7,93,2074120
21,16,22.5,484276.1,23,547052.5,23,519725.1,40,1060636.4
21,17,65,1567439,64,1492432.7,56,1451800.8,59,1412350.8
21,18,36,810153,38,890334.2,41,935038,38,1017821.4
21,19,40,1041258,36.5,1004258.9,40.5,919273.2,42.5,1135397.2
21,20,21,451672.2,15,328580.4,16,347231,18,406408.5
21,21,41.5,793666.9,34.5,699047.1,36,782374,43,1025968
21,22,51,1045173.6,52.5,1098494.1,63,1465612.6,61,1399347.5
21,23,42,968310.6,41,903259.2,42,960543.9,35,922111
21,24,27,648058.5,31,797612.5,37,925833.5,36,908514
21,25,1,25002.1,1,24565.1,1,24160.8,1,27311.6
21,37,3,57924.1,3,58944.3,3,64335.2,3,65064.2
21,38,3,57924.1,3,58944.3,,,,
21,43,1,19308,1,19648.1,1,21445.1,1,21688.1
21,44,1,21575,1,22606.3,3,71881.6,3,79128.2
21,45,8,172600,8,180850.2,12,287526.2,8,211008.4
21,46,8,172600,8,180850.2,6,143763.1,7,184632.4
21,47,11,237324.9,11,248669,13,311486.7,21,553897.1
21,48,10,215749.9,15,339094.1,21,503170.9,28,738529.5
21,49,16,386426.7,16,403948,16,429271.9,23,646201
21,50,9,217365,8,201974,9,241465.5,8,224765.6
21,51,21,507185,20,504935,29,778055.3,27,758583.8
21,52,40,781131.9,35,724122.3,26,697566.9,28,588836
21,53,8,193213.3,6,151480.5,6,160977,5,140478.5
21,60,3,65601.2,,,3,79471.7,3,74977.7
21,68,4,61246.2,4,81449.8,4,82750.7,3,70464.4
21,69,2,42498.3,2.5,54948,1,22333.1,3,75970.1
21,70,1,21249.1,3,65937.6,7,156331.7,9,227910.2
21,71,10.5,223115.8,15.5,340677.7,15.5,346163.1,17.5,443158.7
21,72,2,42498.3,3,65937.6,2,44666.2,2,50646.7
21,77,2,40938.1,2,44693.5,2,49547.8,2,51415.2
21,78,1,20469.1,1,22346.8,1,24773.9,1,25707.6
21,79,3,65701.2,4,86323,7,167776.5,10,227716.5
21,80,29,635111.8,34,772358.5,35,806773.5,42.5,1051443.3
21,81,41,860123.1,42,890602.8,34,813729.7,39,949705.8
21,82,3,65701.2,1,21580.8,1,23968.1,1,22771.6
21,84,4,82016.3,15,317779.1,24,488894.1,33,647078.5
21,85,25.5,439679,29,665557.1,27,536808.9,31,682789.8
21,86,14,287057.2,20,423705.5,27,569521.8,28,691129.4
21,88,2,41008.2,2,42370.5,2,42186.8,2,49366.4
21,90,1,22195.6,,,,,,
21,91,2,44391.2,4,86406.5,4,94259.1,,
21,92,2,44391.2,2,43203.2,2,47129.6,2,48091.2
21,93,12,266347.2,12,259219.4,11,259212.6,12,288547
21,95,1,18898.3,,,,,1,24841.3
21,96,4,75593.2,3,55936.6,6,120370.2,4,99365.2
21,97,4,75593.2,4,74582.1,4,80246.8,4,99365.2
21,99,5,94491.5,5,93227.7,4,80246.8,3,74523.9
21,100,1,18898.3,1,18645.5,1,20061.7,1,24841.3
21,102,3,56694.9,3,55936.6,,,,
21,103,2,37796.6,1,18645.5,1,20061.7,1,24841.3
21,105,3,69509.4,2,46236.4,9,217132.9,4,97307.3
21,114,12,234875.6,9,189326.9,7,158318.7,11,265312.7
21,115,35,704336.4,36,778939.1,36,875857.3,32,854481.6
21,116,57,1168616.2,58,1258441.7,58,1405809.2,50.5,1192373.6
21,117,34.5,604694.8,34,678134.1,40,847711,40,929281
21,118,32,640816.4,33,728034,32,708036.6,32,731582.2
21,119,14,297990.7,15,338793.9,13,290243.3,17,390496.7
21,122,2,42570.1,2,45172.5,2,44652.8,2,45940.8
21,123,3,63855.2,3,67758.8,3,66979.2,3,68911.2
22,12,4,91140.5,4,94149.3,7,174669.4,8,234622.7
22,13,37,754705.8,40,912949.7,38,898869.8,47,1175745.8
22,14,45,1047888.4,41,1017332.2,40,1026050.2,39,1090714.9
22,15,26,738526,35,931067.3,41,1162020,48,1387293.8
22,16,24,505955.6,23.5,455326.4,25.5,622108.5,21,589431.3
22,17,35,698273,45,1027894.4,56,1363643.2,60,1532946.5
22,18,72,1723840.4,68,1674506.8,65.5,1562149.6,61,1593254.1
22,19,49.5,1143748.6,45,1075977.8,50,1153708.6,58,1420833.9
22,20,36,874948.3,36,870312.6,46,1094617.5,48,1188603
22,21,44,986589.3,38,869095.3,38,906853.4,48,1259070.8
22,22,34,779099.6,38,854917.6,49,1106102.8,52.5,1210451.9
22,23,50,998936,49,977457.9,53.5,1071999.5,43.5,989513.7
22,24,39,1047709.4,31,743213.6,31,843383.7,32,960710.2
22,25,27,685194,33,879398.7,32,848371.9,34.5,893931
22,37,4,77232.1,1,19648.1,2,42890.1,3,65064.2
22,41,,,1,19648.1,1,21445.1,1,21688.1
22,42,1,19308,1,19648.1,1,21445.1,2,43376.1
22,45,7,151025,7,158243.9,2,47921,2,52752.1
22,46,19,409924.9,16,361700.4,17,407328.8,17,448392.9
22,47,10,215749.9,10,226062.8,7,167723.6,10,263760.5
22,48,20,431499.9,22,497338.1,23,551091.9,24,633025.3
22,49,17,410578.3,20,504935,15,402442.4,18,505722.5
22,50,12,289820,8,201974,8,214636,8,224765.6
22,51,22.5,545412.2,22,555428.5,38,898173.1,53,1391314.8
22,52,1,24151.7,1,25246.8,5,134147.5,2,56191.4
22,53,2,48303.3,1,25246.8,1,26829.5,,
22,60,1,21867.1,,,,,,
22,64,2,30623.1,2,40724.9,1,20687.7,1,23488.1
22,66,2,30623.1,2,40724.9,2,41375.3,1,23488.1
22,67,1.5,22967.3,1.5,30543.7,1.5,31031.5,1.5,35232.2
22,73,23,488729.9,20,439584.1,21.5,480161.7,25.5,645745.5
22,74,26,532195.5,28,625709.3,26,644122,25,642689.4
22,75,12,245628.7,13,290507.9,12,297287.1,13,334198.5
22,76,10,204690.6,10,223467.6,9,222965.3,9,231368.2
22,77,2,40938.1,3,67040.3,2,49547.8,1,25707.6
22,78,8,163752.5,2,44693.5,4,99095.7,6,154245.5
22,79,6,131402.4,6,129484.5,6,143808.4,6,136629.9
22,80,22,481809,18,388453.6,16,383489.1,36,808592.2
22,81,31,678912.6,42,903797,47,1073645,48,1169450.5
22,82,13,284705.3,12,258969,15,359521.1,14,318803
22,83,2,43800.8,2,43161.5,4,95872.3,4,91086.6
22,84,32,610997.3,44.5,818916.2,41,858762.8,41,866363.9
22,85,48,970011.9,40.5,820721.7,44.5,988196.8,40.5,974367.8
22,86,41.5,904110.7,35.5,750064.6,34.5,759717.7,39.5,912383.1
22,87,3,61512.3,3,63555.8,2,42186.8,2,49366.4
22,88,13,266553.1,13,275408.6,13,274214.2,16,394931.1
22,89,4,88782.4,4,86406.5,3,70694.3,3,72136.7
22,90,3.5,77684.6,4,86406.5,4,94259.1,1,24045.6
22,91,3,66586.8,4,86406.5,2,47129.6,5,120227.9
22,92,1,22195.6,1,21601.6,1,23564.8,1,24045.6
22,93,4,88782.4,4,86406.5,,,,
22,99,2,37796.6,2,37291.1,2,40123.4,2,49682.6
22,111,2.5,57924.5,2.5,57795.4,2,48251.8,,
22,114,41,661673,40,635349.4,48,872044.9,42,777633.1
22,115,62,1090760.2,57,1180800.8,57,1221573.1,63,1385238
22,116,32,622061.9,34.5,687771.8,39.5,813245.7,38,814806.8
22,117,11,215302.6,11,231399.6,11,248786.6,11,265312.7
22,118,55,950421.6,56,1057702.6,49.5,998265.6,55,1172527.2
22,119,14,297990.7,14,316207.7,10,223264.1,26.5,608715.4
22,120,7.5,159637.9,4,90345.1,6,133958.4,6,137822.4
22,123,9,191565.5,8,180690.1,8,178611.3,7,160792.7
22,125,1,20350.9,1,19938.4,1,22240,1,25131.8
23,12,32,809220.3,37,894377.7,27.5,686201.1,29,759556.1
23,13,37,860412.7,40,1076880.3,44,1236107.5,50.5,1455027.5
23,14,43.5,1051852.5,47.5,1115768.2,40,1047694.3,54,1568581
23,15,34,873051,52.5,1295364.8,49.5,1309190.1,47.5,1468751.2
23,16,43,991745.2,56,1435510.5,61,1510731.3,58,1548391.6
23,17,52,1231640.9,44.5,1116874.2,43,1115129.6,41,1200475.1
23,18,42.5,983066.4,38,821853.4,38,895248.2,44,1051650.4
23,19,56,1365377,53.5,1277182.6,53,1283023.2,51,1303910.2
23,20,58,1444219.4,63,1533564.9,67,1681086.8,71,1883157.6
23,21,39,786780.9,49,1058118.7,47,1011560,45,1045238.8
23,22,43,960826.3,43,1008347.6,52,1353791.9,52,1372234.3
23,23,31,877940.9,37,1082336.9,42,1105059.1,36,959120.1
23,24,32,750720.5,33,790745.3,33,847124.5,31,828904.1
23,25,36,833065.3,37,868661.5,36,914062.4,35,1005687.9
23,26,10,250021.4,11,270215.6,12,289929.1,16,436985.5
23,34,2,38616,2,39296.2,1,21445.1,,
23,45,2,43150,2,45212.6,5,119802.6,5,131880.3
23,46,3,64725,5,113031.4,9,215644.7,11,290136.6
23,47,2,43150,3,67818.8,4,95842.1,7,184632.4
23,48,13,280474.9,15,339094.1,18,431289.3,18,474768.9
23,49,2,48303.3,2,50493.5,2,53659,2,56191.4
23,50,7,169061.7,9,227220.8,9,241465.5,7,196669.9
23,51,28,676246.7,28,706909,31,831714.3,32,899062.3
23,57,3,65601.2,4,104007.1,3,79471.7,2,49985.1
23,64,2,30623.1,2,40724.9,2,41375.3,1,23488.1
23,67,2,30623.1,2,40724.9,2,41375.3,2,46976.3
23,72,2,42498.3,2,43958.4,2,44666.2,1,25323.4
23,73,12,254989.5,11,241771.2,11,245664.1,16,405173.7
23,74,22,450319.2,15,335201.4,22,545026.3,22,565566.7
23,75,4,81876.2,3,67040.3,3,74321.8,9,231368.2
23,76,7,143283.4,13,290507.9,15,371608.9,15,385613.6
23,77,20,409381.1,16,357548.2,18,445930.6,18,462736.4
23,78,6,122814.3,7.5,167600.7,6,148643.5,10,257075.8
23,79,3,65701.2,3,64742.3,3,71904.2,,
23,80,2,43800.8,1,21580.8,1,23968.1,1,22771.6
23,81,53,1052265.3,63,1241752.3,65.5,1363412.2,67.5,1476859.7
23,82,45,938742.5,42,884487.3,44,987187.3,48,1092697.3
23,83,46,916066.5,51,961213.2,56,1063566.3,61,1355907
23,84,54,950053.2,55,1015433.8,56.5,988715.9,59,1038740.8
23,85,51,1029348,53,1104809.8,50,1003267.3,44,1098569.2
23,86,19,389577.7,21,444890.7,25,558033,26,641763
23,87,12,246049,14,296593.8,11,232027.4,10,246831.9
23,88,18,369073.6,16,338964.4,16,337494.4,15,370247.9
23,89,,,,,1,23564.8,1,24045.6
23,92,5,110978,5,108008.1,5,117823.9,4,96182.3
23,99,,,,,2,40123.4,2,49682.6
23,105,1,23169.8,1,23118.2,1,24125.9,1,24326.8
23,108,2,46339.6,2,46236.4,2,48251.8,2,48653.7
23,109,,,,,,,3,72980.5
23,114,20,391459.3,21,441762.8,23,538066.2,22,530625.4
23,115,33.5,666999.1,29.5,572084.8,27,599887.2,26,606033.1
23,116,52,1022615.6,50,1021963.5,45,943505.1,42,985862.2
23,117,26,508897.1,22,462799.2,27.5,559598.7,25,602983.4
23,118,24,469751.1,25,525908.1,29,563255.1,29,589467
23,119,20,425701,21,474311.5,23,513507.4,27,609425.3
23,120,10,212850.5,12,271035.2,8,178611.3,8,183763.1
23,121,1,21285.1,1,22586.3,1,22326.4,1,22970.4
23,122,2,42570.1,2,45172.5,2,44652.8,2,45940.8
23,123,4,85140.2,3,67758.8,3,66979.2,3,68911.2
23,124,7,142456.2,4,79753.8,5,111200.2,8,201054.6
24,12,17,387347.2,25,588433.1,28,843654.3,25,733196
24,13,44,1268867.9,59.5,1734435.6,59,1742136.6,65,2071393.8
24,14,52,1424096.5,49,1408197.6,44,1253690.1,51.5,1429956
24,15,29,662391.6,32.5,852194.5,37.5,911203.5,45,1375432.7
24,16,51,1192327,42,1024183.7,52,1410260.6,52,1378087.7
24,17,43,1086295.2,51.5,1211498.1,55,1377294.8,60,1583756.1
24,18,46,1226245.8,49,1441522.6,51,1494045.6,55,1614712.9
24,19,43,943839.2,57,1173848.9,53,1176810,58,1502496.8
24,20,70,1709878,81,1928405,77,1760405.7,77.5,1834594.5
24,21,101,1735546.2,90.5,1608054.1,89.5,1557773.3,82,1587744.9
24,22,35,891850.3,33,818858.2,28,723953.9,26,696378.5
24,23,34,852961.1,39,916752.4,40,966555.7,47,1152392.7
24,24,45,1098489,49,1273303.2,49,1308918.3,57,1482325.1
24,25,42,1123525.7,45,1228753.3,40,1041359.9,47,1223719.7
24,26,48,1159720.9,53,1291006.8,45,1178777.5,48,1343633.7
24,27,11,275023.5,9,221085.5,8,193286,7,191181.2
24,33,4,100008.5,4,98260.2,4,96643,4,109246.4
24,34,3,57924.1,2,39296.2,2,42890.1,2,43376.1
24,39,3,57924.1,1,19648.1,2,42890.1,3,65064.2
24,46,16,345199.9,16,361700.4,17,407328.8,38.5,1018157.1
24,47,3,64725,2,45212.6,1,23960.5,9,237384.5
24,51,4,96606.7,3,75740.3,3,80488.5,3,84287.1
24,61,5,109335.3,5,130008.9,5,132452.9,5,124962.8
24,63,5,109335.3,8,208014.2,7,185434,6,149955.4
24,64,5,76557.7,5,101812.2,5,103438.3,5,117440.7
24,73,2,42498.3,1,21979.2,1,22333.1,1,25323.4
24,74,3,61407.2,2,44693.5,,,,
24,77,4,81876.2,3,67040.3,3,74321.8,2,51415.2
24,78,3,61407.2,3,67040.3,7,173417.5,9,231368.2
24,79,4,87601.6,4,86323,4,95872.3,4,91086.6
24,80,7,153302.9,5,107903.8,6,143808.4,5,113858.2
24,83,20,337088.3,20,354154.6,17,314576.8,15,341574.7
24,84,87,1703352.1,86,1839715.6,91.5,2029471.3,90.5,2069568.1
24,85,20,410081.7,22.5,367375.1,19.5,411321.3,29,501474.9
24,87,6,123024.5,6,127111.6,6,126560.4,6,148099.1
24,88,3,61512.3,3,63555.8,,,,
24,89,1,22195.6,1,21601.6,,,,
24,90,5.5,122075.8,7.5,162012.2,7,164953.5,4,96182.3
24,91,4,88782.4,,,1,23564.8,5,120227.9
24,95,5,94491.5,5,93227.7,5,100308.5,3,74523.9
24,116,,,,,8,180935.7,8,192954.7
24,117,8,156583.7,7,147254.3,8,180935.7,7,168835.4
24,118,35.5,748956.5,36.5,880140.5,31,701125.9,31,747699.4
24,119,46.5,1087090.4,44.5,1024015.3,45.5,980211.9,45.5,1031551.6
24,121,1,21285.1,1,22586.3,1,22326.4,1,22970.4
24,122,3,63855.2,3,67758.8,3,66979.2,3,68911.2
25,12,9,205066.2,4,94149.3,7,174669.4,9.5,278614.5
25,13,54,1241596,58,1481321.3,61,1642237.3,60,1639044.1
25,14,34,871625.3,41,1050324.4,43,1078553.4,43,1168625.3
25,15,71,1717953.2,65,1560466.6,72,1772948.8,63,1713964.9
25,16,43,1139447.4,41,1048547.6,49,1238485.5,52.5,1342238.4
25,17,38,838015.8,42,1021093,59,1491919.3,54,1480414.9
25,18,35,703161.1,38,898767.3,35,805618.3,68,1836363.2
25,19,40,929257.1,48,1205448.4,51,1224638.5,54,1211928
25,20,53,1183035.2,46,1155385.9,43,1029575.8,50,1344792.7
25,21,21,526174,25,660062.2,35,842548.7,41,1097318.4
25,22,5,107541,1,21905.4,1,21701.9,,
25,23,45,1068914.6,52,1242104.7,44,1140144.7,43,1145964.5
25,24,21,525044.8,21,515866.1,22,531536.6,29.5,656289.3
25,25,38,829644,50,1004277.4,54.5,1159522.1,47.5,1144899.6
25,26,48,1140421.2,48.5,1129083.7,46.5,1206481.2,43.5,1350164.4
25,27,1,25002.1,2,49130.1,3,72482.3,9,245804.4
25,32,3,75006.4,2,49130.1,2,48321.5,3,81934.8
25,34,2,38616,2,39296.2,2,42890.1,2,43376.1
25,41,2,38616,2,39296.2,2,42890.1,2,43376.1
25,42,2,38616,2,39296.2,2,42890.1,2,43376.1
25,46,12,258899.9,9,203456.5,9,215644.7,9,237384.5
25,47,14,302049.9,12,271275.3,12,287526.2,13,342888.7
25,48,8,172600,9,203456.5,6,143763.1,9,237384.5
25,49,9,217365,10,252467.5,10,268294.9,10,280957
25,60,3,65601.2,3.5,91006.2,2.5,66226.4,1,24992.6
25,61,2,43734.1,2,52003.5,2,52981.1,2,49985.1
25,62,5.5,120268.8,6.5,169011.5,6.5,172188.7,8,199940.5
25,63,1,21867.1,1,26001.8,1,26490.6,1,24992.6
25,64,,,,,,,2,46976.3
25,65,2,30623.1,1,20362.4,1,20687.7,,
25,67,3,45934.6,4,81449.8,4,82750.7,4,93952.6
25,70,3,63747.4,3,65937.6,3,66999.3,3,75970.1
25,71,4,84996.5,4,87916.8,4,89332.4,4,101293.4
25,72,2,42498.3,3,65937.6,3,66999.3,3,75970.1
25,73,7,148743.9,5,109896,5,111665.5,6,151940.1
25,77,1,20469.1,1,22346.8,1,24773.9,1,25707.6
25,79,,,,,,,2,45543.3
25,82,,,1,21580.8,1,23968.1,1,22771.6
25,83,27,591311,32,640195.3,34,688127.6,30,683149.4
25,84,39.5,685924.9,39.5,846086.6,32.5,593353.5,37,873160
25,85,33,767774.6,32,734587,30,833618,32,845779.6
25,90,7,155369.2,6,129609.7,8,188518.2,8,192364.6
25,92,3,66586.8,3,64804.9,,,,
25,93,,,,,2,47129.6,2,48091.2
25,107,6,139018.8,5,115590.9,7,168881.2,7,170287.8
25,109,2,46339.6,1,23118.2,1,24125.9,1,24326.8
25,112,1,23169.8,1,23118.2,,,,
25,116,6,117437.8,8.5,178808.8,8.5,192244.2,8,192954.7
25,117,4,78291.9,2,42072.7,3,67850.9,5,120596.7
25,118,20,391459.3,21,441762.8,20,452339.3,15,361790
25,119,54,949008.5,56,1074715.2,68,1309180.1,54,1205497.8
25,120,2,42570.1,1,22586.3,1,22326.4,1,22970.4
25,123,,,1,22586.3,1,22326.4,1,22970.4
25,124,3,61052.7,3,59815.3,3,66720.1,2,50263.6
25,125,,,,,,,3,75395.5
26,12,11,267555.3,10,246148.4,9,228167.6,9,245339.7
26,13,48,1013346,55,1275723.4,63,1650552.3,61,1649200.1
26,14,51,1434012.7,56.5,1657681.1,53.5,1663663.8,56,1764259
26,15,70.5,1643791.4,60.5,1458909.6,81,2057511.9,69.5,1904067.2
26,16,52,1215971.5,54,1229905.9,53.5,1227168.4,64.5,1653243.9
26,17,55,1288063.3,58,1319674.8,51,1281613,55,1330090.9
26,18,85,2153311.6,77.5,2004811,82,2173086.9,91,2358117.1
26,19,83,2025862.7,85,2042300.2,79,2006979.3,82,2068138.8
26,20,42,1089158.2,45,1086513.9,42,1009564.9,47,1199023.7
26,21,14,358817.9,14,350147,14,370127.3,18,497236.9
26,22,2,51259.7,2,50021,2,52875.3,2,55248.5
26,23,45,1060969.1,46,1113181.5,45,1129508.1,47,1140886.8
26,24,48,1216111.6,49,1244861.2,49.5,1177150.1,57,1536138.1
26,25,47,1225702.6,52.5,1259864.2,49.5,1287844.5,46,1191132.3
26,26,20,469178.8,17,399752.5,14,349937.4,12,338329.2
26,31,5,103022.6,5,111647.7,5,114312.9,5,118136.9
26,41,3,58681.6,3,57485.8,2,38909.3,2,40481.8
26,47,4,79963.7,3,59566.6,5,120543.5,7,171294.9
26,48,10,199909.2,10,198555.5,11,265195.8,11,269177.6
26,58,2,43448.1,2,46683.1,2,45487.3,1,24543
26,60,5,97264.5,5,97259.5,5,105778,5,110322.2
26,61,,,,,4,84622.4,4,88257.7
26,62,1,19452.9,,,,,5,110322.2
26,63,4,77811.6,4,77807.6,5,105778,6,132386.6
26,66,4,83577.9,4,83515.5,4,92716.7,4,106224.5
26,68,2,41789,2,41757.8,2,46358.4,3,79668.4
26,69,8,186254.4,7,163790.2,5,127618.8,7,142424.1
26,71,,,,,1,25523.8,2,40692.6
26,72,2,46563.6,2,46797.2,2,51047.5,2,40692.6
26,73,4,93127.2,2,46797.2,2,51047.5,19,386579.7
26,74,3,50993.4,3,53198.9,3,52748.6,2,40599.2
26,80,1,19721.8,1,19266.4,1,19651.9,1,25255.6
26,83,1,19721.8,2,38532.7,4,78607.8,1,25255.6
26,84,5,101075.8,4,76874.4,2,45218.7,2,41899.7
26,86,4,80860.6,4,76874.4,4,90437.3,4,83799.5
26,89,,,,,,,2,41899.7
26,90,1,20215.2,2,38437.2,2,45218.7,2,41899.7
26,93,1,20215.2,1,19218.6,1,22609.3,1,20949.9
26,95,2,41238.3,2,48875.1,2,51679.7,2,49784.4
26,101,1,20619.1,1,19908.3,,,,
26,110,2,36677.1,3,56999.6,3,56761.7,3,62484
26,112,1,18338.5,1,18999.9,1,18920.6,,
26,116,3,65358.2,3,75497.5,2,48533.8,2,48189.4
26,118,22,479293.4,19,478150.9,20,485338.4,28,665283
26,119,24,528959.5,31,704001.2,33,756856.4,35,883507.6
26,120,44.5,796407.5,41.5,802009.4,35,759127.3,36,802229.2
26,121,1,22040,1,22709.7,1,22944.9,1,25001.8
26,127,4,76217.6,6,113922.5,6,125220.6,6,147914.2
27,13,54.5,1347486.6,49,1259836.3,59,1405003.7,58,1473788.8
27,14,41,943934.8,42,1004140.9,40,1106148.4,44,1247702.9
27,15,61,1476502.4,78,2047011.1,70,1848881.7,82,2292990
27,16,63.5,1524404.5,71.5,1727896.7,73.5,1934058.9,78.5,2095849.1
27,17,43,999357.7,38,911179.8,36,1008908.3,37,1044195.9
27,18,67,1517379.8,69.5,1639328,69.5,1579628.3,69,1649988.8
27,19,68,1523185.9,63,1391423.8,56,1343026.7,56,1486932.7
27,20,63,1288129.6,61,1342023,64,1473643.7,64,1594665.2
27,21,37,762158.8,44,1008357.5,48,1021807.1,45,1006035.4
27,22,32,711272.7,30,688803.6,31,771543,33,853549.1
27,23,57,1446134.4,46,1207932.9,52,1422954.3,60,1599020.9
27,24,56,1450974.2,55,1446176.8,71.5,1846403.9,71,1888055.2
27,25,68,1280111.1,64,1187979,62,1248088.1,65,1545116.3
27,26,20,469178.8,20,470297.1,19,474915,18,507493.8
27,27,16,375343.1,15,352722.8,15,374932.9,12,338329.2
27,28,2,46917.9,2,47029.7,4,99982.1,5,140970.5
27,30,3,61813.6,3,66988.6,5,114312.9,4,94509.5
27,31,8,164836.2,8,178636.3,5,114312.9,5,118136.9
27,40,1,19560.5,1,19161.9,1,19454.6,,
27,47,,,1,19855.6,,,1,24470.7
27,56,2,43448.1,2.5,58353.8,2.5,56859.1,3.5,85900.4
27,61,7,136170.3,8,155615.2,8,169244.7,9,198579.9
27,62,3,58358.7,3,58355.7,3,63466.8,3,66193.3
27,63,1,19452.9,1,19451.9,,,,
27,64,,,,,1,23179.2,1,26556.1
27,66,1,20894.5,1,20878.9,2,46358.4,1,26556.1
27,67,1,20894.5,1,20878.9,1,23179.2,1,26556.1
27,70,1,23281.8,1,23398.6,3,76571.3,3,61038.9
27,71,1,23281.8,1,23398.6,,,1,20346.3
27,74,10,169977.8,9,159596.7,9,158245.9,7,142097
27,75,8,135982.3,8,141863.8,7,123080.2,8,162396.6
27,76,2,33995.6,1,17733,1,17582.9,,
27,77,4,67991.1,2,35465.9,3,52748.6,1,20299.6
27,80,2,39443.5,2,38532.7,3,58955.8,3,75766.7
27,81,4,78887,4,77065.4,5,98259.7,5,126277.8
27,83,1,19721.8,2,38532.7,2,39303.9,2,50511.1
27,87,4,80860.6,4,76874.4,,,1,20949.9
27,90,2,40430.3,2,38437.2,2,45218.7,2,41899.7
27,92,,,,,,,4,83799.5
27,95,2,41238.3,2,48875.1,,,,
27,96,1,20619.1,3,73312.6,5,129199.3,4,99568.8
27,111,8,146708.4,7,132999,6,113523.4,9,187451.9
27,112,13,238401.1,10,189998.6,15,283808.5,14,291591.8
27,114,1,21786.1,,,,,,
27,115,1,21786.1,,,,,,
27,116,4,87144.3,3,75497.5,2,48533.8,2,48189.4
27,117,,,,,,,6,144568.1
27,118,38,688916.9,39,780482.7,47,1024571.2,62.5,1477028.1
27,119,30,591228.1,29,590188.2,30,628876.1,29,635082.2
27,120,12,264479.7,12,272516.6,11,252394.3,13,325023.2
28,12,4,97292.8,2,49229.7,2,50703.9,2,54519.9
28,13,65,1582546.9,78,1954560.2,96,2604857.3,97,2579501.8
28,14,64,1684157.3,65.5,1699273.7,65,1811616.4,78,2419950.6
28,15,57.5,1326768.4,55.5,1291805.2,61.5,1608205.6,66.5,1872176.6
28,16,68,1606535.4,61,1444749.2,66,1591522.7,73,1722755.2
28,17,47,1179805.7,46,1214984.5,43.5,1030300.3,49.5,1241789.6
28,18,48,1207346.6,58,1311642.2,53,1249009.4,49,1214794.9
28,19,74,1580915.4,74,1646887.4,78,1756891,75,1792136.2
28,20,38,963348.2,45.5,1219779.4,57,1562431.8,55,1534881.7
28,21,65.5,1309309.6,65,1488272.8,63,1509475.8,64,1595370
28,22,67.5,1529859,58.5,1296110.9,63,1426980.6,58,1374318.4
28,23,62.5,1588273.4,60.5,1566205.1,71.5,1842016,66.5,1827229.2
28,24,55.5,1291255,60.5,1351689.8,65,1508451.4,61.5,1565987.7
28,25,66,1717341.4,66,1671772.7,71,1730201.9,68.5,1729097.1
28,26,63.5,1437979.4,59.5,1456850.9,59.5,1520957.7,62,1660723.4
28,27,18,406515.7,21,473397.5,23,555441.2,27,687031.1
28,28,6,140753.6,6,141089.1,7,174968.7,7,197358.7
28,29,1,20604.5,4,89318.1,4,91450.3,4,94509.5
28,30,13,267858.8,15.5,346107.8,20,457251.7,16,378037.9
28,42,2,39121.1,2,38323.9,,,2,40481.8
28,53,1,20788.5,1,23811.1,1,24108.7,1,26991.9
28,54,4,86896.1,4,93366.1,6,136461.8,6,147257.8
28,55,6,130344.2,6,140049.2,2,45487.3,2,49085.9
28,56,7,152068.3,6,140049.2,6,136461.8,7.5,184072.3
28,57,17,369308.6,15,350122.9,18,409385.3,19,466316.4
28,58,19,412756.7,19,443489,16,363898,18,441773.5
28,59,27,525228.1,27,525201.2,32,676979,27,595739.8
28,60,8,155623.1,8,155615.2,9,190400.3,12,264773.2
28,61,18,350152.1,21,408489.8,16,338489.5,17,375095.4
28,62,8,155623.1,8,155615.2,9,190400.3,15,330966.6
28,63,8,155623.1,8,155615.2,6,126933.6,8,176515.5
28,64,11,229839.4,14,292304.4,12,278150.2,11,292117.5
28,65,5,104472.4,5,104394.4,5,115895.9,5,132780.7
28,66,7,146261.4,5,104394.4,5,115895.9,7,185892.9
28,68,,,2,41757.8,2,46358.4,2,53112.3
28,70,1,23281.8,1,23398.6,1,25523.8,4,81385.2
28,71,2,46563.6,2,46797.2,2,51047.5,2,40692.6
28,74,,,2,35465.9,,,,
28,75,8,135982.3,6,106397.8,10,175828.8,9,182696.2
28,81,1,19721.8,1,19266.4,1,19651.9,1,25255.6
28,83,1,19721.8,1,19266.4,3,58955.8,3,75766.7
28,91,8,161721.3,8,153748.9,8,180874.6,7,146649.1
28,95,1,20619.1,6,146625.3,5,129199.3,5,124461
28,96,2,41238.3,2,48875.1,2,51679.7,2,49784.4
28,97,2,41238.3,2,48875.1,2,51679.7,2,49784.4
28,99,4,82476.5,3,59724.9,3,69648.5,5,124461
28,102,4,82476.5,3,59724.9,4,92864.6,5,124461
28,104,2,36677.1,2,37999.7,2,37841.1,3,62484
28,106,,,,,,,1,20828
28,112,1,18338.5,1,18999.9,1,18920.6,1,20828
28,114,3,65358.2,3,75497.5,3,72800.8,4,96378.7
28,118,8,174288.5,8,201326.7,7,169868.4,14,337325.5
28,119,2,44080,2,45419.4,11,252394.3,10,250017.8
28,120,31,683239.3,30,681291.5,24,550678.6,26,650046.3
28,123,1,22040,,,,,4,100007.1
28,124,2,38108.8,2,37974.2,,,,
28,127,,,7,132909.5,31,566495.3,26,501760.4
29,13,17,413494.5,18,443067.2,25,633798.8,29,790538.9
29,14,88.5,2272933.5,89.5,2330473.9,91,2375718.7,88,2354039.9
29,15,119.5,2371462.9,180,3700854.1,232,4819283.4,222.5,4777974.1
29,16,38,859131.7,32.5,671528.3,34,776082.1,31,808744.6
29,17,60,1452058.4,53,1389615.5,54.5,1446073,53.5,1358290.1
29,18,62.5,1525982.9,69.5,1732051.6,59.5,1488265.6,78.5,2104305.5
29,19,62,1507389.8,59.5,1438268.9,60.5,1549417.1,58,1525312.1
29,20,64.5,1508979.3,64.5,1463686.5,60,1482626.8,68,1849196.2
29,21,73,1656229.1,78,1912276.1,75,1899086.2,80,2121961.9
29,22,57,1231681.7,59,1359966.1,63,1555673.6,62,1571773
29,23,58,1228105.4,55,1277751.8,54,1285668.3,59,1478310.7
29,24,70,1620784.1,75,1882321.3,78,1966124.3,86,2310548.7
29,25,58,1283614.6,59,1273078.8,55,1358855.2,53,1255035.3
29,26,93,1842323.4,92,1878280.8,93,2049879.2,96,2130536
29,27,39,1050085.2,48,1232806,43,1191085.8,49.5,1373145.3
29,28,31.5,666019,33,725128.7,46,1006007.9,42,972233.1
29,29,6,123627.1,5,111647.7,7,160038.1,12,283528.4
29,31,3,61813.6,2,44659.1,2,45725.2,,
29,32,,,,,,,2,47254.7
29,40,,,,,2,38909.3,2,40481.8
29,51,4,83154,3,71433.2,3,72326.1,3,80975.6
29,52,5,103942.4,7,166677.4,6,144652.2,5,134959.3
29,53,7,145519.4,7,166677.4,8,192869.7,9,242926.8
29,55,19.5,423618.7,26,606879.7,30,682308.8,36,744984.9
29,56,9,195516.3,25,583538.2,41,932684,57,1203336.8
29,57,8,173792.3,10,233415.3,16,363898,15,368144.6
29,58,15,325860.5,14,326781.4,14,318410.8,15,368144.6
29,59,11,213981.8,9.5,184793,9.5,200978.1,8,176515.5
29,60,45,1026817.3,51,1067709.7,51.5,1115959.7,48.5,926756.9
29,61,20,389057.9,21.5,418215.8,23.5,497156.4,26.5,584707.6
29,62,19,369605,31,603008.8,31,740557.2,29,639868.7
29,63,2,38905.8,2,38903.8,1,21155.6,1,22064.4
29,64,7,146261.4,5,104394.4,4,92716.7,6,159336.8
29,65,1,20894.5,1,20878.9,5,115895.9,4,106224.5
29,69,6,139690.8,6,140391.6,6,153142.6,6,122077.8
29,70,4,93127.2,5,116993,5,127618.8,4,81385.2
29,74,7,118984.5,7,124130.8,8,140663.1,12,243594.9
29,75,1,16997.8,1,17733,1,17582.9,1,20299.6
29,79,3.5,69026.2,3,57799.1,3,58955.8,3,75766.7
29,83,6,118330.5,6,115598.2,5,98259.7,7,176789
29,86,2,40430.3,2,38437.2,2,45218.7,2,41899.7
29,88,1,20215.2,1,19218.6,1,22609.3,1,20949.9
29,89,4,80860.6,4,76874.4,4,90437.3,4,83799.5
29,90,2,40430.3,2,38437.2,2,45218.7,2,41899.7
29,97,2,41238.3,1,24437.5,4,103359.4,3,74676.6
29,99,,,,,1,23216.2,2,49784.4
29,102,6,123714.8,4,79633.3,4,92864.6,4,99568.8
29,111,4,73354.2,4,75999.4,5,94602.8,5,104139.9
29,113,2,36677.1,2,37999.7,2,37841.1,2,41656
29,114,4,87144.3,4,100663.3,1,24266.9,1,24094.7
29,118,1,21786.1,1,25165.8,1,24266.9,1,24094.7
29,119,3,66119.9,3,68129.1,4,91779.8,4,100007.1
29,120,2,44080,2,45419.4,4,91779.8,4,100007.1
29,121,8,176319.8,6,136258.3,8,183559.5,8,200014.2
29,122,2,44080,2,45419.4,2,45889.9,,
29,124,7,133380.9,7,132909.5,7,146090.7,7,172566.5
29,127,1,19054.4,1,18987.1,1,20870.1,,
30,14,92,2316144.5,97,2332000.8,128.5,2905329.4,127,3010443.5
30,15,52,1185828.1,56,1502241.6,50,1280675,57,1629212.4
30,16,12,271304.7,12,247948.9,11,251085.4,13,339151
30,17,54,1310347.4,46.5,1118399,52,1356185.4,51,1304719.8
30,18,62.5,1465813.1,69,1615177.5,68,1707757.3,82,2229457.7
30,19,80,1761948.5,87,1963352.5,76,1782340.7,77,1872634.6
30,20,65,1514587.5,61,1437445.9,63,1541038.8,68,1742697.9
30,21,61.5,1237631.8,70.5,1640749.4,73.5,1637458.7,70,1735302.2
30,22,42,951878.7,38,842095.3,88,1700312.4,95.5,2033335.3
30,23,8,205038.8,10,250105,8,211501.3,11,303867
30,24,28,607151.9,26,622122.5,25,655563.9,23,660855.3
30,25,67,1528598.5,65,1468818.1,84,1872651.5,79,1807214.3
30,26,63,1153008.9,62,1186345.9,58,1167588.9,53,1126850.2
30,27,27,688738.2,25,606612.4,25,657518.6,24,691540.5
30,28,,,2,47029.7,1,24995.5,1,28194.1
30,30,6,123627.1,3,66988.6,2,45725.2,4,94509.5
30,31,7,144231.7,6,133977.2,8,182900.7,9,212646.3
30,32,4,82418.1,3,66988.6,3,68587.7,4,94509.5
30,39,2,39121.1,2,38323.9,2,38909.3,2,40481.8
30,40,44,860663.1,36,689830.2,46,894913.7,44,890598.7
30,41,6,117363.2,6,114971.7,69,1035748.3,63.5,1062556.3
30,47,4,79963.7,4,79422.2,2,48217.4,4,97882.8
30,48,4,79963.7,4,79422.2,2,48217.4,2,48941.4
30,49,,,,,6,144652.2,5.5,148455.3
30,50,3,62365.5,3,71433.2,2,48217.4,2,53983.7
30,51,7,145519.4,6,142866.3,10,241087.1,8,215934.9
30,52,2,41577,2,47622.1,2,48217.4,2,53983.7
30,53,7,145519.4,7,166677.4,20,482174.2,29,782764.1
30,54,23,499652.8,23,536855.1,38.5,955460.3,41,1077379.7
30,55,21.5,467066.8,15.5,361793.7,20,454872.6,20,490859.4
30,56,16,347584.6,14,326781.4,14,318410.8,20.5,503130.9
30,57,4,86896.1,4,93366.1,2,45487.3,4,98171.9
30,58,8,173792.3,7,163390.7,6,136461.8,4,98171.9
30,59,7,136170.3,7,136163.3,10,211555.9,10,220644.4
30,60,,,,,,,1,22064.4
30,61,4,77811.6,8,155615.2,2,42311.2,2,44128.9
30,62,2,38905.8,5.5,106985.4,13,275022.7,13,286837.7
30,63,1,19452.9,1,19451.9,1,21155.6,1,22064.4
30,68,2,41789,2,41757.8,2,46358.4,1,26556.1
30,74,5,84988.9,5,88664.9,10,175828.8,9,182696.2
30,75,5,84988.9,6,106397.8,4,70331.5,3,60898.7
30,76,3,50993.4,2,35465.9,3,52748.6,3,60898.7
30,82,1,19721.8,5,96331.8,5,98259.7,5,126277.8
30,83,1,19721.8,5,96331.8,3,58955.8,3,75766.7
30,84,3,60645.5,3,57655.8,3,67828,3,62849.6
30,85,1,20215.2,1,19218.6,1,22609.3,1,20949.9
30,87,5,101075.8,5,96093.1,5,113046.7,4,83799.5
30,91,5,101075.8,4,76874.4,4,90437.3,8,167598.9
30,97,4,82476.5,4,97750.2,4,103359.4,4,99568.8
30,98,2,41238.3,2,48875.1,2,51679.7,2,49784.4
30,110,3,55015.6,2,37999.7,2,37841.1,1,20828
30,111,3,55015.6,1,18999.9,3,56761.7,3,62484
30,114,2,43572.1,2,50331.7,1,24266.9,1,24094.7
30,117,1,21786.1,1,25165.8,1,24266.9,1,24094.7
30,118,9,196074.6,9,226492.5,9,218402.3,8,192757.4
30,119,3,66119.9,2,45419.4,2,45889.9,2,50003.6
30,127,22,419197,18.5,351260.9,15,313051.5,15.5,382111.6
31,10,2,48622.3,2,54783.6,2,49170.6,2,56731.5
31,13,82,1693598,80,1726708.9,87,1908894.7,93,2058553.1
31,14,120,2639362.2,118,2776633.9,86,2179765.4,95.5,2669065.6
31,15,90,2053463,91,2154436.4,89,2221260.9,96,2581568.8
31,16,5,103024.3,5,114508.6,8,149434.5,7,137612.6
31,17,1,20604.9,1,22901.7,1,18679.3,1,19658.9
31,18,8,164838.9,8,183213.8,9,168113.8,9,176930.5
31,19,42,958878.6,41,993964.2,41,981565.7,44,1139407.9
31,20,58.5,1216164.3,62,1391861.8,61,1489900.2,63,1576966.1
31,21,59,1270388.2,62,1411555.2,60,1426785,62,1500802.8
31,22,88,1629917.7,85.5,1617593.2,85.5,1688894.9,119.5,2543138.8
31,23,61.5,1516056,64.5,1612982.2,73,1837191.6,80.5,1914189.6
31,24,22,475279.1,25,558853.2,20,464053.8,60.5,1108698
31,25,73.5,1551955.1,80,1646327.6,68,1438368,67,1535743.1
31,26,36,768839,40,845333.3,33,757634.3,39.5,864691
31,27,29,601526,36,860661,42,961203.3,33,821058.8
31,28,20,411384.3,19,390590.1,14,303445.8,16,352483.5
31,29,39,617570.3,38,639257.5,44.5,782883.1,40.5,737716
31,30,7,163628.9,7,161866.8,7,181670,8,197173.5
31,31,6,140253.3,14,323733.5,10,259528.6,9,221820.2
31,32,11,257131.1,18.5,427790.7,23.5,609892.3,24.5,603844
31,33,2,46751.1,10.5,242800.1,9,233575.8,10,246466.9
31,34,4,101467.9,5,131390,5,139083,9,272753.2
31,35,1,25367,1,26278,5,139083,3,90917.7
31,36,25,634174.1,22,578115.9,23,639781.9,30,742814
31,37,19,481972.3,21,551837.9,14,389432.5,32,734426.2
31,38,8,202935.7,5,131390,4,111266.4,4,121223.7
31,39,57,1227950.1,45,1094529.5,45,1057021.7,52,1292243.6
31,40,37,820167,32.5,610557.5,31,760313.4,32.5,857483.8
31,41,19,434960.9,19,436696.9,21,516434.1,65,1254283.9
31,42,18,412068.2,17,390728.8,17.5,430361.7,16,427793.5
31,43,7,160248.8,13,298792.6,7,172144.7,7,187159.7
31,44,8,200446.7,7,156231.6,8,199688.1,8,212299.3
31,45,25,626396,18,401738.5,18,449298.1,20.5,544017
31,46,6,150335,6,133912.8,9.5,237129.6,9.5,252105.4
31,47,2,50111.7,2,44637.6,2,49922,2,53074.8
31,48,4,100223.4,4,89275.2,9,224649.1,8,212299.3
31,49,19,403307,20,459330.7,16,381930.5,16,428596.5
31,50,1,21226.7,1,22966.5,,,,
31,51,9,191040.2,17,390431.1,9,214835.9,9,241085.6
31,52,10,212266.9,16,367464.5,21,501283.8,23,616107.5
31,53,25,530667.1,29,666029.5,32,763861,32,857193.1
31,54,5,106082.9,8,185306.4,5,117825.7,5,127477.7
31,55,28,723182.4,31,783300.6,33.5,848951.7,30.5,867910.8
31,56,14,297032.1,13,301122.9,14,329911.9,18,458919.7
31,57,3.5,74258,3.5,81071.5,3.5,82478,5,127477.7
31,60,3,63649.7,4,92653.2,4,94260.5,4,101982.2
31,61,,,,,2,47130.3,2,50991.1
31,62,3,63649.7,2.5,57908.2,2,47130.3,2,50991.1
31,72,2,40931.3,2,45884.3,2,43755.3,2,45099.9
31,73,1,20465.7,2,45884.3,2,43755.3,2,45099.9
31,75,2,35012.7,2,38936.7,2,42419.8,2,40836.7
31,76,2,35012.7,2,38936.7,,,,
31,82,3,52519.1,1,19468.4,1,21209.9,1,20418.3
31,83,2,35012.7,2,38936.7,3,63629.7,3,61255
31,84,3,59871.3,6.5,122830.6,4,87112.8,4,87114.6
31,87,1,19957.1,1,18897,1,21778.2,,
31,88,4,79828.5,4,75588.1,4.5,98001.9,4.5,98004
31,96,10,206191.3,8,159266.5,8,185729.2,6.5,142821
31,100,,,,,,,5,124461
31,101,,,1,19908.3,,,,
31,103,,,1,19908.3,,,,
31,109,1,18338.5,1,18999.9,1,18920.6,1,20828
31,110,3,55015.6,2,37999.7,,,,
31,114,3,61108.4,4,92006.5,2,44606.6,3,73470.1
31,117,,,,,3,66910,,
31,119,11,224064,10.5,241517.1,7.5,167274.9,9,220410.4
31,127,1,15621,1,16488.2,3,57875,2,44291.9
32,8,17,459251,15,446648,21,472842.5,20,550367.6
32,9,46,980872.1,49,1157992.4,46,1171693,59.5,1439086.5
32,10,19,461912,19,520444.6,13,319609.1,13,368754.9
32,12,30.5,552989.5,33.5,664791.7,34.5,702427.1,30,611973.6
32,13,120,3011919.9,128.5,3135052.9,147.5,3626164.7,160,3984172.8
32,14,87,1924491.9,79,1743455.9,87,2121376.6,97.5,2535659.6
32,15,66,1622288.8,58,1364808,60,1578604.5,61,1677280.5
32,16,16,329677.9,18.5,423681.9,21,446401,26,514675.2
32,19,42,853008.4,39,855575.1,37,786506.8,35,814041.9
32,21,8,157248.6,10,200820.2,10,237654.4,12,344562.8
32,22,30,589682.1,30,602460.5,30,712963.2,33,625027.6
32,23,55,1291707.3,49.5,1116121.3,55,1286933.7,46,1186197
32,24,23,583689.3,22,579054.7,76.5,1357419.1,89.5,1626099.2
32,25,108,1912919.7,99.5,1829929.1,93.5,1758640.9,102,2141644.2
32,26,42,989168.7,31,729387.2,31,773600.1,28,772342.5
32,27,65,1351951.4,72,1504349.1,78,1774071.6,78.5,1773317.9
32,28,63,1350666.6,60,1345809.7,61,1383909.5,55,1330640.4
32,29,72,1598074.6,68,1593504.6,66,1565914.7,69.5,1671481
32,30,18,420760,20,462476.5,30,735840.5,22,542227.2
32,31,28,709532.5,31,713258.9,35,907957.9,41,1053678.9
32,32,41,948380.6,44,1058482.5,39,980244.7,44,1148044
32,33,24,561013.3,25,578095.6,23,596915.8,33.5,915762
32,34,19.5,494655.8,15,394169.9,20,556332.1,40,906205.7
32,35,20,507339.3,21,551837.9,25,664119.7,8,242447.3
32,36,39,985476.9,42,1152910.1,41,1077171.2,37,1091158.4
32,37,15,380504.5,15,394169.9,13,361615.8,16,484894.7
32,38,28,710275,28,735783.8,29,806681.5,23,697036.1
32,39,39,1050502,42,1160010.3,44,1203372.5,41,1181432.3
32,40,20,457853.6,27.5,569061.3,22.5,467033.8,23,490729.1
32,41,14,320497.5,21,482665,24,535042.4,25,638016.7
32,42,17,389175.5,23,528633.1,28,688578.8,27,721901.5
32,43,6,137356.1,7,160888.3,8,196736.8,8,213896.7
32,44,5,125279.2,9,200869.3,6,149766,6,159224.5
32,45,4,100223.4,7,156231.6,9,224649.1,10,265374.2
32,46,2,50111.7,6,133912.8,6,149766,6,159224.5
32,48,8,200446.7,5,111594,5,124805,3,79612.2
32,49,20,424533.7,22,505263.7,33,633853.7,35,668686
32,50,8,169813.5,9,206698.8,15,358059.9,16,428596.5
32,51,9,191040.2,9,206698.8,9,214835.9,13,348234.7
32,52,4,84906.7,5,114832.7,13,310318.5,23,616107.5
32,53,9,191040.2,10,229665.3,6,143223.9,5,133936.4
32,54,3,63649.7,3,69489.9,,,4,101982.2
32,72,3,61397,5.5,126181.8,4,87510.6,5,112749.7
32,73,3,61397,2,45884.3,2,43755.3,2,45099.9
32,76,,,,,2,42419.8,2,40836.7
32,82,1,17506.4,1,19468.4,1,21209.9,1,20418.3
32,83,4,70025.5,3,58405.1,4,84839.7,3,61255
32,85,2,39914.2,2,37794,2,43556.4,2,43557.3
32,95,1,20619.1,1,19908.3,2,46432.3,1,21972.5
32,96,10,206191.3,10,199083.1,13,301810,13,285642
32,97,2,41238.3,2,39816.6,3,69648.5,3,65917.4
32,99,,,,,,,2,49784.4
32,104,3,61156.3,3,68940.8,3,66619.9,2,47022.7
32,106,7,142697.9,7,160861.9,,,2,47022.7
32,107,,,,,8,177653.2,5,117556.7
32,110,,,,,3,56761.7,3,62484
32,111,5,91692.7,5,94999.3,5,94602.8,5,104139.9
32,113,1,18338.5,1,18999.9,1,18920.6,1,20828
32,115,3,61108.4,2,46003.3,3,66910,3,73470.1
32,119,4,81477.8,4,92006.5,3,66910,3,73470.1
32,126,1,15621,1,16488.2,2,38583.3,2,44291.9
32,127,19,273237.3,20,337062.3,22,426615.9,23,480935.6
33,6,,,,,3,86568.6,6,169573.8
33,7,17.5,316560.5,18,341866.8,22,477241.6,27.5,627497.5
33,8,17,459251,25,656662.8,25,672748.1,22.5,625393
33,9,56,1480179.2,68,1726162,63,1455439.9,74,1788125.8
33,10,2,48622.3,2,54783.6,2,49170.6,2,56731.5
33,11,38,743598.9,39,749632.4,41,889486.3,45,1063319.6
33,12,114,2814436.5,114.5,3071853.8,127,3261528.3,136.5,3628550.9
33,13,88.5,1951630.9,93.5,2191937.8,87,2011225.3,86,2090649.2
33,14,59,1256417.6,58,1288452,60,1279469.8,68.5,1455062
33,15,21,506106.7,28,560738.7,24,538350.3,29,807568.6
33,22,,,2,40164,,,,
33,23,9,176904.6,6,120492.1,4,95061.8,7,200995
33,24,28,617985.6,25,560621.3,21,455168.7,28.5,720763
33,25,46,883482.5,60.5,1224649.6,54,1208337.6,45.5,1124252.5
33,26,76,1566318.6,73.5,1538534,72,1601926.6,77,1826033
33,27,61,1468860.2,57,1426324.1,62,1638482.3,68,1815981.2
33,28,49.5,1065820,45.5,997481.2,45.5,1052288.5,46.5,1126411.6
33,29,23,537637.7,22,508724.1,17,441198.7,21.5,529903.9
33,30,35,764933.6,32,761122.7,44.5,1079441.9,34,911709
33,31,36,831140.5,37,845399.7,54,1217542.6,63,1599573.4
33,32,35.5,1054507,40.5,1229214.8,40,1110960.9,40,1147983.6
33,33,38,945074,34,904484.6,36,928987.8,39,985917.9
33,34,32,811742.8,30,788339.8,27,751048.3,25.5,772800.9
33,35,5,126834.8,4,105112,4,111266.4,12,363671
33,36,33,630674.9,33,798091.2,23.5,533067.4,12.5,378824
33,37,,,2,52556,2,55633.2,2,60611.8
33,38,27,664203.2,27,709505.8,26,723231.7,5,151529.6
33,39,22,503638.9,21.5,494157,32.5,919593.6,33.5,881584.5
33,40,63,1472857.1,66.5,1622776.8,58.5,1453120.7,55,1473353
33,41,15,343390.2,15,344760.7,17,418065.7,14,374319.3
33,42,19,434960.9,18,413712.9,20,491842,20,534741.9
33,43,13,297604.8,12,275808.6,11,270513.1,3,80211.3
33,44,2,50111.7,2,44637.6,2,49922,2,53074.8
33,45,5.5,137807.1,6,133912.8,4,99844,6,159224.5
33,46,10,250558.4,10,223188.1,9,224649.1,7,185761.9
33,47,1,25055.8,1,22318.8,1,24961,,
33,48,1,25055.8,,,,,,
33,50,2,42453.4,2,45933.1,2,47741.3,2,53574.6
33,52,,,5,114832.7,,,,
33,57,4,84866.3,4,92653.2,2,47130.3,2,50991.1
33,72,7,143259.6,7,160595.1,10,218776.5,6,135299.6
33,73,5,102328.3,2,45884.3,2,43755.3,3,67649.8
33,74,1,17506.4,2,38936.7,2,42419.8,1,20418.3
33,76,,,,,1,21209.9,1,20418.3
33,77,1,17506.4,1,19468.4,1.5,31814.9,2,40836.7
33,78,1,17506.4,1,19468.4,1,21209.9,1,20418.3
33,82,3,52519.1,4,77873.5,2,42419.8,2,40836.7
33,83,,,1,19468.4,1,21209.9,1,20418.3
33,84,,,3,56691.1,2,43556.4,2,43557.3
33,88,2,39914.2,5,94485.1,4,87112.8,4,87114.6
33,95,4,82476.5,3,59724.9,2,46432.3,2,43944.9
33,105,,,,,2,44413.3,2,47022.7
33,106,2,40770.8,,,,,,
33,108,4,81541.7,4,91921.1,3,66619.9,3,70534
33,119,6,122216.7,5,115008.2,6,133819.9,8,195920.4
33,124,,,4.5,74197,2,38583.3,1,22145.9
33,127,2,31242.1,2,32976.4,2,38583.3,2,44291.9
34,6,18,552161.3,21,582359.2,19,548267.9,20,706501.1
34,7,29,700673.2,30,805622.3,29,926088.3,26,734820
34,8,25,734147.3,20,595530.7,23,663692.7,29,802992.2
34,9,54.5,1416835.9,54,1375691.5,62,1657016.7,66,1834450
34,10,2,48622.3,2,54783.6,4,98341.3,4,113463
34,11,10,243111.6,11,301310,14,344194.4,5,141828.8
34,12,39,984484,38,856275.6,45,1045962,46,1155365.1
34,24,20,411384.3,18,370032.7,19,497356.2,18,396544
34,25,36.5,666304.3,37.5,794417.6,48.5,1016629.7,52,1134572.5
34,26,53.5,1114099.7,76.5,1493683.7,73,1574722.8,70,1555047.4
34,27,67,1272508.1,62,1167700.1,66,1271715.3,68,1490110.7
34,28,14,287969,15,308360.6,13,281771.1,12,264362.7
34,29,31,724642.2,36.5,985895.7,12,311434.3,38,1098372.2
34,31,5,116877.8,2,46247.6,2,51905.7,,
34,32,14,327257.8,13,300609.7,21.5,557986.5,23,566873.9
34,33,18,420760,15,346857.3,12,311434.3,11,271113.6
34,34,4,101467.9,4,105112,4,111266.4,6,181835.5
34,35,12,304403.6,9,236501.9,10,278166,10,303059.2
34,36,20,507339.3,22,578115.9,17,472882.3,13,393976.9
34,38,2,50733.9,2,52556,2,55633.2,,
34,39,32,686064.4,32,724826.9,27,663986.7,22,588216
34,40,,,,,5,122960.5,4,106948.4
34,41,6,137356.1,6,137904.3,6,147552.6,6,160422.6
34,42,23,526531.6,24,551617.1,21,516434.1,24,641690.2
34,43,4,91570.7,8,183872.4,5.5,135256.5,10.5,280739.5
34,45,2,50111.7,2,44637.6,1,24961,1,26537.4
34,67,3,61397,2,45884.3,2,43755.3,2,45099.9
34,69,4,81862.6,4,91768.6,4,87510.6,4,90199.7
34,84,16,319313.8,15,283455.3,13,283116.5,12,261343.9
34,87,1,19957.1,1,18897,1,21778.2,1,21778.7
34,101,5,103095.7,10,199083.1,6,139296.9,12,298706.4
34,102,3,61857.4,3,59724.9,3,69648.5,3,74676.6
34,105,10,203854.2,15,344704.2,11.5,255376.4,12,282136.1
34,106,8,163083.3,6,137881.7,8,177653.2,8,188090.7
34,108,3,61156.3,3,68940.8,1,22206.6,1,23511.3
34,109,5,91692.7,5,94999.3,5,94602.8,3,62484
34,119,5,101847.3,5,115008.2,4,89213.3,4,97960.2
34,123,2,40738.9,2,46003.3,2,44606.6,2,48980.1
34,127,9,140589.3,6,98929.3,6,115750,2.5,55364.8
35,5,25,610158.4,24,698008.8,22,672888.4,25,750794.3
35,6,74,1723522.7,84.5,1970046.1,69.5,1718126.3,82,2095861.7
35,7,41,993510.8,30,698040.1,32,788251.5,29,716361.7
35,8,36,795169.8,35,926017.6,26,634477.6,35,965258.1
35,9,59,1285989.9,72,1511328.3,76,1843721.8,78,1978786.4
35,10,59,1351205.9,64,1551791,71.5,1835729.5,72.5,1807214.2
35,11,131.5,3198021.9,127,3080045.1,127,3021638.5,138,3310012.6
35,12,100,2352828.1,95.5,2107553.6,99.5,2344427.1,110,2967671.2
35,13,37,929482.6,43,1087364.7,44,1176116.1,51,1498910.9
35,29,26,474317.8,22,508724.1,23,503988.2,23,532215.8
35,35,4,101467.9,4,105112,7,194716.2,7,212141.4
35,36,22,558073.2,14,367891.9,17,472882.3,11,333365.1
35,37,9,228302.7,10,262779.9,10,278166,2,60611.8
35,38,1,25367,1,26278,1,27816.6,1,30305.9
35,39,2,45785.4,2,45968.1,2,49184.2,2,53474.2
35,55,,,,,2,47130.3,2,50991.1
35,57,1,21216.6,1,23163.3,1,23565.1,1,25495.5
35,66,2,40931.3,2,45884.3,2,43755.3,2,45099.9
35,68,2,40931.3,2,45884.3,2,43755.3,2,45099.9
35,70,2,40931.3,2,45884.3,2,43755.3,2,45099.9
35,72,3,61397,2,45884.3,2,43755.3,2,45099.9
35,78,6,105038.2,6,116810.2,4,84839.7,8,163346.7
35,84,,,5,94485.1,4,87112.8,2,43557.3
35,87,2,39914.2,5,94485.1,5,108891,4,87114.6
35,99,1,20619.1,1,19908.3,1,23216.2,1,24892.2
35,104,4,81541.7,4,91921.1,,,,
35,105,36,733875.1,32,735368.9,29,643992.8,30,705340.2
35,106,17,346552.1,16,367684.5,15,333099.7,15,352670.1
35,108,13,265010.4,13,298743.6,16,355306.4,19.5,458471.1
35,110,4,73354.2,4,75999.4,4,75682.3,4,83311.9
35,117,3,61108.4,2,46003.3,1,22303.3,1,24490
35,119,1,20369.5,1,23001.6,1,22303.3,1,24490
35,121,1,20369.5,1,23001.6,1,22303.3,,
35,126,5,78105.2,2,32976.4,4.5,86812.5,4.5,99656.7
35,127,3,46863.1,3,49464.7,,,3.5,77510.8
36,3,4,90629.8,2,46956.2,2,54885.6,2,61889.4
36,4,10,277212.3,11,340627,12,373258.7,15,483669.4
36,5,49,1194002.6,52,1309974.6,58.5,1622788.4,61.5,1771057.4
36,6,60,1427253.5,60.5,1599271.2,64.5,1612675,71,1980574.6
36,7,75,1571235.9,69,1640701.3,64.5,1632917.8,65.5,1846322.1
36,8,62,1509999.6,60.5,1471534.3,51.5,1419175.6,63.5,1896830.6
36,9,65.5,1501082.8,68,1575149.4,69,1622277.5,78,2056934.6
36,10,122,2285908.7,109,1957467.2,116,2345318.2,115,2479062
36,11,99,2429014.7,96,2563587.8,100,2688556.5,90,2448563.8
36,12,284.5,5814861.8,283.5,5988390.2,280,6270826.9,276.5,6348628.1
36,13,85,2039428.6,84,2073645.5,85.5,2127336.5,79.5,2272408.8
36,14,1,28635.5,1,29935.7,,,2,64269.6
36,15,4,114541.9,8,239485.5,7,202497.4,8,257078.3
36,16,39,927677.5,38,862000.8,44,1148434.8,41,1068097.8
36,17,24,730270.8,24,746170.4,23,742092.6,23,750349.2
36,18,8,229083.9,12,359228.2,12,347138.3,7,224943.5
36,19,1,22845.1,1,23300.3,1,25468.5,1,26992.6
36,34,4,84090.7,4,92170.5,4,92752.8,3,74983.3
36,35,29.5,527479.5,30,510336,38,754893.8,37,822687.8
36,36,64.5,1275761.9,65,1323066.1,61.5,1327602.8,101.5,2449162.5
36,37,2,42045.4,2,46085.2,2,46376.4,3,74983.3
36,38,5,105113.4,11,253468.8,17,394199.3,47.5,1385419.2
36,39,7,151885.4,7,150639.9,6,141394.4,19,482138.4
36,47,,,,,,,1,21159
36,66,3,65128.9,2,52643.1,2,46090.5,1,25384.1
36,67,1,21709.6,2,52643.1,2,46090.5,2,50768.2
36,69,5,108548.1,5,109280.7,6,142022.5,3,76152.3
36,71,5,108548.1,5,109280.7,4,94681.6,5,126920.5
36,81,,,4,89275.7,4,85689.5,4,91285.7
36,84,,,2,40331.8,3,64249.9,4,90904.9
36,88,6,109876.7,4,80663.6,4,85666.5,4,90904.9
36,92,6,109876.7,6,120995.4,5,107083.1,5,113631.1
36,93,2,36625.6,2,40331.8,2,42833.3,3,68178.7
36,100,3,67106.8,2,45979.1,2,48383.5,2,52362.3
36,101,1,22368.9,1,22989.5,1,24191.7,1,26181.2
36,103,,,1,22989.5,2,48383.5,,
36,105,13,277384.7,15,333957.3,14,338536.2,9,249223.8
36,108,8.5,181366.9,13,289429.6,7,169268.1,13,359989.9
36,109,,,1,22989.2,7,155696.6,11,316756.1
36,111,4,75154.2,4,91956.8,4,88969.5,3,86388
36,119,1,18526.6,1,18989.2,1,22439.7,1,21953
36,120,2,37053.1,2,37978.3,5,112198.7,1,21953
36,121,2,37053.1,3,56967.5,3,67319.2,4,87811.8
37,2,3,67972.3,3,70434.3,5,137213.9,5,154723.4
37,3,41,967439.2,45,1110067.7,52.5,1361825.5,54.5,1603766.1
37,4,75,1424528,74,1523096.4,66,1402569,60.5,1345353.4
37,5,74,1637294.9,75,1880010.7,82.5,2149241.2,94.5,2390047.2
37,6,58,1296760.9,62,1276762.6,79,1774313.4,58,1307630.3
37,7,58.5,1401470.5,59,1496916.5,63,1730012.6,66,1935937.3
37,8,59,1253948.9,68,1500155.1,69,1525205.2,75,1924576.8
37,9,66.5,1675001.2,67.5,1708795.9,63,1664301.7,67,2000105.1
37,10,34,874816.9,40,970883.3,31,698022.6,34,916800.7
37,11,70,1563433.3,72.5,1687648.3,62,1432452.3,76.5,2122133.6
37,12,89,1791662.7,98.5,2115501.9,114,2542692.9,105.5,2525480.4
37,13,28,500121.6,29,575917.7,78,1702937.9,76,1741180.2
37,14,46,1066954,42,967599,43,987144.7,42,1034798.1
37,15,27,623088.7,27,673289.3,25,632195.7,29,809306.4
37,16,43,914010.7,49.5,1178208.8,63,1478637.1,56,1206117.2
37,17,57.5,1380201.8,64,1631348.8,59.5,1463439.4,74.5,1805795.6
37,18,22,629980.6,24,718456.5,26,752133,23,739100.1
37,19,9,205605.7,9,209702.6,9,229216.4,8,215940.9
37,20,8,182760.6,8,186402.3,7,178279.4,5,134963
37,21,2,45690.2,2,46600.6,2,50937,2,53985.2
37,33,4,81320.1,1,24966.1,5,124478.2,2,49330.4
37,34,2,42045.4,4,92170.5,4,92752.8,4,99977.7
37,35,23,483521.6,22,506937.6,16,371011.1,16,399910.9
37,36,24.5,515055.6,22.5,518458.9,22.5,521734.4,27,614067.8
37,37,2,42045.4,2,46085.2,2,46376.4,2,49988.9
37,38,6,126136.1,9,207383.5,5,115941,8,199955.4
37,39,7,151885.4,6,129120,6,141394.4,6,152254.2
37,41,8,173583.3,4,86080,4,94262.9,21,532889.8
37,42,2,43395.8,2,43040,2,47131.5,2,50751.4
37,46,1,17889.4,1,21151.5,1,22276.2,1,21159
37,64,2,43419.2,3,78964.7,2,46090.5,3,76152.3
37,65,,,2,52643.1,3,69135.7,3,76152.3
37,72,4,86838.5,4,87424.5,4,94681.6,4,101536.4
37,77,2,46115.5,4,89275.7,6,128534.3,2,45642.9
37,82,4,92230.9,4,89275.7,3,64267.1,3,68464.3
37,84,2,36625.6,2,40331.8,3,64249.9,3,68178.7
37,87,4,73251.1,5,100829.5,7,149916.4,7,159083.5
37,92,1,18312.8,,,,,,
37,100,2,44737.8,2,45979.1,2,48383.5,2,52362.3
37,111,1,18788.5,2,45978.4,2,44484.8,2,57592
37,112,4,75154.2,5,114946,3,66727.1,3,86388
37,113,2,37577.1,2,45978.4,3,66727.1,6,172776.1
37,116,3,55579.7,3,56967.5,4,89758.9,5,109764.8
37,118,2,37053.1,2,37978.3,,,1,21953
37,120,6,111159.4,4,75956.7,5,112198.7,5,109764.8
37,125,7,178826.1,6,151796.8,6,151970,6,163745
37,127,4,102186.3,4,101197.9,2,50656.7,2,54581.7
38,2,2,45314.9,7,164346.7,11,301870.6,8,247557.4
38,3,44,971024,48,1175619,58,1508065.5,52,1545795.7
38,4,64.5,1556132.8,65,1686919.5,73.5,1840302.5,73.5,1824020.4
38,5,56,1503017.3,63,1827168.7,66,1994504.2,85,2391422.1
38,6,63,1551291,66,1670373.7,68,1691672.4,73,2010177.4
38,7,83,2001944.5,74,1909930.8,85.5,2261841.2,85,2224775.2
38,8,64.5,1862620.8,55.5,1482395.9,59,1591764.6,57,1525432.8
38,9,80.5,1819926.2,71.5,1674102.1,89.5,2106260.7,101.5,2578118.4
38,10,62.5,1426623,62.5,1555664.6,67,1719882.2,72.5,1904663.3
38,11,97.5,2249554.2,87.5,2072901.4,88,2074032.6,85.5,2036812.3
38,12,127,2422014.7,120,2350293.2,116.5,2293729.9,137.5,2760032.2
38,13,31,662530.6,31,698929.6,40,902639.7,31.5,767124.2
38,14,84,2013517.9,76,1866851.2,79,2029981.8,76,1906546.1
38,15,54.5,1229452.7,61,1423469.2,65,1499832.3,68,1693095.2
38,16,49,1300743.1,50,1270532.3,48,1302346.1,50,1391102.3
38,17,55,1294988.4,51.5,1200331.8,53,1277678.7,50,1183946.4
38,18,3,85906.4,5,149678.4,4,115712.8,3,96404.4
38,20,17,388366.4,23,635741.9,23,652135.1,23,639948.7
38,21,6,137070.5,5,116501.4,6,152810.9,6,161955.6
38,30,9,182970.1,7,174762.9,3,74686.9,5,123325.9
38,31,24,487920.3,23,574220.8,21,522808.5,16,394643
38,32,1,20330,,,,,,
38,34,2,42045.4,2,46085.2,2,46376.4,2,49988.9
38,35,20,420453.5,20,460852.3,26,602893,22,549877.5
38,36,6,126136.1,4,92170.5,2,46376.4,6,149966.6
38,37,11,231249.4,9,207383.5,9,208693.7,10,249944.3
38,39,2,43395.8,2,43040,1,23565.7,1,25375.7
38,40,,,,,5,117828.6,3,76127.1
38,41,3,65093.7,3,64560,3,70697.2,3,76127.1
38,56,2,39060.2,2,45861.9,2,46080.1,2,46186.9
38,57,,,,,,,1,23093.5
38,73,2,43419.2,2,43712.3,2,47340.8,2,50768.2
38,76,5,115288.6,4.5,100435.2,,,,
38,77,1,23057.7,2,44637.9,9,192801.4,9,205392.9
38,81,4,92230.9,4,89275.7,3,64267.1,,
38,84,2,36625.6,4,80663.6,4,85666.5,2,45452.4
38,90,2,36625.6,2,40331.8,2,42833.3,3,68178.7
38,98,2,44737.8,2,45979.1,2,48383.5,2,52362.3
38,99,2,44737.8,2,45979.1,2,48383.5,2,52362.3
38,102,5,111844.6,3,68968.6,5,120958.7,5,130905.9
38,103,1,22368.9,1,22989.5,,,,
38,112,15,281828.2,11,252881.3,12,266908.5,13,374348.1
38,113,2,37577.1,2,45978.4,2,44484.8,2,57592
38,118,3,55579.7,1,18989.2,5,112198.7,5,109764.8
38,119,2,37053.1,2,37978.3,2,44879.5,2,43905.9
38,120,2,37053.1,2,37978.3,4,89758.9,4,87811.8
38,126,2,51093.2,2,50598.9,2,50656.7,2,54581.7
38,127,2,51093.2,2,50598.9,2,50656.7,2,54581.7
39,1,7,158602.1,8,187824.7,7,192099.5,6,185668.1
39,2,37,835399.8,42,950001.7,32,792116.1,44.5,1067402.5
39,3,64,1345738.4,83,1938590,82,2006128.3,78,2057354
39,4,55,1276966,49,1144648.3,69,1822656,62,1916691.5
39,5,79,2099718.1,81.5,1909666.4,80.5,2021491.2,88.5,2468247.6
39,6,90.5,2263720.7,81.5,2046231.3,86,2349245.1,82.5,2274934.5
39,7,73,1727642.5,60,1380677.6,66,1643309.3,61,1638296.7
39,8,25,693030.8,24,743186.2,23,715412.5,25,806115.6
39,9,60,1565312.6,61.5,1651555,73,2031874.9,78,2155090.5
39,10,79.5,1943611.3,70,1627558.9,73,1829442.3,73.5,2062003.9
39,11,6,128231.7,5,112730.6,8,180527.9,9,185916.8
39,12,70,1374266.4,73.5,1453120.1,71,1541434.4,64,1394160.1
39,13,36,800805.6,35,804609.1,30,653459.2,33,733621.9
39,14,48,1117889.3,59,1467352.7,76,1921061.8,77,1979401.8
39,15,63,1480317.3,67,1654051,73,1802613.9,71,1861205
39,16,46,1159034.5,43,1123886.5,47,1107754.1,49,1281533.2
39,17,61,1403995.6,57,1329704.2,58,1487654.6,63,1727600.4
39,18,27,697701.2,28,716069.8,28,764562.2,24,713955.3
39,19,56.5,1204017.5,50,1106562,49,1257305.9,49,1420616.6
39,20,23,525436.8,24,509666,24,514396.2,26,651052.8
39,29,2,40660,1,24966.1,,,3,73995.6
39,30,4,81320.1,4,99864.5,5,124478.2,5,123325.9
39,31,24,606487.3,24,633368.4,4,99582.6,37,844733.2
39,32,14.5,294785.2,14,349525.7,27,663385,17,417408.3
39,33,1,20330,,,7,174269.5,1,24665.2
39,34,1,21022.7,2,46085.2,,,,
39,35,5,105113.4,5,115213.1,4,92752.8,4,99977.7
39,36,3,63068,3,69127.8,3,69564.6,,
39,37,1,21022.7,1,23042.6,1,23188.2,3,74983.3
39,39,,,4,86080,4,94262.9,4,101502.8
39,40,2,43395.8,2,43040,2,47131.5,2,50751.4
39,43,,,,,1,23565.7,1,25375.7
39,44,2,35778.8,7,148060.7,5,111380.9,5,105794.8
39,48,5,89447.1,4,84606.1,3,66828.5,2,42317.9
39,59,6.5,126945.6,1,22931,2,46080.1,,
39,64,,,,,3,69135.7,1,25384.1
39,65,5,108548.1,6,157929.4,7,161316.7,3,76152.3
39,67,2,43419.2,2,52643.1,1,23045.2,5,126920.5
39,68,1,21709.6,1,26321.6,,,3,76152.3
39,72,1,21709.6,1,21856.1,1,23670.4,1,25384.1
39,82,4,92230.9,4,89275.7,4,85689.5,4,91285.7
39,83,,,,,4,85689.5,4,91285.7
39,87,4,73251.1,2,40331.8,2,42833.3,,
39,89,6,109876.7,5,100829.5,5,107083.1,5,113631.1
39,91,3,54938.3,1,20165.9,1,21416.6,1,22726.2
39,99,3,67106.8,3,68968.6,5,120958.7,3,78543.5
39,102,12,268427,15,344843,15,362876.2,13,340355.2
39,103,61,1242594.3,59,1168944.4,57.5,1247601.4,44.5,1020048.6
39,104,4,85349.1,3,66791.5,6,145086.9,6,166149.2
39,114,5,92632.8,4,75956.7,7,157078.2,8,175623.7
39,120,3,55579.7,2,37978.3,1,22439.7,1,21953
40,0,3,67972.3,4,93912.4,4,109771.1,4,123778.7
40,1,36,815667.9,34,798255.2,27,740955.1,34,1010736.4
40,2,43,1057190.8,44,1107064.1,61,1706402.3,60.5,1640560.6
40,3,61,1441360.1,74.5,1712806.3,81.5,1964679.5,87.5,2286403.2
40,4,59,1491492.6,56.5,1490276,54,1480828.2,54.5,1635249.5
40,5,61,1829826.5,52,1548349.6,65,2055153.9,68,1966573.8
40,6,100,2245903,99.5,2263230.6,97,2332901.9,90,2306286.3
40,7,95.5,2267291.1,89.5,2124449.8,101.5,2416770.3,97,2464745.2
40,8,78,1588880.4,86.5,1928681.5,76,1736428.4,75.5,1749274.1
40,9,75,1699728.8,73,1669208.6,74,1826944.8,80,2009342.5
40,10,66,1664061.4,62,1581612.3,51,1264449.5,53,1325865.1
40,11,135.5,2246280.1,150.5,2786902.1,140,2698349.8,146.5,2866404.5
40,12,9,192347.6,8,180368.9,7,157962,8,165259.4
40,13,71,1808248.5,80,2008100.9,76,1963581.8,70,1944843.6
40,14,73,1674827.6,76,1837856.9,79,1997063.3,76.5,2006344.6
40,15,70.5,1507786.3,71,1537006,86,1976791.6,98.5,2500041.1
40,16,92,2146421.7,89,2169868.7,91,2346899.9,87,2244039.6
40,17,70.5,1610848.3,76.5,1770853.8,79.5,2014720.1,90.5,2346251.3
40,19,,,,,,,2,53985.2
40,20,14,319831.1,16,372804.6,15,382027.3,15,404889.1
40,21,9,205605.7,11,256303.2,9,229216.4,9,242933.5
40,29,4,81320.1,4,99864.5,5,124478.2,4,98660.8
40,30,38,877581.7,36,925317.1,9,224060.8,34.5,1069827.4
40,31,47,1085279.6,50.5,1182820.5,29,721973.7,64,1564862.4
40,32,16,325280.2,20,499322.5,2,49791.3,20,493303.8
40,33,37,829940.5,26,649119.2,69.5,1597695.4,30,787181.2
40,34,12,252272.1,11,253468.8,33,739764.7,13,324927.6
40,35,,,,,1,23188.2,1,24994.4
40,36,2,42045.4,2,46085.2,2,46376.4,2,49988.9
40,37,3,63068,4,92170.5,5,115941,5,124972.1
40,39,8,173583.3,11,236719.9,8,188525.8,11,279132.8
40,40,2,43395.8,2,43040,2,47131.5,2,50751.4
40,44,11,196783.7,5,105757.7,4,89104.7,4,84635.8
40,45,1,17889.4,1,21151.5,1,22276.2,1,21159
40,48,2,35778.8,2,42303.1,,,,
40,49,2,35778.8,5,105757.7,6,133657,7,148112.7
40,50,4,71557.7,,,2,44552.3,4,84635.8
40,54,3,58590.3,3,68792.9,2,46080.1,2,46186.9
40,65,5,108548.1,4,105286.3,2,46090.5,3,76152.3
40,73,4,86838.5,3,65568.4,3,71011.2,3,76152.3
40,92,3,54938.3,3,60497.7,3,64249.9,1,22726.2
40,96,2,44737.8,2,45979.1,2,48383.5,2,52362.3
40,99,4,89475.7,4,91958.1,6,145150.5,5,130905.9
40,102,11,246058.1,10,229895.4,10,241917.5,12,314174.1
40,103,45,780390,40.5,738657.8,40.5,857775.6,45.5,960154.1
40,104,10,213372.8,12,267165.8,11,265992.7,7,193840.7
40,107,21,448082.9,21,467540.2,17,411079.6,18,498447.6
40,114,4,74106.2,,,,,,
40,115,6.5,120422.6,8,151913.4,3,67319.2,2,43905.9
40,119,2,37053.1,1,18989.2,2,44879.5,2,43905.9
41,2,41,892065.7,47,1053162,41,897998.5,40,1048379.5
41,3,52,1278112.1,55,1480340.7,55,1507499.7,57,1556625.6
41,4,59,1584249.5,64,1589942.2,70,1759616.4,74,1931724.6
41,5,51,1307825.2,49,1236580,48,1373235.5,47,1425833.9
41,6,52,1251409,44,1101993.4,49.5,1294419.3,50,1387449.8
41,7,71.5,1651158.5,70.5,1780184.7,80,1955930.4,83,2167083.2
41,8,90.5,2048483.9,80,1897191.8,80.5,1978874.3,88,2049955.4
41,9,31,756012.3,29,710859,29,654044.5,31,727243
41,10,53,1176001.8,50,1216979.1,62,1591885,82,2170892.5
41,11,50.5,910546,62,1123550.3,54,1059487.8,60,1119210.5
41,12,15,367038.1,12,300850.8,15,395214,17,478743.2
41,13,39,1283249.1,42,1339636.3,39,1317561.6,41,1352943.4
41,14,62,1554717.1,68,1793606,74,2056641.5,68,1851683.2
41,15,49,1279748.8,50,1320372.1,59,1656856.5,63,1826109.3
41,16,62,1462699.9,69,1937889.5,66.5,1815164.3,65.5,1733248.5
41,17,16,417790.8,13,353661.8,14,370028.4,15,422537.7
41,18,10,261119.2,14,380866.6,10,264306,17,478876.1
41,19,20,473822.5,20,464018.3,21,520795.4,19,491277.8
41,20,30,647920.2,30,640635.5,35,880556.3,35,924794.1
41,21,32,705287,28,641273.9,24,573967.8,26,573603.4
41,22,,,,,2,49599.6,2,51713.5
41,30,14,328569.8,14,335027.5,,,17,400345.8
41,31,53,1086872.1,65,1375239.5,76,1810107.8,61,1405135.9
41,32,65,1518413,66,1738371,33.5,949115.9,69,1990257.7
41,33,30,675402.3,29,726441.5,28,739463,31,885303.5
41,34,29,654699.4,27,703775.2,6,134240.7,28,805862
41,35,8,157910.2,9,196228,10,223734.5,10,226960.9
41,36,4,78955.1,4,87212.4,4,89493.8,4,90784.4
41,37,2,39477.6,3,65409.3,3,67120.3,3,68088.3
41,38,4,78955.1,4,87212.4,3,67120.3,3,68088.3
41,39,3,65093.7,2,43040,2,47131.5,3.5,88815
41,40,6,130187.5,10,215199.9,8,188525.8,8,203005.6
41,45,3,53668.3,3,63454.6,3,66828.5,3,63476.9
41,46,2,35778.8,2,42303.1,2,44552.3,2,42317.9
41,55,1,19530.1,1,22931,1,23040,1,23093.5
41,57,2,39060.2,3,68792.9,3,69120.1,3,69280.4
41,66,4,86838.5,1,21856.1,4,94681.6,3,76152.3
41,73,,,,,1,23670.4,1,25384.1
41,77,4,92230.9,4,89275.7,4,85689.5,2,45642.9
41,85,2,51395.1,2,51817.6,2,50698.3,2,51034.3
41,86,3,77092.7,3,77726.4,3,76047.5,,
41,89,3,54938.3,3,60497.7,2,42833.3,2,45452.4
41,102,7,132338,7,144930.2,7,152227,8,180333.7
41,103,80,1617262.2,73,1543331.6,74,1610332.2,75,1820261
41,104,2,39481.9,2,42997.7,6,145815,6,155431.4
41,106,7,138186.7,7,150491.8,5,121512.5,5,129526.1
41,107,21,414560,21,451475.5,26,631864.9,22,569915
41,112,4,70561.7,4,70236.7,3,63080.7,2,45670.7
41,113,5,88202.1,4,70236.7,5,105134.5,6,137012
41,114,6,148019.2,5,129389.8,5,144040,4.5,134278.7
41,115,3,74009.6,2,51755.9,2,57616,2,59679.4
41,120,4,108183.4,4,110360.9,4,112114.1,4,115229.2
41,121,6,162275,6,165541.4,6,168171.2,4.5,129632.9
41,122,8,216366.7,8,220721.9,6,168171.2,9,259265.8
41,124,1,25546.6,1,25299.5,1,25328.3,1,27290.8
42,3,9,200464.1,8,189348.8,8,186160.1,8,205778.7
42,4,64,1432112,71,1538199.5,64.5,1515339,67,1645965.9
42,5,38.5,864310.6,45.5,1119081.3,53,1294233.9,58.5,1527333.5
42,6,49,1279676.7,46,1217394.2,43,1138609.2,50,1413998.1
42,7,82,1604410,75,1524928.5,74,1560108.1,74,1523489.2
42,8,53,1265101.5,54,1252175,53,1224080.5,52,1252252
42,9,4,97876.8,4,100283.6,4,105390.4,4,112645.5
42,10,10,244692,8,200567.2,11,289823.6,10,281613.6
42,13,17,415976.5,18,451276.1,19,500604.4,18,506904.5
42,14,21,548350.4,29,788938,28,971430.1,29,1119715.3
42,15,25,627424.3,29,792898.6,30,813204.9,29,854561.7
42,16,41.5,977535.5,48.5,1181620.3,46.5,1156345.2,46.5,1215285.9
42,17,40.5,880937,40.5,902449.5,44.5,1130097,40.5,997119.5
42,18,31,685051.1,30.5,671398.5,42.5,869550.6,40.5,915342.9
42,19,,,,,,,11,284424
42,20,,,,,,,2,51713.5
42,21,15,355366.9,15,348013.8,11,272797.6,11,284424
42,22,11,260602.4,10,232009.2,14,347196.9,11,284424
42,27,,,,,2,49791.3,,
42,30,4,93877.1,4,95722.2,2,51115,4,94199
42,32,11,258162,11,263235.9,85,2006299.7,14,329696.6
42,33,31,695553,33,732319.3,19,485592.9,36,810790
42,34,21.5,424383.7,26,566880.8,1,22373.4,26,712078.7
42,35,2,39477.6,3,65409.3,,,1,22696.1
42,37,6,118432.7,6,130818.6,4,89493.8,5,113480.4
42,41,,,1,21520,3,70697.2,3,76127.1
42,45,3,53668.3,3,63454.6,3,66828.5,2,42317.9
42,51,5,89447.1,5,105757.7,5,111380.9,5,105794.8
42,55,2,39060.2,2,45861.9,1,23040,1,23093.5
42,56,1,19530.1,2,45861.9,2,46080.1,5,115467.3
42,67,6,130257.7,6,131136.8,6,142022.5,5,126920.5
42,82,,,,,1,21422.4,1,22821.4
42,83,4,92230.9,4,89275.7,4,85689.5,4,91285.7
42,85,,,,,1,25349.2,1,25517.1
42,86,,,,,,,2,51034.3
42,93,1,18312.8,1,20165.9,1,21416.6,1,22726.2
42,95,,,,,2,48383.5,2,52362.3
42,102,46,876941.3,44,890486.3,37,710758.6,45,927354.8
42,103,24,499577.1,23,455850.7,21.5,463084.4,24.5,561036.9
42,104,4,78963.8,3.5,75245.9,4,97210,4,103620.9
42,105,8,157927.6,16,343981.3,16.5,400991.2,24,621725.5
42,106,36,898648.9,40,944491,46.5,1149219.6,47.5,1317086.7
42,107,20.5,404689.5,29.5,579606.3,58.5,1171692.9,63.5,1346430.8
42,108,21,414560,32,652964.1,36,839432.1,35,911748.2
42,112,13,229325.5,10,175591.8,10,210269.1,9,205518
42,114,4,98679.5,4,103511.9,4,115232,3,89519.2
42,116,4,98679.5,2,51755.9,2,57616,2,59679.4
42,117,2,49339.7,2,51755.9,2,57616,2,59679.4
42,121,4,108183.4,6,165541.4,5,140142.6,6,172843.9
42,122,30,811375.2,28,772526.5,26.5,742755.9,25.5,734586.4
42,127,1,25546.6,1,25299.5,1,25328.3,1,27290.8
43,0,1,22273.8,1,23668.6,1,23270,1,25722.3
43,3,3,66821.4,3,71005.8,3,69810.1,3,77167
43,4,,,,,1,23678.3,1,24046.5
43,5,81,1805941.9,61.5,1427308.9,58.5,1385180.3,51.5,1238393.3
43,6,285.5,6409890.1,307,7068162.4,315,7399317.2,255,5734116.3
43,7,,,10,252363.3,12.5,295978.7,96,2052064.3
43,9,2,48938.4,3,75212.7,2,52695.2,2,56322.7
43,10,51,1145953.7,51,1219972.3,48,1103366.6,53.5,1357927.4
43,13,10,244692,13,325921.7,13,342518.8,10,281613.6
43,14,12,313343.1,13,353661.8,13,343597.8,13,366199.3
43,15,2,52223.8,2,54409.5,4,105722.4,4,112676.7
43,16,66,1432069.4,58,1496688.9,59,1445974.4,57,1434203.1
43,17,17,443902.7,19,516890.4,20.5,541827.3,18,507045.3
43,18,29,697381.8,27,741349.1,35,857445.2,33,860529.3
43,19,18,426440.2,29,770081.3,34,937976.7,36,1047792.7
43,21,2,47382.2,2,46401.8,2,49599.6,2,51713.5
43,22,8,189529,11,255210.1,15,371996.7,13,336137.4
43,31,1,23469.3,1,23930.5,22,562265.5,1,23549.8
43,33,3,70407.8,2,47861.1,12,306690.3,6,141298.5
43,34,18.5,365167.4,28,550458.9,,,20.5,465269.8
43,35,2,39477.6,2,43606.2,,,1,22696.1
43,38,2,39477.6,1,21803.1,1,22373.4,1,22696.1
43,39,1,21697.9,2,43040,2,47131.5,2,50751.4
43,40,5,108489.5,5,107600,4,94262.9,4,101502.8
43,45,1,17889.4,1,21151.5,3,66828.5,3,63476.9
43,56,1,19530.1,1,22931,1,23040,1,23093.5
43,62,5,97650.5,5,114654.9,4,92160.1,5,115467.3
43,67,1,21709.6,1,21856.1,1,23670.4,4,101536.4
43,73,1,21709.6,1,21856.1,1,23670.4,1,25384.1
43,80,2,46115.5,2,44637.9,2,42844.8,2,45642.9
43,81,4,92230.9,4,89275.7,4,85689.5,4,91285.7
43,83,3,69173.2,1,22318.9,1,21422.4,,
43,84,4,102790.2,4,103635.1,,,,
43,88,3,77092.7,2,51817.6,2,50698.3,2,51034.3
43,100,4,75621.7,4,82817.3,4,86986.8,4,90166.8
43,101,3,56716.3,7,144930.2,10,217467.1,9,202875.4
43,102,72,1607782,70.5,1552838.4,73.5,1717862.6,73,1822057.4
43,103,19,359203.2,21,434790.6,26,607186,25.5,579361.4
43,105,47,857303.5,46,932376.9,48,1119441,49,1186877.7
43,106,17,335596.2,14,300983.6,37,789576.2,46,1040609.6
43,107,39,794138.7,53,1071750.8,68.5,1522165.1,76.5,1873799
43,108,5,98704.8,25,564289.4,25,643406.9,23,543733.7
43,110,4,70561.7,4,70236.7,4,84107.6,4,91341.3
43,114,5,123349.3,5,129389.8,5,144040,4,119358.9
43,123,2,54091.7,2,55180.5,2,56057.1,2,57614.6
44,2,5,111368.9,2,47337.2,7.5,174525.1,8,205778.7
44,3,2,44547.6,2,47337.2,2,46540,2,51444.7
44,5,,,39.5,863460.3,31,602344.9,35.5,705968.1
44,6,10,224496.3,61,1239870.9,88,1939261,76.5,1655928.4
44,7,1,22449.6,1,25236.3,1,23678.3,1,24046.5
44,9,8,195753.6,8,200567.2,7,184433.2,8,225290.9
44,10,29,691313.3,30,666923.7,26,655963.6,26,640697
44,11,4,97876.8,3,75212.7,3,79042.8,3,84484.1
44,12,62,1411326.9,68,1494659.9,64.5,1607236.6,63,1577291.8
44,13,4,97876.8,4,100283.6,10,263476,8,225290.9
44,15,4,104447.7,6,163228.5,4,105722.4,7,197184.3
44,16,18,470014.6,17,462480.9,15,396459,18,507045.3
44,18,6,156671.5,6,163228.5,6,158583.6,8,225353.4
44,19,10,236911.2,12,278411,7,173598.5,6,155140.4
44,20,8,189529,4,92803.7,13,322397.2,11,284424
44,21,2,47382.2,2,46401.8,5,123998.9,5,129283.6
44,22,19,450131.4,20,464018.3,23,570395,22,568848
44,31,2,46938.5,2,47861.1,2,51115,2,47099.5
44,34,4,78955.1,3,65409.3,52,1157286.5,10,226960.9
44,35,20,415452.7,26,537756.6,28,682571,36,938889
44,36,6,118432.7,6,130818.6,5,111867.2,5,113480.4
44,37,2,39477.6,2,43606.2,2,44746.9,2,45392.2
44,38,4,78955.1,6.5,141720.2,6,134240.7,7,158872.6
44,51,,,,,1,22276.2,1,21159
44,53,2,35778.8,2,42303.1,2,44552.3,2,42317.9
44,54,3,58590.3,2,45861.9,2,46080.1,3,69280.4
44,59,3,58590.3,3,68792.9,2,46080.1,2,46186.9
44,63,2,39060.2,3,68792.9,3,69120.1,2,46186.9
44,72,1,21709.6,2,43712.3,2,47340.8,3,76152.3
44,73,1,21709.6,1,21856.1,1,23670.4,1,25384.1
44,75,2,46115.5,2,44637.9,3,64267.1,3,68464.3
44,84,,,,,5,126745.9,2,51034.3
44,85,5,128487.8,12,310905.4,12,304190.1,12,306205.6
44,86,3,77092.7,3,77726.4,3,76047.5,3,76551.4
44,87,2,51395.1,2,51817.6,2,50698.3,2,51034.3
44,88,1,25697.6,1,25908.8,1,25349.2,1,25517.1
44,100,13,245770.6,12,248451.8,11,239213.8,10,225417.1
44,101,47.5,936654.7,46.5,992283.9,43,922452.8,39,955552.7
44,102,26,598300.8,23,523394.9,22,503844.2,23,510041.9
44,103,8,151243.4,7,144930.2,5,108733.6,7,157792
44,106,32,796832.6,30,812261.8,26,631864.9,30,777156.8
44,107,40,854140.8,58,1188150.7,58,1323713.1,60,1470955.6
44,108,5,98704.8,9,193489.5,6,145815,8,207241.8
44,109,3,52921.3,3,52677.5,3,63080.7,3,68506
44,110,10,176404.2,14,245828.6,2,42053.8,5,114176.7
44,111,11,194044.6,9,158032.6,18,378484.4,12,274024
44,112,1,17640.4,1,17559.2,1,21026.9,1,22835.3
44,114,7,172689.1,8,207023.8,4,115232,8,238717.7
44,115,3,74009.6,3,77633.9,3,86424,3,89519.2
44,121,4,108183.4,3,82770.7,3,84085.6,3,86421.9
44,126,2,51093.2,2,50598.9,2,50656.7,2,54581.7
44,127,,,2,50598.9,2,50656.7,2,54581.7
45,2,3,66821.4,4,94674.4,2,46540,6,154334
45,4,2,44899.3,2,50472.7,1,23678.3,1,24046.5
45,6,9,202046.6,4,100945.3,8,189426.4,6,144278.8
45,7,2,44899.3,2,50472.7,2,47356.6,,
45,9,18,440445.7,16,401134.3,19,500604.4,11,309775
45,10,3,73407.6,3,75212.7,3,79042.8,3,84484.1
45,12,4,97876.8,4,100283.6,4,105390.4,4,112645.5
45,19,7,165837.9,8,185607.3,7,173598.5,9,232710.5
45,20,47,1228495.6,42,1111654.6,48,1384483.5,39,1057988.5
45,21,73,1555814.4,67,1341824.1,60,1473260.2,61,1554161.5
45,22,82.5,2122394.2,82,2019552.8,77,2000632.7,86,2452137.7
45,30,5,117346.3,5,119652.7,,,1,23549.8
45,31,,,3,71791.6,2,51115,1,23549.8
45,34,9,177649,12,261637.3,13,290854.8,13,295049.2
45,35,70,1484004.9,71,1596942.1,68,1588959.9,61,1627218.3
45,36,33,804126.3,35,858378.5,32,820929.5,25,655853.7
45,48,7,125226,5,105757.7,4,89104.7,4,84635.8
45,49,3,53668.3,3,63454.6,3,66828.5,3,63476.9
45,51,4,71557.7,4,84606.1,3,66828.5,3,63476.9
45,52,,,,,2.5,55690.4,4.5,95215.3
45,54,3,58590.3,5,114654.9,1.5,34560,1,23093.5
45,55,4,78120.4,3,68792.9,3,69120.1,3,69280.4
45,62,4,78120.4,5,114654.9,5,115200.1,4,92373.8
45,63,1,19530.1,1,22931,1,23040,1,23093.5
45,65,1,21709.6,1,21856.1,1,23670.4,1,25384.1
45,69,2,43419.2,2,43712.3,2,47340.8,2,50768.2
45,73,3,65128.9,2,43712.3,2,47340.8,2,50768.2
45,77,,,,,2,42844.8,2,45642.9
45,78,2,46115.5,2,44637.9,,,,
45,84,5,128487.8,5,129543.9,5,126745.9,5,127585.7
45,85,2,51395.1,2,51817.6,2,50698.3,2,51034.3
45,86,8,205580.5,7,181361.5,6,152095,6,153102.8
45,87,12,308370.7,8,207270.3,9,228142.6,9,229654.2
45,88,1,25697.6,1,25908.8,1,25349.2,1,25517.1
45,89,1,18312.8,1,20165.9,1,21416.6,1,22726.2
45,95,3,67106.8,4,91958.1,4,96767,4,104724.7
45,101,62,1367860.5,63,1463566.2,58,1369824.5,56,1368347.3
45,102,53,809145.4,43,847298,52.5,959558.2,54,987691.3
45,105,34,671192.4,31,666463.8,32,777679.8,27,699441.1
45,106,52,1222807.8,48.5,1177221.2,50,1226217,56,1346360.2
45,107,,,,,,,1.5,38857.8
45,109,3,52921.3,3,52677.5,2,42053.8,3,68506
45,110,12,211685,11,193151,15,231815.6,19,328168
45,111,11,194044.6,11,193151,15,315403.6,14,319694.7
45,114,2,49339.7,2,51755.9,2,57616,2,59679.4
45,115,4,98679.5,4,103511.9,4,115232,2,59679.4
45,122,3,81137.5,2,55180.5,1,28028.5,1,28807.3
46,4,3,53069.7,2,36511,1,17322.1,1,21019.8
46,5,10,176898.9,7,127788.4,7,121254.5,6,126118.7
46,7,,,,,,,4,84079.1
46,9,6,120505.6,9,189456.9,3,70887.3,4,97490.3
46,12,8,160674.2,8,168406.2,8,189032.8,8,194980.6
46,13,10,200842.7,6,126304.6,6,141774.6,8,194980.6
46,17,2,40163.8,2,46863.9,2,51985.3,2,55066
46,18,3,60245.7,3,70295.8,4,103970.5,3,82599
46,19,11,227131.3,19,413508.3,19,433180.5,18,413979.1
46,20,27,632892.2,24,479683.7,22,372770.9,29,545566.9
46,21,59,1229398.3,62,1346472.4,51.5,1152862.4,56,1407716.2
46,22,27,557504.2,16,348217.5,25.5,608957.4,29.5,751925.1
46,30,5,128602.6,5,110934.6,5,116914,5,123640.6
46,31,5,128602.6,5,110934.6,5,116914,5,123640.6
46,32,6,154323.1,6,133121.5,6,140296.8,,
46,35,41.5,762815.9,34,672347.8,34,744948.2,38,942357.6
46,36,70,1528189.2,62,1493419.2,64,1517389.9,71,1618152.7
46,37,46,1080366.1,50,1220526.7,50,1219459.4,51,1290252.2
46,38,2,41651.8,2,42647.1,2,43612.2,2,46121.7
46,47,1,20942.1,,,1,23568.2,1,22228.1
46,48,3,62826.4,4,71655.1,4,94272.7,4,88912.5
46,50,8,135507.3,10,188458.3,10,187101,10,220727.4
46,51,1,16938.4,1,18845.8,1,18710.1,1,22072.7
46,52,2,33876.8,2,37691.7,2,37420.2,6,132436.5
46,64,7,149763,7,151083.2,7,143743.6,3,65257.4
46,66,,,,,,,2,43504.9
46,69,2,42789.4,2,43166.6,2,41069.6,3,65257.4
46,70,2,42789.4,2,43166.6,2,41069.6,2,43504.9
46,77,5,121128.8,5,123576.3,4,99950.4,5,132033.5
46,85,11,222521.7,11,236553.2,8,182410,8,183621.7
46,86,8,161833.9,8,172038.7,12,273615,12,275432.6
46,87,2,40458.5,2,43009.7,2,45602.5,2,45905.4
46,97,10,201502.7,8,182797,9,185133.1,7,160687.6
46,98,11,221653,9,205646.6,11,226273.8,11,252509
46,101,8,159615.2,8,162052,8,197499.5,8,204551.7
46,105,82,1607918.2,85,1788769.8,88,1931847.7,79,1826395.5
46,106,71,1482333.8,62,1334476.9,58.5,1323761.1,57,1386824.2
46,107,8,159919.4,7,152229.3,9.5,233083.2,11.5,273879.3
46,108,2,39979.8,2,43494.1,2,49070.1,2,47631.2
46,109,2,37219.9,2,36121.3,3,58365.3,3,57947.1
46,110,15,279149,18,325091.7,17,330736.8,17,328366.7
46,111,3,55829.8,3,54182,3,58365.3,3,57947.1
46,112,2,37219.9,2,36121.3,2,38910.2,2,38631.4
46,113,4,74439.7,4,72242.6,4,77820.4,4,77262.8
46,114,1,20349.6,,,,,1,22506.1
46,115,2,40699.2,4,81899.9,3,65131.6,,
46,118,2,40699.2,1,20475,,,,
46,119,,,,,1,23541,1,25958.1
46,122,,,,,1,23541,2,51916.2
46,123,7,160387,6,139912.6,6,141245.8,5,129790.6
47,4,1,17689.9,1,18255.5,1,17322.1,1,21019.8
47,6,12,212278.7,12,219065.9,9,155898.6,10,210197.9
47,8,2,35379.8,2,36511,,,,
47,9,2,40168.5,1,21050.8,1,23629.1,2,48745.1
47,12,3,60252.8,6,126304.6,7,165403.7,7,170608
47,13,3,60252.8,3,63152.3,4.5,106330.9,3,73117.7
47,18,5,100409.5,6,140591.7,5,129963.2,3,82599
47,19,59.5,1316545,59.5,1393475,58.5,1364987.1,61.5,1551580.6
47,20,90.5,1788586.5,114,2476769.5,125.5,2719702.6,119,2692654.4
47,21,59,1194256.8,70,1372469.9,73.5,1579917,69,1597186.4
47,22,7,144538.1,7,152345.2,6,136793.9,6,137993
47,34,,,,,,,4,92243.4
47,36,20,416518.3,24,511764.7,25,545152.4,29,729397.1
47,37,55,978991.2,64,1135703.9,57,1051905.7,52,1087232
47,38,11,229085,13.5,287867.6,14.5,316188.4,17.5,403564.7
47,40,1,20701.4,1,19491.5,1,19450.3,1,22703.8
47,48,7,146595,9,161224.1,14,329954.5,12,266737.5
47,50,,,,,,,3,66218.2
47,51,2,33876.8,2,37691.7,2,37420.2,2,44145.5
47,52,1,16938.4,1,18845.8,1,18710.1,,
47,53,2,33876.8,3,56537.5,1,18710.1,5,110363.7
47,57,2,42693.9,2,40234.6,2,43229.2,1,24059.9
47,58,2,42693.9,2,40234.6,1,21614.6,2,48119.8
47,66,2,42789.4,2,43166.6,,,,
47,67,4,85578.8,3,64749.9,3,61604.4,2,43504.9
47,76,3,72677.3,3,74145.8,3,74962.8,3,79220.1
47,78,3,72677.3,3,74145.8,3,74962.8,3,79220.1
47,83,4,87104.2,4,98861,4,99950.4,4,105626.8
47,85,12,242750.9,13,279562.9,11,250813.8,10,229527.2
47,86,9,182063.2,11,236553.2,11,250813.8,11,252479.9
47,87,10,202292.4,10,215048.4,9,205211.3,7,160669
47,88,8,161833.9,8,172038.7,9,205211.3,9,206574.5
47,97,6,120901.6,14,319894.7,11,226273.8,6,137732.2
47,104,4,79959.7,4,86988.2,5,122675.4,4,95262.4
47,105,14,279858.9,14,304458.6,14,343491,13,309602.6
47,106,29,579707.8,32,695905.4,30,644019.3,28,658391.3
47,107,11,219889.2,12,260964.5,11,269885.8,10,238155.9
47,108,1,19989.9,1,21747,1,24535.1,1,23815.6
47,109,9,167489.4,11,198667.2,9,175096,11,212472.6
47,112,2,37219.9,2,36121.3,2,38910.2,2,38631.4
47,114,6,122097.5,6,122849.9,4,86842.2,5,112530.4
47,115,2,40699.2,,,2,43421.1,2,45012.1
47,116,4,81398.3,4,81899.9,3,65131.6,4,90024.3
47,117,6,122097.5,6,122849.9,5,108552.7,5,112530.4
47,118,3,61048.8,11,225224.8,10,217105.4,10,225060.7
47,120,5,114562.1,5,116593.8,6,141245.8,6,155748.7
47,125,4,82796.5,4,83243,3,69208.8,3,79589.8
47,126,5,103495.6,5,104053.7,5,115348.1,4,106119.7
48,1,2,48071.5,2,51976.9,1,26524.2,1,29753.3
48,2,,,4,103953.8,4,106097,4,119013.2
48,6,4,70759.6,3,54766.5,3,51966.2,3,63059.4
48,8,3,53069.7,3,54766.5,5,86610.4,2,42039.6
48,9,6,120505.6,6,126304.6,6,141774.6,6,146235.4
48,10,1,20084.3,1,21050.8,1,23629.1,1,24372.6
48,18,23,461883.8,24,562366.7,22,571837.9,28,770924.2
48,19,50,1145843.1,50,1211033.4,52,1243584.1,55,1248751.8
48,20,21,433614.4,18,391744.7,21,478778.5,20,459976.8
48,21,92,1725119.4,67.5,1401155.9,95,1929799,90,2149007.9
48,22,26,500493.5,37,771018.2,23,524376.4,35.5,1022348.7
48,23,25,583878.2,27,580911.1,20,387992,18,324312.9
48,24,1.5,38580.8,1.5,35860.4,1.5,34793.7,1,24938.2
48,36,47,939397.3,49,1128371.5,49,1107003.6,52.5,1290216.6
48,37,70,1288418.2,78.5,1504734.5,66.5,1307624.6,80,1674282.9
48,38,23,478996,24,511764.7,28.5,621473.7,28,636241.3
48,39,2,41402.8,2,38983,2,38900.6,2,45407.7
48,48,3,62826.4,1,17913.8,3,70704.5,3,66684.4
48,49,,,1,18845.8,1,18710.1,1,22072.7
48,50,1,16938.4,3,56537.5,3,56130.3,2,44145.5
48,52,1,16938.4,,,2,37420.2,3,66218.2
48,53,4,67753.7,4,75383.3,4,74840.4,3,66218.2
48,54,1,21347,1,20117.3,1,21614.6,1,24059.9
48,57,2,42693.9,2,40234.6,2,43229.2,2,48119.8
48,60,2,42693.9,2,40234.6,2,43229.2,2,48119.8
48,69,4,85578.8,3,64749.9,2,41069.6,2,43504.9
48,71,6,128368.3,6,129499.9,6,123208.8,5,108762.3
48,72,6,128368.3,5,107916.6,10.5,215615.4,10.5,228400.9
48,73,1,21394.7,3,64749.9,3,61604.4,2,43504.9
48,75,4,96903,4,98861,7,174913.2,7,184846.9
48,76,6,145354.6,6,148291.6,,,,
48,77,2,48451.5,1.5,37072.9,5,124938,6,158440.2
48,85,2,40458.5,2,43009.7,2,45602.5,2,45905.4
48,87,4,80917,5,107524.2,7,159608.8,5,114763.6
48,96,3,60450.8,2,45699.2,2,41140.7,3,68866.1
48,103,2,39903.8,2,40513,2,49374.9,2,51137.9
48,104,2,39979.8,5,108735.2,4,98140.3,4,95262.4
48,106,9,179909.3,9,195723.4,7,171745.5,8,190524.7
48,107,3,59969.8,2,43494.1,4,98140.3,4,95262.4
48,108,3,59969.8,3,65241.1,2,49070.1,4,95262.4
48,109,4,74439.7,4,72242.6,3,58365.3,2,38631.4
48,112,1,18609.9,1,18060.7,1,19455.1,1,19315.7
48,114,2,40699.2,2,40950,2,43421.1,1,22506.1
48,115,,,1.5,30712.5,1,21710.5,2,45012.1
48,117,2,40699.2,2,40950,2,43421.1,2,45012.1
48,119,6,137474.6,6,139912.6,6,141245.8,3,77874.4
48,120,,,,,,,3,77874.4
48,121,5,114562.1,5,116593.8,5,117704.8,4,103832.5
48,125,1,20699.1,1,20810.7,1,23069.6,2,53059.8
48,127,1,20699.1,1,20810.7,1,23069.6,1,26529.9
49,8,2,35379.8,2,36511,2,34644.1,2,42039.6
49,9,2,40168.5,2,42101.5,3,70887.3,3,73117.7
49,11,4,80337.1,4,84203.1,4,94516.4,4,97490.3
49,12,3,60252.8,3,63152.3,4,94516.4,4,97490.3
49,18,27,542211.5,31,627461.2,36,793213.8,41,1012828.1
49,19,4,82593.2,4,87054.4,4,91195.9,4,91995.4
49,20,12,247779.6,13,282926.7,13,296386.7,13,298984.9
49,21,6,123889.8,6,130581.6,12.5,284987.2,23.5,540472.7
49,22,22,529907,26.5,563261.5,34,796787.5,38,1039815.8
49,23,16.5,340697,22.5,489680.9,28.5,649770.8,22,505974.5
49,24,3,77161.6,6,143441.5,7,162370.7,7,174567.3
49,33,2,51441,,,,,,
49,34,3,62477.7,5,106617.6,3,65418.3,6,138365
49,35,4,83303.7,4,85294.1,2,43612.2,2,46121.7
49,36,46,1015719.9,46,1003679.1,51,1193491.9,45,1129715.6
49,37,66.5,1215610.7,65,1093362.9,67,1255131.4,76,1514268.1
49,38,5,104129.6,6,127941.2,7,152642.7,5,115304.2
49,39,7,144909.9,6,116949,5,97251.4,6.5,147574.9
49,48,5,104710.7,3,53741.4,3,70704.5,6,133368.7
49,50,1,16938.4,3,56537.5,,,4,88291
49,52,5,84692.1,3,56537.5,3,56130.3,3,66218.2
49,53,2,33876.8,6,113075,6,112260.6,5,110363.7
49,54,1,21347,1,20117.3,1,21614.6,1,24059.9
49,55,2,42693.9,2,40234.6,1,21614.6,1,24059.9
49,59,4,85387.8,4,80469.2,2,43229.2,1,24059.9
49,68,8,171157.7,8,172666.5,4,82139.2,5,108762.3
49,70,2,42789.4,2,43166.6,2,41069.6,2,43504.9
49,71,2,42789.4,2,43166.6,2,41069.6,2,43504.9
49,72,6,128368.3,5.5,118708.2,13,266952.4,12,261029.6
49,73,4,85578.8,4,86333.3,4,82139.2,4,87009.9
49,74,1,24225.8,1,24715.3,1,24987.6,,
49,85,12,242750.9,12,258058,7,159608.8,10,229527.2
49,86,17,343897.1,18,387087,18,410422.5,17,390196.2
49,87,1,20229.2,1,21504.8,1,22801.3,1,22952.7
49,91,,,,,,,2,46642.7
49,103,4,79807.6,4,81026,3,74062.3,3,76706.9
49,106,7,139929.5,8,173976.3,6,147210.4,6,142893.5
49,107,3,59969.8,1,21747,1,24535.1,2,47631.2
49,112,,,4,72242.6,4,77820.4,3,57947.1
49,114,5,101747.9,5,102374.9,4,86842.2,4,90024.3
49,121,2,45824.9,2,46637.5,2,47081.9,2,51916.2
49,125,3,62097.4,3,62432.2,3,69208.8,2,53059.8
49,127,3,62097.4,3,62432.2,2,46139.2,2,53059.8
50,4,2,35379.8,2,36511,2,34644.1,,
50,5,1,17689.9,1,18255.5,1,17322.1,2,42039.6
50,7,6,106139.4,5,91277.5,5,86610.4,7,147138.5
50,8,2,35379.8,3,54766.5,4,69288.3,4,84079.1
50,12,7,140589.9,6,126304.6,6,141774.6,10,243725.7
50,13,3,60252.8,3,63152.3,3,70887.3,2,48745.1
50,17,33,823507.4,37,837629.9,37,990466.4,36,1041665.5
50,18,70.5,1602338.1,76,1810431.6,70,1735897.1,73,2027230.2
50,19,51,1202961,53,1351338.3,50,1338825.2,45,1299086.4
50,20,76,1551309.3,69,1552030.8,67.5,1614351.9,62.5,1601039.9
50,21,38,990508.5,38,1037220.9,39,975263.7,36,929465.9
50,22,55.5,1159104.4,48,1112841.7,51,1184518.7,54,1318107.9
50,23,44,974570.7,52,1190666.7,51,1187697.8,52.5,1205412.4
50,24,32,823056.5,38,908462.8,48,1113398.8,54,1346661.8
50,34,,,,,2,43612.2,2,46121.7
50,35,8,166607.3,5,106617.6,10,218061,16,368973.5
50,36,21,437344.2,19,405147,26,601231.3,31,750875.6
50,38,48,947666.4,57,1149234.6,49,1036090.5,52,1204796.8
50,39,40,828056.7,39,760168.8,47,914163.1,47,1002903.7
50,40,47.5,830946.5,41.5,782256.2,44,974873.7,36.5,828689.8
50,49,1,16938.4,2,37691.7,2,37420.2,3,66218.2
50,52,4,67753.7,4,75383.3,4,74840.4,3,66218.2
50,54,6,128081.8,7,140821,9,194531.4,8,192479.2
50,55,4,85387.8,4,80469.2,4,86458.4,4,96239.6
50,67,3,64184.1,3,64749.9,2,41069.6,2,43504.9
50,70,,,,,2,41069.6,6,130514.8
50,72,1,21394.7,1,21583.3,1,20534.8,1,21752.5
50,73,11,235341.8,11,237416.5,10.5,215615.4,12,261029.6
50,74,3,72677.3,3,74145.8,3,74962.8,5,132033.5
50,77,1,24225.8,4,98861,4,99950.4,4,105626.8
50,84,,,4,86019.3,2,45602.5,3,68858.2
50,86,5,101146.2,5,107524.2,5,114006.3,5,114763.6
50,87,1,20229.2,1,21504.8,1,22801.3,1,22952.7
50,88,4,80917,4,86019.3,4,91205,3,68858.2
50,95,2,40300.5,6,137097.7,5,102851.7,5,114776.8
50,103,2,39903.8,2,40513,2,49374.9,5,127844.8
50,104,1,19989.9,1,21747,1,24535.1,1,23815.6
50,105,6,119939.5,7,152229.3,8,196280.6,9,214340.3
50,106,2,39979.8,4,86988.2,5,122675.4,,
50,107,2,39979.8,2,43494.1,2,49070.1,2,47631.2
50,113,2,37219.9,3,54182,3,58365.3,3,57947.1
50,114,9,183146.3,10,204749.8,10,217105.4,10,225060.7
50,121,5,114562.1,5,116593.8,4,94163.9,4,103832.5
50,123,4,91649.7,4,93275.1,4,94163.9,4,103832.5
50,124,,,2,41621.5,4,92278.5,4,106119.7
50,126,11,227690.3,11,228918.1,11,253765.7,13,344889
50,127,7,144893.8,8,166485.9,7,161487.3,6,159179.5
51,5,3,64524.5,3,64900.6,2,48105.9,5,126749.8
51,6,4,86032.7,4,86534.2,5,120264.8,5,126749.8
51,8,2,43016.3,3,64900.6,3,72158.9,3,76049.9
51,12,2,43016.3,2,43267.1,2,48105.9,2,50699.9
51,14,3,65314.2,2,43966.8,2,44652.4,2,51082.2
51,15,,,,,,,1,25541.1
51,17,9,195942.6,7,153883.8,7,156283.4,7,178787.8
51,18,2,43542.8,4,87933.6,8,178609.6,7,178787.8
51,19,34,811950.4,44,1116712.8,54,1336828.4,64,1580348.8
51,20,38,853511.4,40,934565.4,41,953644.3,44,1099521.7
51,21,12,259690.8,11,245901,9,205642.9,18,442447.3
51,22,33,727441.8,32.5,695036.8,27,616928.6,23,565349.3
51,23,63,1264402.1,57,1331778.9,47.5,1153496.3,47.5,1160621.8
51,24,76,1509153,71.5,1600001.9,69,1580937.1,62.5,1413326.5
51,25,23,523363.5,18,422453.3,27,614236.1,23,544362.7
51,38,45.5,888974.9,38,900824.6,37.5,953896,43.5,1037341.1
51,39,56.5,1177824.6,53,1134764.3,63,1522291.9,51.5,1173426.5
51,40,45,955055.7,56,1199426.5,54,1120535,59,1291963.4
51,41,15,341615.4,13,297181.9,13,307879.9,16,404850.7
51,49,4,86866.4,4,71655.1,4,79943.5,4,81666.2
51,51,2,43433.2,2,35827.6,4,79943.5,4,81666.2
51,53,14,304032.3,15,268706.8,18,359745.8,16,326664.7
51,54,,,,,,,2,51983.6
51,55,2,44715.7,3,66827.4,2,49753.9,2,51983.6
51,66,2,42792.7,2,41427.6,2,47094.9,2,48030.8
51,67,1,21396.4,1,20713.8,,,4,96061.5
51,68,1,21396.4,1,20713.8,1,23547.5,1,24015.4
51,69,2,50547.7,2,52315.4,2,52454.4,2,55451.6
51,70,5,126369.2,4,104630.7,4,104908.8,4,110903.3
51,71,4,101095.3,5,130788.4,5,131136,5,138629.1
51,72,6,151643,6,156946.1,6,157363.2,6,166354.9
51,73,3,75821.5,3,78473.1,3,78681.6,3,83177.4
51,76,2,40706.1,1,23069.1,1,24999.9,1,26976.8
51,77,4,81412.3,4,92276.5,4,99999.5,3,80930.4
51,86,1,25382.7,1,25756.5,1,25216.5,1,26568.8
51,103,6,108494.1,6,121539,7,144354.6,5,118787.6
51,105,4,83356,4,81716.5,4,81589.1,4,78642.4
51,106,4,83356,4,81716.5,3,61191.8,3,58981.8
51,107,3,62517,2.5,51072.8,6.5,132582.2,6,117963.6
51,108,1,20839,1,20429.1,1,20397.3,1,19660.6
51,115,6,124648.8,7,160078.7,5,116352.6,7,177863.1
51,121,8,163008,9,200124.9,9,195190.9,10.5,239900.5
51,123,8,163008,8,177888.8,5,108439.4,4,91390.7
51,126,13,239732.2,13,237988.2,12,250605.3,6,122894
51,127,23,424141.6,23,421056.1,23,480326.8,19,389164.4
52,8,2,43016.3,2,43267.1,2,48105.9,2,50699.9
52,10,2,43016.3,1,21633.5,1,24053,1,25350
52,11,5,107540.8,5,108167.7,3,72158.9,5,126749.8
52,18,9,195942.6,11,241817.5,11,245588.2,7,178787.8
52,19,50,1121500.5,56,1278288.6,66,1592513.5,61,1622137.6
52,20,18,389536.2,35,734377.7,57.5,1437907.3,60.5,1576624.9
52,21,67,1527859.6,64,1518829.2,65,1556626.4,66,1609821.1
52,22,74.5,1550974.9,77.5,1656466.3,89.5,2024018.2,90.5,2175356.6
52,23,33,646288.1,36,825714.2,36,880074.6,38,976614.2
52,24,48,1211597.9,44,1106676.2,41.5,1036216.2,35,821177.3
52,25,61.5,1361303.1,59,1314786,51,1100003.1,48,1191543.9
52,26,2,40783.2,2,46939.3,2,49078.4,2,52640.5
52,38,9,199962.9,9,196599.9,5,117086.5,8,200009.7
52,39,78,1612579.4,74,1605653.2,72,1533911.1,66,1562169.4
52,40,22,501035.9,30,670975,35,773644.4,39,868285.8
52,42,8,182194.9,7,160021,10,236830.7,10,253031.7
52,43,4,91097.4,4,91440.6,4,94732.3,6,151819
52,50,,,1,17913.8,2,39971.8,4,81666.2
52,51,5,108583,4,71655.1,1,19985.9,1,20416.5
52,53,6,130299.6,4,71655.1,5,99929.4,6,122499.3
52,55,4,89431.4,4,89103.2,6,149261.7,3,77975.5
52,57,4,89431.4,5,111379,,,1,25991.8
52,65,3,64189.1,3,62141.5,2,47094.9,2,48030.8
52,66,1,21396.4,1,20713.8,1,23547.5,,
52,67,2,42792.7,2,41427.6,2,47094.9,2,48030.8
52,68,1,21396.4,,,3,70642.4,3,72046.1
52,69,10,252738.3,13,340049.9,13,340953.7,11,304984
52,70,13,328559.8,14,366207.6,16,419635.3,24,665419.5
52,71,7,176916.8,8,209261.5,8,209817.7,6,166354.9
52,72,2,50547.7,2,52315.4,2,52454.4,2,55451.6
52,75,6,122118.4,6,138414.7,1,24999.9,2.5,67442
52,77,6,122118.4,5,115345.6,4.5,112499.4,5,134883.9
52,83,,,,,4,99950.4,,
52,85,7,177678.7,7,180295.3,5,126082.3,3,79706.4
52,86,18.5,469579.3,18.5,476494.6,18,453896.3,16,425100.7
52,87,4,101530.7,4,103025.9,3,75649.4,6,159412.7
52,96,2,39903.8,2,40513,2,49374.9,2,51137.9
52,102,,,,,,,2,47515.1
52,104,12,250067.9,10,204291.4,13,265164.5,17,334230.2
52,105,2,41678,2,40858.3,2,40794.5,2,39321.2
52,107,2,41678,2,40858.3,2,40794.5,2,39321.2
52,113,3,55829.8,3,54182,4,77820.4,4,93640.3
52,114,,,,,,,4,101636.1
52,115,1,20774.8,2,45736.8,2,46541,2,50818
52,119,4,81504,4,88944.4,4,86751.5,4,91390.7
52,121,4,81504,4,88944.4,3,65063.6,3,68543
52,122,30,681742.4,30,667083,35,812336.4,38,899494.1
52,126,1,18440.9,,,,,,
52,127,5,92204.7,5,91533.9,3,62651.3,4,81929.4
53,7,6,129049,9,194701.9,6,144317.7,7,177449.7
53,9,,,,,2,48105.9,2,50699.9
53,17,2,43542.8,4,87933.6,7,156283.4,6,153246.7
53,18,63,1205030.8,60,1247953.2,60,1270271.6,61.5,1507450.4
53,19,21,454459,22,491802.1,21,479833.4,20,491608.1
53,21,41,777476.1,38,738401.5,34,776873.1,34,835733.8
53,22,2,43281.8,13,290610.3,11,251341.3,12,294964.9
53,25,6,122349.6,6,140817.8,6,147235.3,5,131601.3
53,38,16,355489.5,22,480577.5,16,374676.9,17.5,437521.3
53,39,36,819877,33.5,765814.9,39,923639.6,35,885610.8
53,40,3,68323.1,4,91440.6,2,47366.1,,
53,41,12,273292.3,8,182881.2,12,284196.8,9,227728.5
53,42,18,409938.5,18,411482.7,15,355246,13,328941.2
53,43,4,91097.4,5,114300.7,10,236830.7,7,177122.2
53,55,1,22357.9,1,22275.8,1,24876.9,1,25991.8
53,56,4,89431.4,4,89103.2,4,99507.8,3.5,90971.4
53,58,7,156505,2,44551.6,4,99507.8,4,103967.3
53,66,28,592516.7,26,632755.3,26,656532.1,29,843683.7
53,67,9,192567.2,8,165710.5,12,282569.4,11,264169.2
53,68,7,149774.5,12,248565.8,11,259022,17,408261.5
53,69,32,597024.5,33,619003.8,33,676747.7,39,848090.6
53,70,5,126369.2,5,130788.4,7,183590.5,5,138629.1
53,73,2,50547.7,1,26157.7,,,3,83177.4
53,74,7,142471.5,10,230691.2,5,124999.4,5,134883.9
53,75,5,101765.3,4,92276.5,4,99999.5,4,107907.1
53,78,2,40706.1,2,46138.2,3,74999.6,3,80930.4
53,82,1,21776,1,24715.3,1,24987.6,1,26406.7
53,83,3,65328.1,,,,,,
53,84,2,50765.3,3,77269.4,3,75649.4,2,53137.6
53,85,10,253826.6,9,231808.2,10,252164.6,9,239119.1
53,86,12,304592,13,334834,10,252164.6,10,265687.9
53,87,57,1109330.1,56.5,1225101.9,54,1247801.9,50,1285756.1
53,88,14,355357.3,20,515129.3,20,504329.2,17,451669.4
53,101,4,72329.4,,,,,,
53,102,4,72329.4,3,60769.5,2,41244.2,2,47515.1
53,105,3,62517,2,40858.3,2,40794.5,,
53,107,7,145872.9,7,143004,11,224369.9,11,216266.6
53,108,1,20839,1,20429.1,5,101986.3,1,19660.6
53,109,7,130269.5,5,90303.3,3,58365.3,3,70230.2
53,113,,,,,,,1,23410.1
53,115,1,20774.8,1,22868.4,1,23270.5,1,25409
53,118,2,41549.6,2,45736.8,2,46541,2,50818
53,122,9,183384,9,200124.9,9,195190.9,8,182781.4
53,123,1,20376,1,22236.1,1,21687.9,2,45695.3
53,124,1,18440.9,1,18306.8,1,20883.8,1,20482.3
54,0,1,24035.7,1,25988.4,1,26524.2,1,29753.3
54,6,5,107540.8,5,108167.7,1,24053,1,25350
54,7,12,258098,11,237969,11,264582.5,11,278849.5
54,14,11,239485.4,11,241817.5,2,44652.4,5,127705.6
54,15,,,,,9,200935.8,,
54,16,2,43542.8,2,43966.8,2,44652.4,2,51082.2
54,17,49,1052753.7,50,1052317.3,50,1141275.2,52,1323384.3
54,18,46,984635.6,47,1073464.8,47.5,1085693.6,46.5,1144856.8
54,22,4,86563.6,5,111773.2,7.5,171369.1,7,172062.8
54,29,11,248119.8,9,199682.2,9,210445.2,7,173096.8
54,37,3,66654.3,3,65533.3,3,70251.9,3,75003.6
54,38,15,333271.5,13,283977.6,13,304425,17,425020.7
54,39,4,91097.4,4,91440.6,4,94732.3,4,101212.7
54,40,3,68323.1,3,68580.4,2,47366.1,2,50606.3
54,41,19,432712.9,29,733014.9,38,995231.5,39,980013.1
54,42,14,318841.1,11,251461.6,14,331562.9,17,430153.8
54,43,10,227743.6,6,137160.9,9,213147.6,10,253031.7
54,44,12,251305.8,11,226014.1,11,259250,12,313108.9
54,45,2,41884.3,1,20546.7,1,23568.2,2,52184.8
54,54,2,44715.7,2,44551.6,2,49753.9,2,51983.6
54,56,2,44715.7,2,44551.6,2,49753.9,2,51983.6
54,58,11,245936.4,8,178206.4,8,199015.6,8,207934.6
54,63,9,174646.6,8,170165.6,8,161569.5,12,279677.6
54,64,53,1190928,57,1250987.4,58,1261976.5,64,1488331
54,65,82.5,1740425.2,85.5,1797491.1,72,1757916.8,75,1880895.4
54,66,63.5,1527343.2,60.5,1472625.9,64.5,1698954.2,71,1958865.5
54,67,31,743967.3,35,803797,37,797477.9,46,1020261.2
54,68,28,666992.6,30,762798.9,32,790776.9,34,862634.4
54,69,11,278012.2,11,287734.5,11,288499.3,12,332709.8
54,73,2,50547.7,2,52315.4,1,26227.2,2,55451.6
54,74,18,366355.2,22,507520.5,21,524997.4,21,566512.5
54,75,36,943258,35,1025837.9,36,1063673.1,39,1182908.4
54,76,9,183177.6,10,230691.2,12,299998.5,14,377675
54,77,5,101765.3,5,115345.6,6,149999.3,4,107907.1
54,78,11,223883.7,7,161483.8,6,149999.3,6,161860.7
54,79,4,87104.2,2,49430.5,,,2,52813.4
54,83,20,435520.9,15,370728.9,10,249875.9,12,316880.4
54,84,33,830212.5,31,821093.8,44,1119453,47.5,1403079.8
54,85,20,507653.3,21,540885.8,20,504329.2,24,637651
54,86,5,126913.3,5,128782.3,5,126082.3,5,132844
54,87,32,636489.5,34,774629.6,32,716649.3,31,783560.3
54,88,35,715107.4,35,777304.4,46,1122250.7,72,1589782.6
54,89,1,20229.2,1,21504.8,1,22801.3,1,23321.4
54,94,1,19951.9,1,20256.5,,,,
54,97,2,39903.8,2,40513,3,74062.3,3,76706.9
54,102,8,144658.8,10,202565.1,9.5,195909.8,9.5,225696.5
54,106,13,270906.8,12,245149.6,11,224369.9,14,275248.4
54,107,7,145872.9,7,143004,7,142780.9,7,137624.2
54,108,2,41678,3,61287.4,4,81589.1,4,78642.4
54,109,6,111659.6,5,90303.3,7,136185.7,7,163870.5
54,110,4,74439.7,4,72242.6,4,77820.4,4,93640.3
54,111,2,37219.9,2,36121.3,2,38910.2,2,46820.1
54,116,2,41549.6,2,45736.8,2,46541,2,50818
54,117,6,124648.8,5,114341.9,11,255975.8,11,279499.2
54,119,4,81504,4,88944.4,4,86751.5,4,91390.7
54,120,4,81504,4,88944.4,6.5,140971.2,6,137086
54,122,11,224136,9,200124.9,10,216878.8,12,274172
54,123,5,101880,6,133416.6,6,130127.3,5,114238.4
54,127,2,36881.9,2,36613.6,2,41767.5,2,40964.7
55,4,1,21508.2,,,,,,
55,7,4,86032.7,4,86534.2,3,72158.9,3,76049.9
55,15,4,87085.6,4,87933.6,4,89304.8,4,102164.5
55,17,51,1153242.7,50,1245078.6,33,837893.7,39,1088752.5
55,18,7,152399.8,7,153883.8,12,267914.4,9,229870.1
55,21,3,64922.7,3,67063.9,3,68547.6,4,98321.6
55,25,6,122349.6,6,140817.8,6,147235.3,6,157921.6
55,26,24,489398.6,25,586740.7,20,490784.5,19,500085.1
55,27,11,224307.7,11,258165.9,9,220853,7,184241.9
55,28,7,142741.3,5,117348.1,4,98156.9,4,105281.1
55,29,24.5,552630.6,28,690283.1,27,710333.1,29,717115.5
55,30,4,90225.4,5,110934.6,5,116914,5,123640.6
55,37,3,66654.3,4,87377.7,3,70251.9,3,75003.6
55,38,10,222181,9,196599.9,9,210755.8,8,200009.7
55,39,5,113871.8,4,91440.6,4,94732.3,4,101212.7
55,41,3,68323.1,3,68580.4,7,165781.5,7,177122.2
55,42,5,113871.8,6,137160.9,,,,
55,43,9,204969.2,5,114300.7,9,213147.6,10,253031.7
55,44,7,146595,19,390388,12,282818.1,14,365293.7
55,47,2,41884.3,2,41093.5,,,,
55,55,3,67073.6,3,66827.4,,,1,25991.8
55,56,4,89431.4,4,89103.2,7,174138.6,2,51983.6
55,57,2,44715.7,2,44551.6,2,49753.9,1,25991.8
55,58,,,,,4,99507.8,2,51983.6
55,63,38,737396.7,36.5,776380.6,33.5,676572.3,31.5,734153.6
55,64,57.5,1157517.6,50,947924.7,55.5,1058979.4,54.5,1102321.5
55,65,73,1593914.6,79,1813213.1,72.5,1723047.8,84.5,2101890.9
55,66,66,1325407.7,71,1478879.1,71.5,1503454.7,66,1575218
55,67,68,1363910.1,69,1532912.9,63.5,1358338.5,62,1414617.9
55,68,50,945977.5,44,941567,53,1190904.1,48,1235016
55,69,16,404381.3,12,313892.2,14,367180.9,9,249532.3
55,73,1,25273.8,,,2,52454.4,2,55451.6
55,74,28,674976.3,29,778006.4,26,645811.1,28,777617.7
55,75,50.5,1336320.4,50.5,1369578.9,48,1203151.5,49,1379954.8
55,76,23,577010.8,18,415244.1,20,499997.5,19,512558.9
55,77,6,122118.4,5,115345.6,5,124999.4,5,134883.9
55,78,4,81412.3,4,92276.5,4,99999.5,2,53953.6
55,83,13,283088.6,6,148291.6,6,149925.6,5,132033.5
55,84,35,903689.5,36,995589.3,33,833415.2,49,1450447.4
55,85,39,816288.3,50,1023665.4,66.5,1375087.4,67,1631435.1
55,86,26,475966,37,898909.8,41,955427,44,1097675.3
55,87,41,1016567.9,36,1022321.8,37,984201.2,36,924169.2
55,88,32,647091.2,35,736954,47.5,1059177.3,86,1967913.6
55,89,20,404584.9,20,430096.7,19,433223.8,26,606355.7
55,98,2,39903.8,3,60769.5,4,98749.7,2,51137.9
55,99,3,54247,1,20256.5,4,82488.3,4,95030.1
55,101,4,72329.4,4,81026,6,123732.5,6,142545.2
55,105,2,41678,2,40858.3,1,20397.3,1,19660.6
55,107,9,187550.9,8,163433.1,9,183575.4,8,157284.8
55,108,2,41678,2,40858.3,4,81589.1,4,78642.4
55,110,1,18609.9,1,18060.7,1,19455.1,1,23410.1
55,115,2,41549.6,,,4,93082.1,4,101636.1
55,117,5,103874,5,114341.9,,,,
55,118,1,20774.8,1,22868.4,1,23270.5,2,50818
55,121,6,122256,6,133416.6,6,130127.3,5,114238.4
55,122,6,122256,6,133416.6,4,86751.5,8,182781.4
55,123,2,40752,1,22236.1,,,,
56,4,5,100058.6,4,82634.7,4,89362.7,4,87673.6
56,6,3,60035.2,3,61976,3,67022,5,109592
56,13,1,21860.8,1,22288.5,1,25310,1,26310.9
56,16,18,388387.7,17,380747.6,13,311473.1,13,312524.3
56,17,22,474696.1,19,425541.4,23,551067.7,30,810171.8
56,22,,,,,2,38054.3,2,37594.1
56,25,10,215531,10,232726.4,9,215633.8,7,181590.9
56,37,12,250568.8,11,264207.4,14,319008.3,13,342389.7
56,38,5,104403.7,6,144113.1,4,91145.2,4,105350.7
56,39,4,84632.3,4,89831,3,66616.9,3,70984.2
56,40,16,338529.1,11,247035.3,13,288673.1,13,307598.3
56,41,3,63474.2,6,134746.5,8,177645,4,94645.6
56,43,13,275054.9,15,336866.3,13,288673.1,13,307598.3
56,44,41,859633.8,34,748967.7,28,672590.9,27,712807.7
56,46,6,123220.6,2,43231.6,4,89603.2,4,96357.2
56,47,7,143757.3,6,129694.7,6,134404.8,10,240892.9
56,48,,,,,1,22400.8,1,24089.3
56,49,1,23423.6,1,25228.2,1,25396.6,1,27548.4
56,50,2,46847.2,2,50456.4,2,50793.2,2,55096.8
56,55,6,125921.5,4,78427.9,7,150729.3,5,111120
56,57,1,20986.9,1,19607,1,21532.8,1,22224
56,58,2,41973.8,1,19607,1,21532.8,1,22224
56,59,,,,,,,1,21834
56,62,4,90348.2,4,84952.5,4,89271.7,3,65502.1
56,63,85,1679205.9,89,1880079.8,85,1797225.3,85,1784256.3
56,64,69.5,1339842.1,79.5,1626451.6,67,1411921.7,74.5,1828547.2
56,65,68.5,1355482.6,73,1557133.3,81,1713503.7,84.5,1864208.3
56,66,79,1661817.2,77,1580677.2,84.5,1830921.4,80.5,1927823.4
56,67,56.5,1418653.4,60,1585945.7,61,1664171.5,57.5,1529401.1
56,68,59,1262044.6,65,1452813,70,1555521.1,65,1513747.7
56,69,39,808085.1,43,930487.6,50,1148865.4,47,1174984.2
56,73,9,192089.4,8,167097.5,7,148899.5,7,154811.8
56,74,17,393657.7,22,529345.2,34,931345.7,35,1014423.3
56,75,37,769783.5,36,860161.3,37,1011878.3,37,938306.2
56,76,48,1311402.3,43,1220061.9,36.5,1112299.3,38,1087719.8
56,77,25,578908.4,26,625589.7,34,818414.9,33,837468.9
56,78,3,69469,3,72183.4,3,73794.8,3,84059.8
56,81,4,99985.6,4,99709.4,3,69388.1,2,52478.9
56,82,5,124982,4,99709.4,5,115646.8,10,262394.6
56,83,21,524924.3,25,623183.8,19,439457.8,21,551028.6
56,84,23,512453.7,25,591927.6,26,574921.1,27,625306.9
56,85,28,682356,39,876400.8,40,995418.3,44,1146776.1
56,86,29,646137.3,27,639281.8,24,530696.4,32,809495.5
56,87,12.5,278507.4,16.5,390672.2,17,375909.9,14,324233.2
56,88,25,557014.9,31.5,624378.8,35.5,769760.9,46.5,1058150.9
56,89,4,83151.8,4,86709,2,45567.3,2,45161
56,98,19,396936.7,20,429397.6,20,457106.5,20,506775.6
56,99,12,275505.7,16,389023.3,20,486484.6,20,504446.4
56,101,5,114794,5,121569.8,5,121621.1,3,75667
56,102,12,275505.7,13,316081.4,12,291890.7,7,176556.2
56,103,1,22958.8,1,24314,1,24324.2,1,25222.3
56,108,2,43952.3,2,43705.1,1,22004.2,2,43725.6
56,109,5,96878.5,2,43696.6,7,166508.4,9,217685.6
56,110,2,38751.4,2,43696.6,2,47573.8,2,48374.6
56,118,3,62772,3,64937.2,3,68499.9,3,72521.2
56,121,6,115724.6,6,123890.2,5,106983.2,5,117026.6
56,126,2,42731.2,,,,,,
56,127,,,2,41524.7,4,91728.5,4,93562.9
57,0,3,62115,3,58457.9,5,107262.4,4,92511.7
57,6,2,40023.4,2,41317.4,2,44681.3,1,21918.4
57,13,2,43721.7,1,22288.5,1,25310,1,26310.9
57,15,11,237348,11,246366.1,11,263554.1,11,264443.6
57,16,11,237348,15,335953.7,16,383351.5,16,384645.3
57,17,6,129462.6,5,111984.6,4,95837.9,3,72121
57,21,3,56964.8,3,49293.8,3,57081.5,3,56391.2
57,22,2,37976.5,3,49293.8,3,57081.5,3,56391.2
57,23,,,,,1,19027.2,1,18797.1
57,24,2,43106.2,2,46545.3,2,47918.6,2,51883.1
57,26,14,301743.4,7,162908.4,9,215633.8,7,181590.9
57,27,17,366402.7,16,372362.2,17.5,419287.9,16,415065
57,32,3,71386.3,3,71551.7,3,72963.8,5,130994.8
57,37,1,20880.7,,,,,,
57,38,4,83522.9,4,96075.4,,,,
57,42,2,42316.1,2,44915.5,4,88822.5,5,118307
57,43,24,507793.6,20.5,460383.9,21.5,477420.9,21.5,508720.2
57,44,28,599241.1,29,647791.6,27,614826,26,662848.2
57,45,4,82147,4,86463.2,4,89603.2,3,72267.9
57,46,16,328588.2,15,324236.9,18,403214.3,18,433607.2
57,47,7,143757.3,7,151310.5,6,134404.8,5,120446.5
57,48,6,123220.6,2,43231.6,6,134404.8,4,96357.2
57,49,2,46847.2,2,50456.4,2,50793.2,2,55096.8
57,50,3,70270.8,3,75684.6,3,76189.9,3,82645.2
57,51,3,70270.8,4,100912.8,4,101586.5,6,165290.5
57,55,2,41973.8,2,39213.9,1,21532.8,2,44448
57,58,7,146908.4,11,215676.6,11,236860.4,10,222240
57,59,,,,,1,22317.9,1,21834
57,60,1,22587,1,21238.1,,,,
57,63,65.5,1201448.2,73,1455474.5,71,1517055.4,68,1657346.4
57,64,88,1695884.8,87,1641344.3,87,1609774.6,78,1565989.4
57,65,45.5,1039590.9,47,1089389.4,42,1036234.9,49.5,1091681.8
57,66,30,665298.3,37,810138.9,49,1120586.3,43,1047619.2
57,67,39,924336.2,37,885239.9,37,934463,40,1079770
57,68,33,698607.8,34,754070.1,50,1133967.6,47,1114160.7
57,69,76.5,1648349.1,78.5,1854628.5,89,2015892.5,82.5,2071578.7
57,70,14,298805.8,14,292420.6,14,297799.1,17,375971.4
57,71,8,170746.2,7,146210.3,7,148899.5,7,154811.8
57,72,10,213432.7,16,334194.9,10,212713.6,10,221159.7
57,73,37,826149.3,29,749049.7,31,753556.2,39,1012861.3
57,74,38.5,922116.2,39,1063533.9,38.5,1095514.1,40,1124149.3
57,75,3,69469,3,72183.4,3,73794.8,3,84059.8
57,76,33,851203.4,36,965634,32,900903.6,34,944603.2
57,77,36,970136,37,984892.4,36,1017574.8,35,957358.3
57,78,16,370501.4,15,360917.2,12,295179.4,13,364259
57,79,7,174974.8,5,124636.8,11,254422.9,11,288634
57,80,3,74989.2,3,74782.1,3,69388.1,3,78718.4
57,81,2,49992.8,2,49854.7,2,46258.7,2,52478.9
57,82,7.5,187473,8.5,211882.5,9,208164.2,10,262394.6
57,83,21,524924.3,21,523474.4,34,901587.9,30,794186.4
57,84,42,873839.3,42,915054.3,49,1273469.9,44,1176067.7
57,85,40,764195.6,44,952667,32,746970.8,44,1121615.2
57,86,10,222806,11,260448.1,10,221123.5,14,324233.2
57,87,34,757934.6,34,799190.3,70,1648503.5,60,1434012.8
57,88,40,867654.2,42,936431.6,44,1071159.6,44,1042454
57,89,17,353395.3,17,368513.4,17,387322.3,16.5,372578.5
57,96,4,83565.6,4,85879.5,4,91421.3,3,76016.3
57,98,20,417828.1,12,257638.6,14,319974.5,15,380081.7
57,99,12,275505.7,12,291767.5,11,267566.5,12,302667.8
57,101,18,413258.5,10,243139.5,12,291890.7,12,302667.8
57,102,7,160711.7,7,170197.7,7,170269.6,7,176556.2
57,103,7,160711.7,8,194511.6,7,170269.6,7,176556.2
57,108,2,43952.3,2,43705.1,4,88016.6,5,109314
57,109,4,77502.8,4,87393.2,4,95147.7,4,96749.1
57,114,1,20924,4,86583,4,91333.1,1,24173.7
57,118,,,,,1,22833.3,1,24173.7
57,119,4,77149.7,5,103241.8,4,85586.6,4,93621.3
57,122,3,57862.3,4,82593.4,,,2,46810.6
57,124,4,85462.4,5,103811.7,5,114660.6,5,116953.7
57,125,2,42731.2,2,41524.7,2,45864.2,2,46781.5
57,126,2,42731.2,2,41524.7,2,45864.2,2,46781.5
58,12,,,,,4,101239.9,3,78932.7
58,13,4,87443.4,4,89153.8,,,,
58,15,,,,,2,47918.9,3,72121
58,26,51,1096948.3,50,1084749.6,46,1017062.3,49,1135693.8
58,27,25.5,549604,27,628361.1,22.5,539084.4,23.5,609626.8
58,31,21,499704.2,18,429310.1,15,364818.9,16,419183.3
58,32,12,285545.3,10,238505.6,11,267533.9,10,261989.6
58,37,6,125284.4,6,144113.1,6,136717.8,5,131688.4
58,41,1,21158.1,1,22457.8,1,22205.6,1,23661.4
58,43,2,42316.1,2,44915.5,2,44411.2,2,47322.8
58,44,9,184830.9,9,194542.1,8,179206.4,8,192714.3
58,46,7,143757.3,9,194542.1,8,179206.4,19,457696.5
58,47,10,205367.6,8,172926.3,5,112004,6,144535.7
58,48,2,41073.5,1,21615.8,4,89603.2,4,96357.2
58,50,8,187388.8,8,201825.5,7,177776.3,9,247935.7
58,51,3,70270.8,3,75684.6,3,76189.9,3,82645.2
58,58,2,41973.8,2,39213.9,,,5,111120
58,59,4,90348.2,4,84952.5,4,89271.7,3,65502.1
58,60,2,45174.1,2,42476.2,2,44635.9,2,43668
58,61,6,135522.2,6,127428.7,5,111589.7,4,87336.1
58,62,22,496914.8,22,467238.7,22,490994.6,22,480348.4
58,63,51,1049879.8,53,1145392.3,46,1062908.3,56.5,1307987.3
58,64,45,932926.5,41,857613,47,986312.5,47,1066097.4
58,65,52,1090633.1,50,1033297.3,52,1122496,51,1164685.5
58,66,2,42415.2,2,45937.4,1,22471.1,1,25661.9
58,67,40,935696.2,34,784167.8,35,770851.4,40,920787.3
58,68,43,904436.5,40,1023295.6,42,1169765.2,37,1032779.6
58,69,37,768231.1,40,924876,43,1020944.5,47.5,1188099
58,70,29,742697.3,29,699395,27,673639.9,27,580344.1
58,71,14,298805.8,18,375969.3,14,297799.1,12,265391.6
58,72,24,512238.5,24,501292.4,21,446698.6,19,462909.5
58,73,24,474506.6,22,453366.2,27,578534,28,614954.7
58,74,37,860211.3,34,860767,26.5,575900.1,26.5,712683.1
58,75,16,370501.4,14,336856,13,319777.7,9,252179.3
58,76,4,92625.3,4,96244.6,4,98393.1,4,112079.7
58,77,22,509439.4,22,529345.2,20,491965.7,18,504358.6
58,78,20,463126.7,17,409039.4,14,344376,17.5,490348.6
58,79,4,99985.6,4,99709.4,4,92517.4,3,78718.4
58,81,4,99985.6,4,99709.4,4,92517.4,4,104957.8
58,82,2,49992.8,2,49854.7,2,46258.7,2,52478.9
58,83,10,249963.9,9,224346.2,9,208164.2,9,236155.1
58,84,25,557014.9,34,805021.5,42,1002904.5,40,1083284.4
58,85,38.5,874383.3,35,889019.1,35,917510.1,48,1300722.6
58,86,47,1100797,46,1086636.7,47,1216217.8,39,994441.1
58,87,16,356489.5,24,568250.5,35,974535.8,32,940208.4
58,88,5,111403,2,47354.2,5,110561.7,4,92638.1
58,93,2,41575.9,,,3,68351,4,90322.1
58,94,8,167131.2,7,150289.2,7,159987.3,7,177371.5
58,97,6,125348.4,8,171759.1,5,114276.6,5,126693.9
58,98,3,62674.2,4,85879.5,4,91421.3,7,177371.5
58,99,27,551359.3,25,518286.4,22.5,503479.8,30.5,792148.8
58,100,10,229588.1,10,243139.5,6,145945.4,10,252223.2
58,101,10,229588.1,11,267453.5,15,364863.4,21,529668.7
58,108,9,197785.5,7,152967.8,8,176033.3,8,174902.3
58,109,9,174381.4,8,174786.4,6,142721.5,6,145123.7
58,110,2,38751.4,1,21848.3,4,95147.7,,
58,113,2,38751.4,2,43696.6,2,47573.8,2,48374.6
58,114,2,41848,2,43291.5,,,,
58,116,2,41848,2,43291.5,2,45666.6,2,48347.5
58,118,2,41848,3,64937.2,4,91333.1,4,96695
58,119,2,38574.9,2,41296.7,2,42793.3,2,46810.6
58,122,6,115724.6,6,123890.2,6,128379.9,7,163837.2
58,123,4,77149.7,4,82593.4,4,85586.6,4,93621.3
58,126,6,128193.5,1,20762.3,1,22932.1,1,23390.7
59,0,2,41410,2,38972,2,42905,2,46255.8
59,1,6,124230,5,97429.9,6,128714.9,4,92511.7
59,2,8,165640,8,155887.8,7,150167.4,8,185023.4
59,5,2,40023.4,2,41317.4,2,44681.3,2,43836.8
59,13,4,87443.4,3,66865.4,3,75929.9,2,52621.8
59,14,6,129462.6,4,89587.7,4,95837.9,2,48080.7
59,19,5,94941.3,4,65725,3,57081.5,2,37594.1
59,21,6,113929.5,6,98587.5,6,114163,6,112782.3
59,26,21,452615.1,28,651633.8,35,831454.9,35,953469.6
59,27,3,64659.3,3,69817.9,6,143755.8,6,155649.4
59,30,2,47590.9,2,47701.1,,,3,78596.9
59,31,12,285545.3,13,310057.3,13,316176.4,13,340586.4
59,32,5,118977.2,5,119252.8,5,121606.3,5,130994.8
59,37,1,20880.7,1,24018.9,1,22786.3,1,26337.7
59,38,5.5,114844,5,120094.3,4,91145.2,8,210701.4
59,41,10,211580.7,10,224577.5,8,177645,11,260275.5
59,44,2,41073.5,2,43231.6,3,67202.4,4,96357.2
59,46,44.5,839866.4,39.5,754510.3,35.5,725429,36.5,753426.8
59,47,45.5,880891.4,44.5,995618.8,40.5,1017010.3,42,1060959.1
59,48,13,266977.9,15,324236.9,18,403214.3,22,529964.4
59,50,3,70270.8,3,75684.6,,,,
59,51,2,46847.2,2,50456.4,2,50793.2,2,55096.8
59,52,2,46847.2,2,50456.4,4,101586.5,4,110193.6
59,60,5,112935.2,5,106190.6,5,111589.7,5,109170.1
59,61,11,248457.4,9,191143.1,10,223179.4,10,218340.2
59,62,15.5,350099.1,17,375923.3,17.5,390563.9,22,480348.4
59,63,80,1593450.7,76,1490078,80.5,1881549.9,78.5,1925540.4
59,64,72.5,1550726.1,78,1629127.6,76,1702906.3,67,1495711.7
59,65,25,530189.4,34.5,757043.4,54.5,1155321.2,78,1797719.5
59,66,3,63622.7,3,68906.1,3,67413.3,3,76985.6
59,67,31,784686.7,31,831926.2,30,806291.8,25,609734.4
59,68,23,487774.2,26,597186.5,30,674133.1,28,718532
59,69,30,640298.1,25,522179.6,28,595598.1,25,552899.2
59,70,9,192089.4,12,250646.2,11,233985,11,243275.6
59,71,4,85373.1,4,83548.7,4,85085.4,9,199043.7
59,72,2,42686.5,2,41774.4,2,42542.7,4,88463.9
59,73,12,256119.2,15,313307.8,12,255256.3,13,287507.6
59,74,18,416814.1,17,409039.4,21,516563.9,15.5,434308.8
59,75,8,185250.7,4,96244.6,3,73794.8,9,252179.3
59,76,12,277876,10,240611.4,7,172188,6,168119.5
59,78,7,162094.4,7,168428,7,172188,8,224159.4
59,81,7,174974.8,9,224346.2,9,208164.2,8,209915.6
59,83,2,49992.8,2,49854.7,10,231293.6,10,262394.6
59,84,46.5,1180651.7,47,1246321.7,50,1379772.9,55,1555200
59,85,48,1199136.2,54,1419929.1,47,1281428.8,49,1419446.2
59,86,38,866898.8,32,748148.9,36.5,918830.2,42,1208140.4
59,87,37,923479.2,65.5,1605498.6,62,1462194.8,61,1500458.7
59,88,6,133683.6,6,142062.6,10,221123.5,13,301073.7
59,92,3,62363.9,3,65031.8,5,113918.3,6,135483.1
59,93,9,187091.6,12,260127.1,11,250620.3,13.5,304836.9
59,94,16,334262.5,18,386457.9,28,639949.1,23,487623.6
59,95,6,125348.4,10,214698.8,7,159987.3,8,202710.3
59,97,5,104457,4,85879.5,2,45710.6,4,101355.1
59,98,40,1024099.5,40,1009291,41,1053180.2,74,1944400.8
59,99,33,680496.7,37,784391.8,57.5,1387726.4,96.5,2318456.3
59,100,1,22958.8,1,24314,1,24324.2,3,75667
59,105,5,109880.8,5,109262.7,4,88016.6,4,87451.2
59,106,1,21976.2,1,21852.5,1,22004.2,2,43725.6
59,107,13,285690.2,12,262230.5,12,264049.9,9,196765.1
59,108,3,65928.5,3,65557.6,3,66012.5,3,65588.4
59,109,3,58127.1,3,65544.9,3,71360.7,3,72561.9
59,114,4,83696,3,64937.2,2,45666.6,2,48347.5
59,116,4,83696,4,86583,,,,
59,118,4,83696,4,86583,4,91333.1,4,96695
59,120,10,192874.4,8,165186.9,7,149776.5,5,117026.6
59,126,3,64096.8,2,41524.7,2,45864.2,5,116953.7
60,1,3,62115,3,58457.9,3,64357.5,3,69383.8
60,2,4,82820,5,97429.9,5,107262.4,4,92511.7
60,3,3,62115,3,58457.9,3,64357.5,1,23127.9
60,4,8,160093.8,6,123952.1,7,156384.7,7,153428.7
60,5,8,160093.8,7,144610.8,7,156384.7,5,109592
60,6,7,140082.1,7,144610.8,8,178725.4,7,153428.7
60,9,1,21860.8,1,22288.5,1,25310,1,26310.9
60,11,2,43721.7,2,44576.9,2,50619.9,2,52621.8
60,22,,,,,2,38054.3,6,112782.3
60,26,7.5,161648.2,7,162908.4,6,143755.8,6,155649.4
60,27,14,301743.4,13,302544.3,10,239593.1,10,259415.6
60,28,3,64659.3,3,69817.9,3,71877.9,3,77824.7
60,30,10,237954.4,14.5,345833.1,13.5,328337,13.5,353685.9
60,46,30.5,626371.2,31,670089.5,31,694424.7,32,770857.3
60,47,13,266977.9,14,302621.1,7,156805.6,7,168625
60,48,31,636639.6,30,648473.7,34,657826.6,27.5,731205.6
60,49,3,70270.8,2,50456.4,1,25396.6,1,27548.4
60,50,9,210812.4,9,227053.7,13,330156,13,358129.3
60,51,15,351354,15,378422.9,15,380949.3,18,495871.4
60,52,8,187388.8,8,201825.5,8,203172.9,8,220387.3
60,55,,,4,78427.9,1,21532.8,,
60,60,1,22587,1,21238.1,1,22317.9,1,21834
60,61,2,45174.1,2,42476.2,2,44635.9,3,65502.1
60,62,40,928084.3,43,1034760.1,36,905015.5,35,819658.5
60,63,49,1043889,43.5,1019307.1,52.5,1241526.3,51.5,1261645.4
60,64,29,615019.7,26,597186.5,34,676913.5,89,1973064
60,65,3,63622.7,2,45937.4,2,44942.2,11,282280.4
60,66,1,21207.6,1,22968.7,1,22471.1,1,25661.9
60,67,8,169660.6,7,160781,10,224711,9,230956.7
60,68,34,794036.4,37.5,905098.5,38,916150.6,37,871444.8
60,69,37.5,810864.5,36,779772.7,29,700257.6,31,806381.8
60,70,,,1,20887.2,1,21271.4,1,22116
60,72,2,42686.5,1,20887.2,,,,
60,73,2,42686.5,2,41774.4,2,42542.7,2,44231.9
60,74,2,46312.7,2,48122.3,5,122991.4,1,28019.9
60,79,4,99985.6,4,99709.4,5,115646.8,3,78718.4
60,80,7,174974.8,7,174491.5,7,161905.5,8,209915.6
60,81,,,,,9,208164.2,11,288634
60,82,1,24996.4,1,24927.4,4,92517.4,4,104957.8
60,83,1,24996.4,1,24927.4,1,23129.4,1,26239.5
60,84,37.5,1142653.9,41.5,1342295.3,36,1067902.4,42,1278063.6
60,85,50,1412942.6,44,1389035.6,44,1353442,47,1502265
60,86,1,22280.6,1,23677.1,4,88449.4,3,69478.5
60,87,4,89122.4,6,142062.6,8,176898.8,8,185276.1
60,88,76,1675270.4,85,1958881.4,91.5,2317902.9,105.5,2720826.4
60,89,42,903400.8,44,952891.5,45,964730.2,48,1059809.3
60,90,36,710888.9,46,1058525.3,31.5,629227.2,25,585222.6
60,91,7,145515.7,6,130063.5,10,227836.6,10,225805.1
60,92,8,166303.7,9,195095.3,7,159485.6,32,759333.7
60,94,102,1812486.2,99,1873572.8,96.5,2100842.1,89.5,1876822.6
60,95,44,878899.1,40.5,826803,39.5,852437.9,41.5,908761.5
60,96,,,,,,,1,25338.8
60,97,,,,,1,22855.3,,
60,98,78,1387035.6,70,1421144.4,69,1449786.7,89,2000077.4
60,99,42,916320.8,47,1036640.2,49,1093770.6,65.5,1477026.4
60,100,8,183670.5,4,97255.8,6,145945.4,6,151333.9
60,101,17,390299.7,17,413337.2,17,413511.9,17,428779.4
60,102,7,160711.7,11,267453.5,10,243242.3,10,252223.2
60,103,12,275505.7,9,218825.6,11,267566.5,13,327890.2
60,104,8,175809.3,8,174820.3,9,198037.4,9,196765.1
60,105,2,43952.3,2,43705.1,2,44008.3,1,21862.8
60,106,1,21976.2,1,21852.5,1,22004.2,1,21862.8
60,112,2,38751.4,2,43696.6,2,47573.8,2,48374.6
60,118,4,83696,4,86583,3,68499.9,4,96695
60,126,4,85462.4,5,103811.7,4,91728.5,5,116953.7
61,3,5,115741.1,5,116607.5,2,49184.7,1,24319.2
61,4,1,20335.9,1,22908.7,7,164849.2,7,161276.4
61,5,2,40671.7,3.5,80180.6,3.5,82424.6,4.5,103677.7
61,19,5,94941.3,5,82156.3,5,95135.8,5,93985.3
61,22,4,75953,2,32862.5,2,38054.3,2,37594.1
61,25,3,53675.6,3,54487.7,4,75732.9,4,78962.5
61,26,5,89459.3,4,72650.3,1,18933.2,1,19740.6
61,28,8,143134.8,8,145300.6,7,132532.5,9,177665.6
61,30,12.5,233425.4,13,286185,12,221317.9,12,241633.7
61,31,12,224088.3,10,220142.3,7,129102.1,3,60408.4
61,44,16,380471.5,16,399736,16,410259.2,16,425974
61,45,30.5,790948.3,28.5,766907.7,23.5,602568.3,24,638961
61,46,13,309133.1,13,324785.5,15,384618,15,399350.6
61,49,3,56369.4,3,67239.2,3,68275.2,3,67727.7
61,51,,,,,3,68275.2,3,67727.7
61,52,7,131528.7,7,156891.4,3,68275.2,2,45151.8
61,56,3,62960.7,1,22318.2,3,62078.2,2,52398
61,60,2,40923.3,2,40435.7,1,22375.9,1,22348.4
61,61,7,143231.4,7,141525.1,6,134255.5,6,134090.1
61,62,1,20461.6,,,5,111879.6,5,111741.8
61,63,1,20461.6,1,20217.9,1,22375.9,1,22348.4
61,64,4,84339.7,4,82489.1,4,81654.8,4,85326
61,68,6,126509.6,6,123733.6,5,102068.6,2,42663
61,69,24.5,512146.6,20.5,478060.5,22,512135.2,24.5,626814.4
61,70,5,104519.7,4,93280.1,6,139673.2,3,67762.4
61,71,7,146327.6,7,163240.2,8,186231,6,135524.8
61,72,,,,,1,23278.9,1,22587.5
61,75,1,20516.4,3,55847.6,5,99351,5,114528.2
61,76,1,20516.4,1,18615.9,1,19870.2,2,45811.3
61,78,3,61549.1,2,37231.7,2,39740.4,2,45811.3
61,79,3,72763.7,5,130248.3,3,84973.9,3,86466.6
61,80,20,485091.6,18,468893.9,18,509843.2,32,976000.7
61,81,27,654873.6,83.5,1666652.2,98.5,2209591.6,124.5,2948201.2
61,82,44,1080399.3,51,1148089.7,54,1201556.1,75.5,1873663.4
61,83,21,509346.2,19,494943.5,16,453193.9,25,720555.2
61,84,27,752459,29,814829.3,31,837949.2,27,672202.4
61,85,43,1297948.1,52,1485227.6,53,1707637.4,59,1935232.6
61,86,8,177333.9,12,272062.8,4,87272.5,8,200222.7
61,88,11,243834.1,14,317406.6,30.5,665453,94,2335382
61,89,54,1081029.1,56,1195810.3,55,1203439.9,63,1331047.6
61,90,67,1434404.5,54,1094439.3,57,1361814.9,58,1529404.9
61,91,58,1162748.8,57,1212512.1,52,1201771.2,44,1132023.2
61,92,71,1383141.3,67,1354407.2,105.5,2181362.6,108.5,2243526.9
61,93,24,496885,57.5,1000105.7,51,958504.6,59,1303303.4
61,94,106,2006492.2,126.5,2401825.7,127,2605256.6,111,2392203.8
61,95,47.5,1178146.4,48.5,1205938.3,46,1165155.8,49,1135208.9
61,96,,,,,1,19686.5,,
61,97,4,86435.7,5,95911.4,5,98432.3,5,103808.8
61,98,63,1287983.3,64,1405314.8,56,1283086.6,54,1252949.3
61,99,29,542623.9,30,623410.1,40,821867.2,46,977777.8
61,100,11,224972.2,9,191185.7,8,176611.7,8,183665.9
61,101,10,204520.2,9,191185.7,8,176611.7,8,183665.9
61,102,2,40904,2,42485.7,2,44152.9,2,45916.5
61,103,6,122712.1,2,42485.7,4,88305.8,4,91832.9
61,107,2,42076.1,3,74733,4,98413,7,150675.4
61,108,9,189342.4,9,224199,9,221429.2,9,193725.5
61,115,2,41848,2,43291.5,2,45666.6,2,48347.5
61,126,4,85462.4,4,83049.4,4,91728.5,4,93562.9
61,127,2,42731.2,2,41524.7,2,45864.2,2,46781.5
62,1,4,92592.9,4,93286,4,98369.5,5,121596
62,3,2,46296.4,2,46643,2,49184.7,2,48638.4
62,16,2,37976.5,2,32862.5,1,19027.2,1,18797.1
62,27,7,125243,7,127138,7,132532.5,5,98703.1
62,28,6,107351.1,6,108975.5,9,170399,7,138184.3
62,30,2,37348.1,2,44028.5,2,36886.3,2,40272.3
62,31,4,74696.1,4,88056.9,2,36886.3,2,40272.3
62,38,6,125217.7,6,129864.1,7,137569.6,2,44136.5
62,43,2,41739.2,2,43288,2,41463.3,2,44136.5
62,44,9,214015.2,9,224851.5,10,256412,10,266233.8
62,45,17,404251,17,424719.5,17,435900.4,17,452597.4
62,46,1,23779.5,1,24983.5,1,25641.2,1,26623.4
62,47,2,47558.9,2,49967,2,51282.4,2,53246.8
62,48,,,1,24983.5,4,102564.8,4,106493.5
62,51,1,18789.8,1,22413.1,1,22758.4,1,22575.9
62,52,5,93949,9,201717.5,6,136550.4,3,67727.7
62,53,7,131528.7,6,134478.3,5,113792,4,90303.6
62,54,3,62960.7,4,89272.9,,,,
62,55,11,230856,8,178545.8,14,289698.1,9,235790.8
62,57,1,20986.9,1,22318.2,1,20692.7,1,26199
62,60,15,306924.5,23,465010.9,21.5,481082.2,21,469315.4
62,61,8,163693.1,5,101089.3,12,268511,14,312876.9
62,66,6,126509.6,7,144355.9,7,142896,5,106657.6
62,69,2,41807.9,2,46640,2,46557.7,2,45174.9
62,71,,,1,23320,1,23278.9,1,22587.5
62,72,2,41807.9,2,46640,2,46557.7,2,45174.9
62,73,6,125423.6,5,116600.1,2,46557.7,2,45174.9
62,76,2,41032.8,2,37231.7,2,39740.4,2,45811.3
62,78,5,102581.9,9,167542.7,9,178831.9,8,183245.1
62,79,7,169782.1,6,156298,6,169947.7,5,144111
62,80,20,485091.6,21.5,560067.7,22,623141.6,31,773494.5
62,81,14,339564.1,31.5,716028.9,47.5,1136577,58.5,1449148.9
62,82,71,1495835.3,87.5,1758798.3,79.5,1988266,78,1840699.2
62,83,33,797831.5,36,887922.2,36,934925.1,40,1180473
62,84,34,853623.5,31,744915.3,34,850522,38,1021757.4
62,85,32,824780.8,35.5,1005465.4,35,1139432.6,33,1051492
62,86,7,155167.1,7,158703.3,6,130908.8,8,200222.7
62,87,25,655422.2,26,713313.6,24,667184.9,20,500556.8
62,88,17,376834.5,20,453438,20,436362.6,21,525584.6
62,89,38,662975.8,43,763799.3,53,904359.3,50,992698.7
62,90,72,1493264.2,81,1790602.6,89,2198644.7,83.5,2183608.5
62,91,12.5,258794.3,12,263197.8,16.5,392179.4,15.5,380853.1
62,92,37,849077.4,36,789593.3,66,1411475.9,71,1604298.1
62,93,63,1465205.4,63,1439324,74,1672693.9,76,1757717.9
62,94,81,1789314.5,72,1673987.6,68,1648175.1,67,1640650.8
62,95,37,809293,46,1054323.1,47,1044042.9,46,1059764.3
62,97,14,302524.9,18,345280.9,17,334669.8,12,249141.1
62,98,57.5,1024149.3,60,1170731.4,61,1349139.3,65,1489175.7
62,100,12,245424.2,13,276157.1,13.5,298032.2,14.5,332894.4
62,101,6,122712.1,6,127457.1,6,132458.8,4,91832.9
62,106,6,126228.3,6,149466,2,49206.5,3,64575.2
62,107,7,147266.3,5,124555,5,123016.2,5,107625.3
62,114,,,,,,,1,24173.7
62,126,6,128193.5,6,124574.1,9,206389.1,6,140344.4
63,11,6,131165.1,5,111442.3,1,25310,2,52621.8
63,12,3,65582.5,4,89153.8,4,101239.9,4,105243.6
63,13,,,,,,,1,26310.9
63,14,5,94941.3,9,147881.3,4,76108.6,4,75188.2
63,31,4,74696.1,,,,,1,20136.1
63,42,,,,,1,20731.6,3,66204.7
63,43,1,20869.6,1,21644,1,20731.6,1,22068.2
63,44,12,285353.6,11,274818.5,9,230770.8,12,319480.5
63,45,16,380471.5,16,399736,17,435900.4,16,425974
63,47,2,47558.9,2,49967,2,51282.4,2,53246.8
63,48,7,166456.3,8,199868,7,179488.4,5,133116.9
63,50,2,37579.6,2,44826.1,2,45516.8,2,45151.8
63,51,7,131528.7,2,44826.1,2,45516.8,2,45151.8
63,52,3,56369.4,3,67239.2,7,159308.8,9,203183.1
63,54,4,83947.6,4,89272.9,4,82770.9,4,104795.9
63,55,1,20986.9,1,22318.2,2,41385.4,1,26199
63,57,8,167895.3,13,290137,14,289698.1,10,261989.8
63,58,2,41973.8,2,44636.5,2,41385.4,2,52398
63,61,4,81846.5,4,80871.5,4,89503.7,3,67045.1
63,62,8,163693.1,8,161742.9,8,179007.3,8,178786.8
63,66,1,21084.9,1,20622.3,1,20413.7,1,21331.5
63,67,7,147594.5,7,144355.9,7,142896,7,149320.6
63,71,4,83615.8,4,93280.1,4,93115.5,4,90349.9
63,75,6,123098.3,6,111695.1,8,158961.7,7,160339.4
63,76,3,61549.1,3,55847.6,3,59610.6,3,68716.9
63,77,3,61549.1,3,55847.6,5,99351,4,91622.5
63,78,6,123098.3,5,93079.3,9,178831.9,9,206150.7
63,79,10,242545.8,10,260496.6,15,424869.3,14,403510.9
63,80,46,1179712.8,46,1132261.2,49,1130281.3,56.5,1424636.3
63,81,14,339564.1,29,602271.1,112,2053943.6,140.5,2702831.5
63,82,6.5,157654.8,6,156298,3.5,99136.2,6.5,187344.4
63,84,13,288167.6,12,272062.8,19,363996.6,28,599030
63,85,37.5,867608.2,38,905474.5,38,916371,37,923975.4
63,86,2,44333.5,2,45343.8,2,43636.3,5,125139.2
63,88,77,1591679.3,71.5,1630208.9,71,1712281.6,78,1929045.5
63,89,110,2288269.6,112,2580956.6,114.5,2667655.7,113,2734630.3
63,90,52,921671.4,70,1396268.5,85,1776109.9,176.5,3389644
63,91,79.5,1600210.6,87.5,1775086.8,84.5,1843652.6,74.5,1701058.9
63,92,51,1144797,56,1306114.8,54,1315658.7,51.5,1185855.2
63,93,81.5,1656210.8,90,1915157.4,88,1945853.6,84,2015827
63,94,69,1652251.9,67,1658770.8,65,1556952.8,75.5,1790869.1
63,95,103.5,1975789.3,102.5,2161894.5,104.5,2319022.6,90.5,2047154
63,96,17,367351.6,25,479556.8,10.5,206707.8,14,290664.6
63,97,10,216089.2,4,76729.1,15,295296.9,15,311426.3
63,98,38,729690.1,50,1128198.8,39,959718.1,40,963673.8
63,101,2,40904,2,42485.7,2,44152.9,2,45916.5
63,102,5,102260.1,4,84971.4,4,88305.8,4,91832.9
63,105,4,84152.2,5,124555,5,123016.2,5,107625.3
63,107,5,105190.2,10,249110,8,196826,8,172200.5
63,111,8,161777.5,8,159978.2,7,139480.7,7,161043.3
63,112,4,80888.7,2,39994.6,3,59777.5,3,69018.5
63,113,3,60666.6,1,19997.3,3,59777.5,3,69018.5
63,115,7,146468.1,7,151520.2,8,182666.3,8,193390
63,118,4,83696,4,86583,4,91333.1,4,96695
63,122,3,62772,4,86583,4,91333.1,4,96695
64,3,4,92592.9,4,93286,4,98369.5,4,97276.8
64,5,2,40671.7,2,45817.5,2,47099.8,2,46079
64,8,3,61007.6,3,68726.2,6,141299.4,4,92158
64,10,6,131165.1,6,133730.7,6,151859.8,6,157865.5
64,11,,,,,3,75929.9,1,26310.9
64,13,5,109304.2,4,89153.8,2,50619.9,2,52621.8
64,27,4,71567.4,4,72650.3,4,75732.9,4,78962.5
64,32,2,37348.1,6,132085.4,6,110658.9,5,100680.7
64,38,4,83478.5,4,86576.1,12,235833.7,10,220682.5
64,39,10,208696.2,9,194796.2,9,186584.7,11,242750.7
64,43,6,125217.7,6,129864.1,6,124389.8,6,132409.5
64,46,1,23779.5,1,24983.5,1,25641.2,1,26623.4
64,47,6,142676.8,4,99934,4,102564.8,4,106493.5
64,50,5,93949,3,67239.2,3,68275.2,3,67727.7
64,51,,,,,2,45516.8,2,45151.8
64,52,2,37579.6,6,134478.3,,,,
64,53,,,,,2,45516.8,5,112879.5
64,61,6,122769.8,4,80871.5,3,67127.8,,
64,62,2,40923.3,2,40435.7,1,22375.9,1,22348.4
64,63,3,61384.9,5,101089.3,1,22375.9,4,89393.4
64,66,4,84339.7,4,82489.1,4,81654.8,4,85326
64,67,8,168679.5,7,144355.9,8,163309.7,8,170652.1
64,68,11,231934.3,11,226845,14,285792,15,319972.7
64,69,3,62711.8,2,46640,6,139673.2,4,90349.9
64,72,4,83615.8,5,116600.1,5,116394.4,5,112937.3
64,75,4,82065.5,3,55847.6,,,,
64,76,4,82065.5,,,2,39740.4,3.5,80169.7
64,77,7,143614.6,4,74463.4,5,99351,3,68716.9
64,79,8,194036.6,11,286546.2,17,481518.5,16,461155.3
64,80,31,737136.6,30,778019.7,32,790820.6,31,860319.1
64,81,2,48509.2,10,260496.6,23,651466.3,28,807021.8
64,83,4,97018.3,4,104198.6,4,113298.5,3,86466.6
64,84,25,554168.4,26,589469.4,26,567271.4,32,800890.8
64,85,18,399001.2,16,362750.4,16.5,359999.2,16,400445.4
64,86,37,604183.3,38,691844.1,29,523687.8,31,623019.5
64,87,11,243834.1,11,249390.9,11,239999.5,13,325361.9
64,88,92.5,1976123,90,1981711,110,2625902.3,104,2672514.1
64,89,97,2276757.8,157,3422853,150.5,3346807.2,155,3661864.2
64,90,62,1392199.5,60,1266929.5,34.5,850621,32,816130.1
64,91,65.5,1503291.2,61,1399202.3,63.5,1523777.2,62,1511905.3
64,92,61,1236776.8,67,1491241.6,70,1568990.9,76,1855872.5
64,93,52,1107729.2,56.5,1262258.5,49,1223687.2,163,3136720.8
64,94,56.5,967616.8,65,1082334,57.5,1029845.3,49,995708.6
64,95,3,64826.8,4,76729.1,4,78745.8,4,83047
64,98,4,86435.7,4,76729.1,2,39372.9,3,62285.3
64,99,8,163616.1,8,169942.8,8,176611.7,10,229582.4
64,100,3,61356.1,2,42485.7,3,66229.4,1.5,34437.4
64,101,4,81808.1,4,84971.4,,,,
64,102,4,81808.1,2,42485.7,1,22076.5,2,45916.5
64,106,9,189342.4,7,174377,4,98413,4,86100.2
64,107,6,126228.3,6,149466,6,147619.5,8,172200.5
64,109,,,,,,,5,115030.9
64,111,2,40444.4,2,39994.6,3,59777.5,2,46012.4
64,112,12,242666.2,11,219970.1,12,239109.8,11,253068
64,113,,,4,79989.1,4,79703.3,2,46012.4
64,114,4,83696,8,173166,8,182666.3,8,193390
64,122,5,104620,6,129874.5,7,159833,7,169216.2
65,0,2,46296.4,1,23321.5,1,24592.4,1,24319.2
65,1,2,46296.4,2,46643,2,49184.7,2,48638.4
65,4,1,20335.9,1,22908.7,1,23549.9,1,23039.5
65,5,3,61007.6,2,45817.5,2,47099.8,2,46079
65,6,7.5,152518.9,8.5,194724.3,11.5,270823.8,11.5,264954.1
65,7,4,81343.4,7,160361.2,8,188399.1,5,115197.5
65,10,4,87443.4,2,44576.9,4,101239.9,4,105243.6
65,37,1,20869.6,1,21644,1,19652.8,1,22068.2
65,38,13,271305,11.5,248906.3,9,176875.3,8,176546
65,39,6,125217.7,5,108220.1,5,103658.2,4,88273
65,42,1,20869.6,1,21644,1,20731.6,1,22068.2
65,47,4,95117.9,4,99934,4,102564.8,4,106493.5
65,50,4,75159.2,5,112065.3,7,159308.8,8,180607.2
65,52,8,150318.5,8,179304.4,9,204825.6,9,203183.1
65,53,14,263057.3,15,336195.8,17,386892.8,21,474093.9
65,54,4,83947.6,4,89272.9,4,82770.9,4,104795.9
65,59,3,61384.9,3,60653.6,3,67127.8,3,67045.1
65,61,,,,,,,1,22348.4
65,62,6,122769.8,6,121307.2,6,134255.5,6,134090.1
65,63,6,122769.8,5,101089.3,5,111879.6,5,111741.8
65,64,1,21084.9,1,20622.3,1,20413.7,1,21331.5
65,66,4,84339.7,4,82489.1,3,61241.1,2,42663
65,67,30,768411.3,21,517519.3,22,583624.5,24,652678
65,68,28,648455.6,26,696601.5,26,707125.7,27,708763.3
65,69,7,146327.6,6,139920.1,6,139673.2,6,135524.8
65,70,2,41807.9,2,46640,2,46557.7,2,45174.9
65,71,6,125423.6,6,139920.1,4,93115.5,6,135524.8
65,72,3,62711.8,5,116600.1,3,69836.6,3,67762.4
65,73,3,62711.8,7.5,174900.2,7,162952.1,7,158112.3
65,75,1,20516.4,1,18615.9,,,,
65,76,2,41032.8,2,37231.7,2,39740.4,2,45811.3
65,77,1,20516.4,1,18615.9,1,19870.2,1,22905.6
65,78,3,61549.1,6,111695.1,7,139091.5,10,229056.3
65,80,2,48509.2,2,52099.3,6,169947.7,2,57644.4
65,82,9,218291.2,13,338645.6,11,311570.8,18,518799.8
65,84,5,110833.7,5,113359.5,4,87272.5,,
65,86,10,221667.4,8,181375.2,9,196363.2,7,175194.9
65,87,23,529863.7,18,408094.2,18,451334.8,18,441264
65,88,30,591289.8,30,702013.9,44,1010370.9,41.5,929206
65,89,63.5,1561524.2,64,1506467.6,66,1580312.2,71,1854641.2
65,90,81,1714575.4,80,1782963.6,86.5,1925563.7,79,1871640
65,91,48.5,1007865.1,48.5,1072549.9,68,1540944.1,68.5,1563140.3
65,92,41,1024110.4,39,835944.5,32,760590.3,33.5,823134.2
65,93,88,1883000.6,76.5,1712373.9,81.5,1853246.2,88.5,2094704.2
65,94,40.5,864866,41,857454,43,926492.2,39,862815.7
65,95,47,887971.9,46,858287.2,44,925648.3,42,886581.8
65,96,19,410569.5,18,345280.9,16,314983.3,14,290664.6
65,97,12,259307,10,191822.7,11,216551,11,228379.3
65,100,2,40904,3,63728.6,2,44152.9,2,45916.5
65,105,4,84152.2,4,99644,4,98413,4,86100.2
65,106,11,231418.5,11,274021,12,295238.9,12,258300.7
65,107,,,3,74733,1,24603.2,3,64575.2
65,111,4,80888.7,4,79989.1,3,59777.5,3,69018.5
65,113,1,20222.2,1,19997.3,1,19925.8,1,23006.2
66,3,4,74463.4,4,84336.3,4,95395,4,96798.9
66,5,2,41805.8,2,36429,2,41874.2,2,48612
66,6,,,2,36429,,,1,24306
66,16,3,60808.5,2,41732.2,2,42613,2,48953.4
66,18,3,60808.5,3,62598.3,3,63919.4,2,48953.4
66,19,10,202695,9,187795,8,170451.8,8,195813.6
66,27,4,76383.8,4,67404.1,4,77186.2,4,82934
66,30,6,133628.9,6,137344.5,6,166499.6,6,183588.7
66,35,1,18917,,,,,,
66,38,2,37833.9,2,41175.5,2,45259.7,2,45491.4
66,39,2,39825.2,2,38160.4,2,37945.2,2,38406.4
66,40,,,,,1,18972.6,3.5,67211.1
66,52,14,276933.2,15,341271.2,17,404182.3,15,371644.5
66,61,1,21702.6,1,22508.3,1,22014.6,1,22333.6
66,62,3,65107.7,4,90033.1,3,66043.8,4,89334.3
66,63,1,21702.6,,,,,,
66,64,12,321226.3,10,278836.8,9,253965.8,9,248689.5
66,65,2,53537.7,2,55767.4,2,56436.8,2,55264.3
66,66,9,240919.7,9,250953.1,11,310402.6,12,331586
66,67,13,347995.2,19,529789.8,27.5,776006.5,27.5,759884.7
66,68,15,401532.9,12,334604.1,9,253965.8,8,221057.4
66,70,2,44767.8,2,45309.1,2,48590.9,2,49209.4
66,71,5,111919.4,3,67963.6,3,72886.3,3,73814.1
66,73,6,134303.3,6,135927.2,6,145772.6,6,147628.2
66,76,16,430220.7,20,553501.9,26,742589.4,21,647681.8
66,77,25,672219.8,22,608852.1,19.5,556942.1,24,740207.8
66,78,1,26888.8,1,27675.1,1,28561.1,1,30842
66,79,8,183218.1,7,171333.8,5,115910.9,4,96478.8
66,80,58,1295456.1,58,1279172.3,53,1314753.6,63,1547258.3
66,81,3,68706.8,3,73428.8,3,69546.6,3,72359.1
66,83,1,22902.3,1,24476.3,1,23182.2,1,24119.7
66,84,2,43810.1,2,42357.3,2,46854.5,2,49537
66,86,22.5,435537,25.5,542496.9,25.5,527410.7,25,589291.2
66,87,84,1802550.1,77.5,1695336.2,68.5,1658163.4,78.5,1849498.2
66,88,50,1029273.6,46,1041409.2,36,884542.3,50.5,1110338.3
66,89,81,1687353.9,76,1708185.9,78,1740793,65,1567114
66,90,39.5,849399.8,36,721576.8,34.5,649785,36,754037.9
66,91,69.5,1728521.4,59.5,1452259.9,60.5,1462926.7,56.5,1419625
66,92,87,1698841.9,82,1584120.3,82,1596696.2,88.5,1885230.9
66,93,102.5,1951295.5,107.5,2142853.7,113.5,2294402.6,113.5,2478457.9
66,94,46,1110307.2,43,1024022.2,41,1017543.7,53,1314567.8
66,95,76,1696158.5,70,1603331.2,69,1513832.1,77.5,1800077.9
66,96,60,1250392.3,60,1382506.2,54,1261868.1,44,1136395.9
66,97,4,72073,4,78375,5,105582,4.5,106340.7
66,99,1,21766.8,1,17373.9,1,21828.7,,
66,100,12,261202,10,173739.3,10,218286.6,12,289577.3
66,102,2,43533.7,2,34747.9,2,43657.3,2,48262.9
66,110,7,164271.5,6,145708.6,2,54031.9,2,56228.2
66,111,,,,,4,108063.7,4,112456.4
66,112,1,23467.4,1,24284.8,1,27015.9,3.5,98399.4
66,113,3,70402.1,3,72854.3,2,54031.9,2,56228.2
67,11,13,223300.7,12,242077.3,10,196422,11.5,237150
67,19,4,81078,1,20866.1,1,21306.5,5,122383.5
67,26,14,267343.5,12,202212.3,13,250855,8,165867.9
67,31,1,22271.5,1,22890.7,1,27749.9,1,30598.1
67,39,8,159300.9,9,171721.9,15,284589.2,14,268844.5
67,40,7,139388.3,3,57240.6,3,56917.8,1,19203.2
67,41,3,59737.8,1,19080.2,1,18972.6,1,19203.2
67,42,7,139388.3,6,114481.3,7,132808.3,7,134422.2
67,51,2,39561.9,2,45502.8,2,47550.9,2,49552.6
67,61,15,325538.7,14,315115.7,18,396262.9,14.5,323836.9
67,62,10,217025.8,11,247590.9,10,220146,12,268002.9
67,63,2,43405.2,2,45016.5,1,22014.6,1,22333.6
67,64,1,26768.9,1,27883.7,1,28218.4,1,27632.2
67,65,7,187382,7,195185.7,11.5,324511.8,11.5,317770
67,66,3,80306.6,5,139418.4,6,169310.5,6,165793
67,67,10,267688.6,12,334604.1,19,536149.9,21,580275.6
67,68,8,214150.9,7,195185.7,9,253965.8,9,248689.5
67,71,2,44767.8,2,45309.1,4,97181.7,2,49209.4
67,73,1,22383.9,1,22654.5,1,24295.4,1,24604.7
67,74,2,53777.6,2,55350.2,2,57122.3,3,92526
67,76,19,510887.1,18,498151.7,15,428417,10,308419.9
67,77,34.5,846945.7,32.5,857166.9,34,884253,29.5,765228.8
67,78,12,322665.5,16,442801.5,19,542661.5,23,709365.8
67,79,35,648107.2,30,596408.7,39,1027887.1,34,908789
67,80,52,1125689.8,61,1350202.7,67,1706867.6,80,1912174.2
67,81,76,1574947.2,69.5,1400539.4,77.5,1717875.7,75.5,1736232.4
67,82,57,920810.8,60.5,1064077.6,76.5,1491655.2,75.5,1632158.8
67,86,66.5,1694807.4,69.5,1718973.4,69.5,1645604.7,69.5,1668758.2
67,87,20,438101.5,17,360037.2,17,398263.3,20,495370.5
67,89,39.5,694680.5,39,721184.7,19,471837,132,2747607.4
67,90,106,2052467.6,96,1997286.1,94.5,1888552.6,108.5,2280508.1
67,91,121,2429070,111.5,2349092.6,108.5,2403032.6,122.5,2830768.6
67,92,114,2533323.6,122,2936736.3,131.5,3280944.6,165,4299259.8
67,93,95.5,1876782.7,108,2071427.3,107,2152914,95,2293955.1
67,94,73,1715764.4,76,1789137,77,1938164.8,75,2035519.6
67,95,111,2438016.1,98,2237704.5,88,2149229.3,88,2241914.9
67,96,81.5,1722813.7,79,1778176.6,78,1803179.9,75,1822098.3
67,98,7,126127.8,7,137156.3,6,126698.4,5,118156.3
67,99,2,43533.7,2,34747.9,2,43657.3,1,24131.4
67,104,2,39764.3,2,40366.1,2,40048.4,2,42900.9
67,106,3,59646.4,2,40366.1,1,20024.2,2,42900.9
67,113,2,46934.7,2,48569.5,2,54031.9,2,56228.2
67,121,,,,,1,19489.8,2,46425.3
67,122,4,74596.2,6,117980.8,5,97448.8,4,92850.7
67,127,1,20631.7,1,20735,,,,
68,14,3,60808.5,2,41732.2,1,21306.5,12,293720.3
68,15,2,40539,2,41732.2,2,42613,2,48953.4
68,24,3,57287.9,3,50553.1,3,57889.6,3,62200.5
68,26,3,57287.9,3,50553.1,4,77186.2,2,41467
68,27,11,210055.6,11,185361.3,10,192965.4,10.5,217701.6
68,28,5,95479.8,2,33702.1,2,38593.1,2,41467
68,38,,,2.5,51469.3,2,45259.7,3,68237.1
68,39,6,119475.7,7,133561.5,7,132808.3,7,134422.2
68,40,7.5,149344.6,8,152641.7,6,113835.7,7,134422.2
68,48,2,37121.1,3,56709.2,3,58763.2,2,38085.2
68,50,7,138466.6,7,159259.9,11,261529.8,11,272539.3
68,58,11,218337.5,12,265672.3,10,230780.5,15,362543
68,61,9,195323.2,7,157557.9,7,154102.2,8,178668.6
68,66,15,401532.9,14,390371.5,8,225747.3,10,276321.7
68,67,27,722759.2,30,836510.3,35,867823.8,31,837133.6
68,68,10,267688.6,12,334604.1,13,366839.4,10,276321.7
68,71,3,67151.7,3,67963.6,5,121477.1,5,123023.5
68,72,3,67151.7,4,90618.2,3,72886.3,3,73814.1
68,73,6,134303.3,7,158581.8,7,170068,7,172232.9
68,74,3,80666.4,3,83025.3,3,85683.4,3,92526
68,75,4,107555.2,4,110700.4,3,85683.4,4.5,138789
68,76,15,403331.9,21,581177,19.5,556942.1,18,555155.9
68,77,2,53777.6,2,55350.2,2,57122.3,9,277577.9
68,78,12,322665.5,12,332101.1,12,342733.6,14,431787.9
68,79,51,1252963.7,51.5,1236355.8,50,1361497.5,51,1393718.2
68,80,56.5,1493955.7,60.5,1536897.2,51.5,1280643.9,53,1454401.7
68,81,56,1315414.4,62,1466588.6,63,1576296.9,66,1776685.7
68,82,56,1219993.8,63,1417332,70,1595670.2,68,1557966.6
68,83,59.5,1274216.6,65,1514060.1,66,1590361.3,65,1502040.1
68,84,84,1318337.6,87,1418529,86.5,1593272.2,78.5,1511128.7
68,85,42.5,726630.3,51,838767.4,52,904223.8,49.5,920617.2
68,86,83,1441753.7,69,1268624.8,74.5,1359913.4,80,1568656.4
68,87,6,131430.4,12.5,264733.2,8.5,199131.7,,
68,89,27,747869.7,30,765999.8,25,620838.1,29,796671.6
68,90,99.5,1976015.3,108,2243906.6,104.5,2264417.3,111,2524882.7
68,91,139,2943330.4,134,2837235.1,151,3532977.1,152,3684569.9
68,92,164,3510830.7,175.5,3872201,168.5,3673625.9,189,4331556.5
68,93,176.5,2891083.2,177.5,3191820.6,221,4270544.7,226.5,4558342.6
68,94,89,1919004.4,98,2195992.2,105,2422947.4,115,2709324.6
68,95,82.5,1813046.4,73,1807163.5,77,1856197.1,69,1785271.8
68,96,107.5,2248262.2,105,2185850.7,107,2369351.9,101,2293709.8
68,97,37,666675.3,39,764156.6,35,686926.9,41,858303.5
68,99,2,43533.7,2,34747.9,10,218286.6,2,48262.9
68,100,4,87067.3,4,69495.7,4,87314.6,4,96525.8
68,101,20,435336.6,24,534461.7,19,414744.6,21,506760.2
68,103,9,195901.5,9,156365.3,5,109143.3,5,120657.2
68,104,7,139174.9,8,161464.6,8,160193.5,8,171603.6
68,105,9,178939.2,11,222013.8,11,220266.1,12.5,268130.6
68,106,2,39764.3,2,40366.1,2,40048.4,2,42900.9
68,107,9,178939.2,10,201830.7,10,200241.9,14,300306.2
68,108,3,59646.4,4,80732.3,3,60072.6,6,128702.7
68,111,7,164271.5,5,121423.8,4,108063.7,11,309255.1
68,112,4,93869.4,3,72854.3,3,81047.8,2,56228.2
68,113,4,93869.4,4,97139.1,2,54031.9,2,56228.2
68,114,1,18649.1,1,19663.5,,,4,71472
68,127,,,,,1,22036,1,23271.3
69,0,17,316469.6,16,337345,21,500823.9,21,508194.3
69,4,5,104514.5,5,91072.6,5,104685.4,4,97224
69,9,2,34354,2,40346.2,2,39284.4,2,41243.5
69,26,5,95479.8,5,84255.1,5,96482.7,6,124400.9
69,38,2,37833.9,2,41175.5,2,45259.7,2,45491.4
69,40,4,79650.5,4,76320.8,4,75890.5,5,96015.9
69,41,2,39825.2,2,38160.4,5,94863.1,8,153625.4
69,44,3,55681.6,3,56709.2,3,58763.2,3,57127.7
69,46,4,74242.1,4,75612.3,5,97938.6,4,76170.3
69,47,2,37121.1,2,37806.2,1,19587.7,1,19042.6
69,48,11.5,213446.2,11.5,217385.4,7,137114,6,114255.5
69,49,2,39561.9,2,45502.8,2,47550.9,2,49552.6
69,50,4,79123.8,4,91005.6,,,,
69,51,,,1,22751.4,1,23775.4,1,24776.3
69,61,5,108512.9,5,112541.3,5,110073,5,111667.9
69,65,3,80306.6,4,111534.7,4,112873.7,4,110528.7
69,66,9,240919.7,9,250953.1,11,310402.6,15,414482.5
69,67,16,428301.8,17,474022.5,13,366839.4,18,497379.1
69,68,6,160613.2,6,167302.1,10,282184.2,5,138160.8
69,74,2.5,67222,,,,,,
69,75,8,215110.3,9,249075.9,4,114244.5,4,123368
69,76,54,1303550,47,1289413.5,46,1296866.4,44,1322194.1
69,77,23,618442.3,23,636527.2,31,690035.7,28,762731
69,78,44,1221367.7,45,1281176.1,44,1351202.1,49,1554177.8
69,79,56,1468406.1,56,1518135.3,62,1673298.4,60,1776355.3
69,80,23,526752,32,783240.2,39,984912.3,48,1353860.5
69,81,36,1101804.9,33,956576.3,40,1223810.6,42,1305299.7
69,82,48,1118999.3,46,1060628.8,47,1169810.4,41,1091192.2
69,83,60,1299386.5,64,1315509.8,55,1162044.3,57,1214514.1
69,84,83,1352714.8,61.5,1158142.9,63,1116054.5,53,1009613.3
69,85,26,536576.5,23,534635,20,459595.6,18,430974.8
69,86,66,1042918.8,66.5,1091996.9,70.5,1157103.5,61.5,1115999.8
69,87,45,892806.4,51.5,993047.2,57,1191503.3,83.5,1993868.9
69,88,73,1657496.4,71,1655444.9,76,1871954.9,79,1943829.3
69,89,225,5042719.8,215,4813335.9,228.5,5147039.4,237.5,5618134.7
69,90,95.5,2068648.1,132.5,3180167.5,160.5,3816662.5,158,3762013.8
69,91,219,4368660.7,217.5,4529596.4,231,4842344.6,240,5262360.4
69,92,110.5,2089625,155,3100258.5,155.5,3308578.4,159,3268826.8
69,93,119,2456189.8,108,2429683.1,107.5,2390775.3,105.5,2564820.2
69,94,105,2234402.7,114,2292353.5,113,2459700.3,109,2439861.2
69,95,69,1653381.5,64,1492662.5,82,1929154.3,79,1877314
69,96,73,1666998.9,74,1791090.4,69,1803527.2,64.5,1666941.3
69,97,16,288292,16,313500.2,16,337862.3,14.5,342653.2
69,99,7,152367.8,7,121617.5,6,130972,5,120657.2
69,100,5,108834.2,5,86869.6,10,218286.6,11,265445.8
69,101,29,550425.5,28,489937.5,31,581105.7,33.5,701426.7
69,102,2,43533.7,1,17373.9,1,21828.7,1,24131.4
69,104,4,79528.5,7,141281.5,7,140169.3,6,128702.7
69,105,2,39764.3,4,80732.3,4,80096.8,4,85801.8
69,107,14,278349.8,15,302746,16,320387.1,18,386108
69,108,15,298232,14,282563,13,260314.5,17,364657.6
69,109,6,140804.1,5,121423.8,5,135079.6,6,168684.6
69,110,2,46934.7,2,48569.5,2,54031.9,2,56228.2
69,111,17,398945,17,412841,19,513302.7,19,534168
69,112,18.5,434146,18.5,449268.2,17,459270.8,17,477939.8
69,113,8,187738.8,7,169993.4,7,189111.5,12,337369.2
69,114,,,,,,,5,89340
69,116,4,74596.2,5,98317.3,,,,
69,117,7,130543.4,9,176971.2,9,200570.6,9,160811.9
69,118,6,111894.4,6,117980.8,7,155999.3,4,71472
70,0,2,37231.7,2,42168.1,2,47697.5,,
70,4,3.5,73160.2,4.5,81965.4,5.5,115153.9,5.5,133683
70,6,15,313543.5,16,291432.4,17,355930.3,21,510425.9
70,7,33,689795.7,29.5,603249.2,26,544364,30,726579.4
70,8,1,20902.9,2,36429,1,20937.1,2,48612
70,9,12,206123.7,12,242077.3,19,373201.9,15,309326
70,10,8,137415.8,11,221904.2,12,235706.5,9.5,195906.5
70,38,2,37833.9,2,41175.5,2,45259.7,2,45491.4
70,40,3,59737.8,3,57240.6,3,56917.8,3,57609.5
70,41,2,39825.2,2,38160.4,2,37945.2,1,19203.2
70,46,4,74242.1,4,75612.3,5,97938.6,5,95212.9
70,47,6.5,120643.5,6,113418.5,6,117526.3,5,95212.9
70,48,10,185605.4,8,151224.6,11.5,225258.8,8,152340.6
70,49,,,,,,,1,24776.3
70,53,4,79123.8,3,68254.2,3,71326.3,2,49552.6
70,54,4,79395.4,,,,,,
70,60,3,65107.7,3,67524.8,3,66043.8,1.5,33500.4
70,64,6,160613.2,4,111534.7,2,56436.8,4,110528.7
70,67,4,107075.4,3,83651,3,84655.3,3,82896.5
70,68,2,53537.7,2,55767.4,1,28218.4,2,55264.3
70,74,14,376443.1,13,359776.2,15,428417,15,462629.9
70,75,8,215110.3,9,249075.9,7,199927.9,10,308419.9
70,76,19,510887.1,14,387451.3,20,571222.6,23,709365.8
70,77,38.5,983590.8,36.5,959667.7,46.5,1240377.3,48.5,1340743.4
70,78,27,647838.7,30,807668.5,35,866825.2,36,1015483.7
70,79,25,572556.6,22,538477.7,23,533190.3,22,530633.6
70,80,2,45804.5,2,48952.5,2,46364.4,2,48239.4
70,81,33,672367.1,48.5,1198830.6,47.5,1075076.2,39,1024687.9
70,82,26,595458.8,26,636382.7,25,579554.7,21,506513.9
70,83,12,274827.1,12,293715.1,19,440461.6,19,458274.4
70,84,65,1372613.7,61,1346459.1,62.5,1490205.1,66,1472971.7
70,85,5,109525.4,5,105893.3,5,117136.3,5,123842.6
70,86,54,1052917.2,57,1054990.6,56.5,1112661.1,61.5,1246974.2
70,87,79,1557414.8,76.5,1509756.5,76.5,1571034.2,68,1465732.2
70,88,148,3115499.9,158,3399230.4,151,3365097.1,154,3311516.5
70,89,196.5,4095463.5,202,4255541.4,205.5,4354355.2,199,4512860.4
70,90,102.5,2035204,103,2156803.6,101.5,2332742.1,114.5,2790499.9
70,91,130.5,2835027,157.5,3182733.1,125.5,2624334.5,123,2756537.5
70,92,74,1327286.8,60,1075015.2,126.5,2218282.3,128,2341439.6
70,93,33,591783,84,1333265.2,93,1565976.1,76.5,1402606.8
70,94,43,895310.7,46,894622.6,42,886888.5,44,1039775.3
70,95,85,1812624.3,87,1788809.2,92,1980189.2,93,2121268.6
70,96,63,1457808,66,1636674.4,66,1576056.4,70,1807163.1
70,97,119,2360324.1,114,2437868.3,112,2314450.6,104,2373097
70,98,64.5,1420470.7,67,1428953.8,66,1644092.6,62,1529771.3
70,101,69,1787966.1,66.5,1860127.3,63,1752432.6,63,1938430
70,102,4,87067.3,6,104243.6,6,130972,5.5,132722.9
70,105,,,,,1,20024.2,,
70,107,2,39764.3,3,60549.2,3,60072.6,,
70,108,10,198821.3,10,201830.7,10,200241.9,9,193054
70,111,5,117336.8,2,48569.5,2,54031.9,7,196798.7
70,112,8,187738.8,8,194278.1,8,216127.4,8.5,238969.9
70,118,3,55947.2,3,58990.4,3,66856.9,3,53604
70,119,,,8,157307.7,6,116938.6,4,92850.7
70,122,13,242437.8,10,196634.7,6,116938.6,7,162488.7
70,123,2,37298.1,2,39326.9,2,38979.5,2,46425.3
70,124,3,61895.1,3,62204.9,2,44072.1,2,46542.6
70,127,3,61895.1,4,82939.9,8,176288.4,11,255984.1
71,2,2,37231.7,6,126504.4,4,95395,3.5,84699
71,4,1,21650.9,1,22224.7,2,44208.9,2,46169.5
71,6,20,433018.6,32,711191,37,792563.4,53,1221250.4
71,7,58,1212035.2,58,1215610.7,57,1205319,61,1406136.8
71,8,20,433018.6,23,511168.5,23,508402.1,23,530949.3
71,9,47,827118,46,839318.2,42,791797.7,48,1134186.1
71,10,40.5,799072.3,36,783500.7,35,781586.9,34,835944.2
71,11,,,,,,,2.5,56494.5
71,23,6,121617,5,104330.6,5,106532.4,5,122383.5
71,25,7,123889.6,8,155660.1,10,162329.9,10,183895.3
71,31,8,178171.9,8,183126,8,221999.4,8,244784.9
71,38,1,18917,1,20587.7,,,,
71,39,7,166147.1,6,134281.9,7,161882.5,5,123242.9
71,40,43,835480.9,44,937391.1,46,976350.7,43,1054853.2
71,41,77,1421167.2,81,1650856.3,77,1731443.1,78,1702650.1
71,42,20,474706.1,22,492367.1,24,555025.7,20,492971.6
71,43,2,47470.6,2,44760.6,2,46252.1,2,49297.2
71,44,2,39769.6,2,40910.1,2,46595,7,174875.9
71,45,2,39769.6,2,40910.1,2,46595,2,49964.5
71,46,7,139193.5,7,143185.5,6,139785.1,6,149893.6
71,47,8,159078.3,8,163640.5,8,186380.1,9,224840.4
71,48,4,79539.2,5,102275.3,7,163082.6,5,124911.4
71,49,2,39561.9,1,22751.4,2,47550.9,1,24776.3
71,50,8,158247.5,5,113757.1,2,47550.9,3,74328.9
71,54,4,79395.4,4,88557.4,4,92312.2,4,96678.1
71,60,7,138942,9,199254.2,8,184624.4,9,217525.8
71,65,1,22383.9,,,,,,
71,73,4,106124.6,5,137059.7,12,351625.9,12,394580.9
71,74,12,341477.2,16,470960.3,20,524787.6,21,604889.3
71,75,2,56912.9,2,58870,4,104957.5,5,144021.3
71,76,17,483759.4,18,529830.4,21,551027,29,835323.3
71,77,11,313020.8,12,353220.2,18,472308.9,16,460868
71,78,8,227651.5,8,235480.2,9,236154.4,7,201629.8
71,79,34,826208.2,37,795737.9,36,733899.9,42,990809.2
71,80,53,1376163.5,54,1350559.4,57,1420344.5,58,1518765.7
71,81,15,355484.8,14,356304.8,14,374537.5,12,332731.2
71,82,6,142193.9,6,152702.1,6,160516.1,6,166365.6
71,83,67,1434765.5,70,1535169.8,59,1310246,55,1252423.6
71,84,64,1485432,62,1440972.7,61,1478804.5,62,1529250.6
71,85,161,2571960.4,158.5,2502570.6,146,2400242.6,137.5,2348750.4
71,86,85,1592883.3,89,1721143.7,83,1672269,86.5,1900519.7
71,87,122,2467628.8,112,2253550.4,108,2218107.3,114,2551853.8
71,88,91,1743450.8,95,1745467.6,96,2001344.9,82,1755267.4
71,89,54,1045043.8,63,1266583.9,61,1183959.5,56,1196830.3
71,90,24,432475.4,26.5,542705.9,23,476094.4,19,405774.5
71,91,24,506183.9,16,359788.6,16,377173.8,18,407109.4
71,92,4,79394,4,89947.1,6,141440.2,5,120088.4
71,93,4,79394,2,44973.6,4,94293.5,4,96070.7
71,94,14,286340,49,791963.2,52,905165.3,47,865996.6
71,95,83,1853582.6,89.5,1907014.8,85,1897083.4,83,2002162.6
71,96,83,1761652.4,86,1936614.7,82,2072571,73,1822604.2
71,97,61,1471781,59,1430692.1,63,1570106.2,58,1535377.7
71,98,96,1915521.5,109.5,2186715.2,113.5,2340202.9,111.5,2498415.4
71,99,10,228624.6,10,223921.9,13.5,323939.9,11.5,297976.7
71,100,1,22862.5,1,22392.2,,,4,103644.1
71,101,25,571561.6,24,537412.6,19,455915.4,20,518220.3
71,102,4,91449.9,4,89568.8,4,95982.2,4,103644.1
71,104,1,19548.3,1,21450.4,1,20544.1,1,21619
71,110,4,78193.1,7,150152.8,6,123264.4,6,129713.7
71,112,3,58644.8,3,64351.2,3,61632.2,3,64856.9
71,118,2,37298.1,2,37282.8,1,20521.6,1,17492.8
71,120,4,74596.2,4,78653.9,5,111428.1,5,116063.3
71,127,13,303565.5,14,333387.9,14,353877.9,14,379743.3
72,3,2,37231.7,2,42168.1,2,47697.5,2,48399.5
72,4,12,259811.2,12,266696.6,14.5,320514.3,17.5,403983.2
72,5,55,1111926.7,45.5,960619.4,52.5,1142722.7,53,1177647.6
72,6,9,194858.4,9,200022.5,11,243148.8,14,323186.5
72,7,28,486488,27,494117.2,25,484529.6,24,509878.2
72,8,36,702113.4,37,698075.8,36,726930.9,34,756184.4
72,9,80,1583238.9,80,1652300.3,77,1539189.3,80,1766128.4
72,10,18,377438.7,16,337717,18,413112.2,19,429358
72,25,5,88492.6,5,97287.6,5,81165,5,91947.7
72,31,8,178171.9,8,183126,7,194249.5,8,244784.9
72,32,2,44543,2,45781.5,2,55499.9,2,61196.2
72,40,15,356029.6,15,335704.8,17,393143.2,14.5,357404.4
72,41,69,1340294.4,61,1281825.7,56.5,1219415.9,65.5,1500480.5
72,42,76,1372276.9,85.5,1596179.2,85.5,1756461.1,76,1749366.6
72,43,39,834501.6,33,738550.6,41,1019926.3,49,1214953.5
72,44,7,139193.5,9,184095.6,9,209677.7,9,224840.4
72,46,,,,,2,46595,4,99929.1
72,47,4,79539.2,4,81820.3,,,2,49964.5
72,48,2,39769.6,2,40910.1,,,,
72,49,4,79123.8,4,91005.6,5,118877.2,7,173434.1
72,55,2,39697.7,2,44278.7,2,46156.1,2,48339.1
72,60,2,39697.7,2,44278.7,2,46156.1,2,48339.1
72,65,4,89535.6,2,45309.1,2,48590.9,2,49209.4
72,66,6,134303.3,4,90618.2,8,194363.4,9,221442.3
72,72,8,212249.2,9,246707.5,9,263719.4,6,197290.4
72,73,13,344904.9,18,493415.1,18,527438.9,20,657634.8
72,74,26,739867.3,31,912485.6,32,1035491.2,44,1452523.7
72,75,15,426846.5,16,470960.3,31,813420.8,42,1141988.7
72,76,19,540672.3,15,441525.3,13,341111.9,18,518476.5
72,77,,,,,4,104957.5,,
72,79,28.5,675421.1,29.5,750785.2,28,749075,29,804100.3
72,80,28,663571.6,26,661709,23,615311.6,23,637734.7
72,83,40,820157.3,44,928161.9,46,953174,44,1015492.4
72,84,58,1142369,51,1013669.3,51,1054026.4,52,1082344.7
72,85,75,1544649.3,72,1580253.7,80,1756385.6,80.5,1953343.7
72,86,154,2990541.3,143.5,2887477.6,127.5,2446560.9,134,2743851.3
72,87,288.5,4287147.6,272,4307459.5,275.5,4501542.6,243,4217839
72,88,87,2034513.2,84,1837266.6,85.5,1865077.3,83,1964735.5
72,89,74,1479073,76.5,1655325.6,79,1872956.6,83,2006985.3
72,90,5,99242.5,4,89947.1,11.5,271093.7,5,120088.4
72,91,12,238182,9.5,213624.5,12,282880.4,10,240176.8
72,92,49,1159990.3,45,1105662,53,1261731.8,43,1051729.8
72,93,54,1323827.9,54.5,1264339.2,52.5,1278505.5,54.5,1429825.6
72,94,14,286340,13,280624.6,13,301665.6,11,282580.8
72,95,27,623911.8,29,707282,33,741004.7,29,676352.4
72,96,81,1767534.7,71,1628892.7,64.5,1603275.9,68,1765885.2
72,97,38,819833,39,948494.4,38,1058180.8,44,1294344.9
72,98,70,1499184.1,78,1741550.2,84.5,2032003.7,88,2275747.8
72,99,56,1211243.6,66,1249123.1,70,1455109.4,72.5,1562286.1
72,107,,,,,,,5,108094.8
72,108,3,58644.8,3,64351.2,6,123264.4,6,129713.7
72,109,2,39096.5,2,42900.8,2,41088.1,2,43237.9
72,113,2,39096.5,2,42900.8,,,,
72,114,,,,,2,41043.1,2,34985.7
72,115,4,74596.2,4,74565.6,3,61564.7,3,52478.5
72,127,4,93404.8,4,95253.7,4,101108,4,108498.1
73,4,3,64952.8,4,88898.9,4,88417.8,4,92339
73,5,2,43301.9,,,4,88417.8,7,161593.3
73,6,46,852203.3,45,893096.2,43,997489.3,45,1119882.1
73,7,55,1080664.2,53,1123236.1,54,1181431.1,43,1044575.2
73,8,21,454669.6,22,488943.8,27,596819.8,30,692542.6
73,9,50,1030951.7,51,1052263.2,52,1101282.1,58.5,1274282.3
73,23,2,40539,2,41732.2,,,,
73,24,,,,,2,32466,2,36779.1
73,25,1,17698.5,1,19457.5,,,,
73,34,4,75667.8,4,82350.9,2,45259.7,5.5,125101.3
73,40,33.5,795132.8,28.5,637839.2,33.5,774723.4,29.5,727133
73,41,53.5,1086749.7,55,1215448.8,54,1196347.9,57.5,1329422.3
73,42,39,845968.6,37.5,868079.3,35.5,809760.4,36,769559.6
73,43,93,1650980.3,87,1642139.8,90,1892385,85,1866013.3
73,44,39,733376.5,41,854172.8,49,1010891.8,49,1059627.1
73,46,4,79539.2,4,81820.3,3,69892.6,3,74946.8
73,48,4,79539.2,4,81820.3,4,93190.1,3,74946.8
73,60,1,19848.9,3,66418.1,3,69234.1,3,72508.6
73,65,2,44767.8,2,45309.1,2,48590.9,2,49209.4
73,66,8,179071.1,7,158581.8,7,170068,7,172232.9
73,67,1,22383.9,1,22654.5,1,24295.4,1,24604.7
73,72,6,159186.9,,,9,263719.4,8,263053.9
73,73,16,424498.3,19,520827,13,380928.1,8,263053.9
73,74,28,796780.2,24,706440.5,27.5,721583,28.5,820921.2
73,75,9,256107.9,19.5,573982.9,23,603505.8,26,748910.6
73,76,18,512215.8,19,559265.4,24,629745.1,21,604889.3
73,79,4,94795.9,6.5,165427.2,5.5,147139.7,7,194093.2
73,80,1,23699,1,25450.3,1,26752.7,1,27727.6
73,81,38,901501,40,1015390.2,39,1053987.6,34,992603.6
73,82,22,583590.9,20,528243.2,19,480588.9,18,499096.7
73,83,65.5,1251737.6,69,1368355.7,61,1262773.8,57,1270518
73,84,50,1235027.5,53,1357425,48,1244572.1,44,1129061.1
73,85,68,1291459.6,65.5,1258438.1,64.5,1377118.4,64.5,1338534.5
73,86,11,223002,11,197426.1,10,210655,10,212407.4
73,87,63,1239476.7,69,1410702.4,73,1371416.7,69,1360411.5
73,88,130.5,2543394.2,117.5,2393172.4,127,2749457.5,118.5,2668498.7
73,89,49,1049320.9,47.5,1023917.3,49.5,1139460.1,48.5,1244945.7
73,90,4,79394,3,67460.4,4,94293.5,2,48035.4
73,91,,,53,730318.1,50.5,798368.4,48.5,816260.3
73,92,68,1332077.3,62,1312570,62,1318286.1,62,1446058.2
73,93,103,1902789.7,113.5,2130942.1,100.5,2066746.9,99.5,2091722.8
73,94,9,184075.7,7,151105.6,9,208845.4,9,231202.5
73,95,21,429510,16,345384.2,15,348075.7,13,333959.1
73,96,20,409057.2,21,453316.7,12,278460.6,13,333959.1
73,97,41,753204.7,40,747601.9,40,738807.7,36.5,683283.9
73,98,65,1272533.2,68,1307671.5,62,1358320.8,63,1476717.5
73,99,55,1152109.6,57,1224476.9,58,1290227.8,64,1378980.8
73,107,13,254127.6,11,235954.4,15.5,318432.9,15.5,335093.8
73,108,2,39096.5,2,42900.8,2,41088.1,2,43237.9
73,114,4,74596.2,8,149131.1,8,164172.5,8,139942.7
73,115,13,242437.8,11,205055.3,9,184694.1,7,122449.9
73,120,5,93245.3,5,98317.3,3,66856.9,3,69638
74,5,48,964648.4,53,1060694.4,57,1266526.6,78,1918667
74,6,81,1500835.3,75,1475295.3,80,1648636.6,67,1455724.9
74,7,80,1426620.4,77.5,1405885.6,81.5,1615741.9,81.5,1659109.7
74,8,49.5,972709.8,47.5,916099,46.5,970578.6,40,769848.3
74,13,32,671002.1,33.5,707095,33.5,768847.6,34.5,753014.6
74,22,4,81078,2,41732.2,2,42613,2,48953.4
74,23,5,101347.5,5,104330.6,5,106532.4,5,122383.5
74,24,4,70794.1,4,77830,3,48699,3,55168.6
74,32,2,44543,2,45781.5,4,110999.7,4,122392.4
74,40,18,427235.5,19,425226.1,28,647530,26,640863
74,41,13,308559,15,335704.8,14,323765,10,246485.8
74,42,46,878937.7,54.5,1096394.7,55.5,1273416.7,60.5,1252235.4
74,43,66,1401675.7,61,1284587.2,52.5,1169817.8,51.5,1190841.8
74,44,54,1051496.9,49,950932.8,51,1088018.1,48,1052649.1
74,45,7,139193.5,7,143185.5,7,163082.6,4,99929.1
74,46,5,99424,5,102275.3,6,139785.1,5,124911.4
74,60,6,119093.2,6,132836.1,5,115390.2,3,72508.6
74,70,3,79593.4,3,82235.8,4,117208.6,4,131527
74,71,5,132655.7,5,137059.7,5,146510.8,6,197290.4
74,72,3,79593.4,2,54823.9,2,58604.3,2,65763.5
74,73,2,53062.3,2,54823.9,2,58604.3,2,65763.5
74,74,22,626041.6,21,618135.4,20,524787.6,27,777714.8
74,75,7,199195,6,176610.1,6,157436.3,8,230434
74,76,1,28456.4,1,29435,1,26239.4,1,28804.3
74,77,6,170738.6,6,176610.1,6,157436.3,6,172825.5
74,78,3,85369.3,3,88305.1,3,78718.1,3,86412.8
74,79,26,400671.8,27,508005.2,21,437518.8,20,554551.9
74,80,36,903161.5,30,659676.4,34,876552.1,33,963803.1
74,81,103.5,2040914.4,97.5,1988937,98.5,2137378.8,99.5,2246141.7
74,82,89,1880088.5,80,1790828.6,85.5,2060573.7,78.5,1965730
74,83,96.5,2199697.8,104,2479428.5,102,2419856.1,86,2337380.5
74,84,70,1522291.8,65,1372066.2,64,1437342.9,69.5,1520592.5
74,85,46,1130575.8,52,1309078.1,50,1298266.2,50,1338193.6
74,86,34.5,768863.9,40,888326.7,38,897906.3,31,826046
74,87,27,547368.5,31,556382.7,26,547703,29,615981.3
74,88,75,1564641.4,74,1600861.1,78,1734171.4,90,2242950.8
74,89,75,1828594.7,82,2084800.1,72,1860007.6,71,2015980
74,90,10,198485,10,224867.9,7,165013.5,10,240176.8
74,92,30,579972.5,30,548398,21,409954,31.5,638339.2
74,93,46.5,985909.8,38.5,885465.1,40,945108.6,39,993310.8
74,94,65,1304455,59,1315107.1,57,1276511,62,1498813.3
74,95,,,,,2,46410.1,,
74,96,11,224981.5,12,259038.1,14,324870.7,11,282580.8
74,97,6,122717.2,5,107932.6,9,208845.4,11,282580.8
74,98,10,204528.6,10,215865.1,9,208845.4,6,154135
74,99,5,114312.3,11,246314.1,11,263951,11,285021.2
74,101,3,68587.4,2,44784.4,2,47991.1,2,51822
74,108,2,39096.5,2,42900.8,2,41088.1,2,43237.9
74,109,4,78193.1,6,128702.4,6,123264.4,6,129713.7
74,114,2,37298.1,2,37282.8,2,41043.1,2,34985.7
74,115,6,111894.4,4,74565.6,4,82086.3,4,69971.4
74,117,,,,,1,20521.6,,
74,120,4,74596.2,4,78653.9,4,89142.5,4,92850.7
75,2,6,111695.1,6,126504.4,11,262336.3,12,290396.7
75,4,4,86603.7,4,88898.9,3,66313.3,3,69254.3
75,5,40,770571.4,44.5,886885.5,35,781105.8,34,744116
75,6,49,1000531,53,1098558.2,52,1080599.8,46,1033282.3
75,7,48,914314.8,47,873590.1,42,860442.1,45.5,995367.9
75,8,45,872571.2,47,901287,47.5,995464.8,51,1110574.5
75,12,15,314532.2,13,274395.1,12,275408.1,11,248575.7
75,13,17,356469.9,18,379931.6,18,413112.2,20,451955.8
75,16,,,2,41732.2,2,42613,2,48953.4
75,17,8,162156,8,166928.9,8,170451.8,7,171336.9
75,26,3,53095.6,4,77830,5.5,89281.5,5,91947.7
75,27,,,2,38915,2,32466,2,36779.1
75,28,2,35397,2,38915,2,32466,2,36779.1
75,32,4,89085.9,4,91563,4,110999.7,4,122392.4
75,37,2,37833.9,2,41175.5,2,45259.7,2,45491.4
75,38,25,472924,25,514693.1,30,678895,32,727862.2
75,39,40,960921.8,34,867462.5,36,898132.3,34,817951.5
75,40,41,826100.1,38,855274.4,37,813032.2,39.5,931041.1
75,41,31,709598.3,43,917884.7,53,992632.6,52.5,1054299.4
75,42,67,1425629.1,70,1400826.2,69,1399098.8,75,1646924.2
75,43,62,1220243.4,64.5,1450932.6,50,1065234.2,54.5,1191776.7
75,44,100,2078701.6,103,2198828.8,105.5,2325875.1,97.5,2269183.8
75,45,85,1704315.9,82,1764124.2,81,1832492.7,77.5,1837088.7
75,46,6,119308.7,6,122730.4,10,232975.2,9,224840.4
75,48,2,39769.6,2,40910.1,2,46595,2,49964.5
75,57,14,277884,12.5,276741.9,9.5,219241.5,9.5,229610.6
75,60,2,39697.7,2,44278.7,2,46156.1,2,48339.1
75,61,2,39697.7,2,44278.7,2,46156.1,2,48339.1
75,67,4,89535.6,4,90618.2,4,97181.7,4,98418.8
75,73,3,79593.4,3,82235.8,4,117208.6,5,164408.7
75,74,5,142282.2,5,147175.1,8,209915,4,115217
75,77,8,227651.5,8,235480.2,8,209915,8,230434
75,78,56.5,1517228.1,56.5,1512192.1,56,1376935.3,58,1601000.7
75,79,27,639872.7,23,585357.9,33.5,808810.8,36,1009436.7
75,80,10,236989.9,8.5,216327.9,8.5,227397.8,12.5,346595
75,81,79,1884507.6,76,1908497.8,77.5,2064948.6,75,2067728.4
75,82,122,2904843.8,127,3119104,126,3137927.2,129,3497000
75,83,40,914168,40,930046,46,1081615.7,44,1112502.7
75,84,49,1205819.4,52,1271910.9,48,1191815.6,52,1358512.7
75,85,83,1802055.9,82,1787412.4,85,1934588.4,77,1873682.5
75,86,101.5,2118626.2,101.5,2177201.3,100,2284473.8,96.5,2351280.9
75,87,40.5,847089.7,33.5,726370.6,34.5,774360,40,889315.1
75,88,80,1901984.4,84,2010589.1,90,2238963.3,75,1968681.4
75,89,89,1921716.5,78,1691209.4,87.5,1976776.7,82,1822710.3
75,90,17,337424.5,17,382275.4,18,424320.5,18,432318.2
75,91,2,39697,2,44973.6,2,47146.7,1,24017.7
75,93,23,456515.5,22,494709.3,22,518614,20,480353.6
75,94,20,409057.2,19,410143.7,15,348075.7,17,436715.8
75,96,78,1564036.8,83,1816554.8,85,2102552.2,85,2222332.7
75,97,20,409057.2,18,388557.2,19,440895.9,22,565161.6
75,98,2,40905.7,2,43173,,,,
75,121,10,186490.6,13.5,265456.8,13.5,300855.8,11,255339.3
75,126,4,93404.8,4,95253.7,4,101108,2,54249
75,127,5,116756,2,47626.8,2,50554,2,54249
76,2,5,89963.3,5,113531.1,,,,
76,4,1,18869.2,2,37563.1,2,38758,2,41501.8
76,5,19,358514.3,14,262941.6,16,310063.8,18,373516.6
76,6,14,264168.4,13,244160,14,271305.9,12,249011.1
76,7,9,169822.6,9,169033.9,7,135652.9,7,145256.5
76,8,2,37738.3,2,37563.1,2,38758,2,41501.8
76,10,1,19605.6,1,17280.5,1,20217,1,21001.4
76,11,3,58816.7,3,51841.5,3,60651.1,1,21001.4
76,13,2,39211.2,2,34561,2,40434.1,2,42002.9
76,17,2,33889.3,,,,,,
76,24,3,60777.3,3,59389.3,4,90006.8,1,20488.2
76,27,4,81036.4,4,79185.8,6,135010.2,15.5,317567.1
76,28,,,18,356336.1,36,642939.2,63,1288272.6
76,33,1,23009.3,1,21768.9,1,20200.2,1,24476.3
76,38,38,855185.9,50,1157477.3,56,1253528.9,57,1405480.6
76,39,49.5,1000993.5,52.5,1091982.8,49.5,1111674,48,1189603.7
76,40,90,1695812.1,81,1796697.4,80,1723331,73.5,1788908.6
76,41,88,1595264.1,89,1698311,87,1853580.2,84,1775174.7
76,42,56,1148613,55,1150635,67,1440615,82,1763714.3
76,43,47,1030761.1,64,1390733.2,66,1497357.8,66,1482244.5
76,44,47,1124047.6,56,1476477.5,59,1579789.5,65,1807303.5
76,45,34,651923.2,51,1013487.7,47,955321.8,43.5,978612.5
76,46,1,22984.4,1,23441.6,,,1,24599.2
76,48,3,68953.3,2,46883.1,5,122213.3,5,122995.8
76,49,4,78557,4,82857.7,4,89466,5,106353.3
76,57,,,1,20562.8,1,24266,1,26452.2
76,61,3,72205.2,4,82251.1,4,97064.1,1,26452.2
76,66,1,18154.9,1,17064.7,1,17559.2,1,19986.6
76,73,7,145715.3,14,316338.7,12,290772.4,15,377486.4
76,74,7,178805.6,5,126614.2,5,137845.7,12,318082
76,75,6,153262,6,151937.1,6,165414.8,13,344588.9
76,77,2,51087.3,2,50645.7,2,55138.3,2,53013.7
76,78,25,638591.5,27,683716.8,23,634090.1,20,530136.7
76,79,45.5,963248.6,36,899690.7,37,997949.5,35,1001574.9
76,82,104,2472936.1,105,2491778.5,90,2248633.1,99,2525860.1
76,83,88,1779821.4,100,2134395.2,91.5,2101003.9,82.5,2109618.9
76,84,23,538874,16.5,391308.2,20,509807.3,22,543947.8
76,85,40,905154,46,785981.2,52,1088771,45.5,895382.8
76,86,34,620086.5,35,708585.9,33,719470.1,30,638151.1
76,87,30,600663.5,44.5,970103.9,47,1125689.3,61.5,1400482.4
76,88,66,1285019.6,62,1388828.5,71.5,1660321.3,73,1713522.5
76,89,119,2314608.7,105.5,2192087.9,114.5,2513188.4,109,2589914.9
76,90,38,812543.3,35,818228.6,41,942194,48,1208161
76,92,2,37774.1,2,41130.3,,,,
76,93,33,616399,35.5,753277.6,35,775362.9,36,843934.6
76,94,59,1437575,52,1243714.4,54,1336810.6,56,1481101.4
76,95,55,1121427.6,58,1219786.3,68,1520033.8,79.5,1791470.9
76,96,32,700098.8,32,704260.3,39,993795,41.5,992141.6
76,98,2,45904.4,2,50482.1,3,76923.6,3,81550.4
76,99,4,85283.1,4,86842,4.5,101232.1,3,67536.7
76,100,3,63962.3,2,43421,3,67488.1,3,67536.7
76,120,3,58174.6,5,99451,5,105698.4,2,46571.8
76,125,1,21766.1,1,25710.5,1,21739.8,,
77,1,5,89963.3,5,113531.1,4,97070.6,3,84163.2
77,3,5,89963.3,5,113531.1,6,145605.9,6,168326.3
77,11,7,137239,5,86402.5,5,101085.2,5,105007.2
77,24,3,60777.3,2,39592.9,2,45003.4,2,40976.4
77,25,2,40518.2,2,39592.9,2,45003.4,2,40976.4
77,27,29,587513.6,28,554300.5,26,585044.3,29,594157.8
77,28,31,532373.1,30,561855.4,41,917243.2,57,1305957.3
77,29,3,69027.9,3,65306.8,8,161601.8,4,97905.1
77,32,5,115046.5,5,108844.7,6,121201.4,4,97905.1
77,34,6,127869.8,6,126084,6,129043.2,6,135473.5
77,36,,,,,2,43014.4,2,45157.8
77,37,4,85246.5,4,84056,,,,
77,38,25,532790.8,26,592789.5,28,610454.1,31,806675.7
77,39,35,693608,37,777695.3,51,1254707.6,40,971793
77,40,63,1221865.2,56,1181484.3,64,1330257.1,65,1344460.6
77,41,29,496711.5,33,586787.5,39,682605,40,741633.7
77,42,71.5,1388388.1,79,1417429.6,73.5,1225005.8,76.5,1501158.1
77,43,36,820174.3,41,836683.7,45,1023347.5,41,1022777.2
77,44,35,785510.8,32,776897.1,31,756702.5,29,741296.7
77,45,23,528641.7,21,492273,23,562181.1,18.5,455084.3
77,47,1,22984.4,1,23441.6,1,24442.7,1,24599.2
77,61,3,72205.2,3,61688.3,3,72798.1,3,79356.5
77,63,4,96273.6,3,61688.3,3,72798.1,2,52904.3
77,66,5,90774.3,5,85323.4,5,87795.9,5,99933.2
77,67,,,,,2,35118.4,2,39973.3
77,68,2,36309.7,2,34129.4,,,,
77,70,3,62449.4,3,67786.9,3,72693.1,7,176160.3
77,72,4,83265.9,4,90382.5,2,48462.1,2,50331.5
77,73,10,208164.7,14,316338.7,14,339234.5,17,427817.9
77,75,,,,,,,2,53013.7
77,79,2,39760,2,44588.3,2,41341.3,2,47412.4
77,81,12,238559.9,13,289823.7,10,206706.4,9,213355.8
77,82,99,2204713.4,96,2156063.5,86,2130464.7,91,2360145.6
77,83,75,1635906.7,78,1874250.5,62,1603831,61,1698811.4
77,84,13,304581,12,284587.8,11,280394,23,550364.7
77,85,16,374868.9,16,379450.3,12,305884.4,115.5,1962395.7
77,86,,,2,47431.3,1,25490.4,1,23928.9
77,87,92,1727427.1,104,2031787.7,96,2063752.1,78.5,1726640.5
77,88,43.5,892242,51,1051744.3,62,1284406.5,58.5,1316447.6
77,89,55.5,1266476,63,1476883.8,56,1391858.2,51,1323630.1
77,90,65,1402872,63,1366943.3,62,1500721.3,66,1644142.4
77,91,2,37774.1,,,2,48913.3,8,199585.4
77,92,1,18887,1,20565.1,1,24456.6,,
77,93,9,169983.4,10,205651.3,10,244566.4,11,274429.9
77,94,53,1349506.8,50,1328524.3,58,1762577.5,57.5,1776482.4
77,95,83.5,2225014.2,88,2503308.1,86,2625121.8,77,2388844.8
77,96,70,1529382.6,64,1472507.6,67,1662840,61,1542703
77,97,,,,,,,3,81550.4
77,109,9,209266.1,8,183336.7,7,151418.8,7,175264.5
77,119,5,96957.6,5,99451,5,105698.4,4,93143.7
78,2,8,143941.3,8,181649.7,8,194141.3,8,224435.1
78,6,3,56607.5,2,37563.1,2,38758,2,41501.8
78,11,6,117633.5,6,103683,6,121302.2,6,126008.6
78,28,37,799449,40,856617.9,44,1037406.8,45,1145847.2
78,29,38,697742.3,36,715203.3,35,742217.4,37,778855.5
78,32,4,92037.2,6,130613.7,6,121201.4,5,122381.4
78,33,4,92037.2,5,108844.7,8,161601.8,8,195810.3
78,34,16,340986.1,20.5,430787.1,19,408636.9,22,496736.1
78,35,18,383609.3,15,315210.1,14,301100.9,16,361262.6
78,36,17.5,372953.5,20,420280.1,18,387129.7,17,383841.6
78,37,31,655619,19,399266.1,46.5,1057587.9,52.5,1194400.2
78,38,18,383609.3,47.5,924596.2,46.5,983825.6,53,1268780.5
78,39,17,317454.9,20,387680.7,21,407137.2,17,422505.8
78,40,3,56021.4,3,58152.1,3,58162.5,3,59122.5
78,41,67.5,1154875.7,66,1188294.7,71,1407561,84,1748434.8
78,42,47.5,786997.2,47.5,815091.5,56,1218069,50,1067393.8
78,43,55,1077694.9,54,1093346.2,63,1408227.4,62,1408150.9
78,44,31,674708.6,34,777810.3,40,961904.9,38,825034.2
78,45,8,183875.4,8,187532.6,11,268869.2,11,270590.7
78,46,5,114922.1,5,117207.8,4,97770.6,5,122995.8
78,60,2,48136.8,2,41125.5,2,48532.1,3,79356.5
78,61,7,168478.8,8,164502.2,7.5,181995.2,2,52904.3
78,68,2,36309.7,2,34129.4,2,35118.4,2,39973.3
78,71,4,83265.9,5,112978.1,5,121155.2,5,125828.8
78,72,1,20816.5,,,,,,
78,79,6,119279.9,6,133764.8,6,124023.8,6,142237.2
78,80,10,198799.9,4,89176.5,4,82682.6,3,71118.6
78,81,19,377719.8,24,597161.6,28,682980.2,36,1002060
78,82,62.5,1229828.8,65,1308621,67,1389291.4,60,1447807.8
78,83,57,1127066,51.5,1036820.2,77,1645014.6,68,1518066.4
78,84,7,164005.1,11,260872.1,41,1028095.4,51,1410466.3
78,85,8,187434.5,8,189725.2,11,280394,11,263217.9
78,89,7,132209.3,7,143955.9,1,24456.6,4,99792.7
78,90,23,434402,19,390737.4,17,415763,18,449067.2
78,91,12,226644.5,14,287911.8,40.5,739628.7,56,1199094.5
78,92,6,113322.3,6,123390.8,6,146739.9,6,149689.1
78,94,40,1013867.5,42,1170197.3,42,1059958.4,43,1274866.4
78,95,31.5,722994.4,23.5,593164.5,25.5,653850.6,24.5,665995.2
78,96,6,137713.2,4,100964.2,6,153847.2,6,163100.9
78,103,7,149245.5,3,65131.5,5,112480.1,5,112561.2
78,106,9,184088.2,10,192460.8,11,224637.3,7,160031.8
78,107,6,122725.5,5,96230.4,5,102107.8,9,205755.2
78,108,2,40908.5,2,38492.2,2,40843.1,2,45723.4
78,109,27,627798.3,31,710429.6,32,966853.3,31.5,1001013.2
78,110,18.5,430158.1,21,481258.7,17,367731.4,18,450680.2
78,112,6,139510.7,6,137502.5,1,21631.3,1,25037.8
78,115,6,138930.5,9,211553,8.5,203362.6,6,144009.2
78,120,4,77566.1,4,79560.8,4,84558.7,5,116429.6
78,123,1,19391.5,1,19890.2,,,,
78,124,3,65298.4,2,51421,4,86959.2,4,91686.8
79,15,,,,,4,92638.9,4,94834.8
79,24,,,,,4,90006.8,4,81952.8
79,25,,,3,59389.3,2,45003.4,2,40976.4
79,26,12,243109.1,12,237557.4,11,247518.7,11,225370.2
79,27,17,344404.5,21,415725.4,17.5,393779.8,13,266346.6
79,28,19,384922.7,20,395929,18,405030.6,31,711198.9
79,29,11,253102.2,11,239458.4,11,222202.5,13,318191.7
79,36,11.5,245083.7,14.5,304703.1,16.5,354868.9,19,428999.4
79,37,4,85246.5,8,168112.1,,,,
79,38,3,63934.9,3,63042,4,86028.8,5,112894.6
79,40,1,18673.8,1,19384,1,19387.5,1,19707.5
79,41,39,716703.9,46.5,947596.1,45,933033.3,40,903201.1
79,42,42,834560,36,816013.7,51,1048851.4,45.5,1031123.9
79,43,21,392150.1,21,407064.7,25,484687.2,20,394150.1
79,44,,,2,46883.1,4,97770.6,5,122995.8
79,45,18,413719.6,16,375065.1,17,415525.1,16,393586.4
79,47,1,22984.4,1,23441.6,1,24442.7,1,24599.2
79,48,2,45968.8,2,46883.1,2,48885.3,2,49198.3
79,57,8,192547.3,7,143939.4,7,169862.2,7,185165.2
79,66,3,54464.6,3,51194,3,52677.6,3,59959.9
79,68,7,127084,6,102388.1,7,122914.3,8,159893.1
79,71,4,83265.9,4,90382.5,3,72693.1,3,75497.3
79,72,3.5,72857.6,4,90382.5,5,121155.2,5,125828.8
79,78,3,76631,3,75968.5,3,82707.4,3,79520.5
79,80,,,16,356706.1,20,413412.8,22,521536.3
79,81,53.5,1332047.5,75.5,1810888.7,83.5,2246380.8,71.5,2110638
79,82,74,1811476.8,73,1822534.6,71.5,1776691.9,77.5,2003481.5
79,83,33,734759.5,40,877651.4,31,722979.3,33,870987.2
79,84,21,492015.4,16,379450.3,27.5,608724,27.5,682103.5
79,89,7,132209.3,7,143955.9,7,171196.5,7,174637.2
79,90,5,94435.2,4,82260.5,4,97826.6,4,99792.7
79,92,2,37774.1,2,41130.3,,,3,74844.5
79,93,7,132209.3,6,123390.8,2,48913.3,1,24948.2
79,97,2,45904.4,4,100964.2,2,51282.4,4,108733.9
79,100,3,63962.3,2,43421,2,44992,2,45024.5
79,103,8,170566.3,10,217105,12,269952.3,7,157585.7
79,104,3,61362.7,10,192460.8,7.5,153161.8,8.5,194324.3
79,109,22,511539.3,18,412507.5,15,324468.9,15.5,388085.7
79,110,37.5,780094.3,38,826617.2,46.5,1082793.8,56.5,1442427.8
79,111,,,3,68751.2,,,,
79,112,,,,,4,86525,4,100151.2
79,113,2,46503.6,2,45834.2,10.5,227128.2,8,200302.3
79,114,2,46310.2,3,70517.7,3,71775,1.5,36002.3
79,115,28,648342.6,30,642891.6,30,696446.3,31,726987.4
79,116,11,254706,12,282070.7,13,311025.1,13,312019.8
79,120,2,38783.1,2,39780.4,2,42279.4,2,46571.8
79,124,1,21766.1,1,25710.5,1,21739.8,1,22921.7
79,127,1,21766.1,1,25710.5,1,21739.8,3,68765.1
80,4,7,132084.2,7,131470.8,7,135652.9,7,145256.5
80,11,,,,,4.5,90976.7,4,84005.8
80,12,1,19605.6,1,17280.5,1,20217,1,21001.4
80,17,7,118612.4,7,124486.4,8,185277.9,5,118543.5
80,26,9,182331.8,10,197964.5,10,225017,9,184393.8
80,27,15,303886.4,16,316743.2,23,517539.1,21,430252.2
80,28,11,222850,30,535215.7,37.5,657208.4,37,710177.7
80,29,50,963768.7,41,850792.9,36,789737.4,38,919630.2
80,30,24,535879.1,21,536577.4,21,481371.8,23,539656.8
80,31,6,138055.7,6,130613.7,6,121201.4,5,122381.4
80,34,2,42623.3,2,42028,2,43014.4,2,45157.8
80,36,2,42623.3,1,21014,1,21507.2,1,22578.9
80,40,2,37347.6,3,58152.1,3,58162.5,14,275905.1
80,41,66,1273224.6,63,1312490.6,65.5,1483188.8,72.5,1711707.9
80,42,8,149390.5,8,155072.3,26,504074.6,25,492687.6
80,45,14.5,333274.1,21.5,503993.7,18,439967.8,18,442784.7
80,49,15,294588.6,15,310716.5,14.5,324314.2,9.5,202071.3
80,50,1,19639.2,1,20714.4,1,22366.5,1,21270.7
80,53,2,39278.5,2,41428.9,4,89466,,
80,55,,,,,3,72798.1,3,79356.5
80,57,1,24068.4,1,20562.8,1,24266,1,26452.2
80,59,1,24068.4,1,20562.8,1,24266,1,26452.2
80,64,2,36309.7,5,85323.4,2,35118.4,2.5,49966.6
80,67,8,145238.8,9,153582.1,6,105355.1,11,219853
80,68,3,54464.6,3,51194,3,52677.6,3,59959.9
80,81,41,944913.5,42,973811.6,38,1003221.8,36,1001436.7
80,82,67.5,1576856.5,66.5,1578832.2,58.5,1416711.8,63,1536932.6
80,85,4,93717.2,4,94862.6,4,101961.5,4,95715.6
80,93,,,,,2,48913.3,2,49896.4
80,97,6,137713.2,6,151446.2,5,128206,5,135917.4
80,101,5,106603.9,5,108552.5,5,112480.1,4,90049
80,104,4,81817,4,76984.3,4,81686.3,4,91446.7
80,110,5,116258.9,4,91668.3,3,64893.8,4,100151.2
80,111,2,46503.6,2,45834.2,2,43262.5,2,50075.6
80,114,34,787273.1,33,808147.2,32,765600.3,28,672042.7
80,115,30,721275.1,30,733593.5,29,755988.9,33,954523.4
80,116,10,231550.9,9,211553,17,406725.2,16,384024.4
80,119,,,,,1,21139.7,,
80,120,2,38783.1,4,79560.8,4,84558.7,6,139715.5
81,10,2,39211.2,3,51841.5,,,2,42002.9
81,11,8,156844.6,4.5,77762.2,4.5,90976.7,4.5,94506.5
81,14,4,67778.5,4,71135.1,4,92638.9,4,94834.8
81,25,2,39351.6,2,42889.7,2,46062.9,2,49004.7
81,27,33,649300.9,31,664790.7,24,552755.3,28,686065.1
81,28,89.5,1881166.2,87,1902313.5,96,2168368.3,86,2143003.4
81,29,59,1139926.9,52,955150.9,43,875084.1,42,867353
81,30,49.5,971730.9,51,1113633.8,45,1059556.7,59,1343202.7
81,31,18,415208.8,15,357081.4,15,373256.1,14,352529.8
81,40,2,44418.8,2,45540.8,2,44956.7,2,45095.9
81,41,4,88837.5,4,91081.6,5,112391.9,5,112739.7
81,44,19,373145.6,20.5,424645.8,19,424963.5,20,425413.2
81,45,14,274949.4,18,372859.8,17,380230.5,21,446683.9
81,46,5,98196.2,5,103572.2,6,134199,9,191435.9
81,47,3,58917.7,2,41428.9,1,22366.5,4,85082.6
81,52,2,39278.5,2,41428.9,2,44733,2,42541.3
81,54,2,48136.8,2,41125.5,2,48532.1,,
81,55,4.5,108307.8,4,82251.1,,,,
81,59,1,17360.7,,,2,39921,2,52904.3
81,67,1,17359.5,1,20535,1,18328.3,,
81,69,4,69438,4,82140,4,73313.3,3,59959.9
81,70,1,17359.5,1,20535,1,18328.3,1,19986.6
81,71,2,34719,2,41070,2,36656.6,2,39973.3
81,80,,,10,194967.8,43.5,911218.1,47.5,1100278.3
81,81,30,597152.9,28,596445.1,28.5,615533.3,29,704015.5
81,82,23,447072.5,22,428929.1,20,431410.4,18,417706.9
81,83,8,155503.5,11,214464.5,6,129423.1,9.5,220456.4
81,92,2,40570.2,,,,,,
81,109,8,163634,9,173214.7,8,163372.5,8,182893.5
81,110,3,61362.7,3,57738.2,3,61264.7,3,68585.1
81,114,9,181133.4,9,193882.9,9,199995.6,9,206785.1
81,115,11,221385.2,13,280053.1,19,422212.9,24,551426.8
81,116,,,7,150797.8,9,199995.6,8,183808.9
81,117,1,20125.9,1,21542.5,1,22221.7,1,22976.1
81,118,7,140881.5,7,150797.8,8,177773.9,7,160832.8
81,122,2,38783.1,1,19890.2,1,21139.7,,
81,125,5,108830.6,5,128552.4,5,129756,5,124966.9
82,15,8,135557.1,7,124486.4,7,162118.1,7,165960.9
82,27,20.5,403353.6,21,450342.1,20.5,472145.1,21,514548.8
82,28,36,735300.2,29,594949.9,29,649371.7,28,633158.5
82,29,38,785926.1,42,935340.4,38,879890.6,36.5,839945.6
82,30,52,1077647.9,55,1319017.6,66,1437972.6,76.5,1799597.6
82,31,2,46134.3,2,47610.9,2,49767.5,2,50361.4
82,35,2,36963.1,2,38139,2,41895.5,1,22352.7
82,36,6,110889.3,1,19069.5,5,104738.8,5,111763.4
82,37,2,36963.1,2,38139,2,41895.5,2,44705.4
82,38,3,55444.7,3,57208.6,3,62843.3,3,67058
82,39,10,222093.8,10,227704.1,11,247262.1,9,202931.4
82,40,2,44418.8,2,45540.8,2,44956.7,3,67643.8
82,43,11,244303.1,10,227704.1,12,269740.5,15,338219
82,44,,,,,,,5,106353.3
82,47,3,58917.7,7,145001,6,134199,8,170165.3
82,68,3,52078.5,3,61605,3,54985,2,39973.3
82,69,1,17359.5,,,3.5,64149.1,5,99933.2
82,74,3,76631,3,75968.5,3,82707.4,2,53013.7
82,75,1,25543.7,1,25322.8,1,27569.1,1,26506.8
82,80,10,194379.3,16,311948.4,38,914204,37,938340.4
82,81,72,1525765.2,71,1522461.2,66,1484493.1,72.5,1706264
82,82,11,213817.3,13,253458.1,9,194134.7,10,232059.4
82,83,2,38875.9,2,38993.6,2,43141,2,46411.9
82,87,1,20285.1,,,1,21548.5,6,132259.3
82,88,5,101425.6,6,116539.8,6,129291.2,6,132259.3
82,89,1,20285.1,1,19423.3,,,2,44086.4
82,93,3,60855.4,3,58269.9,4,86194.1,4,88172.9
82,94,2,34048.3,2,37279.1,4,76768.3,4,90049
82,95,7,119169.2,6,111837.3,6,115152.5,5,112561.2
82,104,15.5,347079.3,18.5,422750.8,16.5,381011.6,17,435228.7
82,105,16,358275.4,19,434176.5,16,369465.8,16.5,422427.8
82,108,5,111961.1,4,91405.6,5,115458.1,8,204813.5
82,109,4,81817,4,76984.3,4,81686.3,5,114308.4
82,110,2,40908.5,2,38492.2,2,40843.1,2,45723.4
82,115,22,442770.5,21,452393.5,18.5,411102,29,716330.4
82,116,20,402518.6,20,430851,20,444434.6,18,413570.1
82,117,6,120755.6,6,129255.3,4,88886.9,4,91904.5
82,118,19,406194.7,22,517028.4,18,457753.6,17.5,492380.3
82,119,13,252089.9,13,258572.7,12,253676.1,12,279431.1
82,120,11,213306.8,13,258572.7,15,317095.2,14.5,337645.9
82,121,4,77566.1,4,79560.8,3,63419,3,69857.8
82,123,3,58174.6,3,59670.6,3,63419,3,69857.8
83,0,7,148807.8,7,150392.2,7,188227.7,7,186938.4
83,13,4,78422.3,3,51841.5,3,60651.1,3,63004.3
83,14,8,135557.1,8,142270.1,6,138958.4,7,165960.9
83,17,11,186391,11,195621.4,3,69479.2,7,165960.9
83,27,15,295136.8,13,278783.2,12,276377.6,11,269525.6
83,28,67,1392961.5,60,1222070,67,1509848.3,58,1300641.8
83,29,29,680894.7,30,815666.1,32,953748.3,31,957565
83,30,2,46134.3,2,47610.9,2,49767.5,2,50361.4
83,35,3,55444.7,3,57208.6,3,62843.3,3,67058
83,36,2,36963.1,1,19069.5,,,3,67058
83,37,13,240260.2,13,247903.7,7,146634.3,6,134116.1
83,38,9,166334,11,209764.7,15,314216.3,20.5,458229.9
83,40,2,44418.8,2,45540.8,2,44956.7,4,90191.7
83,48,4,78557,4,82857.7,4,89466,4,85082.6
83,54,,,,,,,2,52904.3
83,59,9,156246,9,185065,6,119762.9,6,158713
83,60,1,17360.7,1,20562.8,1,19960.5,4,105808.7
83,62,3,52082,2,41125.5,2,39921,,
83,63,2,34721.3,2,41125.5,2,39921,2,52904.3
83,64,,,3.5,71872.5,2,36656.6,4.5,89939.9
83,69,2,34719,2,41070,2,36656.6,2,39973.3
83,74,4,102174.6,3,75968.5,4,110276.5,4,106027.3
83,75,5,127718.3,5,126614.2,5,137845.7,5,132534.2
83,76,1,25543.7,1,25322.8,1,27569.1,1,26506.8
83,80,8,155503.5,8,155974.2,3,64711.6,3,69617.8
83,81,5,97189.7,5,97483.9,5,107852.6,5,116029.7
83,83,5,97189.7,3,58490.3,3,64711.6,2,46411.9
83,84,2,40570.2,2,38846.6,2,43097.1,2,44086.4
83,95,5,85120.8,6,111837.3,2,38384.2,3,67536.7
83,105,4,89568.8,4,91405.6,18,415649,17,435228.7
83,106,13,291098.7,10.5,239939.6,30,692748.3,28,716847.2
83,107,10,223922.1,9.5,217088.2,10.5,242461.9,17.5,448029.5
83,108,13,291098.7,14,319919.5,15.5,357920,14,358423.6
83,115,21,422644.5,21,452393.5,24,533321.6,26,597379.1
83,116,60.5,1376195.9,60.5,1465435.2,52,1160355.5,53.5,1404120.7
83,117,36,697598.5,34,641047.8,42,874859.9,41,888709.1
83,118,13,261637.1,11,236968,12,266660.8,16.5,379105.9
83,119,3,58174.6,4,79560.8,4,84558.7,4,93143.7
84,0,4,85033,4,85938.4,4,107558.7,4,106822
84,13,6,117633.5,6,103683,6,121302.2,5,105007.2
84,14,5,84723.2,7,124486.4,13,301076.5,16.5,391193.5
84,27,14,275461,11,235893.5,7,161220.3,10,245023.3
84,28,4,78703.1,4,85779.4,4,92125.9,4,98009.3
84,29,23,530544.6,21,499914,25,622093.5,23,579156.1
84,36,4,73926.2,4,76278.1,5,104738.8,5,111763.4
84,37,,,,,3,62843.3,3,67058
84,44,1,19639.2,1,20714.4,,,,
84,48,4,78557,4,82857.7,1,22366.5,1,21270.7
84,49,2,39278.5,3,62143.3,2,44733,1,21270.7
84,54,,,,,,,1,26452.2
84,57,2,48136.8,2,41125.5,3,72798.1,4,105808.7
84,60,2,34721.3,2,41125.5,1,19960.5,1,26452.2
84,64,6,104157,6,123210,6,109969.9,6,119919.8
84,70,,,3,61605,,,,
84,79,2,38875.9,3,58490.3,7,150993.6,11,255265.3
84,80,5,97189.7,5,97483.9,5,107852.6,5,116029.7
84,81,5,97189.7,5,97483.9,4,86282.1,6,139235.6
84,91,2,40570.2,9,174809.7,9,193936.7,9,198389
84,93,6,121710.7,6,116539.8,6,129291.2,5,110216.1
84,98,4,68096.7,4,74558.2,4,76768.3,4,90049
84,102,5,85120.8,4,74558.2,8,153536.6,7,157585.7
84,103,5,85120.8,5,93197.7,4,76768.3,4,90049
84,105,7,156745.5,5,114257,6,138549.7,7,179211.8
84,106,28,663753.8,34,804911.9,32,865273.4,35,884471.1
84,107,27.5,573627.5,28.5,627516.7,28,642429.9,31.5,858585.7
84,108,3,67176.6,2,45702.8,2,46183.2,2,51203.4
84,114,14,281763,14,301595.7,12,266660.8,12,275713.4
84,115,17,342140.8,19,409308.4,12,266660.8,15,344641.8
84,116,,,,,3.5,77776.1,3.5,80416.4
84,117,2,40251.9,2,43085.1,2,44443.5,2,45952.2
84,124,2,43532.3,2,51421,1,25951.2,1,24993.4
84,125,3,65298.4,3,77131.4,4,103804.8,,
84,126,5,108830.6,5,128552.4,2,51902.4,1,24993.4
84,127,3,65298.4,3,77131.4,3,77853.6,1,24993.4
85,1,13,276357.3,8,171876.8,14,376455.3,13,347171.4
85,3,2,42516.5,2,42969.2,,,,
85,12,6.5,127436.3,6.5,112323.2,6.5,131410.7,5.5,115507.9
85,14,7.5,127084.8,13.5,240080.8,12.5,289496.7,19.5,462319.6
85,19,7,118612.4,7,124486.4,6,138958.4,6,142252.2
85,27,4,78703.1,4,85779.4,4,92125.9,4,98009.3
85,44,2,39278.5,2,41428.9,2,44733,2,42541.3
85,48,6,117835.5,5,103572.2,3,67099.5,5,106353.3
85,59,5,86803.3,4,82251.1,4,79841.9,4,105808.7
85,60,2,34721.3,2,41125.5,2,39921,2,52904.3
85,69,3,52078.5,3,61605,1,18328.3,1,19986.6
85,79,9,174941.4,8,155974.2,8,172564.2,4,92823.8
85,81,3,58313.8,3,58490.3,4,86282.1,3,69617.8
85,82,10,194379.3,8,155974.2,11,237275.7,11,255265.3
85,88,6,121710.7,6,116539.8,6,129291.2,5,110216.1
85,91,6,121710.7,4,77693.2,6,129291.2,8,176345.8
85,92,1,20285.1,2,38846.6,2,43097.1,2,44086.4
85,93,3,60855.4,4,77693.2,3,64645.6,6,132259.3
85,103,2,34048.3,2,37279.1,2,38384.2,2,45024.5
85,106,2,44784.4,3,68554.2,4,92366.4,4,102406.7
85,107,7,156745.5,5,114257,13,300190.9,13,332821.9
85,108,18,403059.8,19,434176.5,18,415649,22,563237.1
85,109,,,,,2,40843.1,2,45723.4
85,111,,,,,,,3,68585.1
85,112,2,40908.5,2,38492.2,2,40843.1,,
85,116,1,20125.9,1,21542.5,1,22221.7,2,45952.2
85,122,2,38783.1,2,39780.4,,,,
85,123,6,116349.2,6,119341.2,9,190257.1,10,232859.2
85,124,11,239427.4,9,231394.3,9,233560.8,12,299920.5
85,125,2,43532.3,,,1,25951.2,1,24993.4
86,0,12,241415.6,24,545844.9,22,476928.9,37,869284
86,2,12,241415.6,8,187056.4,10,240764.7,13,350974.4
86,6,2,43357.5,3,69031.3,3,72473.1,3,66550.8
86,24,2,47914.5,2,48738.7,2,48712.7,2,49955.4
86,29,8,172160.8,9,198970.5,10,237537.7,8,177626.7
86,30,1,21520.1,1,22107.8,1,23753.8,1,22203.3
86,38,2,38097.7,2,36665,2,39592.3,2,44885.2
86,43,1,19048.9,1,18332.5,,,2,44885.2
86,47,3,62467.7,3,71224.8,2,48732.8,2,52633
86,50,5,104112.8,,,4,97465.6,4,105266
86,74,4,80733.3,3,51939.7,3,68381.5,3,67400.2
86,75,4,80733.3,4,69253,4,91175.3,4,89867
86,82,5,100916.6,5,113648,5,113969.1,4,89867
86,84,6,146933,6,158822.7,6,159637.4,6,160463.8
86,85,1,24488.8,1,26470.5,1,26606.2,1,26744
86,88,5,122444.2,5,132352.3,5,133031.2,5,133719.8
86,97,4,84064.2,4,83209.6,4,82150.6,,
86,107,1,21402.8,1,22374.5,,,,
86,108,3,64208.3,3,67123.4,3,68115.2,5,116215.2
86,109,23,518063.9,22.5,543241.9,21,475635.9,19,439611.7
86,110,5,112622.6,2,48288.2,2,45298.7,2,46274.9
86,111,,,,,2,45298.7,,
86,112,8,180196.1,8,193152.7,21,475635.9,19,439611.7
86,113,48,971212.3,61,1326944.6,50,1112269.1,51,1193742.1
86,114,9,200178,10,236349.3,11.5,300046,10.5,273154.3
87,1,3,60353.9,14.5,339039.6,17,409300,15,404970.4
87,7,6,130072.4,1,23010.4,6,144946.2,6,133101.6
87,16,7,139574.5,5,100910.4,4,85852.4,7,150892
87,24,18,431230.6,16,389909.7,19,462770.6,23,574487.6
87,30,4,86080.4,4,88431.3,4,95015.1,4,88813.4
87,34,3,57146.6,3,54997.5,3,59388.4,3,67327.8
87,43,6,114293.2,5,91662.5,5,98980.7,3,67327.8
87,44,2,41645.1,2,47483.2,2,48732.8,2,52633
87,45,1,20822.6,1,23741.6,1,24366.4,1,26316.5
87,47,2,41645.1,2,47483.2,2,48732.8,2,52633
87,48,1,20822.6,1,23741.6,,,,
87,70,7,151446.1,7,150143.4,7,140517.3,7,156516.5
87,75,2,40366.6,2,34626.5,2,45587.6,2,44933.5
87,81,2,40366.6,2,45459.2,2,45587.6,2,44933.5
87,83,6,121099.9,9,204566.4,11,250732.1,10,224667.4
87,94,6,126096.3,3,62407.2,,,2,46615
87,95,4,84064.2,3,62407.2,3,61613,3,69922.6
87,108,5,107013.9,7,156621.2,7,158935.5,7,162701.3
87,109,3,67573.6,3,72432.3,13.5,305765.9,48,1118304.4
87,110,93,1783691.5,90.5,1742573.6,87.5,1826294.6,78,1703220.7
87,111,35,692748.1,35,708951.5,39,867813.4,38,856850.1
87,112,43,834196.7,42,868715.4,33.5,658538.2,36,782933.9
87,113,31,606545,32.5,640729.1,34,716825.7,29,625881.2
87,114,18,400356,19,449063.7,19,495728.2,19,494279.2
87,121,1,17625.3,1,23634.9,1,16396.1,1,26014.7
88,3,18,362123.4,18,420876.8,17,409300,18,485964.5
88,16,3,59817.6,3,60546.2,3,64389.3,3,64668
88,30,8,172160.8,8,176862.7,8,190030.2,8,177626.7
88,31,10.5,225961,13.5,298455.8,8,190030.2,11,244236.8
88,33,10,215201,7,154754.9,10,237537.7,11,244236.8
88,34,2,38097.7,4,73330,2.5,49490.4,1.5,33663.9
88,44,2,41645.1,2,47483.2,2,48732.8,2,52633
88,54,4,82149.8,6,140713.3,4,109138.4,5,134301.2
88,55,3,61612.4,3,70356.7,5,136423,4,107440.9
88,60,12,246449.5,11,257974.5,13,354699.7,12,322322.8
88,71,4,86540.6,4,85796.2,4,80295.6,4,89438
88,78,,,,,2,45587.6,1,22466.7
88,79,4,80733.3,2,45459.2,,,,
88,83,3,60550,3,68188.8,3,68381.5,2,44933.5
88,88,1,24488.8,1,26470.5,1,26606.2,1,26744
88,89,2,48977.7,2,52940.9,2,53212.5,2,53487.9
88,94,2,42032.1,2,41604.8,5,102688.3,8,186460.1
88,103,4,84064.2,4,83209.6,,,,
88,108,7,149819.4,8,178995.6,6,136230.5,7,162701.3
88,109,14,315343.3,14,338017.2,32.5,819925.5,41,1027806.9
88,110,32,582695.8,36,704236.7,39.5,900454.5,51.5,1113741.3
88,111,39,728480.8,44,859178.6,44,872885.7,40,863189.6
88,112,72,1316825.4,60,1297373,64,1292590.6,77,1663623.2
88,113,73,1665289.9,72,1818966.9,69,1829155.3,68,1933245.2
88,114,24,533808,23,543603.4,20,521819.1,19,494279.2
88,115,1,22242,1,23634.9,,,,
88,122,6,105752,7,165444.5,7,114773,8,208117.5
88,123,1,17625.3,1,23634.9,1,16396.1,1,26014.7
89,4,5,108393.7,4,92041.8,5,120788.5,5,110918
89,6,3,65036.2,3,69031.3,3,72473.1,3,66550.8
89,10,,,,,,,1,22183.6
89,11,5,108393.7,5,115052.2,5,120788.5,5,110918
89,12,3,65036.2,3,69031.3,3,72473.1,2,44367.2
89,28,3,71871.8,3,73108.1,2,48712.7,2,49955.4
89,29,,,,,,,1,22203.3
89,30,3.5,75320.3,3,66323.5,4,95015.1,4,88813.4
89,31,29,611118.2,35,774995.8,39,914637.4,43,990761.5
89,32,14,301281.4,12,265294,13,308799,11,244236.8
89,34,4,76195.5,2,36665,3,59388.4,4,89770.4
89,45,2,41645.1,2,47483.2,2,48732.8,2,52633
89,48,,,1,23741.6,1,24366.4,,
89,49,1,20822.6,2,47483.2,2,48732.8,2,52633
89,54,1,20537.5,1,23452.2,1,27284.6,1,26860.2
89,57,4,82149.8,4,93808.9,5,136423,2,53720.5
89,58,1,20537.5,,,,,1,26860.2
89,72,8,173081.3,8,171592.5,8,160591.3,8,178876
89,77,4,80733.3,4,69253,4,91175.3,2.5,56166.9
89,80,1,20183.3,1,22729.6,1,22793.8,1,22466.7
89,88,2,48977.7,1,26470.5,1,26606.2,1,26744
89,89,,,,,3,79818.7,3,80231.9
89,93,4,97955.3,4,105881.8,4,106424.9,4,106975.8
89,95,1,21016.1,4,83209.6,,,,
89,96,8,168128.4,9,187221.7,9,184838.9,9,209767.7
89,104,2,42805.6,2,44748.9,4,90820.3,4,92972.2
89,107,11,235430.5,9,201370.1,8,181640.6,8,185944.3
89,108,14,299638.9,14,313242.3,13,295166,14,325402.6
89,111,6,135147.1,2,48288.2,,,,
89,112,62,1316887.9,54,1220901.8,64,1546386.7,64.5,1605092.7
89,113,31,742192.7,29,723752.3,29,791315.3,29,891090.5
89,114,31,756473.1,33,831405.2,27,753567.5,26,766938
89,115,52.5,1090807.4,60,1217775.8,58,1252561.1,52,1279367.7
89,116,37,812528.1,35,795902.9,42,1004532.4,41,1041723.7
89,117,18,400356,19,449063.7,15,391364.3,15,390220.4
89,122,2,35250.7,2,47269.9,2,32792.3,4,104058.8
89,123,1,17625.3,,,1,16396.1,1,26014.7
90,6,1,21678.7,1,23010.4,,,,
90,11,7,151751.1,7,161073.1,10,241577,9,199652.5
90,24,5,119786.3,4,97477.4,5,121781.7,3,74933.2
90,30,1,21520.1,1,22107.8,,,,
90,31,29,555042.4,29,567700.2,37,782421.2,32.5,739259.8
90,32,12,258241.2,13,287401.9,11,261291.5,16,355253.5
90,39,2,38097.7,2,36665,2,39592.3,2,44885.2
90,44,3,62467.7,3,71224.8,2,48732.8,4,105266
90,55,4,82149.8,7,164165.6,7,190992.1,6,161161.4
90,95,1,21016.1,1,20802.4,1,20537.7,1,23307.5
90,98,2,42032.1,2,41604.8,2,41075.3,3,69922.6
90,107,3,64208.3,3,67123.4,3,68115.2,3,69729.1
90,108,2,42805.6,2,44748.9,2,45410.2,2,46486.1
90,111,19,427965.8,22,531169.9,22,536814.2,22,609448.7
90,112,131,2377453.1,127.5,2376562,104.5,2195554.4,111.5,2420418
90,113,54,1226667.6,51,1166886.6,57,1308108.2,53,1292470.3
90,114,59,1172894.9,55.5,1139287,59,1348666,62.5,1632146.6
90,115,88,1771675.3,89,1874730.8,79.5,1680598,82,1899487.2
90,116,76,1596541.9,72.5,1541478.1,92.5,1923574.6,95.5,2126138.4
90,117,71,1239821.7,72,1391677.8,51,1148487.1,49.5,1225862.6
90,122,3,52876,3,70904.8,3,49188.4,3,78044.1
91,0,2,43183,2,48141.8,1,24456.7,4,108331.1
91,2,4,86365.9,4,96283.6,4,97826.6,3,81248.3
91,5,2,43357.5,2,46020.9,2,48315.4,4,88734.4
91,7,2,43357.5,2,46020.9,2,48315.4,2,44367.2
91,20,6,119635.3,8,161456.6,8,171704.8,8,172448
91,21,,,1,20182.1,1,21463.1,2,43112
91,30,3,50643.6,3,55545.4,2,38798.2,2,46933
91,31,30.5,514877.1,36,666545,28,543174.8,20,469330.3
91,32,3,50643.6,4,74060.6,4,77596.4,8,187732.1
91,40,1,19048.9,1,18332.5,1,19796.1,1,22442.6
91,43,6,114293.2,3,54997.5,3,59388.4,3,67327.8
91,44,5,92510.2,5,103189,5,107296.8,5,113397.5
91,64,2,43270.3,2,42898.1,6,120443.4,7,156516.5
91,77,4,80733.3,4,69253,,,4,89867
91,99,3,52472.3,3,59547.4,2,41075.3,6,139845.1
91,103,,,,,,,1,23307.5
91,104,,,2,44748.9,1,22705.1,,
91,105,2,42805.6,2,44748.9,2,45410.2,2,46486.1
91,110,5,107161.1,4,90558.1,4,91922.5,3,83160.7
91,111,79,1471515.2,81.5,1562348.9,74,1496722,73,1600373.1
91,112,39,592541.3,45,721093.2,33,618857.3,33.5,674393.4
91,113,26,520529.4,24,454723.9,25,462314.7,22.5,449706.8
91,114,54.5,1232582.7,53,1265066.8,57,1324457.1,49,1316820.6
91,115,72,1336042.1,81,1583796.1,82,1615476.5,80,1707886.8
91,116,61,1238833.4,97,1966446.9,102,2140199,93.5,2177731.4
91,117,12,232277.4,26.5,486516.6,33,769542.2,37.5,892369.6
91,120,4,70501.4,1,23634.9,5,81980.7,4,104058.8
91,121,2,35250.7,2,47269.9,2,32792.3,2,52029.4
91,127,2,45764.2,2,50095.9,2,46423.4,2,49527.2
92,7,2,43357.5,2,46020.9,2,48315.4,2,44367.2
92,22,8,159513.7,8,161456.6,8,171704.8,8,172448
92,23,1,19939.2,1,20182.1,1,21463.1,1,21556
92,26,2,47914.5,2,48738.7,2,48712.7,2,49955.4
92,27,1,23957.3,,,,,4,99910.9
92,54,6,123224.7,4,93808.9,4,109138.4,4,107440.9
92,56,6,123224.7,4,93808.9,2,54569.2,3,80580.7
92,60,5,102687.3,5,117261.1,4,109138.4,3,80580.7
92,75,4,80733.3,4,69253,3,68381.5,4,89867
92,76,1,20183.3,1,17313.2,1,22793.8,1,22466.7
92,89,3,54346.3,3,67851.4,3,64115.6,3,65473.5
92,98,4,69237.3,4,85426.9,4,83043.5,4,93999.9
92,99,,,1,19849.1,1,20537.7,,
92,102,3,52472.3,4,79396.5,4,82150.6,4,93230.1
92,104,2,42805.6,4,89497.8,4,90820.3,4,92972.2
92,105,,,,,,,2,46486.1
92,110,13,278618.8,13,294314,15,344709.3,17,471244.2
92,111,34,685352.3,33,722486.4,30,651508.7,41,1028568.9
92,112,41,628565,47,840293.2,43,898279.5,40,890589
92,113,46,1125438,44,1132197.6,42.5,1114600.1,40.5,1076329
92,114,69,1397495,67.5,1419168.5,61.5,1348390,64,1548133.3
92,115,85.5,1881327.8,82,1849051.7,86.5,2055101.2,87.5,2238214.9
92,116,28,558731.9,24,551377.8,37,816213.2,47,1112553.7
92,117,8,154851.6,14,257027.7,14,259532.3,18,390528.7
92,127,4,91528.4,4,100191.9,4,92846.9,3,74290.8
93,0,4,86365.9,4,96283.6,4,97826.6,1,27082.8
93,1,1,21591.5,1,24070.9,1,24456.7,1,27082.8
93,4,2,43357.5,2,46020.9,2,48315.4,2,44367.2
93,6,4,86714.9,4,92041.8,6,144946.2,7,155285.3
93,34,3,57146.6,3,54997.5,1,19796.1,2,44885.2
93,49,,,3,71224.8,7,170564.8,6,157898.9
93,50,5,104112.8,4,94966.5,1,24366.4,1,26316.5
93,65,2,43270.3,2,42898.1,2,40147.8,2,44719
93,75,3,60550,2,34626.5,2,45587.6,3,67400.2
93,85,5,122444.2,5,132352.3,5,133031.2,5,133719.8
93,86,,,,,2,53212.5,2,53487.9
93,89,1,18115.4,1,22617.1,1,21371.9,1,21824.5
93,93,1,18115.4,2,45234.3,1,21371.9,1,21824.5
93,101,3,52472.3,3,59547.4,3,61613,3,69922.6
93,102,7,122435.4,2,39698.2,4,82150.6,6,139845.1
93,109,9.5,203606.1,9.5,215075.6,9.5,218315.9,8.5,235622.1
93,110,28,600102.1,27,478757,26,520199.6,24,503693.7
93,111,15,321483.3,14,316953.5,12,275767.4,11,304922.7
93,112,94,1876721.5,96,1928094.6,94,1918054.7,94.5,1982504.8
93,113,43,815545.4,42,808214.6,48,984653.6,54,1117532.1
93,114,96,1867395,81,1734243.4,92,2031723,97.5,2206814.8
93,115,61,1162597.2,69,1412225.7,70,1444914.4,128,2833727.6
93,116,68,1398047.2,83,1783480.6,105,2302900.1,114,2594604.1
93,118,6,116138.7,6,110154.7,5,92690.1,5,108480.2
93,119,2,35250.7,2,47269.9,2,32792.3,2,52029.4
94,7,1,21678.7,1,23010.4,1,24157.7,1,22183.6
94,21,4,79756.9,5,100910.4,5,107315.5,4,86224
94,33,4,67524.9,4,74060.6,4,77596.4,,
94,34,,,,,,,4,89770.4
94,43,1,19048.9,1,18332.5,1,19796.1,3,67327.8
94,44,10,185020.5,12,247653.7,15,321890.4,13,294833.4
94,46,2,37004.1,2,41275.6,2,42918.7,2,45359
94,47,2,37004.1,2,41275.6,2,42918.7,2,45359
94,48,3,55506.1,3,61913.4,3,64378.1,4,90718
94,61,4,82149.8,4,93808.9,3,81853.8,3,80580.7
94,63,1,20537.5,2,46904.4,2,54569.2,2,53720.5
94,85,3,73466.5,2,52940.9,2,53212.5,1,26744
94,86,1,24488.8,2,52940.9,2,53212.5,4,106975.8
94,87,2,48977.7,2,52940.9,2,53212.5,1,26744
94,93,63,1454581.5,58,1427861.7,54.5,1371221.9,58.5,1496604
94,94,7,121165.2,8,170853.9,6,124565.2,6,140999.8
94,95,9,155783.9,9,192210.6,9,186847.9,9,211499.7
94,98,3,51928,3,64070.2,4,83043.5,4,93999.9
94,101,24,419778.7,24,476378.9,23,472366,23,536072.9
94,102,14,244870.9,11,218340.3,10,205376.5,11,256382.7
94,105,18,385250,18,402740.1,19,431396.5,14,325402.6
94,110,2,42864.4,2,45279.1,6,137883.7,4,110881
94,111,17,364347.7,16,362232.6,14,321728.6,14,388083.5
94,112,9,192890,9,203755.8,16,367689.9,10,277202.5
94,113,26,557237.7,30,721372.7,28,654085.3,27,645606.2
94,114,65,1466809.3,65,1637239.6,61,1590069.1,60,1613607.9
94,115,16.5,319381.5,27,495696.2,31,676711.2,32,734498
94,116,23,445198.4,29,653709.7,37,845919.3,37,890761.3
94,118,13,251633.9,17,312105,12,222456.3,13,282048.5
94,120,1,17625.3,1,23634.9,1,16396.1,,
94,122,1,17625.3,,,,,,
94,124,,,1,25048,1,23211.7,1,24763.6
95,2,8,172731.9,8,192567.1,9,220109.9,6,162496.7
95,5,4,86714.9,5,115052.2,5,120788.5,5,110918
95,14,1,19939.2,1,20182.1,1,21463.1,1,21556
95,24,3,71871.8,1,24369.4,1,24356.3,,
95,27,,,2,48738.7,2,48712.7,2,49955.4
95,33,,,,,2,38798.2,2,46933
95,47,3,55506.1,6,123826.8,4,85837.4,5,113397.5
95,48,8,148016.4,8,165102.5,7,150215.5,8,181436
95,49,2,41645.1,2,47483.2,2,48732.8,2,52633
95,61,1,20537.5,1,23452.2,,,,
95,63,3,61612.4,4,93808.9,5,136423,5,134301.2
95,64,2,43270.3,2,42898.1,2,40147.8,2,44719
95,67,2,43270.3,2,42898.1,2,40147.8,2,44719
95,74,,,5,86566.2,,,,
95,93,25,452885.9,23,520194.1,33,705271.5,27,589261.5
95,94,43,868860.6,43,865143.2,47,931881.1,50,1144661.9
95,95,21,363495.7,19,405778,25,519021.9,27,634499
95,101,,,,,1,20537.7,1,23307.5
95,102,3,52472.3,3,59547.4,3,61613,3,69922.6
95,109,4,85728.9,3,67918.6,7.5,172354.6,3,83160.7
95,110,10,214322.2,11,249034.9,11,252786.8,13,360363.2
95,111,4,85728.9,3,67918.6,3,68941.9,2,55440.5
95,112,9,192890,7,158476.8,11,252786.8,15,415803.7
96,2,3,64493.9,3,67047.6,3,65571.1,2,46214
96,12,1,23134.6,,,,,,
96,13,3,69403.8,3,76938.5,1,26032.8,1,22566.9
96,29,1,18515.5,1,17328.7,1,22294.4,1,22325.9
96,30,11,203670.2,9,155958.5,10,222944.3,10,223259.2
96,31,2,37030.9,2,34657.4,4,89177.7,4,89303.7
96,36,3,46297.1,1.5,27306.5,,,,
96,37,3,46297.1,4,72817.3,10.5,205593.7,8.5,161110.5
96,44,1,19234,1,19983.3,2,41272.9,2,46280.6
96,48,3,57702.1,3,59950,2,41272.9,2,46280.6
96,60,3,53773.6,4,80707.1,3,61375.6,2,41456.1
96,61,,,,,1,20458.5,1,20728
96,64,3,55393.8,3,62478.9,3,69424.6,3,73286
96,70,2,36929.2,2,41652.6,4,92566.2,1,24428.7
96,74,3,57101.4,4,90346.2,4,84945.6,4,92917.2
96,75,3,57101.4,3,67759.6,3,63709.2,2,46458.6
96,92,6,112004.4,6,123861.1,2,44574.5,2,47788.8
96,93,42,921105.5,36,832079.5,38,846915.4,38,907987.1
96,94,51.5,969340.5,51,986876.2,60.5,1199877.2,58,1217043.5
96,95,34.5,681923.1,31.5,724686.3,34,888720.5,31,832107.9
96,108,,,,,,,1,24382.9
96,109,6.5,141560.9,5.5,122142,3.5,84510.9,3,77897.3
96,115,,,,,,,4,89372.6
96,116,,,,,,,1,22343.1
96,121,2,45622.4,2,45283.2,2,49104.7,2,45740.2
96,122,3,68433.6,3,67924.8,3,73657.1,3,68610.4
96,126,2,32999.8,2,33427.2,2,37790.4,2,37121.7
97,0,3,64493.9,5,111746.1,7,152999.3,11.5,265730.4
97,1,6,128987.7,6,134095.3,6,131142.2,4,92428
97,2,8,171983.6,7,156444.5,8,174856.3,7,161748.9
97,3,14,300971.3,15,335238.2,20,437140.8,32,733455.9
97,5,8,156459.2,8,164025.1,9,210652.2,10,253508.1
97,6,5,97787,5,102515.7,5,117029,6,152104.8
97,8,6,117344.4,6,123018.8,5,117029,4,101403.2
97,10,7,161942.3,7,179523.2,7,182229.7,8,180534.8
97,16,2,43444.9,2,43979.3,,,5,132028.2
97,17,14,304114.3,13,285865.2,6,168354.6,7,184839.5
97,18,4,86889.8,3,65968.9,3,84177.3,4.5,118825.4
97,23,1,21722.5,1,21989.6,,,1,26405.6
97,37,12,185188.3,9,163838.9,7,137062.5,10,189541.7
97,57,4,81479.3,4,86264.6,4,80107.5,4,82912.2
97,59,28,501886.8,29.5,595215.1,25,511463.5,29.5,706852.7
97,60,12,215094.3,15,302651.7,13,265961,9,186552.4
97,71,10.5,193878.2,5,104131.5,5,115707.7,4,97714.6
97,87,2,37334.8,2,41287,2,40615.9,1,24463.2
97,88,3,56002.2,3,61930.6,2,40615.9,2,48926.4
97,92,4,74669.6,5,103217.6,6,133723.5,6,143366.4
97,94,9,177893,8,184047.3,10,234691,10,234455.1
97,95,10,197658.9,14,322082.8,16,375505.6,21,492355.8
97,97,2,39531.8,2,46011.8,2,46938.2,2,46891
97,108,4,74174.5,4,82218,3,61326.9,3,73148.6
97,111,2,43557.2,2,44415.3,,,2,51931.5
97,112,8,174228.8,10,222076.4,12,289751.8,12,311589.1
97,127,4,65999.7,3,50140.8,2,37790.4,4.5,83523.7
98,0,47.5,1031388.2,54.5,1222941.5,59.5,1345814.5,83.5,1963654.8
98,1,31,544596.9,30,547223.1,23,502711.9,25,577674.7
98,2,18,386963.1,20,446984.3,22,480854.9,24.5,566121.2
98,3,43,809201.3,66.5,1268503.2,80.5,1795544.1,97,2320174
98,4,13,254246.1,12,246037.6,15,351086.9,19,481665.3
98,5,5,97787,5,102515.7,4,93623.2,4,101403.2
98,6,11,215131.4,13,266540.8,12,280869.5,11,278858.9
98,20,2,43444.9,2,43979.3,2,56118.2,2,52811.3
98,27,5,85447.1,4,75192.3,,,,
98,29,4,74061.9,4,69314.9,5,111472.2,5,111629.6
98,32,4,74061.9,4,69314.9,4,89177.7,4,89303.7
98,43,2,30864.7,2,36408.6,2,39160.7,2,37908.3
98,55,4,81479.3,4,86264.6,2,40053.7,2,41456.1
98,58,4,81479.3,3,64698.4,2,40053.7,2,41456.1
98,59,,,2,40353.6,,,,
98,64,3,55393.8,2,41652.6,3,69424.6,2,48857.3
98,78,5,95169,4,90346.2,3,63709.2,3,69687.9
98,90,2,37334.8,2,41287,2,44574.5,2,47788.8
98,111,6,130671.6,6,133245.8,13,313897.8,10,259657.6
98,112,44,901576.9,45,961543.4,45,1032233.3,42,1009271.8
98,113,24,522686.5,22,488568,19,458773.7,24,623178.1
98,114,4,85877.2,5,114204.5,2,46814.8,2,44686.3
98,120,4,91244.7,4,90566.4,1,24552.4,,
98,121,,,,,2,49104.7,2,45740.2
98,127,4,65999.7,10,167136,9,170056.7,6,111365
99,0,73,1324043.2,86,1706923.9,99,2115746,112,2462427.2
99,1,32,588525.3,33,708592.7,36,814051,34,920215.3
99,2,62,1114282.1,68,1316123.4,58,1238201.4,54.5,1187021.8
99,3,39,845759.9,40,906932.3,42,1023227.3,41,993839.8
99,4,88,1509098.2,82,1514881.4,84.5,1702889.2,86.5,1788105.3
99,5,8,156459.2,9,184528.2,6,140434.8,8,202806.5
99,6,61,1298061.9,59,1333991,68,1467673.3,68,1820244.3
99,7,34,808059.3,34,871075.4,32,748985.4,30,760524.2
99,12,6,138807.7,3,76938.5,6,156196.9,6,135401.1
99,27,11,187983.6,7,131586.5,6,106270.7,9,201899.8
99,31,6,111092.8,6,103972.3,6,133766.6,6,133955.5
99,53,2,38468.1,,,3,61909.4,1,23140.3
99,57,1,20369.8,1,21566.1,1,20026.9,1,20728
99,58,4,81479.3,4,86264.6,4,80107.5,2,41456.1
99,60,5,89622.6,5,100883.9,5,102292.7,5,103640.2
99,78,11,209371.8,12,271038.5,9,191127.5,10,232292.9
99,80,4,76135.2,4,90346.2,4,84945.6,4,92917.2
99,90,5,93337,5,103217.6,6.5,144867.1,5,119472
99,94,2,39531.8,2,46011.8,4,93876.4,4,93782.1
99,103,2,35474.4,2,40412,2,42914.1,2,44705.8
99,110,,,,,,,3,77897.3
99,111,43,912156.6,42,896873,50,1150913.7,48.5,1128192.7
99,112,7,152450.2,7,155453.4,7,169021.9,7,181760.3
99,113,49.5,1033706.4,47.5,1033606.2,51.5,1149947.1,60,1405806.7
99,114,31,665548.3,33,692451.6,34,795851.5,29,647951.3
99,116,4,85877.2,4,91363.6,3,70222.2,3,67029.4
99,120,20,456223.7,20,452832.2,17.5,429666.1,19.5,445967.4
99,121,8,182489.5,5,113208,4,98209.4,3,68610.4
99,125,15,247498.8,17,284131.2,11,207847,11,204169.1
100,0,2,42995.9,2,44698.4,2,43714.1,2,46214
100,1,14,300971.3,23,480517.7,19,415283.8,19,439032.8
100,2,79.5,1377647.5,74.5,1350762.5,79,1500322.6,101,2027874.4
100,3,29.5,687261.3,31,748018.6,28,632845,30,774006.7
100,4,69.5,1157950.7,50,958776.5,66.5,1367038.6,68.5,1458867.4
100,5,59.5,1017123.4,59.5,1101589,48,985485.5,57.5,1216941.4
100,6,36,768139.5,37,902755.5,37,911558.6,34,818095
100,19,2,43444.9,3,65968.9,4,112236.4,4,105622.5
100,26,6,102536.5,9,169182.6,5,88558.9,4,89733.2
100,27,,,,,4,70847.1,4,89733.2
100,32,3,55546.4,3,51986.2,3,66883.3,2,44651.8
100,33,1.5,27773.2,2.5,43321.8,2,44588.9,5,111629.6
100,34,8.5,131175,4,72817.3,8,156642.8,7,132679.2
100,44,15,288510.6,14,279766.6,9,185728.2,10,231403
100,61,3,53773.6,1,20176.8,1,20458.5,1,20728
100,64,,,,,1,23141.5,2,48857.3
100,74,3,57101.4,4,90346.2,3,63709.2,4,92917.2
100,76,4,76135.2,5,112932.7,3,63709.2,3,69687.9
100,85,1,18667.4,1,20643.5,1,20308,5,122315.9
100,94,2,39531.8,2,46011.8,2,46938.2,2,46891
100,97,10,197658.9,8,184047.3,8,187752.8,6,140673.1
100,103,4,70948.7,4,80824.1,4,85828.2,4,89411.5
100,111,26,657179.7,27,722564.3,28,702526.2,23,605317.4
100,112,11,239564.7,9,199868.7,11,265605.8,11,285623.3
100,113,12,261343.3,12,266491.6,11,265605.8,26,675109.7
100,114,19,407916.7,21,479659.1,17,397925.7,32,786612.1
100,120,3,68433.6,7,158491.3,5,122761.8,6,137220.7
100,121,7,159678.3,5,113208,5,122761.8,6,137220.7
100,125,5,82499.6,5,83568,4,75580.7,3,55682.5
101,0,45,1077334.5,50,1100998.8,53,1218784.3,49.5,1231350.5
101,1,87,1637276.4,88.5,1756171,79.5,1615982.2,79,1727422.5
101,2,57,1097725.5,57,1105107.2,70,1448518.7,64,1382726.4
101,3,57,1208807.9,50,1037502.9,56,1210418.2,57,1290415
101,4,82,1731762.8,82.5,1601953.7,77,1564993,76,1598980.3
101,5,55,1209057.5,54,1266724.5,53.5,1485657.8,49.5,1455445.1
101,6,46,1101193.3,45,1073228.9,45,1072797.9,44,1188902.9
101,12,2,46269.2,2,51292.3,2,52065.6,2,45133.7
101,18,2,43444.9,2,43979.3,2,56118.2,2,52811.3
101,23,2,43444.9,,,3,84177.3,2,52811.3
101,31,1,17089.4,1,18798.1,1,17711.8,1,22433.3
101,43,2,30864.7,,,5,97901.8,5,94770.9
101,44,13,231071.9,10,192157.6,11,212742.5,10,225207.2
101,63,8,162958.6,8,155200.8,14,316714.7,16,378504.6
101,64,2,36929.2,1,20826.3,,,,
101,76,5,95169,5.5,124226,4.5,95563.8,6,139375.8
101,81,1,19033.8,4,90346.2,3.5,74327.4,3.5,81302.5
101,82,4,76135.2,2,45173.1,2,42472.8,2,46458.6
101,85,2,37334.8,2,41287,2,40615.9,2,48926.4
101,95,3,53211.6,3,60618,3,64371.1,3,67058.7
101,96,8,141897.5,11,222266.2,12,257484.6,14,312940.4
101,99,2,35474.4,2,40412,3,64371.1,3,67058.7
101,100,2,35474.4,3,60618,3,64371.1,1,22352.9
101,106,4,74174.5,5,102772.5,5,102211.5,2,48765.7
101,107,9,166892.7,10,205544.9,10,204423,9,219445.7
101,110,,,3,64913.5,,,,
101,111,41,912490.1,41,1070439.6,48,1259886,46,1308119.1
101,114,6,125944.2,5,109707.2,3,64249.1,5,115102.4
101,120,4,83962.8,7,153590,6,128498.3,1,23020.5
101,121,29.5,619225.6,27.5,603389.5,25.5,546117.6,26.5,610042.7
101,122,,,,,1,21416.4,,
102,0,125,2149154.9,119,1980968.9,131,2340402.9,150,2727624.6
102,1,94,1685973,87,1668309.7,92,1736633.2,86,1755693.7
102,2,107,1801780,103,1781381.9,96,1776711.2,100,1798977.9
102,3,78,1629753.3,71,1478033.7,72,1504296.1,69,1496639.7
102,4,91,1705425.9,87,1696304.1,86.5,1796834.8,74.5,1624843.2
102,5,28,665015.9,29,641456.2,27,705532.2,21,580371.1
102,6,40,889153.8,46,1059310.6,50,1178204.5,60,1503918.7
102,7,5,118752.8,8,200137.2,9,223135.2,8,221093.8
102,8,4,95002.3,4,100068.6,4,99171.2,4,110546.9
102,12,2,46269.2,2,51292.3,2,52065.6,4,90267.4
102,21,2,43444.9,2,43979.3,2,56118.2,3.5,92419.7
102,29,2,34178.8,2,37596.1,2,35423.6,2,44866.6
102,32,4,68357.7,4,75192.3,4,70847.1,4,89733.2
102,33,4,68357.7,2,37596.1,1,17711.8,1,22433.3
102,42,2,30864.7,1,18204.3,1,19580.4,1,18954.2
102,54,1,20369.8,,,2,40053.7,2,41456.1
102,56,1,20369.8,1,21566.1,1,20026.9,1,20728
102,59,6,122219,6,116400.6,4,90489.9,4.5,106454.4
102,60,3,61109.5,5,97000.5,6,135734.9,6,141939.2
102,62,8,162958.6,2,38800.2,2,45245,3,70969.6
102,63,8,162958.6,12,232801.1,8,180979.8,6,141939.2
102,79,2,38067.6,2,45173.1,,,,
102,95,2,35474.4,2,40412,2,42914.1,2,44705.8
102,100,3,53211.6,2,40412,2,42914.1,2,44705.8
102,105,8,148349.1,8,164435.9,8.5,173759.6,6.5,158488.6
102,106,4,74174.5,3,61663.5,2,40884.6,2,48765.7
102,107,13,241067.3,15,308317.4,13,265749.9,15,365742.8
102,109,6,130215.4,9.5,205559.6,5,119825,7,175807
102,110,17,368943.5,20,432756.9,19,455334.9,18.5,464632.9
102,111,13,282133.3,13,281292,13,311545,11,276268.2
102,112,6,130215.4,7,151464.9,6,143790,6,150691.8
102,121,2,41981.4,2,43882.9,2,42832.8,,
103,0,85.5,1645842.4,79,1725991.4,74,1554958,68.5,1519263.9
103,1,77.5,1520752.3,96.5,1895606.8,105.5,2050440.4,108.5,2350883.8
103,2,53.5,1051046.4,60,1190529,47.5,1043358.1,47,1112872.8
103,3,45,1003240.1,49.5,1133999.3,46,1185179.8,39,1167621.4
103,4,20,475011.4,18,450308.7,20,495855.9,12,331640.6
103,6,6,142503.4,6,150102.9,6,148756.8,5,138183.6
103,7,1,23750.6,1,25017.2,1,24792.8,1,27636.7
103,10,,,,,1,26032.8,1,22566.9
103,11,5,115673.1,7,179523.2,6,156196.9,7,157968
103,12,3,69403.8,4,102584.7,5,130164.1,3,67700.6
103,16,,,2,43979.3,,,,
103,21,2.5,54306.1,2.5,54974.1,2.5,70147.8,2.5,66014.1
103,25,,,4,75192.3,3,53135.3,3,67299.9
103,33,,,,,,,6,134599.9
103,34,5,77161.8,6,109225.9,,,,
103,36,1,15432.4,3,54613,9,176223.2,9,170587.6
103,42,2,30864.7,2,36408.6,2,39160.7,2,37908.3
103,45,3,53324.3,2,38431.5,2,38680.4,1,22520.7
103,46,10,177747.6,5,96078.8,2.5,48350.6,2.5,56301.8
103,49,2,38468.1,2,39966.7,2,41272.9,2,46280.6
103,50,6,115404.3,6,119900,6,123818.8,6,138841.8
103,51,2,38468.1,2,39966.7,2,41272.9,2,46280.6
103,57,,,1,21566.1,5,100134.4,,
103,58,3,61109.5,2,43132.3,3,60080.6,3,62184.1
103,62,10,203698.3,9,174600.9,8,180979.8,8,189252.3
103,63,4,81479.3,6,116400.6,7,158357.3,8,189252.3
103,65,2,36929.2,2,41652.6,3,69424.6,3,73286
103,68,8,147716.7,8,166610.3,6,138849.3,6,146572
103,72,5,109529.7,4,87039.7,1,22206.1,1,23489
103,75,5,95169,5,112932.7,5,106182,5,116146.5
103,78,3,57101.4,4,90346.2,2,42472.8,3,69687.9
103,112,,,,,3,71895,,
103,124,12,224854.1,14,280452.1,15,316052.6,15,347956.3
104,0,15,295476.5,15,317571.8,11,239441.1,12,281776
104,1,33,760374.7,30,705145.5,32,785151.8,32.5,854902.7
104,2,39,839281.4,36.5,797341.9,44,956357.6,42.5,981611.1
104,3,5,98492.2,,,2,43534.7,5,117406.6
104,4,5,118752.8,5,125085.8,5,123964,5,138183.6
104,7,2,47501.1,2,50034.3,1,24792.8,1,27636.7
104,15,,,,,1,28059.1,1,26405.6
104,16,8,173779.6,6,131937.8,8,224472.8,8,211245.1
104,20,5,108612.3,,,,,5,132028.2
104,21,2,43444.9,2,43979.3,2,56118.2,2,52811.3
104,32,2,34178.8,2,37596.1,6,106270.7,6,134599.9
104,44,,,1,19215.8,4,77360.9,,
104,45,24,426594.3,22,422746.6,15,290103.4,21,472935.2
104,46,26,462143.8,22,422746.6,25,483505.6,24,540497.3
104,47,17,302170.9,16,307452.1,21,406144.7,19,427893.7
104,48,22.5,399932.1,29.5,566864.8,21.5,415814.8,26.5,596799.1
104,49,8.5,163489.4,8.5,169858.3,5.5,113500.6,4.5,104131.4
104,52,4,76936.2,4,79933.3,4,82545.9,4,92561.2
104,54,4,81479.3,5,107830.7,4.5,90120.9,2.5,51820.1
104,57,1,20369.8,1,21566.1,1,20026.9,1,20728
104,64,3,55393.8,3,62478.9,3,69424.6,3,73286
104,65,10,184645.9,10,208262.9,9,208273.9,9,219857.9
104,68,,,2,41652.6,2,46283.1,2,48857.3
104,69,2,43811.9,,,2,44412.2,2,46978.1
104,73,17,372401,14,304638.9,11,244267.2,12.5,293613.1
104,84,3,56002.2,2,41287,4,81231.8,4,97852.7
104,95,2,35474.4,2,40412,3,64371.1,4,89411.5
104,110,1,21702.6,1,21637.8,4,95860,5,125576.5
104,112,,,,,,,8,200922.3
104,113,4,86810.2,4,86551.4,3,71895,2,50230.6
104,119,3,62972.1,3,65824.3,1,21416.4,1,23020.5
104,120,2,41981.4,4,87765.7,6,128498.3,5,115102.4
104,124,13,243592,13,260419.8,14,294982.4,13,301562.1
104,125,1,18737.8,1,20032.3,1,21070.2,1,23197.1
105,0,1,19698.4,1,21171.5,,,,
105,1,11,216682.8,10,211714.5,13,282975.9,11,258294.6
105,2,38,722756.3,33,636692.4,35,719536.4,32,833253.1
105,3,,,2,42342.9,2,43534.7,2,46962.7
105,8,2,47501.1,2,50034.3,2,49585.6,3,82910.2
105,9,1,23134.6,1,25646.2,1,26032.8,1,22566.9
105,10,,,,,4,104131.2,4,90267.4
105,11,4,92538.5,4,102584.7,4,104131.2,4,90267.4
105,26,1,17089.4,,,,,,
105,27,,,,,,,1.5,33650
105,31,1,17089.4,3,56394.2,3,53135.3,3,67299.9
105,42,,,1,18204.3,1,19580.4,1,18954.2
105,43,2,30864.7,2,36408.6,2,39160.7,1,18954.2
105,45,2,35549.5,,,,,,
105,46,5,88873.8,6,115294.5,5,96701.1,5,112603.6
105,47,11,195522.4,21,403530.9,23,444825.2,25,563018
105,48,,,,,4,77360.9,4,90082.9
105,65,4,73858.4,4,83305.2,4,92566.2,4,97714.6
105,66,5,92322.9,8,166610.3,8,185132.3,8,195429.3
105,68,5,92322.9,2,41652.6,3,69424.6,4,97714.6
105,69,2,43811.9,5,108799.6,5,111030.6,5,117445.2
105,72,2,43811.9,2,43519.8,2,44412.2,2,46978.1
105,73,39,854331.8,41,892156.9,40,888244.5,45,1057007.2
105,75,5,95169,5,112932.7,5,106182,5,116146.5
105,78,,,,,1,21236.4,1,23229.3
105,82,5,95169,5,112932.7,4,84945.6,3,69687.9
105,84,,,,,5,101539.8,5,122315.9
105,85,3,56002.2,7,144504.6,1,20308,1,24463.2
105,88,,,3,61930.6,5,101539.8,3,73389.5
105,89,8,149339.2,5,103217.6,5,101539.8,6,146779.1
105,95,2,35474.4,2,40412,2,42914.1,2,44705.8
105,98,3,53211.6,3,60618,5,107285.2,5,111764.4
105,99,3,53211.6,3,60618,2,42914.1,2,44705.8
105,109,2,43405.1,4,86551.4,4,95860,4,100461.2
105,118,4,83962.8,4,87765.7,4,85665.5,4,92081.9
105,119,,,1,21941.4,1,21416.4,1,23020.5
105,124,4,74951.4,5,100161.5,3,63210.5,4,92788.3
105,125,,,3,60096.9,4,84280.7,4,92788.3
105,126,1,18737.8,2,40064.6,2,42140.3,2,46394.2
106,1,11,195341,10,221278.1,6,124409.7,8,197275
106,2,28,497231.7,30,572103.3,30,659127.7,29,740786.7
106,3,,,,,,,2,49318.7
106,10,3,48762.8,3,61267.3,3,55878.4,3,67147.5
106,11,3,48762.8,5,102112.1,2,37252.3,4,89529.9
106,35,5,87024.3,5,99526.8,5,99875.4,4,90062
106,47,4,82460.6,4,77482.9,4,80645.8,4,95796.7
106,48,10,206151.5,9,174336.6,11,221776,10,239491.7
106,63,12,216711.5,13,244997.1,12,248888.7,10,237255.3
106,66,1,19897.7,1,19829.7,1,22556.2,,
106,68,4,79591,4,79318.9,4,90224.8,4,88678.8
106,69,3,57709.4,,,2,44434.4,,
106,71,5,96182.4,4,83083.5,5,111086,5,114168.4
106,72,2,38473,2,41541.8,3,66651.6,2,45667.3
106,73,30,577094.3,30,623126.4,36,838205.8,35,896456.6
106,74,9,184892.2,10,217194.9,9,217506.6,14,344527.2
106,78,5,102717.9,5,108597.4,5,120837,5,123045.4
106,79,2,46031.8,2,49399.7,2,45868.5,5,116838.1
106,80,5,115079.5,4,98799.3,4,91736.9,6,140205.8
106,83,6,138095.4,6,148199,4,91736.9,3,70102.9
106,84,4,75122.5,2,39569.2,1,20585.2,1,21561.1
106,86,3,56341.9,2,39569.2,6,123511.4,3,64683.2
106,99,2,34237.6,2,37374.6,,,,
106,109,4,78047.7,4,82036.1,8,152682.3,8,165770.2
106,110,13,253655,12,246108.2,10,190852.9,2,41442.5
106,117,6,113601.3,6,112329.9,,,2,40789.6
106,125,5,111283.2,5,111441.6,6,136325.5,6,144340.6
106,126,,,,,3,68162.8,3,72170.3
107,2,27,498104.6,25,460244.2,25,518373.8,23,439208
107,3,4,71033.1,8,177022.5,7,145144.7,6,147956.2
107,12,3,48762.8,3,61267.3,7,130383,8,179059.9
107,28,,,3,71072.1,2,46297.6,,
107,33,2,44701.2,2,44810.8,2,48497.7,2,45829
107,39,5,87024.3,4,79621.4,4,79900.3,4,90062
107,41,2,34809.7,2,39810.7,7,139825.6,7,157608.4
107,50,3,61845.4,3,58112.2,3,60484.4,3,71847.5
107,62,3,54177.9,3,56537.8,3,62222.2,2,47451.1
107,68,10,198977.4,14,277616.2,14.5,327064.9,13.5,299290.9
107,70,1,19236.5,1,20770.9,1,22217.2,,
107,72,32,602361.4,31,652194.5,25,588181.9,34,862677.3
107,73,86,1725067.5,80,1602770.2,78,1622182.6,77,1772385
107,74,,,6,130316.9,35,753497.1,33,843597.7
107,75,26,534133,32,613281.9,41,820693.8,42,926002.9
107,76,23,472502.3,23,499548.2,24,580017.7,20,492181.7
107,93,,,,,3,61755.7,3,64683.2
107,94,4,73262.7,3,60709.9,,,,
107,102,2,34237.6,2,37374.6,2,37321.3,2,45430.8
107,108,2,39023.8,2,41018,2,38170.6,2,41442.5
107,109,8,156095.4,8,164072.2,12,229023.4,12,248655.2
107,110,8,156095.4,8,164072.2,6,114511.7,7,145048.9
107,126,11,244823,12,267459.9,7,159046.5,7,168397.3
108,2,7,124307.9,6,132766.9,5,103674.8,8,197275
108,3,,,,,,,4,98637.5
108,5,4,65017,4,81689.7,4,74504.6,4,89529.9
108,8,3,48762.8,,,,,,
108,16,2,50749,1,27846.4,1,24747.7,,
108,17,4,101498,6,167078.2,6,148486,6,167386.9
108,20,6,152247,5,139231.9,4,98990.7,4,111591.3
108,27,3,73051,3,71072.1,3,69446.4,3,71418.1
108,36,2,34809.7,2,39810.7,2,39950.2,2,45031
108,38,2,34809.7,2,39810.7,2,39950.2,2,45031
108,48,4,82460.6,9,174336.6,11,221776,11,263440.9
108,49,6,123690.9,4,77482.9,2,40322.9,2,47898.3
108,52,6,123690.9,10,193707.4,11,221776,13,311339.2
108,61,5,90296.5,7,131921.5,6,124444.4,5,118627.6
108,64,,,,,,,5,110848.5
108,66,4,79591,4,79318.9,4,90224.8,4,88678.8
108,68,73.5,1505760.6,67,1450198,71,1458002,67.5,1478372.5
108,71,4,76945.9,4,83083.5,6,133303.2,6,137002
108,72,99.5,2085458.7,101.5,2120406.4,84,1846097.6,94,2140693.1
108,73,111.5,2106872,109,2063309.1,119,2321609.6,112,2281446.1
108,74,76,1432348.4,72,1396679.7,84.5,1835751.2,75.5,1693640.8
108,75,79,1734128.6,85.5,1976266.3,85,1955782.9,87.5,2146028.3
108,76,5,102717.9,2,43439,4,96669.6,4,98436.3
108,77,7,143805,7,152036.4,6,145004.4,7,172263.6
108,80,2,46031.8,2,49399.7,2,45868.5,2,46735.3
108,83,1,23015.9,1,24699.8,1,22934.2,1,23367.6
108,86,10,187806.2,11,217630.5,14,288193.2,15,323415.9
108,95,4,73262.7,4,80946.5,4,95257.6,4,98139
108,101,3,51356.4,3,56061.9,3,55982,3,68146.3
108,102,1,17118.8,1,18687.3,7,130624.6,3,68146.3
108,125,,,1,22288.3,1,22720.9,2,48113.5
108,126,2,44513.3,4,89153.3,2,45441.8,,
108,127,4.5,100154.9,2.5,55720.8,3.5,79523.2,2.5,60141.9
109,3,,,2,44255.6,,,,
109,7,6,97525.5,6,122534.6,7,130383,7,156677.4
109,17,,,,,2,49495.3,2,55795.6
109,21,5,126872.5,5,139231.9,2,49495.3,2,55795.6
109,22,1,25374.5,,,1,24747.7,1,27897.8
109,23,2,50749,2,55692.7,2,49495.3,2,55795.6
109,24,6,146101.9,8,189525.6,8,185190.5,9,214254.2
109,25,15,365254.8,15,355360.5,18,416678.6,18,428508.3
109,26,42,819185.7,59,1218312.9,61.5,1204074.9,64.5,1436487.8
109,27,52,1072737.8,57.5,1184908.1,61,1345816.9,62,1379985.3
109,28,11.5,280028.7,10,236907,8,185190.5,14,333284.2
109,51,4,82460.6,2,38741.5,3,60484.4,4,95796.7
109,66,14,278568.4,15,297446,15,338343,14,310375.7
109,67,10,198977.4,9,178467.6,15,338343,9,199527.2
109,68,5,99488.7,5,99148.7,8.5,191727.7,8.5,188442.4
109,69,7,134655.3,6,124625.3,5,111086,6,137002
109,70,1,19236.5,1,20770.9,3,66651.6,3,68501
109,71,33,596242,25,502857.7,27,599157.1,30,700230.2
109,72,64,1256452.8,68,1325656.5,95.5,1786003.7,102,1944016.2
109,73,74,1302656.6,75,1428261.8,74,1460576.2,72,1467505.9
109,74,107.5,2038655.9,104.5,2064010.1,102.5,2166132,100.5,2388578.3
109,75,82,1724221.6,81,1743505.1,74.5,1574596.4,70,1588038
109,76,14,287610.1,16,347511.8,11,265841.4,9,221481.8
109,77,2,41087.2,2,43439,6,145004.4,6,147654.5
109,86,4,75122.5,4,79138.4,2,41170.5,2,43122.1
109,91,1,18780.6,1,19784.6,1,20585.2,1,21561.1
109,92,1,18780.6,1,19784.6,3,61755.7,4,86244.2
109,93,11,206586.9,10,197845.9,9,185267.1,7,150927.4
109,94,2,36631.3,2,40473.2,3,71443.2,4,98139
109,95,2,36631.3,2,40473.2,2,47628.8,2,49069.5
109,96,4,73262.7,4,80946.5,4,95257.6,4,98139
109,101,3,51356.4,3,56061.9,3,55982,3,68146.3
109,103,4,68475.3,4,74749.1,3,55982,5,113577.1
109,115,5,94667.7,5,93608.3,5,103927.6,5,101974
109,117,5,94667.7,5,93608.3,6,124713.1,6,122368.8
109,118,2,37867.1,2,37443.3,2,41571,2,40789.6
109,120,8,139287.8,7,124137.4,7,138209.4,7,165861.2
109,122,8,139287.8,10,177339.1,10,197441.9,10,236944.6
109,126,7,155796.5,5,111441.6,7,159046.5,4,96227.1
110,5,2,32508.5,2,40844.9,3,55878.4,3,67147.5
110,21,4,101498,4,111385.5,6,148486,6,167386.9
110,22,4,101498,4,111385.5,4,98990.7,4,111591.3
110,23,4,101498,4,111385.5,8,197981.3,8,223182.6
110,24,1,24350.3,1,23690.7,1,23148.8,1,23806
110,25,4,97401.3,4,94762.8,4,92595.3,4,95224.1
110,26,22,535707,27,639648.9,29,743810.6,29,695391.4
110,27,9,219152.9,10,236907,10,231488.1,16,380896.3
110,28,4,97401.3,4,94762.8,4,92595.3,5,119030.1
110,31,5,111753.1,4,89621.6,3,72746.6,7,160401.4
110,32,17,379960.6,18,403297.4,17,412230.8,16,366631.8
110,36,6,104429.2,6,119432.2,6,119850.5,6,135092.9
110,37,2,34809.7,3,59716.1,3,59925.2,1,22515.5
110,55,2,36118.6,1,18845.9,5,103703.6,5,118627.6
110,56,3,54177.9,3,56537.8,4,82962.9,4,94902.1
110,65,,,,,,,1,22169.7
110,67,14,278568.4,13,257786.5,7,157893.4,10,221696.9
110,68,5,99488.7,11,218127,4,90224.8,4,88678.8
110,70,33,546898.4,33,498384.3,39.5,773669.3,38,760812.1
110,71,43,827591.5,36,728490.9,41,978763.4,38,888277.6
110,72,62,1046799.1,59,1083102.5,59.5,1252339.1,73.5,1419169.5
110,73,86,1466127.4,86,1421011.7,58.5,1007798,19,433839.7
110,74,41.5,901617.4,42,935336.8,45,1029619.2,72,1584986.7
110,75,33,677938.1,34,738462.6,31,749189.5,31,830799.8
110,79,2,46031.8,2,49399.7,2,45868.5,2,46735.3
110,81,3,69047.7,3,74099.5,4,91736.9,4,93470.5
110,89,5,93903.1,5,98923,5,102926.2,6,129366.4
110,96,76,1375927.8,71,1406083.6,70.5,1608512.5,73,1805603.5
110,97,27,494523,28,566625.5,29,690617.9,25,613368.9
110,100,7,119831.7,6,112123.7,6,111963.9,7,159007.9
110,101,2,34237.6,2,37374.6,2,37321.3,2,45430.8
110,102,1,17118.8,1,18687.3,1,18660.7,,
110,103,4,68475.3,4,74749.1,3,55982,3,68146.3
110,104,2,39023.8,2,41018,3,57255.9,2,41442.5
110,115,7,132534.8,4,74886.6,4,83142.1,4,81579.2
110,116,8,151468.4,5,93608.3,2,41571,2,40789.6
110,118,8,151468.4,12,224659.9,12,249426.2,10,203948.1
110,122,3,52232.9,3,53201.7,3,59232.6,2,47388.9
110,126,2,44513.3,3,66865,1,22720.9,1,24056.8
111,3,2,31047.4,2,38197.1,2,35035.2,5,100326.1
111,10,2,37946.3,3,61267.3,4,81215,4,80952
111,20,13,240344.6,12,229055.4,8,170787.7,10,219219.9
111,21,6,110928.3,7,133615.6,6,128090.8,6,131532
111,26,2,45369.3,2,41233.6,2,43057.7,3,71028.3
111,27,16,362954.7,17,350485.7,17,365990.3,16,378817.5
111,28,5.5,124765.7,8.5,175242.9,7,150701.9,15,355141.4
111,29,,,,,,,5,109786.5
111,30,22,405634.1,30,593716.6,26,555944.5,22,483060.8
111,31,48,946246.3,52,1133776.6,48,1047336.1,46.5,1202396.4
111,32,72.5,1431734.4,71.5,1332023.3,77.5,1550181.1,76.5,1699929.7
111,33,6,110627.5,6,120027.7,6,128294.9,6,131743.8
111,49,4,82460.6,6,124305.5,4,80645.8,9,182490.9
111,50,5,103075.7,5,103587.9,5,100807.3,5,101383.8
111,69,19,388212.6,22,423656.6,27,535756.5,32,713224.2
111,70,7,143025.7,10,192571.2,6,119057,7,156017.8
111,71,4,81729,5,96285.6,7,138899.8,7,156017.8
111,72,10,204322.4,12,231085.4,13,257956.8,15,334323.9
111,73,18,367780.4,20,385142.4,24.5,486149.4,29,646359.5
111,74,5,89485.2,4,73023,4,78667.3,4,78764.1
111,75,1,17897,,,,,,
111,77,6,107382.2,6,109534.6,6,118001,6,118146.2
111,80,8,184127.2,8,197598.6,8,183473.8,8,186941
111,81,5,115079.5,5,123499.1,6,137605.4,6,140205.8
111,82,5,115079.5,5,123499.1,5,114671.1,1,23367.6
111,94,1,19932.5,1,20937,1,21891.4,1,23024.7
111,96,36,760096.1,33,782476.6,33,769382.6,46,1067510.1
111,97,16.5,328886.6,22.5,471082.1,19,415936.5,16.5,379908.2
111,116,3,52232.9,1,17733.9,1,19744.2,1,23694.5
111,120,,,,,2,46754,,
111,121,2,40161.9,2,42851.5,,,2,50134
112,3,9,139713.4,3,57295.7,10,175176,10,200652.2
112,17,2,50749,2,55692.7,7,173233.7,8,223182.6
112,19,6,110928.3,7,133615.6,8,170787.7,8,175376
112,20,1,18488,1,19087.9,1,21348.5,1,21922
112,24,5,113423.3,5,103084,1,21528.8,1,23676.1
112,25,4,90738.7,4,82467.2,4,86115.4,4,94704.4
112,26,16,362954.7,19,391719.3,18,387519.1,15.5,366979.5
112,27,,,,,3,64586.5,2.5,59190.2
112,28,8,181477.4,8,164934.5,8,172230.7,3,71028.3
112,29,69,1277856.3,74.5,1274737.5,77,1436020.6,91.5,1738602
112,30,40,792132.5,42,879308.5,53.5,1162491.6,56.5,1347966.4
112,31,35,851684.4,39,887786.8,38,936884.2,39,982110.1
112,32,46,938521.5,45.5,958251.2,54,1157844.7,52,1243997.9
112,33,10,184379.2,11,220050.8,12,256589.8,7,153701.2
112,35,6,118244.1,7,133184.6,7,138532.8,5,129024.1
112,44,7,144306,7,135595.2,6,120968.7,6,143695
112,47,4,82460.6,2,38741.5,4,80645.8,3,71847.5
112,49,4,82460.6,4,82870.3,4,80645.8,5,101383.8
112,50,3,61845.4,2,41435.2,4,80645.8,4,81107
112,51,2,41230.3,2,41435.2,,,,
112,52,2,41230.3,3,62152.7,2,40322.9,3,60830.3
112,62,4,72237.2,3,56537.8,4,82962.9,4,94902.1
112,63,2,36118.6,1,18845.9,1,20740.7,,
112,67,1,20096.6,,,,,,
112,69,35,603809.9,35,626077,35,667073,31,773226.9
112,70,76,1427162.7,74,1397842.3,69.5,1385711.7,56.5,1170666.2
112,71,59.5,1267786.2,68,1331774.6,63,1381221.1,65,1600724.6
112,74,2,35794.1,2,36511.5,2,39333.7,2,39382.1
112,75,8,143176.3,7,127790.3,7,137667.8,7,137837.2
112,78,3,53691.1,3,54767.3,3,59000.5,3,59073.1
112,83,3,69047.7,3,74099.5,3,68802.7,3,70102.9
112,85,1,18780.6,,,1,20585.2,4,86244.2
112,92,4,75817.1,4,83105.9,4,85894.9,4,91730.7
112,94,6,119595.1,15,314054.7,10,218913.9,12,276296.8
112,95,3,59797.6,3,62810.9,1,21891.4,2,46049.5
112,96,29,716424.4,37,896514.9,39,931290.5,46.5,1180803
112,97,5,99662.6,5,104684.9,5,109457,5,115123.7
112,115,,,1,17733.9,4,78976.8,5,118472.3
112,122,15,301214.2,16,342812.2,18,420786.3,19,476272.9
113,3,3,46571.1,1,19098.6,5,87588,4,80260.9
113,4,14,270779.4,16,297790.7,14,241042.7,10,201099.5
113,7,2,38682.8,2,37223.8,2,34434.7,2,40219.9
113,8,4,77365.6,4,74447.7,3,51652,3,60329.8
113,10,10,189731.3,12,245069.1,12,243645.1,12,242856.1
113,11,13,246650.7,18,367603.7,15,304556.3,15,303570.1
113,12,3,56919.4,3,61267.3,3,60911.3,3,60714
113,19,1,18488,2,38175.9,1,21348.5,1,21922
113,22,12,221856.6,9,171791.5,9,192136.2,9,197298
113,25,3,68054,2,41233.6,2,43057.7,1,23676.1
113,28,9,204162,7,144317.6,11,236817.2,11,260437
113,29,44,712801.9,50.5,837826.9,48.5,823632.1,50.5,861356.3
113,30,45,942255.8,45,963882.5,57,1252868.6,73.5,1647765.1
113,31,63.5,1195242.6,67,1391523.6,54,1195016,63.5,1437484.2
113,32,65,1294692.1,58,1221087.4,57,1299681,57,1310145.4
113,33,14,258130.8,15.5,310071.6,19.5,416958.4,25,643739.8
113,37,,,3,57079.1,8,158323.2,8,206438.6
113,38,18,354732.3,18,342474.7,8,158323.2,13,335462.7
113,40,1.5,26107.3,2.5,49763.4,2.5,49937.7,2.5,56288.7
113,49,7,144306,6,124305.5,2,40322.9,10,202767.6
113,68,5,100483,6,135492.8,6,136061.9,5,115034.6
113,69,1,20432.2,1,19257.1,2,39685.7,2,44576.5
113,70,61,1111486.9,62.5,1212524.5,64.5,1279882.9,64.5,1431383
113,71,95,1680237.4,87,1701907,89,1808687.6,95,2133347.7
113,77,8,143176.3,8,146046.1,8,157334.6,8,157528.2
113,90,5,94771.3,5,103882.4,4,85894.9,8,183461.3
113,91,18,341176.8,19,394753.2,19,408000.6,15,343990
113,92,37,929664.7,41,1031520.8,41,1052746.1,42,1066586.5
113,93,11,208497,10,207764.8,9,193263.5,8,183461.3
113,96,9.5,189358.9,8.5,177964.3,7,153239.8,8,184197.9
113,97,9,179392.7,27,578186.2,32.5,679627.5,36,873382.1
113,99,,,,,2,40803.8,,
113,100,8,130744,3,52834.1,9,183617,10,228125
113,101,23,375889,28,493117.9,25,510047.2,22,501874.9
113,114,,,,,3,59232.6,3,71083.4
113,115,8,139287.8,7,124137.4,3,59232.6,3,71083.4
113,119,3,60242.8,3,64277.3,,,,
113,122,16,321295.2,16.5,353525.1,16,374032.3,14,350937.9
114,3,2,31047.4,2,38197.1,2,35035.2,1,20065.2
114,4,9,174072.5,9,167507.3,7,120521.4,10,201099.5
114,5,4,77365.6,3,55835.8,3,51652,2,40219.9
114,6,3,58024.2,3,55835.8,3,51652,3,60329.8
114,9,1,18973.1,1,20422.4,1,20303.8,1,20238
114,11,2,37946.3,2,40844.9,2,40607.5,2,40476
114,22,2.5,46220.1,3,57263.8,3,64045.4,3,65766
114,28,15,340270,9,185551.3,9,193759.6,8,189408.8
114,29,34.5,616135.3,32,554325.3,36.5,687282.3,36.5,670898.1
114,30,69,1375331,67,1353867.6,56,1226743.2,55,1281173.7
114,31,66,1108702.6,64,1121258.1,65,1221938.8,69,1339766
114,32,82,1404411.8,74,1274793.1,83,1563501.9,95.5,1908450.3
114,33,5,92189.6,5,100023.1,5,106912.4,5,109786.5
114,37,3,59122,1,19026.4,1,19790.4,1,25804.8
114,38,29,501675.2,31,611668.5,35,687962,35,787256.1
114,39,,,,,,,1,22515.5
114,40,2,34809.7,2,39810.7,2,39950.2,4,90062
114,41,,,,,5,99875.4,,
114,54,4,72237.2,,,4,82962.9,4,94902.1
114,55,2,36118.6,6,113075.6,2,41481.5,2,47451.1
114,59,1,18059.3,2,37691.9,1,20740.7,1,23725.5
114,60,2,36118.6,2,37691.9,6,124444.4,6,142353.2
114,67,13,261255.9,14,316149.9,4,90707.9,4,92027.7
114,68,5,100483,5,112910.7,5,113384.9,5,115034.6
114,71,30.5,623183.5,22,423656.6,33,762496.8,32,778388
114,73,3,61296.7,3,57771.4,3,59528.5,2,44576.5
114,74,3,53691.1,3,54767.3,3,59000.5,3,59073.1
114,77,1,17897,1,18255.8,1,19666.8,1,19691
114,85,9,169025.6,7,138492.2,6,123511.4,6,129366.4
114,90,17,322222.6,17,353200.2,15,322105.8,17,389855.3
114,91,24,454902.5,27,560965,31,665685.2,30,687980
114,92,49,1013165.4,49,973403,46,984569.6,47,1048534.7
114,93,63,1156094.4,61,1139833.6,58,1205475.1,62.5,1401529.4
114,94,24,371984.2,23,449976.2,26,495453.9,28,567864.6
114,95,4,79730.1,4,83747.9,4,87565.6,4,92098.9
114,96,25,469280.5,27,509235.2,32,605854.8,31,665499.8
114,97,37,706421.4,44,909369.9,40,905855.6,48,1261426.9
114,98,8,159460.2,8,167495.9,15,328370.9,14,322346.3
114,99,4,65372,4,70445.4,4,81607.5,4,91250
114,100,,,2,35222.7,1,20401.9,1,22812.5
114,101,31,506633,29,510729.3,37.5,691010.7,45.5,980921.6
114,115,2,34822,3.5,62068.7,3,59232.6,3,71083.4
115,6,3,58024.2,4,74447.7,5,86086.7,7,140769.6
115,14,3,76123.5,3,83539.1,3,74243,3,83693.5
115,15,5,126872.5,5,139231.9,3,74243,3,83693.5
115,20,5,92440.2,4,76351.8,,,,
115,21,2,36976.1,2,38175.9,2,42696.9,2,43844
115,23,2,36976.1,2,38175.9,2,42696.9,2,43844
115,24,3,68054,2,41233.6,2,43057.7,1.5,35514.1
115,30,4,73751.7,4,80018.5,4,85529.9,4,87829.2
115,31,28,516261.6,30,600138.5,37,791151.8,35,768505.8
115,32,33,695883.8,30,628792.5,30,619165.3,25,626198.2
115,33,9,165941.2,9,180041.6,11,235207.3,12,263487.7
115,34,2,39414.7,3,57079.1,1,19790.4,1,25804.8
115,37,4,78829.4,6,114158.2,5,98952,7,180633.8
115,41,,,,,,,2,45031
115,64,10,200966.1,10,225821.3,9,204092.8,7,161048.5
115,65,3,60289.8,1,22582.1,3.5,79369.4,3.5,80524.2
115,67,,,,,3,68030.9,3,69020.8
115,68,4,80386.4,4,90328.5,4,90707.9,3,69020.8
115,69,3,61296.7,4,77028.5,2,39685.7,2,44576.5
115,74,6,107382.2,5,91278.8,5,98334.1,7,137837.2
115,80,2,46031.8,4.5,111149.2,13,298145,7,163573.4
115,81,8,184127.2,9,222298.5,8.5,194940.9,8.5,198624.8
115,85,5,93903.1,5,98923,5,102926.2,5,107805.3
115,86,5,93903.1,,,1,20585.2,2,43122.1
115,93,,,,,,,15,343990
115,94,6,119595.1,6,125621.9,8,175131.2,60,1310064.1
115,95,43,780201.2,37,692337,34,661626,43,881362.5
115,96,65,1130811.3,70,1273429.4,67,1228629.2,68.5,1224838.6
115,97,88.5,1684926.9,89,1752967.3,83,1640347,90,1906471.7
115,98,96,1628099.5,84.5,1576829.9,84.5,1710071.6,80,1790943.4
115,99,36,779937.9,39,844205.2,40,926168.6,39,939663.6
115,101,5,81715,8,140890.8,4,81607.5,4,91250
115,109,6,117071.5,6,123054.1,6,114511.7,6,124327.6
115,114,7,121876.8,8,141871.3,9,177697.7,9,213250.1
116,1,6,115315.5,7,139384.1,8,164701.1,8,174953.9
116,14,1,20633.5,1,20856.1,1,20683.5,1,21906.2
116,15,3,61900.5,3,62568.3,3,62050.5,2,43812.3
116,16,3,61900.5,3,62568.3,2,41367,2,43812.3
116,20,4,82534,2,41712.2,2,41367,3,65718.5
116,21,,,,,5,103417.5,4,87624.7
116,23,3,61900.5,,,,,1,21906.2
116,32,1,19197,1,20531.7,,,2,48265.3
116,33,2,38394.1,2,41063.3,2,40751,2,48265.3
116,60,9,184943.1,12,275348.3,12,285454.1,13,311443.2
116,68,2,37366.2,2,39254.1,2,41125.6,2,42213.3
116,69,9,156424.1,10,193476.2,11,216799.8,12,213158
116,70,1,17380.5,1,19347.6,1,19709.1,1,17763.2
116,79,,,1,21725.7,1,19539.4,1,21706
116,80,2,39504.1,2,43451.3,3,58618.3,,
116,81,19,375288.9,20,434513,15,293091.5,21,455827
116,86,,,,,1,27614.2,1,25478.6
116,93,,,,,,,2,50957.2
116,94,,,,,,,18,409603.5
116,96,102,1868124.1,107,2030385.5,98.5,2035163.5,102,2134061.2
116,97,108,2063290.3,102.5,2042236,106.5,2114090.9,113.5,2528792
116,98,36,728991.6,34,695324.1,31,685405.9,29,710478
116,99,2,41162.7,1,19954.5,2,41004.5,2,44762
116,101,4,82325.5,6,119726.8,12,246027.1,12,268572.1
117,16,1,20633.5,1,20856.1,1,20683.5,1,21906.2
117,30,2,38394.1,2,41063.3,2,40751,,
117,32,7,134379.3,6,123190,7,142628.4,5,120663.3
117,33,4,76788.2,4,82126.7,3,61126.5,4,96530.7
117,34,3,64611.2,2,40930.7,2,44438.5,2,48875.4
117,39,4,86148.3,4,81861.3,4,88877.1,4,97750.8
117,45,8,165345.7,11,235192,11,247611.8,14,314546.6
117,46,2,41336.4,2,42762.2,3,67530.5,3,67402.9
117,48,4,82672.9,4,85524.4,4,90040.7,4,89870.5
117,53,13,238186.6,14,275048.9,13.5,249934.2,9,202208.6
117,54,2,43912.3,2,48820.1,2,51547.5,4.5,124957.2
117,55,3,65868.5,3,73230.2,,,,
117,56,,,,,4,103095,2,55536.6
117,62,10,205492.3,9,206511.2,9,214090.6,10,239571.7
117,70,1,17380.5,1,19347.6,1,19709.1,1,17763.2
117,71,4,69521.8,4,77390.5,3,59127.2,7,124342.1
117,72,,,,,2,39418.1,4,71052.7
117,80,2,39504.1,3,65177,3,58618.3,5,108530.2
117,81,2,39504.1,2,43451.3,2,39078.9,2,43412.1
117,88,3,69376.5,3,74638.6,3,82842.6,3,76435.8
117,95,13,256123.4,13,276182.1,13,278602.2,12,273069
117,96,62.5,1140620.4,78.5,1383344.6,89,1756722.9,89,1881344.5
117,97,39.5,737033.4,52.5,966272.5,46.5,906772.3,47,995760.1
117,98,2,39403.6,4,84979.1,3,64292.8,4.5,102400.9
117,100,22,452790.2,21,419043.8,22,451049.8,22,492382.1
117,108,,,,,5,92689.2,6,139007.1
117,109,1,19187.5,1,18959.9,1,18537.8,1,23167.8
117,123,3,53908.3,4,70468.1,4,78784.5,4,87577.5
118,10,5,95407.8,5,97819,5,94087.5,5,114373.4
118,13,6,114489.3,8,156510.4,8,150540,8,182997.5
118,30,2,38394.1,5,102658.3,3,61126.5,3,72398
118,32,2,38394.1,2,41063.3,2,40751,2,48265.3
118,33,3,57591.1,3,61595,5,101877.4,5,120663.3
118,34,,,1,20465.3,,,,
118,35,2,43074.2,2,40930.7,2,44438.5,2,48875.4
118,48,15,310023.2,17.5,374169.2,15,337652.5,16,359481.9
118,49,4,73288.2,4,78585.4,5,92568.2,5,112338.1
118,52,2,36644.1,2,39292.7,3,55540.9,3,67402.9
118,58,6,131737,6,146460.3,6,154642.5,5,138841.4
118,66,12,224197.4,10,196270.5,8,164502.6,10.5,221619.7
118,71,2,34760.9,3,58042.9,3,59127.2,3,53289.5
118,72,,,2,38695.2,,,,
118,81,1,19752,1,21725.7,1,19539.4,1,21706
118,88,1,23125.5,1,24879.5,2,55228.4,1,25478.6
118,96,9,177316.2,8,169958.2,10,214309.4,10,227557.5
118,97,9,177316.2,9,191203,10,214309.4,11,250313.3
118,98,6,118210.8,5,106223.9,4,85723.8,5,113778.8
118,99,2,41162.7,2,39908.9,2,41004.5,2,44762
118,100,49,1106891.3,42,1023106.9,40,1031948.2,51,1266147.5
118,101,,,,,2,41004.5,,
118,109,2,38375.1,1,18959.9,1,18537.8,1,23167.8
118,114,7,125785.9,9.5,167361.7,13,256049.6,13,284627
118,123,8,143755.3,8,140936.1,9,177265.1,8,175155.1
119,3,7,134534.7,7,139384.1,7,144113.5,6,131215.4
119,6,4,76326.2,4,78255.2,3,56452.5,3,68624.1
119,10,1,19081.6,1,19563.8,1,18817.5,,
119,15,9,185701.4,8,166848.8,8,165468.1,11,240967.8
119,28,,,,,,,1,24132.7
119,30,,,,,2,40751,2,48265.3
119,34,,,6.5,133024.6,5.5,122206,,
119,35,14,301519.1,17,347910.6,11,244412,14,342127.8
119,52,1,18322,1,19646.4,2,37027.3,1,22467.6
119,56,4,87824.7,4,97640.2,3,77321.3,2,55536.6
119,60,4,82196.9,2,45891.4,2,47575.7,2,47914.3
119,61,4,82196.9,4,91782.8,4,95151.4,5,119785.8
119,66,5,93415.6,5,98135.3,5,102814.1,3,63319.9
119,68,8,149464.9,8,157016.4,7,143939.7,7,147746.4
119,93,3,69376.5,3,74638.6,3,82842.6,2,50957.2
119,96,16,315228.8,16,339916.4,22.5,482196.1,25,568893.8
119,97,26,512246.9,27,573608.9,21,450049.7,21,477870.8
119,100,29,596859.9,31,618588.5,33,676574.7,25,559525.1
119,103,4,82325.5,4,79817.9,4,82009,4,89524
119,104,2,38375.1,1,18959.9,1,18537.8,2,46335.7
119,109,4,76750.1,5,94799.7,4,74151.4,3,69503.5
120,15,6,123801,6,125136.6,6,124101,2,43812.3
120,22,11,226968.4,10,208561,10,206835.1,8,175249.3
120,23,4,82534,4,83424.4,4,82734,4,87624.7
120,33,6,115182.2,,,,,,
120,37,7,150759.5,7,143257.3,6,133315.6,9,219939.3
120,38,2,43074.2,2,40930.7,2,44438.5,2,48875.4
120,48,3,62004.6,3,64143.3,3,67530.5,3,67402.9
120,49,2,36644.1,2,39292.7,2,37027.3,2,44935.2
120,52,6,109932.3,5,98231.8,5,92568.2,5,112338.1
120,56,7,153693.2,2,48820.1,3,77321.3,2,55536.6
120,57,7,153693.2,4,97640.2,4,103095,8,222146.2
120,61,8,164393.8,7,160619.8,9,214090.6,10,239571.7
120,65,3,56049.3,3,58881.2,3,61688.5,2,42213.3
120,66,5,93415.6,4,78508.2,5,102814.1,5,105533.2
120,67,7,130781.8,7,137389.4,4,82251.3,4,84426.5
120,68,6,112098.7,4,78508.2,6,123376.9,6,126639.8
120,69,4,69521.8,1,19347.6,3,59127.2,5,88815.8
120,80,2,39504.1,2,43451.3,2,39078.9,2,43412.1
120,82,1,19752,1,21725.7,1,19539.4,,
120,83,2,39504.1,2,43451.3,2,39078.9,2,43412.1
120,84,1,23125.5,1,24879.5,1,27614.2,,
120,93,,,,,,,1,25478.6
120,96,2,39403.6,1,21244.8,2,42861.9,1,22755.8
120,97,28,527573.9,29,596386.2,21,468188.9,23,567526.9
120,103,29.5,579035.7,34,698828.7,37,760618.2,34,833411.5
120,110,3,57562.6,3,56879.8,3,55613.5,5,115839.2
120,111,1,19187.5,,,,,,
120,114,3,53908.3,3,52851,3,59088.4,3,65683.1
120,125,7,148854.6,4,84579.8,8,169695.3,8,195949
120,126,5,106324.7,5,105724.7,5,106059.6,5,122468.1
121,9,4,76326.2,5,97819,4,75270,4,91498.7
121,30,4,91644.7,4,87861.8,,,,
121,42,2,43074.2,2,40930.7,2,44438.5,2,48875.4
121,44,3,71577.1,3,69597.9,3,66616.1,3,76142.5
121,48,4,95436.2,4,92797.2,4,88821.5,4,101523.4
121,65,3,52141.4,4,76836.5,4,69810.8,4,69813.9
121,68,2,34760.9,4,76836.5,4,69810.8,4,69813.9
121,71,2,34760.9,,,,,4,91021.9
121,73,1,17380.5,1,19347.6,1,19709.1,1,22755.5
121,78,3,59256.1,3,65177,3,58618.3,3,65118.1
121,90,9,208129.5,8,199036.2,10,276141.9,8,203828.7
121,95,3,54235,3,57977.2,1,19516.7,5,101150.7
121,96,5,90391.7,3,57977.2,1,19516.7,3,60690.4
121,97,4,72313.4,4,77302.9,4,78067,4,80920.6
121,105,3,57562.6,3,56879.8,3,55613.5,3,69503.5
121,107,8,153500.3,9,170639.4,9,166840.6,7,162174.9
121,110,4,65961.8,4,75839.7,2.5,51427.8,3.5,81372.9
121,113,12,197885.3,11,208559.3,11,226282.1,10,232493.9
121,114,2,35938.8,2,41800.9,2,47631.7,3,74688.4
121,123,29,559109.3,32,622645.3,33,675160.1,28,695637.8
121,124,6,117620.3,11,212232.2,12,231592.3,10.5,226609.7
121,125,2,39206.8,2,38587.7,2,38598.7,2,43163.7
121,126,5,98016.9,6,115763,6,115796.2,6,129491.2
122,4,2,38163.1,2,39127.6,2,37635,2,45749.4
122,6,1,19081.6,,,2,37635,3,68624.1
122,9,3,57244.7,4,78255.2,4,75270,5,114373.4
122,28,1,22911.2,1,21965.5,1,21078,1,24132.7
122,30,3,68733.6,3,65896.4,9,189701.9,9,213697.4
122,31,2,45822.4,2,43930.9,2,42156,2,47488.3
122,32,6,137467.1,6,131792.7,6,126468,8,189953.2
122,38,2,43074.2,2,40930.7,2,44438.5,2,48875.4
122,39,3,64611.2,3,61396,3,66657.8,5,122188.5
122,43,3,64611.2,3,61396,2,44438.5,2,48875.4
122,44,4,95436.2,4,92797.2,4,88821.5,3,76142.5
122,45,4,95436.2,4,92797.2,3,66616.1,3,76142.5
122,59,9,197605.5,9,219690.5,10,257737.5,10,277682.8
122,64,,,1,19209.1,1,17452.7,,
122,65,5,86902.3,5,96045.6,5,87263.5,5,87267.4
122,77,5,98760.2,,,5,97697.2,5,108530.2
122,84,16,370008,21,522470.1,17,469441.2,14,356700.2
122,99,1,18078.3,1,19325.7,1,19516.7,1,20230.1
122,100,2,36156.7,2,38651.5,2,39033.5,2,40460.3
122,109,6,98942.7,5,94799.7,8,164568.8,11,255743.3
122,110,13,214375.8,12,227519.2,4,82284.4,6,139496.3
122,112,3,49471.3,4,75839.7,4,82284.4,,
122,113,4,65961.8,5,94799.7,5,102855.5,4,92997.5
122,114,2,35938.8,2,41800.9,2,47631.7,2,49792.2
122,123,4,77118.5,4,77830.7,6,122756.4,6,149065.2
122,124,2,39206.8,2,38587.7,2,38598.7,3,64745.6
123,5,6,114489.3,5,97819,5,94087.5,4,91498.7
123,10,2,38163.1,2,39127.6,3,56452.5,3,68624.1
123,28,1,22911.2,1,21965.5,1,21078,1,24132.7
123,29,1,22911.2,1,21965.5,,,4,94976.6
123,32,4,91644.7,4,87861.8,4,84312,4,94976.6
123,43,3,64611.2,3,61396,3,66657.8,3,73313.1
123,44,9,214731.4,11,255192.3,17,377491.5,17,431474.4
123,45,7,167013.3,7,162395.1,8,177643.1,8,203046.8
123,48,,,,,2,44410.8,2,50761.7
123,59,4,87824.7,8,195280.4,8,206190,7,194377.9
123,64,5,86902.3,4,76836.5,4,69810.8,4,69813.9
123,65,,,,,4,69810.8,4,69813.9
123,72,5,86902.3,8,154781,7,137963.5,6,136532.8
123,83,2,39504.1,2,43451.3,2,39078.9,2,43412.1
123,99,8,144626.7,7,135280.2,9,175650.7,9,182071.3
123,100,27.5,497154.4,20,386514.7,22,429368.4,22,445063.1
123,110,5,82452.2,5,94799.7,5,102855.5,5,116246.9
123,116,4,71877.7,4,83601.7,4,95263.3,4,99584.5
123,117,2,35938.8,1,20900.4,1,23815.8,1,24896.1
123,127,2,39206.8,1,19293.8,,,,
124,5,2,38163.1,2,39127.6,2,37635,2,45749.4
124,31,4,91644.7,4,87861.8,4,84312,4,94976.6
124,32,2,45822.4,2,43930.9,,,3,71232.5
124,43,6,129222.5,5,102326.6,7,155534.9,7,171063.9
124,44,3,71577.1,3,69597.9,,,,
124,45,2,47718.1,2,46398.6,2,44410.8,2,50761.7
124,47,3,71577.1,3,69597.9,3,66616.1,3,76142.5
124,48,2,47718.1,2,46398.6,,,,
124,58,4,87824.7,3,73230.2,3,77321.3,4,111073.1
124,64,6,104282.7,7,134463.9,7,122168.8,11,191988.2
124,67,3,52141.4,3,57627.4,2,34905.4,2,34906.9
124,72,8,139043.6,8,154781,6,118254.4,7,159288.3
124,99,2,36156.7,8,154605.9,7,136617.2,6,121380.9
124,109,2,32980.9,2,37919.9,2,41142.2,2,46498.8
124,116,4,71877.7,3,62701.3,3,71447.5,3,74688.4
124,127,7,137223.7,8,154350.7,10,192993.6,10,215818.7
125,10,6,114489.3,7,136946.6,7,131722.5,7,160122.8
125,21,2,41267,2,41712.2,2,41367,2,43812.3
125,24,,,,,,,4,96530.7
125,26,4,91644.7,4,87861.8,3,63234,3,72398
125,42,3,64611.2,2,40930.7,2,44438.5,2,48875.4
125,45,4,95436.2,3,69597.9,3,66616.1,4,101523.4
125,49,5,91610.2,3,58939.1,2,37027.3,,
125,72,4,69521.8,5,96738.1,3,59127.2,5,113777.4
125,89,3,69376.5,3,74638.6,2,55228.4,2,50957.2
125,90,2,46251,1,24879.5,1,27614.2,1,25478.6
125,93,4,92502,4,99518.1,5.5,151878,4,101914.3
125,94,2,36156.7,2,38651.5,2,39033.5,2,40460.3
125,100,4,72313.4,4,77302.9,2,39033.5,3.5,70805.5
125,101,4,72313.4,4,77302.9,4,78067,4,80920.6
125,115,5,89847.1,4,83601.7,4,95263.3,4,99584.5
125,116,7,125785.9,7,146303,7,166710.8,8,199169
125,117,5,89847.1,5,104502.2,5,119079.2,4,99584.5
125,126,2,39206.8,2,38587.7,2,38598.7,2,43163.7
125,127,4,78413.5,4,77175.4,5,96496.8,5,107909.4
126,21,5,95737.1,5,94720.4,5,107477.1,4,101224
126,22,2,38294.8,2,37888.1,2,42990.9,2,50612
126,23,4,76589.7,1,18944.1,3,64486.3,3,75918
126,25,,,2,53326.2,2,51718.6,2,52075.8
126,26,10,264648.6,9,239968,7,181015.3,7,182265.4
126,50,3,63139.7,2,37452.3,2,42889.8,2,45051.4
126,53,6,126279.4,7,131083.2,7,150114.4,8,180205.7
126,54,2,37033.9,2,40845.4,2,42659.1,,
126,57,3,55550.9,2,40845.4,2,42659.1,2,42990.5
126,59,19,416436,19,446411.6,19.5,473499.1,18.5,517921.1
126,72,3,51930.5,4,81997.6,4,78229.4,2,42104.5
126,83,9,155791.6,9,158476.6,9,159568.8,9,189470.2
126,84,7,127015.5,5,106426.3,6,130003.3,7,173442.1
126,85,4,72580.3,2,42570.5,2,43334.4,2,49554.9
126,98,2,40765,1,21393.2,1,23278.7,1,25212.6
126,101,2,40765,2,42786.4,2,46557.5,2,50425.3
126,105,1,19836.2,1,20354.2,,,1,26356.2
126,117,1,16508.4,1,19000.6,1,21944.8,1,22784.5
126,118,3,49525.1,4,76002.4,4,87779.3,1,22784.5
126,121,2,33556.3,2,31774.1,2,36619.6,2,40265.7
126,122,14,234893.9,13,206531.7,11,201407.6,10,201328.3
126,123,2,33556.3,2,31774.1,2,36619.6,2,40265.7
126,124,,,,,1,22453.3,1,21425.9
126,125,33,596792.7,37,675267,39,747311.6,41,911454.8
126,126,64.5,1169193.4,64.5,1287854.6,57.5,1183230.6,62,1314824.5
126,127,23.5,495556.3,25,455885.5,19,414686,20,503080.1
127,26,10,264648.6,15,399946.7,16,413749.2,19,494720.3
127,27,4,105859.4,3,79989.3,2,51718.6,2,52075.8
127,28,4,105859.4,5,133315.6,2,51718.6,2,52075.8
127,39,12,243724.6,11,294479.7,14,343130.8,13,332982.4
127,40,5,101551.9,4,107083.5,4,98037.4,4,102456.1
127,59,5,109588.4,5,117476.7,4,97128,4,111982.9
127,60,23,504106.7,26,610879.1,25,607050.1,22,615906.2
127,61,7,153423.8,7,164467.4,6.5,157833,6,167974.4
127,63,4,87670.7,4,93981.4,4,97128,4,111982.9
127,67,6,103861.1,4,81997.6,3,58672,3,63156.7
127,69,3,51930.5,3,61498.2,2,39114.7,1,21052.2
127,85,3,54435.2,5,106426.3,5,108336.1,2,49554.9
127,101,5,101912.6,2.5,53483,3.5,81475.5,4,100850.5
127,105,7,138853.5,7,142479.6,4,95871.7,4,105424.9
127,106,2,39672.4,2,40708.5,2,47935.8,2,52712.4
127,117,4,66033.4,3,57001.8,3,65834.5,3,68353.6
127,121,,,,,7,128168.5,7,140929.8
127,122,16,268450.2,22,349515.2,14.5,265491.9,14.5,291926
127,124,2,39119.1,2,43152.9,,,,
127,125,13,254274.1,9,194188,9,202079.6,12,257110.8
127,126,92,1755794.5,88,1665706,98.5,2048606.6,105.5,2377206.9
127,127,62.5,1169751.5,66,1323918.5,61,1215477.7,53,1103471.6
