x,y,ind2015,ind_snv2015,ind2017,ind_snv2017,ind2019,ind_snv2019,ind2021,ind_snv2021
0,1,3,61341.9,3,64360.3,2,44846.3,2,44835
0,3,9,184025.8,10,214534.3,9,201808.5,8,179340.2
0,4,5,102236.6,5,107267.1,4,89692.7,4,89670.1
0,9,4,75985.9,5,98770,2,39457.9,2,41035.3
0,21,3,54211.5,7,133573.9,7,139985.7,7,139299.5
0,22,13,234916.4,19,362557.7,18,359963.2,19,378098.6
0,23,2,36141,4,76327.9,2,39995.9,2,39799.9
0,43,12,298386.3,13,332195.4,11,280294.4,13,385939.7
0,44,40,929340.1,31.5,798938.3,25.5,673262.7,25,651671.6
0,45,,,,,6,148970.5,4,102795.8
0,60,4,96324.4,6,139474.1,3,67460.4,3,72675.7
0,63,8,192648.8,9,209211.2,9,202381.2,8,193801.8
0,64,25,602027.4,16,371931,20,449736,22,532954.9
0,67,2,41947.2,2,44322.4,2,45991.9,2,45846.5
0,68,10,209736.2,10,221612.2,10,229959.5,9,206309.2
0,69,5.5,115354.9,4,88644.9,2,45991.9,2,45846.5
0,74,1,20063.8,1,23269.4,1,26254.2,1,26192.9
0,75,6,125480.6,4,82630.8,2,50835.1,4,96796.5
0,76,18,376441.8,21,433811.8,5,127087.7,20,483982.6
0,77,23,481008.9,21.5,444140.7,5,127087.7,20.5,496082.1
0,79,1,20913.4,1,20657.7,,,1,24199.1
0,80,1,24562.5,1,24661.8,4.5,119144.8,3.5,98039.1
0,83,,,3,73985.5,7,185336.3,4,112044.6
0,89,23,489989,22,476373.5,22,470459.4,20,516956.7
0,90,44,1043578.5,41,970526.7,52.5,1313736.4,42,1024340
0,91,94,1588489.3,88,1612588.3,97,1905709.2,92.5,1818926.2
0,92,4,78730.3,4,81679.9,4,89474.6,2,49308
0,93,18,354286.2,19,387979.7,28,626322.2,21,517734.4
0,94,3,59047.7,2,40840,,,2,49308
0,95,1,20453.1,1,19596.2,,,1,19326.7
0,102,,,,,5,115887.1,,
0,112,1,21319.5,1,20512.6,1,22519.2,1,25622.1
0,115,2,43468,4,92973.3,4,92642.9,3,77145.4
0,116,10,217339.9,9,209189.8,11,254768,11,282866.4
0,117,1,21734,2,46486.6,,,,
0,121,8,153649.1,8,162579.1,9,207290,3,73204.4
0,123,2,38412.3,2,40644.8,2,46064.4,2,48802.9
0,126,2,38412.3,2,40644.8,7,161225.6,7,170810.2
1,14,7,113221.8,5,91444.8,6,131924.3,5,106731.5
1,15,12,194094.6,11,201178.6,8,175899.1,8,170770.5
1,21,2,36141,1,19082,1,19998,1,19899.9
1,22,13,234916.4,13,248065.8,13,259973.4,14,278599
1,23,6,108422.9,6,114491.9,8,159983.6,8,159199.4
1,43,2,49731,3,76660.5,3,76443.9,4,118750.7
1,44,37,911328.2,39,887952,38.5,1033584.2,36,1017759.8
1,45,13,266038.5,10,200060.6,7,173798.9,7,179892.6
1,57,,,,,,,2,48479.1
1,60,,,4,92982.8,5,112434,5,121126.1
1,63,2,48162.2,2,46491.4,2,44973.6,2,48450.4
1,71,6,120382.9,6,139616.6,6,157525.4,6,157157.1
1,75,4,83653.7,5,103288.5,10,254175.3,4,96796.5
1,76,2,41826.9,,,1,25417.5,,
1,77,6,125480.6,4,82630.8,2,50835.1,6,145194.8
1,79,3,62740.3,3,61973.1,,,2,48398.3
1,85,2,42607.7,2,43306.7,7,149691.6,3,77543.5
1,88,6,127823.2,5,108266.7,5,106922.6,1,25847.8
1,89,7,149127.1,11,238186.8,17,363536.8,12,310174
1,90,45,968531.1,52,1173738.3,80.5,1794026.4,48,1221918.9
1,91,104,1878668.5,103.5,1947157.9,122,2603201.9,99,2020692.6
1,92,11,216508.2,11,224619.8,12,268423.8,8,197232.1
1,93,9,177143.1,8,163359.9,6,134211.9,4,98616.1
1,96,1,20453.1,1,19596.2,2,40786.4,,
1,98,5,102265.3,5,97981.1,6,122359.3,5,96633.4
1,102,8,161422.3,10,214313.6,,,11,289575.2
1,104,3,60533.4,,,,,,
1,106,5,114321.6,3,68666,4,106164.7,4,106866
1,110,7,149236.3,8,164100.4,8,180153.3,7,179355
1,114,1,21319.5,2,41025.1,2,45038.3,2,51244.3
1,115,7,152137.9,6,139459.9,6,138964.3,7,180005.9
1,116,7,152137.9,8,185946.5,7,162125.1,6,154290.7
1,123,8,153649.1,8,162579.1,8,184257.8,7,170810.2
1,124,2,38412.3,2,40644.8,2,46064.4,2,48802.9
2,1,6,127162.1,8,183847.4,5,114290.8,9,207192.3
2,4,12,254324.3,9.5,218318.8,8.5,194294.3,12.5,287767.1
2,5,4,72336.6,4,65902.8,4,76625.9,4,90175.7
2,21,14,249129.5,12,225500.7,7,155447.6,8,184308.5
2,23,3,53384.9,5,93958.6,5,111034,6,138231.4
2,24,1,17795,1,18791.7,1,22206.8,1,23038.6
2,40,4,93145.8,3,70627.5,3,78153.4,3,80997.7
2,44,3,69859.3,3,70627.5,3.5,91178.9,4,107997
2,45,10,221419.6,10,239245,11,260799.3,11.5,263890.7
2,51,2,39677.3,2,42755,2,45773.7,2,47274
2,52,2,39677.3,2,42755,2,45773.7,2,47274
2,53,,,,,,,1,23637
2,54,,,,,,,1,23637
2,61,,,,,4,99379.9,4,104743.5
2,67,2,32776,1,17334.5,1,17364.9,,
2,71,28,591635,29.5,574879.9,37.5,855535.2,28.5,681598.9
2,78,,,,,,,1,25609.2
2,81,4,99485,4,91861.8,,,4,105702.5
2,83,4,99485,4,91861.8,2,44718.5,4,105702.5
2,84,4,99485,,,,,,
2,88,10,178686.4,10,197181.6,9,203885.7,8,183253.1
2,89,4,71474.5,4,78872.6,7,158577.8,3,68719.9
2,90,90,1839978.7,92,1868447,129.5,2647577.6,83,1789539.1
2,91,153.5,2707336.9,164.5,3035856.9,200,3889331.4,134,2380588.8
2,92,56,954869.3,55.5,921130.6,75.5,1433131.8,55.5,1123116
2,95,,,,,,,1,28314.6
2,96,2,42760.3,6,148418.5,16,408755.3,8,226517
2,100,5,120989.7,5,104485.3,6,142317.8,8,239665.5
2,101,9,217781.5,9,188073.5,9.5,225336.4,1,29958.2
2,106,7,169068.7,6,152250.3,6,136167.4,7,184522
2,107,,,,,1,22694.6,3,79080.8
2,122,,,,,,,4,110584.9
3,4,13,275518,12,275771.1,11,251439.7,11,253235
3,5,45,777364.9,42.5,756145.5,36,738851.5,33,678380.9
3,17,5,97729.9,3,58677.4,3,63969.3,3,71793.1
3,24,12,213539.6,12,225500.7,15,333101.9,19,437732.6
3,41,9,209578,8,188339.9,7,182357.9,7,188994.7
3,42,5,116432.2,5,117712.4,5,130255.6,5,134996.2
3,44,2,46572.9,1,23542.5,1,26051.1,1,26999.2
3,45,8,177135.7,7,167471.5,4,94836.1,5,114735.1
3,51,2,39677.3,2,42755,,,,
3,52,14,277741.2,14,299285.3,12.5,286085.4,12,283643.9
3,53,18,357095.8,14,299285.3,14,320415.7,17,401828.9
3,54,35,724172.9,36,778536,33,744745.7,32.5,789242.6
3,55,13,254661.7,11,236846.8,7,148766.5,10,218496.6
3,58,,,,,1,21252.4,1,21849.7
3,59,5,97946.8,5,107657.6,5,106261.8,2,43699.3
3,60,38,699022.1,34,636765,32,609909.8,31,672081.7
3,61,38,759143,33,720746,34.5,673578.4,34,739437.6
3,62,2,42894.9,2,45300,2,49690,2,52371.8
3,65,4,65552.1,3,52003.4,3,52094.6,4,98202
3,67,,,2,34669,2,34729.7,2,49101
3,75,9,203744.9,9,196428.6,18,431113.2,11,281701.1
3,76,27,611234.6,32,698094.2,38,788087.9,19.5,499379.2
3,79,13,294298.2,16,349206.4,1,23950.7,18,460965.4
3,80,3,74613.8,7,160758.2,3,67077.7,7,184979.4
3,83,3,74613.8,2,45930.9,3,67077.7,2,52851.3
3,84,,,,,4,89437,,
3,86,3,53605.9,3,59154.5,5,113269.8,3,68719.9
3,88,7,125080.4,7,138027.1,6,135923.8,6,137439.8
3,89,87,1552112.9,86,1497292.5,119.5,2430006.3,75,1571729.1
3,90,54,1166900.3,60,1315921.1,105.5,2331009.6,58,1400773.6
3,91,70.5,1412704.3,66.5,1374183.9,76,1600757.3,56,1184706.5
3,92,35,695610.3,36,816140.7,40,932865.2,34,771819.2
3,93,,,,,,,2,44431.3
3,96,16,342082.2,17.5,432887.4,20.5,523717.7,15,424719.3
3,98,7,149661,7,173155,7,178830.4,3,84943.9
3,99,2,42760.3,2,49472.8,2,51094.4,2,56629.2
3,100,5,120989.7,5,104485.3,3,71158.9,5,149790.9
3,101,,,,,1,23719.6,2,59916.4
3,106,11,265679.4,13,329875.7,14,317723.8,15,395404.2
3,107,2,48305.3,2,50750.1,6,136167.4,6,158161.7
3,115,4,80113.9,4,78144.5,4,69727.4,4,74543.5
3,116,2,40057,1,19536.1,1,17431.9,1,18635.9
3,120,4,84837.3,3,67299.5,3,73545.3,3,82938.6
3,121,6,127255.9,5,112165.8,5,122575.5,6,165877.3
3,125,8,182092.2,6,141823.1,9,207603.6,9,222643.5
3,126,3,68284.6,5,118185.9,5,115335.4,5,123690.8
4,2,5,105968.5,3,68942.8,2,45716.3,2,46042.7
4,3,15,317905.4,17,390675.7,20,457163.1,19,437406
4,4,26,491399.1,23,467126,21,425609.5,22,480215.8
4,5,19,343598.9,24.5,403654.7,25,478911.7,13.5,304342.9
4,6,17,307430.6,16,263611.2,16,306503.5,15,338158.7
4,7,,,,,2,38312.9,1,22543.9
4,24,3,53384.9,1,18791.7,,,,
4,29,1,17795,1,24375.6,1,22206.8,1,27268.2
4,42,2,46572.9,3,70627.5,1,26051.1,,
4,50,6,119031.9,6,128265.1,5,114434.2,4,94548
4,51,14,277741.2,19,406172.9,21,480623.5,20.5,484558.3
4,54,,,,,,,1,23637
4,55,6,117536.2,6,129189.2,5,106261.8,5,109248.3
4,56,4,78357.4,4,86126.1,2,42504.7,2,43699.3
4,57,3,58768.1,3,64594.6,3,63757.1,3,65549
4,60,57,1176343,61,1366131.7,60,1367707.7,54,1419961.6
4,61,51,974689,51,994300.1,51.5,1131670.4,45.5,1012934.1
4,62,23,471965.7,23,421697.6,19,472054.5,29,645160.2
4,63,9,193027,11,249150.1,14,347829.7,14,366602.3
4,69,3.5,57358.1,4.5,78005.1,3.5,60777,4,98202
4,72,2,42259.6,4,77949.8,5,114071.4,5,119578.8
4,75,6,135829.9,9,196428.6,7,167655.2,12,307310.3
4,76,11,249021.5,12,261904.8,7,167655.2,24,614620.6
4,77,1,22638.3,,,4,95802.9,1,25609.2
4,78,,,1,21825.4,3,71852.2,,
4,79,19,430128.1,21,458333.4,,,17,435356.2
4,80,8,198970.1,12,275585.5,,,14,369958.9
4,86,2,35737.3,2,39436.3,,,2,45813.3
4,87,10,178686.4,11,216899.7,6,135923.8,10,229066.3
4,88,61,1076330.4,58.5,1042593.2,70,1521392.7,50,1186706.5
4,89,24,535948.9,23,453517.6,25,568663.7,23,547603.8
4,90,26,528583.1,27,544248.6,25,565599.4,23,510959.5
4,91,40,759176.5,37,768755.1,50,1065656.9,43,947283.8
4,92,50,1195635.4,67.5,1549464.4,62.5,1495796.5,54.5,1305457
4,93,1,20330.1,1,20157.4,3,67871.9,1,22215.6
4,100,,,2,41794.1,5,118598.1,4,119832.7
4,102,5,120989.7,5,104485.3,,,4,119832.7
4,106,3,72458,1,25375.1,1,22694.6,,
4,118,4,80113.9,4,78144.5,1,17431.9,1,18635.9
4,119,3,60085.4,3,58608.4,1,17431.9,2,37271.8
4,122,13,275721.1,12,269198,12,294181.1,8,221169.7
4,125,1,22761.5,1,23637.2,1,23067.1,5.5,136059.9
5,2,,,,,,,4,92085.5
5,3,10,211936.9,10,229809.2,10,228581.5,13,299277.8
5,6,3,54252.5,3,49427.1,3,57469.4,3,67631.7
5,10,,,1,19559.1,1,21323.1,1,23931
5,20,6,106769.8,7,131542.1,6,133240.8,5,115192.8
5,42,3,69859.3,3,70627.5,2,52102.2,2,53998.5
5,45,4,88567.8,2,47849,2,47418,2,45894
5,56,10,195893.6,10,215315.3,10,212523.6,8,174797.3
5,57,10,195893.6,14,301441.4,13,276280.7,17,371444.3
5,58,13,254661.7,15,322972.9,15,318785.4,14,305895.3
5,59,2,39178.7,2,43063.1,2,42504.7,2,43699.3
5,60,3,64342.3,3,67950,3,74534.9,4,104743.5
5,61,37,825346.7,39,868045,38,898753.8,38.5,877629.5
5,62,16,343159.1,18,407700.1,26,645969.4,25,654647
5,63,13,278816.7,12,271800.1,10,248449.8,9,235672.9
5,68,5,81940.1,5,86672.4,5,86824.3,5,122752.5
5,73,2,42259.6,2,38974.9,2,45628.5,2,47831.5
5,87,36,643270.9,33,650699.2,29,542339.7,30,633374
5,88,2,35737.3,2,39436.3,2,45307.9,2,45813.3
5,91,15,304951.8,19,382989.8,23,520351.4,20,444312.6
5,92,54,1132838.5,55,1212942.1,60,1417764.4,57,1486846
5,96,7,149661,7,173155,,,2,56629.2
5,100,2,48395.9,,,,,,
5,102,2,48395.9,3,62691.2,,,3,89874.6
5,103,2,48395.9,2,41794.1,,,1,29958.2
5,104,1,24197.9,,,,,1,29958.2
5,105,3,72458,4,101500.2,5,113472.8,5,131801.4
5,116,7,140199.4,6,117216.8,6,104591.1,6,111815.3
5,117,4,80113.9,4,78144.5,5,87159.3,5,93179.4
5,122,2,42418.6,2,44866.3,2,49030.2,2,55292.4
5,123,1,21209.3,1,22433.2,,,,
5,124,1,21209.3,1,22433.2,2,49030.2,2,55292.4
5,126,1,22761.5,1,23637.2,1,23067.1,1,24738.2
5,127,22,500753.5,20,472743.6,21,484408.5,24.5,606085.1
6,12,3,58638,3,58677.4,2,42646.2,2,47862.1
6,15,1,19546,1,19559.1,1,21323.1,1,23931
6,18,2,39092,2,39118.3,2,42646.2,2,47862.1
6,19,1,19546,1,19559.1,1,21323.1,1,23931
6,20,1,17795,1,18791.7,,,1.5,34557.8
6,41,3,69859.3,3,70627.5,3,78153.4,3,80997.7
6,42,9,209578,8,188339.9,8,208409,8,215993.9
6,48,3,66425.9,3,71773.5,2,47418,4,91788.1
6,49,2,44283.9,2,47849,2,47418,1,22947
6,51,4,79354.6,5,106887.6,3,68660.5,2,47274
6,53,4,79354.6,4,85510.1,,,4,94548
6,54,2,39677.3,2,42755,3,68660.5,3,70911
6,60,21,450396.3,19,430350.1,21,521744.5,20,523717.6
6,61,7,150132.1,7,158550,7,173914.8,7,183301.2
6,66,8,131104.1,10,173344.8,11,191013.4,7,171853.5
6,67,2,32776,2,34669,2,34729.7,1,24550.5
6,68,4,65552.1,2,34669,,,1,24550.5
6,70,3,63389.5,4,77949.8,4,91257.1,4,95663
6,83,6,149227.6,4,91861.8,7,156514.7,3,79276.9
6,89,2,35737.3,2,39436.3,2,45307.9,2,45813.3
6,90,2,40660.2,4,80629.4,2,45248,4,88862.5
6,91,19,386272.3,19,382989.8,2,45248,18,399881.3
6,94,9,182971.1,9,181416.2,,,7,155509.4
6,96,,,,,,,4,113258.5
6,98,10,213801.4,7,173155,,,7.5,212359.7
6,99,4,85520.5,4,98945.7,2,51094.4,4,113258.5
6,117,3,60085.4,2,39072.3,2,34863.7,5,93179.4
6,118,5,100142.4,5,97680.6,5,87159.3,5,93179.4
6,124,12,254511.8,8,179465.4,8,196120.8,7,193523.5
6,127,9,204853.7,11,260009,13,299871.9,16,395810.7
7,8,,,,,1,22858.2,1,22543.9
7,12,2,39092,2,39118.3,2,42646.2,2,47862.1
7,20,20,483902.2,20.5,499699,20,518413.3,17,463560.2
7,41,4,80677.4,3,65677.2,2,45549.8,2,52837.9
7,42,15,302540.4,14,306493.6,12,273298.9,8,211351.7
7,43,6,121016.2,7,153246.8,7,159424.3,3,79256.9
7,44,6,121016.2,6,131354.4,6,136649.4,5,132094.8
7,60,11,244464.6,11,235198.3,10,251300.4,13,319156.6
7,61,16,355584.9,16,342106.6,14,351820.6,13,319156.6
7,64,2,44448.1,2,42763.3,2,50260.1,2,49101
7,65,16,341499.6,14,306660.6,12,273040.7,11,280466.4
7,66,8,170749.8,7,153330.3,7,159273.8,7,178478.6
7,68,6,128062.3,8,175234.6,9,204780.6,9,229472.5
7,75,2,34441.2,1,18563.6,1,23633,1,23915.8
7,76,1,17220.6,1,18563.6,4,94532.2,,
7,78,9,154985.2,4,74254.3,1,23633,4,95663
7,85,2,49742.5,2,45930.9,2,44718.5,2,52851.3
7,93,,,,,2,51094.4,,
7,100,4,96610.7,3,75255,,,2,50335
7,101,10,241526.7,9,225764.9,,,5,125837.4
7,105,5,120763.3,5,125425,3.5,83018.7,2,50335
7,119,2,40057,1,19536.1,1,17431.9,1,18635.9
7,121,1,16760.2,1,20725.8,1,23290.5,,
8,12,5,97729.9,5,97795.7,5,106615.4,4,95724.2
8,18,3,55712.3,4,81063.6,5,114100.6,5,100039.8
8,20,14,338731.5,14,341257.9,14,362889.3,15,409023.7
8,21,4,96780.4,4,97502.2,4,103682.7,4,109073
8,23,4,96780.4,4,97502.2,1,25920.7,2,54536.5
8,26,3,53384.9,3,73126.7,,,,
8,43,8,161354.9,9,197031.6,8,182199.2,8,211351.7
8,44,7,141185.5,6,131354.4,5,113874.5,4,105675.9
8,45,,,,,,,4,113232.6
8,47,4,98796.8,3,78111.5,3,77600.9,4,113232.6
8,48,3,74097.6,4,104148.6,7,181068.7,8,226465.3
8,51,2,39178.7,2,35923.8,2,42504.7,2,43699.3
8,63,1,22224.1,1,21381.7,1,25130,,
8,64,2,44448.1,2,42763.3,1,25130,1,24550.5
8,65,3,64031.2,3,65713,3,68260.2,3,76490.8
8,66,12,256124.7,14,306660.6,10,227533.9,12,305963.4
8,67,4,85374.9,4,87617.3,4,91013.6,4,101987.8
8,71,3,58621.3,3,68931.6,3,70899.1,3,77868.2
8,75,2,34441.2,1,18563.6,1,23633,,
8,81,2,44493.5,2,45295.2,1,22359.2,,
8,82,8,177974,7,158533.2,12,268310.9,9,235383.1
8,84,4,88987,6,135885.6,2,44718.5,3,78461
8,96,10,216064.1,15,348193.8,,,8,199070.6
8,97,4,86425.6,4,92851.7,,,4,99535.3
8,102,,,,,,,1,25167.5
8,103,5,120763.3,6,150509.9,,,6,151004.9
8,105,6,144916,5,125425,3,71158.9,3,75502.4
8,106,,,1,25085,1,23719.6,1,25167.5
8,118,2,40057,1,19536.1,1,17431.9,1,18635.9
9,0,4,84774.8,4,91923.7,,,,
9,1,,,,,4,91432.6,3,67631.7
9,4,5,105968.5,5,114904.6,5,114290.8,5,112719.6
9,11,4.5,87957,4.5,88016.2,6.5,138600.1,6.5,155551.8
9,12,4,78184,6,117354.9,7,149261.6,5,119655.2
9,18,3,55712.3,4,81063.6,3,68460.4,3,60023.9
9,19,40,742830.8,46,845558.2,40,912805,46,920366.2
9,20,5,120975.6,4,97502.2,7,181444.6,2,54536.5
9,43,1,20169.4,1,21892.4,1,22774.9,1,26419
9,44,9,181524.2,12,262708.8,13,296073.8,11,290608.6
9,45,1.5,37048.8,3,78111.5,3,77600.9,1,28308.2
9,46,2,49398.4,2,52074.3,2,51733.9,2,56616.3
9,48,3,74097.6,2,52074.3,,,,
9,52,1,19589.4,1,17961.9,1,21252.4,1,21849.7
9,53,,,,,3,63757.1,2,43699.3
9,66,7,149406.1,4,87617.3,5,113767,3,76490.8
9,67,13,277468.4,12,262851.9,12,273040.7,12,305963.4
9,68,7,149406.1,8,175234.6,9,204780.6,10,254969.5
9,71,1,19540.4,1,22977.2,1,23633,1,25956.1
9,72,8,156323.4,8,183817.5,11,259963.5,9.5,246582.8
9,73,5,97702.1,4,91908.8,4,94532.2,4,103824.3
9,74,,,,,,,4,103824.3
9,76,1,17220.6,3,55690.8,,,,
9,77,,,,,,,1,23915.8
9,78,3,51661.7,1,18563.6,,,,
9,79,2,34441.2,2,37127.2,,,,
9,80,6,133480.5,6,135885.6,5,111796.2,8,209229.4
9,81,21,467181.6,18,407656.7,25,558981.1,20,523073.6
9,82,6,133480.5,6,135885.6,2,44718.5,2,52307.4
9,83,4,88987,2,45295.2,4,89437,3,78461
9,85,3,74613.8,3,68896.4,,,,
9,92,2,42760.3,2,49472.8,,,3,84943.9
9,93,5,106900.7,4,98945.7,2,51094.4,2,56629.2
9,95,6,129638.4,3,69638.8,2,52684.2,3,74651.5
9,96,23,496947.4,18,417832.5,2,52684.2,17,423025.1
9,98,2,43212.8,2,46425.8,,,,
9,99,,,,,,,2,49767.7
9,106,,,1,25085,2,47439.3,1.5,37751.2
9,116,10,200284.8,9,175825.1,6,104591.1,4.5,83861.4
9,118,2,40057,2,39072.3,2,34863.7,1,18635.9
9,120,11,184362.5,11,227983.3,10,232904.5,9,205868.6
9,122,4,67040.9,4,82903,4,93161.8,4,91497.2
10,1,1,21193.7,1,22980.9,1,22858.2,1,22543.9
10,11,11,215005.9,13,254268.9,10,213230.9,11,263241.6
10,12,23,449557.8,20,391183,24.5,522415.6,23.5,562379.7
10,15,7,129995.4,7,141861.2,7,159740.9,5,100039.8
10,17,1,18570.8,1,20265.9,1,22820.1,,
10,18,3,55712.3,4,81063.6,3,68460.4,4,80031.8
10,19,4,74283.1,4,81063.6,5.5,125510.7,3,60023.9
10,43,6,121016.2,6,131354.4,8,182199.2,7,184932.8
10,45,5,123495.9,5,130185.8,5,129334.8,5,141540.8
10,48,7,172894.3,6,156222.9,6,155201.7,8,226465.3
10,52,4,78357.4,3,53885.7,1,21252.4,1,21849.7
10,59,2,39178.7,2,35923.8,2,42504.7,2,43699.3
10,60,8,177792.5,11,235198.3,8,201040.3,9,220954.6
10,61,4,88896.2,2,42763.3,2,50260.1,2,49101
10,65,7,149406.1,7,153330.3,7,159273.8,7,178478.6
10,68,2,42687.4,2,43808.7,2,45506.8,2,50993.9
10,69,3,64031.2,5,109521.6,5,113767,12,305963.4
10,70,6,117242.5,6,137863.1,5,118165.2,5,129780.4
10,79,2,34441.2,3,55690.8,2,47266.1,1,23915.8
10,80,,,,,1,22359.2,,
10,82,11,244714.2,12,271771.1,7,156514.7,13,339997.8
10,83,2,44493.5,2,45295.2,,,1.5,39230.5
10,86,,,,,,,2,52851.3
10,88,1,24871.3,1,22965.5,2,44718.5,3,79276.9
10,90,2,42760.3,2,49472.8,,,1,28314.6
10,91,,,,,,,2,56629.2
10,93,,,,,,,2,56629.2
10,96,17,367308.9,19,441045.4,7,184394.8,22,547444.3
10,97,27,583373,38,871538.9,3,79026.3,40,984162
10,98,4,86425.6,4,92851.7,4,105368.5,4,99535.3
10,99,1,21606.4,1,23212.9,,,,
10,103,4,96610.7,4,100340,1,23719.6,1,25167.5
10,121,4,67040.9,4,82903,4,93161.8,4,91497.2
10,127,2,33520.5,1,20725.8,,,,
11,11,3,58638,2,39118.3,2,42646.2,2,47862.1
11,12,5,97729.9,5,97795.7,5,106615.4,5,119655.2
11,43,13,262201.7,14,306493.6,13,296073.8,9,237770.7
11,48,12,296390.3,14,364520.2,13,336270.4,11,311389.7
11,49,8,197593.5,8,208297.2,8,206935.6,4.5,127386.7
11,55,6,117536.2,5,89809.5,4,85009.4,4,87398.7
11,56,2,39178.7,3,53885.7,,,1,21849.7
11,57,4,78357.4,4,71847.6,4,85009.4,4,87398.7
11,58,3,58768.1,3,53885.7,3,63757.1,5,109248.3
11,60,2,44448.1,2,42763.3,2,50260.1,2,49101
11,62,4,88896.2,3,64145,3,75390.1,3,73651.5
11,69,,,2,43808.7,2,45506.8,,
11,70,8,156323.4,5,114885.9,3,70899.1,2,51912.2
11,71,2,39080.8,3,68931.6,3,70899.1,3,77868.2
11,72,10,195404.2,11,252749.1,7,165431.3,10,259560.8
11,73,9,175863.8,9,206794.7,8,189064.4,9,233604.7
11,75,1,17220.6,2,37127.2,2,47266.1,2,47831.5
11,79,2,34441.2,2,37127.2,,,3,71747.3
11,82,13,289207.7,12.5,283094.9,4,89437,18.5,483843.1
11,83,14,311454.4,16,362361.5,8.5,190053.6,16,418458.9
11,86,,,6,137792.8,,,2,52851.3
11,87,6,149227.6,,,3,67077.7,,
11,90,,,2,49472.8,,,,
11,91,8,171041.1,7,173155,,,2,56629.2
11,96,16,345702.5,11,255342.1,5.5,144881.6,20,497676.6
11,97,25,540160.2,17,394619.6,24,632210.8,18,447908.9
11,98,44,800951.2,49,910860.5,39,733583.9,47,881740.1
11,99,4,86425.6,4,92851.7,2,52684.2,2,49767.7
11,100,2,48305.3,2,50170,4,94878.5,,
11,104,1,24152.7,1,25085,1,23719.6,1,25167.5
11,110,1,20028.5,1,19536.1,1,17431.9,,
11,126,3,50280.7,3,62177.3,2,46580.9,2,45748.6
11,127,2,33520.5,2,41451.5,2,46580.9,2,45748.6
12,0,1,16524.8,1,18316.7,1,21159.3,1,22524.5
12,5,,,,,3,63477.8,3,67573.5
12,6,,,1,24450.7,1,21159.3,1,22524.5
12,43,11,317489.9,13,384437.9,11,359566.5,10,316442.4
12,44,14,404078.1,14,414010,17,555693.7,18,569596.3
12,47,2,36000.1,2,40303.3,2,46047.3,2,49080.5
12,48,27,573681.2,31,667434.3,30,605110,28,630435.7
12,49,36,709485.3,29,622392.4,39,805964.2,41,889051.2
12,50,,,4,82756.2,,,,
12,55,3,65468.6,3,69105.3,3,70100,3,75824.5
12,56,,,,,2,46733.3,2,50549.7
12,58,1,21822.9,1,23035.1,1,23366.7,1,25274.8
12,61,7,186149.5,7,155451.1,6,141659.5,5.5,133645.4
12,62,7,186149.5,6,133243.8,4,94439.7,4,97196.6
12,65,1,19054.2,1,22207.3,1,23609.9,1,24299.2
12,66,10,190542.2,9,199865.6,8,188879.3,6,145794.9
12,71,3,51512.6,3,57452,2,41516.5,,
12,73,8,137367,6,114903.9,9,186824.1,7.5,155043.9
12,74,3,51512.6,2,38301.3,2,41516.5,3,62017.6
12,75,9,178759.7,8,184876.9,10,254546.8,14,342978.3
12,76,6,119173.2,5,115548.1,6,152728.1,6,146990.7
12,79,2,39724.4,2,46219.2,5,127273.4,,
12,80,,,,,,,2,44915.3
12,83,,,,,,,1,22457.7
12,84,3,61984.7,3,63045.6,4,84281.4,3,67373
12,89,5,88395,5,86751.5,,,,
12,90,1,23267.7,1,23179.1,,,4,92599.9
12,93,2,46535.4,2,46358.3,,,,
12,94,9,209409.2,7,162253.9,4,82342.2,8,185199.8
12,96,4,73633.4,6,128770.9,,,1,23679.4
12,98,10,184083.4,11,236080,12,247026.6,10,236793.7
12,100,,,,,1,27859.5,4,103343.3
12,101,1,23323.6,1,27326.3,,,,
12,105,1,22422,1,24657.1,1,26039.6,,
12,106,2,44843.9,2,49314.3,6,156237.8,6,158741.5
12,107,2,44843.9,1,24657.1,1,26039.6,1,26456.9
12,116,18,324929,17,323624.3,23,450725,27,601289.9
12,117,13,234670.9,12,228440.7,11,215564.1,11,244970
12,119,1,18051.6,1,19036.7,2,39193.5,3,66810
12,120,6,113930.9,6,124629.2,6,143570.9,5,110700.6
12,123,3,56965.4,6,124629.2,5.5,131606.7,4,88560.5
12,125,3,60844.4,2,44302.9,2,43953.1,2,48323
12,126,3,60844.4,3,66454.4,4,87906.1,4,96646.1
12,127,10,202814.7,10,221514.6,12,263718.4,10,241615.2
13,2,1,16524.8,1,18316.7,1,21159.3,1,22524.5
13,3,3,49574.4,3,54950.1,2,42318.5,2,45049
13,4,4,66099.2,3,54950.1,2,42318.5,2,45049
13,5,4,96103.3,4,97802.6,1,21159.3,4,90098
13,6,2,48051.7,2,48901.3,2,42318.5,2,45049
13,9,2,48051.7,2,48901.3,,,1,22524.5
13,22,4,76369.5,4,85821.9,4,83715.2,5,113507.2
13,44,35,875791,37,954151.3,41,1093924.8,41,1129643.4
13,45,14,252000.8,21,423184.3,24,552568.2,19,466264.6
13,49,24,432001.4,25,503790.8,16,368378.8,24,588965.8
13,50,63.5,1073293.6,59,958879.3,66.5,1261126.4,59,1198640.4
13,51,,,2,41378.1,3,67047.9,3,63994
13,52,2,42657.6,2,41378.1,2,44698.6,2,42662.7
13,54,5,106644.1,5,103445.3,5,111746.4,5,106656.7
13,55,,,,,3,70100,3,75824.5
13,56,6,130937.1,6,138210.5,3,70100,3,75824.5
13,58,2,43645.7,,,1,23366.7,1,25274.8
13,59,1,21822.9,3,69105.3,2,46733.3,4,101099.4
13,64,4,106371.1,2,44414.6,2,47219.8,2,48598.3
13,67,6,114325.3,6,133243.8,5,118049.6,5,121495.8
13,69,,,,,,,3,72897.5
13,70,3,51512.6,,,,,,
13,73,2,34341.8,2,38301.3,2,41516.5,2,41345
13,78,,,4,92438.5,5,127273.4,5,122492.2
13,79,3,59586.6,2,46219.2,,,6,146990.7
13,80,9,185954.1,9,189136.9,,,5,112288.4
13,81,4,82646.2,4,84060.8,4,84281.4,7,157203.7
13,82,21,433892.8,24,504365.1,19,400336.6,20,449153.4
13,84,29.5,609516.1,27,567410.7,3,63211,22.5,505297.6
13,87,3,53037,1,17350.3,,,,
13,90,2,46535.4,2,46358.3,,,6.5,150474.8
13,95,7,128858.4,7,150232.7,,,8,189435
13,96,,,,,,,1,23679.4
13,102,4,93294.5,4,109305.3,5,139297.5,5,129179.1
13,105,,,2,49314.3,2,52079.3,2,52913.8
13,106,,,5,123285.6,,,,
13,107,4,89687.9,7.5,184928.5,7.5,195297.3,4,105827.7
13,110,1,18051.6,1,19036.7,1,19596.7,1,21683.1
13,115,5,90258.1,5,95183.6,4,78386.9,4,89080
13,116,12,216619.3,22,418808,19,372338,19,423130
13,117,1,18051.6,,,,,,
13,119,6,108309.7,6,114220.4,6,117580.4,6,133620
13,123,2,37977,,,,,,
13,125,4.5,91266.6,4,88605.9,5,109882.7,5,120807.6
13,126,15,304222,14,310120.5,16,351624.5,13,314099.7
13,127,9,182533.2,17,376574.9,22,483483.7,23,555714.9
14,21,2,38184.7,2,42910.9,2,41857.6,2,45402.9
14,44,11,317489.9,11,325293.6,11,359566.5,9,284798.1
14,45,1,18000.1,,,1,23023.7,1,24540.2
14,50,12,255945.8,17,351714,13,290540.8,13,277307.5
14,51,5,106644.1,4,82756.2,3,67047.9,3,63994
14,52,30,679494.3,30,704655.6,27,697728.9,25,672595.4
14,53,27.5,649887,29,622014,32,712532.8,29,657619.5
14,56,7,152760,,,3,70100,,
14,58,,,2,46070.2,,,,
14,69,2,38108.4,1,22207.3,1,23609.9,1,24299.2
14,70,10,171708.8,10,191506.6,10,207582.3,10,206725.2
14,75,2,39724.4,2,46219.2,2,50909.4,2,48996.9
14,78,2,39724.4,2,46219.2,1,25454.7,1,24498.4
14,80,48.5,1129131.3,43.5,830152.6,19,400336.6,44,1042481.1
14,81,12,247938.7,16.5,346751,2.5,52675.9,19.5,437924.6
14,82,28,578523.7,25,525380.3,43,876561.4,23,516669.8
14,83,,,,,4,84281.4,,
14,84,6,123969.4,7,147106.5,4,84281.4,4,89830.7
14,85,2,35358,3,52050.9,,,1,22103
14,90,6,139606.1,4,92716.5,,,3,69449.9
14,92,1,23267.7,1,23179.1,,,1,23150
14,96,4,73633.4,3,64385.5,3,61756.7,4,94717.5
14,97,6,110450,6,128770.9,,,6,142076.2
14,100,4,93294.5,3,81979,1,27859.5,1,25835.8
14,102,3,69970.9,3,81979,3,83578.5,3,77507.5
14,104,11,256559.9,9,245936.9,11,306454.6,10,258358.2
14,105,4,89687.9,4,98628.5,3,78118.9,2,52913.8
14,106,2,44843.9,2,49314.3,2,52079.3,5,132284.6
14,107,,,,,,,1,26456.9
14,109,14,313907.5,15,369856.9,13,338515.3,9,238112.3
14,114,3,54154.8,3,57110.2,1,19596.7,,
14,116,2,36103.2,2,38073.5,2,39193.5,2,44540
14,119,,,4,76146.9,5,97983.7,5,111350
14,127,6,121688.8,5,110757.3,6,131859.2,5,120807.6
15,0,5,82624,5,91583.4,4,84637,3,67573.5
15,4,4,66099.2,4,73266.7,5,105796.3,5,112622.5
15,10,2,43504.2,2,44016.8,2,45294.8,,
15,11,1,21752.1,1,22008.4,,,1,25436.2
15,15,2,41762.2,2,42067.3,3,70266.3,2,46790.5
15,19,4,83524.4,4,84134.5,4,93688.5,3,70185.7
15,26,2,38184.7,6,128732.8,6,125572.8,6,136208.6
15,27,3,57277.1,2,42910.9,2,41857.6,2,45402.9
15,37,,,1,29178.4,1,28004.4,,
15,44,16,461803.6,15,443582.1,10,326878.6,12,379730.9
15,45,4,72000.2,6,120909.8,7,161165.7,1,24540.2
15,51,3,63986.4,2,41378.1,2,44698.6,2,42662.7
15,52,2,42657.6,2,41378.1,,,,
15,53,15,319932.2,14,289646.8,13,290540.8,13,277307.5
15,55,,,,,2,46733.3,2,50549.7
15,56,,,,,1,23366.7,6,151649
15,67,2,38108.4,2,44414.6,2,47219.8,2,48598.3
15,68,9,171488,9,199865.6,8,188879.3,12,291589.9
15,69,4,76216.9,4,88829.2,,,,
15,70,4,68683.5,4,76602.6,4,83032.9,4,82690.1
15,72,4,68683.5,5,95753.3,5,103791.1,4,82690.1
15,74,1,17170.9,1,19150.7,1,20758.2,1,20672.5
15,79,2,39724.4,2,46219.2,2,50909.4,2,48996.9
15,80,16,330585,17,357258.6,24,530086.7,23,570629.1
15,81,8,165292.5,6,126091.3,5,105351.7,7,157203.7
15,87,2,35358,2,34700.6,10.5,243087.1,,
15,92,5,116338.4,5,115895.7,,,5,115749.9
15,97,,,1,21461.8,,,,
15,104,2,46647.3,2,54652.7,2,55719,2,51671.6
15,105,9,201797.7,6,147942.8,6.5,169257.6,7,185198.4
15,106,20,385956.2,20,408925.2,24,519303.2,43.5,928000.1
15,107,2,44843.9,2,49314.3,2,52079.3,7,185198.4
15,109,9,201797.7,9,221914.2,11,286436,9,238112.3
15,110,4,72206.4,4,76146.9,4,78386.9,3,65049.2
15,114,3,54154.8,3,57110.2,2,39193.5,4,86732.3
15,120,3,56965.4,3,62314.6,3,71785.5,2,44280.3
15,123,6,113930.9,8,166172.2,7,167499.4,8,177121
15,125,3,60844.4,3,66454.4,3,65929.6,3,72484.6
16,5,2,48051.7,2,48901.3,2,42318.5,1,22524.5
16,9,1,24025.8,1,24450.7,1,21159.3,1,22524.5
16,10,4,87008.4,3,66025.2,2,45294.8,2,50872.5
16,11,2,43504.2,4,88033.6,5,113237,5,127181.2
16,12,6,130512.5,6,132050.4,4,90589.6,4,101745
16,13,4,87008.4,4,88033.6,4,90589.6,8,203490
16,15,2,41762.2,1,21033.6,1,23422.1,1,23395.2
16,17,7,146167.7,6,126201.8,8,187376.9,8,187161.9
16,18,12,250573.1,10,210336.3,9,210799,10,233952.3
16,21,10,190923.7,7,150188.3,2,41857.6,2,45402.9
16,23,8,152738.9,7,150188.3,6,125572.8,5,113507.2
16,25,1,19092.4,1,21455.5,1,20928.8,1,22701.4
16,26,11,210016,8,171643.8,7,146501.6,6,136208.6
16,27,,,,,2,41857.6,2,45402.9
16,32,4,95768.7,4,116713.4,4,112017.7,4,116766.6
16,37,7,167595.2,9,262605.3,7,196031,7,204341.5
16,38,26,622496.5,21,612745.6,24,672106.4,24,700599.3
16,44,6,173176.3,6,177432.9,4,130751.5,6,189865.4
16,45,5,90000.3,4,80606.5,2,46047.3,5,122701.2
16,54,2,42657.6,4,82756.2,3,67047.9,3,63994
16,57,1,21822.9,1,23035.1,1,23366.7,1,25274.8
16,58,15,327342.8,15,345526.3,14,327133.4,15,379122.6
16,63,3,79778.4,3,66621.9,7,165269.4,6,145794.9
16,64,7,186149.5,7,155451.1,4,94439.7,4,97196.6
16,67,2,38108.4,2,44414.6,3,70829.7,2,48598.3
16,72,4,68683.5,3,57452,3,62274.7,3,62017.6
16,73,3,51512.6,3,57452,4,83032.9,4,82690.1
16,77,9,178759.7,9,207986.5,5,127273.4,5,122492.2
16,85,2,35358,2,34700.6,,,2,44206.1
16,88,,,,,,,1,22103
16,92,2,46535.4,3,69537.4,,,3.5,81024.9
16,97,1,18408.3,,,,,1,23679.4
16,103,7,163265.4,7,191284.3,7,195016.6,7,180850.7
16,105,6,134531.8,6,147942.8,4,104158.5,2,52913.8
16,106,63,1037589.4,53,905762,51,936971.3,43.5,882848.3
16,107,22.5,504494.2,19,468485.5,20,520792.7,20,590243.7
16,117,2,36103.2,2,38073.5,2,39193.5,2,44540
16,120,1,18988.5,1,20771.5,1,23928.5,1,22140.1
17,2,2,48051.7,2,48901.3,,,,
17,3,2,48051.7,,,2,45789.3,2,48690.7
17,4,7,168180.8,8,195605.3,5,114473.2,5,121726.8
17,5,46,895811.2,63,1162129,58,1189681.5,60,1176771.5
17,6,23,431285.4,20,373990.7,15,304399.2,18,387233.9
17,7,18.5,346903.5,14.5,271143.3,18,365279,17,365720.9
17,17,19,383372.8,17,376790.9,19,404089.7,15,325412.9
17,18,32,682527,34,697625.1,35,721317.9,35,756722.7
17,19,36,722315.2,36,698285.2,38,812771.4,37,890920.2
17,20,38,772110,38,710930.8,38,857806.2,35.5,866873.9
17,21,9,184359.8,9,206847.5,9,223238.2,8,192497.8
17,26,2,38184.7,2,42910.9,2,41857.6,2,45402.9
17,31,11,252314,12,237942.4,13,310022.9,12,310364.2
17,32,2,45875.3,5,99142.7,6,143087.5,6,155182.1
17,36,2,51513.4,2,51166.8,2,52170.4,2,51514.3
17,37,15,386350.8,13,332584.3,13,339107.9,12,309086.1
17,38,24,618161.3,26,665168.5,29,792149.3,27,801037.7
17,39,8,206053.8,9,230250.6,5,130426.1,6,154543
17,46,12,295415.5,12,314359.9,14,357434.1,13,368681.2
17,47,1,24618,,,1,25531,1,28360.1
17,50,3,61202.7,,,,,,
17,54,,,,,,,1,30061.7
17,56,3,57528.7,3,57796.2,4,91018.2,1,22927.7
17,58,9,172586.2,8,154123.1,8,182036.4,8,183421.4
17,59,3,57528.7,2,38530.8,2,45509.1,2,45855.3
17,60,3,73008.5,3,80889,3,72812.5,3,76076.4
17,65,4,78183.3,3,54163.3,3,60571,2,49507.1
17,69,2,39091.7,3,54163.3,3,60571,3,74260.6
17,73,2,43056.4,2,47749.3,2,53306,2,51266.4
17,74,2,43056.4,1,23874.6,2,53306,2,51266.4
17,79,5,107640.9,5,128509,2,48625.8,6,161560.6
17,82,9,203752.5,9,200632.6,9,208360.4,9,227001.9
17,83,5,113195.8,5,111462.6,5,115755.8,5,126112.1
17,84,20,452783.3,12,267510.2,6,138906.9,21,529671
17,85,6,106074,6,104101.8,1,23151.2,4,88412.1
17,86,3,53037,3,52050.9,2,46302.3,4,88412.1
17,89,2,35358,2,34700.6,,,,
17,92,4,73633.4,5,107309.1,,,2,47358.7
17,94,3,55225,3,64385.5,,,3,71038.1
17,96,3,51494.9,5,90912.3,,,8,153298.6
17,106,17,371959.3,18,391435.9,18,394976.1,22,512438
17,107,72,1190168.6,59.5,1127490.8,64,1266443.3,60.5,1282447
17,108,5,109399.8,4,86985.8,3,65829.4,3,69877.9
17,110,1,18051.6,1,19036.7,,,1,21683.1
17,115,6,116923.2,5,98121.9,4,82038.5,4,86732.3
17,116,3,58461.6,3,58873.1,3,61528.9,3,65049.2
17,120,14,266767.3,18,378052.2,15,299854.6,15,331696.2
17,124,2,38109.6,2,42005.8,2,39980.6,2,44226.2
18,5,24,471545.8,28,551745.2,26,535243.4,28,611770.3
18,6,30,778898.5,33,787775.3,27,740430.6,23,647110.3
18,7,26,528621.4,28,516364.8,29,543781.9,29,616462.6
18,16,1,20177.5,1,22164.2,,,4,86776.8
18,17,2,40355,1,22164.2,3,63803.6,12,260330.4
18,18,1,20177.5,1,22164.2,,,,
18,19,2,40355,2,44328.3,3,63803.6,3,65082.6
18,20,20,409688.4,19,436678,20,496085,20.5,493275.6
18,21,21,430172.8,23,412600.6,25,512408.7,18,433120
18,23,1,20484.4,,,,,1,24062.2
18,24,6,122906.5,5,114915.3,5,124021.2,6,144373.3
18,31,4,91750.5,4,79314.1,2,47695.8,2,51727.4
18,32,1,22937.6,1,19828.5,2,47695.8,2,51727.4
18,34,4,91750.5,4,79314.1,7,166935.4,4,103454.7
18,38,51,1423893.9,46.5,1377975.1,47.5,1373418.2,45.5,1581631.2
18,39,26,571389.4,30,681363.5,26,565194.8,28,631170.3
18,46,4,98471.8,5,130983.3,4,102124,4,113440.4
18,47,17,418505.3,14,366753.2,13,331903.1,14,397041.3
18,65,8,156366.6,7,126381.1,9,181713,10,247535.5
18,66,1,19545.8,1,18054.4,1,20190.3,1,24753.5
18,67,1,19545.8,1,18054.4,1,20190.3,1,24753.5
18,70,2,43056.4,2,47749.3,1,26653,1,25633.2
18,71,5,107640.9,2,47749.3,,,,
18,72,,,,,2,53306,1,25633.2
18,74,3,64584.5,4,95498.5,3,79959,2,51266.4
18,75,,,,,1,24312.9,1,26926.8
18,78,5,107640.9,6,154210.8,4,97251.6,4,107707.1
18,82,2,45278.3,2,44585,2,46302.3,2,50444.9
18,83,9,203752.5,12,267510.2,10,231511.5,10,252224.3
18,84,4,90556.7,8,178340.1,8,185209.2,6,151334.6
18,89,,,2,34700.6,,,2,44206.1
18,90,2,36816.7,,,2,41171.1,,
18,96,4,68659.9,8,145459.7,,,6,114974
18,106,6,131279.7,8,173971.5,9,197488.1,8,186341.1
18,107,4,87519.8,2,43492.9,16.5,362061.4,4,93170.5
18,110,5,90258.1,4,76146.9,4,78386.9,4,86732.3
18,114,,,,,1,19596.7,1,21683.1
18,115,10,194872,10,196243.8,10,205096.3,10,216830.7
18,116,6,116923.2,10,196243.8,11,225605.9,7,151781.5
18,119,7,136410.4,7,137370.7,8,164077,7,151781.5
18,120,6,114328.9,7,147020.3,7,139932.2,8,176904.7
18,123,3,57164.4,6,126017.4,10,199903.1,4,88452.3
18,124,2,38109.6,2,42005.8,4,79961.2,2,44226.2
18,125,9,170896.3,7,145400.7,4,95713.9,3,66420.4
19,2,5,120129.1,5,122253.3,4,91578.6,4,97381.4
19,3,3,72077.5,3,73352,3,68683.9,3,73036.1
19,6,22,397236.6,15,253957.3,21,351086.2,19,364272.8
19,7,2,37503.1,2,37399.1,4,81173.1,4,86052
19,16,3,60532.5,1,22164.2,1,21267.9,2,43388.4
19,17,5,100887.6,5,110820.9,3,63803.6,4,86776.8
19,20,5,102422.1,4,91932.2,4,99217,2,48124.4
19,21,5,102422.1,5,114915.3,4,99217,7,168435.6
19,23,9,184359.8,9,206847.5,11,272846.7,12,288746.7
19,25,2,38184.7,2,42910.9,1,20928.8,1,22701.4
19,33,5,114688.2,6,118971.2,6,143087.5,6,155182.1
19,34,36,837579.3,38,887173.5,35,865716.2,39,928090.4
19,35,8,206053.8,7,179083.8,9,234767,9,231814.6
19,39,5.5,141662,6.5,166292.1,3.5,91298.3,3.5,90150.1
19,40,2,57725.4,2,59144.3,2,65375.7,2,63288.5
19,46,14,344651.5,15,392949.9,11,280841.1,10,283600.9
19,47,15,369269.4,13,340556.6,12,306372.1,10,283600.9
19,48,2,49235.9,2,52393.3,2,51062,2,56720.2
19,63,5,121680.8,7,188740.9,7,169895.8,6,152152.8
19,65,1,19545.8,,,1,20190.3,1,24753.5
19,72,2,43056.4,2,47749.3,,,3,76899.5
19,73,7,150697.3,4,95498.5,8,213224.1,8,205065.5
19,79,3,64584.5,4,102807.2,4,97251.6,4,107707.1
19,99,10,171649.7,10,181824.6,9,185270,9,172461
19,102,6,139941.8,6,108248,6,117101.7,3,71385.1
19,104,1,23323.6,1,18041.3,2,39033.9,3,71385.1
19,105,5,109399.8,5,108732.2,5,109715.6,5,116463.2
19,106,32,700158.7,29,630646.8,33,724122.9,39,842678
19,107,,,,,1,21943.1,1,23292.6
19,117,4,77948.8,2,39248.8,2,41019.3,2,43366.1
19,120,15,285822.1,15,315043.5,13.5,269869.2,12.5,276413.5
19,121,5,95274,5,105014.5,5,99951.5,5,110565.4
19,124,5,95274,4,84011.6,4,79961.2,3,66339.2
19,126,2,37977,2,41543.1,2,47857,4,88560.5
20,0,2,48051.7,2,48901.3,,,,
20,2,1,24025.8,1,24450.7,2,45789.3,2,48690.7
20,3,6,144155,6,146704,5,114473.2,6,146072.1
20,5,10,187515.4,9,168295.8,9,182639.5,8,172104
20,6,41,965704.2,44,987750.5,55,1234524.2,59,1297289.8
20,7,14,262521.5,11,205694.9,5,101466.4,3,64539
20,14,,,,,2,45294.8,2,50872.5
20,16,3,60532.5,3,66492.5,4,85071.5,4,86776.8
20,17,5,100887.6,5,110820.9,5,106339.4,5,108471
20,18,6,121065.1,6,132985,6,127607.3,6.5,141012.3
20,21,,,,,,,3,72186.7
20,33,1,22937.6,1,19828.5,1,23847.9,1,25863.7
20,34,54,1420404.2,52,1298894.9,54,1358658.7,52,1552943.6
20,35,5,128783.6,5,127917,5,130426.1,5,128785.9
20,39,2,51513.4,2,51166.8,2,52170.4,2,51514.3
20,40,2,57725.4,2,59144.3,2,65375.7,2,63288.5
20,46,8,196943.7,8,209573.3,8,204248,7,198520.6
20,47,16,393887.4,15,392949.9,20,607977,19,589082.2
20,48,3,73853.9,4,104786.6,4,102124,4,113440.4
20,59,3,57528.7,2,38530.8,2,45509.1,1,22927.7
20,60,8,194689.3,7,188740.9,12,291250,12,304305.7
20,62,7,170353.1,10,269629.9,10,242708.3,10,253588.1
20,63,6,146017,6,161777.9,7,169895.8,7,177511.7
20,64,8,194689.3,6,161777.9,11.5,279114.6,15,380382.1
20,65,3,58637.5,5.5,99299.4,6,121142,6,148521.3
20,67,1,19545.8,2,36108.9,,,1,24753.5
20,69,8,156366.6,8,144435.5,7,141332.3,6,148521.3
20,80,7,158474.2,4,89170.1,9,208360.4,13.5,340502.8
20,85,2,35358,2,34700.6,,,,
20,86,2,35358,2,34700.6,,,4,88412.1
20,91,3,55225,3,64385.5,,,3,71038.1
20,93,2,36816.7,2,42923.6,2,41171.1,,
20,94,4,73633.4,3,64385.5,5,102927.8,5,118396.9
20,99,,,,,2,41171.1,1,19162.3
20,101,,,,,,,1,23795
20,102,1,23323.6,1,18041.3,1,19517,1,23795
20,106,6,131279.7,6,130478.6,6,131658.7,8,186341.1
20,107,13,284439.5,10,217464.4,11,241374.3,15,349389.5
20,108,4,87519.8,4,86985.8,5,109715.6,6,139755.8
20,119,16,311795.3,16,313990.1,14,287134.8,15,325246
20,120,36,652653.3,34,693248,31,658319.2,33,714090.2
20,121,6,114328.9,3,63008.7,5,99951.5,3,66339.2
20,122,,,3,63008.7,3,59970.9,1,22113.1
20,127,4,75953.9,4,83086.1,4,95713.9,3,66420.4
21,0,2,48051.7,2,48901.3,4,91578.6,3,73036.1
21,5,3,56254.6,1,18699.5,,,2,43026
21,6,9,168763.8,24,448788.9,24,487038.7,22,473285.9
21,7,20,375030.8,28,523587,28,568211.8,28,650545.2
21,8,2,37503.1,1,18699.5,1,20293.3,,
21,9,3,56254.6,2,37399.1,2,40586.6,2,43026
21,11,3,65256.3,2,44016.8,2,45294.8,2,50872.5
21,14,,,2,44016.8,,,,
21,18,1,20177.5,1,22164.2,2,42535.8,2,43388.4
21,23,2,40968.8,2,45966.1,2,49608.5,1,24062.2
21,25,,,2,42910.9,2,41857.6,4,90805.7
21,32,2,45875.3,2,39657.1,2,47695.8,2,51727.4
21,34,6,137625.8,5,99142.7,1,23847.9,,
21,35,13.5,347715.7,19.5,498876.4,19.5,508661.9,17.5,450750.5
21,38,2,51513.4,2,51166.8,2,52170.4,2,51514.3
21,47,10,246179.6,11,288163.2,10,255310.1,11,311961
21,48,21,516977.2,21,550129.8,26,542522.8,26,523220.9
21,51,5,102004.5,4,95256.6,3,75878.9,6,180370.1
21,52,28,571225.2,31,738238.8,27,682909.8,26,781603.6
21,53,11,224409.9,10,238141.5,9,227636.6,10,300616.8
21,54,1,20400.9,1,23814.2,,,1,30061.7
21,55,8,153410,8,154123.1,8,182036.4,8,183421.4
21,56,10,191762.5,17,327511.6,15,341318.2,14,320987.4
21,57,21,402701.2,19,366042.3,26,506662.8,24,439105
21,58,21.5,412289.3,19.5,375675,22.5,511977.3,21.5,492944.9
21,59,7,134233.7,3,57796.2,3,68263.6,3,68783
21,61,7,170353.1,7,188740.9,10,242708.3,10,253588.1
21,63,7,170353.1,2,53926,3,72812.5,3,76076.4
21,64,1,24336.2,,,1,24270.8,,
21,69,6,117275,6,108326.7,6,121142,4,99014.2
21,70,3,64584.5,2,47749.3,2,53306,2,51266.4
21,73,2,43056.4,2,47749.3,4,106612.1,4,102532.7
21,74,3,64584.5,3,71623.9,4,106612.1,4,102532.7
21,76,16,344450.9,16,411228.8,16,389006.3,17,457755
21,77,5,107640.9,5,128509,4,97251.6,3,80780.3
21,80,3,67917.5,7,156047.6,2,46302.3,2,50444.9
21,81,5,113195.8,8,178340.1,8,185209.2,8,201779.4
21,85,4,70716,4,69401.2,4,92604.6,6,132618.2
21,86,,,,,,,1,22103
21,87,3,53037,3,52050.9,,,2,44206.1
21,92,3,55225,3,64385.5,2,41171.1,2,47358.7
21,95,4,68659.9,5,90912.3,5,102927.8,5,95811.7
21,99,3,51494.9,3,54547.4,3,61756.7,4,76649.3
21,100,1,23323.6,1,18041.3,1,19517,1,23795
21,101,5,116618.1,5,90206.7,5,97584.8,5,118975.2
21,102,1,23323.6,1,18041.3,1,19517,1,23795
21,103,8,186589,9,162372.1,9,175652.6,9,214155.4
21,107,4,87519.8,4,86985.8,4,87772.5,4,93170.5
21,108,18,393839.2,18,391435.9,19,416919.2,18,419267.4
21,118,6,116923.2,8,156995,7,143567.4,7,151781.5
21,119,,,6,117746.3,9,184586.7,9,195147.6
21,120,2,38109.6,5,105014.5,7,139932.2,7,154791.6
21,122,1,19054.8,1,21002.9,1,19990.3,1,22113.1
22,1,,,,,2,42526,1,22590
22,5,14,273642,14,293422.7,13,280253.8,13,285879.8
22,7,17,332279.6,13,272464,14,301811.7,12,263889
22,8,12,234550.3,13,272464,13,280253.8,13,285879.8
22,9,2,39091.7,2,41917.5,2,43116,2,43981.5
22,12,,,3,64938.3,5,109592.8,7,157421.2
22,15,10,202323.1,8,173168.8,8,175348.5,14,314842.4
22,16,3,60696.9,3,64938.3,5,109592.8,5,112443.7
22,18,4,80929.2,4,86584.4,,,3,67466.2
22,20,1,22240.9,1,22674.2,1,22116.9,1,22795.3
22,21,7,155686,7,158719.3,6,132701.3,6,136772.1
22,22,2,44481.7,1,22674.2,1,22116.9,1,22795.3
22,23,16,355853.7,15,340112.9,14,309636.3,14,319134.9
22,24,2,44481.7,2,45348.4,,,2,45590.7
22,31,5,123515.6,6,163617.4,6,162227,8,251613.3
22,34,2,49406.2,2,54539.1,2,54075.7,2,62903.3
22,35,15,354681.5,16,388171.5,14.5,377592.8,13.5,371156.9
22,36,15,354681.5,16,388171.5,16,416654.2,16,439889.7
22,37,10,236454.3,8,194085.7,9,234368,9,247438
22,38,2,47290.9,2,48521.4,2,52081.8,2,54986.2
22,39,2,47290.9,2,48521.4,1,26040.9,1,27493.1
22,40,8,158068.7,9,184961.3,9,180079.1,9,189344.5
22,44,7,138310.1,6,123307.5,1,20008.8,3.5,73634
22,45,1,22379.7,2,39247.5,7,146017.7,6,135869.1
22,48,12,268556.8,12,235485.2,12.5,260745.8,15,339672.7
22,51,6,127848.7,5,107424.6,5,119466.2,5,120827.6
22,52,60,1285491.9,48,1044279.6,46,1007824.8,42.5,1017852.1
22,53,31,765070.8,30,790206.1,30,836340.6,27,747965.5
22,54,29,591834,29,617628.7,27,645117.6,29,700799.8
22,56,10,209694.9,8,177539.2,8,195263.2,6,143890.8
22,61,2,45478.6,2,49031.6,,,,
22,68,2,44694.7,2,39346.5,,,,
22,70,1,21546.7,2,45354.7,2,43972,2,50415.8
22,72,1,21546.7,1,22677.3,1,21986,1,25207.9
22,73,5,107733.4,5,113386.7,2,43972,2,50415.8
22,74,2,43093.4,2,45354.7,2,43972,2,50415.8
22,77,1,23323.5,1,23267.2,1,25319.5,1,24931.3
22,79,1,23323.5,2,46534.5,3,75958.4,,
22,80,2,39324.7,2,45677.6,2,44111.2,2,49710
22,84,4,78649.5,4,91355.2,4,88222.5,3,74565
22,86,4,77123.6,4,68514.9,,,,
22,91,6,115993.6,6,102085.4,,,6,150045.4
22,96,1,19332.3,1,17014.2,1,21567.9,1,25007.6
22,107,10,200252.8,9,198157.5,9,198149.4,10,236352.3
22,108,8,160202.2,8,176140,9,198149.4,10,236352.3
22,109,10,200252.8,8,176140,9,198149.4,8,189081.8
22,110,1,19014,1,18963.8,1,18912.2,,
22,116,2,38474.2,2,37639.3,2,43863.5,,
22,119,8,153896.9,8,150557.3,2,43863.5,3,74207.6
22,120,2,36989,2,38634,5,103916.6,4,86660.8
22,125,2,40388.6,2,42292.6,2,45510.6,2,43492.1
22,126,2,40388.6,1,21146.3,1,22755.3,1,21746
23,0,8,165912.2,10,220660.3,7,148840.9,6,135539.7
23,1,2,41478.1,2,44132.1,2,42526,2,45179.9
23,5,8,156366.9,8,167670.1,7,150905.9,9,197916.8
23,8,15,293187.9,13,272464,13,280253.8,8,175926
23,14,2,40464.6,3,64938.3,3,65755.7,3,67466.2
23,15,5,101161.5,6,129876.6,6,131511.3,7,157421.2
23,16,2,40464.6,2,43292.2,,,,
23,17,10,202323.1,8,173168.8,9,197267,10,224887.4
23,18,5,101161.5,5,108230.5,10,219185.6,6,134932.4
23,20,3,66722.6,3,68022.6,3,66350.6,3,68386
23,21,4,88963.4,4,90696.8,3,66350.6,3,68386
23,30,4,98812.5,4,109078.3,2,54075.7,4,125806.7
23,31,5,123515.6,5,136347.9,5,135189.1,5,157258.3
23,33,2,49406.2,2,54539.1,2,54075.7,2,62903.3
23,34,7,172921.8,7,190887,7,189264.8,7,220161.7
23,35,64,1526572.3,67,1550612.8,68,1700256.1,64.5,1711871.6
23,36,48,1141147.4,53,1251168.5,55.5,1443762.7,58.5,1627223.7
23,37,63.5,1512101.7,61.5,1523437,61,1644052.9,66,1784919.5
23,38,1,23645.4,1,24260.7,1,26040.9,,
23,39,3,70936.3,3,72782.2,3,78122.7,2,54986.2
23,40,3,59275.8,3,61653.8,3,60026.4,3,63114.8
23,41,2,39517.2,2,41102.5,,,1,21038.3
23,42,3,59275.8,3,61653.8,3,60026.4,3,63114.8
23,44,,,,,,,1,21038.3
23,45,2,44759.5,2,39247.5,2,41719.3,2,45289.7
23,48,11,246177.1,10,196237.7,9,187737,8,181158.7
23,49,10,223797.3,10,196237.7,10,208596.7,10,226448.4
23,51,,,,,6.5,155306.1,3.5,84579.3
23,52,27,575319.1,39,1019510.1,29,692904.1,31,929663.8
23,55,4,83878,4,88769.6,2,48815.8,2,47963.6
23,56,39,861738.7,36,759637,33,732151.1,30.5,841422
23,64,1,22739.3,4,98063.1,4,93284.5,,
23,65,2,44694.7,6,118039.4,6,108036.8,5,105740.7
23,66,8,178778.6,9,177059.1,9,162055.1,9,190333.3
23,67,2,44694.7,2,39346.5,1,18006.1,1,21148.1
23,68,,,,,1,18006.1,1,21148.1
23,71,6,129280.1,6,136064,6,131916,7,176455.1
23,74,1,21546.7,1,22677.3,,,,
23,75,1,23323.5,1,23267.2,1,25319.5,1,24931.3
23,76,11,256558.4,17,395542.9,14,354472.7,15,373969.8
23,77,17,396499.4,17,395542.9,17,430431.1,16,398901.1
23,78,17,396499.4,22,511879,24,450839.8,17,423832.4
23,79,8,186588,5,116336.1,6,151916.9,4.5,112190.9
23,81,2,39324.7,2,45677.6,2,44111.2,2,49710
23,82,5,98311.9,5,114194,5,110278.1,5,124274.9
23,85,4,77123.6,4,68514.9,,,4,77369.4
23,86,,,,,,,2,38684.7
23,89,,,,,4,88222.5,,
23,98,4,77329.1,2,34028.5,2,43135.7,4,100030.2
23,104,15,336639.2,12,284814.5,19,429117.6,18,445585.2
23,108,6,120151.7,3,66052.5,4,88066.4,3,70905.7
23,109,16,320404.5,15,330262.5,12,264199.2,14,330893.2
23,116,1,19237.1,1,18819.7,1,21931.7,1,24735.9
23,120,3,55483.5,3,57951.1,5,103916.6,5,108326
23,123,6,110967,5,96585.1,4,83133.3,4,86660.8
24,0,6,124434.2,5,110330.2,6,127577.9,6,135539.7
24,1,3,62217.1,3,66198.1,3,63789,3,67769.9
24,3,2,41478.1,3,66198.1,3,63789,4,90359.8
24,4,1,20739,1,22066,1,21263,1,22590
24,6,3,58637.6,3,62876.3,1,21558,,
24,13,4,80929.2,3,64938.3,6,131511.3,6,134932.4
24,18,22,445110.8,23,497860.3,22,482208.3,22,494752.3
24,23,1,22240.9,1,22674.2,1,22116.9,1,22795.3
24,29,2,41818.8,2,47656.6,3,70153,3,73518.7
24,31,2,49406.2,2,54539.1,2,54075.7,1,31451.7
24,33,,,,,,,6,188710
24,34,6,148218.7,6,163617.4,3,81113.5,4,125806.7
24,35,17,401972.3,16,388171.5,21,546858.6,16,439889.7
24,36,29,638261.3,32,841283.9,28,626423.9,23,577248.5
24,37,54,1050380.7,54,1180356.6,58,1265270,54,1391154.1
24,40,3,59275.8,2,41102.5,3,60026.4,2,42076.6
24,41,2,39517.2,2,41102.5,2,40017.6,3,63114.8
24,42,7,138310.1,7,143858.8,7,140061.5,5,105191.4
24,48,4,89518.9,1.5,29435.7,,,5,113224.2
24,49,1,22379.7,1,19623.8,1,20859.7,1,22644.8
24,50,19,404854.1,17,365243.7,16,382291.9,20,424582.6
24,51,45,957660.3,45,956799.2,47,1119548.8,42,1019067.7
24,52,29,604378.7,34,873219.6,35,969044.4,31,915688.4
24,55,8,167755.9,6,133154.4,3,73223.7,3,71945.4
24,56,27,566176.2,28,621387.1,29,614559.9,30,644542.1
24,58,3,62908.5,4,88769.6,2,48815.8,2,47963.6
24,59,15.5,325027.1,17,377270.8,17,414934.4,17,407690.5
24,63,2,45478.6,2,49031.6,2,46642.3,2,52107.6
24,64,6,136435.9,9,220642,10,233211.4,9,234484.2
24,65,2,44694.7,2,39346.5,2,36012.3,2,42296.3
24,67,1,22347.3,,,1,18006.1,1,21148.1
24,68,2,44694.7,2,39346.5,2,36012.3,2,42296.3
24,70,8,172373.5,8,181418.7,8,175888,8,201663
24,71,2,43093.4,2,45354.7,2,43972,2,50415.8
24,73,1,21546.7,1,22677.3,1,21986,1,25207.9
24,74,1,21546.7,1,22677.3,2,43972,1,25207.9
24,75,3,69970.5,3,69801.7,3,75958.4,2,49862.6
24,76,32,607933.5,20,359717,22,427817.4,27,533274.8
24,77,15,349852.4,11,255939.5,10,253194.8,13,324107.1
24,78,12,279881.9,16,372275.6,18,455750.6,19,473695
24,79,1,23323.5,1,23267.2,1,25319.5,1,24931.3
24,80,4,78649.5,4,91355.2,1,22055.6,5,124274.9
24,84,2,39324.7,2,45677.6,2,44111.2,2,49710
24,85,4,77123.6,4,68514.9,4,88222.5,3,58027
24,89,15,289213.4,13,222673.4,,,12,232108.1
24,97,1,19332.3,,,,,,
24,100,3,67327.8,3,71203.6,3,67755.4,3,74264.2
24,102,5,112213.1,4,94938.2,3,67755.4,,
24,103,2,44885.2,2,47469.1,2,45170.3,2,49509.5
24,104,7,157098.3,8,189876.3,7,158095.9,5,123773.7
24,107,2,40050.6,1,22017.5,1,22016.6,2,47270.5
24,108,6,120151.7,5,110087.5,5,110083,5,118176.2
24,109,10,200252.8,12,264210,12,264199.2,15,354528.5
24,113,2,38028.1,2,37927.5,1,18912.2,1,19711.3
24,115,3,57711.3,3,56459,3,65795.2,3,74207.6
24,120,3,55483.5,2,38634,2,41566.7,2,43330.4
24,121,6,110967,3,57951.1,2,41566.7,1,21665.2
24,126,4,80777.3,4,84585.2,4,91021.2,3,65238.1
24,127,,,,,,,5,108730.2
25,7,2,39091.7,2,41917.5,2,43116,2,43981.5
25,9,3,58637.6,3,62876.3,3,64673.9,3,65972.3
25,18,2,40464.6,2,43292.2,1,21918.6,,
25,20,2,44481.7,2,45348.4,2,44233.8,2,45590.7
25,21,2,44481.7,2,45348.4,2,44233.8,2,45590.7
25,22,,,2,45348.4,3,66350.6,3,68386
25,24,3,66722.6,1,22674.2,1,22116.9,1,22795.3
25,32,3,74109.4,3,81808.7,2,54075.7,2,62903.3
25,33,6,148218.7,7,190887,8,216302.6,4,125806.7
25,35,9,212808.9,7,169825,7,182286.2,7,192451.7
25,36,18,425617.8,18,436692.9,14,364572.4,16,439889.7
25,37,12,283745.2,13,315389.3,12,312490.6,12,329917.3
25,41,6,118551.5,6,123307.5,6,120052.7,5,105191.4
25,42,25,493964.7,35,719293.8,38,760333.9,37,778416.3
25,50,4,85232.5,4,85939.7,3,71679.7,2,48331
25,51,20,426162.3,21,451183.4,20,477864.9,19,459144.7
25,54,,,,,11.5,274772.3,11.5,277903.4
25,55,30,628071.5,30,667371.8,26,541093.2,30,640819.1
25,56,45,856843.5,47,861511.8,41.5,840702.6,35,854879.5
25,57,10,209694.9,17,377270.8,18,439342.3,18,431672.3
25,58,6,125816.9,6,133154.4,6,146447.4,6,143890.8
25,60,4,90957.3,4,98063.1,4,93284.5,4,104215.2
25,64,3,68217.9,3,73547.3,3,69963.4,3,78161.4
25,65,2,44694.7,2,39346.5,2,36012.3,2,42296.3
25,68,5,111736.6,5,98366.2,5,90030.6,5,105740.7
25,70,4,86186.7,4,90709.4,4,87944,4,100831.5
25,72,2,43093.4,2,45354.7,2,43972,2,50415.8
25,74,7.5,161600.1,12,272128.1,10,219860,7,176455.1
25,75,16,373175.9,16,372275.6,12,303833.7,13.5,336572.8
25,76,2,46647,5,116336.1,4,101277.9,5,124656.6
25,78,4,93294,4,93068.9,2,50639,2,49862.6
25,79,3,69970.5,3,69801.7,3,75958.4,3,74794
25,80,9,176961.4,7,159871.7,7,154389.3,15,372824.8
25,82,2,39324.7,2,45677.6,,,,
25,86,2.5,48202.2,3.5,59950.5,,,1,19342.3
25,89,4,77123.6,4,68514.9,3,66166.8,3,58027
25,95,4,77329.1,4,68056.9,4,86271.5,4,100030.2
25,101,3,67327.8,3,71203.6,3,67755.4,3,74264.2
25,103,,,,,1,22585.1,,
25,104,4,89770.5,4,94938.2,4,90340.5,3,74264.2
25,108,,,,,4,88066.4,4,94540.9
25,109,26,520657.3,23,506402.5,20,440332,21.5,508157.5
25,110,6,114084.2,5,94818.8,5,94560.8,3,59133.9
25,112,4,76056.1,4,75855,3,56736.5,2,39422.6
25,115,4,76948.4,4,75278.6,4,87727,4,98943.4
25,116,1,19237.1,1,18819.7,1,21931.7,1,24735.9
25,117,4,76948.4,4,75278.6,4,87727,3,74207.6
25,118,4,76948.4,3,56459,3,65795.2,3,74207.6
25,121,17,314406.4,16,309072.3,18,374099.9,25,541630
25,122,4,73978,5.5,106243.6,5,103916.6,6,129991.2
25,123,2,36989,2,38634,2,41566.7,2,43330.4
25,125,4,80777.3,4,84585.2,3,68265.9,2,43492.1
25,126,8,161554.6,9,190316.6,9,204797.8,6,130476.2
25,127,33,641968.2,25,460524.1,21,394617.7,24.5,500345.1
26,5,6,117275.2,6,125752.6,3,64673.9,3,65972.3
26,7,2,39091.7,2,41917.5,2,43116,2,43981.5
26,8,14,273642,14,293422.7,16.5,355706.7,14.5,318865.9
26,11,4,80929.2,3,64938.3,2,43837.1,3,67466.2
26,12,3,60696.9,1,21646.1,4,87674.2,1,22488.7
26,15,2,40464.6,2,43292.2,2,43837.1,2,44977.5
26,27,6,125456.4,5,119141.5,5,116921.6,6,147037.5
26,29,8,167275.2,4,95313.2,4,93537.3,4,98025
26,30,2,49406.2,1,27269.6,1,27037.8,,
26,33,3,74109.4,3,81808.7,3,81113.5,3,94355
26,34,10,247031.2,8,218156.6,8,216302.6,5,157258.3
26,35,2,47290.9,2,48521.4,,,,
26,37,3,70936.3,3,72782.2,3,78122.7,3,82479.3
26,40,1,19758.6,1,20551.3,1,20008.8,1,21038.3
26,41,1,19758.6,1,20551.3,1,20008.8,1,21038.3
26,42,12,237103.1,11,226063.8,13,260114.2,15,315574.2
26,43,7,138310.1,6,123307.5,6,120052.7,4,84153.1
26,48,2,44759.5,2,39247.5,2,41719.3,2,45289.7
26,49,11.5,257366.9,12.5,245297.1,12.5,260745.8,11.5,260415.7
26,50,4,85232.5,4,85939.7,3,71679.7,3,72496.5
26,53,6,127848.7,5,107424.6,3,71679.7,4,96662
26,54,21,447470.4,22,472668.3,24,573437.8,23,555806.8
26,55,59,1412627.6,60,1375034.9,66.5,1532659.6,72.5,1769533
26,56,81.5,1657143.5,85.5,1847284.9,66.5,1607205.5,65.5,1746352.9
26,57,35,760926.9,37,869442.2,42,1073537.8,37,1021654.2
26,61,3,68217.9,,,,,2,52107.6
26,64,1,22739.3,1,24515.8,1,23321.1,1,26053.8
26,68,4,89389.3,4,78692.9,4,72024.5,4,84592.6
26,69,9,201126,9,177059.1,9,162055.1,9,190333.3
26,71,2,43093.4,2,45354.7,2,43972,2,50415.8
26,73,3,64640,2,45354.7,2,43972,2,50415.8
26,75,3,69970.5,3,69801.7,3,75958.4,3,74794
26,76,5,116617.5,5,116336.1,6,151916.9,6,149587.9
26,78,3,69970.5,3,69801.7,2,50639,2,49862.6
26,79,,,2,46534.5,2,50639,2,49862.6
26,81,,,5,114194,2,44111.2,3,74565
26,88,6,115685.4,6,102772.3,6,132333.7,6,116054.1
26,91,8,154658.1,8,136113.8,5,107839.3,5,125037.8
26,92,3,57996.8,3,51042.7,4,86271.5,4,100030.2
26,93,4,77329.1,5,85071.1,4,86271.5,2,50015.1
26,98,4,77329.1,3,51042.7,2,43135.7,,
26,100,6,134655.7,5,118672.7,5,112925.7,4,99018.9
26,101,6,134655.7,8,189876.3,5,112925.7,4,99018.9
26,102,2,44885.2,2,47469.1,4,90340.5,4,99018.9
26,105,7,140177,7,154122.5,7,154116.2,3,70905.7
26,106,2,40050.6,2,44035,2,44033.2,2,47270.5
26,107,,,,,,,2,47270.5
26,109,22,440556.1,20,329360.5,14,308232.4,16,320250.5
26,110,32.5,617956,37.5,711141.1,37.5,709205.7,32.5,640617.1
26,111,1,19014,1,18963.8,6,113472.9,7,137979.1
26,113,1,19014,1,18963.8,1,18912.2,1,19711.3
26,115,5,96185.5,8,150557.3,3,65795.2,3,74207.6
26,116,1,19237.1,,,3,65795.2,3,74207.6
26,117,10,192371.1,10,188196.6,9,197385.7,9,222622.7
26,118,9,173134,5,94098.3,8,175453.9,10.5,259726.5
26,121,10,184945,12,231804.3,8,166266.6,15,324978
26,126,28,565441,29,613242.5,29,659903.9,31,674127.1
26,127,47,877426.6,41,815744.4,44.5,967234.9,42,899123.3
27,7,16,331824.5,16,353056.6,16,340207.8,17,384029.2
27,8,14.5,300715.9,22,485452.8,28,656605.3,33,802034.4
27,9,,,,,2,42526,2,45179.9
27,12,2,41925.2,2,44553.8,2,42107,2,43993.5
27,13,5,104812.9,4,89107.7,6,126321,3,65990.2
27,15,2,41778.3,2,45064,2,46371.2,2,49387.2
27,19,28.5,731174.4,31,741950.6,30,876794.4,27,750665.1
27,26,3,74475.5,3,71521.7,1,25055.7,1,26600
27,28,3,74475.5,3,71521.7,3,75167.1,3,79800.1
27,29,23,570979.1,24,572173.6,19,476058.2,15,399000.6
27,30,17,390402.2,13,303228.4,12,305058.1,15,443429.7
27,35,4,95766.2,4,97720.8,6,150168,6,163069
27,39,,,1,24430.2,,,,
27,40,5,151343.4,5,156500.1,6,185256.8,6,201461.8
27,42,3,90806.1,1,31300,1,30876.1,1,33577
27,43,3,90806.1,3,93900.1,2,61752.3,2,67153.9
27,44,,,,,1,30876.1,1,33577
27,48,9,242654.1,10,260903.7,9,250736.2,8,224005.6
27,50,9,178085.6,8,182117,12,284081.5,10,238119.6
27,51,2,39574.6,5.5,125205.4,5.5,130204,6.5,154777.8
27,53,26,526501.5,19,432527.9,20,473469.2,21,500051.3
27,54,77.5,1591841.6,82,1709852.4,87,1819362.2,76,1680658
27,55,58,1081657.9,53,1191083.2,58,1320350.3,51,1289258.5
27,56,34,718781.8,40,855675.4,37,890386.2,38,908899.2
27,57,11,281234.5,16,378296.4,19,470572.8,17,397649.1
27,61,2,35676.1,2,39989.1,2,43700.4,1,24688.3
27,62,1,17838.1,1,19994.5,1,21850.2,,
27,63,,,,,,,1,24688.3
27,65,1,22739.3,2,49031.6,4,93284.5,,
27,68,3,68217.9,3,73547.3,4,93284.5,4,104215.2
27,71,3,66607,,,,,,
27,75,2,44404.6,2,43847.4,2,48219.9,2,52696.1
27,76,4.5,99910.5,4.5,98656.6,5,120549.8,5,131740.2
27,77,2,44404.6,2,43847.4,2,48219.9,2,52696.1
27,79,3,66607,,,,,2,52696.1
27,81,4,84795.1,,,,,,
27,83,1,21198.8,1,20156.2,1,22160.4,1,22962.3
27,84,2,42397.5,2,40312.4,2,44320.8,2,45924.7
27,85,2,39324.7,,,,,1,19342.3
27,88,1,19662.4,2,45677.6,,,,
27,90,2,38874.9,2,44049.5,2,44186.4,4,93535.7
27,92,13,252686.7,16,352395.7,15,331397.7,11,257223.2
27,93,31,602560.5,32.5,715803.8,30,662795.4,36,919518
27,94,4,77749.7,3,66074.2,3,66279.5,3,70151.8
27,97,1,22916.4,1,24014.9,1,21567.9,1,25007.6
27,100,25,452571.4,24.5,475846.8,21,448161.1,22,511594.5
27,101,8,144822.9,11,213645.5,10,213410.1,11,255797.2
27,102,3,54308.6,2,38844.6,6,128046,2,46508.6
27,106,6,134173.8,6,138699.4,7,152134.3,7,159243.8
27,108,2,44724.6,2,46233.1,2,43466.9,2,45498.2
27,110,82,1497390,80,1443185.9,95.5,1704070.9,97,1838683.4
27,111,51.5,963005.3,60,1189155.6,61.5,1242709.6,53,1230921.9
27,112,35.5,695493.4,32,626703.2,25,479303.1,22,472425
27,113,26,360486.6,33.5,555370,33,639185.2,31,584811.8
27,115,16.5,340665.6,17.5,386153.5,16,349934.9,18,396258.4
27,116,6,123878.4,8,176527.3,7,153096.5,6,132086.1
27,117,3,61939.2,3,66197.7,3,65612.8,4,88057.4
27,118,3,61939.2,4,88263.7,6,131225.6,7,154100.5
27,119,12,247756.8,12,264791,15,328064,15,330215.3
27,127,27,538314.2,24,486072.4,20,423823.1,24,539647.7
28,0,6,125323.4,9,190780.5,9,206545.6,8,199133
28,1,32,719345.9,32,764337.2,26.5,647522.3,31.5,842456.2
28,10,6,125775.5,1,22276.9,6,126321,5,109983.7
28,11,10,209625.8,14,311876.9,12,252642.1,11,241964.1
28,12,3,62887.7,3,66830.8,1,21053.5,1,21996.7
28,14,5,104812.9,4.5,100246.1,7,147374.5,4.5,98985.3
28,19,14,292448.3,15,337979.7,17,394155.1,15,370404.2
28,22,1,20909.4,1,23828.3,1,23384.3,1,24506.2
28,26,2,49650.4,2,47681.1,2,50111.4,2,53200.1
28,29,1,24825.2,2,47681.1,2,50111.4,1,26600
28,30,2,45929.7,3,69975.8,5,127107.5,4,118247.9
28,36,4,95766.2,4,97720.8,2,50056,2,54356.3
28,37,17,407006.2,18,439743.5,18,450503.9,13,353316.1
28,38,57,1176632.2,51,1017201.7,48,989504.6,44,921978.6
28,39,22,526713.9,17,415313.3,20.5,513073.9,16,434850.6
28,40,9,272418.2,7,219100.2,7,216132.9,6,201461.8
28,41,2,60537.4,4,125200.1,4,123504.5,4,134307.9
28,43,1,30268.7,1,31300,1,30876.1,2,67153.9
28,44,3,90806.1,6,187800.1,6,185256.8,6,201461.8
28,45,11,296577.2,8,208722.9,6,167157.4,5,140003.5
28,46,13,350500.3,12,313084.4,10,278595.7,7,196004.9
28,47,7,188730.9,8,208722.9,7,195017,4,112002.8
28,48,28,644485.3,25,652259.2,29,760232.3,27,756019
28,50,26,519764.3,25,569115.6,24,568163,24,571487.2
28,51,3,59361.9,3,68293.9,3,71020.4,3,71435.9
28,52,60,1030831.6,57,1026248.3,55.5,1086971.3,53.5,1122462.1
28,53,17,336383.8,19,432527.9,20,473469.2,18,428615.4
28,54,50.5,1004743,45,867647.5,58,1186760.3,56.5,1167683.8
28,55,24,542234.9,25,502451.2,25.5,524977.6,23,555163
28,60,13,231894.7,13,259928.9,9,196651.8,9,222195.1
28,62,4,71352.2,4,79978.1,4,87400.8,4,98753.4
28,64,4,71352.2,2,39989.1,3,65550.6,5,123441.7
28,65,2,45478.6,3,73547.3,2,46642.3,2,52107.6
28,71,,,,,2,48219.9,2,52696.1
28,81,15,317981.6,14,282187,9,199443.7,12,275548.1
28,84,3,63596.3,2,40312.4,2,44320.8,2,45924.7
28,86,2,39324.7,2,45677.6,2,44111.2,,
28,88,2,39324.7,1,22838.8,2,44111.2,,
28,93,5.5,106905.9,5,110123.7,6,132559.1,7,163687.5
28,94,18,349873.9,27,494251.9,20.5,421589.8,33,717955.3
28,95,5,114582.1,5,120074.7,5,107839.3,4,100030.2
28,102,5,90514.3,5,97111.6,5,106705,5,116271.5
28,104,6,108617.1,6,116533.9,5,106705,3,69762.9
28,105,2,44724.6,2,46233.1,2,43466.9,4,90996.5
28,108,30,576080.5,31.5,667115.7,25,543336.7,21,477731.5
28,109,43,900242.4,47,981451.1,57.5,1267081.8,43.5,915497
28,110,151,2421091.7,133.5,2362223.3,124.5,2422305.2,124,2490135.4
28,111,81,1384676.4,82,1566002.6,76,1570730.7,86.5,1777991.5
28,112,35.5,669071.6,29,544026.3,23,548731.4,30,694503.4
28,113,24,354656.5,22,434558.2,26,461573.8,27,545132.7
28,114,43,809138,39,690515.6,34,730823.5,30,590846.6
28,115,14,289049.6,14,308922.8,18,393676.7,12,264172.3
28,116,,,,,,,2,44028.7
28,120,,,,,2,47561.9,4,86660.8
29,0,23,480406.4,28,593539.2,27,619636.9,26,647182.3
29,1,38,679435.2,46,907409.5,47,1035861.5,57,1415179.6
29,2,8,167097.9,7,148384.8,6,137697.1,8,199133
29,3,3,62661.7,4,84791.3,4,91798.1,4,99566.5
29,6,11,228129.3,10,220660.3,9,191366.9,7,158129.7
29,7,2,41478.1,2,44132.1,2,42526,2,45179.9
29,10,5,104812.9,2,44553.8,5,105267.5,3,65990.2
29,14,2,41925.2,2,44553.8,3,63160.5,3,65990.2
29,15,25,522229.1,29,653427.5,34,734225,39,877378.4
29,16,20,417783.3,38,882569.7,47.5,1147626,48,1207334.1
29,17,,,,,3,69556.8,3,74080.8
29,18,24,501340,22,495703.6,22,510083,24,592646.7
29,19,4,83556.7,4,90127.9,4,92742.4,3,74080.8
29,22,,,,,,,1,24506.2
29,23,1,20909.4,1,23828.3,1,23384.3,,
29,24,5,104547,5,119141.5,7,163690.2,5,122531.2
29,25,5,124125.9,4,95362.3,8,200445.5,8,212800.3
29,26,4,99300.7,4,95362.3,4,100222.8,4,106400.2
29,30,9,206683.5,9,209927.3,9,228793.6,7,206933.9
29,31,33.5,874292.9,33,883243.9,35.5,987157.6,32,1043963.8
29,32,4,91859.3,3,69975.8,2,50843,4,118247.9
29,34,,,,,4,101686,,
29,35,4,95766.2,3,73290.6,4,100112,4,108712.6
29,36,9,215473.9,9,219871.7,10,250279.9,9,244603.5
29,37,6,143649.2,8,195441.6,12,300335.9,13,353316.1
29,38,64,1431231.5,62.5,1617704.5,74,1921922.6,76,1934660.9
29,39,70.5,1760064.3,74.5,1686833.7,71,1772228.3,69,1826895.4
29,40,11,332955.5,10,313000.2,9,277885.2,10,335769.7
29,41,8,242149.5,4,125200.1,9,277885.2,9,302192.8
29,43,2,60537.4,2,62600,2,61752.3,4,134307.9
29,44,2,60537.4,1,31300,1,30876.1,1,33577
29,45,23,620116,23,600078.4,17,473612.7,16,448011.2
29,46,18,485308.1,22,573988.1,19,529331.9,23,644016.2
29,47,40,818094.5,49,838228.6,40,758666,37.5,791660.1
29,48,14,377461.9,16,417445.9,14,390034,14,392009.8
29,49,64.5,1113797.8,61.5,1115182.2,64,1315825.8,49,1027036.4
29,50,7,138511,7,159352.4,3,71020.4,2,47623.9
29,51,16,222461,10,227646.2,15,355101.9,15.5,275933.7
29,52,37,666515.2,41,673215.2,38,649759.4,59,1073230.2
29,54,2,39574.6,1,22764.6,1,23673.5,1,23812
29,60,3,53514.2,1,19994.5,2,43700.4,1,24688.3
29,61,3,53514.2,2,39989.1,2,43700.4,1,24688.3
29,62,10,178380.5,9,179950.8,6,131101.2,6,148130
29,66,3,68217.9,2,49031.6,2,46642.3,2,52107.6
29,68,2,45478.6,2,49031.6,2,46642.3,2,52107.6
29,69,6,136435.9,6,147094.7,6,139926.8,6,156322.8
29,73,4,88809.3,3,65771.1,3,72329.9,3,79044.1
29,74,3,66607,3,65771.1,2,48219.9,5,131740.2
29,75,4,88809.3,4,87694.8,4,96439.8,3,79044.1
29,77,2,44404.6,2,43847.4,2,48219.9,2,52696.1
29,81,12,254385.3,14,282187,11,243764.5,10,229623.4
29,82,3,63596.3,3,60468.7,5,110802,5,114811.7
29,85,1,19662.4,1,22838.8,1,22055.6,1,19342.3
29,87,4,78649.5,3,68516.4,2,44111.2,2,38684.7
29,90,4,77749.7,1,22024.7,1,22093.2,1,23383.9
29,93,2,38874.9,1,22024.7,2,44186.4,1,23383.9
29,94,6,116624.6,8,176197.9,12,265118.2,11,257223.2
29,95,8,183331.4,10,240149.4,6,129407.2,9,225068.1
29,96,1,22916.4,1,24014.9,7,150975,1,25007.6
29,97,,,,,3,64703.6,3,75022.7
29,101,2,36205.7,2,38844.6,2,42682,2,46508.6
29,107,7,156536.1,7,161816,6,130400.8,5,113745.6
29,108,13,290709.9,10,231165.7,9,195601.2,9,204742.1
29,109,1,22362.3,1,23116.6,3,65200.4,7,159243.8
29,110,21,408161.9,22,463086.4,22,499093.2,23,567807.8
29,111,60,1223054.5,56,1136950.6,41,911886.8,46.5,1046453.7
29,112,25,470118.8,24,477503,20,433822.9,22,472836.3
29,113,56,821828.3,44,694389.8,52,869193.8,46,794039.7
29,114,,,3,59257.9,3,74253.1,2,52838
29,115,9,185817.6,5,110329.6,7,153096.5,7,154100.5
29,120,4,74622.9,3,63638.8,1,23780.9,,
29,123,4,74622.9,4,84851.8,4,95123.8,4,86660.8
29,125,2,39875.1,2,40506,1,21191.2,4,89941.3
29,126,7,139562.9,11,222783.2,19,402631.9,21,472191.7
29,127,2,39875.1,2,40506,,,5,112426.6
30,0,36,705911.3,39,797014.6,40,798649.2,52.5,1175886.2
30,1,21,438632,19,402758.7,18,413091.3,19,472940.9
30,2,8,167097.9,7,148384.8,8,183596.1,6,149349.8
30,6,,,,,4,85051.9,4,90359.8
30,11,2,41925.2,3,66830.8,3,63160.5,3,65990.2
30,12,12,251550.9,11,245046.1,11,231588.5,11,241964.1
30,13,26,545027,33,614304.3,34,620574,40,880524.7
30,15,14,292448.3,12,270383.8,17,394155.1,14.5,358057.4
30,16,94.5,1945781,102.5,2143414.6,107,2407952.9,101,2414289.6
30,17,78.5,1484072.9,82,1591355.3,70,1445603.2,69,1493267
30,18,32,706040.4,29.5,694729.5,41.5,1023616,41.5,1047707.6
30,22,2,41818.8,4,95313.2,3,70153,3,73518.7
30,24,5,104547,1,23828.3,1,23384.3,1,24506.2
30,25,1,24825.2,1,23840.6,1,25055.7,1,26600
30,30,3,68894.5,3,69975.8,2,50843,2,59124
30,31,7,160753.9,6,139951.6,7,177950.6,7,206933.9
30,35,3,71824.6,2,48860.4,,,,
30,36,29,694304.6,29,708475.6,27,675755.8,30.5,828933.9
30,37,50.5,1160230.7,45,1258146,51,1376605.2,43,1317171.1
30,38,28,874068.4,30,912348.8,31,999322.9,30,1070148
30,39,52,1443609.4,54,1582360.2,51,1594319.4,50,1591020.7
30,40,33,968222.3,39.5,1253920.3,35.5,1169435.7,37.5,1369644.8
30,41,43,1431283.5,43,1444344.1,46,1564905.6,40,1390657.4
30,42,38,882471.2,36,887471.1,33,796566.3,33,801438.9
30,43,13,393492.9,13,406900.3,18,555770.4,17,570808.6
30,45,37,935537.7,37,1036960.7,36,1024937,36,1083337.2
30,46,85.5,2319000.9,83,2193269.3,75,2122838.4,76,2141335.9
30,47,153.5,4476425.7,145,4256202.1,151,4307764.9,154,4463064
30,48,74.5,1813096.3,75.5,1910443.9,103,2747328.3,100.5,2636660.7
30,49,126.5,2995446.4,124,2977638.4,100,2330628.4,85,2109549.2
30,50,41,1095531.6,40,1029259.3,46,1180471,49,1333850.5
30,55,13,332368.1,13,307365.8,11,272436.9,13,304084.6
30,59,5,127833.9,3,70930.6,3,74301,3,70173.4
30,60,,,2,39989.1,2,43700.4,,
30,62,3,53514.2,3,59983.6,3,65550.6,3,74065
30,63,4,71352.2,4,79978.1,4,87400.8,4,98753.4
30,67,3,68217.9,2,49031.6,2,46642.3,2,52107.6
30,69,7,159175.2,7.5,183868.3,5,116605.7,5,130269
30,70,2,44404.6,2,43847.4,2,48219.9,2,52696.1
30,72,1,22202.3,1,21923.7,1,24110,1,26348
30,73,3,66607,4,87694.8,6,144659.7,7,184436.3
30,74,6,133213.9,6,131542.2,3,72329.9,3,79044.1
30,87,,,1,22838.8,,,,
30,90,1,19437.4,1,22024.7,6,132559.1,6,140303.5
30,95,5,114582.1,5,120074.7,3,64703.6,1,25007.6
30,97,6,137498.6,6,144089.6,3.5,75487.5,4.5,112534
30,100,7,126720,7,135956.2,5,106705,2.5,58135.7
30,103,1,18102.9,1,19422.3,1,21341,1,23254.3
30,107,15,335434.5,19,439214.9,23,499869.7,23,523229.7
30,108,4,89449.2,4,92466.3,4,86933.9,4,90996.5
30,111,77,1617018.5,70,1576460.4,73.5,1693183.5,68.5,1582469
30,112,95.5,1773204.6,86,1643441.1,93,1775789.5,100,1908905
30,113,14,292579.8,13,256784.4,8,198008.3,10,264189.8
30,114,2,41797.1,2,39505.3,2,49502.1,2,52838
30,116,4,82585.6,4,88263.7,5,109354.7,6,132086.1
30,120,3,55967.2,4,84851.8,4,95123.8,3,64995.6
30,121,2,37311.4,2,42425.9,2,47561.9,1,21665.2
30,122,5,93278.6,5,106064.7,5,118904.7,5,108326
30,123,8,149245.7,7,148490.6,7,166466.6,6,129991.2
30,125,21,418688.8,22,445566.4,19,402631.9,20,449706.4
30,126,5,99687.8,6,121518.1,6,127146.9,6,134911.9
31,0,46,909496.3,49,1010823.4,51,1056309.9,46,1021789.7
31,1,1,20887.2,1,21197.8,1,22949.5,,
31,2,2,41774.5,2,42395.7,2,45899,2,49783.3
31,3,7,146210.7,10,211978.3,13,298343.7,12,298699.5
31,5,4,82956.1,3,66198.1,2,42526,2,45179.9
31,10,2,41925.2,2,44553.8,2,42107,1,21996.7
31,11,3,62887.7,4,89107.7,2,42107,3,65990.2
31,12,1,20962.6,1,22276.9,1,21053.5,,
31,13,26,545027,28,623753.8,28,589498.1,26,571915.1
31,15,10,208891.7,7,157723.9,6,139113.6,6,148161.7
31,16,1,20889.2,3,67595.9,2,46371.2,2,49387.2
31,17,27,504769.7,29,556365.5,40,812216.6,45,1026884.8
31,18,15,313337.5,23,518235.6,17,394155.1,19,469178.6
31,19,7,146224.2,5,112659.9,4,92742.4,8,197548.9
31,22,7,146365.8,6,142969.8,6,140305.9,8,196049.9
31,24,7,146365.8,8,190626.4,8,187074.6,8,196049.9
31,26,14,347552.5,12,286086.8,7,175389.8,4.5,119700.2
31,27,9.5,235839.2,12.5,298007.1,13.5,338251.9,7,186200.3
31,29,2,49650.4,2,47681.1,3,75167.1,1,26600
31,31,4,91859.3,6,139951.6,2,50843,,
31,33,9,206683.5,7,163276.8,7,177950.6,4,118247.9
31,34,,,,,,,2,59124
31,35,8,191532.3,8,195441.6,8,200224,8,217425.3
31,37,3,71824.6,3,73290.6,3,75084,3,81534.5
31,39,16,383064.6,13,317592.5,13,325363.9,15,407672.4
31,40,13,393492.9,15,469500.4,14,432265.8,14,470077.6
31,41,25,756717.1,26,813800.6,29,895407.8,25,839424.3
31,42,78.5,1588047.4,78.5,1637906.5,68,1523056.9,66,1567885
31,43,100,2093330.3,89,1872488.5,85.5,1974569.4,92.5,2220428
31,44,8,242149.5,9,281700.2,11,339637.4,9,302192.8
31,45,83.5,1589652.2,89,1965813.6,86,2037415.7,87,2057493.3
31,46,63,1787875,63,1887983.4,60,1949519.5,57,1849494.9
31,47,167.5,3913635.5,155.5,3887035,214,5103214.8,161,4212702.6
31,48,164.5,3763362.8,171.5,4029550.7,193,4620816.2,160,4051157.2
31,49,133,3003758.5,135,3005496.1,124,2951790.4,137,3180822.2
31,50,125,3200686.7,120.5,3317385.7,127,3624749.3,118,3638482.6
31,51,,,,,7,165714.2,6,142871.8
31,54,1,19787.3,1,22764.6,1,23673.5,,
31,59,2,51133.6,,,1,24767,,
31,66,,,3,73547.3,1,23321.1,1,26053.8
31,67,5,113696.6,5,122578.9,3,69963.4,3,78161.4
31,70,,,,,1,24110,1,26348
31,83,6,127192.6,7,141093.5,8,177283.3,8,183698.7
31,92,4,77749.7,,,1,22093.2,1,23383.9
31,93,1,19437.4,1,22024.7,1,22093.2,1,23383.9
31,99,6,137498.6,6,144089.6,7,150975,9,225068.1
31,101,1,18102.9,4,77689.3,2,42682,2,46508.6
31,104,2,36205.7,2,38844.6,2,42682,2,46508.6
31,111,18,376174.1,17,335795,21,519771.9,24,634055.5
31,112,63,1338661.7,67,1408507.7,69,1485985.9,66,1403932
31,113,39,778940.7,37,779932.7,43,890075.9,43,923605.4
31,114,92,1642717.2,85,1606153.4,92,1797508,83,1704870.2
31,116,3,61939.2,2,44131.8,4,87483.7,4,88057.4
31,117,4,82585.6,5,110329.6,10,218709.3,10,220143.6
31,118,11,227110.4,8,176527.3,8,174967.4,8,176114.8
31,120,2,37311.4,,,2,47561.9,2,43330.4
31,121,2,37311.4,2,42425.9,2,47561.9,,
31,125,2,39875.1,2,40506,2,42382.3,2,44970.6
31,126,12,239250.7,10,202530.2,10,211911.5,8,179882.6
32,0,36,711611.6,31,683808.6,36,807488.5,32,761027.7
32,3,8,158135.9,6,132350.1,7,157011.7,7,166474.8
32,4,2,39534,2,44116.7,2,44860.5,2,47564.2
32,6,6,117587.4,7,127305.8,7,152242.6,4,88009.6
32,11,1,20105,1,21032.8,1,21558.3,1,21980.3
32,13,31,575990,34,693499,32,707957.1,31,710794.2
32,14,20,402100.8,20,420656.7,19,409607.4,21,481356.6
32,27,4,72787.9,4,84788,4,91095.2,4,92902
32,29,3,54590.9,3,63591,3,68321.4,2,46451
32,32,2,51790.5,2,47836.6,2,51908.4,2,54192.3
32,33,11,284847.7,13,310938.2,13,337404.9,8,216769.2
32,34,3,77685.7,4,95673.3,3,77862.7,3,81288.4
32,35,13.5,347533.1,13,350127.8,15,395340.2,14,397175.1
32,36,6,154459.1,8,215463.3,6,158136.1,9,255326.8
32,37,1,25743.2,1,26932.9,1,26356,1,28369.6
32,38,5,128715.9,7,188530.4,2,52712,5,141848.2
32,40,52,1204259.3,51,1322933.8,52,1413856.6,53,1551980.7
32,41,16,395249.5,15,385979.7,13,348528.3,12,304576.8
32,42,93.5,1903124.9,95,2036021.8,88.5,2057152.5,88,2201083.5
32,43,241,4102918.7,237,4110186.7,280,4817108.7,272,4818227.6
32,44,98,2068203.4,112,2239182.8,102,2000235.1,102,2211638.3
32,45,54,981655.9,53,975643.8,52,1002356,56,1279629.6
32,46,83,2185353.4,87,2211726.5,89,2429819.3,80,2372197
32,47,328,7177403.8,316.5,6714846.2,357.5,7947128.5,315,7738056.1
32,48,255,5355800,270.5,5818580.5,304,6635359.7,280.5,6517724.3
32,49,312.5,6093700.9,330.5,6481152.1,332.5,7119053.2,356,8049121.6
32,50,77.5,1636169.6,77,1643365.4,87,1959088.8,90.5,2198916.4
32,51,2,50734,1,24867.4,,,,
32,54,2,50734,2,49734.9,2,48508.2,2,51100.1
32,55,17,374907.1,17,376370.9,16,315294.6,19,476606.1
32,56,18.5,407987.2,17.5,387440.6,26.5,635085.4,25,642624.9
32,57,13,286693.7,12,265673.5,21.5,515257.9,21.5,552657.4
32,62,5,119520.6,8,197793.9,8,198460,5,124095.4
32,66,6,139031.1,6,145123.6,5,124997.1,8,189685.2
32,67,2,46343.7,2,48374.5,2,49998.8,3,71132
32,73,1,20400.9,1,18313.3,,,,
32,75,4,81603.7,4,73253.3,,,4,87672
32,76,2,40801.9,2,36626.6,2,44234.7,5,109590
32,78,5,102004.6,4,73253.3,3,66352.1,3,65754
32,94,4,89919.1,4,90140,4,96655,4,79763.6
32,95,,,3,50397.1,,,,
32,100,1,18816.9,,,,,2,40936.8
32,104,4,75267.8,4,80221.9,,,,
32,105,,,,,7,153500.5,5,102341.9
32,108,,,,,1,21928.6,1,20468.4
32,109,3,56450.8,3,60166.4,1,21928.6,1,20468.4
32,111,4,89274.5,2,47146.2,3,66631.7,4,87978.8
32,112,3,66955.8,3,70719.3,22.5,499737.7,25,549867.6
32,113,4,89274.5,4,94292.5,5,111052.8,4,87978.8
32,114,51.5,1025380.9,50,893041.8,45,850767.3,49,1046558
32,115,2,44759.8,2,51012.9,2,42944.8,2,46475.6
32,117,6,134279.5,6,153038.6,5,107362,4,92951.2
32,124,2,43597.2,1,21521.6,1,23647.8,1,24404.5
32,125,2,45776.8,2,45415.4,2,40482.2,2,48815.1
32,127,3,68665.1,3,68123.1,3,60723.3,4,97630.2
33,5,7,137185.3,7,127305.8,8,173991.5,8,176019.2
33,7,2,39195.8,2,36373.1,6,130493.6,6,132014.4
33,8,4,78391.6,4,72746.2,,,,
33,11,2,40210.1,2,42065.7,2,43116.6,2,43960.6
33,12,1,20105,1,21032.8,1,21558.3,1,21980.3
33,13,1,20105,,,2,43116.6,2,43960.6
33,14,9,180945.4,9,189295.5,8,172466.3,7,153862
33,22,1,23342.1,,,,,,
33,23,10,233421.4,10.5,240304.6,5,116762.8,9,214095.7
33,24,23,536869.1,33,755946.3,37,864044.6,30,713652.3
33,26,,,,,,,5,116127.5
33,27,4,72787.9,4,84788,,,,
33,28,2,36393.9,2,42394,2,45547.6,2,46451
33,29,4,72787.9,4,84788,2,45547.6,2,46451
33,32,15,388428.7,16,382693.1,12,311450.6,13,352249.9
33,34,3,77685.7,3,71755,3,77862.7,3,81288.4
33,38,8,205945.5,7,188530.4,6,158136.1,6,170217.9
33,39,15,386147.8,10,269329.1,12,316272.1,10,283696.5
33,40,41,1074975.3,43,1104117,45,1287850.3,43,1301977.6
33,41,37,926829.3,41,1056621.1,41.5,1031111.6,43.5,1224818.4
33,42,79.5,1982699.8,84,2020515.7,80,2100861,78,2018947.8
33,43,82.5,2002084.7,74.5,1773225.5,69,1785862,67,1726180.5
33,44,83,2224829.9,84,2234231.9,68.5,1724294.9,59.5,1571747.8
33,45,107,2785672.9,121.5,3125908,119,3255921.4,108,3031138.3
33,46,125,2997758.2,132.5,3080068.8,145,3380923.8,151.5,4034654.3
33,47,181.5,4347609.8,188,4732084.1,210,5402997.9,219.5,5989764
33,48,89,2386897.2,98.5,2627328.2,97.5,2722029.5,102.5,2682265.8
33,49,152,2900597.6,160,3044465.8,148.5,3092754.8,146.5,3171441.7
33,50,254,4125145.7,244.5,3921977.9,245,4185131.4,241.5,4236971.2
33,51,2,50734,2,49734.9,2,48508.2,2,51100.1
33,55,26,497705.2,29,490476.9,23,551206.2,19.5,391906.9
33,56,54,1236685.6,56,1302633.4,49,1299330.5,44.5,1223537.3
33,57,40,809013.6,40,876298,32.5,740449.3,32.5,808901.3
33,58,6,132320.2,6,132836.8,10,239654.9,7,179935
33,59,10,220533.6,11,243534.1,9,215689.4,7,179935
33,60,2,47808.2,,,,,1,24819.1
33,61,3,71712.3,4,98897,3,74422.5,5,124095.4
33,62,2,47808.2,2,49448.5,1,24807.5,1,24819.1
33,68,2,46343.7,2,48374.5,6,149996.5,6,142263.9
33,69,2,46343.7,2,48374.5,2,49998.8,2,47421.3
33,76,4,81603.7,7,128193.2,9,199056.2,6,131508
33,82,14,301427.9,13,278851.4,16,338800.5,14,317888.8
33,84,,,,,7,148225.2,1,22706.3
33,86,1,18228.3,,,,,,
33,89,,,,,,,1,22321.5
33,91,5,112398.8,5,112675,4,96655,2,39881.8
33,94,,,1,22535,1,24163.7,3,59822.7
33,95,3,50052.8,,,3,50863.7,3,74226.3
33,97,6,100105.6,2,33598.1,1,16954.6,1,24742.1
33,98,,,4,67196.2,4,67818.3,,
33,100,2,37633.9,4,80221.9,4,87714.6,4,81873.5
33,104,2,37633.9,2,40110.9,2,43857.3,2,40936.8
33,105,2,37633.9,2,40110.9,,,,
33,106,7,131718.6,4,80221.9,5,109643.2,4,81873.5
33,107,1,18816.9,1,20055.5,1,21928.6,,
33,110,,,2,47146.2,2,44421.1,3,65984.1
33,111,2,44637.2,2,47146.2,2,44421.1,2,43989.4
33,112,2,44637.2,4,94292.5,3,66631.7,5,109973.5
33,114,5,111593.1,5,117865.6,5,111052.8,5,109973.5
33,115,9,201419.2,8,204051.4,7.5,161043,8.5,197521.3
33,121,2,43597.2,,,2,47295.5,2,48809
33,123,15,326979.2,12,258259.5,13,307421,13,317258.3
33,126,8,183107,6,136246.3,3,60723.3,3,73222.6
33,127,2,45776.8,2,45415.4,5,101205.5,5,122037.7
34,11,3,60315.1,4,84131.3,4,86233.1,8,175842.3
34,12,8,160840.3,8,168262.7,11,237141.1,14,307724.1
34,13,,,,,5,107791.4,4,87921.2
34,14,12,241260.5,11,231361.2,14.5,312595.1,16.5,362674.8
34,23,12,280105.6,10,228861.5,14.5,338612.1,12,285460.9
34,27,3,54590.9,3,63591,7,159416.6,7,162578.5
34,32,10,258952.4,14,334856.5,15,389313.3,12,325153.7
34,37,7,180202.3,7,188530.4,5,131780.1,4,113478.6
34,38,12,308918.3,11,296262,10,263560.1,10,283696.5
34,39,6,154459.1,5,134664.6,5,131780.1,5,141848.2
34,40,41.5,1058123.8,39.5,972916.3,37,957436.3,40,1066220.3
34,41,82,2205703.7,73,1882459.9,73,2027081.3,70,1997527.7
34,42,113.5,2624140.1,94,2369078.9,101,2440134.3,104,2759537
34,43,92,2376870.6,80,2028729.1,82,2090950.8,88,2182776.3
34,44,243,4067835,236,4163620.5,236.5,4625637.6,217.5,4121473.3
34,45,152.5,3130397.1,198.5,3946297.1,197.5,4162159.7,171.5,3979169.1
34,46,76.5,1762190.3,66,1546753.8,72,1801421.2,69,1798973
34,47,159.5,3463767.4,163,3794669.1,176,4284220.8,172.5,4260934.4
34,48,34,887969.9,34.5,849944.5,32.5,800532.9,36.5,939836.2
34,49,15,316659.6,20,396204.1,24,345019.1,18,394448.4
34,50,4,101467.9,7,174072,7,169778.7,10,255500.5
34,51,54,1048573.1,51,1036957.7,52,1144840.3,55.5,1281638.3
34,56,20,441067.2,22,487068.2,21,503275.2,20,514099.9
34,59,2,44106.7,2,44278.9,2,47931,2,51410
34,61,1,23904.1,,,2,49615,2,49638.2
34,66,,,,,5,124997.1,5,118553.3
34,67,3,69515.6,2,48374.5,2,49998.8,2,47421.3
34,68,5,115859.3,5,120936.3,,,,
34,72,2,40801.9,2,36626.6,2,44234.7,2,43836
34,73,1,20400.9,1,18313.3,1,22117.4,1,21918
34,74,5,102004.6,4,73253.3,6,132704.1,6,131508
34,76,1,20400.9,1,18313.3,1,22117.4,1,21918
34,77,3,61202.8,3,54940,3,66352.1,3,65754
34,80,6,129183.4,6,128700.7,6,127050.2,5,113531.7
34,81,9,193775.1,13,278851.4,15,317625.4,16,363301.4
34,82,2,43061.1,2,42900.2,2,42350.1,2,45412.7
34,83,14,301427.9,12,257401.3,14,296450.4,9,204357.1
34,84,12,258366.7,13,278851.4,11,232925.3,11,249769.7
34,87,4,72913.3,4,77742,3,57850.2,1,22321.5
34,88,5,91141.7,5,97177.5,5,96417,9,200893.9
34,92,4,89919.1,5,112675,5,120818.7,5,99704.5
34,93,3,67439.3,3,67605,3,72491.2,3,59822.7
34,97,3,50052.8,4,67196.2,4,67818.3,,
34,98,,,3,50397.1,2,33909.1,2,49484.2
34,103,1,18816.9,1,20055.5,,,2,40936.8
34,104,3,56450.8,3,60166.4,2,43857.3,2,40936.8
34,105,2,37633.9,2,40110.9,2,43857.3,2,40936.8
34,106,3,56450.8,1,20055.5,1,21928.6,4,81873.5
34,111,3,66955.8,3,70719.3,3,66631.7,3,65984.1
34,113,5,111593.1,5,117865.6,4,88842.3,4,87978.8
34,115,,,,,3,64417.2,3,69713.4
34,120,3,65395.8,1,21521.6,,,5,122022.4
34,125,2,45776.8,3,68123.1,1,20241.1,3,73222.6
35,5,1,19597.9,1,18186.5,1,21748.9,1,22002.4
35,12,1,20105,1,21032.8,,,,
35,17,2,44535.8,2,41595.9,2,48256,2,49878.2
35,27,1,18197,1,21197,1,22773.8,1,23225.5
35,28,6,109181.8,6,127182,5,113869,4,92902
35,30,4,103581,4,95673.3,2,51908.4,2,54192.3
35,36,2,51486.4,2,53865.8,2,52712,,
35,37,,,,,,,2,56739.3
35,39,4,102972.8,2,53865.8,2,52712,2,56739.3
35,40,21,518764.9,21,540371.6,15,402148.1,16,406102.4
35,41,83,2443519,84,2368165.9,78,2333296.1,78,2286549.9
35,42,104,1965414.9,111,2228818.1,107.5,2114337.4,87,1822724.9
35,43,2,49406.2,2,51464,2,53619.7,11,279195.4
35,44,426,5961400.1,398.5,5749587.1,444.5,6509595.3,428,6494273.3
35,45,81,1659733,87,1940128,83,1706777.6,80.5,1814743.6
35,46,133,3077649.6,144,3175458,151.5,3691108.7,135,3493097.2
35,47,52,1075848.9,60,1386363.4,55.5,1333187.1,48,1213010.8
35,48,4,84442.6,4,79240.8,4,83065.9,4,87655.2
35,49,18,379991.6,19,376393.9,21,436095.8,22,482103.7
35,50,10,253669.8,9,223806.8,17,412319.6,17,434350.8
35,51,71,1523358.9,64,1273889.1,64,1343801.3,61,1281415.7
35,52,1,25367,,,,,,
35,56,28,635130.5,29,658118.9,28,639225.4,25,604048.3
35,57,5,110266.8,4,88557.8,6,143792.9,7,179935
35,61,42,864824.4,43,929575,40,792692,40.5,867398.3
35,62,11,262945.3,10,247242.4,17,421727.5,16,397105.4
35,76,1,20400.9,1,18313.3,,,,
35,81,18,387550.1,23,493352.5,24,508200.7,20,454126.8
35,82,4,86122.2,4,85800.4,10,211750.3,10,227063.4
35,83,1,21530.6,,,,,3,68119
35,84,6,129183.4,7,150150.8,7,148225.2,8,181650.7
35,87,4,72913.3,4,77742,1,19283.4,1,22321.5
35,88,1,18228.3,1,19435.5,2,38566.8,2,44643.1
35,91,5,112398.8,3,67605,3,72491.2,2,39881.8
35,92,3,67439.3,3,67605,1,24163.7,3,59822.7
35,93,3,67439.3,,,,,,
35,94,3,67439.3,3,67605,1,24163.7,4,79763.6
35,98,7,116789.9,7,117593.3,5,84772.8,5,123710.4
35,104,2,37633.9,2,40110.9,2,43857.3,2,40936.8
35,108,,,1,20055.5,2,43857.3,1,20468.4
35,110,4,89274.5,3,70719.3,4,88842.3,4,87978.8
35,111,2,44637.2,2,47146.2,,,,
35,114,7,156230.3,7,165011.8,6,133263.4,6,131968.2
35,115,4,89519.6,7,178545,4,85889.6,4,92951.2
36,4,4,79068,4,88233.4,3,67290.7,3,71346.3
36,5,2,39195.8,2,36373.1,2,43497.9,2,44004.8
36,6,1,19597.9,1,18186.5,1,21748.9,1,22002.4
36,11,2.5,50262.6,2.5,52582.1,4.5,97012.3,6,131881.7
36,12,2,40210.1,2,42065.7,,,,
36,14,,,,,2,43116.6,2,43960.6
36,15,9,200411,8,166383.6,8,193024,11,274330
36,16,23,512161.6,22,457555,21,506687.9,20,498781.9
36,17,46,1006018.4,38.5,894902.9,40.5,918117,39,902712.5
36,18,2,44535.8,2,41595.9,,,,
36,23,1,23342.1,5,114430.8,,,,
36,25,3,54590.9,2,42394,2,45547.6,2,46451
36,28,7,127378.8,7,148379.1,2,45547.6,2,46451
36,30,,,,,2,51908.4,2,54192.3
36,33,2,51790.5,2,47836.6,2,51908.4,2,54192.3
36,34,3,77685.7,3,71755,2,51908.4,2,54192.3
36,35,15,386147.8,15,403993.7,14,368984.1,14,397175.1
36,36,,,,,3,79068,,
36,37,2,51486.4,2,53865.8,2,52712,,
36,41,13,321140.2,13,334515.8,11,294908.6,10,253814
36,42,60,1896340.4,67,2042222.1,66,2089281.8,73,2250558.1
36,43,30,760249.3,30,673314.9,28,723218.1,34,903356.8
36,44,188,2400354,190,2463032.4,200.5,3042356.7,215,3147830.8
36,45,331.5,5468449.5,315,5307338.5,285.5,4878857.1,298,5111448.5
36,46,41,962282.2,33.5,771303.8,69.5,1415174.5,85,1971397.5
36,47,21,443323.5,31,677454.7,26,550189.7,21,490528
36,48,5,105553.2,8,158481.6,10,207664.7,8,175310.4
36,50,4,101467.9,4,99469.7,4,97016.4,4,102200.2
36,51,97,1601928.2,94,1419131.8,97,1572267.4,101.5,1643580
36,52,22,373635.8,24,436051.6,24,452720.9,22,378335.1
36,53,,,,,2,48508.2,,
36,57,2,44106.7,2,44278.9,,,,
36,60,4,95616.5,4,98897,4,99230,4,99276.3
36,61,4,95616.5,4,98897,4,99230,4,99276.3
36,62,10,239041.2,12,296690.9,12,297690,12,297829
36,66,2,46343.7,2,48374.5,2,49998.8,2,47421.3
36,67,4,92687.4,3,72561.8,3,74998.3,4.5,106697.9
36,70,2,40801.9,,,3,66352.1,4,87672
36,73,2,40801.9,2,36626.6,1,22117.4,1,21918
36,76,2,40801.9,2,36626.6,2,44234.7,2,43836
36,77,5,102004.6,3,54940,3,66352.1,2.5,54795
36,80,16,344489,18,386102,19,402325.5,19,431420.5
36,81,12,258366.7,11,235951.2,7.5,158812.7,5.5,124884.9
36,82,4,86122.2,4,85800.4,8,169400.2,8,181650.7
36,85,,,,,3,57850.2,3,66964.6
36,87,2,36456.7,2,38871,4,77133.6,5,111607.7
36,88,4,72913.3,3,58306.5,2,38566.8,1,22321.5
36,91,2,44959.5,2,45070,2,48327.5,2,39881.8
36,94,,,,,,,3,59822.7
36,97,1,16684.3,1,16799,3,50863.7,5,123710.4
36,98,8,133474.2,8.5,142791.8,7.5,127159.2,7.5,185565.6
36,101,5,94084.7,3,60166.4,3,65785.9,7,143278.7
36,110,1,22318.6,1,23573.1,2,44421.1,1,21994.7
36,111,2,44637.2,2,47146.2,2,44421.1,,
36,112,3,66955.8,3,70719.3,2,44421.1,4,87978.8
36,116,6,134279.5,6,153038.6,5,107362,3,69713.4
36,118,,,,,1,21472.4,1,23237.8
36,119,5,111899.5,3,76519.3,3,64417.2,3,69713.4
36,120,5,108993.1,5,107608.1,7,165534.4,7,170831.4
36,122,3,65395.8,4,86086.5,4,94591.1,4,97617.9
36,126,2,45776.8,2,45415.4,1,20241.1,3,73222.6
37,3,3,58793.7,3,54559.6,6,130493.6,6,132014.4
37,4,5,97989.5,3,54559.6,,,,
37,6,17,327925.4,17,346638.5,17,350337.3,16,358826.6
37,8,4,77158.9,9,183514.5,9,185472.7,9,201840
37,9,3,57869.2,3,61171.5,2,41216.2,2,44853.3
37,15,,,,,5,126384.6,5,136858.5
37,16,44,1025405.9,39,945280.7,34,763960.5,37,884157.2
37,17,36.5,768953.6,44.5,1015912.4,55.5,1269537.8,53,1306945.4
37,18,5,112170.7,5,124369.1,7,176938.5,6,164230.2
37,19,,,2,49747.6,2,50553.9,3,82115.1
37,25,,,2,43773.7,,,4,93345.6
37,26,2,44916.3,2,43773.7,2,44429.7,2,46672.8
37,30,4,90311.7,4,102503.6,4,114794,3,82190
37,33,12,270935.1,11,281884.9,10,286985,10,273966.7
37,34,44,951003.4,44,1012659.2,37,959218.4,48,1386991.3
37,35,18,427364.9,23,522413.5,24,615454.9,20,501559.5
37,37,1,23742.5,1,26810.6,,,,
37,41,51,1389244,49,1428124.2,48,1340717.2,49.5,1487284.5
37,42,98,2288501.9,102,2354147.2,95.5,2240196.3,95.5,2390306.1
37,43,34,715379.5,33,726837.3,31,727882.7,29,699153.9
37,44,3,69144.9,6,135586.9,1,25432,,
37,45,17,455475,15,419327.9,12,344599,12,365808.2
37,46,17,455475,17,475238.3,17,488182,20.5,624922.3
37,47,4,107170.6,4,111820.8,4,114866.3,4,121936.1
37,50,50.5,780218.6,47.5,762048.4,,,,
37,51,16,286762.6,14,259632.9,49.5,861368.6,53.5,924695.6
37,52,53,1086352.3,53,1028596.7,51,1070291.1,52,1126531.2
37,53,69,1533586,61.5,1360187,72,1502371.2,78,1774196.3
37,54,5,89613.3,9,166906.9,10.5,199493.1,4,82806.6
37,55,1,20755.2,1,18618.9,1,20734.3,1,22411.4
37,58,8,166041.9,8,148951.1,5,103671.7,6,134468.4
37,60,4,81156.5,4,82734.6,4,82744.1,4,87266.8
37,61,1,20289.1,1,20683.6,1,20686,1,21816.7
37,62,3,60867.4,3,62050.9,3,62058.1,3,65450.1
37,70,1,20363.2,1,20454.3,1,22421.2,3,79795.1
37,71,1,20363.2,3,61362.8,4,89684.9,,
37,72,2,40726.4,2,40908.5,2,44842.4,2,53196.7
37,73,2,40726.4,2,40908.5,,,2,53196.7
37,75,4,74986.9,4,76111.9,4,81197.1,4,82231.8
37,76,2,37493.5,2,38056,2,40598.5,2,41115.9
37,79,3,56240.2,3,57083.9,3,60897.8,3,61673.8
37,85,3,54685,3,58306.5,,,,
37,86,2,36456.7,1,19435.5,1,19283.4,1,22321.5
37,87,1,18228.3,1,19435.5,1,19283.4,1,22321.5
37,93,2,35169.5,2,36520.9,2,42679.1,2,46806.9
37,94,3,52754.2,8,146083.4,4,85358.1,,
37,95,2,28841.6,1,15762.9,1,16240.4,1,16399.1
37,96,7,100945.5,6,94577.2,8,129923,7,114793.7
37,98,4,57683.1,4,63051.5,4,64961.5,4,65596.4
37,105,1,18816.9,1,20055.5,1,21928.6,1,20468.4
37,110,10,199960.9,8,190180.1,7,154906.7,10,249029.5
37,112,3,59988.3,1,23772.5,5,110647.6,4,99611.8
37,113,4,79984.4,4,95090,4,88518.1,4,99611.8
37,120,7,152590.3,5,107608.1,3,60723.3,3,73222.6
37,121,2,43597.2,2,43043.3,2,40482.2,1,24407.5
38,7,3,57869.2,3,61171.5,4,82432.3,4,89706.6
38,8,10.5,202542.2,13.5,275271.8,9,185472.7,10,224266.6
38,9,1,19289.7,1,20390.5,1,20608.1,1,22426.7
38,10,6,119190.1,6,126394.7,11.5,255331.5,18.5,395911.9
38,16,21,471116.7,20,497476.5,19,480261.6,20,547434.1
38,30,4,90311.7,4,102503.6,4,114794,4,109586.7
38,32,2,45155.9,,,,,4,109586.7
38,34,17.5,395113.8,18,461266.2,14,401779,22,602726.7
38,35,89.5,1997274.6,97.5,2253812.4,80,2014460.2,95.5,2582076.6
38,36,43,1129089.2,35,876442.4,30,869160.9,36,867225
38,40,17,391821.1,20,451956.5,19,483207.1,18,503855.4
38,41,61.5,1525010.6,71.5,1879903.1,83,2202116.8,116,3220495.9
38,42,85,2076393.8,80,2075864.6,76,1981918.4,90,2483447.3
38,43,41,919603.9,39,975934.8,34,838375,40,960031
38,45,23,585782,23,592473.7,24,611039.4,26,664782.3
38,46,40,884402.9,37,800643.9,38,905679.1,37,960476.6
38,47,7,187548.5,8,223641.5,9,258449.3,10,304840.1
38,48,11,294719.1,11,307507.1,11,315882.5,8,243872.1
38,51,65,1535961.3,68.5,1569793.5,57.5,1387702.8,61,1563844.9
38,52,81,1556380.3,79,1648833.5,69,1585938.2,61,1629297.6
38,53,24,548015,25,642106.9,22,534744.3,21,574145.6
38,54,54,1060406.5,51,955855.1,50.5,1108626.2,61.5,1286875
38,55,14,290573.4,16,297902.1,19,393952.6,16,358582.3
38,56,9,186797.2,9,167569.9,10,207343.5,7,156879.8
38,57,9,186797.2,7,130332.2,10,207343.5,4,89645.6
38,58,4,83021,4,74475.5,3,62203,2,44822.8
38,59,3,62265.7,3,55856.6,3,62203,2,44822.8
38,60,25,507228,24,496407.4,19,393034.4,18,392700.4
38,61,3,60867.4,9,186152.8,16,330976.3,17,370883.7
38,62,2,40578.2,,,3,62058.1,3,65450.1
38,64,6,121734.7,4,82734.6,6,124116.1,10,218166.9
38,68,9,208546.7,7,169310.9,7,174995.9,7,192670.4
38,78,2,37493.5,2,38056,2,40598.5,2,41115.9
38,79,2,37493.5,2,38056,2,40598.5,2,41115.9
38,80,2,37780.2,1,22245.6,1,21590.4,1,25552.4
38,84,,,4,88982.3,4,86361.7,3,76657.1
38,85,8,145826.7,8,155483.9,5,96417,4,89286.2
38,90,2,35169.5,2,36520.9,2,42679.1,,
38,92,1,17584.7,1,18260.4,1,21339.5,1,23403.4
38,93,2,35169.5,1,18260.4,1,21339.5,1,23403.4
38,95,2,28841.6,2,31525.7,2,32480.8,2,32798.2
38,98,8,115366.2,11,173391.5,11,178644.2,7,114793.7
38,99,5,72103.9,6,94577.2,4,64961.5,4,65596.4
38,102,,,3,60166.4,3,65785.9,4,81873.5
38,105,2,37633.9,2,40110.9,3,65785.9,3,61405.1
38,110,2,39992.2,3,71317.5,2,44259.1,2,49805.9
38,114,,,,,,,1,24903
38,116,5,96533.9,4,75736.8,3,62893,2,53356.6
38,117,4,77227.2,4,75736.8,4,83857.4,4,106713.2
38,119,3,57920.4,3,56802.6,3,62893,3,80034.9
38,125,1,26194.3,1,26278.6,1,26799.8,1,26684.3
38,126,2,52388.6,2,52557.3,2,53599.5,2,53368.5
39,3,,,,,2,43497.9,2,44004.8
39,4,8,156783.2,7,127305.8,7,152242.6,8.5,187020.4
39,7,1,19289.7,1,20390.5,1,20608.1,1,22426.7
39,10,16,317840.3,13,273855.2,13,288635.6,13,278208.4
39,11,5,99325.1,7,147460.5,7,155419.2,7,149804.5
39,16,4,89736.5,4,99495.3,5,126384.6,5,136858.5
39,23,3,67374.4,3,65660.6,2,44429.7,3,70009.2
39,35,17,403622.4,18,482590.4,13,356469.1,16,442644
39,36,33,799542.2,39,986321.2,39,950074.2,42,1134328.4
39,37,6,142455,6,160863.5,7,191944.9,7,193656.7
39,38,2,47485,2,53621.2,2,54841.4,,
39,39,34.5,819116.1,32.5,837291.5,27.5,789837.4,30,910003.6
39,40,45,1119115.6,52,1254806.3,50,1257672.7,48,1293137.9
39,41,47,1087207.9,54,1328512.6,52,1207868.9,80,1802582.3
39,42,72,1791850.6,65,1715989,65,1682315.3,60,1734356.3
39,43,6,138289.8,6,135586.9,4,101727.8,4,111967.9
39,44,,,2,45195.6,1,25432,,
39,45,88,1917496.6,88,2045544.7,76.5,1897955,81,2256275.2
39,46,27,695735.5,36.5,876240.2,37.5,926241.7,37,861403.5
39,47,6,160755.9,15,419327.9,12,344599,13,396292.2
39,48,22,589438.3,23,642969.5,23,660481.5,18,548712.3
39,51,27,589457.5,29,664732.4,31,752327.1,31,747187.9
39,52,42.5,708183,38.5,674108.1,38,721975.1,34,703855.8
39,54,10.5,188187.9,8.5,157634.3,10.5,199493.1,5.5,113859
39,55,18,373594.4,19,353758.8,19,393952.6,21,470639.3
39,57,22.5,466993,24.5,563591.1,22.5,580187.2,19.5,535300
39,58,17,352839.1,20,372377.7,20,414687,17,380993.7
39,60,8,162313,11,227520.1,12,248232.2,15,327250.3
39,61,13,263758.5,15,310254.7,16,330976.3,15,327250.3
39,62,2,40578.2,2,41367.3,2,41372,2,43633.4
39,65,12,278062.2,11,266060,11.5,287493.3,9,247719.1
39,66,,,1,24187.3,3,74998.3,4,110097.4
39,70,2,40726.4,2,40908.5,,,,
39,71,1,20363.2,1,20454.3,1,22421.2,1,26598.4
39,72,11,223995,11,224996.8,13,291475.9,11,292582
39,75,2,37493.5,2,38056,2,40598.5,2,41115.9
39,77,11,206214,13,247363.7,10,202992.6,11,226137.4
39,82,22,415582.2,20,444911.4,21,453398.7,20,511047.1
39,87,2,36456.7,,,2,38566.8,,
39,90,9,158262.7,8,146083.4,8,170716.2,7,163824.1
39,91,10,175847.5,9,164343.9,5,106697.6,5,117017.2
39,92,2,35169.5,2,36520.9,4,85358.1,4,93613.8
39,95,2,28841.6,2,31525.7,2,32480.8,1,16399.1
39,100,9,169352.5,8,160443.7,8,175429.2,7,143278.7
39,102,1,18816.9,2,40110.9,3,65785.9,4,81873.5
39,106,5,94084.7,4,80221.9,5,109643.2,3,61405.1
39,108,4,75267.8,4,80221.9,,,,
39,110,5,99980.4,5,118862.5,4.5,99582.9,6.5,161869.2
39,112,1,19996.1,1,23772.5,1,22129.5,1,24903
39,114,1,19996.1,,,,,1,24903
39,118,1,19306.8,1,18934.2,1,20964.3,1,26678.3
39,122,4,87194.5,4,86086.5,6,121446.5,6,146445.2
39,124,3,65395.8,2,43043.3,2,40482.2,2,48815.1
39,125,5,130971.6,5,131393.2,5,133998.8,4,106737
39,126,1,26194.3,1,26278.6,,,4,106737
40,0,3,58793.7,3,54559.6,3,65246.8,3,66007.2
40,3,2,39195.8,,,3,65246.8,3,66007.2
40,5,5,96448.6,4,81562,4,82432.3,4,89706.6
40,6,1,19289.7,2,40781,2,41216.2,2,44853.3
40,10,8,158920.1,8,168526.2,5,111013.7,7,149804.5
40,11,24,476760.4,25,526644.5,21,466257.5,30,675044.3
40,14,3,59595.1,3,63197.3,3,66608.2,3,64201.9
40,15,2,44868.3,3,74621.5,3,75830.8,3,82115.1
40,16,38,1005935.6,38,949134.7,43,1099999.4,40,1129656.9
40,23,3,67374.4,3,65660.6,3,66644.6,3,70009.2
40,24,1,22458.1,1,21886.9,1,22214.9,1,23336.4
40,25,4,89832.6,3,65660.6,3,66644.6,3,70009.2
40,31,1,22577.9,1,25625.9,1,28698.5,1,27396.7
40,36,13.5,320523.7,13.5,361942.8,13,356469.1,11,304317.7
40,37,26,668051.6,25,689014,25,685517.5,29,763901
40,38,9,213682.5,9,241295.2,9,246786.3,9,248987.2
40,39,1,23742.5,1,26810.6,1,27420.7,1,27665.2
40,40,31,742721,34,710336.7,37,878935.1,39,1015650.8
40,41,16,368772.8,14,316369.5,12,305183.4,12,335903.6
40,42,44,1149921.6,36,983459.9,34,879173.6,37,1053211.9
40,44,5,115241.5,5,112989.1,6,152591.7,4,111967.9
40,45,53,1125869.6,48,1174519.1,37.5,912434.2,33.5,926599.1
40,46,103.5,2338742.2,94,2041234.1,101.5,2326624.7,100.5,2475565
40,47,43,856060.1,71,1559246.4,65.5,1415784.6,72,1712165.7
40,48,61,1268328.1,60,1354143.9,59,1459178.8,63,1725144
40,55,21,486460.2,22,487828,18,397212,23,458794.7
40,56,26,596697.3,30,623469.9,26,614970.4,26,638488.4
40,57,20,415104.9,19,353758.8,11,228077.8,9,201702.6
40,58,40.5,821111.1,36.5,780388.4,37,759628.9,38.5,847458.1
40,61,5,101445.6,5,103418.2,4,82744.1,3,65450.1
40,64,,,,,,,1,21816.7
40,65,17.5,405507.4,20,483745.4,20,499988.4,16,440389.6
40,66,15,347577.8,13,314434.5,15,374991.3,14,385340.9
40,70,3,61089.6,3,61362.8,4,89684.9,4,106393.4
40,71,3,61089.6,3,61362.8,3,67263.7,3,79795.1
40,72,2,40726.4,2,40908.5,2,44842.4,3,79795.1
40,73,4,81452.7,4,81817,4,89684.9,4,106393.4
40,77,6,112480.4,6,114167.9,6,121795.6,8,164463.6
40,79,2,37493.5,2,38056,2,40598.5,2,41115.9
40,80,16,302241.6,17,378174.7,15,323856.2,15,383285.3
40,81,12,226681.2,12,266946.8,10,215904.1,10,255523.6
40,82,9,170010.9,9,200210.1,7,151132.9,11,281075.9
40,83,12,226681.2,11,244701.3,9,194313.7,9,229971.2
40,84,2,37780.2,2,44491.1,2,43180.8,2,51104.7
40,87,2,36456.7,2,38871,2,38566.8,2,44643.1
40,90,7,123093.2,7,127823,6,128037.2,6,140420.7
40,95,,,,,,,1,16399.1
40,98,4,57683.1,4,63051.5,4,64961.5,4,65596.4
40,103,9,169352.5,5,100277.3,11,241215.1,9,184215.4
40,121,4,87194.5,4,86086.5,4,80964.4,4,97630.2
40,126,1,26194.3,1,26278.6,1,26799.8,1,26684.3
40,127,4,104777.3,3,78835.9,3,80399.3,3,80052.8
41,2,4,78391.6,4,72746.2,4,86995.7,4,88009.6
41,3,6,117587.4,7,127305.8,4,86995.7,2,44004.8
41,9,14,270056.2,17,346638.5,16,329729.2,16,358826.6
41,10,2,39730,2,42131.6,1,22202.7,2.5,53501.6
41,11,9,178785.2,9,189592,8,177621.9,7,149804.5
41,12,1,19865,2,42131.6,4,88810.9,3,64201.9
41,14,3,59595.1,3,63197.3,3,66608.2,3,64201.9
41,15,4,89736.5,5,124369.1,8,202215.4,10,273717.1
41,16,16,358946.1,17,422855,27,534026.7,35,805776.1
41,17,9,201907.2,8,198990.6,8,202215.4,7,191601.9
41,24,13,291955.9,13,284529.3,10,222148.6,12,280036.7
41,25,1,22458.1,1,21886.9,1,22214.9,1,23336.4
41,28,5,112290.7,4,87547.5,4,88859.4,3,70009.2
41,29,1,22458.1,1,21886.9,1,22214.9,1,23336.4
41,35,2,47485,2,53621.2,2,54841.4,2,55330.5
41,36,5,118712.5,5,134052.9,5,137103.5,4,110661
41,37,5,118712.5,4,107242.3,4,109682.8,4,110661
41,38,23,546077.4,23,616643.4,20,548414,22,608635.4
41,39,75.5,1357336,65.5,1234289.2,69.5,1332103,80.5,1605466
41,40,1,23048.3,1,22597.8,1,25432,1,27992
41,41,39,789938.1,37,821861,34,783823.9,37.5,877985.1
41,42,3,69144.9,4,90391.3,4,101727.8,3,83975.9
41,44,12,276579.6,11,248576.1,8,203455.6,7,195943.8
41,45,56.5,1461832.8,48,1212653.4,46,1250213.7,49,1388174.4
41,46,93,2041147.7,87,1957231.6,79,1902539.5,79,1998942
41,47,109,2539424.8,113.5,2789246.2,108.5,2742728.4,106.5,3019246.2
41,48,64,1336443.8,62,1435407.7,53.5,1311649.4,52.5,1358860.1
41,55,11,228307.7,10,186188.8,13,269546.5,12,268936.7
41,56,50,1029792,45,1001004.2,50,1121649.6,43,1039283.8
41,57,3,62265.7,3,55856.6,2,41468.7,2,44822.8
41,60,4,81156.5,4,82734.6,3,62058.1,2,43633.4
41,63,3,60867.4,2,41367.3,2,41372,2,43633.4
41,64,3,60867.4,3,62050.9,2,41372,2,43633.4
41,67,13,301234.1,13,314434.5,8,199995.4,8,220194.8
41,68,24,556124.4,26,628869,25,624985.5,28,770681.8
41,69,3,69515.6,3,72561.8,3,74998.3,3,82573
41,72,2,40726.4,2,40908.5,2,44842.4,2,53196.7
41,77,2,37493.5,2,38056,1,20299.3,1,20557.9
41,84,2,37780.2,2,44491.1,2,43180.8,2,51104.7
41,85,,,4,77742,3,57850.2,3,66964.6
41,86,5,91141.7,5,97177.5,5,96417,4,89286.2
41,87,2,36456.7,2,38871,2,38566.8,2,44643.1
41,88,1,18228.3,,,,,2,44643.1
41,91,5,87923.7,5,91302.1,4,85358.1,5,117017.2
41,92,3,52754.2,1,18260.4,2,42679.1,1,23403.4
41,100,4,75267.8,4,80221.9,2,43857.3,2,40936.8
41,103,4,75267.8,2,40110.9,2,43857.3,3,61405.1
41,105,12,225803.3,11,220610.1,12,263143.7,11,225152.2
41,109,4,75267.8,3,60166.4,2,43857.3,1,20468.4
41,114,10,199960.9,9,213952.6,6,132777.2,6,149417.7
41,115,2,38613.6,2,37868.4,5,104821.7,6,160069.8
41,117,4,77227.2,4,75736.8,4,83857.4,4,106713.2
41,118,6,115840.7,7,132539.4,8,167714.7,8,213426.4
41,123,,,,,,,2,48815.1
41,124,3,65395.8,3,64564.9,3,60723.3,3,73222.6
41,126,3,78583,4,105114.6,4,107199,5,133421.3
41,127,6,157165.9,10,262786.5,14,375196.6,20,533685
42,11,2.5,63515.5,5,123283.3,8,178525.3,5.5,134096.1
42,14,11,279468.1,10,246566.7,11,245472.2,10,243811
42,15,6,118297.2,5,110076.8,4,95322.3,4,99786.7
42,16,11,216878.3,10,220153.6,8,190644.5,7,174626.8
42,17,2,39432.4,2,44030.7,2,47661.1,1,24946.7
42,21,3,76134.5,3,80672.7,5,124438.4,3.5,93178.8
42,24,14,355294.1,18,484036.1,18,447978.1,18,479205.1
42,27,1,21204.7,1,22179.1,1,22712.7,1,22860.7
42,28,11,233251.8,11,243970,10,227127.4,11,251467.4
42,29,3,63614.1,3,66537.3,3,68138.2,3,68582
42,34,13,294945.4,13,284840.6,13,290009.4,8,175860.8
42,35,19,454517,18,418155.1,18,458929.4,21,563849.3
42,37,,,2,46461.7,3,76488.2,3,80549.9
42,38,69,1583464.2,64.5,1548000.6,60.5,1497545.9,66.5,1836878.3
42,39,40,918742.2,50.5,1130912.4,59.5,1505950.8,65.5,1691507.7
42,40,10,231704.4,19,474275.2,24,620775.8,25,646573.4
42,41,3,69511.3,2,49923.7,8,206925.3,4,103451.8
42,42,2,46340.9,1,24961.9,1,25865.7,6,155177.6
42,44,44,1012021.8,44,999074.3,48,1152091.2,44,1098545.4
42,45,74,1627602,75,1707028,68,1656977.3,66,1677179.7
42,46,73.5,1627822.7,76.5,1683742.7,80.5,1892546.5,76,1755911.1
42,47,75,1843871.1,81,1941061.3,80,1983133.3,78,1956301.7
42,48,26,661281.4,30,902103.6,38,1084087.8,55,1570221
42,49,,,,,,,2,60409.5
42,59,5,113041.4,5,114243.5,10.5,237386.6,10.5,251125
42,63,10,174033.3,10,196834.6,10,194071.2,9,157291.2
42,68,7,160142.4,7,168514.6,20,498105.4,21,571965.2
42,72,5,97920.1,5,113148.8,5,113844.4,5,117518
42,82,2,35768.8,2,46496.2,2,41032.1,2,48886.4
42,87,2,38371.5,2,42089.1,2,42569.8,2,44351.3
42,88,2,38371.5,,,,,4,88702.6
42,89,10,191857.7,10,210445.6,10,212848.9,7,155229.5
42,93,3,59316,4,80842.9,4,82210.3,4,87458.7
42,95,3,59316,,,2,41105.2,2,43729.4
42,98,3,59316,2,40421.5,2,41105.2,2,43729.4
42,102,1,15456.8,1,17339.7,1,18276.2,1,20612.2
42,103,2,30913.6,2,34679.3,2,36552.4,2,41224.4
42,104,2,30913.6,2,34679.3,2,36552.4,2,41224.4
42,105,2,36577.6,2,38888.8,2,45724.4,2,49639.9
42,109,1,18288.8,1,19444.4,1,22862.2,1,24820
42,112,4,80099.4,5,108852,3,69562.4,3,70336.9
42,114,2,40049.7,2,43540.8,2,46374.9,2,46891.3
42,115,5,98043.1,6,116179.1,6,130948.8,5,118170
42,124,,,,,,,1,22624.8
42,125,,,3,66563.4,3,68549.8,3,73295
42,126,5,99572.6,5,110939,5,114249.6,5,122158.4
42,127,3,59743.6,3,66563.4,3,68549.8,2,48863.4
43,6,3,65985.6,3,69475,4,99685.3,4,100944.7
43,7,1,21995.2,1,23158.3,1,24921.3,1,25236.2
43,8,36,907494.9,29,708656.6,39,964317.2,38,963074.8
43,11,6,152437.2,6,147940,7,156209.6,10,243811
43,13,2,50812.4,2,49313.3,2,44631.3,2,48762.2
43,14,6,152437.2,4,98626.7,4,89262.6,4,97524.4
43,16,12,236594.5,7,154107.5,9,214475.1,10,249466.8
43,17,4,78864.8,4,88061.5,4,95322.3,4,99786.7
43,20,3,76134.5,2,53781.8,2,49775.3,2,53245
43,21,2,50756.3,2,53781.8,2,49775.3,2,53245
43,22,2,50756.3,2,53781.8,2,49775.3,2,53245
43,24,31,700934.3,33,712629.5,57,1322716.7,50,1181000.2
43,25,72,1630196.4,74,1718695.6,70,1694395.6,62,1569784.8
43,26,14,296865.9,13,288328.2,13,295265.6,11,251467.4
43,27,11,233251.8,11,243970,15,340691.1,15,342910.1
43,28,5,106023.5,5,110895.4,6,136276.4,6,137164
43,31,4,90752.4,5,109554.1,2,44616.8,4,87930.4
43,34,10,226881,10,219108.1,10,223084.1,8,175860.8
43,36,10,239219.5,8,185846.7,8,203968.6,9,241649.7
43,37,10,239219.5,10,232308.4,10,254960.8,9,241649.7
43,38,53,1140939.9,53,1157900.3,49,1268818.9,54,1539833.9
43,39,2,47843.9,6,139385,12.5,318701,12,322199.6
43,40,12,278045.2,12,299542.2,15,387984.9,31.5,872552.2
43,41,35,772675.3,36,925292.5,37,957683.7,43,1285070.9
43,42,2,46340.9,2,49923.7,7,181059.6,5,129314.7
43,44,6,139022.6,6,149771.1,6,155193.9,18,465532.9
43,45,11.5,292489.8,12.5,302911.7,11,290255.3,16,483275.8
43,46,8,203471.2,8,193863.5,8,211094.7,8,241637.9
43,47,8,203471.2,8,193863.5,8,211094.7,8,241637.9
43,48,4,101735.6,4,96931.8,4,105547.4,4,120819
43,56,7,158257.9,9,205638.3,8,180866,13,310916.6
43,57,2,45216.6,2,45697.4,6,135649.5,10,239166.6
43,60,1,17403.3,1,19683.5,1,19407.1,1,17476.8
43,61,1,17403.3,1,19683.5,1,19407.1,1,17476.8
43,62,,,,,,,5,87384
43,63,5,87016.6,5,98417.3,3,58221.4,3,52430.4
43,72,1,19584,1,22629.8,1,22768.9,1,23503.6
43,75,4,66650.7,4,72335.5,4,76182.6,4,70790
43,76,1,16662.7,1,18083.9,1,19045.6,1,17697.5
43,79,2,33325.4,2,36167.8,2,38091.3,2,35395
43,82,5,89421.9,5,116240.6,4,82064.2,9,219988.9
43,83,2,35768.8,2,46496.2,2,41032.1,2,48886.4
43,85,2,38371.5,2,42089.1,2,42569.8,2,44351.3
43,86,3,57557.3,3,63133.7,3,63854.7,3,66526.9
43,93,4,79088.1,4,80842.9,4,82210.3,3,65594
43,102,6,92740.7,7,121377.7,7,127933.4,6,123673.1
43,103,2,30913.6,3,52019,4,73104.8,5,103060.9
43,104,3,46370.4,4,69358.7,4,73104.8,4,82448.7
43,109,2,36577.6,2,38888.8,2,45724.4,2,49639.9
43,110,8,160198.7,9,195933.5,10,231874.6,8,187565.1
43,114,2,40049.7,2,43540.8,2,46374.9,2,46891.3
43,115,1,19608.6,1,19363.2,5,109124,5,118170
43,118,5,98043.1,5,96815.9,5,109124,8,189071.9
43,122,3,55746.8,3,60058,3,58841.5,3,67874.3
43,124,5,92911.4,5,100096.6,5,98069.2,5,113123.9
43,126,1,19914.5,1,22187.8,1,22849.9,1,24431.7
44,6,,,,,2,49842.7,2,50472.4
44,7,9,197956.8,8,185266.7,7,174449.3,7,176653.2
44,8,51,1073589.7,57,1213988.7,44,926072.9,45,1024086.3
44,9,21,461899.3,18,416850.2,16,398741.2,17,429015
44,10,1,25406.2,1,24656.7,1,22315.7,1,24381.1
44,11,4,101624.8,4,98626.7,4,89262.6,4,97524.4
44,12,6.5,165140.3,5.5,135611.7,7,156209.6,7,170667.7
44,22,9,228403.4,9,242018.1,9,223989,9,239602.6
44,23,32,734476.6,32,824616.2,31.5,808085.6,32,865793.5
44,24,20,507563,18,484036.1,18,447978.1,16,425960.1
44,25,53,1183414.7,60,1442534.4,66,1497626,60,1393203.9
44,26,14,296865.9,13,288328.2,13,295265.6,10,228606.7
44,27,6,127228.2,6,133074.5,4,90851,3,68582
44,28,13,275661.2,12,266149.1,12,272552.9,17,388631.4
44,31,15,340321.6,15,328662.2,15,334626.2,15,329739
44,32,9,204192.9,10,219108.1,9,200775.7,11,241808.6
44,34,3,68064.3,3,65732.4,3,66925.2,2,43965.2
44,35,5,119609.7,7,162615.9,5,127480.4,5,134249.8
44,36,4,95687.8,1,23230.8,1,25496.1,6,161099.8
44,39,1,23921.9,1,23230.8,1,25496.1,1,26850
44,40,13,301215.7,9,224656.7,9,232790.9,9,232766.4
44,41,28,528760.4,25,535248.6,22,569044.4,24,539430.5
44,42,6,139022.6,8,199694.8,7,181059.6,8,206903.5
44,55,7,158257.9,7,159940.9,15,339123.7,21.5,514208.3
44,56,33,739036.9,36,776597.4,31,700855.7,33,844776.9
44,57,16,361732.4,16,365579.2,32.5,694524.2,35,825293.7
44,61,2,34806.7,3,59050.4,3,58221.4,2,34953.6
44,62,1,17403.3,1,19683.5,,,,
44,63,5,87016.6,5,98417.3,6,116442.7,7,122337.6
44,70,4,78336.1,4,90519,4,91075.5,4,94014.4
44,71,11,215424.3,11,248927.3,11,250457.6,9,211532.4
44,80,2,35768.8,2,46496.2,2,41032.1,2,48886.4
44,85,,,2,42089.1,3,63854.7,3,66526.9
44,87,1,19185.8,1,21044.6,1,21284.9,1,22175.6
44,92,6,118632.1,5,101053.6,5,102762.9,4,87458.7
44,93,4,79088.1,2,40421.5,2,41105.2,3,65594
44,96,2,39544,2,40421.5,2,41105.2,2,43729.4
44,98,9,177948.1,9,181896.5,9,184973.2,8,174917.4
44,104,2,30913.6,2,34679.3,2,36552.4,2,41224.4
44,105,14,256043,15,291666.3,14,320070.5,16.5,409529.3
44,106,27,493797.3,32.5,631943.7,27.5,594301.1,30.5,781999.4
44,107,36,658396.4,28,544443.8,22,502967.9,20,496399.1
44,116,2,39217.2,2,38726.4,1,21824.8,1,23634
44,117,4,78434.5,4,77452.7,4,87299.2,2,47268
44,118,15,294129.2,13,251721.4,18,392846.4,22,519947.8
44,119,1,19608.6,4,77452.7,,,,
44,120,1,18582.3,3,60058,3,58841.5,3,67874.3
44,121,1,18582.3,1,20019.3,1,19613.8,1,22624.8
44,122,4,74329.1,4,80077.3,4,78455.3,4,90499.1
45,6,6,131971.2,6,138950.1,6,149528,6,151417.1
45,7,37,813822.5,36,833700.4,34,847325.1,31,782321.5
45,8,26,571875.3,26,602116.9,21,523347.9,24,605668.2
45,9,32,668431,32,741067,37,833254.3,32,758832.5
45,10,4,101624.8,4,98626.7,4,89262.6,4,97524.4
45,13,6,152437.2,4,98626.7,3,66947,3.5,85333.9
45,14,2,50812.4,2,49313.3,2,44631.3,2,48762.2
45,20,9,228403.4,8,215127.2,8,199101.4,8,212980.1
45,23,58,1395393.4,55,1328435.9,51,1235424.2,50,1314888.9
45,24,101,2092993.7,104,2161840.8,87,1993131.5,95.5,2535564.6
45,25,19,402889.4,18,399223.6,14,317978.3,18,411492.1
45,26,2,42409.4,2,44358.2,,,,
45,27,10,212047.1,10,221790.9,11,249840.1,11,251467.4
45,28,4,84818.8,4,88716.4,3,68138.2,3,68582
45,31,2,45376.2,2,43821.6,2,44616.8,2,43965.2
45,32,3,68064.3,3,65732.4,2,44616.8,2,43965.2
45,34,,,1,21910.8,1,22308.4,2,43965.2
45,35,7,167453.6,8,185846.7,8,203968.6,12,322199.6
45,36,3,71765.8,3,69692.5,2,50992.2,3,80549.9
45,37,2,47843.9,1,23230.8,2,50992.2,2,53699.9
45,38,1,23921.9,1,23230.8,1,25496.1,3,80549.9
45,39,4,95687.8,4,92923.4,4,101984.3,4,107399.9
45,47,10,254339,11.5,278678.8,7.5,197901.3,8.5,256740.3
45,48,3,76301.7,3,72698.8,3,79160.5,3,90614.2
45,49,1,25433.9,2,48465.9,2,52773.7,,
45,57,11,248691,16,365579.2,19,429556.7,25,597916.6
45,58,4,90433.1,3,68546.1,3,67824.7,3,71750
45,62,8,139226.6,7,137784.3,5,97035.6,5,87384
45,65,5,114387.5,5,120367.5,6,149431.6,6,163418.6
45,69,17,388917.3,16,385176.1,17,423389.6,18,490255.9
45,70,20,391680.5,21,475224.9,29,660297.4,25,587590
45,76,6,99976.1,5,90419.4,5,95228.2,5,88487.6
45,77,1.5,24994,1,18083.9,1,19045.6,3,53092.5
45,82,1,17884.4,3,69744.4,4,82064.2,,
45,84,2,35768.8,2,46496.2,2,41032.1,2,48886.4
45,85,5,95928.8,5,105222.8,3,63854.7,4,88702.6
45,86,6,115114.6,3,63133.7,3,63854.7,4,88702.6
45,88,,,,,5,106424.4,6,133053.9
45,89,5,95928.8,5,105222.8,5,106424.4,5,110878.2
45,91,2,39544,2,40421.5,2,41105.2,2,43729.4
45,93,4,79088.1,2,40421.5,,,,
45,98,4,79088.1,4,80842.9,4,82210.3,4,87458.7
45,105,7,128021.5,7,136111,8,182897.4,7,173739.7
45,106,4,73155.2,1,19444.4,1,22862.2,2,49639.9
45,107,4,73155.2,4,77777.7,4,91448.7,4,99279.8
45,114,1,20024.8,1,21770.4,3,69562.4,3,70336.9
45,115,5,98043.1,5,96815.9,3,65474.4,5,118170
45,118,4,78434.5,4,77452.7,3,65474.4,3,70902
45,119,13,254912,11,212995.1,11,240072.8,9,212705.9
45,120,2,37164.6,2,40038.6,2,39227.7,2,45249.5
46,10,7,177843.4,6,147940,9,200840.9,9,219429.9
46,19,5,98581,4,88061.5,4,95322.3,4,99786.7
46,20,13,329916,14,376472.6,11,273764.4,10,266225.1
46,23,,,,,,,5,133112.5
46,24,100,2433087.7,86,2033109,115.5,2605294.9,127.5,3025587.4
46,25,8,169637.7,7,155253.6,5,113563.7,5,114303.4
46,26,5,106023.5,4,88716.4,5,113563.7,6,137164
46,27,7,148433,4,88716.4,4,90851,5,114303.4
46,32,1,22688.1,1,21910.8,1,22308.4,1,21982.6
46,37,2,47843.9,2,46461.7,2,50992.2,2,53699.9
46,38,15,358829.2,16,371693.5,13,331449,15,402749.5
46,39,21,502360.9,18,418155.1,16,407937.2,15,402749.5
46,42,6,139022.6,6,149771.1,8,206925.3,8,206903.5
46,47,,,,,4,105547.4,3,90614.2
46,48,3,76301.7,3,72698.8,5,131934.2,7,211433.2
46,52,2,46816.1,2,44692.6,2,46060.9,2,48613.6
46,53,1,23408,1,22346.3,1,23030.5,1,24306.8
46,54,1,23408,1,22346.3,1,23030.5,1,24306.8
46,58,4,90433.1,5,114243.5,5,113041.2,4,95666.7
46,59,1,22608.3,,,,,,
46,63,2,34806.7,3,59050.4,,,4,69907.2
46,69,13,297407.4,13,312955.6,13,323768.5,6,163418.6
46,70,10,195840.3,6,135778.5,8,182151,9,211532.4
46,76,4,66650.7,4,72335.5,3,57136.9,3,53092.5
46,81,3,53653.2,3,69744.4,3,61548.1,3,73329.6
46,82,2,35768.8,2,46496.2,2,41032.1,2,48886.4
46,86,2,38371.5,2,42089.1,2,42569.8,2,44351.3
46,90,,,,,1,20552.6,1,21864.7
46,98,1,19772,1,20210.7,,,,
46,100,,,3,52019,4,73104.8,5,103060.9
46,105,,,4,77777.7,4,91448.7,2,49639.9
46,109,2,36577.6,2,38888.8,6,137173.1,6,148919.7
46,110,2,40049.7,2,43540.8,,,,
46,113,3,60074.5,3,65311.2,3,69562.4,3,70336.9
46,114,4,80099.4,3,65311.2,2,46374.9,3,70336.9
46,118,4,78434.5,4,77452.7,4,87299.2,4,94536
46,119,15,294129.2,15,290447.8,13,283722.4,13,307241.9
46,120,3,55746.8,2,40038.6,2,39227.7,3,67874.3
46,122,2,37164.6,3,60058,3,58841.5,2,45249.5
46,123,1,18582.3,1,20019.3,2,39227.7,2,45249.5
46,124,,,,,,,1,22624.8
46,125,8,159316.2,9,199690.2,6,137099.5,5,122158.4
46,127,2,39829.1,2,44375.6,2,45699.8,2,48863.4
47,4,1,21216.3,1,22566.7,1,23346,1,25969.4
47,5,3,64585.6,2,42321.2,2,47205.5,2,58143.9
47,17,5.5,123430,4,95007.4,6,150358.8,5,124525.8
47,18,4,89767.3,4,95007.4,4,100239.2,4,99620.6
47,20,2,36807.2,2,40993.6,2,40698.6,2,42610.7
47,21,1,18403.6,,,3,61048,4,85221.4
47,24,8,147228.8,9,184471.2,5,101746.6,14,298275
47,27,5,97042.6,5,110115.3,5,113562.8,5,120510.2
47,28,1,19408.5,,,1,22712.6,1,24102
47,33,7,164361,6,141756.7,7,162122.8,3,75265.3
47,34,2,46960.3,2,47252.2,2,46320.8,2,50176.8
47,37,2,51287.5,2,48448.4,2,52547.4,1,28403.8
47,39,6,153862.5,5,121121,5,131368.5,5,142019.2
47,43,6.5,143286.8,8,184196.4,7,169626.2,5.5,146330.1
47,44,1,22044.1,1,23024.5,1,24232.3,1,26605.5
47,46,4,90790.6,4,88795.1,4,105562,4,110613.9
47,47,17,385859.9,17,377379.2,18,475029.1,13,359495.2
47,48,4,90790.6,4,88795.1,1,26390.5,2,55307
47,49,1,22697.6,1,22198.8,1,26390.5,,
47,55,2,46816.1,2,44692.6,2,46218,2,48613.6
47,58,9,210672.4,10,223463,11,254199,10,243068.2
47,60,2,33429.8,2,35191.1,2,39166.7,2,40721.6
47,66,,,,,2,39166.7,,
47,67,4,66859.5,4,70382.1,4,78333.4,4,87359.6
47,69,3,50144.7,2,35191.1,2,39166.7,2,43679.8
47,71,1,22099.5,1,22267.3,1,19045.6,1,26298.8
47,73,13,287293.9,13,289475.2,11,209502.1,10,262987.9
47,74,4,88398.1,4.5,100203,4.5,85705.4,3,78896.4
47,77,14,233277.5,15,271258.2,16,304730.4,18,318555.2
47,88,4,70227.2,4,77952.8,5,108389.9,6,140895.9
47,94,2,39544,4,80842.9,4,82210.3,4,87458.7
47,99,4,69083.1,5,101053.6,,,,
47,100,2,30913.6,2,34679.3,7,127933.4,7,144285.2
47,102,4,61827.2,4,69358.7,4,73104.8,1,20612.2
47,112,,,,,,,1,23445.6
47,119,28,533744.7,24,466782.6,17,338538.3,14,315047.5
47,120,8,157513,2,42578.5,7,152750.3,7,163992.5
47,121,,,,,2,43642.9,1,23427.5
47,123,1,19689.1,1,21289.2,1,21821.5,2,46855
48,1,3,63648.9,2,45133.3,4,93383.8,3,77908.2
48,2,19,403109.9,18,406199.7,18,420227.2,15,389540.9
48,3,27,572840.4,24,541599.6,15,350189.3,14,363571.5
48,4,13,275812,12,270799.8,12,280151.5,12,311632.7
48,5,7,150699.8,6,126963.5,9,212424.7,10,290719.4
48,20,2,36807.2,2,40993.6,2,40698.6,3,63916.1
48,21,1,18403.6,1,20496.8,,,,
48,22,3,55210.8,4,81987.2,4,81397.3,4,85221.4
48,24,7,128825.2,7,143477.6,3,61048,3,63916.1
48,26,3,58225.5,3,66069.2,3,68137.7,3,72306.1
48,29,4,77634,4,88092.2,4,90850.3,4,96408.2
48,30,3,70440.4,3,70878.4,3,69481.2,2,50176.8
48,36,,,,,,,1,28403.8
48,37,4,102575,,,,,,
48,39,,,1,24224.2,1,26273.7,1,28403.8
48,45,1,22697.6,1,22198.8,1,26390.5,1,27653.5
48,46,2,45395.3,1,22198.8,3,79171.5,5,138267.4
48,59,6,140448.3,6,134077.8,6,138654,6,145840.9
48,60,3,50144.7,3,52786.6,3,58750,3,61082.4
48,63,2,33429.8,,,,,4,81443.1
48,65,4,66859.5,,,,,,
48,66,2,33429.8,6,105573.2,6,117500.1,10,218399.1
48,67,5,83574.4,5,87977.7,5,97916.7,5,109199.5
48,72,2,44199.1,2,44534.7,,,,
48,77,1,16662.7,2,36167.8,2,38091.3,1,17697.5
48,83,2,35768.8,1,23248.1,4,82064.2,1,24443.2
48,84,4,71537.5,4,92992.5,,,1,24443.2
48,85,7,122897.7,5,97441,5,108389.9,1,23482.6
48,86,7,122897.7,8,155905.6,8,173423.8,7,164378.5
48,92,1,19772,1,20210.7,1,20552.6,1,21864.7
48,95,1,17270.8,2,40421.5,2,41105.2,2,43729.4
48,97,1,17270.8,,,2,41105.2,4,87458.7
48,102,4,61827.2,4,69358.7,2,36552.4,2,41224.4
48,104,6,92740.7,6,104038,6,109657.2,5,103060.9
48,112,1,20024.8,1,21770.4,4,92749.8,4,93782.6
48,113,3,60074.5,2,43540.8,2,46374.9,2,46891.3
48,115,2,38124.6,3,58347.8,2,39828,2,45006.8
48,116,2,38124.6,2,38898.6,2,39828,2,45006.8
48,119,3,57186.9,7,136144.9,18,358452.3,23,517578.1
48,120,24,472539.1,26.5,564164.7,18,392786.4,15,351412.5
48,121,2,39378.3,2,42578.5,,,,
48,123,2,39378.3,2,42578.5,2,43642.9,2,46855
48,124,4,78756.5,5,106446.2,5,109107.3,5,117137.5
49,2,11,233379.4,12,270799.8,13,303497.4,13,337602.1
49,3,37,785003.4,37,834966.1,34,793762.5,35,908928.8
49,4,,,,,7,163421.7,8,207755.2
49,5,48,850694.6,53,870587.1,49,839253.6,54,964711.3
49,6,52,1048355.3,51,1056234.8,54,1129736.8,52,1171510
49,8,27,581270.8,21,444372.3,24,566465.8,21,610510.8
49,9,2,43057.1,1,21160.6,1,23602.7,1,29071.9
49,21,,,,,3,61048,3,63916.1
49,22,10,184036,1,20496.8,,,,
49,23,3,55210.8,3,61490.4,3,61048,3,63916.1
49,24,5,92018,5,102484,9,183143.9,9,191748.2
49,29,5,97042.6,4,88092.2,6,136275.4,2,48204.1
49,34,10,234801.4,7,165382.8,7,162122.8,7,175618.9
49,35,1,25643.7,1,24224.2,1,26273.7,1,28403.8
49,36,25,641093.6,20,484483.9,17,446653,12.5,355047.9
49,37,8,205150,3,72672.6,9,236463.3,8,227230.6
49,38,5,128218.7,17,411811.3,15,394105.6,24,777984.4
49,39,4,102575,5,121121,7,183915.9,11,312442.1
49,40,8,176353,5,115122.7,7,169626.2,6.5,172935.5
49,42,3,66132.4,3,69073.6,3,72697,3,79816.4
49,47,9,204278.7,8,177590.2,7,184733.6,7,193574.3
49,48,1,22697.6,1,22198.8,1,26390.5,1,27653.5
49,53,3,64272.5,5,111393.9,5,115152.3,4,101629.3
49,54,7,149969.1,4.5,100254.5,5.5,126667.5,6.5,165147.6
49,59,22,514977.1,22,491618.6,20,462180.1,20,486136.4
49,60,2,33429.8,2,35191.1,2,39166.7,2,40721.6
49,61,,,,,,,3.5,71262.7
49,66,2,33429.8,2,35191.1,,,,
49,67,1,16714.9,2,35191.1,2,39166.7,2,43679.8
49,70,,,2,44534.7,,,,
49,71,2,44199.1,,,2,38091.3,6,157792.7
49,75,2,33325.4,1,18083.9,,,,
49,76,1,16662.7,1,18083.9,,,,
49,88,6,105340.9,6,116929.2,7,151745.8,7,164378.5
49,91,5,98860.1,5,101053.6,5,102762.9,4,87458.7
49,92,2,39544,4,80842.9,1,20552.6,1,21864.7
49,98,2,34541.6,2,40421.5,2,41105.2,2,43729.4
49,99,,,,,1,20552.6,1,21864.7
49,103,4,61827.2,4,69358.7,4,73104.8,3,61836.5
49,104,5,77284,5,86698.3,8,146209.5,10,206121.8
49,105,1,18620.8,1,17741.2,1,19348.8,1,21576.6
49,106,6,111724.5,4,70965,4,77395.3,4,86306.4
49,107,3,55862.3,2,35482.5,2,38697.6,1,21576.6
49,109,,,2,35482.5,2,38697.6,2,43153.2
49,110,3,60074.5,3,65311.2,3,69562.4,3,70336.9
49,111,5,100124.2,5,108852,4.5,104343.6,4,93782.6
49,112,1,20024.8,1,21770.4,1,23187.5,1,23445.6
49,116,2,38124.6,2,38898.6,2,39828,2,45006.8
49,117,2,38124.6,2,38898.6,2,39828,2,45006.8
49,118,3,57186.9,3,58347.8,3,59742.1,3,67510.2
49,119,1,19062.3,,,1,19914,,
49,120,4,78756.5,3,63867.7,2,43642.9,2,46855
49,121,3,59067.4,4,85156.9,,,2,46855
49,126,,,,,,,1,22624.8
50,1,1,21216.3,1,22566.7,1,23346,1,25969.4
50,2,2,42432.6,1,22566.7,2,46691.9,2,51938.8
50,3,11.5,243987.6,9,203099.9,9.5,221786.6,8.5,220739.9
50,4,11,233379.4,10,225666.5,8,186767.6,11,285663.3
50,5,63,1347709,57,1282129.9,54,1273614.5,56,1256143.4
50,6,47.5,954776.4,52,959017.1,50,990102.4,50,1020051
50,7,48,1044561.4,49,1024214.2,46.5,1028768.1,54,1356310.1
50,8,119,2306973,135,2857976.6,120,2649202.9,128.5,3055358.9
50,9,3,64585.6,3,63481.8,3,70808.2,1,29071.9
50,10,6,145996.2,4.5,111376.9,4.5,112580.8,3,77538.4
50,15,3,67325.4,2,47503.7,2,50119.6,2,49810.3
50,18,8,179534.5,8,190014.8,8,200478.4,7,174336.1
50,20,2,36807.2,2,40993.6,2,40698.6,2,42610.7
50,27,6,116451.1,6,132138.3,2,45425.1,2,48204.1
50,30,16,375682.3,20,472522.4,14,324245.5,20.5,514312.6
50,31,41,1045668,45,1159403.5,46,1184088.6,49,1324166.2
50,32,3,70440.4,3,70878.4,3,69481.2,3,75265.3
50,35,6,153862.5,6,145345.2,4,105094.8,4,113615.3
50,38,4,102575,4,96896.8,4,105094.8,4,113615.3
50,39,19,487231.1,18,436035.5,18,472926.7,27,766903.4
50,40,12,264529.5,12,276294.5,12,290787.8,13,345871.1
50,42,5,110220.6,6,138147.3,5,121161.6,5,133027.3
50,51,1,21424.2,,,,,4,101629.3
50,53,1,21424.2,1,22278.8,1,23030.5,1,25407.3
50,55,5,117040.2,5,111731.5,5,115545,4,97227.3
50,60,5,83574.4,5,87977.7,5,97916.7,5,101803.9
50,61,2,33429.8,1,17595.5,3,58750,3,61082.4
50,65,2,33429.8,2,35191.1,2,39166.7,2,43679.8
50,68,,,,,,,1,21839.9
50,81,7,125190.7,7,162736.9,7,143612.3,4,97772.8
50,87,7,122897.7,8,155905.6,8,173423.8,7,164378.5
50,97,,,,,1,20552.6,1,21864.7
50,98,1,17270.8,1,20210.7,,,,
50,99,1,17270.8,,,,,,
50,101,2,30913.6,2,34679.3,2,36552.4,2,41224.4
50,106,5,93103.8,4,70965,2,38697.6,3,64729.8
50,110,3,60074.5,4,87081.6,5,115937.3,8,187565.1
50,112,4,80099.4,4,87081.6,4,92749.8,5,117228.2
50,118,2,38124.6,1,19449.3,1,19914,1,22503.4
50,125,,,,,1,19613.8,1,22624.8
51,4,13,275812,12,270799.8,10,233459.6,9,233724.6
51,5,55,1008729.5,58,1102346.6,71,1316463.7,81,1637440.8
51,6,71,1350372.8,69,1260069.9,62,1239253.7,66,1421232.5
51,7,69,1474900.7,66.5,1527534.5,62.5,1395058.3,69.5,1611308.1
51,8,92,1667739.6,107,2059979.6,92.5,1894404.8,112.5,2342199.8
51,9,48,1084993.9,49.5,1058526.8,49.5,1115251.9,45.5,1037850.6
51,10,35,851644.6,37,915765.7,32,800574.4,34,878769.1
51,15,15,336627.2,14,332526,12,300717.7,13.5,336219.5
51,16,8,179534.5,8,190014.8,8,200478.4,10,249051.5
51,18,2,44883.6,2,47503.7,2,50119.6,2,49810.3
51,26,9,174676.6,13,286299.7,19,431538.8,20,482040.8
51,27,21,407578.7,21,462484.1,19,431538.8,18,433836.7
51,28,,,2,44046.1,2,45425.1,4,96408.2
51,29,3,58225.5,2,44046.1,2,45425.1,2,48204.1
51,30,3,70440.4,3,70878.4,3,69481.2,5,125442.1
51,31,53,1369308.5,47,1248184.1,42,1204997.2,37,1246055
51,32,32,751364.5,32,773289.2,31,717972.2,32,802829.4
51,40,4,88176.5,2,46049.1,4,96929.3,3,79816.4
51,42,5,110220.6,5,115122.7,5,121161.6,5,133027.3
51,51,,,,,2,46060.9,2,50814.7
51,52,18,385634.9,16,356460.4,16,368487.4,10,254073.3
51,53,17,364210.8,19,423296.7,18,414548.3,17.5,444628.2
51,61,4,66859.5,3,52786.6,3,58750,2,40721.6
51,62,2,33429.8,2,35191.1,2,39166.7,2,40721.6
51,63,2,33429.8,2,35191.1,2,39166.7,2,40721.6
51,64,8,133719.1,7,123168.7,5,97916.7,6,122164.7
51,65,,,1,17595.5,1,19583.3,1,21839.9
51,69,2,33429.8,2,35191.1,2,39166.7,1,21839.9
51,70,5,110497.6,1,22267.3,1,19045.6,1,26298.8
51,72,3,66298.6,3,66802,2,38091.3,2,52597.6
51,79,,,2,36167.8,3,57136.9,3,53092.5
51,86,1,17556.8,1,19488.2,1,21678,1,23482.6
51,88,,,,,2,43356,4,93930.6
51,94,5,98860.1,6,121264.4,2,41105.2,9,196782.1
51,95,8,138166.3,8,161685.8,8,164420.6,8,174917.4
51,96,3,51812.4,3,60632.2,3,61657.7,3,65594
51,97,4,69083.1,4,80842.9,2,41105.2,1,21864.7
51,102,2,30913.6,3,52019,3,54828.6,3,61836.5
51,103,,,1,17339.7,2,36552.4,3,61836.5
51,105,13,242069.8,10,177412.4,23,445023,20,431532.1
51,106,,,,,2,38697.6,2,43153.2
51,107,10,186207.5,11,195153.6,9,174139.4,9,194189.5
51,109,7,130345.3,8,141929.9,8,154790.6,8,172612.8
51,110,7,140173.9,7,152392.7,7,162312.2,7,164119.5
51,113,5,100124.2,5,108852,4,92749.8,3,70336.9
51,116,2,38124.6,2,38898.6,2,39828,2,45006.8
51,118,2,38124.6,2,38898.6,2,39828,2,45006.8
51,121,2,39378.3,2,42578.5,2,43642.9,2,46855
52,5,5,116293.4,5,128578,5,129939.6,9,229002.1
52,6,107,1661935.9,107,1792311.6,93,1578462.9,95,1653083
52,7,70,1318780.6,65.5,1194467.8,75.5,1602089.3,76,1749747.9
52,8,72,1626317.4,81,1852069.4,80.5,1838238.9,99,2042112.8
52,9,54,1194457.7,58.5,1368111.1,64.5,1379803.2,58,1367478
52,10,52,1179150.2,47,1069318.8,47,1179392.7,44,1125296.2
52,15,2,43606.8,2,50323.9,8,178035.5,8,202407.6
52,16,,,,,2,44508.9,2,50601.9
52,17,,,1,25161.9,1,22254.4,1,25301
52,21,2,48433.3,2,47819.8,2,48458,2,50141.3
52,24,1,24216.6,2,47819.8,4,96916,4,100282.6
52,26,21.5,420218,14.5,317513,14.5,321596.9,14.5,365053.2
52,27,13,254085.3,14,306564.3,9.5,210701.4,7,176232.6
52,28,1,19545,1,21897.5,1,22179.1,1,25176.1
52,29,4,78180.1,4,87589.8,3,66537.3,2,50352.2
52,31,16,371912.9,16,376905.3,13,304591.7,13,331200.5
52,32,11,255690.1,10,235565.8,9,210871.1,8.5,216554.2
52,33,18,418402.1,17,400461.9,15,351451.9,14,356677.4
52,34,4,92978.2,4,94226.3,4,93720.5,4,101907.8
52,35,14,273745.9,11,220842.2,10,226651.2,10.5,263192.5
52,36,22,430172.1,20,401531.3,17,385307.1,16,401055.2
52,37,2,39106.6,2,40153.1,2,45330.2,2,50131.9
52,38,7,136872.9,7,140535.9,7,158655.8,6,150395.7
52,39,3,58659.8,2,40153.1,3,67995.4,3,75197.9
52,42,4,81554.3,7,155690,,,1,21543.9
52,47,,,3,62298.8,4,87043.9,4,96810.9
52,48,2,41289.8,5,103831.3,4,87043.9,4,96810.9
52,49,14,289028.5,15,311493.8,14,304653.8,17,411446.3
52,51,4,95149.1,4,92365.4,4,96973.3,2,53172.9
52,52,17,404383.5,14,323278.8,17,412136.4,13,345623.7
52,53,19,451958,23,531100.9,17.5,424258,26.5,704540.5
52,54,4,95149.1,5,115456.7,5,121216.6,6,159518.6
52,70,2,45004.1,2,46720.7,2,50162.6,,
52,72,,,,,1,25081.3,1,25803.9
52,74,3,67506.2,4,93441.5,2,50162.6,2,51607.8
52,83,1,19380.1,1,18972.2,1,22226.9,1,21880.6
52,84,4,77520.2,4,75888.6,8,177815.1,8,175045.2
52,85,20,379786.3,19,381349.7,16,363192.6,16,345395.6
52,89,1,18989.3,2,40142.1,2,45399.1,,
52,91,2,33145.6,2,32972.1,1,20421.9,1,18961.5
52,93,2,33145.6,2,32972.1,2,40843.8,2,37923.1
52,98,3,49718.4,3,49458.2,3,61265.8,2,37923.1
52,99,1,16572.8,2,32972.1,1,20421.9,1,18961.5
52,100,7,148702.4,7,137486.2,9,213425.2,10,269913.1
52,104,5,106216,5,98204.4,4,94855.7,4,107965.3
52,105,21,424663.1,23,434145.5,19,395400,19,423061.1
52,106,8,161776.4,7,132131.3,8,166484.2,4,89065.5
52,109,1,20222.1,1,18875.9,,,1,22266.4
52,110,5,106626.6,4,87294.9,4,83816.1,5,105408.3
52,111,6,127952,6,130942.4,4,83816.1,6,126489.9
52,116,2,36963.5,2,38855,3,71824.2,4,93538.3
52,118,2,36963.5,2,38855,2,47882.8,2,46769.1
52,122,,,1,19419.7,2,48333.8,1,21528.1
52,126,2,51915.2,2,55204.5,2,54852.7,2,57349.5
52,127,,,,,2,54852.7,1,28674.8
53,1,,,,,1,25817.3,1,27539.5
53,5,15,348880.1,14,360018.3,14,363830.8,15,381670.1
53,6,55.5,1205179.1,50.5,1132793.3,61.5,1382458.6,72,1762277.9
53,7,78.5,1561867.3,78.5,1559468.9,83.5,1633054.9,76,1614869.7
53,8,86,1893223.5,92.5,1988947.5,74,1778222.3,65,1577761.9
53,9,85,1896080.8,86,2050117.9,94,2173483.5,90,2028818.1
53,10,30,754896.7,29,639782.2,28,642554.2,25,619672.2
53,15,1,21803.4,1,25161.9,,,,
53,17,2,43606.8,2,50323.9,2,44508.9,2,50601.9
53,19,1,21803.4,1,25161.9,1,22254.4,1,25301
53,20,3,72649.9,3,71729.6,3,72687,,
53,21,7,169516.4,7,167369.2,8,193832,9,225635.9
53,22,1,24216.6,,,,,,
53,25,4,78180.1,4,87589.8,4,88716.4,4,100704.3
53,26,1,19545,,,,,,
53,29,3,58635.1,3,65692.4,2,44358.2,1,25176.1
53,33,4,92978.2,4,94226.3,4,93720.5,4,101907.8
53,34,16,371912.9,16,376905.3,15,351451.9,14,356677.4
53,35,13,254192.6,10,200765.6,11,249316.3,14,350923.3
53,36,21,410618.8,20,401531.3,20,453302.4,19,476253.1
53,37,5,97766.4,5,100382.8,5,113325.6,5,125329.8
53,38,2,39106.6,2,40153.1,2,45330.2,2,50131.9
53,39,4,78213.1,4,80306.3,4,90660.5,4,100263.8
53,40,7,142720.1,7,155690,8,170849.9,5,107719.3
53,42,,,,,8,170849.9,4,86175.5
53,46,9,185804,8,166130,11,239370.8,10,242027.2
53,47,2,41289.8,2,41532.5,2,43522,2,48405.4
53,49,18,371608.1,16,332260,14,304653.8,15.5,375142.2
53,50,5,118936.3,2,46182.7,2.5,60608.3,2.5,66466.1
53,53,,,,,2,48486.6,3,79759.3
53,54,5,118936.3,5,115456.7,4,96973.3,4,106345.7
53,57,9,198731,10,219249.9,7,154599.7,11,275063.3
53,58,2,44162.5,2,43850,2,44171.3,2,50011.5
53,62,18.5,375371.3,19.5,403491.1,14,352099.5,16,393925.5
53,64,3,60871,3,62075.5,3,75449.9,5.5,135411.9
53,65,2,45475.3,2,46684.7,2,43138.7,2,45101.4
53,69,2,45475.3,2,46684.7,1,21569.3,1,22550.7
53,72,,,2,46720.7,,,2,51607.8
53,73,1,22502.1,1,23360.4,4,100325.2,5,129019.4
53,78,2,43930.5,2,41296.7,2,40863.8,2,45418.4
53,79,3,65895.8,3,61945,3,61295.7,3,68127.7
53,80,1,19380.1,1,18972.2,,,,
53,81,7,135660.4,6,113832.9,6,133361.3,4,87522.6
53,83,13,251940.8,13,246638,9,200042,9,196925.8
53,84,30,581401.9,29,550192.4,35,798043,36,887238.4
53,85,22,417764.9,26,521847,23,522089.4,26.5,572061.5
53,92,1,16572.8,4,65944.3,4,81687.7,5,94807.6
53,93,5,82864.1,4,65944.3,4,81687.7,3,56884.6
53,99,1,16572.8,1,16486.1,1,20421.9,1,18961.5
53,104,5,106216,5,98204.4,3,71141.7,3,80973.9
53,105,4,80888.2,4,75503.6,7,145673.7,7,155864.6
53,106,,,2,37751.8,1,20810.5,1,22266.4
53,114,2,42650.7,2,43647.5,5,104770.1,5,105408.3
53,115,1,18481.8,1,19427.5,,,,
53,124,3,60648.1,3,58259.1,3,72500.7,3,64584.3
53,126,,,,,2,54852.7,,
53,127,2,51915.2,3,82806.8,3,82279,3,86024.3
54,0,5,104837.9,3,64521.2,2,51634.7,2,55079
54,2,2,41935.2,1,21507.1,1,25817.3,,
54,3,2,41935.2,2,43014.1,2,51634.7,2,55079
54,4,6,125805.5,6,129042.4,5,129086.6,2,55079
54,5,,,,,5,129939.6,7,178112.7
54,6,46,1161662,42.5,934543.9,51.5,1091385.4,55.5,1376330.6
54,7,70,1135540,70,1127188.7,82.5,1380216.8,80,1521131.7
54,8,65,1317034.5,69,1333543.4,68,1347555.5,70,1459499.2
54,9,32.5,676975.1,29.5,638516.5,35,900926.9,38,1031159.1
54,10,13,285653.4,21,466879.9,19,416946.8,22.5,518297.6
54,11,2,43946.7,3,66697.1,3,65833.7,2.5,57588.6
54,16,5,109017.1,5,125809.7,5,111272.2,5,126504.8
54,19,4,87213.6,7,176133.6,7,155781,7,177106.7
54,20,1,24216.6,,,,,,
54,21,1,24216.6,1,23909.9,1,24229,,
54,22,3,72649.9,2,47819.8,2,48458,,
54,23,15,363249.4,16,382558.1,19,460350.9,22,551554.4
54,32,1,23244.6,1,23556.6,1,23430.1,1,25477
54,33,38,798435,36,798952.4,35,856138.6,36,1083262.2
54,34,12,278934.7,12,282679,13,304591.7,15,382154.4
54,35,20,393565.4,24,550143.8,28,623001.9,30.5,655554.4
54,36,40,851472,36,848333.5,45,1070369,42,1063104.3
54,37,6,117319.7,6,120459.4,3,67995.4,4,100263.8
54,39,2,39106.6,4,80306.3,4,90660.5,4,100263.8
54,40,5,101942.9,,,5,106781.2,6,129263.2
54,46,8.5,175481.6,8.5,176513.1,12.5,272012.3,14.5,350939.5
54,47,14,289028.5,12,249195,9,195848.9,7,169419.1
54,53,11,261659.9,11,254004.8,10,242433.1,8,212691.5
54,54,8,190298.1,9,207822.1,8,193946.5,10,265864.4
54,57,,,2,43850,1,22085.7,1,25005.8
54,59,3,66243.7,,,,,1,25005.8
54,60,7,142032.4,7,144842.9,6,150899.8,4,98481.4
54,61,5,101451.7,3,62075.5,3,75449.9,4,98481.4
54,62,6,121742,6,124151.1,6,150899.8,6,147722.1
54,66,2,45475.3,1,23342.3,1,21569.3,1,22550.7
54,68,3,68212.9,3,70027,2,43138.7,2,45101.4
54,69,,,1,23342.3,,,,
54,70,1,22502.1,,,1,25081.3,3.5,90313.6
54,72,2,45004.1,,,2,50162.6,1,25803.9
54,73,,,1,23360.4,,,,
54,75,3,65895.8,3,61945,1,20431.9,2,45418.4
54,76,,,,,2,40863.8,2,45418.4
54,77,2,43930.5,1,20648.3,1,20431.9,1,22709.2
54,79,4,87861.1,7,144538.4,5,102159.5,4,90836.9
54,80,1,19380.1,1,18972.2,1,22226.9,1,21880.6
54,81,2,38760.1,2,37944.3,2,44453.8,2,43761.3
54,82,5,96900.3,5,94860.8,6,133361.3,8,175045.2
54,83,,,,,1,22226.9,1,21880.6
54,85,,,,,3,68098.6,3,64761.7
54,86,7,132925.2,10,200710.4,8,181596.3,7,151110.6
54,89,3,56967.9,4,80284.1,6,136197.2,4,86348.9
54,97,2,33145.6,2,32972.1,2,40843.8,2,37923.1
54,104,4,84972.8,4,78563.5,8,189711.3,8,215930.5
54,108,1,20222.1,1,18875.9,4,83242.1,4,89065.5
54,113,3,63976,3,65471.2,3,62862.1,3,63245
54,114,2,42650.7,2,43647.5,2,41908.1,2,42163.3
54,122,2,40432,2,38839.4,2,48333.8,2,43056.2
54,123,2,40432,3,58259.1,5,120834.5,5,107640.5
54,124,9.5,192052.2,8,155357.6,10,241668.9,16,344449.6
55,0,,,,,2,51634.7,2,55079
55,5,11,255845.4,12,308587.2,12,311854.9,11,279891.4
55,6,26,616280,26,643414.1,35,810767.5,36,797873
55,7,3,69776,3,77146.8,3,77963.7,3,76334
55,8,11,255845.4,11,282871.6,10,259879.1,9,229002.1
55,10,4,87893.4,4,88929.5,4,87778.3,4,92141.8
55,12,2,43946.7,2,44464.8,4,87778.3,2,46070.9
55,21,5,121083.1,4,95639.5,4,96916,4,100282.6
55,23,12,290599.6,12,286918.6,12,290747.9,15,376059.8
55,24,30,726498.9,31.5,753161.3,32.5,787442.3,29,727049
55,25,18,351810.4,19,416051.6,18,399223.8,16.5,415405.3
55,28,2,39090,2,43794.9,3.5,77626.8,3.5,88116.3
55,29,2,39090,2,43794.9,2,44358.2,2,50352.2
55,33,15,348668.4,17,400461.9,15,351451.9,14,356677.4
55,34,13,302179.3,12,282679,12,281161.5,11,280246.5
55,35,4,78213.1,6,120459.4,4,90660.5,3,75197.9
55,36,1,19553.3,4,80306.3,4,90660.5,2,50131.9
55,37,1,19553.3,1,20076.6,1,22665.1,1,25066
55,40,,,,,1,21356.2,,
55,41,4,81554.3,2,44482.9,2,42712.5,2,43087.7
55,42,10,203885.8,9,200172.9,8,170849.9,7,150807.1
55,43,15,305828.7,15,333621.4,17,363055.9,14,301614.1
55,46,2,41289.8,,,,,,
55,56,3,66243.7,4,87700,4,88342.7,2,50011.5
55,57,5,110406.1,7,153474.9,7,154599.7,8,200046.1
55,62,2,40580.7,2,41383.7,2,50299.9,2,49240.7
55,63,2,40580.7,2,41383.7,1,25150,2,49240.7
55,70,27,607556,27,630730,20,501625.9,20,516077.6
55,71,14,315029,10,233603.7,11,275894.2,10,258038.8
55,72,1,22502.1,1,23360.4,4.5,112865.8,1,25803.9
55,80,2,38760.1,3,56916.5,3,66680.7,4,87522.6
55,83,1,19380.1,1,18972.2,,,,
55,85,2,37978.6,4,80284.1,2,45399.1,2,43174.5
55,86,4,75957.3,2,40142.1,2,45399.1,2,43174.5
55,89,1,18989.3,2,40142.1,3,68098.6,3,64761.7
55,94,5,82864.1,5,82430.4,5,102109.6,5,94807.6
55,104,2,42486.4,2,39281.8,2,47427.8,2,53982.6
55,108,5,101110.3,6,113255.4,5,104052.6,4,89065.5
55,116,3,55445.3,4,77709.9,4,95765.6,5,116922.8
55,118,4,73927,3,58282.5,1,23941.4,,
55,127,2,51915.2,2,55204.5,3,82279,3,86024.3
56,0,28.5,597575.9,22,473155.6,24,601217.1,25,642816.7
56,1,23.5,509605,28,578885.1,31,690484.3,33.5,786635
56,2,34,895494.7,29,770034.3,26,671250.5,26,716026.5
56,6,,,8.5,218582.6,8.5,220897.2,15,381670.1
56,7,,,4,102862.4,17,441794.5,24,610672.2
56,16,1,21803.4,2,50323.9,2,44508.9,4,101203.8
56,19,3,65410.2,2,50323.9,2,44508.9,6,151805.7
56,21,4,96866.5,5,119549.4,2,48458,8,200565.3
56,24,5,121083.1,5,119549.4,5,121145,5.5,137888.6
56,25,3,58635.1,3,65692.4,6,133074.6,5,125880.4
56,26,2,39090,2,43794.9,1,22179.1,4,100704.3
56,27,1,19545,2,43794.9,2,44358.2,1,25176.1
56,28,25,488625.5,26,569333.7,26,576656.5,26,654578.1
56,29,16,312720.3,14,306564.3,18,399223.8,19,478345.5
56,30,2,46489.1,2,47113.2,2,46860.3,2,50953.9
56,32,3,69733.7,5,117782.9,2,46860.3,7,178338.7
56,35,5,97766.4,5,100382.8,5,113325.6,5,125329.8
56,39,6.5,127096.3,4,80306.3,5,113325.6,5,125329.8
56,41,,,,,,,1,21543.9
56,43,4,81554.3,4,88965.7,4,85424.9,4,86175.5
56,46,4,82579.6,4,83065,8,174087.9,6,145216.3
56,47,,,,,5,108804.9,5,121013.6
56,49,1,20644.9,1,20766.3,,,,
56,52,2,47574.5,2,46182.7,2,48486.6,2,53172.9
56,53,,,,,4,96973.3,,
56,56,2,44162.5,2,43850,2,44171.3,2,50011.5
56,63,3,60871,3,62075.5,3,75449.9,3,73861
56,64,4,81161.4,4,82767.4,3,75449.9,3,73861
56,67,6,136425.8,6,140054.1,6,129416,4,90202.8
56,69,5,113688.2,5,116711.7,5,107846.7,4,90202.8
56,70,20.5,461292.5,23,537288.5,27,677194.9,23,593489.3
56,71,10.5,236271.8,17,397126.3,8,200650.3,9,232234.9
56,73,3,67506.2,2,46720.7,2,50162.6,2,51607.8
56,79,1,21965.3,1,20648.3,1,20431.9,1,22709.2
56,85,5,94946.6,3,60213.1,5,113497.7,2,43174.5
56,88,2,37978.6,2,40142.1,2,45399.1,2,43174.5
56,90,5,82864.1,5,82430.4,,,5,94807.6
56,96,4,66291.3,4,65944.3,4,81687.7,3,56884.6
56,98,,,,,3,61265.8,2,37923.1
56,99,4,66291.3,,,5,102109.6,5,94807.6
56,103,9,191188.8,8,157127,8,189711.3,6,161947.9
56,106,1,20222.1,1,18875.9,1,20810.5,1,22266.4
56,110,2,42650.7,2,43647.5,2,41908.1,2,42163.3
56,113,4,85301.3,4,87294.9,4,83816.1,4,84326.6
56,114,1,21325.3,1,21823.7,4,83816.1,4,84326.6
56,117,6,110890.5,6,116564.9,2,47882.8,2,46769.1
56,118,1,18481.8,1,19427.5,1,23941.4,1,23384.6
56,122,2,40432,2,38839.4,2,48333.8,2,43056.2
56,123,11,222376.2,11,213616.7,10,241668.9,8,172224.8
56,124,4,80864.1,4,77678.8,,,,
56,125,1,25957.6,1,27602.3,1,27426.3,1,28674.8
57,1,8,149466.6,8,149266.8,8,165554.7,8,185266.9
57,2,25,467083,25,466458.8,23.5,486316.9,21.5,497904.9
57,3,35,653916.2,34,634384,30,620830.1,27,625276
57,4,11,205516.5,14,261216.9,14,289720.7,13,301058.8
57,5,3,64902.8,3,63907.4,3,70354,3,78861.3
57,6,2,43268.5,2,42604.9,2,46902.7,2,52574.2
57,9,5,108171.3,6,127814.7,6,140708.1,4,105148.5
57,10,17,411443.5,18,442219.9,19,470438.4,22,593017
57,11,14.5,350937.1,14.5,356232.7,13.5,334258.9,15,404329.8
57,14,3,72607.7,2,49135.5,2,49519.8,2,53910.6
57,15,7,152623.9,7,147309.3,7,155528,7,161152.1
57,16,11,239837.5,11,231486.1,11,244401.1,11,253239
57,19,2,43606.8,2,42088.4,2,44436.6,2,46043.5
57,20,1,18676.1,,,,,1,22820.4
57,23,,,,,,,3,68461.1
57,28,5,104273.4,4,82435,4,85187.6,6,132096.2
57,29,11,229401.6,10,206087.5,9.5,202320.4,9,198144.3
57,32,2,40702.1,2,42359.4,2,46649.6,2,45961.3
57,33,2.5,50877.7,2,42359.4,2,46649.6,2,45961.3
57,40,8,163978.9,6,135316,8,192027.3,8,201091.4
57,41,3,61492.1,3,67658,2,48006.8,,
57,42,3,61492.1,6,135316,6,144020.5,5,125682.1
57,45,4,83173.3,5,103235.6,11,232571,11,234443.6
57,46,10,207933.2,6,123882.8,6,126856.9,6,127878.3
57,47,6,124759.9,5,103235.6,4,84571.3,4,85252.2
57,49,4,83173.3,4,82588.5,5,105714.1,5,106565.3
57,51,3,66243.7,3,65775,3,66257,3,75017.3
57,52,2,44162.5,2,43850,2,44171.3,2,50011.5
57,53,1,22081.2,,,,,4,100023
57,55,2.5,56930.3,3,67226.1,2,47518.4,2,49802.9
57,59,6,136632.7,6,134452.1,6,142555.1,6,149408.6
57,61,5,113688.2,4,93369.4,7,150985.3,6,134595.9
57,65,1,16008.1,1,16038.4,1,17570.4,1,22550.7
57,66,21,336169.1,17,272652.5,14,245985.8,8,180405.5
57,69,9,144072.5,6,96230.3,6,105422.5,5,112753.4
57,70,38,720194.5,24,520588,32,676024.7,30,699792
57,71,4,69058,,,7,131739.6,8,158072.2
57,72,,,1,17785.6,1,18819.9,,
57,76,3,65895.8,3,61945,2,40863.8,2,45418.4
57,81,9,164428.7,10,200573.1,9,187734.8,12,250628.5
57,85,,,4,87091.5,2,44826.6,2,51905.9
57,89,1,21402.6,1,21772.9,1,22413.3,1,25952.9
57,90,7,130609.2,7,125835.9,4,73396.8,4,80799.9
57,91,3,55975.4,1,17976.6,,,1,20200
57,92,1,18658.5,1,17976.6,1,18349.2,1,20200
57,93,17,317193.8,12,215718.7,17,311936.4,14,282799.7
57,95,6,127216.1,6,131410.9,6,134269.8,4,93921.8
57,97,3,63608.1,3,65705.4,3,67134.9,3,70441.3
57,98,11,233229.6,9,197116.3,8,179026.4,10,234804.5
57,99,4,84810.8,4,87607.3,7,156648.1,7,164363.1
57,101,1,17557.4,,,2,41317.5,2,44584.7
57,102,2,35114.9,2,39281.8,3,61976.3,2,44584.7
57,105,2,33363.2,1,19640.9,4,82635.1,4,87438.4
57,107,2,33363.2,2,39281.8,2,41317.5,3,65578.8
57,110,7,129372.3,4,77709.9,5,119707,3,70153.7
57,111,1,18481.8,1,19427.5,4,95765.6,2,46769.1
57,114,5,92408.8,6,116564.9,3,71824.2,4,93538.3
57,120,5,91225.9,6,120362.8,6,127105.4,6,151861.4
57,124,17,310167.9,11,220665.1,10,211842.3,10,253102.4
57,125,13,232944.1,20,381007.8,19,366284,15,302312
57,127,2,35837.6,2,38100.8,2,38556.2,2,40308.3
58,1,,,,,,,2,46316.7
58,2,5,93416.6,5,93291.8,5,103471.7,5,115791.8
58,3,4,74733.3,6,111950.1,5,103471.7,,
58,4,2,37366.6,2,37316.7,2,41388.7,2,46316.7
58,6,5,108171.3,5,106512.3,5,117256.7,2,52574.2
58,9,2,43268.5,2,42604.9,5,117256.7,2,52574.2
58,10,8,193620.5,8,196542.2,8,198079.3,8,215642.5
58,11,14,338835.8,13,319381,11,272359.1,11,296508.5
58,12,,,4,98271.1,4,99039.7,3,80866
58,13,1,24202.6,1,24567.8,1,24759.9,1,26955.3
58,15,2,43606.8,,,1,22218.3,1,23021.7
58,20,8,149409.1,8,157614.1,6,135114.1,7,159742.6
58,25,1,20854.7,,,,,,
58,28,1,20854.7,5,103043.7,1,21296.9,1,22016
58,29,2,41709.4,2,41217.5,2,42593.8,5,110080.2
58,33,5,101755.4,5,105898.5,6,139948.9,3,68941.9
58,38,13,264564,11,232976.8,8,186598.5,7,160864.5
58,39,11,223861.8,11,232976.8,11,256572.9,11,252787
58,41,2,40994.7,,,3,72010.2,3,75409.3
58,42,6,122984.2,4,90210.7,6,144020.5,1,25136.4
58,43,,,,,5,120017,4,100545.7
58,44,12,245968.4,15,338290.1,11,264037.5,12,301637.1
58,45,30,623799.6,30,619413.8,32,676570.2,32,827743
58,46,36,725516.1,36,664679.6,36,740622.9,36,811067
58,47,23,478246.4,31,640061,26,549713.3,23,490200.2
58,48,4,83173.3,4,82588.5,4,84571.3,4,85252.2
58,52,6,132487.4,8,175399.9,5,110428.4,2,50011.5
58,53,,,,,,,2,50011.5
58,55,2,45544.2,2,44817.4,2,47518.4,4,99605.7
58,56,13,296037.5,15,336130.4,21,498942.8,20,498028.7
58,57,9,204949.1,10,224086.9,9,213832.6,7,174310.1
58,58,2,45544.2,,,,,,
58,72,2,34529,2,35571.1,2,37639.9,,
58,77,9,197687.5,10,206483.4,9,183887.1,3,68127.7
58,79,14,307513.8,15,309725.2,14,286046.7,12,272510.7
58,80,2,36539.7,,,2,41718.8,2,41771.4
58,86,1,21402.6,1,21772.9,1,22413.3,1,25952.9
58,88,4,85610.6,3,65318.7,3,67239.9,3,77858.8
58,90,1,18658.5,1,17976.6,1,18349.2,1,20200
58,91,3,55975.4,6,107859.3,4,73396.8,4,80799.9
58,95,2,42405.4,2,43803.6,2,44756.6,2,46960.9
58,97,1,21202.7,1,21901.8,1,22378.3,1,23480.4
58,98,6,127216.1,7,153312.7,8,179026.4,8,187843.6
58,99,2,42405.4,2,43803.6,2,44756.6,1,23480.4
58,107,1,16681.6,1,19640.9,1,20658.8,1,21859.6
58,111,3,55445.3,3,58282.5,3,71824.2,3,70153.7
58,113,1,18481.8,1,19427.5,1,23941.4,,
58,114,2,36963.5,1,19427.5,,,,
58,115,5,99911.8,5,103103.9,3,65357.3,5,110752.7
58,116,2,39964.7,2,41241.6,2,43571.5,2,44301.1
58,118,2,39964.7,3,61862.3,2,43571.5,2,44301.1
58,119,2,39964.7,2,41241.6,2,43571.5,2,44301.1
58,124,4,72980.7,,,3,63552.7,4,101241
58,127,14,250862.9,16.5,314331.4,13.5,260254.4,12.5,251926.7
59,0,,,,,,,2,46316.7
59,1,2,37366.6,2,37316.7,2,41388.7,2,46316.7
59,5,4,86537.1,4,85209.8,4,93805.4,4,105148.5
59,8,4,86537.1,4,85209.8,4,93805.4,4,105148.5
59,10,3,72607.7,3,73703.3,3,74279.7,2,53910.6
59,15,3,65410.2,4,84176.8,5,111091.4,5,115108.6
59,18,3,65410.2,3,63132.6,3,66654.8,3,69065.2
59,21,2,37352.3,2,39403.5,1,22519,1,22820.4
59,22,1,18676.1,1,19701.8,,,,
59,24,3,56028.4,1,19701.8,1,22519,1,22820.4
59,27,1,20854.7,1,20608.7,4,85187.6,2,44032.1
59,28,10,208546.9,8,164870,11,234265.8,11,242176.3
59,29,8,166837.5,9,185478.7,8,170375.1,7,154112.2
59,30,1,20351.1,1,21179.7,1,23324.8,1,22980.6
59,33,2,40702.1,2,42359.4,2,46649.6,2,45961.3
59,46,6,124759.9,6,123882.8,6,126856.9,6,127878.3
59,47,2,41586.6,,,1,21142.8,,
59,52,4,88324.9,7,153474.9,6,132514,6,150034.5
59,55,1,22772.1,1,22408.7,1,23759.2,1,24901.4
59,56,15,341581.8,15,336130.4,15,356387.7,15,373521.5
59,57,7,159404.8,9,201678.2,13,308869.3,12,298817.2
59,58,4,91088.5,5,112043.5,5,118795.9,5,124507.2
59,68,3,48024.2,4,64153.5,4,70281.7,6,135304.1
59,69,5,80040.3,5,80191.9,,,,
59,71,2,34529,,,2,37639.9,2,39518.1
59,72,,,2,35571.1,2,37639.9,2,39518.1
59,74,6,103587.1,7,124499,7,131739.6,5,98795.2
59,75,3,65895.8,1,20648.3,1,20431.9,1,22709.2
59,77,3,65895.8,3,61945,3,61295.7,2,45418.4
59,78,1,21965.3,4,82593.4,4.5,91943.6,,
59,80,,,2,40114.6,,,,
59,82,2,36539.7,3,60171.9,3,62578.3,2,41771.4
59,85,8,171221.2,6,130637.3,6,134479.8,8,207623.5
59,86,5,107013.2,4,87091.5,4,89653.2,4,103811.7
59,87,16,342442.3,16,348366.2,15,336199.5,11,285482.3
59,88,19,406650.3,19,413684.9,20,505700.2,20,519058.7
59,89,9,192623.8,9,195956,9,201719.7,9,233576.4
59,93,6,111950.8,6,107859.3,6,110095.2,4,80799.9
59,100,3,52672.3,6,117845.3,3.5,72305.7,2.5,55730.9
59,110,2,36963.5,2,38855,2,47882.8,2,46769.1
59,111,3,55445.3,4,77709.9,4,95765.6,4,93538.3
59,115,9,179841.3,12,247449.3,13,283214.9,15.5,343333.2
59,116,3,59947.1,3,61862.3,2,43571.5,2,44301.1
59,118,8,159858.9,9,185587,11,239643.4,13,287956.9
59,120,2,36490.3,2,40120.9,3,63552.7,3,75930.7
59,124,1,18245.2,1,20060.5,1,21184.2,1,25310.2
59,125,3,53756.3,3,57151.2,3,57834.3,3,60462.4
59,126,1,17918.8,1,19050.4,1,19278.1,1,20154.1
59,127,4,71675.1,6,114302.3,8,154224.8,9,181387.2
60,0,5,93416.6,5,93291.8,5,103471.7,5,115791.8
60,3,4,74733.3,,,4,82777.4,4,92633.5
60,4,6,112099.9,5,93291.8,6,124166,6,138950.2
60,5,2,43268.5,7,149117.2,6,140708.1,5,131435.6
60,8,9,194708.4,9,191722.1,8,187610.8,6,157722.7
60,9,4,86537.1,4,85209.8,3,70354,2,52574.2
60,15,11,239837.5,10,210441.9,11,244401.1,11,253239
60,20,5,93380.7,5,98508.8,5,112595.1,5,114101.9
60,21,4,74704.6,4,78807,4,90076.1,4,91281.5
60,22,2,37352.3,2,39403.5,2,45038,2,45640.7
60,28,1,20854.7,1,20608.7,1,21296.9,3,66048.1
60,29,2,41709.4,1,20608.7,1,21296.9,1,22016
60,33,5,101755.4,5,105898.5,5,116624.1,5,114903.2
60,34,1,20351.1,1,21179.7,,,,
60,36,4,81404.3,4,84718.8,4,93299.2,6,137883.8
60,40,8,163978.9,5,112763.4,5,120017,6,150818.5
60,45,3,62380,3,61941.4,3,63428.5,3,63939.2
60,46,20,415866.4,19,392295.4,20,422856.4,19,404948
60,47,6,124759.9,6,123882.8,4,84571.3,4,85252.2
60,55,4,91088.5,3,67226.1,3,71277.5,3,74704.3
60,59,2,45544.2,2,44817.4,2,47518.4,1,24901.4
60,60,4,90950.5,5,116711.7,5,107846.7,5,112163.3
60,61,2,45475.3,2,46684.7,2,43138.7,2,44865.3
60,64,2,45475.3,2,46684.7,6,129416,8,179461.2
60,69,,,,,1,17570.4,2,45101.4
60,71,5,86322.6,5,88927.8,3,56459.8,3,59277.1
60,72,8,138116.1,8,142284.5,9,169379.4,8,158072.2
60,75,3,65895.8,3,61945,2,40863.8,,
60,76,,,,,,,1,22709.2
60,78,7,153756.9,2,41296.7,7,143023.3,6,136255.3
60,79,,,5,103241.7,,,,
60,81,21,383666.9,20,401146.3,16,333750.7,23,480371.3
60,84,2,36539.7,,,3,62578.3,3,62657.1
60,85,15.5,331741,13.5,293934,14,313786.2,14,363341.1
60,86,9,192623.8,9,195956,5,112066.5,5,129764.7
60,90,1,18658.5,,,,,,
60,93,5,93292.3,3,53929.7,2,36698.4,4,80799.9
60,95,9,190824.2,10,219018.1,9,201404.7,9,211324
60,98,4,84810.8,7.5,164263.6,4,89513.2,6,140882.7
60,101,1,17557.4,1,19640.9,,,,
60,102,2,35114.9,,,,,1,22292.3
60,106,2,33363.2,2,39281.8,2,41317.5,2,43719.2
60,107,1,16681.6,1,19640.9,1,20658.8,2,43719.2
60,109,2,33363.2,4,78563.5,4,82635.1,4,87438.4
60,116,2,39964.7,2,41241.6,2,43571.5,2,44301.1
60,118,3,59947.1,4,82483.1,3,65357.3,1,22150.5
60,124,5,91225.9,5,100302.3,6,127105.4,4,101241
60,125,2,35837.6,1,19050.4,,,2,40308.3
60,126,4,71675.1,5,95251.9,6,115668.6,6,120924.8
61,0,25,467083,25,466458.8,22,455275.4,22.5,521063.3
61,1,3.5,65391.6,3.5,65304.2,1.5,31041.5,1,23158.4
61,3,,,4,74633.4,,,,
61,4,4,74733.3,4,74633.4,3,62083,2,46316.7
61,6,1,21634.3,1,21302.5,1,23451.3,1,26287.1
61,7,,,,,1,23451.3,1,26287.1
61,8,3,64902.8,2,42604.9,3,70354,3,78861.3
61,9,12,259611.2,12,255629.5,11,257964.8,11,289158.3
61,11,5,121012.8,6,147406.6,6,148559.5,7,188687.2
61,15,8,174427.3,8,168353.5,8,177746.2,9,207195.5
61,17,3,65410.2,3,63132.6,7,155528,7,161152.1
61,18,2,43606.8,2,42088.4,,,,
61,20,2,37352.3,2,39403.5,2,45038,2,45640.7
61,21,4,74704.6,4,78807,2,45038,,
61,23,2,37352.3,3,59105.3,2,45038,2,45640.7
61,39,10,203510.7,11,232976.8,11,256572.9,11,252787
61,41,2,40994.7,2,45105.3,2,48006.8,,
61,43,3,61492.1,3,67658,3,72010.2,5,125682.1
61,46,6,124759.9,6,123882.8,6,126856.9,6,127878.3
61,51,3,66243.7,3,65775,3,66257,2,50011.5
61,55,4,91088.5,4,89634.8,4,95036.7,4,99605.7
61,56,12,273265.4,11,246495.6,20.5,487063.2,21.5,535380.9
61,60,,,,,1,21569.3,1,22432.7
61,61,2,45475.3,6,140054.1,6,129416,6,134595.9
61,63,4,90950.5,4.5,105040.6,4,86277.3,2,44865.3
61,67,4,64032.2,2,32076.8,2,35140.8,2,45101.4
61,68,2,32016.1,2,32076.8,,,,
61,71,4,69058,4,71142.3,3,56459.8,3,59277.1
61,83,17,310587.5,16,320917,17,354610.1,16,334171.3
61,84,7,127889,7,140401.2,11,229453.6,8,167085.7
61,89,8,171221.2,9,195956,6,134479.8,7,181670.6
61,93,,,3,53929.7,3,55047.6,2,40400
61,94,1,18658.5,1,17976.6,1,18349.2,1,20200
61,96,4,84810.8,2,43803.6,3,67134.9,4,93921.8
61,97,1,21202.7,1,21901.8,1,22378.3,1,23480.4
61,99,,,,,,,3,70441.3
61,100,1,17557.4,1,19640.9,1,20658.8,1,22292.3
61,101,10,175574.3,10,196408.8,9,185928.9,8,178338.8
61,104,1,17557.4,1,19640.9,1,20658.8,1,22292.3
61,105,2,33363.2,2,39281.8,2,41317.5,2,43719.2
61,106,3,50044.8,2,39281.8,2,41317.5,2,43719.2
61,108,2,33363.2,2,39281.8,3,61976.3,3,65578.8
61,120,3,54735.5,4,80241.9,5,105921.1,5,126551.2
61,125,3,53756.3,6,114302.3,7,134946.7,7,141079
61,127,9,161269,9,171453.5,9,173502.9,9,181387.2
62,0,4,85272.3,4,87061.1,4,81664.4,4,98533.4
62,6,12,224667.2,12,221923,12,251267.2,12,259288.8
62,7,24,449334.3,23,425352.5,15,314084,14,302503.6
62,15,2,38249.7,2,42642.4,2,45078.8,2,51497.8
62,17,2,38249.7,2,42642.4,2,45078.8,,
62,20,6,154801,5,130311.2,3,76378.6,6,160005.3
62,21,2,51600.3,2,52124.5,2,50919.1,2,53335.1
62,24,1,25800.2,1,26062.2,1,25459.5,1,26667.5
62,36,,,,,1,22586.2,1,25052.4
62,37,6,117770.3,6,120881,6,135516.9,5,125262.1
62,38,13,255169.1,12,241762.1,11,248447.7,12,300628.9
62,40,2,42134.5,2,44977.2,2,47677.2,2,50354.2
62,41,1,21067.2,1,22488.6,,,,
62,55,7,149551.4,3,65547.8,11,248536.1,10,254998.7
62,56,14,299102.8,14,305889.5,10,225941.9,10,254998.7
62,60,1,17677,1,19046.6,,,,
62,66,2,35354,2,38093.1,2,41030.3,2,43386.5
62,67,,,,,2,41030.3,2,43386.5
62,68,1,17677,1,19046.6,1,20515.1,1,21693.2
62,70,5,95596.6,5,99612.3,5,98781.9,5,111532.3
62,74,1,19119.3,,,1,19756.4,4,89225.9
62,77,4,86309.6,6,121033.7,6,119390.3,2,40849.5
62,78,2,43154.8,3,60516.8,3,59695.2,5,102123.6
62,79,1,21577.4,1,20172.3,1,19898.4,1,20424.7
62,81,9,157764.5,9,168759.3,8,164391.8,8,167422.3
62,82,5,87646.9,10,187510.3,13,267136.7,7,146494.5
62,83,16,280470.2,16,300016.5,15,308234.6,12,251133.5
62,84,20.5,363613.7,36,675855.2,31,652720.3,33.5,736831
62,85,2,34024.5,,,1,22696.5,5.5,125822.1
62,91,2,40061.6,2,41080.9,2,44063.7,2,46730.8
62,94,1,20030.8,1,20540.5,1,22031.9,1,23365.4
62,103,2,38543.1,2,39237.3,2,39287.4,2,43762.9
62,104,2,38543.1,2,39237.3,2,39287.4,2,43762.9
62,105,,,,,,,2,53901.8
62,118,4,99067.8,4,91171.9,4,91506.8,4,91714.3
62,122,3,60906.7,4,72262.3,5,82567.4,5,108007.4
62,125,2,34572.3,2,30030.1,5,82567.4,11,237559.6
62,127,6.5,112359.8,6,90090.3,6,99080.8,6,129578
63,0,4,85272.3,4,87061.1,4,81664.4,4,98533.4
63,2,2,42636.1,4,87061.1,4,81664.4,4,98533.4
63,3,2,42636.1,2,43530.6,2,40832.2,2,49266.7
63,7,2,37444.5,2,36987.2,2,41877.9,2,43214.8
63,17,3,57374.6,3,63963.6,4,90157.5,3,77246.8
63,18,1,19124.9,1,21321.2,1,22539.4,1,25748.9
63,20,9,232201.5,9,234560.1,8,203676.3,8,213340.4
63,21,5,129000.8,5,130311.2,2,50919.1,2,53335.1
63,25,3,64666.9,3,66087.9,3,67804.4,3,73032.6
63,27,5,107778.2,9,198263.6,9,203413.3,8,194753.6
63,28,3,64666.9,3,66087.9,3,67804.4,2,48688.4
63,30,2,42748,2,47118.3,2,48467.3,1,25188.1
63,32,2,42748,2,47118.3,2,48467.3,2,50376.2
63,39,7,137398.7,7,141027.9,7,158103.1,7,175366.9
63,40,29,576831.4,30,631974,29,626886.1,28,666988.4
63,41,21,442412.1,17,382306.2,21,500610.8,21,528718.8
63,46,9,178025.1,4,93110.9,5,117565.2,5,117176.1
63,55,2,42729,2,43698.5,2,45188.4,2,50999.7
63,56,1,21364.5,1,21849.3,1,22594.2,1,25499.9
63,57,1,21364.5,1,21849.3,1,22594.2,1,25499.9
63,64,5,88385.1,5,95232.8,5,102575.7,5,108466.1
63,67,5,88385.1,5,95232.8,5,102575.7,5,108466.1
63,68,4,70708,3,57139.7,4,82060.5,4,86772.9
63,69,5,88385.1,4,76186.2,4,82060.5,4,86772.9
63,74,3,57357.9,1,19922.4,6,118538.3,6,133838.8
63,76,,,,,,,3,61274.2
63,77,1,21577.4,,,1,19898.4,1,20424.7
63,81,18,315529,23,431273.7,15,308234.6,9.5,198814
63,82,7,122705.7,,,,,,
63,84,18,315529,14,262514.4,23.5,477622.4,20,394780.7
63,85,20,340245.2,19,361328.6,15,340447.6,13,297397.7
63,95,3,60092.3,2,41080.9,3,66095.6,2,46730.8
63,101,21.5,414337.8,20.5,402181.8,21,412517.7,18.5,404807
63,102,4,77086.1,4,78474.5,8,157149.6,9,196933.2
63,121,2,40604.5,2,36131.1,2,33026.9,2,43203
63,125,7,121002.9,7,105105.3,2,33026.9,1,21596.3
63,127,4,69144.5,4,60060.2,8,132107.8,3,64789
64,2,3,63954.2,3,65295.9,3,61248.3,2,49266.7
64,3,8,170544.5,8,174122.3,8,163328.8,7,172433.4
64,5,6,112333.6,2,36987.2,3,62816.8,3,64822.2
64,12,4,82802.4,4,86336.2,5,122370.1,4,100468.1
64,14,12,248407.2,15,323760.6,16,391584.5,15,376755.4
64,16,2,38249.7,2,42642.4,2,45078.8,2,51497.8
64,18,1,19124.9,1,21321.2,1,22539.4,,
64,19,9,172123.7,8,170569.5,8,180315,8,205991.3
64,21,,,,,3,76378.6,3,80002.6
64,24,3,77400.5,2,52124.5,2,50919.1,2,53335.1
64,29,3,64666.9,3,66087.9,2,45202.9,2,48688.4
64,30,,,2,47118.3,1,24233.6,3,75564.2
64,36,4,78513.6,4,80587.4,4,90344.6,4,100209.6
64,40,21,442412.1,20,449772,16,381417.8,20,503541.7
64,41,13,273874.2,19,427283.4,16,381417.8,15,377656.3
64,42,5,105336.2,5,112443,2,47677.2,2,50354.2
64,48,1,19780.6,1,23277.7,2,47026.1,2,46870.4
64,51,3,58283.5,3,56634.4,3,58651.5,3,65620.4
64,56,23,491383.2,22,480683.5,22,497072.2,22.5,573747
64,57,15,320467.3,14,305889.5,12,271130.3,13,331498.3
64,58,25,534112.1,24,524382,26,587449,22.5,573747
64,59,1,21364.5,3,65547.8,2,45188.4,1,25499.9
64,64,3,53031,2,38093.1,2,41030.3,2,43386.5
64,70,5,95596.6,5,99612.3,5,98781.9,5,111532.3
64,78,5,107887,6,121033.7,7,139288.7,,
64,79,4,86309.6,4,80689.1,4,79593.6,3,61274.2
64,82,1,17529.4,,,,,4,83711.2
64,83,10,175293.9,12,225012.4,12,246587.7,13,272061.3
64,84,10,175293.9,6,112506.2,5,102744.9,5,104639
64,85,3,51036.8,3,57051.9,3,68089.5,3,68630.2
64,86,4,68049,4,76069.2,3,68089.5,2,45753.5
64,93,2,40061.6,2,41080.9,2,44063.7,2,46730.8
64,94,3,60092.3,3,61621.4,3,66095.6,2,46730.8
64,95,17,340523.3,17,349187.8,13,286414.3,11,257019.5
64,101,4,77086.1,4,78474.5,4,78574.8,4,87525.8
64,102,11,211986.8,9,176567.6,11,216080.7,9,196933.2
64,104,4,77086.1,4,78474.5,4,78574.8,4,87525.8
64,106,1,21288.3,,,,,,
64,109,23,489631,32,687390.2,35,831549.5,30.5,690460.8
64,110,16,343476.3,18,394947,19,434657.1,17.5,401250.1
64,111,3,64401.8,5,109707.5,3,68630.1,3,68785.7
64,116,3,74300.8,2,45585.9,1,22876.7,1,22928.6
64,118,,,4,91171.9,3,68630.1,3,68785.7
64,122,2,40604.5,3,54196.7,2,33026.9,4,86405.9
64,124,2,40604.5,2,36131.1,2,33026.9,2,43203
65,1,1,21318.1,1,21765.3,1,20416.1,1,24633.3
65,3,3,63954.2,3,65295.9,3,61248.3,3,73900
65,8,3,56166.8,2,36987.2,,,1,21607.4
65,9,11,205944.9,11,203429.5,10,209389.4,6,129644.4
65,10,3,62101.8,5,107920.2,2,48948.1,2,50234.1
65,11,5,103503,5,107920.2,6,146844.2,6,150702.2
65,12,16,331209.5,14,302176.5,17,416058.5,17,426989.5
65,13,11,227706.6,13,280592.5,11,269214.3,11,276287.3
65,14,24,496814.3,26,561185,24,587376.7,26,653042.7
65,15,15.5,296435.2,17.5,373120.8,14.5,326821,15.5,399108.2
65,16,10,191248.5,11,234533.1,12,270472.5,9,231740.3
65,19,13,248623.1,12,255854.3,13,293011.9,13,334735.9
65,23,3,77400.5,3,78186.7,1,25459.5,3,80002.6
65,24,,,2,52124.5,3,76378.6,1,26667.5
65,29,,,,,2,45202.9,3,73032.6
65,30,4,85496,4,94236.6,3,72700.9,3,75564.2
65,33,2,42748,2,47118.3,1,24233.6,1,25188.1
65,34,2,42748,2,47118.3,3,72700.9,2,50376.2
65,36,2,39256.8,2,40293.7,2,45172.3,2,50104.8
65,40,4,84269,4,89954.4,9,214547.5,5,125885.4
65,41,16,337075.9,18,404794.8,10,238386.1,16,402833.4
65,45,4,79122.3,4,93110.9,4,94052.1,4,93740.9
65,51,4,77711.4,3,56634.4,3,58651.5,2,43746.9
65,56,2,42729,2,43698.5,2,45188.4,2,50999.7
65,57,3,64093.5,5,109246.3,3,67782.6,3,76499.6
65,58,2,42729,,,2,45188.4,2,50999.7
65,60,5,88385.1,6,114279.4,5,102575.7,1,21693.2
65,61,4,70708,4,76186.2,4,82060.5,4,86772.9
65,72,7,133835.2,8,159379.6,7,138294.7,6,133838.8
65,74,,,,,,,1,22306.5
65,75,7,151041.8,7,141206,6,119390.3,4,81698.9
65,76,10,215774,10,201722.8,10,198983.9,7,142973.1
65,79,2,43154.8,1,20172.3,1,19898.4,,
65,84,2,35058.8,1,18751,,,,
65,95,11,220338.6,15,308106.9,15,330478,15,350481.1
65,96,2,40061.6,2,41080.9,2,44063.7,2,46730.8
65,98,2,40061.6,2,41080.9,3,66095.6,2,46730.8
65,99,2,40061.6,2,41080.9,2,44063.7,,
65,109,16,340612.9,19.5,418878.4,17.5,415774.7,18,485116.3
65,110,18,386410.9,17,373005.5,16,366027,12,275142.9
65,111,,,,,2,45753.4,3,68785.7
65,113,2,42934.5,2,43883,2,45753.4,2,45857.2
65,114,4,85869.1,4,87766,4,91506.8,4,91714.3
65,118,6,148601.7,6,136757.8,3,68630.1,2,45857.2
65,120,,,,,1,16513.5,1,21601.5
66,4,8,170544.5,8.5,185004.9,8.5,173536.9,8.5,209383.4
66,6,4,74889.1,4,73974.3,4,83755.7,4,86429.6
66,8,2,37444.5,2,36987.2,2,41877.9,2,43214.8
66,9,6,112333.6,6,110961.5,10,209389.4,11,237681.4
66,14,,,2,43168.1,2,48948.1,2,50234.1
66,15,12,229498.3,13,277175.5,13,293011.9,15,386233.8
66,16,8,152998.8,8,170569.5,8,180315,7,180242.4
66,17,2,38249.7,2,42642.4,2,45078.8,2,51497.8
66,22,3,77400.5,3,78186.7,3,76378.6,3,80002.6
66,23,,,1,26062.2,1,25459.5,4,106670.2
66,29,1,21555.6,2,44058.6,2,45202.9,2,48688.4
66,31,2,42748,2,47118.3,2,48467.3,1,25188.1
66,32,9,192366.1,7,164914,7,169635.4,8,201504.6
66,33,14,299236.1,12,282709.7,11,266570,8.5,214098.7
66,35,4,78513.6,8,161174.7,8,180689.2,7,175366.9
66,36,4,78513.6,4,80587.4,,,2,50104.8
66,41,8,168537.9,8,179908.8,4,95354.4,3,75531.3
66,46,12,237366.8,14,325888.2,13,305669.5,15,351528.3
66,51,26,505123.8,28,528587.9,28,547413.7,26,568709.8
66,52,8,155422.7,8,151025.1,4,78202,7,153114.2
66,56,17,363196.2,20,436985,13,293724.5,14,356998.1
66,60,3,53031,3,57139.7,3,61545.4,2,43386.5
66,61,5,88385.1,4,76186.2,5,102575.7,4,86772.9
66,64,1,17677,1,19046.6,1,20515.1,1,21693.2
66,67,2,35354,2,38093.1,2,41030.3,2,43386.5
66,69,3,53031,4,76186.2,4,82060.5,4,86772.9
66,71,2,38238.6,2,39844.9,2,39512.8,2,44612.9
66,72,5,95596.6,5,99612.3,5,98781.9,4,89225.9
66,82,3,52588.2,3,56253.1,3,61646.9,3,62783.4
66,83,2,35058.8,2,37502.1,2,41098,2,41855.6
66,88,1,17012.3,2,38034.6,3,68089.5,,
66,95,2,40061.6,2,41080.9,1,22031.9,1,23365.4
66,97,,,,,,,2,46730.8
66,98,3,60092.3,2,41080.9,3,66095.6,4,93461.6
66,99,6,120184.7,3,61621.4,3,66095.6,3,70096.2
66,101,5,96357.6,5,98093.1,5,98218.5,5,109407.3
66,106,2,42576.6,1,21480.9,1,23758.6,1,26950.9
66,108,2,42576.6,2,42961.9,1,23758.6,,
66,109,4,85153.2,3,64442.8,3,71275.7,3,80852.7
66,113,2,42934.5,2,43883,2,45753.4,2,45857.2
66,114,4,85869.1,4,87766,4,91506.8,5,114642.9
66,125,1,17286.1,1,15015,3,49540.4,4,86385.3
66,126,1,17286.1,1,15015,1,16513.5,2,43192.7
67,2,4,77354.2,7,132028.4,4,81437.5,5,112957.6
67,3,2,38677.1,2,37722.4,2,40718.8,2,45183.1
67,5,17,349184,17,363661,16,371810.7,13,316781.2
67,6,5,102701.2,3,64175.5,2,46476.3,3,73103.4
67,8,,,,,1,23238.2,1,24367.8
67,10,5,103923.8,4,85961.2,2,43464.3,2,50771.6
67,12,3,62354.3,5,107451.5,2,43464.3,2,50771.6
67,15,,,,,1,21732.2,2,44740.4
67,20,4,84059.8,4,82299.6,4,91532.4,4,93625.2
67,21,,,,,3,68649.3,3,70218.9
67,22,2,42029.9,6,123449.4,6,137298.6,7,163844
67,25,4,86222.5,8,176234.3,8,180811.8,8,194753.6
67,28,2,43111.3,2,44058.6,2,45202.9,2,48688.4
67,29,,,1,22029.3,,,2,48688.4
67,32,6,119629.9,5,97564.2,5,96401.2,5,105341.9
67,33,4,79753.3,9,175615.6,9,173522.2,8,168547
67,35,6,124876.6,6,132439,6,137257.6,5,113976.6
67,36,14,291378.6,14,309024.3,13,297391.5,15,341929.9
67,37,8,166502.1,8,176585.3,8,183010.1,7,159567.3
67,40,14,282408.3,14,275266.7,12,255059.4,13,291451.8
67,41,25,385458.2,27,460673.5,35.5,669589.3,38.5,727521.5
67,43,2,40344,2,39323.8,,,2,44838.7
67,47,2,39561.1,,,,,,
67,51,,,,,1,20919.2,2,50744
67,56,29,732913.4,21.5,500556.7,16.5,371052.4,17.5,420204.1
67,57,25,546747.1,25,569368.1,25,562200.5,19,417487.5
67,68,,,,,4,82060.5,,
67,71,6,121671.4,6,109341.7,8,143674.3,8,135849.5
67,75,11,199574.9,11,209071.1,14,251430,14,285946.2
67,80,3,53033.9,4,71785.2,1,20188.6,4,79655.1
67,86,4,68049,4,76069.2,3,68089.5,,
67,95,3,51741.2,6,118484.8,5,110648.9,5,114036.7
67,96,,,4,78989.9,3,66389.4,3,68422
67,98,1,17247.1,1,19747.5,1,22129.8,1,22807.3
67,100,3,56773.7,3,59659.8,3,66535.7,3,69877.2
67,104,,,1,19886.6,1,22178.6,1,23292.4
67,105,2,42576.6,,,,,4,87525.8
67,115,6,118376,7,144119.1,9,179869.2,8,158622.8
67,117,19.5,384722.1,25.5,525005.3,23.5,469658.5,22,436212.6
67,119,6,118376,6,123530.7,7,139898.3,7,138794.9
67,120,4,79373.8,4,72262.3,4,72261.4,4,84177.1
67,123,6,119060.7,4,72262.3,3,54196,2,42088.6
68,0,4,77354.2,4,75444.8,3,61078.1,2,45183.1
68,2,2,38677.1,1,18861.2,,,2,45183.1
68,5,5,102701.2,5,106959.1,5,116190.9,5,121838.9
68,6,2,41080.5,4,85567.3,3,69714.5,1,24367.8
68,7,3,61620.7,4,85567.3,3,69714.5,3,73103.4
68,8,4,82160.9,4,85567.3,4,92952.7,4,97471.1
68,12,10,207847.6,11,236393.4,8,173857.2,8,203086.5
68,13,7,145493.3,7,150432.2,7,152125.1,8,203086.5
68,14,,,,,2,43464.3,2,50771.6
68,16,,,2,42511.2,2,43464.3,2,44740.4
68,17,4,96695.1,3,63766.8,1,21732.2,1,22370.2
68,18,4,96695.1,4,85022.4,4,86928.6,4,89480.7
68,21,34.5,719365.6,34,762117.4,37,752514.6,33,710035.8
68,22,40,680305.3,37,668875.3,27,508749.3,27,486843
68,23,2,42029.9,2,41149.8,2,45766.2,2,46812.6
68,25,8,172445.1,6,132175.7,7,158210.3,6,146065.2
68,26,4,86222.5,,,,,,
68,27,5,107778.2,5,110146.4,5,113007.4,5,121721
68,36,1,20812.8,1,22073.2,1,22876.3,1,22795.3
68,41,16,322752.3,15,294928.6,15,318824.3,13,291451.8
68,42,5,100860.1,3,58985.7,5,106274.8,2,44838.7
68,52,2,40177,2,42190,3,62757.7,1,25372
68,54,1,20088.5,1,21095,1,20919.2,1,25372
68,55,5.5,120284.4,7.5,170810.4,6.5,146172.1,2,43946.1
68,56,29,533335.4,30,555275.6,33,575172.2,37,672267.7
68,57,23,503007.3,24,546593.4,22,494736.5,32,749793.8
68,60,4,70708,4,76186.2,4,82060.5,5,108466.1
68,61,3,53031,3,57139.7,4,82060.5,4,86772.9
68,63,2,35354,2,38093.1,3,61545.4,3,65079.7
68,66,12,212124.1,12,228558.7,11,225666.5,11,238625.5
68,70,,,4,72894.5,,,,
68,71,1,20278.6,1,18223.6,1,17959.3,1,16981.2
68,72,,,,,,,3,50943.6
68,76,2,36286.4,2,38012.9,2,35918.6,2,40849.5
68,77,4,72572.7,3,57019.4,2,35918.6,3,61274.2
68,80,11,194457.8,10,179463,9,181697.5,9,179224
68,82,2,35356,4,71785.2,4,80754.5,4,79655.1
68,83,3,53033.9,1,17946.3,1,20188.6,1,19913.8
68,91,4,80123.1,4,82161.8,4,88127.5,2,46730.8
68,95,4,68988.3,4,78989.9,,,1,22807.3
68,96,2,34494.1,2,39494.9,2,44259.6,2,45614.7
68,103,10,189245.8,9,178979.5,10,221785.6,10,232923.9
68,104,3,56773.7,3,59659.8,3,66535.7,3,69877.2
68,111,4,99067.8,4,91171.9,4,91506.8,6,137571.5
68,112,7,173368.6,9,205136.8,8,183013.5,7,160500
68,115,4,78917.4,4,82353.8,5,99927.3,3,59483.5
68,116,23,453774.8,23,473534.2,24,479651.3,29,575007.6
68,117,25,493233.4,22,452945.7,16,319767.5,13,257762
68,118,1,19729.3,,,5,99927.3,7,138794.9
68,122,2,39686.9,2,36131.1,9,162588.1,9,189398.6
68,125,4,81208.9,2,42911.9,4,88203.3,4,86405.9
68,126,11,223324.6,10,214559.3,9,198457.3,8,172811.9
69,0,9,174047,8,150889.6,8.5,173054.7,6.5,146844.9
69,4,1,19338.6,1,18861.2,1,20359.4,1,22591.5
69,8,3,61620.7,3,64175.5,3,69714.5,3,73103.4
69,14,2,41569.5,2,42980.6,2,43464.3,2,50771.6
69,18,3,72521.3,3,63766.8,3,65196.5,3,67110.5
69,19,2,48347.6,2,42511.2,2,43464.3,2,44740.4
69,20,6,126089.6,6,123449.4,6,137298.6,6,140437.7
69,21,18,378268.9,15,308623.5,13,297480.3,12,280875.5
69,22,21,441313.7,15,308623.5,18,411895.8,16,374500.6
69,24,3,63044.8,3,61724.7,3,68649.3,4,93625.2
69,25,3,64666.9,3,66087.9,3,67804.4,4,97376.8
69,35,,,4,88292.7,,,4,91181.3
69,38,9,187314.8,11,242804.8,11,251638.9,9.5,216555.6
69,42,1,20172,2,39323.8,2,42509.9,,
69,45,9,178025.1,10,232777.3,12,282156.4,18,421834
69,46,3,59341.7,,,,,,
69,51,2,40177,2,42190,1,20919.2,1,25372
69,52,2,40177,1,21095,1,20919.2,1,25372
69,53,1,20088.5,1,21095,,,1,25372
69,56,34,524203.6,36,502229,31,543253.7,27.5,509661.2
69,57,22,481137.5,24,539243.3,22,525551,25,598079.5
69,58,13,284308.5,13,296071.4,13,292344.3,13,285649.4
69,62,2,35354,2,38093.1,2,41030.3,2,43386.5
69,65,,,,,3,61545.4,4,86772.9
69,66,7,123739.1,7,133325.9,8,164121.1,9,195239
69,68,2,35354,,,1,20515.1,1,21693.2
69,70,,,,,,,5,84905.9
69,72,2,40557.1,2,36447.2,1,17959.3,3,50943.6
69,78,1,18143.2,1,19006.5,1,17959.3,1,20424.7
69,84,2,35356,3,53838.9,3,60565.8,3,59741.3
69,85,1,17012.3,3,57051.9,3,68089.5,3,68630.2
69,86,4,68049,5,95086.5,6,136179,2,45753.5
69,87,,,,,,,1,22876.7
69,88,,,,,2,45393,2,45753.5
69,89,4,68049,4,76069.2,,,,
69,92,1,20030.8,1,20540.5,1,22031.9,1,23365.4
69,93,1,20030.8,1,20540.5,1,22031.9,1,23365.4
69,95,6,103482.4,3,59242.4,6,132778.7,6,136844.1
69,96,5,86235.3,5,98737.4,4,88519.1,4,91229.4
69,101,2,37849.2,2,39773.2,2,44357.1,1,23292.4
69,103,14,264944.1,14,278412.5,16,354856.9,13,302801
69,104,1,18924.6,1,19886.6,2,44357.1,2,46584.8
69,106,1,21288.3,1,19618.6,1,19643.7,1,21881.5
69,114,3,74300.8,2,45585.9,,,,
69,116,5,98646.7,4,82353.8,4,79941.9,4,79311.4
69,117,1,19729.3,1,20588.4,1,19985.5,1,19827.8
69,119,2,39458.7,2,41176.9,1,19985.5,1,19827.8
69,123,,,,,1,18065.3,1,21044.3
69,126,4,81208.9,4,85823.7,3,66152.4,3,64804.5
70,0,3,58015.7,2,37722.4,2,40718.8,2,45183.1
70,1,4,77354.2,4,75444.8,3,61078.1,3,67774.6
70,3,11.5,222393.4,12.5,235765,11.5,234132.8,11.5,259802.6
70,4,9,174047,8,150889.6,8,162875,7,158140.7
70,8,2,41080.5,3,64175.5,2,46476.3,2,48735.6
70,13,3,62354.3,2,42980.6,,,,
70,16,2,48347.6,3,63766.8,,,3,67110.5
70,18,4,96695.1,4,85022.4,3,65196.5,3,67110.5
70,23,2,42029.9,2,41149.8,1,22883.1,1,23406.3
70,25,,,,,2,45202.9,3,73032.6
70,30,7,139568.2,7,136589.9,3,57840.7,6,126410.3
70,33,10,199383.2,7,136589.9,7,134961.7,5,105341.9
70,34,2,39876.6,2,39025.7,1,19280.2,1,21068.4
70,35,3,62438.3,3,66219.5,1,22876.3,1,22795.3
70,36,2,41625.5,2,44146.3,2,45752.5,2,45590.7
70,37,3,62438.3,4,88292.7,4,91505.1,4,91181.3
70,38,2,41625.5,1,22073.2,1,22876.3,1,22795.3
70,40,33,665676.7,36,782988.4,32,680158.4,31,695000.4
70,42,7,141204.2,7,137633.4,9,191294.6,10,224193.7
70,43,2,40344,9,176957.2,6,127529.7,4,89677.5
70,45,4,79122.3,4,93110.9,4,94052.1,4,93740.9
70,51,5,100442.6,5,105475,5,104596.1,5,126860
70,52,11,220973.6,10,210950,10,209192.2,9,228348.1
70,53,,,2,42190,,,,
70,56,3,65609.7,2,45549.4,2,44976,1,21973
70,57,2,43739.8,2,45549.4,2,44976,2,43946.1
70,58,2,43739.8,1,22774.7,1,22488,1,21973
70,60,2,35354,2,38093.1,3,61545.4,1,21693.2
70,62,2,35354,1,19046.6,,,2,43386.5
70,65,9,159093.1,7.5,142849.2,4.5,92318.1,2,43386.5
70,70,2,40557.1,2,36447.2,2,35918.6,2,33962.4
70,73,3,60835.7,1,18223.6,2,35918.6,2,33962.4
70,74,,,,,,,3,50943.6
70,77,1,18143.2,1,19006.5,,,,
70,82,7,123745.9,6,107677.8,8,161508.9,7,139396.4
70,84,2,35356,2,35892.6,2,40377.2,2,39827.6
70,85,2,34024.5,2,38034.6,2,45393,2,45753.5
70,88,3,51036.8,3,57051.9,2,45393,2,45753.5
70,89,2,34024.5,2,38034.6,1,22696.5,2,45753.5
70,95,1,17247.1,1,19747.5,1,22129.8,1,22807.3
70,96,2,34494.1,2,39494.9,2,44259.6,2,45614.7
70,98,12,206964.8,12,236969.6,14,309817,14,319302.8
70,102,11,208170.3,9,178979.5,5,110892.8,4,93169.5
70,103,2,37849.2,2,39773.2,2,44357.1,2,46584.8
70,105,5,106441.5,5,98093.1,5,98218.5,4,87525.8
70,118,5,98646.7,5,102942.2,5,99927.3,5,99139.2
70,123,3,59530.3,3,54196.7,,,1,21044.3
70,127,4,81208.9,4,85823.7,4,88203.3,4,86405.9
71,3,3,58015.7,2,37722.4,2,40718.8,2,45183.1
71,16,6,145042.7,4,85022.4,6,130392.9,6,134221.1
71,18,13,314259.1,14,297578.2,14,304250.1,11,246072
71,20,2,42029.9,2,41149.8,2,45766.2,4,93625.2
71,21,5,105074.7,7,144024.3,6,137298.6,5,117031.4
71,23,5,105074.7,5,102874.5,4,91532.4,4,93625.2
71,29,4,86222.5,4,88117.1,4,90405.9,4,97376.8
71,30,2,39876.6,2,39025.7,2,38560.5,3,63205.1
71,31,2,39876.6,2,39025.7,2,38560.5,2,42136.8
71,32,3,59815,3,58538.5,4,77121,4,84273.5
71,35,6,124876.6,6,132439,10,228762.7,8,182362.6
71,39,11,228940.3,12,264878,10,228762.7,9,205158
71,40,45,1011149.1,40,969554.1,48,1208757.2,47,1304217.5
71,41,9,181548.2,10,196619.1,10,212549.5,6,134516.2
71,42,2,40344,2,39323.8,2,42509.9,2,44838.7
71,43,2,40344,2,39323.8,,,,
71,47,3,59341.7,3,69833.2,3,70539.1,3,70305.7
71,53,11,220973.6,8,168760,10,209192.2,11,279092.1
71,54,2,40177,1,21095,,,,
71,56,1,21869.9,1,22774.7,1,22488,1,21973
71,57,13,284308.5,12,273296.7,12,269856.3,10,219730.3
71,67,1,17677,1,19046.6,,,1,21693.2
71,68,4,70708,,,3,61545.4,3,65079.7
71,70,1,20278.6,1,18223.6,1,17959.3,,
71,71,4,81114.3,3,54670.8,1,17959.3,5,84905.9
71,77,3,54429.5,3,57019.4,4,71837.1,4,81698.9
71,78,4,72572.7,4,76025.9,4,71837.1,6,122548.4
71,80,2,35356,2,35892.6,2,40377.2,,
71,83,2,35356,4,71785.2,4,80754.5,2,39827.6
71,84,2,35356,2,35892.6,2,40377.2,2,39827.6
71,88,2,34024.5,2,38034.6,3,68089.5,3,68630.2
71,89,1,17012.3,1,19017.3,1,22696.5,1,22876.7
71,92,1,20030.8,1,20540.5,1,22031.9,1,23365.4
71,93,3,60092.3,3,61621.4,2,44063.7,3,70096.2
71,95,3,51741.2,3,59242.4,3,66389.4,1,22807.3
71,96,,,3,59242.4,2,44259.6,2,45614.7
71,98,9,155223.6,7,138232.3,7,154908.5,8,182458.7
71,101,2,37849.2,2,39773.2,2,44357.1,2,46584.8
71,102,1,18924.6,1,19886.6,1,22178.6,3,69877.2
71,105,2,42576.6,2,39237.3,3,58931.1,3,65644.4
71,106,5,106441.5,5,98093.1,5,98218.5,5,109407.3
71,111,2,49533.9,,,,,,
71,121,9,178591,8,144524.5,8,144522.8,8,168354.3
71,122,,,,,1,18065.3,3,63132.9
71,126,4,81208.9,3,64367.8,4,88203.3,6,129608.9
72,1,,,,,,,2,39123
72,2,3,52719.2,2,38116.1,5,92882.7,5,97807.4
72,3,1,17573.1,1,19058.1,1,18576.5,,
72,7,8,140584.6,6,114348.3,4,89370.2,6,153456.2
72,8,3,52719.2,2,38116.1,5,111712.8,5,127880.2
72,15,4,77587,4,81206.7,4,90339.4,4,92656
72,20,2,40517.9,,,1,21202.9,1,22797.8
72,23,1,20259,,,,,,
72,28,2,41021.2,2,44811.1,1,22240.7,3,70050.8
72,31,11,219396.6,10,207641,9,209967.7,8,188224.8
72,32,2,39890.3,2,41528.2,2,46659.5,2,47056.2
72,33,4,79780.6,4,83056.4,4,93319,4,94112.4
72,34,2,39890.3,2,41528.2,2,46659.5,2,47056.2
72,39,3,56166.5,5,101521.8,6.5,141245.5,7.5,164677.7
72,40,4.5,98173.9,5,97276,5,105824.8,4,98144
72,41,20,436328.5,18,350193.5,16,338639.3,21,515256
72,43,6,130898.5,7,136186.4,7,148154.7,6,147216
72,44,1,21816.4,1,19455.2,1,21165,,
72,53,7,147501.5,7,155594.9,3,72758.3,7,196578.6
72,54,4.5,94822.4,4,88911.4,3,72758.3,3,84248
72,58,,,2,41244.1,3,61206.9,1,23278.7
72,62,3,65435.8,3,64769.4,3,62051.2,3,72374.5
72,65,3,53100.3,3,46683.9,2,40083.3,3,70674.5
72,66,4,70800.4,4,62245.2,4,80166.5,2,47116.3
72,69,,,4,62245.2,,,,
72,72,4,77337.2,4,77999.6,4,84936.5,4,93864.5
72,73,7,135340.1,7,136499.2,7,148638.8,8.5,199462.1
72,78,2,39576.7,2,46442.4,2,47293.8,2,53375.7
72,79,1,19788.4,,,1,23646.9,2,53375.7
72,81,14,303819,14,291173.5,15,351904.8,13,310239.3
72,82,6,130208.2,6,124788.6,5,117301.6,5,119322.8
72,83,1,21701.4,1,20798.1,1,23460.3,1,23864.6
72,86,9,198347,6,138004.4,9,213728.8,7,182554.7
72,96,2,39875.2,9,171514.6,10,201064.7,11,222821.3
72,97,6,119625.5,6,114343.1,4,80425.9,2,40513
72,100,2,35143,2,36179.7,2,38937.6,2,43238.6
72,106,3.5,63768,2.5,45960.4,3.5,60667.7,3.5,71381.9
72,109,2,36438.9,2,36768.3,2,34667.3,2,40789.6
72,116,6,93603.7,7,125295.2,7,130531.1,7,143127.7
72,117,2,31201.2,2,35798.6,2,37294.6,2,40893.6
72,122,1,18972.5,1,21853.1,1,23921,1,24569.2
72,126,1,16105.2,1,18250.9,,,,
72,127,3,48315.5,7,127756.3,6,110295,7,152582.1
73,1,,,,,1,18576.5,1,19561.5
73,3,,,,,1,18576.5,1,19561.5
73,4,1,17573.1,,,5,92882.7,5,97807.4
73,10,14,330734.4,13,280251.3,16,330148.2,14,303417.8
73,15,6,116380.4,6,121810,6,135509.2,6,138984
73,24,7,141812.7,7,136984.8,6,127217.4,6,136786.7
73,26,2,41021.2,1,22405.6,3,66722.2,7,163452
73,29,3,61531.8,3,67216.7,2,44481.5,5,116751.4
73,30,9,179506.3,10,207641,9,209967.7,8,188224.8
73,32,2,39890.3,2,41528.2,2,46659.5,2,47056.2
73,33,12,239341.7,13.5,280315.4,13.5,314951.6,14.5,341157.4
73,39,6,112332.9,8,162434.9,8,173840.6,10,219570.2
73,43,20,436328.5,17,330738.3,14,296309.4,14,343504
73,44,7,152715,7,136186.4,8,169319.7,1,24536
73,53,11,231788.1,12,266734.1,13,315286,13,365074.6
73,66,1,17700.1,1,15561.3,1,20041.6,1,23558.2
73,81,8,173610.9,16,332769.7,14.5,340174.6,14,334103.9
73,82,3,65104.1,,,5.5,129031.7,2,47729.1
73,84,2,43402.7,2,41596.2,1,23460.3,1,23864.6
73,85,2,44077.1,2,46001.5,2,47495.3,2,52158.5
73,89,4,88154.2,4,92002.9,4,94990.6,3,78237.7
73,90,2,36740.5,2,38377.1,2,42650.5,2,47466
73,93,,,2,38377.1,,,,
73,99,2,39875.2,2,38114.4,2,40212.9,2,40513
73,100,9,158143.6,9,162808.8,5,97344,9,194573.6
73,101,11,193286.6,13,235168.3,16,311500.8,18.5,399956.8
73,104,5,87857.5,5,90449.3,5,97344,3,64857.9
73,105,6,109316.7,6,110304.9,6,104001.8,6,122368.9
73,106,7,127536.1,8,147073.1,8,138669.1,10,203948.2
73,109,4,72877.8,2,36768.3,2,34667.3,7,142763.7
73,110,12,223694.9,13,258196.7,13,267721.1,14,348083
73,116,2,31201.2,2,35798.6,2,37294.6,2,40893.6
73,117,12,187207.4,10,178993.2,3,55941.9,3,61340.4
73,119,2,31201.2,2,35798.6,1,18647.3,1,20446.8
73,120,4,75889.8,4,87412.6,4,95683.9,4,98277
73,125,1,16105.2,1,18250.9,1,18382.5,1,21797.4
74,0,6,105438.4,6,114348.3,6,111459.3,6,117368.9
74,5,2,35146.1,2,38116.1,2,44685.1,2,51152.1
74,7,7,123011.5,16,304928.8,8,178740.5,8.5,217396.3
74,10,2,47247.8,2,43115.6,2,41268.5,2,43345.4
74,12,4,94495.5,4,86231.2,1,20634.3,,
74,17,,,3,60905,2,45169.7,2,46328
74,18,4,77587,,,,,,
74,19,1,19396.7,,,,,,
74,21,7,141812.7,9,176123.3,8,169623.2,8.5,193781.1
74,24,2,40517.9,2,39138.5,2,42405.8,2,45595.6
74,30,7,139616,7,145348.7,6,139978.5,6,141168.6
74,33,5,99725.7,5,103820.5,5,116648.7,6,141168.6
74,34,1,19945.1,1,20764.1,7,163308.2,5,117640.5
74,36,3,56166.5,6,121826.2,2,43460.1,2,43914
74,37,,,,,3,65190.2,,
74,38,9,168499.4,9,182739.3,12,260760.8,12,263484.3
74,39,3,56166.5,1,20304.4,1,21730.1,1,21957
74,53,1,21071.6,,,2,48505.5,2,56165.3
74,54,4,84286.6,3,66683.5,2,48505.5,2,56165.3
74,59,14,279952.7,15,309330.9,17,346839.2,17,395738.3
74,60,23,501674.5,27,582924.9,27,558460.8,28,675495.4
74,65,2,35400.2,2,31122.6,1,20041.6,1,23558.2
74,67,7,123900.7,8,124490.5,7,140291.4,8,188465.3
74,68,3,53100.3,1,15561.3,3,60124.9,3,70674.5
74,69,2,35400.2,1,15561.3,1,20041.6,6,141349
74,70,4,77337.2,4,77999.6,4,84936.5,,
74,71,2,38668.6,2,38999.8,2,42468.2,2,46932.3
74,72,3,58002.9,2,38999.8,2,42468.2,2,46932.3
74,81,3,65104.1,3,62394.3,3,70381,2,47729.1
74,82,10,217013.6,10,207981.1,9,211142.9,9,214781.1
74,83,5,108506.8,,,6,140761.9,4,95458.3
74,87,1,22038.6,1,23000.7,1,23747.6,1,26079.2
74,89,1,22038.6,1,23000.7,1,23747.6,1,26079.2
74,90,7,128591.9,6,115131.3,6,127951.5,6,142397.9
74,94,3,55110.8,,,2,42650.5,2,47466
74,95,2,39875.2,2,38114.4,2,40212.9,3,60769.5
74,99,6,119625.5,5,95285.9,8,160851.8,9,182308.4
74,100,12,210858.1,11,198988.5,17,330969.6,12,259431.4
74,101,3,52714.5,3,54269.6,1,19468.8,,
74,104,3,52714.5,2,36179.7,2,38937.6,3,64857.9
74,105,4,72877.8,4,73536.6,3,52000.9,3,61184.4
74,110,3,55923.7,5,99306.4,5,102969.7,4,99452.3
74,119,5,78003.1,5,89496.6,5,93236.5,5,102234.1
74,120,3,56917.4,3,65559.4,2,47842,2,49138.5
74,121,2,37944.9,2,43706.3,4,95683.9,2,49138.5
74,122,5,94862.3,6,131118.9,6,143525.9,7,171984.7
74,125,2,32210.3,2,36501.8,1,18382.5,1,21797.4
74,127,1,16105.2,1,18250.9,1,18382.5,1,21797.4
75,16,5,96983.7,4,81206.7,4,90339.4,4,92656
75,18,2,38793.5,2,40603.3,1,22584.9,1,23164
75,20,1,20259,1,19569.3,1,21202.9,2,45595.6
75,22,6,121553.7,6,117415.5,6,127217.4,6,136786.7
75,25,3,61531.8,3,67216.7,3,66722.2,3,70050.8
75,26,4,82042.4,1,22405.6,1,22240.7,2,46700.6
75,27,,,4,89622.3,4,88963,9,210152.5
75,30,1,19945.1,1,20764.1,1,23329.7,1,23528.1
75,31,4,79780.6,4,83056.4,4,93319,4,94112.4
75,34,,,,,3,69989.2,3,70584.3
75,36,1,18722.2,1,20304.4,1,21730.1,3,65871.1
75,37,2,37444.3,2,40608.7,2,43460.1,2,43914
75,39,2,37444.3,2,40608.7,1,21730.1,1,21957
75,41,4,87265.7,4,77820.8,6,126989.8,6,147216
75,43,6,130898.5,6,116731.2,6,126989.8,4,98144
75,45,2,48932.9,,,2,50360.3,2,52077
75,46,,,2,39816.2,,,,
75,50,4,84286.6,3,66683.5,5,121263.8,7,196578.6
75,52,4,84286.6,3,66683.5,2,48505.5,3,84248
75,53,4.5,94822.4,4.5,100025.3,4.5,109137.5,6.5,182537.3
75,54,,,1,22227.8,1,24252.8,1,28082.7
75,58,2,39993.2,2,41244.1,2,40804.6,2,46557.5
75,59,,,3,61866.2,,,,
75,62,11,239931.3,9,194308.3,9,186153.6,11,265373.2
75,73,,,,,,,4,93864.5
75,75,5,98941.8,5,116105.9,9,212822.2,8,213502.8
75,76,11,217672,14,325096.5,14,331056.8,16,427005.6
75,81,1,21701.4,1,20798.1,,,,
75,82,2,43402.7,2,41596.2,2,46920.6,2,47729.1
75,86,,,2,46001.5,3,71242.9,4,104316.9
75,88,2,44077.1,2,46001.5,2,47495.3,2,52158.5
75,93,2,36740.5,2,38377.1,,,,
75,95,1,19937.6,1,19057.2,,,,
75,96,2,39875.2,2,38114.4,2,40212.9,2,40513
75,97,8,159500.6,8,152457.4,10,201064.7,10,202564.8
75,100,3,52714.5,2,36179.7,2,38937.6,,
75,101,3.5,61500.3,2,36179.7,2,38937.6,1,21619.3
75,103,2,35143,2,36179.7,2,38937.6,1,21619.3
75,106,1,18219.4,2,36768.3,1,17333.6,1,20394.8
75,117,4,62402.5,4,71597.3,4,74589.2,4,81787.3
75,119,10,156006.2,9,161093.9,10,186473,10,204468.1
75,120,2,37944.9,2,43706.3,2,47842,2,49138.5
75,123,4,75889.8,1,21853.1,1.5,35881.5,1.5,36853.9
75,124,5,94862.3,5,109265.7,4,95683.9,5,122846.2
75,125,1,16105.2,1,18250.9,1,18382.5,,
75,127,1,16105.2,1,18250.9,,,,
76,1,2,35146.1,2,38116.1,2,37153.1,1,19561.5
76,2,2,35146.1,1,19058.1,1,18576.5,1,19561.5
76,4,1,17573.1,1,19058.1,1,18576.5,1,19561.5
76,10,4,94495.5,4,86231.2,10,206342.6,6.5,140872.5
76,11,15,354358.3,14,301809.1,13,268245.4,14,303417.8
76,12,5,118119.4,5,107788.9,5,103171.3,4,86690.8
76,15,3,58190.2,3,60905,5,112924.3,4,92656
76,19,2,38793.5,2,40603.3,2,45169.7,2,46328
76,24,7,141812.7,7,136984.8,7,148420.3,7,159584.4
76,25,,,2,44811.1,2,44481.5,3,70050.8
76,27,13,266637.8,11,246461.2,10,222407.4,7.5,175127.1
76,29,,,,,1,22240.7,,
76,30,1,19945.1,1,20764.1,,,2,47056.2
76,31,21,418848.1,20,415282,20,466594.9,23,541146.2
76,32,13,259286.9,13,269933.3,15,349946.2,16,376449.5
76,33,4,79780.6,4,83056.4,4,93319,4,94112.4
76,37,3,56166.5,3,60913.1,3,65190.2,3,65871.1
76,41,11,239980.7,11,214007.1,11,232814.5,11,269896
76,43,,,1,19455.2,1,21165,1,24536
76,51,3,63214.9,4,88911.4,3,72758.3,3,84248
76,52,1,21071.6,1,22227.8,1,24252.8,,
76,58,5,99983.1,5,103110.3,4,81609.2,4,93114.9
76,60,2,43623.9,2,43179.6,2,41367.5,1,24124.8
76,62,6,130871.6,5,107949.1,6,124102.4,6,144749
76,63,2,43623.9,1,21589.8,1,20683.7,1,24124.8
76,65,3,53100.3,3,46683.9,3,60124.9,2,47116.3
76,69,2,35400.2,2,31122.6,2,40083.3,2,47116.3
76,71,2,38668.6,2,38999.8,2,42468.2,2,46932.3
76,72,,,,,3,63702.4,3,70398.4
76,75,1,19788.4,1,23221.2,1,23646.9,1,26687.9
76,76,8,158306.9,8,185769.4,8,189175.3,8,213502.8
76,77,2,39576.7,2,46442.4,3,70940.7,5,133439.3
76,84,1,21701.4,1,20798.1,1,23460.3,1,23864.6
76,87,1,22038.6,3,69002.2,3,71242.9,2,52158.5
76,88,2,44077.1,1,23000.7,1,23747.6,1,26079.2
76,92,2,36740.5,1,19188.5,3,63975.7,4,94931.9
76,93,,,,,2,42650.5,2,47466
76,98,2,39875.2,,,6,120638.8,6,121538.9
76,99,2,39875.2,2,38114.4,,,,
76,106,3,54658.3,2,36768.3,3,52000.9,6,122368.9
76,111,4,74565,4,79445.1,4,82375.7,4,99452.3
76,119,1,15600.6,1,17899.3,1,18647.3,1,20446.8
76,122,,,,,2,47842,2,49138.5
76,123,6,113834.7,6,131118.9,6,143525.9,7,171984.7
76,127,1,16105.2,1,18250.9,1,18382.5,1,21797.4
77,1,1,18849.5,,,9,195199.4,10,238706.8
77,2,8,150796.1,10,199192.9,11,238577.1,13,310318.8
77,3,13,245043.7,11,219112.2,9,195199.4,9,214836.1
77,6,7,123011.5,,,,,,
77,7,2,35146.1,2,38116.1,4,89370.2,2,51152.1
77,10,6,110696.8,6,126970.8,,,1,23164
77,11,2,36898.9,2,42323.6,2,45169.7,2,46328
77,15,2,36898.9,2,42323.6,2,46108.5,1,22812.4
77,18,2,36898.9,2,42323.6,2,46108.5,2,45624.9
77,19,1,18449.5,1,21161.8,4,92217,4,91249.7
77,24,8,153359.1,7,141845.4,6,133753.5,4,80196.6
77,27,2,32003.3,2,34760.5,6,112040.8,6,126000.6
77,30,7.5,157446.8,11,239378.4,3,69443.3,5,120775.8
77,31,23,482837,31,674611.7,31,717580.4,33,797120.5
77,32,47,1094603.1,44,971964.5,42,971856.6,46,1116479.8
77,36,2,36938.2,4,77356.4,2,44063.9,4,77281.1
77,39,5,92345.5,5,96695.5,5,110159.8,4,77281.1
77,40,9,190448.2,9,179172.7,8,174422.6,7,156114.7
77,41,3,63482.7,3,59724.2,5,109014.1,5,111510.5
77,58,11,204027,11,214234.2,15,305264.5,16,324603.9
77,59,4,74191.6,4,77903.3,,,,
77,63,4,96735.5,1,19310.2,2.5,51782.2,2.5,51438.9
77,66,1,17700.1,1,15561.3,1,20041.6,,
77,67,4,70800.4,3,46683.9,,,,
77,72,,,3,51270.1,3,54666.5,3,70266.8
77,73,2,38668.6,2,34180.1,2,36444.3,3.5,81977.9
77,77,6,114665.7,7,136499.2,6,127404.7,6,114219.9
77,79,1,19111,,,,,,
77,82,5,77105.9,5,89423,6,95828.7,6,116705.2
77,83,2,30842.3,4,71538.4,2,31942.9,2,38901.7
77,84,8,123369.4,4,71538.4,7,111800.1,5,97254.3
77,88,1,22038.6,1,21602.3,1,21291.9,1,22649.7
77,89,1,22038.6,1,21602.3,1,21291.9,1,22649.7
77,90,2,39543.7,2,38894.3,2,41915.7,1,21676.5
77,92,,,2,38894.3,2,41915.7,2,43353.1
77,95,2,36740.5,2,38377.1,1,21325.2,1,23733
77,96,7,128591.9,3,57565.6,3,63975.7,3,71198.9
77,98,1,18370.3,1,19188.5,1,21325.2,,
77,102,1,18911.9,1,20742.8,,,1,25426.8
77,104,5,94559.5,5,103714.1,3,73835.4,3,76280.4
77,105,5,101853.2,4,77068.1,6,135231.7,9,241384.1
77,106,2,40741.3,2,38534,2,45077.2,2,53640.9
77,109,1,20370.6,3,57801.1,1,22538.6,1.5,40230.7
77,110,3,55923.7,3,59583.8,2,41187.9,2,49726.1
77,119,4.5,92477.1,4.5,98264.6,4.5,105187.1,4,103183.8
77,120,6,133873.9,5,109712.2,4,97504.9,3,74279.1
77,127,,,,,2,36765,2,43594.9
78,1,14,263893.3,17,338627.9,8,173510.6,5,119353.4
78,2,23.5,435934.1,22,503663.2,18,390398.8,18,429672.2
78,3,6,113097.1,9.5,189233.2,8,173510.6,6,143224.1
78,4,8,150796.1,7,139435,7,151821.8,7,167094.7
78,7,1,17573.1,,,,,,
78,19,2,36898.9,2,42323.6,3,69162.7,2,45624.9
78,21,3,57509.7,3,60790.9,2,44584.5,2,40098.3
78,24,5,95849.4,,,5,111461.2,5,100245.7
78,27,6,96009.8,6,104281.6,4,74693.9,4,84000.4
78,30,4,83971.7,4,87046.7,1,23147.8,,
78,31,1,20992.9,2,43523.3,2,46295.5,1,24155.2
78,32,2,41985.8,4,87046.7,5,115738.8,4,96620.7
78,38,2,36938.2,2,38678.2,2,44063.9,3,57960.8
78,39,5,92345.5,6,116034.6,6,132191.7,5,96601.4
78,49,5,122332.3,4,79632.3,4,100720.6,,
78,54,1,19996.6,1,20622.1,1,20402.3,,
78,58,11,204027,10,194758.4,12,244211.6,9,182589.7
78,59,5,92739.6,3,58427.5,5,101754.8,3,60863.2
78,61,1,24183.9,1,19310.2,1,20712.9,1,20575.6
78,62,1,24183.9,1,19310.2,1,20712.9,1,20575.6
78,63,6,145103.2,6,115861.4,6,124277.3,6,123453.4
78,67,,,,,2,40083.3,2,47116.3
78,68,3,53100.3,3,46683.9,3,60124.9,3,70674.5
78,70,3,58002.9,3,51270.1,4.5,81999.7,4,93689
78,77,6,114665.7,6,116999.3,6,127404.7,9,171329.8
78,79,7,133776.7,8,155999.1,8,169873,7,133256.5
78,81,1,15421.2,,,,,2,38901.7
78,83,1,15421.2,1,17884.6,,,,
78,85,1,22038.6,2,43204.5,3,63875.8,3,67949
78,89,2,44077.1,2,43204.5,2,42583.9,2,45299.3
78,90,3.5,69201.5,5,97235.7,9,188620.8,7.5,162574.1
78,91,5,98859.3,3,58341.4,3,62873.6,3,65029.6
78,94,2,39543.7,3,58341.4,3,62873.6,4,86706.2
78,95,1.5,27555.4,1.5,28782.8,1.5,31987.9,1.5,35599.5
78,97,1,18370.3,1,19188.5,1,21325.2,1,23733
78,100,5,94559.5,5,103714.1,5,123059,5,127133.9
78,101,2,37823.8,3,62228.5,2,49223.6,4,101707.1
78,102,4,75647.6,4,82971.3,4,98447.2,4,101707.1
78,104,1,18911.9,,,,,,
78,105,20,407412.6,23,443141.6,33,570193.6,27.5,520087.9
78,106,4,81482.5,5,96335.1,4,90154.5,4,107281.8
78,109,12,244447.6,11,211937.3,10,225386.2,10,268204.6
78,110,10,186412.4,7,139029,13,267721.1,12,298356.8
78,119,4,82201.9,4,87346.3,4,93499.6,4,103183.8
78,120,9,200810.8,9,197481.9,10,243762.1,9,222837.2
78,121,11,245435.4,11,241366.8,11,268138.3,11,272356.6
78,123,,,1,21942.4,1,24376.2,1,24759.7
79,1,4,75398.1,2,39838.6,2,43377.6,4,95482.7
79,2,16,301592.3,18,358547.2,26,563909.4,28,668378.9
79,3,4,75398.1,4,79677.2,4,86755.3,4,95482.7
79,12,9,166045.3,9,190456.2,10,225848.6,9,208476.1
79,14,,,1,21161.8,1,22584.9,1,23164
79,16,3,55348.4,4,84647.2,6,138325.5,6,136874.6
79,17,,,3,63485.4,3,69162.7,3,68437.3
79,20,3,57509.7,3,60790.9,3,66876.7,2,40098.3
79,21,14,268378.4,14,283690.8,16,356676,15,300737.2
79,22,11,210868.8,13,263427.1,12,267507,9,180442.3
79,24,2,38339.8,3,60790.9,1,22292.2,5,100245.7
79,25,6,96009.8,11,191182.9,14,261428.5,9,189000.9
79,27,2,32003.3,2,34760.5,2,37346.9,2,42000.2
79,29,4,64006.5,4,69521.1,4,74693.9,3,63000.3
79,31,8,167943.3,8,174093.4,7,162034.3,7,169086.2
79,32,,,2,43523.3,2,46295.5,2,48310.3
79,37,2,36938.2,2,38678.2,,,,
79,38,2,36938.2,2,38678.2,4,88127.8,4,77281.1
79,41,5,105804.5,5,99540.4,4,87211.3,4,89208.4
79,44,2,42321.8,2,39816.2,2,43605.6,1,22302.1
79,46,2,48932.9,2,39816.2,1,25180.2,1,26038.5
79,49,4,97865.8,4,79632.3,4,100720.6,4,104153.9
79,50,5,99983.1,5,103110.3,2,40804.6,2,46557.5
79,52,4,79986.5,4,82488.2,4,81609.2,4,93114.9
79,58,10,185479.1,13,253185.9,14,284913.5,16.5,334747.8
79,59,1,18547.9,3,58427.5,2,40701.9,2,40575.5
79,60,2,48367.7,2,38620.5,2,41425.8,2,41151.1
79,63,1,24183.9,1,19310.2,1,20712.9,1,20575.6
79,69,1,17700.1,1,15561.3,2.5,50104.1,,
79,70,2,38668.6,2,34180.1,2,36444.3,2,46844.5
79,71,2,38668.6,5,85450.2,2,36444.3,2,46844.5
79,72,,,,,4,72888.6,4,93689
79,73,2,38668.6,2,34180.1,2,36444.3,2,46844.5
79,82,,,,,,,3,58352.6
79,85,9,198347,8,172818.1,8,170335.5,12,271796
79,98,3,55110.8,3,57565.6,,,1,23733
79,101,7,132383.3,6,124456.9,6,147670.8,6,152560.7
79,102,11,208030.9,11,228171,11,270729.8,10,254267.9
79,105,4,81482.5,5,96335.1,1,22538.6,1,26820.5
79,106,5,101853.2,4,77068.1,4,90154.5,4,107281.8
79,113,,,,,4,82375.7,4,99452.3
79,114,,,,,,,1,24863.1
79,118,5,102752.3,5,109182.9,5,116874.5,5,128979.7
79,120,19,423933.9,20,438848.7,20,487524.3,18,445674.5
79,121,20,446246.2,17,373021.4,18,438771.8,17,420914.8
79,122,9,200810.8,8.5,186510.7,8.5,207197.8,8,198077.5
79,123,3,66936.9,3,65827.3,2,48752.4,2,49519.4
79,124,4,89249.2,4,87769.7,4,97504.9,4,99038.8
79,125,4,64420.6,6,109505.4,9,165442.5,9,196177
79,126,4,64420.6,4,73003.6,4,73530,6,130784.7
80,2,24,452388.4,13,258950.8,17,368710,22,525154.9
80,3,11,207344.7,11,219112.2,7,151821.8,4,95482.7
80,6,2,35146.1,2,38116.1,2,44685.1,2,51152.1
80,9,2,35146.1,2,38116.1,2,44685.1,2,51152.1
80,13,1,18449.5,,,1,22584.9,1,23164
80,14,4,73797.9,2,42323.6,,,,
80,15,3,55348.4,1.5,31742.7,1.5,34581.4,1.5,34218.6
80,16,,,,,,,2,45624.9
80,24,5,95849.4,5,101318.1,5,111461.2,5,100245.7
80,27,1,16001.6,1,17380.3,1,18673.5,1,21000.1
80,32,1,20992.9,1,21761.7,,,2,48310.3
80,34,,,3,65285,2,46295.5,2,48310.3
80,36,1,18469.1,1,19339.1,2,44063.9,2,38640.6
80,37,2,36938.2,2,38678.2,1,22032,,
80,39,2,36938.2,2,38678.2,2,44063.9,2,38640.6
80,42,3,63482.7,3,59724.2,3,65408.5,2,44604.2
80,43,6,126965.4,6,119448.5,6,130816.9,6,133812.6
80,45,6,146798.7,5,99540.4,5,125900.8,5,130192.4
80,47,3,73399.4,3.5,69678.3,2.5,62950.4,1,26038.5
80,49,,,,,2,50360.3,3,78115.4
80,50,1,19996.6,2,41244.1,4,81609.2,3,69836.2
80,53,4,79986.5,5,103110.3,3,61206.9,4,93114.9
80,54,5,99983.1,6,123732.4,5,102011.5,4,93114.9
80,59,1,18547.9,1,19475.8,2,40701.9,3,60863.2
80,62,3,72551.6,3,57930.7,3,62138.7,6,123453.4
80,63,,,,,1,20712.9,,
80,64,2,48367.7,2,38620.5,,,,
80,73,1,19334.3,1,17090,1,18222.2,1,23422.3
80,78,4,76443.8,4,77999.6,4,84936.5,4,76146.6
80,80,8,123369.4,7,125192.2,8,127771.6,10,194508.6
80,82,2,30842.3,2,35769.2,2,31942.9,2,38901.7
80,84,1,15421.2,1,17884.6,1,15971.4,1,19450.9
80,87,4,88154.2,,,1,21291.9,3,67949
80,88,5,110192.8,7,151215.8,6,127751.6,6,135898
80,91,2,39543.7,2,38894.3,3,62873.6,4,86706.2
80,92,4,79087.4,4,77788.6,4,83831.5,4,86706.2
80,95,4,73481.1,4,76754.2,4,85301,4,94931.9
80,96,2,36740.5,2,38377.1,3.5,74638.4,2.5,59332.5
80,100,,,4,82971.3,4,98447.2,4,101707.1
80,101,,,4,82971.3,4,98447.2,4,101707.1
80,104,4,75647.6,4,82971.3,4,98447.2,4,101707.1
80,106,19,387042,18,346806.4,17,383156.5,12,321845.5
80,107,29,596230.6,28,591939,27,602273.8,27.5,565495.2
80,108,16,325930.1,15,289005.4,16,360617.9,18,482768.2
80,109,2,40741.3,2,38534,2,45077.2,2,53640.9
80,110,5,93206.2,5,99306.4,5,102969.7,5,124315.4
80,113,5,93206.2,9,178751.5,7,144157.5,4,99452.3
80,114,3,55923.7,3,59583.8,3,61781.8,3,74589.2
80,117,4,82201.9,5,109182.9,5,116874.5,6,154775.7
80,118,3,61651.4,3,65509.7,3,70124.7,3,77387.8
80,119,,,3,65509.7,1,23374.9,1,25795.9
80,120,8,178498.5,8,175539.5,7,170633.5,8,198077.5
80,121,4,89249.2,4,87769.7,4,97504.9,4,99038.8
80,122,3,66936.9,1,21942.4,5,121881.1,5,123798.5
80,123,,,1,21942.4,1,24376.2,1,24759.7
81,1,2,37699,2,39838.6,2,43377.6,2,47741.4
81,6,1,17573.1,1,19058.1,1,22342.6,2,51152.1
81,8,2,35146.1,2,38116.1,2,44685.1,2,51152.1
81,13,2,36898.9,6,126970.8,6,135509.2,6,138984
81,14,,,,,3,67754.6,4,92656
81,15,3,55348.4,3,63485.4,2,46108.5,2,45624.9
81,25,2,32003.3,2,34760.5,2,37346.9,2,42000.2
81,27,2,32003.3,2,34760.5,2,37346.9,2,42000.2
81,29,1,16001.6,1,17380.3,1,18673.5,1,21000.1
81,30,5,104964.6,5,108808.3,4,92591,4,96620.7
81,31,1,20992.9,1,21761.7,1,23147.8,1,24155.2
81,37,,,2,38678.2,2,44063.9,2,38640.6
81,38,9,166221.9,2,38678.2,4,88127.8,3,57960.8
81,41,4,84643.6,,,2,43605.6,2,44604.2
81,42,2,42321.8,2,39816.2,2,43605.6,2,44604.2
81,43,1,21160.9,1,19908.1,,,1,22302.1
81,45,6,146798.7,4,79632.3,5,125900.8,5,130192.4
81,46,2,48932.9,2,39816.2,2,50360.3,1,26038.5
81,51,1,19996.6,1,20622.1,1,20402.3,1,23278.7
81,52,,,,,5,102011.5,5,116393.6
81,53,4,79986.5,4,82488.2,,,,
81,57,2,37095.8,2,38951.7,3,61052.9,3,60863.2
81,58,2,37095.8,2,38951.7,2,40701.9,2,40575.5
81,59,3,55643.7,3,58427.5,7,142456.8,4,81151
81,60,5,120919.3,7,135171.7,,,,
81,61,,,,,4,82851.5,4,82302.3
81,62,4,96735.5,11,212412.6,8,165703.1,7,144028.9
81,63,1,24183.9,1,19310.2,1,20712.9,1,20575.6
81,64,5,120919.3,5,96551.2,4,82851.5,4,82302.3
81,70,1,19334.3,1,17090,1,18222.2,,
81,73,8,154674.4,7,119630.3,6,109332.9,6,140533.6
81,74,4,77337.2,3,51270.1,4,72888.6,,
81,75,1,19111,1,19499.9,1,21234.1,2,38073.3
81,77,5,95554.8,5,97499.5,6,127404.7,5,95183.2
81,78,2,38221.9,2,38999.8,2,42468.2,2,38073.3
81,80,4,61684.7,4,71538.4,4,63885.8,3,58352.6
81,82,1,15421.2,1,17884.6,1,15971.4,,
81,83,,,,,,,1,19450.9
81,87,3,66115.7,3,64806.8,4,85167.7,4,90598.7
81,88,2,44077.1,2,43204.5,2,42583.9,2,45299.3
81,89,1,22038.6,1,21602.3,1,21291.9,2,45299.3
81,92,1,19771.9,2,38894.3,,,,
81,93,3,59315.6,3,58341.4,3,62873.6,3,65029.6
81,94,4,79087.4,3,58341.4,2,41915.7,2,43353.1
81,98,1,18370.3,1,19188.5,,,,
81,100,1,18911.9,1,20742.8,1,24611.8,1,25426.8
81,101,4,75647.6,4,82971.3,4,98447.2,3,76280.4
81,104,,,,,,,1,25426.8
81,106,16,325930.1,14,269738.3,16,360617.9,16,429127.3
81,107,28,493263.3,28,516715.9,24,476977.1,27,562092.1
81,108,8,162965.1,10,192670.2,12,270463.4,10,268204.6
81,115,4,82201.9,5,109182.9,4,93499.6,5,128979.7
81,117,2,41100.9,6,131019.5,6,140249.5,9,232163.5
81,122,2,44624.6,2,43884.9,,,,
81,127,7,112736.1,8,146007.2,6,110295,5,108987.2
82,7,2,35953.8,2,36754.9,2,44272.1,2,37895.2
82,11,1,19086.4,1,17926.2,1,19217.8,1,21977.9
82,18,4,76345.5,4,71705,4,76871.3,4,87911.5
82,19,5,95431.8,7,125483.7,6,115306.9,5,109889.4
82,20,,,,,,,1,19294.1
82,21,2,36373.7,2,37917.9,2,38732.8,2,38588.1
82,23,,,,,1,19366.4,1,19294.1
82,24,3,54560.5,3,56876.9,2,38732.8,2,38588.1
82,30,5,100152.4,6,121972.7,9,179388.8,6,142053.6
82,38,2,38243.7,,,,,,
82,40,16,269582.2,16,278238.9,14,254050.6,10,220705.7
82,41,1,16848.9,1,17389.9,1,18146.5,1,22070.6
82,45,3,50546.7,2,34779.9,2,36292.9,2,44141.1
82,51,,,,,,,2,45083
82,53,1,17206,1,18719.5,1,18231.7,1,22541.5
82,56,3,51618,3,56158.6,,,,
82,57,,,,,2,36463.5,2,45083
82,58,4,68824,4,74878.1,,,3,67624.6
82,62,4,85114.1,4,88987.8,4,89058.9,4,90264.3
82,67,3,61787.6,2,38127.2,2,43750.9,2,44776.1
82,69,1,20595.9,1,19063.6,,,,
82,80,1,19652.3,6,126619.5,4,79302.2,4,91221.7
82,83,15.5,304610.3,8.5,179377.6,7.5,148691.6,11.5,262262.3
82,84,9,176870.5,7,147722.8,7,138778.8,6,136832.5
82,87,3,57962,1,19288.5,,,3,63675.5
82,91,1,17195.6,,,4,71391.2,4,82540.3
82,93,8,137565.2,9,162734.7,10,178478.1,9,185715.6
82,95,,,1,23050.8,3,60968.5,3,68229.1
82,96,2,39121.9,2,46101.5,2,40645.7,2,45486.1
82,99,3,58682.9,3,69152.3,3,60968.5,3,68229.1
82,100,4,85613,5,101080,5,115940,5,118157.6
82,104,1,21403.2,1,20216,3,69564,3,70894.5
82,108,6,123606.4,6,125156.4,6,129653.9,6,144144.3
82,110,4,78911.1,3,59527.9,3,58665.3,6,143185.1
82,120,6,128968.1,6,133039.7,6,135063.6,6,126403.4
82,125,1,21494.7,3,66519.9,3,67531.8,3,63201.7
82,126,4,85978.7,4,88693.1,4,90042.4,4,84268.9
82,127,5,107473.4,3,66519.9,3,67531.8,2,42134.5
83,0,7,128166.6,7,126546.6,7,144877.1,2,42064.8
83,1,2,36619,3,54234.2,3,62090.2,4,84129.7
83,3,2,36619,2,36156.2,2,41393.5,1,21032.4
83,12,2,38172.7,2,35852.5,2,38435.6,2,43955.7
83,13,,,,,3,57653.5,3,65933.6
83,15,4,76345.5,1.5,26889.4,3,57653.5,,
83,21,1,18186.8,,,,,,
83,23,3,54560.5,2,37917.9,2,38732.8,,
83,24,3,54560.5,3,56876.9,4,77465.6,4,77176.3
83,26,2,39358.9,3,56876.9,3,60097.2,3,60369.9
83,29,2,39358.9,5,94794.8,5,100162,7,140863.1
83,30,10,200304.8,11,223616.6,8,159456.7,8,189404.7
83,35,1,19121.8,1,22598.4,1,23717.1,,
83,40,7,117942.2,9,156509.4,8,145171.8,5,110352.8
83,54,4,68824,3,56158.6,6,109390.5,4,90166.1
83,57,3,51618,4,74878.1,3,54695.2,2,45083
83,59,4,68824,,,1.5,27347.6,1.5,33812.3
83,67,2,41191.7,2,38127.2,2,43750.9,2,44776.1
83,68,1,20595.9,1,19063.6,1,21875.4,,
83,69,,,1,19063.6,,,,
83,70,,,3.5,75454.3,,,,
83,74,,,,,1,23513.3,1,23619.3
83,78,3,62879.8,3,64675.1,2,47026.6,2,47238.6
83,79,1,20959.9,7,150908.5,2,47026.6,2,47238.6
83,83,18,353741,17,358755.3,14,277557.7,11,250859.6
83,84,42,692490.9,43,662949.5,36,608982,45,815170
83,85,9,173886.1,8,154307.7,6,122781.5,8,169801.4
83,87,,,,,2,40927.2,2,42450.3
83,90,4,68782.6,4,72326.5,4,71391.2,3,61905.2
83,97,5,97804.8,2,46101.5,3,60968.5,4,90972.2
83,98,4,78243.9,3,69152.3,3,60968.5,3,68229.1
83,102,3,64209.7,3,60648,3,69564,3,70894.5
83,103,3,64209.7,1,20216,3,69564,3,70894.5
83,105,2,41202.1,2,41718.8,1,21609,1,24024.1
83,114,3,59183.3,2,39685.2,2,39110.2,2,47728.4
83,115,3,56299.3,3,53641.9,3,59497.8,3,69292.7
83,116,3,56299.3,3,53641.9,3,59497.8,3,69292.7
83,119,10,187664.4,7,125164.4,4,79330.5,7.5,173231.8
83,121,2,42989.4,2,44346.6,2,45021.2,,
84,2,1,18309.5,2,36156.2,3,62090.2,3,63097.3
84,3,2,36619,2,36156.2,2,41393.5,1,21032.4
84,5,2,35953.8,2,36754.9,2,44272.1,2,37895.2
84,6,4,71907.6,4,73509.8,3,66408.2,3,56842.7
84,11,,,,,2,38435.6,2,43955.7
84,14,,,2,35852.5,,,3,65933.6
84,18,2,38172.7,4,71705,,,3,65933.6
84,19,2,38172.7,2,35852.5,2,38435.6,2,43955.7
84,21,6,109121,2,37917.9,4,77465.6,6,115764.4
84,22,5,90934.2,5,94794.8,3,58099.2,2,38588.1
84,30,,,,,2,39864.2,1,23675.6
84,35,4,76487.3,6,135590.6,5,118585.6,3,70997.1
84,36,6,114731,1,22598.4,2,47434.2,,
84,37,5,95609.2,5,112992.2,5,118585.6,5,118328.5
84,40,,,4,69559.7,4,72585.9,4,88282.3
84,45,,,,,2,36292.9,3,66211.7
84,46,2,33697.8,2,34779.9,1,18146.5,1,22070.6
84,57,2,34412,2,37439.1,1,18231.7,,
84,58,5,86030,5,93597.7,4,72927,3,67624.6
84,64,7,148949.7,6,133481.6,6,133588.3,6,135396.5
84,65,2,41191.7,2,38127.2,2,43750.9,2,44776.1
84,71,1,20959.9,1,21558.4,1,23513.3,1,23619.3
84,74,1,20959.9,1,21558.4,1,23513.3,1,23619.3
84,76,2,41919.8,2,43116.7,2,47026.6,2,47238.6
84,77,7,146719.5,6,129350.1,6,141079.8,6,141715.9
84,80,,,1,21103.3,,,,
84,81,6,117913.7,6,126619.5,5,99127.7,5,114027.1
84,84,26.5,520785.4,23.5,495926.4,29.5,584853.7,22.5,513122
84,85,2,38641.4,2,38576.9,2,40927.2,2,42450.3
84,89,2,38641.4,2,38576.9,2,40927.2,2,42450.3
84,90,2,34391.3,1,18081.6,2,35695.6,2,41270.1
84,91,1,17195.6,1,18081.6,,,,
84,99,4,78243.9,5,115253.8,,,,
84,102,4,85613,4,80864,4,92752,4,94526.1
84,107,4,82404.3,4,83437.6,3,64826.9,2,48048.1
84,111,16,315644.4,20,396852.4,14,273771.4,14,334098.6
84,112,6,118366.6,1,19842.6,4,78220.4,4,95456.7
84,114,22,434011,16,317481.9,21,410657,20,477283.7
84,115,13,243963.7,19,339731.9,14,277656.6,12,277170.8
84,116,2,37532.9,2,35761.3,2,39665.2,3,69292.7
84,119,7,131365.1,4,71522.5,3.5,69414.1,5,115487.8
84,125,2,42989.4,3,66519.9,3,67531.8,2,42134.5
85,1,5,91547.5,5,90390.4,8,165573.9,9,189291.8
85,3,6,109857,6,108468.5,5,103483.7,4,84129.7
85,4,1,18309.5,2,36156.2,3,62090.2,4,84129.7
85,6,4,71907.6,4,73509.8,4,88544.3,4,75790.3
85,11,3,57259.1,5,89631.2,8,153742.6,2.5,54944.7
85,12,1,19086.4,1,17926.2,,,,
85,13,,,,,1,19217.8,1,21977.9
85,20,2,36373.7,2,37917.9,2,38732.8,2,38588.1
85,25,2,39358.9,2,37917.9,2,40064.8,2,40246.6
85,28,,,1,18959,4,80129.6,4,80493.2
85,30,2,40061,2,40657.6,2,39864.2,2,47351.2
85,31,4,80121.9,4,81315.1,4,79728.3,3,71026.8
85,35,21.5,411119.4,17.5,395472.6,18,426908.1,18,425982.6
85,36,8,152974.7,7,158189.1,9,213454,9,212991.3
85,39,2,38243.7,3,67795.3,,,2,47331.4
85,50,1,17206,1,18719.5,1,18231.7,1,22541.5
85,51,1,17206,1,18719.5,1,18231.7,1,22541.5
85,52,2,34412,2,37439.1,2,36463.5,2,45083
85,64,6,127671.2,7,155728.6,10,222647.2,10,225660.8
85,65,14,288342,15,285953.9,15,328131.6,13,291044.8
85,66,5,102979.3,3,57190.8,4,87501.8,6,134328.4
85,67,9,185362.7,9,171572.3,7,153128.1,8,179104.5
85,73,2,41919.8,2,43116.7,2,47026.6,3,70858
85,74,5,104799.6,5,107791.8,6,141079.8,6,141715.9
85,80,1,19652.3,5,105516.3,5,99127.7,8,182443.4
85,81,2,39304.6,2,42206.5,,,3,68416.3
85,85,2,38641.4,3,57865.4,3,61390.7,,
85,87,7,135244.8,9,173596.2,7,143245,7,148576.2
85,90,3,51586.9,3,54244.9,3,53543.4,3,61905.2
85,94,11,189152.1,11,198898,10,178478.1,10,206350.7
85,95,6,117365.8,2,46101.5,5,101614.2,5,113715.2
85,98,1,19561,3,69152.3,2,40645.7,2,45486.1
85,99,14,273853.5,12,276609.1,12,243874.2,9,204687.4
85,100,15,321048.7,18,363888.1,16,371007.9,16,378104.2
85,101,5,107016.2,5,101080,4,92752,4,94526.1
85,103,,,,,1,23188,1,23631.5
85,104,2,42806.5,1,20216,,,,
85,107,8,164808.6,8,166875.2,7,151262.8,6,144144.3
85,111,7,138094.4,6,119055.7,8,156440.8,8,190913.5
85,112,2,39455.5,5,99213.1,2,39110.2,4,95456.7
85,114,3,59183.3,4,79370.5,4,78220.4,,
85,116,3,56299.3,3,53641.9,3,59497.8,3,69292.7
85,123,2,42989.4,2,44346.6,2,45021.2,4,84268.9
85,124,4,85978.7,4,88693.1,4,90042.4,4,84268.9
86,1,2,36619,2,36156.2,2,41393.5,6,126194.5
86,2,4,73238,4,72312.3,,,,
86,5,4,71907.6,3,55132.4,2,44272.1,2,37895.2
86,6,5,89884.5,5,91887.3,5,110680.3,5,94737.9
86,9,1,17976.9,1,18377.5,1,22136.1,1,18947.6
86,11,4,76345.5,4,71705,4,76871.3,4,87911.5
86,15,2,38172.7,2,35852.5,2,38435.6,2,43955.7
86,19,,,,,4,76871.3,4,87911.5
86,24,4,72747.4,4,75835.9,4,77465.6,4,77176.3
86,25,1,19679.4,1,18959,1,20032.4,,
86,27,4,78717.7,4,75835.9,3,60097.2,2,40246.6
86,36,2,38243.7,2,45196.9,2,47434.2,2,47331.4
86,39,4,76487.3,4,90393.7,3,71151.3,3,70997.1
86,41,2,33697.8,3,52169.8,3,54439.4,3,66211.7
86,44,3,50546.7,3,52169.8,3,54439.4,3,66211.7
86,45,5,84244.4,3,52169.8,5,90732.4,4,88282.3
86,46,6,101093.3,6,104339.6,6,108878.8,6,132423.4
86,47,2,33697.8,2,34779.9,2,36292.9,2,44141.1
86,58,5,86030,5,93597.7,5,91158.7,2.5,56353.8
86,63,4,85114.1,4,88987.8,4,89058.9,4,90264.3
86,67,8,164766.9,8,152508.8,8,175003.5,4,89552.2
86,68,5,102979.3,6,114381.6,7,153128.1,8,179104.5
86,72,3,62879.8,2,43116.7,2,47026.6,2,47238.6
86,76,8,167679.4,6,129350.1,7,164593.1,4,94477.3
86,77,1,20959.9,2,43116.7,2,47026.6,2,47238.6
86,79,,,3,64675.1,3,70539.9,3,70858
86,80,3,58956.8,3,63309.8,3,59476.6,2,45610.8
86,81,4,78609.1,4,84413,4,79302.2,4,91221.7
86,84,,,4,84413,4,79302.2,5,114027.1
86,85,,,,,1,20463.6,1,21225.2
86,87,22,425055,20,385769.3,19,388808,21,445728.6
86,88,10,193206.8,10,192884.7,10,204635.8,4,84900.7
86,89,2,38641.4,2,38576.9,2,40927.2,2,42450.3
86,92,7,120369.5,9,162734.7,5,89239.1,10,206350.7
86,93,3,51586.9,3,54244.9,3,53543.4,3,61905.2
86,94,2,34391.3,2,36163.3,1,17847.8,1,20635.1
86,98,6,117365.8,8,184406.1,4,81291.4,4,90972.2
86,99,32.5,697139.4,36.5,837956.2,40.5,977879.5,39.5,990610.1
86,100,7,149822.7,5,101080,8,185503.9,9,212683.6
86,101,4,85613,4,80864,4,92752,1,23631.5
86,104,1,21403.2,1,20216,1,23188,1,23631.5
86,110,3,59183.3,3,59527.9,3,58665.3,2,47728.4
86,112,1,19727.8,2,39685.2,5,97775.5,,
86,114,5,98638.9,5,99213.1,5,97775.5,5,119320.9
86,115,,,3,53641.9,,,,
86,119,9,168897.9,9,160925.7,4,79330.5,5,115487.8
86,120,2,42989.4,2,44346.6,2,45021.2,2,42134.5
86,126,3,64484,3,66519.9,2,45021.2,2,42134.5
86,127,5,107473.4,5,110866.4,5,112553,7,147470.6
87,2,2,34829.9,2,37102.2,2,44789.2,2,42711.5
87,11,4,87560.3,4,86769.9,3,56891.9,3,62894.1
87,14,2,43780.2,2,43384.9,2,37927.9,2,41929.4
87,15,7,123177.8,7,137691.4,6,116233.2,6,128566.6
87,16,4,70387.3,4,78680.8,3,58116.6,4,85711.1
87,17,1,17596.8,1,19670.2,1,19372.2,1,21427.8
87,21,4,67383.7,3,54425.8,6,117852.2,7,159394.5
87,22,1,16845.9,1,18141.9,1,19642,1,22770.6
87,30,2,40061,2,40657.6,2,39864.2,1,23675.6
87,31,4,80121.9,4,81315.1,4,79728.3,4,94702.4
87,32,3,60091.4,2,40657.6,2,39864.2,2,47351.2
87,35,4,75748.1,4,79130.2,1,19848.3,1,21889.9
87,39,4,75748.1,4,79130.2,3,59545,2,43779.8
87,41,3,65584.1,2,46553.9,2,47802.8,2,49930.9
87,44,10,218613.5,9,209492.6,8,191211.3,7,174758.2
87,45,19,383890.8,19,383002.5,19,426979.3,19,445945.4
87,46,20,404095.6,23,463634.6,21,471924.5,22,516357.8
87,47,7,141433.5,7,141106.2,7,157308.2,8,187766.5
87,49,2,40409.6,2,40316,2,44945.2,3,70412.4
87,52,2,34412,2,37439.1,2,36463.5,3,67624.6
87,56,2,34412,2,37439.1,2,36463.5,3,52014.5
87,58,1,17206,1,18719.5,1,18231.7,1,17338.2
87,61,,,,,1,22264.7,1,22566.1
87,62,2,42557.1,,,,,,
87,63,4,85114.1,4,88987.8,4,89058.9,4,90264.3
87,64,3,63835.6,3,66740.8,5,111323.6,3,67698.2
87,65,2,40180.9,2,43719.7,2,40711.6,2,43914.4
87,66,4,80361.9,4,87439.4,4,81423.3,4,87828.8
87,67,5,100452.4,5,109299.2,,,2,43914.4
87,68,8,160723.8,4.5,98369.3,11,223914,8,175657.6
87,69,4,80361.9,6,131159,3,61067.4,3,65871.6
87,71,2,44389.6,1,23934.7,,,2,48221
87,76,4,70021.8,3,50319,3,50298.1,1,18941.1
87,77,2,35010.9,2,33546,2,33532.1,2,37882.3
87,79,2,35010.9,2,33546,2,33532.1,1,18941.1
87,84,1,17425.2,1,17889.4,1,20370.5,1,21403.8
87,87,4,69700.9,3,53668.3,3,61111.6,2,42807.6
87,92,5,88853.1,5,95086.7,5,111705.1,5,114171.1
87,93,,,,,,,1,22834.2
87,98,2,35541.2,2,34998.6,2,41602.6,2,45951.6
87,99,15,266559.4,14,244990.2,12,249615.5,10,229758.2
87,101,2.5,51502.7,3.5,73007.9,3.5,75631.4,2.5,48141.4
87,104,3,61803.2,3,62578.2,2,43218,3,57769.7
87,111,,,,,,,5,115487.8
87,112,3,56299.3,3,53641.9,3,59497.8,3,69292.7
87,115,8,159928.9,10,214611.5,9,195970.5,7,154715.7
87,118,3,59973.3,3,64383.4,3,65323.5,3,66306.7
87,119,16,319857.8,16,343378.4,22,479039.1,16,353635.8
87,120,14,285636.2,17,342490.5,16,369925.7,19,469007.7
87,125,1,17900.1,1,20140.4,1,20673.1,1,21826.3
88,2,2,34829.9,2,37102.2,,,,
88,3,3,52244.9,3,55653.2,3,67183.7,1,21355.8
88,6,1,17976.9,1,18377.5,1,22136.1,1,18947.6
88,9,,,,,,,5,94737.9
88,12,4,87560.3,4,86769.9,2,37927.9,3,62894.1
88,14,6,131340.5,5,108462.3,12,227567.4,11,230611.6
88,15,14,246355.5,13,255712.6,21,406816.3,20,428555.3
88,16,5,87984.1,5,98351,5,96861,7,149994.4
88,17,5,87984.1,5,98351,5,96861,4,85711.1
88,19,,,,,,,2,42855.5
88,21,3,50537.8,7,126993.6,3,58926.1,4,91082.6
88,24,1,16845.9,1,18141.9,1,19642,1,22770.6
88,25,4,78717.7,,,5,100162,5,100616.5
88,27,1,19679.4,1,18959,1,20032.4,,
88,31,6,120182.9,6,121972.7,6,119592.5,6,142053.6
88,34,2,40061,2,40657.6,2,39864.2,2,47351.2
88,35,2,37874.1,3,59347.6,3,59545,3,65669.7
88,36,2,37874.1,2,39565.1,2,39696.7,2,43779.8
88,38,4,75748.1,4,79130.2,,,4,87559.6
88,39,1,18937,1,19782.5,1,19848.3,1,21889.9
88,41,4,87445.4,4,93107.8,4,95605.7,4,99861.8
88,42,1,21861.4,1,23277,2,47802.8,2,49930.9
88,46,9,181843,5,100790.1,5,112363,5,117354
88,47,7,141433.5,7,141106.2,7,157308.2,6,140824.8
88,50,2,34412,1,18719.5,2,36463.5,2,45083
88,51,1.5,25809,1.5,28079.3,,,,
88,59,1,17206,1,18719.5,1,18231.7,,
88,61,1,21278.5,1,22246.9,,,,
88,62,4,85114.1,4,88987.8,4,89058.9,4,90264.3
88,67,2,40180.9,2,43719.7,2,40711.6,2,43914.4
88,68,11,220995.2,13,284177.9,11,223914,12,263486.4
88,69,4,80361.9,3,65579.5,2,40711.6,2,43914.4
88,70,,,,,3,70152.5,,
88,71,1,22194.8,,,,,,
88,74,16,355117.1,16,382954.9,16.5,385838.8,18.5,446044.2
88,75,4,70021.8,3,50319,5,83830.2,5,94705.7
88,78,1,17505.4,1,16773,1,16766,1,18941.1
88,79,1,17505.4,1,16773,1,16766,1,18941.1
88,90,,,1,19017.3,,,,
88,92,5,88853.1,7,133121.4,3.5,78193.6,4,91336.9
88,96,5,88853.1,5,87496.5,5,104006.4,5,114879.1
88,97,4,71082.5,2,34998.6,2.5,52003.2,3,68927.5
88,98,1,17770.6,1,17499.3,6,124807.7,6,137854.9
88,99,2,35541.2,2,34998.6,,,,
88,100,,,,,2,43218,2,38513.1
88,102,9,185409.6,10,208594,9.5,205285.3,9.5,182937.3
88,103,2,41202.1,3,62578.2,5,108044.9,3.5,67397.9
88,106,5,103005.4,3,62578.2,2,43218,1,24024.1
88,107,7,144207.5,7,146015.8,5,108044.9,4,96096.2
88,113,2,37532.9,2,35761.3,2,39665.2,1,23097.6
88,115,1,19991.1,,,,,,
88,116,2,39982.2,2,42922.3,1,21774.5,1,22102.2
88,117,10,199911.1,10,214611.5,10,217745,10,221022.4
88,118,7,139937.8,6,128766.9,6,130647,6.5,143664.6
88,119,8,159928.9,12,257533.8,10,217745,7,154715.7
88,120,18,367246.6,15,302197.5,18,416166.4,17,419638.5
88,122,3,61207.8,3,60439.5,4,92481.4,5,123423.1
88,125,,,,,4,82692.5,4,87305.1
88,126,2,35800.2,3,60421.1,8,165385,8,174610.3
88,127,15,268501.7,8,161122.8,12,248077.5,10,218262.9
89,2,1,17415,1,18551.1,2,44789.2,2,42711.5
89,3,2,34829.9,2,37102.2,2,44789.2,2,42711.5
89,4,1,17415,1,18551.1,1,22394.6,1,21355.8
89,5,2,35953.8,2,36754.9,2,44272.1,1,18947.6
89,7,6,107861.4,4,73509.8,4,88544.3,4,75790.3
89,12,8,175120.6,8,173539.7,6,113783.7,10,209646.9
89,13,4,87560.3,4,86769.9,1,18964,2,41929.4
89,15,11,193565,11,216372.2,13,251838.7,10,214277.7
89,16,7,123177.8,8,157361.6,9,174349.8,9,192849.9
89,17,7,123177.8,5,98351,1,19372.2,1,21427.8
89,21,,,,,1,19642,,
89,23,7,117921.5,6,108851.7,5,98210.2,5,113853.2
89,27,1,19679.4,1,18959,1,20032.4,1,20123.3
89,31,5,100152.4,5,101643.9,5,99660.4,5,118378
89,32,4,80121.9,4,81315.1,,,,
89,37,18,340866.5,19,375868.4,18,357270.3,17,372128.4
89,38,4,75748.1,4,79130.2,4,79393.4,4,87559.6
89,39,2,37874.1,3,59347.6,3,59545,4,87559.6
89,40,7,153029.5,5,116384.8,5,119507.1,5,124827.3
89,43,1,21861.4,1,23277,1,23901.4,1,24965.5
89,51,,,,,2.5,45579.4,2.5,56353.8
89,52,3,51618,3,56158.6,3,54695.2,3,67624.6
89,53,2,34412,2,37439.1,2,36463.5,2,45083
89,54,,,,,3.5,63811.1,,
89,55,,,,,,,3,52014.5
89,58,2,34412,2,37439.1,2,36463.5,2,34676.3
89,59,,,,,,,1,17338.2
89,60,4,85114.1,4,88987.8,4,89058.9,4,90264.3
89,61,2,42557.1,4,88987.8,7,155853,11.5,259509.9
89,65,2,40180.9,2,43719.7,2,40711.6,2,43914.4
89,68,1,20090.5,1,21859.8,1,20355.8,1,21957.2
89,69,2,40180.9,2,43719.7,2,40711.6,2,43914.4
89,72,3,66584.5,3,71804,4,93536.7,4,96442
89,73,1,22194.8,1,23934.7,1,23384.2,1,24110.5
89,74,6,133168.9,7,167542.8,6,140305,6,144663
89,78,2,35010.9,2,33546,2,33532.1,2,37882.3
89,86,1,17425.2,2,35778.9,3,61111.6,3,64211.4
89,87,5,87126.1,5,89447.2,5,101852.6,5,107019
89,88,2,34850.5,2,35778.9,2,40741.1,2,42807.6
89,90,5,88853.1,5,95086.7,4,89364.1,7,159839.5
89,91,8,142165,9,171156.1,4,89364.1,4,91336.9
89,96,1,17770.6,1,17499.3,1,20801.3,1,22975.8
89,106,4,82404.3,4,83437.6,4,86435.9,4,96096.2
89,107,5,103005.4,7,146015.8,7,151262.8,7,168168.4
89,113,3,56299.3,4,71522.5,2,39665.2,2,46195.1
89,116,1,19991.1,1,21461.1,1,21774.5,1,22102.2
89,118,4,79964.5,4,85844.6,4,87098,4,88409
89,119,14,279875.6,13,278994.9,17,370166.5,17,375738.1
89,120,3,61207.8,3,60439.5,4,92481.4,4,98738.5
89,121,3,61207.8,3,60439.5,3,69361.1,5,123423.1
89,122,2,40805.2,,,1,23120.4,1,24684.6
89,126,4,71600.5,4,80561.4,2,41346.2,2,43652.6
89,127,4,71600.5,4,80561.4,4,82692.5,5,109131.4
90,0,4,69659.8,4,74204.3,3,67183.7,1,21355.8
90,2,4,69659.8,3,55653.2,4,89578.3,4,85423
90,3,4,69659.8,4,74204.3,3,67183.7,1,21355.8
90,4,6,104489.8,6,111306.5,5,111972.9,2,42711.5
90,6,8.5,152803.7,8,147019.6,3,66408.2,7,132633.1
90,10,,,,,,,3,62894.1
90,11,1,21890.1,1,21692.5,1,18964,1,20964.7
90,13,2,43780.2,2,43384.9,,,,
90,14,3,65670.2,3,65077.4,3,56891.9,3,62894.1
90,16,1,17596.8,1,19670.2,4,77488.8,5,107138.8
90,17,7,123177.8,7,137691.4,7,135605.4,7,149994.4
90,20,2,33691.9,2,36283.9,2,39284.1,2,45541.3
90,21,10,168459.3,10,181419.5,8,157136.3,8,182165.2
90,27,6,118076.6,6,113753.8,5,100162,5,100616.5
90,28,3,59038.3,2,37917.9,2,40064.8,2,40246.6
90,29,,,3,56876.9,3,60097.2,4,80493.2
90,30,4,80121.9,4,81315.1,4,79728.3,4,94702.4
90,31,,,,,4,79728.3,4,94702.4
90,36,9,170433.2,6,118695.3,5,99241.7,5,109449.5
90,37,6,113622.2,5,98912.7,6,119090.1,6,131339.4
90,38,8,151496.2,8,158260.4,10,198483.5,11,240788.9
90,39,1,18937,1,19782.5,1,19848.3,1,21889.9
90,41,3,65584.1,3,69830.9,2,47802.8,2,49930.9
90,44,1,21861.4,1,23277,1,23901.4,1,24965.5
90,45,,,3,60474.1,3,67417.8,,
90,46,8,161638.2,2,40316,2,44945.2,5,117354
90,53,1,17206,1,18719.5,1,18231.7,1,22541.5
90,65,2,40180.9,2,43719.7,3,61067.4,2,43914.4
90,67,2,40180.9,2,43719.7,2,40711.6,2,43914.4
90,69,1,20090.5,2,43719.7,1,20355.8,1,21957.2
90,71,3,66584.5,3,71804,2,46768.3,2,48221
90,73,2,44389.6,1,23934.7,1,23384.2,1,24110.5
90,77,8,140043.5,8.5,142570.5,9,150894.4,7,132587.9
90,78,2,35010.9,2,33546,1,16766,4,75764.5
90,88,3,52275.7,4,71557.7,3,61111.6,4,85615.2
90,90,2,35541.2,3,57052,3,67023.1,5,114171.1
90,91,1,17770.6,1,19017.3,6,134046.2,7.5,171256.6
90,95,10,177706.2,8,139994.4,6,124807.7,6,137854.9
90,101,2,41202.1,2,41718.8,2,43218,2,38513.1
90,102,3,61803.2,3,62578.2,4,86435.9,2,38513.1
90,113,7,131365.1,7,125164.4,8,158660.9,8,184780.5
90,114,1,18766.4,1,17880.6,1,19832.6,1,23097.6
90,116,19,379831.2,17,364839.5,14,304843,14,309431.3
90,117,44,986606,42,1006543,41,985793.5,35,959757.4
90,118,15,299866.7,16,343378.4,17,370166.5,14,309431.3
90,119,4,79964.5,4,85844.6,2,43549,3,66306.7
90,120,70,1261704.3,79,1546160.3,75,1562995.4,66,1357037.9
90,121,4,81610.3,4,80586,4,92481.4,4,98738.5
90,122,6,122415.5,6,120879,7,161842.5,7,172792.3
90,123,2,40805.2,5,100732.5,5,115601.8,5,123423.1
90,124,10,204025.9,9,181318.5,9,208083.2,9,222161.5
90,125,2,35800.2,2,40280.7,2,41346.2,2,43652.6
90,126,1,17900.1,1,20140.4,3,62019.4,3,65478.9
90,127,2,35800.2,2,40280.7,2,41346.2,2,43652.6
91,3,4,69659.8,5,92755.4,5,111972.9,3,64067.3
91,6,1,17976.9,1,18377.5,2,44272.1,3,56842.7
91,8,2,35953.8,2,36754.9,2,44272.1,2,37895.2
91,11,1,21890.1,4,86769.9,4,75855.8,4,83858.8
91,13,2,43780.2,2,43384.9,2,37927.9,2,41929.4
91,14,,,,,,,2,41929.4
91,21,3,50537.8,3,54425.8,3,58926.1,3,68311.9
91,24,2,33691.9,2,36283.9,2,39284.1,2,45541.3
91,26,1,19679.4,1,18959,3,60097.2,,
91,29,1,19679.4,1,18959,1,20032.4,1,20123.3
91,30,3,60091.4,3,60986.3,4,79728.3,3,71026.8
91,31,4,80121.9,4,81315.1,4,79728.3,,
91,32,,,,,,,4,94702.4
91,35,2,37874.1,2,39565.1,2,39696.7,2,43779.8
91,36,,,,,2,39696.7,2,43779.8
91,37,1,18937,1,19782.5,1,19848.3,,
91,38,1,18937,1,19782.5,1,19848.3,1,21889.9
91,44,2,43722.7,2,46553.9,2,47802.8,2,49930.9
91,51,2,34412,2,37439.1,,,1,22541.5
91,57,3,51618,5,93597.7,4,72927,4,69352.7
91,58,4,68824,4,74878.1,4,72927,4,69352.7
91,59,2,34412,2,37439.1,2,36463.5,2,34676.3
91,64,2,42557.1,1,22246.9,1.5,33397.1,4.5,101547.4
91,65,7,140633.3,5,109299.2,5,101779.1,5,109786
91,72,4,88779.3,4,95738.7,4,93536.7,7,168773.5
91,73,3,66584.5,2,47869.4,,,3,72331.5
91,75,2,35010.9,2,33546,2,33532.1,2,37882.3
91,76,1,17505.4,1,16773,,,,
91,79,1,17505.4,1,16773,1,16766,,
91,81,4,69700.9,4,71557.7,4,81482.1,4,85615.2
91,85,2,34850.5,2,35778.9,2,40741.1,2,42807.6
91,90,,,3,57052,4,89364.1,6,137005.3
91,96,,,2,34998.6,4.5,93605.8,6.5,149342.8
91,97,,,2,34998.6,2,41602.6,2,45951.6
91,103,4,82404.3,4,83437.6,4,86435.9,4,77026.2
91,108,3,61803.2,3,62578.2,2,43218,2,48048.1
91,110,4,75065.7,4,71522.5,4,79330.5,4,92390.3
91,117,16,319857.8,14,300456.1,17,370166.5,13,287329.1
91,118,9,179920,5,107305.7,6,130647,6,132613.4
91,119,7,139937.8,7,150228,7,152421.5,8.5,187869
91,120,61,1209760,48,1046890.6,53,1119032.3,51,1251705.5
91,121,70,1313871.5,70.5,1408636.6,62.5,1301040,65.5,1464037.9
91,122,10,204025.9,7,141025.5,9,208083.2,12,296215.4
91,124,20,408051.7,18,362637,21,485527.5,21,518376.9
91,125,27,483303.1,18,362526.3,19,392789.3,26,532271.1
91,126,2,35800.2,3,60421.1,3,62019.4,3,65478.9
91,127,69,1558068.9,65,1437795.1,58,1399956.6,61,1479253.2
92,0,2,42958.9,2,44060.7,2,45104.1,4,97746.8
92,1,2,42958.9,2,44060.7,2,45104.1,6,146620.2
92,2,4,85917.9,3,66091.1,3,67656.2,3,73310.1
92,3,1,21479.5,1,22030.4,1,22552.1,1,24436.7
92,4,9,193315.2,7,154212.6,7,157864.5,7,171056.9
92,7,6,115953.6,6,125478.4,5,103534.7,10,215627.2
92,10,2,41061.3,2,43166.1,2,45218.5,3,79399.9
92,11,1,20530.6,1,21583,1,22609.3,,
92,25,5,81371.1,,,4,72997.8,3,59474.6
92,33,4,84144.4,5,109236.8,6,125879.6,6,134938.4
92,36,3,53531.8,3,58331.3,2,39658.9,2,43901
92,37,7,124907.5,6,116662.7,7,138806.2,8,175604.1
92,44,1,20747,1,25454.9,1,24262.2,3,73350.9
92,45,2,33376.6,,,,,,
92,46,3,50064.9,3,55324.3,3,60087.1,3,64586.1
92,47,1,16688.3,,,1,20029,2,43057.4
92,55,1,22179.2,1,27908.2,1,26976.3,,
92,61,5,88439.9,5,95031.3,4,86987.4,1,20446.3
92,62,12,212255.7,11,209068.8,9,195721.7,11,224909.1
92,63,,,,,,,2,40892.6
92,66,8,154280.6,9,175885.3,10,195915.5,10,193294.5
92,67,10,192850.8,10,195428.1,10,195915.5,9,173965.1
92,68,3,57855.2,4,78171.2,4,78366.2,2,38658.9
92,72,9,203886.7,6,134670.5,11,259199.2,7,178300.8
92,73,1,22654.1,,,,,1,25471.5
92,74,5,113270.4,4,89780.4,4,94254.3,4,101886.2
92,75,11,185402.4,10,178274.8,13,270518.6,9,178465.5
92,81,,,4,74079.2,3,56201.5,2,38017.6
92,82,5,83906,,,,,,
92,86,3,53891.7,2,37039.6,2,37467.7,2,38017.6
92,104,2,38602.8,2,38308.2,2,35636.8,2,42018.5
92,107,2,40346.1,2,42803.9,2,47366.3,2,52006.6
92,117,5,112919.2,5,113791,5,115633.3,5,124056
92,118,7,158086.9,7,159307.4,6,138760,5,124056
92,121,5,100031.8,4,86369.5,4,92476.6,5,129211.4
92,122,16,320101.6,14,302293.2,14,323668.1,13,335949.7
92,124,2,40012.7,4,86369.5,9,208072.4,12.5,323028.6
92,125,100,2103473.4,109,2266026.3,105,2152428.4,105,2430568
92,126,51,821145.9,50,908832.9,48.5,930035.8,47.5,1005304.8
92,127,14,312273.8,13,304515.9,12,301491.7,17,448471.8
93,1,1,21479.5,,,,,,
93,2,24.5,526246.9,23.5,517713.7,28.5,642733.9,26.5,647572.6
93,3,32,839496.8,32,761587.3,30,794993.2,27,701990.7
93,4,3,64438.4,4,88121.5,4,90208.3,4,97746.8
93,6,6,115953.6,6,125478.4,6,124241.6,6,129376.3
93,10,5,102653.1,5,107915.2,4,90437,,
93,13,12,246367.5,12,258996.6,11,248701.9,8,211733.1
93,16,5,86302.4,6,113571.3,11,219852.3,10,182474.6
93,17,19,327949.1,19,359642.5,18,359758.2,13,237217
93,18,5,86302.4,5,94642.8,3,59959.7,2,36494.9
93,19,2,34521,2,37857.1,,,1,18247.5
93,20,7,134631.2,5,89310.8,4,93209.2,3,70593.1
93,21,4,76932.1,2,35724.3,2,46604.6,3,70593.1
93,23,10,192330.3,3,53586.5,7,163116,8,188248.2
93,24,4,76932.1,4,71448.7,4,93209.2,4,94124.1
93,29,3,48822.6,3,53586.5,3,54748.4,3,59474.6
93,30,3,63108.3,4,87389.4,1,20979.9,,
93,33,1,21036.1,1,21847.4,,,,
93,35,5,89219.6,10,194437.8,13,257782.9,12,263406.1
93,36,15.5,276580.9,19.5,379153.7,18,356930.2,18,395109.2
93,38,2,35687.9,2,38887.6,4,79317.8,5,109752.6
93,41,2,41494.1,2,50909.8,3,72786.6,3,73350.9
93,42,4,82988.2,3,76364.7,2,48524.4,2,48900.6
93,47,6,100129.8,5,92207.1,5,100145.1,5,107643.5
93,51,2,48387.3,2,47879.9,2,43466.5,,
93,52,5,120968.1,5,119699.7,5,108666.3,5,139507.7
93,54,2,48387.3,2,47879.9,3,65199.8,1,27901.5
93,55,4,88716.8,3,83724.5,2,53952.6,3,71214.9
93,60,2,35375.9,1,19006.3,,,2,40892.6
93,61,4,70751.9,4,76025,4,86987.4,4,81785.1
93,64,2,35375.9,2,38012.5,2,43493.7,2,40892.6
93,65,2,38570.2,2,39085.6,2,39183.1,3,57988.4
93,68,3,57855.2,3,58628.4,3,58774.6,3,57988.4
93,71,6,135924.5,11,246896,9,212072.1,10,254715.5
93,72,8,181232.6,8,179560.7,8,188508.5,8,203772.4
93,74,3,67962.2,2,44890.2,2,47127.1,1,25471.5
93,75,7,117983.3,5,89137.4,5,104045.6,4,79318
93,80,2,33562.4,,,,,,
93,81,,,1,18519.8,1,18733.8,3,57026.4
93,85,8,143711.2,9,166678.1,10,187338.4,6,114052.8
93,86,4,71855.6,4,74079.2,4,74935.4,4,76035.2
93,89,2,35927.8,,,,,,
93,90,5,89023.6,5,91846.6,4,77413.8,4,81066.7
93,92,1,17804.7,1,18369.3,1,19353.5,2,40533.4
93,93,2,35609.5,2,36738.6,,,,
93,97,,,,,,,2,40533.4
93,98,2,35609.5,2,36738.6,2,38706.9,,
93,100,4,77205.7,4,76616.5,4,71273.6,,
93,103,,,3,57462.4,4,71273.6,5,105046.3
93,105,1,20173,1,21401.9,5,118415.8,4,104013.3
93,111,4,74094.7,4,78130.7,4,84362.4,2,44516.1
93,112,5,92618.4,5,97663.4,5,105452.9,5,111290.2
93,113,2,37047.3,4,78130.7,4,84362.4,3,66774.1
93,120,2,40012.7,2,43184.7,2,46238.3,2,51684.6
93,121,119.5,2055851.8,109.5,1870261.2,116.5,1960336.9,87.5,1750551.5
93,122,10,200063.5,12,259108.4,10.5,242751.1,13,335949.7
93,123,12,240076.2,13,280700.8,14,323668.1,9,232580.6
93,125,30,677130.2,23,538758.9,32,681145,35,847692.4
93,126,64,1227343.3,69,1438123,55,1303712.5,60.5,1402133.6
93,127,15,334579,19,445061.7,33,701285.5,28,618742.9
94,0,28,601425,24.5,617153.7,28,672163.4,29.5,812051.3
94,1,5,107397.3,5,110151.9,5,112760.3,8,195493.6
94,2,30,735136.7,34,846381,32,670723.4,33,700354.4
94,3,9,193315.2,7,154212.6,4,90208.3,3,73310.1
94,4,5,107397.3,10.5,231318.9,4,90208.3,3,73310.1
94,5,4,77302.4,3,62739.2,2,41413.9,3,64688.2
94,6,1,19325.6,1,20913.1,5,103534.7,5,107813.6
94,7,2,38651.2,2,41826.1,,,,
94,8,,,,,2,41413.9,,
94,11,1,20530.6,,,,,1,26466.6
94,13,1,20530.6,,,3,67827.8,3,79399.9
94,15,1,17260.5,1,18928.6,2,39973.1,3,54742.4
94,16,3,51781.4,2.5,47321.4,2,39973.1,1,18247.5
94,20,,,,,1,23302.3,1,23531
94,21,1,19233,1,17862.2,1,23302.3,1,23531
94,28,5,81371.1,5,89310.8,4,72997.8,2,39649.7
94,30,5,105180.5,4,87389.4,4,83919.8,7,157428.1
94,33,7,147252.7,4,87389.4,6,125879.6,7,157428.1
94,34,2,42072.2,2,43694.7,2,41959.9,2,44979.5
94,35,4,71375.7,4,77775.1,,,,
94,36,34,638267.2,35,720157.1,34.5,770316.8,35,766355.4
94,37,15,267658.9,17,330544.2,20,396589.1,20,439010.2
94,38,14,249815,13,252769.1,10,198294.5,10,219505.1
94,39,5,89219.6,5,97218.9,3,59488.4,4,87802
94,40,2,41494.1,1,25454.9,1,24262.2,,
94,42,4,82988.2,4,101819.5,3,72786.6,2,48900.6
94,43,1,20747,1,25454.9,3,72786.6,3,73350.9
94,49,4,66753.2,4,73765.7,4,80116.1,4,86114.8
94,50,,,1,23939.9,1,21733.3,1,27901.5
94,51,3,72580.9,3,71819.8,4,86933.1,3,83704.6
94,52,3,72580.9,4,95759.8,6,130399.6,8,223212.3
94,59,2,44358.4,2,55816.3,2,53952.6,2,47476.6
94,60,2,35375.9,2,38012.5,2,43493.7,2,40892.6
94,61,1,17688,1,19006.3,1,21746.9,1,20446.3
94,64,3,53063.9,3,57018.8,3,65240.6,3,61338.8
94,65,2,38570.2,2,39085.6,2,39183.1,2,38658.9
94,74,9,203886.7,15,336676.3,12,282762.8,13,331130.1
94,75,,,,,4,83236.5,4,79318
94,78,,,1,17827.5,1,20809.1,1,19829.5
94,92,,,,,2,38706.9,2,40533.4
94,93,2,35609.5,2,36738.6,2,38706.9,2,40533.4
94,94,4,71218.9,4,73477.2,3,58060.4,2,40533.4
94,97,2,35609.5,2,36738.6,2,38706.9,2,40533.4
94,98,1,17804.7,1,18369.3,1,19353.5,1,20266.7
94,105,2,40346.1,5,107009.7,2,47366.3,2,52006.6
94,108,,,,,,,1,26003.3
94,109,4,80692.1,4,85607.8,4,94732.7,3,78010
94,110,1,18523.7,,,,,,
94,113,1,18523.7,,,,,,
94,114,10,185236.7,5,97663.4,9,189815.3,13,289354.5
94,115,8,180670.7,8,182065.6,6,138760,6,148867.2
94,116,5,112919.2,5,113791,5,115633.3,5,124056
94,118,1,22583.8,1,22758.2,1,23126.7,1,24811.2
94,120,2,40012.7,2,43184.7,2,46238.3,5,129211.4
94,121,142.5,2187140.1,128.5,2028118.7,136,2221834.7,123.5,2178121.6
94,122,33,701976.2,35,751620.2,32,697823.1,30,647975.7
94,123,77.5,1350442,70.5,1456465.8,60.5,1273255.2,64,1361796.5
94,124,125.5,2555492.1,114.5,2339398.8,128.5,2617423.2,124,2692110.6
94,125,180.5,3281863.5,154,2749837.5,176,3243444.3,166,3338237.1
94,126,61,1512110.5,58,1340486.6,54,1345205.9,53,1286389.4
94,127,26,472436.7,31.5,598841.9,29.5,568374,31,623737.4
95,0,54.5,1111167.7,50,1027212.9,88.5,1688743.1,85,1714077.7
95,1,101,1632316.5,98,1643169.4,99.5,1876535.9,99.5,1984764.7
95,2,59,1283993.5,56,1290076,50,1090818.7,53.5,1251175.3
95,3,4,85917.9,7,154212.6,9,202968.6,7,171056.9
95,4,6,128876.8,1,22030.4,1,22552.1,1,24436.7
95,5,,,,,5.5,113888.1,5.5,118594.9
95,10,9,184775.7,9,194247.4,7,158264.8,6,158799.8
95,11,2,41061.3,1,21583,1,22609.3,,
95,12,3,61591.9,3,64749.1,2,45218.5,2,52933.3
95,18,1,17260.5,1,18928.6,1,19986.6,1,18247.5
95,21,2,38466.1,2,35724.3,2,46604.6,2,47062
95,22,2,38466.1,2,35724.3,1,23302.3,2,47062
95,27,2,32548.4,2,35724.3,2,36498.9,2,39649.7
95,31,2,42072.2,2,43694.7,2,41959.9,2,44979.5
95,35,16,285502.8,20,388875.6,16,317271.3,13.5,296331.9
95,36,27,544692.4,27.5,522250.6,26.5,507941.6,28.5,552259.1
95,37,5.5,98141.6,5.5,106940.8,4.5,89232.5,8,175604.1
95,38,7,124907.5,7,136106.4,5,99147.3,6,131703.1
95,40,13,269711.5,8,203639.1,15,363933,16,391204.9
95,42,10,207470.4,10,254548.9,11,266884.2,9,220052.8
95,49,2,33376.6,2,36882.9,2,40058.1,2,43057.4
95,50,2,48387.3,2,47879.9,1,21733.3,3,83704.6
95,51,2,48387.3,2,47879.9,2,43466.5,2,55803.1
95,52,2,48387.3,2,47879.9,,,,
95,53,2,48387.3,2,47879.9,3,65199.8,2,55803.1
95,56,5,110896,5,139540.8,5,134881.4,5,118691.5
95,57,4,88716.8,4,111632.6,4,107905.1,2,47476.6
95,61,6,106127.8,6,114037.5,5,108734.3,7,143124
95,62,1,17688,1,19006.3,1,21746.9,1,20446.3
95,63,1,17688,1,19006.3,1,21746.9,1,20446.3
95,68,2,38570.2,2,39085.6,2,39183.1,2,38658.9
95,69,3,57855.2,3,58628.4,3,58774.6,3,57988.4
95,79,2,33709.5,2,35655,2,41618.2,2,39659
95,81,2,33562.4,2,37039.6,2,37467.7,2,38017.6
95,87,1,17963.9,1,18519.8,1,18733.8,,
95,104,,,,,4,71273.6,4,84037.1
95,105,,,2,42803.9,,,,
95,107,2,40346.1,2,42803.9,1,23683.2,1,26003.3
95,108,7,141211.2,7,149813.6,6,142099,5,130016.6
95,109,2,40346.1,2,42803.9,2,47366.3,2,52006.6
95,114,,,,,2,42181.2,2,44516.1
95,115,8,180670.7,9,204823.8,10,231266.6,12,297734.3
95,116,5,112919.2,4,91032.8,4,92506.6,4,99244.8
95,118,5,112919.2,5,113791,7,161886.6,5,124056
95,119,9,203254.6,12,273098.5,7,161886.6,8,198489.5
95,122,27,586001.9,33,625551.6,36.5,676564.3,37,738541.7
95,123,74,1351305.8,78,1520202,75,1494211.9,71,1448741.2
95,124,73.5,1521709.9,75,1631674.3,64,1408493.5,75,1632341
95,125,149,2866422.7,169.5,3480630.7,178.5,3463466.2,170.5,3429089.8
95,126,123,2144451.4,127.5,2303702.7,135,2585726.9,145,2857464
95,127,26,411332.5,28,475025.1,26,449727.6,22,375065.6
96,0,19,408109.8,21,462637.8,17,383385.1,17,415423.9
96,1,55.5,956280.6,52,958938.6,37,863371.4,40,1006692.6
96,2,48.5,836948.3,47,791137.7,46,839164.9,41,722458.6
96,3,18,386630.4,13,286394.8,13,293176.9,10,244367
96,9,2,38651.2,2,41826.1,2,41413.9,2,43125.4
96,12,2,41061.3,,,,,,
96,15,4,69041.9,4,75714.2,4,79946.3,4,72989.8
96,17,8,138083.8,8,151428.4,8,159892.6,8,145979.7
96,18,4,69041.9,4,75714.2,4,79946.3,4,72989.8
96,20,2,38466.1,2,35724.3,2,46604.6,2,47062
96,25,1,16274.2,1,17862.2,1,18249.5,1,19824.9
96,26,3,48822.6,4,71448.7,4,72997.8,4,79299.5
96,29,1,16274.2,1,17862.2,2,36498.9,2,39649.7
96,30,2,42072.2,2,43694.7,5,104899.7,5,112448.6
96,32,2,42072.2,2,43694.7,2,41959.9,2,44979.5
96,36,20,356878.6,20,388875.6,20,396589.1,17,373158.7
96,37,10,178439.3,10,194437.8,11,218124,11,241455.6
96,50,2,48387.3,2,47879.9,2,43466.5,2,55803.1
96,52,2,48387.3,3,71819.8,3,65199.8,2,55803.1
96,54,,,1,23939.9,1,21733.3,,
96,55,9,199612.8,6,167449,6,161857.7,6,142429.8
96,57,,,,,2,53952.6,2,47476.6
96,58,4,88716.8,3,83724.5,3,80928.8,2,47476.6
96,61,4,70751.9,5,95031.3,5,108734.3,6,122677.7
96,62,6,106127.8,5,95031.3,4,86987.4,5,102231.4
96,65,4,77140.3,2,39085.6,4,78366.2,4,77317.8
96,67,1,19285.1,1,19542.8,1,19591.5,1,19329.5
96,72,5,113270.4,5,112225.4,5,117817.8,4,101886.2
96,78,3,50564.3,3,53482.4,3,62427.4,3,59488.5
96,81,1,16781.2,,,1,18733.8,,
96,84,6,100687.2,7,129638.5,6,112403.1,5,95044
96,89,5,89819.5,3,55559.4,2,37467.7,2,38017.6
96,92,2,35609.5,2,36738.6,2,38706.9,2,40533.4
96,93,5,89023.6,5,91846.6,5,96767.3,5,101333.4
96,105,6,121038.2,7,149813.6,7,165782.2,8,208026.5
96,106,8,161384.3,9,192617.5,5,118415.8,5,130016.6
96,107,8,161384.3,10,214019.4,10,236831.7,7,182023.2
96,108,4,80692.1,5,107009.7,4,94732.7,3,78010
96,110,5,92618.4,5,97663.4,5,105452.9,7,155806.3
96,116,5,112919.2,6,136549.2,4,92506.6,4,99244.8
96,119,2,45167.7,1,22758.2,1,23126.7,,
96,120,2,40012.7,1,21592.4,3,69357.5,3,77526.9
96,121,9,180057.2,11,237516.1,12,277429.8,12,310107.5
96,122,39,990093.4,39,896927.7,33,874842.4,32.5,917037.9
96,123,29,629479.7,27,556814,26,542722.8,35.5,727215.8
96,124,30,662085.7,28,617479.9,35,879695.8,31,800417.8
96,125,61,902958.7,79,1256613.3,88,1371622.7,108,1934450.1
96,126,29,643314.2,27,514568.2,31,570092.4,34,810110.7
96,127,37,842524.3,47,1017952,51.5,1128760,35,700168.6
97,0,4,76603.3,5,93218.6,11,242222.4,12,262539.9
97,1,6,114904.9,7,130506,3,66060.6,22.5,492262.3
97,2,,,4,74574.9,9,198181.9,16,350053.2
97,5,2,38651.2,,,2,45817.6,2,43125.4
97,6,,,2,41826.1,,,,
97,12,1,18341.8,1,19075,1,20279.1,1,22107.4
97,13,17,311810.6,17,324275.5,19,385302.9,12,265289.2
97,16,6,113837.6,6,120555.2,,,3,79399.9
97,19,1,18972.9,1,20092.5,1,23645.5,1,26466.6
97,27,2,32548.4,2,35724.3,2,36498.9,1,19824.9
97,31,2,35174.2,3,54942.1,4,85149.9,3,66326
97,33,4,70348.3,4,73256.2,4,85149.9,3,66326
97,34,1,17587.1,1,18314,1,21287.5,,
97,35,1,17981,1,19480.5,1,21158.3,,
97,36,12,215772,6,116883.3,7,148108.4,7,157428.1
97,41,,,2,36882.9,,,,
97,42,2,33376.6,3,55324.3,5,100145.1,5,107643.5
97,44,1,16688.3,1,18441.4,1,20029,1,21528.7
97,45,7,105819.7,6,95867.9,7,106781,7,120559.9
97,50,3,63393.1,3,61561.5,3,62906.5,5,110888.3
97,52,2,42262.1,2,41041,2,41937.7,2,44355.3
97,53,4,84524.2,4,82082.1,4,83875.3,4,88710.6
97,54,3,63393.1,2,41041,1,20968.8,7.5,166332.4
97,56,1,20615.6,,,,,1,24030.6
97,57,2,41231.2,3,67186.6,4,88280.7,5,120152.9
97,61,9,194656.7,7,142369.8,8,174583.8,5,121154.8
97,62,11,237913.8,11,223724,7,152760.8,8,193847.7
97,66,3,55323.7,3,52486.6,2,41119.9,3,59268.9
97,70,4,67419,3,53482.4,3,62427.4,3,59488.5
97,73,7,117983.3,7,124792.3,7,145663.9,5,99147.5
97,74,11,185402.4,6,106964.9,6,124854.7,10,198295
97,76,5,89034.4,5,89137.4,4,83236.5,4,103216.9
97,77,,,,,,,1,25804.2
97,78,4,71227.5,,,,,,
97,80,3,60694.3,3,51028.3,3,57732,2,40420.7
97,82,2,40462.9,2,34018.9,,,2,40420.7
97,84,4,80925.7,4,68037.8,4,76976,5,101051.6
97,95,1,20040.2,1,23339.8,1,20472.3,1,22906.1
97,97,2,40080.5,2,46679.6,2,40944.5,2,45812.3
97,99,1,20040.2,1,23339.8,,,,
97,100,4,82537,3,66972.4,5,116553.6,5,116466.6
97,106,,,,,,,1,21009.3
97,113,9,166713.1,6,117196.1,2,42181.2,2,44516.1
97,114,2,37047.3,2,39065.4,2,42181.2,2,44516.1
97,118,8,152815.7,6,127501,6,145266.2,6,138996.5
97,119,6,114611.8,6,127501,4,96844.1,1,23166.1
97,122,4,83530.7,4,86093.7,4,89149.8,4,103230.2
97,123,33,876600.5,32,850468,30,753042.4,28,772532.6
97,124,39,943595.1,43,965085.2,51.5,1183312.8,55,1326565.5
97,125,80,1594122.7,74,1506959,67.5,1400427,64,1393612
97,126,15,316105.3,20,429201.9,20,442934.7,25,566825.8
97,127,76,1772368.2,69,1548898.4,69,1551614,73,1632678.5
98,0,1,19150.8,,,,,4,87513.3
98,1,4,76603.3,5,93218.6,5,110101.1,5,109391.6
98,3,4,76603.3,4,74574.9,4,88080.9,4,87513.3
98,6,2,38651.2,5,104565.4,2,45817.6,1.5,32344.1
98,11,2,36683.6,2,38150.1,2,40558.2,2,44214.9
98,13,7,128392.6,6,114450.2,8,162232.8,8,176859.5
98,14,4,73367.2,3,57225.1,,,2,44214.9
98,15,1,18972.9,,,,,4,105866.6
98,18,2,37945.9,2,40185.1,2,47291,2,52933.3
98,27,6,97645.3,6,107173,3,54748.4,3,59474.6
98,29,2,32548.4,2,35724.3,2,36498.9,2,39649.7
98,30,7,123109.5,7,128198.3,7,149012.3,5,110543.3
98,31,2,35174.2,3,54942.1,,,4,88434.7
98,35,4,71924,4,77922.2,4,84633.4,4,89958.9
98,36,2,35962,2,38961.1,2,42316.7,,
98,37,5,89905,3,58441.6,,,2,44979.5
98,49,6,90702.6,8,127823.8,10,152544.3,9,155005.6
98,50,14,295834.7,15,307807.7,15,314532.4,14,310487.1
98,51,1,21131,1,20520.5,1,20968.8,,
98,59,2,41231.2,2,44791.1,2,44140.4,1,24030.6
98,62,,,,,1,21823,1,24231
98,65,2,36882.5,1,17495.5,,,,
98,66,9,165971.1,8,139964.3,6,123359.7,9,177806.6
98,78,9,160261.9,2,35655,4,83236.5,6,154825.4
98,82,5,101157.2,3,51028.3,3,57732,3,60631
98,83,,,,,5.5,105842,4,80841.3
98,85,4,71855.6,4,67280.9,3,56201.5,3,57026.4
98,87,4,71855.6,4,67280.9,4,74935.4,3,57026.4
98,92,3,53414.2,4,73477.2,4,77413.8,3,60800.1
98,96,3,60120.7,2,46679.6,7,143305.8,7,160343
98,97,2,40080.5,,,1,20472.3,1,22906.1
98,100,8,165074,9,200917.3,8,186485.8,7,163053.2
98,102,4,82537,5,111620.7,7,163175,7,163053.2
98,110,2,37047.3,1,19532.7,,,,
98,113,4,74094.7,5,97663.4,4,84362.4,2,44516.1
98,114,4,74094.7,5,97663.4,5,105452.9,7,155806.3
98,117,5,95509.8,5,106250.8,5,121055.2,5,115830.4
98,118,9,171917.7,13,276252.1,16,387376.5,19,440155.6
98,119,6,114611.8,6,127501,8,193688.3,5,115830.4
98,120,4,83530.7,4,86093.7,4,89149.8,6,154845.3
98,123,26,670638.4,23,621261.7,23,625155.9,23,593573.8
98,124,6,125296.1,6,129140.6,5,111437.2,4,103230.2
98,125,6,126442.1,4,85840.4,4,88586.9,4,93548.8
98,127,103,1898389.1,99.5,1823678.2,109,2006143.6,89.5,1754487.5
99,1,1,19150.8,1,18643.7,4,88080.9,5,109391.6
99,2,3,57452.4,3,55931.2,2,44040.4,2,43756.6
99,3,2,38301.6,1,18643.7,1,22020.2,1,21878.3
99,5,2,38651.2,2,41826.1,2,45817.6,2,43125.4
99,6,2,38651.2,2,41826.1,2,45817.6,1,21562.7
99,7,4,77302.4,4,83652.3,3,68726.4,2,43125.4
99,8,,,,,2,45817.6,2,43125.4
99,11,3,55025.4,2,38150.1,2,40558.2,2,44214.9
99,12,2,36683.6,2,38150.1,2,40558.2,2,44214.9
99,13,21,385177.8,20,381500.6,19,385302.9,19,420041.3
99,14,15,275127,14,267050.4,17,344744.7,15,331611.6
99,15,7,132810.5,7,140647.7,7,165518.5,4,105866.6
99,16,3,56918.8,4,80370.1,2,47291,2,52933.3
99,18,6,113837.6,6,120555.2,6,141873,5,132333.2
99,21,4,65096.9,4,71448.7,4.5,82122.5,5.5,109036.8
99,23,2,32548.4,2,35724.3,2,36498.9,,
99,24,1,16274.2,1,17862.2,,,,
99,30,5,87935.4,5,91570.2,,,,
99,31,3,52761.2,2,36628.1,2,42575,3,66326
99,34,1,17587.1,1,18314,1,21287.5,1,22108.7
99,35,5,89905,5,97402.7,5,105791.7,,
99,36,6,107886,2,38961.1,4,84633.4,4,89958.9
99,39,5,89905,6,116883.3,6,126950,2,44979.5
99,43,,,1,18441.4,,,,
99,44,5,83441.5,5,92207.1,5,100145.1,5,107643.5
99,53,5,105655.2,5,102602.6,5,104844.1,5,110888.3
99,58,2,41231.2,2,44791.1,7,154491.3,7,168214.1
99,60,2,43257.1,3,61015.6,4,87291.9,4,96923.9
99,64,1,21628.5,2,40677.1,,,,
99,71,,,,,,,2,39659
99,82,3,60694.3,9.5,161589.7,4,76976,5,101051.6
99,83,2,40462.9,2,34018.9,2,38488,2,40420.7
99,87,4,71855.6,6,100921.4,6,112403.1,5,95044
99,90,6,106828.4,6,110215.9,5,96767.3,4,81066.7
99,92,5,89023.6,3,55107.9,3,58060.4,4,81066.7
99,93,4,71218.9,7,128585.2,7,135474.2,7,141866.8
99,94,1,17804.7,1,18369.3,1,19353.5,1,20266.7
99,98,1,20040.2,1,23339.8,1,20472.3,1,22906.1
99,100,5,103171.3,6,133944.9,5,116553.6,5,116466.6
99,101,2,41268.5,2,44648.3,2,46621.4,1,23293.3
99,103,8,165074,8.5,189755.2,9.5,221451.8,8.5,197993.2
99,104,6,123805.5,4,89296.6,,,2,46586.6
99,105,1,19301.4,,,,,,
99,107,4,77205.7,4,76616.5,4,71273.6,4,84037.1
99,109,1,19301.4,1,19154.1,,,,
99,114,4,74094.7,3,58598,2,42181.2,2,44516.1
99,115,1,19102,1,21250.2,1,24211,1,23166.1
99,122,2,41765.4,2,43046.9,2,44574.9,2,51615.1
99,123,19,396770.9,20,430468.6,24,534898.6,23,593573.8
99,127,36.5,740614.9,34.5,694251.5,35.5,838350.2,32.5,825885
100,5,,,2,41826.1,2,45817.6,1,21562.7
100,6,5,96628,6,125478.4,6,137452.8,6,129376.3
100,10,8,146734.4,7,133525.2,7,141953.7,7,154752.1
100,13,7,128392.6,7,133525.2,7,141953.7,7,154752.1
100,14,28,513570.4,30,572250.9,35,709768.6,27,596900.8
100,15,9,170756.4,9,180832.8,8,189164,7,185266.5
100,16,3,56918.8,4,80370.1,7,165518.5,7,185266.5
100,17,4,75891.7,4,80370.1,4,94582,4,105866.6
100,18,2,37945.9,2,40185.1,2,47291,2,52933.3
100,20,2,32548.4,2,35724.3,2,36498.9,2,39649.7
100,21,,,,,,,4,79299.5
100,23,2,32548.4,2,35724.3,1,18249.5,1,19824.9
100,24,2,32548.4,2,35724.3,2,36498.9,3,59474.6
100,26,4,65096.9,4,71448.7,4,72997.8,6,118949.2
100,27,2,32548.4,3,53586.5,3.5,63873.1,2,39649.7
100,29,1,16274.2,,,,,,
100,41,5,83441.5,4,73765.7,7,140203.2,5,107643.5
100,42,2,33376.6,2,36882.9,2,40058.1,2,43057.4
100,43,,,,,,,1,21528.7
100,45,,,,,1,15254.4,1,17222.8
100,49,,,,,9,137289.9,8,137782.7
100,52,2,42262.1,3,61561.5,3,62906.5,2,44355.3
100,53,4,84524.2,5,102602.6,8,167750.6,6,133065.9
100,57,5,103077.9,5,111977.6,8,176561.5,8,192244.7
100,58,7,144309.1,7,156768.7,2,44140.4,2,48061.2
100,60,8,173028.2,7.5,152539.1,6,130937.9,7,169616.7
100,61,1,21628.5,1,20338.5,1,21823,1,24231
100,67,2,36882.5,2,34991.1,2,41119.9,1,19756.3
100,68,5,92206.2,3,52486.6,3,61679.9,5,98781.5
100,69,12,221294.8,10,174955.4,10,205599.5,10,197562.9
100,72,1,16854.8,1,17827.5,1,20809.1,1,19829.5
100,76,2,35613.8,2,35655,3,62427.4,3,77412.7
100,80,2,40462.9,1,17009.4,1,19244,1,20210.3
100,81,1,20231.4,1,17009.4,1,19244,,
100,83,5,101157.2,6,102056.6,6,115464,6,121262
100,84,5,101157.2,4,68037.8,3,57732,4,80841.3
100,86,1,17963.9,2,33640.5,,,,
100,87,1,17963.9,2,33640.5,2,37467.7,2,38017.6
100,90,11,195852,11,202062.4,11,212888,11,222933.6
100,93,,,,,2,38706.9,2,40533.4
100,95,4,80161,4,93359.2,3,61416.8,3,68718.4
100,96,3,60120.7,3,70019.4,4,81889.1,4,91624.6
100,97,2,40080.5,2,46679.6,4,81889.1,4,91624.6
100,98,6,120241.5,6,140038.8,6,122833.6,6,137436.9
100,101,1,20634.3,1,22324.1,,,,
100,102,13,268245.3,20,446482.9,10,233107.2,14,326106.5
100,103,23,461584.1,28,522478.1,43,839811.4,45,904710.9
100,104,6,123805.5,14,312538,18,419593,17,395986.5
100,105,3,57904.3,2,38308.2,1,17818.4,1,21009.3
100,106,,,3.5,67039.4,5,89092,5,105046.3
100,107,9,173712.8,9.5,181964.2,9,160365.6,9,189083.4
100,108,2,38602.8,1,19154.1,,,,
100,111,6,111142,6,117196.1,5,105452.9,5,111290.2
100,117,4,76407.9,4,85000.6,3,72633.1,3,69498.3
100,121,7,146178.7,9,193710.9,10,222874.4,8,206460.4
100,122,2,41765.4,3,64570.3,3,66862.3,2,51615.1
100,123,16,334122.9,18,387421.8,17,378886.5,16,412920.9
100,124,1,20882.7,1,21523.4,1,22287.4,1,25807.6
100,127,15,316105.3,18,386281.7,22.5,498301.5,22.5,526212.2
101,0,5,95754.1,5,93218.6,5,110101.1,6,131269.9
101,3,2,38301.6,2,37287.4,,,,
101,4,4,76603.3,4,74574.9,4,88080.9,4,87513.3
101,6,3,57976.8,2,41826.1,2,45817.6,4,86250.9
101,15,5,94864.7,5,100462.7,5,118227.5,5,132333.2
101,21,4,65096.9,4,71448.7,4,72997.8,4,79299.5
101,23,1,16274.2,1,17862.2,1,18249.5,,
101,25,1,16274.2,1,17862.2,1,18249.5,1,19824.9
101,27,2,32548.4,2,35724.3,2,36498.9,1,19824.9
101,30,8,140696.6,7,128198.3,7,149012.3,6,132652
101,34,8,140696.6,8,146512.4,8,170299.8,7,154760.7
101,42,3,50064.9,1,18441.4,,,,
101,45,5,75585.5,5,79889.9,1,15254.4,1,17222.8
101,46,1,15117.1,1,15978,1,15254.4,1,17222.8
101,49,1,15117.1,1,15978,1,15254.4,1,17222.8
101,58,21,432927.2,23,515097.1,22,485544.1,22,528672.8
101,59,3,61846.7,3,67186.6,3,66210.6,2,48061.2
101,60,17,367684.9,17,345755.2,16,349167.6,18.5,448272.8
101,62,1,21628.5,1,20338.5,1,21823,1,24231
101,63,,,,,2,43646,2,48461.9
101,64,,,,,,,1,24231
101,66,3,55323.7,3,52486.6,3,61679.9,3,59268.9
101,67,1,18441.2,2,34991.1,2,41119.9,2,39512.6
101,69,2,36882.5,2,34991.1,2,41119.9,2,39512.6
101,76,2,35613.8,2,35655,4,83236.5,4,103216.9
101,77,6,106841.3,6,106964.9,6,124854.7,6,154825.4
101,81,1,20231.4,1,17009.4,1,19244,1,20210.3
101,84,2,40462.9,4,68037.8,4,76976,5,101051.6
101,86,1,17963.9,,,,,,
101,87,,,1,16820.2,1,18733.8,1,19008.8
101,88,1,17963.9,3,50460.7,1,18733.8,1,19008.8
101,93,1,17804.7,1,18369.3,,,,
101,94,1,17804.7,1,18369.3,3,58060.4,1,20266.7
101,97,4,80161,4,93359.2,4,81889.1,4,91624.6
101,98,2,40080.5,2,46679.6,1,20472.3,1,22906.1
101,101,4,82537,4,89296.6,4,93242.9,4,93173.3
101,102,31,588387.2,28,625076.1,30,699321.6,32,745386.3
101,103,34,617144.3,36,618558.5,27,566592.4,36,832198.2
101,104,16,330148,11,245565.6,5,116553.6,7,163053.2
101,111,,,1,19532.7,,,,
101,113,2,37047.3,1,19532.7,4,84362.4,4,89032.2
101,115,3,57305.9,2,42500.3,2,48422.1,,
101,120,1,20882.7,1,21523.4,1,22287.4,1,25807.6
101,121,2,41765.4,5,107617.2,6,133724.6,6,154845.3
101,124,1,20882.7,1,21523.4,,,2,51615.1
102,0,1,16916.7,1,16248.2,,,,
102,3,,,,,2,43857.3,2,45297.9
102,4,5,84583.4,8,129985.8,8,175429,6,135893.6
102,9,1,16916.7,,,,,,
102,16,1,17308.3,1,17310.3,,,,
102,20,1,16716,1,18175.9,1,21057.6,1,23622.8
102,21,2,33432.1,2,36351.9,2,42115.2,2,47245.7
102,29,4,66864.2,4,72703.8,4,84230.3,3,61217.7
102,31,1,20969.7,1,22320.6,1,23787.6,1,25695.9
102,32,3,62909,3,66961.9,3,71362.7,3,77087.6
102,34,4,83878.7,4,89282.5,5,118937.8,5,128479.3
102,35,4,66286.1,4,77367.5,4,88866.8,4,79684.3
102,36,2,33143,2,38683.7,2,44433.4,2,39842.1
102,38,3,49714.6,3,58025.6,5,111083.5,5,99605.3
102,44,1,19052.5,1,18572,1,17602.8,1,20286
102,46,3,68411.8,3,69329.9,,,,
102,47,4,91215.7,4,92439.9,5.5,130387.7,5.5,139529.5
102,48,,,,,2,47413.7,2,50738
102,55,1,20841.5,1,21884.1,1,22197.7,,
102,56,6,125049,4,87536.5,3,66593,5,115946.1
102,57,4,83366,4,87536.5,4,88790.7,4,92756.9
102,58,26,541878.9,23,503335,23,510546.5,25.5,591325
102,59,40,891921.3,39,829746.5,41,1022589.9,40,1010872.4
102,60,20,447427.3,19,466092.9,19,464342,19,491880.5
102,61,26,581655.5,26,637811.3,25,610976.3,26,673099.6
102,62,21.5,480984.4,21.5,527420.9,21,513220.1,22,569545.8
102,63,2,44742.7,2,49062.4,,,,
102,65,10,201633.5,9,173622.5,10,207359.1,7,155951.1
102,66,13,262123.5,15,289370.8,13,269566.9,9.5,211647.9
102,69,5,100816.7,5,96456.9,5,103679.6,5,111393.6
102,71,1,22283.9,6,126532.3,3,76933,2,45673.3
102,72,4,89135.6,4,84354.8,4,102577.3,3,68510
102,73,5,111419.5,4,84354.8,4,102577.3,4,91346.7
102,76,5,87126.5,10,177973.4,9,157434.3,7,143649.5
102,77,2,34850.6,,,,,,
102,88,,,,,2,42783.2,2,51095.3
102,91,4,78517.4,4,80872.6,3,62169.9,3,63485.1
102,92,1,19629.3,1,20218.2,1,20723.3,1,21161.7
102,93,1,19629.3,1,20218.2,,,,
102,95,,,,,3,63911.6,3,71787.6
102,96,2,34498.3,,,,,,
102,97,8.5,146617.9,2,40133.8,2,42607.7,5,119646
102,98,1,17249.2,1,20066.9,1,21303.9,1,23929.2
102,100,1,17725,1,17475.9,1,18337.9,2,43931.4
102,103,18,319049.4,18,314565.7,16,293406.1,15,329485.2
102,104,3,53174.9,4,69903.5,10,183378.8,10,219656.8
102,105,1,20285.3,,,1,21884.2,1,26462.6
102,106,3,60855.9,3,61758,3,65652.6,3,79387.8
102,107,6,121711.8,5,102930,5,109421.1,5,132313
102,109,4,81141.2,4,82344,4,87536.8,4,105850.4
102,111,2,39821.1,2,41128,2,42944.1,2,43282.8
102,112,18,358389.9,20,411280,17,365024.6,18,389545
102,117,2,48878.3,2,45293.9,2,46631.6,2,53216
102,119,2,48878.3,2,45293.9,2,46631.6,2,53216
102,121,3,71796,5,119308.2,10,226060.3,10,228393.8
102,125,20.5,439294,17,354409.5,22,478049.8,18,417521
102,126,1,21429,1,20847.6,1,21729.5,,
102,127,7,150002.8,7,145933.3,5,108647.7,5,115978.1
103,7,1,16916.7,1,17310.5,1,21928.6,1,22648.9
103,20,5,83580.2,3,54527.8,4,84230.3,5,118114.1
103,29,,,,,2,42115.2,2,40811.8
103,31,4,83878.7,4,89282.5,3,71362.7,2,51391.7
103,32,3,62909,3,66961.9,2,47575.1,2,51391.7
103,34,1,20969.7,1,22320.6,,,,
103,45,2,45607.8,1,23110,1,23706.9,,
103,46,4,91215.7,4,92439.9,4,94827.4,4,101476
103,49,3,68411.8,3,69329.9,3,71120.6,3,76107
103,50,7,134604.9,7,123811.9,8,166352,6,127256.2
103,52,1,19229.3,1,17687.4,,,,
103,54,1,19229.3,1,17687.4,1,20794,1,21209.4
103,55,10,208415,10,218841.3,13,288569.8,15,347838.2
103,56,20,416829.9,18,393914.3,19,421755.8,20,463784.3
103,57,14,291781,12,262609.6,11,244174.4,11,255081.4
103,58,17,354305.4,22,481450.9,20,443953.5,24,556541.2
103,59,74,1506639.5,74.5,1485828.6,79,1466334.9,72.5,1506952.3
103,60,69,1191834.2,72,1293370.6,61.5,1339096.3,61,1335148.8
103,61,47,805375.3,51.5,926180.1,52.5,1040856.6,45.5,908569.8
103,62,17.5,391498.9,15,367968.1,14,342146.7,13,336549.8
103,64,2,44742.7,2,49062.4,2,48878.1,2,51776.9
103,65,8,161306.8,8,154331.1,8,165887.3,7,155951.1
103,68,,,,,2,41471.8,3,66836.2
103,69,6,120980.1,6,115748.3,5,103679.6,5,111393.6
103,70,,,2,42177.4,,,,
103,71,2,44567.8,7,147621,6,153866,7,159856.7
103,75,3,52275.9,3,53392,3,52478.1,2,41042.7
103,95,9,155242.4,8,160535.1,6,127823.2,6,143575.2
103,96,2,34498.3,3,60200.6,1,21303.9,3,71787.6
103,107,2,40570.6,2,41172,,,,
103,109,3,60855.9,3,61758,3,65652.6,3,79387.8
103,112,3,59731.7,6,123384,6,128832.2,5,108207
103,113,11,219016.1,9,185076,7,150304.2,13,281338.1
103,117,6,146635,5,113234.9,4,93263.3,4,106432.1
103,121,5,119660,6,143169.8,2,45212.1,5,114196.9
103,122,,,1.5,35792.4,1.5,33909,6,137036.3
103,125,2,42858,2,41695.2,2,43459.1,2,46391.2
103,126,13,278576.7,14,291866.6,12,260754.4,15,347934.2
104,1,1,16916.7,1,16248.2,,,,
104,4,1,16916.7,1,16248.2,1,21928.6,,
104,5,1,16916.7,1,17310.5,1,21928.6,1,22648.9
104,6,1,16916.7,1,17310.5,,,,
104,7,1,16916.7,1,17310.5,1,21928.6,1,22648.9
104,9,1,16916.7,1,17310.5,1,21928.6,1,22648.9
104,10,4,69233.1,3,51930.8,,,2,46354.4
104,11,,,,,,,3,69531.5
104,25,2,33432.1,2,36351.9,2,42115.2,2,40811.8
104,26,1,16716,1,18175.9,1,21057.6,1,20405.9
104,30,7,146787.7,7,156244.4,6,142725.4,6,154175.1
104,32,,,,,1,23787.6,1,25695.9
104,34,3,62909,2,44641.2,1,23787.6,2,51391.7
104,40,7,133367.7,7,130004.2,4,70411,4,81143.9
104,42,1,19052.5,1,18572,1,17602.8,1,20286
104,43,4,76210.1,2,37144.1,2,35205.5,2,40572
104,44,2,38105.1,2,37144.1,2,35205.5,2,40572
104,46,,,2,46219.9,,,,
104,47,3,68411.8,3,69329.9,2,47413.7,2,50738
104,48,5,114019.6,11,254209.7,11,260775.4,11,279059.1
104,49,3,68411.8,3,69329.9,3,71120.6,3,76107
104,52,,,2,35374.8,,,,
104,55,9,187573.5,4,87536.5,2,44395.4,2,46378.4
104,56,12,250098,10,218841.3,10,221976.8,10,231892.2
104,57,59,1108800.8,62,1240987,68,1392187.9,61,1367100.1
104,58,88.5,1842501.3,88,1830226.8,86.5,1932375.7,86,1876530.1
104,59,54,953954.3,58,1080174.4,53.5,1014014.3,56.5,1093635.5
104,60,92.5,1573017,95,1684713.3,90.5,1613936,93,1656458.1
104,61,21,469798.7,14,343436.8,34,714893.2,25,526274.9
104,63,2,44742.7,2,49062.4,,,,
104,65,22,443593.7,20,385827.8,34,746681.3,36,834199.3
104,66,6,120980.1,6,115748.3,6,124415.5,6,133672.3
104,70,,,,,4,102577.3,3,68510
104,74,6,133703.4,6,126532.3,4,102577.3,5,114183.4
104,81,4,69602.4,4,71751.2,4,85566.3,4,102190.7
104,88,4,69602.4,4,71751.2,3,64174.7,2,51095.3
104,95,1,17249.2,1,20066.9,1,21303.9,1,23929.2
104,96,,,5,100334.4,5,106519.4,2.5,59823
104,100,,,,,,,2,43931.4
104,102,,,,,1,18337.9,1,21965.7
104,103,7,124074.8,,,,,,
104,104,1,17725,1,17475.9,1,18337.9,1,21965.7
104,105,3,60855.9,4,82344,4,87536.8,5,132313
104,108,1,20285.3,1,20586,1,21884.2,1,26462.6
104,109,5,101426.5,5,102930,4,87536.8,4,105850.4
104,113,1,19910.6,3,61692,4,85888.1,4,86565.6
104,114,6,119463.3,5,102820,4,85888.1,4,86565.6
104,120,4,95728,2,47723.3,,,,
104,121,2,47864,2,47723.3,2,45212.1,1,22839.4
104,122,2,47864,2,47723.3,7,158242.2,7,159875.6
104,123,5,119660,5,119308.2,,,,
104,125,6,128573.9,6,125085.7,5,108647.7,5,115978.1
104,126,15,321434.6,15,312714.2,15,325943,14,324738.6
104,127,6,128573.9,6,125085.7,6,130377.2,7,162369.3
105,9,4,67666.7,4,69242.1,4,87714.5,4,90595.7
105,11,4,69233.1,4,69241.1,1,21848.8,1,23177.2
105,13,1,17308.3,1,17310.3,1,21848.8,1,23177.2
105,14,2,34616.5,1,17310.3,1,21848.8,,
105,18,1,17308.3,1,17310.3,1,21848.8,5,115885.9
105,22,5,83580.2,5,90879.7,6,126345.5,6,141737
105,24,3,50148.1,3,54527.8,3,63172.8,,
105,28,2,33432.1,2,36351.9,2,42115.2,2,40811.8
105,37,5,82857.6,5,96709.3,5,111083.5,5,99605.3
105,42,1,19052.5,1,18572,1,17602.8,1,20286
105,47,4,91215.7,4,92439.9,4,94827.4,4,101476
105,50,11,211521.9,11,194561.5,11,228734,12,254512.4
105,51,2,38458.5,2,35374.8,2,41588,2,42418.7
105,52,,,,,2,41588,3,63628.1
105,55,2,41683,2,43768.3,2,44395.4,2,46378.4
105,57,44,968774.2,48,1144407.9,57,1260674.7,60,1445006.9
105,58,55,997605.3,53,1016115.2,60,1194496.1,61,1251040.8
105,59,88,1604154.6,77,1746607.7,73,1637183.2,86.5,1954322.9
105,60,34,688042.6,30,600132,38,706661.1,33.5,660145.1
105,61,7,156599.6,6,147187.2,7,171073.4,6,155330.7
105,62,4,89485.5,7,171718.4,2,48878.1,2,51776.9
105,63,,,,,2,48878.1,2,51776.9
105,64,21.5,480984.4,19,466092.9,14,342146.7,14,362438.3
105,65,13,262123.5,14,270079.4,18,373246.5,17,378738.3
105,66,13,262123.5,12,231496.7,11,228095.1,11,245066
105,67,1,20163.3,1,19291.4,1,20735.9,1,22278.7
105,68,1,20163.3,5,96456.9,8,165887.3,13.5,300762.8
105,69,1,20163.3,1,19291.4,1,20735.9,1,22278.7
105,74,9,200555.1,8,168709.7,6,153866,5,114183.4
105,75,18,313655.5,16,284757.4,15,262390.5,11,225734.9
105,77,1,17425.3,1,17797.3,1,17492.7,1,20521.4
105,78,4,69701.2,3,53392,3,52478.1,2,41042.7
105,80,2,34801.2,2,35875.6,3,64174.7,3,76643
105,82,2,34801.2,2,35875.6,3,64174.7,1,25547.7
105,83,1,17400.6,1,17937.8,1,21391.6,1,25547.7
105,92,9,176664.1,10,202181.6,10,207232.9,4,84646.8
105,93,2,39258.7,2,40436.3,2,41446.6,2,42323.4
105,94,9,176664.1,4,80872.6,5,103616.5,5,105808.5
105,95,1,17249.2,1,20066.9,,,,
105,99,3,51747.5,3,60200.6,2,42607.7,2,47858.4
105,103,,,9,157282.8,10,183378.8,3,65897
105,107,3,60855.9,3,61758,3,65652.6,5,132313
105,109,4,81141.2,4,82344,4,87536.8,3,79387.8
105,110,3,59731.7,1,20564,1,21472,5,108207
105,114,4,79642.2,3,61692,1,21472,1,21641.4
105,115,3,73317.5,2,45293.9,2,46631.6,2,53216
105,116,4,97756.6,4,90587.9,4,93263.3,4,106432.1
105,119,4,97756.6,4,90587.9,,,,
105,120,10,239320,10,238616.3,26,734361.2,12,274072.5
105,121,18,430776,18,429509.4,5,113030.1,20,456787.5
105,122,14,335048,14,334062.9,14,316484.4,13,296911.9
105,127,3,64286.9,3,62542.8,3,65188.6,2,46391.2
106,2,7,118416.8,6,97489.3,8,175429,6,135893.6
106,3,1,16916.7,1,16248.2,,,4,90595.7
106,8,3,50750,2,34621.1,,,,
106,9,,,,,2,43857.3,2,45297.9
106,10,3,51924.8,3,51930.8,3,65546.4,4,92708.7
106,14,,,,,,,1,23177.2
106,15,7,121157.9,7,121171.9,9,196639.2,10,231771.8
106,16,1,17308.3,1,17310.3,1,21848.8,1,23177.2
106,25,2,33432.1,2,36351.9,,,,
106,26,,,,,2,42115.2,3,61217.7
106,27,5,83580.2,,,,,3,61217.7
106,28,2,33432.1,3,54527.8,3,63172.8,3,61217.7
106,29,4,66864.2,4,72703.8,4,84230.3,4,81623.6
106,30,5.5,115333.2,6,133923.7,4,95150.3,6,154175.1
106,32,2,41939.3,2,44641.2,,,,
106,33,3,62909,1.5,33480.9,2.5,59468.9,2.5,64239.6
106,34,4,83878.7,4,89282.5,3,71362.7,3,77087.6
106,36,2,33143,2,38683.7,2,44433.4,2,39842.1
106,37,,,,,2,44433.4,2,39842.1
106,38,2,33143,2,38683.7,,,,
106,45,3,68411.8,3,69329.9,3,71120.6,3,76107
106,47,11,250843.1,11,254209.7,11,260775.4,9,228321.1
106,48,,,2,46219.9,,,,
106,49,,,,,1,23706.9,3,76107
106,50,4,76917.1,6,106124.4,4,83176,4,84837.5
106,51,,,,,2,41588,2,42418.7
106,52,3,57687.8,3,53062.2,4,83176,2,42418.7
106,55,1,20841.5,1,21884.1,3,66593,3,69567.6
106,57,16,333463.9,15,328262,5,110988.4,5,115946.1
106,58,20,375855.8,17,372030.2,16,355162.8,15,347838.2
106,59,102,1714714.4,90,1570595.7,85.5,1494260.3,77,1498531.4
106,60,73,1286614.3,71,1297842.9,66.5,1201214.4,60.5,1144949.6
106,61,,,1,24531.2,1,24439.1,1,25888.4
106,62,2,44742.7,2,49062.4,2,48878.1,4,103553.8
106,64,12,268456.4,12,294374.4,10,244390.5,9,232996
106,65,5,100816.7,10,192913.9,14,290302.8,17,378738.3
106,66,15,302450.2,15,289370.8,15,311038.7,15,334180.9
106,68,6,120980.1,6,115748.3,4,82943.7,4,89114.9
106,69,9,181470.1,9,173622.5,9,186623.2,9,200508.5
106,72,2,44567.8,3,63266.1,3,76933,4,91346.7
106,73,,,,,,,2,45673.3
106,74,4,89135.6,4,84354.8,4,102577.3,5,114183.4
106,77,,,3,53392,2,34985.4,3,61564.1
106,79,2,34850.6,3,53392,3,52478.1,3,61564.1
106,80,1,17400.6,1,17937.8,,,,
106,83,5,87003,4,71751.2,2,42783.2,6,153286
106,88,1,17400.6,,,,,,
106,89,9,156605.5,10,179377.9,8,171132.7,9,229929
106,90,23,451474.9,20.5,414472.2,14,290126.1,17,359748.7
106,92,14,274810.8,13,262836,11,227956.2,9.5,201036.1
106,93,13,255181.4,18,363926.8,28,580252.2,29,613689
106,94,5,98146.7,5,101090.8,5,103616.5,5,105808.5
106,96,4,68996.6,4,80267.5,2,42607.7,2,47858.4
106,99,2,34498.3,4,80267.5,4,85215.5,4,95716.8
106,101,2,35449.9,2,34951.7,2,36675.8,2,43931.4
106,102,1,17725,1,17475.9,1,18337.9,1,21965.7
106,110,2,39821.1,2,41128,2,42944.1,2,43282.8
106,112,4,79642.2,4,82256,3,64416.1,2,43282.8
106,116,7,171074.1,8,181175.8,8,186526.6,8,212864.2
106,117,1,24439.2,1,22647,1,23315.8,2,53216
106,119,14,342148.2,15,339704.6,19,443000.6,20,532160.4
106,120,85,1723176.4,81,1690292.3,89,1941307,80,1718956.6
106,121,46,909220.9,40,780510.3,43,898226.5,42,919299.4
106,122,1.5,35898,1.5,35792.4,,,,
107,1,6,101500.1,6,103863.2,6,131571.8,6,135893.6
107,2,5,84583.4,4,69242.1,4,87714.5,4,90595.7
107,7,,,,,1,21928.6,1,22648.9
107,10,2,34616.5,2,34620.5,2,43697.6,2,35648.2
107,13,,,,,,,4,71296.5
107,14,4,69233.1,4,69241.1,2,43697.6,2,35648.2
107,18,5,86541.3,5,86551.3,5,109244,4,92708.7
107,28,6,110941.7,5,92586.6,4,75412.1,4,83002.1
107,33,15,248572.8,13.5,261115.2,15,333250.5,9,179289.6
107,34,4,66286.1,4,77367.5,4,88866.8,5,99605.3
107,36,4,81283.4,4,84730.5,3,59599,3,72209.6
107,37,8,162566.8,8,169461,6,119198,6,144419.3
107,38,5,101604.3,5,105913.1,6,119198,8,192559
107,39,3,60962.6,1,21182.6,2,39732.7,1,24069.9
107,41,2,38105.1,2,37144.1,2,35205.5,2,40572
107,43,2,38105.1,2,37144.1,2,35205.5,2,40572
107,44,4,76210.1,2,37144.1,4,70411,2,40572
107,45,5,104186.3,,,5,119993.4,5,115761.9
107,46,4,83349,9,212123.9,4,95994.7,3,69457.1
107,49,7,145860.8,4,94277.3,3,71996,3,69457.1
107,53,2,38458.5,2,35374.8,2,41588,2,42418.7
107,56,2,38199.9,2,41643.2,3,64336.8,3,70083.8
107,58,42,735143.9,41,731927.7,40,706416.5,36,746002.7
107,59,38,836694.5,36,819562.3,34.5,735654.8,31,710142.2
107,60,13,268209.5,14,261539.8,13,272317.2,11,250020.7
107,61,4,82526,4,74725.7,4,83789.9,3,68187.5
107,65,12,261523,10,216706.7,13,303156,13.5,347825
107,69,4,87174.3,4,86682.7,4,93278.8,4,103059.2
107,77,1,21517.8,1,18062.5,,,1,22677.2
107,89,,,,,1,17926.2,1,20488.5
107,91,5,101596.6,5,100207,9,172629.6,9,182550.4
107,92,10,203193.1,10,200413.9,8,153448.6,6,121700.2
107,93,12,243831.8,12,240496.7,10,191810.7,5,101416.9
107,96,,,2,50008.8,4,91670.1,4,95093.2
107,99,2,42601.2,2,50008.8,3,68752.6,4,95093.2
107,101,3,65207.1,3,60299.6,3,71379.3,3,70023
107,103,4,86942.8,4,80399.4,3,71379.3,3,70023
107,109,3,57174.5,6,116760.5,7,144287.5,7,169838.9
107,113,4,89453.8,5,113769.5,3,69947.5,3,76846.8
107,115,3,67090.4,2,45507.8,3,65433.6,3,76846.8
107,116,3,67090.4,3,68261.7,3,65433.6,2,51231.2
107,120,1,20842.9,1,21502,1,23406.4,1,23590.9
107,121,17,354329.1,22,473044.1,19,444721.6,18,424636
108,11,2,34616.5,,,2,43697.6,2,35648.2
108,12,3,51924.8,2,34620.5,2,43697.6,2,35648.2
108,13,,,,,2,43697.6,2,35648.2
108,21,4,66864.2,4,72703.8,4,84230.3,4,94491.3
108,25,3,55470.8,,,,,,
108,26,6,110941.7,6,111104,5,94265.1,5,103752.7
108,28,2,36980.6,2,37034.7,3,56559.1,3,62251.6
108,29,3,55470.8,3,55552,3,56559.1,2,41501.1
108,38,1,20320.9,1,21182.6,1,19866.3,1,24069.9
108,41,2,38105.1,2,37144.1,2,35205.5,2,40572
108,42,2,38105.1,2,37144.1,2,35205.5,2,40572
108,43,,,1,18572,,,,
108,45,,,,,3,71996,3,69457.1
108,48,2,41674.5,2,47138.6,2,47997.4,4,92609.5
108,52,7,134604.9,7,123811.9,7,145558,7,148465.6
108,53,4,76917.1,4,70749.6,4,83176,4,84837.5
108,58,3,57299.8,8,166572.8,8,171564.9,7,163528.8
108,59,30,525275.9,30,543086.3,27,481139.4,25,524654.1
108,60,5,103157.5,5,93407.1,6,125684.9,6,136374.9
108,61,27,557050.4,26,527113.4,24,552592.5,21,477312.3
108,63,4,82526,4,74725.7,4,83789.9,4,90916.6
108,64,7,144420.5,8,149451.3,6,125684.9,5,113645.8
108,65,8,174348.6,8,173365.3,8,186557.5,7,180353.7
108,66,2,43587.2,2,43341.3,2,46639.4,2,51529.6
108,67,2,43587.2,2,43341.3,2,46639.4,2,51529.6
108,68,5,108967.9,3,65012,3,69959.1,2,51529.6
108,69,1,21793.6,1,21670.7,,,1,25764.8
108,72,5,111419.5,5,90312.5,5,96409.8,5,114183.4
108,73,1,22283.9,1,18062.5,1,19282,1,22836.7
108,81,3,52201.8,5,89689,,,1,25547.7
108,82,2,34801.2,2,35875.6,2,42783.2,2,51095.3
108,88,1,17896.3,1,19789.2,,,,
108,91,4,81277.3,4,80165.6,,,,
108,92,2,40638.6,2,40082.8,2,38362.1,2,40566.7
108,95,7,149104.1,9,225039.7,9,206257.7,10,237733
108,97,2,42601.2,2,50008.8,2,45835,2,47546.6
108,99,2,42601.2,,,,,1,23773.3
108,106,,,,,,,1,24262.7
108,107,6,114349,6,116760.5,7,144287.5,9,218364.3
108,109,23,438337.9,22,428121.8,22,453474.9,23,558042.2
108,110,2,44726.9,6,136523.4,7,163210.7,8,204924.8
108,113,3,67090.4,3,68261.7,5,116579.1,,
108,115,1,22363.5,3,68261.7,3,65433.6,3,76846.8
108,116,2,44726.9,2,45507.8,2,43622.4,2,51231.2
108,119,4,89453.8,3,68261.7,4,87244.8,4,102462.4
108,120,5,104214.5,5,107510,4,93625.6,5,117954.4
108,127,2,41685.8,6,129012,2,46812.8,2,47181.8
109,2,10,169166.8,10,173105.3,8.5,186393.3,8,181191.4
109,5,1,16916.7,1,17310.5,1,21928.6,,
109,8,1,16916.7,1,17310.5,1,21928.6,1,22648.9
109,11,3,51924.8,3,51930.8,,,,
109,15,4,69233.1,4,69241.1,4,87395.2,4,92708.7
109,27,,,,,3,56559.1,2,41501.1
109,28,11,203393,12,222207.9,14,263942.4,17,352759.1
109,31,6,99429.1,4,77367.5,3,66650.1,1,19921.1
109,32,3,49714.6,3,58025.6,3,66650.1,3,59763.2
109,41,2,38105.1,2,37144.1,2,35205.5,2,40572
109,45,5,104186.3,7,164985.2,6,143992.1,6,138914.2
109,49,6,125023.5,7,164985.2,7,167990.8,8,185219
109,54,2,38458.5,2,35374.8,2,41588,2,42418.7
109,58,18,343799,18,374788.7,18.5,396743.8,18.5,432183.2
109,60,11,226946.5,11,205495.6,11,230422.3,10,227291.5
109,61,19,391998.4,17,317584.1,16,335159.6,15,340937.3
109,62,3,61894.5,3,56044.2,,,1,22729.2
109,67,2,43587.2,2,43341.3,2,46639.4,2,51529.6
109,68,6,130761.5,5,108353.3,4,93278.8,4,103059.2
109,74,,,1,18062.5,1,19282,1,22836.7
109,75,8,172142.7,8,144500,6,115691.7,5,113386.2
109,79,11,236696.2,7,126437.5,3,57845.9,5,113386.2
109,85,1,17896.3,2,39578.4,2,35852.3,2,40976.9
109,87,1,17896.3,2,39578.4,4,71704.6,6,122930.7
109,88,2,35792.7,2,39578.4,1,17926.2,,
109,95,2,42601.2,2,50008.8,2,45835,,
109,98,2,42601.2,2,50008.8,2,45835,2,47546.6
109,99,4,85202.3,4,100017.6,4,91670.1,3,71319.9
109,102,,,,,4,95172.4,4,93364.1
109,104,3,65207.1,3,60299.6,1,23793.1,1,23341
109,105,,,6,116760.5,7,144287.5,5,121313.5
109,111,4,89453.8,4,91015.6,4,93263.3,3,76846.8
109,115,2,44726.9,3,68261.7,3,65433.6,3,76846.8
109,119,1,22363.5,1,22753.9,3,65433.6,1,25615.6
109,120,7,145900.2,5,107510,5,117032,14,330272.5
109,121,4,83371.6,3,64506,3,70219.2,3,70772.7
109,127,5,104214.5,4,86008,4,93625.6,4,94363.6
110,5,,,,,,,2,45297.9
110,7,5,84583.4,7,121173.7,7,153500.4,8,181191.4
110,12,2,34616.5,1,17310.3,1,21848.8,1,17824.1
110,13,3,51924.8,3,51930.8,3,65546.4,3,53472.4
110,15,5,86541.3,4,69241.1,4,87395.2,4,92708.7
110,20,,,,,,,1,23622.8
110,23,2,33432.1,2,36351.9,2,42115.2,2,47245.7
110,24,1,16716,1,18175.9,1,21057.6,1,23622.8
110,26,2,36980.6,2,37034.7,2,37706.1,2,41501.1
110,27,28,488880,21,388863.8,15,282795.4,20.5,376553.3
110,28,5,92451.4,8,148138.6,8,150824.2,8,166004.3
110,29,3,55470.8,4,74069.3,5,94265.1,5,103752.7
110,31,4,66286.1,1,19341.9,1,22216.7,1,19921.1
110,35,7,142246,7,148278.4,6,119198,6,144419.3
110,48,5.5,114604.9,3,70708,4,95994.7,7,162066.6
110,53,,,,,2,41588,2,42418.7
110,57,2,38199.9,2,41643.2,2,42891.2,2,46722.5
110,58,12,229199.3,12,249859.2,12,257347.3,11,256973.8
110,61,11,226946.5,11,205495.6,6,125684.9,12,272749.9
110,62,2,41263,2,37362.8,2,41895,2,45458.3
110,63,1,20631.5,1,18681.4,1,20947.5,1,22729.2
110,65,3,65380.7,2,43341.3,2,46639.4,2,51529.6
110,66,4,87174.3,4,86682.7,5,116598.4,3,77294.4
110,74,3,66851.7,3,54187.5,2,38563.9,2,45673.3
110,76,3,64553.5,3,54187.5,3,57845.9,1,22677.2
110,77,2,43035.7,2,36125,2,38563.9,3,68031.7
110,78,1,21517.8,1,18062.5,5,96409.8,3,68031.7
110,79,2,43035.7,2,36125,2,38563.9,2,45354.5
110,85,2,35792.7,2,39578.4,2,35852.3,2,40976.9
110,87,6,107378,6,118735.1,6.5,116520,7,143419.2
110,88,1,17896.3,,,1,17926.2,,
110,91,6,121915.9,6,120248.4,6,115086.4,6,121700.2
110,92,,,,,,,1,20283.4
110,98,2,42601.2,2,50008.8,2,45835,1,23773.3
110,99,1,21300.6,1,25004.4,1,22917.5,1,23773.3
110,100,5,108678.5,5,100499.3,4,95172.4,4,93364.1
110,101,4,86942.8,4,80399.4,,,,
110,102,4,86942.8,7,140699,5,118965.5,5,116705.1
110,105,2,38116.3,2,38920.2,1,20612.5,6,145576.2
110,115,8,178907.7,6,136523.4,8,174489.7,8,204924.8
110,116,,,,,2,43622.4,,
110,119,1,22363.5,1,22753.9,1,21811.2,1,25615.6
110,120,2,41685.8,2,43004,2,46812.8,2,47181.8
110,121,1,20842.9,2,43004,2,46812.8,4,94363.6
110,127,3,62528.7,4,86008,4,93625.6,6,141545.3
111,2,2,33833.4,6,103863.2,6,131571.8,1,22648.9
111,3,5,84583.4,5,86552.7,6,131571.8,10,226489.3
111,10,5,86541.3,3,51930.8,2,43697.6,5,89120.6
111,15,4,69233.1,4,69241.1,6,131092.8,6,139063.1
111,20,,,,,,,1,23622.8
111,21,7,117012.3,7,127231.6,7,147403.1,3,70868.5
111,22,3,50148.1,3,54527.8,3,63172.8,3,70868.5
111,23,2,33432.1,3,54527.8,3,63172.8,4,94491.3
111,25,3,55470.8,1,18517.3,1,18853,1,20750.5
111,27,6,110941.7,6,111104,10,188530.3,10,207505.3
111,29,,,,,,,2,41501.1
111,31,2,33143,1,19341.9,3,66650.1,3,59763.2
111,35,5,101604.3,5,105913.1,8,158930.6,8,192559
111,36,1,20320.9,1,21182.6,,,,
111,38,1,20320.9,2,42365.3,3,59599,3,72209.6
111,52,1,19229.3,1,17687.4,1,20794,1,21209.4
111,53,2,38458.5,6,106124.4,4,83176,4,84837.5
111,56,9,171899.5,9,187394.4,7,150119.3,6,140167.5
111,61,4,82526,5,93407.1,5,104737.4,5,113645.8
111,63,2.5,51578.7,4.5,84066.4,4,83789.9,4,90916.6
111,64,3,61894.5,1.5,28022.1,1.5,31421.2,1.5,34093.7
111,65,5,108967.9,9,195036,8,186557.5,7,180353.7
111,68,2,43587.2,2,43341.3,1,23319.7,1,25764.8
111,78,2,43035.7,2,36125,5,96409.8,5,113386.2
111,79,5,107589.2,5,90312.5,5,96409.8,4,90709
111,83,2,34801.2,1,17937.8,1,21391.6,1,25547.7
111,87,3,53689,3,59367.6,2,35852.3,1,20488.5
111,88,7,125274.4,5,98945.9,8,143409.3,8,163907.7
111,90,5,101596.6,11,220455.3,11,210991.8,13,263683.9
111,94,4,81277.3,4,80165.6,3,57543.2,3,60850.1
111,97,4,85202.3,1,25004.4,1,22917.5,4,95093.2
111,99,2,42601.2,2,50008.8,2,45835,2,47546.6
111,102,1,21735.7,1,20099.9,2,47586.2,1,23341
111,104,6,130414.2,5,100499.3,5,118965.5,6,140046.1
111,108,1,19058.2,1,19460.1,1,20612.5,1,24262.7
111,109,4,76232.7,4,77840.3,4,82450,4,97050.8
111,111,,,,,,,2,51231.2
111,112,5,111817.3,5,113769.5,6,139894.9,5,128078
111,118,11,245998,11,250292.9,9,196300.9,9,230540.4
111,120,2,41685.8,2,43004,,,,
111,127,2,41685.8,2,43004,,,2,47181.8
112,2,4,94574.4,2,50665.8,2,51898.6,5,139240.4
112,3,2,47287.2,2,50665.8,2,51898.6,2,55696.2
112,4,3,70930.8,3,75998.7,3,77847.9,3,83544.2
112,8,4,74623.4,4,75200.1,4,77312.9,4,85704.2
112,9,2,37311.7,2,37600.1,2,38656.5,2,42852.1
112,10,2,38109.3,2,44871.7,2,40226.5,2,48397.6
112,13,4,76218.6,4,89743.4,3,60339.8,3,72596.4
112,20,4,72047.2,4,75751.3,3,63181.8,3,67268.9
112,21,2,36023.6,2,37875.6,2,42121.2,2,44846
112,26,1,18011.8,,,1,21060.6,1,22423
112,27,4,72047.2,7,132564.7,7,147424.3,8,179383.8
112,31,2,32815.8,2,34092.5,,,,
112,45,6,105019,6,103407.2,9,177767.3,10,217238.2
112,49,3,52509.5,3,51703.6,3,59255.8,1,21723.8
112,51,2,35548.7,2,38657.7,1,22129.7,1,23248.8
112,52,6,106646,6,115973.2,,,,
112,53,2,35548.7,2,38657.7,2,44259.3,1,23248.8
112,62,2,38261.9,2,36514.6,2,36295.1,2,39612.9
112,64,4,76523.8,4,73029.2,4,72590.2,2,39612.9
112,68,,,,,,,1,19806.4
112,70,3,60242.2,3,64428.8,3,67370.9,3,76168.3
112,71,1,20080.7,1,21476.3,2,44914,2,50778.8
112,72,2,40161.4,1,21476.3,,,,
112,75,7,131921.4,6,129891.9,3,68232.6,2,48231.7
112,78,1,18845.9,1,21648.6,,,1,24115.9
112,83,4,67471.3,5,94346.8,5,95450.8,1,20369.8
112,90,4,58046.8,3,58795.4,3,56321,2,38700.3
112,91,5,72558.5,,,,,,
112,101,12,204824.6,11,202996.8,12,255218.4,12,282832.7
112,102,6,102412.3,3,55362.8,4,85072.8,4,94277.6
112,104,7,119481,7,129179.8,6,127609.2,5,117847
112,105,1,20296.4,2,41871.8,3,68375.9,,
112,106,1,20296.4,1,20935.9,1,22792,1,24133.2
112,108,13,263853.2,13,272166.6,13,296295.6,13,313732
112,109,2,40592.8,2,41871.8,1,22792,1,24133.2
112,112,4,61722.6,5,102557.2,5,104675.1,5,107479.3
112,114,4,61722.6,4,82045.8,4,83740.1,4,85983.4
112,115,11,226182,11,235831.7,11,246096.6,11,247364.7
112,117,7,143934,7,150074.7,6,134234.5,6,134926.2
112,118,7,143934,6,128635.5,5,111862.1,5,112438.5
112,120,1,20833.1,1,20773.2,1,20665.5,1,23656.3
112,121,2,41666.2,2,41546.4,2,41330.9,2,47312.6
112,122,1,20833.1,1,20773.2,1,20665.5,1,23656.3
112,126,,,,,3,62258.1,,
113,1,4,94574.4,2,50665.8,2,51898.6,2,55696.2
113,2,2,47287.2,2,50665.8,2,51898.6,2,55696.2
113,9,,,,,,,1,21426
113,12,12,228655.7,11,246794.3,10,201132.7,7,169391.5
113,13,5,95273.2,5,112179.2,9,181019.4,10,241987.9
113,16,7,122818.4,7,127302.6,5,96633.3,9,192326.2
113,19,1,17545.5,1,18186.1,1,19326.7,1,21369.6
113,21,2,36023.6,2,37875.6,2,42121.2,2,44846
113,23,2,36023.6,2,37875.6,2,42121.2,,
113,24,1,18011.8,4,75751.3,3,63181.8,3,67268.9
113,26,2,36023.6,1,18937.8,3,63181.8,2,44846
113,30,2,32815.8,8,136370.2,8,134372.4,11,217258.4
113,32,1,16407.9,,,,,,
113,45,6,105019,6,103407.2,6,118511.5,6,130342.9
113,46,6,105019,5,86172.7,5,98759.6,5,108619.1
113,49,1,17503.2,1,17234.5,1,19751.9,1,21723.8
113,50,2,35548.7,2,38657.7,2,44259.3,2,46497.6
113,52,1,17774.3,1,19328.9,7,154907.7,7,162741.6
113,56,2,41583.3,2,40542.8,2,39735.8,2,45227.1
113,58,2,41583.3,2,40542.8,2,39735.8,1,22613.5
113,59,4,83166.6,3,60814.2,3,59603.7,2,45227.1
113,63,1,19131,1,18257.3,1,18147.6,1,19806.4
113,68,2,38261.9,2,36514.6,1,18473.1,1,19806.4
113,76,6,113075.5,6,129891.9,5,113721,2,48231.7
113,78,,,,,1,22744.2,1,24115.9
113,81,1,16867.8,1,18869.4,,,,
113,82,2,33735.7,,,,,,
113,84,1,16867.8,1,18869.4,1,19090.2,1,20369.8
113,95,4,58046.8,4,78393.9,3,56321,3,58050.5
113,101,1,17068.7,1,18454.3,,,,
113,102,,,2,36908.5,2,42536.4,2,47138.8
113,106,12,243556.8,14.5,303570.4,7.5,170939.8,6.5,156866
113,107,6,121778.4,4,83743.6,4,91167.9,4,96532.9
113,109,,,,,2,45583.9,2,48266.5
113,111,3,46291.9,3,61534.3,3,62805,4,85983.4
113,112,,,,,4,83740.1,4,85983.4
113,116,3,61686,5,107196.2,5,111862.1,1,22487.7
113,117,2,41124,2,42878.5,6,134234.5,6,134926.2
113,122,1,20833.1,1,20773.2,1,20665.5,1,23656.3
113,123,8,166664.6,9,186958.9,8,165323.8,8,189250.6
114,1,3,70930.8,4,101331.6,5,129746.6,6,167088.5
114,2,15,354653.9,15,379993.4,16,415189,14,389873.1
114,3,2,47287.2,2,50665.8,2,51898.6,,
114,6,2,37311.7,2,37600.1,2,38656.5,1,21426
114,11,2,38109.3,2,44871.7,1,20113.3,1,24198.8
114,12,5,95273.2,1,22435.8,3,60339.8,3,72596.4
114,13,19,362038.2,18,403845.2,16,321812.3,15,362981.8
114,14,5,95273.2,5,112179.2,5,100566.3,5,120993.9
114,15,1,17545.5,,,2,38653.3,,
114,18,2,35091,2,36372.2,2,38653.3,2,42739.2
114,23,2,36023.6,1,18937.8,2,42121.2,3,67268.9
114,24,3,54035.4,3,56813.5,3,63181.8,3,67268.9
114,26,2,36023.6,2,37875.6,2,42121.2,1,22423
114,33,7,114855.2,7,119323.9,7,117575.8,1,19750.8
114,38,,,,,1,16796.5,1,19750.8
114,43,2,34712.8,2,33353.6,2,37117.5,2,40443.7
114,44,13,225633.3,13,216798.4,14,259822.6,11,222440.6
114,46,4,70012.7,4,68938.1,4,79007.7,4,86895.3
114,48,3,52509.5,3,51703.6,3,59255.8,3,65171.5
114,49,,,,,2,39503.8,3,65171.5
114,50,3,53323,4,77315.4,2,44259.3,2,46497.6
114,53,1,17774.3,,,2,44259.3,6,139492.8
114,55,4,83166.6,2,40542.8,2,39735.8,2,45227.1
114,56,11,228708,17,344613.9,16,317886.1,14,316589.6
114,58,4,83166.6,5,101357,5,99339.4,11,248749
114,59,2,41583.3,3,60814.2,3,59603.7,3,67840.6
114,60,10,191309.6,10,182573,10,181475.5,9,178257.8
114,61,2,38261.9,,,3,54442.7,3,59419.3
114,62,1,19131,1,18257.3,2,36295.1,2,39612.9
114,68,2,38261.9,1,18257.3,,,,
114,76,12,226150.9,8,173189.2,9,204697.7,14,337622
114,78,1,18845.9,1,21648.6,,,,
114,82,3,50603.5,3,56608.1,3,57270.5,1,20369.8
114,83,2,33735.7,,,,,,
114,84,,,2,37738.7,3,57270.5,3,61109.4
114,98,2,29023.4,2,39196.9,2,37547.4,2,38700.3
114,99,,,,,4,75094.7,5,96750.8
114,100,2,34137.4,6,110725.5,3,63804.6,6,141416.4
114,102,3,51206.2,3,55362.8,3,63804.6,3,70708.2
114,103,8,136549.8,2,36908.5,2,42536.4,,
114,105,1,20296.4,1,20935.9,1,22792,1,24133.2
114,106,37,617012.6,31,556436.7,37,739270.2,28,560162
114,107,6,121778.4,4,83743.6,2,45583.9,2,48266.5
114,112,4,61722.6,8,164091.6,4,83740.1,4,85983.4
114,114,1,15430.6,1,20511.4,1,20935,1,21495.9
114,116,9,185058,12,257271,8,178979.3,11,247364.7
114,117,17,349553.9,17,364467.2,17,380331.1,16,359803.2
114,118,10,205620,9,192953.2,5,111862.1,5,112438.5
114,126,5,99121.6,3,61865.3,3,62258.1,4,87831.2
114,127,7.5,148682.4,8,164974.2,4,83010.9,7.5,164683.5
115,1,5,118218,5,126664.5,5,129746.6,5,139240.4
115,5,4,74623.4,4,75200.1,4,77312.9,4,85704.2
115,6,2,37311.7,3,56400.1,3,57984.7,1,21426
115,7,6,111935.1,6,112800.2,6,115969.4,6,128556.3
115,8,3,55967.6,3,56400.1,3,57984.7,3,64278.1
115,11,8,152437.1,8,179486.8,10,201132.7,5,120993.9
115,13,10,190546.4,6,134615.1,7,140792.9,6,145192.7
115,14,,,,,1,20113.3,,
115,22,1,18011.8,,,1,21060.6,1,22423
115,25,2,36023.6,2,37875.6,,,2,44846
115,27,,,,,,,1,22423
115,30,,,1,17046.3,1,16796.5,,
115,35,3,49223.7,4.5,76708.2,4.5,75584.5,4,79003.1
115,36,1,16407.9,,,,,1,19750.8
115,38,1,16407.9,1,17046.3,,,,
115,39,2,32815.8,1,17046.3,1,16796.5,1,19750.8
115,50,1,17774.3,2,38657.7,2,44259.3,2,46497.6
115,54,2,35548.7,4,77315.4,,,,
115,56,5,103958.2,5,101357,4,79471.5,4,90454.2
115,57,12,249499.7,11,222985.5,5,99339.4,5,113067.7
115,58,,,,,5,99339.4,2.5,56533.9
115,59,1,20791.6,2,40542.8,,,1,22613.5
115,63,,,,,5,90737.8,,
115,65,6,114785.8,6,109543.8,5,92365.7,5,99032.1
115,71,2,40161.4,2,42952.5,2,44914,2,50778.8
115,72,4,80322.9,3,64428.8,4,89827.9,4,101557.7
115,76,1,18845.9,1,21648.6,,,,
115,77,,,,,,,2,48231.7
115,78,2,37691.8,2,43297.3,2,45488.4,2,48231.7
115,79,,,2,43297.3,,,2,48231.7
115,85,2,33735.7,2,37738.7,2,38180.3,2,40739.6
115,86,1,16867.8,1,18869.4,1,19090.2,1,20369.8
115,88,,,3,56608.1,3,57270.5,3,61109.4
115,90,4,58046.8,2,39196.9,3,56321,3,58050.5
115,104,2,34137.4,2,36908.5,2,42536.4,2,47138.8
115,105,2,40592.8,3,62807.7,3,68375.9,6,144799.4
115,106,14,284149.6,14,293102.5,13,296295.6,13,313732
115,108,,,2,41871.8,2,45583.9,2,48266.5
115,112,3,46291.9,3,61534.3,1,20935,1,21495.9
115,113,,,,,2,41870,2,42991.7
115,117,4,82248,4,85757,4,89489.7,3,67463.1
115,124,5,104165.4,5,103866.1,5,103327.3,5,118281.6
115,125,7,138770.3,8,164974.2,7,145269,6,131746.8
115,126,7,138770.3,7,144352.4,7,145269,7,153704.6
115,127,6,118945.9,6,123730.6,6,124516.3,7,153704.6
116,3,6,141861.5,6,151997.4,4,103797.2,4.5,125316.3
116,6,5,93279.3,5,94000.1,2.5,48320.6,1,21426
116,16,2,35091,2,36372.2,2,38653.3,2,42739.2
116,18,,,,,1,19326.7,1,21369.6
116,19,3,52636.5,3,54558.3,1,19326.7,1,21369.6
116,23,2,36023.6,3,56813.5,2,42121.2,2,44846
116,24,2,36023.6,2,37875.6,2,42121.2,2,44846
116,25,2,36023.6,2,37875.6,3,63181.8,2,44846
116,27,,,2,37875.6,3,63181.8,3,67268.9
116,31,1,16407.9,1,17046.3,,,1,19750.8
116,33,4,65631.5,6,102277.6,7,117575.8,7,138255.3
116,34,9,147671,7,119323.9,7,117575.8,6,118504.6
116,35,1,16407.9,,,1,16796.5,1,19750.8
116,39,4,65631.5,4,68185.1,4,67186.2,4,79003.1
116,43,5,86782,5,83384,5,92793.8,5,101109.4
116,45,1,17503.2,1,17234.5,1,19751.9,1,21723.8
116,53,,,,,5,110648.3,6,139492.8
116,56,,,,,1,19867.9,1,22613.5
116,60,,,2,36514.6,5,90737.8,4,79225.7
116,61,2,38261.9,2,36514.6,,,,
116,64,,,,,,,5,99032.1
116,73,2,40161.4,2,42952.5,2,44914,2,50778.8
116,76,4,75383.6,3,64945.9,2,45488.4,,
116,78,4,75383.6,4,86594.6,4,90976.8,4,96463.4
116,79,2,37691.8,2,43297.3,2,45488.4,2,48231.7
116,83,1,16867.8,1,18869.4,1,19090.2,1,20369.8
116,86,2,33735.7,2,37738.7,2,38180.3,2,40739.6
116,90,3,43535.1,2,39196.9,2,37547.4,3,58050.5
116,94,6,87070.2,6,117590.8,5,93868.4,5,96750.8
116,95,1,14511.7,2,39196.9,2,37547.4,2,38700.3
116,96,3,43535.1,3,58795.4,3,56321,3,58050.5
116,105,11,223260.4,10,209358.9,11,250711.7,9,217199.1
116,106,4,81185.6,4,83743.6,3,68375.9,2,48266.5
116,111,2,30861.3,1,20511.4,1,20935,1,21495.9
116,117,2,41124,2,42878.5,2,44744.8,2,44975.4
116,118,3,61686,2,42878.5,2,44744.8,2,44975.4
116,125,3,59473,4,82487.1,6,124516.3,6,131746.8
117,0,2,37311.7,2,37600.1,4,77312.9,5,98747.7
117,3,,,3,56400.1,7,135297.6,2,39499.1
117,13,4,70182,3,54558.3,3,57980,2,42739.2
117,17,2,35091,2,36372.2,2,38653.3,2,42739.2
117,18,3,52636.5,3,54558.3,2,38653.3,2,42739.2
117,24,3,55841.9,4,70342.8,4,76503.1,5,100843.5
117,25,7,125894.3,7,125235.6,6,115826.4,6,119991.2
117,27,2,35969.8,1,17890.8,1,19304.4,4,79994.1
117,36,2,32815.8,2,34092.5,2,33593.1,1,19750.8
117,42,2,34712.8,,,,,,
117,43,3,52069.2,3,50030.4,,,,
117,45,5,68612.8,5,75028.8,5,92793.8,5,104830.9
117,46,2,27445.1,1,15005.8,1,18558.8,1,20966.2
117,47,1,13722.6,1,15005.8,1,18558.8,2,41932.3
117,48,1,13722.6,1,15005.8,1,18558.8,1,20966.2
117,50,2,43875.5,2,38657.7,2,43591.9,2,46739.6
117,54,1,21937.8,1,19328.9,1,21796,1,23369.8
117,56,2,39939.6,2,40105.7,,,,
117,57,,,,,2,44259.3,1,24202.7
117,61,4,76523.8,3,54771.9,3,55419.4,3,59419.3
117,62,4,76523.8,4,73029.2,4,73892.6,4,79225.7
117,64,4,76523.8,4,73029.2,3,55419.4,3,59419.3
117,65,3,59021.7,3,64439.9,3,68193.8,2,46365.3
117,67,2,39347.8,2,42959.9,,,,
117,68,,,,,2,45462.5,3,69548
117,70,1,22427.2,,,1,26111.1,1,25430.9
117,71,2,44854.3,2,42952.5,2,52222.2,1,25430.9
117,73,6,134562.9,6,128857.5,6,156666.6,6,152585.6
117,74,,,,,2,52222.2,2,50861.9
117,79,2,40161.4,2,42952.5,2,44914,2,50778.8
117,93,1,14511.7,1,19598.5,1,18773.7,3,71511.8
117,103,5,96876.8,5,103730.5,5,118422.9,5,113949
117,108,9,174378.2,9,186714.9,5,118422.9,6.5,148133.7
117,112,11,169737.1,11,225625.9,9,188415.1,11,236454.4
117,114,,,,,3,62805,4,85983.4
117,115,,,,,1,26922.5,1,28175.1
117,124,,,,,2,41330.9,2,47312.6
118,2,7,130591,4,75200.1,4,77312.9,4,78998.2
118,3,2,37311.7,2,37600.1,4,77312.9,4,78998.2
118,8,7,130591,8,150400.2,7,135297.6,6,118497.3
118,9,1,18655.9,,,2,38656.5,1,19749.5
118,11,1,17545.5,1,18186.1,1,19326.7,1,21369.6
118,17,2,35091,2,36372.2,2,38653.3,2,42739.2
118,19,2,35091,2,36372.2,2,38653.3,3,64108.7
118,20,4,74455.9,4,70342.8,5,95628.9,5,100843.5
118,21,2,37227.9,2,35171.4,1,19125.8,,
118,23,,,,,2,38251.6,2,40337.4
118,24,19,353665.5,25,439642.7,19,363389.8,25,504217.6
118,25,5,89924.5,4,71563.2,3,57913.2,2,39997.1
118,27,3,53954.7,2,35781.6,2,38608.8,2,39997.1
118,29,3,53954.7,2,35781.6,2,38608.8,3,59995.6
118,38,1,16407.9,2,34092.5,2,33593.1,2,39501.5
118,42,6,104138.4,7,116737.6,6,111352.5,6,121331.2
118,43,,,,,3,55676.3,3,60665.6
118,47,1,13722.6,1,15005.8,1,18558.8,1,20966.2
118,52,,,,,2,43591.9,3,70109.5
118,54,1,21937.8,1,19328.9,1,21796,,
118,57,8,159758.6,7,140370,8,177037.3,8,193621.8
118,58,4,79879.3,3,60158.6,3,66389,2,48405.4
118,61,2,38261.9,2,36514.6,2,36946.3,2,39612.9
118,65,3,59021.7,2,42959.9,6,136387.6,2,46365.3
118,68,,,,,2,45462.5,2,46365.3
118,69,15,295108.7,14,300719.6,13,295506.4,10,231826.6
118,82,4,67471.3,3,56608.1,3,57270.5,5,101849
118,83,9,151810.5,8,150954.8,9,171811.4,4,81479.2
118,84,3,50603.5,3,56608.1,2,38180.3,2,40739.6
118,85,7,118074.8,2,37738.7,2,38180.3,2,40739.6
118,91,3,43535.1,2,39196.9,2,37547.4,2,47674.5
118,92,,,4,78393.9,4,75094.7,7,166860.8
118,94,1,14511.7,1,19598.5,1,18773.7,1,23837.3
118,95,1,22962.6,1,20149.1,3,64279.7,,
118,97,5,114812.8,8,161192.7,13,278545.4,7,160882.8
118,98,2,45925.1,2,40298.2,3,64279.7,3,68949.8
118,99,6,137775.3,4,80596.3,4,85706.3,7,160882.8
118,100,1,19375.4,,,,,,
118,101,3,58126.1,2,41492.2,5,118422.9,5,113949
118,106,,,2,41492.2,2,47369.2,2,45579.6
118,110,,,,,3,62805,2,42991.7
118,111,2,30861.3,5,102557.2,2,41870,2,42991.7
118,114,3,46291.9,,,,,,
118,115,10,230335.7,10,225951.2,5,134612.5,7,197225.4
118,116,7,161235,6,135570.7,5,134612.5,5,140875.3
118,117,6,138201.4,6,135570.7,6,161535,7,197225.4
118,123,4,83332.3,3,62319.6,3,61996.4,3,70969
118,126,1,22674.8,1,21837.6,1,22240.8,1,22060.5
119,2,1,18655.9,1,18800,1,19328.2,1,19749.5
119,13,4,70182,4,72744.3,2,38653.3,1,21369.6
119,21,1,18614,1,17585.7,1,19125.8,1,20168.7
119,24,11,204753.7,11,193442.8,20,382515.5,24,484048.9
119,25,38,744465.7,37,638554.8,36,676122.3,40,841399
119,27,1,17984.9,1,17890.8,1,19304.4,,
119,29,2,35969.8,2,35781.6,2,38608.8,1,19998.5
119,30,4,65631.5,4,68185.1,4,67186.2,4,79003.1
119,38,1,16407.9,1,17046.3,1,16796.5,1,19750.8
119,43,4,69425.6,4,66707.2,5,92793.8,4,80887.5
119,44,3,52069.2,3,50030.4,3,55676.3,1,20221.9
119,46,1,13722.6,,,,,,
119,47,4,54890.2,7,105040.3,7,129911.3,7,146763.2
119,48,2,27445.1,2,30011.5,2,37117.5,2,41932.3
119,54,7,153564.3,6,115973.2,10,217959.7,8,186958.6
119,57,5,99849.1,5,100264.3,3,66389,7,169419
119,58,7,139788.7,7,140370,4,88518.7,4,96810.9
119,63,4,76523.8,4,73029.2,4,73892.6,4,79225.7
119,65,5,98369.6,5,107399.9,5,113656.3,5,115913.3
119,66,7,137717.4,7,150359.8,5,113656.3,4,92730.6
119,67,3,59021.7,4,85919.9,4,90925.1,4,92730.6
119,68,2,39347.8,2,42959.9,2,45462.5,2,46365.3
119,69,7,137717.4,6,128879.8,1,22731.3,4,92730.6
119,70,2,44854.3,2,42952.5,2,52222.2,2,50861.9
119,78,1,20080.7,2,42952.5,2,44914,2,50778.8
119,85,,,5,94346.8,5,95450.8,5,101849
119,87,4,67471.3,3,56608.1,3,57270.5,3,61109.4
119,88,2,33735.7,3,56608.1,2,38180.3,3,61109.4
119,91,,,2,39196.9,1,18773.7,3,71511.8
119,93,2,29023.4,3,58795.4,3,56321,5,119186.3
119,95,3,68887.7,3,60447.3,2,42853.1,3,68949.8
119,96,6,137775.3,6,120894.5,6,128559.4,5,114916.3
119,98,4,91850.2,5,100745.4,4,85706.3,4,91933
119,99,1,22962.6,1,20149.1,1,21426.6,1,22983.3
119,101,5,96876.8,4,82984.4,2,47369.2,3,68369.4
119,111,,,1,20511.4,1,20935,1,21495.9
119,115,2,46067.1,2,45190.2,2,53845,2,56350.1
119,117,2,46067.1,2,45190.2,2,53845,2,56350.1
119,119,3,69100.7,3,67785.4,3,80767.5,3,84525.2
119,120,12,249997,11,228505.4,7,144658.3,5,118281.6
119,121,1,20833.1,1,20773.2,5,103327.3,5,118281.6
119,126,20.5,407898.1,22,419616.7,24,505313.3,24,513314.3
119,127,25,566871.1,23,502265.9,19,422574.9,20,441210.5
120,2,1,18655.9,,,1,19328.2,1,19749.5
120,6,3,55967.6,2,37600.1,1,19328.2,3,59248.6
120,14,4,70182,4,72744.3,4,77306.7,2,42739.2
120,21,3,55841.9,3,52757.1,3,57377.3,3,60506.1
120,24,3,55841.9,2,35171.4,2,38251.6,2,40337.4
120,25,29,429201.5,27,424035.5,23,393561.8,26,432836.3
120,26,25,410480.1,29,504839.5,28,567056.9,34,614490.4
120,29,,,,,,,2,39997.1
120,31,2,32815.8,2,34092.5,2,33593.1,2,39501.5
120,33,,,,,,,2,39501.5
120,35,,,,,1,16796.5,1,19750.8
120,42,1,17356.4,6,100060.8,,,,
120,43,,,,,6,111352.5,6,121331.2
120,46,3,41167.7,3,45017.3,2,37117.5,2,41932.3
120,49,,,1,15005.8,1,18558.8,1,20966.2
120,50,2,43875.5,2,38657.7,2,43591.9,5,116849.1
120,54,7,153564.3,4,77315.4,4,87183.9,5,116849.1
120,57,6,119818.9,6,120317.1,6,132778,4,96810.9
120,63,2,38261.9,2,36514.6,2,36946.3,2,39612.9
120,65,1,19673.9,1,21480,1,22731.3,1,23182.7
120,66,6,118043.5,6,128879.8,5,113656.3,5,115913.3
120,67,2,39347.8,2,42959.9,2,45462.5,2,46365.3
120,69,,,,,3,68193.8,3,69548
120,70,4,89708.6,4,85905,8,208888.7,7,178016.5
120,73,,,,,4,104444.4,2,50861.9
120,74,4,89708.6,4,85905,,,,
120,75,4,80322.9,4,85905,4,89827.9,4,101557.7
120,76,1,20080.7,1,21476.3,1,22457,2,50778.8
120,77,1,20080.7,1,21476.3,1,22457,1,25389.4
120,78,1,20080.7,1,21476.3,1,22457,1,25389.4
120,109,3,58126.1,2,41492.2,2,47369.2,2,45579.6
120,110,,,,,5,104675.1,3,64487.6
120,115,4,92134.3,,,2,53845,,
120,116,4,92134.3,4,90380.5,4,107690,4,112700.2
120,122,2,41666.2,2,41546.4,2,41330.9,2,47312.6
120,126,32.5,717655.3,34.5,690342,39.5,862812.6,34.5,749636.3
120,127,19.5,442159.4,18,393077.6,21,467056.4,18,397089.4
121,6,,,,,6,115969.4,6,118497.3
121,7,2,37311.7,2,37600.1,2,38656.5,2,39499.1
121,10,5,87727.5,5,90930.4,5,96633.3,5,106847.9
121,11,1,17545.5,1,18186.1,1,19326.7,,
121,14,1,17545.5,,,,,,
121,24,2,37227.9,4,70342.8,4,76503.1,4,80674.8
121,25,10,179849,8,143126.4,7,135130.8,8,159988.3
121,26,15,269773.5,12,214689.6,13,250957.1,14,279979.5
121,27,6,107909.4,6,107344.8,6,115826.4,6,119991.2
121,28,3,53954.7,2,35781.6,2,38608.8,2,39997.1
121,29,4.5,80932.1,3.5,62617.8,1,19304.4,2,39997.1
121,31,1,16407.9,1,17046.3,,,,
121,32,2,32815.8,2,34092.5,2,33593.1,2,39501.5
121,45,1,13722.6,1,15005.8,,,,
121,50,2,43875.5,2,38657.7,1,21796,,
121,53,5,109688.8,6,115973.2,5,108979.8,4,93479.3
121,54,1,21937.8,,,1,21796,,
121,57,1,19969.8,1,20052.9,1,22129.7,1,24202.7
121,58,4,79879.3,4,80211.4,3,66389,3,72608.2
121,62,2,38261.9,2,36514.6,2,36946.3,2,39612.9
121,64,5,95654.8,5,91286.5,5,92365.7,5,99032.1
121,71,5,112135.8,5,107381.3,5,130555.5,5,127154.6
121,92,4,58046.8,3,58795.4,2,37547.4,2,47674.5
121,93,9,130605.3,1,19598.5,7,131415.8,2,47674.5
121,97,2,45925.1,2,40298.2,2,42853.1,2,45966.5
121,102,1,19375.4,1,20746.1,3,71053.8,4,91159.2
121,110,,,5,102557.2,4,83740.1,3,64487.6
121,112,1,15430.6,,,,,,
121,113,,,,,,,2,42991.7
121,115,3,69100.7,3,67785.4,3,80767.5,3,84525.2
121,118,3,69100.7,3,67785.4,2,53845,2,56350.1
121,119,1,23033.6,,,2,53845,2,56350.1
121,120,1,20833.1,1,20773.2,1,20665.5,1,23656.3
121,121,2,41666.2,2,41546.4,2,41330.9,2,47312.6
121,126,19,430822,25,482345.6,27,450137.7,20,441210.5
121,127,11,249423.3,10,218376.5,8,177926.3,10,220605.2
122,2,,,,,3,50026.8,,
122,3,1,12309.6,,,,,,
122,5,10,163381,8,130359.5,7,116729.3,6,124028.4
122,6,2,32676.2,1,16294.9,1,16675.6,1,20671.4
122,10,4,85214.6,4,85517.5,4,90535.2,4,93008
122,11,1,21303.6,1,21379.4,1,22633.8,1,23252
122,13,1,21303.6,,,,,4,93008
122,14,2,42607.3,2,42758.7,2,45267.6,2,46504
122,17,7.5,157031,4.5,96207.1,3.5,79218.3,6.5,144516.3
122,18,2,41874.9,2,42758.7,2,45267.6,2,44466.6
122,19,3,62812.4,2,42758.7,2,45267.6,1,22233.3
122,22,,,,,2,37183.5,2,38764.8
122,23,1,18372.3,1,20364.2,3,55775.3,3,58147.2
122,26,6,104612.1,2,38101.2,4,76027.1,5,108582.5
122,42,3,57516.6,3,62786.1,4,80393.5,2,42591.3
122,43,,,,,1,20098.4,2,42591.3
122,46,6,103839.7,6,114112.3,5,89173.6,5,101763.7
122,48,1,17306.6,1,19018.7,1,17834.7,1,20352.7
122,52,2,37237.3,2,36435.4,2,40833.9,2,46908
122,53,1,18618.6,1,18217.7,,,1.5,35181
122,54,,,2,36435.4,,,1,23454
122,56,3,58788.5,2,47606.1,2,47279.7,2,40504.5
122,57,13,254750.3,10,238030.7,10,236398.6,5,101261.4
122,58,1,19596.2,1,23803.1,4,94559.4,3,60756.8
122,59,4,78384.7,1,23803.1,,,4,81009.1
122,66,2,38812.3,2,36224.3,1,19534.7,1,20053.7
122,70,2,36129.3,2,39733.9,2,40335.6,2,43598.3
122,71,31,560003.4,35,695343.7,31,625201.7,34.5,752070.1
122,86,2,38115,1,19749.1,,,,
122,87,1,19057.5,1,19749.1,1,21956.2,1,23157.1
122,93,4,73564.8,4,69098.6,4,86036.2,4,81753.2
122,96,,,,,,,2,40876.6
122,105,2,37130.4,3,53663.1,3,55498.4,3,56729.8
122,106,4,74260.8,3,53663.1,3,55498.4,2,37819.9
122,107,2,37130.4,2,35775.4,2,36998.9,1,18909.9
122,113,7.5,148871.6,6.5,114807.7,9,160202.6,8,143896.3
122,119,2,39699.1,2,35325.5,2,35600.6,2,35974.1
122,121,2,38762.9,2,40597.5,2,37455.7,2,43418.2
122,122,1,19381.5,1,20298.7,1,18727.9,,
122,125,2,39671.3,2,41630.4,,,,
122,126,,,3,62445.5,3,54925.7,4,76777.1
123,0,2,24619.1,,,,,,
123,2,2,24619.1,2,32589.9,2,33351.2,2,41342.8
123,4,,,,,,,1,20671.4
123,14,5,106518.2,5,106896.8,5,113169,5,116260
123,19,2,41874.9,2,42758.7,2,45267.6,2,44466.6
123,24,,,2,40728.3,3,55775.3,3,58147.2
123,25,2,34870.7,2,38101.2,2,38013.6,2,43433
123,31,2,36263.8,1,17728.4,,,,
123,38,4,72527.6,4,70913.5,4,81057.8,4,89329.6
123,43,10,191721.9,11,230215.7,10,200983.8,10,212956.4
123,45,5,86533.1,5,95093.6,5,89173.6,5,101763.7
123,46,2,34613.2,2,38037.4,2,35669.4,1,20352.7
123,50,3,55855.9,3,54653.2,3,61250.8,5,117270
123,51,6,111711.8,7,127524,4.5,91876.2,3,70362
123,55,2,39192.4,1,23803.1,4,94559.4,3,60756.8
123,56,2,39192.4,2,47606.1,2,47279.7,,
123,59,1,19596.2,1,23803.1,1,23639.9,1,20252.3
123,65,1,19406.1,1,18112.1,2,39069.4,2,40107.3
123,66,2,38812.3,5,90560.6,6,117208.2,5,100268.4
123,67,6,116436.9,5,90560.6,5,97673.5,5.5,110295.2
123,71,25,470656.1,23,429757.9,33.5,731012.8,36.5,899103
123,72,10,180646.3,12,238403.6,9,181510.2,10,217991.3
123,75,3,58160.7,3,58521.6,2,45678.3,2,48479.9
123,76,6,116321.5,6,117043.1,4,91356.6,4,96959.8
123,77,5,96934.6,5,97536,7,159874.1,8,193919.6
123,78,1,19386.9,1,19507.2,,,,
123,79,,,,,1,22839.2,1,24239.9
123,80,2,38115,2,39498.3,2,43912.4,2,46314.1
123,82,,,,,,,2,46314.1
123,83,4,76230,4,78996.6,4,87824.9,5,115785.3
123,85,1,19057.5,1,19749.1,1,21956.2,1,23157.1
123,89,2,38115,2,39498.3,2,43912.4,3,69471.2
123,90,1,18391.2,1,17274.6,1,21509.1,1,20438.3
123,104,4,80045.3,4,81013.6,3,60121.5,3,59444.1
123,107,4,74260.8,4,71550.9,4,73997.8,4,75639.7
123,108,2,37130.4,2,35775.4,,,,
123,109,,,,,2,36998.9,2,37819.9
123,115,1,19849.5,1,17662.7,1,17800.3,1,17987
123,117,,,,,,,2,35974.1
123,118,5,99247.7,5,88313.7,4,71201.2,8,143896.3
124,2,,,,,2,33351.2,,
124,3,1,12309.6,1,16294.9,1,16675.6,1,20671.4
124,9,4,65352.4,4,65179.8,4,66702.5,4,82685.6
124,10,2,42607.3,2,42758.7,2,45267.6,2,46504
124,13,2,42607.3,2,42758.7,2,45267.6,2,46504
124,14,2,42607.3,2,42758.7,2,45267.6,4,93008
124,17,1,20937.5,1,21379.4,1,22633.8,1,22233.3
124,22,5,91861.4,5,101820.8,7,130142.3,4,77529.6
124,27,1,17435.4,1,19050.6,1,19006.8,,
124,30,1,18131.9,1,17728.4,1,20264.5,,
124,32,2,36263.8,1,17728.4,1,20264.5,1,22332.4
124,35,,,,,1,20264.5,1,22332.4
124,41,3,57516.6,3,62786.1,3,60295.2,,
124,48,2,34613.2,2,38037.4,3,53504.2,3,61058.2
124,59,4,78384.7,4,95212.3,4,94559.4,4,81009.1
124,60,,,,,3,72622.8,3,66943.7
124,65,2,38812.3,2,36224.3,2,39069.4,2,40107.3
124,66,1,19406.1,1,18112.1,1,19534.7,1,20053.7
124,68,2,38812.3,1,18112.1,1,19534.7,3,60161
124,71,18,305016.5,15,305231.8,17.5,356050,15.5,303113
124,72,1,18064.6,,,,,,
124,78,3,58160.7,2,39014.4,1,22839.2,2.5,60599.9
124,79,1,19386.9,1,19507.2,1,22839.2,1,24239.9
124,83,1,19057.5,1,19749.1,1,21956.2,1,23157.1
124,92,4,73564.8,4,69098.6,4,86036.2,4,81753.2
124,93,2,36782.4,3,51823.9,4,86036.2,4,81753.2
124,95,5,91956,3,51823.9,5,107545.3,7,143068
124,100,5,100056.6,6,121520.4,4,80162,2,39629.4
124,102,,,,,,,2,39629.4
124,107,4,74260.8,4,71550.9,4,73997.8,4,75639.7
124,110,2,39699.1,2,35325.5,3,53400.9,3,53961.1
124,118,6,119097.3,7,123639.1,5,89001.5,4,71948.2
124,119,3,59548.6,2,35325.5,2,35600.6,2,35974.1
124,123,3,58144.4,2,40597.5,2,37455.7,4,86836.5
125,0,2,24619.1,2,32589.9,,,2,41342.8
125,4,1,12309.6,1,16294.9,1,16675.6,,
125,10,,,,,,,1,23252
125,11,1,21303.6,,,,,,
125,12,3,63910.9,2,42758.7,2,45267.6,2,46504
125,14,2,42607.3,2,42758.7,2,45267.6,3,69756
125,16,1,20937.5,1,21379.4,,,,
125,18,2,41874.9,2,42758.7,3,67901.4,3,66699.8
125,20,2,36744.5,2,40728.3,2,37183.5,2,38764.8
125,24,,,,,7,130142.3,7,135676.7
125,27,5,87176.8,7,133354.3,3,57020.3,5,108582.5
125,28,2,34870.7,2,38101.2,2,38013.6,6,130299
125,29,4,69741.4,4,76202.5,5,95033.9,5,108582.5
125,31,6,108791.3,5,88641.9,4,81057.8,3,66997.2
125,32,2,36263.8,2,35456.8,2,40528.9,2,44664.8
125,45,1,17306.6,1,19018.7,1,17834.7,1,20352.7
125,47,2,34613.2,2,38037.4,2,35669.4,1,20352.7
125,48,10,173066.2,10,190187.1,7,124843.1,6,122116.5
125,50,2,37237.3,2,36435.4,1,20416.9,2,46908
125,53,14,260660.8,13,236830.3,13,265420.2,10.5,246267
125,60,4,73927.4,3,61935.5,,,,
125,62,3,55445.6,2,41290.3,2,48415.2,2,44629.1
125,65,2,38812.3,2,36224.3,4,78138.8,5,100268.4
125,67,5,97030.7,5,90560.6,,,,
125,68,2,38812.3,1,18112.1,7,136742.9,8.5,170456.2
125,70,1,18064.6,1,19867,1,20167.8,,
125,71,,,,,,,2,43598.3
125,75,,,,,1,22839.2,1,24239.9
125,76,6,116321.5,6,117043.1,5,114195.8,5,121199.7
125,82,2,38115,2,39498.3,5,109781.1,2,46314.1
125,87,2,38115,,,2,43912.4,2,46314.1
125,90,4,73564.8,4,69098.6,4,86036.2,4,81753.2
125,99,,,,,4,86036.2,4,81753.2
125,100,1,20011.3,1,20253.4,2,40081,2,39629.4
125,101,3,60033.9,3,60760.2,2,40081,6,118888.3
125,102,20,400226.3,13,263294.2,13.5,270546.9,7,138703
125,109,1,18565.2,1,17887.7,1,18499.5,1,18909.9
125,115,4,79398.2,4,70650.9,3,53400.9,3,53961.1
125,117,,,,,,,2,35974.1
125,124,8,155051.7,6,121792.4,6,112367.2,8,173673
126,4,2,24619.1,2,32589.9,2,33351.2,2,41342.8
126,6,5,81690.5,2,32589.9,2,33351.2,3,62014.2
126,7,,,,,2,33351.2,2,41342.8
126,9,5,81690.5,4,65179.8,4,66702.5,5,103357
126,14,4,85214.6,4,85517.5,4,90535.2,4,93008
126,24,2,36744.5,2,40728.3,,,,
126,26,2,34870.7,2,38101.2,2,38013.6,2,43433
126,27,,,,,,,1,21716.5
126,28,,,,,3,57020.3,3,65149.5
126,29,3,52306.1,3,57151.8,,,,
126,31,2,36263.8,2,35456.8,2,40528.9,2,44664.8
126,34,2,36263.8,2,35456.8,2,40528.9,2,44664.8
126,43,2,38344.4,2,41857.4,1,20098.4,1,21295.6
126,47,1,17306.6,1,19018.7,1,17834.7,1,20352.7
126,50,7,130330.4,5,91088.6,5,102084.7,5,117270
126,51,2,37237.3,2,36435.4,4,81667.8,5,117270
126,52,21,362313.6,20,354291.5,22,434845.3,24,498134.3
126,53,20,372372.6,18,327918.9,17,347088,10,234540
126,54,6,111711.8,6,109306.3,6,122501.6,4,93816
126,57,5,97980.9,5,119015.4,5,118199.3,5,101261.4
126,62,1,18481.9,1,20645.2,1,24207.6,1,22314.6
126,64,,,,,,,1,22314.6
126,72,4,72258.5,4,79467.9,4,80671.2,4,87196.5
126,73,1,18064.6,1,19867,1,20167.8,,
126,75,6,116321.5,6,117043.1,5,114195.8,1,24239.9
126,76,5,96934.6,5,97536,4,91356.6,3,72719.8
126,79,1,19386.9,1,19507.2,1,22839.2,1,24239.9
126,86,3,57172.5,3,59247.4,2,43912.4,1,23157.1
126,89,2,38115,2,39498.3,2,43912.4,2,46314.1
126,90,,,,,2,43018.1,3,61314.9
126,95,2,36782.4,,,2,43018.1,,
126,96,2,36782.4,2,34549.3,2,43018.1,2,40876.6
126,100,,,1,20253.4,1,20040.5,1,19814.7
126,101,4,80045.3,,,2,40081,2,39629.4
126,102,1,20011.3,1,20253.4,1,20040.5,1,19814.7
126,106,5,92826,4,71550.9,4,73997.8,3,56729.8
126,110,2,39699.1,2,35325.5,2,35600.6,2,35974.1
126,113,1,19849.5,1,17662.7,1,17800.3,1,17987
126,114,3,59548.6,1.5,26494.1,1.5,26700.4,,
126,119,1,19849.5,1,17662.7,5,89001.5,6,107922.2
126,120,8,155051.7,8,162389.9,11,206006.5,11,238800.4
126,122,1,19381.5,,,1,18727.9,1,21709.1
126,124,4,77525.8,4,81194.9,4,74911.5,4,86836.5
126,125,4,79342.6,4,83260.7,4,73234.3,4,76777.1
126,126,2,39671.3,2,41630.4,2,36617.2,2,38388.5
127,2,,,,,1,22279.6,1,28039.1
127,4,2,42709.6,2,41268.9,2,44559.2,,
127,8,,,,,,,1,20671.4
127,11,2,41874.9,2,42758.7,2,45267.6,2,44466.6
127,12,4,83749.9,4,85517.5,4,90535.2,4,88933.1
127,20,4,73489.1,4,81456.6,2,37183.5,2,38764.8
127,27,1,18372.3,1,20364.2,2,37183.5,1,19382.4
127,31,2,36263.8,,,2,40528.9,2,44664.8
127,32,5,90659.4,5,88641.9,1,20264.5,2,44664.8
127,47,,,1,20928.7,1,20098.4,,
127,48,1,19172.2,1,20928.7,,,,
127,52,31,542698.9,30,484984.4,24.5,434681.5,20,360589.7
127,53,2,35012.8,2,32332.3,2,35484.2,2,36059
127,55,6,117577.1,6,107878.3,8,171126.7,8,162018.2
127,56,,,2,35959.4,,,,
127,58,5,97980.9,4,71918.9,4,85563.4,3,60756.8
127,59,1,19596.2,1,17979.7,1,21390.8,1,20252.3
127,66,4,73927.4,4,82580.6,4,96830.4,9,200831
127,67,,,,,,,1,22314.6
127,69,1,18481.9,,,,,,
127,71,5,97830.9,5,100924.4,5,104538.2,5,105895.5
127,72,14,273926.4,14,282588.4,14,292706.9,14,296507.4
127,73,4,78264.7,4,80739.6,4,83630.5,4,84716.4
127,77,3,58160.7,3,58521.6,3,68517.5,3,72719.8
127,80,,,1,19749.1,,,,
127,94,3,49788.8,2,33587.1,8,138550.8,4,75368.9
127,95,5,91956,5,86373.2,5,92937.4,3,61314.9
127,98,3,55173.6,3,51823.9,8,148699.9,8,163506.3
127,101,1,16020.5,1,16808.5,1,18499.5,1,18909.9
127,102,4,64081.8,4,67234.1,3,55498.4,3,56729.8
127,106,2,37130.4,2,35775.4,2,36998.9,2,37819.9
127,107,6,111391.2,6,107326.3,6,110996.8,6,113459.6
127,109,,,3,53663.1,,,3,56729.8
127,110,4,81735.7,1,20293.9,1,22264.3,1,21994.2
127,111,2,40867.8,1,20293.9,1,22264.3,1,21994.2
127,113,1,20433.9,1,20293.9,1,22264.3,1,21994.2
127,114,3,61301.8,2,40587.7,1,22264.3,1,21994.2
127,115,6,102670.5,1,18657.2,3,62227.4,4,81986.8
127,116,4,68447,5,93286.1,7.5,155568.4,7.5,153725.2
127,119,2,34223.5,4,74628.9,,,,
127,120,,,,,4,74911.5,3,65127.4
127,122,,,1,20298.7,,,,
127,124,5,96907.3,5,101493.7,4,74911.5,3,65127.4
