x,y,imputed,ind,log_45_70,log_70_90,log_ap90,log_av45,log_inc,log_soc
3,0,1,3.5,0,0.5,0.3,0.5,0,0
5,0,1,17,0,2.5,1.4,2.4,0,0
6,0,0,45,2,4,4,6,0,0
7,0,1,25.5,0.6,2.4,4.2,2.9,0,0
8,0,1,2,0.1,0.2,0.3,0.2,0,0
10,0,1,21,0.4,2,3.5,2.4,0,0
11,0,1,32,1.2,6.3,2,2,0,0
22,0,1,19,0,2.9,3.4,1.1,0,0
23,0,1,21,0,3.2,3.8,1.2,0,0
27,0,1,7,0.1,1.8,0.9,0.3,0,0
28,0,1,20,0.4,5.2,2.6,0.7,0,0
29,0,1,12,0.2,3.1,1.6,0.4,0,0
47,0,1,8.5,0.1,1.5,2,0,0,0
66,0,1,23,1.8,2.2,5,0,0,0
67,0,0,54,0,23,1,0,0,0
68,0,0,40,10,5,2,2,0,0
69,0,0,114,4,4,43,0,0,17
70,0,0,49,3,10,7,0,0,0
71,0,0,87,0,25,15,0,0,0
72,0,0,35,0,15,1,0,0,0
90,0,1,1,0.2,0.1,0.1,0.1,0,0
91,0,0,44.5,2,2,8,8,1,0
92,0,0,64,2,9,12,3,0,0
93,0,1,5,0.4,0.6,0.3,1.1,0,0
117,0,0,49.5,2,2,6,12,0,0
118,0,0,92,2,7,18,7,0,0
119,0,0,99.5,5,3,14,16,0,0
120,0,0,80.5,1,6,5,22,0,0
121,0,1,15,0.7,1.9,2.6,1.9,0,0
122,0,1,3,0.1,0.4,0.5,0.4,0,0
123,0,1,8,0.4,1,1.4,1,0,0
5,1,0,37.5,0,8,5,1,0,0
6,1,1,28,0.6,2.6,4.6,3.3,0,0
7,1,0,29,1,3,1,6,0,0
20,1,1,2,0,0.3,0.4,0.1,0,0
22,1,1,13,0,2,2.4,0.7,0,0
23,1,0,62.5,0,10,11,1,0,0
24,1,0,47,2,1,5,7,0,0
25,1,1,14,0,2.1,2.5,0.8,0,0
26,1,0,50,2,2,3,12,0,0
27,1,0,36,3,2,2,7,0,0
28,1,1,11,0.2,2.9,1.4,0.4,0,0
29,1,1,2,0,0.5,0.3,0.1,0,0
47,1,1,55,0.7,9.5,13.1,0,0,0
48,1,1,6,0.1,1,1.4,0,0,0
66,1,1,5,0.4,0.5,1.1,0,0,0
67,1,1,23,1.8,2.2,5,0,0,0
68,1,0,36,0,10,5,1,0,0
69,1,0,52,1,10,7,1,0,0
70,1,0,35,0,2,9,0,0,0
71,1,1,20,0,4.6,3,0.3,0,0
72,1,1,3,0,0.7,0.5,0,0,0
73,1,1,3,0,0.7,0.5,0,0,0
91,1,1,2,0.2,0.2,0.1,0.5,0,0
92,1,0,30,0,9,3,0,0,0
117,1,1,4,0.2,0.7,0.5,0.2,0,0
118,1,1,18,1,3.1,2.4,0.9,0,0
119,1,0,87,3,3,8,20,0,0
120,1,0,84,6,5,10,16,0,7
121,1,0,71.5,2,0,5,19,0,0
122,1,0,47,3,11,5,1,0,0
123,1,1,12,0.6,1.5,2.1,1.5,0,0
6,2,1,21,0.2,1.6,2.3,3.5,0,0
13,2,1,1,0,0.1,0.1,0.2,0,0
23,2,0,46,0,7,8,0,0,0
24,2,1,27,0,3.7,3.3,2.5,0,0
25,2,0,29,5,1,0,7,0,0
26,2,1,22,1,0.5,3.5,5.5,0,0
43,2,1,5,0.1,0.3,0.7,0.8,0,0
44,2,1,1,0,0.1,0.1,0.2,0,0
45,2,1,6,0.1,0.4,0.8,1,0,0
46,2,0,49,3,13,2,2,0,0
47,2,0,36,0,9,5,1,0,0
68,2,1,5,0,1.2,0.4,0.3,0,0
69,2,1,3,0,0.7,0.2,0.2,0,0
118,2,0,83,0,0,22,0,0,6
119,2,0,87.5,0,1,33,0,0,15
120,2,0,84,6,8,8,14,0,1
121,2,1,70.5,0,16.4,7,3.1,0,0
122,2,1,11,0,2.5,1.1,0.5,0,0
123,2,1,9,0,2.1,0.9,0.4,0,0
23,3,1,18,0,2.5,2.2,1.6,0,0
24,3,1,11.5,0,1.6,1.4,1,0,0
25,3,1,7,0,1,0.9,0.6,0,0
26,3,0,44.5,5,3,0,10,0,0
27,3,1,2,0.1,0.1,0.3,0.5,0,0
43,3,0,31.5,0,4,9,0,0,0
44,3,0,33,0,4,4,7,0,0
45,3,0,77.5,1,4,5,20,0,0
46,3,1,17,0.6,3,1.7,0.9,0,0
47,3,1,6.5,0.3,1.1,0.7,0.3,0,0
118,3,0,93,0,0,29,0,0,0
119,3,1,11,0.6,0.8,2.3,0.8,0,0
120,3,0,55,3,7,5,7,0,0
14,4,1,6,0.1,0.5,0.6,1,0,0
15,4,1,2,0,0.2,0.2,0.3,0,0
17,4,1,2,0.2,0,0.3,0.3,0,0
23,4,1,2,0,0.3,0.2,0.2,0,0
26,4,1,13,0.6,0.3,2.1,3.2,0,0
27,4,1,7,0.3,0.2,1.1,1.7,0,0
44,4,0,35.5,0,3,9,1,0,0
45,4,1,32,0.5,2.2,4.4,5,0,0
46,4,1,8,0.3,1.4,0.8,0.4,0,0
118,4,1,18,1,1.3,3.7,1.3,0,0
119,4,0,33,0,4,6,4,0,0
120,4,0,34.5,1,7,6,2,0,0
13,5,1,4,0.1,0.3,0.4,0.7,0,0
14,5,1,9,0.1,0.7,1,1.5,0,0
15,5,0,49,0,8,6,6,0,0
16,5,0,56,2,2,2,11,0,0
17,5,1,18,1.4,0.5,2.8,2.4,0,0
44,5,1,11,0.2,0.8,1.5,1.7,0,0
45,5,1,3,0,0.2,0.4,0.5,0,0
46,5,1,19,0.7,3.3,1.9,1,0,0
62,5,1,5,0.9,0,0.7,0.3,0,0
63,5,1,3,0.5,0,0.4,0.2,0,0
119,5,1,8,0.5,0.6,1.6,0.6,0,0
120,5,0,51,2,6,14,2,0,0
14,6,1,21,0.2,1.6,2.3,3.5,0,0
15,6,1,27,0.3,2.1,3,4.4,0,0
16,6,1,14,1.1,0.4,2.2,1.8,0,0
17,6,1,4,0.3,0.1,0.7,0.5,0,0
46,6,1,17,0.6,3,1.7,0.9,0,0
62,6,1,4,0.7,0,0.6,0.2,0,0
63,6,0,49,2,1,3,14,0,0
64,6,1,23,3.9,0,3.3,1.3,0,0
85,6,1,2,0,0.4,0.3,0.2,0,0
116,6,1,6,0.3,0.5,1.2,0.4,0,0
120,6,1,11,0.6,0.8,2.3,0.8,0,0
62,7,1,2,0.1,0.2,0.1,0.4,0,0
63,7,1,8.5,0.4,0.7,0.5,1.7,0,0
64,7,0,43.5,2,9,0,5,0,0
64,8,1,8,0.4,0.7,0.5,1.5,0,0
110,8,1,3,0,0.8,0.3,0.3,0,0
56,9,1,11,0.4,0.4,0.5,2.9,0,0
57,9,1,5,0.2,0.2,0.2,1.3,0,0
59,9,1,1,0,0,0.1,0.3,0,0
60,9,1,3,0.1,0.1,0.1,0.8,0,0
61,9,1,9,0.5,0.7,0.6,1.7,0,0
108,9,1,1,0,0.3,0.1,0.1,0,0
55,10,1,3,0.1,0.5,0.3,0.2,0,0
56,10,1,26,1.1,0.9,1.1,6.8,0,0
57,10,1,21,0.9,0.7,0.9,5.5,0,0
58,10,1,29,1.2,1,1.2,7.6,0,0
59,10,0,44,1,4,2,11,0,0
60,10,0,37,2,2,0,11,0,0
61,10,1,19,1,1.5,1.1,3.7,0,0
62,10,1,16,0.8,1.3,1,3.1,0,0
63,10,1,3,0.2,0.2,0.2,0.6,0,0
65,10,1,3,0.2,0.2,0.2,0.6,0,0
85,10,1,17,0,3.8,2.5,1.3,0,0
103,10,1,30.5,0,7.4,3.1,0,0,0
104,10,1,4,0,1,0.4,0,0,0
106,10,0,36.5,0,5,9,0,0,0
107,10,1,12.5,0,3.6,1.2,1.2,0,0
119,10,1,3,0,0.1,0,1.2,0,0
120,10,0,34,0,7,6,1,0,0
50,11,1,9,0.3,1.6,0.9,0.5,0,0
56,11,1,1,0,0,0.1,0.3,0,0
57,11,0,39,3,4,1,7,0,0
58,11,1,24,1,0.8,1,6.3,0,0
59,11,1,14,0.6,0.5,0.6,3.6,0,0
60,11,1,10,0.4,0.4,0.4,2.6,0,0
61,11,1,9,0.5,0.7,0.6,1.7,0,0
62,11,0,42,12,5,2,1,0,0
63,11,1,11,0.5,0.9,0.7,2.1,0,0
64,11,1,10,0.5,0.8,0.6,2,0,0
84,11,1,9,0,2,1.3,0.7,0,0
85,11,0,48,1,2,10,6,0,0
86,11,1,9,0,2,1.3,0.7,0,0
87,11,1,2,0,0.4,0.3,0.2,0,0
88,11,1,1,0,0.2,0.1,0.1,0,0
102,11,1,15,0,3.7,1.5,0,0,0
103,11,0,60,4,8,3,9,0,0
104,11,0,59,0,0,2,24,0,0
105,11,0,37.5,1,2,4,5,0,1
106,11,1,15,0,4.3,1.4,1.4,0,0
112,11,0,45.5,2,4,4,5,1,0
113,11,1,22,1.2,1.7,4.6,0.6,0,0
114,11,0,21,1,0,9,4,0,9
115,11,1,16,0.8,1.3,3.4,0.4,0,0
116,11,0,49,0,0,15,0,0,0
117,11,0,23,1,8,2,1,0,0
118,11,0,37,1,5,1,9,0,0
119,11,0,98,0,15,4,20,0,0
120,11,1,22.5,0,0.9,0,8.8,0,0
51,12,1,12,0.1,1.6,2,1.1,0,0
52,12,1,14,0.1,1.8,2.4,1.3,0,0
53,12,0,37,0,5,6,4,0,0
54,12,0,33,3,6,3,1,0,0
57,12,1,4,0,0.4,0.7,0.2,0,0
63,12,1,25,0,2.9,1.1,5.7,0,0
64,12,1,25.5,0,2.9,1.2,5.8,0,0
70,12,1,4,0.1,0.3,0.3,0.9,0,0
85,12,0,46,1,11,4,4,0,0
86,12,0,24,0,13,0,0,0,0
88,12,0,38.5,0,16,5,0,0,0
89,12,1,24,1.3,3.1,5.7,0.4,0,0
91,12,1,10,0,0.9,2.2,0.1,0.2,0
98,12,1,7,0,1.5,1.3,0.1,0,0
99,12,1,24,0,5,4.5,0.5,0,0
100,12,0,73.5,0,0,25,0,0,0
101,12,1,15,0.6,0.6,3.6,1.3,0,0
102,12,0,71.5,3,5,2,22,0,0
103,12,0,76.5,3,4,11,19,0,0
104,12,0,107,5,6,1,28,0,0
105,12,0,45,3,6,3,5,0,0
106,12,1,4,0.1,0.5,0.8,0.2,0,0
111,12,1,17.5,0.2,2.7,1.7,3.6,0.2,0
112,12,0,100.5,0,3,5,39,0,0
113,12,0,25,1,2,9,2,0,0
114,12,0,46.5,1,0,13,4,0,0
115,12,0,43,7,0,3,4,0,0
116,12,0,65,9,1,10,2,0,0
117,12,0,49.5,3,0,12,3,0,0
118,12,0,56,0,8,8,5,0,0
119,12,0,96,0,4,5,35,0,0
120,12,1,24,0.4,2.9,3.3,2.1,0,0
126,12,1,19,0.3,0.8,6.6,0,0,0.5
127,12,1,8,0.1,0.3,2.8,0,0,0.2
24,13,1,19,0.8,4.1,3.1,0.8,0,0.8
25,13,1,11,0.5,2.4,1.8,0.4,0,0.5
49,13,1,13,0.6,1.1,1.9,1.6,0,0
50,13,0,54,0,3,12,5,0,2
51,13,0,58,1,2,4,16,0,0
52,13,0,60,3,4,3,11,0,1
53,13,0,41,1,7,4,5,0,0
63,13,0,22,0,1,12,0,0,12
64,13,0,63,3,6,3,16,0,0
65,13,1,16,0,1.8,0.7,3.7,0,0
66,13,1,3,0.1,0.2,0.3,0.6,0,0
84,13,1,13,0.5,0.7,2,1.4,0,0
85,13,0,44.5,0,5,6,5,0,0
86,13,0,34,3,8,4,0,0,0
87,13,1,11,0.6,1.4,2.6,0.2,0,0
88,13,1,9,0.5,1.1,2.1,0.2,0,0
89,13,0,41,4,2,4,7,0,0
90,13,0,32.5,1,0,2,10,0,0
91,13,1,10,0,0.9,2.2,0.1,0.2,0
92,13,1,18.5,0,1.7,4.1,0.2,0.2,0
93,13,1,4,0,0.4,0.9,0,0,0
98,13,1,6,0,1.3,1.1,0.1,0,0
99,13,0,32,4,5,4,1,0,0
100,13,0,54.5,2,3,13,7,0,0
101,13,0,93,1,4,32,8,0,22
102,13,0,79.5,0,1,25,3,0,0
103,13,0,78.5,3,23,6,2,0,0
104,13,0,52.5,0,7,10,1,0,0
105,13,1,5.5,0.2,0.2,1.3,0.5,0,0
106,13,1,9,0.1,1.2,1.9,0.4,0,0
111,13,0,40.5,0,0,0,18,0,0
112,13,1,20,0.2,3.1,1.9,4.1,0.3,0
113,13,1,10,0.1,1.6,1,2,0.1,0
116,13,1,3,0,0.4,0.4,0.3,0,0
118,13,1,7,0.1,0.8,1,0.6,0,0
119,13,1,23,0.4,2.8,3.1,2,0,0
120,13,0,35,4,10,0,2,0,0
121,13,1,12,1.5,0.8,1.9,0.7,0,0
126,13,1,14,0.2,0.6,4.8,0,0,0.3
127,13,0,68.5,1,11,15,6,0,0
24,14,1,18,0.7,4,3,0.7,0,0.7
25,14,0,28,0,11,0,2,0,0
40,14,1,15,0,1.1,4.6,0,0,0
41,14,1,7,0,1.7,0.9,0.5,0,0
43,14,0,30,0,7,5,0,0,0
44,14,0,35,0,4,4,5,0,0
45,14,1,7.5,0,1.8,1,0.5,0,0
46,14,1,10,0.4,0.9,1.5,1.2,0,0
48,14,1,8,0.3,0.7,1.2,1,0,0
50,14,0,48.5,1,1,13,0,0,0
51,14,0,132.5,0,0,49,0,0,25
52,14,0,60,2,6,2,15,0,0
53,14,0,48,2,4,9,3,0,0
54,14,1,20,0.2,2.6,3.3,1.9,0,0
64,14,0,45,2,4,1,10,0,0
65,14,0,71,0,3,1,24,0,0
66,14,1,9,0.3,0.6,0.8,1.9,0,0
84,14,1,11,0.5,0.6,1.7,1.1,0,0
85,14,0,52,1,2,4,13,0,0
86,14,0,60.5,7,3,18,10,0,17
87,14,0,38,2,2,5,6,0,0
88,14,0,67,7,4,4,14,0,0
89,14,0,83,5,2,7,22,0,0
90,14,0,47.5,3,4,8,7,0,0
91,14,0,82,5,4,13,7,0,0
92,14,0,32.5,0,4,7,0,0,0
93,14,1,4,0,0.4,0.9,0,0,0
99,14,1,9,0,1.9,1.7,0.2,0,0
100,14,0,46,7,6,3,3,0,0
101,14,1,5,0.2,0.2,1.2,0.4,0,0
102,14,1,4,0.2,0.2,0.9,0.3,0,0
103,14,0,29,0,10,4,0,0,0
104,14,0,43,0,13,2,0,0,0
111,14,0,42,0,4,2,11,0,0
112,14,1,16,0.2,2.5,1.5,3.3,0.2,0
120,14,1,1,0,0.1,0.2,0.1,0,0
125,14,1,6,0.7,0.4,0.9,0.4,0,0
126,14,0,30,0,8,4,0,0,0
127,14,0,83.5,3,3,21,5,0,0
8,15,1,17,0.2,1.6,2.2,1.8,0,0
9,15,1,3,0,0.3,0.4,0.3,0,0
10,15,1,10,0.1,0.9,1.3,1.1,0,0
11,15,1,4,0.1,0.7,0.5,0.2,0,0
12,15,1,6,0.2,1,0.8,0.3,0,0
24,15,1,4,0.2,0.9,0.6,0.2,0,0.2
25,15,1,20,0.8,4.4,3.3,0.8,0,0.8
26,15,1,2,0,0.2,0.3,0.1,0,0
39,15,1,14,0,1.1,4.2,0,0,0
40,15,1,8,0,0.6,2.4,0,0,0
42,15,1,2,0,0.5,0.3,0.1,0,0
43,15,0,70,1,25,3,1,0,2
44,15,1,13,0,3.1,1.7,0.9,0,0
45,15,1,16,0,3.9,2.1,1,0,0
46,15,1,25,1.1,2.2,3.6,3.1,0,0
47,15,1,11,0.5,1,1.6,1.3,0,0
50,15,0,62,0,0,17,0,0,0
51,15,0,31,0,5,6,0,0,0
52,15,1,17.5,0.2,2.3,2.9,1.6,0,0
53,15,1,4,0,0.5,0.7,0.4,0,0
64,15,1,1,0,0.1,0.1,0.2,0,0
65,15,0,48.5,0,1,5,16,0,0
66,15,0,29,2,5,0,6,0,0
67,15,1,15,0.5,1,1.3,3.2,0,0
68,15,1,2,0.1,0.1,0.2,0.4,0,0
74,15,1,5,0.2,0.3,0.4,1.1,0,0
84,15,1,16,0.7,0.8,2.5,1.7,0,0
85,15,1,24.5,1,1.3,3.8,2.6,0,0
86,15,1,3,0.2,0.4,0.7,0,0,0
87,15,0,39,4,1,13,0,0,0
88,15,0,46,0,6,12,1,0,0
89,15,0,40,1,2,3,10,0,0
90,15,0,85,2,3,5,18,0,0
91,15,0,31,0,4,5,5,0,0
92,15,1,31,0,2.8,6.8,0.4,0.4,0
100,15,1,2,0,0.4,0.4,0,0,0
103,15,1,7,0.3,0.3,1.7,0.6,0,0
104,15,1,10,0.4,0.4,2.4,0.9,0,0
110,15,1,4,0.1,0.5,0.8,0.2,0,0
111,15,0,42,4,4,5,2,0,0
112,15,0,25,0,6,4,2,0,0
126,15,1,10,0.2,0.4,3.4,0,0,0.2
127,15,0,107.5,2,0,30,6,0,0
8,16,1,33,0.4,3,4.4,3.5,0,0
9,16,1,13,0.2,1.2,1.7,1.3,0,0
10,16,0,46,3,1,0,13,0,0
11,16,1,16,0.5,2.7,2.2,0.8,0,0
12,16,0,28,1,4,3,3,0,0
13,16,1,27.5,0.9,4.6,3.7,1.4,0,0
14,16,1,6,0.2,1,0.8,0.3,0,0
21,16,1,1,0.1,0.2,0.2,0,0,0
25,16,0,85,7,0,20,2,1,0
26,16,0,38,2,7,6,0,0,0
27,16,1,24,0,2.8,3.6,1.4,0,0
30,16,1,8,0,0.9,1.2,0.5,0,0
31,16,1,1,0,0.1,0.3,0,0,0
34,16,1,35.5,0,0.9,10.8,0.9,0,0
35,16,1,3,0,0.1,0.9,0.1,0,0
38,16,1,21,0,1.6,6.4,0,0,0
39,16,1,8,0,0.6,2.4,0,0,0
43,16,0,40,0,10,4,1,0,0
44,16,0,27,2,1,1,8,0,0
45,16,0,35,1,5,0,8,0,0
46,16,1,23,1,2.1,3.3,2.8,0,0
52,16,1,23,0.2,3,3.9,2.1,0,0
53,16,1,17,0.2,2.2,2.8,1.6,0,0
65,16,1,20,0,2.3,0.9,4.6,0,0
66,16,1,16,0.5,1.1,1.3,3.5,0,0
84,16,1,13,0.5,0.7,2,1.4,0,0
85,16,0,43,2,0,11,0,0,0
86,16,0,21.5,0,6,5,0,0,0
87,16,1,5,0.3,0.6,1.2,0.1,0,0
89,16,1,3,0.2,0.4,0.7,0,0,0
90,16,0,32.5,2,6,0,3,0,0
91,16,0,66,5,2,6,13,0,0
92,16,0,60.5,2,6,16,1,1,13
110,16,1,10,0.1,1.4,2.1,0.4,0,0
111,16,1,7,0.1,1.1,0.7,1.4,0.1,0
112,16,1,2,0,0.3,0.2,0.4,0.1,0
113,16,1,11,0.1,1.7,1.1,2.3,0.1,0
127,16,1,29,0.5,1.2,10,0,0,0.7
6,17,1,3,0.1,0.4,0.3,0.3,0,0
7,17,1,4,0.1,0.5,0.4,0.4,0.1,0
8,17,1,24,0.8,3.2,2.5,2.3,0.3,0
9,17,1,10,0.3,1.4,1,1,0.1,0
10,17,1,7,0.2,0.9,0.7,0.7,0.1,0
12,17,1,3,0.1,0.4,0.4,0.3,0,0
13,17,0,36,0,6,3,3,0,0
14,17,0,44.5,2,0,5,8,0,0
15,17,1,28,0.6,4,4,3,0,0
16,17,1,22,0.8,2.2,2.1,3.7,0,0
17,17,1,21,0.8,2.1,2,3.5,0,0
18,17,1,17,0.6,1.7,1.6,2.9,0,0
19,17,1,5,0.2,0.5,0.5,0.8,0,0
20,17,1,4,0.1,0.4,0.4,0.7,0,0
21,17,1,4,0.2,0.2,0.6,0.3,0,0
24,17,1,4,0.2,0.2,0.6,0.3,0,0
25,17,0,42,0,2,13,0,0,0
26,17,0,62,9,1,6,8,0,0
27,17,0,111.5,3,52,1,2,0,34
28,17,0,30.5,4,2,3,9,0,0
29,17,0,151,5,9,20,35,0,14
30,17,0,89.5,11,0,5,30,0,0
31,17,0,43,7,3,0,6,0,0
32,17,0,44,17,4,2,0,0,0
33,17,0,26,3,1,2,5,0,0
34,17,1,12,0.7,1,2.1,0.8,0,0
35,17,1,2,0.1,0.2,0.4,0.1,0,0
36,17,1,5,0.1,0.6,0.7,0.5,0,0
37,17,1,3,0.1,0.4,0.4,0.3,0,0
38,17,0,30,0,2,5,4,0,0
39,17,0,35.5,1,2,7,1,0,0
40,17,1,9,0.2,1,1.3,1,0,0
42,17,1,4,0.1,1.2,0.2,0,0,0
43,17,1,36,0.8,10.7,2.3,0,0,0
45,17,1,7,0.2,2.1,0.4,0,0,0
65,17,1,44,0,4.4,7.6,2.5,0,0
66,17,1,2,0.1,0.1,0.2,0.4,0,0
70,17,1,4,0.1,0.3,0.3,0.9,0,0
84,17,1,5,0.2,0.3,0.8,0.5,0,0
85,17,1,13,0.5,0.7,2,1.4,0,0
86,17,1,1,0.1,0.1,0.1,0.2,0,0
91,17,1,25,2.8,2.1,2.8,4.8,0,0
92,17,0,38,2,5,7,2,0,0
93,17,1,5,0.5,0.4,0.6,1,0,0
101,17,1,2,0.2,0.4,0.1,0.1,0,0
102,17,1,1,0.1,0.2,0,0.1,0,0
110,17,1,4,0.5,0.5,0.3,0.1,0,0
113,17,1,3,0.1,0.4,0.6,0.1,0,0
5,18,1,1,0,0,0.2,0.2,0,0
6,18,0,43.5,1,3,4,5,0,0
7,18,1,30,0.9,4,3.1,2.9,0.4,0
8,18,1,22,0.7,3,2.2,2.1,0.3,0
12,18,1,8,0.2,1.1,1.1,0.9,0,0
13,18,1,2,0,0.3,0.3,0.2,0,0
14,18,1,10,0.2,1.4,1.4,1.1,0,0
15,18,0,27,0,8,2,2,0,0
16,18,1,1,0,0.1,0.1,0.2,0,0
17,18,0,46,0,0,0,16,0,0
18,18,0,49,4,4,2,10,0,0
19,18,0,35,0,8,4,2,0,0
20,18,1,12,0.4,1.2,1.2,2,0,0
23,18,1,2,0.1,0.1,0.3,0.1,0,0
24,18,0,43,0,11,3,3,0,0
25,18,1,16,0.6,0.8,2.6,1.1,0,0
26,18,1,14,0.6,2,1.6,1.1,0,0
27,18,1,20,0.8,2.9,2.3,1.6,0,0
28,18,0,36.5,0,0,8,8,0,7
29,18,0,97,13,3,10,31,0,0
30,18,0,42.5,4,3,0,13,0,0
31,18,0,40,2,0,10,4,0,0
32,18,1,21.5,1.2,1.7,3.8,1.5,0,0
33,18,0,33.5,1,4,6,2,0,0
34,18,0,47,6,0,8,5,0,0
35,18,1,3,0.2,0.2,0.5,0.2,0,0
36,18,1,5,0.1,0.6,0.7,0.5,0,0
37,18,0,46,0,2,4,7,0,0
38,18,1,5,0.1,0.6,0.7,0.5,0,0
39,18,1,4,0.1,0.5,0.6,0.4,0,0
64,18,1,14,0,1.4,2.4,0.8,0,0
65,18,1,5,0,0.5,0.8,0.3,0,0
89,18,1,3,0.3,0.3,0.3,0.6,0,0
92,18,1,2,0.2,0.2,0.2,0.4,0,0
102,18,1,2,0.2,0.4,0.1,0.1,0,0
105,18,1,4,0.3,0.9,0.1,0.3,0,0
106,18,1,17,1.9,2.3,1.3,0.6,0,0
107,18,0,35,3,15,0,0,0,0
108,18,1,14,1.6,1.9,1.1,0.4,0,0
110,18,0,66.5,7,10,6,6,0,0
4,19,1,2,0.1,0,0.3,0.4,0,0
5,19,1,35.5,1.7,0.8,5.7,6.5,0,0
6,19,1,24,0.8,3.2,2.5,2.3,0.3,0
7,19,1,18,0.6,2.4,1.9,1.7,0.2,0
8,19,1,14,0.5,1.9,1.4,1.3,0.2,0
14,19,1,20,0.5,2.8,2.8,2.2,0,0
15,19,1,9,0.2,1.2,1.3,1,0,0
18,19,1,16,0.6,1.6,1.5,2.7,0,0
19,19,0,31.5,2,1,1,11,0,0
20,19,0,44,7,1,3,3,0,0
22,19,1,25.5,1,1.2,4.2,1.7,0,0
23,19,0,51,4,4,2,9,0,0
24,19,0,56,1,5,7,8,0,0
25,19,1,17,0.7,0.8,2.8,1.1,0,0
28,19,1,18,0.7,2.6,2,1.5,0,0
29,19,0,89.5,1,6,26,10,0,25
30,19,1,21,0.8,3,2.4,1.7,0,0
33,19,1,7,0.4,0.6,1.2,0.5,0,0
34,19,0,40,1,1,5,9,0,0
35,19,1,10,0.5,0.8,1.8,0.7,0,0
37,19,1,5,0.1,0.6,0.7,0.5,0,0
103,19,1,7,0.6,1.5,0.3,0.5,0,0
104,19,1,24,2.2,5.1,0.9,1.7,0,0
105,19,0,29,5,9,0,0,0,0
106,19,0,104,24,8,10,2,0,0
107,19,0,80.5,5,18,15,1,0,0
108,19,0,87.5,0,42,0,1,0,0
109,19,0,50.5,0,1,9,14,0,0
110,19,0,47,9,1,6,4,0,0
14,20,1,12,0.3,1.7,1.7,1.3,0,0
16,20,1,4,0.1,0.4,0.4,0.7,0,0
17,20,1,15,0.5,1.5,1.5,2.5,0,0
18,20,1,16.5,0.6,1.7,1.6,2.7,0,0
19,20,1,18.5,0.6,1.9,1.8,3.1,0,0
20,20,1,19,0.7,1.9,1.8,3.2,0,0
21,20,0,96.5,0,29,5,9,0,0
22,20,1,12.5,0.5,0.6,2.1,0.8,0,0
23,20,1,14,0.5,0.7,2.3,0.9,0,0
24,20,0,46,0,6,6,5,0,0
27,20,1,5,0.2,0.7,0.6,0.4,0,0
28,20,0,31.5,0,1,11,0,0,0
29,20,0,61.5,5,9,12,7,0,12
30,20,1,20,0.8,2.9,2.3,1.6,0,0
33,20,1,6,0.3,0.5,1.1,0.4,0,0
34,20,1,12,0.7,1,2.1,0.8,0,0
57,20,1,2,0,0.2,0.4,0.1,0,0
103,20,1,16,1.4,3.4,0.6,1.2,0,0
104,20,0,61,4,15,3,10,0,0
105,20,0,110.5,17,43,1,2,0,7
106,20,0,47,9,10,2,4,0,0
107,20,0,71,5,2,3,19,0,0
108,20,0,68,11,4,1,18,0,0
109,20,0,117.5,7,2,7,37,0,0
110,20,1,29,3.2,3.9,2.3,1,0,0
111,20,1,7,0.1,1,1.4,0.3,0,0
112,20,1,11,0.1,1.5,2.3,0.5,0,0
113,20,1,2,0,0.3,0.4,0.1,0,0
2,21,1,5,0.3,0.1,0.8,0.9,0,0
19,21,1,4,0.1,0.4,0.4,0.7,0,0
20,21,1,23,0.8,2.3,2.2,3.9,0,0
21,21,0,28,1,10,1,0,0,0
22,21,0,41.5,0,2,11,1,0,0
23,21,1,5,0.2,0.3,0.8,0.3,0,0
24,21,1,4,0.2,0.2,0.6,0.3,0,0
56,21,1,1,0,0.1,0.2,0,0,0
103,21,0,59,6,8,6,9,0,0
104,21,0,70.5,11,4,4,12,0,0
105,21,0,102.5,8,14,4,21,0,0
106,21,1,25,2.8,3.4,2,0.8,0,0
107,21,0,47,4,7,5,4,0,0
108,21,0,86,2,0,1,30,0,0
109,21,0,23,3,0,1,7,0,0
110,21,0,52,6,2,6,6,0,0
111,21,0,48,10,12,1,0,0,0
112,21,0,47,0,15,3,0,0,0
113,21,1,18,0.2,2.5,3.8,0.7,0,0
114,21,1,4,0.1,0.5,0.8,0.2,0,0
2,22,0,35.5,0,2,9,1,0,0
103,22,0,34,5,3,0,13,0,0
104,22,1,43,7.5,1.2,1.9,6.2,0,0
105,22,0,79,6,8,3,13,0,0
106,22,0,74,3,4,12,14,0,0
107,22,0,85.5,10,3,3,28,0,0
108,22,0,82,3,1,0,34,0,0
109,22,0,117.5,5,2,5,31,0,5
110,22,0,103.5,20,4,1,27,0,0
111,22,0,73.5,7,2,2,18,0,0
112,22,1,62.5,4.4,0.8,5.9,9.6,0,0
1,23,1,2,0,0.1,0.2,0.4,0,0
2,23,1,28,0.6,1.2,3,5.3,0,0
103,23,1,16,2.8,0.5,0.7,2.3,0,0
104,23,0,90.5,1,13,10,14,0,0
105,23,0,73,0,24,4,1,0,0
106,23,0,65.5,1,32,2,1,0,20
107,23,0,87,9,3,5,26,0,0
108,23,0,115.5,10,4,6,27,0,0
109,23,0,89,17,8,3,13,0,0
110,23,0,29,5,3,0,4,0,0
122,23,1,2,0.3,0.1,0.3,0.1,0,0
123,23,1,4,0.5,0.3,0.6,0.2,0,0
0,24,1,5,0.2,0.8,0.8,1,0,0
1,24,0,34.5,1,3,7,0,0,0
2,24,0,27.5,3,1,5,3,0,0
56,24,1,8,0.6,0.3,1.1,1.1,0,0
103,24,1,8,1.4,0.2,0.3,1.2,0,0
104,24,0,51,0,0,18,2,0,0
105,24,0,148.5,0,1,63,0,0,50
106,24,0,94,0,31,9,1,0,4
107,24,0,125,2,46,1,2,0,10
108,24,0,75.5,0,10,12,11,0,12
109,24,0,34,0,0,14,0,0,11
110,24,1,14,0.4,1.4,0,3.8,0,1.4
112,24,1,5,0.3,0.1,0.5,0.8,0,0
122,24,1,2,0.3,0.1,0.3,0.1,0,0
123,24,1,3,0.4,0.2,0.4,0.2,0,0
1,25,1,9,0.2,0.4,1,1.7,0,0
2,25,0,31,4,2,1,6,0,0
45,25,1,7,0.1,1.7,0.9,0.1,0,0
48,25,1,3,0,0.3,0.4,0.3,0,0
49,25,1,9,0,1.1,1.1,0.8,0,0
60,25,1,3,0.3,0.1,0.4,0.4,0,0
106,25,0,40,0,14,3,0,0,0
107,25,0,122,0,59,0,0,0,11
108,25,0,100.5,0,14,0,33,0,19
109,25,0,67.5,0,0,23,0,0,20
123,25,1,3,0.4,0.2,0.4,0.2,0,0
1,26,1,4,0.1,0.2,0.4,0.7,0,0
2,26,1,4,0.1,0.2,0.4,0.7,0,0
45,26,1,48.5,0.9,11.3,6.1,0.9,0,0
46,26,1,17.5,0,2.1,2.2,1.6,0,0
47,26,0,35,3,7,3,0,0,0
48,26,0,48.5,1,4,11,1,0,0
49,26,1,3,0,0.3,0.4,0.3,0,0
57,26,1,7.5,0.6,0.3,1,1,0,0
58,26,1,51.5,4.2,2.1,7,6.9,0,0
59,26,1,4,0.3,0.2,0.6,0.5,0,0
60,26,0,66.5,0,8,14,1,0,0
61,26,1,8,0,1.5,1.6,0,0,0
105,26,1,2,0.3,0.1,0.1,0.3,0,0
106,26,0,141.5,0,53,0,0,0,53
107,26,0,31,0,12,0,0,0,0
108,26,1,24,0.6,2.4,0,6.6,0,2.4
109,26,1,2,0.1,0.2,0,0.5,0,0.2
45,27,0,47.5,1,5,1,15,0,4
46,27,1,20,1.6,0.6,1.2,4,0,0
47,27,0,42,2,7,4,5,0,0
48,27,0,36.5,0,9,3,1,0,0
57,27,1,27,0,1.3,6.3,2.7,0,0
58,27,0,74.5,2,13,7,10,0,0
59,27,0,66,0,7,2,19,0,0
60,27,0,53,1,1,8,8,0,0
67,27,0,38,0,6,5,0,0,0
69,27,1,8,0.7,0.9,1,0.9,0,0
70,27,1,11,0.9,1.3,1.4,1.2,0,0
9,28,1,7,0.4,0.9,0.2,1.5,0,0
10,28,0,47,1,2,4,8,0,0
11,28,0,78,3,16,9,3,0,15
12,28,0,88,2,1,21,8,0,6
13,28,1,21,1.4,2.2,4,2.7,0,0
16,28,1,1,0,0,0.1,0.3,0,0
43,28,1,5,0.1,1,0.7,0.2,0,0
44,28,1,14,0.4,2.6,2,0.5,0,0
45,28,0,47,5,3,4,9,0,0
46,28,0,85,5,4,6,17,0,0
47,28,0,42.5,3,4,7,4,0,0
57,28,1,12.5,0,0.6,2.9,1.3,0,0
58,28,0,54,0,2,16,2,0,0
59,28,0,35,0,5,7,0,0,0
60,28,0,49.5,1,2,4,12,0,0
61,28,1,16.5,0,3.2,3.3,0,0,0
67,28,1,13.5,1.2,1.6,1.7,1.4,0,0
68,28,0,33,0,10,3,0,0,0
69,28,1,17,1.5,2,2.1,1.8,0,0
70,28,0,65.5,4,1,11,12,0,0
71,28,0,41.5,3,6,5,2,0,0
72,28,1,5,0,0.6,0.8,0.4,0,0
106,28,1,4,0.3,0,0.4,0.6,0,0
9,29,1,20,1.1,2.7,0.5,4.3,0,0
10,29,1,7,0.4,0.9,0.2,1.5,0,0
11,29,0,32,2,4,4,6,0,0
12,29,1,13,0.8,1.4,2.5,1.7,0,0
13,29,1,7,0.5,0.7,1.3,0.9,0,0
23,29,1,3,0.1,0.1,0.2,0.8,0,0
42,29,1,9,0.2,1.7,1.3,0.3,0,0
43,29,1,17,0.4,3.2,2.5,0.6,0,0
44,29,1,7,0.2,1.3,1,0.3,0,0
46,29,0,42,4,0,0,14,0,0
47,29,1,9,0.7,0.3,0.5,1.8,0,0
58,29,1,14,0,0.7,3.2,1.4,0,0
60,29,1,7,0,0.4,1.6,0.7,0,0
61,29,1,9,0,1.7,1.8,0,0,0
67,29,1,8,0.7,0.9,1,0.9,0,0
68,29,0,56.5,1,6,9,6,0,0
69,29,0,45,4,4,3,8,0,0
70,29,0,40,1,2,3,7,0,0
71,29,0,53,1,2,2,18,0,0
72,29,0,55,1,2,2,14,0,0
73,29,0,40,5,0,4,7,0,0
74,29,0,35,3,6,3,1,0,0
75,29,1,33,0,3.7,5.6,2.3,0,0
76,29,1,5,0.3,0.2,1.1,0.1,0,0
84,29,1,7,0.4,0.3,1.5,0.2,0,0
93,29,1,2,0.2,0.2,0,0.5,0,0
103,29,1,9,0.5,0.2,0.3,2.3,0,0
106,29,1,6,0.4,0.1,0.6,0.9,0,0
10,30,1,3,0.2,0.4,0.1,0.6,0,0
11,30,1,6,0.4,0.6,1.1,0.8,0,0
23,30,0,52.5,0,10,8,2,0,0
24,30,0,30,0,2,2,8,0,0
25,30,1,14,0.6,0.6,0.8,3.4,0,0
39,30,1,2,0,0.2,0.2,0.3,0,0
41,30,1,23,0.6,4.3,3.3,0.8,0,0
42,30,1,23,0.6,4.3,3.3,0.8,0,0
43,30,1,17,0.4,3.2,2.5,0.6,0,0
46,30,1,26,2,0.8,1.6,5.2,0,0
65,30,1,14.5,0,2.8,2.9,0,0,0
66,30,0,27,0,5,6,0,0,0
67,30,1,26,2.2,3,3.3,2.8,0,0
68,30,1,20,1.8,2.3,2.5,2.1,0,0
70,30,0,46,3,6,3,7,0,0
71,30,1,13,0,1.5,2.2,0.9,0,0
72,30,1,3,0,0.4,0.5,0.2,0,0
73,30,1,13,0,1.5,2.2,0.9,0,0
75,30,1,4,0,0.4,0.7,0.3,0,0
84,30,1,5,0.3,0.2,1.1,0.1,0,0
85,30,1,29,1.5,1.1,6.5,0.8,0,0
88,30,1,3,0.8,0.1,0.3,0,0,0.1
16,31,1,2,0.1,0.1,0.1,0.5,0,0
24,31,1,29,1.2,1.2,1.7,7.1,0,0
25,31,0,47,3,2,5,7,0,0
26,31,1,10,0,1.2,1.3,0.9,0,0
27,31,1,19.5,0,2.4,2.5,1.8,0,0
28,31,1,9,0,1.1,1.1,0.9,0,0
29,31,1,26,0,3.2,3.3,2.4,0,0
39,31,1,8,0.1,0.8,0.8,1,0,0
40,31,1,53,0.8,5.1,5.1,6.7,0,0
41,31,0,30,0,9,4,0,0,0
42,31,1,2,0,0.4,0.3,0.1,0,0
45,31,0,25,1,9,1,1,0,0
46,31,1,4,0.3,0.1,0.3,0.8,0,0
48,31,1,6,0.4,0.2,0.4,1.2,0,0
65,31,1,8,0,1.5,1.6,0,0,0
82,31,1,1.5,0.1,0.1,0.3,0,0,0
84,31,1,29,1.5,1.1,6.5,0.8,0,0
85,31,0,44,5,0,10,2,0,0
86,31,1,77,19.2,2.7,8.3,0,0,3.7
87,31,1,4,1,0.2,0.4,0,0,0.2
94,31,1,16,1.5,1.5,0,4.5,0,0
95,31,1,14,1.3,1.3,0,4,0,0
96,31,1,26,1.5,0.7,0.8,6.7,0,0
97,31,0,118,1,35,1,1,0,18
113,31,1,7,0.5,0.1,0.6,1.1,0,0
16,32,1,22,1.2,0.8,2.7,4.2,0,0
17,32,1,6,0.3,0.2,0.7,1.2,0,0
23,32,1,20,1.1,3.3,1.1,1.8,0,0
24,32,1,35,1.9,5.7,1.9,3.2,0,0
27,32,1,4,0,0.1,0.4,1,0,0
28,32,0,42,3,4,4,4,0,0
29,32,1,20.5,0,0.6,1.7,5.2,0,0
30,32,1,9,0,0.2,0.8,2.3,0,0
38,32,1,4,0.1,0.5,0.4,0.6,0,0
39,32,1,15,0.6,1.8,1.4,2.1,0,0
40,32,1,21,0.8,2.5,2,2.9,0,0
45,32,1,11,0.2,2.2,0.7,2.2,0,0
76,32,1,9,0.4,1.6,1.3,0.4,0,0
82,32,1,4,0.5,0.4,0.5,0.4,0,0
83,32,0,53,0,11,11,2,0,0
84,32,0,80,3,3,24,7,0,0
85,32,0,65.5,1,22,2,9,0,0
86,32,0,121,5,27,15,0,0,0
87,32,0,26,0,0,1,10,0,10
92,32,1,3,0.3,0.2,0.1,0.7,0,0
93,32,0,58.5,3,14,4,9,0,0
94,32,0,62.5,5,5,2,16,0,0
95,32,0,95,8,8,4,20,0,0
96,32,0,57,6,1,7,12,0,0
97,32,0,40,1,11,2,0,0,6
99,32,1,7,0,1.7,1.3,0.2,0,0
100,32,1,2,0,0.5,0.4,0,0,0
115,32,1,8,0.9,0.9,0.6,0.9,0,0
121,32,1,2,0.1,0.4,0.2,0.1,0,0
15,33,1,9,0.3,0.8,1.7,0.8,0,0
16,33,0,37,2,0,4,6,0,0
17,33,1,11,0.6,0.4,1.3,2.1,0,0
30,33,1,2,0,0,0.2,0.5,0,0
37,33,1,8,0.3,0.9,0.8,1.1,0,0
38,33,0,41,1,5,1,7,0,0
39,33,0,52,2,5,6,13,0,0
40,33,1,27,1,3.2,2.5,3.8,0,0
75,33,1,15,0.2,1.2,3.6,0,0,0
76,33,1,18,0.7,3.2,2.6,0.9,0,0
82,33,1,2,0.2,0.2,0.3,0.2,0,0
83,33,1,4,0.5,0.4,0.5,0.4,0,0
84,33,0,57,5,4,11,9,0,10
85,33,0,75.5,1,0,15,11,0,0
86,33,0,77,6,4,20,1,0,0
87,33,0,22,1,2,7,1,0,0
88,33,1,2,0.3,0.1,0.4,0,0,0
92,33,1,3,0.3,0.2,0.1,0.7,0,0
94,33,0,62,3,1,3,18,0,0
95,33,0,82.5,5,3,9,9,0,6
96,33,0,42.5,2,2,11,5,0,8
98,33,1,8,0,1.9,1.5,0.2,0,0
99,33,0,38,5,4,7,2,0,0
100,33,0,46,0,9,9,3,0,0
127,33,0,32,0,5,9,6,0,0
15,34,1,38.5,1.4,3.5,7.1,3.5,0,0
16,34,1,18,1,0.6,2.2,3.5,0,0
38,34,1,1,0,0.1,0.1,0.2,0,0
39,34,1,20,0.8,2.3,1.9,2.8,0,0
40,34,1,30,1.2,3.5,2.8,4.2,0,0
65,34,1,4,0.1,0.2,0.7,0.4,0,0
72,34,1,12,0.2,1,2.8,0,0,0
73,34,0,123,0,15,31,0,0,0
74,34,0,45,0,8,10,0,0,0
76,34,0,48,5,10,1,3,0,0
77,34,1,10,0.4,1.7,1.5,0.5,0,0
82,34,0,31,2,3,3,6,0,4
83,34,1,2,0.2,0.2,0.3,0.2,0,0
84,34,0,52,2,0,13,9,0,15
85,34,0,70,5,4,4,20,0,0
86,34,0,99,16,7,1,21,0,0
87,34,1,7,1.1,0.3,1.3,0.3,0,0
88,34,1,4,0.6,0.2,0.8,0.1,0,0
89,34,1,3,0.5,0.1,0.6,0.1,0,0
93,34,1,6,0.6,0.4,0.2,1.4,0,0
94,34,0,54.5,2,2,2,18,0,0
95,34,0,75.5,13,3,1,12,0,0
96,34,1,3,0,0.7,0.6,0.1,0,0
97,34,1,7,0,1.7,1.3,0.2,0,0
98,34,0,40,1,5,8,2,0,0
99,34,0,69.5,1,0,25,0,0,0
100,34,1,4,0,1,0.7,0.1,0,0
101,34,1,3,0,0,0.8,0.1,0,0
116,34,1,30,3.4,0.6,5.2,0,0,6.3
117,34,0,209,47,0,15,0,0,19
118,34,0,220,79,0,0,0,0,6
119,34,0,134,24,23,0,0,0,1
120,34,0,111,1,43,0,0,0,17
125,34,1,10.5,0.4,1.9,1.1,0.7,0,0
126,34,1,16,2.3,1.8,2.1,0.2,0,0
127,34,1,19.5,2.8,2.3,2.5,0.2,0,0
3,35,1,17,0.9,0.3,1.8,5,0,0
4,35,1,18,1,0.3,1.9,5.3,0,0
5,35,1,3,0.2,0,0.3,0.9,0,0
15,35,1,7,0.3,0.6,1.3,0.6,0,0
40,35,1,2,0.1,0.2,0.2,0.3,0,0
49,35,1,1,0,0.2,0.1,0.1,0,0
72,35,0,46,19,1,0,0,0,0
73,35,0,116,19,13,19,1,0,15
74,35,0,152.5,7,30,11,11,0,25
75,35,0,41,2,4,2,12,0,0
76,35,0,54.5,5,2,1,14,0,0
77,35,0,62.5,6,1,9,11,0,6
78,35,1,11,0.4,1.9,1.6,0.6,0,0
79,35,1,16.5,0.7,2.9,2.4,0.8,0,0
80,35,1,21,0.8,3.7,3.1,1,0,0
81,35,1,18,2.2,1.5,2.3,1.9,0,0
83,35,1,18,2.2,1.5,2.3,1.9,0,0
84,35,0,91.5,7,11,4,16,0,7
85,35,0,94,2,6,20,21,0,19
86,35,0,91.5,9,6,11,12,0,0
87,35,0,35,2,7,5,2,0,0
88,35,1,10,1.5,0.4,1.9,0.4,0,0
92,35,1,2,0.2,0.1,0.1,0.5,0,0
93,35,0,39,4,4,1,9,0,0
94,35,0,107.5,9,6,7,24,0,0
95,35,0,72,1,1,23,6,0,10
96,35,0,31.5,1,0,1,12,0,0
97,35,0,48,4,16,2,0,0,0
98,35,0,72,14,18,1,0,0,0
99,35,1,2,0,0.5,0.4,0,0,0
107,35,1,2,0,0.1,0.6,0,0,0
108,35,1,74,0.9,0.9,22.9,0,0,0
109,35,1,2,0,0.1,0.6,0,0,0
110,35,1,2,0,0.1,0.6,0,0,0
115,35,1,18,2,2,1.3,2,0,0
116,35,0,60.5,11,0,17,0,0,27
117,35,0,165.5,34,0,29,0,0,45
118,35,0,136,60,0,1,0,0,61
119,35,0,142,44,3,0,0,0,45
120,35,0,133.5,0,58,0,0,0,5
121,35,1,3,0.1,0.6,0.3,0.2,0,0
125,35,1,13,0.4,2.3,1.4,0.9,0,0
126,35,0,84.5,11,10,10,4,0,0
127,35,0,144,52,0,0,0,0,1
4,36,1,7,0.4,0.1,0.7,2.1,0,0
54,36,1,6,0.3,1,0.5,0.7,0,0
70,36,1,5,0.2,0.8,0.7,0.2,0,0
71,36,1,36.5,0.6,2.9,8.6,0,0,0
72,36,0,39,1,7,5,7,0,0
73,36,0,89,4,6,3,23,0,4
74,36,0,63,3,6,2,16,0,0
75,36,0,62.5,5,10,4,11,0,0
76,36,0,77,14,6,2,11,0,0
77,36,0,69,6,2,7,15,0,0
78,36,0,33.5,0,4,5,6,0,0
79,36,0,35,3,4,6,1,0,0
80,36,1,17,0.7,3,2.5,0.8,0,0
83,36,0,46,2,4,21,0,0,17
84,36,0,77,16,8,2,6,0,0
85,36,0,111,8,3,21,21,0,0
86,36,0,124,13,3,30,6,0,22
87,36,0,33,2,1,6,5,0,0
94,36,1,37.5,3.6,2.2,1.5,8.7,0,0
95,36,0,114,2,4,3,37,0,0
96,36,0,103.5,3,3,8,27,0,1
97,36,0,31,3,4,3,4,0,1
107,36,1,4,0,0.1,1.2,0,0,0
108,36,0,171,7,1,55,0,0,42
109,36,0,64,20,3,0,2,0,15
115,36,1,1,0.1,0.1,0.1,0.1,0,0
116,36,1,22,2.6,0.4,3.8,0,0,4.7
117,36,0,262.5,41,0,57,0,0,98
118,36,0,213.5,57,0,16,0,0,72
119,36,0,156,26,25,2,15,0,54
120,36,0,83.5,3,18,14,6,0,25
121,36,0,153,0,0,44,0,0,16
122,36,0,56.5,0,0,20,0,0,0
126,36,0,32,1,6,5,2,0,2
127,36,0,210.5,17,2,41,21,0,22
48,37,1,2,0.1,0.3,0.2,0.2,0,0
56,37,1,7,0.2,0.3,1.3,0.7,0,0
67,37,1,2,0.1,0.3,0.3,0.1,0,0
68,37,1,14.5,0.7,2.2,1.9,0.7,0,0
71,37,0,62,2,3,5,17,0,0
72,37,0,82,3,10,7,14,0,0
73,37,1,19,2.6,3.1,1.3,2.2,0,0
74,37,0,30,5,5,2,2,0,0
75,37,1,12,1.7,1.9,0.8,1.4,0,0
76,37,0,35,2,4,1,9,0,0
77,37,1,27.5,2.2,2.2,2.8,4.5,0,0
78,37,1,20,1.6,1.6,2,3.3,0,0
83,37,0,74.5,2,0,27,0,0,0
84,37,0,84,11,11,6,4,0,0
85,37,1,46,2.7,2.7,8.1,4.1,0,0
86,37,0,124,0,0,49,0,0,12
87,37,0,88,15,4,14,4,0,10
88,37,1,6.5,0.3,0.2,2.2,0.1,0,0
95,37,0,33,2,3,5,5,0,0
96,37,0,111,5,4,32,4,0,5
97,37,1,6,0.3,0.9,1.1,0.2,0,0
108,37,0,77.5,7,1,0,28,0,29
109,37,0,110,0,0,2,44,0,32
115,37,0,41,0,15,3,0,0,0
116,37,0,79,6,19,1,13,0,14
117,37,0,135,27,0,32,0,0,59
118,37,0,351,6,180,27,10,1,214
119,37,0,201.5,0,0,0,76,0,68
120,37,0,219,1,0,1,80,0,73
121,37,0,125.5,2,0,13,32,0,29
122,37,0,103,0,0,33,0,0,0
123,37,1,10,0.5,1.5,1.6,0.2,0,0
125,37,1,23,1.2,3.5,3.5,0.4,0,0
126,37,0,94.5,9,1,2,28,0,1
127,37,0,135,9,8,10,32,0,1
46,38,1,4,0.2,0.7,0.3,0.5,0,0
47,38,1,5,0.3,0.8,0.4,0.6,0,0
48,38,1,7,0.4,1.1,0.6,0.8,0,0
66,38,1,4,0.2,0.6,0.5,0.2,0,0
67,38,1,21,1,3.2,2.8,1,0,0
68,38,1,14,0.7,2.1,1.8,0.7,0,0
69,38,1,12,0.6,1.8,1.6,0.5,0,0
70,38,0,29,0,1,5,7,0,0
71,38,0,38.5,2,4,3,9,0,0
72,38,0,38,4,6,1,3,0,0
84,38,0,76,4,27,3,0,0,0
85,38,0,70,17,10,4,0,0,0
86,38,1,23,1.2,0.8,7.7,0.4,0,0
88,38,0,20,3,5,1,2,0,0
89,38,0,30,0,0,11,0,0,0
90,38,1,20,1,0.7,6.7,0.3,0,0
95,38,0,48,9,0,1,5,0,0
96,38,1,24,1.4,3.5,4.3,0.7,0,0
108,38,0,17,3,0,0,8,0,8
109,38,0,124,0,0,0,58,0,45
110,38,1,39,3.7,0.7,2.2,4.4,0,2.9
111,38,1,3,0.1,0.2,0.8,0.1,0,0.1
113,38,1,27,0.8,2.3,6.9,0.8,0,0.8
114,38,1,5,0.2,0.4,1.3,0.1,0,0.1
115,38,0,177,0,4,54,0,0,28
116,38,0,130,8,40,4,21,0,39
117,38,1,32,1.4,7.5,0.7,2.7,0,4.1
118,38,0,65.5,6,10,3,15,0,15
119,38,0,144,10,1,1,50,0,38
120,38,0,138,3,0,0,52,0,40
121,38,0,151,2,0,4,53,0,46
122,38,0,110.5,18,0,16,12,0,23
123,38,0,62.5,5,1,17,2,0,0
124,38,0,118.5,29,4,8,4,0,2
125,38,0,70,20,3,1,8,0,0
126,38,1,20,1.9,0,0.4,5.6,0,2.3
127,38,0,33,2,0,6,5,0,3
4,39,1,5.5,0.3,0.1,0.6,1.6,0,0
43,39,1,1,0,0.2,0.1,0.2,0,0
47,39,1,22,1.3,3.5,1.8,2.6,0,0
48,39,1,3,0.2,0.5,0.2,0.4,0,0
68,39,1,5,0.2,0.8,0.7,0.2,0,0
69,39,0,29.5,0,4,5,2,0,0
70,39,1,28,1.3,4.3,3.7,1.3,0,0
71,39,1,7.5,1,1.2,0.5,0.9,0,0
84,39,1,16,0.9,1,2.8,1.4,0,0
85,39,0,45.5,13,3,9,0,0,0
89,39,0,66,1,0,25,0,0,0
90,39,0,52,1,11,14,0,0,0
91,39,1,12,1.6,1.6,0.4,1.6,0,0.8
95,39,0,50.5,3,4,0,9,0,3
109,39,0,108.5,0,0,0,42,0,37
110,39,0,74,0,3,2,26,0,8
111,39,0,270,1,30,103,33,0,23
112,39,0,51,0,0,0,24,0,21
113,39,0,150.5,0,1,13,49,0,46
114,39,0,69.5,7,5,8,11,0,1
115,39,0,52,0,22,1,0,0,0
116,39,0,161,4,38,19,19,0,51
117,39,0,145,6,36,4,5,0,21
118,39,0,246,0,0,0,80,0,79
119,39,0,249,9,4,1,82,0,73
120,39,0,186.5,15,5,0,49,0,28
121,39,0,115,4,4,1,35,0,21
122,39,0,70,30,1,2,4,0,6
123,39,0,72,26,2,0,0,0,1
124,39,1,7,0.3,1.1,1.1,0.1,0,0
126,39,1,9,0.9,0,0.2,2.5,0,1
127,39,0,92,18,0,1,14,0,12
43,40,1,1,0,0.2,0.1,0.2,0,0
47,40,0,33,0,1,4,7,0,0
71,40,1,5,0.7,0.8,0.3,0.6,0,0
84,40,1,3,0.2,0.2,0.5,0.2,0,0
85,40,1,3,0.2,0.2,0.5,0.2,0,0
89,40,1,10,0.5,0.3,3.4,0.2,0,0
90,40,0,62,6,9,7,2,0,0
91,40,0,52,12,10,4,0,0,8
92,40,1,10,1.3,1.3,0.4,1.3,0,0.7
93,40,1,5,0.7,0.7,0.2,0.6,0,0.3
94,40,1,3,0.4,0.4,0.1,0.4,0,0.2
95,40,0,31,0,4,2,5,0,0
96,40,1,4,0.2,0.6,0.7,0.1,0,0
109,40,1,2,0.2,0.1,0.1,0.2,0,0.2
110,40,0,71,4,8,1,14,0,1
111,40,0,161,12,43,8,27,0,59
112,40,0,135.5,0,0,6,53,0,49
113,40,0,151,0,0,8,59,0,60
114,40,0,135,3,3,2,48,0,43
115,40,0,92.5,1,1,2,35,0,19
116,40,0,128.5,12,7,3,35,0,2
117,40,0,168,33,6,25,23,0,19
118,40,0,146.5,9,1,2,52,0,46
119,40,0,207.5,5,8,1,60,0,61
120,40,1,15,0.6,3.5,0.3,1.3,0,1.9
121,40,1,4,0.2,0.6,0.6,0.1,0,0
125,40,1,14.5,0.8,2.2,2.2,0.3,0,0
126,40,0,53.5,3,0,1,15,0,8
127,40,0,84,10,0,0,33,0,23
38,41,1,3,0,0.6,0.2,0.6,0,0
39,41,1,27,0.6,5.3,1.7,5.3,0,0
40,41,1,3,0,0.6,0.2,0.6,0,0
76,41,1,2,0.1,0.2,0.2,0.3,0,0
89,41,0,57.5,0,0,21,0,0,0
90,41,0,120.5,19,3,25,0,0,18
91,41,0,134.5,57,0,13,0,0,65
92,41,0,201,8,2,61,10,0,65
93,41,0,141,0,1,0,56,0,54
94,41,0,73,1,2,1,31,0,23
95,41,0,49,2,2,9,9,0,11
101,41,1,36,0,0.5,9.7,1,0,0
102,41,1,32,0,0.4,8.6,0.9,0,0
110,41,1,12,1.1,0.2,0.7,1.4,0,0.9
111,41,0,39,8,3,1,6,0,0
112,41,0,91,0,20,2,16,0,14
113,41,0,124,0,24,15,19,0,28
114,41,0,119.5,9,0,0,36,0,4
115,41,0,136.5,4,6,7,40,0,2
116,41,0,150,5,5,6,50,0,2
117,41,0,235,19,18,11,52,0,11
118,41,0,159.5,14,9,17,37,0,23
119,41,0,55.5,1,1,3,18,0,3
122,41,0,46.5,25,0,0,0,0,25
123,41,0,101.5,49,0,2,0,0,49
124,41,0,104,0,0,31,0,0,0
125,41,0,118.5,0,0,25,12,0,8
126,41,0,75,1,0,1,31,0,18
127,41,0,115,6,0,0,37,0,17
38,42,0,38,2,2,2,7,0,0
39,42,1,13.5,0.5,1.4,2.2,1.3,0,0
51,42,1,6,0.2,0.4,0.8,0.5,0,0
52,42,1,22,0.8,1.6,2.8,1.9,0,0
89,42,0,204,0,0,62,0,1,23
90,42,0,74.5,2,0,25,3,0,0
91,42,0,195,7,0,72,0,0,72
92,42,0,220,14,14,53,0,0,51
93,42,0,125,4,33,0,23,0,23
94,42,0,85.5,7,2,0,32,0,21
95,42,0,100,0,17,0,33,0,45
96,42,1,7,0.4,0.1,0.6,1.8,0,0.1
97,42,1,6,0.3,0.1,0.5,1.6,0,0.1
98,42,1,1,0,0,0.1,0.3,0,0
101,42,0,109,0,0,32,0,0,0
102,42,1,3,0.2,0,0.2,0.8,0,0.5
103,42,0,81,0,0,1,29,0,28
104,42,0,100,0,0,0,41,0,41
105,42,1,4,0.2,0,0.2,1.2,0,0.7
108,42,1,9,0,2.6,0.6,0.2,0,0
109,42,0,40,0,15,2,0,0,0
110,42,0,55,6,14,2,0,0,0
111,42,0,172.5,33,4,13,18,0,0
112,42,0,88.5,3,33,0,10,0,21
113,42,0,120.5,4,58,0,2,0,29
114,42,0,73.5,8,9,3,13,0,7
115,42,0,79,4,3,2,25,0,0
116,42,0,140,12,0,5,42,0,12
117,42,0,157.5,15,5,5,41,0,4
118,42,0,180,18,4,0,51,0,27
119,42,0,56,0,0,1,26,0,21
122,42,1,6,0.6,0.3,0.2,1.2,0,0.5
123,42,0,84,0,0,26,0,0,0
124,42,0,121,10,0,17,17,0,13
125,42,0,118,8,0,3,35,0,27
126,42,0,76,5,0,2,27,0,16
127,42,1,36,2.5,0.3,5.3,4.3,0,4.3
37,43,1,15,0.6,1.5,2.4,1.5,0,0
38,43,0,46,1,1,6,9,0,5
48,43,1,22,0.4,2.7,4.2,0.7,0,3.6
49,43,0,57.5,0,21,0,0,0,2
51,43,0,30,0,2,7,2,0,0
52,43,0,32,1,4,0,6,0,0
53,43,1,22,0.8,1.6,2.8,1.9,0,0
88,43,1,17,0,2.3,4.1,0.4,0,0
89,43,0,139,0,5,38,0,0,0
90,43,0,93.5,1,3,26,0,0,21
91,43,0,78.5,4,0,19,12,0,14
92,43,0,96,8,5,12,22,0,12
93,43,0,114,16,27,0,11,0,0
94,43,0,217.5,3,16,10,59,0,54
95,43,0,53.5,0,0,1,27,0,26
97,43,1,2,0.1,0,0.2,0.5,0,0
98,43,0,45,6,1,6,4,0,0
99,43,0,75,1,0,30,0,0,0
100,43,1,27,1.6,0.5,2.2,7,0,0.5
101,43,0,104,0,0,8,29,0,25
102,43,1,28,1.6,0,1.6,8.1,0,4.8
103,43,0,148,0,1,7,45,0,45
104,43,0,50,1,1,0,22,0,21
105,43,1,5,0.3,0,0.3,1.4,0,0.9
106,43,0,35.5,9,0,0,3,0,0
107,43,0,34,11,1,0,2,0,1
108,43,0,25,1,7,2,1,0,0
109,43,0,131,0,47,0,12,0,11
110,43,0,199.5,2,22,25,23,0,42
111,43,0,127,10,1,4,39,0,30
112,43,0,100,4,22,18,3,0,38
113,43,0,149.5,0,42,28,0,0,56
114,43,0,92,1,17,3,10,0,5
116,43,0,36,0,2,0,15,0,0
117,43,0,178,8,4,3,59,0,1
118,43,0,223.5,9,2,51,36,0,45
119,43,0,189.5,4,3,76,14,0,84
120,43,1,10,1.4,0,1.8,0.5,0,0
121,43,1,4,0.4,0.2,0.1,0.8,0,0.3
122,43,0,97.5,9,1,6,19,0,19
123,43,0,101,1,0,11,20,0,16
124,43,0,41,0,1,0,15,0,7
125,43,0,95.5,0,0,2,33,0,11
126,43,1,17,1.2,0.1,2.5,2.1,0,2.1
7,44,1,4,0.1,0,0.5,0.9,0,0.2
8,44,1,18,0.5,0,2.3,4.1,0,1
22,44,1,2,0,0.3,0.2,0.4,0,0
23,44,1,18,0.5,2.4,1.4,4,0,0
24,44,1,18,0.5,2.4,1.4,4,0,0
25,44,1,1,0,0.2,0.1,0.2,0,0
26,44,1,13,0.4,0.8,1.2,2.1,0,0
36,44,1,7,0.3,0.7,1.1,0.7,0,0
37,44,0,66.5,0,12,2,15,0,0
38,44,0,56,1,1,10,7,0,0
39,44,1,5,0.2,0.5,0.8,0.5,0,0
49,44,0,36,0,5,9,0,0,0
51,44,1,2,0.1,0.1,0.2,0.2,0,0
52,44,0,28.5,4,1,0,7,0,0
53,44,0,55.5,1,3,3,13,0,0
54,44,1,15,0.6,1.1,1.9,1.3,0,0
80,44,1,2,0.2,0.1,0.4,0.1,0,0
81,44,1,18,1.1,1.1,3.7,0.3,0,0
82,44,1,8,0.5,0.5,1.6,0.2,0,0
88,44,1,6,0,0.8,1.5,0.1,0,0
89,44,0,69.5,2,3,18,1,0,0
90,44,0,98.5,6,4,30,1,0,26
91,44,0,119.5,5,1,16,31,0,8
92,44,0,95.5,9,6,6,13,0,0
93,44,0,166,6,58,1,0,0,49
94,44,0,19,0,10,0,3,0,13
95,44,1,3,0.4,0.2,0,0.5,0,0.1
96,44,0,72.5,2,25,2,1,0,1
97,44,0,46.5,4,8,3,5,0,0
98,44,0,62,5,1,17,0,0,0
99,44,0,95,0,0,33,0,0,0
100,44,0,96,1,1,5,30,0,0
101,44,0,96.5,3,4,10,26,0,17
102,44,0,79.5,15,1,0,18,0,24
103,44,1,12,0.7,0,0.7,3.4,0,2.1
106,44,1,5,0,1.4,0.4,0.1,0,0
108,44,1,4,0,1.1,0.3,0.1,0,0
109,44,0,62,0,0,12,9,0,15
110,44,0,132,6,11,28,8,0,37
111,44,0,209,90,2,0,0,0,1
112,44,0,72,12,3,0,14,0,0
114,44,1,15,0.9,1,0,2.8,0,0.3
116,44,0,108.5,2,1,72,1,0,0
117,44,0,124,14,12,11,26,0,1
118,44,0,62,3,3,12,14,0,0
119,44,0,73,2,0,21,18,0,21
120,44,0,51.5,4,2,8,6,0,0
121,44,1,25,2.4,1.4,0.7,5.1,0,2.1
122,44,0,142,8,0,1,41,0,10
123,44,0,74,4,0,9,18,0,22
124,44,0,35,9,0,0,4,0,6
125,44,1,3,0.3,0.2,0.1,0.6,0,0.2
126,44,1,19,1.3,0.2,2.8,2.3,0,2.3
127,44,1,33,2.3,0.3,4.8,4,0,4
6,45,1,1,0.1,0,0.1,0.2,0,0.1
7,45,1,19,0.6,0,2.4,4.3,0,1.1
8,45,1,4,0.1,0,0.5,0.9,0,0.2
23,45,1,11,0.3,1.4,0.9,2.5,0,0
24,45,1,25,0.6,3.3,2,5.6,0,0
25,45,0,42,1,3,2,12,0,0
26,45,1,24,0.9,1.4,2.2,3.9,0,0
27,45,1,2,0.1,0.1,0.2,0.3,0,0
36,45,1,2,0.1,0.2,0.3,0.2,0,0
37,45,1,28.5,1.1,2.9,4.6,2.9,0,0
38,45,1,25.5,1,2.6,4.1,2.6,0,0
39,45,1,3,0.1,0.3,0.5,0.3,0,0
48,45,1,24,0.4,3,4.6,0.7,0,3.9
49,45,0,25,1,6,3,1,0,0
50,45,1,12,0.2,1.5,2.3,0.3,0,1.9
51,45,1,4,0.1,0.3,0.5,0.4,0,0
52,45,0,39,2,6,3,7,0,0
53,45,0,34,2,0,4,9,0,0
61,45,1,2,0,0.1,0.4,0.2,0,0
82,45,1,23,1.4,1.4,4.7,0.5,0,0
86,45,1,19,0,2.5,4.7,0.4,0,0
88,45,0,34,0,10,5,0,0,0
89,45,0,95,4,39,0,0,0,0
90,45,0,56,12,3,11,1,0,10
91,45,0,157,23,6,16,24,0,6
92,45,0,73.5,5,1,5,22,0,0
93,45,1,4,0.5,0.3,0,0.7,0,0.1
95,45,0,25,15,0,0,0,0,0
96,45,0,200,44,40,2,0,0,1
97,45,0,118,7,31,5,12,0,0
98,45,1,7,0.4,0.1,0.6,1.8,0,0.1
99,45,0,73.5,0,1,16,14,0,0
100,45,0,50,5,2,1,16,0,0
101,45,0,34,4,0,8,1,0,0
102,45,0,56,0,6,3,17,0,14
103,45,0,62.5,0,10,11,6,0,3
107,45,1,6.5,0,1.9,0.5,0.1,0,0
109,45,1,5,0,1.4,0.4,0.1,0,0
110,45,1,12.5,0,3.7,0.9,0.2,0,0
111,45,0,82.5,15,4,2,17,0,12
112,45,0,70,5,3,3,22,0,2
113,45,0,58,4,1,1,15,0,0
114,45,1,5,0.3,0.3,0,1,0,0.1
116,45,0,143,0,0,53,0,0,0
117,45,0,73,1,0,33,0,0,0
119,45,0,36.5,7,3,3,2,0,0
120,45,1,21,2.9,0,3.9,1,0,0
121,45,1,3,0.3,0.2,0.1,0.6,0,0.2
122,45,0,87.5,8,1,11,16,0,4
123,45,0,76.5,14,0,3,12,1,0
125,45,1,30,2.9,1.6,0.8,6.2,0,2.5
126,45,0,28,6,0,8,1,0,7
127,45,0,117,0,5,8,37,0,44
5,46,1,1,0.1,0,0.2,0.1,0,0
6,46,0,57,6,5,0,9,0,0
7,46,1,11,0.3,0,1.4,2.5,0,0.6
8,46,1,13,0.3,0,1.7,3,0,0.7
23,46,1,1,0,0.2,0.1,0.2,0,0
24,46,0,22,1,5,3,2,0,0
25,46,0,35,3,3,1,7,0,0
26,46,1,25,0.9,1.4,2.3,4.1,0,0
27,46,1,18,0.6,1.1,1.7,2.9,0,0
46,46,0,37,0,9,4,3,0,0
47,46,1,25,0.5,3.1,4.7,0.7,0,4
48,46,1,22,0.4,2.7,4.2,0.7,0,3.6
49,46,0,98.5,0,0,40,0,0,21
50,46,0,53.5,0,6,14,0,0,0
51,46,1,22,0.8,1.6,2.8,1.9,0,0
52,46,1,27,1,2,3.3,2.4,0,0
53,46,1,16,0.6,1.2,2,1.4,0,0
60,46,1,4,0.1,0.2,0.7,0.4,0,0
79,46,1,7,0.8,0.4,1.2,0.4,0,0
80,46,1,4,0.5,0.2,0.7,0.2,0,0
86,46,1,3,0,0.4,0.7,0.1,0,0
87,46,0,52.5,1,13,6,0,0,0
88,46,0,61,2,8,13,0,0,0
89,46,0,93.5,1,32,7,0,0,1
90,46,0,72,10,10,6,5,0,0
91,46,0,97,20,2,2,18,0,0
92,46,0,80,9,2,6,22,0,0
93,46,1,23,3.1,1.5,0,3.8,0,0.8
95,46,0,35,18,0,1,0,0,3
96,46,0,247,75,40,2,0,0,48
97,46,0,94.5,8,18,7,11,1,10
98,46,0,127,8,6,8,24,0,8
99,46,0,141.5,12,7,1,44,0,0
100,46,0,85,17,3,2,12,0,0
101,46,0,58,14,3,3,10,0,0
102,46,0,96,17,0,1,21,0,21
103,46,0,125,3,3,4,36,0,28
104,46,0,96,10,7,0,18,0,12
105,46,0,32,2,3,1,6,0,0
106,46,0,38,2,0,14,1,0,0
110,46,1,13,0,3.8,1,0.2,0,0
111,46,1,2,0.1,0.1,0,0.4,0,0
112,46,1,25.5,1.6,1.6,0,4.9,0,0.5
113,46,0,109,13,2,14,21,1,7
114,46,0,58,24,0,0,0,0,0
116,46,1,12,1.7,0,2.2,0.6,0,0
117,46,0,40,0,0,26,1,0,0
121,46,0,162.5,3,0,25,18,2,18
122,46,0,148.5,4,3,35,8,0,0
123,46,1,2,0.2,0.1,0.1,0.4,0,0.2
125,46,0,94,0,0,2,42,0,42
126,46,0,41,0,0,5,9,0,13
127,46,0,177.5,0,54,1,24,0,51
5,47,1,13,0.8,0.3,2.5,1.1,0,0
6,47,1,27,2.4,3,1.8,2.4,0,1.8
21,47,1,2,0,0.2,0.2,0.3,0,0
22,47,1,4,0,0.3,0.4,0.6,0,0
24,47,1,5,0,0.4,0.5,0.8,0,0
25,47,1,21,0,1.5,2,3.5,0,0
26,47,1,14,0.3,1,3.6,0.2,0,0
27,47,1,30,0.7,2.2,7.6,0.3,0,0
28,47,1,7.5,0.2,0.5,1.9,0.1,0,0
46,47,0,30,0,4,2,7,0,0
47,47,0,47.5,4,3,0,12,0,0
48,47,1,30.5,2.2,3.9,4.1,1.4,0,0
49,47,1,6,0.4,0.8,0.8,0.3,0,0
50,47,0,52,2,4,9,6,0,0
51,47,0,31,1,3,5,2,0,0
60,47,1,1,0,0.1,0.2,0.1,0,0
78,47,1,17,0.6,3.1,2.4,0.6,0,0
79,47,0,55,1,9,8,3,0,0
80,47,1,3,0.1,0.6,0.4,0.1,0,0
81,47,1,10,1.1,0.6,1.7,0.5,0,0
88,47,1,10,0.2,0.9,2.8,0,0,0
89,47,1,37,0.7,3.2,10.4,0,0,0
90,47,1,10,0.2,0.9,2.8,0,0,0
91,47,0,26,6,4,0,3,0,0
92,47,0,120,36,3,5,4,0,30
93,47,0,93.5,21,3,8,3,0,14
94,47,0,47,5,3,2,10,0,0
96,47,0,47,18,0,0,0,0,6
97,47,0,112.5,25,5,1,21,0,4
98,47,0,164.5,16,36,17,22,0,15
99,47,0,100.5,5,1,21,26,0,22
101,47,1,3,0.4,0.1,0.4,0.5,0,0.2
103,47,1,19,2.7,0.8,2.4,3.1,0,1.6
104,47,0,75.5,7,8,5,12,0,0
105,47,0,115,12,24,4,16,0,16
106,47,0,208,1,43,21,28,0,78
107,47,0,100,0,1,18,20,0,39
109,47,0,108,0,43,0,0,0,6
110,47,0,177,0,66,0,1,0,10
111,47,0,85,22,9,0,9,1,19
112,47,0,48,19,2,0,1,0,0
113,47,0,41,1,2,1,22,0,0
114,47,0,43,16,0,0,0,0,0
120,47,1,10,1.5,0,2.3,1.2,0,0
121,47,0,188.5,0,0,46,3,0,33
122,47,0,298,1,0,184,2,0,0
124,47,0,106,0,0,0,32,0,32
125,47,0,165,1,0,1,60,0,61
126,47,0,106,1,3,3,42,0,30
127,47,0,191.5,12,6,52,28,0,52
6,48,0,48,0,1,6,5,0,0
7,48,1,12,1.1,1.3,0.8,1.1,0,0.8
22,48,1,4,0,0.3,0.4,0.6,0,0
23,48,1,6,0,0.4,0.6,1,0,0
28,48,1,15,0.3,1.1,3.8,0.2,0,0
46,48,1,16,1.2,2,2.1,0.8,0,0
47,48,0,53,2,9,5,4,1,1
48,48,0,48,4,4,2,7,0,0
49,48,1,11,0.8,1.4,1.5,0.5,0,0
50,48,0,51.5,3,4,1,16,0,0
51,48,1,11,0.4,0.9,1.5,1.1,0,0.4
67,48,1,1,0,0,0.1,0.4,0,0
68,48,1,9,0.2,0,0.5,3.7,0,0
77,48,1,10,0.4,1.8,1.4,0.3,0,0
78,48,0,67,6,4,5,9,0,0
79,48,0,108,3,6,27,6,0,0
80,48,1,22,0.8,3.9,3.1,0.8,0,0
81,48,1,12.5,1.4,0.7,2.1,0.7,0,0
91,48,1,14,0,0,5,0,0,0
92,48,0,69,1,1,20,0,0,0
93,48,0,131,26,41,2,0,0,26
94,48,0,154,5,11,4,45,0,29
95,48,0,134.5,48,0,1,24,0,61
96,48,0,53,7,0,4,13,0,0
97,48,0,191,5,4,68,29,0,55
98,48,0,226,53,4,74,16,0,73
99,48,0,187.5,35,4,18,35,0,41
100,48,0,98,5,2,29,17,0,43
101,48,0,98,1,9,3,27,0,26
102,48,1,19.5,2.8,0.8,2.4,3.2,0,1.6
104,48,1,7,1,0.3,0.9,1.1,0,0.6
105,48,0,193.5,8,3,19,51,1,13
106,48,0,249.5,1,17,30,54,0,92
107,48,0,45,0,0,14,5,0,15
108,48,0,81.5,6,14,7,8,0,11
109,48,0,112,3,18,22,1,0,6
110,48,0,195.5,0,79,8,0,0,0
111,48,0,164.5,5,22,17,19,0,15
112,48,0,208.5,54,18,13,0,0,4
113,48,0,115.5,34,1,1,14,0,1
114,48,0,29,7,0,0,5,0,1
120,48,0,63,0,0,18,8,0,0
121,48,0,129.5,0,2,64,0,0,14
124,48,0,214,8,1,31,26,0,47
125,48,0,129,4,9,12,23,0,20
126,48,0,198,3,19,47,20,0,66
127,48,1,32,4.3,1.4,0.8,4.3,0,3.8
7,49,1,6,0.5,0.7,0.4,0.5,0,0.4
46,49,0,36,0,4,5,2,0,0
47,49,1,21.5,1.6,2.7,2.9,1,0,0
48,49,1,11,0.8,1.4,1.5,0.5,0,0
50,49,1,24,1.8,3,3.2,1.1,0,0
51,49,1,31,1.2,2.4,4.3,3,0,1.2
65,49,1,12,0.2,0.5,2.3,1.3,0,0
66,49,0,71.5,0,3,0,25,0,0
67,49,0,75.5,0,1,0,35,0,0
68,49,1,29,0.6,0,1.8,11.8,0,0
77,49,1,5,0.2,0.9,0.7,0.2,0,0
78,49,0,42,5,3,12,4,0,11
79,49,0,82.5,0,0,25,1,0,3
80,49,0,188.5,0,0,64,0,0,61
91,49,1,3,0,0,1.1,0,0,0
92,49,1,30.5,0,0,10.9,0,0,0
93,49,0,139,2,6,25,17,0,10
94,49,0,175.5,2,3,6,69,0,57
95,49,0,146.5,7,0,1,52,0,32
96,49,0,75.5,12,0,3,23,0,3
97,49,0,161,13,8,24,25,0,31
98,49,0,256,10,2,85,48,0,38
99,49,0,290,16,51,98,14,0,81
100,49,0,106.5,17,8,3,33,0,3
101,49,0,76.5,9,0,2,18,0,23
102,49,0,119.5,1,1,1,49,0,44
103,49,0,36.5,6,1,2,7,0,2
104,49,0,48,19,1,0,0,0,8
105,49,0,59,13,1,4,9,0,20
106,49,0,295,0,0,0,112,0,112
107,49,0,51,3,2,3,18,0,5
108,49,0,109,0,1,4,47,0,30
109,49,0,92,1,22,5,20,0,28
110,49,0,217.5,0,73,49,3,0,51
111,49,0,212.5,9,8,70,24,0,36
112,49,0,163.5,6,2,47,11,0,26
113,49,0,150.5,7,1,25,22,0,42
114,49,0,89,12,0,2,21,0,3
115,49,0,39,3,2,4,6,0,1
119,49,1,4,0.6,0,0.9,0.5,0,0
120,49,0,84.5,0,0,27,0,0,22
121,49,0,128.5,10,3,35,15,0,30
122,49,0,41,6,2,11,4,0,0
123,49,0,101,11,4,8,26,0,6
124,49,1,7,1.1,0.4,0.9,2,0,0.2
125,49,0,311,0,66,48,0,0,111
126,49,0,172.5,2,71,5,0,0,54
127,49,1,3,0.4,0.1,0.1,0.4,0,0.4
46,50,1,30,2.2,3.8,4,1.4,0,0
51,50,1,9,0.4,0.7,1.2,0.9,0,0.4
65,50,1,1,0,0.1,0.2,0.1,0,0
66,50,1,2,0.1,0,0.1,0.8,0,0
77,50,0,50,0,20,0,1,0,0
78,50,0,117.5,0,25,15,1,0,1
79,50,0,83.5,0,0,33,0,0,28
91,50,0,27,9,0,4,0,0,8
92,50,0,104,16,7,11,12,0,19
93,50,0,144,6,0,17,39,0,52
94,50,0,156.5,0,0,2,61,2,53
95,50,0,66.5,4,2,0,22,0,9
96,50,1,16,1.4,0.2,0,4.3,0,3.6
97,50,1,9,0.8,0.1,0,2.4,0,2
98,50,0,204.5,4,0,77,9,0,80
99,50,0,136.5,5,0,30,43,0,6
100,50,0,113,9,5,19,28,0,2
101,50,0,166.5,2,1,12,48,0,37
102,50,0,139,4,5,1,54,0,15
103,50,0,132,47,4,4,7,0,39
104,50,0,33,2,1,4,6,0,2
105,50,0,220,88,0,2,22,0,112
106,50,0,261.5,4,0,52,46,0,98
107,50,0,75,22,0,8,2,0,19
108,50,0,110.5,0,11,51,0,0,62
109,50,0,120.5,6,5,15,14,1,12
110,50,0,149,42,2,13,19,0,40
111,50,0,208,43,4,24,23,0,75
112,50,0,171,9,1,1,63,0,55
113,50,0,224.5,4,1,35,49,0,55
114,50,0,85,17,0,4,13,0,7
115,50,1,9,1.6,0.8,0,1,0,0
118,50,1,3,0.4,0,0.7,0.4,0,0
119,50,1,3,0.4,0,0.7,0.4,0,0
120,50,0,173.5,1,0,81,0,0,37
121,50,0,77,7,4,14,12,0,11
122,50,0,57,1,2,16,5,0,0
123,50,1,24.5,3.9,1.6,3.1,7,0,0.8
124,50,0,69,2,27,13,0,0,36
125,50,0,136,0,39,3,0,0,22
126,50,0,184,0,71,0,0,0,11
127,50,0,78,0,28,0,0,0,0
30,51,1,16.5,0.4,1.2,4.2,0.2,0,0
31,51,1,4,0.1,0.2,0.4,0.7,0,0
62,51,1,2,0,0.1,0.4,0.2,0,0
64,51,1,14,0.3,0.6,2.7,1.5,0,0
65,51,0,72,4,9,5,10,0,0
66,51,0,67,0,6,1,22,0,0
71,51,1,4,0.1,0,0.3,1.6,0,0
72,51,1,4,0.1,0,0.3,1.6,0,0
76,51,1,14,0.5,2.5,2,0.5,0,0
77,51,0,165,0,64,1,0,0,6
78,51,0,125.5,0,39,11,0,0,1
79,51,1,13,0.5,2.3,1.8,0.5,0,0
90,51,0,72.5,16,0,7,0,0,15
91,51,0,135,38,0,24,0,0,49
92,51,0,103,27,1,14,2,0,21
93,51,0,70,28,0,3,4,0,33
94,51,0,190.5,3,67,19,8,0,74
95,51,0,396,19,201,0,1,0,211
96,51,0,269,7,115,2,23,0,131
97,51,0,65.5,1,0,0,19,0,15
98,51,1,23,2,0.3,0,6.2,0,5.2
99,51,1,21.5,1.8,0.3,0,5.8,0,4.9
100,51,1,1,0.1,0,0,0.3,0,0.2
101,51,0,107,3,4,29,22,0,20
102,51,0,99,12,2,6,26,0,8
103,51,0,103,2,51,3,6,0,48
104,51,0,39,9,0,3,12,0,0
105,51,0,154,2,2,0,47,0,35
106,51,0,175,0,0,2,73,0,60
107,51,0,24,3,3,0,7,0,3
108,51,0,205.5,0,62,46,0,4,108
109,51,0,108,23,6,6,15,0,0
110,51,0,183,30,1,28,21,0,69
111,51,0,142,9,0,20,31,0,59
112,51,0,72.5,0,0,0,22,0,18
113,51,0,159,0,3,0,68,0,62
114,51,0,110,15,1,2,26,0,19
115,51,1,25.5,4.4,2.2,0,3,0,0
116,51,1,1,0.2,0,0.2,0.1,0,0
117,51,1,19,2.8,0,4.3,2.4,0,0
118,51,0,242.5,36,8,89,13,0,83
119,51,0,256.5,53,3,71,25,0,0
120,51,0,82,10,0,19,18,0,12
121,51,0,68,9,1,5,16,0,1
122,51,0,75,3,1,13,13,0,1
123,51,0,82,2,1,36,4,0,36
124,51,0,111,1,18,30,0,0,32
125,51,0,92,2,32,3,0,0,5
126,51,0,109,2,43,0,1,0,1
127,51,0,86,1,37,0,0,0,0
28,52,1,7,0.3,0.8,1,0.5,0,0
29,52,1,12,0.5,1.3,1.8,0.9,0,0
30,52,0,47,3,4,3,10,0,0
31,52,1,1,0.1,0,0.1,0.3,0,0
57,52,1,2,0.1,0.4,0.2,0.2,0,0
60,52,0,62,0,2,6,14,0,0
61,52,0,33,0,3,3,5,0,0
62,52,1,8.5,0.2,1.3,1.6,0.2,0,0.1
63,52,0,42.5,0,6,8,0,0,0
64,52,0,66,0,1,19,0,0,0
65,52,0,66,0,10,5,9,0,0
66,52,1,27,1.8,1.9,0.9,5.6,0,0
72,52,1,21,3.3,2.8,1.6,1.2,0,0.6
73,52,0,37,17,1,1,0,0,0
74,52,1,21,3.3,2.8,1.6,1.2,0,0.6
75,52,1,8,1.3,1.1,0.6,0.4,0,0.2
76,52,0,112,6,43,1,0,0,0
77,52,0,174,2,52,35,0,0,0
78,52,1,18,1.7,1,3.4,0,0,1
90,52,0,36,1,6,19,0,0,19
91,52,0,112.5,7,5,17,12,0,19
92,52,0,118,9,5,0,38,0,34
93,52,0,91,1,21,2,12,0,21
94,52,0,159,5,59,1,10,0,26
95,52,0,193.5,5,88,18,1,0,93
96,52,0,142.5,15,4,0,39,0,46
97,52,0,124,5,4,1,47,0,32
98,52,0,194,7,2,5,63,0,30
99,52,1,76,0,0.9,18.5,12.1,0,25
100,52,1,6,0,0.1,1.5,0.9,0,2
102,52,1,25,1.3,0.6,3.9,6.4,0,0.6
103,52,0,66,22,1,2,8,0,0
104,52,1,11,0.6,0.3,1.7,2.8,0,0.3
105,52,0,44,6,3,6,1,0,0
106,52,0,64.5,4,0,32,0,0,35
107,52,0,143,36,2,72,2,0,35
108,52,0,67,25,2,1,6,0,20
109,52,0,51.5,11,4,1,8,0,8
110,52,0,201.5,68,21,1,31,1,21
111,52,0,127,4,3,0,44,0,25
112,52,0,156,5,3,2,57,0,37
113,52,0,177.5,6,2,4,64,0,58
114,52,0,182.5,28,4,8,46,0,2
115,52,1,6,0.3,0.7,0,1.3,0,0.8
116,52,0,137,9,0,60,14,0,14
117,52,0,177,44,2,15,52,0,0
118,52,0,139,36,5,8,41,0,0
119,52,0,196,16,8,54,44,0,37
120,52,0,316,29,1,88,66,0,12
121,52,0,184.5,46,0,26,42,0,34
122,52,0,189.5,19,0,63,0,0,66
123,52,1,1,0,0.1,0.1,0.2,0,0.2
124,52,0,102,0,41,0,0,0,10
125,52,1,6,0.3,0.5,0.3,1.3,0,1.3
127,52,1,20,2.9,2.5,1.2,2.4,0,0.4
27,53,1,1,0,0.1,0.2,0.1,0,0
28,53,1,23,0.9,2.6,3.5,1.7,0,0
29,53,0,40,1,7,1,6,0,0
30,53,1,14,0.6,1.6,2.1,1,0,0
36,53,1,8,0.2,0.1,0.9,1.5,0,0
57,53,1,3,0.1,0.5,0.3,0.4,0,0
58,53,1,1,0,0.2,0.1,0.1,0,0
59,53,1,1,0,0.2,0.1,0.1,0,0
60,53,1,20,0.7,3.6,2,2.3,0,0
61,53,0,87,1,1,7,24,0,7
62,53,0,39,1,4,1,10,0,0
63,53,0,59,3,13,3,6,0,0
64,53,0,37,7,4,3,0,0,0
65,53,0,36.5,0,8,8,0,0,0
72,53,1,14.5,2.4,1.9,1.1,0.8,0,0.4
73,53,0,92,31,5,0,5,0,0
74,53,0,62,7,3,17,2,0,0
75,53,0,89,8,10,15,0,0,0
76,53,0,149.5,41,27,0,0,0,0
77,53,0,73.5,5,6,14,1,0,0
78,53,1,17,1.6,1,3.2,0,0,1
89,53,1,45,1.5,0.7,12.8,4.5,0,9
90,53,0,87,7,7,7,5,0,5
91,53,0,80,3,2,6,22,0,17
92,53,0,154.5,0,0,5,58,0,57
93,53,0,184,0,12,64,0,0,59
94,53,0,159,3,56,7,3,0,2
95,53,0,209.5,0,116,0,0,0,44
96,53,0,217.5,6,87,0,0,0,6
97,53,0,122.5,24,5,2,22,0,24
98,53,0,124.5,5,1,9,36,0,11
99,53,0,113.5,5,5,18,18,0,7
100,53,0,91,9,1,13,15,0,21
101,53,1,1,0,0,0.2,0.3,0,0
102,53,0,54.5,0,8,5,12,0,0
103,53,1,2,0.1,0.1,0.3,0.5,0,0.1
106,53,0,18,14,0,1,0,0,14
107,53,0,71,48,0,0,0,0,44
108,53,0,90,46,1,3,6,0,45
109,53,0,120,58,0,11,1,0,61
110,53,0,131,51,6,3,6,1,35
111,53,0,56,10,1,0,16,0,2
112,53,0,81,15,9,2,11,0,0
113,53,0,104,11,1,14,28,0,0
114,53,0,28,13,0,0,1,0,0
115,53,0,58,20,0,2,10,0,0
116,53,0,179.5,18,10,25,54,0,9
117,53,0,259.5,37,4,42,70,0,0
118,53,0,266.5,48,12,13,84,0,0
119,53,0,234,10,7,13,110,1,15
120,53,0,223,31,15,55,33,0,28
121,53,0,73.5,7,4,8,15,0,1
122,53,0,261,59,50,47,5,0,84
21,54,1,10,0.2,1.7,1.2,1.5,0,0
28,54,0,26,2,2,3,5,0,0
29,54,0,60.5,0,7,6,13,0,0
30,54,1,30,1.2,3.4,4.6,2.1,0,0
35,54,1,12,1.5,0.4,0.8,3.5,0,0
36,54,1,46,1.4,0.7,4.9,8.3,0,0
37,54,1,3,0.1,0.1,0.3,0.5,0,0
38,54,1,3,0.1,0.1,0.3,0.5,0,0
56,54,1,3,0.1,0.5,0.3,0.4,0,0
57,54,1,11.5,0.4,2.1,1.1,1.4,0,0
59,54,1,18.5,0.7,3.3,1.8,2.2,0,0
60,54,0,37,0,1,2,12,0,0
61,54,0,92,1,3,1,40,0,0
62,54,0,40,1,4,1,7,0,0
63,54,0,71,0,32,2,0,0,0
64,54,1,22.5,0.5,3.5,4.1,0.7,0,0.2
72,54,1,11,1.8,1.5,0.8,0.6,0,0.3
73,54,0,66,2,3,0,19,0,0
74,54,0,128,8,3,17,28,0,6
75,54,0,103,8,15,21,5,0,30
76,54,0,109.5,14,3,15,9,0,0
77,54,0,29,3,0,5,3,0,0
89,54,1,15,0.5,0.2,4.3,1.5,0,3
90,54,0,125,8,6,7,23,0,17
91,54,1,13,0,3.3,0,2.3,0,3.7
92,54,1,15,0,3.7,0,2.7,0,4.3
93,54,0,171.5,4,40,29,7,0,46
94,54,0,165,0,36,25,0,0,34
95,54,0,227.5,0,122,2,0,0,72
96,54,0,166.5,1,69,0,0,0,2
97,54,0,168,20,21,0,25,0,45
98,54,0,139,2,0,14,35,0,24
99,54,0,107,16,1,9,16,0,0
100,54,0,140.5,5,9,49,15,0,62
101,54,0,144.5,4,2,18,31,0,43
102,54,0,89,6,18,4,14,0,11
103,54,0,79.5,3,34,2,0,0,0
105,54,0,40,1,4,11,2,0,0
106,54,0,111.5,0,0,17,28,0,28
107,54,0,46,0,0,0,17,0,17
108,54,1,4,1.3,0,0,0.7,0,1.7
109,54,1,7,2.3,0,0,1.2,0,2.9
110,54,0,18,9,1,0,1,0,7
111,54,0,60,4,6,2,11,0,1
112,54,0,95.5,7,6,2,27,0,0
115,54,0,141,3,25,64,16,0,2
116,54,0,187,2,1,113,8,0,31
117,54,0,285.5,24,5,27,103,1,0
118,54,0,294,28,3,26,116,0,2
119,54,0,196,20,3,13,74,0,0
120,54,0,211,22,18,47,37,0,33
121,54,0,92,7,3,1,34,0,0
122,54,0,57.5,4,2,2,18,0,1
19,55,1,4,0.1,0.2,0.5,0.7,0,0
20,55,1,30,0.6,1.8,3.6,5.4,0,0
21,55,1,15,0.4,2.6,1.8,2.2,0,0
22,55,1,14,0.3,2.4,1.7,2.1,0,0
29,55,1,11,0.5,1.2,1.7,0.8,0,0
33,55,1,3,0.4,0.1,0.2,0.8,0,0
34,55,1,4,0.5,0.1,0.3,1.2,0,0
35,55,1,7,0.9,0.2,0.5,2,0,0
40,55,1,6,0.2,0.1,0.6,1.1,0,0
41,55,1,4,0.3,0.1,0.4,1,0,0
58,55,0,39,5,5,4,3,0,0
59,55,0,34,0,13,2,0,0,0
60,55,0,22,0,3,11,0,0,11
61,55,0,66,5,2,6,12,0,4
62,55,1,19,0.4,2.9,3.5,0.6,0,0.2
63,55,1,9,0.2,1.4,1.6,0.3,0,0.1
64,55,1,1,0,0.2,0.2,0,0,0
71,55,0,32,0,13,1,0,0,3
72,55,0,121,0,43,4,3,0,17
73,55,0,35.5,0,3,5,6,0,4
74,55,0,82,3,2,12,20,0,8
75,55,0,133.5,5,38,9,27,0,42
76,55,0,56.5,3,1,19,11,0,17
77,55,1,7,0.7,0.4,1.3,0,0,0.4
78,55,1,11,1,0.6,2.1,0,0,0.6
89,55,0,54,0,0,0,20,0,20
90,55,0,202.5,0,1,0,80,0,80
91,55,0,192.5,0,0,0,70,0,69
92,55,0,39,0,3,1,10,0,0
93,55,0,128,5,38,3,4,0,0
94,55,0,112,0,30,14,0,0,11
95,55,0,62.5,3,23,0,0,0,0
96,55,0,163,0,70,0,0,0,0
97,55,0,231,3,84,1,15,0,99
98,55,0,253.5,6,38,18,41,0,35
99,55,0,87,8,25,0,3,0,0
100,55,0,154,11,23,13,20,0,25
101,55,0,90,1,15,17,4,0,17
102,55,0,142.5,0,5,27,32,0,45
103,55,0,88.5,14,9,5,10,0,0
104,55,0,272,1,1,143,0,0,0
105,55,0,19,0,14,0,1,0,14
106,55,0,123,0,7,14,31,0,36
107,55,0,125,0,0,19,32,0,49
108,55,0,105,5,0,0,36,0,22
109,55,0,39,1,1,0,15,0,9
110,55,1,13,4.3,0,0,2.2,0,5.4
111,55,1,12,0.5,1.5,0,2.6,0,1.7
114,55,1,32,1.3,3.8,0,7.1,0,4.5
115,55,0,96,3,0,17,33,0,5
116,55,1,27,2.9,0,1,10.6,0,0
117,55,0,230.5,27,2,68,52,0,21
118,55,0,448.5,25,3,160,74,0,5
119,55,0,313.5,17,3,58,88,0,49
120,55,0,244,8,3,49,69,0,78
121,55,0,250,11,4,16,66,0,28
122,55,1,42.5,2.3,3,2.3,9.2,0,9.2
123,55,0,136,10,0,85,0,0,0
124,55,0,69.5,22,3,3,5,0,0
125,55,1,6,0.3,0.5,0.3,1.3,0,1.3
126,55,1,7,1,0.9,0.4,0.8,0,0.1
20,56,1,14,0.3,0.8,1.7,2.5,0,0
21,56,0,31.5,0,1,2,10,0,0
22,56,0,32,9,0,1,7,0,0
23,56,1,2,0.1,0.3,0.2,0.3,0,0
33,56,1,4,0.5,0.1,0.3,1.2,0,0
40,56,0,64,0,3,3,24,0,0
41,56,1,57,4.7,0.9,5.6,14,0,0
48,56,1,5,0.2,0.1,0.3,1.3,0,0.2
57,56,1,2,0.1,0.4,0.2,0.2,0,0
58,56,1,2,0.1,0.4,0.2,0.2,0,0
59,56,1,14,0.5,2.5,1.4,1.6,0,0
60,56,1,25,0.9,4.5,2.5,2.9,0,0
61,56,1,3,0.1,0.5,0.5,0.1,0,0
62,56,1,28,0.6,4.3,5.2,0.8,0,0.3
63,56,1,6.5,0.1,1,1.2,0.2,0,0.1
71,56,1,11,1.8,1.5,0.8,0.6,0,0.3
72,56,1,2,0.3,0.3,0.1,0.1,0,0.1
73,56,1,2,0.3,0.3,0.1,0.1,0,0.1
74,56,1,15.5,2.5,2,1.2,0.9,0,0.4
75,56,0,117,4,1,43,15,0,15
76,56,0,73,1,3,1,34,0,9
77,56,0,33,1,5,8,0,0,0
88,56,0,154,0,0,20,43,0,58
89,56,0,128,4,1,0,53,0,45
90,56,0,224.5,0,8,14,63,0,79
91,56,0,114,3,0,0,39,0,40
92,56,0,102,11,3,3,21,0,14
93,56,0,107,6,5,36,0,0,17
94,56,0,141,8,9,32,0,0,3
95,56,0,68.5,9,4,19,0,0,12
96,56,0,259,8,96,16,1,0,99
97,56,0,225.5,5,55,12,34,0,89
98,56,0,138.5,6,48,4,4,0,1
99,56,0,131,0,58,0,0,0,0
100,56,0,191,1,69,2,2,0,1
101,56,0,87,2,31,4,3,0,0
102,56,0,136.5,0,32,12,13,0,18
103,56,0,28,0,12,0,2,0,1
104,56,0,162,56,3,1,15,0,0
105,56,0,116,37,3,2,11,0,0
106,56,0,77,15,3,3,10,0,9
107,56,0,158.5,0,19,1,44,0,63
108,56,0,134.5,0,0,0,55,0,51
109,56,0,50,1,0,0,20,0,17
110,56,0,32.5,19,0,0,2,0,20
111,56,0,146,1,0,45,26,0,63
112,56,0,54.5,0,0,24,0,0,24
113,56,0,125,0,0,45,33,0,60
114,56,0,223,0,0,14,61,0,71
115,56,0,105,24,3,7,17,0,15
116,56,1,1,0.1,0,0,0.4,0,0
117,56,0,101,3,0,0,28,0,30
118,56,0,132,0,0,90,5,0,2
119,56,0,137,0,1,12,47,1,32
120,56,0,249.5,4,1,49,57,0,83
121,56,0,338.5,0,1,0,107,0,105
122,56,0,194.5,2,1,1,54,0,46
123,56,0,148,14,4,8,33,0,2
124,56,0,103.5,8,0,2,34,0,0
125,56,0,98,20,5,4,12,0,0
126,56,0,109.5,9,29,6,8,1,16
127,56,0,98,6,31,3,5,0,17
20,57,1,2,0.1,0.1,0.2,0.4,0,0
21,57,1,4,0,0.7,0.5,0.2,0,0
22,57,1,45,0,7.3,5.6,2.4,0,0
32,57,1,7,0.2,0.3,0.5,1.6,0,0
39,57,1,8,0.1,0.3,0.1,3.4,0,0
40,57,1,93,0.8,3.3,1.6,39.2,0,0
41,57,0,101.5,1,5,11,18,1,0
42,57,0,28,2,3,4,6,0,0
43,57,0,25,1,2,6,2,0,0
59,57,1,1,0,0.2,0.1,0.1,0,0
60,57,1,5.5,0.2,1,0.6,0.6,0,0
62,57,1,22,1.2,3.2,4.4,0.4,0,0
63,57,0,28,0,9,2,0,0,0
73,57,1,4,0,0.2,1,0.1,0,0
74,57,0,97,17,7,23,4,0,0
75,57,1,7,0,0.4,1.7,0.2,0,0
76,57,1,14,0.5,0.5,2.8,0.5,0,0.3
77,57,0,42,7,2,2,5,0,1
78,57,1,5,0.2,0.2,1,0.1,0,0.1
88,57,0,70,1,0,0,31,0,25
89,57,0,146.5,2,4,5,49,0,42
90,57,1,10,0,0.4,1.8,1.4,0,0.5
91,57,0,46,0,2,0,14,0,9
92,57,0,198,3,2,14,53,0,46
93,57,0,176.5,0,1,36,18,0,29
94,57,0,59,0,0,28,0,0,27
95,57,0,41.5,2,0,17,0,0,17
96,57,0,200,2,1,71,4,1,63
97,57,1,19,1,2.9,2.2,1.5,0,1.9
98,57,0,131,2,18,11,13,0,9
99,57,0,101,0,38,4,1,0,1
100,57,1,8,0.4,1.3,0.9,0.6,0,0.8
101,57,0,116.5,35,10,5,8,0,0
102,57,0,169.5,1,60,0,5,0,14
103,57,1,15,1.2,0.8,0.4,3.7,0,2
104,57,0,44,28,0,0,1,0,19
105,57,0,133,9,10,5,35,0,20
106,57,0,138.5,0,0,9,39,0,42
107,57,0,173,1,0,0,55,0,52
108,57,0,99,5,0,0,28,0,32
109,57,0,39,28,0,0,0,0,24
110,57,0,136.5,33,0,32,1,0,58
111,57,0,121.5,1,0,43,28,0,66
112,57,0,165,22,0,36,18,0,59
113,57,0,183.5,15,12,1,43,0,34
114,57,0,151,10,3,8,42,0,43
115,57,0,49,9,3,0,12,0,18
116,57,0,85.5,34,2,4,0,0,21
117,57,0,88,11,31,28,0,0,66
118,57,0,191.5,15,6,66,19,0,7
119,57,0,228.5,0,0,1,77,0,75
120,57,0,146,0,0,3,48,0,46
121,57,0,86,1,3,8,22,0,19
122,57,0,68,0,0,0,23,0,23
123,57,0,100,1,10,1,31,0,26
124,57,0,68,2,10,1,12,0,10
125,57,0,167,18,25,0,33,0,14
126,57,0,117.5,13,31,10,3,0,0
127,57,0,95.5,4,31,5,5,0,0
22,58,1,7,0,1.1,0.9,0.4,0,0
31,58,1,20,0.7,0.7,1.3,4.6,0,0
32,58,0,55,2,7,2,12,0,0
40,58,1,13,0.1,0.5,0.2,5.5,0,0
41,58,1,16,1.7,1.3,1,2.3,0,0
42,58,0,37,4,1,0,11,0,0
43,58,1,5,0.5,0.4,0.3,0.8,0,0
53,58,1,4,0.2,0.1,0.2,1,0,0.2
61,58,1,16,0.9,2.3,3.2,0.3,0,0
62,58,1,19,1,2.7,3.8,0.4,0,0
63,58,1,16,0.9,2.3,3.2,0.3,0,0
66,58,1,2,0.1,0.2,0.1,0.4,0,0
74,58,1,2,0,0.1,0.5,0.1,0,0
77,58,0,51,5,1,4,12,0,0
78,58,0,44,2,0,10,10,0,0
88,58,0,82.5,8,3,2,21,0,0
89,58,0,169,5,2,37,16,0,36
90,58,0,142,0,0,43,0,0,42
91,58,0,89.5,0,1,23,4,1,0
92,58,0,72,2,1,20,7,0,0
93,58,0,77,0,0,24,0,0,0
95,58,1,14,2,0.3,0.6,2.1,0,1.5
96,58,0,146.5,9,3,35,8,0,21
97,58,0,210.5,1,2,49,22,0,54
98,58,0,145,2,8,0,56,0,63
99,58,0,130,4,16,2,29,0,43
100,58,0,115,1,0,1,45,0,40
101,58,0,86,4,3,8,17,0,21
102,58,0,88,4,2,13,14,0,13
103,58,0,50,1,4,1,14,0,11
104,58,1,22,1.8,1.2,0.6,5.3,0,3
105,58,0,141,4,1,2,52,0,33
106,58,0,94,0,1,0,32,0,27
107,58,1,12,4.4,0,0.3,2.6,0,4.1
108,58,0,97,31,0,11,0,0,37
109,58,0,114.5,41,0,6,0,0,37
110,58,1,23,8.5,0,0.6,4.8,0,7.9
111,58,0,102,2,0,23,26,0,39
112,58,0,154,5,0,8,50,0,38
113,58,0,81,2,0,1,25,0,14
114,58,1,8,1.1,0,0.2,2.3,0,1.6
115,58,0,51,0,1,0,25,0,21
116,58,0,128,26,6,3,19,0,24
117,58,0,64.5,21,2,6,1,0,6
118,58,0,170.5,14,52,0,1,0,17
119,58,0,114,2,33,8,17,0,20
120,58,0,125,16,1,1,27,0,37
121,58,0,164,37,8,19,4,0,34
122,58,0,139,58,0,15,1,0,69
123,58,0,59,23,19,0,0,0,39
124,58,1,5,1,0.3,0.3,0.5,0,0
125,58,0,209,15,6,6,59,1,1
126,58,0,92.5,10,12,2,23,0,0
127,58,0,79,0,51,0,0,0,40
1,59,1,5,0.1,0.2,0.6,0.8,0,0
30,59,1,8,0.3,1.6,0.9,0.7,0,0
31,59,0,52.5,4,3,1,11,0,0
32,59,1,3,0.1,0.1,0.2,0.7,0,0
42,59,0,63,0,5,2,17,0,0
43,59,1,2,0.2,0.2,0.1,0.3,0,0
50,59,1,2,0.1,0.1,0.1,0.5,0,0.1
53,59,1,6,0.2,0.2,0.3,1.6,0,0.2
61,59,1,21,1.1,3,4.3,0.4,0,0
62,59,0,51,1,10,3,10,1,0
63,59,0,52.5,3,1,12,7,0,0
64,59,1,15,0.8,2.2,3,0.3,0,0
65,59,1,5,0.3,0.7,1,0.1,0,0
77,59,1,12,0.4,0.4,2.5,0.4,0,0.3
78,59,0,54.5,5,2,4,13,0,0
79,59,1,3,0.1,0.1,0.6,0.1,0,0.1
82,59,1,6,0.8,1.3,0.1,0,0,0.3
87,59,1,3,0,0.1,0.6,0.4,0,0.2
88,59,0,67,2,4,13,9,0,0
89,59,0,94.5,10,9,11,8,1,6
90,59,1,42,0,1.5,7.7,6.1,0,2.3
91,59,0,80,15,4,6,12,0,0
92,59,1,11,1.6,0.2,0.5,1.6,0,1.2
93,59,1,21,3,0.4,0.9,3.1,0,2.2
95,59,1,16,2.3,0.3,0.7,2.4,0,1.7
96,59,0,126.5,9,5,40,4,0,30
97,59,0,130,4,1,29,11,0,14
98,59,0,157,0,0,19,29,0,35
99,59,0,104.5,2,11,17,6,0,18
100,59,0,136.5,3,1,21,34,0,54
101,59,0,109.5,0,0,1,39,0,40
102,59,0,131,0,0,15,35,0,48
103,59,0,100.5,0,0,0,39,0,37
104,59,0,92,0,0,2,39,0,33
105,59,0,101,0,4,10,27,0,35
106,59,0,107,2,7,5,35,0,25
107,59,0,51.5,3,13,0,6,0,0
108,59,0,93.5,28,0,18,0,0,45
109,59,0,33,15,0,1,0,0,12
110,59,1,3,1.1,0,0.1,0.6,0,1
111,59,0,131.5,11,0,10,39,1,30
112,59,0,82,2,0,0,28,0,24
113,59,1,54,7.1,0,1.6,15.9,0,11.1
114,59,1,6,0.8,0,0.2,1.7,0,1.2
115,59,0,65,0,1,0,24,0,23
116,59,0,80,2,8,12,9,0,6
117,59,0,149,38,13,15,1,0,0
118,59,0,126,5,27,24,2,0,0
119,59,0,49.5,1,10,9,0,0,0
120,59,0,70,21,4,0,6,0,10
121,59,0,138,22,33,3,1,0,23
122,59,0,94.5,25,10,3,1,0,19
123,59,0,82.5,18,26,0,0,1,40
125,59,1,22,4.6,1.2,1.2,2.3,0,0
126,59,0,85.5,12,3,0,23,0,9
127,59,0,94.5,31,0,1,9,0,0
1,60,1,20,0.6,0.6,2.2,3.3,0,0
2,60,1,11,0.3,0.3,1.2,1.9,0,0
26,60,1,15,0.5,3,1.6,1.4,0,0
27,60,1,17.5,0.6,3.5,1.9,1.6,0,0
42,60,0,24,0,6,2,3,0,0
52,60,1,7,0.3,0.2,0.4,1.8,0,0.3
53,60,1,2,0.1,0.1,0.1,0.5,0,0.1
61,60,0,47,3,8,4,2,0,0
62,60,0,55,4,6,1,11,0,0
63,60,0,52,2,2,0,17,0,0
64,60,0,25,1,6,3,1,0,0
78,60,0,81.5,0,0,22,2,0,12
79,60,0,138,0,24,17,8,0,42
80,60,1,26,0.9,0.9,5.3,0.8,0,0.6
82,60,0,108,41,1,0,0,0,0
83,60,1,18,2.5,3.9,0.2,0,0,0.8
84,60,1,69,9.7,14.8,0.7,0,0,3
85,60,0,93,3,51,1,0,0,34
95,60,1,7,1,0.1,0.3,1.1,0,0.7
96,60,1,26,1.3,4,3,2,0,2.7
97,60,0,48,3,1,7,3,0,7
98,60,1,3,0.2,0.5,0.3,0.2,0,0.3
100,60,1,21,1.1,3.2,2.4,1.6,0,2.2
101,60,0,86,0,0,21,6,0,17
102,60,0,155,0,0,17,33,0,49
103,60,0,84,0,0,0,33,0,26
104,60,0,39.5,0,0,4,11,0,6
105,60,0,86.5,0,1,1,29,0,25
106,60,0,134,0,8,2,54,0,56
107,60,0,133,4,0,5,43,0,44
108,60,0,103.5,30,0,1,17,0,39
109,60,0,77.5,14,2,4,19,0,38
110,60,0,167.5,8,0,5,55,0,35
111,60,0,110.5,1,0,0,33,0,32
112,60,0,194,7,6,46,29,0,56
113,60,0,144.5,35,0,17,24,0,60
114,60,0,131.5,2,0,0,38,0,35
115,60,0,147,1,1,1,43,0,39
116,60,1,22,0,4,2.2,2.2,0.4,2.2
117,60,1,28,0,5,2.8,2.8,0.6,2.8
118,60,0,257.5,109,3,12,0,0,118
119,60,0,29,0,0,18,0,0,18
120,60,0,337,16,187,0,2,0,185
121,60,0,130,26,39,1,4,0,49
122,60,0,24,5,8,1,0,0,4
124,60,1,8,1.7,0.4,0.4,0.9,0,0
125,60,1,3,0.6,0.2,0.2,0.3,0,0
126,60,0,37,5,4,3,1,0,0
0,61,1,4,0.1,0.2,0.9,0.2,0,0
1,61,0,35,8,1,3,1,0,0
2,61,0,41,2,13,3,1,0,0
14,61,1,10,0.3,1,1.7,1.1,0,0
26,61,1,23,0.7,4.6,2.5,2.2,0,0
28,61,1,1,0,0.2,0.1,0.1,0,0
41,61,1,3,0.3,0.3,0.2,0.4,0,0
42,61,1,22,2.3,1.8,1.4,3.2,0,0
50,61,1,2,0.1,0.1,0.1,0.5,0,0.1
52,61,1,6,0.2,0.2,0.3,1.6,0,0.2
53,61,1,18,0.7,0.5,1,4.7,0,0.7
54,61,1,12,0.5,0.3,0.7,3.1,0,0.5
55,61,1,9,0.4,0.3,0.5,2.3,0,0.4
60,61,1,2,0.1,0.4,0.2,0.2,0,0
61,61,1,13,0.7,1.9,2.6,0.2,0,0
63,61,1,8.5,0.4,1.2,1.7,0.2,0,0
64,61,1,18,0.9,2.6,3.6,0.4,0,0
72,61,1,1,0,0.1,0.2,0,0,0
75,61,1,47,0,2.3,11.6,1.5,0,0
76,61,1,28.5,1,1,5.8,0.9,0,0.6
77,61,0,157,0,3,66,0,0,56
78,61,0,81,2,6,17,6,0,0
79,61,0,161,4,62,0,16,0,69
80,61,0,124.5,3,22,18,0,0,0
81,61,0,96,24,4,21,0,0,16
82,61,0,96,31,3,2,6,0,0
83,61,0,123,21,24,4,0,0,0
84,61,0,113.5,30,4,7,12,0,11
85,61,0,118,2,2,4,44,0,40
86,61,0,119,0,0,3,44,0,43
87,61,0,72,0,0,12,19,0,30
92,61,1,8,1.1,0.1,0.4,1.2,0,0.8
93,61,1,32,4.5,0.6,1.4,4.8,0,3.4
95,61,1,4,0.5,0.1,0.2,0.6,0,0.4
96,61,1,1,0,0.2,0.1,0.1,0,0.1
102,61,0,42,0,0,0,14,0,14
103,61,0,52,0,0,2,12,0,10
104,61,0,66.5,0,0,0,23,0,18
105,61,0,143,0,0,0,60,0,48
106,61,0,55.5,1,0,0,24,0,22
107,61,0,74,0,0,0,34,0,22
108,61,0,150,0,2,15,45,0,51
109,61,0,194.5,11,2,6,59,0,45
110,61,0,122,0,0,2,47,1,49
111,61,0,210,0,1,0,40,19,37
112,61,0,100,23,1,0,13,3,28
113,61,0,94.5,0,0,0,37,0,26
114,61,0,90,0,0,0,32,0,24
115,61,0,97.5,3,0,7,35,0,28
116,61,0,147.5,0,8,3,44,0,44
118,61,0,221,30,0,60,0,0,78
119,61,0,189.5,78,1,0,0,0,78
120,61,0,432.5,0,289,0,0,0,289
121,61,0,364,1,163,35,1,0,192
122,61,0,22,0,11,0,0,0,0
124,61,0,24.5,4,3,2,7,0,0
125,61,0,72,8,4,3,12,0,1
0,62,0,52.5,2,1,4,12,0,0
1,62,1,13,0.5,1.1,1.9,1.6,0,0
2,62,0,26,0,5,7,0,0,0
3,62,1,18,0.6,1.5,2.7,2.2,0,0
4,62,1,7,0.3,0.6,1,0.8,0,0
26,62,0,22,0,4,4,3,0,0
27,62,1,10,0.5,0.8,1.8,0.8,0,0
52,62,1,2,0.1,0.2,0.1,0.4,0,0.2
53,62,1,22,1.6,2.4,0.9,4.1,0,2.6
54,62,0,57,0,0,2,27,0,27
55,62,0,45,6,3,7,0,0,0
56,62,1,9,0.7,0.2,1.9,1.2,0,1.6
64,62,1,24,1.3,4.6,2.3,1.9,0,0
65,62,0,71,7,2,5,18,0,8
66,62,0,98,0,0,0,36,0,35
67,62,0,48,0,0,0,20,0,20
72,62,1,3,0.1,1.1,0.1,0,0,0.1
73,62,1,1,0,0.4,0,0,0,0
75,62,0,105,0,33,7,0,0,0
76,62,0,110.5,0,38,4,0,0,0
77,62,0,90,3,30,7,0,0,0
78,62,0,154.5,3,66,3,7,0,37
79,62,0,162,8,22,16,26,0,17
80,62,0,113,20,4,13,12,0,0
81,62,0,180.5,51,5,6,17,0,0
82,62,0,61,25,1,1,7,0,1
83,62,0,125,1,21,3,27,0,16
84,62,0,125,1,0,0,54,0,42
85,62,0,114.5,0,0,1,41,0,36
86,62,0,124,0,45,0,22,0,64
87,62,0,101,0,0,8,32,0,39
88,62,0,30,5,1,0,5,0,3
91,62,0,27,0,0,1,14,0,14
92,62,0,61.5,0,0,3,24,0,23
93,62,0,64,2,0,11,9,0,20
103,62,1,12,1.3,0.7,0.3,2.6,0,0.3
105,62,0,28.5,0,0,0,15,0,15
106,62,0,130,0,1,0,47,0,44
107,62,0,93.5,4,1,15,18,0,28
108,62,0,29,2,3,0,7,0,1
109,62,0,89,1,0,15,11,0,10
110,62,0,52,0,0,0,16,0,14
111,62,0,121.5,2,7,6,29,6,8
112,62,0,115,47,0,1,2,0,41
113,62,0,109,25,0,1,24,0,37
114,62,0,72,0,0,13,20,0,17
115,62,0,165.5,9,13,6,46,0,34
116,62,0,99,0,25,8,9,0,17
117,62,0,48,5,14,4,0,0,0
118,62,0,138.5,26,28,1,0,0,1
119,62,0,74.5,22,0,0,0,0,22
120,62,0,257,23,105,13,0,0,133
121,62,0,91,0,0,36,0,0,36
123,62,1,17.5,1.1,0,0.6,7.2,0,3.9
124,62,0,99,15,10,1,16,0,7
125,62,0,170.5,6,33,32,0,0,46
126,62,1,20,1.1,1.2,0.8,3.5,0,0
0,63,0,55.5,1,2,7,9,0,0
1,63,1,25.5,0.9,2.2,3.8,3.1,0,0
2,63,0,46,0,2,6,8,0,0
3,63,0,36.5,3,1,4,8,0,0
4,63,1,4,0.2,0.3,0.6,0.5,0,0
20,63,1,2,0.1,0,0.5,0.2,0,0
21,63,1,4,0.2,0.5,0.5,0.2,0,0
25,63,1,2,0.1,0.3,0.2,0.1,0,0
26,63,1,14,0.7,1.1,2.6,1.1,0,0
27,63,1,10.5,0.6,0.8,1.9,0.8,0,0
51,63,1,14,1,1.5,0.6,2.6,0,1.7
52,63,1,20,1.4,2.2,0.8,3.8,0,2.4
53,63,1,26,1.8,2.9,1,4.9,0,3.1
54,63,0,91,0,48,0,19,0,65
55,63,0,114,1,13,2,32,0,40
56,63,0,122.5,5,0,23,14,0,19
57,63,1,14,1.2,0.2,3,1.8,0,2.5
62,63,1,15,0.8,2.9,1.4,1.2,0,0
64,63,1,4,0.2,0.8,0.4,0.3,0,0
65,63,0,51,5,6,8,2,0,1
66,63,0,71,1,2,2,21,0,9
67,63,1,19,2.4,0.3,1,3.4,0,3.7
68,63,1,8,1,0.2,0.4,1.4,0,1.6
70,63,0,66,0,0,0,28,0,24
71,63,0,59,3,0,0,23,0,16
75,63,1,33.5,0.8,12.6,0.8,0.8,0,0.8
76,63,0,133,0,52,0,0,1,3
77,63,0,152.5,17,47,4,0,0,14
78,63,0,97,4,11,10,20,0,0
79,63,0,130.5,9,8,2,35,0,0
80,63,0,113.5,1,9,0,36,0,0
81,63,0,72.5,10,4,1,14,0,0
82,63,0,141,16,3,2,42,0,7
83,63,0,137.5,0,0,4,54,0,35
84,63,0,131.5,0,0,0,57,0,46
85,63,0,148.5,0,0,7,48,0,46
86,63,0,69,0,0,0,26,0,24
87,63,0,105.5,1,0,7,28,0,24
90,63,0,28,0,0,0,13,0,11
91,63,0,124,0,0,0,46,0,45
92,63,0,71,0,0,0,35,0,31
93,63,0,133,0,0,4,37,0,38
94,63,0,52,0,0,1,14,0,15
103,63,1,10,1.1,0.5,0.3,2.2,0,0.3
104,63,0,44,3,5,1,10,0,0
106,63,0,41,0,2,15,1,0,11
107,63,0,23,6,5,0,3,0,0
108,63,1,20,2.8,1,0.7,2.5,0,0
109,63,1,36,5.1,1.9,1.3,4.4,0,0
112,63,0,28,17,0,0,0,0,15
113,63,0,44,7,0,4,5,0,9
114,63,0,193,11,1,41,10,0,44
115,63,0,68,0,1,0,25,0,25
117,63,1,14,0,6.6,0.4,0,0,0
118,63,1,22,0,10.4,0.6,0,0,0
121,63,0,42,0,0,11,0,0,11
122,63,0,158.5,0,0,49,3,0,49
123,63,0,110,3,1,50,10,0,51
124,63,0,119,7,8,7,21,0,3
125,63,0,78,6,14,5,4,0,9
126,63,0,226.5,6,2,56,17,0,59
127,63,0,53.5,12,0,8,1,0,0
0,64,0,45,0,1,1,15,0,0
1,64,1,9,0.3,0.8,1.3,1.1,0,0
3,64,1,23,0.8,2,3.4,2.8,0,0
4,64,0,51,0,10,9,0,0,0
5,64,1,25,0.9,2.1,3.8,3,0,0
19,64,1,1,0.1,0,0.2,0.1,0,0
20,64,0,47,2,4,5,6,0,0
21,64,0,39,0,3,5,4,0,0
22,64,1,13,0.7,1.7,1.6,0.7,0,0
23,64,1,13,0.7,1.7,1.6,0.7,0,0
24,64,1,18,1,2.4,2.2,0.9,0,0
25,64,1,3,0.2,0.4,0.4,0.1,0,0
26,64,1,4,0.2,0.3,0.8,0.3,0,0
52,64,0,77,3,3,0,25,0,0
53,64,1,5,0.4,0.5,0.2,0.9,0,0.6
54,64,0,103,6,3,0,30,0,30
55,64,0,152.5,7,1,1,49,0,44
56,64,0,122,13,2,0,19,0,25
57,64,0,71,17,10,1,0,0,14
61,64,1,19.5,1.1,3.7,1.8,1.6,0,0
62,64,0,80,1,30,4,3,0,0
63,64,0,92.5,28,10,1,0,0,0
64,64,0,59,5,26,7,0,0,19
65,64,0,171,0,66,2,5,0,10
66,64,0,105,0,5,0,35,0,12
67,64,0,77,1,0,0,30,0,15
68,64,0,76.5,0,0,0,28,0,27
70,64,0,48.5,0,0,0,31,0,26
71,64,0,29,0,10,0,9,0,17
76,64,0,34,0,11,3,0,0,0
77,64,0,215,0,102,0,0,0,93
78,64,0,176.5,1,52,37,2,0,69
79,64,0,85.5,3,2,12,23,0,12
80,64,0,111,1,4,6,31,0,3
81,64,0,121,6,6,0,38,0,0
82,64,0,150,32,6,4,23,0,0
83,64,0,126.5,3,0,2,47,0,40
84,64,0,97,0,11,0,43,0,48
85,64,0,125.5,1,0,18,35,0,44
86,64,0,130,1,0,0,55,0,51
87,64,0,114.5,4,1,6,30,0,30
88,64,0,32,0,1,3,11,0,7
89,64,0,34,4,0,0,11,0,12
90,64,0,131,0,0,2,53,0,51
91,64,0,107,0,0,0,48,0,47
92,64,0,109,0,0,2,45,0,43
93,64,0,112,0,0,9,35,0,43
94,64,0,47,0,0,7,7,0,14
104,64,0,92.5,4,4,12,12,0,0
105,64,1,5,0.5,0.3,0.1,1.1,0,0.1
106,64,1,18,2.5,1,0.6,2.2,0,0
107,64,1,3,0.4,0.2,0.1,0.4,0,0
108,64,0,54,11,2,7,10,0,0
109,64,0,34,2,3,5,2,0,0
114,64,0,119,55,0,0,2,0,0
115,64,1,18,4.6,3.3,0,1.3,0,0
121,64,0,81,0,0,23,0,0,3
122,64,0,208.5,0,0,51,12,0,63
123,64,0,154.5,0,0,19,43,0,60
124,64,0,33,1,0,11,1,0,10
125,64,0,186,2,2,47,13,0,45
126,64,0,189,1,0,23,33,0,45
127,64,0,86.5,9,0,13,4,0,12
3,65,1,9,0.3,0.8,1.3,1.1,0,0
4,65,0,47,1,10,9,0,0,0
5,65,1,1,0,0.1,0.2,0.1,0,0
19,65,1,13,0.8,0.3,3.1,1.1,0,0
21,65,0,39,2,3,0,12,0,0
22,65,0,55,3,1,5,13,0,0
23,65,1,2,0.1,0.3,0.2,0.1,0,0
46,65,1,5,0.2,0.2,0.6,0.5,0,0
52,65,0,80.5,11,7,4,14,0,0
53,65,0,71,5,0,4,21,0,0
54,65,0,85,33,2,0,1,0,2
55,65,0,92,37,0,0,1,0,1
56,65,0,99,13,0,1,31,0,19
57,65,0,77.5,22,4,1,3,0,4
58,65,1,6,0.5,0.1,1.3,0.8,0,1.1
62,65,0,51,3,9,9,0,0,0
63,65,0,102,43,3,4,0,0,8
64,65,0,91,21,9,3,0,0,21
65,65,0,99.5,0,42,3,0,0,5
66,65,0,169,0,63,21,2,0,62
67,65,0,102,0,4,0,43,0,45
68,65,0,263.5,0,0,55,51,0,100
69,65,0,61,0,1,2,25,0,23
70,65,1,8,1,0.2,0.4,1.4,0,1.6
71,65,0,77,0,10,12,2,0,0
72,65,1,3,0.1,1.1,0.1,0,0,0.1
75,65,1,2,0,0.8,0.1,0,0,0
76,65,1,4,0.6,0.2,0.7,0.3,0,0
77,65,0,81,0,6,38,0,0,26
79,65,0,27,4,4,1,4,0,0
80,65,0,98,2,0,12,32,0,0
81,65,0,97,2,0,4,39,0,10
82,65,0,101.5,4,1,4,33,0,22
83,65,0,114,5,4,9,33,0,9
84,65,0,142,4,0,24,41,0,24
85,65,0,86.5,0,0,9,34,0,4
86,65,0,53,5,1,3,17,0,7
87,65,0,48.5,4,0,1,9,0,0
88,65,0,120,8,2,16,17,0,18
89,65,0,158.5,5,4,63,22,0,19
90,65,0,116,0,1,21,23,0,42
91,65,0,87.5,0,0,1,37,0,32
92,65,0,36,3,0,0,10,0,10
93,65,1,19,0,0,0.9,4.4,0,4
94,65,1,16,0,0,0.8,3.7,0,3.3
96,65,1,1,0.2,0,0,0.3,0,0
97,65,0,37.5,4,1,1,9,0,0
98,65,1,2,0.3,0.1,0,0.5,0,0
104,65,0,29,1,4,1,7,0,0
105,65,1,25,2.7,1.4,0.7,5.4,0,0.7
107,65,1,20,2.8,1,0.7,2.5,0,0
108,65,1,13.5,1.9,0.7,0.5,1.7,0,0
114,65,1,22,5.6,4.1,0,1.6,0,0
115,65,1,2,0.5,0.4,0,0.1,0,0
118,65,1,2,0,0.9,0.1,0,0,0
121,65,0,88,0,0,10,16,0,18
122,65,0,109,0,0,11,28,0,39
123,65,0,166,0,0,41,26,0,65
124,65,0,162,0,1,31,27,0,56
125,65,0,52,0,0,3,12,0,12
126,65,0,71,2,0,14,5,0,12
127,65,1,11,0.6,0.7,0.4,1.9,0,0
0,66,1,1,0.1,0.1,0.2,0,0,0
1,66,1,4,0.2,0.3,0.6,0.5,0,0
5,66,1,2,0.1,0.2,0.3,0.2,0,0
18,66,0,46,2,7,7,1,0,0
19,66,1,14,0.9,0.3,3.3,1.2,0,0
20,66,1,17,1.1,0.4,4,1.4,0,0
21,66,0,51,3,2,1,15,0,0
22,66,1,19.5,1.1,2.6,2.4,1,0,0
45,66,0,35.5,1,3,3,9,0,0
46,66,0,26,4,2,2,5,0,0
47,66,1,22,0.9,0.9,2.6,2.1,0,0
48,66,1,21,0.8,0.8,2.6,2,0,0
49,66,1,2,0.1,0.1,0.2,0.2,0,0
52,66,1,14,1,1.5,0.6,2.6,0,1.7
53,66,1,24,1.7,2.7,0.9,4.5,0,2.8
54,66,0,61.5,3,3,10,6,0,0
55,66,0,97.5,23,0,8,9,0,0
56,66,0,46,7,5,0,9,0,0
59,66,1,31.5,2.6,0.5,6.8,4.2,0,5.7
60,66,0,37,0,0,0,18,0,18
61,66,1,5,0.3,0.9,0.5,0.4,0,0
62,66,0,30,2,10,0,0,0,0
63,66,0,61,1,16,3,6,0,2
64,66,0,85,7,2,8,16,0,7
65,66,1,6,0.3,1.1,0.6,0.5,0,0
66,66,1,21,2.6,0.4,1.1,3.8,0,4.1
67,66,0,126.5,25,4,9,14,0,16
68,66,0,98,0,0,2,46,0,45
69,66,0,153,0,0,6,51,0,47
70,66,0,72,1,1,11,23,0,30
71,66,0,50.5,0,2,0,19,0,17
77,66,0,32,0,0,12,0,0,0
78,66,1,12,1.7,0.7,2.1,1,0,0
79,66,1,19,2.7,1.1,3.3,1.6,0,0
80,66,0,91,0,0,55,4,0,55
81,66,0,114.5,1,1,35,18,0,42
82,66,0,67.5,0,0,0,27,0,17
83,66,0,66.5,0,35,0,3,0,0
84,66,0,141,0,22,38,19,0,0
85,66,0,35,0,1,0,19,0,0
86,66,0,82.5,2,2,11,27,0,14
87,66,0,89.5,3,3,32,3,0,26
88,66,0,184,5,2,50,3,0,26
89,66,0,125,20,5,3,24,0,10
90,66,0,201.5,9,24,20,36,0,50
91,66,0,92,0,0,0,36,0,35
92,66,0,32,0,0,2,14,0,12
93,66,0,45,2,1,0,13,0,1
95,66,1,8,0,0,0.4,1.8,0,1.7
96,66,1,19,3.2,0.8,0,4.7,0,0
97,66,0,31.5,7,4,2,3,0,0
99,66,1,2,0.3,0.1,0,0.5,0,0
104,66,0,45.5,5,4,1,9,0,0
105,66,1,21.5,2.3,1.2,0.6,4.7,0,0.6
106,66,0,50,0,13,2,7,0,7
107,66,0,114,1,25,13,7,0,0
108,66,1,2,0.3,0.1,0.1,0.2,0,0
110,66,1,1,0.2,0.1,0,0.1,0,0
114,66,1,1,0.2,0.2,0,0.1,0,0
121,66,0,132,0,0,24,15,0,39
122,66,1,14,0.9,0,0.4,5.8,0,3.1
123,66,0,80,1,9,13,9,0,18
124,66,0,123,11,37,5,6,0,25
125,66,0,124.5,4,3,18,19,0,17
2,67,1,2,0.2,0.1,0.1,0.5,0,0
19,67,0,37,3,5,3,5,0,0
20,67,1,13.5,1.9,2.3,1.2,0.8,0,0
21,67,0,72.5,5,3,0,24,0,0
22,67,0,36,5,6,3,2,0,0
23,67,1,16,1.1,0.7,3.8,0,0,0
40,67,1,2,0.2,0.1,0.4,0.2,0,0
45,67,1,16,0,0.8,1,4.7,0,2.1
46,67,1,4,0.1,0.2,0.5,0.4,0,0
48,67,1,8,0.3,0.3,1,0.8,0,0
49,67,1,12,0.5,0.5,1.5,1.1,0,0
51,67,1,4,0.5,0,0.1,0.8,0,0
52,67,0,65.5,9,13,1,6,0,5
53,67,0,59,0,1,4,14,6,3
54,67,1,29,3.5,0,0.7,6.2,0,0
55,67,0,70,1,2,18,2,0,0
56,67,1,24,1.2,0,0,8.6,0,3.1
58,67,1,19,0.9,0,0,6.9,0,2.5
59,67,0,93,5,1,16,15,0,19
60,67,0,63,4,3,4,14,0,11
63,67,1,5,0.3,0.2,0.7,0.6,0,0
64,67,1,4,0.3,0.1,0.5,0.5,0,0
65,67,0,27,1,1,0,12,0,0
66,67,0,62,17,0,2,2,0,0
67,67,0,122,28,38,1,2,0,38
68,67,0,87.5,16,13,6,2,0,19
69,67,0,149.5,32,1,3,33,0,20
70,67,0,178.5,0,67,15,8,0,71
71,67,0,122,39,4,4,4,0,0
72,67,0,32.5,0,0,9,2,0,0
74,67,1,4,0.4,0,0.8,0.1,0,0
75,67,0,80,1,0,27,0,0,0
76,67,0,122,3,1,38,0,0,0
77,67,0,114,11,3,28,0,0,0
78,67,0,128.5,53,2,5,1,0,0
79,67,0,56,7,2,1,16,0,1
80,67,1,20,1.7,1.7,1.4,3.2,0,0.6
82,67,0,64,0,1,22,7,0,22
84,67,1,6,0.4,0,1,1.3,0,1.4
85,67,0,80.5,11,3,3,18,0,1
86,67,0,102,5,4,2,33,0,0
87,67,0,109.5,7,2,24,15,0,10
88,67,0,274.5,30,2,62,3,0,53
89,67,0,101.5,2,0,0,42,0,39
90,67,0,119,0,0,0,43,0,39
91,67,0,45,0,0,0,20,0,20
92,67,0,21,0,0,0,11,0,11
93,67,0,79,0,15,0,17,0,32
94,67,0,152,0,61,8,2,0,68
95,67,0,116.5,3,4,35,18,0,37
96,67,0,110.5,3,6,18,26,0,11
97,67,0,42,7,4,3,5,0,0
98,67,1,26,3.1,1,2.7,3,0,0
99,67,1,13,1.5,0.5,1.4,1.5,0,0
102,67,1,4,0.2,0.3,0.5,0.5,0,0
103,67,1,26,1,2.2,3.5,3.2,0,0
104,67,0,43,0,5,3,7,0,1
105,67,0,144,7,44,2,7,0,12
106,67,0,67,0,3,0,22,0,16
107,67,0,124,10,2,3,32,0,18
108,67,1,8.5,0.5,2.2,0.2,1.2,0,0
109,67,0,48,0,16,1,0,0,16
110,67,0,197,0,22,42,0,0,45
111,67,0,39.5,0,19,0,0,0,14
113,67,0,27,3,3,3,4,0,0
114,67,1,6,0,0.6,1.8,0.1,0,0
120,67,1,34,0,2.8,1.4,6.4,0,5.7
121,67,1,21.5,0.8,0,3.4,3,0,2.7
123,67,0,63,12,11,2,4,0,4
124,67,0,132,51,2,8,2,0,30
125,67,0,102,6,1,29,0,0,0
4,68,1,1,0.1,0.1,0.1,0.2,0,0
19,68,1,22,3.1,3.7,2,1.4,0,0
20,68,0,41.5,2,0,4,8,0,0
21,68,1,7,0.5,0.3,1.6,0,0,0
22,68,0,53,3,1,12,7,0,0
23,68,1,17,1.2,0.7,4,0,0,0
40,68,0,27,5,4,0,8,0,0
41,68,0,94.5,4,0,0,32,0,20
42,68,0,34,0,0,0,18,0,10
43,68,1,22.5,0,1.1,1.4,6.6,0,2.9
44,68,1,5,0,0.2,0.3,1.5,0,0.7
51,68,1,9,1.1,0,0.2,1.9,0,0
52,68,0,46.5,0,2,0,21,0,21
53,68,0,35,1,0,5,11,1,8
54,68,0,79,3,1,2,31,0,1
55,68,0,101,3,35,0,21,0,33
56,68,0,126,11,1,35,9,0,28
57,68,0,79,3,4,2,21,0,13
58,68,0,94.5,0,0,17,22,0,9
59,68,0,59,0,0,21,0,0,0
60,68,1,17,0.9,0,0,6.1,0,2.2
63,68,1,2,0.1,0.1,0.3,0.2,0,0
64,68,1,6,0.4,0.2,0.8,0.8,0,0
65,68,0,83.5,6,6,9,11,0,0
66,68,0,95,6,3,23,11,0,13
67,68,0,187,3,40,39,9,0,66
68,68,0,176.5,62,4,0,8,0,1
69,68,0,118,25,0,17,9,0,12
70,68,0,129,1,31,16,3,0,25
71,68,0,25,2,8,1,0,0,0
72,68,1,9,0.8,0.1,1.8,0.3,0,0
75,68,1,2,0.2,0,0.4,0.1,0,0
76,68,0,66,6,7,11,0,0,0
77,68,0,207.5,45,32,7,1,0,20
78,68,0,192,62,4,11,3,0,0
79,68,1,16,1.4,1.4,1.1,2.5,0,0.5
80,68,0,70,7,0,5,13,0,1
81,68,1,3,0.2,0,0.5,0.6,0,0.7
82,68,1,7.5,0.5,0,1.2,1.6,0,1.7
83,68,1,17,1.2,0,2.7,3.7,0,3.9
84,68,0,33,4,0,0,8,0,0
85,68,0,85,11,1,1,23,0,2
86,68,0,183,7,44,18,2,0,45
87,68,0,157,2,46,16,3,0,33
88,68,0,115.5,9,8,17,9,0,3
89,68,0,128.5,0,0,0,51,0,48
90,68,0,127,0,0,0,51,0,46
91,68,0,66,0,0,0,33,0,29
92,68,0,71,0,0,0,24,0,24
93,68,0,74,0,0,2,24,0,12
94,68,0,93,0,13,18,0,0,24
95,68,0,48,0,5,15,0,0,15
96,68,0,30,0,8,1,4,0,0
97,68,1,1,0.1,0.1,0.1,0.1,0,0
98,68,1,14,1.6,0.6,1.5,1.6,0,0
99,68,1,13,1.5,0.5,1.4,1.5,0,0
100,68,1,10,1.2,0.4,1,1.2,0,0
101,68,1,17,0.6,1.5,2.3,2.1,0,0
102,68,0,36,4,4,1,3,0,0
103,68,1,21,0.8,1.8,2.8,2.6,0,0
104,68,0,33,2,1,1,8,0,0
105,68,0,104.5,6,2,13,27,0,0
106,68,0,105,3,5,32,13,0,0
107,68,0,30,0,9,0,5,0,0
108,68,0,122.5,0,1,51,4,0,41
109,68,0,204,0,63,29,1,0,89
110,68,0,117,2,36,18,2,0,48
111,68,0,105.5,4,34,2,2,0,18
112,68,1,3,0,0.3,0.9,0,0,0
113,68,1,12,0,1.1,3.5,0.3,0,0
120,68,1,7,0,0.6,0.3,1.3,0,1.2
121,68,1,9,0.3,0,1.4,1.3,0,1.1
123,68,0,97,3,11,51,1,0,0
124,68,0,88,1,3,26,0,0,0
125,68,0,110,0,0,38,0,0,0
4,69,1,6,0.7,0.4,0.2,1.4,0,0
5,69,0,24,3,0,4,5,0,0
6,69,1,22,0.6,2.2,3.6,2.5,0,0
8,69,1,5,0.1,0.5,0.8,0.6,0,0
18,69,1,3,0.4,0.5,0.3,0.2,0,0
19,69,1,8,1.1,1.4,0.7,0.5,0,0
21,69,1,12.5,0.9,0.5,3,0,0,0
22,69,1,11,0.8,0.4,2.6,0,0,0
40,69,0,112.5,36,2,4,3,0,0
41,69,0,59,3,1,2,20,0,17
42,69,0,60,0,0,0,30,0,26
43,69,0,112,2,0,1,51,0,44
44,69,0,28,1,0,1,9,0,9
52,69,0,113,0,0,34,0,0,31
53,69,0,110.5,0,0,21,9,0,17
54,69,0,103.5,6,1,9,26,0,9
55,69,0,142.5,6,1,6,41,0,0
56,69,0,103.5,11,4,5,20,0,2
65,69,1,13.5,0.9,0.4,1.8,1.8,0,0
66,69,0,108,0,0,46,0,0,15
67,69,0,154.5,3,12,30,14,0,15
68,69,0,128.5,8,1,5,36,0,0
69,69,0,121.5,10,4,17,14,0,1
70,69,0,83,1,2,26,0,0,0
71,69,1,26,2.4,0.4,5.1,0.7,0,0
76,69,1,10,0.8,0.9,0.7,1.6,0,0.3
77,69,0,147.5,4,23,23,4,0,4
78,69,0,102,23,10,4,2,0,0
79,69,1,5,0.4,0.4,0.4,0.8,0,0.1
80,69,0,64,3,0,17,6,0,16
81,69,0,35,1,0,0,10,0,8
82,69,1,19,1.4,0,3,4.1,0,4.4
83,69,0,50,4,1,0,14,0,0
84,69,0,60,3,3,1,12,0,0
85,69,0,90,2,12,7,22,0,33
86,69,0,113,0,7,0,41,0,34
87,69,0,196.5,0,33,51,5,0,81
88,69,0,125.5,0,0,37,2,0,1
89,69,0,108,0,0,0,47,0,40
90,69,0,111,0,0,1,42,0,33
91,69,0,27,0,0,0,11,0,11
92,69,0,64,0,0,0,26,0,25
93,69,0,47,0,0,0,18,0,18
100,69,0,39,0,3,2,7,0,0
101,69,1,23,0.9,2,3.1,2.8,0,0
104,69,0,87,0,10,40,0,0,40
105,69,0,93,3,12,8,14,0,0
106,69,0,118,3,2,7,45,0,0
107,69,0,79,1,7,11,14,0,0
108,69,0,99,9,11,8,12,0,7
109,69,0,103,17,6,19,9,0,9
110,69,1,18,1,4.6,0.5,2.5,0,0
111,69,1,9,0,0.8,2.7,0.2,0,0
119,69,1,4,0,0.3,0.2,0.7,0,0.7
123,69,1,2,0.1,0,0.3,0.3,0,0.2
124,69,1,10,0.4,0,1.6,1.4,0,1.2
125,69,1,14,0.5,0,2.2,2,0,1.7
2,70,1,2,0.2,0.1,0.1,0.5,0,0
6,70,1,12,0.3,1.2,2,1.4,0,0
7,70,0,32.5,3,5,1,8,0,0
8,70,0,29.5,0,3,7,2,0,0
9,70,0,46.5,1,6,5,3,0,0
20,70,1,13.5,1.9,2.3,1.2,0.8,0,0
21,70,0,45,10,5,2,0,0,0
22,70,1,4,0.3,0.2,0.9,0,0,0
39,70,1,2,0.2,0.1,0.4,0.2,0,0
40,70,1,26.5,2.4,1.8,4.7,2.4,0,0.6
41,70,0,57.5,3,1,5,15,0,0
42,70,0,165.5,3,31,7,33,0,0
43,70,0,125,2,19,9,29,0,27
44,70,0,89,0,0,0,40,0,40
45,70,1,16,0,0.8,1,4.7,0,2.1
52,70,0,94,4,2,19,10,0,6
53,70,0,66,2,1,6,13,0,6
54,70,0,25.5,3,1,2,6,0,0
55,70,0,100.5,6,6,3,33,0,0
56,70,0,35,0,10,3,1,0,0
60,70,1,1,0,0,0,0.4,0,0.1
66,70,1,9,1.3,0.2,1.1,1,0,0
67,70,0,101,0,10,28,0,0,1
68,70,0,171,2,1,73,18,0,0
69,70,0,86.5,3,2,7,26,0,0
70,70,0,104,1,0,28,1,0,0
71,70,1,2,0.2,0,0.4,0.1,0,0
77,70,0,33,0,8,4,0,0,0
78,70,0,64,5,7,8,2,0,0
80,70,0,167,0,40,6,5,0,40
81,70,0,116.5,0,0,0,51,0,47
82,70,0,145,0,0,0,51,0,49
83,70,0,67,3,0,3,18,0,4
84,70,0,69.5,3,12,8,9,0,17
85,70,0,107,0,0,0,45,0,34
86,70,0,110,0,0,0,49,0,41
87,70,0,137,0,0,3,45,0,39
88,70,0,114,0,0,25,13,0,10
89,70,0,106.5,0,0,14,20,0,18
90,70,1,17,0,0,0,7.7,0,7.1
104,70,0,177,0,104,7,0,0,97
105,70,0,132,8,20,1,28,0,4
106,70,0,123,7,2,6,41,0,0
107,70,0,120.5,8,1,7,36,1,1
108,70,0,102,42,1,1,5,0,0
109,70,0,188,75,9,1,0,0,0
110,70,0,213,0,74,17,0,0,0
111,70,0,53,0,5,16,0,0,0
114,70,1,3,0,0.3,0.9,0,0,0
7,71,0,35.5,5,3,3,6,0,0
8,71,0,59.5,1,8,5,12,0,0
9,71,1,12,0.3,1.2,2,1.4,0,0
10,71,1,18,0.5,1.8,3,2,0,0
18,71,1,5,0.7,0.8,0.5,0.3,0,0
19,71,0,35,13,2,0,3,0,0
20,71,0,41,13,8,0,0,0,0
21,71,0,29,0,9,3,0,0,0
22,71,1,4,0.3,0.2,0.9,0,0,0
34,71,1,16,1.5,0.5,2.6,2.1,0,0
35,71,1,15,1.5,0.5,2.4,1.9,0,0
39,71,1,4,0.4,0.3,0.7,0.3,0,0.1
40,71,1,10,0.9,0.7,1.8,0.9,0,0.2
41,71,1,2,0,0.1,0.1,0.6,0,0.3
42,71,0,156,10,22,1,36,0,4
43,71,0,125,0,21,1,39,0,45
44,71,0,103.5,0,36,0,43,0,79
45,71,0,73,1,2,1,26,0,25
51,71,0,106.5,9,13,41,6,0,25
52,71,0,76,5,28,0,2,0,0
55,71,0,79,18,8,0,9,0,0
56,71,0,120.5,3,4,29,9,0,0
57,71,0,85.5,0,0,25,0,0,0
68,71,1,29,4.1,0.7,3.5,3.4,0,0
69,71,1,4,0.5,0.1,0.5,0.5,0,0
70,71,0,65,9,9,0,10,0,0
71,71,1,33,3.1,0.4,6.5,0.9,0,0
77,71,1,9,0.8,0.8,0.6,1.4,0,0.3
78,71,1,10,0.8,0.9,0.7,1.6,0,0.3
79,71,0,217,10,125,0,0,0,105
80,71,0,182,0,40,30,2,0,18
81,71,0,123.5,0,0,20,43,0,58
82,71,0,140.5,0,0,19,51,0,69
83,71,1,17,1.2,0,2.7,3.7,0,3.9
84,71,0,61,0,1,7,12,0,12
85,71,0,28,0,0,1,12,0,10
86,71,0,106.5,0,0,0,43,0,39
87,71,0,145.5,0,0,0,55,0,49
88,71,1,36,0,0,0,16.3,0,14.9
103,71,1,2,0.1,0.2,0.3,0.2,0,0
104,71,1,12,0.5,1,1.6,1.5,0,0
105,71,0,84,6,8,12,18,0,3
106,71,0,109,3,1,21,26,1,20
107,71,1,9,0.5,2.3,0.2,1.3,0,0
108,71,0,98.5,20,2,7,11,0,0
109,71,0,148.5,61,0,2,0,0,0
110,71,0,124.5,7,6,34,0,0,0
111,71,1,10,0,0.9,3,0.2,0,0
114,71,1,1,0,0.1,0.3,0,0,0
116,71,1,3,0,0.2,0.1,0.6,0,0.5
6,72,1,7,0.6,0.7,1,0.8,0,0
7,72,1,15,1.3,1.5,2,1.8,0,0
8,72,0,36.5,7,0,4,2,1,0
9,72,1,4,0.4,0.4,0.5,0.5,0,0
17,72,1,7,0.7,1.2,0.5,0.4,0,0
18,72,0,74,13,1,2,13,0,0
19,72,1,24,2.3,4.1,1.8,1.3,0,0
20,72,0,28,0,11,1,0,0,0
32,72,1,15,2,2.3,2,0.3,0,0
33,72,0,45,0,0,14,0,0,0
34,72,0,125.5,1,20,26,0,0,16
35,72,1,16,2.1,2.5,2.2,0.3,0,0
38,72,1,22,3.5,0.8,2.7,1.5,0,3.1
39,72,0,46,11,0,1,0,0,9
41,72,0,80.5,0,0,24,0,0,24
42,72,0,188,1,0,38,19,0,32
43,72,0,131.5,0,0,0,68,0,60
44,72,0,92,0,3,1,55,0,54
45,72,0,164,1,29,1,47,0,46
46,72,0,57,0,25,0,0,0,0
55,72,1,33,3.4,1.7,0.8,9.3,0,0
56,72,0,89,4,5,10,27,0,0
57,72,0,140,0,2,47,8,0,39
61,72,1,9,0,1.9,1.5,0.6,0,0
67,72,1,16,1.7,1.1,2.4,1.7,0.4,1.4
68,72,1,8,0.9,0.5,1.2,0.9,0.2,0.7
71,72,0,33,1,8,6,0,0,0
72,72,1,6.5,0.6,0.7,0.8,0.4,0,0
78,72,0,42.5,17,0,1,2,0,16
79,72,0,83,31,6,1,1,0,26
80,72,0,58,1,2,10,7,0,2
81,72,0,112,0,0,25,10,0,35
82,72,0,111,0,0,14,24,0,34
83,72,1,15,0.8,0,0,4.8,0,4.3
86,72,1,9,0,0,0,4,0,4
87,72,1,3,0,0,0,1.3,0,1.3
103,72,1,4,0.3,0.7,0.4,0.2,0,0
105,72,1,52,3.5,9.7,5.3,2.7,0,0
106,72,0,52,2,5,4,12,0,0
108,72,1,23,0.8,0.9,4.6,0.8,0,0
109,72,0,93,16,0,17,0,0,0
110,72,0,47.5,7,2,9,0,0,0
114,72,1,4,0.6,0.6,0.1,0.6,0,0
9,73,0,36,1,4,5,2,0,0
10,73,0,49,0,0,13,0,0,0
12,73,0,32,6,5,2,0,0,0
13,73,1,32,5.2,4.5,3.7,0,0,0
15,73,0,53.5,3,4,8,7,0,0
16,73,0,30,5,5,1,3,0,0
17,73,0,59.5,7,3,4,7,0,0
18,73,0,50,11,4,0,6,0,1
30,73,1,7,0.5,0.4,1.1,0.3,0,0
31,73,0,40.5,2,0,10,3,0,0
32,73,0,87.5,15,6,12,5,0,0
33,73,0,94.5,0,0,24,4,0,4
34,73,0,113,6,2,22,12,0,12
35,73,0,40,0,0,2,16,0,15
36,73,0,67,0,0,0,28,0,28
37,73,1,2,0.3,0.1,0.3,0.1,0,0.3
38,73,0,55.5,6,4,3,11,0,3
39,73,0,67,8,5,5,7,0,12
42,73,0,162,0,1,52,0,0,47
43,73,0,115,2,1,4,43,0,29
44,73,0,85.5,10,3,3,26,0,20
45,73,0,188.5,6,46,33,6,0,64
46,73,0,121,0,80,0,0,0,73
47,73,1,3,0,0.7,0,0.5,0,0.1
48,73,1,4,0,0.9,0,0.7,0,0.1
49,73,1,5.5,0,1.3,0,0.9,0,0.2
56,73,1,45,1.4,5,9.4,2.2,0,0
57,73,1,3,0.1,0.3,0.6,0.2,0,0
61,73,1,14,0,3,2.4,0.9,0,0
62,73,1,13,0,2.8,2.2,0.8,0,0
66,73,1,12,1.3,0.8,1.8,1.3,0.3,1
67,73,1,10,1.1,0.7,1.5,1.1,0.2,0.9
73,73,1,6,0.6,0.7,0.7,0.4,0,0
74,73,1,16,1.5,1.9,1.9,1,0,0
77,73,1,2,0.5,0,0.1,0.2,0,0.3
78,73,0,84.5,27,0,2,5,0,27
79,73,1,28,7.1,0,1.7,2.2,0,4.4
80,73,0,37.5,1,1,2,14,0,0
81,73,0,192.5,2,0,50,31,0,68
82,73,0,180.5,0,0,0,88,0,85
83,73,1,19,1,0,0,6.1,0,5.4
104,73,1,2,0.1,0.4,0.2,0.1,0,0
105,73,1,1,0.1,0.2,0.1,0,0,0
106,73,1,28,1,1.1,5.6,1,0,0
108,73,0,54,0,0,17,0,0,0
109,73,0,28,0,0,12,0,0,0
110,73,1,4,0.1,0.2,0.8,0.1,0,0
10,74,1,20,1.8,2.1,2.6,2.3,0,0
11,74,0,43.5,5,6,5,2,0,0
12,74,0,51,10,8,4,0,0,0
13,74,0,81.5,17,5,3,9,0,0
14,74,0,89,9,2,2,26,0,0
15,74,0,100.5,8,8,9,20,0,0
16,74,0,116,11,5,5,31,0,0
17,74,0,102.5,8,12,9,21,0,0
18,74,1,3,0.3,0.5,0.2,0.2,0,0
30,74,1,40.5,3,2.4,6,1.8,0,0
31,74,0,41,2,1,5,8,0,0
32,74,0,103,4,8,10,21,0,8
33,74,0,101.5,5,1,4,38,0,34
34,74,0,154,2,1,0,67,1,50
35,74,0,86.5,8,3,1,31,0,27
36,74,0,48.5,3,2,1,16,0,0
37,74,0,141.5,7,28,7,22,0,33
38,74,0,116.5,8,2,1,46,0,39
39,74,0,34,1,0,0,15,0,14
40,74,1,16,2.5,0.6,2,1.1,0,2.2
41,74,0,28,7,2,0,5,0,1
42,74,0,123,4,1,21,22,0,19
43,74,0,132,2,0,8,48,0,45
44,74,0,109,8,12,8,14,0,18
45,74,0,207,0,81,9,3,0,87
46,74,0,52,0,23,6,1,0,28
47,74,0,47.5,5,1,4,10,0,0
48,74,0,54,1,2,0,17,0,11
49,74,1,5,0,1.2,0,0.8,0,0.2
56,74,1,6,0.2,0.7,1.2,0.3,0,0
62,74,0,43,1,0,4,12,0,0
63,74,0,50,0,8,0,21,0,19
64,74,1,3,0,0.6,0.5,0.2,0,0
66,74,0,37,2,3,2,4,2,0
67,74,0,69.5,2,0,41,0,0,0
73,74,1,12,1.1,1.4,1.4,0.8,0,0
74,74,0,39,5,2,1,7,0,0
76,74,0,34,0,0,0,17,0,15
77,74,0,41,16,0,0,5,0,20
78,74,0,107,6,0,0,42,0,42
79,74,0,68,9,0,2,13,0,13
80,74,1,21,5.4,0,1.2,1.6,0,3.3
81,74,0,129.5,6,0,5,46,0,11
82,74,0,58,0,0,0,27,0,27
83,74,1,11,0.6,0,0,3.5,0,3.1
93,74,1,24,0,0.5,3.7,3.1,0,5.5
95,74,1,36,0,0.8,5.5,4.7,0,8.2
96,74,1,14,0.3,1,0.7,3.9,0,2
111,74,1,2,0.3,0.3,0.1,0.3,0,0
11,75,0,67,14,10,6,1,0,0
12,75,0,71,19,10,2,0,0,0
13,75,1,11,1.8,1.5,1.3,0,0,0
14,75,0,42,2,1,3,11,0,0
15,75,0,120,10,4,24,27,0,23
16,75,0,93,4,2,3,37,0,0
17,75,0,23,1,1,0,9,0,0
18,75,1,7,0.7,1.2,0.5,0.4,0,0
19,75,1,6,0.6,1,0.5,0.3,0,0
20,75,0,57,4,10,9,0,0,4
21,75,0,75,19,10,0,0,0,9
22,75,1,34,9.7,6.3,0.7,0,0,6.2
30,75,1,20,1.5,1.2,2.9,0.9,0,0
31,75,0,85.5,3,0,16,12,0,9
32,75,0,98,11,6,10,13,0,0
33,75,0,83.5,18,1,3,11,0,0
34,75,0,75,8,6,8,14,0,0
35,75,1,21,2.8,3.3,2.8,0.4,0,0
37,75,1,8,1.3,0.3,1,0.5,0,1.1
38,75,1,3,0.5,0.1,0.4,0.2,0,0.4
40,75,0,35,2,1,7,2,0,0
41,75,0,118,14,2,14,16,0,5
42,75,0,140.5,2,0,29,34,0,35
43,75,0,107,12,2,12,25,0,17
44,75,0,142,9,1,28,30,0,26
45,75,0,87,0,0,9,33,0,36
46,75,0,44,2,9,1,9,0,7
47,75,0,43,6,3,0,7,0,0
48,75,0,126.5,1,1,1,52,0,38
49,75,0,46,0,0,4,12,0,11
55,75,1,1,0.1,0.1,0,0.3,0,0
62,75,0,93.5,5,11,7,12,0,10
63,75,0,175.5,0,14,2,63,0,66
64,75,0,107.5,5,13,6,18,0,10
65,75,1,8,0,1.7,1.4,0.5,0,0
66,75,0,25,8,1,1,1,0,0
74,75,1,16,1.5,1.9,1.9,1,0,0
75,75,0,77.5,4,4,6,15,0,13
76,75,0,89,1,0,0,42,0,35
77,75,0,114.5,1,0,0,48,0,40
78,75,0,120,1,5,0,48,0,34
79,75,0,76,2,22,7,3,0,29
81,75,0,79,4,0,4,20,0,1
90,75,0,50,0,0,0,19,0,16
91,75,0,56,0,0,0,16,0,15
92,75,1,26,0,0.6,3.9,3.4,0,5.9
93,75,0,125,0,0,37,0,0,5
94,75,0,50,0,0,1,21,0,21
95,75,0,63,1,0,1,25,0,23
96,75,1,8.5,0.2,0.6,0.4,2.4,0,1.2
10,76,0,26,0,0,11,0,0,0
11,76,0,115,6,3,31,0,0,0
12,76,0,41.5,13,0,2,2,0,0
13,76,0,105,36,5,1,1,0,0
14,76,0,56,3,2,16,7,0,14
15,76,0,46.5,2,1,3,19,0,0
16,76,0,105.5,11,2,32,17,0,29
17,76,0,65.5,25,0,0,1,0,0
18,76,1,6,0.6,1,0.5,0.3,0,0
19,76,0,117,15,26,4,2,0,0
20,76,0,108,29,12,4,0,0,25
21,76,0,117,34,10,0,2,0,23
22,76,0,130,30,28,4,0,0,55
23,76,1,15,4.3,2.7,0.3,0,0,2.8
31,76,0,72,0,0,28,0,0,23
32,76,0,155,0,6,40,0,1,10
33,76,0,54,9,7,5,4,0,0
34,76,0,86.5,10,6,10,9,0,0
38,76,1,6,1,0.2,0.7,0.4,0,0.8
41,76,1,13,1.1,0.8,4.1,0.7,0,0
42,76,1,22,1.9,1.3,6.9,1.2,0,0
43,76,0,150,5,3,46,18,0,37
44,76,0,97.5,22,13,1,5,0,13
45,76,0,154.5,18,6,9,42,0,48
46,76,0,53,4,5,3,11,0,4
47,76,1,12,0,2.9,0,2,0,0.4
48,76,0,147.5,1,11,2,44,0,24
49,76,0,76,1,0,6,18,0,24
54,76,1,5,0.5,0.3,0.1,1.4,0,0
57,76,1,5,0.2,0.6,1,0.2,0,0
62,76,0,148,3,5,3,52,0,46
63,76,0,196.5,0,0,0,78,0,72
64,76,0,124,9,48,1,0,0,44
65,76,0,147.5,14,26,0,24,0,0
66,76,0,65.5,6,0,1,21,0,0
75,76,1,15,1.4,1.7,1.8,1,0,0
76,76,0,105.5,8,0,0,36,0,25
77,76,0,93,0,0,0,38,0,34
78,76,0,120.5,4,7,2,38,0,31
79,76,0,36,4,8,1,5,0,13
80,76,0,109.5,0,0,34,0,0,0
81,76,0,51,1,3,9,10,0,0
82,76,1,11,0.6,0,0,3.5,0,3.1
89,76,1,26,0,0,0,11.6,0,11.6
90,76,0,161.5,0,0,0,58,0,56
91,76,0,157,0,0,21,37,0,43
92,76,0,97.5,0,0,7,27,0,27
93,76,0,105,0,0,8,35,0,33
94,76,0,54,1,0,1,22,0,16
95,76,1,6,0,0.1,0.9,0.8,0,1.4
10,77,1,4,0.4,0.4,0.5,0.5,0,0
11,77,1,34,2.7,1.1,7,2.2,0,0
12,77,0,78,8,4,16,1,1,0
13,77,0,102,19,1,6,19,0,1
14,77,0,38,0,0,0,15,0,0
16,77,0,71.5,12,3,7,4,0,0
17,77,0,62,19,4,0,3,0,0
18,77,0,67,2,0,5,15,0,15
19,77,0,125.5,7,0,32,3,0,32
20,77,0,103.5,13,3,1,29,1,31
21,77,0,149.5,50,0,1,2,0,46
22,77,0,147.5,51,0,0,0,0,50
23,77,0,43,9,1,2,0,0,9
32,77,0,130.5,0,1,78,0,0,4
33,77,0,62.5,0,5,16,0,0,0
34,77,0,67,0,31,1,0,0,0
40,77,1,3,0.2,0.4,0.1,0.5,0,0
41,77,1,10,0,1,2.1,0.7,0,0
42,77,0,111,1,45,0,8,0,1
43,77,0,55.5,2,4,2,20,0,0
44,77,0,122,5,3,23,26,0,21
45,77,0,100,17,6,2,18,0,0
46,77,1,11,0,1.4,1.7,0.5,0.3,0
48,77,0,76,1,8,12,4,2,10
49,77,1,6,0,0.8,0.9,0.3,0.2,0
54,77,1,27,0,0.7,0.7,6.6,0,0
61,77,0,102,2,72,0,0,0,72
62,77,0,161,3,1,0,57,0,47
63,77,0,126,1,0,0,49,0,46
64,77,0,101.5,24,3,0,8,0,0
65,77,0,168.5,16,1,12,37,0,1
66,77,0,236,5,8,28,36,0,55
67,77,0,71,15,3,2,13,0,6
68,77,1,7,0.1,0.4,1.8,0,0,0
76,77,0,31,8,1,4,3,0,0
77,77,0,102.5,3,1,2,37,0,17
78,77,0,90,0,0,0,44,0,33
79,77,0,100,0,0,6,37,0,34
80,77,0,153.5,1,0,53,0,0,0
81,77,0,43.5,1,0,10,2,0,0
82,77,1,5,0.2,0,0.3,1.8,0,0
88,77,1,18,1.1,0,0.5,5.8,0,4.8
89,77,0,119,0,0,11,36,0,34
90,77,0,164.5,0,0,77,23,0,22
91,77,0,120,0,0,0,49,0,47
92,77,0,114,0,0,0,45,0,45
93,77,0,69.5,1,1,1,22,0,18
94,77,1,21,2.5,0,1.1,4.2,0,0.8
12,78,0,68,19,5,1,5,0,0
13,78,1,8,0.6,0.3,1.6,0.5,0,0
14,78,1,5,0.4,0.2,1,0.3,0,0
16,78,1,11.5,2.7,0.8,0,1.3,0,1.1
17,78,0,26,10,4,0,0,0,0
18,78,0,71,12,3,8,8,0,10
19,78,0,109,0,0,3,46,0,47
20,78,0,204.5,0,0,0,85,0,84
21,78,0,75.5,1,0,3,25,0,26
22,78,1,25,4.8,0,0,4,0,8.8
23,78,1,8,1.5,0,0,1.3,0,2.8
32,78,0,65,0,28,2,0,0,0
33,78,0,211,3,56,27,0,0,18
34,78,0,68,2,21,10,0,0,0
35,78,1,1,0.1,0.1,0.1,0.1,0,0
42,78,0,97,1,38,7,0,0,20
43,78,0,143,4,41,1,21,0,38
44,78,0,71,4,1,4,23,0,0
45,78,0,30,2,2,1,7,0,0
46,78,1,3,0,0.4,0.5,0.1,0.1,0
48,78,1,15,0,1.9,2.3,0.8,0.4,0
49,78,1,4,0,0.5,0.6,0.2,0.1,0
54,78,1,5,0,0.1,0.2,1.2,0,0
55,78,1,5,0,0.1,0.2,1.2,0,0
62,78,0,161,3,4,0,60,0,47
63,78,0,175,0,56,7,31,0,69
64,78,0,107.5,4,35,3,11,0,29
65,78,0,120,2,2,2,52,0,30
66,78,0,169.5,0,14,2,54,0,55
67,78,0,132,1,16,17,17,0,15
68,78,0,50,1,27,3,0,0,19
76,78,0,75,10,38,1,0,1,35
77,78,0,73,2,0,28,1,0,0
78,78,0,83,1,0,1,37,0,28
79,78,0,51,0,8,0,9,0,11
80,78,1,21,2.3,2.8,0.9,0.5,0,0.5
81,78,1,11,0.3,0,0.7,4,0,0
88,78,0,46,0,0,0,17,0,16
89,78,0,67,5,0,6,18,0,6
90,78,0,45,0,29,1,1,0,29
91,78,0,97,0,23,14,2,0,39
92,78,1,18,2.2,0,0.9,3.6,0,0.7
2,79,1,8,1.6,0.4,0.4,0.7,0.1,0
11,79,1,16,1.3,0.5,3.3,1,0,0
12,79,0,32,2,5,3,2,0,0
17,79,1,31.5,7.3,2.2,0,3.7,0,2.9
18,79,0,110,0,7,1,47,0,46
19,79,0,145,0,1,4,63,0,58
20,79,0,228,0,0,0,71,0,71
21,79,0,106.5,6,0,4,24,0,25
22,79,0,41,2,1,0,20,0,20
32,79,0,39,4,13,0,0,0,0
33,79,0,87,21,17,1,1,0,1
34,79,1,10,1.1,0.7,1.4,0.5,0,0
42,79,1,21,0,2,4.5,1.5,0,0
43,79,0,66.5,8,3,3,14,0,0
44,79,0,72,5,23,1,3,0,0
61,79,0,75.5,0,41,4,0,0,39
62,79,0,131,2,3,4,49,9,34
63,79,0,141.5,0,31,8,25,0,51
64,79,0,113,0,36,2,6,0,38
65,79,0,73.5,1,0,1,33,0,28
66,79,0,55.5,1,7,0,18,0,22
67,79,1,45,0.8,2.2,11.8,0,0,0
68,79,1,9,0.2,0.4,2.4,0,0,0
76,79,0,94,17,0,16,0,0,0
77,79,0,129,15,24,16,0,0,16
78,79,0,163,11,28,17,5,0,27
79,79,0,57,10,13,0,3,0,7
80,79,0,83,7,18,1,12,0,16
81,79,0,67,0,1,2,26,0,0
82,79,1,16,0.5,0,1,5.8,0,0
89,79,1,7,0.4,0,0.2,2.3,0,1.9
90,79,0,123,0,0,35,7,0,0
91,79,0,105,2,0,52,8,0,4
93,79,1,10,1.2,0,0.5,2,0,0.4
2,80,1,23,4.7,1,1,2.1,0.3,0
10,80,1,3,0.3,0.3,0.4,0.3,0,0
17,80,0,40,2,6,0,7,0,4
18,80,0,143.5,0,64,0,10,0,11
19,80,0,102,0,9,2,30,0,29
20,80,0,109,0,0,0,40,0,39
22,80,0,20,0,1,1,10,0,10
23,80,0,73,1,0,7,20,0,25
24,80,1,23,4.5,0,0,3.6,0,8.1
25,80,0,21.5,0,0,0,12,0,12
33,80,0,77,10,17,0,5,0,0
35,80,1,4,0.5,0.3,0.5,0.2,0,0
36,80,1,21,1.4,2.8,0.7,3.5,0,0
37,80,0,30,0,2,6,4,0,0
40,80,1,6,0.4,0.8,0.2,1,0,0
43,80,1,4,0,0.4,0.8,0.3,0,0
61,80,0,79,0,34,17,0,0,51
62,80,0,159,3,1,45,21,0,52
63,80,0,175,0,10,65,12,0,80
64,80,0,166.5,1,67,3,4,0,67
65,80,1,4,0.2,0,0.2,1.4,0,0.3
66,80,0,83,0,0,0,48,0,34
75,80,1,5,0.5,0.6,0.6,0.3,0,0
76,80,0,137,0,0,40,0,0,0
77,80,0,140.5,1,17,30,3,0,4
78,80,0,179.5,13,52,6,0,0,31
79,80,0,115,22,10,1,16,0,0
80,80,0,136.5,1,1,49,16,0,48
81,80,0,37,3,2,2,10,0,0
82,80,0,21,0,0,2,9,0,0
89,80,0,34,0,0,4,7,0,4
90,80,0,98.5,3,0,9,27,0,0
91,80,1,19,2.3,0,1,3.8,0,0.8
114,80,1,10,1.6,1.4,0.2,1.6,0,0
115,80,1,28,4.5,3.9,0.5,4.5,0,0
2,81,1,17,3.4,0.8,0.8,1.5,0.2,0
3,81,1,19,3.9,0.8,0.9,1.7,0.2,0
5,81,1,5,1,0.2,0.2,0.5,0.1,0
6,81,1,3,0.3,0.3,0.4,0.3,0,0
9,81,1,8,0.7,0.8,1.1,0.9,0,0
10,81,1,4,0.4,0.4,0.5,0.5,0,0
17,81,0,36,12,2,1,0,0,0
18,81,0,105,6,36,4,2,0,0
19,81,0,71.5,0,1,23,4,0,27
20,81,0,217.5,5,59,2,27,0,81
21,81,1,1,0.2,0,0,0.2,0,0.4
23,81,0,134,0,0,12,32,0,44
24,81,0,146.5,6,0,5,36,0,36
25,81,0,44.5,2,0,6,10,0,10
26,81,0,31,1,0,10,1,0,10
32,81,1,8,0.9,0.6,1.1,0.4,0,0
33,81,1,17,2,1.2,2.3,0.8,0,0
34,81,1,3,0.4,0.2,0.4,0.1,0,0
35,81,0,76,7,10,2,14,0,0
36,81,0,77.5,3,7,19,9,0,0
37,81,0,70,4,5,7,11,0,0
45,81,1,7,0,0.7,1.5,0.5,0,0
60,81,1,3.5,0.1,0.4,0.7,0.2,0,0
61,81,0,99,2,30,13,10,0,18
62,81,0,191.5,1,3,48,28,1,47
63,81,0,104,0,3,39,9,0,39
64,81,1,33,1.7,0,1.8,11.3,0,2.6
65,81,1,1,0,0,0.1,0.3,0,0.1
66,81,0,38,1,0,0,15,0,13
76,81,0,46,0,0,18,0,1,0
77,81,0,31.5,4,1,3,4,0,0
78,81,0,102,1,40,0,2,0,1
79,81,1,24,2.7,3.2,1.1,0.5,0,0.5
80,81,0,82.5,5,45,5,0,0,43
81,81,0,127,4,0,32,14,0,29
82,81,0,34,3,3,0,11,0,0
83,81,1,1,0,0,0.1,0.4,0,0
88,81,1,9,0.5,0,0.3,2.9,0,2.4
89,81,0,42,1,4,11,1,0,0
90,81,0,35.5,4,0,10,3,0,0
92,81,1,7,0.8,0,0.4,1.4,0,0.3
114,81,1,6,1,0.8,0.1,1,0,0
115,81,0,88.5,3,5,10,17,0,0
116,81,1,27,5.1,1.5,5.1,1.4,0,0.7
117,81,1,10,1.9,0.6,1.9,0.5,0,0.3
3,82,0,22,0,9,2,1,0,0
4,82,1,9,1.2,1.2,0.6,1,0,0
5,82,0,34,12,2,0,2,0,0
17,82,1,25,2.1,5.7,2.9,0.4,0,3.7
18,82,0,105.5,19,22,3,6,0,0
19,82,0,122,0,24,1,28,0,28
20,82,0,176.5,0,15,3,59,0,53
21,82,0,105,7,34,1,6,0,1
22,82,0,71.5,0,0,6,25,0,26
23,82,0,166.5,5,1,15,40,0,47
24,82,0,70.5,3,3,3,24,0,9
25,82,0,125.5,2,0,2,55,0,35
26,82,0,108,1,1,22,11,0,29
27,82,0,55.5,0,0,15,1,0,0
34,82,0,52.5,4,8,0,14,0,8
35,82,0,81,5,7,1,24,1,2
36,82,0,46,2,3,5,12,0,3
45,82,1,2,0.2,0.4,0.1,0.1,0,0
59,82,1,8,1.1,1.9,0.9,0.2,0,0.8
60,82,0,49.5,10,6,1,0,0,5
61,82,0,56,17,2,1,5,0,0
62,82,0,74.5,7,5,2,19,0,4
63,82,0,80.5,20,0,1,16,0,2
64,82,1,5,0,0.1,0.2,1.2,0,1.1
65,82,0,39,20,0,0,0,0,19
66,82,0,81,26,0,0,0,0,24
78,82,1,2,0.4,0.2,0,0.2,0,0
80,82,0,171,44,40,1,1,0,79
81,82,0,217.5,4,1,58,3,0,56
82,82,0,112,4,4,20,15,0,13
83,82,0,53,0,6,11,2,0,0
84,82,1,12,0.2,0.5,1.7,1.4,0,0
86,82,1,36,1.9,1.6,4.5,5.3,0,0
87,82,1,8,0.4,0.4,1,1.2,0,0
88,82,0,143.5,9,0,4,42,0,0
89,82,0,93,3,1,17,5,0,0
90,82,0,69,9,3,1,11,0,0
91,82,1,5,1.2,0.2,0.2,0.3,0,0
92,82,1,8,2,0.3,0.3,0.5,0,0
96,82,1,1,0,0.1,0,0.3,0,0.1
114,82,1,12,1.8,0.9,1.6,0,0,0
115,82,0,80,4,8,4,18,0,0
116,82,0,43,2,4,2,13,0,0
117,82,1,12,0.5,2.6,1.1,0.7,0,0
119,82,1,2,0.1,0.4,0.2,0.1,0,0
120,82,1,9,0.4,1.9,0.8,0.6,0,0
126,82,1,6,0,0.2,0.6,1.5,0,1.5
0,83,1,5,0.1,0.5,1.2,0.3,0,0
3,83,1,8,1,1.1,0.6,0.9,0,0
4,83,0,126,3,14,24,2,0,18
5,83,0,146,5,1,21,17,0,37
6,83,1,7,1.3,0.2,0.5,1,0,0.3
13,83,1,2,0.4,0.1,0,0.2,0,0
17,83,1,3,0.2,0.7,0.3,0.1,0,0.4
18,83,0,102,12,14,0,17,0,1
19,83,0,126,1,21,0,43,0,37
20,83,0,201,2,41,0,45,0,47
21,83,0,155.5,0,75,2,1,0,0
22,83,0,124,11,26,1,19,0,12
23,83,1,14,0.6,0.5,0,4,0,4
24,83,0,78,2,0,4,28,0,3
25,83,0,204.5,0,0,12,70,0,58
26,83,0,173,0,24,11,35,0,65
27,83,0,103.5,3,5,21,13,0,0
28,83,1,14,0.6,2.9,1.7,1.2,0,1.6
32,83,1,6,0.2,0.6,0.2,1.6,0,0.1
33,83,1,9,0.3,0.8,0.3,2.5,0,0.2
34,83,0,53.5,2,2,0,17,0,0
35,83,1,19,0.7,1.7,0.7,5.2,0,0.3
36,83,1,22,0,0.9,8.1,0.9,0,8.1
37,83,1,2.5,0,0.1,0.9,0.1,0,0.9
57,83,1,20.5,2.9,4.8,2.4,0.5,0,1.9
58,83,0,44,0,4,7,8,0,0
59,83,0,96,21,10,4,2,0,7
60,83,0,126,18,15,3,13,0,8
61,83,0,124,20,20,2,15,0,0
62,83,0,151,9,5,37,25,0,28
63,83,0,85,0,16,0,32,0,34
64,83,0,163,1,0,117,6,0,5
65,83,0,66.5,8,0,18,0,0,24
66,83,1,79.5,3.2,0,16.9,5.6,0,1.6
80,83,1,117.5,26.8,12.5,0,9.6,0,0
81,83,0,111,1,1,19,22,0,0
82,83,0,46,3,2,10,2,0,0
83,83,0,78,2,24,4,1,0,0
84,83,1,17,0.4,0.7,2.4,1.9,0,0
86,83,1,18,0.9,0.8,2.3,2.6,0,0
87,83,0,84.5,4,3,4,21,0,0
88,83,0,69,1,2,16,3,1,0
89,83,0,80,4,13,6,9,0,7
90,83,0,110,2,15,10,13,0,12
91,83,0,107,2,44,1,6,0,42
111,83,1,5,0.7,0.4,0.7,0,0,0
112,83,1,4,0.6,0.3,0.5,0,0,0
113,83,1,10,1.5,0.8,1.3,0,0,0
114,83,1,16,2.4,1.2,2.1,0,0,0
115,83,0,123,1,0,39,1,0,0
116,83,0,85.5,5,7,11,16,0,0
117,83,0,106,0,46,0,3,0,0
118,83,1,16,0.7,3.4,1.5,1,0,0
119,83,0,40,3,4,8,2,0,0
120,83,0,43,1,6,5,3,0,0
121,83,0,30,1,0,12,3,0,7
123,83,1,7,1.6,0.3,0.4,0.4,0,0
126,83,0,98.5,0,0,34,0,0,0
127,83,0,141,0,0,14,30,0,37
1,84,1,20,2.6,2.6,1.5,2.3,0,0
2,84,0,53,9,11,4,3,0,0
3,84,0,54,15,4,4,3,0,0
4,84,0,133,11,2,8,20,0,13
5,84,0,167,0,0,13,48,0,60
6,84,0,58,0,0,8,16,0,24
8,84,1,11,2.1,0.2,0.7,1.7,0,0.5
11,84,1,29,5.7,1.6,0,2.4,0,0
18,84,0,102.5,12,24,2,11,0,16
19,84,0,133,0,0,0,67,0,64
20,84,0,80,27,2,0,12,0,34
21,84,0,157,12,42,2,26,0,38
22,84,0,153.5,8,52,7,15,0,21
23,84,0,68,16,2,0,19,0,18
24,84,0,88,1,0,0,43,0,35
25,84,0,175.5,2,8,10,51,0,33
26,84,0,165,1,4,46,6,0,0
27,84,0,63,0,9,14,0,0,0
28,84,1,20,0.9,4.1,2.3,1.8,0,2.4
29,84,1,22,1,4.5,2.6,1.9,0,2.6
30,84,0,19,0,11,0,0,0,4
31,84,1,13,0.5,1.2,0.5,3.5,0,0.2
32,84,0,49,4,8,7,4,0,4
33,84,0,97.5,39,0,5,5,0,32
34,84,1,5,0.2,0.4,0.2,1.4,0,0.1
57,84,1,14,2,3.3,1.6,0.3,0,1.3
58,84,0,94,4,14,17,3,0,0
59,84,0,159.5,32,9,12,16,0,0
60,84,0,142.5,13,7,35,20,0,31
61,84,0,128.5,17,6,5,27,0,0
62,84,0,144.5,7,7,4,47,0,0
63,84,0,184.5,2,15,36,56,1,38
64,84,0,64,6,0,7,14,0,24
65,84,0,229.5,0,0,67,0,0,62
66,84,0,72.5,0,0,30,0,0,17
68,84,1,10,0.4,0,2.1,0.7,0,0.2
80,84,1,3,0.7,0.3,0,0.2,0,0
81,84,1,21,0.4,0.8,3,2.4,0,0
83,84,1,5,0.1,0.2,0.7,0.6,0,0
84,84,1,5,0.1,0.2,0.7,0.6,0,0
86,84,0,40,1,0,0,13,0,0
87,84,0,223,1,0,56,6,0,48
88,84,0,192,1,0,66,0,0,51
89,84,0,73,0,0,21,0,0,21
90,84,0,57.5,0,3,13,0,0,13
91,84,0,36.5,4,1,2,10,0,1
92,84,1,4,1,0.1,0.2,0.2,0,0
93,84,1,30,7.6,1.1,1.1,1.7,0,0
98,84,1,12,0.3,0.8,0.6,3.4,0,1.7
111,84,0,32,3,0,9,0,0,3
112,84,0,136,9,0,41,0,0,41
113,84,0,74,4,2,26,3,0,15
114,84,0,132,0,9,51,0,0,24
115,84,0,105.5,1,2,32,2,0,10
116,84,0,83.5,4,4,16,7,0,0
117,84,0,103,2,10,17,13,0,0
118,84,0,56.5,1,0,8,12,0,0
119,84,1,33,1.5,7.1,2.9,2.1,0,0
120,84,0,44.5,2,4,10,0,0,0
121,84,0,37,2,7,1,7,0,0
122,84,0,48,7,2,3,11,0,0
123,84,0,27,7,2,1,1,0,0
124,84,1,11,2.6,0.4,0.6,0.6,0,0
125,84,0,173,2,0,51,3,0,50
126,84,0,216.5,42,1,30,7,0,26
127,84,0,276,12,2,56,21,0,71
1,85,1,13,1.7,1.7,0.9,1.5,0,0
2,85,1,18,2.3,2.4,1.3,2.1,0,0
3,85,0,57,22,0,0,3,0,1
4,85,0,115,13,4,21,13,0,18
5,85,0,157,2,0,10,47,0,42
6,85,0,279,0,22,27,42,0,87
7,85,0,33,3,2,1,8,0,4
8,85,1,20,3.8,0.4,1.3,3,0,0.9
10,85,0,27,0,0,0,11,0,11
11,85,0,128,7,0,2,40,0,30
12,85,0,37,6,0,7,1,0,0
13,85,1,3,0.6,0.2,0,0.2,0,0
17,85,0,62,0,19,13,0,0,28
18,85,0,290.5,2,162,3,18,0,158
19,85,0,120,1,5,2,48,0,31
20,85,0,149.5,11,26,0,30,0,28
21,85,0,178,1,0,8,62,0,70
22,85,0,177,0,7,21,66,0,93
23,85,1,80,3.4,2.5,0,23,0,23
24,85,0,231,0,0,0,78,0,78
25,85,0,198,0,0,6,82,0,81
26,85,0,101,9,10,1,21,0,15
27,85,0,45,9,5,3,3,0,0
30,85,0,34,0,13,1,0,0,7
31,85,0,43,5,8,3,1,0,0
32,85,0,59,16,5,2,5,0,9
33,85,0,136,30,11,4,20,0,15
34,85,0,50,8,0,1,11,0,0
35,85,1,3,0.1,0.3,0.1,0.8,0,0.1
58,85,0,46,5,0,13,0,0,0
59,85,0,158,62,2,5,3,0,0
60,85,0,190.5,15,63,4,16,0,39
61,85,0,129.5,16,2,2,32,0,0
62,85,0,174,8,2,9,54,0,0
63,85,0,119.5,18,2,7,31,0,27
64,85,0,124,5,0,3,56,0,39
65,85,1,41,0,0.9,1.8,9.8,0,8.9
68,85,1,2,0.1,0,0.4,0.1,0,0
85,85,1,2,0,0.1,0.3,0.2,0,0
88,85,0,64,1,5,6,15,0,1
89,85,1,26,1.3,1.2,3.3,3.8,0,0
91,85,0,65,1,3,8,17,0,0
92,85,1,8,2,0.3,0.3,0.5,0,0
93,85,0,148.5,22,0,25,0,0,0
94,85,0,42,2,0,11,2,0,0
110,85,1,4,0.1,0.1,0.9,0.5,0,1.2
111,85,0,53,34,1,0,0,0,30
112,85,0,82,0,0,33,0,0,33
113,85,0,81.5,3,0,29,0,0,28
114,85,0,93,32,1,5,0,0,4
115,85,0,144.5,23,8,0,29,0,35
116,85,0,111,0,0,33,3,0,11
117,85,0,62,1,4,15,0,0,0
118,85,0,70.5,7,11,9,6,0,0
119,85,0,68,3,2,7,17,0,0
120,85,1,18,0.8,3.9,1.6,1.1,0,0
121,85,0,42,4,7,3,6,0,0
122,85,1,20,4.7,0.7,1.1,1.1,0,0
123,85,1,17,4,0.6,1,0.9,0,0
124,85,0,63.5,9,9,1,7,0,0
125,85,0,119.5,9,2,32,8,0,1
126,85,0,147.5,15,25,19,10,0,17
127,85,0,132.5,0,3,12,38,0,34
1,86,0,34,4,1,4,3,0,0
2,86,0,31,10,2,1,1,0,0
3,86,1,1,0.1,0.1,0.1,0.1,0,0
4,86,0,41.5,0,8,11,1,0,0
5,86,0,70,3,10,4,13,0,0
6,86,0,83,5,9,4,10,0,9
7,86,0,57,6,0,5,11,0,1
8,86,0,33,11,0,0,1,0,0
9,86,1,9,1.7,0.2,0.6,1.3,0,0.4
10,86,0,81,0,2,0,34,0,32
11,86,0,161,2,0,0,56,0,45
12,86,0,58,12,3,0,8,0,0
13,86,1,2,0.4,0.1,0,0.2,0,0
17,86,1,33,2.7,7.6,3.8,0.5,0,4.9
19,86,0,97.5,18,4,8,15,0,3
20,86,0,200.5,12,9,20,48,0,63
21,86,0,236,0,0,50,58,0,107
22,86,0,241,1,4,50,40,0,91
23,86,0,185,0,8,35,45,0,66
24,86,0,142,0,0,0,83,0,81
25,86,0,139.5,0,0,0,73,0,73
26,86,1,12,0.5,2.5,1.4,1.1,0,1.4
27,86,0,31,6,5,0,1,0,0
28,86,0,64.5,10,9,8,5,0,0
29,86,0,45,6,11,2,1,0,0
30,86,0,44,7,4,2,5,0,0
31,86,0,192.5,3,52,11,2,0,42
32,86,0,86,4,15,4,10,0,7
33,86,0,64.5,5,7,3,13,0,0
34,86,0,86.5,4,3,12,13,1,0
35,86,0,57,11,6,1,10,0,1
50,86,1,5,0.3,0.5,0.5,0.5,0,0
59,86,0,108.5,0,1,28,10,0,25
60,86,0,133,11,26,3,33,0,22
61,86,0,99.5,10,3,1,32,0,0
62,86,0,141.5,10,14,4,47,0,13
63,86,0,187.5,11,2,5,63,0,6
64,86,0,170.5,8,0,3,59,0,37
65,86,0,287.5,1,0,46,72,1,110
66,86,1,7.5,0.3,0,1.6,0.5,0,0.2
82,86,1,9,0.2,0.3,1.3,1,0,0
84,86,0,43,0,0,14,0,0,0
85,86,1,27,0.5,1.1,3.9,3,0,0
86,86,1,3,0.2,0.1,0.4,0.4,0,0
88,86,1,20.5,1.1,0.9,2.6,3,0,0
89,86,0,148.5,8,0,4,46,0,24
90,86,1,24,1.2,1.1,3,3.6,0,0
91,86,0,94.5,6,5,4,21,0,0
92,86,0,72,5,23,2,6,0,0
93,86,0,45.5,0,8,3,4,0,7
112,86,1,6,0.9,0.5,0.8,0,0,0
113,86,0,54.5,11,0,2,13,0,0
114,86,0,156,1,1,42,18,0,24
115,86,0,105.5,9,7,2,34,0,47
116,86,0,40,0,31,0,0,0,31
119,86,1,15,0.7,3.2,1.4,0.9,0,0
120,86,1,7,0.3,1.5,0.6,0.5,0,0
124,86,0,163.5,4,7,61,0,0,65
125,86,0,197.5,41,43,0,8,0,44
126,86,0,90,14,4,4,16,0,0
127,86,0,103.5,20,2,2,15,0,21
0,87,1,23,0.4,2,2.4,4.7,0,0
1,87,0,37,3,8,7,2,0,2
2,87,1,11,2,1.5,0.4,0.5,0,0
3,87,1,22,4.1,3,0.8,1,0,0
4,87,0,23,2,4,3,3,0,0
5,87,0,102,0,60,3,4,0,48
6,87,0,93,10,2,16,10,1,14
7,87,0,50.5,1,0,4,13,0,13
8,87,0,52,5,1,0,14,0,0
9,87,0,48,12,2,2,3,0,0
10,87,0,88,12,2,1,19,0,0
11,87,0,72,7,7,3,18,0,1
12,87,1,14,0.5,0,0.6,5.9,0,3.2
13,87,0,43,2,5,4,8,0,7
14,87,0,102.5,0,1,0,46,0,41
15,87,1,10,0.4,0,0.4,4.2,0,2.3
17,87,1,9,0.6,0.4,0.2,1.7,0.2,0
18,87,0,82.5,15,0,21,3,0,23
19,87,0,165.5,27,8,9,33,0,10
20,87,0,129.5,20,2,12,22,0,34
21,87,0,153.5,0,2,34,21,0,52
22,87,0,270,3,10,53,51,0,97
23,87,0,193,16,59,17,28,0,71
24,87,0,135.5,17,6,10,32,1,30
25,87,1,8,1.2,0.2,0.2,1.7,0,0.4
26,87,1,3,0.5,0.3,0.2,0.2,0,0.1
27,87,0,36,5,1,0,7,0,0
28,87,0,112,13,6,9,21,0,1
29,87,0,58,12,2,4,7,0,0
30,87,0,31,8,1,0,7,0,0
31,87,0,77,4,26,2,7,0,20
32,87,0,98,10,18,5,10,0,8
33,87,0,82,11,0,2,21,0,0
34,87,0,82.5,15,4,0,24,0,0
35,87,1,10,0.7,0.2,0.7,2.9,0,1.9
45,87,1,3,0.4,0.6,0.1,0.1,0,0
59,87,1,15,1.2,5,0.6,0,0,0
60,87,0,156.5,4,67,20,19,0,37
61,87,0,113,5,0,6,41,0,0
62,87,0,156,14,1,6,49,0,0
63,87,0,149,10,4,6,38,0,1
64,87,0,185,8,1,2,57,0,23
65,87,0,131,2,4,4,41,0,20
66,87,1,4,0.3,0.1,0.6,0.3,0,0
82,87,1,2,0.4,0.1,0.1,0.2,0,0
83,87,0,60,6,3,6,11,0,1
84,87,0,125.5,1,15,28,2,0,1
85,87,0,41,0,1,12,0,0,10
88,87,1,12,0,0.2,1.8,2.6,0,0.7
89,87,0,52,5,7,4,12,0,2
90,87,0,47,1,8,0,14,0,12
91,87,0,54.5,2,2,1,17,0,0
92,87,0,138,1,49,1,27,0,54
93,87,0,62,0,38,0,6,0,44
113,87,0,92,1,1,24,8,0,0
114,87,0,145.5,0,29,22,8,0,16
115,87,0,80,1,6,11,16,0,17
124,87,0,131,0,48,4,1,0,4
125,87,0,202.5,0,79,2,0,0,11
126,87,0,161,7,49,1,7,0,18
127,87,0,168,2,2,4,48,0,30
0,88,0,112,3,3,3,42,0,38
1,88,0,141,0,0,1,77,0,76
2,88,0,106,4,0,72,3,0,3
3,88,1,15,2.8,2.1,0.5,0.7,0,0
4,88,0,127,14,3,29,11,0,24
5,88,0,54,3,2,1,15,0,0
6,88,0,155.5,2,4,46,20,0,43
7,88,0,55,6,2,0,13,0,0
8,88,1,17.5,0.5,0.7,1.9,2.9,0.3,0
9,88,1,27,0.7,1.1,3,4.5,0.4,0
10,88,1,5,0.1,0.2,0.6,0.8,0.1,0
14,88,0,34,1,4,0,8,0,2
15,88,0,154.5,0,0,0,71,0,65
16,88,0,154.5,0,16,0,48,0,61
17,88,0,45,7,0,0,11,0,10
18,88,0,84,0,0,9,36,0,45
19,88,0,143.5,4,1,40,19,0,38
20,88,1,26,1.8,1.2,0.6,4.7,0.6,0
21,88,0,160,0,45,14,0,0,51
22,88,0,215,3,40,13,25,0,71
23,88,0,223.5,0,0,70,46,0,96
24,88,0,74,5,4,1,21,0,3
25,88,0,40,1,2,4,16,0,0
26,88,0,54,0,1,3,14,0,0
27,88,0,44,11,1,1,7,0,0
28,88,1,4,0.7,0.3,0.3,0.3,0,0.1
32,88,0,34.5,3,6,2,4,0,0
33,88,0,110.5,5,2,3,32,0,19
34,88,0,129.5,7,11,26,21,0,46
35,88,0,38,10,4,2,0,0,0
36,88,1,9,1.4,0.5,0.2,1.1,0,0
45,88,1,3,0.4,0.6,0.1,0.1,0,0
46,88,1,13,0.6,1.4,1.4,1.4,0,0
47,88,0,39,3,2,3,6,1,0
48,88,1,21,1,2.2,2.3,2.2,0,0
59,88,1,36,2.8,12,1.4,0,0,0
60,88,0,160.5,10,25,13,19,0,34
61,88,0,56,5,13,2,7,0,11
62,88,0,104.5,12,3,5,31,0,0
63,88,0,67,4,30,1,5,7,25
64,88,0,95.5,8,1,8,22,0,0
65,88,0,81.5,1,13,1,19,0,0
81,88,1,5,1.1,0.3,0.1,0.5,0,0
82,88,0,130.5,3,17,24,3,0,22
83,88,0,194.5,26,29,2,23,0,0
84,88,0,127.5,8,8,34,4,0,20
85,88,0,49.5,0,11,12,0,0,5
87,88,1,15,0,0.2,2.2,3.3,0,0.9
89,88,1,11,0,0.2,1.6,2.4,0,0.6
90,88,0,83,1,3,8,25,0,0
91,88,0,68,1,4,5,19,0,0
92,88,0,106.5,5,2,1,34,0,19
93,88,0,118,3,5,7,33,0,9
94,88,0,22.5,0,2,2,7,0,0
96,88,1,7,0.2,0.5,0.3,2,0,1
112,88,1,23,0.4,0.5,5.4,2.7,0,6.8
113,88,0,171,7,0,4,42,0,26
114,88,0,35,1,4,1,8,0,9
115,88,0,63,0,14,7,0,0,0
124,88,0,25.5,0,1,0,11,0,5
125,88,0,208,1,30,7,41,0,42
126,88,0,228,0,18,10,48,0,52
127,88,0,92,0,0,5,34,0,34
0,89,0,177.5,1,0,0,84,0,75
1,89,0,164,1,0,1,82,0,76
2,89,0,92,11,3,4,23,0,21
3,89,1,26,4.8,3.6,0.9,1.2,0,0
4,89,1,11,2,1.5,0.4,0.5,0,0
5,89,1,7,1.3,1,0.2,0.3,0,0
6,89,0,37,1,4,2,7,0,0
7,89,0,73.5,11,5,2,16,0,0
8,89,0,74.5,8,7,2,16,0,0
9,89,0,55,6,4,3,12,0,0
10,89,0,41,3,3,0,12,0,0
11,89,0,44,1,1,3,13,0,0
12,89,1,2,0.1,0,0.1,0.8,0,0.5
15,89,0,21,1,0,0,11,0,6
16,89,0,28,2,1,0,10,0,1
17,89,0,153.5,5,54,17,19,0,73
18,89,0,150,0,20,5,33,0,46
19,89,0,180.5,2,2,24,53,0,51
20,89,0,107,0,26,10,0,0,33
21,89,0,406,2,120,53,16,0,187
22,89,0,178,0,41,10,34,0,70
23,89,0,144.5,9,0,1,56,0,47
24,89,0,74,9,3,0,28,0,3
25,89,0,107,5,5,3,34,0,2
26,89,0,32,6,0,0,10,0,0
31,89,1,12,0.8,0.3,0.9,3.4,0,2.3
32,89,0,49.5,8,4,2,6,0,0
33,89,0,29,0,0,0,11,0,11
34,89,0,77,0,0,0,35,0,32
35,89,0,182.5,2,7,8,55,0,53
36,89,0,87.5,4,16,0,17,0,16
45,89,0,38,3,6,5,0,0,0
46,89,0,94.5,8,3,8,16,0,0
47,89,0,46,3,3,3,11,0,0
48,89,0,75.5,0,7,4,20,0,0
49,89,1,22,1.1,2.3,2.4,2.3,0,0
54,89,1,1,0.1,0.1,0.1,0.1,0,0
60,89,0,45.5,7,2,5,5,0,0
61,89,0,102.5,37,2,2,5,0,0
62,89,0,151,3,73,1,0,0,51
63,89,0,107.5,7,20,3,15,0,0
64,89,0,73,13,9,3,4,0,0
65,89,1,1,0.1,0,0.1,0.2,0,0
81,89,1,14,3.1,0.9,0.4,1.3,0,0
83,89,0,70,4,8,1,17,0,0
84,89,0,256,3,96,18,5,0,104
85,89,0,61,16,10,0,0,0,18
86,89,0,71,6,0,15,0,0,6
87,89,0,130.5,0,0,41,0,0,0
88,89,1,12,0,0.2,1.8,2.6,0,0.7
89,89,0,56,1,0,7,14,0,0
90,89,0,170,0,1,2,73,0,57
91,89,0,98.5,8,10,1,24,0,7
92,89,0,88.5,9,11,1,12,0,1
93,89,1,19,0,3.6,4.3,0,0,0
112,89,0,46,11,0,0,8,0,2
113,89,0,147.5,0,0,0,61,0,1
114,89,0,163.5,3,0,14,43,0,37
115,89,1,9,0.2,0.2,2.1,1,0,2.6
125,89,0,28,0,0,0,15,0,15
126,89,0,80,0,0,0,33,0,33
127,89,0,118.5,27,23,1,2,0,21
0,90,0,86,2,5,2,38,0,31
1,90,0,106,13,21,0,5,1,0
2,90,1,11,2,1.5,0.4,0.5,0,0
3,90,1,5,0.9,0.7,0.2,0.2,0,0
7,90,1,16,0.4,0.7,1.8,2.6,0.2,0
8,90,1,7,0.2,0.3,0.8,1.1,0.1,0
16,90,0,77.5,0,0,14,15,0,4
17,90,0,76,6,10,3,20,0,0
18,90,0,123,8,10,5,30,0,25
19,90,0,34,4,0,1,16,0,4
20,90,0,309,0,147,0,2,0,120
21,90,0,166,0,34,49,10,0,80
22,90,0,79.5,0,23,11,3,0,15
23,90,0,165,5,35,1,46,1,38
24,90,0,95.5,12,4,1,27,0,0
25,90,1,19,2.9,0.5,0.5,3.9,0,1
26,90,0,90.5,22,2,1,15,0,0
27,90,1,24,4,2,1.5,2,0,0.5
30,90,1,17,2.8,1.4,1.1,1.4,0,0.4
31,90,0,38,8,3,0,4,0,0
33,90,1,8,0.5,0.2,0.6,2.3,0,1.5
34,90,0,50,0,0,0,21,0,20
35,90,0,93,2,5,6,31,0,34
36,90,1,27,4.1,1.4,0.7,3.5,0,0
37,90,1,3,0.5,0.1,0.1,0.4,0,0
45,90,1,12,1.4,2.4,0.3,0.5,0,0
46,90,0,82,5,4,2,21,0,0
47,90,1,21,1,2.2,2.3,2.2,0,0
48,90,0,87.5,0,2,23,2,0,0
49,90,0,45,3,9,2,3,0,0
50,90,1,3.5,0.2,0.4,0.4,0.3,0,0
60,90,0,90,11,19,1,8,0,0
61,90,0,193.5,8,65,2,3,0,1
62,90,0,138.5,0,58,1,2,0,1
63,90,0,103.5,0,74,0,0,0,64
64,90,1,18,1.8,0,0.9,4.2,0,0
65,90,1,17,1.7,0,0.9,3.9,0,0
66,90,1,10,0.7,0.3,1.5,0.8,0,0
79,90,1,3,0.2,0,0,1.3,0,0
80,90,1,23,1.8,0,0,9.7,0,0
81,90,1,2,0.4,0.1,0.1,0.2,0,0
83,90,1,9,2,0.6,0.3,0.8,0,0
84,90,0,77,8,20,1,3,0,8
85,90,0,86,23,15,0,2,0,30
86,90,0,104,3,6,28,1,0,26
87,90,0,82,0,0,26,0,0,0
88,90,0,88.5,0,0,27,0,0,0
89,90,0,70,8,21,3,5,0,17
90,90,0,103,0,3,5,36,0,30
91,90,0,104,1,1,3,36,0,25
92,90,0,94.5,2,22,4,13,0,0
93,90,0,113,0,47,7,1,0,0
94,90,1,4.5,0,0.9,1,0,0,0
112,90,0,60,3,0,0,20,0,7
113,90,0,135,7,0,0,51,0,0
114,90,0,108,14,0,1,26,0,13
126,90,1,10.5,0,0.5,2,1.2,0,0
127,90,0,107,12,8,8,17,0,0
0,91,0,38,0,0,0,22,0,22
1,91,1,1,0.2,0.1,0,0.1,0,0
15,91,0,39,0,0,0,14,0,0
16,91,0,42,0,25,0,7,0,24
17,91,0,45,1,11,1,9,0,11
18,91,1,9,0.6,0.4,0.2,1.7,0.2,0
19,91,0,93,10,1,6,28,0,10
20,91,0,100,2,10,15,30,1,1
21,91,0,89.5,2,34,13,13,0,5
22,91,0,157.5,4,42,51,15,0,42
23,91,0,55,3,1,0,22,0,6
24,91,1,12,1.8,0.3,0.3,2.5,0,0.6
26,91,0,80,12,19,2,4,0,0
27,91,0,104,19,21,0,11,0,6
29,91,0,64,4,9,1,15,0,0
30,91,0,28,1,5,5,2,0,0
31,91,1,3,0.2,0.1,0.2,0.9,0,0.6
33,91,0,30,2,0,0,16,0,15
34,91,1,3,0.2,0.1,0.2,0.9,0,0.6
35,91,1,6,0.4,0.2,0.4,1.7,0,1.1
45,91,1,24,2.7,4.9,0.6,1.1,0,0
46,91,0,39,4,1,11,0,0,0
48,91,1,34,1.7,3.6,3.6,3.6,0,0
49,91,1,2,0.1,0.2,0.2,0.2,0,0
59,91,0,100,44,2,0,0,0,43
60,91,0,68.5,12,4,1,8,0,0
61,91,0,114,0,49,1,0,0,0
62,91,0,105.5,1,37,9,0,0,0
63,91,1,1,0.1,0,0.1,0.2,0,0
64,91,1,2,0.2,0,0.1,0.5,0,0
66,91,1,65.5,4.5,2.2,9.7,5.2,0,0
67,91,1,8.5,0.6,0.3,1.2,0.7,0,0
84,91,0,51,0,23,0,0,0,0
85,91,0,123.5,0,45,6,1,0,10
86,91,0,83,0,42,1,0,0,26
90,91,1,18,0,0.3,2.6,4,0,1.1
91,91,0,123.5,0,23,18,4,0,2
92,91,0,95,8,24,3,7,0,0
93,91,0,137,1,48,2,4,0,0
94,91,1,3,0,0.5,0.7,0,0,0
114,91,1,15,0.3,0.3,3.5,1.8,0,4.4
127,91,1,32.5,0,1.5,6,3.8,0,0
5,92,1,5,0.2,0.4,0.9,0.5,0,1.5
6,92,1,16,2,2.1,0.8,1.8,0,1.1
7,92,1,8,1,1.1,0.4,0.9,0,0.5
8,92,0,74,2,1,1,26,0,23
9,92,0,113,0,0,0,46,0,46
12,92,1,2,0,0.3,0.3,0.5,0,0
14,92,1,22,0,3,3.1,5.5,0,0
15,92,0,61,4,2,0,25,0,1
16,92,0,37,7,0,1,7,0,0
17,92,0,138.5,1,14,30,21,0,44
18,92,0,100.5,4,0,11,36,0,7
19,92,1,22,2.9,2.9,1.2,4.6,0,1.7
20,92,0,120.5,2,0,7,52,0,22
21,92,0,105,0,1,32,21,0,20
22,92,0,75,2,1,0,23,0,10
23,92,0,189.5,1,0,0,68,0,51
24,92,0,103,1,1,3,44,0,28
25,92,0,66.5,1,0,18,6,0,6
26,92,0,109,0,39,8,0,0,2
27,92,0,93.5,7,31,1,1,0,0
28,92,0,109.5,29,12,0,5,0,0
29,92,0,110,19,29,1,2,0,0
30,92,1,16,3.1,1,1,1.9,0,0
45,92,1,17,1.6,1.6,1.1,2.2,0,0
46,92,0,32,6,3,2,2,0,0
59,92,0,56,2,1,1,17,0,14
60,92,1,19,2.2,0.9,1,4.6,0,2.4
62,92,1,20.5,0.4,0,6.4,1.5,0,0
63,92,1,18,0.4,0,5.6,1.3,0,0
65,92,0,46,3,2,8,4,0,0
66,92,0,120.5,0,4,31,2,0,0
67,92,0,67.5,5,1,14,5,0,0
75,92,1,5,0,1.5,0.2,0,0,0
84,92,1,13,0.2,3.4,0,1.6,0,0
85,92,1,23,0.4,6,0,2.8,0,0
91,92,1,9,0,0.5,1.3,1.9,0,0
92,92,1,6,0,0.3,0.9,1.3,0,0
93,92,0,30.5,0,4,3,5,0,0
114,92,1,15,1,0.3,1.9,1.6,0,0
115,92,1,2,0.1,0,0.3,0.2,0,0
127,92,1,3,0.1,0.1,0,0.9,0,0.6
5,93,0,105,1,18,20,0,0,25
6,93,0,169,0,69,0,0,0,4
7,93,0,65,20,8,2,1,0,0
8,93,0,152.5,13,11,0,41,0,44
9,93,0,136,0,19,2,40,0,56
10,93,1,18,2.2,2.4,0.9,2,0,1.2
13,93,0,34,0,3,1,7,1,0
14,93,0,174,3,29,19,43,0,51
15,93,0,238,1,0,43,60,0,70
16,93,0,151,0,20,41,10,0,46
17,93,0,79.5,4,3,4,24,0,2
18,93,0,135.5,8,3,4,35,0,2
19,93,0,42,0,1,0,14,0,4
20,93,0,102.5,6,0,22,30,0,28
21,93,0,111,3,16,7,19,0,22
22,93,0,92.5,5,2,0,32,0,22
23,93,0,220,3,0,37,63,0,97
24,93,0,189,0,0,0,80,0,80
25,93,0,92.5,7,2,7,22,0,8
26,93,0,135.5,27,39,1,0,0,29
27,93,0,150,13,31,15,0,0,34
28,93,0,65,2,30,3,0,0,2
29,93,0,97,32,2,1,3,0,0
30,93,1,8,1.6,0.5,0.5,0.9,0,0
48,93,1,3,0.2,0.5,0.4,0,0,0
49,93,1,7,0.5,1.1,1,0,0,0
58,93,1,1,0.1,0.1,0.1,0.2,0,0.1
59,93,0,47.5,0,1,1,20,0,20
60,93,1,2,0.2,0.1,0.1,0.5,0,0.3
62,93,1,3,0.1,0,0.9,0.2,0,0
65,93,1,13,0.2,0,4.1,0.9,0,0
66,93,0,56,2,1,13,4,0,0
67,93,0,76,4,10,8,9,0,0
68,93,0,37,2,2,1,10,0,0
86,93,1,15.5,0,0.8,2.2,3.4,0,0
112,93,1,8,0.5,0.2,1,0.9,0,0
113,93,0,119.5,0,0,38,0,0,0
114,93,0,136,3,1,35,11,0,0
115,93,1,9,0.6,0.2,1.1,1,0,0
122,93,0,52.5,0,0,20,0,0,0
123,93,1,4,0.2,0.4,0.6,0.4,0,0
2,94,1,3,0.1,0.2,0.6,0.3,0,0.9
3,94,0,23,4,5,0,2,0,0
4,94,0,42,4,20,1,3,0,19
5,94,0,84,13,15,9,1,0,23
6,94,0,65,12,18,4,1,1,7
7,94,1,24,3,3.2,1.1,2.8,0,1.6
8,94,0,88,0,34,1,0,0,14
9,94,0,24.5,0,19,0,0,0,18
10,94,1,6,0.7,0.8,0.3,0.7,0,0.4
11,94,1,6,0,0.8,0.9,1.5,0,0
12,94,1,3,0,0.4,0.4,0.8,0,0
13,94,1,3,0,0.4,0.4,0.8,0,0
14,94,0,78,0,4,16,13,0,23
15,94,0,191,0,1,73,4,0,75
16,94,0,181.5,0,2,54,16,0,35
17,94,1,16,2.1,2.1,0.8,3.4,0,1.3
18,94,0,123.5,4,3,1,49,0,31
19,94,0,115,1,0,8,38,0,20
20,94,0,166.5,0,2,49,19,0,49
21,94,0,92,4,2,27,23,0,1
22,94,0,159,2,2,9,48,0,24
23,94,0,160.5,2,0,19,46,0,52
24,94,0,43,1,0,1,19,0,19
25,94,0,106,11,2,14,15,0,23
26,94,0,105,33,0,0,8,0,13
27,94,0,117,17,44,34,0,0,93
28,94,1,20.5,4,1.3,1.3,2.4,0,0
29,94,0,81.5,21,2,0,16,0,0
30,94,1,25,4.9,1.6,1.6,2.9,0,0
31,94,1,6,0.4,0.7,1.5,0,0,0
48,94,1,9,0.6,1.4,1.3,0,0,0
49,94,0,32,2,7,2,0,0,0
50,94,1,6,0.4,0.9,0.9,0,0,0
51,94,1,17,0.5,0.8,4.3,0,0,0
52,94,1,4,0.1,0.2,1,0,0,0
57,94,1,5,0.6,0.2,0.3,1.2,0,0.6
58,94,1,3,0.3,0.2,0.2,0.7,0,0.4
59,94,1,15.5,1.8,0.8,0.8,3.7,0,2
60,94,1,5,0.6,0.2,0.3,1.2,0,0.6
67,94,1,16,2.5,1.8,2.1,1.4,0,0
68,94,0,32,3,1,2,9,0,0
69,94,1,3,0.5,0.3,0.4,0.3,0,0
70,94,0,71,1,2,18,5,0,11
71,94,0,81,0,0,22,2,0,0
72,94,1,1.5,0,0.4,0.1,0,0,0
73,94,0,47,0,0,16,0,0,0
74,94,0,102.5,0,0,38,0,0,8
75,94,0,97,0,28,11,0,0,10
76,94,1,18.5,1.1,2.7,0.7,2.7,0,0
98,94,1,3,0.1,0,0.1,0.9,0,0.8
102,94,1,14,0.7,0,0.3,4.2,0,3.5
103,94,0,64,0,0,0,22,0,20
104,94,0,68,0,0,0,28,0,23
107,94,1,1,0,0.3,0,0.2,0,0.2
111,94,0,30,0,15,0,0,0,0
112,94,0,322.5,0,48,56,0,0,64
113,94,0,114,0,8,31,0,0,2
114,94,0,113,13,11,16,7,0,0
115,94,1,3,0.2,0.1,0.4,0.3,0,0
120,94,1,12,0,0.7,2.5,0.2,0,0
121,94,0,139,29,31,0,0,0,0
122,94,0,162,26,18,35,0,0,14
123,94,0,230,0,39,74,0,0,80
124,94,0,73,4,25,5,0,0,0
125,94,0,67,8,2,8,1,0,0
0,95,0,69,2,15,2,8,0,8
1,95,0,123,7,40,3,5,0,34
2,95,0,59,1,3,3,20,0,6
3,95,0,140,0,0,20,35,0,51
4,95,0,170.5,12,0,22,26,0,43
5,95,0,98,10,1,10,21,0,14
6,95,1,17,2.1,2.3,0.8,1.9,0,1.1
7,95,1,12,1.5,1.6,0.5,1.4,0,0.8
8,95,1,4,0.5,0.5,0.2,0.5,0,0.3
15,95,0,57,11,1,1,6,0,0
16,95,0,90,7,11,11,5,1,19
17,95,0,78.5,23,3,1,0,0,16
18,95,0,78,20,5,8,10,0,24
19,95,0,57.5,3,0,16,2,0,0
20,95,0,102,16,3,2,25,0,0
21,95,0,68,0,0,20,17,0,1
22,95,0,44,0,0,0,15,0,1
23,95,0,162,2,1,26,31,0,24
24,95,0,140,8,1,7,44,0,25
25,95,0,71.5,0,0,0,40,0,32
26,95,0,47,6,2,0,13,0,1
27,95,0,20,1,2,0,9,0,0
28,95,0,104,5,7,7,30,0,1
29,95,0,74,3,7,4,18,0,0
30,95,0,119.5,5,23,12,10,0,0
31,95,1,25,1.6,3.1,6.2,0,0,0
46,95,1,8,0.5,1.3,1.2,0,0,0
47,95,1,10.5,0.7,1.6,1.6,0,0,0
48,95,1,15,1,2.4,2.2,0,0,0
49,95,1,32,2.1,5,4.8,0,0,0
50,95,0,58.5,10,6,3,4,0,0
51,95,0,69.5,3,10,2,14,0,0
57,95,1,3,0.3,0.2,0.2,0.7,0,0.4
58,95,1,2,0.2,0.1,0.1,0.5,0,0.3
60,95,1,21,2.4,1,1.1,5.1,0,2.7
67,95,1,15,2.3,1.7,2,1.3,0,0
68,95,0,144.5,15,8,20,9,0,18
69,95,0,79.5,10,4,7,12,0,5
70,95,0,121,0,0,49,0,0,29
71,95,0,146,0,0,41,0,0,0
73,95,0,131,4,3,28,6,0,24
74,95,0,131.5,3,3,45,7,0,21
75,95,0,92,4,5,10,19,0,3
76,95,1,6,0.4,0.9,0.2,0.9,0,0
84,95,1,3,0.1,0.8,0,0.3,0,0
93,95,1,14,0,0.8,2,3,0,0
101,95,1,7,0.3,0,0.2,2.1,0,1.8
102,95,0,70,0,0,0,31,0,29
103,95,0,139,0,0,0,51,0,44
104,95,0,132,0,0,2,44,0,38
105,95,1,16,0.8,0,0.4,4.8,0,4
106,95,0,42,0,0,1,12,0,7
110,95,1,2,0,0.5,0,0.4,0,0.3
111,95,0,108.5,0,40,2,0,0,0
112,95,0,211,0,55,34,1,0,32
113,95,0,164,0,20,40,0,0,6
114,95,0,93.5,15,9,10,4,0,0
115,95,1,10,0.6,0.2,1.3,1.1,0,0
116,95,1,41.5,0,2.3,8.5,0.8,0,0
119,95,0,35,1,0,10,3,0,0
120,95,0,64.5,0,10,17,4,0,0
121,95,0,127.5,2,25,11,8,0,0
122,95,0,116,4,32,2,5,0,16
123,95,0,251,1,35,61,1,0,65
124,95,0,176.5,5,12,41,19,0,40
125,95,1,37,1.8,3.6,5.4,3.6,0,0
0,96,0,145,3,12,2,40,0,38
1,96,0,125,16,12,2,17,0,8
2,96,0,131,1,0,0,67,0,66
3,96,0,210,0,0,30,61,0,91
4,96,0,187,0,0,23,59,1,74
5,96,1,19,0.7,1.4,3.5,2.1,0,5.6
6,96,0,30,9,2,0,0,0,0
7,96,0,42,5,1,3,6,0,1
8,96,0,40,0,6,7,4,0,0
13,96,0,123,1,4,1,43,0,23
14,96,0,123,1,0,0,58,0,58
15,96,0,87,6,0,1,38,0,36
16,96,0,232,0,0,0,85,0,81
17,96,0,78,8,2,4,16,0,6
18,96,0,69.5,1,2,20,2,0,16
19,96,0,66,0,1,23,0,0,5
20,96,0,59.5,4,3,6,16,0,0
21,96,0,111,4,1,7,42,0,14
22,96,0,30,0,0,7,8,0,2
23,96,0,56,1,2,7,20,0,1
24,96,0,71,7,4,2,22,0,0
26,96,0,38,8,16,1,0,0,15
27,96,0,60.5,9,5,0,14,0,0
28,96,0,92.5,9,5,5,17,0,0
29,96,0,81,19,9,2,14,0,0
30,96,1,8,1.6,0.5,0.5,0.9,0,0
31,96,1,1,0.1,0.1,0.2,0,0,0
46,96,1,2,0.1,0.3,0.3,0,0,0
47,96,1,15,1,2.4,2.2,0,0,0
48,96,0,42,0,3,8,4,0,0
49,96,0,92.5,0,2,28,1,0,7
50,96,0,102,6,3,14,16,0,6
51,96,1,81.5,2.4,4,20.6,0,0,0
57,96,1,1,0.1,0.1,0.1,0.2,0,0.1
58,96,1,1,0.1,0.1,0.1,0.2,0,0.1
60,96,0,28,1,2,1,7,0,0
66,96,1,1,0.2,0.1,0.1,0.1,0,0
67,96,1,10,1.6,1.1,1.3,0.9,0,0
68,96,0,150,19,11,0,32,0,0
69,96,0,57,3,4,0,21,0,0
70,96,0,127.5,0,0,36,0,0,0
71,96,0,111.5,0,9,23,12,0,8
73,96,1,34,0,10.1,1.7,0,0,0
74,96,0,104,8,16,3,18,0,0
75,96,0,142.5,3,5,21,29,0,13
76,96,1,19,1.2,2.7,0.8,2.7,0,0
80,96,1,5,0.3,0.8,0.2,0.7,0,0
84,96,1,11,0.2,2.9,0,1.3,0,0
85,96,0,39,2,4,11,2,0,10
86,96,1,3,0,0.2,0.4,0.6,0,0
88,96,1,3,0,0.2,0.4,0.6,0,0
93,96,1,5,0,0.3,0.7,1.1,0,0
102,96,0,36,0,0,0,14,0,12
103,96,0,100.5,0,0,3,37,0,35
104,96,0,111.5,0,0,25,10,0,6
105,96,0,96,5,0,6,27,0,21
106,96,1,22,0,5.1,0,5.1,0,3.6
108,96,1,18,0,4.2,0,4.2,0,2.9
109,96,0,123,0,22,31,0,0,30
110,96,0,183,0,61,0,0,0,11
111,96,0,113.5,3,24,14,11,0,1
112,96,0,72,2,3,13,9,0,0
113,96,0,103,0,0,43,2,0,26
114,96,0,72.5,7,10,0,14,0,9
115,96,0,242.5,0,5,56,18,15,32
116,96,0,82.5,0,0,28,0,7,0
118,96,0,99,0,0,37,0,0,0
119,96,0,73,3,2,7,10,0,0
120,96,0,109.5,4,4,8,28,0,1
121,96,0,124.5,3,2,1,40,1,0
122,96,0,135,12,12,1,29,0,5
123,96,0,107,1,2,4,32,0,1
124,96,0,100,5,10,5,19,0,0
125,96,0,44.5,6,2,5,5,0,0
126,96,1,9,0.3,0.3,0,2.6,0,1.7
127,96,1,16,0.5,0.5,0,4.7,0,3.1
0,97,0,26,1,7,2,2,0,0
1,97,0,63,16,3,3,10,0,0
2,97,0,125,1,0,4,33,0,30
3,97,0,76,0,0,6,19,0,19
4,97,1,18,0.5,0.5,2.1,6.4,0,5.8
6,97,1,8,1.9,0.3,1.9,0.9,0,1.3
7,97,0,134.5,0,0,38,2,0,3
8,97,1,15.5,3.6,0.6,3.7,1.8,0,2.4
9,97,1,2,0.5,0.1,0.5,0.2,0,0.3
12,97,1,31,2.2,0.5,4.8,4.8,0,0
13,97,0,110,2,0,0,44,0,43
14,97,0,153.5,13,1,0,53,0,52
15,97,0,158.5,19,1,0,46,0,42
16,97,0,84,2,3,0,27,0,23
19,97,1,6,0.3,0,0.3,2.4,0,0
20,97,1,8,0.3,0,0.4,3.3,0,0
21,97,0,46,2,1,1,14,0,0
22,97,1,15,1.5,0.9,0.8,4,0,0.2
23,97,0,74,7,1,7,18,0,1
24,97,0,72,8,5,2,19,0,0
25,97,1,2,0.2,0.1,0.1,0.6,0,0
27,97,0,94.5,25,0,6,2,0,0
28,97,0,228,104,1,2,0,0,2
29,97,0,104.5,50,0,0,0,0,0
47,97,1,1,0.1,0.2,0.1,0,0,0
48,97,1,22,0.9,4,2.8,0.2,0,0
49,97,0,79.5,0,1,31,0,0,0
50,97,0,60,9,4,8,0,0,0
51,97,0,81.5,17,1,12,0,0,1
52,97,0,117.5,0,34,4,0,0,12
55,97,1,22,2.2,2.2,2.5,1.2,0,0
56,97,0,26,1,8,1,4,0,0
57,97,1,23.5,1.2,0.3,3.6,3.5,0,0
60,97,0,75.5,2,5,1,23,0,5
61,97,0,161,0,50,0,0,0,46
62,97,1,18.5,2.3,2.7,0.7,2.3,0,0
63,97,0,38.5,2,3,9,1,0,0
64,97,1,5,0.6,0.8,0.2,0.6,0,0
65,97,1,3,0.4,0.4,0.1,0.4,0,0
66,97,0,29,3,3,0,6,0,0
67,97,1,13,0.8,1.4,2,0.8,0,0
68,97,0,35,4,3,2,6,0,0
69,97,0,78,5,8,4,17,0,2
70,97,0,116,0,15,12,18,0,13
71,97,0,126.5,4,6,10,38,0,31
72,97,0,73.5,6,6,2,21,0,7
73,97,0,98,3,38,2,8,0,32
74,97,0,88.5,14,1,8,16,0,3
75,97,0,94.5,5,1,12,17,0,0
84,97,0,24,0,1,0,12,0,7
85,97,0,75.5,1,4,13,16,0,8
86,97,0,85,1,24,2,9,0,2
103,97,1,4,0.2,0,0.9,0.9,0,0
104,97,0,86,0,0,45,4,0,32
105,97,0,63,1,8,15,1,0,0
106,97,0,127,0,30,19,1,0,0
107,97,1,13,0,1.2,2.6,0,0,2
108,97,0,50,0,24,2,0,0,0
109,97,0,178,0,72,0,0,0,1
110,97,0,145.5,20,51,0,0,0,5
111,97,0,132,22,15,18,1,0,22
112,97,0,75,4,4,3,20,0,0
113,97,0,92.5,5,4,1,29,0,0
114,97,0,142,8,2,5,48,0,0
115,97,0,122,10,6,25,6,0,6
116,97,0,64.5,1,2,8,20,0,15
117,97,0,59,1,4,12,13,0,8
118,97,0,86.5,4,0,26,1,0,13
119,97,1,41,1.4,2.1,4.2,6.4,0,0
120,97,1,12,0.4,0.6,1.2,1.9,0,0
121,97,0,56,0,21,0,1,0,0
122,97,0,74.5,4,10,4,14,0,2
123,97,0,151,10,7,10,34,0,0
124,97,0,137.5,4,29,7,20,0,0
125,97,0,62,0,21,0,0,0,0
127,97,0,74.5,4,0,0,29,0,22
0,98,0,87,0,33,1,6,0,0
1,98,0,60,0,22,0,0,0,0
2,98,0,32.5,3,4,2,5,0,0
3,98,1,2,0.1,0.1,0.2,0.7,0,0.6
13,98,0,38,7,5,0,3,0,0
14,98,0,25,8,2,0,2,0,1
15,98,0,40,7,5,0,5,0,0
16,98,1,5,0.2,0,0.2,2.1,0,0
22,98,1,5,0.5,0.3,0.3,1.3,0,0.1
23,98,0,62,1,1,12,6,0,3
24,98,0,39.5,2,3,11,1,1,2
25,98,0,91,1,37,16,1,0,41
27,98,0,37,12,1,0,0,0,0
28,98,0,93,17,27,1,0,0,0
29,98,1,4,0.2,0.5,0.2,0.6,0,0
32,98,1,9,1.7,1.5,0.8,1,0,0
33,98,1,3,0.6,0.5,0.3,0.3,0,0
43,98,1,2,0.2,0.2,0.1,0.3,0,0
47,98,1,9,0.4,1.6,1.1,0.1,0,0
48,98,0,20,3,4,3,2,0,0
49,98,0,65,5,0,8,13,0,0
50,98,0,37,5,4,1,10,0,0
51,98,1,11,1.1,1.1,1.2,0.6,0,0
52,98,0,113.5,6,19,15,5,0,1
53,98,0,33,1,3,1,9,0,0
54,98,0,34.5,6,0,3,5,0,0
55,98,0,48.5,5,5,3,11,0,0
56,98,0,61.5,2,1,21,0,0,0
57,98,0,56,0,0,16,0,0,0
58,98,1,12,0.6,0.2,1.8,1.8,0,0
59,98,1,28,1.4,0.4,4.2,4.2,0,0
60,98,0,85,14,3,3,12,0,0
61,98,0,56,4,5,2,9,0,0
62,98,1,16,2,2.3,0.6,2,0,0
63,98,0,50,5,0,1,18,0,4
64,98,0,157,6,12,23,26,0,14
65,98,0,48.5,3,4,12,5,0,0
66,98,1,14,0.9,1.5,2.1,0.9,0,0
69,98,0,88.5,0,26,1,8,0,3
70,98,0,80.5,0,17,15,0,0,4
71,98,1,9,0.5,0.8,1.2,0.5,0,0
72,98,0,58,0,25,1,1,0,0
73,98,0,114,4,19,7,17,0,0
74,98,0,109,2,2,33,7,0,15
75,98,0,151,0,3,27,43,0,58
76,98,0,100,0,0,28,6,0,6
77,98,1,25,0,0,7.3,2.2,0,0.4
81,98,1,11,0.4,1.1,0.4,2.3,0,1.2
82,98,0,67,0,0,0,27,0,23
83,98,0,165.5,2,1,2,58,0,53
84,98,0,88,0,0,0,34,0,25
85,98,0,117.5,3,27,14,8,0,17
86,98,0,72,3,12,2,7,0,0
87,98,0,40,2,2,1,9,0,0
88,98,1,11.5,0.3,0.4,1.6,2.6,0,0
90,98,1,15,0.4,0.4,2.1,3.4,0,0
94,98,1,4,0.1,0.2,0.6,1,0,0
104,98,0,36,12,0,1,0,0,0
105,98,0,121,16,15,10,10,0,1
106,98,0,82.5,5,4,16,6,0,0
107,98,0,42,4,1,4,15,0,0
108,98,0,36,6,3,0,5,0,0
109,98,0,68.5,0,27,0,1,0,15
110,98,0,194,0,48,31,0,0,48
111,98,0,82,0,16,13,0,0,2
112,98,0,79.5,3,7,6,14,0,0
113,98,0,72.5,4,7,6,10,3,0
114,98,0,112,8,9,1,27,0,0
115,98,0,163.5,0,0,52,0,0,43
120,98,1,5,0.2,0.2,0.5,0.8,0,0
121,98,0,70.5,10,11,8,0,0,0
122,98,0,141,30,18,10,2,0,0
123,98,0,195.5,4,4,8,68,0,1
124,98,0,129,6,3,10,36,0,0
125,98,1,17,2.4,2.5,1.4,0.5,0,0
0,99,0,41,4,2,7,6,0,0
2,99,0,27,0,0,16,0,0,0
4,99,1,5,0.1,0.1,0.6,1.8,0,1.6
5,99,0,34,9,0,4,7,0,0
21,99,1,14,1.4,0.9,0.7,3.7,0,0.2
22,99,1,4,0.4,0.2,0.2,1.1,0,0.1
23,99,1,17.5,1.8,1.1,0.9,4.6,0,0.2
25,99,0,100,0,13,23,0,0,17
26,99,0,46.5,0,7,10,0,0,2
27,99,1,12,0.5,1.5,0.7,1.8,0,0
28,99,1,2,0.1,0.3,0.1,0.3,0,0
33,99,1,5,1,0.8,0.4,0.6,0,0
34,99,1,5,1,0.8,0.4,0.6,0,0
35,99,1,12,2.3,2,1,1.4,0,0
36,99,0,74.5,0,10,21,0,0,0
38,99,1,12,1.1,1.1,0.8,1.6,0,0
39,99,1,12,1.1,1.1,0.8,1.6,0,0
48,99,1,7,0.3,1.2,0.9,0.1,0,0
49,99,0,64,6,7,6,8,0,0
50,99,1,6,0.2,1.1,0.8,0.1,0,0
52,99,1,5,0.5,0.5,0.5,0.3,0,0
53,99,0,114.5,5,2,11,27,0,0
54,99,0,106,8,9,4,21,0,0
55,99,0,40,3,2,0,13,1,0
59,99,1,5,0.2,0.1,0.8,0.7,0,0
60,99,1,2,0.1,0,0.3,0.3,0,0
61,99,1,2,0.3,0.3,0.1,0.2,0,0
62,99,1,4,0.5,0.6,0.1,0.5,0,0
63,99,0,36,0,0,11,0,0,0
64,99,0,85,1,3,7,28,0,0
65,99,0,72,1,4,18,10,0,0
66,99,1,20,1.3,2.1,3,1.3,0,0
69,99,1,7,0.4,0.8,1.1,0.4,0,0
71,99,0,69,2,0,14,12,0,4
72,99,0,85,20,23,1,0,0,0
73,99,1,13,0.7,1.2,1.7,0.7,0,0
74,99,1,10,0.6,0.9,1.3,0.5,0,0
75,99,0,48.5,0,0,8,6,0,6
76,99,0,74.5,0,0,26,0,0,0
77,99,1,9,0,0,2.6,0.8,0,0.2
81,99,0,83,0,0,0,34,0,22
82,99,0,145.5,0,0,0,46,0,40
83,99,0,64.5,0,2,0,26,0,22
84,99,0,58,0,1,0,24,0,22
85,99,0,151.5,3,34,18,7,0,27
86,99,0,164,0,29,37,1,0,29
87,99,0,82,5,5,11,13,0,0
88,99,1,9,0.2,0.3,1.3,2,0,0
89,99,0,38,0,0,13,0,0,0
90,99,0,121,3,1,26,11,0,21
93,99,1,2,0,0.1,0.3,0.5,0,0
94,99,1,3,0.1,0.1,0.4,0.8,0,0
103,99,1,9,0.4,0,2.1,2,0,0
104,99,0,68,16,6,1,6,0,0
105,99,0,115,8,18,0,22,0,2
106,99,0,147,6,7,10,37,0,0
107,99,0,92.5,6,38,1,17,0,38
108,99,0,143,0,0,61,3,0,49
109,99,0,140.5,0,0,43,0,0,2
110,99,1,16,0,1.4,3.2,0,0,2.5
112,99,1,11,1,0,0.8,2.2,0,0.1
113,99,0,151,6,61,0,2,0,37
114,99,0,134.5,14,12,2,18,0,0
115,99,0,38,3,0,18,0,0,18
121,99,1,20,2.9,2.9,1.6,0.6,0,0
122,99,0,170,10,46,6,13,0,0
123,99,0,132.5,4,5,6,33,0,0
124,99,0,37.5,5,2,1,9,0,0
0,100,1,12,4.2,1.4,0,0,0,2.8
1,100,0,30,2,4,5,2,0,0
2,100,0,58,6,10,2,3,0,0
15,100,1,9,0.6,0.2,1.4,1.4,0,0
24,100,1,11,1.1,0.7,0.6,2.9,0,0.1
25,100,1,1,0.1,0.1,0,0.3,0,0
26,100,0,63,0,13,13,0,0,0
27,100,0,33,0,13,0,3,0,0
28,100,1,9,0.4,1.1,0.5,1.4,0,0
35,100,0,76.5,16,3,3,8,0,0
36,100,0,103.5,29,6,6,4,0,0
37,100,1,27,2.5,2.5,1.8,3.5,0,0
38,100,0,44,1,3,12,2,0,0
39,100,1,13,1.2,1.2,0.9,1.7,0,0
46,100,1,4.5,0.2,0.8,0.6,0,0,0
47,100,1,26,1.1,4.7,3.3,0.3,0,0
48,100,0,48,2,5,8,2,3,0
49,100,0,35,2,2,4,10,0,0
50,100,0,30,4,2,3,3,0,0
52,100,1,17,1.7,1.7,1.9,0.9,0,0
53,100,0,168,0,39,20,6,0,19
54,100,0,102,7,5,5,27,0,0
55,100,0,80.5,6,1,4,29,0,0
56,100,0,58.5,4,2,7,16,0,0
57,100,1,2,0.1,0,0.3,0.3,0,0
59,100,0,36,0,3,5,6,0,0
60,100,1,7,0.3,0.1,1.1,1.1,0,0
63,100,0,36.5,0,2,11,1,0,0
64,100,0,76,1,3,18,6,0,6
65,100,0,41,0,3,9,4,0,0
68,100,1,20,1.3,2.1,3,1.3,0,0
69,100,1,7,0.4,0.8,1.1,0.4,0,0
70,100,1,7,0.4,0.8,1.1,0.4,0,0
71,100,1,11,0.6,1,1.5,0.6,0,0
72,100,1,8,0.5,0.7,1,0.5,0,0
75,100,1,3,0.2,0.3,0.4,0.1,0,0
76,100,1,10,0,0,2.9,0.9,0,0.2
80,100,1,14,0,0,4.1,1.2,0,0.2
81,100,1,8,0.3,0.7,0.3,1.7,0,0.9
84,100,0,36,10,0,1,3,0,0
85,100,0,160,3,10,37,14,0,41
86,100,0,122.5,1,21,12,8,0,21
87,100,0,84.5,1,4,21,8,0,0
88,100,0,70,1,11,8,5,0,0
89,100,0,98.5,0,1,43,0,0,20
90,100,0,52,2,0,18,3,0,8
91,100,0,51,0,7,15,4,0,15
92,100,0,65,1,22,5,0,0,0
94,100,1,3,0.1,0.1,0.4,0.8,0,0
104,100,0,68,12,4,1,16,0,0
105,100,0,107,3,1,7,34,0,1
106,100,0,148.5,3,2,13,46,0,0
107,100,0,146,2,40,20,4,0,41
108,100,0,200.5,0,1,63,1,0,0
109,100,0,167,0,36,21,1,0,9
110,100,1,16,0,1.4,3.2,0,0,2.5
114,100,1,51,4.5,0,3.8,10.2,0,0.6
115,100,1,2,0.2,0,0.1,0.4,0,0
121,100,1,11,1.6,1.6,0.9,0.3,0,0
122,100,0,121.5,8,4,4,31,0,0
123,100,0,167,21,7,14,31,0,0
124,100,0,85,23,6,3,7,0,0
125,100,1,1,0.1,0.2,0.1,0,0,0
0,101,0,139,20,4,34,4,0,42
1,101,0,79,7,0,12,20,0,37
2,101,0,67,7,0,0,36,0,40
3,101,0,29,1,1,2,15,0,11
4,101,0,68,5,4,1,17,1,2
5,101,1,9,0.3,0.3,1,3.2,0,2.9
14,101,1,18,1.2,0.3,2.8,2.8,0,0
16,101,1,3,0.1,0,0.2,1.2,0,0
24,101,1,10,1,0.6,0.5,2.7,0,0.1
27,101,1,2,0.1,0.3,0.1,0.3,0,0
28,101,1,25,1.2,3,1.5,3.8,0,0
29,101,1,6,0.3,0.7,0.4,0.9,0,0
30,101,1,6,0.3,0.7,0.4,0.9,0,0
32,101,1,2,0.4,0.3,0.2,0.2,0,0
35,101,0,52,12,3,2,5,0,0
36,101,0,102,12,6,9,18,0,0
37,101,0,125,3,4,15,34,0,9
38,101,0,36,2,1,3,8,0,0
39,101,1,20,1.9,1.9,1.3,2.6,0,0
40,101,1,4,0.4,0.4,0.2,0.5,0,0
47,101,0,68,0,29,0,0,0,0
48,101,0,37.5,0,16,1,0,0,0
49,101,0,40,2,7,4,7,0,0
50,101,1,19,0.8,3.4,2.4,0.2,0,0
51,101,1,15,1.5,1.5,1.7,0.8,0,0
53,101,0,31,6,5,2,1,0,0
54,101,1,17,1.7,1.7,1.9,0.9,0,0
55,101,1,3,0.3,0.3,0.3,0.2,0,0
56,101,0,41,9,4,2,4,0,0
57,101,0,47,10,0,0,7,0,0
58,101,0,65,11,4,4,9,0,0
59,101,0,57,3,11,4,8,0,0
62,101,0,31,0,13,0,1,0,0
63,101,0,60,0,13,11,4,0,0
64,101,0,61.5,0,0,19,2,0,0
68,101,1,5,0.3,0.5,0.8,0.3,0,0
70,101,0,52,0,1,14,3,0,14
71,101,0,79.5,1,4,10,17,0,13
83,101,1,24,0.9,2.3,0.9,5,0,2.7
85,101,1,10,0.4,0.9,0.4,2.1,0,1.1
86,101,0,27,2,5,3,3,0,0
87,101,0,43.5,1,1,1,10,0,0
88,101,0,51,3,9,2,8,0,1
89,101,0,67,6,1,11,11,0,0
90,101,0,62,13,0,6,7,0,9
91,101,0,115.5,12,4,9,22,0,0
92,101,0,76,4,6,10,18,0,0
93,101,1,13,0.5,0.5,1.8,3.2,0,0
94,101,0,22,2,0,1,8,0,0
95,101,1,3,0.1,0.1,0.4,0.8,0,0
104,101,1,9,0.4,0,2.1,2,0,0
105,101,0,93.5,6,0,4,33,0,2
106,101,0,165.5,4,16,8,30,0,2
107,101,0,193,0,56,18,0,0,2
108,101,0,176,1,5,58,1,0,23
109,101,0,35,2,8,3,3,0,0
114,101,0,49.5,0,0,1,19,0,1
115,101,1,16,1.4,0,1.2,3.2,0,0.2
121,101,1,12,1.7,1.7,1,0.4,0,0
122,101,1,20,2.9,2.9,1.6,0.6,0,0
123,101,1,12,1.7,1.7,1,0.4,0,0
124,101,1,5,0.7,0.7,0.4,0.2,0,0
0,102,0,158.5,5,0,1,70,0,73
1,102,0,110,6,0,11,27,0,36
2,102,0,123.5,0,0,16,43,0,53
3,102,1,35.5,0,1.6,4.2,11.7,0,10
4,102,0,88,13,0,15,5,0,13
5,102,0,93,12,13,3,8,0,22
6,102,0,55,4,20,2,8,1,19
32,102,1,4,0,0.4,0.5,0.5,0,0.1
35,102,1,3,0,0.3,0.4,0.4,0,0.1
37,102,0,51.5,3,1,7,21,0,4
38,102,0,69,5,4,4,16,0,0
39,102,0,59,7,8,1,8,0,0
40,102,1,10,0.5,1.7,0.5,1.2,0,0
47,102,0,35,2,9,3,0,0,0
48,102,0,71.5,0,12,13,0,0,0
49,102,0,26,2,6,3,1,0,0
50,102,0,81,0,0,28,2,0,2
51,102,1,10,0.8,0.4,1.6,1,0,0.2
58,102,0,52,10,4,0,11,0,0
59,102,0,63.5,2,5,6,19,0,0
60,102,1,11,0.2,1,2.4,1,0,0.8
61,102,1,18,1.7,0.3,4.4,0.6,0,0
62,102,0,60,0,16,6,1,0,0
67,102,1,19,0.4,1.1,2.1,2.7,0,1.5
70,102,0,180,0,0,40,17,0,51
71,102,0,53.5,1,0,1,24,0,15
78,102,1,2,0.2,0,0,0.6,0,0
79,102,1,2,0.2,0,0,0.6,0,0
80,102,1,4,0.3,0,0.1,1.1,0,0
85,102,0,35.5,3,3,3,8,0,0
86,102,0,61.5,4,6,5,13,0,0
87,102,1,5,0.4,0.1,0.4,1.3,0,0
89,102,1,6,0.5,0,0.5,1.6,0,0
90,102,1,13.5,1.2,0.1,1,3.6,0,0
91,102,0,30,1,1,4,5,0,0
92,102,1,17,0.9,0.8,1.8,2.9,0,0.5
93,102,1,13.5,0.7,0.6,1.5,2.3,0,0.4
94,102,1,14,0.7,0.6,1.5,2.4,0,0.4
95,102,1,19,1,0.8,2,3.3,0,0.5
96,102,1,5,0.1,0.2,0.2,1.6,0,0
97,102,1,16,0.4,0.5,0.8,5,0,0
98,102,1,2,0,0.1,0.1,0.6,0,0
103,102,1,2,0,0.1,0.2,0.4,0,0
104,102,1,21,0.6,0.6,1.8,4.3,0,0
105,102,0,117.5,10,2,8,25,0,1
106,102,0,111.5,1,3,28,1,2,0
107,102,0,78.5,11,24,2,1,0,13
108,102,1,23,2.7,2.8,1.2,2.4,0,0
109,102,1,16,1.9,1.9,0.8,1.7,0,0
114,102,0,29,1,0,0,13,0,1
115,102,1,9.5,2.3,0,0,2.5,0,0
0,103,0,172.5,19,2,0,55,0,44
1,103,0,140.5,2,0,12,59,0,48
2,103,0,96,0,17,11,19,0,18
3,103,0,114.5,2,12,13,16,0,19
4,103,0,128,5,1,9,34,0,21
5,103,0,109,0,1,0,53,0,39
6,103,0,84,6,3,1,29,0,25
7,103,0,34,1,4,0,8,0,0
8,103,0,24.5,2,3,0,8,0,0
14,103,1,5,0.4,0.5,0.1,0.9,0,0
29,103,1,22,0,0,0,7.9,0,2.4
35,103,1,31,0,3.1,3.7,4.4,0,0.6
36,103,0,78,4,19,12,1,0,10
37,103,0,53,4,2,3,9,0,0
38,103,1,15,0.7,2.5,0.8,1.8,0,0
39,103,1,21,1.1,3.5,1.1,2.5,0,0
40,103,1,3,0.1,0.5,0.2,0.4,0,0
47,103,1,9,0.3,2,1.6,0.2,0,0
48,103,0,62,0,1,18,0,0,0
49,103,1,14,0.5,3.1,2.5,0.3,0,0
50,103,1,12,0.5,2.6,2.2,0.2,0,0
52,103,1,6,0.5,0.2,1,0.6,0,0.1
53,103,1,8,0.6,0.3,1.3,0.8,0,0.2
56,103,0,121,0,19,45,0,0,22
57,103,0,92.5,0,37,0,0,0,0
58,103,0,47,2,14,1,2,0,1
59,103,1,15,0.3,1.4,3.3,1.3,0,1.1
60,103,1,25,0.5,2.3,5.4,2.3,0,1.8
61,103,1,17,1.6,0.3,4.1,0.6,0,0
62,103,0,47.5,2,3,9,0,0,0
67,103,1,7,0.1,0.4,0.8,1,0,0.5
68,103,1,10,0.2,0.6,1.1,1.4,0,0.8
69,103,0,43.5,0,0,0,19,0,17
70,103,0,74,1,2,0,33,0,24
75,103,1,12,0.5,0.5,0.9,2.6,0,0
76,103,1,17.5,1.5,0,0.4,4.9,0,0
79,103,1,3,0.3,0,0.1,0.8,0,0
82,103,1,12,0.5,1,0,3.9,0,0
83,103,1,5,0.2,0.4,0,1.6,0,0
84,103,1,9,0.4,0.7,0,2.9,0,0
85,103,1,8.5,0.4,0.7,0,2.7,0,0
86,103,0,37,2,4,0,12,0,0
87,103,1,4,0.4,0,0.3,1.1,0,0
91,103,1,23.5,1.2,1.1,2.5,4,0,0.7
92,103,0,27,1,1,2,8,0,0
93,103,0,53,3,2,6,8,0,0
94,103,1,16,0.8,0.7,1.7,2.8,0,0.4
95,103,1,9,0.5,0.4,1,1.5,0,0.3
96,103,1,12,0.3,0.4,0.6,3.8,0,0
98,103,1,11,0.3,0.4,0.5,3.4,0,0
102,103,1,8,0.2,0.3,0.7,1.6,0,0
103,103,0,73.5,7,4,3,16,0,1
104,103,0,83,6,8,2,14,0,2
105,103,0,75.5,9,7,12,8,0,0
106,103,0,110,7,24,11,6,0,15
107,103,0,59,7,23,1,5,0,6
108,103,0,75,8,21,4,7,0,0
0,104,0,101.5,8,10,1,33,0,34
1,104,0,156,0,0,8,57,0,55
2,104,0,113,7,0,4,41,0,40
3,104,0,100,1,23,0,41,0,59
4,104,0,138.5,1,0,2,60,0,50
5,104,0,105,0,0,0,60,0,51
6,104,0,69.5,5,0,1,35,0,21
7,104,1,21,3.2,0,0.8,5.7,0,0
8,104,0,76,2,4,1,27,0,0
9,104,0,43,1,2,0,21,0,1
12,104,1,8,0.6,0.8,0.1,1.5,0,0
13,104,1,15,1.2,1.4,0.2,2.8,0,0
28,104,1,5,0,0,0,1.8,0,0.6
29,104,1,9,0,0,0,3.2,0,1
35,104,0,51,0,26,0,0,0,10
36,104,0,59,2,7,5,16,0,0
37,104,0,31,1,4,0,7,0,0
39,104,1,4,0.2,0.7,0.2,0.5,0,0
52,104,0,62,11,0,5,7,0,0
53,104,0,135.5,10,18,50,5,0,0
54,104,0,68.5,9,16,3,1,0,0
55,104,0,41,0,0,18,0,0,0
56,104,0,189.5,1,59,19,1,0,19
57,104,0,173.5,0,45,0,28,0,31
58,104,0,159,0,12,0,47,0,47
59,104,0,77,0,0,0,36,0,33
62,104,1,4,0.4,0,1,0.1,0,0
63,104,1,4,0.4,0,1,0.1,0,0
68,104,1,16,0.3,0.9,1.8,2.3,0,1.2
69,104,1,23,0.5,1.3,2.5,3.3,0,1.8
70,104,1,4,0.1,0.2,0.4,0.6,0,0.3
71,104,1,12,0.5,0.5,0.9,2.6,0,0
72,104,1,2,0.1,0.1,0.2,0.4,0,0
73,104,0,22,3,0,1,8,0,1
74,104,0,36,6,0,1,10,0,0
75,104,1,24.5,1,1,1.8,5.4,0,0
76,104,1,18,1.6,0,0.4,5,0,0
83,104,1,9,0.4,0.7,0,2.9,0,0
84,104,1,15.5,0.7,1.2,0,5,0,0
85,104,1,3,0.1,0.2,0,1,0,0
86,104,1,18,1.5,0.2,1.4,4.8,0,0
88,104,1,4,0.4,0,0.3,1.1,0,0
89,104,1,5,0.4,0.1,0.4,1.3,0,0
90,104,0,30,0,1,4,6,0,0
91,104,1,18,0.9,0.8,1.9,3.1,0,0.5
92,104,1,24,1.2,1.1,2.6,4.1,0,0.7
93,104,1,29,1.5,1.3,3.1,5,0,0.8
94,104,0,77,1,0,23,10,0,22
95,104,1,33,1.7,1.4,3.6,5.7,0,0.9
96,104,0,22.5,2,1,4,4,0,0
97,104,1,27,0.7,0.9,1.3,8.5,0,0
102,104,1,8,0.2,0.3,0.7,1.6,0,0
103,104,1,15,0.4,0.4,1.3,3.1,0,0
104,104,1,10,0.3,0.3,0.9,2,0,0
105,104,0,61,2,3,2,12,0,2
106,104,0,79.5,2,1,1,26,0,1
107,104,0,30,7,3,0,2,0,0
108,104,1,12,1.4,1.4,0.6,1.3,0,0
109,104,1,21,2.5,2.5,1.1,2.2,0,0
114,104,1,13,3.1,0,0,3.5,0,0
0,105,0,70,5,7,0,28,0,35
1,105,0,82,0,0,0,30,0,16
2,105,0,113,1,0,4,36,0,31
3,105,0,96,0,0,0,61,0,57
4,105,0,98,0,0,0,66,0,61
5,105,0,145,0,1,0,70,0,68
6,105,0,114,2,10,30,6,0,43
7,105,0,69,0,28,0,0,0,7
8,105,0,90.5,1,40,3,3,0,34
9,105,0,78,5,8,1,17,0,1
10,105,1,5,0.8,0,0.2,1.3,0,0
11,105,1,20,1.6,1.9,0.3,3.7,0,0
12,105,0,66.5,8,3,1,20,0,0
14,105,1,8,0.6,0.8,0.1,1.5,0,0
34,105,1,12,0,1.2,1.4,1.7,0,0.2
35,105,0,155.5,2,18,9,35,1,31
36,105,0,98,0,0,0,51,0,47
37,105,1,4,0.2,0.7,0.2,0.5,0,0
38,105,1,2,0.1,0.4,0.1,0.2,0,0
50,105,0,62.5,0,32,0,0,0,0
51,105,0,29,5,6,1,4,0,0
52,105,0,134,1,1,42,1,0,0
53,105,0,61,0,0,21,0,0,0
54,105,0,64,10,4,5,11,0,0
55,105,1,26.5,2.1,1.1,4.2,2.6,0,0.5
56,105,0,52,8,1,9,2,0,1
57,105,0,130,0,16,17,31,0,58
58,105,0,80,0,0,0,30,0,22
59,105,0,77,0,0,0,31,0,31
60,105,1,4,0.1,0.4,0.9,0.3,0,0.3
67,105,0,63,0,17,0,0,0,10
68,105,0,41.5,1,7,2,7,0,0
69,105,0,42,0,1,0,19,0,0
70,105,0,380.5,5,134,21,22,0,151
71,105,0,77.5,4,1,7,22,0,0
72,105,0,98.5,21,5,2,16,0,0
73,105,0,90,9,5,3,24,0,0
74,105,1,19.5,0.8,0.8,1.4,4.3,0,0
81,105,1,7,0.3,0.5,0,2.3,0,0
82,105,1,3,0.1,0.2,0,1,0,0
83,105,1,6,0.3,0.5,0,1.9,0,0
84,105,1,12,0.5,1,0,3.9,0,0
85,105,1,11,0.5,0.8,0,3.6,0,0
86,105,1,16,1.4,0.1,1.2,4.3,0,0
90,105,1,21,1.8,0.2,1.6,5.6,0,0
91,105,1,15,0.8,0.6,1.6,2.6,0,0.4
92,105,1,5,0.3,0.2,0.5,0.9,0,0.1
93,105,0,30,3,1,2,6,0,0
94,105,0,63.5,0,1,14,15,0,5
95,105,0,46,0,0,17,0,0,9
96,105,1,9.5,0.2,0.3,0.5,3,0,0
97,105,0,77,1,5,8,14,0,0
98,105,0,36,9,0,0,4,0,0
110,105,1,4,0.5,0.5,0.2,0.4,0,0
111,105,0,28,7,1,3,1,0,0
112,105,1,8,1.9,0,0,2.2,0,0
114,105,1,1,0.2,0,0,0.3,0,0
3,106,1,7,0,0.4,0.8,2.3,0,2
4,106,0,115.5,0,0,5,42,0,23
5,106,0,173.5,0,0,0,76,0,67
6,106,0,33,2,13,0,0,0,2
7,106,0,73,0,25,0,0,0,19
8,106,0,86.5,5,5,6,20,0,1
9,106,0,162.5,0,0,52,3,0,42
10,106,0,68.5,1,1,4,26,1,2
11,106,0,70,2,1,2,22,0,0
12,106,0,59.5,4,4,7,10,0,0
13,106,0,72,5,3,14,0,0,0
14,106,0,60,3,13,5,5,0,0
15,106,1,19,1.5,1.8,0.3,3.5,0,0
21,106,1,4,0.3,0.4,0.4,0.4,0,0
35,106,0,51,0,1,1,19,0,10
36,106,0,149,1,0,13,37,0,35
43,106,1,15,0,6.3,0.6,0,0,0
44,106,0,43,0,16,0,0,0,0
45,106,1,9,0,3.7,0.4,0,0,0
47,106,1,19,0.7,4.1,3.5,0.3,0,0
49,106,1,1,0.1,0.2,0.2,0,0,0
50,106,0,89.5,0,48,0,0,0,0
51,106,0,138,13,39,1,7,0,0
52,106,0,192.5,0,55,21,0,0,16
53,106,0,108.5,31,17,2,10,0,25
54,106,0,177.5,26,3,41,3,0,58
55,106,0,103.5,9,8,8,27,1,15
56,106,0,141,32,6,2,18,0,24
57,106,0,34.5,0,4,0,11,0,8
58,106,0,86.5,3,0,3,35,0,29
64,106,1,8,0.8,0.1,1.9,0.3,0,0
65,106,1,11,1.1,0.2,2.7,0.3,0,0
66,106,1,12,0.3,0.7,1.3,1.7,0,0.9
67,106,0,96,0,38,0,0,0,1
68,106,0,160,0,67,0,0,0,2
69,106,0,32.5,1,9,0,5,0,0
70,106,0,127,6,4,19,35,0,0
71,106,0,87.5,8,29,1,9,0,0
72,106,0,171,19,13,25,10,0,17
73,106,0,56,0,0,16,0,0,0
74,106,0,22.5,0,0,4,7,0,0
75,106,1,26,1.1,1.1,1.9,5.7,0,0
81,106,1,2,0.1,0.2,0,0.6,0,0
83,106,1,11,0.5,0.8,0,3.6,0,0
91,106,1,15,0.8,0.6,1.6,2.6,0,0.4
92,106,0,58,3,0,6,9,0,0
93,106,0,31,2,0,5,10,0,5
94,106,0,106,3,33,1,9,0,0
95,106,0,89,0,19,17,0,0,0
96,106,0,74,6,17,4,2,0,0
97,106,1,15.5,0.4,0.5,0.8,4.8,0,0
102,106,1,5,0.1,0.2,0.4,1,0,0
111,106,1,6,1.4,0,0,1.6,0,0
112,106,0,50,9,5,3,3,0,0
113,106,0,41,6,4,4,5,0,0
114,106,0,58,5,2,5,7,0,0
116,106,0,95,11,0,27,0,0,32
117,106,0,49.5,18,0,2,0,0,7
5,107,1,11,0,4.8,0,1.4,0,6.2
8,107,0,46.5,8,4,2,5,0,0
9,107,0,42,4,2,6,4,0,0
10,107,0,103.5,6,6,11,19,0,12
11,107,0,48,9,2,0,10,0,0
12,107,0,60.5,4,3,9,7,0,0
13,107,0,42,7,2,5,6,0,0
14,107,0,63.5,3,5,7,13,0,2
15,107,1,8,0.2,1.4,0.9,0.6,0,0
21,107,1,10,0.7,1.1,1,1.1,0,0
28,107,1,5,0.4,0.8,0.7,0.3,0,0
36,107,1,18,2,2.7,1.3,4.7,0,0
37,107,1,1,0.1,0.1,0.1,0.3,0,0
43,107,1,7,1.2,0.7,0.3,0.5,0,0
44,107,0,68,0,28,1,1,0,0
45,107,0,68,4,12,1,19,0,0
46,107,1,13,0.5,0.2,3.1,2.3,0,0
47,107,1,18,0.6,0.3,4.3,3.3,0,0
50,107,0,38,0,6,7,0,0,6
51,107,0,200.5,46,37,0,0,0,46
52,107,0,68,8,21,0,0,0,0
53,107,0,171.5,38,24,5,28,0,37
54,107,0,164.5,9,0,16,44,0,27
55,107,0,128.5,4,0,2,48,0,10
56,107,0,139.5,30,1,2,18,0,25
57,107,0,212,6,0,103,26,0,1
58,107,0,134,11,9,8,36,0,6
59,107,1,25,7.1,0.7,1.1,4.3,0,0
61,107,1,8,0.6,0.2,0.9,0.8,0,0
64,107,0,47,0,0,14,0,0,0
65,107,0,87.5,1,0,26,0,0,16
66,107,0,96,0,0,33,0,0,28
67,107,0,88,0,36,0,0,0,0
68,107,0,160,3,83,16,0,0,82
69,107,0,26,5,5,1,0,0,0
70,107,0,75.5,8,4,7,16,0,0
71,107,0,30,3,4,0,8,0,0
72,107,0,100,14,1,7,15,0,0
73,107,0,48,3,5,6,7,0,0
74,107,1,11,2.2,0,1.3,1.5,0,0
75,107,0,65,1,1,12,3,0,11
76,107,1,9,0.6,0.7,1,1,0,0
77,107,1,6,0.4,0.4,0.7,0.7,0,0
78,107,1,1,0.1,0.1,0.1,0.1,0,0
83,107,1,5,0.1,0.4,0.3,0.9,0,0
84,107,1,4,0.1,0.3,0.3,0.7,0,0
85,107,1,6,0.2,0.5,0.4,1,0,0
86,107,1,3,0.3,0,0.2,0.8,0,0
90,107,1,3,0.3,0,0.2,0.8,0,0
91,107,0,21.5,2,1,0,8,0,0
92,107,1,10,0.1,0.4,1.1,2,0,0
93,107,0,28.5,0,0,4,8,0,0
94,107,0,31.5,3,4,3,3,0,0
95,107,0,31,2,8,1,1,0,0
96,107,0,49,1,8,2,8,0,0
97,107,1,14,0.6,2.1,1.3,2.4,0,0.3
113,107,0,37.5,7,2,5,5,0,0
114,107,0,73,17,0,6,12,0,1
115,107,1,11.5,2.6,0.3,0.8,2.1,0,0
116,107,1,18,2.4,0.7,0.3,3.6,0,0
117,107,1,1,0.1,0.1,0,0.2,0,0
119,107,1,6,0.8,0.2,0.1,1.2,0,0
120,107,0,26.5,2,0,1,8,0,0
121,107,1,1,0.2,0,0,0.2,0,0.1
5,108,1,12,0,5.2,0,1.6,0,6.8
6,108,0,18.5,0,14,0,0,0,14
7,108,1,24,1.8,1.2,4.2,2.4,0,1.2
8,108,0,74,10,3,4,18,0,19
9,108,0,114,15,1,23,3,0,19
10,108,0,51,18,3,1,6,0,0
11,108,1,9,0.3,1.5,1,0.7,0,0
12,108,0,101,0,0,34,0,0,0
13,108,0,75,11,1,18,1,0,0
14,108,0,76,6,3,6,15,0,0
15,108,1,2,0.1,0.3,0.2,0.2,0,0
17,108,1,3,0.1,0.2,0.4,0.6,0,0
18,108,1,12.5,0.5,0.9,1.4,2.4,0,0
19,108,1,6,0.2,0.4,0.7,1.2,0,0
21,108,1,20,1.4,2.3,1.9,2.1,0,0
28,108,0,37,5,7,3,2,0,0
37,108,1,5,0.6,0.7,0.4,1.3,0,0
44,108,0,39,3,11,1,4,0,0
45,108,0,147,43,5,3,14,0,0
46,108,0,71.5,7,6,4,19,0,0
47,108,0,105,5,4,23,9,0,6
48,108,1,13,0.5,0.2,3.1,2.3,0,0
50,108,0,118.5,12,6,9,20,0,22
51,108,0,188,0,67,0,0,0,58
52,108,0,160.5,90,0,0,2,0,77
53,108,0,123,14,4,4,27,0,5
54,108,0,118.5,26,0,5,14,0,29
55,108,0,192,10,0,58,18,0,71
56,108,0,128.5,1,0,31,22,0,48
57,108,0,93.5,7,0,6,33,0,1
58,108,0,198,5,15,9,49,0,1
59,108,1,11,3.1,0.3,0.5,1.9,0,0
60,108,1,15,4.3,0.4,0.6,2.6,0,0
61,108,1,6,0.5,0.2,0.6,0.6,0,0
62,108,0,68,7,12,9,9,0,0
63,108,1,4,0.3,0.1,0.5,0.4,0,0
64,108,1,11,0.9,0.3,1.2,1.1,0,0
65,108,0,94.5,37,1,3,0,0,1
66,108,0,143.5,25,16,17,0,0,1
67,108,1,21,4.1,1.1,2.9,2.2,0,0
68,108,0,94,2,22,0,14,0,0
69,108,0,150,6,3,13,47,0,1
70,108,0,195,7,0,47,29,0,39
71,108,0,25,2,18,1,0,0,18
72,108,0,24,3,2,0,7,0,0
73,108,1,11,2.2,0,1.3,1.5,0,0
74,108,0,62.5,1,2,14,4,0,0
75,108,0,178,0,5,38,12,0,32
76,108,0,86.5,4,4,12,16,0,0
77,108,0,37,4,3,2,6,0,0
78,108,1,5,0.3,0.4,0.5,0.6,0,0
79,108,1,3,0.2,0.2,0.3,0.4,0,0
82,108,1,6,0.2,0.5,0.4,1,0,0
88,108,1,4,0.4,0,0.3,1.1,0,0
89,108,1,4,0.4,0,0.3,1.1,0,0
90,108,1,3,0.3,0,0.2,0.8,0,0
92,108,1,20,0.3,0.8,2.1,4,0,0
93,108,0,36,0,2,8,3,0,0
94,108,1,29,0.5,1.2,3.1,5.7,0,0
95,108,1,5,0.1,0.2,0.5,1,0,0
96,108,0,30,0,8,2,3,0,0
97,108,0,103.5,0,33,4,0,0,17
98,108,0,43,0,4,9,0,0,0
112,108,1,29,6.7,0.7,2,5.3,0,0
113,108,0,115.5,8,0,34,15,0,28
114,108,0,27.5,4,0,1,9,0,0
115,108,0,40,6,0,2,4,0,0
119,108,1,1,0.1,0.1,0,0.2,0,0
120,108,1,12,1.6,0.5,0.2,2.4,0,0
121,108,1,16,2.4,0,0.4,3.5,0,1
122,108,1,4,0.6,0,0.1,0.9,0,0.3
126,108,0,201.5,6,1,59,5,0,48
127,108,0,168,2,30,30,4,0,14
6,109,0,41,0,27,0,0,0,21
7,109,0,185.5,0,45,0,39,0,55
8,109,0,157,0,3,0,69,0,64
9,109,0,50,1,0,4,15,0,8
10,109,1,5,0.4,0.2,0.9,0.5,0,0.2
11,109,1,2,0.1,0.3,0.2,0.2,0,0
12,109,1,6,0.2,1,0.7,0.5,0,0
13,109,0,77,27,0,2,0,0,0
14,109,0,111,38,14,0,1,0,0
15,109,0,72.5,10,6,10,3,0,0
16,109,0,40,0,0,2,29,0,26
17,109,1,23,1,1.6,2.6,4.5,0,0
19,109,1,10,0.4,0.7,1.1,2,0,0
20,109,0,28,3,1,0,11,0,0
21,109,0,80,8,2,2,18,0,0
27,109,0,42,3,1,8,1,0,0
28,109,0,60,2,5,11,5,0,0
33,109,1,8,0.1,0.3,0.6,1.3,0.2,0
34,109,1,12,0.2,0.5,0.9,2,0.2,0
39,109,0,52,7,6,4,6,0,0
40,109,0,34.5,4,0,6,3,0,0
41,109,0,48.5,0,3,8,8,0,0
42,109,0,46,1,5,7,6,0,0
43,109,1,2,0.3,0.2,0.1,0.2,0,0
45,109,0,31,2,0,4,5,0,0
46,109,0,54,5,6,8,8,0,0
47,109,0,69,2,17,11,1,0,0
48,109,0,34,0,0,11,1,0,0
49,109,0,51,7,1,1,14,0,5
50,109,0,295.5,82,14,31,12,0,97
51,109,0,320,137,0,1,0,1,36
52,109,0,362,135,53,0,0,0,169
53,109,0,314,93,0,29,18,0,15
54,109,0,111.5,27,0,5,15,0,2
55,109,1,1,0.4,0,0,0,0,0
56,109,1,6,1.7,0.2,0.3,1,0,0
57,109,0,29,6,0,0,8,0,0
58,109,1,13,3.7,0.4,0.6,2.2,0,0
59,109,0,35,18,0,0,0,0,0
60,109,0,60,25,0,0,0,0,0
61,109,0,76.5,5,36,1,6,0,30
62,109,0,63,8,12,4,4,0,0
63,109,0,14,3,1,6,1,0,0
64,109,0,142.5,1,1,92,6,0,0
65,109,0,139.5,38,8,2,14,0,1
66,109,0,175.5,31,0,59,7,0,0
67,109,0,28,5,1,0,8,0,0
68,109,0,83,17,11,1,12,0,0
69,109,0,136.5,2,44,1,11,0,1
70,109,0,160.5,3,8,12,49,0,4
71,109,0,65,1,10,10,18,0,19
72,109,1,5,1,0,0.6,0.7,0,0
74,109,1,6,1.2,0,0.7,0.8,0,0
75,109,0,43,6,3,4,5,0,0
76,109,0,41,3,1,0,13,0,0
77,109,0,46,1,3,3,8,0,0
78,109,1,14,0.9,1,1.6,1.7,0,0
80,109,1,5,0.3,0.4,0.5,0.6,0,0
81,109,1,2,0.1,0.2,0.1,0.3,0,0
82,109,1,10,0.3,0.8,0.7,1.7,0,0
85,109,1,11,0.3,0.9,0.7,1.9,0,0
91,109,1,15,0.2,0.6,1.6,3,0,0
92,109,0,29,0,4,6,2,0,0
93,109,0,78,2,5,8,13,0,0
96,109,1,6,0.2,0.9,0.6,1,0,0.1
97,109,0,129.5,2,4,33,6,0,16
98,109,0,134.5,0,4,40,0,0,15
99,109,1,9,0.4,1.3,0.9,1.5,0,0.2
107,109,1,74,1.9,6.6,2.8,18.7,0,0
112,109,0,86,8,3,2,31,0,1
113,109,0,237.5,2,6,4,106,2,2
114,109,0,195.5,6,3,29,63,0,0
115,109,0,180,5,3,54,38,0,17
116,109,0,209,6,2,76,22,2,74
117,109,1,31.5,4.2,1.3,0.5,6.3,0,0
118,109,1,2,0.3,0.1,0,0.4,0,0
119,109,1,19,2.5,0.8,0.3,3.8,0,0
120,109,1,26,3.4,1.1,0.4,5.2,0,0
122,109,1,28,4.3,0,0.7,6,0,1.8
123,109,1,3,0.5,0,0.1,0.6,0,0.2
125,109,1,21,3.2,0,0.5,4.5,0,1.3
126,109,1,42,5.3,3.5,2.6,5.2,0,1.8
127,109,0,123,15,2,3,32,0,0
0,110,0,41,4,0,0,17,0,1
1,110,0,38,3,0,1,11,0,0
7,110,0,50,0,20,1,0,0,1
8,110,0,153.5,9,25,2,21,0,20
9,110,0,23,11,1,0,3,0,2
10,110,1,6,0.4,0.3,1.1,0.6,0,0.3
11,110,1,1,0,0.2,0.1,0.1,0,0
12,110,1,10,0.3,1.7,1.1,0.8,0,0
14,110,0,90,20,14,0,0,0,0
15,110,1,25.5,0.8,4.4,2.8,2,0,0
16,110,1,12,0.5,0.8,1.3,2.4,0,0
17,110,0,155,2,0,44,13,0,16
18,110,0,63,3,3,2,19,0,0
19,110,0,41,4,0,11,6,0,10
20,110,0,63.5,1,1,5,20,0,6
21,110,0,56,0,23,4,7,0,16
22,110,1,11,0.8,1.2,1.1,1.1,0,0
23,110,1,10,0.7,1.1,1,1.1,0,0
24,110,1,13,0.9,1.5,1.2,1.4,0,0
25,110,1,3,0.2,0.4,0.3,0.3,0,0
26,110,1,8,0.7,1.3,1.1,0.4,0,0
27,110,0,24,5,4,0,2,0,0
28,110,0,93,2,22,12,2,0,0
29,110,0,31,0,13,0,0,0,0
31,110,1,8,0.1,0.3,0.6,1.3,0.2,0
32,110,1,25.5,0.5,0.9,1.9,4.3,0.5,0
33,110,0,37.5,0,0,12,2,0,0
39,110,1,3,0.3,0.5,0.2,0.8,0,0
40,110,0,47.5,4,1,9,7,0,0
41,110,0,119,10,8,12,30,0,0
42,110,0,91.5,12,3,12,15,0,0
43,110,0,97,24,3,6,11,0,0
44,110,0,91,20,3,4,9,0,0
45,110,1,26,4.4,2.5,1.3,1.9,0,0
46,110,1,4,0.1,0.1,1,0.7,0,0
48,110,1,7,0.3,0.1,1.6,1.3,0,0
49,110,0,94,7,12,13,5,0,0
50,110,0,125.5,2,8,1,40,0,30
51,110,0,383,59,99,59,18,0,211
52,110,0,218.5,58,89,1,0,0,117
53,110,0,76,35,0,0,0,0,28
54,110,1,2,0.7,0,0.1,0,0,0
56,110,0,39,0,0,13,11,0,0
57,110,0,173,4,0,72,13,0,47
58,110,0,123,6,2,81,10,0,0
59,110,0,18.5,11,0,0,1,0,0
60,110,0,143,35,21,6,11,0,0
61,110,0,192,26,46,4,37,0,55
62,110,0,134,9,1,34,28,0,11
63,110,0,81,2,3,10,20,0,0
64,110,0,54.5,14,2,3,5,0,0
65,110,0,273,0,0,145,0,0,144
66,110,1,10,1.9,0.5,1.4,1.1,0,0
67,110,0,47.5,9,3,2,11,0,0
68,110,0,96.5,26,9,2,7,0,0
69,110,0,50,8,8,0,3,0,0
70,110,0,88.5,17,6,15,7,0,14
71,110,0,145.5,12,3,11,37,0,1
72,110,0,29,3,2,1,7,0,0
73,110,1,15,2.9,0,1.8,2.1,0,0
74,110,0,43,7,2,6,3,0,0
75,110,1,1,0.2,0,0.1,0.2,0,0
76,110,1,18,1.2,1.3,2,2.1,0,0
77,110,0,81,8,5,2,19,0,0
78,110,0,47,3,5,4,13,1,0
79,110,1,18,1.2,1.3,2,2.1,0,0
80,110,1,21,1.4,1.5,2.3,2.5,0,0
81,110,1,14,0.4,1.1,0.9,2.4,0,0
82,110,1,23,0.7,1.8,1.5,4,0,0
88,110,1,3,0.3,0,0.2,0.8,0,0
90,110,1,1,0.1,0,0.1,0.2,0,0
91,110,1,14,0.2,0.6,1.5,2.7,0,0
92,110,0,69.5,1,5,13,10,0,0
93,110,0,55,4,3,2,18,0,0
94,110,1,6,0.1,0.3,0.6,1.2,0,0
95,110,0,28,1,8,1,3,0,0
96,110,1,25,1.1,3.7,2.4,4.2,0,0.5
97,110,0,59,1,1,12,12,0,8
98,110,0,95.5,11,25,5,4,0,10
99,110,1,23,1,3.4,2.2,3.9,0,0.5
105,110,1,23,0.6,0.8,1.1,7.2,0,0
106,110,1,5,0.1,0.4,0.2,1.3,0,0
113,110,0,123.5,4,10,34,22,4,24
114,110,0,162,7,1,31,43,3,0
115,110,0,198.5,4,2,69,40,1,0
116,110,0,209,9,1,35,51,3,0
117,110,0,137.5,6,5,7,35,1,0
118,110,0,163.5,8,0,40,30,0,0
119,110,0,99,9,5,2,22,1,0
120,110,1,2,0.3,0.1,0,0.4,0,0
125,110,0,34,2,1,0,11,0,0
126,110,0,75,0,17,4,10,0,13
127,110,0,83,2,1,2,28,0,3
0,111,0,65,20,0,0,9,0,11
1,111,0,103,17,2,1,15,0,11
2,111,0,42,8,1,2,7,0,2
6,111,1,5,0.4,0.2,0.9,0.5,0,0.2
7,111,0,47,1,3,5,11,1,0
8,111,0,65,3,5,1,16,0,0
16,111,1,5,0.2,0.3,0.6,1,0,0
17,111,0,76,3,1,19,4,0,0
18,111,0,86.5,16,4,8,11,0,0
19,111,0,83,10,7,0,22,0,0
20,111,0,47.5,7,6,1,7,0,0
21,111,0,75,1,11,9,20,0,6
22,111,0,133.5,1,47,3,7,0,0
23,111,0,31.5,0,1,8,4,0,0
24,111,1,14,1,1.6,1.3,1.5,0,0
25,111,1,29,2,3.3,2.8,3.1,0,0
26,111,0,47,7,4,9,0,0,0
27,111,0,50,10,7,0,5,0,0
28,111,0,84,11,11,5,12,0,0
30,111,1,23.5,1.9,3.9,3.2,1.3,0,0
31,111,0,59.5,1,4,13,2,0,0
32,111,0,42,0,0,11,2,0,0
41,111,1,6,1,0.6,0.3,0.4,0,0
42,111,0,42,8,8,2,3,0,0
43,111,0,46,5,0,12,0,0,0
44,111,0,192,0,0,65,0,0,51
45,111,0,127,9,5,33,1,0,10
46,111,0,49,17,2,1,0,0,0
49,111,0,67,0,11,17,0,0,0
50,111,0,85,7,2,9,20,0,0
51,111,0,103,31,4,2,16,0,7
52,111,1,36,12,1.1,1.2,0.6,0,0
53,111,1,1,0.4,0,0,0,0,0
54,111,1,23,7.7,0.7,0.7,0.4,0,0
55,111,0,191,32,0,32,39,0,1
56,111,0,265,13,8,26,95,2,1
57,111,0,206.5,6,2,8,76,0,3
58,111,0,127,14,2,4,42,0,1
59,111,0,86.5,5,3,10,14,0,1
60,111,0,40.5,3,1,5,13,0,1
61,111,0,147.5,2,2,16,55,0,0
62,111,0,101,7,8,8,19,0,0
63,111,1,9,0.7,0.2,1,0.9,0,0
64,111,0,36.5,8,1,3,2,0,0
65,111,0,34,2,2,7,1,0,0
66,111,1,5,1,0.3,0.7,0.5,0,0
67,111,0,49,7,7,3,3,0,0
68,111,1,21,4.1,1.1,2.9,2.2,0,0
69,111,0,54,10,3,3,7,0,0
70,111,0,40,7,3,0,12,0,0
71,111,0,57,4,3,0,23,0,0
72,111,0,177,9,39,4,23,0,20
73,111,0,145,32,16,6,3,0,0
74,111,1,2,0.4,0,0.2,0.3,0,0
77,111,1,19.5,1.3,1.4,2.2,2.3,0,0
78,111,1,16,1,1.2,1.8,1.9,0,0
79,111,0,61,9,4,8,11,0,0
80,111,0,40,2,10,2,5,0,0
81,111,0,61,2,7,6,13,0,0
82,111,1,5,0.1,0.4,0.3,0.9,0,0
83,111,1,11,0.3,0.9,0.7,1.9,0,0
85,111,1,7,0.2,0.5,0.5,1.2,0,0
89,111,1,2,0.2,0,0.2,0.5,0,0
90,111,1,1,0.1,0,0.1,0.2,0,0
92,111,1,10,0.1,0.4,1.1,2,0,0
93,111,0,115,9,19,15,6,0,0
95,111,1,13,0.2,0.5,1.4,2.6,0,0
96,111,1,7,0.3,1,0.7,1.2,0,0.1
97,111,0,42,16,1,0,3,0,0
98,111,1,10,0.4,1.5,1,1.7,0,0.2
112,111,1,3,0.7,0.1,0.2,0.5,0,0
113,111,0,181.5,0,20,61,19,2,44
114,111,0,144,9,2,10,45,0,2
115,111,0,236.5,17,2,12,79,0,2
116,111,0,197,9,2,79,12,2,29
117,111,0,87,5,5,4,23,0,2
118,111,0,86,5,0,4,26,0,1
119,111,0,88,10,12,3,8,1,0
120,111,1,2,0.3,0.1,0,0.4,0,0
125,111,1,6,0.9,0,0.2,1.3,0,0.4
126,111,0,141.5,4,15,5,29,1,13
127,111,0,160,3,11,23,36,0,26
0,112,0,92,31,0,0,0,0,22
1,112,0,142.5,47,1,0,0,0,39
2,112,0,47.5,17,0,0,1,0,11
3,112,1,2,0.1,0.1,0.3,0.3,0,0.1
5,112,1,9,0.6,0.7,1.1,1.3,0,0.3
6,112,0,46,0,12,6,0,0,0
7,112,0,95,2,1,6,36,0,0
8,112,1,27,1.2,2.1,4.6,2.1,0,0
9,112,1,11,0.5,0.9,1.8,0.9,0,0
16,112,1,12,3.1,0.8,0.5,0.5,0,0
17,112,0,100,28,4,9,3,0,0
18,112,1,20.5,5.4,1.3,0.8,0.8,0,0
19,112,0,24,4,3,1,3,0,0
20,112,0,28.5,1,9,1,0,0,0
21,112,0,46,3,16,1,5,0,0
22,112,0,92.5,4,2,17,8,0,0
23,112,0,131.5,1,3,32,27,0,11
24,112,1,22,0.4,0.8,3.2,4.9,0,1.6
25,112,1,7,0.1,0.3,1,1.6,0,0.5
27,112,0,26,0,10,2,0,0,0
28,112,0,99,6,21,6,13,0,8
29,112,0,64.5,4,3,3,20,1,0
30,112,0,50,6,4,3,12,0,0
31,112,1,6,0.9,0.3,0.2,1.1,0,0
41,112,1,25,0.2,1.4,4.2,4.2,0,0
42,112,0,42,4,3,5,2,0,0
43,112,0,106.5,2,1,26,10,0,0
44,112,0,114,0,0,39,0,0,0
45,112,0,54,0,0,17,0,0,0
46,112,1,18.5,4.6,1.5,0.2,1.1,0,0
47,112,1,14,3.5,1.1,0.2,0.8,0,0
49,112,0,26,0,9,5,0,0,0
50,112,0,109,15,6,15,23,0,10
51,112,1,28,3.7,1.6,2.7,3.7,0,0
52,112,0,60.5,23,0,0,4,0,0
53,112,0,168,43,0,5,20,0,2
54,112,0,214,43,5,7,42,0,1
55,112,0,289.5,28,34,53,48,0,22
56,112,0,210.5,11,4,16,68,0,0
57,112,0,108,14,0,9,30,0,0
58,112,0,225,0,13,16,89,0,14
59,112,0,118.5,7,0,8,53,3,0
60,112,0,132,8,18,33,20,0,0
61,112,0,51,9,5,5,2,0,0
62,112,0,61,0,5,21,0,0,18
66,112,1,6,0.8,0,0.2,1.3,0,0
68,112,1,9,1.2,0,0.3,2,0,0
69,112,1,3,0.4,0,0.1,0.7,0,0
71,112,0,27,2,2,2,6,0,0
72,112,0,113,3,27,15,4,0,0
73,112,0,32,0,5,7,0,0,0
74,112,1,29.5,1.6,2.3,2.7,5,0,0
77,112,1,9,0.8,0.5,0.4,1.4,0,0.1
78,112,0,36,3,1,3,5,0,0
79,112,0,31.5,0,1,6,6,0,0
80,112,1,23,1.9,1.4,1.1,3.6,0,0.2
81,112,1,12,0.8,0.5,0.3,3.5,0,0
93,112,0,56,2,7,8,3,0,0
94,112,1,13,0.7,0.5,1.6,3,0,0
98,112,1,2,0,0.2,0.1,0.5,0,0
100,112,1,4,0,0.4,0.2,1,0,0
112,112,1,10,0.9,0.9,0.5,1.5,0,0
113,112,1,10,0.9,0.9,0.5,1.5,0,0
114,112,0,104.5,15,30,6,17,1,33
115,112,0,136,48,3,0,9,0,0
116,112,0,84.5,15,1,2,18,0,0
117,112,0,106.5,2,5,36,2,0,21
118,112,0,66.5,8,1,1,15,0,1
119,112,0,186.5,5,73,0,7,0,0
120,112,0,172,0,9,50,0,0,0
121,112,1,6,0.2,0.2,0.2,1.7,0.2,0
127,112,0,51,2,2,1,14,0,1
0,113,1,5,0.3,0.1,0.6,1,0,0
1,113,1,6,0.4,0.4,0.8,0.9,0,0.2
4,113,1,22,1.6,1.6,2.7,3.1,0,0.8
5,113,0,63,1,4,16,1,0,0
6,113,0,51.5,5,2,2,15,0,0
7,113,0,42,2,2,1,9,0,0
8,113,1,5,0.2,0.4,0.9,0.4,0,0
9,113,1,12,0.5,1,2,0.9,0,0
16,113,1,25,6.5,1.6,1,1,0,0
17,113,1,16,4.2,1.1,0.6,0.6,0,0
22,113,1,8.5,0.2,0.3,1.2,1.9,0,0.6
23,113,0,77,5,6,9,13,0,0
24,113,0,113.5,1,45,0,12,0,39
25,113,0,68,8,1,15,4,0,0
26,113,1,3,0.2,0.4,0.1,0.7,0,0.1
27,113,1,10,0.8,1.4,0.2,2.3,0,0.3
28,113,0,34,3,7,3,2,0,2
29,113,0,62,6,3,5,16,0,0
30,113,1,14,1.1,1.9,0.2,3.3,0,0.4
41,113,1,4,0,0.2,0.7,0.7,0,0
42,113,1,12,0.1,0.7,2,2,0,0
43,113,0,50.5,4,1,1,14,0,0
44,113,0,46.5,1,0,2,15,0,0
45,113,1,17,0.1,0.9,2.9,2.9,0,0
46,113,0,47,4,0,2,17,0,0
47,113,1,4,1,0.3,0.1,0.2,0,0
48,113,1,2,0.5,0.2,0,0.1,0,0
50,113,1,8,2,0.6,0.1,0.5,0,0
51,113,1,4,0.6,0.2,0.4,0.5,0,0
52,113,1,1,0.1,0.1,0.1,0.1,0,0
53,113,0,263.5,21,0,86,29,0,81
54,113,0,306.5,8,52,75,25,1,126
55,113,0,357.5,9,2,127,75,0,44
56,113,0,172,8,0,27,53,0,0
57,113,0,246.5,30,3,63,49,0,8
58,113,0,483.5,9,6,117,73,0,107
59,113,0,234,12,6,12,85,0,1
60,113,0,120,9,35,9,12,0,30
61,113,0,166,2,50,6,1,0,37
62,113,1,48,0.7,2.3,11.3,3.8,0,0.8
71,113,1,2,0.1,0.2,0.2,0.3,0,0
72,113,1,28,1.5,2.2,2.6,4.8,0,0
73,113,0,105,29,8,4,2,0,0
74,113,0,77,2,10,13,8,0,0
75,113,1,19,1,1.5,1.8,3.2,0,0
78,113,0,57,4,6,7,7,0,0
79,113,1,10,0.9,0.6,0.5,1.5,0,0.1
80,113,1,13,1.1,0.8,0.6,2,0,0.1
81,113,1,5,0.3,0.2,0.1,1.5,0,0
82,113,1,2,0.1,0.1,0,0.6,0,0
92,113,1,25,1.4,0.9,3,5.8,0,0
93,113,0,51,3,1,10,2,0,0
94,113,1,11,0.6,0.4,1.3,2.6,0,0
102,113,1,13,0.2,0.4,2.3,1.8,0,0
107,113,0,43,12,1,0,4,0,0
111,113,1,3,0.3,0.3,0.1,0.5,0,0
112,113,0,68.5,4,4,6,13,0,0
113,113,0,47,1,2,0,19,0,0
114,113,0,249,63,45,2,8,0,42
115,113,0,157.5,68,7,1,0,1,17
116,113,0,139.5,33,17,4,2,0,0
117,113,0,147,1,43,21,1,0,37
118,113,0,59.5,2,6,14,2,1,0
119,113,0,42,1,0,14,0,1,0
120,113,0,67,0,0,21,0,0,0
121,113,1,2,0,0.1,0.1,0.5,0.1,0
126,113,1,27,5.3,0.6,3,0.6,0,0
127,113,0,68,20,1,1,4,0,9
0,114,0,29,3,10,1,0,0,3
4,114,1,9,0.6,0.7,1.1,1.3,0,0.3
5,114,0,67.5,4,4,3,17,0,0
6,114,0,143,15,1,19,17,0,0
7,114,1,9,0.4,0.7,1.5,0.7,0,0
10,114,1,2,0.1,0.2,0.3,0.1,0,0
15,114,1,3,0.1,0.3,0.5,0.2,0,0
16,114,1,3,0.8,0.2,0.1,0.1,0,0
22,114,1,2,0,0.1,0.3,0.4,0,0.1
23,114,1,15,0.3,0.5,2.2,3.3,0,1.1
24,114,0,134.5,11,22,22,0,0,42
25,114,0,40.5,11,1,3,0,0,0
26,114,0,43,5,4,9,4,0,0
27,114,1,9,0.7,1.3,0.1,2.1,0,0.3
28,114,0,79,9,1,1,30,0,0
29,114,0,94,15,3,13,16,0,8
30,114,0,123.5,8,3,0,38,0,0
31,114,1,4,0.6,0.2,0.2,0.7,0,0
42,114,1,1,0,0,0.2,0.2,0,0
43,114,1,3.5,0,0.2,0.6,0.6,0,0
44,114,0,95.5,2,2,18,14,0,0
45,114,0,57,17,4,0,3,0,0
46,114,0,119.5,9,21,3,26,0,0
47,114,0,146,17,4,10,31,0,0
48,114,0,80,14,4,11,14,0,9
49,114,0,32.5,9,1,0,4,0,0
51,114,1,19.5,2.6,1.1,1.9,2.6,0,0
52,114,0,77,12,8,10,2,0,0
53,114,0,223,3,98,6,27,0,1
54,114,0,372.5,1,20,133,73,0,75
55,114,0,373,181,4,6,26,0,143
56,114,0,234,11,43,34,61,0,7
57,114,0,102,5,1,17,33,0,0
58,114,0,84.5,7,0,1,29,0,1
59,114,0,126,14,10,16,27,0,0
60,114,0,146.5,0,0,50,2,0,0
61,114,0,96,0,16,18,2,0,0
62,114,0,69,0,15,7,0,0,8
72,114,1,10.5,0.5,0.8,1,1.8,0,0
73,114,0,23,5,3,0,3,0,0
74,114,1,7,0.4,0.6,0.6,1.2,0,0
75,114,0,33,1,3,6,2,0,0
76,114,1,7,0.6,0.4,0.3,1.1,0,0.1
77,114,1,14,1.2,0.9,0.6,2.2,0,0.1
78,114,0,33,7,3,2,3,0,0
79,114,1,7,0.6,0.4,0.3,1.1,0,0.1
80,114,1,9,0.8,0.5,0.4,1.4,0,0.1
89,114,1,3,0.2,0.7,0.1,0.3,0,0
91,114,1,4,0.2,0.2,0.5,0.9,0,0
92,114,1,17.5,1,0.6,2.1,4,0,0
93,114,0,49.5,0,2,10,6,0,0
101,114,1,12,0.2,0.4,2.2,1.6,0,0
102,114,1,2,0,0,0.4,0.3,0,0
103,114,1,12,0.2,0.4,2.2,1.6,0,0
108,114,0,48,20,0,0,0,0,0
109,114,0,80,26,6,2,2,0,0
110,114,1,11,0,1.4,2.9,0.3,0,0
111,114,0,88,12,5,2,16,0,0
112,114,0,45,3,2,9,3,0,0
113,114,0,28,3,3,7,1,0,0
114,114,0,214,2,47,51,2,0,64
115,114,0,310.5,0,151,1,0,0,126
116,114,0,275.5,0,126,23,1,0,91
117,114,0,142,0,26,28,0,0,0
118,114,1,24,0,0,7.5,0.6,0,0
119,114,1,12,0,0,3.7,0.3,0,0
120,114,0,24,2,0,0,9,0,0
126,114,1,23,4.5,0.6,2.5,0.5,0,0
127,114,0,63.5,23,0,0,5,0,8
4,115,1,1,0.1,0.1,0.1,0.1,0,0
5,115,0,37,1,2,11,1,0,0
6,115,0,106.5,10,5,9,16,0,4
7,115,1,4,0.2,0.3,0.7,0.3,0,0
26,115,1,7.5,0.6,1.1,0.1,1.7,0,0.2
27,115,0,33.5,7,4,0,3,0,0
28,115,1,3,0.2,0.4,0.1,0.7,0,0.1
29,115,1,7,0.6,1,0.1,1.6,0,0.2
30,115,1,11,0.8,1.5,0.2,2.6,0,0.3
31,115,1,20,3.1,1.1,0.8,3.5,0,0
32,115,1,16,2.5,0.8,0.7,2.8,0,0
40,115,1,2,0.1,0,0,0.7,0,0.6
42,115,1,12,0.1,0.7,2,2,0,0
43,115,0,119,0,0,37,0,0,5
44,115,0,55.5,1,1,13,2,0,0
45,115,0,80,4,5,11,8,0,0
46,115,0,158,4,17,24,18,0,19
47,115,0,61,6,8,3,15,0,0
48,115,0,88,9,1,2,22,0,0
49,115,1,19,4.7,1.6,0.2,1.1,0,0
50,115,1,19,4.7,1.6,0.2,1.1,0,0
51,115,0,98.5,25,6,5,14,0,13
52,115,0,154.5,17,4,5,47,0,1
53,115,0,175.5,14,1,59,23,0,0
54,115,0,129,2,0,43,32,0,0
55,115,0,239,26,6,22,98,0,0
56,115,0,165,6,1,28,72,0,9
57,115,0,153,4,1,54,28,0,0
58,115,0,101.5,8,2,14,24,0,0
59,115,0,224,6,126,5,7,0,117
60,115,0,72.5,6,9,3,10,0,0
61,115,0,98,0,41,0,0,0,0
62,115,1,8,0.1,0.4,1.9,0.6,0,0.1
63,115,1,2,0,0.1,0.5,0.2,0,0
67,115,1,10,1.4,0,0.3,2.2,0,0
72,115,0,45,6,3,8,1,0,0
73,115,0,48,3,1,5,15,0,0
74,115,0,126,17,2,27,3,0,0
75,115,0,46,2,5,9,4,0,0
77,115,1,11,0.9,0.7,0.5,1.7,0,0.1
78,115,1,3,0.2,0.2,0.1,0.5,0,0
79,115,1,11,0.9,0.7,0.5,1.7,0,0.1
86,115,1,9,0.5,2.2,0.2,1,0,0
89,115,1,13.5,0.7,3.3,0.4,1.5,0,0
92,115,0,43,2,1,1,15,0,0
93,115,1,13,0.7,0.5,1.6,3,0,0
101,115,1,27,0.4,0.8,4.9,3.7,0,0
106,115,1,6,0,0.8,1.6,0.1,0,0
107,115,0,36,0,2,11,0,0,0
108,115,0,84,4,50,8,1,0,48
109,115,0,97.5,2,17,3,17,0,0
110,115,0,140.5,1,50,2,9,0,0
111,115,0,80.5,1,21,4,6,0,0
112,115,1,4,0.3,0.4,0.2,0.6,0,0
113,115,1,17,1.5,1.6,0.8,2.6,0,0
114,115,0,98,4,24,9,0,0,0
115,115,0,35,0,15,0,0,0,0
116,115,0,58,1,2,8,3,12,0
117,115,0,116,1,0,35,1,0,0
127,115,1,5,1,0.1,0.6,0.1,0,0
5,116,1,7,0.5,0.5,0.9,1,0,0.2
6,116,1,7,0.3,0.6,1.2,0.5,0,0
7,116,1,9,0.4,0.7,1.5,0.7,0,0
32,116,1,22,3.4,1.1,0.9,3.9,0,0
33,116,1,29,4.5,1.5,1.2,5.1,0,0
36,116,1,1,0,0,0,0.4,0,0.3
37,116,1,5,0.2,0,0.1,1.7,0,1.5
40,116,1,123,3.8,0.9,1.9,42.2,0,37.6
41,116,1,11,0.1,0.6,1.9,1.8,0,0
42,116,1,22,0.2,1.2,3.7,3.7,0,0
43,116,0,126,0,0,40,0,0,14
44,116,1,5,0,0.3,0.9,0.8,0,0
45,116,0,30,3,0,8,0,0,0
46,116,0,125,23,1,16,10,0,0
47,116,0,64,6,6,3,13,0,0
48,116,0,120,16,8,10,18,0,0
49,116,0,125,12,4,2,38,0,0
50,116,0,133.5,31,6,11,13,0,0
51,116,0,82,6,9,2,20,0,0
52,116,0,178.5,64,2,2,9,0,14
53,116,0,147,16,41,5,23,0,0
54,116,0,87,2,4,39,13,0,0
55,116,0,179,12,1,48,54,0,0
56,116,0,178,3,11,43,68,0,0
57,116,0,179.5,12,1,50,44,0,0
58,116,0,123.5,3,3,38,29,0,0
59,116,0,147.5,2,0,40,23,0,2
60,116,0,31,4,0,4,10,0,0
61,116,1,4.5,0.1,0.2,1.1,0.3,0,0.1
64,116,1,1,0,0.1,0.2,0.1,0,0
66,116,1,28,3.8,0,0.8,6.3,0,0
67,116,1,2,0.3,0,0.1,0.4,0,0
69,116,1,6,0.8,0,0.2,1.3,0,0
70,116,1,3,0.4,0,0.1,0.7,0,0
71,116,1,5,0.3,0.4,0.5,0.8,0,0
72,116,1,15,0.8,1.2,1.4,2.5,0,0
73,116,1,18,0.9,1.4,1.7,3.1,0,0
74,116,0,73.5,13,4,7,7,0,0
75,116,1,18,0.9,1.4,1.7,3.1,0,0
76,116,0,37.5,1,1,6,5,0,0
77,116,1,4,0.3,0.3,0.2,0.6,0,0
78,116,1,5,0.4,0.3,0.2,0.8,0,0
79,116,1,3,0.2,0.2,0.1,0.5,0,0
86,116,1,8,0.4,2,0.2,0.9,0,0
87,116,1,1,0.1,0.2,0,0.1,0,0
88,116,1,2,0.1,0.5,0.1,0.2,0,0
91,116,1,5,0.3,0.2,0.6,1.1,0,0
92,116,1,20,1.1,0.7,2.4,4.6,0,0
100,116,1,6,0,0.6,0.3,1.5,0,0
101,116,0,100.5,1,3,16,24,0,0
106,116,1,21,0,2.8,5.5,0.5,0,0
107,116,0,102.5,0,4,28,0,0,0
108,116,0,113,0,29,25,0,0,41
109,116,0,154.5,16,25,16,17,0,24
110,116,0,207.5,20,48,17,6,0,15
111,116,0,144.5,3,36,8,8,0,0
112,116,1,21,1.9,2,1,3.2,0,0
113,116,0,36,11,0,0,0,0,0
117,116,1,5.5,0,0,1.7,0.2,0,0
6,117,1,1,0,0.2,0,0.2,0,0
7,117,0,27.5,2,3,1,5,0,0
8,117,0,37.5,9,7,2,1,0,0
9,117,1,25,0.9,4,0.9,4.5,0,0
14,117,1,13,0.5,1.4,2,0.4,0,0
29,117,1,5,1.1,0.5,0.2,0.2,0,0
33,117,1,4,0.5,0.1,0.2,1.1,0,0
34,117,1,2,0.3,0.1,0.1,0.5,0,0
37,117,1,2,0.5,0,0.1,0.2,0,0
44,117,1,13,2.2,0,1.1,3,0,0
45,117,1,8,1.4,0,0.7,1.8,0,0
46,117,0,64,13,5,0,9,0,0
47,117,0,78,20,8,2,9,0,0
48,117,0,173,2,13,27,57,0,54
49,117,0,118.5,14,3,8,26,0,4
50,117,0,32,5,4,1,3,0,0
51,117,1,16,0.3,1.7,2.1,2.7,0,0
52,117,0,81,3,4,2,28,0,0
53,117,0,78.5,19,3,0,11,0,0
54,117,1,6,0.1,0.7,0.8,1,0,0
55,117,0,132,1,5,57,20,0,44
56,117,0,182,4,38,49,30,0,0
57,117,0,181,0,47,30,37,0,1
58,117,0,177,54,2,18,35,0,0
59,117,0,46,0,1,7,12,0,0
60,117,1,2,0.4,0,0.1,0.4,0,0
61,117,1,23.5,1,0.5,5.2,3.7,0,0
75,117,1,61,1.5,11,6.6,5.2,0,0
76,117,0,61,0,13,6,7,0,0
77,117,0,46.5,0,15,2,0,0,0
78,117,1,9,0.3,0.9,0.6,2,0,0
79,117,1,12,0.3,1.2,0.8,2.7,0,0
81,117,1,4,0.2,0.2,0.1,1.2,0,0
82,117,1,12,0.8,0.5,0.3,3.5,0,0
83,117,1,2,0.1,0.1,0,0.6,0,0
84,117,1,13,0.8,0.6,0.3,3.8,0,0
85,117,1,9,0.6,0.4,0.2,2.6,0,0
86,117,1,2,0.1,0.5,0.2,0.2,0,0
87,117,1,2,0.1,0.5,0.2,0.2,0,0
88,117,0,51,0,2,13,4,0,0
89,117,0,42.5,0,3,7,5,0,0
90,117,0,36,0,8,3,2,0,0
91,117,0,37,1,2,6,7,0,0
94,117,1,3,0.1,0.2,0.6,0.2,0,0
100,117,1,9,0,1,0.4,2.3,0,0
107,117,0,89.5,0,27,6,0,0,25
108,117,0,153,0,55,14,0,0,12
109,117,0,65,7,16,5,0,0,0
110,117,0,139.5,10,7,32,0,1,25
111,117,0,89.5,0,0,37,0,0,29
112,117,0,41,0,12,0,1,0,0
113,117,1,2,0.1,0.1,0.2,0.3,0,0.1
117,117,1,11,0.3,0.4,0.4,3.1,0.4,0
118,117,1,5,0.1,0.2,0.2,1.4,0.2,0
5,118,1,9,0.8,0.8,1,0.8,0,0
6,118,0,33,3,5,1,3,0,0
7,118,0,24,3,3,1,4,0,0
8,118,0,82,8,6,3,17,0,1
9,118,0,37,4,3,3,3,0,0
10,118,1,23,0.8,3.7,0.8,4.1,0,0
11,118,0,27,3,0,0,11,0,0
13,118,1,34,1.4,3.8,5.2,0.9,0,0
14,118,0,52,5,5,6,6,0,0
15,118,1,2,0.1,0.2,0.3,0.1,0,0
30,118,1,5.5,1.2,0.5,0.3,0.2,0,0
34,118,1,2,0.3,0.1,0.1,0.5,0,0
36,118,1,2,0.5,0,0.1,0.2,0,0
46,118,1,13,0.3,4.2,1.1,0,0,0
47,118,0,46,2,15,0,2,0,0
48,118,0,86.5,6,5,15,21,0,10
49,118,0,33,2,1,4,12,0,0
52,118,0,49,14,2,2,3,0,0
53,118,0,162,71,7,1,0,0,0
54,118,0,86,2,10,8,28,0,13
55,118,0,135,30,13,26,0,0,52
56,118,0,212.5,4,4,46,73,0,0
57,118,0,230.5,14,12,31,78,0,0
58,118,0,180.5,4,1,42,20,0,0
59,118,0,48,0,1,19,0,0,0
60,118,1,5,0.9,0,0.2,1.1,0,0
68,118,1,2,0.1,0.2,0.3,0.2,0,0
75,118,1,22,0.5,4,2.4,1.8,0,0
76,118,0,68.5,2,7,7,13,0,0
77,118,0,77,2,25,1,17,0,0
78,118,1,13,0.3,1.3,0.9,2.9,0,0
79,118,1,17,0.5,1.6,1.2,3.8,0,0
80,118,1,4,0.1,0.4,0.3,0.9,0,0
81,118,1,15,1,0.6,0.3,4.4,0,0
82,118,1,5,0.3,0.2,0.1,1.5,0,0
83,118,1,4,0.2,0.2,0.1,1.2,0,0
86,118,1,13,0.4,3.3,1.1,1.6,0,0
88,118,1,4,0.1,1,0.4,0.5,0,0
89,118,0,56,0,0,18,0,0,0
90,118,0,63.5,0,1,18,0,0,0
91,118,0,74.5,3,7,6,13,0,0
92,118,1,12,0.3,0.8,2.5,1,0,0
93,118,1,6,0.1,0.4,1.3,0.5,0,0
100,118,1,2,0,0.2,0.1,0.5,0,0
107,118,1,6,0.1,0.2,1.5,0.3,0,0
108,118,0,124.5,0,17,24,3,0,4
109,118,0,53,2,6,16,3,0,0
110,118,0,147,0,0,48,0,0,14
111,118,1,7,0.3,0.5,0.6,1,0,0.2
113,118,1,13,0.5,0.8,1.2,1.9,0,0.3
115,118,1,5,0.2,0.3,0.5,0.7,0,0.1
116,118,1,14,0.5,0.5,0.5,3.9,0.5,0
117,118,1,8,0.3,0.3,0.3,2.2,0.3,0
123,118,1,2,0,0.1,0.1,0.5,0.1,0
5,119,1,25,2.2,2.2,3,2.2,0,0
6,119,0,62,4,11,1,14,0,0
7,119,0,53,4,2,3,14,0,0
8,119,0,76,17,4,11,6,0,10
9,119,0,129,15,2,3,35,0,0
10,119,0,67,2,3,3,21,0,0
11,119,0,47,1,9,4,4,0,0
12,119,0,92,0,15,18,2,0,0
13,119,0,72,2,13,3,16,0,0
14,119,1,4,0.2,0.4,0.6,0.1,0,0
30,119,1,23,5.2,2.1,1,1,0,0
31,119,1,8,1,0.3,0.4,2.2,0,0
34,119,1,1,0.1,0,0.1,0.3,0,0
36,119,1,2,0.5,0,0.1,0.2,0,0
47,119,0,68,0,27,0,0,0,0
48,119,0,112,3,41,2,2,0,1
49,119,0,98.5,16,5,10,18,0,4
50,119,0,27,4,2,8,1,0,8
52,119,0,54.5,1,9,17,1,0,0
53,119,0,86,1,10,18,6,0,0
54,119,0,94,4,2,0,27,0,3
55,119,0,227.5,17,2,88,25,0,102
56,119,0,109.5,7,2,9,24,0,0
57,119,0,135,4,11,5,50,0,0
58,119,0,25,0,0,16,1,0,12
59,119,0,106,0,18,45,1,0,17
67,119,1,10,0.6,0.7,1.5,1.1,0,0
68,119,1,18,1.2,1.2,2.7,1.9,0,0
76,119,0,39,0,2,9,1,0,0
77,119,1,6,0.2,0.6,0.4,1.3,0,0
82,119,1,5,0.3,0.2,0.1,1.5,0,0
86,119,1,7,0.2,1.8,0.6,0.8,0,0
87,119,1,4,0.1,1,0.4,0.5,0,0
88,119,1,14,0.5,3.5,1.2,1.7,0,0
89,119,0,49,0,5,7,5,0,0
90,119,0,84,3,23,3,2,0,0
91,119,0,66.5,1,6,3,19,0,0
92,119,0,84.5,2,5,25,8,0,20
93,119,0,66.5,0,18,5,1,0,17
94,119,1,20,0.4,1.3,4.1,1.8,0,0
95,119,1,9,0.2,0.6,1.8,0.8,0,0
100,119,1,5,0,0.5,0.2,1.3,0,0
101,119,1,3,0,0.1,0.7,0.7,0,0
102,119,1,3,0,0.1,0.7,0.7,0,0
109,119,1,24,0.3,0.6,6.1,1.3,0,0
110,119,1,6,0.1,0.2,1.5,0.3,0,0
112,119,1,8,0.3,0.5,0.7,1.2,0,0.2
113,119,1,16,0.6,1,1.5,2.3,0,0.4
114,119,1,12,0.5,0.8,1.1,1.7,0,0.3
123,119,1,6,0.2,0.2,0.2,1.7,0.2,0
5,120,0,39,19,0,0,0,0,0
6,120,0,61,18,4,0,2,0,0
7,120,0,37.5,2,3,0,8,0,0
8,120,0,92.5,2,11,20,11,0,16
9,120,0,51,8,5,2,4,0,0
10,120,0,58,1,13,3,8,0,0
11,120,0,87.5,7,2,1,28,0,0
12,120,0,104.5,8,2,7,23,0,1
13,120,0,85.5,3,10,2,24,0,0
14,120,1,19.5,0.8,2.2,3,0.5,0,0
29,120,0,34.5,4,7,4,0,0,0
30,120,1,11,2.4,1,0.5,0.5,0,0
31,120,0,40,2,7,4,6,0,0
32,120,1,16,2,0.5,0.8,4.4,0,0
34,120,1,10,1.3,0.3,0.5,2.7,0,0
35,120,1,17,2.2,0.5,0.8,4.7,0,0
37,120,1,2,0.5,0,0.1,0.2,0,0
44,120,1,1,0.2,0,0.1,0.2,0,0
46,120,1,24,0.7,7.8,1.9,0,0,0
47,120,0,180.5,1,79,0,0,0,12
48,120,0,153.5,13,51,3,2,0,0
49,120,0,72,11,1,3,9,0,0
50,120,0,119,18,5,3,26,0,0
51,120,0,127,6,11,9,29,0,0
52,120,0,92,5,8,13,18,0,0
53,120,0,81,15,3,5,15,0,1
54,120,0,217,19,3,99,9,0,84
55,120,0,238,2,3,121,1,0,121
56,120,0,176,10,1,7,69,0,2
57,120,0,114,5,29,8,6,0,6
58,120,0,118,0,5,47,0,0,0
59,120,0,53,0,1,4,15,0,1
60,120,0,39,0,1,1,14,0,0
67,120,0,40,7,2,6,3,0,0
68,120,1,6,0.4,0.4,0.9,0.6,0,0
69,120,1,3,0.2,0.2,0.5,0.3,0,0
76,120,1,11,0.3,1.1,0.8,2.4,0,0
86,120,1,1,0,0.3,0.1,0.1,0,0
90,120,1,10,0.3,2.5,0.9,1.2,0,0
91,120,0,42,0,5,4,5,0,0
92,120,1,20,0.4,1.3,4.1,1.8,0,0
94,120,1,9,0.2,0.6,1.8,0.8,0,0
95,120,1,7,0.2,0.5,1.4,0.6,0,0
96,120,1,12,0,1.3,0.6,3,0,0
97,120,1,2,0,0.2,0.1,0.5,0,0
98,120,1,3,0,0.3,0.1,0.8,0,0
103,120,1,6,0,0.2,1.5,1.3,0,0
104,120,1,6,0,0.2,1.5,1.3,0,0
105,120,0,121,3,5,17,23,0,0
107,120,0,75,0,0,22,0,0,17
108,120,0,29,1,1,2,7,0,0
111,120,0,36,1,1,1,8,0,0
126,120,1,3,0.2,0.1,0,0.8,0,0
6,121,1,2,0.1,0.3,0.1,0.3,0,0
7,121,1,5,0.2,0.8,0.2,0.9,0,0
8,121,0,54,0,21,0,0,0,0
9,121,0,51.5,0,23,0,0,0,0
10,121,0,91.5,4,10,7,10,0,0
11,121,0,98,4,8,8,23,0,0
12,121,0,73,10,3,1,20,0,0
13,121,0,54,6,6,5,7,0,0
14,121,0,54.5,6,5,5,6,0,0
15,121,0,22,2,7,0,2,0,0
29,121,0,58.5,5,1,7,10,1,0
30,121,0,92,6,2,5,25,0,0
31,121,0,53,9,3,3,13,0,0
32,121,0,80.5,2,0,9,20,0,0
33,121,1,2,0.3,0.1,0.1,0.5,0,0
34,121,0,26,5,0,1,6,0,0
35,121,0,27,6,1,0,6,0,0
36,121,1,3,0.7,0.1,0.1,0.4,0,0
37,121,1,22,5.3,0.7,0.7,2.6,0,0
41,121,1,13,2.2,0,1.1,3,0,0
42,121,0,69,25,0,0,2,0,0
43,121,0,68,2,13,5,13,0,0
44,121,0,84,25,4,4,0,0,0
45,121,0,135.5,66,0,0,0,0,0
46,121,0,45,11,6,3,5,0,0
47,121,0,143.5,5,42,0,17,0,0
48,121,0,144,39,14,7,10,0,30
49,121,0,82.5,7,4,2,17,0,0
50,121,0,121.5,6,11,3,33,0,0
51,121,0,113.5,8,1,3,29,0,0
52,121,0,74.5,6,0,3,22,0,0
54,121,1,25,0.5,2.7,3.2,4.2,0,0
55,121,0,106.5,4,2,55,16,0,0
56,121,0,121,3,3,21,33,0,0
57,121,0,77,5,10,12,10,0,1
58,121,0,84,12,10,7,10,0,0
60,121,1,20.5,3.7,0,0.7,4.5,0,0
61,121,0,44,7,1,4,13,0,0
62,121,1,21.5,1,0.5,4.8,3.3,0,0
66,121,1,3,0.2,0.2,0.5,0.3,0,0
67,121,0,38,3,4,5,1,0,0
70,121,1,4,0.3,0.3,0.6,0.4,0,0
82,121,1,5,0.3,0.2,0.1,1.5,0,0
83,121,1,2,0.1,0.1,0,0.6,0,0
87,121,1,2,0.1,0.5,0.2,0.2,0,0
91,121,1,6,0.1,0.4,1.3,0.5,0,0
97,121,1,4,0,0.4,0.2,1,0,0
98,121,1,4,0,0.4,0.2,1,0,0
99,121,1,11,0,1.2,0.5,2.8,0,0
105,121,1,14,0,0.4,3.5,3.1,0,0
106,121,0,26.5,1,2,7,1,0,0
107,121,1,22,0.3,0.6,5.6,1.1,0,0
108,121,1,17,0.2,0.5,4.3,0.9,0,0
111,121,0,259,13,11,12,70,0,0
112,121,1,8,0.3,0.5,0.7,1.2,0,0.2
113,121,1,6,0.2,0.4,0.5,0.9,0,0.2
117,121,1,3,0.1,0.1,0.1,0.9,0.1,0
126,121,1,2,0.2,0.1,0,0.5,0,0
127,121,1,4,0.3,0.1,0.1,1,0,0
9,122,1,7,0.5,2.2,0.7,0.3,0,0
10,122,1,40.5,2.5,12.8,4.3,1.7,0,0
11,122,0,86.5,8,5,5,16,0,0
12,122,0,82.5,8,4,5,17,0,0
13,122,0,45,4,2,4,10,0,0
15,122,1,16,2.1,2.5,0.7,1.2,0,0
17,122,1,2,0.1,0.1,0.1,0.6,0,0
29,122,1,16,1.8,1.5,1.3,1.9,0,0
30,122,0,39.5,2,3,0,15,0,0
31,122,1,26,1.8,2.2,3.2,3.1,0,0
32,122,0,23,3,2,1,5,0,0
33,122,0,44,6,1,8,5,0,7
34,122,0,64,4,3,1,17,0,0
35,122,0,90.5,4,9,7,17,0,0
36,122,0,53,6,4,7,12,0,0
37,122,0,73,12,2,1,14,0,0
38,122,1,5,0.3,0.1,0.5,1,0,0
41,122,1,13,2.9,0.7,0.7,1.5,0,0
42,122,0,101,20,3,6,9,0,3
43,122,0,103,15,3,6,19,0,2
44,122,0,42,9,5,2,0,0,0
45,122,0,112.5,26,7,12,9,0,0
46,122,0,70,1,3,24,5,0,21
47,122,0,104,10,14,10,19,0,18
48,122,0,107,3,7,28,2,0,0
49,122,0,107,3,0,30,0,0,0
50,122,0,42,14,2,3,4,0,0
51,122,0,158.5,4,3,6,55,0,0
52,122,0,150,1,0,46,12,0,23
53,122,1,1,0.1,0.1,0.1,0.1,0,0
54,122,0,98,0,0,33,0,0,0
55,122,0,53,0,1,13,6,0,0
56,122,0,101,4,48,2,8,0,42
57,122,0,204.5,1,1,74,3,0,69
58,122,0,42.5,4,2,7,6,0,0
60,122,1,9,0.6,0.6,0.8,1.4,0,0
61,122,0,41,5,3,4,10,0,0
62,122,1,3,0.3,0.2,0.4,0.7,0,0
63,122,1,16,1.8,0.8,2.2,3.5,0.2,0
64,122,1,16,1.8,0.8,2.2,3.5,0.2,0
66,122,1,4,0.1,0.2,0.8,0.5,0,0
67,122,1,20,0.6,0.9,4.3,2.3,0,0
79,122,1,2,0,0.2,0.1,0.5,0,0
82,122,1,6,0.2,0.6,0.2,1.5,0,0
91,122,1,8,0,1,1,1.8,0,0
92,122,1,11,0,1.4,1.4,2.4,0,0
98,122,1,2,0,0.5,0,0.4,0,0
100,122,1,6,0,1.4,0.2,1.1,0,0
101,122,1,10,0.5,3,0,2,0,0
109,122,1,2,0,0.3,0.2,0.2,0,0
113,122,1,6,0.1,0.6,0.9,0.4,0,0
115,122,1,15,0.2,1.6,2.4,0.9,0,0
116,122,1,2,0.1,0.1,0.1,0.5,0,0
118,122,1,6,0.3,0.3,0.3,1.6,0,0
119,122,1,7,0.3,0.3,0.4,1.9,0,0
120,122,1,13,0.6,0.6,0.6,3.5,0,0
121,122,0,41,3,0,4,11,0,0
122,122,1,6,0.2,0.2,0.6,1.2,0,0
127,122,0,24.5,0,0,5,7,0,0
0,123,1,13,1,1.2,1.6,1.7,0,0
5,123,1,14,0,0.7,1.3,5.3,0,0
11,123,1,19,2.5,3,0.8,1.4,0,0
12,123,1,5,0.6,0.8,0.2,0.4,0,0
13,123,0,39.5,2,4,4,9,0,0
14,123,0,41,8,3,7,5,0,0
15,123,0,35,7,4,4,0,0,0
28,123,1,19,2.1,1.7,1.6,2.3,0,0
29,123,0,43,13,2,1,6,0,0
30,123,0,43,15,1,2,2,0,0
31,123,0,69,8,0,1,22,0,0
32,123,0,152,15,2,4,44,0,0
33,123,0,123,20,3,3,28,0,0
34,123,0,69,3,2,1,24,0,0
35,123,0,98,5,1,10,26,0,0
36,123,1,24,1.4,0.4,2.3,5.1,0,0
43,123,1,3,0.7,0.1,0.2,0.3,0,0
44,123,1,24,5.5,1.2,1.3,2.7,0,0
45,123,0,36,2,5,2,9,0,0
46,123,0,45,1,5,1,12,0,0
47,123,0,92,1,12,8,15,0,0
48,123,0,122.5,0,25,22,0,0,0
49,123,0,47,3,2,8,6,0,0
50,123,0,116,11,3,1,31,0,0
51,123,0,145.5,9,5,13,32,0,0
52,123,0,99.5,0,0,36,0,0,0
53,123,1,11,0.5,1,1.6,1.5,0,0
54,123,1,13.5,0.7,1.1,2,1.8,0,0
55,123,0,45.5,1,0,11,6,0,1
56,123,1,2,0.1,0.2,0.2,0.3,0,0
57,123,1,5,0.3,0.3,0.5,0.8,0,0
61,123,1,1,0.1,0.1,0.1,0.2,0,0
64,123,1,9,1,0.5,1.3,1.9,0.1,0
65,123,0,83,5,18,1,10,0,1
66,123,0,73,10,10,3,9,0,0
67,123,0,102,2,2,34,0,1,19
75,123,1,3,0.2,0,0.3,0.7,0,0
79,123,1,4,0.1,0.4,0.1,1.1,0,0
80,123,1,5,0.1,0.5,0.2,1.3,0,0
91,123,1,2,0,0.2,0.3,0.4,0,0
94,123,1,6,0,0.7,0.8,1.3,0,0
95,123,1,5,0,0.6,0.6,1.1,0,0
96,123,1,6,0,1.4,0.2,1.1,0,0
97,123,1,1,0,0.3,0,0.2,0,0
101,123,1,2,0.1,0.6,0,0.4,0,0
110,123,1,5,0,0.7,0.4,0.7,0,0
114,123,1,4,0.1,0.4,0.6,0.3,0,0
115,123,0,98,3,5,5,24,0,0
116,123,0,40,2,0,8,4,0,0
117,123,1,2,0.1,0.1,0.1,0.5,0,0
119,123,1,6,0.3,0.3,0.3,1.6,0,0
121,123,1,12,0.4,0.4,1.2,2.4,0,0
122,123,1,25.5,0.9,0.9,2.4,5.2,0,0
126,123,1,9,1.4,0.2,0.2,1.8,0,0
127,123,1,11,1.7,0.3,0.3,2.2,0,0
0,124,1,6,0.5,0.5,0.7,0.8,0,0
12,124,1,19,2.5,3,0.8,1.4,0,0
13,124,1,2,0.3,0.3,0.1,0.1,0,0
14,124,1,6,0.8,0.9,0.3,0.4,0,0
15,124,0,72,8,16,2,3,0,0
16,124,1,14,0.6,1,0.4,4.2,0,0
27,124,1,14,1.6,1.3,1.1,1.7,0,0
28,124,0,47,5,4,1,11,0,0
29,124,0,98,13,3,1,16,0,0
30,124,0,74,10,9,5,5,0,0
31,124,1,19,1.3,1.6,2.4,2.2,0,0
32,124,0,100.5,37,2,0,2,0,0
33,124,0,131.5,12,1,30,18,0,15
34,124,1,27,1.8,2.3,3.4,3.2,0,0
35,124,1,5,0.4,0.4,0.6,0.6,0,0
36,124,1,4,0.2,0.1,0.4,0.8,0,0
41,124,1,7,1.6,0.3,0.4,0.8,0,0
42,124,1,14,3.2,0.7,0.8,1.6,0,0
43,124,0,33,4,0,6,2,0,0
44,124,0,49,3,2,3,15,0,0
45,124,1,6,1.4,0.3,0.3,0.7,0,0
47,124,0,49,0,16,7,0,0,0
48,124,0,133,0,2,55,0,0,36
50,124,0,83.5,14,3,4,17,0,0
51,124,0,116.5,38,10,2,5,0,0
52,124,1,2,0.1,0.2,0.3,0.2,0,0
54,124,1,13,0.6,1.1,1.9,1.8,0,0
55,124,0,31,1,3,1,10,0,0
56,124,1,4,0.2,0.3,0.4,0.6,0,0
57,124,1,21,1.3,1.3,2,3.3,0,0
62,124,1,7,0.8,0.3,1,1.5,0.1,0
63,124,0,97,0,38,0,0,0,1
64,124,0,140.5,0,53,8,0,0,2
65,124,0,137,37,22,4,0,0,1
66,124,0,62.5,5,2,6,16,0,0
67,124,0,120.5,4,4,29,5,0,24
68,124,1,7,0.2,0.3,1.5,0.8,0,0
75,124,1,2,0.1,0,0.2,0.5,0,0
76,124,1,2,0,0.2,0.1,0.5,0,0
81,124,1,2,0,0.2,0.1,0.5,0,0
82,124,1,4,0.1,0.4,0.1,1.1,0,0
88,124,1,7,0.3,0.8,0.5,1.2,0,0
89,124,1,1,0,0.1,0.1,0.2,0,0
96,124,1,2,0,0.5,0,0.4,0,0
102,124,1,1,0.1,0.3,0,0.2,0,0
103,124,1,3,0.1,0.9,0,0.6,0,0
110,124,1,2,0,0.3,0.2,0.2,0,0
111,124,1,13,0.1,1.4,2.1,0.8,0,0
114,124,1,28,0.3,3.1,4.4,1.7,0,0
115,124,0,66,2,0,10,14,0,0
116,124,0,33,3,2,6,0,0,0
123,124,1,10,0.4,0.4,0.9,2,0,0
124,124,1,2,0,0.1,0.2,0.4,0,0
125,124,1,4,0.1,0.2,0.4,0.8,0,0
126,124,0,39.5,9,0,1,10,0,0
127,124,0,52,2,1,2,14,0,0
15,125,1,2,0.3,0.3,0.1,0.1,0,0
16,125,0,35,0,1,9,8,0,0
17,125,0,46,2,2,2,8,0,0
18,125,1,3,0.1,0.2,0.1,0.9,0,0
20,125,1,11.5,0.5,0.9,0.3,3.4,0,0
21,125,1,8,0.4,0,1.5,1.1,0,0
27,125,1,2,0.2,0.2,0.2,0.2,0,0
28,125,1,18,2,1.6,1.5,2.2,0,0
29,125,1,30,3.3,2.7,2.4,3.7,0,0
30,125,0,47,7,2,5,1,0,0
31,125,0,25,10,1,1,0,0,0
32,125,0,104,27,20,1,0,0,0
33,125,1,19,1.3,1.6,2.4,2.2,0,0
34,125,1,22,1.5,1.9,2.7,2.6,0,0
35,125,1,13,0.9,1.1,1.6,1.5,0,0
41,125,1,7,1.6,0.3,0.4,0.8,0,0
42,125,1,24,5.5,1.2,1.3,2.7,0,0
43,125,0,56,11,6,3,1,0,0
44,125,0,131,11,4,8,36,0,0
45,125,0,56,7,11,2,4,0,0
46,125,0,31.5,4,1,6,0,0,0
48,125,1,17,2.7,1.4,0.7,2.7,0,0
50,125,1,17,2.7,1.4,0.7,2.7,0,0
51,125,0,57,4,20,1,4,0,0
52,125,0,48,5,7,7,7,0,0
53,125,1,13,0.6,1.1,1.9,1.8,0,0
54,125,1,6,0.3,0.5,0.9,0.8,0,0
55,125,1,6,0.3,0.5,0.9,0.8,0,0
56,125,1,7,0.4,0.4,0.7,1.1,0,0
57,125,1,2,0.1,0.2,0.2,0.3,0,0
61,125,1,6,0.7,0.3,0.8,1.3,0.1,0
62,125,0,41,7,1,4,11,0,0
63,125,0,78,1,27,2,5,0,0
64,125,0,149,0,55,4,0,0,0
65,125,0,44.5,0,18,0,0,0,0
67,125,1,12,0.4,0.5,2.6,1.4,0,0
68,125,0,44,3,2,5,6,0,0
69,125,0,40,1,3,9,3,0,0
70,125,1,18,0.6,0.8,3.8,2.1,0,0
73,125,1,12,0.7,0.3,1.3,2.7,0,0
74,125,0,25,1,1,0,9,0,0
75,125,1,5,0.3,0.1,0.5,1.2,0,0
82,125,1,5,0.1,0.5,0.2,1.3,0,0
89,125,1,1,0,0.1,0.1,0.2,0,0
90,125,1,13,0.5,1.4,0.9,2.3,0,0
96,125,1,2,0,0.5,0,0.4,0,0
101,125,1,2,0.1,0.6,0,0.4,0,0
103,125,1,2,0.1,0.6,0,0.4,0,0
110,125,1,1,0,0.2,0.1,0.1,0,0
113,125,1,9,0.1,1,1.4,0.5,0,0
114,125,1,17.5,0.2,1.9,2.8,1,0,0
116,125,1,2,0.1,0.1,0.1,0.5,0,0
117,125,1,2,0.1,0.1,0.1,0.5,0,0
120,125,1,4,0.1,0.2,0.2,1.1,0,0
121,125,1,12,0.4,0.4,1.2,2.4,0,0
123,125,1,6,0.2,0.2,0.6,1.2,0,0
124,125,0,41,1,0,15,2,0,5
125,125,0,111.5,3,4,26,7,0,0
126,125,0,88,9,2,3,24,0,0
16,126,1,2,0.1,0.1,0.1,0.6,0,0
18,126,1,5,0.2,0.4,0.1,1.5,0,0
19,126,1,8,0.4,0.6,0.2,2.4,0,0
20,126,1,22,1,1.6,0.7,6.5,0,0
21,126,1,30,1.4,0,5.7,4.3,0,0
22,126,1,4,0.2,0,0.7,0.6,0,0
31,126,1,15,1,1.3,1.8,1.8,0,0
32,126,1,17,1.2,1.4,2.1,2,0,0
33,126,0,74.5,6,2,11,14,0,0
34,126,1,14,0.9,1.2,1.7,1.7,0,0
37,126,1,14,0.8,0.3,1.3,3,0,0
38,126,1,5,0.3,0.1,0.5,1,0,0
41,126,0,29,2,3,5,1,0,0
42,126,1,16,3.7,0.8,0.9,1.8,0,0
43,126,0,51,6,8,1,11,0,0
44,126,0,75,12,7,7,4,0,0
45,126,0,23,2,5,2,2,0,0
46,126,1,15,2.4,1.2,0.6,2.4,0,0
48,126,1,1,0.2,0.1,0,0.1,0,0
52,126,1,7,0.3,0.6,1,1,0,0
53,126,0,36,5,4,4,3,0,0
54,126,1,9,0.5,0.8,1.3,1.2,0,0
56,126,1,5,0.3,0.3,0.5,0.8,0,0
58,126,1,9,0.6,0.6,0.8,1.4,0,0
62,126,0,42,4,0,9,4,0,0
64,126,1,7,0.8,0.3,1,1.5,0.1,0
65,126,1,14.5,1.7,0.7,2,3.1,0.2,0
68,126,1,10.5,0.3,0.5,2.2,1.2,0,0
69,126,1,22.5,0.7,1,4.8,2.6,0,0
72,126,1,6,0.4,0.1,0.6,1.4,0,0
73,126,1,14,0.9,0.3,1.4,3.2,0,0
74,126,1,6,0.4,0.1,0.6,1.4,0,0
82,126,1,1,0,0.1,0,0.3,0,0
88,126,1,6,0.2,0.7,0.4,1.1,0,0
90,126,0,31,0,8,0,6,0,0
98,126,1,14,0,3.4,0.4,2.6,0,0
113,126,0,34,0,2,9,0,0,0
114,126,1,8,0.1,0.9,1.2,0.5,0,0
121,126,1,7,0.2,0.3,0.7,1.4,0,0
124,126,0,162.5,0,18,34,4,0,38
125,126,0,165,3,16,23,24,0,6
126,126,0,98,3,0,21,15,0,21
18,127,1,1,0.1,0.1,0.1,0.1,0,0
19,127,1,2,0.2,0.2,0.2,0.3,0,0
21,127,1,10,1.2,1,0.7,1.5,0,0
22,127,1,9.5,1.2,0.9,0.7,1.4,0,0
30,127,1,2,0,0.2,0,0.6,0,0
32,127,1,10,1.3,1,1.3,0.5,0,0
33,127,0,75.5,29,1,4,0,0,0
34,127,1,11,1.4,1.1,1.4,0.6,0,0
41,127,1,13,0.2,0.8,2.6,2,0,0
42,127,0,155,1,1,43,4,0,32
43,127,0,104,4,9,11,16,0,0
44,127,0,38,3,2,4,5,0,0
45,127,0,22,2,2,3,4,0,0
47,127,1,5,0.1,0.7,0.7,0.8,0,0
48,127,1,14,0.4,1.9,1.9,2.4,0,0
49,127,1,1,0,0.1,0.2,0.2,0,0
54,127,1,1,0,0.2,0.1,0.1,0,0
55,127,1,3,0,0.6,0.4,0.2,0,0
57,127,1,14,0.4,2.7,1.4,1.6,0,0
58,127,1,4,0.1,0.8,0.4,0.4,0,0
59,127,1,1,0,0.2,0.1,0.1,0,0
60,127,1,6.5,0.2,1.3,0.6,0.7,0,0
61,127,1,12,0.7,1.5,1.3,1.2,0,0
65,127,1,2,0.1,0.3,0.2,0.2,0,0
66,127,1,15,0.1,2.2,2.3,1.3,0,0
70,127,1,2,0,0.3,0.3,0.2,0,0
73,127,1,14,0.8,1.8,0.8,2.5,0,0
74,127,1,5,0.3,0.6,0.3,0.9,0,0
88,127,1,5,0.1,0.9,0.3,0.9,0,0
90,127,1,20,0.5,3.5,1.1,3.5,0,0
97,127,1,2,0,0.4,0.2,0.2,0,0
98,127,1,14,0.1,2.7,1.4,1.7,0,0
112,127,1,20,0.5,0.3,5.2,0.8,0,0
113,127,1,15,0.4,0.2,3.9,0.6,0,0
120,127,1,4,0.1,0.1,0.2,1.1,0,0
121,127,1,1,0,0,0.1,0.3,0,0
122,127,1,10,0.4,0.2,0.9,2.7,0,0
124,127,1,5,0.2,0.1,0.5,1.3,0,0
125,127,0,65,0,10,6,13,0,0
126,127,0,114,0,0,48,0,0,31
