x,y,imputed,ind,men,men_1ind,men_5ind,men_coll,men_fmp,men_mais,men_pauv,men_prop,men_surf
114,5,1,3,1.4,0.5,0,0,0.1,1.4,0.2,1.3,154.6
114,6,1,49,21.1,8.2,1,3,1.4,18.1,3.7,10.6,2073.7
114,14,1,3,1.5,0.8,0,0.1,0,1.4,0.1,1.3,189.5
114,15,2,7,3.5,1.8,0,0.2,0,3.3,0.2,3,442.2
114,16,1,66,33.5,11.2,1,0,0,33.5,2,33.4,3477.2
114,17,0,515.5,260,129,18,173,34,87,129,33,17875
114,18,1,212,100.1,40.5,6.2,24,5.1,76.1,23.2,63.2,7887.8
114,20,2,5,2,0.6,0.2,0,0,2,0.4,1.9,179
114,21,0,190,85,26,6,0,7,85,30,56,6650
114,40,2,31,14,2.9,0,0,1.7,14,1.7,13.1,1559.3
114,41,2,21,9.5,2,0,0,1.2,9.5,1.2,8.9,1056.3
114,50,1,2,0.9,0.3,0.1,0,0.1,0.9,0.2,0.9,97.8
114,61,3,6,2.8,0.8,0.1,0.1,0,2.7,0.4,2.5,354.1
114,62,1,11,6,2.5,0,1,0.5,5,1,6,703.5
114,63,1,3,1.6,0.7,0,0.3,0.1,1.3,0.3,1.6,191.9
114,70,1,4,1.5,0.2,0.1,0,0.1,1.5,0.2,1.5,219.4
114,71,1,3,1.1,0.2,0.1,0,0.1,1.1,0.2,1.1,164.6
114,72,1,2,1,0.4,0,0,0.1,1,0,0.7,114
114,103,1,70,29.2,6.7,0.5,0,2,29.2,2.5,27,3333.7
114,108,3,20,8.6,1.8,0.3,0,0.2,8.6,0.3,8.3,1019.9
114,109,2,18,7.6,1.7,0.3,0,0.1,7.6,0.3,7.5,917.9
114,112,2,61,32.4,8.4,0.2,0,0.2,32.4,0,32.4,3415.6
114,113,1,143.5,62.9,15.9,2.4,5,8.4,57.9,3,58.9,6569.3
114,114,0,28,16,7,1,8,2,8,3,2,1230
114,115,2,55.5,28.6,13.4,1,24.1,6.3,4.5,2.1,4.3,2186.7
114,117,1,2,0.8,0.1,0,0.1,0.1,0.7,0.2,0.6,116.9
114,122,2,4,1.7,0.4,0.1,0,0.1,1.7,0,1.7,232
112,0,1,17,6.5,1,0.8,0,0.5,6.5,1,6.3,763.2
112,6,4,25,11.9,4,0,0,1,11.9,3.1,10,1501.9
112,12,1,16,7.5,3.5,1.1,0.8,0,6.7,0,5.6,966.1
112,16,2,13,6.4,2.5,0.2,0.5,0,5.9,0.2,5.6,790.5
112,17,1,151,87.8,50.3,2.2,49.1,6.3,38.7,15.3,39.4,8498.5
112,18,4,20,11.1,5.2,0.6,0.5,1.1,10.6,1.1,9.5,1210
112,19,2,166,89.7,43.2,3.5,40.7,8.2,49,17.7,44,7321.5
112,21,1,128,63.1,21.6,2.2,1.5,6.3,61.6,6.5,49.6,6061.7
112,22,1,4,2,0.7,0.1,0,0.2,2,0.4,1.7,183
112,24,1,8,4.1,1.4,0.1,0,0.3,4.1,0.9,3.4,365.9
112,25,2,29,14.7,5.2,0.4,0,1.2,14.7,3.2,12.3,1326.5
112,26,1,8,4.1,1.4,0.1,0,0.3,4.1,0.9,3.4,365.9
112,28,2,10,4.4,1.4,0.2,0,0,4.4,0.6,3.9,415
112,29,2,9,4,1,0,0,0.2,4,0.2,3.5,428
112,30,3,95.5,45,16.1,0,0,2.8,45,8.8,38.2,4788.9
112,31,2,164,70.3,21,3,0,6.8,70.3,3.8,58.7,7665.5
112,41,2,167,75.9,31,3.8,22,11.8,53.9,24.5,44.2,8005.5
112,42,1,2.5,1.1,0.4,0.1,0,0.1,1.1,0.2,1.1,122.2
112,61,2,14,6.7,2.4,0.3,0.3,0.8,6.4,1,5.6,756
112,62,2,36,15,3,1,0,2,15,1,14,1637
112,63,0,37,14,2,1,0,0,14,0,14,1524
112,67,1,8,3.2,0.8,0.2,0,0.1,3.2,0.2,3.2,381.1
112,68,2,10,4,1,0.2,0,0,4,0.2,4,476.4
112,70,3,31,12.6,3.2,0.6,0,0.2,12.6,0.9,12.3,1476.6
112,71,3,57,23.1,5.9,1.1,0,0.5,23.1,1.6,22.6,2715
112,72,1,8,3.9,1.5,0,0,0.3,3.9,0,2.8,456
112,80,1,2,0.8,0.2,0,0,0.1,0.8,0.1,0.8,104.6
112,81,1,1,0.4,0.1,0,0,0,0.4,0.1,0.4,52.3
112,101,1,3,1.2,0.3,0.1,0,0.1,1.2,0.2,1,185.9
112,102,1,174.5,70.2,13,1.5,0,8.6,70.2,2.1,61.6,7752.3
112,103,2,123.5,56.4,15,2.3,1,3.7,55.4,3.4,48.7,6239.5
112,106,1,70.5,27.6,3.3,1.8,0,2.5,27.6,1.5,24.9,3339
112,107,3,61.5,22.9,4.1,3,0,4.1,22.9,1,16,2715
112,115,1,3,1.2,0.1,0,0.1,0.1,1.1,0.3,0.9,175.4
112,118,1,1,0.4,0.2,0,0.1,0,0.3,0,0.3,55.9
112,119,1,8,3.5,0.9,0.2,0.3,0.4,3.2,0.3,3.2,391.6
112,120,3,10,4.4,1.1,0.1,0.4,0.6,4,0.4,4,489.4
112,121,1,9,4,1,0.2,0.4,0.5,3.6,0.4,3.6,440.5
113,5,1,2,0.9,0.3,0,0,0.1,0.9,0.1,0.9,103
113,6,2,110.5,51.6,18.8,1,2,6.4,49.6,8,43.2,5867.6
113,7,1,64,29.5,10.1,2,4,3.5,25.5,4.5,18,3096.7
113,8,2,18.5,8.1,2.5,0,0,1.3,8.1,1.3,6.9,1026
113,15,1,4,2,1,0,0.1,0,1.9,0.1,1.7,252.7
113,16,1,179.5,84.5,23.2,2,0.5,3,84,2.5,78.6,8727.3
113,17,1,164,77.5,26.2,3.1,2,2.6,75.5,12.1,43.6,7557.9
113,18,0,16.5,11,6,0,0,2,11,2,10,915
113,19,3,49,20.1,5.8,2,0.4,0.2,19.7,3.2,17.5,1802.9
113,20,2,25,10.2,3,0.9,0.2,0,10,1.7,9.5,894.7
113,21,3,87,38.5,14.7,3.1,0.5,3,38,6.8,25.8,3225.3
113,40,1,3,1.4,0.3,0,0,0.2,1.4,0.2,1.3,150.9
113,41,2,41,17.4,3.2,1,0,0.6,17.4,2.6,16,1833.6
113,61,2,7,3.2,1,0.2,0.1,0.1,3.1,0.5,2.9,413.2
113,62,0,187,85,30,6,10,7,75,14,62,9699
113,63,1,87.5,36.3,9.4,2,1.6,2.3,34.7,5.5,36.3,4175.7
113,67,1,2,0.8,0.1,0.1,0,0,0.8,0.1,0.8,109.7
113,68,1,3,1.1,0.2,0.1,0,0.1,1.1,0.2,1.1,164.6
113,69,3,10,3.8,0.6,0.4,0,0.2,3.8,0.6,3.8,548.6
113,70,0,230.5,94,31,5,3,10,91,9,83,10797
113,71,2,90,35.8,7.7,2.1,6,3.6,29.8,6.7,26.8,4240.5
113,72,2,21,10.2,4,0,0,0.7,10.2,0,7.4,1197
113,102,1,174,82.2,18.8,2.1,0,2,82.2,0.1,80.7,8466.8
113,103,1,193,88.9,34.8,6.3,14,8,74.9,7.3,64.8,9536.8
113,107,3,47,21.8,5.1,0.4,0,1.2,21.8,0.4,21.6,2518.9
113,108,0,222,91,17,3,8,7,83,6,77,10254
113,109,2,44.5,19,4,0.8,0,0.4,19,0.8,18.6,2269.3
113,114,1,3,1.6,0.4,0,0.1,0.3,1.5,0.1,1.3,152.7
113,115,2,14,7.5,2,0,0.4,1.2,7.1,0.6,6,712.5
113,116,1,1,0.5,0.1,0,0,0.1,0.5,0,0.4,50.9
113,117,1,8,3.2,0.3,0,0.3,0.3,2.9,0.8,2.4,467.7
113,118,2,5,2,0.2,0,0.2,0.2,1.8,0.5,1.5,292.3
113,119,2,3,1.2,0.1,0,0.1,0.1,1.1,0.3,0.9,175.4
113,120,1,2,0.8,0.1,0,0.1,0.1,0.7,0.2,0.6,116.9
113,121,1,2,0.8,0.1,0,0.1,0.1,0.7,0.2,0.6,116.9
115,5,1,1,0.4,0.1,0,0,0.1,0.4,0,0.3,38.6
115,11,1,3,1.3,0.4,0,0,0.2,1.3,0.2,1.1,166.4
115,16,0,52,29,14,0,29,10,0,21,0,2013
115,17,0,72,34,15,3,34,5,0,11,0,2796
115,18,1,4,1.7,0.4,0.2,0,0.1,1.7,0.2,1,167.8
115,19,1,1,0.4,0.1,0,0,0,0.4,0,0.2,42
115,20,1,2,0.8,0.2,0.1,0,0,0.8,0.1,0.8,71.6
115,21,1,52,22.6,8.5,1.2,9,3,13.6,11.3,4.5,2144.2
115,22,1,2,1,0.4,0,0,0.1,1,0.2,0.8,91.5
115,27,1,1,0.5,0.2,0,0,0,0.5,0.1,0.4,45.7
115,40,1,3,1.4,0.3,0,0,0.2,1.4,0.2,1.3,150.9
115,41,1,3,1.4,0.3,0,0,0.2,1.4,0.2,1.3,150.9
115,51,1,2,0.9,0.3,0.1,0,0.1,0.9,0.2,0.9,97.8
115,55,2,26,12.5,4.4,0.5,0.6,1.4,11.9,1.9,10.5,1404
115,56,1,2,1,0.3,0,0.1,0.1,0.9,0.1,0.8,108
115,61,3,11,5,1.6,0.4,0.1,0.1,4.9,0.6,4.5,649.4
115,62,1,2,1.1,0.5,0,0.2,0.1,0.9,0.2,1.1,127.9
115,79,1,1,0.5,0.2,0,0,0,0.5,0,0.4,59.3
115,81,2,40,18.6,3.7,1,1.9,0,16.7,1,16.7,2339.6
115,82,1,48.5,21.8,6.1,1,7,6.1,14.8,6,15.8,2572.5
115,112,2,87,39,6.6,1.5,0.5,2.8,38.5,1.7,35.1,4001
115,113,1,247,117.5,33.8,0.3,5.8,6.8,111.7,6,105.7,11803.1
115,114,0,321.5,155,56,4,41,24,114,16,101,16793
115,115,1,99.5,49.5,17.4,1,6.3,5.4,43.2,5.7,37.8,5040.3
115,116,3,46.5,22.5,8.8,2,0.3,2,22.2,2.5,18.3,2197.1
115,122,2,20,8.7,1.6,0.3,0.2,0.6,8.5,0.4,8,1134.8
115,123,3,76.5,36.4,12.7,0.8,2.1,1.1,34.3,4.2,28.9,4434.6
115,124,1,5,2.2,0.4,0.1,0.1,0.2,2.1,0.1,1.9,282.1
111,0,2,18,7,1.1,0.8,0,0.6,7,1.1,6.6,808.1
111,11,2,33,13,3,1,0,0,13,0,13,1729
111,12,1,231.5,109.9,38.9,5.3,11.2,12,98.7,14,84.4,11855.5
111,13,1,56.5,19.4,4.9,4.2,0.9,2,18.5,1,15.3,2335.9
111,14,2,24,11.5,4.9,1,1.1,0,10.4,0.2,9.4,1454.3
111,15,2,77.5,35.8,7.4,0.3,1.6,5,34.2,3.3,29.8,4200.6
111,16,0,201,114,56,5,34,15,80,31,49,10416
111,17,0,383,230,133,7,111,37,119,78,95,19739
111,18,1,150,71.2,27,4.1,5.1,8.2,66.1,19.2,53.9,7113
111,19,1,9,5,2.3,0.3,0.2,0.5,4.8,0.5,4.3,544.5
111,22,1,2,1,0.4,0,0,0.1,1,0.2,0.8,91.5
111,24,1,2,1,0.4,0,0,0.1,1,0.2,0.8,91.5
111,25,0,25,12,4,0,0,0,12,2,11,1297
111,26,2,66,28.5,8.3,2.1,1,3.3,27.5,6.7,24.9,3083.2
111,28,2,40,17.7,5.9,0.8,0,0,17.7,2.3,15.6,1660
111,30,0,57,31,15,1,11,2,20,7,19,2979
111,31,1,57,23.5,6.8,1,0,1.6,23.5,2.6,21.4,2666.3
111,32,1,17,6.4,1.6,0.8,0,0,6.4,0.5,4.8,673.6
111,41,0,175,79,29,7,8,11,71,15,52,8042
111,58,1,6,2.9,1,0.1,0.1,0.3,2.8,0.4,2.4,324
111,80,2,86,34.8,10,0.5,3.3,2.9,31.5,3.4,30,4655.2
111,81,3,62.5,29.4,10.2,0.6,1.3,1.9,28.1,4.4,25.5,3406.6
111,82,1,5,2,0.2,0.1,0.4,0,1.6,0.1,1.6,274.3
111,94,1,1,0.4,0.1,0,0,0,0.4,0.1,0.3,62
111,102,1,79,37.7,8,1.2,0,5.7,37.7,1.4,33,3852.4
111,103,1,2,0.7,0,0,0,0.1,0.7,0.1,0.6,85.8
111,106,1,11,4.4,0.7,0.2,0,0.5,4.4,0.5,4.1,551
111,118,1,2,0.9,0.4,0.1,0.2,0.1,0.7,0.1,0.6,111.7
111,119,2,49,20.4,4.9,0.3,0.8,2.3,19.6,1.3,17,2988.6
111,120,1,96,42.4,7.6,1.1,0.2,1.3,42.2,0.2,42.2,4620.2
111,121,2,30.5,13.5,3.5,0.6,1.3,1.6,12.2,1.3,12.2,1492.9
110,12,2,10,4.7,2.2,0.7,0.6,0,4.1,0,3.5,603.9
110,15,2,7,3.5,1.4,0.2,0.3,0,3.2,0.2,3,425.6
110,16,3,80.5,39.5,15.8,1.4,4.1,7,35.4,10.8,29.6,3629.6
110,17,2,12,6.4,2.8,0.3,0.4,0.6,6,0.6,5.5,692.6
110,18,2,11,5.9,2.7,0.3,0.3,0.5,5.6,0.6,5.2,648.8
110,27,2,9,4.1,0.7,0.1,0,0.5,4.1,0.1,4.1,482.4
110,28,2,10,4.6,0.7,0.2,0,0.6,4.6,0.2,4.6,536
110,29,3,25,10.8,3.1,0.1,0,0.6,10.8,1,9.6,1184.5
110,30,3,81,34.6,13.2,3,1,4.7,33.6,7.1,29.2,3871.6
110,38,1,2,0.9,0.2,0,0,0,0.9,0,0.8,103.1
110,40,1,2,0.8,0.2,0,0,0.1,0.8,0.1,0.8,99.7
110,41,1,5,2.2,1,0.3,0.1,0.3,2.1,0.5,1.8,277.4
110,80,2,60.5,27.7,9.2,1.4,1.2,2.6,26.5,4,24.1,3491.1
110,81,3,51,22.8,7.2,0.3,0.2,1.6,22.6,2.1,22.3,2759.3
110,92,1,4,1.6,0.3,0,0,0.1,1.6,0.3,1.4,214.5
110,93,1,2,0.8,0.2,0,0,0.1,0.8,0.1,0.7,107.2
110,119,3,43,18.8,5.6,1,2.2,2,16.6,2,15.2,2248.9
110,120,2,10,4.4,1.2,0.3,0.3,0.4,4.1,0.3,4.1,507.6
110,121,0,31,11,1,0,0,1,11,0,10,1508
116,5,2,74,26.6,6.5,4.2,0,4.5,26.6,2.6,18.9,2650.4
116,17,1,10,4.4,0.8,0,0,0.5,4.4,0.2,3.7,459.7
116,18,1,7,3,0.6,0,0,0.3,3,0.1,2.6,321.8
116,19,2,7,3.2,1,0,0.1,0.4,3.1,0,2.5,374.8
116,21,1,1,0.5,0.2,0,0,0.1,0.5,0,0.4,56.6
116,22,1,3,1.5,0.5,0,0,0.1,1.5,0.3,1.3,137.2
116,23,2,7,3.5,1.2,0.1,0,0.3,3.5,0.7,3,320.2
116,36,1,4,1.5,0.4,0.2,0,0,1.5,0.1,1.1,158.5
116,54,1,17,8.1,2.9,0.4,0.3,0.9,7.8,1.3,6.9,918
116,55,2,100,40.5,13.1,2.5,1.5,4.3,39,9.8,35.7,4484
116,56,2,5,2.4,0.9,0.1,0.1,0.3,2.3,0.4,2,270
116,60,2,12,5.5,1.7,0.4,0.3,0.1,5.2,0.8,4.9,708.3
116,61,1,3,1.4,0.4,0.1,0.1,0,1.3,0.2,1.2,177.1
116,67,1,2,0.8,0.1,0.1,0,0,0.8,0.1,0.8,109.7
116,81,1,3,1.4,0.3,0.1,0.1,0,1.3,0.1,1.3,175.5
116,82,3,42,17.1,1.8,0,0,1.8,17.1,1,17.1,1900.6
116,109,1,1,0.4,0.1,0,0,0,0.4,0,0.4,51
116,112,2,87.5,40.1,10.8,2.2,0.5,1.5,39.6,3.6,32.3,4593
116,113,1,6,2.7,0.8,0.1,0.2,0.2,2.5,0.3,1.9,276.9
116,114,2,62,35.3,16.1,0.2,9.7,5.5,25.6,1.7,22.1,2942.3
116,115,3,27.5,12.5,3,0,0,1.2,12.5,0.6,11.3,1684.7
116,116,1,16,7.3,1.7,0,0,0.7,7.3,0.3,6.6,980.2
116,122,2,18,7.8,1.4,0.2,0.2,0.6,7.6,0.4,7,1015.6
116,123,0,146.5,70,29,3,5,3,65,6,52,7675
116,124,2,11,4.7,0.9,0.1,0.1,0.3,4.6,0.2,4.3,620.6
127,11,1,111,51.4,14.9,1.2,14,4.8,37.4,5.6,35.2,4816.1
127,12,2,5,2.2,0.6,0,0,0,2.2,0.2,2.2,288.2
127,96,2,3.5,1.4,0.4,0.1,0,0.1,1.4,0.3,1.1,216.9
127,97,1,3,1.2,0.3,0.1,0,0.1,1.2,0.2,1,185.9
127,102,2,6,2.6,1.2,0.2,1.2,0.1,1.4,0.5,1,261.8
127,107,1,13,5.9,1.9,0.3,0,0.5,5.9,0.3,5.4,731.7
127,108,2,7,3.2,1,0.2,0,0.2,3.2,0.2,2.9,394
127,111,2,43,16.9,3.3,2,0,0.4,16.9,0.5,14,1737.9
127,127,1,4,1.6,0.4,0.1,0,0.1,1.6,0.3,1.4,203.3
117,5,1,128,57.1,18.5,3.7,6,8.5,51.1,8.4,42.7,5503.9
117,17,0,217.5,92,24,5,2,6,90,12,80,10288
117,18,3,59,26.2,5.3,0,0,2.4,26.2,3.4,21.4,3103
117,19,3,39,17.7,5.1,0,0.5,2,17.2,0.2,14.2,2047.2
117,20,2,169,76.3,23.2,2,8.4,11.1,67.9,12,62.2,7808.4
117,21,1,39,15.8,2,1,0.1,0.3,15.7,1,14.1,1547.4
117,59,2,13,5.9,1.9,0.4,0.2,0.2,5.7,0.8,5.4,767.4
117,60,3,108.5,51.3,21.5,3.4,2.9,2.4,48.4,10.7,44.4,6312.7
117,77,2,26,13.8,5.2,0,0.8,0,13,0.8,11.2,1541.8
117,78,1,3,1.6,0.6,0,0.1,0,1.5,0.1,1.3,177.9
117,88,1,2,0.8,0.1,0,0.1,0,0.7,0,0.7,109.7
117,104,1,4,1.8,0.7,0.1,0,0,1.8,0.1,1.4,212.7
117,109,1,4,1.7,0.4,0.1,0,0,1.7,0.1,1.7,204
117,112,1,71.5,36.5,12.7,0.1,0.2,3.2,36.3,4.3,33.7,3557.8
117,113,1,6,2.7,0.8,0.1,0.2,0.2,2.5,0.3,1.9,276.9
117,123,3,29,12.6,2.2,0.3,0.3,1,12.3,0.7,11.3,1636.3
126,9,1,1,0.5,0.1,0,0.1,0.1,0.4,0,0.4,47.4
126,10,3,91,42,16.4,2.4,1.7,2.4,40.3,6,34,4449.6
126,11,0,279.5,119,37,8,20,17,99,24,85,13670
126,12,1,4,1.8,0.5,0,0,0,1.8,0.2,1.8,230.6
126,73,1,4,1.7,0.6,0,0,0.1,1.7,0.2,1.5,194.9
126,96,1,5,2,0.5,0.2,0,0.2,2,0.4,1.6,309.8
126,104,1,2,0.9,0.4,0.1,0.4,0,0.5,0.2,0.3,87.3
126,106,1,12.5,5.5,2.6,0.5,2.4,0.2,3.1,1,1.9,545.5
126,107,3,44,20.7,8.4,1.3,10,1.6,10.7,4.3,9,1988.9
126,108,2,98.5,46,16.4,1.8,0,5.1,46,2.8,43.9,4729.9
126,109,1,2,0.9,0.3,0,0,0.1,0.9,0,0.8,112.6
126,110,2,17.5,7.3,1.6,0,0,0.5,7.3,0.7,6.2,826.2
126,111,2,20.5,8.6,1.9,0,0,0.5,8.6,0.8,7.3,967.8
126,113,1,3,1.3,0.4,0.1,0,0.2,1.3,0.1,1.1,156.7
126,114,3,96.5,49.3,20.6,1.2,1,3.6,48.3,1.4,43.6,5762.5
125,10,2,25,11.5,3.5,0.3,1.7,1.4,9.8,1,9.3,1184
125,11,1,38,23.7,12.1,0.1,0.6,0.4,23.1,6.3,21,2357.9
125,12,2,9,4,1.1,0,0,0,4,0.4,4,518.8
125,74,1,1,0.4,0.1,0,0,0,0.4,0,0.4,48.7
125,75,2,8,3.4,1.2,0,0,0.2,3.4,0.4,3,389.8
125,80,1,5,1.9,0.4,0.1,0,0.3,1.9,0.2,1.5,245
125,82,1,2,0.9,0.3,0,0,0.1,0.9,0.1,0.8,115
125,102,1,4,1.8,0.8,0.2,0.8,0.1,1,0.3,0.6,174.6
125,103,2,8,3.9,0.9,0,0.1,0.4,3.8,0.1,3.5,423.1
125,104,3,12,5.4,2.3,0.4,1.9,0.3,3.5,0.8,2.4,542.2
125,105,1,14,6.1,2.9,0.5,2.6,0.3,3.5,1.1,2.1,610.9
125,106,2,6,2.7,1.1,0.2,1.1,0.2,1.6,0.5,1.2,258.5
125,107,1,346.5,176.9,89,11.6,104.1,19.1,72.8,47.4,75.6,14340.5
125,108,1,258,136.4,61.4,4.1,70,20.1,66.4,26.1,85.2,10914.9
125,109,3,60,24.1,7.3,1.2,2.2,1.6,21.9,4,18.3,2500.6
125,110,2,108.5,50.9,14.4,1.4,0.2,5.4,50.7,2.5,47.8,4944.5
125,111,3,21,10.6,3.5,0.4,0.2,0.9,10.4,0.7,8.7,976.8
125,113,3,57,25.1,7.4,1.5,0,3.2,25.1,2,22.7,2949.9
125,114,3,138,61.3,14.1,2.1,2,3.2,59.3,3.1,49.6,6837.6
118,4,2,44.5,20.9,8.4,0.5,1,1.5,19.9,1.5,17.4,1980
118,5,0,98,45,18,2,3,3,42,8,36,4757
118,16,3,47.5,15,0.9,3,0,0,15,2,15,1653.9
118,17,1,18,7.6,2.8,0.7,0,0.7,7.6,0.7,7.6,929.1
118,20,1,286,135.7,58.3,12.1,17,12.1,118.7,28.1,96.2,13084.6
118,21,1,21,9.2,1.7,0.6,0,0.6,9.2,0.6,6.1,1063.6
118,33,1,2,1.1,0.5,0,0.8,0.2,0.3,0.5,0.1,72.8
118,34,1,1,0.6,0.2,0,0.4,0.1,0.2,0.2,0,36.4
118,77,1,30,11.6,2.4,0.6,0,1.8,11.6,1.2,9.2,1470
118,78,1,14,5.4,1.1,0.3,0,0.9,5.4,0.6,4.3,686
118,103,1,4,1.5,0.2,0.1,0,0.1,1.5,0,1.3,164.6
118,104,0,31,12,1,0,0,3,12,2,10,1549
118,105,2,25,12,3.3,0.2,0.2,1.3,11.8,0.2,11.7,1574.1
118,106,2,16,7.7,2.1,0.2,0.2,0.9,7.5,0.2,7.4,1007.4
118,107,2,6,2.7,0.7,0.2,0,0.1,2.7,0.3,2.4,332.1
118,108,2,25,11,3,0.8,0,0.4,11,1,10.1,1383.6
118,109,3,22,9.7,2.8,0.7,0,0.5,9.7,0.9,8.9,1191.2
118,110,2,11,5.2,1.7,0.3,0.1,0.7,5.1,0.8,4.6,512.3
118,111,3,33,15.5,5.1,1,0.3,2,15.2,2.4,13.8,1536.9
118,112,2,37.5,12.7,1.5,3,0.1,0.1,12.6,1.1,10.5,1417.4
118,113,1,7,3.1,0.9,0.1,0.3,0.3,2.8,0.3,2.5,305.2
118,123,1,5,2,0.5,0.2,0,0.1,2,0.3,1.7,254.1
120,5,1,3,1.3,0.3,0.1,0,0.1,1.3,0.1,1.2,127.9
120,20,1,20,8.7,1.6,0.5,0,0.5,8.7,0.5,5.8,1013
120,21,0,28,11,0,0,0,3,11,2,7,926
120,90,1,4,1.9,0.6,0,0.1,0.2,1.8,0.3,1.5,230
120,91,2,6,2.8,1,0.1,0.1,0.2,2.7,0.5,2.3,344.9
120,94,1,3,1.2,0.3,0.1,0,0.1,1.2,0.2,1,185.9
120,95,1,9,3.6,1,0.3,0,0.3,3.6,0.7,2.9,557.7
120,103,2,5,1.8,0.2,0.2,0,0,1.8,0,1.6,205.8
120,104,1,110.5,43.4,8.5,4.3,0,4.2,43.4,1,37.9,4295.9
120,105,1,154.5,68.8,19.8,3.5,3,6.7,65.8,3,61.7,7786.6
120,106,0,404.5,207,96,11,133,38,74,43,90,15016
120,107,1,165.5,76.6,27.8,3.5,7,4.2,69.6,6.6,66.1,8384.2
120,108,1,392,221.4,125.1,8,126,35,95.4,51,78.4,15881.3
120,109,1,297.5,195.6,124.3,1.3,132,26.2,63.6,34.4,77.3,17603.1
120,110,0,448,266,150,5,204,29,62,30,157,22992
120,111,1,175.5,100,51.8,2.1,59,15.7,41,30,44.4,7012.6
120,112,2,95,40.5,10.2,1.3,1.6,3.6,38.9,3.6,36,4256.2
120,113,2,37.5,16.6,4.7,0.1,0.5,0.5,16.1,0.6,14.3,1740.8
120,114,1,61,30.2,12.5,0.1,21.5,6.5,8.7,7.5,8.1,2219.3
119,4,3,19,8,1.9,0.6,0,0.6,8,0.6,7.4,810.2
119,5,0,191.5,83,22,4,1,6,82,13,67,9929
119,6,2,26,10.9,2.5,0.9,0,0.9,10.9,0.9,10.1,1108.8
119,20,1,86,35.9,13.2,2.1,0,5.1,35.9,9.1,19.6,3281.3
119,21,3,28.5,12.4,2.2,0.7,0,0.7,12.4,0.7,8.3,1443.4
119,33,1,1,0.6,0.2,0,0.4,0.1,0.2,0.2,0,36.4
119,34,1,16,8.8,4,0,6.4,1.6,2.4,4,0.8,582.4
119,43,2,14,6.4,2.2,0.8,0,0.8,6.4,1.2,6,684.4
119,44,3,21,9.6,3.3,1.3,0,1.3,9.6,1.7,9.2,1026.8
119,103,2,53,19.3,2.2,1.4,0,0.8,19.3,0,17.2,2181.6
119,104,0,421,156,23,10,0,17,156,8,141,17058
119,105,3,135,66.5,20.5,2.3,0.3,4.4,66.2,2.3,59.1,7120.1
119,106,2,173,87,33.3,2.3,0.3,9.3,86.7,5.3,68.7,8789.2
119,107,3,86,36,7.8,2.8,0,2.9,36,3.1,34.2,4549.6
119,108,2,80.5,35,6,2.8,0,1.4,35,0.9,34.2,4856.6
119,109,4,45,20.3,6.1,1.5,0.2,1.6,20.1,2.4,18.5,2323.8
119,110,3,30,14.1,4.5,0.9,0.4,1.9,13.7,2.1,12.6,1397.1
119,111,1,419.5,221.9,136.3,15.1,188,33.1,33.9,87.1,30.8,14770.1
119,112,2,27,12.1,3.6,0.2,1.2,1.2,10.9,1.2,9.6,1177
119,113,1,14,6.3,1.9,0.1,0.6,0.6,5.7,0.6,5,610.3
119,114,2,7,3.1,0.9,0,0.3,0.2,2.8,0.2,2.5,305.2
121,21,1,4,1.7,0.6,0.2,0,0.2,1.7,0.2,1.7,206.5
121,31,1,8,4,1.6,0.2,0.5,0.3,3.5,0.8,3,401.6
121,32,1,1,0.6,0.3,0,0,0.1,0.6,0.1,0.5,59.8
121,84,1,15,7,2.3,0.2,0.4,0.6,6.6,1.1,5.7,862.3
121,85,1,55,26.2,9,0.3,0.8,2.1,25.4,1.9,22.8,2966.7
121,86,2,14,6.5,2.1,0.1,0.4,0.6,6.1,1,5.3,804.9
121,90,1,2,0.9,0.3,0,0,0.1,0.9,0.1,0.8,115
121,104,1,2,0.9,0.3,0,0,0.1,0.9,0,0.8,105.2
121,105,2,41,19.2,5,1.4,0,4.6,19.2,0,18.2,2463.8
121,106,2,98.5,44.2,8.7,1.6,0,2.9,44.2,0,38.6,5139.2
121,107,1,320,192.4,105.6,2.6,108.6,20.6,83.8,39.1,82.6,18267.6
121,108,0,825.5,518,328,15,358,50,160,102,195,42717
121,109,0,778.5,504,331,13,426,46,78,111,164,39390
121,110,1,298.5,175.9,95.3,5.1,123,16.2,52.9,26,92.8,14167.8
121,111,0,148,66,19,2,0,2,66,1,61,8001
121,112,1,97,41.4,11.5,2,0.4,1.4,41,4.8,36.4,4695.5
121,113,3,4,2.1,0.8,0,0.1,0.1,2,0.3,1.6,216.8
121,114,1,6,3.2,1.1,0,0.2,0.2,3,0.4,2.3,325.1
124,73,1,2,0.8,0.3,0,0,0.1,0.8,0.1,0.8,97.5
124,74,2,34,14.3,5.1,0.3,0.3,1,14,1.4,12.9,1656.8
124,75,1,171.5,70.4,19.2,5.1,4.1,6.2,66.3,7.3,59,8574.8
124,76,1,6,2.5,0.9,0.1,0,0.2,2.5,0.2,2.3,292.4
124,103,2,95.5,48.1,16.8,1,7.4,2.4,40.7,3.4,39,5104
124,104,1,137.5,66.7,20.2,0.2,7.4,4.5,59.3,4.6,53.3,7754.9
124,105,4,22,10,2.8,0.2,3,0.6,7,2.1,7,922.5
124,106,2,30,13.6,3.9,0.3,4.2,0.9,9.4,2.8,9.4,1258.1
124,107,1,203,129.7,85.2,3.7,109.2,19.2,20.5,44.5,19.3,7979.7
124,108,0,528,283,147,13,141,45,142,56,154,22307
124,109,1,119,52.1,16,4.1,11.1,7.3,41,4.2,35.6,4877.4
124,110,1,98,49.1,19,2.1,0.1,1.3,49,3.2,44.6,4815.4
124,111,4,32,16.4,5.6,0.7,0.4,1.3,16,1.1,13.6,1484.9
124,112,1,59,28,5.2,0.2,0,0.3,28,0.2,26.9,2981.1
124,113,3,89.5,41.4,11.7,2.2,0,1.5,41.4,0.8,40,4864.3
122,15,1,3,1.3,0.4,0,0,0,1.3,0.1,1.3,172.9
122,21,2,4,1.7,0.7,0.1,0,0.1,1.7,0.1,1.7,206.4
122,30,4,48,24.3,9.9,1,3.1,2,21.2,4.7,18,2409.9
122,31,2,112,55.7,24.4,3.7,9,5.3,46.7,15,39.7,5582.4
122,32,3,51,32.4,17.7,0,0,2.9,32.4,5.9,28.5,3181.2
122,85,1,10,4.7,1.5,0.1,0.3,0.4,4.4,0.7,3.8,574.9
122,86,2,19,8.9,2.9,0.2,0.5,0.8,8.4,1.4,7.2,1092.3
122,106,1,49.5,23.9,10.1,1.5,0,0.8,23.9,3,21.6,2507.1
122,107,1,286.5,187.6,124.4,1.4,133.4,12.4,54.2,30.9,47.4,12771.4
122,108,0,636.5,400,246,5,323,39,77,63,142,33466
122,109,0,248,151,94,3,119,19,32,36,47,11933
122,110,1,464.5,264.2,152.8,11.7,241,35.1,23.2,90,53.8,20147.6
122,111,0,260,123,45,7,15,8,108,14,107,11964
122,112,1,85,30.7,5.2,4,2.2,2.2,28.5,2.4,18.7,3109.2
122,121,1,2,0.9,0.3,0,0.1,0.1,0.8,0.1,0.7,87.2
123,13,1,4,1.8,0.5,0,0,0,1.8,0.2,1.8,230.6
123,30,2,6,3,1.2,0.1,0.3,0.3,2.7,0.6,2.3,301.2
123,74,2,58.5,26.6,8.7,0.1,2.1,2.5,24.5,4.8,21.8,3045.1
123,75,1,104,44.8,12.3,3.1,4.1,5.3,40.7,4.4,33.4,5693.6
123,76,2,10,4.2,1.4,0.1,0.1,0.3,4.1,0.4,3.8,487.3
123,102,1,3,1.4,0.3,0,0,0.2,1.4,0,1.3,158.6
123,103,3,32.5,15.7,3.7,0,0.5,1.8,15.2,0.4,14.4,1718.6
123,104,1,3,1.4,0.4,0,0.4,0.1,1,0.3,0.9,125.8
123,105,1,54.5,28.9,11.3,0.2,7.4,1.5,21.5,4.6,20.5,2305.9
123,106,1,187,82.7,32.2,7.2,51.4,6.5,31.3,3.6,25.3,7751.9
123,107,0,324,212,126,2,173,26,39,46,74,14985
123,108,0,425.5,229,121,11,174,40,55,57,56,17558
123,109,1,220,97.7,43.2,10.8,59.5,13.5,38.2,22.4,39.8,8556.5
123,110,1,606,310.6,155.6,22.2,272.1,58.4,38.5,144.3,37.8,21423.6
123,111,0,526.5,335,213,8,276,36,59,95,77,23329
123,112,2,125,62.3,18.9,2.6,0,3.8,62.3,1.4,58.1,6348
123,113,1,5,2.2,0.7,0.1,0,0.2,2.2,0.1,2.2,256.2
97,2,1,4,1.6,0.6,0.2,0.1,0.2,1.5,0.1,1.5,217.4
97,10,2,6,2.4,0.8,0.4,0.1,0.2,2.3,0.1,2.2,326
97,15,2,14,4.3,0.3,0.8,0,0,4.3,0,3.5,605.8
97,42,1,6,2.4,0.7,0.2,0.1,0.1,2.3,0.5,2.1,266.5
97,43,2,16,6.4,2,0.5,0.1,0.3,6.3,1.3,5.7,710.7
97,50,1,6,2.4,0.4,0.2,0,0.2,2.4,0.2,2.4,267.6
97,51,1,163,70.7,18.9,1.4,4,10.4,66.7,4.4,59.7,7576.3
97,52,2,27,11.2,2.6,0.7,0,0,11.2,0.7,9.9,1317
97,53,1,34,13.7,2.4,2.1,0,0,13.7,2.1,13.5,1548.1
97,54,1,214.5,93.9,26.6,1.1,5,15,88.9,12,60.8,9425.7
97,55,0,138.5,49,8,3,3,5,46,3,39,5401
97,56,3,54,26.7,11,1.3,0,0,26.7,0,15,2531.9
97,57,2,90,38.3,10.7,4,2,3.5,36.3,3.5,22.1,3659
97,62,2,18.5,7.7,2.4,0.5,0,0,7.7,0.5,5.3,664.5
97,63,0,254.5,122,42,4,12,13,110,13,91,12105
97,64,0,222.5,99,27,4,2,9,97,8,83,10484
97,65,2,17.5,6.9,1.2,0.7,0,0.7,6.9,0.3,5.5,700
97,80,2,16,6.6,1.4,0.2,0,0.2,6.6,0,6.6,736
97,81,0,75,38,13,1,3,2,35,3,31,4428
97,82,2,120.5,48.3,5,2.3,2,4.7,46.3,1,41.6,5134.8
97,83,1,2,0.7,0,0.1,0,0,0.7,0,0.7,74.2
97,97,1,3,1.1,0.2,0.2,0,0.2,1.1,0.3,0.4,108.9
97,98,1,1,0.4,0.1,0.1,0,0.1,0.4,0.1,0.1,36.3
97,101,1,146,62.8,17.5,5.6,1,6.6,61.8,10.4,40.3,6320.2
97,102,0,258,122,36,3,4,12,118,16,95,12988
97,103,0,257.5,118,38,7,42,15,76,21,60,10664
97,104,1,4,1.9,0.7,0.2,0.3,0.1,1.6,0.1,1,192.5
97,105,2,23,10.6,3.8,1,1.4,0.6,9.2,0.6,5.9,1106.7
97,107,1,8,4.1,1.3,0.1,0,0.2,4.1,0.3,3.1,375.9
97,109,1,3,1.3,0.4,0,0.4,0.1,0.9,0.2,0.8,142.8
97,110,0,71,28,5,1,4,2,24,5,20,3107
97,111,2,47,20.3,4.5,0,3.5,0.3,16.8,2.9,11.1,2546.4
97,118,2,86.5,41,11.9,0.2,1.6,4.6,39.4,1,38.4,4355.1
97,119,2,26.5,10.9,2.6,0.5,1.5,1.5,9.4,0,9.3,1375.4
98,8,2,5,2,0.7,0.3,0.1,0.2,1.9,0.1,1.9,271.7
98,16,1,2,0.9,0.3,0.1,0,0.1,0.9,0.1,0.8,116
98,32,1,2,0.9,0.2,0,0,0.2,0.9,0.1,0.7,100.7
98,50,1,4,1.7,0.4,0.2,0.1,0.2,1.6,0.2,1.4,204.9
98,51,2,18,7.4,2,0.7,0.5,0.9,6.9,0.9,6.3,921.8
98,53,1,7,2.8,0.5,0,0,0,2.8,0,2.5,311.6
98,62,2,15,6,1.7,0.9,0,0.9,6,0.4,3.9,873
98,63,1,1,0.4,0.1,0.1,0,0.1,0.4,0,0.3,58.2
98,64,2,24,11,4.1,0.1,3.9,0.9,7.1,1.7,6,1085.2
98,65,1,40,19.8,11.1,1,16.1,1.2,3.7,7.4,3.5,1727.2
98,82,2,33,11,0,1,0,1,11,1,11,1601
98,93,1,1,0.5,0.2,0,0,0,0.5,0.1,0.4,56
98,94,1,12,6,2.4,0,0,0.3,6,0.6,4.5,696.3
98,99,1,6,2.2,0.1,0,0.1,0.1,2.1,0.3,2,245.7
98,100,3,13,5,0.2,0,0.4,0.2,4.6,0.6,4.3,532.4
98,101,2,21,7.9,0.5,0,0.5,0.5,7.4,1,6.8,859.9
98,102,2,6,2.3,0.3,0,0,0.3,2.3,0,1.6,239.9
98,103,1,2,0.8,0.1,0,0,0.1,0.8,0,0.5,80
98,118,1,66,26.9,4.8,2,2.1,3.2,24.8,3.2,23.7,3257.3
98,119,2,37,17.7,6.9,0,0.8,1.5,16.9,1.5,15.4,1742.1
98,127,1,6,2.9,0.7,0.1,0,0.3,2.9,0.1,2.8,325.9
99,0,1,15,7,2.5,1,0,0,7,0.5,5.5,814.5
99,16,4,54.5,24.9,7.9,2.3,0.6,2.3,24.3,3.7,21.4,3161
99,17,2,16,7.4,2.3,0.7,0.2,0.7,7.2,1.1,6.3,928
99,31,4,50,20.8,5.2,1.7,0,0.8,20.8,5.2,14.8,2362.9
99,32,2,93.5,40.1,10.2,2.7,1,3.9,39.1,5.6,31.9,4473.7
99,33,1,6,2.6,0.6,0.1,0,0.7,2.6,0.3,2.1,302.2
99,64,1,17,6.8,1.9,1,0,1,6.8,0.5,4.4,989.4
99,81,1,1,0.4,0.1,0,0,0,0.4,0.1,0.4,50.5
99,94,2,155,74,25.2,3,9,9.4,65,2.9,53.3,8644.2
99,95,2,56.5,24,5.6,1,0,3.2,24,2.3,21,2420.2
99,97,1,1,0.4,0.1,0,0,0,0.4,0,0.4,47.5
99,127,1,16,7.7,1.7,0.2,0,0.7,7.7,0.2,7.4,869
104,40,2,18,7.1,1.1,0.6,0,0.2,7.1,0.6,6.2,716
104,41,2,37,14.4,2.3,1.4,0,0.4,14.4,1.4,12.7,1471.9
104,45,2,24,9.3,0.4,0.8,0.4,0.8,8.9,0.4,8.6,879.4
104,46,1,141.5,58.3,10.5,2,0.5,5,57.8,7.5,52.3,5755.7
104,56,1,48.5,24.3,8.5,0.3,0,4,24.3,3,23.3,2514.3
104,57,1,56,28.4,9.4,0,0,2,28.4,3,25.5,3379.7
104,58,2,13,5.2,0.8,0,0,0,5.2,0,4.6,578.6
104,63,1,81,35.9,10.3,2,1.2,1.1,34.7,9.1,23.6,3126.3
104,64,0,333.5,138,38,7,17,18,121,18,104,15739
104,65,3,73,35.5,9.7,0.3,1.8,2.4,33.7,4.2,31.7,3747.6
104,66,1,179.5,75,19.7,5.1,0.2,7.3,74.8,10.4,49.6,6940.6
104,67,1,9,3.5,1.1,0.6,0.1,0.1,3.4,0.7,3,435
104,68,1,6,2.3,0.7,0.4,0.1,0.1,2.2,0.5,2,290
104,69,1,4,1.6,0.5,0.3,0.1,0.1,1.5,0.3,1.4,193.4
104,73,1,6,2.2,0.4,0,0.2,0.3,2,0.1,1.3,285.7
104,74,2,39,14.6,2.8,0,1.1,1.7,13.5,0.6,8.5,1856.8
104,75,1,2,0.8,0.2,0.1,0,0.1,0.8,0.1,0.8,100.9
104,83,1,10,2.8,0.3,0.4,0,0,2.8,0.1,2.7,359.1
104,84,0,69,21,2,2,0,1,21,1,21,2339
104,90,1,2,0.9,0.1,0,0,0.1,0.9,0,0.8,97.6
104,103,1,2,0.8,0.2,0.1,0,0,0.8,0.1,0.8,88.8
104,117,1,52,25.8,6.2,0,0,2.1,25.8,2.1,24.8,2878.7
104,118,1,13,5.5,1,0.2,0,0.6,5.5,0.8,4.9,667.7
105,23,3,19,7.7,1.8,0.6,0,0.6,7.7,0.6,6.3,896.8
105,40,2,79,36.4,12.9,2.9,0.1,2.5,36.3,2.1,30,3542.7
105,41,0,344.5,131,33,13,23,19,108,33,77,11658
105,42,1,129,73.5,36.9,4,42,7,31.5,13.6,29.5,5629
105,56,3,77,38.8,14.1,1.6,0,3.9,38.8,4.9,33.9,3984.6
105,63,3,66.5,28.8,7.2,0.8,7,4.1,21.8,3.7,20.2,3198.3
105,64,1,218,103,33.3,1.3,12,14,91,15,84,11322.3
105,65,1,1,0.4,0.1,0,0,0,0.4,0.1,0.4,45.2
105,66,1,3,1.3,0.3,0,0.1,0.1,1.2,0.2,1.1,135.7
105,75,2,12,4.9,1.1,0.3,0,0.3,4.9,0.7,4.6,605.7
105,83,1,6,1.7,0.2,0.3,0,0,1.7,0.1,1.6,215.5
105,84,3,75,24.6,3.7,2.5,1,1.2,23.6,1.9,21.7,2946.5
105,85,2,28,11.8,2.6,0.2,1.2,1.4,10.6,1.4,9.4,1301
105,86,1,25.5,15.4,8.1,1,0,1,15.4,2,15.3,1541.5
105,117,2,31,14.1,4.1,0.3,0,0.9,14.1,1.7,12.5,1573.5
105,118,1,133,53.8,17.2,2,8,4.1,45.8,5.1,35.8,6061.7
103,45,1,6,2.3,0.1,0.2,0.1,0.2,2.2,0.1,2.1,219.9
103,46,0,277.5,135,48,6,6,15,129,16,102,11632
103,52,1,2,1,0.3,0,0,0.1,1,0.1,0.9,104
103,61,1,4,1.6,0.3,0,0,0,1.6,0,1.4,178
103,63,1,4,1.7,0.5,0.1,0.4,0.2,1.3,0.3,1.2,200.7
103,64,2,139,65.2,22.5,3.4,27.1,9.4,38.1,8,42.1,6629.6
103,65,1,11,4.7,1.2,0.1,0.2,0.5,4.5,0.7,4.1,497.5
103,66,1,42,20.5,6.4,0.1,0.3,1.6,20.2,0.8,15.8,1858.9
103,67,1,145.5,65.5,19.1,3.6,3.1,5.1,62.4,10.7,53,7366
103,68,2,138,56,16.8,4.6,5.5,5.5,50.5,6.2,47.8,6647.8
103,69,3,52,21.8,6.9,2.5,0.1,2.6,21.7,4.2,19.4,2457.8
103,70,1,36,18.3,6,0,0,0.5,18.3,2.4,18.3,2019.9
103,74,3,41.5,16.2,3.3,0.5,0.7,1.6,15.5,1.4,11.8,2024.5
103,88,1,3,1.1,0.2,0.1,0.1,0.2,1,0,0.8,118.3
103,89,3,111,51.3,18.4,2.9,11.9,4.4,39.4,3,35.2,5439.9
103,90,3,45.5,22.8,7.2,1,6,2.2,16.8,1,17.1,2533.2
103,93,1,3,1,0,0,0,0,1,0,1,114.8
103,102,1,1,0.4,0.1,0.1,0,0,0.4,0,0.4,44.4
103,103,4,42,16.3,3.8,2.3,0,0.7,16.3,1.5,16.3,1864.3
103,104,1,9,3.5,0.8,0.5,0,0.2,3.5,0.3,3.5,399.5
103,117,1,3,1.3,0.2,0,0,0.1,1.3,0.2,1.1,154.1
103,124,1,3,1.4,0.4,0.1,0,0.2,1.4,0.1,1.1,164.1
100,0,1,56,25.9,7.1,1,0,0,25.9,3.8,22.4,3206.4
100,1,2,20,9.3,3,1,0,0,9.3,0.6,7.5,1093.2
100,8,1,6,2.4,0.9,0.4,0.1,0.2,2.3,0.1,2.2,326.1
100,9,1,3,1.2,0.4,0.2,0,0.1,1.2,0.1,1.1,163
100,16,1,9,4.1,1.3,0.4,0.1,0.4,4,0.6,3.5,522
100,17,2,8,3.7,1.1,0.3,0.1,0.3,3.6,0.6,3.1,464
100,23,1,5,2,0.5,0.2,0,0.2,2,0.2,1.7,236
100,31,1,5,2.1,0.5,0.2,0,0.1,2.1,0.5,1.5,236.3
100,32,1,1,0.4,0.1,0,0,0.1,0.4,0,0.3,50.4
100,65,1,2,0.8,0.1,0,0,0.2,0.8,0.2,0.8,100.8
100,94,2,121,58.1,21.4,1,3,6.9,55.1,8.7,43.2,6206
100,95,2,104,58.4,22.2,0,0,2.2,58.4,2.3,46.6,5475.3
100,102,1,48,17.9,3.2,2,2,0.2,15.9,0,16.4,2401.9
100,103,2,37,14.4,2,0,0.2,1.7,14.2,0.2,10.7,1504.1
100,122,2,9,3.5,0.5,0.3,0,0.5,3.5,0.3,3.2,431.4
100,123,1,2,0.7,0.1,0.1,0,0.1,0.7,0.1,0.7,94.2
100,124,2,13,5.3,1,0.4,0,0.7,5.3,0.4,4.6,650.2
100,127,2,77,35,10.8,2.4,4,3.8,31,5.1,26.9,3984.3
102,28,1,3,1.2,0.3,0.1,0,0.1,1.2,0.3,0.9,141.8
102,46,0,35,19,10,0,0,0,19,2,11,1366
102,47,1,7,2.9,0.7,0.3,0.2,0.4,2.7,0.4,2.5,358.5
102,48,3,24,9.9,2.5,1,0.7,1.3,9.2,1.3,8.5,1229.1
102,49,0,135.5,77,36,0,15,7,62,15,46,6211
102,63,1,6,2.2,0.2,0.2,0.2,0.4,2,0.2,1.8,248.9
102,64,3,31,11.5,0.9,0.7,0.7,2,10.8,1.4,9.9,1339.6
102,66,1,4,1.7,0.2,0,0,0.3,1.7,0.5,1.5,201.7
102,69,1,2,0.8,0.1,0,0,0.2,0.8,0.2,0.8,100.8
102,70,1,10,4.2,0.4,0,0,0.8,4.2,1.2,3.8,504.2
102,89,4,33.5,15.9,5.3,0,0,1.8,15.9,0.9,15.9,1700.6
102,90,1,4.5,2.1,0.7,0,0,0.2,2.1,0.1,2.1,228.4
102,93,2,104.5,41.7,6.9,2,3.8,5.3,37.9,2.3,38.8,4603.3
102,94,1,23,9.5,2.2,0,1.9,1,7.6,1,7.3,1094.5
102,101,1,8,3.4,0.5,0.3,0,0,3.4,0,3.4,379.6
102,102,2,30,11.8,3.2,0,0.7,1.6,11.1,0.7,11.1,1323.9
102,103,0,136,60,19,4,0,6,60,5,51,6780
102,119,2,5,2.4,1,0,0.1,0.2,2.3,0.2,2.1,235.4
102,123,2,9,3.3,0.5,0.3,0,0.5,3.3,0.3,3.2,423.8
102,124,2,72.5,29.6,6.2,2.2,0,2.3,29.6,1.2,26.8,3448.1
102,126,1,4,1.8,0.5,0.1,0,0.3,1.8,0.1,1.5,218.8
102,127,1,45.5,19.2,2.6,1.2,0,1.2,19.2,0.4,18.2,2073.6
106,8,1,6,2.4,0.9,0.4,0.1,0.2,2.3,0.1,2.2,326.1
106,22,1,2,0.8,0.2,0.1,0,0.1,0.8,0.1,0.7,94.4
106,23,3,24,9.8,2.2,0.9,0,0.9,9.8,0.9,7.9,1132.9
106,39,3,9,4.2,1.3,0.2,0.2,0.5,4,0.6,3.3,434.3
106,40,1,122,58.5,22.9,2.1,6.2,5.4,52.3,11.4,47.9,6068.5
106,41,2,21,10.5,3.7,0.5,1,1.6,9.5,1.6,7.9,1102.5
106,44,2,62,31,12.7,1,0,2,31,3.6,28,3250.8
106,45,0,49,24,8,0,1,0,23,2,22,2731
106,46,1,56,26,11.2,2.1,0,1,26,3.4,21.8,2580.8
106,64,4,32,15.2,3.9,0.6,2,1.2,13.2,0.4,13.2,1539.3
106,84,1,9,3.8,0.8,0.1,0.4,0.4,3.4,0.4,3,418.2
106,85,1,187,83.8,28.4,6.1,8.7,6.8,75.1,8.8,58.3,9474.4
106,86,1,60,26.4,7.7,0.1,11.3,7.4,15.1,4.4,14.7,2309.7
106,117,0,25,12,1,0,0,0,12,0,12,1143
106,118,2,108,44.5,11.6,2,0,3,44.5,2.1,39.3,4873.4
106,119,3,7,3.2,0.9,0.1,0,0.2,3.2,0.3,2.8,354.8
79,14,1,4,1.7,0.5,0.2,0.1,0,1.6,0.3,1.3,207.3
79,15,2,40,16.7,5.2,1.9,1.1,0.4,15.6,2.6,13.4,2073.4
79,16,1,2,0.8,0.3,0.1,0,0,0.8,0.1,0.7,103.7
79,17,1,4,1.6,0.5,0.1,0,0.2,1.6,0.4,1.3,153.6
79,19,1,2,0.8,0.3,0.1,0,0.1,0.8,0.2,0.6,76.8
79,22,1,17,6.3,1.1,0.5,0,0,6.3,0.8,5.8,810
79,23,2,70.5,29.3,6.1,1.1,0,3,29.3,4.6,25.2,3514.3
79,24,1,3,1.1,0.2,0.1,0,0,1.1,0.1,1,142.9
79,28,2,16,7.1,2.4,0.4,0,0,7.1,0.8,5.9,773.9
79,29,2,58,23,6,0.5,0,2,23,4.5,16.5,2461.5
79,31,2,35,15.7,2.4,1.3,0,0,15.7,1.3,15.4,1442.8
79,32,0,87,43,13,0,0,5,43,4,42,3878
79,33,2,48,21.7,5.5,0.5,0,3,21.7,5.5,9.6,1928.1
79,34,1,3,1.4,0.2,0.1,0,0.1,1.4,0.2,0.7,123.4
79,35,2,49.5,23.2,6.7,0.3,0.3,0.4,22.9,2.3,16.8,2438.1
79,36,2,88.5,39.1,10.2,2.3,0.3,3.5,38.8,2.3,20,3977.2
79,46,1,3,1.2,0.4,0.1,0.2,0.1,1,0.2,1,142.5
79,70,3,66.5,29.1,8.1,2,3.9,2.4,25.2,1.3,22.4,2479.1
79,71,0,136,52,11,6,7,5,45,4,45,5099
79,72,0,186.5,87,30,5,21,11,66,7,62,9316
79,73,0,641,379,212,11,268,36,111,45,197,33355
79,74,0,456,252,132,10,131,30,121,41,94,23511
79,75,3,31,15.2,4.6,0.4,4,2.2,11.2,3.5,9.3,1690.4
79,76,1,25,13.5,6.1,0,5.1,2.1,8.4,4.1,8.3,1061.5
79,80,1,3,1.8,0.8,0,0.4,0.3,1.4,0.3,1.4,165.4
79,96,1,3,1.4,0.4,0.1,0.1,0.1,1.3,0.2,0.9,154
79,97,1,14,6.4,1.8,0.6,0,1.2,6.4,0.6,5.8,715.8
79,114,1,5,2,0.5,0.2,0,0.1,2,0.2,1.7,217.6
79,115,1,73,38.6,15.4,2.2,21,4.1,17.6,11.2,14.3,3068.1
101,0,1,4,1.8,0.4,0,0,0,1.8,0.1,1.6,223
101,3,2,5,2.4,0.7,0,0,0.4,2.4,0.4,2,362.5
101,4,2,23,10.7,3.2,0,0,1.7,10.7,1.7,9,1667.5
101,8,1,2,0.8,0.3,0.1,0,0.1,0.8,0,0.7,108.7
101,9,1,6,2.4,0.9,0.4,0.1,0.2,2.3,0.1,2.2,326.1
101,32,1,4,1.6,0.3,0,0,0.1,1.6,0,1.3,171.3
101,47,3,42,18.6,5.7,1.6,2.4,0.9,16.2,1.9,12.7,2219.4
101,48,3,25,10.4,2.7,1.1,0.8,1.3,9.6,1.3,8.8,1280.4
101,49,1,120,55.5,20.2,2,0,5.2,55.5,7.2,34.9,4626.1
101,50,1,189,86.5,22.8,3,0,6.8,86.5,5.8,66.1,6993.9
101,64,2,4,1.5,0.2,0.1,0,0.3,1.5,0.3,1.4,183.8
101,77,1,2,0.8,0.2,0.1,0,0.1,0.8,0.1,0.8,100.9
101,92,1,8,3.3,0.8,0,0.7,0.3,2.6,0.3,2.5,380.7
101,93,2,162.5,68.4,22.1,6,5.6,5.3,62.8,3.3,59.4,8401.6
101,101,1,22,9.2,1.4,0.7,0,0,9.2,0,9.2,1043.9
101,102,0,132.5,54,11,6,0,3,54,3,50,5955
101,103,1,134,58.8,15.2,4,5.1,2.1,53.7,5.1,50.7,6416.3
101,121,1,2,1,0.4,0,0.1,0.1,0.9,0.1,0.8,94.2
101,122,1,3,1.1,0.2,0.1,0,0.2,1.1,0.1,1.1,141.3
101,123,0,86.5,34,10,3,1,1,33,4,29,4125
101,124,0,162,71,22,3,2,7,69,11,63,8275
101,126,2,18.5,8.4,2.4,0.4,0,1.2,8.4,0.4,6.7,1012.2
101,127,1,134.5,54.8,13,3.6,2,6.9,52.8,5.4,48.8,7151.2
78,5,1,2,0.9,0.1,0,0,0.1,0.9,0.1,0.8,124.2
78,6,3,29,13.1,1.9,0,0,1,13.1,1,11.2,1800.9
78,7,1,2,1.1,0.5,0.1,0,0.1,1.1,0,1,152.5
78,14,2,7,2.9,0.9,0.3,0.1,0,2.8,0.4,2.4,362.9
78,15,2,102,46,17.6,4.6,3,4.4,43,13.4,35,5391
78,16,2,19,8,2.5,0.9,0.6,0.2,7.4,1.2,6.3,984.8
78,17,1,10,3.9,1.3,0.3,0,0.5,3.9,1.1,3.2,383.9
78,18,1,79,33.8,10.9,2.2,0,1.4,33.8,4.7,29.2,3806.8
78,19,1,46,19.9,6,1.4,0,0.8,19.9,2.6,15.7,2117.9
78,20,2,13,5.3,0.9,0.5,0,0.5,5.3,0.5,4.8,541.7
78,21,2,14,5.7,1,0.5,0,0.5,5.7,0.5,5.2,583.3
78,31,2,6,2.3,0.3,0.2,0,0,2.3,0.2,2.1,261.2
78,34,0,207,86,28,9,9,11,77,17,45,9094
78,35,1,180.5,103.5,55.1,1.1,47.1,12.3,56.4,20.1,48,8424.6
78,36,1,236.5,115.2,35,3.4,0.4,13.7,114.8,5.4,94.1,11262
78,70,1,13,6.1,1.6,0,0.5,0.2,5.6,0.7,4.7,580.1
78,71,2,2,1,0.2,0,0.2,0,0.8,0.2,0.8,89.2
78,72,1,134,58.3,16.9,4,4.9,3.3,53.4,9.2,46.2,5975.1
78,73,0,476.5,286,165,5,154,30,132,53,140,23107
78,74,0,787.5,440,230,15,221,45,219,82,161,33738
78,75,1,190,112,65.6,1,65.5,8.3,46.5,11.5,55.2,8609.1
78,76,3,8,4,1.1,0,1,0.6,3,0.9,2.4,436.2
78,105,1,5,2.3,0.4,0.1,0.1,0.5,2.2,0.1,2.2,308.6
78,114,1,13,5.1,1.3,0.5,0,0.3,5.1,0.5,4.3,565.9
78,115,2,114,52,16.8,3.1,9,4.6,43,10.1,33.3,4590.8
78,117,1,1,0.5,0.2,0,0,0,0.5,0.1,0.3,48
78,119,2,13,6.2,2.8,0.5,0,0,6.2,1.7,4,623.5
78,120,1,6,2.9,1.3,0.3,0,0,2.9,0.8,1.8,287.7
78,126,1,8,3.8,1.2,0,0,0.2,3.8,0,3,400.6
82,4,1,2,1.1,0.5,0.1,0,0.1,1.1,0,1,152.5
82,27,1,16.5,7.2,2.5,0.3,0.4,0.2,6.8,0.8,6,759
82,28,1,10,4.3,1.5,0.2,0.2,0.1,4.1,0.5,3.6,460
82,32,2,14,6.6,1.7,0.2,0.7,0.7,5.9,0.5,4.9,588.7
82,33,2,31,14.6,3.8,0.5,1.4,1.7,13.2,1.1,10.7,1303.4
82,67,1,2,0.9,0.2,0,0.1,0,0.8,0.1,0.7,89.2
82,70,2,52,27,12.3,0.1,4.3,2.4,22.7,4.1,18.5,2743.3
82,71,1,53,25.5,6.2,1,0,2.1,25.5,1,24.4,2422
82,72,1,70,39.2,20.4,1,0.8,3.5,38.4,4.3,34,3877.2
82,73,0,593,349,203,8,224,38,125,93,96,25428
82,74,0,352,135,29,14,19,21,116,25,89,12632
82,75,0,493.5,279,148,12,189,32,90,48,128,21187
82,76,0,296.5,96,15,17,24,18,72,25,57,9602
82,89,1,2,0.7,0.1,0.1,0.1,0.1,0.6,0,0.6,80.6
82,95,2,24,10.9,3.5,0.6,1,0.8,9.9,1.3,7.2,1232.3
82,96,2,33,15.1,4.7,0.7,1.5,1.1,13.6,1.9,9.9,1694.3
82,120,1,3,1.4,0.7,0.1,0,0,1.4,0.4,0.9,143.9
83,2,0,36,11,2,3,0,1,11,2,10,1211
83,3,3,51,25.8,12.8,0,0,1.4,25.8,1.9,20.5,2938.1
83,33,1,9.5,4,0.9,0,0,0.3,4,0.3,4,422.8
83,47,3,16,6.7,2.4,0.3,0,0.7,6.7,0.3,6.7,884.9
83,69,1,1,0.6,0.2,0,0.1,0,0.5,0,0.4,39.6
83,70,2,4,1.8,0.4,0,0,0.4,1.8,0.2,1.4,262
83,71,2,257.5,114.4,32,4,1,6.3,113.4,10.6,105.3,11330
83,72,1,397,181.9,56.9,11,1,13.7,180.9,14.2,161.7,16303.1
83,73,0,289,105,26,17,10,13,95,25,78,10594
83,74,1,393.5,150.6,45.9,22.5,30.4,18,120.2,20.4,99.2,14054.1
83,75,1,708.5,330.9,156.6,31.4,301.4,73,29.5,128.2,20.5,22538.4
83,76,0,711,348,163,24,128,43,220,99,170,23007
83,77,2,85,33.8,8.8,4.5,0,7,33.8,4.6,29.5,3156.9
83,93,1,3,1.4,0.2,0.1,0.1,0.3,1.3,0.1,1.3,185.2
83,95,1,5,2.3,0.4,0.1,0.1,0.5,2.2,0.1,2.2,308.6
83,115,1,1,0.4,0.1,0,0,0,0.4,0,0.4,49.6
83,116,3,71,26.7,6.5,2.7,3.2,2.2,23.5,1.2,22.1,3134.9
83,117,1,2,0.8,0.1,0,0,0.1,0.8,0,0.8,97.7
83,118,1,2,0.8,0.1,0,0,0.1,0.8,0,0.8,97.7
83,119,2,67,25.1,4.5,1.2,0.4,1.2,24.7,1.3,22.7,2729.1
83,120,2,46,16,2.4,2,0,3,16,1,7.8,1742
83,121,1,1,0.5,0.2,0,0,0,0.5,0,0.4,50.5
107,24,1,4,1.6,0.4,0.1,0,0.1,1.6,0.1,1.3,188.8
107,35,2,20,7.8,1.4,0,0,0.8,7.8,0,6.4,856.4
107,36,1,4,1.6,0.3,0,0,0.1,1.6,0,1.3,171.3
107,40,1,6,3,1,0.1,0.3,0.4,2.7,0.4,2.2,315
107,43,2,7,3.5,1.5,0,0,0,3.5,0.5,3.5,441.7
107,44,1,159.5,68,25.9,5,17,10,51,14.3,34,6265.4
107,45,1,40.5,16.2,1.7,0.3,0,2,16.2,2,14.6,1850.8
107,46,2,22,8.8,1.1,0.5,0,0,8.8,1.7,7.7,962.5
107,85,2,8,3.4,0.7,0,0.3,0.3,3.1,0.3,2.7,371.7
107,86,3,93,41.3,10.5,0.2,3.2,6.4,38.1,3.4,28.6,4284.4
107,90,1,6,2.7,0.7,0,0.3,0.1,2.4,0,2.5,251.8
107,91,2,139.5,55.3,12.3,3,1.7,4.9,53.6,2,49.5,5566.2
107,92,3,131,46,8,2,0,2,46,2,41,5107.3
107,117,1,18,9.2,3.8,0,0,0,9.2,0.8,8,896.6
107,118,1,49,19.6,4.3,2,0,0,19.6,1.5,18.9,2141.9
107,120,1,2,0.8,0.2,0,0,0.1,0.8,0.1,0.8,102.7
107,121,1,19,8,1.5,0.3,0,0.9,8,1.2,7.1,975.8
108,14,3,4,2,0.8,0.1,0,0,2,0.3,1.7,198.8
108,21,1,9,3.9,0.8,0.2,0.6,0.4,3.3,0.6,3.3,394.3
108,28,1,12,5.4,0.9,0.2,0,0.7,5.4,0.2,5.4,643.2
108,34,1,16,6,1.5,0.8,0,0,6,0.5,4.5,634
108,35,2,65,30.4,13.3,2.1,3,1,27.4,5.8,20.1,3305.6
108,36,1,2,0.8,0.2,0.1,0,0,0.8,0.1,0.6,79.2
108,39,1,10,4.2,0.9,0.1,0,0.3,4.2,0.3,4.2,498.7
108,40,0,135,57,19,2,12,2,45,3,45,5790
108,41,2,28,11.7,2.5,0.4,0,0.9,11.7,0.9,11.7,1396.2
108,47,1,6,2.7,1,0.4,0,0.4,2.7,0.5,2.6,293.3
108,84,1,1,0.4,0,0,0.1,0,0.3,0,0.3,54.9
108,85,1,2,0.8,0.1,0,0.1,0,0.7,0,0.7,109.7
108,86,1,3,1.2,0.1,0.1,0.2,0,1,0.1,1,164.6
108,91,3,29,11.5,1.3,0.7,2,0,9.5,0.7,9.5,1591
108,92,1,229.5,97.4,25.4,5,9.2,11.6,88.2,8.2,77.4,12473
108,93,3,119.5,47.5,13.4,4,12.1,5.6,35.4,7.3,32.6,5590.8
108,94,2,4,1.6,0.4,0,0,0.2,1.6,0.2,1.4,214.4
108,120,1,41,16.4,5.3,0.3,0.1,1.2,16.3,1.2,15.3,2030.2
108,121,2,96.5,42.6,13.8,2.2,9,4,33.6,3,30.6,4950
77,6,4,51,18.9,4,2,0,3,18.9,3,18,2401
77,7,1,2,0.9,0.2,0.1,0,0,0.9,0.1,0.8,124.6
77,14,1,4,2.3,1.2,0,0,0.3,2.3,0.2,2.3,231.5
77,15,1,53,25.4,10.5,0,0,1.4,25.4,3.7,23.4,2671.9
77,18,1,2,1.2,0.6,0,0,0.2,1.2,0.1,1.2,115.8
77,19,1,1,0.6,0.3,0,0,0.1,0.6,0,0.6,57.9
77,32,1,2,1,0.4,0.1,0,0,1,0.2,0.8,97.8
77,33,2,151.5,93.3,57.2,2.2,89,16,4.3,42.7,3.8,6513.3
77,34,2,100.5,56.3,29.1,1.6,10,6,46.3,13.4,34.6,5663.4
77,35,0,315,158,67,8,55,16,103,33,73,17605
77,36,2,210,90.8,20.8,5.7,2.4,5.7,88.4,7.7,74.9,9732.7
77,37,1,8,3.1,0.8,0.3,0.2,0.5,2.9,0.3,2.8,369
77,70,1,1,0.6,0.3,0,0,0.1,0.6,0.1,0.5,48.5
77,72,1,150.5,78.9,27.8,0.2,0,11.4,78.9,8.7,66.1,7107.4
77,73,2,125,52.7,17.1,2.3,1,1.6,51.7,3.9,44.5,4939.3
77,74,0,566.5,322,164,9,165,34,157,72,168,24275
77,75,0,308.5,173,84,3,85,14,88,17,114,14161
77,76,1,173,78.6,22.3,2.6,1,5.3,77.6,7.8,70.3,7228.8
77,77,2,8,3.4,0.6,0,0,0.2,3.4,0.2,2.6,343.4
77,113,0,26,12,5,0,0,1,12,1,12,1151
77,114,1,143,59.9,16.9,4,2,3,57.9,4.4,47.6,6025.3
77,115,1,114,51.3,17.1,3.3,1,2.6,50.3,7.6,43.5,5076.7
77,117,1,1,0.4,0.1,0,0,0,0.4,0.1,0.3,45.5
77,119,2,20,7.6,1.7,0.8,0,0.4,7.6,1.7,6.8,910.3
77,120,1,2,0.8,0.2,0.1,0,0,0.8,0.2,0.7,91
77,123,1,2,0.8,0.1,0.1,0.1,0.1,0.7,0,0.6,100.4
77,125,1,3,1.1,0.1,0.1,0.1,0.1,1,0,1,150.6
77,126,2,84,36.7,9,0.7,3,4,33.7,1,34.3,4209.8
77,127,2,17,8.5,2.4,0,1.2,0.4,7.3,1.2,7.7,1047.6
64,1,1,2,0.8,0.2,0,0,0.1,0.8,0.1,0.8,109.4
64,13,2,31,14.1,6.4,1.8,0,0,14.1,3.5,13.5,1646.5
64,14,1,6,2.7,1.2,0.3,0,0,2.7,0.7,2.6,318.7
64,15,1,24,13.3,7.1,0.9,0,0.9,13.3,0,12.4,1431.1
64,28,2,19,8.3,1.8,0,0.5,0,7.8,2.4,7.1,1175.1
64,37,1,6,2.4,0.6,0.1,0,0.1,2.4,0.3,2.4,318.3
64,38,2,14,5.6,1.4,0.2,0,0.2,5.6,0.6,5.6,742.6
64,58,1,3,1.4,0.5,0.1,0,0.2,1.4,0.2,0.9,130
64,60,1,24.5,9.5,1.1,0.6,0.7,1.3,8.8,1.3,7.5,1176.6
64,61,1,200.5,99.7,40.5,3.3,20.4,11.6,79.3,17.6,60.7,10469.3
64,62,0,233.5,107,38,6,16,7,91,13,75,10351
64,63,0,255.5,109,27,3,0,10,109,3,96,11229
64,71,1,2,1,0.4,0.1,0,0.1,1,0.1,0.8,94.2
64,73,2,6,2.5,0.5,0.1,0,0.2,2.5,0.2,2.2,304.6
64,88,1,2,1,0.5,0,0,0.1,1,0,0.9,95.2
64,105,0,37.5,18,7,2,1,5,17,8,8,1627
64,106,0,208.5,84,22,6,6,2,78,10,59,8099
64,107,2,6,2.6,0.7,0.2,0.2,0.2,2.4,0.2,1.7,276
64,111,1,149.5,74.7,30.9,3.1,5,4,69.7,16.1,59.4,6911.2
64,112,2,30,15.7,5.2,0.7,0,1.5,15.7,1.5,13.5,1448.2
109,16,2,22,11,4,0.6,0,0,11,1.1,9.9,1093
109,28,1,4,1.8,0.3,0.1,0,0.2,1.8,0.1,1.8,214.4
109,29,2,70,34.9,12.7,0.3,4,4.3,30.9,5,27.2,3830.2
109,30,0,18,12,7,0,2,0,10,0,8,1415
109,38,1,2,0.9,0.2,0,0,0,0.9,0,0.8,103.1
109,39,2,75,33.3,9.6,1.9,0,1,33.3,2,29.5,3848.8
109,40,0,127,64,23,2,12,6,52,7,51,5482
109,41,2,27,11.3,2.4,0.4,0,0.8,11.3,0.8,11.3,1346.4
109,48,1,3,1.4,0.5,0.2,0,0.2,1.4,0.2,1.3,146.7
109,85,1,1,0.4,0,0,0.1,0,0.3,0,0.3,54.9
109,92,2,18,7.3,1.4,0,0.1,0.6,7.2,1.2,6.4,965.1
109,93,1,24,9.8,1.9,0,0.3,0.8,9.5,1.6,8.5,1286.7
109,94,1,2,0.8,0.2,0,0,0.1,0.8,0.1,0.7,107.2
109,120,2,6,2.7,0.8,0.2,0.1,0.1,2.6,0.1,2.6,348.1
109,121,2,39,17.3,4.9,1.2,0.6,0.6,16.7,0.6,16.7,2262.6
63,34,1,5,2.7,1.1,0.2,0,0,2.7,0.2,2.7,294.1
63,36,1,3,1.6,0.7,0.1,0,0,1.6,0.1,1.6,176.5
63,37,1,52,22.5,5,0.4,3,3.4,19.5,3.3,14.5,2557.3
63,38,2,45,19.6,8.9,1.3,0,1.3,19.6,2.8,16.6,2488.8
63,58,1,2,0.9,0.3,0,0,0.1,0.9,0.1,0.6,86.7
63,60,1,48,20,4.1,0.5,5.7,5.2,14.3,5.2,11,2152.5
63,61,3,86,35.5,7.5,2.8,1,3.7,34.5,3.7,26.7,4194.8
63,62,0,280.5,112,32,9,0,10,112,17,56,10793
63,63,2,96.5,39.4,7.3,1.9,4,3.6,35.4,2.6,27.2,4098.6
63,64,1,4,1.3,0.1,0.2,0,0.1,1.3,0.1,0.9,143
63,72,2,118,48.1,11.6,2.6,0,2.8,48.1,2.2,40.4,5275.8
63,73,4,77,32.5,5.9,1.3,0,1.9,32.5,2.7,28.4,3909.4
63,78,1,3,1.5,0.5,0.1,0,0.1,1.5,0.2,1.3,179.7
63,103,1,3,1.4,0.3,0,0,0,1.4,0.2,1.1,175.4
63,105,1,68,32.3,12.4,1,1,5.3,31.3,4.6,25.8,3374.1
63,106,3,47,22.3,7.2,0,0,1.5,22.3,3.2,20,2026.7
63,107,3,8,3.6,0.9,0.3,0.3,0.3,3.3,0.3,2.3,368
63,110,3,80.5,33.7,9.8,1.3,0,4,33.7,1.3,26.2,3707.1
63,111,1,210,89.5,33.2,9.6,28,8,61.5,23.6,48.3,7943.7
63,112,1,4,2.1,0.7,0.1,0,0.2,2.1,0.2,1.8,193.1
65,0,3,31.5,11.4,2.4,0.9,0.2,0.2,11.2,1.1,9.9,1346.8
65,1,2,24,8.5,1.7,0.8,0,0.1,8.5,0.9,7.4,994.4
65,14,3,77.5,35.6,12.8,1.3,0,0.4,35.6,6.2,31.3,3892.1
65,15,3,31,14,3.1,0.7,0,0.7,14,0.6,13.9,1710.5
65,28,1,4,1.8,0.4,0,0.1,0,1.7,0.5,1.5,247.4
65,29,3,30,11.9,2.4,0.4,0.3,0.8,11.6,2.3,11,1513.8
65,30,1,9,3.4,0.7,0.2,0,0.3,3.4,0.5,3.3,410.2
65,58,1,7,3.2,1.1,0.1,0,0.4,3.2,0.4,2,303.4
65,59,1,3,1.4,0.5,0.1,0,0.2,1.4,0.2,0.9,130
65,60,2,15,6.4,1.8,0.3,0.2,0.8,6.2,0.8,4.4,678.1
65,61,3,50.5,20.9,4.3,1.1,1,2.7,19.9,2.7,15.1,2345.5
65,62,0,41,15,3,3,0,2,15,3,12,1415
65,63,2,118.5,47.5,12.1,4,0,2.8,47.5,2.8,39.2,4416.9
65,70,1,2,1,0.4,0.1,0,0.1,1,0.1,0.8,94.2
65,75,3,55.5,27.4,8.5,0,0,3.1,27.4,4,24.6,2296.5
65,76,1,105.5,43.3,10.6,5,1,7,42.3,4.2,39.1,4827.3
65,77,2,7,3.4,1.2,0.2,0,0.2,3.4,0.4,3,419.4
65,85,1,2,0.9,0.3,0,0.2,0.1,0.7,0.2,0.7,90.9
65,86,2,9,4.1,1.2,0,1,0.6,3.1,0.8,3,409
65,105,2,10,4.6,1.3,0,0,0.1,4.6,0.7,3.8,538.6
65,106,1,73,34.3,9.5,0,0,0,34.3,2.4,28.8,3227.3
65,107,1,44,20.1,5.8,0.4,0.4,0.4,19.7,1.4,16.9,2055
65,111,1,200.5,79,17.8,7.5,14,14.3,65,19.5,30.7,6909.6
65,112,2,130.5,80.3,46,1.1,31.2,4.4,49.1,25.5,41.5,5555.8
65,123,3,36,16.6,5.3,0,0,1.2,16.6,3,10.6,1751
65,124,1,9,4.1,1.3,0,0,0.3,4.1,0.7,2.7,437.8
62,34,2,3,1.6,0.7,0.1,0,0,1.6,0.1,1.6,176.4
62,35,1,1,0.5,0.2,0,0,0,0.5,0,0.5,58.8
62,37,4,38,15.7,3.9,0.9,0.5,2.6,15.2,2.1,12.4,1898.8
62,38,1,143,60.9,13.7,4.2,0.1,6.5,60.8,9.4,49.3,6638.8
62,39,1,58.5,19,3.2,2.3,0.2,0.8,18.8,0.6,14.9,2238.6
62,58,1,1,0.5,0.2,0,0,0,0.5,0.1,0.4,50.9
62,60,1,2,1,0.4,0,0,0,1,0.1,0.8,101.8
62,61,1,3,1.5,0.6,0,0,0.1,1.5,0.2,1.2,152.7
62,72,1,7,3.1,0.7,0,0,0.1,3.1,0.6,2.8,338.2
62,73,1,11,4.8,1.1,0,0,0.2,4.8,0.9,4.4,531.5
62,105,2,8,3.7,0.8,0,0,0,3.7,0.6,2.9,467.7
62,107,2,7,4.2,2,0,1.7,1,2.5,1.3,2.3,379.3
62,108,1,10,6,2.8,0,2.3,1.4,3.7,1.9,3.3,541.9
62,109,2,44,22.8,10.5,1.1,3.7,1.7,19.1,4.2,17.9,1666.4
62,110,2,129.5,49,8,1.6,0,8.7,49,7.4,38.4,5352.9
62,111,1,267,114,37,9.3,21,13.9,93,29.7,69.7,12413.4
62,112,3,32,14,3.9,1.3,0.4,1.7,13.6,2.3,12.7,1361.2
75,11,1,2,0.9,0.2,0.1,0,0,0.9,0.1,0.8,124.6
75,12,2,7,3.8,1.9,0,0,0.6,3.8,0.5,2.9,429.4
75,33,1,2,1,0.4,0.1,0,0,1,0.2,0.8,97.8
75,34,3,28,12.3,3.3,0.5,0.2,0.7,12.1,1.8,10.9,1389.2
75,35,3,47,24.1,9.3,0.4,0.2,0.9,23.9,2.8,20.7,2562.2
75,36,2,6,2.5,0.6,0.1,0.1,0.1,2.4,0.2,2.3,290.3
75,39,2,6,2.4,0.6,0.3,0.2,0.3,2.2,0.3,2.1,276.7
75,42,1,7,2.6,0.5,0.1,0,0,2.6,0.1,2.2,306.9
75,43,2,53,20.2,4.1,0.2,0,2,20.2,0.2,18.4,2449.9
75,73,0,86,30,5,4,0,6,30,12,24,2453
75,74,0,211.5,103,35,3,8,16,95,21,50,8740
75,75,1,4,1.9,0.8,0.2,0,0,1.9,0.4,0.9,177.1
75,113,0,32,11,0,1,0,0,11,0,10,1347
75,114,1,220.5,96.7,31.8,7.1,8.6,11.5,88.1,11.1,66.1,9879.7
75,115,1,152,79.3,25.8,1.2,28.1,17.7,51.2,18.5,42.7,7052.2
75,116,3,10,4.7,1.6,0.1,0.6,0.9,4.1,0.7,3.2,440.8
75,117,1,2,0.8,0.2,0.1,0,0,0.8,0.2,0.7,91
81,4,1,1,0.5,0.3,0,0,0,0.5,0,0.5,76.2
81,26,2,21,8.3,1.8,0.6,0,1.1,8.3,0.6,7.1,933.5
81,27,0,187.5,93,43,5,5,6,88,11,72,9741
81,28,3,43,18.6,6.5,0.9,0.8,0.4,17.8,2.2,15.7,1978
81,29,2,6,2.6,0.9,0.1,0.2,0,2.4,0.3,2.2,276
81,30,1,2,0.9,0.3,0.1,0,0.2,0.9,0.3,0.7,87.1
81,31,2,37.5,16.2,4.7,0.9,0,3.8,16.2,4.7,12.3,1633.8
81,32,3,99,46.9,18.8,3.8,12.1,3.5,34.8,9.6,24.1,4124.1
81,33,2,75,36.5,16,2.3,5.7,3.9,30.8,2.6,26.5,3597.7
81,34,1,3,1.4,0.4,0.1,0.1,0.2,1.3,0.1,1,126.1
81,70,3,46,19.6,5.8,0.4,0.8,1.3,18.8,0.4,18.1,2241.8
81,71,1,268,122.7,40.7,9.4,10.8,13.2,111.9,9.4,90,12210.8
81,72,2,5,2.8,1.8,0,1,0.6,1.8,0.4,1.2,327.8
81,73,0,1001.5,644,435,15,610,71,34,131,119,43837
81,74,1,209.5,109.5,42.9,2,28.6,13,80.9,10.6,67.9,10442.5
81,75,1,487,287.6,155,5,270.8,44.6,16.8,52.7,120.4,22021.4
81,76,0,157,80,38,4,11,9,69,17,66,7811
81,77,1,6.5,4,1.7,0,1,0.7,3,0.7,3,358.3
81,95,1,8,3.6,1.2,0.2,0.3,0.3,3.3,0.4,2.4,410.8
81,96,1,12,5.5,1.7,0.3,0.5,0.4,5,0.7,3.6,616.1
74,11,2,20,9.2,2.5,0.8,0,0,9.2,0.8,8.3,1245.9
74,12,3,64,30.2,12.6,1,0,3.3,30.2,4.3,26.5,3447.7
74,34,1,2,0.9,0.2,0,0,0,0.9,0.1,0.8,104
74,36,1,5,2.3,0.6,0,0,0.1,2.3,0.4,2,260
74,42,1,36.5,13.6,3.5,2.1,0,1,13.6,1.1,13.2,1847.9
74,43,2,106,45.3,14.7,2.4,3,3,42.3,5.4,36.8,5277.6
74,44,2,65,25.6,4,1.2,0,3,25.6,2.2,24.7,2764.1
74,48,1,3,1.6,0.6,0,0,0.2,1.6,0.4,1.3,146.5
74,49,4,43,20.9,6.4,0.6,0,2.7,20.9,4.3,17.1,2113.5
74,55,1,1,0.4,0.1,0,0,0.1,0.4,0,0.3,45.9
74,56,1,6,2.4,0.6,0.2,0,0.3,2.4,0.1,1.9,275.2
74,68,2,5,1.7,0.3,0.2,0,0.4,1.7,0.3,1.2,144.6
74,69,1,24,8,1.5,0.7,0.4,1.8,7.6,1.5,5.8,694.2
74,73,1,17,5.3,1.1,1.4,0,1.1,5.3,2.5,4.6,409.1
74,74,2,60,23.4,7.5,4.2,0,1.9,23.4,7.7,14.8,2030
74,79,1,2,0.9,0.2,0,0,0.1,0.9,0.1,0.6,85.8
74,101,1,110.5,51.7,13.4,1.4,1,8.2,50.7,6.4,41.7,5615.4
74,102,3,90,38.9,11.7,3,1,2.9,37.9,6.8,31.7,4133.4
74,113,1,41,19.7,6.2,0.4,1.8,1.5,17.9,1.4,15.8,2253.7
74,114,1,79,41.6,21,1.5,4.5,3,37.1,6.5,38.1,4308.6
74,115,2,30,17.7,9.3,0.1,10.5,1.8,7.2,5.7,6.5,1103
74,116,2,43,19.7,6.5,0.5,2.5,4,17.2,3.5,13.7,1875.8
73,12,1,3,1.6,0.8,0,0,0.2,1.6,0.2,1.2,185.8
73,38,2,17,6.6,1.7,0.7,0.4,1,6.2,0.7,5.9,784
73,39,1,6,2.3,0.6,0.2,0.1,0.4,2.2,0.2,2.1,276.7
73,46,1,2,0.8,0.2,0,0,0,0.8,0,0.6,87.7
73,48,2,14,7.5,2.9,0,0,0.8,7.5,1.8,6.1,683.5
73,49,2,64,25.5,5.4,2.2,0,1.8,25.5,3,21.6,2669
73,50,2,8,3.5,0.8,0.1,0,0.5,3.5,0.5,2.9,395.5
73,56,1,2,0.8,0.2,0.1,0,0.1,0.8,0,0.6,91.7
73,68,1,52,19,4.1,2.5,0.3,1.4,18.7,2.1,17.4,1799.6
73,69,2,51,20.8,7.8,1.6,0.3,1.8,20.5,1.9,16.3,2041.3
73,75,1,3,1.4,0.6,0.2,0,0,1.4,0.3,0.7,132.8
73,78,1,3,1.3,0.3,0,0,0.1,1.3,0.1,0.9,128.7
73,79,3,10,4.4,1.1,0,0,0.2,4.4,0.5,3.2,460.9
73,80,1,5,2.3,0.8,0,0,0,2.3,0.4,1.7,267.5
73,81,1,18,8.3,2.8,0,0,0,8.3,1.4,6.2,963
73,82,1,2,0.9,0.3,0,0,0.1,0.9,0,0.9,103.7
73,83,1,1,0.5,0.1,0,0,0.1,0.5,0,0.4,51.8
73,101,1,114,57.7,22.9,1.9,0,7.4,57.7,9.9,41.7,5642.7
73,102,1,93.5,40,8.4,0,1,8.1,39,7.3,29.3,4220.6
73,114,2,3,1.4,0.5,0,0.2,0.3,1.2,0.3,0.9,130.8
73,116,2,4,1.8,0.6,0,0.2,0.4,1.6,0.4,1.2,174.4
73,127,1,8,4,1.1,0,0.6,0.2,3.4,0.6,3.6,493
76,0,1,2,1,0.3,0,0.1,0,0.9,0.3,0.9,101
76,33,1,1,0.5,0.2,0,0,0,0.5,0.1,0.4,48.9
76,34,1,138.5,77.1,37.9,2.4,37.2,7.4,39.9,15.4,34.6,6776.6
76,35,0,326,157,67,6,53,20,104,32,80,14573
76,36,2,31,12.8,3,1,0.8,1,12,1,11.4,1443.6
76,37,3,12,4.7,1.2,0.5,0.4,0.7,4.3,0.5,4.2,553.4
76,70,2,4,2.3,1.1,0,0,0.3,2.3,0.5,1.9,193.9
76,71,1,10,5.8,2.7,0,0,0.6,5.8,1.2,4.5,484.5
76,72,3,20,7.6,3.1,0.9,0,1.5,7.6,2.7,4.3,609.4
76,73,2,128,43.7,12.2,7.5,4,4.5,39.7,10.6,26.1,3521.8
76,74,1,186,79.4,28.7,6.4,20,8.7,59.4,14.2,56.7,7146.2
76,77,1,11,4.7,0.9,0,0,0.3,4.7,0.3,3.5,472.1
76,100,2,10,3.8,0.6,0.6,0,0.3,3.8,0.6,3.8,439.1
76,101,1,2,0.8,0.1,0.1,0,0.1,0.8,0.1,0.8,87.8
76,113,3,16,9.2,5.2,0,0,0,9.2,0.5,7.5,969.7
76,114,0,245,116,41,3,14,10,102,22,75,11063
76,115,0,343,169,75,8,59,22,110,31,76,16027
76,116,4,29,14.1,4.7,0.6,0,1.3,14.1,1.3,10.1,1398
76,117,3,22,8.4,1.9,1,0,0.4,8.4,1.9,7.5,1001.2
76,125,1,2,0.8,0.1,0.1,0.1,0.1,0.7,0,0.6,100.4
76,126,3,61,28.6,10.6,1.1,1.6,2.6,27,1,26.5,3644.6
76,127,1,2,1,0.3,0,0.1,0,0.9,0.1,0.9,123.2
66,0,1,9,3.2,0.6,0.3,0,0,3.2,0.3,2.7,362.1
66,14,1,1,0.4,0.1,0,0,0,0.4,0,0.4,54.7
66,59,1,2,0.9,0.3,0,0,0.1,0.9,0.1,0.6,86.7
66,60,2,95,42.2,15.4,2.7,3,2.7,39.2,4.7,32.5,4286.1
66,61,1,2,0.9,0.3,0,0,0.1,0.9,0.1,0.6,86.7
66,75,1,11,4,0.5,0.3,0,0.5,4,1.1,3.8,499.3
66,76,1,52.5,24.2,6.4,0.7,0,2.4,24.2,4.7,21.6,2858.9
66,77,2,12,5.8,2.1,0.3,0,0.3,5.8,0.7,5.1,719
66,86,2,132,41.7,6.4,6,4.7,2.5,37,4.1,34.4,4576.1
66,87,1,1,0.5,0.2,0,0,0,0.5,0,0.5,47.6
66,107,1,4,1.8,0.5,0.1,0.1,0.1,1.7,0.1,1.1,184
66,111,2,43,16,2.2,1.5,0,0.8,16,1.5,15.3,1748.4
66,112,2,20,10.6,4.4,0,0.6,0.6,10,1.1,8.9,1028.9
66,113,1,3,1.6,0.7,0,0.1,0.1,1.5,0.2,1.3,154.3
66,114,1,1,0.5,0.2,0,0,0,0.5,0,0.4,48.3
66,115,1,1,0.5,0.2,0,0,0,0.5,0,0.4,48.3
66,123,3,42,21.6,8.4,0,0,3.3,21.6,2.9,14,2194.4
66,124,1,27,12.9,5.3,0,0,0.1,12.9,1.2,11.6,1526.3
67,53,4,37,18.5,7.2,0,0,0.8,18.5,2.4,14.6,1883.1
67,59,1,4,1.8,0.7,0.1,0,0.2,1.8,0.2,1.1,173.3
67,60,1,16,7.3,2.6,0.3,0,0.8,7.3,0.8,4.6,693.4
67,68,1,5,2.4,0.9,0.3,0,0.1,2.4,0.1,1.9,235.4
67,70,1,2,1,0.4,0.1,0,0.1,1,0.1,0.8,94.2
67,79,1,1,0.5,0.2,0,0,0,0.5,0.1,0.4,59.9
67,85,1,2,0.9,0.3,0,0.2,0.1,0.7,0.2,0.7,90.9
67,86,2,39,19.2,6.9,0,12.7,4.5,6.5,1.7,6.4,2158.1
67,87,1,14,7,3.2,0,0,0.6,7,0,6.4,666.3
67,112,3,7,3.7,1.5,0,0.2,0.2,3.5,0.4,3.1,360.1
93,11,1,2,0.8,0.3,0.1,0,0.1,0.8,0,0.7,108.7
93,12,2,50.5,15.6,0.8,3.1,0,0,15.6,0,12.5,2185.2
93,22,2,13,4.7,1.3,0.8,0,0.2,4.7,0.2,4.5,634.9
93,23,2,27,9.7,2.7,1.7,0,0.4,9.7,0.4,9.3,1318.6
93,25,1,6,2.2,0.6,0.4,0,0.1,2.2,0.1,2.1,293
93,26,1,15,5.4,1.5,1,0,0.2,5.4,0.2,5.2,732.5
93,27,2,40,15.7,3.5,0,0.9,1.7,14.8,2.6,13.9,2159.1
93,35,2,38,18.5,9.3,1.7,0,3.7,18.5,4,15.9,2088.9
93,36,1,13,5,1.8,0.5,0,0.5,5,0.8,4.5,562
93,44,1,4,1.6,0.5,0.1,0,0.1,1.6,0.3,1.4,177.7
93,63,1,4,1.6,0.4,0.2,0,0.1,1.6,0.1,1.4,183.7
93,66,2,25.5,14.4,5.6,1,2,1.4,12.4,2.2,10.8,1243.8
93,69,1,2,0.9,0.1,0,0.1,0.1,0.8,0,0.8,94.7
93,70,2,24,10.4,1.7,0.3,0.7,0.7,9.7,0.3,9.7,1135.9
93,71,1,290.5,132,37.5,4.1,10.2,11.2,121.8,15.1,113.8,13212.3
93,72,0,585,289,111,8,71,45,218,37,162,28808
93,73,0,132.5,61,23,2,14,6,47,9,41,6437
93,85,1,49.5,22.3,6.4,1.3,0.3,1.3,22,0,20.9,2508.4
93,86,3,30,13.1,3,0.7,0.7,0.7,12.4,0,12.1,1564.9
93,87,3,83.5,40.9,11.8,1,0,4.5,40.9,4.5,34.8,4546.2
93,112,2,23,10.5,2,0,0.5,0,10,0.5,9,1256.5
93,113,2,145,64.5,21,4,5.5,6,59,4.5,55,8115.5
93,114,0,118,60,18,2,2,8,58,5,30,5776
69,1,1,2,0.9,0.4,0.1,0.2,0.2,0.7,0.5,0.6,97.3
69,2,1,11,3.8,0.5,0.5,0,0.5,3.8,0.7,2.6,411.9
69,5,2,15,7.8,3.2,0,0.4,0.4,7.4,0.4,7.4,775.8
69,6,2,12.5,6.5,2.7,0,0.3,0.4,6.2,0.4,6.2,646.5
69,26,1,11,3.8,0.6,0.6,0,0.6,3.8,0.3,3.8,427
69,50,1,60,29,9.7,0.4,2,4.4,27,5,18.2,2878.2
69,53,3,141,60.7,14.8,2.7,0,5.7,60.7,3.1,47.5,5906.6
69,54,1,14,5.6,1.4,0.5,0,0.8,5.6,0.3,4.4,642.2
69,58,2,66,27.7,6.3,0.5,0,4,27.7,2.2,23.5,2958.3
69,59,1,58,31.4,9.9,1,0,1.5,31.4,0.7,26.9,3693.2
69,60,1,1,0.5,0.1,0,0,0.1,0.5,0,0.5,56.1
69,68,1,2,1,0.3,0,0,0.1,1,0,0.8,106.4
69,69,3,173.5,73.8,16.5,3.6,4,7,69.8,3.6,63.6,7519.5
69,70,2,77,35.1,7.2,0.3,0,1.7,35.1,0.3,34.1,3469.8
69,81,1,8,2.3,0,0,0,0.4,2.3,0.4,2.3,272
69,86,3,70,31.3,8.6,1,0,1.9,31.3,3.7,26.7,3193.4
69,87,2,54,23.5,6.9,0,1,1.1,22.5,1.3,21.6,2469.5
69,88,2,10.5,5,1.5,0,0,0.6,5,0.1,4.5,544.2
68,26,1,2,0.7,0.1,0.1,0,0.1,0.7,0.1,0.7,77.6
68,52,2,8,3.2,0.8,0.3,0,0.5,3.2,0.2,2.5,366.9
68,53,0,141.5,67,26,5,1,7,66,9,54,6493
68,54,2,3,1.2,0.3,0.1,0,0.2,1.2,0,0.9,137.6
68,58,1,2,0.8,0.2,0.1,0,0,0.8,0.1,0.7,91.6
68,86,1,4,1.6,0.3,0,0,0.1,1.6,0.2,1.3,165.5
68,87,3,69.5,29.7,8.5,2,0,5.8,29.7,3.4,22.4,3068.6
68,88,1,4,1.9,0.6,0,0,0.2,1.9,0.1,1.7,207.3
68,112,2,11,4.9,1.1,0,0,0,4.9,0.3,4.1,448.9
68,115,1,3,1.3,0.3,0,0,0,1.3,0.1,1.1,122.4
80,23,2,9,3.3,0.6,0.3,0,0,3.3,0.4,3.1,428.8
80,26,1,1,0.4,0.1,0,0,0.1,0.4,0,0.3,44.5
80,27,2,22.5,9.7,3.5,0.4,0.4,0.2,9.3,1.2,8.2,1035
80,28,2,54.5,22.4,6.9,0.6,0,1,22.4,1.3,19.5,2496.1
80,29,1,40,20.1,8.2,0.1,2,3,18.1,3.1,13,1948.6
80,32,3,16,7.5,1.2,0.3,0.1,0.7,7.4,1.1,4.1,659.9
80,33,1,166.5,80.3,36.3,2.1,6,10.2,74.3,16.3,53.2,7206.7
80,66,1,2,0.9,0.2,0,0.1,0,0.8,0.1,0.7,89.2
80,70,1,72,25.1,2.6,4,0.5,7.2,24.6,5.7,10.7,2362.1
80,71,0,389,174,46,6,0,23,174,17,135,14928
80,72,1,194,78.7,25.1,9,12.1,14.7,66.6,8.8,34.8,6766.9
80,73,1,329.5,216.5,138.9,3,150.6,14,65.9,46.6,61.9,18087.5
80,74,1,353,203.8,115.5,8,175.9,27.3,27.9,31.9,34.2,16307.2
80,75,3,82.5,43.5,18.4,1.5,25.4,6.7,18.1,6.7,15.5,4214.7
80,76,2,6,3.4,1.6,0,1.3,0.3,2.1,0.6,2,344.7
80,89,1,4,1.3,0.1,0.1,0.1,0.2,1.2,0.1,1.1,161.2
80,93,1,6,2.7,0.9,0.1,0.2,0.2,2.5,0.3,1.8,308.1
80,94,1,4,1.8,0.6,0.1,0.2,0.1,1.6,0.2,1.2,205.4
80,97,3,65.5,27.8,4.4,0.8,0.5,4.6,27.3,1.8,25.9,3280.2
80,98,2,8,3.7,0.7,0.3,0.2,0.9,3.5,0.3,3.4,472.6
80,114,1,1,0.4,0.1,0,0,0,0.4,0,0.3,43.5
72,38,2,22,10.2,3.6,0.8,0,1.4,10.2,0.8,10.2,1097.8
72,39,2,107,44.3,11.3,2.3,0,2.3,44.3,6.3,39.9,4615
72,40,1,66.5,27.1,5.2,2,0,3.5,27.1,2.2,22.6,3050.7
72,43,1,1,0.5,0.2,0,0,0,0.5,0.1,0.4,79.5
72,46,3,11,5.5,2.1,0,0,0,5.5,0.8,4.3,874.1
72,47,1,1,0.4,0.1,0,0.1,0.1,0.3,0.1,0.3,46
72,50,2,48,18.7,4.3,1.9,0,1.9,18.7,1.9,14.4,2038.5
72,58,1,4,1.3,0.1,0.3,0,0.1,1.3,0.1,1.1,138.1
72,65,1,1,0.6,0.3,0,0,0.1,0.6,0.1,0.5,48.5
72,66,2,11,6.3,3,0,0,0.7,6.3,1.4,5,533
72,67,1,177,79.8,17.3,4.5,0,5.2,79.8,3.7,71.1,7814.8
72,68,0,121.5,53,17,4,0,3,53,3,49,5466
72,69,1,1,0.4,0.1,0,0,0,0.4,0,0.3,34.5
72,75,1,1,0.4,0.1,0,0,0,0.4,0,0.3,42.9
72,81,1,150.5,54.8,13,5,0,7.9,54.8,7.9,37.8,5697
72,82,1,243,104,28.3,7,2,18,102,22,74.1,9767.6
72,83,2,36,18.8,7,0,0,1.2,18.8,0,17.4,1788.4
72,88,1,1,0.5,0.1,0,0,0.1,0.5,0,0.4,51.8
72,100,1,1,0.4,0.1,0,0,0,0.4,0.1,0.3,47.3
72,101,2,92.5,46.5,20.9,1.9,2,5,44.5,9.9,34.7,4565.7
72,102,2,55,26,5,0,0,2,26,0,26,2763
72,126,1,7,3.4,1,0.1,0,0.6,3.4,0.6,3.1,384.5
72,127,3,31,15,4.5,0,0,0.9,15,1.7,14.1,1738.6
70,1,4,95,44.1,20.1,3.9,5.8,7.8,38.3,15.5,30.6,4858.8
70,2,2,160.5,65.8,18.2,4.2,1,8.2,64.8,8,40.5,7527.4
70,3,3,23,11.7,5.4,0.2,3.4,0.2,8.3,0.2,4.3,1326
70,5,2,12,5.9,2.1,0,0.1,0.4,5.8,0.5,4.8,635.2
70,6,1,88,37.1,12.2,3,2,2.4,35.1,6.8,26.9,4554
70,7,1,2,1.1,0.6,0,0,0.1,1.1,0.2,1.1,118.7
70,11,1,2,1.1,0.6,0,0,0.1,1.1,0.2,1.1,118.7
70,24,1,26,10.1,1.7,0.7,0.3,1,9.8,1.7,9.1,1249.4
70,25,2,47,21.8,6.8,0.8,0.3,1.1,21.5,4.7,18.8,2465.5
70,26,3,25,8.8,1.4,1.2,0.1,1.3,8.7,0.9,8.6,1007.3
70,50,2,169,71.6,18.3,4.7,1.7,7.4,69.9,6.1,64.2,7166.4
70,52,1,7,2.8,0.7,0.2,0,0.4,2.8,0.2,2.2,321.1
70,58,2,18,6.8,1.6,0.7,0,0.1,6.8,0.8,5.9,779.2
70,59,0,237.5,89,19,10,1,7,88,8,80,9725
70,60,3,16,7.6,2,0.2,0,1,7.6,0.4,6.9,835.7
70,68,0,48.5,28,15,2,19,2,9,7,7,2202
70,69,3,124.5,58.5,19.6,1.3,3,4.1,55.5,7.6,44.4,5599.3
70,70,2,88,38.6,9.4,2,2,3.1,36.6,3,26.4,3838.6
70,71,1,5,2,0.4,0.1,0,0.2,2,0.1,1.5,172.3
70,82,2,90,36.4,10.1,4.4,3,2.2,33.4,3.4,31.5,3428.6
70,83,1,176.5,84.5,24.1,3.6,0,6.4,84.5,3.6,78.8,7691.4
70,122,2,21,10.1,2.8,0.3,0,1.7,10.1,1.7,9.2,1153.6
71,1,2,2,1,0.4,0,0,0,1,0,0.8,114.8
71,2,1,3,1.6,0.8,0,0.5,0,1.1,0,0.5,185.7
71,5,1,7,3.3,1,0,0,0.2,3.3,0.3,2.3,376.6
71,6,2,65.5,30.3,9.7,2,0,3.2,30.3,6.5,22.6,3206.8
71,7,4,56,31.6,16,0,0,2.8,31.6,4.8,30.8,3323.6
71,24,1,2,0.8,0.1,0.1,0,0.1,0.8,0.1,0.7,96.1
71,25,2,21,8.2,1.3,0.5,0.3,0.8,7.9,1.3,7.4,1009.1
71,39,1,4,1.7,0.3,0,0,0.1,1.7,0.3,1.4,195.1
71,40,2,52,22.7,5.3,0,0,1.5,22.7,3.3,19.1,2415.9
71,41,1,2,0.9,0.1,0,0,0.1,0.9,0.1,0.7,97.5
71,45,2,14,7,2.7,0,0,0,7,1.1,5.4,1112.4
71,48,3,17,7.4,1.8,0.2,1.3,1.6,6.1,1.3,5.5,781.4
71,49,2,7,2.8,0.7,0.3,0,0.3,2.8,0.3,2.1,297.3
71,50,0,171,77,27,4,4,4,73,5,67,8756
71,51,2,11,4.3,1,0.4,0,0.4,4.3,0.4,3.3,467.2
71,53,1,2,0.8,0.2,0.1,0,0.1,0.8,0,0.6,91.7
71,57,1,5,1.6,0.1,0.4,0,0.1,1.6,0.2,1.4,172.6
71,58,1,278,96.7,13.6,11.8,0,8.6,96.7,7.1,73,10426.5
71,59,2,51.5,21.4,3.9,1.3,0,1.5,21.4,0.6,19.6,2647.5
71,60,3,25,11.2,3.3,0.7,0,1.3,11.2,0.7,10.4,1209.2
71,68,2,86.5,46.1,20.1,2,3,4.5,43.1,2.5,39.7,4189.1
71,69,0,31,14,3,0,0,2,14,4,9,1094
71,70,1,4,1.6,0.3,0.1,0,0.2,1.6,0.1,1.2,137.8
71,73,1,3,1.3,0.3,0,0,0.1,1.3,0.1,0.9,128.7
71,81,1,136,55.9,14,2,0,4.7,55.9,3.7,51.9,5460
71,82,0,350,165,61,6,2,19,163,20,122,16109
71,83,1,249.5,112.3,31.4,6,0,3.2,112.3,2,107.2,10840.9
71,121,3,18,7.9,1.8,0,0,0,7.9,0.5,6.7,734.6
71,122,2,106.5,51.7,14.4,1.5,5,4.2,46.7,8.2,43.1,6416.3
71,123,2,4,2,0.6,0,0,0.4,2,0.4,1.8,219.8
71,126,1,2,1,0.3,0,0,0.2,1,0.2,0.9,109.9
71,127,1,1,0.5,0.1,0,0,0,0.5,0.1,0.5,56.1
85,0,3,14,7.6,3.8,0.6,0,0.6,7.6,0,7,1067.2
85,2,1,2,1,0.3,0,0,0.1,1,0.1,0.8,116.6
85,15,1,4,1.6,0.6,0.1,0,0,1.6,0.2,1.3,197.9
85,16,2,3,1.2,0.4,0,0,0,1.2,0.1,1,148.4
85,17,1,8,3.3,1.1,0.2,0.1,0.1,3.2,0.4,2.7,395.7
85,26,3,13.5,5.4,1.1,0.3,0,0.8,5.4,0.3,4.6,600.1
85,27,3,56,24.8,9.2,0,0,1.8,24.8,4,23.8,3303.6
85,47,1,10.5,4.4,1.5,0.2,0,0.4,4.4,0.2,4.4,580.7
85,48,1,1,0.4,0.1,0,0,0,0.4,0,0.4,55.3
85,69,1,216,106.4,34.8,3,7.9,8,98.5,13,88.6,8875.4
85,70,0,149.5,76,27,1,0,6,76,3,72,6959
85,71,1,4,1.8,0.5,0,0,0.3,1.8,0.2,1.3,262
85,72,1,92,37,8.1,3,2,6.1,35,12.4,13.6,3071.5
85,73,1,272.5,106,30.7,15,10,11,96,23,86.7,8805.3
85,74,0,621.5,357,194,11,278,49,79,147,80,20951
85,75,0,975.5,480,266,41,433,74,47,208,8,34051
85,76,1,181,73.1,14.9,5.6,0.6,4,72.5,3.3,71.5,8383.1
85,77,0,299,143,46,5,9,11,134,14,116,13396
85,78,1,101,43.4,13.7,6.2,4,3,39.4,5.2,35.3,4928.6
85,79,1,275,128,32.1,5,0,6.5,128,5.5,127,12399.2
85,80,2,67,35.9,10,0,1.2,0.8,34.7,0.8,33.7,3498.1
85,116,1,13,5.5,1.5,0.3,0.1,0.1,5.4,0.1,4.8,645.2
85,117,1,12,5,0.7,0,0.2,0.4,4.8,0.3,4.7,586.2
85,118,1,5,2.1,0.3,0,0.1,0.2,2,0.1,2,244.3
85,119,2,125.5,49.6,8.7,3,0.3,6.1,49.3,3.6,41.9,5205.9
85,120,2,35,16.7,5.9,0.3,0.3,1.6,16.4,0,12.4,1768.3
85,121,2,4,1.8,0.6,0,0,0.1,1.8,0,1.5,200.5
84,2,1,46,21.9,9,1,0,1.3,21.9,4.5,18.1,2282.3
84,3,1,5,2.4,0.6,0,0,0.2,2.4,0.3,1.9,291.5
84,27,1,5,2.2,0.8,0,0,0.2,2.2,0,2.2,284.4
84,46,1,16,6.5,2,0.7,1.3,0.3,5.2,1.3,5.2,759.8
84,47,2,74,33.8,13.4,2.4,0,0.7,33.8,3.4,30.8,4014.9
84,48,1,4,1.7,0.6,0.1,0,0.2,1.7,0.1,1.7,221.2
84,70,0,76.5,36,10,1,0,0,36,0,36,3447
84,71,0,132.5,46,7,6,0,2,46,7,39,4757
84,72,1,489,206,63.1,19,0,26.1,206,36.4,162.6,19506.5
84,73,0,466.5,165,48,31,22,20,143,39,101,14732
84,74,0,492,256,129,14,180,32,76,90,53,17294
84,75,0,868.5,436,223,34,415,67,21,200,1,27312
84,76,1,320.5,176.3,93.7,6.5,100.5,15,75.8,46.2,57.8,11986.3
84,77,0,364.5,161,52,9,1,13,160,17,141,15106
84,78,2,190,77.3,19.8,5.2,0,3,77.3,6.9,70.8,7206.9
84,79,2,63,32.6,9.2,0.2,0.3,2.2,32.3,2.4,31.2,2904.9
84,115,2,28,11.9,3.3,0.7,0.3,0.3,11.6,0.3,10.3,1389.7
84,116,1,128,54.4,19.7,1.3,5.2,6.2,49.2,6.2,43.5,5793.5
84,117,1,2,0.8,0.1,0,0,0.1,0.8,0,0.8,97.7
84,118,1,48,17.6,2,1,0.2,3.6,17.4,0.4,17.2,2150.7
84,119,0,240.5,104,29,4,17,7,87,12,81,11203
84,120,2,180,80.2,23.4,3.4,0.4,4.4,79.8,6,53.4,7731.8
96,34,2,10,3.9,1.4,0.4,0,0.4,3.9,0.6,3.5,432.3
96,42,2,25,10,3.1,0.8,0.2,0.6,9.8,2,8.8,1110.6
96,43,3,65,27.2,8.4,1.9,1.2,2.6,26,6.4,23.9,2929.8
96,44,1,5,2,0.6,0.2,0,0.1,2,0.4,1.8,222.1
96,51,1,12,4.9,0.8,0.4,0,0.4,4.9,0.4,4.9,535.1
96,53,1,7,2.9,0.7,0.2,0,0,2.9,0.2,2.6,341.5
96,54,0,103,44,15,2,3,5,41,7,29,4974
96,55,1,82.5,36.3,12.4,1.2,0,4,36.3,1,27.9,3596
96,56,2,32,15,5,0.3,0,0,15,0,11.4,1300.4
96,57,1,33,14.7,4,0,7,2.3,7.7,2.3,5,1797
96,58,1,67.5,33,9.3,0,0,3.1,33,3.1,27.9,2832
96,59,1,32,15.9,5.3,1,0.2,0,15.7,1,15.8,1698.7
96,62,1,4,1.7,0.5,0.1,0,0,1.7,0.1,1.1,143.7
96,63,1,107,55.7,23.2,3.2,9,7,46.7,9.2,36.6,5243.3
96,64,1,184,82.8,22.3,5.1,7,6,75.8,5.1,67.6,7861.8
96,65,3,29,11.3,2,1,0,1,11.3,0.5,9.2,1160
96,80,3,32.5,13.6,2.9,0.6,0,0.6,13.6,0,13.6,1495
96,81,1,50,17.8,1.8,1.2,0,0.2,17.8,0,17.8,2131
96,82,0,97,44,12,2,4,3,40,0,39,5156
96,83,1,2,0.7,0,0.1,0,0,0.7,0,0.7,74.2
96,98,1,2,0.7,0.2,0.1,0,0.1,0.7,0.2,0.2,72.6
96,102,3,42,18.2,1,0,0,2.8,18.2,2,18.2,2081.8
96,103,1,2,0.9,0,0,0,0.1,0.9,0.1,0.9,99.1
96,104,1,1,0.5,0.2,0,0.1,0,0.4,0,0.3,48.1
96,105,3,72,34.4,11.7,2.3,1.7,0.9,32.7,1.9,25.3,3745.4
96,106,0,207,97,35,2,11,13,86,12,67,9308
96,107,2,66,33.9,10.7,0.9,0,1.8,33.9,2.7,25.9,3101.1
96,110,2,20.5,9,2.6,0,2.6,0.5,6.4,1.6,5.3,976.1
96,111,1,3,1.3,0.4,0,0.4,0.1,0.9,0.2,0.8,142.8
96,118,1,7,2.9,0.7,0.1,0.4,0.4,2.5,0,2.5,363.3
96,119,1,8,3.3,0.8,0.2,0.5,0.5,2.8,0,2.8,415.2
95,42,1,13,5.2,1.6,0.4,0.1,0.3,5.1,1.1,4.6,577.5
95,56,0,26,12,4,0,0,2,12,0,11,1075
95,57,0,272.5,126,50,7,10,9,116,14,100,12801
95,58,1,386.5,196,90.7,8,46.5,19,149.5,31.4,122.5,17531.3
95,59,0,136,62,19,4,5,2,57,8,52,5535
95,63,2,159.5,64.6,12.1,4.9,0,8.6,64.6,6.4,51,6810.5
95,64,2,149,70.9,21.3,2.1,0,4.2,70.9,5.2,63.2,7109.7
95,65,1,10,3.9,0.7,0.4,0,0.4,3.9,0.2,3.2,400
95,71,1,11,4.8,0.8,0.2,0.3,0.3,4.5,0.2,4.5,520.6
95,72,0,35,14,1,0,0,0,14,0,14,1459
95,73,1,8,3.5,1.5,0.5,0,0.2,3.5,1,2.8,301
95,82,1,9,3.3,0,0.4,0,0.2,3.3,0,3.1,333.9
95,105,1,9,4.2,1.5,0.4,0.6,0.3,3.6,0.3,2.3,433.1
95,106,1,1,0.5,0.2,0,0.1,0,0.4,0,0.3,48.1
94,11,2,9,3.6,1.3,0.5,0.2,0.4,3.4,0.2,3.3,489.1
94,35,1,4,1.5,0.5,0.2,0,0.2,1.5,0.2,1.4,172.9
94,36,1,7,2.7,0.9,0.3,0,0.3,2.7,0.4,2.4,302.6
94,56,1,3,1.2,0.3,0.1,0,0,1.2,0.1,1.1,146.3
94,57,2,21.5,10.2,3.4,0,2,0,8.2,0.5,8.2,1104.4
94,58,0,95,40,13,2,0,4,40,3,32,3701
94,59,1,66,26.9,7.6,2,0.4,3,26.5,4.1,23.5,2099.5
94,62,2,7,2.8,0.7,0.3,0,0.2,2.8,0.2,2.4,321.5
94,63,4,55.5,21.9,5.1,2.6,0,2,21.9,1,18.8,2549.3
94,64,1,1,0.4,0.1,0,0,0,0.4,0,0.3,45.9
94,65,1,2,1.1,0.2,0,0,0.1,1.1,0.1,1,109.9
94,66,1,1,0.6,0.1,0,0,0.1,0.6,0,0.5,55
94,71,2,101.5,39.9,9.9,3.4,0.8,2.8,39.1,1.4,37.1,4417.6
94,72,1,275,124.5,35.5,4.5,2,12.8,122.5,11,108.2,12152
94,73,0,79.5,39,14,1,0,5,39,5,32,4090
94,85,2,7,3.1,0.7,0.1,0.2,0.1,2.9,0,2.8,365.1
94,86,3,40,17.5,4,0.9,0.9,0.9,16.6,0,16.2,2086.5
94,87,1,8,4,1.2,0,0,0.5,4,0.5,3.2,459.8
94,122,1,2,0.8,0.2,0,0,0,0.8,0.1,0.7,86.6
94,123,1,5,2.1,0.4,0.1,0,0.1,2.1,0.3,1.7,216.5
94,125,1,2,0.8,0.2,0,0,0,0.8,0.1,0.7,86.6
88,38,3,72.5,34.3,10,1.8,5.5,5.5,28.8,6.3,28,3910
88,39,1,2,0.9,0.2,0,0.1,0.1,0.8,0.2,0.8,107.2
88,69,1,51,23.5,10.2,2.1,9.6,6.1,13.9,6.3,10.6,2263.5
88,70,3,89.5,40,16.5,3.1,23.2,7.1,16.8,6.6,14.2,4113
88,71,1,17,7.4,3.3,0.8,1.2,0.8,6.2,1,5.1,825.6
88,81,1,146,68.4,25.6,1,18,8.5,50.4,7,41.4,7286.4
88,82,1,180,86.5,29.3,3,4,5.3,82.5,3.2,80.2,9497.7
88,83,2,197,87.5,16.4,2,0,4.4,87.5,5.7,81,8550.7
88,89,1,4,2.1,0.9,0,0,0.1,2.1,0,2.1,258.6
88,122,2,9,4.2,1.7,0.4,0.4,0.4,3.8,0,3,423.4
88,123,1,3,1.4,0.6,0.1,0.1,0.1,1.3,0,1,141.1
88,124,2,28,13.4,4.7,0.7,0.7,1.3,12.7,1.7,9.7,1157.5
88,125,1,66,30.1,11.4,2.2,1.2,2.4,28.9,5.5,23,2305.4
88,126,1,59,25.6,7,0.4,0.4,0.9,25.2,1.1,23.3,2533.1
88,127,1,7,2.9,1.2,0.2,0,0,2.9,0.2,2.5,346.6
90,0,3,30,14.9,5.7,0.6,0,2.1,14.9,1,14.3,1926.7
90,1,1,4,2,0.8,0.1,0,0.3,2,0.1,1.9,256.9
90,65,1,5,2.5,1.1,0.1,0.1,0.3,2.4,0.3,2,214.5
90,66,2,26,13.2,5.4,0.5,0.8,1.5,12.4,1.5,10.4,1115.6
90,67,0,24.5,14,6,0,0,5,14,5,2,1110
90,68,2,5,2.2,0.6,0,0,0.2,2.2,0.1,2.2,241.9
90,82,1,2,0.7,0,0,0,0,0.7,0.1,0.7,86.4
90,123,1,188,96.4,49.6,6.1,69.1,12.1,27.3,32,20,7081.1
90,124,0,291.5,148,68,8,85,19,63,45,44,11890
90,125,1,106,60.8,33.7,3.2,33.2,7.5,27.6,17.6,27.5,5696.4
90,126,0,379,181,75,9,57,23,124,30,92,19466
90,127,0,225.5,104,37,6,13,9,91,15,81,10368
91,23,1,6,2.7,0.7,0.1,0,0,2.7,0,2.5,343.4
91,45,2,18,6.5,1.1,0.5,0.3,1.1,6.2,0.5,4,857.5
91,46,2,61,24.6,6.4,1.7,0.3,2.4,24.3,1.7,20.4,2988.4
91,65,1,18.5,9.4,3.9,0.4,0.5,1.1,8.9,1.1,7.4,793.8
91,66,1,22.5,11.4,4.7,0.4,0.6,1.3,10.8,1.3,9,965.5
91,67,2,75,34.2,11.8,1,2,3.3,32.2,6.3,26,3476.4
91,68,2,36,13.4,2.1,0,0,0.7,13.4,0.7,12.7,1600.2
91,70,1,10,3.6,0.2,0.2,0,0.2,3.6,0,3.3,471.2
91,122,2,4,1.7,0.4,0,0,0,1.7,0,1.6,191.6
91,123,3,70,26.2,6.9,4.4,0.4,1.4,25.8,3.4,19.1,2641.4
91,124,2,237.5,134.2,74.6,3.4,116.8,7.2,17.4,5.7,18.9,10999.3
91,125,1,101,49.2,21.2,1.5,17.5,5.2,31.7,7,26.2,4331
91,126,2,126,58.6,22,2.6,14,2.2,44.6,6.2,36,6587.6
91,127,3,59,31.4,12.7,0,0,1,31.4,2.6,30.4,3578.1
86,2,1,2,1,0.3,0,0,0.1,1,0.1,0.8,116.6
86,15,2,24,9.8,3.4,0.5,0.3,0.3,9.5,1.1,8.1,1187.2
86,16,2,68,31.1,12.8,1,0.5,0.5,30.6,3.9,27.2,3913.5
86,31,3,11,5.6,2.9,0.3,0,0,5.6,0.8,5.4,687.6
86,41,3,43,22,8,0,3.1,2,18.9,4,14.9,2476
86,42,3,30,12.2,3.7,1.3,2.4,0.6,9.8,2.4,9.8,1424.8
86,69,0,333,152,54,9,0,19,152,21,125,12433
86,70,0,213,113,45,2,0,18,113,12,77,8752
86,71,1,60.5,28.5,7.1,2,0.1,7.1,28.4,8.1,14.3,2601.2
86,72,2,34,15.1,3.2,0,0,1.9,15.1,0,14.5,1587.3
86,73,1,676,374.9,219.2,21,374,53.1,0.9,192,0.9,24195.4
86,74,0,171.5,109,71,1,109,21,0,59,0,6331
86,75,1,10,3.8,0.6,0.6,0,0.2,3.8,0,3.8,456.2
86,76,2,42,16.1,2.4,2.4,0,0.8,16.1,0,16.1,1915.9
86,77,0,116,55,15,3,0,4,55,1,55,5539
86,78,1,9,4,0.9,0,0,0.5,4,0.5,4,358.8
86,79,1,10,4,0.6,0.1,0.1,0,3.9,0.2,3.8,470.9
86,80,1,22,8.9,1.4,0.2,0.2,0,8.7,0.5,8.4,1035.9
86,81,1,27,10.9,1.7,0.3,0.3,0,10.6,0.6,10.3,1271.3
86,82,1,4,1.3,0.1,0.1,0.1,0.2,1.2,0.1,1.1,161.2
86,121,1,2,0.8,0.1,0,0,0.1,0.8,0,0.8,97.7
87,1,1,2,1.1,0.5,0.1,0,0.1,1.1,0,1,152.5
87,16,1,5,2,0.7,0.1,0,0.1,2,0.2,1.7,247.3
87,31,2,48,21.3,7.2,0.7,0,2,21.3,4.3,18.7,2473.3
87,38,3,11,4.6,1,0,0,0.4,4.6,0.4,4.6,489.5
87,39,1,71,30.4,5.2,1,2,2.4,28.4,4.4,28.4,3249.6
87,69,1,110,48.6,16.1,2,27.3,7.5,21.3,3.8,15.4,3949.3
87,70,1,194.5,104,45.7,0,63.8,22.2,40.2,22,40.9,8377.1
87,71,2,45,21,6,0,0.9,2.3,20.1,4.2,17.5,2001.5
87,81,2,131.5,62.1,19.2,0.4,8.3,8,53.8,9.7,45.4,6142
87,82,1,198,91.1,32.6,4.6,19.6,8.9,71.5,5.3,62.8,8957.1
87,83,2,37.5,12.6,1.1,1.1,1.1,1.6,11.5,0.5,10.4,1510.9
87,122,1,2,1,0.3,0,0,0,1,0,0.8,100.2
87,125,1,4,1.9,0.6,0,0,0.1,1.9,0,1.5,200.3
87,126,1,1,0.5,0.2,0,0,0,0.5,0,0.4,50.1
92,23,4,50,22.5,5.8,0.8,0,0,22.5,0,20.8,2861.7
92,24,1,3,1.4,0.4,0,0,0,1.4,0,1.2,171.7
92,26,1,1,0.4,0.1,0,0,0,0.4,0,0.4,57.2
92,27,1,3,1.2,0.3,0,0.1,0.1,1.1,0.2,1,161.9
92,28,1,3,1.2,0.3,0,0.1,0.1,1.1,0.2,1,161.9
92,36,1,1,0.4,0.1,0,0,0,0.4,0.1,0.3,43.2
92,45,1,2,0.7,0.1,0.1,0,0.1,0.7,0.1,0.4,95.3
92,46,3,23,8.2,1.3,0.8,0.3,1.3,7.9,0.8,5.1,1095.8
92,66,2,32.5,16.5,6.9,0.6,1,1.9,15.5,1.9,13,1394.6
92,67,0,22,12,6,0,0,1,12,3,12,1100
92,68,0,49,20,4,0,0,1,20,0,20,2162
92,69,0,132.5,52,14,5,0,1,52,4,43,6239
92,70,1,199.5,81.4,10.8,2.8,0,5.8,81.4,3,58.7,8776.8
92,71,0,120,57,17,2,0,6,57,5,46,6218
92,72,2,130,56,13.9,1.9,2,4,54,6.9,47,5483.7
92,73,1,32,15,4.1,0.1,5,1,10,2.1,8.9,1349.3
92,85,2,117,51.4,8.9,0,0,2,51.4,0,48.9,5130.8
92,86,1,12,5.7,1.1,0,0,0,5.7,0,5.1,592.2
92,87,3,22.5,12.1,4.8,0,0,0.6,12.1,0,12.1,1454.4
92,88,2,10,5.3,2.1,0,0,0.2,5.3,0,5.3,646.4
92,112,1,3,1.4,0.4,0,0,0,1.4,0,0.9,168.5
92,113,2,33,14.9,4.3,0.5,0,0,14.9,0.5,9.6,1853.3
92,114,2,18,8.2,2.3,0.3,0,0,8.2,0.3,5.3,1010.9
92,115,1,8,3.6,1,0.1,0,0,3.6,0.1,2.3,449.3
92,123,2,25,10.8,2.8,0.3,0.3,0.3,10.5,0.3,9.7,1197.6
92,124,1,15,6.5,1.7,0.2,0.2,0.2,6.3,0.2,5.8,718.5
92,125,1,14,6.8,3,0.5,2.3,0.2,4.5,0.9,4,698.1
92,126,1,2,1,0.4,0.1,0.3,0,0.7,0.1,0.6,99.7
89,0,2,8.5,4.2,1.6,0.2,0,0.6,4.2,0.3,4,545.9
89,38,2,6,2.7,0.7,0.1,0.3,0.3,2.4,0.5,2.3,321.7
89,68,1,5,2.3,0.6,0,0,0.2,2.3,0.1,2.3,246.8
89,69,2,58,26,6.9,0,0,1.5,26,1.8,26,2690.8
89,80,1,4,1.6,0.5,0,0,0.1,1.6,0.2,1.4,197.4
89,81,2,15,6,1.8,0,0,0.3,6,0.7,5.3,740.3
89,82,2,23,8.4,0.2,0,0,0.2,8.4,1,8.1,993.1
89,83,0,62,28,5,0,0,1,28,1,25,2551
89,88,1,1,0.5,0.2,0,0,0,0.5,0,0.5,64.6
89,123,1,161.5,68.9,17.7,4.2,20.2,8.2,48.7,13,40.3,6454.2
89,124,3,41,19.4,7.3,1.5,1.6,1.9,17.8,1,13.7,1831.9
89,125,0,56,35,23,1,15,4,20,8,15,1827
89,126,1,77.5,36,10.3,2,5.1,2.1,30.9,2.1,28.7,3773.7
89,127,2,80,42.2,15.8,0.3,2,2,40.2,3.3,38.5,4379.1
55,6,1,1,0.4,0.1,0,0,0,0.4,0,0.4,56.1
55,12,3,54,28.4,11.8,0.9,1,2.9,27.4,5.3,22.1,3110.6
55,13,2,25,11.6,4.7,0.4,0,0.4,11.6,1.8,9.9,1275.9
55,14,3,12,5.4,1.8,0.2,0,0.2,5.4,0.6,4.7,611.5
55,15,1,27,12.8,2.2,0.1,0,4.1,12.8,0.1,11.8,1160.7
55,42,4,37,16.4,5.2,0.5,0,0.9,16.4,2.4,13.9,1972.8
55,45,1,2,0.8,0.1,0,0,0,0.8,0,0.7,101.1
55,46,1,11,4.2,0.8,0,0,0.2,4.2,0.2,3.6,556
55,47,1,3,1.1,0.2,0.1,0,0.1,1.1,0.2,1.1,120.1
55,61,1,2,0.9,0.1,0,0.1,0.1,0.8,0.1,0.6,91.4
55,65,2,3,1.5,0.6,0,0,0.1,1.5,0.2,1.2,164.9
55,69,1,3,1.5,0.8,0.1,0,0.1,1.5,0.2,1.4,172.4
55,70,1,3,1.3,0.3,0,0,0.2,1.3,0,1.2,154.8
55,74,1,6,2.3,0.4,0.3,0,0,2.3,0.4,1.8,261.7
55,75,2,7,2.7,0.4,0.4,0,0,2.7,0.4,2.1,305.3
55,78,2,33,16.4,4.7,0.4,0,2.1,16.4,3,12.1,1695.5
55,79,2,137,63.3,21.7,4.9,1,7,62.3,7.6,50.1,6988.7
55,80,1,3,1,0.2,0.1,0,0.1,1,0.4,0.9,102.6
55,90,2,11,4.2,1.1,0.5,0,0,4.2,0.3,3.9,436.7
55,91,2,38,14.6,3.8,1.5,0,0.2,14.6,1,13.3,1508.6
55,111,1,2,0.9,0.3,0,0,0,0.9,0.1,0.9,126.3
56,7,1,5,2,0.4,0.2,0,0,2,0.2,2,280.7
56,11,1,4,1.6,0.3,0.1,0,0,1.6,0.1,1.6,224.6
56,12,0,261,114,40,8,4,7,110,24,77,13337
56,13,1,36,17.7,8.9,1.2,1,0.2,16.7,3.7,12,1952.3
56,26,1,21.5,7.6,0.9,0.9,0,1.4,7.6,0.5,6.1,817.5
56,64,2,6,2.9,1.2,0.1,0,0.2,2.9,0.3,2.4,329.7
56,65,1,134.5,69.3,22.4,0.2,1,6.4,68.3,8.9,60.9,7353.3
56,66,1,61.5,29.1,11.3,0.4,0,2.7,29.1,3.4,21,2910.9
56,78,1,4,1.5,0.2,0.2,0,0.1,1.5,0.5,1.3,167.9
56,79,2,117.5,45.2,12,6.6,0,8.2,45.2,18.5,41.2,4483.4
56,80,1,48,20.4,6.7,1.4,0,2.4,20.4,5.6,12.8,2092.7
56,81,2,9,3,0.5,0.3,0,0.3,3,1.1,2.6,307.8
56,91,1,2,0.8,0.2,0.1,0,0,0.8,0.1,0.7,79.4
56,92,1,3,1.3,0.6,0.1,0,0,1.3,0.3,0.8,124.7
56,109,1,5,2.3,0.7,0.1,0,0,2.3,0.3,2.2,315.8
56,110,3,66,33.2,13.8,0.7,0,0,33.2,5.3,30,4506.2
56,111,4,45,20.9,6.6,0.8,0,0,20.9,2.6,19.6,2842.1
56,123,2,9,3.3,0.7,0.2,0.3,0.2,3,0.2,2.7,453.8
56,124,1,32,16.4,7.1,0.3,0.6,0.3,15.8,2.3,9.6,1902.3
23,19,1,11,5.5,2,0,0.3,0.4,5.2,0.9,5,587.5
23,44,1,4,1.9,0.8,0.1,0.1,0,1.8,0.5,1.7,233.5
23,45,2,10,4.9,2,0.3,0.3,0,4.6,1.3,4.4,583.9
23,46,1,6,2.9,1.2,0.2,0.1,0,2.8,0.8,2.6,350.3
23,54,2,29,16.8,8.8,0.4,0,2.3,16.8,1.6,12.5,1869.2
23,55,1,1,0.4,0.1,0,0,0,0.4,0.1,0.3,46
23,72,1,4,2,0.8,0,0.3,0.1,1.7,0.4,1.6,219.3
23,74,1,30,14.1,5.5,1.2,0,0.1,14.1,2.3,11.9,1709.3
23,75,2,51,23.8,7.2,1.7,0,0.3,23.8,2.9,23.4,3237.3
23,84,2,40,17.2,6.4,2.2,0,1.3,17.2,1.3,14.3,1810.1
23,85,4,33,15.5,5,0.5,0,1,15.5,1,12,1811.6
23,93,1,6,2.4,0.5,0.1,0,0.2,2.4,0.1,2.1,248
23,94,1,89,37.5,8.7,3.3,0,3.6,37.5,6.3,30.6,3891.3
23,95,1,48,20.4,2.3,0.4,0,0.4,20.4,0,19.5,2083.1
23,99,1,40,22.7,14.5,1.1,0,0,22.7,3,19.5,2272.4
23,100,2,27,11.4,3.5,0.9,0,0,11.4,0,10.5,1197.6
23,107,3,110,51.8,20.9,2.7,8.8,4.7,43,3.6,36.5,6144.2
23,108,1,126,59.9,23.3,4.1,13,5.1,46.9,5.1,36.7,5942.2
23,109,3,66,31.6,7.9,2.1,0.1,0.1,31.5,0.2,29.3,3473
23,110,1,2,1.1,0.3,0,0,0,1.1,0,1,133.3
23,121,1,74.5,28.7,4.4,1.2,0,3.3,28.7,1.1,26.4,3637.6
23,122,2,24.5,9.4,1.5,1.5,0,1.5,9.4,0.9,8.4,1241.4
24,45,2,12,5.9,2.4,0.3,0.3,0,5.6,1.6,5.2,700.7
24,46,1,1,0.5,0.2,0,0,0,0.5,0.1,0.4,58.4
24,47,1,2,1,0.4,0.1,0.1,0,0.9,0.3,0.9,116.8
24,52,1,1,0.4,0.1,0,0,0,0.4,0.1,0.3,51.8
24,53,1,1,0.4,0.1,0,0,0,0.4,0.1,0.3,51.8
24,54,3,36,14.4,4.3,1.5,0,0.6,14.4,4.2,11.2,1679.2
24,55,3,14,5.6,1.6,0.6,0,0.2,5.6,1.6,4.3,644
24,72,3,15,7.5,3.1,0,1.1,0.3,6.4,1.4,6.1,822.3
24,73,3,16.5,8.3,3.4,0,1.1,0.2,7.2,1.6,6.7,904.5
24,74,3,26.5,12.6,4.5,0.3,1.4,0.5,11.2,2.3,10.7,1432.7
24,75,2,131,53.5,12.8,4.9,1,3.9,52.5,5.8,44.1,6066.9
24,76,1,8,3.3,0.7,0.4,0,0.2,3.3,0.5,3.1,419.6
24,84,2,10,4.7,1.6,0.1,0,0.3,4.7,0.3,3.6,549
24,85,1,27,12.9,5.6,1.1,0,1.1,12.9,2.1,11.5,1456.6
24,93,1,79.5,26.9,1.8,4.3,0,4.6,26.9,3.3,12,2834.7
24,94,3,56,24,5.4,0.5,0,0.8,24,0.3,19.7,2368.3
24,104,1,3.5,1.4,0.3,0,0,0,1.4,0,1.3,151.4
24,105,2,21,8.1,1.5,0.3,0,0,8.1,0.3,7.6,908.3
24,106,1,105,46.3,9.8,0.1,0,5,46.3,4.1,39.9,4873.8
24,107,1,1,0.5,0.2,0,0,0,0.5,0.1,0.4,63.1
24,109,1,2,1.1,0.3,0,0,0,1.1,0,1,133.3
24,120,1,22,8.4,1.2,0.6,0,0.9,8.4,0.3,7.4,1023.5
24,121,3,91.5,34,4.4,3.1,0,3.7,34,1.6,31.2,4235
24,122,3,59.5,22.8,3.3,3.3,0,1.3,22.8,2,19.9,2732.4
25,25,1,11,4.7,1.1,0.2,0,0.6,4.7,0.1,4.5,471.8
25,26,2,10,4.3,1,0.2,0,0.5,4.3,0.1,4.1,428.9
25,54,1,5,2,0.6,0.2,0,0.1,2,0.6,1.5,230
25,55,1,11,4.4,1.3,0.5,0,0.2,4.4,1.3,3.4,506
25,56,1,6,2.5,0.8,0.1,0,0.1,2.5,0.7,2,310.8
25,74,2,118,51.2,14,3,1.2,5.6,50,10.6,34.2,5113.8
25,75,1,7,2.9,0.6,0.3,0,0.2,2.9,0.5,2.7,367.2
25,76,3,53,24.5,5.4,0.2,1.8,0.5,22.7,2.7,22.3,2357
25,95,3,37,16.2,6.2,1.6,0,0.9,16.2,2.3,11.5,1784.2
25,96,2,54,24.7,7,0.8,0,1.5,24.7,0.7,22.5,2506.4
25,104,1,17,6.6,1.2,0.2,0,0,6.6,0.2,6.1,735.3
25,105,1,117,38.1,3.9,5.1,0,7,38.1,9.1,8.7,3852.3
25,106,2,32,12.4,2.3,0.4,0,0,12.4,0.4,11.5,1384
25,122,1,2,0.8,0.1,0.1,0,0.1,0.8,0.1,0.7,101.3
26,26,3,31,13.3,3.1,0.6,0,1.5,13.3,0.3,12.7,1329.6
26,29,2,7,3.5,1.2,0.1,0,0.3,3.5,0.5,3.2,410.6
26,55,2,9,3.8,1.2,0.2,0,0.2,3.8,1,3,466.2
26,56,1,4,1.7,0.5,0.1,0,0.1,1.7,0.4,1.3,207.2
26,80,1,19,9.2,3,0,0,0.5,9.2,0,7.1,1084
26,81,4,33.5,16.2,5.3,0,0,0.7,16.2,0,12.7,1911.3
26,82,3,10,4.6,1.5,0.1,0,0.4,4.6,0.4,3.6,549
26,117,2,50,18.4,5.6,3.1,0,1.1,18.4,0.1,15.3,2017
26,118,1,20.5,7.6,1.3,0.3,0,0.3,7.6,0.3,7.3,965.9
26,125,1,3,1.2,0.2,0.1,0,0,1.2,0.1,1.1,161.5
26,126,1,18,7,1.2,0.8,0,0,7,0.4,6.6,968.9
27,13,1,6,3,1.1,0,0.1,0.2,2.9,0.5,2.7,320.4
27,25,1,2,0.9,0.2,0,0,0.1,0.9,0,0.8,85.8
27,26,3,80.5,34.7,7.6,0.9,0,4.2,34.7,2.4,30.8,3539
27,27,2,16,7.9,2.8,0.4,0,0.8,7.9,1.2,7.5,938.7
27,55,2,11,4.6,1.5,0.2,0,0.2,4.6,1.3,3.7,569.8
27,80,2,24,11.6,3.7,0,0,0.5,11.6,0,9.1,1369.3
27,81,2,5,2.4,0.8,0,0,0.1,2.4,0,1.9,285.3
27,90,1,1,0.4,0.1,0,0,0,0.4,0,0.4,49.7
27,91,3,4,1.7,0.5,0.1,0.1,0,1.6,0.1,1.7,198.7
27,97,2,14,4.8,0.5,0.5,0,0,4.8,0.9,4.6,546.9
27,98,1,14,4.9,0.6,0.6,0,0,4.9,0.9,4.6,546.9
27,117,2,58.5,23.5,4.9,0.5,0,1.5,23.5,0.5,23.1,2784.6
27,126,2,63.5,24.9,4.7,2.1,0,1,24.9,0.5,24.3,3603.6
27,127,2,30,14,4,0,0,3,14,1,14,1693
28,12,4,18,8.6,4.7,0.7,0.8,0.7,7.8,1.6,5.4,890.6
28,13,1,4,1.9,1,0.2,0.2,0.2,1.7,0.3,1.2,197.9
28,26,2,68,29.4,10.1,2.3,0.1,5.3,29.3,3.3,18.6,3312.8
28,27,2,10,4.1,0.6,0.4,0,0.2,4.1,0.2,3.9,531.6
28,59,1,1,0.5,0.2,0,0,0,0.5,0,0.4,52.3
28,62,1,2,1,0.4,0,0,0.1,1,0.1,0.8,104.7
28,81,1,3,1.2,0.3,0.1,0,0,1.2,0.1,1,127.9
28,96,2,45,19.4,5.4,0.2,0,1.2,19.4,2.4,16.2,2113.8
28,97,1,161,64,11.7,4,0,5,64,2,56.3,7215.3
28,98,1,50,17.3,0.1,2,0,2,17.3,2,15.2,1828.9
28,106,1,29,10.9,3.6,2.2,0,0.7,10.9,1.4,10.2,1376.8
28,107,2,7,2.4,0.7,0.4,0,0.1,2.4,0.3,2.1,265.6
28,126,1,2,1,0.3,0.1,0,0.2,1,0.1,0.9,139.1
28,127,1,1,0.5,0.1,0,0,0,0.5,0,0.4,53.4
29,2,1,2,0.8,0.2,0.1,0,0.1,0.8,0.1,0.7,100.2
29,3,1,2,0.8,0.2,0.1,0,0.1,0.8,0.1,0.7,100.2
29,12,1,1,0.5,0.3,0,0.1,0,0.4,0.1,0.3,49.5
29,25,1,2,0.8,0.2,0.1,0,0,0.8,0.1,0.7,98.5
29,26,4,61,24.7,5.8,2.2,0.7,1.4,24,2.2,20.4,3004.2
29,27,2,14,5.7,0.9,0.5,0,0.3,5.7,0.3,5.4,744.3
29,28,1,2,0.8,0.1,0.1,0,0,0.8,0,0.8,106.3
29,47,1,1,0.7,0.4,0,0,0.1,0.7,0.1,0.6,81.1
29,96,1,207.5,100.9,39.5,3.7,0,4.8,100.9,7.3,64.2,8708.7
29,97,2,8,2.6,0.2,0,0,0,2.6,0,2.4,367.8
29,100,3,87.5,33.8,7.6,4.4,1.4,1,32.4,0,33.1,3613.3
29,105,1,4,1.5,0.5,0.3,0,0.1,1.5,0.2,1.4,189.9
29,106,1,2,0.8,0.2,0.2,0,0,0.8,0.1,0.7,95
29,111,1,23,7.8,2.2,1.5,0,0.4,7.8,1.1,7,872.5
34,2,1,2,0.8,0.1,0,0,0.1,0.8,0,0.7,96.2
34,3,2,23,8.9,1.5,0.3,0.3,0.7,8.6,0.3,7.8,1106.1
34,4,1,9,3.5,0.6,0.1,0.1,0.3,3.4,0.1,3.1,432.8
34,19,2,51,19.9,5.4,1,0,0.9,19.9,2.5,13.8,2489.1
34,20,3,36,16.9,5.4,0.8,0,1.9,16.9,2.9,13,1937.3
34,21,1,5,2.3,0.7,0.1,0,0.3,2.3,0.4,1.8,269.1
34,29,1,1,0.4,0.1,0,0,0,0.4,0,0.4,53.2
34,45,2,12,5,1.6,0.6,0,0,5,0.4,4.4,628
34,47,1,2,1.4,0.9,0,0,0.1,1.4,0.1,1.2,162.1
34,51,2,3,1.5,0.5,0,0,0,1.5,0,1.2,140.9
34,52,3,20,10.2,3.8,0,0.4,0.9,9.8,0.9,8,1046.8
34,53,2,20,10.2,3.8,0,0.4,0.8,9.8,0.8,8.1,1046.8
34,54,1,3,1.5,0.6,0,0,0.1,1.5,0.1,1.2,157
34,72,1,2,0.9,0.2,0,0,0,0.9,0,0.7,107.9
34,73,2,26,11.1,3,0.5,0,0,11.1,0,9.6,1402.5
34,74,2,6,2.6,0.7,0.1,0,0,2.6,0,2.2,323.7
34,92,1,2,0.7,0.1,0.1,0.1,0.1,0.6,0,0.6,88.4
34,113,3,17,7.5,1.7,0.9,0,0,7.5,0.5,5.7,863.5
37,9,2,7,2.9,0.7,0.2,0,0.4,2.9,0.5,2.5,350.7
37,10,4,44,18.6,4.6,1.6,0,2.4,18.6,3.1,15.5,2204.6
37,13,2,8,3.3,0.5,0.1,0,0.4,3.3,0.1,3.1,388
37,14,3,24.5,10.4,1.7,0.4,0,1.3,10.4,0.4,9.5,1188.2
37,24,1,2,0.8,0.1,0.1,0,0,0.8,0,0.8,106.3
37,38,1,1,0.4,0.1,0,0,0,0.4,0.1,0.4,37.6
37,39,3,24,9,2.1,0.5,0,0,9,1.4,8.5,936
37,40,1,1,0.3,0.1,0.1,0,0,0.3,0,0.3,41.7
37,45,1,6,3.4,1.6,0,0,0.3,3.4,0.3,3.1,428.6
37,46,2,4,2.3,1.1,0,0,0.1,2.3,0.1,2.1,285.7
37,76,1,109,58.2,27.2,2,1,2,57.2,1.9,50.4,6536.4
37,77,2,10,4.4,0.8,0.2,0,0.4,4.4,0.4,3.9,452.7
37,100,1,4,1.4,0.2,0.1,0.2,0.1,1.2,0.1,1.3,176.7
37,107,0,86.5,35,10,2,0,2,35,1,34,3720
37,108,1,52,21.8,6.5,2.2,0,0.6,21.8,1.6,14.4,2343.4
37,117,1,6,2.2,0.6,0.4,0,0,2.2,0.1,2.1,328.9
38,10,1,6,3.2,1.3,0,0.6,0.3,2.6,0.2,2.4,419.4
38,11,1,3,1.6,0.6,0,0.3,0.2,1.3,0.1,1.2,209.7
38,14,1,3,1.2,0.2,0.1,0,0.1,1.2,0.1,1.2,159.5
38,46,1,2,1,0.3,0.1,0,0.1,1,0.2,0.8,105.1
38,53,3,12,5.5,1.2,0,0.3,0.9,5.2,0.7,3.9,612
38,71,1,2,0.9,0.1,0,0,0.1,0.9,0,0.6,108.1
38,72,1,2,0.9,0.3,0.1,0.1,0.1,0.8,0,0.6,107.1
38,82,1,1,0.5,0.2,0,0,0,0.5,0,0.4,51.2
38,91,4,32,12,1.9,1.1,1.1,0.8,10.9,1.1,10.2,1376.8
38,92,2,7.5,3,0.7,0.2,0,0.2,3,0.2,2.6,349.7
38,95,1,4,1.6,0.4,0.1,0,0.1,1.6,0.1,1.4,186.5
38,107,1,5,2.2,1,0.3,0,0.1,2.2,0.3,2,262.6
38,110,2,20,8.9,4.1,1.4,0,0.3,8.9,1.4,7.9,1050.3
38,121,2,60,27.4,8.4,1.3,2,0.5,25.4,0.5,23.4,3401.2
38,122,2,7,3.5,1.1,0.1,0,0.1,3.5,0.1,3.4,371.7
21,0,2,15.5,7.5,2.6,0.7,0,1.3,7.5,0.7,5.9,900.6
21,1,2,3,1.5,0.5,0.1,0,0.3,1.5,0.1,1.2,174.3
21,2,1,2,1,0.3,0.1,0,0.2,1,0.1,0.8,116.2
21,18,1,2.5,1.1,0.2,0.1,0,0.2,1.1,0,0.9,117.4
21,27,1,2,1,0.3,0,0,0.1,1,0.1,0.9,117.3
21,30,1,2.5,1.2,0.4,0.1,0,0.1,1.2,0.2,1.2,146.7
21,86,0,31,16,6,1,6,1,10,1,9,1564
21,87,3,93.5,42.7,15.6,1,2.7,3,40,7.5,25.9,4839.9
21,99,0,251.5,108,28,4,0,13,108,5,61,11680
21,100,0,131.5,49,13,7,0,11,49,7,4,4051
21,108,1,12.5,5.6,1.4,0.3,0,0.4,5.6,0.1,5.5,622.7
21,109,3,76,31.4,5.7,1.1,0,1.2,31.4,0.1,29.4,3832.6
21,125,3,42,19,6.5,1,0,1.4,19,2,16.5,2070.9
21,126,2,105,44.5,8.2,2.5,14,7.8,30.5,3,27.2,5362.5
22,15,4,27.5,13.8,4.9,0,0.7,1,13.1,2.1,12.5,1468.7
22,16,3,33,16.6,6,0,0.8,1.3,15.8,2.6,14.9,1762.4
22,17,3,18.5,7.9,1.8,0.3,0.1,1.8,7.8,0.2,6.5,868.8
22,18,4,42,17.9,4,0.9,0.5,4,17.4,0.5,14.8,1972.6
22,19,4,31,13.3,3,0.6,0.3,3,13,0.3,11,1455.9
22,50,1,4,1.9,0.8,0.1,0.1,0,1.8,0.5,1.7,233.5
22,75,1,1,0.5,0.2,0,0,0,0.5,0,0.4,57.1
22,85,1,14,5.3,1,0,0,0.5,5.3,0,3.9,645
22,86,3,15,5.7,1,0,0,0.5,5.7,0,4.2,691
22,87,1,9,4.9,2.3,0,0.2,0,4.7,0.8,2.7,556.5
22,92,1,2,0.7,0.1,0.1,0,0,0.7,0.1,0.7,78.1
22,94,2,17,5.9,0.7,0.7,0,0,5.9,1,5.5,664
22,98,1,22,8.1,1.7,1.2,1.2,0.6,6.9,0.6,6.9,833.7
22,99,1,121,50.9,13.3,0.8,0.8,4.4,50.1,2.4,45.1,5495.3
22,100,1,217.5,93.9,28.3,6.3,1.6,11,92.3,14.3,49.3,9312.5
22,101,1,26.5,12.1,4.7,0.7,1.4,2,10.7,0.7,8.7,1197.5
22,102,1,2,0.9,0.3,0.1,0,0.1,0.9,0.1,0.6,87.6
22,105,1,1,0.5,0.2,0.1,0,0,0.5,0.1,0.3,43.8
22,107,3,34,15.4,3.9,0.8,0,1.1,15.4,0.3,14.9,1693.7
22,108,1,91,36.2,5.8,2.2,0,0.2,36.2,3.1,32.1,3616.7
22,109,3,31,13.6,3.1,0.7,0,0.9,13.6,0.3,13.1,1517.3
22,121,1,4,1.5,0.2,0.1,0,0.1,1.5,0.1,1.4,188.5
32,20,1,3,1.5,0.7,0,0,0.3,1.5,0.3,1.1,156.7
32,21,2,14.5,7.4,3.4,0,0,1.4,7.4,1.4,5.4,757.4
32,26,1,2,0.7,0.1,0.1,0,0,0.7,0.1,0.7,91.4
32,29,1,2,0.8,0.1,0.1,0,0,0.8,0,0.8,106.3
32,36,1,2.5,1.4,0.6,0,0,0.1,1.4,0.3,0.7,148.2
32,37,1,4,1.8,0.5,0.1,0,0.1,1.8,0.3,1.5,222.5
32,38,1,4,1.8,0.5,0.1,0,0.1,1.8,0.3,1.5,222.5
32,41,1,2,0.7,0.1,0.1,0,0.1,0.7,0.1,0.4,74.3
32,42,3,53,21.4,3.8,1.7,0,0.7,21.4,2.7,20.1,2659.9
32,43,1,46.5,22.2,6.1,1.7,0,1.8,22.2,1.7,19.9,2519.4
32,44,2,19,8.4,2.5,0.5,0,0.6,8.4,1.4,7.3,1012.2
32,45,1,9,4,1.2,0.3,0,0.3,4,0.7,3.5,479.5
32,51,2,9,6.2,4,0,0,0.5,6.2,0.5,5.6,729.5
32,57,1,1,0.5,0.2,0,0,0,0.5,0,0.4,52.3
32,77,2,24,9.8,2.7,0.7,0,0,9.8,1,8.1,1023.5
32,78,2,40,17.3,3.5,0.3,0,3,17.3,2.5,15.4,2193.4
32,87,2,37,16.6,7.2,1.7,3,0.5,13.6,1.3,11.5,1751.8
32,88,3,14,6.2,2.8,0.6,1.1,0.1,5.1,0.4,4.3,662.7
32,91,1,5,2.2,1,0.2,0.4,0.1,1.8,0.2,1.6,236.7
32,92,3,39,18,5,0.7,0,1.9,18,0.7,15.5,1998.9
32,94,1,3,1.4,0.4,0,0,0.1,1.4,0,1.2,153.8
32,107,2,86.5,37.7,11.9,1.7,0,1.7,37.7,4.5,35.7,4313.5
32,114,2,11,5.9,2.9,0.2,0.3,0,5.6,0.8,5.4,716.1
32,115,2,9,4.9,2.4,0.2,0.3,0,4.6,0.6,4.4,585.9
32,121,1,20,7.5,2,1.2,0,0,7.5,0.4,7.1,1096.5
32,122,1,120,55.3,17,3.4,0,2.2,55.3,1.4,48.6,5889.4
32,123,1,5,2.5,0.8,0.2,0,0.5,2.5,0.2,2.2,347.8
33,19,3,20,8.6,2.5,0.8,0,0.9,8.6,1.5,6.1,1025.7
33,20,2,95,40.5,10.9,1.6,0,5.8,40.5,5.7,33,4638.8
33,21,3,20,9.4,2.9,0.5,0,1.2,9.4,1.5,7.3,1076.2
33,29,1,3,1.2,0.2,0.1,0,0.1,1.2,0.1,1.2,159.5
33,34,2,11,3.5,0.9,0.7,0,0,3.5,0.4,3.5,459.1
33,36,1,5,1.6,0.4,0.3,0,0,1.6,0.2,1.6,208.7
33,42,2,8,3.3,1,0.5,0,0,3.3,0.2,2.9,418.6
33,44,1,1,0.4,0.1,0.1,0,0,0.4,0,0.4,52.3
33,45,1,5,2.1,0.6,0.3,0,0,2.1,0.1,1.8,261.7
33,51,3,20,9.6,3.5,0,0,0,9.6,0,7.9,939.2
33,74,1,1,0.4,0.1,0,0,0,0.4,0,0.4,53.9
33,87,1,3,1.2,0.2,0,0,0,1.2,0.2,1,170.3
33,89,1,2,0.8,0.1,0,0,0,0.8,0.1,0.7,113.5
33,91,2,24,10,1.7,0,0,0,10,1.7,8.3,1362.2
33,92,2,71.5,30.5,6,1.4,2.1,4.4,28.4,3.6,27.2,3473.8
33,112,1,4,1.7,0.4,0.2,0,0,1.7,0.1,1.3,203.2
33,113,1,45,19.2,3.2,2.6,0,0,19.2,1.3,17,2174.5
33,114,3,28,11.2,2.1,1,0,0,11.2,0.9,10.3,1323.6
33,115,3,77,34.1,9.4,1.8,0,1,34.1,8.8,32.6,4001.2
33,116,2,16,6.3,1.1,0.6,0,0,6.3,0.6,6.1,741
35,2,4,28,10.2,1.1,0.6,0.2,1.2,10,0.4,8.8,1229
35,3,0,155,68,21,5,10,10,58,13,37,6754
35,4,1,75.5,30,7,3.2,1.2,2.5,28.8,5.2,25.3,3738.4
35,14,1,3,1.3,0.2,0.1,0,0.2,1.3,0.1,1.2,145.5
35,15,1,3,1.3,0.2,0.1,0,0.2,1.3,0.1,1.2,145.5
35,18,1,5,1.8,0.4,0.3,0,0.1,1.8,0.3,1,232.9
35,19,2,20,9.7,3.4,0.4,0,0.8,9.7,1.6,8.2,1222.8
35,20,4,34,16.7,5.5,0.5,0,1.7,16.7,2.7,13.7,1965.2
35,21,1,11,5.2,1.6,0.2,0,0.6,5.2,0.9,4,591.9
35,37,1,11,4.3,1,0,0,0,4.3,0.8,4.1,413.9
35,40,1,13,4.2,1,0.7,0,0,4.2,0.5,4.2,542.6
35,45,2,19,8.7,3.3,0.7,0,0.3,8.7,0.6,7.8,1108.9
35,72,0,53.5,25,8,1,0,2,25,1,18,2522
35,73,3,84.5,34.3,6.7,2.7,0.8,2,33.5,1.8,28,3714.3
35,76,2,14,7.1,2.9,0,0,0,7.1,0.7,5.8,766.1
35,77,3,23.5,10.1,1.9,0.4,0,1,10.1,1,9.3,1063.9
36,2,1,4,1.4,0.1,0.1,0,0.2,1.4,0.1,1.1,156.2
36,3,2,45,15.3,0.7,1.2,0,2.5,15.3,0.7,12.7,1756.9
36,4,1,9,3,0.1,0.3,0,0.5,3,0.1,2.5,351.4
36,10,1,2,0.8,0.2,0.1,0,0.1,0.8,0.1,0.7,100.2
36,14,2,18,7.7,1.3,0.3,0,1,7.7,0.3,7,873
36,37,3,15,6,1.5,0,0,0,6,1,5.5,564.5
36,39,2,14,4.5,1.1,0.8,0,0,4.5,0.6,4.5,584.3
36,40,1,1,0.3,0.1,0.1,0,0,0.3,0,0.3,41.7
36,45,2,4,2.2,1,0,0,0.2,2.2,0.2,2,285.8
36,46,1,3,1.7,0.8,0,0,0.1,1.7,0.1,1.6,214.3
36,72,2,11,5.7,1.7,0.2,0.5,0,5.2,0.5,4.9,571.5
36,73,1,52,24.2,7.5,1.4,0.7,1,23.5,1.7,22.1,2375.3
36,75,1,1,0.5,0.2,0,0,0,0.5,0,0.4,54.7
36,76,1,87,47.1,22.7,1,2,3,45.1,5.4,35.3,5303.8
36,77,2,17.5,7.6,1.4,0.3,0,0.7,7.6,0.7,6.9,792.3
36,100,2,12,4.3,0.6,0.5,0.6,0.5,3.7,0.2,3.8,530.2
36,107,4,37.5,16.9,4.2,0.6,0,1.9,16.9,1.9,12.5,1936.9
36,108,2,12,5.4,1.3,0.2,0,0.6,5.4,0.6,4.1,619.8
39,28,1,2,0.8,0.3,0.1,0,0,0.8,0,0.8,94.2
39,53,2,6,2.8,0.6,0,0.1,0.4,2.7,0.4,2,306
39,69,1,4,1.7,0.2,0,0,0.1,1.7,0,1.2,216.1
39,71,3,10.5,4.5,0.7,0,0,0.3,4.5,0,3.2,567.3
39,72,2,12,5.2,1.6,0.5,0.2,0.5,5,0.3,3.6,642.8
39,91,3,75,26.3,2.8,3.1,1.1,3.7,25.2,3.1,22.6,3056.7
39,110,2,57,31,14.2,1.4,0,1.4,31,3.4,26,3478.4
39,111,1,4,1.8,0.8,0.3,0,0.1,1.8,0.3,1.6,210.1
39,120,4,30,13.1,4.4,0.6,0,0.9,13.1,0.9,11.2,1541
39,121,2,49,21.4,7.2,1,0,1.6,21.4,1.6,18.4,2516.9
39,122,1,28.5,14.5,7.2,0.2,0,1.2,14.5,1.2,14.3,1620.7
39,123,1,3,1.5,0.5,0.1,0,0.1,1.5,0.1,1.4,159.3
14,4,2,16,7.5,2.2,0.3,0.1,1.4,7.4,0.6,6.4,863.4
14,5,1,31,16.2,5.9,0.2,0,1,16.2,2.5,12.5,1725.2
14,6,2,57,26.6,6,1.1,1,4.5,25.6,3.2,23.3,3088.6
14,7,1,35,19.5,7.5,0,0,1.8,19.5,1.8,15.7,1932.4
14,8,1,18,10.2,5.4,0,0,1,10.2,1,6.8,1100.9
14,27,1,2,0.9,0.2,0.1,0,0.1,0.9,0.1,0.8,93.1
14,34,1,2,0.9,0.4,0.1,0,0.1,0.9,0.1,0.8,100
14,35,3,36,16.5,7.1,0.9,0.9,0.9,15.6,1.9,14.3,1800.5
14,46,2,5,2,0.6,0.1,0.1,0.3,1.9,0.5,1.1,235.9
14,52,2,19,11.4,5.3,0,0,1.3,11.4,1.3,8,1463.3
14,64,1,5,2.1,0.3,0.1,0,0,2.1,0.1,2.1,241.4
14,79,3,12,4.6,0.7,0.7,0,0.4,4.6,0.3,4,508.4
14,80,2,102.5,46.1,14.2,3.2,1,4.9,45.1,8.6,38.1,4793.8
14,81,3,90,34.8,3.7,3.7,0,5,34.8,2.4,30.5,3764.1
14,87,2,23.5,10.7,0.7,0,0,1,10.7,0.7,9.4,1093.5
14,88,1,13,5.9,0.4,0,0,0.6,5.9,0.4,5.2,604.9
14,96,1,20,10,2.3,0,0,0.8,10,0,10,1146.2
14,97,1,57,30.1,9.7,0,0,0.7,30.1,0,25.1,3602.9
14,98,2,136,66,16.2,1,1,3.2,65,2,57,6954.4
14,99,3,75,38.2,10.7,1.4,0.2,3.5,38,2.4,34.4,3855.5
14,100,0,231.5,94,28,12,4,12,90,13,43,8765
14,101,2,854.5,522.7,326.4,16.6,500.8,89.6,21.9,245.6,19.5,29645.3
14,102,0,845,506,308,16,379,59,127,115,170,37954
14,103,0,516,337,224,8,230,37,107,77,104,25852
14,104,1,88,54.2,28.3,0,14.1,4.6,40.1,3.3,28.9,5080.3
14,105,0,110.5,50,20,3,2,8,48,6,35,4564
14,106,1,76,35.6,10.4,1,2.1,4.3,33.5,1.3,26.1,3179.7
14,110,1,21,7.3,0.4,0.8,0.2,0.2,7.1,0.8,6.9,822.4
14,111,2,10,3.4,0.2,0.4,0,0.1,3.4,0.4,3.3,391.6
14,112,4,47,19.5,4.4,0.8,0.4,0.4,19.1,0.4,17.7,2085.3
14,113,4,33,13.7,3,0.6,0.3,0.3,13.4,0.3,12.5,1464.1
17,5,1,2,0.8,0.1,0,0,0.1,0.8,0,0.6,86.1
17,6,3,19,7.4,1,0.3,0.3,1.4,7.1,0.3,6,817.5
17,22,1,6,2.8,0.8,0.2,0,0.3,2.8,0.3,2.4,279.3
17,26,1,2,0.9,0.2,0.1,0,0.1,0.9,0.1,0.8,93.1
17,27,1,1,0.5,0.1,0,0,0.1,0.5,0.1,0.4,46.6
17,34,2,7,3.1,1.1,0.1,0,0.3,3.1,0.5,2.6,331.2
17,40,1,3,1.7,0.7,0,0,0.1,1.7,0.3,1.7,212.9
17,45,1,1,0.5,0.2,0,0,0,0.5,0.1,0.4,54.9
17,46,1,2,1,0.4,0.1,0,0,1,0.1,0.9,109.8
17,60,2,17,7.3,2,0.1,0,0.4,7.3,0.7,5.9,803.3
17,61,3,45.5,19.5,5.3,0.5,0,1,19.5,2,15.7,2150.1
17,62,1,4,1.6,0.2,0.1,0,0,1.6,0.1,1.6,193.1
17,74,1,1,0.6,0.2,0,0,0.1,0.6,0.1,0.5,55.3
17,75,1,4,2.2,0.9,0.1,0,0.2,2.2,0.3,1.9,221.1
17,93,3,10,4,1,0.1,0,0.1,4,0.4,3.7,464.9
17,94,1,2,0.8,0.2,0,0,0,0.8,0.1,0.7,93
17,95,1,8,3.6,1,0,0,0.2,3.6,0.3,3.1,433.4
17,96,2,59,24.4,5.3,0,0,1.3,24.4,0.4,21.9,3002.7
17,99,0,29,12,4,2,0,2,12,2,9,1028
17,100,0,669.5,262,85,39,41,31,221,65,110,21262
17,101,3,114,48.9,19.1,5.7,7.3,2.9,41.6,7.5,37.5,5163.2
17,102,1,113.5,57,24.4,1.9,23.2,6.9,33.8,9.7,27.2,4985.6
17,103,3,28,12.7,5.6,1.1,2.8,1.1,9.9,0.8,7.9,1389.2
17,104,0,399.5,175,50,16,14,23,161,18,99,15969
17,105,3,111.5,52.2,15.8,2.3,0,3.5,52.2,4.3,45.5,4984.7
17,127,1,35.5,15.8,4.2,0,4,2,11.8,0,12.8,1624.5
18,5,1,1,0.5,0.2,0,0,0.1,0.5,0,0.4,58.1
18,6,2,3,1.5,0.5,0.1,0,0.3,1.5,0.1,1.2,174.3
18,60,1,2,1,0.3,0.1,0,0.1,1,0.1,0.6,126.3
18,61,3,23,11,3.7,0.9,0,0.9,11,0.9,7.4,1452.7
18,62,1,3,1.3,0.4,0,0,0.1,1.3,0.2,1.2,143
18,90,0,86.5,35,10,1,0,2,35,3,31,3531
18,91,1,80,39.5,12.3,1.2,1.3,1,38.2,2.7,37.2,4369.4
18,92,1,2,0.7,0.1,0.1,0,0,0.7,0.1,0.7,78.1
18,100,0,103,47,25,4,47,11,0,33,0,2955
18,101,3,58.5,25.4,7.8,2.2,8.8,2.6,16.6,3.2,13.2,1928.8
18,102,2,122.5,61.8,26,3.9,3,7.1,58.8,5.9,44.2,5763.4
18,103,1,13,5.9,2.2,0.8,0,0.6,5.9,0.8,4.2,569.5
18,104,2,6,3,1.4,0,1.8,0.4,1.2,1.4,0.2,197.2
18,105,1,129,63.7,28,1.7,39.1,9.3,24.6,28,5.9,4240
18,126,2,152,51.5,2,8.5,0,10.7,51.5,2,32.8,5664.8
18,127,2,36,15.3,4.2,0.8,3.4,2.5,11.9,3,9.8,1609.6
19,62,4,28,12.5,4,0.5,0,1.2,12.5,1.6,11,1334.3
19,63,2,11,4.9,1.6,0.1,0,0.5,4.9,0.6,4.3,524.2
19,67,1,2,0.9,0.3,0,0,0.1,0.9,0.1,0.8,95.3
19,82,3,52,22.2,6.8,1.7,0.8,0.8,21.4,1.7,22.2,2583
19,83,1,1,0.4,0.1,0,0,0,0.4,0,0.4,49.7
19,89,1,1,0.5,0.2,0,0.1,0,0.4,0,0.4,53.9
19,90,1,133.5,62.3,21.3,3.3,2.7,2,59.6,7.9,53.5,6889.5
19,91,3,25,11.7,4.5,0.4,1.7,0,10,0.9,10,1346.4
19,101,1,11,4.4,0.9,0.6,0.9,0.3,3.5,0.6,2.2,376.5
19,104,1,2,0.9,0.3,0.1,0,0.1,0.9,0.1,0.6,87.6
19,105,3,17,8.4,3.7,0.2,5.1,1.2,3.3,3.7,0.8,558.8
19,125,2,9,3,0,0.1,0,0.3,3,0,2.6,355.3
19,126,1,146.5,56.6,7,4.2,0,9.7,56.6,2,45.9,7175.1
19,127,1,49.5,19.7,5.3,2.3,2,1.8,17.7,1.9,17,2489.8
20,2,2,13,6.3,2.1,0.5,0,1.1,6.3,0.5,4.9,755.3
20,27,3,10,5,1.8,0.2,0,0.4,5,0.8,4.8,586.7
20,28,1,3,1.5,0.5,0.1,0,0.1,1.5,0.2,1.4,176
20,62,1,10,4.5,1.4,0.1,0,0.4,4.5,0.6,3.9,476.5
20,63,2,15,6.7,2.1,0.2,0,0.6,6.7,0.9,5.9,714.8
20,82,1,3,1.3,0.4,0.1,0.1,0,1.2,0.1,1.3,149
20,87,1,1,0.5,0.3,0,0,0,0.5,0.1,0.3,61.8
20,89,2,22,10.8,4.5,0.2,1.2,0,9.6,1.1,8.1,1240.6
20,101,1,3,1.2,0.3,0.2,0.3,0.1,0.9,0.2,0.6,102.7
20,125,3,57,22.5,5.3,1.6,0,2.9,22.5,3,19,2751.4
20,126,0,177,69,20,9,5,3,64,7,54,8261
20,127,2,33.5,14.3,4,0.8,3.1,2.4,11.2,2.8,9.1,1497.7
31,26,1,39,13.7,2.2,2.2,0,2,13.7,2.2,9.7,1457.7
31,27,1,2,0.8,0.1,0.1,0,0,0.8,0,0.8,106.3
31,35,1,7,3.8,1.6,0,0,0.3,3.8,0.7,2.1,414.8
31,36,2,79.5,39.3,14,1,0,3.1,39.3,4.8,28.6,4372.8
31,37,4,31,14.3,4.1,0.9,0,0.9,14.3,2.5,11.9,1724.1
31,41,3,62,20.3,1.9,3.9,0,1.9,20.3,1.9,12.5,2302.6
31,42,4,45,20,6,1.3,0,1.5,20,3.5,17.4,2397.5
31,43,3,22,9.8,2.9,0.6,0,0.7,9.8,1.6,8.5,1172.1
31,44,1,12,5.3,1.6,0.3,0,0.4,5.3,0.9,4.6,639.3
31,78,3,31,12.7,3.6,0.8,0,0,12.7,1.3,10.6,1322.1
31,88,3,73.5,31,8.5,1.8,4.5,2.2,26.5,1.6,24.6,3348.1
31,89,1,1,0.4,0.2,0,0.1,0,0.3,0,0.3,47.3
31,92,2,21,9.6,2.6,0.3,0,1,9.6,0.3,8.4,1076.3
31,99,1,10,3.8,0.8,0.2,0,0.4,3.8,0.1,3.5,509.1
31,100,2,29.5,11,2.5,0.8,0,1.1,11,0.3,10.4,1501.8
31,106,1,5,1.9,0.6,0.4,0,0.1,1.9,0.2,1.8,237.4
31,107,1,114.5,40.3,7,1.3,0,3.3,40.3,1.5,35.3,4679.6
31,111,1,26,10.7,1.8,1.1,1.1,1.8,9.6,1.4,7.8,1213.5
31,112,1,129.5,51.7,4.3,4.1,2.1,5,49.6,4.4,48.4,6010.5
31,113,1,1,0.5,0.3,0,0,0,0.5,0.1,0.5,65.1
31,121,2,42.5,18.4,6,1.2,0,1,18.4,0.4,17.1,2432.5
31,122,2,43,22.1,7.9,0.4,0,2.2,22.1,0.4,19.3,2583.7
5,6,1,5,2.2,0.8,0.3,0.3,0.2,1.9,0.2,1.8,250.2
5,35,1,7,2.5,0.8,0.5,0,0.5,2.5,0.5,1.8,255.4
5,36,1,4,1.4,0.4,0.3,0,0.3,1.4,0.3,1.1,145.9
5,37,2,9,3.8,0.8,0.2,0.4,0.2,3.4,0.2,3.6,635.4
5,71,1,1,0.5,0.2,0,0,0,0.5,0,0.5,56.8
5,88,1,2,0.7,0,0,0,0.1,0.7,0.1,0.7,96.4
5,94,2,10,4.4,1.1,0.1,0,0.6,4.4,0.3,4.1,528.7
5,95,2,61,26.6,5.9,1.1,0,2,26.6,2.5,23.9,2954.8
5,96,1,6,2.7,0.7,0.1,0,0.4,2.7,0.2,2.4,317.2
5,97,0,32,14,5,1,0,0,14,2,13,1579
5,98,1,12,4.9,0.9,0.2,0.1,0.4,4.8,0.2,3.9,615.5
5,99,2,43.5,17,2.8,1.2,0,2.3,17,1.2,14.3,1875.9
5,116,2,27,10.8,2.3,0.3,0,0.6,10.8,0.6,9.4,1147.4
5,117,1,36,13.6,2.7,0.1,1,2.1,12.6,2.1,11.5,1825.9
5,126,2,6,2.1,0.4,0.3,0,0.1,2.1,0.1,2.1,249.3
5,127,4,23,7.8,0.3,0.4,0,0.9,7.8,0.3,7.5,1086.1
10,0,2,11,4.7,1.4,0.3,0.1,0.2,4.6,0.5,3.5,558.6
10,1,3,17,7.2,2.1,0.4,0.1,0.4,7.1,0.7,5.4,856.5
10,10,1,2,0.9,0.4,0.1,0,0,0.9,0.1,0.8,118.3
10,11,3,47.5,27.7,15.4,0.9,8,1,19.7,4.9,14.8,2977.5
10,12,4,55,24.2,7.6,1.6,1.7,2.4,22.5,0.7,20.2,2743.7
10,13,1,1,0.5,0.2,0,0,0,0.5,0,0.4,52.1
10,16,2,13,6.4,2.1,0.1,0.3,0.6,6.1,0.7,5,686.2
10,17,1,2,1,0.3,0.1,0,0.1,1,0.2,0.7,108.5
10,21,1,3,1.5,0.5,0.1,0,0.1,1.5,0.3,1.1,162.7
10,22,3,28,15.9,8.2,0.2,1.7,1.2,14.2,2.1,11,1745.8
10,23,1,1,0.6,0.3,0,0,0,0.6,0.1,0.4,67.7
10,24,1,5,2.4,0.6,0.1,0,0.1,2.4,0.3,2,298
10,25,1,12,5.7,1.4,0.1,0,0.3,5.7,0.7,4.7,715.1
10,26,1,1,0.4,0.1,0,0,0.1,0.4,0.1,0.3,35
10,27,2,49,21.1,7.5,0.5,0,3.1,21.1,3.1,19,2228.1
10,28,2,51,21.7,4.5,2.2,2,1.5,19.7,5,16,2129.3
10,29,2,12,5.8,1.9,0.3,0,0.6,5.8,1.5,4.9,586.2
10,33,2,6,2.7,1,0.1,0.1,0.2,2.6,0.2,2.4,261.6
10,34,2,32.5,14.8,5.3,0.6,0.6,1.1,14.2,1.1,12.6,1417.4
10,41,1,1,0.6,0.2,0,0,0,0.6,0.1,0.6,71
10,43,4,50.5,22.3,6.7,1.2,0.4,2.1,21.9,2.4,18.3,2750.8
10,51,1,5,2.1,0.8,0.3,0,0,2.1,0,1.8,262
10,54,1,1.5,0.9,0.4,0,0,0.1,0.9,0.1,0.6,115.5
10,55,1,2,1.2,0.6,0,0,0.1,1.2,0.1,0.8,154
10,69,2,24,9,1.7,0.8,0.4,0.8,8.6,0.6,8.3,993.3
10,70,1,25,9.2,1.4,0.7,0.7,1,8.5,0.7,8.2,1042.5
10,82,1,1,0.4,0.1,0,0,0,0.4,0,0.4,43.2
10,83,2,22,9.3,1.7,0,0,0.3,9.3,0.3,8.7,951.3
10,84,1,4,1.7,0.3,0,0,0.1,1.7,0.1,1.6,173
10,85,1,4,1.7,0.3,0,0,0.1,1.7,0.1,1.6,173
10,95,1,2,1,0.3,0,0,0.1,1,0.1,1,110.3
10,103,1,1,0.4,0.1,0,0,0,0.4,0,0.4,56.9
10,104,1,5,1.9,0.3,0.2,0,0.2,1.9,0,1.9,284.3
11,12,1,8,3.7,1.4,0.2,0,0.2,3.7,0.2,3.3,416.6
11,13,1,2,0.9,0.4,0.1,0,0.1,0.9,0.1,0.8,104.2
11,21,1,5,2.4,0.9,0.1,0,0.1,2.4,0.4,1.9,271.1
11,22,1,10.5,5.9,2.4,0,1.5,1,4.4,1,3.4,567.5
11,24,2,34,12.8,3.1,1.3,0,2.4,12.8,1.8,9.8,1189
11,25,1,13,4.9,1.2,0.5,0,0.9,4.9,0.7,3.7,454.6
11,26,1,1,0.4,0.1,0,0,0.1,0.4,0.1,0.3,35
11,27,1,30,13,5.3,2,0,1.1,13,2.3,7.8,1374.6
11,28,3,14.5,7,2.5,0.3,0,0.7,7,2.1,5.9,714.9
11,29,2,19,9.2,3.3,0.3,0,0.9,9.2,2.7,7.8,936.8
11,33,1,9,4.1,1.5,0.1,0.1,0.3,4,0.3,3.5,392.5
11,34,3,14,6.4,2.3,0.2,0.2,0.5,6.2,0.5,5.5,610.5
11,43,1,5,2.1,0.6,0.1,0,0.3,2.1,0.1,1.8,256.8
11,49,1,2,0.8,0.3,0.1,0,0,0.8,0,0.7,104.8
11,67,1,2,0.8,0.2,0.1,0,0,0.8,0,0.7,81.9
11,68,2,22.5,8.4,2.1,0.9,0,0.4,8.4,0.4,8.2,921.5
11,69,2,27,10.1,2.5,1.1,0,0.6,10.1,0.6,9.9,1105.8
11,72,1,17,9.4,3.9,0.3,0,0.9,9.4,1.2,8.2,939.9
11,73,2,12,6.7,2.8,0.2,0,0.7,6.7,0.9,5.8,663.4
11,92,1,4,2,0.6,0,0,0.2,2,0.2,2,220.7
15,5,2,6.5,3.4,1.2,0.1,0,0.6,3.4,0.3,3,393.4
15,6,2,56.5,25.3,8.1,0.2,0,3.1,25.3,4.5,12.4,2479.6
15,29,1,1,0.5,0.1,0,0,0.1,0.5,0.1,0.4,46.6
15,34,1,11,4.9,1.8,0.2,0,0.4,4.9,0.8,4.1,520.5
15,35,3,42,19.2,8.1,1.1,0.9,1.2,18.3,2.4,16.3,2076.2
15,36,3,16,7.2,2.8,0.3,0.1,0.5,7.1,1.1,6,770.5
15,46,4,43,18.9,6.4,1.4,0.8,1.8,18.1,3.5,13.2,2152
15,47,1,3,1.3,0.5,0.2,0,0,1.3,0,1.1,157.2
15,51,1,7,3,1.1,0.4,0,0,3,0,2.5,366.8
15,57,1,2,0.9,0.2,0,0,0,0.9,0.1,0.7,94.5
15,80,4,30,11.4,1.6,1.6,0,1.2,11.4,0.8,10,1271.1
15,94,2,5,2.1,0.6,0,0,0.1,2.1,0.2,1.9,255.5
15,95,1,108.5,44,8.7,3,4,7.2,40,7,29,4594.8
15,96,0,376,185,75,9,28,28,157,24,110,17065
15,97,0,277,137,49,4,55,17,82,33,67,12084
15,98,1,229,127.6,58.1,1.7,0,6.7,127.6,12.4,65.2,11366.2
15,99,1,299,166.7,87.1,9.1,118,19.1,48.7,61,36.6,11995.2
15,100,1,394.5,206.8,117.2,16.1,115.2,19.2,91.6,75.6,51.7,14635.1
15,101,0,290.5,144,66,7,99,22,45,24,43,13543
15,102,0,466,290,171,5,174,27,116,56,111,24095
15,103,0,681.5,414,246,9,285,45,129,73,143,34267
15,104,0,532.5,318,191,15,257,34,61,96,57,23160
15,105,1,440.5,195.4,81.5,18.2,97,24.5,98.4,51.2,30.8,16998.8
15,106,2,48,19.8,6,2.9,0.2,0.4,19.6,0.9,13.6,2013.6
15,108,1,3,1,0.1,0.1,0,0,1,0.1,1,117.5
15,112,0,113,49,12,1,0,3,49,3,47,4857
15,113,1,144.5,57.9,10.8,5.4,0.2,3.2,57.7,3.2,55.2,6250
15,114,1,19,10,3.7,0,0,0,10,0,9,1035
16,6,2,27.5,10.7,1.4,0.4,0.4,2,10.3,0.4,8.7,1183.2
16,7,1,2,1.1,0.6,0,0,0.1,1.1,0.1,0.8,122.3
16,34,2,12,5.3,2,0.3,0,0.4,5.3,0.9,4.4,567.7
16,35,1,4,1.8,0.7,0.1,0,0.1,1.8,0.3,1.5,189.3
16,44,1,2,0.8,0.2,0.1,0,0.1,0.8,0.2,0.5,94.4
16,45,2,12,5.8,2.4,0.4,0,0.2,5.8,0.9,5.1,658.7
16,46,4,25,12,4.9,0.9,0,0.5,12,1.7,10.8,1372.4
16,47,1,1,0.4,0.2,0.1,0,0,0.4,0,0.4,52.4
16,60,2,31,13.3,3.6,0.4,0,0.6,13.3,1.3,10.7,1465
16,93,1,24,9.7,2.3,0.4,0,0.4,9.7,1.2,8.9,1115.6
16,94,3,77,30.6,5.6,1.4,0,2.5,30.6,1.2,28.7,3412.9
16,95,0,120.5,52,12,3,1,1,51,2,47,5206
16,96,3,83,36.6,9.1,0,0,2.3,36.6,2,26,4305
16,97,1,34,12.3,1.8,1.2,0,1.2,12.3,0.6,10,1329.5
16,98,1,1,0.4,0.1,0,0,0,0.4,0,0.3,39.1
16,99,1,107,42.4,14.6,5,14.1,9.1,28.3,11.3,8.9,3630
16,100,0,523.5,240,103,20,209,39,31,148,18,14533
16,101,1,78,35.9,12.3,2.2,6.5,6.7,29.4,4.6,22.9,3690.8
16,102,1,188.5,89.2,36.9,5.2,13.9,8.2,75.3,10.9,65.2,8825.9
16,103,1,385,202.1,97,9.8,117,33.8,85.1,40.6,85.7,17451.3
16,104,0,354.5,172,76,11,90,21,82,37,71,16246
16,105,0,418,190,70,16,74,27,116,32,77,17289
16,106,2,32,13.1,4.9,1.6,0,0.7,13.1,1.6,9.5,1247.7
16,108,2,7,2.4,0.1,0.3,0,0,2.4,0.3,2.4,274.1
16,113,1,4,2.1,0.8,0,0,0,2.1,0,1.9,217.9
16,114,1,13,6.9,2.5,0,0,0,6.9,0,6.1,708.1
30,19,1,4,2,0.9,0,0,0.4,2,0.4,1.5,208.9
30,26,2,35,12.6,1.7,1.1,0.1,0.2,12.5,1.1,11.9,1635.4
30,29,1,2,0.8,0.1,0.1,0,0,0.8,0,0.8,106.3
30,36,2,12,6.6,2.8,0,0,0.5,6.6,1.2,3.6,711.2
30,42,2,22,9.8,2.9,0.6,0,0.7,9.8,1.6,8.5,1172.1
30,50,1,1,0.7,0.4,0,0,0.1,0.7,0.1,0.6,81.1
30,51,1,3,2.1,1.3,0,0,0.2,2.1,0.2,1.9,243.2
30,88,2,12,5.3,2.4,0.5,0.9,0.1,4.4,0.4,3.7,568.1
30,95,1,2,0.7,0.2,0.1,0,0.1,0.7,0.2,0.6,65.4
30,99,2,9,3.5,0.9,0.3,0.1,0.3,3.4,0.1,3.4,451.4
30,100,3,87,33.1,6.3,1.2,0.3,2.3,32.8,0.5,32.1,4060.5
30,101,2,6,2.6,0.8,0.2,0.2,0,2.4,0,2.5,284.9
30,111,2,79,30.1,6.3,4,1.9,3.7,28.2,4.1,24,3407.4
30,112,2,15,8.1,4,0.4,0.4,0,7.7,1.1,7.3,976.5
30,121,2,5,1.8,0.5,0.3,0,0,1.8,0.1,1.8,274.1
47,0,2,16,7.7,1.4,0,0,1.4,7.7,2.7,5.6,941.3
47,30,2,9,3.4,0.7,0.4,0.5,0.5,2.9,0.2,2.5,366.7
47,39,3,47,21.9,8.1,0.7,0,1.6,21.9,1.9,18.9,2686.9
47,40,2,42.5,18.5,6.7,2.3,0,3.7,18.5,2.4,8.7,1998.8
47,41,2,22.5,10.2,3.9,0.6,0,1.5,10.2,0.9,8.4,1198.9
47,42,2,16,8,2.5,0.5,0,1,8,1.5,6,841
47,52,2,6,3.7,2.1,0.2,0,0,3.7,0.4,2.5,335.4
47,67,1,36,16.2,5,1,1,1.2,15.2,3.4,12.9,1918.4
47,68,1,3,1.6,0.8,0,0,0.1,1.6,0.2,1.1,174.9
47,71,1,11,5.8,2.8,0,0,0.3,5.8,0.6,4,641.4
47,75,2,29,13.3,4.4,0,0,0.9,13.3,2.4,8.9,1500.9
47,76,2,121,53.9,16,3,0,4.2,53.9,10.2,42.9,6313.4
47,78,1,2,0.9,0.3,0.1,0.1,0.1,0.8,0,0.6,107.1
47,89,1,5,2.2,0.7,0.2,0,0.1,2.2,0.2,1.6,257.7
47,90,3,35,15.6,5.2,1.5,0,0.7,15.6,1.5,11.2,1803.7
47,91,1,7,3.1,1,0.3,0,0.1,3.1,0.3,2.2,360.7
47,98,1,9,3.3,0.6,0.3,0,0.3,3.3,0.2,3.1,358.2
47,99,2,20,7.4,1.3,0.5,0.1,0.6,7.3,0.5,6.8,802.6
47,127,1,3,1.1,0.4,0.2,0,0,1.1,0,1,135.2
2,31,4,25,10.8,3.6,0.8,0.3,1.2,10.5,0.8,8.3,1250.5
2,32,1,2,0.8,0.2,0.1,0,0.1,0.8,0,0.6,132.2
2,33,3,11,4.6,0.9,0.5,0,0.5,4.6,0,3.4,727.2
2,44,3,16,7.3,1.6,0,0,0.9,7.3,0,7.3,908.3
2,58,1,1,0.5,0.2,0,0.1,0,0.4,0.1,0.4,51.4
2,64,2,15,6,2.1,0.7,0,0.7,6,0.6,4.2,673.9
2,65,3,78,31.4,9,4.1,0,5.1,31.4,6.6,19.4,3404.7
2,118,2,19,7.3,2,0.6,0,1.3,7.3,1,6,918.3
2,119,2,33,12.8,3.5,1.2,0,2.3,12.8,1.7,10.5,1595
2,124,4,39.5,18.8,5.7,0.4,2,1,16.8,0.2,16.4,2268.6
2,125,1,7,3.4,1,0,0.1,0.1,3.3,0.1,3.2,401.8
3,31,1,1,0.5,0.2,0,0.1,0,0.4,0.1,0.4,54.9
3,32,1,1,0.4,0.1,0,0,0,0.4,0,0.3,66.1
3,43,1,6,2.8,0.6,0,0,0.3,2.8,0,2.8,340.6
3,59,1,9,4.4,2,0.2,0.4,0.4,4,0.9,3.5,462.5
3,116,4,44.5,17.8,3.9,0.5,0,0.9,17.8,0.9,15.4,1891.2
3,118,1,76,32.6,5.7,0.4,0,5.3,32.6,3.4,23.5,3368.8
3,119,1,173,74.7,19.8,5.4,1,5.4,73.7,5.4,65.3,8032.6
3,120,3,30,12.9,3.3,0.4,0,0.4,12.9,0.4,12.4,1439.6
4,19,1,1,0.4,0.1,0,0,0.1,0.4,0.1,0.3,39.8
4,26,2,8,4.3,1.5,0,0.7,0,3.6,0.5,3.4,439.5
4,35,1,2,0.8,0.2,0.1,0,0.1,0.8,0,0.6,132.2
4,78,1,7,3,1.1,0.5,0,0,3,0.5,1.6,481.7
4,96,1,8,3.6,0.9,0.1,0,0.5,3.6,0.2,3.3,422.9
4,116,2,42,17.6,4.2,0.1,0,1.3,17.6,0.3,15.9,1802
4,117,1,4,1.6,0.3,0.1,0,0.2,1.6,0.1,1.2,150
4,118,2,13,5.1,1,0.3,0,0.8,5.1,0.3,3.8,487.4
4,119,1,102.5,40.7,10.9,1.2,1,2.7,39.7,4.2,33.5,4072.9
4,120,1,2,0.9,0.2,0,0,0,0.9,0,0.8,96
6,36,3,34.5,12.2,3.8,2.3,0,2.3,12.2,2.3,9.1,1258.7
6,37,3,51,23,4.2,0.4,1.1,3.4,21.9,1.4,21.6,3121.4
6,66,4,38,14.7,4.6,2,0,0.6,14.7,1.3,12.7,1586.7
6,69,1,2,1.1,0.4,0,0,0.1,1.1,0.1,1,113.5
6,88,1,20,7.3,0.4,0,0,0.8,7.3,0.8,6.9,964.5
6,89,2,13,4.8,0.3,0,0,0.6,4.8,0.6,4.5,626.9
6,90,2,23,10.1,2.5,0.4,0,0.7,10.1,0.4,9.2,1187.2
6,91,2,22,9.6,2.4,0.4,0,0.6,9.6,0.4,8.8,1135.5
6,94,2,49.5,20.9,3.2,0.2,0,1.3,20.9,1.6,19.2,2326.4
6,95,1,108.5,47.3,12.1,1.1,3,3.6,44.3,4.3,38.9,4937.2
6,96,3,22.5,10.1,2.5,0.3,0,1.3,10.1,0.8,9.1,1189.5
6,97,2,101,43.5,9.3,0.2,1.1,1.6,42.4,5.2,35.3,4898.7
6,98,3,85,32,4.9,2.7,0.2,3.3,31.8,2.7,28.1,3853.8
6,99,1,1,0.4,0.1,0,0,0,0.4,0,0.3,51.3
6,114,2,26,10.1,2.7,0.9,0.2,0.8,9.9,0.5,9,1177
6,122,1,4,1.4,0.3,0.2,0,0.1,1.4,0.1,1.4,166.2
46,1,1,3,1.4,0.3,0,0,0.3,1.4,0.5,1,176.5
46,16,2,3,1.2,0.2,0.1,0,0,1.2,0,1.2,159.5
46,17,1,5,2,0.3,0.2,0,0.1,2,0.1,1.9,265.8
46,28,1,8,3.9,1.3,0.3,0,0,3.9,0.8,3.4,416.8
46,29,1,5,2.4,0.8,0.2,0,0,2.4,0.5,2.1,260.5
46,30,2,205.5,84.7,25.3,9.5,3.6,8,81.1,3.2,54.6,8880.8
46,31,1,25,13.4,3.1,0,0.1,3.1,13.3,0,10.3,1395.7
46,36,1,3,1.4,0.4,0.1,0,0.1,1.4,0.1,1.1,166.8
46,40,2,9,4.1,1.5,0.3,0,0.6,4.1,0.4,3.3,479.6
46,41,2,6,2.8,1.1,0.1,0,0.4,2.8,0.2,2.3,319.7
46,51,1,1,0.5,0.2,0,0,0.1,0.5,0.1,0.4,52.6
46,52,2,12,7.3,4.2,0.4,0,0,7.3,0.7,5,670.8
46,67,2,7,3.7,1.7,0,0,0.2,3.7,0.4,2.5,408.1
46,68,1,7,3.7,1.8,0,0,0.2,3.7,0.4,2.5,408.1
46,76,3,30,13.9,4.6,0,0,1,13.9,2.5,9.1,1552.6
46,78,1,4,1.7,0.5,0.2,0.1,0.2,1.6,0.1,1.2,214.3
46,79,1,9,3.9,1.2,0.4,0.2,0.4,3.7,0.2,2.7,482.1
46,98,2,10,3.6,0.6,0.3,0,0.4,3.6,0.2,3.5,398
46,99,4,54,20.3,3.3,0.9,1.2,1.2,19.1,1.9,17.7,2224.7
46,100,1,4,1.6,0.2,0,0.2,0,1.4,0.2,1.2,172.3
46,110,2,47.5,23.1,8.5,0.4,0.4,1.4,22.7,5.1,16.1,2374.1
46,111,2,21,8.7,2.6,0.6,0.6,0.6,8.1,1.9,5.3,1018.7
46,116,2,32,12.9,2.3,0.7,0,1.5,12.9,1.5,12.9,1232
46,125,1,1,0.5,0.3,0,0,0.1,0.5,0,0.5,60.4
46,126,3,20,10.9,5.4,0,0,2.4,10.9,0,9.1,1207.3
46,127,1,28,9.9,3.6,1.8,0,0,9.9,0,9,1261.8
13,1,1,6.5,2.6,0.9,0.5,0,0.2,2.6,0.5,1.9,327.1
13,8,1,2,1.1,0.6,0,0,0.1,1.1,0.1,0.8,122.3
13,27,1,4,1.8,0.5,0.1,0,0.2,1.8,0.2,1.6,186.2
13,51,2,12,5.1,1.9,0.7,0,0,5.1,0,4.3,628.8
13,52,2,6,3.6,1.7,0,0,0.5,3.6,0.5,2.5,462.1
13,80,2,29,11.1,1.5,1.5,0,1.2,11.1,0.8,9.7,1228.7
13,81,2,8,3,0.4,0.4,0,0.4,3,0.2,2.6,339
13,87,2,71,32.9,8.4,2,0,1.6,32.9,3.4,27,3222.9
13,88,0,187,87,30,6,5,10,82,11,59,7897
13,89,3,16.5,7.5,0.6,0,0,0.8,7.5,0.6,6.6,767.8
13,102,1,3,1.6,0.6,0,0.6,0.3,1,0.2,0.5,153.2
13,103,0,490.5,225,94,18,154,60,71,78,4,18271
13,104,3,90.5,42.3,15.5,2,16.2,7.7,26.1,7.1,19.1,4051
13,109,2,9,3.1,0.2,0.4,0,0,3.1,0.4,3,352.4
13,110,3,26,9.1,0.5,1,0.3,0.3,8.8,1,8.6,1018.2
13,111,2,110,38.5,3.5,2.2,0.3,2.3,38.2,1.2,35.9,4404.8
13,112,0,207,99,40,5,6,7,93,4,85,9891
13,113,2,62,27.9,8.7,0.1,0.1,2,27.8,1,26.7,2776.5
1,14,4,14,7,3,0,0.4,0.5,6.6,0,5.4,722.9
1,21,1,21.5,8.4,1.9,0.8,0,1.5,8.4,1.1,7.2,854.7
1,22,1,16,8.6,3,0,1.3,0,7.3,0.9,6.9,879.1
1,31,1,2,0.9,0.3,0.1,0,0.1,0.9,0.1,0.7,100
1,33,2,6,2.5,0.5,0.3,0,0.3,2.5,0,1.8,396.7
1,44,1,4,1.8,0.4,0,0,0.2,1.8,0,1.8,227.1
1,53,1,3,1.8,0.8,0,0,0,1.8,0.4,1.6,254.1
1,56,2,6,3.6,1.4,0,0,0,3.6,1,3.4,508.2
1,59,1,4,2,0.9,0.1,0.2,0.2,1.8,0.4,1.6,205.6
1,64,1,2,0.8,0.3,0.1,0,0.1,0.8,0.1,0.6,89.9
1,65,2,19,7.5,2.6,0.9,0,0.9,7.5,0.7,5.4,853.6
1,80,1,1,0.4,0.2,0.1,0,0,0.4,0.1,0.2,68.8
1,81,1,2,0.8,0.3,0.2,0,0,0.8,0.2,0.5,137.6
1,84,1,12,4.4,0.2,0,0,0.5,4.4,0.5,4.2,578.7
1,120,1,5,1.9,0.5,0.2,0,0.4,1.9,0.3,1.6,241.7
1,124,2,11,5.3,1.6,0,0.1,0.2,5.2,0.2,5.1,631.4
1,125,2,107.5,50.9,17.2,1,2.3,1.3,48.6,3.3,39.4,5703.7
1,126,1,4,1.9,0.6,0,0,0,1.9,0,1.8,229.6
7,37,2,12,5.1,1.1,0.3,0.6,0.3,4.5,0.3,4.8,847.2
7,43,1,2,0.9,0.2,0,0,0.1,0.9,0,0.9,113.5
7,49,1,2,0.9,0.2,0,0,0.1,0.9,0,0.9,113.5
7,50,1,4,1.8,0.4,0,0,0.2,1.8,0,1.8,227.1
7,65,2,5,1.9,0.6,0.3,0,0.1,1.9,0.1,1.6,208.8
7,66,2,84,32.4,9.7,3.8,0,0.2,32.4,0.5,27.6,3637.6
7,67,1,3,1.6,0.6,0,0,0.1,1.6,0.1,1.4,170.3
7,87,1,2,0.7,0,0,0,0.1,0.7,0.1,0.7,96.4
7,89,2,30.5,13.4,3.3,0.6,0,0.8,13.4,0.6,12.2,1574.3
7,90,2,74,36.4,14.1,2.1,1,3.3,35.4,2.1,28,3805.1
7,91,3,24,10.6,2.6,0.4,0,0.7,10.6,0.4,9.6,1238.8
7,94,0,26,11,1,0,0,0,11,0,11,1238
7,95,0,116.5,57,17,2,0,5,57,6,50,5405
7,96,1,5,2.2,0.6,0.1,0,0.3,2.2,0.2,2,264.3
7,97,0,65,31,10,3,0,1,31,1,29,3304
7,98,4,37.5,15.3,3,0.6,0.3,1.3,15,0.6,12.2,1923.4
7,103,2,15,5.1,0.4,0.4,0,0.6,5.1,0,5.1,793
7,111,2,96,37.9,8.6,2.6,0,3.2,37.9,3,35.9,4939.4
7,112,3,110,46.6,13.8,2.9,0.6,4.4,46,1.1,44.3,5434
7,113,2,64,26.9,7.9,0.7,4.1,1.6,22.8,4.3,20.3,3431.3
7,114,2,11,4.2,1.2,0.5,0,0.4,4.2,0.1,3.8,509.2
7,120,0,58,29,10,0,0,2,29,4,22,2676
7,121,0,189,86,30,4,0,5,86,1,72,8414
7,122,2,102,40.1,11.9,6.4,0,1.5,40.1,5.5,38.1,4484.7
7,123,1,24,8.4,1.5,1.1,0,0.4,8.4,0.4,8.4,997
8,22,1,1,0.6,0.3,0,0,0,0.6,0.1,0.4,67.7
8,25,2,20,9.5,2.4,0.2,0,0.5,9.5,1.1,7.9,1191.9
8,26,1,31.5,12.9,2.5,1,1,1.1,11.9,2.2,9.6,1277.4
8,37,1,1,0.6,0.2,0,0,0,0.6,0.1,0.6,71
8,42,3,38,17.8,6.1,0.6,0.9,0.9,16.9,2.8,13.3,2250.6
8,43,0,146,68,28,5,6,8,62,21,41,7277
8,44,3,59,30.4,17.5,1.9,0.3,0.6,30.1,5.3,14.1,2716.3
8,45,2,37,12.7,4.2,3.1,0,0.6,12.7,4.2,6,1282.3
8,48,3,26,15.6,8.2,0,1.4,0,14.2,1.4,10.4,1496.2
8,49,1,6,3.6,1.9,0,0.3,0,3.3,0.3,2.4,345.3
8,65,1,10,4.1,0.5,0.3,0,0,4.1,0.3,4.1,482.8
8,66,2,18,7.4,1,0.4,0,0,7.4,0.4,7.4,869.1
8,67,1,5,1.9,0.5,0.2,0,0.1,1.9,0.1,1.8,204.8
8,71,1,4,1.5,0.2,0.1,0.1,0.2,1.4,0.1,1.3,166.8
8,78,3,26.5,13.3,4.6,0.4,0,0,13.3,1.8,11,1479.4
8,79,2,9,4.5,1.5,0.1,0,0,4.5,0.6,3.7,502.5
8,81,1,6,3.3,1.4,0,0,0.4,3.3,0.4,2.3,382.6
8,83,3,24,10.2,1.9,0,0,0.3,10.2,0.3,9.5,1037.8
8,95,2,10,3.6,0.8,0.4,0,0,3.6,0,3.4,426.6
8,96,2,39,14.4,3.2,1.6,0,0,14.4,0,13.5,1663.5
8,97,2,13,6.6,1.8,0,0,0.6,6.6,0.6,6.6,717.1
8,101,1,2.5,1.3,0.3,0,0,0.1,1.3,0.1,1.3,137.9
8,103,3,40,15.3,2.1,1.4,0,1.4,15.3,0,15.3,2274.1
8,104,1,3,1.4,0.5,0,0,0,1.4,0,1.3,164.6
8,105,1,34,17.3,3.8,0,0.1,1,17.2,2.1,9.1,1614.4
8,106,1,23,10.7,3.5,0,0.3,0,10.4,0.3,9.8,1262.2
8,110,3,30,12.6,2.2,0.8,0.8,1.1,11.8,0,12.6,1440
8,111,1,140.5,60.8,13.6,2.2,0.2,2.3,60.6,1,53.8,6565
8,112,0,214,99,32,3,8,10,91,6,85,10651
8,113,3,139.5,60.9,20.8,5.1,5,7,55.9,4.3,51.6,6640.6
8,114,1,5,2,0.3,0.3,0,0.2,2,0.1,1.8,241.8
8,119,1,1,0.4,0.1,0.1,0,0,0.4,0,0.4,42.8
8,120,1,22,8.9,2.1,1.7,0,0.4,8.9,0.4,8.9,940.5
8,121,2,29,11.7,2.8,2.2,0,0.6,11.7,0.6,11.7,1239.8
8,122,1,8,2.5,0,0,0,0.1,2.5,0.3,2.2,322.6
8,123,1,4,1.2,0,0,0,0.1,1.2,0.1,1.1,161.3
9,0,1,13,5.1,1.2,0.5,0,0.3,5.1,0.6,3.6,622.8
9,1,2,50,19.7,4.7,1.8,0,1.2,19.7,2.4,13.7,2395.3
9,2,1,1,0.4,0.2,0,0,0,0.4,0,0.4,59.2
9,16,2,43,21.3,9.3,1,1,0.7,20.3,1.3,15.4,2198.3
9,17,3,49,23.1,8.3,0.7,0,0.7,23.1,4.1,19.3,2577.7
9,22,2,29,16.8,9.5,0.4,0.4,0.4,16.4,1.8,12.7,1963.9
9,23,2,63,31.4,16,2,0,1,31.4,2.4,24.6,3405.4
9,24,3,24,12.5,4.9,0.4,0.2,0.5,12.3,1.4,10,1511.5
9,25,2,28,13.4,3.2,0.4,0,0.6,13.4,1.6,11,1668.6
9,26,2,3,1.5,0.3,0,0,0,1.5,0.2,1.2,178.8
9,27,3,29,13.3,3.6,0.9,0,1.6,13.3,1.6,11.7,1350.1
9,41,2,16,9.1,3.8,0,0,0.8,9.1,1.6,9.1,1135.2
9,42,4,51,23.8,8.2,0.7,1.1,1.1,22.7,3.6,18,3020.5
9,43,1,40,18.5,6.2,1.2,1.3,2.3,17.2,3,12.9,2153.2
9,45,1,32,15.4,5.5,0.3,0,1.1,15.4,6.5,5.7,1363.6
9,48,1,3,1.8,0.9,0,0.2,0,1.6,0.2,1.2,172.6
9,69,1,1,0.4,0.1,0,0,0,0.4,0,0.3,41.7
9,70,2,57,23.9,7.3,1.6,0.6,4,23.3,5.6,20.9,2487.8
9,71,1,5,1.8,0.3,0.1,0.1,0.2,1.7,0.1,1.6,208.5
9,78,2,22,11.1,3.8,0.4,0,0,11.1,1.6,9.2,1228.2
9,81,2,17,9.4,4.1,0,0,1.2,9.4,1.2,6.4,1083.9
9,82,2,24,10.1,1.9,0,0,0.3,10.1,0.3,9.5,1037.8
9,83,2,37,15.6,3,0,0,0.5,15.6,0.5,14.6,1599.9
9,84,2,23,9.7,1.8,0,0,0.4,9.7,0.4,9.1,994.6
9,102,1,68.5,32.4,5.5,0.3,0,3.3,32.4,0,26.4,3533.7
9,103,0,170.5,77,23,2,1,6,76,7,65,7805
9,104,1,113,49.7,11.2,1,0.1,2,49.6,1.1,43.4,5377
9,105,1,47,21.3,7,1,0.3,1,21,0.3,19.5,2322.5
9,106,2,13,6.1,2,0,0.2,0,5.9,0.2,5.5,713.4
9,110,2,28.5,12,2,0.7,0.7,1,11.3,0,12,1368
9,111,3,12,5,0.8,0.2,0.2,0.4,4.8,0,5,576
9,112,1,127,51.7,11.5,2.4,6,7.2,45.7,5.2,34.6,4790.6
40,27,1,1,0.4,0.1,0,0,0,0.4,0,0.4,47.1
40,28,3,14,6,2,0.4,0,0.4,6,0.1,5.5,659.5
40,29,1,1,0.4,0.1,0,0,0,0.4,0,0.4,47.1
40,32,3,16,7.1,2,0.3,0,0.6,7.1,0.6,5.5,941.8
40,33,1,12,5.3,1.5,0.3,0,0.4,5.3,0.4,4.2,706.3
40,46,2,7,3.5,1.1,0.3,0,0.4,3.5,0.7,2.7,367.9
40,52,1,6,2.7,0.6,0,0.1,0.4,2.6,0.3,2,306
40,53,2,16.5,7.5,1.7,0,0.3,1,7.2,0.8,5.5,841.5
40,71,3,10,4.4,0.6,0,0,0.4,4.4,0,3,540.4
40,72,2,11,4.8,1.5,0.5,0.3,0.5,4.5,0.2,3.3,589.2
40,84,1,12.5,6.2,2.4,0.3,0,0.1,6.2,0.8,5.5,657.2
40,85,4,33,15.6,5.8,0.2,0,0.9,15.6,0.8,14.1,1709.7
40,86,2,20,9.7,3.8,0.3,0,0.4,9.7,1,8.8,1046.2
40,90,1,36,14.3,1.4,0.2,0.2,1.1,14.1,2.2,12.9,1482.1
40,91,2,114,50.9,17.1,3.6,0.6,1.7,50.3,4.6,43.8,5718.9
40,110,1,9,4,1.9,0.6,0,0.2,4,0.6,3.6,472.7
40,123,3,52,25.5,9.1,1.5,0,0.5,25.5,4.5,25,2766.4
12,24,1,2,0.8,0.2,0.1,0,0.1,0.8,0.1,0.6,69.9
12,25,1,4.5,1.7,0.4,0.2,0,0.3,1.7,0.2,1.3,157.4
12,27,1,7,3.4,1.2,0.1,0,0.3,3.4,1,2.9,345.1
12,28,1,4,2,0.7,0.1,0,0.2,2,0.6,1.6,197.2
12,29,1,2,1,0.3,0,0,0.1,1,0.3,0.8,98.6
12,51,2,3,1.2,0.5,0.2,0,0,1.2,0,1.1,157.2
12,66,1,2,0.8,0.1,0.1,0,0,0.8,0.1,0.8,96.6
12,67,2,27,10.2,2.4,1.1,0,0.5,10.2,0.5,9.9,1105.7
12,68,1,5,1.9,0.5,0.2,0,0.1,1.9,0.1,1.8,204.8
12,73,4,22,12.2,5.1,0.4,0,1.2,12.2,1.7,10.6,1216.2
12,79,2,6,3.3,1.5,0,0,0.4,3.3,0.4,2.3,382.5
12,89,2,10,4.2,0.8,0,0,0.1,4.2,0.1,4,432.4
12,104,1,1,0.5,0.2,0,0,0,0.5,0,0.4,54.9
12,111,2,4,1.7,0.3,0.1,0.1,0.1,1.6,0,1.7,192
12,112,2,13,5.1,0.9,0.7,0,0.5,5.1,0.3,4.7,628.7
12,113,1,6,2.3,0.4,0.3,0,0.2,2.3,0.1,2.2,290.2
61,34,1,2,1.1,0.5,0.1,0,0,1.1,0.1,1.1,117.6
61,35,2,5,2.7,1.2,0.2,0,0,2.7,0.2,2.7,294.1
61,37,3,28,11.7,2.9,0.7,0.5,1.9,11.2,1.5,9.1,1399.2
61,38,3,56,22.8,4.7,2.6,0.4,1.7,22.4,1.4,16.5,2553.2
61,88,1,27,8.9,0,0,0,0.8,8.9,0,6.6,970.1
61,104,1,1,0.5,0.1,0,0,0,0.5,0.1,0.4,58.5
61,111,1,149.5,74,27.3,3,7,8.1,67,8.3,60,7202.9
61,112,4,49.5,21.6,6,2,0.5,2.6,21.1,3.5,19.6,2105.7
51,14,2,17,7.2,1.7,0.3,0.2,0.3,7,0.9,6.2,906.6
51,15,3,21,8.9,2.1,0.4,0.2,0.4,8.7,1.1,7.7,1119.9
51,24,2,6,2.7,0.8,0.2,0,0.1,2.7,0.6,2.3,346.3
51,29,1,4,1.7,0.6,0.2,0,0.1,1.7,0.5,1.3,210.2
51,64,1,3,1.3,0.2,0,0.1,0.1,1.2,0.1,0.9,137.1
51,65,1,4,1.7,0.3,0.1,0.1,0.1,1.6,0.1,1.2,182.8
51,85,1,3,1.3,0.3,0,0,0.1,1.3,0.2,1,163.2
51,97,2,28,11.7,3.8,1,0.6,0.3,11.1,2.3,10.5,1245
51,98,3,89,34.1,6.9,3.4,0.9,1.5,33.2,5.4,30.2,4199.1
51,99,1,2,0.8,0.3,0.1,0,0,0.8,0.2,0.8,88.9
51,100,2,9,4.3,2,0.4,0,0.4,4.3,0,3.6,412.4
51,111,2,55,23.9,7.3,1.6,2.6,2.6,21.3,1.6,17.9,3014.4
51,112,1,9,3.5,0.5,0,0,0.3,3.5,0.5,2.7,431.5
51,117,1,4,1.6,0.2,0,0,0.1,1.6,0.2,1.2,191.8
51,118,1,2,0.8,0.1,0,0,0.1,0.8,0.1,0.6,95.9
52,14,3,39.5,16.7,4,0.9,0.4,0.9,16.3,2.2,14.5,2106.5
52,15,2,47,23,7.2,1.2,0.1,1.2,22.9,1.7,20.4,2457
52,22,2,11,4.7,1.7,0.6,0,0.3,4.7,1.3,3.6,578
52,24,1,9,4.2,1,0,0,0,4.2,0.7,3.8,566
52,25,2,14,6.5,1.6,0,0,0,6.5,1.1,5.9,880.4
52,42,2,30,14.5,4.5,0,0,0,14.5,1,9.3,1379.5
52,43,1,8,3.4,0.7,0,0,0,3.4,0,1.8,319.3
52,47,1,10,4.3,0.9,0,0,0,4.3,0,2.3,399.1
52,48,1,11,4.7,0.9,0,0,0,4.7,0,2.5,439.1
52,98,1,2,0.8,0.3,0.1,0,0,0.8,0.2,0.8,88.9
52,111,1,2,0.9,0.2,0,0,0,0.9,0,0.6,112.6
52,117,2,42,19.1,4.1,1,0,0.6,19.1,3.1,16.4,2337.9
60,34,1,1,0.5,0.2,0,0,0,0.5,0,0.5,58.8
60,35,1,2,1.1,0.5,0.1,0,0,1.1,0.1,1.1,117.6
60,37,1,2,0.8,0.1,0.1,0,0.1,0.8,0.1,0.7,124.9
60,38,2,33,13.6,3,1,0.4,1.9,13.2,1.7,11.1,1761.2
60,63,1,6,2.9,1.1,0.3,0,0.2,2.9,0.2,2.3,282.5
60,73,2,38.5,17.2,5.9,0,0,1,17.2,1.8,15.9,1906.4
60,74,1,50,21.8,6,0,0,0.4,21.8,3.6,19,2601.4
60,87,3,83,32.8,6.6,1.6,0,3,32.8,1,25.6,3495.2
60,88,3,30,10,0.4,0.4,0,0.7,10,0,7.4,1106.4
60,104,1,4,1.9,0.4,0,0,0,1.9,0.3,1.4,233.9
60,111,0,57.5,24,7,2,0,1,24,10,6,1886
60,112,1,17,7.4,2.1,0.7,0.2,0.9,7.2,1.2,6.7,723.1
60,118,1,1,0.4,0.1,0,0,0,0.4,0,0.3,46
60,124,1,4,1.8,0.6,0,0,0.1,1.8,0.3,1.2,194.6
53,16,1,2,0.8,0.2,0.1,0,0.1,0.8,0.1,0.8,101.7
53,42,4,33,15,5.2,0.6,0,0.9,15,2.6,12.8,1777.3
53,46,1,33,15.7,5.5,0,0,0.1,15.7,0.1,15.3,1659.8
53,47,3,41,15.6,2.9,1.1,0,1.7,15.6,2.3,14.5,1641.1
53,48,1,1,0.4,0.1,0,0,0,0.4,0.1,0.4,40
53,60,1,2,0.9,0.1,0,0.1,0.1,0.8,0.1,0.6,91.4
53,82,1,3,1.3,0.3,0,0,0.1,1.3,0.2,1,163.2
53,91,2,57,21.4,5.2,2.9,0,0.2,21.4,0.6,19.7,2071.4
53,100,3,36,15.9,6.7,0.8,0,0,15.9,4.1,10.1,1497
53,105,1,1,0.5,0.1,0,0,0,0.5,0.1,0.4,63.2
53,117,1,29,13.9,5.1,0,0.1,0,13.8,1,9.8,1555.2
53,118,1,48,19.3,4.2,1,0.1,1,19.2,3,18.2,2266.9
59,26,2,14.5,5.8,1.6,0.5,0.2,0.9,5.6,0.6,5.2,666.1
59,37,1,10,4,0.6,0.6,0,0.3,4,0.6,3.7,624.3
59,38,1,2,0.8,0.1,0.1,0,0.1,0.8,0.1,0.7,124.9
59,39,1,11,4.4,0.6,0.6,0,0.3,4.4,0.6,4.1,686.7
59,73,2,5,2.2,0.9,0,0,0.1,2.2,0.1,2.1,250.3
59,74,2,99,47,16,0,0,5,47,5,41,5488
59,86,1,5,2.5,1.1,0,0,0.2,2.5,0,2.3,238
59,87,0,71.5,27,4,1,1,5,26,2,24,2676
59,88,3,36,12.3,2,2,0,0.5,12.3,0,9.4,1422.2
59,118,1,91.5,40.8,13.2,1.1,0.1,1.1,40.7,2.1,36.6,4300.1
59,119,2,34,12.9,2.6,1.1,0.5,1.1,12.4,1.1,10.3,1565.5
0,13,1,3,1.5,0.6,0,0.1,0.1,1.4,0,1.2,154.9
0,20,2,10,3.9,0.9,0.3,0,0.7,3.9,0.6,3.3,397.6
0,21,2,24,9.4,2.1,0.8,0,1.7,9.4,1.3,8,954.1
0,22,2,7,3.7,1.3,0,0.6,0,3.1,0.4,3,384.6
0,30,4,31,13.4,4.6,1,0.4,1.5,13,1,10.3,1550.5
0,34,1,4,1.7,0.3,0.2,0,0.2,1.7,0,1.2,264.5
0,55,2,6,2.8,0.8,0.1,0,0.2,2.8,0.4,2.6,332.8
0,56,2,62.5,29.8,11,2,0,3,29.8,3.2,25.4,3442.6
0,57,3,26,12.7,5.8,0.6,1.2,1.2,11.5,2.6,10.1,1336.1
0,58,1,1,0.5,0.2,0,0.1,0,0.4,0.1,0.4,51.4
0,72,1,2,0.8,0.3,0.2,0,0,0.8,0.2,0.5,137.6
0,100,1,2,0.8,0.2,0,0,0.1,0.8,0,0.7,102.6
0,109,1,1,0.4,0.1,0,0,0,0.4,0,0.4,49.2
0,110,3,48,19.2,3.7,1.7,0,1.4,19.2,0.3,17.2,2360.2
0,111,2,73,30.8,9.6,3.2,0,2.2,30.8,3,29.6,3211.2
0,124,2,8,3.8,1.1,0.1,0.6,0.2,3.2,0,3.2,459.5
0,125,3,72.5,34.4,12.3,0.5,2.8,1.3,31.6,0.2,29.3,4017
0,126,1,3,1.5,0.4,0,0.1,0,1.4,0,1.4,172.2
0,127,1,2,0.9,0.4,0.1,0.1,0,0.8,0,0.8,109.6
43,0,1,4,1.7,0.5,0.2,0,0.3,1.7,0.5,1.2,202.7
43,1,1,6,2.6,0.7,0.3,0,0.4,2.6,0.7,1.8,304.1
43,23,1,2,0.8,0.2,0,0.1,0,0.7,0.1,0.6,92.9
43,24,3,33,13,2.8,0.7,0.8,0.4,12.2,1.2,9.4,1532.2
43,25,3,28,11,2.3,0.7,0.7,0.3,10.3,1,7.9,1300
43,26,3,21,8.3,1.7,0.5,0.5,0.2,7.8,0.7,5.9,975
43,27,3,9,4.4,1.5,0.3,0,0,4.4,0.9,3.8,468.9
43,28,2,6,3,1,0.2,0,0,3,0.6,2.6,312.6
43,29,0,30,16,7,1,1,3,15,4,10,1357
43,30,1,80.5,40.6,21.2,4.2,9,2.2,31.6,4.2,26.9,4447.2
43,31,1,33.5,20.6,9.2,0.2,7,3.2,13.6,4.2,11.9,2258.2
43,32,2,42,20.2,5.8,0.8,0,1.6,20.2,1.6,14.8,2335.5
43,33,2,148.5,66.1,20.3,4.4,0,2.7,66.1,9.7,55,7265.3
43,34,1,26,12.5,3.6,0.5,0,1,12.5,1,9.2,1445.8
43,52,1,5,3.4,1.9,0,0,0.3,3.4,0.3,2.5,277.8
43,53,2,3,2.1,1.2,0,0,0.2,2.1,0.2,1.5,166.7
43,54,1,4,2.8,1.5,0,0,0.2,2.8,0.2,2,222.2
43,82,2,11,4.8,1.5,0.2,0,0.4,4.8,0.9,3.3,370.7
43,84,1,2,0.9,0.3,0,0,0.1,0.9,0.2,0.6,67.4
43,85,1,2.5,1.1,0.4,0,0,0.1,1.1,0.2,0.8,84.2
43,98,1,4,1.4,0.2,0.2,0,0,1.4,0.2,1.2,161.7
43,99,4,22,8.7,2.2,0.7,0,0.3,8.7,1,7.5,979.8
43,101,4,27.5,13.6,5.4,0.3,0,1.1,13.6,1.7,11,1466.9
43,102,2,6,2.5,0.7,0.1,0.2,0.1,2.3,0.5,1.6,291
43,115,1,69,30.2,10.6,2.8,0,2,30.2,5.3,24.3,2846.2
43,124,1,4,2,0.8,0,0.1,0.1,1.9,0.1,1.8,214.8
43,125,1,14,7,2.9,0,0.4,0.4,6.6,0.4,6.2,751.9
50,27,1,1,0.4,0.2,0.1,0,0,0.4,0.1,0.3,52.5
50,66,3,17.5,7.6,1.1,0.2,0.6,0.6,7,0.6,5.3,799.9
50,85,1,1,0.4,0.1,0,0,0,0.4,0.1,0.3,54.4
50,86,1,3,1.3,0.3,0,0,0.1,1.3,0.2,1,163.2
50,98,2,14,6,2,0.4,0.3,0.1,5.7,1,5.3,623.9
50,99,1,2,1,0.4,0.1,0,0.1,1,0,0.8,91.7
50,100,3,84,33.8,9.9,3.4,3.5,3.7,30.3,2.9,25.7,3893.6
50,102,1,7,3.3,1,0.1,0,0,3.3,0.4,3,442.1
50,110,1,1,0.5,0.2,0,0,0,0.5,0.1,0.4,53.7
50,111,3,55.5,24.5,5.9,0.5,0.3,0.5,24.2,3.9,20.4,2795
58,0,1,2,1,0.3,0,0,0.1,1,0.2,0.9,125.5
58,18,1,2,0.9,0.2,0,0,0,0.9,0,0.9,109.4
58,25,3,51,22.2,6.2,0.9,0.4,3.6,21.8,1.3,20.9,2448.4
58,26,3,70.5,30.1,10.1,2.6,0.5,2.6,29.6,3,26.1,3335.4
58,27,1,22.5,8.6,1.7,0.4,0,0.9,8.6,1.3,8.1,1025.6
58,41,1,1,0.4,0.1,0.1,0,0,0.4,0.1,0.4,62.4
58,53,1,3,1.5,0.6,0,0,0.1,1.5,0.2,1.2,152.7
58,64,1,3,1.5,0.5,0.2,0,0.1,1.5,0.1,1.2,141.2
58,74,1,2,0.9,0.4,0,0,0.1,0.9,0.1,0.8,100.1
58,79,2,6,2.9,1.1,0.1,0,0.1,2.9,0.4,2.5,359.5
58,80,1,83,39.4,15.9,1.1,3,1.1,36.4,5.3,28.1,4616.6
58,81,1,1,0.5,0.2,0,0,0,0.5,0.1,0.4,59.9
58,97,1,1,0.5,0.1,0,0,0,0.5,0.1,0.4,63.2
58,111,1,1.5,0.9,0.4,0,0.3,0.2,0.6,0.3,0.5,81.3
58,118,1,168.5,77.5,28.9,3.8,19.4,8.8,58.1,11.8,52.6,9067.1
58,119,1,71,31.8,10.2,1.1,1.1,2.1,30.7,2.1,25.6,3412.1
58,120,1,2,0.8,0.2,0.1,0.1,0.1,0.7,0.1,0.6,92.1
41,28,1,7,3,1,0.2,0,0.2,3,0.1,2.7,329.8
41,29,1,11,4.7,1.6,0.4,0,0.2,4.7,0.1,4.3,518.2
41,31,1,2,0.8,0.2,0.1,0,0.1,0.8,0.1,0.8,104.4
41,32,4,45.5,20.1,5.7,1.1,0,1.5,20.1,1.5,15.7,2678.2
41,35,1,7,3.1,0.9,0.2,0,0.2,3.1,0.2,2.4,412
41,45,1,6,3,0.9,0.2,0,0.4,3,0.6,2.2,315.4
41,51,2,19.5,8.9,1.5,0,0,1.5,8.9,1,7.9,981.9
41,52,1,49,21.8,7.5,1,6.3,2,15.5,3.8,11,1908
41,53,3,14.5,6.6,1.5,0,0.4,1,6.2,0.8,4.8,739.5
41,54,1,4,1.8,0.4,0,0.1,0.3,1.7,0.2,1.3,204
41,71,1,1,0.4,0.1,0,0,0,0.4,0,0.3,54
41,84,2,15,7.4,2.9,0.3,0,0.1,7.4,0.9,6.6,788.5
41,85,0,151,66,16,4,0,4,66,8,54,6641
41,86,2,16,7.8,3,0.4,0,0.2,7.8,1,7,841.2
41,90,1,11,5.5,1.7,0,0,0.4,5.5,0,5.3,671.8
41,91,1,101.5,47,13.6,3,1,3.2,46,5,40.9,5138.3
41,98,2,33,15.1,3.7,0.2,0,1.3,15.1,0.2,13.7,1569.1
41,99,2,11,4.3,1,0.4,0,0.4,4.3,0.4,3.8,513
57,11,1,4,1.6,0.3,0.1,0,0,1.6,0.1,1.6,224.6
57,12,2,44.5,23.2,10.3,0.1,9,3.1,14.2,4.4,13.8,2348.3
57,25,2,7,2.5,0.3,0.3,0,0.4,2.5,0.1,2,266.1
57,26,2,41,17,2.7,0.7,0,2.2,17,3.4,13.9,1976.4
57,27,1,9,3.8,1.4,0.5,0,0.3,3.8,1.1,3,472.9
57,64,1,1,0.5,0.2,0,0,0,0.5,0.1,0.4,55
57,65,2,15,7.3,3,0.2,0,0.4,7.3,0.8,6.1,824.4
57,66,2,7,3.4,1.4,0.1,0,0.2,3.4,0.4,2.8,384.7
57,79,2,28,9.9,1.3,1.1,0,0.7,9.9,3.7,8.6,1097.7
57,80,0,209.5,89,23,3,5,8,84,17,61,10159
57,81,0,65,27,7,1,0,1,27,2,23,3065
57,82,1,1,0.4,0.1,0,0,0,0.4,0.1,0.3,54.4
57,118,1,47.5,19.8,7.5,1.9,1,1.9,18.8,0.9,16,2129.5
57,119,1,3,1.2,0.5,0.1,0,0.1,1.2,0.1,1,134.5
57,123,2,8,2.9,0.6,0.2,0.3,0.2,2.6,0.2,2.4,403.4
57,124,1,14.5,5.2,1.1,0.3,0.5,0.3,4.7,0.3,4.4,731.1
42,28,3,61,25.6,6.5,1.1,0,0.6,25.6,0.4,24.5,2664.5
42,29,3,44,18.2,5,1.3,0,1,18.2,1.4,17,2174.9
42,30,1,86,34.8,11.2,0.1,0,3.1,34.8,5.1,31.8,3959.4
42,31,2,13,5.3,1.1,0.3,0,0.3,5.3,0.7,4.9,678.8
42,32,1,10,4.4,1.3,0.2,0,0.3,4.4,0.3,3.5,588.6
42,33,1,19,8.4,2.4,0.5,0,0.6,8.4,0.6,6.6,1118.4
42,34,2,38,17.8,6.6,0,7,1.2,10.8,3.2,6.4,2817.4
42,35,1,13,5.8,1.6,0.3,0,0.4,5.8,0.4,4.5,765.2
42,51,2,20,9.1,1.6,0,0,1.6,9.1,1,8.1,1007.1
42,52,4,16,7.4,1.6,0,0.3,1,7.1,0.9,5.4,816
42,53,3,62,30.6,8.3,0,1,2.8,29.6,3.2,20.3,3276
42,54,1,26.5,14.3,4.5,0,2.1,4.3,12.2,0.3,9.7,1480
42,66,1,2,0.9,0.1,0,0,0.1,0.9,0,0.6,108.1
42,71,1,3,1.3,0.2,0,0,0.1,1.3,0,0.9,162.1
42,85,2,71,34.9,11.5,0.4,0,4.2,34.9,4.1,30.9,3621.3
42,86,2,8,3.9,1.5,0.1,0,0.1,3.9,0.5,3.5,420.6
42,90,2,15,7.5,2.3,0,0,0.6,7.5,0,7.2,916.1
42,91,3,45,20.5,5.3,1,1,1.6,19.5,1,17.2,2630.2
42,98,4,68,26.3,6.1,2,0,2.5,26.3,2,23.4,3171.2
42,99,3,70.5,29.8,7.2,1.1,0,3.2,29.8,2.1,27.2,3462.5
44,0,2,57,22.7,4.3,2.9,1,1.3,21.7,5.3,15.9,2918.7
44,1,3,10,4.3,1.2,0.4,0,0.7,4.3,1.2,3,506.8
44,30,1,9,4.2,1.1,0.2,0.9,0.2,3.3,0.2,2.6,487.1
44,31,0,169,112,72,0,60,9,52,26,44,10765
44,32,0,274.5,146,73,4,34,17,112,39,64,12375
44,33,1,196.5,96.9,37.5,4.1,3,14.2,93.9,13.2,45.4,8591.4
44,34,1,5,2.4,0.7,0.1,0,0.2,2.4,0.2,1.8,278
44,40,1,4,1.8,0.7,0.1,0,0.3,1.8,0.2,1.5,213.1
44,82,2,9,4,1.3,0.1,0,0.4,4,0.8,2.7,303.3
44,83,1,7,3.1,1,0.1,0,0.3,3.1,0.6,2.1,235.9
44,98,1,24,8.2,1.2,1,0,0,8.2,1,7.5,970.2
44,99,2,20,6.9,1.1,0.8,0,0,6.9,0.8,6.3,808.5
44,101,1,63,24.4,4.5,1.2,0,2.6,24.4,2.8,21.2,2798.5
44,102,2,20,8.4,2.4,0.5,0.7,0.5,7.7,1.7,5.1,970.1
44,115,0,74,30,7,2,0,1,30,3,27,3135
44,116,1,9,3.1,1,0.5,0,0,3.1,0.2,2,323.5
44,124,1,4,2,0.8,0,0.1,0.1,1.9,0.1,1.8,214.8
44,125,3,43,21,8.4,0,0.3,1.3,20.7,3.3,15.3,2611.4
45,0,1,4,1.7,0.5,0.2,0,0.3,1.7,0.5,1.2,202.7
45,28,1,3,1.5,0.5,0.1,0,0,1.5,0.3,1.3,156.3
45,30,3,70,35.5,12.1,0.6,1.7,2.7,33.8,1.5,28.7,3909.4
45,31,1,180,102.5,52.4,1.8,17.2,9,85.3,17.4,57.5,8888.8
45,32,1,4,1.9,0.5,0.1,0,0.2,1.9,0.2,1.4,222.4
45,33,0,152,90,54,3,28,11,62,28,16,6109
45,36,1,1,0.5,0.1,0,0,0,0.5,0,0.4,55.6
45,52,4,17,10.8,6.3,0.4,0,0.2,10.8,1.1,7.4,948.9
45,79,1,6,2.6,0.8,0.3,0.1,0.3,2.5,0.1,1.8,321.4
45,82,2,2.5,1.1,0.3,0,0,0.1,1.1,0.2,0.7,84.2
45,83,1,2,0.9,0.3,0,0,0.1,0.9,0.2,0.6,67.4
45,85,1,14,6.2,2,0.3,0,0.6,6.2,1.1,4.2,471.8
45,98,3,105.5,40.7,10,4.1,0,1.9,40.7,3.7,36.2,4343.7
45,99,4,55,21.1,4.5,1.5,0.4,1.1,20.7,2.2,18.5,2352.6
45,100,1,10,4.9,1.9,0.1,0,0.4,4.9,0.6,4,533.4
45,110,1,8,3.3,1,0.2,0.2,0.2,3.1,0.7,2,388.1
45,115,2,41,14.7,4.1,1.9,0,0.5,14.7,1.1,10.8,1499.3
45,116,0,56.5,29,15,2,2,1,27,4,26,2846
45,126,1,12,6.5,3.3,0,0,1.5,6.5,0,5.5,724.4
48,0,4,46.5,20.4,5.6,1.3,0,2.2,20.4,4.2,17.6,2809
48,1,1,1,0.4,0.1,0,0,0,0.4,0.1,0.4,60.4
48,20,1,1,0.5,0.3,0,0,0,0.5,0.1,0.5,70
48,39,4,55,19.3,3.6,1.7,0,4.4,19.3,5.3,11.1,2162.3
48,40,2,84,30.7,2.5,2.5,0,2.1,30.7,1.1,29.9,3426.4
48,41,1,5,1.8,0.3,0.3,0,0.2,1.8,0.2,1.6,220.6
48,66,3,24,10.4,1.5,0.4,0.8,0.8,9.6,0.8,7.2,1097
48,67,3,58,22,5.7,2.5,0.7,0.8,21.3,2.5,19.6,2565
48,70,2,12,6.1,2.7,0,0,0.5,6.1,1,5.1,681
48,71,2,26,13.3,5.9,0,0,1.1,13.3,2.2,11.1,1475.6
48,75,1,13,4.9,0.9,0.7,0,0,4.9,0.9,3.8,567.1
48,76,2,27,10.2,1.9,1.4,0,0,10.2,1.9,7.9,1177.8
48,78,2,4,1.6,0.2,0.2,0,0,1.6,0.2,1.2,174.4
48,89,1,78,29.7,6.4,2,2,2.5,27.7,4.2,23.1,3573
48,90,2,96,40,6,0,0,3.8,40,5.8,30.8,4867.8
48,91,1,6,2,0,0,0,0.2,2,0.2,1.2,227.2
48,99,2,15,5.9,1.5,0.7,1.2,0.7,4.7,0.7,4.1,688.8
48,100,1,8,3.1,0.8,0.3,0.6,0.4,2.5,0.3,2.2,367.4
48,106,1,1,0.5,0.1,0,0,0,0.5,0.1,0.4,63.2
49,0,1,30,11.9,4.2,1.1,0,2.1,11.9,2.2,9.8,1356.8
49,19,1,2,1,0.5,0,0,0,1,0.3,0.9,140
49,20,3,21,11,5.4,0.5,0,0.5,11,3,9.6,1470
49,21,2,26,13.5,6.7,0.5,0,0.5,13.5,3.7,11.9,1820
49,22,1,5,2.1,0.8,0.3,0,0.2,2.1,0.6,1.7,262.7
49,39,3,23.5,8.3,1.3,1.2,0,1.1,8.3,1.1,7.3,1024
49,40,1,3,1.1,0.2,0.2,0,0.1,1.1,0.1,1,132.4
49,53,1,2,0.9,0.1,0,0.1,0.1,0.8,0.1,0.6,91.4
49,66,1,46,16.5,2.5,2.1,0.3,0.3,16.2,1.3,13.4,1881.7
49,67,1,13,4.9,1.3,0.5,0.2,0.2,4.7,0.5,4.4,574.9
49,70,2,11,5.6,2.4,0,0,0.4,5.6,0.9,4.7,624.4
49,84,1,4,1.7,0.4,0,0,0.1,1.7,0.2,1.3,217.6
49,100,4,73,28.5,7.3,3.2,5.7,3.6,22.8,3.2,20.2,3352.3
49,111,3,30,14.2,5.5,0.8,0,0.8,14.2,2.4,11.9,1611.4
54,42,4,53,24,8.1,0.9,0,1.4,24,4.1,20.3,2854.2
54,45,1,4,1.5,0.3,0,0,0.1,1.5,0.1,1.3,202.2
54,46,3,25,9.6,1.9,0,0,0.4,9.6,0.4,8.1,1263.7
54,47,3,26,9.9,1.9,0.7,0,1.1,9.9,1.5,9.2,1040.7
54,69,4,72,33.6,12.2,0.9,0,3.2,33.6,1.9,30.4,3903
54,70,1,50,19.5,2.8,1,0,1.5,19.5,2,17.1,2375.9
54,74,1,1,0.4,0.1,0.1,0,0,0.4,0.1,0.3,43.6
54,79,2,18.5,7.1,1.8,0.9,0,0,7.1,1.1,6.4,818.7
54,90,2,28,10.8,2.8,1.1,0,0.1,10.8,0.8,9.9,1111.6
54,91,3,73,34.3,14,2,1,1.3,33.3,4.4,29.6,3620
54,99,1,3,1.3,0.6,0.1,0,0,1.3,0.3,0.8,124.7
54,100,1,1,0.4,0.2,0,0,0,0.4,0.1,0.3,41.6
54,117,1,4,1.8,0.3,0,0.1,0,1.7,0,1.7,218.5
54,118,2,60,21.9,5.4,3,0.7,1,21.2,1,20.2,2480.5
