x,y,imputed,ind,men,men_1ind,men_5ind,men_coll,men_fmp,men_mais,men_pauv,men_prop,men_surf
3,0,1,1,0.4,0.1,0,0,0,0.4,0.1,0.4,45.6
7,0,1,2,0.9,0.3,0,0,0,0.9,0,0.8,107.8
14,0,1,3,1.4,0.5,0,0,0.1,1.4,0.1,1.2,157
18,0,1,2,1,0.4,0,0.1,0.1,0.9,0.1,0.8,104.7
22,0,1,4,1.9,0.8,0,0,0.1,1.9,0.4,1.6,181.3
24,0,1,8,3.1,0.5,0.3,0,0.3,3.1,0.5,2.3,370.6
25,0,1,2,0.8,0.1,0.1,0,0.1,0.8,0.1,0.6,92.6
27,0,1,2,0.8,0.1,0.1,0,0.1,0.8,0.1,0.6,92.6
29,0,1,1,0.5,0.2,0,0,0,0.5,0.1,0.4,56.3
30,0,1,3,1.4,0.6,0.1,0,0,1.4,0.2,1.3,168.9
34,0,1,1,0.4,0.1,0,0,0,0.4,0.1,0.4,50.1
36,0,1,4,1.8,0.4,0,0,0.1,1.8,0.3,1.8,200.3
46,0,1,3,1.3,0.4,0.1,0,0.1,1.3,0.3,1.1,139.7
52,0,1,1,0.4,0.1,0,0,0,0.4,0.1,0.4,46.6
62,0,1,2,0.9,0.3,0,0,0.1,0.9,0.2,0.8,96.9
64,0,1,2,0.8,0.2,0.1,0,0,0.8,0.1,0.7,93.5
66,0,1,4,1.7,0.4,0.1,0.1,0.1,1.6,0.2,1.5,187
67,0,1,25,10.5,2.6,0.7,0.9,0.4,9.6,1.5,9.2,1168.6
68,0,0,33,13,1,1,0,1,13,0,10,1240
74,0,1,14,6.5,1.7,0.6,0,0,6.5,0.6,5.8,745.8
76,0,1,4,1.9,0.5,0.2,0,0,1.9,0.2,1.6,213.1
81,0,1,2,0.8,0.2,0.1,0,0.1,0.8,0.1,0.7,91.2
83,0,0,39,15,3,2,0,1,15,0,15,1562
84,0,1,3,1.3,0.2,0.1,0,0.1,1.3,0.1,1.2,136.5
85,0,1,2,0.9,0.2,0.1,0,0,0.9,0,0.8,91
88,0,1,5,2.1,0.4,0.2,0,0.1,2.1,0.1,1.9,227.4
95,0,1,3,1.1,0.1,0.1,0,0.1,1.1,0.1,1,123
103,0,1,5,1.9,0.2,0.2,0,0.2,1.9,0.2,1.7,205
108,0,1,2,0.9,0.3,0,0,0.1,0.9,0.3,0.8,96.4
110,0,1,8,3.8,1.4,0,0,0.5,3.8,1.1,3,385.5
119,0,1,3,1.6,0.8,0,0,0,1.6,0.2,1.3,168.2
121,0,1,5,2.7,1.2,0.1,0.1,0.1,2.6,0.4,2.2,280.3
122,0,1,7,3.8,1.8,0.1,0.1,0.1,3.7,0.6,3.1,392.4
123,0,1,9,4.9,2.2,0.1,0.1,0.1,4.8,0.8,4,504.5
124,0,1,2,1,0.2,0.1,0,0.1,1,0.1,0.9,113.3
8,1,1,4,1.8,0.6,0.1,0,0,1.8,0.1,1.6,215.5
13,1,1,1,0.5,0.2,0,0,0,0.5,0,0.4,53.9
16,1,1,1,0.5,0.2,0,0,0,0.5,0,0.4,52.3
17,1,1,5,2.4,0.9,0,0.1,0.2,2.3,0.2,2,261.7
18,1,1,7,3.4,1.3,0,0.1,0.2,3.3,0.2,2.8,366.4
19,1,1,6,2.8,1.2,0,0,0.2,2.8,0.7,2.3,272
32,1,1,3,1.4,0.6,0.1,0,0,1.4,0.2,1.3,168.9
34,1,1,3,1.3,0.3,0,0,0.1,1.3,0.2,1.3,150.2
44,1,1,6,2.5,0.8,0.1,0,0.1,2.5,0.6,2.2,279.3
53,1,1,3,1.3,0.4,0.1,0,0.1,1.3,0.3,1.1,139.7
57,1,1,3,1.4,0.4,0.1,0,0.1,1.4,0.3,1.1,145.3
60,1,1,11,5,1.6,0.2,0,0.5,5,1.1,4.1,532.8
64,1,1,1,0.4,0.1,0,0,0,0.4,0.1,0.4,46.7
65,1,1,4,1.7,0.4,0.1,0.1,0.1,1.6,0.2,1.5,187
66,1,1,23,9.7,2.4,0.6,0.8,0.4,8.9,1.4,8.5,1075.1
67,1,1,15,6.3,1.6,0.4,0.5,0.3,5.8,0.9,5.5,701.2
68,1,1,17,7.2,1.8,0.4,0.6,0.3,6.6,1,6.3,794.7
69,1,1,2,0.8,0.1,0,0,0.1,0.8,0,0.8,92.7
83,1,1,9,3.6,1,0.4,0,0.4,3.6,0.6,3.1,410.6
84,1,1,2,0.9,0.2,0.1,0,0,0.9,0,0.8,91
86,1,1,2,0.9,0.2,0.1,0,0,0.9,0,0.8,91
108,1,1,5,2.4,0.8,0,0,0.3,2.4,0.7,1.9,240.9
110,1,1,2,0.9,0.3,0,0,0.1,0.9,0.3,0.8,96.4
114,1,1,3,1.3,0.4,0.2,0,0.1,1.3,0.4,1.1,129.1
117,1,1,5,2.1,0.7,0.4,0,0.1,2.1,0.6,1.8,215.2
0,2,1,2,0.9,0.2,0.1,0,0.1,0.9,0.2,0.8,91.1
2,2,1,3,1.3,0.3,0.1,0,0.1,1.3,0.3,1.1,136.7
3,2,1,1,0.4,0.1,0,0,0,0.4,0.1,0.4,45.6
7,2,1,2,0.9,0.3,0,0,0,0.9,0,0.8,107.8
8,2,1,4,1.8,0.6,0.1,0,0,1.8,0.1,1.6,215.5
15,2,1,7,3.4,1.3,0,0.1,0.2,3.3,0.2,2.8,366.4
16,2,1,3,1.4,0.5,0,0,0.1,1.4,0.1,1.2,157
17,2,1,12,5.8,2.2,0,0.2,0.4,5.6,0.4,4.8,628.2
18,2,1,20.5,9.8,3.7,0,0.3,0.7,9.5,0.7,8.1,1073.1
28,2,1,8,3.1,0.5,0.3,0,0.3,3.1,0.5,2.3,370.6
37,2,1,4,1.8,0.4,0,0,0.1,1.8,0.3,1.8,200.3
42,2,1,2,0.9,0.2,0,0,0.1,0.9,0.2,0.9,100.2
45,2,1,7,3,0.9,0.2,0,0.2,3,0.7,2.6,325.8
48,2,1,4,1.7,0.5,0.1,0,0.1,1.7,0.4,1.5,186.2
69,2,1,5,2,0.2,0,0,0.4,2,0,2,231.9
73,2,1,4,1.6,0.1,0,0,0.3,1.6,0,1.6,185.5
75,2,1,3,1.4,0.4,0.1,0,0,1.4,0.1,1.2,159.8
77,2,1,5,2.3,0.6,0.2,0,0,2.3,0.2,2.1,266.4
79,2,1,2,0.8,0.2,0.1,0,0.1,0.8,0.1,0.7,91.2
84,2,1,8,3.4,0.7,0.3,0,0.2,3.4,0.2,3.1,363.9
105,2,1,3,1.4,0.5,0,0,0.2,1.4,0.4,1.1,144.6
119,2,1,2,1.1,0.5,0,0,0,1.1,0.2,0.9,112.1
120,2,1,1,0.5,0.2,0,0,0,0.5,0.1,0.4,56.1
123,2,1,2,1.1,0.5,0,0,0,1.1,0.2,0.9,112.1
3,3,1,3,1.3,0.3,0.1,0,0.1,1.3,0.3,1.1,136.7
6,3,1,2,0.9,0.3,0,0,0,0.9,0,0.8,107.8
9,3,1,7,3.2,1.1,0.1,0,0,3.2,0.1,2.8,377.1
17,3,1,4,1.9,0.8,0,0,0.1,1.9,0.4,1.6,181.3
29,3,1,1,0.5,0.2,0,0,0,0.5,0.1,0.4,56.3
33,3,1,2,1,0.4,0,0,0,1,0.1,0.9,112.6
34,3,1,2,0.9,0.2,0,0,0.1,0.9,0.2,0.9,100.2
38,3,1,4,1.8,0.4,0,0,0.1,1.8,0.3,1.8,200.3
42,3,1,2,1,0.3,0,0,0,1,0,0.9,102.3
44,3,1,14,4.5,1,1.6,0,0.3,4.5,0.3,3.2,504
45,3,1,19,6,1.3,2.2,0,0.4,6,0.4,4.3,684
47,3,1,2,0.6,0.1,0.2,0,0,0.6,0,0.5,72
49,3,1,2,0.9,0.2,0,0,0,0.9,0.2,0.8,93.1
50,3,1,1,0.4,0.1,0,0,0,0.4,0.1,0.4,46.6
54,3,1,3,1.4,0.4,0.1,0,0.1,1.4,0.3,1.1,145.3
58,3,1,1,0.5,0.1,0,0,0,0.5,0.1,0.4,48.4
59,3,1,1,0.5,0.1,0,0,0,0.5,0.1,0.4,48.4
63,3,1,1,0.5,0.1,0,0,0,0.5,0.1,0.4,48.4
69,3,1,1,0.4,0.2,0,0,0,0.4,0.2,0.3,38.9
70,3,1,7.5,3.2,1.2,0.2,0,0,3.2,1.2,2.2,291.4
76,3,1,2,1,0.3,0,0,0.1,1,0.1,0.8,113.2
78,3,1,2,1,0.3,0,0,0.1,1,0.1,0.8,113.2
82,3,1,2,1,0.3,0,0,0.1,1,0.1,0.8,113.2
88,3,1,3,1.3,0.3,0,0,0.1,1.3,0.1,1.2,140.8
90,3,1,1,0.4,0.1,0,0,0,0.4,0,0.4,46.9
92,3,1,1,0.4,0.1,0,0,0,0.4,0,0.4,46.9
93,3,1,2,0.9,0.2,0,0,0,0.9,0.1,0.8,93.9
95,3,1,2,0.8,0.1,0.1,0,0.1,0.8,0.1,0.7,82
97,3,1,6,2.3,0.3,0.3,0,0.3,2.3,0.3,2,246
98,3,1,2,0.8,0.1,0.1,0,0.1,0.8,0.1,0.7,82
100,3,1,4,1.5,0.2,0.2,0,0.2,1.5,0.2,1.3,164
104,3,1,3,1.4,0.5,0,0,0.2,1.4,0.4,1.1,144.6
105,3,1,1,0.5,0.2,0,0,0.1,0.5,0.1,0.4,48.2
110,3,1,1,0.5,0.2,0,0,0.1,0.5,0.1,0.4,48.2
114,3,1,2,0.9,0.3,0.1,0,0,0.9,0.2,0.7,86.1
119,3,1,4,1.7,0.6,0.3,0,0.1,1.7,0.5,1.4,172.2
120,3,1,1,0.4,0.1,0.1,0,0,0.4,0.1,0.4,43
121,3,1,3,1.3,0.4,0.2,0,0.1,1.3,0.4,1.1,129.1
127,3,1,6,2.3,0.4,0.3,0,0.1,2.3,0.6,2,261.3
4,4,1,5,2.3,0.8,0.1,0,0,2.3,0.1,2,269.4
7,4,1,4,1.8,0.6,0.1,0,0,1.8,0.1,1.6,215.5
12,4,1,8,3.6,1.3,0.1,0,0,3.6,0.1,3.2,431
14,4,1,2,0.9,0.4,0,0,0.1,0.9,0.2,0.8,90.7
16,4,1,2,0.9,0.4,0,0,0.1,0.9,0.2,0.8,90.7
27,4,1,1,0.5,0.2,0,0,0,0.5,0.1,0.4,56.3
32,4,1,1,0.5,0.2,0,0,0,0.5,0.1,0.4,56.3
38,4,1,1,0.4,0.1,0,0,0,0.4,0.1,0.4,50.1
40,4,1,1,0.5,0.2,0,0,0,0.5,0,0.4,51.1
42,4,1,6,3,0.9,0.1,0,0,3,0.1,2.7,306.9
43,4,1,35.5,17.6,5.6,0.8,0,0,17.6,0.8,16,1815.7
44,4,0,24,14,7,0,2,0,12,3,10,1316
45,4,0,37,16,6,2,0,1,16,7,14,1671
49,4,1,6,2.5,0.8,0.1,0,0.1,2.5,0.6,2.2,279.3
52,4,1,3,1.3,0.4,0.1,0,0.1,1.3,0.3,1.1,139.7
53,4,1,2,0.9,0.2,0,0,0,0.9,0.2,0.8,93.1
55,4,1,5,2.3,0.7,0.1,0,0.2,2.3,0.5,1.9,242.2
57,4,1,6,2.8,0.9,0.1,0,0.2,2.8,0.6,2.2,290.6
58,4,1,2,0.9,0.3,0,0,0.1,0.9,0.2,0.8,96.9
59,4,1,1,0.5,0.1,0,0,0,0.5,0.1,0.4,48.4
62,4,1,3,1.4,0.4,0.1,0,0.1,1.4,0.3,1.1,145.3
71,4,1,5,2.1,0.8,0.2,0,0,2.1,0.8,1.5,194.3
74,4,1,5,2.5,0.7,0,0,0.2,2.5,0.3,2,283
80,4,1,4,2,0.5,0,0,0.1,2,0.3,1.6,226.4
84,4,1,4,1.7,0.4,0,0,0.1,1.7,0.2,1.6,187.8
85,4,1,3,1.3,0.3,0,0,0.1,1.3,0.1,1.2,140.8
86,4,1,2,0.9,0.2,0,0,0,0.9,0.1,0.8,93.9
98,4,1,1,0.4,0,0,0,0,0.4,0,0.3,41
103,4,1,2,0.8,0.1,0.1,0,0.1,0.8,0.1,0.7,82
110,4,1,3,1.4,0.5,0,0,0.2,1.4,0.4,1.1,144.6
112,4,1,3.5,1.7,0.6,0,0,0.2,1.7,0.5,1.3,168.7
114,4,1,1,0.4,0.1,0.1,0,0,0.4,0.1,0.4,43
116,4,1,5,2.1,0.7,0.4,0,0.1,2.1,0.6,1.8,215.2
0,5,1,2,0.9,0.2,0.1,0,0.1,0.9,0.2,0.8,91.1
6,5,1,2,0.9,0.3,0,0,0,0.9,0,0.8,107.8
7,5,1,4,1.8,0.6,0.1,0,0,1.8,0.1,1.6,215.5
12,5,1,1,0.5,0.2,0,0,0,0.5,0,0.4,53.9
16,5,1,1,0.5,0.2,0,0,0,0.5,0.1,0.4,45.3
22,5,1,3,1.4,0.6,0,0,0.1,1.4,0.3,1.2,136
25,5,1,2,1,0.4,0,0,0,1,0.1,0.9,112.6
26,5,1,5,2.4,1,0.1,0,0,2.4,0.4,2.1,281.5
30,5,1,4,1.9,0.8,0.1,0,0,1.9,0.3,1.7,225.2
36,5,1,1,0.4,0.1,0,0,0,0.4,0.1,0.4,50.1
47,5,1,2,0.6,0.1,0.2,0,0,0.6,0,0.5,72
63,5,1,2,0.9,0.3,0,0,0.1,0.9,0.2,0.8,96.9
69,5,1,5,2.1,0.8,0.2,0,0,2.1,0.8,1.5,194.3
82,5,1,2,1,0.3,0,0,0.1,1,0.1,0.8,113.2
88,5,1,3,1.3,0.3,0,0,0.1,1.3,0.1,1.2,140.8
91,5,1,2,0.9,0.2,0,0,0,0.9,0.1,0.8,93.9
94,5,1,2,0.8,0.1,0.1,0,0.1,0.8,0.1,0.7,82
104,5,1,2,0.9,0.3,0,0,0.1,0.9,0.3,0.8,96.4
108,5,1,4,1.9,0.7,0,0,0.2,1.9,0.5,1.5,192.8
109,5,1,1,0.5,0.2,0,0,0.1,0.5,0.1,0.4,48.2
112,5,1,1,0.5,0.2,0,0,0.1,0.5,0.1,0.4,48.2
113,5,1,7.5,3.5,1.3,0,0,0.4,3.5,1,2.8,361.4
119,5,1,3,1.3,0.4,0.2,0,0.1,1.3,0.4,1.1,129.1
3,6,1,9.5,4.2,1,0.3,0,0.3,4.2,0.9,3.6,432.8
7,6,1,1,0.5,0.2,0,0,0,0.5,0,0.4,53.9
8,6,1,1,0.5,0.2,0,0,0,0.5,0,0.4,53.9
12,6,1,2,0.9,0.3,0,0,0,0.9,0,0.8,107.8
16,6,1,3,1.4,0.6,0,0,0.1,1.4,0.3,1.2,136
17,6,1,1,0.5,0.2,0,0,0,0.5,0.1,0.4,45.3
29,6,1,4,1.9,0.8,0.1,0,0,1.9,0.3,1.7,225.2
45,6,1,5,1.6,0.3,0.6,0,0.1,1.6,0.1,1.1,180
65,6,1,3,1.2,0.1,0,0,0.2,1.2,0,1.2,139.1
71,6,1,1,0.4,0.2,0,0,0,0.4,0.2,0.3,38.9
72,6,1,1,0.4,0.2,0,0,0,0.4,0.2,0.3,38.9
73,6,1,6,2.6,1,0.2,0,0,2.6,1,1.8,233.1
76,6,1,1,0.5,0.1,0,0,0,0.5,0.1,0.4,56.6
78,6,1,1,0.5,0.1,0,0,0,0.5,0.1,0.4,56.6
79,6,1,5,2.5,0.7,0,0,0.2,2.5,0.3,2,283
85,6,1,4,1.7,0.4,0,0,0.1,1.7,0.2,1.6,187.8
87,6,1,2,0.9,0.2,0,0,0,0.9,0.1,0.8,93.9
103,6,1,5,1.9,0.2,0.2,0,0.2,1.9,0.2,1.7,205
119,6,1,6,2.6,0.9,0.4,0,0.1,2.6,0.7,2.1,258.3
123,6,1,2,0.9,0.3,0.1,0,0,0.9,0.2,0.7,86.1
125,6,1,2,0.8,0.1,0.1,0,0,0.8,0.2,0.7,87.1
126,6,1,2,0.8,0.1,0.1,0,0,0.8,0.2,0.7,87.1
127,6,1,1,0.4,0.1,0,0,0,0.4,0.1,0.3,43.5
0,7,1,7,3.1,0.8,0.2,0,0.2,3.1,0.7,2.6,318.9
2,7,1,2,0.9,0.2,0.1,0,0.1,0.9,0.2,0.8,91.1
3,7,1,1,0.4,0.1,0,0,0,0.4,0.1,0.4,45.6
13,7,1,2,0.9,0.3,0,0,0,0.9,0,0.8,107.8
16,7,1,1,0.5,0.2,0,0,0,0.5,0.1,0.4,45.3
17,7,1,4,1.9,0.8,0,0,0.1,1.9,0.4,1.6,181.3
22,7,1,4,1.9,0.8,0,0,0.1,1.9,0.4,1.6,181.3
23,7,1,1,0.5,0.2,0,0,0,0.5,0.1,0.4,45.3
25,7,1,5,2.4,1,0.1,0,0,2.4,0.4,2.1,281.5
35,7,1,4,1.8,0.4,0,0,0.1,1.8,0.3,1.8,200.3
47,7,1,2,0.6,0.1,0.2,0,0,0.6,0,0.5,72
52,7,1,2,0.9,0.2,0,0,0,0.9,0.2,0.8,93.1
70,7,1,4,1.7,0.7,0.1,0,0,1.7,0.7,1.2,155.4
77,7,1,6,3,0.8,0,0,0.2,3,0.4,2.4,339.6
89,7,1,1.5,0.7,0.1,0,0,0,0.7,0.1,0.6,70.4
93,7,1,5,2.2,0.5,0,0,0.1,2.2,0.2,2,234.7
101,7,1,3,1.1,0.1,0.1,0,0.1,1.1,0.1,1,123
102,7,1,2,0.8,0.1,0.1,0,0.1,0.8,0.1,0.7,82
110,7,1,3,1.4,0.5,0,0,0.2,1.4,0.4,1.1,144.6
0,8,1,4,1.4,0.2,0.1,0,0.1,1.4,0.1,1.2,173.8
7,8,1,3,1,0.2,0.2,0,0,1,0.2,0.8,110.2
8,8,1,3,1,0.2,0.2,0,0,1,0.2,0.8,110.2
13,8,1,2,0.7,0.2,0.2,0,0,0.7,0.1,0.6,73.5
14,8,1,1,0.5,0.2,0,0,0.1,0.5,0.1,0.4,57.1
18,8,1,1,0.5,0.2,0,0,0.1,0.5,0.1,0.4,57.1
30,8,1,10,3.3,0.6,0.5,0,0.2,3.3,0.6,2.8,354.4
39,8,1,4,1.7,0.5,0.1,0,0,1.7,0.3,1.5,178.6
40,8,1,4,1.7,0.5,0.1,0,0,1.7,0.3,1.5,178.6
43,8,1,5,2.1,0.7,0.1,0,0,2.1,0.4,1.8,223.3
44,8,1,8,3,0.5,0.5,0,0,3,0.3,2.6,357.1
45,8,1,2,0.8,0.1,0.1,0,0,0.8,0.1,0.6,89.3
46,8,1,2,0.8,0.1,0.1,0,0,0.8,0.1,0.6,89.3
53,8,1,5,1.9,0.3,0.3,0,0,1.9,0.2,1.6,223.2
69,8,1,3,1.1,0.2,0.1,0,0.1,1.1,0.2,1.1,144.8
84,8,1,6,2.8,0.8,0.2,0,0.4,2.8,0.3,2.4,290.6
91,8,1,2,1.1,0.5,0,0,0.1,1.1,0.1,1,110.6
97,8,1,7,4,1.6,0,0,0.3,4,1.3,3.3,444.4
105,8,1,6,2.5,0.4,0.2,0,0,2.5,0.4,2.4,258.5
113,8,1,5,2.1,0.3,0.2,0,0,2.1,0.3,2,215.5
114,8,1,5,1.9,0.4,0.3,0,0.1,1.9,0.6,1.5,201.6
119,8,1,7,3.7,2,0.2,0,0,3.7,1.3,3.3,386.1
0,9,1,6,2.1,0.3,0.2,0,0.1,2.1,0.2,1.8,260.6
3,9,1,4,1.4,0.2,0.1,0,0.1,1.4,0.1,1.2,173.8
10,9,1,5,1.7,0.4,0.4,0,0,1.7,0.3,1.4,183.7
12,9,1,6,2,0.5,0.5,0,0,2,0.4,1.7,220.4
14,9,1,3,1.5,0.5,0,0,0.2,1.5,0.3,1.1,171.4
16,9,1,6,2.9,1,0,0,0.3,2.9,0.6,2.3,342.8
19,9,1,1,0.5,0.2,0,0,0.1,0.5,0.1,0.4,57.1
24,9,1,6,2,0.4,0.3,0,0.1,2,0.4,1.7,212.6
35,9,1,1,0.4,0.1,0,0,0,0.4,0.1,0.4,44.7
41,9,1,2,0.8,0.3,0,0,0,0.8,0.2,0.7,89.3
49,9,1,4,1.5,0.2,0.2,0,0,1.5,0.2,1.3,178.6
51,9,1,2,0.8,0.1,0.1,0,0,0.8,0.1,0.6,89.3
57,9,1,3,1.2,0.3,0.1,0,0.1,1.2,0.1,1.2,153.2
60,9,1,6,2.4,0.6,0.1,0,0.1,2.4,0.1,2.4,306.3
65,9,1,3,1.1,0.2,0.1,0,0.1,1.1,0.2,1.1,144.8
67,9,1,3,1.1,0.2,0.1,0,0.1,1.1,0.2,1.1,144.8
68,9,1,3,1.1,0.2,0.1,0,0.1,1.1,0.2,1.1,144.8
72,9,1,2,0.8,0.1,0,0,0.1,0.8,0.2,0.7,96.6
75,9,1,11,5.3,1.3,0,0,0.4,5.3,0,5.3,627
78,9,1,2,1,0.2,0,0,0.1,1,0,1,114
80,9,1,3,1.5,0.6,0,0,0.2,1.5,0.4,1.4,162.2
90,9,1,1,0.6,0.3,0,0,0,0.6,0.1,0.5,55.3
94,9,1,1,0.6,0.2,0,0,0,0.6,0.2,0.5,63.5
101,9,1,3,1.7,0.7,0,0,0.1,1.7,0.6,1.4,190.5
105,9,1,3,1.3,0.2,0.1,0,0,1.3,0.2,1.2,129.3
112,9,1,3,1.3,0.2,0.1,0,0,1.3,0.2,1.2,129.3
113,9,1,2,0.8,0.1,0.1,0,0,0.8,0.1,0.8,86.2
114,9,1,2,0.7,0.2,0.1,0,0,0.7,0.2,0.6,80.7
117,9,1,3,1.1,0.2,0.2,0,0.1,1.1,0.4,0.9,121
118,9,1,2,0.7,0.2,0.1,0,0,0.7,0.2,0.6,80.7
2,10,1,4,1.4,0.2,0.1,0,0.1,1.4,0.1,1.2,173.8
3,10,1,3,1,0.2,0.1,0,0,1,0.1,0.9,130.3
5,10,1,1,0.3,0.1,0.1,0,0,0.3,0.1,0.3,36.7
12,10,1,2,0.7,0.2,0.2,0,0,0.7,0.1,0.6,73.5
14,10,1,3,1.5,0.5,0,0,0.2,1.5,0.3,1.1,171.4
23,10,1,2,1,0.3,0,0,0.1,1,0.2,0.8,114.3
26,10,1,8,2.6,0.5,0.4,0,0.1,2.6,0.5,2.2,283.5
41,10,1,4,1.7,0.5,0.1,0,0,1.7,0.3,1.5,178.6
50,10,1,2,0.8,0.1,0.1,0,0,0.8,0.1,0.6,89.3
54,10,1,3,1.2,0.3,0.1,0,0.1,1.2,0.1,1.2,153.2
69,10,1,2,0.8,0.1,0,0,0.1,0.8,0.2,0.7,96.6
71,10,1,5.5,2.1,0.3,0.1,0,0.2,2.1,0.4,2,265.5
72,10,1,6,2.3,0.4,0.1,0,0.2,2.3,0.5,2.2,289.7
75,10,1,9,4.3,1.1,0,0,0.4,4.3,0,4.3,513
77,10,1,1,0.5,0.1,0,0,0,0.5,0,0.5,57
79,10,1,2,1,0.4,0,0,0.2,1,0.3,0.9,108.2
81,10,1,1,0.5,0.2,0,0,0.1,0.5,0.1,0.5,54.1
82,10,1,2,1,0.4,0,0,0.2,1,0.3,0.9,108.2
85,10,1,2,0.9,0.3,0.1,0,0.1,0.9,0.1,0.8,96.9
86,10,0,56,21,5,2,2,2,19,2,17,2160
87,10,1,17,8,2.2,0.5,0,1,8,0.8,6.8,823.2
109,10,1,2,0.8,0.1,0.1,0,0,0.8,0.1,0.8,86.2
117,10,1,4,1.5,0.3,0.2,0,0.1,1.5,0.5,1.2,161.3
120,10,1,1,0.5,0.3,0,0,0,0.5,0.2,0.5,55.2
121,10,1,2,1.1,0.6,0,0,0,1.1,0.4,0.9,110.3
122,10,1,4,2.1,1.1,0.1,0,0,2.1,0.7,1.9,220.7
123,10,1,3,1.6,0.8,0.1,0,0,1.6,0.6,1.4,165.5
6,11,1,2,0.7,0.2,0.2,0,0,0.7,0.1,0.6,73.5
9,11,1,5,1.7,0.4,0.4,0,0,1.7,0.3,1.4,183.7
10,11,1,1,0.3,0.1,0.1,0,0,0.3,0.1,0.3,36.7
17,11,1,1,0.5,0.2,0,0,0.1,0.5,0.1,0.4,57.1
19,11,1,2,1,0.3,0,0,0.1,1,0.2,0.8,114.3
26,11,1,8,2.6,0.5,0.4,0,0.1,2.6,0.5,2.2,283.5
34,11,1,1,0.4,0.1,0,0,0,0.4,0.1,0.4,44.7
40,11,1,1,0.4,0.1,0,0,0,0.4,0.1,0.4,44.7
44,11,1,1,0.4,0.1,0.1,0,0,0.4,0,0.3,44.6
45,11,1,3,1.1,0.2,0.2,0,0,1.1,0.1,1,133.9
57,11,1,3,1.2,0.3,0.1,0,0.1,1.2,0.1,1.2,153.2
61,11,1,4,1.6,0.4,0.1,0,0.1,1.6,0.1,1.6,204.2
68,11,1,4,1.5,0.2,0.1,0,0.2,1.5,0.3,1.4,193.1
77,11,1,2,1,0.2,0,0,0.1,1,0,1,114
80,11,1,2,1,0.4,0,0,0.2,1,0.3,0.9,108.2
81,11,1,2.5,1.2,0.5,0,0,0.2,1.2,0.3,1.2,135.2
83,11,1,2,1,0.4,0,0,0.2,1,0.3,0.9,108.2
86,11,1,13,6.1,1.7,0.4,0,0.8,6.1,0.6,5.2,629.5
87,11,1,13,6.1,1.7,0.4,0,0.8,6.1,0.6,5.2,629.5
93,11,1,4,2.3,1.1,0,0,0.1,2.3,0.2,2,221.1
97,11,1,6,3.4,1.3,0,0,0.2,3.4,1.1,2.8,380.9
116,11,1,2,0.7,0.2,0.1,0,0,0.7,0.2,0.6,80.7
121,11,1,12,6.4,3.3,0.3,0,0,6.4,2.2,5.6,662
122,11,0,24,17,14,0,3,1,14,5,13,1595
124,11,1,4,1.9,0.5,0.1,0,0.1,1.9,0.5,1.4,182.7
127,11,1,2,0.9,0.3,0,0,0.1,0.9,0.2,0.7,91.3
1,12,1,1,0.3,0.1,0,0,0,0.3,0,0.3,43.4
7,12,1,9,3.1,0.7,0.7,0,0,3.1,0.5,2.5,330.7
9,12,1,4,1.4,0.3,0.3,0,0,1.4,0.2,1.1,147
10,12,1,7,2.4,0.6,0.6,0,0,2.4,0.4,2,257.2
15,12,1,2,1,0.3,0,0,0.1,1,0.2,0.8,114.3
19,12,1,3,1.5,0.5,0,0,0.2,1.5,0.3,1.1,171.4
21,12,1,3,1.5,0.5,0,0,0.2,1.5,0.3,1.1,171.4
31,12,1,6,2,0.4,0.3,0,0.1,2,0.4,1.7,212.6
32,12,1,4,1.3,0.2,0.2,0,0.1,1.3,0.2,1.1,141.8
36,12,1,2,0.8,0.3,0,0,0,0.8,0.2,0.7,89.3
39,12,1,3,1.2,0.4,0.1,0,0,1.2,0.3,1.1,134
40,12,1,2,0.8,0.3,0,0,0,0.8,0.2,0.7,89.3
52,12,1,1,0.4,0.1,0.1,0,0,0.4,0,0.3,44.6
59,12,1,2,0.8,0.2,0,0,0,0.8,0,0.8,102.1
61,12,1,1,0.4,0.1,0,0,0,0.4,0,0.4,51.1
85,12,1,3,1.4,0.4,0.1,0,0.2,1.4,0.1,1.2,145.3
86,12,1,2,0.9,0.3,0.1,0,0.1,0.9,0.1,0.8,96.9
87,12,1,5,2.4,0.7,0.1,0,0.3,2.4,0.2,2,242.1
88,12,1,7,3.3,0.9,0.2,0,0.4,3.3,0.3,2.8,339
89,12,1,1,0.6,0.3,0,0,0,0.6,0.1,0.5,55.3
90,12,1,5,2.8,1.3,0,0,0.1,2.8,0.3,2.5,276.4
94,12,1,1,0.6,0.2,0,0,0,0.6,0.2,0.5,63.5
101,12,1,2,1.1,0.4,0,0,0.1,1.1,0.4,0.9,127
105,12,1,3,1.3,0.2,0.1,0,0,1.3,0.2,1.2,129.3
111,12,1,2,0.8,0.1,0.1,0,0,0.8,0.1,0.8,86.2
112,12,1,2,0.8,0.1,0.1,0,0,0.8,0.1,0.8,86.2
116,12,1,2,0.7,0.2,0.1,0,0,0.7,0.2,0.6,80.7
118,12,1,2.5,0.9,0.2,0.2,0,0.1,0.9,0.3,0.8,100.8
121,12,1,10,5.3,2.8,0.2,0,0,5.3,1.9,4.7,551.6
122,12,1,4,2.1,1.1,0.1,0,0,2.1,0.7,1.9,220.7
124,12,1,2,0.9,0.3,0,0,0.1,0.9,0.2,0.7,91.3
4,13,1,2,1.1,0.6,0,0,0.1,1.1,0.3,0.5,97.2
5,13,1,6,3.3,1.7,0.1,0.1,0.2,3.2,0.9,1.6,291.5
19,13,1,2,1,0.3,0,0,0.1,1,0.2,0.8,114.3
26,13,1,1,0.3,0.1,0,0,0,0.3,0.1,0.3,35.4
68,13,1,3,1.3,0.2,0.1,0.1,0,1.2,0.2,1.1,171.2
73,13,1,6.5,2.5,0.4,0.1,0,0.3,2.5,0.5,2.3,313.8
93,13,1,2,1.1,0.5,0,0,0.1,1.1,0.1,1,110.6
94,13,1,5,2.9,1.1,0,0,0.2,2.9,0.9,2.3,317.4
101,13,1,3,1.7,0.7,0,0,0.1,1.7,0.6,1.4,190.5
109,13,1,1,0.4,0.1,0,0,0,0.4,0.1,0.4,43.1
123,13,1,4,1.5,0.3,0.2,0,0.1,1.5,0.5,1.2,161.3
126,13,1,1,0.5,0.1,0,0,0,0.5,0.1,0.3,45.7
4,14,1,2,1.1,0.6,0,0,0.1,1.1,0.3,0.5,97.2
5,14,1,1,0.6,0.3,0,0,0,0.6,0.1,0.3,48.6
7,14,1,2,1.1,0.6,0,0,0.1,1.1,0.3,0.5,97.2
12,14,1,1,0.4,0.2,0,0,0,0.4,0.1,0.4,49.9
13,14,1,2,0.9,0.3,0.1,0,0.1,0.9,0.1,0.8,99.9
24,14,1,2,0.7,0.1,0.1,0,0,0.7,0.1,0.6,70.9
42,14,1,1,0.4,0.1,0,0,0,0.4,0.1,0.4,44.7
43,14,1,1,0.4,0.1,0,0,0,0.4,0.1,0.4,44.7
51,14,1,3,1.1,0.2,0.2,0,0,1.1,0.1,1,133.9
55,14,1,5,2,0.5,0.1,0,0.1,2,0.1,2,255.2
73,14,1,2,0.8,0.1,0,0,0.1,0.8,0.2,0.7,96.6
74,14,1,3,1.5,0.6,0,0,0.2,1.5,0.4,1.4,162.2
77,14,1,4,2,0.8,0,0,0.3,2,0.5,1.9,216.3
78,14,1,5.5,2.8,1.2,0,0,0.4,2.8,0.7,2.6,297.4
81,14,1,2,1,0.4,0,0,0.2,1,0.3,0.9,108.2
86,14,1,1,0.6,0.3,0,0,0,0.6,0.1,0.5,55.3
90,14,1,3,1.7,0.8,0,0,0.1,1.7,0.2,1.5,165.9
96,14,1,3,1.7,0.7,0,0,0.1,1.7,0.6,1.4,190.5
98,14,1,1,0.6,0.2,0,0,0,0.6,0.2,0.5,63.5
103,14,1,3,1.7,0.7,0,0,0.1,1.7,0.6,1.4,190.5
119,14,1,4,1.5,0.3,0.2,0,0.1,1.5,0.5,1.2,161.3
123,14,1,2,0.7,0.2,0.1,0,0,0.7,0.2,0.6,80.7
0,15,1,2,0.7,0.1,0.1,0,0,0.7,0.1,0.6,86.9
3,15,1,2,0.7,0.1,0.1,0,0,0.7,0.1,0.6,86.9
13,15,1,4,1.8,0.7,0.1,0,0.1,1.8,0.3,1.7,199.7
18,15,1,1,0.5,0.2,0,0,0.1,0.5,0.1,0.4,57.1
32,15,1,2,0.7,0.1,0.1,0,0,0.7,0.1,0.6,70.9
33,15,1,4,1.3,0.2,0.2,0,0.1,1.3,0.2,1.1,141.8
35,15,1,7,2.9,0.9,0.2,0,0,2.9,0.6,2.6,312.6
48,15,1,7,2.6,0.4,0.4,0,0,2.6,0.3,2.2,312.5
52,15,1,2,0.8,0.1,0.1,0,0,0.8,0.1,0.6,89.3
60,15,1,8,3.2,0.8,0.2,0,0.2,3.2,0.2,3.2,408.4
61,15,1,2,0.8,0.2,0,0,0,0.8,0,0.8,102.1
62,15,1,3,1.2,0.3,0.1,0,0.1,1.2,0.1,1.2,153.2
65,15,1,5,2.1,0.4,0.1,0.1,0,2,0.4,1.9,285.4
66,15,1,2,0.8,0.2,0,0,0,0.8,0.2,0.8,114.2
71,15,1,3,1.1,0.2,0.1,0,0.1,1.1,0.2,1.1,144.8
86,15,1,2,1.1,0.5,0,0,0.1,1.1,0.1,1,110.6
87,15,1,2,1.1,0.5,0,0,0.1,1.1,0.1,1,110.6
92,15,1,1,0.6,0.3,0,0,0,0.6,0.1,0.5,55.3
97,15,1,3,1.7,0.7,0,0,0.1,1.7,0.6,1.4,190.5
98,15,1,1,0.6,0.2,0,0,0,0.6,0.2,0.5,63.5
99,15,1,2,1.1,0.4,0,0,0.1,1.1,0.4,0.9,127
119,15,1,1,0.4,0.1,0.1,0,0,0.4,0.1,0.3,40.3
124,15,1,2,0.9,0.3,0,0,0.1,0.9,0.2,0.7,91.3
10,16,1,14,6.3,2.4,0.5,0,0.5,6.3,1,5.8,699
11,16,1,3,1.3,0.5,0.1,0,0.1,1.3,0.2,1.2,149.8
28,16,1,3,1,0.2,0.1,0,0,1,0.2,0.8,106.3
29,16,1,4,1.3,0.2,0.2,0,0.1,1.3,0.2,1.1,141.8
49,16,1,4,1.5,0.2,0.2,0,0,1.5,0.2,1.3,178.6
52,16,1,3,1.1,0.2,0.2,0,0,1.1,0.1,1,133.9
64,16,1,3,1.3,0.2,0.1,0.1,0,1.2,0.2,1.1,171.2
65,16,1,11,4.6,0.9,0.2,0.2,0,4.4,0.9,4.2,627.9
69,16,1,2,0.8,0.1,0,0,0.1,0.8,0.2,0.7,96.6
72,16,1,1,0.4,0.1,0,0,0,0.4,0.1,0.4,48.3
77,16,1,4,2,0.8,0,0,0.3,2,0.5,1.9,216.3
83,16,1,1,0.5,0.2,0,0,0.1,0.5,0.1,0.5,54.1
92,16,1,2,1.1,0.5,0,0,0.1,1.1,0.1,1,110.6
95,16,1,1,0.6,0.2,0,0,0,0.6,0.2,0.5,63.5
99,16,1,2,1.1,0.4,0,0,0.1,1.1,0.4,0.9,127
102,16,1,3,1.7,0.7,0,0,0.1,1.7,0.6,1.4,190.5
106,16,1,2,0.8,0.1,0.1,0,0,0.8,0.1,0.8,86.2
119,16,1,5,1.9,0.4,0.3,0,0.1,1.9,0.6,1.5,201.6
120,16,1,1,0.4,0.1,0.1,0,0,0.4,0.1,0.3,40.3
124,16,1,2,0.9,0.3,0,0,0.1,0.9,0.2,0.7,91.3
125,16,1,9,4.2,1.2,0.1,0,0.3,4.2,1,3.1,411
126,16,1,1,0.5,0.1,0,0,0,0.5,0.1,0.3,45.7
4,17,1,4,2.2,1.2,0.1,0.1,0.1,2.1,0.6,1,194.3
5,17,1,6,3.3,1.7,0.1,0.1,0.2,3.2,0.9,1.6,291.5
8,17,1,46,25.3,13.3,0.7,0.7,1.3,24.6,6.7,12,2234.7
9,17,0,31,14,5,1,1,2,13,3,10,1372
10,17,1,4,1.8,0.7,0.1,0,0.1,1.8,0.3,1.7,199.7
13,17,1,1,0.4,0.2,0,0,0,0.4,0.1,0.4,49.9
16,17,1,6,2.9,1,0,0,0.3,2.9,0.6,2.3,342.8
24,17,1,1,0.3,0.1,0,0,0,0.3,0.1,0.3,35.4
30,17,1,2,0.7,0.1,0.1,0,0,0.7,0.1,0.6,70.9
33,17,1,3,1,0.2,0.1,0,0,1,0.2,0.8,106.3
38,17,1,3,1.2,0.4,0.1,0,0,1.2,0.3,1.1,134
42,17,1,5,2.1,0.7,0.1,0,0,2.1,0.4,1.8,223.3
51,17,1,2,0.8,0.1,0.1,0,0,0.8,0.1,0.6,89.3
52,17,1,2,0.8,0.1,0.1,0,0,0.8,0.1,0.6,89.3
64,17,1,8,3.4,0.6,0.2,0.2,0,3.2,0.6,3,456.6
65,17,1,18,7.6,1.4,0.4,0.4,0,7.2,1.4,6.8,1027.4
71,17,1,4,1.5,0.2,0.1,0,0.2,1.5,0.3,1.4,193.1
76,17,1,4,2,0.8,0,0,0.3,2,0.5,1.9,216.3
85,17,1,1,0.6,0.3,0,0,0,0.6,0.1,0.5,55.3
86,17,1,2,1.1,0.5,0,0,0.1,1.1,0.1,1,110.6
88,17,1,3,1.7,0.8,0,0,0.1,1.7,0.2,1.5,165.9
92,17,1,1.5,0.9,0.4,0,0,0,0.9,0.1,0.8,82.9
101,17,1,2,1.1,0.4,0,0,0.1,1.1,0.4,0.9,127
112,17,1,2,0.8,0.1,0.1,0,0,0.8,0.1,0.8,86.2
122,17,1,9,3.3,0.7,0.6,0,0.2,3.3,1.1,2.8,363
4,18,1,4,2,0.5,0,0,0.1,2,0.2,1.7,207.7
5,18,1,2,1,0.3,0,0,0.1,1,0.1,0.8,103.8
7,18,1,7,3.5,0.9,0,0,0.2,3.5,0.4,2.9,363.4
8,18,1,4,2,0.5,0,0,0.1,2,0.2,1.7,207.7
9,18,1,16,7.8,2.5,0,0,0.8,7.8,2.1,5.7,760.6
10,18,1,1,0.5,0.2,0,0,0.1,0.5,0.1,0.4,47.5
16,18,1,3,1.3,0.4,0.1,0,0.1,1.3,0.3,1.2,154.8
18,18,1,1,0.4,0.1,0,0,0,0.4,0.1,0.4,51.6
22,18,1,4,1.8,0.5,0.1,0,0.1,1.8,0.4,1.6,206.4
37,18,1,2,1.1,0.5,0.1,0,0.1,1.1,0.3,0.9,98.3
40,18,1,3,1.7,0.7,0.1,0,0.1,1.7,0.4,1.4,147.5
44,18,1,2,0.8,0.1,0,0,0,0.8,0.1,0.7,110.3
50,18,1,1,0.4,0.1,0,0,0,0.4,0.1,0.4,55.1
56,18,1,4,1.6,0.4,0.1,0,0.3,1.6,0.3,1.4,198.3
57,18,1,2,0.8,0.2,0,0,0.1,0.8,0.1,0.7,99.1
63,18,1,6,2.4,0.6,0.1,0,0.4,2.4,0.4,2,297.4
66,18,1,2,1.1,0.4,0,0,0.2,1.1,0.1,0.9,125.7
75,18,1,1,0.5,0.2,0,0,0,0.5,0,0.5,55.7
87,18,1,4,2.2,0.9,0,0,0,2.2,0.8,1.8,201.5
93,18,1,3,1.6,0.7,0,0,0,1.6,0.6,1.4,151.2
98,18,1,3,1.3,0.4,0.1,0,0,1.3,0.3,1.3,134.8
101,18,1,1,0.4,0.1,0,0,0,0.4,0.1,0.4,44.9
109,18,1,7,3.3,1.3,0.4,0,0,3.3,0.7,3.1,449.1
113,18,1,2,0.9,0.4,0.1,0,0,0.9,0.2,0.9,128.3
114,18,1,2,0.8,0.3,0.1,0,0.1,0.8,0.2,0.7,96.8
115,18,1,17,7.1,2.5,0.6,0.3,0.6,6.8,2,6,822.8
116,18,1,1,0.4,0.1,0,0,0,0.4,0.1,0.3,48.4
0,19,1,3,1.5,0.7,0,0,0.1,1.5,0.1,1.3,170
3,19,1,1,0.5,0.2,0,0,0,0.5,0,0.4,56.7
8,19,1,11,5.5,1.4,0,0,0.3,5.5,0.6,4.6,571.1
9,19,1,1,0.5,0.2,0,0,0.1,0.5,0.1,0.4,47.5
13,19,1,6,2.9,0.9,0,0,0.3,2.9,0.8,2.2,285.2
23,19,1,1,0.4,0.1,0,0,0,0.4,0.1,0.4,51.6
26,19,1,2,1.1,0.5,0,0,0,1.1,0.2,0.9,112.7
30,19,1,5,2.9,1.1,0,0,0,2.9,0.6,2.1,281.9
35,19,1,1,0.6,0.2,0,0,0,0.6,0.1,0.5,49.2
36,19,1,7,3.9,1.6,0.2,0,0.2,3.9,0.9,3.2,344.1
40,19,1,2,1.1,0.5,0.1,0,0.1,1.1,0.3,0.9,98.3
43,19,1,1,0.6,0.2,0,0,0,0.6,0.1,0.5,49.2
44,19,1,2,0.8,0.1,0,0,0,0.8,0.1,0.7,110.3
52,19,1,1,0.4,0.1,0,0,0,0.4,0.1,0.4,55.1
63,19,1,2,0.8,0.2,0,0,0.1,0.8,0.1,0.7,99.1
74,19,1,2,1.1,0.4,0,0,0.1,1.1,0.1,1.1,111.4
77,19,1,1,0.5,0.2,0,0,0,0.5,0,0.5,55.7
84,19,1,2,1.1,0.5,0,0,0,1.1,0.4,0.9,100.8
86,19,1,2,1.1,0.5,0,0,0,1.1,0.4,0.9,100.8
107,19,1,2,1.4,1.1,0,0,0,1.4,0.2,1.2,155.6
109,19,1,1,0.5,0.2,0.1,0,0,0.5,0.1,0.4,64.2
110,19,1,2,0.9,0.4,0.1,0,0,0.9,0.2,0.9,128.3
112,19,1,1,0.5,0.2,0.1,0,0,0.5,0.1,0.4,64.2
114,19,1,3,1.2,0.4,0.1,0,0.1,1.2,0.4,1,145.2
115,19,1,21,8.8,3.1,0.7,0.4,0.7,8.4,2.4,7.3,1016.4
117,19,1,5,2.1,0.8,0.2,0.1,0.2,2,0.6,1.8,242
119,19,1,2,0.7,0.1,0.1,0.1,0,0.6,0.1,0.4,81.9
120,19,1,5,1.9,0.3,0.3,0.3,0.1,1.6,0.3,1,204.7
2,20,1,1,0.5,0.2,0,0,0,0.5,0,0.4,56.7
8,20,1,5,2.5,0.7,0,0,0.1,2.5,0.3,2.1,259.6
9,20,1,5,2.4,0.8,0,0,0.3,2.4,0.6,1.8,237.7
11,20,1,3,1.5,0.5,0,0,0.2,1.5,0.4,1.1,142.6
14,20,1,2,0.9,0.2,0.1,0,0.1,0.9,0.2,0.8,103.2
21,20,1,2,0.9,0.2,0.1,0,0.1,0.9,0.2,0.8,103.2
24,20,1,2,1.1,0.5,0,0,0,1.1,0.2,0.9,112.7
34,20,1,2,1.1,0.5,0.1,0,0.1,1.1,0.3,0.9,98.3
46,20,1,5,2.1,0.3,0.1,0,0.1,2.1,0.3,1.8,275.7
50,20,1,4,1.7,0.3,0.1,0,0.1,1.7,0.3,1.4,220.5
52,20,1,4,1.7,0.3,0.1,0,0.1,1.7,0.3,1.4,220.5
57,20,1,4,1.6,0.4,0.1,0,0.3,1.6,0.3,1.4,198.3
61,20,1,3,1.2,0.3,0,0,0.2,1.2,0.2,1,148.7
62,20,1,2,0.8,0.2,0,0,0.1,0.8,0.1,0.7,99.1
68,20,1,2,1.1,0.4,0,0,0.2,1.1,0.1,0.9,125.7
83,20,1,4,2.1,0.9,0,0,0.2,2.1,0.2,2.1,222.8
86,20,1,4,2.2,0.9,0,0,0,2.2,0.8,1.8,201.5
94,20,1,7,3.1,0.9,0.3,0,0,3.1,0.6,3,314.5
103,20,1,1,0.4,0.1,0,0,0,0.4,0.1,0.4,44.9
115,20,1,4,1.7,0.6,0.1,0.1,0.1,1.6,0.5,1.4,193.6
4,21,1,1,0.5,0.1,0,0,0,0.5,0.1,0.4,51.9
8,21,1,2,1,0.3,0,0,0.1,1,0.1,0.8,103.8
21,21,1,3,1.3,0.4,0.1,0,0.1,1.3,0.3,1.2,154.8
25,21,1,1,0.6,0.2,0,0,0,0.6,0.1,0.4,56.4
29,21,1,1,0.6,0.2,0,0,0,0.6,0.1,0.4,56.4
54,21,1,4,1.6,0.4,0.1,0,0.3,1.6,0.3,1.4,198.3
56,21,1,4,1.6,0.4,0.1,0,0.3,1.6,0.3,1.4,198.3
58,21,1,3,1.2,0.3,0,0,0.2,1.2,0.2,1,148.7
65,21,1,1,0.6,0.2,0,0,0.1,0.6,0.1,0.4,62.8
68,21,1,2,1.1,0.4,0,0,0.2,1.1,0.1,0.9,125.7
70,21,1,2,1.1,0.4,0,0,0.2,1.1,0.1,0.9,125.7
75,21,1,1.5,0.8,0.3,0,0,0.1,0.8,0.1,0.8,83.5
76,21,1,4,2.1,0.9,0,0,0.2,2.1,0.2,2.1,222.8
81,21,1,2,1.1,0.4,0,0,0.1,1.1,0.1,1.1,111.4
88,21,1,2,1.1,0.5,0,0,0,1.1,0.4,0.9,100.8
89,21,1,1,0.5,0.2,0,0,0,0.5,0.2,0.5,50.4
95,21,1,3,1.3,0.4,0.1,0,0,1.3,0.3,1.3,134.8
100,21,1,5,2.2,0.7,0.2,0,0,2.2,0.4,2.1,224.7
101,21,1,2,0.9,0.3,0.1,0,0,0.9,0.2,0.8,89.9
102,21,1,2,0.9,0.3,0.1,0,0,0.9,0.2,0.8,89.9
104,21,1,2,1.4,1.1,0,0,0,1.4,0.2,1.2,155.6
105,21,1,4,2.8,2.1,0,0,0,2.8,0.5,2.4,311.3
107,21,1,1,0.7,0.5,0,0,0,0.7,0.1,0.6,77.8
114,21,1,4,1.7,0.6,0.1,0.1,0.1,1.6,0.5,1.4,193.6
6,22,1,2,1,0.3,0,0,0.1,1,0.1,0.8,103.8
10,22,1,3,1.5,0.5,0,0,0.2,1.5,0.4,1.1,142.6
12,22,1,2,1,0.3,0,0,0.1,1,0.3,0.7,95.1
13,22,1,2,1,0.3,0,0,0.1,1,0.3,0.7,95.1
15,22,1,3,1.3,0.4,0.1,0,0.1,1.3,0.3,1.2,154.8
23,22,1,2,0.9,0.2,0.1,0,0.1,0.9,0.2,0.8,103.2
38,22,1,3,1.7,0.7,0.1,0,0.1,1.7,0.4,1.4,147.5
39,22,1,1,0.6,0.2,0,0,0,0.6,0.1,0.5,49.2
44,22,1,2,0.8,0.1,0,0,0,0.8,0.1,0.7,110.3
49,22,1,2,0.8,0.1,0,0,0,0.8,0.1,0.7,110.3
58,22,1,6,2.4,0.6,0.1,0,0.4,2.4,0.4,2,297.4
62,22,1,1,0.4,0.1,0,0,0.1,0.4,0.1,0.3,49.6
64,22,1,3,1.7,0.6,0,0,0.3,1.7,0.2,1.3,188.5
72,22,1,4,2.3,0.8,0,0,0.5,2.3,0.2,1.7,251.3
75,22,1,1,0.5,0.2,0,0,0,0.5,0,0.5,55.7
76,22,1,2,1.1,0.4,0,0,0.1,1.1,0.1,1.1,111.4
92,22,1,1,0.5,0.2,0,0,0,0.5,0.2,0.5,50.4
102,22,1,1,0.4,0.1,0,0,0,0.4,0.1,0.4,44.9
105,22,1,3,2.1,1.6,0,0,0,2.1,0.4,1.8,233.5
106,22,1,3,2.1,1.6,0,0,0,2.1,0.4,1.8,233.5
108,22,1,2,1.4,1.1,0,0,0,1.4,0.2,1.2,155.6
109,22,1,6,2.8,1.1,0.4,0,0,2.8,0.6,2.6,384.9
110,22,1,13,6.1,2.4,0.8,0,0,6.1,1.2,5.7,834
117,22,1,3,1.2,0.4,0.1,0,0.1,1.2,0.4,1,145.2
122,22,1,2,0.7,0.1,0.1,0.1,0,0.6,0.1,0.4,81.9
123,22,1,4,1.5,0.3,0.3,0.2,0.1,1.3,0.3,0.8,163.7
126,22,1,4,1.7,0.3,0.2,0,0.1,1.7,0.3,1.3,202.3
4,23,1,1,0.6,0.2,0,0,0,0.6,0.1,0.4,73.6
14,23,1,2,0.9,0.2,0.1,0,0.1,0.9,0.2,0.8,103.2
28,23,1,2,1.1,0.5,0.1,0,0,1.1,0.4,0.9,111.7
29,23,1,5,2.9,1.1,0,0,0,2.9,0.6,2.1,281.9
36,23,1,3,1.7,0.7,0.1,0,0.1,1.7,0.4,1.4,147.5
39,23,1,2,1.1,0.5,0.1,0,0.1,1.1,0.3,0.9,98.3
51,23,1,2,0.8,0.1,0,0,0,0.8,0.1,0.7,110.3
55,23,1,2,0.8,0.2,0,0,0.1,0.8,0.1,0.7,99.1
64,23,1,1,0.6,0.2,0,0,0.1,0.6,0.1,0.4,62.8
69,23,1,4,2.3,0.8,0,0,0.5,2.3,0.2,1.7,251.3
78,23,1,3,1.6,0.9,0.1,0.2,0,1.4,0.1,0.9,180.4
87,23,1,2,1,0.5,0.1,0.2,0,0.8,0.2,0.7,106.6
93,23,1,2,1.1,0.5,0,0,0,1.1,0.4,0.9,100.8
107,23,1,7,3.3,0.6,0.3,0,0,3.3,0.9,2.7,395.7
109,23,1,2,0.8,0.1,0.1,0,0,0.8,0.1,0.7,83
110,23,0,20,12,8,0,4,0,8,3,6,1333
111,23,1,5,1.9,0.3,0.3,0,0,1.9,0.3,1.7,207.6
116,23,1,1,0.4,0.1,0.1,0.1,0,0.3,0.1,0.2,40.9
118,23,1,6,2.2,0.4,0.4,0.3,0.1,1.9,0.4,1.3,245.6
121,23,1,1,0.4,0.1,0.1,0.1,0,0.3,0.1,0.2,40.9
122,23,1,3,1.1,0.2,0.2,0.1,0.1,1,0.2,0.6,122.8
124,23,1,1,0.4,0.1,0.1,0,0,0.4,0.1,0.3,50.6
6,24,1,2,1.1,0.5,0,0,0,1.1,0.2,0.9,147.1
12,24,1,1,0.6,0.2,0,0,0,0.6,0.1,0.4,73.6
26,24,1,1,0.5,0.2,0,0,0,0.5,0.2,0.5,55.9
27,24,1,9,4.9,2,0.4,0,0,4.9,1.6,4.1,502.8
28,24,0,40,25,15,1,2,1,23,6,18,2327
29,24,1,9,5.1,2.1,0,0,0,5.1,1,3.9,507.3
32,24,1,1,0.6,0.2,0,0,0,0.6,0.1,0.4,56.4
63,24,1,2,0.8,0.2,0,0,0.1,0.8,0.1,0.7,99.1
69,24,1,1,0.6,0.2,0,0,0.1,0.6,0.1,0.4,62.8
78,24,1,4,2.2,1.2,0.2,0.4,0,1.8,0.2,1.2,240.5
86,24,1,1,0.5,0.3,0,0.1,0,0.4,0.1,0.4,53.3
87,24,1,1,0.5,0.3,0,0.1,0,0.4,0.1,0.4,53.3
98,24,1,3,1.3,0.4,0.1,0,0,1.3,0.3,1.3,134.8
105,24,1,2,1,0.2,0.1,0,0,1,0.3,0.8,113
106,24,1,1,0.5,0.1,0,0,0,0.5,0.1,0.4,56.5
110,24,1,15,5.7,1,1,0,0,5.7,1,5.2,622.8
1,25,1,3,1.3,0.3,0.1,0,0,1.3,0,1.1,148.4
3,25,1,6,2.6,0.6,0.2,0,0,2.6,0,2.2,296.8
6,25,1,1,0.6,0.2,0,0,0,0.6,0.1,0.4,73.6
9,25,1,1,0.6,0.2,0,0,0,0.6,0.1,0.4,73.6
17,25,1,1,0.4,0.1,0,0,0,0.4,0.1,0.4,51.6
18,25,1,2,0.9,0.2,0.1,0,0.1,0.9,0.2,0.8,103.2
26,25,1,2,1.1,0.5,0.1,0,0,1.1,0.4,0.9,111.7
28,25,0,23.5,14,6,0,0,2,14,4,12,1333
33,25,1,2,1.1,0.5,0,0,0,1.1,0.2,0.9,112.7
35,25,1,3,1.7,0.7,0.1,0,0.1,1.7,0.4,1.4,147.5
46,25,1,2,0.8,0.1,0,0,0,0.8,0.1,0.7,110.3
49,25,1,3,1.3,0.2,0.1,0,0.1,1.3,0.2,1.1,165.4
52,25,1,3,1.3,0.2,0.1,0,0.1,1.3,0.2,1.1,165.4
54,25,1,2,0.8,0.2,0,0,0.1,0.8,0.1,0.7,99.1
55,25,1,2,0.8,0.2,0,0,0.1,0.8,0.1,0.7,99.1
57,25,1,4,1.6,0.4,0.1,0,0.3,1.6,0.3,1.4,198.3
59,25,1,1,0.4,0.1,0,0,0.1,0.4,0.1,0.3,49.6
64,25,1,2,1.1,0.4,0,0,0.2,1.1,0.1,0.9,125.7
67,25,1,2,1.1,0.4,0,0,0.2,1.1,0.1,0.9,125.7
71,25,1,4,2.3,0.8,0,0,0.5,2.3,0.2,1.7,251.3
78,25,1,11,6,3.2,0.5,0.9,0,5.1,0.5,3.2,661.4
79,25,1,1,0.5,0.2,0,0,0,0.5,0,0.5,55.7
90,25,1,2,1.1,0.5,0,0,0,1.1,0.4,0.9,100.8
95,25,1,2,0.9,0.3,0.1,0,0,0.9,0.2,0.8,89.9
101,25,1,3,1.3,0.4,0.1,0,0,1.3,0.3,1.3,134.8
105,25,1,6,2.9,0.5,0.3,0,0,2.9,0.8,2.3,339.1
108,25,1,2,1,0.2,0.1,0,0,1,0.3,0.8,113
109,25,1,1,0.4,0.1,0.1,0,0,0.4,0.1,0.3,41.5
114,25,1,3,1.1,0.2,0.2,0.1,0.1,1,0.2,0.6,122.8
115,25,1,2,0.7,0.1,0.1,0.1,0,0.6,0.1,0.4,81.9
2,26,1,5,2.2,0.5,0.2,0,0,2.2,0,1.8,247.3
3,26,1,2,0.9,0.2,0.1,0,0,0.9,0,0.7,98.9
4,26,1,1,0.6,0.2,0,0,0,0.6,0.1,0.4,73.6
7,26,1,2,1.1,0.5,0,0,0,1.1,0.2,0.9,147.1
9,26,1,2,1.1,0.5,0,0,0,1.1,0.2,0.9,147.1
19,26,1,6,2.6,0.7,0.2,0,0.2,2.6,0.5,2.5,309.5
25,26,1,5,2.7,1.1,0.2,0,0,2.7,0.9,2.3,279.3
28,26,1,1,0.5,0.2,0,0,0,0.5,0.2,0.5,55.9
32,26,1,1,0.6,0.2,0,0,0,0.6,0.1,0.4,56.4
36,26,1,1,0.6,0.2,0,0,0,0.6,0.1,0.5,49.2
37,26,1,2,1.1,0.5,0.1,0,0.1,1.1,0.3,0.9,98.3
54,26,1,2,0.8,0.2,0,0,0.1,0.8,0.1,0.7,99.1
74,26,1,6,3.2,1.8,0.2,0.5,0,2.7,0.2,1.8,360.8
80,26,1,2,1.1,0.4,0,0,0.1,1.1,0.1,1.1,111.4
81,26,1,1,0.5,0.2,0,0,0,0.5,0,0.5,55.7
84,26,1,2,1,0.5,0.1,0.2,0,0.8,0.2,0.7,106.6
86,26,1,5,2.5,1.4,0.2,0.6,0.1,1.9,0.6,1.8,266.6
87,26,1,5,2.5,1.4,0.2,0.6,0.1,1.9,0.6,1.8,266.6
90,26,1,3,1.6,0.7,0,0,0,1.6,0.6,1.4,151.2
95,26,1,3,1.3,0.4,0.1,0,0,1.3,0.3,1.3,134.8
98,26,1,2,0.9,0.3,0.1,0,0,0.9,0.2,0.8,89.9
109,26,1,6,2.3,0.4,0.4,0,0,2.3,0.4,2.1,249.1
118,26,1,2,0.7,0.1,0.1,0.1,0,0.6,0.1,0.4,81.9
124,26,1,5,2.1,0.4,0.3,0,0.1,2.1,0.4,1.7,252.9
125,26,1,3,1.2,0.2,0.2,0,0.1,1.2,0.2,1,151.8
3,27,1,2,0.9,0.2,0.1,0,0,0.9,0,0.7,98.9
8,27,1,2,1.1,0.5,0,0,0,1.1,0.2,0.9,147.1
9,27,1,9,5,2.2,0,0,0,5,1.1,4,662
10,27,1,3,1.7,0.7,0,0,0,1.7,0.4,1.3,220.7
21,27,1,2,0.9,0.2,0.1,0,0.1,0.9,0.2,0.8,103.2
24,27,1,2,1.1,0.5,0.1,0,0,1.1,0.4,0.9,111.7
30,27,1,2,1.1,0.5,0,0,0,1.1,0.2,0.9,112.7
31,27,1,1,0.6,0.2,0,0,0,0.6,0.1,0.4,56.4
32,27,1,3,1.7,0.7,0,0,0,1.7,0.3,1.3,169.1
35,27,1,2,1.1,0.5,0.1,0,0.1,1.1,0.3,0.9,98.3
36,27,1,1,0.6,0.2,0,0,0,0.6,0.1,0.5,49.2
37,27,1,1,0.6,0.2,0,0,0,0.6,0.1,0.5,49.2
38,27,1,2,1.1,0.5,0.1,0,0.1,1.1,0.3,0.9,98.3
45,27,1,8,3.4,0.5,0.2,0,0.2,3.4,0.5,2.8,441.1
46,27,1,4,1.7,0.3,0.1,0,0.1,1.7,0.3,1.4,220.5
58,27,1,3,1.2,0.3,0,0,0.2,1.2,0.2,1,148.7
62,27,1,1,0.4,0.1,0,0,0.1,0.4,0.1,0.3,49.6
63,27,1,2,0.8,0.2,0,0,0.1,0.8,0.1,0.7,99.1
64,27,1,2,1.1,0.4,0,0,0.2,1.1,0.1,0.9,125.7
71,27,1,1,0.6,0.2,0,0,0.1,0.6,0.1,0.4,62.8
72,27,1,2,1.1,0.4,0,0,0.2,1.1,0.1,0.9,125.7
86,27,1,11,5.5,3,0.5,1.2,0.2,4.3,1.2,4,586.5
87,27,1,17,8.5,4.6,0.8,1.9,0.4,6.6,1.9,6.2,906.4
102,27,1,5,2.2,0.7,0.2,0,0,2.2,0.4,2.1,224.7
103,27,1,2,0.9,0.3,0.1,0,0,0.9,0.2,0.8,89.9
106,27,1,5,2.4,0.4,0.2,0,0,2.4,0.7,2,282.6
115,27,1,2,0.7,0.1,0.1,0.1,0,0.6,0.1,0.4,81.9
116,27,1,5,1.9,0.3,0.3,0.3,0.1,1.6,0.3,1,204.7
120,27,1,5,1.9,0.3,0.3,0.3,0.1,1.6,0.3,1,204.7
3,28,1,2,1,0.4,0,0,0,1,0.2,0.7,88.2
8,28,1,3,1.3,0.2,0.1,0,0.2,1.3,0.1,1,119.6
11,28,1,2,0.8,0.1,0.1,0,0,0.8,0.1,0.6,84.5
16,28,1,3.5,1.4,0.2,0.2,0,0,1.4,0.3,1.3,162.6
27,28,1,4,1.4,0.2,0.4,0,0,1.4,0.3,1.3,184.6
54,28,1,2,1,0.3,0,0,0.2,1,0.2,0.7,105.9
55,28,1,3,1.5,0.5,0,0,0.2,1.5,0.3,1,158.8
58,28,1,2,1,0.3,0,0,0.2,1,0.2,0.7,105.9
60,28,1,3,1.5,0.5,0,0,0.2,1.5,0.3,1,158.8
66,28,0,36,11,1,2,0,1,11,2,10,1201
78,28,1,2,1,0.3,0.1,0,0.1,1,0.1,0.9,106.5
86,28,1,12,5.8,2.2,0,0,0.4,5.8,2.2,4.4,519.6
87,28,1,4,1.9,0.7,0,0,0.1,1.9,0.7,1.5,173.2
88,28,1,4,1.9,0.7,0,0,0.1,1.9,0.7,1.5,173.2
89,28,1,2,0.7,0.2,0.2,0,0,0.7,0.2,0.4,53.2
94,28,1,5,2,0.5,0.2,0,0.1,2,0.4,1.7,228.4
95,28,1,3,1.2,0.3,0.1,0,0,1.2,0.2,1,137
97,28,1,2,0.8,0.2,0.1,0,0,0.8,0.1,0.7,91.4
101,28,1,1,0.4,0.1,0,0,0,0.4,0.1,0.3,45.7
111,28,1,2,1.1,0.5,0,0,0.2,1.1,0.2,0.9,109.6
112,28,1,4,2.2,1,0,0,0.4,2.2,0.4,1.9,219.1
3,29,1,2,1,0.4,0,0,0,1,0.2,0.7,88.2
9,29,1,6,2.3,0.4,0.2,0,0,2.3,0.4,1.9,253.4
12,29,1,13,5,0.8,0.4,0,0,5,0.8,4.2,548.9
19,29,1,3,1.2,0.2,0.1,0,0,1.2,0.2,1.1,139.4
29,29,1,4,1.4,0.2,0.4,0,0,1.4,0.3,1.3,184.6
32,29,1,1,0.3,0.1,0.1,0,0,0.3,0.1,0.3,46.1
52,29,1,4,1.6,0.5,0.2,0,0,1.6,0.4,1.1,155.3
53,29,1,1,0.4,0.1,0,0,0,0.4,0.1,0.3,38.8
62,29,1,2,1,0.3,0,0,0.2,1,0.2,0.7,105.9
64,29,1,4,2.6,1.5,0,0,0.3,2.6,0.8,2.1,288.4
65,29,1,11,7.1,4.3,0,0,0.7,7.1,2.1,5.7,793.1
66,29,0,33,19,10,0,0,0,19,4,12,1920
76,29,1,1,0.5,0.2,0.1,0,0,0.5,0.1,0.5,53.2
86,29,1,9,4.4,1.6,0,0,0.3,4.4,1.6,3.3,389.7
97,29,1,2,0.8,0.2,0.1,0,0,0.8,0.1,0.7,91.4
103,29,1,1,0.4,0.1,0,0,0,0.4,0.1,0.3,45.7
107,29,1,2,1.1,0.5,0,0,0.2,1.1,0.2,0.9,109.6
110,29,1,1,0.6,0.2,0,0,0.1,0.6,0.1,0.5,54.8
4,30,1,3,1.3,0.2,0.1,0,0.2,1.3,0.1,1,119.6
5,30,1,4,1.7,0.3,0.2,0,0.2,1.7,0.2,1.4,159.4
17,30,1,5,2,0.3,0.2,0,0,2,0.4,1.8,232.3
18,30,1,2,0.8,0.1,0.1,0,0,0.8,0.2,0.7,92.9
19,30,1,4,1.6,0.2,0.2,0,0,1.6,0.3,1.4,185.9
21,30,1,6,2.3,0.4,0.3,0,0,2.3,0.5,2.2,278.8
23,30,1,2,0.8,0.1,0.1,0,0,0.8,0.2,0.7,92.9
29,30,1,2,0.7,0.1,0.2,0,0,0.7,0.2,0.7,92.3
36,30,1,2,0.9,0.2,0,0,0,0.9,0.2,0.6,91.2
38,30,1,2,0.9,0.2,0,0,0,0.9,0.2,0.6,91.2
40,30,1,1,0.4,0.1,0,0,0,0.4,0.1,0.3,45.6
48,30,1,2,0.8,0.2,0.1,0,0,0.8,0.2,0.5,77.6
51,30,1,4,1.6,0.5,0.2,0,0,1.6,0.4,1.1,155.3
57,30,1,1,0.5,0.2,0,0,0.1,0.5,0.1,0.3,52.9
62,30,1,2,1,0.3,0,0,0.2,1,0.2,0.7,105.9
65,30,1,7,4.5,2.7,0,0,0.5,4.5,1.4,3.6,504.7
66,30,0,43,24,11,0,0,1,24,2,16,1914
67,30,1,6,3.9,2.3,0,0,0.4,3.9,1.2,3.1,432.6
81,30,1,2,1,0.3,0.1,0,0.1,1,0.1,0.9,106.5
85,30,1,1,0.5,0.2,0,0,0,0.5,0.2,0.4,43.3
94,30,1,6,2.5,0.6,0.3,0,0.1,2.5,0.4,2,274.1
100,30,1,2,0.8,0.2,0.1,0,0,0.8,0.1,0.7,91.4
103,30,1,4,1.6,0.4,0.2,0,0.1,1.6,0.3,1.4,182.7
107,30,1,1,0.6,0.2,0,0,0.1,0.6,0.1,0.5,54.8
116,30,1,1,0.5,0.2,0.1,0,0,0.5,0.2,0.4,47.8
121,30,1,4,1.9,0.7,0.2,0,0.1,1.9,0.6,1.6,191.1
123,30,1,2,0.9,0.4,0.1,0,0.1,0.9,0.3,0.8,95.5
125,30,1,1,0.6,0.3,0,0,0,0.6,0.1,0.4,61.7
127,30,1,8,4.6,2.2,0,0,0.2,4.6,0.7,3.2,493.8
2,31,1,1,0.5,0.2,0,0,0,0.5,0.1,0.3,44.1
4,31,1,2,0.9,0.2,0.1,0,0.1,0.9,0.1,0.7,79.7
8,31,1,2,0.9,0.2,0.1,0,0.1,0.9,0.1,0.7,79.7
9,31,1,6,2.3,0.4,0.2,0,0,2.3,0.4,1.9,253.4
15,31,1,2,0.8,0.1,0.1,0,0,0.8,0.2,0.7,92.9
16,31,1,3,1.2,0.2,0.1,0,0,1.2,0.2,1.1,139.4
36,31,1,2,0.9,0.2,0,0,0,0.9,0.2,0.6,91.2
41,31,1,2,0.9,0.2,0,0,0,0.9,0.2,0.6,91.2
44,31,1,1,0.4,0.1,0,0,0,0.4,0.1,0.3,38.8
56,31,1,1,0.5,0.2,0,0,0.1,0.5,0.1,0.3,52.9
66,31,0,23.5,11,3,1,0,0,11,3,10,1406
67,31,1,2,1.3,0.8,0,0,0.1,1.3,0.4,1,144.2
71,31,1,3,1.5,0.4,0,0,0,1.5,0.4,1.5,140.1
75,31,1,1,0.5,0.2,0.1,0,0,0.5,0.1,0.5,53.2
78,31,1,1,0.5,0.2,0.1,0,0,0.5,0.1,0.5,53.2
97,31,1,2,0.8,0.2,0.1,0,0,0.8,0.1,0.7,91.4
103,31,1,1,0.4,0.1,0,0,0,0.4,0.1,0.3,45.7
105,31,1,4,2.2,1,0,0,0.4,2.2,0.4,1.9,219.1
106,31,1,2,1.1,0.5,0,0,0.2,1.1,0.2,0.9,109.6
113,31,1,2,1.1,0.5,0,0,0.2,1.1,0.2,0.9,109.6
116,31,1,1,0.5,0.2,0.1,0,0,0.5,0.2,0.4,47.8
117,31,1,2,0.9,0.4,0.1,0,0.1,0.9,0.3,0.8,95.5
127,31,1,7,4,1.9,0,0,0.2,4,0.6,2.8,432.1
2,32,1,1,0.5,0.2,0,0,0,0.5,0.1,0.3,44.1
9,32,1,2,0.8,0.1,0.1,0,0,0.8,0.1,0.6,84.5
10,32,1,2,0.8,0.1,0.1,0,0,0.8,0.1,0.6,84.5
14,32,1,5,2,0.3,0.2,0,0,2,0.4,1.8,232.3
17,32,1,3,1.2,0.2,0.1,0,0,1.2,0.2,1.1,139.4
25,32,1,5,1.7,0.3,0.5,0,0,1.7,0.4,1.7,230.7
26,32,1,5,1.7,0.3,0.5,0,0,1.7,0.4,1.7,230.7
30,32,1,6,2.1,0.3,0.6,0,0,2.1,0.5,2,276.9
34,32,1,4,1.8,0.4,0,0,0,1.8,0.4,1.1,182.4
37,32,1,2,0.9,0.2,0,0,0,0.9,0.2,0.6,91.2
51,32,1,5,2,0.6,0.2,0,0,2,0.5,1.4,194.1
60,32,1,4,2,0.6,0,0,0.3,2,0.4,1.4,211.8
65,32,1,1,0.6,0.4,0,0,0.1,0.6,0.2,0.5,72.1
69,32,1,2,1,0.3,0,0,0,1,0.3,1,93.4
78,32,1,3.5,1.7,0.6,0.2,0,0.1,1.7,0.2,1.6,186.3
85,32,1,3,1.5,0.5,0,0,0.1,1.5,0.5,1.1,129.9
89,32,1,1,0.3,0.1,0.1,0,0,0.3,0.1,0.2,26.6
97,32,1,3,1.2,0.3,0.1,0,0,1.2,0.2,1,137
108,32,1,2,1.1,0.5,0,0,0.2,1.1,0.2,0.9,109.6
110,32,1,2,1.1,0.5,0,0,0.2,1.1,0.2,0.9,109.6
121,32,1,1,0.5,0.2,0.1,0,0,0.5,0.2,0.4,47.8
122,32,1,1,0.5,0.2,0.1,0,0,0.5,0.2,0.4,47.8
126,32,1,3,1.7,0.8,0,0,0.1,1.7,0.3,1.2,185.2
3,33,1,1,0.5,0.2,0,0,0,0.5,0.1,0.3,44.1
4,33,1,4,1.7,0.3,0.2,0,0.2,1.7,0.2,1.4,159.4
11,33,1,2,0.9,0.2,0.1,0,0.1,0.9,0.1,0.7,79.7
21,33,1,2,0.8,0.1,0.1,0,0,0.8,0.2,0.7,92.9
25,33,1,1,0.5,0.1,0,0,0,0.5,0.1,0.5,53.9
32,33,1,5,1.7,0.3,0.5,0,0,1.7,0.4,1.7,230.7
34,33,1,1,0.4,0,0,0,0,0.4,0,0.3,43.6
41,33,1,2,0.9,0.2,0,0,0,0.9,0.2,0.6,91.2
44,33,1,5,2,0.6,0.2,0,0,2,0.5,1.4,194.1
46,33,1,3,1.2,0.4,0.1,0,0,1.2,0.3,0.8,116.5
47,33,1,6,2.4,0.7,0.2,0,0,2.4,0.6,1.6,232.9
54,33,1,3,1.5,0.5,0,0,0.2,1.5,0.3,1,158.8
55,33,1,1,0.5,0.2,0,0,0.1,0.5,0.1,0.3,52.9
62,33,1,2,1,0.3,0,0,0.2,1,0.2,0.7,105.9
64,33,1,6,3,0.8,0,0,0,3,0.8,3,280.3
65,33,1,3,1.5,0.4,0,0,0,1.5,0.4,1.5,140.1
66,33,1,6,3,0.8,0,0,0,3,0.8,3,280.3
71,33,1,2,1,0.3,0,0,0,1,0.3,1,93.4
82,33,1,2,1,0.3,0.1,0,0.1,1,0.1,0.9,106.5
89,33,1,1,0.3,0.1,0.1,0,0,0.3,0.1,0.2,26.6
109,33,1,1,0.6,0.2,0,0,0.1,0.6,0.1,0.5,54.8
115,33,1,2,0.9,0.4,0.1,0,0.1,0.9,0.3,0.8,95.5
119,33,1,5,2.4,0.9,0.3,0,0.1,2.4,0.8,2,238.8
120,33,1,6,2.8,1.1,0.3,0,0.2,2.8,0.9,2.4,286.6
127,33,1,1,0.5,0.2,0,0,0,0.5,0.1,0.4,50.7
14,34,1,8,3.1,0.5,0.4,0,0,3.1,0.6,2.9,371.7
17,34,1,3,1.2,0.2,0.1,0,0,1.2,0.2,1.1,139.4
22,34,1,2,0.8,0.1,0.1,0,0,0.8,0.2,0.7,92.9
27,34,1,9,4.9,1.3,0,0,0,4.9,0.6,4.1,484.7
28,34,1,8,4.3,1.2,0,0,0,4.3,0.5,3.7,430.8
39,34,1,2,0.9,0.2,0,0,0,0.9,0.2,0.6,91.2
44,34,1,2,0.8,0.2,0.1,0,0,0.8,0.2,0.5,77.6
46,34,1,3,1.2,0.4,0.1,0,0,1.2,0.3,0.8,116.5
62,34,1,2,1,0.3,0,0,0.2,1,0.2,0.7,105.9
67,34,1,2,1,0.3,0,0,0,1,0.3,1,93.4
74,34,1,2,1,0.3,0.1,0,0.1,1,0.1,0.9,106.5
78,34,1,1,0.5,0.2,0.1,0,0,0.5,0.1,0.5,53.2
83,34,1,1,0.5,0.2,0.1,0,0,0.5,0.1,0.5,53.2
85,34,1,5,1.6,0.4,0.5,0,0.1,1.6,0.6,1.1,133.1
90,34,1,5,1.6,0.4,0.5,0,0.1,1.6,0.6,1.1,133.1
92,34,1,6,2,0.4,0.6,0,0.1,2,0.8,1.3,159.8
96,34,1,1,0.4,0.1,0,0,0,0.4,0.1,0.3,45.7
97,34,1,2,0.8,0.2,0.1,0,0,0.8,0.1,0.7,91.4
100,34,1,4,1.6,0.4,0.2,0,0.1,1.6,0.3,1.4,182.7
103,34,1,4,1.6,0.4,0.2,0,0.1,1.6,0.3,1.4,182.7
111,34,1,1,0.6,0.2,0,0,0.1,0.6,0.1,0.5,54.8
1,35,1,4,2,0.8,0,0,0.1,2,0.4,1.3,176.5
4,35,1,2,0.9,0.2,0.1,0,0.1,0.9,0.1,0.7,79.7
7,35,1,2,0.9,0.2,0.1,0,0.1,0.9,0.1,0.7,79.7
10,35,1,2,0.9,0.2,0.1,0,0.1,0.9,0.1,0.7,79.7
11,35,1,4,1.7,0.3,0.2,0,0.2,1.7,0.2,1.4,159.4
14,35,1,1,0.4,0.1,0,0,0,0.4,0.1,0.4,46.5
15,35,1,2,0.8,0.1,0.1,0,0,0.8,0.2,0.7,92.9
23,35,1,2,0.8,0.1,0.1,0,0,0.8,0.2,0.7,92.9
24,35,1,2,1.1,0.3,0,0,0,1.1,0.1,0.9,107.7
26,35,1,1,0.5,0.1,0,0,0,0.5,0.1,0.5,53.9
27,35,0,49,27,13,1,0,3,27,5,23,2316
28,35,0,22,14,7,0,0,1,14,0,11,1104
29,35,1,5,1.7,0.3,0.5,0,0,1.7,0.4,1.7,230.7
35,35,1,7,2.9,0.2,0,0,0,2.9,0.2,2.3,305.5
36,35,1,10,4.2,0.3,0,0,0,4.2,0.3,3.2,436.5
37,35,1,3,1.3,0.1,0,0,0,1.3,0.1,1,130.9
39,35,1,4,1.8,0.4,0,0,0,1.8,0.4,1.1,182.4
40,35,1,1,0.4,0.1,0,0,0,0.4,0.1,0.3,45.6
43,35,1,1,0.4,0.1,0,0,0,0.4,0.1,0.3,45.6
48,35,1,5,2,0.6,0.2,0,0,2,0.5,1.4,194.1
59,35,1,2,1,0.3,0,0,0.2,1,0.2,0.7,105.9
64,35,1,1,0.5,0.1,0,0,0,0.5,0.1,0.5,46.7
67,35,1,4,2,0.5,0,0,0,2,0.5,2,186.8
82,35,1,3,1.4,0.5,0.2,0,0.1,1.4,0.2,1.4,159.7
89,35,1,2,0.7,0.2,0.2,0,0,0.7,0.2,0.4,53.2
94,35,1,2,0.8,0.2,0.1,0,0,0.8,0.1,0.7,91.4
96,35,1,2,0.8,0.2,0.1,0,0,0.8,0.1,0.7,91.4
104,35,1,1,0.6,0.2,0,0,0.1,0.6,0.1,0.5,54.8
109,35,1,1,0.6,0.2,0,0,0.1,0.6,0.1,0.5,54.8
110,35,1,1,0.6,0.2,0,0,0.1,0.6,0.1,0.5,54.8
118,35,1,1,0.5,0.2,0.1,0,0,0.5,0.2,0.4,47.8
123,35,1,5,2.4,0.9,0.3,0,0.1,2.4,0.8,2,238.8
4,36,1,2,0.9,0.2,0.1,0,0.1,0.9,0.1,0.7,79.7
5,36,1,2,0.9,0.2,0.1,0,0.1,0.9,0.1,0.7,79.7
7,36,1,10,4.3,0.8,0.4,0,0.6,4.3,0.4,3.5,398.6
8,36,1,4,1.7,0.3,0.2,0,0.2,1.7,0.2,1.4,159.4
10,36,1,1,0.4,0.1,0,0,0.1,0.4,0,0.3,39.9
14,36,1,5,2,0.3,0.2,0,0,2,0.4,1.8,232.3
25,36,1,2,1.1,0.3,0,0,0,1.1,0.1,0.9,107.7
26,36,1,2,1.1,0.3,0,0,0,1.1,0.1,0.9,107.7
27,36,0,29,16,7,0,0,1,16,3,9,1219
28,36,1,5,2.7,0.7,0,0,0,2.7,0.3,2.3,269.3
29,36,1,5,1.7,0.3,0.5,0,0,1.7,0.4,1.7,230.7
30,36,1,3,1,0.2,0.3,0,0,1,0.3,1,138.4
32,36,1,4,1.4,0.2,0.4,0,0,1.4,0.3,1.3,184.6
33,36,1,3,1,0.2,0.3,0,0,1,0.3,1,138.4
34,36,1,2,0.8,0.1,0,0,0,0.8,0.1,0.6,87.3
35,36,1,2,0.8,0.1,0,0,0,0.8,0.1,0.6,87.3
36,36,1,4,1.7,0.1,0,0,0,1.7,0.1,1.3,174.6
39,36,1,4,1.8,0.4,0,0,0,1.8,0.4,1.1,182.4
44,36,1,5,2,0.6,0.2,0,0,2,0.5,1.4,194.1
53,36,1,4,1.6,0.5,0.2,0,0,1.6,0.4,1.1,155.3
59,36,1,1,0.5,0.2,0,0,0.1,0.5,0.1,0.3,52.9
60,36,1,5,2.5,0.8,0,0,0.4,2.5,0.5,1.7,264.7
64,36,1,2,1,0.3,0,0,0,1,0.3,1,93.4
68,36,1,5,2.5,0.7,0,0,0,2.5,0.7,2.5,233.6
70,36,1,2,1,0.3,0,0,0,1,0.3,1,93.4
75,36,1,2,1,0.3,0.1,0,0.1,1,0.1,0.9,106.5
76,36,1,7,3.4,1.2,0.4,0,0.2,3.4,0.4,3.2,372.7
85,36,1,2,0.7,0.2,0.2,0,0,0.7,0.2,0.4,53.2
89,36,1,4,1.3,0.3,0.4,0,0.1,1.3,0.5,0.9,106.5
97,36,1,5,2,0.5,0.2,0,0.1,2,0.4,1.7,228.4
101,36,1,2,0.8,0.2,0.1,0,0,0.8,0.1,0.7,91.4
103,36,1,3,1.2,0.3,0.1,0,0,1.2,0.2,1,137
115,36,1,4,1.9,0.7,0.2,0,0.1,1.9,0.6,1.6,191.1
127,36,1,3,1.5,0.5,0,0,0,1.5,0.3,1.3,152
3,37,1,2,1,0.4,0,0,0,1,0.2,0.7,88.2
14,37,1,2,0.8,0.1,0.1,0,0,0.8,0.2,0.7,92.9
22,37,1,1,0.4,0.1,0,0,0,0.4,0.1,0.4,46.5
24,37,1,2,1.1,0.3,0,0,0,1.1,0.1,0.9,107.7
27,37,1,8,4.3,1.2,0,0,0,4.3,0.5,3.7,430.8
28,37,1,8,4.3,1.2,0,0,0,4.3,0.5,3.7,430.8
29,37,1,2,0.7,0.1,0.2,0,0,0.7,0.2,0.7,92.3
30,37,1,9,3.1,0.5,0.9,0,0,3.1,0.8,3,415.3
31,37,1,4,1.4,0.2,0.4,0,0,1.4,0.3,1.3,184.6
32,37,1,2,0.7,0.1,0.2,0,0,0.7,0.2,0.7,92.3
35,37,1,2,0.8,0.1,0,0,0,0.8,0.1,0.6,87.3
42,37,1,3,1.3,0.3,0,0,0,1.3,0.3,0.8,136.8
49,37,1,1,0.4,0.1,0,0,0,0.4,0.1,0.3,38.8
60,37,1,2,1,0.3,0,0,0.2,1,0.2,0.7,105.9
83,37,1,7,3.4,1.2,0.4,0,0.2,3.4,0.4,3.2,372.7
90,37,1,5,1.6,0.4,0.5,0,0.1,1.6,0.6,1.1,133.1
92,37,1,1,0.3,0.1,0.1,0,0,0.3,0.1,0.2,26.6
93,37,1,6,2,0.4,0.6,0,0.1,2,0.8,1.3,159.8
97,37,1,4,1.6,0.4,0.2,0,0.1,1.6,0.3,1.4,182.7
99,37,1,8,3.3,0.8,0.3,0,0.1,3.3,0.6,2.7,365.4
102,37,1,2,0.8,0.2,0.1,0,0,0.8,0.1,0.7,91.4
104,37,1,1,0.6,0.2,0,0,0.1,0.6,0.1,0.5,54.8
108,37,1,4,2.2,1,0,0,0.4,2.2,0.4,1.9,219.1
119,37,1,2,0.9,0.4,0.1,0,0.1,0.9,0.3,0.8,95.5
123,37,1,1,0.5,0.2,0.1,0,0,0.5,0.2,0.4,47.8
124,37,1,4,2,0.7,0,0,0,2,0.4,1.7,202.7
126,37,1,2,1,0.3,0,0,0,1,0.2,0.9,101.3
5,38,1,6,3.3,1.6,0.2,0.2,0.2,3.1,0.3,2.8,360.8
7,38,1,5,2.7,1.3,0.1,0.1,0.1,2.6,0.2,2.4,300.7
8,38,1,1,0.5,0.3,0,0,0,0.5,0,0.5,60.1
11,38,1,1,0.5,0.3,0,0,0,0.5,0,0.5,60.1
12,38,1,2,1.1,0.5,0.1,0.1,0.1,1,0.1,0.9,120.3
13,38,1,1,0.5,0.3,0,0,0,0.5,0,0.5,60.1
14,38,1,5,2.1,0.3,0.1,0,0.1,2.1,0.3,1.7,226.7
25,38,1,6,3.3,1.4,0,0,0.3,3.3,0.7,2.2,334.4
26,38,0,30,25,20,0,13,0,12,8,11,1624
27,38,0,26,20,14,0,1,1,19,7,12,2078
28,38,0,45.5,22,4,0,3,1,19,3,19,2210
29,38,1,21,7.2,1.4,1.1,0,0.6,7.2,1.1,5.5,735.3
30,38,1,2,0.7,0.1,0.1,0,0.1,0.7,0.1,0.5,70
33,38,1,1,0.3,0.1,0.1,0,0,0.3,0.1,0.3,35
35,38,1,2,0.9,0.1,0.1,0,0.1,0.9,0.3,0.6,96.1
43,38,1,2,0.9,0.1,0.1,0,0.1,0.9,0.3,0.6,96.1
44,38,1,2,0.9,0.3,0.1,0,0.1,0.9,0.2,0.8,104.3
45,38,1,4,1.9,0.6,0.1,0,0.1,1.9,0.3,1.6,208.7
56,38,1,5,2,0.6,0.2,0,0,2,0.2,1.3,248
57,38,1,4,1.6,0.5,0.2,0,0,1.6,0.2,1,198.4
58,38,1,3,1.2,0.4,0.1,0,0,1.2,0.1,0.8,148.8
65,38,1,2,0.8,0.2,0.1,0,0,0.8,0.2,0.6,89
73,38,1,1,0.4,0.1,0.1,0,0,0.4,0.1,0.3,44.5
89,38,1,7,2.8,1.3,0.3,0,0,2.8,0.9,2.2,289.6
90,38,1,2,0.8,0.4,0.1,0,0,0.8,0.2,0.6,82.8
94,38,1,1,0.5,0.2,0,0,0,0.5,0.1,0.3,42.7
102,38,1,1,0.5,0.2,0,0,0,0.5,0.1,0.3,42.7
117,38,1,2,0.8,0.2,0.1,0,0,0.8,0.2,0.7,82.5
122,38,1,3,1.2,0.3,0.1,0,0,1.2,0.3,1,123.8
127,38,1,1,0.5,0.3,0,0,0,0.5,0.1,0.5,46.4
5,39,1,1,0.5,0.3,0,0,0,0.5,0,0.5,60.1
7,39,1,1,0.5,0.3,0,0,0,0.5,0,0.5,60.1
8,39,1,3,1.6,0.8,0.1,0.1,0.1,1.5,0.1,1.4,180.4
23,39,1,4,1.7,0.3,0.1,0,0.1,1.7,0.3,1.4,181.4
24,39,1,2,1.1,0.5,0,0,0.1,1.1,0.2,0.7,111.5
25,39,0,23,16,9,0,0,1,16,3,15,1901
26,39,0,33,23,14,0,0,0,23,8,17,1838
27,39,0,48,28,12,0,3,4,25,7,21,2829
28,39,0,60,32,9,0,0,1,32,5,28,3205
29,39,0,27,13,6,1,0,0,13,0,13,1318
32,39,1,4,1.4,0.3,0.2,0,0.1,1.4,0.2,1.1,140.1
33,39,1,4,1.4,0.3,0.2,0,0.1,1.4,0.2,1.1,140.1
36,39,1,1,0.4,0.1,0,0,0,0.4,0.1,0.3,48.1
44,39,1,7,3.2,1,0.2,0,0.2,3.2,0.6,2.8,365.2
45,39,1,1,0.5,0.1,0,0,0,0.5,0.1,0.4,52.2
59,39,1,9,3.6,1.1,0.4,0,0,3.6,0.4,2.3,446.4
68,39,1,2,0.8,0.2,0.1,0,0,0.8,0.2,0.6,89
73,39,1,5,2,0.6,0.3,0,0.1,2,0.6,1.4,222.4
76,39,1,3,1.5,0.6,0.1,0,0,1.5,0.1,1.3,128.7
102,39,1,2,1,0.5,0.1,0,0.1,1,0.2,0.6,85.4
106,39,1,2,1,0.4,0.1,0,0.1,1,0.2,0.6,101.5
109,39,1,1,0.5,0.2,0,0,0.1,0.5,0.1,0.3,50.8
116,39,1,4,1.6,0.4,0.1,0,0,1.6,0.4,1.3,165
117,39,1,4,1.6,0.4,0.1,0,0,1.6,0.4,1.3,165
1,40,1,3,1,0.1,0.2,0,0,1,0.2,0.7,112.1
6,40,1,2,1.1,0.5,0.1,0.1,0.1,1,0.1,0.9,120.3
7,40,1,3,1.6,0.8,0.1,0.1,0.1,1.5,0.1,1.4,180.4
10,40,1,1,0.5,0.3,0,0,0,0.5,0,0.5,60.1
17,40,1,2,0.8,0.1,0,0,0,0.8,0.1,0.7,90.7
18,40,1,2,0.8,0.1,0,0,0,0.8,0.1,0.7,90.7
24,40,1,10,5.6,2.3,0,0,0.5,5.6,1.1,3.7,557.3
25,40,0,74,35,9,3,0,3,35,6,23,3535
26,40,1,18,10,4.2,0,0,1,10,2,6.6,1003.1
27,40,1,2,1.1,0.5,0,0,0.1,1.1,0.2,0.7,111.5
28,40,1,14,7.8,3.2,0,0,0.8,7.8,1.5,5.1,780.2
29,40,1,16,5.5,1.1,0.8,0,0.4,5.5,0.8,4.2,560.2
84,40,1,3,1.2,0.6,0.1,0,0,1.2,0.4,0.9,124.1
92,40,1,3,1.2,0.6,0.1,0,0,1.2,0.4,0.9,124.1
94,40,1,2,1,0.5,0.1,0,0.1,1,0.2,0.6,85.4
96,40,1,3,1.5,0.7,0.1,0,0.1,1.5,0.3,0.9,128
103,40,1,1,0.5,0.2,0,0,0,0.5,0.1,0.3,42.7
106,40,1,2,1,0.4,0.1,0,0.1,1,0.2,0.6,101.5
118,40,1,2,0.8,0.2,0.1,0,0,0.8,0.2,0.7,82.5
119,40,1,2,0.8,0.2,0.1,0,0,0.8,0.2,0.7,82.5
125,40,1,3,1.6,0.8,0.1,0,0.1,1.6,0.4,1.4,139.1
0,41,1,6,1.9,0.3,0.4,0,0,1.9,0.5,1.3,224.3
3,41,1,2,0.6,0.1,0.1,0,0,0.6,0.2,0.4,74.8
8,41,1,6,3.3,1.6,0.2,0.2,0.2,3.1,0.3,2.8,360.8
10,41,1,2,1.1,0.5,0.1,0.1,0.1,1,0.1,0.9,120.3
15,41,1,4,1.7,0.3,0.1,0,0.1,1.7,0.3,1.4,181.4
18,41,1,2,0.8,0.1,0,0,0,0.8,0.1,0.7,90.7
21,41,1,2,0.8,0.1,0,0,0,0.8,0.1,0.7,90.7
22,41,1,6.5,2.7,0.5,0.1,0,0.1,2.7,0.5,2.3,294.7
23,41,1,2,0.8,0.1,0,0,0,0.8,0.1,0.7,90.7
25,41,1,7,3.9,1.6,0,0,0.4,3.9,0.8,2.6,390.1
26,41,1,3,1.7,0.7,0,0,0.2,1.7,0.3,1.1,167.2
27,41,1,6.5,3.6,1.5,0,0,0.4,3.6,0.7,2.4,362.2
28,41,1,2,1.1,0.5,0,0,0.1,1.1,0.2,0.7,111.5
29,41,1,5,1.7,0.3,0.3,0,0.1,1.7,0.3,1.3,175.1
30,41,1,6,2.1,0.4,0.3,0,0.2,2.1,0.3,1.6,210.1
33,41,1,8,2.7,0.5,0.4,0,0.2,2.7,0.4,2.1,280.1
47,41,1,1,0.5,0.1,0,0,0,0.5,0.1,0.4,52.2
55,41,1,4.5,1.8,0.5,0.2,0,0,1.8,0.2,1.2,223.2
65,41,1,5,2,0.6,0.3,0,0.1,2,0.6,1.4,222.4
67,41,1,2,0.8,0.2,0.1,0,0,0.8,0.2,0.6,89
70,41,1,2,0.8,0.2,0.1,0,0,0.8,0.2,0.6,89
72,41,1,5,2,0.6,0.3,0,0.1,2,0.6,1.4,222.4
79,41,1,4,1.9,0.8,0.1,0,0,1.9,0.1,1.7,171.6
82,41,1,1,0.5,0.2,0,0,0,0.5,0,0.4,42.9
93,41,1,3,1.2,0.6,0.1,0,0,1.2,0.4,0.9,124.1
100,41,1,2,1,0.5,0.1,0,0.1,1,0.2,0.6,85.4
101,41,1,7,3.6,1.6,0.2,0,0.2,3.6,0.7,2,298.7
105,41,1,2,1,0.4,0.1,0,0.1,1,0.2,0.6,101.5
109,41,1,3,1.5,0.5,0.1,0,0.2,1.5,0.3,0.9,152.3
114,41,1,6,2.4,0.7,0.2,0,0,2.4,0.5,2,247.5
6,42,1,14,7.6,3.7,0.4,0.4,0.4,7.2,0.6,6.6,841.9
7,42,0,25,11,2,0,0,0,11,0,10,1106
8,42,1,19,10.3,5,0.6,0.5,0.6,9.8,0.8,8.9,1142.5
14,42,1,4,1.7,0.3,0.1,0,0.1,1.7,0.3,1.4,181.4
17,42,1,3,1.3,0.2,0.1,0,0.1,1.3,0.2,1,136
20,42,1,4,1.7,0.3,0.1,0,0.1,1.7,0.3,1.4,181.4
21,42,1,1,0.4,0.1,0,0,0,0.4,0.1,0.3,45.3
25,42,1,2,1.1,0.5,0,0,0.1,1.1,0.2,0.7,111.5
27,42,1,1,0.6,0.2,0,0,0.1,0.6,0.1,0.4,55.7
30,42,1,4,1.4,0.3,0.2,0,0.1,1.4,0.2,1.1,140.1
31,42,1,2,0.7,0.1,0.1,0,0.1,0.7,0.1,0.5,70
33,42,1,3,1,0.2,0.2,0,0.1,1,0.2,0.8,105
40,42,1,2,0.9,0.1,0.1,0,0.1,0.9,0.3,0.6,96.1
48,42,1,2,0.9,0.3,0.1,0,0.1,0.9,0.2,0.8,104.3
52,42,1,4,1.9,0.6,0.1,0,0.1,1.9,0.3,1.6,208.7
54,42,1,2,0.8,0.2,0.1,0,0,0.8,0.1,0.5,99.2
60,42,1,2,0.8,0.2,0.1,0,0,0.8,0.1,0.5,99.2
69,42,1,2,0.8,0.2,0.1,0,0,0.8,0.2,0.6,89
76,42,1,1,0.5,0.2,0,0,0,0.5,0,0.4,42.9
79,42,1,2,1,0.4,0.1,0,0,1,0.1,0.8,85.8
85,42,1,1,0.4,0.2,0,0,0,0.4,0.1,0.3,41.4
106,42,1,3,1.5,0.5,0.1,0,0.2,1.5,0.3,0.9,152.3
115,42,1,2,0.8,0.2,0.1,0,0,0.8,0.2,0.7,82.5
117,42,1,2,0.8,0.2,0.1,0,0,0.8,0.2,0.7,82.5
122,42,1,2,0.8,0.2,0.1,0,0,0.8,0.2,0.7,82.5
123,42,1,4,1.6,0.4,0.1,0,0,1.6,0.4,1.3,165
6,43,0,54.5,40,29,0,18,2,22,12,16,2931
7,43,0,24,12,6,2,0,0,12,2,10,1265
8,43,0,61,30,10,2,0,5,30,4,18,2594
9,43,0,40,22,9,0,0,1,22,2,12,1921
10,43,1,7,3.7,1.2,0.2,0.2,0.3,3.5,0.7,2.8,349.8
11,43,1,4,2.1,0.7,0.1,0.1,0.2,2,0.4,1.6,199.9
13,43,1,2,1,0.4,0,0,0.1,1,0.2,0.8,100
25,43,1,2,0.9,0.3,0.1,0,0,0.9,0.2,0.8,91.9
30,43,1,2,0.9,0.3,0.1,0,0,0.9,0.2,0.8,91.9
31,43,1,17,7.3,2.6,0.6,0,0.4,7.3,1.4,6.5,781.4
32,43,1,2,0.9,0.3,0.1,0,0,0.9,0.2,0.8,91.9
35,43,1,2,0.9,0.1,0.1,0,0.1,0.9,0.3,0.6,96.1
39,43,1,2,0.9,0.1,0.1,0,0.1,0.9,0.3,0.6,96.1
41,43,1,2,0.9,0.1,0.1,0,0.1,0.9,0.3,0.6,96.1
50,43,1,2,0.9,0.3,0.1,0,0.1,0.9,0.2,0.8,104.3
54,43,1,2,0.8,0.2,0.1,0,0,0.8,0.1,0.5,99.2
59,43,1,4,1.6,0.5,0.2,0,0,1.6,0.2,1,198.4
60,43,1,2,0.8,0.2,0.1,0,0,0.8,0.1,0.5,99.2
64,43,1,1,0.4,0.1,0.1,0,0,0.4,0.1,0.3,44.5
76,43,1,5,2.4,1,0.2,0,0,2.4,0.2,2.1,214.5
85,43,1,4,1.6,0.8,0.2,0,0,1.6,0.5,1.2,165.5
87,43,1,4,1.6,0.8,0.2,0,0,1.6,0.5,1.2,165.5
90,43,1,6,2.4,1.1,0.2,0,0,2.4,0.8,1.9,248.2
102,43,1,2,1,0.5,0.1,0,0.1,1,0.2,0.6,85.4
108,43,1,3,1.8,0.5,0,0,0,1.8,0.3,1.6,147.1
109,43,1,2,1,0.4,0.1,0,0.1,1,0.2,0.6,101.5
113,43,1,5,2.4,0.9,0.2,0,0.3,2.4,0.5,1.5,253.8
125,43,1,1,0.5,0.3,0,0,0,0.5,0.1,0.5,46.4
0,44,1,3,1,0.1,0.2,0,0,1,0.2,0.7,112.1
4,44,1,1,0.5,0.2,0,0,0.1,0.5,0.1,0.4,62.1
5,44,1,9,4.5,1.4,0,0.2,0.5,4.3,0.7,3.8,558.5
6,44,0,27,15,5,0,0,2,15,1,10,1429
7,44,1,13,6.5,2.1,0,0.3,0.7,6.2,1,5.5,806.7
8,44,0,63,24,4,2,4,3,20,1,17,2653
9,44,0,39,15,3,1,0,1,15,1,14,1503
10,44,1,8,4.2,1.4,0.2,0.2,0.4,4,0.8,3.2,399.8
12,44,1,1,0.5,0.2,0,0,0,0.5,0.1,0.4,50
16,44,1,3,1.3,0.2,0.1,0,0.1,1.3,0.2,1,136
18,44,1,2,0.8,0.1,0,0,0,0.8,0.1,0.7,90.7
24,44,1,1,0.4,0.2,0,0,0,0.4,0.1,0.4,46
25,44,1,4,1.7,0.6,0.1,0,0.1,1.7,0.3,1.5,183.9
30,44,1,4,1.7,0.6,0.1,0,0.1,1.7,0.3,1.5,183.9
31,44,1,17,7.3,2.6,0.6,0,0.4,7.3,1.4,6.5,781.4
32,44,1,14,6,2.1,0.5,0,0.3,6,1.1,5.4,643.5
36,44,1,5,2.2,0.3,0.2,0,0.2,2.2,0.7,1.6,240.3
42,44,1,5,2.2,0.3,0.2,0,0.2,2.2,0.7,1.6,240.3
50,44,1,3,1.4,0.4,0.1,0,0.1,1.4,0.3,1.2,156.5
67,44,1,6,2.4,0.7,0.4,0,0.1,2.4,0.7,1.7,266.9
74,44,1,1,0.5,0.2,0,0,0,0.5,0,0.4,42.9
83,44,1,4,1.9,0.8,0.1,0,0,1.9,0.1,1.7,171.6
93,44,1,2,0.8,0.4,0.1,0,0,0.8,0.2,0.6,82.8
110,44,1,2,1,0.4,0.1,0,0.1,1,0.2,0.6,101.5
113,44,1,1,0.5,0.2,0,0,0.1,0.5,0.1,0.3,50.8
120,44,1,5,2,0.5,0.2,0,0,2,0.5,1.6,206.3
121,44,1,6,2.4,0.7,0.2,0,0,2.4,0.5,2,247.5
4,45,1,2,1,0.3,0,0.1,0.1,0.9,0.2,0.8,124.1
5,45,0,12,11,10,0,5,0,6,5,7,838
6,45,0,20,12,8,0,0,0,12,2,8,1057
8,45,0,44,12,2,3,0,0,12,0,12,1284
9,45,1,2,1,0.4,0,0,0.1,1,0.2,0.8,100
13,45,1,4,2.1,0.7,0.1,0.1,0.2,2,0.4,1.6,199.9
27,45,1,5,2.2,0.8,0.2,0,0.1,2.2,0.4,1.9,229.8
29,45,1,1,0.4,0.2,0,0,0,0.4,0.1,0.4,46
31,45,1,4,1.7,0.6,0.1,0,0.1,1.7,0.3,1.5,183.9
33,45,1,1,0.4,0.2,0,0,0,0.4,0.1,0.4,46
50,45,1,1,0.5,0.1,0,0,0,0.5,0.1,0.4,52.2
68,45,1,2,0.8,0.2,0.1,0,0,0.8,0.2,0.6,89
72,45,1,1,0.4,0.1,0.1,0,0,0.4,0.1,0.3,44.5
76,45,1,3,1.5,0.6,0.1,0,0,1.5,0.1,1.3,128.7
82,45,1,2,1,0.4,0.1,0,0,1,0.1,0.8,85.8
85,45,1,1,0.4,0.2,0,0,0,0.4,0.1,0.3,41.4
86,45,1,1,0.4,0.2,0,0,0,0.4,0.1,0.3,41.4
103,45,1,1,0.5,0.2,0,0,0,0.5,0.1,0.3,42.7
104,45,1,2,1.2,0.4,0,0,0,1.2,0.2,1.1,98.1
107,45,1,2,1.2,0.4,0,0,0,1.2,0.2,1.1,98.1
109,45,1,1,0.5,0.2,0,0,0.1,0.5,0.1,0.3,50.8
114,45,1,1,0.4,0.1,0,0,0,0.4,0.1,0.3,41.3
115,45,1,4,1.6,0.4,0.1,0,0,1.6,0.4,1.3,165
117,45,1,2,0.8,0.2,0.1,0,0,0.8,0.2,0.7,82.5
125,45,1,2,1,0.5,0,0,0,1,0.3,0.9,92.7
127,45,1,1,0.5,0.3,0,0,0,0.5,0.1,0.5,46.4
5,46,0,23,11,5,0,0,1,11,0,9,1330
6,46,1,5,2.5,0.8,0,0.1,0.3,2.4,0.4,2.1,310.3
8,46,1,2,1,0.3,0,0.1,0.1,0.9,0.2,0.8,124.1
15,46,1,5,2.1,0.3,0.1,0,0.1,2.1,0.3,1.7,226.7
19,46,1,1,0.4,0.1,0,0,0,0.4,0.1,0.3,45.3
26,46,1,3,1.3,0.5,0.1,0,0.1,1.3,0.2,1.2,137.9
27,46,1,1,0.4,0.2,0,0,0,0.4,0.1,0.4,46
34,46,1,2,0.9,0.1,0.1,0,0.1,0.9,0.3,0.6,96.1
50,46,1,2,0.9,0.3,0.1,0,0.1,0.9,0.2,0.8,104.3
60,46,1,2,0.8,0.2,0.1,0,0,0.8,0.1,0.5,99.2
68,46,1,4,1.6,0.4,0.3,0,0.1,1.6,0.4,1.2,178
73,46,1,2,0.8,0.2,0.1,0,0,0.8,0.2,0.6,89
75,46,1,1,0.5,0.2,0,0,0,0.5,0,0.4,42.9
76,46,1,1,0.5,0.2,0,0,0,0.5,0,0.4,42.9
81,46,1,2,1,0.4,0.1,0,0,1,0.1,0.8,85.8
86,46,1,6,2.4,1.1,0.2,0,0,2.4,0.8,1.9,248.2
88,46,1,1,0.4,0.2,0,0,0,0.4,0.1,0.3,41.4
89,46,1,4,1.6,0.8,0.2,0,0,1.6,0.5,1.2,165.5
97,46,1,4,2.1,0.9,0.1,0,0.1,2.1,0.4,1.2,170.7
99,46,1,1,0.5,0.2,0,0,0,0.5,0.1,0.3,42.7
103,46,1,2,1,0.5,0.1,0,0.1,1,0.2,0.6,85.4
108,46,1,2,1.2,0.4,0,0,0,1.2,0.2,1.1,98.1
109,46,1,1,0.5,0.2,0,0,0.1,0.5,0.1,0.3,50.8
120,46,1,1,0.4,0.1,0,0,0,0.4,0.1,0.3,41.3
122,46,1,1,0.4,0.1,0,0,0,0.4,0.1,0.3,41.3
1,47,1,8,2.5,0.4,0.5,0,0,2.5,0.6,1.8,299
3,47,1,6,1.9,0.3,0.4,0,0,1.9,0.5,1.3,224.3
4,47,0,28,13,4,0,0,1,13,0,6,1512
5,47,0,22,16,10,0,0,2,16,4,6,1170
7,47,1,2,1,0.3,0,0.1,0.1,0.9,0.2,0.8,124.1
8,47,1,4,2,0.6,0,0.1,0.2,1.9,0.3,1.7,248.2
9,47,1,3,1.6,0.5,0.1,0.1,0.1,1.5,0.3,1.2,149.9
12,47,1,2,1,0.4,0,0,0.1,1,0.2,0.8,100
13,47,1,7,3.7,1.2,0.2,0.2,0.3,3.5,0.7,2.8,349.8
18,47,1,3,1.3,0.2,0.1,0,0.1,1.3,0.2,1,136
23,47,1,2,0.8,0.1,0,0,0,0.8,0.1,0.7,90.7
26,47,1,2,0.9,0.3,0.1,0,0,0.9,0.2,0.8,91.9
29,47,1,2,0.9,0.3,0.1,0,0,0.9,0.2,0.8,91.9
33,47,1,4,1.7,0.6,0.1,0,0.1,1.7,0.3,1.5,183.9
38,47,1,2,0.9,0.1,0.1,0,0.1,0.9,0.3,0.6,96.1
40,47,1,2,0.9,0.1,0.1,0,0.1,0.9,0.3,0.6,96.1
44,47,1,1.5,0.7,0.2,0,0,0,0.7,0.1,0.6,78.3
45,47,1,2,0.9,0.3,0.1,0,0.1,0.9,0.2,0.8,104.3
46,47,1,2,0.9,0.3,0.1,0,0.1,0.9,0.2,0.8,104.3
58,47,1,1,0.4,0.1,0,0,0,0.4,0,0.3,49.6
59,47,1,2,0.8,0.2,0.1,0,0,0.8,0.1,0.5,99.2
65,47,1,1,0.4,0.1,0.1,0,0,0.4,0.1,0.3,44.5
67,47,1,2,0.8,0.2,0.1,0,0,0.8,0.2,0.6,89
77,47,1,1,0.5,0.2,0,0,0,0.5,0,0.4,42.9
99,47,1,1,0.5,0.2,0,0,0,0.5,0.1,0.3,42.7
102,47,1,1,0.5,0.2,0,0,0,0.5,0.1,0.3,42.7
106,47,1,2,1.2,0.4,0,0,0,1.2,0.2,1.1,98.1
107,47,1,2,1.2,0.4,0,0,0,1.2,0.2,1.1,98.1
108,47,1,9,5.3,1.6,0,0,0,5.3,0.8,4.9,441.4
112,47,1,1,0.5,0.2,0,0,0.1,0.5,0.1,0.3,50.8
113,47,1,7,3.4,1.3,0.2,0,0.4,3.4,0.6,2.1,355.3
123,47,1,2,0.8,0.2,0.1,0,0,0.8,0.2,0.7,82.5
125,47,1,6,3.1,1.6,0.1,0,0.1,3.1,0.9,2.7,278.1
127,47,1,3,1.6,0.8,0.1,0,0.1,1.6,0.4,1.4,139.1
3,48,1,6,3.7,1.7,0,0.4,0.3,3.3,0.7,3,289.3
4,48,1,17,7.8,1.7,0,0,0.9,7.8,0.4,7,714.9
7,48,1,4,1.8,0.4,0,0,0.2,1.8,0.1,1.6,168.2
8,48,1,3,1.4,0.3,0,0,0.2,1.4,0.1,1.2,126.2
10,48,1,1,0.4,0.1,0,0,0,0.4,0.1,0.3,44.1
19,48,1,2,0.9,0.2,0.1,0,0,0.9,0.2,0.6,84.1
22,48,1,1,0.4,0.1,0,0,0,0.4,0.1,0.3,42
23,48,1,7,3.1,0.8,0.3,0,0.1,3.1,0.6,2.1,294.3
27,48,1,2,0.9,0.2,0,0,0,0.9,0.2,0.6,101.9
33,48,1,8,3.1,0.6,0.3,0,0,3.1,0.6,2.6,316.6
38,48,1,3,1.2,0.4,0.1,0,0.1,1.2,0.1,1,136.5
41,48,1,7,2.9,1,0.2,0,0.2,2.9,0.2,2.4,318.5
45,48,1,1,0.5,0.1,0,0,0,0.5,0.1,0.3,53.2
48,48,1,2,0.9,0.3,0,0,0,0.9,0.2,0.7,106.4
51,48,1,2,0.9,0.3,0,0,0,0.9,0.2,0.7,106.4
55,48,1,2,0.9,0.2,0.1,0,0.1,0.9,0.2,0.9,88.8
59,48,1,1,0.5,0.1,0,0,0,0.5,0.1,0.4,39.9
60,48,1,3,1.4,0.4,0.1,0,0.1,1.4,0.3,1.1,119.8
70,48,1,3,1.4,0.6,0.1,0,0,1.4,0.2,1,128.4
74,48,1,1,0.4,0.1,0,0,0,0.4,0.2,0.3,43.3
81,48,1,3,1.2,0.3,0.1,0,0.1,1.2,0.5,0.8,129.9
94,48,1,1,0.5,0.2,0,0,0,0.5,0.1,0.4,44
95,48,1,3,1.4,0.6,0.1,0,0.1,1.4,0.3,1.2,132.1
103,48,1,2,1,0.4,0,0,0,1,0.2,0.8,88
109,48,1,2,0.9,0.3,0.1,0,0,0.9,0.1,0.7,102.1
111,48,1,8,3.6,1.1,0.3,0.1,0.1,3.5,0.5,2.9,408.5
112,48,1,17,7.7,2.3,0.6,0.2,0.1,7.5,1,6.2,868
118,48,1,2,0.9,0.3,0,0,0,0.9,0.2,0.7,94.7
122,48,1,4,1.8,0.5,0.1,0,0.1,1.8,0.4,1.3,189.5
2,49,1,2,1.2,0.6,0,0.1,0.1,1.1,0.2,1,96.4
3,49,1,3,1.8,0.8,0,0.2,0.2,1.6,0.3,1.5,144.7
4,49,1,2,0.9,0.2,0,0,0.1,0.9,0.1,0.8,84.1
8,49,1,1,0.5,0.1,0,0,0.1,0.5,0,0.4,42.1
10,49,1,6,2.4,0.4,0.1,0,0.1,2.4,0.6,1.9,264.8
15,49,1,2,0.9,0.2,0.1,0,0,0.9,0.2,0.6,84.1
26,49,1,2,0.9,0.2,0,0,0,0.9,0.2,0.6,101.9
30,49,1,3,1.2,0.2,0.1,0,0,1.2,0.2,1,118.7
31,49,1,2,0.8,0.1,0.1,0,0,0.8,0.1,0.6,79.1
32,49,1,6,2.4,0.4,0.2,0,0,2.4,0.4,1.9,237.4
33,49,1,2,0.8,0.1,0.1,0,0,0.8,0.1,0.6,79.1
37,49,1,6,2.5,0.8,0.1,0,0.1,2.5,0.1,2,273
40,49,1,4,1.6,0.5,0.1,0,0.1,1.6,0.1,1.4,182
41,49,1,1,0.4,0.1,0,0,0,0.4,0,0.3,45.5
43,49,1,2,0.8,0.3,0,0,0,0.8,0,0.7,91
49,49,1,2,0.9,0.3,0,0,0,0.9,0.2,0.7,106.4
51,49,1,2,0.9,0.3,0,0,0,0.9,0.2,0.7,106.4
57,49,1,4,1.9,0.4,0.1,0,0.1,1.9,0.5,1.8,177.5
63,49,1,2,0.9,0.3,0.1,0,0.1,0.9,0.2,0.7,79.9
75,49,1,4,1.6,0.3,0.2,0,0.2,1.6,0.6,1.1,173.2
79,49,1,2,0.8,0.2,0.1,0,0.1,0.8,0.3,0.6,86.6
85,49,1,1,0.5,0.2,0,0,0,0.5,0.1,0.5,56.7
90,49,1,1,0.5,0.2,0,0,0,0.5,0.1,0.5,56.7
91,49,1,4,2.1,0.9,0,0,0.1,2.1,0.3,1.8,226.6
95,49,1,1,0.5,0.2,0,0,0,0.5,0.1,0.4,44
97,49,1,5,2.4,0.9,0.1,0,0.1,2.4,0.5,2.1,220.1
99,49,1,4,1.9,0.8,0.1,0,0.1,1.9,0.4,1.7,176.1
100,49,1,1,0.5,0.2,0,0,0,0.5,0.1,0.4,44
102,49,1,3,1.4,0.6,0.1,0,0.1,1.4,0.3,1.2,132.1
105,49,1,3,1.5,0.6,0.1,0.3,0,1.2,0.3,0.9,128
106,49,1,2,1,0.4,0,0.2,0,0.8,0.2,0.6,85.3
107,49,1,2,1,0.4,0,0.2,0,0.8,0.2,0.6,85.3
109,49,1,4,1.8,0.5,0.2,0.1,0,1.7,0.2,1.5,204.2
110,49,0,28,12,6,2,0,1,12,2,10,1428
111,49,1,24,10.9,3.3,0.9,0.4,0.2,10.5,1.5,8.7,1225.5
112,49,1,7,3.2,1,0.3,0.1,0.1,3.1,0.4,2.5,357.4
113,49,1,2,0.9,0.3,0.1,0,0,0.9,0.1,0.7,102.1
120,49,1,1,0.5,0.1,0,0,0,0.5,0.1,0.3,47.4
123,49,1,1,0.5,0.1,0,0,0,0.5,0.1,0.3,47.4
0,50,1,3,1.8,0.8,0,0.2,0.2,1.6,0.3,1.5,144.7
3,50,1,2,1.2,0.6,0,0.1,0.1,1.1,0.2,1,96.4
7,50,1,5,2.3,0.5,0,0,0.3,2.3,0.1,2.1,210.3
18,50,1,4,1.8,0.4,0.1,0,0.1,1.8,0.4,1.2,168.1
19,50,1,3,1.3,0.3,0.1,0,0.1,1.3,0.3,0.9,126.1
25,50,1,3,1.4,0.4,0,0,0.1,1.4,0.4,1,152.9
28,50,1,4,1.9,0.5,0,0,0.1,1.9,0.5,1.3,203.9
29,50,1,1,0.4,0.1,0,0,0,0.4,0.1,0.3,39.6
33,50,1,1,0.4,0.1,0,0,0,0.4,0.1,0.3,39.6
44,50,1,2,0.9,0.3,0,0,0,0.9,0.2,0.7,106.4
47,50,1,2,0.9,0.3,0,0,0,0.9,0.2,0.7,106.4
50,50,1,4,1.9,0.5,0,0,0,1.9,0.3,1.3,212.7
51,50,1,1,0.5,0.1,0,0,0,0.5,0.1,0.3,53.2
59,50,1,4,1.8,0.6,0.1,0,0.1,1.8,0.3,1.5,159.8
69,50,1,1,0.5,0.2,0,0,0,0.5,0.1,0.3,42.8
94,50,1,4,1.9,0.8,0.1,0,0.1,1.9,0.4,1.7,176.1
109,50,1,4,1.8,0.5,0.2,0.1,0,1.7,0.2,1.5,204.2
110,50,0,20,16,13,0,8,1,8,10,7,1288
111,50,1,10,4.5,1.4,0.4,0.1,0.1,4.4,0.6,3.6,510.6
112,50,1,1,0.5,0.1,0,0,0,0.5,0.1,0.4,51.1
114,50,1,5,2.3,0.7,0.1,0,0.1,2.3,0.5,1.6,236.8
116,50,1,2,0.9,0.3,0,0,0,0.9,0.2,0.7,94.7
117,50,1,2,0.9,0.3,0,0,0,0.9,0.2,0.7,94.7
124,50,1,4,1.6,0.3,0,0,0.1,1.6,0.2,1.6,178.5
127,50,1,2,0.8,0.1,0,0,0,0.8,0.1,0.8,89.2
2,51,1,1,0.6,0.3,0,0.1,0.1,0.5,0.1,0.5,48.2
4,51,1,2,0.9,0.2,0,0,0.1,0.9,0.1,0.8,84.1
11,51,1,2,0.8,0.1,0,0,0,0.8,0.2,0.6,88.3
24,51,1,2,0.9,0.2,0,0,0,0.9,0.2,0.6,101.9
35,51,1,4,1.6,0.5,0.1,0,0.1,1.6,0.1,1.4,182
39,51,1,6,2.5,0.8,0.1,0,0.1,2.5,0.1,2,273
57,51,1,6,2.8,0.6,0.2,0,0.2,2.8,0.8,2.6,266.2
65,51,1,2,0.9,0.4,0.1,0,0,0.9,0.2,0.7,85.6
67,51,1,9.5,4.4,1.8,0.3,0,0,4.4,0.8,3.1,406.5
71,51,1,2,0.9,0.4,0.1,0,0,0.9,0.2,0.7,85.6
78,51,1,1,0.4,0.1,0,0,0,0.4,0.2,0.3,43.3
85,51,1,6,3.1,1.4,0,0,0.2,3.1,0.4,2.8,339.9
91,51,1,1,0.5,0.2,0,0,0,0.5,0.1,0.5,56.7
107,51,1,8,4.1,1.6,0.2,0.9,0,3.2,0.7,2.5,341.3
108,51,1,12,6.1,2.4,0.3,1.3,0,4.8,1.1,3.7,512
109,51,0,37,23,13,0,1,2,22,4,13,1901
110,51,0,70,38,21,1,4,2,34,11,17,3271
111,51,0,52.5,23,7,2,0,2,23,4,14,2038
112,51,1,18,8.2,2.5,0.7,0.3,0.1,7.9,1.1,6.5,919.1
114,51,1,7,3.2,0.9,0.2,0,0.2,3.2,0.8,2.3,331.6
116,51,1,3,1.4,0.4,0.1,0,0.1,1.4,0.3,1,142.1
123,51,1,1,0.5,0.1,0,0,0,0.5,0.1,0.3,47.4
125,51,1,4,1.6,0.3,0,0,0.1,1.6,0.2,1.6,178.5
127,51,1,5,2,0.4,0,0,0.1,2,0.3,2,223.1
4,52,1,4,1.8,0.4,0,0,0.2,1.8,0.1,1.6,168.2
8,52,1,1,0.5,0.1,0,0,0.1,0.5,0,0.4,42.1
10,52,1,5,2,0.4,0.1,0,0.1,2,0.5,1.6,220.6
14,52,1,4,1.8,0.4,0.1,0,0.1,1.8,0.4,1.2,168.1
16,52,1,3,1.3,0.3,0.1,0,0.1,1.3,0.3,0.9,126.1
17,52,1,2,0.9,0.2,0.1,0,0,0.9,0.2,0.6,84.1
18,52,1,2,0.9,0.2,0.1,0,0,0.9,0.2,0.6,84.1
22,52,1,2,0.9,0.2,0.1,0,0,0.9,0.2,0.6,84.1
27,52,1,1,0.5,0.1,0,0,0,0.5,0.1,0.3,51
31,52,1,5,2,0.4,0.2,0,0,2,0.4,1.6,197.9
35,52,1,1,0.4,0.1,0,0,0,0.4,0,0.3,45.5
38,52,1,2,0.8,0.3,0,0,0,0.8,0,0.7,91
47,52,1,2,0.9,0.3,0,0,0,0.9,0.2,0.7,106.4
48,52,1,8,3.8,1.1,0,0,0,3.8,0.6,2.7,425.4
53,52,1,2,0.9,0.3,0,0,0,0.9,0.2,0.7,106.4
54,52,1,2,0.9,0.2,0.1,0,0.1,0.9,0.2,0.9,88.8
56,52,1,15,7,1.4,0.5,0,0.5,7,1.9,6.6,665.6
57,52,1,3,1.4,0.3,0.1,0,0.1,1.4,0.4,1.3,133.1
82,52,1,2,0.8,0.2,0.1,0,0.1,0.8,0.3,0.6,86.6
87,52,1,1.5,0.8,0.3,0,0,0,0.8,0.1,0.7,85
89,52,1,4,2.1,0.9,0,0,0.1,2.1,0.3,1.8,226.6
93,52,1,2,1,0.5,0,0,0.1,1,0.1,0.9,113.3
97,52,1,6,2.9,1.1,0.1,0,0.1,2.9,0.6,2.5,264.1
98,52,1,4,1.9,0.8,0.1,0,0.1,1.9,0.4,1.7,176.1
99,52,1,3,1.4,0.6,0.1,0,0.1,1.4,0.3,1.2,132.1
104,52,1,2,1,0.4,0,0.2,0,0.8,0.2,0.6,85.3
108,52,1,16,8.2,3.2,0.4,1.8,0,6.4,1.4,5,682.7
109,52,0,67,31,11,3,0,3,31,6,27,2882
110,52,1,1,0.5,0.1,0,0,0,0.5,0.1,0.4,51.1
111,52,1,14,6.4,1.9,0.5,0.2,0.1,6.2,0.8,5.1,714.8
112,52,1,20,9.1,2.7,0.8,0.3,0.2,8.8,1.2,7.3,1021.2
123,52,1,4,1.8,0.5,0.1,0,0.1,1.8,0.4,1.3,189.5
1,53,1,3,1.4,0.7,0.1,0,0,1.4,0.2,1.2,131.7
2,53,1,2,1,0.4,0.1,0,0,1,0.1,0.8,87.8
7,53,1,13,5.3,1,0.2,0,0.2,5.3,1.2,4.1,573.7
22,53,1,2,0.9,0.2,0.1,0,0,0.9,0.2,0.6,84.1
29,53,1,2,0.9,0.2,0,0,0,0.9,0.2,0.6,101.9
36,53,1,1,0.4,0.1,0,0,0,0.4,0,0.3,45.5
37,53,1,3,1.2,0.4,0.1,0,0.1,1.2,0.1,1,136.5
40,53,1,2,0.9,0.2,0,0,0.1,0.9,0.2,0.8,92.5
45,53,1,1,0.5,0.1,0,0,0,0.5,0.1,0.3,53.2
52,53,1,3,1.4,0.4,0,0,0,1.4,0.2,1,159.5
54,53,1,1,0.5,0.1,0,0,0,0.5,0.1,0.4,39.9
56,53,1,4,1.8,0.6,0.1,0,0.1,1.8,0.3,1.5,159.8
57,53,1,5,2.3,0.7,0.1,0,0.1,2.3,0.4,1.9,199.7
58,53,1,2,0.9,0.3,0.1,0,0.1,0.9,0.2,0.7,79.9
63,53,1,1,0.5,0.1,0,0,0,0.5,0.1,0.4,39.9
68,53,1,1,0.5,0.2,0,0,0,0.5,0.1,0.3,42.8
69,53,1,2,0.9,0.4,0.1,0,0,0.9,0.2,0.7,85.6
76,53,1,4,1.6,0.3,0.2,0,0.2,1.6,0.6,1.1,173.2
77,53,1,2,0.8,0.2,0.1,0,0.1,0.8,0.3,0.6,86.6
81,53,1,8,3.1,0.7,0.3,0,0.3,3.1,1.2,2.3,346.4
84,53,1,4,2.1,0.9,0,0,0.1,2.1,0.3,1.8,226.6
86,53,1,2,1,0.5,0,0,0.1,1,0.1,0.9,113.3
90,53,1,2,1,0.4,0,0,0.1,1,0.4,1,97.1
91,53,1,6,3.1,1.3,0,0,0.2,3.1,1.1,2.9,291.3
93,53,1,1,0.5,0.2,0,0,0,0.5,0.2,0.5,48.5
94,53,1,10,5.3,2.2,0,0.4,0.2,4.9,0.6,4.1,564.5
95,53,1,3,1.6,0.7,0,0.1,0.1,1.5,0.2,1.2,169.3
96,53,1,3,1.6,0.7,0,0.1,0.1,1.5,0.2,1.2,169.3
97,53,1,1,0.5,0.2,0,0,0,0.5,0.1,0.4,56.4
98,53,1,4,2.1,0.9,0,0.2,0.1,1.9,0.2,1.6,225.8
99,53,1,2,1,0.4,0,0,0,1,0.2,0.8,88
105,53,1,2,1.2,0.6,0,0.1,0.1,1.1,0.3,1,130.3
109,53,1,1,0.6,0.3,0,0,0,0.6,0.2,0.5,65.1
113,53,1,2,1.2,0.6,0,0.1,0.1,1.1,0.3,1,130.3
114,53,1,1,0.6,0.3,0,0,0,0.6,0.2,0.4,49
115,53,1,2,1.2,0.6,0,0,0.1,1.2,0.4,0.7,98
116,53,1,2,1.2,0.6,0,0,0.1,1.2,0.4,0.7,98
119,53,1,2,0.9,0.3,0,0,0,0.9,0.2,0.7,94.7
123,53,1,6,2.7,0.8,0.1,0,0.1,2.7,0.7,2,284.2
127,53,1,4,1.6,0.3,0,0,0.1,1.6,0.2,1.6,178.5
0,54,1,1,0.5,0.2,0,0,0,0.5,0.1,0.4,43.9
3,54,1,4,1.9,0.9,0.1,0,0,1.9,0.3,1.6,175.6
13,54,1,5,2,0.4,0.1,0,0.1,2,0.5,1.6,220.6
24,54,1,4,1.9,0.5,0,0,0.1,1.9,0.5,1.3,203.9
26,54,1,2.5,1.2,0.3,0,0,0.1,1.2,0.3,0.8,127.4
39,54,1,4,1.8,0.3,0,0,0.2,1.8,0.3,1.7,185
50,54,1,1,0.5,0.1,0,0,0,0.5,0.1,0.3,53.2
56,54,1,4,1.8,0.6,0.1,0,0.1,1.8,0.3,1.5,159.8
65,54,1,3,1.4,0.6,0.1,0,0,1.4,0.2,1,128.4
72,54,1,4,1.9,0.8,0.1,0,0,1.9,0.3,1.3,171.2
78,54,1,3,1.2,0.3,0.1,0,0.1,1.2,0.5,0.8,129.9
86,54,1,2,1,0.5,0,0,0.1,1,0.1,0.9,113.3
93,54,1,6,3.1,1.3,0,0,0.2,3.1,1.1,2.9,291.3
94,54,1,14,7.4,3.1,0,0.6,0.3,6.8,0.9,5.7,790.3
95,54,0,34,17,6,0,0,1,17,5,14,1582
103,54,1,1,0.5,0.2,0,0,0,0.5,0.1,0.4,44
110,54,1,2,1.2,0.6,0,0.1,0.1,1.1,0.3,1,130.3
116,54,1,4,2.4,1.1,0,0,0.2,2.4,0.7,1.5,195.9
126,54,1,4,1.6,0.3,0,0,0.1,1.6,0.2,1.6,178.5
127,54,1,1,0.4,0.1,0,0,0,0.4,0.1,0.4,44.6
6,55,1,4,1.6,0.3,0.1,0,0.1,1.6,0.4,1.3,176.5
7,55,1,2,0.8,0.1,0,0,0,0.8,0.2,0.6,88.3
10,55,1,2,0.8,0.1,0,0,0,0.8,0.2,0.6,88.3
13,55,1,4,1.6,0.3,0.1,0,0.1,1.6,0.4,1.3,176.5
16,55,1,1,0.4,0.1,0,0,0,0.4,0.1,0.3,42
18,55,1,3,1.3,0.3,0.1,0,0.1,1.3,0.3,0.9,126.1
21,55,1,6,2.7,0.7,0.2,0,0.1,2.7,0.6,1.8,252.2
22,55,1,3,1.3,0.3,0.1,0,0.1,1.3,0.3,0.9,126.1
26,55,1,2,0.9,0.2,0,0,0,0.9,0.2,0.6,101.9
29,55,1,2,0.9,0.2,0,0,0,0.9,0.2,0.6,101.9
31,55,1,6,2.8,0.7,0,0,0.1,2.8,0.7,1.9,305.8
32,55,1,2,0.9,0.2,0,0,0,0.9,0.2,0.6,101.9
35,55,1,1,0.4,0.1,0,0,0,0.4,0,0.3,45.5
43,55,1,11,5,0.9,0,0,0.5,5,0.9,4.6,508.8
44,55,1,1,0.5,0.1,0,0,0,0.5,0.1,0.3,53.2
48,55,1,4,1.9,0.5,0,0,0,1.9,0.3,1.3,212.7
49,55,1,1,0.5,0.1,0,0,0,0.5,0.1,0.3,53.2
50,55,1,6,2.8,0.8,0,0,0,2.8,0.5,2,319.1
60,55,1,7,3.2,1,0.2,0,0.2,3.2,0.6,2.6,279.6
64,55,1,1,0.5,0.2,0,0,0,0.5,0.1,0.3,42.8
66,55,1,2,0.9,0.4,0.1,0,0,0.9,0.2,0.7,85.6
72,55,1,2,0.9,0.4,0.1,0,0,0.9,0.2,0.7,85.6
77,55,1,2,0.8,0.2,0.1,0,0.1,0.8,0.3,0.6,86.6
79,55,1,2,0.8,0.2,0.1,0,0.1,0.8,0.3,0.6,86.6
90,55,1,2,1,0.4,0,0,0.1,1,0.4,1,97.1
92,55,1,2,1,0.4,0,0,0.1,1,0.4,1,97.1
93,55,0,41,23,8,0,0,1,23,8,14,2004
94,55,0,26.5,14,7,0,0,1,14,3,6,1212
95,55,1,8,4.2,1.8,0,0.3,0.2,3.9,0.5,3.3,451.6
96,55,1,1,0.5,0.2,0,0,0,0.5,0.1,0.4,56.4
100,55,1,2,1,0.4,0,0,0,1,0.2,0.8,88
108,55,1,1,0.6,0.3,0,0,0,0.6,0.2,0.5,65.1
112,55,1,3,1.8,0.9,0,0.1,0.1,1.7,0.5,1.4,195.4
115,55,1,3.5,2.1,1,0,0,0.2,2.1,0.7,1.3,171.4
118,55,1,2,1.2,0.6,0,0,0.1,1.2,0.4,0.7,98
3,56,1,6,2.9,1.3,0.2,0,0,2.9,0.4,2.4,263.3
5,56,1,2,0.8,0.1,0,0,0,0.8,0.2,0.6,88.3
10,56,1,3,1.2,0.2,0.1,0,0.1,1.2,0.3,0.9,132.4
13,56,1,2,0.8,0.1,0,0,0,0.8,0.2,0.6,88.3
20,56,1,1,0.4,0.1,0,0,0,0.4,0.1,0.3,42
27,56,1,1,0.5,0.1,0,0,0,0.5,0.1,0.3,51
33,56,1,1,0.5,0.1,0,0,0,0.5,0.1,0.3,51
39,56,1,2,0.9,0.2,0,0,0.1,0.9,0.2,0.8,92.5
43,56,1,2,0.9,0.2,0,0,0.1,0.9,0.2,0.8,92.5
44,56,1,4,1.9,0.5,0,0,0,1.9,0.3,1.3,212.7
77,56,1,3,1.2,0.3,0.1,0,0.1,1.2,0.5,0.8,129.9
88,56,1,1,0.5,0.2,0,0,0,0.5,0.1,0.5,56.7
92,56,1,7,3.6,1.5,0,0,0.2,3.6,1.3,3.4,339.8
93,56,1,5,2.6,1.1,0,0,0.2,2.6,0.9,2.4,242.7
98,56,1,3,1.6,0.7,0,0.1,0.1,1.5,0.2,1.2,169.3
102,56,1,3,1.4,0.6,0.1,0,0.1,1.4,0.3,1.2,132.1
103,56,1,1,0.5,0.2,0,0,0,0.5,0.1,0.4,44
105,56,1,2,1.2,0.6,0,0.1,0.1,1.1,0.3,1,130.3
107,56,1,1,0.6,0.3,0,0,0,0.6,0.2,0.5,65.1
115,56,1,4,2.4,1.1,0,0,0.2,2.4,0.7,1.5,195.9
121,56,1,3,1.4,0.4,0.1,0,0.1,1.4,0.3,1,142.1
122,56,1,2,0.9,0.3,0,0,0,0.9,0.2,0.7,94.7
127,56,1,2,0.8,0.1,0,0,0,0.8,0.1,0.8,89.2
3,57,1,5,2.4,1.1,0.2,0,0,2.4,0.4,2,219.4
7,57,1,1,0.4,0.1,0,0,0,0.4,0.1,0.3,44.1
9,57,1,2,0.8,0.1,0,0,0,0.8,0.2,0.6,88.3
15,57,1,4,1.8,0.4,0.1,0,0.1,1.8,0.4,1.2,168.1
19,57,1,2,0.9,0.2,0.1,0,0,0.9,0.2,0.6,84.1
27,57,1,3,1.4,0.4,0,0,0.1,1.4,0.4,1,152.9
29,57,1,1,0.5,0.1,0,0,0,0.5,0.1,0.3,51
34,57,1,2,0.8,0.3,0,0,0,0.8,0,0.7,91
38,57,1,1,0.4,0.1,0,0,0,0.4,0,0.3,45.5
41,57,1,1,0.5,0.1,0,0,0,0.5,0.1,0.4,46.2
42,57,1,2,0.9,0.2,0,0,0.1,0.9,0.2,0.8,92.5
58,57,1,1,0.5,0.1,0,0,0,0.5,0.1,0.4,39.9
66,57,1,2,0.9,0.4,0.1,0,0,0.9,0.2,0.7,85.6
68,57,1,2,0.9,0.4,0.1,0,0,0.9,0.2,0.7,85.6
77,57,1,1,0.4,0.1,0,0,0,0.4,0.2,0.3,43.3
81,57,1,5,2,0.4,0.2,0,0.2,2,0.8,1.4,216.5
82,57,1,3,1.2,0.3,0.1,0,0.1,1.2,0.5,0.8,129.9
87,57,1,1,0.5,0.2,0,0,0,0.5,0.1,0.5,56.7
92,57,1,2,1,0.4,0,0,0.1,1,0.4,1,97.1
98,57,1,2,1.1,0.4,0,0.1,0,1,0.1,0.8,112.9
99,57,1,2,1,0.4,0,0,0,1,0.2,0.8,88
106,57,1,2,1.2,0.6,0,0.1,0.1,1.1,0.3,1,130.3
108,57,1,1,0.6,0.3,0,0,0,0.6,0.2,0.5,65.1
109,57,1,1,0.6,0.3,0,0,0,0.6,0.2,0.5,65.1
110,57,1,5,3,1.5,0,0.2,0.2,2.8,0.9,2.4,325.7
114,57,1,1,0.6,0.3,0,0,0,0.6,0.2,0.4,49
117,57,1,2,1.2,0.6,0,0,0.1,1.2,0.4,0.7,98
122,57,1,1,0.5,0.1,0,0,0,0.5,0.1,0.3,47.4
0,58,1,2,0.9,0.3,0.1,0,0,0.9,0.2,0.8,83.1
2,58,1,1,0.4,0.2,0,0,0,0.4,0.1,0.4,41.5
9,58,1,2,1,0.3,0.1,0,0.1,1,0.2,0.9,97.7
20,58,1,2,0.9,0.2,0,0,0.1,0.9,0.3,0.8,84.2
21,58,1,1,0.5,0.1,0,0,0,0.5,0.1,0.4,42.1
23,58,1,3,1.4,0.3,0,0,0.1,1.4,0.4,1.1,126.3
34,58,1,4,1.8,0.9,0.2,0,0.1,1.8,0.1,1.1,183.8
40,58,1,1,0.5,0.2,0.1,0,0,0.5,0,0.3,45.9
48,58,1,1,0.5,0.2,0,0,0.1,0.5,0.1,0.3,41
51,58,1,3,1.4,0.5,0.1,0,0.2,1.4,0.2,1,122.9
53,58,1,2,0.9,0.3,0.1,0,0.1,0.9,0.2,0.7,82
54,58,1,3,1.3,0.4,0,0.1,0.1,1.2,0.1,0.9,124.8
56,58,1,3,1.3,0.4,0,0.1,0.1,1.2,0.1,0.9,124.8
59,58,1,4,1.7,0.5,0,0.1,0.1,1.6,0.2,1.2,166.4
68,58,1,16,5.3,0.8,0.8,0,0.4,5.3,1.2,4.9,515.3
70,58,1,4,1.3,0.2,0.2,0,0.1,1.3,0.3,1.2,128.8
75,58,1,2,0.8,0.3,0.1,0,0,0.8,0.1,0.6,85.8
85,58,1,1,0.5,0.2,0,0,0,0.5,0.2,0.4,54.2
89,58,1,1,0.5,0.2,0,0,0,0.5,0.2,0.4,54.2
90,58,1,2,1.1,0.4,0,0,0,1.1,0.4,0.8,108.5
94,58,1,4,1.8,0.6,0.2,0,0.1,1.8,0.3,1.3,175.7
97,58,1,7,3.1,1,0.3,0,0.1,3.1,0.6,2.2,307.6
110,58,1,1,0.4,0.2,0.1,0,0,0.4,0,0.3,41
113,58,1,5,2,0.8,0.3,0,0,2,0.2,1.7,204.9
115,58,1,1,0.5,0.2,0,0,0,0.5,0.1,0.3,60.7
117,58,1,2,1,0.4,0,0,0,1,0.2,0.6,121.4
119,58,1,4,2.1,0.8,0.1,0,0.1,2.1,0.3,1.2,242.9
0,59,1,2,0.9,0.3,0.1,0,0,0.9,0.2,0.8,83.1
3,59,1,1,0.4,0.2,0,0,0,0.4,0.1,0.4,41.5
5,59,1,5,2.4,0.8,0.2,0,0.2,2.4,0.5,2.3,244.4
8,59,1,2,1,0.3,0.1,0,0.1,1,0.2,0.9,97.7
21,59,1,2.5,1.2,0.3,0,0,0.1,1.2,0.4,1,105.2
27,59,1,6,3,1.1,0.1,0,0,3,1,2,273.1
31,59,1,5,2.5,1,0.1,0,0,2.5,0.8,1.7,227.6
32,59,1,6,3,1.1,0.1,0,0,3,1,2,273.1
33,59,1,1,0.5,0.2,0,0,0,0.5,0.2,0.3,45.5
45,59,1,4,1.9,0.6,0.2,0,0.2,1.9,0.3,1.4,163.9
48,59,1,1,0.5,0.2,0,0,0.1,0.5,0.1,0.3,41
68,59,1,2,0.7,0.1,0.1,0,0.1,0.7,0.2,0.6,64.4
90,59,1,1,0.5,0.2,0,0,0,0.5,0.2,0.4,54.2
95,59,1,1,0.4,0.1,0,0,0,0.4,0.1,0.3,43.9
96,59,1,2,0.9,0.3,0.1,0,0,0.9,0.2,0.6,87.9
99,59,1,3,1.3,0.4,0.1,0,0.1,1.3,0.3,1,131.8
101,59,1,7,3.1,1,0.3,0,0.1,3.1,0.6,2.2,307.6
114,59,1,1,0.5,0.2,0,0,0,0.5,0.1,0.3,60.7
8,60,1,4,1.9,0.6,0.1,0,0.1,1.9,0.4,1.8,195.5
12,60,1,1,0.5,0.2,0,0,0,0.5,0.1,0.5,48.9
24,60,1,3,1.5,0.6,0.1,0,0,1.5,0.5,1,136.6
25,60,1,1,0.5,0.2,0,0,0,0.5,0.2,0.3,45.5
30,60,1,2,1,0.4,0,0,0,1,0.3,0.7,91
37,60,1,1,0.5,0.2,0.1,0,0,0.5,0,0.3,45.9
41,60,1,1,0.5,0.2,0.1,0,0,0.5,0,0.3,45.9
42,60,1,1,0.5,0.2,0.1,0,0,0.5,0,0.3,45.9
49,60,1,1,0.5,0.2,0,0,0.1,0.5,0.1,0.3,41
50,60,1,1,0.5,0.2,0,0,0.1,0.5,0.1,0.3,41
70,60,1,4,1.3,0.2,0.2,0,0.1,1.3,0.3,1.2,128.8
74,60,1,7,2.8,0.9,0.3,0,0.1,2.8,0.5,2.2,300.2
78,60,1,2.5,1,0.3,0.1,0,0,1,0.2,0.8,107.2
83,60,1,1,0.4,0.1,0,0,0,0.4,0.1,0.3,42.9
86,60,1,2,1.1,0.4,0,0,0,1.1,0.4,0.8,108.5
87,60,1,1,0.5,0.2,0,0,0,0.5,0.2,0.4,54.2
90,60,1,4,2.1,0.8,0,0,0,2.1,0.7,1.6,216.9
93,60,1,3,1.6,0.6,0,0,0,1.6,0.5,1.2,162.7
98,60,1,3,1.3,0.4,0.1,0,0.1,1.3,0.3,1,131.8
109,60,1,3,1.2,0.5,0.2,0,0,1.2,0.1,1,122.9
116,60,1,5,2.6,1,0.1,0,0.1,2.6,0.4,1.5,303.6
117,60,1,1,0.5,0.2,0,0,0,0.5,0.1,0.3,60.7
120,60,1,2,1,0.4,0,0,0,1,0.2,0.6,121.4
122,60,1,1,0.5,0.2,0,0,0,0.5,0.1,0.3,60.7
125,60,1,1,0.4,0.1,0.1,0,0,0.4,0,0.4,45.3
8,61,1,1,0.5,0.2,0,0,0,0.5,0.1,0.5,48.9
9,61,1,3,1.5,0.5,0.1,0,0.1,1.5,0.3,1.4,146.6
12,61,1,2,1,0.3,0.1,0,0.1,1,0.2,0.9,97.7
15,61,1,2,0.9,0.2,0,0,0.1,0.9,0.3,0.8,84.2
16,61,1,9,4.2,1,0,0,0.4,4.2,1.3,3.4,378.9
17,61,1,1,0.5,0.1,0,0,0,0.5,0.1,0.4,42.1
19,61,1,3,1.4,0.3,0,0,0.1,1.4,0.4,1.1,126.3
22,61,1,2,0.9,0.2,0,0,0.1,0.9,0.3,0.8,84.2
24,61,1,1,0.5,0.2,0,0,0,0.5,0.2,0.3,45.5
25,61,1,1,0.5,0.2,0,0,0,0.5,0.2,0.3,45.5
41,61,1,1,0.5,0.2,0.1,0,0,0.5,0,0.3,45.9
55,61,1,3,1.3,0.4,0,0.1,0.1,1.2,0.1,0.9,124.8
57,61,1,3,1.3,0.4,0,0.1,0.1,1.2,0.1,0.9,124.8
62,61,1,4,1.7,0.5,0,0.1,0.1,1.6,0.2,1.2,166.4
64,61,1,1,0.3,0.1,0.1,0,0,0.3,0.1,0.3,32.2
78,61,1,5,2,0.6,0.2,0,0.1,2,0.4,1.5,214.5
88,61,1,1,0.5,0.2,0,0,0,0.5,0.2,0.4,54.2
97,61,1,2,0.9,0.3,0.1,0,0,0.9,0.2,0.6,87.9
101,61,1,1,0.4,0.1,0,0,0,0.4,0.1,0.3,43.9
106,61,1,3,1.2,0.5,0.2,0,0,1.2,0.1,1,122.9
118,61,1,2,1,0.4,0,0,0,1,0.2,0.6,121.4
120,61,1,3,1.6,0.6,0.1,0,0.1,1.6,0.2,0.9,182.2
121,61,1,8,4.2,1.6,0.2,0,0.2,4.2,0.6,2.4,485.8
13,62,1,2,1,0.3,0.1,0,0.1,1,0.2,0.9,97.7
18,62,1,3,1.4,0.3,0,0,0.1,1.4,0.4,1.1,126.3
21,62,1,2,0.9,0.2,0,0,0.1,0.9,0.3,0.8,84.2
27,62,1,2,1,0.4,0,0,0,1,0.3,0.7,91
32,62,1,3,1.5,0.6,0.1,0,0,1.5,0.5,1,136.6
33,62,1,1,0.5,0.2,0,0,0,0.5,0.2,0.3,45.5
37,62,1,1,0.5,0.2,0.1,0,0,0.5,0,0.3,45.9
38,62,1,3,1.4,0.7,0.2,0,0.1,1.4,0.1,0.9,137.8
42,62,1,2,0.9,0.5,0.1,0,0.1,0.9,0.1,0.6,91.9
43,62,1,3,1.4,0.7,0.2,0,0.1,1.4,0.1,0.9,137.8
51,62,1,2,0.9,0.3,0.1,0,0.1,0.9,0.2,0.7,82
62,62,1,4,1.7,0.5,0,0.1,0.1,1.6,0.2,1.2,166.4
65,62,1,2,0.7,0.1,0.1,0,0.1,0.7,0.2,0.6,64.4
68,62,1,6,2,0.3,0.3,0,0.2,2,0.5,1.8,193.2
71,62,1,4,1.3,0.2,0.2,0,0.1,1.3,0.3,1.2,128.8
74,62,1,2,0.8,0.3,0.1,0,0,0.8,0.1,0.6,85.8
81,62,1,1,0.4,0.1,0,0,0,0.4,0.1,0.3,42.9
85,62,1,4,2.1,0.8,0,0,0,2.1,0.7,1.6,216.9
86,62,1,1,0.5,0.2,0,0,0,0.5,0.2,0.4,54.2
88,62,1,2,1.1,0.4,0,0,0,1.1,0.4,0.8,108.5
92,62,1,1,0.5,0.2,0,0,0,0.5,0.2,0.4,54.2
103,62,1,1,0.4,0.1,0,0,0,0.4,0.1,0.3,43.9
109,62,1,5,2,0.8,0.3,0,0,2,0.2,1.7,204.9
110,62,1,5,2,0.8,0.3,0,0,2,0.2,1.7,204.9
112,62,1,2,0.8,0.3,0.1,0,0,0.8,0.1,0.7,82
121,62,1,2,1,0.4,0,0,0,1,0.2,0.6,121.4
127,62,1,1,0.4,0.1,0.1,0,0,0.4,0,0.4,45.3
3,63,1,3,1.4,0.6,0.1,0,0.1,1.4,0.2,1.1,151.9
5,63,1,2,1,0.5,0.1,0,0.1,1,0.3,0.6,95.5
8,63,1,9,4.7,2.2,0.4,0,0.4,4.7,1.4,2.9,429.8
11,63,1,2,1,0.3,0.1,0,0.1,1,0.2,0.9,97.7
17,63,1,3,1.4,0.3,0,0,0.1,1.4,0.4,1.1,126.3
20,63,1,2,0.9,0.2,0,0,0.1,0.9,0.3,0.8,84.2
21,63,1,2,0.9,0.2,0,0,0.1,0.9,0.3,0.8,84.2
27,63,1,3,1.5,0.6,0.1,0,0,1.5,0.5,1,136.6
29,63,1,4,2.3,1.1,0,0.1,0,2.2,0.3,1.6,208.3
31,63,1,3,1.7,0.8,0,0.1,0,1.6,0.2,1.2,156.2
32,63,1,9,5.2,2.5,0.1,0.3,0,4.9,0.6,3.5,468.6
35,63,1,7,3.5,1.8,0.4,0,0.2,3.5,1.1,3.1,370.1
46,63,1,2,0.9,0.3,0.1,0,0.1,0.9,0.2,0.7,82
47,63,1,3,1.4,0.5,0.1,0,0.2,1.4,0.2,1,122.9
50,63,1,1,0.5,0.2,0,0,0.1,0.5,0.1,0.3,41
68,63,1,2,1.2,0.6,0.1,0,0.1,1.2,0.2,0.8,124.9
70,63,1,2,0.8,0.2,0.1,0,0,0.8,0.1,0.6,85
81,63,1,3,1.2,0.4,0.1,0,0.1,1.2,0.2,0.9,128.7
84,63,1,3,1.6,0.6,0,0,0,1.6,0.5,1.2,162.7
86,63,1,2,1.1,0.4,0,0,0,1.1,0.4,0.8,108.5
88,63,1,2,1.1,0.4,0,0,0,1.1,0.4,0.8,108.5
92,63,1,2,1.1,0.4,0,0,0,1.1,0.4,0.8,108.5
98,63,1,2,0.9,0.3,0.1,0,0,0.9,0.2,0.6,87.9
101,63,1,5,2.2,0.7,0.2,0,0.1,2.2,0.4,1.6,219.7
107,63,1,1,0.4,0.2,0.1,0,0,0.4,0,0.3,41
109,63,1,1,0.4,0.2,0.1,0,0,0.4,0,0.3,41
114,63,1,2,1,0.4,0,0,0,1,0.2,0.6,121.4
116,63,1,2,1,0.4,0,0,0,1,0.2,0.6,121.4
125,63,1,1,0.4,0.1,0.1,0,0,0.4,0,0.4,45.3
8,64,1,2,1,0.5,0.1,0,0.1,1,0.3,0.6,95.5
17,64,1,3,1.4,0.3,0,0,0.1,1.4,0.4,1.1,126.3
18,64,1,2,0.9,0.2,0,0,0.1,0.9,0.3,0.8,84.2
23,64,1,2,0.9,0.2,0,0,0.1,0.9,0.3,0.8,84.2
24,64,1,2,1,0.4,0,0,0,1,0.3,0.7,91
29,64,1,6,3.4,1.7,0.1,0.2,0,3.2,0.4,2.3,312.4
30,64,1,4,2.3,1.1,0,0.1,0,2.2,0.3,1.6,208.3
31,64,1,6,3.4,1.7,0.1,0.2,0,3.2,0.4,2.3,312.4
32,64,0,51,25,9,0,3,1,22,6,16,2486
33,64,1,11,6.3,3,0.1,0.4,0,5.9,0.8,4.3,572.8
34,64,1,10,5,2.5,0.6,0,0.3,5,1.6,4.4,528.8
35,64,1,2,1,0.5,0.1,0,0.1,1,0.3,0.9,105.8
45,64,1,2,0.9,0.3,0.1,0,0.1,0.9,0.2,0.7,82
47,64,1,8,3.8,1.2,0.3,0,0.5,3.8,0.6,2.7,327.8
50,64,1,3,1.4,0.5,0.1,0,0.2,1.4,0.2,1,122.9
51,64,1,2,0.9,0.3,0.1,0,0.1,0.9,0.2,0.7,82
53,64,1,2,0.9,0.3,0.1,0,0.1,0.9,0.2,0.7,82
60,64,1,1,0.4,0.1,0,0,0,0.4,0,0.3,41.6
65,64,1,2,1.2,0.6,0.1,0,0.1,1.2,0.2,0.8,124.9
68,64,1,3,1.7,0.9,0.1,0,0.1,1.7,0.3,1.3,187.4
69,64,1,7,2.7,0.7,0.3,0,0,2.7,0.2,2.2,297.4
74,64,1,4,1.6,0.5,0.1,0,0.1,1.6,0.3,1.2,171.6
76,64,1,6,2.4,0.8,0.2,0,0.1,2.4,0.4,1.9,257.3
77,64,1,1,0.4,0.1,0,0,0,0.4,0.1,0.3,42.9
83,64,1,1,0.4,0.1,0,0,0,0.4,0.1,0.3,42.9
101,64,1,5,2.2,0.7,0.2,0,0.1,2.2,0.4,1.6,219.7
106,64,1,7,2.9,1.1,0.4,0,0,2.9,0.3,2.4,286.9
111,64,1,1,0.4,0.2,0.1,0,0,0.4,0,0.3,41
116,64,1,1,0.5,0.2,0,0,0,0.5,0.1,0.3,60.7
122,64,1,1,0.5,0.2,0.1,0,0,0.5,0,0.4,56.8
123,64,1,1,0.5,0.2,0.1,0,0,0.5,0,0.4,56.8
125,64,1,5,2.2,0.7,0.3,0.1,0.1,2.1,0.1,2.1,226.4
1,65,1,1,0.5,0.2,0,0,0,0.5,0.1,0.4,50.7
11,65,1,3,1.5,0.5,0.1,0,0.1,1.5,0.3,1.4,146.6
20,65,1,3,1.4,0.3,0,0,0.1,1.4,0.4,1.1,126.3
21,65,1,1,0.5,0.1,0,0,0,0.5,0.1,0.4,42.1
23,65,1,2,0.9,0.2,0,0,0.1,0.9,0.3,0.8,84.2
31,65,1,8,4.6,2.2,0.1,0.3,0,4.3,0.6,3.1,416.6
32,65,0,43,27,16,1,0,0,27,6,18,2392
33,65,1,15,8.6,4.1,0.2,0.5,0,8.1,1,5.9,781
36,65,1,5,2.5,1.2,0.3,0,0.2,2.5,0.8,2.2,264.4
49,65,1,2,0.9,0.3,0.1,0,0.1,0.9,0.2,0.7,82
51,65,1,2,0.9,0.3,0.1,0,0.1,0.9,0.2,0.7,82
55,65,1,4,1.7,0.5,0,0.1,0.1,1.6,0.2,1.2,166.4
58,65,1,2,0.9,0.2,0,0.1,0,0.8,0.1,0.6,83.2
59,65,1,2,0.9,0.2,0,0.1,0,0.8,0.1,0.6,83.2
62,65,1,4,1.7,0.5,0,0.1,0.1,1.6,0.2,1.2,166.4
63,65,1,2,0.9,0.2,0,0.1,0,0.8,0.1,0.6,83.2
64,65,1,1,0.6,0.3,0,0,0,0.6,0.1,0.4,62.5
65,65,1,5,2.9,1.5,0.2,0,0.2,2.9,0.5,2.1,312.3
66,65,1,3,1.7,0.9,0.1,0,0.1,1.7,0.3,1.3,187.4
68,65,1,2,1.2,0.6,0.1,0,0.1,1.2,0.2,0.8,124.9
69,65,0,39,15,4,2,0,1,15,1,13,1487
70,65,0,55,25,7,1,0,0,25,0,15,2799
71,65,1,2,0.8,0.2,0.1,0,0,0.8,0.1,0.6,85
73,65,1,5,1.9,0.5,0.2,0,0,1.9,0.2,1.6,212.4
79,65,1,4,1.6,0.5,0.1,0,0.1,1.6,0.3,1.2,171.6
80,65,1,4,1.6,0.5,0.1,0,0.1,1.6,0.3,1.2,171.6
90,65,1,2,1.1,0.4,0,0,0,1.1,0.4,0.8,108.5
96,65,1,3,1.3,0.4,0.1,0,0.1,1.3,0.3,1,131.8
108,65,1,3,1.2,0.5,0.2,0,0,1.2,0.1,1,122.9
109,65,1,2,0.8,0.3,0.1,0,0,0.8,0.1,0.7,82
112,65,1,1,0.4,0.2,0.1,0,0,0.4,0,0.3,41
113,65,1,4,1.6,0.7,0.2,0,0,1.6,0.2,1.4,163.9
120,65,1,1,0.5,0.2,0.1,0,0,0.5,0,0.4,56.8
122,65,1,18,8.7,3.1,1,0,0,8.7,0.5,6.7,1022.4
123,65,1,2,1,0.3,0.1,0,0,1,0.1,0.7,113.6
124,65,1,2,0.9,0.3,0.1,0.1,0.1,0.8,0.1,0.8,90.6
1,66,1,3,1.4,0.6,0.1,0,0.1,1.4,0.2,1.1,151.9
2,66,1,6,2.9,1.2,0.3,0,0.3,2.9,0.4,2.2,303.9
7,66,1,1,0.5,0.2,0,0,0,0.5,0.2,0.3,47.8
16,66,1,1,0.5,0.1,0,0,0,0.5,0.1,0.4,42.1
17,66,1,1,0.5,0.1,0,0,0,0.5,0.1,0.4,42.1
26,66,1,2,1,0.4,0,0,0,1,0.3,0.7,91
27,66,1,1,0.5,0.2,0,0,0,0.5,0.2,0.3,45.5
30,66,1,2,1.1,0.6,0,0,0,1.1,0.1,0.8,104.1
32,66,0,36,20,8,1,0,0,20,2,18,1859
33,66,1,5,2.9,1.4,0.1,0.2,0,2.7,0.3,2,260.3
36,66,1,3,1.5,0.8,0.2,0,0.1,1.5,0.5,1.3,158.6
37,66,1,1,0.5,0.2,0.1,0,0,0.5,0.2,0.4,52.9
39,66,1,5,2.3,1.1,0.3,0,0.1,2.3,0.1,1.4,229.7
43,66,1,1,0.5,0.2,0.1,0,0,0.5,0,0.3,45.9
44,66,1,5,2.4,0.8,0.2,0,0.3,2.4,0.4,1.7,204.9
47,66,1,2,0.9,0.3,0.1,0,0.1,0.9,0.2,0.7,82
63,66,1,1,0.4,0.1,0,0,0,0.4,0,0.3,41.6
66,66,1,1,0.6,0.3,0,0,0,0.6,0.1,0.4,62.5
67,66,1,4,2.3,1.2,0.1,0,0.1,2.3,0.4,1.7,249.8
69,66,0,38,27,17,0,0,1,27,5,11,2246
70,66,0,70,31,8,0,0,1,31,1,25,3186
71,66,1,21.5,8.3,2.1,1,0,0,8.3,0.7,6.9,913.3
72,66,1,4,1.5,0.4,0.2,0,0,1.5,0.1,1.3,169.9
73,66,1,2,0.8,0.2,0.1,0,0,0.8,0.1,0.6,85
75,66,1,2,0.8,0.3,0.1,0,0,0.8,0.1,0.6,85.8
83,66,1,2.5,1,0.3,0.1,0,0,1,0.2,0.8,107.2
84,66,1,3,1.6,0.6,0,0,0,1.6,0.5,1.2,162.7
87,66,1,4,2.1,0.8,0,0,0,2.1,0.7,1.6,216.9
92,66,1,2,1.1,0.4,0,0,0,1.1,0.4,0.8,108.5
102,66,1,1,0.4,0.1,0,0,0,0.4,0.1,0.3,43.9
112,66,1,1,0.4,0.2,0.1,0,0,0.4,0,0.3,41
116,66,1,2,1,0.4,0,0,0,1,0.2,0.6,121.4
117,66,1,1,0.5,0.2,0,0,0,0.5,0.1,0.3,60.7
122,66,1,3,1.5,0.5,0.2,0,0,1.5,0.1,1.1,170.4
123,66,1,4,1.9,0.7,0.2,0,0,1.9,0.1,1.5,227.2
124,66,1,5,2.2,0.7,0.3,0.1,0.1,2.1,0.1,2.1,226.4
125,66,1,2,0.9,0.3,0.1,0.1,0.1,0.8,0.1,0.8,90.6
127,66,1,4,1.8,0.5,0.2,0.1,0.1,1.7,0.1,1.6,181.2
0,67,1,5,2.4,1,0.2,0,0.2,2.4,0.4,1.9,253.2
3,67,1,13,6.2,2.6,0.7,0,0.7,6.2,1,4.9,658.5
4,67,1,8,4.2,1.9,0.3,0,0.3,4.2,1.3,2.6,382.1
8,67,1,3,1.6,0.7,0.1,0,0.1,1.6,0.5,1,143.3
12,67,1,2,1,0.3,0.1,0,0.1,1,0.2,0.9,97.7
13,67,1,2,1,0.3,0.1,0,0.1,1,0.2,0.9,97.7
14,67,1,4,1.9,0.5,0,0,0.2,1.9,0.6,1.5,168.4
16,67,1,2,0.9,0.2,0,0,0.1,0.9,0.3,0.8,84.2
17,67,1,2,0.9,0.2,0,0,0.1,0.9,0.3,0.8,84.2
24,67,1,2,1,0.4,0,0,0,1,0.3,0.7,91
31,67,1,2,1.1,0.6,0,0,0,1.1,0.1,0.8,104.1
32,67,1,12,6.9,3.3,0.1,0.4,0,6.5,0.8,4.7,624.8
35,67,1,2,1,0.5,0.1,0,0.1,1,0.3,0.9,105.8
37,67,1,1,0.5,0.2,0.1,0,0,0.5,0.2,0.4,52.9
38,67,1,1,0.5,0.2,0.1,0,0,0.5,0.2,0.4,52.9
39,67,1,6,2.7,1.4,0.3,0,0.2,2.7,0.2,1.7,275.7
41,67,1,5,2.3,1.1,0.3,0,0.1,2.3,0.1,1.4,229.7
44,67,1,2,0.9,0.3,0.1,0,0.1,0.9,0.2,0.7,82
51,67,1,2,0.9,0.3,0.1,0,0.1,0.9,0.2,0.7,82
59,67,1,2,0.9,0.2,0,0.1,0,0.8,0.1,0.6,83.2
64,67,1,1,0.6,0.3,0,0,0,0.6,0.1,0.4,62.5
67,67,1,9,5.2,2.7,0.3,0,0.3,5.2,0.8,3.8,562.1
68,67,0,51,28,13,1,0,0,28,3,20,2418
69,67,0,62,42,25,0,25,2,17,9,13,3679
70,67,0,24,14,6,0,0,0,14,3,11,1338
71,67,1,13,5,1.2,0.6,0,0,5,0.4,4.2,552.2
72,67,1,6,2.3,0.6,0.3,0,0,2.3,0.2,1.9,254.9
81,67,1,5,2,0.6,0.2,0,0.1,2,0.4,1.5,214.5
83,67,1,2,0.8,0.3,0.1,0,0,0.8,0.1,0.6,85.8
84,67,1,2,1.1,0.4,0,0,0,1.1,0.4,0.8,108.5
88,67,1,4,2.1,0.8,0,0,0,2.1,0.7,1.6,216.9
92,67,1,1,0.5,0.2,0,0,0,0.5,0.2,0.4,54.2
106,67,1,2,0.8,0.3,0.1,0,0,0.8,0.1,0.7,82
108,67,1,2,0.8,0.3,0.1,0,0,0.8,0.1,0.7,82
120,67,1,3,1.5,0.5,0.2,0,0,1.5,0.1,1.1,170.4
122,67,1,2,1,0.3,0.1,0,0,1,0.1,0.7,113.6
127,67,1,3.5,1.5,0.5,0.2,0.1,0.1,1.4,0.1,1.4,158.5
2,68,1,1,0.5,0.2,0,0,0,0.5,0.1,0.4,60.4
3,68,1,18,9.5,3.2,0,0,0.5,9.5,1.1,6.9,1086.4
4,68,0,26,16,9,0,0,1,16,3,7,1340
7,68,1,1,0.5,0.1,0,0,0.1,0.5,0,0.3,51.2
9,68,1,2,1,0.3,0,0,0.1,1,0.1,0.4,97.7
14,68,1,2,0.7,0.1,0.1,0,0,0.7,0.3,0.5,72.7
17,68,1,4,1.4,0.1,0.1,0,0,1.4,0.5,1,145.4
22,68,1,2,0.8,0.1,0,0,0,0.8,0.2,0.7,73.7
28,68,1,3,1.4,0.4,0.1,0,0.1,1.4,0.5,1.1,108.2
31,68,1,3,1.4,0.2,0,0,0,1.4,0.2,1.3,140.8
59,68,1,2,0.9,0.2,0.1,0,0.1,0.9,0.1,0.8,80.3
60,68,1,2,0.9,0.2,0.1,0,0.1,0.9,0.1,0.8,80.3
63,68,1,2,0.9,0.2,0.1,0,0.1,0.9,0.1,0.8,80.3
68,68,0,31,18,8,0,8,1,10,2,6,1332
69,68,0,100,52,23,2,6,2,46,12,37,4421
70,68,1,11,5.1,0.8,0.4,0,0.8,5.1,0.4,3.4,455.7
92,68,1,1,0.4,0.1,0.1,0,0,0.4,0.1,0.3,32.8
93,68,1,2,0.7,0.2,0.2,0,0,0.7,0.2,0.6,65.6
95,68,1,2,1,0.3,0,0,0.2,1,0.3,0.7,105.4
100,68,1,3,1.5,0.5,0.1,0,0.3,1.5,0.4,1.1,158.1
103,68,1,3,1.5,0.5,0.1,0,0.3,1.5,0.4,1.1,158.1
106,68,1,2,1,0.3,0,0,0,1,0.4,0.9,109.3
107,68,1,6,3,1,0.1,0,0,3,1.1,2.7,328
109,68,1,1,0.5,0.2,0,0,0,0.5,0.2,0.5,54.7
114,68,1,1,0.6,0.4,0,0,0.1,0.6,0.2,0.5,57.5
119,68,1,4,1.6,0.2,0,0,0.1,1.6,0.2,0.9,148
121,68,1,2,0.8,0.1,0,0,0.1,0.8,0.1,0.5,74
126,68,1,1,0.4,0.1,0.1,0,0,0.4,0,0.4,47
127,68,1,2,0.8,0.2,0.1,0,0.1,0.8,0,0.8,93.9
2,69,1,11,5.8,1.9,0,0,0.3,5.8,0.6,4.2,663.9
3,69,1,3,1.6,0.5,0,0,0.1,1.6,0.2,1.1,181.1
4,69,1,3,1.4,0.3,0.1,0,0.2,1.4,0,1,153.6
5,69,1,2,0.9,0.2,0.1,0,0.1,0.9,0,0.6,102.4
9,69,1,4,2.1,0.6,0,0,0.1,2.1,0.3,0.9,195.4
12,69,1,5,2.6,0.7,0,0,0.2,2.6,0.4,1.1,244.3
13,69,1,3,1.6,0.4,0,0,0.1,1.6,0.2,0.7,146.6
19,69,1,7,2.9,0.2,0,0,0,2.9,0.7,2.5,257.9
22,69,1,2,0.8,0.1,0,0,0,0.8,0.2,0.7,73.7
28,69,1,1,0.5,0.1,0,0,0,0.5,0.2,0.4,36.1
29,69,1,1,0.5,0.1,0,0,0,0.5,0.1,0.4,46.9
30,69,1,2,0.9,0.1,0,0,0,0.9,0.1,0.9,93.9
31,69,1,2,0.9,0.1,0,0,0,0.9,0.1,0.9,93.9
32,69,1,2,0.9,0.1,0,0,0,0.9,0.1,0.9,93.9
34,69,1,2,1,0.4,0,0.1,0,0.9,0.2,0.7,91.6
49,69,1,5,2.3,0.7,0,0,0.1,2.3,0.4,1.8,222.9
53,69,1,1,0.5,0.1,0,0,0,0.5,0.1,0.4,44.6
54,69,1,6,2.6,0.7,0.2,0,0.2,2.6,0.3,2.3,241
56,69,1,4,1.8,0.5,0.1,0,0.1,1.8,0.2,1.6,160.7
57,69,1,1,0.4,0.1,0,0,0,0.4,0,0.4,40.2
58,69,1,2,0.9,0.2,0.1,0,0.1,0.9,0.1,0.8,80.3
61,69,1,2,0.9,0.2,0.1,0,0.1,0.9,0.1,0.8,80.3
67,69,1,14,5.9,1.5,0.7,0.2,0.3,5.7,1,4.9,604.1
68,69,1,19,8,2,0.9,0.2,0.4,7.8,1.3,6.6,819.9
69,69,0,45,29,16,0,3,4,26,10,15,2203
93,69,1,1,0.4,0.1,0.1,0,0,0.4,0.1,0.3,32.8
95,69,1,1,0.5,0.2,0,0,0.1,0.5,0.1,0.4,52.7
100,69,1,2,1,0.3,0,0,0.2,1,0.3,0.7,105.4
111,69,1,1,0.5,0.2,0,0,0,0.5,0.2,0.5,54.7
115,69,1,3,1.9,1.1,0,0,0.2,1.9,0.5,1.6,172.4
119,69,1,2,0.8,0.1,0,0,0.1,0.8,0.1,0.5,74
124,69,1,6,2.5,0.7,0.4,0,0.2,2.5,0,2.3,281.8
125,69,1,1,0.4,0.1,0.1,0,0,0.4,0,0.4,47
1,70,1,1,0.5,0.2,0,0,0,0.5,0.1,0.4,60.4
5,70,1,14,6.3,1.6,0.5,0,0.8,6.3,0,4.5,716.9
6,70,1,10,4.5,1.1,0.4,0,0.6,4.5,0,3.2,512.1
7,70,1,4,1.8,0.5,0.2,0,0.2,1.8,0,1.3,204.8
10,70,1,2,1,0.3,0,0,0.1,1,0.1,0.4,97.7
16,70,1,1,0.4,0,0,0,0,0.4,0.1,0.3,36.4
18,70,1,2,0.7,0.1,0.1,0,0,0.7,0.3,0.5,72.7
20,70,1,5,2.1,0.2,0,0,0,2.1,0.5,1.8,184.2
26,70,1,7,3.3,0.8,0.2,0,0.2,3.3,1.2,2.5,252.4
27,70,1,2,0.9,0.2,0.1,0,0.1,0.9,0.4,0.7,72.1
28,70,1,1,0.5,0.1,0,0,0,0.5,0.2,0.4,36.1
29,70,1,1,0.5,0.1,0,0,0,0.5,0.1,0.4,46.9
32,70,1,2,0.9,0.1,0,0,0,0.9,0.1,0.9,93.9
43,70,1,2,1,0.4,0,0.1,0,0.9,0.2,0.7,91.6
46,70,1,2,0.9,0.3,0,0,0,0.9,0.1,0.7,89.2
65,70,1,1,0.4,0.1,0,0,0,0.4,0.1,0.3,43.2
67,70,1,24,10,2.5,1.1,0.3,0.6,9.7,1.7,8.4,1035.6
68,70,1,23,9.6,2.4,1.1,0.3,0.5,9.3,1.6,8,992.5
69,70,0,30,14,3,1,0,0,14,1,12,1545
72,70,1,3,1.4,0.2,0.1,0,0.2,1.4,0.1,0.9,124.3
77,70,1,5,2.8,1.1,0.2,0,0.2,2.8,0.9,2.7,249.2
83,70,1,3,1.7,0.7,0.1,0,0.1,1.7,0.6,1.6,149.5
88,70,1,3,1.1,0.4,0.2,0,0,1.1,0.3,0.9,98.4
93,70,1,4,1.5,0.5,0.3,0,0,1.5,0.4,1.3,131.1
97,70,1,1,0.5,0.2,0,0,0.1,0.5,0.1,0.4,52.7
102,70,1,1,0.5,0.2,0,0,0.1,0.5,0.1,0.4,52.7
103,70,1,3,1.5,0.5,0.1,0,0.3,1.5,0.4,1.1,158.1
124,70,1,9,3.7,1.1,0.5,0,0.3,3.7,0,3.4,422.7
5,71,1,7,3.2,0.8,0.3,0,0.4,3.2,0,2.2,358.5
7,71,1,7,3.2,0.8,0.3,0,0.4,3.2,0,2.2,358.5
8,71,1,3,1.4,0.3,0.1,0,0.2,1.4,0,1,153.6
9,71,1,5,2.6,0.7,0,0,0.2,2.6,0.4,1.1,244.3
13,71,1,3,1.6,0.4,0,0,0.1,1.6,0.2,0.7,146.6
16,71,1,2,0.7,0.1,0.1,0,0,0.7,0.3,0.5,72.7
19,71,1,3,1.3,0.1,0,0,0,1.3,0.3,1.1,110.5
23,71,1,2,0.8,0.1,0,0,0,0.8,0.2,0.7,73.7
28,71,1,6,2.8,0.7,0.2,0,0.2,2.8,1.1,2.1,216.4
30,71,1,4,1.9,0.3,0,0,0,1.9,0.3,1.7,187.7
31,71,1,4,1.9,0.3,0,0,0,1.9,0.3,1.7,187.7
32,71,1,3,1.4,0.2,0,0,0,1.4,0.2,1.3,140.8
33,71,1,2,0.9,0.1,0,0,0,0.9,0.1,0.9,93.9
43,71,1,1,0.5,0.2,0,0,0,0.5,0.1,0.3,45.8
47,71,1,3,1.4,0.4,0,0,0.1,1.4,0.2,1.1,133.8
62,71,1,5,2.2,0.6,0.2,0,0.2,2.2,0.2,2,200.8
63,71,1,5,2.2,0.6,0.2,0,0.2,2.2,0.2,2,200.8
65,71,1,1,0.4,0.1,0,0,0,0.4,0.1,0.3,43.2
68,71,1,4,1.7,0.4,0.2,0.1,0.1,1.6,0.3,1.4,172.6
69,71,1,5,2.3,0.4,0.2,0,0.4,2.3,0.2,1.5,207.1
72,71,1,4,1.8,0.3,0.2,0,0.3,1.8,0.2,1.2,165.7
73,71,1,1,0.5,0.1,0,0,0.1,0.5,0,0.3,41.4
82,71,1,2,1.1,0.4,0.1,0,0.1,1.1,0.4,1.1,99.7
85,71,1,6,2.2,0.7,0.5,0,0,2.2,0.6,1.9,196.7
92,71,1,6,2.2,0.7,0.5,0,0,2.2,0.6,1.9,196.7
97,71,1,5,2.4,0.9,0.1,0,0.5,2.4,0.7,1.8,263.5
98,71,1,4,2,0.7,0.1,0,0.4,2,0.6,1.4,210.8
100,71,1,2,1,0.3,0,0,0.2,1,0.3,0.7,105.4
103,71,1,2,1,0.3,0,0,0.2,1,0.3,0.7,105.4
105,71,1,2,1,0.3,0,0,0,1,0.4,0.9,109.3
106,71,1,2,1,0.3,0,0,0,1,0.4,0.9,109.3
108,71,1,4,2,0.6,0.1,0,0,2,0.7,1.8,218.6
109,71,1,3,1.5,0.5,0.1,0,0,1.5,0.5,1.4,164
116,71,1,1.5,0.9,0.5,0,0,0.1,0.9,0.2,0.8,86.2
119,71,1,3,1.2,0.2,0,0,0.1,1.2,0.2,0.7,111
123,71,1,5,2,0.3,0,0,0.1,2,0.3,1.1,185
124,71,0,26,11,2,1,0,1,11,1,11,1102
125,71,1,5,2.1,0.6,0.3,0,0.1,2.1,0,1.9,234.9
126,71,1,5,2.1,0.6,0.3,0,0.1,2.1,0,1.9,234.9
8,72,1,2,0.9,0.2,0.1,0,0.1,0.9,0,0.6,102.4
12,72,1,3,1.6,0.4,0,0,0.1,1.6,0.2,0.7,146.6
16,72,1,4,1.4,0.1,0.1,0,0,1.4,0.5,1,145.4
22,72,1,2,0.8,0.1,0,0,0,0.8,0.2,0.7,73.7
23,72,1,8,3.4,0.3,0,0,0,3.4,0.8,2.8,294.7
26,72,1,4,1.9,0.5,0.1,0,0.1,1.9,0.7,1.4,144.2
30,72,1,2,0.9,0.1,0,0,0,0.9,0.1,0.9,93.9
38,72,1,2,1,0.4,0,0.1,0,0.9,0.2,0.7,91.6
40,72,1,1,0.5,0.2,0,0,0,0.5,0.1,0.3,45.8
42,72,1,4,2,0.7,0.1,0.1,0.1,1.9,0.4,1.3,183.3
44,72,1,2,0.9,0.3,0,0,0,0.9,0.1,0.7,89.2
57,72,1,2,0.9,0.2,0.1,0,0.1,0.9,0.1,0.8,80.3
58,72,1,4,1.8,0.5,0.1,0,0.1,1.8,0.2,1.6,160.7
59,72,1,1,0.4,0.1,0,0,0,0.4,0,0.4,40.2
69,72,1,2,0.9,0.2,0.1,0,0.2,0.9,0.1,0.6,82.8
77,72,1,2,1.1,0.4,0.1,0,0.1,1.1,0.4,1.1,99.7
83,72,1,2,1.1,0.4,0.1,0,0.1,1.1,0.4,1.1,99.7
92,72,1,7,2.6,0.8,0.5,0,0,2.6,0.7,2.2,229.5
101,72,1,4,2,0.7,0.1,0,0.4,2,0.6,1.4,210.8
107,72,1,2,1,0.3,0,0,0,1,0.4,0.9,109.3
109,72,1,1,0.5,0.2,0,0,0,0.5,0.2,0.5,54.7
114,72,1,2,1.3,0.7,0,0,0.2,1.3,0.3,1,114.9
115,72,1,10,6.3,3.6,0,0,0.8,6.3,1.6,5.2,574.5
117,72,1,2,1.3,0.7,0,0,0.2,1.3,0.3,1,114.9
118,72,1,3,1.9,1.1,0,0,0.2,1.9,0.5,1.6,172.4
121,72,1,8,3.2,0.5,0,0,0.2,3.2,0.5,1.8,296
122,72,1,11,4.4,0.6,0,0,0.3,4.4,0.6,2.5,407
123,72,0,28,16,6,0,0,2,16,0,12,1600
124,72,0,23,11,6,1,0,0,11,4,8,1016
125,72,1,3,1.2,0.4,0.2,0,0.1,1.2,0,1.1,140.9
127,72,1,2,0.8,0.2,0.1,0,0.1,0.8,0,0.8,93.9
0,73,1,1,0.5,0.2,0,0,0,0.5,0.1,0.4,52.4
6,73,1,4,1.8,0.5,0,0,0.2,1.8,0.8,1.4,193.7
7,73,1,1,0.5,0.1,0,0,0.1,0.5,0.2,0.4,48.4
11,73,1,4,1.8,0.5,0,0,0.2,1.8,0.8,1.4,193.7
25,73,1,3,1.6,0.8,0,0,0.3,1.6,0.1,1.5,143.4
30,73,1,2,0.9,0.2,0.1,0,0.1,0.9,0.4,0.7,72.1
35,73,1,5,2.4,0.9,0.1,0.1,0.1,2.3,0.4,1.7,229.1
44,73,1,2,0.9,0.3,0,0,0,0.9,0.1,0.7,89.2
45,73,1,3,1.4,0.4,0,0,0.1,1.4,0.2,1.1,133.8
49,73,1,2,0.9,0.3,0,0,0,0.9,0.1,0.7,89.2
51,73,1,5,2.3,0.7,0,0,0.1,2.3,0.4,1.8,222.9
58,73,1,1,0.4,0.1,0,0,0,0.4,0,0.4,40.2
76,73,1,2,1.1,0.4,0.1,0,0.1,1.1,0.4,1.1,99.7
81,73,1,2,1.1,0.4,0.1,0,0.1,1.1,0.4,1.1,99.7
83,73,1,1,0.6,0.2,0,0,0,0.6,0.2,0.5,49.8
84,73,1,2,0.7,0.2,0.2,0,0,0.7,0.2,0.6,65.6
100,73,1,5,2.4,0.9,0.1,0,0.5,2.4,0.7,1.8,263.5
103,73,1,2,1,0.3,0,0,0.2,1,0.3,0.7,105.4
107,73,1,2,1,0.3,0,0,0,1,0.4,0.9,109.3
116,73,1,3,1.9,1.1,0,0,0.2,1.9,0.5,1.6,172.4
117,73,1,3,1.9,1.1,0,0,0.2,1.9,0.5,1.6,172.4
118,73,1,2,1.3,0.7,0,0,0.2,1.3,0.3,1,114.9
119,73,1,3,1.4,0.5,0,0,0,1.4,0.1,1.4,135.1
120,73,1,14,6.7,2.4,0,0,0,6.7,0.6,6.4,630.3
121,73,1,4,1.9,0.7,0,0,0,1.9,0.2,1.8,180.1
122,73,0,24,15,8,0,2,3,13,3,8,1291
123,73,0,59,25,8,2,1,2,24,4,14,2513
124,73,1,19,8.4,2.9,0.8,0,0.5,8.4,1.3,6.3,904.6
125,73,1,1,0.4,0.2,0,0,0,0.4,0.1,0.3,47.6
126,73,1,4,1.8,0.6,0.2,0,0.1,1.8,0.3,1.3,190.4
127,73,1,6.5,2.9,1,0.3,0,0.2,2.9,0.5,2.2,309.5
0,74,1,2,1.1,0.4,0,0,0,1.1,0.2,0.8,104.8
6,74,1,6,2.8,0.8,0,0,0.3,2.8,1.1,2.1,290.6
10,74,1,2,0.9,0.3,0,0,0.1,0.9,0.4,0.7,96.9
11,74,1,3,1.4,0.4,0,0,0.2,1.4,0.6,1.1,145.3
15,74,1,1,0.6,0.3,0,0,0,0.6,0.1,0.3,49
19,74,1,2,0.7,0.1,0.1,0,0,0.7,0.3,0.5,72.7
25,74,1,6,3.3,1.5,0,0,0.6,3.3,0.3,3,286.8
26,74,1,1,0.6,0.2,0,0,0.1,0.6,0,0.5,47.8
27,74,1,2,1.1,0.5,0,0,0.2,1.1,0.1,1,95.6
28,74,1,1,0.6,0.2,0,0,0.1,0.6,0,0.5,47.8
31,74,1,1,0.5,0.1,0,0,0,0.5,0.2,0.4,36.1
36,74,1,3,1.5,0.5,0.1,0.1,0.1,1.4,0.3,1,137.5
53,74,1,4,1.9,0.6,0,0,0.1,1.9,0.3,1.5,178.3
55,74,1,2,0.9,0.2,0.1,0,0.1,0.9,0.1,0.8,80.3
56,74,1,1,0.4,0.1,0,0,0,0.4,0,0.4,40.2
57,74,1,2,0.9,0.2,0.1,0,0.1,0.9,0.1,0.8,80.3
58,74,1,8,3.5,0.9,0.3,0,0.3,3.5,0.4,3.1,321.3
60,74,1,1,0.4,0.1,0,0,0,0.4,0,0.4,40.2
61,74,1,2.5,1.1,0.3,0.1,0,0.1,1.1,0.1,1,100.4
68,74,1,4,1.7,0.5,0.2,0,0,1.7,0.5,1,196.1
69,74,1,19,8,2.2,0.9,0,0,8,2.2,4.9,931.4
71,74,1,4,1.7,0.5,0.2,0,0,1.7,0.5,1,196.1
76,74,1,2,1.1,0.4,0.1,0,0.1,1.1,0.4,1.1,99.7
84,74,1,2,0.7,0.2,0.2,0,0,0.7,0.2,0.6,65.6
89,74,1,2,0.7,0.2,0.2,0,0,0.7,0.2,0.6,65.6
90,74,1,6,2.2,0.7,0.5,0,0,2.2,0.6,1.9,196.7
98,74,1,2,1,0.3,0,0,0.2,1,0.3,0.7,105.4
103,74,1,2,1,0.3,0,0,0.2,1,0.3,0.7,105.4
106,74,1,2,1,0.3,0,0,0,1,0.4,0.9,109.3
110,74,1,5,2.5,0.8,0.1,0,0,2.5,0.9,2.3,273.3
111,74,1,1,0.5,0.2,0,0,0,0.5,0.2,0.5,54.7
120,74,1,3,1.4,0.5,0,0,0,1.4,0.1,1.4,135.1
121,74,1,3,1.4,0.5,0,0,0,1.4,0.1,1.4,135.1
123,74,1,19,9.1,3.3,0,0,0,9.1,0.8,8.7,855.4
124,74,1,32.5,14.4,5,1.4,0,0.9,14.4,2.3,10.8,1547.4
125,74,1,3,1.3,0.5,0.1,0,0.1,1.3,0.2,1,142.8
6,75,1,1,0.5,0.1,0,0,0.1,0.5,0.2,0.4,48.4
9,75,1,8,3.7,1.1,0,0,0.4,3.7,1.5,2.8,387.5
14,75,1,4,2.3,1.1,0,0,0,2.3,0.6,1.3,196.2
15,75,1,2,1.1,0.6,0,0,0,1.1,0.3,0.7,98.1
16,75,1,2,1.1,0.6,0,0,0,1.1,0.3,0.7,98.1
17,75,1,3,1.7,0.9,0,0,0,1.7,0.4,1,147.1
18,75,1,3,1.7,0.9,0,0,0,1.7,0.4,1,147.1
34,75,1,3,1.5,0.5,0.1,0.1,0.1,1.4,0.3,1,137.5
38,75,1,2,1,0.4,0,0.1,0,0.9,0.2,0.7,91.6
42,75,1,1,0.5,0.2,0,0,0,0.5,0.1,0.3,45.8
43,75,1,3,1.5,0.5,0.1,0.1,0.1,1.4,0.3,1,137.5
50,75,1,4,1.9,0.6,0,0,0.1,1.9,0.3,1.5,178.3
53,75,1,2,0.9,0.3,0,0,0,0.9,0.1,0.7,89.2
62,75,1,2,0.9,0.2,0.1,0,0.1,0.9,0.1,0.8,80.3
69,75,1,2,0.8,0.2,0.1,0,0,0.8,0.2,0.5,98
70,75,1,2,0.8,0.2,0.1,0,0,0.8,0.2,0.5,98
71,75,1,3,1.3,0.3,0.1,0,0,1.3,0.3,0.8,147.1
74,75,1,1,0.6,0.2,0,0,0,0.6,0.2,0.5,49.8
79,75,1,5,2.8,1.1,0.2,0,0.2,2.8,0.9,2.7,249.2
92,75,1,2,0.7,0.2,0.2,0,0,0.7,0.2,0.6,65.6
102,75,1,1,0.5,0.2,0,0,0.1,0.5,0.1,0.4,52.7
105,75,1,3,1.5,0.5,0.1,0,0,1.5,0.5,1.4,164
106,75,1,4,2,0.6,0.1,0,0,2,0.7,1.8,218.6
110,75,1,2,1,0.3,0,0,0,1,0.4,0.9,109.3
112,75,1,1,0.5,0.2,0,0,0,0.5,0.2,0.5,54.7
117,75,1,1,0.6,0.4,0,0,0.1,0.6,0.2,0.5,57.5
0,76,1,2,1.1,0.4,0,0,0,1.1,0.2,0.8,104.8
2,76,1,5,2.6,1,0,0,0,2.6,0.6,2.1,261.9
5,76,1,3,1.4,0.4,0,0,0.2,1.4,0.6,1.1,145.3
6,76,1,4,1.8,0.5,0,0,0.2,1.8,0.8,1.4,193.7
10,76,1,1,0.5,0.1,0,0,0.1,0.5,0.2,0.4,48.4
15,76,1,4,2.3,1.1,0,0,0,2.3,0.6,1.3,196.2
16,76,1,2,1.1,0.6,0,0,0,1.1,0.3,0.7,98.1
19,76,1,2,0.7,0.1,0.1,0,0,0.7,0.3,0.5,72.7
21,76,1,4,1.4,0.1,0.1,0,0,1.4,0.5,1,145.4
27,76,1,2,1.1,0.5,0,0,0.2,1.1,0.1,1,95.6
28,76,1,3,1.6,0.8,0,0,0.3,1.6,0.1,1.5,143.4
29,76,1,2,0.9,0.2,0.1,0,0.1,0.9,0.4,0.7,72.1
32,76,1,4,1.9,0.5,0.1,0,0.1,1.9,0.7,1.4,144.2
34,76,1,1,0.5,0.2,0,0,0,0.5,0.1,0.3,45.8
35,76,1,2,1,0.4,0,0.1,0,0.9,0.2,0.7,91.6
38,76,1,1,0.5,0.2,0,0,0,0.5,0.1,0.3,45.8
39,76,1,5,2.4,0.9,0.1,0.1,0.1,2.3,0.4,1.7,229.1
48,76,1,3,1.4,0.4,0,0,0.1,1.4,0.2,1.1,133.8
52,76,1,1,0.5,0.1,0,0,0,0.5,0.1,0.4,44.6
58,76,1,2,0.9,0.2,0.1,0,0.1,0.9,0.1,0.8,80.3
64,76,1,1,0.4,0.1,0,0,0,0.4,0.1,0.3,49
70,76,1,5,2.1,0.6,0.2,0,0,2.1,0.6,1.3,245.1
79,76,1,4,2.2,0.9,0.1,0,0.1,2.2,0.8,2.1,199.4
84,76,1,5,1.9,0.6,0.4,0,0,1.9,0.5,1.6,163.9
114,76,1,3,1.9,1.1,0,0,0.2,1.9,0.5,1.6,172.4
116,76,1,1,0.6,0.4,0,0,0.1,0.6,0.2,0.5,57.5
118,76,1,1,0.6,0.4,0,0,0.1,0.6,0.2,0.5,57.5
1,77,1,4,2.1,0.8,0,0,0,2.1,0.5,1.6,209.5
19,77,1,5,1.8,0.2,0.2,0,0,1.8,0.6,1.3,181.8
23,77,1,3,1.1,0.1,0.1,0,0,1.1,0.4,0.8,109.1
25,77,1,1,0.6,0.2,0,0,0.1,0.6,0,0.5,47.8
28,77,1,1,0.6,0.2,0,0,0.1,0.6,0,0.5,47.8
30,77,1,1,0.5,0.1,0,0,0,0.5,0.2,0.4,36.1
34,77,1,4,2,0.7,0.1,0.1,0.1,1.9,0.4,1.3,183.3
39,77,1,2,1,0.4,0,0.1,0,0.9,0.2,0.7,91.6
42,77,1,1,0.5,0.2,0,0,0,0.5,0.1,0.3,45.8
49,77,1,2,0.9,0.3,0,0,0,0.9,0.1,0.7,89.2
54,77,1,2,0.9,0.2,0.1,0,0.1,0.9,0.1,0.8,80.3
64,77,1,2,0.8,0.2,0.1,0,0,0.8,0.2,0.5,98
67,77,1,1,0.4,0.1,0,0,0,0.4,0.1,0.3,49
76,77,1,1,0.6,0.2,0,0,0,0.6,0.2,0.5,49.8
87,77,1,1,0.4,0.1,0.1,0,0,0.4,0.1,0.3,32.8
88,77,1,1,0.4,0.1,0.1,0,0,0.4,0.1,0.3,32.8
94,77,1,2,1,0.3,0,0,0.2,1,0.3,0.7,105.4
127,77,1,2,0.9,0.3,0.1,0,0.1,0.9,0.1,0.7,95.2
4,78,1,4,1.4,0.3,0.1,0,0,1.4,0.1,0.9,151.1
5,78,1,2,0.7,0.2,0,0,0,0.7,0,0.4,75.5
22,78,1,5,2,0.4,0.2,0,0,2,0.5,1.5,213.3
43,78,1,2,0.9,0.3,0,0,0,0.9,0.1,0.8,103.1
45,78,1,3,1.5,0.5,0,0,0.1,1.5,0.4,1.1,162.9
52,78,1,3,1.5,0.5,0,0,0.1,1.5,0.4,1.1,162.9
56,78,1,1,0.6,0.4,0,0,0,0.6,0.1,0.5,54.5
67,78,1,3,1.2,0.3,0.1,0,0.2,1.2,0.3,1,138.4
73,78,1,3,1.2,0.3,0.1,0,0.2,1.2,0.3,1,138.4
81,78,1,2,0.8,0.2,0,0,0.1,0.8,0.1,0.7,77.4
82,78,1,1,0.4,0.1,0,0,0,0.4,0.1,0.4,38.7
87,78,1,3,1.1,0.3,0.2,0,0,1.1,0.1,0.7,124.9
88,78,1,2,0.7,0.2,0.1,0,0,0.7,0.1,0.5,83.3
97,78,1,5,2.2,0.8,0.3,0,0,2.2,0.9,1.7,211.5
98,78,1,8,3.5,1.3,0.5,0,0,3.5,1.4,2.7,338.4
109,78,1,4,1.4,0.3,0.3,0,0.1,1.4,0.2,1.2,147.8
112,78,1,2,0.7,0.2,0.1,0,0,0.7,0.1,0.6,73.9
119,78,1,4,2,0.9,0,0,0.3,2,0.6,1.7,252.2
121,78,1,1,0.5,0.2,0,0,0.1,0.5,0.2,0.4,63
123,78,1,1,0.5,0.2,0,0,0.1,0.5,0.2,0.4,63
124,78,1,2,0.8,0.3,0.2,0.1,0,0.7,0.1,0.6,83.9
9,79,1,1,0.5,0.2,0,0,0,0.5,0.1,0.3,44.9
16,79,1,2,0.9,0.2,0.1,0,0.1,0.9,0.2,0.7,95.9
17,79,1,3.5,1.6,0.4,0.1,0,0.1,1.6,0.3,1.3,167.8
18,79,1,2,0.9,0.2,0.1,0,0.1,0.9,0.2,0.7,95.9
19,79,1,2,0.8,0.2,0.1,0,0,0.8,0.2,0.6,85.3
20,79,1,20,8.1,1.7,0.9,0,0,8.1,2,6.1,853.3
21,79,1,2,0.8,0.2,0.1,0,0,0.8,0.2,0.6,85.3
27,79,1,4,1.8,0.8,0.2,0,0,1.8,0.4,1.6,154.9
28,79,1,5,2.3,0.9,0.2,0,0,2.3,0.5,2,193.7
32,79,1,1,0.5,0.2,0,0,0,0.5,0.1,0.4,38.7
37,79,1,2,0.9,0.3,0,0,0,0.9,0.1,0.8,103.1
39,79,1,3,1.3,0.4,0.1,0,0.1,1.3,0.2,1.2,154.7
42,79,1,1,0.4,0.1,0,0,0,0.4,0.1,0.4,51.6
47,79,1,2,1,0.3,0,0,0.1,1,0.3,0.8,108.6
50,79,1,4,2,0.7,0,0,0.2,2,0.6,1.5,217.2
56,79,1,2,1.1,0.7,0,0,0.1,1.1,0.2,0.9,109.1
68,79,1,4,1.7,0.4,0.1,0,0.3,1.7,0.4,1.4,184.6
70,79,1,2,0.8,0.2,0.1,0,0.1,0.8,0.2,0.7,92.3
81,79,1,7,2.9,0.6,0.1,0,0.2,2.9,0.4,2.5,270.9
89,79,1,4,1.5,0.3,0.3,0,0,1.5,0.2,1,166.5
91,79,1,2,0.7,0.2,0.1,0,0,0.7,0.1,0.5,83.3
97,79,1,17,7.3,2.7,1,0,0,7.3,3,5.7,719
98,79,0,33,22,13,0,0,0,22,8,17,1985
99,79,1,5,1.8,0.4,0.3,0,0.1,1.8,0.3,1.5,203.5
107,79,1,5,1.8,0.4,0.3,0,0.1,1.8,0.3,1.6,184.7
111,79,1,4,1.4,0.3,0.3,0,0.1,1.4,0.2,1.2,147.8
114,79,1,1,0.6,0.3,0,0,0,0.6,0.1,0.5,51.4
117,79,1,1,0.6,0.3,0,0,0,0.6,0.1,0.5,51.4
121,79,1,4,2,0.9,0,0,0.3,2,0.6,1.7,252.2
3,80,1,2,0.8,0.1,0,0,0,0.8,0,0.6,86.7
4,80,1,14,4.9,1.2,0.2,0,0,4.9,0.2,3,528.7
7,80,1,1,0.3,0.1,0,0,0,0.3,0,0.2,37.8
11,80,1,1,0.5,0.2,0,0,0,0.5,0.1,0.3,44.9
12,80,1,9,4.2,2,0.3,0,0,4.2,0.6,2.8,403.9
14,80,1,2,0.9,0.2,0.1,0,0.1,0.9,0.2,0.7,95.9
15,80,1,4,1.8,0.5,0.1,0,0.1,1.8,0.4,1.4,191.8
16,80,1,1,0.5,0.1,0,0,0,0.5,0.1,0.4,47.9
18,80,1,1,0.5,0.1,0,0,0,0.5,0.1,0.4,47.9
19,80,1,10,4.1,0.9,0.4,0,0,4.1,1,3,426.7
20,80,1,13,5.3,1.1,0.6,0,0,5.3,1.3,4,554.7
24,80,1,4,1.8,0.8,0.2,0,0,1.8,0.4,1.6,154.9
28,80,1,4,1.8,0.8,0.2,0,0,1.8,0.4,1.6,154.9
32,80,1,1,0.5,0.2,0,0,0,0.5,0.1,0.4,38.7
35,80,1,4.5,2,0.6,0.1,0,0.1,2,0.3,1.8,232
46,80,1,1,0.5,0.2,0,0,0,0.5,0.1,0.4,54.3
58,80,1,1,0.6,0.4,0,0,0,0.6,0.1,0.5,54.5
61,80,1,3,1.7,1.1,0,0,0.1,1.7,0.3,1.4,163.6
62,80,1,3,1.7,1.1,0,0,0.1,1.7,0.3,1.4,163.6
76,80,1,5,2.1,0.4,0.1,0,0.2,2.1,0.3,1.8,193.5
93,80,1,2,0.7,0.2,0.1,0,0,0.7,0.1,0.5,83.3
95,80,1,4,1.7,0.6,0.2,0,0,1.7,0.7,1.3,169.2
97,80,1,5,2.2,0.8,0.3,0,0,2.2,0.9,1.7,211.5
98,80,1,5,2.2,0.8,0.3,0,0,2.2,0.9,1.7,211.5
117,80,1,1,0.6,0.3,0,0,0,0.6,0.1,0.5,51.4
122,80,1,1,0.5,0.2,0,0,0.1,0.5,0.2,0.4,63
125,80,1,5,2,0.7,0.5,0.2,0,1.8,0.2,1.6,209.6
11,81,1,8,3.8,1.8,0.2,0,0,3.8,0.5,2.5,359
12,81,1,10,4.7,2.2,0.3,0,0,4.7,0.6,3.1,448.8
13,81,0,39,14,2,0,0,0,14,0,14,1563
14,81,1,4,1.8,0.5,0.1,0,0.1,1.8,0.4,1.4,191.8
15,81,1,7,3.2,0.8,0.2,0,0.2,3.2,0.6,2.5,335.6
16,81,1,10,4.5,1.2,0.3,0,0.3,4.5,0.9,3.6,479.4
17,81,1,5,2.3,0.6,0.2,0,0.2,2.3,0.5,1.8,239.7
18,81,1,4,1.8,0.5,0.1,0,0.1,1.8,0.4,1.4,191.8
21,81,1,2,0.8,0.2,0.1,0,0,0.8,0.2,0.6,85.3
22,81,1,2,0.8,0.2,0.1,0,0,0.8,0.2,0.6,85.3
23,81,1,3,1.2,0.3,0.1,0,0,1.2,0.3,0.9,128
31,81,1,2,0.9,0.4,0.1,0,0,0.9,0.2,0.8,77.5
34,81,1,2,0.9,0.3,0,0,0,0.9,0.1,0.8,103.1
40,81,1,4,1.8,0.6,0.1,0,0.1,1.8,0.3,1.6,206.2
43,81,1,1,0.4,0.1,0,0,0,0.4,0.1,0.4,51.6
45,81,1,2,1,0.3,0,0,0.1,1,0.3,0.8,108.6
51,81,1,1,0.5,0.2,0,0,0,0.5,0.1,0.4,54.3
63,81,1,3,1.7,1.1,0,0,0.1,1.7,0.3,1.4,163.6
70,81,1,2,0.8,0.2,0.1,0,0.1,0.8,0.2,0.7,92.3
73,81,1,5,2.1,0.5,0.2,0,0.3,2.1,0.5,1.7,230.7
74,81,1,4,1.6,0.4,0.1,0,0.1,1.6,0.2,1.4,154.8
82,81,1,7,2.9,0.6,0.1,0,0.2,2.9,0.4,2.5,270.9
85,81,1,1,0.4,0.1,0.1,0,0,0.4,0,0.2,41.6
89,81,1,1,0.4,0.1,0.1,0,0,0.4,0,0.2,41.6
90,81,1,1,0.4,0.1,0.1,0,0,0.4,0,0.2,41.6
97,81,1,3,1.3,0.5,0.2,0,0,1.3,0.5,1,126.9
99,81,1,2,0.7,0.2,0.1,0,0,0.7,0.1,0.6,81.4
103,81,1,5,1.8,0.4,0.3,0,0.1,1.8,0.3,1.5,203.5
116,81,1,3,1.7,0.9,0,0,0,1.7,0.2,1.5,154.2
121,81,1,7,3.5,1.6,0,0,0.5,3.5,1.1,3,441.3
1,82,1,3,1.2,0.1,0.1,0,0,1.2,0.1,1,130.1
5,82,1,10,3.5,0.8,0.2,0,0,3.5,0.2,2.2,377.7
9,82,1,1,0.5,0.2,0,0,0,0.5,0.1,0.3,44.9
11,82,1,2,0.9,0.4,0.1,0,0,0.9,0.1,0.6,89.8
14,82,1,13,5.9,1.6,0.4,0,0.4,5.9,1.2,4.7,623.2
15,82,1,8,3.6,1,0.2,0,0.2,3.6,0.7,2.9,383.5
23,82,1,2,0.8,0.2,0.1,0,0,0.8,0.2,0.6,85.3
30,82,1,2,0.9,0.4,0.1,0,0,0.9,0.2,0.8,77.5
38,82,1,1,0.4,0.1,0,0,0,0.4,0.1,0.4,51.6
45,82,1,1,0.5,0.2,0,0,0,0.5,0.1,0.4,54.3
49,82,1,3,1.5,0.5,0,0,0.1,1.5,0.4,1.1,162.9
53,82,1,2,1,0.3,0,0,0.1,1,0.3,0.8,108.6
58,82,1,1,0.6,0.4,0,0,0,0.6,0.1,0.5,54.5
59,82,1,2,1.1,0.7,0,0,0.1,1.1,0.2,0.9,109.1
64,82,1,1,0.4,0.1,0,0,0.1,0.4,0.1,0.3,46.1
69,82,1,2,0.8,0.2,0.1,0,0.1,0.8,0.2,0.7,92.3
73,82,1,2,0.8,0.2,0.1,0,0.1,0.8,0.2,0.7,92.3
74,82,1,6,2.5,0.5,0.1,0,0.2,2.5,0.3,2.1,232.2
80,82,1,3,1.2,0.3,0.1,0,0.1,1.2,0.2,1.1,116.1
89,82,1,6,2.2,0.5,0.4,0,0,2.2,0.3,1.4,249.8
94,82,1,4,1.7,0.6,0.2,0,0,1.7,0.7,1.3,169.2
101,82,1,6,2.2,0.5,0.4,0,0.1,2.2,0.4,1.8,244.2
105,82,1,5,1.8,0.4,0.3,0,0.1,1.8,0.3,1.6,184.7
106,82,1,3,1.1,0.3,0.2,0,0.1,1.1,0.2,0.9,110.8
109,82,1,2,0.7,0.2,0.1,0,0,0.7,0.1,0.6,73.9
113,82,1,6,2.2,0.5,0.4,0,0.1,2.2,0.3,1.9,221.7
118,82,1,11,6.4,3.5,0,0,0,6.4,0.6,5.5,565.3
119,82,1,8,4,1.8,0,0,0.6,4,1.2,3.4,504.3
127,82,1,5,2,0.7,0.5,0.2,0,1.8,0.2,1.6,209.6
4,83,1,2,0.7,0.2,0,0,0,0.7,0,0.4,75.5
5,83,1,5,1.8,0.4,0.1,0,0,1.8,0.1,1.1,188.8
7,83,1,1,0.3,0.1,0,0,0,0.3,0,0.2,37.8
11,83,1,3,1.3,0.4,0,0,0,1.3,0.2,0.7,124.1
13,83,1,2,0.9,0.2,0,0,0,0.9,0.1,0.5,82.8
20,83,1,4,1.6,0.3,0.2,0,0,1.6,0.4,1.2,170.7
26,83,1,2,0.9,0.4,0.1,0,0,0.9,0.2,0.8,77.5
33,83,1,2,0.9,0.4,0.1,0,0,0.9,0.2,0.8,77.5
36,83,1,1,0.4,0.1,0,0,0,0.4,0.1,0.4,51.6
43,83,1,2,0.9,0.3,0,0,0,0.9,0.1,0.8,103.1
48,83,1,2,1,0.3,0,0,0.1,1,0.3,0.8,108.6
53,83,1,2,1,0.3,0,0,0.1,1,0.3,0.8,108.6
64,83,1,3,1.7,0.9,0,0,0.1,1.7,0.6,1.4,151
65,83,1,5,2.9,1.4,0,0,0.1,2.9,1,2.4,251.7
67,83,1,4,2.3,1.1,0,0,0.1,2.3,0.8,1.9,201.3
70,83,1,1,0.4,0.1,0,0,0.1,0.4,0.1,0.3,46.1
77,83,1,4,1.6,0.4,0.1,0,0.1,1.6,0.2,1.4,154.8
88,83,1,5,1.8,0.4,0.3,0,0,1.8,0.2,1.2,208.2
90,83,1,3,1.1,0.3,0.2,0,0,1.1,0.1,0.7,124.9
95,83,1,7,2.5,0.6,0.4,0,0.1,2.5,0.4,2.1,284.9
108,83,1,4,1.4,0.3,0.3,0,0.1,1.4,0.2,1.2,147.8
109,83,1,2,0.7,0.2,0.1,0,0,0.7,0.1,0.6,73.9
0,84,1,1,0.4,0,0,0,0,0.4,0,0.3,43.4
6,84,1,4,1.4,0.3,0.1,0,0,1.4,0.1,0.9,151.1
8,84,1,4,1.4,0.3,0.1,0,0,1.4,0.1,0.9,151.1
9,84,1,2,0.9,0.2,0,0,0,0.9,0.1,0.5,82.8
11,84,1,2,0.9,0.2,0,0,0,0.9,0.1,0.5,82.8
12,84,1,4,1.7,0.5,0,0,0,1.7,0.3,1,165.5
24,84,1,1,0.5,0.2,0,0,0,0.5,0.1,0.4,38.7
27,84,1,2,0.9,0.4,0.1,0,0,0.9,0.2,0.8,77.5
28,84,1,1,0.5,0.2,0,0,0,0.5,0.1,0.4,38.7
29,84,1,2,0.9,0.4,0.1,0,0,0.9,0.2,0.8,77.5
31,84,1,1,0.5,0.2,0,0,0,0.5,0.1,0.4,38.7
32,84,1,2,0.9,0.4,0.1,0,0,0.9,0.2,0.8,77.5
35,84,1,4,1.8,0.6,0.1,0,0.1,1.8,0.3,1.6,206.2
44,84,1,2,1,0.3,0,0,0.1,1,0.3,0.8,108.6
46,84,1,6,3.1,1,0,0,0.3,3.1,0.9,2.3,325.8
55,84,1,1,0.6,0.4,0,0,0,0.6,0.1,0.5,54.5
71,84,1,1,0.4,0.1,0,0,0.1,0.4,0.1,0.3,46.1
74,84,1,5,2.1,0.4,0.1,0,0.2,2.1,0.3,1.8,193.5
76,84,1,1,0.4,0.1,0,0,0,0.4,0.1,0.4,38.7
77,84,1,3,1.2,0.3,0.1,0,0.1,1.2,0.2,1.1,116.1
83,84,1,3,1.7,0.5,0,0,0.2,1.7,0.5,1.3,176.2
97,84,1,3,1.1,0.3,0.2,0,0.1,1.1,0.2,0.9,122.1
99,84,1,5,1.8,0.4,0.3,0,0.1,1.8,0.3,1.5,203.5
103,84,1,1,0.4,0.1,0.1,0,0,0.4,0.1,0.3,40.7
111,84,1,2,0.7,0.2,0.1,0,0,0.7,0.1,0.6,73.9
114,84,1,1,0.6,0.3,0,0,0,0.6,0.1,0.5,51.4
116,84,1,1,0.6,0.3,0,0,0,0.6,0.1,0.5,51.4
2,85,1,2,0.8,0.1,0,0,0,0.8,0,0.6,86.7
3,85,1,7,2.9,0.3,0.2,0,0,2.9,0.2,2.2,303.6
8,85,1,2,0.7,0.2,0,0,0,0.7,0,0.4,75.5
10,85,1,2,0.9,0.2,0,0,0,0.9,0.1,0.5,82.8
11,85,1,4,1.7,0.5,0,0,0,1.7,0.3,1,165.5
12,85,1,3,1.3,0.4,0,0,0,1.3,0.2,0.7,124.1
13,85,1,3,1.3,0.4,0,0,0,1.3,0.2,0.7,124.1
22,85,1,2,0.8,0.2,0.1,0,0,0.8,0.2,0.6,85.3
23,85,1,1,0.4,0.1,0,0,0,0.4,0.1,0.3,42.7
25,85,1,10,4.5,1.9,0.4,0,0,4.5,0.9,4,387.4
26,85,1,2,0.9,0.4,0.1,0,0,0.9,0.2,0.8,77.5
42,85,1,2,0.9,0.3,0,0,0,0.9,0.1,0.8,103.1
47,85,1,6,3.1,1,0,0,0.3,3.1,0.9,2.3,325.8
50,85,1,2,1,0.3,0,0,0.1,1,0.3,0.8,108.6
51,85,1,1,0.5,0.2,0,0,0,0.5,0.1,0.4,54.3
62,85,1,1,0.6,0.4,0,0,0,0.6,0.1,0.5,54.5
63,85,1,4,2.3,1.4,0,0,0.1,2.3,0.4,1.9,218.1
66,85,1,2,1.1,0.6,0,0,0,1.1,0.4,1,100.7
67,85,1,3,1.7,0.9,0,0,0.1,1.7,0.6,1.4,151
75,85,1,3,1.2,0.3,0.1,0,0.1,1.2,0.2,1.1,116.1
89,85,1,2,0.7,0.2,0.1,0,0,0.7,0.1,0.5,83.3
90,85,1,5,1.8,0.4,0.3,0,0,1.8,0.2,1.2,208.2
98,85,1,8,2.9,0.7,0.5,0,0.2,2.9,0.5,2.4,325.6
105,85,1,2,0.7,0.2,0.1,0,0,0.7,0.1,0.6,73.9
111,85,1,4,1.4,0.3,0.3,0,0.1,1.4,0.2,1.2,147.8
115,85,1,2,1.2,0.6,0,0,0,1.2,0.1,1,102.8
3,86,1,2,0.8,0.1,0,0,0,0.8,0,0.6,86.7
10,86,1,10,4.3,1.2,0,0,0,4.3,0.7,2.4,413.8
33,86,1,1,0.5,0.2,0,0,0,0.5,0.1,0.4,38.7
36,86,1,2,0.9,0.3,0,0,0,0.9,0.1,0.8,103.1
38,86,1,2,0.9,0.3,0,0,0,0.9,0.1,0.8,103.1
51,86,1,2,1,0.3,0,0,0.1,1,0.3,0.8,108.6
57,86,1,1,0.6,0.4,0,0,0,0.6,0.1,0.5,54.5
64,86,1,8,4.6,2.3,0,0,0.2,4.6,1.5,3.8,402.7
65,86,1,1,0.6,0.3,0,0,0,0.6,0.2,0.5,50.3
67,86,1,1,0.6,0.3,0,0,0,0.6,0.2,0.5,50.3
74,86,1,5,2.1,0.4,0.1,0,0.2,2.1,0.3,1.8,193.5
80,86,1,10,5.8,1.6,0,0,0.5,5.8,1.6,4.2,587.4
105,86,1,6,2.2,0.5,0.4,0,0.1,2.2,0.3,1.9,221.7
121,86,1,1,0.6,0.3,0,0,0,0.6,0.1,0.5,51.4
122,86,1,4,2.3,1.3,0,0,0,2.3,0.2,2,205.6
127,86,1,2,0.8,0.3,0.2,0.1,0,0.7,0.1,0.6,83.9
4,87,1,11,3.8,0.9,0.2,0,0,3.8,0.2,2.4,415.4
10,87,1,3,1.3,0.4,0,0,0,1.3,0.2,0.7,124.1
12,87,1,4,1.7,0.5,0,0,0,1.7,0.3,1,165.5
14,87,1,1,0.4,0.1,0,0,0,0.4,0.1,0.3,42.7
33,87,1,4,1.8,0.8,0.2,0,0,1.8,0.4,1.6,154.9
36,87,1,5,2.2,0.7,0.1,0,0.1,2.2,0.4,2,257.8
38,87,1,4,1.8,0.6,0.1,0,0.1,1.8,0.3,1.6,206.2
53,87,1,2,1,0.3,0,0,0.1,1,0.3,0.8,108.6
54,87,1,5,2.9,1.8,0,0,0.2,2.9,0.5,2.3,272.7
64,87,1,10,5.7,2.9,0,0,0.2,5.7,1.9,4.8,503.3
65,87,1,4,2.3,1.1,0,0,0.1,2.3,0.8,1.9,201.3
67,87,1,1,0.6,0.3,0,0,0,0.6,0.2,0.5,50.3
72,87,1,3,1.2,0.3,0.1,0,0.2,1.2,0.3,1,138.4
79,87,1,3,1.7,0.5,0,0,0.2,1.7,0.5,1.3,176.2
81,87,1,2,1.2,0.3,0,0,0.1,1.2,0.3,0.8,117.5
83,87,1,1,0.6,0.2,0,0,0.1,0.6,0.2,0.4,58.7
86,87,1,4,1.5,0.3,0.3,0,0,1.5,0.2,1,166.5
87,87,1,3,1.1,0.3,0.2,0,0,1.1,0.1,0.7,124.9
88,87,1,2,0.7,0.2,0.1,0,0,0.7,0.1,0.5,83.3
95,87,1,5,1.8,0.4,0.3,0,0.1,1.8,0.3,1.5,203.5
108,87,1,5,1.8,0.4,0.3,0,0.1,1.8,0.3,1.6,184.7
112,87,1,2,0.7,0.2,0.1,0,0,0.7,0.1,0.6,73.9
117,87,1,3,1.7,0.9,0,0,0,1.7,0.2,1.5,154.2
118,87,1,3,1.7,0.9,0,0,0,1.7,0.2,1.5,154.2
121,87,1,2,1.2,0.6,0,0,0,1.2,0.1,1,102.8
122,87,1,3,1.7,0.9,0,0,0,1.7,0.2,1.5,154.2
123,87,1,1,0.6,0.3,0,0,0,0.6,0.1,0.5,51.4
4,88,1,3,1.2,0.2,0.1,0,0,1.2,0.2,0.8,111.5
7,88,1,1,0.4,0.1,0,0,0,0.4,0.1,0.3,37.2
11,88,1,2,1,0.3,0,0,0,1,0.1,0.8,84.4
15,88,1,2,0.9,0.3,0.1,0,0,0.9,0.2,0.7,87.3
17,88,1,1,0.4,0.2,0,0,0,0.4,0.1,0.4,43.7
24,88,1,2,0.8,0.2,0.2,0,0,0.8,0.3,0.7,68.1
25,88,1,3,1.2,0.3,0.3,0,0.1,1.2,0.4,1,102.1
26,88,1,5,1.9,0.4,0.4,0,0.1,1.9,0.7,1.7,170.2
30,88,1,7,2.7,0.6,0.6,0,0.1,2.7,0.9,2.4,238.2
36,88,1,4.5,2.3,0.8,0,0,0.2,2.3,0.6,1.7,234.9
42,88,1,1,0.5,0.2,0,0,0,0.5,0.1,0.4,52.2
47,88,1,7,3.3,0.8,0.1,0,0,3.3,1.1,2.7,359.6
54,88,1,2,1.1,0.5,0,0,0.1,1.1,0.2,0.8,95.4
61,88,1,3,1.6,0.7,0.1,0,0.1,1.6,0.3,1.2,143.1
63,88,1,2,1.1,0.5,0,0,0.1,1.1,0.2,0.8,95.4
73,88,1,1,0.4,0.2,0.1,0,0,0.4,0.1,0.4,43.5
80,88,1,1,0.5,0.3,0,0,0,0.5,0.1,0.4,39
106,88,1,2,1.1,0.5,0.1,0,0,1.1,0.2,0.7,100.7
108,88,1,1,0.5,0.2,0,0,0,0.5,0.1,0.4,50.3
127,88,1,2,1.1,0.4,0.1,0,0.2,1.1,0.3,0.9,105.9
7,89,1,3,1.2,0.2,0.1,0,0,1.2,0.2,0.8,111.5
11,89,1,3,1.5,0.4,0,0,0,1.5,0.2,1.2,126.5
14,89,1,8,3.5,1.2,0.3,0,0,3.5,0.9,3,349.2
16,89,1,1,0.4,0.2,0,0,0,0.4,0.1,0.4,43.7
18,89,1,4,1.7,0.6,0.2,0,0,1.7,0.4,1.5,174.6
19,89,1,4,1.7,0.6,0.2,0,0,1.7,0.4,1.5,174.6
27,89,1,3,1.2,0.3,0.3,0,0.1,1.2,0.4,1,102.1
28,89,1,2,0.8,0.2,0.2,0,0,0.8,0.3,0.7,68.1
36,89,1,4,2,0.7,0,0,0.1,2,0.5,1.5,208.8
38,89,1,4,2,0.7,0,0,0.1,2,0.5,1.5,208.8
39,89,1,1,0.5,0.2,0,0,0,0.5,0.1,0.4,52.2
40,89,1,3,1.5,0.6,0,0,0.1,1.5,0.4,1.1,156.6
44,89,1,3,1.4,0.3,0,0,0,1.4,0.5,1.2,154.1
47,89,1,3,1.4,0.3,0,0,0,1.4,0.5,1.2,154.1
50,89,1,1,0.5,0.1,0,0,0,0.5,0.2,0.4,51.4
52,89,1,2,0.9,0.2,0,0,0,0.9,0.3,0.8,102.7
53,89,1,2,0.9,0.2,0,0,0,0.9,0.3,0.8,102.7
55,89,1,2,1.1,0.5,0,0,0.1,1.1,0.2,0.8,95.4
62,89,1,1,0.5,0.2,0,0,0,0.5,0.1,0.4,47.7
73,89,1,2,0.9,0.3,0.1,0,0,0.9,0.2,0.8,86.9
77,89,1,2,1,0.5,0,0,0,1,0.2,0.7,78
81,89,1,1,0.5,0.3,0,0,0,0.5,0.1,0.4,39
92,89,1,2,1,0.4,0.1,0,0.1,1,0.1,0.8,112.2
118,89,1,2.5,1.4,0.7,0.1,0,0.1,1.4,0.4,1.2,125.3
124,89,1,2,1.1,0.4,0.1,0,0.2,1.1,0.3,0.9,105.9
126,89,1,5,2.7,1,0.2,0,0.6,2.7,0.8,2.3,264.8
0,90,1,1,0.4,0.1,0,0,0,0.4,0.1,0.4,46.3
8,90,1,5,2,0.3,0.1,0,0,2,0.3,1.3,185.9
13,90,1,4,2,0.6,0,0,0,2,0.3,1.6,168.7
16,90,1,1,0.4,0.2,0,0,0,0.4,0.1,0.4,43.7
38,90,1,2,1,0.4,0,0,0.1,1,0.3,0.7,104.4
44,90,1,2,0.9,0.2,0,0,0,0.9,0.3,0.8,102.7
48,90,1,3,1.4,0.3,0,0,0,1.4,0.5,1.2,154.1
49,90,1,4,1.9,0.5,0.1,0,0,1.9,0.6,1.5,205.5
57,90,1,1,0.5,0.2,0,0,0,0.5,0.1,0.4,47.7
61,90,1,1,0.5,0.2,0,0,0,0.5,0.1,0.4,47.7
62,90,1,3,1.6,0.7,0.1,0,0.1,1.6,0.3,1.2,143.1
70,90,1,5,2.2,0.8,0.3,0,0,2.2,0.5,1.9,217.3
78,90,1,1,0.5,0.3,0,0,0,0.5,0.1,0.4,39
83,90,1,2,1,0.5,0,0,0,1,0.2,0.7,78
84,90,1,1,0.5,0.2,0.1,0,0,0.5,0.1,0.5,38.3
85,90,1,6,2.9,1.3,0.4,0,0,2.9,0.4,2.9,229.8
90,90,1,1,0.5,0.2,0,0,0,0.5,0.1,0.4,56.1
92,90,1,5,2.6,1.1,0.2,0,0.2,2.6,0.3,2,280.6
105,90,1,3,1.6,0.7,0.1,0,0.1,1.6,0.4,1.1,151
107,90,1,2,1.1,0.5,0.1,0,0,1.1,0.2,0.7,100.7
108,90,1,3,1.6,0.7,0.1,0,0.1,1.6,0.4,1.1,151
121,90,1,1,0.6,0.3,0,0,0,0.6,0.2,0.5,50.1
123,90,1,2,1.1,0.6,0,0,0,1.1,0.3,1,100.3
127,90,1,2,1.1,0.4,0.1,0,0.2,1.1,0.3,0.9,105.9
3,91,1,5,2.1,0.4,0.1,0,0.1,2.1,0.7,2,231.3
4,91,1,2,0.8,0.1,0.1,0,0,0.8,0.1,0.5,74.3
9,91,1,2,1,0.3,0,0,0,1,0.1,0.8,84.4
11,91,1,6,3,0.9,0,0,0,3,0.4,2.4,253.1
12,91,1,1,0.5,0.1,0,0,0,0.5,0.1,0.4,42.2
13,91,1,6,3,0.9,0,0,0,3,0.4,2.4,253.1
24,91,1,5,1.9,0.4,0.4,0,0.1,1.9,0.7,1.7,170.2
32,91,1,2,0.8,0.2,0.2,0,0,0.8,0.3,0.7,68.1
35,91,1,2,1,0.4,0,0,0.1,1,0.3,0.7,104.4
41,91,1,11,5.6,2.1,0,0,0.4,5.6,1.4,4.1,574.3
42,91,1,2,1,0.4,0,0,0.1,1,0.3,0.7,104.4
48,91,1,1,0.5,0.1,0,0,0,0.5,0.2,0.4,51.4
49,91,1,1,0.5,0.1,0,0,0,0.5,0.2,0.4,51.4
50,91,1,1,0.5,0.1,0,0,0,0.5,0.2,0.4,51.4
55,91,1,1,0.5,0.2,0,0,0,0.5,0.1,0.4,47.7
58,91,1,1,0.5,0.2,0,0,0,0.5,0.1,0.4,47.7
61,91,1,1,0.5,0.2,0,0,0,0.5,0.1,0.4,47.7
78,91,1,5,2.5,1.3,0.1,0,0.1,2.5,0.6,1.8,195.1
83,91,1,2,1,0.5,0,0,0,1,0.2,0.7,78
84,91,1,5,2.4,1.1,0.4,0,0,2.4,0.4,2.4,191.5
88,91,1,6,2.9,1.3,0.4,0,0,2.9,0.4,2.9,229.8
103,91,1,2,1.1,0.5,0,0,0.1,1.1,0,1,89
108,91,1,1,0.5,0.2,0,0,0,0.5,0.1,0.4,50.3
124,91,1,1,0.5,0.2,0,0,0.1,0.5,0.2,0.5,53
127,91,1,1,0.5,0.2,0,0,0.1,0.5,0.2,0.5,53
0,92,1,2,0.9,0.2,0.1,0,0.1,0.9,0.3,0.8,92.5
3,92,1,6,2.6,0.5,0.2,0,0.2,2.6,0.9,2.4,277.5
4,92,1,4,1.6,0.2,0.1,0,0,1.6,0.2,1,148.7
5,92,1,4,1.6,0.2,0.1,0,0,1.6,0.2,1,148.7
6,92,1,11,4.4,0.6,0.3,0,0,4.4,0.6,2.8,408.9
7,92,1,2,0.8,0.1,0.1,0,0,0.8,0.1,0.5,74.3
9,92,1,3,1.5,0.4,0,0,0,1.5,0.2,1.2,126.5
10,92,1,1,0.5,0.1,0,0,0,0.5,0.1,0.4,42.2
16,92,1,10,4.3,1.5,0.4,0,0,4.3,1.1,3.7,436.5
18,92,1,1,0.4,0.2,0,0,0,0.4,0.1,0.4,43.7
20,92,1,2,0.9,0.3,0.1,0,0,0.9,0.2,0.7,87.3
23,92,1,1,0.4,0.2,0,0,0,0.4,0.1,0.4,43.7
27,92,1,6,2.3,0.5,0.5,0,0.1,2.3,0.8,2,204.2
29,92,1,2,0.8,0.2,0.2,0,0,0.8,0.3,0.7,68.1
30,92,1,1,0.4,0.1,0.1,0,0,0.4,0.1,0.3,34
36,92,1,2,1,0.4,0,0,0.1,1,0.3,0.7,104.4
37,92,1,2,1,0.4,0,0,0.1,1,0.3,0.7,104.4
41,92,1,1,0.5,0.2,0,0,0,0.5,0.1,0.4,52.2
48,92,1,4,1.9,0.5,0.1,0,0,1.9,0.6,1.5,205.5
55,92,1,2,1.1,0.5,0,0,0.1,1.1,0.2,0.8,95.4
62,92,1,3,1.6,0.7,0.1,0,0.1,1.6,0.3,1.2,143.1
71,92,1,3,1.3,0.5,0.2,0,0,1.3,0.3,1.1,130.4
78,92,1,2,1,0.5,0,0,0,1,0.2,0.7,78
84,92,1,2,1,0.4,0.1,0,0,1,0.1,1,76.6
85,92,1,2,1,0.4,0.1,0,0,1,0.1,1,76.6
86,92,1,4,1.9,0.9,0.3,0,0,1.9,0.3,1.9,153.2
87,92,1,1,0.5,0.2,0.1,0,0,0.5,0.1,0.5,38.3
89,92,1,2,1,0.4,0.1,0,0.1,1,0.1,0.8,112.2
94,92,1,2,1.1,0.5,0,0,0.1,1.1,0,1,89
95,92,1,1,0.5,0.3,0,0,0,0.5,0,0.5,44.5
97,92,1,2,1.1,0.5,0,0,0.1,1.1,0,1,89
98,92,1,4,2.2,1,0,0,0.1,2.2,0,2,178
101,92,1,1,0.5,0.3,0,0,0,0.5,0,0.5,44.5
111,92,1,3,1.6,0.7,0.1,0,0.1,1.6,0.4,1.1,151
114,92,1,1,0.6,0.3,0,0,0,0.6,0.2,0.5,50.1
121,92,1,1,0.6,0.3,0,0,0,0.6,0.2,0.5,50.1
124,92,1,2,1.1,0.4,0.1,0,0.2,1.1,0.3,0.9,105.9
0,93,1,4,1.7,0.3,0.1,0,0.1,1.7,0.2,1.5,165.1
2,93,1,1,0.4,0.1,0,0,0,0.4,0,0.4,41.3
3,93,1,9,3.7,0.8,0.2,0,0.2,3.7,0.4,3.3,371.5
6,93,1,6,2,0.2,0.2,0,0.2,2,0.2,1.7,220.5
7,93,1,2,0.7,0.1,0.1,0,0.1,0.7,0.1,0.6,73.5
10,93,1,10,3.3,0.7,0.7,0,0,3.3,0.7,2.3,314.7
12,93,1,3,1,0.2,0.2,0,0,1,0.2,0.7,94.4
16,93,1,1,0.4,0.2,0,0,0,0.4,0.1,0.4,43.7
21,93,1,4,2,0.9,0.1,0,0,2,0.2,1.5,209.6
22,93,1,8,3.9,1.8,0.2,0,0,3.9,0.4,3,419.2
26,93,1,2,0.8,0.3,0.2,0,0.1,0.8,0.1,0.6,69.3
36,93,1,1,0.5,0.2,0,0,0,0.5,0.1,0.4,52.2
37,93,1,1,0.5,0.2,0,0,0,0.5,0.1,0.4,52.2
41,93,1,3,1.5,0.5,0,0,0.1,1.5,0.4,1.3,156.9
42,93,1,3,1.5,0.5,0,0,0.1,1.5,0.4,1.3,156.9
43,93,1,1,0.5,0.2,0,0,0,0.5,0.1,0.4,52.3
45,93,1,2,0.9,0.2,0,0,0,0.9,0.3,0.8,102.7
48,93,1,2,0.9,0.2,0,0,0,0.9,0.3,0.8,102.7
65,93,1,2,0.9,0.3,0.1,0,0,0.9,0.2,0.8,86.9
69,93,1,1,0.4,0.2,0.1,0,0,0.4,0.1,0.4,43.5
73,93,1,1,0.4,0.2,0.1,0,0,0.4,0.1,0.4,43.5
75,93,1,6,3,1.6,0.1,0,0.1,3,0.7,2.1,234.1
78,93,1,5,2.5,1.3,0.1,0,0.1,2.5,0.6,1.8,195.1
80,93,1,2,1,0.5,0,0,0,1,0.2,0.7,78
89,93,1,2,1,0.4,0.1,0,0.1,1,0.1,0.8,112.2
93,93,1,2,1,0.4,0.1,0,0.1,1,0.1,0.8,112.2
105,93,1,5,2.7,1.1,0.2,0,0.1,2.7,0.6,1.9,251.6
107,93,1,2,1.1,0.5,0.1,0,0,1.1,0.2,0.7,100.7
114,93,1,1,0.6,0.3,0,0,0,0.6,0.2,0.5,50.1
119,93,1,2,1.1,0.6,0,0,0,1.1,0.3,1,100.3
120,93,1,4,2.3,1.1,0.1,0,0.1,2.3,0.6,1.9,200.6
8,94,1,4,1.4,0.1,0.1,0,0.2,1.4,0.1,1.1,147
9,94,1,1,0.3,0.1,0.1,0,0,0.3,0.1,0.2,31.5
12,94,1,2,0.7,0.1,0.1,0,0,0.7,0.1,0.5,62.9
13,94,1,2,0.7,0.1,0.1,0,0,0.7,0.1,0.5,62.9
14,94,1,4,1.7,0.6,0.2,0,0,1.7,0.4,1.5,174.6
19,94,1,2,1,0.4,0,0,0,1,0.1,0.8,104.8
20,94,1,1,0.5,0.2,0,0,0,0.5,0,0.4,52.4
21,94,1,5,2.4,1.1,0.1,0,0,2.4,0.2,1.9,262
26,94,1,5,2.1,0.8,0.5,0,0.2,2.1,0.3,1.5,173.3
29,94,1,2,0.8,0.2,0.2,0,0,0.8,0.3,0.7,68.1
35,94,1,1,0.5,0.2,0,0,0,0.5,0.1,0.4,52.2
38,94,1,2,1,0.4,0,0,0.1,1,0.3,0.7,104.4
41,94,1,4,2.1,0.6,0,0,0.2,2.1,0.5,1.7,209.2
42,94,1,5,2.6,0.8,0,0,0.2,2.6,0.6,2.1,261.5
49,94,1,2,0.9,0.2,0,0,0,0.9,0.3,0.8,102.7
52,94,1,1,0.5,0.1,0,0,0,0.5,0.2,0.4,51.4
54,94,1,2,1.1,0.5,0,0,0.1,1.1,0.2,0.8,95.4
56,94,1,3,1.6,0.7,0.1,0,0.1,1.6,0.3,1.2,143.1
57,94,1,2,1.1,0.5,0,0,0.1,1.1,0.2,0.8,95.4
59,94,1,1,0.5,0.2,0,0,0,0.5,0.1,0.4,47.7
64,94,1,4,1.8,0.6,0.2,0,0,1.8,0.4,1.5,173.9
94,94,1,3.5,1.9,0.9,0,0,0.1,1.9,0,1.8,155.8
98,94,1,5,2.7,1.3,0,0,0.2,2.7,0,2.5,222.5
105,94,1,1,0.5,0.2,0,0,0,0.5,0.1,0.4,50.3
111,94,1,2,1.1,0.5,0.1,0,0,1.1,0.2,0.7,100.7
112,94,1,2.5,1.3,0.6,0.1,0,0.1,1.3,0.3,0.9,125.8
121,94,1,1,0.6,0.3,0,0,0,0.6,0.2,0.5,50.1
122,94,1,3,1.7,0.8,0.1,0,0.1,1.7,0.5,1.4,150.4
127,94,1,2,0.9,0.2,0,0,0.1,0.9,0.1,0.8,92.1
0,95,1,4,1.7,0.3,0.1,0,0.1,1.7,0.2,1.5,165.1
4,95,1,6,2,0.2,0.2,0,0.2,2,0.2,1.7,220.5
5,95,1,4,1.4,0.1,0.1,0,0.2,1.4,0.1,1.1,147
10,95,1,4,1.3,0.3,0.3,0,0,1.3,0.3,0.9,125.9
12,95,1,2,0.7,0.1,0.1,0,0,0.7,0.1,0.5,62.9
14,95,1,1,0.4,0.2,0,0,0,0.4,0.1,0.4,43.7
21,95,1,3,1.5,0.7,0.1,0,0,1.5,0.1,1.1,157.2
22,95,1,1,0.5,0.2,0,0,0,0.5,0,0.4,52.4
24,95,1,5,2.1,0.8,0.5,0,0.2,2.1,0.3,1.5,173.3
30,95,1,2,0.8,0.2,0.2,0,0,0.8,0.3,0.7,68.1
35,95,1,1,0.5,0.2,0,0,0,0.5,0.1,0.4,52.2
37,95,1,1,0.5,0.2,0,0,0,0.5,0.1,0.4,52.2
41,95,1,2,1,0.3,0,0,0.1,1,0.2,0.9,104.6
42,95,1,3,1.5,0.5,0,0,0.1,1.5,0.4,1.3,156.9
44,95,1,2,0.9,0.2,0,0,0,0.9,0.3,0.8,102.7
53,95,1,4,1.9,0.5,0.1,0,0,1.9,0.6,1.5,205.5
59,95,1,4,2.1,1,0.1,0,0.2,2.1,0.4,1.6,190.9
63,95,1,1,0.5,0.2,0,0,0,0.5,0.1,0.4,47.7
67,95,1,1,0.4,0.2,0.1,0,0,0.4,0.1,0.4,43.5
73,95,1,2,0.9,0.3,0.1,0,0,0.9,0.2,0.8,86.9
76,95,1,1,0.5,0.3,0,0,0,0.5,0.1,0.4,39
77,95,1,4,2,1,0.1,0,0.1,2,0.5,1.4,156.1
80,95,1,1,0.5,0.3,0,0,0,0.5,0.1,0.4,39
94,95,1,1,0.5,0.3,0,0,0,0.5,0,0.5,44.5
97,95,1,1,0.5,0.3,0,0,0,0.5,0,0.5,44.5
102,95,1,2,1.1,0.5,0,0,0.1,1.1,0,1,89
112,95,1,3,1.6,0.7,0.1,0,0.1,1.6,0.4,1.1,151
118,95,1,1,0.6,0.3,0,0,0,0.6,0.2,0.5,50.1
119,95,1,2,1.1,0.6,0,0,0,1.1,0.3,1,100.3
121,95,1,2,1.1,0.6,0,0,0,1.1,0.3,1,100.3
124,95,1,6,2.6,0.5,0,0,0.2,2.6,0.2,2.4,276.3
127,95,1,9,3.9,0.7,0,0,0.4,3.9,0.4,3.5,414.5
0,96,1,6,2.5,0.5,0.1,0,0.1,2.5,0.3,2.2,247.7
2,96,1,2,0.8,0.2,0,0,0,0.8,0.1,0.7,82.6
3,96,1,7,2.9,0.6,0.2,0,0.2,2.9,0.3,2.6,289
4,96,1,17,5.7,0.4,0.4,0,0.7,5.7,0.4,4.9,624.8
5,96,0,24,12,1,0,0,1,12,0,12,1263
10,96,1,2,0.7,0.1,0.1,0,0,0.7,0.1,0.5,62.9
11,96,1,1,0.3,0.1,0.1,0,0,0.3,0.1,0.2,31.5
18,96,1,2,0.9,0.3,0.1,0,0,0.9,0.2,0.7,87.3
19,96,1,1,0.5,0.2,0,0,0,0.5,0,0.4,52.4
20,96,1,2,1,0.4,0,0,0,1,0.1,0.8,104.8
22,96,1,1,0.5,0.2,0,0,0,0.5,0,0.4,52.4
27,96,1,3,1.3,0.5,0.3,0,0.1,1.3,0.2,0.9,104
31,96,1,4,1.5,0.3,0.3,0,0.1,1.5,0.5,1.3,136.1
32,96,1,2,0.8,0.2,0.2,0,0,0.8,0.3,0.7,68.1
35,96,1,2,1,0.4,0,0,0.1,1,0.3,0.7,104.4
36,96,1,1,0.5,0.2,0,0,0,0.5,0.1,0.4,52.2
38,96,1,4,2,0.7,0,0,0.1,2,0.5,1.5,208.8
41,96,1,4,2.1,0.6,0,0,0.2,2.1,0.5,1.7,209.2
42,96,1,19,9.8,3.1,0,0,0.8,9.8,2.2,8.1,993.6
45,96,1,3,1.4,0.3,0,0,0,1.4,0.5,1.2,154.1
49,96,1,2,0.9,0.2,0,0,0,0.9,0.3,0.8,102.7
53,96,1,4,1.9,0.5,0.1,0,0,1.9,0.6,1.5,205.5
57,96,1,1,0.5,0.2,0,0,0,0.5,0.1,0.4,47.7
58,96,1,5,2.7,1.2,0.1,0,0.2,2.7,0.5,2,238.6
61,96,1,3,1.6,0.7,0.1,0,0.1,1.6,0.3,1.2,143.1
66,96,1,2,0.9,0.3,0.1,0,0,0.9,0.2,0.8,86.9
70,96,1,6,2.6,0.9,0.4,0,0,2.6,0.6,2.2,260.8
76,96,1,2,1,0.5,0,0,0,1,0.2,0.7,78
81,96,1,4,2,1,0.1,0,0.1,2,0.5,1.4,156.1
86,96,1,1,0.5,0.2,0,0,0,0.5,0.1,0.4,55.3
87,96,1,4,2.1,1,0,0,0,2.1,0.2,1.7,221.1
88,96,1,3,1.5,0.7,0,0,0,1.5,0.2,1.3,165.8
90,96,1,12,6.2,2.5,0.4,0,0.4,6.2,0.7,4.7,673.5
93,96,1,2,1,0.4,0.1,0,0.1,1,0.1,0.8,112.2
100,96,1,2,1.1,0.5,0,0,0.1,1.1,0,1,89
108,96,1,2,1.1,0.5,0.1,0,0,1.1,0.2,0.7,100.7
111,96,1,2,1.1,0.5,0.1,0,0,1.1,0.2,0.7,100.7
116,96,1,2,1.1,0.6,0,0,0,1.1,0.3,1,100.3
118,96,1,2,1.1,0.6,0,0,0,1.1,0.3,1,100.3
120,96,1,1,0.6,0.3,0,0,0,0.6,0.2,0.5,50.1
124,96,1,6,2.6,0.5,0,0,0.2,2.6,0.2,2.4,276.3
126,96,1,5,2.2,0.4,0,0,0.2,2.2,0.2,2,230.3
127,96,0,23,11,5,1,0,1,11,4,7,923
0,97,1,2,0.8,0.2,0,0,0,0.8,0.1,0.7,82.6
2,97,1,5,2.1,0.4,0.1,0,0.1,2.1,0.2,1.8,206.4
3,97,1,2,0.8,0.2,0,0,0,0.8,0.1,0.7,82.6
4,97,1,26,8.8,0.7,0.7,0,1,8.8,0.7,7.4,955.6
5,97,1,7,2.4,0.2,0.2,0,0.3,2.4,0.2,2,257.3
6,97,1,5,1.7,0.1,0.1,0,0.2,1.7,0.1,1.4,183.8
9,97,1,5,1.6,0.3,0.3,0,0,1.6,0.3,1.2,157.3
12,97,1,11,3.6,0.8,0.8,0,0,3.6,0.8,2.6,346.1
17,97,1,3,1.3,0.5,0.1,0,0,1.3,0.3,1.1,131
20,97,1,2,1,0.4,0,0,0,1,0.1,0.8,104.8
21,97,1,1,0.5,0.2,0,0,0,0.5,0,0.4,52.4
23,97,1,14,6.8,3.1,0.3,0,0,6.8,0.6,5.3,733.6
24,97,1,16,6.8,2.4,1.5,0,0.5,6.8,1,4.8,554.7
27,97,1,1,0.4,0.2,0.1,0,0,0.4,0.1,0.3,34.7
28,97,1,1,0.4,0.2,0.1,0,0,0.4,0.1,0.3,34.7
31,97,1,5.5,2.1,0.5,0.5,0,0.1,2.1,0.7,1.8,187.2
32,97,1,1,0.4,0.1,0.1,0,0,0.4,0.1,0.3,34
33,97,1,5,1.9,0.4,0.4,0,0.1,1.9,0.7,1.7,170.2
39,97,1,5,2.6,0.8,0,0,0.2,2.6,0.6,2.1,261.5
40,97,1,19,9.8,3.1,0,0,0.8,9.8,2.2,8.1,993.6
41,97,0,35,15,5,2,0,3,15,1,5,1481
42,97,0,34.5,22,11,0,0,3,22,2,12,1893
43,97,0,32,14,2,0,0,4,14,2,9,1481
44,97,1,1,0.5,0.1,0,0,0,0.5,0.2,0.4,51.4
47,97,1,2,0.9,0.2,0,0,0,0.9,0.3,0.8,102.7
48,97,1,3,1.4,0.3,0,0,0,1.4,0.5,1.2,154.1
62,97,1,4,2.1,1,0.1,0,0.2,2.1,0.4,1.6,190.9
70,97,1,2,0.9,0.3,0.1,0,0,0.9,0.2,0.8,86.9
79,97,1,1,0.5,0.3,0,0,0,0.5,0.1,0.4,39
86,97,1,6,3.1,1.5,0,0,0,3.1,0.4,2.5,331.6
87,97,1,12,6.2,2.9,0,0,0,6.2,0.7,5.1,663.3
88,97,1,7,3.6,1.7,0,0,0,3.6,0.4,3,386.9
90,97,1,2,1,0.4,0.1,0,0.1,1,0.1,0.8,112.2
92,97,1,1,0.5,0.2,0,0,0,0.5,0.1,0.4,56.1
93,97,1,2,1,0.4,0.1,0,0.1,1,0.1,0.8,112.2
96,97,1,1,0.5,0.3,0,0,0,0.5,0,0.5,44.5
104,97,1,1,0.5,0.2,0,0,0,0.5,0.1,0.4,50.3
105,97,1,1,0.5,0.2,0,0,0,0.5,0.1,0.4,50.3
107,97,1,5,2.7,1.1,0.2,0,0.1,2.7,0.6,1.9,251.6
113,97,1,7,3.8,1.6,0.3,0,0.1,3.8,0.9,2.6,352.3
114,97,1,2,1.1,0.6,0,0,0,1.1,0.3,1,100.3
115,97,1,8,4.6,2.2,0.2,0,0.2,4.6,1.3,3.9,401.1
116,97,1,2,1.1,0.6,0,0,0,1.1,0.3,1,100.3
120,97,1,3,1.7,0.8,0.1,0,0.1,1.7,0.5,1.4,150.4
124,97,1,10,4.3,0.8,0,0,0.4,4.3,0.4,3.9,460.5
127,97,1,4,1.7,0.3,0,0,0.2,1.7,0.2,1.6,184.2
13,98,1,1,0.5,0.1,0,0,0.1,0.5,0.1,0.3,44.7
18,98,1,2,1.2,0.4,0,0,0,1.2,0.5,1,121.6
19,98,1,2,0.9,0.2,0.1,0,0.1,0.9,0.2,0.7,85.7
22,98,1,8,3.7,0.7,0.2,0,0.2,3.7,0.7,3,342.6
23,98,1,13,5.9,1.1,0.4,0,0.4,5.9,1.1,4.8,556.8
24,98,1,26,10.2,2.4,0.8,0,0.8,10.2,1.6,7.1,972.2
25,98,1,2,0.8,0.2,0.1,0,0.1,0.8,0.1,0.5,74.8
31,98,1,2,0.9,0.2,0.1,0,0,0.9,0.3,0.8,82.5
32,98,1,3,1.4,0.2,0.1,0,0,1.4,0.5,1.3,123.8
38,98,1,4,1.9,0.4,0,0,0,1.9,0.3,1.2,165.8
39,98,1,4,2.2,0.7,0,0,0.1,2.2,0.3,1.6,223.7
41,98,1,2,1.1,0.3,0,0,0.1,1.1,0.2,0.8,111.9
42,98,1,18,9.8,3,0,0,0.6,9.8,1.4,7.4,1006.8
43,98,1,4,2.2,0.7,0,0,0.1,2.2,0.3,1.6,223.7
62,98,1,1,0.4,0.1,0,0,0,0.4,0,0.3,33.9
66,98,1,3,1.4,0.4,0,0,0,1.4,0.4,1.4,141.7
67,98,1,3,1.4,0.4,0,0,0,1.4,0.4,1.4,141.7
80,98,1,1,0.5,0.2,0,0,0,0.5,0.1,0.3,43
81,98,1,1,0.5,0.2,0,0,0,0.5,0.1,0.3,43
86,98,1,1.5,0.8,0.3,0,0.1,0,0.7,0.2,0.6,73.8
88,98,1,15,7.7,2.8,0.3,0.5,0.3,7.2,2.2,5.7,738.4
89,98,1,3,1.2,0.3,0.2,0,0,1.2,0.1,0.9,121
90,98,1,20,8.2,1.8,1,0.3,0.3,7.9,0.5,5.9,806.4
91,98,1,17,7,1.5,0.9,0.2,0.2,6.8,0.4,5,685.4
92,98,1,3,1.2,0.3,0.2,0,0,1.2,0.1,0.9,121
93,98,1,2,0.8,0.2,0.1,0,0,0.8,0.1,0.6,80.6
94,98,1,1,0.4,0.1,0,0,0,0.4,0.1,0.2,31.8
98,98,1,1,0.4,0.1,0,0,0,0.4,0.1,0.2,31.8
102,98,1,3,1.2,0.3,0.1,0,0.1,1.2,0.3,0.7,95.4
105,98,1,4,1.5,0.3,0.1,0,0.1,1.5,0.1,1.2,151.6
109,98,1,1,0.4,0.1,0,0,0,0.4,0,0.4,44.9
110,98,1,2,0.9,0.2,0.1,0,0,0.9,0.1,0.9,89.7
111,98,1,27,12.1,2.3,1.1,0,0.6,12.1,1.1,11.5,1211
112,98,0,52,28,16,1,4,1,24,10,16,2535
113,98,0,30,19,11,0,2,1,17,2,9,1646
114,98,1,14,5.4,0.8,0.8,0,0.4,5.4,0.4,3.3,647.3
125,98,1,3,1.4,0.5,0.1,0,0.1,1.4,0.3,1.1,150.2
0,99,1,3,1,0.1,0.2,0,0.1,1,0.1,0.9,113.1
3,99,1,2,0.7,0.1,0.1,0,0,0.7,0.1,0.6,75.4
4,99,1,1,0.5,0.1,0,0,0.1,0.5,0.1,0.3,44.7
5,99,1,3,1.4,0.4,0,0,0.2,1.4,0.3,1,134
8,99,1,2,1,0.3,0,0,0.1,1,0.2,0.7,89.3
20,99,1,3,1.4,0.3,0.1,0,0.1,1.4,0.3,1.1,128.5
21,99,1,2,0.9,0.2,0.1,0,0.1,0.9,0.2,0.7,85.7
24,99,1,5,2,0.5,0.2,0,0.2,2,0.3,1.4,187
35,99,1,1,0.5,0.1,0,0,0,0.5,0.1,0.3,41.4
40,99,1,4,2.2,0.7,0,0,0.1,2.2,0.3,1.6,223.7
41,99,1,2,1.1,0.3,0,0,0.1,1.1,0.2,0.8,111.9
42,99,1,12,6.5,2,0,0,0.4,6.5,0.9,4.9,671.2
43,99,1,18,9.8,3,0,0,0.6,9.8,1.4,7.4,1006.8
47,99,1,2,0.9,0.4,0.1,0,0.1,0.9,0.1,0.9,100.2
53,99,1,8,3.6,1.4,0.3,0,0.3,3.6,0.3,3.5,400.8
54,99,1,8,3,0.6,0.3,0,0.1,3,0.3,2.4,271.1
56,99,1,1,0.4,0.1,0,0,0,0.4,0,0.3,33.9
58,99,1,2,0.7,0.1,0.1,0,0,0.7,0.1,0.6,67.8
61,99,1,2,0.7,0.1,0.1,0,0,0.7,0.1,0.6,67.8
65,99,1,4,1.9,0.6,0,0,0,1.9,0.6,1.9,189
67,99,1,3,1.4,0.4,0,0,0,1.4,0.4,1.4,141.7
73,99,1,1,0.5,0.1,0,0,0,0.5,0.1,0.5,47.2
75,99,1,1,0.5,0.2,0,0,0,0.5,0.1,0.3,43
76,99,1,2,0.9,0.5,0.1,0,0,0.9,0.2,0.5,86
81,99,1,3,1.4,0.7,0.1,0,0.1,1.4,0.4,0.8,129
84,99,1,1,0.5,0.2,0,0,0,0.5,0.1,0.4,49.2
87,99,1,6,3.1,1.1,0.1,0.2,0.1,2.9,0.9,2.3,295.4
88,99,0,59,38,26,1,7,2,31,8,27,2863
89,99,0,26,15,6,0,3,2,12,1,10,1325
90,99,0,48,25,12,1,8,1,17,6,15,1771
91,99,1,22,9,2,1.1,0.3,0.3,8.7,0.6,6.5,887.1
92,99,1,2,0.8,0.2,0.1,0,0,0.8,0.1,0.6,80.6
93,99,1,7,2.9,0.6,0.4,0.1,0.1,2.8,0.2,2.1,282.2
95,99,1,3,1.2,0.3,0.1,0,0.1,1.2,0.3,0.7,95.4
97,99,1,3,1.2,0.3,0.1,0,0.1,1.2,0.3,0.7,95.4
98,99,1,2,0.8,0.2,0,0,0.1,0.8,0.2,0.5,63.6
104,99,1,2,0.8,0.1,0.1,0,0.1,0.8,0.1,0.6,75.8
105,99,1,6,2.3,0.4,0.2,0,0.2,2.3,0.2,1.7,227.4
106,99,1,6,2.3,0.4,0.2,0,0.2,2.3,0.2,1.7,227.4
107,99,1,2,0.8,0.1,0.1,0,0.1,0.8,0.1,0.6,75.8
111,99,1,8,3.6,0.7,0.3,0,0.2,3.6,0.3,3.4,358.8
112,99,1,5,2.2,0.4,0.2,0,0.1,2.2,0.2,2.1,224.3
113,99,0,27,13,6,1,2,1,11,0,8,1270
114,99,0,37,14,2,2,0,1,14,1,10,1359
116,99,1,8,3.1,0.5,0.5,0,0.2,3.1,0.2,1.9,369.9
123,99,1,2,1.3,0.7,0,0,0,1.3,0.2,1,121.9
2,100,1,5,1.7,0.2,0.3,0,0.1,1.7,0.2,1.5,188.5
3,100,1,7,2.4,0.3,0.4,0,0.1,2.4,0.3,2.1,263.9
7,100,1,2,1,0.3,0,0,0.1,1,0.2,0.7,89.3
8,100,1,5.5,2.6,0.7,0.1,0,0.4,2.6,0.6,1.8,245.6
9,100,1,2,1,0.3,0,0,0.1,1,0.2,0.7,89.3
17,100,1,1,0.6,0.2,0,0,0,0.6,0.3,0.5,60.8
22,100,1,3,1.4,0.3,0.1,0,0.1,1.4,0.3,1.1,128.5
29,100,1,6,2.8,0.5,0.2,0,0,2.8,0.9,2.5,247.6
36,100,1,3,1.4,0.3,0,0,0,1.4,0.2,0.9,124.3
37,100,1,4,1.9,0.4,0,0,0,1.9,0.3,1.2,165.8
41,100,1,2,1.1,0.3,0,0,0.1,1.1,0.2,0.8,111.9
42,100,0,58,14,0,4,0,1,14,2,10,1568
43,100,1,7,3.8,1.2,0,0,0.2,3.8,0.5,2.9,391.5
45,100,1,11,5,1.9,0.4,0,0.4,5,0.4,4.8,551.2
46,100,1,5,2.3,0.9,0.2,0,0.2,2.3,0.2,2.2,250.5
48,100,1,1,0.5,0.2,0,0,0,0.5,0,0.4,50.1
58,100,1,2,0.7,0.1,0.1,0,0,0.7,0.1,0.6,67.8
69,100,1,2,1,0.3,0,0,0,1,0.3,1,94.5
70,100,1,2,1,0.3,0,0,0,1,0.3,1,94.5
73,100,1,3,1.4,0.4,0,0,0,1.4,0.4,1.4,141.7
74,100,1,1,0.5,0.2,0,0,0,0.5,0.1,0.3,43
76,100,1,2,0.9,0.5,0.1,0,0,0.9,0.2,0.5,86
82,100,1,2,0.9,0.5,0.1,0,0,0.9,0.2,0.5,86
84,100,1,5,2.6,0.9,0.1,0.2,0.1,2.4,0.7,1.9,246.1
86,100,1,9,4.6,1.7,0.2,0.3,0.2,4.3,1.3,3.4,443.1
87,100,0,37,17,7,1,1,3,16,1,15,1601
88,100,0,49,28,13,0,2,2,26,6,20,2635
89,100,0,53.5,33,20,1,2,5,31,6,5,2423
90,100,0,15,11,7,0,5,0,6,2,6,709
91,100,0,73,40,22,1,0,2,40,13,1,2841
95,100,1,2,0.8,0.2,0,0,0.1,0.8,0.2,0.5,63.6
104,100,1,2,0.8,0.1,0.1,0,0.1,0.8,0.1,0.6,75.8
106,100,1,6,2.3,0.4,0.2,0,0.2,2.3,0.2,1.7,227.4
112,100,1,2,0.9,0.2,0.1,0,0,0.9,0.1,0.9,89.7
115,100,1,1,0.4,0.1,0.1,0,0,0.4,0,0.2,46.2
7,101,1,1,0.5,0.1,0,0,0.1,0.5,0.1,0.3,44.7
21,101,1,2,0.9,0.2,0.1,0,0.1,0.9,0.2,0.7,85.7
33,101,1,2,0.9,0.2,0.1,0,0,0.9,0.3,0.8,82.5
34,101,1,2,0.9,0.2,0,0,0,0.9,0.2,0.6,82.9
36,101,1,2,0.9,0.2,0,0,0,0.9,0.2,0.6,82.9
40,101,1,2,1.1,0.3,0,0,0.1,1.1,0.2,0.8,111.9
42,101,1,8,4.4,1.3,0,0,0.3,4.4,0.6,3.3,447.5
43,101,1,2,1.1,0.3,0,0,0.1,1.1,0.2,0.8,111.9
48,101,1,5,2.3,0.9,0.2,0,0.2,2.3,0.2,2.2,250.5
53,101,1,1,0.5,0.2,0,0,0,0.5,0,0.4,50.1
63,101,1,2,0.7,0.1,0.1,0,0,0.7,0.1,0.6,67.8
64,101,1,1,0.5,0.1,0,0,0,0.5,0.1,0.5,47.2
76,101,1,4,1.9,1,0.2,0,0.1,1.9,0.5,1.1,172
87,101,1,26,13.4,4.9,0.6,0.9,0.6,12.5,3.8,9.9,1280
88,101,0,52,19,4,3,0,1,19,4,17,2006
89,101,0,24,16,9,0,0,0,16,0,13,1489
100,101,1,5,2,0.5,0.1,0,0.2,2,0.5,1.2,159
101,101,1,2,0.8,0.2,0,0,0.1,0.8,0.2,0.5,63.6
102,101,1,3,1.2,0.3,0.1,0,0.1,1.2,0.3,0.7,95.4
103,101,1,8,3.2,0.8,0.2,0,0.4,3.2,0.8,1.9,254.5
116,101,1,4,1.5,0.2,0.2,0,0.1,1.5,0.1,0.9,184.9
119,101,1,3,1.9,1.1,0,0,0,1.9,0.3,1.4,182.8
126,101,1,1,0.5,0.2,0,0,0,0.5,0.1,0.4,50.1
0,102,1,3,1,0.1,0.2,0,0.1,1,0.1,0.9,113.1
10,102,1,6,2.9,0.8,0.1,0,0.4,2.9,0.7,2,268
11,102,1,3,1.4,0.4,0,0,0.2,1.4,0.3,1,134
15,102,1,1,0.6,0.2,0,0,0,0.6,0.3,0.5,60.8
20,102,1,2,0.9,0.2,0.1,0,0.1,0.9,0.2,0.7,85.7
33,102,1,2,0.9,0.2,0.1,0,0,0.9,0.3,0.8,82.5
34,102,1,2,0.9,0.2,0,0,0,0.9,0.2,0.6,82.9
39,102,1,2,1.1,0.3,0,0,0.1,1.1,0.2,0.8,111.9
41,102,1,2,1.1,0.3,0,0,0.1,1.1,0.2,0.8,111.9
42,102,1,1,0.5,0.2,0,0,0,0.5,0.1,0.4,55.9
55,102,1,2,0.7,0.1,0.1,0,0,0.7,0.1,0.6,67.8
60,102,1,3,1.1,0.2,0.1,0,0.1,1.1,0.1,0.9,101.7
61,102,1,4,1.5,0.3,0.1,0,0.1,1.5,0.1,1.2,135.6
79,102,1,4,1.9,1,0.2,0,0.1,1.9,0.5,1.1,172
83,102,1,5,2.3,1.2,0.2,0,0.1,2.3,0.6,1.3,215
84,102,1,1,0.5,0.2,0,0,0,0.5,0.1,0.4,49.2
85,102,1,3,1.5,0.6,0.1,0.1,0.1,1.4,0.4,1.1,147.7
86,102,1,2,1,0.4,0,0.1,0,0.9,0.3,0.8,98.5
88,102,1,2,1,0.4,0,0.1,0,0.9,0.3,0.8,98.5
93,102,1,2,0.8,0.2,0.1,0,0,0.8,0.1,0.6,80.6
99,102,1,4,1.6,0.4,0.1,0,0.2,1.6,0.4,1,127.2
107,102,1,3,1.2,0.2,0.1,0,0.1,1.2,0.1,0.9,113.7
113,102,1,2,0.9,0.2,0.1,0,0,0.9,0.1,0.9,89.7
117,102,1,7,2.7,0.4,0.4,0,0.2,2.7,0.2,1.6,323.6
122,102,1,2,1.3,0.7,0,0,0,1.3,0.2,1,121.9
127,102,1,2,0.9,0.3,0,0,0,0.9,0.2,0.7,100.1
5,103,1,2,1,0.3,0,0,0.1,1,0.2,0.7,89.3
10,103,1,2,1,0.3,0,0,0.1,1,0.2,0.7,89.3
11,103,1,1,0.5,0.1,0,0,0.1,0.5,0.1,0.3,44.7
12,103,1,2,1,0.3,0,0,0.1,1,0.2,0.7,89.3
20,103,1,1,0.5,0.1,0,0,0,0.5,0.1,0.2,44.4
22,103,1,3,1.4,0.4,0.1,0,0.1,1.4,0.2,0.8,133.2
34,103,1,1,0.5,0.1,0,0,0,0.5,0.1,0.3,41.4
37,103,1,2,0.9,0.2,0,0,0,0.9,0.2,0.6,82.9
38,103,1,3,1.4,0.3,0,0,0,1.4,0.2,0.9,124.3
41,103,1,8,2.7,0.4,0.2,0,0,2.7,0.8,2.1,262.6
44,103,1,4,1.8,0.7,0.1,0,0.1,1.8,0.1,1.8,200.4
46,103,1,1,0.5,0.2,0,0,0,0.5,0,0.4,50.1
47,103,1,1,0.5,0.2,0,0,0,0.5,0,0.4,50.1
48,103,1,1,0.5,0.2,0,0,0,0.5,0,0.4,50.1
50,103,1,1,0.5,0.2,0,0,0,0.5,0,0.4,50.1
53,103,1,1,0.5,0.2,0,0,0,0.5,0,0.4,50.1
61,103,1,2,0.7,0.1,0.1,0,0,0.7,0.1,0.6,67.8
62,103,1,1,0.4,0.1,0,0,0,0.4,0,0.3,33.9
63,103,1,4,1.5,0.3,0.1,0,0.1,1.5,0.1,1.2,135.6
65,103,1,2,1,0.3,0,0,0,1,0.3,1,112.5
75,103,1,4,1.9,1,0.2,0,0.1,1.9,0.5,1.1,172
79,103,1,1,0.4,0.1,0,0,0,0.4,0.1,0.3,45.5
84,103,1,2,1,0.4,0,0.1,0,0.9,0.3,0.8,98.5
86,103,1,2,1,0.4,0,0.1,0,0.9,0.3,0.8,98.5
90,103,1,2,1,0.4,0,0.1,0,0.9,0.3,0.8,98.5
94,103,1,3,1.2,0.4,0.1,0,0.1,1.2,0.2,1.1,113.2
98,103,1,4,1.6,0.5,0.1,0,0.1,1.6,0.2,1.5,150.9
100,103,1,1,0.4,0.1,0,0,0,0.4,0.1,0.2,31.8
108,103,1,5,2.6,1.2,0.1,0,0.2,2.6,0.5,1.7,250.8
118,103,1,6,3.8,2.2,0,0,0,3.8,0.7,2.9,365.6
127,103,1,2,0.9,0.3,0,0,0,0.9,0.2,0.7,100.1
1,104,1,3,1.3,0.4,0.1,0,0.1,1.3,0,1.2,137.5
2,104,1,3,1.3,0.4,0.1,0,0.1,1.3,0,1.2,137.5
9,104,1,2,1,0.3,0,0,0.1,1,0.2,0.7,89.3
10,104,1,1,0.5,0.1,0,0,0.1,0.5,0.1,0.3,44.7
16,104,1,2,1.2,0.4,0,0,0,1.2,0.5,1,121.6
18,104,1,3,1.8,0.7,0,0,0,1.8,0.8,1.4,182.3
20,104,1,6,2.8,0.9,0.2,0,0.2,2.8,0.4,1.5,266.4
34,104,1,6,2.8,0.7,0,0,0,2.8,0.5,1.8,248.7
40,104,1,3,1,0.1,0.1,0,0,1,0.3,0.8,98.5
41,104,1,15,5.1,0.7,0.4,0,0,5.1,1.5,4,492.4
44,104,1,2,0.9,0.4,0.1,0,0.1,0.9,0.1,0.9,100.2
51,104,1,2,0.9,0.4,0.1,0,0.1,0.9,0.1,0.9,100.2
69,104,1,3,1.4,0.4,0,0,0,1.4,0.4,1.4,141.7
71,104,1,2,1,0.3,0,0,0,1,0.3,1,94.5
74,104,1,2,0.9,0.5,0.1,0,0,0.9,0.2,0.5,86
79,104,1,10,4.2,0.7,0.2,0,0,4.2,1.2,3.5,455.3
80,104,1,4,1.7,0.3,0.1,0,0,1.7,0.5,1.4,182.1
81,104,1,2,0.8,0.1,0,0,0,0.8,0.2,0.7,91.1
83,104,1,2,0.8,0.1,0,0,0,0.8,0.2,0.7,91.1
99,104,1,2,0.8,0.2,0,0,0.1,0.8,0.2,0.5,63.6
110,104,1,1,0.5,0.2,0,0,0,0.5,0.1,0.3,50.2
112,104,1,1,0.5,0.2,0,0,0,0.5,0.1,0.3,50.2
113,104,1,5,2.6,1.2,0.1,0,0.2,2.6,0.5,1.7,250.8
117,104,1,8,5,3,0,0,0,5,0.9,3.9,487.4
126,104,1,2,0.9,0.3,0,0,0,0.9,0.2,0.7,100.1
127,104,1,1,0.5,0.2,0,0,0,0.5,0.1,0.4,50.1
0,105,1,4,1.7,0.5,0.1,0,0.1,1.7,0,1.5,183.3
1,105,1,22,9.5,2.9,0.5,0,0.5,9.5,0,8.5,1008.3
2,105,1,5,2.2,0.7,0.1,0,0.1,2.2,0,1.9,229.2
14,105,1,3,1.8,0.7,0,0,0,1.8,0.8,1.4,182.3
24,105,1,2,0.9,0.2,0.1,0,0,0.9,0.3,0.8,82.5
25,105,1,2,0.9,0.2,0.1,0,0,0.9,0.3,0.8,82.5
30,105,1,2,0.9,0.2,0.1,0,0,0.9,0.3,0.8,82.5
34,105,1,4,1.9,0.4,0,0,0,1.9,0.3,1.2,165.8
35,105,1,2,0.9,0.2,0,0,0,0.9,0.2,0.6,82.9
43,105,1,2,0.7,0.1,0,0,0,0.7,0.2,0.5,65.7
48,105,1,4,1.8,0.7,0.1,0,0.1,1.8,0.1,1.8,200.4
49,105,1,2,0.9,0.4,0.1,0,0.1,0.9,0.1,0.9,100.2
50,105,1,1,0.5,0.2,0,0,0,0.5,0,0.4,50.1
56,105,1,2,0.7,0.1,0.1,0,0,0.7,0.1,0.6,67.8
58,105,1,4,1.5,0.3,0.1,0,0.1,1.5,0.1,1.2,135.6
67,105,1,6,2.9,0.8,0,0,0,2.9,0.8,2.9,337.6
75,105,1,1,0.5,0.2,0,0,0,0.5,0.1,0.3,43
80,105,1,2,0.8,0.1,0,0,0,0.8,0.2,0.7,91.1
81,105,1,3,1.3,0.2,0.1,0,0,1.3,0.3,1,136.6
92,105,1,2,1,0.4,0,0.1,0,0.9,0.3,0.8,98.5
93,105,1,2,1,0.4,0,0.1,0,0.9,0.3,0.8,98.5
95,105,1,9,3.7,1.1,0.3,0,0.3,3.7,0.6,3.4,339.5
96,105,1,4,1.6,0.5,0.1,0,0.1,1.6,0.2,1.5,150.9
98,105,1,1,0.4,0.1,0,0,0,0.4,0.1,0.4,37.7
116,105,1,1,0.6,0.4,0,0,0,0.6,0.1,0.5,60.9
117,105,1,1,0.6,0.4,0,0,0,0.6,0.1,0.5,60.9
0,106,1,12,5.2,1.6,0.3,0,0.3,5.2,0,4.6,550
1,106,1,14,6.1,1.9,0.3,0,0.3,6.1,0,5.4,641.6
2,106,1,1,0.4,0.1,0,0,0,0.4,0,0.4,45.8
7,106,1,8,3.8,1.1,0.1,0,0.5,3.8,0.9,2.6,357.3
9,106,1,5,2.4,0.7,0.1,0,0.3,2.4,0.6,1.7,223.3
12,106,1,5,2.4,0.7,0.1,0,0.3,2.4,0.6,1.7,223.3
14,106,1,2,1.2,0.4,0,0,0,1.2,0.5,1,121.6
16,106,1,6,3.7,1.3,0,0,0,3.7,1.6,2.9,364.7
19,106,1,1,0.5,0.1,0,0,0,0.5,0.1,0.2,44.4
22,106,1,1,0.5,0.1,0,0,0,0.5,0.1,0.2,44.4
30,106,1,1,0.5,0.1,0,0,0,0.5,0.2,0.4,41.3
33,106,1,2,0.9,0.2,0.1,0,0,0.9,0.3,0.8,82.5
40,106,1,7,2.4,0.3,0.2,0,0,2.4,0.7,1.9,229.8
51,106,1,2,0.9,0.4,0.1,0,0.1,0.9,0.1,0.9,100.2
56,106,1,5,1.9,0.4,0.2,0,0.1,1.9,0.2,1.5,169.4
61,106,1,5,1.9,0.4,0.2,0,0.1,1.9,0.2,1.5,169.4
64,106,1,2,1,0.3,0,0,0,1,0.3,1,112.5
67,106,1,6,2.9,0.8,0,0,0,2.9,0.8,2.9,337.6
68,106,1,5,2.4,0.7,0,0,0,2.4,0.7,2.4,281.3
72,106,1,2,1,0.3,0,0,0,1,0.3,1,94.5
74,106,1,1,0.5,0.2,0,0,0,0.5,0.1,0.3,43
75,106,1,5,2.3,1.2,0.2,0,0.1,2.3,0.6,1.3,215
76,106,1,2,0.9,0.5,0.1,0,0,0.9,0.2,0.5,86
79,106,1,4,1.7,0.3,0.1,0,0,1.7,0.5,1.4,182.1
80,106,1,7,2.9,0.5,0.2,0,0,2.9,0.8,2.4,318.7
81,106,1,5,2.1,0.3,0.1,0,0,2.1,0.6,1.7,227.7
82,106,1,2,0.8,0.1,0,0,0,0.8,0.2,0.7,91.1
87,106,1,2,1,0.4,0,0.1,0,0.9,0.3,0.8,98.5
89,106,1,2,1,0.4,0,0.1,0,0.9,0.3,0.8,98.5
98,106,1,2,0.8,0.2,0.1,0,0.1,0.8,0.1,0.8,75.4
101,106,1,2,0.8,0.2,0,0,0.1,0.8,0.2,0.5,63.6
105,106,1,3,1.5,0.7,0.1,0,0.1,1.5,0.3,1,150.5
107,106,1,1,0.5,0.2,0,0,0,0.5,0.1,0.3,50.2
109,106,1,2,1,0.5,0,0,0.1,1,0.2,0.7,100.3
110,106,1,10,5.1,2.3,0.2,0,0.5,5.1,0.9,3.5,501.6
117,106,1,1,0.6,0.4,0,0,0,0.6,0.1,0.5,60.9
123,106,1,2,1.3,0.7,0,0,0,1.3,0.2,1,121.9
2,107,1,8,3.5,1.1,0.2,0,0.2,3.5,0,3.1,366.7
3,107,1,3,1.3,0.4,0.1,0,0.1,1.3,0,1.2,137.5
7,107,1,3,1.4,0.4,0,0,0.2,1.4,0.3,1,134
9,107,1,2,1,0.3,0,0,0.1,1,0.2,0.7,89.3
11,107,1,1,0.5,0.1,0,0,0.1,0.5,0.1,0.3,44.7
14,107,1,2,1.2,0.4,0,0,0,1.2,0.5,1,121.6
15,107,1,1,0.6,0.2,0,0,0,0.6,0.3,0.5,60.8
20,107,1,3,1.4,0.4,0.1,0,0.1,1.4,0.2,0.8,133.2
21,107,1,9,4.2,1.3,0.3,0,0.3,4.2,0.6,2.2,399.5
22,107,1,4,1.9,0.6,0.1,0,0.1,1.9,0.3,1,177.6
26,107,1,2,0.9,0.2,0.1,0,0,0.9,0.3,0.8,82.5
42,107,1,5,1.7,0.2,0.1,0,0,1.7,0.5,1.3,164.1
43,107,1,1,0.3,0,0,0,0,0.3,0.1,0.3,32.8
45,107,1,2,0.9,0.4,0.1,0,0.1,0.9,0.1,0.9,100.2
54,107,1,4,1.5,0.3,0.1,0,0.1,1.5,0.1,1.2,135.6
67,107,1,2,1,0.3,0,0,0,1,0.3,1,112.5
81,107,1,1,0.4,0.1,0,0,0,0.4,0.1,0.3,45.5
86,107,1,2,1,0.4,0,0.1,0,0.9,0.3,0.8,98.5
89,107,1,2,1,0.4,0,0.1,0,0.9,0.3,0.8,98.5
94,107,1,5,2,0.6,0.2,0,0.2,2,0.3,1.9,188.6
98,107,1,4,1.6,0.5,0.1,0,0.1,1.6,0.2,1.5,150.9
104,107,1,2,1,0.5,0,0,0.1,1,0.2,0.7,100.3
105,107,1,2,1,0.5,0,0,0.1,1,0.2,0.7,100.3
107,107,1,3,1.5,0.7,0.1,0,0.1,1.5,0.3,1,150.5
108,107,1,4,2,0.9,0.1,0,0.2,2,0.4,1.4,200.7
109,107,1,3,1.5,0.7,0.1,0,0.1,1.5,0.3,1,150.5
110,107,1,1,0.5,0.2,0,0,0,0.5,0.1,0.3,50.2
117,107,1,1,0.6,0.4,0,0,0,0.6,0.1,0.5,60.9
0,108,1,2,0.9,0.2,0,0,0,0.9,0.1,0.9,99.6
2,108,1,4,1.8,0.4,0,0,0.1,1.8,0.1,1.8,199.1
3,108,1,3,1.4,0.3,0,0,0.1,1.4,0.1,1.3,149.3
4,108,1,2,1,0.4,0.1,0,0,1,0.1,1,102.3
7,108,1,2,1,0.4,0.1,0,0,1,0.1,1,102.3
12,108,1,1,0.5,0.2,0,0,0,0.5,0.1,0.5,54.2
20,108,1,3,1.5,0.4,0,0,0.1,1.5,0.1,1,130.9
25,108,1,1,0.6,0.4,0,0,0,0.6,0.2,0.5,46.1
28,108,1,2,1.2,0.8,0.1,0,0.1,1.2,0.4,1.1,92.2
29,108,1,8,3.1,0.5,0.5,0,0.3,3.1,0.8,2.3,283.6
35,108,1,1,0.5,0.1,0,0,0.1,0.5,0.1,0.4,51
36,108,1,2,1,0.3,0,0,0.1,1,0.1,0.8,102
37,108,1,2,1,0.3,0,0,0.1,1,0.1,0.8,102
39,108,1,1,0.5,0.1,0,0,0,0.5,0.1,0.3,41.7
40,108,1,3,1.4,0.4,0.1,0,0,1.4,0.2,1,125.1
45,108,1,2,1,0.4,0,0,0,1,0.2,0.8,100.6
46,108,1,1,0.5,0.2,0,0,0,0.5,0.1,0.4,50.3
49,108,1,4,2,0.8,0,0,0.1,2,0.3,1.5,201.1
51,108,1,1,0.5,0.2,0,0,0,0.5,0.1,0.4,50.3
52,108,1,1,0.5,0.2,0,0,0,0.5,0.1,0.4,50.3
57,108,1,2,0.9,0.4,0.1,0,0,0.9,0.2,0.8,89.1
60,108,1,2,1,0.4,0.1,0,0.1,1,0.2,0.7,91.8
61,108,1,3,1.5,0.5,0.1,0,0.1,1.5,0.2,1.1,137.8
62,108,1,7,3.6,1.3,0.2,0,0.2,3.6,0.6,2.5,321.4
67,108,1,2,0.8,0.2,0.1,0,0,0.8,0.1,0.7,80.7
71,108,1,1,0.4,0.1,0,0,0,0.4,0.1,0.4,40.4
80,108,1,4,1.5,0.5,0.1,0,0.1,1.5,0.4,1.4,129.2
86,108,1,4,2,0.9,0.1,0,0.2,2,0.5,1.6,174.3
92,108,1,2,1,0.5,0,0,0.1,1,0.2,0.8,87.2
103,108,1,1,0.5,0.1,0,0,0.1,0.5,0.1,0.4,41.4
107,108,1,4,2,0.9,0.1,0,0.1,2,0.5,1.3,204.5
110,108,1,1,0.5,0.2,0,0,0,0.5,0.1,0.3,51.1
116,108,1,2,0.8,0.1,0.1,0,0.1,0.8,0.2,0.7,88.3
120,108,1,4,1.6,0.3,0.2,0,0.3,1.6,0.3,1.4,176.7
124,108,1,1,0.5,0.3,0,0,0,0.5,0.1,0.5,46.4
125,108,1,1,0.5,0.3,0,0,0,0.5,0.1,0.5,46.4
1,109,1,2,0.9,0.2,0,0,0,0.9,0.1,0.9,99.6
13,109,1,5,2.7,1.1,0,0,0,2.7,0.3,2.6,271.1
17,109,1,3,1.1,0.1,0.1,0,0.2,1.1,0.1,1.1,118.5
18,109,1,1,0.4,0,0,0,0.1,0.4,0,0.4,39.5
24,109,1,1,0.6,0.4,0,0,0,0.6,0.2,0.5,46.1
25,109,1,6,3.5,2.5,0.3,0,0.3,3.5,1.1,3.3,276.5
31,109,1,2,0.8,0.1,0.1,0,0.1,0.8,0.2,0.6,70.9
34,109,1,4,2.1,0.5,0,0,0.3,2.1,0.3,1.6,204.1
35,109,1,8.5,4.5,1.1,0,0,0.6,4.5,0.6,3.3,433.6
39,109,1,2,0.9,0.3,0.1,0,0,0.9,0.1,0.7,83.4
42,109,1,4,1.8,0.6,0.1,0,0,1.8,0.2,1.4,166.9
49,109,1,4,2,0.8,0,0,0.1,2,0.3,1.5,201.1
50,109,1,1,0.5,0.2,0,0,0,0.5,0.1,0.4,50.3
56,109,1,5,2.4,0.9,0.1,0,0.1,2.4,0.4,2,222.6
57,109,1,4,1.9,0.7,0.1,0,0.1,1.9,0.4,1.6,178.1
60,109,1,18,9.2,3.2,0.5,0,0.5,9.2,1.5,6.5,826.5
61,109,0,18,13,8,0,0,2,13,2,10,1228
62,109,1,21,10.7,3.8,0.6,0,0.6,10.7,1.7,7.5,964.3
65,109,1,4,1.5,0.4,0.1,0,0.1,1.5,0.2,1.5,161.5
66,109,1,2,0.8,0.2,0.1,0,0,0.8,0.1,0.7,80.7
70,109,1,8,3.1,0.7,0.2,0,0.1,3.1,0.5,3,323
74,109,1,1,0.4,0.1,0,0,0,0.4,0.1,0.4,32.3
88,109,1,2,1,0.5,0,0,0.1,1,0.2,0.8,87.2
89,109,1,4,2,0.9,0.1,0,0.2,2,0.5,1.6,174.3
99,109,1,5,2.4,0.7,0,0,0.3,2.4,0.7,1.8,207.2
102,109,1,3,1.5,0.4,0,0,0.2,1.5,0.4,1.1,124.3
103,109,1,3,1.5,0.4,0,0,0.2,1.5,0.4,1.1,124.3
105,109,1,4,2,0.9,0.1,0,0.1,2,0.5,1.3,204.5
107,109,1,8,3.9,1.8,0.2,0,0.2,3.9,1.1,2.7,409.1
111,109,1,5,2.4,1.1,0.1,0,0.1,2.4,0.7,1.7,255.7
113,109,1,1,0.5,0.2,0,0,0,0.5,0.1,0.3,51.1
0,110,1,7,3.2,0.6,0.1,0,0.2,3.2,0.2,3.1,348.5
2,110,1,3,1.4,0.3,0,0,0.1,1.4,0.1,1.3,149.3
3,110,1,1,0.5,0.1,0,0,0,0.5,0,0.4,49.8
6,110,1,2,1,0.4,0.1,0,0,1,0.1,1,102.3
7,110,1,2,1,0.4,0.1,0,0,1,0.1,1,102.3
11,110,1,3,1.6,0.6,0,0,0,1.6,0.2,1.5,162.6
12,110,1,1,0.5,0.2,0,0,0,0.5,0.1,0.5,54.2
13,110,1,1,0.5,0.2,0,0,0,0.5,0.1,0.5,54.2
14,110,1,2,0.8,0.1,0.1,0,0.1,0.8,0,0.7,79
24,110,1,3,1.8,1.2,0.1,0,0.1,1.8,0.5,1.6,138.3
26,110,1,1,0.6,0.4,0,0,0,0.6,0.2,0.5,46.1
27,110,1,1,0.6,0.4,0,0,0,0.6,0.2,0.5,46.1
28,110,1,1,0.6,0.4,0,0,0,0.6,0.2,0.5,46.1
31,110,1,5,1.9,0.3,0.3,0,0.2,1.9,0.5,1.5,177.3
32,110,1,2,0.8,0.1,0.1,0,0.1,0.8,0.2,0.6,70.9
36,110,1,2,1,0.3,0,0,0.1,1,0.1,0.8,102
37,110,1,1,0.5,0.1,0,0,0.1,0.5,0.1,0.4,51
38,110,1,1,0.5,0.1,0,0,0.1,0.5,0.1,0.4,51
41,110,1,1,0.5,0.1,0,0,0,0.5,0.1,0.3,41.7
43,110,1,1,0.5,0.1,0,0,0,0.5,0.1,0.3,41.7
48,110,1,3,1.5,0.6,0,0,0.1,1.5,0.3,1.1,150.8
57,110,1,7,3.3,1.3,0.2,0,0.1,3.3,0.6,2.8,311.7
60,110,1,12.5,6.4,2.2,0.3,0,0.3,6.4,1,4.5,574
61,110,1,6,3.1,1.1,0.2,0,0.2,3.1,0.5,2.2,275.5
64,110,1,3,1.2,0.3,0.1,0,0,1.2,0.2,1.1,121.1
66,110,1,3,1.2,0.3,0.1,0,0,1.2,0.2,1.1,121.1
76,110,1,3,1.1,0.4,0.1,0,0.1,1.1,0.3,1.1,96.9
77,110,1,1,0.4,0.1,0,0,0,0.4,0.1,0.4,32.3
80,110,1,7,2.7,0.8,0.2,0,0.2,2.7,0.6,2.5,226.1
81,110,1,4,1.5,0.5,0.1,0,0.1,1.5,0.4,1.4,129.2
82,110,1,3,1.1,0.4,0.1,0,0.1,1.1,0.3,1.1,96.9
87,110,1,1,0.5,0.2,0,0,0,0.5,0.1,0.4,43.6
88,110,1,2,1,0.5,0,0,0.1,1,0.2,0.8,87.2
89,110,1,1,0.5,0.2,0,0,0,0.5,0.1,0.4,43.6
100,110,1,2,1,0.3,0,0,0.1,1,0.3,0.7,82.9
116,110,1,2,0.8,0.1,0.1,0,0.1,0.8,0.2,0.7,88.3
119,110,1,2,0.8,0.1,0.1,0,0.1,0.8,0.2,0.7,88.3
126,110,1,1,0.5,0.3,0,0,0,0.5,0.1,0.5,46.4
0,111,0,34,11,1,1,0,2,11,2,10,1128
2,111,1,2,0.9,0.2,0,0,0,0.9,0.1,0.9,99.6
6,111,1,3,1.6,0.7,0.1,0,0,1.6,0.2,1.4,153.4
7,111,1,3,1.6,0.7,0.1,0,0,1.6,0.2,1.4,153.4
13,111,1,2,1.1,0.4,0,0,0,1.1,0.1,1,108.4
16,111,1,12,4.5,0.5,0.5,0,0.8,4.5,0.2,4.2,474
17,111,0,42,17,2,1,0,2,17,3,13,1605
18,111,1,1,0.4,0,0,0,0.1,0.4,0,0.4,39.5
19,111,1,9,4.4,1.2,0,0,0.2,4.4,0.2,3,392.8
20,111,0,32,13,4,1,1,2,12,2,8,1292
21,111,1,16,7.8,2.1,0,0,0.4,7.8,0.4,5.3,698.3
25,111,1,3,1.8,1.2,0.1,0,0.1,1.8,0.5,1.6,138.3
27,111,1,1,0.6,0.4,0,0,0,0.6,0.2,0.5,46.1
29,111,1,7,2.7,0.5,0.5,0,0.2,2.7,0.7,2,248.2
31,111,1,2,0.8,0.1,0.1,0,0.1,0.8,0.2,0.6,70.9
32,111,1,3,1.2,0.2,0.2,0,0.1,1.2,0.3,0.9,106.4
36,111,1,1,0.5,0.1,0,0,0.1,0.5,0.1,0.4,51
44,111,1,5,2.5,0.9,0,0,0.1,2.5,0.4,1.9,251.4
47,111,1,2,1,0.4,0,0,0,1,0.2,0.8,100.6
50,111,1,1,0.5,0.2,0,0,0,0.5,0.1,0.4,50.3
65,111,1,9,3.5,0.8,0.3,0,0.1,3.5,0.6,3.3,363.3
67,111,1,3,1.2,0.3,0.1,0,0,1.2,0.2,1.1,121.1
71,111,1,2,0.8,0.2,0.1,0,0,0.8,0.1,0.7,80.7
84,111,1,1,0.5,0.2,0,0,0,0.5,0.1,0.4,43.6
88,111,1,3,1.5,0.7,0.1,0,0.1,1.5,0.3,1.2,130.7
94,111,1,2,1,0.3,0,0,0.1,1,0.3,0.7,82.9
102,111,1,3,1.5,0.4,0,0,0.2,1.5,0.4,1.1,124.3
108,111,1,1,0.5,0.2,0,0,0,0.5,0.1,0.3,51.1
118,111,1,2,0.8,0.1,0.1,0,0.1,0.8,0.2,0.7,88.3
119,111,1,3,1.2,0.2,0.1,0,0.2,1.2,0.3,1,132.5
126,111,1,2,1.1,0.6,0.1,0,0.1,1.1,0.2,1,92.8
0,112,1,10,4.6,0.9,0.1,0,0.2,4.6,0.3,4.4,497.8
1,112,1,2,0.9,0.2,0,0,0,0.9,0.1,0.9,99.6
2,112,1,4,1.8,0.4,0,0,0.1,1.8,0.1,1.8,199.1
3,112,1,5,2.3,0.4,0.1,0,0.1,2.3,0.2,2.2,248.9
4,112,1,5,2.6,1.1,0.2,0,0,2.6,0.4,2.4,255.7
5,112,1,3,1.6,0.7,0.1,0,0,1.6,0.2,1.4,153.4
6,112,1,5,2.6,1.1,0.2,0,0,2.6,0.4,2.4,255.7
12,112,1,2,1.1,0.4,0,0,0,1.1,0.1,1,108.4
13,112,1,3,1.6,0.6,0,0,0,1.6,0.2,1.5,162.6
14,112,1,3,1.1,0.1,0.1,0,0.2,1.1,0.1,1.1,118.5
15,112,1,7,2.6,0.3,0.3,0,0.4,2.6,0.1,2.5,276.5
17,112,1,14,5.2,0.6,0.6,0,0.9,5.2,0.3,5,553
18,112,1,5,1.9,0.2,0.2,0,0.3,1.9,0.1,1.8,197.5
20,112,1,7,3.4,0.9,0,0,0.2,3.4,0.2,2.3,305.5
21,112,1,4,1.9,0.5,0,0,0.1,1.9,0.1,1.3,174.6
25,112,1,1,0.6,0.4,0,0,0,0.6,0.2,0.5,46.1
27,112,1,1,0.6,0.4,0,0,0,0.6,0.2,0.5,46.1
32,112,1,2,0.8,0.1,0.1,0,0.1,0.8,0.2,0.6,70.9
34,112,1,2,1,0.3,0,0,0.1,1,0.1,0.8,102
37,112,1,3,1.6,0.4,0,0,0.2,1.6,0.2,1.2,153
38,112,1,3,1.6,0.4,0,0,0.2,1.6,0.2,1.2,153
39,112,1,2,0.9,0.3,0.1,0,0,0.9,0.1,0.7,83.4
41,112,1,1,0.5,0.1,0,0,0,0.5,0.1,0.3,41.7
43,112,1,5,2.3,0.7,0.1,0,0,2.3,0.3,1.7,208.6
44,112,1,2,1,0.4,0,0,0,1,0.2,0.8,100.6
47,112,1,1,0.5,0.2,0,0,0,0.5,0.1,0.4,50.3
48,112,1,1,0.5,0.2,0,0,0,0.5,0.1,0.4,50.3
50,112,1,4,2,0.8,0,0,0.1,2,0.3,1.5,201.1
51,112,1,4,2,0.8,0,0,0.1,2,0.3,1.5,201.1
60,112,1,3,1.5,0.5,0.1,0,0.1,1.5,0.2,1.1,137.8
68,112,1,3,1.2,0.3,0.1,0,0,1.2,0.2,1.1,121.1
71,112,1,2,0.8,0.2,0.1,0,0,0.8,0.1,0.7,80.7
74,112,1,4,1.5,0.5,0.1,0,0.1,1.5,0.4,1.4,129.2
93,112,1,1,0.5,0.2,0,0,0,0.5,0.1,0.4,43.6
94,112,1,1,0.5,0.1,0,0,0.1,0.5,0.1,0.4,41.4
95,112,1,2,1,0.3,0,0,0.1,1,0.3,0.7,82.9
102,112,1,3,1.5,0.4,0,0,0.2,1.5,0.4,1.1,124.3
119,112,1,1,0.4,0.1,0,0,0.1,0.4,0.1,0.3,44.2
0,113,1,9,4.4,1.2,0,0.7,0.9,3.7,0.9,3.2,410.5
3,113,1,2,1,0.3,0,0.2,0.2,0.8,0.2,0.7,91.2
4,113,1,24,10.2,2.9,0.7,0,0,10.2,0.7,9.1,1035.6
5,113,1,6,2.5,0.7,0.2,0,0,2.5,0.2,2.3,258.9
6,113,1,8,3.4,1,0.2,0,0,3.4,0.2,3,345.2
7,113,1,6,2.5,0.7,0.2,0,0,2.5,0.2,2.3,258.9
8,113,1,2,0.8,0.2,0.1,0,0,0.8,0.1,0.8,86.3
9,113,1,2,1.1,0.4,0,0,0,1.1,0.1,1,108.4
10,113,1,2,1.1,0.4,0,0,0,1.1,0.1,1,108.4
15,113,1,1,0.4,0.2,0,0,0.1,0.4,0.1,0.4,42.5
48,113,1,3,1.5,0.6,0,0,0.1,1.5,0.3,1.1,150.8
49,113,1,1,0.5,0.2,0,0,0,0.5,0.1,0.4,50.3
55,113,1,2,0.9,0.2,0,0,0.1,0.9,0.1,0.7,95.4
59,113,1,6,2.8,1.1,0.2,0,0.1,2.8,0.5,2.4,267.2
60,113,1,2,0.9,0.4,0.1,0,0,0.9,0.2,0.8,89.1
62,113,1,7,3.3,1.3,0.2,0,0.1,3.3,0.6,2.8,311.7
64,113,1,2,0.9,0.2,0,0,0,0.9,0.1,0.9,95.4
70,113,1,2,0.8,0.2,0.1,0,0,0.8,0.1,0.7,80.7
77,113,1,3,1.1,0.4,0.1,0,0.1,1.1,0.3,1.1,96.9
87,113,1,3,1.5,0.7,0.1,0,0.1,1.5,0.3,1.2,130.7
88,113,1,1,0.5,0.2,0,0,0,0.5,0.1,0.4,43.6
91,113,1,5,2.4,1.2,0.1,0,0.2,2.4,0.6,2,217.9
92,113,1,1,0.5,0.2,0,0,0,0.5,0.1,0.4,43.6
107,113,1,2,1,0.4,0,0,0,1,0.3,0.7,102.3
108,113,1,3,1.5,0.7,0.1,0,0.1,1.5,0.4,1,153.4
118,113,1,10,4,0.7,0.4,0,0.7,4,0.9,3.4,441.7
121,113,1,5,2,0.4,0.2,0,0.4,2,0.4,1.7,220.9
1,114,1,2,1,0.3,0,0.2,0.2,0.8,0.2,0.7,91.2
2,114,1,8,3.9,1,0,0.6,0.8,3.3,0.8,2.9,364.9
3,114,1,6,2.9,0.8,0,0.4,0.6,2.5,0.6,2.2,273.7
4,114,1,3,1.3,0.4,0.1,0,0,1.3,0.1,1.1,129.5
7,114,1,6,2.5,0.7,0.2,0,0,2.5,0.2,2.3,258.9
17,114,1,6,2.7,1.1,0.2,0,0.3,2.7,0.8,2.2,254.8
22,114,1,1,0.4,0.2,0,0,0.1,0.4,0.1,0.4,42.5
24,114,1,4,2,0.9,0,0,0,2,0.3,1.5,197.4
27,114,1,1,0.5,0.2,0,0,0,0.5,0.1,0.4,49.3
38,114,1,2,0.8,0.1,0.1,0,0,0.8,0.2,0.7,77.8
39,114,1,4,1.8,0.6,0.1,0,0,1.8,0.2,1.4,166.9
41,114,1,2,0.9,0.3,0.1,0,0,0.9,0.1,0.7,83.4
53,114,1,3,1.5,0.6,0,0,0.1,1.5,0.3,1.1,150.8
59,114,1,4,1.9,0.7,0.1,0,0.1,1.9,0.4,1.6,178.1
60,114,1,4,1.9,0.7,0.1,0,0.1,1.9,0.4,1.6,178.1
62,114,1,5,2.4,0.9,0.1,0,0.1,2.4,0.4,2,222.6
64,114,1,4,1.9,0.4,0.1,0,0.1,1.9,0.3,1.8,190.9
65,114,1,2,0.9,0.2,0,0,0,0.9,0.1,0.9,95.4
69,114,1,11,4.2,1,0.3,0,0.2,4.2,0.7,4.1,444.1
70,114,1,3,1.2,0.3,0.1,0,0,1.2,0.2,1.1,121.1
77,114,1,1,0.4,0.1,0,0,0,0.4,0.1,0.4,32.3
85,114,1,3,1.5,0.7,0.1,0,0.1,1.5,0.3,1.2,130.7
88,114,1,4,2,0.9,0.1,0,0.2,2,0.5,1.6,174.3
93,114,1,2,1,0.5,0,0,0.1,1,0.2,0.8,87.2
94,114,1,4,1.9,0.5,0,0,0.2,1.9,0.5,1.4,165.7
95,114,1,3,1.5,0.4,0,0,0.2,1.5,0.4,1.1,124.3
99,114,1,3,1.5,0.4,0,0,0.2,1.5,0.4,1.1,124.3
107,114,1,1,0.5,0.2,0,0,0,0.5,0.1,0.3,51.1
108,114,1,1,0.5,0.2,0,0,0,0.5,0.1,0.3,51.1
109,114,1,8,3.9,1.8,0.2,0,0.2,3.9,1.1,2.7,409.1
111,114,1,1,0.5,0.2,0,0,0,0.5,0.1,0.3,51.1
115,114,1,4.5,1.8,0.3,0.2,0,0.3,1.8,0.4,1.5,198.8
126,114,1,1,0.5,0.3,0,0,0,0.5,0.1,0.5,46.4
2,115,1,1,0.5,0.1,0,0.1,0.1,0.4,0.1,0.4,45.6
3,115,1,1,0.5,0.1,0,0.1,0.1,0.4,0.1,0.4,45.6
4,115,1,2,0.8,0.2,0.1,0,0,0.8,0.1,0.8,86.3
11,115,1,7,3.8,1.5,0,0,0,3.8,0.4,3.6,379.5
14,115,1,1,0.4,0.2,0,0,0.1,0.4,0.1,0.4,42.5
17,115,1,8,3.6,1.5,0.2,0,0.4,3.6,1.1,2.9,339.8
22,115,1,6,2.7,1.1,0.2,0,0.3,2.7,0.8,2.2,254.8
27,115,1,6,3,1.4,0,0,0,3,0.5,2.3,296.1
30,115,1,3,1.5,0.7,0,0,0,1.5,0.2,1.2,148
31,115,1,2,1,0.5,0,0,0,1,0.2,0.8,98.7
32,115,1,1,0.5,0.2,0,0,0,0.5,0.1,0.4,49.3
34,115,1,4,1.6,0.3,0.3,0,0.1,1.6,0.4,1.5,155.6
38,115,1,2,0.8,0.1,0.1,0,0,0.8,0.2,0.7,77.8
39,115,1,3,1.4,0.4,0.1,0,0,1.4,0.2,1,125.1
43,115,1,2,0.9,0.3,0.1,0,0,0.9,0.1,0.7,83.4
53,115,1,2,1,0.4,0,0,0,1,0.2,0.8,100.6
57,115,1,4,1.8,0.4,0,0,0.2,1.8,0.2,1.4,190.8
58,115,1,9,4.1,1,0,0,0.4,4.1,0.4,3.1,429.3
59,115,1,11,5.2,2,0.3,0,0.1,5.2,1,4.4,489.8
60,115,1,7,3.3,1.3,0.2,0,0.1,3.3,0.6,2.8,311.7
65,115,1,2,0.9,0.2,0,0,0,0.9,0.1,0.9,95.4
69,115,1,4,1.5,0.4,0.1,0,0.1,1.5,0.2,1.5,161.5
72,115,1,1,0.4,0.1,0,0,0,0.4,0.1,0.4,40.4
73,115,1,1,0.4,0.1,0,0,0,0.4,0.1,0.4,40.4
79,115,1,2,0.8,0.2,0.1,0,0.1,0.8,0.2,0.7,64.6
82,115,1,1,0.4,0.1,0,0,0,0.4,0.1,0.4,32.3
93,115,1,3,1.5,0.7,0.1,0,0.1,1.5,0.3,1.2,130.7
103,115,1,2,1,0.3,0,0,0.1,1,0.3,0.7,82.9
117,115,1,4,1.6,0.3,0.2,0,0.3,1.6,0.3,1.4,176.7
119,115,1,3,1.2,0.2,0.1,0,0.2,1.2,0.3,1,132.5
3,116,1,4,1.9,0.5,0,0.3,0.4,1.6,0.4,1.4,182.5
4,116,1,1,0.4,0.1,0,0,0,0.4,0,0.4,43.2
9,116,1,1,0.5,0.2,0,0,0,0.5,0.1,0.5,54.2
11,116,1,1,0.5,0.2,0,0,0,0.5,0.1,0.5,54.2
17,116,1,2,0.9,0.4,0.1,0,0.1,0.9,0.3,0.7,84.9
18,116,1,5,2.2,0.9,0.1,0,0.3,2.2,0.7,1.8,212.4
22,116,1,3,1.3,0.6,0.1,0,0.2,1.3,0.4,1.1,127.4
23,116,1,1,0.4,0.2,0,0,0.1,0.4,0.1,0.4,42.5
25,116,1,2,1,0.5,0,0,0,1,0.2,0.8,98.7
27,116,1,2,1,0.5,0,0,0,1,0.2,0.8,98.7
31,116,1,4,2,0.9,0,0,0,2,0.3,1.5,197.4
32,116,1,1,0.5,0.2,0,0,0,0.5,0.1,0.4,49.3
37,116,1,4,1.6,0.3,0.3,0,0.1,1.6,0.4,1.5,155.6
40,116,1,4,1.8,0.6,0.1,0,0,1.8,0.2,1.4,166.9
45,116,1,6,3,1.1,0,0,0.1,3,0.5,2.3,301.7
54,116,1,2.5,1.1,0.3,0,0,0.1,1.1,0.1,0.9,119.2
56,116,1,8,3.6,0.9,0,0,0.3,3.6,0.3,2.8,381.6
58,116,0,34.5,14,4,1,0,4,14,1,9,1376
59,116,1,5,2.4,0.9,0.1,0,0.1,2.4,0.4,2,222.6
66,116,1,2,0.9,0.2,0,0,0,0.9,0.1,0.9,95.4
68,116,1,4,1.9,0.4,0.1,0,0.1,1.9,0.3,1.8,190.9
108,116,1,1,0.5,0.2,0,0,0,0.5,0.1,0.3,51.1
120,116,1,2,0.8,0.1,0.1,0,0.1,0.8,0.2,0.7,88.3
123,116,1,3,1.2,0.2,0.1,0,0.2,1.2,0.3,1,132.5
5,117,1,3,1.3,0.4,0.1,0,0,1.3,0.1,1.1,129.5
6,117,1,5,2.1,0.6,0.2,0,0,2.1,0.2,1.9,215.8
11,117,1,2,1.1,0.4,0,0,0,1.1,0.1,1,108.4
19,117,1,1,0.4,0.2,0,0,0.1,0.4,0.1,0.4,42.5
22,117,1,3,1.3,0.6,0.1,0,0.2,1.3,0.4,1.1,127.4
34,117,1,5,2,0.4,0.4,0,0.1,2,0.5,1.8,194.5
35,117,1,7,2.7,0.5,0.5,0,0.2,2.7,0.7,2.6,272.3
37,117,1,5,2,0.4,0.4,0,0.1,2,0.5,1.8,194.5
38,117,1,12,4.7,0.9,0.9,0,0.3,4.7,1.2,4.4,466.8
44,117,1,3,1.5,0.6,0,0,0.1,1.5,0.3,1.1,150.8
45,117,1,1,0.5,0.2,0,0,0,0.5,0.1,0.4,50.3
51,117,1,2,1,0.4,0,0,0,1,0.2,0.8,100.6
55,117,1,7,3.2,0.8,0,0,0.3,3.2,0.3,2.4,333.9
56,117,1,12,5.4,1.3,0,0,0.5,5.4,0.5,4.1,572.4
57,117,1,2,0.9,0.2,0,0,0.1,0.9,0.1,0.7,95.4
62,117,1,6,2.8,1.1,0.2,0,0.1,2.8,0.5,2.4,267.2
63,117,1,3,1.4,0.5,0.1,0,0,1.4,0.3,1.2,133.6
65,117,1,7,3.3,0.7,0.1,0,0.1,3.3,0.4,3.1,334.1
66,117,1,24,11.2,2.6,0.5,0,0.5,11.2,1.5,10.7,1145.4
70,117,1,1,0.4,0.1,0,0,0,0.4,0.1,0.4,40.4
112,117,1,4,2,0.9,0.1,0,0.1,2,0.5,1.3,204.5
115,117,1,2,0.8,0.1,0.1,0,0.1,0.8,0.2,0.7,88.3
116,117,1,5,2,0.4,0.2,0,0.4,2,0.4,1.7,220.9
0,118,1,5,2.5,0.8,0.2,0,0,2.5,0.3,1.8,236.7
1,118,1,5,2.5,0.8,0.2,0,0,2.5,0.3,1.8,236.7
5,118,1,5,1.9,0.4,0.2,0,0.2,1.9,0.2,1.7,211.8
7,118,1,8,3,0.6,0.3,0,0.4,3,0.4,2.7,338.8
8,118,1,24,8.9,1.9,0.8,0,1.2,8.9,1.2,8.1,1016.5
9,118,1,1,0.4,0.1,0,0,0,0.4,0,0.3,42.9
10,118,1,4.5,1.7,0.4,0,0,0.1,1.7,0.1,1.5,193.2
11,118,1,9,3.5,0.8,0.1,0.1,0.2,3.4,0.2,3,386.4
15,118,1,2,1,0.4,0,0,0,1,0.2,0.7,90.7
16,118,1,4,2,0.7,0,0,0.1,2,0.3,1.4,181.4
18,118,1,3,1.5,0.5,0,0,0.1,1.5,0.2,1.1,136
19,118,1,3,1.5,0.5,0,0,0.1,1.5,0.2,1.1,136
20,118,1,4,2,0.7,0,0,0.1,2,0.3,1.4,181.4
21,118,1,1,0.5,0.2,0,0,0,0.5,0.1,0.4,45.3
22,118,1,2,1,0.4,0,0,0,1,0.2,0.7,90.7
23,118,1,1,0.5,0.2,0,0,0,0.5,0.1,0.4,45.3
29,118,1,5,1.9,0.5,0.2,0,0.2,1.9,0.2,1.5,156.5
34,118,1,2,1.1,0.4,0,0,0.2,1.1,0.1,0.9,98.9
38,118,1,2,1.1,0.4,0,0,0.2,1.1,0.1,0.9,98.9
43,118,1,4,1.5,0.4,0,0,0,1.5,0.3,1.4,143.6
52,118,1,4,1.5,0.4,0.3,0,0.3,1.5,0.1,1.1,157.3
57,118,1,3,1.4,0.4,0,0,0,1.4,0.2,1.1,122
61,118,1,3,1.5,0.4,0,0,0.1,1.5,0.1,1.3,145.9
62,118,1,4,2,0.6,0,0,0.1,2,0.1,1.7,194.5
63,118,1,3.5,1.7,0.5,0,0,0.1,1.7,0.1,1.5,170.2
64,118,1,7,3.4,0.5,0,0,0,3.4,0.2,3.4,347.1
65,118,1,3,1.4,0.2,0,0,0,1.4,0.1,1.4,148.8
66,118,1,5,2.4,0.3,0,0,0,2.4,0.2,2.4,247.9
121,118,1,1,0.4,0.1,0,0,0.1,0.4,0.1,0.3,44.2
1,119,1,2,1,0.3,0.1,0,0,1,0.1,0.7,94.7
4,119,1,5,1.9,0.4,0.2,0,0.2,1.9,0.2,1.7,211.8
9,119,1,4,1.5,0.3,0,0,0.1,1.5,0.1,1.3,171.7
10,119,1,2,0.8,0.2,0,0,0,0.8,0,0.7,85.9
11,119,1,30,11.6,2.5,0.3,0.3,0.6,11.3,0.6,10.1,1288
12,119,1,8,3.1,0.7,0.1,0.1,0.2,3,0.2,2.7,343.5
15,119,1,4,2,0.7,0,0,0.1,2,0.3,1.4,181.4
17,119,1,2,1,0.4,0,0,0,1,0.2,0.7,90.7
20,119,1,2,1,0.4,0,0,0,1,0.2,0.7,90.7
23,119,1,1,0.5,0.2,0,0,0,0.5,0.1,0.4,45.3
24,119,1,2,0.8,0.1,0,0,0,0.8,0.1,0.7,81
25,119,1,2,0.8,0.1,0,0,0,0.8,0.1,0.7,81
26,119,1,6,2.5,0.3,0,0,0.1,2.5,0.3,2,243
29,119,1,2,0.8,0.2,0.1,0,0.1,0.8,0.1,0.6,62.6
32,119,1,5,1.9,0.5,0.2,0,0.2,1.9,0.2,1.5,156.5
33,119,1,4,1.5,0.4,0.2,0,0.2,1.5,0.2,1.2,125.2
34,119,1,1,0.5,0.2,0,0,0.1,0.5,0.1,0.5,49.4
35,119,1,1,0.5,0.2,0,0,0.1,0.5,0.1,0.5,49.4
38,119,1,2,1.1,0.4,0,0,0.2,1.1,0.1,0.9,98.9
54,119,1,1,0.5,0.1,0,0,0,0.5,0.1,0.4,40.7
56,119,1,1,0.5,0.1,0,0,0,0.5,0.1,0.4,40.7
58,119,1,2,0.9,0.3,0,0,0,0.9,0.1,0.7,81.4
64,119,1,4,1.9,0.3,0,0,0,1.9,0.1,1.9,198.3
94,119,1,6,3.5,1.5,0,0,0,3.5,0.8,3.2,335.2
98,119,1,1,0.6,0.2,0,0,0,0.6,0.1,0.5,55.9
124,119,1,4,1.9,0.6,0.1,0,0.1,1.9,0.4,1.6,187.5
0,120,1,3,1.5,0.5,0.1,0,0,1.5,0.2,1.1,142
2,120,1,11,5.5,1.8,0.4,0,0,5.5,0.7,4,520.7
4,120,1,1,0.4,0.1,0,0,0,0.4,0,0.3,42.4
5,120,1,4,1.5,0.3,0.1,0,0.2,1.5,0.2,1.4,169.4
11,120,1,6,2.3,0.5,0.1,0.1,0.1,2.2,0.1,2,257.6
12,120,1,20,7.7,1.7,0.2,0.2,0.4,7.5,0.4,6.7,858.6
16,120,1,1,0.5,0.2,0,0,0,0.5,0.1,0.4,45.3
18,120,1,3,1.5,0.5,0,0,0.1,1.5,0.2,1.1,136
20,120,1,3,1.5,0.5,0,0,0.1,1.5,0.2,1.1,136
24,120,1,7,3,0.3,0,0,0.2,3,0.3,2.3,283.5
25,120,1,6.5,2.8,0.3,0,0,0.2,2.8,0.3,2.1,263.2
27,120,1,2,0.8,0.1,0,0,0,0.8,0.1,0.7,81
28,120,1,2,0.8,0.1,0,0,0,0.8,0.1,0.7,81
37,120,1,2,1.1,0.4,0,0,0.2,1.1,0.1,0.9,98.9
38,120,1,4,2.2,0.8,0,0,0.4,2.2,0.2,1.8,197.7
39,120,1,13,5,1.3,0,0,0,5,0.8,4.6,466.7
40,120,1,7,2.7,0.7,0,0,0,2.7,0.5,2.5,251.3
41,120,1,2,0.8,0.2,0,0,0,0.8,0.1,0.7,71.8
44,120,1,4,1.5,0.4,0.3,0,0.3,1.5,0.1,1.1,157.3
48,120,1,5,1.9,0.5,0.4,0,0.4,1.9,0.2,1.4,196.7
53,120,1,1,0.4,0.1,0.1,0,0.1,0.4,0,0.3,39.3
55,120,1,4,1.8,0.5,0,0,0,1.8,0.3,1.4,162.7
57,120,1,2,0.9,0.3,0,0,0,0.9,0.1,0.7,81.4
61,120,1,1,0.5,0.1,0,0,0,0.5,0,0.4,48.6
63,120,1,2,1,0.3,0,0,0.1,1,0.1,0.8,97.3
92,120,1,1,0.6,0.2,0,0,0,0.6,0.1,0.5,55.9
2,121,1,1,0.5,0.2,0,0,0,0.5,0.1,0.4,47.3
4,121,1,2,0.7,0.2,0.1,0,0.1,0.7,0.1,0.7,84.7
6,121,1,1,0.4,0.1,0,0,0,0.4,0,0.3,42.4
11,121,1,8,3.1,0.7,0.1,0.1,0.2,3,0.2,2.7,343.5
13,121,1,1,0.4,0.1,0,0,0,0.4,0,0.3,42.9
15,121,1,3,1.5,0.5,0,0,0.1,1.5,0.2,1.1,136
18,121,1,6,3,1.1,0,0,0.1,3,0.5,2.2,272
26,121,1,4,1.7,0.2,0,0,0.1,1.7,0.2,1.3,162
38,121,1,4,2.2,0.8,0,0,0.4,2.2,0.2,1.8,197.7
40,121,1,4,1.5,0.4,0,0,0,1.5,0.3,1.4,143.6
43,121,1,1,0.4,0.1,0,0,0,0.4,0.1,0.4,35.9
45,121,1,2,0.8,0.2,0.1,0,0.1,0.8,0.1,0.6,78.7
47,121,1,1,0.4,0.1,0.1,0,0.1,0.4,0,0.3,39.3
48,121,1,2.5,1,0.3,0.2,0,0.2,1,0.1,0.7,98.3
53,121,1,9,3.5,0.9,0.6,0,0.6,3.5,0.3,2.5,354
57,121,1,2,0.9,0.3,0,0,0,0.9,0.1,0.7,81.4
58,121,1,3,1.4,0.4,0,0,0,1.4,0.2,1.1,122
92,121,1,2,1.2,0.5,0,0,0,1.2,0.2,1.1,111.8
104,121,1,2,0.8,0.1,0.1,0,0.1,0.8,0.2,0.7,88.3
119,121,1,1,0.4,0.1,0,0,0.1,0.4,0.1,0.3,44.2
125,121,1,2,0.9,0.3,0,0,0,0.9,0.2,0.8,93.7
126,121,1,2,0.9,0.3,0,0,0,0.9,0.2,0.8,93.7
0,122,1,1,0.5,0.2,0,0,0,0.5,0.1,0.4,47.3
1,122,1,2,1,0.3,0.1,0,0,1,0.1,0.7,94.7
5,122,1,12,4.5,1,0.4,0,0.6,4.5,0.6,4.1,508.3
9,122,1,2,0.8,0.2,0,0,0,0.8,0,0.7,85.9
15,122,1,1,0.5,0.2,0,0,0,0.5,0.1,0.4,45.3
16,122,1,2,1,0.4,0,0,0,1,0.2,0.7,90.7
18,122,1,2,1,0.4,0,0,0,1,0.2,0.7,90.7
25,122,1,3,1.3,0.1,0,0,0.1,1.3,0.1,1,121.5
26,122,1,1,0.4,0,0,0,0,0.4,0,0.3,40.5
27,122,1,5,2.1,0.2,0,0,0.1,2.1,0.2,1.6,202.5
28,122,1,2,0.8,0.1,0,0,0,0.8,0.1,0.7,81
29,122,1,5,1.9,0.5,0.2,0,0.2,1.9,0.2,1.5,156.5
30,122,1,3,1.2,0.3,0.1,0,0.1,1.2,0.1,0.9,93.9
31,122,1,1,0.4,0.1,0,0,0,0.4,0,0.3,31.3
57,122,1,12,5.4,1.5,0,0,0,5.4,0.8,4.3,488.1
58,122,1,1,0.5,0.1,0,0,0,0.5,0.1,0.4,40.7
60,122,1,8,3.9,1.1,0,0,0.3,3.9,0.3,3.4,389.1
61,122,1,7,3.4,1,0,0,0.2,3.4,0.2,2.9,340.4
95,122,1,2,1.2,0.5,0,0,0,1.2,0.2,1.1,111.8
106,122,1,2,0.8,0.1,0.1,0,0.1,0.8,0.2,0.7,88.3
5,123,1,6,3.2,1.5,0,0,0.2,3.2,1.2,2,244
6,123,1,6,3.2,1.5,0,0,0.2,3.2,1.2,2,244
11,123,1,5,2.4,0.4,0,0,0,2.4,0,2,235.4
12,123,1,2,1,0.1,0,0,0,1,0,0.8,94.1
22,123,1,4,2.1,0.6,0,0,0.3,2.1,0.3,2.1,208.8
24,123,1,3,1.2,0.3,0.1,0,0.1,1.2,0.1,0.9,93.9
25,123,1,2,0.8,0.2,0.1,0,0.1,0.8,0.1,0.6,62.6
27,123,1,3,1.2,0.3,0.1,0,0.1,1.2,0.1,0.9,93.9
29,123,1,2,0.8,0.1,0,0,0.1,0.8,0.2,0.7,86.8
30,123,1,3,1.3,0.1,0,0,0.1,1.3,0.3,1,130.2
33,123,1,2,0.8,0.1,0,0,0.1,0.8,0.2,0.7,86.8
42,123,1,4,1.5,0.1,0.2,0,0.2,1.5,0.1,1.2,158.7
53,123,1,3,1.6,0.6,0,0,0,1.6,0.4,1.4,151.5
55,123,1,2,0.9,0.2,0.1,0.1,0.1,0.8,0.1,0.6,86.5
56,123,1,5,2.2,0.5,0.2,0.2,0.3,2,0.2,1.6,216.2
57,123,1,14,6.1,1.4,0.5,0.5,0.9,5.6,0.7,4.4,605.5
59,123,1,6,2.4,0.4,0.2,0,0,2.4,0,2.2,255.8
60,123,1,4,1.6,0.2,0.1,0,0,1.6,0,1.5,170.5
85,123,1,4,2.3,1,0,0,0,2.3,0.5,2.2,223.5
86,123,1,1,0.6,0.2,0,0,0,0.6,0.1,0.5,55.9
4,124,1,6,3.2,1.5,0,0,0.2,3.2,1.2,2,244
6,124,1,1,0.5,0.2,0,0,0,0.5,0.2,0.3,40.7
11,124,1,3,1.4,0.2,0,0,0,1.4,0,1.2,141.2
12,124,1,2,1,0.1,0,0,0,1,0,0.8,94.1
16,124,1,6,2.1,0.4,0.2,0,0,2.1,0,1.8,235.5
21,124,1,4,2.1,0.6,0,0,0.3,2.1,0.3,2.1,208.8
23,124,1,4,2.1,0.6,0,0,0.3,2.1,0.3,2.1,208.8
28,124,1,3,1.2,0.3,0.1,0,0.1,1.2,0.1,0.9,93.9
32,124,1,2,0.8,0.1,0,0,0.1,0.8,0.2,0.7,86.8
36,124,1,3,1.6,0.6,0,0,0.3,1.6,0.2,1.4,148.3
38,124,1,4,2.2,0.8,0,0,0.4,2.2,0.2,1.8,197.7
40,124,1,14,5.1,0.5,0.6,0,0.6,5.1,0.5,4,555.3
42,124,1,2,0.7,0.1,0.1,0,0.1,0.7,0.1,0.6,79.3
43,124,1,4.5,1.7,0.2,0.2,0,0.2,1.7,0.2,1.3,178.5
44,124,1,13,5.2,0.9,0.3,0,0,5.2,0.9,4.6,502.4
58,124,1,1,0.4,0.1,0,0,0.1,0.4,0,0.3,43.2
107,124,1,2,0.8,0.1,0.1,0,0.1,0.8,0.2,0.7,88.3
1,125,1,8.5,4.8,2.2,0,0,0,4.8,0.4,2.6,372.3
3,125,1,2,1.1,0.5,0,0,0,1.1,0.1,0.6,87.6
6,125,1,3,1.6,0.8,0,0,0.1,1.6,0.6,1,122
12,125,1,2,1,0.1,0,0,0,1,0,0.8,94.1
13,125,1,2,1,0.1,0,0,0,1,0,0.8,94.1
16,125,1,4,1.4,0.2,0.2,0,0,1.4,0,1.2,157
17,125,1,2,0.7,0.1,0.1,0,0,0.7,0,0.6,78.5
18,125,1,13,4.6,0.8,0.5,0,0,4.6,0,3.8,510.3
19,125,0,38,16,3,0,0,0,16,1,11,1733
21,125,1,2,1.1,0.3,0,0,0.2,1.1,0.2,1.1,104.4
22,125,1,2,1.1,0.3,0,0,0.2,1.1,0.2,1.1,104.4
23,125,1,4,2.1,0.6,0,0,0.3,2.1,0.3,2.1,208.8
36,125,1,6,3.2,1.1,0,0,0.6,3.2,0.3,2.8,296.6
38,125,1,2,1.1,0.4,0,0,0.2,1.1,0.1,0.9,98.9
39,125,1,1,0.4,0,0,0,0,0.4,0,0.3,39.7
40,125,1,3,1.1,0.1,0.1,0,0.1,1.1,0.1,0.9,119
42,125,1,7.5,2.8,0.2,0.3,0,0.3,2.8,0.2,2.2,297.5
43,125,1,27,9.9,0.9,1.2,0,1.2,9.9,0.9,7.8,1071
44,125,1,18,7.2,1.2,0.4,0,0,7.2,1.2,6.4,695.6
49,125,1,6,3.2,1.2,0,0,0,3.2,0.8,2.8,303
53,125,1,1,0.5,0.2,0,0,0,0.5,0.1,0.5,50.5
54,125,1,5,2.2,0.5,0.2,0.2,0.3,2,0.2,1.6,216.2
56,125,1,4,1.7,0.4,0.1,0.1,0.3,1.6,0.2,1.3,173
58,125,1,2,0.9,0.2,0.1,0.1,0.1,0.8,0.1,0.6,86.5
83,125,1,6,3,1,0,0,0,3,0,2.5,274.2
108,125,1,7,2.8,0.5,0.3,0,0.5,2.8,0.6,2.4,309.2
1,126,1,3,1.7,0.8,0,0,0,1.7,0.2,0.9,131.4
9,126,1,2,1,0.1,0,0,0,1,0,0.8,94.1
12,126,1,6,2.9,0.4,0,0,0,2.9,0,2.4,282.4
18,126,1,19,6.7,1.1,0.7,0,0,6.7,0,5.6,745.8
19,126,0,55,19,4,4,3,1,16,0,12,2182
20,126,1,3,1.6,0.4,0,0,0.2,1.6,0.2,1.6,156.6
21,126,1,5,2.6,0.7,0,0,0.4,2.6,0.4,2.6,261
24,126,1,2,0.8,0.2,0.1,0,0.1,0.8,0.1,0.6,62.6
28,126,1,5,1.9,0.5,0.2,0,0.2,1.9,0.2,1.5,156.5
29,126,1,1,0.4,0,0,0,0,0.4,0.1,0.3,43.4
32,126,1,8,3.4,0.3,0,0,0.3,3.4,0.9,2.8,347.1
34,126,1,3,1.6,0.6,0,0,0.3,1.6,0.2,1.4,148.3
41,126,1,2,0.7,0.1,0.1,0,0.1,0.7,0.1,0.6,79.3
43,126,1,3,1.1,0.1,0.1,0,0.1,1.1,0.1,0.9,119
48,126,1,4,1.6,0.3,0.1,0,0,1.6,0.3,1.4,154.6
50,126,1,1,0.5,0.2,0,0,0,0.5,0.1,0.5,50.5
54,126,1,7,3,0.7,0.2,0.2,0.5,2.8,0.3,2.2,302.8
56,126,1,9,3.9,0.9,0.3,0.3,0.6,3.6,0.4,2.9,389.2
57,126,1,3,1.3,0.3,0.1,0.1,0.2,1.2,0.2,1,129.8
59,126,1,3,1.2,0.2,0.1,0,0,1.2,0,1.1,127.9
61,126,1,2,0.8,0.1,0.1,0,0,0.8,0,0.8,85.2
63,126,1,2,0.8,0.1,0.1,0,0,0.8,0,0.8,85.2
66,126,1,8,3.9,0.6,0,0,0,3.9,0.3,3.9,396.7
78,126,1,3,1.5,0.5,0,0,0,1.5,0,1.2,137.1
80,126,1,1,0.5,0.2,0,0,0,0.5,0,0.4,45.7
81,126,1,1,0.5,0.2,0,0,0,0.5,0,0.4,45.7
83,126,1,2,1,0.3,0,0,0,1,0,0.8,91.4
86,126,1,2,1.2,0.5,0,0,0,1.2,0.2,1.1,111.8
97,126,1,5,2.5,0.7,0,0,0,2.5,0.2,2,220.9
3,127,1,1,0.6,0.3,0,0,0,0.6,0.1,0.3,43.8
4,127,1,2,1.1,0.5,0,0,0.1,1.1,0.4,0.7,81.3
10,127,1,3,1.4,0.2,0,0,0,1.4,0,1.2,141.2
18,127,1,7,2.5,0.4,0.3,0,0,2.5,0,2.1,274.8
19,127,1,5,2.6,0.7,0,0,0.4,2.6,0.4,2.6,261
20,127,1,1,0.5,0.1,0,0,0.1,0.5,0.1,0.5,52.2
21,127,1,2,1.1,0.3,0,0,0.2,1.1,0.2,1.1,104.4
28,127,1,1,0.4,0.1,0,0,0,0.4,0,0.3,31.3
32,127,1,8,3.4,0.3,0,0,0.3,3.4,0.9,2.8,347.1
38,127,1,1,0.5,0.2,0,0,0.1,0.5,0.1,0.5,49.4
41,127,1,2,0.7,0.1,0.1,0,0.1,0.7,0.1,0.6,79.3
43,127,1,20,7.3,0.7,0.9,0,0.9,7.3,0.7,5.8,793.3
44,127,1,4,1.6,0.3,0.1,0,0,1.6,0.3,1.4,154.6
47,127,1,2,0.8,0.1,0,0,0,0.8,0.1,0.7,77.3
48,127,1,4,1.6,0.3,0.1,0,0,1.6,0.3,1.4,154.6
49,127,1,2,1.1,0.4,0,0,0,1.1,0.2,0.9,101
50,127,1,6,3.2,1.2,0,0,0,3.2,0.8,2.8,303
52,127,1,3,1.6,0.6,0,0,0,1.6,0.4,1.4,151.5
53,127,1,2,1.1,0.4,0,0,0,1.1,0.2,0.9,101
58,127,1,8,3.5,0.8,0.3,0.3,0.5,3.2,0.4,2.5,346
59,127,1,3,1.2,0.2,0.1,0,0,1.2,0,1.1,127.9
60,127,1,5,2,0.3,0.2,0,0,2,0,1.9,213.1
61,127,1,2,0.8,0.1,0.1,0,0,0.8,0,0.8,85.2
62,127,1,5,2,0.3,0.2,0,0,2,0,1.9,213.1
73,127,1,2,1,0.1,0,0,0,1,0.1,1,99.2
78,127,1,5,2.5,0.8,0,0,0,2.5,0,2.1,228.5
79,127,1,6,3,1,0,0,0,3,0,2.5,274.2
86,127,1,1,0.6,0.2,0,0,0,0.6,0.1,0.5,55.9
87,127,1,1,0.6,0.2,0,0,0,0.6,0.1,0.5,55.9
94,127,1,10,5,1.4,0,0,0,5,0.5,4.1,441.8
95,127,1,2,1,0.3,0,0,0,1,0.1,0.8,88.4
96,127,1,2,1,0.3,0,0,0,1,0.1,0.8,88.4
98,127,1,3,1.5,0.4,0,0,0,1.5,0.1,1.2,132.5
102,127,1,2,1.2,0.5,0,0,0,1.2,0.2,1.1,111.8
103,127,1,1,0.6,0.2,0,0,0,0.6,0.1,0.5,55.9
119,127,1,1,0.4,0.1,0,0,0.1,0.4,0.1,0.3,44.2
125,127,1,5,2.4,0.8,0.1,0,0.1,2.4,0.5,2,234.3
