x,y,imputed,ind,ind_snv
8,0,1,1,21976.7
10,0,0,22,454394
11,0,1,12,220079.9
12,0,1,7.5,137549.9
13,0,1,16,293439.9
14,0,1,19,407776.9
15,0,1,6,128771.7
16,0,1,4,85847.8
30,0,1,2,40039.5
36,0,1,2.5,50049.4
99,0,1,11,201170.6
102,0,1,5,91441.2
104,0,1,3,57860.8
106,0,1,5,96434.7
137,0,1,6,141119.1
155,0,1,1,21054.4
173,0,1,1.5,31967.6
174,0,1,9,226328.9
175,0,1,21,528100.8
176,0,1,9,226328.9
177,0,0,53.5,1353408.5
178,0,1,13,326919.6
179,0,1,2,56950.6
181,0,1,4,113901.3
182,0,1,4,113901.3
198,0,1,2,54620.9
235,0,1,17.5,399227.7
236,0,1,26.5,604544.8
237,0,1,5,114065.1
238,0,1,10.5,239536.6
8,1,1,6,131860
9,1,0,28,647157.8
10,1,0,43,769243.8
16,1,1,4,85847.8
17,1,1,2,42923.9
22,1,1,2,42923.9
36,1,1,1,20019.7
80,1,1,4,102029.5
86,1,1,2,41677.4
98,1,1,10,182882.4
99,1,1,11,201170.6
100,1,1,13,237747.1
105,1,1,1,19286.9
139,1,1,4,94079.4
166,1,1,8,170494
170,1,1,6,127870.5
171,1,1,9,191805.7
173,1,1,2,42623.5
174,1,1,4,100590.6
176,1,1,6,150885.9
177,1,1,2,50295.3
187,1,1,3,70066.6
192,1,1,1,23355.5
215,1,1,4,90514.3
235,1,1,3,68439
248,1,1,2,48187.4
249,1,1,18.5,445733.6
250,1,1,6,144562.2
8,2,1,7,150651.1
9,2,1,8,172172.7
14,2,1,6,122002.6
17,2,1,4,81335.1
23,2,1,2,34800.5
25,2,1,2,42752.5
90,2,1,2,41677.4
91,2,1,5,104193.5
98,2,0,17,404932.5
99,2,0,36,600073.4
100,2,0,42,829416.5
101,2,1,17,273131.3
155,2,1,3,67410.2
171,2,1,1,21311.7
172,2,1,1,21311.7
174,2,1,7,163167.4
175,2,1,13,303025.1
176,2,1,1,23309.6
177,2,1,4,93238.5
178,2,1,7,163167.4
179,2,1,5,117298.3
200,2,1,4,93422.1
201,2,1,3,70066.6
202,2,1,8.5,198522
217,2,1,3,67885.8
248,2,0,41,904017.7
249,2,1,34,789523.8
8,3,1,2,43043.2
9,3,1,2,43043.2
12,3,1,2,43043.2
13,3,1,1,21521.6
19,3,1,5,87001.3
25,3,1,11,235138.7
77,3,1,2,40446
78,3,1,2,40446
79,3,1,2,37987.7
80,3,1,6,113963.2
97,3,1,10,187635.2
98,3,1,13,243925.8
99,3,1,5,80332.7
100,3,1,4,64266.2
107,3,1,3,57860.8
108,3,1,7,135008.6
171,3,1,6,127870.5
172,3,1,3,63935.2
174,3,1,7,163167.4
175,3,1,15,349644.4
176,3,1,10,233096.3
177,3,1,5,116548.1
178,3,1,2,46619.3
182,3,1,3,70379
195,3,1,3,70066.6
200,3,1,1,23355.5
240,3,1,4,96771.4
246,3,1,1,21584.5
247,3,1,7,151091.8
248,3,1,26,561198.1
249,3,1,8,185770.3
11,4,1,1,21521.6
13,4,1,4,86086.4
18,4,1,8,162670.1
19,4,1,8,139202
21,4,1,8,139202
24,4,1,2,42752.5
25,4,1,1,21376.2
77,4,1,1,20223
78,4,1,1,20223
95,4,1,1,18763.5
96,4,1,1,18763.5
97,4,1,10.5,197017
104,4,1,2,38573.9
175,4,1,1,23309.6
178,4,1,6,139857.8
179,4,1,1,23459.7
183,4,1,5,117298.3
234,4,1,5,120964.3
11,5,1,6,129129.6
12,5,1,2,43043.2
13,5,1,1,21521.6
21,5,1,1,17400.3
22,5,1,2,34800.5
35,5,1,1,22292.3
39,5,1,1,22292.3
76,5,1,10,202230.2
77,5,1,12,242676.3
94,5,1,1,18763.5
95,5,1,13.5,253307.6
108,5,1,2,38573.9
143,5,1,1,23519.9
182,5,1,9,211136.9
183,5,1,4,93838.6
192,5,1,3,70066.6
232,5,1,3,66443.7
34,6,1,2,44584.7
39,6,1,1,22292.3
76,6,1,9,182007.2
77,6,1,9,182007.2
87,6,1,1,20838.7
94,6,1,1,18763.5
142,6,1,4,94079.4
177,6,1,9,209786.6
178,6,1,3,69928.9
179,6,1,3,70379
181,6,1,9,211136.9
182,6,1,21,492652.9
209,6,1,3,67885.8
242,6,1,1,24192.9
3,7,1,2,51737
12,7,1,1,21521.6
18,7,1,1,20333.8
25,7,1,2,42752.5
27,7,1,4,85505
40,7,1,4,89169.4
41,7,1,12,267508.1
109,7,1,1,19286.9
168,7,1,2,42623.5
176,7,1,8,148170.1
177,7,1,14,259297.6
185,7,1,1,23355.5
230,7,1,3,66443.7
231,7,0,28,599545.5
232,7,1,5,110739.6
237,7,1,4,96771.4
238,7,1,2,48385.7
240,7,1,1,24192.9
241,7,1,4,96771.4
17,8,1,3.5,71168.2
24,8,1,1,21376.2
25,8,1,8,171010
26,8,1,1,21376.2
27,8,1,1,21376.2
28,8,1,1.5,32064.4
32,8,1,2,40796.3
83,8,1,5,94969.3
161,8,1,1,22470.1
171,8,1,2,42623.5
181,8,1,4,74085
182,8,1,7,129648.8
218,8,1,4,90514.3
230,8,1,25,553697.8
231,8,1,14,310070.7
237,8,1,4,96771.4
238,8,1,2,48385.7
14,9,1,2,40667.5
26,9,1,1,21376.2
30,9,1,5,101990.8
31,9,1,3,61194.5
47,9,1,5,116911.1
60,9,1,4,93528.9
81,9,1,4.5,85472.4
83,9,1,8,151950.9
125,9,1,1,23519.9
141,9,1,1,23519.9
164,9,1,3,63935.2
216,9,1,2,45257.2
229,9,1,2,44295.8
230,9,0,38.5,736487.9
235,9,1,1,24192.9
238,9,1,2,48385.7
244,9,1,2,46442.6
6,10,1,2,43043.2
17,10,1,5,101668.8
26,10,1,4,85505
28,10,1,4,85505
29,10,1,1,20398.2
30,10,1,9,183583.5
31,10,1,2,40796.3
32,10,1,1,20398.2
34,10,1,5,111461.7
36,10,1,4,89169.4
37,10,1,3,66877
45,10,1,2,46764.4
84,10,1,7,145870.9
154,10,1,6,134820.4
172,10,1,5,106558.7
217,10,1,2,45257.2
229,10,1,21,465106.1
230,10,1,21,465106.1
231,10,1,2,44295.8
232,10,1,3.5,77517.7
237,10,1,4,96771.4
240,10,1,2,48385.7
243,10,1,2,48385.7
245,10,1,5,116106.4
0,11,1,4,103474
25,11,1,1,21376.2
29,11,1,2,40796.3
30,11,1,3,61194.5
32,11,1,5,101990.8
45,11,1,1,23382.2
47,11,1,2,46764.4
84,11,1,2,41677.4
140,11,1,3,70559.6
149,11,1,2,44940.1
150,11,1,22,494341.3
151,11,1,5,112350.3
152,11,1,6,134820.4
188,11,1,2,46711.1
190,11,1,3,70066.6
205,11,1,4,90514.3
216,11,1,2,45257.2
228,11,1,3,66443.7
230,11,1,16,354366.6
231,11,1,6,132887.5
233,11,1,3,66443.7
25,12,1,2,36865.6
28,12,1,6,110596.9
29,12,1,3,55298.5
34,12,1,1,22303
47,12,1,2,47852
97,12,1,2,44183.7
98,12,1,5,110459.3
105,12,1,5,100101
148,12,1,2,40116.3
150,12,1,7,140407
152,12,1,1,20058.1
154,12,1,2,39714.6
160,12,1,4,79429.2
164,12,1,11,244346.5
165,12,1,2,44426.6
171,12,1,2,44426.6
186,12,1,3,68044.9
187,12,1,3,68044.9
204,12,1,1,23913.4
208,12,1,1,23913.4
213,12,1,1,21512.7
216,12,1,11,281384.5
72,13,1,2,47071.7
93,13,1,2,46036
99,13,1,1,22091.9
104,13,1,6,120121.2
105,13,1,3,60060.6
142,13,1,8,173638.2
147,13,1,7,140407
148,13,1,10,200581.5
155,13,1,2,39714.6
156,13,1,8,158858.4
167,13,1,4,88853.3
186,13,1,6,136089.8
209,13,0,37,818772.8
210,13,1,4,86050.8
214,13,1,29.5,754622.2
215,13,1,7,179062.9
216,13,1,8,204643.3
224,13,1,6,132924.5
225,13,1,26,576006.1
226,13,1,4,88616.3
228,13,1,12,265849
229,13,0,66,1283423.6
230,13,1,13,278092.4
8,14,1,11,229398.3
9,14,1,3,62563.2
83,14,1,1,23535.8
104,14,1,4,80080.8
110,14,1,2,45470.5
142,14,1,14.5,314719.2
146,14,1,2,40116.3
147,14,1,1,20058.1
156,14,1,4,79429.2
208,14,1,4,95653.6
209,14,0,38.5,833693.5
210,14,0,42.5,870314
211,14,1,21,451766.5
212,14,1,3,64538.1
214,14,1,14,358125.8
215,14,1,2,51160.8
216,14,1,16,409286.6
224,14,1,12,265849
225,14,0,89.5,1705447.5
226,14,1,16,354465.3
227,14,1,2,44308.2
228,14,1,21,465235.7
229,14,1,17,363659.3
230,14,0,33.5,654180.5
231,14,1,2,42783.4
8,15,1,1,20854.4
9,15,1,3,62563.2
12,15,1,3,62563.2
14,15,1,4,104273.4
37,15,1,3,66908.9
38,15,1,14,312241.6
56,15,1,2,47852
63,15,1,4,95704
87,15,1,7,161125.9
110,15,1,1,22735.3
142,15,1,1,21704.8
170,15,1,1,22213.3
186,15,1,1,22681.6
187,15,1,6,136089.8
210,15,1,1,21512.7
211,15,0,30,658237.8
212,15,0,37,847368.2
213,15,1,1,21512.7
214,15,1,5,127902.1
215,15,0,34,802268.1
224,15,0,51,1158500.7
225,15,0,52,1022988.5
227,15,0,41,1099038.8
228,15,0,79,1851095.6
229,15,0,61,1350879
230,15,1,7,149742.1
8,16,1,3,62563.2
9,16,1,6,125126.3
23,16,1,16,417093.5
89,16,1,2,46036
102,16,1,10,220918.7
103,16,1,9,198826.8
104,16,1,7,140141.4
105,16,1,4,80080.8
106,16,1,4,80080.8
107,16,1,1,20020.2
110,16,1,4,90941
112,16,1,19,431969.8
113,16,1,9,204617.3
142,16,1,1,21704.8
164,16,1,3,66640
211,16,1,2,43025.4
212,16,1,14,301177.7
213,16,1,2,43025.4
215,16,1,7,179062.9
218,16,1,5,127902.1
224,16,0,47.5,1031209.5
225,16,0,111.5,2126395.4
226,16,0,82.5,1538281.9
227,16,1,18,398773.5
228,16,0,46.5,1119588.6
229,16,1,15,320875.8
10,17,1,1,20854.4
22,17,1,9,178045.4
23,17,1,18,356090.8
27,17,1,1,17391.3
67,17,1,3,70607.5
88,17,1,7,161125.9
102,17,1,13,268282.4
103,17,0,35,655799.9
104,17,1,19,388579.2
105,17,1,10,204515.4
112,17,1,4,86616.4
113,17,1,10,216541.1
130,17,1,2,43409.5
158,17,1,1,19857.3
160,17,1,3,59571.9
165,17,1,2,44426.6
166,17,1,2,44426.6
208,17,1,1,23913.4
212,17,1,10.5,251090.8
213,17,0,62,1445059.9
215,17,1,2,42148.1
223,17,1,2,42148.1
224,17,0,47,1046355.4
225,17,0,111,2165206.3
226,17,0,82.5,1681180.3
227,17,1,11,260115.6
228,17,0,19,438176.2
12,18,1,5,104271.9
21,18,1,11,217611
22,18,1,16,316525.1
23,18,1,2,39565.6
46,18,1,2,47852
49,18,1,2,47852
65,18,1,1,23535.8
77,18,1,4,94143.4
103,18,0,21,508033
104,18,1,7,143160.8
105,18,1,2,40903.1
107,18,1,2,40903.1
108,18,1,3,61354.6
112,18,1,6,129924.7
113,18,1,13,281503.4
114,18,1,4,80638.1
143,18,1,3,65114.3
159,18,1,2,39714.6
175,18,1,1,24696.9
208,18,1,2,47826.8
209,18,1,9,215220.7
211,18,1,10.5,251090.8
212,18,0,57,1593189.4
213,18,1,6,143480.4
214,18,1,4,84296.3
223,18,0,21,523013.5
224,18,0,43,882718
225,18,0,76,1329069.2
226,18,0,73.5,1638880.4
227,18,0,60,1448768.6
228,18,0,42.5,926080.7
232,18,1,3,64175.2
12,19,1,11,229398.3
21,19,1,15,296742.3
22,19,0,70,1252357.6
23,19,1,9,178045.4
24,19,1,20,347825
25,19,1,3,52173.8
32,19,1,2,36865.6
39,19,1,2,44605.9
40,19,1,2,44605.9
61,19,1,4,95704
100,19,1,3,61911.3
104,19,1,11,224966.9
109,19,1,3,64962.3
113,19,1,11,238195.2
114,19,1,13,262073.7
173,19,1,1,22213.3
174,19,1,27,666815.1
175,19,1,18,444543.4
208,19,1,1,23913.4
215,19,1,5,105370.3
223,19,1,15,316111
224,19,0,42.5,824092.9
225,19,0,28.5,559669.4
226,19,0,56,1151960.9
227,19,0,136.5,2208048.4
228,19,1,4,94587.5
14,20,1,2,52136.7
19,20,1,20,395656.4
20,20,1,6,118696.9
21,20,0,27,422848.4
23,20,1,8,158262.6
24,20,0,45,978013.6
25,20,1,6,104347.5
27,20,1,2,34782.5
28,20,1,21,365216.3
29,20,1,1,18432.8
100,20,1,5,103185.5
103,20,1,4,82548.4
104,20,1,14,286321.5
105,20,1,4,81806.1
108,20,1,2,40903.1
111,20,1,1,21654.1
112,20,1,11,238195.2
113,20,1,7,151578.8
114,20,1,3,60478.5
153,20,1,6,120348.9
173,20,1,14,310986.5
174,20,1,14,345756
176,20,1,16,395149.7
209,20,1,3,71740.2
223,20,1,19,400407.2
224,20,0,46,884676.7
225,20,1,6,141881.2
226,20,1,4,94587.5
227,20,0,156.5,2458337
12,21,1,2,41708.8
19,21,1,4,79131.3
20,21,1,16,316525.1
21,21,1,2,39565.6
22,21,1,1,19782.8
25,21,1,1,17391.3
28,21,0,44.5,991991.4
29,21,1,7,129029.8
88,21,1,3,69053.9
102,21,1,1,20637.1
103,21,1,7,144459.8
104,21,1,9,184063.8
105,21,1,1,20451.5
109,21,1,1,21654.1
110,21,1,2,43308.2
111,21,1,2,43308.2
150,21,1,2,40116.3
157,21,1,3,59571.9
167,21,1,4,88853.3
174,21,1,12,296362.3
183,21,1,1,24696.9
209,21,1,2,47826.8
215,21,1,4,84296.3
224,21,0,19,373228.2
225,21,0,60,875010.3
17,22,1,3,62563.2
18,22,1,2,41708.8
28,22,1,6,133817.8
69,22,1,1,23535.8
82,22,1,1,23535.8
89,22,1,1,23719.5
90,22,1,3,71158.4
96,22,1,1,23018
110,22,1,2,40319
146,22,1,2,43280.3
151,22,1,4,73317.5
193,22,1,5,112498.4
195,22,1,2,53179
196,22,1,6,159536.9
197,22,1,2,53179
205,22,1,3,63222.2
224,22,0,27,407080.2
26,23,1,2,44605.9
27,23,1,2,44605.9
45,23,1,2,47852
49,23,1,1,23926
83,23,1,4,94143.4
87,23,1,1,21922.7
88,23,1,10,219226.8
102,23,1,1,23018
146,23,1,3,64920.5
152,23,1,7,128305.6
207,23,1,2,42148.1
223,23,1,33.5,674191.9
224,23,0,108.5,1953718.3
225,23,0,29.5,502081.1
227,23,1,1,23852
228,23,1,3,71556
16,24,1,6,125126.3
27,24,1,2,44605.9
52,24,1,4,95704
79,24,1,4,94143.4
84,24,1,1,21922.7
85,24,1,2,43845.4
86,24,1,4,87690.7
102,24,1,2,46036
103,24,1,4,92071.9
152,24,1,4,73317.5
153,24,1,8,146634.9
154,24,1,8,179278.8
155,24,1,22,493016.6
156,24,1,8,179278.8
181,24,1,4,85849.3
184,24,1,2,47183.1
186,24,1,15.5,365669
194,24,1,4,106357.9
195,24,1,1,26589.5
222,24,0,51,1036643.1
223,24,0,82,1517444.3
224,24,0,102,1938149.4
225,24,0,93.5,1870583
228,24,1,1,23852
238,24,1,4,96576.2
2,25,1,3,66690.9
3,25,1,2,44460.6
33,25,1,2,44605.9
34,25,1,4,79642.5
37,25,1,3,59731.9
51,25,1,4,95704
85,25,1,6,131536.1
86,25,0,29,596840.8
91,25,1,3,71158.4
106,25,1,11,221754.7
139,25,1,2,43409.5
153,25,1,27,494892.9
154,25,1,7,156868.9
155,25,1,4,89639.4
161,25,1,5,105547
162,25,1,2,42218.8
172,25,1,5,107311.7
181,25,1,5,107311.7
185,25,1,13,306690.2
186,25,1,22,519014.1
187,25,1,2,47183.1
193,25,1,4,89998.7
194,25,1,10,265894.8
195,25,1,1,26589.5
222,25,0,47,1198003.7
223,25,0,87.5,1955266.5
224,25,0,63,1385479.3
225,25,0,115,2378699.2
226,25,1,21,500892.3
232,25,1,5,120720.2
2,26,1,5,111151.6
15,26,1,2,41708.8
19,26,1,1,20854.4
34,26,1,4,79642.5
52,26,1,2,47852
86,26,0,68,1327600.1
87,26,1,10.5,230188.1
88,26,1,2,43845.4
108,26,1,2,40319
111,26,1,5,100797.6
153,26,0,81,1670744.1
154,26,0,27,553271.2
161,26,1,5,105547
164,26,1,4,85849.3
186,26,1,18,424647.9
195,26,1,7,186126.4
222,26,0,58,1320141.5
223,26,0,62,1766541.1
224,26,1,10,238520.1
225,26,1,4,95408.1
0,27,1,3,66690.9
1,27,1,8,177842.5
9,27,1,4,83417.6
16,27,1,6,125126.3
36,27,1,2,39821.3
37,27,1,1,19910.6
44,27,1,4,95704
62,27,1,1,20853.6
78,27,1,8,188286.7
79,27,1,6,141215
86,27,1,3,71158.4
87,27,1,10,237194.7
88,27,1,3,71158.4
92,27,1,5,118597.3
98,27,1,3,69053.9
107,27,1,8,161276.1
110,27,1,2,40319
153,27,1,12,259682
154,27,1,1,21109.4
173,27,1,4,85849.3
185,27,1,4,89998.7
186,27,1,21,472493.3
195,27,1,2,45363.3
196,27,1,2,45363.3
223,27,1,10,201251.3
224,27,1,4,96576.2
232,27,1,1,24144
235,27,1,2,48288.1
236,27,1,2,48288.1
253,27,1,2,47746.5
21,28,1,5,104271.9
50,28,1,1,23926
55,28,1,4,67741.5
61,28,1,1,20853.6
75,28,1,6,141215
86,28,1,3,71158.4
87,28,1,21,498108.8
88,28,1,19,450669.9
106,28,1,5,100797.6
158,28,1,1,21109.4
159,28,1,10,224073.9
181,28,1,2,42924.7
196,28,1,1,22681.6
228,28,1,3,72432.1
233,28,1,5,120720.2
253,28,1,8,190986
30,29,1,2,44605.9
37,29,1,13,258838.1
49,29,1,1,23926
55,29,1,7,118547.6
57,29,1,6,101612.2
68,29,1,5,117679.2
77,29,1,4,94143.4
82,29,1,2,47071.7
85,29,1,4,94877.9
88,29,1,2,47438.9
89,29,1,2,47438.9
148,29,1,1,21640.2
158,29,1,29,612172.8
159,29,1,25,560184.9
175,29,1,1,21462.3
182,29,1,3,64387
183,29,1,4,85849.3
185,29,1,2,44999.4
223,29,1,3,60375.4
225,29,1,6,144864.3
228,29,1,3,72432.1
229,29,1,2,48288.1
238,29,1,2,48288.1
253,29,1,11,262605.8
18,30,1,1,20854.4
27,30,1,2,44605.9
31,30,1,3,66908.9
50,30,1,8,191407.9
56,30,1,17,287901.2
57,30,1,1,16935.4
61,30,1,4,83414.4
62,30,1,2.5,52134
186,30,1,24,539992.4
187,30,1,6,134998.1
220,30,1,2,40250.3
238,30,1,3,72432.1
239,30,1,1,24144
244,30,1,1,21762.7
245,30,1,1,21762.7
252,30,1,3,71619.8
253,30,1,10,238732.5
254,30,1,2,47326.5
26,31,1,7,156120.8
37,31,1,4,79642.5
41,31,1,4,79642.5
50,31,1,2,47852
55,31,1,7,118547.6
56,31,1,4,67741.5
59,31,1,4,83414.4
60,31,1,5,104268
61,31,1,13,271096.8
62,31,1,6,125121.6
93,31,1,5,118597.3
95,31,1,5,115089.9
102,31,1,3,69053.9
112,31,1,2,40319
146,31,1,1,21640.2
147,31,1,2,43280.3
154,31,1,2,42218.8
167,31,1,2,42924.7
172,31,1,4,85849.3
182,31,1,2,42924.7
186,31,1,23,517492.7
187,31,1,9,202497.1
192,31,1,3,67499
193,31,1,3,67499
206,31,1,2,42148.1
254,31,1,2,47326.5
255,31,1,19,449602
26,32,1,6,142378.6
41,32,1,2,39595.8
44,32,1,6,130139.1
55,32,1,12,266993.9
56,32,1,4,88998
61,32,1,2,44499
102,32,1,2,35950.6
106,32,1,2,47804.5
108,32,1,6,143413.6
110,32,1,1,23568.5
113,32,1,3,70705.6
146,32,1,1,24283.3
154,32,1,5,112043.3
155,32,1,1,22408.7
156,32,1,7,156860.6
157,32,1,1,22408.7
158,32,0,43.5,903997.9
159,32,1,5,134212
160,32,0,23,588240.7
167,32,1,3,76160.4
185,32,1,14,352438.6
186,32,1,2,50348.4
187,32,1,1,25174.2
192,32,1,12.5,283955.6
193,32,1,10.5,238522.7
196,32,1,4,90884.4
197,32,1,4,90884.4
219,32,1,2,53972.7
220,32,1,1,26986.3
35,33,1,1,19797.9
39,33,1,2,39595.8
44,33,1,12,260278.2
45,33,1,9,195208.6
46,33,1,9,195208.6
49,33,1,2,41645.6
58,33,1,2,44499
85,33,1,2,45483.8
98,33,1,3,53925.9
106,33,1,7,167315.9
107,33,1,10,239022.7
108,33,1,11,262924.9
109,33,1,22,518507.8
110,33,1,1,23568.5
140,33,1,1,23678.6
147,33,1,2,48566.7
155,33,1,3,67226
157,33,1,9.5,212882.3
158,33,0,22.5,519638.6
159,33,0,61,1175663.3
160,33,0,32,771225.2
167,33,1,1,25386.8
168,33,1,3,76160.4
170,33,1,2,50773.6
171,33,0,30,594795.4
172,33,1,2,50773.6
173,33,1,11.5,291948.1
174,33,1,5,105735.3
175,33,1,2,42294.1
178,33,1,4,84588.2
183,33,1,5,114964.4
184,33,0,33,996728.4
185,33,1,20,503483.7
186,33,1,15,377612.8
187,33,1,23,579006.2
188,33,1,6,151045.1
195,33,0,30,730552.9
196,33,0,80.5,1948042.6
197,33,0,31.5,633177.7
198,33,1,2,45442.2
219,33,1,5,134931.7
244,33,1,1,23596
14,34,1,2,53072.8
40,34,1,2,39595.8
42,34,1,4,79191.7
45,34,1,27,585625.9
46,34,1,6,130139.1
49,34,1,1,20822.8
59,34,1,3,66748.5
64,34,1,2,40153.3
85,34,1,4,90967.6
95,34,1,4,71901.2
103,34,0,22,393082.2
106,34,1,9,215120.4
107,34,0,35,769114.4
108,34,0,24,407520.5
109,34,0,23,457421.3
110,34,1,4,94274.2
140,34,1,4,94714.5
147,34,1,4,97133.4
148,34,1,12,291400.1
158,34,0,28,659434.9
159,34,1,12,322108.8
160,34,1,5,134212
161,34,1,3,80527.2
167,34,1,3,76160.4
176,34,1,4,84588.2
177,34,1,18,380647
178,34,0,51,1234497.5
179,34,1,21,482850.6
180,34,1,7,160950.2
181,34,1,4,91971.5
182,34,0,35.5,793284.1
183,34,0,40.5,1016671.3
184,34,1,28,704877.1
185,34,0,49,1228261.8
186,34,0,82,1762960.5
187,34,0,51,1169255.3
188,34,1,20,503483.7
192,34,1,7,159015.1
195,34,0,48,1117812.7
196,34,0,60,1540862.2
197,34,1,26,590748.6
198,34,1,3,68163.3
215,34,1,2,53972.7
32,35,1,2,47459.5
43,35,1,2,39595.8
44,35,1,9,195208.6
45,35,1,13,281968
46,35,1,6,130139.1
62,35,1,4,88998
103,35,0,41,724594.9
104,35,0,178,2525913.9
106,35,1,3,71706.8
107,35,0,35,753582.1
108,35,0,34.5,797987.7
109,35,0,33.5,731690.5
110,35,1,16,377096.6
113,35,1,1,23568.5
147,35,1,11,267116.8
148,35,1,12,291400.1
149,35,1,4,93369.2
152,35,1,2,46684.6
158,35,1,5,112043.3
160,35,1,1,26842.4
177,35,1,2,42294.1
182,35,1,12,275914.6
183,35,1,8,183943.1
185,35,0,42,907283.9
186,35,0,32,704961.4
187,35,0,29,574443.5
188,35,0,32,781000.5
215,35,1,2,53972.7
217,35,1,6,161918.1
251,35,0,62,1512111.4
252,35,0,53,1222250.4
253,35,1,11,248032
42,36,1,6.5,128686.5
43,36,1,39,772118.9
44,36,1,7,151828.9
45,36,1,6,130139.1
46,36,1,14,303657.9
47,36,1,2,43379.7
51,36,1,2,41645.6
62,36,1,2,44499
65,36,1,2,40153.3
103,36,1,17,305580.2
104,36,1,11,262924.9
105,36,1,5,119511.3
106,36,1,12,286827.2
107,36,0,21,547570.8
108,36,0,32.5,661082.3
109,36,1,25,589213.5
110,36,1,20,471370.8
147,36,1,3,72850
148,36,1,11,267116.8
150,36,1,3,70026.9
151,36,1,18,420161.6
152,36,1,14,326792.4
153,36,0,32.5,665022
170,36,1,2,50773.6
182,36,1,5,114964.4
185,36,1,1,25174.2
186,36,1,4,100696.7
251,36,0,52,1178868.6
252,36,1,22,496064
253,36,1,17,383322.2
254,36,1,8,200379
14,37,1,2,53072.8
43,37,0,38,634683.6
44,37,0,19,397793.9
45,37,0,23,586698
46,37,1,18,365564.4
47,37,1,4,81236.5
104,37,0,39.5,771683
105,37,1,15.5,343056
107,37,1,14,309857.1
108,37,1,4,88530.6
111,37,1,1,21749.5
115,37,1,11,257113.1
148,37,1,5,128731.2
151,37,1,4,95073.6
152,37,1,6,142610.4
153,37,1,11,261452.3
175,37,1,2,50639.7
182,37,1,1,25319.9
196,37,1,2,52239.5
224,37,1,3,73798.9
230,37,1,2,49199.3
232,37,0,38,899687
233,37,1,20,491992.6
251,37,1,8,188767.8
252,37,1,23,542707.5
253,37,0,36,820568.9
254,37,0,43,884964
255,37,1,5,137349.8
14,38,1,4,106145.5
26,38,1,4,94919.1
27,38,1,4,94919.1
43,38,1,22,420668.6
44,38,1,17,345255.2
45,38,1,9,182782.2
46,38,1,15.5,314791.5
47,38,1,2,40618.3
48,38,1,20,406182.6
49,38,1,4,83291.1
61,38,1,4,88998
63,38,1,2,44499
66,38,1,2,40153.3
93,38,1,3,68225.7
94,38,1,2,35950.6
104,38,1,4,88530.6
106,38,1,13,287724.4
107,38,1,23,509050.9
109,38,1,1,21749.5
111,38,1,15.5,337117.9
112,38,1,4,86998.2
115,38,1,1,23373.9
126,38,1,6,137659.9
142,38,1,7,165750.4
143,38,1,16,378858
148,38,1,5,128731.2
153,38,0,28,692428.6
154,38,1,1,18957.1
181,38,1,1,25319.9
182,38,1,8,202558.9
186,38,1,2,44066.2
195,38,1,2,52239.5
196,38,1,6,156718.5
201,38,1,2,52239.5
202,38,1,3,78359.2
230,38,1,6,147597.8
231,38,1,2,49199.3
232,38,1,7,172197.4
234,38,1,1,27531.1
235,38,1,1,27531.1
252,38,0,31,667868.2
253,38,1,9,212363.8
254,38,0,26,637012.7
255,38,1,1,27470
13,39,1,4,106145.5
43,39,1,10,191213
45,39,1,10,203091.3
46,39,1,4,81236.5
47,39,1,1,20309.1
48,39,1,5,101545.7
49,39,1,11,229050.6
84,39,1,4,90967.6
90,39,1,2,45483.8
104,39,1,12,265591.8
105,39,1,15,331989.7
106,39,0,21,362529
107,39,1,10,221326.5
108,39,1,7,154928.5
109,39,1,7,152246.8
110,39,0,27,476716.1
111,39,0,30,593338.9
112,39,1,18,391491.8
116,39,1,12,280487
117,39,1,10,233739.1
118,39,1,10,233739.1
119,39,1,16.5,344048.1
120,39,1,8,166811.2
123,39,1,4,83405.6
124,39,1,9,206489.9
125,39,1,2,45886.6
126,39,1,9,206489.9
142,39,1,4,94714.5
143,39,1,22,520929.7
144,39,1,4,102985
146,39,1,10,257462.5
147,39,1,4,102985
148,39,1,3,77238.7
152,39,1,7,166378.7
153,39,1,17,404062.7
179,39,1,3,75959.6
180,39,1,5,126599.3
182,39,1,6,151919.2
184,39,1,10,220330.9
185,39,1,13,286430.1
186,39,1,10,220330.9
187,39,1,2,44066.2
200,39,1,5,130598.7
201,39,1,3,78359.2
213,39,1,11,296849.8
230,39,0,93,2409979.2
231,39,0,62.5,1458757.1
232,39,1,18,442793.4
233,39,1,4,98398.5
252,39,1,5,117979.9
254,39,1,5,137349.8
255,39,1,4,109879.9
12,40,1,8,212291.1
13,40,1,6,159218.3
43,40,1,21,401547.3
44,40,1,14,284327.8
45,40,1,6,121854.8
49,40,1,3,62468.3
52,40,1,5,104113.9
53,40,1,9,187405
68,40,1,2,40153.3
104,40,1,6,132795.9
105,40,0,44,992396.6
106,40,0,35,751924.1
107,40,1,6,132795.9
108,40,0,32,703202.1
109,40,0,25,548568.4
110,40,1,9,195745.9
111,40,1,9.5,206620.7
112,40,1,18,391491.8
113,40,1,6,130497.3
115,40,1,5,116869.6
116,40,1,2,46747.8
117,40,1,7,163617.4
118,40,1,2,46747.8
119,40,1,8,166811.2
120,40,1,9,187662.6
121,40,1,4,83405.6
123,40,1,5,104257
124,40,1,3,68830
125,40,1,19,435923.1
127,40,1,10,229433.2
141,40,1,3,71035.9
142,40,0,48,973897.5
143,40,0,60,1251776.3
144,40,1,5,128731.2
146,40,1,2,51492.5
147,40,1,14.5,373320.6
148,40,1,2,51492.5
149,40,1,5,118842
150,40,1,4,95073.6
151,40,1,8,190147.1
152,40,1,10,237683.9
154,40,1,1,18957.1
181,40,1,4,101279.5
184,40,0,26,592859.5
185,40,0,36,837299.4
186,40,0,18,391210.6
187,40,1,2,44066.2
196,40,1,3,78359.2
213,40,1,3,80959
229,40,0,52.5,1121867.1
230,40,0,70,1703217.8
231,40,1,15,368994.5
252,40,1,1,23596
13,41,1,7,185754.7
14,41,1,4,106145.5
38,41,1,1,19797.9
44,41,1,5,101545.7
53,41,1,5,104113.9
57,41,1,4,88998
76,41,1,3,60229.9
105,41,0,38.5,618622.7
106,41,0,40,956534.9
107,41,1,18,398387.6
108,41,1,1,22132.6
109,41,1,15,326243.1
110,41,1,17,369742.2
111,41,0,29,619590.2
112,41,1,8,173996.3
122,41,1,2,41702.8
123,41,1,12,250216.8
124,41,1,14,321206.5
125,41,1,10,229433.2
127,41,1,5,114716.6
142,41,1,8,189429
143,41,0,29,657758.6
144,41,1,15,386193.7
145,41,1,24,617910
147,41,1,5,128731.2
148,41,0,21,522942.4
149,41,1,6,142610.4
150,41,1,8,190147.1
153,41,1,10,237683.9
154,41,1,9,170614
155,41,1,26.5,502363.5
185,41,0,45,960048.8
186,41,0,44,983092.5
187,41,1,20,440661.7
188,41,1,6,132198.5
193,41,1,3,68149.3
196,41,1,6,156718.5
213,41,1,3,80959
229,41,1,21,516592.3
230,41,0,25,558532.9
38,42,1,1,23729.8
39,42,1,1,23729.8
41,42,1,1,23729.8
45,42,1,1,14880.7
48,42,1,3,44642.2
52,42,1,5,74403.7
57,42,1,3,66748.5
69,42,1,2,40153.3
72,42,1,7,140536.5
105,42,1,7,150941.6
106,42,0,93.5,1687590.5
107,42,0,16.5,320030.9
108,42,1,18,388135.6
109,42,0,22.5,485038.6
112,42,1,2,41874.8
113,42,1,11,230311.6
114,42,1,5,103962.3
119,42,1,2,43668.1
123,42,1,5,109170.3
124,42,1,16,388414.4
125,42,1,2,48551.8
126,42,1,2,48551.8
144,42,1,24,645782.6
145,42,0,37,909544.1
146,42,1,8.5,228714.7
147,42,0,24,571782.9
148,42,1,18,484336.9
154,42,1,13,331802.6
155,42,0,28,646465.6
183,42,1,2,45860.8
185,42,1,2,48160.4
186,42,0,36,862478.8
187,42,0,28,725016
188,42,0,86.5,1916556.4
194,42,1,4.5,112665.8
216,42,1,1,27234.5
217,42,1,8,217875.8
228,42,1,5,137655.6
229,42,1,3,82593.4
9,43,1,5,132681.9
48,43,1,7,104165.2
69,43,1,1,20076.6
103,43,1,21,477579.8
104,43,1,17,366572.5
105,43,1,8,172504.7
106,43,1,16.5,355790.9
107,43,0,52.5,1076222.7
108,43,0,51,995826.8
109,43,1,23.5,492029.4
113,43,1,16,334998.7
114,43,0,24.5,472384
115,43,1,4,83169.9
116,43,1,3,62377.4
117,43,1,3,62377.4
143,43,1,5,121379.5
144,43,0,34.5,819572.5
145,43,0,30,660784
146,43,1,16,430521.7
147,43,0,31.5,683330.5
153,43,1,4,107630.4
154,43,1,14,357325.8
159,43,1,5,175404.4
160,43,1,9,315727.8
161,43,1,3.5,122783
168,43,1,7,165337.7
183,43,1,19,435677.4
184,43,1,4,96320.7
185,43,1,8,192641.4
186,43,0,70,1706578.2
187,43,0,28,717248.8
188,43,1,10,240801.8
194,43,1,6,150221.1
211,43,1,14,365405.3
212,43,1,1,26100.4
213,43,0,54.5,1381717.6
214,43,0,29.5,667041
215,43,1,13,354048.1
216,43,1,5,136172.4
217,43,1,3,81703.4
218,43,1,4,108937.9
224,43,1,1,27531.1
31,44,1,1,23729.8
46,44,1,2,29761.5
54,44,1,2,44499
87,44,1,1,22741.9
97,44,1,5,113709.5
101,44,1,2,45483.8
104,44,1,2,43126.2
105,44,0,32,798878.2
106,44,1,2,43126.2
107,44,1,4,86252.3
108,44,0,32,706738.2
109,44,0,35,560511
110,44,0,41.5,774007.8
111,44,0,32,759917.1
112,44,1,16,334998.7
113,44,1,12,251249
114,44,0,42,768803.8
115,44,0,34,759461.6
116,44,1,14,291094.6
123,44,1,7,152838.4
144,44,1,8,215260.9
145,44,1,3,80722.8
146,44,1,2,53815.2
147,44,0,41.5,885943
150,44,1,3,80722.8
153,44,1,4,107630.4
157,44,1,1,25523.3
158,44,1,7,178662.9
159,44,1,5,175404.4
163,44,1,2,70161.7
167,44,1,1,23619.7
171,44,1,2,40544.5
182,44,1,4,91721.6
183,44,0,26,737202.4
185,44,1,13,313042.4
186,44,0,69,1535792
187,44,0,49,1055877.6
188,44,0,41,904258.2
189,44,1,19,467259.6
193,44,1,8,196740.9
210,44,1,8,208803
211,44,0,36.5,912387.4
212,44,0,39.5,879632.9
213,44,0,57.5,1359638.6
214,44,1,24,653627.3
215,44,1,3,81703.4
218,44,1,3,81703.4
224,44,1,2,55062.2
63,45,1,2,44499
67,45,1,13,260996.3
68,45,1,8,160613.1
104,45,1,35,754708
105,45,0,26,654511.6
106,45,1,22,474387.9
107,45,1,3,64689.3
108,45,1,8,172504.7
109,45,0,37.5,764793.8
110,45,0,42,773346.8
111,45,1,10,209374.2
112,45,1,8,167499.4
113,45,1,13,272186.5
114,45,0,53,1033830.8
115,45,0,34,646685.7
116,45,1,3,62377.4
120,45,1,8,174672.4
121,45,1,8,174672.4
122,45,1,3,65502.2
123,45,1,13,283842.7
124,45,1,8,194207.2
140,45,1,1,24275.9
141,45,1,4,97103.6
144,45,1,5,134538
145,45,1,5,134538
146,45,1,25,672690.2
147,45,0,29,702890.8
149,45,1,2,53815.2
157,45,1,2,51046.5
158,45,1,2,51046.5
163,45,1,6,210485.2
182,45,1,1,22930.4
183,45,1,5,114652
186,45,0,36.5,844564.4
187,45,0,31,656377.6
188,45,0,96,1806431.3
189,45,0,37,866917.7
191,45,1,12,295111.3
193,45,1,4,98370.4
207,45,1,4,82518.7
209,45,0,116,2501566.4
210,45,0,43,1117825.8
211,45,0,44.5,992479.2
212,45,0,39,940266.9
218,45,1,2,54468.9
20,46,1,1,26536.4
48,46,1,1,14880.7
51,46,1,3,44642.2
70,46,1,2,40153.3
82,46,1,7,140536.5
99,46,1,4,90967.6
104,46,1,24,517514.1
105,46,1,16,345009.4
106,46,0,28,570673.1
109,46,0,64.5,1337759.6
110,46,1,16,334998.7
111,46,1,1,20937.4
114,46,1,3,62377.4
115,46,1,4,83169.9
122,46,1,1,21834.1
123,46,1,27,589519.4
145,46,1,1,26907.6
147,46,1,1,26907.6
155,46,1,2,51046.5
156,46,1,3,76569.8
158,46,1,1.5,38284.9
159,46,1,1,35080.9
162,46,1,2,70161.7
164,46,1,7,165337.7
165,46,1,2,47239.3
166,46,1,26,614111.4
167,46,1,9,212577
174,46,1,6,137582.3
187,46,0,22,503797.8
190,46,1,8,196740.9
191,46,1,5,122963.1
208,46,1,1,20629.7
209,46,1,24,626409.1
210,46,0,36,897013.3
211,46,0,104.5,2359950.6
212,46,0,46.5,1117171.8
219,46,1,13,354048.1
220,46,1,4,108937.9
47,47,1,1,14880.7
48,47,1,2,29761.5
51,47,1,4,78709.8
52,47,1,7,137742.2
80,47,1,2,40153.3
98,47,1,3,68225.7
99,47,1,2,44021.2
100,47,1,3,66031.8
104,47,1,3,71116.6
105,47,1,6,142233.2
109,47,1,30,620102.2
110,47,1,2,41340.1
111,47,1,2,41340.1
114,47,1,3,65502.2
122,47,1,1,21834.1
155,47,1,5,151648.3
156,47,1,6,181977.9
158,47,1,3,90989
166,47,1,2,60574
167,47,1,3,90860.9
173,47,1,7.5,152041.9
174,47,0,28.5,730536.3
175,47,1,2,62374.2
176,47,1,5,155935.4
184,47,1,3,58984
187,47,0,37.5,734827.8
188,47,1,20,393226.8
189,47,1,11,242302.1
190,47,0,42,867923.5
191,47,1,12.5,275343.3
192,47,1,7,154192.2
208,47,1,1,20629.7
210,47,1,5,127758.5
211,47,0,33.5,889443.5
212,47,0,31.5,723236.6
213,47,1,22.5,574913.1
215,47,1,4,97229.6
219,47,0,57,1212669.5
220,47,0,39,992438.4
222,47,1,3,75449.8
234,47,1,5,137655.6
24,48,1,2,42830.1
48,48,1,3,44642.2
49,48,1,4,78709.8
51,48,1,5,98387.3
52,48,1,8,157419.6
58,48,1,1,22249.5
97,48,1,4,90967.6
101,48,1,3,66031.8
104,48,1,12,284466.5
122,48,1,3,65502.2
155,48,1,5,151648.3
156,48,1,4.5,136483.5
158,48,1,2,60659.3
159,48,1,8,231708.9
173,48,1,12.5,253403.2
174,48,0,73,1664507.5
175,48,1,10,311870.9
176,48,1,23,717303
177,48,1,3,93561.3
178,48,1,2,62374.2
184,48,1,11.5,226105.4
186,48,1,1,19661.3
187,48,0,50,916860.8
188,48,0,23,557747.6
189,48,1,6,132164.8
190,48,0,36,674762.6
191,48,1,25,550686.6
211,48,1,23,587689
212,48,1,9,229965.2
213,48,0,89.5,2293839.3
214,48,1,24,583377.8
215,48,1,2,48614.8
216,48,1,16,388918.5
217,48,1,13,315996.3
219,48,1,21,528148.3
220,48,0,49,1207264.3
222,48,1,2,50299.8
244,48,1,2,59174.7
23,49,1,1,26536.4
24,49,1,4,85660.3
25,49,1,3,64245.2
49,49,1,3,59032.4
51,49,1,6,118064.7
102,49,1,6.5,143069
103,49,1,9,198095.5
107,49,1,3,71116.6
112,49,1,1,20670.1
119,49,1,3,65502.2
155,49,1,20,606593.1
156,49,1,4,121318.6
159,49,1,21,608235.8
160,49,1,11,318599.7
168,49,1,1,30287
170,49,1,1,20272.3
174,49,0,25,630312.2
175,49,1,14,436619.2
176,49,0,55.5,1690940.5
177,49,0,35,1121491.9
178,49,0,41,1146357.7
179,49,1,17,482081.4
180,49,1,10,283577.3
184,49,1,2,39322.7
185,49,0,32,663968.8
186,49,1,2,39322.7
187,49,0,38,840731.6
188,49,0,54,1305562.6
189,49,0,23,580650.3
190,49,1,19,418521.8
191,49,1,10,220274.6
200,49,0,89.5,1644730.7
205,49,1,1,20629.7
206,49,1,31,639519.9
207,49,1,2,41259.3
211,49,1,6,153310.2
212,49,0,43,965890.6
215,49,1,11,267381.5
216,49,1,13,315996.3
217,49,0,45,1096783.8
218,49,1,9,218766.7
219,49,1,18,452698.6
220,49,1,5,125749.6
24,50,1,7,149905.4
25,50,1,9.5,203443.1
26,50,1,14,299810.9
29,50,1,4,94919.1
49,50,1,3,59032.4
51,50,1,5.5,108226
72,50,1,2,40153.3
97,50,1,2,45483.8
102,50,1,5,110053.1
103,50,0,32,683430.2
104,50,1,18,426699.7
105,50,1,2,47411.1
113,50,1,1,20670.1
114,50,1,7,152838.4
122,50,1,1,21834.1
146,50,1,2,53815.2
155,50,1,3,90989
156,50,1,4,121318.6
158,50,1,2,60659.3
159,50,1,4,115854.4
160,50,1,16,463417.8
169,50,1,6,121633.6
170,50,1,21,425717.5
175,50,1,25,779677.2
176,50,0,81,2254023.7
177,50,0,102,2569848.2
178,50,1,22,686115.9
179,50,1,15,425365.9
180,50,1,11,311935
181,50,0,28,619407.6
182,50,1,8,226861.8
185,50,1,9.5,186782.7
186,50,0,22,401505.3
187,50,0,57,1408200.6
188,50,0,51,1085346.7
189,50,0,23,337736.5
199,50,0,326,5627938.4
200,50,0,40.5,631689.5
201,50,0,118,2640525.3
202,50,1,2,50073.7
203,50,1,6,150221.1
204,50,1,23,474482.5
205,50,1,2,41259.3
206,50,1,6,123778
207,50,1,16,330074.8
208,50,1,2,41259.3
211,50,1,11,281068.6
212,50,1,4,102206.8
213,50,1,14,357723.7
214,50,1,2,48614.8
215,50,0,32.5,957596.6
216,50,1,21,510455.6
217,50,0,49,1278813.8
218,50,0,64,1464135.2
219,50,0,24,458124.2
220,50,0,24,616471
0,51,1,2,40781.5
23,51,1,4,106145.5
24,51,1,4,85660.3
25,51,0,27,500899.9
26,51,1,11,235565.7
27,51,1,2,42830.1
28,51,1,1,21415.1
29,51,1,1,23729.8
33,51,1,3,71189.3
49,51,1,2,39354.9
50,51,1,1,19677.5
52,51,1,1,19677.5
89,51,1,2,45483.8
102,51,1,14,308148.6
103,51,0,33,784091
104,51,1,15,355583.1
105,51,1,3,71116.6
107,51,1,5,118527.7
112,51,1,8,165360.6
113,51,1,3,62010.2
114,51,1,4,87336.2
145,51,1,1,26907.6
155,51,1,4,121318.6
156,51,1,14,424615.2
160,51,1,19,550308.6
163,51,1,6,173781.7
164,51,1,38.5,1166048.6
168,51,1,2,60574
175,51,0,29,664016
176,51,0,73,2108060.7
177,51,0,87.5,2219664.8
178,51,0,40,1108896.3
179,51,0,37,972695.1
180,51,0,59,1497266.9
181,51,1,24,680585.5
182,51,1,24,680585.5
183,51,1,9,255219.6
186,51,0,18,364415
187,51,1,20,393226.8
188,51,0,56,1068951.8
189,51,1,11,242302.1
190,51,0,34,791512.5
191,51,1,4,88109.9
198,51,1,4,100147.4
199,51,0,104.5,1490522
200,51,0,136.5,2430246.4
201,51,0,109,2290621.2
202,51,1,14,350515.8
203,51,1,5,125184.2
204,51,0,40,958114.9
205,51,1,16,330074.8
206,51,1,7,144407.7
207,51,1,4,82518.7
208,51,1,3,61889
213,51,1,2,51103.4
215,51,1,6,145844.5
217,51,1,4,97229.6
218,51,1,19,461840.8
227,51,1,5.5,151421.2
228,51,1,1,27531.1
23,52,1,13,239554.5
24,52,0,25.5,514484
25,52,1,16,295266.2
26,52,1,11,202995.5
28,52,1,7,129179
52,52,1,4,95243.2
85,52,1,4,82464.3
102,52,1,3,61848.2
103,52,1,19,391705.5
104,52,1,14.5,319039.4
105,52,1,20,440054.4
106,52,1,2,44005.4
108,52,1,3,66008.2
156,52,1,18,577430.3
159,52,0,35,1009022.5
160,52,0,29,794172.5
161,52,1,6,155777.8
162,52,1,4,103851.8
163,52,1,19,493296.3
164,52,0,34.5,863743.6
165,52,1,3,70434.6
176,52,0,100,1893689.3
177,52,0,28,801262.8
178,52,0,55,1140761
179,52,0,115,2697232.4
180,52,0,68,1601727.6
181,52,0,84,2034569.2
182,52,0,80.5,2202685.9
183,52,0,47,1407771.9
184,52,1,7,134558.6
188,52,1,5,96113.3
189,52,1,16,389990.1
190,52,0,54,1227564.9
198,52,0,187,2652225.4
199,52,0,154,2310126.1
200,52,0,107,2350582.2
202,52,1,4,94315
203,52,0,32,684644.8
204,52,0,62,1422771.7
205,52,1,6,130212.9
206,52,1,3,65106.5
212,52,1,3,75446.7
213,52,1,8,201191.1
227,52,1,1,22234.5
23,53,1,1,18427.3
24,53,1,10.5,193768.5
25,53,0,31,611257.3
26,53,1,6,110724.8
68,53,1,4,86581.9
106,53,1,2,44005.4
107,53,1,6,132016.3
111,53,1,2,43406.6
115,53,1,4,86435.2
158,53,1,2,64158.9
159,53,0,32,963792.5
160,53,0,53.5,1583341.9
161,53,0,34,1037857.3
162,53,0,55,1217405.2
163,53,0,62.5,1109484.9
164,53,0,65,1737873.7
165,53,1,8.5,199564.6
175,53,0,29,693354.4
176,53,0,34,502435.3
177,53,0,32,963642.5
178,53,0,124.5,2307155.7
179,53,0,139.5,2958802.8
180,53,0,59.5,1497072
181,53,0,54,1528882.6
182,53,0,121,2990413.5
183,53,0,64,1644234
184,53,0,60.5,1414960.8
185,53,0,193,4574552
186,53,0,82.5,1811897.2
193,53,0,626,8448188.3
194,53,0,830.5,11709341
195,53,1,3,61842.8
196,53,0,56,1088835
197,53,0,30,607957.9
198,53,1,20,412285.3
199,53,0,436,6023835.6
200,53,0,37,911497.8
201,53,1,3,70736.3
202,53,0,31,814275.9
203,53,0,71,1479623.5
204,53,0,39,992045.7
205,53,1,2,43404.3
216,53,1,3,77312.5
226,53,1,2,44468.9
227,53,1,1,22234.5
23,54,1,1,18427.3
25,54,1,1,18454.1
68,54,1,5,108227.4
69,54,0,21,480632
70,54,1,2,51840.7
102,54,1,2,41232.2
107,54,1,2,44005.4
108,54,1,2,44005.4
115,54,1,2,43217.6
159,54,1,5,129814.8
160,54,0,51,1344875.4
161,54,0,53.5,1297636.6
162,54,0,46,1147292.3
163,54,0,32,754779.9
164,54,0,50,1278817.4
165,54,0,30,834561.5
166,54,0,24,642035.1
167,54,1,14,328694.7
168,54,0,42,1229042.9
169,54,1,20,572663.8
174,54,0,42,691619.7
175,54,0,73.5,1365985.5
176,54,0,36,704372.9
177,54,0,173.5,2859408.9
178,54,1,2,50901.7
179,54,0,151,3220633.1
180,54,0,91,2506648.5
181,54,0,64,1482356.9
182,54,0,46,1135070.5
183,54,0,73,1996307.7
184,54,0,65,1459691.2
185,54,0,143.5,2472884.8
186,54,0,186.5,3221385.5
187,54,0,198,4095630.6
188,54,0,221,4432612.3
189,54,1,19,463113.2
190,54,0,32,635425.4
191,54,1,12,292492.5
192,54,1,2,48748.8
194,54,1,21.5,443206.7
195,54,0,73.5,1639732.5
196,54,0,49.5,1079698.4
197,54,0,32.5,762517.7
198,54,0,52,1259113.1
199,54,0,22,479672
200,54,0,37.5,861287.5
201,54,0,55,985010.7
202,54,0,41,1035034.6
203,54,0,51,1212539.1
204,54,1,17,368936.6
205,54,1,3,65106.5
206,54,1,2,43404.3
211,54,1,2,50297.8
217,54,1,4,103083.4
228,54,1,4,88937.9
23,55,1,1,18427.3
26,55,1,3,55362.4
53,55,1,1,23810.8
68,55,1,8,173163.9
69,55,0,35,729435.6
72,55,1,1,25920.4
107,55,1,5,110013.6
114,55,1,6.5,140457.2
115,55,1,21,453784.7
119,55,1,2,40173.3
158,55,1,4,128317.8
159,55,1,14,363481.4
160,55,0,32,800668
161,55,0,53,1450179.2
162,55,0,22,603153.6
163,55,1,24,623111.1
164,55,1,10,234781.9
167,55,1,10,234781.9
168,55,0,31,789239.9
169,55,0,53,1216653.3
170,55,0,41,1208130
171,55,0,39,922945.4
175,55,0,85,1815936.1
176,55,0,54,1399822.3
177,55,0,99,2679965.9
178,55,1,13,330860.9
179,55,0,57,1367506
180,55,0,111,2816579
181,55,0,185.5,3818971.7
182,55,0,99.5,2293241.9
183,55,0,181,3582559.8
184,55,0,180,3592571.8
185,55,0,116.5,2445147.8
186,55,0,191,4264110.5
187,55,0,328.5,6343232.1
188,55,0,70,1925229.2
189,55,0,266,6326919.4
190,55,0,312.5,6275003.5
191,55,0,31,618616.5
192,55,0,53,1241740.2
193,55,0,21,526266.9
194,55,0,80,1594104
195,55,0,87.5,1639454.3
196,55,0,34,739305.5
197,55,0,80,1395211.5
198,55,0,72,1312594.8
199,55,0,45,1126146.4
200,55,0,32,751803.3
201,55,0,55.5,1118790.2
202,55,0,54.5,1303851.3
203,55,1,15,353681.4
205,55,1,4,86808.6
231,55,1,1,22234.5
248,55,1,1,24008.3
251,55,1,2,48016.6
252,55,1,9,216074.9
253,55,1,21.5,516178.8
254,55,1,11,203179.7
255,55,1,5.5,101589.8
51,56,1,16,380973
52,56,0,23,457651.1
53,56,1,16,380973
63,56,1,10,222646.8
69,56,1,7,181442.5
71,56,1,1,25920.4
72,56,1,25,648008.8
113,56,1,2,43406.6
114,56,0,24.5,374737.5
115,56,0,35,709765.3
116,56,1,2,43217.6
119,56,1,4,80346.7
120,56,1,9,180780.1
143,56,1,4,78320.2
146,56,1,1,24719.3
158,56,1,11,352874.1
159,56,1,21,545222.2
160,56,0,39,1051313.3
161,56,1,17,441370.3
162,56,0,27.5,694522.4
163,56,0,43,1208325.2
164,56,1,11,258260.1
169,56,1,1,28633.2
170,56,1,27,773096.1
171,56,0,42,1027153.5
174,56,1,15,381762.5
175,56,1,25,636270.9
176,56,0,70,1810040.2
177,56,0,91,2251296.9
178,56,0,101,2065625
179,56,0,46.5,1167247.3
180,56,0,249,5054968.5
181,56,0,85,1989577.1
182,56,0,54,1461054.5
183,56,0,108.5,2700710.6
184,56,0,72,1539425.1
185,56,1,42,807351.6
186,56,0,134,3088348.9
187,56,0,140,3517907
188,56,0,149.5,3778412
189,56,0,276,6043908.1
190,56,0,278.5,5340805.2
191,56,0,145.5,3140090.2
192,56,0,191,3453666.7
193,56,0,105,2471387.2
194,56,0,36,676098
196,56,0,56,1127188.7
197,56,0,96,2221429.3
198,56,0,35,818392.1
199,56,0,17,379922
200,56,1,12,282945.1
201,56,1,14,330102.6
202,56,0,54.5,1412702.9
203,56,0,32,742280.8
207,56,1,4,86808.6
209,56,1,14,352084.5
213,56,1,1,25148.9
236,56,1,2,44468.9
248,56,1,2,48016.6
252,56,1,15,360124.8
253,56,0,25,474445
254,56,1,7,129296.2
4,57,1,5,92136.3
52,57,1,42,768320.3
53,57,1,9,164640.1
54,57,1,1,22264.7
66,57,1,1,21645.5
72,57,1,3,64936.5
105,57,1,1,21703.3
108,57,1,2,43406.6
109,57,1,1,21703.3
110,57,1,2,43406.6
113,57,1,6,130219.8
114,57,1,10,200866.7
115,57,1,4,80346.7
120,57,1,4,86308.5
121,57,1,8,172617.1
122,57,1,21,453119.8
134,57,1,2,39160.1
145,57,1,1,24719.3
158,57,0,39,1044933.8
159,57,1,26,710446
160,57,1,17,464522.4
161,57,1,11,300573.3
162,57,0,44,1109889.9
163,57,0,32,779951.2
171,57,1,2,64923.1
173,57,1,2,64923.1
175,57,1,2,39713.6
176,57,1,13,258138.5
177,57,0,74,1788125.4
178,57,0,79.5,1696841.2
179,57,0,133.5,2327977.9
180,57,0,98,2019890.2
181,57,0,80.5,1986217.7
182,57,0,80,1812511.8
183,57,1,40,949107.2
184,57,0,90.5,1741818.6
185,57,0,67,1296957.5
186,57,0,28.5,738365.7
187,57,0,60,1616985
188,57,0,234.5,6113257.8
189,57,0,233,5592639.9
190,57,0,319,6957215.7
191,57,0,194.5,4229417.7
192,57,0,129.5,3025865.5
193,57,0,72,1774702.8
194,57,0,94,1940641.8
195,57,0,36,728274.9
196,57,1,7,131544.3
197,57,0,93.5,1852117.5
198,57,0,33,730524.8
199,57,0,44,839135.2
201,57,1,19,446863.3
202,57,0,35.5,823981.6
203,57,1,4,94076.5
207,57,1,2,50297.8
209,57,1,5,134359.8
210,57,0,33.5,859110.8
211,57,0,25,653150.2
212,57,1,7,188103.8
214,57,1,2,51541.7
217,57,1,2,51541.7
234,57,1,3,66703.4
250,57,1,4,96033.3
251,57,1,3,72025
252,57,1,4,96033.3
52,58,1,3,54880
53,58,1,3,54880
69,58,1,2,43291
73,58,1,7,151518.4
115,58,1,7,140606.7
123,58,1,2,43154.3
124,58,1,6,117480.4
125,58,1,1,19580.1
157,58,1,8,235667.6
158,58,1,25,736461.2
159,58,0,55,1315331.2
160,58,1,11,300573.3
161,58,1,25.5,696783.6
162,58,0,25.5,643485.9
163,58,1,5,136624.2
166,58,1,2,50285
176,58,0,120,2169155.7
177,58,0,63,1275209.9
178,58,0,80,1644458.2
179,58,0,197,3188599.7
180,58,0,215,3581484.1
181,58,0,135,2916815.9
182,58,0,52,989843.6
183,58,0,117.5,2191078.8
184,58,0,66,1313393.1
185,58,1,3,82727.1
186,58,1,18,496362.3
187,58,0,131,3499386
188,58,0,175,4418356.2
189,58,0,187,4631129.5
190,58,0,131.5,2767731.2
191,58,0,302,5497042.3
192,58,0,81,1583105.9
193,58,0,121,2660833.1
194,58,0,87,1974668.1
195,58,0,92,1978910.1
196,58,1,26,488593.1
197,58,0,44,1082104.4
198,58,1,4,75168.2
199,58,0,85,1981419.5
200,58,1,12,282229.5
202,58,1,6,141114.7
210,58,0,28,808662.6
211,58,1,30,806159
212,58,0,44,1173385.7
213,58,0,30,895272.5
214,58,1,4,103083.4
250,58,1,2.5,60020.8
57,59,1,1,22264.7
68,59,1,5,108227.4
69,59,1,15,324682.3
72,59,1,1,21645.5
74,59,1,2,46817.9
85,59,1,2,41232.2
123,59,1,1,21577.1
127,59,1,3,58740.2
131,59,1,4,78320.2
158,59,1,24,707002.8
159,59,0,24,513561.3
161,59,1,1,27324.8
164,59,1,4,100569.9
165,59,1,7,175997.4
166,59,0,29,539505.4
175,59,1,13,258138.5
176,59,0,235,3221260.2
177,59,0,225.5,3204523.4
178,59,0,139,1749068.8
179,59,0,330.5,5762340.9
180,59,0,103,1814018.5
181,59,0,111.5,2255147.8
182,59,0,111,2354795.1
183,59,0,125.5,2995617.9
184,59,0,55,1065098.3
185,59,0,24,676719.3
186,59,0,182,5334959.1
187,59,0,108.5,3255464.9
188,59,0,146,3738480.3
189,59,0,75.5,1583444.9
190,59,0,223.5,4478150.3
191,59,0,92,2353690.8
192,59,0,136.5,2863172.9
193,59,0,66,1349849.8
194,59,0,159,3235999.9
195,59,1,16,300672.6
196,59,0,37,665282.8
197,59,0,52,1326346.6
198,59,0,54.5,1299693.6
199,59,1,15,352786.8
200,59,1,16,376305.9
203,59,1,2,47038.2
204,59,1,6,150893.3
208,59,1,5,125744.5
210,59,1,3,80615.9
211,59,1,8,214975.7
212,59,0,48,1338987.6
213,59,1,25,671799.1
214,59,1,19,489646
215,59,1,6,154625.1
47,60,1,2,36586.7
80,60,1,3,70226.9
124,60,1,3,58740.2
158,60,0,43,1026067.1
159,60,0,57,1267376.8
160,60,1,3,81974.5
161,60,1,4,109299.4
163,60,0,44,1045671.7
164,60,1,1,25142.5
166,60,1,15,377137.2
167,60,1,5,125712.4
169,60,1,6,194769.2
171,60,1,5,162307.7
174,60,1,1,19856.8
176,60,0,349,4767357.4
177,60,0,77,1258271.2
178,60,0,116,1441971
179,60,0,112,1478750
180,60,0,124,2593459.8
181,60,0,82.5,1847434.5
182,60,0,73,1919793.2
183,60,0,152.5,2673292.3
184,60,1,8,220605.5
185,60,0,59.5,1447066.9
186,60,0,104.5,2928702.1
187,60,0,129,3720565.3
188,60,0,158,3712733.2
189,60,0,79.5,2117035.1
190,60,0,223,4071950
191,60,0,125.5,2902010.4
192,60,1,7,162591.4
193,60,0,46,732698.6
194,60,1,19.5,366444.8
195,60,1,4,75168.2
196,60,1,2,37584.1
198,60,1,14,263088.6
199,60,1,4,94076.5
211,60,1,32,859902.9
212,60,0,44,1148194.1
213,60,1,16,429951.4
214,60,1,9,231937.6
217,60,1,1,25770.8
253,60,1,3,72025
9,61,1,3,55281.8
62,61,1,4,89058.7
72,61,1,3,64936.5
76,61,1,1,23409
116,61,1,6,120520
155,61,1,1,29458.4
158,61,1,22.5,662815.1
159,61,0,58,1481750.1
160,61,0,52,1402642
161,61,1,21,573821.8
162,61,1,20,546496.9
163,61,1,1,27324.8
169,61,1,8,259692.2
173,61,1,1,32461.5
174,61,1,18,357422.6
176,61,1,30,595704.3
177,61,1,20,397136.2
178,61,1,10,198568.1
179,61,1,2,47455.4
180,61,1,3,71183
181,61,1,1,23727.7
184,61,0,72,1517121.4
185,61,0,114,2392617.1
186,61,0,112,2764886.4
187,61,0,261.5,6367610.9
188,61,0,113.5,3306667.3
189,61,0,170,3788973.5
190,61,0,245.5,3875596
191,61,0,62.5,1236115.6
192,61,1,32.5,754888.5
193,61,1,9,209046
194,61,0,25,706090.7
195,61,0,67,1462678.8
196,61,1,13,244296.5
197,61,1,11.5,216108.5
201,61,1,2,47038.2
211,61,0,31,888078.8
212,61,1,14,376207.5
214,61,1,2,51541.7
216,61,1,1,25770.8
218,61,1,1,25770.8
8,62,1,11,232172.7
9,62,1,11,217662.1
44,62,1,2,44529.4
45,62,1,5,111323.4
46,62,1,1,22264.7
63,62,1,5,104279.2
66,62,1,2,46817.9
89,62,1,5,103080.4
110,62,1,5,105197.8
125,62,1,7,162503.2
126,62,1,6,139288.4
147,62,1,1,24719.3
158,62,1,26,598624.2
159,62,0,66.5,1322983.2
160,62,0,30,797332
161,62,0,24.5,606645
162,62,1,11,272099
163,62,1,17,420516.6
164,62,0,38,1014435.9
165,62,1,2,47576.5
180,62,1,26.5,669932.8
181,62,0,38,578728.7
182,62,1,4,101121.9
184,62,1,16,314348.9
185,62,0,80,2073334.4
186,62,0,170,3866250.7
187,62,0,202,4881598.9
188,62,0,129,2890189.7
189,62,0,305,4114111
190,62,0,344,4653508.9
191,62,0,136,2997581.7
192,62,0,91.5,2425706.2
193,62,0,79.5,2090759.1
194,62,1,11,274826.7
195,62,0,47.5,960507.4
196,62,0,49,1075890.6
197,62,0,56.5,1234486.1
198,62,0,32.5,829747.2
209,62,1,1,28877
210,62,1,20,577540
211,62,0,26,613277.8
212,62,1,5,144385
214,62,1,2,54234.1
218,62,1,2,54234.1
219,62,1,2,54234.1
8,63,1,16.5,348259
9,63,1,31,613411.3
53,63,1,1,22264.7
61,63,1,1,20855.8
76,63,1,1,23409
125,63,1,2,46429.5
127,63,1,1,23214.7
129,63,1,5,97900.3
155,63,1,1,23024
157,63,1,23,529552.2
158,63,0,75,1565584
159,63,1,2,49472.5
161,63,1,9,222626.4
162,63,1,5.5,136049.5
163,63,0,32,855815.9
164,63,1,13,309247.6
179,63,1,17,429768.2
180,63,0,32,734788.8
181,63,0,37.5,665338.3
182,63,1,5,126402.4
184,63,0,113,2409471.5
185,63,0,225,5037253.8
186,63,0,109,2291561.6
187,63,0,96,2256782.1
188,63,0,52.5,1346237.7
189,63,0,247,3512409.2
190,63,0,211.5,2799238
191,63,0,506,7901855.4
192,63,0,93.5,2180158.2
193,63,0,48,1316972.2
194,63,0,30,777801
195,63,0,43,815659
196,63,0,30,668360.2
197,63,0,22,566700.2
198,63,0,80,1932705.4
199,63,0,76,1868887.7
200,63,1,3,78019
209,63,1,11,317647
210,63,1,15.5,447593.5
212,63,1,1,28877
213,63,0,35.5,818421.8
214,63,1,16,433872.6
248,63,1,19,442049.4
249,63,1,6,150557.8
250,63,1,4,100371.9
7,64,1,17,358812.3
8,64,1,5,105533
9,64,1,12,237449.5
56,64,1,2,41711.7
61,64,1,1,20855.8
74,64,1,2,46817.9
77,64,1,3,70226.9
116,64,1,3,63118.7
120,64,1,3,63118.7
121,64,1,2,42079.1
122,64,1,3,63118.7
124,64,1,1.5,34822.1
125,64,1,7,162503.2
161,64,1,3,74208.8
163,64,1,13,321571.5
164,64,1,27,642283.4
169,64,1,4,95153.1
177,64,1,2,59937.9
178,64,1,5,149844.7
179,64,0,34,834679.9
180,64,0,31,598881.8
182,64,1,9,227524.3
184,64,0,31,576802.7
185,64,0,143,3212644.8
186,64,0,127,3000282
187,64,0,195.5,4171950.6
188,64,0,188,3485292.6
189,64,0,61,1335457.5
190,64,1,7,165406
191,64,0,67,1452657.4
192,64,0,66,1698016.5
193,64,1,25,590735.8
194,64,1,28.5,712051
195,64,0,30.5,766310.1
196,64,0,31,866974.9
197,64,1,25,624606.2
198,64,1,17,424732.2
199,64,0,34,924609.7
200,64,0,44,1186998.9
201,64,0,24.5,595330.6
202,64,1,4,104025.4
209,64,1,2,57754
213,64,1,9,259893
214,64,1,3,81351.1
245,64,1,3,69797.3
247,64,1,2,46531.5
249,64,1,25,627324.3
250,64,1,19,476766.5
6,65,1,5,105533
7,65,1,13.5,284939.2
8,65,0,23.5,423211.7
52,65,1,2,44529.4
56,65,1,16,333693.5
115,65,1,3,63118.7
124,65,1,4,92859
160,65,1,19,469989.1
161,65,0,43,1011355.2
166,65,1,18.5,440083.1
167,65,1,20,475765.5
168,65,1,3,71364.8
170,65,1,2,47576.5
178,65,1,2,59937.9
179,65,0,24,563224.6
180,65,0,111,2127862.4
181,65,1,3.5,88481.7
184,65,1,9,176821.3
185,65,0,398.5,6242866.1
186,65,0,142,2545764.5
187,65,0,51,1332100.4
188,65,0,34,687109.2
189,65,0,35,752022.3
191,65,0,123,2622054.1
192,65,0,95,2078347.6
193,65,1,19,448959.2
194,65,1,12,299811
195,65,0,119,2702194.9
196,65,0,56.5,1160314.1
197,65,0,108.5,2545313.7
198,65,1,15,374763.7
199,65,0,33.5,935024.4
200,65,0,47,1201872.5
201,65,1,2,52012.7
202,65,1,6,156038
203,65,1,4,104025.4
210,65,1,1,28877
214,65,1,2,54234.1
248,65,1,13,302454.9
249,65,1,5,125464.9
250,65,1,12.5,313662.1
251,65,1,17,426580.5
252,65,1,14,351301.6
253,65,1,3,75278.9
11,66,1,2,39574.9
35,66,1,2,36908.3
56,66,1,7,145990.9
57,66,1,4,83423.4
124,66,1,2,46429.5
159,66,1,10,247362.7
160,66,0,52.5,1462853.1
161,66,0,41,1053195.9
165,66,1,1,23788.3
166,66,1,4,95153.1
167,66,1,5,118941.4
168,66,1,11,261671
178,66,1,31.5,944021.3
179,66,0,29,797480.7
180,66,1,8.5,214884.1
181,66,1,1,25280.5
182,66,0,39,718045.9
184,66,1,2,39293.6
185,66,0,45.5,1020641
186,66,0,81.5,1988183.4
187,66,0,35.5,780719.9
188,66,0,116.5,2516925
189,66,0,42,1132250.7
190,66,0,62,1712361.8
191,66,0,53,1363278.5
192,66,0,62.5,1719712.7
193,66,0,79.5,1982373
194,66,1,7,174889.7
195,66,0,86,1731422.5
196,66,0,132,2906063.4
197,66,0,150,3435248.4
198,66,0,124,2625779.5
199,66,1,29,754183.9
203,66,1,4,104025.4
204,66,1,2,42911.1
205,66,1,1,21455.6
212,66,1,7,202139
214,66,1,3,81351.1
246,66,1,2,46531.5
247,66,1,19,442049.4
250,66,1,3,75278.9
254,66,1,5,116660.1
31,67,1,3,55362.4
35,67,1,1,18454.1
54,67,1,1,20855.8
76,67,1,4,93635.8
90,67,1,2,41232.2
144,67,1,3,74157.9
150,67,1,2,49438.6
151,67,1,4,98877.3
158,67,1,5,123596.6
159,67,1,29,625104
160,67,0,61.5,1617098
161,67,0,29,758223
165,67,1,3,60343.5
166,67,1,1,20114.5
167,67,1,3,60343.5
168,67,1,14,281602.8
177,67,0,53,1160688
178,67,0,62,1330705
179,67,0,47,1216812.9
180,67,1,33.5,789203.2
181,67,0,104.5,2190404.2
182,67,0,81,1715101.2
183,67,0,45,884480.3
184,67,0,31,686207.7
185,67,0,121,2563103.5
186,67,0,46.5,925883.4
187,67,0,40,886892.4
188,67,0,65.5,1664936.4
189,67,0,66.5,1674280.4
190,67,0,82.5,2057926.9
191,67,0,59,1519066
192,67,0,84.5,2022002.4
193,67,0,66.5,1624946.9
194,67,1,19,509750.2
195,67,0,25,585996.5
196,67,0,34,807744.2
197,67,0,120.5,2027604
198,67,0,110,2546117.3
199,67,1,20,569824.8
200,67,1,2,56982.5
205,67,1,1,21455.6
213,67,1,1,21455.6
245,67,1,20,502343.7
246,67,1,16,401875
247,67,1,11,276289
252,67,1,6,139594.6
253,67,1,3,69797.3
51,68,1,2,44529.4
85,68,1,1,20616.1
94,68,1,1,20616.1
121,68,1,2,42079.1
158,68,1,21,519105.6
159,68,0,51.5,1320661.8
160,68,0,58,1500075.9
161,68,0,20,549046.2
165,68,1,28,563205.6
168,68,1,4,80457.9
176,68,1,3,70832
177,68,0,61,1542558
178,68,0,75,1889431.5
179,68,0,106.5,2596957.7
180,68,0,94,2116468.1
181,68,0,100.5,2249336.6
182,68,0,130,2554925.5
183,68,0,80.5,1647010.3
184,68,0,75.5,1679426.1
185,68,0,152.5,3240402.3
186,68,0,103.5,2455945.5
187,68,1,10,264300.4
189,68,0,31,878504.2
190,68,0,91,2302366.9
191,68,0,112,2790822
192,68,0,66.5,1495838.2
193,68,0,34,836178
194,68,0,31,862457.9
195,68,0,41.5,1094056.8
196,68,0,40,1204054.1
197,68,0,108,2617417.9
198,68,0,47,1126353.4
199,68,1,7,199438.7
206,68,1,2,42911.1
245,68,1,6,150703.1
45,69,1,2,44529.4
61,69,1,5,102867.2
65,69,1,2,46817.9
66,69,1,3,70226.9
67,69,1,9,210680.6
87,69,1,7,144312.6
123,69,1,10,210395.5
124,69,1,4,78320.2
158,69,1,3,74157.9
159,69,0,74.5,1697918.1
160,69,0,55,1264095.9
161,69,0,27.5,734424.2
164,69,0,27,588512.2
165,69,1,3,60343.5
166,69,1,22,442518.7
168,69,1,7,140801.4
177,69,0,46,1029510.3
178,69,1,18,424991.7
179,69,0,64.5,1651177.5
180,69,0,65,1469586.8
181,69,0,75.5,1556228.5
182,69,0,35,745001.1
183,69,0,86.5,1975029.7
184,69,0,83.5,1951798.3
185,69,0,302,5848155.3
186,69,0,128,2615406.4
187,69,1,21,555030.8
188,69,1,8,211440.3
189,69,1,17,508928.4
190,69,0,52,1326814.7
191,69,0,135,2909009.9
192,69,0,141.5,2868668.9
193,69,1,9.5,284401.2
195,69,1,12,321947.5
196,69,1,4,107315.8
197,69,1,10,268289.6
199,69,1,2,56982.5
207,69,1,5,107277.8
208,69,1,8,171644.5
245,69,1,11.5,288847.6
255,69,1,3,81315.6
58,70,1,4,83423.4
60,70,0,35,740587.7
61,70,1,19,390895.3
62,70,0,33,508255.1
63,70,0,47,720811
65,70,1,6,140453.7
66,70,1,9,210680.6
121,70,1,2,42079.1
122,70,1,1,21039.6
123,70,1,1,21039.6
124,70,1,14,274120.8
159,70,1,10.5,226330.8
160,70,0,64.5,1459167.6
161,70,0,56.5,1310258.5
163,70,0,21,539879.5
164,70,0,25,601796.6
166,70,1,11,221259.3
174,70,1,2,47221.3
175,70,1,11,259717.2
176,70,1,12,283327.8
178,70,1,2,47221.3
179,70,0,31,800594.2
180,70,0,48,1343614.1
181,70,0,46.5,1063935.1
182,70,0,92.5,1777170.8
183,70,0,115.5,2349105.1
184,70,0,78.5,1753215.1
185,70,0,102.5,1691146
186,70,0,132.5,2340386.4
187,70,0,49.5,1240291.6
188,70,1,18,475740.7
189,70,0,44,1240430.1
190,70,0,109.5,2611311.9
191,70,0,148,3304948.4
192,70,0,65.5,1313261.3
194,70,1,2,53657.9
195,70,1,5,134144.8
196,70,1,2,53657.9
197,70,1,3,80486.9
200,70,1,6,170947.4
203,70,1,1,28491.2
243,70,1,5,111172.3
59,71,1,13,267454.7
60,71,0,80.5,1659637.3
61,71,0,21.5,436527.9
62,71,0,31.5,566808.8
63,71,0,23,338180.4
64,71,1,9,210680.6
65,71,1,13,304316.4
76,71,1,2,46817.9
77,71,1,1,23409
97,71,1,3,61848.2
122,71,1,4.5,94678
123,71,1,4,84158.2
155,71,1,7,173035.2
156,71,1,1,24719.3
159,71,0,53,775075.6
160,71,0,97,1766734.2
161,71,0,32.5,536264.4
163,71,0,25,539843.2
166,71,1,2,40229
173,71,1,2,47576.5
179,71,1,11,259141.3
180,71,0,74,1743367.5
181,71,0,61.5,1666090
182,71,0,105.5,2036071.3
183,71,0,240.5,4097486
184,71,0,191,3416821.6
185,71,0,90,2069312.6
186,71,0,29,685077
187,71,0,35,570733
188,71,0,45.5,1209517.3
189,71,0,89,2326468.7
190,71,0,100,2547067.2
191,71,0,130,2976310.5
192,71,0,25,810927.3
193,71,1,4,119747.9
194,71,1,3,80486.9
195,71,1,1,26829
199,71,1,4,113965
200,71,1,20,569824.8
209,71,1,13,278922.3
213,71,1,1,21455.6
214,71,1,2,54234.1
215,71,1,6,162702.2
217,71,1,5,135585.2
241,71,1,6,133406.8
242,71,0,29,781423.9
243,71,1,27,600330.7
244,71,1,8,200937.5
38,72,1,3,69504
40,72,1,3,65219.5
41,72,1,4,86959.3
42,72,1,2,43479.7
54,72,1,2,35449.6
57,72,1,20,354495.6
58,72,0,24,421324.6
59,72,0,30,615367.9
60,72,1,11,239225.1
61,72,0,73,1360970.5
62,72,0,68,1498839.2
63,72,0,22,459486.1
64,72,0,29,765075.3
65,72,1,4,101163.1
69,72,1,2,55104.3
87,72,1,5,113546.4
110,72,1,1,23254.7
111,72,1,5,116273.7
122,72,1,4,84668.1
123,72,1,22,465674.3
144,72,1,1,26267.7
150,72,1,5,104704
151,72,1,10,209408
152,72,1,7,146585.6
153,72,1,9,188467.2
154,72,1,15,366628.2
155,72,1,27,659930.7
156,72,0,30,715985.7
159,72,1,14,316934.9
160,72,0,132.5,2346551.2
161,72,0,85.5,1530766
162,72,0,100.5,2065766.7
163,72,0,148.5,2262531.4
164,72,1,2,48408.2
169,72,1,2,50816.6
180,72,1,16,441385.8
182,72,1,19,524145.7
183,72,0,82,2092666.4
184,72,0,84.5,1907669.1
185,72,0,182.5,2776971.6
187,72,0,25,670245.1
188,72,0,53,1289281.2
189,72,0,69,1652880
190,72,0,84,2153014.1
191,72,0,82,2090212.7
192,72,1,10,237302
201,72,1,20,513101.6
209,72,1,9,217128.8
234,72,1,2,48979.1
238,72,1,12,293874.6
240,72,0,37,831269.6
241,72,1,27.5,727505.2
242,72,1,2,52909.5
33,73,1,2,40805
38,73,1,2,46336
41,73,1,2,43479.7
44,73,1,2,49056.8
56,73,1,2,35449.6
57,73,1,11,194972.6
58,73,0,51,883516.1
59,73,0,36,737476.8
60,73,0,81,1744039.8
61,73,0,35,870192.9
62,73,1,4,86991
63,73,0,29,606614
64,73,1,20,505815.4
65,73,1,23,581687.7
66,73,1,6,151744.6
114,73,1,1,21167
120,73,1,3,63501
121,73,1,5,105835.1
122,73,1,17,359839.2
123,73,1,6,127002.1
124,73,1,7,204084.6
126,73,1,1,29154.9
142,73,1,1,22184.7
155,73,1,18,439953.8
156,73,1,12,293302.5
157,73,1,6,146651.3
159,73,1,14,316934.9
160,73,0,283.5,4643381.1
161,73,0,176.5,3132384.7
162,73,0,111,2485510.8
163,73,0,47.5,846618.9
180,73,1,9,248279.5
182,73,1,3,82759.8
183,73,1,27,744838.6
184,73,1,18,442092.5
185,73,0,93.5,1966420.3
186,73,1,2,49121.4
187,73,1,1,24560.7
188,73,0,40,910249.7
189,73,0,79.5,1434167.9
190,73,0,241,4179697
191,73,0,116.5,2700154.2
192,73,0,21,624645.8
196,73,1,5,128275.4
201,73,1,5,128275.4
205,73,1,4,99023.2
208,73,1,7,173290.6
209,73,1,5,120627.1
214,73,1,2,49363.2
233,73,1,9.5,190922.7
234,73,1,4,97958.2
237,73,1,5,122447.8
238,73,1,3,73468.7
239,73,1,3,79364.2
240,73,0,27,632085
241,73,0,64,1429750.4
242,73,1,9,238092.6
243,73,1,8,211637.9
244,73,1,7,181518.7
251,73,1,8,203641.4
252,73,1,1,25455.2
36,74,1,9,208512
37,74,0,54,906151.2
38,74,1,13,301184
52,74,1,2,49056.8
60,74,0,24,564690.6
61,74,0,27,585460.7
62,74,1,17,369711.6
63,74,1,1,21747.7
64,74,1,1,25290.8
72,74,1,2,55104.3
93,74,1,5,113546.4
114,74,1,1,21167
124,74,1,3,87464.8
125,74,1,4,116619.8
143,74,1,4,88738.6
144,74,1,1,26267.7
154,74,1,1,24441.9
155,74,1,10,244418.8
156,74,1,6.5,158872.2
160,74,0,107,2064249.3
161,74,0,98,2158868.8
162,74,0,108,2163177.4
163,74,0,61,1254290.9
164,74,0,68,1512160.4
184,74,0,37,1041103.2
185,74,0,80,1857568.4
186,74,1,1,24560.7
187,74,1,9,221046.3
188,74,1,2,49121.4
189,74,0,45,1208711.7
190,74,0,95,1946758.4
191,74,0,72,1695708.5
192,74,1,12,284762.4
204,74,1,3,74267.4
207,74,1,3,74267.4
208,74,1,6,148534.8
211,74,1,16,386006.8
212,74,1,10,241254.2
213,74,1,1,24125.4
214,74,1,5,123408
216,74,1,4,98726.4
233,74,1,31,623011.1
234,74,1,5,122447.8
235,74,1,6,146937.3
236,74,1,10,244895.5
240,74,1,7,185183.1
241,74,1,16,423275.8
244,74,1,15,388968.7
245,74,1,8,207450
250,74,1,8,203641.4
32,75,1,12,244830.2
33,75,0,28,610834.4
34,75,1,7,162176
35,75,1,9,208512
36,75,1,19,440192
37,75,1,4,92672
54,75,1,6,106348.7
55,75,1,1,17724.8
60,75,1,6,130486.4
61,75,1,8,173981.9
62,75,1,3,65243.2
63,75,1,19,413207
64,75,1,4,101163.1
71,75,1,5,137760.8
72,75,0,31,570039.1
74,75,1,2,44718.4
75,75,1,3,67077.5
125,75,1,1,29154.9
145,75,1,4,105070.8
153,75,1,4,83763.2
155,75,1,7,171093.2
156,75,1,1,24441.9
160,75,0,88,1794720.9
161,75,0,166.5,3372908.7
162,75,0,66,1475211.8
163,75,0,253.5,4132177.4
164,75,0,83.5,1562249
165,75,0,30.5,708156.3
166,75,0,20,548529.8
167,75,0,30.5,682317.9
168,75,1,11,266245.1
171,75,1,5,127041.6
176,75,1,2,55524.8
180,75,1,6,165519.7
183,75,1,6,165519.7
184,75,0,31,869704.2
185,75,1,6,147364.2
189,75,1,21.5,510199.3
190,75,0,41,1048163.4
191,75,0,80,1868309.9
192,75,1,8.5,201706.7
193,75,1,2,47460.4
207,75,1,5,123779
212,75,1,11,265379.7
213,75,1,6,144752.5
217,75,1,4,98726.4
218,75,1,1,24681.6
250,75,1,1,25455.2
32,76,1,22.5,459056.6
33,76,0,57,1376230.5
34,76,0,32.5,795109.2
35,76,1,12,278016
36,76,1,4,92672
63,76,1,9,195729.7
72,76,1,6,165313
73,76,1,4,110208.7
74,76,1,4,89436.7
84,76,1,3,68127.8
110,76,1,9,209292.6
114,76,1,3,63501
144,76,1,2,52535.4
151,76,1,3,62822.4
155,76,1,10,244418.8
160,76,0,53,1094750.6
161,76,0,23,512714.1
162,76,0,55.5,981615
163,76,0,40,801745.7
164,76,0,93.5,1925066.8
165,76,0,57.5,1295944.7
166,76,0,26.5,612050.6
167,76,1,15,363061.5
168,76,0,36.5,784210.8
169,76,1,18,457349.8
170,76,1,6,152449.9
173,76,1,2,50816.6
176,76,1,1,27762.4
177,76,1,2,55524.8
178,76,1,2,55524.8
180,76,1,17,468972.4
181,76,1,3,82759.8
182,76,1,21,579318.9
183,76,1,25,689665.4
184,76,0,67.5,1769511.8
185,76,1,27,663138.8
207,76,1,4,99023.2
219,76,1,1,24681.6
239,76,1,11,291002.1
249,76,1,2,50910.4
250,76,1,2,50910.4
29,77,1,2,47457.9
32,77,1,5,118644.7
33,77,0,42,693700.7
34,77,1,21,417345.4
35,77,1,24,476966.2
36,77,1,33,655828.5
37,77,0,32,650527.7
38,77,0,30,638809.9
39,77,1,2,43479.7
41,77,1,3,65219.5
83,77,1,7,156514.2
95,77,1,1,20211
96,77,1,4,80844.1
114,77,1,6,130969.5
115,77,1,15,327423.8
161,77,0,39,659123.4
162,77,0,110,1999647.6
163,77,1,16,345878.1
164,77,0,78,1778677.4
165,77,0,46,1107401.6
166,77,0,39.5,854461.9
167,77,0,70.5,1578234.3
168,77,0,55,1289325
169,77,0,43,1016545
170,77,1,21,492358
173,77,1,1,23445.6
175,77,1,2,55524.8
180,77,1,1,27762.4
181,77,1,8,222099.3
182,77,1,27.5,763466.5
183,77,1,11,305386.6
184,77,0,51,1306591.2
185,77,1,14,336459.2
186,77,1,12,288393.6
189,77,1,3,72098.4
190,77,1,2,48065.6
207,77,1,4,98726.4
212,77,1,2,49363.2
239,77,1,7,176908.7
240,77,1,3,75818
249,77,1,3,77793.7
250,77,1,1,25931.2
32,78,1,3,71186.8
33,78,1,22,522036.7
34,78,0,37,809534.9
35,78,1,11,218609.5
36,78,1,6,119241.5
39,78,1,3,65219.5
40,78,1,3,65219.5
62,78,1,1,17724.8
79,78,1,1,22359.2
80,78,1,1,22359.2
83,78,1,10,223591.8
87,78,1,2,45418.6
88,78,1,6,136255.7
89,78,1,5,89902.3
90,78,1,4,71921.8
91,78,1,3,53941.4
92,78,1,1,17980.5
93,78,1,8,143843.6
94,78,1,3,60633.1
95,78,1,13,262743.3
96,78,1,2.5,50527.6
111,78,1,2,46509.5
115,78,1,22.5,491135.6
161,78,1,14,302643.4
162,78,0,142,2394085.7
163,78,0,32.5,739222
164,78,0,69,1438430.1
165,78,0,52.5,1226328.4
166,78,0,27,593745.9
167,78,1,15,224273.5
168,78,0,43.5,1038391.7
169,78,1,18,422021.2
181,78,1,2,55524.8
182,78,1,5,138812.1
183,78,1,1,27762.4
184,78,1,3,72098.4
185,78,1,10,240328
186,78,1,5,120164
189,78,1,3,72098.4
190,78,1,2,48065.6
206,78,1,2,49363.2
211,78,1,6,148089.5
212,78,1,2,49363.2
238,78,1,17,429635.5
239,78,1,7,176908.7
243,78,1,5,126363.4
30,79,1,2,47457.9
32,79,1,5,118644.7
33,79,1,18,427121
34,79,1,8,158988.7
40,79,1,2,43479.7
47,79,1,2,49056.8
78,79,1,4,89436.7
82,79,1,2,44718.4
84,79,1,3,68127.8
85,79,1,1,22709.3
89,79,1,1,17980.5
93,79,1,4,71921.8
94,79,1,1,20211
95,79,1,15,303165.3
116,79,1,22,480221.5
117,79,1,7.5,163711.9
118,79,1,5,109141.3
119,79,1,25,487619.1
122,79,1,4,78019.1
123,79,1,1,19504.8
124,79,1,1,29154.9
141,79,1,10,221846.5
142,79,0,41,885791.6
155,79,1,9,209029.3
156,79,1,7,162578.3
160,79,0,23,515023.9
161,79,0,53,1237259.5
162,79,0,96.5,1756934.8
163,79,1,13,281026
164,79,0,41,771627.1
165,79,0,64,1265411.6
166,79,1,15,224273.5
167,79,1,2,29903.1
170,79,1,2,46891.2
181,79,1,17,471961.1
182,79,1,12,333149
184,79,1,6,144196.8
185,79,1,2,48065.6
186,79,1,2,48065.6
189,79,1,1,24032.8
195,79,1,2,51310.2
211,79,1,5,123408
213,79,1,1,24681.6
214,79,1,2,49363.2
238,79,0,31.5,670969.3
239,79,1,2,50545.4
40,80,1,12,260877.9
83,80,1,3,67077.5
84,80,1,6,136255.7
95,80,1,2,40422
103,80,1,5,101055.1
111,80,1,8,186037.9
116,80,1,22.5,491135.6
117,80,0,56,1126628.4
118,80,0,43,770845
119,80,1,17,331581
120,80,1,3,58514.3
121,80,1,1,19504.8
122,80,1,2,39009.5
140,80,1,9,199661.9
141,80,0,123,2481775.6
142,80,0,35.5,699434.5
152,80,1,1,26267.7
155,80,0,27,583415.1
156,80,1,14,325156.7
160,80,0,42,1033695.4
161,80,0,74,1502487.5
162,80,0,100.5,1954316.9
163,80,0,58,1121468.8
164,80,0,71,1405340.1
165,80,0,84,1303548.8
166,80,1,2,29903.1
167,80,1,18,269128.2
181,80,1,1,27762.4
184,80,1,3,72098.4
185,80,1,3,72098.4
189,80,1,3,72098.4
194,80,1,3,76965.2
198,80,1,3,76965.2
204,80,1,3,74044.8
205,80,1,2,49363.2
206,80,1,7,172771.1
237,80,1,1,25272.7
31,81,1,2,47457.9
77,81,1,3,67077.5
78,81,1,2,44718.4
83,81,1,1,22359.2
84,81,1,2,45418.6
88,81,1,4,90837.1
111,81,1,3,69764.2
115,81,1,13,283767.3
116,81,0,31,707617.8
117,81,0,96,1897285.9
118,81,0,76.5,1690488.4
119,81,0,32,634896.3
120,81,1,5,97523.8
138,81,1,4,88738.6
139,81,0,37,867984.2
140,81,0,56,1240595.9
141,81,0,24.5,554265
142,81,0,43,984033.5
152,81,1,3,78803.1
156,81,1,18,418058.6
160,81,0,113,1647925.4
161,81,0,46,1060011.6
162,81,1,15,324260.8
163,81,0,41,881017.3
164,81,0,75,1684517.5
165,81,1,28,418643.9
166,81,1,27,403692.4
167,81,1,6,89709.4
184,81,1,5.5,132180.4
185,81,1,4,96131.2
189,81,1,2,48065.6
197,81,1,2,51310.2
203,81,1,4,102620.3
204,81,1,6.5,160430.3
53,82,1,1,24528.4
64,82,1,3,65775.1
77,82,1,6.5,124579.8
83,82,1,3,57498.4
84,82,1,6,119756.1
107,82,1,1,23635.1
111,82,1,4,83478.2
112,82,1,5,104347.7
113,82,1,2,41739.1
114,82,1,9,181758.7
115,82,1,13,262540.3
116,82,0,43,743607.4
117,82,1,14,282735.7
118,82,1,20,403908.2
119,82,1,36,723193.6
120,82,1,5,100443.6
138,82,1,2,47236.9
139,82,1,20,471618.3
140,82,0,32,800750.4
141,82,0,62,1494236.2
142,82,1,8,188647.3
156,82,1,15,383064
163,82,1,33.5,812341.3
164,82,0,53,1116932.6
165,82,1,16,399814.3
166,82,1,12.5,312354.9
168,82,1,3,74965.2
172,82,1,1,23081.4
176,82,1,2,49101.4
184,82,1,4,97724.8
189,82,1,4,120153
190,82,1,2,60076.5
202,82,1,17,454418.7
203,82,1,29,775184.9
204,82,1,5,107968.7
206,82,1,5,107968.7
211,82,1,9,236794.6
212,82,1,5,131552.5
213,82,1,3,78931.5
77,83,1,6,114996.7
78,83,1,2,38332.2
82,83,1,3,57498.4
94,83,1,3,59878
110,83,1,3,62608.6
111,83,0,29.5,582571.8
112,83,0,31.5,597775.7
113,83,1,10,208695.4
114,83,1,8,161563.3
117,83,1,8,161563.3
118,83,1,11,222149.5
120,83,1,1,20088.7
138,83,1,2,47236.9
139,83,0,32,732106.8
140,83,0,40,964909
141,83,0,42,1057676.4
142,83,1,8,188647.3
155,83,1,11,280913.6
156,83,1,2,51075.2
163,83,1,5,121245
164,83,0,104,1788236.4
165,83,0,53.5,1194799.3
166,83,1,7,174918.7
167,83,0,24,525974.6
168,83,0,34,843176
169,83,1,10,230814.4
181,83,0,37,938689
182,83,0,55,1462269.9
183,83,0,22,628389.9
184,83,1,5,122156
186,83,1,5,122156
188,83,1,3,73293.6
191,83,1,2,60076.5
194,83,1,1,26730.5
195,83,1,2,53461
202,83,1,2,53461
203,83,1,12,320766.2
205,83,1,4,86375
211,83,1,11,289415.6
212,83,0,36,931152.5
213,83,1,11,289415.6
243,83,1,3,60291.4
248,83,1,3,64338.6
50,84,1,1,24528.4
51,84,1,3,73585.2
53,84,1,2,49056.8
77,84,1,1,19166.1
78,84,1,1,19166.1
88,84,1,4,79837.4
90,84,1,1,19959.3
112,84,1,12,250434.5
114,84,1,10,201954.1
115,84,1,7,141367.9
118,84,1,1,20195.4
119,84,1,2,40177.4
120,84,1,2,40177.4
139,84,1,5,117904.6
140,84,1,16,377294.7
141,84,0,25,662794
142,84,1,8.5,200437.8
155,84,1,6,153225.6
165,84,1,1,24988.4
166,84,1,2,49976.8
168,84,1,5,124942
169,84,1,9,207732.9
170,84,1,2,46162.9
181,84,1,6,158957.5
182,84,0,72,1862733.6
183,84,0,59.5,1370072.8
184,84,1,3,73293.6
187,84,1,2,48862.4
189,84,1,2,60076.5
193,84,1,4,120153
194,84,1,2,53461
205,84,1,14,302312.5
206,84,1,11,237531.2
207,84,1,13.5,291515.6
211,84,1,2,52621
212,84,0,36,902275.7
213,84,0,25,643826
214,84,1,21,558026.9
244,84,1,2,42892.4
254,84,1,6,120625
255,84,1,8,160833.3
31,85,1,5,118644.7
68,85,1,5,109625.2
82,85,1,2,38332.2
89,85,1,1,19959.3
90,85,1,2,39918.7
91,85,1,1,19959.3
92,85,1,2,39918.7
112,85,1,1,20869.5
139,85,1,8,188647.3
140,85,1,3,70742.8
154,85,1,10,255376
165,85,1,3,74965.2
166,85,1,8,199907.1
169,85,1,5,115407.2
170,85,1,2,46162.9
171,85,1,13,300058.7
181,85,1,12,317914.9
182,85,1,21,556351.1
183,85,1,29,768294.4
184,85,1,24.5,598564.3
186,85,1,10,244311.9
206,85,1,2,43187.5
212,85,1,16.5,434123.4
213,85,1,11,289415.6
214,85,1,4,106290.8
251,85,1,14.5,310969.9
252,85,1,10,214462
255,85,1,30,603125
32,86,1,2,47457.9
78,86,1,2,38332.2
80,86,1,4,76664.5
81,86,1,4,76664.5
82,86,1,2,38332.2
83,86,1,1,19166.1
89,86,1,3,59878
90,86,1,2,39918.7
91,86,1,1,19959.3
110,86,1,2,41739.1
113,86,1,7,146086.8
125,86,1,2,58309.9
142,86,1,2,47161.8
154,86,1,3,76612.8
162,86,0,70,1386575.2
165,86,1,9,224895.5
166,86,0,31,703911.5
167,86,1,4,99953.6
171,86,1,2,46162.9
172,86,1,10,230814.4
182,86,1,2,52985.8
183,86,1,5,132464.5
185,86,1,26,635211.1
186,86,1,3,73293.6
187,86,1,2,48862.4
188,86,1,3,73293.6
189,86,1,4,120153
190,86,1,1,30038.3
208,86,1,6.5,140359.4
212,86,1,11.5,302570.8
213,86,1,4,105242
215,86,1,5,132863.5
251,86,1,6,128677.2
254,86,1,11,221145.8
255,86,1,11,221145.8
36,87,1,3,71186.8
82,87,1,3,57498.4
113,87,1,6.5,153628.1
124,87,1,15.5,331306.9
151,87,1,5,131338.5
161,87,1,9,197666
162,87,0,101.5,1839983.4
163,87,1,15,329443.3
165,87,1,24,545487.8
166,87,0,58.5,1383937.5
167,87,1,8,181829.3
171,87,1,3,77257.8
172,87,0,22,518461
182,87,1,2,49101.4
186,87,1,2,50778
187,87,1,2,50778
188,87,1,3,76167
191,87,1,1,30038.3
204,87,1,1,28433.9
206,87,1,2,56867.7
208,87,1,19,540243.2
215,87,0,27,693773.9
216,87,1,3,79054.1
246,87,1,8,163261.6
253,87,1,7,150123.4
254,87,1,1,20104.2
18,88,1,2,53867.5
73,88,1,2,43850.1
76,88,1,3,59088.3
77,88,1,8,157568.7
111,88,1,1,23635.1
112,88,1,3,70905.3
123,88,1,3,65107.3
124,88,0,40,883003.9
125,88,1,3,64123.9
128,88,1,2,42749.3
143,88,1,4,94473.8
151,88,1,4,105070.8
152,88,1,4,105070.8
161,88,0,17,352880.4
162,88,0,125.5,2170398.3
163,88,0,42,706734.5
165,88,0,35.5,786251.5
166,88,0,95,2241573.2
167,88,0,49,962862.4
168,88,1,10,227286.6
172,88,1,10,257526.1
173,88,0,36.5,933940.3
174,88,1,7,142699.8
175,88,1,2,40771.4
183,88,1,9,220956.4
208,88,1,15,426507.8
215,88,1,17,447973.3
216,88,1,14,368919.2
217,88,1,2,52702.7
243,88,1,13,261262.7
244,88,1,1,20407.7
247,88,0,26,561638.7
66,89,1,2,43850.1
67,89,1,6,131550.2
74,89,1,6,118176.5
75,89,1,4,78784.4
76,89,1,12.5,246201.1
77,89,1,18,354529.6
102,89,1,3,59878
108,89,1,3,70905.3
111,89,1,3,70905.3
121,89,0,26,479968.7
122,89,1,26,564263.3
123,89,1,8,173619.5
124,89,1,10,213746.4
125,89,1,19,406118.2
128,89,1,18,384743.5
151,89,1,3,78803.1
163,89,1,4,87851.6
164,89,0,43,1085657.9
165,89,0,109,2313880.1
166,89,0,72,1726491.2
167,89,0,58,1333346.3
168,89,0,33,796090.6
174,89,0,28,751491.2
175,89,0,37.5,1032678
176,89,1,12,244628.1
177,89,1,2,40771.4
183,89,1,20,491014.3
184,89,1,17,431613
212,89,1,1,28433.9
216,89,1,20,527027.4
217,89,1,19,500676.1
218,89,1,24.5,645608.6
219,89,1,5,132863.5
247,89,1,17,346930.9
248,89,1,7,142853.9
42,90,1,3,71186.8
50,90,1,2,49056.8
51,90,1,2,49056.8
65,90,1,3,65775.1
66,90,1,3,65775.1
67,90,1,7,153475.2
70,90,1,2,43850.1
74,90,1,1,19696.1
75,90,1,19,374225.7
76,90,0,27,549883.4
77,90,1,5,98480.4
99,90,1,8,159674.7
108,90,1,5,118175.5
112,90,1,2,47270.2
121,90,1,3,65107.3
122,90,0,29,542707.1
124,90,1,10,213746.4
125,90,1,2,42749.3
128,90,0,34,889299.8
129,90,0,21.5,409218.4
130,90,1,14,408169.2
136,90,1,12,283421.5
138,90,1,13,307040
164,90,1,11,250015.3
165,90,0,57,1258327.7
166,90,0,73,1691984.4
167,90,0,51,1023875.4
168,90,1,29,659131.1
169,90,1,6,154515.6
173,90,1,15,386289.1
174,90,1,12,244628.1
175,90,1,18,366942.2
176,90,1,5,101928.4
179,90,1,6,147304.3
180,90,1,6,147304.3
183,90,1,17,417362.1
184,90,1,23,583947.1
190,90,1,1,30038.3
206,90,1,12,341206.3
211,90,1,1,28433.9
212,90,1,3,85301.6
216,90,1,8,210811
217,90,0,21,531551
218,90,0,40,1004188
219,90,1,24,637745
246,90,1,10,204077
247,90,1,11,224484.7
248,90,1,17,346930.9
10,91,1,2,53867.5
35,91,1,4,94915.8
51,91,1,9,220755.7
53,91,1,3,73585.2
64,91,1,4,87700.1
67,91,1,2,43850.1
75,91,1,9,177264.8
76,91,1,3,59088.3
77,91,1,4,78784.4
99,91,1,5,99796.7
105,91,1,5,118175.5
106,91,1,3,70905.3
107,91,1,8,189080.8
108,91,1,9,212715.9
109,91,1,2,47270.2
122,91,1,10,217024.3
123,91,1,1,21702.4
124,91,1,6,128247.8
127,91,0,26,559878.5
128,91,0,57,1203025.7
129,91,1,4,116619.8
138,91,1,1,23618.5
159,91,1,1,21962.9
164,91,1,3,68186
165,91,1,18,409115.9
166,91,0,34,846941.7
167,91,0,113.5,2136867
168,91,0,106,1908184.7
169,91,1,14,360536.5
170,91,1,6.5,167391.9
171,91,1,6,154515.6
173,91,1,6,154515.6
175,91,1,3,61157
180,91,1,1,24550.7
183,91,1,12,294608.6
184,91,0,30,651597.3
205,91,1,1,28433.9
206,91,1,13,369640.1
215,91,1,1,26351.4
217,91,1,3,79054.1
218,91,1,17,447973.3
246,91,1,9,183669.3
51,92,1,5,110482.6
54,92,1,2,44892.9
60,92,1,1,22446.4
70,92,1,5,115406.8
76,92,1,6,123900.3
77,92,1,2,41300.1
82,92,1,4,93834.6
99,92,1,4,82668.7
104,92,1,2,44460.5
108,92,1,9,200072.4
109,92,1,21.5,477950.8
118,92,1,4,78901.8
122,92,1,28,552312.4
123,92,0,56,1236376.8
124,92,0,35,745491.5
125,92,1,12,269101.2
126,92,0,18,452326.2
127,92,1,11,246676.1
128,92,0,55,1320195.5
129,92,0,35.5,809136.9
130,92,1,14,332236.4
131,92,1,9,213580.5
132,92,1,3,71193.5
166,92,1,1,20399.3
167,92,0,43.5,969194.6
168,92,1,25,509981.8
169,92,1,22,508205.2
171,92,1,2,46200.5
175,92,1,6,143952.9
187,92,1,5,151185.5
205,92,1,10,278456.4
206,92,1,2,55691.3
210,92,1,6,139512.1
10,93,1,1,26933.8
18,93,1,2,53867.5
77,93,1,3,61950.1
78,93,1,2,41300.1
79,93,1,13,304962.3
81,93,1,2,46917.3
104,93,1,3,66690.8
105,93,1,8,177842.2
112,93,1,2,44460.5
124,93,1,1,22425.1
125,93,1,7,156975.7
126,93,0,74.5,1473314.3
127,93,0,77.5,1434188.2
128,93,1,2,44850.2
129,93,1,13,308505.2
130,93,0,37,779077.7
131,93,0,46,1033240.3
132,93,1,10,237311.7
142,93,1,9,185709.9
167,93,1,3,61197.8
168,93,1,16,326388.3
169,93,1,24,554405.6
170,93,1,5,115501.2
171,93,1,4,92400.9
174,93,1,2,47984.3
175,93,1,17,407866.5
177,93,1,3,71976.4
205,93,1,16,445530.2
209,93,0,44,850876.4
210,93,1,12,279024.2
211,93,1,21,488292.3
214,93,1,10,250832.6
220,93,1,7,159295.2
238,93,1,1,23568.8
40,94,1,2,52697.6
50,94,1,4.5,99434.3
78,94,1,5,103250.2
80,94,1,2,46917.3
81,94,1,17,398796.8
82,94,1,2,46917.3
84,94,1,3,76380.7
90,94,1,1,25460.2
98,94,1,3,62001.5
99,94,1,4,82668.7
104,94,1,4,88921.1
105,94,1,5,111151.4
125,94,1,11,246676.1
126,94,0,25,485975.9
127,94,0,32.5,708965.7
128,94,0,20,474581
129,94,1,5,118655.9
131,94,1,3,71193.5
141,94,1,16,330151
142,94,1,21,433323.1
168,94,0,33,820047
169,94,1,5,115501.2
170,94,1,2,46200.5
174,94,1,2,47984.3
175,94,1,21,503835.1
176,94,1,12,287905.8
177,94,1,5,119960.7
205,94,1,14,389838.9
206,94,1,10,278456.4
209,94,0,50.5,1285912.4
210,94,0,60,1548108.4
211,94,0,60.5,1363692.3
212,94,0,34.5,811326.4
213,94,1,16,372032.3
214,94,0,51,1124174.5
222,94,1,4,91025.8
238,94,1,4,94275
239,94,1,11,259256.3
11,95,1,1,26933.8
42,95,1,2,52697.6
43,95,1,6,158092.8
50,95,1,1,22096.5
62,95,1,2,44892.9
63,95,1,14,314250.2
69,95,1,2,46162.7
79,95,1,2,46917.3
80,95,1,2,46917.3
82,95,1,1,23458.6
89,95,1,1,25460.2
98,95,1,6,124003
99,95,0,34,683209.3
126,95,1,3,67275.3
127,95,0,27,617291.1
128,95,1,10,224251
129,95,1,8,189849.4
132,95,1,6,142387
141,95,1,5,103172.2
142,95,1,13,268247.7
168,95,1,17,346787.6
169,95,1,6,138601.4
175,95,1,11,263913.6
176,95,1,17,407866.5
177,95,1,5,119960.7
185,95,1,5,151185.5
189,95,1,7,211659.7
190,95,1,2,60474.2
209,95,1,20,465040.3
210,95,0,43,1045196.2
211,95,0,52,1116693.8
212,95,0,58,1386109.1
214,95,1,15,376248.9
215,95,1,19,476582
220,95,1,3,68269.4
221,95,1,3,68269.4
222,95,1,7,159295.2
43,96,1,5,131744
60,96,1,4,89785.8
68,96,1,4,108913.5
69,96,1,26,600115.5
89,96,1,2,50920.4
98,96,1,1,20667.2
99,96,1,23,475344.8
127,96,1,7,156975.7
128,96,1,6,134550.6
132,96,1,2,47462.3
133,96,1,1,23731.2
141,96,1,8,165075.5
142,96,1,1,20634.4
173,96,1,3,69300.7
177,96,1,4,95968.6
205,96,1,5,139228.2
209,96,1,7,162764.1
210,96,1,13,302276.2
211,96,0,64,1619080.5
212,96,0,34,830164.7
213,96,1,7,162764.1
214,96,1,4,100333
222,96,1,5,113782.3
223,96,1,8,182051.7
21,97,1,2,53867.5
34,97,1,5,131744
41,97,1,2,38303.5
42,97,1,16,306428.2
43,97,1,27,517097.7
44,97,1,4,88386.1
68,97,1,1,27228.4
69,97,1,17,462882.4
70,97,1,2,54456.8
81,97,1,1,21817.5
82,97,1,6,130904.9
83,97,1,8,174539.8
87,97,1,3,76380.7
88,97,1,2,50920.4
89,97,1,2,50920.4
130,97,1,2,47462.3
132,97,1,9,213580.5
141,97,1,4,76195.4
142,97,1,4,76195.4
151,97,1,4,105254.2
152,97,1,6,157881.4
153,97,1,4,105254.2
176,97,1,6,164288.1
186,97,1,1,30237.1
187,97,1,7,211659.7
212,97,1,6,147669.2
0,98,1,28.5,675238.9
1,98,1,9,213233.3
21,98,1,2,53867.5
43,98,1,3,57455.3
61,98,1,1,22446.4
81,98,1,5,109087.4
82,98,1,4,87269.9
83,98,1,7,152722.4
84,98,1,1,25460.2
85,98,1,1,25460.2
135,98,1,10,234015.7
141,98,0,16,270355.2
153,98,1,3,78940.7
168,98,1,3,71343.3
184,98,1,7,211659.7
207,98,1,2,55026.6
209,98,1,17.5,430701.8
210,98,1,3,73834.6
225,98,1,8,170685.4
226,98,1,5,106678.4
238,98,1,7,182045.2
0,99,0,69,1437175.4
1,99,1,8,189540.8
18,99,1,1,26933.8
36,99,1,3,79046.4
50,99,1,2,44193
81,99,1,2,43635
82,99,1,17,370897.1
83,99,1,14,305444.7
86,99,1,1,25460.2
88,99,1,11,280062.4
89,99,1,3,76380.7
141,99,1,4,76195.4
184,99,1,13,393082.4
207,99,0,33,699479.2
208,99,0,34.5,757512.6
209,99,1,13.5,332255.6
225,99,1,5,106678.4
226,99,1,11,234692.5
235,99,1,10,260064.5
236,99,1,5,130032.3
237,99,1,5,130032.3
238,99,1,16,416103.3
0,100,0,25,591616.6
10,100,1,6,161602.6
42,100,1,6,114910.6
43,100,1,2,38303.5
67,100,1,3,81685.1
68,100,1,3,81685.1
82,100,1,5,109087.4
83,100,1,22,479984.5
88,100,1,1,25460.2
134,100,1,19,444629.9
138,100,0,49,968198.6
140,100,1,3,57146.6
165,100,1,2,47562.2
166,100,1,5,118905.6
169,100,1,14,346305.4
171,100,1,7,173152.7
175,100,1,4,109525.4
176,100,1,5,136906.7
177,100,0,35,902349.6
178,100,1,1,27381.3
185,100,0,33,905606.8
186,100,1,2,60474.2
187,100,1,3,90711.3
188,100,1,6,181422.6
206,100,1,2,55026.6
207,100,0,47,967090.9
208,100,1,26,715346.1
234,100,1,1,26006.5
235,100,1,3,78019.4
238,100,1,1,26006.5
239,100,1,11,259256.3
240,100,1,8,188550
248,100,1,2,41269.7
250,100,1,2,41269.7
0,101,1,4,94770.4
42,101,1,7,134062.4
43,101,0,47,901107.5
44,101,1,4,88386.1
49,101,1,3,66289.6
59,101,1,2,44892.9
67,101,1,1,27228.4
73,101,1,2,54456.8
83,101,1,6,130904.9
134,101,1,17,397826.7
138,101,1,9,210614.2
139,101,1,16,304781.6
168,101,1,25.5,606418.4
169,101,0,27.5,720769
170,101,1,9.5,234992.9
171,101,1,21,519458.1
172,101,1,6,148416.6
176,101,1,2,54762.7
177,101,1,18,492864.2
185,101,1,11,332608.2
186,101,1,3,90711.3
204,101,1,2,55026.6
207,101,0,50,1074675.1
208,101,1,2,55026.6
228,101,1,2,42671.4
229,101,1,4,85342.7
232,101,1,2,42671.4
233,101,1,1,21335.7
246,101,1,4.5,92856.9
247,101,1,15,309522.9
249,101,1,6,123809.2
42,102,1,2,52697.6
43,102,1,1,26348.8
49,102,1,12,269357.3
103,102,1,2,49640.6
134,102,1,9,183792
135,102,1,6,122528
137,102,0,36,831651.8
138,102,0,49,957504.7
139,102,1,12,245056
154,102,1,11,289449.2
156,102,1,2,52627.1
167,102,1,17,428864.3
168,102,0,24,569382.1
169,102,0,70.5,1660934.4
170,102,0,59,1471722
171,102,0,25,514144
172,102,1,6,182456.9
206,102,1,3,89959.2
207,102,0,40,826571.7
231,102,1,3,64007
248,102,1,12,247618.3
249,102,1,16,346177.1
250,102,1,12,259632.8
16,103,1,2,53867.5
50,103,1,10,224464.4
67,103,1,3,81685.1
104,103,1,4,96073.4
106,103,1,2,48036.7
134,103,1,8,163370.6
135,103,0,16.5,281926.3
136,103,0,37,800865.2
137,103,0,63,1310698.6
138,103,0,15,255083.4
154,103,1,15.5,407860.2
155,103,0,30,808196.4
156,103,0,35,819792.5
157,103,1,2,52627.1
168,103,0,24,667281.4
169,103,0,71,1709302.5
170,103,0,64.5,1543886.3
171,103,0,90,1927332.4
172,103,0,33.5,864594.7
203,103,1,1,26462.5
206,103,1,2,59972.8
207,103,0,54,1052546.9
208,103,1,8,239891.3
209,103,1,3,79014.3
249,103,1,3,64908.2
251,103,1,2,43272.1
0,104,1,1,25539.9
66,104,1,2,54456.8
87,104,1,5,124101.6
94,104,1,2,49640.6
134,104,1,2,40842.7
135,104,1,8,163370.6
136,104,0,53,1166474.9
137,104,0,82.5,1425968
138,104,1,16,326741.3
169,104,0,50,1218158
170,104,0,81.5,1595450.7
171,104,0,59,1216791.4
172,104,1,22,669008.8
186,104,1,6,158775.2
206,104,0,26,636106.2
207,104,0,53,1254566
208,104,0,42,1118950.5
209,104,1,9.5,250211.8
244,104,1,9,185713.7
245,104,1,4,82539.4
65,105,1,3,81685.1
81,105,1,2,54456.8
92,105,1,3,74460.9
136,105,1,1,20421.3
137,105,1,17,347162.6
138,105,1,17,347162.6
147,105,1,5,125944.5
169,105,0,41,983818.4
170,105,0,65,1404269.2
171,105,0,114,2445253.4
172,105,0,71.5,1633938.1
173,105,0,37.5,828605.3
205,105,1,3,89959.2
206,105,0,32,622479
207,105,1,13,389823.3
208,105,0,36.5,932215.9
209,105,0,39,983194.5
210,105,1,10,263380.9
216,105,1,3,59525
0,106,1,2,51079.9
35,106,1,5,131744
92,106,1,1,24820.3
133,106,1,7,147985.8
134,106,1,9,183792
135,106,1,4,81685.3
137,106,1,1,20421.3
147,106,1,14,352644.7
148,106,1,7,176322.4
167,106,1,2,50454.6
168,106,1,2,50454.6
169,106,0,25,597470.2
170,106,0,68,1444579.2
171,106,0,64,1688680.3
172,106,0,65,1724344.2
173,106,0,47,1358463.3
174,106,1,28.5,755634.4
206,106,0,56,1176478.3
207,106,0,31,740961.5
208,106,0,45,1273645.7
209,106,0,52.5,1431840.3
210,106,1,3,79014.3
244,106,1,2,41269.7
245,106,1,1,20634.9
46,107,1,4,89785.8
95,107,1,4,99281.3
124,107,1,1,21140.8
125,107,1,4,84563.3
131,107,1,2,42281.7
137,107,1,3,61264
147,107,1,11,244297.8
168,107,1,2,50454.6
169,107,1,10,250823.9
170,107,0,54.5,1337228.2
171,107,0,48.5,1205300.4
172,107,0,55,1381243.3
173,107,0,40.5,1049442.7
174,107,1,24,677979
175,107,1,4,112996.5
192,107,1,4,105850.1
201,107,1,4,105850.1
205,107,0,55.5,1183981.5
206,107,0,84.5,2033955.5
207,107,0,53,1320161.2
208,107,0,33,737703.9
209,107,0,86,1874162.5
210,107,1,12,287776.7
212,107,1,26,623516.2
243,107,1,1,23803.5
8,108,1,2,53867.5
57,108,1,2,43621
58,108,1,4,87242
61,108,1,6,130863
63,108,1,2,43621
95,108,1,3,74460.9
97,108,1,5,124101.6
124,108,1,19,401675.7
125,108,1,26,549661.5
126,108,1,9,190267.4
147,108,1,15,333133.4
148,108,1,10,222088.9
169,108,0,42,1001018.5
170,108,0,52.5,1228352.9
171,108,0,37,959294.7
172,108,0,73,1755320.9
173,108,0,53.5,1274588.8
174,108,0,64.5,1411145.7
175,108,0,32,815683.3
176,108,1,6,169494.8
177,108,1,1,28249.1
182,108,1,1,26513.5
201,108,1,7,185237.7
204,108,1,2,41036
205,108,0,68,1540733
206,108,0,66,1437360.1
207,108,0,53,1032758.1
208,108,0,22.5,462730.6
209,108,1,23,551572.1
210,108,0,52,1147828.6
211,108,0,44,996433.3
212,108,1,21,503609.3
213,108,1,14,335739.5
254,108,1,4.5,93300.1
255,108,1,1,20733.4
1,109,1,4,102159.7
58,109,1,2,43621
83,109,1,4,108913.5
122,109,1,18,432330.1
123,109,1,21,504385.1
147,109,1,23,510804.5
149,109,1,20,503778.2
150,109,1,9,226700.2
151,109,1,5,125944.5
168,109,1,5,126136.6
169,109,1,16,401318.2
171,109,1,19,476565.3
172,109,0,30,722851.2
173,109,0,30,693542.3
174,109,1,16,451986
175,109,1,10,282491.3
186,109,1,2,52925.1
191,109,1,2,52925.1
204,109,1,1,20518
205,109,0,24,573627
206,109,0,163,2785891.7
207,109,1,22,451395.5
208,109,0,58.5,1070314.9
209,109,0,60,1219746.2
210,109,0,105,2064718.3
211,109,0,37,870074.1
213,109,1,11,263795.3
214,109,1,1,19841.7
14,110,1,4,107735.1
57,110,1,11,239915.5
58,110,1,2,43621
67,110,1,2,54456.8
97,110,1,3,74460.9
99,110,1,4,99281.3
147,110,0,38,830117.5
149,110,1,6,151133.5
150,110,0,52.5,1207179.9
151,110,1,5,125944.5
171,110,1,10,250823.9
205,110,1,14,287251.7
206,110,0,21.5,354711.5
207,110,1,14,287251.7
208,110,1,8,164143.8
210,110,0,57,1044882.4
211,110,0,41,861843.3
212,110,1,4,95925.6
214,110,0,33,601689.2
215,110,1,24.5,486120.9
240,110,1,2,47607
23,111,1,2,53867.5
56,111,1,18,392589.1
57,111,1,5,109052.5
58,111,1,8,174484
59,111,1,4,87242
92,111,1,2,49640.6
147,111,1,26,577431.2
148,111,1,12,266506.7
149,111,1,1,25188.9
163,111,1,2,52627.1
167,111,1,8,201818.5
171,111,1,2,50164.8
190,111,1,1,26462.5
193,111,1,4,105850.1
207,111,1,4,82071.9
211,111,1,13,311758.1
212,111,1,13,311758.1
213,111,1,9,215832.5
214,111,0,56.5,1252743.6
215,111,1,6,119050
239,111,1,10,238035.1
240,111,1,12,285642.2
241,111,1,5,119017.6
11,112,1,2,43507.2
12,112,1,3,65260.7
23,112,1,2,43507.2
57,112,1,4,80624.9
58,112,1,20,403124.3
59,112,0,44,1009458.1
97,112,1,4,82442
147,112,1,16,348514.1
148,112,1,3,65346.4
149,112,1,6,125550
150,112,1,13,272024.9
151,112,1,4,83700
152,112,1,12,251099.9
166,112,1,2,37802.5
167,112,1,1,18901.2
178,112,1,16,384403.7
187,112,1,3,69811.8
188,112,1,6,139623.6
190,112,0,29,703801.8
191,112,1,11,282728.3
192,112,1,13,334133.4
193,112,0,32.5,677848.2
196,112,1,3,67710
205,112,1,16,423464.3
206,112,0,73,1531546.2
207,112,0,58,1289374
208,112,0,40,850078.6
211,112,1,1,21541
213,112,1,7,150786.8
214,112,1,12.5,274140.7
239,112,1,1,24029
240,112,1,18,432522.8
241,112,1,9,216261.4
252,112,1,2,40845.1
255,112,1,10,229053.5
42,113,1,6,153956.2
57,113,1,24,483749.1
58,113,0,22,508899.7
59,113,1,9,156773.3
60,113,1,5,87096.3
90,113,1,9,179923.8
102,113,1,3,61831.5
107,113,1,1,21544.1
108,113,1,2,43088.2
109,113,1,2,39426
114,113,1,1,19713
152,113,1,7,146475
153,113,0,59,1459265.1
154,113,1,6,129554.5
166,113,1,10.5,198463.1
167,113,1,1,18901.2
177,113,1,5,120126.2
178,113,0,39.5,948652.7
186,113,1,6,139623.6
187,113,1,2,46541.2
188,113,1,7,162894.2
189,113,0,35,860163.9
190,113,0,25,481610
192,113,1,2,51405.1
195,113,1,7,157990.1
196,113,1,3,67710
203,113,1,2,45140
204,113,1,6,158799.1
205,113,1,8.5,224965.4
206,113,0,41.5,973722.7
207,113,0,68,1576133.2
208,113,0,61,1279059.3
209,113,0,26,636080.9
210,113,1,12.5,269262.2
240,113,1,3,72087.1
241,113,1,5,120145.2
255,113,1,4,91621.4
56,114,1,8,161249.7
57,114,0,27,476718.5
58,114,0,31,644277.2
59,114,1,12,209031.1
60,114,1,8,139354
104,114,1,1,21544.1
106,114,1,1,21544.1
111,114,1,2,39426
114,114,1,5,98565
153,114,0,41,1109306.4
154,114,1,11,237516.5
165,114,1,4,75605
166,114,1,2,37802.5
174,114,1,3,72075.7
177,114,1,10,240252.3
178,114,1,9,216227.1
185,114,1,11,255976.6
190,114,1,3,77107.7
201,114,1,1,22570
207,114,1,3,79399.6
208,114,0,69,1362320.9
209,114,0,47.5,1061994.3
210,114,1,22,473901.5
211,114,1,3,64622.9
212,114,1,10,215409.8
224,114,1,2,48058.1
243,114,1,3,72087.1
246,114,1,2,40845.1
255,114,1,1,22905.4
50,115,1,2,47670.2
56,115,0,27,630324.4
57,115,1,13,262030.8
58,115,1,8,161249.7
59,115,1,7,121934.8
83,115,1,3,66409.8
85,115,1,3,59974.6
86,115,1,1,19991.5
103,115,1,3,61831.5
104,115,1,2,43088.2
106,115,1,2,43088.2
107,115,1,4,86176.5
108,115,1,11,236985.4
109,115,1,3.5,68995.5
147,115,1,3,65346.4
148,115,1,1,21782.1
153,115,1,11,230174.9
155,115,1,5,107962.1
165,115,1,4,75605
166,115,1,3,56703.7
167,115,1,2,37802.5
178,115,1,10,240252.3
185,115,1,12,279247.2
203,115,1,5,112850
208,115,0,36,644823.4
209,115,0,53,1078642
210,115,0,23.5,570377.3
211,115,1,4,86163.9
216,115,1,5,109656.3
217,115,1,3,65793.8
222,115,1,4,87725
12,116,1,2,43507.2
28,116,1,9,187695
32,116,1,2,41710
56,116,1,2,40312.4
59,116,1,12,209031.1
61,116,1,3,52257.8
85,116,1,3,59974.6
104,116,1,8,172353
105,116,1,11,236985.4
106,116,1,7,150808.9
107,116,1,18,387794.2
108,116,1,8,172353
109,116,1,3,59139
110,116,1,1,19713
111,116,1,3,59139
114,116,1,4,78852
135,116,1,1,23106
136,116,1,5.5,127083.2
139,116,1,1,23106
154,116,1,3,64777.2
155,116,0,34.5,665377.3
165,116,1,3,56703.7
178,116,1,16,384403.7
185,116,0,28,702260.6
186,116,1,2,46541.2
209,116,1,23,495442.5
210,116,1,2,43082
211,116,1,5,107704.9
214,116,1,2,43862.5
216,116,0,25,594784.8
217,116,1,4,87725
24,117,1,6,125130
26,117,1,3,62565
27,117,1,12.5,260687.6
28,117,1,16,333680.1
29,117,1,5,117424.5
61,117,1,2,44135
63,117,1,3,66202.5
105,117,1,4,78852
107,117,1,15,295695
108,117,1,4,78852
110,117,1,4,78852
114,117,1,3,59139
135,117,1,1,23106
136,117,0,38,792332.7
137,117,1,7,161742.2
156,117,1,3,65993.9
157,117,1,2,43995.9
176,117,1,3,68991.7
177,117,1,2,45994.5
178,117,1,14,321961.4
179,117,1,1,23536.5
180,117,1,1,23536.5
211,117,1,13,277768.1
212,117,1,11,235034.5
216,117,1,3,65793.8
1,118,1,2,50057.2
26,118,1,3,62565
27,118,1,6,125130
28,118,0,66,1435588.6
29,118,1,8,187879.2
30,118,1,4,93939.6
31,118,1,4,93939.6
32,118,1,9,211364
60,118,1,1,22067.5
62,118,1,1,22067.5
63,118,1,18,397215.2
90,118,1,4,79966.1
101,118,1,2,41221
105,118,1,2,39426
116,118,1,1,19713
119,118,1,3,59139
134,118,1,7,161742.2
135,118,1,26,600756.9
136,118,0,27,495606.7
137,118,0,80,1657872.2
138,118,1,3,69318.1
165,118,1,2,45549.9
166,118,1,2,45549.9
167,118,1,3,68324.8
177,118,1,8,183977.9
178,118,0,50.5,1124299.5
179,118,0,35,1012033.9
180,118,1,7.5,176524.1
182,118,1,3,70609.6
183,118,1,9,211828.9
204,118,1,2,42733.5
211,118,1,1,21366.8
212,118,1,16,341868.4
0,119,1,9,225257.4
1,119,1,10,250286
21,119,1,5,108767.9
25,119,1,5.5,114702.5
26,119,1,19,396245.1
27,119,0,31.5,595368.1
28,119,1,22,458810.1
29,119,0,32,597050.1
30,119,1,16,375758.3
31,119,1,9.5,223106.5
32,119,1,19.5,457955.4
38,119,1,1,25659.4
53,119,1,12,286021
54,119,1,6,132405.1
88,119,1,3,59974.6
90,119,1,12,239898.4
91,119,1,17,339856.1
110,119,1,2,39426
111,119,1,1,19713
112,119,1,1,19713
134,119,1,22,508332.8
135,119,0,27.5,638378.9
136,119,0,23,494371.1
137,119,0,47,963444.5
138,119,0,41,813581.3
164,119,1,6.5,148037.1
165,119,1,29.5,671860.9
166,119,1,17,387174.1
167,119,1,19,432724
178,119,0,38,925616.1
179,119,0,32,695050.5
180,119,1,15,353048.1
181,119,0,27.5,613624.1
182,119,1,13,305975
183,119,1,12,282438.5
184,119,1,13,322487
185,119,0,40,888197.6
186,119,1,7,173646.8
188,119,1,2,49613.4
194,119,1,2,45140
0,120,1,2,50057.2
1,120,0,54,1241305.5
5,120,1,4,87014.3
6,120,1,5,108767.9
29,120,0,35,773819.1
30,120,1,14,328788.5
31,120,0,33,672804.9
32,120,1,10,234848.9
38,120,1,6,153956.2
53,120,1,2,47670.2
60,120,1,1,22067.5
61,120,1,7,154472.6
89,120,1,12,239898.4
90,120,1,15,299873
91,120,0,26,472283.3
92,120,1,6,119949.2
93,120,1,1,19991.5
111,120,1,1,19713
116,120,1,4,78852
134,120,0,57.5,971194.4
135,120,1,24,554544.8
136,120,1,9,207954.3
137,120,0,44,1049655.8
138,120,1,19,439014.6
139,120,1,1,23106
153,120,1,10,217821.3
154,120,1,6,131987.7
165,120,0,35,850618
166,120,0,47.5,1157245.3
167,120,1,14,318849.2
176,120,1,1,22997.2
178,120,1,6,137983.5
179,120,1,13,305975
184,120,0,40.5,883318.7
185,120,1,37,917847.6
0,121,0,34.5,708648.8
1,121,1,22,550629.3
29,121,1,18,422728.1
30,121,0,36,889564.2
31,121,1,10,234848.9
36,121,1,9,230934.3
87,121,1,4,79966.1
91,121,1,6,119949.2
92,121,1,16,319864.5
112,121,1,2,39426
134,121,0,19,439749.1
135,121,0,28,630112.9
136,121,0,30,613372
137,121,1,2,46212.1
138,121,1,1,23106
154,121,1,18,395963.2
155,121,1,2,43995.9
164,121,1,4,91099.8
165,121,1,24,546598.7
166,121,1,20,455498.9
168,121,1,4,91099.8
177,121,1,6,137983.5
178,121,1,12,275966.9
179,121,1,6,141219.2
180,121,1,3,70609.6
184,121,1,3,74420.1
0,122,0,28,616172.4
1,122,0,46,938051.4
2,122,1,2,45183.6
29,122,1,14,295754.7
30,122,0,59.5,1228075.9
31,122,1,22,464757.4
32,122,1,19.5,411944
33,122,0,40,930913.3
34,122,0,32,953593.2
35,122,0,31,916299.6
36,122,1,7,179615.5
70,122,1,2,44273.2
91,122,1,2,38989.5
92,122,1,20,389894.6
112,122,1,10,215516.6
113,122,1,3,64655
118,122,1,1,21272.3
134,122,1,4,84003.1
137,122,1,9,189007
148,122,1,6,131987.7
153,122,1,1.5,32996.9
154,122,0,26,590238.7
155,122,1,7,165559.7
158,122,1,1,23651.4
162,122,1,19,423966.9
163,122,1,6,133884.3
167,122,1,6,150193.7
168,122,1,24.5,613291
174,122,1,2,50690.4
176,122,1,5,126726
177,122,1,5,126726
178,122,1,25.5,646302.8
179,122,1,14,392762.3
215,122,1,3,60263.8
1,123,1,17,384061
30,123,0,60,1253211
31,123,0,23,569529.6
32,123,0,21,510154.5
33,123,0,30.5,586642.4
35,123,1,4,102637.4
36,123,1,2,51318.7
63,123,1,3,71505.2
66,123,1,2,44273.2
91,123,1,1,19494.7
92,123,1,6,116968.4
97,123,1,1,20610.5
98,123,1,7,144273.4
99,123,1,2,41221
112,123,1,9,193964.9
113,123,1,12,258619.9
114,123,1,3,63816.9
115,123,1,6.5,138270.1
116,123,1,13.5,287176.3
117,123,1,11,233995.5
118,123,1,6,127633.9
134,123,0,17,392124.8
135,123,1,4,84003.1
154,123,0,30,713948.9
155,123,1,24,567633.3
156,123,1,12,283816.6
161,123,1,5.5,122727.2
162,123,1,2,44628.1
163,123,1,5,111570.2
167,123,1,2,50064.6
168,123,1,20,500645.7
169,123,1,7,184215.6
170,123,1,10,263165.2
173,123,1,1,26316.5
174,123,1,17,430868.5
175,123,1,9,228106.9
178,123,1,3,76035.6
179,123,0,28,562921.1
205,123,1,12,311852.3
206,123,1,11,285864.6
218,123,1,1,20087.9
15,124,1,2,43507.2
29,124,1,10,211253.4
30,124,0,52.5,1053523.9
31,124,1,23,485882.7
32,124,0,30,728864.6
47,124,1,4,95340.3
65,124,1,1,22136.6
66,124,1,11,243502.6
67,124,1,2,44273.2
91,124,1,2,38989.5
97,124,1,4,82442
98,124,1,4,82442
102,124,1,1,20610.5
106,124,1,5,112541.1
112,124,1,5,107758.3
113,124,1,8,172413.3
114,124,1,12,255267.8
115,124,1,15,319084.7
116,124,1,17.5,372265.5
117,124,1,9,191450.8
118,124,1,3,63816.9
136,124,1,2,42001.5
154,124,0,29,708365.4
155,124,1,12,283816.6
156,124,1,12,283816.6
157,124,1,6,141908.3
160,124,1,2,44628.1
168,124,1,7,175226
169,124,1,20,526330.3
170,124,1,6,157899.1
171,124,1,14,368431.2
173,124,1,3,78949.6
174,124,1,14,354832.9
179,124,1,18,504980.1
180,124,1,4,112217.8
193,124,1,1,22570
205,124,1,16,415803
206,124,1,21,545741.5
220,124,1,2,40175.9
221,124,1,1,20087.9
224,124,1,1,21119.8
226,124,1,3,63359.5
240,124,1,4,96116.2
29,125,1,5,105626.7
30,125,1,22,464757.4
31,125,0,32,727623.4
32,125,0,40,962040.3
33,125,0,46.5,1149059
34,125,1,1,25659.4
58,125,1,5,130854
82,125,1,3,66409.8
88,125,1,2,38989.5
106,125,1,6.5,146303.4
107,125,0,26,543567.8
109,125,1,5,107758.3
110,125,1,4,86206.6
113,125,1,1,21551.7
114,125,1,4,85089.3
116,125,1,2,42544.6
118,125,1,13,276540.1
119,125,1,3,65480.1
149,125,1,3,65993.9
150,125,1,4,87991.8
154,125,0,25,568704.8
155,125,1,3,70954.2
157,125,1,5,118256.9
160,125,1,15,334710.7
164,125,1,3,75096.9
165,125,1,2,50064.6
166,125,1,3,75096.9
167,125,1,16,400516.5
168,125,1,1,25032.3
169,125,1,1,26316.5
170,125,1,12,315798.2
171,125,1,10,263165.2
172,125,1,4,105266.1
173,125,1,23,605279.9
179,125,1,12,336653.4
180,125,1,2,56108.9
193,125,1,7,157990.1
205,125,1,5,129938.5
206,125,1,15,389815.4
207,125,1,3,77963.1
221,125,1,10,200879.5
222,125,1,11,220967.4
226,125,1,18,380156.8
227,125,0,32.5,651700.3
228,125,1,12,253437.9
229,125,1,6,123152.1
25,126,1,4,92988
26,126,1,5,116235
29,126,1,3,63376
30,126,1,20,422506.7
31,126,1,17,359130.7
32,126,0,82.5,1946411.9
33,126,0,72,1627361.4
34,126,1,6,153956.2
57,126,1,8,209366.4
58,126,1,21,549586.8
88,126,1,1,19494.7
105,126,1,3,67524.7
107,126,1,10.5,236336.3
108,126,1,13,292606.9
109,126,1,6,129310
110,126,1,13,280171.6
119,126,1,6,130960.3
120,126,1,1,21826.7
135,126,1,1,21000.8
137,126,1,1,21000.8
154,126,0,38,869509.9
155,126,1,12,283816.6
159,126,1,5,111570.2
160,126,1,7,156198.3
165,126,0,28,529427.8
166,126,1,18,450581.1
167,126,1,3,75096.9
168,126,1,1,25032.3
169,126,1,10,263165.2
170,126,1,14,368431.2
171,126,1,24.5,644754.7
172,126,1,25,657912.9
173,126,0,27,660594.6
174,126,1,9,228106.9
175,126,1,6,152071.2
206,126,1,2,51975.4
222,126,0,27,443209.9
223,126,1,18,361583.1
226,126,1,9,190078.4
227,126,1,9,190078.4
228,126,1,4,84479.3
229,126,1,1,20525.4
24,127,1,1,23247
31,127,1,2,46494
32,127,1,27,627669.2
33,127,0,37,936230.9
47,127,1,2,47670.2
57,127,1,3,71505.2
58,127,1,3,71505.2
90,127,1,1,19494.7
118,127,1,4,87306.8
120,127,1,2,45786.9
135,127,1,9,207586.6
153,127,1,1,21998
154,127,1,12,255082.3
155,127,1,17,361366.7
156,127,1,4,85027.4
157,127,1,4,85027.4
158,127,1,9,191311.8
159,127,1,10.5,234297.5
160,127,1,1,22314
165,127,1,24,627567.3
171,127,1,3,73416.7
172,127,1,3,73416.7
175,127,1,11,274556.6
176,127,1,8,199677.5
221,127,1,4,80351.8
231,127,1,3,61576.1
24,128,1,1,23247
31,128,1,2,46494
58,128,1,4,95340.3
103,128,1,2,41221
112,128,1,1,22508.2
113,128,1,3,67524.7
114,128,1,2.5,54566.8
118,128,1,3,65480.1
119,128,1,2,45786.9
120,128,1,8,183147.4
121,128,1,6,137360.6
122,128,1,3,68680.3
137,128,1,1,23065.2
138,128,1,10,230651.7
154,128,0,29,615323.4
155,128,1,13.5,286967.6
156,128,1,8,170054.9
157,128,1,17,361366.7
158,128,1,8,170054.9
160,128,1,4,89256.2
164,128,1,4,104594.5
165,128,1,11,287635
171,128,1,13,318139.2
172,128,1,6,146833.5
176,128,0,35.5,723227
177,128,1,1,24959.7
14,129,1,4,87014.3
18,129,1,4,87014.3
27,129,1,3,69741
30,129,1,2,46494
31,129,1,6,139482
35,129,1,4,102637.4
61,129,1,8,190680.6
84,129,1,2,38989.5
114,129,1,2,43653.4
126,129,1,1,22330.8
128,129,1,1,22330.8
137,129,1,4,92260.7
138,129,1,6,138391
154,129,1,4,85027.4
156,129,1,16,340109.8
157,129,0,35,692844.9
170,129,1,4,97889
171,129,1,8,195778
172,129,1,23.5,575097.8
176,129,1,18,449274.4
177,129,1,16,399355
178,129,1,11,274556.6
209,129,1,1,23169.4
210,129,1,1,23169.4
225,129,1,13,266829.6
226,129,1,11,225778.9
230,129,1,1,20525.4
250,129,1,2,40845.1
4,130,1,8,216140.6
5,130,1,3,81052.7
10,130,1,4,73229.5
14,130,1,9.5,206659
15,130,1,1,21753.6
17,130,1,3,65260.7
31,130,1,4,92988
38,130,1,5,128296.8
45,130,1,2,47670.2
64,130,1,3,66409.8
102,130,1,2,41221
103,130,1,3,61831.5
104,130,1,1,22508.2
108,130,1,1,22508.2
114,130,1,1,21826.7
115,130,1,2,43653.4
119,130,1,7,160254
125,130,1,2,44661.7
126,130,1,11,245639.2
127,130,1,6,133985
128,130,1,16,357293.4
129,130,1,13,308710.4
130,130,1,3,71240.9
131,130,1,1,23747
132,130,1,3,71240.9
133,130,1,5,118734.8
134,130,1,2,46130.3
135,130,1,2,46130.3
154,130,1,3,63770.6
157,130,1,4,85027.4
161,130,1,2,44628.1
172,130,1,1,24472.2
177,130,1,1,24959.7
178,130,1,1,24959.7
179,130,1,23,603478
180,130,1,11.5,301739
181,130,1,2,52476.3
205,130,1,5,115846.9
206,130,1,2,46338.8
209,130,1,7,162185.7
210,130,1,6,139016.3
211,130,1,2,46338.8
224,130,1,9,184728.2
225,130,1,19.5,400244.3
234,130,1,2,48058.1
5,131,1,2,54035.2
6,131,1,2,54035.2
7,131,1,1,27017.6
8,131,1,7,189123
9,131,1,10,183073.8
10,131,1,6,109844.3
11,131,0,33,712356.2
12,131,1,10,183073.8
13,131,1,21,384454.9
14,131,1,10,217535.8
29,131,1,2,46494
102,131,1,4,82442
114,131,1,7,152787
115,131,1,4,87306.8
119,131,1,6.5,148807.3
128,131,1,9.5,212143
129,131,1,11,261216.5
132,131,1,5,118734.8
133,131,1,2,47493.9
150,131,1,1,21998
179,131,1,2,52476.3
180,131,1,5,131190.9
181,131,0,22,478021.1
205,131,1,10,231693.9
209,131,1,6,139016.3
228,131,1,2,41050.7
9,132,1,12,272465
10,132,0,30,763221.7
11,132,0,25.5,580226
12,132,0,45.5,880475.8
13,132,1,8,181643.4
51,132,1,2.5,62506
63,132,1,4,82746.5
64,132,1,6,119131.4
65,132,1,1,19855.2
66,132,1,1,19855.2
67,132,1,6,119131.4
68,132,1,5,99276.2
88,132,1,5,114530.6
112,132,1,2,41427.1
119,132,1,4,88074.3
120,132,1,3,66055.7
128,132,1,3,59113.9
134,132,1,16.5,332345.2
135,132,1,3,60426.4
136,132,1,4,80568.5
137,132,1,2,40284.3
150,132,1,2,48340.3
179,132,1,4,93435
180,132,1,12,280305
181,132,0,30,744323.8
205,132,1,4,80884.3
206,132,1,6,121326.5
9,133,1,18,408697.6
10,133,1,24,544930.1
11,133,0,56,1254526.8
12,133,1,29,658457.2
14,133,1,3,76630.8
38,133,1,4,93024.5
64,133,1,5,99276.2
65,133,1,8,158841.9
66,133,1,4,79421
68,133,1,10,198552.4
94,133,1,2,42002.9
95,133,1,1,21001.4
111,133,1,2,41427.1
118,133,1,5,110092.8
119,133,1,1,22018.6
127,133,1,6,118227.7
128,133,1,1,19704.6
129,133,1,3,66133.2
134,133,1,4,80568.5
175,133,1,12,279773.2
176,133,1,2.5,58286.1
178,133,1,7,163201
179,133,1,9,210228.7
180,133,1,1,23358.7
205,133,1,3,60663.2
206,133,1,3,60663.2
230,133,1,2,43561.2
8,134,1,2,45410.8
9,134,0,56.5,1367290
10,134,1,12,272465
11,134,1,7,158937.9
12,134,1,16,363286.7
13,134,1,2,45410.8
15,134,1,6,153261.7
28,134,1,1,27122.5
38,134,1,1,23256.1
39,134,1,12,279073.5
68,134,1,4,79421
83,134,1,2,42806.1
99,134,1,3,63004.3
104,134,1,1,20713.6
111,134,1,2,41427.1
117,134,1,2,44037.1
128,134,1,16,315274
129,134,1,17,374754.8
130,134,1,16,352710.4
131,134,1,10,220444
132,134,1,6,132266.4
134,134,1,5,100710.7
138,134,1,4,80568.5
158,134,1,2,50235.1
159,134,1,1,25117.5
174,134,1,6,139886.6
175,134,0,39.5,835570.2
176,134,1,23,536232
177,134,1,16,373030.9
178,134,1,17,396345.4
240,134,1,7,120247
242,134,1,1,17178.1
243,134,1,11,188959.5
247,134,1,8,153875.9
248,134,1,6,115406.9
250,134,1,19,365455.2
251,134,1,8,153875.9
8,135,1,6,136232.5
9,135,1,13,295170.5
12,135,1,14.5,329228.6
13,135,1,3.5,79469
14,135,1,25,638590.3
54,135,1,11,227552.8
55,135,1,3,62059.9
56,135,1,3,62059.9
63,135,1,3,62059.9
96,135,1,4,84005.7
111,135,1,1,20713.6
116,135,1,5,110092.8
131,135,1,10,220444
132,135,1,12,264532.8
133,135,1,5,110222
134,135,1,6,120852.8
136,135,0,44,806064.4
137,135,1,20.5,412913.7
138,135,1,3,60426.4
139,135,1,5,108720.9
158,135,1,2,50235.1
172,135,1,2.5,57159
173,135,1,4,91454.4
174,135,0,53,1195786
175,135,0,68,1430759.9
176,135,1,18,419659.8
177,135,1,16,373030.9
202,135,1,3,68833.2
241,135,1,12,206137.7
244,135,1,4,76937.9
255,135,1,4,76937.9
14,136,1,4,102174.5
40,136,1,2,46512.3
41,136,1,1,23256.1
55,136,1,3,62059.9
67,136,1,10,198552.4
71,136,1,10,198552.4
72,136,1,15,297828.6
79,136,1,4,85612.3
80,136,1,1,21403.1
107,136,1,3,62140.7
113,136,1,1,20713.6
114,136,1,7,154130
132,136,1,7,154310.8
135,136,1,7,140994.9
136,136,0,27,634430.1
137,136,0,29,561872.4
138,136,1,4,80568.5
173,136,1,6,137181.6
174,136,1,20.5,477945.9
175,136,1,25,582860.8
176,136,1,20,466288.7
178,136,1,2,46628.9
211,136,1,2,40442.2
229,136,1,1,21780.6
236,136,1,9,154603.3
25,137,1,1,27122.5
40,137,1,11,255817.4
41,137,1,27,627915.5
42,137,1,15,348841.9
43,137,1,4,93024.5
44,137,1,5,125012.1
68,137,1,13,279717.9
69,137,1,11,207333.9
71,137,1,2,37697.1
79,137,1,7,149821.5
80,137,1,4,85612.3
105,137,1,2,41427.1
106,137,1,8,165708.4
114,137,1,5,110092.8
135,137,1,5,108720.9
136,137,0,29,673264.1
137,137,1,20,434883.6
173,137,1,3,68590.8
174,137,1,1,21614.8
175,137,0,34,930602.9
176,137,1,14,302607.4
177,137,1,18,389066.6
211,137,1,6,120996.9
212,137,1,8,161329.2
213,137,1,4,80664.6
214,137,1,1,25091.9
11,138,1,2,45410.8
40,138,1,3,69768.4
41,138,1,20.5,476750.6
42,138,1,3,69768.4
43,138,1,11,255817.4
44,138,1,12,300028.9
66,138,1,2,43033.5
67,138,1,8,172134.1
68,138,0,39,859872
69,138,1,17,320425.2
71,138,1,1,18848.5
74,138,1,1,21403.1
92,138,1,9,206155
105,138,1,7,144994.9
111,138,1,14,280223.7
112,138,1,18,360287.6
113,138,1,1,20016
135,138,1,6,130465.1
136,138,1,7,152209.3
137,138,1,10,217441.8
138,138,1,3,65232.5
149,138,1,2,43663.2
164,138,1,5,114318
173,138,1,2,45727.2
174,138,1,9,194533.3
175,138,1,14,302607.4
176,138,0,42,918531.2
177,138,1,25,540370.3
201,138,1,1,22944.4
202,138,1,15,344166.1
203,138,1,6.5,149138.6
204,138,1,6,121326.5
212,138,0,23,471936.9
213,138,1,2,40332.3
214,138,1,2,50183.7
39,139,1,1,23256.1
40,139,1,18,418610.3
41,139,0,26,589926.2
42,139,1,9,209305.2
43,139,1,6,139536.8
44,139,1,8,200019.3
45,139,1,2,50004.8
64,139,1,11,236684.4
66,139,1,4,86067.1
67,139,1,8,172134.1
68,139,1,21,451852.1
69,139,0,25.5,536774
70,139,1,1,18848.5
84,139,1,2,45812.2
92,139,1,18,412310
106,139,1,5,103567.8
110,139,1,16,320255.6
111,139,1,9,180143.8
112,139,1,10,200159.8
130,139,1,4,96066.5
136,139,1,10,217441.8
164,139,1,4,91454.4
165,139,1,7,160045.2
167,139,1,4,91454.4
175,139,1,6,129688.9
176,139,1,2.5,54037
211,139,1,1,20166.2
212,139,0,26,577388.7
213,139,1,3,60498.5
217,139,1,2,50183.7
39,140,1,14,325585.8
41,140,1,11,255817.4
45,140,1,9,225021.7
63,140,1,7.5,155149.6
64,140,1,6,129100.6
68,140,1,3,64550.3
69,140,1,13,245031
70,140,1,31,584304.7
84,140,1,2,45812.2
92,140,1,9,206155
110,140,1,15,300239.6
111,140,1,10,200159.8
112,140,1,1,20016
130,140,1,4,96066.5
131,140,1,12,288199.6
136,140,1,6,130465.1
148,140,1,6,145021
149,140,1,13,283810.9
150,140,1,26.5,578537.6
161,140,1,2,50235.1
164,140,1,3,68590.8
166,140,1,12,274363.2
167,140,1,3,68590.8
211,140,1,2,40332.3
212,140,1,11,221827.7
213,140,1,2,40332.3
214,140,1,6,150551.1
216,140,1,4,100367.4
21,141,1,6,150098.7
31,141,1,2,54245
36,141,1,2,46512.3
39,141,1,5,116280.6
42,141,1,3,69768.4
45,141,1,4,100009.6
54,141,1,4,82746.5
69,141,1,4,75394.2
70,141,1,4,75394.2
71,141,1,5,94242.7
84,141,1,2,45812.2
110,141,1,12,240191.7
111,141,1,16,320255.6
112,141,1,10,200159.8
113,141,1,3,60047.9
130,141,1,9,216149.7
131,141,1,15,360249.5
132,141,1,7,168116.4
134,141,1,5.5,119593
135,141,1,22,478372
136,141,1,12,260930.2
138,141,1,16,347906.9
140,141,1,1,21744.2
141,141,1,2,43488.4
148,141,1,15,362552.5
149,141,1,14,305642.5
150,141,1,16,349305.7
151,141,1,13,283810.9
213,141,1,2,40332.3
214,141,1,3,75275.6
216,141,1,7,175643
13,142,1,2,50032.9
16,142,1,2,41805.2
19,142,1,6,125415.6
20,142,1,11,229928.6
21,142,1,9,188123.4
22,142,1,11,229928.6
23,142,1,4,83610.4
39,142,1,2,54245
61,142,1,5,85067.3
107,142,1,6,118698.1
110,142,1,13,257179.3
111,142,1,7,138481.2
132,142,1,5,137946.7
133,142,1,3,82768
134,142,1,9,208157.7
135,142,1,4,92514.5
137,142,1,2,46257.3
138,142,0,49,856709.3
139,142,1,14,297632.9
140,142,1,4,85038
141,142,1,10,212594.9
148,142,1,14,311561.8
150,142,1,11,247517.7
151,142,1,7,157511.3
161,142,1,3,75352.6
216,142,1,5,113717.9
239,142,1,3,66975.9
254,142,1,2,39276.4
20,143,1,16,334441.6
21,143,1,10,209026
22,143,1,17,355344.2
23,143,1,2,41805.2
29,143,1,2,54245
37,143,1,5,110710
38,143,1,10,221420.1
39,143,1,10,271225
60,143,1,2,34026.9
61,143,1,4,68053.8
75,143,1,1,21403.1
103,143,1,2,36168
111,143,1,4,79132.1
112,143,1,7,138481.2
133,143,1,2,55178.7
138,143,0,42.5,905315.8
139,143,1,6,127557
141,143,1,2,42519
148,143,1,23,511851.6
149,143,0,47,1012056.9
150,143,0,32,814446.4
151,143,1,5,112508
212,143,1,3,75275.6
213,143,1,7,175643
241,143,1,2,44650.6
250,143,1,3,74282.7
255,143,1,3,58914.7
19,144,1,2,41805.2
21,144,1,28,585272.8
22,144,1,9,188123.4
23,144,1,4,83610.4
37,144,1,32,708544.3
51,144,0,19,451664
52,144,1,2,48052.2
53,144,1,4,96104.4
56,144,1,2,34026.9
62,144,1,3,51040.4
83,144,1,6,128418.4
103,144,1,11,198924.2
104,144,1,6,118698.1
110,144,1,3,59349.1
112,144,0,25,486981.8
113,144,1,4,79132.1
138,144,1,12,277543.6
148,144,0,26.5,638195.3
149,144,0,51.5,1296056.4
150,144,1,5,112508
218,144,1,3,68230.7
227,144,1,4,87122.4
228,144,1,4,87122.4
239,144,1,6,133951.9
240,144,1,21,468831.5
241,144,1,18,401855.6
242,144,1,6,133951.9
243,144,1,4,89301.2
244,144,1,9,182366.2
246,144,1,2,40525.8
250,144,1,5,123804.6
255,144,0,37,765997.2
21,145,1,3,62707.8
22,145,1,2,41805.2
35,145,1,3,66426
38,145,1,2,44284
51,145,1,11,264287
52,145,1,15,360391.4
54,145,1,1,17013.5
56,145,1,2,34026.9
61,145,1,6,102080.7
62,145,1,1,17013.5
102,145,1,1,18084
104,145,1,2,39566
111,145,1,6,118698.1
115,145,1,4,88074.3
148,145,1,8,178035.3
149,145,1,10,225016.1
150,145,1,6,135009.7
196,145,1,4,91777.6
202,145,1,2,45888.8
203,145,1,2,45888.8
226,145,1,2,43561.2
228,145,1,12,261367.1
236,145,1,4,89301.2
239,145,1,12,267903.7
240,145,1,2,44650.6
241,145,1,8,178602.5
242,145,1,8,178602.5
243,145,1,4,89301.2
245,145,1,17,344469.5
246,145,1,22,445784
247,145,1,17,344469.5
248,145,1,9,182366.2
249,145,1,11,272370.1
250,145,0,30,583661.3
251,145,1,5,123804.6
255,145,1,19,373126.2
51,146,1,3,72078.3
52,146,1,6,144156.5
62,146,1,4,68053.8
103,146,1,2.5,45210
113,146,1,1,19783
114,146,1,2,44037.1
148,146,1,14,311561.8
149,146,0,25.5,684008.2
150,146,1,2,45003.2
204,146,1,2,50183.7
218,146,1,6,136461.4
219,146,1,1,22743.6
242,146,1,3,66975.9
246,146,1,2,40525.8
249,146,1,11,272370.1
250,146,1,2,49521.8
251,146,1,3,74282.7
35,147,1,1,27122.5
51,147,1,2,48052.2
52,147,1,1,24026.1
61,147,1,10,257116.3
62,147,1,1,25711.6
69,147,1,3,64209.2
73,147,1,5,107015.4
89,147,1,4,84005.7
90,147,1,4,84005.7
91,147,1,1,21001.4
100,147,1,1,18084
107,147,1,9,178047.2
114,147,1,1,22018.6
117,147,1,6,132111.4
148,147,1,10,290547.2
161,147,1,6,150705.2
162,147,1,10.5,263734.2
203,147,1,2,45888.8
219,147,1,1,22743.6
223,147,1,6,136461.4
252,147,1,2,40525.8
61,148,1,3,77134.9
62,148,1,5,128558.2
63,148,1,2,51423.3
78,148,1,2,42806.1
98,148,1,2,36168
99,148,1,13,235092.2
134,148,1,4,110357.3
135,148,1,3,82768
148,148,1,16,464875.5
164,148,1,4,87406.3
172,148,1,2,46318
219,148,1,3,68230.7
227,148,1,3,65341.8
254,148,1,3,59485.3
255,148,1,2,39656.9
59,149,1,2,51423.3
62,149,1,2,51423.3
119,149,1,3,66055.7
133,149,1,5.5,151741.3
147,149,1,4,116218.9
148,149,1,22.5,653731.2
150,149,1,8,178035.3
151,149,1,3,66763.2
164,149,1,7,152961.1
165,149,1,4,87406.3
167,149,1,3,65554.7
169,149,1,3,69477
170,149,1,7,162113
171,149,1,6,138954
172,149,1,7,162113
198,149,1,2,45888.8
219,149,1,5,113717.9
222,149,1,2,45487.1
239,149,1,1,22325.3
255,149,1,3,59485.3
59,150,1,1,25711.6
75,150,1,2,42806.1
94,150,1,3.5,63294.1
111,150,1,2,39566
133,150,1,5,137946.7
136,150,1,3,82768
147,150,1,4,116218.9
148,150,0,23,529687.2
149,150,1,1,22254.4
168,150,1,1,21851.6
169,150,0,25,646704.8
170,150,1,19,440021.1
171,150,1,11,254749
172,150,1,13,301067
173,150,1,8,185272
220,150,1,10,227435.7
221,150,1,1,22743.6
5,151,1,1,25016.4
6,151,1,10,250164.5
7,151,1,9,225148
40,151,1,4,108490
62,151,1,2,51423.3
84,151,1,1,21001.4
86,151,1,4,84005.7
87,151,1,2,42002.9
88,151,1,1,21001.4
89,151,1,31,651044.2
147,151,1,4,116218.9
148,151,1,24,697313.3
166,151,1,22,480734.8
167,151,1,19,415180.1
168,151,1,22,480734.8
169,151,1,10,231590
3,152,1,10,239338.5
4,152,1,27,657503.3
6,152,1,2,48703.9
7,152,1,10,243519.7
69,152,1,3,91008.5
84,152,1,4,96300.5
88,152,1,20,481502.5
89,152,0,29,624394.9
129,152,1,1,22163.5
147,152,1,3,64766.6
148,152,1,5,107944.3
166,152,1,5,127567.8
167,152,1,9,229622
168,152,1,20,510271.2
169,152,1,13,312387.2
4,153,1,4.5,109583.9
53,153,1,2,60674.6
86,153,1,3,72225.4
88,153,1,7,168525.9
89,153,1,7,151417.7
90,153,1,3,64893.3
105,153,1,4,95846.6
107,153,1,2,47923.3
135,153,1,1,21942.1
167,153,1,5,127567.8
168,153,1,4,102054.2
9,154,1,9,219167.8
37,154,1,2,47591.6
89,154,1,1,21631.1
103,154,0,46.5,870349.3
104,154,1,6,143769.9
157,154,1,4,108990.9
167,154,1,2,51027.1
168,154,1,1,25513.6
231,154,1,2,35144.3
58,155,1,2,60674.6
86,155,1,3,72225.4
91,155,1,6,129786.6
102,155,1,2,52048.1
103,155,0,44,765898.9
104,155,1,17,407348.2
113,155,1,1,24692.8
146,155,1,12,259066.3
147,155,1,9,194299.7
166,155,1,5,127567.8
167,155,1,1,25513.6
11,156,1,5,121759.9
12,156,1,6,146111.8
29,156,1,2,47591.6
86,156,1,1,24075.1
90,156,1,4,86524.4
91,156,1,1,21631.1
99,156,1,3,78072.2
100,156,1,4,104096.2
101,156,1,7,182168.4
102,156,1,7,182168.4
103,156,1,9,234216.5
104,156,0,71,1281028.9
105,156,0,32,835130.7
106,156,1,13,311501.6
107,156,1,17,407348.2
140,156,1,2,43884.3
146,156,1,4,86355.4
148,156,1,3,64766.6
158,156,1,4,108990.9
166,156,1,6,153081.4
5,157,1,2,48703.9
12,157,1,14,330832.3
13,157,1,9,212677.9
30,157,1,2,47591.6
89,157,1,2,43066
90,157,1,6,129197.9
94,157,1,9,198742
95,157,1,14,309154.3
97,157,1,5,110412.2
98,157,1,7,154577.1
100,157,1,3,62354.1
102,157,1,3,62354.1
103,157,1,36,748249.7
104,157,0,46,1071751.8
105,157,0,40,680524.8
106,157,0,37,799873.6
107,157,1,16,373805.5
108,157,0,34,708028.3
145,157,1,8,212026.9
146,157,1,13,344543.7
172,157,1,2,42938.7
221,157,1,1,19997.6
10,158,1,1,23630.9
12,158,1,10,236308.8
13,158,1,28,661664.6
14,158,1,7,145099.4
39,158,1,1,23795.8
94,158,1,1,22082.4
95,158,1,5,110412.2
103,158,1,8,166277.7
104,158,0,22,532851.5
105,158,0,36,762397.6
106,158,1,7,163539.9
107,158,1,6,140177.1
108,158,1,19,443894
109,158,1,15,370392
110,158,1,5,123464
116,158,1,2,42952.2
133,158,1,2,49664.3
134,158,1,6,131652.9
139,158,1,1,21942.1
140,158,1,14,307190.1
145,158,1,10,265033.6
146,158,1,5,132516.8
173,158,1,17.5,375713.3
174,158,1,6,156609.9
184,158,1,1,21821.3
185,158,1,2,43642.5
186,158,1,11,240034
187,158,1,2,43642.5
223,158,1,4,79990.4
11,159,1,3,70892.6
12,159,1,26.5,626218.3
13,159,1,10,236308.8
33,159,1,7,166570.5
79,159,1,2,60672.3
86,159,1,2,43066
104,159,1,7,163539.9
109,159,1,3,74078.4
117,159,1,1,21476.1
118,159,1,4,85904.4
119,159,1,1,21476.1
120,159,1,1,21476.1
127,159,1,1,22163.5
133,159,1,25,620804.3
140,159,1,18,394958.7
145,159,1,9,238530.3
146,159,1,4,106013.5
147,159,1,3,79510.1
171,159,1,23.5,504529.3
172,159,1,4,85877.3
173,159,1,12,257632
182,159,1,10,261016.5
183,159,1,6,156609.9
184,159,1,11,240034
185,159,1,8,174570.2
187,159,1,6,130927.6
188,159,1,2,43642.5
12,160,1,4,94523.5
22,160,1,2,41457
78,160,1,10,303361.6
79,160,1,1,30336.2
104,160,1,5,116814.2
119,160,1,1.5,32214.2
125,160,1,4,88653.9
126,160,1,3,66490.4
127,160,1,23,509760.1
129,160,1,1,24832.2
133,160,1,15,372482.6
134,160,1,1,21942.1
140,160,1,6,131652.9
141,160,1,2,43884.3
144,160,1,14,371047.1
145,160,1,19,503563.9
147,160,0,38,913375.4
148,160,1,13,344543.7
149,160,1,9,208817
161,160,1,7,190734
173,160,1,2,42938.7
187,160,1,4,87285.1
216,160,1,1,19997.6
86,161,1,9,193796.9
88,161,1,1,21533
89,161,1,10,215329.8
111,161,1,3,74078.4
117,161,1,1,21476.1
127,161,1,12,265961.8
133,161,1,1,24832.2
134,161,1,8,175537.2
139,161,1,7,153595
140,161,1,1,21942.1
141,161,1,7,153595
144,161,1,1,26503.4
145,161,1,4,106013.5
146,161,0,40,859522.4
147,161,0,42,940157.7
148,161,0,83,1884819.3
149,161,1,23,533643.4
159,161,1,2,54495.4
160,161,1,14,381468.1
161,161,0,34,741064.8
162,161,0,35.5,873645.7
163,161,1,14.5,395091.9
164,161,1,25,600744.6
165,161,1,8,192238.3
172,161,1,1,21469.3
86,162,1,3,68315.7
89,162,1,2,45543.8
102,162,1,2,50193.9
103,162,1,9,225872.7
111,162,1,11,265970.4
112,162,1,11,265970.4
115,162,1,4,85904.4
127,162,1,3,63357.4
133,162,1,3,63357.4
134,162,1,3,64976.3
136,162,1,3,64976.3
137,162,1,11,238246.5
138,162,1,9,194929
139,162,1,6,148357.6
140,162,1,2,49452.5
141,162,1,2,49452.5
145,162,1,5,115545.5
146,162,0,22.5,526362.2
147,162,1,7,161763.8
148,162,1,25.5,589282.3
149,162,1,19,445595.5
161,162,0,19,400602.7
162,162,0,41,945814.8
163,162,1,10,221528
164,162,1,3,84271.1
165,162,0,25,518408.9
171,162,1,5,123090.1
172,162,1,13,320034.3
173,162,1,10,246180.2
174,162,1,1,26101.6
34,163,1,13,290444
69,163,1,3,91008.5
86,163,1,4,91087.6
89,163,1,5,113859.5
111,163,1,8,193433
112,163,1,3,72537.4
115,163,1,2,42952.2
129,163,1,1,21119.1
133,163,1,13,274548.9
137,163,1,4,86635.1
138,163,1,3,64976.3
139,163,0,26,677186.4
140,163,1,8,197810.1
144,163,0,17.5,541041.8
146,163,1,9,207982
147,163,1,17,392854.8
148,163,0,21,507761.2
149,163,1,13,304881.1
150,163,1,2,46904.8
161,163,1,1,22152.8
162,163,1,5,110764
165,163,1,13,365174.9
171,163,1,3,73854.1
172,163,1,3,73854.1
173,163,0,31,630391.4
23,164,1,2,41457
34,164,0,50,1024066.9
85,164,1,1,22771.9
101,164,1,7,175678.8
109,164,1,4,96716.5
110,164,1,5,120895.6
129,164,1,3,63357.4
139,164,1,19,469798.9
140,164,0,30.5,532440.9
142,164,0,49.5,1097987.3
144,164,0,120,2223376.9
145,164,0,150,2926983.6
146,164,0,171,3629884.6
147,164,0,41,971711.3
148,164,1,10.5,242645.6
149,164,0,31,686925
150,164,1,20,469047.9
172,164,1,16,393888.3
176,164,1,2,52203.3
223,164,1,6,86501.4
224,164,1,10,175721.6
225,164,1,2,35144.3
28,165,1,4,82305.1
31,165,1,8,164610.2
34,165,1,22,491520.6
84,165,1,2,45543.8
88,165,1,5,113859.5
96,165,1,1,25097
101,165,1,1,25097
132,165,1,5,105595.7
133,165,1,7,147834
138,165,1,2,43317.5
139,165,1,17,420346.4
140,165,1,2,49452.5
142,165,0,32,672749.3
143,165,1,10,247262.6
144,165,0,139,2729807.8
145,165,0,150,2865973.6
146,165,0,187.5,3447146.9
147,165,0,65,1420631
148,165,0,31,733738.4
149,165,1,20,469047.9
150,165,1,24.5,574583.7
175,165,1,1,26101.6
223,165,1,7,100918.3
224,165,1,19,333871
225,165,1,8,140577.3
15,166,1,1,20728.5
31,166,1,11,226339
32,166,1,19,390949.1
33,166,1,1,20576.3
34,166,0,32,622101.5
87,166,1,2,45543.8
96,166,1,9,225872.7
97,166,1,1,25097
133,166,1,3,63357.4
139,166,1,12,296715.1
143,166,0,19,438644.3
144,166,0,66.5,1425678.6
145,166,0,90.5,1565695.3
146,166,0,128.5,2529112.1
147,166,1,15,346636.6
148,166,0,60,1204089.5
149,166,1,13,304881.1
150,166,1,13,304881.1
221,166,1,12,173002.8
222,166,1,8,115335.2
223,166,1,1,14416.9
228,166,1,1,17572.2
245,166,1,2,42738.4
15,167,1,2,41457
16,167,1,1,20728.5
25,167,1,2,41152.5
32,167,1,7,161421.1
33,167,0,23,471133.9
34,167,0,21,469212.9
59,167,1,1,30337.3
64,167,1,2,60672.3
83,167,1,2,60672.3
84,167,1,2,45543.8
97,167,1,9,171901.9
98,167,1,2,38200.4
99,167,1,2,50193.9
100,167,1,2,50193.9
109,167,1,1,21221.5
110,167,1,8,169772.4
111,167,1,5,106107.7
112,167,1,2,42443.1
113,167,1,3,63664.6
123,167,1,2,42952.2
133,167,1,1,21119.1
139,167,1,10,242342.2
143,167,1,14,339279.1
144,167,0,28,822818.4
145,167,0,36,659451.6
146,167,0,212,3070752.8
147,167,1,12,270626.6
148,167,0,24.5,471179.1
149,167,1,36.5,859015.3
150,167,1,10.5,247114
154,167,1,3,66458.4
165,167,1,4,105261.8
166,167,1,14,368416.2
167,167,1,9,236839
168,167,0,23,524612.6
169,167,1,6,168542.3
170,167,1,2,56180.8
210,167,1,6,119985.7
220,167,1,4,78044.2
221,167,1,2,39022.1
222,167,1,13.5,263399.3
223,167,1,14,273154.8
224,167,1,2,35144.3
15,168,1,19,393841.2
16,168,1,8,165827.9
31,168,1,12,276721.9
32,168,1,14,322842.2
33,168,0,26,527703.4
34,168,1,20,475915.6
40,168,1,2,47591.6
60,168,1,4,121349.2
84,168,1,1,22771.9
115,168,1,3,64428.3
117,168,1,11,236237.1
118,168,1,2,42952.2
120,168,1,2,42952.2
139,168,1,2,48468.4
143,168,1,4,96936.9
144,168,0,34,1033524.6
145,168,0,55.5,1199022.7
146,168,0,48,819472
147,168,0,46,831148.2
148,168,1,12,270626.6
149,168,1,1,23534.7
151,168,1,5,117673.3
153,168,1,1,23534.7
154,168,1,4,88611.2
155,168,1,1,22152.8
157,168,1,5,110764
165,168,1,4,105261.8
166,168,1,16,421047.1
167,168,0,68,1241467.4
207,168,1,1,19997.6
208,168,1,1.5,29996.4
209,168,1,8,159980.9
222,168,1,8,156088.5
225,168,1,4,70288.6
15,169,1,18,373112.7
16,169,1,16,331655.8
32,169,1,1,23060.2
33,169,1,11,253661.7
53,169,1,3,91011.9
60,169,1,5,151686.5
61,169,1,4,121349.2
84,169,1,1,22771.9
92,169,1,2,45543.8
103,169,1,2,50193.9
104,169,1,10,212215.5
105,169,1,3,63664.6
115,169,1,4,85904.4
116,169,1,2,42952.2
117,169,1,5,107380.5
118,169,1,4,85904.4
119,169,1,2,42952.2
120,169,1,4,85904.4
143,169,0,32,824778.5
144,169,1,9,202969.9
145,169,0,76.5,1619631
146,169,0,155.5,2656071.7
147,169,0,36,713813.9
148,169,1,3,67656.6
166,169,1,7,184208.1
167,169,1,6,157892.7
169,169,1,6,168542.3
15,170,1,9,186556.4
16,170,1,2.5,51821.2
26,170,1,2,41152.5
33,170,1,1,23060.2
47,170,1,2,60674.6
53,170,1,3,91011.9
69,170,1,2,60672.3
94,170,1,7,133701.5
102,170,1,2,50193.9
104,170,1,5,106107.7
105,170,1,2,42443.1
111,170,1,3,63664.6
112,170,1,1,21221.5
143,170,0,67.5,1493856.1
144,170,1,9,202969.9
145,170,0,66.5,1317932.5
146,170,0,98.5,2008117.1
147,170,1,15,338283.2
148,170,1,9,202969.9
149,170,1,4,94138.7
169,170,1,3,84271.1
207,170,1,2,39995.2
222,170,1,4,78044.2
47,171,1,2,60674.6
54,171,1,2,60674.6
74,171,1,4,121344.6
84,171,1,3,68315.7
94,171,1,9,171901.9
132,171,1,2,42238.3
143,171,1,7,169639.6
144,171,0,31,899371.1
145,171,0,65.5,1595952.7
146,171,0,47,1086223.5
147,171,1,4,90208.9
166,171,1,6,157892.7
174,171,1,4,104406.6
30,172,1,3,61011.8
142,172,1,2,44518.3
144,172,0,21,442024.4
145,172,0,79,1784681.7
146,172,1,8,169367.8
147,172,1,2,42341.9
159,172,1,2,48378.7
164,172,1,1,22179.3
207,172,1,3,64881.5
208,172,1,2,43254.4
209,172,1,6,153335
211,172,1,2,51111.7
222,172,1,3,55674.6
241,172,1,2,45804.4
129,173,1,5,97276
131,173,1,5,97276
136,173,1,5,111295.7
144,173,1,21,444590.4
145,173,0,59,1439777
147,173,1,1,21171
156,173,0,26.5,645646.7
161,173,1,4,96757.5
162,173,1,11,266083.1
207,173,1,4,86508.7
222,173,1,16,296931.2
223,173,1,3,55674.6
24,174,1,7,142361
130,174,1,1,19455.2
131,174,1,9,175096.8
134,174,1,12,267109.7
135,174,1,11,244850.6
136,174,1,5,111295.7
137,174,1,2,44518.3
144,174,1,9,190538.7
145,174,0,35,625671.6
155,174,1,4,88658
156,174,1,14,310303.1
157,174,1,17,376796.6
158,174,1,3,66493.5
159,174,1,4,96757.5
160,174,0,33,715398.4
161,174,0,24,543932.5
162,174,1,10,241893.7
163,174,1,6,145136.2
206,174,1,4,86508.7
208,174,1,3,64881.5
209,174,1,4,102223.3
222,174,1,12,222698.4
18,175,1,1,17739.7
38,175,1,3,61884.9
88,175,1,4,95036.4
131,175,1,1,19455.2
134,175,1,2,44518.3
136,175,1,3,66777.4
137,175,0,14,262581.4
144,175,1,7,148196.8
145,175,0,31,728367.6
146,175,1,6,127025.8
148,175,1,6,127025.8
150,175,1,14,272466.1
151,175,1,12,233542.3
154,175,1,2,44329
155,175,1,4,88658
156,175,0,56,1344612
157,175,0,35,920331.2
162,175,1,12,290272.5
163,175,1,23,556355.6
201,175,1,1,21821.3
248,175,1,1,19032.6
45,176,1,3,91011.9
69,176,1,2,44886.1
70,176,1,11,246873.8
71,176,1,2,44886.1
110,176,1,1,23085.4
111,176,1,9,207768.6
125,176,1,2,38910.4
137,176,1,9,200332.3
145,176,0,36,731511.4
146,176,1,15,317564.6
148,176,1,14,296393.6
149,176,1,17,330851.7
150,176,1,4,77847.4
151,176,0,31,792622.7
152,176,1,2,38923.7
154,176,1,3,66493.5
155,176,1,14,310303.1
156,176,1,17,376796.6
157,176,0,48.5,1096190.3
163,176,1,1,24189.4
164,176,1,13,288330.8
165,176,1,8,177434.3
205,176,1,6,129763.1
223,176,1,2,37116.4
224,176,1,3,68706.6
245,176,1,1,19032.6
27,177,1,10,189021.4
45,177,1,5,151686.5
70,177,1,15.5,317788.8
71,177,0,31,563609.2
72,177,1,5,102512.5
110,177,1,1,23085.4
111,177,0,23,446470.4
124,177,1,2,38910.4
125,177,1,3,58365.6
136,177,1,7,155814
145,177,1,12,254895.9
151,177,1,15,350920.2
152,177,1,7,163762.7
156,177,1,4,96757.5
157,177,1,7,169325.6
165,177,1,2,45521.2
221,177,1,1,18558.2
223,177,1,13,241256.6
224,177,1,8,183217.7
245,177,1,1,19032.6
246,177,1,27,513880.8
247,177,1,1,19032.6
248,177,1,1,19032.6
16,178,1,3,70683.1
27,178,1,3,56706.4
71,178,1,3,61507.5
72,178,1,16,328040
78,178,1,4,89772.3
99,178,1,3,71277.3
111,178,1,3,69256.2
126,178,1,2,38910.4
128,178,1,3,58365.6
147,178,1,14,297378.6
148,178,1,2,42482.7
150,178,1,16,374314.9
151,178,1,5,116973.4
152,178,1,10,233946.8
165,178,1,10,227606.1
166,178,1,8,182084.9
167,178,1,2,45521.2
224,178,1,2,45804.4
227,178,1,2,45804.4
246,178,1,5,95163.1
247,178,1,4,76130.5
2,179,1,10,245562
27,179,1,6,113412.8
28,179,1,15,283532.1
29,179,1,4,81349.1
39,179,1,1,20628.3
43,179,1,6,123769.8
64,179,1,2,44886.1
69,179,1,1,20502.5
77,179,1,2,44886.1
110,179,1,2,46170.8
144,179,1,1,21241.3
147,179,1,9,191171.9
148,179,1,17,361102.5
149,179,1,15,350920.2
150,179,1,10,233946.8
165,179,1,2,45521.2
166,179,0,37.5,793733.4
167,179,1,12,273127.3
207,179,1,3,76667.5
208,179,1,3,76667.5
209,179,1,7,168558
210,179,1,7,168558
229,179,1,5,114511
3,180,1,8,196449.6
27,180,1,6,113412.8
28,180,0,41,709754.7
29,180,1,18,366071.1
30,180,1,14,284722
31,180,1,1,20337.3
43,180,1,6,123769.8
44,180,1,1,30337.3
85,180,1,1,23759.1
99,180,1,2,47518.2
110,180,1,3,69256.2
147,180,1,15.5,329240.5
148,180,1,23,488550.5
149,180,1,17,397709.5
166,180,1,9,204845.5
180,180,1,4,84356.1
207,180,1,2,51111.7
208,180,1,1,25555.8
209,180,1,8,192637.7
210,180,1,2,48159.4
4,181,1,1,17739.7
16,181,1,14,329854.3
17,181,1,8,188488.2
27,181,1,2,37804.3
28,181,1,11,207923.5
29,181,1,13,264384.7
30,181,1,12,244047.4
87,181,1,2,47518.2
98,181,1,2,47518.2
113,181,1,10,230854
129,181,1,1,19455.2
134,181,1,4,89036.6
135,181,1,2,44518.3
147,181,1,23,488550.5
148,181,1,2,42482.7
180,181,1,8,168712.3
182,181,1,1,21089
4,182,1,4,104851.5
16,182,1,3,53219.2
17,182,1,1,17739.7
21,182,1,1.5,26609.6
30,182,1,19,391937.6
50,182,1,1,30337.3
85,182,1,2,47518.2
113,182,1,10,175849.9
114,182,1,2,35591.3
115,182,1,8,142365
143,182,1,2,38910.4
147,182,1,14,366005.1
155,182,1,3,68815.3
157,182,1,7,160569.1
158,182,1,22,504645.7
175,182,1,8,163019.7
181,182,1,11,244221.9
182,182,1,8,177615.9
204,182,1,4,112750.5
223,182,1,4,60809.9
230,182,1,4,91608.8
235,182,1,7,127489.2
17,183,1,10,177397.3
24,183,1,1,20628.3
113,183,1,18,316529.8
114,183,1,7,124569.4
115,183,1,7,124569.4
157,183,1,3,68815.3
158,183,1,4,91753.8
167,183,1,2,37376.9
168,183,1,2,37376.9
169,183,1,7,147623.2
170,183,1,2,42178.1
173,183,1,6,126534.2
174,183,1,26,529813.9
176,183,1,1,20377.5
177,183,1,10,203774.6
180,183,1,2,44404
181,183,1,13,288625.8
203,183,1,4,87285.1
204,183,1,3,84562.9
222,183,1,2,30405
223,183,1,7,106417.3
236,183,1,5,91063.7
26,184,1,11,226911.3
27,184,1,5,103141.5
93,184,1,1,23759.1
113,184,1,12,211019.8
166,184,1,10.5,196228.9
167,184,1,17,317704
168,184,1,2,37376.9
173,184,1,2,42178.1
176,184,1,3,61132.4
177,184,1,11.5,234340.7
222,184,1,2,30405
223,184,1,8,121619.8
233,184,1,2,45804.4
75,185,1,2,44886.1
102,185,1,4,95036.4
117,185,1,2,35591.3
118,185,1,4,71182.5
178,185,1,2,40754.9
181,185,1,2,44404
205,185,1,2,56375.3
222,185,1,2,30405
232,185,1,2,45804.4
234,185,1,1,18212.7
239,185,1,6,109276.5
12,186,1,3,78638.6
32,186,1,4,82513.2
103,186,1,1,23759.1
106,186,1,11,234644.5
107,186,1,21,447957.8
112,186,1,17,298944.8
115,186,1,9,160160.7
117,186,1,4,71182.5
118,186,1,17,302525.7
121,186,1,2,49327.3
123,186,1,1,24663.6
156,186,1,5,114692.2
180,186,1,9,199817.9
181,186,1,15,333029.8
182,186,1,4,88808
183,186,1,2,44404
203,186,1,1,21821.3
234,186,1,3,54638.2
242,186,1,2,36425.5
8,187,1,1,26212.9
9,187,1,12,314554.5
10,187,1,9.5,249022.3
31,187,1,11,281285
32,187,1,8,204570.9
34,187,1,2,50974.3
56,187,1,1,30337.3
70,187,1,5,104292
71,187,1,2,41716.8
72,187,1,2,41716.8
105,187,1,2,43357.3
106,187,1,1.5,32518
111,187,1,5,108393.3
113,187,1,15,325180
114,187,1,7.5,184977.2
115,187,1,11,271299.9
119,187,1,4,88747.6
123,187,1,2,44373.8
126,187,1,4,103341.5
155,187,1,16,326038.4
156,187,1,7,142641.8
181,187,1,2,46408.3
182,187,0,25,398481.7
183,187,1,10,232041.5
9,188,1,1,26212.9
31,188,1,3,76714.1
32,188,1,5,127856.8
34,188,1,2,50974.3
56,188,1,1,30337.3
68,188,1,4,83433.6
73,188,1,5,104292
75,188,1,2,44886.1
93,188,1,2,47518.2
94,188,1,4,95036.4
113,188,1,4,86714.7
120,188,0,21.5,387168.2
121,188,1,10,221868.9
122,188,1,14,310616.5
123,188,1,10,221868.9
126,188,1,1,25835.4
136,188,1,1,19455.2
180,188,1,19,440878.8
181,188,1,6,139224.9
182,188,1,4,92816.6
183,188,1,4,92816.6
214,188,1,3,84562.9
236,188,1,4,89425.9
5,189,1,4,104851.5
27,189,1,4,82513.2
31,189,1,5,127856.8
32,189,1,7,178999.5
34,189,1,1,25487.1
35,189,1,3,76461.4
37,189,1,2,50974.3
39,189,1,5,103116.1
55,189,1,4,121349.2
68,189,1,14,292017.5
121,189,0,24,490932.7
122,189,0,47,886269.3
123,189,0,44,795637.5
124,189,1,3,77506.2
125,189,1,2,51670.8
126,189,1,8,206683.1
136,189,1,4,77820.8
146,189,1,2,52286.4
147,189,1,2,52286.4
148,189,1,1.5,39214.8
167,189,1,4,84844.2
168,189,1,2,42422.1
172,189,1,4,84356.1
179,189,1,18,417674.7
180,189,1,2,46408.3
214,189,1,5,140938.1
5,190,1,1,26212.9
13,190,1,2,52425.8
37,190,1,1,25487.1
38,190,1,7,178410
39,190,1,8,164985.7
40,190,1,8,164985.7
43,190,1,2,41246.4
67,190,1,15,312875.9
68,190,0,32,601340.6
69,190,1,2,41716.8
76,190,1,2,44886.1
96,190,1,5,118795.5
119,190,1,1,22186.9
120,190,1,5,110934.5
121,190,1,2,44373.8
122,190,0,30,641126.7
123,190,1,5,110934.5
126,190,1,3,77506.2
142,190,1,2,38910.4
146,190,1,2,52286.4
167,190,1,24,509065.1
168,190,1,6,127266.3
169,190,1,2,42178.1
179,190,1,4,92816.6
234,190,1,4,89425.9
235,190,1,7,156495.3
236,190,1,7,156495.3
238,190,1,3,67069.4
239,190,1,12,218553
41,191,1,7,144362.5
42,191,1,9,185609
50,191,1,2,60674.6
66,191,1,3,62575.2
67,191,1,6,125150.4
68,191,1,18,375451.1
110,191,1,3,65036
112,191,1,5,108393.3
119,191,1,13,288429.6
120,191,1,8,177495.1
121,191,1,18,399364
122,191,1,3,66560.7
127,191,1,2,51670.8
128,191,1,4,103341.5
142,191,1,10,194552
157,191,1,1,20377.4
158,191,1,3,61132.2
165,191,1,1,21211
173,191,1,2,42178.1
184,191,1,1,21821.3
190,191,1,4,87285.1
191,191,1,1,21821.3
199,191,1,2,43642.5
203,191,1,2,43642.5
204,191,1,1,28187.6
225,191,1,1,22902.2
235,191,1,12,268277.7
236,191,1,19,424773
239,191,1,4,72851
8,192,1,2,50196.6
21,192,1,8,163795.2
22,192,1,9,184269.6
41,192,1,6,121550.4
42,192,1,8,162067.1
64,192,1,1,21445.2
74,192,1,5,107226.1
112,192,1,3,65442.3
113,192,1,9,196327
120,192,1,4,92799.8
121,192,1,8,185599.6
165,192,1,18,418475.2
187,192,1,2,49538.1
190,192,1,2,49538.1
199,192,1,3,64071.5
203,192,1,1,21357.2
212,192,1,8,158759.7
213,192,1,4,79379.9
236,192,1,1,23376
237,192,1,17,397392.5
238,192,1,11,257136.3
22,193,1,9,184269.6
23,193,1,2,40948.8
41,193,1,9,182325.5
42,193,1,15,303875.9
112,193,1,4,87256.4
120,193,0,34.5,513617.4
121,193,1,2,46399.9
124,193,1,5,111859.6
163,193,1,4,70402.5
164,193,1,11,255734.9
165,193,1,12,278983.5
166,193,1,4,92994.5
203,193,1,1,21357.2
237,193,1,1,23376
238,193,1,4,93504.1
23,194,1,2,40948.8
24,194,1,6,144414.7
55,194,1,1,20364.9
56,194,1,6,122189.3
76,194,1,2,42890.4
77,194,1,1,21445.2
112,194,1,13,283583.4
113,194,1,2,43628.2
114,194,1,6,128864.2
115,194,1,3,64432.1
119,194,1,3,69599.9
120,194,1,13,301599.4
121,194,1,6,139199.7
128,194,1,2,44743.8
129,194,1,10,223719.2
164,194,0,23,512712.5
165,194,1,13,302232.1
166,194,0,38,895385.8
167,194,1,4,92994.5
169,194,1,3,69291.4
193,194,1,1,24769.1
200,194,1,1,21357.2
202,194,1,2,42714.3
16,195,1,4,100393.2
56,195,1,1,20364.9
57,195,1,9,183283.9
58,195,1,6,122189.3
69,195,1,2,42890.4
77,195,1,2,42890.4
97,195,1,2,35758.2
111,195,1,2,43628.2
112,195,1,10,218141.1
113,195,1,3,65442.3
120,195,1,15,347999.3
161,195,1,4,70402.5
165,195,1,2,46497.2
166,195,1,7,162740.4
167,195,0,41,755331.4
168,195,1,19,441723.9
169,195,1,15,346456.8
195,195,1,1,23121.6
196,195,1,5,115608.1
200,195,1,9,192214.4
210,195,1,4,79379.9
229,195,1,3,71962.9
15,196,1,2,50196.6
16,196,1,5,125491.6
22,196,1,6,122846.4
24,196,1,1,24069.1
55,196,1,2,40729.8
56,196,1,5,101824.4
57,196,1,8,162919
63,196,1,3,60262.8
95,196,1,9.5,169851.4
96,196,1,13.5,241367.7
97,196,1,2,35758.2
109,196,1,3.5,76349.4
111,196,1,5,109070.5
112,196,1,3,65442.3
113,196,1,6,130884.7
119,196,1,1,23200
120,196,1,2,46399.9
160,196,1,19,334411.7
161,196,1,14,246408.6
167,196,0,57,1235333.4
168,196,1,15,348729.4
169,196,1,9,207874.1
192,196,1,1,24769.1
193,196,1,5,123845.4
199,196,1,1,21357.2
200,196,1,12,256285.9
203,196,1,4,85428.6
210,196,1,5,99224.8
211,196,1,8,158759.7
216,196,1,1,23615.2
226,196,1,9,215888.7
227,196,1,4,95950.6
243,196,1,1,23376
16,197,1,3,75294.9
22,197,1,5,125491.6
24,197,1,3,72207.3
50,197,1,2,40175.2
55,197,1,1,20087.6
56,197,1,11,220963.6
72,197,1,1,21445.2
101,197,1,3,53637.3
107,197,1,2,50425
112,197,1,3,75637.4
118,197,1,12,257728.3
119,197,1,13,258044.5
127,197,1,2,44743.8
150,197,1,2,39015.9
160,197,1,28,567072.5
167,197,1,28,581031.3
169,197,1,2,46194.2
180,197,1,5,113433.2
199,197,1,2,46243.2
201,197,1,2,46243.2
210,197,1,7,165306.5
211,197,1,9,212536.9
215,197,1,1,23615.2
226,197,1,4,73040.4
227,197,1,15,273901.3
228,197,1,1,18260.1
22,198,1,4,100393.2
39,198,1,1,24069.1
87,198,1,3,58473.4
88,198,1,16,311858.1
106,198,1,9,226912.3
108,198,1,3,75637.4
118,198,1,6,128864.2
119,198,1,1,19849.6
122,198,1,12,238195
140,198,1,8,178975.3
160,198,1,7,141768.1
161,198,1,6,121515.5
168,198,1,4,83004.5
169,198,1,4,92388.5
178,198,1,5,113433.2
181,198,1,2,45373.3
196,198,1,9,208094.6
197,198,1,1,23121.6
210,198,1,5,118076
227,198,0,30,678777
229,198,1,1,23987.6
230,198,1,6,143925.8
231,198,1,9,215888.7
22,199,1,2,50196.6
38,199,1,9,216622
77,199,1,4,85780.9
78,199,1,1,21445.2
84,199,1,3,58473.4
88,199,1,17,331349.3
89,199,1,10,194911.3
106,199,1,6,151274.9
107,199,1,2,50425
122,199,1,3,59548.7
137,199,1,5,111666.5
138,199,0,28,659773.2
139,199,1,12,268463
140,199,1,2,44743.8
180,199,1,2,45373.3
197,199,1,1,23121.6
227,199,1,11,200861
229,199,1,7,167913.5
230,199,1,10,239876.4
21,200,1,5,125491.6
38,200,1,7,168483.8
57,200,1,2,40175.2
78,200,1,3,64335.7
79,200,1,3,64335.7
86,200,1,9,175420.2
87,200,0,32.5,588131.9
88,200,0,19,332339.2
89,200,1,2,38982.3
94,200,1,1,17879.1
95,200,1,5,89395.5
114,200,1,3,64432.1
115,200,1,6,128864.2
123,200,1,1,19849.6
137,200,1,22,491332.5
138,200,0,27,607092.5
139,200,1,27,604041.8
140,200,1,8,178975.3
151,200,1,2,39015.9
152,200,1,2,39015.9
171,200,1,4,92388.5
192,200,1,3,74307.2
231,200,1,3,71962.9
242,200,1,5,116880.2
61,201,1,4,80350.4
62,201,1,1,20087.6
81,201,1,5,107226.1
82,201,1,2,42890.4
83,201,1,3,64335.7
87,201,1,16,311858.1
89,201,1,6,116946.8
111,201,1,2,50425
120,201,1,3,59548.7
126,201,1,1,22371.9
137,201,1,4,89333.2
138,201,1,20,446665.9
139,201,0,40.5,946198.5
140,201,1,12,268463
141,201,1,14,313206.9
151,201,1,10,195079.6
152,201,1,29,565730.9
153,201,1,2,39015.9
170,201,1,2,46194.2
171,201,1,1,23097.1
175,201,1,5,113433.2
177,201,1,5,113433.2
182,201,1,1,22686.6
189,201,1,1,24769.1
12,202,1,1,25098.3
30,202,1,2,48138.2
80,202,1,3,76586.1
86,202,1,2,45228.9
87,202,1,9,203530.2
90,202,1,2,43612.9
119,202,1,1,22847.1
120,202,1,2,45694.3
121,202,1,3,68541.4
137,202,0,24,594987.7
138,202,0,64.5,1445377
139,202,0,76.5,1446511.8
140,202,1,17,377100.5
141,202,1,15,332735.8
142,202,1,11,244006.2
143,202,1,9,199641.5
152,202,1,1,23040.5
154,202,1,2,41930.4
171,202,1,2,43956.5
173,202,1,1,21978.3
179,202,1,3,78441.4
201,202,1,2,49538.1
0,203,1,2,43357.4
1,203,1,3,65036.1
12,203,1,3,75294.9
70,203,1,7,158067.5
86,203,1,7,158301.3
87,203,1,7,158301.3
100,203,1,6,165090.9
102,203,1,2,55030.3
118,203,1,2,45694.3
120,203,1,3,68541.4
137,203,1,17,387306.4
138,203,0,22,541313.4
139,203,1,15,332735.8
151,203,1,2,46080.9
153,203,1,15,345606.9
154,203,1,53,1111156.8
155,203,1,9.5,199169.6
181,203,1,4,104588.5
187,203,1,1,18932.3
188,203,1,4,75729.1
246,203,1,1,26187.2
0,204,1,3,65036.1
1,204,1,3,65036.1
20,204,1,4,102335.3
34,204,1,2,48138.2
58,204,1,6,157923.8
59,204,1,2,43771.4
60,204,1,2,43771.4
86,204,1,1,22614.5
87,204,1,1,22614.5
88,204,1,2,45228.9
89,204,1,3,65419.4
93,204,1,5,109032.4
95,204,1,1,27515.1
111,204,1,5,115896.8
112,204,1,7,162255.5
137,204,1,7,159479.1
138,204,0,39.5,838721.9
139,204,1,17,377100.5
140,204,1,19,421465.3
153,204,1,2,46080.9
154,204,1,2,41930.4
178,204,1,4,104588.5
187,204,1,18,340780.9
214,204,1,2,37587.7
246,204,1,4,104748.7
20,205,1,4,102335.3
34,205,1,2,48138.2
59,205,1,22,481485.9
60,205,1,8,175085.8
61,205,1,1,21885.7
62,205,1,3,65657.2
66,205,1,6,135486.4
72,205,1,6,135486.4
77,205,1,3,76586.1
88,205,1,5,113072.3
89,205,1,1,21806.5
111,205,1,9,208614.2
112,205,1,13,301331.7
113,205,1,7,162255.5
126,205,1,9,201347.3
137,205,1,5,113913.6
138,205,1,11,250610
139,205,1,9,199641.5
181,205,1,1,26147.1
182,205,1,8,209177
197,205,1,1,24769.1
200,205,1,10,247690.7
201,205,1,7,173383.5
213,205,1,5,118076
214,205,1,10,187938.6
231,205,1,4,78659.2
19,206,1,6,153503
44,206,1,4,80350.4
53,206,1,2,40175.2
59,206,1,10.5,229800.1
60,206,0,25,540414.4
61,206,1,14,306400.1
62,206,1,5,109428.6
66,206,1,3,67743.2
73,206,1,4,90324.3
74,206,1,5,127643.5
75,206,1,5,127643.5
84,206,1,5,113072.3
86,206,1,1,22614.5
101,206,1,3,82545.4
111,206,1,4,92717.4
112,206,1,2,46358.7
113,206,1,9,208614.2
165,206,1,1,21978.3
182,206,1,1,26147.1
201,206,1,12,297228.8
213,206,1,2,47230.4
214,206,0,18,377738.5
215,206,1,13,244320.1
8,207,1,1,25098.3
18,207,1,5,127919.2
53,207,1,2,40175.2
54,207,1,5,131603.1
59,207,1,5,131603.1
73,207,1,5,112905.3
74,207,1,2,51057.4
75,207,1,2,51057.4
76,207,1,1,25528.7
85,207,1,5,109032.4
86,207,1,1,21806.5
111,207,1,1,23179.4
165,207,1,4,87913.1
214,207,1,6,112763.1
215,207,1,4,75175.4
216,207,1,2,37587.7
232,207,1,6,117988.8
7,208,1,2,50196.6
18,208,1,4,102335.3
59,208,1,1,26320.6
79,208,1,2,51057.4
85,208,1,1,21806.5
104,208,1,2,46358.7
120,208,1,4,91388.6
170,208,1,5,121380.8
204,208,1,3,70845.6
217,208,1,2,37587.7
232,208,1,8,157318.3
251,208,1,1,26187.2
252,208,1,5.5,144029.5
26,209,1,3,72207.3
49,209,1,1,20087.6
59,209,1,2,52641.3
64,209,1,2,45162.1
67,209,1,3,67743.2
68,209,1,3.5,79033.7
79,209,1,8,204229.6
93,209,1,3,65419.4
95,209,1,3,82545.4
96,209,1,3,82545.4
111,209,1,2,46358.7
169,209,1,7,169933.1
170,209,1,3,72828.5
184,209,1,4,75729.1
185,209,1,5.5,104127.5
232,209,1,2,39329.6
233,209,1,12,235977.5
1,210,1,2,43357.4
14,210,1,3,76751.5
19,210,1,3,61079.6
20,210,1,13,264678.1
21,210,1,2,40719.7
22,210,1,6,122159.1
96,210,1,10,275151.4
111,210,1,2,46358.7
112,210,1,3,69538.1
168,210,1,14,307695.7
169,210,0,21,428070.6
170,210,1,2,48552.3
181,210,1,2,52294.2
184,210,1,1,18932.3
185,210,1,27,511171.4
186,210,1,12,227187.3
190,210,1,3,56796.8
217,210,1,1,18793.9
233,210,1,26,511284.6
234,210,1,6,140256.2
236,210,1,6,140256.2
1,211,1,2,43357.4
13,211,1,3,75294.9
14,211,1,1,25583.8
20,211,1,3,61079.6
21,211,1,7.5,152698.9
22,211,0,42,1009183.7
23,211,1,8,162878.8
63,211,1,4,105282.5
64,211,1,3,67743.2
82,211,1,1,25528.7
97,211,1,1,27515.1
114,211,1,9,205624.3
137,211,1,1,22782.7
168,211,1,20,439565.3
169,211,0,34,691360
170,211,1,2,48552.3
185,211,1,2,37864.5
186,211,0,24,472217
190,211,1,2,37864.5
234,211,1,2,46752.1
1,212,1,5,87687.4
13,212,1,2,43922.3
14,212,1,4,97303.2
15,212,1,6,145954.7
21,212,1,12,263681.7
22,212,0,26,566832.7
23,212,1,17,373549
24,212,1,2,47193.4
28,212,1,2,47193.4
76,212,1,9,196773.2
81,212,1,6,129924.6
82,212,1,6,129924.6
110,212,1,3.5,72240.4
111,212,1,5,103200.6
114,212,1,5,109681.5
118,212,1,3,65808.9
119,212,1,2,43872.6
129,212,1,1,24151.5
153,212,1,6,132305.2
157,212,1,22,460481.8
164,212,1,3,70904.3
165,212,1,2,47269.6
168,212,1,14,330886.9
169,212,1,12,283617.3
172,212,1,4,94539.1
180,212,1,3,71132.7
185,212,1,14,304125.2
186,212,1,9,195509.1
187,212,1,6,130339.4
1,213,1,17,298137.3
23,213,1,9,197761.3
25,213,1,1.5,35395.1
26,213,1,9,212370.4
27,213,1,1,23596.7
28,213,1,7,165177
70,213,1,4,95757.4
76,213,1,11,240500.6
77,213,1,2,43727.4
82,213,1,1,21654.1
109,213,1,1,20640.1
114,213,1,13,285171.8
115,213,1,9.5,208394.8
118,213,1,3,65808.9
143,213,1,5,100073.1
156,213,1,1,20931
157,213,1,14,293033.9
164,213,1,13,307252.1
165,213,1,4,94539.1
184,213,1,6,130339.4
235,213,1,3,68563.2
28,214,1,2,47193.4
29,214,1,8,199356.4
30,214,1,5,124597.8
52,214,1,2,48688.1
67,214,1,2,47878.7
68,214,1,12,287272.2
76,214,1,2,43727.4
99,214,1,3,83176.9
100,214,1,1,27725.6
113,214,1,1,20640.1
114,214,1,4,87745.2
115,214,1,3,65808.9
117,214,1,2,43872.6
118,214,1,3,65808.9
163,214,1,10,220508.7
164,214,1,19,449060.8
165,214,1,2,47269.6
169,214,1,2,47269.6
191,214,1,1,21723.2
225,214,1,12,243756.5
226,214,1,5,101565.2
229,214,1,1,20896.6
231,214,1,9,188069.3
9,215,1,4,87844.6
16,215,1,2,48651.6
17,215,1,1,24325.8
29,215,1,4,99678.2
30,215,1,2,49839.1
33,215,1,5,124597.8
34,215,1,4,88211.6
51,215,1,1,24344.1
52,215,1,2,48688.1
68,215,1,4,95757.4
69,215,1,1,23939.4
111,215,1,2,41280.2
135,215,1,4,80058.5
136,215,1,2,40029.2
137,215,1,1,20014.6
138,215,1,4,80058.5
161,215,1,1,22050.9
162,215,1,5,110254.3
164,215,1,2,47269.6
165,215,1,13,307252.1
177,215,1,5,118554.5
186,215,1,1,21723.2
222,215,1,2,43958.8
223,215,1,17,373649.9
226,215,1,4,81252.2
227,215,1,12,243756.5
228,215,1,4,81252.2
229,215,0,25,499419.4
230,215,1,9,188069.3
18,216,1,2,48651.6
26,216,1,3,70790.1
33,216,1,3,74758.7
51,216,1,25,608601.5
107,216,1,4,82560.5
135,216,1,1,20014.6
136,216,1,11,220160.8
137,216,1,16,320234
138,216,1,11,220160.8
164,216,1,5.5,129991.3
165,216,1,7,165443.5
222,216,1,3,65938.2
226,216,1,9,182817.3
228,216,0,29.5,647226.2
229,216,1,9,188069.3
230,216,1,12.5,261207.4
235,216,1,1,22854.4
31,217,1,2,49839.1
32,217,1,10,249195.5
48,217,1,8,137394.5
51,217,0,24,555180
77,217,1,2,42723.9
78,217,1,8,170895.7
79,217,1,1,21654.1
81,217,1,5,108270.5
113,217,1,4,82560.5
134,217,1,2,38944
135,217,1,18,350495.9
136,217,0,36,841323.6
137,217,0,39,776131.4
222,217,1,6,131876.4
226,217,1,1,22211.9
228,217,1,15,333178.2
229,217,1,20,438673
235,217,1,19,434233.8
237,217,1,9,205689.7
241,217,1,3,68563.2
14,218,1,1,24325.8
29,218,1,4,99678.2
48,218,1,16,274789.1
49,218,1,14,292192.7
50,218,0,25,587414
51,218,1,9,187838.1
52,218,1,4,83483.6
53,218,1,8.5,177402.7
54,218,1,2,46849.3
56,218,1,4.5,105410.8
77,218,1,4,85447.8
78,218,1,2,42723.9
79,218,1,6,129924.6
80,218,1,1,21654.1
112,218,1,3,61920.4
122,218,1,3,76746.2
123,218,1,3,76746.2
134,218,1,2,38944
135,218,1,10,194720
136,218,0,52,1066838
137,218,0,44,1003315.2
138,218,1,11,214192
222,218,1,16,351670.5
223,218,1,5,109897
226,218,1,10,222118.8
227,218,1,5,111059.4
228,218,1,12,266542.6
229,218,1,5,109668.3
230,218,1,2,43867.3
236,218,1,3,68563.2
14,219,1,1,24325.8
48,219,1,30,515229.6
49,219,0,39,831654.9
50,219,0,60.5,1272577.4
51,219,1,17,354805.4
52,219,1,9,187838.1
65,219,1,10,239393.5
66,219,1,2,47878.7
72,219,1,4,95757.4
76,219,1,7,149533.7
77,219,1,6,128171.8
116,219,1,1,21936.3
124,219,1,2,48303
132,219,1,2,55820.8
133,219,1,9,251193.6
134,219,1,3,58416
135,219,1,1,19472
138,219,1,3,58416
146,219,1,2,44101.7
181,219,1,4,94843.6
223,219,0,24,478803.8
224,219,1,3,66635.6
229,219,1,7,153535.6
1,220,1,3,52612.5
6,220,1,3,68749.2
8,220,1,4.5,103123.8
13,220,1,1,21961.2
14,220,1,18,437864.2
15,220,1,4,97303.2
49,220,1,14,292192.7
50,220,1,20.5,427853.6
51,220,1,14,292192.7
52,220,1,22.5,469595.4
53,220,1,12,250450.9
65,220,1,1,23939.4
76,220,1,7,149533.7
77,220,1,1,21362
105,220,1,2,41280.2
123,220,0,29,627255.7
124,220,1,15,362272.1
131,220,1,1.5,41865.6
132,220,1,17,474476.8
133,220,1,12,334924.8
223,220,1,7,153855.8
224,220,1,13,288754.4
236,220,1,3,68563.2
237,220,1,7,159980.9
240,220,1,2,45708.8
2,221,1,15,263062.3
5,221,1,4,91665.6
6,221,1,3,68749.2
7,221,1,7,160414.7
14,221,1,18,437864.2
15,221,1,3,72977.4
37,221,1,2,44105.8
48,221,1,1,17174.3
49,221,1,11,229580
50,221,1,12,250450.9
51,221,1,8,166967.2
52,221,1,2,41741.8
53,221,1,10,208709.1
75,221,1,3,64085.9
76,221,1,1,21362
77,221,1,8.5,181576.7
78,221,1,9,192257.6
83,221,1,2,43308.2
116,221,1,3,65808.9
122,221,1,7,179074.5
123,221,1,22,562805.5
130,221,1,7,195372.8
131,221,1,18,502387.2
132,221,1,14,390745.6
150,221,1,1,22050.9
223,221,1,2,43958.8
238,221,1,2,45708.8
2,222,1,2,60165.5
7,222,1,1,21366.2
38,222,1,8,176423.2
49,222,1,13,304520.1
76,222,1,2,46111.3
77,222,1,3,69166.9
78,222,1,7,161389.5
101,222,1,2,46796.4
102,222,1,3,70194.5
115,222,1,8,190806.8
129,222,1,2,46583
130,222,1,18,419247.1
131,222,1,25,582287.7
132,222,1,6,139749
133,222,1,5,116457.5
169,222,1,4,94843.6
181,222,1,2,47421.8
182,222,1,2,47421.8
213,222,1,6,138928.1
13,223,1,2,42732.4
22,223,1,2,43922.3
39,223,1,6,132317.4
43,223,1,3,66158.7
44,223,1,2,46849.3
78,223,1,2,46111.3
100,223,1,4,93592.7
101,223,1,11,257379.9
115,223,1,5,119254.2
116,223,1,15,357762.8
117,223,1,2,47701.7
118,223,1,2,47701.7
127,223,1,1,22339.5
128,223,0,44,1004871.4
129,223,1,11,256206.6
130,223,0,27,641218.7
131,223,1,7,163040.5
132,223,1,4,93166
212,223,1,4,92618.7
213,223,1,2,46309.4
235,223,1,3,69144.9
236,223,1,2,46096.6
22,224,1,4,87844.6
23,224,1,2,43922.3
25,224,1,4,92569.9
26,224,1,11,254567.1
51,224,1,2,46849.3
55,224,1,3,70273.9
67,224,1,2,39757.1
78,224,1,4,92222.6
79,224,1,2,46111.3
96,224,1,4,93106.3
100,224,1,10,233981.8
101,224,1,1,23398.2
109,224,1,3,61920.4
115,224,1,9,214657.6
116,224,1,9,214657.6
117,224,1,5,119254.2
127,224,1,11.5,256904.3
128,224,0,70,1533146.7
129,224,0,43,831426.6
130,224,1,8,186332.1
226,224,1,2,45708.8
235,224,1,1,23048.3
240,224,1,1,23048.3
242,224,1,2,46096.6
250,224,1,3,56571.6
10,225,1,1.5,32049.3
26,225,1,6,138854.8
54,225,1,3,70273.9
99,225,1,5,116990.9
100,225,1,5.5,128690
114,225,1,3,71552.6
115,225,1,5,119254.2
116,225,1,3,71552.6
126,225,0,25,505977.3
127,225,0,74,1641796.8
128,225,0,59.5,1205875.9
129,225,0,31,724210.1
130,225,1,3,69874.5
149,225,1,4,82460.8
178,225,1,4,94843.6
208,225,1,2,46309.4
8,226,1,3,64098.5
26,226,1,7,161997.3
78,226,1,3.5,80694.7
79,226,1,1,23055.6
94,226,1,5,116382.9
99,226,1,10,233981.8
115,226,1,2,47701.7
116,226,1,2,47701.7
125,226,1,13,290413.5
126,226,0,100.5,2036439.4
127,226,0,68.5,1289630.3
128,226,0,26,637639.3
129,226,0,29,698789.4
130,226,1,10,232915.1
149,226,1,2,41230.4
150,226,1,30,618456
151,226,1,7,144306.4
152,226,1,2,41230.4
178,226,1,5,118554.5
198,226,1,1,21723.2
6,227,1,1,21366.2
16,227,1,2,43922.3
36,227,1,4,88211.6
68,227,1,1,19878.5
88,227,1,4,91520.5
89,227,1,7,194079.4
99,227,1,5,108942.6
100,227,1,16,348616.5
101,227,1,3,65365.6
115,227,1,14,348886.3
125,227,0,50,1041689.5
126,227,0,51.5,1077186.8
127,227,0,25,506082
128,227,1,7,170541.6
129,227,1,4,92082
130,227,0,38.5,718719.9
131,227,1,15,345307.6
132,227,1,1,23020.5
146,227,1,2,41230.4
149,227,1,1,20615.2
164,227,1,2,47421.8
211,227,1,8,185237.4
212,227,1,11,254701.5
240,227,1,3,69144.9
241,227,1,3,69144.9
251,227,1,2,37714.4
252,227,1,5,94286.1
7,228,1,2,42732.4
25,228,1,2,44505.2
26,228,1,12,267031.3
27,228,1,4,89010.4
68,228,1,4,79514.1
69,228,1,1,19878.5
73,228,1,2,39757.1
77,228,1,10,227794.1
78,228,1,17,387250
79,228,1,2,50580
88,228,1,10,228801.2
89,228,1,7,194079.4
90,228,1,2,55451.3
100,228,0,31,559131.4
101,228,1,13,283250.9
102,228,1,5.5,119836.9
114,228,1,6,149522.7
124,228,1,2,48726.2
125,228,1,3,73089.3
126,228,1,14,341083.2
127,228,1,4,97452.4
130,228,1,4,92082
131,228,1,10,230205.1
132,228,0,34,1015858.1
133,228,0,22,421667.4
158,228,1,6,129171.3
178,228,1,2,47421.8
209,228,1,2,46309.4
212,228,1,2,46309.4
240,228,1,1,23048.3
241,228,1,8,184386.5
242,228,1,7,161338.2
243,228,1,3,69144.9
250,228,1,1,18857.2
10,229,1,4,85464.7
12,229,1,9,192295.6
13,229,1,4,85464.7
25,229,1,2,44505.2
26,229,1,7,155768.3
36,229,1,6,132317.4
37,229,1,4,88211.6
44,229,1,2,46849.3
68,229,1,1,19878.5
71,229,1,6,119271.2
77,229,0,26,568013.5
78,229,1,16,364470.6
79,229,1,4,101160
84,229,1,6,137280.7
85,229,1,4,91520.5
97,229,1,7,162936.1
98,229,1,8,186212.6
99,229,1,5,108942.6
100,229,0,32,677629.8
101,229,1,6,130731.2
102,229,1,5,108942.6
114,229,1,2,49840.9
125,229,1,2,48726.2
126,229,1,21.5,523806.4
132,229,1,19,437389.6
133,229,0,58,1385632.8
134,229,1,4,96605.9
156,229,1,3,64585.7
157,229,1,16,344456.9
158,229,1,17,365985.5
159,229,1,4,91665.6
240,229,1,8,184386.5
241,229,1,5,115241.6
2,230,1,3,90248.2
8,230,1,4,85464.7
20,230,1,3,65883.5
21,230,1,2,43922.3
26,230,1,2,44505.2
36,230,1,5,110264.5
77,230,1,6,136676.5
78,230,1,15,341691.2
83,230,1,7,177030
84,230,1,6,137280.7
85,230,1,1,22880.1
97,230,1,7,162936.1
98,230,1,4,93106.3
99,230,1,6,130731.2
100,230,0,19,425295.8
102,230,1,1,21788.5
131,230,1,5,115102.5
132,230,0,45.5,1032270
133,230,1,26.5,610043.4
134,230,1,13,313969.2
156,230,1,3,64585.7
157,230,1,19.5,419806.9
158,230,1,8,172228.5
159,230,1,13,297913.2
245,230,1,3,56571.6
8,231,1,6.5,138880.2
11,231,1,3,64098.5
76,231,1,1,22779.4
77,231,1,5,113897.1
79,231,1,14,354060.1
84,231,1,2,45760.2
99,231,1,10,217885.3
100,231,1,4,87154.1
132,231,1,7,161143.5
155,231,1,2,43057.1
156,231,1,4,86114.2
160,231,1,9,206247.6
180,231,1,5,118554.5
239,231,1,2,46096.6
240,231,1,4,92193.3
245,231,1,9,169714.9
246,231,1,6,113143.3
14,232,1,2,47786.9
15,232,1,3,71680.4
16,232,1,2,47786.9
28,232,1,6,148292.6
29,232,1,5,123577.2
30,232,1,12,296585.2
31,232,1,2,49430.9
32,232,1,4,98861.7
42,232,1,3,52775.7
43,232,1,1,17591.9
50,232,1,2,46820.1
76,232,1,10,202232.7
77,232,1,5,101116.3
78,232,1,3,60669.8
79,232,1,3,94811.5
82,232,1,2,63207.6
99,232,1,5,138051.6
111,232,1,1,21315.6
112,232,1,2,42631.2
133,232,1,3,89511.5
161,232,1,1,29031.8
239,232,1,5,110767
240,232,1,4,88613.6
245,232,1,14,339476.3
4,233,1,3,50838.7
12,233,1,1,16946.2
15,233,1,2,47786.9
28,233,1,3,74146.3
29,233,1,9,222438.9
30,233,1,18.5,457235.5
51,233,1,2,46820.1
52,233,1,3,70230.2
63,233,1,4,101783.3
83,233,1,2,63207.6
110,233,1,2,42631.2
112,233,1,2,42631.2
182,233,1,5,114686.4
183,233,1,5,114686.4
184,233,1,4,81794
251,233,1,3,72744.9
12,234,1,3,50838.7
14,234,1,4,95573.8
19,234,1,2,47786.9
29,234,1,12,296585.2
34,234,1,2,35183.8
51,234,1,17,397971.2
52,234,1,13,304330.9
59,234,1,2,50891.7
60,234,1,3,76337.5
61,234,1,12,305350
63,234,1,7,178120.8
64,234,1,13,331175.5
81,234,1,4,126415.3
140,234,1,9,219572.3
182,234,1,1,22937.3
183,234,1,3,68811.8
229,234,1,2,47242.6
240,234,1,4,88613.6
248,234,1,5,121241.5
251,234,1,5,121241.5
252,234,1,2,48496.6
10,235,1,2,33892.5
17,235,1,1,23893.5
22,235,1,3,71680.4
47,235,1,1,23410.1
50,235,1,5,117050.4
51,235,0,38,914851.4
52,235,1,10,234100.7
60,235,1,6,152675
81,235,1,9,284434.4
82,235,0,27,622836.3
83,235,1,8.5,268632.5
84,235,1,2,45798.6
112,235,1,1,21315.6
140,235,1,7,170778.5
141,235,1,9,219572.3
181,235,1,10,229372.8
182,235,1,4,91749.1
184,235,1,5,102242.5
194,235,1,3,71869.8
211,235,1,5,112303.5
212,235,1,4,89842.8
228,235,1,6,141727.9
229,235,1,11,259834.5
242,235,1,2,44306.8
252,235,1,2,48496.6
10,236,1,1,16946.2
13,236,1,2,33892.5
14,236,1,2,47786.9
17,236,1,3,71680.4
29,236,1,2,49430.9
34,236,1,2,35183.8
38,236,1,7,123143.3
39,236,1,6,105551.4
47,236,1,1,23410.1
51,236,1,5,117050.4
53,236,1,3,70230.2
69,236,1,1,25475
82,236,1,6,189622.9
83,236,1,1,31603.8
84,236,1,1,22899.3
93,236,1,4,91597.2
94,236,1,3,82831
95,236,1,15,414154.8
97,236,1,4,110441.3
120,236,1,1,27792.5
139,236,1,1,24396.9
140,236,1,4,97587.7
141,236,1,11,268366.2
142,236,1,5,121984.6
181,236,1,3,68811.8
193,236,1,1,20448.5
194,236,1,5,119783
212,236,1,5,112303.5
226,236,1,3,70864
227,236,1,3,70864
228,236,1,9,212591.9
242,236,1,2,44306.8
243,236,1,5,110767
5,237,1,1,22494.2
13,237,1,2,33892.5
19,237,1,2,47786.9
29,237,1,3,74146.3
38,237,1,4,70367.6
40,237,1,6,105551.4
53,237,1,1,23410.1
54,237,1,2,50891.7
69,237,1,2,50950.1
81,237,1,1,20223.3
93,237,1,28,641180.5
94,237,0,35,762150.5
95,237,1,13,308839.7
96,237,1,3,71270.7
99,237,1,1,27610.3
108,237,1,5,106577.9
118,237,1,5,138962.4
130,237,1,3,89511.5
140,237,1,10.5,243736.7
141,237,1,6,139278.1
142,237,1,9,208917.2
179,237,1,2,44985.6
197,237,1,1,23956.6
204,237,1,2,44921.4
212,237,1,3,67382.1
226,237,1,2,47242.6
227,237,1,2,47242.6
242,237,1,5,110767
6,238,1,2,44988.3
10,238,1,5,84731.1
33,238,1,1,24715.4
34,238,1,2,35183.8
54,238,1,4,101783.3
93,238,1,11,251892.4
94,238,0,38.5,823057.3
98,238,1,1,23756.9
99,238,1,4,110441.3
116,238,1,6,166754.9
117,238,0,49,1381197.4
118,238,1,11,305717.2
138,238,1,2,46426
139,238,1,1,23213
140,238,1,2,46426
142,238,1,2,46426
168,238,1,1,24095.9
180,238,1,11,247421
242,238,1,8,177227.3
243,238,1,1,22153.4
6,239,1,5,112470.8
18,239,1,3,71680.4
26,239,1,1,24715.4
36,239,1,1,17591.9
94,239,1,23,546408.6
96,239,1,9,213812.1
98,239,1,3,71270.7
99,239,1,6,165661.9
116,239,1,2,55585
117,239,1,14,389094.7
125,239,1,11,312821.3
126,239,0,16,435044.1
127,239,1,14,398136.2
129,239,1,5.5,164104.4
130,239,1,4,119348.7
139,239,1,3,69639.1
146,239,1,2,45346.9
147,239,1,17,385448.4
151,239,1,2,45346.9
173,239,1,1,24095.9
175,239,1,12,289150.5
179,239,1,7,157449.7
180,239,1,11,247421
198,239,1,1,23956.6
5,240,1,1,22494.2
94,240,1,9,213812.1
95,240,1,8,190055.2
100,240,1,6,165661.9
103,240,1,9,248492.9
114,240,1,1,27792.5
123,240,1,1,27792.5
125,240,1,5,142191.5
126,240,1,7,199068.1
129,240,1,6,179023
130,240,1,17,507231.8
144,240,1,17,385448.4
147,240,1,3,68020.3
148,240,1,7,158714
154,240,1,2,58063.6
155,240,1,8,232254.5
165,240,1,5,120479.4
166,240,1,2,48191.7
173,240,1,5,120479.4
192,240,1,1,20448.5
197,240,1,5,119783
198,240,1,5,119783
199,240,1,5,119783
207,240,1,8,179685.7
5,241,1,12,269929.9
10,241,1,2,33892.5
15,241,1,4,95573.8
19,241,1,1,23893.5
20,241,1,1,23893.5
42,241,1,2,35183.8
44,241,1,3,70230.2
45,241,1,1,23410.1
55,241,1,2,50891.7
57,241,1,2,50891.7
65,241,1,3,76425.1
66,241,1,2,50950.1
67,241,1,1,25475
94,241,0,27.5,727265.2
95,241,1,8,190055.2
113,241,1,2,42631.2
114,241,1,13,361302.2
144,241,1,7,158714
145,241,1,6,136040.6
154,241,1,2,58063.6
156,241,1,1,29031.8
167,241,1,2,48191.7
197,241,1,3,71869.8
198,241,1,6,143739.6
199,241,1,4,95826.4
201,241,1,3.5,83848.1
203,241,1,1,23956.6
205,241,1,4,89842.8
206,241,1,2,44921.4
207,241,1,3,67382.1
244,241,1,1,24248.3
245,241,1,10,242483.1
15,242,1,1,20476
21,242,1,1,20476
38,242,1,2,48787.4
57,242,1,2,67351.1
66,242,1,24,670991.1
67,242,1,18,503243.3
93,242,1,3,70100.2
94,242,0,23.5,445221.2
95,242,1,2,55931.4
113,242,1,8,178010.8
114,242,1,2,42631.2
130,242,1,2,53004.7
135,242,1,4,105799.6
144,242,0,18,472501.8
145,242,1,9,261286.4
181,242,1,2,44360.8
190,242,1,3,61345.5
203,242,1,1,22703.3
204,242,1,2,40254.5
205,242,1,6,120763.4
244,242,1,3,71085.2
245,242,1,3,71085.2
246,242,1,2,47390.1
1,243,1,1,18121.7
2,243,1,19,344312.7
14,243,1,3,61428
16,243,1,3,61428
47,243,1,4,102768.1
58,243,1,9,303079.8
59,243,1,22,740776.4
67,243,1,7,195705.7
92,243,1,6,140200.4
93,243,1,12,280400.9
94,243,1,10,279656.8
103,243,1,3,83897
144,243,1,7,203222.7
180,243,1,2,44360.8
181,243,1,4,88721.6
198,243,1,1,20448.5
199,243,1,9,204329.4
203,243,1,1,22703.3
247,243,1,7,165865.5
248,243,1,7,165865.5
7,244,1,9,184826.5
8,244,1,4,82145.1
9,244,1,4,82145.1
47,244,1,9,231228.1
49,244,1,6,116945.1
50,244,1,16,311853.7
57,244,1,4,134702.1
58,244,1,5,168377.7
59,244,1,10,336716.6
60,244,1,4,134686.6
67,244,1,8,223663.7
73,244,1,6,167747.8
91,244,1,7,163567.2
129,244,1,3,79507.1
180,244,1,6,133082.4
183,244,1,1,22180.4
184,244,1,6,122691
199,244,1,1,22703.3
200,244,1,3,68109.8
247,244,1,3,71085.2
248,244,1,14,331731
25,245,1,2,41314.7
27,245,1,6,123944.2
46,245,1,3,77076
47,245,1,9,231228.1
48,245,1,14,359688.2
49,245,1,2,38981.7
50,245,1,2,38981.7
51,245,1,1,19490.9
55,245,1,10,336755.4
56,245,1,14,471457.5
66,245,1,4,111831.8
67,245,1,14,391411.4
91,245,1,5,116833.7
92,245,1,1,23366.7
93,245,1,5,116833.7
111,245,1,2,44502.7
129,245,1,5,132511.9
136,245,1,4,105799.6
137,245,1,3,79349.7
222,245,1,3,60381.7
224,245,1,1,20924.9
241,245,1,13,290384.9
248,245,1,2,47390.1
249,245,1,1,21220.6
5,246,1,2,41072.6
20,246,1,2,40952
21,246,1,7,143332
25,246,1,2,41314.7
26,246,1,15,309860.6
27,246,1,5,103286.9
36,246,1,3,73181.1
37,246,1,1,24393.7
43,246,1,4,97574.8
47,246,1,3,77076
48,246,1,16,411072.2
49,246,1,2,38981.7
51,246,1,4,77963.4
56,246,0,35.5,1203733.5
66,246,0,26,796671.1
67,246,1,21,587117.2
91,246,1,3,70100.2
92,246,1,9,210300.7
111,246,1,13,289267.6
128,246,1,13,344530.8
129,246,1,4,106009.5
134,246,1,1,26449.9
135,246,1,12,317398.7
137,246,1,13,343848.6
138,246,1,7,185149.3
139,246,1,9,238049
172,246,1,10,214783.2
201,246,1,1,22703.3
223,246,1,14.5,291844.9
224,246,1,9,188324.3
241,246,1,2,44674.6
252,246,1,2,42441.2
253,246,1,4,84882.3
6,247,1,4,82145.1
9,247,1,11,225899.1
21,247,1,2,40952
24,247,1,2,42347.8
26,247,1,20,423478.1
27,247,1,8,169391.2
31,247,1,1,20657.4
36,247,1,6,146362.3
42,247,1,6,146362.3
43,247,1,6,146362.3
51,247,1,17,394843.8
52,247,1,4,92904.4
56,247,1,4,121148.5
66,247,1,11,333853.8
67,247,0,31,895031.8
89,247,1,4,91109.4
90,247,1,9,204996.1
91,247,1,7,159441.4
92,247,1,1,22777.3
110,247,0,42.5,839457.1
111,247,1,21,450633.8
112,247,1,16,343340
113,247,1,4,85835
128,247,1,17,466084.3
135,247,1,7,208221
137,247,1,6,178475.1
138,247,0,24,550941.2
139,247,1,3,79349.7
172,247,1,12,223157.7
173,247,1,8,148771.8
174,247,1,2,44360.8
222,247,1,2,40254.5
223,247,1,9,181145.1
232,247,1,15,313873.8
233,247,1,11,230174.1
251,247,1,5,106102.9
15,248,1,1,20476
16,248,1,1,20476
22,248,1,1,20476
26,248,1,4,84695.6
43,248,1,7,170756
51,248,1,18,418069.9
52,248,1,7,162582.7
66,248,1,15,455255.2
67,248,1,2,60700.7
88,248,1,2,46733.5
89,248,1,17,387214.9
90,248,0,58,1224431.3
91,248,0,63,1309374.2
102,248,1,6,167794.1
103,248,1,8,223725.4
108,248,1,1,22251.4
109,248,0,25.5,633637.8
110,248,0,79.5,1566207.7
111,248,1,15,321881.3
112,248,0,29,558634.9
113,248,1,26,557927.5
114,248,1,6,127893.5
120,248,1,1,21315.6
125,248,1,7,191917.1
137,248,1,19,565171.3
138,248,1,6,178475.1
171,248,1,10,185964.8
172,248,1,7,130175.3
179,248,1,2,44360.8
180,248,1,8,177443.2
181,248,1,8,177443.2
232,248,1,3,62774.8
3,249,1,3,54365.2
10,249,1,2,41072.6
22,249,1,1,20476
24,249,1,1,21173.9
25,249,1,7,148217.3
26,249,1,2,42347.8
51,249,1,3,69678.3
64,249,1,5,151751.7
65,249,0,28.5,786512.2
66,249,0,24,842377.6
67,249,1,4,121401.4
90,249,0,31,793342
91,249,0,49,1090908.6
102,249,1,1,27965.7
103,249,1,3,83897
104,249,1,4,89005.4
108,249,1,1,22251.4
109,249,1,11,236046.3
110,249,1,8,171670
112,249,1,12,257505
113,249,1,26,557927.5
138,249,1,2,59491.7
171,249,1,2,37193
172,249,1,2,37193
178,249,1,3,66541.2
179,249,1,10,221804
180,249,0,19,357899.5
181,249,1,4,88721.6
184,249,1,5.5,112466.7
239,249,1,5,111686.5
248,249,1,15,318308.7
249,249,1,2,42441.2
1,250,1,3,54365.2
2,250,1,4.5,81547.7
4,250,1,10,205362.8
19,250,1,1,20476
43,250,1,2,48787.4
56,250,1,14,424019.7
64,250,1,5,151751.7
65,250,0,33.5,1076833.7
66,250,1,14,424904.8
67,250,1,3,91051
80,250,1,1,25475
90,250,1,9,204996.1
91,250,0,20,501509.3
110,250,1,11,236046.3
111,250,1,1,21458.8
172,250,1,13,241754.2
179,250,1,11,243984.4
180,250,1,13,288345.2
181,250,1,2,44360.8
182,250,1,5,110902
239,250,1,2,44674.6
249,250,1,3,63661.7
32,251,1,1,20657.4
44,251,1,4,77963.4
50,251,1,6,139356.6
55,251,1,4,121148.5
56,251,1,8,242297
65,251,1,6,182102.1
66,251,1,4,121401.4
91,251,1,3,68332
124,251,1,3,82250.2
166,251,1,17,365131.4
167,251,1,9,193304.9
171,251,0,36.5,630323.2
172,251,0,26,533056.2
240,251,1,17,379734.1
241,251,1,13.5,301553.5
242,251,1,2,44674.6
243,251,1,7,156361.1
244,251,1,2,42441.2
14,252,1,4,78486.4
15,252,1,7,137351.1
16,252,1,6,117729.6
35,252,1,2,43220.5
42,252,1,4,86440.9
43,252,1,2,43220.5
50,252,1,2,56986.4
51,252,1,1,28493.2
55,252,1,9,237621.1
56,252,1,1,26402.3
79,252,1,3,77263.9
154,252,1,6,139545.6
161,252,1,1,23257.6
166,252,1,9,198946.4
167,252,0,43,853503.3
168,252,1,24,530523.7
169,252,1,21,474200.8
170,252,0,28.5,540547.7
171,252,1,3,67743
178,252,1,4,93281
179,252,1,2,46640.5
180,252,1,2,46640.5
243,252,1,7,160571.9
244,252,1,13,336909.2
250,252,1,2,51832.2
252,252,1,6,155496.6
255,252,1,2,45917.5
15,253,1,3,58864.8
16,253,1,5,98108
25,253,1,1,21265.6
31,253,1,2,42531.3
32,253,1,1,21265.6
34,253,1,2,43220.5
42,253,1,7,151271.7
43,253,1,1,21610.2
46,253,1,1,28493.2
47,253,1,4,113972.8
83,253,1,2,51509.3
84,253,1,7,220477
118,253,1,2,40481.1
126,253,1,1,25395
128,253,1,8,203159.9
129,253,1,4,85714.7
154,253,1,26,604697.6
155,253,1,2,46515.2
167,253,1,2,44210.3
168,253,1,1,22105.2
169,253,1,6,135485.9
185,253,1,2,48304.9
251,253,1,4,103664.4
252,253,1,11,285077
255,253,1,1,22958.7
0,254,1,2,42650.3
12,254,1,14.5,315974
23,254,1,4,90410.2
24,254,1,4,85062.5
44,254,1,9,256438.9
47,254,1,7,199452.5
70,254,1,2,62951.3
79,254,1,4,103018.6
80,254,1,11.5,296178.5
81,254,1,25,643866.2
82,254,1,24,618111.6
83,254,1,10,257546.5
84,254,1,30,944901.5
85,254,1,4,125986.9
109,254,1,5,124205.3
118,254,1,20,404811.1
126,254,1,5,126974.9
127,254,1,27,685664.5
128,254,0,29,573981.9
131,254,1,2,42857.3
153,254,1,2,50607.9
166,254,1,2,44210.3
170,254,1,6,135485.9
171,254,1,1,22581
184,254,1,2,48304.9
185,254,1,5,120762.3
186,254,1,2,48304.9
252,254,1,4,103664.4
23,255,1,6,135615.3
50,255,1,3,85479.6
51,255,1,4,113972.8
70,255,1,9,283280.8
71,255,0,49,1275548.5
76,255,1,1,30758.8
79,255,1,3,77263.9
80,255,1,4,103018.6
81,255,0,102.5,1505388.8
82,255,0,37,892450.2
83,255,0,35,814768.5
84,255,0,46,1169374.1
85,255,0,71.5,1785457.3
89,255,1,1,31496.7
117,255,1,3,60721.7
118,255,1,8,161924.4
119,255,1,4,90496.3
128,255,1,4.5,114277.4
143,255,1,1,22205.3
152,255,1,2,50607.9
155,255,1,1,23257.6
176,255,1,2,46640.5
177,255,1,3,69960.8
178,255,1,1,23320.3
184,255,1,8,193219.6
186,255,1,2,48304.9
249,255,1,4,103664.4
255,255,1,4,91835
