x,y,imputed,ind,ind_snv
8,0,1,9,264139.9
13,0,1,2,58697.7
20,0,1,2,54432.1
21,0,0,28.5,838427.2
22,0,0,27,675207.3
23,0,1,4,97275.7
24,0,1,4,97275.7
26,0,1,7,170232.5
28,0,1,17,376945.6
35,0,1,6,164308
37,0,1,2,54769.3
39,0,1,4,109525.6
40,0,1,18,492865.2
41,0,1,5,136907
53,0,1,2,43245.7
54,0,1,9,194605.7
55,0,1,4,86491.4
62,0,1,9.5,262150.6
63,0,1,24,523350.3
64,0,1,3,65418.8
66,0,1,15,327094
67,0,0,131.5,2067889.1
68,0,1,14,330264.8
69,0,0,68,1662100.6
70,0,0,26.5,705539.1
71,0,0,58.5,1393076.8
72,0,1,5,117951.7
74,0,1,3,67722.6
76,0,0,26,612013.1
77,0,0,31.5,947632.1
78,0,1,3,68709.7
82,0,1,1,22903.2
86,0,1,2,48089.1
96,0,1,3,65441
101,0,1,1,24788.4
103,0,1,2,40679.7
108,0,1,8,158500.6
109,0,1,3,59437.7
116,0,1,2,49972.3
117,0,1,10,249861.6
118,0,1,11,244373.1
122,0,1,2,44431.5
124,0,1,11,257807.4
125,0,1,1,23437
130,0,1,4,85738.5
141,0,1,16,399870.8
142,0,1,3,74975.8
152,0,1,1,23092.6
153,0,1,1,23092.6
154,0,1,4,92370.3
158,0,1,2,45767.2
162,0,1,4,91534.4
163,0,1,7,130168.4
164,0,1,3,55786.4
165,0,1,7,130168.4
173,0,1,1,24076
175,0,1,9,216684.4
177,0,1,6,144456.3
178,0,0,34.5,597073.3
179,0,1,22,432044.8
180,0,1,2,39276.8
190,0,1,5,102757.7
191,0,1,5,102757.7
192,0,1,2,41103.1
200,0,1,2,45628.6
202,0,1,7,159700.1
205,0,1,4,92572.4
206,0,1,6,138858.6
211,0,1,3,68883.7
213,0,1,4,104394.2
215,0,1,3,78295.6
216,0,1,8,208788.3
217,0,1,18,469773.7
218,0,1,4,102704.4
220,0,1,8,205408.9
221,0,1,2,51352.2
222,0,1,6,154056.7
226,0,1,5,120117.9
227,0,1,1,24023.6
233,0,1,1,20590.1
238,0,1,1,21927.2
239,0,1,1,21927.2
242,0,1,6,131563.5
250,0,1,4,81895.8
252,0,1,3,61421.9
253,0,1,1,21844.6
255,0,1,2,43689.2
2,1,1,2,46738.1
3,1,1,8,182402.2
9,1,1,4,117395.5
14,1,1,3,88046.6
20,1,1,4,108864.3
21,1,1,11,299376.8
22,1,1,15,408241.1
23,1,1,7,170232.5
24,1,1,8,194551.4
26,1,1,1,24318.9
28,1,1,3,66519.8
35,1,1,5,136923.3
37,1,1,23,629847.3
38,1,1,6,164288.4
54,1,1,4,86491.4
56,1,1,3,64868.6
61,1,1,4,110379.2
62,1,0,23,770832.8
63,1,1,24,523350.3
64,1,1,27,588769.1
65,1,0,33,778616.4
66,1,0,74.5,1929712.1
67,1,0,70,1388899.3
68,1,0,69,1405615
69,1,0,65,1434046.5
70,1,1,10,235903.4
71,1,1,22,518987.6
72,1,1,9,212313.1
73,1,1,11,248316.3
74,1,1,12,270890.5
75,1,1,7.5,169306.6
76,1,1,15,338613.2
77,1,1,9,203167.9
82,1,1,2,45806.4
86,1,1,2,48089.1
94,1,1,1,21813.7
100,1,1,1,24788.4
101,1,1,2,49576.8
102,1,1,2,49576.8
103,1,1,3,61019.6
115,1,1,2,49972.3
116,1,1,4,99944.6
118,1,1,13,288804.6
119,1,1,12,266588.8
124,1,1,4,93748.1
125,1,1,2,46874.1
126,1,1,8,187496.3
130,1,1,5,107173.1
137,1,1,5,107173.1
149,1,1,2,46185.1
152,1,1,5,115462.9
158,1,1,2,45767.2
159,1,1,4,91534.4
161,1,1,6,137301.6
165,1,1,3,55786.4
168,1,1,5,101634
177,1,1,3,72228.1
179,1,1,3,58915.2
187,1,1,4,78654.6
197,1,1,4,82206.1
199,1,1,7,159700.1
202,1,1,1,22814.3
206,1,1,2,46286.2
207,1,1,3,69429.3
209,1,1,4,91844.9
213,1,1,5,130492.7
214,1,1,8,208788.3
215,1,1,3,78295.6
217,1,1,2,52197.1
219,1,1,14,359465.6
220,1,1,12,308113.3
221,1,1,22,564874.5
222,1,1,21,539198.4
223,1,1,18,432424.3
224,1,1,6,144141.4
225,1,1,1,24023.6
230,1,1,3,80980.8
233,1,1,2,41180.1
235,1,1,1.5,30885.1
238,1,1,2.5,54818.1
239,1,1,7,153490.7
245,1,1,1,22901.1
248,1,1,1,20474
10,2,1,1,21173.7
11,2,1,1,21173.7
17,2,1,3,90100.9
18,2,1,3,89110.5
20,2,1,6,178221
26,2,1,4,102455.9
28,2,1,5,131109.3
30,2,1,1,26221.9
31,2,1,13.5,353995.1
32,2,1,2,52443.7
35,2,1,26.5,692537.6
36,2,1,29.5,770938.1
37,2,0,102,2499833.7
38,2,1,16.5,395394
43,2,1,1,23963.3
62,2,0,36,837836.4
63,2,0,59,1534089.5
64,2,0,71.5,1626279
65,2,0,80,1916543.3
66,2,0,40.5,1146011.7
67,2,0,39,953793.3
68,2,0,67.5,1512198.4
69,2,0,40,941504.9
70,2,0,61,1335390.9
71,2,0,46.5,1005284.7
72,2,1,3,72856.4
73,2,1,9.5,254704.8
74,2,0,39,918068
75,2,1,21,563031.6
76,2,1,11,294921.3
78,2,1,1,23713
80,2,1,2,47426
82,2,1,1,23713
86,2,1,1,23713
87,2,1,4,94852
92,2,1,8,164548.5
94,2,1,6,123411.4
97,2,1,4,82274.2
101,2,1,8,170050.4
102,2,1,4,85025.2
103,2,1,4,95338
115,2,1,2,40764
116,2,1,1,20382
117,2,1,1,20382
118,2,1,7,154797.2
119,2,1,3,66341.7
121,2,1,2,44227.8
122,2,1,2,44227.8
124,2,1,1,18329.7
126,2,1,6,109978.4
128,2,1,6,142971.3
132,2,1,4,95314.2
134,2,1,2,42914.7
147,2,1,2,47832
154,2,1,2,44472.5
158,2,1,2,44203.2
160,2,1,5,110508
161,2,1,17,375727.2
162,2,1,11,243117.6
163,2,1,11,263496.6
164,2,1,4,95817
168,2,1,1,16788.9
172,2,1,2,33577.7
174,2,1,5,126583
180,2,1,2,39722.8
181,2,1,14,278059.8
182,2,1,10,198614.2
183,2,1,4,94524.7
184,2,1,6,141787.1
192,2,1,5,125979.8
197,2,1,5,125979.8
198,2,1,4,67241.3
199,2,1,3,50430.9
201,2,1,5,84051.6
205,2,1,2,50166.1
208,2,1,1,22528.9
209,2,1,9,202760.4
211,2,1,1,22528.9
214,2,1,15,361642
215,2,0,31,677366.4
216,2,1,22,530408.2
221,2,1,13,320826.3
222,2,0,29,655693
223,2,0,28,571476.2
224,2,1,14,336270
225,2,1,2,48038.6
227,2,1,4,96077.1
228,2,1,19,405715.9
233,2,1,1,24350.7
235,2,1,4,97402.7
241,2,1,1,18912.5
245,2,1,3,56737.4
2,3,1,4,104427.1
3,3,1,1,26106.8
7,3,1,2,52213.6
11,3,1,4,84694.9
13,3,1,3,90100.9
15,3,1,7,210235.4
16,3,1,7,210235.4
17,3,1,6,180201.8
18,3,1,17,504959.6
19,3,1,1,29703.5
20,3,1,2,59407
28,3,1,4,104887.4
29,3,1,3,78665.6
30,3,1,2,52443.7
32,3,1,6,157331.2
35,3,0,32,1044288.2
36,3,1,17,444269.4
37,3,0,23,709734.6
38,3,1,3,71889.8
39,3,1,4,95853.1
56,3,1,1,22580.6
57,3,1,2,45161.3
62,3,0,55.5,1002009.2
63,3,0,77,1744890
64,3,0,84.5,2108861.5
65,3,0,66,1575638.5
66,3,0,20,440771.6
67,3,0,48,1226741.2
68,3,0,48,940097.1
69,3,1,28,679992.8
70,3,1,6,145712.8
75,3,1,3.5,93838.6
78,3,1,4,94852
79,3,1,2,47426
87,3,1,7,165991
93,3,1,4,82274.2
94,3,1,4,82274.2
96,3,1,1,20568.6
97,3,1,2,41137.1
102,3,1,17,361357.1
103,3,1,9,214510.5
105,3,1,1,23834.5
106,3,1,2,47669
108,3,1,5,131827.7
112,3,1,6,158193.2
114,3,1,11,224201.8
115,3,1,3,61146
116,3,1,5,101909.9
121,3,1,2,44227.8
122,3,1,2,44227.8
128,3,1,2,47657.1
135,3,1,5,107286.8
138,3,1,2,46821.1
140,3,1,1,23410.6
146,3,1,6,143496
149,3,1,1,24990.5
153,3,1,6,133417.5
156,3,1,3,66708.8
157,3,1,6,133417.5
158,3,1,2,44203.2
160,3,1,4,88406.4
161,3,1,22.5,497286
162,3,0,40.5,792169.8
163,3,1,13,311405.1
170,3,1,3,50366.6
173,3,1,1,25316.6
174,3,1,2,50633.2
177,3,1,2,50633.2
178,3,1,3,59584.2
179,3,1,1,19861.4
180,3,1,1,19861.4
181,3,1,4,79445.7
182,3,1,2,39722.8
201,3,1,1,16810.3
204,3,1,2,50166.1
208,3,1,6,135173.6
209,3,1,5,112644.7
216,3,1,9,216985.2
217,3,1,8,192875.7
219,3,1,6,148073.7
220,3,1,13,320826.3
221,3,0,21,592002.8
222,3,1,7,172752.6
223,3,1,14,336270
225,3,1,2,48038.6
227,3,1,2,48038.6
231,3,1,5,106767.3
233,3,1,4,97402.7
244,3,1,4,75649.8
255,3,1,2,47299.3
8,4,1,1,21173.7
13,4,1,4,120134.5
14,4,1,4,120134.5
15,4,1,6,180201.8
16,4,1,10,300336.3
18,4,0,25.5,626421.8
19,4,0,45,1242230.5
20,4,1,2,59407
21,4,1,13,386145.6
23,4,1,7,179297.9
25,4,1,4,102455.9
26,4,1,5.5,140876.9
28,4,1,2,52443.7
29,4,1,6,157331.2
30,4,1,4,104887.4
32,4,1,1,26221.9
33,4,1,3,78400.5
34,4,1,18,470402.9
35,4,1,23,601070.4
36,4,0,35,900552.6
48,4,1,1,22580.6
56,4,1,2,45161.3
60,4,1,3,71372.4
61,4,1,6,142744.7
62,4,1,18.5,440129.6
63,4,0,47,1007003.1
64,4,0,33,774917.9
65,4,1,9,233386.9
66,4,1,18,466773.7
67,4,0,32,838533.9
95,4,1,12,246822.7
96,4,1,7,143979.9
97,4,1,1,20568.6
102,4,1,5,106281.5
103,4,1,2,47669
107,4,1,3,71503.5
108,4,1,1,26365.5
111,4,1,3,79096.6
112,4,1,5,131827.7
115,4,1,2,40764
117,4,1,1,20382
122,4,1,2,44227.8
131,4,1,7.5,178714.2
137,4,1,2,42914.7
138,4,1,8,187284.6
145,4,1,12,286992
146,4,1,1,23916
148,4,1,2,49981
149,4,1,6,149942.9
152,4,1,4,99961.9
153,4,1,15.5,344661.9
154,4,1,10,222362.5
155,4,1,2,44472.5
159,4,1,7,154711.2
160,4,1,1,22101.6
161,4,1,8,176812.8
162,4,0,35.5,682760.6
163,4,1,1,23954.2
165,4,1,8,191633.9
166,4,1,8,191633.9
167,4,1,3,71862.7
168,4,1,1,16788.9
173,4,1,2,50633.2
175,4,1,3,75949.8
176,4,1,2,50633.2
177,4,1,6,151899.6
178,4,1,5,99307.1
181,4,1,8,158891.3
186,4,1,6,141787.1
188,4,1,3,75587.9
191,4,1,4,100783.9
194,4,1,2,50391.9
204,4,1,2,50166.1
208,4,1,22,495636.5
209,4,1,23,518165.4
210,4,1,2,45057.9
215,4,1,4,96437.9
216,4,1,8,192875.7
217,4,0,41,807618.3
218,4,0,51,1104228.5
219,4,0,27,758820.2
220,4,1,14,345505.2
221,4,0,56,1398435.2
222,4,1,8,197431.5
223,4,1,3,72057.9
224,4,1,5,120096.4
225,4,1,4,96077.1
226,4,1,2,48038.6
228,4,1,1,21353.5
231,4,1,6,128120.8
234,4,1,2,48701.3
240,4,1,5,94562.3
241,4,1,2,37824.9
247,4,1,1,18912.5
254,4,1,9,212846.6
255,4,1,2,47299.3
8,5,1,2,42347.4
11,5,1,3,63521.2
12,5,1,10,211737.2
18,5,1,11,326738.6
19,5,0,56,1664159.9
20,5,1,5,148517.5
21,5,1,2,59407
22,5,1,8,237628
23,5,1,6,153683.9
26,5,1,7,179297.9
27,5,1,4,102455.9
28,5,1,14,367106.1
29,5,1,8,209774.9
30,5,1,9,235996.8
32,5,1,2,52443.7
33,5,1,11,287468.5
34,5,1,18,470402.9
35,5,1,2,52267
36,5,1,1,26133.5
46,5,1,1,23963.3
50,5,1,6,135483.8
51,5,1,7,158064.4
56,5,1,1,22580.6
57,5,1,2,45161.3
59,5,1,1,23790.8
62,5,1,6,142744.7
63,5,1,1,25931.9
66,5,1,2,51863.7
67,5,1,8,207455
76,5,1,6,160866.2
83,5,1,1,23713
85,5,1,1,23713
95,5,1,6,123411.4
105,5,1,1,23834.5
106,5,1,2,47669
108,5,1,3,79096.6
114,5,1,1,20382
118,5,1,3,66341.7
119,5,1,1,22113.9
124,5,1,2,36659.5
129,5,1,2,47657.1
131,5,1,8,190628.4
132,5,1,4,95314.2
134,5,1,2,42914.7
137,5,1,3,64372.1
139,5,1,2,46821.1
148,5,1,1,24990.5
152,5,1,1,24990.5
153,5,1,4,88945
154,5,1,7,155653.8
158,5,1,2,44203.2
159,5,0,36,670738
160,5,1,4,88406.4
162,5,1,21,464133.6
163,5,0,43,964813.5
164,5,1,2,47908.5
165,5,1,22.5,538970.4
166,5,1,11.5,275473.8
168,5,1,4,67155.4
169,5,1,3,50366.6
172,5,1,4,67155.4
174,5,1,2,50633.2
176,5,1,1,25316.6
177,5,1,1,25316.6
178,5,1,3,59584.2
179,5,1,1,19861.4
185,5,1,1,23631.2
186,5,1,2,47262.4
189,5,1,2,50391.9
197,5,1,3,75587.9
205,5,1,4,100332.2
206,5,1,3,75249.2
207,5,1,1,25083.1
208,5,1,13,292876.1
209,5,1,19,428049.7
213,5,1,2,48218.9
215,5,1,5,120547.3
216,5,0,42,1098930.4
217,5,0,60,1211073.9
218,5,0,38.5,985861.2
219,5,0,54,1287451.3
220,5,1,14,345505.2
221,5,0,43,1048081.7
222,5,0,77,1708753.4
223,5,0,37.5,757790.1
224,5,0,28,614208.7
225,5,1,8,192154.3
227,5,1,4,96077.1
229,5,1,9,192181.2
238,5,1,1,18912.5
239,5,1,4,75649.8
246,5,1,9,170212.1
249,5,1,4,98812.1
250,5,1,5,123515.1
252,5,1,6,148218.1
253,5,1,1,23649.6
254,5,1,3,70948.9
4,6,1,1,26106.8
5,6,1,2,52213.6
8,6,1,3,63521.2
10,6,1,1,21173.7
18,6,1,2,59407
19,6,1,14,415849.1
20,6,1,26,772291.1
21,6,1,12,356442.1
22,6,0,50,1374044.4
23,6,1,2,51228
28,6,0,40,898233.8
29,6,0,37,919083.1
30,6,1,4,104887.4
33,6,1,4,104534
35,6,1,7,182934.5
45,6,1,2,47926.5
49,6,1,2,45161.3
57,6,0,28,780089.1
58,6,1,5,118954
60,6,1,4,95163.2
62,6,1,2,47581.6
66,6,1,12.5,324148.4
81,6,1,2,47426
95,6,1,4,82274.2
96,6,1,3,61705.7
97,6,1,7,143979.9
99,6,1,6,127537.8
102,6,1,2,42512.6
104,6,1,2,47669
108,6,1,11,290020.9
109,6,1,2,52731.1
117,6,1,4,81527.9
118,6,1,4,88455.6
124,6,1,1,18329.7
130,6,1,10,238285.5
131,6,1,6,142971.3
132,6,1,12,285942.7
145,6,1,5,119580
146,6,1,4,95664
147,6,1,1,23916
149,6,1,5,124952.4
151,6,1,4.5,112457.2
155,6,1,2,44472.5
156,6,1,2,44472.5
157,6,1,3,66708.8
158,6,1,1,22101.6
159,6,1,14,309422.4
160,6,1,9,198914.4
161,6,1,1,22101.6
162,6,1,26.5,585692.4
163,6,0,22,506159.1
164,6,0,47,907977.8
165,6,0,34,747337.2
166,6,0,33,886739.4
167,6,1,10,239542.4
169,6,1,3,50366.6
174,6,1,1,25316.6
180,6,1,1,19861.4
181,6,1,4,79445.7
183,6,1,4,94524.7
184,6,1,3,70893.6
189,6,1,1,25196
193,6,1,2,50391.9
194,6,1,10,251959.6
197,6,1,1,25196
198,6,1,2,33620.6
201,6,1,1,16810.3
202,6,1,7,117672.2
203,6,1,2,50166.1
204,6,1,4,100332.2
205,6,1,6,150498.3
206,6,1,3,75249.2
207,6,1,2,50166.1
208,6,0,32.5,630001.9
209,6,0,33.5,773914.6
210,6,1,19,428049.7
211,6,1,15,337934
213,6,1,5,120547.3
214,6,1,24.5,590681.9
215,6,1,15.5,373696.7
216,6,0,27,662589.4
217,6,0,57.5,1335384.1
218,6,0,38.5,876991.4
219,6,1,17,419542
220,6,1,5,123394.7
221,6,0,47.5,1145722.6
222,6,0,56.5,1562179.6
223,6,1,13.5,324260.4
224,6,1,1,24019.3
225,6,1,2,48038.6
226,6,1,5,120096.4
228,6,1,3,64060.4
230,6,1,1.5,32030.2
235,6,1,2,48701.3
236,6,1,2,48701.3
242,6,1,6,113474.7
243,6,1,2,37824.9
245,6,1,2,37824.9
250,6,1,1,24703
252,6,1,22,543466.3
253,6,1,10,236496.3
3,7,1,30,733985.6
4,7,1,3,73398.6
10,7,1,1,21173.7
13,7,1,3,74526.6
14,7,1,6,149053.3
15,7,1,3,74526.6
16,7,1,3,74526.6
19,7,1,3,81681.9
20,7,1,10,272273
21,7,0,25,492729.9
22,7,0,33,913801.9
24,7,1,2,55678.6
27,7,1,6,167035.9
28,7,1,2,45153.3
32,7,1,4,90306.7
50,7,1,12,274836.4
54,7,1,2.5,56819.9
55,7,1,13,295463.6
56,7,1,4,90911.9
57,7,1,8,181823.7
58,7,1,4,99627.4
85,7,1,2,47426
95,7,1,4,82274.2
104,7,1,8,207066
105,7,1,7,181182.8
107,7,1,5,129416.3
108,7,1,3,63033.6
109,7,1,3,63033.6
112,7,1,2,42022.4
119,7,1,1,21727.1
122,7,1,2,43454.1
125,7,1,2,36659.5
128,7,1,1,21457.4
129,7,1,2,42914.7
132,7,1,2,42914.7
133,7,1,4,85829.4
149,7,1,4,89797.2
150,7,1,2,44898.6
153,7,1,6,138685.1
155,7,1,5,115570.9
156,7,1,12,277370.2
157,7,0,39,794892.4
158,7,0,27,575157.1
159,7,0,39,880773.7
160,7,0,57,1242704.4
161,7,0,36,821152.4
162,7,0,48,1030607.6
163,7,0,30.5,652029.8
164,7,1,16,360438.5
165,7,1,9,202746.6
166,7,1,16,360438.5
167,7,1,9,202746.6
183,7,1,2,47262.4
192,7,1,5,111198.5
203,7,1,2,33620.6
204,7,1,2,33620.6
205,7,1,2,33620.6
207,7,1,2,33620.6
208,7,1,1,19838.5
209,7,1,31,614994.8
213,7,1,2,45247.2
214,7,1,4,90494.5
216,7,1,8.5,192300.8
217,7,0,46.5,1111947
218,7,0,101.5,2144727
219,7,0,58,1378734.5
220,7,1,15,335947.6
221,7,1,16,358344.1
222,7,0,46,1227518.3
223,7,0,30.5,780067.9
224,7,0,28,712861.8
225,7,1,12,321021.1
227,7,1,2,53503.5
228,7,1,2,48701.3
230,7,1,2,48701.3
234,7,1,3,69062
237,7,1,5,115103.3
245,7,1,6,113474.7
247,7,1,8,151299.6
0,8,1,8,208854.2
1,8,0,56,1270043
2,8,1,9,234961
3,8,1,18,440391.4
4,8,0,83.5,1866721.1
5,8,0,36.5,796213.3
10,8,1,1,21173.7
14,8,1,10,248422.1
15,8,1,1,24842.2
21,8,0,22,655948.5
22,8,0,33,858404.7
23,8,0,39,875284.1
24,8,0,57,1280328.3
25,8,1,4,111357.3
26,8,1,17,473268.4
27,8,0,37,836221.3
28,8,1,2.5,56441.7
29,8,1,4,90306.7
33,8,1,3,75269.9
39,8,1,1,24867.8
49,8,1,5,114515.2
51,8,1,8,183224.2
55,8,1,4,90911.9
57,8,1,4,90911.9
58,8,1,2,49813.7
61,8,1,6,149441.1
65,8,1,4.5,112080.8
85,8,1,5,118565
103,8,1,2,51766.5
105,8,1,15,388248.8
106,8,1,2,51766.5
107,8,1,4,103533
113,8,1,3,63033.6
116,8,1,2,42022.4
117,8,1,2,42022.4
118,8,1,2,43454.1
124,8,1,2,36659.5
127,8,1,1,18329.7
128,8,1,2,42914.7
130,8,1,1,21457.4
132,8,1,1,21457.4
134,8,1,5,107286.8
138,8,1,3,70231.7
144,8,1,2,44233.5
150,8,1,6,134695.8
151,8,1,23.5,527558.5
152,8,1,27.5,617355.7
153,8,1,4,92456.7
154,8,1,8,184913.5
155,8,0,46,1020368.2
156,8,0,63,1340225.4
157,8,0,60,1515744.2
158,8,1,14,364561.3
159,8,1,18,468721.7
160,8,1,9,234360.9
161,8,1,5,130200.5
162,8,1,7,182280.7
171,8,1,4,99771
177,8,1,10,233548
179,8,1,4.5,106340.3
184,8,1,1,23631.2
186,8,1,2,47262.4
189,8,1,5,111198.5
192,8,1,7,155677.9
202,8,1,2,41795.5
203,8,1,2,33620.6
206,8,1,2,33620.6
208,8,1,1,19838.5
211,8,1,2,39677.1
213,8,1,2,45247.2
215,8,1,8,180989
216,8,0,34.5,652520.4
217,8,0,35,713956.2
218,8,0,72.5,1736683.5
219,8,0,122,2311271.5
220,8,1,15.5,347145.9
221,8,1,2,44793
222,8,0,33.5,846493.9
223,8,1,5,133758.8
224,8,1,6,160510.6
225,8,1,10,267517.6
228,8,1,2,48701.3
233,8,1,2,46041.3
237,8,1,1,23020.7
238,8,1,2,37824.9
240,8,1,6,113474.7
246,8,1,5,94562.3
250,8,1,2,43472.5
255,8,1,1,21736.3
0,9,1,5,130533.9
1,9,0,65,1607582.3
2,9,0,34,929110.3
3,9,0,89.5,2263186.2
4,9,0,48,1303375.6
5,9,1,5,122330.9
6,9,1,18.5,452624.4
7,9,1,14,342526.6
9,9,1,10,211737.2
14,9,1,4,99368.8
17,9,1,6,149053.3
18,9,1,4,108909.2
19,9,1,11,299500.3
20,9,1,6,163363.8
21,9,0,80,2219940
22,9,0,81,1809379.8
23,9,0,207.5,3892521.3
24,9,0,39.5,835517.5
25,9,1,4,111357.3
27,9,1,22.5,626384.6
28,9,1,10,225766.7
29,9,1,7,158036.7
31,9,1,5,112883.4
46,9,1,5,121830.3
47,9,0,27.5,695348.4
48,9,1,21,480963.6
49,9,1,13,297739.4
50,9,1,23.5,538221.2
52,9,1,14,320642.4
53,9,1,2,45455.9
56,9,1,5,113639.8
63,9,1,10,249068.5
65,9,1,1,24906.9
94,9,1,4,82274.2
95,9,1,1,20568.6
98,9,1,2,47669
102,9,1,4,95338
103,9,1,3,77649.8
106,9,1,1,25883.3
108,9,1,3,63033.6
112,9,1,2,42022.4
113,9,1,1,21011.2
117,9,1,1,21011.2
118,9,1,4,86908.2
145,9,1,6.5,143758.8
146,9,1,5,110583.7
150,9,1,9,202043.7
151,9,1,1,22449.3
152,9,1,12,269391.6
153,9,0,29,604741
154,9,1,1,23114.2
155,9,0,21,463744
156,9,0,24.5,607354.5
157,9,1,9,208027.7
158,9,0,31,729804.6
159,9,1,13,338521.2
160,9,1,3,78120.3
166,9,1,1,22527.4
168,9,1,4,99771
169,9,1,6,149656.6
170,9,1,2,49885.5
179,9,1,2,47262.4
184,9,1,5,118155.9
189,9,1,4,88958.8
199,9,1,6,125386.4
203,9,1,4,67241.3
205,9,1,4,67241.3
210,9,1,1,19838.5
214,9,1,1,22623.6
215,9,1,4,90494.5
216,9,1,17,384601.6
217,9,0,59,1056199.1
218,9,0,82,1633468.4
219,9,0,65,1381950.9
220,9,1,7,156775.6
223,9,1,21,561787
224,9,0,29,719241.8
225,9,1,4,107007
230,9,1,5,121753.3
233,9,1,3,69062
235,9,1,2,46041.3
236,9,1,6,138123.9
239,9,1,2,37824.9
247,9,1,2,37824.9
253,9,1,2,43472.5
255,9,1,4,86945.1
1,10,1,19,496028.8
2,10,1,22,574349.1
3,10,0,57,1517014
4,10,0,33,882582.5
7,10,1,2,48932.4
8,10,1,2,42347.4
16,10,1,10,248422.1
17,10,0,35,798903.6
18,10,0,36.5,845164.5
19,10,0,40,1120632.6
20,10,1,23,626227.8
21,10,1,32,871273.5
22,10,0,73.5,1915678.8
23,10,0,126.5,3204748
24,10,1,3,83517.9
25,10,0,66,1731371
26,10,0,32.5,707599.1
27,10,0,64,1644113.3
28,10,0,62.5,1404709.3
29,10,1,10,225766.7
30,10,1,4,90306.7
31,10,1,11,248343.4
33,10,0,42,1376671.9
34,10,1,15.5,388894.3
37,10,1,2,50179.9
44,10,1,5,121830.3
45,10,0,26,732613.9
46,10,0,36,918753.5
47,10,1,10,243660.5
48,10,1,2,45806.1
49,10,1,1,22903
50,10,1,2,45806.1
53,10,1,7.5,170459.8
56,10,1,5.5,125003.8
63,10,1,2,49813.7
64,10,1,3,74720.6
70,10,1,5,134055.1
71,10,1,3,80433.1
73,10,1,2,53622.1
78,10,1,3,71139
85,10,1,9,213417
96,10,1,1,20568.6
105,10,1,2,51766.5
106,10,1,6,155299.5
110,10,1,4,84044.8
113,10,1,4,84044.8
121,10,1,7,152089.4
122,10,1,1,21727.1
130,10,1,4,85829.4
139,10,1,4,93642.3
140,10,1,3,70231.7
142,10,1,2,46821.1
144,10,1,1,22116.7
147,10,1,10,221167.4
149,10,1,8,179594.4
150,10,1,8,179594.4
151,10,1,17,381638
152,10,0,31,690332.9
153,10,0,33,763697
154,10,0,20,470884.6
155,10,0,63,1294740.3
156,10,0,48,972615.2
159,10,1,2,52080.2
161,10,1,2,52080.2
164,10,1,6,135164.4
165,10,1,4,90109.6
169,10,1,6,149656.6
171,10,1,6,149656.6
172,10,1,1,24942.8
182,10,1,1,23631.2
185,10,1,2,47262.4
189,10,1,3,66719.1
191,10,1,2,44479.4
192,10,1,2,44479.4
198,10,1,3,62693.2
199,10,1,2,41795.5
201,10,1,2,41795.5
202,10,1,2,41795.5
205,10,1,2,33620.6
211,10,1,3,59515.6
214,10,1,1,22623.6
215,10,1,15,339354.4
216,10,0,19.5,375873.1
217,10,0,24,697529.7
218,10,0,55.5,1165094.2
219,10,1,14,313551.1
220,10,0,34,549748.1
221,10,1,10,223965.1
222,10,1,2,44793
223,10,0,23,558972.5
224,10,0,34,798761.8
225,10,1,12,321021.1
226,10,1,4,107007
237,10,1,7,161144.6
242,10,1,1,18912.5
249,10,1,2,43472.5
252,10,1,1,21736.3
2,11,1,2,52213.6
14,11,1,15,372633.1
16,11,0,75.5,1644348
17,11,0,73,1895362
18,11,0,72,1861251.6
19,11,0,36,873723.8
20,11,1,8,217818.4
22,11,0,76.5,1645405.4
23,11,0,60,1478000.6
24,11,0,63.5,839074.6
25,11,0,29.5,684967.3
26,11,0,40,1095922.1
27,11,0,46.5,1211952.9
28,11,0,40,1007494.4
29,11,1,4,90306.7
32,11,0,39,1008654.3
33,11,0,62,1543130.4
34,11,1,5,125449.8
35,11,1,2,50179.9
37,11,1,13,326169.4
41,11,1,12,298413.3
42,11,1,16,397884.4
43,11,1,1,24366.1
44,11,1,4,97464.2
45,11,0,66.5,1840842.5
46,11,1,4,97464.2
47,11,1,2,48732.1
50,11,1,2,45806.1
56,11,1,1,22728
74,11,1,1,26811
75,11,1,4,107244.1
76,11,1,4,107244.1
77,11,1,7,187677.2
90,11,1,2,41137.1
101,11,1,4,95338
104,11,1,1,25883.3
107,11,1,1,25883.3
110,11,1,4,84044.8
112,11,1,4,84044.8
114,11,1,1,21011.2
117,11,1,1,21011.2
119,11,1,2,43454.1
122,11,1,9,195543.5
123,11,1,3,54989.2
126,11,1,4,73319
129,11,1,1,21457.4
131,11,1,1,21457.4
138,11,1,4,93642.3
141,11,1,5,117052.9
146,11,1,4,88467
150,11,1,2,44898.6
151,11,1,8,179594.4
152,11,1,17,381638
153,11,0,20,471606.1
154,11,0,62,1360197.9
155,11,0,97.5,2001981.2
156,11,0,67,1189169.8
158,11,1,3,78120.3
161,11,1,2,52080.2
163,11,1,7,157691.8
164,11,1,3,67582.2
168,11,1,1,24942.8
169,11,1,5,124713.8
170,11,1,2,49885.5
172,11,1,2,49885.5
174,11,1,7,163483.6
176,11,1,17,397031.6
182,11,1,2,47262.4
183,11,1,4,94524.7
191,11,1,15.5,344715.4
197,11,1,8,201567.7
198,11,1,3,62693.2
199,11,1,6,125386.4
204,11,1,2,33620.6
205,11,1,2,33620.6
214,11,1,15.5,350666.2
215,11,1,6,135741.7
216,11,0,43,879694.9
217,11,0,96.5,1859549.7
218,11,0,57,1273133.5
219,11,1,4,89586
220,11,1,1,22396.5
221,11,0,51.5,1000601.7
222,11,1,16,358344.1
223,11,1,19,508283.5
224,11,0,34,956853.6
225,11,0,35,1012227.2
226,11,1,2,53503.5
229,11,1,5,121753.3
235,11,1,2,46041.3
236,11,1,1,23020.7
237,11,1,2,46041.3
239,11,1,1,18912.5
241,11,1,4,75649.8
246,11,1,5,94562.3
255,11,1,1,21736.3
2,12,1,1,25937.2
10,12,1,6,134861.2
13,12,1,10.5,253762.5
14,12,0,100.5,2310680
15,12,0,86.5,2059953.9
16,12,0,108,2722814.5
17,12,0,99.5,2339719
18,12,0,93,2457544.4
19,12,0,32,706132.2
21,12,1,1,25004.9
22,12,0,147.5,2941558.4
23,12,0,96,2455945.5
24,12,0,65,1925010.1
25,12,0,76,1985642.9
26,12,0,96.5,2420187.5
27,12,0,107.5,2008381.5
28,12,0,39,818587.7
30,12,1,17,490583.3
31,12,0,64,1857534.1
32,12,0,66.5,1752698.6
33,12,0,64.5,1675300.2
34,12,0,23.5,726321.3
35,12,1,2,52103.8
37,12,1,10,260519.1
39,12,1,20,445408.6
40,12,1,15,334056.4
41,12,1,9,200433.9
45,12,1,20.5,474304.5
46,12,1,3,69410.4
49,12,1,2,52282
61,12,1,2,52627.8
65,12,1,1,26313.9
71,12,1,3,75547.1
85,12,1,7,172296.6
100,12,1,1,24931.9
107,12,1,4,94483.5
117,12,1,2,44212.4
122,12,1,3,62124.6
124,12,1,13,290922.9
127,12,1,3,67136.1
140,12,1,4,88319.8
147,12,1,3,66239.9
150,12,1,7,164263.9
151,12,1,4,93865.1
152,12,1,13,305061.6
153,12,0,51,1096295
154,12,1,18,425931.3
155,12,0,43,995816.5
156,12,0,26,581871.1
157,12,1,14,331279.9
158,12,1,2,41986.6
159,12,1,18,377879.6
160,12,1,5,104966.6
172,12,1,1,21753.2
187,12,1,2,38180.4
188,12,1,9.5,231002.7
189,12,1,4,97264.3
191,12,1,9,218844.6
192,12,1,1,24316.1
194,12,1,1,21957.3
196,12,1,5,109786.5
198,12,1,26,603224.1
199,12,1,4,92803.7
202,12,1,1,23200.9
203,12,1,7,142504.3
210,12,1,4,79476.9
211,12,1,1,19869.2
212,12,1,19,377515.4
213,12,1,15,352195
214,12,1,12,281756
215,12,0,77.5,1618355.3
216,12,1,11,258276.4
217,12,0,42.5,869538.1
218,12,1,20,426162.2
220,12,1,5,106540.5
221,12,1,21.5,458124.3
222,12,0,33,906869.5
224,12,1,15,384816.8
225,12,1,4,102617.8
226,12,1,2,51308.9
228,12,1,2,45526.3
237,12,1,10,225913.3
239,12,1,5,121192.7
241,12,1,1,24238.5
243,12,1,7,157141
244,12,1,9,202038.5
246,12,1,2,44897.4
248,12,1,2,45296.6
249,12,1,5,113241.6
252,12,1,2,45296.6
1,13,1,5,129685.9
7,13,1,8,245650.3
12,13,1,4,89907.5
13,13,1,9,217510.7
14,13,0,39,945074.9
15,13,0,80,1856657.6
16,13,0,41.5,950384.3
17,13,0,68,1761472.9
18,13,0,101,2197091.4
19,13,0,36,637987.1
20,13,1,5,125024.7
22,13,1,20.5,512601.3
23,13,0,114,2838990
24,13,0,71,1689864.2
25,13,0,78,1895724.3
26,13,0,88.5,2344376.2
27,13,0,119.5,2529550.7
28,13,0,48.5,1219291.6
29,13,1,6,173147
30,13,1,5,144289.2
32,13,1,22,634872.5
33,13,0,33,846307
34,13,1,11,286571
36,13,1,3,78155.7
38,13,1,4,89081.7
39,13,0,25,634248.6
40,13,0,33,713134.9
43,13,1,2,46273.6
44,13,1,5,115684
45,13,1,4,92547.2
59,13,1,5,131569.5
71,13,1,6,151094.1
74,13,1,2,50364.7
75,13,1,5,125911.8
80,13,1,5,123069
85,13,1,4,98455.2
87,13,1,2,49227.6
89,13,1,1,24737.7
102,13,1,3,74795.6
104,13,1,8,188967
105,13,1,7,165346.1
106,13,1,6,141725.2
109,13,1,1,22963.4
110,13,1,1,22963.4
115,13,1,5,110531
118,13,1,1,20708.2
122,13,1,2,41416.4
123,13,1,1,22378.7
127,13,1,1,22378.7
129,13,1,2,48961.5
138,13,1,2,44159.9
147,13,1,4,88319.8
150,13,1,7,164263.9
152,13,0,34.5,804598.6
153,13,1,12,283954.2
154,13,1,4,94651.4
155,13,1,6,141977.1
157,13,1,21,496919.9
158,13,1,16,335893
159,13,0,35,881756.1
160,13,1,11,230926.4
162,13,1,7,146953.2
171,13,1,4,87012.8
176,13,1,12,261038.3
187,13,1,2,38180.4
192,13,1,5,121580.3
193,13,1,3,65871.9
194,13,1,1,21957.3
197,13,1,1,21957.3
198,13,1,9,208808.3
199,13,1,2.5,58002.3
210,13,1,9,178823.1
211,13,1,1,19869.2
213,13,1,13,305235.7
214,13,1,19.5,457853.5
215,13,0,37,870900.5
216,13,0,35,979276.7
217,13,0,40.5,1023462
220,13,1,3,63924.3
221,13,1,31,660551.3
224,13,1,5,128272.3
225,13,1,2,51308.9
228,13,1,2,45526.3
229,13,1,9,204868.4
232,13,1,3,68289.5
236,13,1,1.5,33887
240,13,1,1,24238.5
245,13,1,2,44897.4
246,13,1,4,89794.9
250,13,1,5,113241.6
251,13,1,3,67944.9
254,13,1,1,21679.7
0,14,1,8,207497.5
2,14,1,6,155623.1
3,14,0,25.5,610978.9
5,14,1,4,122825.1
13,14,0,30.5,519005.5
14,14,0,67,1414542.9
15,14,0,73,1667466.4
16,14,1,27,652532.1
17,14,0,49,1188822.3
18,14,0,93.5,2053553.7
19,14,0,41,838929.7
20,14,0,165.5,2666565.1
21,14,0,45,979681.3
22,14,0,42,667765.2
23,14,0,56,1177082.4
24,14,0,221.5,4468637
25,14,0,219,4550287.4
26,14,0,104.5,2433904.7
27,14,0,61.5,1679504.2
28,14,1,22,634872.5
29,14,1,8,230862.7
30,14,1,2,57715.7
31,14,1,1,28857.8
35,14,1,4,104207.6
36,14,0,63.5,1469603.4
37,14,0,52.5,1419470.5
38,14,0,49,1138367.4
39,14,0,45,1180418.4
42,14,1,2,44540.9
44,14,1,2,46273.6
45,14,1,11,254504.9
51,14,1,1,26141
52,14,1,6,156845.9
53,14,1,7.5,196057.4
54,14,1,1,26141
62,14,1,2,52627.8
63,14,1,1,26313.9
71,14,1,7,176276.5
80,14,1,3,73841.4
102,14,1,1,24931.9
103,14,1,10,236208.7
104,14,1,14,330692.2
105,14,0,17,339884.6
108,14,1,7,160743.6
114,14,1,3,66318.6
115,14,1,2,44212.4
116,14,1,9,198955.9
117,14,1,17,375805.5
118,14,1,2,41416.4
120,14,1,4,82832.8
121,14,1,1,20708.2
122,14,1,3,62124.6
123,14,1,1,22378.7
128,14,1,3,73442.2
129,14,1,2,48961.5
131,14,1,1,24480.7
133,14,1,5,125527.8
141,14,1,1,22080
142,14,1,6,132479.7
150,14,1,1,23466.3
151,14,1,2,46932.5
152,14,1,2,46932.5
155,14,1,2,47325.7
156,14,1,16,378605.6
157,14,1,18,425931.3
158,14,0,39,944071.7
159,14,1,12,251919.8
160,14,1,8,167946.5
170,14,1,2,43506.4
171,14,1,1,21753.2
173,14,1,4,87012.8
178,14,1,2,44237.8
180,14,1,2,44237.8
182,14,1,4,88475.6
184,14,1,2,38180.4
186,14,1,3,57270.5
188,14,1,3.5,85106.2
192,14,1,4,97264.3
193,14,1,3,65871.9
194,14,1,1,21957.3
198,14,1,5,116004.6
200,14,1,3,69602.8
202,14,1,2,46401.9
203,14,1,2,40715.5
204,14,1,2,40715.5
213,14,1,3,70439
214,14,1,17,399154.4
215,14,1,7,164357.7
216,14,1,28,657430.7
217,14,1,2,46959.3
221,14,1,17,362237.8
226,14,1,1,25654.5
228,14,1,7.5,170723.7
229,14,1,9,204868.4
230,14,1,2,45526.3
233,14,1,1,22591.3
235,14,1,19,429235.3
238,14,1,2,48477.1
244,14,1,2,44897.4
247,14,1,5,112243.6
252,14,1,5,113241.6
255,14,1,5,108398.3
2,15,1,4,103748.7
3,15,0,78.5,2156242.6
4,15,0,46,1376406.8
5,15,1,14,429887.9
6,15,1,4,122825.1
7,15,1,2,61412.6
10,15,1,2,44953.7
12,15,1,2,44953.7
15,15,0,52,1356299.4
16,15,0,115,2638595.6
17,15,0,85,2043594.2
18,15,0,44,1126726.8
19,15,0,51,1317936.2
21,15,0,96,2141086
22,15,0,232.5,5296881.5
23,15,0,250.5,5418291.3
24,15,0,177,3388848.4
25,15,0,143,3348018.9
26,15,0,37,1238713.3
27,15,0,59,1266191.2
28,15,0,82,1957567.4
29,15,0,93.5,1924703.1
30,15,0,33,859828
31,15,1,10,288578.4
32,15,0,30,600936.2
33,15,1,2,52103.8
34,15,1,5,130259.5
36,15,0,32,721565.9
37,15,1,6,156311.4
38,15,1,12,267245.2
43,15,1,1,23136.8
52,15,1,10,261409.9
53,15,1,6,156845.9
57,15,1,4,104563.9
63,15,1,4,105255.6
72,15,1,2,50364.7
89,15,1,2,49475.3
90,15,1,2,49475.3
91,15,1,3,74213
102,15,1,1,24931.9
103,15,1,6,141725.2
104,15,0,36.5,756737.6
105,15,1,10,236208.7
107,15,1,4,94483.5
112,15,1,4,91853.5
113,15,1,2,44212.4
114,15,1,3,66318.6
115,15,1,8,176849.7
116,15,0,20,382427.2
117,15,1,13,287380.7
118,15,1,30,621245.9
129,15,1,2,48961.5
131,15,1,4,97923
132,15,1,1,24480.7
133,15,1,8.5,213397.3
134,15,1,4,100422.3
138,15,1,2,44159.9
152,15,1,1,23466.3
155,15,1,13,307617.1
156,15,1,16.5,390437.1
157,15,1,6,141977.1
158,15,1,9,188939.8
159,15,1,13,272913.1
168,15,1,2,43506.4
172,15,1,1,21753.2
176,15,1,2,43506.4
180,15,1,2,44237.8
181,15,1,5,110594.6
182,15,1,5,110594.6
187,15,1,10,190901.8
192,15,1,6,145896.4
194,15,1,7,153701.1
197,15,1,3,65871.9
199,15,1,4,92803.7
200,15,1,3,69602.8
201,15,1,3,69602.8
202,15,1,5,116004.6
211,15,1,4,79476.9
214,15,0,24,483640.1
215,15,1,7,164357.7
218,15,1,2,42616.2
225,15,1,2,51308.9
226,15,1,3,76963.4
228,15,1,4,91052.6
229,15,1,7,159342.1
230,15,1,1,22763.2
235,15,1,4,90365.3
245,15,1,3,67346.2
249,15,1,2,45296.6
252,15,1,3,67944.9
253,15,1,4,86718.6
0,16,1,1,25937.2
2,16,1,2,51874.4
4,16,1,25.5,783010.2
6,16,1,5,153531.4
7,16,1,4,122825.1
8,16,1,3,67430.6
11,16,1,2,44953.7
15,16,0,50,1287288
16,16,0,53,1186087.3
17,16,0,138.5,3164612.5
18,16,0,77,1778114.8
19,16,0,40,978985.4
20,16,0,97.5,1940645.4
21,16,0,91,1761479.1
22,16,0,71.5,1676892.4
23,16,0,205.5,4411315.2
24,16,0,139.5,3504795.2
25,16,0,52,1247597
26,16,0,127,2890268.1
27,16,0,58,1148608.5
28,16,0,45,918202.7
29,16,0,34,842608.1
30,16,0,59,1467634.6
31,16,0,99,2792162.5
32,16,0,80,1915393.5
33,16,0,54,1235494.6
48,16,1,4.5,117634.4
49,16,1,8,209127.9
50,16,1,26,679665.6
52,16,1,4,104563.9
58,16,1,2,52627.8
61,16,1,2,52627.8
64,16,1,4,105255.6
65,16,1,2,52627.8
67,16,1,5,131569.5
69,16,1,1,25182.4
71,16,1,2,50364.7
82,16,1,1,24613.8
89,16,1,2,49475.3
91,16,1,9,222639
102,16,1,3,74795.6
103,16,1,19,448796.5
104,16,1,10,236208.7
105,16,1,17.5,413365.2
114,16,1,1,22106.2
115,16,1,5,110531
116,16,1,14,309486.9
117,16,1,2,44212.4
118,16,0,45,840362
119,16,1,10,207082
120,16,1,4,82832.8
122,16,1,1,20708.2
129,16,1,3,73442.2
130,16,1,5,122403.7
133,16,1,18,451900.2
134,16,1,9,225950.1
135,16,1,2,50211.1
139,16,1,4,88319.8
145,16,1,4,88319.8
151,16,1,2,46932.5
155,16,1,11,260291.4
158,16,0,18,487038.8
159,16,1,23.5,493342.9
160,16,1,2,41986.6
162,16,1,2,41986.6
164,16,1,2,51576.1
166,16,1,4,103152.1
170,16,1,1,21753.2
182,16,1,4,88475.6
189,16,1,4,97264.3
192,16,1,1,24316.1
198,16,1,2,46401.9
201,16,1,1,23200.9
202,16,1,6,139205.6
203,16,1,1.5,30536.6
209,16,1,1,19869.2
214,16,1,2,46959.3
215,16,1,16,375674.7
216,16,1,16,375674.7
217,16,1,7,164357.7
227,16,1,4,102617.8
228,16,1,16,364210.5
229,16,1,1,22763.2
230,16,1,3,68289.5
232,16,1,2,45526.3
235,16,1,12,271096
236,16,1,16,361461.3
238,16,1,10,242385.5
244,16,1,2,44897.4
249,16,1,2,45296.6
0,17,1,4,103748.7
3,17,1,4,103748.7
4,17,1,4,103748.7
14,17,1,9,202291.9
15,17,0,109,2323268
16,17,1,7,157338.1
17,17,0,48.5,969113.3
18,17,0,128,3081525.6
19,17,0,146.5,3100619.8
20,17,0,237.5,4036049.4
21,17,0,68,1400741.9
22,17,0,38.5,776661.1
23,17,0,173,3342648.1
24,17,0,48,1219783.2
25,17,0,42,1170509.4
26,17,0,64.5,1522181.9
27,17,0,113.5,2557662.7
28,17,0,92.5,2186810.3
29,17,0,62.5,1627260.2
30,17,0,52,1291811.6
31,17,0,46,947879.7
32,17,0,36.5,813128.6
44,17,1,2,51124.1
48,17,1,4,100349.6
49,17,0,33.5,927177.1
50,17,1,15,376311.1
58,17,1,4.5,104364
59,17,1,3,69576
60,17,1,4,92768
64,17,1,1,24432.7
71,17,1,3,69246.4
81,17,1,5,123069
88,17,1,1,24737.7
102,17,1,16,323301.1
103,17,0,28.5,765639.2
104,17,1,7,174523
105,17,1,3,74795.6
106,17,1,3,74795.6
110,17,1,2,45926.7
114,17,1,1,26466.5
115,17,1,2,52933
117,17,1,9,238198.5
118,17,1,5,107489.6
119,17,1,2,42995.8
121,17,1,2,42995.8
122,17,1,5,107489.6
126,17,1,1,22378.7
127,17,1,2,44757.4
131,17,1,7,156368
132,17,1,4,89353.1
137,17,1,4,80991.8
139,17,1,1,22080
141,17,1,2,44159.9
146,17,1,3,66239.9
149,17,1,2,51753.3
150,17,1,1,25876.7
151,17,1,4,103506.6
158,17,0,27,604743.9
159,17,1,7,152272.9
172,17,1,2,46903.7
175,17,1,1,22165.7
177,17,1,3,66497.2
184,17,1,7,177138.1
185,17,1,1,25305.4
187,17,1,3,75916.3
194,17,1,11,254290.7
195,17,0,34,761896
198,17,1,1,19844.3
216,17,1,5,113478.8
217,17,1,6,136174.6
229,17,1,3,64911.4
230,17,1,6,129822.7
236,17,1,21,471039.2
237,17,1,21,471039.2
238,17,0,45,937503.7
239,17,1,12,267491.1
240,17,1,1,22290.9
241,17,1,3,66872.8
242,17,1,2,44581.8
244,17,1,3,72715.6
245,17,1,4,96954.2
249,17,1,4,85634.8
1,18,1,3,77811.6
13,18,1,1,22476.9
14,18,0,28,609828.3
15,18,0,118,2788511.8
16,18,0,89,2090954.2
17,18,0,195,3417189.1
18,18,0,103.5,2475767.9
19,18,0,106.5,2436395.6
20,18,0,136.5,3099127.1
21,18,0,151,3259138.2
22,18,0,133.5,2987631
23,18,0,142.5,2547963.4
24,18,0,170,4187213.4
25,18,0,277.5,4358314.7
26,18,0,157,2519715.9
27,18,0,39,978259.5
28,18,0,73.5,1706789.2
29,18,0,94,2052107.1
30,18,1,1,19925.8
38,18,1,6,153372.2
39,18,1,1,25562
44,18,1,5,127810.2
45,18,1,3,76686.1
46,18,1,2,51124.1
49,18,1,18,451573.3
60,18,1,15,347879.8
62,18,1,5,115959.9
68,18,1,2,46164.3
69,18,1,1,23082.1
70,18,1,10,230821.3
81,18,1,6,147682.8
88,18,1,1,24737.7
91,18,1,2,49475.3
92,18,1,3,74213
102,18,1,7,141444.2
109,18,1,2,45926.7
112,18,1,2,45926.7
115,18,1,6,158799
117,18,1,11,291131.5
121,18,1,3,64493.7
124,18,1,1,22378.7
130,18,1,6,134029.7
131,18,1,7,156368
132,18,1,19,424427.3
141,18,1,2,44159.9
142,18,1,1,22080
145,18,1,2,44159.9
149,18,1,2,51753.3
150,18,1,3,77630
156,18,1,2,51753.3
160,18,1,2,43506.6
164,18,1,4,103152.1
165,18,1,3,77364.1
171,18,1,8,187615
174,18,1,1,22165.7
175,18,1,1,22165.7
177,18,1,1,22165.7
179,18,1,8,152721.4
183,18,1,2,50610.9
184,18,1,2,50610.9
187,18,1,3,75916.3
194,18,1,2,46234.7
195,18,1,16,369877.3
196,18,0,30.5,636860.4
197,18,1,1,23117.3
199,18,1,1,19844.3
202,18,1,11,218287.2
203,18,1,13,264650.8
206,18,1,4,81431
214,18,1,1,22695.8
223,18,1,4,92134.7
229,18,1,2,43274.2
230,18,1,7,151459.8
231,18,1,7,151459.8
232,18,1,3,64911.4
236,18,1,4,89721.7
237,18,1,11.5,257950
239,18,1,1,22290.9
240,18,1,1,22290.9
245,18,1,3,72715.6
248,18,1,3,64226.1
15,19,0,66,1441410.5
16,19,0,123,2968792.9
17,19,0,82,1600917.8
18,19,0,110,2691493.8
19,19,0,85,1979418.9
20,19,0,29,702488.9
21,19,0,17,405753.7
22,19,0,69,1995777.1
23,19,0,164,4118583.1
24,19,0,141,2780090.9
25,19,0,41,950894.8
26,19,1,15,403325.1
27,19,1,2,53776.7
28,19,0,28,670326.9
29,19,0,180.5,3070654.5
30,19,0,82,1310986.1
44,19,1,9,230058.4
45,19,1,3,76686.1
48,19,1,4,100349.6
49,19,1,5,125437
52,19,1,2,50174.8
58,19,1,9,208727.9
60,19,1,2,46384
62,19,1,2,46384
63,19,1,9,219894.6
77,19,1,6,151094.1
82,19,1,1,24613.8
85,19,1,4,86864
86,19,1,6,130295.9
87,19,1,6,130295.9
88,19,1,18,445278
89,19,1,3,74213
97,19,1,1,24737.7
102,19,1,21,424332.7
106,19,1,2,49863.7
107,19,1,6,149591.1
112,19,1,4,91853.5
116,19,1,2,52933
120,19,1,2,42995.8
121,19,1,5,107489.6
122,19,1,4,85991.7
123,19,1,2,44757.4
124,19,1,1,22378.7
125,19,1,1,22378.7
128,19,1,2,44676.6
131,19,1,9,201044.5
132,19,0,30,502032.5
133,19,1,9,182231.6
134,19,1,10,202479.5
141,19,1,2,44159.9
143,19,1,3,66239.9
145,19,1,1,22080
150,19,1,1,25876.7
153,19,1,2,51753.3
155,19,1,4,103506.6
163,19,1,3,77364.1
165,19,1,5.5,141834.2
170,19,1,2,46903.7
175,19,1,11,243822.9
179,19,1,1,19090.2
183,19,1,2,50610.9
184,19,1,5,126527.2
191,19,1,6.5,142722.4
192,19,1,1,21957.3
193,19,1,4,92469.3
194,19,0,21,481391.9
195,19,0,67,1431700.5
196,19,0,33,706878.5
197,19,1,1,23117.3
199,19,1,2,39688.6
201,19,1,2,39688.6
202,19,1,3,59532.9
203,19,1,3,61073.3
214,19,1,7,158870.4
216,19,1,11,249653.4
223,19,1,2,46067.4
226,19,1,2,46067.4
230,19,1,3.5,75729.9
231,19,1,4,86548.5
243,19,1,4,96954.2
245,19,1,4,96954.2
248,19,1,2,42817.4
249,19,1,14,299721.7
250,19,1,3,64226.1
252,19,1,3,64226.1
253,19,1,4,86718.6
255,19,1,2,43359.3
0,20,1,3,77811.6
15,20,1,8,179815
16,20,0,96.5,2440727.5
17,20,0,42,992663.5
18,20,0,78.5,1937539
19,20,0,74.5,2046829.5
20,20,1,18.5,564517.2
21,20,1,8,244115.5
22,20,0,82,2277439
23,20,0,137.5,3714497.2
24,20,0,184.5,4063484.1
25,20,0,104.5,2574286
26,20,0,99,2498312
27,20,1,34.5,927647.7
29,20,0,50,825467.4
30,20,0,61,1008484.7
43,20,1,2,51124.1
45,20,1,1,25562
47,20,1,2,51124.1
48,20,1,6,150524.4
60,20,1,4,92768
61,20,1,4,92768
62,20,1,4,92768
63,20,1,3,73298.2
64,20,1,7,171029.1
67,20,1,2,48865.5
69,20,1,4,92328.5
74,20,1,2,50364.7
79,20,1,4,98455.2
84,20,1,3,65148
85,20,1,3.5,76006
87,20,1,4,86864
88,20,1,8,197901.3
89,20,1,7,173163.7
102,20,1,2,40412.6
105,20,1,4,99727.4
115,20,1,3,79399.5
121,20,1,3,64493.7
123,20,1,4,89514.7
124,20,1,4,89514.7
131,20,1,11,245721.1
132,20,1,18,402089
133,20,1,4,80991.8
134,20,1,7.5,151859.6
136,20,1,3,60743.9
141,20,1,2,44159.9
154,20,1,2,51753.3
157,20,1,2,51753.3
161,20,1,1,21753.3
165,20,1,6.5,167622.2
166,20,1,2,51576.1
172,20,1,7,164163.1
175,20,1,4,88662.9
179,20,1,2,38180.4
182,20,1,1,19090.2
183,20,1,9,227749
184,20,1,3,75916.3
194,20,0,27,596705.3
195,20,0,45.5,971538.7
196,20,0,32.5,761108.2
197,20,1,13,300525.3
200,20,1,5,99221.4
203,20,1,1,20357.8
204,20,1,4,81431
215,20,1,3,68087.3
216,20,1,3,68087.3
218,20,1,2,46067.4
220,20,1,2,46067.4
225,20,1,2,46067.4
227,20,1,5,115168.4
230,20,1,8,173097
233,20,1,1,22430.4
239,20,1,3,66872.8
240,20,1,1,22290.9
248,20,1,3,64226.1
249,20,1,9,192678.2
250,20,1,7,149860.9
251,20,1,18,385356.5
252,20,0,44.5,831970.2
253,20,1,11,238476.2
254,20,1,1,21679.7
15,21,1,12,269722.5
16,21,1,28,629352.5
17,21,0,116.5,2718768.5
18,21,0,45,1160408.9
19,21,0,42,1018481.9
20,21,1,13,396687.7
21,21,0,27.5,888249.2
22,21,0,77.5,2144708.1
23,21,0,72,2018642
24,21,0,122,2851755.8
25,21,0,89.5,1999757.4
26,21,0,98.5,2539170.9
27,21,0,196,3835802.6
28,21,1,24,478220.1
40,21,1,1,25562
43,21,1,3,76686.1
44,21,1,2,51124.1
45,21,1,4,102248.2
54,21,1,3,78423
62,21,1,1,23192
66,21,0,31,740192.1
67,21,1,40,977309.2
68,21,1,11,253903.4
69,21,1,7,161574.9
70,21,1,3,69246.4
71,21,1,5,115410.6
73,21,1,10,251823.6
74,21,1,2,50364.7
77,21,1,2,50364.7
79,21,1,12,295365.6
81,21,1,1,24613.8
84,21,1,7,152011.9
86,21,1,2,43432
89,21,1,3,74213
90,21,1,1,24737.7
96,21,1,2,49475.3
98,21,1,1,20206.3
99,21,1,5,101031.6
102,21,1,3,60619
106,21,1,3,74795.6
111,21,1,1,22963.4
117,21,1,4,105866
121,21,1,2,42995.8
123,21,1,3,67136.1
126,21,1,1,22378.7
131,21,1,15,335074.2
132,21,1,11,245721.1
133,21,1,2,40495.9
140,21,1,2,44159.9
150,21,1,4,103506.6
153,21,1,3,77630
154,21,1,3,77630
155,21,1,5,129383.3
156,21,1,7,181136.6
158,21,1,4,87013.1
160,21,1,1,21753.3
161,21,1,10,217532.8
162,21,1,15,326299.2
163,21,1,2,51576.1
164,21,1,3,77364.1
165,21,1,1,25788
168,21,1,2,46903.7
169,21,1,5,117259.4
183,21,1,2,50610.9
188,21,1,3,65871.9
193,21,1,9,208056
194,21,1,5,115586.7
195,21,1,15,346760
196,21,1,2,46234.7
197,21,1,3,69352
201,21,1,1,19844.3
203,21,1,1,20357.8
212,21,1,1,19869.2
218,21,1,6.5,149718.9
219,21,1,5,115168.4
220,21,1,1,23033.7
222,21,1,4,92134.7
226,21,1,2,46067.4
232,21,1,1,21637.1
235,21,1,2,44860.9
242,21,1,2,44581.8
251,21,1,14,299721.7
252,21,1,17,363947.8
11,22,1,4,115620.6
15,22,1,2,42342.4
16,22,1,1,21171.2
17,22,1,43,910361.6
18,22,0,88.5,2147129.3
19,22,0,108.5,2353176
20,22,0,49,1056215.7
21,22,0,62,1827716.2
22,22,0,78,2016370
23,22,0,118,2222744.3
24,22,0,122.5,2386362.6
25,22,0,47.5,1154980.2
26,22,0,96,2454881.9
27,22,0,103.5,2350120.4
28,22,0,123,2520258.4
29,22,1,18,416682.9
30,22,1,3,69447.2
31,22,0,37,894073.3
32,22,1,8,185192.4
33,22,1,8,192590.8
40,22,1,1,22927.4
44,22,1,1,22271.3
49,22,1,17,432067.3
50,22,1,5,127078.6
52,22,1,1,25415.7
53,22,1,2,48072
59,22,1,1.5,33472.3
61,22,1,1,22314.9
66,22,1,3,71764.5
68,22,1,17,426771.5
80,22,1,2,52278.4
81,22,1,3,78417.5
83,22,1,3,81785.5
86,22,1,3,81785.5
96,22,1,2,43522.7
97,22,1,2,43522.7
105,22,1,3,64121.6
109,22,1,7,166301
113,22,1,6,142543.7
114,22,1,5,118786.4
116,22,1,2,47514.6
131,22,1,22,507446.5
137,22,1,1,22507
145,22,1,4,95773.6
148,22,1,5,117567.9
149,22,1,2,47027.1
150,22,1,2,47027.1
151,22,1,4,94054.3
158,22,1,2,44583.2
159,22,1,3,66874.8
161,22,1,4.5,100312.2
162,22,1,3,66874.8
164,22,1,1,25041
169,22,1,6,145465.8
173,22,1,2,47370.3
175,22,1,2,47370.3
182,22,1,2,41914.1
189,22,1,1,23932.6
190,22,1,7,167528.3
191,22,1,2,47865.2
192,22,1,4,95730.5
195,22,1,3,62292.5
198,22,1,3,73366.2
201,22,1,4,97821.6
202,22,1,7,171187.7
204,22,1,1,24179.8
210,22,1,2,51171.9
214,22,1,2,45292.8
216,22,1,3,67939.1
225,22,1,3,57788.2
232,22,1,3,76072.9
234,22,1,5,95514.5
240,22,1,2,47958.6
241,22,1,5,119896.6
243,22,1,4,95917.3
244,22,1,3,71937.9
249,22,1,4,99961
250,22,1,2,49980.5
251,22,1,4,99961
252,22,0,18.5,409714.8
253,22,1,1,24571.7
5,23,1,2,52738.7
12,23,1,15,433577.2
18,23,1,22,454410.5
19,23,0,19,519078
21,23,0,21,582795.6
22,23,1,16,330480.4
23,23,0,36,496023.8
24,23,0,153,2388670.3
25,23,0,21.5,557362.5
26,23,1,24,542456.5
27,23,1,11,248625.9
28,23,0,262,3879351
30,23,1,6,138894.3
31,23,1,26,601875.4
32,23,1,2,46298.1
33,23,1,4,96295.4
34,23,1,7,168516.9
35,23,1,4,96295.4
40,23,1,4,91709.4
41,23,1,5,114636.8
49,23,0,36,1022481.8
50,23,0,35,815179.1
51,23,0,38,804706.5
52,23,1,27,686224.6
53,23,1,1,24036
56,23,1,1,24036
57,23,1,5,120179.9
60,23,1,2,44629.8
67,23,1,2,47843
82,23,1,5,130695.9
84,23,1,5,136309.1
86,23,1,1,27261.8
92,23,1,1,21761.3
93,23,1,1,21761.3
94,23,1,1,21761.3
95,23,1,1,21761.3
96,23,1,3,65284
97,23,1,3,65284
101,23,1,4,85495.4
109,23,1,5,118786.4
120,23,1,1,23338.9
124,23,1,2,46677.9
130,23,1,1,23065.7
134,23,1,4,90028
135,23,1,1,22507
140,23,1,8,191547.1
141,23,1,2,47886.8
144,23,1,3,71830.2
145,23,1,2,47886.8
150,23,1,4,94054.3
154,23,1,2,47027.1
159,23,1,2,44583.2
161,23,1,1,22291.6
162,23,1,1,22291.6
164,23,1,10,250410.4
165,23,1,1,25041
166,23,1,6,150246.2
168,23,1,2,48488.6
170,23,1,1,24244.3
181,23,1,17,356269.5
183,23,1,3,73116.1
190,23,1,4,95730.5
191,23,1,7,167528.3
192,23,1,2,47865.2
198,23,1,8,195643.1
203,23,1,4,96719.3
210,23,1,1,25585.9
211,23,1,2,51171.9
212,23,1,2,51171.9
228,23,1,3.5,88751.7
229,23,1,4,101430.5
231,23,1,2,50715.3
232,23,1,1,25357.6
233,23,1,5,95514.5
242,23,1,1,23979.3
243,23,1,1,23979.3
248,23,1,2,49980.5
249,23,1,3,74970.7
251,23,1,1,24990.2
6,24,1,1,26369.3
11,24,1,4,115620.6
15,24,1,2,42342.4
17,24,1,4,84684.8
20,24,1,6,123930.1
22,24,1,2,41310
24,24,0,29.5,503597.8
25,24,1,9,203421.2
27,24,1,2,45204.7
28,24,1,6,138894.3
29,24,1,12,277788.6
30,24,1,1,23149.1
32,24,0,35,1147288
33,24,1,5,120369.2
35,24,1,3,72221.5
41,24,1,1,22927.4
43,24,1,2,44542.6
44,24,1,1,22271.3
48,24,1,11,279573
49,24,0,51.5,1410504.6
50,24,1,26.5,673516.7
51,24,0,48,963751.7
52,24,0,52,1137937.4
54,24,1,11,264395.9
55,24,1,4,96144
56,24,1,17,408611.8
57,24,1,2,48072
59,24,1,5,111574.5
60,24,1,5,111574.5
63,24,1,1,23921.5
64,24,1,4,95686
66,24,1,2,47843
73,24,1,11,239330.9
74,24,1,2,43514.7
76,24,1,5,108786.8
78,24,1,1,26139.2
79,24,1,1,26139.2
98,24,1,2,42747.7
107,24,1,3,64121.6
115,24,1,1,23757.3
123,24,1,4,93355.8
128,24,1,3,69197.2
129,24,1,1,23065.7
130,24,1,1,23065.7
136,24,1,1,22507
153,24,1,2,47027.1
154,24,1,5,117567.9
157,24,1,3,70540.7
158,24,1,4,89166.4
165,24,1,4,100164.2
172,24,1,1,24244.3
185,24,1,6,146232.2
186,24,1,1,24372
190,24,1,1,23932.6
207,24,1,2,48359.7
209,24,1,2,51171.9
211,24,1,1,25585.9
212,24,1,2,51171.9
221,24,1,8,175184.1
230,24,1,7,177503.4
231,24,1,9,228218.6
233,24,1,5,95514.5
236,24,1,5,95514.5
244,24,1,8,191834.5
245,24,1,1,23979.3
254,24,1,1,24571.7
4,25,1,5,131846.7
11,25,1,2,57810.3
14,25,1,2,42342.4
20,25,1,14,289170.3
29,25,1,7,162043.4
30,25,1,14,324086.7
31,25,1,15,347235.8
32,25,0,37.5,909742.4
33,25,1,24.5,589809.3
34,25,1,4,96295.4
35,25,1,4,96295.4
36,25,1,6,144443.1
37,25,1,5,120369.2
39,25,1,3,68782.1
41,25,1,4,91709.4
46,25,1,5,111356.4
47,25,1,1,22271.3
48,25,1,5,127078.6
49,25,1,13,330404.4
50,25,0,51.5,1183390.1
51,25,0,49,1242514.2
52,25,1,20,508314.5
53,25,1,2,48072
55,25,1,2,48072
56,25,1,14,336503.8
57,25,1,13,312467.9
62,25,1,5,111574.5
64,25,1,4,95686
67,25,1,4,95686
73,25,1,1,21757.4
78,25,1,6,156835.1
79,25,1,4,104556.7
82,25,1,12,313670.1
83,25,1,6,163571
84,25,1,1,27261.8
85,25,1,4,109047.3
96,25,1,2,43522.7
101,25,1,2,42747.7
102,25,1,4,85495.4
103,25,1,3,64121.6
106,25,1,5,106869.3
112,25,1,1,23757.3
121,25,1,6,140033.6
122,25,1,7,163372.6
124,25,1,1,23338.9
130,25,1,4,92263
132,25,1,2,46131.5
133,25,1,1,22507
136,25,1,4,90028
137,25,1,2,45014
142,25,1,2,47886.8
148,25,1,2,47027.1
149,25,1,1,23513.6
151,25,1,2,47027.1
152,25,1,2,47027.1
153,25,1,3,70540.7
157,25,1,3,70540.7
158,25,1,4,89166.4
163,25,1,2,50082.1
165,25,1,3,75123.1
168,25,1,2,48488.6
169,25,1,1,24244.3
172,25,1,2,48488.6
173,25,1,5,118425.9
179,25,1,4,83828.1
180,25,1,12,251484.3
181,25,1,4,83828.1
185,25,1,3,73116.1
193,25,1,10,207641.6
194,25,1,5,103820.8
195,25,1,7,145349.1
196,25,1,8,166113.3
198,25,1,13,317920.1
199,25,1,2,48910.8
201,25,1,2,48910.8
205,25,1,5,120899.2
207,25,1,1,24179.8
208,25,1,12,307031.2
209,25,1,8,204687.5
212,25,1,1,25585.9
213,25,1,5,113231.9
222,25,1,1,21898
227,25,1,2,38525.4
230,25,1,2,50715.3
235,25,1,8,152823.2
236,25,1,1,19102.9
242,25,1,1,23979.3
245,25,1,4,95917.3
246,25,1,3,71937.9
247,25,1,2,47958.6
248,25,1,7,174931.7
255,25,1,5,122858.5
4,26,1,4,105477.4
11,26,1,3,86715.4
12,26,1,1,28905.1
21,26,1,1,20655
24,26,1,5,113011.8
28,26,1,2,46298.1
29,26,1,13,300937.7
30,26,1,2,46298.1
32,26,1,5,115745.3
35,26,1,2,48147.7
37,26,1,4.5,108332.3
38,26,1,5,114636.8
39,26,1,7,160491.5
41,26,1,5,114636.8
44,26,1,3,66813.8
46,26,1,2,44542.6
47,26,1,5,111356.4
50,26,1,4.5,114370.8
52,26,1,2,50831.5
59,26,1,2,44629.8
61,26,1,6,133889.4
62,26,1,1,22314.9
63,26,1,4,95686
67,26,1,3,71764.5
70,26,1,3,75312.6
73,26,1,2,43514.7
74,26,1,3,65272.1
76,26,1,2,43514.7
80,26,1,2,52278.4
82,26,1,1,26139.2
84,26,1,4,109047.3
88,26,1,8,174090.6
93,26,1,4,87045.3
104,26,1,2,42747.7
107,26,1,1,21373.9
113,26,1,5,118786.4
120,26,1,6,140033.6
132,26,1,4,92263
136,26,1,8,180056
137,26,1,3,67521
139,26,1,3,71830.2
141,26,1,1,23943.4
144,26,1,6,143660.3
145,26,1,4,95773.6
146,26,1,2,47886.8
158,26,1,1,22291.6
161,26,1,1,22291.6
163,26,1,2,50082.1
166,26,1,2,50082.1
167,26,1,5,125205.2
168,26,1,6,145465.8
176,26,1,3,71055.5
177,26,1,2,47370.3
182,26,1,1,20957
184,26,1,1,24372
193,26,1,10,207641.6
196,26,1,2,41528.3
199,26,1,3,73366.2
204,26,1,3,72539.5
208,26,1,19,486132.7
209,26,1,2,51171.9
218,26,1,1,21898
219,26,1,3.5,76643
221,26,1,7,153286.1
238,26,1,7,167855.2
240,26,1,3,71937.9
241,26,1,2,47958.6
242,26,1,6,143875.9
254,26,1,2,49143.4
255,26,1,2,49143.4
3,27,1,6,158216
6,27,1,6,158216
12,27,1,3,86715.4
19,27,1,2,45680.4
20,27,1,19,433963.4
22,27,1,19,433963.4
24,27,1,2,49325.9
34,27,1,1,22102.1
35,27,1,1,22102.1
40,27,1,7,177161.5
41,27,1,2,50617.6
45,27,1,1,28791.4
50,27,1,4,83497.4
54,27,1,6,180156.3
61,27,1,4,90142.3
66,27,1,1,23775
67,27,1,4,95100
69,27,1,2,50208.4
70,27,1,10,251042.1
77,27,1,1,25104.2
80,27,1,5,130684.4
81,27,1,17,444326.8
82,27,0,41.5,958991.5
83,27,0,43,1077687.9
86,27,1,6,159405.2
87,27,1,1,26567.5
89,27,1,3,68705.2
90,27,1,2,45803.5
108,27,1,4,95029.1
111,27,1,2,47514.6
119,27,1,5,116694.7
127,27,1,4,93355.8
132,27,1,2,45014
142,27,1,6,143660.3
143,27,1,2,47886.8
146,27,1,2,47886.8
156,27,1,1,23513.6
157,27,1,5,117567.9
162,27,1,2,44583.2
165,27,1,2,51137.7
167,27,1,13,332395.3
168,27,1,2,43157.5
169,27,1,3,64736.2
172,27,1,2,43157.5
180,27,1,1,24372
181,27,1,5,121860.2
185,27,1,6,149089.1
186,27,1,3,74544.6
192,27,1,3,68404
196,27,1,2,45602.7
201,27,1,4,96719.3
207,27,1,13,308329.9
208,27,1,18,404457.5
210,27,1,2,44939.7
211,27,1,1,22469.9
214,27,1,5,113231.9
216,27,1,1,22646.4
217,27,1,1,22646.4
218,27,1,3,57032.4
221,27,1,5,95054
232,27,1,1,19102.9
236,27,1,2,47903.9
243,27,1,3,77695.7
254,27,1,5,101795.9
255,27,1,3,61077.5
2,28,1,1,23360.1
6,28,1,2,52738.7
11,28,1,1,28905.1
12,28,1,6,173430.9
13,28,1,2,57810.3
14,28,1,3,86715.4
17,28,1,1,28905.1
20,28,1,3,68520.5
34,28,1,2,44204.3
39,28,1,3,75926.4
40,28,1,7,177161.5
47,28,1,6,172748.5
54,28,1,1.5,45039.1
55,28,1,2,60052.1
60,28,1,8,180284.6
61,28,1,2,45071.2
72,28,1,1,25104.2
76,28,1,2,50208.4
78,28,1,1,26136.9
80,28,1,8,209095
81,28,0,44,1050235.2
82,28,0,42,1117260.5
83,28,0,39,818559
84,28,1,7,185972.8
85,28,1,8,212540.3
87,28,1,11,292242.9
89,28,1,1,22901.7
95,28,1,7,152329.3
104,28,1,6,153977.6
122,28,1,2,46677.9
130,28,1,5,112535
132,28,1,3,67521
133,28,1,2,41083.3
152,28,1,3,77947.4
158,28,1,6,133749.5
162,28,1,4,89166.4
163,28,1,2,51137.7
166,28,1,2,51137.7
167,28,1,1,25568.9
168,28,1,13,280523.6
172,28,1,1,21578.7
173,28,1,3,71055.5
182,28,1,1,24372
190,28,1,8,182410.8
192,28,1,2,45602.7
195,28,1,4,91205.4
196,28,1,5,114006.7
199,28,1,1,24179.8
201,28,1,5,120899.2
204,28,1,1,23717.7
206,28,1,2,47435.4
209,28,1,4,89879.4
212,28,1,10,224698.6
216,28,1,5,113231.9
223,28,1,5,96313.6
226,28,1,6,115576.3
227,28,1,2,38525.4
228,28,1,5,95514.5
230,28,1,5,95514.5
232,28,1,3,57308.7
233,28,1,9,215567.4
240,28,1,3,62564.1
242,28,1,9,187692.4
243,28,1,3,77695.7
245,28,1,12,310782.9
251,28,1,3,61077.5
253,28,1,5,101795.9
254,28,1,6,122155
255,28,1,1,20359.2
2,29,1,2,46720.2
13,29,1,8,231241.2
15,29,1,4,115620.6
24,29,1,7,172640.6
25,29,1,11,271292.4
26,29,1,4,98651.8
27,29,1,2,49325.9
33,29,1,4,88408.6
34,29,1,2,44204.3
35,29,1,7,154715
38,29,1,5,126543.9
40,29,1,4,101235.2
41,29,1,8,202470.3
43,29,1,6,172748.5
50,29,1,2,41748.7
57,29,1,4,120104.2
61,29,1,1.5,33803.4
62,29,1,4,90142.3
65,29,1,1,23775
68,29,1,8,200833.7
72,29,1,2,50208.4
74,29,1,3,75312.6
77,29,1,2,50208.4
81,29,1,2,52273.7
82,29,0,38,858986.4
83,29,0,62.5,1157789.7
84,29,1,14,371945.5
85,29,1,4,106270.2
93,29,1,2,43522.7
94,29,1,1,21761.3
100,29,1,7,149617
104,29,1,10,256629.3
106,29,1,7,179640.5
108,29,1,4,95029.1
114,29,1,4,95029.1
120,29,1,2,46677.9
122,29,1,1,23338.9
123,29,1,2,46677.9
126,29,1,4.5,105025.2
127,29,1,2,46677.9
129,29,1,7,157549
133,29,1,5,102708.2
134,29,1,4,82166.6
137,29,1,5,102708.2
138,29,1,2,47886.8
141,29,1,2,47886.8
142,29,1,1,23943.4
148,29,1,5,129912.3
150,29,1,7,181877.2
151,29,1,5,129912.3
152,29,1,5,129912.3
158,29,1,2,44583.2
159,29,1,3,66874.8
160,29,1,3,66874.8
164,29,1,1,25568.9
168,29,1,2,43157.5
173,29,1,2,47370.3
181,29,1,10,243720.3
183,29,1,1,24848.2
184,29,1,4,99392.7
192,29,1,8,182410.8
193,29,1,4,91205.4
202,29,1,4,96719.3
203,29,1,6,142306.1
205,29,1,4,94870.7
206,29,1,2,47435.4
209,29,1,1,22469.9
210,29,1,2,44939.7
217,29,1,14,317049.3
221,29,1,7,133075.6
233,29,1,4,95807.7
236,29,1,2,47903.9
241,29,1,6,125128.3
242,29,1,19,396239.5
243,29,1,3,77695.7
245,29,1,5,129492.9
250,29,1,6,122155
251,29,1,2,40718.3
253,29,1,4.5,91616.3
254,29,1,4,81436.7
1,30,1,2,46720.2
5,30,1,2,52738.7
6,30,1,5,131846.7
18,30,1,7,159881.2
20,30,1,2,45680.4
22,30,1,6,137041.1
24,30,0,33,717542.5
25,30,1,25,616573.7
26,30,1,15,369944.2
27,30,1,2,49325.9
29,30,1,3,66306.4
36,30,1,5,110510.7
37,30,1,7,154715
38,30,1,2,50617.6
39,30,1,2,50617.6
43,30,1,4,115165.6
44,30,1,5,143957.1
45,30,1,12.5,359892.6
49,30,1,2,41748.7
50,30,1,2,41748.7
51,30,1,2,41748.7
52,30,1,1,20874.3
54,30,1,2,60052.1
56,30,1,5,150130.2
60,30,1,2,45071.2
61,30,1,1,22535.6
62,30,1,3,67606.7
63,30,1,7,166425
64,30,1,1,23775
73,30,1,2,50208.4
74,30,1,1,25104.2
75,30,1,9,225937.9
80,30,1,2,52273.7
81,30,1,9,235231.8
82,30,1,15.5,405121.5
85,30,1,2,53135.1
93,30,1,2,43522.7
94,30,1,3,65284
96,30,1,2,43522.7
101,30,1,1,21373.9
103,30,1,1,25662.9
105,30,1,2,51325.9
109,30,1,8,190058.3
111,30,1,4,95029.1
121,30,1,1,23338.9
122,30,1,5,116694.7
132,30,1,2,45014
134,30,1,1,20541.6
135,30,1,5,102708.2
138,30,1,1,23943.4
139,30,1,4,95773.6
141,30,1,2,47886.8
147,30,1,4,95773.6
149,30,1,1,25982.5
150,30,1,4,103929.8
152,30,1,1,25982.5
156,30,1,2,47027.1
158,30,1,3,66874.8
165,30,1,2,51137.7
166,30,1,7,178982.1
167,30,1,2,51137.7
171,30,1,3,64736.2
176,30,1,1,23685.2
179,30,1,4,97488.1
180,30,1,2,48744.1
183,30,1,2,49696.4
184,30,1,7,173937.3
185,30,1,1,24848.2
187,30,1,3,74544.6
188,30,1,2,45602.7
189,30,1,2,45602.7
191,30,1,2,45602.7
193,30,1,2,45602.7
205,30,1,2,47435.4
208,30,1,2,44939.7
211,30,1,4,89879.4
213,30,1,2,45292.8
216,30,1,5,113231.9
220,30,1,3,57032.4
221,30,1,4,76043.2
228,30,1,1,19102.9
233,30,1,1,23951.9
236,30,1,3,71855.8
237,30,1,3,71855.8
240,30,1,2,41709.4
241,30,1,23,479658.3
242,30,1,23,479658.3
243,30,1,4,103594.3
244,30,1,2,51797.2
245,30,1,2,51797.2
247,30,1,6,155391.5
249,30,1,1,20359.2
253,30,1,5,101795.9
3,31,1,4,105477.4
5,31,1,3,79108
6,31,1,6,158216
14,31,1,2,57810.3
18,31,1,2,45680.4
19,31,1,7,159881.2
21,31,1,1,22840.2
22,31,1,6,137041.1
23,31,1,13,320618.3
24,31,0,54.5,1120303
25,31,0,36,926493.7
26,31,1,7,172640.6
38,31,1,2,50617.6
39,31,1,2,50617.6
40,31,1,1,25308.8
41,31,1,1,25308.8
43,31,1,8,230331.3
49,31,0,19,394062.6
50,31,1,16,333989.5
51,31,1,4,83497.4
52,31,1,6,125246
53,31,1,2,60052.1
54,31,1,2,60052.1
55,31,1,1,30026
58,31,1,3,67606.7
59,31,1,3,67606.7
60,31,1,1,22535.6
63,31,1,1,23775
64,31,1,1,23775
65,31,1,2,47550
67,31,1,1,23775
75,31,1,2,50208.4
81,31,1,7,182958.1
86,31,1,2,53135.1
87,31,1,1,26567.5
88,31,1,2,45803.5
90,31,1,1.5,34352.6
92,31,1,21,480936.3
96,31,1,3,65284
97,31,1,4,87045.3
101,31,1,1,21373.9
102,31,1,1,21373.9
109,31,1,1,23757.3
110,31,1,5,118786.4
113,31,1,2,47514.6
122,31,1,1,23338.9
133,31,1,8,164333.2
135,31,1,1,20541.6
137,31,1,4,82166.6
139,31,1,4,95773.6
145,31,1,6,143660.3
146,31,1,3.5,83801.9
147,31,1,3,71830.2
157,31,1,7,164595
158,31,1,3,66874.8
162,31,1,1,22291.6
165,31,1,1,25568.9
166,31,1,3,76706.6
167,31,1,5,127844.4
172,31,1,4,86315
174,31,1,4,94740.7
175,31,1,9.5,225009.1
179,31,1,2,48744.1
182,31,1,2,48744.1
186,31,1,1,24848.2
187,31,1,2,49696.4
190,31,1,3,68404
192,31,1,2,45602.7
196,31,1,5,114006.7
197,31,1,3,68404
203,31,1,3,71153
204,31,1,7.5,177882.6
210,31,1,1,22469.9
211,31,1,8,179758.9
213,31,1,1,22646.4
215,31,1,4,90585.5
216,31,1,4,90585.5
218,31,1,8,152086.4
219,31,1,8,152086.4
222,31,1,1,19010.8
224,31,1,1,19262.7
227,31,1,2,38525.4
228,31,1,2,38205.8
233,31,1,4,95807.7
234,31,1,2,47903.9
238,31,1,4,83418.8
242,31,1,4,83418.8
251,31,1,1,20359.2
253,31,1,2,40718.3
254,31,1,3,61077.5
1,32,1,7,185493.4
2,32,1,15,397485.8
3,32,1,10,247911.6
6,32,1,3,74373.5
7,32,1,3.5,86769.1
18,32,1,9,245995.1
19,32,1,3,81998.4
20,32,1,2,54665.6
21,32,1,20,546655.8
23,32,0,30,582617
24,32,0,72.5,1730178.5
25,32,0,57.5,1486346.4
26,32,1,18,441786.6
39,32,1,3,78675.1
42,32,1,3,78675.1
44,32,1,15,366887.5
48,32,1,1,27413.1
49,32,1,9,246718.1
50,32,1,20,548262.5
51,32,1,4,109652.5
60,32,1,2,47594.5
66,32,1,3,71391.8
80,32,1,2,53497.7
84,32,1,6,132736.1
85,32,1,24,530944.4
88,32,1,3,67958.9
91,32,1,1,22653
92,32,1,17,385100.4
95,32,1,2,48328
96,32,1,1,24164
103,32,1,4,91685.2
106,32,1,5,114606.6
108,32,1,2,46970.2
113,32,1,1,23485.1
121,32,1,1,23276.1
128,32,1,2,49503.3
129,32,1,3,74254.9
132,32,1,15.5,383650.3
133,32,1,4,86327.1
137,32,1,8,172654.3
145,32,1,3,67052.7
146,32,1,15,335263.3
147,32,1,1,22350.9
149,32,1,1,24180.6
157,32,1,1,24180.6
160,32,1,2,48697.9
162,32,1,6,146093.6
164,32,1,2,48697.9
167,32,1,2,48697.9
172,32,1,4,89825.4
187,32,1,5,129586
188,32,1,3,68030.8
189,32,1,5.5,124723.1
190,32,1,2,45353.9
195,32,1,4,98652.7
199,32,1,3,76328.6
201,32,1,1,25442.9
208,32,1,7,171665.4
209,32,1,3,73570.9
213,32,1,3,76989.2
221,32,1,2,47323.2
227,32,1,4,91280.4
228,32,1,2,48590.2
234,32,1,4,100951.4
237,32,1,3,75713.6
238,32,1,5,103496.5
242,32,1,5,103496.5
245,32,1,1,20699.3
246,32,1,2,41398.6
249,32,1,2,51662.6
254,32,1,1,25831.3
0,33,0,63,1335585.8
1,33,0,38,907489.7
2,33,0,36,836597.7
3,33,1,18,446241
5,33,1,3,74373.5
18,33,1,4,109331.2
19,33,1,1,27332.8
20,33,1,12,327993.5
21,33,0,58,1316164.4
22,33,0,36,868600.9
23,33,0,27,703365.5
24,33,0,32,778761.9
25,33,1,18,441786.6
26,33,1,21,515417.8
38,33,1,6,157350.1
43,33,1,24.5,599249.6
44,33,1,11,269050.9
49,33,1,2,54826.3
53,33,1,5,161917.7
55,33,1,2,64767.1
59,33,1,2,47594.5
68,33,1,5,105100.5
74,33,1,5,105100.5
76,33,1,6,126120.5
78,33,1,2,53497.7
79,33,1,2,53497.7
84,33,1,5,110613.4
85,33,1,16,353963
88,33,1,1,22653
92,33,1,2,45305.9
93,33,1,6,144984
94,33,1,2,48328
96,33,1,1,24164
99,33,1,2,48219.8
100,33,1,2,48219.8
103,33,1,1,22921.3
105,33,1,4,91685.2
108,33,1,9.5,223108.5
110,33,1,3,70455.3
113,33,1,1,23485.1
115,33,1,1,23485.1
121,33,1,2,46552.1
125,33,1,2,46946.7
126,33,1,4,93893.5
129,33,1,1,24751.6
130,33,1,1,24751.6
131,33,1,4,99006.5
132,33,0,29,636663.8
133,33,1,18,388472.1
134,33,1,2,43163.6
140,33,1,4,75398.8
146,33,1,16,357614.2
147,33,1,15,335263.3
149,33,1,4,96722.3
156,33,1,2,48361.1
161,33,1,3,73046.8
162,33,1,7,170442.5
165,33,1,1,24348.9
166,33,1,1,24348.9
168,33,1,5,112281.7
171,33,1,3,67369
172,33,1,3,67369
173,33,1,3,69148
175,33,1,1,23049.3
178,33,1,2,50547.2
179,33,1,3,75820.8
187,33,1,4,103668.8
188,33,1,2,45353.9
189,33,1,3,68030.8
197,33,1,3,73989.5
198,33,1,5,127214.3
201,33,1,2,50885.7
206,33,1,4,94380.9
207,33,0,74,1528376.7
208,33,0,53,1240471.9
217,33,1,6,153978.3
220,33,1,2,47323.2
221,33,1,8,189292.8
222,33,1,5,118308
224,33,1,6.5,148330.6
225,33,1,2,45640.2
226,33,1,14,319481.4
227,33,1,6,136920.6
228,33,1,4,97180.3
229,33,1,4,97180.3
230,33,1,2,48590.2
243,33,1,7,144895.1
246,33,1,3,62097.9
251,33,1,4,103325.1
254,33,1,4,103325.1
0,34,0,41,921677.5
1,34,0,26.5,554209.7
2,34,0,84.5,1915336.8
3,34,0,81,2040394.1
5,34,1,4,99164.7
6,34,1,9,223120.5
7,34,1,13,322285.1
8,34,1,4,99833
11,34,1,4,99833
16,34,1,4,126520.5
17,34,1,5,158150.6
19,34,1,6,163996.7
20,34,1,6,163996.7
21,34,1,1,27332.8
22,34,0,42,1101627.6
23,34,0,68,1716413.2
24,34,0,82,1940276.7
25,34,1,14,343611.8
26,34,1,17,417242.9
27,34,1,2,49087.4
28,34,1,6,136702.6
29,34,1,3,68351.3
30,34,1,3,68351.3
36,34,1,2,45567.5
38,34,1,8,209800.1
44,34,1,1,24459.2
46,34,1,4,97836.7
48,34,1,4,109652.5
51,34,1,7,191891.9
52,34,1,4,109652.5
60,34,1,1,23797.3
62,34,1,1,23797.3
70,34,1,2,42040.2
74,34,1,1,21020.1
76,34,1,1,21020.1
79,34,1,1,26748.8
83,34,1,8,176981.5
84,34,1,4,88490.7
85,34,1,1,22122.7
88,34,1,11,249182.6
91,34,1,2,45305.9
93,34,1,8,193312
94,34,1,4,96656
95,34,1,3,72492
98,34,1,4,96439.5
99,34,1,1,24109.9
105,34,1,2,45842.6
109,34,1,5,117425.5
121,34,1,1,23276.1
126,34,1,2,46946.7
131,34,1,3,74254.9
135,34,1,2,43163.6
136,34,1,2,43163.6
140,34,1,3,56549.1
146,34,1,1,22350.9
147,34,1,13,290561.5
149,34,1,6,145083.4
152,34,1,2,48361.1
156,34,1,6,145083.4
158,34,1,3,73046.8
161,34,1,2,48697.9
165,34,1,3,73046.8
167,34,1,3,73046.8
169,34,1,5,112281.7
170,34,1,19,426670.6
178,34,1,1,25273.6
183,34,1,4,103668.8
184,34,1,8,207337.7
185,34,1,3,77751.6
188,34,1,9,204092.3
197,34,1,4,98652.7
202,34,1,5,127214.3
205,34,1,10,235952.3
206,34,0,27,646213.4
207,34,1,14,330333.2
208,34,0,45,921240.2
212,34,1,5,122618.1
213,34,1,2,51326.1
217,34,1,3,76989.2
220,34,1,17,402247.2
221,34,1,13,307600.8
222,34,1,19,449570.4
223,34,1,22,502042.1
224,34,0,62,1220902.8
225,34,0,52,1184390
226,34,1,22,502042.1
227,34,1,18,410761.7
228,34,1,11,267245.9
229,34,1,2,48590.2
240,34,1,2,41398.6
241,34,1,4,82797.2
242,34,1,1,20699.3
250,34,1,3,77493.8
0,35,0,55.5,1023495.5
1,35,0,67,1545021.8
2,35,0,56,1211610
3,35,0,76,1974844
4,35,1,5,123955.8
6,35,1,1,24791.2
8,35,1,2,49916.5
9,35,1,6,149749.5
10,35,1,3,74874.8
11,35,1,3,74874.8
16,35,1,1,31630.1
17,35,1,4,126520.5
19,35,1,7,191329.5
21,35,1,11,300660.7
22,35,0,36.5,812232.9
23,35,0,34.5,714783.5
24,35,0,33,853076.2
25,35,1,21,515417.8
26,35,1,7,171805.9
27,35,1,4,98174.8
28,35,1,6,136702.6
29,35,1,3,68351.3
34,35,1,2,45567.5
35,35,1,5,113918.8
39,35,1,2,52450
40,35,1,10,262250.2
41,35,1,2,52450
45,35,1,4,97836.7
47,35,1,4,97836.7
52,35,1,3,82239.4
53,35,1,6,194301.2
57,35,1,5,161917.7
59,35,1,1,23797.3
61,35,1,2,47594.5
75,35,1,3,63060.3
77,35,1,1,21020.1
83,35,1,3,66368.1
84,35,1,7,154858.8
88,35,1,3,67958.9
94,35,1,1,24164
96,35,1,1,24164
98,35,1,3,72329.6
99,35,1,6,144659.3
100,35,1,2,48219.8
101,35,1,3,72329.6
105,35,1,3,68763.9
107,35,1,7,160449.2
113,35,1,2,46970.2
116,35,1,3,70455.3
119,35,1,4,93104.3
125,35,1,2,46946.7
127,35,1,6,140840.2
137,35,1,1,21581.8
144,35,1,4,89403.5
146,35,1,3,67052.7
154,35,1,1,24180.6
155,35,1,4,96722.3
157,35,1,1,24180.6
168,35,1,5.5,123509.9
169,35,1,14,314388.9
170,35,1,8,179650.8
171,35,1,1,22456.3
180,35,1,4,101094.4
186,35,1,2,51834.4
188,35,1,3,68030.8
190,35,1,5,113384.6
191,35,1,13.5,306138.5
193,35,1,4,98652.7
197,35,1,2,49326.3
201,35,1,4,101771.4
204,35,1,12,283142.7
205,35,0,47.5,1120152.1
206,35,0,61,1600297.6
207,35,0,56,1203115.2
208,35,0,38,1003855.1
209,35,1,18,441425.3
210,35,1,16,392378
214,35,1,4,102652.2
217,35,1,9,230967.5
221,35,1,2,47323.2
223,35,1,3,68460.3
224,35,0,73,1400807.3
225,35,0,36,839437.6
226,35,1,5,114100.5
229,35,1,5,121475.4
234,35,1,2,50475.7
237,35,1,2,50475.7
243,35,1,1,20699.3
0,36,0,38,775267.5
1,36,0,107,2436991.5
2,36,0,49,1196302.1
3,36,0,39.5,917488.2
6,36,1,8,198329.3
9,36,1,1,24958.3
10,36,1,8,199666.1
11,36,1,2,49916.5
16,36,1,6,189780.8
18,36,1,1,27332.8
20,36,1,4,109331.2
21,36,1,12,327993.5
22,36,1,21,573988.6
23,36,1,2,49087.4
24,36,1,4,98174.8
25,36,1,11.5,282252.6
26,36,1,2,49087.4
28,36,1,3,68351.3
33,36,1,6,136702.6
34,36,1,4,91135.1
35,36,1,1,22783.8
39,36,1,1,26225
44,36,1,3,73377.5
45,36,1,3,73377.5
48,36,1,4,109652.5
49,36,1,3.5,95945.9
62,36,1,1,23797.3
78,36,1,1,26748.8
80,36,1,6,160493
82,36,1,2,53497.7
83,36,1,4,88490.7
89,36,1,2,45305.9
93,36,1,2,48328
96,36,1,4,96656
97,36,1,3,72492
104,36,1,6,137527.9
105,36,1,10.5,240673.8
106,36,1,1,22921.3
107,36,1,6,137527.9
114,36,1,1,23485.1
117,36,1,1,23485.1
121,36,1,2,46552.1
123,36,1,6,140840.2
126,36,1,1,23473.4
127,36,1,4.5,105630.2
128,36,1,4,99006.5
138,36,1,2,37699.4
141,36,1,2,37699.4
146,36,1,2,44701.8
147,36,1,2,44701.8
149,36,1,1,24180.6
151,36,1,2.5,60451.4
156,36,1,1,24180.6
157,36,1,1,24180.6
164,36,1,1,24348.9
173,36,1,2,46098.6
174,36,1,2,46098.6
180,36,1,3,75820.8
184,36,1,3,77751.6
185,36,1,6,155503.2
186,36,1,6,155503.2
187,36,0,43,947738.9
188,36,1,10,226769.3
189,36,1,4,90707.7
190,36,1,5,113384.6
191,36,1,2,45353.9
192,36,1,1,22676.9
195,36,1,3,73989.5
198,36,1,4,101771.4
199,36,1,7,178100
205,36,0,32,760258.9
206,36,0,50,1161084.7
207,36,1,11,259547.5
208,36,1,19,465948.9
209,36,0,41,953218.6
210,36,1,24,588567.1
214,36,1,2,51326.1
224,36,1,10,228201
226,36,1,18,410761.7
227,36,0,47.5,1076182.5
228,36,0,32,711206.6
229,36,1,6,145770.5
230,36,1,3,72885.2
237,36,1,4,100951.4
238,36,1,7,144895.1
239,36,1,2,41398.6
249,36,1,1,25831.3
250,36,1,1,25831.3
0,37,1,9,214389.5
1,37,0,51,1215361.7
2,37,1,8,190568.5
3,37,0,54,1304150.1
4,37,1,24,504363.2
16,37,1,4,130538.3
17,37,1,5,163172.9
19,37,1,1,27694.3
30,37,1,2,56594
32,37,1,2,56594
35,37,1,6,132317.5
36,37,1,2,44105.8
40,37,1,2,52450
43,37,1,2,48958.6
46,37,1,1,24479.3
47,37,1,2,48958.6
49,37,1,1,32383.5
54,37,1,12,267576.7
55,37,1,6,133788.4
56,37,1,6,133788.4
57,37,1,7,156086.4
63,37,1,4,95189
78,37,1,2,53497.7
81,37,1,2.5,66872.1
83,37,1,3,76564.5
86,37,1,5,127607.5
90,37,1,4,91625.1
92,37,1,6,137437.6
93,37,1,5,119606.4
94,37,1,3,71763.8
97,37,1,2,47842.6
98,37,1,3,76026.6
102,37,1,14,354790.8
103,37,1,19,425737.5
104,37,1,8,179257.9
106,37,1,1,22407.2
108,37,1,5,117425.5
110,37,1,1,23485.1
112,37,1,2,46970.2
113,37,1,6,151518.6
114,37,1,7,176771.7
118,37,1,6,139656.4
119,37,1,4,93104.3
120,37,1,4,93104.3
122,37,1,1,23276.1
124,37,1,3,61490.6
126,37,1,11,225465.5
127,37,1,3,61490.6
129,37,1,1,22928.8
131,37,1,4,91715
133,37,1,1,22928.8
134,37,1,4,91715
135,37,1,1,22928.8
138,37,1,2,37699.4
141,37,1,1,18849.7
145,37,1,2,43089
146,37,1,2,43089
147,37,1,2,43089
155,37,1,6,149816.4
160,37,1,4,97395.7
161,37,1,7,170442.5
163,37,1,2,48697.9
166,37,1,5,121744.6
173,37,1,7,161345.3
183,37,1,9,192769.3
184,37,1,4,85675.3
185,37,1,5,107094.1
186,37,1,6,128512.9
187,37,0,38.5,888440.6
188,37,0,47,866662.5
189,37,0,46.5,886848.7
199,37,1,4,101923.5
203,37,1,5,114289.3
206,37,0,27.5,615751.2
207,37,1,12,274294.2
208,37,0,35,917900
209,37,1,17,408218.9
210,37,1,14,336180.2
211,37,1,18,432231.7
212,37,1,6,144077.2
218,37,1,1,21501.9
223,37,1,2,48645.2
225,37,1,3,72967.8
226,37,1,4,97290.4
227,37,1,4,97290.4
228,37,1,2,48797
229,37,1,2,48797
235,37,1,2,50475.7
236,37,1,5,126189.3
237,37,1,2,50475.7
238,37,1,15,267627.7
239,37,1,2,35683.7
240,37,1,3,53525.5
242,37,1,2,35683.7
246,37,1,2,41398.6
247,37,1,2,41398.6
249,37,1,2,51662.6
250,37,1,4,103325.1
252,37,1,4,103325.1
255,37,1,5,110779
0,38,1,16,381136.9
1,38,1,23,547884.3
5,38,1,10.5,220658.9
9,38,1,2,53382.5
11,38,1,2,53382.5
18,38,1,2,55388.6
22,38,1,6,166165.7
24,38,1,2,47878
27,38,1,1,23939
31,38,1,6,169781.9
32,38,1,2,56594
33,38,1,6,132317.5
35,38,1,2,44105.8
43,38,1,4,97917.2
47,38,1,1,24479.3
48,38,1,4,129534.2
54,38,1,5,111490.3
55,38,1,4,89192.2
56,38,1,1,22298.1
64,38,1,4,95189
74,38,1,4,87381.2
80,38,1,3,80246.5
81,38,1,4,106995.4
82,38,1,6,160493
83,38,1,2,51043
86,38,1,3,76564.5
95,38,1,2,47842.6
98,38,1,3,76026.6
100,38,1,2,50684.4
101,38,1,3,76026.6
102,38,0,24.5,478813.6
103,38,1,4,89629
105,38,1,3,67221.7
106,38,1,2,44814.5
107,38,1,8,179257.9
114,38,1,4,101012.4
115,38,1,3,75759.3
117,38,1,1,25253.1
120,38,1,1,23276.1
122,38,1,2,46552.1
126,38,1,7,143478
127,38,1,6,122981.2
130,38,1,2,45857.5
132,38,1,4,91715
137,38,1,6,137572.6
139,38,1,1,18849.7
141,38,1,4,75398.8
146,38,1,1,21544.5
153,38,1,2,49938.8
154,38,1,5,124847
156,38,1,2,49938.8
167,38,1,5,121744.6
169,38,1,3,68330.8
170,38,1,2,45553.9
171,38,1,5,113884.7
172,38,1,1,22776.9
183,38,1,3,64256.4
184,38,1,1,21418.8
187,38,1,11,235606.9
188,38,1,14.5,349980.6
189,38,1,18,434458.6
190,38,1,10,241365.9
191,38,1,2,48273.2
192,38,1,3,72409.8
195,38,1,3,73989.5
199,38,1,1,25480.9
200,38,1,1,25480.9
201,38,1,5,127404.3
203,38,1,4,91431.4
205,38,1,4,91431.4
206,38,1,14,320009.9
207,38,0,23,640755.1
208,38,1,19,456244.6
211,38,1,4,96051.5
212,38,1,4,96051.5
216,38,1,4,102652.2
219,38,1,4,86007.4
220,38,1,5,107509.3
221,38,1,7.5,161263.9
222,38,1,16,344029.7
223,38,1,4,97290.4
225,38,1,2,48645.2
228,38,1,7,170789.7
236,38,1,3,75713.6
237,38,1,2,50475.7
238,38,1,2,35683.7
251,38,1,2,51662.6
255,38,1,16,354492.7
0,39,1,2,47642.1
5,39,1,14,294211.9
6,39,1,1,21015.1
8,39,1,4,106765
9,39,1,4,106765
19,39,1,1,27694.3
21,39,1,4,110777.1
22,39,1,7,193860
27,39,1,8,191512.1
28,39,1,13,367860.8
32,39,1,6,169781.9
33,39,1,2,44105.8
35,39,1,5,110264.6
40,39,1,1,26225
41,39,1,4,104900.1
42,39,1,2,52450
43,39,1,3,73437.9
44,39,1,1,24479.3
45,39,1,5,122396.4
46,39,1,4,97917.2
47,39,1,2,48958.6
54,39,1,2,44596.1
63,39,1,5,118986.3
64,39,1,7,166580.8
74,39,1,12,262143.5
76,39,1,1,21845.3
78,39,1,2,53497.7
80,39,1,2,53497.7
81,39,1,6,160493
84,39,1,5,127607.5
85,39,1,2,51043
86,39,1,4,102086
89,39,1,2,45812.5
94,39,1,1,23921.3
95,39,1,4,95685.1
97,39,1,4,95685.1
98,39,1,7,177395.4
99,39,1,2,50684.4
100,39,1,4,101368.8
102,39,1,7,177395.4
103,39,1,4,89629
105,39,1,4,89629
110,39,1,5,117425.5
113,39,1,5,126265.5
114,39,1,5,126265.5
115,39,1,16.5,416676.1
120,39,1,2,46552.1
123,39,1,4,81987.4
125,39,1,8,163974.9
129,39,1,5,114643.8
133,39,1,2,45857.5
134,39,1,1,22928.8
144,39,1,4,86177.9
152,39,1,3,72541.7
155,39,1,8.5,212239.9
156,39,1,1,24969.4
159,39,1,3,73046.8
168,39,1,2,45553.9
169,39,1,6,136661.6
177,39,1,2,46098.6
178,39,1,4.5,113731.2
179,39,1,2,50547.2
187,39,1,7,149931.7
188,39,1,6.5,156887.8
190,39,1,3,72409.8
191,39,1,17,410322
192,39,1,4,96546.4
195,39,1,17,419273.9
196,39,1,1,24663.2
197,39,1,3,73989.5
198,39,1,9,229327.8
199,39,1,12,305770.4
201,39,1,6,152885.2
205,39,1,27,617162
206,39,1,6,137147.1
207,39,1,22,502872.7
209,39,1,9,216115.9
215,39,1,2,51326.1
216,39,1,2,51326.1
218,39,1,4,86007.4
220,39,1,4,86007.4
221,39,1,14,301026
222,39,1,21,451539
223,39,1,3,72967.8
224,39,1,3,72967.8
225,39,1,8,194580.9
231,39,1,11,268383.7
234,39,1,2,50475.7
255,39,0,40.5,802252.5
5,40,1,1,21015.1
8,40,1,10,266912.5
10,40,1,4,106765
12,40,1,1,26691.3
18,40,1,3,83082.9
19,40,1,1,27694.3
22,40,1,12,332331.4
26,40,1,1,23939
27,40,1,13,311207.2
28,40,1,10.5,297118.4
29,40,1,3,84891
33,40,1,6,132317.5
37,40,1,5,110264.6
38,40,1,2,52450
39,40,1,2,52450
43,40,1,2,48958.6
45,40,1,3,73437.9
49,40,1,5,161917.7
50,40,1,5,161917.7
64,40,1,3,71391.8
65,40,1,2,47594.5
74,40,1,6,131071.8
76,40,1,2,43690.6
84,40,1,3.5,89325.3
86,40,1,4,102086
87,40,1,1,25521.5
91,40,1,1,22906.3
95,40,1,4,95685.1
98,40,1,2,50684.4
102,40,1,5,126711
104,40,1,1,22407.2
105,40,1,1,22407.2
111,40,1,3,70455.3
113,40,1,4,101012.4
114,40,1,7,176771.7
117,40,1,3,75759.3
123,40,1,8,163974.9
125,40,1,5,102484.3
132,40,1,1,22928.8
134,40,1,3,68786.3
140,40,1,2,37699.4
141,40,1,2,37699.4
144,40,1,1,21544.5
145,40,1,2,43089
146,40,1,11,236989.2
147,40,1,1,21544.5
148,40,1,5,120902.8
151,40,1,3,72541.7
152,40,1,2,48361.1
154,40,1,1,24969.4
157,40,1,2,49938.8
159,40,1,1,24348.9
163,40,1,3,73046.8
169,40,1,3,68330.8
173,40,1,4,92197.3
177,40,1,5,115246.6
179,40,1,5,126368
180,40,1,2,50547.2
183,40,1,3,64256.4
184,40,1,3,64256.4
188,40,1,1,24136.6
189,40,1,10.5,253434.2
190,40,1,3,72409.8
191,40,0,26,679466.1
192,40,1,25,603414.8
193,40,1,4,98652.7
194,40,1,1,24663.2
195,40,1,1.5,36994.8
196,40,1,6,147979
197,40,1,1,24663.2
200,40,1,1,25480.9
201,40,1,1,25480.9
202,40,1,2,50961.7
205,40,1,9,205720.7
206,40,1,11,251436.4
207,40,1,23,525730.6
208,40,1,10.5,252135.2
210,40,1,2,48025.7
212,40,1,5,120064.4
216,40,1,2,51326.1
219,40,1,2,43003.7
221,40,1,8,172014.9
222,40,1,2,43003.7
224,40,1,12.5,304032.6
225,40,1,3,72967.8
226,40,1,9,218903.5
227,40,1,2,48645.2
235,40,1,2,50475.7
238,40,1,1,17841.8
241,40,1,1,17841.8
255,40,1,15.5,343414.8
0,41,1,6,142926.3
2,41,1,7,166747.4
3,41,1,14.5,304719.4
9,41,1,4,106765
10,41,1,4,106765
13,41,1,2,65269.2
14,41,1,6,195807.5
16,41,1,18,587422.5
17,41,1,19,620057.1
22,41,1,10,276942.9
29,41,1,2,56594
32,41,1,6,169781.9
33,41,1,4,88211.7
34,41,1,2,44105.8
35,41,1,2,44105.8
37,41,1,5,110264.6
39,41,1,1,26225
43,41,1,1,24479.3
44,41,1,11,269272.2
45,41,1,9,220313.6
54,41,1,1,22298.1
61,41,1,1,23797.3
69,41,1,5,105100.5
73,41,1,7,152917
74,41,1,7,152917
86,41,1,4,102086
87,41,1,1,25521.5
88,41,1,7,160343.9
89,41,1,4,91625.1
91,41,1,2,45812.5
95,41,1,2,47842.6
96,41,1,6.5,155488.3
97,41,1,15,358819.2
98,41,1,11,278764.2
99,41,1,11,278764.2
100,41,1,6.5,164724.3
101,41,1,3,76026.6
102,41,1,3,76026.6
103,41,1,5.5,123239.8
107,41,1,2,44814.5
111,41,1,1,23485.1
119,41,1,2,46552.1
120,41,1,2,46552.1
125,41,0,20.5,399571.9
126,41,1,11,225465.5
127,41,1,3,61490.6
128,41,1,5,114643.8
133,41,1,2,45857.5
144,41,1,2,43089
146,41,1,5,107722.4
152,41,1,1,24180.6
153,41,1,4,99877.6
154,41,1,10,249694
155,41,1,2,49938.8
161,41,1,2,48697.9
162,41,1,5,121744.6
164,41,1,1,24348.9
171,41,1,11,250546.3
173,41,1,2,46098.6
174,41,1,1,23049.3
175,41,1,8,184394.6
176,41,1,4,92197.3
177,41,1,4,92197.3
184,41,1,1,21418.8
186,41,1,7,149931.7
187,41,1,4,85675.3
189,41,1,3,72409.8
190,41,1,1,24136.6
192,41,0,64.5,1452630.2
193,41,1,25,616579.3
194,41,1,4,98652.7
195,41,1,2,49326.3
196,41,1,5,123315.9
197,41,1,4,98652.7
202,41,1,2,50961.7
203,41,1,4,91431.4
204,41,1,6,137147.1
205,41,1,17,388583.5
206,41,1,23,525730.6
207,41,1,21,480014.9
208,41,1,4,96051.5
209,41,1,5,120064.4
214,41,1,2,51326.1
216,41,1,2,51326.1
220,41,1,3,64505.6
221,41,1,2,43003.7
222,41,1,1,21501.9
224,41,1,2,48645.2
226,41,1,1,24322.6
227,41,1,2,48645.2
232,41,1,3,73195.6
238,41,1,3,53525.5
239,41,1,2,35683.7
242,41,1,5,89209.2
243,41,1,3,62097.9
248,41,1,5,129156.4
249,41,1,2.5,64578.2
1,42,0,24,639405.5
2,42,0,38,770675.2
3,42,1,16,377952.9
4,42,1,3,70866.2
12,42,1,3,77383.6
13,42,1,2,57619
14,42,1,3,86428.5
16,42,1,15,432142.4
17,42,0,29.5,788889.3
22,42,1,3.5,112337
29,42,1,4,92386.8
34,42,1,4,113678
35,42,1,2,56839
42,42,1,3,71501.8
44,42,1,7,166837.4
45,42,1,3,71501.8
53,42,1,2,52196.4
61,42,1,2,42511.5
66,42,1,5,116728.8
68,42,1,2,52001.7
69,42,1,10,260008.6
70,42,1,18,468015.5
71,42,1,2,52001.7
73,42,1,17,423232.8
74,42,1,19,473024.9
76,42,1,7,174272.3
77,42,1,12,298752.5
78,42,1,9,217131.4
79,42,1,5,120628.6
80,42,1,2,48251.4
81,42,1,2,48251.4
83,42,1,1,24652.8
87,42,1,5,123264.2
88,42,1,25,641553.7
89,42,0,31,717196.3
95,42,1,8,199864.9
97,42,1,19,474679.2
98,42,0,33,837610.9
99,42,1,12,300734.6
100,42,1,10,250612.2
101,42,1,18.5,463632.6
102,42,0,49,1111023.9
103,42,1,9,222002.1
104,42,1,4,98667.6
105,42,1,1,24666.9
106,42,1,1,24666.9
107,42,1,5,123334.5
108,42,1,3,72808.5
114,42,1,2,48539
121,42,1,5,118237.5
126,42,1,8,214474.9
132,42,1,5,118010
142,42,1,3,67941.2
147,42,1,2,51391.9
148,42,1,1,20027.9
152,42,1,2,40055.8
154,42,1,10,235688.3
155,42,1,26,612789.6
158,42,1,5,107242.7
159,42,1,2,42897.1
160,42,1,2,42897.1
162,42,1,3,64345.6
164,42,1,6,137189.7
166,42,1,2.5,57162.4
171,42,1,11,257767.4
172,42,1,1,23433.4
173,42,1,3,71340
174,42,1,2,47560
186,42,1,3,67689.5
187,42,1,4,90252.7
194,42,1,4,84995.9
195,42,1,5,106244.9
201,42,1,2,51482.3
204,42,1,2,48805.2
205,42,1,3,73207.9
206,42,1,20,488052.5
207,42,1,4,97610.5
219,42,1,5,106137.1
220,42,1,8,169819.4
221,42,1,1,21227.4
228,42,1,4,93548.2
230,42,1,4,93548.2
232,42,1,4,93548.2
235,42,1,3,70161.2
244,42,1,2,41751.7
246,42,1,2,41751.7
249,42,1,1,20145.5
251,42,1,2,40291
252,42,1,4,80582
253,42,1,3,61549.5
254,42,1,2,41033
255,42,1,5,102582.6
0,43,1,6,136481.5
1,43,0,62,1285991.9
2,43,0,37.5,774225.8
3,43,1,5,118110.3
5,43,1,13,307086.8
6,43,1,2,47244.1
8,43,1,1,25794.5
11,43,1,7,180561.8
12,43,1,2,51589.1
13,43,1,18,518570.9
14,43,1,13.5,388928.2
16,43,0,46,1150851.9
17,43,0,23,587723.9
21,43,1,1,32096.3
22,43,1,4,128385.1
35,43,1,1,28419.5
39,43,1,3,71501.8
44,43,1,1,23833.9
62,43,1,2,42511.5
64,43,1,2,46691.5
65,43,1,6,140074.5
66,43,1,4,93383
68,43,1,5,130004.3
69,43,0,83,1812861.4
70,43,0,26.5,682988.9
71,43,1,14,364012.1
72,43,0,28,770135.3
73,43,0,34,725058.3
74,43,1,27,672193.2
75,43,1,1,24896
76,43,1,5,124480.2
77,43,1,3,74688.1
81,43,1,2,48251.4
83,43,1,2,49305.7
85,43,1,4.5,110937.8
86,43,1,12.5,308160.6
87,43,1,12,295834.2
88,43,1,25,641553.7
89,43,0,29.5,569772.1
90,43,1,13,333607.9
91,43,1,8,205297.2
95,43,1,7,174881.8
96,43,1,1,24983.1
98,43,1,15,375918.3
99,43,0,36.5,653502.8
100,43,0,72,1526740.1
101,43,0,23.5,578472
102,43,0,16,410627.2
103,43,0,41,864060.8
104,43,1,19.5,481004.6
111,43,1,4,97078.1
115,43,1,7,169886.6
121,43,1,2,47295
125,43,1,3,80428.1
126,43,1,3,80428.1
127,43,1,8,214474.9
133,43,1,2,47204
134,43,1,2,47204
135,43,1,2,47204
144,43,1,2,51391.9
145,43,1,6,154175.8
149,43,1,9.5,190265
152,43,1,3,60083.7
153,43,1,5,117844.1
154,43,1,8,188550.6
155,43,1,2,47137.7
166,43,1,4,91459.8
168,43,1,3,70300.2
171,43,1,8,187467.2
172,43,1,11,257767.4
173,43,1,4,95120
174,43,1,2,47560
176,43,1,4,95120
179,43,1,5,115914.5
182,43,1,2,46365.8
186,43,1,2,45126.3
190,43,1,8.5,186914.1
192,43,1,2,43979.8
193,43,1,7,148742.9
195,43,1,1,21249
196,43,1,2,42498
197,43,1,10,212489.8
200,43,1,4,102964.6
202,43,1,4,102964.6
203,43,1,24,585663
204,43,1,1,24402.6
207,43,1,3,73207.9
213,43,1,1,23626.1
215,43,1,6,141756.8
216,43,1,19,448896.4
219,43,1,1,21227.4
220,43,1,11,233501.7
221,43,1,5,106137.1
234,43,1,2,46774.1
241,43,1,6,125255
245,43,1,2,41751.7
250,43,1,3.5,70509.3
253,43,1,2,41033
0,44,1,23.5,534552.5
1,44,1,4,90987.7
2,44,1,5,113734.6
7,44,1,3,70866.2
10,44,1,3,77383.6
12,44,1,12,309534.5
13,44,0,46.5,1217158.3
14,44,0,34,860811.4
15,44,0,56,1744550.9
16,44,0,68,1518528
17,44,1,3,86428.5
39,44,1,1,23833.9
44,44,1,5,119169.6
45,44,1,3,71501.8
54,44,1,5,130491
55,44,1,6,156589.2
67,44,1,12,280149
68,44,0,37.5,912958.4
69,44,0,33,701026.4
70,44,1,5,130004.3
71,44,1,35,910030.1
72,44,0,49,1370179.6
73,44,0,49.5,1355416.2
74,44,1,22,547713
77,44,1,2.5,62240.1
80,44,1,2,48251.4
81,44,1,4,96502.9
85,44,1,2,49305.7
86,44,1,4,98611.4
88,44,1,2,51324.3
89,44,1,17.5,449087.6
90,44,1,4,102648.6
91,44,1,4,102648.6
92,44,1,14,359270.1
98,44,1,8,200489.8
99,44,1,10,250612.2
100,44,0,57,1452148.2
101,44,0,38.5,819878.4
102,44,0,82,1526278.3
103,44,0,31,712792.4
104,44,1,10,246669
109,44,1,4.5,109212.8
116,44,1,2,48539
118,44,1,2,47295
119,44,1,2,47295
121,44,1,3,70942.5
125,44,1,5,134046.8
126,44,1,2,53618.7
132,44,1,3,70806
134,44,1,7,165214
141,44,1,5,113235.4
142,44,1,4.5,101911.8
149,44,1,2,40055.8
150,44,1,7,140195.2
153,44,1,7,164981.8
154,44,1,2,47137.7
161,44,1,4,85794.1
162,44,1,2,42897.1
166,44,1,5,114324.7
171,44,1,7,164033.8
172,44,1,21,492101.4
173,44,1,2,47560
176,44,1,9,214020
178,44,1,5,115914.5
179,44,1,2,46365.8
180,44,1,5,115914.5
181,44,1,5,115914.5
187,44,1,4,90252.7
191,44,1,4,87959.6
193,44,1,1.5,31873.5
203,44,1,14,341636.7
204,44,1,9,219623.6
207,44,1,7,170818.4
208,44,1,2,51975.9
209,44,1,5,129939.7
211,44,1,2,51975.9
212,44,1,7,181915.6
216,44,1,2,47252.3
218,44,1,5,106137.1
219,44,1,10,212274.3
220,44,1,1,21227.4
225,44,1,2,38851.9
226,44,1,10,194259.5
236,44,1,2,46774.1
247,44,1,1,20875.8
249,44,1,1,20145.5
252,44,1,9,181309.6
253,44,1,3,61549.5
255,44,1,2,41033
3,45,1,3,70866.2
12,45,1,9,232150.9
13,45,0,94,2450345.7
14,45,0,30,925765.7
15,45,0,74.5,2000041.1
16,45,0,79,2028450.2
17,45,0,34,1074671.1
22,45,1,12,385155.3
23,45,0,40,1152047.6
24,45,1,9,240572.5
28,45,1,3,69290.1
37,45,1,3,85258.5
38,45,1,1,23833.9
39,45,1,8,190671.4
45,45,1,5,119169.6
54,45,1,4,104392.8
59,45,1,3,63767.3
60,45,1,2,42511.5
65,45,1,2,46691.5
67,45,1,24,560298
68,45,0,66,1462541.1
69,45,1,21,546018.1
70,45,1,15,390012.9
71,45,0,51,1327280
72,45,0,71,1719252
73,45,0,35,729449.8
74,45,1,3,74688.1
87,45,1,2,49305.7
93,45,1,5,124915.6
94,45,1,1,24983.1
98,45,1,1,25061.2
99,45,1,3,75183.7
100,45,1,4,100244.9
101,45,0,22,525389.9
102,45,0,72.5,1583989.6
103,45,0,75,1742827.9
104,45,0,29,761220.1
105,45,1,5,123334.5
106,45,1,2,49333.8
107,45,1,1.5,37000.4
110,45,1,4,97078.1
119,45,1,3,70942.5
120,45,1,2,47295
121,45,1,2,47295
125,45,1,6,160856.2
127,45,1,4,107237.5
130,45,1,1,23602
131,45,1,8.5,200617.1
145,45,1,2,51391.9
148,45,1,3,60083.7
153,45,1,1,23568.8
154,45,1,4,94275.3
167,45,1,4,91459.8
170,45,1,2,46866.8
171,45,1,2,46866.8
172,45,0,23,608871.8
174,45,1,2,47560
179,45,1,2,46365.8
180,45,1,2,46365.8
181,45,1,3,69548.7
185,45,1,12,270758.1
188,45,1,1,21989.9
189,45,1,4,87959.6
190,45,1,9,197909.1
191,45,1,4,87959.6
197,45,1,2,42498
198,45,1,9,231670.4
200,45,1,5,128705.8
211,45,1,3,77963.8
212,45,1,1,25987.9
218,45,1,5,106137.1
219,45,1,10,212274.3
220,45,1,14,297184
221,45,1,7,148592
222,45,1,7,148592
224,45,1,7,135981.6
225,45,1,7,135981.6
228,45,1,2,46774.1
232,45,1,3,70161.2
244,45,1,1,20875.8
246,45,1,2,41751.7
248,45,1,3,60436.5
252,45,1,12,241746.1
253,45,1,4,82066
255,45,1,2,41033
2,46,1,5,113734.6
3,46,1,7,165354.4
12,46,1,1,25794.5
13,46,1,13,374523.4
14,46,0,35,876609.4
15,46,0,26,706559.7
16,46,1,8,230475.9
17,46,0,28,715576.4
21,46,1,1,32096.3
22,46,0,16.5,518866.7
23,46,0,37,1303899
24,46,0,53,1616738
25,46,0,37,1077788.8
26,46,1,11,294033
27,46,1,12,320763.3
28,46,0,38.5,1063504
29,46,1,32,739094
30,46,1,1,23096.7
32,46,1,4,92386.8
33,46,1,8,227355.9
34,46,1,8,227355.9
35,46,1,3,85258.5
36,46,1,16,454711.9
59,46,1,1,21255.8
60,46,1,2,42511.5
65,46,1,9,210111.8
67,46,1,14,326840.5
68,46,0,60.5,1310351.5
69,46,0,56,1262137.4
70,46,0,61.5,1267588.7
71,46,0,95.5,1729817.8
72,46,0,52,1270066.7
73,46,1,12,298752.5
74,46,1,7,174272.3
75,46,1,1,24896
83,46,1,4,98611.4
84,46,1,2,49305.7
85,46,1,1,24652.8
88,46,1,2,51324.3
92,46,1,2,51324.3
93,46,1,8,199864.9
94,46,1,9,224848
95,46,1,3,74949.3
96,46,1,2,49966.2
97,46,1,7,174881.8
98,46,1,3,75183.7
99,46,1,9,225551
100,46,0,40,921525.7
101,46,0,26,629768.3
102,46,0,28,757560.1
103,46,0,50.5,1298985
104,46,0,53,985619.8
105,46,0,33,854911.8
106,46,1,1.5,37000.4
107,46,1,3,74000.7
110,46,1,5,121347.6
116,46,1,2,48539
119,46,1,2,47295
120,46,1,5,118237.5
124,46,1,6,160856.2
131,46,1,7,165214
134,46,1,1,23602
137,46,1,8,188816
140,46,1,1.5,33970.6
141,46,1,10,226470.7
144,46,1,24,616703.1
146,46,1,2,51391.9
149,46,1,11,220306.8
150,46,1,2,40055.8
154,46,1,6,141413
158,46,1,3,64345.6
163,46,1,1,22864.9
164,46,1,1,22864.9
165,46,1,7,160054.6
166,46,1,3,68594.8
168,46,1,4,93733.6
170,46,1,4,93733.6
172,46,1,21,492101.4
176,46,1,3,71340
178,46,1,4,92731.6
180,46,1,8,185463.2
182,46,1,3,69548.7
183,46,1,1,22563.2
184,46,1,3,67689.5
186,46,1,6,135379
189,46,1,8,175919.2
196,46,1,4,84995.9
201,46,1,5,128705.8
206,46,1,7,170818.4
207,46,1,3,73207.9
208,46,1,5,129939.7
212,46,1,2,51975.9
220,46,0,48,1012633.6
221,46,0,41,907209.1
222,46,1,11,233501.7
224,46,1,8,155407.6
225,46,1,2,38851.9
228,46,1,1,23387.1
232,46,1,2,46774.1
236,46,1,1,23387.1
244,46,1,2,41751.7
247,46,1,4,83503.4
252,46,1,6.5,130945.8
1,47,1,2,46350.2
6,47,1,2,46350.2
8,47,1,1,31917.8
13,47,1,6,159130.7
15,47,1,5,132608.9
16,47,1,4,106087.1
17,47,1,11,291739.6
22,47,1,9,288866.5
23,47,0,32,1021848.9
24,47,1,2,57235.2
25,47,1,4,114470.4
26,47,1,2,57235.2
28,47,1,15,414262.7
29,47,0,18,438650.6
30,47,1,6,165705.1
31,47,1,3,82852.5
34,47,1,17.5,388915.3
35,47,0,28,646567.1
36,47,1,7,155566.1
51,47,1,3,78294.6
57,47,1,3.5,91343.7
68,47,1,21,526426.5
69,47,0,27,758129.2
70,47,0,28,595763.4
71,47,0,55,1287601
72,47,0,65,1691965.6
73,47,0,35,956822.7
74,47,1,6,130605.4
92,47,1,6,156985
93,47,1,7,183149.1
94,47,1,1,26164.2
99,47,1,1,26496.8
100,47,1,2,52993.5
101,47,1,8,211974.1
102,47,0,22.5,580065.3
103,47,1,2,49732.9
104,47,0,66,1017042.5
105,47,1,9,223797.9
110,47,1,2,45550.9
123,47,1,3,78786.1
124,47,1,4,105048.2
126,47,1,5,131310.2
131,47,1,4,94408
133,47,1,2,51100.9
134,47,1,2,51100.9
139,47,1,3,70934.4
140,47,1,1,23644.8
144,47,1,15,343182.7
145,47,1,7.5,171591.4
146,47,1,18,411819.3
147,47,1,8,183030.8
148,47,1,4,92261
149,47,1,15,345978.9
150,47,1,11,253717.9
151,47,1,3,69195.8
152,47,1,6.5,149924.2
153,47,1,4,92579.1
159,47,1,1,21448.5
161,47,1,3,64345.6
166,47,1,5,107242.7
167,47,1,5,107242.7
171,47,1,2,43816
172,47,1,14,306711.8
174,47,1,8,190789
175,47,1,14,333880.8
179,47,1,4,90252.7
183,47,1,2,53314.2
185,47,1,5,133285.5
186,47,1,1,26657.1
187,47,1,4,106628.4
192,47,1,4,91193.6
195,47,1,1,25600.7
199,47,1,4,102964.6
201,47,1,5.5,141576.4
206,47,1,4,87132.6
208,47,1,2,47252.3
215,47,1,2,47252.3
219,47,1,1,23458.8
221,47,1,9.5,222858.4
222,47,1,13,304964.1
232,47,1,2,45388.1
241,47,1,2,41751.7
248,47,1,2,48664.3
251,47,1,2,48664.3
252,47,1,9,218989.4
11,48,1,21,670273.4
12,48,0,46,1088793
13,48,1,12,318261.4
26,48,1,6,171705.6
27,48,1,7,200323.2
28,48,1,1,27617.5
29,48,1,8,220940.1
30,48,1,20,552350.3
31,48,0,35,790193.2
32,48,1,20,552350.3
33,48,0,51,1444491.5
34,48,0,38,859773
35,48,0,39,1030189.4
36,48,1,18,400027.1
42,48,1,2,47667.8
51,48,1,1,26098.2
53,48,1,1,26098.2
60,48,1,3,63767.3
66,48,1,3,63767.3
67,48,1,1,21255.8
68,48,1,2,50135.9
69,48,1,21,526426.5
70,48,0,32,672610.6
71,48,0,26.5,719720.8
72,48,1,6,150407.6
73,48,1,4,87070.3
75,48,1,1,21767.6
77,48,1,8,174140.6
78,48,1,3,75769.7
81,48,1,8,202052.7
82,48,1,11,277822.4
89,48,1,2,52328.3
97,48,1,2,52328.3
99,48,1,3.5,92738.7
102,48,0,55,1138959.8
103,48,0,64,1660777.7
104,48,0,44.5,1078722.7
105,48,1,1,24866.4
108,48,1,4,91101.8
110,48,1,4,91101.8
111,48,1,1,22775.5
114,48,1,1,27856
115,48,1,7,194992.2
116,48,1,9,250704.2
124,48,1,2,52524.1
126,48,1,5,131310.2
132,48,1,2,47204
134,48,1,1,25550.5
136,48,1,2,51100.9
139,48,1,5,118223.9
142,48,1,4,94579.1
143,48,1,3,68636.5
144,48,1,22,503334.7
146,48,1,19,434698.1
147,48,0,66,1394861.4
148,48,0,37,822549.5
149,48,1,7,161456.8
150,48,1,23,530501
165,48,1,4,85794.1
168,48,1,1,21908
169,48,1,2,43816
170,48,1,3,65724
171,48,1,8,175263.9
172,48,1,3,65724
174,48,1,8,190789
175,48,1,12,286183.5
176,48,1,4,95394.5
178,48,1,1,22563.2
179,48,1,2,45126.3
180,48,1,4,90252.7
183,48,1,3,79971.3
184,48,1,4,106628.4
186,48,1,8,213256.7
187,48,1,10,266570.9
188,48,1,9,205185.5
189,48,1,10.5,239383.1
192,48,1,2,45596.8
194,48,1,1,25600.7
196,48,1,4,102402.9
200,48,1,5,128705.8
207,48,1,9,196048.4
218,48,1,5,117293.9
222,48,1,5,117293.9
223,48,1,5.5,125373.4
233,48,1,1,23387.1
234,48,1,2,46774.1
237,48,1,2,46774.1
243,48,1,4,83503.4
248,48,1,2.5,60830.4
251,48,1,2,48664.3
0,49,1,4,92700.4
2,49,1,6,139050.6
5,49,1,3,69525.3
11,49,0,21,698094.2
12,49,1,2,63835.6
13,49,1,1,26521.8
14,49,1,2,53043.6
26,49,1,4,114470.4
30,49,0,29,947516
31,49,0,71.5,1707983.7
32,49,0,26,735117.7
33,49,1,1,22223.7
35,49,1,7,155566.1
37,49,1,5,111118.6
44,49,1,3,71501.8
47,49,1,3,71501.8
50,49,1,3,78294.6
60,49,1,1,21255.8
64,49,1,3,63767.3
65,49,1,1,21255.8
69,49,1,13,325883.1
70,49,0,37.5,801061.2
72,49,1,6.5,162941.5
73,49,1,3,65302.7
75,49,1,5,108837.8
80,49,1,4,101026.3
82,49,1,3,75769.7
85,49,1,6,144754.3
86,49,1,2,48251.4
90,49,1,2,52328.3
91,49,1,5,130820.8
97,49,1,2,52328.3
98,49,1,2,52993.5
102,49,0,71,1559112.1
103,49,0,70.5,1710428.1
104,49,0,46,1080736.8
105,49,0,18,399465.9
106,49,1,10,248664.4
109,49,1,2,45550.9
110,49,1,6,136652.7
113,49,1,1,27856
115,49,0,35,1017263.2
116,49,1,9.5,264632.2
117,49,1,1,27856
120,49,1,2,47295
129,49,1,4,94408
132,49,1,2,47204
133,49,1,2,51100.9
134,49,1,4,102201.9
139,49,1,1,23644.8
141,49,1,3,70934.4
143,49,1,15,343182.7
144,49,1,3,68636.5
146,49,1,12,274546.2
147,49,1,11,251667.3
148,49,1,7,161456.8
149,49,1,2.5,57663.2
150,49,1,2,46130.5
153,49,1,2,46289.6
157,49,1,4,92579.1
160,49,1,9,193036.8
162,49,1,1,21448.5
164,49,1,1,21448.5
167,49,1,3,64345.6
169,49,1,4,87631.9
171,49,1,30,657239.6
172,49,0,30,802344.2
174,49,1,9,214637.6
178,49,1,1,22563.2
180,49,1,1,22563.2
181,49,1,5,112815.9
183,49,1,6,159942.6
184,49,1,31,826369.9
185,49,1,22,586456.1
186,49,1,31,826369.9
187,49,1,7,186599.7
188,49,1,4,91193.6
194,49,1,4,102402.9
195,49,1,4,102402.9
197,49,1,3,76802.1
200,49,1,2,51482.3
202,49,1,1,25741.2
203,49,1,1,21783.2
204,49,1,11,239614.7
205,49,1,7,152482.1
206,49,1,2,43566.3
213,49,1,2,47252.3
214,49,1,1,23626.1
217,49,1,6,141756.8
225,49,1,4,91180.7
228,49,1,2,45388.1
239,49,1,1,20875.8
242,49,1,3,62627.5
243,49,1,1,20875.8
244,49,1,2,41751.7
247,49,1,1,20875.8
248,49,1,2,48664.3
249,49,1,2,48664.3
253,49,1,4,97328.6
5,50,1,2,46350.2
7,50,1,1,23175.1
10,50,1,5,159588.9
11,50,1,13,414931.2
13,50,1,2,53043.6
22,50,1,1,32096.3
24,50,1,4,114470.4
28,50,1,10,276175.1
29,50,0,27,629657.6
30,50,1,19,524732.8
31,50,0,69,1596037.7
32,50,1,3,82852.5
38,50,1,2,47667.8
42,50,1,3,71501.8
43,50,1,3,71501.8
58,50,1,2,42511.5
60,50,1,1,21255.8
62,50,1,4,85023
66,50,1,2,42511.5
67,50,1,3,63767.3
68,50,1,3,75203.8
69,50,1,5,125339.6
70,50,1,15,376018.9
71,50,1,1,25067.9
74,50,1,7,152373
91,50,1,4,104656.7
92,50,1,3,78492.5
97,50,1,1,26164.2
98,50,1,5,132483.8
99,50,1,1,26496.8
101,50,1,3,79490.3
102,50,0,48,1213186
103,50,0,62.5,1585654.6
104,50,0,65,1554772.6
105,50,0,28,568920.4
106,50,0,50,1105393.7
107,50,0,22,531890.5
108,50,1,4,91101.8
109,50,1,4,91101.8
110,50,1,2,45550.9
114,50,1,12,334272.3
115,50,1,11,306416.3
116,50,1,12,334272.3
117,50,1,18,501408.4
120,50,1,5,118237.5
122,50,1,2,47295
123,50,1,11,288882.5
137,50,1,4,102201.9
139,50,1,6,141868.7
140,50,1,1,23644.8
141,50,1,14,331027
142,50,1,21,496540.5
143,50,0,41,859034.1
144,50,0,23,545708.2
145,50,0,29,623336.7
146,50,1,14,320303.9
148,50,1,4,92261
153,50,1,7,162013.4
154,50,1,2,46289.6
157,50,1,1,23144.8
158,50,1,2,42897.1
169,50,1,5,109539.9
171,50,1,4,87631.9
172,50,0,34,774561.7
173,50,0,53,1249622.8
175,50,1,5,119243.1
177,50,1,2,47697.3
183,50,1,4,106628.4
185,50,1,25,666427.3
186,50,1,4,106628.4
188,50,1,2.5,56996
195,50,1,8,204805.7
196,50,1,2,51201.4
198,50,1,4,102964.6
201,50,1,1,25741.2
202,50,1,2,51482.3
205,50,1,3,65349.5
210,50,1,2,47252.3
212,50,1,2,47252.3
214,50,1,4,94504.5
219,50,1,6,140752.7
220,50,1,2,46917.6
221,50,1,1,23458.8
225,50,1,3,68385.5
226,50,1,5,113975.8
227,50,0,34,685641.2
228,50,1,5,113470.2
229,50,1,3,68082.1
241,50,1,1,20875.8
242,50,1,5,104379.2
243,50,1,2,41751.7
244,50,1,2.5,52189.6
245,50,1,1,20875.8
246,50,1,2,41751.7
249,50,1,2,48664.3
252,50,1,2,48664.3
1,51,1,6,139050.6
2,51,1,2,46350.2
4,51,1,5,115875.5
5,51,1,2,46350.2
6,51,1,4,92700.4
9,51,1,6,191506.7
10,51,1,4,127671.1
11,51,1,2,63835.6
28,51,1,1,27617.5
29,51,1,1,27617.5
30,51,0,68.5,1432776
31,51,0,44,1233840.9
32,51,0,52.5,1251108.6
41,51,1,2,47667.8
46,51,1,2,47667.8
47,51,1,2,47667.8
51,51,1,5,130491
56,51,1,5,130491
69,51,1,1,25067.9
70,51,1,11,275747.2
71,51,1,7,175475.5
74,51,1,3,65302.7
78,51,1,5,126282.9
90,51,1,1,26164.2
91,51,1,3,78492.5
97,51,1,1,26164.2
99,51,1,4,105987
101,51,1,12,317961.1
102,51,0,54,1327633
103,51,0,50,1398415.9
104,51,1,2,49732.9
105,51,0,34,888017
106,51,0,32,901479.6
107,51,1,16,397863
108,51,0,42,1142856.4
109,51,1,12,273305.4
110,51,1,1,22775.5
111,51,1,4,91101.8
112,51,1,10,227754.5
113,51,1,5,139280.1
131,51,1,2,47204
132,51,1,4,94408
133,51,1,3,76651.4
139,51,1,6,141868.7
140,51,1,3,70934.4
141,51,1,13,307382.2
142,51,0,47,1116403.3
143,51,0,30,736054.4
144,51,0,48,1001336.6
145,51,0,23.5,433713.5
147,51,1,6,137273.1
149,51,1,4,92261
153,51,1,8,185158.2
154,51,1,1,23144.8
156,51,1,4,92579.1
157,51,1,2,46289.6
159,51,1,2,42897.1
162,51,1,2,42897.1
167,51,1,1,21448.5
168,51,1,4,87631.9
169,51,1,2,43816
170,51,1,7,153355.9
172,51,1,1,21908
173,51,0,37,1150549
183,51,1,8,213256.7
185,51,1,8,213256.7
188,51,1,3,68395.2
189,51,1,9,205185.5
191,51,1,1,22798.4
192,51,1,13,296379.1
195,51,1,8,204805.7
201,51,1,2,51482.3
202,51,1,3,77223.5
204,51,1,4,87132.6
205,51,1,5,108915.8
206,51,1,1,21783.2
207,51,1,3,65349.5
213,51,1,2,47252.3
215,51,1,4,94504.5
221,51,1,5,117293.9
225,51,1,1,22795.2
226,51,1,3.5,79783.1
227,51,1,19,433108.1
228,51,1,69.5,1577235.9
229,51,1,5,113470.2
233,51,1,2,46774.1
236,51,1,7,163709.4
237,51,1,2,46774.1
241,51,1,4,83503.4
246,51,1,2,41751.7
251,51,1,2,48664.3
253,51,1,5,121660.8
0,52,1,2,45962.1
2,52,1,2,45962.1
5,52,1,1,22981
6,52,1,10,229810.4
7,52,1,4,91924.2
8,52,1,2,54742.5
11,52,1,5,136856.3
23,52,1,1,23394.4
25,52,1,4,93577.5
27,52,1,2,46788.7
28,52,1,1,28304.8
29,52,1,3,84914.3
30,52,1,3,84914.3
31,52,0,32,736266.4
32,52,1,11,311352.5
46,52,1,2,52885.3
47,52,1,4,105770.6
61,52,1,9,212033.5
69,52,1,6,123512.2
70,52,1,3,61756.1
71,52,1,5,102926.8
72,52,1,2,41170.7
80,52,1,3,66235.4
82,52,1,2,44156.9
83,52,1,3,66235.4
85,52,1,5,110392.3
89,52,1,26,631811.8
90,52,1,4.5,109352
92,52,1,4,97201.8
100,52,1,9,234547.4
102,52,1,7,182425.8
103,52,1,3,77912.1
104,52,1,4,103882.9
105,52,1,14,363590
106,52,1,2,51941.4
108,52,1,14,365457.7
109,52,1,3,78312.4
110,52,1,3,78312.4
111,52,1,5.5,143572.7
125,52,1,1,23374.4
126,52,1,19,444112.8
131,52,1,3,74696.5
132,52,1,14,348583.8
136,52,1,1,25961
137,52,1,5,129804.8
138,52,1,2,50483.8
139,52,1,12,302903.1
140,52,0,25,625052.6
142,52,1,12,302903.1
143,52,0,51,1014212.2
144,52,0,50,906090.6
145,52,0,66,1466124.6
147,52,1,1,23761.5
149,52,1,4,93400.6
151,52,1,3,70050.4
153,52,1,1,23299.8
159,52,1,4,102752.4
166,52,1,2,46684.6
167,52,1,1,23342.3
169,52,1,4,112171.4
170,52,1,2,56085.7
173,52,1,17,429579.5
174,52,1,1,25269.4
175,52,1,3,75808.1
178,52,1,4,92558.7
180,52,1,1,23139.7
183,52,1,1,22494
184,52,1,15,337410.5
188,52,1,3,69212.4
189,52,1,3,69212.4
191,52,1,4,92283.3
192,52,1,5,115354.1
198,52,1,1,25333.1
199,52,1,9,227997.8
200,52,1,15,379996.3
201,52,1,6,151998.5
203,52,1,7,176688.2
206,52,1,4,100964.7
207,52,1,7,176688.2
208,52,1,2,52031.3
210,52,1,3,78046.9
212,52,1,1,26015.6
216,52,1,1.5,37778.3
226,52,1,2.5,53602.8
227,52,1,8,171528.9
228,52,1,17,371314.4
234,52,1,2,40873.4
236,52,1,9,183930.5
237,52,1,8,163493.8
254,52,1,3,63830.2
0,53,1,2,45962.1
1,53,1,2,45962.1
3,53,1,1,22981
7,53,1,2,45962.1
9,53,1,1,27371.3
23,53,1,4,93577.5
24,53,1,1,23394.4
26,53,1,2,46788.7
27,53,1,3,70183.1
28,53,1,5,141523.9
32,53,1,3,84914.3
38,53,1,3,66602.3
42,53,1,8,177606.2
44,53,1,4,105770.6
45,53,1,2,52885.3
46,53,1,2,52885.3
47,53,1,1,26442.6
60,53,1,4,94237.1
61,53,1,1,23559.3
66,53,1,2,47118.6
67,53,1,3,70677.8
69,53,1,1,20585.4
71,53,1,3,61756.1
81,53,1,7,154549.2
89,53,1,2,48600.9
90,53,1,7,170103.2
92,53,1,1,24300.5
98,53,1,2,52121.6
101,53,1,17,443034
102,53,1,13,338790.7
106,53,1,1,25970.7
107,53,1,2,51941.4
109,53,1,6,156624.7
126,53,1,6,140246.1
127,53,1,15.5,362302.5
131,53,1,6,149393
132,53,1,4,99595.4
133,53,1,2,51921.9
136,53,1,1,25961
137,53,1,3,77882.9
139,53,1,14,353386.9
140,53,0,26.5,753544
141,53,1,1,25241.9
142,53,1,2,50483.8
143,53,1,5,118807.6
144,53,0,66.5,1399615.7
145,53,0,35,761500.3
146,53,1,1,23761.5
149,53,1,3,70050.4
150,53,1,5,116750.7
151,53,1,15,350252.2
152,53,1,1,23350.1
153,53,1,1,23299.8
157,53,1,5,116498.8
160,53,1,3,77064.3
163,53,1,5,116711.5
164,53,1,2,46684.6
166,53,1,11.5,268436.5
167,53,1,3,70026.9
169,53,1,2,56085.7
170,53,1,8,224342.8
171,53,1,1,28042.8
172,53,1,2,56085.7
173,53,1,5,126346.9
176,53,1,2,50538.8
181,53,1,4,92558.7
183,53,1,9,202446.3
184,53,1,23.5,528609.8
185,53,1,15.5,348657.5
186,53,1,4,89976.1
188,53,1,2,46141.6
189,53,1,2,46141.6
192,53,1,7,161495.7
193,53,1,3,65274
196,53,1,1,21758
197,53,1,7,152306.1
199,53,0,48,1062057.4
200,53,0,32,808131.1
201,53,0,37.5,825800.3
202,53,1,13,329330.2
203,53,1,19,479582.3
206,53,1,4,100964.7
207,53,1,1,25241.2
210,53,1,3,78046.9
213,53,1,2,50371.1
214,53,1,1,25185.6
215,53,1,2,50371.1
219,53,1,4,85764.5
224,53,1,2,42882.2
228,53,1,4,87368.1
230,53,1,4,87368.1
231,53,1,4,87368.1
235,53,1,8,163493.8
236,53,1,1,20436.7
240,53,1,1,26823.2
242,53,1,3,80469.5
247,53,1,1,26823.2
251,53,1,5,106298.7
253,53,1,2,42553.4
254,53,1,3,63830.2
255,53,1,2,42553.4
5,54,1,5,114905.2
6,54,1,4,91924.2
9,54,1,2,54742.5
22,54,1,2,46788.7
25,54,1,6,140366.2
29,54,1,2,56609.6
33,54,1,5,124579.7
35,54,1,7,174411.6
37,54,1,4,99663.8
38,54,1,10,222007.7
40,54,1,5.5,122104.2
41,54,1,2,44401.5
42,54,0,24,540175
43,54,1,21,555295.4
47,54,1,2,52885.3
50,54,1,10,235592.8
51,54,1,2,47118.6
58,54,1,2,47118.6
59,54,1,2,47118.6
60,54,1,4,94237.1
66,54,1,2,47118.6
70,54,1,1,20585.4
71,54,1,1,20585.4
72,54,1,10,205853.6
73,54,1,7,173653.8
74,54,1,5,124038.4
75,54,1,4,99230.7
79,54,1,5,110392.3
84,54,1,1,22078.5
85,54,1,2,44156.9
87,54,1,1,22078.5
88,54,1,4,97201.8
89,54,1,14,340206.4
91,54,1,2,48600.9
97,54,1,2,39692.4
99,54,1,1.5,39091.2
102,54,1,8,208486.6
103,54,1,2,51941.4
104,54,1,2,51941.4
106,54,1,5,129853.6
107,54,1,1,25970.7
108,54,1,9,234937.1
109,54,0,24,616641.7
127,54,1,5,116871.8
136,54,1,1,25961
138,54,1,6,151451.5
139,54,1,2,50483.8
141,54,1,3,75725.8
143,54,1,16,380184.3
144,54,0,27,584521.2
145,54,1,9,213853.7
148,54,1,6,140100.9
149,54,1,1,23350.1
151,54,1,24.5,572078.6
152,54,1,9,210151.3
153,54,1,6,139798.5
155,54,1,1,23299.8
163,54,1,3,70026.9
164,54,1,4,93369.2
165,54,1,2,46684.6
167,54,1,4,93369.2
168,54,1,4,112171.4
169,54,0,24,510422.3
172,54,1,2,56085.7
173,54,1,6,151616.3
176,54,1,3,75808.1
177,54,1,3,75808.1
178,54,1,6,138838
185,54,1,10,224940.3
186,54,1,6,134964.2
187,54,1,4,89976.1
188,54,1,1,23070.8
189,54,1,7,161495.7
192,54,1,2,46141.6
193,54,1,5,108790
196,54,1,2,43516
198,54,1,13,329330.2
199,54,0,60,1394082
200,54,0,78.5,1855861.6
201,54,0,70.5,1583987.5
202,54,0,23,498151.1
204,54,1,2,50482.3
205,54,1,5,126205.9
206,54,1,2,50482.3
207,54,1,5,126205.9
209,54,1,4,104062.6
214,54,1,3.5,88149.4
220,54,1,1,21441.1
222,54,1,2,42882.2
241,54,1,1,26823.2
252,54,1,7,148818.2
254,54,1,2,42553.4
1,55,1,1,22981
2,55,1,1,22981
3,55,1,4,91924.2
24,55,1,2,46788.7
25,55,1,1,23394.4
28,55,1,3,84914.3
35,55,1,4,99663.8
37,55,1,4,99663.8
42,55,1,2,44401.5
43,55,1,12,317311.7
47,55,1,2,52885.3
67,55,1,6,141355.7
68,55,1,2,41170.7
72,55,1,13.5,277902.4
73,55,1,16,396922.9
74,55,1,14,347307.5
75,55,1,6,148846.1
78,55,1,2,44156.9
79,55,1,5,110392.3
80,55,1,1,22078.5
82,55,1,1,22078.5
86,55,1,1,22078.5
88,55,1,2,48600.9
91,55,1,2,48600.9
92,55,1,10,243004.6
93,55,1,5,99231
95,55,1,3,59538.6
96,55,1,7,138923.4
97,55,1,10,198461.9
98,55,1,10.5,273638.6
99,55,1,6.5,169395.3
102,55,1,4,104243.3
103,55,1,8,207765.7
104,55,1,2,51941.4
105,55,1,4,103882.9
108,55,0,23,541696.4
109,55,1,19,495978.3
110,55,1,4,104416.5
128,55,1,12,298786.1
129,55,1,16,398381.5
130,55,1,12,298786.1
131,55,1,5,124494.2
134,55,1,2,51921.9
135,55,1,12,311531.5
136,55,1,3,77882.9
139,55,1,4,100967.7
140,55,1,11,277661.1
141,55,1,8,201935.4
142,55,1,3,75725.8
143,55,1,1,23761.5
144,55,0,58,1381028.3
146,55,1,6,142569.1
147,55,1,2,47523
151,55,1,2,46700.3
152,55,1,17,396952.5
153,55,1,14,326196.6
154,55,1,7,163098.3
155,55,1,5,116498.8
157,55,1,6,139798.5
159,55,1,3,77064.3
164,55,1,8,186738.4
165,55,1,7,163396.1
166,55,1,1,23342.3
167,55,0,26,625682.5
168,55,0,49.5,1324892.5
169,55,1,21,588899.7
173,55,1,11,277963.2
174,55,1,14,353771.3
175,55,1,8,202155
176,55,1,24,606465.1
191,55,1,2,46141.6
192,55,1,1,23070.8
193,55,1,5,108790
196,55,1,1,21758
197,55,1,1,21758
198,55,1,4,101332.4
199,55,0,45,1112518
200,55,0,31,773300
201,55,0,62,1394850.1
202,55,1,1,25333.1
203,55,1,2,50482.3
204,55,1,2,50482.3
208,55,1,1,26015.6
209,55,1,2,52031.3
210,55,1,1,26015.6
211,55,1,4,104062.6
218,55,1,2,42882.2
235,55,1,2,40873.4
239,55,1,2,53646.3
245,55,1,1,26823.2
246,55,1,3,80469.5
251,55,1,1,21259.7
3,56,1,4,91924.2
4,56,1,3,68943.1
5,56,1,1,22981
21,56,1,1,23394.4
23,56,1,2,46788.7
25,56,1,13,304126.9
26,56,1,6,140366.2
34,56,1,1,24915.9
36,56,1,1,24915.9
40,56,1,4,88803.1
41,56,1,4,88803.1
43,56,1,5,132213.2
57,56,1,2,47118.6
67,56,1,1,23559.3
69,56,1,4,82341.4
70,56,1,2,41170.7
71,56,1,2,41170.7
73,56,1,1,24807.7
74,56,1,16,396922.9
75,56,0,30,654403.9
76,56,0,27,548180.8
77,56,1,2,49615.4
78,56,1,8,176627.7
79,56,1,4,88313.8
80,56,1,2,44156.9
81,56,1,2,44156.9
86,56,1,3,66235.4
90,56,1,2,48600.9
93,56,1,2,39692.4
95,56,1,2,39692.4
97,56,1,1,19846.2
98,56,1,9,234547.4
99,56,1,15,390912.3
100,56,1,1,26060.8
102,56,1,4,104243.3
103,56,0,27,869509.6
104,56,1,12,311648.6
108,56,0,24,648279.9
109,56,1,2,52208.2
128,56,0,28.5,653100.4
129,56,0,46,980134
130,56,0,41.5,881416.7
131,56,1,17,423280.3
135,56,1,7,181726.7
136,56,1,6,155765.7
139,56,1,3,75725.8
140,56,1,1,25241.9
141,56,1,3,75725.8
144,56,1,17,403945.8
146,56,1,16,380184.3
148,56,1,2,46700.3
156,56,1,2,46599.5
157,56,1,6,139798.5
158,56,1,1,25688.1
159,56,1,3,77064.3
160,56,1,1,25688.1
166,56,1,3,70026.9
167,56,1,12,280107.7
168,56,1,27,757156.8
169,56,1,22,616942.6
172,56,0,39,1080351.6
173,56,1,24,606465.1
174,56,1,1,25269.4
178,56,1,2,46279.3
179,56,1,19,439653.8
180,56,1,21,485933.1
187,56,1,2,44988.1
189,56,1,2,46141.6
192,56,1,1,23070.8
193,56,1,3,65274
194,56,1,1,21758
195,56,1,1,21758
196,56,1,12,261096.1
197,56,1,3,65274
198,56,1,4.5,113998.9
199,56,0,43,968659.2
200,56,1,11,278664
201,56,1,6,151998.5
204,56,1,5,126205.9
208,56,1,12,312187.7
209,56,1,21.5,559336.4
210,56,1,3,78046.9
213,56,1,1.5,37778.3
220,56,1,2,42882.2
221,56,1,4,85764.5
222,56,1,2,42882.2
223,56,1,5,107205.6
231,56,1,4.5,98289.1
235,56,1,5,102183.6
239,56,1,2,53646.3
246,56,1,6,160938.9
251,56,1,23,488974.2
252,56,1,8,170078
255,56,1,3,63830.2
1,57,1,1,27461.5
2,57,1,5,137307.5
3,57,1,2,69234.3
4,57,1,12,415405.8
5,57,1,9,311554.3
6,57,1,3,103851.4
22,57,1,5,116971.9
24,57,1,4,114873.4
30,57,1,1,24915.9
32,57,1,8,199327.6
34,57,1,4,92667.4
36,57,1,1,23166.9
40,57,1,2,47594.8
42,57,1,4,95189.6
43,57,1,2,47594.8
44,57,1,3,71392.2
71,57,1,3,85839.8
73,57,1,8,170044.2
74,57,0,46,1150697.7
75,57,0,31,692505.3
76,57,0,39,1029268.3
77,57,1,13,276321.9
78,57,0,46,1067569.2
79,57,1,23,589771.9
80,57,1,2,51284.5
81,57,1,3,76926.8
85,57,1,5,123148.1
92,57,1,3,78839.4
93,57,1,11,316022.7
97,57,1,9,258564.1
98,57,1,2,47754
102,57,1,1,23877
103,57,1,13,369912.4
104,57,0,27,765934.9
107,57,1,7,199183.6
108,57,0,32,770581.1
109,57,1,10,278312.3
110,57,1,3,83493.7
128,57,0,21,559164.2
129,57,0,20,418973.9
130,57,1,2,57731
131,57,1,14,404117.2
144,57,1,5.5,135039.3
145,57,1,7,171868.2
148,57,1,2,54442.2
154,57,1,6,163326.5
161,57,1,2,54455
162,57,1,1,27227.5
164,57,1,5,128440.5
169,57,1,8,195889.2
170,57,1,7,171403.1
172,57,0,56,1462064.6
173,57,0,45,1246457.3
174,57,0,66.5,1453807
177,57,1,10,231338.8
180,57,1,20,461012.4
191,57,1,6,133784.5
195,57,1,1,22297.4
197,57,1,1,22297.4
199,57,1,15,383094.5
200,57,1,6,153237.8
204,57,1,5,127698.2
208,57,1,1,25185.6
212,57,1,1,25185.6
213,57,1,1,24587.2
215,57,1,1,24587.2
219,57,1,7,169726.1
222,57,1,3,72739.7
227,57,1,2,41843.5
231,57,1,3,72897.1
240,57,1,1,23782.8
241,57,1,4,95131.2
248,57,1,1,22362.6
250,57,1,4,89450.3
251,57,1,6,134175.5
252,57,0,37,609871.2
254,57,1,10,218241.4
1,58,1,4,109846
2,58,1,1,27461.5
3,58,0,27,935685
4,58,1,28,969280.2
5,58,1,9,311554.3
22,58,1,1,23394.4
24,58,1,7.5,215387.6
25,58,1,12,344620.1
31,58,1,3,74747.8
32,58,1,5,124579.7
55,58,1,3,70677.8
61,58,1,6,141355.7
63,58,1,1,22045.7
64,58,1,10,220456.9
65,58,1,4,88182.8
69,58,1,6,171679.7
74,58,0,17,423701
75,58,1,16,340088.4
76,58,1,16,340088.4
77,58,0,28,831346.1
78,58,1,11,282064.8
79,58,1,9,230780.3
80,58,1,15,384633.8
82,58,1,8,205138
85,58,1,2,49259.2
87,58,1,1,24629.6
93,58,1,4,114917.4
94,58,0,31.5,807291.7
95,58,1,2,57458.7
96,58,1,11,316022.7
97,58,1,9,258564.1
98,58,1,8,191016.2
99,58,1,11,262647.3
103,58,1,15,426822
104,58,1,11,313002.8
105,58,1,2,56909.6
107,58,0,23,621946.3
108,58,0,29.5,748371.7
109,58,1,2,55662.5
110,58,1,7,194818.6
127,58,1,5,148672.1
128,58,0,30,844205
129,58,0,26,734927.2
130,58,1,11,317520.7
131,58,1,19,548444.8
132,58,1,5,144327.6
135,58,1,4,101503.6
136,58,1,2,50751.8
137,58,1,2,50751.8
145,58,1,6,147315.6
147,58,1,3,73657.8
154,58,1,1,27221.1
158,58,1,1,27227.5
161,58,1,1,27227.5
163,58,1,2,51376.2
167,58,1,2,51376.2
170,58,1,16,391778.5
171,58,1,2,48972.3
172,58,0,53,1329319.8
173,58,0,52,1370092
174,58,0,46,696624.5
175,58,1,4,92535.5
176,58,1,5,115669.4
177,58,0,48,1188869.2
178,58,1,5,115253.1
179,58,1,13,299658.1
180,58,1,11,253556.8
191,58,1,4,89189.6
194,58,1,2,44594.8
195,58,1,9,200676.7
199,58,1,10,255396.4
200,58,1,2,51079.3
201,58,1,1,25539.6
202,58,1,1,25539.6
203,58,1,5,127698.2
214,58,1,9,221284.5
215,58,1,5,122935.9
219,58,1,1,24246.6
220,58,1,1,24246.6
222,58,1,5,121232.9
223,58,1,3,62765.2
224,58,1,2,41843.5
226,58,1,5,104608.7
231,58,1,3,72897.1
239,58,1,1,23782.8
240,58,1,2,47565.6
250,58,1,1,22362.6
251,58,1,4,89450.3
252,58,1,5.5,122994.2
253,58,1,5,109120.7
254,58,1,6,130944.8
255,58,1,2,43648.3
1,59,1,8,219692
2,59,1,1,27461.5
3,59,0,32,960676.7
4,59,0,29,893690.3
5,59,1,2,69234.3
21,59,1,2,46788.7
22,59,1,2,46788.7
23,59,1,2,57436.7
25,59,1,1,28718.3
32,59,1,9,224243.5
33,59,1,7,162168
34,59,1,2,46333.7
35,59,1,3,69500.6
36,59,1,5,115834.3
53,59,1,4,94237.1
60,59,1,16,376948.5
64,59,1,1,22045.7
65,59,1,3,66137.1
69,59,1,3,85839.8
73,59,1,3,63766.6
75,59,1,25,531388.2
76,59,1,5,106277.6
78,59,1,2,51284.5
79,59,1,2,51284.5
80,59,1,1,25642.3
81,59,1,2,51284.5
85,59,1,11,270925.8
86,59,1,6,147777.7
89,59,1,1,26279.8
90,59,1,17,446756.5
91,59,1,22,578155.4
92,59,1,6,157678.8
93,59,1,12,344752.1
94,59,1,17,488398.8
95,59,1,16,459669.4
96,59,1,4.5,129282
97,59,1,4,114917.4
103,59,1,4,113819.2
104,59,0,14,397730.8
105,59,1,11,313002.8
106,59,1,2,56909.6
107,59,1,7,199183.6
108,59,1,9,250481
109,59,1,5,139156.1
110,59,1,8,222649.8
126,59,1,1,29734.4
127,59,1,14,416281.8
128,59,1,3,86596.5
130,59,1,14,404117.2
131,59,1,8,230924.1
132,59,1,3,86596.5
135,59,1,2,50751.8
139,59,1,1,19658.8
142,59,1,2,39317.7
145,59,1,3,73657.8
147,59,1,2,49105.2
148,59,1,1,27221.1
150,59,1,4,108884.3
151,59,1,2,54442.2
157,59,1,4,108884.3
161,59,1,1,27227.5
162,59,1,2.5,68068.8
166,59,1,8,205504.8
169,59,1,5,122430.8
170,59,1,25,612153.9
171,59,1,13,318320
172,59,0,63,1491038.7
173,59,0,61.5,1408951.9
174,59,1,13,300740.5
175,59,1,8,185071.1
176,59,1,3,69401.6
177,59,1,2,46267.8
186,59,1,2,46101.2
199,59,1,1,25539.6
206,59,1,4,102158.5
210,59,1,2,50371.1
215,59,1,3,73761.5
219,59,1,2.5,60616.5
220,59,1,5,121232.9
225,59,1,7,146452.2
232,59,1,1,24299
239,59,1,2,47565.6
250,59,1,12,268351
251,59,1,7,156538.1
252,59,1,21,469614.2
253,59,1,4,87296.6
255,59,1,1,21824.1
2,60,1,6.5,178499.7
3,60,0,22,654681.5
4,60,1,16.5,571183
5,60,1,1,34617.1
21,60,1,1,23394.4
23,60,1,23,660521.9
24,60,1,1,28718.3
32,60,1,4,99663.8
37,60,1,2,46333.7
38,60,1,2,47594.8
46,60,1,2,47594.8
66,60,1,2,44091.4
67,60,1,2,44091.4
71,60,1,1,28613.3
76,60,1,3,63766.6
82,60,1,3,76926.8
84,60,1,2,49259.2
86,60,1,14,344814.7
87,60,1,4,98518.5
88,60,1,3,78839.4
90,60,1,10,262797.9
91,60,0,31,832601.1
92,60,0,40,937555.7
93,60,1,11,316022.7
94,60,1,3,86188
95,60,1,13,373481.4
96,60,1,17,488398.8
107,60,1,5,142274
108,60,1,2,55662.5
126,60,1,8,237875.3
127,60,1,17,505485
129,60,1,1,28865.5
130,60,1,18,519579.3
131,60,1,21,606175.8
132,60,1,3,86596.5
133,60,1,11,279135
134,60,1,5,126879.5
135,60,1,8,203007.3
136,60,1,9,228383.2
139,60,1,5,98294.2
142,60,1,2,39317.7
145,60,1,19,466499.4
146,60,1,2,49105.2
148,60,1,7.5,204158.1
149,60,1,4,108884.3
150,60,1,3,81663.2
154,60,1,3,81663.2
156,60,1,2,54442.2
157,60,1,2,54442.2
159,60,1,1,27227.5
160,60,1,4,108910.1
165,60,1,1,25688.1
166,60,1,2,51376.2
172,60,1,14,342806.2
173,60,0,47.5,972803.7
174,60,0,74,1138842.7
176,60,1,7,161937.2
177,60,1,1,23133.9
182,60,1,2,46101.2
186,60,1,3,69151.9
187,60,1,2,46101.2
190,60,1,2,44594.8
191,60,1,3,66892.2
192,60,1,2,44594.8
193,60,1,2,44594.8
199,60,1,2,51079.3
203,60,1,2,51079.3
204,60,1,3,76618.9
205,60,1,2,51079.3
207,60,1,5,127698.2
209,60,1,15,377783.3
212,60,1,2,50371.1
214,60,1,10,245871.7
215,60,1,1,24587.2
216,60,1,8,196697.4
218,60,1,8,193972.7
219,60,1,1,24246.6
220,60,1,3,72739.7
228,60,1,2,48598.1
231,60,1,5,121495.2
233,60,1,1,21842
236,60,1,5,109210.1
239,60,1,4,95131.2
241,60,1,9,214045.2
242,60,1,2,47565.6
249,60,1,15.5,346620
250,60,0,40,786869.1
251,60,0,31,641357.2
252,60,0,37,737933.5
253,60,1,28,611075.9
255,60,1,2,43648.3
1,61,1,16,439383.9
2,61,0,34,891059
3,61,1,22,761577.3
23,61,1,13,373338.5
24,61,1,2,57436.7
37,61,1,9,208501.8
41,61,1,5,118987
46,61,1,5,118987
50,61,1,4,94237.1
59,61,1,3,70677.8
61,61,1,1,23559.3
63,61,1,6,132274.1
68,61,1,1,28613.3
69,61,1,1,28613.3
70,61,1,1,28613.3
81,61,1,1,25642.3
83,61,1,7,172407.4
85,61,1,9,221666.6
87,61,1,12,295555.5
90,61,1,2,52559.6
91,61,1,11,289077.7
92,61,1,21,551875.7
93,61,1,6,172376
94,61,1,12,344752.1
95,61,0,29,866621.2
96,61,1,22.5,646410.1
126,61,1,2,59468.8
127,61,1,2,59468.8
128,61,1,6,173193.1
129,61,1,3,86596.5
132,61,1,10,288655.2
133,61,1,27,685149.5
134,61,1,7,177631.4
135,61,1,4,101503.6
136,61,1,3,76127.7
139,61,1,3,58976.5
140,61,1,2,39317.7
141,61,1,3,58976.5
146,61,0,40,1023643.1
147,61,1,20,491052
150,61,1,4,108884.3
157,61,1,7,190547.6
158,61,1,1,27227.5
160,61,1,2,54455
161,61,1,1,27227.5
163,61,1,1,25688.1
164,61,1,1,25688.1
170,61,1,6,146916.9
171,61,1,2,48972.3
173,61,0,32,725555.8
174,61,0,54.5,1297206.5
176,61,1,9,208204.9
177,61,1,11.5,266039.6
179,61,1,4,92202.5
184,61,1,10,230506.2
186,61,1,6,138303.7
190,61,1,7,156081.9
193,61,1,1,22297.4
194,61,1,6,133784.5
195,61,1,1,22297.4
201,61,1,11,280936
212,61,1,3,75556.7
219,61,1,3,72739.7
220,61,0,32.5,569041.5
221,61,1,10,242465.8
225,61,1,6,125530.5
226,61,1,3,62765.2
228,61,1,1,24299
230,61,1,5,121495.2
231,61,1,1,24299
235,61,1,5,109210.1
236,61,1,5,109210.1
237,61,1,4,87368.1
240,61,1,2,47565.6
246,61,1,2,53646.3
247,61,1,6,160938.9
248,61,1,3,67087.7
249,61,0,26,557123.9
250,61,0,50.5,1032233.7
251,61,0,43,848727.3
252,61,1,5,111812.9
253,61,1,2,43648.3
255,61,1,3,65472.4
0,62,1,8,227649.4
1,62,1,7,199193.3
2,62,0,65.5,1587030.4
3,62,1,41.5,1484865.5
4,62,1,2,71559.8
22,62,1,1,29011.1
23,62,1,5,120695.8
24,62,1,7,168974.1
34,62,1,3,63167.7
40,62,1,3,64120.6
45,62,1,4,107207.1
46,62,1,1,26801.8
56,62,1,6,156072.2
58,62,1,3,57626.8
62,62,1,1,19208.9
69,62,1,4,82201.3
73,62,1,1,30911.5
76,62,1,4,123646
77,62,1,5,154557.5
86,62,1,1,25397.5
87,62,1,7,177782.7
90,62,1,10,244625
91,62,1,10,244625
94,62,0,23,534060.2
95,62,0,53,1173678.4
96,62,0,21,710022.9
126,62,1,2,53131.7
127,62,1,4,106263.3
128,62,1,3,71762.6
131,62,1,1,23920.9
138,62,1,5,114658.9
139,62,1,3,68795.4
140,62,1,17,389840.3
141,62,1,8.5,194920.2
142,62,1,6,137590.7
144,62,1,3,71789.2
145,62,1,6,143578.3
146,62,1,8,191437.8
147,62,1,15,358945.8
148,62,1,6,135028.9
153,62,1,4,98157.6
154,62,1,5,122696.9
155,62,1,6,147236.3
158,62,1,1.5,29615
159,62,1,2,39486.6
161,62,1,3,59229.9
167,62,1,7,186463.8
168,62,1,9,209379.2
170,62,1,9,209379.2
171,62,0,45.5,989598.1
172,62,1,1,23264.4
173,62,0,32,860444.9
174,62,0,22,430089.2
175,62,1,1,28368.9
176,62,1,11.5,326241.8
179,62,1,4,85378.8
181,62,1,9,192102.4
182,62,1,1,21344.7
184,62,1,7,177511.8
185,62,1,3,76076.5
189,62,1,7,171431.6
190,62,1,25,612255.6
191,62,1,6,146941.3
197,62,1,1,23001.1
199,62,1,2,46745.4
200,62,1,6,140236.1
201,62,1,4,93490.7
205,62,1,7,158681
206,62,1,4,90674.8
209,62,1,3,84483.2
218,62,1,8,160527.4
219,62,1,21,421384.5
220,62,0,63.5,1491297.1
221,62,1,16,321054.9
222,62,1,12,240791.2
223,62,1,3,69903
225,62,1,1,23301
227,62,1,2,46602
232,62,1,5,118754.3
234,62,1,9,197014.5
235,62,1,15,328357.4
237,62,1,2,43781
242,62,1,3,64782.6
247,62,0,20,437029.7
248,62,0,33,691900.7
249,62,0,56.5,1280885.2
250,62,1,4,94049.9
251,62,1,4,94049.9
0,63,1,4,113824.7
2,63,1,15,426842.7
3,63,1,2,71559.8
22,63,1,11,319121.7
23,63,1,3,72417.5
36,63,1,2,42111.8
40,63,1,1.5,32060.3
43,63,1,2,53603.6
45,63,1,4,107207.1
46,63,1,2,53603.6
47,63,1,4,107207.1
48,63,1,2,49193.3
50,63,1,2,49193.3
56,63,1,4,104048.1
58,63,1,2,38417.8
68,63,1,4,82201.3
69,63,1,2,41100.6
72,63,1,6,123301.9
76,63,1,1,30911.5
80,63,1,2,56268.6
81,63,1,3,84402.9
88,63,1,24,587100
89,63,1,2,48925
91,63,1,14,342475
92,63,1,9,220162.5
93,63,1,1,26876.6
94,63,0,17,462844.5
95,63,0,30.5,771042.5
96,63,0,31,988672.6
97,63,1,11.5,309080.9
127,63,1,4,106263.3
128,63,1,1,23920.9
129,63,1,21,502338
130,63,1,9,215287.7
131,63,1,14,334892
132,63,1,3,71762.6
138,63,1,5,114658.9
148,63,1,1,22504.8
150,63,1,6.5,146281.3
162,63,1,9,177689.8
163,63,1,4,106550.7
166,63,1,5,133188.4
171,63,1,7,162850.5
172,63,1,5,116321.8
173,63,1,7,198582
177,63,1,1,28368.9
178,63,1,11,234791.8
179,63,1,3,64034.1
180,63,1,2,42689.4
183,63,1,12,304306
185,63,1,5,126794.1
186,63,1,2,50717.7
187,63,0,42,841028
188,63,0,60,1233862.7
189,63,1,2,48980.4
190,63,1,15,367353.3
197,63,1,5,115005.3
198,63,1,4,93490.7
199,63,1,4,93490.7
200,63,0,34.5,1024463.2
201,63,0,52.5,1324998.4
203,63,1,7,158681
205,63,1,3,68006.1
210,63,1,6,168966.4
217,63,1,4,90338.9
218,63,1,4,80263.7
220,63,0,20,489054.5
221,63,1,8,160527.4
224,63,1,2,46602
226,63,1,3,69903
227,63,1,5,116505
232,63,1,1,23750.9
233,63,1,7,153233.5
235,63,1,15,328357.4
236,63,1,5,109452.5
237,63,1,4,87562
240,63,1,5,107970.9
244,63,1,3,77086.9
245,63,1,7,179869.4
246,63,1,1,25695.6
247,63,0,22,499976.9
248,63,0,44.5,1151890.8
249,63,0,59,1402239.7
250,63,1,1,23512.5
253,63,1,2,48528.8
0,64,0,55,1514484.6
1,64,1,22,626035.9
2,64,1,16.5,469527
22,64,1,15,435165.9
30,64,1,2,42111.8
38,64,1,3,64120.6
39,64,1,5,106867.7
45,64,1,2,53603.6
48,64,1,2,49193.3
55,64,1,2,52024.1
56,64,1,3,78036.1
61,64,1,1,19208.9
66,64,1,4,76835.7
67,64,1,4,76835.7
68,64,1,4,82201.3
75,64,1,3,92734.5
76,64,1,5,154557.5
80,64,1,2,56268.6
81,64,1,6,168805.9
82,64,1,6,168805.9
83,64,1,10,253975.3
84,64,1,8,203180.2
88,64,1,5,122312.5
90,64,1,1,24462.5
91,64,1,16,391400
92,64,0,28,866460.1
93,64,1,3.5,94068.1
94,64,1,12,322519.2
95,64,1,14.5,389710.7
96,64,0,30,900896.5
97,64,1,13,349395.8
98,64,1,1,26971.9
126,64,1,2,53131.7
129,64,1,11,263129.4
130,64,1,22,526258.9
136,64,1,5,110169.6
138,64,1,3,68795.4
145,64,1,6,143578.3
146,64,1,7,167508
147,64,1,2,47859.4
151,64,1,8,180038.5
152,64,1,4,90019.2
153,64,1,4,98157.6
154,64,1,4,98157.6
155,64,1,2,49078.8
157,64,1,2,49078.8
158,64,1,1,19743.3
159,64,1,4,78973.2
162,64,1,2,39486.6
164,64,1,6,159826.1
166,64,1,6,159826.1
172,64,0,36,961224.8
173,64,1,3,85106.6
183,64,1,1,25358.8
186,64,1,6.5,164832.4
187,64,0,77.5,1688350.4
188,64,0,30,723215.6
189,64,1,1,24490.2
190,64,1,5,122451.1
191,64,1,5,122451.1
193,64,1,5,115005.3
198,64,1,4.5,105177
200,64,1,2,46745.4
205,64,1,1,22668.7
208,64,1,5,140805.4
210,64,1,2,56322.1
216,64,1,7,158093
217,64,1,3,67754.2
218,64,1,2,40131.9
219,64,1,2,40131.9
220,64,1,8,160527.4
221,64,1,1,20065.9
235,64,1,4,87562
236,64,1,8,175124
237,64,1,23,503481.4
238,64,1,1,21594.2
243,64,1,2,51391.2
245,64,1,1,25695.6
248,64,1,2,47025
249,64,1,5,117562.4
251,64,1,5,117562.4
252,64,1,4,94049.9
0,65,0,88,2067691.6
1,65,0,51,1156200.9
22,65,1,12,348132.7
37,65,1,3,63167.7
38,65,1,1,21373.5
39,65,1,1,21373.5
42,65,1,2,42747.1
43,65,1,3,80405.3
46,65,1,3,80405.3
47,65,1,1,26801.8
55,65,1,4,104048.1
58,65,1,1,19208.9
67,65,1,3,57626.8
68,65,1,2,41100.6
69,65,1,4,82201.3
75,65,1,7,216380.5
76,65,1,15,463672.6
77,65,1,3,92734.5
78,65,1,6,168805.9
80,65,1,11,309477.5
81,65,1,10,281343.1
82,65,1,14,393880.4
83,65,1,9,228577.7
84,65,1,2,50795.1
85,65,1,1,25397.5
86,65,1,2,50795.1
87,65,1,4,101590.1
88,65,1,7,171237.5
90,65,1,8,195700
92,65,1,21,513712.5
93,65,1,16,430025.6
94,65,1,8.5,228451.1
95,65,0,35,858746.3
96,65,0,33,772516.5
97,65,0,21,680184
98,65,0,32,893364.4
99,65,1,16,431551.1
129,65,1,3,71762.6
130,65,1,16,382733.7
131,65,1,16,382733.7
132,65,1,5,119604.3
133,65,1,4,88135.7
138,65,1,5,114658.9
141,65,1,1,22931.8
142,65,1,15.5,355442.6
146,65,1,3,71789.2
152,65,1,15,337572.2
153,65,1,21,515327.1
154,65,1,5,122696.9
155,65,1,11,269933.3
156,65,0,35,850945.4
158,65,1,5.5,108588.2
163,65,1,18.5,492797.2
164,65,1,10,266376.8
170,65,1,4,93057.4
171,65,1,5,116321.8
172,65,1,1,23264.4
173,65,1,2,56737.7
177,65,1,1,28368.9
183,65,1,1,25358.8
184,65,1,4,101435.3
192,65,1,4,97960.9
193,65,1,16,368017
194,65,1,2,46002.1
195,65,1,1,23001.1
196,65,1,3,69003.2
197,65,1,2,46002.1
203,65,1,2,45337.4
206,65,1,8,181349.7
211,65,1,3.5,98563.8
221,65,1,2,40131.9
229,65,1,5,118754.3
230,65,1,6,142505.1
235,65,1,8,175124
237,65,1,5,109452.5
238,65,1,2,43188.4
244,65,1,4,102782.5
253,65,1,2,48528.8
255,65,1,2,48528.8
0,66,0,44,1039203.5
1,66,0,37,824717.4
22,66,1,7,203077.4
28,66,1,7,147391.2
29,66,1,2,42111.8
41,66,1,2,42747.1
42,66,1,2,42747.1
48,66,1,3,73789.9
49,66,1,10,245966.5
50,66,1,2,49193.3
51,66,1,2,49193.3
55,66,1,2,52024.1
56,66,1,17,442204.5
58,66,1,2,38417.8
66,66,1,1,19208.9
68,66,1,2,41100.6
69,66,1,5,102751.6
76,66,1,3,92734.5
79,66,1,4,112537.3
80,66,1,3,84402.9
82,66,1,12,337611.8
83,66,1,4,101590.1
87,66,1,1,25397.5
92,66,1,2,48925
93,66,1,10,268766
94,66,1,16,430025.6
95,66,1,8,215012.8
96,66,0,27,764411.7
97,66,0,33,817231.1
98,66,1,14,377607.2
99,66,0,30,836479.7
100,66,0,34,1004591.3
101,66,1,10.5,283205.4
132,66,1,24,574100.6
133,66,1,23,506780.3
134,66,0,23,536204.2
142,66,1,2,45863.6
151,66,1,6,135028.9
152,66,0,34,814233.4
153,66,1,2,49078.8
155,66,0,45,1159016.4
156,66,1,19,466248.4
157,66,1,4,98157.6
158,66,1,1,19743.3
159,66,1,2,39486.6
160,66,1,2,39486.6
161,66,1,6,118459.8
162,66,1,5,98716.5
165,66,1,2,53275.4
166,66,1,1.5,39956.5
167,66,1,9,239739.2
168,66,1,4,93057.4
171,66,0,20,464973.5
172,66,0,68.5,1636131.9
173,66,0,46.5,1025756.7
174,66,1,9,255319.7
183,66,1,4,101435.3
184,66,1,3,76076.5
185,66,1,4,101435.3
186,66,1,5,126794.1
188,66,1,15,367353.3
193,66,1,12,276012.8
194,66,1,8.5,195509
195,66,1,19.5,448520.7
199,66,1,6,140236.1
200,66,1,2,46745.4
204,66,1,3,68006.1
206,66,1,15,340030.6
207,66,1,2,45337.4
209,66,1,4,112644.3
210,66,1,2,56322.1
211,66,1,3,84483.2
213,66,1,6,135508.3
222,66,1,5,100329.6
226,66,1,17,396117
228,66,1,2,47501.7
229,66,1,2,47501.7
230,66,1,3,71252.6
231,66,1,6,142505.1
239,66,1,2,43188.4
244,66,1,18.5,475369
245,66,1,10,256956.2
250,66,1,1,23512.5
0,67,0,73,1430786.4
1,67,0,43,866972.7
2,67,1,5,132324.7
3,67,1,2,71875.6
22,67,1,7,168974.1
23,67,1,1,29901.8
26,67,1,11,328920.2
27,67,1,1,29901.8
28,67,1,2,55121
29,67,1,3,82681.5
34,67,1,2,42111.8
38,67,1,3,71504.1
41,67,1,2,47669.4
47,67,1,1,21373.5
50,67,1,5,133341.1
53,67,1,2,53270.6
54,67,1,2,53270.6
66,67,1,1,19208.9
67,67,1,4,76835.7
75,67,1,8,164754.2
76,67,1,1,20594.3
77,67,1,1,20594.3
94,67,1,9,281915.5
95,67,1,16,501183
96,67,1,10,313239.4
97,67,1,14,438535.2
98,67,0,34,833773.5
99,67,1,11,311663.5
100,67,1,16,453328.7
101,67,1,8,226664.3
102,67,1,1,28333
132,67,1,8,180506.6
133,67,0,35,816674.5
134,67,1,3,68701.3
150,67,1,1,25129.6
151,67,1,10,251296
152,67,1,17.5,439767.9
153,67,1,19,452147
155,67,1,19.5,464045.6
156,67,1,3,71391.6
163,67,1,2,53682
164,67,1,5,134205.1
166,67,1,4,107364.1
167,67,1,17,456297.3
168,67,1,2,53656.4
170,67,1,6,160969.3
171,67,0,37,993165.5
172,67,0,54,1154448.2
173,67,0,54,1232323.3
174,67,1,11,294344.1
176,67,1,10,267585.6
177,67,1,2,53517.1
179,67,1,1,26957.5
183,67,1,5,106723.6
184,67,1,9,192102.4
192,67,1,2,46002.1
194,67,1,5,124228.5
195,67,1,21,521759.5
199,67,1,4,103630.5
202,67,1,7,181353.4
203,67,1,5,128670.3
218,67,1,2,43801.9
219,67,1,1,21901
220,67,1,8,175207.6
221,67,1,2,43801.9
222,67,1,4,87603.8
226,67,1,4,93204
235,67,1,1,22565.6
238,67,1,2,43188.4
239,67,1,3,64782.6
244,67,0,37,761814.8
245,67,1,22,571308.3
247,67,1,3,77905.7
248,67,1,8,236961.8
0,68,0,35,874214.9
1,68,1,10,264649.3
2,68,0,23,694375
3,68,1,7,251564.6
21,68,1,1,24139.2
28,68,1,14,385847.2
29,68,0,17,377653.5
30,68,1,6,165363.1
38,68,1,1,23834.7
47,68,1,2,42747.1
49,68,1,4,106672.9
51,68,1,2,53336.5
54,68,1,3,79905.9
60,68,1,7,170322.7
61,68,1,8,194654.5
62,68,1,5,121659.1
63,68,1,1,19208.9
76,68,1,4,82377.1
80,68,1,1,25397.5
95,68,1,2,62647.9
96,68,1,4,125295.8
97,68,1,10,313239.4
131,68,1,2,45126.6
132,68,1,1,22563.3
133,68,1,2,45800.9
134,68,1,4,91601.7
146,68,1,2,48720.3
150,68,1,4,100518.4
154,68,1,2,47594.4
155,68,1,22,523538.7
156,68,1,3,71391.6
157,68,1,6,142783.3
160,68,1,1,25304.9
161,68,1,3,75914.7
162,68,1,16,404878.5
163,68,1,2,53682
165,68,1,3,80523
167,68,1,4,107364.1
169,68,1,1,26828.2
170,68,1,13,348766.9
171,68,0,37.5,864068.3
172,68,0,64,1789747.4
173,68,0,76.5,1667702.5
174,68,1,23,615446.8
175,68,1,29,775998.2
176,68,1,24,642205.4
177,68,1,4,107034.2
179,68,1,6,161745
182,68,1,9,242617.6
183,68,1,11,234791.8
195,68,1,19,472068.1
196,68,0,62,1470287.2
197,68,0,59,1652625.2
198,68,0,50.5,1031330.1
199,68,0,51,1219130.5
200,68,1,2,51815.3
201,68,0,35.5,843639.4
202,68,1,28,725413.6
203,68,1,22,566149.2
204,68,1,13,334542.7
205,68,1,3,77202.2
207,68,1,2,51468.1
208,68,1,6,157337.6
212,68,1,2,52445.9
221,68,1,5,109504.8
226,68,1,6,139806
233,68,1,1,22565.6
236,68,1,1,22565.6
237,68,1,4,90262.4
238,68,1,9,194347.7
243,68,1,16.5,428481.2
244,68,1,16,415497
245,68,1,3,77905.7
246,68,1,9,233717
247,68,0,44,892233.5
248,68,1,4,118480.9
249,68,1,1,29620.2
252,68,1,2,59240.5
254,68,1,4,97057.6
0,69,0,46,1167299.8
1,69,0,66,1691883.3
2,69,0,37,1129372
3,69,0,33,1034240
4,69,0,25.5,727293.9
5,69,1,11,395315.9
6,69,0,25,906066.8
7,69,1,6,215626.8
9,69,1,4,109485
21,69,1,1,24139.2
28,69,1,12,330726.1
29,69,1,13,358286.6
30,69,1,3,82681.5
32,69,1,7,192923.6
34,69,1,2,42111.8
38,69,1,1,23834.7
39,69,1,5,119173.5
42,69,1,4,95338.8
46,69,1,1,21373.5
47,69,1,4,85494.2
49,69,1,6,160009.4
50,69,0,32.5,621836.7
51,69,1,2,53336.5
53,69,1,2,53270.6
54,69,1,5,133176.4
58,69,1,4,97327.3
61,69,1,13,316313.6
62,69,1,5,121659.1
63,69,1,3,57626.8
64,69,1,1,19208.9
69,69,1,2,41100.6
76,69,1,5.5,113268.5
77,69,1,10,205942.7
127,69,1,17.5,464902
131,69,1,6,135379.9
132,69,1,5,112816.6
133,69,1,1,22900.4
134,69,1,2,45800.9
146,69,1,4,97440.5
154,69,1,2,47594.4
155,69,0,34,934597.8
156,69,1,10,237972.1
157,69,1,9,214174.9
161,69,1,8,202439.3
162,69,1,17,430183.5
163,69,0,48,1338556.6
164,69,1,5,134205.1
168,69,1,1,26828.2
170,69,0,69.5,1431236.6
171,69,0,82,2031408.4
172,69,0,82,2025710
173,69,0,87.5,2334705.7
174,69,1,20,535171.2
175,69,1,17,454895.5
176,69,1,2,53517.1
179,69,0,33.5,991273.2
180,69,1,23,620022.7
187,69,1,3,64034.1
190,69,1,2,46002.1
194,69,1,7,173919.8
195,69,0,31,587714.6
196,69,0,43.5,893001.9
197,69,0,34,811576.9
198,69,0,72.5,1824094
199,69,0,69,1433372.3
200,69,0,60,1315395.6
201,69,0,24,574389.3
202,69,1,6,155445.8
203,69,1,10,257340.5
204,69,1,4,102936.2
209,69,1,4,104891.7
211,69,1,10,262229.3
212,69,1,4,104891.7
214,69,1,4,90338.9
217,69,1,2,45169.4
231,69,1,2,47501.7
233,69,1,6,135393.5
237,69,1,1,22565.6
243,69,1,5,129842.8
244,69,0,62,1375769.6
245,69,0,32.5,627521.7
246,69,0,36.5,914213.6
247,69,0,59,1138472.5
250,69,1,2,59240.5
251,69,1,2,59240.5
253,69,1,4,97057.6
254,69,1,1,24264.4
255,69,1,2,48528.8
0,70,0,70,2121400.9
1,70,0,51,1400671.1
2,70,0,28,839265.4
3,70,1,15.5,557036
4,70,0,20,589154
5,70,0,16,598831.9
6,70,1,10,359378.1
7,70,1,7,251564.6
8,70,1,4,109485
9,70,1,9,246341.3
10,70,1,4,109485
23,70,1,9,269116.5
28,70,1,11,303165.6
32,70,1,6,165363.1
38,70,1,2,47669.4
47,70,1,2,42747.1
50,70,1,9,240014.1
51,70,1,11,293350.5
53,70,1,4,106541.1
62,70,1,12,291981.8
63,70,1,5.5,105649.1
64,70,1,3,57626.8
73,70,1,4,82377.1
125,70,1,2,53131.7
127,70,1,6,159395
128,70,1,3,67690
136,70,1,2,45800.9
137,70,1,3,68701.3
144,70,1,5,121800.7
146,70,1,2,48720.3
151,70,1,3,75388.8
154,70,0,40,1099029.1
155,70,0,41,1101206.9
156,70,0,58.5,1457360.6
157,70,0,42,975549.7
158,70,0,36.5,842303.7
159,70,1,14,354268.7
160,70,1,2,50609.8
162,70,1,6,151829.5
163,70,1,10,268410.1
164,70,1,5,134205.1
165,70,1,6,161046.1
168,70,0,33,754512.9
170,70,0,59,1210077.1
171,70,0,74,2131233.6
172,70,0,112,2514017
173,70,0,66,1473834.6
174,70,1,6,160551.3
175,70,1,9,240827
176,70,1,29,775998.2
178,70,1,14,377405.1
179,70,1,6,161745
180,70,1,4,107830
181,70,1,2,53915
182,70,1,2,53915
192,70,1,1,23001.1
194,70,0,27.5,721226.3
197,70,1,15,372685.4
198,70,0,29,731151.2
199,70,0,22,545194.6
200,70,0,71,1455035.2
201,70,1,14,362706.8
204,70,1,8,205872.4
207,70,1,2,51468.1
208,70,1,1,26222.9
211,70,1,5,131114.6
223,70,1,2,46602
228,70,1,1,23750.9
230,70,1,5,118754.3
234,70,1,1,22565.6
235,70,1,3,67696.8
238,70,1,3,64782.6
240,70,1,3,64782.6
243,70,1,9,233717
244,70,0,104.5,2232998.3
245,70,0,89.5,1844742.5
246,70,0,52.5,1078877.6
247,70,0,43,857663.6
248,70,1,4,118480.9
249,70,1,5.5,162911.2
0,71,0,37.5,967336.8
1,71,0,54.5,1569689.7
2,71,0,22,550489
4,71,1,15,539067.1
5,71,1,9,323440.3
6,71,1,12,431253.7
7,71,0,23,947829.2
8,71,1,8,218970.1
9,71,1,4,109485
26,71,1,4,119607.3
27,71,1,8,239214.7
28,71,1,18,496089.2
33,71,1,2,42111.8
35,71,1,7,147391.2
38,71,1,3,71504.1
40,71,1,4,95338.8
41,71,1,1,23834.7
43,71,1,2,42747.1
45,71,1,9,192361.8
49,71,1,2,53336.5
50,71,1,1,26668.2
52,71,1,8,213345.8
53,71,0,37,824733
54,71,0,27,669280.5
55,71,1,5,133176.4
58,71,1,5,121659.1
59,71,1,1,24331.8
78,71,1,1,25397.5
127,71,1,3,79697.5
128,71,1,9,203069.9
131,71,1,1,22563.3
132,71,1,21.5,485111.4
133,71,1,24,549610.5
134,71,1,2,45800.9
135,71,1,2,45800.9
141,71,1,5,121800.7
144,71,1,3,73080.4
147,71,1,3,73080.4
148,71,1,2,50259.2
150,71,1,18,452332.7
151,71,1,8,201036.8
152,71,1,2,50259.2
153,71,1,8,190377.7
154,71,1,17,404552.6
155,71,0,30.5,759237.8
156,71,0,48.5,1276148.2
157,71,0,91,2098607.9
158,71,0,41,862446.4
159,71,1,16,404878.5
161,71,1,2,50609.8
162,71,1,13,328963.8
163,71,1,4,107364.1
164,71,0,32,810544.7
165,71,0,29,909650
166,71,0,24,688085.9
167,71,1,7,187887.1
168,71,1,10,268282.2
169,71,1,4,107312.9
170,71,0,42.5,911554.8
171,71,0,54,1296594.6
172,71,0,47,1449112.4
174,71,0,56.5,968392.3
175,71,1,14,374619.8
176,71,0,44.5,1163404.5
177,71,0,35,989372.1
178,71,0,23,694645.2
179,71,0,79,2295560.1
180,71,0,34,1013407.7
188,71,1,2,46002.1
190,71,1,6,138006.4
191,71,1,3,69003.2
192,71,1,4,92004.3
194,71,1,15,372685.4
197,71,1,2,49691.4
198,71,1,11,284983.9
199,71,1,12,310891.5
200,71,0,44,995206.1
201,71,0,41,979013.2
202,71,1,7,181353.4
203,71,1,5,128670.3
208,71,1,2,52445.9
210,71,1,3,78668.8
211,71,1,5,131114.6
212,71,1,2,52445.9
217,71,1,1,22584.7
220,71,1,6,131405.7
227,71,1,4,93204
228,71,1,2,47501.7
231,71,1,2,47501.7
232,71,1,4,95003.4
233,71,1,2,45131.2
234,71,1,1,22565.6
236,71,1,1,22565.6
237,71,1,20,451311.8
238,71,1,20,431883.7
239,71,1,1,21594.2
242,71,1,2,43188.4
243,71,1,20,519371.2
244,71,0,43,1174028.4
245,71,0,25.5,598952.6
246,71,1,12,311622.7
247,71,1,18,467434.1
249,71,1,9,266582
252,71,1,1,29620.2
254,71,1,4,97057.6
0,72,0,54,1717051.3
1,72,0,56,1687943.6
2,72,0,23,875807.7
7,72,1,2,73006.1
25,72,1,10,265543.4
26,72,1,14,371760.8
27,72,0,20,561487.2
28,72,1,9,218745.4
29,72,1,5,121525.2
30,72,1,7,170135.3
40,72,1,5,121270.6
46,72,1,6,151310.3
49,72,1,3,73384.7
50,72,1,5,122307.9
51,72,1,5,122307.9
52,72,1,1,24461.6
53,72,1,12,305371.8
54,72,1,12,305371.8
55,72,1,4,101790.6
57,72,1,5,127238.3
60,72,1,2,46168.5
62,72,1,7,161589.9
76,72,1,4,118230.2
126,72,1,3,88672.7
127,72,1,7,206902.9
132,72,1,17,429845.7
133,72,0,37,770593.7
134,72,1,16,464316.2
141,72,1,5,134630.5
143,72,1,15,383277
146,72,1,2,51103.6
147,72,1,7,178862.6
151,72,1,4,103382.1
153,72,1,21,525456.5
154,72,0,56,1211194.3
156,72,0,58.5,1279312.7
158,72,1,5,131378.2
160,72,1,3,78826.9
161,72,1,16,420410.3
162,72,0,46,1171330.1
163,72,0,97,2199970.5
164,72,1,21,548481.2
165,72,0,45,1182155.6
166,72,0,79,1928784.2
167,72,0,51.5,1274415.8
168,72,0,67,2097057.8
169,72,0,74,1938064.6
170,72,0,58,1209591.7
171,72,0,78.5,1773683.6
172,72,0,47,1239672.2
173,72,0,65,1725577
174,72,0,99,1805817.5
175,72,0,365,5588110.5
176,72,0,190,3003339.8
177,72,0,74,1857676.2
178,72,0,78,2386978.2
179,72,0,71,2304752.8
180,72,0,52,1695481.9
182,72,1,3,79707.4
187,72,1,1,22311.3
189,72,1,1,25429.4
191,72,1,7,178005.8
192,72,1,4,101717.6
200,72,1,22,471103.6
201,72,0,93,2183299
202,72,1,27.5,588879.6
203,72,1,5,116679.8
205,72,1,1,23336
206,72,1,1,23336
209,72,1,4,88729.9
211,72,1,16,354919.7
212,72,1,13,288372.2
217,72,1,2,44599.5
218,72,1,4,95936.9
219,72,1,2,47968.4
223,72,1,2,49040.2
230,72,1,3,71202.3
233,72,1,2,47898.5
234,72,1,4,95797
237,72,1,24.5,586756.7
238,72,1,23,538163.1
239,72,1,1,23398.4
240,72,1,3,70195.2
241,72,1,8,187187.2
242,72,1,13,304179.1
243,72,0,35.5,712596.3
244,72,0,58,1394420.9
245,72,0,40,981367.9
246,72,1,32.5,772386.6
248,72,1,6,137402.9
249,72,1,6,137402.9
250,72,1,1,22900.5
251,72,1,3,68701.4
253,72,1,9,222205.2
254,72,1,1,24689.5
255,72,1,5,123447.3
0,73,0,27,618981.7
1,73,0,63,1739121.3
2,73,0,19,510675.2
26,73,1,5,132771.7
28,73,1,1,24305
29,73,1,2,48610.1
30,73,1,25,607626.2
31,73,1,8,194440.4
33,73,1,4,105933.5
34,73,1,1,26483.4
36,73,1,3,79450.1
41,73,1,10,242541.2
42,73,1,3,72762.4
46,73,1,3,75655.2
50,73,1,19,464769.9
51,73,0,23,609517.2
52,73,1,11,269077.3
53,73,1,9.5,241752.7
54,73,1,7,178133.6
55,73,1,4,101790.6
56,73,1,3,76343
58,73,1,2,46168.5
59,73,1,3,69252.8
72,73,1,1,24702.5
73,73,1,2,59115.1
76,73,1,1,29557.6
128,73,1,9,227565.3
132,73,1,2,50570.1
133,73,1,18,522355.7
139,73,1,2,53852.2
143,73,1,5,127759
147,73,1,1,25551.8
148,73,1,1,25845.5
152,73,1,5,129227.6
156,73,1,1,25021.7
161,73,1,2,52551.3
162,73,1,8,210205.1
163,73,0,47,1301338.5
164,73,0,118.5,2592335.2
165,73,0,82.5,1590939.2
166,73,0,99.5,2323967.5
167,73,0,78,1803597.6
168,73,0,59,1384026.5
169,73,0,95,1991957.6
170,73,0,229.5,3990695.5
171,73,0,203,4846050.7
172,73,0,84,1987426
173,73,1,6,152863.1
174,73,0,103,2616841.8
175,73,0,80.5,2159579.6
176,73,0,245.5,4032416.1
177,73,0,64,1689737
178,73,0,42,1181337.1
179,73,0,78,2308746.5
180,73,0,71.5,2019491.1
187,73,1,1,22311.3
188,73,1,5,127147
191,73,1,1,25429.4
196,73,1,5,125677.7
197,73,1,4,100542.2
201,73,1,19,406862.2
205,73,1,5,116679.8
209,73,1,2,44365
210,73,1,5.5,122003.6
211,73,0,41,782549.9
212,73,0,35,867738.1
213,73,0,53.5,1190131.6
218,73,1,4,95936.9
219,73,1,6,143905.3
222,73,1,1,23984.2
223,73,1,1,24520.1
227,73,1,2,49040.2
229,73,1,1,23734.1
231,73,1,13,308543.4
232,73,1,31,735757.4
233,73,1,2,47898.5
234,73,1,4,95797
235,73,1,9,215543.3
236,73,0,30,618095.9
237,73,0,28,755563.4
238,73,0,48,1183630.5
239,73,1,14,327577.5
240,73,1,13,304179.1
241,73,1,4,93593.6
243,73,1,5,118828.7
244,73,1,8,190125.9
245,73,1,2,47531.5
250,73,1,1,22900.5
251,73,1,2,45801
252,73,1,2,45801
253,73,1,10,246894.7
254,73,1,2,49378.9
255,73,1,2,49378.9
0,74,0,34,891329.1
1,74,1,12.5,427704.5
2,74,0,23,607164.7
28,74,1,2,48610.1
30,74,0,29,855995.4
33,74,1,3,79450.1
39,74,1,2,48508.2
43,74,1,4,100873.5
44,74,1,10,252183.9
48,74,1,1,24461.6
49,74,1,8,195692.6
50,74,0,25,615195.9
51,74,1,18,440308.3
52,74,1,9,220154.2
54,74,1,16,407162.4
55,74,1,4,101790.6
56,74,1,9,229028.9
59,74,1,9,207758.4
60,74,1,5,115421.4
73,74,1,4,118230.2
74,74,1,1,29557.6
128,74,1,16,404560.6
129,74,1,6,151710.2
131,74,1,7,176995.3
132,74,1,3,75855.1
133,74,0,37,920313.2
134,74,1,5,145098.8
135,74,1,4,116079
136,74,1,2,58039.5
140,74,1,2,53852.2
143,74,1,3,76655.4
144,74,1,4,102207.2
145,74,1,3,76655.4
154,74,1,1,25021.7
157,74,1,3,75065.2
158,74,1,1,26275.6
161,74,1,6,157653.9
162,74,1,14,367859
163,74,0,38.5,1000624.9
164,74,0,80.5,1856300.7
165,74,0,51,1074495.7
166,74,0,74.5,1563204
167,74,0,102.5,2207303.7
168,74,0,36,807693.8
169,74,0,174.5,3463080.5
170,74,0,142.5,3157198.2
171,74,0,85,2162718.6
172,74,0,55,1500121.7
173,74,0,60,1330293.1
174,74,0,157,4125286.8
175,74,0,154.5,3278805.1
176,74,0,67,1521117.3
177,74,0,21.5,591664.7
178,74,0,36,1013605
179,74,0,74,2286110.8
180,74,1,17,451675
181,74,0,33,724471
182,74,1,9,239122.1
183,74,1,4,89245.2
186,74,1,1,22311.3
189,74,1,3,76288.2
194,74,1,7,175948.8
195,74,1,27,678659.5
196,74,1,5.5,138245.5
203,74,1,6,140015.8
204,74,1,4,93343.9
206,74,1,4,93343.9
211,74,1,18,399284.6
212,74,1,4,88729.9
213,74,0,59.5,1262977.4
214,74,1,19,423695.6
215,74,1,4,89199.1
216,74,1,1,22299.8
217,74,1,1.5,33449.7
222,74,1,2,47968.4
223,74,1,2,49040.2
224,74,1,4,98080.3
231,74,1,10,237341.1
232,74,1,31,735757.4
233,74,1,5,119746.3
235,74,1,10,239492.5
236,74,0,74,1798786.8
237,74,0,78.5,1636367.7
238,74,0,52,1055408.7
239,74,0,28,491446.7
240,74,1,2.5,58496
244,74,1,2,47531.5
247,74,1,4,95063
250,74,1,5,114502.4
251,74,1,3,68701.4
0,75,1,5,171081.8
28,75,1,1,24305
30,75,1,4,97220.2
31,75,1,6.5,157982.8
33,75,1,1.5,39725.1
36,75,1,1,26483.4
37,75,1,4,105933.5
38,75,1,4,97016.5
39,75,1,2,48508.2
41,75,1,2,48508.2
42,75,1,1,24254.1
43,75,1,2,50436.8
44,75,1,4,100873.5
46,75,1,4,100873.5
47,75,1,5,126091.9
49,75,1,14,342462
50,75,0,45,1006974.3
51,75,1,16,391385.2
52,75,1,2,48923.1
54,75,1,10,254476.5
55,75,1,15,381714.8
56,75,1,16,407162.4
57,75,0,26.5,564716
58,75,1,15,346264.1
59,75,1,4,92337.1
60,75,1,3,69252.8
70,75,1,6,148214.7
71,75,1,4,98809.8
72,75,1,15,370536.8
128,75,1,3,75855.1
129,75,1,2,50570.1
131,75,0,54.5,1383675.4
132,75,1,10,252850.4
133,75,0,32,833297.8
135,75,1,2,58039.5
136,75,1,2,58039.5
137,75,1,2,58039.5
138,75,1,1,26926.1
140,75,1,2,53852.2
142,75,1,1,26926.1
146,75,1,1,25551.8
150,75,1,2,51691
157,75,1,17,425369.5
158,75,1,12,315307.7
161,75,1,4,105102.6
162,75,1,17,446685.9
163,75,1,17,444008.6
164,75,0,43.5,844937.9
165,75,1,6,156708.9
166,75,0,49,905759.6
167,75,0,104,1869382.7
168,75,0,37,740145.4
169,75,1,8,232467.8
170,75,1,3,87175.4
171,75,0,37.5,865344.3
172,75,0,215,4905270.1
173,75,0,202,4297181.7
174,75,0,40,920130.6
175,75,1,15,382157.8
176,75,0,77.5,1794162.1
177,75,0,84,2254101.3
178,75,0,57,1770621.3
179,75,1,12,318829.4
180,75,1,2,53138.2
182,75,0,53.5,1149820.2
183,75,1,68.5,1528324.1
185,75,1,3,66933.9
187,75,1,8,178490.4
188,75,1,3,76288.2
189,75,1,3,76288.2
192,75,1,2,50858.8
193,75,1,12,301626.5
196,75,1,5,125677.7
197,75,1,1,25135.5
199,75,1,2,42827.6
202,75,1,1,21413.8
204,75,1,5,116679.8
207,75,1,1,23336
210,75,1,4,88729.9
212,75,1,16,354919.7
213,75,0,63,1310080.5
214,75,0,39,717559
215,75,1,12,267597.2
224,75,1,3,73560.3
229,75,1,2,47468.2
230,75,1,1,23734.1
233,75,1,5,119746.3
236,75,0,42,920832
237,75,0,44.5,933357.3
238,75,1,12,280780.7
239,75,1,1,23398.4
240,75,1,4,93593.6
241,75,1,3,70195.2
243,75,1,1.5,35648.6
245,75,1,1,23765.7
246,75,1,2,47531.5
249,75,1,1,22900.5
250,75,1,12,274805.7
251,75,1,2,45801
252,75,1,2,45801
255,75,1,2,49378.9
30,76,1,1,24305
31,76,1,1,24305
32,76,1,9,218745.4
33,76,1,10,264833.8
34,76,1,8,211867
36,76,1,4,105933.5
41,76,1,6,145524.7
42,76,1,2,48508.2
43,76,1,2,50436.8
44,76,1,14,353057.4
46,76,1,4,100873.5
47,76,0,18,534073.7
49,76,0,21,413462.8
50,76,0,27.5,607758.1
52,76,1,2,48923.1
54,76,1,6,152685.9
55,76,0,23,464379.8
56,76,1,10,254476.5
57,76,1,16,407162.4
58,76,1,11,253927
71,76,1,4,98809.8
72,76,1,15,370536.8
129,76,1,5,126425.2
130,76,1,1,25285
131,76,1,19,480415.7
132,76,1,11,278135.4
133,76,0,28.5,649321.4
134,76,1,4,116079
135,76,1,14.5,420786.5
136,76,0,44,1018915
137,76,1,13,377256.9
138,76,1,6,161556.6
140,76,1,16,430817.6
142,76,1,3,80778.3
143,76,1,4,102207.2
152,76,1,5,129227.6
153,76,1,7,175152.2
155,76,1,4,100086.9
156,76,1,4,100086.9
157,76,1,5,125108.7
158,76,1,10,262756.4
161,76,1,3,78826.9
162,76,0,30,811271.8
163,76,0,75,1333918.8
164,76,0,41.5,834995.4
165,76,1,18.5,483185.8
166,76,0,31,790248.5
167,76,0,27,831542.9
168,76,1,1,29058.5
169,76,1,12.5,363231
170,76,0,64,1612003.5
171,76,0,115,2568822.1
172,76,0,288.5,6817054.6
173,76,0,115,2536042.8
174,76,0,109.5,2504974.7
175,76,0,74,2274574.9
176,76,0,65.5,1522763.9
177,76,0,46,1038998.3
181,76,1,1,26569.1
184,76,1,2,44622.6
191,76,1,1,25429.4
193,76,1,1,25135.5
194,76,1,3,75406.6
196,76,1,1,25135.5
199,76,1,13.5,289086.3
201,76,1,4,85655.2
202,76,1,3,64241.4
205,76,1,3,70007.9
206,76,1,7,163351.8
207,76,1,2,46671.9
209,76,1,2,44365
213,76,1,22,490594.9
214,76,1,3,66899.3
217,76,1,9,200697.9
218,76,1,7,167889.5
219,76,1,3,71952.7
220,76,1,4,95936.9
223,76,1,2,49040.2
225,76,1,1,24520.1
226,76,1,1,24520.1
229,76,1,2,47468.2
230,76,1,7,166138.8
231,76,1,1,23734.1
236,76,1,3,71847.8
238,76,1,5,116992
240,76,1,2,46796.8
241,76,1,6,140390.4
248,76,1,9,206104.3
26,77,1,5,136000.2
27,77,1,9,244800.4
28,77,1,4.5,125782.1
29,77,1,2,55903.2
31,77,1,3,83854.8
35,77,1,4,97721.3
38,77,1,2,53565.4
39,77,1,2,53565.4
40,77,1,5,133913.5
41,77,1,1,26782.7
43,77,1,9,237888.6
44,77,1,11,290752.7
45,77,0,37.5,974699.9
46,77,0,40,996611.6
47,77,0,29,764344.1
48,77,1,13,329783
49,77,0,36.5,720566.7
50,77,1,23,583462.2
51,77,1,4,101471.7
52,77,1,3,76103.8
55,77,1,21,568200.1
56,77,1,15,405857.2
58,77,1,1,25465.9
60,77,1,1,25465.9
61,77,1,1,25465.9
64,77,1,2,41524.5
68,77,1,4,118230.2
69,77,1,2,59115.1
71,77,1,1,29557.6
72,77,1,5,147787.8
127,77,1,3,88672.7
128,77,1,7.5,189456
129,77,1,23,580998.4
130,77,0,21,671852.4
131,77,0,35,659404.2
132,77,1,18,454694.4
133,77,1,9,243502.6
134,77,1,2,54111.7
135,77,0,37.5,864631.5
136,77,0,28.5,742725.7
137,77,0,20,454950.7
138,77,1,6,177860.9
139,77,1,9,266791.4
140,77,1,14,415008.8
142,77,1,1,29643.5
145,77,1,3,74887.2
146,77,1,8,199699.3
147,77,0,24,599315.7
148,77,0,33,820514.4
150,77,0,24,612745.5
151,77,1,14,300338.2
152,77,0,32,744452.8
157,77,1,19,491064.8
158,77,1,2,56426.3
159,77,1,4,112852.5
162,77,1,1,28213.1
163,77,0,27,696137.4
164,77,0,40,897576.8
165,77,0,122,3426688.1
166,77,1,32,831282.6
168,77,1,1,30727.6
169,77,0,80,1786298
170,77,0,117.5,3092549.4
171,77,1,14,430186.8
172,77,0,61,1689193.8
173,77,0,82.5,2263258.7
174,77,0,40,1095492.3
176,77,0,36.5,1097499.3
177,77,0,43,1171043.9
178,77,1,22.5,645673.2
179,77,1,2,57393.2
181,77,1,10,286965.9
182,77,1,11.5,330010.7
183,77,1,10,265237.8
184,77,1,11,291761.6
186,77,1,5,132618.9
193,77,1,19,482383.3
195,77,1,1,25388.6
196,77,1,5,126943
198,77,1,6,167978.8
200,77,1,3,83989.4
201,77,1,4,111985.9
202,77,1,4,111985.9
203,77,1,2,48319.6
204,77,1,1,24159.8
205,77,1,2,48319.6
206,77,1,16,386556.8
207,77,1,12,289917.6
208,77,1,4,98429.6
209,77,1,9,221466.6
213,77,1,6,116860.6
218,77,1,1,28180.3
220,77,1,1,28180.3
222,77,1,1,28180.3
226,77,1,2,49040.2
232,77,1,4,94504.1
233,77,1,2,45219.4
235,77,1,3,67829.2
240,77,1,1,21432.4
241,77,1,3,64297.1
244,77,1,4,85729.5
246,77,1,2,42864.7
247,77,1,2.5,53580.9
248,77,1,4,90183.3
249,77,1,4,90183.3
252,77,1,3,67637.5
253,77,1,2,46983.4
26,78,1,5,136000.2
27,78,0,19.5,638011.7
28,78,0,21,497793.9
32,78,1,4,111806.3
33,78,1,5,122151.6
36,78,1,4,97721.3
38,78,1,6,160696.2
40,78,1,3,80348.1
41,78,1,2,53565.4
43,78,1,4,105728.3
44,78,0,26,606570.1
45,78,0,19,459123.3
46,78,0,48,1141737.6
47,78,0,34,720964.2
48,78,0,72.5,1637630.6
49,78,0,54.5,1054327.2
50,78,0,32,817682.1
51,78,1,4,101471.7
55,78,1,21,568200.1
65,78,1,2,41524.5
71,78,1,4,118230.2
128,78,1,14,353651.2
129,78,0,36,888023.5
130,78,0,38,926504.3
131,78,1,16,404172.8
132,78,1,15,378912
133,78,0,34,762114
134,78,0,33,741247.9
135,78,1,13,351725.9
136,78,1,4,108223.4
138,78,1,2,59287
143,78,1,3,74887.2
144,78,1,10,249624.1
145,78,0,32,845223.3
146,78,0,34,871019.4
147,78,1,5,124812
150,78,1,3,64358.2
152,78,1,4.5,96537.3
155,78,1,1,25845.5
157,78,1,12,310146.2
158,78,1,4,112852.5
159,78,1,1,28213.1
160,78,1,21,592475.7
162,78,1,6,169278.8
163,78,1,10,259775.8
164,78,1,12,311731
165,78,0,43,1074193.9
169,78,0,42,993138.6
170,78,0,90,2381247.3
171,78,0,53,1602824.3
172,78,0,52,1545866.7
173,78,0,53,1661097.1
174,78,0,52,1333923
175,78,0,55.5,1658338.9
176,78,0,69,1899103.7
177,78,0,78.5,2446946.4
178,78,0,49,1393618.5
179,78,0,37,1064169.8
182,78,1,17,487841.9
183,78,0,38,902854.5
184,78,0,27,680034.1
185,78,0,38,881506.9
186,78,1,3,79571.3
188,78,1,5,126886
190,78,1,2,50754.4
192,78,1,2,50754.4
193,78,1,6.5,165025.9
194,78,1,3,76165.8
195,78,1,5,126943
197,78,1,2,50777.2
204,78,1,2,48319.6
206,78,1,1,24159.8
208,78,1,3.5,86125.9
209,78,1,2,49214.8
210,78,1,3,73822.2
211,78,1,2,49214.8
212,78,1,4,98429.6
213,78,1,1,19476.8
214,78,1,2,38953.5
215,78,1,4,77907
219,78,1,2,56360.6
222,78,1,5,140901.6
230,78,1,1,23626
231,78,1,1,23626
239,78,1,3,64297.1
240,78,1,1,21432.4
241,78,1,4,85729.5
242,78,0,24.5,628729.6
243,78,1,2,42864.7
248,78,1,8,180366.5
249,78,1,5,112729.1
250,78,1,5,112729.1
26,79,1,6,163200.3
27,79,1,10,272000.4
28,79,1,2,55903.2
29,79,1,1,27951.6
32,79,1,4,111806.3
33,79,1,6,146582
34,79,1,18,439745.9
36,79,1,6,146582
38,79,1,2,53565.4
39,79,1,9,241044.2
40,79,1,1,26782.7
41,79,1,8,214261.5
42,79,0,28,756597.2
43,79,0,35,749146.5
44,79,0,44,1119497.9
45,79,1,13,343616.8
46,79,0,45,842842.8
47,79,0,56,1485932.4
48,79,1,17,431254.7
49,79,1,11,279047.2
50,79,0,29.5,859758.3
51,79,1,12.5,317099
55,79,1,2,54114.3
57,79,1,2,54114.3
58,79,1,2,50931.9
61,79,1,3,76397.8
65,79,1,1,20762.2
66,79,1,8,166097.9
67,79,1,4,83049
71,79,1,2,59115.1
131,79,1,8,202086.4
132,79,1,16,404172.8
133,79,0,15,355443.1
134,79,0,38,1085175.9
135,79,1,6,162335.1
140,79,1,3,88930.5
143,79,1,1,24962.4
144,79,1,15,374436.1
145,79,0,41,1038365.6
146,79,1,11,274586.5
147,79,1,2,49924.8
152,79,1,5,107263.6
158,79,1,5,141065.6
159,79,1,7,197491.9
160,79,1,15.5,437303.5
163,79,1,4,103910.3
164,79,0,25.5,628537.3
165,79,1,22,571506.8
166,79,1,2,51955.2
169,79,0,38.5,1022694.1
170,79,0,41.5,1084312.5
171,79,0,84.5,2256446.1
172,79,0,42,1367621
173,79,0,80,2230293
174,79,0,68,1721871.6
175,79,0,64.5,1838376.7
176,79,0,87.5,2780865.3
177,79,1,23,503437.4
178,79,1,2,57393.2
179,79,1,32,918290.7
184,79,1,13,344809.1
185,79,0,48,1207946.5
186,79,1,4,106095.1
187,79,1,1,26523.8
188,79,1,2,50754.4
189,79,1,11,279149.3
191,79,1,3,76131.6
193,79,1,3,76165.8
194,79,1,2,50777.2
195,79,1,4,101554.4
196,79,1,4,101554.4
202,79,1,2,55992.9
208,79,1,1,24607.4
211,79,1,2,49214.8
212,79,1,3,73822.2
213,79,1,4,77907
215,79,1,7,136337.3
218,79,1,1,28180.3
223,79,1,3,73560.3
230,79,1,18,425268.3
231,79,1,18,425268.3
235,79,1,4,90438.9
240,79,1,2,42864.7
242,79,1,9,192891.3
247,79,1,2,42864.7
248,79,1,16,360733.1
253,79,1,2,46983.4
0,80,1,2,73006.1
1,80,1,2,73006.1
27,80,1,2,54400.1
28,80,1,3,83854.8
29,80,1,7,195661.1
32,80,1,7,195661.1
33,80,1,1,24430.3
34,80,1,20,488606.5
39,80,1,6,160696.2
40,80,1,2,53565.4
41,80,1,20,535653.9
42,80,1,19,508871.2
43,80,1,5,132160.3
44,80,1,7,185024.4
46,80,1,13,343616.8
47,80,0,20,571306.9
49,80,1,6,152207.5
50,80,1,8,202943.4
51,80,1,6,152207.5
58,80,1,2,50931.9
59,80,1,2,50931.9
61,80,1,2,50931.9
62,80,1,1,25465.9
63,80,1,4,83049
64,80,1,2,41524.5
127,80,1,5,147787.8
133,80,1,4,108223.4
134,80,1,13,351725.9
144,80,1,8,199699.3
145,80,1,1,24962.4
146,80,1,1,24962.4
166,80,1,6,155865.5
168,80,1,7.5,230457.2
169,80,0,28,958767.7
170,80,1,14,430186.8
171,80,0,80.5,1904818
172,80,0,60,1886499.8
173,80,0,57,1845136.4
174,80,0,35,1200079.9
175,80,0,58,1634940
176,80,0,31,788722.3
177,80,1,6,131331.5
178,80,1,15,430448.8
180,80,1,2,57393.2
183,80,1,3,79571.3
184,80,0,36,884316.3
185,80,1,30,795713.4
188,80,1,4,101508.8
194,80,1,2,50777.2
196,80,1,6,152331.6
199,80,1,4,111985.9
207,80,1,3,72479.4
208,80,1,6,147644.4
210,80,1,2,49214.8
211,80,1,4,98429.6
215,80,1,5,97383.8
220,80,1,3,84541
221,80,1,4,112721.3
223,80,1,7,171640.6
225,80,1,4,98080.3
226,80,1,1,24520.1
229,80,1,1,23626
230,80,1,3,70878
231,80,1,20,472520.3
232,80,1,2,47252
233,80,1,7,158268
234,80,1,9,203487.5
235,80,1,5,113048.6
239,80,1,4,85729.5
248,80,1,3,67637.5
253,80,1,4,93966.7
254,80,1,15,352375.3
255,80,1,7,164441.8
1,81,1,2,73006.1
29,81,1,2,55903.2
32,81,1,9,251564.3
33,81,1,3,73291
34,81,0,27,645490.7
35,81,1,2,48860.7
36,81,1,4,97721.3
40,81,1,10,267826.9
44,81,1,1,26432.1
46,81,1,6,158592.4
47,81,0,22,569491
48,81,1,8,202943.4
49,81,1,9,228311.3
56,81,1,11,297628.6
59,81,1,4,101863.8
61,81,1,6,152795.6
62,81,1,2,50931.9
63,81,1,2,41524.5
146,81,1,3,74887.2
161,81,1,1,28213.1
164,81,0,57,1578666.2
165,81,0,24,668047.8
166,81,1,3,77932.7
167,81,1,9,233798.2
168,81,0,56,1729088.5
169,81,0,45,1265840.9
170,81,0,59.5,1882868.6
171,81,0,52.5,1315201.6
172,81,0,77,2103121
173,81,0,72,2344100.4
174,81,0,41,1376784.9
175,81,0,35,1076615
176,81,1,5,109442.9
177,81,0,67.5,2005045.1
178,81,1,19,545235.1
179,81,0,25,759541.8
180,81,1,4,114786.3
183,81,1,2,53047.6
184,81,1,9,238714
185,81,1,16,424380.5
186,81,1,2,53047.6
187,81,1,1,26523.8
188,81,1,2,50754.4
189,81,1,5,126886
195,81,1,2,50777.2
196,81,1,2,50777.2
197,81,1,5,126943
198,81,1,17,475939.9
199,81,1,1,27996.5
200,81,1,4,111985.9
202,81,1,6,167978.8
205,81,1,3,72479.4
207,81,1,2,48319.6
209,81,1,1,24607.4
220,81,1,2,56360.6
221,81,1,2,56360.6
226,81,1,1,24520.1
230,81,1,1,23626
233,81,1,4,90438.9
234,81,1,2,45219.4
235,81,1,2,45219.4
238,81,1,3,64297.1
240,81,1,2,42864.7
249,81,1,1,22545.8
253,81,1,6,140950.1
254,81,1,12,281900.2
255,81,1,9,211425.2
31,82,1,2,62447.7
32,82,1,16,499581.2
33,82,1,15,395249.9
34,82,1,11,289849.9
35,82,1,15,395249.9
36,82,1,4,105400
39,82,1,12,330945
40,82,1,1,27578.7
44,82,1,2,52860.9
45,82,1,2,52860.9
47,82,1,3,79291.3
49,82,1,5,103811.2
50,82,1,1,20762.2
60,82,1,1,20762.2
145,82,1,2,60567.8
146,82,1,4.5,136277.6
150,82,1,4,114440.5
155,82,1,6,172033.2
156,82,1,11,315394.2
157,82,1,12,344066.4
158,82,1,23,599009.2
159,82,1,8,208351
164,82,0,31,814093.3
165,82,0,61,1684202.1
166,82,0,74,1945109
167,82,0,83,2097770.7
168,82,0,62,1489143.6
169,82,0,79,1395596.7
170,82,0,60,1531294.1
171,82,0,68,1752008.4
172,82,1,11,280037.9
173,82,0,67,1767202.9
174,82,0,33,884512
175,82,1,17,430212.4
176,82,0,53.5,1182821.3
177,82,0,98,2608866.8
178,82,0,51,1122434.8
179,82,0,46,1483734.6
180,82,1,7,171285.1
185,82,1,4,107479.5
188,82,1,2,42720.5
189,82,1,2,42720.5
193,82,1,3,64080.8
194,82,1,2,42720.5
197,82,1,4,85441.1
198,82,1,15,394171.6
199,82,1,11,289059.2
200,82,1,12,315337.3
201,82,1,2,52556.2
202,82,1,3,78834.3
204,82,1,2,54493.4
205,82,1,6,163480.2
206,82,1,4,108986.8
208,82,1,5,113401.6
209,82,1,1,22680.3
211,82,1,2,45360.6
212,82,1,2,45360.6
216,82,1,4,85986.7
222,82,1,1,22169.5
228,82,1,4,111389.2
232,82,1,4,111389.2
233,82,1,4,111389.2
237,82,1,1,27847.3
245,82,1,2,43595.3
247,82,1,7,152583.6
248,82,1,3,77459.2
253,82,1,17,424582.7
254,82,1,19,474533.6
255,82,0,36,920620.6
0,83,1,4,146012.2
32,83,1,21,655700.4
33,83,1,6,158099.9
34,83,1,13,342549.9
35,83,1,15,395249.9
36,83,1,7,184449.9
37,83,1,5,131750
38,83,1,3,82736.2
39,83,1,8,220630
40,83,1,5,137893.7
42,83,1,5,137893.7
43,83,1,8,211443.4
44,83,1,8,211443.4
46,83,1,2,52860.9
143,83,1,5,151419.6
146,83,1,6,181703.5
147,83,1,9,272555.2
148,83,1,12,343321.5
149,83,1,6,171660.7
151,83,1,5,143050.6
153,83,1,2,57344.4
154,83,1,9,258049.8
156,83,1,2,57344.4
160,83,1,18,468789.8
161,83,1,1,26043.9
162,83,1,17,442745.9
163,83,1,5,109517.6
164,83,1,4,87614.1
165,83,0,90,2250441.1
166,83,0,91.5,2089522.4
167,83,0,23.5,560107.7
168,83,0,132,2165313.1
169,83,0,143,2623195.1
170,83,0,85,1855575
171,83,0,40.5,1030687.9
172,83,0,59,1417733.2
173,83,1,6,151839.7
174,83,0,24,721944.1
175,83,0,31.5,996796.5
176,83,0,97.5,2065922.7
177,83,0,77,2054505.8
178,83,1,7,171285.1
181,83,1,3,73407.9
186,83,1,1,26869.9
189,83,1,2,42720.5
193,83,1,5,106801.3
196,83,1,11.5,245643.1
198,83,1,7,183946.8
199,83,1,6,157668.7
200,83,1,10,262781.1
201,83,1,2,52556.2
202,83,1,2,52556.2
203,83,1,2,54493.4
204,83,1,2,54493.4
205,83,1,6,163480.2
206,83,1,4,108986.8
207,83,1,6,163480.2
208,83,0,25,626259.3
209,83,1,3,68040.9
221,83,1,2,44339
225,83,1,2,44339
227,83,1,5,110847.6
230,83,1,2,55694.6
231,83,1,3,83541.9
232,83,1,1,27847.3
234,83,1,4,111389.2
239,83,1,6,130785.9
241,83,1,1,21797.7
247,83,1,2,43595.3
248,83,1,2,51639.5
255,83,1,16,399607.3
32,84,1,3,93671.5
33,84,1,5,131750
34,84,1,14,368899.9
35,84,1,3,79050
36,84,1,3,79050
37,84,1,7,184449.9
39,84,1,10,275787.5
40,84,1,1,27578.7
42,84,1,23,634311.2
43,84,1,14,370026
44,84,1,3,79291.3
141,84,1,9,298606.3
142,84,1,14,464498.7
143,84,1,7,211987.4
144,84,1,23,696530.1
145,84,1,18,545110.5
147,84,1,4,121135.7
148,84,1,24,686643
149,84,1,9,257491.1
150,84,0,31,666265.5
151,84,1,12,343321.5
152,84,1,10,286101.2
154,84,1,15.5,444419.1
156,84,1,2,57344.4
160,84,1,21,546921.5
161,84,1,17,442745.9
162,84,0,80,1957768.9
163,84,0,30,811531
164,84,1,12,262842.2
165,84,0,22.5,706531.1
166,84,0,109.5,2303185.3
167,84,0,42.5,1013288.3
168,84,0,138.5,2651797.7
169,84,0,267.5,4172567.5
170,84,0,205.5,3579388.3
171,84,0,74.5,1328125
172,84,1,10,254579.9
174,84,0,36,676872.4
175,84,0,72,1543490.7
176,84,0,29.5,686342.6
177,84,1,10,253066.1
178,84,0,28,650015.5
179,84,1,3,73407.9
181,84,1,3,73407.9
182,84,1,3,73407.9
186,84,1,1,26869.9
192,84,1,1,21360.3
194,84,1,2,42720.5
198,84,1,18,473006
199,84,1,4,105112.4
200,84,1,4,105112.4
205,84,1,6,163480.2
206,84,1,2,54493.4
207,84,0,29,671992
208,84,1,17,385565.4
209,84,1,3,68040.9
210,84,1,3,68040.9
211,84,1,5,113401.6
212,84,1,7,158762.2
213,84,1,7,150476.8
216,84,1,2,42993.4
222,84,1,5,110847.6
224,84,1,3,66508.6
227,84,1,2,44339
230,84,1,6,167083.7
233,84,1,6,167083.7
240,84,1,7,152583.6
241,84,1,3,65393
247,84,1,2,43595.3
249,84,1,5,129098.6
255,84,1,14,349656.4
0,85,1,1,36503
32,85,1,3,93671.5
33,85,0,23,660385.3
34,85,0,34,937585.9
35,85,0,17,440105.9
36,85,1,9,237149.9
39,85,1,13,358523.7
40,85,1,13,358523.7
41,85,1,15,413681.2
42,85,1,14,386102.5
43,85,1,1,26430.4
44,85,1,6,158582.6
45,85,1,2,52860.9
141,85,1,2,66357
142,85,1,6,199070.9
143,85,1,17,514826.6
144,85,1,9,272555.2
145,85,1,14,423974.8
146,85,1,13,393690.9
147,85,1,22,666246.2
148,85,1,19,543592.3
149,85,1,8,228881
150,85,1,8,228881
153,85,1,18,516099.5
154,85,1,10,286722
155,85,1,3,86016.6
156,85,1,3,86016.6
158,85,1,6,156263.3
159,85,1,3,78131.6
160,85,0,36,1009144.4
161,85,0,73,1955755.3
162,85,0,56.5,1243889.7
163,85,0,78.5,1492678.1
164,85,1,9.5,208083.4
165,85,0,26.5,735308
166,85,0,24,543865.2
168,85,0,49.5,1039745.3
169,85,0,91.5,2323690.1
170,85,0,24,662510.9
171,85,0,36,866282.1
172,85,1,3,76374
173,85,1,6,151839.7
175,85,1,1,25306.6
178,85,0,42,1052537.7
179,85,0,43,1137334.8
180,85,0,55,1546692.8
181,85,1,20,489386
182,85,1,1,24469.3
184,85,1,2,53739.8
185,85,1,1,26869.9
186,85,1,1,26869.9
188,85,1,3,64080.8
193,85,1,2,42720.5
195,85,1,4,85441.1
198,85,1,3,78834.3
199,85,1,4,105112.4
207,85,0,33,782642.6
208,85,1,1,22680.3
209,85,1,2,45360.6
210,85,1,1,22680.3
211,85,1,1,22680.3
216,85,1,6,128980.1
217,85,1,14,300953.6
224,85,1,5,110847.6
230,85,1,2,55694.6
232,85,1,1,27847.3
234,85,1,4,111389.2
240,85,1,1,21797.7
241,85,1,1,21797.7
242,85,1,2,43595.3
248,85,1,3,77459.2
249,85,1,6.5,167828.2
250,85,1,16,413115.7
251,85,1,20,516394.6
252,85,1,6,154918.4
32,86,1,3,93671.5
33,86,1,9,237149.9
34,86,1,6,158099.9
35,86,0,43,1091435.3
36,86,0,26,718011.2
39,86,1,2,55157.5
40,86,1,5,137893.7
41,86,1,20,551575
42,86,1,3,82736.2
45,86,1,2,52860.9
141,86,1,6,199070.9
142,86,0,62.5,2085220.1
143,86,0,62.5,1874358.7
144,86,1,23,696530.1
145,86,0,35,1159309.1
146,86,1,30,908517.5
147,86,1,1,30283.9
148,86,1,2,57220.2
158,86,1,4,104175.5
159,86,1,18,468789.8
160,86,1,4,104175.5
161,86,1,7,182307.2
162,86,0,45,1253757.6
163,86,0,27,670576.4
164,86,1,11,240938.7
165,86,0,47,1135221
166,86,0,18,412383.3
167,86,1,1,21903.5
171,86,1,7,178206
175,86,1,6,151839.7
176,86,1,3,75919.8
177,86,1,12,303679.4
178,86,1,8,195754.4
179,86,1,20,489386
180,86,0,64,1558195.9
181,86,0,58,1408451.6
183,86,1,4,107479.5
191,86,1,1,21360.3
193,86,1,4,85441.1
197,86,1,2,42720.5
198,86,1,25,656952.7
207,86,0,68.5,1567411.5
208,86,0,39,946882.8
211,86,1,2,45360.6
214,86,1,2,42993.4
216,86,1,1,21496.7
217,86,1,8,171973.5
218,86,1,4,88678.1
219,86,1,4,88678.1
223,86,1,1,22169.5
228,86,1,2.5,69618.2
229,86,1,5,139236.4
231,86,1,8,222778.3
232,86,1,2,55694.6
237,86,1,4,111389.2
240,86,1,11,239774.2
241,86,1,7,152583.6
242,86,1,1.5,32696.5
250,86,0,44.5,990423.2
251,86,0,40,1013137.1
252,86,1,15,387295.9
254,86,1,2,49950.9
34,87,1,8,246300
35,87,1,15,461812.6
36,87,1,5,153937.5
39,87,1,2,62335.2
40,87,1,17,529849.5
41,87,1,13.5,420762.8
42,87,1,2,62335.2
44,87,1,5,118519.7
45,87,1,10,237039.4
46,87,1,6,142223.7
141,87,1,9,305362.3
142,87,1,26,882157.9
143,87,0,26,746155.3
144,87,0,24.5,755070.6
145,87,0,48.5,1554461
146,87,1,22,639512.5
150,87,1,3,82943.4
154,87,1,6,155245.2
155,87,1,2,51748.4
157,87,1,2,51748.4
161,87,0,52,1380760.4
162,87,0,59.5,1567866.1
163,87,1,32.5,844670.3
166,87,1,2,51979.7
167,87,1,4.5,116954.3
176,87,1,4,101226.5
181,87,1,15,355518.6
187,87,1,1,26869.9
199,87,1,3,73247.9
203,87,1,1,24416
207,87,1,6,146495.7
208,87,1,2,47820.2
211,87,1,2,47820.2
217,87,1,26.5,567628
218,87,1,25,570289.4
219,87,1,6,136869.5
228,87,1,1,23791.4
230,87,1,2,47582.9
235,87,1,9,233272.2
236,87,1,10,259191.4
240,87,1,8,196615.2
241,87,1,1,24576.9
244,87,1,2,39780
247,87,1,3,59670
248,87,1,2,48137.6
251,87,1,2,48137.6
254,87,1,17,420532.2
255,87,0,49,933959.9
34,88,1,2,61575
35,88,0,28,790889.6
36,88,1,10,307875
40,88,1,9,280508.5
41,88,1,13,405179
42,88,0,28,731497.4
43,88,1,16,379263.1
44,88,1,2,47407.9
141,88,1,4,135716.6
142,88,1,5,169645.7
144,88,1,12,348825
145,88,0,24,648205.1
146,88,1,2,58137.5
147,88,1,3,87206.3
149,88,1,1,27647.8
150,88,1,7,193534.6
151,88,1,30.5,843257.9
154,88,1,11,284616.1
155,88,0,25.5,802568.6
156,88,1,12,310490.3
159,88,1,3,65853.7
160,88,1,27.5,603659.3
161,88,0,96.5,2456083.4
162,88,0,87.5,1748655.2
163,88,0,100,2210916.2
167,88,1,2,51979.7
187,88,1,4,107479.5
200,88,1,3,73247.9
201,88,1,2,48831.9
209,88,1,3,71730.3
212,88,1,6,143460.7
213,88,1,4,85679.7
214,88,1,3,64259.8
215,88,1,3,64259.8
217,88,0,25,541651
218,88,0,43,949882.8
219,88,0,24,647129.7
220,88,1,5,114057.9
221,88,1,17,387796.8
222,88,1,9,205304.2
223,88,1,6,154499.9
225,88,1,3,77249.9
227,88,1,4,102999.9
228,88,1,4,95165.8
231,88,1,2,47582.9
234,88,1,1,25919.1
236,88,1,4,103676.5
238,88,1,3,73730.7
240,88,1,3,73730.7
247,88,1,12,238679.9
251,88,1,7,168481.7
252,88,1,2,48137.6
253,88,1,2,49474.4
255,88,0,49,1102561.4
35,89,1,1,30787.5
41,89,1,11,342843.8
42,89,0,23.5,651218.6
43,89,1,2,47407.9
144,89,1,5,145343.8
145,89,1,4,116275
150,89,0,63.5,1637778.8
151,89,0,41,1309792.9
155,89,1,6,155245.2
157,89,1,1,25874.2
159,89,1,11,241463.7
160,89,1,9,197561.2
161,89,1,26,570732.4
162,89,0,47,1231985.8
163,89,1,3,77969.6
176,89,1,2,50613.2
177,89,1,9,227759.5
178,89,1,3,71103.7
181,89,1,9.5,225161.8
182,89,1,2,47402.5
183,89,1,1,26869.9
187,89,1,1,26869.9
188,89,0,24,672194.9
189,89,1,17,397539.9
201,89,1,1,24416
203,89,1,3,73247.9
205,89,1,3,73247.9
207,89,0,33.5,786941.8
208,89,0,84,2026855.3
209,89,0,23,541439.5
211,89,1,7,167370.8
213,89,1,1,21419.9
214,89,1,4,85679.7
217,89,1,4,85679.7
222,89,1,3,68434.7
223,89,1,8.5,218874.8
224,89,1,9,231749.8
225,89,1,8,205999.8
226,89,1,3,77249.9
230,89,1,14,333080.2
231,89,1,9,214123
232,89,1,19,452037.4
233,89,1,4,103676.5
234,89,1,2,51838.3
235,89,1,6,155514.8
240,89,1,6,147461.4
244,89,1,9,179010
246,89,1,5,99450
248,89,1,5,120344.1
249,89,1,6,144412.9
250,89,1,7,168481.7
251,89,1,4,96275.3
254,89,1,4,98948.8
41,90,1,4,124670.5
42,90,1,1,31167.6
147,90,1,3,87206.3
148,90,1,8,221182.4
149,90,1,2,55295.6
150,90,1,36,995320.9
151,90,1,17,470012.6
154,90,1,20,517483.9
155,90,1,5,129371
165,90,1,1,25989.9
176,90,1,2,50613.2
183,90,1,5,134349.4
185,90,1,2,53739.8
188,90,1,9,210462.3
190,90,1,1,23384.7
193,90,1,1,21360.3
197,90,1,2,42720.5
198,90,1,2,48831.9
199,90,1,4,97663.8
201,90,1,5,122079.8
207,90,1,17,415071.2
208,90,0,40,905781.7
209,90,0,67,1523849.4
210,90,1,2,47820.2
220,90,1,4,91246.3
221,90,1,2,45623.2
223,90,1,3,77249.9
230,90,1,16.5,392558.8
231,90,0,46,1211080.1
232,90,0,56,1199551.4
233,90,0,67.5,1498587.4
234,90,0,37.5,928236.5
235,90,1,1,25919.1
240,90,1,2,49153.8
244,90,1,2,39780
245,90,1,2,39780
250,90,1,1,24068.8
251,90,1,11,264757
252,90,1,2,48137.6
150,91,1,3,82943.4
151,91,1,6,165886.8
152,91,1,3,82943.4
153,91,1,11,284616.1
154,91,1,10,258741.9
180,91,1,2,47402.5
181,91,1,4,94805
182,91,1,2,47402.5
184,91,1,4,107479.5
185,91,1,4,107479.5
186,91,1,4,107479.5
188,91,1,2,46769.4
190,91,1,2,46769.4
192,91,1,1,23384.7
202,91,1,5,122079.8
207,91,1,17,415071.2
208,91,0,36,838241.9
209,91,0,56,1413847.1
210,91,1,10,239101.2
213,91,1,3,64259.8
220,91,1,1,22811.6
224,91,1,4,102999.9
229,91,1,7,166540.1
230,91,1,18,428246
231,91,0,51.5,1082357.4
232,91,0,41.5,961945
233,91,0,32,846469.2
234,91,1,2,51838.3
241,91,1,10,245769
242,91,1,12,294922.8
243,91,1,1,19890
244,91,1,5,99450
252,91,1,2,48137.6
143,92,1,8,205341.8
145,92,1,3,77003.2
148,92,1,5,125559.7
149,92,1,4,100447.7
151,92,1,6,150671.6
152,92,0,27,710234.8
153,92,1,6,160494
158,92,1,3,75817.5
167,92,1,2,52679.3
169,92,1,26,660627.5
170,92,1,19,482766.2
177,92,1,5,112813.3
184,92,1,16,369925
185,92,1,3,69360.9
186,92,1,17,393045.3
187,92,1,9,208082.8
188,92,1,14,358381.1
191,92,1,1,25598.6
193,92,1,2,43176.6
196,92,1,2,43176.6
204,92,1,3,77772.8
205,92,1,6,155545.7
206,92,0,71.5,1464392.9
207,92,0,35.5,918801.2
208,92,0,61,1414284.7
209,92,1,20,464741
210,92,1,4,92948.2
211,92,1,5,116185.2
212,92,1,2,46474.1
214,92,1,4,123367
215,92,1,2,61683.5
219,92,1,3,75986.4
224,92,1,6.5,147304.3
227,92,1,2,45324.4
228,92,1,7,147973.8
229,92,1,18,380504.1
231,92,1,14,295947.6
232,92,1,11,232530.3
233,92,0,30,761173.5
234,92,1,4,98072.8
235,92,1,3,73554.6
243,92,1,2,44091.9
248,92,1,2,44031.3
251,92,1,2,44031.3
141,93,1,5,130594.6
142,93,1,5,130594.6
143,93,1,5,128338.6
144,93,1,4,102670.9
146,93,1,2,51335.4
148,93,1,6,150671.6
149,93,1,15,376679
150,93,1,6,150671.6
151,93,1,1,25111.9
152,93,1,5,125559.7
160,93,1,3,75817.5
163,93,1,3,79018.9
164,93,1,2,52679.3
165,93,1,1,26339.6
167,93,1,6,158037.9
168,93,0,41.5,1090177.2
169,93,0,55.5,1379611.6
170,93,1,23,584401.2
171,93,1,2,50817.5
177,93,1,7,157938.7
184,93,1,1,23120.3
185,93,1,7,161842.2
186,93,1,6,138721.9
187,93,0,32,680641.1
188,93,1,5,127993.2
192,93,1,1,25598.6
193,93,1,8,172706.4
194,93,1,4,86353.2
195,93,1,1,21588.3
196,93,1,3,64764.9
199,93,1,2,56913.8
203,93,1,13,337015.6
204,93,1,3,77772.8
205,93,0,46,1106193.9
206,93,0,42,1082406.1
207,93,0,42.5,1059405.6
208,93,1,11.5,267226.1
209,93,1,14,325318.7
212,93,1,2,46474.1
214,93,1,8,246734
215,93,1,2,61683.5
217,93,1,1,30841.8
223,93,1,5,113311
225,93,1,4,90648.8
226,93,1,1,22662.2
227,93,1,2,45324.4
228,93,1,1,21139.1
233,93,1,24,588436.8
234,93,1,6,147109.2
235,93,1,4,98072.8
236,93,1,1,24518.2
237,93,1,6,147109.2
248,93,1,2.5,55039.1
250,93,1,10,220156.6
251,93,1,3,66047
254,93,1,1,23968
255,93,1,4,95871.9
141,94,1,12,313427
143,94,1,2,51335.4
146,94,1,10,256677.2
147,94,1,17,436351.2
148,94,1,9,226007.4
149,94,1,12,301343.2
151,94,1,5,125559.7
152,94,1,1,25111.9
161,94,1,3,75817.5
162,94,1,3,75817.5
165,94,1,2,52679.3
167,94,0,32,870665.8
168,94,0,47,1186760.8
169,94,1,21,533583.7
170,94,1,2,50817.5
172,94,1,5,127043.7
173,94,1,6,135376
174,94,1,14,315877.3
180,94,1,4,133532.2
185,94,1,3,69360.9
186,94,1,4,92481.2
188,94,1,12,307183.8
190,94,1,3,76795.9
191,94,1,3,76795.9
193,94,1,10,215883
195,94,1,4,86353.2
196,94,1,3,64764.9
199,94,1,3,85370.7
201,94,1,1,28456.9
206,94,0,33.5,722852.8
208,94,1,1,23237
209,94,1,3,69711.1
210,94,0,29,829995.1
211,94,1,4,92948.2
218,94,1,2,50657.6
220,94,1,1,25328.8
225,94,1,3,67986.6
238,94,1,3,65006.2
240,94,1,5,108343.7
247,94,1,3,66137.8
248,94,1,2,44031.3
250,94,1,3,66047
251,94,1,3,66047
252,94,1,2,44031.3
255,94,1,4,95871.9
146,95,0,25,612385.2
147,95,0,26.5,671136.4
150,95,1,4,100447.7
151,95,1,2,50223.9
161,95,1,1,25272.5
163,95,1,2,52679.3
168,95,0,83,1740753.9
169,95,1,10,254087.5
170,95,0,25,643398.3
171,95,1,24,609810
172,95,0,22.5,699836.9
179,95,1,22,734427.3
180,95,1,9,300447.5
181,95,0,26,734196.6
182,95,1,1,33383.1
190,95,1,5,127993.2
191,95,1,4,102394.6
192,95,1,4,102394.6
201,95,1,9,256112.1
203,95,1,1,25924.3
204,95,1,5,129621.4
206,95,1,2,51848.6
210,95,1,24.5,569307.7
212,95,1,5,116185.2
213,95,1,2.5,77104.4
214,95,1,2,61683.5
215,95,1,1,30841.8
218,95,1,1,25328.8
219,95,1,1,25328.8
221,95,1,4,101315.2
223,95,1,7,158635.4
226,95,1,6,135973.2
231,95,1,4,84556.5
234,95,1,5,122591
236,95,1,2,49036.4
240,95,1,5,108343.7
245,95,1,2,44091.9
246,95,1,13,286597.1
247,95,1,20.5,451941.6
248,95,1,2,44031.3
252,95,1,13,286203.5
253,95,1,7,167775.8
254,95,1,3,71903.9
255,95,0,53,1353234.5
140,96,1,7,182832.4
145,96,1,4,102670.9
146,96,1,15,385015.8
147,96,1,2,51335.4
148,96,1,2,50223.9
162,96,1,7,176907.6
167,96,1,6,158037.9
168,96,1,20,508175
169,96,1,20,508175
170,96,0,34,846676
171,96,0,41,1171731.1
172,96,1,29.5,749558.1
175,96,1,4,90250.7
177,96,1,6,135376
179,96,1,23,767810.4
180,96,1,23,767810.4
181,96,1,12,400596.7
184,96,1,2,46240.6
187,96,1,5,115601.5
189,96,1,4,102394.6
190,96,1,3,76795.9
191,96,1,2,51197.3
192,96,1,10,255986.5
195,96,1,1,21588.3
200,96,1,1,28456.9
204,96,1,5,129621.4
205,96,1,6,155545.7
206,96,1,10,259242.8
210,96,1,7,162659.3
215,96,1,1,30841.8
219,96,1,2,50657.6
221,96,1,2,50657.6
223,96,1,9,203959.8
224,96,1,7,158635.4
225,96,1,18,407919.6
227,96,1,2,45324.4
229,96,1,2,42278.2
232,96,1,3,63417.4
236,96,1,2,49036.4
237,96,1,3,73554.6
238,96,1,4,86675
242,96,1,1,21668.7
243,96,1,1,22045.9
244,96,1,8.5,187390.4
245,96,0,24,575573.1
246,96,1,4,88183.7
251,96,1,3,66047
252,96,1,13.5,297211.4
253,96,0,34,622512.4
254,96,0,33.5,786380.7
255,96,0,32,845501.6
138,97,1,6,164994.5
139,97,1,12,329989.1
140,97,1,5.5,151245
144,97,1,2,55702.6
145,97,1,10,278513.1
146,97,1,9,250661.7
159,97,1,3,76193.8
166,97,1,4,101090
167,97,1,5,126362.6
169,97,1,1,28263
170,97,1,13,367418.5
175,97,1,8,226103.7
176,97,1,3,84788.9
178,97,1,18,496854.6
179,97,1,22.5,621068.3
180,97,0,29,795169.2
181,97,1,14,386442.5
182,97,1,19,524457.7
183,97,1,2,59322.6
184,97,1,1,29661.3
185,97,1,2,59322.6
186,97,1,7,207629.1
187,97,1,1,29661.3
190,97,1,2,53581.1
193,97,1,3,82293.9
194,97,1,7,192019.1
203,97,1,3,85370.7
204,97,1,5,142284.5
205,97,1,10,284569
206,97,0,33,840809.2
207,97,1,4,113827.6
209,97,1,3,76013.6
213,97,1,1,25337.9
220,97,1,5,128434.9
222,97,1,21.5,552270.2
223,97,1,19.5,493911.6
224,97,1,8,202630.4
225,97,1,1,25328.8
226,97,1,2,50657.6
231,97,1,4,94363
232,97,1,2,47181.5
236,97,1,6,141544.4
237,97,1,2,47181.5
240,97,1,3,65006.2
241,97,1,2,43337.5
242,97,1,2,43337.5
245,97,1,3,64364.9
247,97,1,1,21455
250,97,1,2,33084.1
251,97,1,3,49626.2
252,97,1,47.5,785747.7
253,97,1,7,160155.1
254,97,1,17,388948.2
255,97,1,32,732137.8
133,98,1,4,124504
134,98,1,11,342386.1
135,98,1,12,373512.1
136,98,1,4.5,140067
137,98,1,7,217882
139,98,0,27,807702.1
140,98,1,15,412486.3
142,98,1,2,54998.2
143,98,0,27,622853.8
144,98,0,27,828854
145,98,1,6,167107.8
162,98,1,1,25397.9
164,98,1,2,50545
172,98,1,1,28263
174,98,1,3,84788.9
177,98,1,2,56525.9
179,98,1,7,193221.2
180,98,1,13,358839.5
181,98,1,15,414045.5
182,98,1,12,331236.4
184,98,1,1,29661.3
185,98,1,4,118645.2
186,98,1,7,207629.1
193,98,1,3,82293.9
194,98,1,5,137156.5
195,98,1,5,137156.5
196,98,1,2,54862.6
201,98,1,9,196164
202,98,1,6,130776
203,98,1,2,56913.8
205,98,1,6,170741.4
206,98,1,23,654508.8
207,98,1,4,113827.6
209,98,1,1,25337.9
211,98,1,2,50675.7
214,98,1,3,76013.6
218,98,1,1,25687
222,98,1,2,51374
223,98,1,5,126644
228,98,1,5,117953.7
232,98,1,1.5,35386.1
233,98,1,1,23590.7
234,98,1,5,117953.7
235,98,1,1,23590.7
238,98,1,4,86675
243,98,1,8,171639.7
244,98,1,1,21455
253,98,1,4,91517.2
132,99,1,1,31126
133,99,1,2,62252
134,99,0,28,1088184
135,99,0,49,1586787.6
136,99,1,11.5,357949.1
138,99,0,38,1356779.4
139,99,0,31,862178.9
140,99,1,4.5,123745.9
141,99,0,30,758893.7
142,99,0,42.5,1001362.6
143,99,0,63.5,1507255.8
144,99,0,38.5,936960.1
145,99,0,40,1021097.9
146,99,1,3,83553.9
148,99,1,3,80247
156,99,1,5,130047.2
158,99,1,6,152387.5
159,99,1,3,76193.8
164,99,1,1,25272.5
166,99,1,3,75817.5
171,99,1,1,28263
173,99,1,2,56525.9
174,99,1,5,141314.8
175,99,1,3,84788.9
177,99,1,5,141314.8
178,99,1,4,110412.1
179,99,1,1,27603
180,99,1,2,55206.1
181,99,1,15,414045.5
182,99,1,9,248427.3
187,99,1,2,59322.6
191,99,1,1,26790.6
199,99,1,2,43592
200,99,1,17,370532
201,99,0,83,1873524.1
202,99,0,25,554253.6
203,99,1,2,56913.8
207,99,1,2,56913.8
208,99,1,4,101351.5
211,99,1,3,76013.6
214,99,1,1,25337.9
218,99,1,1,25687
219,99,1,2,51374
224,99,1,2,50657.6
232,99,1,2,47181.5
236,99,1,4,94363
237,99,1,2,47181.5
238,99,1,1,21668.7
240,99,1,2.5,54171.9
245,99,1,2,42909.9
246,99,1,2,42909.9
250,99,1,1,16542.1
253,99,1,2,45758.6
254,99,1,4,91517.2
133,100,1,7,217882
134,100,1,19,591394.1
135,100,0,30,1057512
136,100,1,7,217882
137,100,1,1,31126
138,100,1,23,632479
139,100,0,34,771146.2
140,100,0,24,627218.2
141,100,1,11,302490
142,100,0,32,819540.6
143,100,0,30.5,742628.1
144,100,1,20,557026.1
145,100,1,26,724133.9
154,100,0,28,694471.7
155,100,0,74,1665847.5
156,100,0,35,807290.1
157,100,1,13,338122.8
158,100,1,1,25397.9
163,100,1,3,75817.5
169,100,1,2,56525.9
172,100,1,5,141314.8
178,100,1,2,55206.1
179,100,1,14,386442.5
180,100,1,7,193221.2
181,100,1,1,27603
182,100,1,20,552060.7
185,100,1,2,59322.6
187,100,1,7,207629.1
188,100,1,5,133952.8
192,100,1,5,133952.8
200,100,0,49,1278241.1
201,100,0,50,1129007.1
202,100,1,6,130776
219,100,1,2,51374
220,100,1,14,359617.8
223,100,1,1,25328.8
227,100,1,2,50657.6
230,100,1,2,47181.5
232,100,1,1,23590.7
236,100,1,4,94363
237,100,1,1,23590.7
239,100,1,3,65006.2
240,100,1,1,21668.7
241,100,1,8,173350
243,100,1,2,42909.9
248,100,1,1,16542.1
253,100,1,3,68637.9
254,100,1,2,45758.6
255,100,1,5,114396.5
132,101,1,2,62252
133,101,1,22,684772.1
134,101,1,14,435764.1
135,101,1,8,249008
136,101,1,16.5,513579.1
137,101,0,16,504543.9
138,101,0,48,1538528.3
139,101,0,27.5,649079.2
140,101,0,78,2115878.5
141,101,0,40,899368.1
142,101,0,36,581478.7
149,101,1,23,615226.8
150,101,1,12,320987.9
154,101,0,96.5,2137949.8
155,101,0,36,822472.3
156,101,0,94,2374118.9
157,101,1,25,650236.2
158,101,1,2,50795.8
161,101,1,11,279377.1
162,101,1,4,101591.7
166,101,1,1,25272.5
167,101,1,2,50545
179,101,0,27,788062
180,101,1,7,193221.2
181,101,1,6,165618.2
182,101,1,25,690075.9
183,101,1,2,59322.6
184,101,1,2,59322.6
185,101,1,1,29661.3
186,101,1,3,88983.9
187,101,1,2,59322.6
189,101,1,2,53581.1
190,101,1,3,80371.7
191,101,1,4,107162.3
192,101,1,19,509020.8
199,101,1,7,152572
200,101,1,12.5,272450
201,101,1,11,239756
208,101,1,4,101351.5
209,101,1,6,152027.2
216,101,1,2,50675.7
219,101,1,12,308243.8
220,101,1,5,128434.9
222,101,1,3,77061
223,101,1,6.5,164637.2
224,101,1,3,75986.4
246,101,1,4,85819.8
249,101,1,1,16542.1
252,101,1,5,82710.3
254,101,1,4,91517.2
255,101,1,2,45758.6
132,102,1,9,279296.7
133,102,1,12,383562.7
134,102,0,80.5,1929147.9
135,102,0,45.5,928021.3
136,102,0,41,1098297.2
137,102,0,42,1106150.5
138,102,0,23,669542.3
139,102,0,48,1019776.6
140,102,0,27,802149
141,102,1,6,175179.8
147,102,1,5,112921
148,102,0,19,631908.2
149,102,1,8,218610.5
152,102,0,31,792661.2
153,102,0,26,698576.2
154,102,0,22,513514.3
155,102,0,106,1868048.8
156,102,0,124.5,2529512.7
157,102,1,11.5,325119.2
158,102,1,4,114215.7
161,102,1,4,114215.7
162,102,0,28,762798.7
163,102,1,5,128588.5
164,102,1,1,25717.7
173,102,1,3,82995.5
180,102,1,4,90967.8
181,102,1,2,45483.9
190,102,1,7,208342.7
191,102,0,22,617718.7
192,102,0,43,1220587.8
193,102,1,4,108290.7
197,102,1,9.5,257190.4
199,102,1,5,158220.2
204,102,1,4,100885.7
205,102,1,3,75664.3
206,102,1,12,302657.1
209,102,1,1,21855.4
211,102,1,1,21855.4
212,102,1,5,109277.2
213,102,1,1,21855.4
216,102,1,6,131132.7
222,102,1,5,137827.9
227,102,1,1,27565.6
229,102,1,3,67548.8
230,102,1,3,67548.8
231,102,1,1,22516.3
232,102,1,5,112581.3
233,102,1,2,50385.1
235,102,1,1,25192.6
240,102,1,1,25507.6
241,102,1,5,127538.1
242,102,1,7,178553.3
244,102,1,2,46563.2
250,102,1,3,75902.5
251,102,1,2,50601.6
252,102,1,2,50601.6
253,102,1,4,101203.3
132,103,0,15.5,403834.1
133,103,0,29,1041847.9
134,103,0,24,831831.6
135,103,0,77,1575376.5
136,103,0,43,1387422.9
137,103,0,42.5,1041781.7
138,103,0,31,703863.2
139,103,0,71.5,1688556.9
140,103,0,50.5,1089546.7
141,103,0,32,750227.2
142,103,0,29,575590.6
144,103,1,14.5,327470.9
146,103,1,6,135505.2
147,103,1,15,338763
148,103,0,50,1268415.6
149,103,1,5,136631.5
152,103,1,2,54652.6
153,103,1,3,84813.7
154,103,0,58,1713769.7
155,103,0,30.5,881524.6
156,103,0,50,1398033.7
157,103,1,6,169627.4
162,103,1,23,656740.1
163,103,1,3,77153.1
166,103,1,4,102870.8
167,103,1,2,51435.4
171,103,1,2,55330.3
175,103,1,2,55330.3
178,103,1,3,68225.8
180,103,1,9,204677.5
181,103,1,4,90967.8
182,103,1,1,22741.9
183,103,1,2,51975.8
185,103,1,4,103951.5
186,103,1,3,77963.7
187,103,1,4,103951.5
188,103,1,15,446448.6
189,103,1,18,535738.3
190,103,1,13,386922.1
191,103,1,2,59526.5
192,103,1,11,327395.6
193,103,0,24,754911.3
194,103,1,13,351944.8
195,103,0,24,643434.3
197,103,1,2,54145.4
198,103,1,7,221508.3
203,103,1,15.5,390932.1
204,103,1,2,50442.8
206,103,1,2,50442.8
208,103,1,1,21855.4
209,103,1,3,65566.3
210,103,1,2,43710.9
211,103,1,2,43710.9
229,103,1,1,22516.3
231,103,1,3,67548.8
232,103,1,1,22516.3
236,103,1,3.5,88174
237,103,1,14,352696
239,103,1,5,127538.1
240,103,1,13,331599
245,103,1,2,46563.2
252,103,1,1,25300.8
131,104,1,16.5,512043.9
132,104,1,10,310329.7
133,104,0,52.5,1512306.7
134,104,0,61,1551757.9
135,104,0,37,949525.6
136,104,0,44,1313584.5
137,104,0,22,666510.7
138,104,0,20.5,612786.3
139,104,0,82.5,1748652.3
140,104,0,71.5,1521784.1
141,104,0,55.5,1304527.4
142,104,0,39,932591.2
143,104,1,1,22584.2
148,104,1,8,218610.5
149,104,1,1,27326.3
153,104,1,4,113084.9
154,104,1,8,226169.8
156,104,1,7,197898.6
158,104,1,5,142769.6
159,104,1,11,314093.1
160,104,1,11,314093.1
162,104,1,1,28553.9
164,104,1,4,102870.8
165,104,1,3,77153.1
166,104,1,4,102870.8
176,104,1,1,27665.2
178,104,1,2,45483.9
179,104,1,4,90967.8
180,104,1,11,250161.3
182,104,1,8,181935.5
183,104,1,12,311854.6
184,104,1,6,155927.3
186,104,1,1,25987.9
187,104,1,10,259878.9
188,104,0,67,1890202.9
189,104,0,38,1078806
190,104,1,2,59526.5
192,104,0,45,1418194.8
193,104,0,53.5,1574789.8
194,104,0,74,2445812.4
195,104,0,64,1831928.7
196,104,1,21,568526.2
198,104,1,5,158220.2
199,104,0,81,1898495.3
200,104,1,1,31644
207,104,1,8,201771.4
212,104,1,1,21855.4
213,104,1,2,43710.9
222,104,1,3,82696.7
233,104,1,2,50385.1
235,104,1,1,25192.6
237,104,1,5,125962.8
238,104,1,16,408121.8
239,104,0,36,904225.1
240,104,0,20,499487.7
241,104,1,2,51015.2
245,104,1,2,46563.2
252,104,1,2,50601.6
131,105,1,6,186197.8
132,105,0,25,916411.2
133,105,0,48,1386386.6
134,105,0,37.5,1017519.5
135,105,1,6,191781.3
136,105,0,36,970079.9
137,105,1,5,159817.8
138,105,0,33,1057620.4
139,105,1,2,58393.3
140,105,1,18,525539.4
141,105,0,24,678117.3
142,105,1,16,467146.1
145,105,1,6,135505.2
147,105,1,1,22584.2
148,105,1,4,109305.2
150,105,1,5,136631.5
151,105,1,2,54652.6
152,105,1,10,273263.1
153,105,1,1,28271.2
156,105,1,1,28271.2
160,105,1,14,399754.8
161,105,1,16,456862.7
162,105,1,1,28553.9
165,105,1,10,257177.1
167,105,1,1,25717.7
169,105,1,2,55330.3
171,105,1,6,165991
173,105,1,1,27665.2
175,105,1,3,82995.5
178,105,1,3,68225.8
180,105,1,17,386613
181,105,0,47.5,1145193.1
182,105,0,56,1076159.8
183,105,1,18,467782
184,105,0,32,1039701.3
188,105,1,14,416685.4
189,105,0,59,1663002.6
191,105,1,3,89289.7
192,105,0,50,1507873.6
193,105,0,80.5,2339088.2
194,105,0,67.5,1702493.4
195,105,0,29,655920.8
196,105,0,53,1320353.7
197,105,0,49,1209919
198,105,0,32,741788.2
199,105,0,58.5,1355471.8
203,105,1,7,176550
205,105,1,3,75664.3
206,105,1,4,100885.7
207,105,1,1,25221.4
212,105,1,2,43710.9
213,105,1,5,109277.2
215,105,1,1,21855.4
218,105,1,2,55131.1
221,105,1,4,110262.3
225,105,1,8,220524.6
226,105,1,1,27565.6
229,105,1,2,45032.5
231,105,1,4,90065
234,105,1,1,25192.6
235,105,1,5,125962.8
236,105,1,8,201540.6
237,105,1,2,50385.1
238,105,1,9.5,242322.3
239,105,1,18,459137
241,105,1,2,51015.2
243,105,1,1,23281.6
245,105,1,5,116408
131,106,1,7,217230.8
132,106,0,31,794879.6
133,106,0,74,1745948.3
134,106,0,25.5,717138.3
135,106,1,17,543380.5
136,106,0,28,732495.2
137,106,1,10,319635.6
138,106,0,21,590284
139,106,1,18.5,540137.7
140,106,1,1,29196.6
151,106,1,3,81978.9
152,106,1,26,710484
153,106,1,8,226169.8
160,106,1,5,142769.6
161,106,1,3,85661.8
165,106,1,6,154306.2
166,106,1,6,154306.2
169,106,1,2,55330.3
170,106,1,2,55330.3
171,106,0,27,804393.6
172,106,1,18,497972.9
173,106,1,2,55330.3
178,106,1,2,45483.9
181,106,0,57.5,1265133.1
182,106,0,76,2003408.8
183,106,0,54.5,1226102
184,106,1,10,259878.9
187,106,1,9,233891
188,106,0,29,913347
189,106,0,39,1064485.7
190,106,1,13,386922.1
192,106,1,15.5,461330.2
193,106,0,66,1909454
194,106,0,43,951416.1
195,106,0,30.5,712003.8
196,106,0,62,1418101.1
197,106,0,35,1034204.9
198,106,0,68.5,1841830.2
199,106,1,14,443016.6
200,106,1,2,63288.1
201,106,1,2,63288.1
202,106,1,5,158220.2
203,106,1,5,126107.1
206,106,1,1,25221.4
207,106,1,8,201771.4
208,106,1,13,284120.8
209,106,1,18,393398
213,106,1,1,21855.4
217,106,1,1,21855.4
218,106,1,4,110262.3
231,106,1,3,67548.8
233,106,1,1,25192.6
234,106,1,11,277118.3
235,106,1,23,579429.1
236,106,1,11,277118.3
238,106,0,33,763824.2
239,106,0,43,870645.1
241,106,1,3,76522.8
244,106,1,4,93126.4
245,106,1,5,116408
247,106,1,3,69844.8
254,106,1,3,75902.5
255,106,1,4,101203.3
132,107,0,28,834057.6
133,107,0,40,1194210.3
134,107,1,10,292249
136,107,1,2,58449.8
137,107,0,22,654452.2
138,107,1,11,315148.6
139,107,1,5,143249.4
146,107,1,3,77495.3
151,107,1,7,188095.7
152,107,0,27,718333.1
153,107,1,15,344663.5
154,107,1,2,45955.1
155,107,1,2,45955.1
162,107,1,3,77153.1
163,107,1,6,157607.5
164,107,1,17.5,459688.6
165,107,1,15,394018.8
166,107,1,9,236411.3
168,107,1,5,144159.8
170,107,1,2,57663.9
171,107,1,14,403647.3
172,107,1,3,86495.9
173,107,1,18,503705.7
174,107,1,8,223869.2
175,107,1,2,55967.3
176,107,1,5,139918.2
177,107,1,11,307820.1
178,107,1,2,58379.7
179,107,1,3,87569.6
180,107,1,4,116759.5
181,107,0,37,916630.3
182,107,0,51,1168479.1
183,107,0,79.5,2357536.8
184,107,0,24,815975.6
185,107,1,3,91283.6
186,107,1,23,699840.9
187,107,0,48,1472046.7
188,107,0,20.5,642189.5
189,107,1,20,592912.8
190,107,0,37,1263577
192,107,1,13,385393.3
193,107,0,40,1126959
194,107,0,44.5,1085458.4
195,107,0,59,1613648
196,107,0,40,1117121.3
197,107,0,70,1860734
198,107,1,21.5,673936.9
199,107,1,2,62691.8
200,107,1,1,31345.9
203,107,1,7,198753.3
207,107,1,24,681440
208,107,0,23,633435.2
209,107,1,3,81987.3
211,107,1,2,54658.2
213,107,1,4,116326.5
215,107,1,4,116326.5
220,107,1,4,85419.7
226,107,1,6,147611.1
227,107,1,2,49203.7
228,107,1,5,137193.2
230,107,1,4,109754.6
232,107,1,4,109754.6
233,107,1,5,124123.1
234,107,1,9,223421.6
235,107,1,1,24824.6
236,107,0,41,973885.6
237,107,0,33,822374.5
238,107,0,43,1000818.1
239,107,0,28,651858.7
240,107,1,7,168433.7
241,107,1,3,72185.9
243,107,1,7,173842.5
249,107,1,10,258377.8
250,107,1,9,232540
131,108,1,4,124957.7
132,108,1,9,281154.8
133,108,0,32.5,785212.3
134,108,1,17,496823.2
137,108,1,11,321473.9
138,108,0,31,1021211.3
139,108,1,1,28649.9
145,108,1,2,51663.5
148,108,1,5,134354.1
150,108,1,12,322449.8
153,108,1,8,183820.5
164,108,1,8,210143.4
165,108,0,30,526864.4
166,108,1,18,472822.5
167,108,1,18,472822.5
174,108,1,15,419754.7
175,108,1,2,55967.3
176,108,1,4,111934.6
177,108,1,4,111934.6
179,108,1,1,29189.9
180,108,1,4,116759.5
181,108,1,3,87569.6
182,108,0,39.5,1091573.8
183,108,0,56,1775047
184,108,1,8,243422.9
186,108,0,43.5,1281494.6
187,108,0,57,1715345.9
188,108,1,13,385393.3
189,108,1,17,503975.9
190,108,0,30.5,813194.8
191,108,1,8,237165.1
192,108,1,8,237165.1
193,108,0,23,723313.3
194,108,0,31.5,789087.2
195,108,0,58,1743383
196,108,0,37,1151187.3
197,108,1,17.5,513150.2
198,108,1,4,125383.6
199,108,1,7,219421.3
200,108,1,4,125383.6
201,108,1,15,470188.6
202,108,1,4,125383.6
203,108,1,6,170360
204,108,1,23,653046.7
207,108,1,6.5,184556.7
208,108,1,13,355278.4
209,108,1,9,245962
210,108,0,21,512123.7
211,108,1,16,437265.8
213,108,1,1,29081.6
221,108,1,1,21354.9
235,108,1,2,49649.2
236,108,0,42,856148.3
237,108,1,12,297895.4
238,108,0,48,1058975.3
239,108,0,77,1782453.8
240,108,1,8,192495.7
241,108,1,6,144371.8
242,108,1,6,144371.8
243,108,1,5,124173.2
246,108,1,2,49669.3
249,108,1,4,103351.1
250,108,1,2,51675.6
252,108,1,2,51675.6
253,108,1,2,46818
255,108,1,4,93636.1
131,109,1,10,312394.2
132,109,0,20,731888.1
133,109,1,12.5,365311.2
134,109,1,8,233799.2
136,109,1,10,292249
137,109,0,17,423738.6
138,109,0,41,1349653.6
139,109,1,2,57299.8
146,109,1,3,77495.3
147,109,1,1,25831.8
148,109,1,6,161224.9
149,109,1,22,591158
150,109,1,17,456803.9
151,109,1,10,268708.2
152,109,1,4,107483.3
155,109,1,1,22977.6
164,109,1,2,52535.8
165,109,1,7.5,197009.4
166,109,1,1,26267.9
167,109,0,32,933701.9
168,109,1,19,547807.1
175,109,1,2,55967.3
176,109,1,12,335803.8
177,109,1,3,83950.9
179,109,1,3,87569.6
181,109,1,21,612987.3
182,109,0,37,1014111.8
183,109,0,48.5,1497641.9
184,109,1,15,456418
185,109,1,9,273850.8
186,109,0,45.5,1497775.5
187,109,1,11,334706.5
188,109,1,8,237165.1
189,109,1,13,385393.3
190,109,1,1,29645.6
191,109,1,5,148228.2
193,109,1,1,29322.9
194,109,1,8,234583
195,109,1,1,29322.9
197,109,1,1,29322.9
202,109,1,20,626918.1
203,109,1,7,198753.3
204,109,1,13.5,383310
205,109,1,7,198753.3
209,109,1,7,191303.8
210,109,0,27,685117
211,109,0,46,1031624.3
212,109,1,3,81987.3
213,109,1,2,58163.3
217,109,1,2,58163.3
219,109,1,1,21354.9
220,109,1,2,42709.8
221,109,1,5.5,117452.1
224,109,1,5,123009.2
226,109,1,4,98407.4
228,109,1,1,27438.6
230,109,1,2,54877.3
231,109,1,3,82315.9
235,109,1,2,49649.2
236,109,0,52,1001585
237,109,0,39,785202.7
238,109,0,47,977844.2
239,109,0,46,1038825.3
240,109,1,9,216557.7
241,109,1,13,312805.5
243,109,1,2,49669.3
246,109,1,2,49669.3
253,109,1,9,210681.1
134,110,1,4,116899.6
136,110,1,4.5,131512
137,110,0,26.5,647641.4
138,110,1,10,286498.8
146,110,1,4,103327.1
147,110,1,3,77495.3
148,110,1,7,188095.7
150,110,0,31,901123.2
151,110,0,19,507066.3
152,110,1,4,107483.3
155,110,1,12.5,287219.6
161,110,1,8,205741.6
162,110,1,3,77153.1
163,110,1,17,446554.6
164,110,0,32,781945.4
166,110,1,2,52535.8
167,110,1,6,157607.5
168,110,1,21.5,619887
169,110,1,12,345983.4
171,110,1,2,57663.9
172,110,1,2,57663.9
173,110,1,20,559673
174,110,1,23,643623.9
175,110,1,15,419754.7
176,110,0,24.5,630621.9
177,110,1,20,559673
178,110,1,4,116759.5
179,110,1,7,204329.1
180,110,1,4,116759.5
181,110,1,9,262708.8
182,110,0,28,778021
183,110,1,5,152139.3
184,110,0,26,655381.4
185,110,0,24,564669.6
186,110,1,11,334706.5
205,110,1,10,283933.4
206,110,1,4,113573.3
207,110,1,6,170360
209,110,0,42,980280.9
210,110,0,46.5,1003615.5
211,110,1,2,54658.2
212,110,1,8,218632.9
213,110,1,5,145408.2
214,110,1,11,319898
218,110,1,3,64064.8
219,110,1,3,64064.8
224,110,1,8,196814.8
225,110,1,4,98407.4
226,110,1,14,344425.9
230,110,1,1,27438.6
235,110,1,2,49649.2
236,110,1,8,198597
237,110,0,28,624462.6
238,110,1,16,384991.4
239,110,1,14,336867.5
240,110,0,31,839232.7
241,110,0,23,468307.3
242,110,0,27,696845.2
244,110,1,10,248346.4
245,110,1,2,49669.3
250,110,1,2,51675.6
254,110,1,6,140454.1
135,111,1,6,175349.4
136,111,0,18,548357.8
137,111,0,53,1647097.9
138,111,1,5.5,157574.3
143,111,1,3,77495.3
146,111,1,1,25831.8
148,111,1,2,53741.6
150,111,1,4,107483.3
151,111,0,23.5,535325.4
152,111,1,21,564287.2
162,111,1,2,51435.4
163,111,1,2,52535.8
164,111,1,3,78803.8
166,111,1,1,26267.9
167,111,1,1,26267.9
168,111,1,1,28832
169,111,1,29,836126.6
170,111,1,5,144159.8
175,111,1,1,27983.6
177,111,0,25,638016.1
178,111,1,3,87569.6
179,111,1,17,496227.8
180,111,1,18.5,540012.6
181,111,1,22,642177.2
182,111,1,23,671367
183,111,0,55,1641279.1
184,111,0,29,924182.7
185,111,0,44,1137736.6
207,111,1,2,56786.7
208,111,1,8,218632.9
209,111,1,15,409936.7
210,111,0,40,975588.7
211,111,0,29.5,623265.6
212,111,0,19.5,519743
213,111,0,34,988119.6
214,111,1,13,378061.2
216,111,1,3,87244.9
218,111,1,4,85419.7
221,111,1,6,128129.5
223,111,1,3,73805.5
224,111,1,11,270620.3
225,111,0,23,694496.2
226,111,1,10,246018.5
227,111,1,5,123009.2
228,111,1,5,137193.2
232,111,1,3,82315.9
234,111,1,8,198597
236,111,0,29,694745.1
237,111,1,18,446843.2
238,111,0,27.5,712138.4
239,111,1,7,168433.7
240,111,1,8,192495.7
241,111,1,12,288743.6
242,111,1,15.5,372960.4
243,111,1,4,99338.5
245,111,1,1,24834.6
248,111,1,5,129188.9
253,111,1,1,23409
254,111,1,4,93636.1
134,112,1,4,126219.2
135,112,1,10,315548
136,112,1,11,347102.8
137,112,0,20,561599.7
138,112,1,4,99976.8
139,112,1,1,24994.2
140,112,1,5,124971
142,112,1,2,49988.4
143,112,1,7,207303.8
144,112,1,3,88844.5
145,112,1,19,562681.8
146,112,1,20,592296.6
150,112,1,8,209597.3
151,112,0,37,1025878.8
153,112,1,5,131204.7
159,112,1,2,45483.7
160,112,1,6,136451.2
164,112,1,2,46949.7
168,112,1,1,29940.4
169,112,1,18,538926.9
170,112,0,32,873147.9
172,112,1,2,59880.8
173,112,1,4,112055.8
175,112,1,3,84041.9
178,112,1,6,174733.4
179,112,1,4,116488.9
180,112,1,22,640689.2
181,112,1,14,407711.3
182,112,0,30,925954
183,112,0,48,1074691.7
184,112,0,41.5,1306785.4
185,112,1,12,317931.9
207,112,1,1,34215.3
208,112,0,38,1015448.6
209,112,0,42,1096063.7
210,112,0,28.5,819815.4
211,112,0,29,599968.6
212,112,1,23,692673
213,112,1,3,85160
214,112,1,13,369026.7
215,112,1,11,312253.4
216,112,0,78,1685899.6
217,112,0,22,369305.3
220,112,1,6,160366.3
221,112,1,23.5,628101.5
222,112,1,2,53455.4
223,112,1,8,200605.7
224,112,0,18,430386.6
225,112,0,28,703340.9
226,112,1,7,175530
227,112,1,4,100302.9
232,112,1,8,200220.8
235,112,1,2,52692
236,112,1,2,52692
237,112,1,12,316152
238,112,1,12,310237.5
239,112,1,8,206825
240,112,1,12,310237.5
241,112,1,9,232678.1
242,112,1,13,336090.7
245,112,1,10,258990.5
247,112,1,2,51798.1
251,112,1,12,357517
255,112,1,2,48478.8
134,113,1,9,283993.2
135,113,1,1,31554.8
136,113,1,6,189328.8
137,113,1,17,536431.6
138,113,1,7,174959.4
139,113,1,11,274936.2
140,113,1,11,274936.2
142,113,1,10,249942
143,113,0,28,762719.7
144,113,1,15,444222.5
145,113,0,21,579290.1
146,113,1,5,148074.2
150,113,1,6,157198
151,113,1,17,445394.3
157,113,1,1,26240.9
159,113,1,3,68225.6
160,113,1,1,22741.9
164,113,1,4,93899.4
166,113,1,4,93899.4
167,113,1,23,539921.5
168,113,1,24,718569.2
169,113,1,19,568867.3
170,113,1,12,359284.6
171,113,1,15,449105.8
172,113,1,14,419165.4
173,113,1,14,392195.3
174,113,1,1,28014
175,113,1,2,56027.9
177,113,1,4,112055.8
178,113,1,2,58244.5
182,113,1,17,495078
183,113,0,40,1214661.8
184,113,0,58,1627347.4
185,113,0,46,1108012.3
207,113,1,1,34215.3
208,113,0,53,1500023.1
209,113,0,22,568725.9
210,113,0,33,957274.3
211,113,0,32.5,893135.5
212,113,0,31.5,867049.5
213,113,1,7,198706.7
215,113,0,24,679706.9
216,113,0,49,1249068.8
217,113,0,32,720471
218,113,1,15,400915.9
219,113,1,6,160366.3
221,113,1,22,588009.9
222,113,0,28,771947.9
223,113,0,31.5,825237.2
224,113,1,18,451362.9
225,113,1,4,100302.9
229,113,1,1,25027.6
230,113,1,2,50055.2
234,113,1,2,52692
235,113,1,13,342498
238,113,1,4,103412.5
239,113,1,1,25853.1
240,113,1,3,77559.4
241,113,1,19,491209.4
242,113,1,8,206825
244,113,1,1,25899.1
245,113,1,17,440283.9
248,113,1,1,29793.1
251,113,1,1,29793.1
252,113,1,1,29793.1
253,113,1,2,48478.8
254,113,1,1,24239.4
135,114,1,1,31554.8
137,114,1,3,94664.4
138,114,1,8,199953.6
139,114,1,6,149965.2
140,114,1,4,99976.8
141,114,1,9,224947.8
142,114,0,21,602012.7
143,114,1,20,592296.6
144,114,1,19,562681.8
145,114,0,23,826534.1
148,114,1,4,104798.6
149,114,1,2,52399.3
150,114,1,2,52399.3
154,114,1,6,157445.7
155,114,1,4,104963.8
156,114,1,2,52481.9
159,114,1,5,113709.3
160,114,1,2,45483.7
165,114,1,2,46949.7
166,114,1,5,117374.2
167,114,1,1,23474.8
168,114,1,12,359284.6
171,114,1,9,269463.5
172,114,1,15,449105.8
173,114,1,20,560279
174,114,1,17,476237.2
176,114,1,1,28014
177,114,1,13,364181.4
181,114,1,10,291222.4
182,114,1,13,378589.1
183,114,1,14,370920.6
184,114,0,32.5,846337.3
185,114,0,34,933445.6
187,114,1,6,158966
206,114,1,1,34215.3
208,114,1,8,240929.7
209,114,0,28,829750.1
210,114,1,12,361394.6
211,114,0,26,815108.1
212,114,0,38,1027505.8
213,114,1,5,141933.3
214,114,1,6,170320
215,114,1,15,425800
216,114,0,20,412497
217,114,0,33.5,900683.4
221,114,1,20,534554.5
222,114,0,34,845115.5
223,114,0,42,1280945.5
224,114,1,25,626892.9
226,114,1,2,50151.4
228,114,1,1,25027.6
236,114,1,2,52692
238,114,0,19,393399.8
241,114,1,2,51706.3
243,114,1,4,103596.2
244,114,1,2,51798.1
245,114,1,19,492082
248,114,1,3,89379.3
251,114,1,1,29793.1
253,114,1,7,169675.6
133,115,1,1,31554.8
135,115,1,2,63109.6
138,115,1,1,24994.2
139,115,1,1,24994.2
140,115,1,1,24994.2
141,115,1,13,324924.6
142,115,0,19,414752.6
143,115,1,1,29614.8
144,115,1,9,266533.5
145,115,1,10,296148.3
149,115,1,14,366795.3
150,115,1,12,314395.9
151,115,1,6,157198
152,115,1,5,130998.3
153,115,1,1,26240.9
154,115,1,2,52481.9
155,115,1,4.5,118084.3
156,115,1,3,78722.8
163,115,1,4,93899.4
164,115,1,1,23474.8
165,115,1,2,46949.7
170,115,1,5,149701.9
172,115,1,11,329344.2
173,115,1,1,28014
174,115,1,19.5,546272
175,115,1,11,308153.5
176,115,0,37,1039224.6
177,115,0,38,683645.3
178,115,1,16,465955.8
180,115,0,47.5,1038779.2
181,115,0,59.5,1663427.7
182,115,0,26,535188.9
183,115,1,23.5,622616.7
184,115,1,8,211954.6
185,115,0,84,1970152.2
187,115,1,14,370920.6
205,115,1,5,171076.6
206,115,1,3,102646
207,115,1,13,444799.1
208,115,1,12,361394.6
209,115,1,16,481859.5
210,115,1,21,632440.6
211,115,1,11,331278.4
212,115,1,20,602324.4
213,115,1,7,198706.7
215,115,1,22,624506.7
216,115,1,11,312253.4
217,115,0,33,868174.4
218,115,1,2,53455.4
221,115,0,21,595648.1
222,115,1,21,561282.2
223,115,0,38.5,885302.5
224,115,1,3,75227.1
231,115,1,2,50055.2
232,115,1,8,200220.8
237,115,1,14,368844
238,115,0,27,508205.3
239,115,1,5,129265.6
244,115,1,3,77697.2
245,115,1,7,181293.4
246,115,1,2,51798.1
249,115,1,2,59586.2
250,115,1,5,148965.4
253,115,1,5,121196.9
254,115,1,2,48478.8
255,115,1,1,24239.4
141,116,1,9,224947.8
142,116,1,6,149965.2
144,116,1,1,29614.8
148,116,1,8,209597.3
150,116,1,7,183397.6
151,116,1,4,104798.6
152,116,1,3,78599
153,116,1,19,498577.9
154,116,1,7,183686.6
155,116,1,9,236168.5
156,116,1,19,498577.9
162,116,1,17,386611.6
163,116,1,16,375597.6
164,116,1,6,140849.1
165,116,1,18,422547.3
169,116,1,2,59880.8
171,116,1,11,329344.2
172,116,1,6,179642.3
174,116,1,1,28014
176,116,1,16.5,462230.2
177,116,1,8,224111.6
178,116,0,43,1055936.8
179,116,0,16,397040.7
180,116,0,48.5,1375943.5
181,116,0,48,838293.1
182,116,0,23,589106.4
183,116,0,70.5,1857453.7
184,116,0,45,1347512.6
185,116,0,77,2168417.5
186,116,0,83.5,2203088.2
187,116,0,56,1704719.7
206,116,1,2,68430.6
208,116,1,5,150581.1
209,116,1,10,301162.2
212,116,1,2,60232.4
213,116,1,15,425800
214,116,1,4,113546.7
215,116,1,8,227093.4
216,116,1,4,113546.7
217,116,1,24,681280.1
218,116,1,10,267277.2
219,116,1,3,80183.2
220,116,1,2,53455.4
221,116,0,34,892641.9
222,116,0,42,1077316.9
223,116,0,54,1399278.7
224,116,0,21,520330.4
225,116,1,12,300908.6
226,116,1,2,50151.4
227,116,1,12,300908.6
228,116,1,3,75082.8
232,116,1,2,50055.2
234,116,1,15,395190
236,116,1,3,79038
237,116,0,23,611841
238,116,1,9,232678.1
239,116,1,2,51706.3
240,116,1,5,129265.6
244,116,1,6,155394.3
245,116,1,1,25899.1
248,116,1,5,148965.4
249,116,1,5,148965.4
253,116,1,7,169675.6
140,117,1,1,31631.2
141,117,1,3,94893.5
148,117,1,3,90306.3
150,117,1,11,331122.9
151,117,1,13,391327.1
152,117,1,20,602041.7
153,117,0,37,1039698.5
154,117,1,9,293725.1
155,117,1,17,554814.1
156,117,1,3,97908.4
161,117,1,4,125534.2
164,117,1,5,123017.2
165,117,1,21,516672.3
166,117,1,8,196827.5
169,117,1,2,46813
170,117,1,7,163845.7
171,117,1,5,117032.6
172,117,1,2,46813
174,117,1,3,87893.3
175,117,1,2,58595.5
176,117,1,9,263679.8
177,117,0,27,823151.6
178,117,0,83,1880225.7
179,117,0,121,2148278
180,117,0,63.5,1437643.5
181,117,0,114,2732346.1
182,117,0,124,2952700.1
183,117,0,87,2353191.1
184,117,0,30,956434.6
185,117,0,38.5,1052264
186,117,0,53,1590573.2
187,117,0,27,841229.7
212,117,1,1,28386.7
216,117,1,8,227093.4
217,117,1,2,56773.3
220,117,0,13,405077.2
221,117,0,32,875771.2
222,117,0,26,697018.3
223,117,0,27,600695.5
224,117,1,11,296404.7
225,117,1,5,134729.4
226,117,1,2,53891.8
227,117,1,15,404188.2
228,117,1,20,634028.7
229,117,1,10.5,332865.1
230,117,1,12,380417.2
231,117,1,2,63402.9
236,117,1,10,263022.1
237,117,1,3,78906.6
238,117,1,15,434988.7
241,117,1,3,86997.7
244,117,1,3,86365.7
245,117,1,7,201519.9
246,117,1,1,28788.6
247,117,1,2,57577.1
249,117,1,2,59842.4
251,117,1,3,89763.5
255,117,1,3,74032.5
135,118,1,2,49629.7
139,118,1,1,31631.2
140,118,1,1,31631.2
150,118,1,9,270918.8
151,118,1,3,90306.3
152,118,1,19,571939.6
153,118,1,28.5,930129.5
154,118,1,5,163180.6
161,118,1,1,31383.6
163,118,1,2,49206.9
164,118,0,24.5,578233
165,118,0,39,1145856.5
166,118,1,9,221431
168,118,1,8,187252.2
169,118,1,2,46813
170,118,1,7.5,175548.9
171,118,1,1,23406.5
175,118,1,5,146488.8
176,118,1,19,556657.4
177,118,0,58,1842531.5
178,118,0,55.5,1332982.7
179,118,0,156.5,2709417.3
180,118,0,62,1582002.7
181,118,0,90.5,2175141.3
182,118,0,90.5,1903119.2
183,118,0,129,3273593.7
184,118,0,30,776939.9
185,118,0,57.5,1663611.9
186,118,1,30,919142.8
187,118,0,69.5,1934843.8
188,118,0,38,1184666
216,118,1,2,56773.3
221,118,0,40,1061887
222,118,0,30,655780.1
223,118,0,34,858984.9
224,118,1,17.5,471552.9
225,118,1,11,296404.7
229,118,1,3,95104.3
230,118,1,10,317014.4
231,118,1,13,412118.7
232,118,1,17,538924.4
234,118,1,5,131511.1
236,118,1,13,341928.8
237,118,1,8,210417.7
238,118,1,11,318991.7
239,118,1,13,376990.2
240,118,1,1,28999.2
241,118,1,2,57998.5
244,118,1,3,86365.7
245,118,1,9,259097
246,118,1,13,374251.2
247,118,1,3,86365.7
248,118,1,2,59842.4
253,118,1,5,123387.5
254,118,1,9,222097.5
133,119,1,2,49629.7
134,119,1,4,99259.5
136,119,1,10,248148.7
137,119,1,9,223333.9
138,119,0,20,624937.4
139,119,1,1,31631.2
152,119,1,11,331122.9
154,119,1,21,685358.6
155,119,1,15,489541.9
156,119,0,22,582973.3
157,119,1,27,881175.4
159,119,1,11,345219.1
160,119,1,3,94150.7
161,119,1,6,188301.3
164,119,1,4,98413.8
165,119,0,43,739101
166,119,0,25,455850.9
168,119,1,7,163845.7
173,119,1,3,87893.3
174,119,1,15,439466.4
176,119,1,4,117191
177,119,0,35.5,1042175.2
178,119,0,42,1240787.7
179,119,0,34,1138189.4
180,119,0,69,1968377.7
181,119,0,44.5,1204945.5
182,119,0,56,1583878.1
183,119,0,193,4210214.1
184,119,0,100.5,2606221.5
185,119,0,67,1689184.9
186,119,0,72,2172649.5
187,119,0,45.5,1450057.6
188,119,0,47,1462262.6
189,119,0,41.5,1085402.2
190,119,1,2,68612.6
221,119,1,7,180218.6
222,119,1,18,463419.3
223,119,1,19,511971.7
224,119,0,38.5,844836
225,119,1,2,53891.8
229,119,1,1,31701.4
230,119,1,6,190208.6
231,119,0,27,750676.3
232,119,1,18,570625.9
233,119,1,2,52604.4
235,119,1,1,26302.2
236,119,1,16,420835.4
237,119,1,10,263022.1
238,119,1,10,289992.5
239,119,1,5,144996.2
240,119,1,1,28999.2
245,119,1,6,172731.3
246,119,0,22,791426.9
247,119,1,8,230308.4
248,119,1,3,89763.5
249,119,1,7,209448.3
250,119,1,5,149605.9
254,119,1,3,74032.5
255,119,1,7,172742.5
133,120,1,1,24814.9
134,120,0,22.5,693816.5
135,120,1,17,421852.9
136,120,0,35.5,930224.7
137,120,0,61,1621979.4
138,120,0,43,1059484.3
139,120,1,21.5,680069.8
153,120,1,5,163180.6
154,120,1,16,522178
155,120,0,22,708052.3
156,120,0,34,969605.8
157,120,1,5,163180.6
159,120,1,3,94150.7
160,120,1,16,502136.8
162,120,1,1,31383.6
163,120,1,6,147620.6
164,120,1,22,541275.7
165,120,0,40,966805.7
166,120,1,1,24603.4
172,120,1,5,117032.6
174,120,0,82.5,1584252.8
175,120,0,39,968356.7
176,120,0,28,972664
177,120,1,19,556657.4
178,120,0,46,1525139.4
179,120,0,41.5,1299001.9
180,120,0,19,566134.1
181,120,0,42,1362987.2
182,120,0,57,1436799.3
183,120,0,31,998278.7
184,120,0,53,1268213.1
185,120,0,181,4635114.3
186,120,0,149.5,3830267.7
187,120,0,74,2105050.8
188,120,0,50,1622362.4
189,120,0,40,1385243.4
190,120,0,35,1112634.2
191,120,1,17,583207.5
192,120,1,7,240144.3
223,120,1,1,26945.9
224,120,1,15,404188.2
225,120,1,5,134729.4
230,120,1,16,507223
231,120,1,15,475521.6
232,120,0,23,697629.2
233,120,1,2,52604.4
234,120,1,5,131511.1
235,120,1,13,341928.8
236,120,0,50.5,1261933.1
237,120,0,32,898081.5
238,120,1,5,144996.2
239,120,1,5,144996.2
242,120,1,2,57998.5
245,120,1,18,518194
246,120,0,23,679524.8
247,120,1,6,172731.3
248,120,1,15,448817.7
249,120,1,11,329133
255,120,1,3,74032.5
134,121,0,37,1164886.1
135,121,0,47,1328442.7
136,121,0,42,1014831.5
137,121,0,38,1054601.9
138,121,1,9,284680.4
139,121,0,21.5,664235.3
140,121,0,31,1027311.8
141,121,1,4,126524.6
144,121,1,2,49988.4
153,121,1,8,261089
154,121,0,27,730238.9
155,121,0,23.5,595744.8
156,121,1,3,97908.4
157,121,1,1,32636.1
158,121,1,5,156917.8
160,121,1,4,125534.2
161,121,1,14,439369.7
162,121,1,11,345219.1
163,121,1,13,319844.7
164,121,1,20,492068.8
165,121,0,37.5,1061692
166,121,0,21,690092.8
167,121,1,2,49206.9
170,121,1,4,93626.1
172,121,1,4,93626.1
174,121,1,12,351573.1
175,121,0,59,1502059.1
176,121,0,34,829040.1
177,121,0,29,833678.7
178,121,1,17,520415.7
179,121,1,15,459190.3
180,121,1,8,244901.5
181,121,0,54,1374773.3
182,121,1,2,61225.4
183,121,1,4,122552.4
184,121,1,1,30638.1
185,121,0,64,1663417.2
186,121,0,74.5,2118129.4
187,121,0,69.5,1895266.7
188,121,0,51,1498573.7
189,121,0,21,550073.7
190,121,1,14,480288.5
191,121,1,6,205837.9
192,121,1,7,240144.3
229,121,1,2,63402.9
230,121,0,27,690008.1
231,121,0,36,972998.1
232,121,1,15,475521.6
233,121,1,14,368231
234,121,0,18,538448
235,121,1,7,184115.5
236,121,1,9,236719.9
237,121,1,9,236719.9
238,121,1,7,202994.7
245,121,1,13,374251.2
246,121,0,23,508613.3
247,121,1,13,374251.2
248,121,1,3,89763.5
255,121,1,1,24677.5
134,122,1,2,52318.1
135,122,0,34,1050972
136,122,1,19,497022.1
139,122,1,20,634277.6
140,122,0,27,748257.3
141,122,0,27,826784.1
152,122,1,7,215391.6
153,122,0,26,725501.1
154,122,0,28,904134.2
155,122,0,37,943365.4
156,122,1,14,359350.8
157,122,1,2,51335.8
158,122,1,1,28468.8
160,122,1,2,56937.5
161,122,1,10,284687.7
162,122,1,4,113875.1
163,122,1,7,209234.1
164,122,0,50,1224116.9
165,122,0,31.5,731583.5
166,122,0,31,1003636
167,122,0,32,811729.3
168,122,1,2,49745.7
174,122,1,11,319300.2
175,122,0,55,1453771
176,122,0,38,1131276.5
177,122,0,47,1308546.4
178,122,0,41,1362152.9
179,122,0,18,538885.3
185,122,1,2,67351.1
187,122,1,9,303079.9
188,122,1,4,136861.3
189,122,1,7,239507.2
229,122,1,1,27514.6
230,122,0,20,597502.1
231,122,1,11,302660.6
232,122,0,21,538244.7
233,122,1,15,440934
234,122,1,11,323351.6
235,122,1,7,205769.2
236,122,1,1,29395.6
238,122,1,2,62724.7
246,122,1,10,313623.5
247,122,1,5,156811.8
248,122,1,2,57840.6
135,123,1,7.5,196192.9
136,123,1,1,26159.1
140,123,1,4,126855.5
141,123,1,16,507422.1
153,123,1,14,359350.8
154,123,0,21,534212.5
155,123,1,6.5,166841.4
156,123,0,30.5,834065.7
157,123,1,9,231011.2
158,123,1,2,56937.5
162,123,1,1,28468.8
164,123,1,18,538030.5
165,123,1,17,508139.9
167,123,1,23,687483.4
168,123,1,15.5,385529.2
170,123,1,1,24872.9
173,123,1,9,261245.6
174,123,1,15.5,449923
175,123,0,32,845483.1
176,123,0,50.5,1451010.2
177,123,0,47,1420507.1
178,123,0,37,1126188.4
179,123,0,23,678702.1
180,123,1,17,572484.2
231,123,1,5,137573
232,123,1,20,550291.9
234,123,1,1,29395.6
235,123,1,11,323351.6
236,123,1,5,146978
246,123,1,10,313623.5
247,123,1,10,313623.5
248,123,1,10,289202.9
141,124,1,2,63427.8
148,124,1,2,61540.5
149,124,1,3,92310.7
150,124,1,5,153851.2
152,124,1,10,307702.3
153,124,1,22,564694.1
154,124,1,20,513358.3
155,124,1,26,667365.8
156,124,1,14.5,372184.8
158,124,1,3,85406.3
164,124,1,6,179343.5
165,124,1,14.5,433413.5
166,124,1,4,119562.3
167,124,1,11,328796.4
168,124,1,11,273601.4
170,124,1,5,124364.3
173,124,1,19,551518.5
174,124,0,48.5,1237725.6
175,124,0,32,948685.7
176,124,0,40,1137790.2
177,124,0,31,1025864.7
178,124,0,34,1135460.4
179,124,1,10,336755.4
232,124,1,4,110058.4
233,124,1,9,264560.4
247,124,1,2,62724.7
249,124,1,2,57840.6
148,125,1,2,61540.5
151,125,1,7,215391.6
152,125,0,48.5,1207404.3
153,125,1,4,102671.7
154,125,1,7,179675.4
155,125,1,10,256679.1
156,125,1,2,51335.8
157,125,1,1,25667.9
160,125,1,1,28468.8
161,125,1,7,199281.4
163,125,1,18,538030.5
164,125,0,24.5,737033.9
165,125,0,49,1226077.3
166,125,0,25,733137
167,125,1,1,29890.6
168,125,1,5,124364.3
169,125,1,2,49745.7
170,125,1,5,124364.3
173,125,1,2,58054.6
174,125,0,19.5,452616.5
175,125,1,20,580545.8
176,125,0,23,648183.9
177,125,1,19,551518.5
178,125,1,2,67351.1
247,125,1,1,31362.4
151,126,0,30,1004052.4
152,126,0,33.5,898792.9
153,126,1,7,179675.4
154,126,1,6,154007.5
155,126,1,14,359350.8
156,126,1,3,77003.7
157,126,1,17,436354.5
158,126,0,23,527368.7
160,126,1,15,427031.6
162,126,0,20,544101
163,126,0,49,1261423
164,126,0,36,1037237.9
165,126,0,23,663353.2
166,126,0,37,988369
167,126,1,17,508139.9
170,126,1,13,323347.1
173,126,1,2,58054.6
174,126,0,41,1168378.4
175,126,0,31,956991.4
176,126,1,6,174163.7
177,126,1,21,609573.1
152,127,1,10,329229.2
153,127,1,24,790150
154,127,1,8,263383.3
155,127,1,5,164614.6
156,127,1,9,296306.3
157,127,1,8,263383.3
158,127,1,8,224958.9
159,127,1,13,365558.1
160,127,1,13,365558.1
161,127,1,4,112479.4
162,127,1,26,731116.3
163,127,0,28,889653.2
164,127,0,86,2214543.1
165,127,0,58,1551176.5
166,127,1,16,429435.8
167,127,1,1,26839.7
168,127,1,9.5,299168.6
169,127,1,9,283422.9
170,127,0,20,651131.3
171,127,1,21,661320.1
172,127,1,2,62982.9
173,127,0,38,850763.9
174,127,1,11,319090
175,127,1,12,348098.1
152,128,1,2,65845.8
153,128,1,7,230460.4
154,128,1,18,592612.5
155,128,1,9,296306.3
156,128,1,10,329229.2
157,128,1,2,65845.8
159,128,1,2,56239.7
160,128,1,17,478037.6
161,128,1,6.5,182779.1
162,128,1,13,365558.1
163,128,0,57,1481043.7
164,128,0,51.5,1061038.7
165,128,0,45,1227928.8
166,128,0,22,642224.6
167,128,1,21,563634.5
168,128,0,32,850551.9
169,128,1,9,283422.9
170,128,1,12,377897.2
171,128,0,23.5,644681.6
172,128,1,8.5,267677.2
173,128,0,30.5,835010.5
176,128,1,1,29008.2
153,129,1,2,65845.8
154,129,1,1,32922.9
155,129,1,6,197537.5
159,129,1,2,56239.7
160,129,0,34,867527.1
161,129,0,82,1458795.2
162,129,0,61,1525632.3
163,129,0,29,729671.6
164,129,0,37,924919.8
165,129,1,12,322076.8
168,129,0,30,892075.4
169,129,0,21,716918.1
170,129,1,1,31491.4
172,129,0,29,977349.2
173,129,0,21,608338.9
174,129,1,5,145040.9
158,130,1,13,365558.1
159,130,1,6,168719.1
160,130,0,20,506724.9
161,130,0,32,746176.4
162,130,0,80,2283495.4
163,130,0,35,963832.6
164,130,1,8,214717.9
168,130,1,14,440880.1
169,130,1,17,535354.4
170,130,1,2,62982.9
172,130,0,30,772142
173,130,1,5,145040.9
158,131,1,2,56239.7
159,131,0,32,826275.7
160,131,0,27,623805.2
161,131,0,44,1066061.8
162,131,0,61.5,1814319.2
163,131,1,14,375756.3
168,131,1,2,62982.9
170,131,1,9,283422.9
171,131,1,19,598337.3
172,131,0,67,1665080
173,131,0,34,832569.5
174,131,1,22,638179.9
158,132,1,11,386346.8
159,132,1,16,561959
160,132,1,17,597081.4
161,132,0,22,559389.7
162,132,0,30.5,757831.1
163,132,0,29,705074.6
171,132,1,15,373337.5
172,132,1,51.5,1281792.2
173,132,1,16,358461.2
174,132,1,8,179230.6
158,133,1,11,386346.8
159,133,0,17,392216.8
160,133,1,3,105367.3
161,133,1,5,175612.2
162,133,0,27,725483.8
163,133,0,17,534124.3
164,133,1,1,32496.2
161,134,1,1,35122.4
162,134,0,27.5,890743.1
163,134,1,13,422450.7
164,134,1,3,97488.6
162,135,1,4,140489.7
163,135,1,5,162481
165,135,1,1,32496.2
163,136,1,2,64992.4
166,137,1,1,32496.2
