x,y,imputed,ind,men,men_1ind,men_5ind,men_coll,men_fmp,men_mais,men_pauv,men_prop,men_surf
110,0,3,17.5,8.8,4.1,1,2,1.1,6.8,1.8,5.4,824.8
110,1,3,60.5,30.6,13.3,2.3,10.6,3.1,20,9.1,16,2631.2
110,2,1,5,2.3,0.8,0.1,0.1,0.1,2.2,0.3,1.9,237.9
110,8,1,1,0.4,0.1,0,0,0,0.4,0.2,0.4,40.7
110,11,3,5,2.3,0.9,0,0,0.1,2.3,0.6,2.1,231.4
110,12,2,8,3.8,1.5,0,0,0.2,3.8,0.8,3.5,381.3
110,13,1,3,1.4,0.6,0,0,0.1,1.4,0.3,1.3,143
110,14,3,16,7.6,3,0,0.1,0.5,7.5,1.5,7.1,779.5
110,15,1,3,1.5,0.5,0,0.1,0.1,1.4,0.3,1.4,160
110,16,2,4,2,0.7,0,0.1,0.1,1.9,0.4,1.9,213.3
110,17,1,2,1,0.3,0,0,0.1,1,0.2,1,106.7
110,19,2,2,0.8,0.4,0,0.2,0,0.6,0,0.8,87.2
110,20,6,72.5,27.4,6.6,1.1,0.9,0.9,26.5,1.4,26.8,2898.4
110,21,3,300,173.2,92.1,4.8,60.5,12.3,112.7,25.4,114.9,15312.2
110,22,4,50.5,22.5,7.6,0.5,7.2,2.5,15.3,2,14.2,2328.9
110,23,4,34,12.1,3.6,1.4,0.8,0,11.3,0.5,12.1,1504.4
110,24,4,30,10.7,3.1,1.3,0.7,0,10,0.4,10.6,1319.6
110,25,1,3,1,0.2,0.2,0,0.1,1,0.1,1,121.1
110,26,1,9,3,0.5,0.6,0.1,0.2,2.9,0.2,2.9,363.2
110,29,2,7,2.6,0.6,0.3,0.3,0.1,2.3,0.1,2.2,293.8
110,30,3,129,50.1,11.8,4.2,4.2,5.2,45.9,5.2,45.7,5742.4
110,31,1,314,150.3,64.9,10,54.2,3.3,96.1,16.3,91.8,15620.4
110,33,2,3,1.5,0.6,0,0.1,0,1.4,0,1.5,182.4
110,35,1,2,1.1,0.4,0,0.2,0.1,0.9,0.2,0.8,124.6
110,36,1,1,0.5,0.1,0,0,0.1,0.5,0.1,0.4,52.5
110,37,1,2,0.8,0.2,0.1,0,0,0.8,0,0.7,80.5
110,39,2,11,4.3,1.2,0.2,0.9,0,3.4,0.4,3.5,464.6
110,40,1,6,2.3,0.6,0.2,0.5,0,1.8,0.2,1.7,243.1
110,42,2,10,3.3,0.3,0.3,0,0,3.3,0.3,3,388.4
110,43,1,1,0.4,0.1,0,0,0,0.4,0,0.3,41.5
110,45,4,20,7.7,1.5,0.6,0.2,0.1,7.5,0.6,6.8,896.7
110,46,3,47,17.9,4.3,1.8,0.3,0.8,17.6,1.8,15.6,2109.5
110,47,1,16,6.1,1.5,0.6,0.1,0.3,6,0.6,5.3,718.1
110,48,2,16,6.7,2.4,0.3,0,0.5,6.7,1.1,5.1,804.8
110,49,2,8,3.3,0.9,0.3,0,0,3.3,0.9,2.1,365.8
110,52,3,87,34.3,9.3,5.1,2.6,1.8,31.7,2.6,31.6,3433.1
110,53,4,10,4,1.5,0.7,0.9,0,3.1,0.6,3.3,462.1
110,54,1,2721,1320.9,610.4,98.1,1252.2,186,68.7,395.1,514.7,88214
110,55,2,979.5,410.5,124.8,37.5,260.5,48.7,150,40.8,292.7,35187.1
110,56,3,652.5,271.5,84.8,32,249.9,31.4,21.6,70.5,171.7,21634.8
110,57,1,2300,968.7,393.5,130.4,890.2,125.1,78.5,340.8,400,67252.7
110,58,0,2866.5,1293,574,123,1165,154,128,418,484,93051
110,59,1,3860,1645.8,676.9,203.5,1605.6,259,40.2,752.4,380.3,113077.6
110,60,1,4795,2332.2,1141.6,176.5,2273,290.2,59.2,702.2,872.7,180811.8
110,61,0,2906.5,1478,768,89,1377,134,101,361,655,107618
110,62,2,2998.5,1693.1,933.6,63,1647.5,176,45.6,268,840.6,129728.4
110,63,0,2191.5,1135,561,68,999,104,136,193,496,83883
110,64,0,2115.5,1050,475,66,928,116,122,168,523,79635
110,65,1,1606,933.1,514.2,30.1,892.6,70.1,40.5,116.1,453.8,65024.9
110,66,0,1471.5,714,290,29,508,57,206,40,421,61830
110,67,0,1213,560,212,29,352,53,208,47,349,53493
110,68,2,683,355.8,162.5,11.2,294.2,33.9,61.6,34.6,127.3,27259.9
110,69,1,594,284.3,98.1,8.1,71,12,213.3,12.3,234.1,29227.1
110,70,7,36.5,16.2,3.2,0.5,2.1,0.7,14.1,0.4,13,2561.5
110,71,8,27.5,11.6,2.2,0.4,0.4,0.7,11.2,0.3,10.7,1652.5
110,72,1,4,1.6,0.3,0.1,0,0.2,1.6,0,1.6,219.8
110,73,3,16,5.8,1.1,0.7,0,0.3,5.8,0.1,5.2,774.1
110,74,4,37,13.1,2.2,1.7,0,0.5,13.1,0,12.1,1743.8
110,75,1,184,80.1,22.4,2.4,40,9.4,40.1,4.8,51.1,8491
110,76,0,836.5,413,173,20,177,33,236,39,252,36562
110,77,0,265,153,80,3,131,25,22,26,33,10724
110,78,5,21,7.2,1.1,0.9,0.4,0.2,6.8,0,6.4,876.1
110,79,1,9,3.1,0.6,0.4,0.1,0,3,0,2.8,395.6
110,80,5,16,6,1.1,1,0.5,0.5,5.5,0.7,3.9,731.7
110,81,4,15,5.3,0.3,0.9,0.1,0.3,5.2,0.2,4.7,690
110,82,3,11,4,0.2,0.6,0.1,0.2,3.9,0,3.6,523.1
110,83,4,168.5,78.2,24.2,3.8,28.4,13.3,49.8,7.2,51.4,7449.3
110,84,5,92,38.1,10.3,3,1.6,0.8,36.5,3.6,30.6,3927
110,85,4,129,50.8,10.9,1.6,0,3.4,50.8,3.4,44,5496.2
110,86,3,9,3.5,0.7,0.3,0,0.1,3.5,0.1,3.1,417.7
110,87,4,13,4.9,0.9,0.4,0,0.3,4.9,0.2,4.7,612.7
110,88,2,4,1.4,0,0.2,0,0.2,1.4,0,1.4,158.4
110,89,5,187,87.6,34.5,4.8,26.9,8.2,60.7,11.8,54.2,8308.3
110,90,1,244,89.7,14.5,7,2.8,9.8,86.9,3.6,75.3,11018.8
110,91,4,15,6.1,0.4,0.4,0.4,0.4,5.7,1,5.9,859.8
110,93,2,6,2.4,0.3,0.2,0.2,0.2,2.2,0.3,2.1,305
110,94,3,10,3.9,0.7,0.3,0.1,0.1,3.8,0.4,2.8,455.7
110,95,4,10,3.9,1,0.3,0,0.2,3.9,0.4,2.6,433.5
110,97,2,4,1.6,0.4,0.1,0,0,1.6,0.1,0.9,166.5
110,98,1,4,1.6,0.6,0.2,0.1,0.1,1.5,0,1.1,165.9
110,99,2,17,6.7,2.6,1,0.6,0.5,6.1,0,4.7,705.3
110,101,3,11,4.4,0.7,0.2,0.3,0.6,4.1,0.4,3.5,474.4
110,102,4,32,12.7,2,0.5,0.7,1.4,12,1,10.6,1401.8
110,103,4,13,5.2,1.7,0.3,0,0,5.2,0.5,4.8,614.9
110,104,6,87.5,29.4,6.4,5.7,0,0.8,29.4,2.6,27.3,3382.8
110,105,6,19,6.6,0.8,0.6,0,0.7,6.6,0.7,6.1,781.1
110,106,4,120.5,58.5,25.2,1.8,5,8.1,53.5,11,47.8,6174.9
110,107,1,10,3.8,0.6,0.4,0,0.6,3.8,0.4,3.5,452.5
110,108,2,4,1.8,0.6,0.1,0.1,0.1,1.7,0.1,1.6,247.6
110,110,1,1,0.5,0.2,0,0,0,0.5,0,0.4,68.2
110,111,2,11,5.1,1.5,0.3,0.1,0.7,5,0.4,4.7,647.7
110,112,4,270,119.9,41.5,5.2,29,15.3,90.9,19.4,67,12063.9
110,113,3,13,5,0.2,0.2,0,0.6,5,1.2,4.1,601.5
110,114,2,7,2.6,0.2,0.2,0.2,0.3,2.4,0.6,2.2,314.6
110,115,4,22,7.3,0.9,0.9,1.3,0.8,6,1,6.4,934.1
110,116,4,12.5,4.6,0.9,0.3,0.3,0.6,4.3,0.5,4.2,591.4
110,117,2,5,2.1,0.5,0.1,0.1,0.3,2,0.1,1.9,255.6
110,118,3,204,91.8,34.9,5.7,10.7,8,81.1,8.6,68.5,8648.4
110,119,2,8,3.4,1.1,0.3,0.4,0.1,3,0.2,2.8,374.6
110,120,2,10,3.2,0.3,0.3,0,0.2,3.2,0.2,2.8,426
110,121,5,23.5,8.8,1.4,1.1,0,0.2,8.8,1.1,6.9,1057.1
110,122,2,6,2.4,0.4,0.3,0,0,2.4,0.3,1.8,273.9
110,123,3,11,5.7,2,0.1,0.6,0.3,5.1,0.7,4.9,696.2
110,124,6,58.5,23.8,4.8,2.6,1.8,1.7,22,1.6,20.8,2795.3
110,125,1,574,313,138.1,9,127.3,31.3,185.7,28.5,210.4,29552.8
110,126,6,187.5,86.6,24,3.6,8.1,6.8,78.5,6.1,72.6,8733
110,127,7,55.5,24.1,5.6,1.7,0.7,2.1,23.4,2.2,21.1,2637.3
126,0,4,70,40.4,19.9,0.3,17.7,4.3,22.7,9.5,24.2,3833.9
126,1,1,3,1.6,0.8,0,0.3,0.1,1.3,0.3,1.3,164.4
126,6,2,7,3.1,1.3,0.2,0,0,3.1,1.3,2.6,274
126,11,1,2,0.9,0.4,0.1,0,0,0.9,0,0.8,87.6
126,12,3,17,7.6,3.2,0.7,0,0,7.6,0,7,744.8
126,13,1,4,2.4,1.4,0,0,0.2,2.4,1.4,2,190.8
126,14,2,13,7.8,4.6,0,0,0.6,7.8,4.6,6.5,620.1
126,16,4,15,8,3.3,0,0.5,0.4,7.5,1.6,6.2,736.6
126,17,3,11,5.9,2.4,0,0.4,0.4,5.5,1.2,4.5,540.2
126,18,1,3,1.3,0.4,0.1,0.1,0.2,1.2,0.3,1.3,138.8
126,19,1,2,0.9,0.3,0.1,0.1,0.1,0.8,0.2,0.9,92.6
126,20,6,21,13,6,0,0,2.1,13,3,9,1490.1
126,23,2,6,2.6,0.8,0.2,0.2,0.3,2.4,0.6,2.6,277.7
126,26,1,3,1,0.2,0.2,0.2,0.2,0.8,0.3,0.8,118.8
126,27,1,24.5,8.2,1.5,1.5,1.4,1.5,6.8,2.4,6.3,970.3
126,28,1,2,0.8,0.2,0,0,0,0.8,0.1,0.7,83.2
126,29,1,2,0.8,0.2,0,0,0,0.8,0.1,0.7,83.2
126,30,2,7,3,0.7,0.2,0.2,0.2,2.8,0.5,2.5,291.2
126,31,3,7,2.8,0.4,0.1,0,0.1,2.8,0.3,2.7,313.6
126,32,1,3,1.2,0.2,0.1,0,0.1,1.2,0.1,1.1,134.4
126,33,1,9.5,3.8,0.7,0.2,0,0.2,3.8,0.4,3.6,425.6
126,34,1,7,2.8,0.5,0.2,0,0.2,2.8,0.3,2.6,313.6
126,36,3,10,3.8,0.4,0.4,0,1,3.8,0.6,3.4,430
126,37,1,5,1.9,0.2,0.2,0,0.5,1.9,0.3,1.7,215
126,38,2,8,3.7,1.5,0,0.2,0,3.5,1.1,3.3,433.6
126,45,4,24,10.6,3.8,0.5,2.4,0,8.2,0.5,9.6,1041.7
126,46,8,92.5,38.7,9.1,3.8,3.7,1.5,35,2.9,37,4157.5
126,51,2,23,7.4,1,1,0,0,7.4,1,7.4,787.3
126,52,2,15,4.8,0.6,0.6,0,0,4.8,0.6,4.8,513.5
126,55,2,3,1.5,0.6,0.1,0,0,1.5,0.1,1.3,132.9
126,56,1,10,4.8,2.2,0.4,0,0,4.8,0.4,4.3,443
126,59,1,8,3.2,0.9,0.1,0.7,0.1,2.5,0.5,2.5,325.4
126,60,3,108.5,42.4,9.7,1.5,5.1,1.5,37.3,3.6,39.4,4576.2
126,61,3,256.5,110.7,42.4,7.4,72.1,6.4,38.6,9.4,81,9564.3
126,62,1,759,326.2,129.3,33.1,194.9,25.4,131.3,48.1,229.1,26768.9
126,63,1,1197,509.2,178.2,54.1,344.5,54.7,164.7,92.7,281.7,40167.4
126,64,4,127,63.3,26,2.8,44.5,9.8,18.8,3.7,43.6,5774.9
126,65,4,428,158.1,46.8,28.2,66.9,12.7,91.2,22.8,112.9,14716.6
126,66,4,123,46.7,5.4,3.3,0.3,2.6,46.4,0.9,45.9,5371.1
126,67,3,100,37,9,5.5,1,0.2,36,2.4,36.7,4327.9
126,68,4,78,33.6,3.8,2.2,0,2.3,33.6,1.3,31.6,3514.9
126,69,2,8,3.3,0.7,0.2,0.1,0.1,3.2,0.3,3.2,355.5
126,70,2,5,2.1,0.5,0.1,0.1,0.1,2,0.4,2,218.7
126,71,1,2,0.9,0.2,0.1,0.1,0,0.8,0.1,0.8,87.5
126,74,3,128,53.7,16.6,4.5,7.7,8.2,46,5.6,39.6,6331.2
126,75,5,122.5,38.8,3.4,7,0.5,4.4,38.3,4.1,37.3,4399.3
126,76,1,3,0.9,0.1,0.2,0,0.1,0.9,0.1,0.9,106.6
126,77,1,4,1.6,0.3,0.2,0.1,0.1,1.5,0.1,1.2,166.1
126,78,2,68,25.5,2.7,1.5,0.2,1.7,25.3,0.2,24.7,2759.4
126,79,4,249,84.4,11.2,11.9,3.5,6.3,80.9,3.4,75.2,8773.6
126,80,4,10,4,0.6,0.4,0.5,1,3.5,0,3.5,408.5
126,82,3,7,2.5,0.3,0.3,0.1,0,2.4,0.3,2.1,288.4
126,83,6,33,12.2,2.9,1.5,0.3,1,11.9,0.3,10.9,1304.6
126,84,3,90,30.2,4.4,3.3,1,0.5,29.2,1.6,29.1,3178.8
126,85,6,32,12.2,1.8,0,2,0.6,10.2,1.2,10.2,1333.2
126,86,1,2,0.8,0.1,0,0.1,0,0.7,0.1,0.6,83.3
126,88,2,4,1.4,0,0.2,0,0,1.4,0.2,1.2,160.6
126,89,2,8,2.9,0.3,0.3,0.1,0.1,2.8,0.3,2.5,345
126,90,3,12,4.9,1.3,0.7,0.7,0.7,4.2,0.4,4.2,624
126,91,4,18,7.7,2.4,0.8,0.6,0.6,7.1,0.9,6.2,898.6
126,92,4,14,6.2,2.1,0.3,0,0,6.2,1.1,4.6,670
126,93,3,17,8.2,3.2,0.3,0.3,0.6,7.9,1.2,6.6,907.9
126,94,4,22,8.8,2.7,1.1,0.3,0.3,8.5,0.9,7.5,1038.9
126,95,5,47,16.7,3.9,2.8,0.6,0,16.1,1,14.9,2053.6
126,96,4,21,9.2,3.3,0.9,2.1,0.4,7.1,1.2,7.1,1289.1
126,97,3,7,3.1,1.1,0.3,0.7,0.1,2.4,0.4,2.4,429.8
126,98,1,2,0.7,0.1,0.1,0.1,0.1,0.6,0,0.7,87
126,100,5,14,7.2,1.9,0,0.4,1,6.8,1.9,5.7,787.7
126,101,2,4,1.8,0.5,0.1,0.2,0.1,1.6,0.4,1.6,209.2
126,102,4,10,4,1,0.6,0.4,0.1,3.6,0.6,4,483.6
126,103,3,212,77.1,16.6,10.6,0,2.5,77.1,3.1,68.1,8598.8
126,104,1,180,76.9,33.3,8.3,24,2.1,52.9,12.4,43.8,7686.3
126,105,2,5,2.1,0.4,0.1,0,0.4,2.1,0.1,1.9,233.6
126,106,4,14,5.9,0.9,0.1,0,1.1,5.9,0.1,5.5,654.3
126,107,4,18,7.5,1.1,0.3,0,1.5,7.5,0.3,6.9,841.3
126,108,3,364.5,151.9,44.1,12.3,56.5,22.9,95.4,22.9,77.9,13384.8
126,109,5,153,66.1,23.2,4,10.2,5.4,55.9,6.5,53.4,6425.3
126,110,6,50.5,22.8,8.6,1.9,2.8,1.5,20,3.4,20,2452.9
126,111,1,1,0.4,0.1,0,0,0,0.4,0,0.4,45
126,112,3,17,7.1,2,0.6,0.9,0.6,6.2,0,6.2,764.4
126,113,4,76,28.5,3.2,1.4,4.3,1.3,24.2,1.2,22.2,3399.7
126,114,4,54,21.6,3.5,1.6,0.9,1.4,20.7,0.9,18.6,2541.6
126,115,3,32,10.9,2.2,2.2,0.9,0,10,1.4,9.9,1308.6
126,116,3,16,5.5,1.1,1.1,0.5,0,5,0.7,4.9,654.3
126,118,2,4,1.8,0.6,0.2,0,0.2,1.8,0,1.4,238
126,119,1,7,3.3,1.2,0.3,0,0.3,3.3,0,2.5,416.4
126,120,3,7,3.5,1.3,0,0,0.3,3.5,0.3,3.5,388.5
126,121,1,5,2.5,0.9,0,0,0.2,2.5,0.2,2.5,277.5
126,122,5,17,9.5,5.1,0.5,2,1.8,7.5,3.2,5.6,887.8
126,123,6,43,18.4,4.1,0.4,2,0.4,16.4,1,15.9,2239.5
126,124,2,410.5,216.4,105.1,6.2,124.5,20.2,91.9,37.3,99.8,19298.5
126,125,6,43.5,15.9,2.8,2.5,0.5,1.5,15.4,1,14.4,1839.2
126,126,3,7,3,0.7,0.3,0.2,0.2,2.8,0.2,2.5,327.7
127,0,4,9,3.8,1.6,0.2,0.4,0.2,3.4,0.8,2.6,364.3
127,4,1,1,0.4,0.2,0,0,0,0.4,0.2,0.4,39.1
127,6,1,7,3.1,1.3,0.3,0,0,3.1,1.3,2.6,274
127,8,1,3,1.3,0.6,0.1,0,0,1.3,0.6,1.1,117.4
127,12,2,6,2.7,1.1,0.2,0,0,2.7,0,2.4,262.9
127,13,6,36,17.5,6.1,0.3,0.3,1.2,17.2,2.2,15.3,1677.6
127,14,2,19,9.2,3.2,0.2,0.2,0.6,9,1.1,8.1,885.4
127,16,1,3,1.6,0.7,0,0.1,0.1,1.5,0.3,1.2,147.3
127,17,1,5,2.6,1.1,0,0.1,0.1,2.5,0.6,2.1,245.6
127,19,3,32,14.7,4.7,0.6,3.6,0.8,11.1,2.5,10.9,1471.4
127,20,1,4,1.7,0.5,0.1,0.1,0.2,1.6,0.4,1.7,185.1
127,26,1,6,2,0.4,0.4,0.3,0.4,1.7,0.6,1.5,237.6
127,27,1,3,1,0.2,0.2,0.2,0.2,0.8,0.3,0.8,118.8
127,28,3,10,5.4,2.2,0,0,1.3,5.4,1.3,4.6,613.2
127,29,3,10,5.5,2.3,0,0,1.3,5.5,1.3,4.5,613.2
127,31,1,4,1.6,0.3,0.1,0,0.1,1.6,0.2,1.5,179.2
127,32,1,5,2,0.4,0.1,0,0.1,2,0.2,1.9,224
127,33,2,17,5.7,1,1,0.6,0,5.1,0.6,5.7,693.9
127,34,2,4,1.6,0.3,0.1,0.2,0,1.4,0.2,1.4,184.6
127,35,1,11,4.8,1.2,0.2,0.3,0.2,4.5,0.3,4,566.3
127,36,5,57.5,29.1,12,1.5,11,2.3,18.1,5,16,2754.1
127,37,2,27,10.6,3.5,0.8,1.6,0,9,1.6,8.2,1175.9
127,38,3,9,4.2,1.6,0,0.2,0,4,1.1,3.7,487.8
127,44,3,27,11.6,4,0.9,0.4,0.2,11.2,1.4,10.2,1252.3
127,45,4,297,130.7,45.4,10.7,41.7,12.7,89,12.3,82.1,13123.6
127,46,0,23,12,6,1,4,0,8,1,9,1215
127,50,1,2,0.9,0.3,0,0.1,0.1,0.8,0.1,0.8,87.4
127,51,2,13,4.5,1.3,0.3,0,1,4.5,0.3,4.5,443.6
127,52,1,1.5,0.5,0.1,0,0,0.1,0.5,0,0.5,51.2
127,53,3,12,5.2,1.3,0.1,0.4,0.1,4.8,0.3,5.2,601.6
127,54,0,236.5,113,45,5,56,8,57,14,68,10338
127,55,3,13.5,4.9,1.1,0.5,0,0.5,4.9,0.5,4.6,633.8
127,56,3,57,21.7,4.4,1.4,1.7,2,20,1.4,20.3,2303.9
127,57,5,32,11.4,1.4,1.4,1.8,1.1,9.6,1.4,9.8,1200.9
127,58,2,10,4.1,1.1,0.4,0.4,0,3.7,0.5,3.8,517.2
127,59,4,28.5,11,2.8,1,0.3,0,10.7,0.8,10.3,1248
127,60,3,10,3.7,0.7,0.4,0,0,3.7,0.3,3.6,388
127,61,5,64,26.9,7.2,2.7,4.5,2.1,22.4,0.9,22.2,2848.7
127,62,0,1866.5,779,270,82,621,108,158,181,239,61376
127,63,0,1571.5,736,315,58,554,77,182,145,389,55633
127,64,2,746,357.5,156.3,21,325.3,42.4,32.2,98.9,144.8,26743.5
127,65,0,3290,1621,790,139,1561,179,60,504,499,115096
127,66,0,1116,530,206,28,299,67,231,105,250,43160
127,67,5,144.5,46.1,8.4,10.8,4.7,3.6,41.4,6.3,42.6,5357.1
127,68,6,37,13.2,2.3,1.4,0.5,2.3,12.7,1.4,10.5,1452.6
127,69,3,21,7.8,1.5,0.7,0.3,1,7.5,0.8,6.5,846.8
127,70,1,16.5,7,1.8,0.5,0.5,0.3,6.5,1,6.8,721.8
127,73,1,3,1.3,0.5,0,0,0,1.3,0.1,1.1,177.8
127,74,2,10,4.4,1.6,0,0,0,4.4,0.4,3.6,592.8
127,75,4,31,13.8,4,0,0,2.4,13.8,1.7,12.2,1642.2
127,76,1,1,0.4,0.1,0,0,0,0.4,0,0.3,38.6
127,77,4,18,6.9,1.8,0.7,0.4,0,6.5,0,6.1,695.1
127,78,2,6,2.4,0.4,0.2,0.3,0.6,2.1,0,2.1,245.1
127,79,3,19,8.7,2.8,0.2,0.2,0.9,8.5,1.2,7.4,1006
127,80,1,1,0.5,0.2,0,0,0,0.5,0.1,0.4,57.3
127,81,1,2,0.7,0.1,0.1,0,0,0.7,0.1,0.6,82.4
127,82,2,9,3.3,0.4,0.2,0.1,0,3.2,0.2,2.7,370.8
127,83,1,4,1.5,0.2,0.1,0.1,0,1.4,0.1,1.2,164.8
127,84,3,16,6.1,1.1,0.5,0.1,0.4,6,1.1,4.8,712.9
127,86,1,1,0.4,0.1,0,0,0,0.4,0.1,0.3,47.2
127,87,3,16,6.4,1.6,0.3,0,0.8,6.4,1.6,4.8,754.7
127,88,1,2,0.7,0,0.1,0,0,0.7,0.1,0.6,80.3
127,89,2,10,3.5,0.2,0.4,0,0,3.5,0.4,3,401.7
127,91,2,25.5,11.3,3.2,0.8,2.9,0.8,8.4,1.2,8,1308.3
127,92,5,15,6.6,1.9,0.5,1.6,0.5,5,0.6,4.7,769.5
127,93,3,16.5,8.6,3.8,0,2.2,1.1,6.4,0,6.5,909.9
127,94,2,5,2.5,1,0.1,0.4,0.2,2.1,0.1,2,263.6
127,95,2,7,3.2,1.2,0.2,0.2,0,3,0.5,2.8,343.7
127,96,4,16,7.3,2.8,0.4,0.3,0,7,1.2,6.4,785.5
127,97,3,15.5,7.1,2.6,0.5,0.3,0,6.8,1.1,6.2,761
127,98,1,2,0.7,0.1,0.1,0,0,0.7,0,0.7,90.2
127,99,1,6,2.2,0.3,0.3,0,0,2.2,0,2,270.7
127,100,3,9.5,3.2,0.5,0.5,0,0.3,3.2,0.3,3,383.2
127,101,4,12,4.8,1.2,0.9,0.3,0.1,4.5,0.9,4.8,580.4
127,102,2,14,5.6,1.4,0.9,0.4,0.2,5.2,0.9,5.6,676.9
127,103,3,42,15,2.8,2.8,0,1.1,15,2.1,13.3,1697.8
127,104,4,19,6.9,1.2,1,0,0.8,6.9,0.8,6.3,793.3
127,105,1,5,2.1,0.3,0.1,0,0.4,2.1,0.1,1.9,233.7
127,106,4,12,5.5,1.9,0.4,0.1,0.4,5.4,0.4,4.3,552.1
127,107,6,52.5,23.8,8.5,1.6,0.7,1.6,23.1,1.6,18.4,2415.8
127,108,3,66,28.8,4.1,1.3,0.5,3,28.3,0.7,25.9,3188.9
127,109,2,35,13.7,3.1,0.6,1.2,0,12.5,1.9,11.2,1420
127,110,4,85.5,38.3,13.8,3.8,5.6,7.3,32.7,7,30.5,3693.3
127,111,1,3,1.2,0.3,0.1,0,0.1,1.2,0.2,1.1,135
127,112,3,13,5.2,1.3,0.5,0,0.3,5.2,0.8,4.7,585
127,113,3,18,7.1,1.8,0.7,0,0.4,7.1,1.1,6.3,810
127,114,2,8,3.4,1,0.2,0,0,3.4,0.2,3,367.2
127,115,2,3,1.3,0.4,0.1,0,0,1.3,0.1,1.2,137.7
127,116,3,12,5.3,1.7,0.3,0,0,5.3,0.3,4.6,550.8
127,118,2,3,1.4,0.5,0.1,0,0.1,1.4,0,1.1,178.5
127,119,3,14,6.5,2.4,0.6,0,0.6,6.5,0,5.1,832.8
127,120,3,8,3.7,1.4,0.3,0,0.3,3.7,0,2.9,475.9
127,121,4,7,3.5,1.4,0,0,0,3.5,0.3,3.5,355.9
127,122,2,5,2.5,1,0,0,0,2.5,0.2,2.5,254.2
127,123,3,6,3,1.2,0,0,0,3,0.2,3,304.9
127,124,3,8,3.5,1.1,0.1,0,0.1,3.5,0.3,3.2,401.6
127,125,7,25,9.5,2,0.5,0,0.5,9.5,1.2,7.5,1239.5
127,126,6,42,16.9,4.2,0.7,0.8,1.3,16.1,1.1,14,2034.5
127,127,1,9,3.8,1,0.2,0.3,0.3,3.5,0.2,3.3,428.2
125,0,3,24,12.9,6.1,0.3,2.5,1.1,10.4,2.2,10,1315.6
125,1,2,5,2.6,1,0,0.4,0.2,2.2,0.5,2,258.1
125,11,2,9,4.3,1.5,0.1,0,0.6,4.3,1.2,3,406.1
125,14,2,3,1.8,1.1,0,0,0.1,1.8,1.1,1.5,143.1
125,16,2,5,2.6,0.9,0,0.1,0.4,2.5,0.7,1.7,234.7
125,21,1,6,2.6,0.8,0.2,0.1,0.3,2.5,0.6,2.6,277.7
125,26,1,1,0.3,0.1,0.1,0,0.1,0.3,0.1,0.3,39.6
125,27,4,21,7.5,1.9,1.3,0.8,0.9,6.7,1.4,6.5,887.5
125,28,3,15,6.4,1.3,0.4,0.4,0.4,6,1,5.4,624
125,29,1,3,1.3,0.3,0.1,0.1,0.1,1.2,0.2,1.1,124.8
125,30,1,2,0.8,0.2,0,0,0,0.8,0.1,0.7,83.2
125,31,2,5,1.8,0.2,0.2,0.1,0,1.7,0.3,1.7,190.1
125,32,2,9,3.5,0.7,0.3,0.1,0.1,3.4,0.6,3.4,374.9
125,33,2,3,1.2,0.2,0,0,0,1.2,0.1,1.2,134.4
125,34,1,1,0.4,0.1,0,0,0,0.4,0,0.4,44.8
125,36,5,21,8,1.3,0.5,0.4,1.1,7.6,1.5,7.6,901.7
125,37,1,3,1.1,0.1,0.1,0,0.3,1.1,0.2,1,129
125,45,7,87.5,37.6,12.2,1.4,5.4,1.8,32.2,2.1,34.4,3932.6
125,46,5,20,8.3,2,0.6,0.8,0.4,7.5,0.8,7.9,894.3
125,50,1,2,0.9,0.3,0,0.1,0.1,0.8,0.1,0.8,87.4
125,52,1,9,2.9,0.4,0.4,0,0,2.9,0.4,2.9,308.1
125,53,1,4,1.4,0.4,0.1,0,0.3,1.4,0.1,1.4,136.5
125,54,2,18,6.3,1.8,0.4,0,1.3,6.3,0.4,6.3,614.2
125,56,2,10,4.7,2.2,0.4,0,0,4.7,0.4,4.3,443
125,58,3,23,9.4,2.6,0.8,0.8,0,8.6,1.1,8.7,1189.6
125,60,5,45,16.2,2,2.4,0.9,0.9,15.3,1.1,15.3,1839.2
125,61,5,32,12.7,3.1,0.5,2.1,0.5,10.6,1.3,10.3,1330.9
125,62,5,220.5,85.6,14.2,5.1,5,9.6,80.6,4.8,75.7,9213.9
125,63,2,416.5,169.7,49.2,16.6,51.1,19.1,118.6,18.1,123.6,15389.8
125,64,1,503.5,166.7,13.4,19.5,6,10.1,160.7,7.2,159.7,18450.5
125,65,7,75.5,28,5.9,5.1,2.4,2.2,25.6,1.2,25.1,2908
125,66,5,24,8.8,1.7,1.1,0.2,0.4,8.6,0.6,8.1,1031.6
125,67,4,142.5,50.7,7.6,5.8,2.4,5.5,48.3,4.8,48.9,6112.8
125,68,7,101,38.9,5.2,3.4,0.2,0.9,38.7,2,38.6,4344.2
125,69,2,52,16.5,1.4,2.3,0.1,0.1,16.4,1.1,16.3,2189.6
125,70,1,3,1.3,0.3,0.1,0.1,0,1.2,0.2,1.2,131.2
125,71,1,3,1.3,0.3,0.1,0.1,0.1,1.2,0.1,1.1,148.8
125,74,7,47.5,18.1,2.2,0.7,1.4,1.6,16.7,1.8,16,2005.1
125,75,2,55,18.4,3.7,4.6,0.1,1.6,18.3,1,18.2,1997
125,76,3,29,11.3,2.3,1.2,0.8,0.5,10.5,0.9,8.7,1186.2
125,77,5,47,18.5,3.9,1.9,1.2,0.7,17.3,1.4,14.2,1935.4
125,78,3,367.5,172.2,69.5,5.3,77,15,95.2,22.3,97,15872.2
125,79,3,229,78.2,12,10.8,4.8,5.2,73.4,4.1,72.5,8710.2
125,80,2,14,5.6,1,0.8,0.2,1.1,5.4,0.3,5.4,603.6
125,81,3,11,4,0.6,0.4,0.1,0.1,3.9,0.3,3.5,452.1
125,82,3,34,11.8,3.6,2.3,0.6,0,11.2,1.3,10.7,1214.9
125,83,4,294,118.7,36.5,8.9,22.6,7,96.1,6.6,92.5,11829.3
125,84,3,12,4.6,0.8,0.6,0.1,0.2,4.5,0,4,500.6
125,85,1,3,1.1,0.2,0,0.2,0.1,0.9,0.1,1,125
125,86,3,14,5.6,1.3,0.3,0,0.7,5.6,1.3,4.2,660.3
125,88,5,14,4.8,0.2,0.7,0,0.1,4.8,0.6,4.4,563.8
125,89,5,25.5,9.3,0.6,1,0,0.1,9.3,0.7,8.2,1084.8
125,90,5,13,5.3,1.3,0.7,0.7,0.7,4.6,0.3,4.7,667
125,91,6,121,49.2,11.3,3.2,6,4.5,43.2,9.1,33.9,5032.5
125,92,2,55,17,2.2,3.4,0.4,1.2,16.6,1.6,14.8,1985.5
125,93,7,45,19.9,5.6,1.5,0.8,1.1,19.1,1.8,17,2230.5
125,94,4,64,20.7,2.9,3,2.4,1.2,18.3,2.8,18.9,2403.9
125,95,3,9,3.6,0.5,0.4,0.3,0.3,3.3,0.8,3.5,407.6
125,96,4,25.5,10.2,3,1.2,1.5,0.4,8.7,1.2,8.2,1353
125,97,3,11.5,4.8,1.6,0.4,1,0.3,3.8,0.7,3.7,661.7
125,98,4,79,29.4,6.7,2.8,0.9,1.5,28.5,1,24.6,3729.2
125,99,1,2,1,0.3,0,0.1,0.1,0.9,0.3,0.8,112.5
125,100,3,22,9.9,2.8,0.7,0.4,0.7,9.5,1.5,8.4,1039.9
125,101,3,9,3.6,1,0.5,0.1,0,3.5,0.3,3.4,391.4
125,102,1,1,0.4,0.1,0.1,0,0,0.4,0.1,0.4,48.4
125,103,3,17,5.5,0.7,0.7,0,0.3,5.5,1.1,5,609.9
125,104,3,7.5,2.4,0.3,0.3,0,0.1,2.4,0.5,2.2,269.1
125,106,3,10.5,3.8,0.8,0.6,0.4,0.3,3.4,0.2,3.2,443.4
125,107,5,51.5,23.3,4.8,0.3,0,4.2,23.3,0.3,20.2,2370.2
125,108,2,278,142.1,63.9,4.8,50,14.6,92.1,16.6,82.8,12186.8
125,109,2,484,282.8,158.6,6.5,205,41.5,77.8,40,113.1,20671.1
125,110,6,144.5,58,11.8,2.9,2,1.9,56,4.6,53.1,6003.3
125,111,1,3,1.3,0.4,0.1,0.2,0.1,1.1,0,1.1,134.9
125,112,5,14,6,1.8,0.4,0.7,0.4,5.3,0.1,5.2,647
125,113,4,98.5,42.3,9.2,1.7,0.6,2.9,41.7,1.3,37.9,4794.7
125,114,2,643,348.8,177.3,8.4,173.4,25.4,175.4,38.2,186.2,31287.7
125,115,2,123,55,17.3,4.3,2.1,2.1,52.9,4.2,48.7,5676.3
125,116,1,7,2.4,0.5,0.5,0.2,0,2.2,0.3,2.2,286.2
125,117,1,1,0.4,0.1,0,0,0,0.4,0,0.4,45.9
125,118,1,1,0.5,0.2,0,0,0,0.5,0,0.4,59.5
125,119,1,1,0.5,0.2,0,0,0,0.5,0,0.5,55.5
125,120,3,9,4.5,1.6,0,0,0.4,4.5,0.4,4.5,499.5
125,121,3,11,5.4,2.4,0.2,0.5,0.7,4.9,1.2,3.5,536.2
125,122,2,7,3.9,2.1,0.2,0.8,0.8,3.1,1.3,2.3,365.5
125,123,4,35,13.9,3,0.8,1.4,0.8,12.5,1.1,11.5,1613.2
125,124,6,96,38.3,9.4,3.1,1.1,1.7,37.2,1.7,33.4,4405.9
125,125,7,171.5,66.2,11.1,7.3,0.8,6,65.4,4.4,62.2,7810.2
125,126,4,41,15.8,2.8,1.8,0.5,1.4,15.3,1.2,14.2,1782.8
125,127,1,4,1.4,0.4,0.3,0.2,0,1.2,0.1,1.3,166.6
124,1,1,3,1.6,0.4,0,0.1,0.1,1.5,0.4,1.1,140.5
124,2,1,2,1,0.2,0,0.1,0.1,0.9,0.2,0.7,93.7
124,11,4,12,5.6,2,0.1,0,0.6,5.6,2.2,4,514.2
124,12,2,8,3.9,1.2,0,0,0.7,3.9,1.5,2.4,364
124,13,1,1,0.5,0.2,0,0,0.1,0.5,0.2,0.3,45.5
124,14,1,4.5,2.2,0.7,0,0,0.4,2.2,0.8,1.4,204.7
124,15,1,2,1,0.3,0,0,0.2,1,0.4,0.6,91
124,16,1,4,1.9,0.6,0,0,0.4,1.9,0.7,1.2,182
124,19,1,2,0.9,0.3,0.1,0.1,0.1,0.8,0.2,0.9,92.6
124,20,1,1,0.4,0.1,0,0,0.1,0.4,0.1,0.4,46.3
124,26,1,9,3.5,1.2,0.6,0,0.1,3.5,0.1,3.5,419.3
124,27,6,29.5,11.6,3.8,2,0,0.5,11.6,0.5,11.6,1374.2
124,28,4,17.5,6.8,1.2,0.7,0.6,0.7,6.2,0.2,6.3,786.2
124,29,1,16,6.2,1,0.6,0.6,0.6,5.6,0.2,5.8,718.9
124,30,3,16,5,0,0.5,0,0.3,5,0.5,4.2,559.5
124,31,4,10,3.5,0.4,0.4,0.2,0.1,3.3,0.6,3.3,375.2
124,32,2,5,1.9,0.4,0.1,0.1,0,1.8,0.4,1.9,200.4
124,35,3,16,6.9,2.4,0.3,0.4,0.7,6.5,1,5.1,876
124,36,2,28.5,12.2,4.3,0.6,0.6,1.2,11.6,1.9,9.2,1560.5
124,37,1,9,3.5,0.8,0.2,0.4,0,3.1,0.6,3.5,373.9
124,44,2,15,6.2,1.6,0.1,0,0.8,6.2,0.4,5.7,711.3
124,45,5,11,4.4,1.1,0,0,0.8,4.4,0.3,4.1,521.7
124,46,6,53,21.5,5.8,1.1,1.6,1.9,19.9,2.5,19.8,2389.7
124,47,5,30,12,3.6,1,2.2,0.3,9.8,1.9,11.2,1261.6
124,48,1,3,1.3,0.4,0,0.1,0.2,1.2,0.2,1.2,131
124,51,3,15.5,5.5,1.4,0,0.7,0.4,4.8,0.4,4.9,600.5
124,52,3,25,9,2.2,0,1.2,0.6,7.8,0.6,7.8,968.5
124,58,2,21,7.3,0.4,1.4,0,0.4,7.3,0.3,7.3,859.6
124,60,3,7,2.4,0.1,0.4,0,0.1,2.4,0,2.4,286.6
124,61,4,76,31.8,7.5,3.1,0.1,1.2,31.7,2.5,29,3846.8
124,62,7,130.5,40.8,2.8,7.4,0.8,1.9,40,4.1,35.4,4554.7
124,63,5,174,63.9,17.4,10.1,13.5,4.1,50.4,5.7,54.1,6477.7
124,64,4,35,14.2,4.4,1.1,4.4,1.1,9.8,0.9,12.6,1450.9
124,65,5,25.5,8.8,1.8,2.4,0,0.4,8.8,1,8.8,1104.2
124,66,2,10,3.4,0.7,0.7,0.1,0.1,3.3,0.3,3.4,429.9
124,67,1,3,1,0.2,0.1,0.1,0,0.9,0.1,1,128
124,68,5,74.5,34.8,8.2,0.5,17,3.2,17.8,1.4,33.6,3868.6
124,69,5,63,25.7,6,3.1,0.8,1.3,24.9,1.7,23.9,2932.5
124,70,2,6,2.5,0.5,0.2,0.1,0.1,2.4,0.1,2.3,297.6
124,72,1,1,0.3,0,0,0,0,0.3,0,0.3,38.9
124,74,6,80,25.8,1.9,3.5,0.5,1.1,25.3,1.6,24.1,3202.7
124,75,4,58.5,19.9,1.6,2.3,0.8,0.7,19.1,0.7,18.3,2453.5
124,76,4,31,10.6,0.9,1.2,0.5,0.4,10.1,0.5,9.7,1295.7
124,77,5,42,15.1,2.9,1.7,1.7,1.3,13.4,2.3,14,1575.6
124,78,2,7,3.1,0.7,0.2,0.3,0.3,2.8,0.3,2.4,332.5
124,79,2,20,8.6,2,0.5,0.5,0.7,8.1,0.7,6.8,949.9
124,82,1,1,0.3,0.1,0.1,0,0,0.3,0,0.3,33.8
124,83,3,23,8.7,1.5,1.1,0,0.4,8.7,0,7.6,984.6
124,84,2,6,2.3,0.4,0.2,0,0.1,2.3,0,2,256.8
124,85,2,18,6,1,1.3,0,0.4,6,0.7,6,790.3
124,87,3,10,3.3,0.5,0.7,0,0.2,3.3,0.3,3.3,439
124,88,5,29,10.3,1.5,2.3,0,1.2,10.3,0.9,9.7,1186
124,89,4,64,22.8,3.2,5.2,0,2.6,22.8,2,21.5,2617.2
124,90,4,14,5.6,0.2,0.2,0,0,5.6,0,4.9,665
124,91,4,154.5,61.8,19.9,6.1,15.5,3.7,46.3,7.4,39.9,6003.6
124,92,3,62,22.5,4.3,2.9,1.1,0.6,21.4,1.1,19.5,2359.9
124,93,3,12.5,5,0.5,0.5,0.3,0.2,4.7,0,4.5,559.7
124,94,3,74,32.2,6.4,1.1,0.6,0.7,31.6,2.8,31.7,3470.2
124,95,2,180.5,70.6,11.2,4.2,4.2,7.2,66.4,0.4,62.6,7516.2
124,96,4,118,49,11.5,5.1,4.2,6.4,44.8,7.3,41.8,5021.8
124,97,4,11,3.9,0.6,0.6,0.1,0.5,3.8,0.6,2.8,480.2
124,98,3,26,9.7,2.5,1,0,0.2,9.7,0.6,7.8,1280.2
124,99,4,23,8.6,2.3,0.9,0,0.2,8.6,0.5,6.9,1132.6
124,100,2,11,4.4,1.3,0.6,0,0,4.4,0.1,4,451.6
124,101,1,3,1.2,0.2,0,0,0,1.2,0.1,1.1,126.1
124,102,2,9,3.6,0.7,0,0,0,3.6,0.2,3.3,378.2
124,103,3,7,2.8,0.6,0,0,0,2.8,0.1,2.7,294.1
124,104,1,2,0.9,0.3,0,0.1,0,0.8,0.1,0.8,88.6
124,105,3,65,24,2.5,2,1.4,1.4,22.6,0.8,21.9,2526.7
124,106,2,17,7,1.8,0.5,1,0.3,6,0.6,5.9,730.2
124,107,3,46,18.4,5.3,2.1,6.9,1.3,11.5,2.5,16.3,1970.6
124,108,6,107,42,9.4,3.8,3.6,2.8,38.4,3.1,35.6,4480
124,109,4,9,3.7,1,0.3,0.4,0.3,3.3,0.4,3,382.5
124,111,1,4,1.9,0.7,0,0.1,0.2,1.8,0.3,1.5,180.5
124,112,4,10,4.4,1.4,0,0,0,4.4,0.6,3.8,537
124,113,4,34,14.1,2.5,0.9,0,0,14.1,0.5,13.1,1555.2
124,114,5,121,59.3,19.1,1,19,9.1,40.3,7.5,39.4,6139.4
124,115,4,343,147.7,44.8,10.8,64,15.8,83.7,14.8,95,13580.8
124,116,2,5,1.9,0.4,0.1,0,0,1.9,0.4,1.6,216.9
124,118,2,2,1,0.6,0,0,0,1,0.2,0.6,103.2
124,119,4,4,2,1.1,0,0,0,2,0.4,1.2,203.3
124,120,3,6,2.9,1.3,0,0,0.2,2.9,0.5,1.8,291.1
124,122,2,8,3.2,0.8,0.4,0.2,0.2,3,0.2,2.6,353.6
124,123,1,3,1,0.2,0.1,0,0.1,1,0.1,0.8,111.3
124,124,4,14,4.9,0.9,0.5,0.1,0.5,4.8,0.5,4,533.3
124,126,1,2,0.8,0.1,0.1,0,0.1,0.8,0.1,0.8,88.1
123,5,1,2,0.9,0.4,0.1,0,0,0.9,0.4,0.7,78.3
123,10,3,34,20.5,13.1,0.3,3.8,1.6,16.7,4.7,13.2,1772.7
123,12,1,2,1,0.3,0,0,0.2,1,0.4,0.6,91
123,13,1,1,0.5,0.2,0,0,0.1,0.5,0.2,0.3,45.5
123,15,1,4,1.9,0.6,0,0,0.4,1.9,0.7,1.2,182
123,18,1,1,0.4,0.1,0,0,0.1,0.4,0.1,0.4,46.3
123,26,3,4,1.6,0.4,0.3,0,0.1,1.6,0,1.6,186.1
123,27,2,223.5,108.1,46.5,8.9,41,7.5,67.1,17.3,67.9,9925
123,28,4,290.5,117.8,34.3,7.6,9.3,10.6,108.5,10.4,102.2,11936.6
123,29,1,1,0.4,0.1,0,0.1,0,0.3,0,0.3,38.1
123,30,3,15,4.7,0,0.6,0,0.2,4.7,0.6,3.9,524.4
123,31,2,9,3.5,0.7,0.3,0.2,0,3.3,0.7,3.5,360.7
123,32,1,2,0.8,0.2,0.1,0.1,0,0.7,0.2,0.8,80.2
123,35,3,9,6.3,3.7,0,1,0,5.3,1,5.8,599.3
123,36,6,18,7.7,2.4,0.4,1,0,6.7,1.3,7.5,811.1
123,37,2,5,1.9,0.5,0.1,0.3,0,1.6,0.4,1.9,207.7
123,44,2,8,3.2,0.7,0.1,0.2,0.1,3,0.2,2.6,406.9
123,45,3,17,6.7,1.7,0,0.3,0.2,6.4,0.4,5.5,816
123,46,3,136,61.4,19.6,3.8,13.7,2.2,47.7,4.5,44.9,6153
123,47,4,78,29.9,5.2,2.1,2.2,0.7,27.7,2,28.8,3378.3
123,48,5,16,6.6,1.8,0.1,0.6,1.2,6,0.5,6.3,657
123,49,2,7,3,0.9,0,0.2,0.4,2.8,0.4,2.8,305.8
123,50,2,7,3.1,1,0,0.3,0.4,2.8,0.4,2.8,305.8
123,52,1,4,1.4,0.4,0,0.2,0.1,1.2,0.1,1.3,155
123,57,3,16.5,7.9,2.3,0,0,0,7.9,0,7.9,744.1
123,58,3,21.5,7.4,1.1,1.5,0,0.4,7.4,0.4,6.6,793.4
123,59,6,45.5,15.4,2.7,2.9,0.4,1.1,15,0.2,15.1,1675
123,60,3,12,4.2,0.3,0.7,0,0.3,4.2,0.1,4.2,479.1
123,61,4,47.5,18.7,2.7,1,3.2,1.1,15.5,0.5,18.3,2134.3
123,62,4,48,15.9,2.3,3.1,0.5,0.5,15.4,1.5,13.9,1785.1
123,63,3,29.5,10.8,2.5,1.2,2.9,0.6,7.9,0.5,9.8,1131.6
123,64,6,27,8.8,1,1.4,1.6,0.1,7.2,0.2,8.1,958
123,65,1,9,4.2,1.4,0.2,0.5,0.2,3.7,0.5,3.7,361.4
123,66,3,11,4,0.9,0.5,0.3,0.1,3.7,0.3,3.9,464.4
123,67,2,6,2,0.4,0.2,0.2,0,1.8,0.2,2,256
123,68,4,24,10.4,3.3,0.5,1.8,1.1,8.6,0,9.2,1253.5
123,69,5,48,19.8,5,2,1.1,1.2,18.7,1.1,18.3,2267.8
123,70,3,9,4.1,1.2,0.4,0.1,0.3,4,0.3,3.9,504.2
123,71,3,8,3,0.4,0.3,0.1,0.1,2.9,0.1,2.7,351.8
123,73,1,75.5,25.9,4.7,3.4,0,0.4,25.9,2.7,25.2,3158.9
123,74,5,126,46.9,5.5,2.1,0,4,46.9,0.6,43,5292.7
123,75,2,10,4,0.4,0,0,0.3,4,0,3.6,452.4
123,76,3,36.5,12.6,1.4,1.5,0.7,0.7,11.9,0.9,11.6,1486.6
123,77,2,5,1.8,0.3,0.2,0.2,0.2,1.6,0.3,1.7,187.5
123,78,4,15,6.3,1.5,0.5,0.3,0,6,0.5,6.3,664.6
123,79,2,7,2.8,0.5,0.4,0,0.4,2.8,0.2,2.8,310.5
123,80,2,3,1.2,0.2,0.2,0,0.2,1.2,0.1,1.2,133.1
123,81,6,28,9.3,2.1,2.1,0.6,0.7,8.7,0.6,7.4,1112.5
123,82,1,2,0.7,0.2,0.2,0.1,0,0.6,0,0.5,78.4
123,83,2,11,4,1,0.7,0.1,0.1,3.9,0.2,3.6,425.7
123,85,3,13,4.3,0.8,1,0,0.3,4.3,0.4,4.3,570.8
123,86,4,17,6.5,1.4,0.7,0.6,0,5.9,1.3,5.5,936.7
123,87,6,28.5,10.5,2.1,1.4,0.8,0.1,9.7,2,9.3,1483.3
123,88,3,53,20.6,8,3.6,3.6,0,17,3.6,13.5,2186.5
123,89,2,3,1.2,0.1,0.1,0,0,1.2,0,1,135.9
123,90,3,15,4.5,0.3,1,0,0,4.5,0.7,4.5,571.8
123,91,3,10,3.5,0.1,0.4,0,0.2,3.5,0.2,3.3,436.9
123,92,2,11,3.6,0,0.7,0,0.3,3.6,0.3,3.6,452.6
123,93,3,4,1.6,0.3,0.1,0.2,0,1.4,0.2,1.3,184.7
123,94,4,531,263.5,118,17.5,183.9,31.3,79.6,63.3,87.7,22400.2
123,95,1,595,321.6,156.5,12.4,174.2,30.2,147.4,42.8,155.5,25320.5
123,96,3,253.5,107.6,26.6,6.6,9.6,11.2,98,6.6,87.3,10727.5
123,97,3,86.5,32.7,7.2,2,0.5,1,32.2,1,29.4,3938.7
123,98,6,22,8.8,1.7,0.3,0.1,0.1,8.7,0,8,1022.8
123,99,1,4,1.6,0.3,0,0,0,1.6,0,1.5,183.5
123,100,5,18,7.2,2.1,0.9,0,0,7.2,0.2,6.5,738.9
123,101,2,5,2.2,0.6,0.1,0,0.1,2.2,0.2,1.8,226.8
123,102,3,16,7.7,3,0.6,0,0.6,7.7,0.6,5.9,805.3
123,104,1,3,1.2,0.4,0.1,0.1,0,1.1,0.1,1.2,140.4
123,105,6,40,17.5,5.1,1.2,2.3,0.7,15.2,1.2,15.7,1837.5
123,106,4,79,32.1,9.9,4,2.5,1.6,29.6,3,28.9,3435.8
123,107,6,66,24.8,5.6,2.8,2,1.1,22.8,1.5,22.3,2860.1
123,108,6,93,34.9,3.8,0.2,2,3.2,32.9,0.7,31.8,3986.9
123,109,2,14,5.7,1.5,0.3,0.6,0.4,5.1,0.4,4.9,602.7
123,110,3,19,8.1,2,0.3,0.4,0.8,7.7,1,7.2,845.1
123,111,1,2,0.9,0.3,0,0,0,0.9,0.1,0.8,107.4
123,112,3,5,2.1,0.6,0,0,0,2.1,0.4,1.9,268.5
123,113,2,4,1.7,0.4,0.1,0,0,1.7,0.1,1.6,198.9
123,114,3,13,5,1.6,0.8,1,0.4,4,0.4,4,686.5
123,116,5,15,6,1.9,0.6,0.3,0.1,5.7,1.6,4.8,719.8
123,117,1,5,2.1,0.7,0.2,0,0,2.1,0.7,1.7,235
123,118,1,10,4.6,2.7,0.4,0,0,4.6,0.8,3.1,516.2
123,120,8,28.5,13.3,4.6,0,0,1.8,13.3,2.1,9.7,1489
123,121,1,3,1,0.2,0.1,0.1,0,0.9,0.1,1,108.5
123,123,1,2,0.7,0.1,0.1,0,0.1,0.7,0.1,0.5,74.2
123,124,2,12,4.7,1.3,0.7,0.4,0.3,4.3,0.3,4,527.7
123,125,2,10,3.9,0.7,0.4,0.1,0.2,3.8,0.5,3.5,433.1
123,126,2,9,3.3,1,0.6,0.5,0,2.8,0.2,2.8,374.7
123,127,3,17,6.1,1.9,1.1,0.7,0,5.4,0.4,5.3,707.9
122,9,3,20,10.7,5.8,0.5,1.1,0.9,9.6,2.5,7.4,989.5
122,10,5,61,33.4,16.3,1,3.4,3.9,30,10.1,24.4,3041
122,11,1,6,3.2,1.8,0.1,0.4,0.3,2.8,0.7,2.2,296.9
122,15,1,2,1,0.3,0,0,0.2,1,0.4,0.6,91
122,26,6,39,15.6,4.1,2.3,0,1.2,15.6,0.6,15.1,1814.9
122,27,4,79,37.4,14.1,1.7,14,1.3,23.4,4.2,26.3,3440.7
122,28,1,5,1.9,0.5,0.1,0.4,0.1,1.5,0.1,1.4,190.3
122,29,1,5,1.6,0,0.2,0,0.1,1.6,0.2,1.3,174.8
122,30,2,15,4.7,0,0.5,0,0.3,4.7,0.5,3.9,524.5
122,31,1,2,0.8,0.2,0.1,0.1,0,0.7,0.2,0.8,80.2
122,32,1,4,1.5,0.3,0.1,0.1,0,1.4,0.3,1.5,160.3
122,33,1,3,1.2,0.2,0.1,0.1,0,1.1,0.2,1.2,120.2
122,34,1,2,1.4,0.8,0,0.2,0,1.2,0.2,1.3,133.2
122,35,2,3,2.1,1.2,0,0.3,0,1.8,0.3,1.9,199.8
122,36,1,1,0.7,0.4,0,0.1,0,0.6,0.1,0.6,66.6
122,37,2,6,2.3,0.6,0.1,0.3,0,2,0.4,2.3,249.2
122,38,3,9,4.1,1.6,0,0.2,0,3.9,1.1,3.6,487.8
122,42,4,24.5,9.9,1.6,0.9,1.6,0.9,8.3,0.9,9.1,1448.4
122,43,1,3,1.2,0.2,0.1,0.2,0.1,1,0.1,1.1,177.4
122,45,3,8,3.2,0.8,0,0.2,0,3,0.2,2.5,385
122,46,3,24.5,9.2,1.1,0.7,0.1,0.3,9.1,0.3,9.1,1074.1
122,47,2,17,6.5,0.8,0.5,0.2,0.1,6.3,0.1,6.2,745.3
122,48,1,16,6.4,1.6,0.4,0.8,1.6,5.6,0.4,6,615.2
122,49,3,17,6.8,1.7,0.4,0.7,1.7,6.1,0.5,6.4,658.9
122,50,1,1,0.4,0.1,0,0,0.1,0.4,0.1,0.4,43.7
122,55,2,5,2.4,0.7,0,0,0,2.4,0,2.4,225.5
122,57,2,6,2.8,0.9,0,0,0,2.8,0,2.8,270.6
122,58,1,16,5.5,0.8,1.1,0,0.3,5.5,0.3,4.9,590.5
122,59,2,256,103.4,18.7,7.8,15,8.2,88.4,4.2,92,11273.7
122,60,4,185.5,64,6.6,9.2,1.4,5,62.6,1,59,7416.4
122,61,6,111,37.1,7.4,6.6,0.6,1.7,36.5,3.7,36.1,4368.1
122,62,4,12,4.1,0.7,1,0.1,0.1,4,0.5,4.1,486
122,63,1,4,1.2,0.1,0.2,0.2,0,1,0,1.2,135.4
122,64,4,11,3.9,0.8,0.5,0.6,0.2,3.3,0.2,3.7,397.5
122,65,3,23,10.6,3.6,0.6,1.1,0.6,9.5,1.3,9.5,923.6
122,68,1,10,4.3,1.4,0.2,0.7,0.5,3.6,0,3.9,522.3
122,69,3,17,7.9,2.3,0.5,0.2,0.6,7.7,0.5,7.3,972.5
122,70,1,6,2.8,0.8,0.2,0,0.2,2.8,0.2,2.6,347.2
122,71,1,1,0.5,0.1,0,0,0,0.5,0,0.4,57.9
122,73,1,17,5.5,0.9,0.7,0,0.2,5.5,0.3,4.8,587.8
122,74,5,57,18.7,2.9,2.2,0,0.6,18.7,1.1,16.3,2002.8
122,75,5,31.5,12.4,1.4,0,0,1,12.4,0,11.5,1425.2
122,77,2,10,3.6,0.7,0.4,0.4,0.3,3.2,0.5,3.4,375.1
122,78,5,16,6.6,1.6,0.5,0.2,0,6.4,0.5,6.6,709
122,79,1,6,2.5,0.6,0.2,0.1,0,2.4,0.2,2.5,265.9
122,81,2,8,3.1,0.6,0.6,0,0.5,3.1,0.2,3,349.8
122,82,2,12,3.9,0.9,0.9,0.3,0.3,3.6,0.3,3,470.1
122,83,3,15,5.1,1.9,1.3,0.4,0,4.7,0.6,4.7,506.5
122,85,1,1,0.3,0.1,0.1,0,0,0.3,0,0.3,43.9
122,86,3,10,3.8,0.7,0.4,0.3,0,3.5,0.7,3.3,534.2
122,87,1,6,2.3,0.5,0.2,0.2,0,2.1,0.5,1.9,334.8
122,88,3,5,2,0.9,0.4,0.4,0,1.6,0.4,1.4,206.4
122,89,2,14,4.2,0.5,1,0.1,0,4.1,0.7,4.1,536.8
122,90,2,12,3.6,0.3,0.8,0,0,3.6,0.6,3.6,457.4
122,91,2,7,2.2,0.1,0.5,0,0.1,2.2,0.3,2.2,275.9
122,92,4,14,4.4,0,0.8,0,0.4,4.4,0.4,4.4,576
122,93,4,8,3.2,0.8,0.1,0.6,0.1,2.6,0.8,2.2,380.6
122,94,4,280,155.9,76.2,3.6,101.8,15,54.1,26.7,78.8,12413.5
122,95,1,938.5,468.6,209.9,21.4,262,56.2,206.6,60.8,235.3,37775.3
122,96,2,152.5,50,7.2,8.3,1,3.7,49,2.5,47.6,5715.2
122,97,3,13,4.7,0.9,0.2,0.1,0.2,4.6,0.2,3.8,558.8
122,98,6,159,61.1,7.8,3.6,0.6,4.6,60.5,2,54.8,6625.8
122,99,6,21,8.4,1.9,0.6,0,0.1,8.4,0.1,7.9,910.4
122,100,1,1,0.4,0.1,0,0,0,0.4,0,0.4,41
122,101,3,7,3.4,1.3,0.2,0,0.2,3.4,0.2,2.7,352.3
122,102,1,2,1,0.4,0.1,0,0.1,1,0.1,0.7,100.7
122,103,3,5,2,0.4,0,0,0,2,0.1,1.9,210.1
122,104,2,21,8.4,1.7,0,0,0,8.4,0.4,7.9,882.4
122,105,3,20,8.3,2.4,1,1,0.3,7.3,0.6,7.7,936.3
122,106,2,6,2.5,0.7,0.2,0.2,0.1,2.3,0.2,2.3,280.9
122,107,4,16,6.3,1.5,0.5,0.3,0.1,6,0.1,6,714.6
122,108,5,151,68.4,20.4,3,12.7,9.4,55.7,6.2,44.7,6624.7
122,109,4,25.5,10,1.5,0.3,0.8,0.7,9.2,0.5,9.4,1126.9
122,110,3,8,2.9,0.3,0.3,0.1,0.3,2.8,0.3,2.9,350
122,111,4,18,7.3,1.7,0.4,0.2,0.4,7.1,0.9,6.8,896.9
122,112,1,11,4.7,1.4,0.2,0,0.2,4.7,0.7,4.1,590.6
122,113,3,14,5.9,1.9,0.3,0,0.3,5.9,0.9,5.3,751.6
122,114,2,4,1.7,0.5,0,0,0,1.7,0.3,1.5,214.8
122,115,2,5,1.9,0.7,0.4,0.5,0.1,1.4,0.1,1.4,274.6
122,116,4,15,5.8,2,0.9,1.2,0.4,4.6,0.9,4.3,792.2
122,117,2,6,2.4,0.8,0.2,0,0,2.4,0.8,2,282
122,118,1,1,0.5,0.3,0,0,0,0.5,0.1,0.3,51.6
122,119,3,12,5.5,3,0.4,0,0.1,5.5,0.9,3.7,624.7
122,120,5,10,4.7,1.3,0,0,0.7,4.7,0.7,3.7,542.7
122,121,3,23,7.8,1.4,1,0.9,0,6.9,1,7.3,832
122,122,4,21,7.1,1.3,0.8,0.8,0,6.3,0.8,6.7,759.6
122,123,1,5,1.9,0.6,0.3,0.1,0.1,1.8,0.1,1.7,221
122,124,2,10,3.9,1.1,0.5,0.3,0.3,3.6,0.3,3.3,442
122,125,1,3.5,1.3,0.4,0.2,0.2,0,1.1,0.1,1.1,145.7
122,126,2,7,2.5,0.7,0.5,0.3,0,2.2,0.2,2.2,291.5
87,0,6,39,17.7,6,1.6,0.4,1.1,17.3,3.1,17.2,1989.6
87,1,1,1,0.4,0.1,0,0,0,0.4,0,0.4,49.2
87,2,1,5,2,0.6,0.2,0,0.1,2,0.2,1.9,246.1
87,3,2,6,2.4,0.7,0.2,0,0.1,2.4,0.2,2.3,295.3
87,4,2,8,4,1.5,0.2,0,0.2,4,0.2,3.6,413.2
87,6,3,20,8.7,2.9,1.3,0,0,8.7,1.3,7.1,754.2
87,7,1,1,0.4,0.1,0.1,0,0,0.4,0.1,0.4,37.7
87,11,5,64,26.8,9.1,1.5,2.3,2.3,24.5,1.6,23.7,2797.9
87,12,4,21,8.7,3.1,0.4,0.8,0.9,7.9,0.4,7.7,925
87,13,4,43,19.5,6.6,0.6,2.5,0,17,1.3,16.4,2104
87,14,3,28,12.6,4.1,0.3,1.5,0.2,11.1,1.1,10.3,1335.9
87,15,6,40.5,17.6,3.8,0.8,2.3,1.5,15.3,4.3,12.3,1636.1
87,16,6,28,12.3,2.9,0.5,1.6,1.5,10.7,1.8,9.3,1110.8
87,18,2,2,0.8,0.4,0,0,0,0.8,0.2,0.8,93.2
87,22,1,1,0.4,0.1,0,0,0,0.4,0,0.4,50.9
87,23,5,135.5,44.6,6.1,5.3,0.5,4.8,44.1,1.5,39.7,5489
87,24,6,71,25.7,3.9,2.7,0.8,1.4,24.9,0.9,24.6,3285.1
87,25,4,362.5,147.3,48.4,13.5,37.8,4.6,109.5,14.3,102.5,14231.6
87,26,4,289,124.4,40,11.4,51,8.9,73.4,17.5,71.9,11670.9
87,27,2,21,8.7,1.9,0.5,0,0.6,8.7,0.2,8.3,940.8
87,29,1,11,4.1,1.1,0,1.6,0,2.5,0.3,2.8,468.3
87,31,1,2,0.8,0.2,0,0,0.1,0.8,0,0.7,96.4
87,32,1,8,3.2,0.7,0.2,0,0.3,3.2,0.2,2.7,385.7
87,34,4,16,6.4,1.3,0.3,0,0.6,6.4,0.3,5.4,771.2
87,36,2,31,12.7,4,0,0,0,12.7,2.4,9.5,1587.3
87,37,2,9.5,3.8,1.2,0.3,0,0.3,3.8,0.3,3.5,400.2
87,38,2,6,2,0.1,0.1,0,0.1,2,0.1,1.6,250
87,39,2,16,5.4,0.2,0.2,0,0.2,5.4,0.2,4.2,666.6
87,40,4,47,16.7,5.2,4.4,0,0.9,16.7,0,14.7,2038.5
87,41,2,74,21.4,2.7,5,0,1.7,21.4,0.7,20.5,2475.1
87,42,4,269,84.1,6.1,7.9,0,7,84.1,2.1,81.1,9857.5
87,43,7,119,39.2,3.9,5.3,1.5,2.3,37.7,1.3,37.2,4762.5
87,44,1,3,1.1,0.2,0.1,0,0.1,1.1,0.1,1,130.7
87,45,3,10,3.5,0.5,0.2,0,0.3,3.5,0.2,3,498.8
87,46,1,2,0.7,0.1,0.1,0,0,0.7,0,0.7,75.7
87,47,2,247.5,79.7,3.5,6.1,0,8.2,79.7,1.2,78.7,9075.2
87,48,5,100.5,44,9,2.7,2.9,0.8,41.1,2.7,38.5,4620.3
87,49,2,362,187.1,89.3,6.1,80.8,16.8,106.3,44.2,94.7,15424.4
87,50,4,175,65.4,14.7,7.6,3.3,6.2,62.1,5.9,59.5,6690.2
87,51,3,33,13.4,4,1.3,1.2,1.2,12.2,1.4,12,1346.1
87,55,1,16,5.4,0.6,0.6,0,0.4,5.4,0.6,5.4,694
87,56,6,82.5,29,3.1,3.2,0.5,0.5,28.5,2.3,26.9,3666.1
87,57,3,35,12.7,2.5,1.6,0.5,0.2,12.2,0.8,11.5,1555.1
87,58,1,15,6.3,1.9,0,0,0.5,6.3,0.5,6.3,810
87,60,3,57,22.9,3.4,0.8,1,1,21.9,1.6,22,2574.1
87,63,3,83.5,28,5.3,4,0,2,28,2.7,26.7,3506
87,67,3,11,6,3.5,0,0.4,0.7,5.6,1.1,5.4,608.9
87,69,5,40,17,5.4,0.6,0.6,0.6,16.4,1.3,14.8,2075.9
87,70,0,37,12,1,1,0,5,12,1,9,1306
87,73,1,3,1.4,0.6,0.1,0.6,0.2,0.8,0.2,0.9,125.2
87,75,1,4,1.3,0.2,0.2,0,0,1.3,0.2,1.1,173.8
87,78,5,108,40.3,7.1,1.1,0,2.1,40.3,1.9,36.1,4142.5
87,79,2,464.5,185.5,42.6,17.7,16,17.7,169.5,16.8,158.6,18612.5
87,80,2,462.5,172.2,41.7,21.6,60,22.9,112.2,41.1,108.2,14647.7
87,81,5,217,80.8,13.1,6.3,2,4.3,78.8,5.7,68.8,8563.4
87,82,4,337,128.3,24.3,12,0,11.3,128.3,10.7,117.3,13461.7
87,83,2,3,1.3,0.4,0,0,0.1,1.3,0.1,1.1,141.9
87,84,1,1,0.4,0.1,0,0,0,0.4,0,0.4,47.3
87,86,3,14,5.2,0.7,0.5,0.6,0.4,4.6,0.6,3.8,585.8
87,87,5,95,35.4,6.7,2.7,2.2,1.2,33.2,1.7,28,4128.1
87,88,3,18,6.2,1.3,0.7,0,0.2,6.2,0.5,5.9,785.6
87,89,1,8,2.7,0.6,0.3,0,0.1,2.7,0.2,2.6,349.2
87,90,1,2,0.8,0.2,0.1,0.2,0.1,0.6,0,0.5,89.3
87,93,1,4,1.3,0.1,0.1,0,0,1.3,0.1,1.2,225.5
87,97,4,70,29.5,10.8,2.9,0.9,2,28.6,1,28.5,3329.9
87,98,1,5,2,0.3,0.3,0,0.1,2,0.4,2,280.6
87,100,2,2,0.8,0.2,0.2,0,0,0.8,0.2,0.8,112.2
87,101,1,2,0.8,0.1,0.1,0,0,0.8,0.2,0.8,112.3
87,108,2,5,2.5,0.8,0,0,0,2.5,0.3,2.5,255.8
87,109,3,197,79.6,17.2,2.8,2.8,4.6,76.8,7,67.6,8171.8
87,110,3,189.5,79.9,24.3,9.2,13.2,12.3,66.7,5.3,58.8,8065.8
87,114,1,6,2.6,0.4,0.1,0,0.1,2.6,0.1,2.5,291.5
87,115,5,82,30.8,4.5,2.5,0,0.8,30.8,0.5,28.4,3379.9
87,116,6,105,44.5,6.2,0.5,0.6,2.6,43.9,3.1,40.7,4952.8
87,117,1,4,1.7,0.2,0,0.1,0.1,1.6,0.1,1.5,195.7
87,118,4,8,3.9,1.4,0.1,0.5,0.1,3.4,0.3,3.4,475
87,119,1,4,1.9,0.7,0.1,0.2,0.1,1.7,0.2,1.7,237.5
87,121,1,5,2,0.5,0.2,0,0,2,0.3,1.6,248.4
87,122,4,8,3.2,0.8,0.3,0,0,3.2,0.5,2.4,397.6
87,123,1,1,0.4,0.1,0,0,0,0.4,0,0.3,43.9
87,124,1,3,1.1,0.2,0.1,0,0,1.1,0.1,0.8,131.6
87,126,5,73,26.1,6.2,4.1,0.6,1,25.5,2.2,25.1,2965
87,127,8,156.5,58.9,16.9,8.2,6,2.7,52.9,5,50.3,6432
89,1,1,2,0.9,0.4,0.1,0,0,0.9,0.4,0.6,124.8
89,3,1,1,0.5,0.2,0,0,0,0.5,0.2,0.3,62.4
89,4,6,20,9.3,3.5,0.6,0.1,0.1,9.2,3.4,5.9,1241.7
89,5,3,50,27.2,11.2,0.8,9.8,3.5,17.4,5.5,16.2,2715.9
89,6,1,3,1.5,0.5,0.1,0.4,0.2,1.1,0.2,1.2,168.3
89,9,1,2,0.8,0.3,0.1,0,0.1,0.8,0.2,0.8,95.7
89,10,4,32.5,13.6,5.4,1.4,0,1.4,13.6,2.7,12.7,1555.8
89,11,6,45,18.1,4.2,1.2,2,1.2,16.1,0.9,16.1,2141.4
89,12,2,9,3.6,0.6,0.2,0.5,0.2,3.1,0,3.1,427.5
89,13,3,22,9.5,4.4,0.7,0.7,0.7,8.8,2.9,7.3,1246.7
89,17,3,11,4.4,1.3,0.4,0,0.4,4.4,0.4,3.7,499.8
89,18,3,15,6.6,2.1,0.8,0,0,6.6,0.4,6.6,707.8
89,19,1,1,0.4,0.1,0.1,0,0,0.4,0,0.4,47.2
89,22,2,39,15.1,5,0.6,0,0.6,15.1,0,13.9,1640.5
89,23,3,103.5,35.4,4.4,5.3,1.2,2.7,34.2,2.4,32.2,4179.6
89,24,2,183,71.5,12.5,8.6,4.5,6.5,67,1.2,58.4,8059.2
89,25,1,736,342.2,141.3,23,145,37.7,197.2,34,193.2,30710.5
89,26,3,499,183.6,43.5,24.6,19.9,15.5,163.7,22.3,158.6,18649
89,27,2,279,100.8,19.5,13.1,1.4,7.3,99.4,2.8,90.8,10844.7
89,28,2,14,4.7,0.8,0.7,0,0,4.7,0.8,4,532.8
89,29,1,1,0.3,0.1,0,0,0,0.3,0.1,0.3,38.1
89,31,2,8,2.7,0.4,0.3,0.1,0,2.6,0.2,2.3,329.4
89,34,1,4,1.4,0.2,0.1,0.1,0,1.3,0,1.2,177.2
89,36,2,23,8.5,1.2,0.8,0,0,8.5,0.4,8.1,909.1
89,37,2,15,5.5,0.8,0.6,0,0,5.5,0.2,5.3,592.9
89,38,2,2,1,0.2,0,0,0,1,0,0.8,95.8
89,39,2,6,2.8,0.8,0.2,0,0.2,2.8,0,2.3,287.2
89,40,1,4,1.4,0.3,0.1,0.1,0,1.3,0.1,1.3,196.4
89,41,2,6,2.5,0.7,0.2,0.3,0,2.2,0,1.9,271.8
89,42,1,5,2.1,0.6,0.2,0.3,0,1.8,0,1.6,226.5
89,44,2,5,2.1,0.6,0.1,0.1,0.1,2,0.2,1.8,206.2
89,45,5,19,7.9,2.3,0.6,0.5,0.2,7.4,1.2,7.2,764.1
89,47,1,2,0.6,0.1,0.1,0,0,0.6,0.1,0.6,82.9
89,48,5,51,20.6,5.7,1.4,0,2.4,20.6,1.8,19.6,2292.9
89,49,2,9.5,3.8,1.1,0.2,0,0.4,3.8,0.3,3.7,427.1
89,50,2,25,10.4,2.3,0.9,1.8,0.4,8.6,1.4,10,1168.2
89,51,2,424,180.6,52.9,11.5,38.7,12.3,141.9,11,143.9,18017.7
89,52,2,137,47.8,8.8,4.9,6.2,4.6,41.6,2,42.4,6191.4
89,53,0,45,25,9,0,11,3,14,3,16,2454
89,54,5,246.5,102.8,25.6,3,32.7,15.1,70.1,7.6,74.9,11149.6
89,57,5,34,14,1.8,0.9,0,2.7,14,1.8,9.5,1421.1
89,65,4,57,23.4,4.5,0.7,2.5,3.7,20.9,2,20.1,2788.1
89,68,3,16,6.6,1.8,0.6,0,0.2,6.6,0.3,5.8,789.4
89,69,4,16,6.7,1.7,0.5,0,0.1,6.7,0.3,5.9,789.5
89,70,3,8.5,2.6,0.1,0.7,0.1,0.5,2.5,0.5,2.2,270.4
89,73,1,6,2.4,0.4,0,0.3,0,2.1,0.6,1.8,271.8
89,74,5,18,8.1,2,0.2,0.3,0,7.8,1.2,6.6,807.7
89,75,3,36.5,17.7,5.2,0.7,0,0,17.7,1.5,15.5,1625.2
89,76,0,573,222,37,9,7,16,215,16,182,21737
89,77,3,365.5,168.9,61.8,9,76.2,10.5,92.7,22.5,83.7,13865.1
89,78,1,418.5,160.2,25.5,12,3,14.1,157.2,13.3,136.1,15920.9
89,81,1,3,1.1,0.2,0.1,0.1,0.2,1,0.1,1,115.4
89,82,2,16,5.8,1.1,0.3,0.3,1.1,5.5,0.5,5.3,615.7
89,84,2,6,2.3,0.3,0.3,0.2,0,2.1,0.3,1.8,286.5
89,85,4,15,5.4,1.5,0.8,0.8,0.5,4.6,0.5,4.6,576.2
89,86,1,4,1.4,0.4,0.2,0.2,0.1,1.2,0.1,1.2,153.7
89,88,1,2,0.8,0.2,0.1,0,0,0.8,0,0.6,105.5
89,89,3,54,20.6,2.7,0.7,0,1.2,20.6,0.4,19.5,2225.8
89,90,3,365.5,131.9,16.1,6.6,1,9.8,130.9,6.6,118.7,14689.3
89,91,2,20,6.8,1,0.6,0.1,0.3,6.7,0.5,5.9,765.2
89,92,1,2,0.7,0.1,0.1,0.1,0,0.6,0,0.5,84.5
89,94,1,4,1.4,0.3,0.1,0,0.1,1.4,0.1,1.3,169.9
89,95,1,2,0.7,0.1,0.1,0,0,0.7,0.1,0.7,84.9
89,98,1,2,0.8,0.1,0.1,0.3,0,0.5,0,0.6,91.2
89,100,2,10,3.8,0.6,0.6,1.4,0,2.4,0,2.8,456.2
89,101,1,2,0.8,0.1,0.1,0.3,0,0.5,0,0.6,91.2
89,107,1,5,1.8,0.4,0.2,0,0,1.8,0.3,1.7,216.7
89,108,1,8,3.7,1.5,0.2,1,0.2,2.7,1.2,1.7,406.9
89,110,2,4.5,2.1,0.8,0.1,0.5,0.1,1.6,0.7,0.9,228.9
89,111,2,7,3,0.6,0.1,0,0,3,0.3,2.8,418.3
89,117,1,13,5.9,1.8,0.3,0,0.3,5.9,0.3,4.1,550.1
89,119,2,10,4.7,1.8,0.3,0.9,0.2,3.8,1,2.9,683.2
89,120,2,94,44.1,15.5,2.9,2.8,0.5,41.3,4.2,37.6,5077.5
89,121,1,4,1.9,0.7,0.1,0.4,0.1,1.5,0.4,1.2,273.3
89,122,1,19.5,7.3,1.3,1,0,0.6,7.3,0.4,7.1,809.4
89,123,4,64,31.5,15.1,0,0,1,31.5,4,23.5,3454.3
89,125,1,2,1.1,0.3,0,0.1,0.2,1,0.2,0.8,119.4
90,0,2,7,3.5,1.7,0.3,0.3,0.1,3.2,0.7,2.9,386
90,1,1,1,0.5,0.2,0,0,0,0.5,0.2,0.3,62.4
90,2,1,2,0.9,0.4,0.1,0,0,0.9,0.4,0.6,124.8
90,4,6,36,14.3,3.1,1.8,0.7,1,13.6,1.2,12.2,1665.2
90,5,2,3,1.4,0.5,0.1,0,0.1,1.4,0.1,1.2,162.2
90,6,3,6,2.7,0.9,0.3,0,0.3,2.7,0.3,2.4,324.3
90,8,1,3,1.3,0.5,0.1,0,0.1,1.3,0.3,1.2,143.6
90,9,3,16,6.6,2.4,0.5,0,0.4,6.6,0.8,5.9,759.2
90,10,5,31,13,4.5,0.5,0,0,13,0.6,11,1459.2
90,11,2,88,39.6,12.3,1.6,4.8,2.2,34.8,4.3,32,4394.4
90,12,4,27,12.1,3.7,0.2,0.9,1,11.2,1.6,9.8,1236.3
90,13,2,7,3,1.4,0.2,0.2,0.2,2.8,0.9,2.3,396.7
90,14,2,7,3.2,1.2,0.1,0,0.3,3.2,0.1,3,336.8
90,15,5,29.5,13.5,5,0.5,0,1.2,13.5,0.5,12.7,1420.1
90,17,3,11.5,4.6,1.4,0.5,0,0.5,4.6,0.5,4,522.6
90,20,1,1,0.4,0.1,0.1,0,0,0.4,0,0.4,47.2
90,23,2,8,2.9,0.7,0.4,0.1,0.1,2.8,0.1,2.3,307.3
90,24,5,206.5,81,21.3,5,9.2,5.8,71.8,7.5,57.8,8075.8
90,25,3,15,5.5,1.4,0.5,0,0.1,5.5,0.9,4.4,665.1
90,26,2,51,18.6,5.6,1.4,0.1,0.2,18.5,0.2,18.4,1996.3
90,27,6,116.5,44.4,9,3.5,5.1,2.5,39.3,3.2,38.8,4619.8
90,28,4,27,10.6,3,1.4,0.8,0.4,9.8,0.8,9.6,1198.6
90,29,5,56,22.8,5.6,3.1,1.6,1.3,21.2,1.4,20.2,2533.9
90,30,1,6,2.5,0.5,0.3,0.2,0.2,2.3,0.2,2.1,269
90,31,3,10,3.7,0.6,0.4,0.2,0.1,3.5,0.3,3.2,426.4
90,32,1,4,1.4,0.2,0.1,0.1,0,1.3,0,1.2,177.2
90,33,1,3,1.1,0.1,0.1,0.1,0,1,0,0.9,132.9
90,34,1,10,3.5,0.5,0.2,0.2,0.1,3.3,0,3,443
90,35,3,8,2.8,0.3,0.4,0.7,0.4,2.1,0.2,2.5,358.1
90,36,2,69,24.9,4.4,3.6,1.2,0.5,23.7,0.2,22.3,2665.2
90,37,2,10,4,0.9,0.6,0.9,0.6,3.1,0,3.2,508.7
90,39,1,3,1.1,0.2,0.1,0.1,0,1,0.1,1,147.3
90,40,4,8,2.9,0.4,0.3,0.4,0.3,2.5,0,2.5,310.9
90,41,1,2,0.8,0.2,0.1,0.1,0,0.7,0,0.6,90.6
90,43,7,36,13.6,3.2,1.4,2.1,0.4,11.5,0.3,10.5,1516.3
90,44,3,328,128.2,23.7,7.6,4.3,6.8,123.9,3.4,122.1,12986.3
90,45,3,95,34.2,4.6,2.1,1.2,2.7,33,1.8,31.2,3275.4
90,46,1,3,1,0.1,0.1,0,0,1,0.2,1,124.3
90,48,1,3,1.2,0.3,0.1,0,0.1,1.2,0.1,1.2,134.9
90,49,1,6,2.4,0.7,0.2,0,0.3,2.4,0.2,2.3,269.7
90,50,1,2,0.8,0.2,0.1,0,0.1,0.8,0.1,0.8,89.9
90,51,5,61,23.1,4.2,1.9,2.6,1.6,20.5,0.8,20.6,2662.7
90,52,6,154.5,65,15.2,3,14.3,8.9,50.7,3.5,52.3,7147.1
90,53,4,70.5,26.3,4.2,2.5,2.2,2.3,24.1,1.9,22.7,3038.4
90,54,6,145,61.3,19.5,5.1,22.5,6.2,38.8,4.4,45.7,6314.4
90,55,1,32,12.2,2.6,0.9,0.5,0,11.7,0,11.3,1645.9
90,56,1,1,0.4,0.1,0,0,0.1,0.4,0.1,0.3,41.8
90,57,1,4,1.6,0.2,0.1,0,0.3,1.6,0.2,1.1,167.2
90,60,6,40,17.5,4,0.9,0.7,0.9,16.8,2.5,14.5,1815.1
90,61,1,2,0.9,0.2,0,0,0,0.9,0.1,0.7,90.8
90,63,4,24,9.5,1.6,0.8,0.1,0.5,9.4,0,8.9,1158.4
90,65,1,3,1.3,0.3,0.1,0.2,0.1,1.1,0,1,187
90,66,1,12,4.7,0.8,0.3,0,0,4.7,0.3,3.9,575.4
90,67,2,28,11,1.9,0.8,0,0,11,0.8,9.1,1342.6
90,68,2,30,12.8,3.5,0.7,0,0.4,12.8,0.3,11.3,1543.9
90,69,5,98,41.7,11,2,0.1,2.3,41.6,3,38.7,4959.3
90,72,2,9,2.9,0.2,0.3,0,0.2,2.9,0,2.6,380
90,73,1,2,0.8,0.1,0.1,0,0.1,0.8,0,0.7,86
90,74,5,48,21.5,5.9,0.2,4.8,1.8,16.7,1.6,15.6,2108
90,75,2,24.5,9.6,2,0.4,0.4,1.5,9.2,1.3,7.8,1008.9
90,76,3,353.5,143.8,35.4,5.9,11.5,6.9,132.3,3,122.8,14557.4
90,77,0,901.5,411,135,19,183,59,228,53,190,34554
90,78,2,512,208.9,52.2,14,2.2,25.9,206.7,20.2,158.6,19309.2
90,83,2,3,1.2,0.1,0.1,0.1,0,1.1,0.1,0.9,143.3
90,84,2,15,5.5,1.2,0.7,0.6,0.3,4.9,0.5,4.6,622.9
90,85,3,13,4.7,1.3,0.7,0.7,0.5,4,0.5,4,499.3
90,87,1,8,3.3,0.9,0.4,0,0,3.3,0.4,2.8,450.2
90,88,1,4.5,1.8,0.4,0.1,0,0,1.8,0,1.4,237.3
90,89,1,3,1.2,0.3,0.1,0,0,1.2,0,0.9,158.2
90,90,2,23.5,7.9,1.3,0.7,0,0.3,7.9,0.7,7.4,867.9
90,92,1,6,2,0.3,0.2,0.1,0.1,1.9,0.1,1.4,253.4
90,93,1,4,1.3,0.2,0.1,0.1,0,1.2,0.1,0.9,168.9
90,94,5,22,7.8,1.2,0.7,0.1,0.5,7.7,0.6,6.3,893.8
90,95,3,148,52.4,4.1,4.7,0,4.3,52.4,1.8,49.5,6406.6
90,96,2,11,4,0.8,0.4,0,0.2,4,0.4,3.7,467.2
90,97,3,165.5,53.4,7.1,6.4,0,3.3,53.4,1.4,48.9,5808.1
90,98,2,206.5,85.5,22.6,4.6,19,7,66.5,8,52.9,8478
90,99,2,3,1.2,0.2,0.2,0.4,0,0.8,0,0.9,136.8
90,100,2,8,3,0.5,0.5,1.1,0,1.9,0,2.2,365
90,102,1,3,1.1,0.2,0.1,0,0,1.1,0.1,1.1,143.6
90,104,1,1,0.4,0.1,0,0,0,0.4,0,0.4,47.9
90,107,1,2,0.7,0.2,0.1,0,0,0.7,0.1,0.7,86.7
90,108,2,6,2.8,1.1,0.2,0.7,0.2,2.1,0.9,1.2,305.1
90,109,1,40,17.4,7.5,2.1,3.4,1.1,14,3.5,10.6,1647.6
90,111,1,2,0.9,0.2,0,0,0,0.9,0.1,0.8,119.5
90,112,3,4,1.7,0.4,0,0,0,1.7,0.1,1.6,239.1
90,113,5,14,6.1,1.1,0.3,0,0,6.1,0.6,5.6,836.4
90,114,1,4,1.7,0.3,0.1,0,0,1.7,0.2,1.6,239
90,115,1,2,0.9,0.3,0,0,0,0.9,0,0.6,84.6
91,0,1,1,0.5,0.2,0,0,0,0.5,0.1,0.4,55.1
91,1,1,5,2.5,1.2,0.2,0.2,0.1,2.3,0.5,2.1,275.7
91,2,1,2,0.9,0.4,0.1,0,0,0.9,0.4,0.6,124.8
91,3,4,32.5,11.4,1,1.6,0.6,0.6,10.8,1,9.3,1341.6
91,4,2,9,3.7,0.9,0.5,0.2,0.3,3.5,0.4,3.1,422.7
91,5,2,2,1,0.4,0,0,0,1,0,0.8,108.2
91,9,2,12,5,1.9,0.5,0,0.5,5,0.9,4.7,573.6
91,10,4,26,10.8,3.6,0.3,0,0,10.8,0.3,9.3,1222.9
91,11,6,49,22.3,7.6,0.2,1,1.4,21.3,3.1,17.9,2240.2
91,12,2,4,1.8,0.6,0,0,0.2,1.8,0.4,1.4,180.8
91,13,1,1,0.4,0.2,0,0,0,0.4,0.1,0.3,56.7
91,14,1,1,0.5,0.2,0,0,0,0.5,0,0.5,50.1
91,16,2,4,1.8,0.6,0.1,0,0.2,1.8,0.1,1.7,191.1
91,17,2,2,0.8,0.2,0,0,0,0.8,0,0.6,90.8
91,24,1,5,1.7,0.4,0.2,0,0,1.7,0.1,1.4,178.4
91,25,6,28,10.1,2.8,1.2,0,0,10.1,2.3,7.4,1178.3
91,26,3,43,15.8,3.9,1.8,0.2,0.5,15.6,2.2,13.3,1744.9
91,27,2,154.5,55.6,6.3,7.6,1.1,5.3,54.5,5.4,52.1,5855.4
91,28,1,6,2.5,0.8,0.3,0.2,0.1,2.3,0.1,2.2,277.2
91,29,2,8,3.3,1,0.5,0.3,0.1,3,0.1,3,368.2
91,30,3,27,11,2.3,1.5,0.7,0.8,10.3,0.8,9.5,1210.5
91,31,1,5,1.8,0.2,0.1,0.1,0.1,1.7,0,1.5,221.5
91,33,3,29,10.3,1.4,0.7,0.7,0.3,9.6,0,8.8,1284.8
91,34,3,431.5,201.8,87.9,6.4,114.9,18.8,86.9,18.5,125.3,18672.9
91,35,2,340,143.8,48,10.4,52.8,16.2,91,15.2,99.8,14210
91,36,1,4,1.3,0,0.2,0.5,0.1,0.8,0.1,1.2,154.6
91,37,2,4,1.6,0.4,0.2,0.4,0.2,1.2,0,1.2,203.4
91,38,1,12,4.2,0.9,0.2,0.2,0,4,0.2,4,589.2
91,39,4,22,7.8,1.7,0.4,0.3,0,7.5,0.4,7.3,1080.2
91,40,6,87,34.5,8.7,2.7,6.7,2.9,27.8,1.8,25.7,3296.2
91,41,4,105,36.8,7.8,5.1,0.9,3.9,35.9,0.5,34.2,3853.5
91,42,4,398.5,181.2,69.1,11.8,103.9,31.9,77.3,32.4,74.8,16722.6
91,43,3,351,176,87.3,4,126.4,21.7,49.6,35.3,69.4,14025.6
91,44,5,65,21.7,3.3,3,3.8,2,17.9,0.9,17.3,2531.2
91,45,3,33.5,10.1,1.8,1.1,1.6,1.1,8.5,0.6,6.8,1194.6
91,46,1,16.5,5,0.8,0.6,0.8,0.6,4.2,0.3,3.4,588.4
91,47,1,3,1,0.1,0.1,0,0,1,0.2,1,124.3
91,48,3,15,6,1.7,0.5,0,0.7,6,0.6,5.8,674.3
91,52,4,125,46.2,6.7,2,0,2.7,46.2,1.2,45.2,5647.7
91,53,5,212.5,91.3,28,5.2,4.2,6.4,87.1,4.4,84,10690.5
91,54,8,99.5,38.2,7,2.8,0.9,2,37.3,0.6,35.1,4697.6
91,55,5,52,19.8,4.2,1.6,0.6,0,19.2,0,18.2,2674.4
91,58,1,6,2.6,0.6,0.1,0.1,0.1,2.5,0.4,2.2,272.3
91,59,1,2,0.9,0.2,0,0,0,0.9,0.1,0.7,90.8
91,61,1,3,1.4,0.5,0.1,0,0,1.4,0,1.3,136.4
91,62,3,208.5,79.6,15.4,3.9,3,5,76.6,3,72.7,8790.6
91,63,5,170.5,65.5,17.3,6.9,4.4,1.9,61.1,3,60.1,7021
91,64,2,65,25.1,5.2,3.2,0.3,0.7,24.8,1,24.1,3223.7
91,66,3,29.5,11.6,2,0.8,0,0,11.6,0.8,9.6,1414.6
91,67,4,60,24.8,5.4,1,0,2,24.8,2,19.4,2974.3
91,69,4,59,23.3,5.5,1.9,0.2,0.6,23.1,1.7,20.4,2634.9
91,70,4,29,8.7,0.6,2.4,0.5,1.6,8.2,1.9,7.4,922.7
91,71,1,2,0.6,0,0.1,0,0,0.6,0,0.6,84.4
91,72,4,190,73.4,17.7,2.6,0,5.7,73.4,2,56.9,8121.5
91,73,2,243.5,91.6,18.3,5.1,7,12.3,84.6,9.6,70,9290.4
91,74,7,33,12.9,2.2,0.9,0.3,2.1,12.6,0.8,11.5,1396
91,75,4,31,12.1,2.4,0.6,0.7,2,11.4,1.7,9.6,1272.2
91,76,5,174.5,63.8,11.3,8.9,3.7,2.4,60.1,3.5,56.4,7456.4
91,77,2,484.5,193.7,38.3,12.9,57.4,26,136.3,24.5,125.4,18723.7
91,78,3,141.5,54.9,9.6,4,0.3,4.9,54.6,1,48.4,5557.3
91,79,2,6,2.6,0.4,0,0.2,0.6,2.4,0,1.6,240.2
91,80,3,7,3.1,0.4,0,0.3,0.7,2.8,0,1.8,280.3
91,82,2,26,9.9,1,1,0.5,0,9.4,1,7.8,1241.8
91,83,3,10,3.8,0.4,0.4,0.2,0,3.6,0.4,3,477.6
91,86,4,21,8.3,2.3,1,0.5,0.3,7.8,0.8,6.9,1003.1
91,87,5,24,10.1,2.8,1.1,0,0,10.1,1.1,8.3,1350.7
91,89,2,9,3.6,0.8,0.3,0,0,3.6,0,2.8,474.7
91,90,3,6,2.4,0.6,0.2,0,0,2.4,0,1.8,316.4
91,91,1,4,1.3,0.2,0.1,0.1,0,1.2,0.1,0.9,168.9
91,92,2,56.5,19,2.6,1.9,1.4,0.7,17.6,1.3,13,2386
91,93,2,39,13.9,2.6,1.1,0,1.1,13.9,1.1,10.8,1510.2
91,94,5,60,21.5,3.2,1.9,0,1.7,21.5,1.3,18,2422.5
91,95,3,275,120.8,38,2.8,17,12.6,103.8,10.4,82.7,12383.6
91,96,5,281.5,101.9,14.3,7.5,0,5.7,101.9,6.8,93.4,11578.3
91,97,2,70,25.6,6.6,2.4,0,0.7,25.6,2.4,23.6,2884
91,98,3,17.5,6.5,0.3,0.3,0,0,6.5,0,6.1,714.9
91,102,1,11,4.2,0.8,0.2,0.1,0.1,4.1,0.4,3.9,526.6
91,103,6,173,70.5,14,4.1,1.5,2.4,69,7.3,63.8,8423.4
91,104,5,106.5,38.5,5.8,3.5,0.4,2.4,38.1,3.2,34.7,5062.5
91,106,2,39,14.1,3.3,1.7,0,0,14.1,2.4,13.2,1690.2
91,107,1,170.5,68.4,14.1,4,7,7,61.4,8.1,60.3,7119.3
91,108,2,11,5.2,2,0.3,1.4,0.3,3.8,1.7,2.3,559.4
91,109,1,6,2.8,1.1,0.2,0.8,0.2,2,0.9,1.2,305.1
91,112,1,2,0.9,0.2,0,0,0,0.9,0.1,0.8,119.5
91,114,2,5,2.2,0.5,0.1,0,0,2.2,0.1,1.8,263.8
91,115,5,17,7.8,2.4,0.3,0,0.3,7.8,0.3,5.3,719.3
91,116,1,5,2.3,0.7,0.1,0,0.1,2.3,0.1,1.6,211.6
91,117,1,5,2.3,0.7,0.1,0,0.1,2.3,0.1,1.6,211.6
91,118,5,19,8.9,3.5,0.6,1.8,0.3,7.1,2,5.6,1298
91,124,1,2,1.1,0.3,0,0.1,0.2,1,0.2,0.8,119.4
91,126,1,2,1.1,0.3,0,0.1,0.2,1,0.2,0.8,119.4
91,127,1,3,1.6,0.5,0,0.1,0.2,1.5,0.4,1.2,179.1
92,0,4,20,8,1.2,0.4,0.4,1.2,7.6,1.7,6.7,1055.4
92,1,8,66,27,7.5,3.7,4.5,2.6,22.5,3.4,22.3,3460.5
92,2,2,10,4.1,1.2,0.6,0.9,0.4,3.2,0.5,3.4,523.6
92,3,9,81,33.8,10.2,2.9,2.9,2.4,30.9,4.9,28.6,3795.8
92,4,7,84,35.4,10.8,3,3.3,2.5,32.1,5.1,29.7,3963.4
92,5,2,4,2.2,1,0,0.4,0.2,1.8,0.4,1.8,223.4
92,6,1,2,1.1,0.5,0,0.2,0.1,0.9,0.2,0.9,111.7
92,7,2,6,3.3,1.5,0,0.5,0.3,2.8,0.7,2.7,335.1
92,9,2,5,2.4,0.9,0,0.3,0,2.1,0.4,1.9,231
92,10,3,18,8.6,3.2,0,1,0,7.6,1.4,6.8,831.6
92,11,1,10,3.8,1,0.3,0.3,0.1,3.5,0.1,3.3,436.8
92,12,1,6,2.3,0.6,0.2,0.2,0.1,2.1,0.1,2,262.1
92,13,2,8,3.2,0.4,0.3,0.3,0.3,2.9,0.1,2.7,325.9
92,14,5,39,16.1,3.3,1.1,1.1,1.3,15,1,13,1704
92,15,2,2,1,0.4,0,0,0,1,0.2,0.6,110.2
92,16,1,7,3.2,1.5,0,0,0.2,3.2,0.6,2.3,385.9
92,17,1,1,0.5,0.2,0,0,0,0.5,0.1,0.3,55.1
92,19,1,2,0.9,0.3,0.1,0,0,0.9,0.1,0.9,94.4
92,21,4,43,18.8,3.9,0.8,1.6,1.6,17.2,2.4,14.8,1984.2
92,22,2,9,3.9,0.8,0.1,0.3,0.3,3.6,0.5,3.1,415.3
92,24,3,8.5,3.2,0.8,0.4,0,0.2,3.2,0.1,3.1,358.3
92,25,7,88.5,34.1,10.2,3.8,0.5,1.6,33.6,1.1,31.9,3828.5
92,26,6,73,28.2,6.5,1.9,0.2,0.7,28,0.7,26,3241.8
92,27,1,26,10.1,1.5,0.2,0,0,10.1,0.2,9.2,1185.3
92,28,2,5,2,0.3,0.2,0,0,2,0.2,1.8,237.1
92,29,3,10,4.1,0.6,0.3,0,0,4.1,0.3,3.6,474.2
92,30,1,2,0.8,0.1,0.1,0,0,0.8,0.1,0.7,94.8
92,32,3,11.5,4.6,1.2,0.7,0,1.1,4.6,0,4.2,560.8
92,33,2,15,6,0.7,0.3,0.7,0,5.3,0,5.3,810.7
92,34,5,150,70.3,28,5.4,37.8,4.3,32.5,6.6,43.5,7147.7
92,35,5,303,117.7,25.6,9.8,36.2,11.2,81.5,11.4,79.6,12152.3
92,36,3,41,15.5,3.6,1.7,1.3,1.2,14.2,0.9,13.4,1792.4
92,37,2,7,2.6,0.5,0.2,0,0.6,2.6,0.2,1.9,277.4
92,38,2,52,23,10,3,4,2,19,4,17,2158
92,40,1,2,1,0.2,0,0,0.2,1,0.1,0.8,86
92,41,1,1,0.4,0.2,0,0,0,0.4,0.1,0.3,52.3
92,42,2,56,24.5,11,4,0,1,24.5,2,20.5,2725.5
92,43,1,201,82.8,25.1,2.2,10,3.2,72.8,11,71.5,8800.8
92,44,5,194.5,69.9,12.7,7.9,0.9,5,69,1.4,61.2,7341.3
92,45,3,345,137.3,31,8.5,27,6.2,110.3,9.5,112.3,13597.8
92,46,5,71,26.3,5.3,2.6,2.7,1.8,23.6,1.4,24,2859.5
92,47,4,43,17.2,4.6,1.1,2.3,2.3,14.9,1.1,15.4,1797.4
92,48,6,141.5,55.2,14.6,5.7,2,2.8,53.2,3.8,54.2,6159.7
92,49,3,14,5.9,1.3,0.7,0.3,0.6,5.6,0.2,5.1,698.2
92,50,3,25,10.7,2.2,1.3,0.7,1,10,0,8.8,1328.9
92,52,2,29.5,11.3,0.6,1.2,0.6,1.7,10.7,0,10.1,1144.2
92,53,7,95,38.5,10.8,3,1.1,1.4,37.4,1.2,35.7,4813.1
92,54,6,96,37.8,7.1,1.5,2,1.5,35.8,1.4,35.9,4398.7
92,55,4,87,34.5,7.6,1,9,3,25.5,1.5,31.4,3923.3
92,57,2,59,23.2,3.9,1,0.8,0.8,22.4,0.8,23.2,2630
92,58,8,58,21.3,2.6,1.5,0,1,21.3,0.6,20,2827.2
92,59,4,53.5,19.7,2.4,1.5,0,0.9,19.7,0.5,18.7,2607.8
92,61,2,4,1.7,0.4,0,0,0,1.7,0.1,1.6,202.3
92,62,1,93,40,13,3,14,3,26,4.2,22.8,3453
92,63,1,5,2.2,0.6,0,0,0,2.2,0.1,2.1,252.8
92,64,1,18,8,2,0,0,0,8,0.5,7.5,910
92,65,1,4,1.3,0.2,0.1,0.1,0,1.2,0,1.2,183.1
92,67,5,60,20.4,3.4,2.1,1.5,0,18.9,0.7,18.1,2746
92,69,3,14.5,6.1,0.9,0.4,0.9,0.2,5.2,1,5.6,703
92,70,2,55.5,19.7,3.2,2.2,0,3,19.7,0,17.6,2618
92,71,3,465,186.8,49.4,13.9,77.3,28.8,109.5,9.8,141.8,19252.9
92,72,1,558,245,75.5,14,52.7,16.2,192.3,11.2,177.6,24013.3
92,73,1,766,325.9,87.4,16.8,81,45.8,244.9,24.6,214.5,30829.1
92,74,5,140.5,53.7,10.2,3.5,3,4.4,50.7,3.1,45.3,5949.2
92,75,1,2,0.8,0.2,0.1,0,0,0.8,0,0.7,109.2
92,76,3,135.5,55.7,12.3,5,0.5,3.3,55.2,3.4,48.7,6226.8
92,77,6,162,68.1,13.3,5.6,2.8,2.8,65.3,3.4,56.5,7128.6
92,78,1,639,265.8,72.8,17,80,28.8,185.8,20.5,207.3,25565.1
92,79,3,352.5,148.8,43.2,7.6,30.7,10.9,118.1,6.2,107.6,14797.3
92,80,3,206.5,82.4,14,2.9,1.1,6.7,81.3,4.3,73.3,8812.4
92,82,5,27,9.6,1.7,1.7,0,0.8,9.6,0.8,9.6,1242.8
92,83,4,39.5,15.8,1.7,0,0,0,15.8,0,14.1,1804.5
92,84,1,2,0.8,0.1,0,0,0,0.8,0,0.7,91.4
92,85,1,1,0.4,0.1,0,0,0,0.4,0,0.4,46.4
92,86,3,21,7.4,0.8,0.5,0,0.3,7.4,0.1,7,861.9
92,87,3,344,133.7,25,9.5,0,10.3,133.7,11,122.2,14167
92,88,4,326.5,107.6,15.3,8.6,9,4.6,98.6,3.6,96.5,11993.8
92,89,3,118,46.5,11.1,2.4,1.5,2.8,45,1.5,42.2,5050
92,90,3,7,3,0.9,0,0.9,0.2,2.1,0.7,2.1,354.2
92,91,5,22,7.7,1.1,0.7,0,0.4,7.7,0.7,6.6,916.8
92,92,3,297.5,107.4,16.9,9.4,6,5.6,101.4,4.4,96.4,12845.4
92,93,2,56,18.1,0.9,1.8,0,1.8,18.1,0.9,18.1,2291.5
92,95,1,2,0.9,0.2,0.1,0,0,0.9,0.1,0.5,98.9
92,101,2,7,2.7,0.5,0.3,0.4,0.1,2.3,0.2,2.4,362.1
92,103,2,121,41,5.1,3.5,0.9,4.7,40.1,2.7,37.2,5036.5
92,104,1,2,0.8,0.2,0.1,0.2,0.1,0.6,0.1,0.6,102.7
92,105,2,5,2.5,0.9,0,0,0.5,2.5,0.7,2.3,386.3
92,106,3,96,34,5.1,3.3,0,4.3,34,2.6,30.6,3803.1
92,107,4,70.5,25.3,3.1,2.4,0,1,25.3,0.6,22,2788.8
92,109,1,6.5,3,1,0,0,0.2,3,0.2,2.2,465.2
92,112,1,5,2.3,0.5,0.2,0.2,0,2.1,0.2,2,331.1
92,113,1,5,2.3,0.5,0.2,0.2,0,2.1,0.2,2,331.1
92,116,1,5,2.3,0.6,0.2,0.2,0.4,2.1,0.2,1.8,239.6
92,117,4,16,7.3,1.8,0.5,0.5,1.3,6.8,0.7,5.7,766.7
92,118,1,1,0.4,0.1,0,0,0,0.4,0,0.4,55.4
92,124,1,7,3.1,0.9,0.1,0.4,0.2,2.7,0.1,2.5,310.7
92,125,7,38,16.3,3.8,0.3,0,1.2,16.3,2.1,14.4,1782.4
92,126,7,124,50.2,12.2,1.6,0.1,4.5,50.1,3.3,45.7,5606.6
92,127,2,7,3.5,1.3,0.1,0.1,0.5,3.4,0.2,2.9,398.5
0,4,5,36,22.1,11.9,0,0,0,22.1,2.8,20.2,2652.9
0,8,1,5,2.2,0.8,0.2,0,0,2.2,0.6,1.7,268.7
0,9,1,5,2.2,0.8,0.2,0,0,2.2,0.6,1.7,268.7
0,10,3,27,10.9,2.5,0.9,0,0,10.9,1.7,8.5,1209.7
0,11,1,10,4,0.9,0.3,0,0,4,0.6,3.1,440.9
0,12,1,3,1.4,0.4,0,0,0.2,1.4,0.5,1.3,134.7
0,13,1,5,2.5,1.1,0,0.2,0.2,2.3,0.9,2.5,247
0,15,3,20,8.4,3.3,0.7,0,0.2,8.4,0.5,7.3,787.3
0,16,1,12,5.3,2,0.3,0,0.3,5.3,0.8,4.7,642.4
0,17,1,2,0.9,0.3,0,0,0,0.9,0.1,0.8,107.1
0,18,3,36,15.6,6.8,0.9,0,0,15.6,0.9,10.7,1716.3
0,20,3,18,10.5,4.4,0,0,2.2,10.5,1.5,8.3,1231.5
0,22,1,4,2.2,0.7,0,0,0.1,2.2,0.1,2.2,247.2
0,24,2,12,6.1,1.6,0,0,0.6,6.1,0.6,5.3,698.2
0,28,2,5,2.4,0.7,0,0,0.2,2.4,0.5,1.9,262.4
0,34,1,3,1.4,0.6,0.2,0,0.3,1.4,0.3,1.3,117.2
0,35,3,5,2.3,1,0.3,0,0.5,2.3,0.5,2.2,195.3
0,39,3,14,8.5,4.3,0,0,0.9,8.5,3.4,6.8,913
0,40,1,3,2.2,1.3,0,0,0.3,2.2,0.9,1.7,224.8
0,47,1,1,0.6,0.3,0,0,0,0.6,0.3,0.5,60.1
0,54,4,10,6.2,3.8,0.3,0,0.3,6.2,2.4,4.1,574.1
0,56,1,1,0.5,0.2,0,0,0,0.5,0.1,0.4,55.8
0,61,1,1,0.6,0.3,0,0,0,0.6,0,0.5,67.9
0,66,5,38,18.7,6.5,1.4,0,0.5,18.7,5.1,14.4,1691.2
0,67,2,11,5,1.9,0.4,0,0.3,5,0.9,4.2,490.5
0,68,3,6,3.6,2.1,0,0,0.6,3.6,1.2,3.6,325.8
0,70,1,1,0.6,0.3,0,0,0.1,0.6,0.2,0.6,54.3
0,72,1,2,1.1,0.7,0,0,0,1.1,0.5,0.5,101.6
0,73,2,6,3.2,1.6,0,0,0.6,3.2,0.6,3,440
0,75,4,18,9.2,2,0,0,0.8,9.2,1.2,8.4,888.6
0,76,1,2,1,0.2,0,0,0.1,1,0.1,0.9,98.7
0,80,3,10,5.4,2.3,0,0,0.2,5.4,1.8,4.8,592
0,81,2,3,1.9,1.2,0,0,0.2,1.9,0.9,1.8,197.2
0,83,2,12,7.4,3.6,0,0,1,7.4,2.8,5.6,692.4
0,84,2,8.5,5.4,3.1,0,0,0.6,5.4,2.6,4.8,542.6
0,87,2,4,2.3,1.2,0,0,0.5,2.3,1.1,2,233.3
0,88,1,10,3.6,0.4,0.2,0,0.9,3.6,0.9,3.4,347.7
0,89,1,4,1.4,0.2,0.1,0,0.3,1.4,0.3,1.4,139.1
0,90,1,6,2.2,0.3,0.1,0,0.5,2.2,0.5,2,208.6
0,92,4,17,7.8,3.1,0,0,0.5,7.8,1.6,7.1,680
0,94,1,1,0.6,0.3,0,0,0,0.6,0,0.5,53
0,95,1,6,2.9,1.5,0.3,0,0.2,2.9,0.8,2,285.7
0,97,1,5,2.4,1.3,0.3,0,0.1,2.4,0.6,1.6,238.1
0,99,3,13,6.4,2.5,0.1,0.3,0.4,6.1,2.1,5.9,722.6
0,100,1,5,2.6,1.2,0.2,0,0.2,2.6,0.9,2.6,270.6
0,102,1,2,1,0.2,0.1,0,0.1,1,0.2,1,130.3
0,103,2,6,3.1,0.8,0.1,0,0.5,3.1,1,2.9,319.3
0,104,2,3,1.5,0.4,0,0,0.2,1.5,0.5,1.5,159.7
0,105,1,2,0.9,0.2,0,0,0.1,0.9,0.2,0.8,88.9
0,106,2,8,3.7,0.8,0,0,0.6,3.7,0.8,3.1,355.5
0,107,1,8,3.7,0.8,0,0,0.6,3.7,0.8,3.1,355.5
0,108,1,15,6.1,1.6,0.4,0,0.4,6.1,1.6,4.1,634.5
0,110,1,5,2,0.7,0.2,0,0.2,2,0.5,1.8,200.9
0,111,2,5.5,2.4,0.7,0,0.1,0,2.3,0.4,2.2,247.2
0,112,2,4,1.8,0.6,0,0.2,0,1.6,0.2,1.6,186.8
0,113,1,3,1.6,0.7,0.1,0,0.4,1.6,0.1,1.4,159.5
0,114,4,8.5,4.1,1.5,0,0.2,0.3,3.9,0.6,3.8,406.7
0,115,5,30,12.7,3.4,0,0.2,1.1,12.5,3.1,10.8,1236.3
0,117,2,5,2.5,1,0,0.2,0.1,2.3,0.6,2.1,228.1
0,118,2,6,3.2,1.2,0,0.3,0.3,2.9,0.4,2.6,305.5
0,119,5,37.5,19.2,6.6,0.3,2.1,3.1,17.1,2.2,14.9,1807.6
0,120,1,4,1.4,0.3,0.2,0,0.2,1.4,0.1,1.3,165.1
0,121,2,7,2.7,0.7,0.2,0,0.3,2.7,0.3,2.4,301.3
0,122,2,6,2.2,0.6,0.3,0,0.1,2.2,0.2,2,277.1
0,123,1,26,8.5,1.1,1.6,0,0,8.5,0.5,8.5,1188
0,124,1,5,1.6,0.2,0.3,0,0,1.6,0.1,1.6,228.5
0,125,2,11,7.2,3.3,0,0,1,7.2,0.5,3.8,729.8
0,126,3,12,4.8,1,0.3,0.2,1.2,4.6,1,3.6,423.8
0,127,4,27,10.5,2.3,0.7,0,2.3,10.5,2.3,7.4,837
1,0,4,40,15,2,0,0,1,15,4,13.1,1762
1,5,2,26,13.6,7.1,1.3,0.6,0.6,13,3.9,10.4,1415.7
1,8,1,3,1.3,0.5,0.1,0,0,1.3,0.4,1,161.2
1,11,1,4,1.8,0.7,0.2,0,0.2,1.8,0.5,1.5,176.5
1,12,4,20,9.2,3.4,0.8,0,0.8,9.2,2.4,7.6,882.4
1,13,1,2,1,0.5,0,0.1,0.1,0.9,0.4,1,98.8
1,15,3,43,18.1,7,1.8,0,0.6,18.1,1.2,15.7,1692.7
1,16,2,19,8.1,3.1,0.6,0,0.3,8.1,0.9,7.2,861.3
1,18,1,1,0.4,0.2,0,0,0,0.4,0,0.3,47.7
1,20,1,6,3.5,1.5,0,0,0.8,3.5,0.5,2.8,410.5
1,22,1,3,1.7,0.5,0,0,0.1,1.7,0.1,1.7,185.4
1,24,1,2,1.1,0.3,0,0,0.1,1.1,0.1,1.1,123.6
1,33,1,4,1.9,0.8,0.2,0,0.4,1.9,0.4,1.8,156.2
1,37,1,2,0.9,0.4,0.1,0,0.2,0.9,0.2,0.9,78.1
1,38,1,1,0.5,0.2,0,0,0,0.5,0.2,0.4,55.5
1,39,2,5,2.7,1.1,0,0,0.3,2.7,1,2.2,296.9
1,40,3,12.5,9,5.3,0,0,1.1,9,3.7,6.9,936.7
1,42,2,9,3.8,1.6,0.3,0.4,0,3.4,0.9,3.4,598.3
1,43,1,3,1.2,0.5,0.1,0.1,0,1.1,0.3,1.1,199.4
1,48,1,2,1.1,0.5,0,0,0,1.1,0.3,1,113.8
1,49,1,1,0.5,0.3,0,0,0,0.5,0.1,0.5,56.9
1,50,1,1,0.5,0.3,0,0,0,0.5,0.1,0.5,56.9
1,51,1,5,3.1,1.9,0.2,0,0.2,3.1,1.2,2.1,287.1
1,52,1,1,0.6,0.4,0,0,0,0.6,0.2,0.4,57.4
1,53,2,5,3.1,1.9,0.2,0,0.2,3.1,1.2,2,287
1,56,1,5,2.4,0.9,0.2,0,0.2,2.4,0.4,2,278.9
1,58,1,6,3.4,1.5,0,0.1,0.3,3.3,0.3,3.2,407.1
1,61,1,2,1.1,0.5,0,0,0.1,1.1,0.1,1.1,135.7
1,63,4,13,7.3,3.3,0,0.1,0.6,7.2,0.6,7,882.1
1,67,1,2,1,0.3,0.1,0,0,1,0.3,0.8,88.9
1,68,1,1,0.6,0.3,0,0,0.1,0.6,0.2,0.6,54.3
1,71,1,2,1.1,0.7,0,0,0,1.1,0.5,0.5,101.6
1,72,4,204.5,109.7,53.7,4,19,7,90.7,25.1,75,10719.9
1,73,3,14,7.7,3.5,0,0,1.4,7.7,1.4,7,1026.9
1,82,1,3,1.9,1.1,0,0,0.2,1.9,1,1.8,197.2
1,83,3,3,1.8,1.2,0,0,0.3,1.8,0.9,1.8,197.1
1,88,6,62,39.1,23.8,1.1,6.2,0,32.9,7.1,25.9,4007.1
1,89,1,6,2.2,0.3,0.1,0,0.5,2.2,0.5,2,208.6
1,90,1,1,0.4,0,0,0,0.1,0.4,0.1,0.3,34.8
1,91,2,9,4.1,1.7,0,0,0.3,4.1,0.8,3.8,360
1,92,2,7,3.2,1.2,0,0,0.2,3.2,0.7,3,280
1,93,3,9,5.2,2.6,0,0,0.3,5.2,0.3,4.7,477.3
1,94,1,11,6.3,3.1,0,0,0.5,6.3,0.5,5.8,583.5
1,96,3,18,8.6,4.6,1,0,0.5,8.6,2.3,6,857.2
1,97,2,10.5,5,2.6,0.5,0,0.3,5,1.3,3.4,500
1,98,1,1,0.5,0.2,0,0,0,0.5,0.2,0.5,54.1
1,99,1,3,1.5,0.7,0.1,0,0.1,1.5,0.5,1.5,162.4
1,100,3,20,10.3,4.8,0.6,0,0.6,10.3,3.7,10.3,1082.4
1,101,1,1,0.5,0.2,0,0,0,0.5,0.2,0.5,54.1
1,103,2,15,7.8,2.2,0,0,1.4,7.8,2.9,7.2,708.6
1,105,1,1,0.5,0.1,0,0,0.1,0.5,0.1,0.4,44.4
1,106,2,15,6.9,1.5,0,0,1,6.9,1.5,5.8,666.5
1,107,2,5.5,2.5,0.5,0,0,0.4,2.5,0.5,2.1,244.4
1,108,2,12,4.9,1.3,0.3,0,0.3,4.9,1.3,3.3,507.6
1,109,3,11,4.4,1.2,0.3,0,0.3,4.4,1.2,3.1,463.2
1,110,2,10,4.1,1.3,0.3,0,0.3,4.1,1,3.6,401.8
1,111,1,4,1.8,0.5,0,0.1,0,1.7,0.3,1.7,186.9
1,112,2,14,6.3,1.8,0,0.4,0,5.9,1,5.9,654.1
1,113,1,1,0.5,0.1,0,0.1,0,0.4,0.1,0.4,46.7
1,114,1,11,5,1.5,0,0.4,0,4.6,0.7,4.6,513.9
1,115,4,19,7.7,1.9,0,0,0.8,7.7,1.9,6.7,770.1
1,116,1,6,2.5,0.6,0,0,0.2,2.5,0.6,2.1,243.2
1,117,2,2,1,0.4,0,0,0,1,0.2,0.8,91.2
1,118,1,6,3.3,1.2,0,0.4,0.5,2.9,0.4,2.5,297.1
1,119,3,31.5,12.1,2.9,1.1,0.3,1.8,11.8,1,10.5,1337.1
1,120,4,35,12.5,2.7,1.3,0,1.9,12.5,0.9,11.2,1444.5
1,122,1,2,0.7,0.1,0.1,0,0,0.7,0,0.7,91.4
1,125,1,4,1.7,0.3,0,0.3,0.6,1.4,0.3,1.4,193
1,126,1,5,2.1,0.4,0,0.3,0.7,1.8,0.4,1.8,241.2
2,0,1,4,1.6,0.5,0.1,0,0,1.6,0.5,1.4,201.8
2,5,2,11,5.1,1.2,0,0,1.2,5.1,0.4,4.6,580.4
2,6,1,3,1.4,0.3,0,0,0.3,1.4,0.1,1.3,158.3
2,14,2,21,9,1.7,0.4,0,2.6,9,1.7,6.8,1028.1
2,16,4,56,34.2,19.8,0.3,3.9,1.9,30.3,8.3,26,2918.4
2,17,5,48.5,25.5,9.8,0.7,2.1,2.3,23.4,2.9,21.3,2446.3
2,19,2,4,2,0.8,0.1,0,0,2,0.7,1.7,238.8
2,21,3,22,11.7,4.9,0.8,0,0,11.7,3.2,10.6,1297.9
2,23,1,3,1.6,0.7,0.1,0,0,1.6,0.4,1.5,175.7
2,25,1,6,3,1.1,0,0,0.2,3,0.6,2.1,304.5
2,30,1,2,1.2,0.6,0,0,0.1,1.2,0.6,0.9,143.4
2,32,1,5,2.5,0.9,0,0,0.3,2.5,0.6,2.5,288.7
2,37,1,1,0.5,0.2,0,0,0.1,0.5,0.1,0.5,57.7
2,38,1,5,2.6,1,0,0,0,2.6,0.3,2.1,294.4
2,39,1,1,0.5,0.2,0,0,0,0.5,0.1,0.4,58.9
2,45,2,3,1.2,0.3,0.1,0,0,1.2,0.4,0.9,133.9
2,48,1,2,0.8,0.2,0.1,0,0,0.8,0.3,0.6,89.3
2,51,1,4,1.6,0.5,0.2,0,0,1.6,0.6,1.2,178.5
2,52,4,26,14.2,6.7,0.9,0,0.9,14.2,5.9,13.4,1300.9
2,53,1,2,1.1,0.5,0.1,0,0.1,1.1,0.5,1,100.1
2,56,3,10.5,6.1,3.3,0.2,0,0.2,6.1,3.1,4.4,565.9
2,63,2,3,1.3,0.5,0.2,0,0.1,1.3,0.5,1.2,139.9
2,64,2,4,1.7,0.6,0.2,0,0.2,1.7,0.5,1.5,179.9
2,71,3,7,3,1.2,0.5,0.2,0.2,2.8,0.7,2.6,344.9
2,72,5,27,11.9,4.9,1.6,0.9,0.9,11,2.4,9.5,1330.1
2,73,4,20,11.2,6.4,0.8,1.6,1.6,9.6,2.4,9.6,1208.8
2,74,1,1,0.6,0.3,0,0.1,0.1,0.5,0.1,0.5,60.4
2,77,1,3,1.9,1.2,0.1,0.1,0.1,1.8,0.6,1.8,174.9
2,78,1,3,1.7,0.7,0,0,0.3,1.7,0.4,1.3,176.2
2,83,2,4,2.3,0.9,0,0,0.4,2.3,0.5,1.7,234.9
2,87,1,7,3,0.2,0,0.2,0.2,2.8,0.4,2.8,322.2
2,88,5,10.5,5.4,2.2,0,0,0.6,5.4,1.6,5.4,517.2
2,89,3,4,2,0.8,0,0,0.3,2,0.7,2,197.1
2,92,1,3,1.5,0.6,0.1,0,0.1,1.5,0.3,1.5,172.9
2,98,1,2,1.3,0.8,0,0,0,1.3,0.2,1.3,146
2,101,1,2,1.1,0.3,0,0,0.3,1.1,0.1,0.9,127.4
2,102,2,8.5,4.6,1.2,0,0,1.2,4.6,0.4,3.7,541.5
2,103,3,14,6.4,2.3,0,0,1.4,6.4,0.4,6.4,699.6
2,105,2,9,4.3,1.9,0.4,0,0,4.3,1.9,3.9,455.9
2,106,1,5,2.4,1.1,0.2,0,0,2.4,1.1,2.2,253.3
2,107,2,7.5,3.7,0.9,0,0,0.4,3.7,0.3,3.3,352.4
2,109,1,1,0.4,0.2,0,0,0,0.4,0.2,0.4,44.6
2,110,3,4,2.4,0.9,0,0,0,2.4,0.4,2.3,281.7
2,111,2,9,4.7,1.9,0.1,0,0.1,4.7,0.9,4.4,563.6
2,112,1,3,1.4,0.5,0.1,0,0.1,1.4,0.4,1.3,169.1
2,113,1,1,0.5,0.2,0.1,0,0.1,0.5,0.1,0.5,52.7
2,114,5,11,5.6,2.6,0.5,0,0.7,5.6,1.2,5.3,561.2
2,116,1,4,2.2,1,0,0,0.2,2.2,0.5,1.9,185.8
2,117,1,1,0.5,0.3,0,0,0.1,0.5,0.1,0.5,46.5
2,118,1,4,1.7,0.4,0.1,0,0,1.7,0.3,1.7,212.1
2,119,3,32,13.4,3.9,0.7,0,0.5,13.4,2.5,12,1581.5
2,120,2,7,2.9,0.9,0.2,0,0.2,2.9,0.6,2.4,334.4
2,123,1,2,0.8,0.2,0.1,0,0.1,0.8,0.1,0.8,87.8
2,124,1,13,5.4,1.1,0.4,0,0.6,5.4,0.6,5.2,570.9
2,125,7,68,32,11.8,1.6,0,2.5,32,5,27.2,3739.6
2,126,2,4,1.9,0.7,0.1,0,0.1,1.9,0.3,1.6,220
2,127,2,17,6.9,1.9,0,0,1.2,6.9,1.2,6.3,836.1
86,0,4,26,11.2,3.9,1,1,1.3,10.2,2.8,8.9,1270.1
86,1,3,15,6.1,1.9,0.6,0.2,0.4,5.9,0.9,5.4,736.4
86,2,1,4,1.6,0.5,0.2,0,0.1,1.6,0.1,1.5,196.9
86,4,5,23,8.9,3,1,0.3,1.1,8.6,1,7.8,1014.2
86,5,2,11,4.2,1.6,0.5,0.3,0.8,3.9,0.5,3.4,423.5
86,6,2,5,2,0.8,0.2,0.1,0.3,1.9,0.2,1.7,206
86,7,1,1,0.5,0.2,0,0,0,0.5,0,0.5,52
86,9,3,26,9.7,2.4,1.4,0.3,0.8,9.4,1,8.6,919.9
86,10,5,65.5,23.8,5.4,4.1,0.3,1.2,23.5,2.4,21.2,2292
86,11,6,121.5,46.1,11.5,5.4,0.7,2.2,45.4,5,42.9,4821.9
86,12,5,35.5,17.2,8,0,0.5,0.6,16.7,3,15.4,1607.6
86,13,4,26,11.1,2.8,0.8,1.3,0.4,9.8,1.2,9,1259.5
86,14,6,122,48.9,11.7,3.5,4.4,1.9,44.5,8.9,41.6,5395.6
86,15,5,54,23.5,7.5,0.3,0.6,2.3,22.9,4.3,18.2,2347.4
86,16,1,1,0.4,0.1,0,0,0.1,0.4,0,0.3,39.3
86,17,2,10,4.5,1.2,0.2,0.6,0.5,3.9,0.4,3.5,392.7
86,18,2,4,1.7,0.8,0.1,0.1,0,1.6,0.3,1.6,186.5
86,19,1,1,0.4,0.2,0,0,0,0.4,0.1,0.4,46.6
86,20,1,2,0.9,0.4,0.1,0.1,0,0.8,0.2,0.8,93.3
86,21,1,4,1.6,0.5,0.1,0.1,0.1,1.5,0.1,1.6,203.5
86,22,4,50,20.4,6,1.6,0.8,0.8,19.6,1.6,19.5,2543.2
86,23,2,2,0.8,0.2,0,0,0.2,0.8,0,0.6,92.6
86,24,5,91,34.7,7.7,3.5,1.4,3.4,33.3,0,28.4,3909
86,25,4,109.5,39.5,6.9,4.3,0.8,2.2,38.7,1,34.6,4405.2
86,26,2,55,21.8,5.3,0.6,1.1,1.1,20.7,0.3,19.8,2478.8
86,27,4,18,8.1,4,0.6,2.1,0,6,0.6,6.7,636
86,28,5,149.5,60.5,15.8,4.9,4,1,56.5,6,51.6,7344.6
86,29,1,4,1.5,0.4,0,0.6,0,0.9,0.1,1,170.3
86,30,2,4,1.6,0.4,0,0.6,0,1,0,1,170.4
86,31,1,4,1.6,0.3,0.1,0,0.2,1.6,0.1,1.3,192.8
86,32,2,6,2.4,0.5,0.1,0,0.3,2.4,0.1,2,289.2
86,34,5,97,35.1,9.5,4.1,0,1.6,35.1,1.6,32.1,4160.9
86,36,5,35.5,14.6,4.3,1.8,2.6,0.8,12,2.5,12,1575.7
86,37,1,6,2.5,0.7,0.3,0.5,0.1,2,0.4,2,266.3
86,39,2,4,1.4,0,0,0,0,1.4,0,1,166.6
86,41,1,2,0.8,0.2,0,0,0.1,0.8,0,0.8,94.2
86,42,4,289,120,30.9,5.9,25,15.4,95,6,88.3,12486.9
86,43,4,90.5,30,1.9,4,0,1,30,0,25.9,3331.1
86,45,1,26,9,1.5,0.4,0,0.8,9,0.4,7.5,1297
86,46,1,7,3.1,0.8,0,0,0,3.1,0.3,2.9,344.8
86,47,2,255.5,91.9,17.3,12,1,9,90.9,5.8,85.1,9899.2
86,48,1,549,269.5,96.5,12,81.5,26.5,188,22.4,202.6,26104.6
86,49,1,1126,589.8,273.9,22.2,444.7,106.7,145.1,119.5,197.8,46172.4
86,50,7,41,16.8,4.1,0.5,1.7,1.6,15.1,1.1,14.7,1809.4
86,51,1,4,1.6,0.4,0.1,0.1,0.2,1.5,0.1,1.4,176.5
86,55,2,86.5,28,2.4,2.4,0,0,28,0,28,3146.3
86,56,4,89.5,33.8,5.7,4.7,0,2.2,33.8,3.4,23.8,3264
86,57,1,11,3.7,0.4,0.4,0,0.3,3.7,0.4,3.7,477.1
86,60,2,7,3,0.9,0,0,0.2,3,0.2,3,378
86,65,1,6,3.3,1.9,0,0.2,0.4,3.1,0.6,2.9,332.1
86,68,1,6,2.3,0.7,0.1,0,0.1,2.3,0.2,2.1,227.2
86,69,6,28,11.2,3.6,0.6,0.2,0.6,11,1.2,9.9,1169.4
86,70,3,5,2.2,0.8,0,0,0,2.2,0.2,2,257.5
86,71,1,10,4.7,1.8,0.3,2.1,0.5,2.6,0.5,2.9,417.4
86,72,1,26.5,17.1,10.2,0.2,14.4,4.3,2.7,1.3,2.9,1120.3
86,73,5,173.5,66.7,14.7,6.2,3,6.5,63.7,3.7,61.1,6726.7
86,74,4,98.5,40,9.2,1,0,2.2,40,3.2,37.2,4472.5
86,75,1,7,2.2,0.3,0.3,0,0,2.2,0.4,2,304.2
86,76,1,2,0.6,0.1,0.1,0,0,0.6,0.1,0.6,86.9
86,78,3,178,53.8,3.1,5.8,0.7,4,53.1,4.1,47.1,5895.9
86,79,0,1010.5,385,96,32,59,32,326,42,298,36175
86,80,0,1508.5,706,293,47,366,96,340,173,300,55139
86,81,1,609.5,265.2,86.7,16,65.5,15.9,199.7,16,169.9,22666.6
86,82,4,187.5,74,15.3,4.2,3,5.2,71,9,69.3,7515.2
86,83,4,30,13.2,4.2,0.3,0,1,13.2,1,11.2,1418.3
86,84,4,85,35.1,7.7,1.4,0,2.4,35.1,4.4,27.2,4015.4
86,85,3,9,3.7,1,0.2,0.6,0.2,3.1,0.6,2.9,399.7
86,86,1,5,1.8,0.3,0.3,0.1,0.2,1.7,0.2,1.1,207.4
86,87,3,72,28.2,5.6,3.6,0.4,0.9,27.8,2.3,22.4,3310.6
86,89,2,8,2.8,0.6,0.4,0,0.2,2.8,0.2,2.6,349.2
86,94,1,4,1.3,0.1,0.1,0,0,1.3,0.1,1.2,225.5
86,96,1,2,0.7,0.1,0.1,0,0,0.7,0,0.6,112.8
86,97,4,52,17.5,1.8,1.8,0,0.6,17.5,1.3,15.1,2932
86,98,5,29,11.7,1.8,1.8,0,0.5,11.7,2.6,11.7,1627.9
86,99,2,4,1.5,0.3,0.2,0,0.1,1.5,0.2,1.3,188
86,100,2,156.5,65.5,14.5,2.9,2.2,5.1,63.3,2.9,46.3,6963.4
86,101,3,4,1.6,0.2,0.1,0,0.1,1.6,0.1,1.2,177.4
86,103,2,5,1.9,0.2,0,0,0,1.9,0,1.5,227.7
86,104,3,185,81.9,29.9,3.5,11,5.5,70.9,13.9,54.8,8518.2
86,105,1,338,113.8,14.2,12.2,2,11.2,111.8,3.8,93.3,12785.2
86,106,1,8,3.2,1,0.2,0,0.2,3.2,0.6,2.7,387.6
86,108,1,2,1,0.3,0,0,0,1,0.1,1,102.3
86,109,1,141,46.6,4.8,5.5,6,4.8,40.6,1.9,36.9,5196.6
86,110,1,2,0.6,0,0.1,0,0,0.6,0,0.5,72.3
86,111,3,8,2.5,0.2,0.3,0,0.1,2.5,0.1,2.2,302
86,112,1,4,1.3,0.1,0.1,0,0,1.3,0.1,1.2,169.9
86,113,4,35,11.8,1.3,0.7,0,0.2,11.8,1.1,10.5,1486.8
86,114,7,93,31.2,3.2,2.6,0,1.3,31.2,2.5,28,3917.4
86,115,5,249,91.5,16.9,6.3,0,6.6,91.5,9.6,83.9,10134.5
86,116,1,5,2,0.3,0.1,0,0.1,2,0.1,1.9,219.4
86,117,2,12,4.7,0.8,0.3,0,0.3,4.7,0.1,4.4,526.5
86,118,2,8,3.9,1.3,0.1,0.4,0.1,3.5,0.4,3.5,474.9
86,119,1,2,1,0.3,0,0.1,0,0.9,0.1,0.9,118.7
86,121,2,6,2.6,0.7,0.1,0.1,0,2.5,0.3,2.1,317.5
86,122,1,1,0.4,0.1,0,0,0,0.4,0.1,0.3,49.7
86,124,1,1.5,0.6,0.1,0,0,0,0.6,0,0.5,65.6
86,126,4,50,19.4,2.7,1.7,0,0.5,19.4,0.5,17.2,2186.2
86,127,4,59,20.3,2.1,3.6,0,0.2,20.3,0.2,16.5,2289.7
88,0,5,35,16,5.6,1.4,0.5,1,15.5,2.8,15.4,1797.8
88,1,1,4,1.6,0.5,0.2,0,0.1,1.6,0.1,1.5,196.9
88,2,2,10,4,1.2,0.5,0,0.2,4,0.3,3.7,492.2
88,3,4,17,6.9,2.2,0.7,0,0.4,6.9,0.8,6.3,850
88,5,3,5,2.5,1,0.2,0.3,0.2,2.2,0.2,2.2,268.2
88,6,2,9,4,1.4,0.5,0.5,0.2,3.5,0.6,3.3,413
88,7,3,13.5,6.3,2.3,0.6,0.3,0.5,6,0.6,5.6,697.2
88,10,1,1,0.4,0.2,0,0,0,0.4,0.1,0.4,47.9
88,11,1,2,0.8,0.3,0.1,0,0.1,0.8,0.2,0.8,95.7
88,12,2,8,3.2,0.6,0.2,0.6,0.2,2.6,0,2.8,380
88,13,1,4,1.8,0.6,0.1,0.2,0,1.6,0.1,1.5,195.7
88,15,1,1,0.4,0.1,0,0,0,0.4,0.1,0.3,40.4
88,16,1,3,1.2,0.4,0.1,0,0.1,1.2,0.1,1,136.3
88,17,1,5,2,0.6,0.2,0,0.2,2,0.2,1.7,227.2
88,18,1,2,0.9,0.4,0.1,0.1,0,0.8,0.2,0.8,93.3
88,19,2,10,4.4,1.5,0.4,0.2,0,4.2,0.5,4.2,469.6
88,22,2,23,8.9,2.9,0.4,0,0.4,8.9,0,8.2,967.5
88,23,5,186,77.1,23.6,7.3,4.2,2,72.9,5,64.9,8512.7
88,24,4,356.5,159,54.7,7.8,68.7,17.7,90.3,20.9,92.9,15343.1
88,25,2,717.5,342.3,154.1,23.6,207.1,36.2,135.2,49.3,147.2,28129.7
88,26,5,235.5,89.7,17.7,7.1,8,3.1,81.7,4.4,82,9671.8
88,27,6,145,60.2,18.3,4.4,5.2,3.8,55,2.4,53.4,6492.8
88,28,1,19,6.3,1.2,0.9,0,0,6.3,1.2,5.4,723.2
88,29,3,47,16.6,3.7,1.3,3.2,0,13.4,2.1,12.6,1883.7
88,30,2,7,2.3,0.4,0.3,0,0,2.3,0.4,2,266.4
88,32,2,12,4.8,1,0.3,0,0.5,4.8,0.3,4,578.5
88,34,1,4.5,1.8,0.4,0.3,0.4,0.3,1.4,0,1.4,228.9
88,35,2,8,3.2,0.7,0.4,0.6,0.4,2.6,0.1,2.5,407.3
88,36,4,16,6.4,2,0.3,0,0.3,6.4,0.8,5.4,737.5
88,37,6,33,12.6,2.7,1.1,0,0.4,12.6,0.7,11.9,1340.7
88,38,3,25.5,9.8,1.8,0.7,0,0.7,9.8,0.3,8.1,1127.5
88,39,2,12,5.3,1.6,0.4,0,0.4,5.3,0,4.6,576.8
88,40,1,4,1.4,0.3,0.1,0.1,0,1.3,0.1,1.3,196.4
88,41,3,10,3.6,1,0.8,0.1,0.1,3.5,0.1,3.2,450.9
88,42,2,6,1.9,0.2,0.1,0,0.3,1.9,0.1,1.7,222.7
88,43,7,92.5,34,9,3.7,1,1.4,33,2.4,30.9,4122.8
88,45,4,32,12.4,2.9,0.7,0.5,0.7,11.9,1.2,10.6,1441.7
88,47,6,175,64.1,9.3,5.8,3,4.7,61.1,3.3,55.1,6555.7
88,48,1,19,7.7,2.1,0.5,0,0.9,7.7,0.7,7.3,854.2
88,49,1,1,0.4,0.1,0,0,0,0.4,0,0.4,45
88,50,6,72,29.4,8,2.8,3.1,2.2,26.3,3.4,26.8,3049.6
88,51,5,70.5,27.4,6.9,2.4,2.2,4.1,25.2,1.5,24,2952.9
88,55,1,30,12.7,5.2,1.2,0,1.1,12.7,0.2,10.7,1468.9
88,56,3,60,21.1,2.5,1.2,0.1,2.5,21,0.9,20.7,2527.5
88,57,4,142.5,52.4,13.4,7,0.9,3.4,51.5,2.3,46.1,6125.7
88,59,1,2,0.8,0.2,0.1,0,0,0.8,0.1,0.7,81.2
88,60,1,6,2.4,0.5,0.2,0,0,2.4,0.3,2.2,243.6
88,63,1,2,0.6,0.1,0.2,0,0,0.6,0.1,0.6,78.2
88,64,3,61,20.2,5.6,4.2,0,0.1,20.2,3,18.8,2326.6
88,67,1,3,1.3,0.3,0.1,0.2,0.1,1.1,0,1,187
88,68,4,23,9.7,2.8,0.7,0.1,0.3,9.6,0.6,8.5,1147.8
88,69,1,65,28.5,6.1,0.4,0.1,0.3,28.4,1.3,26.3,3666.1
88,70,2,27,10,2.1,0,0,0,10,0,9.2,1429.6
88,72,2,6,2.5,0.7,0.1,0.6,0.1,1.9,0.5,1.8,264.7
88,73,2,10,4,0.8,0,0.5,0,3.5,1,3,453
88,75,3,8,2.9,0.6,0.3,0,0,2.9,0.4,2.5,349.8
88,76,3,18,7.8,1.9,0.1,0.8,0.3,7,0.5,6.8,783.6
88,77,2,5,2,0.5,0.1,0.2,0.1,1.8,0.2,1.8,217.5
88,78,4,180,70.8,14.7,3,3,3,67.8,8.6,55.1,7233
88,79,4,35.5,16.4,5.3,0.5,0,1.1,16.4,3.1,14.3,1674.7
88,80,3,14,4.9,0.9,1,0.1,0.4,4.8,0.9,4.3,505.1
88,81,4,202,75.1,13.4,6.6,0.5,7.1,74.6,6.8,63.6,7528.6
88,82,4,60,23.1,3.5,2.1,0.1,2.5,23,1,19.9,2338.7
88,83,3,10,4.5,1.4,0.1,0,0.4,4.5,0.4,3.6,472.9
88,86,6,25,9.3,1.8,1.1,1.1,0.8,8.2,1.2,7.2,1032.3
88,89,5,166,58.1,8.9,4.3,1.6,3.4,56.5,2.3,53.3,6548.2
88,90,5,286.5,111.5,23.4,8.5,9.8,8.9,101.7,6.6,85.7,12526.2
88,91,2,16,6.4,1.6,0.7,1.3,0.4,5.1,0.3,4.1,714.6
88,93,1,5,1.7,0.2,0.2,0.1,0.1,1.6,0.1,1.2,211.2
88,94,1,2,0.7,0.1,0.1,0,0,0.7,0,0.6,112.8
88,97,1,1,0.5,0.2,0,0,0.1,0.5,0,0.5,55.1
88,98,2,8,3.1,0.6,0.6,0.5,0.1,2.6,0.3,2.7,407
88,101,1,4,1.5,0.2,0,0,0,1.5,0,1.2,182.1
88,102,1,2,0.8,0.1,0,0,0,0.8,0,0.6,91.1
88,104,1,1,0.4,0.1,0,0,0,0.4,0,0.4,47.9
88,113,1,2,0.9,0.2,0,0,0,0.9,0.1,0.8,119.5
88,114,2,6,2.2,0.3,0.1,0,0,2.2,0.2,2,289.4
88,115,1,3,1.3,0.2,0,0,0.1,1.3,0,1.3,145.8
88,116,1,6,2.5,0.3,0,0.2,0.1,2.3,0.1,2.2,293.6
88,117,2,4,1.6,0.2,0,0,0,1.6,0,1.4,195.8
88,120,3,4,1.9,0.8,0.1,0.4,0,1.5,0.3,1.3,264.3
88,121,1,2,0.7,0.1,0.1,0,0.1,0.7,0,0.7,83
88,122,4,94.5,35.7,6.8,4.4,0,2.4,35.7,2.5,33.6,4037.1
88,123,5,149.5,61,14.6,1.9,1,5,60,5.9,54.4,6565.2
88,124,1,4,2.2,0.7,0,0.2,0.3,2,0.5,1.7,238.8
88,125,3,7,3.4,0.8,0.1,0.2,0.4,3.2,0.4,2.6,370
88,126,5,27,9.8,2.2,1.5,0.2,0.4,9.6,0.9,9.2,1107.2
88,127,3,8,2.9,0.7,0.5,0.1,0.1,2.8,0.3,2.7,323.1
3,0,2,12,4.8,1.4,0.2,0,0,4.8,1.4,4.3,605.5
3,1,1,4,2.5,1.3,0,0,0.3,2.5,0.4,2.3,295
3,6,5,39,18.5,4.3,0,1,2.3,17.5,2.5,17,1879.2
3,8,2,6,3.6,2,0,0,0.2,3.6,0.6,3.1,362.2
3,11,1,9,3.9,0.7,0.2,0,1.1,3.9,0.7,2.9,440.6
3,12,1,1,0.4,0.1,0,0,0.1,0.4,0.1,0.3,49
3,13,1,5,2.1,0.4,0.1,0,0.6,2.1,0.4,1.6,244.8
3,14,1,2,0.9,0.2,0,0,0.2,0.9,0.2,0.7,97.9
3,19,1,1,0.5,0.2,0,0,0,0.5,0.2,0.4,59.7
3,20,1,1,0.5,0.2,0,0,0,0.5,0.2,0.4,59.7
3,23,1,1,0.5,0.2,0,0,0,0.5,0.1,0.5,58.6
3,24,1,1,0.5,0.2,0,0,0,0.5,0.1,0.5,58.6
3,25,2,9,4.5,1.6,0,0,0.3,4.5,1,3.2,456.7
3,28,2,3,1.8,0.9,0,0,0.1,1.8,0.9,1.3,215.1
3,30,1,2,1.2,0.6,0,0,0.1,1.2,0.6,0.9,143.4
3,31,1,2,1,0.4,0,0,0.1,1,0.2,1,115.5
3,32,2,5,2.5,0.9,0,0,0.3,2.5,0.6,2.5,288.7
3,33,1,4,2,0.7,0,0,0.2,2,0.5,2,230.9
3,34,1,4,2,0.7,0,0,0.2,2,0.5,2,230.9
3,38,1,3,1.5,0.6,0,0,0,1.5,0.2,1.3,176.6
3,44,1,4,1.6,0.5,0.2,0,0,1.6,0.6,1.2,178.5
3,49,1,1,0.4,0.1,0,0,0,0.4,0.1,0.3,44.6
3,52,1,2,1.1,0.5,0.1,0,0.1,1.1,0.5,1,100.1
3,56,1,3,1.8,1,0.1,0,0.1,1.8,0.9,1.3,161.7
3,64,1,6.5,2.8,1,0.3,0,0.2,2.8,1,2.6,303.1
3,68,2,5,2,0.8,0.2,0,0.2,2,0.4,1.6,216.5
3,71,1,1,0.4,0.2,0,0,0,0.4,0.1,0.3,43.3
3,75,2,5,3.2,2,0.2,0.2,0.2,3,1,3,291.5
3,78,1,4,2.3,0.9,0,0,0.3,2.3,0.5,1.7,235
3,87,1,2,0.9,0.1,0,0.1,0.1,0.8,0.1,0.8,92.1
3,88,1,1,0.5,0.2,0,0,0.1,0.5,0.2,0.5,49.3
3,90,3,11,5.8,2.4,0,0,0.6,5.8,1.7,5.8,541.8
3,91,2,6,3.1,1.3,0,0,0.3,3.1,0.9,3.1,295.5
3,97,2,4,2,0.8,0.1,0,0.1,2,0.4,2,230.5
3,101,1,3,1.6,0.4,0,0,0.4,1.6,0.1,1.3,191.1
3,102,1,7,3.8,1,0,0,1,3.8,0.3,3.1,446
3,103,1,4,1.8,0.6,0,0,0.4,1.8,0.1,1.8,199.9
3,105,1,8,3.8,1.7,0.3,0,0,3.8,1.7,3.5,405.2
3,106,2,3,1.5,0.4,0,0,0.1,1.5,0.3,1.3,144.7
3,107,1,2,1,0.2,0,0,0.1,1,0.1,0.9,94
3,108,1,3,1.3,0.5,0.1,0,0.1,1.3,0.6,1.3,133.9
3,109,3,8,3.4,1.4,0.2,0,0.2,3.4,1.6,3.4,357
3,110,4,15,8.8,3.6,0,0,0,8.8,1.4,8.2,1030.8
3,111,1,3,1.8,0.7,0,0,0,1.8,0.2,1.7,211.3
3,112,1,2,0.9,0.4,0,0,0,0.9,0.2,0.9,112.7
3,113,6,21,10.2,4.6,0.9,0,0.9,10.2,2.1,9.5,1132.9
3,114,5,34.5,15.7,6.1,1.3,0,2,15.7,3.6,13.7,1630.4
3,115,4,16,7,2.3,0.5,0,0.9,7,1.9,5.8,713.9
3,116,2,12,5.1,1.6,0.4,0,0.7,5.1,1.4,4.2,533.4
3,119,1,3,1.3,0.3,0.1,0,0,1.3,0.2,1.3,159.1
3,120,2,14,5.8,1.8,0.3,0,0.3,5.8,1.2,4.9,669
3,121,2,5,2,0.6,0.2,0,0.2,2,0.4,1.8,231.1
3,122,2,17,7,1.5,0.5,0,0.8,7,0.8,6.8,746.5
3,123,1,2,0.8,0.2,0.1,0,0.1,0.8,0.1,0.8,87.8
3,124,3,6.5,2.8,0.8,0.3,0,0.3,2.8,0.4,2.6,313.1
3,125,2,7,3.2,1.2,0.3,0,0.1,3.2,0.5,2.6,360.6
3,126,4,17,7.2,2.1,0.2,0.2,0.9,7,0.9,6.3,847.3
3,127,2,4,1.6,0.4,0,0,0.1,1.6,0.2,1.4,196.6
80,0,3,11,4.5,1.4,0,0.4,0.1,4.1,1,3.7,528
80,1,2,3,1.3,0.3,0,0,0.1,1.3,0.3,0.9,123.1
80,2,1,1,0.4,0.1,0,0,0,0.4,0.1,0.3,37.6
80,3,1,4,1.8,0.5,0,0,0.2,1.8,0.5,1.3,150.2
80,5,1,2,0.7,0.2,0.1,0,0,0.7,0.1,0.6,70.7
80,6,1,1,0.4,0.1,0.1,0,0,0.4,0.1,0.3,35.3
80,7,1,2,0.7,0.2,0.1,0,0,0.7,0.1,0.6,70.7
80,8,3,16,6.6,1.9,0.6,0,0,6.6,1.3,6,808.9
80,9,5,55,25.2,9.8,0.6,2.1,1.1,23.1,3.3,24.4,2806.1
80,10,4,26,12,5.9,1.3,2.1,1.3,9.9,2.3,9.5,1244.2
80,11,4,16,7.2,3.5,0.8,0.5,0,6.7,1,6.9,853.8
80,12,5,18,7.9,3.9,1,0.6,0,7.3,1.2,7.4,841.4
80,13,1,2,0.9,0.4,0,0,0,0.9,0.1,0.8,91.4
80,14,2,32,12.8,4.8,1.1,1.1,0.8,11.7,0.2,10.9,1460.3
80,15,1,3,1.5,0.7,0,0.3,0.1,1.2,0.2,1,161.1
80,16,1,10,5,2.2,0.1,0.9,0.2,4.1,0.6,3.4,537
80,17,2,14,5.3,0.9,0.3,0.6,0.6,4.7,0.3,4.1,609.8
80,18,1,6,2.2,0.3,0,0,0,2.2,0,2.2,236.2
80,21,1,5,2,0.7,0.1,0,0.1,2,0.1,2,220.9
80,25,1,2.5,0.9,0.2,0.1,0,0,0.9,0,0.7,103.7
80,26,3,69.5,25.8,6.3,2.8,2.2,2.5,23.6,0.5,23.5,2822.9
80,27,5,271,95.1,16.4,12,1.4,3.8,93.7,4.3,88.6,10798.2
80,28,2,3,1.3,0.3,0,0.1,0,1.2,0,1.2,143.3
80,30,2,8,3.4,1,0.1,0.1,0,3.3,0.3,3,376
80,31,3,16,6.5,1,0.2,0.2,0.2,6.3,0.3,5.7,753.8
80,32,5,96.5,37.2,8.6,3.2,0.1,3.5,37.1,4.3,33.5,3985.1
80,33,4,306,130.1,37.6,7.1,30.5,14.6,99.6,12,99.4,12510.9
80,34,0,1126.5,631,329,20,415,85,216,97,208,46275
80,35,5,151,78.8,33.3,1.9,35,7.6,43.8,2.2,55.8,7090.7
80,36,5,342.5,141.3,38,6.3,17.3,12.5,124,11,114.5,15511.9
80,37,4,53,18.2,2.2,1.9,0.3,0.3,17.9,0.6,18.2,2263.8
80,38,3,129.5,52.9,10.1,2.3,1,4.8,51.9,3,50.1,6851.2
80,39,1,428.5,158.6,21.5,10.5,0,8,158.6,6,149.6,18065.1
80,40,2,69.5,31.3,7,0.4,0,2.7,31.3,1.4,29.6,3386.8
80,41,1,22,7.1,0.8,0.8,0.4,0.8,6.7,1.2,5.9,811.6
80,42,1,20,6.4,0.7,0.7,0.3,0.7,6.1,1.1,5.4,737.9
80,46,4,62,27.1,8,1.3,4,1.5,23.1,4.3,22.1,2805.1
80,47,2,45.5,18.5,5.2,1.3,0,1.6,18.5,1.3,18.5,1960.1
80,50,2,22,11,4.2,0,0,1,11,2.1,8.9,1092.1
80,51,2,66,30,8.8,1.2,1,4.3,29,1.3,26.4,3135.2
80,52,2,97,32.5,6.8,3.8,0,0.9,32.5,1,29.6,3659.2
80,54,4,72,25.6,5.3,2.2,1.1,2.4,24.5,2.7,22.1,2889.9
80,55,4,105,38.9,7.8,2.7,0.8,4.1,38.1,3.5,36.5,4417
80,56,3,15,6,1.8,0.4,0.3,0.6,5.7,0.6,5.4,666.6
80,58,2,16,5.6,1.4,0.3,0,0.3,5.6,1,4.6,650.5
80,59,2,25,10.6,3,0,0,0.7,10.6,0.7,9.9,1237.9
80,61,3,28,13,4.1,0.3,0.5,1.4,12.5,1,12.5,1284.4
80,63,2,15,5.7,1.2,0.5,0.1,0.4,5.6,0.1,5.5,636.9
80,64,3,15.5,6,1.3,0.3,0.1,0.6,5.9,0,5.7,659.2
80,65,2,26,12,3.4,0,0.4,1.4,11.6,0.8,11.2,1251.8
80,66,3,139,54.4,11.2,2.3,1.2,5.8,53.2,3.3,47.5,5794.5
80,67,2,3,1.2,0.3,0,0,0,1.2,0,1.2,157.9
80,68,1,2,0.8,0.1,0.1,0.1,0,0.7,0.1,0.7,91.8
80,69,5,91,32.5,4.7,3.3,2.3,2.5,30.2,2.8,28.5,3609.5
80,70,1,32,14.3,2.2,0.1,0.1,1.1,14.2,1.2,12.1,1513.1
80,71,1,4,1.7,0.5,0.1,0.2,0.1,1.5,0.1,1.4,163.9
80,72,1,1,0.4,0.1,0,0,0,0.4,0,0.4,41
80,73,4,10,4,1.1,0.3,0,0.3,4,0.9,3.1,565.9
80,74,3,90,36.1,7.8,3.7,0.3,1.7,35.8,6.1,32.3,3960
80,75,3,51.5,21.5,5.6,1.2,0.4,1.8,21.1,2.6,19.3,2296.9
80,76,7,70,27.5,3.6,1,0.9,2.8,26.6,1.7,24.3,3270.2
80,77,2,6,2.3,0.3,0.1,0,0.2,2.3,0.1,2,293
80,81,1,3,1.3,0.4,0.1,0,0,1.3,0.1,1.1,130.7
80,82,3,5,2,0.4,0.2,0,0,2,0,1.7,214.7
80,83,3,38,14,1.8,0.6,0.9,0.7,13.1,0.5,11.3,1523.7
80,84,2,70.5,24.2,1.7,3.2,2.3,1.3,21.9,1.2,21.1,2632.3
80,85,2,18.5,7.5,1.9,0.6,0.6,1.2,6.9,0.5,5.7,755.5
80,86,2,6,2.6,0.9,0.2,0,0.2,2.6,0.3,2.3,277.1
80,87,2,5,2.2,0.7,0.2,0,0.2,2.2,0.2,2,231
80,89,2,24,9.6,1.8,0,0,0.1,9.6,0.6,9.5,1186.7
80,90,2,8,3.2,0.5,0,0,0,3.2,0.2,3.2,386.1
80,91,1,2,0.9,0.3,0,0,0.1,0.9,0.1,0.8,125.1
80,92,4,12,5.4,1.8,0,0.4,1,5,1.4,4.2,778
80,93,2,6,2.8,1,0,0.2,0.4,2.6,0.6,2,389
80,99,1,5,2,0.3,0.1,0.3,0.1,1.7,0.4,1.5,243.2
80,102,1,4,1.7,0.3,0,0.1,0.2,1.6,0.3,1.3,158.7
80,103,3,25,12.2,4.6,1.5,1.5,0,10.7,1.5,10.6,1707.5
80,104,1,1,0.5,0.3,0,0,0,0.5,0,0.4,64
80,106,3,159,62.1,11.5,4,8.1,4.3,54,3.4,43.4,6587.2
80,107,3,58,28.8,9.9,1,3.9,2.7,24.9,0.7,21.3,2721.8
80,109,1,2,0.9,0.2,0.1,0,0,0.9,0.1,0.7,116.5
80,111,1,8,3.2,0.8,0.4,0.1,0.4,3.1,0.5,2.3,416.4
80,112,1,1,0.4,0.1,0,0,0,0.4,0.1,0.3,52
80,116,6,10,5.1,1.8,0.1,0,0.3,5.1,0.6,3.8,583.1
80,117,2,2,0.9,0.3,0,0,0,0.9,0.2,0.7,103.4
80,118,4,11.5,4.5,1.1,0.4,0.1,0.4,4.4,0.3,3.5,513.1
80,121,2,6,2.8,0.9,0.1,0.3,0.6,2.5,0.1,2.2,315.6
80,122,1,2,0.9,0.2,0,0.1,0.2,0.8,0,0.7,116.1
80,125,1,1,0.4,0.1,0,0,0,0.4,0.1,0.3,55.6
4,0,3,16,6.4,1.9,0.3,0,0,6.4,1.9,5.8,807.4
4,1,1,1,0.6,0.3,0,0,0.1,0.6,0.1,0.6,73.7
4,3,2,8,4.9,2.5,0,0,0.5,4.9,0.8,4.7,590
4,4,2,9,5.5,2.9,0,0,0.6,5.5,0.9,5.2,663.6
4,8,2,6,3.6,2,0,0,0.2,3.6,0.6,3.1,362.2
4,14,4,14,6.4,1.9,0.2,0,1.4,6.4,1.3,5.1,704.1
4,16,1,10,5.7,3.3,0,0,0,5.7,1.4,5.2,551.9
4,18,3,14,7,2.9,0.5,0,0,7,2.5,6,835.9
4,25,3,6,3,1.1,0,0,0.2,3,0.6,2.2,304.5
4,26,2,7,3.5,1.3,0,0,0.2,3.5,0.7,2.5,355.3
4,28,1,4,2.4,1.2,0,0,0.2,2.4,1.2,1.7,286.8
4,32,1,1,0.5,0.2,0,0,0.1,0.5,0.1,0.5,57.7
4,35,1,2,1,0.4,0,0,0.1,1,0.2,1,115.5
4,38,1,3,1.5,0.6,0,0,0,1.5,0.2,1.3,176.6
4,39,1,1,0.5,0.2,0,0,0,0.5,0.1,0.4,58.9
4,41,1,11,5.7,2.1,0,0,0,5.7,0.7,4.6,647.6
4,42,1,1,0.5,0.2,0,0,0,0.5,0.1,0.4,58.9
4,47,2,8,3.2,1,0.3,0,0,3.2,1.1,2.4,357.1
4,49,1,9,3.7,1.1,0.4,0,0,3.7,1.3,2.8,401.7
4,55,1,2,1.2,0.6,0.1,0,0.1,1.2,0.6,0.9,107.8
4,60,2,3,1.3,0.5,0.2,0,0.1,1.3,0.5,1.2,139.9
4,68,4,14,5.7,2.3,0.5,0,0.5,5.7,1.1,4.6,606.2
4,70,1,8,3.3,1.3,0.3,0,0.3,3.3,0.6,2.7,346.4
4,74,1,2,1.1,0.6,0.1,0.2,0.2,0.9,0.2,1,120.9
4,78,1,2,1.1,0.4,0,0,0.2,1.1,0.3,0.9,117.5
4,83,3,10,5.6,2.2,0,0,0.9,5.6,1.4,4.4,587.4
4,87,1,14,6,0.4,0,0.4,0.4,5.6,0.8,5.6,644.4
4,95,1,3,1.5,0.6,0.1,0,0.1,1.5,0.3,1.5,172.9
4,97,2,4,2,0.8,0,0,0.2,2,0.4,2,230.6
4,99,2,11,7.2,4.4,0,0,0,7.2,1.1,7.2,803
4,101,1,2,0.9,0.3,0,0,0.2,0.9,0.1,0.9,99.9
4,102,3,11,5,1.8,0,0,1.1,5,0.4,5,549.6
4,103,3,7,2.9,0.9,0.5,0,0,2.9,0,2.7,315.7
4,104,2,14,5.9,1.8,0.9,0,0,5.9,0,5.4,631.4
4,105,3,14,6.9,1.7,0,0,0.8,6.9,0.4,6,657.8
4,106,1,3,1.5,0.4,0,0,0.2,1.5,0.1,1.3,141
4,107,1,1.5,0.7,0.2,0,0,0.1,0.7,0,0.6,70.5
4,108,1,3,1.3,0.5,0.1,0,0.1,1.3,0.6,1.3,133.9
4,109,3,9,3.9,1.5,0.2,0,0.2,3.9,1.8,3.9,401.6
4,110,3,12,5.1,2,0.3,0,0.3,5.1,2.4,5.1,535.5
4,112,4,14,6.4,2.6,0.2,0,0.2,6.4,1.6,6.1,789.1
4,113,2,3,1.4,0.6,0,0,0,1.4,0.3,1.3,169.1
4,114,7,35,14.7,4.4,1.1,0,1.5,14.7,3.9,12.5,1721.1
4,115,4,43,16.6,3.8,1.7,0,2.4,16.6,4.6,13,1882.5
4,116,4,25,10.5,3.3,0.7,0,1.4,10.5,2.8,8.7,1110.6
4,117,2,7,3.7,1.8,0,0,0.4,3.7,0.9,3.4,325.3
4,118,3,23,9.8,2.5,0.5,0,0,9.8,1.5,9.8,1219.5
4,119,1,2,0.9,0.2,0,0,0,0.9,0.1,0.9,106
4,120,2,43,18.6,5.9,0,3.9,0,14.7,0,11.7,1805.1
4,124,2,6,2.4,0.8,0.2,0,0.2,2.4,0.3,2.3,269.4
4,125,1,2,0.8,0.4,0.1,0,0,0.8,0.1,0.7,93.8
4,126,5,31,13,3.7,0.7,0.5,0.6,12.5,1,10.8,1520.3
4,127,7,126,54.6,16.3,3.4,1.8,3.4,52.8,3.1,46.1,6441.7
5,3,1,8,4.9,2.6,0,0,0.5,4.9,0.8,4.6,589.9
5,4,1,1,0.6,0.3,0,0,0.1,0.6,0.1,0.6,73.7
5,7,2,16,7.1,2.2,0,0,0,7.1,1.6,6.6,770.7
5,9,3,34,19,9.1,0.2,0.6,0.9,18.4,2.5,16.1,1865.7
5,10,5,49,25.2,10.3,0.4,1.6,1.4,23.6,3.1,21.4,2463.6
5,18,1,1,0.7,0.4,0,0.1,0,0.6,0.3,0.5,68
5,27,1,1,0.5,0.3,0,0,0.1,0.5,0.1,0.3,46
5,29,2,7,4.2,2.1,0,0,0.3,4.2,2.1,3.1,501.9
5,36,2,9.5,4.8,1.7,0,0,0.5,4.8,1.2,4.8,548.4
5,39,2,8,4.5,2.4,0.1,0,0.1,4.5,0.9,3.9,417.3
5,40,1,5,2.8,1.5,0.1,0,0.1,2.8,0.6,2.4,260.9
5,41,2,6,3.2,1.6,0.1,0,0.1,3.2,0.6,2.8,326.4
5,44,2,2,1,0.4,0,0,0,1,0.2,0.8,117.8
5,49,1,8,5.1,2.9,0,0,0.8,5.1,1.9,4.3,518.9
5,52,1,1,0.5,0.3,0,0,0,0.5,0.2,0.5,50
5,57,4,12,7.1,3.7,0.4,0,0.4,7.1,3.6,5.2,646.8
5,61,1,5,2.2,0.8,0.3,0,0.1,2.2,0.8,2,233.2
5,62,1,1,0.4,0.2,0.1,0,0,0.4,0.2,0.4,46.6
5,67,1,4,1.6,0.6,0.2,0,0.2,1.6,0.3,1.3,173.2
5,69,3,11,4.5,1.7,0.5,0,0.5,4.5,0.9,3.7,476.3
5,72,3,4,2.5,1.6,0.1,0.1,0.1,2.4,0.8,2.4,233.2
5,74,3,4,2.5,1.4,0.1,0.3,0.3,2.2,0.6,2.2,237.4
5,80,2,4,2.4,0.8,0,0,0.6,2.4,0.8,2.4,238.8
5,87,2,6,2.6,0.2,0,0.2,0.2,2.4,0.3,2.4,276.2
5,93,4,15,7.7,2.5,0,0,0.6,7.7,3.7,7.3,820.4
5,98,1,7,4.6,2.8,0,0,0,4.6,0.7,4.6,511
5,101,2,6,2.4,0.4,0.1,0,0.4,2.4,0.8,2.2,216
5,102,1,2,0.8,0.1,0,0,0.1,0.8,0.3,0.7,72
5,103,5,18,8.3,2.9,0.7,0.1,0.1,8.2,0.7,7.7,898.7
5,104,2,9,4.7,2,0.2,0.3,0.2,4.4,0.7,4,493.9
5,105,2,8.5,4.2,1.8,0.2,0.7,0.3,3.5,0.5,2.6,394.6
5,106,1,2,1.3,0.7,0,0.1,0.1,1.2,0.2,1,105
5,107,1,1,0.6,0.4,0,0,0,0.6,0.1,0.5,52.5
5,108,1,3,1.7,0.8,0,0.1,0.1,1.6,0.3,1.3,145.1
5,109,1,5,2.1,0.8,0.1,0,0.1,2.1,1,2.1,223.1
5,111,1,1,0.5,0.2,0,0,0,0.5,0.1,0.4,56.4
5,112,2,9,3.4,0.5,0.1,0,0.4,3.4,0.5,2.7,373.1
5,113,2,9,4.1,1.4,0.2,0,0.2,4.1,1,3.6,482.2
5,114,1,2,1.1,0.6,0,0,0,1.1,0.1,1,117.7
5,115,2,4,2.1,1.2,0,0,0,2.1,0.3,2,235.5
5,116,2,7,3,0.9,0.2,0,0.4,3,0.8,2.5,311.8
5,118,1,5,2.1,0.5,0.1,0,0,2.1,0.3,2.1,265.1
5,119,5,27,13.4,5.1,0.4,0.1,1.5,13.3,1.1,12.7,1556
5,120,2,9,4.3,1.3,0,0,0.7,4.3,0.7,3.9,469.3
5,121,5,29,13.3,3.9,0.4,0,2,13.3,2.5,11.8,1453
5,122,2,6,2.3,0.7,0.4,0,0.2,2.3,0.6,2.1,262.4
5,123,3,23,9.8,2.4,0.6,0,0.9,9.8,1.1,9.4,1053.6
5,124,2,24,10.7,3.4,0.6,1.2,0.3,9.5,1.5,8.1,1050.7
5,125,4,42,18.2,6.9,1.8,0.9,0.3,17.3,2.5,14.1,1913.2
5,126,4,40,17,4.9,1,0.8,0.9,16.2,1.3,14,1940.9
5,127,0,727.5,421,249,17,169,47,252,111,185,33022
6,1,3,13,6.1,2.8,0.4,0,0.4,6.1,0.7,5.4,731.5
6,2,2,21,10,4.5,0.5,0,0.5,10,1.1,8.8,1181.5
6,4,5,60.5,33,15.1,0.8,0,4.6,33,5.6,25.5,3389
6,5,2,11,4.9,1.7,0.2,0,0.5,4.9,0.7,4.2,548
6,7,1,13,5.8,1.8,0,0,0,5.8,1.3,5.4,626.2
6,8,1,1,0.5,0.2,0,0,0,0.5,0.1,0.4,49.4
6,9,1,3,1.5,0.6,0,0.1,0.1,1.4,0.2,1.3,148.1
6,10,5,38.5,19.4,7.7,0.3,1.4,1,18,2.3,16.5,1901.3
6,14,2,12,6,1.4,0,0,0.5,6,0.5,4.6,548
6,16,1,5,1.8,0.2,0.2,0,0,1.8,0.5,1.8,201.6
6,20,1,1,0.7,0.4,0,0.1,0,0.6,0.3,0.5,68
6,21,1,2,1.4,0.8,0,0.2,0.1,1.2,0.6,1.1,136.1
6,24,3,11,6,2.6,0.4,0,0.1,6,1.4,5.4,631.8
6,26,3,34,19,8.3,0.4,0.8,1,18.2,5,15.1,1743
6,39,2,7,3.9,2.1,0.2,0,0.2,3.9,0.9,3.5,365.2
6,40,3,6,3.4,1.8,0.1,0,0.1,3.4,0.7,3,313
6,41,1,2,1,0.4,0,0,0,1,0.1,0.8,117.7
6,47,1,8,3.3,1,0.3,0,0,3.3,1.1,2.4,357.1
6,48,2,5,3.1,1.9,0,0,0.5,3.1,1.1,2.6,324.4
6,58,2,3,1.3,0.3,0.1,0,0.1,1.3,0,1.2,114.7
6,60,2,6,2.6,0.5,0.2,0,0.2,2.6,0,2.4,229.5
6,63,1,6,2.6,0.9,0.3,0,0.2,2.6,0.9,2.4,279.8
6,64,1,2,0.9,0.3,0.1,0,0.1,0.9,0.3,0.8,93.3
6,65,1,3,2,1.3,0,0,0.1,2,0.4,1.9,188.3
6,66,3,5,3.4,2.1,0,0,0.1,3.4,0.6,3.1,313.9
6,67,4,9,6.1,3.8,0,0,0.3,6.1,1.2,5.5,565
6,69,1,4,1.6,0.6,0.2,0,0.2,1.6,0.3,1.3,173.2
6,71,3,10,6.3,4,0.3,0.3,0.3,6,2,6,582.9
6,74,2,3,1.9,1.2,0.1,0.1,0.1,1.8,0.6,1.8,174.9
6,76,2,2,1.2,0.8,0,0,0,1.2,0.4,1.2,116.6
6,77,1,5,3.1,2,0.1,0.1,0.1,3,1,3,291.4
6,78,1,3,1.8,0.7,0,0,0.5,1.8,0.7,1.8,179.2
6,83,2,5,2.4,0.7,0,0,0.2,2.4,0.3,1.9,225.8
6,84,1,4,1.7,0.1,0,0.1,0.1,1.6,0.2,1.6,184.1
6,90,1,1,0.5,0.3,0,0,0,0.5,0.2,0.4,48.6
6,96,2,7,3.4,1.3,0.1,0,0.3,3.4,0.8,3.4,403.4
6,97,2,21,10.3,3.9,0.5,0,0.9,10.3,2.4,10.3,1210.2
6,98,2,5,2.2,0.7,0.2,0.2,0.3,2,0.4,2,176.8
6,100,3,10,4.7,2.2,0,0,0,4.7,1.1,4.2,443.1
6,101,4,24,10.6,4.3,0.2,0,0.6,10.6,2.8,9.7,996.9
6,102,3,8,3.2,0.6,0.2,0,0.6,3.2,1,3,288
6,103,4,160.5,80.5,36.3,3.5,25.5,16.5,55,29.4,33.5,6871.8
6,104,2,322.5,199.1,123.4,6.7,66.9,17.5,132.2,59.5,117.8,17660.7
6,105,6,58.5,29.2,14.9,2.2,6.4,1.4,22.8,3.5,14.2,2701.6
6,106,2,4,2.4,1.4,0,0.3,0.1,2.1,0.4,1.7,203.7
6,107,1,2,1.3,0.7,0,0.1,0.1,1.2,0.2,1,105
6,109,4,23,12.8,6.1,0,0.5,1,12.3,2.5,9.7,1112.7
6,111,3,11,5.6,2.4,0.1,0.2,0.4,5.4,1.1,4.3,511.4
6,112,2,12,4.5,0.7,0.3,0,0.4,4.5,0.7,3.6,497.5
6,113,1,2,0.9,0.2,0.1,0,0.1,0.9,0.1,0.5,87.6
6,114,5,26,11.9,3.5,0.9,0,1.6,11.9,1.8,7.5,1183.6
6,115,2,7,3.8,2.1,0,0,0,3.8,0.4,3.4,412.1
6,116,2,7,3.8,2.1,0,0,0,3.8,0.5,3.4,412.1
6,117,1,3,1.6,0.9,0,0,0,1.6,0.2,1.5,176.6
6,118,1,1,0.5,0.3,0,0,0,0.5,0,0.5,66.5
6,119,4,19,10,5,0.5,0,0.6,10,0.1,9.9,1249.6
6,120,2,9,4.3,1.2,0,0,0.7,4.3,0.7,3.8,469.2
6,121,2,9,4.3,1.2,0,0,0.7,4.3,0.7,3.9,469.2
6,123,1,2,1,0.4,0,0,0,1,0.2,1,117
6,124,3,85,36.4,10,1,0,2,36.4,2.6,34.6,3896.6
6,125,5,270,126.9,41.3,3.3,16.1,16.8,110.8,22.4,73.8,11817.3
6,126,7,142,69.8,27.2,2.3,7.5,8.4,62.3,10.1,45.7,6670.7
6,127,2,601.5,350.8,194.9,7.3,228,50,122.8,109.7,107.1,27245.1
60,0,1,1,0.5,0.2,0,0.1,0,0.4,0.1,0.5,55.8
60,1,7,40,17.6,6.6,0.8,1.7,0.6,15.9,2.3,15.5,1762.4
60,2,4,11,4.3,1.4,0.3,0.2,0.2,4.1,0.3,3.9,436.5
60,3,1,5,2.3,1,0.2,0.2,0,2.1,0,1.7,264.7
60,4,2,3,1.4,0.6,0.1,0,0,1.4,0,1,158.8
60,9,2,6,2.7,0.7,0.2,0,0.2,2.7,0.1,2.4,292.1
60,10,1,7,2.6,0.4,0.4,0,0.2,2.6,0,2.2,298.4
60,12,6,38,15.4,2.5,0.6,0.6,1.4,14.8,1.4,13.6,1732
60,16,3,18,8.9,4,0.3,0,0.6,8.9,1.6,7.8,732.2
60,19,2,5,2,0.6,0.2,0,0.1,2,0.2,1.9,210.9
60,20,2,57,19.6,1.3,2.4,0.2,1.1,19.4,1.5,16.8,2453.3
60,21,1,13,6.5,2.6,0.2,0.6,0.7,5.9,0.7,5.7,669.6
60,22,5,41,15.9,3.4,1.4,2.8,1.1,13.1,0.2,11.8,1661.2
60,23,3,10,5,1.4,0,0,0,5,0.4,5,561
60,24,3,12,6,1.6,0,0,0,6,0.5,6,673.1
60,25,3,68,26.1,7.2,2.6,0.5,2.2,25.6,0.5,22.3,2724
60,26,5,16,6.9,1.8,0.6,0.3,0.7,6.6,0.3,6.2,703.9
60,27,1,4,2,0.7,0.2,0,0.2,2,0,1.7,202
60,30,2,19,9.5,2.9,0,0,0,9.5,1.8,8.9,889.5
60,31,1,3,1.5,0.5,0,0,0,1.5,0.3,1.4,140.4
60,34,1,2,0.8,0.3,0.1,0,0.1,0.8,0.3,0.7,79.3
60,35,3,27,10.7,3.3,1,0.1,0.8,10.6,3.3,9.8,1108.9
60,36,3,16,6.3,1.2,0.5,0.4,0.1,5.9,1.2,5.7,725.8
60,37,2,10,3.8,0.7,0.3,0.3,0,3.5,0.7,3.5,472.5
60,38,1,2,1,0.3,0,0,0.1,1,0.1,0.9,133.6
60,39,1,5,2.6,0.7,0.1,0,0.2,2.6,0.2,2.3,333.9
60,40,4,21,10.7,3.1,0.4,0,1,10.7,1,9.7,1402.4
60,41,3,7,3.5,1,0.1,0,0.3,3.5,0.3,3.3,467.5
60,42,4,66,28.3,8.4,0.6,1.3,0,27,7.1,22.3,2755.3
60,48,1,2,1,0.4,0.1,0,0,1,0.2,0.9,113.5
60,50,2,7,4.2,1.8,0,0.3,0.3,3.9,0.3,3.3,459.2
60,51,1,2,1,0.4,0.1,0,0,1,0.2,0.9,113.5
60,52,3,18,9.3,3.7,0.1,0,0.7,9.3,0.6,7.7,1140.7
60,53,2,5,2.3,0.7,0.2,0.1,0,2.2,0.2,2.2,228.5
60,58,2,14.5,5.7,0.8,0.5,0,0.8,5.7,0,5.7,750.1
60,60,3,12,5.1,1.6,0.4,0.1,0.2,5,1,4.6,556.7
60,62,3,8.5,4.1,1.2,0,0.2,0.9,3.9,0.7,3.8,407.1
60,64,2,4,2.1,0.9,0.1,0.1,0,2,0.3,1.9,223.8
60,65,2,9,5.1,3,0.3,0,0.3,5.1,0.9,4.2,527.4
60,66,4,17,9.7,5.3,0.2,0.4,0.2,9.3,1.4,8.3,1028.2
60,67,3,20,11.3,6,0,0.8,0,10.5,1.3,10,1236
60,68,3,21,9.3,1.9,0,0,0.1,9.3,0.6,8.7,1111.3
60,69,1,4,1.8,0.3,0,0,0,1.8,0.1,1.7,221.3
60,70,2,15,6.1,2.1,0,0,0.3,6.1,0.9,5.6,639.9
60,71,2,15.5,6.4,2.2,0,0,0.3,6.4,1,5.7,661.2
60,75,2,14.5,6.6,3,0.5,0,1,6.6,0,6.6,630.9
60,76,1,1,0.5,0.2,0,0,0.1,0.5,0,0.5,43.5
60,78,1,4,1.7,0.6,0.2,0,0.2,1.7,0.2,1.4,172.8
60,79,4,40,17.8,6.3,1.5,0.3,2,17.5,2.3,15.4,1880.1
60,80,2,17,7.9,2.6,0.3,0.4,0.8,7.5,1.1,7.1,900.8
60,81,2,80.5,37.4,11.8,1.7,9,4,28.4,6.4,25.7,3623.6
60,84,1,4,2,0.7,0,0,0.4,2,0.7,1.9,174.7
60,86,3,18,9.9,5.1,0,0,1.2,9.9,2.3,8.5,1070.7
60,87,3,13,6.9,3.4,0,0,0.8,6.9,1.8,6,746.1
60,88,4,15,5.5,1.1,0.9,0,1,5.5,0.7,4.6,780.5
60,90,1,2,0.7,0.1,0,0,0,0.7,0.1,0.6,84.5
60,91,3,10,4.2,0.9,0.1,0.4,0.5,3.8,0.8,4.1,555.6
60,92,4,15,6.4,1.4,0.2,0.6,0.6,5.8,1.1,6.2,858.4
60,93,2,4,1.6,0.2,0,0.2,0.2,1.4,0.4,1.6,210.2
60,95,3,5.5,2.2,0.6,0.2,0.5,0.2,1.7,0.4,2.1,258.1
60,96,2,26,11.2,3.4,1,0.6,0.3,10.6,1.8,10.5,1376.7
60,97,2,5,2,0.6,0.2,0.4,0.2,1.6,0.4,1.9,242.9
60,98,3,7,3.1,1,0.3,0.4,0.3,2.7,0.4,2.4,380.8
60,102,4,38,15.5,3.5,0.6,0,2,15.5,2.4,13.4,1592.2
60,103,2,5,2.2,0.5,0,0,0,2.2,0.4,1.7,211.7
60,104,1,3,1.3,0.3,0,0,0,1.3,0.2,1,127
60,105,2,10,5.2,2.5,0,0.2,0.6,5,1.7,3.7,567.5
60,106,3,24.5,12.6,6,0,0.5,1.5,12.1,4,9.1,1390.1
60,108,1,2,1,0.4,0,0.1,0,0.9,0.1,0.7,105.1
60,118,2,39,21.7,9.6,0.5,0,1.8,21.7,3.8,20.7,2092.5
60,119,4,60,26,6.8,1.6,0,0.8,26,2.5,24.1,2686.6
60,120,5,110.5,46.2,11.2,3.9,0,1,46.2,0.9,43.9,4525.7
60,121,6,42,19.6,7.7,0.6,1.9,1.8,17.7,2.5,17.6,2009.4
60,122,5,77,35.4,13.1,1.6,1.2,1.6,34.2,4.6,32.9,3877.9
60,123,2,3,1.2,0.3,0.1,0,0.1,1.2,0.2,1.1,129.1
60,125,6,35,16.3,3.8,0,0,0,16.3,1.5,13.2,1823.2
60,127,1,10.5,5.3,2.4,0.3,0,0.6,5.3,1.5,4.1,537.7
85,0,1,15,5.5,1,0.5,1,0,4.5,1,5,641
85,1,1,4,1.6,0.5,0.2,0,0.1,1.6,0.1,1.5,196.9
85,3,1,5,2,0.6,0.2,0,0.1,2,0.2,1.9,246.1
85,4,2,15,5.8,2.1,0.7,0.3,1,5.5,0.7,4.8,609.7
85,5,1,4,1.5,0.6,0.2,0.1,0.3,1.4,0.2,1.2,154
85,6,2,5,2.5,1,0.2,0,0.2,2.5,0.2,2.3,260
85,7,2,14,7.3,2.7,0.4,0,0.4,7.3,0.4,6.3,728
85,8,2,5,2,0.2,0,0,0.1,2,0.1,1.9,193.7
85,9,5,39,15.8,2.5,0.5,0.4,0.7,15.4,1.3,14.3,1568.3
85,10,2,3,1.3,0.4,0,0.1,0.3,1.2,0.3,0.9,136.7
85,11,1,3,1.5,0.7,0,0.1,0.1,1.4,0.3,1.3,135.9
85,12,2,11,4.5,0.9,0.4,0,0.4,4.5,0.1,4.3,530.7
85,13,2,23,9.8,2.6,0.8,1.1,0.3,8.7,1.1,8,1114.1
85,14,3,134.5,58.9,20.2,6.4,11.1,5.1,47.8,10.6,42.6,6092.3
85,15,2,149,82.7,41.4,1.3,25.6,11.2,57.1,14.1,50.4,7390.9
85,16,3,15,6.6,1.8,0.2,0.8,0.8,5.8,0.7,5.3,596.7
85,17,3,9,4,1,0.1,0.5,0.5,3.5,0.4,3.1,353.3
85,20,1,6,2.7,1.1,0.2,0.3,0,2.4,0.5,2.4,279.8
85,22,2,17,6.1,1.1,0.7,0.6,0.4,5.5,0.4,5.5,747.1
85,23,6,38,15.1,3.8,0.6,0.9,1.7,14.2,0.2,12.3,1705.7
85,24,4,12,4.5,1.1,0.3,0.3,0.5,4.2,0.1,3.8,528.7
85,25,3,67,25,5.1,2.1,0.3,0.3,24.7,0,23.2,2993.9
85,26,2,15,5.7,1.5,0.9,0.4,0.1,5.3,0,5.2,781.7
85,27,1,12,4.5,1.1,0,0,0.6,4.5,0.2,3.9,551.1
85,28,4,5,2,0.4,0.1,0,0,2,0.1,1.9,244
85,33,2,4,1.6,0.6,0.2,0,0.2,1.6,0.2,1.4,192.4
85,34,3,23,9.5,2.4,0.9,0.1,0.8,9.4,1.1,8.3,1153.3
85,35,4,30,10.7,3.8,1.6,0,0,10.7,0,10.7,1356.8
85,37,2,3,1.2,0.2,0.1,0,0,1.2,0.3,1,161.5
85,38,4,16,5.7,0.4,0.3,0.3,0.3,5.4,0.3,4.4,709.8
85,39,1,3,1,0.1,0.1,0,0.1,1,0.1,0.8,125
85,41,5,22,9.7,3.9,0.7,0.1,0.5,9.6,0.8,8.5,1160.2
85,42,3,8,3.8,1.8,0.2,0,0.1,3.8,0.4,3.2,452.2
85,44,1,28,12.1,2.5,0.6,0.6,0,11.5,0,11.5,1256.2
85,45,3,18,6.9,1.3,0.3,0.2,0.3,6.7,0.1,6.2,857.8
85,46,1,34,13.4,5.4,3.1,6,1.2,7.4,4.1,12,1129.2
85,47,2,158.5,53.1,6.6,7.1,0,2.5,53.1,0.6,51.7,6223.5
85,48,1,325,159.5,70.1,10,69.3,10.1,90.2,18.1,96.3,14018.1
85,49,5,271,138.4,53.3,5.3,79.8,15,58.6,14,85.5,11904.5
85,55,2,12,4.8,1.2,0.4,0,0.3,4.8,0.9,4.2,545.4
85,56,2,12,4.8,0.8,0.4,0,0.2,4.8,0.2,4.6,537.5
85,57,2,12,4.9,1.2,0.2,0,0.4,4.9,0.4,4.5,600.2
85,59,3,41.5,17.8,6.2,1.2,1.2,1.7,16.6,2.2,15.5,1893.3
85,60,1,3,1.3,0.4,0,0,0.1,1.3,0.1,1.3,162
85,62,2,25,11,3.9,1.5,0,0.7,11,1.2,9.6,1318.5
85,65,1,1,0.5,0.3,0,0,0.1,0.5,0.1,0.5,55.4
85,66,1,2,1.1,0.6,0,0.1,0.1,1,0.2,1,110.7
85,68,4,28,10.9,2.8,0.6,0,0.7,10.9,0.8,9.8,1112.7
85,69,1,3,1.2,0.3,0.1,0,0.1,1.2,0.1,1,113.6
85,70,2,2,0.8,0.4,0,0,0,0.8,0,0.8,103
85,71,2,8,2.9,0.6,0.3,0,0.2,2.9,0.1,2.7,362.9
85,72,4,370,135.3,31.5,11.6,14.5,7.7,120.8,4.1,117.5,13772.4
85,73,2,138.5,47.7,5.5,5.6,0,3.8,47.7,3.4,39.9,5240.4
85,74,3,33,11.9,2.2,1.5,0.3,0.6,11.6,1.2,10.8,1289.1
85,75,3,9,4,1.1,0.1,0,0.2,4,0.5,3.8,583.7
85,76,1,2,0.6,0.1,0.1,0,0,0.6,0.1,0.6,86.9
85,77,4,60.5,24.1,7.4,3,0,0.1,24.1,2.1,21.2,2914.8
85,78,3,24,7.7,1.1,1.2,0.4,0.1,7.3,0.9,7.3,910.1
85,79,1,258.5,93.8,26.3,14,41.5,13.1,52.3,18,46.1,8269.4
85,80,0,72.5,25,4,4,8,2,17,3,18,2291
85,81,3,14,5.7,0.7,0.4,0,0.5,5.7,0.1,5.2,617.9
85,82,3,25,10.3,1.6,0.6,0,0.6,10.3,0,10,1071.1
85,83,1,1,0.4,0.1,0,0,0,0.4,0,0.4,47.3
85,86,3,43.5,16.5,3.4,2.1,1.4,1.2,15.1,2.2,11.1,1844.1
85,87,1,3,1.1,0.2,0.2,0.1,0.1,1,0.1,0.7,124.5
85,88,1,1,0.4,0.1,0,0,0,0.4,0,0.4,46.7
85,89,3,21,8.1,1.8,0.7,0.2,0.8,7.9,0.7,7.8,977
85,95,1,14,4.7,0.5,0.5,0,0.2,4.7,0.3,4,789.4
85,97,1,4,1.3,0.1,0.1,0,0,1.3,0.1,1.2,225.5
85,98,1,2,0.8,0.1,0.1,0,0,0.8,0.2,0.8,112.3
85,99,4,32,12.5,2.1,1,0.2,1.3,12.3,1.2,9.6,1471.8
85,100,6,257,103.1,22.1,6.8,7.5,12.5,95.6,12.9,72.3,11376.8
85,101,2,7,2.7,0.3,0.1,0,0.1,2.7,0.1,2.1,315.5
85,105,2,7,2.8,0.8,0.1,0,0.2,2.8,0.5,2.4,354.4
85,106,1,2,0.8,0.2,0.1,0.1,0.1,0.7,0,0.7,127.4
85,107,1,3,1.2,0.4,0.1,0,0.1,1.2,0.2,1,145.3
85,108,2,5,2.2,0.6,0.1,0.1,0.2,2.1,0.1,2,293.4
85,111,2,3,1,0.1,0,0,0,1,0.1,0.9,127.5
85,112,1,3,1,0.1,0.1,0,0,1,0.1,0.9,127.4
85,113,6,17,5.9,0.6,0.4,0,0,5.9,0.5,5.1,744.2
85,114,3,72,23.3,1.7,1.7,0,0.4,23.3,0.7,20.6,2667.3
85,115,6,130,43.8,4.6,2.9,1,2,42.8,3.1,40.7,5272.9
85,116,6,49,18.9,3.2,1.2,0,1.1,18.9,0.8,17.6,2130.4
85,117,3,75,29.5,5,1.7,0,1.7,29.5,1.1,27.8,3291.1
85,118,4,36,16.7,5.6,0.5,1.4,0.6,15.3,1.8,14.7,2096.3
85,119,5,45,19.8,5.5,0.3,0.5,1.4,19.3,1.1,18.3,2334
85,120,1,4,1.6,0.3,0.1,0,0.1,1.6,0.3,1.2,210.1
85,121,1,3,1.2,0.2,0,0,0.1,1.2,0.2,0.9,157.6
85,123,1,4,1.5,0.2,0.1,0,0.2,1.5,0.4,1.5,185.2
85,126,1,2,1,0.3,0,0,0,1,0.3,0.8,153.5
85,127,3,7,2.8,0.4,0.3,0,0,2.8,0,2.4,306
81,1,1,2,0.9,0.2,0,0,0.1,0.9,0.2,0.6,75.1
81,2,1,4,1.8,0.5,0,0,0.2,1.8,0.5,1.3,150.2
81,5,2,6,2.2,0.6,0.4,0,0.2,2.2,0.4,2,212
81,6,1,5,1.8,0.4,0.3,0,0.1,1.8,0.3,1.6,176.7
81,7,1,2,0.7,0.2,0.1,0,0,0.7,0.1,0.6,70.7
81,8,1,1,0.4,0.2,0,0,0,0.4,0,0.4,49.5
81,9,5,60,26.3,11.4,1.9,2.6,1.5,23.7,2.5,22.7,2842.4
81,10,2,3,1.4,0.7,0.2,0.3,0.2,1.1,0.3,1.1,135.2
81,11,1,10,4.4,2.2,0.5,0.4,0,4,0.6,4.2,468.7
81,12,5,38,16.8,8.4,1.9,1.6,0,15.2,2.5,15.9,1781.1
81,13,2,17,7.6,3,0.4,0,0,7.6,0.8,6.8,776.7
81,14,4,11,5.1,2.1,0.2,0.4,0.1,4.7,0.6,4.1,534.7
81,15,6,225.5,112.7,49.3,3.8,35.6,11.6,77.1,11.9,57.2,10736
81,16,3,149.5,60.2,16.1,4.7,1.4,3.4,58.8,5.7,47.4,6542.7
81,17,3,46,17.5,3,1,2,2,15.5,1,13.6,2003.6
81,18,2,11,4.1,0.5,0,0,0,4.1,0,4.1,433.1
81,21,5,58,22.9,5.8,0.8,0,0.8,22.9,0.8,22.9,2451.9
81,22,1,4,1.6,0.5,0.1,0,0.1,1.6,0.1,1.6,176.7
81,24,2,172,69,20.5,6.7,11,6,58,4.7,49.3,6534.2
81,25,3,158,56.4,10.8,4.4,4,2.7,52.4,2.7,50.6,6215.5
81,26,2,61,18.4,3.1,5.6,0,1.2,18.4,0.2,17.4,2176.5
81,27,3,116,38.3,4.5,4.8,0.4,1.7,37.9,0.7,37.1,4296.7
81,28,5,85,33.4,4.7,0.9,0,0.9,33.4,1.9,31.4,3868.2
81,29,2,6,2.6,0.7,0,0.1,0,2.5,0.1,2.3,285.6
81,30,3,42,16.5,4.9,1,0.4,1,16.1,0.4,12.6,1894.5
81,31,1,5,2.3,0.8,0,0.2,0,2.1,0.2,1.9,237.3
81,32,4,36,12.8,2.6,1.3,0,0.8,12.8,0.8,11.5,1458.5
81,33,2,84,28.2,4.1,4.6,0.8,3.1,27.4,1.4,23.8,3171.3
81,34,3,662,323.6,132.3,15.3,184.6,46.3,139,50.6,158.7,27280.7
81,35,0,996,542,286,20,363,85,179,89,204,41289
81,36,5,107.5,43.2,9.3,2.9,3.5,2.2,39.7,4.2,40.6,5104.8
81,37,2,20,6.9,0.8,0.7,0.1,0.1,6.8,0.2,6.9,854.3
81,38,5,66,25.6,3.7,1.6,1.1,1.1,24.5,0,23.6,3496
81,39,2,91.5,40.8,9.1,1.1,0.1,2,40.7,1,39.7,4672.1
81,40,1,4,1.8,0.2,0,0,0.2,1.8,0,1.6,193.8
81,46,1,1,0.5,0.1,0,0,0.1,0.5,0,0.5,51.9
81,52,1,5,1.6,0.2,0.2,0,0.1,1.6,0,1.3,180.8
81,54,1,5,2,0.6,0.1,0.1,0.2,1.9,0.2,1.8,222.2
81,55,2,5,2,0.6,0.2,0.1,0.2,1.9,0.2,1.8,222.2
81,59,2,7,2.9,0.8,0,0,0.3,2.9,0.3,2.8,346.6
81,60,1,17.5,6,1.5,0.4,0,0.4,6,1.1,4.9,701.1
81,61,2,4,2,0.6,0,0.2,0.2,1.8,0.2,1.8,185.4
81,62,3,185.5,85,31.7,1,4.6,7.4,80.4,4.9,73.4,8234.6
81,63,4,207.5,90.5,30.1,5.1,24.5,13.6,66,11,61.5,8459.2
81,64,3,22,8.7,2,0.4,0.2,0.8,8.5,0.1,8.2,945.2
81,65,3,12,5.6,1.5,0,0.2,0.8,5.4,0.3,5.2,577.7
81,66,5,166,69.1,13,2,12.2,9.9,56.9,5.4,55.7,7469.2
81,69,2,6,2.4,0.2,0.2,0.4,0,2,0.2,2.2,275.3
81,71,3,10,3.9,0.9,0.3,0.4,0.2,3.5,0.3,3.2,390.9
81,72,4,126,56.2,18.8,3.6,3.4,1,52.8,2,52,5506.4
81,73,2,8,3.2,1,0.2,0,0.2,3.2,0.6,2.4,452.8
81,74,1,4,1.6,0.5,0.1,0,0.1,1.6,0.3,1.2,226.4
81,75,3,10,3.8,0.7,0.2,0.3,0.5,3.5,0.3,3.3,418
81,76,1,2,0.8,0.1,0,0,0.1,0.8,0,0.7,100.5
81,77,2,6,2.4,0.3,0.1,0,0.3,2.4,0.1,2.1,301.4
81,79,1,1,0.5,0.2,0,0,0,0.5,0,0.4,58.4
81,80,2,4,1.8,0.6,0,0,0,1.8,0.2,1.4,233.6
81,81,1,7,3.2,1.1,0.2,0,0,3.2,0.3,2.6,408.9
81,82,3,15,5.5,0.7,0.3,0.4,0.3,5.1,0.1,4.5,607
81,83,4,138.5,43.8,3.5,4.3,1.4,3.3,42.4,3.1,40.9,4763.1
81,84,4,84.5,33.8,8.6,0.7,2,2.7,31.8,4.3,30.3,3418.5
81,85,1,1,0.4,0.1,0,0,0,0.4,0,0.4,46.2
81,87,2,6,2.6,0.8,0.2,0,0.2,2.6,0.2,2.4,277.2
81,89,5,36,18,6.3,0,3.1,0,14.9,1.2,14.9,2032.2
81,90,1,6,2.4,0.4,0,0,0,2.4,0.1,2.4,289.5
81,91,1,2,0.8,0.1,0,0,0,0.8,0,0.8,96.5
81,97,1,2,0.8,0.1,0.1,0.1,0.1,0.7,0.1,0.3,71.9
81,98,2,9,3.6,0.5,0.2,0.5,0.2,3.1,0.7,2.7,437.7
81,99,3,12,4.8,0.6,0.2,0.6,0.2,4.2,0.8,3.7,583.6
81,100,1,2,0.8,0.1,0,0.1,0,0.7,0.1,0.6,97.3
81,101,1,8,3.2,0.4,0.1,0.4,0.1,2.8,0.6,2.5,389.1
81,102,2,5,2.5,0.9,0.3,0.3,0,2.2,0.3,2.1,341.5
81,104,2,7,3.4,1.5,0.2,0.3,0,3.1,0.3,2.8,460.9
81,105,2,7,3.3,1.8,0,0.2,0,3.1,0.2,2.6,448
81,109,1,2,0.9,0.2,0.1,0,0,0.9,0.1,0.7,116.5
81,113,1,2,0.8,0.2,0.1,0,0.1,0.8,0.1,0.6,104.1
81,114,1,2,0.8,0.2,0.1,0,0.1,0.8,0.1,0.6,104.1
81,115,1,5,2.7,1.1,0,0,0.2,2.7,0.3,2.1,313.6
81,116,5,8,4.3,1.6,0,0,0.3,4.3,0.5,3.2,501.6
81,117,5,21,11.2,4.7,0,0,0.9,11.2,1.4,8.9,1316.9
81,118,6,64.5,24.5,4.8,2.5,0,1.6,24.5,1.6,18.9,2845.3
81,119,1,4,1.5,0.3,0.2,0,0.1,1.5,0.1,1.2,176.5
81,120,1,2,0.9,0.4,0.1,0.1,0.2,0.8,0.1,0.8,99.8
81,121,3,6,2.7,0.8,0.1,0.2,0.6,2.5,0.1,2.3,340.1
81,122,4,32,14.1,3.9,0.7,0.9,3.2,13.2,0.7,11.7,1857.6
81,123,3,21,7,0.7,1.9,0,0,7,1.2,5.7,1242.9
81,125,1,2,0.8,0.2,0,0,0,0.8,0.1,0.6,111.3
81,127,1,1,0.4,0.1,0,0,0,0.4,0.1,0.3,55.6
84,1,3,8,4,1.7,0.1,0,0,4,0.5,3.2,448.8
84,2,3,6,3,1.3,0.1,0,0,3,0.5,2.4,336.6
84,5,3,6,2.4,0.7,0.4,0,0.2,2.4,1,1.7,253.3
84,7,2,9,3.6,1.1,0.5,0,0.3,3.6,1.4,2.6,379.9
84,8,1,4,1.6,0.5,0.2,0.2,0,1.4,0.3,1.3,189.9
84,9,1,8,3.2,1.1,0.4,0.4,0,2.8,0.6,2.5,379.8
84,10,3,29,12.9,3.9,0,0.8,2.3,12.1,3,9.1,1321.1
84,11,2,7,3,0.7,0.1,0.1,0.4,2.9,0.4,2.5,326.9
84,12,5,19,7.7,1.5,0.6,0,0.6,7.7,0.3,7.6,916.7
84,13,6,46,17.3,1.9,0.8,0.8,0,16.5,1.1,16,1850.3
84,14,5,18,6.9,1.2,0.3,0.3,0.1,6.6,0.6,6.5,744.3
84,15,1,13,5.8,2.7,0.4,0.4,0.4,5.4,0.9,5.8,610.6
84,16,1,2,0.9,0.4,0.1,0.1,0.1,0.8,0.1,0.9,93.9
84,17,1,4,1.8,0.8,0.1,0.1,0.1,1.7,0.3,1.8,187.9
84,21,2,3,1,0.1,0.1,0.1,0,0.9,0,0.9,125.4
84,22,2,5,1.7,0.2,0.2,0.2,0.1,1.5,0.1,1.5,209
84,23,2,17,5.9,0.8,0.8,0.6,0.4,5.3,0.4,5.1,710.9
84,24,2,53.5,20.3,1.9,0.9,1.6,2.4,18.7,0.4,16.3,2187
84,25,2,10,3.8,1,0.7,0.3,0,3.5,0,3.5,530.7
84,27,1,4,1.5,0.4,0,0,0.2,1.5,0.1,1.3,183.7
84,28,5,23,9.1,2.3,0.9,0.6,0,8.5,1.8,8.4,982.4
84,29,5,26,10.1,2.4,1.1,0.6,0.1,9.5,2,9.4,1112.8
84,30,4,20,7.6,0.8,1.1,0,0.8,7.6,0,6.3,869.4
84,32,1,1,0.4,0.1,0,0,0,0.4,0,0.4,49
84,33,3,11,4.6,1.1,0.3,0.2,0.5,4.4,0.2,4.4,538.7
84,35,2,50,20,4.1,0.7,0,3.4,20,3.7,17.5,2282.2
84,36,3,16,6.5,0.9,0.7,0,0.4,6.5,1.6,5.2,861.3
84,37,1,1,0.4,0.1,0,0,0,0.4,0.1,0.3,53.8
84,38,2,5,2.1,0.4,0.1,0.5,0.1,1.6,0.2,1.7,280.3
84,39,4,46,19.6,3.8,1.1,4.4,1,15.2,2,16.1,2532
84,40,2,6,2.3,0.6,0.4,0.1,0.2,2.2,0.2,2.2,280.1
84,41,1,2,0.8,0.2,0.1,0.1,0.1,0.7,0.1,0.7,93.4
84,42,4,6,3,1.6,0.2,0,0,3,0.4,2.4,358
84,44,1,34,15.5,5.3,1,0,1,15.5,1.1,13.4,1459.7
84,45,1,2,0.9,0.2,0,0.1,0,0.8,0,0.8,89.7
84,46,3,66,21.4,3.5,1.6,0,0.1,21.4,0.4,21,2428
84,47,6,176.5,68.4,10.2,3.7,4,4.7,64.4,1.1,65.8,7749
84,48,2,250.5,99.4,23.1,5.6,13.8,16.2,85.6,7.6,82.7,10327.9
84,49,4,106,43.3,11.1,1.2,3.9,0.7,39.4,1.2,37.5,5013.4
84,50,1,4,1.6,0.4,0.1,0.1,0,1.5,0.1,1.4,196.4
84,53,4,41,17.7,4.6,0.5,0.8,1,16.9,1.3,15.4,1784
84,54,2,79,39.9,11.8,0.2,0.3,4.4,39.6,4.5,28,3840.2
84,55,2,397.5,180,68.6,13.1,46,24.1,134,30.4,112.7,17620.9
84,56,1,6,2.4,0.7,0.2,0,0.2,2.4,0.5,2.1,277
84,57,4,38,15.8,4.4,0.7,0,1.5,15.8,1.5,14.4,1923.6
84,62,4,28,13.2,5,1.2,0,0.9,13.2,1.2,11.4,1572
84,63,1,2,1,0.4,0.1,0,0.1,1,0.1,0.8,112.3
84,64,3,11,5.3,2,0.5,0,0.4,5.3,0.5,4.4,617.6
84,65,2,6,3.2,1.9,0,0.1,0.4,3.1,0.6,2.9,332.2
84,68,2,25,9.9,1,1,0,1.5,9.9,0,9.6,1208.6
84,69,2,41.5,16.4,1.6,1.6,0,2.7,16.4,0,15.8,2006.2
84,71,1,1,0.4,0.1,0,0,0,0.4,0,0.4,51.2
84,72,3,462.5,192.7,39.1,9.5,49,25.6,143.7,14.2,140.9,18303.9
84,73,3,253.5,107.7,34.6,9.1,25.1,10.7,82.6,13.4,55.4,9041.1
84,74,4,96.5,32.9,6,4.7,1.6,4,31.3,3.6,22.7,3230.8
84,75,4,10,5.4,2,0,0,0.4,5.4,0.4,5.4,819.6
84,77,1,2,1.1,0.4,0,0,0.1,1.1,0.1,1.1,163.9
84,78,2,5,1.9,0.2,0,0,0.1,1.9,0,1.7,195
84,79,3,15,5.7,0.7,0.1,0,0.1,5.7,0,5.5,604.1
84,80,3,119,46.2,6,3.3,0,3,46.2,1,45.9,4961.2
84,81,4,240.5,81,9.4,13.6,0,3.4,81,2.2,77.8,8512.2
84,82,4,15,6.1,0.9,0.5,0,0.9,6.1,0.1,5.3,693.6
84,83,1,2,0.8,0.1,0.1,0,0.1,0.8,0,0.7,92.5
84,88,2,11,4.4,0.9,0.3,0.2,0.5,4.2,0.3,4.1,513.4
84,89,5,22,8.7,1.9,0.7,0.2,1,8.5,0.7,8.1,1026.7
84,91,2,4,1.6,0.4,0.1,0,0.1,1.6,0.1,1.5,186.7
84,95,2,10,3.4,0.3,0.5,0,0.6,3.4,0.3,2.7,401.1
84,99,1,1,0.5,0.1,0,0,0,0.5,0,0.3,57.4
84,101,1,2,0.9,0.3,0,0,0.1,0.9,0.1,0.6,114.8
84,103,1,2,0.9,0.3,0,0,0.1,0.9,0.1,0.6,114.8
84,106,1,4,1.6,0.4,0.1,0.1,0.2,1.5,0,1.3,254.8
84,109,1,4,1.6,0.4,0.1,0.1,0.2,1.5,0,1.3,254.8
84,110,1,4,1.6,0.4,0.1,0.1,0.2,1.5,0,1.3,254.8
84,113,5,16,7.3,2.3,0.7,0.3,0.7,7,0.3,6.1,1032
84,114,4,15.5,6.6,1.8,0.5,0.2,0.3,6.4,0.7,5.7,805.9
84,115,8,110.5,43.7,12.6,2.6,1,0.7,42.7,7.1,39.2,4872.8
84,116,1,1,0.3,0.1,0,0,0,0.3,0,0.3,39.6
84,117,1,2,0.7,0.1,0.1,0,0,0.7,0.1,0.5,79.2
84,118,1,3,1.2,0.2,0,0,0.1,1.2,0.2,0.9,157.6
84,119,2,4,1.6,0.3,0,0,0.1,1.6,0.3,1.2,210.1
84,120,4,9,3.6,0.8,0.1,0,0.3,3.6,0.6,2.7,472.8
84,121,1,2,0.7,0.1,0,0,0.1,0.7,0.2,0.7,92.6
84,122,1,1,0.4,0,0,0,0,0.4,0.1,0.4,46.3
84,123,1,6,2.2,0.3,0.1,0,0.3,2.2,0.6,2.2,277.8
84,124,3,6,2.7,0.7,0,0,0.1,2.7,0.8,2.3,399.6
84,125,1,2,1,0.3,0,0,0,1,0.3,0.8,153.5
84,126,2,8,3.8,1.1,0,0,0,3.8,1.1,3.2,613.9
84,127,1,4,1.9,0.5,0,0,0,1.9,0.5,1.6,307
93,0,2,2,0.8,0.2,0,0,0.2,0.8,0.2,0.6,105.6
93,1,6,45,19.3,5.7,2.1,3.4,1.8,15.9,2.8,15,2330.1
93,2,2,20,8.2,2.5,1.3,1.6,0.7,6.6,0.8,6.7,1047.2
93,3,3,14,6.1,1.8,0.5,1.5,0.5,4.6,0.7,5,677.6
93,4,2,18.5,8,2.4,0.5,2.5,0.7,5.5,0.8,6.6,908.9
93,5,1,1,0.6,0.2,0,0.1,0,0.5,0.1,0.4,55.8
93,6,3,19,9.8,3.6,0.2,0.7,0.8,9.1,2.3,7.9,1038.7
93,7,2,8,4,1.3,0.1,0.1,0.3,3.9,0.9,3.2,432.5
93,8,1,2,1,0.4,0,0.1,0,0.9,0.2,0.8,92.4
93,9,2,16,7.8,3.1,0,0.1,0.9,7.7,2.5,6.7,739.1
93,10,1,1,0.5,0.2,0,0.1,0,0.4,0.1,0.4,46.2
93,11,1,7,2.6,0.7,0.2,0.2,0.1,2.4,0.1,2.3,305.8
93,12,1,8,3,0.8,0.2,0.2,0.1,2.8,0.1,2.7,349.4
93,13,2,12,4.7,0.8,0.4,0.4,0.3,4.3,0.2,4,497.6
93,14,3,9,3.6,0.5,0.4,0.4,0.4,3.2,0.1,3.1,366.7
93,15,5,20,8.3,3.4,0.6,0.2,0.5,8.1,1.2,6,1043.9
93,16,1,3,1.4,0.6,0,0,0.1,1.4,0.2,1,165.4
93,21,2,4,1.8,0.5,0.1,0.1,0.1,1.7,0.2,1.6,186.7
93,22,1,1,0.4,0.1,0,0,0,0.4,0.1,0.3,46.1
93,23,5,120.5,43,6.3,5.7,0.4,2,42.6,1.3,39.2,4722.3
93,25,5,152,78.4,40.3,5.4,37.4,6.8,41,14.5,42.7,7232.2
93,26,6,195.5,82.6,24.9,5,5.1,2.3,77.5,2.8,75.3,8996.8
93,27,5,52,20,3.5,1.2,1.4,0.4,18.6,0.2,17.7,2323
93,28,3,9,3.7,0.5,0.3,0,0,3.7,0.3,3.2,426.7
93,29,1,5.5,2.3,0.3,0.2,0,0,2.3,0.2,2,260.8
93,32,2,12.5,4.9,1.4,0.7,0,1.1,4.9,0,4.5,609.5
93,33,2,8,3.2,0.4,0.1,0.3,0.1,2.9,0,2.8,442.2
93,34,3,13,5.1,0.8,0.3,0.3,0.3,4.8,0.2,4.5,664.1
93,35,3,262,83,8.8,13.4,0.5,4.3,82.5,2.3,80.6,9594.6
93,36,2,296,114.7,18.9,7.6,9,13.5,105.7,8.6,101.2,12478.3
93,38,1,4,1.9,0.5,0,0,0.3,1.9,0.2,1.6,172
93,40,1,4,1.9,0.5,0,0,0.3,1.9,0.2,1.6,172
93,41,2,26,9.3,1.8,0.3,0,0.3,9.3,0.9,8.4,1112.7
93,43,2,44.5,15.5,1.5,1,0,0.5,15.5,0,15,1932.3
93,44,0,274.5,91,7,11,0,9,91,0,89,10809
93,45,2,241,108.6,37.7,4.6,29.4,12.1,79.2,9.2,76.2,10412.4
93,46,2,403,198.8,80.2,5.7,75.7,16.3,123.1,6.4,145.1,17204.4
93,47,3,7,2.7,0.6,0.3,0.3,0.3,2.4,0.2,2.5,285.9
93,48,2,2,0.8,0.2,0,0,0,0.8,0.1,0.7,85
93,49,1,3,1,0.1,0,0,0,1,0,0.9,111.5
93,50,5,42,17.9,3.8,2.1,1.1,1.7,16.8,0,14.7,2200.6
93,51,2,21,8,1.1,0.7,1.2,0.3,6.8,0.3,6.8,873.5
93,52,4,131.5,49.9,5.8,2.8,3.2,5.4,46.7,3.5,43.6,4951.2
93,53,7,140.5,54.4,11,0.8,3.9,4.2,50.5,2.2,48.9,5815.3
93,54,3,42,16.5,3.5,1.4,1.9,0.6,14.6,0.5,13.8,1854.4
93,55,4,110,44.3,9.2,2.7,3.6,3.5,40.7,3.5,40,4980.2
93,56,0,47.5,21,8,1,16,3,5,4,11,1655
93,58,1,2,0.7,0.1,0.1,0,0,0.7,0,0.6,82.3
93,67,3,16,5.4,1,0.5,0.4,0,5,0.2,4.8,732.3
93,68,2,5,2.3,0.5,0.2,0.6,0.2,1.7,0.5,2,254.8
93,69,4,31,13.2,2,0.9,2.2,0.5,11,2.1,12,1508.1
93,70,1,432.5,169.5,21.3,6.3,6,11,163.5,5,152.3,19505.9
93,71,0,672,297,90,16,66,19,231,14,238,30852
93,72,1,884,463,216.8,14.3,266.4,64.2,196.6,76.2,182.7,36221.1
93,73,2,456.5,227.9,99.7,11.1,133.9,31.2,94,33.2,98.6,18480.4
93,74,5,236,91.6,16.4,6.2,2,5.7,89.6,5.2,82.6,10596.9
93,75,3,15,6.4,1.9,0.3,0,0.6,6.4,0.2,5.9,902.6
93,76,4,38,15.8,3.5,1.6,0.9,0.6,14.9,0.7,12.3,1753.2
93,77,4,34.5,14.4,3.1,1.4,0.8,0.6,13.6,0.7,11.1,1575.5
93,78,5,192,84,22.5,5.7,4.6,5.9,79.4,6.2,54.7,7866.9
93,79,3,222,105.6,36.1,4.2,35.4,12.6,70.2,5.5,60.4,9658.3
93,80,1,357,146.5,36.7,7.7,30,10.4,116.5,7.2,107.8,15216.7
93,81,5,47,17.3,3,1.4,1,2.1,16.3,1,15.3,1954.3
93,82,2,7,2.5,0.4,0.4,0,0.2,2.5,0.1,2.5,314.2
93,83,2,8,3.2,0.4,0,0,0,3.2,0,2.9,353.5
93,87,4,82,29.2,3.5,0.9,0,0.5,29.2,0,22.3,3136.7
93,88,1,351,138.7,35.1,4,10,6,128.7,2,117.7,13256.7
93,98,2,41,19.4,3.8,0.1,2.4,0.3,17,0.4,14,1688.9
93,99,1,1084,690.4,405.4,10,627.7,77.8,62.7,81.7,245.6,49094.9
93,100,5,239.5,97.5,27.5,9.6,13.4,7.9,84.1,9.9,79.8,10109.5
93,101,4,12,4.9,1.1,0.1,0.1,0.3,4.8,0.1,4.6,747.5
93,102,4,26,11.3,2.6,0,0,0.5,11.3,0,10.7,1768
93,103,3,32.5,13.1,3.7,1.5,2.9,2.1,10.2,2.1,10.2,1668.8
93,105,3,8,4,1.5,0,0,0.8,4,1.1,3.6,618.1
93,106,4,117,44.7,7.9,0.3,3.8,3.1,40.9,2.2,38.7,5443.2
93,107,1,3,1.2,0.3,0,0.3,0.1,0.9,0.1,0.9,157.3
93,108,2,5,2.3,0.8,0,0,0.2,2.3,0.2,1.7,357.8
93,111,2,4,1.8,0.4,0.2,0.2,0,1.6,0.2,1.6,264.8
93,112,1,3,1.4,0.3,0.1,0.1,0,1.3,0.1,1.2,198.6
93,113,1,3,1.4,0.3,0.1,0.1,0,1.3,0.1,1.2,198.6
93,114,2,77,25.3,3.3,3.1,0.1,3,25.2,3.1,22.2,2442.8
93,115,2,445,154.6,20.9,14.9,0,7,154.6,7,147.6,17652.6
93,116,2,326,160.2,50.7,4.5,27.7,13.8,132.5,14.5,117.8,15876.8
93,117,3,421,222.8,105.7,11.4,131.4,16.5,91.4,32,108.7,18523.7
93,118,4,313,182.5,102.3,4.5,117.4,14.7,65.1,24.8,96.6,16229.9
93,119,4,160.5,69.9,17.6,0.3,10.2,6.3,59.7,10,51.2,6897.9
93,120,4,259,99.8,19.7,8.6,0,9.5,99.8,7.3,83.2,11069.2
93,121,4,122.5,53.9,10.2,1.6,1,6.3,52.9,3.9,44.9,6041.7
93,122,4,21.5,8.6,1.9,0,0,1.4,8.6,1.4,7,1005.9
93,123,3,9.5,4.1,1.2,0.2,0.4,0.3,3.7,0.2,3.4,421.7
93,124,3,4,1.7,0.4,0.1,0.1,0.1,1.6,0,1.5,182.9
93,125,4,94,36.8,5.8,3.3,0.7,3.5,36.1,3.6,34.2,4242.2
93,126,5,287.5,110.4,21.9,7.2,6.3,10.9,104.1,10.2,84,11820
93,127,4,64,25.4,6.9,1.6,1,2.8,24.4,3,15.5,2746.9
118,2,3,4,2,0.8,0.1,0,0.4,2,0.8,1.7,155.5
118,6,1,1,0.6,0.3,0,0,0,0.6,0.2,0.4,54.1
118,7,3,4,2.3,1.3,0.1,0,0.1,2.3,0.8,1.6,216.4
118,12,1,5,2.7,1.3,0.2,0,0.2,2.7,0.5,2.1,312.6
118,17,1,2,1.1,0.5,0.1,0,0.1,1.1,0.2,0.8,125
118,18,1,2,0.9,0.3,0.1,0,0.1,0.9,0.1,0.8,87.3
118,19,3,8,3.7,1,0.2,0,0.2,3.7,0.6,3.2,349.3
118,23,1,1,0.5,0.1,0,0,0,0.5,0.1,0.4,43.7
118,25,2,3,1.3,0.3,0,0,0.2,1.3,0.3,1.1,152.3
118,26,1,2,0.8,0.3,0.1,0.1,0.1,0.7,0.1,0.7,98.1
118,28,2,8,3,0.8,0.3,0,0.4,3,0.3,2.8,456.7
118,29,2,5,1.8,0.4,0.1,0,0.2,1.8,0.3,1.6,255.3
118,30,1,1,0.5,0.1,0,0.1,0.1,0.4,0.1,0.4,61.7
118,32,1,2,0.8,0.3,0.2,0.1,0.1,0.7,0.2,0.6,86.4
118,33,6,24.5,8.9,1.4,0.6,0.5,0,8.4,0.6,8.7,1041
118,38,4,14,6.2,1.9,0.1,0.6,0.4,5.6,0.5,4.1,687.1
118,39,3,23,9.5,3.6,1.4,1.1,0.1,8.4,1.5,7.6,1091.3
118,41,1,8,3.2,1.3,0.6,0.4,0,2.8,0.6,2.7,376.6
118,42,2,8,3,0.5,0.4,0,0.5,3,0.4,2.5,334
118,44,3,23,9.5,3.4,0.8,2.1,0,7.4,1.1,7.2,1042.9
118,45,5,22,8.3,2,0.4,0,0.4,8.3,0.4,7.3,1139.7
118,46,3,13,4.9,1.1,0.4,0,0.4,4.9,0.2,4.2,691.2
118,47,5,31,12.1,3.1,0,0,0,12.1,1,10.4,1556
118,48,2,13,4.6,0.4,0.7,0.1,0.1,4.5,0.1,4.5,562.2
118,50,1,8,2.6,0.1,0.4,0,0.3,2.6,0.2,2.5,336.4
118,51,1,2,0.9,0.4,0,0.3,0.1,0.6,0.1,0.8,91.5
118,52,4,20,7.8,1.8,0.1,1.1,0.5,6.7,0.9,7.5,945.1
118,53,5,39,17.2,4.4,0.9,7.4,0.2,9.8,1.7,12,1655.2
118,54,4,268.5,121.6,47.1,4.8,61.2,5,60.4,13.5,70.1,10496.3
118,56,1,1,0.3,0,0,0,0.1,0.3,0.1,0.3,36.1
118,57,3,506.5,209.8,61.5,18.4,109,32.3,100.8,58.7,98.8,17815
118,58,0,1293,522,169,58,299,65,223,134,240,41847
118,59,4,220,86,23.2,10.3,62.6,8.1,23.4,20.5,22,7248.7
118,60,6,362,134.1,13.8,14.3,5.8,6.2,128.3,4,125.8,13995.3
118,61,2,1057,473.8,172.5,40.6,335.6,80.1,138.2,103.6,147.5,37284.4
118,62,5,154.5,73,25.8,2.3,7.9,4,65.1,4.1,65,7318.7
118,63,7,33,13.1,2.6,0.7,0.1,1.8,13,1.3,10.9,1624.3
118,64,3,8,3.2,0.7,0.1,0,0.4,3.2,0.3,2.7,399.1
118,65,7,58.5,24.9,8.3,1.7,11.3,1.2,13.6,2.4,18.1,2914.7
118,66,1,589.5,295.2,140.6,12.5,251.6,48.1,43.6,67,54.6,20899.1
118,67,1,1020.5,563.8,276.4,18.5,439.4,53.9,124.4,55,288.4,44603.9
118,68,1,773.5,352.6,111.7,18.4,197,57,155.6,31,164.9,29469.4
118,69,1,453,192.3,56.4,13.1,69,10,123.3,9,141.9,18840.6
118,70,1,506.5,207.3,30,9.5,5.6,11.7,201.7,6,196.6,21753.1
118,71,3,466.5,189.7,44.3,18.7,75.5,21,114.2,8.5,147.2,17792.5
118,72,5,201,76.9,14.2,6.7,9.9,3.5,67,4,66.3,7762.7
118,73,8,59.5,22.9,1.6,1.5,0.9,0.7,22,0.3,22,2563.5
118,74,4,30,11.8,1,0.5,0.5,0.2,11.3,0.2,11.3,1309.2
118,76,7,41,14.7,2.9,3,0.3,0.6,14.4,3.1,14.3,1782.7
118,78,1,3,1.2,0.3,0.2,0,0,1.2,0.2,1.1,140
118,80,2,7,2.5,0.2,0.4,0.1,0,2.4,0.1,2.3,315.2
118,81,3,16,5.7,0.7,0.8,0.4,0.1,5.3,0.4,5.1,696.9
118,82,3,13,4.5,0.8,0.8,0.6,0.2,3.9,0.6,3.7,489
118,83,2,13,4.8,1.1,0.6,0.4,0.4,4.4,0,4.4,569.1
118,85,2,5,2.1,0.4,0.1,0.3,0.2,1.8,0.2,1.8,252.1
118,86,3,26,9.7,2.8,1.1,1.1,0.2,8.6,0.9,8.2,1095.3
118,88,2,2.5,1,0.2,0.2,0.1,0.1,0.9,0,0.9,122.5
118,89,2,7,2.3,0.6,0.3,0.2,0,2.1,0.1,2.2,282.3
118,90,5,28,9.5,1.5,1.6,0.6,0,8.9,0.6,8.9,1151.1
118,91,2,31,11.8,1.9,1.2,0,1.1,11.8,0.4,10.1,1351.4
118,92,4,204,82.4,25.2,5.6,19.2,7.2,63.2,11.4,57.4,8025.6
118,93,4,13,5.7,2,0.8,0.7,0.3,5,0.4,4.6,616.3
118,94,1,5,2.4,0.8,0.1,0.5,0.4,1.9,0.3,1.8,268.2
118,95,1,3,1.4,0.5,0.1,0.3,0.2,1.1,0.2,1.1,160.9
118,96,1,2,1,0.4,0.1,0.2,0,0.8,0,0.7,98.6
118,97,3,7,3.3,1.4,0.3,0.5,0,2.8,0,2.3,341.6
118,98,3,14.5,5.8,0.8,0.3,0,0.2,5.8,0.2,5.8,695.2
118,99,3,272,122,41.8,9.4,30,12.2,92,13.2,78.8,11529.5
118,100,5,95,33.6,8.3,6.1,1,1.8,32.6,1.4,32.2,3921.8
118,101,1,14,5.6,1.6,0,0,0.6,5.6,1,4.9,671.8
118,102,1,4,1.4,0,0.1,0,0,1.4,0.2,1.3,173.6
118,103,1,4,1.6,0.5,0,0,0.2,1.6,0.3,1.4,191.9
118,104,6,16,6,1.1,0.5,0,0.2,6,0.8,5.3,737.7
118,105,3,34,11.5,1.9,2.5,0,0.5,11.5,1.9,11,1586.5
118,106,7,19,7.9,1.1,0.2,0,0,7.9,0.9,7.2,951.9
118,107,1,1,0.4,0,0,0,0,0.4,0,0.4,52
118,109,1,2,0.8,0.1,0,0.1,0,0.7,0.2,0.7,105.4
118,110,4,20,8.1,1.8,0.5,0.3,0.1,7.8,0.9,7.2,979.4
118,111,4,7,2.9,0.8,0.1,0.1,0.2,2.8,0.5,2.6,368.6
118,112,4,12,5.3,1.9,0.3,0,0.5,5.3,0.3,4.6,627.1
118,114,4,15,6.3,2,0.1,0.7,0.3,5.6,0.6,5,694
118,115,4,11,4.2,0.8,0.4,0,0.2,4.2,0.2,3.5,499.7
118,116,5,26,9.5,1.4,1,0.3,0.5,9.2,0.9,8.2,1201.7
118,117,1,4,1.4,0.3,0.2,0.1,0.1,1.3,0.2,1.2,169.2
118,118,2,11,3.5,0.9,0.9,0,0,3.5,0.3,2.6,495.6
118,119,3,11,3.6,0.7,0.7,0,0.1,3.6,0.2,3,511.2
118,120,5,15,6.1,1.5,0.4,0.2,0.7,5.9,0,5.2,817
118,121,2,3,1.1,0.2,0.1,0,0.2,1.1,0,1,141.8
118,122,4,31,10.3,1.7,2,0,0.4,10.3,0.2,9.3,1191.5
118,123,2,10,4.4,1.3,0.3,0,0.3,4.4,1,3.7,487.1
118,124,2,2,0.8,0.2,0.1,0,0.1,0.8,0.1,0.7,93.2
118,125,2,16,5.5,0.4,0.9,0.2,0.3,5.3,0.9,4.9,712
118,126,2,5,1.8,0.3,0.3,0,0.1,1.8,0.2,1.7,215
118,127,3,11,3.9,0.5,0.5,0.2,0.1,3.7,0.5,3.7,485.6
82,0,1,2,0.8,0.2,0.1,0.2,0,0.6,0,0.6,76.1
82,1,2,7,3.1,0.9,0.5,0.3,0.1,2.8,0.2,2.3,301.2
82,2,1,4,1.9,0.7,0.2,0,0.1,1.9,0.3,1.6,198.8
82,3,1,1,0.5,0.2,0,0,0,0.5,0.1,0.4,56.1
82,4,4,25,12.1,4.5,0.8,0,0.2,12.1,1.2,10.3,1266.1
82,5,2,9,4.1,1.1,0.4,0,0.2,4.1,0.2,3.8,382.1
82,6,1,5,2.3,0.6,0.2,0,0.1,2.3,0.1,2.1,212.3
82,7,2,10,4,1.2,0.6,0,0.4,4,1.6,2.8,422.2
82,10,1,6,2.2,0.6,0.2,0,0,2.2,0.4,2.2,229.1
82,11,2,3,1.2,0.3,0.1,0,0.1,1.2,0.1,1.2,134.7
82,12,2,6,2.4,0.5,0.2,0,0.2,2.4,0.1,2.4,289.4
82,13,2,3,1.2,0.3,0.1,0,0.1,1.2,0,1.2,144.7
82,14,2,18,7,1.3,1.2,0,0.8,7,0,6.2,746.7
82,15,2,4,1.6,0.3,0.3,0,0.1,1.6,0,1.3,164.4
82,16,3,9,3.4,0.4,0.5,0,0.3,3.4,0,3,368
82,17,2,24,8.3,0.6,1.4,0,0.6,8.3,0,7.2,963.4
82,19,2,4,1.5,0.3,0.3,0,0.1,1.5,0.3,1.5,146.4
82,20,1,1,0.4,0.2,0,0,0,0.4,0.1,0.4,46.6
82,21,3,17,6.8,2.1,0.7,0.7,0.2,6.1,0.9,6,754.2
82,23,2,18,6.1,0.6,0.5,0.3,0.7,5.8,0.5,5.4,681.1
82,24,4,360.5,133.3,39.9,14.7,12.8,7.3,120.5,7.8,102.1,13287.9
82,25,3,24,7.9,0.7,1.1,0.7,0.7,7.2,0.4,7.2,950
82,26,4,42,15.2,3.2,0.5,0.4,1.8,14.8,0.6,13.4,1852.5
82,28,2,4,1.6,0.2,0.2,0,0.2,1.6,0,1.2,173.8
82,30,3,12,4.5,0.5,0.7,0,0.5,4.5,0,3.8,521.7
82,33,3,68,25.8,4.6,2.3,0.3,2.8,25.5,0.5,22.3,3019.7
82,34,5,193.5,72.6,11.1,5.7,0.4,6.4,72.2,3.7,67.6,8102.2
82,35,0,644.5,232,36,21,23,33,209,19,168,23256
82,36,4,147,60.4,11.6,4.4,0,4.1,60.4,4,54.8,6473.5
82,37,4,14,6.4,1.3,0.6,0,0,6.4,0,6.1,766.4
82,38,3,51.5,17.3,1,1.9,0,1,17.3,1.9,16.4,2263.2
82,39,1,2,0.9,0.2,0,0,0,0.9,0,0.8,99.9
82,40,1,19,8.4,1.9,0.3,0,0.3,8.4,0.3,7.4,949.4
82,43,1,26,9.5,1.4,1.4,0,0.3,9.5,0.6,9.2,1139.4
82,44,6,188.5,72.8,13.5,7.5,1,6.7,71.8,5.3,66.2,8179.1
82,46,2,9,3.4,0.3,0,0,1.5,3.4,0,3.1,412.2
82,52,1,3,1.2,0.2,0.1,0,0.2,1.2,0.3,1,125.8
82,54,2,12.5,5.1,1.1,0.5,0,1.1,5.1,1.3,4.1,524.3
82,55,2,11,4.4,1.7,0,0.2,0.4,4.2,0.9,3.7,470.5
82,56,1,5,2,0.8,0,0.1,0.2,1.9,0.4,1.7,213.9
82,57,2,37,14.9,5.8,0,0.7,1.3,14.2,3.3,12.3,1582.6
82,60,3,24,10.3,3.4,0.6,0.6,1.1,9.7,0,9.7,1148
82,63,4,34,11.4,0,1.8,0,0,11.4,0,11.4,1326
82,66,5,58,22.9,4.5,0.6,0.7,2.4,22.2,2.9,22.2,2510.5
82,67,2,31,12.2,2.5,0.4,0.3,1.2,11.9,1.6,11.9,1341.7
82,69,4,86.5,29.7,3.7,3.8,0,2.2,29.7,1.4,28.3,3666.9
82,70,2,6,2,0,0.2,0,0.2,2,0,1.8,237
82,71,1,8.5,3,0.5,0.3,0,0.5,3,0,2.5,366.4
82,72,1,652,242.8,40.5,13.7,7,26.5,235.8,14,193.3,24836.1
82,73,3,182,94.3,41.3,5,41.3,12.5,53,11.7,48.1,7130.3
82,74,6,133,52.4,14.5,2.4,3.2,1.9,49.2,4.6,44.8,5631.9
82,75,5,36,12.8,1.2,1.2,2,0.7,10.8,1.6,11.5,1449.2
82,76,5,58.5,21.4,1.4,1.4,1.1,1.2,20.3,1.7,19.2,2210.6
82,77,2,3,1.1,0,0,0,0,1.1,0,1,109.5
82,78,3,8,3.9,1.6,0.3,0.4,0,3.5,0.3,3.6,354.8
82,80,1,6,2.9,1.2,0.2,0.3,0,2.6,0.2,2.7,266.1
82,82,2,9,3.7,0.6,0.2,0,0.6,3.7,0.1,3.2,416.1
82,83,6,23,9.2,2.3,0.5,1.9,0.1,7.3,0.5,5.6,1004.5
82,84,4,25,9.9,2.5,0.6,2,0.2,7.9,0.6,6.2,1091.8
82,85,2,5,2,0.5,0.1,0.3,0.1,1.7,0.3,1.6,222
82,86,1,2,0.8,0.2,0,0.1,0,0.7,0.1,0.6,88.8
82,88,2,83,33.2,6.7,2.8,0.2,0.8,33,0.6,26.7,3531.4
82,89,6,245,102.8,29.2,7.1,23.6,11,79.2,9.2,64.9,10514.2
82,90,3,152,55.5,9.4,3.4,0,1.7,55.5,0,49.1,6148.1
82,92,1,1,0.3,0,0,0,0,0.3,0,0.3,56.4
82,95,3,8,2.7,0.2,0.3,0,0.5,2.7,0.2,2.2,320.9
82,96,3,27,9.2,0.7,1.3,0,1.6,9.2,0.7,7.4,1083.1
82,100,1,3,1.4,0.4,0,0,0.1,1.4,0.1,0.9,172.2
82,101,2,4,1.8,0.6,0,0,0.2,1.8,0.2,1.2,229.6
82,102,2,3,1.4,0.4,0,0,0.1,1.4,0.1,0.9,172.2
82,106,1,5,2,0.5,0.2,0.2,0.3,1.8,0,1.7,318.5
82,110,1,2,0.8,0.2,0.1,0.1,0.1,0.7,0,0.7,127.4
82,111,1,3,1.2,0.3,0.1,0.1,0.2,1.1,0,1,191.1
82,112,1,1,0.5,0.1,0,0,0,0.5,0,0.4,64.5
82,116,3,7,2.4,0.5,0.2,0,0,2.4,0.2,1.8,277.2
82,117,4,41.5,14.2,2.7,1.4,0,0,14.2,1.4,10.7,1643.2
82,118,3,15,6.2,1.2,0.3,0,0.4,6.2,1,4.5,788
82,119,2,7,2.9,0.6,0.1,0,0.2,2.9,0.4,2.1,367.8
82,120,1,2,0.8,0.2,0,0,0.1,0.8,0.1,0.6,105.1
82,122,1,5,1.8,0.2,0.1,0,0.2,1.8,0.5,1.8,231.5
82,123,4,224,83.8,16.9,11.3,5,6.1,78.8,7.3,65.4,9518.5
82,124,3,28.5,10.7,1.6,1.2,0,0.7,10.7,1.2,8.8,1289.5
82,127,1,3,1.4,0.4,0,0,0,1.4,0.4,1.2,230.2
8,3,2,2,1.2,0.6,0,0,0,1.2,0,0.8,114
8,4,2,166.5,80.2,35.8,4.5,6,5.5,74.2,11.5,60.9,7861.5
8,6,4,23,8.9,2.3,1.5,0,0.1,8.9,1.5,8.8,1014.7
8,9,1,4,2,0.8,0,0.1,0.1,1.9,0.2,1.7,197.5
8,10,1,2,1,0.4,0,0.1,0.1,0.9,0.1,0.9,98.8
8,12,3,17,8.6,4,0.5,0,0,8.6,1.1,7.2,1055.9
8,15,2,5,2,0.5,0.2,0,0,2,0.6,1.3,221.2
8,16,4,54,21.9,5.3,2.8,0,0,21.9,6.6,15.6,2353.3
8,22,1,2,1.1,0.5,0.1,0,0,1.1,0.3,1,117.2
8,27,1,1,0.5,0.3,0,0,0.1,0.5,0.1,0.3,46
8,28,1,1,0.6,0.3,0,0,0,0.6,0.3,0.4,71.7
8,29,1,2,1.1,0.7,0.1,0.1,0,1,0.2,1,120.4
8,32,1,4,2.2,1.1,0,0,0.2,2.2,0.6,2.1,262.4
8,33,1,5,2.3,0.8,0.2,0,0.2,2.3,0.3,1.7,291.2
8,39,2,5,2.8,1.5,0.1,0,0.1,2.8,0.6,2.5,260.8
8,40,1,1,0.6,0.3,0,0,0,0.6,0.1,0.5,52.2
8,47,3,12,5.3,1.5,0.3,0,0.5,5.3,1.3,4,628
8,48,1,5,3.2,1.8,0,0,0.5,3.2,1.2,2.7,324.3
8,51,2,4,2.5,1.3,0.1,0,0.3,2.5,1.1,2,237.5
8,54,2,3,2.2,1.6,0,0,0.1,2.2,1.2,2,182.5
8,58,1,4,2.5,1.3,0,0,0.2,2.5,0.7,1.9,215
8,60,2,2,1.2,0.6,0,0,0.2,1.2,0.4,1,107.4
8,62,4,17,7.9,2.7,0.4,0,0.6,7.9,2.7,7.2,796.1
8,64,1,1,0.7,0.4,0,0,0,0.7,0.1,0.6,62.8
8,66,3,5,2.8,1.5,0,0,0.2,2.8,0.7,2.5,265.5
8,70,3,9,4.6,1.7,0.2,0,0.1,4.6,1,3.6,491.6
8,80,1,2,1.2,0.4,0,0,0.3,1.2,0.4,1.2,119.4
8,81,5,9,5,2.3,0,0.3,0.6,4.7,0.8,4.6,551.2
8,82,5,58.5,33.8,13.2,0,3.8,4.2,30,3.2,28.5,3560.7
8,83,2,27,18.8,12.3,0,4.3,1.1,14.5,6.3,10.7,1732.7
8,84,1,3,1.5,0.8,0.2,0,0,1.5,0.3,1.1,129.7
8,99,2,14,6.2,1.9,0.4,0.4,0.8,5.8,1.1,5.8,495.1
8,100,1,2,1.1,0.5,0,0,0,1.1,0.2,0.9,106.9
8,101,2,6,2.4,0.4,0.1,0,0.4,2.4,0.8,2.2,215.4
8,103,2,3,1.5,0.4,0,0,0.1,1.5,0.1,1.3,143.6
8,104,3,6,3.2,1.3,0,0.2,0.3,3,0.9,2.5,286.1
8,105,2,11,6.9,4.1,0,0.6,0.3,6.3,1,5.6,577.6
8,107,3,4,2.5,1.5,0,0.1,0.1,2.4,0.4,2,210
8,108,1,6,3.3,1.6,0,0.1,0.3,3.2,0.7,2.5,290.3
8,109,4,19.5,9.4,3,0.7,0.1,1.3,9.3,2.2,8.7,898.8
8,110,4,10,5.5,2.2,0,0.2,0.6,5.3,0.2,4.9,555
8,111,3,12,5.7,1.6,0.2,0.4,1,5.3,1.7,4.4,643.9
8,112,5,11,6.6,2.8,0,0,1.1,6.6,2.2,6,655.1
8,113,2,10,3.7,0.6,0.2,0,0.4,3.7,0.6,3,414.6
8,114,1,3,1.1,0.2,0.1,0,0.1,1.1,0.2,0.9,124.4
8,115,5,17,9,3.7,0,0,0.9,9,1.6,8,806.7
8,118,1,6,2.5,0.5,0.1,0,0.2,2.5,0.1,2.4,251.5
8,119,2,13,5.9,1.6,0.4,0,0,5.9,1.6,5.1,623.6
8,121,1,14,5.4,1.8,0.9,0,0.5,5.4,1.8,4.5,611
8,124,2,10,4.8,1.4,0,0.3,0.2,4.5,0.8,4,472.9
8,125,1,7,3.8,1.5,0,0.3,0.1,3.5,0.9,3,372.3
8,126,7,80.5,34.1,9.9,1.2,1.2,2.6,32.9,4.6,30.5,3816.5
8,127,7,87,39.3,13.2,1.3,0.1,4.4,39.2,2.7,35.9,4332.3
59,0,2,9,3.6,0.9,0.3,0.5,0,3.1,0.9,3.1,407.1
59,1,1,10,4.1,0.9,0.2,0,0.5,4.1,0.5,3.6,431.6
59,4,2,4,1.9,0.8,0.1,0.1,0,1.8,0,1.3,211.7
59,8,2,5,3,1.1,0,0,0.1,3,0.3,2.6,304.1
59,9,1,2,1.2,0.5,0,0,0.1,1.2,0.1,1.1,121.6
59,10,3,12,7.1,2.8,0,0,0.3,7.1,0.7,6.3,729.9
59,11,3,10,4.1,1,0.4,0.2,0.1,3.9,0.2,3.5,460.4
59,12,4,30.5,11.8,2.7,1.1,0.5,0.5,11.3,0.5,10.1,1354.2
59,13,4,38,16,5,0,4,2,12,4,13,1761
59,14,2,10,4.8,1.9,0.2,0,0.4,4.8,1,4,399
59,17,2,6,2.8,1.2,0.2,0,0.2,2.8,0.6,2.4,239.4
59,18,1,9,3.7,1.2,0.4,0.2,0.3,3.5,0.3,3.5,377
59,20,2,9,3.7,1.2,0.4,0.1,0.3,3.6,0.3,3.5,377
59,21,3,15.5,7.4,2.8,0.3,0.6,0.7,6.8,0.8,6.5,750.2
59,22,6,29,14.5,5.8,0.3,1.3,1.6,13.2,1.6,12.8,1493.7
59,25,2,5,2.2,0.5,0.1,0,0.4,2.2,0,2,216.1
59,26,2,6,3,1.1,0.3,0,0.3,3,0,2.5,303
59,28,3,12,4.4,1,0.8,0,0.2,4.4,0,3.9,508.9
59,29,3,79,29.6,5.1,3.2,2,1.7,27.6,2,26.1,3484.1
59,30,2,4,2,0.7,0,0,0,2,0.4,1.9,187.2
59,31,2,5,2,0.1,0,0.1,0.1,1.9,0.3,2,221
59,32,2,6,2.5,0.1,0,0.1,0.1,2.4,0.4,2.5,265.2
59,40,1,4,2,0.6,0.1,0,0.2,2,0.2,1.9,267.1
59,42,3,22,9.5,2.4,0.3,0.7,0,8.8,2.8,7.4,1064.4
59,44,1,8,3.5,1.2,0.4,0,0,3.5,0.6,3.1,477.3
59,45,5,30,13.1,4.7,1.7,0,0,13.1,2.4,11.6,1790
59,46,1,1,0.4,0.2,0.1,0,0,0.4,0.1,0.4,59.7
59,50,1,16,9.7,4.2,0,0.7,0.7,9,0.7,7.7,1049.7
59,51,1,3,1.3,0.3,0.1,0.1,0.2,1.2,0.2,1,137.6
59,52,4,31,13,3.2,0.8,0.7,2.5,12.3,1.6,10.7,1421.9
59,53,4,153.5,80.8,38.4,4.9,13.6,4.6,67.2,12.4,54.2,7435.2
59,54,6,26,12.2,4,0.9,0.4,0.7,11.8,1.4,11.9,1230.5
59,55,1,2,1.3,0.5,0,0,0.3,1.3,0.3,1.2,133.7
59,56,3,18,11.5,4.9,0,0,2.5,11.5,2.5,10.6,1203.5
59,58,1,5,2.2,0.9,0.3,0,0,2.2,0.5,2,247.2
59,59,3,7,3,1.3,0.5,0,0,3,0.7,2.8,346
59,60,1,1,0.4,0.2,0.1,0,0,0.4,0.1,0.4,49.4
59,62,2,12.5,6,1.8,0,0.4,1.4,5.6,1,5.5,598.6
59,66,1,7,4,2.3,0.2,0,0.2,4,0.7,3.3,410.2
59,67,1,3,1.7,1,0.1,0,0.1,1.7,0.3,1.4,175.8
59,68,3,34,17.3,6,0,5,1,12.3,2.3,11,1748.7
59,69,2,5,2.3,0.3,0,0,0,2.3,0.1,2.2,276.7
59,80,4,22,10.1,2.7,0,0,0.9,10.1,0.9,8.3,1213.7
59,81,1,2,1,0.4,0,0,0.2,1,0.4,0.9,87.4
59,82,6,13,6.5,2.4,0,0,1.3,6.5,2.4,6.1,567.9
59,83,1,2,1,0.4,0,0,0.2,1,0.4,0.9,87.4
59,85,3,20.5,9.3,3.9,0.8,0,0,9.3,3.1,8.5,952.3
59,87,1,5,2.3,0.9,0.2,0,0,2.3,0.8,2.1,232.3
59,88,4,14,7.3,3.2,0,0,0.8,7.3,2,5.3,684.3
59,89,3,14,7.4,3.3,0,0,0.9,7.4,2,5.3,684.3
59,90,1,8,2.9,0.4,0,0.2,0.2,2.7,0.4,2.3,338
59,91,2,15,5.8,1,0,0.3,0.3,5.5,0.7,4.9,694.5
59,95,1,2,0.8,0.2,0.1,0.2,0.1,0.6,0.1,0.7,93.8
59,96,2,9,4,1.3,0.3,0,0,4,0.6,3.8,496.6
59,101,1,4,1.6,0.4,0.1,0,0.3,1.6,0.3,1.4,167.2
59,102,2,10,4,0.9,0.2,0,0.7,4,0.7,3.5,418
59,108,4,15,8.8,4.1,0,1.3,2,7.5,2.8,6.2,851.6
59,109,3,5,3,1.3,0,0.5,0.7,2.5,1,2,283.8
59,112,1,1,0.5,0.2,0,0,0,0.5,0.1,0.4,57.4
59,113,1,9,4.3,1.9,0.2,0.1,0.2,4.2,0.8,4,516.3
59,120,1,2,0.9,0.2,0.1,0,0,0.9,0,0.8,87
59,121,1,3,1.5,0.7,0.1,0,0.1,1.5,0.2,1.5,165.9
59,122,1,13,6.6,2.9,0.3,0,0.3,6.6,0.9,6.4,719
59,123,2,24,8.3,1,1.4,0.5,1,7.8,0.7,6.8,885.8
59,124,4,39,18.3,5.8,1.3,0.4,1.8,17.9,2.6,16.1,1811.1
7,0,2,3,1.5,0.6,0,0,0,1.5,0.3,1.5,161.1
7,3,1,2,1.1,0.6,0,0,0.1,1.1,0,0.9,114
7,4,5,182.5,91.4,40.4,3.2,19.9,11,71.5,14.1,51.7,8595.1
7,5,1,4,1.7,0.5,0.2,0,0.2,1.7,0.2,1.4,178
7,6,1,9,3.5,0.9,0.6,0,0,3.5,0.6,3.5,396.9
7,9,1,1,0.5,0.2,0,0,0,0.5,0.1,0.4,49.4
7,10,2,5,2.5,1,0,0.2,0.2,2.3,0.3,2.2,246.9
7,12,3,70.5,32.8,12.1,1.6,1,4,31.8,6.1,25.1,3342.3
7,13,2,12,6,1.5,0,0,0.5,6,0.5,4.5,548
7,17,1,15,5.3,0.5,0.5,0,0,5.3,1.5,5.3,604.8
7,18,3,40,25.1,12.3,0,1.7,1.8,23.4,7.9,20.8,2397.8
7,27,2,13.5,7.3,3.9,0.4,0.9,0.9,6.4,0.9,4.7,621
7,28,2,4,2.4,1.2,0,0,0.1,2.4,1.2,1.7,286.8
7,31,1,5,2.3,0.8,0.2,0,0.2,2.3,0.3,1.7,291.2
7,32,5,50.5,23.4,8.4,1.7,0,1.7,23.4,3.4,17.5,2940.7
7,38,1,3,1.7,0.9,0.1,0,0.1,1.7,0.4,1.5,156.5
7,39,1,2,1.1,0.6,0,0,0,1.1,0.2,1,104.3
7,46,1,2,0.8,0.2,0.1,0,0,0.8,0.3,0.6,89.3
7,50,1,10,6.3,3.7,0,0,1,6.3,2.3,5.3,648.7
7,52,2,7,4.1,2.3,0.2,0,0.2,4.1,2.1,3,377.3
7,58,1,4,1.7,0.3,0.1,0,0.1,1.7,0,1.6,153
7,60,4,24,10.5,1.8,0.6,0,0.6,10.5,0,9.6,917.7
7,62,1,3,1.3,0.5,0.2,0,0.1,1.3,0.5,1.2,139.9
7,66,1,1,0.7,0.4,0,0,0,0.7,0.1,0.6,62.8
7,73,1,1,0.6,0.4,0,0,0,0.6,0.2,0.6,58.3
7,79,1,7,4.3,1.6,0,0,1.2,4.3,1.6,4.3,418.1
7,80,1,1,0.6,0.2,0,0,0.2,0.6,0.2,0.6,59.7
7,83,5,21,10,2.8,0,0,0.7,10,1.4,7.9,948.7
7,87,1,2,0.9,0.1,0,0.1,0.1,0.8,0.1,0.8,92.1
7,88,3,12,6.3,3.7,0.4,0,0.4,6.3,2.4,4.9,583.5
7,90,1,4,2.1,1.2,0.1,0,0.1,2.1,0.8,1.7,194.5
7,91,3,14,7.2,4,0.4,0,0.5,7.2,3,6,692.4
7,93,2,7,3.7,1.2,0,0,0.3,3.7,1.8,3.3,381.3
7,98,1,8,3.6,1.1,0.2,0.2,0.4,3.4,0.7,3.3,282.9
7,99,1,2,0.9,0.3,0.1,0.1,0.1,0.8,0.2,0.8,70.7
7,100,1,4,1.8,0.6,0.1,0.1,0.2,1.7,0.3,1.7,141.4
7,101,3,12,5,1,0.4,0.1,0.8,4.9,1.6,4.4,430.7
7,102,2,5,2,0.3,0.1,0,0.3,2,0.7,1.8,180
7,103,1,28,16,6.9,0,0,2.2,16,3.2,13.6,1166.1
7,104,5,85.5,41.5,13.4,0,0.4,1.9,41.1,4.4,36.3,4174.7
7,107,1,4,2.5,1.5,0,0.2,0.1,2.3,0.3,2.1,210.1
7,110,4,29,15.7,5.8,0,0,0.8,15.7,0.8,13.3,1455.8
7,111,1,2,1.2,0.5,0,0,0.2,1.2,0.4,1.1,119.1
7,112,4,5,3,1.1,0,0,0.5,3,1,2.9,297.9
7,113,1,4,1.5,0.2,0.1,0,0.2,1.5,0.2,1.2,165.8
7,114,2,12,4.5,0.7,0.3,0,0.4,4.5,0.7,3.6,497.5
7,117,1,2,1.1,0.6,0,0,0,1.1,0.1,1,117.7
7,118,5,48,20.1,4.4,0.9,0,1.7,20.1,0.9,19.2,2011.6
7,119,2,2,0.9,0.2,0,0,0,0.9,0.1,0.8,89.9
7,120,3,11,5,1.3,0.3,0,0,5,1.3,4.4,527.7
7,121,1,8,3.6,1,0.2,0,0,3.6,1,3.2,383.8
7,122,1,8,3.1,1,0.5,0,0.3,3.1,1,2.6,349.2
7,123,4,19,7.2,0.6,0,0,0.6,7.2,0,6.6,730.4
7,124,6,45,16.1,2.7,0,0,1.1,16.1,0,15,1941
7,125,1,1,0.4,0.1,0,0,0,0.4,0,0.3,44.3
7,126,2,2,0.8,0.2,0,0,0.2,0.8,0,0.8,94.2
7,127,5,156.5,70.5,27.3,3.7,2,9,68.5,11.6,56.5,6382.8
58,0,6,36,14.3,3.1,1.1,1,0.2,13.3,2.5,13,1608.9
58,1,1,25.5,11.9,2.3,0,0,3,11.9,0.2,10.8,1374.1
58,2,6,64,27.4,8.1,0.7,0,1.3,27.4,4.7,25.4,2933.5
58,3,3,19,8.1,2.6,1,0.6,0,7.5,0.5,7.1,924.8
58,4,2,3,1.6,0.7,0,0,0.2,1.6,0.3,1.4,152
58,5,1,9,4.6,2,0.2,0,0.4,4.6,1,4,450.4
58,8,3,9,4.3,1.5,0,0,0.3,4.3,0.3,3.8,441.1
58,9,2,6,2.7,0.9,0,0,0.2,2.7,0.2,2.3,273.9
58,11,3,14,5.8,1.4,0.4,0.2,0.2,5.6,0.4,4.9,650.1
58,12,1,5,2.4,0.6,0.1,0,0,2.4,0.2,1.9,252.2
58,14,1,9,4.3,1.7,0.2,0,0.4,4.3,0.9,3.6,359.1
58,15,2,8,3,1,0.2,0,0.2,3,0.2,2.8,381.8
58,16,2,16,6.2,1.8,0.5,0,0.5,6.2,0.5,5.6,763.8
58,17,1,3,1.4,0.6,0.1,0,0.1,1.4,0.3,1.2,119.7
58,18,1,2,0.8,0.3,0.1,0,0.1,0.8,0.1,0.8,83.8
58,20,1,18,8.8,2.4,0,0,0.3,8.8,0.3,8.2,767.2
58,21,5,68,28.5,9,2.3,0.8,1.8,27.7,3.3,23.5,2653.8
58,22,6,22,9.9,3.6,0.7,0.4,1.2,9.5,1.5,8.3,1001.3
58,23,1,7,3.4,1.4,0,0.3,0.2,3.1,1.4,2.9,375.6
58,25,6,74,29.6,7,2.4,0.9,2.9,28.7,0,27.3,3088.7
58,29,3,32,16,6,0,1.4,1.4,14.6,1.4,13.3,1850
58,30,1,3,1.5,0.6,0,0.1,0.1,1.4,0.1,1.2,173.4
58,31,1,5,2.1,0.1,0,0.1,0.1,2,0.4,2.1,221
58,32,1,2,0.8,0,0,0,0,0.8,0.1,0.8,88.4
58,33,4,16,7.6,3,0.4,0.3,0.5,7.3,1.5,7.2,808.4
58,34,3,12,6.5,3.3,0.2,0.3,0.2,6.2,1.2,6.3,658.1
58,35,3,10,5.4,2.7,0.1,0.4,0,5,0.9,5.3,552.4
58,39,2,10.5,4.7,1.2,0.2,0.2,0.2,4.5,0.4,4.1,509.5
58,40,3,6,2.6,0.5,0,0,0.1,2.6,0.3,2.5,323.6
58,41,1,1,0.4,0.1,0,0,0,0.4,0.1,0.3,48.4
58,45,1,6,3.1,1.1,0.1,0,0.1,3.1,0.6,2.9,357.6
58,46,5,21,10.9,4.1,0.4,0,0.4,10.9,2.1,10.1,1251.6
58,47,4,15,8.2,3.6,0,1.2,1.2,7,0.3,6.9,919.2
58,48,3,11,5.6,2.3,0.2,0.5,0.5,5.1,0.9,4.6,584
58,49,4,27,13.8,5.3,0.3,1.5,1.5,12.3,1.9,10.8,1355.6
58,52,1,3,1.4,0.4,0,0,0,1.4,0.1,1.4,176.1
58,53,5,23,10.6,3.6,0.9,0,1.7,10.6,0.1,10.6,1183.4
58,54,1,5,2.3,0.8,0.2,0,0.4,2.3,0,2.3,260
58,59,2,10,4.3,1.9,0.6,0,0,4.3,1.1,4,487.8
58,60,2,16,6.8,3.3,1,0,0,6.8,1.7,6.1,745.2
58,62,1,8,3.5,1.3,0.3,0,0,3.5,1.1,3.2,349.9
58,67,1,3,1.7,1,0.1,0,0.1,1.7,0.3,1.4,175.8
58,68,1,2,0.9,0.1,0,0,0,0.9,0,0.9,110.7
58,70,1,5,2.5,0.8,0.1,0,0.4,2.5,0.3,2.2,299.3
58,71,1,4,1.8,0.8,0.1,0,0.3,1.8,0,1.8,174
58,72,1,6,2.7,1.3,0.2,0,0.4,2.7,0,2.7,261.1
58,73,2,10,5.5,2.4,0,0.3,0.3,5.2,1,4.8,500.7
58,81,1,2,1,0.4,0,0,0.2,1,0.4,0.9,87.4
58,82,3,6,2.7,0.9,0.3,0.1,0.3,2.6,0.5,2.2,238.7
58,83,2,4,1.8,0.6,0.2,0.2,0,1.6,0.2,1.4,151.4
58,84,2,11,4.7,1.6,0.6,0.4,0.2,4.3,0.4,3.7,416.2
58,88,2,5,2.7,1.2,0,0,0.3,2.7,0.7,1.9,244.4
58,89,2,14,6.5,2.7,0,0.8,0.8,5.7,1.3,5.5,654.7
58,90,1,2,1,0.6,0,0.1,0.2,0.9,0.2,0.9,98.6
58,91,1,4,2.1,1.1,0,0.3,0.3,1.8,0.5,1.8,197.1
58,92,2,16,6.9,1.8,0.1,0,0,6.9,0.6,6.5,929.3
58,93,1,1,0.4,0.1,0,0,0,0.4,0,0.3,43.2
58,94,7,72,33.8,14.4,2.8,4.9,1.6,28.9,4.2,28,3640.5
58,96,1,1,0.4,0.2,0,0.1,0,0.3,0.1,0.4,47.8
58,98,3,14,5.7,1.5,0.4,0,0,5.7,0.9,4.6,746.6
58,100,4,21,11,5,0,1,1.5,10,1.5,9.6,1120.5
58,101,1,9,4.6,2.8,0.5,0.5,0,4.1,1.3,3.9,568.5
58,102,1,1,0.5,0.3,0.1,0.1,0,0.4,0.1,0.4,63.2
58,104,3,12,6,2.8,0.2,0.1,0.2,5.9,0.5,4.1,611
58,106,2,9,3.1,0.6,0.5,0.1,0.5,3,0.5,2.7,374.5
58,107,3,13.5,5.3,1.7,0.5,0.2,0.7,5.1,1.2,4.3,622.3
58,109,1,2,1.2,0.5,0,0.2,0.3,1,0.4,0.8,113.5
58,110,2,11,5.2,1.7,0,0.3,0.1,4.9,0.5,4.1,577.4
58,111,1,3,1.4,0.5,0,0.1,0,1.3,0.1,1.1,157.7
58,113,1,2,1,0.4,0,0.1,0,0.9,0.2,0.9,114.7
58,118,2,13,8.9,5.7,0,0,0,8.9,2.8,8.9,860.2
58,123,5,54,20.4,3.9,2.6,2.4,2,18,1.7,16.1,2110.5
58,124,3,17,6.5,1.1,0.7,0.2,0.5,6.3,0.6,5.4,703.3
58,125,5,45.5,22,6.3,0.8,0.9,0.8,21.1,5.3,18.4,2240.6
58,127,2,14,7.7,2.9,0,0.9,1.4,6.8,2.4,7.2,858.8
56,0,2,24,10,3.2,0.8,0.5,1,9.5,1,9,1050.2
56,2,2,2,0.8,0.2,0.2,0,0,0.8,0,0.8,92.4
56,4,3,6,2.6,0.7,0.2,0.1,0,2.5,0.1,2.5,313.6
56,5,3,18,8.5,2.6,0,0,0.3,8.5,0.3,8,1050.2
56,6,4,28,13.5,4.4,0,0.6,1,12.9,1.8,12.3,1596.9
56,9,4,20,9.2,2.2,0.2,0.5,1.2,8.7,0.9,8,889.2
56,10,2,9,4,1.5,0.5,0.3,0.5,3.7,1,3.7,423.3
56,12,1,3,1.4,0.4,0.1,0,0,1.4,0.1,1.1,151.3
56,13,2,6,2.9,0.7,0.1,0,0,2.9,0.3,2.3,302.7
56,16,2,9,3.4,1.1,0.2,0,0.2,3.4,0.2,3.2,429.6
56,17,1,1,0.4,0.1,0,0,0,0.4,0,0.4,47.7
56,19,1,4,2,0.8,0.1,0,0.2,2,0.1,1.8,154.6
56,20,3,15,7.4,2.9,0.4,0,0.9,7.4,0.4,6.7,579.6
56,21,6,51.5,26.8,12.3,1.6,0,3,26.8,3.6,24,2463.9
56,23,1,7,3.5,1.3,0.3,1.1,0.3,2.4,0.8,2.7,320.1
56,24,3,19,9.5,3.6,0.7,2.9,0.7,6.6,2.1,7.4,868.8
56,26,2,5,1.8,0.4,0.1,0.2,0,1.6,0,1.6,198.9
56,28,3,54,23.4,4.5,1,3.9,1,19.5,7.3,20.9,2415.5
56,30,4,47.5,21.4,4.1,1.2,0,2.6,21.4,2.2,18.9,2367.4
56,31,1,2,0.8,0.3,0.1,0,0.1,0.8,0.1,0.8,89.9
56,33,3,13,6.4,2.8,0.5,0.1,0.5,6.3,1.3,5.9,675.8
56,34,1,1,0.5,0.2,0,0,0,0.5,0.1,0.5,52
56,35,1,9,5.9,3.6,0,0.5,0,5.4,0.9,5.9,545
56,36,1,1,0.7,0.4,0,0.1,0,0.6,0.1,0.7,60.6
56,39,2,5,2,0.2,0,0,0,2,0.2,1.9,237.5
56,42,3,50,23.9,9.9,0,0,3.1,23.9,8,20,2385
56,44,3,13,6.1,2.4,0.3,0.2,0.8,5.9,0.8,4.7,646.5
56,45,3,35,14.4,3.6,0.9,1.8,0.9,12.6,2.7,10,1484.4
56,48,3,15,6.1,1.4,0.6,0,0,6.1,0.3,5.7,619.8
56,49,1,1,0.4,0.1,0,0,0,0.4,0,0.4,41.3
56,50,3,8,3.2,0.8,0.2,0,0,3.2,0.2,3,330.6
56,51,4,21,9.6,2.5,0,0,0,9.6,0.9,9.6,1232.6
56,53,3,12,5.5,1.4,0,0,0,5.5,0.5,5.5,704.3
56,54,3,10,4.3,1.2,0.2,0.1,0.1,4.2,0.5,4.2,525.5
56,55,1,2,0.8,0.3,0.1,0,0.1,0.8,0.1,0.7,86.7
56,56,2,19,7.6,2.6,0.9,0.3,0.7,7.3,0.9,6.9,823.4
56,57,3,9,3.6,1.2,0.5,0.1,0.3,3.5,0.5,3.3,390
56,59,3,11,4.6,2.5,0.8,0,0,4.6,1.1,3.9,471.9
56,60,2,9,5.5,2.6,0,0,0.7,5.5,1.6,4.5,579.3
56,70,2,6,3,1,0.1,0,0.5,3,0.4,2.6,359.2
56,78,1,2,0.9,0.3,0.1,0.1,0,0.8,0.1,0.7,75.7
56,82,1,1,0.4,0.1,0.1,0,0,0.4,0,0.3,37.8
56,85,1,1,0.5,0.3,0,0.1,0.1,0.4,0.1,0.4,49.3
56,93,4,29,11.1,2.6,0.9,0,0,11.1,0.9,8.5,1399.6
56,94,1,2,1,0.3,0,0,0.2,1,0.3,1,100.1
56,95,2,11,5.8,1.4,0,0,1,5.8,1.4,5.2,550.4
56,96,5,36,16,6.8,1.9,3,2.2,13,2.7,12.4,1640.6
56,97,6,71,31.5,13.1,3.7,5.9,4.2,25.6,5.5,24.4,3235.7
56,98,1,1,0.4,0.1,0,0,0,0.4,0.1,0.3,53.3
56,99,3,13,5.3,1.4,0.3,0,0,5.3,0.8,4.2,693.2
56,100,1,3,1.2,0.3,0.1,0,0,1.2,0.2,1,160
56,104,2,2,1,0.6,0.2,0.2,0,0.8,0.2,0.8,126.4
56,105,3,82,41.9,21.5,3.8,11.7,0.9,30.2,4.9,26.4,3770
56,106,2,5,2.8,1.8,0,0.1,0,2.7,0.3,1.4,279
56,107,3,11,6.2,3.9,0,0.2,0,6,0.6,3.1,613.8
56,109,1,7,3.5,1,0,0.2,0.2,3.3,0.4,3.1,389.5
56,112,1,2,0.9,0.2,0.1,0.1,0,0.8,0.1,0.8,100.7
56,113,3,15,6.5,1.5,0.5,0.5,0,6,0.5,6,755.4
56,114,2,10,4.3,1.1,0.3,0.3,0,4,0.3,4,503.6
56,115,1,2,1,0.3,0.1,0.1,0.1,0.9,0.2,1,108.7
56,116,2,5,2.5,0.9,0.1,0.1,0.1,2.4,0.5,2.5,271.8
56,125,1,2,1,0.3,0,0.1,0,0.9,0.2,0.8,98.2
56,126,4,26,12.5,4.4,0,2.3,1.2,10.2,1.6,9,1263.1
56,127,5,48,23.1,7.3,1,7.2,1.1,15.9,2.5,13.6,2368.5
57,0,1,13,5.2,0.9,0.5,0.2,0.2,5,0.6,4.9,577
57,1,2,42,17.3,4.3,1,0.3,0.3,17,2.7,16.4,1919.3
57,3,3,23,9.1,2.4,1.4,0.4,0,8.7,1,9.1,1062.3
57,4,1,5,2.8,1.3,0,0,0.4,2.8,0.6,2.5,259.4
57,5,1,4,2.3,1.1,0,0,0.3,2.3,0.5,2,207.5
57,6,4,15.5,8.8,4.1,0,0,1.2,8.8,1.7,7.7,804.3
57,7,1,1,0.6,0.3,0,0,0.1,0.6,0.1,0.5,51.9
57,8,2,19,8.4,2.8,0,0,0.6,8.4,0.6,7.3,867.3
57,9,1,2,0.9,0.3,0,0,0.1,0.9,0.1,0.8,91.3
57,10,4,19,8.4,3.2,1.1,0.5,1.1,7.9,2.1,7.9,893.5
57,12,1,1,0.5,0.1,0,0,0,0.5,0,0.4,50.5
57,20,2,15,7.4,1.9,0,0,0.3,7.4,0.3,6.8,639.3
57,21,7,84,36.1,11.8,3.2,0.5,3.4,35.6,3.4,29.4,3656.5
57,22,1,4,1.6,0.5,0.2,0,0.2,1.6,0.3,1.3,158.1
57,23,3,22,10.6,4.5,0,0.8,0.8,9.8,4.5,9,1180.4
57,28,1,3,1.5,0.6,0,0.1,0.1,1.4,0.1,1.2,173.4
57,29,3,10,5,1.9,0,0.3,0.3,4.7,0.3,4.1,578.1
57,38,5,40,18.6,5.7,1.2,0.8,1.2,17.8,1.5,15.8,1957.5
57,39,5,166.5,83,32.4,2.6,8,7.6,75,11.2,64.9,8413.7
57,40,2,10,4,0.5,0,0,0,4,0.5,3.8,474.9
57,41,1,4,1.7,0.7,0.1,0.3,0.3,1.4,0.3,0.8,147.2
57,42,2,54,23.2,9.3,0.9,4.7,4.7,18.5,4.7,11.2,1986.8
57,43,2,35,17.7,7.7,0.7,0,2.8,17.7,2.2,14.1,1854.7
57,44,2,8.5,4.4,1.8,0.2,0,0.5,4.4,0.6,3.6,470.2
57,48,1,1,0.5,0.2,0,0.1,0.1,0.4,0.1,0.4,51
57,56,2,15,6,2,0.7,0.3,0.5,5.7,0.7,5.5,650
57,57,1,4,1.6,0.5,0.2,0.1,0.1,1.5,0.2,1.5,173.3
57,58,1,7,2.9,1.6,0.5,0,0,2.9,0.7,2.5,300.3
57,62,2,11,4.7,1.9,0.3,0,0,4.7,1.4,4.4,481
57,63,1,2,0.9,0.3,0.1,0,0,0.9,0.3,0.8,87.5
57,64,1,5,2.2,0.8,0.2,0,0,2.2,0.7,2,218.7
57,65,2,14,7,2.3,0.3,0,1.2,7,0.8,6.2,838.1
57,66,1,6,3,1,0.2,0,0.5,3,0.3,2.7,359.2
57,71,1,2,0.9,0.4,0.1,0,0.1,0.9,0,0.9,87
57,73,4,17,9.5,4.1,0,0.7,0.6,8.8,1.7,8.2,851.1
57,74,1,2,1.1,0.5,0,0.1,0.1,1,0.2,1,100.1
57,82,1,4,1.7,0.6,0.2,0.1,0.1,1.6,0.1,1.4,151.4
57,83,2,6,2.6,0.9,0.3,0.2,0.1,2.4,0.2,2.1,227.1
57,84,3,9,3.9,1.3,0.5,0.4,0.1,3.5,0.4,3.1,340.6
57,89,1,4,2.1,1.1,0,0.3,0.3,1.8,0.5,1.8,197.1
57,93,4,21,8.3,2,1,0.4,0.4,7.9,1,7.3,907.1
57,94,3,7,2.8,0.7,0.3,0.1,0.1,2.7,0.3,2.4,302.4
57,95,2,3,1.3,0.6,0.1,0.3,0,1,0.3,1.2,143.4
57,96,2,5,2.2,1,0.2,0.4,0,1.8,0.6,2,239
57,97,2,11,4.8,2.2,0.4,0.9,0,3.9,1.3,4.4,525.8
57,98,1,4,1.7,0.5,0.1,0,0,1.7,0.2,1.3,213.3
57,99,1,8,3.3,0.9,0.2,0,0,3.3,0.5,2.6,426.6
57,100,3,21,10.9,5,0,1,1.4,9.9,1.4,9.5,1120.4
57,101,3,15,7.7,4.7,0.9,0.9,0,6.8,2.1,6.4,947.6
57,102,1,2,1,0.6,0.1,0.1,0,0.9,0.3,0.9,126.3
57,103,2,22,10,3.1,0.8,0,0.8,10,0.8,8.5,1043.3
57,104,7,31,14.4,5.1,1,0,1,14.4,1.2,11.7,1495.2
57,105,3,14,7.8,5,0,0.3,0,7.5,0.8,4,781.2
57,106,6,68.5,23.4,4.9,3.6,0.8,3.6,22.6,3.7,20.1,2865.1
57,107,1,6,2,0.4,0.3,0.1,0.3,1.9,0.3,1.8,249.7
57,108,1,9,4.5,1.2,0,0.2,0.2,4.3,0.5,4,500.8
57,110,3,26,12.1,1.8,0,1.9,0.9,10.2,0.9,10.2,1355.7
57,114,4,30,12.9,3.5,1.2,0.8,0,12.1,1.2,11.7,1428
57,115,3,24.5,10.5,3.1,1.3,0.7,0,9.8,1.3,9.3,1098.5
57,123,4,37,17.1,5.9,0.6,4.2,1.2,12.9,1.2,12.3,1655.5
57,124,1,11,5.1,1.7,0.2,1.2,0.3,3.9,0.3,3.7,492.2
57,126,2,67,40.1,20.4,0.1,5.4,3.5,34.7,7.2,31.7,3999.8
57,127,3,11,6.1,2.2,0,0.8,1.1,5.3,1.9,5.7,674.8
120,1,2,3,1.5,0.6,0.1,0,0.3,1.5,0.6,1.3,116.6
120,3,1,2,1,0.4,0.1,0,0.2,1,0.4,0.9,77.7
120,8,1,1,0.6,0.3,0,0,0,0.6,0.2,0.4,54.1
120,9,2,2,1.2,0.6,0,0,0,1.2,0.4,0.8,108.2
120,10,1,4,2.2,1.4,0.1,0,0.1,2.2,0.9,1.6,216.4
120,25,1,4,1.7,0.5,0.1,0.3,0.3,1.4,0.1,1.4,196.3
120,26,2,10,4.2,1.3,0.4,0.6,0.6,3.6,0.4,3.5,490.6
120,27,1,4,1.7,0.5,0.1,0.3,0.3,1.4,0.1,1.4,196.3
120,29,3,8,2.9,0.5,0,0,0.3,2.9,0.5,2.4,323
120,30,1,3,1.1,0.2,0,0,0.1,1.1,0.2,0.9,121.1
120,35,2,12,5.5,1.7,0.3,1,0.3,4.5,0.7,4.1,562.3
120,36,1,2,0.9,0.3,0.1,0.2,0.1,0.7,0.1,0.7,93.7
120,41,2,8,2.9,0.5,0.6,0,0.5,2.9,0.2,2.6,318.7
120,42,2,19.5,7,1,1.5,0,1,7,0.5,6.4,777.1
120,43,4,24,10.4,3.5,0,0.3,0.8,10.1,0.8,8.4,1304
120,44,1,23,9.5,3.5,0.9,2.2,0,7.3,1.3,7.2,1018.9
120,51,1,6,2.2,0.4,0,0.1,0.1,2.1,0.3,2.2,285.8
120,52,1,6,2.2,0.4,0,0.1,0.1,2.1,0.3,2.2,285.8
120,54,1,2,0.9,0.4,0.1,0,0,0.9,0.1,0.8,95.2
120,55,2,3,1.3,0.6,0.2,0,0,1.3,0.2,1.2,142.8
120,56,1,1,0.4,0.2,0.1,0,0,0.4,0.1,0.4,47.6
120,57,1,1,0.4,0.2,0.1,0,0,0.4,0.1,0.4,47.6
120,58,0,68.5,24,4,2,6,0,18,1,17,2423
120,59,4,35,11.8,1.8,1.5,3.6,0.7,8.2,1,9.3,1229.7
120,60,1,15,5.8,1,0.7,1.4,0.3,4.4,0.2,4.2,616.9
120,61,3,72,27.2,2.4,0.8,1.9,1.9,25.3,0.4,24.9,2981.5
120,62,1,11.5,4.2,0.9,0.3,0.9,0.3,3.3,0.1,3.2,447.3
120,63,3,52,19.4,3.7,2.1,1.7,2.9,17.7,1.8,15.2,2226
120,64,5,21,9,2.3,0.4,1.6,1,7.4,0.1,7.1,935.4
120,65,6,249.5,80.9,8.4,10.6,2.2,5.3,78.7,4.6,72.2,8990.3
120,66,8,101.5,38.2,6.7,2.3,4.3,1.6,33.9,2.6,31.1,4214.4
120,67,3,617.5,238,53.7,23,41,29.1,197,11,188.4,22828.5
120,68,1,1149,523,212.5,35,354,74,169,96.5,207,40853
120,69,1,706.5,320.2,114.4,19,139,32.2,181.2,26.1,232.2,28992.4
120,70,2,194,74.5,8.8,3,4,5.4,70.5,4.7,69.5,8086
120,71,5,28,11.5,2,0.9,1.3,1.2,10.2,0.4,11,1311.8
120,72,2,6,2.4,0.4,0.2,0.2,0.2,2.2,0.1,2.3,277.4
120,73,2,35,13.7,1.9,1.7,1.8,1.1,11.9,0.3,13.3,1585.5
120,74,3,45.5,20.2,6.6,2.7,2.7,1.6,17.5,0.7,17.5,2145.3
120,75,5,28,14.4,5.8,0.6,3.2,0.5,11.2,1.6,9.2,1385.2
120,76,1,4.5,2.3,0.9,0.1,0.5,0.1,1.8,0.3,1.5,222.1
120,77,2,8,3.7,1.4,0.5,0.3,0,3.4,0.9,3.7,421.3
120,78,5,34,12.9,3.4,1.4,0.2,0.4,12.7,0.7,12.6,1617.5
120,79,3,19,7.7,2.2,0.2,1.5,0.1,6.2,0.1,6.7,928.7
120,80,1,8,3.2,0.9,0,0.9,0,2.3,0,2.7,390.8
120,81,4,50,15.9,2.1,2.7,0.4,1,15.5,0.3,15.7,1940.2
120,82,3,177.5,77.5,24.9,7.5,20.7,5.1,56.8,9.6,56.9,7948.3
120,83,4,124,45.9,9.1,8.1,3.8,2.4,42.1,3.5,38.3,4754.2
120,84,7,59,21.4,4.1,3.8,1.1,0.5,20.3,1.7,19.3,2391.4
120,85,3,17,6.4,1.3,0.9,0.8,0.4,5.6,0.8,5.3,721.9
120,86,6,43,15.4,3.4,2.4,1.5,0.7,13.9,1.7,13.1,1795.6
120,87,5,23,8.2,2.3,1.2,0.9,0,7.3,0.6,6.9,942.6
120,88,2,6,2.1,0.4,0.3,0,0.1,2.1,0.1,1.8,261.9
120,89,4,20,7.3,1.4,1.2,0.2,0.5,7.1,0.4,6.5,908.5
120,90,2,6,2.3,0.4,0.3,0.2,0.1,2.1,0.1,2,279.7
120,91,4,20.5,6.6,0.8,1.3,0.2,0.1,6.4,0,6,836.4
120,92,3,5,1.6,0.2,0.3,0.1,0,1.5,0,1.4,204.4
120,93,2,12,4.7,1.2,0.3,0.8,0.5,3.9,0.3,4,605.6
120,94,3,9,3.4,0.7,0,0,0.3,3.4,0.2,3.4,417.2
120,95,2,7,2.6,0.5,0,0,0.2,2.6,0.2,2.6,313.1
120,97,4,22,9.2,2.4,0.9,0.4,0.3,8.8,1,7.6,1070.5
120,98,5,29,11.9,3,1.1,0.3,0.6,11.6,0.7,11.1,1487.1
120,99,1,2,0.6,0,0.1,0,0,0.6,0,0.6,76
120,100,5,22.5,7.3,0.7,1.2,0,0.4,7.3,0.5,6.5,857.7
120,101,2,9,4.7,2,0,1.6,1.1,3.1,0.4,3.1,512.8
120,102,3,8,3.9,1.6,0,1,0.6,2.9,0.4,2.8,428.9
120,103,2,7,2.8,0.8,0,0,0.3,2.8,0.5,2.5,335.9
120,104,2,5,2,0.6,0,0,0.2,2,0.4,1.8,239.9
120,105,3,9,3.8,1.2,0.1,0,0,3.8,0.6,3.5,423.3
120,106,2,4,1.7,0.5,0,0,0,1.7,0.3,1.5,188.1
120,107,1,4,1.7,0.6,0.1,0,0,1.7,0.2,1.5,188.2
120,108,2,4,1.6,0.2,0,0.2,0,1.4,0.4,1.4,210.8
120,109,1,2,0.8,0.1,0,0.1,0,0.7,0.2,0.7,105.4
120,110,2,10,4.4,0.9,0,0,0.3,4.4,0.3,3.6,480
120,111,3,208.5,95.6,37.7,5.3,17.2,14.3,78.4,14,44.6,8921.5
120,112,4,25,9.9,2.5,1,0.5,0.4,9.4,1.4,6.5,1066.3
120,113,4,11,4.4,1.2,0.5,0,0.1,4.4,0.6,4.2,549.8
120,114,6,25,10.2,2.7,1.1,0.1,0.5,10.1,0.9,9.1,1209.6
120,115,4,13,5,1,0.4,0.2,0.5,4.8,0,4.3,572.4
120,116,4,29.5,10.7,1.7,0.9,0.6,1.4,10.1,0,9.5,1298.3
120,117,4,254,122.1,48.6,3.7,55.8,19,66.3,13,69.6,11180.7
120,118,3,9,3.6,0.5,0,0,0,3.6,0.5,3.3,429.4
120,119,3,8,3.3,0.5,0,0,0,3.3,0.5,3.1,387.9
120,120,4,10,4.6,1.6,0.1,0.1,0.5,4.5,0,4.1,563.1
120,121,4,14,4.9,0.8,0.7,0.3,0.1,4.6,0,4.7,631.9
120,122,4,14,4.5,0.5,0.9,0.2,0,4.3,0,4.4,564.9
120,123,2,17.5,7.8,2.4,0.6,1.1,0.8,6.7,1.1,7.3,757
120,124,4,186,80.9,29.8,9.9,17.7,3.3,63.2,10,55.8,7493.7
120,125,5,39,14.7,2,1.2,1.4,2.6,13.3,0.8,12.5,1637
120,126,1,9,2.8,0.2,0.7,0,0.2,2.8,0.3,2.4,378.2
120,127,3,32,10.8,1.9,2.2,0,0.5,10.8,0.6,10.6,1353.8
52,0,4,20,10.4,4.4,0,0.9,0,9.5,0.9,8.7,962.6
52,1,4,20,8,2.5,0.6,0.3,0.6,7.7,0.6,6.3,989.1
52,2,7,38,15.2,4.7,1.5,0.5,1.5,14.7,1.5,11.9,1879
52,3,6,25,8.9,1.6,0.5,0.5,0,8.4,0.5,7.7,1178
52,4,4,14,5.6,1.3,0.2,0.2,0.2,5.4,0.7,4.7,684.1
52,5,2,8,3.8,1.2,0,0,0.4,3.8,0.8,3,416
52,6,2,14,6.6,2.1,0,0,0.6,6.6,1.4,5.4,727.9
52,7,6,83,38.5,12.5,1,1,2.4,37.5,8.5,30.7,4198.4
52,8,1,4,1.7,0.8,0.2,0.4,0,1.3,0.3,1.2,171.5
52,9,2,2,0.8,0.4,0,0.2,0,0.6,0.2,0.6,85.8
52,10,1,3,1.3,0.6,0.1,0.3,0,1,0.2,0.9,128.6
52,11,3,14,5.9,2.7,0.6,1.5,0,4.4,0.9,4.4,593.6
52,12,2,7,2.9,0.9,0.1,0.1,0.1,2.8,0.5,2.2,254.5
52,13,1,1,0.4,0.1,0,0,0,0.4,0.1,0.3,36.4
52,14,1,4.5,1.8,0.5,0.2,0,0.2,1.8,0.3,1.5,179.2
52,15,4,13,5.2,1.3,0.5,0,0.5,5.2,0.8,4.4,517.9
52,17,1,4,1.6,0.4,0.1,0,0.1,1.6,0.3,1.4,159.3
52,20,1,12,6,1.8,0.3,0,0.6,6,1.2,6,550.2
52,21,2,4,2.4,1,0.2,0,0.2,2.4,0.8,1.8,208.6
52,22,2,4,2.4,1,0.2,0,0.2,2.4,0.8,1.8,208.6
52,23,2,6,3.6,1.6,0.2,0,0.3,3.6,1.1,2.8,312.9
52,25,3,46,22.1,8.9,1.8,0,0.9,22.1,5.4,19.5,2351.4
52,26,2,7,3.3,1.3,0.2,0.1,0.1,3.2,0.9,2.8,359.2
52,27,2,6,2.6,0.4,0,0.4,0.2,2.2,1,1.8,315
52,32,1,6,2.8,0.7,0,0.2,0.2,2.6,0.2,2.1,278.6
52,34,1,4,2.2,0.7,0,0,0.2,2.2,0.4,2,190.7
52,35,2,3,1.6,0.6,0,0,0.1,1.6,0.3,1.5,143.1
52,36,1,4,1.5,0.1,0.1,0,0.1,1.5,0.4,1.4,182.1
52,37,4,9,3.5,0.3,0.3,0,0.3,3.5,0.9,3.2,409.6
52,39,1,6,2.7,0.8,0.2,0.2,0.4,2.5,0.2,2.5,353.9
52,41,1,2,1,0.4,0,0,0.1,1,0.2,0.9,107.8
52,42,1,2,1,0.4,0,0,0.1,1,0.2,0.9,107.8
52,43,1,2,1,0.4,0,0,0.1,1,0.2,0.9,107.8
52,45,2,6,2.5,0.2,0,0.1,0.2,2.4,0,2.1,262.1
52,46,4,13,6,1.3,0,0.1,0.5,5.9,0.4,5.3,643.5
52,47,2,15,8.1,3.1,0,0,0.6,8.1,1.3,7.5,881.9
52,48,4,15,7.5,1.5,0,0.7,0.2,6.8,0.7,6.8,773.5
52,49,4,9,4.2,0.8,0,0.2,0.1,4,0.3,3.8,465.5
52,50,1,12,4.8,0.8,0,0,0,4.8,0.4,4,624.4
52,51,3,18,7.6,1.6,0.4,0,0.4,7.6,1.5,6.9,876
52,53,1,2,1.2,0.6,0,0.1,0,1.1,0.1,1.2,138.5
52,54,6,44,19.9,7.7,1.9,1.8,0.5,18.1,1.8,17.3,2212.9
52,55,3,273,163.6,95.2,2,79.6,10.2,84,30.5,79.3,14432.6
52,56,7,130,61.7,21.7,2,4.9,3.5,56.8,2.2,51.8,6517.3
52,57,1,10,4.7,1.5,0,0.2,0.3,4.5,0,4.4,525.5
52,58,1,4,2.1,0.8,0,0.1,0,2,0.6,1.8,243.6
52,64,2,8,4.2,1.5,0,0.2,0.1,4,0.5,3.6,407.5
52,65,1,3,1.5,0.5,0,0,0.1,1.5,0.1,1.4,134.9
52,66,2,4,2,0.7,0,0,0.1,2,0.1,1.9,179.9
52,67,1,7,3.6,1.2,0,0.2,0.1,3.4,0.1,3.3,314.7
52,71,1,5,2.9,1.3,0,0.2,0.2,2.7,0.4,2.3,278.7
52,75,2,3,1.4,0.5,0,0,0,1.4,0.1,1.3,142.7
52,76,2,3,1.4,0.5,0,0,0,1.4,0.1,1.3,142.7
52,77,5,19,9,2.9,0,0,0,9,0.9,8.5,903.5
52,78,4,13,7.1,2.6,0,0,0.7,7.1,0.7,6.5,655.8
52,79,2,11,5.9,2.2,0,0,0.7,5.9,0.7,5.5,554.8
52,80,1,1,0.5,0.2,0,0,0.1,0.5,0.1,0.5,50.4
52,81,3,8,4.4,2,0.1,0,0.3,4.4,0.8,3.8,392.5
52,82,2,4,2.1,1.2,0.1,0,0.1,2.1,0.7,1.9,190.7
52,83,2,8,4.4,2.4,0.3,0,0.3,4.4,1.2,3.6,381.3
52,87,2,10,4,1,0,0,0.4,4,0.6,3.6,439
52,101,1,4,1.9,0.6,0,0.3,0,1.6,0.8,1.8,212.8
52,103,2,6,2.9,1,0,0.5,0,2.4,1.2,2.6,319.2
52,105,1,3,1.3,0.4,0,0.1,0.1,1.2,0.3,1.1,161.6
52,108,2,47,27.5,13.7,0,10.6,6,16.9,10.1,12.4,2558.4
52,109,4,13.5,7,2.9,0.1,0.3,0,6.7,2.4,4.6,773
52,111,1,9,5.3,2.8,0.2,0.9,0.5,4.4,0.7,4.2,534.5
52,117,2,5,2.3,0.7,0,0.3,0,2,0.5,1.8,333.8
52,120,1,1,0.4,0.2,0.1,0,0,0.4,0,0.4,53.5
52,123,2,6,2.7,0.6,0,0.3,0,2.4,0.4,2.4,282.9
52,124,1,8,3.6,0.9,0,0.3,0,3.3,0.6,3.3,377.2
53,0,2,7,3.1,1.2,0.1,0.1,0,3,0.3,2.8,345.3
53,1,1,3,1.2,0.4,0.1,0,0.1,1.2,0.1,0.9,148.3
53,2,4,21,8.4,2.5,0.8,0.3,0.7,8.1,0.8,6.7,1031.2
53,3,6,26,9.8,2.2,0.7,0.5,0.2,9.3,0.9,8.5,1208
53,4,1,2,0.7,0.1,0,0,0,0.7,0,0.6,94.2
53,6,1,2,0.8,0.2,0.1,0,0.1,0.8,0,0.8,88.6
53,7,2,8,3.8,1.3,0,0,0.3,3.8,0.8,3.1,415.9
53,8,4,23,8.7,2.4,0.9,0.8,0.6,7.9,1,7.6,986.4
53,11,1,16,6.8,3.2,0.7,1.8,0,5,1.1,5,685.9
53,12,1,1,0.4,0.1,0,0,0,0.4,0.1,0.3,36.4
53,14,3,9,3.8,1.4,0.2,0.1,0.2,3.7,0.6,3.3,377.1
53,15,2,5,2,0.5,0.1,0,0.1,2,0.4,1.7,199.1
53,16,4,10,4.1,1,0.3,0,0.1,4.1,0.5,3.9,365.5
53,18,2,8,4,1.2,0.2,0,0.3,4,0.8,4,366.7
53,19,1,6,3.7,2,0.1,0.8,0.5,2.9,1,3.2,284.4
53,20,3,10,5.9,2.9,0.1,0.9,0.6,5,1.5,5.2,469.4
53,21,3,7,3.9,1.5,0.1,0.1,0.6,3.8,1.2,3.4,343.7
53,22,8,31.5,17.7,6.8,0.4,0.5,2.4,17.2,5.4,15.4,1554.9
53,27,3,8.5,3.7,0.8,0,0.7,0.4,3,1.3,2.6,446.3
53,29,4,25,12.2,3.8,0.4,0.6,0.4,11.6,4.6,11.6,1351.2
53,30,3,20,9.8,3.2,0.5,0.4,0.5,9.4,3.5,9.4,1080.8
53,32,2,9,4.2,1,0,0.2,0.3,4,0.3,3.2,418
53,33,3,23,11.4,3.8,0,0.6,0.7,10.8,1,8.9,1161.2
53,35,5,15,7.6,2.2,0.2,0,0.7,7.6,1.4,6.9,706.5
53,36,6,24,9.7,1.3,0.5,0,0.7,9.7,2.5,9,1101.2
53,41,1,4,2,0.9,0,0,0.2,2,0.4,1.9,215.6
53,42,1,5,2.5,1.1,0,0,0.3,2.5,0.6,2.4,269.4
53,45,3,20,8.6,1.1,0,0.7,0.6,7.9,0.1,7.4,881.7
53,46,1,2,1.1,0.4,0,0,0.1,1.1,0.2,1,117.6
53,47,1,2,1.1,0.4,0,0,0.1,1.1,0.2,1,117.6
53,48,5,38.5,19.5,6.6,0.4,1.5,1.7,18,1.9,16.4,2091.1
53,49,4,57,29.8,10.9,0.1,8.1,2.9,21.7,3.4,21.9,2809.5
53,50,2,6,2.4,0.4,0,0,0,2.4,0.3,2.1,302.7
53,51,4,19,8.2,1.8,0.6,0,0.6,8.2,1.8,7.5,909.3
53,53,1,2,1.2,0.6,0,0.1,0,1.1,0.1,1.2,138.5
53,54,1,1,0.6,0.3,0,0.1,0,0.5,0.1,0.6,69.2
53,55,4,62,29.8,12,2.7,8.3,1.7,21.5,7.2,20,2896.3
53,56,4,49,25.1,10.2,0.5,2.8,1.9,22.3,2.3,18.7,2565.6
53,57,1,2,0.9,0.3,0,0,0.1,0.9,0,0.9,105.1
53,59,1,4,2.1,0.8,0,0.1,0,2,0.6,1.8,243.6
53,62,2,10,4.5,1.6,0.5,0.4,0,4.1,0.4,3.6,505.2
53,64,4,12,6.3,2.2,0,0.3,0.2,6,0.8,5.5,603.3
53,66,3,18,9.2,3.1,0,0.3,0.3,8.9,0.3,8.3,809.2
53,69,1,1,0.6,0.3,0,0.1,0,0.5,0.1,0.5,55.7
53,70,2,4,2.3,1.1,0,0.2,0.1,2.1,0.4,1.9,222.9
53,71,2,3,1.5,0.6,0,0.1,0,1.4,0.2,1.4,150.8
53,72,1,6,2.8,0.9,0,0,0,2.8,0.3,2.7,285.3
53,75,2,5,2.4,0.8,0,0,0,2.4,0.2,2.2,237.8
53,79,2,8,4.3,1.6,0,0,0.5,4.3,0.5,4,403.5
53,82,1,1,0.5,0.3,0,0,0,0.5,0.2,0.5,47.7
53,84,1,5,1.9,0.3,0.1,0,0,1.9,0.1,1.4,193.6
53,85,2,6,2.2,0.3,0.2,0,0,2.2,0.2,1.7,232.3
53,86,3,10,4,1,0,0,0.3,4,0.7,3.7,439
53,87,3,10,4,1,0,0,0.4,4,0.6,3.6,439
53,90,1,7,2.9,0.5,0.2,0.2,0.7,2.7,1,2.2,227.4
53,101,3,9,4.1,1.4,0,0.5,0,3.6,1.6,3.9,465.2
53,102,5,18,8,2.7,0.2,0.6,0,7.4,2.6,7.5,889.6
53,106,4,23,10.3,2.8,0,0.8,0.4,9.5,2,8.7,1239.2
53,107,1,2,0.9,0.2,0,0.1,0,0.8,0.2,0.8,107.8
53,112,3,9,4.4,1.7,0.3,0.5,0.2,3.9,0.4,3.4,493
53,113,1,1,0.6,0.3,0,0.1,0.1,0.5,0.1,0.5,59.4
53,115,2,6,2.8,0.8,0,0.4,0,2.4,0.6,2.2,400.6
53,117,1,4,1.8,0.6,0,0.3,0,1.5,0.4,1.4,267.1
53,119,3,10,4.4,2,0.6,0.5,0.1,3.9,0.4,3.9,534.6
53,122,2,8,3.6,1.2,0.4,0.2,0,3.4,0.6,3,432.4
53,123,2,11,4.8,1.2,0,0.3,0,4.5,0.8,4.5,518.6
53,124,2,17,8.7,3.6,0.3,0.1,0.3,8.6,2.3,7.4,914
53,125,1,3,1.6,0.7,0.1,0,0.1,1.6,0.4,1.3,163.9
83,0,3,22,8.7,2.3,1.6,1.7,0,7,0,6.3,836.8
83,1,1,2,1,0.4,0,0,0,1,0.1,0.8,112.2
83,2,5,38,18.7,7,1.9,0,0.8,18.7,2.8,15.5,1926.9
83,3,1,2,1,0.4,0,0,0,1,0.1,0.8,112.2
83,4,1,5,2.6,1.1,0.1,0,0,2.6,0.3,2,280.6
83,5,6,25,11.1,3.1,1.1,0,0.7,11.1,1.6,9.6,1059.9
83,8,4,11,4.4,1.4,0.7,0.7,0,3.7,1,3.4,522.2
83,9,1,8,3.2,1.1,0.4,0.4,0,2.8,0.6,2.5,379.8
83,10,5,43,16.3,4.5,1.7,0.1,0.2,16.2,2.7,16,1656.8
83,12,2,6,2.4,0.5,0.2,0,0.2,2.4,0.1,2.4,289.5
83,14,6,46,18.4,3.7,1.6,0.4,1.2,18,1,17.3,2020.7
83,15,1,5,1.9,0.3,0.3,0,0.2,1.9,0,1.7,205.5
83,16,1,4,1.4,0.1,0.2,0,0.1,1.4,0,1.2,160.6
83,17,4,53,18.5,1.3,3.2,0,1.3,18.5,0,15.9,2127.6
83,18,2,7.5,2.8,0.6,0.4,0,0.2,2.8,0.6,2.8,274.6
83,19,3,29,11.1,2.6,1.5,0.1,0.6,11,2.2,11,1091.9
83,20,1,4,1.8,0.7,0.1,0.2,0,1.6,0.3,1.6,186.5
83,23,3,68,23.1,3.2,2,0.7,1.5,22.4,2,20.4,2620.3
83,24,2,8,2.8,0.3,0.3,0.1,0.4,2.7,0.3,2.4,302.7
83,26,3,50,19.8,7.7,3.1,0.1,1.7,19.7,1.2,14.9,2396.8
83,28,1,2,0.8,0.2,0.1,0.1,0,0.7,0.2,0.7,85.4
83,30,2,12,4.5,0.4,0.7,0,0.4,4.5,0,3.9,521.6
83,31,1,2,0.8,0.1,0.1,0,0.1,0.8,0,0.6,86.9
83,32,1,4,1.7,0.4,0.1,0.1,0.2,1.6,0.1,1.6,195.9
83,33,2,5,2,0.5,0.2,0,0.2,2,0,2,244.8
83,34,2,14,5.4,1,0.4,0.1,0.5,5.3,0.1,5.3,661.3
83,35,4,164.5,57.2,5.6,3.9,0,3.8,57.2,1.5,52.2,7004.2
83,37,1,2,0.9,0.2,0.1,0,0,0.9,0,0.9,109.5
83,38,1,2,0.7,0,0.1,0,0,0.7,0.1,0.6,87.9
83,39,3,27,11.4,2.7,0.9,0.3,0.6,11.1,0.6,10.1,1316.3
83,40,3,18,7.7,1.8,0.5,0.1,0.3,7.6,0.3,6.8,886.3
83,41,2,47,16.6,3,3.3,1,0.1,15.6,0.4,14.7,1889.1
83,42,1,2,1,0.5,0.1,0,0,1,0.1,0.8,119.3
83,44,1,44,20.7,6.1,1.1,5,1,15.7,2,16.7,1835.6
83,45,1,2,0.9,0.2,0,0.1,0,0.8,0,0.8,89.7
83,46,5,102.5,38.6,8.6,3.6,0.1,4.2,38.5,2.9,36.4,4730.8
83,47,1,5,1.9,0.2,0,0,0.9,1.9,0,1.7,229
83,52,1,7.5,3.1,0.6,0.3,0,0.6,3.1,0.8,2.4,314.5
83,53,6,86,36.7,12.6,3.4,1.4,4.6,35.3,5.3,30.5,3519.2
83,54,1,64.5,21.2,2.3,1.1,0.3,1.3,20.9,0.4,19.5,2528.1
83,55,3,76.5,24.4,4,4.3,0.1,2.4,24.3,2.4,22.4,2766.2
83,56,1,2,0.8,0.2,0.1,0,0.1,0.8,0.2,0.7,92.3
83,58,4,51,19.4,4.1,2.2,0.2,0.4,19.2,1,18.2,2220.7
83,63,1,36,12.7,3,2.3,0,0,12.7,1,11.7,1166
83,65,1,4,2.2,1.3,0,0.1,0.3,2.1,0.4,1.9,221.4
83,66,1,10,3.9,0.8,0.1,0.1,0.4,3.8,0.5,3.8,432.8
83,68,1,7,2.8,0.3,0.3,0,0.4,2.8,0,2.7,338.4
83,69,4,20,7.3,1.6,0.7,0,0.5,7.3,0.4,6.9,918.3
83,71,2,144,47.8,7.2,7.7,0,2.7,47.8,1.2,44,5514.2
83,72,1,696,315.9,103.1,14.6,53,44.7,262.9,30.2,185.3,28250.5
83,73,3,606.5,291.6,121.1,12.7,132.4,56.2,159.2,49.1,118,23132.6
83,74,6,51,18.6,4.2,1.5,3.1,0.9,15.5,2.6,13.5,2120.8
83,75,3,19,7.3,1.1,0.5,0.9,0.4,6.4,0.8,6.8,890
83,77,1,4,1.5,0.1,0.1,0,0.1,1.5,0.1,1.3,146
83,78,5,35.5,14.8,3.9,0.4,0.9,0.5,13.9,0.4,14,1464.8
83,79,2,10,3.8,0.5,0.1,0,0.1,3.8,0,3.6,400.9
83,80,3,10,4.2,0.8,0.2,0.1,0,4.1,0.1,4,422.4
83,81,3,28,11.6,2,0.6,0.2,0.5,11.4,0.2,10.8,1219.2
83,82,1,5,2,0.3,0.1,0,0.3,2,0.1,1.8,231.2
83,83,5,43.5,17.1,4.1,1.1,3.4,0.4,13.7,1,11,1904.8
83,84,4,35,13.7,3.5,0.8,2.8,0.3,10.9,0.8,8.7,1528.4
83,86,2,7,2.9,0.8,0.1,0.5,0.1,2.4,0.4,2.2,310.9
83,88,1,2,0.7,0.1,0.1,0,0.1,0.7,0,0.5,74.1
83,89,4,133,47.6,5.9,5.6,2.5,4.9,45.1,3.4,40.9,5487.6
83,90,1,8,3.5,0.8,0.3,0,0.2,3.5,0,3.2,402.8
83,95,4,132.5,45.8,6.7,5.9,0,7.3,45.8,4.7,26.8,5008.8
83,96,0,41,13,1,1,0,0,13,1,13,1724
83,99,1,2,0.9,0.3,0,0,0.1,0.9,0.1,0.6,114.8
83,100,1,1,0.5,0.1,0,0,0,0.5,0,0.3,57.4
83,101,1,3,1.4,0.4,0,0,0.1,1.4,0.1,0.9,172.2
83,107,1,1,0.4,0.1,0,0,0.1,0.4,0,0.3,63.7
83,108,1,4,1.6,0.4,0.1,0.1,0.2,1.5,0,1.3,254.8
83,112,1,1,0.5,0.1,0,0,0,0.5,0,0.4,64.5
83,113,3,7,3.2,1,0.3,0.1,0.3,3.1,0.1,2.7,451.5
83,114,5,13,5.8,1.7,0.5,0.1,0.4,5.7,0.3,5,777.3
83,117,2,7,2.3,0.5,0.2,0,0,2.3,0.2,1.9,277.2
83,118,1,7,2.9,0.6,0.1,0,0.2,2.9,0.5,2.1,367.7
83,120,1,3,1.2,0.2,0,0,0.1,1.2,0.2,0.9,157.6
83,122,4,16,5.9,0.8,0.3,0,0.8,5.9,1.6,5.9,740.8
83,123,3,12.5,4.7,0.7,0.4,0,0.5,4.7,0.9,4.4,573.4
83,124,2,7,2.7,0.4,0.3,0,0.1,2.7,0.3,2.2,316.7
51,0,8,55,22.6,6.5,2.5,1.3,1.9,21.3,1.9,17.5,2651.6
51,1,3,132,71.7,33.3,1.4,19.1,9.3,52.6,8.3,47,6916.9
51,2,1,3,1.3,0.3,0.1,0.1,0.1,1.2,0.1,1.2,163.5
51,6,2,11,4.4,0.7,0,0,0,4.4,0.2,4.2,493.4
51,7,4,13,5.2,0.9,0,0,0,5.2,0.2,5,583.1
51,9,1,3,1.5,0.5,0,0.1,0,1.4,0.1,1.2,152.8
51,10,2,7,2.4,0.4,0.4,0.3,0.1,2.1,0.1,2,270.8
51,11,4,20,8.7,2.7,0.5,0.8,0.7,7.9,0.8,6.6,931.7
51,13,3,10,5,1.7,0,0.3,0.3,4.7,0.6,3.6,518.6
51,14,1,3,1.5,0.5,0,0.1,0.1,1.4,0.2,1.1,155.6
51,16,2,4,2,0.8,0,0,0,2,0.4,2,197.6
51,17,5,22,11.2,4.8,0,0,0,11.2,2.2,11.2,1087.1
51,19,3,5,3,1.3,0,0.3,0,2.7,1,2.3,353.8
51,21,4,19,10.9,4.5,0,0,0,10.9,1.4,9.5,1030.5
51,24,1,1,0.6,0.2,0,0,0,0.6,0.1,0.5,54.2
51,28,3,13,6.8,2.3,0,0.2,0,6.6,0.5,6.8,801.3
51,30,1,2,1.1,0.4,0,0.1,0,1,0.1,1.1,123.3
51,32,2,8,3,0.6,0.2,0,0.2,3,0.6,2.7,376.8
51,34,5,9,3.8,1.1,0.2,0,0,3.8,0.2,3.6,436.1
51,35,1,1,0.4,0.1,0,0,0,0.4,0,0.4,48.8
51,36,1,1,0.4,0.1,0,0,0,0.4,0,0.4,48.8
51,37,1,3,1.3,0.4,0.1,0,0,1.3,0,1.3,146.5
51,44,3,9,4.2,1.5,0.3,0,0.3,4.2,0.6,3.6,474.3
51,47,2,6,2.9,0.7,0,0,0,2.9,0,2.4,345.6
51,48,2,12,4.8,0.9,0.3,0,0.4,4.8,0.3,3.5,531.5
51,49,1,2,0.8,0.2,0,0,0.1,0.8,0,0.6,88.6
51,50,1,5,2,0.4,0.1,0,0.2,2,0.1,1.4,221.4
51,52,1,1,0.5,0.1,0.1,0,0.1,0.5,0.1,0.4,54.2
51,53,2,8,3.9,0.8,0,0,0.5,3.9,0.3,3.6,453.5
51,54,2,20,9.7,1.9,0,0,1.3,9.7,0.6,9.1,1133.6
51,55,2,8,3.9,1.1,0,0.3,0.5,3.6,0.5,3.6,365.2
51,56,4,46,22.6,6.3,0.2,0.8,2.6,21.8,2.9,21.6,2422.8
51,57,1,2,1,0.5,0,0.1,0,0.9,0.1,0.9,113
51,59,2,8,3.3,1,0.5,0.1,0.2,3.2,0.6,3,352.3
51,60,3,9,4.2,1.8,0.2,0.4,0.6,3.8,1,3.4,444
51,61,5,23,10.6,4.2,0.3,0.4,1.6,10.2,2.7,8.7,1107.2
51,64,4,10,5.8,2.6,0,1.2,0.4,4.6,1.6,4.2,530.8
51,66,1,1,0.5,0.2,0,0,0,0.5,0,0.5,55.9
51,70,2,18,7.6,1.6,0.5,0,0.5,7.6,0,6.5,790.4
51,74,1,2,0.9,0.2,0,0,0.1,0.9,0.2,0.8,93.4
51,75,6,26,12.8,4.1,0,0.9,0,11.9,0,11.9,1589.6
51,76,5,49,23.5,11.7,1.5,2.6,0,20.9,6.8,16.9,2327.8
51,77,4,23,10.7,5.1,1.1,0.5,0,10.2,3.4,8.5,1058.5
51,78,3,4,2.4,1.2,0,0,0,2.4,0.3,2.4,202.1
51,79,3,12,6.8,3.4,0.1,0.2,0,6.6,0.7,6.5,603.3
51,80,4,39,24.2,16.9,1.5,14.7,1.2,9.5,5.5,8.5,1604.2
51,81,6,201.5,110.1,49.1,1.7,19.8,9.8,90.3,13.1,75.4,9906.3
51,82,8,43,21.5,8.6,0,0.6,0.6,20.9,2.6,18.6,2088.9
51,83,2,6,2.7,0.5,0,0.2,0.2,2.5,0.2,2.1,261.6
51,84,3,6,2.7,0.6,0,0.3,0.3,2.4,0.3,2.2,257.2
51,85,1,1,0.5,0.2,0,0.1,0.1,0.4,0.1,0.4,39.2
51,86,1,9,4.2,1.7,0.3,0.4,0.7,3.8,1,3.8,352.4
51,88,1,2,0.8,0.1,0.1,0.1,0.2,0.7,0.3,0.6,65
51,99,1,1,0.5,0.2,0,0,0,0.5,0.2,0.4,59.7
51,103,1,2,1,0.3,0,0,0.1,1,0.4,0.9,119.4
51,104,2,17,7.4,2.1,0.5,0,0.5,7.4,2.4,6.3,837.8
51,106,2,3,1.6,0.6,0.1,0,0.2,1.6,0.4,1.4,169.9
51,107,2,15,7.9,3.1,0.5,0,1,7.9,2.1,6.9,849.5
51,108,7,79,36.5,15.8,2.5,1.6,0.9,34.9,5.8,26.7,3535
51,109,3,13,6.1,2.6,0.4,0.3,0.1,5.8,1,4.3,581.6
51,111,2,23,8.7,1.6,1.6,1.6,0,7.1,1.6,7.9,1011.3
51,116,4,25,9.3,2.3,0.8,0.5,0.6,8.8,2.8,8.5,907.9
51,117,2,17,5.8,1.5,0.5,0.5,0.5,5.3,1.9,5.3,565.4
51,118,1,9,3.6,1.1,0.4,0.4,0,3.2,0.4,2.9,404.8
51,119,2,7,2.8,0.9,0.3,0.3,0,2.5,0.3,2.2,314.9
51,122,2,14,7,1.4,0,0,1.1,7,1.4,6.7,701.4
51,126,4,11,5.6,2.5,0.1,0,0.1,5.6,1.5,4.8,601
55,0,4,21,8.8,2.7,0.6,0.4,0.9,8.4,0.9,7.8,918.8
55,1,1,1,0.4,0.1,0,0,0,0.4,0.1,0.4,50.2
55,2,1,5,2,0.5,0.2,0.1,0.1,1.9,0.3,1.7,229.5
55,3,6,17,6.8,1.7,0.8,0.2,0.1,6.6,0.8,6.2,782.6
55,4,1,1,0.5,0.1,0,0,0,0.5,0,0.4,58.3
55,6,6,64.5,31.9,9.7,0.2,2.4,3.7,29.5,7.6,21.7,3290.8
55,7,3,333.5,179.7,94.3,6,71,19,108.7,35.3,71.5,14884.8
55,8,4,53,24.2,5.9,0.6,1.3,3.3,22.9,2.5,21,2356.2
55,9,3,9,4.1,1,0.1,0.2,0.5,3.9,0.3,3.5,398.6
55,10,2,7,3.1,1.1,0.4,0.2,0.4,2.9,0.8,2.9,329.2
55,11,1,1,0.4,0.2,0.1,0,0.1,0.4,0.1,0.4,47
55,12,3,11,4.9,1.4,0.3,0.2,0.2,4.7,0.7,3.6,456.3
55,13,6,90.5,40.6,13.3,2.5,0.6,3.1,40,6.3,36.3,4417.9
55,14,4,25,11.3,3.8,1,0.3,1,11,1.8,10.7,1225.9
55,17,1,1,0.4,0.1,0,0,0,0.4,0,0.4,35.1
55,18,3,17,8.5,2.6,0.3,0,0.7,8.5,1.5,8.4,772.9
55,19,1,3,1.5,0.6,0.1,0,0.2,1.5,0.1,1.3,115.9
55,20,5,115.5,62.7,30.4,0.8,16,8.2,46.7,11,45,4861.5
55,21,2,3,1.5,0.7,0.1,0,0.2,1.5,0.2,1.4,130.5
55,22,1,6,3.2,1,0,0.2,0.5,3,1,3,281.1
55,23,1,2,1.2,0.5,0.1,0,0.1,1.2,0.4,0.9,104.3
55,27,1,4,1.7,0.3,0,0.3,0.2,1.4,0.6,1.3,210
55,28,2,8,3.7,0.5,0,0.3,0,3.4,0.8,3.2,415.5
55,30,1,11,4.7,1.7,0.7,0,0.3,4.7,0.7,4.3,494.7
55,33,3,25,12.4,5.6,0.8,0.4,0.8,12,2.5,11.6,1317.3
55,40,1,4,1.8,0.5,0.1,0.2,0.3,1.6,0.2,1.7,235.9
55,45,1,3,1.4,0.5,0,0.1,0,1.3,0.1,1.3,139.2
55,47,5,37,15.7,2.7,0.2,0,1.2,15.7,1.9,15.3,2013.4
55,48,2,4,1.6,0.4,0.2,0,0,1.6,0,1.6,165.2
55,49,2,3,1.2,0.3,0.1,0,0,1.2,0,1.2,123.9
55,50,5,36.5,15.2,3,1,0.9,0.7,14.3,1.3,13.7,1525.8
55,55,2,7,2.8,1,0.3,0.1,0.3,2.7,0.3,2.5,303.4
55,59,3,15,8.1,3.8,0.3,0.1,0.6,8,2.2,6.7,851.2
55,60,2,11,6.7,3.2,0,0,0.7,6.7,2,5.5,707.9
55,62,1,3,1.3,0.5,0.1,0,0,1.3,0.4,1.2,131.2
55,63,1,1,0.4,0.2,0,0,0,0.4,0.1,0.4,43.7
55,68,2,2,1.1,0.5,0,0.1,0.1,1,0.2,0.9,115.6
55,69,3,5,2.7,1,0.1,0.1,0.4,2.6,0.4,2.2,291.1
55,70,1,1,0.5,0.2,0,0,0.1,0.5,0.1,0.4,59.9
55,81,3,14,6.4,2.5,0.7,0.4,0.3,6,0.9,5.2,559.3
55,82,1,4,1.7,0.6,0.2,0.1,0.1,1.6,0.1,1.4,151.4
55,85,3,11,4.8,1.7,0.2,0.4,0.4,4.4,0.8,3.9,478.7
55,87,1,4,1.5,0.2,0.1,0,0,1.5,0.1,1.1,154.9
55,95,2,4,2,0.6,0,0,0.4,2,0.6,2,200.2
55,96,2,12,5.8,1.9,0.3,0.5,0.9,5.3,1.3,5,573.7
55,97,2,6,2.7,1.1,0.3,0.5,0.3,2.2,0.5,2.1,273.4
55,98,2,6,2.7,0.9,0.2,0,0,2.7,0.4,2.2,329.2
55,99,1,1,0.5,0.2,0.1,0,0,0.5,0.1,0.5,57.9
55,100,2,6,2.5,0.7,0.1,0,0,2.5,0.3,1.9,319.9
55,101,3,7,3.4,1.9,0.3,0.4,0,3,0.9,2.9,408.7
55,102,1,3,1.3,0.4,0.1,0,0,1.3,0.3,1.2,139.2
55,104,1,1,0.5,0.3,0.1,0.1,0,0.4,0.1,0.4,63.2
55,106,1,2,1,0.5,0.1,0.3,0,0.7,0.1,0.6,92
55,108,7,26,12.1,4.2,0.3,0.5,0.5,11.6,2.3,9.9,1438.5
55,109,2,18,8.2,3,0.4,0.2,0.2,8,1.8,6.4,993.2
55,111,1,5,2,0.5,0.1,0.1,0,1.9,0,1.6,255.4
55,112,2,14,5.6,1.5,0.4,0.4,0,5.2,0.1,4.6,713.6
55,113,4,139,83,44.3,1.3,19.2,3.3,63.8,17.5,62.2,8358.3
55,114,1,7,3,0.7,0.2,0.2,0,2.8,0.2,2.8,352.5
55,116,2,5,2.5,0.9,0.1,0.1,0.1,2.4,0.5,2.5,271.8
55,117,2,3,1.5,0.5,0.1,0.1,0.1,1.4,0.3,1.5,163.1
55,119,2,2,1.1,0.7,0.1,0,0,1.1,0.2,1.1,121.6
55,120,1,11,4.9,2.2,0.6,0.6,0.2,4.3,0.4,4.3,588.1
55,121,3,24,11.8,5.8,1,1,0.3,10.8,1.9,10.5,1344.3
55,126,3,13,6.3,2.2,0,1.2,0.6,5.1,0.8,4.5,631.6
55,127,1,2,1,0.3,0,0.2,0.1,0.8,0.1,0.7,97.2
50,1,5,42,18.5,4.5,0.5,1,2,17.5,1.5,15.3,2200.9
50,2,5,33.5,14.8,3.7,0.5,1,1.4,13.8,1.2,13,1802.7
50,4,2,8,3.3,0.8,0.2,0,0.1,3.3,0,3.1,365.2
50,5,2,8,3.2,0.5,0,0,0,3.2,0.1,3.1,358.8
50,6,1,1,0.4,0.1,0,0,0,0.4,0,0.4,52.3
50,7,1,4,1.7,0.5,0.1,0.2,0.1,1.5,0.1,1.5,209.1
50,8,1,3,1.5,0.5,0,0.1,0,1.4,0.1,1.2,152.8
50,9,4,12,5.9,1.8,0,0.4,0,5.5,0.5,4.9,610.9
50,10,3,14,5.1,1,0.7,0.9,0.5,4.2,0.3,3.8,557.3
50,11,2,26,8.9,1.5,1.5,1.1,0.5,7.8,0.5,7.4,1005.7
50,13,2,18,9,3.2,0,0.7,0.7,8.3,1,6.4,933.4
50,14,2,6,3,1,0,0.2,0.2,2.8,0.4,2.2,311.2
50,15,1,7,3.6,1.5,0,0,0,3.6,0.7,3.6,345.9
50,16,1,2,1,0.4,0,0,0,1,0.2,1,98.8
50,18,4,12,7.2,3.3,0,0.8,0,6.4,2.1,5.6,849.3
50,19,1,22.5,14,8.4,1,1.3,1,12.7,2.9,12.3,1368.9
50,23,1,1,0.6,0.2,0,0,0,0.6,0.1,0.5,54.2
50,24,6,68,36.9,14.3,0.9,2.5,3.5,34.4,5.6,32,3408.9
50,25,1,4,1.6,0.4,0.1,0,0.4,1.6,0,1.6,184.5
50,26,6,65,30.1,12.3,1.7,2.7,4.2,27.4,5.4,23.7,3070.1
50,27,2,4,2,1.1,0.1,0.3,0.1,1.7,0.5,1.3,192.1
50,29,2,3,1.6,0.6,0,0.1,0,1.5,0.1,1.6,184.9
50,30,4,9,4.8,1.7,0,0.3,0,4.5,0.4,4.8,554.8
50,31,1,12,4.6,0.8,0.3,0,0.3,4.6,0.8,4.1,565.2
50,32,2,13,4.9,0.9,0.4,0,0.4,4.9,0.9,4.4,612.3
50,33,4,23,8.8,1.7,0.6,0,0.6,8.8,1.7,7.8,1083.3
50,34,1,1,0.4,0.1,0,0,0,0.4,0,0.4,48.8
50,37,1,2,0.9,0.3,0.1,0,0,0.9,0,0.9,97.7
50,39,3,10,5,2.2,0,0,0.6,5,1.1,4.8,538.9
50,40,3,4,2,0.8,0,0,0.3,2,0.4,1.9,215.6
50,41,3,19,8.6,3,0.9,0,0.3,8.6,1.8,8.5,1008.2
50,42,1,2,0.9,0.3,0.1,0,0,0.9,0.2,0.9,105.5
50,43,4,21,9.8,3.5,0.7,0,0.7,9.8,1.4,8.4,1106.7
50,45,3,17,7.2,2.2,0.4,0,0.6,7.2,1.6,6.6,876.8
50,47,4,41,19.7,5.9,0,3,1,16.7,1,15.4,2323.6
50,49,6,46,19.2,5.8,1.4,0.7,1.5,18.5,3.3,13.6,2011.6
50,50,2,12,4.8,1,0.2,0,0.5,4.8,0.2,3.5,531.5
50,51,4,12,4.8,1.2,0.5,0,0.5,4.8,0.6,3.8,535.1
50,53,2,12,5.7,1.4,0.6,0,0.8,5.7,0.9,4.8,657.4
50,54,1,2,0.9,0.2,0.1,0,0.1,0.9,0.2,0.8,108.3
50,55,1,1,0.5,0.1,0,0,0.1,0.5,0.1,0.4,45.7
50,56,2,10,5.2,2.2,0.2,0.4,0.2,4.8,0.4,4.6,565.2
50,57,5,38,19.9,8.7,0.6,1.8,0.6,18.1,1.7,17.5,2147.9
50,58,1,8,3,0.6,0.6,0,0,3,0.5,3,326.9
50,60,1,4,1.8,0.8,0.1,0.1,0.2,1.7,0.5,1.5,197.4
50,61,1,6,2.7,1.2,0.2,0.1,0.3,2.6,0.7,2.2,296.1
50,63,1,4,1.8,0.6,0,0,0.3,1.8,0.5,1.5,186.3
50,64,4,16,9.3,4.2,0,2,0.7,7.3,2.5,6.7,849.3
50,65,2,5,2.4,0.8,0.2,0,0,2.4,0.8,2.4,225.3
50,66,4,27,13.1,4.7,0.7,0,0.4,13.1,3.3,13.1,1303.3
50,67,4,16,8,2.9,0.1,0,0.5,8,0.5,8,861.5
50,68,5,66.5,31.5,12.4,0.8,6,1,25.5,8.8,21.6,2960.9
50,69,2,4,1.7,0.5,0.1,0,0.1,1.7,0.3,1.5,184.8
50,70,2,4,1.7,0.4,0.1,0,0.1,1.7,0.2,1.5,180.2
50,71,2,16,6.8,1.5,0.4,0,0.6,6.8,0.3,5.9,710.9
50,72,3,12,5.1,1.1,0,0,0.9,5.1,1.3,4.7,560.3
50,73,3,14,6,1.3,0,0,1,6,1.5,5.5,653.6
50,74,1,2,0.9,0.2,0,0,0.1,0.9,0.2,0.8,93.4
50,76,2,25,10.9,2.3,0.5,0,0.9,10.9,1.4,10,1059.5
50,77,3,8,3.6,1.4,0.3,0.1,0.1,3.5,0.9,3,357.2
50,78,4,20,9.3,3.3,0.5,0,0.5,9.3,1.4,8,841.6
50,79,3,17,8.1,3.2,0.3,0,0.3,8.1,1.2,7.1,735.2
50,80,6,16,8.5,3.8,0.4,1.1,0.1,7.4,0.6,6.7,789
50,81,7,36,18.8,7.6,0.4,1.8,0.5,17,1.2,15,1815.6
50,82,4,12,6.4,2.2,0,0.1,0.3,6.3,0.4,5.6,649.2
50,83,4,12,5.3,1.1,0,0.4,0.4,4.9,0.4,4.3,523.3
50,84,2,5,2.2,0.6,0.1,0.2,0.3,2,0.3,1.9,209.1
50,85,1,4,1.8,0.8,0.2,0.1,0.3,1.7,0.5,1.7,156.6
50,88,1,2,0.8,0.1,0.1,0.1,0.2,0.7,0.3,0.6,65
50,90,1,3,1.2,0.2,0.1,0.1,0.3,1.1,0.4,0.9,97.4
50,91,1,7,2.9,0.5,0.2,0.2,0.7,2.7,1,2.2,227.4
50,103,1,2,1,0.3,0,0,0.1,1,0.4,0.9,119.4
50,104,3,11,4.9,1.3,0.3,0,0.4,4.9,1.6,4.2,558.3
50,105,3,16,5.8,1.3,0.9,0,0.4,5.8,1.3,4.9,640
50,106,3,8,3.3,0.8,0.5,0,0.3,3.3,0.7,2.7,353.3
50,107,1,4,1.8,0.5,0,0,0.3,1.8,0.5,1.3,177.6
50,108,3,18,8.8,3.3,0.3,0.1,0.6,8.7,1.7,7.5,966
50,109,1,3,1.5,0.5,0,0,0.1,1.5,0.3,1.3,166.4
50,115,1,1,0.4,0.1,0,0,0,0.4,0.1,0.4,44.2
50,116,1,7,3,0.8,0.3,0,0.1,3,0.7,2.7,309.2
50,117,1,2,0.9,0.2,0.1,0,0,0.9,0.2,0.8,88.4
50,118,2,16,6.4,2,0.7,0.7,0,5.7,0.7,5.1,719.7
50,119,3,12,4.9,1.4,0.5,0.6,0.2,4.3,0.5,3.8,556.9
50,121,1,2,1,0.2,0,0,0.2,1,0.2,1,100.2
50,122,1,3,1.5,0.3,0,0,0.2,1.5,0.3,1.4,150.3
50,123,3,9,4.5,0.9,0,0,0.8,4.5,0.9,4.4,450.9
54,0,1,1,0.4,0.1,0,0,0,0.4,0.1,0.4,50.2
54,2,3,11,4.4,1.1,0.4,0.2,0.2,4.2,0.6,3.8,504.9
54,3,2,6,2.4,0.6,0.2,0.1,0.1,2.3,0.3,2.1,275.4
54,4,2,9,3.6,1,0.3,0.1,0.1,3.5,0.5,3.1,413
54,6,4,20,8.1,2.2,0.8,0.2,0.5,7.9,0.5,8,901.8
54,7,4,260.5,113.4,40.2,8,16.7,13.2,96.7,10.7,79.4,11737.5
54,8,3,90,38.8,13.9,5.4,4,4.4,34.8,8.4,27.3,3886.7
54,12,3,23,9.7,3,0.5,0.5,0.5,9.2,1.6,7.1,836.1
54,13,4,14,6.2,2.2,0.6,0.1,0.6,6.1,1.2,6.1,683.8
54,14,1,3,1.3,0.5,0.1,0,0.1,1.3,0.2,1.3,146.5
54,16,1,7,2.9,0.7,0.2,0,0,2.9,0.3,2.9,246
54,17,2,26,10.8,2.6,0.6,0,0,10.8,1.3,10.8,913.8
54,18,1,2,1,0.3,0,0,0.1,1,0.2,1,91.7
54,19,2,5,3.1,1.7,0.1,0.6,0.4,2.5,0.8,2.7,237
54,20,5,27,16.7,9.2,0.5,3.5,2.2,13.2,4.5,14.3,1279.8
54,22,3,9,4.8,1.5,0,0.3,0.8,4.5,1.5,4.5,421.6
54,27,1,6,2.6,0.5,0,0.5,0.2,2.1,0.9,1.9,315.1
54,33,3,84,43.6,20.4,0,7,3.5,36.6,9.4,27.7,4397.6
54,34,3,10,6.2,3.8,0,0,0.3,6.2,1,5.6,696.9
54,40,6,59,26.8,7.8,1.5,2.5,4,24.3,2.4,24.5,3480.1
54,41,1,6,2.7,0.8,0.2,0.2,0.4,2.5,0.2,2.5,353.9
54,43,1,4,2.1,0.5,0.1,0,0.1,2.1,0.3,2.1,236
54,44,2,27,13.9,3.5,0.9,0,0.9,13.9,1.7,13.9,1593
54,45,2,7,3.3,1.1,0,0.2,0,3.1,0.3,3.1,324.8
54,46,2,12,5.7,1.9,0,0.4,0,5.3,0.5,5.3,556.8
54,48,3,23,11.8,4.3,0.3,0.8,1.1,11,1.1,9.7,1260.9
54,49,3,220,123.3,54.7,2.5,26.5,7.4,96.8,17.7,87.3,11343.7
54,50,6,34,14.4,2.4,0.4,2,1.5,12.4,2,13,1443.4
54,52,5,16,9.4,4.7,0,1,0,8.4,1,9.4,1107.8
54,55,2,13,6.3,1.8,0,0,0.5,6.3,0.8,5.2,626.8
54,56,3,33,15.8,4.6,0,0,1.3,15.8,2,13.2,1591.3
54,59,2,7,3.7,1.4,0,0.2,0,3.5,1,3.1,426.3
54,62,3,20,8.1,3,1.4,0.8,0,7.3,0,6.7,921.4
54,63,1,1,0.5,0.2,0,0,0,0.5,0.1,0.4,60.9
54,64,2,6,3.2,1.2,0,0.2,0,3,0.9,2.7,365.4
54,67,1,2,1,0.3,0,0,0,1,0,0.9,89.9
54,69,5,30,17.4,8,0,1.4,1.3,16,2.7,14,1672
54,71,1,1,0.6,0.3,0,0.1,0,0.5,0.1,0.5,55.7
54,72,1,4,1.9,0.6,0,0,0,1.9,0.2,1.8,190.2
54,74,1,3,1.4,0.5,0,0,0,1.4,0.1,1.3,142.7
54,78,3,10,5.4,2,0,0,0.6,5.4,0.6,5,504.4
54,79,1,3,1.6,0.6,0,0,0.2,1.6,0.2,1.5,151.3
54,82,1,2,1.1,0.6,0.1,0,0.1,1.1,0.3,0.9,95.3
54,83,4,11,5.9,3.3,0.3,0,0.3,5.9,1.8,5.1,524.4
54,85,1,9,3.3,0.5,0.3,0,0,3.3,0.3,2.6,348.4
54,86,2,5,1.8,0.3,0.2,0,0,1.8,0.2,1.5,193.5
54,94,1,1,0.5,0.2,0,0.1,0,0.4,0.2,0.3,41.5
54,95,1,2,0.9,0.3,0.1,0.1,0,0.8,0.4,0.6,83
54,96,1,3,1.4,0.5,0.1,0.1,0,1.3,0.6,0.9,124.5
54,97,1,2,0.9,0.3,0.1,0.1,0,0.8,0.4,0.6,83
54,98,3,26,13,4.8,1.6,0,0,13,2.5,12.1,1506.4
54,100,1,3,1.5,0.6,0.2,0,0,1.5,0.3,1.4,173.8
54,102,3,26,10.9,3.6,0.5,0,0,10.9,2.5,10.3,1206.3
54,104,1,2,0.9,0.2,0,0.1,0,0.8,0.2,0.8,107.8
54,105,3,24,10.7,3,0,0.8,0.5,9.9,2.1,9,1293
54,106,1,4,1.8,0.5,0,0.1,0.1,1.7,0.3,1.5,215.5
54,108,2,3,1.3,0.6,0.1,0,0,1.3,0.3,0.9,164.9
54,109,1,2,0.9,0.4,0.1,0,0,0.9,0.2,0.6,109.9
54,111,1,1,0.4,0.1,0,0,0,0.4,0,0.3,51.1
54,112,3,15,6,1.5,0.5,0.5,0,5.5,0,4.7,766.2
54,116,3,10.5,4.7,1.5,0,0.7,0,4,1.1,3.7,701
54,117,1,3,1.4,0.4,0,0.2,0,1.2,0.3,1.1,200.3
54,120,1,16,7.1,3.3,0.9,0.9,0.3,6.2,0.6,6.2,855.4
54,121,1,6,2.8,0.9,0.2,0.2,0,2.6,0.5,2.3,324.2
54,124,3,7,3.3,1.2,0.2,0.3,0,3,0.5,2.8,378.2
54,126,1,3,1.6,0.7,0.1,0,0.1,1.6,0.4,1.3,163.9
98,0,2,13,4.9,0.8,0.3,0.2,0.3,4.7,0.3,4.1,557.7
98,1,6,50,19.2,5.4,1.7,0.9,1.1,18.3,2.4,15.6,2098.4
98,3,1,5,1.6,0.4,0.4,0,0,1.6,0,1.2,186.5
98,4,3,30,9.8,2.3,2.3,0,0,9.8,0,7.2,1118.9
98,6,1,2,0.8,0.4,0.2,0,0,0.8,0,0.7,110.3
98,7,2,8,3.3,1.5,0.8,0.1,0,3.2,0.1,2.9,441.3
98,8,4,25,10.4,2.6,1,0,0,10.4,1,8.9,1223
98,9,2,4,1.6,0.3,0.2,0,0,1.6,0.3,1.4,186.4
98,10,1,4,1.8,0.5,0.1,0.2,0.1,1.6,0.1,1.5,169
98,11,3,6,2.9,1.1,0.1,0.4,0.1,2.5,0.4,2.5,312.1
98,12,4,143.5,64.2,24.6,5.9,4.2,3.6,60,10.1,60,6751
98,13,2,214,121.2,63.9,3.9,44.5,11.5,76.7,16.5,79.1,11092.8
98,14,4,320.5,185.8,99.3,4.2,92.1,19.3,93.7,27.6,102.3,16456.5
98,15,5,47,17.9,4.4,1.8,0.5,0.5,17.4,1,17.4,2239
98,16,1,2,0.8,0.2,0.1,0,0,0.8,0,0.7,95.3
98,17,1,6,2.8,1.1,0,0,0.2,2.8,0.4,2.5,364.9
98,18,1,12,5.9,2.9,0.3,0.3,0.3,5.6,0.3,5,548.2
98,20,3,13,5.5,1.7,0.5,0.9,0.7,4.6,0.9,4.6,631.1
98,22,1,4,1.4,0.3,0.2,0,0.1,1.4,0.2,1.2,180
98,23,4,26,10,1.7,0.6,0,0.6,10,1.1,10,1224.7
98,26,3,9.5,3.6,0.7,0.3,0.3,0.6,3.3,0.5,3.2,387.2
98,27,6,93,35,8.9,4.6,5.8,3.8,29.2,3.1,30,3632
98,29,3,21,6.7,1,1.5,0.4,0.3,6.3,0.6,6.3,824.2
98,30,2,12,4.3,0.9,0.8,0.2,0.3,4.1,0.7,4.1,531.8
98,31,5,24,8.1,1.1,1.4,0.2,0.6,7.9,0.3,7.9,973.2
98,32,2,10,3.4,0.4,0.6,0,0.2,3.4,0,3.4,410
98,33,1,2,0.7,0.1,0.1,0,0.2,0.7,0.2,0.7,114.2
98,34,1,2,1,0.5,0.1,0,0,1,0.2,0.8,121.5
98,35,3,17,7.8,2.9,0.4,0,0,7.8,1.2,6.8,946.8
98,36,3,13,5.7,1.7,0.2,0,0.2,5.7,0.5,5,708.4
98,37,4,14,5.8,1.3,0.4,0.5,0.5,5.3,0.2,4.7,703.2
98,38,2,16,6.1,1.5,1.1,0,0.3,6.1,0.3,5.8,656
98,39,1,5,1.5,0.2,0.3,0,0.1,1.5,0,1.5,194.4
98,40,3,65,19.9,2.3,4.6,0,0.8,19.9,0,19.9,2456.2
98,41,3,27,10,2.6,1.1,0,0.4,10,0.4,8.1,1188.4
98,42,3,97.5,45.4,15.9,1.8,5.1,3.4,40.3,1.4,37.2,4241.8
98,43,2,26,9.4,2.1,0.5,0,0.4,9.4,0.4,8.9,1122.4
98,44,1,194.5,76.8,13.4,5.1,0,2.1,76.8,6.1,73.7,7299.7
98,45,3,132,48.9,4.7,2.3,0.3,2.3,48.6,2.3,47.6,4871.4
98,48,5,33.5,13.8,3,1.3,1.5,1.1,12.3,1.4,12.3,1518.9
98,49,2,521,200.4,40.6,19.5,4.2,13.1,196.2,11.1,184.7,20107.9
98,50,2,1089,477.7,173.5,33.4,312.6,56.6,165.1,45.6,333.7,38649.6
98,51,0,1327,587,233,61,415,68,172,135,282,45050
98,52,0,2057.5,984,438,75,865,113,119,190,481,75823
98,53,2,983.5,391,140.2,57.9,337.1,73,53.9,124,100.6,29936.4
98,54,3,305,125.1,41.5,11.7,57,9,68.1,24.2,67.9,10869.9
98,55,2,349.5,104.9,7,15,3,10.4,101.9,12.7,85.6,11590.6
98,56,8,37.5,15.8,3.9,0.5,0.9,1.8,14.9,1.8,13.6,1653.7
98,57,2,80.5,30.3,7.3,3,3,2.1,27.3,2.1,28.2,3282.2
98,58,6,237,85.1,14.3,6.9,23.4,5.2,61.7,2.1,79.1,10225.7
98,59,8,73,27.7,4.2,1.9,0.1,0.9,27.6,1.3,26.2,3701.5
98,60,4,299.5,114.8,17.5,6.8,2,7.2,112.8,4.6,101.1,13438.7
98,61,2,53.5,19.6,4,1.4,0,1.4,19.6,0.2,16,2196.8
98,62,2,29,11,1.4,1.1,0.3,0.7,10.7,1,10.5,1124.3
98,63,6,53,20.1,2.4,1.6,0.9,2.3,19.2,1.3,19.2,2251.2
98,64,3,42.5,16,1.9,1.3,0.6,1.9,15.4,1,15.4,1795.7
98,65,1,2,0.8,0,0,0,0.1,0.8,0,0.7,83.6
98,67,6,52,19.8,2.7,1.7,0.5,0.9,19.3,0.9,17.1,2371.9
98,68,1,2,0.8,0.2,0,0,0.1,0.8,0,0.7,94.2
98,69,1,8,3.2,0.7,0.2,0,0.3,3.2,0.1,2.9,376.7
98,70,1,5,1.7,0.2,0.1,0,0.2,1.7,0.1,1.2,203.9
98,71,1,2,0.8,0.1,0,0,0,0.8,0,0.7,103.1
98,72,5,240.5,89.8,12.8,8.4,0.5,2.3,89.3,2.2,87.2,12559.4
98,73,4,85,34.7,7.9,0.6,4.9,3.3,29.8,2.4,26.5,3966.4
98,74,5,37.5,15.8,3.5,1.1,1.8,1.2,14,0.3,13.5,1934.2
98,75,7,168,55.5,4.8,9.1,2,4.5,53.5,3.2,51.3,7889.7
98,76,4,20,7.6,1.6,0.7,0.9,0.5,6.7,0.7,6.6,975.3
98,77,1,65,26.6,5.2,2.3,9.5,1.3,17.1,3.3,15.7,2365.2
98,78,1,9,3.2,0.3,0.2,0.7,0.4,2.5,0.5,2,388
98,79,1,13,5.2,1.2,0.4,0.2,0,5,0.2,4.3,605.8
98,80,4,378.5,130.4,16.5,13.5,0,14.1,130.4,10,110.8,14424.5
98,81,2,196.5,75.7,12.2,5.2,1,4.9,74.7,6.3,72.7,8212
98,82,2,327,157.6,51.3,7.1,59,17,98.6,12.1,111.6,14521.8
98,83,1,361,192.5,85.1,3,120,15,72.5,10,99.4,16801.9
98,84,0,674.5,304,86,18,108,41,196,22,190,28726
98,85,1,638,238.6,36.1,17.1,10,24.1,228.6,8.8,209.3,24099.8
98,86,5,38,15.1,2.4,1.2,1.1,1.2,14,0.5,12,1849.4
98,87,2,12,4.5,0.8,0.5,0.2,0.5,4.3,0.4,3.7,594.5
98,88,1,7,2.2,0.1,0.1,0.3,0.2,1.9,0.3,2,337.9
98,89,2,8.5,3,0.2,0.1,0.3,0.3,2.7,0.4,2.6,452
98,90,4,13,5,0.8,0.4,0,0.6,5,0.6,4.6,729.4
98,91,2,16,5.8,0.9,0.7,0.2,0.5,5.6,0.7,5.6,767.8
98,92,2,20,7.9,1.4,0.4,0,0,7.9,0,7.9,795.3
98,93,3,40,13.5,2.3,0.2,0.1,1.1,13.4,0,13.3,1663.9
98,94,2,112,36.5,3.6,2.4,0.5,2.5,36,0.3,35.4,4992.8
98,95,3,11,4.3,1,0.5,0.2,0,4.1,0.4,3.7,536.5
98,96,1,5,1.8,0.4,0.3,0.1,0,1.7,0.1,1.6,229.5
98,97,1,3,1.1,0.2,0.2,0.1,0,1,0.1,0.9,137.7
98,98,1,1,0.5,0.2,0,0,0,0.5,0,0.4,46.1
98,99,4,100,39.3,6.7,1.6,0.1,1.5,39.2,1,35.8,4112.2
98,100,1,2,0.8,0.1,0,0,0,0.8,0,0.7,90.8
98,101,2,5,2,0.2,0.1,0,0.2,2,0,1.9,246.9
98,102,2,6,2.6,0.6,0.2,0.2,0.4,2.4,0.2,2.1,302.2
98,103,2,18,6.5,1.1,0.8,0.8,0,5.7,0,5.4,852.9
98,104,1,5,1.8,0.3,0.2,0.2,0,1.6,0,1.5,236.9
98,106,1,1,0.5,0.1,0,0,0,0.5,0.1,0.4,90.1
98,109,2,16,4.9,0.2,1.3,0,0.5,4.9,1,4.5,861.8
98,111,1,1,0.4,0.1,0,0.1,0,0.3,0.1,0.3,40.1
98,113,3,5,2,0.3,0.2,0.5,0,1.5,0.3,1.3,200.7
98,114,1,3,1.2,0.2,0.1,0,0,1.2,0.2,1,127.6
98,115,1,1,0.4,0.1,0.1,0,0,0.4,0,0.4,48.2
98,116,4,23,9.2,2,1.4,0,0.3,9.2,1.1,8.1,1051.6
98,117,2,7,2.8,0.4,0.3,0,0.1,2.8,0.4,2.4,297.8
98,118,1,6,2.5,0.5,0.2,0,0.1,2.5,0.2,2.2,294.3
98,120,1,2,1,0.3,0,0,0.1,1,0,0.6,101.5
98,122,2,7,3.2,0.5,0,0,0.3,3.2,0.2,2.8,404
98,123,3,17,6.8,1.2,0.2,0.5,0.8,6.3,0.3,5.7,766.4
98,124,6,191,84.3,20.7,3.2,2.9,12.2,81.4,4.2,63.8,9084.7
98,125,3,71,29.8,5.8,2.3,0,1.8,29.8,2.3,28.9,3506.9
98,126,3,4,1.5,0.4,0.3,0,0,1.5,0,1.3,181.7
98,127,3,11,4.4,1.2,0.6,0.1,0.2,4.3,0.4,3.8,522.3
79,0,3,9,3.6,1.2,0,0.3,0.1,3.3,0.9,3,432
79,1,3,9,3.8,1.1,0,0.1,0.3,3.7,1,2.9,379.8
79,2,1,2,0.9,0.2,0,0,0.1,0.9,0.2,0.6,75.1
79,4,1,2,0.9,0.2,0,0,0.1,0.9,0.2,0.6,75.1
79,6,3,36.5,13.5,3,2.5,0,0.6,13.5,1.9,11.7,1290.1
79,7,1,1,0.4,0.1,0.1,0,0,0.4,0.1,0.3,35.3
79,8,3,8,3.2,0.8,0.2,0,0,3.2,0.8,3,407.2
79,9,1,3,1.2,0.3,0.1,0,0,1.2,0.3,1.1,152.7
79,10,3,7,3.5,1.6,0,0,0,3.5,0.3,3.5,570.2
79,11,3,8,3.6,1.5,0.1,0,0,3.6,0.3,3.3,401.3
79,12,2,7,3.1,1.3,0.1,0,0,3.1,0.3,2.8,319.8
79,14,3,91,34.2,10,1.9,1.9,1.2,32.3,0.3,31.1,3926
79,15,4,53,21.2,7.2,1,0,1,21.2,0.6,20,2443.7
79,26,3,24,9.1,1.5,1.1,0,0,9.1,0.4,9.1,1060.1
79,27,1,3,1.1,0.2,0.1,0,0,1.1,0,1.1,132.5
79,29,3,7,3,0.9,0.1,0.2,0,2.8,0.3,2.7,328.6
79,30,6,113,47.7,18.1,3.7,0,0.6,47.7,3.9,44.7,5306.7
79,31,7,164.5,65.5,14.7,4,0.4,6.2,65.1,2.3,61,7765.5
79,32,8,68,27,3.7,1,0.4,1,26.6,0.7,23.5,3200.2
79,33,5,121,51.7,14.7,2.2,4,2,47.7,2,44.6,5594.8
79,34,5,149.5,52.2,7.5,5.9,4.6,3.3,47.6,2.5,44.3,5888.9
79,35,1,524.5,215.7,52.6,19.2,39.6,20.3,176.1,18.1,145.1,22412.7
79,36,4,67,27.7,10,1.5,1.1,4.4,26.6,0.2,22.6,3336.1
79,40,1,7,2.9,0.6,0.1,0,0.2,2.9,0.1,2.7,328.9
79,41,2,10,3.2,0.3,0.3,0.2,0.3,3,0.6,2.7,368.9
79,42,1,4,1.3,0.1,0.1,0.1,0.1,1.2,0.2,1.1,147.6
79,43,2,7,2.4,0.4,0.4,0.1,0.2,2.3,0,1.9,235.2
79,44,2,61,20.9,3.9,3.3,0,3.4,20.9,0.2,20.7,2008.6
79,50,0,42.5,18,6,2,1,2,17,0,17,1792
79,51,3,18,7.9,1.7,0.2,0,0.5,7.9,0.8,6.7,809.7
79,52,4,30,11.7,0.5,0.5,0,0.5,11.7,0,10.6,1237.8
79,56,2,8,3.2,1,0.2,0.2,0.4,3,0.4,2.8,355.6
79,59,1,2,0.7,0.2,0,0,0,0.7,0.1,0.6,80.1
79,62,1,5,1.8,0.3,0.3,0,0,1.8,0.1,1.8,218.5
79,64,2,20,7.1,1.2,1.2,0,0,7.1,0.6,7.1,874.1
79,65,1,4,1.7,0.5,0.1,0,0,1.7,0,1.5,210.5
79,66,5,60.5,25.3,6.9,1.4,0,0.5,25.3,0,23.3,3184.2
79,67,2,5,2.1,0.6,0.1,0,0,2.1,0,1.9,263.1
79,68,1,1,0.3,0.1,0,0,0,0.3,0,0.3,36.3
79,69,2,3,1,0.2,0,0.1,0,0.9,0.1,0.8,108.8
79,70,3,45,19.9,8.3,1.3,0,1.3,19.9,1.4,18,2027.8
79,72,4,42,19,4.8,0.9,0,0.9,19,0.9,15.3,1718.1
79,73,2,8,3,0.2,0.2,0.2,0.2,2.8,0.6,2.5,332.3
79,74,3,45,19.1,4.6,0.3,0.3,2.4,18.8,4.1,9.3,1810
79,75,3,87,32.9,6.1,2,0,1.9,32.9,3.9,27.9,3528.8
79,76,3,24,9.5,1.7,0.3,0.5,0.8,9,0.7,8.3,1029.2
79,77,1,3,1.2,0.2,0,0.1,0.1,1.1,0.1,1,125.4
79,81,3,56,24.2,5.2,0.4,0.1,1,24.1,0.3,19.1,2500.5
79,82,4,271,100.6,18.5,8.7,3.5,4,97.1,4.1,90.7,10787.9
79,83,3,180.5,77.6,18.2,3,0,11.4,77.6,6.7,62.5,7249.2
79,84,2,243.5,122.1,50.6,5.1,57.1,22.4,65,23.2,61.3,10434.7
79,85,4,456.5,200.1,58,10,22,25.9,178.1,18.5,146.1,17714.3
79,86,4,17,7.2,2.4,0.4,0,0.4,7.2,0.7,6.5,785.1
79,87,3,14,6,2,0.4,0,0.4,6,0.6,5.4,646.6
79,88,6,25,11.4,3.9,0.4,0,1.4,11.4,1.4,10.4,1563.6
79,90,3,19,8.7,3,0.3,0,1.1,8.7,1.1,7.9,1188.3
79,91,1,2,0.9,0.3,0,0.1,0.2,0.8,0.2,0.7,129.7
79,95,1,3,1.2,0.2,0.2,0.2,0.2,1,0.1,0.5,107.8
79,96,1,5,1.9,0.3,0.3,0.3,0.3,1.6,0.2,0.8,179.7
79,97,2,14,5.4,0.9,0.9,0.9,0.9,4.5,0.5,2.3,503.1
79,102,2,13.5,5.6,0.9,0,0.3,0.6,5.3,0.9,4.3,535.7
79,105,3,6,2.9,1.6,0,0.2,0,2.7,0.2,2.2,384
79,107,3,7,3.4,1.8,0,0.2,0,3.2,0.2,2.6,448
79,110,1,2,0.9,0.2,0.1,0,0,0.9,0.1,0.7,116.5
79,114,2,6,2.4,0.6,0.3,0.1,0.3,2.3,0.4,1.8,312.3
79,115,2,2,1,0.4,0,0,0,1,0.2,0.8,125.4
79,116,1,8,3.1,0.7,0.2,0,0.1,3.1,0.4,2.6,325.9
79,117,5,36,14.1,3.3,1,0,0.4,14.1,1.9,11.6,1466.6
79,118,4,14,6.5,2.5,0.5,0.8,1.3,5.7,0.5,5.3,698.3
79,120,3,7,3.3,1.3,0.2,0.4,0.7,2.9,0.2,2.7,349.2
79,126,1,3,1.2,0.3,0.1,0,0.1,1.2,0.2,1,166.9
13,3,3,7,3.3,1.1,0,0,0.4,3.3,0.9,3.1,426.4
13,4,2,13,6.1,2,0,0,0.7,6.1,1.7,5.8,791.9
13,12,2,33,17,7.8,0,1.1,2.3,15.9,4.7,13.3,1963.6
13,13,3,61,27.8,9.7,0,2,3.9,25.8,4,19.9,3011.3
13,20,1,2,1.2,0.6,0,0.1,0,1.1,0.3,1.1,126.4
13,22,3,5,3,1.5,0,0.2,0,2.8,0.7,2.8,316
13,31,1,1,0.5,0.1,0,0,0,0.5,0.1,0.4,55.1
13,34,2,5,2.6,1.1,0,0,0.3,2.6,0.4,2.1,290.8
13,35,1,1,0.5,0.2,0,0,0.1,0.5,0.1,0.4,60.2
13,36,1,1,0.5,0.2,0,0,0.1,0.5,0.1,0.4,60.2
13,40,1,1,0.6,0.3,0,0,0.1,0.6,0.2,0.5,66.5
13,41,1,5,2.9,1.3,0,0.1,0.1,2.8,0.7,2.5,292.6
13,42,1,12,7.1,3.2,0,0.4,0.4,6.7,1.8,6,702.4
13,43,1,3,1.8,0.8,0,0.1,0.1,1.7,0.4,1.5,175.6
13,44,1,2,0.9,0.2,0.1,0,0.2,0.9,0.2,0.8,88.8
13,45,2,8,3.5,1,0.3,0,1,3.5,0.6,3.2,355.2
13,46,2,5,2.2,0.6,0.2,0,0.6,2.2,0.4,2,222
13,48,1,3,1.5,0.9,0.1,0,0.1,1.5,0.5,1.4,136.9
13,49,1,1,0.5,0.3,0,0,0,0.5,0.2,0.5,45.6
13,51,1,3,1.5,0.9,0.1,0,0.1,1.5,0.5,1.4,136.9
13,53,1,2,1.2,0.5,0,0,0.2,1.2,0.5,1.1,131.8
13,54,3,9,5.6,3.5,0,0.4,0.2,5.2,1.4,4.9,593.1
13,55,3,4,2.4,1.7,0,0.1,0,2.3,0.4,2.3,263.6
13,57,2,14,8.7,4.7,0,0,2,8.7,2,8,764.7
13,59,2,2,1.2,0.6,0,0,0.2,1.2,0.4,1,107.4
13,64,2,7,3.8,1.6,0,0,0.2,3.8,1.4,3.3,404.2
13,65,2,3,1.8,1,0,0,0,1.8,0.6,1.7,214
13,66,1,3,1.8,1,0,0,0,1.8,0.7,1.7,214
13,68,4,8,4.5,2.4,0,0.4,0.6,4.1,1.4,3.3,334.6
13,69,3,15,8.7,3.8,0,0.1,0.4,8.6,3.1,7.8,837.1
13,70,5,69,43.8,24.2,0,0.6,3.5,43.2,14.6,32.5,3956.4
13,74,2,6,3.5,1.2,0,0,0.3,3.5,0.5,3.5,276.3
13,76,1,1,0.7,0.4,0,0.1,0,0.6,0.2,0.6,55.7
13,77,2,8,5.4,3.4,0,0.4,0,5,1.6,4.6,445.4
13,81,1,3,1.3,0.4,0,0.1,0.1,1.2,0.2,1.1,136.4
13,82,1,1,0.4,0.1,0,0,0,0.4,0.1,0.4,45.5
13,83,1,5,2.2,0.7,0,0.1,0.2,2.1,0.3,1.9,227.3
13,84,1,1,0.5,0.2,0,0,0,0.5,0.2,0.4,44.6
13,85,1,2,1,0.5,0,0,0.1,1,0.3,0.8,89.3
13,87,1,10,4.9,2.3,0,0,0.3,4.9,1.5,3.8,446.4
13,91,3,12,6.2,2.6,0.4,0.6,0.6,5.6,0.6,5.4,661.9
13,94,6,20,9.8,3.4,0.6,0,0.6,9.8,1.2,8.5,985.6
13,96,2,12,5.6,2.1,0.2,0,0.2,5.6,1.1,4.5,502.8
13,97,4,7,3.7,2.2,0.1,0.1,0.2,3.6,1.5,3.5,368.2
13,99,2,5,2.4,1.1,0.3,0,0,2.4,0.6,2.4,248.9
13,100,1,1,0.5,0.2,0.1,0,0,0.5,0.1,0.5,49.8
13,101,2,4,2,1,0.2,0,0,2,0.6,2,199
13,104,1,2,1.1,0.5,0,0,0,1.1,0.2,0.9,106.9
13,105,1,3,1.5,0.7,0.2,0,0.2,1.5,0.3,1.4,145.9
13,109,6,29.5,14.4,6,0.4,0,1.1,14.4,2.7,12,1260.2
13,110,1,5,2.5,0.9,0,0,0.5,2.5,0.4,2.5,277.2
13,112,3,10,5.4,2.6,0,1,0,4.4,1,3.4,602.6
13,114,3,29.5,14.9,7.8,0.8,3.5,1.6,11.4,4.6,6.9,1182.8
13,115,3,5,3,1.7,0,0.5,0,2.5,0.5,2.8,243.3
13,116,2,5,3.3,2.2,0,0,0.3,3.3,0.9,2.6,309.5
13,117,1,14,6.7,2.2,0.2,0.4,0.8,6.3,1,5.9,609.3
13,118,1,4,1.7,0.6,0.1,0.1,0.1,1.6,0.4,1.6,193.1
13,120,3,7,3.2,1,0.2,0.1,0.3,3.1,0.3,2.9,321
13,121,3,13,6.6,3.1,0.4,0,1.2,6.6,1.6,5.5,580.2
13,122,1,11,5.7,2.7,0.3,0,1,5.7,1.3,4.7,491
13,123,4,17,8,3.9,0.4,0.4,0.7,7.6,2.5,5.8,782.9
13,124,3,8.5,5.3,3.1,0,0,0.8,5.3,2.3,4.8,626.5
13,125,1,5,3.2,1.9,0,0,0.5,3.2,1.4,3,387
13,127,2,2,0.8,0.2,0,0,0,0.8,0.2,0.8,98.6
10,2,1,1,0.4,0.1,0,0,0,0.4,0,0.3,50.3
10,3,1,15,6.5,2,0.7,0,0,6.5,1.6,5.5,719.3
10,4,2,9,3.9,1.2,0.4,0,0,3.9,1,3.3,431.6
10,8,2,24,10.5,3,0.6,1.2,1.8,9.3,2.4,8.8,1205.9
10,19,1,1,0.6,0.3,0,0,0,0.6,0.1,0.6,63.2
10,20,1,5,3,1.4,0,0.2,0.1,2.8,0.7,2.8,316
10,24,1,3,1.8,0.9,0,0.1,0.1,1.7,0.4,1.7,189.6
10,29,2,12,6.7,4,0.5,0.5,0,6.2,1.3,5.8,722.3
10,38,2,5,3,1.6,0,0,0.4,3,1.1,2.6,332.3
10,41,1,3,1.9,0.9,0,0.2,0,1.7,0.8,1.3,152.1
10,42,3,13,8.3,4,0,0.7,0,7.6,3.4,5.5,659
10,45,1,2,1,0.2,0,0,0.2,1,0.1,0.8,135.4
10,46,4,14,7.2,1.6,0,0,1.6,7.2,0.6,5.6,948
10,51,1,1,0.8,0.6,0,0,0.1,0.8,0.4,0.8,64.3
10,52,1,3,2.4,1.9,0,0,0.2,2.4,1.3,2.4,192.9
10,55,2,5,3.7,2.3,0,0,0,3.7,0,3.3,377
10,56,1,2,1.5,0.9,0,0,0,1.5,0,1.3,150.8
10,59,2,3,1.8,1,0,0,0.2,1.8,0.6,1.5,161.2
10,60,1,2,1.2,0.7,0,0,0.1,1.2,0.4,1,107.5
10,61,1,7,3.8,1.4,0,0.7,0.4,3.1,2,2.9,296.3
10,62,4,31,16.7,6.3,0,3.1,1.6,13.6,8.8,12.6,1312.4
10,64,1,5,2.4,0.9,0,0,0.2,2.4,0.9,2.2,235
10,66,1,6,3,1.2,0.1,0,0.2,3,0.8,2.6,279.9
10,67,3,18,8.9,3.6,0.2,0,0.7,8.9,2.5,7.8,839.8
10,70,1,3,1.6,0.6,0.1,0,0,1.6,0.3,1.3,173.6
10,71,1,4,2.1,0.8,0.1,0,0,2.1,0.5,1.7,231.4
10,73,1,5,3.3,2.1,0,0,0,3.3,1,3.1,342.1
10,74,2,4,2.6,1.8,0,0,0,2.6,0.8,2.4,273.8
10,77,1,2,1.2,0.4,0,0,0.1,1.2,0.2,1.2,92.1
10,78,2,9,5.1,2.3,0.1,0.5,0.7,4.6,0.4,4.2,440.7
10,79,2,9,4.1,1.6,0.4,0.8,0.6,3.3,0.6,2.8,379.9
10,80,2,8,4.7,2.2,0,0.2,0.6,4.5,0.2,4.1,405.3
10,83,2,3,1.7,0.7,0,0.2,0,1.5,0.4,1.3,159.9
10,84,4,10,5.7,2.3,0,0.4,0,5.3,1.3,4.3,532.7
10,85,2,15,7.7,4,0.8,0,0,7.7,1.6,5.3,648.6
10,86,1,3,1.5,0.8,0.2,0,0,1.5,0.3,1.1,129.7
10,93,1,5.5,2.8,1.3,0.1,0,0.3,2.8,0.9,2.3,282.7
10,95,1,7,4.6,2.4,0,0,0.5,4.6,2.2,4,402.5
10,96,1,2,1.3,0.7,0,0,0.2,1.3,0.6,1.2,115
10,97,1,1,0.7,0.3,0,0,0.1,0.7,0.3,0.6,57.5
10,103,3,13,7,3.1,0.2,0.5,0.7,6.5,2.6,5.1,618.7
10,104,2,7,3.5,1.5,0.3,0.3,0.4,3.2,1.1,2.6,315.3
10,105,2,10,4.2,1.6,0.8,0.5,0.5,3.7,0.7,3.5,386.6
10,106,1,6,2.5,1,0.5,0.3,0.3,2.2,0.4,2.1,232
10,107,3,17,7.1,2.8,1.4,0.7,0.7,6.4,1.1,6.1,657.3
10,108,2,4,1.9,0.4,0.1,0,0.3,1.9,0.6,1.7,176.8
10,109,2,10,4.6,1,0.2,0,0.6,4.6,1.8,4,438.4
10,110,5,13,6,1.3,0.4,0,0.8,6,2.4,5.2,569.9
10,111,1,1,0.6,0.4,0,0,0,0.6,0.2,0.6,61.2
10,113,2,7,4.1,2.5,0.3,0.1,0,4,1.5,3.5,398.7
10,114,1,1,0.6,0.4,0,0,0,0.6,0.2,0.6,61.2
10,115,4,25,13.4,5.5,0,0.3,1.3,13.1,2.5,11.7,1177.3
10,118,1,2,0.9,0.3,0,0,0,0.9,0.2,0.8,104.1
10,119,1,4,1.8,0.5,0,0,0,1.8,0.4,1.6,208.1
10,120,2,5,2.2,0.7,0,0,0,2.2,0.5,2,260.2
10,124,1,3,1.2,0.3,0,0,0.1,1.2,0.1,1.1,127.8
10,125,2,19,8.4,2.2,0.6,0,1.1,8.4,2.2,7.3,821.4
10,126,2,3,1.6,0.7,0,0.1,0,1.5,0.3,1.4,164
10,127,2,13,5.2,1.5,0.3,0.1,0.4,5.1,0.6,4.9,608.4
12,0,1,2,1,0.4,0.1,0.1,0.1,0.9,0.3,0.8,116.8
12,4,1,4,1.6,0.5,0.3,0,0.1,1.6,0.2,1.4,165.9
12,7,2,9,3.6,1.2,0.8,0,0.3,3.6,0.5,3.1,373.2
12,9,2,6,3.5,1.6,0,0,0.4,3.5,1,3.1,315.1
12,12,1,11.5,5.3,2.5,0,0.9,0.3,4.4,0.6,4.7,665.8
12,13,2,18,7.9,3,0,0,0.4,7.9,1.8,6.1,844.2
12,19,2,5,3,1.5,0,0.2,0.1,2.8,0.7,2.8,316
12,20,1,1,0.6,0.3,0,0,0,0.6,0.1,0.6,63.2
12,25,1,1,0.7,0.4,0,0,0,0.7,0.2,0.7,73.4
12,27,2,3,2,1.2,0,0,0,2,0.5,2,220.3
12,28,2,2,1.2,0.6,0,0.2,0,1,0.2,1,120.4
12,31,1,6,3.1,0.8,0,0,0.3,3.1,0.5,2.3,330.8
12,34,2,6,3.2,1.2,0,0,0.3,3.2,0.5,2.5,345.9
12,36,2,14,7.5,3.6,0,0,1,7.5,1,6,842.5
12,38,1,1,0.6,0.3,0,0,0.1,0.6,0.2,0.5,66.5
12,39,1,2,1.2,0.6,0,0,0.2,1.2,0.5,1,132.9
12,40,1,2,1.2,0.6,0,0,0.2,1.2,0.5,1,132.9
12,41,1,1,0.6,0.3,0,0,0,0.6,0.1,0.5,58.5
12,42,1,2,1.2,0.5,0,0.1,0.1,1.1,0.3,1,117.1
12,45,1,2,0.9,0.2,0.1,0,0.2,0.9,0.2,0.8,88.8
12,46,1,5,2.2,0.6,0.2,0,0.6,2.2,0.4,2,222
12,48,1,5,2.6,1.5,0.2,0,0.2,2.6,0.8,2.3,228.2
12,52,1,1,0.6,0.3,0,0,0.1,0.6,0.3,0.5,65.9
12,54,3,36,24.6,15.7,0,3,1.6,21.6,6.7,19.2,2496.4
12,55,5,21,13.1,9,0,1.1,0,12,2.6,11.5,1383.9
12,56,3,9,5.6,3.7,0,0.4,0.1,5.2,1.1,5,581.8
12,57,1,5,3.1,1.7,0,0,0.7,3.1,0.7,2.9,273.1
12,62,3,13,6.1,1.4,0,0,0.9,6.1,2.2,4.8,515.3
12,63,5,16,7.4,1.7,0,0,1,7.4,3,6.2,634.4
12,64,2,9,4.2,1,0,0,0.6,4.2,1.6,3.4,356.8
12,65,1,1,0.6,0.3,0,0,0,0.6,0.2,0.6,71.3
12,68,1,1,0.6,0.3,0,0.1,0.1,0.5,0.2,0.4,41.8
12,69,1,4,2.3,1,0,0,0.1,2.3,0.9,2.1,231.8
12,70,1,1,0.6,0.2,0,0,0,0.6,0.2,0.5,58
12,72,1,1,0.6,0.2,0,0,0,0.6,0.1,0.6,46
12,75,1,2,1.3,0.9,0,0.1,0,1.2,0.4,1.1,111.3
12,76,1,2,1.3,0.9,0,0.1,0,1.2,0.4,1.1,111.3
12,77,1,2,1.3,0.9,0,0.1,0,1.2,0.4,1.1,111.3
12,78,1,7,3.1,1,0,0.2,0.3,2.9,0.5,2.6,318.3
12,79,1,10,4.4,1.4,0,0.2,0.5,4.2,0.7,3.7,454.7
12,80,1,6,2.7,0.8,0,0.2,0.3,2.5,0.4,2.2,272.8
12,83,1,4,1.8,0.6,0,0.1,0.2,1.7,0.3,1.5,181.9
12,85,1,5,2.4,1.2,0,0,0.1,2.4,0.8,1.9,223.2
12,86,3,13,6.3,2.9,0,0,0.3,6.3,2,5,580.3
12,87,3,8,4,1.9,0,0,0.3,4,1.3,3.2,357.1
12,89,1,3,1.8,1,0,0,0.2,1.8,0.5,1.6,166.6
12,90,1,1,0.6,0.3,0,0,0.1,0.6,0.2,0.5,55.5
12,93,4,8,4.1,1.6,0.3,0,0.3,4.1,0.3,3.9,464.3
12,94,2,14,6.3,2.1,0.3,0,0.3,6.3,1.1,5,567.1
12,95,2,16,7.2,2.4,0.3,0,0.3,7.2,1.2,5.7,648.1
12,96,2,11,6.5,3.7,0.1,0.3,0.4,6.2,2.4,5.6,579.1
12,98,1,8,3.9,1.8,0.4,0,0,3.9,1,3.9,398.2
12,100,2,8,3.9,1.9,0.4,0,0,3.9,1.1,3.9,398.1
12,104,4,14,7.4,3.5,0.5,0,0.5,7.4,1.3,6.3,734
12,105,1,3,1.5,0.7,0.2,0,0.2,1.5,0.3,1.4,145.9
12,108,5,28,15.3,6,0,0,0.6,15.3,3.2,12.7,1406.7
12,109,2,3,1.5,0.6,0,0,0,1.5,0.3,1.2,133.6
12,110,4,14,6.2,2.8,0.4,0,0.4,6.2,1,4.8,463.4
12,111,1,2,1,0.5,0.1,0,0.1,1,0.3,0.8,97.4
12,112,2,7,3.6,1.6,0.2,0,0.5,3.6,0.9,2.7,340.8
12,113,3,12,6.2,2.9,0.4,0,0.8,6.2,1.7,4.6,584.3
12,114,1,5,2.6,1.2,0.2,0,0.3,2.6,0.7,1.9,243.4
12,115,4,16,9.9,5.3,0,1.6,0,8.3,1.6,9.1,778.7
12,116,2,9.5,4.6,1.5,0.1,0.3,0.5,4.3,0.6,4,413.4
12,117,5,44,21.2,7,0.6,1.2,2.5,20,3.2,18.5,1914.8
12,118,3,14,6.1,1.9,0.5,0.5,0.5,5.6,1.4,5.6,675.9
12,119,4,8,3.4,1.1,0.2,0.2,0.2,3.2,0.8,3.2,386.3
12,120,2,7,3,1,0.2,0.2,0.2,2.8,0.7,2.8,337.9
12,122,2,9,4.7,2.2,0.3,0,0.9,4.7,1.1,3.8,401.7
12,123,3,22,10.3,5.1,0.4,0.5,1,9.8,3.6,7.6,1011.6
12,124,3,7,3.8,2.1,0.1,0.1,0.5,3.7,1.5,3.2,416.1
12,126,1,1,0.6,0.4,0,0,0.1,0.6,0.3,0.6,77.4
12,127,1,1,0.6,0.4,0,0,0.1,0.6,0.3,0.6,77.4
15,4,1,3,1.3,0.6,0.1,0,0,1.3,0.4,0.7,131.4
15,8,4,44,18.9,7.1,2.1,0.8,1.5,18.1,2.9,15.8,1900.7
15,24,2,4,2.2,0.8,0,0.2,0,2,0.4,2.1,230.2
15,31,1,5,3.2,2,0,0,0.2,3.2,0.5,2.5,378.9
15,34,1,2,1,0.3,0,0,0.1,1,0.2,0.8,110.3
15,36,1,5,2.6,1,0.1,0,0.2,2.6,0.8,2,280.2
15,37,1,1,0.5,0.2,0,0,0,0.5,0.2,0.4,56
15,40,1,1,0.5,0.2,0,0,0,0.5,0.1,0.4,44.8
15,44,2,7,4,1.8,0,0.2,0.2,3.8,1,3.4,396
15,46,1,2,1.2,0.5,0,0.1,0.1,1.1,0.4,1,125.9
15,47,3,7,3.9,1.5,0.1,0.2,0.5,3.7,1.2,3.4,403.6
15,49,1,1,0.6,0.4,0,0.1,0.1,0.5,0.1,0.4,63.1
15,52,1,2,1.2,0.5,0,0,0.2,1.2,0.5,1.1,131.8
15,56,1,1,0.6,0.3,0,0,0.1,0.6,0.1,0.6,54.6
15,57,1,1,0.6,0.3,0,0,0,0.6,0.1,0.6,63
15,61,4,10,5.9,2.8,0,0,0.8,5.9,1.9,4.8,509.4
15,62,1,8,4.4,2.6,0.5,0.3,0,4.1,2.6,3.4,355.9
15,63,1,7,3.8,2.3,0.5,0.2,0,3.6,2.3,2.9,311.4
15,64,2,6,3.1,1.4,0.1,0.2,0.2,2.9,1.2,2.6,346.9
15,65,2,7,3.7,1.7,0.1,0.2,0.2,3.5,1.5,3.2,418.2
15,67,2,4,2,0.8,0,0.2,0.2,1.8,0.8,1.6,204.2
15,69,2,4,2.1,0.8,0,0.1,0.4,2,0.5,1.7,213.8
15,70,2,3,1.5,0.6,0,0,0.3,1.5,0.3,1.3,172
15,71,2,4,2,0.8,0.2,0,0.2,2,0.8,1.8,203.8
15,77,2,4,2.7,1.7,0,0.2,0,2.5,0.8,2.3,222.7
15,81,3,8,3.7,1.7,0.1,0.1,0.6,3.6,0.7,3.2,347.8
15,86,1,2,0.9,0.3,0.1,0.1,0,0.8,0.2,0.8,84.5
15,90,2,3,1.8,0.9,0,0,0.2,1.8,0.5,1.6,166.6
15,91,2,3,1.7,0.7,0.1,0.2,0.2,1.5,0.3,1.4,166.3
15,92,5,46,24.7,10.4,1.2,3,2.6,21.7,3.1,20.4,2510
15,93,3,128.5,61,26.8,4,15,8.6,46,23.6,44.3,5761.9
15,96,1,1,0.5,0.1,0,0,0,0.5,0,0.4,40.3
15,97,1,2,0.8,0.4,0.1,0,0.1,0.8,0.3,0.8,92.9
15,99,2,3.5,2.2,1.1,0,0,0.2,2.2,0.9,2.1,217.9
15,102,1,3,1.3,0.3,0,0,0,1.3,0.5,1,131.2
15,103,1,3,1.6,0.6,0.1,0,0.1,1.6,0.1,1.5,154.1
15,104,1,6,3.2,1.5,0.1,0,0.1,3.2,0.6,2.7,320.8
15,105,3,4,2.2,1.5,0.2,0,0.2,2.2,0.8,2.1,186.9
15,106,2,4,2.3,1.4,0.2,0,0.2,2.3,0.7,2.1,187
15,107,1,3,1.9,1.4,0,0,0,1.9,0.8,1.7,134.5
15,109,1,1,0.4,0.2,0,0,0.1,0.4,0.1,0.4,43.6
15,110,2,10,4.7,1.9,0.1,0,0.8,4.7,1,4.6,506.8
15,111,2,4,2.2,1.2,0,0.2,0,2,0.4,2,251.8
15,112,2,8,4.4,2.2,0.1,0.6,0,3.8,0.9,3.5,492.8
15,113,4,15,7.3,2.4,0,0,0.6,7.3,1.7,7.3,862.3
15,115,3,18,9.2,3.7,0,0,0.1,9.2,0.9,8.4,880.9
15,117,3,5,2.3,1,0.2,0,0,2.3,0.5,2,238.3
15,119,2,12,6,1.9,0,0,0.1,6,1.2,5.2,619
15,120,5,230,120.6,56.7,4.5,18,9.4,102.6,24.4,83.3,11408
15,121,2,4,2,0.7,0,0.1,0.1,1.9,0.3,1.7,189.8
15,122,1,1,0.5,0.2,0,0,0,0.5,0,0.3,47.3
15,123,2,5,2.5,1,0,0.2,0.2,2.3,0.2,2,235.5
15,124,1,5.5,2.8,1.1,0,0.3,0.1,2.5,0.1,2.2,259.1
15,126,5,42,18.5,7,0.2,1.7,0.6,16.8,2.3,16.2,2081.5
15,127,4,23,10.2,3.5,0.4,0.2,0.1,10,1.3,9.9,1134.7
9,6,4,20,8,2.6,1.7,0,0.6,8,1.1,6.9,829.4
9,8,1,29,15,7.1,1.2,0.5,0.7,14.5,1.9,14.3,1568.2
9,9,1,5,2.2,0.6,0.1,0.2,0.4,2,0.5,1.8,251.2
9,12,2,11,4.8,2.2,0.8,0,0,4.8,1.8,3,498
9,18,1,1,0.6,0.3,0,0,0,0.6,0.1,0.6,63.2
9,19,1,1,0.6,0.3,0,0,0,0.6,0.1,0.6,63.2
9,21,1,3,1.8,0.9,0,0.1,0.1,1.7,0.4,1.7,189.6
9,23,1,3,1.8,0.9,0,0.1,0.1,1.7,0.4,1.7,189.6
9,24,1,5,2.8,1.7,0.2,0.2,0,2.6,0.6,2.4,300.9
9,29,1,1,0.6,0.3,0,0.1,0,0.5,0.1,0.5,60.2
9,32,1,2,1.1,0.6,0,0,0.1,1.1,0.3,1,131.2
9,46,2,24,13.5,6.3,1,1,2.3,12.5,4.1,8.2,1463.1
9,51,2,2,1.6,1.2,0,0,0.2,1.6,0.8,1.6,128.6
9,58,1,4,2.5,1.3,0,0,0.2,2.5,0.7,1.9,215
9,60,2,4,2.4,1.4,0,0,0.2,2.4,0.8,2,215
9,61,2,2,1,0.4,0,0,0,1,0.4,0.8,94
9,62,1,5,2.4,0.9,0,0,0.2,2.4,0.9,2.2,235
9,63,1,6,2.9,1,0,0,0.2,2.9,1,2.7,282
9,65,1,3,1.5,0.6,0,0,0.1,1.5,0.4,1.3,140
9,66,2,3,1.5,0.6,0,0,0.1,1.5,0.4,1.3,140
9,67,5,44,21.8,8.7,0.5,0,1.6,21.8,5.9,19,2052.8
9,68,2,5,2.7,1,0.1,0,0,2.7,0.5,2.1,289.3
9,69,2,4,2.2,0.8,0,0,0,2.2,0.4,1.6,231.4
9,70,2,7,3.8,1.4,0.1,0,0,3.8,0.8,2.9,405
9,71,1,2,1.1,0.4,0,0,0,1.1,0.2,0.8,115.7
9,76,2,5,2.9,1,0,0,0.2,2.9,0.4,2.9,230.2
9,77,1,4,2.3,0.8,0,0,0.2,2.3,0.3,2.3,184.2
9,78,1,2,1.2,0.6,0,0.1,0.1,1.1,0.1,1,101.3
9,80,1,2,1.2,0.6,0,0.1,0.1,1.1,0.1,1,101.3
9,81,1,1,0.6,0.2,0,0,0,0.6,0,0.5,60.5
9,82,3,42,22.1,8.7,1,0,4.5,22.1,4,9.3,2044.3
9,83,2,4,2.2,1,0,0.2,0,2,0.6,1.8,213.2
9,89,2,5,3.1,1.6,0,0,0.4,3.1,0.8,2.7,277.7
9,94,1,2,1.3,0.7,0,0,0.2,1.3,0.6,1.2,115
9,95,3,7,4.6,2.4,0,0,0.6,4.6,2.1,4.1,402.5
9,101,2,13,7,3.2,0.3,0.3,0.6,6.7,2.3,5.2,636.3
9,102,4,8,4.4,2,0,0.4,0.4,4,1.6,3.2,380.8
9,103,3,6,3.2,1.4,0.1,0.2,0.4,3,1.2,2.4,285.6
9,104,1,2,1.1,0.5,0,0.1,0.1,1,0.4,0.8,95.2
9,106,2,7,2.9,1.2,0.6,0.3,0.3,2.6,0.5,2.5,270.7
9,107,1,1,0.4,0.2,0.1,0,0,0.4,0.1,0.4,38.7
9,108,2,7,3.2,0.8,0.3,0,0.5,3.2,0.8,3.2,317.1
9,109,3,19,8.7,2.3,0.9,0,1.4,8.7,2.3,8.7,860.7
9,110,2,13,7.6,3.4,0,0.9,1.6,6.7,0.4,6.7,824.9
9,111,3,59,33.5,15.9,0.3,7.7,4.5,25.8,5.3,22,3357.3
9,112,8,42.5,18.9,4.6,0.6,1.7,3.5,17.2,5.9,13.9,2230.3
9,113,2,19,9.2,5.5,1.9,0.6,0,8.6,3.7,6.7,973.9
9,114,4,10,4.9,2.9,0.9,0.4,0.1,4.5,1.9,3.7,506.3
9,115,3,13.5,7.2,2.7,0,0,0.8,7.2,1.4,6.2,607.6
9,117,1,2,1.2,0.6,0,0.2,0,1,0.2,1,116.1
9,118,1,8,3.5,1,0,0,0,3.5,0.8,3.3,416.3
9,119,1,2,0.9,0.3,0,0,0,0.9,0.2,0.8,104.1
9,120,1,1,0.4,0.1,0,0,0,0.4,0.1,0.4,52
9,121,4,45,15.7,2.4,2,0,0.8,15.7,2.1,14.5,1623.5
9,122,4,53.5,17.4,1.8,2.9,0,1.2,17.4,1.8,16.1,1716.9
9,123,1,2,1,0.4,0,0,0.2,1,0.1,0.7,135.2
9,124,4,22,11.6,4.4,0,0.6,1,11,2.1,8.9,1285.2
9,125,4,25,13.6,5.4,0,1.1,0.4,12.5,3.2,10.7,1329.6
9,126,2,68,28.5,7.9,2.2,0.1,3.3,28.4,0.4,24.3,2741.1
9,127,4,20,7.9,2,0.5,0.3,0.6,7.6,0.9,7.4,918
14,1,1,2,0.9,0.3,0,0,0.1,0.9,0.3,0.9,121.8
14,3,1,1,0.5,0.2,0,0,0.1,0.5,0.1,0.4,60.9
14,4,1,4,1.9,0.6,0,0,0.2,1.9,0.5,1.8,243.7
14,10,3,9,5.2,2.4,0,0,0.5,5.2,1.4,4.8,472.8
14,11,2,4,2.4,1,0,0,0.2,2.4,0.6,2.2,210.2
14,23,2,8,4.8,2.2,0,0.4,0.2,4.4,1.2,4.4,505.6
14,24,1,4,2.4,1.1,0,0.2,0.1,2.2,0.6,2.2,252.8
14,25,2,11,7.2,4.3,0,0,0,7.2,1.9,7.2,807.8
14,26,2,8,5.2,3.1,0,0,0,5.2,1.3,5.2,587.5
14,33,1,1,0.5,0.1,0,0,0,0.5,0.1,0.4,55.1
14,34,2,6,3.1,0.8,0,0,0.3,3.1,0.5,2.4,330.8
14,36,2,6,3.2,1.5,0,0,0.4,3.2,0.4,2.6,361.1
14,39,2,6,3.6,1.9,0,0,0.5,3.6,1.3,3.1,398.8
14,40,1,1,0.6,0.3,0,0,0.1,0.6,0.2,0.5,66.5
14,41,1,2,1.2,0.5,0,0.1,0.1,1.1,0.3,1,117.1
14,43,1,1,0.6,0.3,0,0,0,0.6,0.1,0.5,58.5
14,44,1,2,1.2,0.5,0,0.1,0.1,1.1,0.3,1,117.1
14,46,1,1,0.4,0.1,0,0,0.1,0.4,0.1,0.4,44.4
14,49,1,5,2.6,1.5,0.2,0,0.2,2.6,0.8,2.3,228.2
14,52,2,4,2.4,1.1,0,0,0.4,2.4,1.1,2.1,263.6
14,53,1,1.5,0.9,0.4,0,0,0.2,0.9,0.4,0.8,98.8
14,58,1,2,1.2,0.7,0,0,0.1,1.2,0.4,1,107.5
14,59,1,1,0.6,0.3,0,0,0.1,0.6,0.2,0.5,53.7
14,60,1,1,0.6,0.3,0,0,0.1,0.6,0.2,0.5,53.7
14,61,2,4,2,0.6,0,0,0.3,2,0.7,1.6,172.6
14,65,1,1,0.6,0.3,0,0,0,0.6,0.2,0.6,71.3
14,66,1,1,0.6,0.3,0,0,0,0.6,0.2,0.6,71.3
14,68,1,2,1.1,0.6,0,0.1,0.1,1,0.3,0.8,83.7
14,77,1,2,1.3,0.9,0,0.1,0,1.2,0.4,1.1,111.3
14,83,1,2,0.9,0.3,0,0.1,0.1,0.8,0.1,0.7,90.9
14,84,1,1,0.4,0.1,0,0,0,0.4,0.1,0.4,45.5
14,89,1,1,0.6,0.3,0,0,0.1,0.6,0.2,0.5,55.5
14,91,1,3,1.6,0.7,0.1,0.2,0.2,1.4,0.2,1.3,162.6
14,92,4,13,7,2.8,0.5,1.1,0.8,5.9,0.8,5.7,704.6
14,93,4,39,17.7,5.6,0.9,0,1.8,17.7,2.8,15.7,1582.3
14,95,2,11,7,4.4,0,0.4,0.4,6.6,3.1,6.2,629.2
14,96,2,5,2.3,1.2,0.1,0,0.1,2.3,0.8,2.3,243
14,97,3,22,9.2,4.2,0.8,0,0.8,9.2,2.9,9.2,1022
14,99,3,13,6.3,3,0.8,0,0,6.3,1.6,6.3,647
14,102,2,5,2.7,1.3,0.1,0,0.1,2.7,0.5,2.2,267.3
14,103,1,5,2.7,1.3,0.1,0,0.1,2.7,0.5,2.2,267.3
14,104,1,1,0.5,0.3,0,0,0,0.5,0.1,0.4,53.5
14,106,1,4,1.9,0.9,0.3,0,0.3,1.9,0.4,1.8,194.6
14,107,3,22,10.7,5,1.6,0,1.6,10.7,2.2,10.1,1070.1
14,109,3,4,2,0.8,0,0,0.4,2,0.3,2,221.7
14,110,2,10,4.9,1.7,0,0,1,4.9,0.7,4.9,554.4
14,112,1,6,3.3,1.5,0,0.6,0,2.7,0.6,2.1,361.5
14,113,1,3,1.5,0.8,0.1,0.4,0.2,1.1,0.5,0.6,117.4
14,114,2,8,4,2.2,0.2,1,0.5,3,1.3,1.7,312.9
14,115,1,1,0.7,0.5,0,0,0.1,0.7,0.2,0.6,66.5
14,116,3,9,6.2,4.5,0,0,0.6,6.2,1.7,5.1,598.5
14,119,5,46,20.3,6.3,1.4,0.8,1.9,19.5,3.2,19,2142.7
14,120,4,36,16.4,5,0.8,0,1.6,16.4,1.1,15.4,1615.8
14,122,2,19,8.9,3.6,0.4,0,0.8,8.9,0,6.5,897.9
14,123,4,26,12.2,5.1,0.6,0,1.1,12.2,0,8.8,1228.7
14,126,3,18,8,2.9,0.3,0,0.1,8,1.4,8,915
14,127,1,2,0.9,0.3,0,0,0,0.9,0.1,0.9,98.5
22,1,2,104,41.5,7.6,0.2,0.1,2.5,41.4,1.2,39.2,4399.5
22,2,4,150.5,72.5,28.5,2.5,11.4,6.5,61.1,8,53.4,7216.4
22,6,1,13,5.1,1.4,0.5,0.3,0,4.8,1.2,4.1,578.5
22,7,3,23,9,2.5,0.8,0.5,0,8.5,2.1,7.2,1023.5
22,9,3,16,5.9,1.1,0.5,0,0.2,5.9,0.7,5.3,620.7
22,10,5,30,9.9,1.2,1.2,0,0.4,9.9,0.9,9.9,1127.6
22,11,4,67,26.9,7,2.2,0.8,1.5,26.1,2.8,23.1,3233.2
22,12,7,96,44,15.5,2.8,5.8,3.3,38.2,5.1,32.7,5193.1
22,17,1,2,0.9,0.1,0.1,0,0.2,0.9,0.2,0.8,85.5
22,19,3,12,6.5,2.7,0,0.3,1,6.2,0.7,5.5,691.9
22,23,3,14,7,2.4,0,0,0.3,7,2.1,6.2,786.1
22,26,1,1,0.6,0.4,0,0,0,0.6,0.1,0.6,65.5
22,28,2,4,2,0.9,0.1,0,0,2,0.3,1.9,243.5
22,29,1,8,3.9,1.8,0.2,0,0,3.9,0.6,3.7,487
22,31,2,5,3.6,2.4,0,0,0,3.6,0.5,3.6,370.5
22,33,2,8,5.9,3.8,0,0,0,5.9,0.8,5.9,592.8
22,34,1,2,1.5,0.9,0,0,0,1.5,0.2,1.5,148.2
22,35,2,12,6,2.8,0,0,0.9,6,1.3,3.7,637.3
22,36,3,6,3,1.3,0,0,0.2,3,0.6,2.4,330.2
22,37,4,69,31.8,10.5,1.7,1,1,30.8,7.1,26.4,3452
22,42,3,18,9,4,0.4,1,1,8,2,7.6,968.4
22,50,2,3,1.5,0.6,0.1,0.1,0,1.4,0.4,0.9,170.3
22,51,2,3,1.5,0.6,0.1,0.1,0,1.4,0.4,1,165.5
22,53,2,7,3.3,1.6,0,0,0,3.3,0.6,2.8,363.7
22,54,2,3,1.5,0.6,0,0,0,1.5,0.3,1.2,155.9
22,55,2,8,3.4,0.8,0,0,0.2,3.4,0.6,3.4,366.2
22,56,1,4,1.7,0.4,0,0,0.1,1.7,0.3,1.7,183.1
22,57,2,8,3.2,1.1,0,0,0,3.2,0.3,2.9,352.9
22,58,4,13,6.5,3,0.3,0,0.3,6.5,2.1,5.7,632.2
22,59,4,15,8,3.8,0.2,0,0.2,8,1.6,6.9,768.1
22,60,3,9,5.2,2.4,0,0,0,5.2,0.3,4.4,495.5
22,61,3,21,10.6,4.6,0.5,0,1,10.6,1.3,9.7,1088
22,62,1,4,2,0.9,0.1,0,0.2,2,0.3,1.8,205.1
22,66,1,2,0.9,0.3,0.1,0,0,0.9,0.2,0.8,84.9
22,67,1,7,3.1,1,0.4,0,0.1,3.1,0.6,2.8,297.2
22,68,2,3,1.7,0.9,0,0,0.2,1.7,0.4,1.5,159.6
22,69,3,23,11.7,4.9,0.3,0.2,0.9,11.5,2.5,10.9,1149.3
22,70,1,2,0.9,0.3,0.1,0,0,0.9,0.2,0.8,91.5
22,78,1,3,1.7,0.9,0.1,0,0,1.7,0.2,1.5,183.3
22,79,1,3,1.7,0.9,0.1,0,0,1.7,0.2,1.5,183.3
22,80,3,3,1.8,0.9,0,0,0,1.8,0.3,1.5,183.3
22,81,2,8,4.4,1.5,0,0,0.5,4.4,0.9,4,362.4
22,82,4,69,36.9,14.7,1,3,2.3,33.9,9.2,28,3206.9
22,83,1,7,3.8,1.3,0,0,0.5,3.8,0.8,3.5,317.1
22,84,4,5,2.4,0.8,0,0,0.2,2.4,0.5,2.3,221.1
22,85,2,10,4.2,0.8,0,0,0.4,4.2,0.8,4.2,425.8
22,86,1,4,1.7,0.3,0,0,0.2,1.7,0.3,1.7,170.3
22,87,3,7,3.9,1.4,0,0,0.4,3.9,0.3,3.6,386
22,88,1,1,0.4,0.1,0,0,0,0.4,0.1,0.4,37.5
22,89,3,16,6.7,1.7,0.5,0,0.7,6.7,0.7,6.6,625.8
22,90,1,2,0.9,0.2,0.1,0,0.1,0.9,0,0.8,87.6
22,91,4,20,8.9,1.5,0.2,0,1.8,8.9,0.9,7.8,1001.3
22,92,3,11,5,0.7,0,0,1.1,5,0.7,4.2,580.2
22,93,2,6,2.3,0.6,0.2,0,0.1,2.3,0.3,2,246.4
22,94,4,35,14.4,4.2,0.9,0,1,14.4,1.9,12.8,1547.4
22,95,2,11,6.7,3.1,0,0,1.2,6.7,1.2,6.2,694.2
22,96,1,1,0.5,0.2,0,0,0,0.5,0.2,0.4,49.7
22,97,2,18,9,3.9,0.5,0,0,9,2.8,6.7,894.9
22,98,1,2,0.8,0.2,0.1,0.1,0,0.7,0.2,0.7,76.6
22,99,2,20,7.5,1.6,0.9,1.2,0,6.3,1.6,6.6,765.9
22,100,6,94.5,50.1,23.6,1.8,7.4,5.5,42.7,13,40.7,5540.9
22,101,2,8,3.8,1.5,0.2,0.5,0.6,3.3,0.7,3.2,377.7
22,103,2,11.5,4.6,0.7,0.4,0,1,4.6,0.4,4,474.5
22,104,2,8,3.2,0.6,0.2,0,0.6,3.2,0.2,2.8,330.2
22,105,1,1,0.5,0.2,0,0,0.1,0.5,0.1,0.5,51.1
22,106,1,1,0.5,0.2,0,0,0.1,0.5,0.1,0.5,51.1
22,107,4,10,5.3,2,0.3,0.3,0.6,5,0.6,4.7,510.8
22,108,5,43,22.5,11.2,0,2.4,1.4,20.1,2.7,17.4,2185.1
22,109,2,4,2,0.8,0,0.1,0.3,1.9,0.1,1.6,208.4
22,110,3,23.5,10.8,3,0,0,1.2,10.8,3,9.5,1115.6
22,113,1,1.5,0.9,0.4,0,0,0.1,0.9,0.2,0.7,79.3
22,114,1,1,0.5,0.3,0,0,0,0.5,0.1,0.5,42.5
22,121,1,2,1.4,0.9,0,0.1,0.1,1.3,0.3,1.3,116.9
22,123,2,3,2.1,1.3,0,0.1,0.1,2,0.5,2,175.3
11,2,2,24,10.5,2.9,0,0.9,0.9,9.6,0.9,7.7,1206.7
11,3,1,8,3.5,1,0.3,0,0,3.5,0.9,3,383.7
11,4,2,15,6.5,1.9,0.7,0,0,6.5,1.6,5.5,712.9
11,7,1,4,1.6,0.5,0.3,0,0.1,1.6,0.2,1.4,165.9
11,10,1,3,1.3,0.4,0.1,0.1,0.2,1.2,0.3,1.1,150.7
11,11,1,6,2.6,1.2,0.5,0,0,2.6,1,1.7,271.7
11,20,1,5,3,1.4,0,0.2,0.1,2.8,0.7,2.8,316
11,25,1,1,0.6,0.3,0,0.1,0,0.5,0.1,0.5,60.2
11,27,2,4,2.3,1.3,0.1,0.2,0,2.1,0.4,1.9,240.8
11,32,2,8,4.5,2.3,0,0,0.3,4.5,1.3,4.1,524.8
11,33,2,11,6.1,3.1,0,0,0.5,6.1,1.7,5.7,721.6
11,36,1,2,1,0.3,0,0,0.1,1,0.2,0.8,110.3
11,38,3,13,7.8,4,0,0,1.2,7.8,3.1,6.6,863.9
11,39,1,1,0.6,0.3,0,0,0.1,0.6,0.2,0.5,66.5
11,40,1,3,1.8,0.9,0,0,0.3,1.8,0.7,1.5,199.4
11,42,1,1,0.6,0.3,0,0,0,0.6,0.3,0.4,50.7
11,43,1,2,1.3,0.6,0,0.1,0,1.2,0.5,0.8,101.4
11,45,1,2,1,0.2,0,0,0.2,1,0.1,0.8,135.4
11,48,2,13,6.7,3.7,0.4,0,0.4,6.7,2.1,5.9,593.4
11,49,1,1,0.5,0.3,0,0,0,0.5,0.2,0.5,45.6
11,52,2,3,2.4,1.9,0,0,0.2,2.4,1.3,2.4,192.9
11,53,1,3,2.4,1.9,0,0,0.2,2.4,1.3,2.4,192.9
11,55,1,1,0.7,0.5,0,0,0,0.7,0,0.7,75.4
11,56,1,3,2.2,1.4,0,0,0,2.2,0,2,226.2
11,57,1,4,2.9,1.9,0,0,0,2.9,0,2.7,301.6
11,59,1,1,0.6,0.3,0,0,0.1,0.6,0.2,0.5,53.7
11,60,2,3,1.8,1,0,0,0.2,1.8,0.6,1.5,161.2
11,61,2,3,1.8,1,0,0,0.2,1.8,0.6,1.5,161.2
11,62,1,1,0.5,0.2,0,0.1,0.1,0.4,0.3,0.4,42.3
11,64,2,6,3,1.1,0,0,0.2,3,0.8,2.6,280.6
11,68,1,6,3.2,1.3,0.1,0,0,3.2,0.7,2.5,347.2
11,69,2,5,2.6,1,0.1,0,0,2.6,0.6,2.1,289.3
11,72,2,11,7.4,4.7,0,0,0,7.4,2.1,6.8,752.7
11,73,1,1,0.7,0.4,0,0,0,0.7,0.2,0.6,68.4
11,75,1,3,1.8,0.6,0,0,0.1,1.8,0.2,1.8,138.1
11,76,2,3,1.8,0.6,0,0,0.1,1.8,0.3,1.8,138.1
11,78,3,23,8.2,2.5,1.8,3.1,1.3,5.1,2.5,3.1,815.6
11,79,2,11,4.6,1.7,0.6,1.2,0.6,3.4,1,2.7,435.7
11,80,1,2,1.2,0.6,0,0.1,0.1,1.1,0.1,1,101.3
11,82,1,4,2.2,1,0,0.1,0,2.1,0.6,1.8,213.1
11,84,1,2,1,0.5,0.1,0,0,1,0.2,0.7,86.5
11,85,2,8,4.1,2.2,0.5,0,0,4.1,0.9,2.9,345.9
11,86,1,5,2.6,1.4,0.3,0,0,2.6,0.5,1.8,216.2
11,87,1,1,0.5,0.3,0.1,0,0,0.5,0.1,0.4,43.2
11,88,1,4,2.5,1.3,0,0,0.3,2.5,0.6,2.2,222.2
11,90,3,14,8.5,4.4,0,0,0.9,8.5,2.3,7.6,777.6
11,91,3,19,9.7,4.5,0.4,0,0.9,9.7,3.1,7.9,976.5
11,92,1,3,1.5,0.7,0.1,0,0.1,1.5,0.5,1.3,154.2
11,93,3,15.5,7.9,3.5,0.3,0,0.7,7.9,2.5,6.5,796.7
11,94,1,3,2,1,0,0,0.2,2,0.9,1.7,172.5
11,96,1,4,2.6,1.4,0,0,0.3,2.6,1.2,2.3,230
11,99,1,1,0.5,0.3,0,0,0,0.5,0.1,0.4,53.5
11,100,1,7,3.7,1.8,0.2,0,0.2,3.7,0.7,3.1,374.3
11,102,2,11,6,2.6,0.2,0.4,0.6,5.6,2.2,4.3,523.6
11,105,1,7,2.9,1.1,0.6,0.3,0.3,2.6,0.5,2.5,270.6
11,106,1,12,5,1.9,1,0.6,0.6,4.4,0.8,4.3,463.9
11,111,4,15.5,7.5,2.2,0.3,0,0.8,7.5,2.9,6.6,714.4
11,112,2,7,4.5,2.8,0,0,0,4.5,1.6,4.2,428.6
11,113,1,2,1.3,0.8,0,0,0,1.3,0.5,1.2,122.5
11,114,1,4,2.4,1.3,0,0.3,0.1,2.1,0.4,1.9,232.1
11,115,4,28,17,8.8,0,2.5,0.5,14.5,3,13.5,1625
11,116,4,15,9.1,4.6,0,1.4,0.2,7.7,1.6,7.3,870.6
11,117,1,1,0.6,0.3,0,0.1,0,0.5,0.1,0.5,58
11,118,2,17.5,7.7,2.3,0,0,0,7.7,1.7,7.1,910.6
11,119,2,3.5,1.5,0.4,0,0,0,1.5,0.3,1.4,182.1
11,120,1,2,0.9,0.3,0,0,0,0.9,0.2,0.8,104.1
11,121,3,17,8,2.7,0,0,1,8,1.1,6.4,1040
11,122,2,8.5,4.2,1.5,0,0,0.9,4.2,0.3,3,574.4
11,123,1,51.5,23.2,9.3,0,0,2.8,23.2,2.8,22.4,2228.8
11,124,3,10,4.2,1.2,0.2,0,0.5,4.2,0.9,3.7,429.8
11,125,1,5,2.2,0.6,0.1,0,0.3,2.2,0.6,1.9,216.2
11,126,2,4,1.7,0.5,0.1,0,0.3,1.7,0.5,1.5,172.9
11,127,5,33,17.9,9.3,0,0,0.8,17.9,0,17.1,1901.6
23,1,4,118.5,57,22.8,1.3,12.2,4,44.8,6.2,39.6,6012.5
23,2,3,108,71.9,47.4,0.1,43.1,6.1,28.8,18.5,24.5,5764.5
23,4,1,2,1.1,0.5,0,0.1,0,1,0.2,0.9,138.4
23,6,1,14,5.4,1.6,0.5,0.2,0,5.2,1.3,4.4,623
23,7,1,4,1.6,0.4,0.1,0.1,0,1.5,0.4,1.3,178
23,10,1,2,0.9,0.3,0,0,0.1,0.9,0.2,0.6,84.8
23,12,2,2,1,0.4,0,0,0,1,0.2,0.8,114.8
23,18,1,5,2,0.7,0.2,0,0.2,2,0.2,1.9,240.2
23,19,3,33,14.3,5,1.1,0.5,1.4,13.8,1.5,12.9,1652.4
23,20,1,2,1.1,0.5,0,0.1,0.2,1,0.1,0.9,115.3
23,21,1,1,0.5,0.2,0,0,0.1,0.5,0.1,0.5,57.7
23,28,2,6,3,1.3,0.1,0,0,3,0.4,2.8,365.3
23,31,1,2,1,0.4,0,0,0,1,0.1,0.9,121.8
23,32,1,2,1.5,0.9,0,0,0,1.5,0.2,1.5,148.2
23,35,2,2,1,0.4,0,0,0.2,1,0.2,0.6,106.2
23,36,1,2,1,0.4,0,0,0,1,0.2,0.9,112
23,37,1,2,1,0.4,0,0,0,1,0.2,0.9,112
23,41,1,4,2,0.9,0.1,0.2,0.2,1.8,0.4,1.7,215.2
23,42,3,5,2.5,1,0.2,0.3,0.3,2.2,0.5,2,269
23,44,1,1,0.5,0.2,0,0.1,0.1,0.4,0.1,0.4,53.8
23,46,3,8,4.9,3.1,0,0.3,0,4.6,1.1,3.9,445.7
23,47,1,4,2.5,1.5,0,0.2,0,2.3,0.6,1.9,222.9
23,49,1,2,1,0.4,0.1,0.1,0,0.9,0.3,0.6,113.5
23,50,1,3,1.5,0.6,0.1,0.1,0.1,1.4,0.4,0.9,170.3
23,55,1,4,1.7,0.4,0,0,0.1,1.7,0.3,1.7,183.1
23,56,3,9,3.7,1.2,0,0,0.1,3.7,0.4,3.5,401.9
23,57,5,24.5,10.2,3.2,0,0,0.4,10.2,1.3,9.5,1098.9
23,58,2,4,2,0.9,0.1,0,0.1,2,0.7,1.7,194.5
23,60,4,21,11,4.4,0.2,0,0.4,11,0.8,9.3,1057.8
23,61,5,12,6.2,2.8,0.2,0,0.6,6.2,0.7,5.6,622.9
23,62,4,31,15.3,6.6,0.8,0,1.6,15.3,2.1,14,1592.2
23,63,3,13,6.4,2.7,0.3,0,0.8,6.4,0.9,6,666.5
23,68,5,27,14.7,7,0.1,0,1.4,14.7,3.2,13.5,1406.8
23,70,1,1,0.4,0.1,0,0,0,0.4,0.1,0.4,45.8
23,72,1,1,0.5,0.1,0,0,0.1,0.5,0.1,0.4,44.8
23,73,1,1,0.5,0.1,0,0,0.1,0.5,0.1,0.4,44.8
23,80,3,18,10,5.2,0.4,0,0,10,1.3,9.1,1100
23,81,1,2,1.1,0.4,0,0,0.1,1.1,0.2,1,90.6
23,83,1,15,7.3,2.5,0.3,0.3,0.4,7,0.7,6.5,799.4
23,84,2,11,5.9,2,0.1,0.1,0.7,5.8,0.4,5.4,601.1
23,86,5,15,6.8,1.6,0,0,0.6,6.8,0.9,6.5,686.7
23,87,2,3,1.7,0.6,0,0,0.2,1.7,0.1,1.5,165.4
23,88,3,22.5,9.5,2.5,0.6,0,0.6,9.5,1.4,9.5,844.9
23,89,1,2,0.9,0.2,0.1,0,0.1,0.9,0,0.8,87.6
23,90,1,2,0.9,0.2,0.1,0,0.1,0.9,0,0.8,87.6
23,91,2,4,1.8,0.3,0.1,0,0.3,1.8,0.2,1.5,193
23,92,4,11,5.7,2.4,0.2,0,0.6,5.7,1.4,5,561.7
23,93,2,3,1.6,0.9,0.1,0,0.1,1.6,0.5,1.5,150.3
23,94,3,51,23.4,7.2,0.9,4,3.6,19.4,2.5,21.1,2478.9
23,96,3,10,5.2,2.4,0.2,0,0,5.2,1.3,4.5,516.7
23,97,3,8,4,1.7,0.3,0,0,4,1.2,3.1,397.7
23,98,2,6,2.3,0.5,0.3,0.3,0,2,0.5,2,229.8
23,101,2,8,3.6,1.2,0.2,0.3,0.5,3.3,0.5,3.1,361.9
23,102,3,10,4,0.7,0.3,0,0.7,4,0.3,3.6,412.7
23,103,3,18,8.3,2.7,0.5,0,0.9,8.3,0.5,7.3,816.8
23,104,5,20,8.8,2.2,0.6,0.1,1.2,8.7,0.8,7.7,897.9
23,106,2,4,2.1,0.8,0.1,0.1,0.3,2,0.3,1.9,204.3
23,107,1,3,1.6,0.6,0.1,0.1,0.2,1.5,0.2,1.4,153.2
23,108,4,89,34.6,10.3,2.8,0.8,6,33.8,3.7,25.1,3569.3
23,109,3,6,2.9,1.1,0,0.1,0.4,2.8,0.4,2.4,303.3
23,110,3,7,3.2,0.9,0,0,0.4,3.2,0.9,2.8,332.3
23,111,1,1,0.5,0.1,0,0,0.1,0.5,0.1,0.4,47.5
23,113,2,6,3.6,1.5,0,0,0.4,3.6,0.9,2.9,317.3
23,114,2,7,3.9,1.9,0.1,0,0.3,3.9,0.8,3.3,328.5
23,115,1,1,0.5,0.3,0,0,0,0.5,0.1,0.5,42.5
23,116,3,12,6.2,3.4,0.4,0,0.4,6.2,1.3,5.8,509.8
23,117,2,10,5.2,2.8,0.3,0,0.3,5.2,1.1,4.8,424.8
23,118,1,3,2.1,1.3,0,0.1,0.1,2,0.5,2,175.3
23,123,1,3,2.1,1.3,0,0.1,0.1,2,0.5,2,175.3
23,126,1,1,0.4,0.2,0,0,0,0.4,0.1,0.4,32.1
23,127,1,1,0.4,0.2,0,0,0,0.4,0.1,0.4,32.1
24,1,2,35,12.7,2.3,0.7,0,0.7,12.7,0.7,11.9,1400.7
24,2,1,1,0.4,0.1,0,0,0,0.4,0,0.3,40
24,3,1,5,2.7,1.2,0,0.1,0,2.6,0.5,2.3,345.9
24,4,2,32,17.2,7.4,0,0.8,0,16.4,3.2,14.8,2213.7
24,5,1,6,2.3,0.4,0.1,0.3,0.3,2,0.5,1.9,308.9
24,6,2,8,3.1,0.5,0.1,0.4,0.4,2.7,0.7,2.5,411.9
24,9,4,19,8.9,2.7,0,0,0.6,8.9,1.8,5.9,805.4
24,10,3,29,13.5,4.3,0,0,1,13.5,2.7,9.2,1229.3
24,13,2,15,7,2.4,0.4,0.4,0.5,6.6,0.9,5.4,861.6
24,14,1,3,1.3,0.2,0.1,0,0.3,1.3,0.3,1.2,128.2
24,16,1,9,3.9,0.6,0.3,0,1,3.9,1,3.5,384.8
24,17,1,6,2.6,0.4,0.2,0,0.6,2.6,0.6,2.4,256.5
24,18,4,24,9.7,3.2,1,0.2,0.9,9.5,1,8.9,1152.9
24,19,4,69,35,18.3,2.4,8.3,4.2,26.7,8.4,23.9,3355.2
24,20,1,1,0.5,0.2,0,0,0.1,0.5,0.1,0.5,57.7
24,23,2,9,4.5,1.5,0,0,0.2,4.5,1.3,4,505.3
24,26,3,8,5,3,0,0.4,0.2,4.6,0.9,4.6,523.9
24,29,4,15,7.4,3.2,0.3,0,0,7.4,1,6.9,913.2
24,33,1,2,1.5,0.9,0,0,0,1.5,0.2,1.5,148.2
24,35,1,4,2.3,1.4,0.1,0.4,0.1,1.9,0.3,1.8,274.3
24,36,1,3,1.5,0.7,0,0,0.2,1.5,0.3,0.9,159.3
24,39,1,2,1,0.4,0.1,0.1,0.1,0.9,0.2,0.8,107.6
24,43,1,2,1,0.4,0.1,0.1,0.1,0.9,0.2,0.8,107.6
24,45,1,3,1.9,1.1,0,0.2,0,1.7,0.4,1.4,167.1
24,46,1,4,2.5,1.5,0,0.2,0,2.3,0.6,1.9,222.9
24,48,3,26,13.2,5.6,0.9,0.9,0.5,12.3,3.6,7.8,1475.6
24,49,1,2,1,0.4,0.1,0.1,0,0.9,0.3,0.6,113.5
24,51,1,9,4.3,2,0,0,0,4.3,0.8,3.5,467.6
24,53,1,3,1.4,0.7,0,0,0,1.4,0.3,1.2,155.9
24,55,4,16,6.9,1.7,0,0,0.5,6.9,1.2,6.6,732.3
24,57,3,9,3.9,0.9,0,0,0.3,3.9,0.6,3.8,411.9
24,58,2,10,5,2.4,0.2,0,0.2,5,1.6,4.4,486.4
24,59,2,10,4.4,1.4,0.3,0,0.5,4.4,0.6,3.9,439.3
24,60,9,81,34.7,9.2,1.8,0,3.9,34.7,3.3,30.2,3462.3
24,61,2,335,162.4,67.6,6.3,53.3,13.4,109.1,46.6,93.2,15401.4
24,62,6,224,118,58.1,5.8,33.2,9.2,84.8,30.3,68,11792.3
24,63,1,71,40.5,19.2,0,6.7,5.8,33.8,11.4,25.7,3503.1
24,64,4,22,10.7,3.8,0.3,1.2,0.7,9.5,1.4,8.4,990
24,65,3,15,6.6,2.1,0.9,0,0.3,6.6,1.2,6,636.9
24,66,5,41,18.8,7.2,1.4,0,0.6,18.8,2.2,15,1806.3
24,67,1,43,22.6,8.8,0.3,0,1.2,22.6,2.5,20.5,1835.1
24,70,2,29,12.5,3.8,0.9,0.5,0.5,12,2.4,12.1,1327.3
24,71,3,19.5,8.6,2.5,0.3,0.2,0.9,8.4,1.5,8.2,883.5
24,73,1,2,0.9,0.3,0,0,0.2,0.9,0.2,0.9,89.7
24,75,2,17,6.6,0.6,0.2,0,0.4,6.6,0.6,6.2,793.6
24,76,1,3,1.2,0.1,0,0,0.1,1.2,0.1,1.1,140.1
24,80,2,4.5,2.5,1.3,0.1,0,0,2.5,0.3,2.3,275
24,82,1,4,2.2,0.7,0,0,0.3,2.2,0.5,2,181.2
24,83,5,44.5,21.6,7.3,0.8,0.9,1.2,20.7,1.9,19.3,2371.7
24,84,3,7,3.6,1.2,0.1,0.2,0.3,3.4,0.3,3.2,376.8
24,85,1,2,1.1,0.4,0,0,0.1,1.1,0.1,1,110.3
24,86,4,21,9.5,2.3,0.3,0.3,0.3,9.2,0.3,8.7,1002.7
24,87,4,21,9.6,2.2,0.3,0.3,0.3,9.3,0.3,8.7,1002.6
24,88,1,1,0.4,0.1,0,0,0.1,0.4,0,0.4,43.8
24,89,3,16,6.9,1.9,0.6,0,0.8,6.9,0.7,5.4,700.1
24,90,5,59,25.2,7.3,2,0,2.5,25.2,2.5,19.3,2581.3
24,91,2,5,2.7,1.5,0.2,0,0.2,2.7,0.8,2.5,250.6
24,92,2,2,1,0.6,0,0,0,1,0.4,1,100.2
24,93,1,2,1.1,0.6,0.1,0,0.1,1.1,0.3,1,100.2
24,94,3,10,5.4,2.9,0.2,0,0.2,5.4,1.4,4.9,511.6
24,95,1,1,0.5,0.3,0,0,0,0.5,0.1,0.5,53.6
24,96,1,3,1.6,0.8,0,0,0,1.6,0.3,1.5,160.8
24,98,2,7,2.7,0.6,0.3,0.4,0,2.3,0.6,2.4,268.1
24,99,3,9,3.4,0.8,0.3,0.5,0,2.9,0.8,3,344.7
24,100,1,3,1.1,0.2,0.1,0.2,0,0.9,0.2,1,114.9
24,102,1,4,1.6,0.3,0.1,0,0.3,1.6,0.1,1.4,165.1
24,103,4,21,10.5,4.3,0.7,0,0.7,10.5,0.7,9.2,1008
24,104,1,1,0.5,0.2,0,0,0,0.5,0,0.4,48
24,106,2,10,6.2,2.8,0,0.2,0.1,6,0.6,5.5,619.8
24,107,1,4,2.1,0.8,0.1,0.1,0.2,2,0.2,1.9,204.3
24,108,4,15,6.4,2.3,0.5,0.4,0.5,6,0.5,6.3,663.7
24,109,5,14,6,2.3,0.5,0.3,0.5,5.7,0.5,5.7,619.3
24,110,1,2,0.9,0.3,0,0,0.1,0.9,0.3,0.8,94.9
24,111,2,6,3,1,0,0,0.3,3,0.8,2.6,295.7
24,113,3,4,2.4,1.1,0,0,0.3,2.4,0.5,2,211.6
24,115,4,12,6.2,3.4,0.5,0,0.5,6.2,1.3,5.8,509.8
24,117,2,6,3.1,1.7,0.2,0,0.2,3.1,0.7,2.9,254.9
24,118,1,2,1.4,0.9,0,0.1,0.1,1.3,0.3,1.3,116.9
24,119,1,3,2.1,1.3,0,0.1,0.1,2,0.5,2,175.3
24,122,1,1,0.7,0.4,0,0,0,0.7,0.2,0.7,58.4
24,126,1,1,0.4,0.2,0,0,0,0.4,0.1,0.4,32.1
119,0,1,2,1,0.4,0.1,0,0.2,1,0.4,0.9,77.7
119,4,2,5,2.6,1,0.2,0,0.5,2.6,1,2.2,194.3
119,8,3,5,2.8,1.7,0.2,0,0.2,2.8,1,2,270.5
119,16,1,1,0.5,0.3,0,0,0,0.5,0.1,0.4,62.5
119,19,2,3,1.4,0.4,0.1,0,0.1,1.4,0.2,1.2,131
119,20,1,3,1.4,0.4,0.1,0,0.1,1.4,0.2,1.2,131
119,25,1,2,0.8,0.3,0.1,0.1,0.1,0.7,0.1,0.7,98.1
119,26,2,4,1.4,0.3,0.1,0.2,0.2,1.2,0,1.4,186
119,27,5,40,13.8,2.8,1.8,1.8,0.9,12,0,13.8,1825.1
119,28,1,5,1.8,0.3,0,0,0.2,1.8,0.3,1.5,201.9
119,33,1,4,1.6,0.4,0,0,0,1.6,0,1.3,205.1
119,36,2,13,6,1.8,0.3,1.1,0.3,4.9,0.8,4.4,609.2
119,39,1,6,2.4,1,0.4,0.3,0,2.1,0.4,2,282.4
119,40,1,7,2.8,1.2,0.5,0.3,0,2.5,0.5,2.3,329.5
119,41,1,1,0.4,0.2,0.1,0,0,0.4,0.1,0.3,47.1
119,43,2,8,3.2,1.2,0.4,0.8,0,2.4,0.4,2.6,354.4
119,44,4,82,30.2,8.3,3.3,4.3,0.3,25.9,4.5,24.5,3430
119,45,2,10,3.7,0.9,0.4,0,0.4,3.7,0.1,3.3,534.1
119,46,2,12.5,4.6,1.1,0.4,0,0.4,4.6,0.2,4.1,667.7
119,50,4,23,11,3.8,0.5,1.8,2.2,9.2,1.6,9.3,1313.2
119,51,2,5,2,0.5,0,0.2,0.2,1.8,0.3,1.9,247.6
119,52,3,10.5,3.9,0.8,0,0.2,0.2,3.7,0.5,3.9,500.1
119,54,2,16,7,2.6,0.7,1.1,0.2,5.9,0.8,6.2,735.1
119,55,1,2,0.9,0.4,0.1,0,0,0.9,0.1,0.8,95.2
119,56,2,6,2.7,1.1,0.3,0.1,0.1,2.6,0.3,2.5,285.6
119,57,1,14,6.2,2.6,0.7,0.3,0.2,5.9,0.7,5.9,666.3
119,58,4,292.5,109.2,26.9,12.6,23.5,3.7,85.7,13.9,96.2,10271
119,59,6,151,53.7,12.1,9.1,12.1,2.3,41.6,5.3,42.4,5163.8
119,60,6,90.5,34.8,3.2,3.1,4.1,3.1,30.7,0.8,28.9,3584.4
119,61,1,1082,484.8,177,23.7,263.4,41.3,221.4,45.2,282.2,40981.9
119,62,3,562.5,244.7,83.6,12.7,142.6,25.7,102.1,19.6,143.5,21488.6
119,63,4,78,26.3,5.1,3,0,3,26.3,2,21.9,3273.8
119,64,2,236.5,101.6,33.4,4.6,26,8.6,75.6,16.6,71.9,9499.2
119,65,7,155.5,61.3,13.3,2.4,12.8,4.4,48.5,2.8,46.2,6237.2
119,66,7,71,29.5,9.8,3.5,7.3,1.6,22.2,4.1,20.9,3005.4
119,67,3,633,248.1,60.7,27.5,105,40.5,143.1,28.7,140.4,20705.5
119,68,0,926,404,116,22,169,51,235,33,272,35588
119,69,3,535.5,202.8,37.9,17.4,25,15.2,177.8,6,184.4,21844.8
119,70,5,184.5,76.3,10.4,2.1,2.8,7.2,73.5,4,72.2,7772.6
119,71,6,38,15.1,2,0.8,0.9,1.1,14.2,0.4,13.7,1646
119,72,2,12,4.8,0.6,0.2,0.1,0.2,4.7,0.2,4.5,547
119,73,5,59,21.7,1,2.6,0.4,1.4,21.3,0,21,2472.1
119,74,3,14,5.2,0.2,0.6,0.1,0.4,5.1,0,5,586.6
119,75,1,4,1.8,0.7,0.2,0.1,0,1.7,0.5,1.8,210.6
119,76,3,7,3.3,1.2,0.5,0.3,0,3,0.7,3.3,368.7
119,77,1,1,0.5,0.2,0.1,0.1,0,0.4,0.1,0.5,52.7
119,78,4,10,4.5,1.9,0.3,0.2,0.3,4.3,0.1,4.3,505.7
119,79,4,328.5,140.2,36.7,8.1,36.3,6.1,103.9,8.6,109.3,14749.8
119,80,3,99,29.2,2.4,5,3.4,1,25.8,1,26.3,3357.9
119,81,1,7,2.4,0.4,0.6,0.3,0.1,2.1,0.3,2.2,250.2
119,82,2,32,10.9,2,2.7,1.4,0.6,9.5,1.4,10.2,1143.8
119,83,4,141.5,57.4,14.7,7.4,8.9,4.9,48.5,5,43.5,6068.2
119,84,6,56,20.7,4.9,2.7,1.6,1.7,19.1,0.2,19,2451.2
119,85,6,42,16.2,3.5,1.6,2.2,1.3,14,2.6,13.5,1834.9
119,86,4,39,14.7,4.1,1.7,1.8,0.4,12.9,1.4,12.3,1649.8
119,87,2,4,1.4,0.4,0.2,0.2,0,1.2,0.2,1.2,167
119,88,3,20,7.9,1.9,1.1,0.8,0.8,7.1,0.3,7.1,979.4
119,89,1,11,3.8,0.3,0.8,0,0,3.8,0.3,3.5,460.7
119,90,2,8,2.7,0.1,0.5,0,0,2.7,0.1,2.5,335.1
119,91,2,15,5.1,0.6,1,0.4,0.2,4.7,0,4.1,599.4
119,92,6,93,30.3,2.6,7.8,1.1,2.5,29.2,1,25.6,3696.4
119,93,3,17.5,6.1,0.6,0.6,1.5,0,4.6,0.6,4.6,727.9
119,94,2,9,3.4,0.5,0.2,0.6,0,2.8,0.4,2.8,402.6
119,95,3,4,1.7,0.4,0,0.1,0,1.6,0.3,1.6,204
119,96,2,10,4,1.2,1,0,0.4,4,0.4,2.8,458.4
119,97,4,12,4.8,1.4,1.2,0,0.4,4.8,0.4,3.3,550.1
119,98,2,6,2.2,0.5,0.2,0,0.1,2.2,0.2,1.8,231
119,99,3,58,19.5,2.6,3.1,0,1.1,19.5,1.6,17,2216.6
119,100,4,60,21.2,1.2,1.1,0,1.4,21.2,0.4,19.8,2341.6
119,101,1,1,0.4,0.1,0,0,0,0.4,0.1,0.4,48
119,102,1,10,4,1.2,0,0,0.4,4,0.7,3.5,479.9
119,103,3,9,3.6,1,0,0,0.4,3.6,0.6,3.2,431.9
119,104,3,12,5,1.6,0.1,0,0.2,5,0.8,4.5,568.2
119,105,3,13,5.7,1.9,0.1,0,0,5.7,0.7,5,611.5
119,106,1,4,1.7,0.6,0.1,0,0,1.7,0.2,1.5,188.2
119,107,6,18,7.8,2.6,0.2,0,0,7.8,1,6.9,846.7
119,108,2,9,3.7,0.6,0.2,0.4,0.2,3.3,0.8,3.1,474.3
119,109,2,5,2,0.3,0.1,0.2,0.1,1.8,0.5,1.7,263.5
119,110,3,8,3.2,0.5,0.1,0.3,0.1,2.9,0.8,2.7,421.6
119,111,2,5,2,0.4,0.1,0.2,0.1,1.8,0.5,1.8,263.7
119,112,2,6,2.7,0.9,0.1,0,0.1,2.7,0.4,2.3,317.4
119,113,3,10,4.5,1.5,0.2,0,0.2,4.5,0.7,3.8,529
119,114,1,2,0.9,0.3,0,0,0,0.9,0.1,0.8,105.8
119,115,7,22,8.8,2.2,0.3,0,0.3,8.8,0,7.4,938.6
119,116,3,11,4.4,1,0.2,0.3,0.5,4.1,0,3.8,510.5
119,117,4,32,12.9,2.8,0.5,1.1,1.7,11.8,0,11.3,1553.5
119,118,6,26,9.2,0,0,0,0,9.2,0,9.2,1171.4
119,119,5,15,6,1,0.1,0.1,0.3,5.9,0,5.7,743.4
119,120,2,7,3.3,1.2,0.2,0.2,0.3,3.1,0,2.9,394.3
119,121,3,6,2.1,0.4,0.4,0,0,2.1,0,1.9,238
119,122,3,5,1.5,0.2,0.3,0,0,1.5,0,1.5,181.7
119,123,3,13.5,6,1.6,0.3,0,0.3,6,1.3,4.9,657.6
119,124,3,13,5.8,1.6,0.3,0,0.3,5.8,1.3,4.9,633.3
119,125,2,6,1.8,0.1,0.5,0,0.1,1.8,0.3,1.6,252.1
119,126,4,13,4.1,0.4,1,0,0.1,4.1,0.3,3.8,547.9
119,127,1,20,6.9,1.3,1.3,0,0.3,6.9,0.3,6.9,847.2
16,4,1,10,4.4,2,0.4,0,0,4.4,1.2,2.4,438
16,6,3,50,18.9,6.1,3,3,1.7,15.9,3.4,12,1909.5
16,7,3,93.5,35.5,14,4.9,6.9,3.7,28.6,7.4,20.8,3500.4
16,8,1,2,0.9,0.3,0.1,0.1,0.1,0.8,0.1,0.7,86.4
16,20,3,19,11,7,0,2,1,9,2,8,932
16,22,2,10,5,1.2,0,0.4,0,4.6,0.4,5,518.8
16,26,1,1,0.6,0.3,0,0,0,0.6,0.2,0.6,70.4
16,27,5,27,16.2,8.1,0,0,0,16.2,4.1,14.9,1902.1
16,30,2,5,2.7,1.3,0,0,0.2,2.7,1.5,2.5,302
16,31,1,2,1.1,0.5,0,0,0.1,1.1,0.6,1,120.8
16,35,3,14,7.5,2.9,0.1,0.3,0.6,7.2,2.2,5.6,784.6
16,39,2,8,3.8,1.4,0.2,0,0.2,3.8,0.6,3.4,358.6
16,40,1,1,0.5,0.2,0,0,0,0.5,0.1,0.4,44.8
16,41,1,4,1.9,0.7,0.1,0,0.1,1.9,0.3,1.7,179.3
16,42,3,11,5.2,2.1,0.3,0,0.3,5.2,0.8,4.6,493.2
16,44,1,1,0.6,0.3,0,0,0.1,0.6,0.2,0.5,63
16,45,3,9.5,5.7,2.5,0,0.3,0.6,5.4,1.9,4.9,598.1
16,47,1,4,2.4,1,0,0.2,0.3,2.2,0.8,2.1,251.8
16,49,1,12,7.8,4.2,0,1.8,0.7,6,1.1,4.2,756.7
16,50,1,3,1.9,1.1,0,0.4,0.2,1.5,0.3,1.1,189.2
16,51,4,20,12.9,7,0,2.5,1.2,10.4,1.8,7.5,1267
16,52,2,3,1.9,1,0,0,0.2,1.9,0.3,1.5,195
16,57,1,8,5,2.8,0,0.3,0.3,4.7,1.1,4.4,503.7
16,59,2,3,1.7,0.7,0,0,0.4,1.7,0.6,1.5,147.3
16,60,3,8,4.6,1.8,0,0,1.1,4.6,1.5,4.1,392.8
16,61,5,13,7.2,3.6,0.4,0.1,1,7.1,3.3,6.1,610.6
16,63,3,4,2.1,1.2,0.3,0.1,0,2,1.2,1.6,178
16,64,1,5,2.4,0.9,0.1,0.3,0.2,2.1,1,1.9,255.2
16,68,3,7,3.5,1.2,0,0,0.7,3.5,0.7,3,401.3
16,72,1,1,0.5,0.2,0,0,0.1,0.5,0.2,0.4,50.9
16,74,2,3,1.5,0.6,0.1,0,0.2,1.5,0.6,1.3,152.8
16,75,1,2,1,0.4,0.1,0,0.1,1,0.4,0.9,101.9
16,77,1,4,2,0.8,0.1,0,0.3,2,0.8,1.7,203.7
16,79,2,11,6.5,3.5,0,0,0.5,6.5,1.5,5.5,585
16,80,1,1,0.6,0.3,0,0,0,0.6,0.1,0.5,53.2
16,81,1,1,0.5,0.3,0,0,0.1,0.5,0.1,0.4,41.5
16,82,1,3,1.4,0.8,0.1,0,0.3,1.4,0.3,1.3,124.4
16,85,1,9,3.9,1.4,0.5,0.2,0,3.7,0.7,3.7,380.3
16,89,1,3,1.3,0.5,0.2,0.1,0,1.2,0.2,1.2,126.8
16,90,2,4,1.8,0.6,0.2,0.2,0,1.6,0.4,1.6,169
16,91,1,3,1.9,1,0,0,0.2,1.9,0.5,1.5,173.7
16,92,2,6,3.9,1.9,0,0,0.3,3.9,0.9,2.9,347.4
16,94,2,20,10.9,5.4,0,3,2.4,7.9,5.4,5.4,986.2
16,95,1,12,5.7,1.3,0,0,0.3,5.7,0.3,5.4,483.8
16,96,3,7,3.2,0.7,0,0,0.3,3.2,0.3,3.1,282.1
16,97,1,2,0.9,0.2,0,0,0.1,0.9,0.1,0.9,80.6
16,98,1,2,1.3,0.6,0,0,0.1,1.3,0.5,1.2,124.5
16,99,3,6,3.9,1.8,0,0,0.3,3.9,1.5,3.6,373.5
16,100,1,2,1.3,0.6,0,0,0.1,1.3,0.5,1.2,124.5
16,101,1,6,2.5,0.7,0,0,0,2.5,0.9,2.1,262.4
16,102,2,14,5.9,1.6,0,0,0,5.9,2.1,4.9,612.3
16,103,5,42,28.1,17.6,0.1,8,2.1,20.1,4.2,18,2314.1
16,104,5,31.5,16.5,6.9,0.8,0,0.8,16.5,2,15.8,1605.3
16,105,1,4,2.6,1.8,0,0,0,2.6,1,2.3,179.4
16,106,2,3,1.9,1.4,0,0,0,1.9,0.8,1.8,134.5
16,107,1,2,1.3,0.9,0,0,0,1.3,0.5,1.2,89.7
16,108,2,3,1.3,0.6,0.1,0,0.2,1.3,0.4,1.2,130.7
16,109,2,5,2.2,1,0.1,0,0.3,2.2,0.7,2.1,217.8
16,111,5,40,21.8,11.8,0.8,2.1,0.3,19.7,5,20.3,2420.7
16,112,2,5,2.8,1.5,0.1,0.3,0,2.5,0.6,2.6,314.7
16,113,3,7,3.4,1.1,0,0,0.3,3.4,0.8,3.4,402.4
16,114,2,3,1.5,0.5,0,0,0.1,1.5,0.3,1.5,172.5
16,115,2,5,2.4,0.9,0,0,0,2.4,0.1,2.3,233.7
16,116,2,16,7.7,2.8,0.1,0,0,7.7,0.6,7.2,749.7
16,117,3,5,2.3,1,0.2,0,0,2.3,0.5,2,238.3
16,118,1,1,0.5,0.2,0,0,0,0.5,0.1,0.4,56.9
16,119,3,11,5.8,1.8,0,0,0,5.8,1.1,4.8,607.7
16,120,8,68,32.4,10.7,0,0,1.3,32.4,6.8,29,3249.3
16,121,1,6,2.9,1,0,0,0.1,2.9,0.6,2.6,286.7
16,125,4,22,10.8,5.7,0.7,0,1.5,10.8,4.3,7.9,1107.9
16,126,2,43.5,23.7,14.7,1,2.1,1.1,21.6,5.3,14.5,1932.5
16,127,2,17,7.5,2.9,0,0.9,0.3,6.6,0.9,6.3,843.7
25,1,2,46,21.2,6,0.2,0,0.3,21.2,2.7,19.2,2270.1
25,3,4,38.5,14.9,3.3,0.8,0,0.8,14.9,1.7,14.9,1904.3
25,4,1,4,1.5,0.3,0.1,0,0.1,1.5,0.2,1.5,197.8
25,5,1,7,2.7,0.5,0.2,0.3,0.3,2.4,0.6,2.2,360.3
25,6,1,16,6.2,1.1,0.4,0.7,0.7,5.5,1.5,5.1,823.6
25,7,3,9,3.6,0.6,0.2,0.4,0.3,3.2,0.7,3.1,467.8
25,9,1,3,1.2,0.3,0.1,0.1,0.1,1.1,0,0.9,133
25,10,1,19,7.7,2,0.6,0.6,0.6,7.1,0.3,6,842.2
25,12,1,1,0.5,0.2,0,0,0,0.5,0.1,0.4,57.4
25,14,1,3,1.4,0.6,0,0.1,0.1,1.3,0.3,1.3,135.3
25,15,2,9,4.2,1.7,0,0.4,0.3,3.8,1,3.8,406
25,16,1,7,3,0.5,0.2,0,0.8,3,0.8,2.8,299.2
25,17,1,1,0.4,0.1,0,0,0.1,0.4,0.1,0.4,42.8
25,19,1,4,1.6,0.5,0.2,0,0.1,1.6,0.2,1.5,192.1
25,20,3,12,6.6,2.8,0,0.4,1,6.2,0.6,5.4,691.8
25,23,2,6,3,1.1,0,0,0.1,3,0.9,2.7,336.9
25,26,2,8,5,3,0,0.4,0.2,4.6,0.9,4.6,523.9
25,29,1,1,0.5,0.2,0,0,0,0.5,0.1,0.5,60.9
25,30,2,14,7.2,3.3,0.1,0.2,0.5,7,1.4,6.1,797.4
25,31,2,16,7.7,3,0.6,0,0.6,7.7,1.8,7.7,868.1
25,35,3,28,13.1,6.2,0.7,1.2,0.7,11.9,1.8,10.5,1385.2
25,36,2,16,9.2,5.5,0.5,1.4,0.6,7.8,1.1,7.1,1081.8
25,37,3,27,11,3.9,0.4,0,0.9,11,1.9,8.5,1056.7
25,38,1,4,2,0.9,0.1,0.2,0.2,1.8,0.4,1.7,215.2
25,43,2,10,5.4,2.6,0.4,1.3,0.3,4.1,0.3,3.7,527.4
25,44,2,3,1.7,0.9,0.2,0.3,0,1.4,0.2,1.1,166.9
25,45,1,2,1.2,0.7,0.1,0,0,1.2,0.3,0.8,122.8
25,46,1,2,1.2,0.8,0,0.1,0,1.1,0.3,1,111.4
25,47,1,2,1.2,0.7,0.1,0,0,1.2,0.3,0.8,122.8
25,49,4,16,8.5,4.1,0.7,0.5,0.4,8,2.5,5.6,885.4
25,50,5,20,11.2,6.5,0.8,0.2,0.7,11,3.6,8.6,1061.5
25,53,2,8,3.9,1.9,0.5,0,0.5,3.9,0.9,3.3,342.5
25,54,4,11,5.4,2.6,0.7,0,0.7,5.4,1.2,4.5,470.9
25,56,2,7.5,3.1,0.5,0.1,0,0.5,3.1,0.5,3,289.4
25,57,1,5,2.1,0.3,0.1,0,0.3,2.1,0.3,2,192.9
25,58,2,19,8.9,2,0,0,0.8,8.9,0.4,8.9,961.3
25,59,1,2,0.9,0.2,0,0,0.1,0.9,0,0.9,101.2
25,60,5,81,39.2,13.5,0.5,0.7,3.5,38.5,3.1,35.3,3766.1
25,61,5,65.5,31.6,11,1,1.3,1.9,30.3,2.3,26.8,3189.6
25,62,3,89.5,51.3,25.6,0.4,4.3,6.1,47,8.7,36.1,5110.5
25,63,5,151,81.7,38,1.5,10.1,8,71.6,13.6,59.9,7271.5
25,64,2,20.5,9.9,3.8,0.2,1,0.5,8.9,1.7,8,980.9
25,65,2,8,3.5,1.1,0.5,0,0.2,3.5,0.6,3.2,339.7
25,66,2,5,2.3,0.8,0.2,0,0.1,2.3,0.3,2,214.3
25,67,5,29,13.8,5.8,0.7,0,0.3,13.8,2.3,11,1370.3
25,70,3,8,3.7,1.3,0.1,0.1,0.1,3.6,0.4,3.6,359.4
25,72,2,18,8.3,2.6,0.3,0,0.9,8.3,1.2,7.7,923.4
25,73,9,65.5,31.7,12.4,0.9,4.2,4.6,27.5,4.6,25.5,3172.5
25,74,6,91.5,46.5,20,2.2,10,6.1,36.5,8,30.6,4406.7
25,75,7,93.5,43,13.1,1.4,0.7,6.4,42.3,5.3,39.5,4320.9
25,76,7,90.5,37,6.3,1.8,0.4,3.4,36.6,4.5,33.7,4029.9
25,78,5,74.5,33.4,13,2.9,2,4,31.4,3.3,29.6,3415.2
25,79,2,7,3.1,0.8,0,0.1,0.3,3,0.3,2.6,304.7
25,80,5,59.5,28,7.6,0,0.5,3.2,27.5,3,22.5,2705
25,81,2,7,3.2,0.9,0,0,0.2,3.2,0.4,2.8,319.7
25,83,5,56,29.6,14.1,1,0.7,1.6,28.9,3.7,23.1,2934
25,84,7,97.5,44.6,12.8,2.4,2.1,3.9,42.5,4.1,38.7,4856.9
25,85,2,11,4.8,1.2,0.5,0.6,0.6,4.2,0.5,3.8,489.2
25,86,3,13,6.1,1.6,0.2,0.2,0.3,5.9,0.3,5.6,635.5
25,87,4,46.5,19.7,3.5,1.1,0,2.1,19.7,1.1,15.6,2492.7
25,88,4,29,13.4,4.3,0.4,1.2,1.4,12.2,0.7,9.8,1228.1
25,89,1,1,0.4,0.1,0,0,0,0.4,0,0.3,43.8
25,90,5,41,19,6.6,0.5,2,1.8,17,1.8,12.6,1729.8
25,91,6,34,14.1,2.7,1.2,0.3,0.3,13.8,2,12,1442.2
25,92,4,15.5,6.1,0.6,0.7,0,0,6.1,0.9,5.4,649.9
25,93,1,1,0.4,0.1,0,0,0,0.4,0.1,0.4,38
25,94,1,2,1.1,0.6,0.1,0,0.1,1.1,0.3,1,100.2
25,95,1,5,2.7,1.3,0,0,0,2.7,0.5,2.6,268.1
25,96,5,24.5,13.7,6,0,0.7,0,13,3.7,13.1,1457.7
25,97,1,4,2.2,1,0,0,0,2.2,0.4,2.1,214.5
25,99,1,4,2,0.6,0.1,0.1,0.2,1.9,0.5,1.7,199.7
25,101,2,2,0.9,0.3,0,0.1,0,0.8,0.2,0.8,94.6
25,102,2,4,2.1,0.9,0.1,0,0.1,2.1,0.3,1.9,225.1
25,103,1,10,3.8,0.7,0,0,0.7,3.8,0,3.2,460.7
25,104,4,24,9.5,2.5,0.2,0.6,1.5,8.9,0.6,7.6,1113.6
25,105,6,57,30.2,14.3,0.9,6.9,0.9,23.3,4.2,23.4,2988.1
25,106,8,50,26.3,10.7,0.8,2.1,1.6,24.2,3.1,21.9,2637.3
25,107,3,12,6,2.3,0.2,0.2,0.6,5.8,0.6,5.3,596.4
25,108,1,3,1.3,0.5,0.1,0,0.2,1.3,0.2,1.2,135
25,109,3,19,8.3,3.1,0.5,0.2,0.9,8.1,1,8,849.2
25,110,2,12,5,1.4,0.2,0,0.4,5,1,4.6,580.6
25,113,4,11,6.6,2.8,0,0,0.8,6.6,1.6,5.3,581.7
25,114,1,2,1.2,0.5,0,0,0.1,1.2,0.3,1,105.8
25,116,2,8,4.2,2.2,0.2,0,0.2,4.2,0.8,3.8,339.8
25,117,1,4,1.7,0.6,0.1,0,0.1,1.7,0.7,1.1,167.7
25,118,3,10,6.1,3.1,0.1,0.2,0.4,5.9,1.2,5.9,554.3
25,119,1,3,1.4,0.4,0.1,0,0.1,1.4,0.1,1.4,152.8
25,120,1,2,1,0.2,0,0,0.1,1,0.1,1,101.9
25,122,2,9,4.5,1.5,0,0,1,4.5,1.3,4.3,377.5
26,0,2,4,2.2,0.8,0,0,0,2.2,0.4,1.6,229.2
26,1,1,13,6.5,1.8,0,0.6,0.6,5.9,1.2,5.9,738
26,2,2,9,4.5,1.2,0,0.4,0.4,4.1,0.8,4.1,511
26,4,3,21,8.9,1.2,0.1,0,0.5,8.9,0.5,8.2,1111.3
26,5,1,1,0.4,0,0,0,0,0.4,0,0.4,53.7
26,7,2,6,2.6,0.3,0,0,0.1,2.6,0.1,2.3,322.4
26,9,3,41,19.5,7.2,0.6,0.7,1.6,18.8,1.3,15.5,1971.9
26,10,3,65,29.8,6.2,0.4,2.4,4.4,27.4,6.1,23.7,3111
26,11,1,31,14.8,6,0,3.3,0.7,11.5,4,11.5,1446
26,12,2,29,15.7,6.3,0,0.4,0.9,15.3,2,14.3,1550.3
26,16,3,24,9.9,3.5,1.4,0.7,0,9.2,2.1,9.2,1084.9
26,17,1,10,4.1,1.5,0.6,0.3,0,3.8,0.9,3.8,452.1
26,18,4,28,14.4,8.2,0.9,0.8,0.9,13.6,0,12.7,1505.7
26,24,1,1,0.6,0.4,0,0,0,0.6,0.1,0.6,65.5
26,25,2,14,8.8,5.2,0,0.8,0.4,8,1.6,8,916.8
26,29,3,7,3.7,1.7,0,0.2,0.4,3.5,0.7,3,383.4
26,31,2,7,3.4,1.3,0.3,0,0.3,3.4,0.8,3.4,379.8
26,32,1,4,1.9,0.7,0.1,0,0.1,1.9,0.4,1.9,217
26,34,3,16,7.8,3.6,1,0,0,7.8,2.8,7.4,874.6
26,45,2,5,2.9,1.8,0.3,0,0,2.9,0.8,2.1,307.1
26,46,1,1,0.6,0.4,0.1,0,0,0.6,0.2,0.4,61.4
26,49,2,3,1.8,1.2,0.1,0,0.1,1.8,0.6,1.5,153.3
26,51,1,5,2.4,1.2,0.3,0,0.3,2.4,0.6,2.1,214.1
26,52,2,5,2.5,1.1,0.4,0,0.4,2.5,0.6,2.1,214.1
26,54,1,2,0.8,0.1,0,0,0.1,0.8,0.1,0.8,77.2
26,55,1,3.5,1.5,0.2,0.1,0,0.2,1.5,0.2,1.4,135
26,56,2,8,3.4,0.5,0.2,0,0.5,3.4,0.5,3.2,308.6
26,57,4,17,7,1.1,0.3,0,1.1,7,1.1,6.8,656
26,58,6,26,12.1,2.7,0,0,1.2,12.1,0.5,12.1,1315.6
26,59,1,3,1.6,0.6,0,0.1,0.2,1.5,0.3,1.5,147.2
26,64,5,14,6.6,2.7,0.3,0,0.2,6.6,1.8,5.9,770.6
26,65,4,26,14.6,5.8,0,0,0.9,14.6,4.1,12.1,1604.8
26,66,1,2,1.1,0.4,0,0,0.1,1.1,0.3,0.9,123.4
26,70,1,2,1,0.4,0,0.1,0,0.9,0.1,0.9,88.2
26,72,1,4,1.8,0.6,0.1,0,0.2,1.8,0.3,1.7,205.2
26,73,3,21,10.5,4.8,0.4,2.1,1.3,8.4,1.3,7.8,1061
26,74,2,240.5,134.2,74.7,3.3,39,17.9,95.2,35.9,74.6,11344.9
26,75,6,81,35.8,11.4,3.6,0.4,2.7,35.4,2.2,28.4,3464.9
26,76,1,2,0.9,0.2,0,0,0.1,0.9,0.1,0.8,88.7
26,77,4,34,13.4,2.7,1.3,0,1.3,13.4,3.4,12.1,1340.7
26,78,2,12,5.2,1.9,0.3,0,0.9,5.2,0.3,4.7,591.2
26,80,1,2,0.9,0.2,0,0,0.1,0.9,0.1,0.7,82.5
26,81,1,3,1.3,0.3,0,0,0.1,1.3,0.2,1.1,123.7
26,82,1,6,2.9,0.9,0,0,0.2,2.9,0.3,2.6,294
26,83,4,37,16.4,4.1,1,0.7,1.7,15.7,1.6,14.2,1788.1
26,84,9,131.5,58,14.6,4.2,3.9,6.3,54.1,5.4,48.9,6202.8
26,85,7,85,39.3,10.9,2.5,3.5,5.4,35.8,3.5,31.7,4039.7
26,86,4,56.5,22.1,5,2.9,1.3,3.1,20.8,2.9,18.2,2849.8
26,87,2,2,0.8,0.2,0.2,0,0.2,0.8,0.2,0.6,110
26,89,1,1,0.5,0.2,0,0.1,0,0.4,0,0.3,41.5
26,90,1,6,2.9,1.1,0,0.4,0.2,2.5,0.2,1.8,248.8
26,91,3,17,8,2.7,0.1,1.1,0.6,6.9,0.7,5.2,704.7
26,93,1,4,1.6,0.5,0.1,0,0,1.6,0.4,1.5,152.1
26,94,5,21,10.5,4.1,0.2,0.5,0,10,3,10,1104.8
26,95,1,2,1.1,0.5,0,0.1,0,1,0.4,1.1,127.1
26,97,1,2,1.1,0.5,0,0.1,0,1,0.4,1.1,127.1
26,98,2,9,4.5,1.4,0.1,0.1,0.4,4.4,1.1,3.8,449.3
26,99,2,3,1.5,0.5,0,0,0.1,1.5,0.3,1.2,149.7
26,100,3,7,3.5,1.2,0,0,0.2,3.5,0.9,3,349.5
26,101,2,8,4.1,2,0.3,0,0.3,4.1,0.7,3.7,450.1
26,102,2,6,3.2,1.4,0.2,0,0.2,3.2,0.4,2.8,337.6
26,104,2,52,21.5,3,0,1,4,20.5,0,19,2457
26,105,5,57.5,27.1,11.2,2.1,5.8,2.1,21.3,5.8,18.5,2724.5
26,106,4,222,108.4,47.6,6.2,18.8,15.7,89.6,24.8,59.3,9782.1
26,107,8,68,32,10.6,0,0.5,2.8,31.5,2.3,27.6,3247.4
26,108,4,32,14.3,5.4,1,0,1.9,14.3,2.5,13.3,1440.5
26,109,5,21,9.2,3.5,0.5,0,1.3,9.2,1.6,8.6,952
26,110,1,3,1.3,0.3,0.1,0,0.1,1.3,0.2,1.2,145.2
26,111,1,3,1.8,0.8,0,0,0.2,1.8,0.4,1.4,158.6
26,112,2,3,1.8,0.8,0,0,0.2,1.8,0.4,1.5,158.7
26,116,1,4,1.7,0.6,0.1,0,0.1,1.7,0.7,1.1,167.7
26,117,3,4,1.6,0.5,0.1,0,0.1,1.6,0.7,1.2,167.7
26,118,1,6,2.9,0.8,0.1,0,0.3,2.9,0.3,2.9,305.6
26,120,1,1,0.5,0.1,0,0,0,0.5,0,0.5,50.9
26,121,2,3,1.5,0.4,0,0,0.2,1.5,0.3,1.4,134.8
26,123,1,2,1,0.3,0,0,0.2,1,0.3,0.9,83.9
26,125,3,5,2,0.8,0.2,0,0,2,0.5,2,160.7
76,0,5,25,10,3,0,0,0.8,10,2.3,9,1053
76,1,1,4,1.7,0.5,0.2,0,0.2,1.7,0.3,1.5,195.2
76,2,3,10,4.1,1.1,0.4,0,0.4,4.1,0.6,3.6,488
76,3,4,9,3.7,1,0.3,0,0.3,3.7,0.7,3.4,439.2
76,4,3,21,8.2,1.9,0.7,0,0.7,8.2,0.8,6.8,907
76,5,1,2,0.7,0.1,0,0,0,0.7,0,0.6,74
76,6,4,18,6.8,1.1,0.6,0.5,0.8,6.3,0.5,5.1,766.3
76,7,7,47,18.4,2.9,1.3,1.9,2,16.5,1.3,12.9,2076.1
76,8,2,9,3,0.2,0.2,0,0.2,3,0,3,390.6
76,9,2,19,6.4,0.5,0.5,0,0.5,6.4,0,6.4,824.7
76,10,1,1,0.5,0.1,0,0,0,0.5,0,0.3,49.9
76,11,1,1,0.4,0.1,0,0,0,0.4,0.1,0.3,39.1
76,12,3,8,3,0.8,0.3,0,0.3,3,1.1,2.4,312.8
76,17,2,7,2.6,0.9,0.4,0,0,2.6,0.4,2.3,374.7
76,18,1,1,0.4,0,0,0,0.1,0.4,0.1,0.3,43.3
76,19,3,18,7.3,2.2,1,0.8,0.6,6.5,0.9,5.6,801.9
76,20,3,25,10.3,3.3,1.7,1.3,0.7,9,1.3,7.9,1117.8
76,21,3,32,13.1,4.2,2,1.5,0.9,11.6,1.5,10.3,1452.2
76,22,4,216.5,113.6,43.2,1.7,51.4,10.7,62.2,11.3,51.4,10604.8
76,23,1,454.5,210.1,80.9,10.4,90.4,26.7,119.7,35.2,86.5,17724.1
76,24,2,19,7.2,1.1,0.5,0.5,0.9,6.7,0.2,6.6,921.6
76,25,3,152.5,64,21.8,5.5,5.2,5.2,58.8,6.7,48,6332.7
76,26,1,24,11.6,4.1,0.2,0.1,1.1,11.5,0.1,6.5,1055.8
76,28,1,1,0.5,0.3,0,0,0,0.5,0.1,0.5,38.1
76,29,7,175.5,92.1,50.7,5.5,9.4,7.2,82.7,13.8,75.8,6059.9
76,30,2,5.5,2.3,0.7,0.1,0.1,0.1,2.2,0.1,2.3,205.3
76,34,1,1,0.4,0.1,0,0,0,0.4,0,0.4,45.4
76,35,6,99,38.8,9.4,2.8,1,2.8,37.8,0.8,36.9,4381.2
76,36,8,69.5,29.8,7.6,0.9,1.3,2.4,28.5,2.4,27.6,3318.3
76,40,2,17,6.8,1.2,0.2,0.3,0.3,6.5,0.3,6.7,829
76,41,2,39,15.6,2.9,0.4,0.8,0.8,14.8,0.8,15.3,1901.7
76,42,2,24,11.2,6.4,0.8,0,0.8,11.2,3.2,8,1040
76,48,3,23,8.2,1,0.5,0,2.1,8.2,0.5,8.2,869.4
76,51,1,3,1.8,1,0,0,0.1,1.8,0.1,1.8,187.7
76,52,1,2,1,0.3,0,0,0,1,0.1,0.8,77.3
76,54,1,3,1.3,0.3,0,0,0.1,1.3,0.1,1.2,140.3
76,55,5,103.5,44.5,12.7,0.5,0,3.9,44.5,3.6,38.9,4731.8
76,56,3,29.5,12.6,2.9,0.5,0,1.2,12.6,0.8,11.8,1330.4
76,61,1,2,0.8,0.1,0.1,0,0,0.8,0,0.6,79.7
76,63,3,11,3.7,0.5,0.5,0,0.2,3.7,0.5,3.3,425.1
76,64,4,75,29.5,7.1,3.4,0,3.1,29.5,2.4,25.3,3186.5
76,66,3,26.5,10.6,1.7,0.2,0,1.2,10.6,0.5,9.1,1278.5
76,67,7,110,45.4,10.2,0.6,0,3.7,45.4,2.6,39.8,5403.6
76,68,6,100.5,36.1,5.4,2.4,0.8,2.4,35.3,1.6,32.2,4298.5
76,69,3,27.5,10,1.4,0.6,0.3,0.6,9.7,0.4,8.8,1176.2
76,71,1,59.5,28.7,10.1,0,0,3.7,28.7,0,27.9,3248.6
76,74,4,34,12.4,2.2,1.2,1.6,1.2,10.8,1.5,10.2,1521.6
76,75,2,6.5,3.2,0.9,0,0,0.4,3.2,0.2,2.6,332
76,76,2,4,1.6,0.2,0.2,0.2,0.4,1.4,0.2,1.4,192.8
76,77,3,17.5,7,0.7,0.5,0.5,1.5,6.5,0.9,5.9,843.9
76,78,4,40,15.9,4.4,1.3,0.4,0.7,15.5,1,14.5,1897.4
76,79,3,11,4.4,1.2,0.4,0.1,0.1,4.3,0.3,4,521.8
76,80,1,1,0.5,0.2,0,0,0,0.5,0,0.4,58.4
76,82,1,4,1.6,0.3,0.1,0,0.1,1.6,0.2,1.5,162.6
76,83,1,3,1.2,0.2,0.1,0,0,1.2,0,1.1,146.1
76,84,3,166.5,66.1,15.4,4.3,2,6.1,64.1,2.7,57.6,6533.2
76,85,2,48,16,2.2,2.6,0,0,16,1.3,15.5,1740
76,86,4,29,12.8,4.6,0.5,0,1.1,12.8,1.1,11.7,1487.9
76,88,1,3,1.1,0.4,0.2,0,0,1.1,0,1,150.5
76,89,5,21,8.3,2.7,1.1,0.2,0.1,8.1,0.1,7.3,1070.5
76,90,3,13,5.7,1.4,0,0.4,0.4,5.3,0.4,4.8,706.8
76,91,1,4,1.8,0.4,0,0.2,0.1,1.6,0.1,1.5,217.5
76,92,1,3,1.2,0.2,0.1,0.1,0.3,1.1,0.1,1.1,147.4
76,93,3,97.5,38.8,7.4,0.2,2.1,5.6,36.7,3.1,34.6,4113.9
76,94,4,125,46.3,6.5,2.6,0.3,5.9,46,1.6,42.8,5605.3
76,95,1,5,1.4,0.2,0.4,0,0,1.4,0.1,0.9,186.1
76,97,2,38.5,14.6,2.6,1.5,2.1,1.5,12.5,0.5,11,1592.9
76,98,1,7,3.3,1.3,0,0,0.2,3.3,0.6,2.9,445.4
76,99,2,9,4.3,1.6,0,0,0.2,4.3,0.7,3.8,572.7
76,105,1,1,0.4,0.1,0.1,0,0,0.4,0,0.3,58.2
76,108,3,8,3.4,0.9,0.5,0,0.2,3.4,0.3,2.6,465.8
76,110,1,2,0.9,0.2,0.1,0,0,0.9,0.1,0.7,116.5
76,112,1,3,1.2,0.3,0.1,0,0.1,1.2,0.2,0.9,156.1
76,113,2,7,2.9,1,0.4,0,0,2.9,0.2,2.5,409.3
76,114,2,24,10,3.3,1.4,0,0,10,0.6,8.7,1403.4
76,115,1,1,0.4,0.1,0,0,0,0.4,0,0.4,44.1
76,116,4,40,17.3,6.1,1.3,0,0.4,17.3,2.6,15.6,1920
76,117,1,323.5,132.6,33.7,8.2,18,14.2,114.6,12.3,94.2,13233.2
76,118,4,32,13.5,4.6,0.6,0,0.6,13.5,1.3,13.5,1635.6
76,119,3,13,4.8,1.3,0.5,0,0.2,4.8,0.5,4.7,568
76,120,1,2.5,0.9,0.2,0.1,0,0,0.9,0.1,0.8,97.7
76,124,1,2,0.7,0.1,0.2,0,0,0.7,0.1,0.5,118.4
76,127,1,3,1.3,0.3,0,0.1,0.1,1.2,0.1,0.9,164.3
78,1,2,6,2.8,0.9,0,0,0.2,2.8,0.5,2.2,324.8
78,3,1,1,0.4,0.1,0,0,0,0.4,0,0.4,47.1
78,4,2,2,0.8,0.2,0,0,0,0.8,0.1,0.7,84.7
78,5,5,38,15.5,5.7,2,0,1,15.5,2,13.6,1922.4
78,6,1,2,0.7,0.2,0.1,0,0,0.7,0.1,0.6,70.7
78,7,2,9,3.2,0.5,0.2,0,0.2,3.2,0,2.5,333
78,8,2,7,2.7,0.6,0.2,0,0.2,2.7,0.5,2.4,343.1
78,9,3,5,2.2,0.8,0,0,0.1,2.2,0.3,2,307.7
78,10,2,7,3.5,1.6,0,0,0,3.5,0.3,3.5,570.2
78,12,3,4,1.8,0.8,0,0.1,0,1.7,0.2,1.5,183.8
78,15,1,2,0.8,0.2,0.1,0,0,0.8,0.1,0.6,107.1
78,17,1,7,2.7,0.8,0.4,0,0,2.7,0.4,2.3,374.7
78,20,3,61,22.3,5.8,3.5,5.6,3.4,16.7,0.9,12.3,2394.8
78,21,2,6,2.2,0.3,0.1,0,0,2.2,0.1,2.1,242.7
78,22,1,5,1.8,0.2,0.1,0,0,1.8,0.1,1.7,202.2
78,25,1,4,1.4,0.4,0.2,0,0.1,1.4,0.1,1,165.1
78,27,1,1,0.3,0.1,0.1,0,0,0.3,0,0.2,41.3
78,28,0,29,16,8,0,10,1,6,3,7,1256
78,30,1,2,0.9,0.4,0.1,0,0,0.9,0.1,0.7,84.5
78,31,3,10,4.2,1.4,0.4,0.1,0.1,4.1,0.2,3.5,444.6
78,32,8,113,41.6,5.5,4.2,1,4.2,40.6,0.4,39.9,5425.7
78,33,4,214.5,79.7,14,7.8,0,8,79.7,3.7,73.9,9301.1
78,34,6,103.5,41.8,9.7,3.4,0,1.8,41.8,2.1,39.6,4580
78,35,7,40,15.7,4.1,1.1,2,1.6,13.7,1.6,12.8,1745.7
78,36,3,24.5,9.6,2.5,0.6,1.4,0.9,8.2,0.6,7.7,1066
78,37,5,18,7,1.5,0.4,0.7,0.5,6.3,0.4,5.7,776
78,38,4,120.5,44.5,10.3,3.4,0,3.7,44.5,0.7,40.5,4932.1
78,39,2,4,1.4,0.4,0.1,0,0.1,1.4,0.1,1.4,187.8
78,40,5,125,44.4,8.9,6,0,2.7,44.4,2.2,38.7,4632
78,41,2,12.5,4.8,1.1,0.4,0,0.2,4.8,0.2,4.6,491.8
78,43,2,9,3.1,0.5,0.5,0.2,0.2,2.9,0,2.4,302.4
78,44,3,73,30.6,8,2.3,1.7,5.2,28.9,0.3,25.8,3009
78,46,2,21,11,2,0,0,0,11,0,11,1132
78,50,2,62,30.8,10.1,1,2,6.1,28.8,3.6,22.2,2857.1
78,51,5,14,6.3,1.6,0.2,0,0.4,6.3,0.9,5.4,659.6
78,53,3,47.5,17.4,3.8,2.4,1.5,2.9,15.9,2.7,12.7,1910.4
78,56,4,65.5,27.6,7.3,1.8,2,2.4,25.6,1.8,22.7,2756
78,57,1,4,1.5,0.2,0.2,0,0.2,1.5,0.1,1.4,151.1
78,58,3,58,20.8,5.6,1.5,0.6,1.5,20.2,2.8,17.1,2422.6
78,63,5,38.5,14.3,2.1,1.3,0,1.2,14.3,2,11.9,1535.9
78,64,2,21,7.8,1.2,0.7,0,0.7,7.8,1.2,6.4,835.7
78,66,1,2,0.8,0.2,0,0,0,0.8,0,0.8,105.3
78,68,1,1,0.3,0.1,0,0,0,0.3,0,0.3,36.3
78,72,3,20,7.5,1.4,0.6,0.9,0.6,6.6,0.9,6.1,887.3
78,73,3,20,8,0.9,0.6,0.2,0.2,7.8,0.9,7,915.2
78,74,6,43,16.9,2.7,1.2,0,1.1,16.9,1.4,13.7,1860.3
78,75,4,103.5,39.6,7.7,2.8,0,3.6,39.6,2.6,31,4256.2
78,78,1,3,1.4,0.5,0.1,0,0,1.4,0.1,1.1,175.2
78,79,1,2,0.9,0.3,0,0,0,0.9,0.1,0.7,116.8
78,81,3,27,11.1,2.9,0.8,0.1,0.2,11,0.7,9.7,1155.9
78,82,3,118,43.1,6.5,5.8,2,4.7,41.1,2.2,40.6,4461.6
78,83,5,338,133.7,25.9,12.3,3.7,14,130,12.6,100.4,12884.2
78,84,1,592,306.8,139.5,7.5,170.5,43,136.3,41.4,121.4,24678.7
78,85,6,124,62.8,28.7,2.5,22.1,6.2,40.7,6.3,45.6,5884.4
78,86,8,94,38.5,10.6,2.3,0.5,3.8,38,1.8,32.7,4051.9
78,87,6,16,7.5,2.3,0.2,0,0.7,7.5,0.5,5.5,775.2
78,88,1,1,0.5,0.2,0,0,0.1,0.5,0.1,0.4,62.5
78,89,1,1,0.4,0.1,0.1,0,0,0.4,0,0.3,50.2
78,90,1,1,0.5,0.2,0,0,0.1,0.5,0.1,0.4,62.5
78,92,2,14,5.5,0.7,0.4,0.3,1.1,5.2,0.3,5.2,687.9
78,93,2,6,2.3,0.4,0.2,0.1,0.5,2.2,0.1,2.3,294.8
78,94,2,10.5,4.4,1.3,0.3,0.4,0.8,4,0.8,2.8,565.1
78,95,1,3,1.1,0.2,0.1,0.1,0.1,1,0,0.9,124.1
78,96,2,6,2.3,0.4,0.3,0.3,0.3,2,0.2,1.4,237.4
78,97,1,1,0.4,0.1,0.1,0.1,0.1,0.3,0,0.2,35.9
78,102,3,27,11.2,1.9,0,0.7,1.2,10.5,1.9,8.6,1080.3
78,103,1,2,0.8,0.1,0,0.1,0,0.7,0.1,0.6,97.3
78,106,1,1,0.4,0.1,0.1,0,0,0.4,0,0.3,58.2
78,107,1,1,0.4,0.1,0.1,0,0,0.4,0,0.3,58.2
78,108,2,6,2.5,0.7,0.4,0,0.1,2.5,0.2,2,349.4
78,111,2,4,1.8,0.4,0.2,0,0,1.8,0.2,1.4,233
78,112,1,1,0.4,0.1,0,0,0,0.4,0.1,0.3,52
78,113,2,9,3.6,0.9,0.4,0.1,0.4,3.5,0.6,2.6,468.4
78,114,2,6,2.4,0.6,0.3,0.1,0.3,2.3,0.4,1.8,312.3
78,116,3,26,10.2,2.2,0.6,0,0.8,10.2,1.1,9.1,1122.2
78,117,7,142.5,51.4,8.6,5.8,0,6.5,51.4,4.3,47.1,5673.8
78,118,3,8,3.2,1,0.4,0.2,0.5,3,0.2,2.8,355.8
78,119,1,1,0.5,0.2,0,0.1,0.1,0.4,0,0.4,49.9
78,122,3,8,2.7,0.3,0.8,0,0,2.7,0.4,2.1,473.5
99,2,1,9,3.7,1.6,0.2,0,0,3.7,0.7,2.8,415.4
99,3,2,3,1.2,0.6,0.1,0,0,1.2,0.3,0.9,138.5
99,5,2,8,3.4,0.8,0.2,0,0,3.4,0.2,3.2,382.6
99,6,1,4,1.7,0.4,0.1,0,0,1.7,0.1,1.6,191.3
99,7,1,2,0.8,0.2,0,0,0,0.8,0,0.8,95.6
99,8,1,2,0.8,0.1,0.1,0,0,0.8,0.2,0.7,88.6
99,9,1,7,2.7,0.3,0.3,0,0.2,2.7,0.8,2.3,310.2
99,11,1,1,0.5,0.3,0.1,0,0,0.5,0.1,0.5,60.4
99,12,4,53,20.3,5.7,4.1,0,0,20.3,2.5,20.3,2235.7
99,13,4,70,31.5,8.3,1.6,2.4,1.8,29.1,0.9,28.5,3553.4
99,14,6,167.5,78.4,31.9,2.6,19,4.7,59.4,5.9,62.5,7957.7
99,15,4,17,7.7,3.1,0,0.9,0.5,6.8,0,7.3,817.4
99,16,2,5,2.3,0.9,0,0.3,0.2,2,0.1,2.2,258.4
99,17,1,4,2,0.7,0,0.3,0.3,1.7,0.4,1.9,264.4
99,18,3,12,5.9,2.9,0.2,0.3,0.2,5.6,0.2,4.9,548.2
99,19,4,17,8.4,4.1,0.4,0.5,0.4,7.9,0.4,7,776.6
99,20,1,2,1,0.3,0,0.2,0.1,0.8,0.1,0.6,122
99,22,2,22,7.6,1.8,1,0,0.4,7.6,1,6.8,990
99,23,3,19,7.5,1.3,0.4,0,0.4,7.5,0.8,7.5,909.8
99,25,3,21,6.1,0.7,1.4,0.5,0.2,5.6,1.2,5.6,666.4
99,26,3,16,5.4,0.9,0.8,0.2,0.2,5.2,1,4.8,587.5
99,27,2,4,2,0.6,0,0.2,0.2,1.8,0.2,1.6,206.6
99,28,2,9,3.3,0.8,0.2,0.3,0.2,3,0.6,2.3,347.9
99,29,1,2,0.7,0.2,0,0.1,0,0.6,0.1,0.5,77.3
99,30,2,7,3.5,1.4,0.3,0,0.3,3.5,1.1,3.5,473.6
99,31,3,9,4,1.1,0.3,0.3,0.2,3.7,0.8,3.8,511.3
99,32,3,24.5,9.5,1.7,0.6,1.3,0,8.2,1.1,8.9,1179.5
99,33,2,181.5,76.3,25.7,3.9,23.2,9.7,53.1,7.4,48.6,7128.4
99,34,4,44,15.6,2.2,0.8,1.7,2.1,13.9,0.5,14.2,1861.7
99,35,1,4,1.4,0.1,0.1,0,0,1.4,0.1,1.4,174.4
99,39,1,7,2.2,0.2,0.5,0,0,2.2,0,2.2,255
99,40,1,4,1.2,0.1,0.3,0,0,1.2,0,1.2,145.7
99,41,4,36,14.8,2.3,0.8,1.6,0.7,13.2,1.1,13.2,1687.4
99,42,3,285.5,102.1,12.2,7.1,5.1,6.1,97,3.6,96,11077.1
99,43,5,193,82.2,16.6,3.3,4.7,3.7,77.5,2,73.2,8581.8
99,44,3,166,64.5,11.8,4.6,5.2,6.1,59.3,2,56.8,6936.8
99,45,2,12,4,0,0.6,0.8,0,3.2,0,3.6,486.8
99,48,3,5,2,0.5,0.3,0,0,2,0.2,2,227
99,49,4,134.5,55.3,15.9,5.6,12.5,3.3,42.8,4.8,40.9,5116.5
99,50,1,680.5,289.1,76.4,14.6,83.4,27,205.7,33,234.5,25830.9
99,51,0,203,89,38,9,45,11,44,27,39,6824
99,52,3,411,158.4,49.8,23,105.4,21,53,43.8,75,13726.4
99,53,2,18,7.4,3.6,0.7,3.1,0.4,4.3,1.2,5.9,845.3
99,54,2,10,4.1,2,0.4,1.8,0.2,2.3,0.7,3.2,469.6
99,55,3,65,27.4,6.5,2.7,3,1,24.4,5.2,20.7,2553
99,56,5,158,66.6,19.4,5.1,11.5,6.1,55.1,5.1,60.2,6406.2
99,57,4,211.5,76.7,15.7,4,3.8,2.3,72.9,4.3,72.9,8851
99,58,4,81,27.2,1,3.4,0.2,2.6,27,0.6,26.4,3384.2
99,59,3,96,34.2,2.6,3.7,0.1,0.3,34.1,0.3,32.7,3391.6
99,60,4,492.5,172.5,17.8,14.1,14.8,10.4,157.7,3,151.4,19003.5
99,61,3,10,3.6,0.3,0.2,0,0.1,3.6,0,3.4,464.2
99,65,1,6.5,2,0.1,0.1,0.1,0.2,1.9,0.2,1.7,248.6
99,66,1,3,0.9,0.1,0.1,0.1,0.1,0.8,0.1,0.8,114.7
99,68,3,24.5,8.3,0.8,0.3,0,1.1,8.3,0.3,6,999.2
99,69,2,15,5.1,0.5,0.3,0,0.7,5.1,0.3,3.6,611.7
99,70,2,10,3.4,0.3,0.1,0,0.4,3.4,0.1,2.4,407.8
99,71,1,25.5,10.1,1.6,0.2,0.4,0.6,9.7,0.4,8.7,1314.9
99,72,5,210,80.2,11.3,5.6,1.1,4.7,79.1,3.1,74.3,10327
99,73,2,19,8.4,2.5,0.8,0.3,0.8,8.1,1.1,5.9,896.3
99,74,1,1,0.4,0,0,0,0,0.4,0,0.4,49.1
99,75,5,33.5,13.4,1.6,1.3,1.3,0.4,12.1,0,12,1645.1
99,76,3,15,6.6,1.4,0.2,0.7,0.5,5.9,0.4,5.8,786.9
99,78,3,39,17,6.5,1.2,11.2,0.6,5.8,2.8,9.1,1482.6
99,79,2,225.5,85.2,13.1,8,6.3,8.2,78.9,7.2,79.7,10291.9
99,80,3,212,75.7,10.6,8.2,0.6,4,75.1,3.6,65.3,9580.3
99,81,4,285.5,112.9,17.4,6.1,2,6.8,110.9,1.2,104.3,11658.5
99,82,0,634,248,48,21,10,14,238,8,217,25018
99,83,1,593.5,257,71.9,15,89.3,29.6,167.7,20,164.4,24364.6
99,84,1,573.5,254,77.1,8,54.7,23.4,199.3,16,187.6,24036.4
99,85,2,114,48.3,12.5,2.5,0,4.5,48.3,2.1,46.9,4955.1
99,86,2,2,0.7,0.1,0.2,0,0.1,0.7,0,0.7,94.6
99,89,2,6,2.6,0.4,0,0,0.3,2.6,0.2,2.2,414.6
99,91,3,12.5,5.4,1.1,0,0,0,5.4,0.3,5,745
99,94,2,4,1.8,0.4,0,0,0,1.8,0.1,1.6,232.1
99,96,6,16,7.4,1.6,0.3,0,0,7.4,0.6,6.4,902.9
99,99,5,36.5,13.2,2.4,1.4,0.7,1.1,12.5,1.1,11,1601.3
99,100,1,4,1.4,0.1,0.2,0,0.1,1.4,0.1,1.3,153.8
99,101,3,9,3.7,0.4,0.2,0,0.8,3.7,0.1,3.5,447.3
99,102,1,9,4.1,0.4,0,0,1.1,4.1,0,3.8,498
99,103,3,7,3,0.5,0.1,0,0.1,3,0,2.5,373.1
99,104,3,10,3.9,0.5,0.4,0,0.3,3.9,0.2,3.3,534.7
99,110,1,4,1.9,0.7,0.1,0.2,0.2,1.7,0.5,1.1,264.2
99,111,1,14,5.3,1,0.5,1.3,0,4,1,3.6,561.8
99,115,2,4,1.6,0.4,0.3,0,0.1,1.6,0.1,1.5,192.7
99,116,2,13,5.2,1.3,1,0,0.3,5.2,0.5,4.8,626.2
99,118,2,6,2.9,1,0.1,0,0.2,2.9,0.1,1.8,304.4
99,120,2,8,3.8,1.4,0.2,0,0.3,3.8,0.2,2.5,405.9
99,122,4,36,16.2,2.1,0,0,1.5,16.2,0.8,14.6,2082.1
99,123,3,141,49.5,10.5,5.1,0,1.5,49.5,1.1,45.9,6607.8
99,124,5,26,9.6,2.4,1,0,0.6,9.6,0.4,8.5,1212.2
99,125,5,23.5,8.5,2,1,0,0.4,8.5,0.4,8.5,1081.6
99,126,4,20.5,7.7,1.8,0.8,0,0.5,7.7,0.8,7.2,1004.6
99,127,6,46,17.6,3.8,2,0,1.4,17.6,2.5,15.9,2287.4
21,2,2,12,5.9,1.9,0,0,0.4,5.9,1.5,5.5,708.4
21,4,1,1,0.6,0.3,0.1,0,0.1,0.6,0.1,0.5,62.1
21,7,1,2,1.1,0.6,0.1,0,0.2,1.1,0.1,1.1,124.1
21,13,1,2,1,0.3,0,0,0,1,0.1,1,99.4
21,14,5,23,12.1,3.4,0,0,0,12.1,1.1,11.9,1152.8
21,15,6,27,15.2,9.2,0.5,0,0.5,15.2,3.7,13.1,1474.3
21,16,2,15,8.3,4.8,0.4,0,0.4,8.3,1.8,7.3,825.4
21,17,1,1,0.5,0.2,0.1,0,0.1,0.5,0,0.5,57.7
21,19,5,58,24.6,9.1,2.2,0.1,2.8,24.5,0.5,20.7,2396.9
21,24,2,8,3.7,0.8,0,0,0.3,3.7,0.6,3.5,384.9
21,31,3,8,5.3,3.2,0,0,0.3,5.3,0.8,4,606.2
21,35,1,3,2.1,1.4,0,0,0.2,2.1,0.2,1.6,202.9
21,36,3,8,4.7,2.4,0.2,0.4,0.3,4.3,1.1,3.2,478.5
21,37,4,23,12.8,5.6,0.8,1.6,0.8,11.2,4,7.9,1315.7
21,38,1,2,1,0.4,0,0,0,1,0.2,0.9,113.7
21,40,2,11.5,5.5,2.4,0,0,0,5.5,1.3,5.2,653.6
21,48,1,2,0.9,0.4,0.1,0,0.1,0.9,0.2,0.8,84.3
21,49,2,10,4.6,2,0.4,0.4,0.4,4.2,1,4,421.6
21,56,6,31,14.6,7,0.5,2.3,0.5,12.3,2.3,11.4,1462.3
21,57,2,10,4.7,2.3,0.2,0.7,0.2,4,0.8,3.7,471.7
21,62,1,5,2.3,0.7,0.2,0,0.2,2.3,0.9,1.6,219.3
21,63,1,7,2.6,0.7,0.4,0,0.4,2.6,0.7,2.6,244.1
21,65,2,7,3.2,1.2,0.3,0.1,0,3.1,0.5,2.7,336
21,67,2,9,4.1,1.5,0.4,0.2,0,3.9,0.7,3.4,432
21,68,1,2,1,0.4,0,0,0.2,1,0.2,0.9,114.7
21,69,1,2,1,0.4,0,0,0.2,1,0.2,0.9,114.7
21,71,4,20,7.6,2,1,0.6,0.4,7,1,6,831
21,72,3,20,7.5,2,1,0.5,0.4,7,1,6,831
21,75,1,1,0.4,0.1,0.1,0,0,0.4,0.1,0.4,44.3
21,77,4,23,9,3.2,1.7,0,0,9,2.5,8.3,1019.4
21,78,2,12,5.6,3.4,0.4,0,0,5.6,1.3,5.1,546
21,79,1,3,1.6,0.7,0,0,0.1,1.6,0.3,1.2,164.5
21,80,1,1,0.5,0.2,0,0,0,0.5,0.1,0.4,54.8
21,81,1,1,0.6,0.3,0,0,0.1,0.6,0,0.5,63.8
21,82,1,2,1.2,0.7,0,0,0.2,1.2,0.1,1.1,127.5
21,85,1,1,0.5,0.2,0.1,0,0,0.5,0.1,0.4,50.6
21,87,2,5,2.4,1.2,0.3,0,0,2.4,0.4,2.2,252.9
21,90,2,2,0.8,0.4,0,0,0,0.8,0,0.8,89
21,91,1,1,0.4,0.2,0,0,0,0.4,0,0.4,44.5
21,92,1,1,0.4,0.1,0,0,0,0.4,0,0.4,41.9
21,97,1,2,0.9,0.3,0,0,0,0.9,0.1,0.7,83.9
21,98,4,12,6.1,3.6,0.4,0,0.3,6.1,1.3,4.8,614.3
21,99,1,1,0.5,0.3,0,0,0,0.5,0.1,0.4,51.2
21,100,3,7,3.5,1.4,0,0.6,0,2.9,0,2.7,424.1
21,101,5,25,13,4.4,0,1.7,0.3,11.3,0.3,10.5,1492.5
21,102,2,3.5,2,0.4,0,0.2,0.1,1.8,0.1,1.8,202.4
21,103,2,2,1,0.4,0,0,0,1,0.2,0.6,87.8
21,104,3,16,8.3,3,0,0,0.6,8.3,1.1,5.4,702.3
21,105,3,7,3.5,1.1,0.1,0,0,3.5,0.7,3.4,347.9
21,106,4,10,4,1,0.3,0,0.3,4,0.3,3.3,409
21,107,1,5,2.1,0.4,0.1,0,0.1,2.1,0.2,1.6,204.5
21,108,4,33.5,12.6,3.8,1,0,2,12.6,2.9,11.5,1370.1
21,109,2,2,0.9,0.3,0,0,0.1,0.9,0.2,0.7,100.8
21,110,2,11,6,2.8,0,0,0,6,0.9,4.6,658.6
21,114,1,1,0.5,0.3,0.1,0,0.1,0.5,0.3,0.4,56.3
21,115,1,2,1,0.3,0,0,0.1,1,0.2,0.9,95.9
21,116,4,13,6.4,2,0,0,0.9,6.4,1.6,5,625.3
21,117,3,23,11.1,3.7,0,0,1.5,11.1,3.7,6.8,1112.2
21,118,1,8,3.8,1.3,0,0.3,0.3,3.5,0.3,3.5,295
21,122,1,4,2.2,1.1,0,0.2,0.2,2,0.3,2,194.3
21,125,2,6,3.3,1.3,0,0,0.4,3.3,0.4,3.1,311.2
21,126,1,11,6,2.4,0,0,0.7,6,0.7,5.7,570.6
21,127,2,9,4.9,2,0,0,0.6,4.9,0.6,4.7,466.8
27,1,3,27,11.9,5.1,0,0.9,0,11,1.9,10,1173.9
27,4,4,30,14,3.8,0.2,0,0.6,14,2.1,12.1,1576.7
27,5,1,9,3.9,0.4,0,0,0.2,3.9,0.2,3.5,483.5
27,16,2,5,2.3,1,0,0.2,0.2,2.1,0.6,2.1,225.6
27,18,1,1,0.5,0.3,0,0,0,0.5,0,0.5,53.8
27,21,1,2,1,0.6,0.1,0,0.1,1,0,0.9,107.5
27,22,1,1,0.5,0.2,0,0,0,0.5,0.2,0.4,56.2
27,23,2,4,2,0.8,0,0,0,2,0.6,1.8,224.6
27,26,1,2,1.3,0.7,0,0.1,0.1,1.2,0.2,1.1,131
27,33,1,2,1,0.5,0.1,0,0,1,0.3,0.9,109.3
27,35,2,9,3.5,1,0.1,0,0.1,3.5,0.5,2.8,316.3
27,36,1,5.5,3.7,2.2,0,0,0.2,3.7,1.7,2.9,388.2
27,39,1,1,0.5,0.2,0,0,0,0.5,0,0.5,51.6
27,41,2,25,13.6,6.5,1.1,3.3,0.5,10.3,0.5,9.2,1318.5
27,52,3,23,11.9,4,0,0,1,11.9,4,10,1092.1
27,53,3,14,6.8,3.3,1,0,1,6.8,1.6,5.8,599.4
27,55,6,50,19.8,4.9,1.6,0,2.5,19.8,4.9,19,1953.6
27,56,6,108,56.9,23.5,0.8,6.6,2.5,50.3,15.8,41.6,5371.5
27,57,3,12,6.6,2.4,0,0.3,0.6,6.3,1.3,5.8,662.6
27,58,3,10,3.3,0.3,0,0,0,3.3,0,3.3,378.4
27,59,2,9,2.9,0.3,0,0,0,2.9,0,2.9,340.6
27,60,1,2,0.6,0.1,0,0,0,0.6,0,0.6,75.7
27,62,1,1,0.4,0.2,0,0,0,0.4,0,0.4,41
27,63,2,12,4.8,2.3,0.6,0,0,4.8,0.4,4.2,491.4
27,64,3,11,4.5,2.1,0.5,0,0,4.5,0.6,3.9,465.4
27,66,1,6,3.1,1.4,0,0,0,3.1,1.2,2.6,335.3
27,67,1,5,2.6,1.2,0,0,0,2.6,1,2.2,279.4
27,68,2,21,10.2,4.7,0.3,0,0,10.2,2.5,9,1006.9
27,69,4,38,18.4,8.5,0.6,0.1,0,18.3,4.4,16.4,1814.4
27,70,3,16,8,3.3,0,0.6,0,7.4,0.6,7.4,705.4
27,73,5,20,9.1,2.9,0.3,0,1,9.1,1.2,8.7,1026
27,74,1,1,0.5,0.1,0,0,0,0.5,0.1,0.4,51.3
27,75,3,8,3.4,1.3,0.3,0.2,0,3.2,0.5,3.1,333.3
27,76,1,2,0.9,0.3,0.1,0.1,0,0.8,0.1,0.8,83.3
27,77,1,4,1.7,0.6,0.1,0.1,0,1.6,0.2,1.5,166.6
27,83,1,1,0.5,0.1,0,0,0,0.5,0,0.4,49
27,84,4,55,25,6.8,0,3,0.8,22,3.2,21.8,2342
27,85,4,33,14.6,4.8,1.4,0.4,1,14.2,2.4,11,1331.4
27,86,3,63,33.2,12.6,0.5,10.5,2.2,22.7,4.7,18.8,2836.3
27,87,2,33,19,9.9,0,8.6,1.5,10.4,3.5,9.1,1486.9
27,88,6,45,21.2,7.8,1.1,0.6,2,20.6,2,17.8,2098.2
27,89,3,59.5,31.3,13.7,0.8,2.2,4.2,29.1,4.2,24.2,2967.5
27,90,2,14,6.6,2.7,0,2,0.8,4.6,0.8,4.6,618.4
27,91,2,13,5.9,2.3,0.1,1.4,0.6,4.5,0.9,4.4,555.8
27,92,3,17,6.9,2.1,0.5,0,0,6.9,1.6,6.4,646.5
27,93,1,3,1.2,0.1,0,0,0.3,1.2,0.3,1.2,146.5
27,94,2,4,1.9,0.6,0,0.1,0.2,1.8,0.6,1.9,224.8
27,96,1,4,2.3,1,0,0.2,0,2.1,0.7,2.2,254.2
27,97,1,4,2.3,1,0,0.2,0,2.1,0.7,2.2,254.2
27,99,2,7,3.5,1.1,0.1,0.1,0.3,3.4,0.8,2.9,349.4
27,100,1,7,3.5,1.1,0.1,0.1,0.3,3.4,0.8,3,349.5
27,101,1,5,2.5,0.8,0.1,0.1,0.2,2.4,0.6,2.1,249.6
27,102,6,45.5,19.1,4.1,0.4,0,0.4,19.1,0.4,17.6,2244.6
27,103,1,2,1,0.5,0.1,0,0.1,1,0.2,0.9,112.5
27,104,5,20,10.1,4.1,0.5,0,0.5,10.1,1.3,9,1056
27,105,4,16,7.4,2,0.4,0,0.4,7.4,0.7,6.3,715.3
27,106,5,42,23.6,7.9,0.1,0,3.2,23.6,2.3,20.4,2334
27,107,6,64.5,33.2,10.9,1,0,7.2,33.2,2.4,24.3,3343.9
27,108,5,21,8.9,2.4,0.4,0,0.9,8.9,1.6,8.1,1016.1
27,109,1,2,0.8,0.2,0,0,0.1,0.8,0.2,0.8,96.8
27,110,2,5,2.1,0.6,0.1,0,0.2,2.1,0.4,1.9,241.9
27,111,2,3,1.2,0.3,0,0,0.1,1.2,0.3,1.2,145.2
27,112,1,6.5,3.9,1.7,0,0,0.5,3.9,0.9,3.1,343.7
27,114,1,1,0.4,0.1,0,0,0,0.4,0.2,0.3,41.9
27,116,1,2,1,0.5,0,0.1,0,0.9,0.3,1,150
27,117,2,4,2,1,0,0.2,0,1.8,0.6,2,300
27,118,4,15,7.2,1.8,0.3,0,0.6,7.2,0.6,7.2,763.9
27,119,1,2,1,0.2,0,0,0.1,1,0.1,1,101.9
27,121,2,4,2,0.5,0,0,0.3,2,0.4,1.9,185.8
27,122,3,9,4.5,1.5,0,0,0.9,4.5,1.3,4.2,377.5
27,123,3,4,2,0.7,0,0,0.4,2,0.5,1.9,167.7
27,127,1,16,6.1,2.8,0.6,0,0,6.1,1.7,6.1,514.2
112,0,1,2,0.9,0.3,0.1,0,0.1,0.9,0.1,0.7,105.7
112,2,2,2,1,0.4,0.2,0,0,1,0.2,0.8,105.8
112,5,1,1,0.6,0.4,0,0.2,0,0.4,0.1,0.4,51.3
112,6,1,1,0.6,0.4,0,0.2,0,0.4,0.1,0.4,51.3
112,11,1,2,1,0.4,0.1,0.2,0.2,0.8,0,0.7,82.1
112,12,1,3,1.6,0.6,0.1,0.4,0.2,1.2,0,1.1,123.1
112,13,3,9,5,1.6,0,0,0.7,5,2.3,4,521.1
112,14,1,2,1.1,0.4,0,0,0.1,1.1,0.5,0.9,115.8
112,15,3,6,3,1,0,0.1,0.2,2.9,0.6,2.9,320
112,16,1,1,0.5,0.2,0,0,0,0.5,0.1,0.5,53.3
112,17,3,8,4,1.3,0,0.1,0.3,3.9,0.8,3.9,426.7
112,21,1,5,2,0.7,0.3,0.1,0,1.9,0,1.9,258.7
112,24,1,9,4.3,1.9,0.4,0.8,0.6,3.5,0.8,3.5,405.3
112,25,1,1,0.5,0.2,0,0,0,0.5,0.1,0.4,56.9
112,26,2,10,4.8,1.7,0.1,0,0.1,4.8,0.5,4.5,596.6
112,30,3,14,5.3,0.9,0.9,0,0.2,5.3,0.2,4.2,656.9
112,31,4,63,25.3,6.7,3.1,2,0.3,23.3,1.3,22.9,3365.4
112,32,1,2,1,0.2,0,0,0,1,0,0.8,117.4
112,33,2,11,4,0.7,0,0,0,4,0.3,3.3,454
112,34,3,17,6.5,1.5,0.3,0.4,0,6.1,0.6,5.4,778.3
112,38,3,17.5,8.3,1.6,0,1.2,0.7,7.1,0.4,7,1056.6
112,40,5,32,11.3,1.9,1.4,1.4,0.7,9.9,0,9.9,1337.5
112,41,1,8,2.8,0.6,0.5,0.5,0.1,2.3,0.1,2.4,342.7
112,42,1,5,1.7,0.4,0.3,0.3,0.1,1.4,0.1,1.5,214.2
112,44,3,9,3.6,0.5,0.2,0,0.5,3.6,0.2,3.2,476.3
112,45,1,5,1.6,0.2,0.4,0.3,0.1,1.3,0.1,1.2,227.2
112,46,1,5,1.6,0.2,0.4,0.3,0.1,1.3,0.1,1.2,227.2
112,47,2,9,2.9,0.4,0.7,0.5,0.2,2.4,0.2,2.1,409
112,48,1,1,0.4,0.1,0.1,0,0,0.4,0,0.4,47.5
112,49,1,7,2.5,0.7,0.7,0,0,2.5,0,2.5,332.3
112,50,2,10,4.8,0.5,0,0,0.8,4.8,0.5,4.6,605.2
112,51,2,50.5,20.9,2.2,0.2,0.8,2.1,20.1,1.2,20.9,2193
112,53,6,158,62.8,10.7,3.7,8.5,5.9,54.3,5.9,55.7,6118
112,54,2,772.5,328.3,119.7,29.8,221.5,31.8,106.8,71.8,220.5,26647.2
112,55,0,4612,2537,1397,119,2472,223,65,525,1155,176173
112,56,0,4796.5,2485,1330,165,2416,283,69,728,762,166540
112,57,0,3741,2063,1120,89,1955,220,108,512,864,143036
112,58,0,3826,2068,1094,89,1972,233,96,527,916,156323
112,59,2,1925.5,1098.3,627.7,42.7,1068.2,103.5,30.1,225.7,461.4,84963.7
112,60,0,3543,1759,889,123,1679,201,80,575,574,131773
112,61,2,1379,604.5,275.2,69.1,577.5,60.1,27,223.5,194.4,41364.6
112,62,1,232,113.8,51.8,5,111.8,20,2,34.6,39.6,7715.2
112,63,1,5,3,1.8,0,2.5,0.2,0.5,0.9,0.7,175.9
112,65,1,1522.5,572.8,179.5,97.9,358,73.9,214.8,191.7,217.8,41399.7
112,66,2,987,302.8,47,75,107.5,27.5,195.3,85,126.2,28136.2
112,67,6,76.5,31.3,7.3,2.7,6.3,4.1,25,2.9,25.6,3762.9
112,68,2,589,209.8,40.7,23.4,51.7,14.7,158.1,16.4,157.7,24349.4
112,69,4,101.5,37.2,5.1,3.2,1.7,0.8,35.5,1.1,34.5,5908.2
112,70,5,47,15.7,2.8,1.2,2.7,0,13,1.9,14.3,2221.3
112,71,1,8,3.4,0.8,0.2,0,0.6,3.4,0.4,3,441
112,72,3,7,3.1,0.7,0.1,0,0.6,3.1,0.3,2.7,385.8
112,73,5,38,15.2,3.8,0.3,0,1.2,15.2,0,15.2,1981.6
112,74,2,32,12.8,3.2,0.3,0,1,12.8,0,12.8,1668.7
112,75,2,5,1.7,0.3,0.3,0,0.1,1.7,0.3,1.5,215.5
112,76,3,15,6.1,1.6,0.7,1,0.4,5.1,0.7,4.9,704.1
112,77,3,13,6.7,3,0,2.5,0.4,4.2,0.4,4.6,710.4
112,78,4,15,5.9,0.4,0,0,0,5.9,1.4,5.1,648
112,79,7,34,14.5,2.6,0,0.5,0.3,14,2.5,13.3,1613.2
112,80,5,15.5,7.5,2.3,0,0.5,0.3,7,0.7,6.9,818.9
112,81,4,28,11.9,3.5,0.5,0.9,0.6,11,1.1,10.2,1196.2
112,82,4,77.5,31.4,7.4,3,1.4,3,30,1.4,26.5,3409.2
112,83,3,34,12.6,1,1,0.5,1.5,12.1,0.5,12.1,1567.4
112,84,4,61,20.1,2.5,2.5,2.1,1.6,18,2.1,18.8,2345.8
112,85,4,181,65.3,13.8,6.2,0,1.3,65.3,2,60.7,7310.7
112,86,1,2,0.7,0.1,0.1,0,0,0.7,0,0.6,78.5
112,87,3,10.5,5.3,1.6,0.4,0,0.9,5.3,1.5,5.3,550.2
112,88,4,12,5.8,1.8,0,0.4,1,5.4,1,5.2,590.8
112,90,1,4,1.8,0.9,0.1,0.1,0,1.7,0.4,1.7,186.8
112,91,3,18,7.6,2.8,0.5,0.3,0.5,7.3,1.2,7.2,806.3
112,92,3,9,3.6,0.5,0.3,0,0.5,3.6,0.3,3.3,381.6
112,93,5,23,11.5,3.1,0,0,1.5,11.5,2,10.1,1152.5
112,94,3,12,5.3,1.1,0.2,0,0.2,5.3,0.5,4.5,548.1
112,96,7,35,13.6,2.9,1.3,0,0.2,13.6,1,11.8,1434.8
112,97,4,22,8.1,1.8,1,0,0.2,8.1,0.7,7.2,860.2
112,98,2,5,1.7,0.1,0.1,0.2,0.1,1.5,0,1.6,201.2
112,99,5,282.5,112.3,23.7,7.4,13.4,8.3,98.9,3.6,89.2,11276.3
112,100,4,18,6.1,1,0.8,0,0.3,6.1,0.3,5.4,643.1
112,101,1,7,2.4,0.4,0.3,0,0.1,2.4,0.1,2.1,250.1
112,102,1,9,3.4,0.9,0.4,0,0.7,3.4,0.7,2.7,432
112,103,2,11,4.5,1.2,0.4,0,0,4.5,0.4,3.6,606.2
112,104,1,1,0.4,0.1,0,0,0,0.4,0,0.3,55.1
112,106,3,11,4.7,2,0.3,0,0,4.7,0.6,3.9,519.4
112,107,2,10,4.3,1.7,0.3,0,0,4.3,0.6,3.6,472.1
112,108,1,3,1.1,0.2,0.2,0,0.1,1.1,0.1,0.9,128
112,109,4,9,3.2,0.5,0.6,0,0.1,3.2,0.1,2.7,384
112,110,4,13,4.6,0.7,0.8,0,0.1,4.6,0.1,3.9,554.6
112,111,4,20,7.4,1.4,0.5,0,0.3,7.4,0.9,6.9,959.2
112,112,4,8,3,0.6,0.1,0,0.1,3,0.5,2.9,391.2
112,113,1,3,1.1,0.2,0.1,0,0.1,1.1,0.2,1.1,146.7
112,114,5,21,7.7,1.4,0.4,0,0.5,7.7,1.2,7.5,1027.9
112,115,2,5,2,0.1,0,0,0.4,2,0.4,1.9,247
112,116,3,11,4.5,0.6,0,0.1,0.5,4.4,0.6,4.3,561.3
112,117,4,12,4.9,1.2,0,0.2,0,4.7,0.4,4.9,646.4
112,118,2,7,2.4,0.5,0.7,0,0.1,2.4,0.3,2.2,280.4
112,119,1,2,1,0.2,0,0.2,0.2,0.8,0.2,0.8,118.2
112,120,3,8,4,0.8,0,0.8,0.8,3.2,0.8,3.2,472.8
112,121,5,14.5,6.1,1.4,0.7,0.4,0.6,5.7,1,5.4,697.9
112,122,2,7,2.8,0.7,0.4,0.1,0.2,2.7,0.4,2.5,312.5
112,123,3,5,2.2,0.5,0,0,0,2.2,0.3,2.2,277.3
112,124,6,37,16.1,3.4,0.1,0,0.8,16.1,2,16,1993.3
112,125,3,34,13.1,2.2,0.6,0,1.1,13.1,0,12.6,1552
112,126,4,60,18.9,1.1,4.1,0,1.3,18.9,0.4,18.5,2230.8
112,127,2,10,4.8,1.4,0.2,0,0.2,4.8,0.6,4.6,599.4
117,0,5,9,5.9,3.6,0,0,0.5,5.9,0.9,5,574.2
117,1,1,5,3.3,1.9,0,0,0.3,3.3,0.6,2.8,318.9
117,4,1,4,2.1,0.7,0.1,0,0.4,2.1,0.7,1.7,155.4
117,12,2,4,2.1,1.1,0.1,0,0.1,2.1,0.4,1.7,250
117,13,1,5,2.7,1.3,0.2,0,0.2,2.7,0.5,2.1,312.6
117,18,1,3,1.4,0.4,0.1,0,0.1,1.4,0.2,1.2,131
117,19,2,34,15.4,4.6,1,0,1,15.4,2,13.4,1484.2
117,24,1,2,0.9,0.2,0,0,0.1,0.9,0.2,0.7,101.5
117,27,2,13,5.6,1.5,0.2,0,0.7,5.6,1.5,4.6,659.9
117,28,2,10,3.7,1.1,0.6,0,0.6,3.7,0.3,3.7,671.1
117,29,3,11,4.8,1.2,0.5,0.6,0.8,4.2,1,4.2,694.5
117,30,2,7,3.2,0.8,0.3,0.5,0.5,2.7,0.8,2.7,431.6
117,31,2,10,4.6,1.1,0.4,0.7,0.7,3.9,1.1,3.9,616.6
117,32,2,9,3.5,1.2,0.7,0.3,0.3,3.2,0.9,2.7,388.7
117,33,3,11,4.1,0.6,0.3,0.3,0,3.8,0.3,4.1,458.9
117,34,1,5,1.8,0.3,0.1,0.1,0,1.7,0.1,1.8,208.6
117,38,3,21,9.4,2.8,0,1.1,0.6,8.3,0.6,6.1,1034
117,39,1,2,0.8,0.1,0,0,0.1,0.8,0.1,0.7,98.5
117,40,6,29,12.2,2,0.7,0.6,1.2,11.6,1.2,10.7,1428.4
117,41,2,8,3.3,0.6,0.1,0.1,0.5,3.2,0.6,2.7,376.7
117,42,4,20,8.2,1.5,0,0,1.5,8.2,2.2,6,898.5
117,43,2,12,5.6,2.6,0,3,0,2.6,0,3,606.9
117,47,3,16,6.2,1.6,0,0,0,6.2,0.6,5.4,803.1
117,48,2,134.5,48.6,8.7,5.1,13,2,35.6,1,40.6,5761.5
117,49,2,434,163.6,33.3,10.1,43,11.7,120.6,7.4,128.4,17833.3
117,50,3,112,37.1,2.7,5.7,2,6,35.1,1.3,35.5,4910.7
117,53,3,23,11,4.3,0.5,1.2,0.5,9.8,0.9,10.1,1104.6
117,54,6,186.5,79.9,16.8,2.4,5.3,4.1,74.6,4.8,76.2,8959.6
117,56,5,85.5,32,5.7,1.3,5.4,2.9,26.6,3.9,24.8,3476.3
117,57,0,724.5,303,90,24,121,31,182,29,228,28760
117,58,2,874.5,385.2,149.8,36.9,302,53.4,83.2,99.4,165.5,30176.8
117,59,2,907,393.6,161.9,41.6,299,40.7,94.6,100.7,201.1,30884.4
117,60,5,224.5,97,33.9,7.8,55.3,6.4,41.7,14.4,59.9,8321.9
117,61,1,950.5,434.6,129.1,17.6,203.6,27.9,231,27.6,325.4,37658
117,62,3,126,51.7,9.6,2.7,0.7,4.2,51,2.7,47.2,5040.1
117,63,6,144,53.7,11.9,2.6,0.6,5.9,53.1,2.6,48.5,5957.3
117,64,4,51.5,20.9,5.9,0.1,1.3,1.7,19.6,3.5,19.6,2148.6
117,65,3,25.5,11.4,4.2,0.7,6.8,0.4,4.6,1.1,7.6,1401.4
117,66,0,439.5,168,38,18,97,33,71,36,64,14094
117,67,0,1572.5,812,334,19,507,83,305,86,449,67254
117,68,2,586,235.7,47.6,12.8,19,9,216.7,7,213.2,25233.6
117,69,2,205.5,73.1,9.3,9.2,2,6.1,71.1,7.1,62,8939.1
117,70,2,446.5,178.6,32.8,12.4,0,8.8,178.6,4.8,176.6,18870.8
117,71,6,74,28.2,4.7,2.4,1.1,2.5,27.1,1.5,25.2,3025.8
117,72,3,43,16.9,2.5,1.8,1,1.4,15.9,0.3,13.9,1752.7
117,73,5,33,13.2,1.3,0.3,0.6,0,12.6,0.3,12.6,1457.6
117,74,2,13,5.2,0.5,0.1,0.3,0,4.9,0.1,4.9,574.2
117,75,2,9,3.4,0.6,0.6,0,0.3,3.4,0.8,3.4,427.7
117,76,4,19,6.4,0.8,1.4,0,0.6,6.4,1.3,6.2,812
117,77,2,25,7.5,0.4,2.2,0,0.4,7.5,1.3,7,935.6
117,78,1,2,0.8,0.2,0.1,0,0,0.8,0.1,0.7,93.3
117,79,4,24,9.4,2.7,1.7,0,0,9.4,1.3,8.5,1119.7
117,80,3,12,4.1,0.2,0.7,0,0,4.1,0.2,4,532.9
117,81,3,29,10.2,0.9,1.6,0.5,0.1,9.7,0.7,9.1,1242.9
117,82,4,42.5,15,2.7,2,2,0.6,13,2,11.5,1648.4
117,84,2,17,7.5,1.8,0,0.4,0.4,7.1,0,6.7,957.3
117,85,1,5,2.2,0.5,0,0.2,0.2,2,0,1.9,302.4
117,86,1,5,2.2,0.5,0,0.2,0.2,2,0,1.9,302.4
117,87,2,5,2.2,0.5,0,0.2,0.2,2,0,1.9,302.4
117,88,5,20,6.8,1.7,0.9,0.8,0,6,0.3,6.3,806.8
117,91,2,9,3.1,0.7,0.4,0.2,0.1,2.9,0.1,2.9,373.1
117,92,4,16,6.1,1.1,0.6,0,0.6,6.1,0.1,5.3,699.3
117,93,4,15,7.5,3.8,1.3,0.7,0.7,6.8,0.7,6.2,765.7
117,94,4,18.5,8.7,2.9,0.6,1.8,1.5,6.9,0.9,6.8,989.6
117,95,4,9.5,4.4,1.5,0.4,1,0.8,3.4,0.5,3.4,509.6
117,96,4,14,6.6,2.9,0.6,1.2,0.3,5.4,0.2,4.9,703.2
117,97,2,4,1.9,0.9,0.1,0.3,0,1.6,0,1.3,197.2
117,98,2,16,6.3,0.9,0.3,0,0.2,6.3,0.2,6.3,767.1
117,99,5,40.5,15.3,1.8,1.3,0,0.5,15.3,0.6,15.3,1852.8
117,100,5,22,7,0.6,1.2,0,0.4,7,0.6,7,876.6
117,103,1,2,0.7,0,0,0,0,0.7,0.1,0.6,86.8
117,104,1,2,0.7,0,0,0,0,0.7,0.1,0.6,86.8
117,105,6,19,6.4,1.2,1.5,0,0.3,6.4,1.2,6.1,886.6
117,106,2,9,3.4,0.5,0.4,0,0.1,3.4,0.5,3.2,441.4
117,108,4,11,7.6,4.2,0,0,0,7.6,0,6.8,792
117,109,4,11,5.9,2.5,0.2,0,0,5.9,0.2,5.3,644.2
117,110,3,8,3.2,0.8,0.3,0,0,3.2,0.3,2.9,378.9
117,111,4,19.5,8.4,3.1,0.6,0,0.9,8.4,0.1,7.5,1001.3
117,112,1,4,1.8,0.7,0.1,0,0.2,1.8,0,1.5,207.2
117,113,6,23,9.2,2.8,0,1.6,0.6,7.6,0.6,6.9,962.5
117,114,2,6,2.2,0.3,0.2,0.1,0,2.1,0.2,1.8,285.5
117,115,2,10,3.6,0.4,0.4,0,0,3.6,0.4,3,487.4
117,116,3,7,2.4,0.4,0.4,0,0.1,2.4,0.4,2.1,296.1
117,117,2,8,2.8,0.6,0.4,0.2,0.2,2.6,0.4,2.4,338.4
117,118,3,11,3.5,0.9,0.9,0,0,3.5,0.3,2.6,495.6
117,119,3,9,2.8,0.8,0.8,0,0,2.8,0.2,2.1,405.6
117,120,2,12,4.1,0.3,0.3,0,0.7,4.1,0,3.4,634.3
117,121,2,9,3.4,0.7,0.5,0,0.5,3.4,0.2,3,400.1
117,122,2,7,2.7,0.6,0.4,0,0.4,2.7,0.1,2.4,311.2
117,123,4,17.5,6.7,1.5,1.1,0,1.1,6.7,0.3,5.9,778
117,124,3,8,2.9,0.4,0.4,0.1,0.2,2.8,0.4,2.7,360.9
117,125,2,9,3.2,0.3,0.4,0.1,0.1,3.1,0.5,3,410.6
117,126,4,11,3.9,0.4,0.5,0.1,0.1,3.8,0.6,3.7,501.8
117,127,1,6,2.2,0.2,0.3,0.1,0.1,2.1,0.4,2,273.7
17,2,2,6,2.7,1.2,0.3,0,0,2.7,0.7,1.5,262.8
17,7,4,17,6.5,2,1.1,1.1,0.6,5.4,1.1,4,649.2
17,10,1,11,4.7,1.8,0.5,0.2,0.4,4.5,0.7,4,475.2
17,11,2,14,6.7,2.1,0,0.2,0.3,6.5,1.4,5.4,701.6
17,13,1,22,14.4,8.5,0,0,0.1,14.4,5.3,12.2,1567.3
17,14,2,4,1.9,0.7,0,0,0.1,1.9,0.4,1.6,200.4
17,15,1,4,1.8,1,0.3,0,0,1.8,0.5,1.4,176.2
17,17,2,21,9.2,5,1.7,0,0,9.2,2.5,7.6,924.8
17,18,1,16,6.7,1.3,0,0,0,6.7,0.4,5.8,884.4
17,20,4,18,7.5,1.5,0,0,0,7.5,0.6,6.5,995.1
17,23,1,4,2,0.5,0,0.2,0,1.8,0.2,2,207.5
17,24,1,1,0.5,0.1,0,0,0,0.5,0,0.5,51.9
17,25,1,3,1.8,0.9,0,0,0,1.8,0.4,1.6,211.3
17,27,1,3,1.8,0.9,0,0,0,1.8,0.4,1.6,211.3
17,28,3,5,2.8,1.2,0,0,0.2,2.8,1.5,2.5,302
17,31,1,4,2.2,1,0,0,0.2,2.2,1.2,2,241.6
17,36,2,12,6.3,2.4,0.2,0.2,0.6,6.1,1.9,4.8,672.6
17,37,2,24,12.7,4.9,0.3,0.4,1.1,12.3,3.9,9.6,1345.1
17,43,2,13,6.1,2.4,0.3,0,0.3,6.1,0.9,5.5,582.8
17,44,1,4,1.9,0.7,0.1,0,0.1,1.9,0.3,1.7,179.3
17,46,1,1,0.6,0.3,0,0,0.1,0.6,0.2,0.5,63
17,47,1,1,0.6,0.3,0,0,0.1,0.6,0.2,0.5,63
17,53,1,2,1.3,0.7,0,0,0.1,1.3,0.2,1,130
17,55,2,5,3.1,1.7,0,0.1,0.1,3,0.7,2.8,314.9
17,57,1,8,5,2.8,0,0.3,0.3,4.7,1.1,4.4,503.7
17,60,4,18,11.8,8.1,0.9,1,0.9,10.8,4.5,10,1285.2
17,62,1,1,0.5,0.3,0.1,0,0,0.5,0.3,0.4,44.5
17,63,1,2,1.1,0.6,0.1,0.1,0,1,0.6,0.8,89
17,66,1,4,1.9,0.7,0.1,0.2,0.2,1.7,0.8,1.5,204.2
17,67,1,5,2.4,0.9,0.1,0.3,0.2,2.1,1,1.9,255.2
17,69,3,7,3.5,1.3,0,0,0.7,3.5,0.7,3,401.2
17,70,1,5,2.5,0.9,0,0,0.5,2.5,0.5,2.2,286.6
17,71,2,2,1,0.4,0,0,0.2,1,0.4,0.8,101.8
17,72,1,5,2.5,1,0.2,0,0.3,2.5,1,2.2,254.7
17,74,2,9,4.5,1.8,0.3,0,0.6,4.5,1.8,3.9,458.4
17,88,2,6,2.6,1,0.4,0.1,0,2.5,0.5,2.5,253.6
17,90,2,8,3.5,1.2,0.4,0.2,0,3.3,0.7,3.3,338
17,95,3,13,6.1,1.3,0,0,0.4,6.1,0.4,5.8,524
17,97,5,25,13.5,8.6,1,2.9,1,10.6,3.9,9.6,1054.8
17,98,2,3,1.9,0.9,0,0,0.1,1.9,0.8,1.8,186.8
17,99,2,6,3.8,1.8,0,0,0.2,3.8,1.6,3.6,373.6
17,103,4,11,5.5,2.2,0,0,0,5.5,1.4,5.1,572.8
17,104,2,2,1.1,0.7,0,0,0,1.1,0.4,1.1,96.9
17,105,1,3,1.9,1.4,0,0,0,1.9,0.8,1.7,134.5
17,107,2,6,3.9,2.7,0,0,0,3.9,1.5,3.5,269.1
17,108,2,6,2.6,1.2,0.2,0,0.4,2.6,0.8,2.4,261.4
17,109,4,11,5.2,2.4,0.2,0.2,0.7,5,1.7,4.6,501.2
17,110,4,5,3,1.6,0,0.5,0.4,2.5,0.9,2.1,273.1
17,111,4,258,143.9,75.4,4.8,31.2,12.5,112.7,32.1,89.2,13509
17,112,7,72,34.2,11,0.7,1.2,3.3,33,4,27.4,3306.8
17,113,1,2,0.9,0.4,0.2,0,0.1,0.9,0.2,0.7,85.5
17,114,2,18,7.9,3.6,1.5,0,0.7,7.9,2.1,6.5,769.7
17,115,2,5,2.4,0.9,0.2,0,0,2.4,0.5,2.1,238.4
17,116,1,1,0.5,0.2,0,0,0,0.5,0.1,0.4,47.7
17,117,2,8,3.8,1.5,0.3,0,0,3.8,0.8,3.3,381.4
17,118,1,11,5.5,2.3,0.5,0,0.5,5.5,1.4,4.6,581.2
17,119,1,2,1,0.4,0.1,0,0.1,1,0.2,0.8,105.7
17,120,2,9,4.8,1.5,0,0,0,4.8,0.9,3.9,512.1
17,121,4,14,7.3,3.6,0.5,0.8,0,6.5,0.8,6.6,702.6
17,123,3,11,5.5,2.2,0,0.5,0.3,5,0.3,4.4,518.3
17,124,2,6,3.5,2,0,0.1,0.1,3.4,0.7,2.9,305
17,125,3,11.5,7.5,5.4,0,0,0,7.5,2.1,6.4,627.4
17,126,2,2,1.4,1,0,0,0,1.4,0.4,1.2,109.2
17,127,1,1,0.5,0.3,0,0,0.1,0.5,0.2,0.4,50.4
28,3,6,85,38.4,12.1,1.3,2.7,2.1,35.7,4.2,31.4,4339.5
28,4,4,32,15.2,5.1,0.3,0.1,0.8,15.1,2.6,13,1661.8
28,7,1,14,6.2,2.1,0.5,0.5,0.2,5.7,1.4,4.8,684.4
28,8,1,1,0.4,0.1,0.1,0,0,0.4,0.1,0.4,48.1
28,9,2,6,2.4,0.6,0.3,0.1,0.1,2.3,0.2,2,277.4
28,10,4,19,7.5,1.9,0.8,0.2,0.2,7.3,0.8,6.6,880.1
28,13,1,4,2,0.6,0,0,0,2,0.2,2,292.9
28,14,1,5,2.4,0.7,0,0.2,0.4,2.2,0,2.2,225.7
28,16,1,1,0.5,0.2,0,0.1,0,0.4,0.1,0.4,45.1
28,17,1,8,3.7,1.5,0,0.3,0.3,3.4,0.9,3.4,360.9
28,24,3,9,4.5,1.5,0,0.2,0.3,4.3,1.3,3.9,487
28,25,1,3,1.6,0.6,0,0,0.5,1.6,0.3,1.4,198.2
28,26,3,14.5,8.1,4.2,0,1.2,1.2,6.9,3.2,6.9,871.7
28,28,1,4,2.1,1,0,0.1,0.2,2,0.4,1.7,219.1
28,30,2,11.5,6.2,2.7,0,0.3,0.8,5.9,1.2,5,652.5
28,31,3,14,7.1,3.1,0.2,0.2,0.7,6.9,1.6,5.6,762.9
28,32,1,4,1.9,0.9,0.2,0,0,1.9,0.7,1.8,218.6
28,33,2,13,6.3,3,0.7,0,0,6.3,2.2,5.9,710.5
28,36,3,21,12.9,7.3,0.1,0,0.8,12.9,5.5,10.3,1340.4
28,38,4,11,5.5,2,0,0.5,0,5,0,5,567.6
28,39,1,1,0.5,0.2,0,0,0.1,0.5,0.1,0.4,53.9
28,40,1,2,1,0.4,0,0.1,0,0.9,0,0.9,103.2
28,41,4,53.5,23.5,7.5,2.4,2.5,2.5,21,3.9,18.4,2142.9
28,42,1,2,1,0.3,0.1,0,0.2,1,0.4,0.8,94.6
28,44,3,26,12.1,4.8,0.7,0.8,0.3,11.3,2.3,10,1406.2
28,48,2,4,2.4,1.5,0.1,0,0.1,2.4,0.8,2,204.3
28,49,1,9,4.4,1.7,0,0,0.2,4.4,1,3.8,463.6
28,55,4,36,14.2,3.6,1.2,0,1.7,14.2,3.6,13.7,1406.5
28,56,4,54,28.5,13.2,0.7,1,1,27.5,6.8,24.9,2567.3
28,57,2,3,1.3,0.6,0.1,0,0.1,1.3,0.2,1.2,125.8
28,60,3,16,5.2,0.4,0,0,0,5.2,0,5.2,605.5
28,61,1,1,0.4,0.2,0,0,0,0.4,0,0.4,41
28,62,5,26,10.9,5.2,1,0.3,0.4,10.6,1.3,9.4,1077.3
28,64,1,4,1.6,0.8,0.2,0,0,1.6,0.1,1.4,163.8
28,67,4,12,5.2,1.6,0.1,0,0.4,5.2,1.5,4.5,582.9
28,68,1,1,0.5,0.2,0,0,0,0.5,0.1,0.4,47.9
28,70,1,2,0.8,0.2,0,0,0.1,0.8,0.1,0.7,87
28,73,4,11,5.2,1.8,0.1,0,0.3,5.2,0.7,4.9,568
28,74,6,33,14.7,4.8,0.6,0.3,0.6,14.4,1.9,13.4,1599.5
28,75,3,9,3.8,1.3,0.3,0.3,0,3.5,0.5,3.3,403.6
28,76,1,4,1.7,0.6,0.1,0.1,0,1.6,0.2,1.5,166.6
28,77,6,32,13.3,4.6,1,0.6,0,12.7,1.7,12.1,1428.5
28,79,1,1,0.4,0.1,0,0,0,0.4,0.1,0.4,41.2
28,80,1,2,0.9,0.2,0,0,0.1,0.9,0.1,0.7,82.5
28,81,1,2,0.9,0.2,0,0,0.1,0.9,0.1,0.7,82.5
28,82,5,15,7,2.1,0,0,0.4,7,0.7,6.4,719.7
28,83,4,12,5.5,1.6,0.2,0.2,0.4,5.3,0.4,4.7,556.4
28,84,6,14,6,1.5,0.4,0.2,0.3,5.8,0.4,5.1,640.2
28,85,4,308,144.2,42.1,7.1,6.8,14.9,137.4,13.6,119.6,14188.4
28,86,3,330,193.1,102.4,4.1,77.3,13.2,115.8,49.4,97.4,15800.9
28,87,2,732,446.9,271.8,11,341,66,105.9,119,116.4,35131.6
28,88,2,30.5,19.7,10.9,0.2,14.2,3.3,5.5,5.3,7.3,1729.8
28,89,1,1,0.5,0.2,0,0,0,0.5,0,0.4,46.6
28,91,2,4,2.2,1.1,0,0.2,0.2,2,0.1,1.8,212.1
28,92,1,1,0.6,0.3,0,0.1,0.1,0.5,0,0.5,54.5
28,93,3,26.5,10.5,0.9,0.1,0,2.3,10.5,2.2,10.5,1290.7
28,94,4,49.5,22.1,5.7,0.8,0.8,1.9,21.3,1.9,21,2412.7
28,95,2,7,3.3,1.3,0,0.3,0.2,3,0.6,3.1,371.5
28,96,3,10,5,2,0,0.4,0.2,4.6,1.1,4.7,562.2
28,98,3,8,4,1.2,0.1,0.1,0.4,3.9,0.9,3.3,399.3
28,99,3,6,2.8,0.8,0,0,0.2,2.8,0.4,2.4,289.6
28,100,2,16,7.6,2.1,0.2,0.4,0.5,7.2,1.2,7,753.5
28,101,6,31,13.8,3.5,0.3,0.2,0.9,13.6,1.6,12.6,1497.6
28,102,5,27,11.4,2.5,0.2,0,0.5,11.4,0.5,10.6,1316.7
28,103,3,17.5,8.8,3.3,0.4,0.7,0.2,8.1,1.5,7.1,863.1
28,105,2,9,4.1,1.1,0.2,0,0.2,4.1,0.4,3.5,402.4
28,106,4,9,4.9,1.5,0.1,0,0.6,4.9,0.5,4.1,465.8
28,107,1,4,2.3,0.8,0,0,0.3,2.3,0.2,2,229.5
28,109,1,1,0.5,0.2,0,0,0.1,0.5,0.1,0.5,56.8
28,110,1,4,1.7,0.5,0.1,0,0.2,1.7,0.3,1.5,193.5
28,111,1,1,0.5,0.2,0,0,0,0.5,0.1,0.4,46
28,112,2,6,2.9,1.3,0.2,0,0,2.9,0.6,2.6,275.8
28,114,1,2,1.1,0.2,0,0,0,1.1,0.2,0.8,123
28,115,2,6,2.8,0.8,0.1,0,0.1,2.8,0.9,1.9,290.7
28,116,6,19,8.6,3.1,0.4,0.2,0.4,8.4,2.9,6.7,1014.7
28,117,6,78,37.9,16,1,8,1.6,29.9,10.6,30.5,4052
28,118,1,2,1,0.2,0,0,0.1,1,0.1,1,101.9
28,119,2,3,1.6,0.5,0,0,0.1,1.6,0.3,1.6,164.1
28,121,3,16,9.2,4,0,0,1.3,9.2,2.6,8.3,817.7
28,127,2,7,2.9,1.3,0.3,0.1,0.1,2.8,0.8,2.6,298.4
63,0,4,151,68.5,25,3.6,12.6,4.5,55.9,10.3,46.6,6901.2
63,4,1,5.5,2.1,0.2,0.2,0.2,0.3,1.9,0,1.9,248.7
63,5,2,12,5,1.3,0.5,0.5,0.1,4.5,0.4,3.4,553.1
63,6,4,7,2.8,0.6,0.3,0.4,0.1,2.4,0.2,2,315.6
63,7,1,3,1.1,0.3,0.1,0.1,0,1,0.1,0.9,120.6
63,8,4,18.5,9.5,4.5,0,0.8,1.1,8.7,0.6,7.4,1185.6
63,9,8,48.5,22.5,7.7,0.6,1.8,3,20.7,1,18,2765
63,10,2,15,6,1.3,0.7,0,0.4,6,0.2,5.1,601.9
63,12,3,8.5,4.5,2,0,0,0.9,4.5,0.5,3.3,449.4
63,13,6,42,20.5,8.7,0.8,0.7,1.8,19.8,2.3,14.6,1850.7
63,16,1,6,1.9,0.2,0.2,0,0,1.9,0.2,1.7,211.4
63,19,3,45,20.4,5.2,0.4,3.5,1.2,16.9,2.6,18.3,1660.6
63,20,2,48,20.7,5.7,1.4,3.9,0.4,16.8,1.4,19.2,1969.6
63,21,4,45.5,21.9,6,0.1,1.5,2.5,20.4,3.8,20.5,2046.3
63,22,1,11.5,5.4,1.2,0,0.4,0.8,5,0.8,5,581.3
63,23,1,13,5.2,1.2,0.3,0.5,0.7,4.7,0.2,4,541.3
63,24,3,20,8.1,2.1,0.5,0.8,1,7.3,0.5,6.5,823.5
63,26,2,10,4,0.7,0,0,0,4,0,4,444
63,27,4,9,4.1,0.9,0,0,0.3,4.1,0,3.8,421.6
63,31,1,2,0.9,0.4,0.1,0,0,0.9,0.2,0.6,81.6
63,34,2,16,8.7,5.1,0.6,0.2,0,8.5,2.4,7.1,902.6
63,35,1,1,0.5,0.3,0,0,0,0.5,0.1,0.4,56.4
63,43,9,54,21.6,4.7,1.5,0.7,3.2,20.9,1.5,20.1,2863.5
63,48,4,19,8.8,4,1.2,0.9,0.3,7.9,1.2,7.9,1140
63,49,5,22,10.1,4.3,1.2,0.8,0.5,9.3,1.4,9.1,1292.8
63,52,1,2,1,0.4,0,0.1,0.1,0.9,0.1,0.8,98.6
63,55,3,54,24.1,5.4,0.4,2.4,1,21.7,4.9,18.5,2383.3
63,56,1,2,0.8,0.2,0.1,0,0.1,0.8,0.1,0.8,100.2
63,60,2,67,25.8,7.3,1.5,2,2.9,23.8,3.3,22.4,2989.3
63,61,1,4,1.8,0.5,0.1,0,0.3,1.8,0.4,1.5,193.7
63,64,1,1,0.4,0.1,0.1,0,0,0.4,0,0.3,42.4
63,66,1,4,1.7,0.7,0.3,0.1,0.1,1.6,0.3,1.7,187
63,73,1,8,3.6,1.5,0.3,0,0,3.6,0.6,3,381.1
63,74,4,36,15.6,5.4,1,0.2,0.4,15.4,2,13.6,1628.8
63,75,2,4,1.8,0.4,0,0,0,1.8,0.2,1.6,214.2
63,76,5,33,15.1,4.4,0.2,0.3,1.5,14.8,1.4,14.2,1584
63,78,3,10,5,1.2,0,0,0.7,5,0.2,4.2,554.6
63,79,2,5,2.3,0.7,0,0,0.2,2.3,0.1,2.1,262.8
63,80,4,10,4.8,1.2,0,0,0.2,4.8,0.3,4.2,544.6
63,83,4,17,8.2,2.3,0,0,0.7,8.2,1.5,6.7,677.7
63,85,2,20,9.5,2.9,0.5,0.7,2.4,8.8,4.1,6.5,910
63,86,3,6,2.6,1,0.4,0,0.3,2.6,0.7,2.2,247.9
63,87,2,19.5,8.4,3,1.2,0,0.9,8.4,1.2,7.6,764.9
63,88,3,30.5,12.1,3.4,1,0.7,1.1,11.4,1.2,9.2,1345.7
63,89,2,10,4.5,1.7,0.3,0.1,0.4,4.4,0.4,4.1,572.9
63,90,1,1,0.4,0.2,0,0,0,0.4,0,0.4,58
63,91,1,5,1.9,0.6,0.3,0.1,0.1,1.8,0.1,1.4,222.7
63,92,2,19,6.5,0.6,0.4,0,0.4,6.5,0.6,5.3,810.1
63,93,3,13,4.6,0.6,0.3,0.1,0.2,4.5,0.4,3.8,556.7
63,94,1,2,0.7,0.1,0,0,0,0.7,0.1,0.6,85.3
63,95,3,6,2.8,1,0,0,0,2.8,0,2.8,321
63,97,3,50,17.5,3.8,2.6,1.3,1.3,16.2,1.3,13.7,2082.5
63,98,2,5,1.9,0.5,0.2,0,0.2,1.9,0.2,1.7,225.7
63,99,2,18,6,1,0.8,0.1,0.1,5.9,0.1,5.9,741.8
63,100,4,33,11,1.7,1.5,0.1,0.1,10.9,0.1,10.8,1360.2
63,101,3,28,10.5,1.2,0.3,0.2,1.3,10.3,0.8,10,1268.1
63,108,1,10,3.7,1.3,0.3,0,0.3,3.7,0.5,3.2,406.3
63,111,2,8,3.4,1,0.4,0.5,0.2,2.9,0.2,2.9,389.2
63,117,5,33,13.5,3,1,0,1.9,13.5,3.4,11.6,1459.9
63,118,2,14,5.7,1.2,0.9,0.6,0,5.1,0.9,4.8,732.2
63,121,1,2,1,0.3,0,0,0.1,1,0.1,0.7,97.6
63,122,4,62.5,30.7,12.2,1.7,0.5,0.9,30.2,2.8,26.9,3005.2
63,124,5,21,9.2,2.2,0.3,0.1,0.4,9.1,1.6,8.3,1018.8
63,125,7,55.5,24.7,6.6,0.1,0.4,2.1,24.3,3.7,22.5,2562.7
63,126,7,92,42.1,13.4,0.4,5.1,6.1,37,6.4,32,4489.3
63,127,1,1,0.4,0.1,0,0,0,0.4,0,0.3,44.6
114,1,1,2,0.9,0.3,0.1,0,0.1,0.9,0.1,0.7,105.7
114,4,3,16,6.3,2.5,1,0.3,0.1,6,2,4.1,628.5
114,5,2,9,3.4,1.4,0.6,0.2,0,3.2,1.2,2.2,336.1
114,6,2,12,5.4,1.6,0.2,0.2,0.2,5.2,2.2,4.6,488.2
114,7,2,5,2.2,0.7,0.1,0,0.1,2.2,1,1.9,203.4
114,10,1,3,1.3,0.4,0.1,0,0.1,1.3,0.6,1.1,122
114,16,1,4,2,0.7,0,0.1,0.2,1.9,0.4,1.9,213.3
114,18,1,5.5,2.7,1.1,0.3,0.5,0.4,2.2,0.5,2.1,247.7
114,21,2,6,2.9,1.2,0.2,0.6,0.4,2.3,0.6,2.4,270.2
114,22,1,2,1,0.4,0.1,0.2,0.1,0.8,0.2,0.8,90.1
114,23,1,2,1,0.4,0.1,0.2,0.1,0.8,0.2,0.8,90.1
114,25,1,12,6,2,0,0,0,6,0,5.5,737.5
114,26,3,4,2,0.7,0,0,0,2,0,1.9,245.9
114,28,1,3,1.1,0.2,0.2,0,0,1.1,0,0.9,140.8
114,29,1,5,1.9,0.3,0.3,0,0.1,1.9,0.1,1.5,234.6
114,30,1,7,2.6,0.4,0.4,0,0.1,2.6,0.1,2.1,328.5
114,32,1,1,0.5,0.1,0,0,0,0.5,0,0.4,58.7
114,33,1,1,0.5,0.1,0,0,0,0.5,0,0.4,58.7
114,34,2,3,1.3,0.3,0.1,0,0,1.3,0.1,1.2,164.2
114,35,5,34,14.1,3.8,1.1,0.5,0,13.6,1.5,12.9,1792.9
114,36,3,34,14,4.3,1.4,1.5,0.3,12.5,1.6,12.3,1824.4
114,37,4,13,5.4,1.7,0.6,0.9,0,4.5,0.6,4.6,702.6
114,38,2,4,1.8,0.4,0,0.2,0.2,1.6,0,1.6,241.6
114,39,2,10,4.7,1,0,0.7,0.5,4,0.2,4,574.4
114,40,3,155,72,21.2,2.3,3.4,4.5,68.6,3.3,62.3,7217.4
114,41,1,624,340.8,167.5,11.3,251.1,44.1,89.7,50.3,123.4,27292.1
114,42,3,311,129.1,36.3,14.7,38,7.3,91.1,9.3,98.4,13372.6
114,43,5,94,39.5,7.9,1.5,0.5,3.5,39,3.5,37,5667
114,44,1,4,1.7,0.3,0.1,0.1,0.1,1.6,0.1,1.6,212
114,46,1,7,2.3,0.3,0.5,0.4,0.1,1.9,0.1,1.6,318.1
114,48,1,7,2.5,0.7,0.7,0,0,2.5,0,2.5,332.3
114,50,4,40,16.9,5.3,2.1,3.4,0.7,13.5,0.7,14.9,1786.5
114,51,2,8,3.4,1.1,0.5,0.7,0.2,2.7,0.2,3,357.3
114,52,4,26.5,9.9,0.3,0.3,1.5,1.8,8.4,0.3,9.9,1152.7
114,53,4,20,7.6,1.8,0.9,0.9,0.2,6.7,0.7,7.6,821.4
114,54,4,332,145.3,49,8.6,62.8,12.5,82.5,13.1,119.1,12827.7
114,55,3,853.5,439.9,207.9,19.9,410.9,55.5,29,112.4,210.8,32835.3
114,56,1,2325.5,1218.4,595.6,68,1183.5,141,34.9,238.8,687.8,88736.3
114,57,0,2758.5,1584,938,58,1530,173,54,514,424,97368
114,58,0,2234.5,1186,584,44,997,114,189,166,776,88835
114,59,0,2863,1454,682,85,1247,174,207,354,603,103043
114,60,1,1459.5,658.7,280.4,59,550.8,70.5,107.9,171,296.8,47417
114,61,4,661.5,257,89.5,39.5,202.5,32.7,54.5,87.2,65.1,18654.3
114,62,3,48,15.8,4.9,3,11.2,3.1,4.6,5.2,4.3,1327.5
114,63,1,133.5,60.4,23.1,3.1,37.1,6,23.3,14.1,20.3,3606.7
114,64,3,450,176.9,55.6,24.7,94.3,18,82.6,50.9,69.6,14875.9
114,65,2,736.5,259.9,50.3,34.2,14.3,16.3,245.6,32.1,239.8,24307.8
114,66,3,56,20.4,2.9,2.5,1.5,5.4,18.9,2.2,18.2,2047.8
114,67,2,8,4,1.6,0.3,0.9,0.3,3.1,0.8,3.1,463.2
114,68,1,4,1.5,0.1,0.1,0.1,0.1,1.4,0.1,1,178.5
114,69,2,12,4.6,0.4,0.4,0.4,0.4,4.2,0.2,3,535.4
114,70,2,9,3.5,0.3,0.3,0.3,0.3,3.2,0.1,2.3,401.5
114,71,2,5,2,0.2,0.2,0.2,0.2,1.8,0,1.3,223
114,72,1,5,2.1,0.5,0.1,0,0.4,2.1,0.2,1.9,275.6
114,73,3,12,5.1,1.2,0.2,0,1,5.1,0.5,4.6,661.4
114,75,3,7,2.4,0.4,0.5,0,0.1,2.4,0.4,2.1,301.7
114,76,2,8,2.7,0.5,0.6,0,0.2,2.7,0.5,2.4,344.8
114,77,1,4,1.4,0.2,0.3,0,0.1,1.4,0.2,1.2,172.4
114,78,3,12,4.3,0.7,0.3,0,0.3,4.3,1,3.6,542.9
114,79,4,35,12.4,1.3,1,0.2,1,12.2,1.6,10.5,1586.6
114,80,2,14,4.9,0.2,0.5,0.2,0.5,4.7,0,4,636.8
114,81,1,1,0.5,0.1,0,0,0,0.5,0.1,0.4,53.6
114,82,3,13,6.4,1.8,0,0,0.4,6.4,0.8,4.8,696.8
114,83,6,50.5,19.8,3.6,0.7,0,2.2,19.8,2.2,18.3,2354.7
114,84,3,12,4.7,0.8,0.2,0,0.6,4.7,0.6,4.4,559.6
114,85,2,4,2,0.7,0.1,0,0.3,2,0.5,2,209.6
114,86,1,3,1.5,0.5,0.1,0,0.2,1.5,0.4,1.5,157.2
114,87,4,139.5,54.3,9.3,3.5,4.2,5.3,50.1,3.5,49.5,6090.3
114,88,2,41,13.5,0.8,0.8,0,0,13.5,0.8,12.6,1621.9
114,89,2,9,4.1,2,0.3,0.4,0,3.7,0.9,3.8,420.4
114,90,1,3,1.4,0.7,0.1,0.1,0,1.3,0.3,1.3,140.1
114,91,1,1,0.4,0.1,0,0,0.1,0.4,0,0.4,42.4
114,92,6,27,10.5,1.7,0.8,0,1.7,10.5,0.8,10,1144.8
114,93,3,6,2.2,0.4,0.4,0,0.1,2.2,0.6,2,263.2
114,94,2,6,2.3,0.5,0.3,0.1,0.2,2.2,0.6,2.1,272
114,95,6,106,49.3,14.4,1.8,3.5,4.5,45.8,3.5,41.5,5284.5
114,96,0,1582.5,903,484,23,641,108,262,148,340,69020
114,97,2,765.5,397.4,188,20.8,212,46.6,185.4,43.6,204,34237.2
114,98,3,246,92.2,20.3,6.4,1,9.4,91.2,0,75.8,9895.5
114,99,3,17,6.6,1.5,0.1,0,0.5,6.6,1.6,5.8,795.5
114,100,1,6,2.4,0.5,0,0,0.2,2.4,0.7,2,283.3
114,101,2,5,2,0.5,0,0,0.2,2,0.6,1.7,236
114,102,1,9,3.4,0.9,0.4,0,0.7,3.4,0.7,2.7,432
114,103,4,30,13.2,3.5,0.9,1,0.5,12.2,0,8.3,1471.2
114,104,4,262,108.2,34,14.2,22.3,11.2,85.9,14.9,71.2,11163
114,105,5,81,29.8,7.8,2.9,0,0,29.8,2,26.3,3282.6
114,107,3,5,2.1,0.9,0.1,0,0,2.1,0.4,1.9,236
114,108,6,24,8.7,0,0.5,0,1.4,8.7,0.9,7.1,1062.5
114,109,7,23.5,8.8,0.2,0.5,0.1,1.2,8.7,0.8,7.2,1010.8
114,110,3,9,3.7,0.4,0.2,0.2,0.4,3.5,0.2,3.3,345.3
114,111,2,11,3.3,0.5,0.2,0,0.2,3.3,0,2.4,403.9
114,112,1,3,0.9,0.1,0.1,0,0.1,0.9,0,0.7,110.2
114,113,5,16,7.3,2.2,0.5,0,0.5,7.3,0.9,5.1,816.9
114,114,4,16,7.1,2,0.5,0.1,0.5,7,0.8,5.2,806.7
114,115,1,8,2.9,0.2,0.2,0.3,0.2,2.6,0,2.6,367.5
114,116,2,6.5,2.4,0.2,0.2,0.2,0.2,2.2,0,2.1,298.6
114,117,2,6,2.1,0.2,0.2,0.2,0.2,1.9,0,2,275.7
114,118,4,9,3,0.7,0.9,0,0.1,3,0.3,2.8,360.6
114,119,3,11,3.6,0.8,1,0,0.1,3.6,0.4,3.4,440.6
114,120,4,15,5.8,1.5,0.9,0.4,0.3,5.4,0.6,5.4,654.2
114,121,6,55,23.7,8.5,2.4,2.7,0.8,21,3,20.2,2718.7
114,122,6,60,21.9,3.8,2,1.1,1.5,20.8,1.1,18.6,2659.1
114,123,5,23,8.4,2.5,0.6,0,0.6,8.4,0.6,7.7,981.3
114,124,2,13,5.1,1.6,0.4,0,0.6,5.1,0.7,4.7,597.6
114,126,3,8,3.6,1.2,0.3,0,0.5,3.6,0.8,3.2,410
114,127,5,16,7.1,2.3,0.5,0,1.1,7.1,1.6,6.4,820.1
29,1,2,7,2.8,0.8,0,0,0.2,2.8,0.1,2.4,359.1
29,3,5,133.5,52.5,12.4,3.7,6.2,3.1,46.3,6.5,34.9,5878.6
29,4,5,30.5,13.1,3.7,0.6,1.9,0.9,11.2,0.3,10.2,1528
29,5,1,7,2.3,0.8,0.2,0.2,0,2.1,0.4,1.5,229.5
29,6,1,6,2.7,0.9,0.2,0.2,0.1,2.5,0.6,2.1,293.3
29,7,4,41,18.1,6,1.3,1.4,0.6,16.7,4,14,2004.4
29,9,2,8,3.1,0.8,0.5,0,0,3.1,0.5,3,384.9
29,10,5,41,16,4.2,2.4,0,0,16,2.4,15.2,1972.8
29,12,2,9,4.5,1.4,0,0,0,4.5,0.4,4.5,659.1
29,13,2,13,6.5,2,0,0,0,6.5,0.5,6.5,952
29,14,1,14,5.9,1.7,0.6,0.4,0.4,5.5,1.7,5.2,703.3
29,15,2,30,12.7,3.5,1.2,0.9,0.7,11.8,3.5,11.1,1507.1
29,21,6,24,12.1,3.8,0.1,1.6,1.4,10.5,2.3,10.5,1219.5
29,27,2,8,4.4,2.3,0,0.7,0.8,3.7,1.9,3.7,477.7
29,31,1,1,0.4,0.2,0,0,0,0.4,0.1,0.3,48.1
29,39,1,4,2.1,0.8,0,0,0.3,2.1,0.4,1.8,215.6
29,40,1,8,4.1,1.7,0,0,0.6,4.1,0.8,3.6,431.2
29,41,2,7,3.4,1.1,0.3,0,0.6,3.4,1.4,2.8,331.1
29,42,3,12,5.9,2,0.5,0,1,5.9,2.4,4.9,567.7
29,43,2,8,2.9,0.5,0.3,0,0.3,2.9,0.3,2.4,324.3
29,46,1,2,0.8,0.2,0,0.1,0,0.7,0.1,0.7,102.9
29,51,1,1,0.6,0.3,0,0,0,0.6,0.2,0.4,48
29,52,3,4,2.3,1.2,0,0,0.1,2.3,0.7,1.7,192
29,54,2,10,5.5,2.9,0.3,0,0.4,5.5,1.5,4.4,498
29,55,4,14,7,2.8,0.4,0,0.4,7,0.4,6.6,796.5
29,56,3,12,5.6,2.3,0.4,0,0.4,5.6,0.6,5,593
29,57,2,11,4.8,2.1,0.4,0,0.4,4.8,0.7,4.2,461.3
29,59,1,2,1.2,0.6,0,0,0.2,1.2,0.3,0.9,101.2
29,60,1,2,1.2,0.6,0,0,0.2,1.2,0.3,0.9,101.2
29,64,3,25,10.4,1.1,0.3,0,1.3,10.4,1.8,9.1,1085.9
29,65,1,2,0.8,0,0,0,0.2,0.8,0.1,0.6,82.5
29,70,1,7,2.9,0.7,0.1,0,0.3,2.9,0.4,2.6,304.6
29,72,1,1,0.5,0.2,0,0,0,0.5,0,0.5,52.2
29,77,1,2,0.8,0.2,0,0,0,0.8,0.1,0.8,102.4
29,80,1,6,2.1,0.6,0.1,0,0.1,2.1,0.4,2.1,216
29,81,1,3,1.2,0.3,0,0,0.1,1.2,0.1,1.2,131.6
29,82,7,39,15.8,3.9,0,0,1,15.8,1.4,15.8,1711.1
29,83,1,3,1.2,0.3,0.1,0.1,0.1,1.1,0.1,1,123.3
29,84,5,94,42.2,13.8,2.4,1.4,2.5,40.8,1.9,39.3,4691.7
29,85,2,301,141.6,45.8,5.3,5.4,10.6,136.2,10.4,126.4,14982.4
29,86,2,471.5,242,120.7,10.2,78.5,22.6,163.5,37.4,149,24023.3
29,87,1,788.5,488.4,292.7,11.5,283.7,46.7,204.7,108.7,216.2,38151.5
29,88,4,56,26.1,10,2,5,2.5,21.1,3,18.7,2781.9
29,89,5,61.5,28.9,9,1.2,4,1.9,24.9,2.4,23.2,3053.7
29,90,6,69.5,29.2,6.3,1,0.6,2.8,28.6,2.8,27.5,3383.1
29,91,5,36,16.7,5.5,0.4,0.9,1.7,15.8,1.4,15,1804.6
29,92,5,9,5.4,2.9,0,0.8,0.7,4.6,0.2,4.4,490.4
29,94,3,52.5,22.5,6.9,0.1,0.7,1.8,21.8,3.1,19.4,2385.5
29,95,2,8,3.6,1.2,0,0.2,0.2,3.4,0.4,3.2,391
29,97,5,20,8.6,2.6,1.4,0,0,8.6,0.6,7.4,761.4
29,98,2,5,2,0.5,0,0,0,2,0.1,2,224.9
29,99,2,8,3.3,0.7,0,0,0,3.3,0.1,3.3,359.9
29,100,4,14,6.5,1.6,0.2,0.3,0.4,6.2,0.8,6.2,641.4
29,101,2,10,4.3,1.2,0.1,0.1,0.5,4.2,0.6,4.3,461
29,102,4,16,6.7,1.8,0,0,1,6.7,1,6.7,740.8
29,103,4,20.5,10.3,3.7,0.7,0.8,0.2,9.5,1.7,8.2,997.6
29,104,3,29.5,14.8,5.4,0.8,1.3,0.4,13.5,2.5,11.8,1435.7
29,106,3,12,6.5,2.8,0,0,0.5,6.5,1.4,5.1,639.2
29,108,1,2,1,0.4,0,0,0.1,1,0.2,0.9,113.6
29,109,5,11,5.4,2.1,0,0,0.6,5.4,1.1,5,624.8
29,110,1,3,1.5,0.5,0,0,0.2,1.5,0.3,1.4,170.4
29,111,3,9,4.4,1.9,0.3,0,0.1,4.4,0.9,3.9,435.3
29,113,1,2,1,0.4,0.1,0,0,1,0.2,0.9,91.9
29,114,1,2,1.1,0.2,0,0,0,1.1,0.2,0.8,123
29,115,2,6,3.3,0.5,0,0,0,3.3,0.5,2.5,369
29,116,2,5,2.4,0.5,0,0.1,0.1,2.3,0.4,2.1,273
29,117,2,3,1.3,0.3,0,0.1,0.1,1.2,0.2,1.3,150
29,118,1,4,2.5,1.1,0,0,0,2.5,0.8,2.3,249
29,120,1,1,0.6,0.3,0,0,0,0.6,0.2,0.6,62.2
29,121,3,15.5,10.1,5.2,0,0,0.8,10.1,2.9,8.8,934
29,122,2,3,1.9,1,0,0,0.2,1.9,0.6,1.7,180.8
29,123,3,7,4.5,2.4,0,0,0.4,4.5,1.3,4,421.8
62,0,1,50,16.3,3.7,2.1,2.1,0.6,14.2,0.3,14.9,1901
62,4,3,11,4.5,1.1,0.4,0.3,0,4.2,0.4,3,492.4
62,5,2,3,1.2,0.3,0.1,0.1,0,1.1,0.1,0.8,138.8
62,10,4,52,20.8,4.3,2.5,0,1.2,20.8,0.7,17.8,2086.7
62,11,3,10,4.7,1.6,0.2,0,0.7,4.7,0.3,3.6,468.3
62,12,3,5,2.6,1.1,0,0,0.6,2.6,0.4,2,267.6
62,14,1,1,0.5,0.2,0,0,0.1,0.5,0.1,0.4,53.5
62,17,4,12,3.8,0.4,0.4,0,0,3.8,0.4,3.4,422.8
62,19,3,251,138.9,64.2,2,68.8,21.4,70.1,31.7,68.1,11480
62,20,1,474.5,248.8,112.1,10,102.2,29,146.6,51,137.7,21112
62,21,3,21,8.9,2.4,0.5,1.8,0.5,7.1,1.2,7.9,807
62,23,1,13,5.2,1.2,0.3,0.5,0.7,4.7,0.2,4,541.3
62,24,5,60.5,26.1,5.8,1.3,1.4,3.8,24.7,0.6,20.8,2661.7
62,25,4,19,7.6,2.9,1.4,0,0.4,7.6,0.8,6.6,822.7
62,26,4,29,11.7,3.3,1.2,0,0.4,11.7,0.8,10.9,1270.1
62,28,4,24,10.1,3.7,0.3,0,0.3,10.1,0.6,8.6,1034.4
62,29,6,82,35.3,13.6,2.3,0,0.7,35.3,5.3,28.1,3456.5
62,34,3,14,7.8,4.6,0.6,0.4,0,7.4,2.3,6.4,790.1
62,45,2,16,7.3,2.5,1,0,0.5,7.3,1,7.3,750.5
62,49,2,8,3.7,1.6,0.4,0.3,0.2,3.4,0.5,3.3,466.4
62,51,3,23,11.4,5,0.3,1.4,0.9,10,1.2,8.7,1133.6
62,52,6,39,19.4,8.6,0.5,2.5,1.5,16.9,2.1,14.8,1922.2
62,54,5,17,8.3,3.4,0.2,1.1,0.8,7.2,0.9,6.3,839.9
62,55,5,31,13.8,4.1,0.4,0.9,1.2,12.9,1.7,10.7,1543.4
62,56,3,11,4.9,1.4,0.2,0.3,0.4,4.6,0.6,3.8,547.7
62,58,2,6,2.6,0.5,0.1,0.1,0.1,2.5,0.2,2.2,326.4
62,59,3,25,11,2.2,0.7,0.7,0.7,10.3,1.1,8.9,1359.9
62,60,4,57,26.8,7.6,1.8,3.8,0.8,23,4.3,22.3,2972.6
62,64,2,11,4,1.5,0.9,0,0.3,4,0.3,3.2,466.4
62,65,1,6,2.2,0.8,0.5,0,0.2,2.2,0.2,1.7,254.4
62,67,2,5,1.8,0.7,0.4,0,0.2,1.8,0.2,1.5,212
62,73,1,5,2.2,1,0.2,0,0,2.2,0.4,1.9,238.2
62,75,3,13,5.2,0.6,0.2,0.2,0.6,5,0,4.6,507.2
62,76,4,17,7.7,2.3,0.1,0.1,0.9,7.6,0.6,7.1,786.3
62,77,1,8,3.9,1.4,0,0,0.4,3.9,0.4,3.7,401.6
62,78,1,3,1.5,0.3,0,0,0,1.5,0.1,1.4,180.5
62,80,4,29.5,13.5,4.3,0,0,1.4,13.5,0.7,12,1494.2
62,81,2,30,12.3,3.1,1.4,0.5,2,11.8,1.4,11.7,1385
62,82,4,102.5,48.6,20.1,3.7,9.4,6,39.2,6.7,40.2,4719.2
62,83,1,1,0.5,0.1,0,0,0,0.5,0.1,0.4,39.9
62,84,1,3,1.4,0.4,0,0,0.1,1.4,0.3,1.2,119.6
62,86,2,14,6.5,2.1,0.5,0.3,1.5,6.2,2.6,4.7,624.5
62,87,3,21,9,3.2,1.4,0,0.9,9,1.4,8.1,823.7
62,88,6,107.5,56.2,27.2,2.5,13.4,7.4,42.8,11.2,34.9,5439.3
62,89,6,20,9.6,3.7,0.4,0.8,1.1,8.8,1.2,7.6,1070.1
62,90,3,16,7.1,2.7,0.6,0,0.6,7.1,0.6,6.5,927.7
62,92,2,12,4.1,0.4,0.2,0,0.2,4.1,0.4,3.4,511.7
62,93,4,14,4.8,0.5,0.3,0,0.3,4.8,0.5,3.9,596.9
62,95,2,8,3.8,1.3,0,0,0,3.8,0,3.8,428
62,96,2,3,1.1,0.3,0.2,0.2,0.1,0.9,0.1,0.8,124.9
62,97,2,24,8.4,1.8,1.2,0.6,0.6,7.8,0.6,6.6,999.6
62,98,1,5,1.9,0.5,0.2,0,0.2,1.9,0.2,1.7,225.7
62,99,3,15,5.1,0.8,0.7,0.1,0.1,5,0.1,4.9,622.1
62,100,4,138,44.6,5.3,5.9,0.5,1.5,44.1,1.5,38.1,5139.9
62,101,3,29,11,2.2,0.7,0.6,1.3,10.4,1.3,8.9,1126.2
62,102,1,7,2.7,0.5,0.2,0.2,0.3,2.5,0.3,2.2,271.8
62,104,2,3,1.2,0.2,0,0,0.1,1.2,0.2,1.2,142.6
62,106,2,10,3.9,1.3,0.4,0,0,3.9,1,3.7,451.4
62,107,1,3,1.2,0.4,0.1,0,0,1.2,0.3,1.1,135.4
62,110,2,25,11.4,3.8,1.5,2.2,0.7,9.2,0.7,9,1277.2
62,111,2,5,2.1,0.6,0.3,0.3,0.1,1.8,0.1,1.8,242.4
62,113,1,4,1.5,0.3,0.1,0,0,1.5,0,1.5,178.3
62,115,2,14,6.6,2.4,0.4,0,0.4,6.6,1,6,858.6
62,117,1,5,2.1,0.4,0.1,0,0.3,2.1,0.6,1.8,220.7
62,119,2,11,4.4,0.9,0.7,0.4,0,4,0.7,3.7,575.3
62,121,3,144,59.3,19,4.4,8.4,4.4,50.9,10.1,40.8,5984.4
62,122,3,108.5,47.8,15.3,2.9,5.2,8.2,42.6,6.7,35.9,4567.2
62,124,2,26,11.5,3.1,0,0.3,1.1,11.2,1.8,10.4,1188.8
62,125,1,5,2.2,0.6,0,0,0.2,2.2,0.3,2,228.6
62,126,2,4,2.1,0.9,0,0.5,0.5,1.6,0.5,1.2,220.5
62,127,1,4,2.2,1,0,0.6,0.5,1.6,0.5,1.2,220.5
102,3,4,16,7.1,1.3,0,1.3,0.7,5.8,0.7,7.1,978.5
102,7,1,4,1.8,0.8,0,0.3,0.2,1.5,0.3,1.4,201.3
102,8,5,114,48.6,15.3,4.3,8.5,7.3,40.1,10.6,35.1,4896.4
102,9,3,26,10.3,2.9,1.2,1.3,1.2,9,1.8,7.6,1028.9
102,10,2,4,2,0.4,0.2,0,0,2,0.4,1.6,195.4
102,11,3,7,3.9,1.8,0.1,0,0.1,3.9,0.3,3.6,428.5
102,12,1,4,2.3,1.3,0,0,0.1,2.3,0.1,2.2,264.6
102,14,2,3,1.2,0.3,0.2,0,0,1.2,0,1.2,126
102,15,3,14,5.6,1.2,0.8,0,0,5.6,0.2,5.3,588.2
102,16,5,38,15,3.4,1.9,0.1,0.4,14.9,0.6,13.8,1602
102,17,5,168.5,63.9,16.3,6.8,0.5,2.2,63.4,4.6,60.4,6792.8
102,18,2,365,132.2,21.3,16.1,12.2,9.2,120,13,117.1,14302.9
102,19,2,513,285.1,144.3,5.6,190.2,31.7,94.9,55,115.4,23906.8
102,20,5,126,53.9,18.2,5.3,17,4,36.9,2.8,37.6,5938.3
102,21,2,7,2.2,0.3,0.6,0.3,0.1,1.9,0,2.1,243.9
102,22,1,7,2.2,0.3,0.5,0.2,0.1,2,0,2.1,243.8
102,23,5,53,16.6,3.5,4.2,0,0.7,16.6,2.7,16.6,1782.7
102,24,1,19,5.9,1.2,1.5,0,0.2,5.9,1,5.9,639.1
102,25,1,3,1,0.1,0.1,0.1,0.1,0.9,0.1,0.9,122.7
102,26,1,4,1.3,0.1,0.1,0.2,0.2,1.1,0.1,1.2,163.6
102,28,5,258,109.6,34.5,9.4,34.1,9.7,75.5,18.7,75.8,10061.2
102,29,5,41,14.1,3.1,1.8,1.4,0.7,12.7,0.7,12,1591.2
102,30,1,55.5,21.8,5.4,2.8,0.6,2.5,21.2,1.8,18.7,2419.7
102,31,2,3,1.1,0.2,0.1,0,0,1.1,0.1,1,133.6
102,32,6,55,20,4,2,1.3,1.3,18.7,2,18.7,2449.4
102,33,1,4,1.9,0.7,0,0.2,0.1,1.7,0.3,1.7,220.8
102,34,3,7,3.2,1.1,0,0.3,0.1,2.9,0.6,2.8,386.4
102,35,1,1,0.5,0.2,0,0,0,0.5,0,0.5,62
102,36,2,16,9.2,3.9,0,0.8,0.8,8.4,0.8,8.4,1173.3
102,37,2,5,2.9,1.2,0,0.3,0.2,2.6,0.2,2.6,366.6
102,40,3,12,6,3,0.5,0.5,0.5,5.5,0.9,4.5,604.5
102,41,3,88,34,7.7,4.8,2.6,1.5,31.4,1.2,32.8,3870.8
102,42,5,45,17.5,2.8,1.5,0.7,0.7,16.8,2.2,16.7,1733.2
102,44,3,35,13.5,3.2,1.3,0,0.8,13.5,0.8,12.3,1478.2
102,45,1,2,0.9,0.2,0,0,0.1,0.9,0.1,0.8,88
102,46,4,158,67.2,22.4,3.8,7,7.8,60.2,9,53.3,6609.8
102,47,1,7,2.8,0.7,0.1,0,0.3,2.8,0.1,2.6,302
102,48,3,6.5,3.4,1.5,0,0,0.2,3.4,0.6,3.4,452.4
102,49,2,4,2.1,0.9,0,0,0.1,2.1,0.4,2.1,278.4
102,50,5,41,16.2,3.9,2.7,1,1.1,15.2,2.2,16.2,1698.3
102,51,1,1028.5,393.1,133,59.3,261.4,44,131.7,146.1,84.7,28553.1
102,52,1,1426,606.5,245.5,71.5,514,70.5,92.5,168,201.5,46445.5
102,53,4,817.5,460.5,245.1,17.8,386.8,42,73.7,105,114.7,33379.8
102,54,2,3,1.5,0.5,0.1,0.1,0,1.4,0,1.4,159.1
102,55,3,6,2.1,0.3,0,0,0,2.1,0,2.1,251.4
102,56,2,6,2.4,0.7,0.1,0.4,0.1,2,0.5,2,269
102,57,3,334,153.7,65.2,7.3,82.7,13.3,71,36,70,12343.8
102,58,1,733.5,322.5,121.8,23.8,149,36,173.5,56.8,189.5,26430.2
102,59,0,1381,727,328,18,543,87,184,89,330,56977
102,60,1,781,422.8,214.2,8.1,252.2,39.1,170.6,59.1,184.7,30587.7
102,61,3,273,115.9,21.6,7,11.4,5.3,104.5,4.8,105.5,11466
102,62,1,2,0.9,0.2,0,0.2,0.2,0.7,0,0.7,104.5
102,63,1,12.5,5.2,0.8,0,0,0.5,5.2,0,4.4,541.4
102,65,2,21,8.9,2.1,0,0.7,0.4,8.2,0.4,7.1,1147.9
102,67,1,2,0.8,0.3,0.1,0.2,0,0.6,0.1,0.7,94.5
102,68,3,9,3.5,0.8,0.4,0.5,0.4,3,0,2.2,382.4
102,69,4,10,3.8,0.8,0.3,0.5,0.3,3.3,0,2.6,427.3
102,70,4,16,5.7,0,0.3,0.6,0.3,5.1,0.3,5.7,699.5
102,71,5,21,7.6,0.6,0.5,1.6,0.4,6,0.7,6.5,838.7
102,72,3,540,266.2,102.3,6.3,150.3,24.7,115.9,28,148.3,22842.2
102,73,1,509.5,199.4,48.6,19.5,76.3,24.3,123.1,18,150.6,21936.5
102,74,1,175.5,71.8,15.3,4.4,1.2,1.2,70.6,1,71.2,8573.6
102,75,1,6,2.2,0.2,0.2,0,0.1,2.2,0,1.8,297.5
102,78,1,5,1.7,0.2,0.1,0.1,0.1,1.6,0.1,1.5,233.7
102,82,6,25.5,11.1,1,0,0,0,11.1,1,11.1,1156.1
102,83,3,370.5,135.1,22.3,15.8,2,5.5,133.1,5.5,124.6,14156.8
102,84,4,257.5,118.4,34.3,5.9,13,9.3,105.4,3.7,86.5,10591.6
102,85,1,300,118.2,33.4,9.1,47,17,71.2,4.1,75.9,10518.4
102,86,5,18,7.7,1.3,0.2,0,0.1,7.7,1.1,6.7,802.5
102,87,5,126,63.8,27.2,2,39,9.2,24.8,7.4,23.1,5265.1
102,88,3,24,9.1,1,1.4,0.7,0.3,8.4,0.3,7.3,1084.8
102,89,4,28,10.5,1.5,1.6,0.5,0.2,10,0.2,8.9,1290.8
102,90,3,29,10.9,2.2,1.7,0,0,10.9,0,9.9,1383.8
102,91,3,20,7.3,1.2,1,0,0,7.3,0.4,6.3,904
102,92,2,4,1.4,0.2,0.2,0,0,1.4,0.2,1,162.2
102,95,1,2,0.7,0.1,0,0.1,0.1,0.6,0.1,0.6,84.9
102,96,1,48.5,15.9,0.2,2.1,0,1.1,15.9,0.1,12.7,1825
102,97,5,245.5,82.8,10.7,12.7,0,4.3,82.8,6.7,76.5,8788.6
102,98,2,229,83,12.6,7.1,3.3,9.2,79.7,3,72.9,8928
102,99,1,429.5,220.7,111.2,8.2,90,24.1,130.7,29.1,102.4,19108
102,100,3,344.5,118,14.7,12.7,2.6,9.1,115.4,6.1,108.1,12519.6
102,101,7,27.5,10.7,2.7,1.2,0.1,0.9,10.6,0.7,8.3,1185.8
102,102,5,17,8,3.4,0.6,0,1.1,8,0.6,5.8,956
102,103,3,265,91.6,13.2,5.5,0.3,6.5,91.3,4.7,88.3,10432.7
102,104,6,196.5,82.7,18.9,5.7,2.6,4.2,80.1,2,77.5,9940.1
102,105,2,88.5,32.1,6.3,3,0,2.1,32.1,1,25.9,4205.8
102,106,4,7,3.3,0.7,0,0,0.2,3.3,0,2.8,559.8
102,107,1,1,0.5,0.1,0,0,0,0.5,0,0.4,100.6
102,108,1,1,0.5,0.2,0.1,0,0,0.5,0.1,0.5,48.3
102,109,4,16,7.1,3,0.9,0.2,0.1,6.9,1.1,6.8,739.8
102,110,2,14,5.1,0.9,0.3,0.6,0.3,4.5,0.9,4.2,560.9
102,111,1,5,2,0.6,0.2,0,0.1,2,0.7,1.9,308.9
102,114,1,2,0.8,0.2,0.1,0,0,0.8,0.3,0.8,123.6
102,115,4,95,43.9,13.8,1.7,0,0,43.9,3.7,40.6,4589.3
102,116,5,166,71.6,19.3,5.8,8.3,3.5,63.3,5.6,63.4,7644.8
102,117,6,176.5,66.3,12.6,7,0.6,4.1,65.7,3.5,60.3,7872.3
102,118,4,16,5.5,1.4,0.9,0,0.5,5.5,0.9,5,673.4
102,119,1,2,0.9,0.3,0,0,0.1,0.9,0,0.9,116.6
102,120,3,4,1.7,0.5,0,0,0.1,1.7,0,1.7,233.2
102,121,6,20,8.6,2.6,0.5,0.3,0.8,8.3,0.6,8,1156.1
102,122,3,7,3.1,0.7,0.3,0.3,0.4,2.8,0.4,2.5,398.3
102,123,3,6,2.7,0.3,0.3,0.3,0.6,2.4,0.6,2.4,297
102,124,5,34,13.8,2.8,1.1,0.7,2.1,13.1,1.8,12.5,1634.7
102,125,5,27.5,10.6,2.7,0.9,0.4,0.9,10.2,0.9,9.7,1300.7
102,126,5,38.5,16.1,4.9,1.2,0,0,16.1,1.8,14.3,1712.6
102,127,1,299,153,71.5,5.4,54,14,99,26.6,92.5,14028.8
109,0,2,2,1,0.4,0.2,0.2,0.2,0.8,0.2,0.8,99.4
109,1,6,22,10.4,3.8,0.8,0.7,0.8,9.7,1.3,8.6,1055.5
109,13,1,1,0.5,0.2,0,0,0,0.5,0.1,0.4,47.7
109,15,1,2,1,0.3,0,0,0.1,1,0.2,1,106.7
109,20,4,10,4.3,1.8,0.3,0.8,0.2,3.5,0.3,4,436.3
109,21,6,53,23.8,9.6,2.2,2.6,0.4,21.2,2.2,20.8,2441.6
109,22,1,5,2.3,0.9,0.2,0.1,0,2.2,0.2,1.9,239.7
109,25,5,66,21.8,3.4,4,0.6,1.2,21.2,1.2,21,2663.8
109,26,2,10,3.2,0.6,0.6,0,0.2,3.2,0.2,3.2,403.6
109,29,1,2,0.9,0.2,0,0.1,0,0.8,0,0.8,108.5
109,30,3,14,6,1.6,0,0.4,0.3,5.6,0.3,5.4,759.4
109,31,4,112,48.3,13.2,3,7.2,4.2,41.1,6.2,35.8,5230.3
109,33,5,11,5.7,2.4,0,0.4,0,5.3,0,5.3,668.6
109,34,2,12,6.5,2.5,0,1,0.5,5.5,1,4.5,747.5
109,35,2,5,2.7,1,0,0.5,0.2,2.2,0.4,1.9,311.5
109,36,3,10,4.6,0.9,0,0,1.2,4.6,1.2,3.8,524.6
109,37,1,4,1.8,0.3,0,0,0.5,1.8,0.5,1.5,209.8
109,39,2,5,2.1,0.7,0,0.2,0,1.9,0.3,2,234
109,40,1,1,0.4,0.1,0,0,0,0.4,0.1,0.4,46.8
109,41,3,11,4,0.8,0.2,0.2,0,3.8,0.4,3.7,459.1
109,42,4,29,9.7,0.8,0.8,0,0,9.7,0.8,8.6,1126.4
109,43,4,26,9.5,1.5,0.6,0.2,0.6,9.3,0.1,8.7,1079.9
109,44,6,139,55.9,10,3.9,0.8,3.7,55.1,3.8,47.4,5964.8
109,45,5,202.5,77.6,11.8,2.1,2.1,3.3,75.5,3.7,70.9,8569.3
109,46,7,92.5,35.5,7.5,3,1.2,1.2,34.3,2.8,31.2,4148.5
109,47,3,18,6.8,1.7,0.7,0.1,0.3,6.7,0.7,5.9,807.9
109,48,1,1,0.4,0.1,0,0,0,0.4,0.1,0.3,50.3
109,50,5,24,9.9,3.5,0.2,0,0.9,9.9,1.5,7.6,1207.2
109,51,1,7,3.2,1.2,0.3,0.1,0.2,3.1,0.2,2.9,328.1
109,52,1,85,39.2,14.5,3.9,12.2,5.7,27,3.4,29.3,3393.5
109,53,7,58,20.9,4.5,4.5,5.9,0,15,2.3,16.4,2046.4
109,54,1,360.5,182.7,91.2,11.2,141.2,19,41.5,55.1,53.6,12815.6
109,55,2,393.5,115.3,17.5,26.5,31.6,8.6,83.7,15.5,84.2,11411.7
109,56,3,348,139.8,20.4,4.4,6.1,5.8,133.7,4.5,131.6,16173.7
109,57,3,54.5,18.5,3.5,2.9,8.1,0.6,10.4,5.2,13.8,1973.5
109,58,4,246,87.2,25.3,15.4,31.4,5,55.8,15,60.3,8081.2
109,59,6,260,107,43,16.2,78.8,6.6,28.2,35.7,31.4,7335.5
109,60,1,755,295.4,94.1,37.1,204.1,42,91.3,63,160.3,24801.6
109,61,1,2287,1104.6,485.8,87,1083.6,129,21,251,518,80256
109,62,3,35,15.2,4.6,0,3.8,0,11.4,0,11.5,1668.5
109,63,2,74.5,30.7,9.6,2,4.9,3.3,25.8,1.5,24.6,3226.3
109,64,0,438.5,177,44,13,52,10,125,17,139,16468
109,65,2,602,259.5,89.9,20.8,142,27.8,117.5,50.8,139.4,22191.8
109,66,1,188.5,91.2,26.6,1.5,59.7,7.9,31.5,3.9,51.1,8814.6
109,67,1,599,242.5,66.2,26,54.2,18,188.3,10.1,192.2,28725.1
109,68,4,335,114.3,17.9,16.9,55.5,21.5,58.8,16.5,35.9,10829.1
109,69,3,287,116.7,16.5,4.9,3.2,6.3,113.5,2.2,114.5,15319.2
109,70,3,17,7.5,1.3,0.2,1.5,0.5,6,0,5.5,1294.4
109,71,6,18,7.5,1.3,0.4,0.7,0.6,6.8,0,6.7,1137.3
109,73,2,8,3.2,0.8,0.2,0,0,3.2,0.5,2.7,459.8
109,74,1,12,4.9,1.1,0.4,0,0,4.9,0.8,4.1,689.6
109,75,3,329.5,122.9,11.6,11.6,0,5.6,122.9,3.3,120.9,14408
109,76,2,175,77,14.6,3.3,6.5,5.6,70.5,3,72,8127.9
109,77,4,23.5,9.1,1,0.5,0.9,1,8.2,0,9.1,1138.6
109,78,3,14,4.8,0.5,0.8,0.3,0.2,4.5,0,4.4,560.5
109,79,3,18,6.7,0.9,1,0.2,0.5,6.5,0.1,5.7,784.2
109,80,3,4,1.7,0.4,0.3,0,0.3,1.7,0.1,1.2,211.1
109,81,3,19,7.4,1.2,1.3,0.2,0.7,7.2,0.2,6.3,961.1
109,82,1,20,7.2,0.5,1.5,0.5,0.5,6.7,0,6.7,980
109,83,1,6,2.4,0.5,0.2,0,0.1,2.4,0.2,2,275.1
109,84,6,64.5,24.8,4.5,1.6,0.7,1.3,24.1,1.6,21.1,2835.4
109,85,5,33,11.9,2,0.5,0.9,1,11,0.5,10.4,1325.9
109,86,2,13.5,5.4,1.4,0.3,0,0.5,5.4,0.3,5.4,698.2
109,87,4,29,11.6,3,0.5,0,1,11.6,0.5,11.6,1499.9
109,88,2,15,6,1.3,0.9,0,0,6,0.4,5.6,623.1
109,89,4,60,25.6,4.2,0.9,0,1.7,25.6,1.6,23.5,2964.3
109,90,6,97,36.7,4.1,1.6,0,4.9,36.7,0.6,30.7,4218.4
109,91,2,13,5.2,0.6,0.2,0.1,0.4,5.1,0.4,4.3,662.5
109,92,1,2,0.8,0,0,0,0,0.8,0.1,0.8,114.6
109,93,4,33.5,13.7,2.4,0.8,0.8,1.7,12.9,1.7,10.5,1485.3
109,94,1,2,0.8,0.1,0,0,0.1,0.8,0.1,0.6,88.7
109,95,3,22,8.6,2.2,1,0,0,8.6,1,4.9,915.8
109,96,2,6,2.4,0.6,0.3,0,0,2.4,0.3,1.3,249.7
109,97,2,8,3.1,0.8,0.3,0,0,3.1,0.3,1.8,333
109,98,4,26,9.5,1.8,1.2,0,0,9.5,0,9.5,1089.4
109,99,2,13,4.5,0.8,0.8,0,0.1,4.5,0.1,4.2,511.8
109,100,4,39,11.9,1.3,3.7,0.5,1.3,11.4,0.6,9.1,1313.5
109,101,3,297,113.1,31.1,15.9,17.9,7.1,95.2,10.3,87.7,11533.3
109,102,4,59,25.7,4,0.7,1.1,2,24.6,2.3,21.6,2777
109,103,2,7,2.8,0.7,0,0,0,2.8,0.2,2.8,346.7
109,104,3,8,3.2,0.8,0,0,0,3.2,0.1,3.2,396.3
109,105,2,7,2.4,0.1,0.1,0,0.1,2.4,0.1,2,292.2
109,106,3,43,13.5,1.2,2,0,0.2,13.5,1.6,12.7,1706.2
109,107,3,14,4.3,0.4,0.7,0,0,4.3,0.6,4.2,547.9
109,108,4,26,8.8,1.1,0.6,0,1.1,8.8,1.1,8.8,1115.8
109,109,5,11,4.7,1.4,0.2,0.1,0.4,4.6,0.4,4.2,623.9
109,110,2,20,10,3.9,0.5,0.5,0.8,9.5,0.8,8.7,1364.3
109,111,2,9,3.6,0.8,0.4,0,0.1,3.6,0.4,3.5,438.3
109,112,3,225,98.1,29.6,10.1,10,6.4,88.1,11.1,75.5,10009.9
109,113,4,13,5.1,0.3,0.3,0,0.5,5.1,1.2,4.1,601.5
109,114,1,3,1.2,0.3,0.1,0,0.2,1.2,0.1,1.1,153.4
109,116,1,2,0.8,0.2,0,0,0.1,0.8,0.1,0.8,102.2
109,117,5,12,4.9,1.2,0.2,0.1,0.7,4.8,0.4,4.6,613.4
109,118,4,75,31.2,9.2,0.7,2.7,2.3,28.5,3.3,26.1,3537.1
109,119,6,18.5,6.7,1.3,0.6,0.2,0.4,6.5,0.4,6,880.6
109,120,5,28,8.8,0.9,0.9,0,0.5,8.8,0.5,7.9,1192.8
109,121,1,7,2.7,0.5,0.3,0,0,2.7,0.3,2.1,319.6
109,122,2,7,2.8,0.4,0.3,0,0,2.8,0.3,2.1,319.6
109,123,4,6,3.5,1.3,0,0,0.5,3.5,0,3.1,405.7
109,124,4,74,36.8,12.5,1.4,1.5,2.2,35.3,0.2,31.6,3863.8
109,125,4,471,273.6,149.2,7.6,137,38.6,136.6,47.7,128.6,23895.5
109,126,4,302.5,157.4,83.9,9.9,52.1,12.2,105.3,15.5,98.8,14694.1
109,127,6,18,8,2,0.3,1,0.6,7,0.8,6,852.6
30,3,4,46,19.8,5.3,0.7,2,1.5,17.8,0.8,15.9,2335
30,4,3,11,4.8,1.1,0,0,0.4,4.8,0.2,4.1,572.9
30,10,1,3,1.2,0.3,0.2,0,0,1.2,0.2,1.1,144.4
30,11,1,1,0.4,0.1,0.1,0,0,0.4,0.1,0.4,48.1
30,15,2,14,5.9,1.6,0.5,0.3,0.4,5.6,1.6,5.1,703.3
30,22,2,3,1.5,0.4,0,0.2,0.2,1.3,0.3,1.3,150
30,24,2,4,2.1,0.7,0,0.1,0.4,2,0.4,1.8,232.2
30,31,2,9.5,4.1,1.9,0.4,0,0,4.1,1.1,3,457.1
30,40,1,7,2.9,0.9,0.2,0,0,2.9,0.7,2.7,381.9
30,45,1,8,3.3,0.9,0.1,0.4,0.1,2.9,0.5,3,411.4
30,47,3,17,7.1,1.8,0.3,0.7,0.3,6.4,1,6.2,874.4
30,48,1,7,3.4,1.3,0,0,0.1,3.4,0.7,3,360.6
30,51,3,9,4.8,2.4,0.1,0,0.4,4.8,1.3,4,442.6
30,52,4,9,5.1,2.7,0.1,0,0.3,5.1,1.6,3.9,432.1
30,53,3,7,4,2.1,0.2,0,0.2,4,1.2,3,336.2
30,54,2,4,1.9,0.9,0.1,0,0.1,1.9,0.4,1.5,173.8
30,55,1,1,0.5,0.2,0,0,0,0.5,0,0.5,56.9
30,56,2,2,0.9,0.4,0,0,0,0.9,0.1,0.9,98.8
30,57,4,39.5,19.1,6.4,0.2,0,4.2,19.1,4.4,14.6,1480.6
30,58,2,6,3.6,1.8,0,0,0.6,3.6,0.8,2.8,303.6
30,59,4,17.5,10.7,5.3,0,0,1.8,10.7,2.5,8.2,885.7
30,60,1,2,1.2,0.6,0,0,0.2,1.2,0.3,0.9,101.2
30,61,3,18,9,4.3,0.5,1,1.5,8,1.8,6.7,782
30,62,2,12,6,2.8,0.3,0.7,0.9,5.3,1.2,4.4,521.3
30,63,5,34,13.2,4.2,1.4,0,1.4,13.2,4.2,9,1530.3
30,64,8,58,24.4,4.6,0.9,0.3,3,24.1,4.6,19.9,2601.2
30,65,1,2,0.8,0,0,0,0.2,0.8,0.1,0.6,82.5
30,68,1,8,3.6,1.6,0.3,0.1,0.4,3.5,0.9,3.4,365.7
30,69,3,18,8,3.6,0.7,0.1,1,7.9,1.9,7.6,822.7
30,70,1,1,0.4,0.1,0,0,0,0.4,0.1,0.4,43.5
30,72,3,21,10.7,4.2,0,0,0,10.7,1,9.8,1096.6
30,73,6,64,34,17.1,1,0,2.6,34,5.7,27.7,3435.2
30,74,1,1,0.4,0.1,0,0,0,0.4,0,0.4,51.2
30,75,1,4,1.6,0.4,0.1,0.1,0,1.5,0.2,1.5,204.8
30,76,3,23,9.9,2.5,0.5,0,0.5,9.9,0,9.3,995
30,77,3,21.5,9.2,2.4,0.4,0,0.4,9.2,0,8.7,930.1
30,78,2,17,6.1,1.7,0.4,0,0.4,6.1,1.2,6.1,612
30,79,2,14,6.1,2,0.3,0,0.3,6.1,0.4,6.1,715.5
30,80,3,27,11.8,3.9,0.6,0,0.6,11.8,0.6,11.8,1411.3
30,81,3,4,2.5,1.8,0,0,0,2.5,0.5,1.9,244.3
30,82,3,16,10.2,7.1,0,0,0.1,10.2,2.2,7.6,943.5
30,83,1,1,0.4,0.1,0,0,0,0.4,0,0.3,41.1
30,84,2,3,1.4,0.6,0.1,0,0.1,1.4,0.1,1.2,132.4
30,85,4,176,82.3,30.2,3.2,8,3.5,74.3,5.9,69.1,8020.6
30,86,4,207.5,109.7,52.3,5.6,22.3,9.4,87.4,10.5,77.6,10038.9
30,87,4,186,88.4,39,6.9,52.2,13,36.2,29.9,33,6901.7
30,88,3,247.5,116.6,30.3,4.4,1.5,11,115.1,4.4,112.2,10892.5
30,89,3,18,7.6,1.6,0.7,0.3,0,7.3,0.7,7.4,841.4
30,90,4,20,8.8,2.3,0.3,0.1,0.7,8.7,0.8,7.8,1016.3
30,91,5,39.5,18.9,5.7,0.5,0.3,1.4,18.6,1.6,15.3,2101.8
30,92,3,10,5.2,2.2,0,0.6,0.7,4.6,0.4,4.4,505.6
30,93,2,4,2,0.6,0,0,0.2,2,0.2,2,209.6
30,95,2,9,3.8,1.1,0.3,0,0.3,3.8,1,3.5,375.8
30,96,1,1,0.4,0.1,0.1,0,0,0.4,0,0.4,38.1
30,97,1,9,3.9,1.2,0.6,0,0,3.9,0.3,3.3,342.6
30,98,5,79.5,38.7,10.4,0.2,2,3.8,36.7,4.1,26.4,3554.5
30,99,5,124,67.4,30.7,0.4,13.2,3.5,54.2,7.9,47.6,6254.8
30,100,7,54.5,27,9.3,1,2.3,1.5,24.7,3.2,24.2,2706.5
30,101,1,5,2.3,0.6,0.1,0.1,0.1,2.2,0.3,2.2,229.1
30,103,2,4,1.9,0.7,0.1,0.1,0,1.8,0.2,1.6,186
30,104,1,3,1.5,0.5,0.1,0.1,0,1.4,0.2,1.2,146
30,105,2,4,2.2,1,0,0,0.2,2.2,0.4,1.6,213
30,106,3,5,2.7,1.2,0,0,0.2,2.7,0.5,2,266.3
30,108,1,1,0.5,0.2,0,0,0.1,0.5,0.1,0.5,56.8
30,109,4,16,7.8,3,0.2,0,0.6,7.8,1.4,7,839.4
30,110,4,11,5.5,2.1,0.1,0,0.4,5.5,1,4.8,564.2
30,111,6,11,5.1,1.7,0.2,0,0.2,5.1,0.7,4.8,502.6
30,112,3,21,9.1,2.1,0,0,0.7,9.1,0.7,9.1,898.1
30,113,2,19,9.3,4.2,0.9,0,0,9.3,1.9,8.3,873.1
30,115,1,2,1.1,0.2,0,0,0,1.1,0.2,0.8,123
30,116,1,3,1.3,0.3,0,0.1,0.1,1.2,0.2,1.3,150
30,117,2,6,2.9,0.6,0,0.1,0.1,2.8,0.4,2.6,323
30,118,2,10,5,1.4,0,0,0.5,5,0.5,5,505.9
30,120,1,3,1.9,0.9,0,0,0,1.9,0.6,1.7,186.7
30,121,2,9,5.5,2.6,0,0,0,5.5,1.7,5.1,560.2
30,123,1,3,1.9,1,0,0,0.2,1.9,0.5,1.7,180.8
31,1,1,1,0.4,0.1,0,0,0,0.4,0,0.4,52.3
31,2,2,3,1.3,0.3,0,0,0.1,1.3,0,1.2,156.9
31,3,4,53,23,4.9,0,0,2.1,23,1.3,19.9,2770.6
31,4,5,36,15.6,3.4,0,0,1.4,15.6,0.8,13.6,1882.1
31,5,1,4,1.3,0.4,0.1,0.1,0,1.2,0.2,0.9,131.1
31,7,2,26,8.4,2.8,0.7,0.7,0,7.7,1.5,5.6,852.4
31,8,4,216.5,79.6,14.5,7.5,0,3,79.6,1.8,75,9610.5
31,9,3,92,38.2,10.2,1.6,4,4.2,34.2,1.4,30.6,4627
31,10,5,95.5,42.5,7.3,1,1,4.7,41.5,1.7,35.7,5400.3
31,11,1,2,0.8,0.1,0,0,0,0.8,0,0.8,106.1
31,15,3,18,7.5,2.1,0.8,0.4,0.5,7.1,2.1,6.6,904.3
31,18,1,2,1.3,0.8,0.1,0.4,0,0.9,0.4,0.8,139.1
31,19,1,2,1.3,0.8,0.1,0.4,0,0.9,0.4,0.8,139.1
31,20,2,14,8.8,5.9,0.8,2.9,0,5.9,2.9,5.9,973.3
31,23,1,3,1.5,0.4,0,0.2,0.2,1.3,0.3,1.3,150
31,26,1,2,1.1,0.4,0,0,0.3,1.1,0.2,0.9,132.2
31,27,2,7,3.8,1.4,0,0,1.1,3.8,0.8,3.2,462.5
31,28,1,8,4.3,1.5,0,0,1.2,4.3,0.9,3.7,528.6
31,32,2,24,11,4,0,0,1,11,1,10,1037
31,33,3,11,4.8,2.2,0.4,0,0,4.8,1.3,3.5,529.3
31,37,4,15,8,3.7,0.2,0.5,1.3,7.5,2,6.2,862.3
31,38,5,10,5.2,2,0,0,0.7,5.2,1,4.3,539
31,39,2,6,3.1,1.2,0,0,0.4,3.1,0.6,2.7,323.4
31,40,2,8,3.3,1,0.2,0,0,3.3,0.8,3.1,436.5
31,41,6,108,53.6,20.5,1.6,10,2,43.6,8.8,38.5,5493.5
31,42,6,42,20.2,6.6,1,1.9,0,18.3,2.5,15.6,2026.2
31,43,5,21,7.7,1.4,0.7,0,0.7,7.7,0.7,6.3,851.2
31,45,4,21,8.7,2.3,0.3,0.9,0.3,7.8,1.3,7.8,1080
31,51,1,8,4.5,2.5,0.2,0,0.3,4.5,1.4,3.5,384.2
31,53,1,1,0.6,0.3,0,0,0,0.6,0.2,0.4,48
31,54,1,7,3.9,2.2,0.1,0,0.3,3.9,1.2,3.1,336.1
31,56,1,1,0.4,0.2,0,0,0,0.4,0.1,0.4,41.9
31,62,1,3,1.5,0.7,0.1,0.2,0.2,1.3,0.3,1.1,130.3
31,63,1,3.5,1.3,0.4,0.1,0,0.1,1.3,0.4,0.9,157.5
31,65,2,15,7.3,2.8,0,0.6,1,6.7,1,5.7,767.5
31,66,7,69,33.8,14.6,2.1,2,2.7,31.8,5.5,25.8,3587.5
31,67,1,17,8.1,3.8,0.8,0,0.8,8.1,2.1,6.4,900.6
31,68,4,61,28.3,11.6,1.3,3.4,7.2,24.9,6.2,20.5,2764.5
31,69,5,34,14.9,6,0.9,0.3,1.8,14.6,3.3,14,1538.7
31,70,4,25.5,10.6,2.5,0.4,0,1.3,10.6,1.7,9.3,1109.7
31,71,3,58,25.9,10.1,2.3,3,2,22.9,4.8,20.5,2294.8
31,73,1,3,1.5,0.6,0,0,0.2,1.5,0.2,1.2,152.5
31,74,3,21,9,2.6,0.4,0.4,0.3,8.6,1.1,8.1,1073.2
31,81,1,1,0.7,0.6,0,0,0,0.7,0.2,0.5,64
31,82,1,2,1.4,1.1,0,0,0,1.4,0.3,1,128
31,83,2,12,4.8,1.3,0.4,0.5,0.4,4.3,0.3,3.9,493.1
31,84,2,15,6,1.8,0.5,0.5,0.5,5.5,0.4,4.9,620.9
31,85,4,76,33.8,13.4,3.4,0,1.9,33.8,3.4,28.9,3415.3
31,86,3,7,3.6,1.4,0.1,0.4,0,3.2,0.4,3,355.5
31,87,3,15,7.8,3.1,0.3,1,0,6.8,0.8,6.5,774.9
31,88,1,2,0.8,0.2,0.1,0,0,0.8,0.1,0.8,93.5
31,89,7,30,13.3,3.4,0.9,0.3,0.1,13,1.1,11.9,1496.8
31,90,2,10,5,1.8,0.2,0,0.2,5,0.3,3.7,572.4
31,91,5,15,6.7,1.6,0.1,0.4,0.8,6.3,0.7,5.9,731.3
31,92,6,113,49.9,11,0,2.1,8,47.8,4.7,41.8,4985.9
31,93,5,19.5,10,3,0,0.3,1,9.7,1,9.7,1056.6
31,94,4,111,55.8,21.3,0.8,1.5,2.7,54.3,5.4,52.3,5699.5
31,95,5,30,12.8,3.8,1.1,0,1.1,12.8,3.3,11.6,1252.4
31,96,6,28,12.2,3.5,0.9,0.2,1.1,12,2.7,11,1201.9
31,97,4,35,16,4.8,0.7,0.7,1.5,15.3,2.4,14.2,1589.2
31,98,5,49.5,24.5,9.5,0.4,0,1.4,24.5,1.9,20.7,2439.9
31,99,7,33,16.8,6.8,0.4,0.4,0.9,16.4,1.3,14,1667.6
31,100,5,27,14.7,6.4,0.8,1.8,0.8,12.9,1.9,11.7,1488.6
31,101,4,24,10.5,3.9,0.9,0,0.9,10.5,0.9,10.5,960
31,108,1,6,2.9,1.1,0,0,0.3,2.9,0.6,2.8,340.8
31,109,1,8,4,1.5,0.2,0,0.2,4,0.6,3.4,385.1
31,110,5,28,14,5.5,0.5,0,0.5,14,2.2,11.8,1347.7
31,111,1,2,0.9,0.2,0,0,0.1,0.9,0.1,0.9,85.5
31,112,1,2,0.9,0.2,0,0,0.1,0.9,0.1,0.9,85.5
31,113,1,2,1,0.4,0.1,0,0,1,0.2,0.9,91.9
31,119,4,12,6,1.6,0,0,0.5,6,0.5,6,607.2
31,120,1,3,1.9,0.9,0,0,0,1.9,0.6,1.7,186.7
31,121,2,2,1.2,0.6,0,0,0.2,1.2,0.4,1.2,120.6
31,125,1,3,1.5,0.5,0.1,0.1,0.1,1.4,0.5,1.1,206.5
32,0,8,57,21.4,2.5,1.1,0.4,1.6,21,1.1,18.9,2511.7
32,1,7,84,31.3,6.2,2.1,0.6,2.3,30.7,1.5,27.8,3706.4
32,2,4,47.5,17.8,4.1,1.2,0.4,1.2,17.4,0.8,15.5,2097.3
32,4,3,99.5,41.1,11.3,3.8,0,2.6,41.1,4.3,37.4,4953.7
32,5,4,54,21.8,5.3,2.7,0,2.7,21.8,0.7,18.6,2606.5
32,7,1,14,5.3,1,0.8,0.2,1,5.1,0.6,5.3,611.8
32,8,3,214.5,75.1,9.8,7.9,0.9,2.7,74.2,3.4,61.2,8205.2
32,9,2,361,182.4,84.3,6.4,83.4,15.8,99,27.2,88.1,17795.7
32,10,3,439.5,231.2,106.9,6,79.5,26,151.7,45,118.8,21099.9
32,11,4,30,14.4,5.9,0.3,0.4,0,14,2.1,14,1488.1
32,16,2,3,1.2,0.3,0,0,0.1,1.2,0.2,1.2,145.4
32,17,1,6,2.3,0.5,0.1,0,0.2,2.3,0.4,2.3,290.8
32,20,1,3,1.4,0.6,0.1,0.2,0,1.2,0.3,1,149.7
32,24,3,17,6.8,2,0,0,0,6.8,2,6.2,720.2
32,25,2,2,0.8,0.2,0.2,0,0,0.8,0,0.8,89.8
32,27,1,4,1.6,0.5,0.2,0,0.1,1.6,0.1,1.5,179.6
32,28,3,10,5,2.3,0.4,0,0.2,5,0.9,4.8,535
32,30,3,24,12,5,0,0,0,12,1,11,1372.1
32,32,2,3,1.6,0.6,0,0,0,1.6,0.2,1.5,168.3
32,34,3,15,8.1,2.8,0,0,0,8.1,0.9,7.2,841.3
32,41,3,11,7.6,5.2,0,0.7,0,6.9,0.7,6.4,770
32,42,3,8,5.5,3.8,0,0.5,0,5,0.5,4.6,560
32,49,1,2,1,0.4,0,0,0,1,0.2,0.9,103
32,55,1,1,0.5,0.2,0,0,0,0.5,0.2,0.4,44
32,56,1,1,0.5,0.2,0,0,0,0.5,0.2,0.4,44
32,57,1,4,2,0.9,0,0.2,0,1.8,0.9,1.7,175.8
32,58,2,9,4.3,1.7,0.2,0,0.2,4.3,0.2,3.2,441.9
32,62,1,13,7.3,2.8,0,0,1,7.3,1.4,5.9,677.4
32,63,3,10.5,5.9,2.2,0,0,0.8,5.9,1.1,4.8,547.1
32,66,2,14,6.1,2,0.6,0.6,0.9,5.5,0.3,5.6,664.4
32,67,1,2,0.9,0.3,0.1,0.1,0.1,0.8,0,0.8,94.9
32,72,1,1,0.6,0.2,0,0,0,0.6,0.1,0.5,50.1
32,75,1,3,1.4,0.5,0.1,0,0.1,1.4,0.4,1.4,142.5
32,76,3,25,11.9,4,0.6,0,0.6,11.9,3.3,11.9,1187.5
32,83,2,14,5.9,1.8,0.3,0,0.3,5.9,0.6,5.6,617
32,84,5,80.5,36.5,12.1,0.7,0.1,2.1,36.4,1.5,32.3,3352.1
32,85,7,58,25.1,6.3,0.4,0.4,2.3,24.7,1.4,22.8,2477
32,86,2,4,1.8,0.5,0,0,0.1,1.8,0.1,1.6,176
32,87,4,20,9.7,3.6,0.8,0.3,0.9,9.4,0.8,8,957.1
32,89,5,15,6.7,1.8,0,0.6,0.9,6.1,1.7,5.5,570.5
32,90,4,63.5,23.5,1.7,0.9,1.7,0.9,21.8,2.6,19.3,2197.7
32,91,2,11,4.3,0.8,0.2,0.1,0.2,4.2,0.6,3.8,410.5
32,92,1,1,0.4,0.1,0,0,0,0.4,0.1,0.4,38.9
32,93,1,4,1.9,0.7,0.2,0.3,0.2,1.6,0.1,1.7,211.9
32,94,3,148.5,70.9,27.5,2.2,8.3,10.4,62.6,10.8,56.4,7052.4
32,95,2,12,5.1,1.3,0.4,1.7,0.9,3.4,0.4,3.9,484.7
32,97,3,22,10.3,3.5,0.5,0,0.5,10.3,1.5,8.3,1018.4
32,98,4,16,8,4.3,0.7,0.7,0,7.3,1.8,6.8,742.2
32,99,2,5,2.5,1.4,0.2,0.2,0,2.3,0.6,2.1,231.9
32,108,1,1,0.4,0.1,0.1,0,0,0.4,0.1,0.2,42.8
32,109,2,4,1.6,0.6,0.2,0,0.2,1.6,0.4,0.8,171.4
32,110,2,4,1.6,0.6,0.2,0,0.2,1.6,0.4,0.8,171.4
32,120,1,3,1.7,0.9,0,0,0.2,1.7,0.4,1.4,160
32,123,4,29,16.1,8.4,0,0,1.9,16.1,3.9,13.5,1546.7
32,125,1,2,1,0.4,0.1,0.1,0.1,0.9,0.3,0.7,137.7
48,0,2,53,16.8,1.3,2.2,0,2.2,16.8,0,15,2180.1
48,3,4,28,11.8,3.3,0.8,0,0.5,11.8,0.2,11,1337
48,4,6,45,20.3,5.4,1.1,0,1.3,20.3,1.8,18.6,2563.4
48,6,3,29,13,4.3,0.7,1.8,0.8,11.2,0.5,10.7,1509.5
48,7,4,204.5,93.3,35.5,5.3,29.5,4.6,63.8,12.9,59.9,8999.9
48,8,3,15,7.7,2.4,0,1.3,0.3,6.4,0.4,5.3,860.9
48,9,1,10,5.3,1.7,0,1.1,0.3,4.2,0.3,3.3,597.5
48,10,1,4,2.1,0.8,0.1,0,0.3,2.1,0.1,2,218.3
48,11,2,6,3.2,1.2,0.2,0.1,0.4,3.1,0.3,2.9,329.3
48,14,2,9,3.9,1.2,0,0.1,0.5,3.8,0.6,3.7,424.5
48,21,3,54,28.1,12.4,0.8,0.2,1.4,27.9,2.1,24.1,2364.8
48,25,3,19,8.2,2.7,0,0,0.7,8.2,1.3,6.8,890.3
48,31,1,4,2.1,0.7,0,0.1,0,2,0.2,2.1,246.6
48,32,1,1,0.4,0.1,0,0,0,0.4,0.1,0.4,42.5
48,35,2,14,5.9,1.6,0.8,0.6,0.2,5.3,1.1,5.9,633.5
48,36,4,17,7.4,1.9,0.5,0.2,0.2,7.2,0.5,7.1,882.1
48,37,2,7.5,3.3,0.6,0.3,0.3,0.3,3,0.6,3,431
48,41,1,2,0.9,0.3,0.1,0,0,0.9,0.2,0.9,105.5
48,44,1,20.5,8.6,2.8,0.6,0,0.9,8.6,2.5,8,1030.9
48,45,2,11,4.6,1.6,0.4,0,0.5,4.6,1.3,4.3,551.7
48,47,2,20,10,3.3,0.7,1.3,2.7,8.7,0.7,8.7,1034.7
48,48,3,16,7.9,2.5,0.1,0.4,0.9,7.5,1.4,6.5,829.9
48,49,2,11,3.9,0.9,0.7,0.1,0.3,3.8,0.6,3.2,407.4
48,50,2,6,2.2,0.6,0.4,0,0.2,2.2,0.3,1.9,231.8
48,52,1,2,1,0.3,0.1,0,0,1,0.1,0.9,96.8
48,54,2,6,2.7,0.6,0.2,0.1,0.2,2.6,0.3,2.3,255.8
48,59,2,4,1.5,0.4,0.3,0,0,1.5,0.2,1.4,166
48,60,3,8,3.1,0.7,0.4,0.1,0.1,3,0.5,2.8,333.4
48,62,2,9,5.2,2.9,0.3,0,0,5.2,1.9,4.8,532.9
48,63,4,25,12,3.9,1.1,0,1.4,12,2.1,12,1498.9
48,64,2,11,5.1,1.7,0.2,0,0.7,5.1,1.1,4.6,565.8
48,68,1,1,0.5,0.2,0,0,0.1,0.5,0.1,0.5,54
48,72,1,6,2.9,1.2,0.2,0,0.4,2.9,0.6,2.7,286.8
48,73,1,1,0.6,0.4,0,0,0,0.6,0.1,0.5,60.3
48,74,2,39.5,24.3,11.7,0.5,3,1.5,21.3,5.6,18.2,2437.2
48,75,1,5,2.3,0.8,0.2,0.1,0.2,2.2,0.5,2.1,231.8
48,76,2,6,2.8,1,0.2,0.1,0.2,2.7,0.6,2.5,278.2
48,78,4,6,3.4,1.3,0,0.3,0,3.1,0.9,2.8,290.8
48,80,1,1,0.6,0.3,0,0,0,0.6,0.1,0.6,50.5
48,82,3,5,2.9,1,0,0.2,0.1,2.7,0.5,2.5,270.1
48,83,2,5,2.9,1.3,0,0.3,0,2.6,0.8,2.5,251.5
48,84,2,6,3.5,1.4,0,0.4,0,3.1,1.1,3,301.8
48,85,3,5,2.4,0.8,0.1,0.1,0.3,2.3,0.6,2.3,220.6
48,86,3,14,7.3,1.9,0,0,0.4,7.3,1.9,6.7,664.2
48,87,1,1,0.5,0.2,0,0.1,0.1,0.4,0.1,0.4,39.2
48,88,1,2,0.8,0.1,0.1,0.1,0.2,0.7,0.3,0.6,65
48,89,2,6,2.6,0.6,0.2,0.3,0.4,2.3,1,1.8,212.9
48,105,2,4,2.6,1.5,0,0,0.3,2.6,0.7,2.4,286.8
48,106,1,3,2.1,1.3,0,0,0.2,2.1,0.6,1.9,230.2
48,108,2,7,3.5,1.2,0.1,0,0.3,3.5,0.7,3.1,388.2
48,109,2,3,1.6,0.6,0,0.2,0,1.4,0.2,1.3,177.1
48,111,1,2,1.4,0.8,0,0.1,0,1.3,0.4,1.2,149.2
48,113,1,2,0.8,0.1,0.1,0.2,0,0.6,0.1,0.7,87.9
48,118,2,3,1.6,0.6,0.1,0.3,0,1.3,0.2,1.2,203.3
48,119,3,10,4.7,1.2,0.4,0.8,0.4,3.9,0.5,3.4,548.1
48,120,3,15,8.1,3.2,0.4,1.3,0,6.8,0.8,5.7,1016.4
48,124,1,1,0.6,0.3,0,0,0,0.6,0,0.4,65.2
48,125,1,3,1.6,0.5,0,0.2,0.2,1.4,0.2,1.2,164.1
48,127,2,8,4.1,1.8,0.1,0.1,0.2,4,1.1,3.5,437.2
49,2,5,25,11,2.5,0,0.4,1.5,10.6,0.8,9,1312.5
49,3,3,13,5.4,1.6,0.4,0,0.1,5.4,0,5.1,596.8
49,4,2,9,3.7,0.9,0.2,0,0.1,3.7,0,3.5,411.1
49,6,3,53.5,23.6,9.4,1.2,0.4,0.2,23.2,2.3,21.1,2480.1
49,7,3,179.5,86.1,30.8,1.4,22.7,6.3,63.4,9.3,59.2,8382.8
49,8,1,10,4.9,1.5,0,0.3,0,4.6,0.3,4.1,509.2
49,9,4,17,8.4,2.5,0,2.2,1.4,6.2,0.8,4.9,821.7
49,10,3,22,11.1,3.2,0,4.3,3.2,6.8,1.2,4.4,1023.8
49,11,2,5.5,2.8,0.9,0,0.4,0.3,2.4,0.3,1.7,277.2
49,13,1,1,0.5,0.2,0,0,0,0.5,0.1,0.4,51.9
49,14,1,2,1,0.4,0,0.1,0.1,0.9,0.1,0.7,103.7
49,15,1,4,2,0.9,0,0,0,2,0.4,2,197.7
49,16,1,2,1,0.4,0,0,0,1,0.2,1,98.8
49,21,1,1.5,0.9,0.4,0,0,0,0.9,0,0.7,65.2
49,24,2,10,5.4,2,0.2,0.6,0.8,4.8,1,4.6,484.4
49,28,3,10,5.3,1.8,0,0.3,0,5,0.5,5.3,616.5
49,30,1,2,1.1,0.4,0,0.1,0,1,0.1,1.1,123.3
49,31,2,20,8.8,2.2,0.3,0.1,0.3,8.7,1.1,8.3,1058.4
49,33,1,1,0.4,0.1,0,0,0,0.4,0.1,0.3,47.1
49,36,3,13,5.7,1.7,0.4,0,0,5.7,0,5.7,635
49,40,1,2,1,0.4,0,0,0.1,1,0.2,0.9,107.8
49,41,1,10,4.3,1.4,0.7,0,0,4.3,0.9,4.3,527.7
49,42,1,16,6.9,2.2,1.1,0,0,6.9,1.5,6.9,844.4
49,44,1,16,6.7,2.2,0.5,0,0.7,6.7,1.9,6.3,804.6
49,45,1,6,2.5,0.8,0.2,0,0.3,2.5,0.7,2.3,301.7
49,49,3,12,4.4,1.3,0.7,0.1,0.3,4.3,0.8,3.4,461.4
49,50,2,12,4,0.8,0.8,0,0.2,4,0.6,3.5,424
49,52,2,12,5.6,1.4,0.7,0,0.7,5.6,1.1,4.6,649.9
49,53,1,4,1.9,0.5,0.2,0,0.2,1.9,0.4,1.5,216.6
49,56,2,24,11,3.1,0.5,0.5,1,10.5,1.8,10.1,1110.2
49,57,2,30,12.8,3.8,1.5,0,0,12.8,2.2,11.2,1413
49,58,3,25,9.3,2,2,0,0,9.3,1.5,9.3,1021.6
49,60,3,8,3,0.6,0.6,0,0,3,0.5,3,327
49,64,2,7,3.3,1.1,0.1,0,0.4,3.3,0.9,2.9,323
49,68,6,30,16.3,7.8,0.7,0,1.3,16.3,2.2,14.3,1498.7
49,69,3,9,4.6,1.9,0.1,0,0.3,4.6,0.7,4.1,438.3
49,71,2,4,2.4,1,0,0,0.2,2.4,0.6,2.2,249.8
49,72,5,16,9.6,4,0,0,0.6,9.6,2.4,8.8,999.2
49,73,1,3,1.3,0.3,0,0,0.2,1.3,0.3,1.2,140.1
49,74,5,28,12.1,2.6,0.2,0,1.7,12.1,2.6,11,1264.2
49,75,1,2,0.9,0.2,0,0,0.1,0.9,0.1,0.8,84.8
49,76,3,6,2.6,0.6,0.1,0,0.2,2.6,0.4,2.4,254.3
49,77,3,9,3.9,0.8,0.1,0,0.3,3.9,0.5,3.6,381.5
49,78,6,27,11.4,3.4,0.9,0,0.9,11.4,1.9,9,1060.2
49,79,1,3,1.3,0.4,0.1,0,0.1,1.3,0.2,1,117.8
49,81,4,10,5.5,1.5,0,0,0.4,5.5,0,5,596.1
49,82,3,9,5,1.4,0,0,0.3,5,0,4.5,536.6
49,83,3,10,4.4,0.7,0,0.3,0.3,4.1,0.3,3.6,436
49,85,1,4,1.8,0.8,0.2,0.1,0.3,1.7,0.5,1.7,156.6
49,86,1,2,0.9,0.4,0.1,0.1,0.2,0.8,0.2,0.8,78.3
49,91,2,5,2.2,0.6,0.2,0.2,0.2,2,0.9,1.5,189.5
49,103,3,4,2,0.7,0,0,0.1,2,0.8,1.7,238.8
49,104,2,3,1.5,0.5,0,0,0.2,1.5,0.5,1.4,176
49,105,2,6.5,3.4,1.4,0.3,0,0.5,3.4,0.9,3,368.1
49,106,1,4,1.8,0.5,0,0,0.3,1.8,0.5,1.3,177.6
49,107,3,17,7.4,2.1,0,0,1.3,7.4,2.1,5.5,754.8
49,108,1,6,3,1.1,0.1,0,0.2,3,0.6,2.6,332.7
49,109,6,41,20.3,7.4,0.6,0,1.6,20.3,3.9,18,2273.6
49,112,1,4,1.5,0.3,0.3,0.3,0,1.2,0.3,1.4,175.9
49,115,1,3,1.3,0.4,0.1,0,0.1,1.3,0.3,1.2,132.5
49,116,5,18,7.8,2.1,0.8,0,0.3,7.8,1.8,7.1,795.2
49,117,3,13,5.6,1.5,0.5,0,0.2,5.6,1.3,5.1,574.3
49,118,2,10,4.3,0.8,0.3,0.7,0.5,3.6,0.3,3.3,492.6
49,119,5,38,16.4,3.3,1.2,2.6,2,13.8,1.2,12.4,1867.5
49,120,1,6,2.4,0.8,0.3,0.2,0,2.2,0.3,1.9,269.9
49,122,1,3,1.5,0.3,0,0,0.2,1.5,0.3,1.4,150.3
49,124,1,9,4.5,0.9,0,0,0.7,4.5,0.9,4.3,450.9
49,125,1,3,1.6,0.7,0.1,0,0.1,1.6,0.4,1.3,163.9
49,126,2,6,3.1,1.3,0.1,0,0.1,3.1,0.8,2.6,327.8
61,0,3,11,5.9,2.6,0,0.8,0.4,5.1,1.2,5.5,613.4
61,1,2,21,7.9,2.9,0.7,0.3,0,7.6,0.4,6.9,772.3
61,2,2,8,3,1.1,0.3,0.1,0,2.9,0.2,2.6,294.2
61,4,1,11,5.1,2.2,0.4,0.4,0,4.7,0,3.7,582.3
61,5,3,22,11.3,4.9,0.5,0,0.9,11.3,2.5,9.7,1100.9
61,6,2,4,2,0.8,0,0,0.2,2,0.4,1.8,200.2
61,7,2,8,4,1.8,0.2,0,0.4,4,0.8,3.6,400.4
61,8,3,7,4.2,1.7,0,0,0.3,4.2,0.4,3.8,425.7
61,9,1,2,1.2,0.5,0,0,0.1,1.2,0.1,1.1,121.6
61,10,3,22,8.2,1.2,1.2,0,0.6,8.2,0,7,937.8
61,11,4,28,11.4,1.9,0.6,0.5,0.9,10.9,0.8,10,1274
61,12,1,1,0.4,0.1,0,0,0,0.4,0,0.4,45.7
61,16,2,3,1.6,0.8,0,0,0,1.6,0.3,1.4,125.2
61,17,4,17,9.2,5,0,0,0,9.2,1.4,8.5,725.4
61,18,5,58,24.4,8,3.3,0.6,1.9,23.8,1,22.6,2383.6
61,19,6,205,97.6,35.8,6.7,13.3,7.5,84.3,14.5,79.1,8753.9
61,20,3,387,212.7,107.3,7.6,79.1,15.5,133.6,44,126.5,17530.8
61,21,4,151,67.8,22.8,3.5,17.6,4.9,50.2,9.6,48.4,6582.4
61,22,2,15,5.7,1,0.6,1.1,0.3,4.6,0,4,590
61,24,1,14,5.4,1.2,0.3,0.4,0.5,5,0.4,5,567.6
61,25,6,97.5,39.5,9.7,2.3,1.9,4.6,37.6,3.9,35.6,4368.2
61,27,3,18.5,9.3,3.3,1.1,0,1.1,9.3,0,7.8,934.3
61,31,3,15,6.8,1.1,0,0.2,0.2,6.6,1.3,6.6,678.7
61,34,1,11,4.6,0.3,0,0.3,0.3,4.3,0.8,4.6,486.1
61,36,1,2,0.8,0.3,0.1,0,0.1,0.8,0.3,0.7,79.3
61,46,2,8,4.4,2,0,0.8,0.8,3.6,0,3.5,493.6
61,48,4,17,8.3,3.6,1.1,0,0,8.3,1.5,7.8,964.9
61,51,2,8,4,1.8,0.3,0,0.1,4,0.6,3.6,480.5
61,52,2,13,6.9,2.8,0,0,0.4,6.9,0.4,5.7,852.3
61,54,1,2,0.8,0.2,0.1,0,0.2,0.8,0.1,0.7,91.7
61,57,3,25,12.1,6,1,1,0,11.1,1,9,972.1
61,58,2,12,4.6,0.8,0.4,0,0.8,4.6,0,4.6,620.8
61,59,2,179.5,92.9,41,4.3,32.2,6.7,60.7,14.6,59.3,8102.6
61,60,7,96,38.4,6,2.9,1.9,3.6,36.5,5,34.2,4052.5
61,62,2,6,2.9,0.9,0,0.2,0.6,2.7,0.4,2.7,287.4
61,63,1,2.5,1.2,0.5,0.1,0.1,0,1.1,0.2,1.1,137.7
61,64,6,25,12.4,5,0.8,0.8,0,11.6,1.7,11.5,1377.1
61,68,1,14,5.8,2,0,0,0.3,5.8,0.9,5.2,597.2
61,76,1,1,0.5,0.2,0,0,0.1,0.5,0,0.5,43.5
61,78,2,38.5,16.8,6.7,0.6,0,2.6,16.8,3.6,12.9,1634.2
61,80,2,4,1.8,0.6,0,0,0.2,1.8,0.2,1.6,210.8
61,81,3,10,4.5,1.6,0.2,0.1,0.4,4.4,0.6,4,519.5
61,82,2,7,2.8,0.9,0.2,0,0,2.8,0.5,2.6,342.5
61,83,1,2,1,0.4,0,0,0.2,1,0.4,0.9,87.4
61,84,3,6,3.7,2,0,0,0.5,3.7,0.7,3,370.7
61,85,2,12,7.8,4.2,0,0,0.8,7.8,1.2,6,784.8
61,86,1,8,5.1,2.9,0,0,0.6,5.1,0.9,4,523.1
61,87,1,3,1.6,0.8,0,0,0.2,1.6,0.4,1.4,174.9
61,88,4,21.5,7.7,1.4,1.4,0,1.4,7.7,0.9,6.4,1123.5
61,89,3,19,6.9,1.1,0.8,0.2,1,6.7,0.8,5.6,922.8
61,90,1,7,2.6,0.3,0,0.2,0.2,2.4,0.3,2,295.7
61,91,2,6,2.4,0.5,0.1,0.4,0.5,2,0.6,2.3,315.5
61,92,1,4,1.6,0.3,0.1,0.3,0.3,1.3,0.4,1.5,210.3
61,93,4,10,4,0.7,0.1,0.6,0.7,3.4,1,3.9,525.7
61,94,1,3,1.2,0.2,0.1,0.2,0.2,1,0.3,1.1,157.7
61,95,2,12,4.7,1.4,0.5,1.1,0.5,3.6,0.9,4.4,563
61,96,2,7,2.7,0.8,0.3,0.6,0.3,2.1,0.5,2.6,328.4
61,97,1,6,2.3,0.7,0.3,0.5,0.3,1.8,0.4,2.2,281.5
61,99,3,14,6.1,1.9,0.5,0.9,0.5,5.2,0.9,4.7,761.6
61,100,2,29.5,12.8,3.7,1,1.9,1,10.9,1.9,9.9,1604.8
61,101,3,24,10.6,2.8,0.4,0.8,0.4,9.8,1.6,8.1,1160.9
61,104,2,12,6.1,2.7,0,0.2,0.6,5.9,1.7,4.4,652.1
61,108,2,14,6.7,2.5,0,0.3,0,6.4,0.6,5.1,735.9
61,110,2,6,2.9,1.1,0,0.1,0,2.8,0.2,2.2,315.4
61,111,6,38,18.3,7.5,0.5,0.7,0.5,17.6,3,16,2131.9
61,112,2,18,8.7,3.7,0.3,0.3,0.3,8.4,1.6,8,1032.6
61,117,3,21,10.5,3.5,0.6,0.6,0.6,9.9,2.3,10.5,1141.6
61,118,2,280.5,151.8,69.2,1.6,34,22.9,117.8,31.3,115.6,14854.9
61,119,3,186.5,108,57.4,2.8,43,10.4,65,24.3,58.1,9030.2
61,120,1,29,16.9,10,0.2,13,0,3.9,0.1,14.7,1312.5
61,121,3,64,28.6,9.9,1.6,1.5,2.3,27.1,2.8,27.1,2813.2
61,122,5,64,28.8,10,1.2,8.4,4.1,20.4,5.4,21.8,2854.1
61,125,1,1,0.5,0.1,0,0,0,0.5,0,0.4,52.1
61,126,5,26,13,5.7,0.8,0,1.3,13,3.4,10.3,1333.2
61,127,1,1,0.5,0.2,0,0,0.1,0.5,0.1,0.4,51.2
64,0,4,13,6.7,3.7,0.4,0.4,0.2,6.3,1.7,5.6,653.5
64,1,5,31,13.3,5,1.1,0.6,0.3,12.7,2.6,11.1,1361.9
64,2,5,23,7.9,1,0.8,0,0,7.9,0.8,6.5,874
64,3,3,18,6.1,0.8,0.6,0,0,6.1,0.6,5.1,684
64,4,1,4,1.5,0.1,0.1,0.1,0.2,1.4,0,1.4,180.9
64,5,2,12,4.6,0.4,0.4,0.4,0.7,4.2,0,4.2,542.6
64,6,4,33,12.6,2.9,0.7,1.5,0.2,11.1,0.6,10.3,1347.1
64,7,2,9,3.4,0.9,0.2,0.5,0,2.9,0.2,2.8,361.9
64,8,2,22,10.2,3,0,1.2,2.1,9,0.4,8.1,1372.1
64,12,3,18,8,3.3,0.4,0.7,0,7.3,1.8,7,863.6
64,13,1,10,4.6,1.9,0.3,0.3,0,4.3,0.5,3.2,388.1
64,15,1,4,1.3,0.1,0.1,0,0,1.3,0.1,1.1,140.9
64,16,1,1,0.3,0,0,0,0,0.3,0,0.3,35.2
64,17,5,35,16,4,0,0,0,16,4,12,1544
64,19,1,1,0.5,0.2,0,0,0,0.5,0.1,0.5,36.8
64,20,1,2,1,0.4,0,0,0.1,1,0.2,1,73.6
64,21,3,7,3.2,0.7,0,0.3,0.4,2.9,0.4,3.1,353.9
64,22,2,10,4.6,1,0,0.4,0.7,4.2,0.7,4.3,505.5
64,23,4,36,15.7,5.5,1.3,0.6,2.3,15.1,2,14.4,1606.4
64,27,1,6,2.9,0.9,0,0,0.3,2.9,0,2.6,292.8
64,28,1,4,1.8,0.7,0.2,0,0,1.8,0.5,1.3,163.3
64,30,1,4,1.8,0.7,0.2,0,0,1.8,0.5,1.3,163.3
64,31,1,5,2.8,1.7,0.2,0.2,0,2.6,1.1,2.4,282.4
64,32,2,6,3.4,2,0.2,0.3,0,3.1,1.3,2.9,338.9
64,36,1,1,0.5,0.3,0,0,0,0.5,0.1,0.4,56.4
64,39,1,29,14.6,3.9,0.1,0.2,2.1,14.4,0.1,13.4,1903.3
64,40,4,80,37.3,10,0.6,1.2,3.6,36.1,2.6,35.1,4476.9
64,41,1,7,3.2,0.7,0.1,0.2,0.1,3,0.1,3,392.3
64,44,4,27,11.4,3.1,1.1,0.2,1.2,11.2,1.1,10.9,1364.5
64,45,2,4,1.8,0.6,0.2,0,0.2,1.8,0.2,1.8,187.6
64,46,5,29,13,4.3,1,3.1,0.1,9.9,2.1,11.9,1592.8
64,48,2,10,4.6,1.4,0.2,0,0.6,4.6,0.6,4.1,531.7
64,50,1,6,2.7,0.8,0.1,0,0.4,2.7,0.4,2.5,319.1
64,51,1,4,1.8,0.5,0.1,0,0.2,1.8,0.2,1.6,212.7
64,55,4,9,3.7,0.8,0.2,0,0.6,3.7,0.2,3.5,450.8
64,56,5,28,12.1,3.3,0.5,0.5,1.4,11.6,1.3,10,1397.2
64,59,1,2,0.9,0.2,0,0,0.1,0.9,0.2,0.8,96.8
64,60,4,18,7.9,2.2,0.4,0,1.3,7.9,1.6,6.9,871.6
64,63,2,5,2.5,1,0,0,0.2,2.5,0,2.5,267.1
64,65,3,13,5.5,2.3,1,0.5,0.5,5,1,5.5,607.8
64,66,1,8,3.4,1.4,0.6,0.3,0.3,3.1,0.6,3.4,374
64,70,1,12,4.4,1.6,0.9,0,0.3,4.4,0.3,3.5,508.7
64,71,2,11,4.8,2.1,0.3,0,0,4.8,0.9,4.2,523.9
64,72,1,2,0.9,0.4,0.1,0,0,0.9,0.2,0.8,95.3
64,73,3,11,4.9,2.1,0.4,0,0,4.9,0.9,4.2,524
64,75,2,6,2.7,0.6,0,0.1,0.1,2.6,0.4,2.4,321.3
64,77,3,11,4.4,0.4,0.2,0.2,0.4,4.2,0,4,429.2
64,79,1,2,1,0.2,0,0,0.2,1,0,0.8,104.7
64,80,3,6,3,0.6,0,0,0,3,0.3,2.7,360.9
64,81,1,5,2.5,0.9,0.2,0,0.6,2.5,0.4,1.5,276
64,82,3,21.5,10.6,4.1,0.8,0,2.4,10.6,1.6,6.5,1186.9
64,83,1,2,1,0.3,0,0,0.1,1,0.2,0.8,79.7
64,85,2,6,2.7,0.9,0.3,0,0.4,2.7,0.4,2.1,292.7
64,86,3,10,4.5,1.5,0.5,0,0.6,4.5,0.6,3.6,487.9
64,87,2,8,3.5,1.1,0.3,0,0.5,3.5,0.5,2.9,390.3
64,88,8,97.5,32.1,5.9,4.5,0,2,32.1,2,26.5,3891.1
64,89,1,13,4.3,0.8,0.6,0,0.3,4.3,0.3,3.5,518.8
64,91,5,89.5,35.9,11,5.6,0.5,2.3,35.4,3.3,29.9,4118.9
64,93,1,2,0.8,0.3,0.1,0.1,0,0.7,0.1,0.8,87.6
64,94,3,22,8.7,3.1,0.8,0.8,0,7.9,1.6,8.7,963.3
64,96,1,2,0.9,0.3,0,0,0,0.9,0,0.9,107
64,97,1,44,19.9,5.6,0,0,1,19.9,1,13.9,2164
64,98,5,87,34.1,10.6,4.8,3,3.8,31.1,5.3,26.4,3849.9
64,99,1,1,0.4,0.1,0,0,0,0.4,0,0.3,45.1
64,104,3,35,13.5,2.8,1,0,0.8,13.5,2.4,13,1634.4
64,106,2,23,9.2,2.9,0.3,0,1.6,9.2,1,8,1114.5
64,108,2,28,10.3,3.7,0.7,0,0.7,10.3,1.5,8.8,1137.7
64,113,1,4,1.5,0.3,0.1,0,0,1.5,0,1.5,178.3
64,114,3,26,10.5,2.7,0.8,0,0.3,10.5,0.6,10.2,1309.7
64,115,2,7,3.2,1.1,0.3,0,0.3,3.2,0.4,3.1,429.4
64,117,5,23.5,9.7,2.2,1,0,1,9.7,0,8.1,1055.5
64,118,5,48,18,3,2,0,2,18,0.9,15,2215
64,120,3,16,6.4,1.4,1,0.7,0,5.7,1,5.5,836.8
64,121,4,63,28.7,8.9,1.4,5.7,1.5,23,3.9,18.4,2694.5
64,122,1,2,1,0.3,0,0,0.1,1,0.1,0.7,97.6
64,124,1,4,2,0.4,0.1,0,0,2,0.1,1.9,207.9
64,125,1,4,2,0.4,0.1,0,0,2,0.1,1.9,207.9
64,126,6,47.5,18.4,3.5,0.6,0,1.4,18.4,0.9,17,2150.1
64,127,2,9,3.4,0.7,0.1,0,0.3,3.4,0.2,3.1,401.8
77,3,4,46.5,18.9,5.3,1.5,0,1.5,18.9,2.2,17.3,2190.4
77,4,3,16,6.5,2,0.6,0,0.5,6.5,0.8,6,766.7
77,6,1,2,0.7,0.1,0,0,0,0.7,0,0.6,74
77,7,2,14,5,0.8,0.3,0,0.3,5,0,3.9,518.1
77,8,3,25.5,9.9,2.2,0.6,0,1.1,9.9,1.7,8.8,1230.6
77,9,2,13,5,1.1,0.3,0,0.6,5,0.9,4.5,627.3
77,10,1,4,1.3,0.1,0.1,0,0.1,1.3,0,1.3,173.6
77,11,3,23,10.1,3.6,0.1,0.6,1,9.5,1.1,7,1064
77,12,7,108,46.5,14.5,1,2.4,3.1,44.1,4.9,33.8,4811.5
77,13,3,30.5,11.2,2.8,1.5,0,1.5,11.2,4.2,9.1,1192.7
77,17,1,3,1.1,0.4,0.2,0,0,1.1,0.2,1,160.6
77,18,3,34,13,1.4,0,0,2.1,13,2.1,10.2,1472.9
77,19,2,10,3.8,0.4,0,0,0.6,3.8,0.6,3,433.2
77,20,1,18,7.6,2.2,0.5,4.3,1.6,3.3,1.1,2.7,758.2
77,21,1,6,2,0.3,0.1,0,0,2,0.1,2,238.8
77,22,3,108,38,6.7,1,0,1,38,1,36,4226.2
77,23,2,131.5,53,11,3,0,3,53,1,52,5546
77,25,2,18,6.2,1.6,1,0,0.4,6.2,0.4,4.4,742.8
77,26,2,22,7.5,1.9,1.2,0,0.4,7.5,0.4,5.6,907.9
77,29,4,75.5,38.4,18.1,2.1,25.9,7,12.5,6,20.4,3440.2
77,30,3,13,5.7,2.5,0.8,0.2,0,5.5,0.5,4.5,549.6
77,31,3,34,14.6,5.9,2,0.5,0.2,14.1,1.1,11.8,1461.8
77,32,1,16,5.7,0.8,0.8,0.2,0.8,5.5,0,5.7,774.8
77,34,4,27.5,11,2.9,0.5,0.7,1.1,10.3,1.4,9.2,1193.9
77,35,4,176,73.2,22.7,4.7,3,4.8,70.2,3.2,56.4,7612.7
77,36,8,84.5,34.3,8.3,2.4,4.6,1.4,29.7,3.1,25.5,3562.7
77,37,1,12.5,5.1,1.2,0.4,0.8,0.1,4.3,0.4,3.6,523.3
77,38,1,9,3.4,0.8,0,0,0.3,3.4,0.3,3.4,450
77,40,1,4,1.5,0.4,0.1,0,0.1,1.5,0.1,1.5,145.5
77,42,3,39.5,14.2,3.5,0.9,0,1.8,14.2,1.8,11.6,1371.5
77,43,1,2,0.7,0.2,0,0,0.1,0.7,0.1,0.6,69.4
77,48,2,22.5,8.3,1.3,0,0,0,8.3,0.6,7.6,933
77,49,1,4,1.5,0.2,0,0,0,1.5,0.1,1.4,165.9
77,53,2,10,4.3,1.3,0.3,0,0,4.3,0.7,3.8,518.3
77,54,3,19.5,8.4,2.5,0.5,0,0,8.4,1.4,7.3,1010.6
77,56,3,15,5.5,0.9,0.6,0,0.6,5.5,0.3,5.1,566.6
77,57,4,67.5,32.6,14.1,2.7,10,2.4,22.6,6.6,23,3207.1
77,58,3,96,38.4,10.3,1.7,3.3,4.7,35.1,1,30.2,4301.3
77,60,2,14,5.8,2,0.2,0,0,5.8,0,5.6,703.6
77,61,3,24,9.7,2.7,0.6,0,0,9.7,0,8.7,1102.2
77,62,1,4,1.5,0.3,0.1,0,0,1.5,0,1.2,159.4
77,63,2,33,12.2,1.8,1.1,0,1.1,12.2,1.8,10.1,1313.1
77,69,1,3,1.1,0.2,0.1,0,0.1,1.1,0,1,128.3
77,72,1,8,2.9,0.5,0.3,0.4,0.3,2.5,0.4,2.4,358
77,74,4,30,11.7,1.8,0.9,0,0.8,11.7,1.1,9.6,1296.2
77,75,4,24,9,1.7,0.7,0,1.1,9,1.1,7.1,970.1
77,78,2,16,7.3,2.4,0.3,0,0,7.3,0.7,5.9,934.6
77,79,1,2,0.9,0.3,0,0,0,0.9,0.1,0.7,116.8
77,81,1,2,0.8,0.2,0,0,0,0.8,0.1,0.8,81.3
77,82,3,77.5,33.8,8.9,1,0,2,33.8,3.4,31.3,3465.2
77,83,2,384.5,150.5,37.9,12.3,20.1,11.2,130.4,9.5,123.1,14640.9
77,84,5,142,52.4,10.7,3.1,4.4,4.9,48,4.4,42.6,5407.9
77,85,5,174,66.4,18.1,7.3,0.6,2.3,65.8,2.3,57.8,7507.3
77,86,4,180.5,65.2,12.3,4.3,0.2,4.3,65,1.8,59.5,7296.6
77,87,1,1,0.5,0.1,0,0,0,0.5,0,0.3,49.2
77,91,1,2,0.8,0.1,0.1,0,0.2,0.8,0,0.7,98.3
77,93,1,2,0.8,0.1,0.1,0,0.2,0.8,0,0.7,98.3
77,99,5,11,5.1,2.1,0,0,0.4,5.1,1,4.5,700
77,100,1,1,0.5,0.2,0,0,0,0.5,0.1,0.4,63.6
77,101,2,5,2.1,0.4,0.1,0.2,0.1,1.9,0.4,1.6,258.1
77,103,3,10,4,0.6,0.2,0.6,0.2,3.4,0.7,3,486.4
77,106,1,7,3,0.8,0.4,0,0.1,3,0.3,2.3,407.6
77,107,2,7.5,3.2,0.8,0.4,0,0.1,3.2,0.3,2.5,436.8
77,108,1,2,0.9,0.2,0.1,0,0,0.9,0.1,0.7,116.5
77,112,3,8,3.2,0.8,0.3,0.1,0.3,3.1,0.5,2.4,416.3
77,114,3,13,5.2,1.3,0.6,0.2,0.6,5,0.8,3.8,676.6
77,115,2,6,2.4,0.6,0.2,0,0.2,2.4,0.2,2.2,264.4
77,116,3,7,2.8,0.7,0.1,0,0.3,2.8,0.3,2.5,308.4
77,117,8,89,34.8,7.7,2,0,3.6,34.8,3.6,31.9,3920.7
77,118,4,17,5.7,1.2,1,0,0.4,5.7,0.6,5.5,664.1
77,119,2,17,5.8,1.2,0.9,0,0.3,5.8,0.6,5.5,664.1
77,120,1,6,2.1,0.4,0.3,0,0.1,2.1,0.2,1.9,234.4
77,121,2,3,1,0.2,0.3,0,0,1,0.1,0.8,157.5
77,125,5,20,8.8,2,0,0.7,0.7,8.1,0.7,6.2,1095.6
77,126,3,5,2.1,0.5,0,0.1,0.1,2,0.1,1.5,273.9
77,127,1,2,0.9,0.2,0,0.1,0.1,0.8,0.1,0.6,109.6
33,0,1,4,1.5,0.2,0.1,0,0.1,1.5,0.1,1.3,176.3
33,2,2,79.5,30.2,7.2,3.4,2.1,3.4,28.1,4.2,25.6,3701.2
33,4,4,26,9.1,1.5,0.8,0,0.5,9.1,0.4,8.4,1091.6
33,5,1,4,1.6,0.4,0.2,0,0.2,1.6,0,1.4,193.1
33,7,2,8,3,0.6,0.4,0,0.6,3,0.4,3,349.6
33,8,4,43,20.9,5.9,0.5,0.7,1.1,20.2,1.7,17.8,2377.1
33,9,2,40,21.6,8,0.2,0.2,1.4,21.4,0,16.6,1943
33,10,2,2,1,0.4,0,0,0,1,0.2,1,102.4
33,13,1,8,2.7,0.4,0.4,0,0,2.7,0.2,2.7,332
33,14,4,46,19.6,5.4,0.3,0,2.6,19.6,2.3,17.5,2265.9
33,15,5,48,19.6,4.5,0.5,0,1.9,19.6,2.8,18.7,2346.2
33,17,1,4,1.6,0.3,0.1,0,0.1,1.6,0.2,1.6,193.9
33,18,4,42,15.1,2.7,1.5,0.1,0,15,1.7,12.6,1900.6
33,20,5,27,12.5,5.6,0.6,1.8,0,10.7,2.5,9.3,1347.5
33,22,1,4,1.6,0.5,0,0,0,1.6,0.5,1.5,169.5
33,23,4,34,13.3,4.4,1.7,0,0.8,13.3,2.7,9.6,1515.6
33,24,3,16,6.5,1.8,0.6,0.4,0.3,6.1,1,5.3,715.3
33,25,5,24,9.9,2.6,0.8,0.5,0.5,9.4,1.2,8.6,1071.7
33,27,1,3,1.2,0.4,0.2,0,0.1,1.2,0.1,1.1,134.7
33,28,1,2,1,0.5,0.1,0,0,1,0.2,1,107
33,29,1,3,1.5,0.7,0.1,0,0.1,1.5,0.3,1.4,160.5
33,34,1,6,3.2,1.1,0,0,0,3.2,0.4,2.9,336.5
33,39,4,17,7.4,2.3,0.4,0,1,7.4,3.2,6.8,808.6
33,42,1,15,8.9,3.4,0,0,0.7,8.9,2,7.5,885
33,43,3,13,6.1,2.3,0,0,0.8,6.1,1.2,5,731.4
33,46,3,21,11.4,4.2,0,0,0.7,11.4,2.3,9.6,1247.4
33,47,3,8,4.3,1.6,0,0,0.3,4.3,0.8,3.7,475.2
33,50,3,14,6.8,2.7,0,0,0.3,6.8,1.4,6,721.2
33,51,1,1,0.5,0.2,0,0,0,0.5,0.2,0.4,44
33,53,1,3,1.5,0.7,0,0.1,0,1.4,0.6,1.3,131.9
33,64,1,10,5.6,2.1,0,0,0.8,5.6,1.1,4.5,521.1
33,66,2,5,2.2,0.7,0.2,0.2,0.3,2,0.1,2,237.3
33,67,2,17,7.5,2.5,0.7,0.7,1,6.8,0.4,6.7,806.8
33,70,1,1,0.6,0.4,0.1,0,0.1,0.6,0.2,0.6,54.3
33,71,2,13,7.3,2.4,0,0,0,7.3,1.3,6.5,650.8
33,73,1,10,5.6,1.9,0,0,0,5.6,0.9,5,500.6
33,83,1,3,1.4,0.5,0,0.1,0.1,1.3,0.1,1.3,132.3
33,84,1,3,1.3,0.4,0.1,0,0.1,1.3,0.1,1.2,132.2
33,85,3,24,10.4,2.6,0.2,0.2,0.9,10.2,0.6,9.4,1025
33,86,8,76,36.3,12.2,1.3,0.7,3.3,35.6,2.7,31.7,3689.2
33,87,4,20,9.9,3.7,0.4,0.2,1,9.7,0.6,8.4,1017.6
33,89,1,1,0.5,0.2,0,0.1,0.1,0.4,0.1,0.4,39.7
33,90,2,10,4.9,1.7,0,0.6,0.9,4.3,1.4,4,397.4
33,91,2,6,2.3,0.4,0.1,0.1,0.1,2.2,0.3,2,220.4
33,92,4,22,8.8,2.2,0.5,0,0.5,8.8,1.3,8.2,855.1
33,93,7,27,12,4.1,1,1.2,1,10.8,0.9,11,1303.4
33,95,2,10,4.3,1,0.3,1.5,0.7,2.8,0.3,3.2,404
33,96,1,1,0.4,0.1,0,0.1,0.1,0.3,0,0.3,40.4
33,99,1,1,0.5,0.3,0,0,0,0.5,0.1,0.4,46.4
33,101,1,2,1,0.5,0.1,0.1,0,0.9,0.2,0.8,92.8
33,103,1,1,0.5,0.3,0,0,0,0.5,0.1,0.4,46.4
33,108,4,13,5.4,1.7,0.9,0,0.4,5.4,1.3,2.6,556.7
33,109,1,3,1.2,0.4,0.2,0,0.1,1.2,0.3,0.6,128.5
33,115,2,3,1.6,0.3,0,0,0,1.6,0.3,1.2,184.5
33,123,1,2,1.1,0.6,0,0,0.1,1.1,0.3,0.9,106.7
33,124,1,7,3.4,1.3,0.2,0.2,0.2,3.2,1.1,2.5,481.9
33,125,2,3,1.5,0.6,0.1,0.1,0.1,1.4,0.5,1.1,206.5
34,7,2,37.5,14.2,2.6,2,0.4,2.6,13.8,1.6,14.2,1638.8
34,8,1,2,1.1,0.3,0,0,0,1.1,0.2,1.1,128.3
34,9,2,4,2.2,0.6,0,0,0,2.2,0.4,2.2,256.6
34,14,2,106,49,20.1,1.1,5,6,44,5.6,30,5239.5
34,18,1,5,1.8,0.3,0.2,0,0,1.8,0.2,1.5,225.1
34,19,3,13,5.1,1.3,0.4,0.3,0,4.8,0.7,4.1,604.8
34,20,3,7,3.3,1.4,0.2,0.5,0,2.8,0.7,2.3,349.3
34,21,1,4,1.6,0.5,0,0,0,1.6,0.5,1.5,169.5
34,23,1,1,0.4,0.1,0.1,0,0,0.4,0.1,0.3,45.3
34,24,1,10.5,4.4,1,0.1,0.4,0.1,4,0.7,3.7,466.1
34,25,3,126,59.2,23.4,4.5,9.5,2.5,49.7,5.4,43.7,6063.2
34,26,2,37,18.6,8.6,1,0.2,2,18.4,3.4,16.2,2209.4
34,27,1,6,2.4,0.7,0.4,0,0.2,2.4,0.2,2.2,269.5
34,29,1,4,2,0.9,0.2,0,0.1,2,0.4,1.9,214
34,30,1,8,4,1.8,0.4,0,0.2,4,0.7,3.8,428
34,31,1,9.5,5.1,1.7,0,0,0,5.1,0.6,4.5,532.9
34,33,2,13,5.8,1.5,0,0,1,5.8,0,5.3,659.6
34,35,2,2,1,0.4,0,0,0.2,1,0.2,0.8,115
34,36,5,30,16,7.4,0.6,1,2.4,15,4,12.6,1724.4
34,37,1,5,2.7,1.2,0.1,0.2,0.4,2.5,0.7,2.1,287.4
34,38,1,2,0.9,0.3,0.1,0,0.1,0.9,0.4,0.8,95.1
34,39,2,13,5.7,1.8,0.4,0,0.7,5.7,2.5,5.3,618.3
34,41,1,2,1.2,0.5,0,0,0.1,1.2,0.3,1,118
34,42,2,5,3,1.2,0,0,0.2,3,0.7,2.5,295
34,43,3,16,7.6,2.8,0,0,0.9,7.6,1.5,6.1,900.3
34,44,1,2,0.9,0.4,0,0,0.1,0.9,0.2,0.8,112.5
34,47,1,6,3.3,1.2,0,0,0.2,3.3,0.7,2.7,356.4
34,48,1,8,3.9,1.5,0,0,0.2,3.9,0.9,3.4,412.1
34,50,2,2,1,0.4,0,0,0,1,0.2,0.8,103
34,51,3,10,4.9,2.2,0,0.3,0,4.6,1.9,4.3,454.7
34,52,2,10,4.9,2.3,0,0.4,0,4.5,2.2,4.3,439.5
34,53,1,1,0.5,0.2,0,0,0,0.5,0.2,0.4,44
34,54,2,10,4.9,2.3,0,0.4,0,4.5,2.1,4.3,439.6
34,59,2,10,4.8,1.9,0.3,0,0.3,4.8,0.3,3.5,491
34,62,1,1,0.6,0.2,0,0,0.1,0.6,0.1,0.5,52.1
34,63,1,3,1.7,0.6,0,0,0.2,1.7,0.3,1.4,156.3
34,65,1,2,0.9,0.3,0.1,0.1,0.1,0.8,0,0.8,94.9
34,69,2,3,1.8,1.2,0.2,0,0.3,1.8,0.5,1.7,162.9
34,70,2,3,1.8,1.2,0.2,0,0.3,1.8,0.5,1.7,162.9
34,71,2,7,4.2,2.3,0.3,0,0.6,4.2,1,3.8,371.5
34,74,2,6,3.4,1.1,0,0,0,3.4,0.6,3,300.4
34,77,2,10,4.7,1.6,0.3,0,0.3,4.7,1.4,4.7,475
34,80,2,5,1.8,0.5,0.1,0,0.1,1.8,0.3,1.8,180
34,82,1,1,0.5,0.2,0,0,0,0.5,0,0.4,44.1
34,83,6,38,17.9,6.5,0.6,1.2,1.1,16.7,1.8,16.7,1676
34,84,1,5,2.3,0.9,0.1,0.1,0.2,2.2,0.2,2.2,220.5
34,85,2,5,2.8,1.1,0,0,0.2,2.8,0.3,2.5,309.2
34,86,7,28,14.8,5.6,0,0,1.4,14.8,1.2,13,1615.4
34,89,2,4,2,0.7,0,0.3,0.4,1.7,0.5,1.6,158.9
34,90,2,8,3.9,1.4,0,0.5,0.7,3.4,1.1,3.2,317.9
34,91,2,8,3.2,0.8,0.2,0,0.2,3.2,0.5,3,310.9
34,93,1,1,0.4,0.1,0,0,0,0.4,0.1,0.4,38.9
34,95,2,8,3.7,1.3,0.2,0,0.2,3.7,0.5,3,370.3
34,97,3,5,2.4,0.9,0.1,0,0.1,2.4,0.4,1.9,231.5
34,108,1,3,1.2,0.4,0.2,0,0.1,1.2,0.3,0.6,128.5
34,110,1,1,0.4,0.1,0.1,0,0,0.4,0.1,0.2,42.8
34,114,1,2,1.1,0.2,0,0,0,1.1,0.2,0.8,123
34,123,1,4,2.2,1.2,0,0,0.3,2.2,0.5,1.9,213.3
34,124,2,5,2.8,1.5,0,0,0.4,2.8,0.6,2.4,266.6
34,125,4,12,5.8,2.2,0.4,0.3,0.4,5.5,1.9,4.4,826.1
45,5,1,1.5,0.6,0.1,0,0,0.1,0.6,0.1,0.5,64.4
45,6,6,34.5,16,5.9,1.2,1.3,1,14.7,2.6,12.9,1601.3
45,7,2,19.5,9.3,3.4,0.7,0.6,0.4,8.7,1.1,7.5,966.8
45,8,2,18,7.2,1.5,0.4,0.4,0.6,6.8,0.4,6.1,811.7
45,9,6,48,19.7,4.9,1.1,1.3,1.4,18.4,1.5,15.9,2190.6
45,10,4,32,14.9,5.4,0.6,1.6,0.6,13.3,0.7,11.9,1657.2
45,11,5,129,55.6,12.8,1.6,3.2,3.8,52.4,6.1,43.5,6280.8
45,12,2,6,2.9,0.7,0,0.3,0.3,2.6,0.3,2.4,334
45,13,4,13,5.5,2.2,0.4,0,0.4,5.5,0.4,4.8,629.6
45,14,5,51.5,22.7,5.7,0.5,0,1.1,22.7,1.2,21.9,2695.7
45,15,1,2,0.9,0.2,0,0,0.1,0.9,0.1,0.9,89
45,16,1,6,2.8,0.9,0,0.2,0.2,2.6,0.2,2.4,313.2
45,17,5,253.5,121.3,43.4,5,22.6,11,98.7,11.6,87.2,12800.1
45,18,2,378.5,230.9,139.1,6,107.6,24.1,123.3,66.8,104.8,18640.6
45,19,4,9.5,4.5,1.7,0.1,0.2,0,4.3,0.7,3.6,383.9
45,21,1,14,6.3,2.4,0.7,0,0.5,6.3,0.5,5.8,664.9
45,22,1,8,3.6,1.4,0.4,0,0.3,3.6,0.3,3.3,380
45,29,4,94,54.3,25.2,2.4,7,2.8,47.3,12.4,40.2,5378.5
45,30,3,12,5.2,1.4,0.4,0.2,0.4,5,0.4,4.5,537.7
45,31,1,13,5.4,1.1,0.4,0.4,0.4,5,0.4,4.7,563.3
45,33,2,5,1.9,0.5,0.2,0,0.2,1.9,0.3,1.8,212.7
45,34,3,18.5,7.6,2,1,0.5,0.4,7.1,1.4,7.5,822.1
45,35,2,7,2.9,0.8,0.4,0.3,0.1,2.6,0.6,2.9,316.7
45,36,3,16,6.9,2.3,0.7,0.4,0.2,6.5,0.9,6.5,784.8
45,37,1,1,0.4,0.1,0.1,0,0,0.4,0.1,0.4,45.2
45,38,4,26,10.6,4.5,0.8,0.5,0.5,10.1,0.5,9.7,1511.5
45,39,2,4,1.6,0.6,0.2,0,0,1.6,0,1.4,232.6
45,40,1,5,2,0.8,0.2,0.1,0.1,1.9,0.1,1.9,290.7
45,41,4,36,18.2,6.5,0.1,1.1,1,17.1,2,14.1,2125.3
45,43,6,41,18.6,4.6,0.9,0,1.8,18.6,0.9,17.7,2232
45,44,2,4,1.8,0.4,0,0,0.2,1.8,0,1.8,217.4
45,45,2,18,7.8,2.7,1.2,0,0.4,7.8,2.4,7,877.7
45,47,4,17,7.1,2.2,1,0.1,0.5,7,2,6.6,782.5
45,48,2,8,3.9,1.5,0.2,0.2,0.4,3.7,1.1,3.6,401
45,49,1,2,1,0.4,0,0,0.1,1,0.3,0.9,100.5
45,52,2,4,2,0.7,0.1,0,0,2,0.3,1.8,193.6
45,53,1,12,5.8,2,0.4,0,0,5.8,0.8,5.4,580.8
45,60,1,8,4,1.6,0.2,0.6,0,3.4,0.6,3.2,365.6
45,61,1,3,1.7,1,0.1,0,0,1.7,0.6,1.6,177.6
45,63,4,12,5.8,1.8,0.2,0.8,0.3,5,0.6,4.8,592.1
45,64,4,130,71.5,34.6,2.1,14.7,5.1,56.8,17.5,51.5,6893
45,65,4,15,9,5,0,0.4,0.4,8.6,0.8,8.2,885.9
45,66,2,8,3.8,1.3,0.2,0,0,3.8,0.3,3.7,424.5
45,67,4,11,5.6,2.2,0.2,0.1,0.1,5.5,0.6,5.3,600.6
45,68,2,6,3.4,1.6,0.2,0.2,0.2,3.2,0.4,2.8,347
45,69,1,2,1,0.3,0,0,0.1,1,0.2,0.9,108.1
45,70,3,19,9.4,3.4,0.2,0.3,0.7,9.1,1.5,8.2,925.7
45,71,3,13,6.2,2.5,0.4,0.1,0.9,6.1,1.3,5.7,615.5
45,80,1,2,1.2,0.5,0,0.1,0,1.1,0.3,1,100.6
45,85,1,2,1,0.3,0,0,0.1,1,0.3,1,94.9
45,108,1,2,1.1,0.4,0,0.2,0,0.9,0.1,0.9,121.6
45,110,4,20,11.1,4.3,0,2.2,0,8.9,1.3,8.9,1216.2
45,111,1,3,2.1,1.3,0,0.2,0,1.9,0.6,1.7,223.8
45,112,2,7,4.6,2.6,0,0.3,0.1,4.3,1.2,3.9,475
45,113,5,18,8.6,4.2,0.7,0.6,0,8,0.7,7.8,965.3
45,114,5,98,55.2,30.3,1.6,20.9,2.4,34.3,10.4,37.5,5585.2
45,115,3,7,3.3,1.3,0.2,0.6,0.2,2.7,0.7,2.7,364.5
45,116,3,14,6.9,2.6,0.5,1,0.2,5.9,1.7,5.6,769.3
45,117,1,7,3.6,1.5,0.2,0.2,0,3.4,1.1,3,416
45,118,1,2,0.9,0.2,0,0.1,0.1,0.8,0.2,0.9,101.9
45,122,1,2,1.1,0.4,0.1,0.2,0,0.9,0.1,0.8,135.5
45,123,2,3,1.7,0.8,0.1,0,0.1,1.7,0.1,1.3,195.6
45,124,3,7,3.7,1.3,0.1,0.6,0.3,3.1,0.5,2.8,422.1
45,125,2,6,3.8,2.3,0,0.2,0.3,3.6,0.9,3.3,383.1
45,126,2,4,2.3,1,0,0.2,0.3,2.1,0.4,1.8,232.5
45,127,2,8,4.8,2.6,0,0.3,0.5,4.5,1.1,4.1,492.5
47,0,1,7,2.2,0.1,0.3,0,0.3,2.2,0,2,275.2
47,1,0,42,12,0,2,0,1,12,2,11,1507
47,2,1,2,0.9,0.2,0,0,0.1,0.9,0.1,0.9,126.1
47,5,3,31,17.6,8.7,0,0,1.6,17.6,2.4,15.1,1809.1
47,6,1,8,4.5,2.3,0,0,0.4,4.5,0.6,3.9,466.9
47,7,3,4.5,2.1,0.8,0,0.4,0.1,1.7,0,1.7,233.5
47,8,2,5,2.7,0.8,0,0.5,0.2,2.2,0.2,1.7,298.7
47,9,3,12,6.4,2,0.1,1.1,0.4,5.3,0.4,4.4,706.6
47,10,3,15,8,3,0.5,0,1,8,0.5,7.5,818.5
47,11,5,38,18.1,6.9,0.1,2,2.3,16.1,4,14.6,2140.9
47,12,3,36,17.3,6.6,0,3.6,1.6,13.7,5.1,13.4,1752.8
47,13,3,5,2.4,0.9,0,0.4,0.4,2,0.6,1.9,282.6
47,14,1,13,5.6,1.5,0,0,0.7,5.6,0.7,5.6,578.3
47,15,1,2,0.9,0.2,0,0,0.1,0.9,0.1,0.9,89
47,16,4,27,11.1,1,0,0,1.8,11.1,0,9.3,1205.7
47,17,1,35,16.8,4.1,0,0,3.1,16.8,3,8.7,1310.3
47,25,3,7,3,1,0,0,0.2,3,0.5,2.5,328
47,28,4,34,16.1,5,0,0,0,16.1,0.9,13,1704
47,30,1,13,6.7,2.2,0,0,0.4,6.7,0.4,5.8,692.1
47,33,3,28,10.7,2.6,1.3,0,1.3,10.7,1.9,10,1191.2
47,34,2,3,1.2,0.3,0.2,0.1,0,1.1,0.3,1.2,135.7
47,35,2,3,1.2,0.3,0.2,0.1,0,1.1,0.3,1.2,135.7
47,37,3,11,4.9,0.9,0.5,0.5,0.5,4.4,0.9,4.4,632.1
47,39,3,15,9.5,5.7,0,1.2,0,8.3,3.6,6.5,834.8
47,40,1,7,4.6,2.7,0,0.6,0,4,1.8,3,388.3
47,41,1,2,1.3,0.8,0,0.2,0,1.1,0.5,0.9,111
47,43,1,1,0.5,0.2,0,0,0,0.5,0.1,0.4,59.2
47,46,1,2,1,0.3,0.1,0.1,0.3,0.9,0.1,0.9,103.5
47,47,2,8,4,1.3,0.3,0.5,1.1,3.5,0.3,3.5,413.9
47,48,2,14,7.2,2.3,0,0.4,0.9,6.8,0.9,6.3,771.8
47,49,2,3,1.5,0.5,0,0,0.2,1.5,0.2,1.4,165.4
47,52,3,17,8.3,2.8,0.6,0,0,8.3,1.1,7.6,822.8
47,54,3,21,9.3,2.2,0.6,0.2,0.6,9.1,1.1,8.1,903.9
47,55,4,14,5.8,0.9,0.3,0.2,0.6,5.6,0.6,4.8,556.4
47,58,1,1,0.4,0.1,0,0,0,0.4,0.1,0.3,42.2
47,59,1,5,1.9,0.4,0.2,0.1,0.1,1.8,0.3,1.7,210.8
47,60,2,8,3.1,0.7,0.3,0.1,0.1,3,0.4,2.7,337.3
47,61,2,23,9,2,0.8,0.4,0.4,8.6,1.2,7.8,969.9
47,64,4,21.5,10.3,3.4,0.9,0,1.2,10.3,1.7,10.3,1289.1
47,65,1,4,2,0.8,0,0,0,2,0.1,2,221.9
47,67,1,8,4.1,1.7,0,0,0,4.1,0.2,3.9,443.7
47,68,1,6,3.1,1,0,0,0.4,3.1,0.6,2.8,324.3
47,70,3,10,5.1,1.6,0,0,0.6,5.1,1,4.6,540.5
47,71,1,3,1.4,0.6,0.1,0,0.2,1.4,0.3,1.3,143.4
47,72,1,4,1.9,0.8,0.1,0,0.3,1.9,0.4,1.8,191.2
47,73,5,11,7,4,0.4,0,0.4,7,1,5.6,663.2
47,74,2,6,3.6,2.1,0.1,0,0.1,3.6,0.5,3,347.8
47,77,3,9,4.2,1.5,0.3,0.2,0.3,4,0.9,3.8,417.3
47,87,3,10,5.1,1.4,0,0,0.3,5.1,1.4,4.9,474.4
47,89,1,2,0.9,0.3,0.1,0.1,0,0.8,0.4,0.6,83
47,90,1,5,2.3,0.8,0.2,0.2,0,2.1,1,1.5,207.5
47,109,1,4,1.6,0.5,0.1,0,0,1.6,0.5,1.2,201.6
47,110,4,23,9.3,2.9,0.8,0,0,9.3,2.9,7.2,1159.3
47,111,1,5,2,0.6,0.2,0,0,2,0.6,1.6,252
47,112,2,7,4.9,2.9,0,0.5,0,4.4,1.5,4.1,522.2
47,113,2,4,2.8,1.7,0,0.3,0,2.5,0.8,2.3,298.4
47,114,5,13,8.4,4.7,0.1,0.9,0.1,7.5,2.3,6.9,897.4
47,119,1,1,0.5,0.2,0,0.1,0,0.4,0.1,0.4,67.8
47,120,1,4,2.2,0.9,0.1,0.3,0,1.9,0.2,1.5,271
47,125,1,1,0.5,0.2,0,0.1,0.1,0.4,0.1,0.4,54.7
47,126,1,1,0.5,0.2,0,0.1,0.1,0.4,0.1,0.4,54.7
108,0,1,2,1,0.5,0.1,0.1,0.1,0.9,0.1,0.7,99.4
108,2,2,5,2.5,0.6,0,0,0.2,2.5,0.2,2,293.4
108,3,3,7,3.5,0.9,0,0,0.3,3.5,0.3,2.8,410.8
108,5,1,2,0.9,0.3,0.1,0.1,0,0.8,0.1,0.8,94.2
108,6,1,10,4.5,1.3,0.2,0.2,0.2,4.3,1.9,3.8,406.8
108,7,3,6,2.5,0.9,0.2,0.1,0.1,2.4,0.4,2.4,276.2
108,10,1,1,0.4,0.2,0,0,0,0.4,0.1,0.3,45
108,13,2,5,2.9,1.6,0,0,0.1,2.9,0.1,2.8,330.8
108,15,3,5,2.4,0.7,0.1,0,0.1,2.4,0.5,2.2,262.5
108,16,3,15,7.1,2.1,0.4,0.4,0,6.7,1.2,5.9,779.1
108,17,3,15,7.2,2.3,0.3,0.4,0.2,6.8,1.3,6.2,784.7
108,18,2,10,4.4,0.8,0.3,1,0.6,3.4,1,3.4,499.2
108,19,3,11,4.9,0.9,0.3,1.1,0.6,3.8,1.1,3.8,549.1
108,21,2,5,2.1,0.6,0.3,0,0,2.1,0.1,1.9,229.9
108,22,1,8,3.2,0.9,0.6,0,0.2,3.2,0.2,3.2,422.7
108,23,2,20,8.6,2.1,0.2,0.1,0,8.5,0.7,8.6,948.9
108,25,1,1,0.3,0.1,0.1,0,0,0.3,0,0.3,40.4
108,26,1,2,0.7,0.1,0.1,0,0,0.7,0,0.6,80.7
108,28,2,4,1.8,0.6,0,0.1,0,1.7,0.1,1.6,220.2
108,29,1,1,0.5,0.2,0,0,0,0.5,0.1,0.4,55.8
108,30,5,28,13,5.6,0.4,0.1,0.1,12.9,1.4,11.1,1555.4
108,31,2,11,4.8,1.4,0.3,0,0,4.8,0.2,4.6,540.1
108,36,1,3,1.4,0.2,0,0,0.4,1.4,0.4,1.1,157.4
108,37,3,23,8.2,1.2,0.6,0.4,1.4,7.8,1.4,7,882.8
108,38,5,48,19.5,2.6,0,0.8,1.1,18.7,1.9,18.1,2162.4
108,39,3,9,3.6,0.1,0,0,0.3,3.6,0.3,3.3,398.3
108,40,2,13,5.3,0.7,0,0.2,0.3,5.1,0.5,4.9,585.5
108,41,1,4.5,2,0.6,0.2,0.5,0.3,1.5,0.2,1.5,255.8
108,42,3,7,2.8,0.6,0.2,0.4,0.3,2.4,0.2,2.3,343.9
108,43,3,18,6.2,1.1,1.2,0.7,0.4,5.5,0.3,5.8,682.2
108,44,1,48,24.5,11.9,0.4,3.1,1.4,21.4,2.1,15,2438
108,45,5,72.5,35,12.5,0.9,12,2.7,23,3.2,21.7,3363.6
108,46,5,58,24.4,6.4,1.2,1.7,0.9,22.7,2,19.1,2780.6
108,47,4,54,20.2,4.3,0.8,0.2,0.8,20,2.3,17.7,2344.2
108,48,4,53,21,5.2,1.6,1.5,1.7,19.5,2.9,18.5,2404.5
108,49,1,2,0.8,0.2,0.1,0.1,0.1,0.7,0.1,0.7,88.4
108,50,2,5,2.1,0.5,0,0.2,0.2,1.9,0.3,1.9,253.8
108,51,4,39,16.3,4,1.1,2,1.8,14.3,1.4,15.4,1791.8
108,52,3,298.5,113.1,24.4,13.9,2.2,11.7,110.9,4.4,108.3,11293.7
108,53,1,1566,585,204.1,109.1,469.4,73,115.6,203.5,262.9,45231.9
108,54,0,1797,775,317,97,629,88,146,313,162,56689
108,55,3,303.5,100.3,19.3,16.3,25.6,8.7,74.7,10.3,77.5,10277.4
108,56,3,28,9,0.8,0.7,0.6,0.4,8.4,1.2,8.1,932.5
108,57,3,23,7.4,1.2,1.3,2.1,0.2,5.3,3.4,3.9,695.6
108,58,1,5,2,0.7,0.4,1.1,0,0.9,0.3,1,174
108,59,5,49,19.5,2.6,1.2,6.2,2.4,13.3,1.7,14.2,2034.9
108,60,1,584.5,281.8,124.6,16.2,164,27.4,117.8,57,136,22811.9
108,61,2,1357,577,227.9,60.7,456.3,72.2,120.7,189.2,210.3,44142.5
108,62,2,606,245.8,73.2,22.1,122.7,24.5,123.1,32.5,202.3,22548.3
108,63,2,186.5,72.8,8.6,2.1,2,4.6,70.8,5.4,68.3,8531.8
108,64,2,523,186.3,22.5,17.5,8.3,10.1,178,6.2,172.8,21005.9
108,65,1,1327.5,595,184.9,33.5,401.1,47.5,193.9,32.5,509.8,54258.7
108,66,1,1823,858.4,322,41.6,798.3,108.6,60.1,76.6,600,69810.6
108,67,3,84.5,43.7,20.5,1.6,22.2,5.1,21.5,7.2,21.8,3715.4
108,68,3,80,32.2,6.5,1.4,3.6,2.5,28.6,0.5,28.6,4499.5
108,69,2,237.5,85.6,16.2,10.6,13.3,5,72.3,2.7,73,13566.2
108,70,2,3,1.2,0.3,0.1,0.1,0.1,1.1,0,1,251.1
108,71,1,4,1.8,0.3,0.1,0.4,0.1,1.4,0,1.3,304.6
108,73,2,4,1.6,0.4,0.1,0,0,1.6,0.3,1.3,229.9
108,74,2,14,5,0.8,0.3,0.3,0.3,4.7,0.4,4.6,694.6
108,76,2,11,4.5,0.9,0.6,0,0.4,4.5,0.4,3.8,656.7
108,77,6,29,11.7,1.9,1.2,0.4,1.1,11.3,0.7,10.5,1618.8
108,78,6,41,15.1,2.2,1.2,1.5,2,13.6,0.9,12.1,1728.9
108,79,3,19,7.8,1.6,0.8,0.3,0.9,7.5,0.4,6,923.4
108,80,4,12,4.8,0.8,0.2,0.5,0.7,4.3,0.5,3.5,539.5
108,81,1,5,2,0.5,0.4,0,0,2,0.4,1.6,271.1
108,82,1,2,0.7,0.1,0.2,0,0.1,0.7,0,0.7,98
108,84,2,8,3.1,0.7,0.4,0.1,0.1,3,0.4,2.5,391.6
108,85,4,13,5.1,1.1,0.7,1,0.1,4.1,1,4.3,547.4
108,86,3,16,6.3,1.4,0.5,0.6,0.4,5.7,0.7,5.7,726
108,87,3,6,2.4,0.6,0.3,0.6,0,1.8,0.6,2.1,257.7
108,90,1,3,1.2,0.2,0,0,0.1,1.2,0,0.9,141
108,91,1,2,0.9,0.3,0,0,0.1,0.9,0.1,0.7,106.7
108,92,1,7,3.2,0.9,0.2,0,0.3,3.2,0.3,2.6,373.6
108,93,2,3,1.8,0.6,0,0,0.1,1.8,0.1,1.7,198.4
108,94,1,3,1.8,0.7,0,0,0.1,1.8,0.1,1.7,198.4
108,96,1,4,1.6,0.4,0,0.3,0.3,1.3,0.1,1.1,175.5
108,97,1,7,2.7,0.7,0.3,0,0,2.7,0.3,1.6,291.4
108,98,2,9,3.3,0.5,0.4,0,0,3.3,0.1,3.1,380.6
108,99,1,2,0.6,0.1,0.2,0,0.1,0.6,0,0.5,67.4
108,100,1,4,1.5,0.2,0.2,0,0,1.5,0.2,1.2,172.3
108,101,5,16,5.9,1.1,0.7,0.2,0.4,5.7,0.6,4.9,694.6
108,102,3,19,7.8,1.6,0.1,0.2,0.3,7.6,0.8,6.6,932.2
108,103,5,18,6.8,1.1,0.4,0,0,6.8,0.5,6.8,867.4
108,104,2,8,2.9,0.5,0.1,0,0.1,2.9,0.2,2.8,365
108,105,1,2,0.9,0.3,0.1,0,0,0.9,0.2,0.7,96.7
108,106,2,6,2.4,0,0.2,0,0,2.4,0,2.4,297
108,107,4,50,17.4,0.7,2.1,0,0,17.4,1,17.1,2205.5
108,108,2,22,7.8,1,0.4,0.3,0.7,7.5,0.7,7.6,1056.3
108,109,1,2,1,0.4,0,0,0.1,1,0.1,0.9,136.4
108,110,1,1,0.5,0.2,0,0,0,0.5,0,0.4,68.2
108,111,3,27,10.9,2.3,0.9,0,0.4,10.9,0.9,10.3,1325
108,112,5,171,70,21.9,5.8,6,5.8,64,8.4,55.4,7865.3
108,113,3,10,3.8,0.6,0.4,0,0.4,3.8,0.4,3.8,468
108,114,3,10,3.8,0.5,0.3,0,0.4,3.8,0.5,3.6,466.9
108,116,2,12,5.1,0.9,0.3,0.3,0.5,4.8,0.3,4.6,608
108,117,1,3,1.2,0.3,0.1,0,0.2,1.2,0.1,1.1,153.4
108,118,3,8,2.9,0.5,0.2,0,0.2,2.9,0.2,2.6,348.9
108,119,4,14,5.2,0.9,0.4,0.1,0.4,5.1,0.4,4.5,638.3
108,120,1,2,0.9,0.2,0,0,0.2,0.9,0,0.9,122.9
108,121,2,3,1.4,0.4,0,0,0.2,1.4,0,1.4,187
108,122,3,19,8.7,3.2,0.6,0,0,8.7,0.6,8.3,1144.5
108,123,2,12,6,2.2,0.3,0.3,0.2,5.7,0.3,5,732.3
108,124,4,14,6.5,2.1,0.5,0.5,0.2,6,0.4,5.3,806.3
108,125,4,30,12.3,1.7,1.3,1.6,1.2,10.7,0.6,10.1,1414.3
108,126,2,5,2.7,0.9,0,0.1,0.1,2.6,0.1,2.2,336.1
108,127,4,20,11,3.9,0.1,0.4,0.2,10.6,0.3,9,1410.6
35,1,2,7,3.2,1.4,0.2,0,0.3,3.2,0.6,2.8,368.5
35,4,4,288.5,114.7,26.2,9.1,12.9,9.8,101.8,8.1,80,12682
35,5,2,66.5,27.7,7.6,1.2,3.9,3.2,23.8,2.2,21.7,3088
35,7,1,14,5.3,1,0.8,0.2,1,5.1,0.6,5.3,611.8
35,10,1,3,1.4,0.5,0,0,0.1,1.4,0.2,1,160
35,17,2,5,2,0.4,0.1,0.1,0.1,1.9,0.3,1.9,234.2
35,23,1,6,2.8,1.2,0.2,0,0,2.8,1.2,2.3,330.5
35,27,1,3,1.2,0.4,0.2,0,0.1,1.2,0.1,1.1,134.7
35,28,2,15,5.6,1.5,0.6,0,0.3,5.6,2.2,5.6,715.3
35,29,2,17,8.5,3.9,0.8,0,0.3,8.5,1.5,8.1,909.5
35,32,2,8,4.7,2,0,0.3,0.3,4.4,0.5,4.7,604.4
35,33,7,64,31.8,10.9,1.4,4,4.2,27.8,6.2,21.5,3450
35,34,3,22.5,9.8,2.4,0.5,0.9,1.2,8.9,1.2,8.1,1070.4
35,37,4,39,20.4,7.6,0.6,1,1.6,19.4,1.6,16.4,2402.1
35,38,2,13,6.1,2.3,0.5,0,0.5,6.1,1.1,5.7,628.4
35,40,4,26,12.8,5.1,1.1,0,0.7,12.8,0.7,12.1,1269.6
35,41,1,4,2.1,0.5,0,0,0,2.1,0.2,2.1,241.9
35,42,3,19,10,2.5,0,0,0,10,0.8,10,1149
35,44,2,7,2.8,0.5,0.1,0,0.3,2.8,0.4,2.5,324.4
35,45,1,3.5,1.2,0,0.1,0,0.1,1.2,0.1,1.2,136.2
35,46,1,4,1.4,0,0.1,0,0.1,1.4,0.1,1.4,155.6
35,51,5,37.5,20.8,7.5,0,1.1,1.9,19.7,7.5,18.7,1987.7
35,54,2,8,4.3,1.8,0,0.2,0.2,4.1,1.5,3.9,403.8
35,55,1,2,1.2,0.8,0,0,0.1,1.2,0.3,1.1,101.2
35,59,2,11,5.3,2.1,0.3,0,0.3,5.3,0.3,3.9,540.2
35,60,2,7,3.4,1.3,0.2,0,0.2,3.4,0.2,2.5,343.7
35,61,3,11.5,5.7,1.4,0.1,0,0.1,5.7,0.8,5.4,557.2
35,65,2,5,2.4,0.9,0.1,0.2,0.2,2.2,0.3,2.2,240.8
35,66,1,2,0.9,0.3,0.1,0.1,0.1,0.8,0,0.8,94.9
35,67,2,3,1.3,0.4,0.1,0.1,0.2,1.2,0,1.2,142.4
35,68,2,5,3,2,0.3,0,0.5,3,0.8,2.8,271.4
35,70,1,1,0.6,0.4,0.1,0,0.1,0.6,0.2,0.6,54.3
35,78,4,11,4.4,1.3,0.2,0.2,0.2,4.2,0.6,3.7,437.3
35,79,2,5,1.8,0.5,0.1,0,0.1,1.8,0.3,1.8,180
35,80,4,21.5,9,2.5,0.4,0.3,0.4,8.7,1.4,7.3,877.3
35,82,1,4,2,0.6,0,0.1,0.1,1.9,0.3,2,185.6
35,83,6,44,21.7,8.5,0.9,3,3.6,18.7,3.9,17.5,2033.9
35,84,1,2,1,0.4,0,0,0.1,1,0.3,0.9,104.2
35,85,4,25,13.1,5.2,0,0,0.9,13.1,3.9,11.6,1312.5
35,86,2,8,4.1,1.5,0,0,0.4,4.1,0.3,3.7,451.2
35,87,3,13,7.8,4.1,0,0,0.5,7.8,1.9,6.6,814.7
35,88,1,5,2.5,1.2,0.2,0,0.4,2.5,0.8,1.7,226
35,89,1,2,1,0.3,0,0.1,0.2,0.9,0.3,0.8,79.5
35,94,3,8,3.1,0.8,0.2,0.3,0.1,2.8,0.6,2.6,325.5
35,95,6,29,11.8,3.6,1.1,0.9,0.5,10.9,2.2,9.5,1247.7
35,98,1,1,0.5,0.3,0,0,0,0.5,0.1,0.4,46.4
35,109,1,1,0.5,0.2,0,0,0,0.5,0.1,0.4,53.3
35,122,1,2,1.1,0.6,0,0,0.1,1.1,0.3,0.9,106.7
35,125,2,3,1.9,1.1,0,0.1,0,1.8,0.5,1.7,208.4
46,1,1,3,0.9,0,0.1,0,0.1,0.9,0,0.9,117.9
46,2,5,47.5,19,2.9,0,1.9,1,17.1,1.9,17.1,2071
46,5,2,8,3.3,0.6,0.1,0,0.6,3.3,0.3,2.9,343.7
46,6,5,202.5,91.5,20.8,4.3,1.5,12.3,90,8,73.6,8995.1
46,7,2,16.5,7.1,2.5,0.8,0.3,0.5,6.8,1.4,6.3,729.8
46,8,3,32,12.9,2.7,0.7,0.7,0.9,12.2,0.7,10.9,1443
46,9,3,74,34.7,8.3,0.9,0.9,3.2,33.8,3.9,32.3,3809.7
46,10,1,13,5.9,2.3,0.3,1,0,4.9,1.3,3.2,600.3
46,11,3,34,15.9,5.3,0.6,2.2,0.7,13.7,2.9,10.5,1725.1
46,12,6,43,21.1,5.3,0.4,2,2.4,19.1,2.8,17.7,2498.5
46,13,3,94,42.1,16.2,3.2,1,3.2,41.1,5.2,34.2,4782.7
46,16,2,10,4.6,1.5,0.1,0.2,0.4,4.4,0.4,4,522
46,17,6,99,49.9,21.8,1.5,8,3.6,41.9,4.1,37.9,5282.8
46,18,6,53,26.4,9,0.4,1.4,1,25,4,16,2351.9
46,19,3,9,4.2,1.5,0.1,0.1,0,4.1,0.6,3.5,363.7
46,22,3,23.5,10.7,4,1.3,0,0.8,10.7,0.8,9.8,1116.2
46,27,1,2,0.9,0.3,0,0,0.1,0.9,0.1,0.7,93.7
46,28,1,3,1.6,0.5,0,0,0.1,1.6,0.1,1.3,159.7
46,32,1,4,1.5,0.4,0.2,0,0.2,1.5,0.3,1.4,170.2
46,33,1,1,0.4,0.1,0,0,0,0.4,0.1,0.4,42.5
46,35,1,2,0.8,0.2,0.1,0.1,0,0.7,0.2,0.8,90.5
46,38,1,1,0.4,0.2,0,0,0,0.4,0,0.4,58.1
46,43,1,1,0.5,0.1,0,0,0,0.5,0,0.4,54.3
46,44,2,5,2.2,0.7,0.3,0,0.1,2.2,0.5,2,249.3
46,45,2,5,2.1,0.8,0.4,0,0.1,2.1,0.6,2,243.8
46,46,1,2,0.9,0.3,0.1,0,0,0.9,0.3,0.8,97.5
46,47,1,5,2.2,0.8,0.3,0,0.1,2.2,0.7,2,243.8
46,48,5,33,16.5,6.7,0.7,0.7,1.4,15.8,4.4,15.1,1657.5
46,49,1,2,1,0.4,0,0,0.1,1,0.3,0.9,100.5
46,50,1,2,1,0.3,0,0,0.1,1,0.1,0.9,110.3
46,52,1,13,6.3,2.2,0.4,0,0,6.3,0.9,5.9,629.2
46,54,1,2,1,0.3,0.1,0,0,1,0.1,0.9,96.8
46,55,1,4,1.7,0.3,0.1,0.1,0.2,1.6,0.2,1.4,159
46,57,1,8,3.3,0.6,0.2,0.2,0.4,3.1,0.4,2.8,318
46,59,2,6,2.4,0.5,0.2,0.1,0.1,2.3,0.3,2.1,253
46,60,3,9,3.5,0.8,0.3,0.2,0.2,3.3,0.6,3,379.5
46,61,3,15,8.6,4.8,0.5,0,0,8.6,3.2,8.1,888.2
46,62,1,1,0.6,0.3,0,0,0,0.6,0.2,0.5,59.2
46,63,3,38,18.7,6.4,0.6,4.1,0.6,14.6,1.8,14.6,1845
46,64,4,59,28.7,6.7,0.2,1.4,0.2,27.3,0.8,26.9,2808.7
46,65,1,1,0.5,0.2,0,0,0,0.5,0,0.5,55.5
46,67,5,27,12.9,4.3,0.6,0,0,12.9,1.3,12.2,1432.8
46,68,3,61,36.7,20.4,0.9,0.9,1.8,35.8,5.5,32.1,3774.9
46,69,1,2,1,0.3,0,0,0.1,1,0.2,0.9,108.1
46,70,3,6,3,1.1,0,0,0.5,3,0.6,2.9,324.2
46,71,3,12,6,2.1,0.2,0,0.7,6,1.2,5.4,617.3
46,73,1,2,1,0.4,0.1,0,0.1,1,0.2,0.9,95.6
46,76,2,18,8.1,2.9,0.6,0.3,0.9,7.8,1.8,7.6,834.4
46,77,1,2,0.9,0.3,0.1,0,0.1,0.9,0.2,0.8,92.7
46,81,2,3,1.8,0.7,0,0.2,0,1.6,0.5,1.5,150.9
46,93,1,1,0.5,0.2,0,0.1,0,0.4,0.2,0.3,41.5
46,108,2,3,1.7,0.6,0,0.3,0,1.4,0.2,1.3,182.4
46,112,1,3,2.1,1.3,0,0.2,0,1.9,0.6,1.7,223.8
46,113,5,20,10.7,5.5,0.5,0.8,0,9.9,0,9.8,1240
46,114,2,2,1,0.6,0,0,0,1,0,1,124
46,115,2,4,1.9,0.7,0.1,0.4,0.1,1.5,0.4,1.5,201.9
46,116,2,6,2.8,1.1,0.3,0.7,0.1,2.1,0.6,2.3,302.8
46,118,1,3,1.6,0.6,0.1,0.2,0,1.4,0.2,1.1,203.3
46,122,2,13,7.3,3.4,0.4,0,0.4,7.3,0.4,5.7,847.4
46,123,2,3,1.7,0.8,0.1,0,0.1,1.7,0.1,1.3,195.6
46,124,5,31,16.6,6.3,0.2,1.7,2,14.9,2,12.6,1769.4
46,125,3,10,5.4,1.9,0,0.9,0.6,4.5,0.6,4,547.1
46,126,1,2,1.1,0.4,0,0.2,0.1,0.9,0.1,0.8,109.4
95,0,4,217,108.4,41.7,2.5,30,11.3,78.4,19.6,60.1,9678.9
95,1,3,224.5,121.2,59,3.6,58.7,14.3,62.5,16.3,72.8,11952.1
95,2,4,46,18.4,4.7,1.7,0.9,0.4,17.5,2.6,15.9,1976.1
95,3,7,84.5,31.6,5.3,1.4,1.3,3.2,30.3,2.5,30.9,4158.4
95,4,3,9,3.4,0.5,0.3,0.5,0.3,2.9,0.3,3.1,427.6
95,5,5,10,3.9,0.7,0.4,0.6,0,3.3,0.1,3.5,455.6
95,6,4,23,9.5,1.6,0.1,1.5,0.8,8,1.6,8.9,1251.1
95,7,6,30.5,13.9,3.9,0.3,0.8,1.3,13.1,3.1,12.2,1682.7
95,9,4,11,4.2,1,0.2,0,0.1,4.2,0.6,4,469.5
95,10,3,15,6.5,2.1,0.1,0.5,0,6,0.9,5.6,667.2
95,11,6,82.5,30.9,6.9,1.9,1.7,1.4,29.2,2,27.5,3490.6
95,12,3,12,4.7,1.1,0.4,0.4,0.3,4.3,0.2,3.8,511.2
95,13,6,60,25.3,5.5,0.7,0.9,0.6,24.4,1.4,21.5,2700.8
95,14,5,96.5,39.9,10.6,1.4,4.2,2,35.7,4.9,31.2,4000.3
95,15,5,82.5,28.9,5.5,3.7,1.5,1.5,27.4,1.3,24.1,3663.2
95,16,2,6,2.8,1.1,0,0,0.2,2.8,0.3,2.4,364.9
95,17,4,10,4.7,1.8,0,0,0.3,4.7,0.7,3.8,596.9
95,19,1,3,1.2,0.3,0.1,0.2,0.2,1,0.2,1.1,134.5
95,20,3,39,15.4,4.3,1.4,2,2.4,13.4,2.9,13.9,1748.1
95,21,1,12,4.7,1.3,0.4,0.6,0.7,4.1,0.9,4.3,537.9
95,22,4,31,12.2,3.1,1.3,0.7,1.1,11.5,0.8,10.4,1536.3
95,24,4,22,7.4,1.5,0.8,0.7,0.9,6.7,0.9,6.8,844.7
95,25,4,6,2.4,0.6,0.2,0.2,0.2,2.2,0.2,2,261.6
95,26,3,71.5,28.7,6.4,1.5,3.5,3.3,25.2,2.1,24.3,3207.3
95,27,3,25,10.3,2.5,1,0.3,1,10,0.3,10,1017.4
95,28,2,14,6.2,2.1,0.3,0.9,0.6,5.3,0,5.6,702.7
95,30,2,7.5,3.3,1.1,0.2,0.5,0.3,2.8,0,3,376.5
95,31,4,13,4.8,0.6,0.3,0.1,1,4.7,0.9,4.7,728.6
95,32,2,6,2.1,0.2,0.2,0,0.5,2.1,0.5,2.1,342.6
95,33,1,1,0.4,0,0,0,0,0.4,0,0.3,41.9
95,34,6,68.5,24.2,3.4,1.5,0,0.9,24.2,1.5,22.5,2857.1
95,35,2,294.5,144.1,60.6,5.5,59.6,16.6,84.5,11.1,81.9,13678.1
95,36,1,744.5,338.4,119.9,18.2,148,43.2,190.4,36.9,202.5,30837.6
95,37,3,68,21.5,0.7,2.2,0,1.2,21.5,0.6,21.2,2421.1
95,38,4,37,13.5,2.7,1.7,0,0.2,13.5,0.9,10.8,1516
95,39,1,7,2.5,0.5,0.3,0,0,2.5,0.2,2,286
95,40,1,11,3.8,0.8,1,0.5,0.5,3.3,0.2,3.2,351.2
95,42,3,25,7.8,0.4,0.6,0,0.6,7.8,0.1,7.7,906.8
95,45,1,20,8.6,2.9,0.7,0.7,1.4,7.9,1.4,7.9,849.3
95,47,5,231.5,72.8,8.7,11.6,2.1,5.8,70.7,1.8,67.1,7454.3
95,48,3,108,39,7.4,3.5,7.1,3.3,31.9,4.2,26,3839.6
95,49,6,92,33.9,6.2,1.6,2.3,4,31.6,4.2,28.7,3467.9
95,50,2,323,110,20.8,13.8,5.4,4.4,104.6,3.4,101.3,12115.2
95,51,0,1078.5,547,230,14,322,65,225,60,294,43387
95,52,3,230.5,110.6,43.9,5.8,98.5,17.4,12.1,13.7,45.8,9292.9
95,53,2,647.5,282.7,99.3,26.4,207.4,49,75.3,80.8,91.7,23571
95,54,2,339.5,125.8,15.2,8.2,2.2,2,123.6,5.4,122.8,13386
95,55,1,984,442.4,153.1,29.7,247.5,57.9,194.9,91.5,213.8,37401.4
95,56,5,136,46,7.1,4.8,0.6,4.5,45.4,2.1,43.5,5059.5
95,58,5,17.5,6.7,1.4,0.2,0,1.2,6.7,0.4,5.8,849.5
95,59,1,5,2,0.4,0,0,0.4,2,0.1,1.7,257.5
95,61,4,21,10.2,3.4,0,1.3,1,8.9,0.2,7.9,1121.4
95,62,3,68,27.1,6.1,2.1,2,2,25.1,1.1,25.3,2917.6
95,63,1,3,1.6,0.6,0,0,0,1.6,0.1,1.6,200.9
95,64,4,161,59.1,11,4.9,1.1,1.4,58,0.7,58.6,6233.9
95,67,3,27,10.2,0.5,0.5,0,1,10.2,0.3,9.2,1128.8
95,68,5,37,14.9,3,1,0.4,1.2,14.5,0.6,13.5,1754.1
95,70,4,168,66.3,12.7,2.7,0,6.2,66.3,4.2,53.1,7572.8
95,71,3,170,71.4,18,3.3,17.6,7.4,53.8,2.3,55.8,6492.7
95,72,4,284,137.3,52.3,2.5,43.8,13.2,93.5,11.1,105.7,13110.5
95,73,2,662,344.3,156.9,13.5,172.5,37.6,171.8,31.1,180.6,29123.9
95,74,0,727.5,336,116,14,147,21,189,11,243,33404
95,75,1,572,210.6,30.2,19.6,9,17.2,201.6,7,182,25008.1
95,76,0,461.5,186,50,17,48,17,138,18,139,19903
95,77,0,1186.5,631,307,28,420,61,211,78,268,52314
95,78,4,385.5,178.5,74.2,13.9,87.1,12.6,91.4,22.8,113.1,15721.7
95,79,1,2,0.7,0.2,0.1,0.1,0.1,0.6,0.1,0.6,83.8
95,82,3,330.5,109.2,11.6,10,0,8.3,109.2,1.7,97.9,11436.3
95,83,3,192,65.7,7.9,3.6,11,5.7,54.7,2.2,46.7,6680.8
95,84,1,1,0.4,0.1,0,0,0.1,0.4,0,0.3,40.4
95,87,1,2,0.7,0.2,0.1,0,0,0.7,0.1,0.6,91.2
95,88,4,235,84,8.1,2.5,2.6,10.4,81.4,3.5,76.7,8744
95,89,1,5,2.2,0.7,0,0.7,0.2,1.5,0.5,1.5,253
95,93,2,9,3.5,0.9,0,0,0.2,3.5,0.4,3.5,381.7
95,95,4,178,67.6,14.8,6.7,1.2,2.2,66.4,2.5,53.9,7344.7
95,96,3,225,83.4,11.8,8,0.8,4,82.6,1.2,70.1,10406.4
95,97,2,283,111.9,21.5,6.5,0,5.7,111.9,5,99.3,11525.9
95,98,0,684,327,134,20,102,21,225,22,201,28715
95,99,0,721.5,281,64,20,33,26,248,16,232,29149
95,100,1,55.5,25.6,10.6,1.5,9.1,2.3,16.5,4,13.9,2167.2
95,103,3,10,4.2,1.1,0.3,0.3,0.5,3.9,0.3,3.4,518.9
95,104,1,2,0.9,0.2,0,0,0,0.9,0,0.8,136
95,111,2,8,3,0.6,0.2,0.6,0,2.4,0.6,2,321
95,112,1,4,1.9,0.4,0.1,0.2,0,1.7,0.1,1.6,264.9
95,113,1,2,0.8,0.1,0.1,0.2,0,0.6,0.1,0.5,80.3
95,115,6,55,23,5,1.5,0,0.6,23,2.4,20.1,2440.8
95,116,4,264,119.7,33.8,3.4,1.3,12.4,118.4,6.2,94.7,11174.8
95,117,1,705.5,321.4,115.3,21.1,115.1,41.4,206.3,49.1,159.9,27904.8
95,118,3,263,115.8,38.5,5.5,28,11,87.8,11.1,75.7,12060.4
95,119,2,121,38.3,4.2,9,0,3.5,38.3,9.8,33.8,4565.8
95,120,4,247.5,97,19.1,10.8,2,5.8,95,5.4,88.3,11543.5
95,121,2,65,24.6,4.1,2.6,0.4,0.5,24.2,0.5,23.1,2843.8
95,124,1,4,2,0.4,0,0,0.3,2,0.3,1.6,228.1
95,125,3,5,2,0.7,0.3,0,0,2,0,1.8,228.9
95,126,7,15,5.8,1.2,0.5,0.2,0.4,5.6,0.5,5.2,639.2
95,127,1,211,82.1,25.2,10.1,6,12.1,76.1,8.1,69,8637.9
20,4,2,36.5,18.9,8.1,0.4,0,2.6,18.9,3.4,16.8,2209.4
20,8,1,6,3.1,1.6,0.3,0.3,0,2.8,1.4,2.7,320.3
20,10,3,16,8.2,4,0.8,0.7,0.2,7.5,3.5,6.9,848
20,11,2,21,10.1,4.7,0.9,0.4,1.2,9.7,2.3,7.3,1077.8
20,16,3,7,3.6,1.3,0.4,0,0.4,3.6,0.1,3.5,401
20,17,4,18,9,2.8,1,0,1,9,0,9,1039.3
20,19,1,2,0.8,0.3,0.1,0,0.1,0.8,0,0.7,79.2
20,21,1,24.5,12.3,3.9,0.6,0.8,0.8,11.5,2.8,10.6,1355.5
20,22,3,50,24,6.8,0.4,4.8,2.9,19.2,6.3,16.8,2510.5
20,23,2,273.5,143,60.5,2,35.5,16.5,107.5,17,91,14954
20,24,3,27,13.8,4.5,0,1.4,1.2,12.4,1.2,12.8,1450.4
20,26,4,115,52.3,19.6,1.5,8.9,2,43.4,6.9,40.9,5485.8
20,27,1,2,0.8,0.2,0.1,0.1,0,0.7,0.1,0.7,75.8
20,30,1,1,0.6,0.4,0,0,0,0.6,0.3,0.6,72.7
20,31,1,11,6.9,4.6,0,0,0,6.9,2.9,6.4,799.5
20,34,3,7,4.6,2.8,0,0,0.3,4.6,0.7,3.5,530.5
20,38,3,18,8.7,3.7,0,0,0,8.7,2.1,8,1023.1
20,43,1,23,8.9,1.9,0.4,0.7,0.7,8.2,1.1,7.4,1039.8
20,44,2,13,5.1,1.1,0.2,0.5,0.5,4.6,0.6,4.1,587.7
20,45,3,36,18.4,7.8,0.7,3.5,1.6,14.9,2.4,10.6,1998.4
20,46,3,33,15.9,4.7,0.8,1.3,0.6,14.6,1.3,12.6,1804.4
20,54,3,14,8.9,4.7,0,0,0.9,8.9,1.6,7.2,910
20,55,2,2,1,0.4,0,0.2,0,0.8,0.2,0.8,94.4
20,57,2,21,9.9,4.8,0.4,1.6,0.4,8.3,1.6,7.7,990.5
20,58,2,19,9.3,3.3,0,0,0.7,9.3,2.2,7.6,953.8
20,63,4,26,10.1,2.6,1.6,0,1.6,10.1,2.7,9.7,933.8
20,64,3,6,2.7,0.9,0.2,0.1,0.1,2.6,0.5,2.3,261.8
20,67,6,32,16.7,7.1,0.6,0.4,1.3,16.3,3.7,15.4,1594.2
20,76,2,11,4.6,1.4,0.5,0.2,0.2,4.4,0.8,4.2,482.3
20,79,2,17,7.9,4.8,0.6,0,0,7.9,1.8,7.3,782.8
20,81,2,8,4.4,2.1,0,0,0.4,4.4,0.8,3.5,456.6
20,82,1,2,1.2,0.7,0,0,0.2,1.2,0.1,1.1,127.5
20,83,2,10,6.1,3.4,0,0,0.7,6.1,0.4,5.4,637.7
20,84,1,1,0.5,0.2,0.1,0,0,0.5,0.1,0.4,50.6
20,88,2,11,4.8,1.9,0.5,0.2,0,4.6,0.5,4.3,489.3
20,89,1,1,0.4,0.2,0,0,0,0.4,0,0.4,44.5
20,90,3,8,3.5,1.3,0.3,0.2,0,3.3,0.4,3.2,356.4
20,91,3,8,3.5,1.3,0.2,0.1,0,3.4,0.4,3,345.7
20,92,1,13,5.7,1.9,0.3,0,0.3,5.7,0.5,4.6,545.2
20,95,3,11,4.9,1.6,0.2,0,0.2,4.9,0.5,3.9,461.4
20,96,1,1,0.4,0.1,0,0,0,0.4,0,0.4,41.9
20,98,1,1,0.5,0.3,0,0,0,0.5,0.1,0.4,51.2
20,99,1,6,3.1,1.8,0.3,0,0.1,3.1,0.7,2.4,307.1
20,100,4,4,2,1,0,0.2,0,1.8,0.2,1.6,223.6
20,101,2,8,4.2,2.1,0.3,0.1,0.2,4.1,0.8,3.4,422.8
20,103,1,2,1.1,0.3,0,0.1,0.1,1,0.1,1,115.7
20,104,2,9,4.6,1.7,0,0,0.4,4.6,0.6,3,395
20,105,5,33,16.1,5.1,0.5,0,0.8,16.1,2.9,15.2,1627
20,106,6,30,13.3,3.5,0.6,0,0.5,13.3,1.9,11.4,1322.6
20,107,2,12,4.9,1.1,0.2,0,0.2,4.9,0.5,4,490.7
20,108,1,3,1.8,0.8,0,0.1,0.2,1.7,0.3,1.6,184.2
20,109,2,12,6.7,3,0,0.1,0.2,6.6,1.1,5.4,724.6
20,110,2,4,2.2,1,0,0,0,2.2,0.4,1.6,239.6
20,112,1,3,1.6,0.8,0.2,0,0.2,1.6,0.8,1.3,168.8
20,113,2,2,1,0.6,0.2,0,0.2,1,0.6,0.8,112.6
20,114,2,16.5,8.7,4.6,0.8,0,0.8,8.7,4.6,7.1,928.6
20,116,1,1,0.5,0.1,0,0,0.1,0.5,0.1,0.4,47.9
20,117,2,9,4.5,1.4,0,0,0.6,4.5,1.1,3.5,432.7
20,118,5,23,10.5,3.2,0.3,0.6,0.7,9.9,1.7,9.7,879.4
20,120,1,1,0.4,0.1,0,0,0,0.4,0.2,0.4,42.1
20,121,2,5,2.3,0.8,0.1,0.1,0.1,2.2,0.7,2.1,223.4
20,124,1,1,0.5,0.3,0,0,0,0.5,0.1,0.5,48.6
20,125,2,5,2.7,1.1,0,0,0.3,2.7,0.3,2.6,259.3
43,5,2,56,23,8.6,1.7,4.8,0.9,18.2,5.3,17.3,1976.9
43,6,4,115,46.2,14.9,5.7,1.9,4,44.3,8.1,30.6,4655.8
43,9,1,2,0.9,0.3,0,0.1,0,0.8,0,0.8,103.9
43,10,4,26,12.3,4.3,0.5,1.4,0.5,10.9,0.5,9.8,1351.1
43,11,2,4,1.6,0.4,0.1,0,0.1,1.6,0.1,1.4,185
43,13,4,17,7.2,1.8,0.5,0,0,7.2,1,6,827.6
43,14,7,43,18.4,4.5,1.4,0,0.1,18.4,3.1,15.5,2094.1
43,16,2,17,8,2.5,0.5,0.3,0.9,7.7,1.4,6.8,830.1
43,17,1,5,2.3,0.7,0.1,0.1,0.3,2.2,0.4,2,244.1
43,18,3,12,5.1,1.2,0,0.4,0.7,4.7,1.1,4.4,500.5
43,19,1,1,0.4,0.1,0,0,0.1,0.4,0.1,0.4,41.7
43,32,2,9.5,4,0.7,0.3,0,0.3,4,1.3,3.4,466.3
43,33,3,28,11.8,3.3,1,0.9,0.6,10.9,3.3,10.2,1318.9
43,34,1,15,6.3,2.9,0.6,1.1,0,5.2,1.2,5.8,660.6
43,38,5,40,16.8,3.4,0.7,0,1.1,16.8,2.4,15.8,2026.2
43,39,7,65,27,5.8,1.5,0,1.4,27,4.3,25.3,3211.3
43,40,3,12,4.8,1.1,0.2,0,0.2,4.8,0.8,4.6,505.8
43,43,1,5,2,0.8,0.2,0.1,0.1,1.9,0.1,1.9,290.7
43,45,1,5,2,0.4,0.2,0.1,0.2,1.9,0.5,1.8,205.2
43,46,3,30,11.8,2.3,1.3,0.4,1.3,11.4,2.8,11.1,1231.3
43,47,3,7,2.8,0.6,0.3,0,0.3,2.8,0.7,2.5,287.3
43,50,1,5,2,0.4,0.1,0,0.1,2,0.3,1.9,225.9
43,51,3,23,9.4,2,0.5,0,0.5,9.4,1.4,8.6,1058.9
43,52,3,8,3.5,0.8,0.1,0,0.1,3.5,0.3,3.1,400.7
43,53,3,15,6.7,1.6,0.3,0,0.3,6.7,0.7,5.7,751.3
43,54,3,7,3.1,0.9,0.1,0,0,3.1,0.2,2.6,326.8
43,56,2,64,37.5,21.6,1.3,7,2,30.5,12.3,22.5,3467.3
43,57,2,8,3.5,1.1,0.2,0.3,0.2,3.2,0.1,2.8,359.5
43,59,2,4,2,0.8,0,0.4,0,1.6,0.4,1.6,182.8
43,62,7,55,23.7,4.4,0.5,1.9,1,21.8,2.9,21.2,2576.8
43,65,3,6,4.1,2.5,0,0.4,0.2,3.7,0.5,3.5,368.8
43,67,3,33,17,6,1,0,2,17,5,16,1919
43,68,1,1,0.5,0.2,0,0,0,0.5,0.1,0.4,43.9
43,69,1,6,2.9,1.1,0.1,0.2,0,2.7,0.4,2.4,263.6
43,70,1,6,2.9,1.1,0.1,0.2,0,2.7,0.4,2.4,263.6
43,73,2,4,1.8,0.6,0.2,0,0.2,1.8,0.4,1.6,185.4
43,75,1,2,0.9,0.3,0.1,0,0.1,0.9,0.2,0.8,92.7
43,76,1,2,0.9,0.3,0.1,0,0.1,0.9,0.2,0.8,92.7
43,94,1,3,1.4,0.5,0.1,0.1,0,1.3,0.6,0.9,124.5
43,103,1,1,0.7,0.4,0,0,0.1,0.7,0.2,0.6,76.7
43,110,1,2,1.4,0.8,0,0,0.1,1.4,0.4,1.3,153.5
43,111,2,3,2,1.1,0,0,0.1,2,0.5,1.8,212.4
43,112,3,9,5.5,2.7,0,0.4,0.3,5.1,1.2,4.8,529.7
43,113,1,2,0.9,0.4,0.1,0.1,0,0.8,0.1,0.8,90.5
43,115,2,5,2.7,1.6,0.2,0,0,2.7,0.6,2.5,308.6
43,117,2,3,1.5,0.6,0.1,0,0,1.5,0.5,1.2,178.2
43,118,1,1,0.4,0.1,0,0,0,0.4,0.1,0.4,51
43,119,4,14,6.6,1.7,0,0.6,0.4,6,1.4,6.3,724.5
43,120,3,13,5.9,1.2,0,1.2,0.6,4.7,1.3,4.9,605.5
43,121,2,6,3.1,1.2,0,0.3,0,2.8,0.6,2.9,338
43,127,1,1,0.7,0.5,0,0,0.1,0.7,0.2,0.6,68.4
44,2,2,15,7,1.8,0.3,0,0.6,7,0.9,6.4,945.9
44,5,1,121,58.5,24.2,3,15.1,5,43.4,7.2,36.3,5117.6
44,6,7,144.5,77.9,38.7,3.3,15,5.9,62.9,13.9,49.8,7218.5
44,7,2,6,2.8,1,0.2,0.2,0.2,2.6,0.4,2.4,301.2
44,10,4,103,45.3,14,2.4,9.2,3.4,36.1,5.4,29.1,4367.1
44,11,5,117,52.4,19.6,4,2.4,4.6,50,6,41.5,5485.9
44,12,3,79,29.7,6.1,3,1,3.5,28.7,4,25.7,3693.3
44,14,5,21,9.3,2.6,0.5,0.1,0.3,9.2,0.7,8,1049.3
44,15,2,4,1.8,0.6,0,0,0.2,1.8,0.2,1.8,207.4
44,16,4,41,18.7,6.1,0.8,0.9,2.1,17.8,1.6,18.1,2083
44,17,2,17,7.4,2.2,0.2,0.6,1.1,6.8,0.6,6.3,815.4
44,18,6,73.5,32.1,4.5,0,1.5,5.4,30.6,5.9,29.7,3281.7
44,22,1,1,0.4,0.1,0,0,0.1,0.4,0.1,0.4,49.5
44,23,4,32,14.2,3.2,0,0,1.8,14.2,1.8,12.8,1584.6
44,24,1,3,1.3,0.3,0,0,0.2,1.3,0.2,1.2,148.6
44,26,5,52,24,10.9,2,1.1,0,22.9,7,18.1,2602
44,28,4,11,5.6,2.2,0.4,0,0.4,5.6,1.7,5.4,727.5
44,29,1,26,12.5,4.6,1.1,1,0.1,11.5,1.5,9.5,1411.4
44,30,1,13,5.4,1.1,0.4,0.4,0.4,5,0.4,4.7,563.3
44,31,1,2,0.8,0.1,0.1,0,0.1,0.8,0.3,0.7,98.2
44,38,2,37,16.3,6,1.2,2,0.5,14.3,0.5,13,1842.8
44,39,4,115,51.2,17.2,1.8,8,4.6,43.2,8.7,39.1,5408
44,40,2,7,2.8,0.6,0.1,0,0.1,2.8,0.5,2.7,295.1
44,44,1,2,0.8,0.3,0.1,0,0,0.8,0,0.7,116.3
44,48,2,9,3.9,1.1,0.2,0.2,0.7,3.7,0.7,3.7,444.9
44,49,1,2,0.9,0.3,0.1,0.1,0.2,0.8,0.2,0.8,98.9
44,54,2,7,3.2,1.1,0.3,0,0,3.2,0.3,2.5,308.9
44,55,2,10,4.5,1.6,0.4,0,0,4.5,0.4,3.5,441.3
44,56,2,28,11.8,3.7,0.6,1.1,0.6,10.7,0.3,9.8,1261.7
44,57,5,47,19.8,6.3,1.1,1.8,1.1,18,0.5,16.4,2117.8
44,60,5,19,9.5,3.8,0.4,1.5,0,8,1.5,7.6,868.3
44,61,3,10,4.5,1.2,0.2,0,0.5,4.5,0.5,4.3,509.3
44,64,2,11,6,2.8,0.1,0.2,0.5,5.8,0.7,5.5,612.9
44,65,1,2,1.3,0.8,0,0.1,0.1,1.2,0.2,1.2,122.9
44,69,3,15,7.2,2.9,0.3,0.5,0,6.7,1,6,659
44,75,1,3,1.4,0.5,0.1,0.1,0.1,1.3,0.3,1.3,139.1
44,76,2,6,2.7,0.9,0.2,0.1,0.3,2.6,0.6,2.5,278.1
44,109,1,1,0.7,0.4,0,0,0.1,0.7,0.2,0.6,76.7
44,110,1,1,0.7,0.4,0,0,0.1,0.7,0.2,0.6,76.7
44,112,1,1.5,0.9,0.4,0,0.1,0,0.8,0.2,0.8,88.3
44,113,7,33,14.4,6.1,1.9,1.2,0,13.2,2.5,12.7,1493.5
44,114,1,2,0.9,0.4,0.1,0.1,0,0.8,0.1,0.8,90.5
44,115,2,11,6,3.5,0.5,0,0,6,1.5,5.5,679
44,116,3,11,5.6,2.3,0.4,0.3,0,5.3,1.7,4.6,653.6
44,117,3,5,2.5,1,0.2,0,0,2.5,0.8,2,297
44,118,4,12,5.3,1.2,0,0.4,0.4,4.9,1.2,5.3,611.6
44,119,3,20.5,9.3,1.7,0,1.8,1,7.5,2.1,8,958.9
44,120,2,8,3.6,0.7,0,0.8,0.4,2.8,0.8,2.9,366.1
44,124,1,3,1.6,0.6,0.1,0.2,0,1.4,0.2,1.1,203.3
44,125,2,2,1.4,1,0,0,0.2,1.4,0.4,1.2,136.8
75,0,1,1,0.4,0.1,0,0,0,0.4,0.1,0.4,42.1
75,1,1,1,0.4,0.1,0,0,0,0.4,0.1,0.4,48.8
75,2,2,4.5,1.7,0.4,0.1,0.1,0.2,1.6,0.2,1.5,197.7
75,3,3,9,3,0.3,0.5,0,0.2,3,0.2,2.9,345.5
75,4,1,4,1.7,0.5,0.2,0,0.2,1.7,0.3,1.5,195.2
75,5,4,14.5,5.1,0.8,0.2,0.1,0.3,5,0.1,4.2,544.8
75,6,4,39.5,17.1,5.3,1.3,2.4,1.3,14.7,0.8,13,1935.4
75,7,6,56,22.3,4.3,1.7,2.6,2.3,19.7,1.4,16.2,2536.1
75,8,3,11.5,4.3,0.7,0.5,0.2,0.3,4.1,0.2,3.7,511.9
75,9,2,8,2.8,0.4,0.3,0.1,0.2,2.7,0.1,2.5,353.2
75,10,5,34,16.8,4.4,0,0.7,0.5,16.1,1.2,11.9,1798.3
75,11,5,21,9.7,2.6,0.2,0.6,0.4,9.1,0.9,7.1,1048.8
75,12,4,18,6.1,1.1,0.8,1,0.1,5.1,0.9,4.9,634.1
75,13,1,4,1.5,0.3,0,0.1,0.1,1.4,0.2,1.4,147.2
75,14,4,45,16.5,3.5,0.5,1,0.9,15.5,2.2,15.1,1757.7
75,17,2,9,3.4,1.1,0.5,0,0,3.4,0.5,2.9,481.7
75,20,0,73.5,31,8,2,1,7,30,3,26,3376
75,21,7,65,25.8,5.8,1.4,2.3,2.3,23.5,2,20.9,2932.4
75,22,6,215.5,88.5,27.2,5.1,17.6,4,70.9,6.9,58,9188.2
75,23,5,152,60.9,16.1,4.1,6.1,2.5,54.8,5.2,50,6652.1
75,24,3,12,4.6,0.7,0.2,0.4,0.6,4.2,0.2,4.2,577.6
75,25,3,27,8.7,0.7,2.2,1.1,1.1,7.6,1.5,7,996.2
75,26,4,24,8,1.3,1.7,0.6,0.7,7.4,0.9,6.1,929
75,27,1,1,0.3,0.1,0.1,0,0,0.3,0,0.2,41.3
75,28,3,11,5.5,2.5,0.2,0.5,0.5,5,0.8,4.7,463.1
75,29,5,30,13.3,4.6,0.6,1.5,1.2,11.8,0.7,11.8,1356.9
75,31,2,16,6.5,1.2,0.3,0.4,0.1,6.1,0.4,5.8,740.9
75,32,3,42,16.1,2,0,0,2,16.1,2,16.1,1922.9
75,33,3,57,27,8,0,1,1,26,1,21.9,2808
75,34,2,22,9.6,2,0.2,0.8,0.6,8.8,0,8,1054
75,35,4,85,33.3,6.9,1.1,0.5,1.8,32.8,1.1,31.6,3914.4
75,36,3,146,56.1,7,2.1,2.2,2.3,53.9,0.3,53.8,6200.7
75,37,2,260.5,102.4,18.2,6.4,10.6,8,91.8,7,81.4,10689.8
75,38,4,129.5,59.9,22.5,2,6.4,4,53.5,2.4,44.6,5579.5
75,40,3,29.5,11.7,2.1,0.4,0.6,0.6,11.1,0.6,11.5,1425.8
75,41,2,14,5.6,1,0.1,0.2,0.2,5.4,0.2,5.5,682.7
75,42,1,38,16.8,8.6,2.2,0,1.2,16.8,2.8,12,1650
75,43,2,47,16,2,1,3,1,13,3,11,1547
75,45,1,2,0.7,0.1,0.1,0,0.1,0.7,0,0.7,112.1
75,48,1,9,2.9,0.6,0.8,0,0.2,2.9,0.2,2.9,306.6
75,49,2,22,7.8,1,0.5,0,1.9,7.8,0.5,7.8,831.6
75,51,5,70,36.3,14.5,0.2,0,1.1,36.3,3.7,32.1,3292.2
75,52,1,1,0.4,0.1,0,0,0,0.4,0.1,0.4,43.9
75,55,3,22,9.6,2.3,0.2,0,1,9.6,0.6,9,1029.2
75,57,2,8,3.1,0.6,0.3,0,0.3,3.1,0.1,2.8,313.6
75,58,1,1,0.4,0.1,0,0,0,0.4,0,0.4,50.3
75,60,2,18,7.5,2.5,0.3,0,0,7.5,0,7.2,904.7
75,61,1,3,1.3,0.4,0.1,0,0,1.3,0,1.2,150.8
75,62,3,13,5,0.8,0.5,0,0,5,0,4.1,518.2
75,63,2,11.5,3.9,0.6,0.6,0,0.3,3.9,0.6,3.6,444.3
75,64,1,7,2.3,0.3,0.3,0,0.2,2.3,0.3,2.2,270.5
75,65,1,14,5.3,1.1,0,0,0,5.3,0.4,3,617.9
75,66,3,35,13.5,3.1,0.2,0,0.2,13.5,1.3,10.2,1564.7
75,71,3,8,3.9,1.4,0,0,0.6,3.9,0.2,3.8,408.7
75,74,1,2,0.7,0,0.1,0,0,0.7,0.1,0.6,78.4
75,75,4,53.5,20.7,3.3,1.1,0,1,20.7,1.7,17.3,2328.6
75,76,6,158.5,61,11.5,6.3,5.1,11.1,55.9,6.5,43.5,6385.7
75,77,4,79.5,32.6,4.6,1.2,3.2,3.4,29.4,3.2,28.9,3590.3
75,78,3,74,23.9,4.6,4,0.2,0.6,23.7,0.9,21.9,3043.9
75,79,7,51.5,21.1,6.1,1.5,0.3,0.8,20.8,1.6,19.2,2558.5
75,80,2,7,3.1,1,0.1,0,0.1,3.1,0.4,2.9,392.8
75,81,1,1,0.4,0.1,0,0,0,0.4,0,0.4,40.6
75,83,2,66,28.1,6.8,2.1,0.2,3.6,27.9,1.6,25.1,2982.9
75,84,3,322.5,132.6,30.7,6.1,15.2,18.6,117.4,8.6,97.5,13695.6
75,85,3,259,111.6,28.7,8.3,3,12.9,108.6,7.1,94.5,11593.4
75,86,4,58,21.9,5.1,2.4,0,0.9,21.9,1.9,20.7,2448.8
75,87,1,1,0.4,0.1,0,0,0,0.4,0,0.4,42.7
75,88,3,14,5.9,1.7,0.8,0,0,5.9,0,5.7,746.1
75,90,3,35,15.7,3.8,0,0.4,0.2,15.3,5.2,15.1,1504.5
75,91,1,8,3.8,0.9,0,0.4,0,3.4,0.2,3.5,417.1
75,93,2,71,30,6.7,0.1,1.8,2.3,28.2,3.6,24.5,3012.3
75,94,3,189,70.6,13.4,6,0.3,3.6,70.3,6,53.2,7896.3
75,95,2,183,62.8,8.3,7.9,0,7.3,62.8,1.9,53.4,8013.6
75,96,2,56.5,19.1,3.3,3,0,0.3,19.1,0.7,16.9,2283.1
75,97,3,28,10.7,1.9,1.2,1.5,1.2,9.2,0.4,8,1158.4
75,98,1,3,1.4,0.6,0,0,0.1,1.4,0.2,1.3,190.9
75,100,3,6,2.7,1.2,0,0,0.3,2.7,0.6,2.4,381.9
75,102,1,3,0.9,0,0.1,0,0.2,0.9,0.2,0.8,135.8
75,103,1,2,0.8,0.1,0,0.1,0,0.7,0.1,0.6,97.3
75,104,1,1,0.3,0,0,0,0.1,0.3,0.1,0.3,45.3
75,106,3,20,8.1,1.2,0.1,0.2,0.4,7.9,0.4,7.3,941.4
75,107,3,13,5.2,0.8,0.3,0,0.2,5.2,0.2,4.6,631
75,108,1,2,0.9,0.2,0.1,0,0,0.9,0.1,0.7,116.5
75,109,1,4,1.4,0.1,0.1,0,0.1,1.4,0,1.3,183.9
75,110,1,1,0.4,0.1,0.1,0,0,0.4,0,0.3,58.2
75,111,2,3,1.2,0.3,0.1,0,0.1,1.2,0.2,0.9,156.1
75,112,2,4,1.8,0.4,0,0,0.4,1.8,0.2,1.4,228.6
75,113,1,5,2.1,0.7,0.3,0,0,2.1,0.1,1.8,292.4
75,116,3,14,6.2,1.7,0.6,0,0.5,6.2,0.8,5.1,691.1
75,117,8,98,41.7,10.5,3.1,0,2,41.7,3.9,35.5,4805.1
75,118,6,24.5,10,2.7,0.4,0,1.2,10,1.5,8.8,1195.1
75,119,1,1,0.4,0.1,0,0,0,0.4,0,0.4,51.1
75,126,1,3,1,0.1,0.1,0,0,1,0.1,0.7,116.2
75,127,1,2,0.9,0.2,0,0.1,0.1,0.8,0.1,0.6,109.6
96,0,6,100,39.5,8.7,3,1.1,0.3,38.4,3,37.9,4673.5
96,1,4,83,34.6,7.3,1.1,0.2,0.1,34.4,2.3,30.8,3780.6
96,2,2,12,4.6,1,0.5,0,0,4.6,0.5,4.3,492
96,3,4,33,11.8,0.7,0.7,0,1.9,11.8,0.7,11.8,1689.8
96,5,3,31,13,5.6,3.1,0.6,0,12.4,0.6,11.2,1710
96,6,1,6,2.5,0.5,0,0.4,0.3,2.1,0.5,2.4,342.7
96,7,3,10,4.1,0.9,0,0.6,0.4,3.5,0.9,4,571.1
96,12,2,26,10.7,3.2,0.8,1.2,1.2,9.5,0,8.2,1158.7
96,13,6,53.5,20.1,3.7,1.3,1.3,1.3,18.8,2.4,15.2,2339.2
96,14,3,116,50.3,17.8,4.6,14.6,3.6,35.7,8.2,27.9,4798.4
96,15,5,39,13.1,2.8,0.9,0.5,0.4,12.6,1.5,10.5,1513.2
96,16,1,9,3,0.7,0.2,0.1,0.1,2.9,0.3,2.4,349.2
96,17,1,3,1.4,0.5,0,0,0.1,1.4,0.2,1.2,182.5
96,18,2,7,2.8,0.7,0.2,0.4,0.4,2.4,0.5,2.5,313.8
96,19,2,4.5,1.8,0.5,0.1,0.3,0.3,1.5,0.4,1.6,201.7
96,22,2,8,3.3,0.9,0.3,0.2,0.5,3.1,0.3,2.9,427.2
96,23,2,16,5.4,1,0.7,0.3,0.7,5.1,0.7,5,602.3
96,24,3,21,7.3,1.5,0.8,0.8,1,6.5,1,6.6,834.7
96,25,4,49,18.5,4.1,1.5,3.1,3.1,15.4,3.1,15.4,2114.9
96,26,2,11,4.4,1,0.4,0.3,0.6,4.1,0.4,4.1,457.5
96,27,4,38.5,15.8,3.8,1.7,0.5,1.7,15.3,0.5,15.4,1566.8
96,28,2,11,4.8,1.6,0.3,0.7,0.4,4.1,0,4.4,552.1
96,30,1,11,4.9,1.6,0.2,0.7,0.5,4.2,0,4.4,552.1
96,31,1,2,0.9,0.3,0,0.1,0.1,0.8,0,0.8,100.4
96,32,2,10,3.6,0.3,0.3,0,0.8,3.6,0.8,3.6,571.1
96,33,2,13,4.6,0.6,0.3,0,0.1,4.6,0.3,4.3,544.6
96,34,2,5,1.8,0.2,0.1,0,0,1.8,0.1,1.6,209.5
96,35,2,10,3.7,0.6,0,0,0.3,3.7,0,3.5,394
96,36,2,47,15,0,1.8,0,1.8,15,0.6,15,1810.4
96,37,0,76,25,4,2,2,2,23,1,22,2785
96,39,1,2,0.7,0.1,0.2,0.1,0.1,0.6,0,0.6,63.9
96,40,2,67,24.6,5.1,3.9,2.4,2.4,22.2,1.7,21.2,2457.9
96,42,2,17,6.1,1.4,0.3,0,0.3,6.1,0.3,5.8,730
96,47,3,154,71.2,16.7,3.7,7,4.1,64.2,4.1,67.6,7090.7
96,48,2,411,162.6,40.2,13.5,30.2,11,132.4,11.2,130.4,14838.7
96,49,4,403.5,221.2,123,13.6,185.1,30.8,36.1,55.1,59.4,17833.9
96,50,5,512.5,208.6,69.1,23.4,141,39.3,67.6,56.3,76.4,16493.4
96,51,1,1271.5,521.5,169.4,63.3,346,81.3,175.5,115.6,274.1,43253.9
96,52,3,208.5,90.5,33.3,6.4,48.3,8.4,42.2,12.8,51,8065.8
96,53,0,1004.5,370,96,48,132,47,238,50,251,33483
96,54,1,353,135.5,28.5,8.4,3.4,3,132.1,9.9,123.5,13239.1
96,55,5,167.5,62.6,8.9,2.2,2,3.7,60.6,0.9,58.7,7232.4
96,56,2,54,18.6,2.8,1.2,0.2,0.7,18.4,0.5,17.7,2343.3
96,57,1,1,0.5,0.1,0,0,0,0.5,0,0.4,54.6
96,58,4,26.5,10.6,2.3,0,0,2.3,10.6,0.6,8.9,1364.6
96,59,1,3.5,1.4,0.3,0,0,0.3,1.4,0.1,1.2,180.2
96,60,2,6,3.4,1.4,0,0.7,0.2,2.7,0.2,2.2,331.7
96,61,1,63,31.4,11.6,1,1.8,1.6,29.6,5.6,24.4,2663.2
96,62,1,370,135.2,16.7,11.9,0,15.8,135.2,5.9,123.3,12712.6
96,63,1,105,43,8.5,2.5,2,4,41,2.5,42,4060.6
96,67,4,48,18,1.1,1.1,0,1.6,18,0.4,16.4,2006.7
96,68,5,26,10.4,2.3,0.6,0,0.9,10.4,0.3,9.4,1224.4
96,71,1,399,153.8,25.5,12.4,16.9,18.7,136.9,7.8,116.5,17068.6
96,72,0,682.5,313,115,15,133,40,180,33,194,29829
96,73,0,855,460,216,10,306,59,154,47,225,38461
96,74,1,366.5,152.7,46,15,35,7.5,117.7,8,111.7,16079.8
96,75,4,215.5,86.3,18.8,5.3,9,7.8,77.3,4,72,8555
96,76,2,309,124.5,23.2,6,5,8.5,119.5,6.2,112.3,12058.5
96,77,1,1720,856.5,399.8,58,722,112.5,134.5,198.8,223.8,68062.5
96,78,3,170.5,80.5,31.2,5.1,42.5,7.5,38,8.5,53.8,8053.4
96,79,1,1,0.4,0.1,0,0.1,0,0.3,0,0.3,41.9
96,80,5,172,85.9,35.9,2,36.1,9.9,49.8,5.9,49,8025
96,82,1,4,1.6,0.4,0.1,0,0.2,1.6,0.1,1.1,160.8
96,83,1,74.5,27.5,4.6,1.2,0,1.6,27.5,1.2,25.7,2864.4
96,84,6,268.5,101.5,18.4,7.9,1,7.6,100.5,3.8,88.9,10635.1
96,85,2,11,3.7,0.7,0.7,0,0,3.7,0.2,3.7,449.5
96,86,4,16,5.4,1.2,0.8,0,0,5.4,0.4,5,691.7
96,87,2,25.5,8.6,2.2,0.8,0,0,8.6,0.8,7.1,1163
96,88,1,4,1.3,0,0,0,0.1,1.3,0,1.1,153.1
96,89,1,5,1.8,0.3,0.2,0.1,0.1,1.7,0.2,1.7,239.9
96,91,6,67,27.9,8.1,1.9,4.2,2.4,23.7,3.2,23.7,2768.3
96,92,3,243.5,92.4,17.6,5.6,4,6,88.4,5.3,84.4,9625.4
96,93,1,344,135.8,27,8,6,6.5,129.8,5,125.8,14321.3
96,94,3,46,19.7,4.2,0,4,2.2,15.7,0.5,15.7,2260.9
96,95,4,53,19.4,3.4,2.8,0.6,0.6,18.8,2,16.1,2182.3
96,96,2,21,7.7,0.9,0.8,0.1,0.5,7.6,0.4,6.6,879.2
96,97,1,13,4.8,0.3,0.3,0,0.5,4.8,0,4.3,554.2
96,98,3,153,64.2,11.9,4.4,0,6.9,64.2,6.4,57.3,6146.3
96,99,3,379,162.4,46.4,10.1,25.9,14.2,136.5,16.7,124.2,14634.9
96,100,2,27,10.3,1.7,0.6,1.1,1.5,9.2,0,7.5,1020.8
96,101,3,56,23,4.8,0.6,1,1.5,22,0.1,17.4,2601.3
96,102,1,2,0.8,0.2,0.1,0.1,0.1,0.7,0.1,0.6,95.7
96,103,5,27,11.3,3.1,1.1,1.1,1.5,10.2,1.1,8.6,1292.3
96,104,1,2,0.8,0.2,0.1,0.1,0.1,0.7,0.1,0.6,95.7
96,105,1,5,2.7,0.7,0,0,0.2,2.7,0.3,2.2,450.3
96,106,1,2,1.1,0.3,0,0,0.1,1.1,0.1,0.9,180.1
96,107,1,1,0.5,0.1,0,0,0,0.5,0.1,0.4,90.1
96,110,1,2,0.6,0,0.2,0,0.1,0.6,0.1,0.6,107.7
96,111,2,11,3.8,0.5,0.6,0.6,0.2,3.2,0.7,2.9,510.1
96,112,2,6,2.3,0.4,0.2,0.5,0,1.8,0.4,1.5,240.8
96,113,1,2,0.8,0.1,0.1,0.2,0,0.6,0.1,0.5,80.3
96,115,2,20,8,1.3,0.7,0,0.2,8,1.1,6.7,850.8
96,116,0,101,41,10,3,13,3,28,4,26,3675
96,117,2,269.5,130.1,37.2,2,17,11.2,113.1,8.2,102.1,12431.7
96,118,3,183,60.7,7.5,6.5,2,2,58.7,4,51.7,6579.3
96,121,1,28,13,2.2,1,0,1.1,13,1.1,11.8,1449.1
96,122,3,13,6.5,1.3,0,0,0.9,6.5,0.9,5.2,741.4
96,123,1,2,1,0.2,0,0,0.1,1,0.1,0.8,114.1
96,124,1,1,0.5,0.1,0,0,0.1,0.5,0.1,0.4,57
96,126,1,3,1.1,0.2,0.1,0,0.1,1.1,0.1,1,121.9
96,127,3,390,157,39.1,12.6,8,15.6,149,12.3,122.3,15975.1
40,0,2,45.5,20.2,7.1,0.7,0,2,20.2,0,17.9,2472.7
40,2,5,119,46,7.8,6.1,2,1,44,1,34.3,5249.8
40,3,3,23,10.1,3.6,0,0.7,0.7,9.4,2.2,10.1,1284.4
40,4,1,4,1.8,0.6,0,0.1,0.1,1.7,0.4,1.8,223.4
40,5,1,3,1.3,0.5,0,0,0.1,1.3,0.5,0.9,133.1
40,7,1,3.5,1.5,0.5,0,0,0.1,1.5,0.5,1.1,155.2
40,22,3,16,7.6,3.3,0.4,0,0,7.6,3.3,6.1,881.4
40,25,1,3,1.6,0.7,0.1,0,0,1.6,0.1,1.4,149.3
40,29,1,4,1.7,0.6,0.1,0,0.1,1.7,0.5,1.4,175.7
40,30,3,38.5,16.2,5.8,1.3,0,0.7,16.2,5.2,13.6,1690.7
40,32,2,9,4.5,2.4,0.4,0,0.4,4.5,0.4,3.8,500.6
40,33,6,16,7.6,2.5,0.1,0,1,7.6,0.1,6.1,822.9
40,34,1,3,2.2,1.5,0,0,0,2.2,0.4,1.6,211.8
40,35,4,12,8.7,6,0,0,0,8.7,1.6,6.5,847.1
40,42,2,7,3.1,1.9,0.5,0,0,3.1,0.8,2.3,282.3
40,43,4,9,3.7,0.8,0.2,0,0.2,3.7,0.6,3.2,372.5
40,44,3,9,3.9,1.1,0.2,0.1,0.2,3.8,0.7,3.3,439.2
40,45,4,138,70.9,30.2,2.1,8,1.6,62.9,10.2,58.6,8355
40,46,5,66,40,24,0.9,12.8,2,27.2,2.7,26.3,4192.5
40,47,2,10,5.1,2.4,0.1,0,0.2,5.1,0.7,4.8,603.5
40,48,1,1,0.6,0.3,0,0,0,0.6,0.1,0.5,58.9
40,49,1,1,0.6,0.3,0,0,0,0.6,0.1,0.5,58.9
40,50,3,18,10,4.6,0.4,0,0.4,10,1.2,8.7,1061
40,54,2,12,6.3,3.2,0,0.3,0.5,6,1.9,5.8,606.2
40,56,1,10,4.7,1.7,0,0,0.3,4.7,0.8,3.9,591.7
40,61,2,7,3.4,1.2,0.1,0,0.3,3.4,1,3.4,367.6
40,78,1,4,1.6,0.5,0.1,0,0.2,1.6,0.3,1.3,153.1
40,79,1,7,2.8,0.9,0.2,0.1,0.3,2.7,0.4,2.3,267.9
40,80,1,5,2,0.6,0.1,0.1,0.2,1.9,0.3,1.6,191.4
40,81,2,4,1.6,0.5,0.1,0,0.1,1.6,0.3,1.3,153.1
40,96,1,1,0.7,0.4,0,0,0,0.7,0.4,0.4,64
40,121,1,1,0.6,0.3,0,0,0.1,0.6,0.2,0.5,58.3
41,0,2,32,11.5,3.1,1.8,0,0,11.5,0,11,1551.9
41,1,2,7,2.6,0.7,0.4,0,0,2.6,0,2.4,339.5
41,3,1,1,0.4,0.2,0,0,0,0.4,0.1,0.4,55.8
41,6,2,6,2.6,0.9,0,0,0.3,2.6,0.9,1.9,266.1
41,10,1,4,1.7,0.6,0,0,0.2,1.7,0.6,1.3,177.4
41,18,2,34,12.5,4.1,1.7,0,0.8,12.5,0.8,11.6,1580.6
41,19,3,7,2.6,0.8,0.2,0,0.1,2.6,0.1,2.3,325.4
41,23,1,2,0.9,0.4,0.1,0,0,0.9,0.4,0.8,110.2
41,26,5,23,12,5.2,0.8,0,0,12,0.8,11,1144.8
41,27,1,1,0.5,0.2,0,0,0,0.5,0,0.5,49.8
41,30,3,15,6.4,2.3,0.5,0,0.3,6.4,2,5.3,658.7
41,31,1,2,0.8,0.3,0.1,0,0,0.8,0.3,0.7,87.8
41,33,3,11,5,1.4,0,0,0.8,5,0,4.1,555
41,35,2,3,2.2,1.5,0,0,0,2.2,0.4,1.6,211.8
41,38,2,10,3.5,0.5,0.3,0,0,3.5,0,3,444.6
41,39,1,4,1.4,0.2,0.1,0,0,1.4,0,1.2,177.8
41,40,3,12,4.3,0.7,0.4,0,0,4.3,0,3.6,533.6
41,42,4,14,6.1,3.7,1,0,0,6.1,1.5,4.7,564.7
41,43,6,38,14.9,3.1,0.8,0,0.8,14.9,2.2,13.3,1499.9
41,45,2,23,10.3,3.1,0.3,0.3,0.3,10,2.5,8.1,1188.5
41,46,2,5,2.3,0.8,0.1,0.1,0.1,2.2,0.4,1.6,270.9
41,47,1,2,0.9,0.3,0.1,0.1,0.1,0.8,0.2,0.6,111.7
41,49,2,3,1.7,0.8,0,0,0,1.7,0.2,1.5,176.8
41,50,2,11.5,6.3,2.9,0.2,0,0.2,6.3,0.8,5.6,677.9
41,51,1,6,3.7,2.4,0,0,0.3,3.7,1,3.4,303.6
41,52,1,1,0.6,0.4,0,0,0.1,0.6,0.2,0.6,50.6
41,55,3,8,3.9,1.6,0,0.3,0.3,3.6,1.3,3.5,403.9
41,56,2,9,4.3,1.8,0,0.4,0.3,3.9,1.5,3.9,454.3
41,58,1,3,1.4,0.5,0.1,0,0.1,1.4,0.4,1.4,157.6
41,69,2,6,3.3,1.5,0,0.2,0,3.1,0.7,3.1,295.2
41,78,3,8,3.2,1,0.2,0.1,0.3,3.1,0.5,2.6,306.3
41,80,1,7,2.8,0.9,0.2,0.1,0.3,2.7,0.4,2.3,267.9
41,81,2,16,6.5,2.1,0.5,0.3,0.6,6.2,1,5.3,612.5
41,82,2,7,2.8,0.9,0.2,0,0.3,2.8,0.5,2.3,267.9
41,110,2,4,2.2,1,0,0,0.2,2.2,0.4,1.6,213
41,112,1,4,2.3,1.3,0,0,0.2,2.3,0.6,2.1,233.3
41,117,1,1,0.6,0.3,0,0,0.1,0.6,0.2,0.5,58.3
41,120,2,5,2.9,1.6,0,0,0.3,2.9,0.8,2.6,291.6
42,5,1,14,6.1,2.3,0.6,0.4,0.2,5.7,0.6,4.6,599.5
42,6,2,4,1.7,0.7,0.1,0.1,0,1.6,0.1,1.3,171.3
42,10,1,2,0.9,0.3,0,0.1,0,0.8,0,0.8,103.9
42,12,1,3,1.3,0.3,0.1,0,0,1.3,0.1,1,147.1
42,14,1,15,6.3,1.5,0.6,0,0,6.3,1.5,5.4,724.5
42,16,2,12,5.6,1.8,0.4,0.2,0.6,5.4,1,4.8,586
42,17,4,41,19.2,6.1,1,0.7,2.1,18.5,3.3,16.4,2001.8
42,19,2,14,5.9,1.4,0,0.5,0.7,5.4,1.2,5.1,583.9
42,21,1,4,1.8,0.4,0,0,0.2,1.8,0.2,1.6,198.1
42,22,1,4,1.8,0.4,0,0,0.2,1.8,0.2,1.6,198.1
42,23,1,6,2.6,0.6,0,0,0.4,2.6,0.4,2.4,297.1
42,30,1,4,2.1,0.8,0.1,0,0.1,2.1,0.6,1.9,264.5
42,35,2,8,3.5,1.5,0.3,0,0,3.5,0.3,3.1,431.5
42,36,3,18,7.9,3.2,0.5,0,0,7.9,0.5,7,970.9
42,37,1,1,0.4,0.2,0,0,0,0.4,0,0.4,53.9
42,38,2,6,2.3,0.5,0.2,0,0,2.3,0.5,2.2,264.8
42,39,1,5,1.9,0.4,0.2,0,0,1.9,0.4,1.8,220.7
42,42,2,8,3.2,1.4,0.3,0.1,0.1,3.1,0.1,3,465.1
42,43,1,2,0.8,0.3,0.1,0,0,0.8,0,0.7,116.3
42,44,2,14,5.6,1.1,0.5,0.2,0.5,5.4,1.3,5.1,574.5
42,45,4,12,4.8,1,0.4,0.2,0.4,4.6,1.2,4.5,492.4
42,47,1,2,0.8,0.2,0.1,0,0.1,0.8,0.2,0.7,82.1
42,48,4,25,10.9,3.3,0.7,0.6,2,10.3,2,10.3,1235.9
42,49,1,2,0.9,0.3,0.1,0.1,0.2,0.8,0.2,0.8,98.9
42,50,3,22,8.7,1.8,0.5,0,0.5,8.7,1.3,8.2,994.2
42,51,2,12,5.3,1.3,0.2,0,0.2,5.3,0.5,4.6,591.3
42,53,1,7,3.1,0.7,0.1,0,0.1,3.1,0.3,2.7,350.6
42,59,1,9,4.5,1.8,0.2,0.7,0,3.8,0.7,3.6,411.3
42,61,1,2,0.8,0.1,0,0.1,0,0.7,0.1,0.7,88.7
42,68,1,1,0.5,0.2,0,0,0,0.5,0.1,0.4,43.9
42,69,1,1,0.5,0.2,0,0,0,0.5,0.1,0.4,43.9
42,71,1,2,1,0.4,0,0.1,0,0.9,0.1,0.8,87.9
42,78,2,6,3.5,1.5,0,0.3,0,3.2,1,3,301.8
42,79,2,5,2.9,1.3,0,0.3,0,2.6,0.8,2.5,251.5
42,80,1,2,1.2,0.5,0,0.1,0,1.1,0.3,1,100.6
42,81,2,15,8.7,3.7,0,0.9,0,7.8,2.6,7.5,754.6
42,110,1,2,1.4,0.8,0,0,0.1,1.4,0.4,1.3,153.5
42,111,2,5,3.3,2,0,0,0.2,3.3,0.9,3,365.8
42,112,6,17,10.3,5.1,0,0.7,0.5,9.6,2.2,9,1000.7
42,113,1,3,1.8,0.9,0,0.1,0.1,1.7,0.4,1.6,176.6
42,114,2,6,3.4,1.9,0.2,0.1,0.1,3.3,0.8,3.1,364.6
42,115,1,1,0.5,0.3,0,0,0,0.5,0.1,0.5,61.7
42,119,1,4,2.1,0.8,0,0.2,0,1.9,0.4,1.9,225.3
42,120,2,7,3.6,1.3,0,0.3,0,3.3,0.7,3.4,394.3
42,127,3,7,4.8,3.3,0,0,0.4,4.8,1.4,4.4,478.9
73,0,1,3,1.4,0.5,0,0,0.1,1.4,0.1,1,151.8
73,1,2,7,3,0.9,0,0.1,0.2,2.9,0.2,2.3,328.7
73,2,3,10,3.4,0.4,0.3,0.4,0.4,3,0,3,378.4
73,3,7,35,12,0.7,0.8,0.4,0.5,11.6,0.7,11.6,1500.9
73,4,1,8,2.8,0.3,0.1,0.2,0.4,2.6,0.2,2.4,328.9
73,5,3,67,24.3,3.3,2.5,1.1,2.8,23.2,1.8,22.2,2766.8
73,6,4,289.5,116.7,25.7,7.4,10.6,10.9,106.1,8.9,99.8,12767.2
73,7,1,726,415.7,231.3,13.6,252.1,63.5,163.6,75.3,155.1,33891.3
73,8,1,858,550.8,349.1,9.1,386.1,57,164.7,113,171.6,41407.8
73,9,3,345.5,167.2,62.2,5.4,47.7,27.9,119.5,27.9,86.8,15020.7
73,10,4,12.5,6.5,2.5,0.2,0.9,1,5.6,1,5.2,730
73,11,3,20,8.7,2.5,0.6,0.9,1.2,7.8,1,7,999.4
73,12,5,43.5,14.5,2.6,1.6,2.4,0.2,12.1,1.2,12,1545.2
73,13,7,158,55.6,9.8,5.9,3.8,3.3,51.8,2.3,43,6296.8
73,14,3,9,3.3,0.6,0.1,0.1,0.3,3.2,0.1,3.1,388.8
73,15,1,1,0.4,0.1,0,0,0,0.4,0.1,0.3,46.6
73,17,1,9,3.2,0.5,0,0,0,3.2,0.5,2.4,419.8
73,18,3,53,18.7,1.2,1.8,1.9,0.9,16.8,0,15.6,2230.9
73,23,3,128.5,53.5,13.7,2.4,7.1,4.2,46.4,5.2,40.4,5772.2
73,24,1,10,3.7,1,0.4,0.6,0,3.1,0,3.1,444.1
73,25,2,13,4.3,0.9,0.4,0,0,4.3,0.4,3.9,572.4
73,29,4,65,27.6,5.9,0.6,1.4,0.7,26.2,0.8,24.5,2910.7
73,30,2,16,6.6,1.4,0.3,0.4,0.1,6.2,0.5,5.8,763.7
73,31,3,54,23.3,7.9,0.2,2.2,2.5,21.1,1.2,20.4,2619.2
73,32,6,113,43.2,10.4,2.5,0,1,43.2,2.5,40.6,4723.8
73,33,1,4,1.5,0.2,0,0,0,1.5,0,1.4,160.6
73,34,1,69,29.4,7.5,2.1,2,3.1,27.4,2.1,23.2,3010.2
73,35,4,124,46.9,9.6,2.8,0.3,2.2,46.6,1.8,41.3,4875.8
73,36,5,124,48.6,8.5,1.2,0.1,1.6,48.5,2.4,45.4,5442.5
73,37,1,401,177.3,50.2,5.4,40.3,16.3,137,15.7,129.7,17326
73,38,1,837,470.6,239.8,11,217.1,70,253.5,75.1,191.3,37818.5
73,39,3,265,125.6,43,5.4,18.6,13.3,107,12.8,99.8,12068.8
73,40,3,36,13.7,1.9,0.3,0.2,0.4,13.5,0.2,13.7,1474
73,41,1,4,1.5,0.4,0.2,0,0.1,1.5,0,1.5,174.7
73,46,2,4,1.4,0.2,0.2,0,0.2,1.4,0,1.4,224.2
73,49,1,5,2.4,0.8,0.2,0,0,2.4,0.2,2.4,267.6
73,50,6,117,67.3,36.4,1.3,5.8,5.9,61.5,7.2,59.4,6354.9
73,51,2,7,3.3,1.5,0.2,0.2,0.1,3.1,0.3,2.4,315.8
73,52,2,15,6.7,2.9,0.7,0,0.1,6.7,1.4,4.3,630.9
73,53,1,12,5.1,1.2,0.3,0,0.3,5.1,1.5,4.5,526.5
73,54,1,8,2.9,0.6,0.4,0,0,2.9,0.2,2.7,343.4
73,56,4,34,16,5,0.3,0.9,1.5,15.1,2.7,13.9,1722.1
73,58,1,5,2.6,0.5,0,0.2,0.2,2.4,0,2.1,235.3
73,59,3,9,4.4,0.7,0,0.2,0.2,4.2,0,3.7,441.3
73,60,5,24,8.4,1.2,0.4,0,0,8.4,1.2,7.6,1032.8
73,61,1,3,1.1,0,0,0,0,1.1,0,1.1,167.7
73,63,4,12.5,4.4,0.8,0.7,0,0.2,4.4,0.2,3.5,480.7
73,64,2,19,6.8,1.7,1,0,0.1,6.8,0.1,5.6,748.6
73,67,2,11,4.9,1.5,0,0,0,4.9,0.7,4.9,554.9
73,68,2,38,18,6.9,1,1,0.3,17,1.1,13.4,1956.4
73,69,1,6.5,2.6,0.6,0,0,0.2,2.6,0.1,2.2,286.3
73,71,3,20,6.6,0.5,0.7,0,0.4,6.6,0.1,6.1,793.2
73,72,5,41.5,16.4,3.6,0.7,0.1,1.1,16.3,1.5,15.3,1903.8
73,73,2,13,5.4,1.3,0,0,0.6,5.4,0.8,5,628.3
73,76,1,8,3,0.4,0.1,0,0.4,3,0.3,2.9,388.7
73,77,4,33,13.3,4.7,1.3,0,0.1,13.3,0.7,11.2,1626.7
73,79,1,4,1.8,0.6,0.1,0,0.1,1.8,0.2,1.8,220.8
73,80,3,19,7,1.4,0.7,0,0.7,7,0.5,6,804.8
73,81,7,147.5,57.3,10.7,3.5,0,4,57.3,2.8,51.9,6517.4
73,82,5,22,9.4,2.4,0.7,0,0,9.4,1.6,8.2,978.6
73,83,1,20,7.8,1.6,0.8,0.6,0.4,7.2,0.4,5.5,818.4
73,84,2,34,12.6,2.5,1,0,0.7,12.6,0.5,11.1,1443.4
73,85,3,69,27.6,5.9,2.8,1,1.5,26.6,3.3,24.5,3048.8
73,86,4,195,74.2,13.1,7.2,0.3,4.6,73.9,4.8,63.6,8479.4
73,87,7,107,40.8,6.1,3.2,0.5,1.7,40.3,3.1,37.2,4213.7
73,88,5,38.5,15.2,2.3,1.2,0,0.2,15.2,0.4,13.7,1753.7
73,89,3,19,7.7,1.2,0.5,0.1,0.1,7.6,0.2,6.9,870.7
73,90,5,121.5,47.8,7.3,3.3,0.2,2.3,47.6,2.2,41.5,4998.4
73,91,3,321.5,141.6,34.8,6,10.1,9.3,131.5,6.6,122.6,14509.4
73,92,2,430.5,180,47.4,13,12,15,168,12.7,149.9,17999.9
73,93,0,754,378,174,23,206,48,172,51,189,32403
73,94,5,666,364.1,175.9,9,237,43.8,127.1,40.2,163.6,29121
73,95,3,192.5,75.2,17.6,6.9,7,4.4,68.2,7.6,60.5,7821.4
73,96,2,8,3.3,1,0.3,0.1,0.1,3.2,0.4,2.8,392.2
73,97,4,14,6.6,2.4,0.4,0.3,0.4,6.3,1,5.5,833.8
73,98,3,12.5,4.4,0.5,0.4,0.1,0.4,4.3,0.6,3.9,579.6
73,99,4,25,10.2,2.5,0.9,0.1,1.6,10.1,1.7,8.7,1282.6
73,100,1,6,1.8,0.1,0.3,0.1,0.4,1.7,0.4,1.5,271.6
73,101,1,4,1.2,0.1,0.2,0.1,0.3,1.1,0.3,1,181.1
73,104,1,5,1.9,0.3,0.3,0,0,1.9,0.2,1.9,224.1
73,105,4,31,14.5,4.1,0.7,0,0.7,14.5,1,13.3,1708.1
73,106,2,277,107.4,22.9,9.9,2,7,105.4,8.5,84.4,12038.8
73,107,6,82,29.4,4.6,2.6,0.2,1.9,29.2,0.2,25.2,3395.6
73,108,4,139,52,9.4,3,0,3.1,52,1,39.3,6464.8
73,109,1,2,0.7,0,0,0,0.1,0.7,0,0.6,91.9
73,111,2,7.5,3.1,0.7,0.2,0,0.3,3.1,0.1,2,346.7
73,112,2,90,39.4,9.9,1.5,7,3.9,32.4,2.5,29.9,4031.3
73,113,4,175,66.7,19.6,7,21.9,4.8,44.8,4.7,42.1,6294.5
73,114,5,209.5,91.9,28.5,4.7,14,9.7,77.9,10.1,67.7,8914.5
73,115,5,102,41.5,12.3,4.8,1.8,0.8,39.7,3,35.7,4360.7
73,117,3,40.5,16.8,4.3,0.6,0.6,1.1,16.2,3.8,13.3,2189.9
73,118,2,9,4.3,1.3,0.2,0,0,4.3,0.2,3.7,423.9
73,120,1,2,0.8,0.1,0,0,0.1,0.8,0.1,0.6,93.5
74,1,1,3,1,0.1,0.1,0.1,0.1,0.9,0,0.9,113.5
74,2,2,20,6.8,0.8,0.4,0.8,0.8,6,0,6.1,756.9
74,3,7,72,22.8,1.5,3.8,0,0.7,22.8,1.5,22.8,2550.2
74,4,5,25,8.5,0.6,0.7,0.6,1,7.9,0.5,7.4,993.5
74,5,2,72,28.7,8.5,4.3,4.5,1.9,24.2,2.4,23.8,3017.8
74,6,6,107,39.5,8.4,5.1,3.8,3.9,35.7,1.6,33.6,4548.4
74,7,2,56.5,25,8.9,2.2,3.3,3,21.7,2.6,20.8,2704.2
74,8,4,148.5,54.6,7.6,5.4,5.3,2.3,49.3,4.3,42.9,6423.9
74,9,2,292.5,116.2,27,8,0.7,12.7,115.5,4.7,100.6,11955.8
74,10,7,38,23.5,9.8,0,4.2,3.2,19.3,3.2,18.4,2544.2
74,11,4,23,9.1,2.4,0.7,1.7,0.4,7.4,1,7.3,960.2
74,12,4,23,7.7,1.4,0.9,1.3,0,6.4,0.8,6.3,799.1
74,13,4,42.5,14.2,3,2.1,0.9,0.4,13.3,0.4,10.8,1586.9
74,14,1,6,2,0.4,0.3,0.1,0.1,1.9,0.1,1.5,224
74,16,2,8,2.8,0.4,0,0,0,2.8,0.4,2.2,373.2
74,17,5,16,5.7,0.9,0,0,0,5.7,0.9,4.2,746.3
74,18,1,5,1.8,0.1,0.2,0.2,0.1,1.6,0,1.5,212.3
74,20,3,116,39.5,4.3,4.3,0,1.6,39.5,1.3,32.6,4226.3
74,21,3,74.5,27.5,4.4,0.4,1.3,1.3,26.2,1.2,24.8,3429.4
74,22,2,71,20,2,4,1.6,0.3,18.4,1.4,19.3,2336.8
74,23,1,2,0.8,0.2,0,0.1,0.1,0.7,0.1,0.7,92.6
74,25,2,38,12.4,2.5,1.3,0,0,12.4,1.3,11.2,1673.3
74,27,1,4,1.3,0.3,0.1,0,0,1.3,0.1,1.2,176.1
74,28,3,24,10.7,3.7,0.3,1.5,1.1,9.2,0.3,8.8,1179.3
74,29,3,34.5,15.6,3.2,0.1,2.4,3.1,13.2,0.3,10,1707.3
74,30,5,55,22.9,4.6,1.3,1.7,0.4,21.2,1.7,19.9,2625
74,31,3,12,4.4,0.6,0,0,0,4.4,0,4.3,489.2
74,33,4,27,11.7,2.5,0.3,0.9,0.6,10.8,0,9.9,1293.5
74,34,4,128.5,57,17,2.6,2.4,6.2,54.6,3.2,46.1,5640.4
74,35,5,128.5,47.8,6.2,1.9,0.9,3.4,46.9,0.9,45.7,5403.8
74,36,3,242.5,102.9,29.4,6.4,10.7,8.9,92.2,9.4,84.9,10222.1
74,37,5,112,48.1,10.6,1.3,4.1,8,44,3.9,43.3,5193.8
74,39,2,42,16.9,3,1.2,2.5,1.1,14.4,0.5,12.6,1965.8
74,40,1,9,3.4,0.9,0.4,0,0.1,3.4,0,3.4,393
74,41,4,101,42.7,13.6,2.3,2,3.5,40.7,2.1,38.6,4634.6
74,48,2,30,9.6,2,2.8,0,0.7,9.6,0.7,9.6,1022
74,49,2,7,3,0.9,0.4,0,0,3,0.2,3,335.7
74,50,2,11,5.3,1.7,0.4,0,0,5.3,0.4,5.3,588.7
74,51,1,1,0.4,0.1,0,0,0,0.4,0.1,0.4,43.9
74,52,1,4,1.7,0.4,0.1,0,0.1,1.7,0.5,1.5,175.5
74,56,1,1,0.5,0.2,0,0,0,0.5,0,0.4,49.2
74,57,5,38,18.1,5.7,0.9,1,0,17.1,1.8,16.2,1870.5
74,59,3,22,8.3,0,0,0,0,8.3,0,8.3,1229.9
74,60,1,3,1.1,0,0,0,0,1.1,0,1.1,167.7
74,63,3,15,5,0.3,0.7,0,0.3,5,0.3,3.9,556
74,64,2,15,5,0.4,0.7,0,0.4,5,0.4,3.9,556.1
74,65,1,42,13.5,1.3,0,0,1,13.5,3.1,8.9,1398.5
74,66,1,2,0.9,0.3,0,0,0,0.9,0.1,0.9,100.9
74,71,1,5,2.1,0.5,0,0,0.2,2.1,0.3,1.9,241.6
74,72,2,7,3,0.7,0,0,0.3,3,0.4,2.8,338.3
74,74,2,6,2.5,0.6,0,0,0.3,2.5,0.3,2.4,290
74,76,7,92,32.8,4.1,2.2,0,1.6,32.8,2.8,31.1,3991.6
74,77,3,8,3.1,0.4,0.1,0,0.4,3.1,0.3,2.9,388.7
74,79,2,3,1.3,0.4,0.1,0,0.1,1.3,0.2,1.3,165.6
74,82,3,12,5.1,1.2,0.5,0,0,5.1,0.9,4.4,524.3
74,83,3,147.5,58.4,9.7,3.8,4.4,4,54,3,48.4,5967.3
74,84,1,19,7.4,1.6,0.8,0.6,0.4,6.8,0.4,5.2,777.4
74,85,1,2,1.1,0.5,0,0,0.1,1.1,0,1,120.9
74,86,2,8,3.3,0.7,0.4,0,0.3,3.3,0.3,3.1,341.6
74,87,6,108,42.3,8.5,4.3,0,1.5,42.3,4.5,40.1,4345.2
74,88,4,71,33.8,7.4,1.6,0,0,33.8,2,31.8,3559.4
74,90,3,18,8.6,2,0,0.8,0,7.8,0.4,7.8,938.5
74,91,3,11,5.4,1.7,0,0.3,0,5.1,0.3,4.8,597.5
74,92,2,51,25.5,6,0,0,1,25.5,3.9,17.2,2659.7
74,93,0,822.5,358,91,12,63,51,295,27,250,33109
74,94,0,677,318,103,17,77,17,241,23,251,31013
74,95,6,132.5,46.4,9.6,7.2,0,3.1,46.4,3.2,42,5160
74,96,1,2,0.9,0.3,0.1,0,0.1,0.9,0.1,0.8,119.1
74,97,2,8,3.7,1.3,0.3,0.2,0.3,3.5,0.5,3.1,476.5
74,99,2,34,13.4,3.1,1.6,0.3,2.4,13.1,2.4,11.3,1722.3
74,104,2,5,2.1,0.5,0.1,0,0.2,2.1,0.2,1.9,270.5
74,105,1,3,1.5,0.5,0,0,0.1,1.5,0.1,1.4,180
74,106,7,40,16,2.2,0.2,0.3,0.6,15.7,0.6,14.6,1854
74,107,5,86,29.8,3,3.2,0.4,0.6,29.4,0.6,27.3,3734.3
74,108,2,12,4.2,0.2,0.2,0,0.3,4.2,0,3.9,551.7
74,109,1,3,1,0,0,0,0.1,1,0,1,137.9
74,112,3,16,7.4,1.6,0.2,0,1.6,7.4,0.7,5.7,914.6
74,113,6,21,9.9,2.9,0,0,1.3,9.9,1.2,8.4,938.7
74,114,3,118,49.5,11.9,4.2,0.1,5.8,49.4,6.5,41,5115.9
74,115,3,108.5,38.6,6.4,3.7,0.4,2,38.2,2.4,35.6,4230.6
74,116,3,13,5.2,0.9,0.1,0,0,5.2,0.1,4.6,626.6
74,117,6,34,13.4,2.4,0.4,0,0,13.4,0.4,12.2,1638.8
74,118,4,20,8,1.4,0.4,0,1.4,8,1.4,6.2,934.6
74,120,1,4,1.6,0.3,0.1,0,0.3,1.6,0.3,1.2,186.9
74,121,3,5,2.4,0.8,0,0.1,0.2,2.3,0.4,2,275.9
97,0,3,42.5,16,2.5,0.8,0.8,1.3,15.2,1.3,13.5,1823
97,1,4,119,46.8,13.4,4.8,9.4,3.2,37.4,5.7,32.8,4854.7
97,2,3,17,6.4,2.1,0.7,0,0.3,6.4,0.4,5.1,697.4
97,3,1,2,0.6,0.2,0.2,0,0,0.6,0,0.5,74.6
97,5,1,3,1.3,0.5,0.3,0.1,0,1.2,0.1,1.1,165.5
97,6,1,1,0.4,0.2,0.1,0,0,0.4,0,0.4,55.2
97,7,1,2,0.8,0.4,0.2,0,0,0.8,0,0.7,110.3
97,8,1,1,0.4,0.1,0,0,0,0.4,0,0.4,48.9
97,9,6,30,13,3.3,1,0.7,0.2,12.3,1,11,1400.7
97,10,6,37,17.1,5.1,0.8,2.2,0.8,14.9,0.8,14.4,1563.3
97,12,5,20,9.4,4.1,0.6,0.9,0.3,8.5,1.8,8.6,1079.7
97,13,3,16,8.3,4.4,0.7,2.2,0.3,6.1,0.3,6.5,819.6
97,14,3,6,2.4,0.8,0.2,0.1,0,2.3,0.1,2.2,289.4
97,15,5,35,13.4,3.3,1.4,0.3,0.4,13.1,0.7,13.1,1667.4
97,16,2,10,4.7,1.8,0,0,0.3,4.7,0.6,4.1,608.2
97,17,1,1,0.5,0.2,0,0,0,0.5,0.1,0.4,60.8
97,18,2,6,2.4,0.6,0.2,0.3,0.3,2.1,0.4,2.1,268.9
97,21,1,5,2.1,0.6,0.2,0.1,0.3,2,0.2,1.8,267
97,22,1,2,0.8,0.2,0.1,0,0.1,0.8,0.1,0.7,106.8
97,23,1,2,0.6,0,0,0,0,0.6,0,0.6,75.5
97,24,3,69,23.8,2.3,2,0.2,2.2,23.6,0.2,22.7,2748.4
97,25,2,12,4.6,1,0.4,0.7,0.7,3.9,0.7,3.7,517.9
97,27,4,144.5,54.5,11.7,4.2,12.2,9,42.3,4.2,47,5392
97,28,4,65,18,0.9,5.1,0,0,18,0,17.2,2439.2
97,29,2,21,6.5,0.9,1.6,0.3,0.3,6.2,0.5,6.1,817.9
97,30,2,6,2,0.3,0.4,0.2,0.1,1.8,0.2,1.8,237.9
97,31,3,40,13.3,1.7,2.3,0,1.2,13.3,0,13.3,1640
97,32,1,3,1,0.1,0.2,0,0.1,1,0,1,123
97,33,2,7,2.5,0.2,0.2,0,0.6,2.5,0.6,2.5,399.8
97,34,1,1,0.5,0.2,0,0,0,0.5,0.1,0.4,60.7
97,35,3,12,6,2.8,0.3,0,0,6,1.1,4.9,728.8
97,36,2,14,6,1.5,0.3,0,0.5,6,0.2,5.3,756.5
97,37,4,20,8.3,1.7,0.4,0,0.8,8.3,0,7.6,1058.3
97,38,4,15,5.8,1.4,1,0,0.3,5.8,0.3,5.5,615
97,39,3,15,5.6,1.2,1,0,0.3,5.6,0.3,5.3,610.8
97,41,2,13,4.8,1.3,0.6,0,0.2,4.8,0.2,3.9,572.2
97,42,4,16,5.9,1.6,0.6,0,0.2,5.9,0.2,4.8,704.2
97,43,1,1,0.4,0.1,0,0,0,0.4,0,0.3,42.9
97,46,1,2,0.9,0.3,0.1,0.1,0.1,0.8,0.1,0.8,84.9
97,47,1,1,0.4,0.1,0,0,0.1,0.4,0.1,0.4,42.5
97,48,5,40.5,17.3,2.9,0.6,3.4,2.3,13.9,2.3,13.9,1831.2
97,49,3,304,126.9,33.4,10.7,22.5,9.1,104.4,14.1,103.8,11909.4
97,50,1,1319.5,625.5,287.1,61.1,576.1,78.1,49.4,197.1,198.3,42726.9
97,51,0,3186.5,1691,866,89,1589,223,102,385,567,127727
97,52,0,1255,685,368,31,683,78,2,166,212,49636
97,53,1,675,337.3,150.7,16.3,262.2,37.1,75.1,67.7,102.6,24820.6
97,54,1,464,164.1,20.8,17.8,11,10.3,153.1,5,150.1,17457.4
97,55,5,90,36.6,7.9,1.7,2.2,5.8,34.4,4.3,32.2,3687.6
97,56,8,31,13.2,3,0.1,0.3,1.2,12.9,1.2,12,1495.9
97,58,1,3,1.1,0.2,0.1,0,0,1.1,0.1,1.1,159.8
97,59,2,11,4.2,0.8,0.3,0,0.1,4.2,0.3,4.1,586.1
97,60,4,137.5,56.8,11.3,2.2,0,1.6,56.8,2.8,52.6,6135.5
97,61,2,9,3.6,0.6,0.2,0,0.3,3.6,0.1,3.2,431.2
97,62,1,166,62.8,7.3,7,0,6.3,62.8,4,55,6236.1
97,63,2,63,22.6,1.3,1.9,0.5,1.3,22.1,0.6,20.1,2300
97,64,3,14,5.3,0.7,0.4,0.3,0.7,5,0.3,5,591.5
97,66,1,2,0.8,0.1,0.1,0,0,0.8,0,0.7,91.2
97,67,4,65,24.6,3.4,2.2,0.6,1.2,24,1.2,21.2,2964.8
97,68,2,12,4.8,1,0.2,0,0.4,4.8,0.2,4.4,565.2
97,71,1,4,1.6,0.3,0.1,0,0.1,1.6,0,1.4,188.4
97,72,1,501.5,203.1,32.2,8.7,5,10.5,198.1,6.2,193.1,24204.5
97,73,4,275,106.6,20.2,10.4,3.6,4,103,3,97.9,13153.8
97,74,4,207,79,8.9,3.3,3.9,6.7,75.1,2.6,75.8,9356.6
97,75,6,87.5,31.4,3.3,3.3,5.9,5.9,25.5,1.6,24.6,4274.7
97,76,4,231,134,72.6,3.7,126.9,21.4,7.1,15.5,54.7,9519.1
97,77,2,1729.5,686.3,217.1,94.2,568.4,74.3,117.9,225.2,339.5,54222.4
97,78,2,397.5,144.8,20.2,14,36.2,12,108.6,11.4,100.6,15728.8
97,79,2,593.5,227.1,53.6,20.3,26.8,22.3,200.3,12.4,184.4,24124.1
97,80,0,734.5,315,85,20,61,37,254,21,221,31575
97,81,2,137.5,46.5,3.2,5.7,1,3.8,45.5,3.7,39,5919.8
97,83,5,29.5,13.8,2.8,0,0,0.5,13.8,0.5,11.8,1560.4
97,84,3,71,27.8,3.6,1.2,1.3,2.5,26.5,1.4,23.3,3081.5
97,85,1,141,56.8,9.3,4.7,0.7,3.7,56.1,0.2,50,6447.3
97,86,6,167.5,66.4,9.6,5,1.5,6,64.9,2,60.9,8010.2
97,87,6,197.5,71.3,12.4,7.2,1.3,3.2,70,2.6,62.9,8566
97,88,3,201,63.8,4.8,6.8,7.1,3.4,56.7,3.1,57.4,9092.6
97,89,3,9,3.1,0.2,0.1,0.5,0.3,2.6,0.3,2.8,433.6
97,90,3,16,5.7,0.9,0.7,0.2,0.4,5.5,0.7,5.5,767.8
97,91,2,97.5,34.3,3.6,4.5,2.1,2.3,32.2,4.5,32.2,3947.8
97,92,2,250.5,100.1,26.6,8.5,21,11,79.1,4,78.1,9704.6
97,93,4,139.5,54.8,13.9,4.3,6,2,48.8,0.4,43.7,5994.2
97,94,4,26.5,8.6,1.2,1,0.4,0.4,8.2,0.2,7.7,1072.1
97,96,1,10,3.7,0.8,0.5,0.3,0,3.4,0.3,3.2,458.9
97,97,4,11,4,0.9,0.7,0.2,0,3.8,0.3,3.4,504.9
97,98,2,3,1.4,0.5,0,0,0,1.4,0.1,1.2,138.2
97,99,3,472.5,190.6,46.9,11,47,36.6,143.6,23.2,121.3,17485.6
97,100,3,321,121.5,15.6,7,3,6,118.5,9.6,106.4,13160
97,101,1,9,3.4,0.3,0.2,0,0,3.4,0.1,3.2,408.6
97,102,1,6,2.5,0.7,0.2,0.2,0.3,2.3,0.2,1.9,287.2
97,103,3,17,6.1,1.1,0.7,0.6,0,5.5,0,5.1,805.4
97,104,2,7,2.5,0.4,0.3,0.3,0,2.2,0,2.1,331.7
97,106,3,13,6.9,1.7,0,0,0.4,6.9,0.9,5.6,1170.9
97,107,3,8,4.3,1.1,0,0,0.3,4.3,0.5,3.5,720.5
97,109,1,2,0.6,0,0.2,0,0.1,0.6,0.1,0.6,107.7
97,110,1,7,2.2,0.1,0.5,0,0.2,2.2,0.4,1.9,377
97,117,1,6.5,2.6,0.4,0.2,0,0.1,2.6,0.4,2.2,276.5
97,119,3,12,5,1.1,0.5,0,0.2,5,0.4,4.3,588.6
97,122,2,7,3.5,0.7,0,0,0.4,3.5,0.4,2.8,399.3
97,123,3,8,3.2,0.4,0,0.3,0.4,2.9,0.1,2.8,354.4
97,124,5,37.5,16.2,3.8,0.6,0.2,1.3,16,0.2,14.2,1815.3
97,125,2,7,3,0.8,0.1,0,0.2,3,0,2.7,345.5
97,126,3,25,10.7,3.1,1.1,0.2,0.5,10.5,0.2,9.2,1183.9
97,127,4,34,14.2,4.8,2.4,0.6,0,13.6,0.6,11.7,1523.5
71,0,2,9,3,0.3,0.1,0,0.3,3,0,2.8,380.2
71,1,2,13,5.3,1.2,0.8,0,1.2,5.3,0.8,4.9,523.7
71,2,2,11,4.4,1.1,0.7,0,1.1,4.4,0.7,4.1,443
71,3,8,64,27.6,5.6,1.7,0.5,0.5,27.1,2.1,25.5,2937.9
71,4,7,46,19.9,4.2,1.2,0.4,0.6,19.5,1.5,18.3,2115.9
71,5,1,3,1.3,0.4,0,0,0.2,1.3,0.1,1.2,140.9
71,6,3,9,3.6,0.9,0,0.2,0.4,3.4,0.7,3.1,371.1
71,7,5,99,41.1,8.9,2,0.8,4.5,40.3,5.2,33.9,4092.3
71,8,6,233,94.3,24,7.6,8.3,5.7,86,6.5,49.7,9526.4
71,9,4,146.5,58.1,8.8,4.7,1.3,0.8,56.8,3,51.5,6255.5
71,10,3,13,5.1,0.9,0,0,0.9,5.1,0.2,4.3,620.3
71,11,3,27,12.4,4.4,0,1.4,0.8,11,0.8,10.3,1168.3
71,12,1,2,0.9,0.3,0,0.1,0.1,0.8,0.1,0.8,86.5
71,15,1,2,0.9,0.2,0,0,0,0.9,0.1,0.9,86.1
71,17,1,2,0.9,0.2,0,0,0,0.9,0.1,0.9,86.1
71,19,1,2,0.9,0.3,0,0,0.1,0.9,0.1,0.9,90.1
71,25,3,17,9,3.8,0.4,1.3,0.8,7.7,1.3,6.8,788.1
71,26,1,3,1.6,0.7,0.1,0.2,0.1,1.4,0.2,1.2,139.1
71,28,5,92,37.3,10.4,3,2.3,3.3,35,2,30,4143
71,29,1,412.5,191.4,70.3,8.3,56.7,28.7,134.7,20,97.4,16708.8
71,30,5,196.5,89.4,34.7,4.4,15.1,6.9,74.3,15.2,53.5,8299.1
71,31,2,14,5,0.8,0.7,0.8,0.3,4.2,0.4,4.8,545.3
71,32,1,11,4,0.7,0.5,0.7,0.2,3.3,0.3,3.8,428.5
71,34,1,21,7.5,1.3,1,1.3,0.3,6.2,0.7,7.2,818
71,38,1,7,3.2,1.1,0,0,0.2,3.2,0.5,2.8,318
71,47,2,7,3.2,1.2,0.2,0,0.5,3.2,0.2,2.7,366.7
71,48,1,2,0.9,0.2,0,0,0,0.9,0.3,0.8,105.6
71,51,3,18,7.6,2.3,0.4,0.9,0,6.7,0.4,6.4,820.8
71,53,1,1,0.6,0.3,0,0,0.1,0.6,0.1,0.6,57.8
71,54,1,4,2.3,1.2,0,0,0.3,2.3,0.3,2.3,231.3
71,56,2,105.5,53.2,23.4,0.6,14,3,39.2,7.5,34.7,5071.8
71,57,2,8,3.5,1.1,0.2,0,0,3.5,0.2,3.3,476.2
71,58,2,243.5,98.5,24.6,6.3,8.5,13.9,90,6.9,83.5,10092.4
71,59,3,59,25,5.4,1.1,0.1,0.5,24.9,0.5,24,2923.6
71,60,1,2,1,0.3,0,0,0,1,0.1,0.9,136.6
71,61,1,2,1,0.3,0,0,0,1,0.1,0.9,136.6
71,62,1,3,1.2,0.2,0.1,0,0.1,1.2,0.1,1.1,128.9
71,64,6,90,34.4,6.1,3.5,1.1,5.9,33.3,0.7,32.1,3989.9
71,65,3,366.5,168.3,65.1,8,48.4,16.4,119.9,19,106.5,15675
71,66,3,24,9.9,2.6,0.7,0.5,0.5,9.4,1.8,9.2,1108.9
71,67,3,30,12.3,3.9,1,0,0,12.3,3.5,11.8,1431.2
71,68,1,1,0.4,0.1,0.1,0.1,0,0.3,0,0.3,33.1
71,70,1,4,1.5,0.5,0.3,0.2,0.2,1.3,0.2,1.2,132.2
71,71,2,100,42.6,11.9,2.9,5,3.4,37.6,5,30.7,4154.2
71,72,1,21,6.9,0.8,0.8,0,0.4,6.9,0,6.1,814.6
71,74,2,8,3.2,0.8,0.1,0,0.8,3.2,0.5,2,328.7
71,76,3,56,22.9,6.1,0.8,2.8,1.5,20.1,2.3,17.3,2481
71,77,2,5,2,0.5,0.1,0.1,0.3,1.9,0.4,1.6,232.5
71,78,1,73.5,21.9,0.5,3.3,0.2,0.3,21.7,1.2,20.4,2719.8
71,79,6,171,71.6,17.2,4.9,0.5,6.9,71.1,7.4,59.3,7642
71,84,1,4,1.3,0.2,0.1,0,0.1,1.3,0.1,1.2,189.2
71,85,2,6,2,0.2,0.2,0,0,2,0,1.8,283.8
71,86,4,184.5,63.6,6,10.7,0,1.6,63.6,2.6,59.8,8222.4
71,87,2,233,87.6,16.7,7.6,10,6.2,77.6,7.2,65.1,10126.1
71,88,2,220.5,78.5,10.9,9.6,2,5,76.5,3,65.6,9834.2
71,89,6,78.5,32.9,5.8,2.3,0,0,32.9,1.9,27.2,3837.5
71,90,5,22,8.3,1.8,1.3,0,0.4,8.3,0.7,7.9,977.2
71,91,4,299,111.6,16.4,5.4,0,7.6,111.6,5.3,102.9,12723.8
71,92,3,385.5,153.4,33.1,8.4,0,12,153.4,7.4,141.8,16531.7
71,93,1,535,281,121.4,13,154.1,16.4,126.9,23.7,166.9,26600.5
71,94,1,1591.5,1060.6,707.6,14.1,939,123.1,121.6,270,229.1,68683.5
71,95,1,1172.5,610.4,334.4,44.9,409,76.9,201.4,148,166.9,46694.5
71,96,0,587,254,55,15,7,25,247,15,203,25876
71,97,3,420.5,157.3,35.6,14.9,2,8.9,155.3,7,130.2,15822
71,98,3,174,61.1,11.3,8.1,0.7,4.1,60.4,2,55.4,6571.6
71,99,1,27,13.2,4.3,0.1,0.1,1.1,13.1,1,12,1339.3
71,100,2,12,4.8,1,0.1,0,0,4.8,1.4,4.2,593.3
71,101,3,31,13.2,3.1,0.3,0.6,1.2,12.6,1.7,10.4,1487
71,103,1,4,1.6,0.4,0.3,0,0,1.6,0.1,1.4,190.2
71,104,5,16,6.1,1.4,1,0,0,6.1,0.6,5.3,731.7
71,105,4,18,6.6,0.8,0.4,0,0.4,6.6,0.8,5.3,725.7
71,107,2,15,5.5,0.7,0.3,0,0.3,5.5,0.7,4.4,604.8
71,108,2,8,2.6,0.2,0.4,0,0,2.6,0.2,2,288
71,109,2,9,2.8,0.3,0.5,0,0,2.8,0.3,2.3,324
71,110,1,3,0.9,0.1,0.2,0,0,0.9,0.1,0.8,108
71,111,2,6,2.3,0.2,0,0.2,0,2.1,0,1.9,236.1
71,112,2,12,4.7,0.4,0,0.4,0,4.3,0,3.9,472.3
71,114,2,7,2.7,0.6,0.1,0.2,0,2.5,0,2.1,283.6
71,115,4,20,7.6,2.4,0.4,0.7,0,6.9,0,5.4,827.4
71,118,7,66,27.8,7.6,1.9,0,1.4,27.8,1.9,24,2864.4
71,124,1,2,1,0.3,0,0,0,1,0,0.9,107.2
71,125,3,9,4.5,1.3,0,0,0.1,4.5,0.1,3.9,482.4
71,127,1,3,1.4,0.4,0,0,0,1.4,0.1,1.4,153.9
72,0,1,1,0.5,0.2,0,0,0,0.5,0,0.3,50.6
72,1,1,9,3.1,0.3,0.2,0.3,0.3,2.8,0,2.7,340.6
72,2,2,6.5,2.3,0.3,0.1,0.3,0.3,2,0,2,246
72,3,2,8.5,3.1,0.2,0,0.2,0.2,2.9,0.2,2.9,402
72,4,4,32,12.6,2.2,0.3,1,2,11.6,0.8,10.4,1528.3
72,5,6,52,21.9,5.9,0.7,2.2,5.2,19.7,1.5,16,2507.7
72,6,2,49,20.4,5.2,0.4,10,5,10.4,5,10,2269.6
72,7,2,388,164.5,45.7,8.5,21.7,20.9,142.8,13,128.2,18433.2
72,8,3,550.5,341.5,204.6,5.8,239.3,40.6,102.2,73.6,98.7,25854
72,9,2,6,3,1.4,0.1,1,0.4,2,0.4,2.1,320
72,10,4,21.5,9.7,3.2,0.7,1.1,1.4,8.6,1.4,7.5,1110.8
72,11,2,9,3.6,0.9,0.2,0.2,0.5,3.4,0.4,3.1,422.7
72,13,2,7,2.5,0.4,0.1,0,0.3,2.5,0.1,2.4,302.4
72,19,2,22.5,7.6,0.7,0,0,0,7.6,0,7,911.8
72,23,2,32,11.8,3.2,1.4,1.8,0,10,0,10,1421.2
72,24,1,17,6.3,1.7,0.7,1,0,5.3,0,5.3,755
72,25,1,4,1.5,0.4,0.1,0.2,0.1,1.3,0.1,0.9,186.5
72,26,2,40,15.5,3.6,1,1.8,1,13.7,1,9.1,1865.5
72,27,2,6,2,0.4,0.2,0,0,2,0.2,1.8,264.2
72,29,5,49,23.4,7.5,0.3,0.7,0.4,22.7,1.7,20.9,2373.7
72,30,2,122.5,50.1,12.3,1,5.8,8.8,44.3,2,34.6,5002.4
72,31,4,24.5,10.9,3,0.1,0.7,0.8,10.2,0.1,9.3,1205.3
72,32,2,17,6.9,2.3,0.2,0,0.4,6.9,0.2,6.6,748.6
72,34,1,9,3.3,0.4,0,0,0,3.3,0,3.2,361.2
72,35,2,40,18.5,5.5,1.3,4,2.3,14.5,0.3,14.9,1839.2
72,36,1,1,0.4,0.1,0,0,0,0.4,0,0.4,46.7
72,37,3,149.5,60.1,13.6,3,2,7.7,58.1,1.7,44.7,5886.2
72,38,4,216,86.4,17.1,4.5,6.2,6.4,80.2,5.4,75.1,9739.4
72,39,3,43,15.5,2.9,1.4,0.7,0.7,14.8,0.7,13,1748.5
72,40,1,4,1.7,0.6,0.1,0.2,0.4,1.5,0.1,1.6,192.9
72,46,2,8,2.9,0.5,0.2,0,0.5,2.9,0,2.6,448.5
72,47,2,22,7.9,1.2,0.7,0,1.2,7.9,0,7.4,1233.2
72,48,1,3,1,0.2,0.3,0,0.1,1,0.1,1,102.2
72,51,1,4,1.8,0.9,0.2,0,0,1.8,0.3,1,165.6
72,52,2,16,7.3,3.6,0.9,0,0,7.3,1.3,4.1,662.4
72,53,1,11,4.7,1.1,0.3,0,0.3,4.7,1.4,4.1,482.6
72,54,1,4,1.4,0.3,0.2,0,0,1.4,0.1,1.3,171.7
72,55,2,11,4,0.9,0.6,0,0,4,0.3,3.7,472.1
72,56,4,17,7,1.8,0.6,0.3,0.3,6.7,0.9,6.1,784
72,57,2,22,10.8,3.5,0,0.7,1.1,10.1,2,9.3,1143.6
72,58,4,15,7.8,1.5,0,0.7,0.5,7.1,0,6.3,706
72,59,1,2,1,0.2,0,0.1,0.1,0.9,0,0.8,94.1
72,60,2,25,8.6,1.3,0.5,0,0,8.6,1.3,7.8,1046.5
72,61,2,16,5.6,1.2,0.5,0,0,5.6,0.6,4.9,661.6
72,62,2,11,4,1.2,0.7,0,0,4,0,3.4,442.5
72,65,6,76,34,10.9,1,17.1,6,16.9,7,15.9,2668
72,67,2,8,3.5,1.1,0,0,0,3.5,0.5,3.5,403.5
72,68,1,11,4.5,1,0,0,0.3,4.5,0.1,3.7,484.4
72,69,4,75,30.9,8.5,1,0,1.3,30.9,0.6,25.7,3293.9
72,70,2,8,2.6,0.2,0.4,0,0.2,2.6,0,2.4,309.6
72,71,4,89,30,3.7,3.4,0.4,0.6,29.6,0.4,28.2,3602.7
72,72,4,67.5,29.2,9.5,1.8,1.5,2,27.7,0.5,26.7,3343.2
72,73,1,4,1.7,0.4,0,0,0.2,1.7,0.2,1.6,193.3
72,76,3,6,2.4,0.8,0.2,0,0,2.4,0.1,2,296
72,77,2,47,16,1.5,1.4,0,0,16,0.2,14.4,1853.4
72,78,2,6,2.6,0.8,0.2,0,0.2,2.6,0.4,2.6,331.2
72,79,2,22,8.6,2,0.8,0,0.8,8.6,0.7,7.8,1008.9
72,80,3,42,15.4,3.1,1.5,0,1.5,15.4,1.1,13.4,1778.8
72,81,2,43,17,2.7,2.3,0,1.3,17,1.4,11.5,1621
72,82,2,3,1.4,0.5,0,0,0,1.4,0.1,1.2,148.4
72,84,3,40,15.2,3.1,1.3,0,0.7,15.2,1,13.4,1706.7
72,85,2,16,6,1.2,0.4,0,0.3,6,0.2,5.2,679.3
72,86,5,60,22.7,4.1,1.7,0.2,1.4,22.5,1.6,20.8,2417.7
72,87,2,7,2.7,0.4,0.2,0,0.1,2.7,0.2,2.4,281.3
72,88,6,156.5,59.3,11.7,4.4,4,4.4,55.3,3.1,48.5,6628.6
72,89,6,87,33.6,3.7,1.6,0,0.5,33.6,1.3,29.9,3846.1
72,90,3,269.5,104,24.6,9.3,7,6.3,97,4.2,90,10995.9
72,91,0,817.5,431,203,12,158,60,273,64,242,36859
72,92,1,704,340.8,133.3,17,140,39.7,200.8,25.7,223.5,29961.8
72,93,0,1055.5,602,338,14,415,48,187,70,276,49277
72,94,0,1294.5,833,522,12,659,104,174,137,288,61108
72,95,2,413.5,176.4,49.5,15.2,55,20.2,121.4,17.2,112.5,16454
72,96,3,89.5,40.4,13.7,2.7,15.7,10.7,24.7,9.5,8.6,3550.3
72,97,3,9,4.2,1.5,0.3,0.2,0.3,4,0.6,3.6,536
72,98,5,58,22.6,4.3,1,0,0,22.6,1.6,21.6,2759
72,101,1,5,1.5,0.1,0.2,0.1,0.3,1.4,0.3,1.3,226.3
72,103,1,4,1.2,0.1,0.2,0.1,0.3,1.1,0.3,1,181.1
72,106,2,38,12.2,1.4,2.5,0,1,12.2,0,11.3,1519.5
72,107,2,15.5,5,0.6,1,0,0.4,5,0,4.6,619.8
72,108,2,3,1.2,0.3,0.1,0,0,1.2,0,0.6,122.3
72,111,2,7,2.8,0.7,0.2,0,0.3,2.8,0.1,1.8,318.1
72,112,3,7,3.2,0.7,0,0,0.7,3.2,0.3,2.5,400.1
72,113,2,6,2.2,0.5,0.3,0.3,0.1,1.9,0.2,1.7,239.1
72,114,6,144.5,51.7,9.1,7.3,3.3,3.5,48.4,3.4,42.9,5456.4
72,115,5,140.5,52.2,6,3.8,1.4,2.7,50.8,3.7,47.8,5763.7
72,117,5,48,22.7,7.2,0.4,7.4,1.9,15.3,4.2,12.9,2510.9
72,118,5,214,88.8,25.7,6.7,0,11,88.8,12.7,48.8,8034.4
72,119,2,11,4.9,1.3,0.2,0,0.4,4.9,0.5,4,516.2
72,120,4,9,3.6,0.5,0.1,0,0.5,3.6,0.5,2.7,420.7
72,122,2,4,2.2,1,0,0.2,0.2,2,0.4,1.8,243.2
72,123,1,3,1.6,0.7,0,0.2,0.1,1.4,0.3,1.4,182.4
72,125,1,7,2.3,0.3,0.3,0,0,2.3,0.2,1.7,271.1
121,1,1,1,0.5,0.2,0,0,0.1,0.5,0.2,0.4,38.9
121,10,1,2,1.1,0.7,0.1,0,0.1,1.1,0.4,0.8,108.2
121,16,1,1,0.5,0.3,0,0,0,0.5,0.1,0.4,62.5
121,26,3,8,3.4,1,0.2,0.6,0.6,2.8,0.2,2.9,392.6
121,29,2,12,4.3,0.7,0,0,0.5,4.3,0.7,3.6,484.5
121,30,1,4,1.4,0.2,0,0,0.2,1.4,0.2,1.2,161.5
121,31,5,24,9,1.6,0,0,0.6,9,0.8,7.4,1067.1
121,34,3,9,3.9,1.2,0.2,0.5,0.2,3.4,0.3,3.1,434.9
121,35,1,2,0.9,0.3,0.1,0.2,0.1,0.7,0.1,0.7,93.7
121,41,1,1,0.4,0.1,0.1,0,0.1,0.4,0,0.3,39.8
121,42,2,6,2.1,0.3,0.5,0,0.3,2.1,0.2,2,239.1
121,43,6,36,15.6,5.2,0,0.3,1.2,15.3,1.2,12.4,1956
121,46,1,2,0.7,0.2,0.1,0,0.1,0.7,0,0.7,106.8
121,47,2,4,1.5,0.3,0.1,0,0.1,1.5,0,1.3,213.6
121,49,1,2,1,0.3,0,0.2,0.2,0.8,0.1,0.8,114.2
121,50,2,7,3.3,1.2,0.2,0.5,0.7,2.8,0.5,2.8,399.7
121,51,1,8,3.8,1.3,0.2,0.6,0.8,3.2,0.6,3.2,456.8
121,54,1,1,0.4,0.1,0,0,0,0.4,0,0.4,47.6
121,57,2,6,2.7,1.1,0.3,0.1,0.1,2.6,0.3,2.5,285.6
121,58,2,9,3.2,0.3,0.2,0.7,0.3,2.5,0.2,2.7,353.3
121,59,7,196.5,77.5,16.5,5.8,9.1,4.7,68.4,6.9,66.8,7837.5
121,60,5,33,12.7,2.5,0.5,0,0.5,12.7,1.4,11.8,1301.6
121,61,2,4,1.9,0.5,0,0.4,0.3,1.5,0,1.5,186.8
121,63,4,12,5.5,1.6,0.1,1.1,0.7,4.4,0,4.3,560.5
121,64,4,18,7.7,1.9,0.4,1.3,0.9,6.4,0.1,6.1,800.7
121,65,4,15,4.8,0.4,0.9,0.3,0.4,4.5,0.3,4.1,550.3
121,66,3,10,3.7,0.5,0.2,0.1,0.3,3.6,0.1,3.3,402.3
121,67,3,58.5,27.8,6.9,1,0,1.3,27.8,0,27.5,2842.2
121,68,2,16,5.8,1.1,0.8,0,0,5.8,1.1,5.8,637.8
121,69,1,67,26.2,3.4,0.3,0,2,26.2,0.4,26.2,2819.2
121,70,2,4,1.8,0.4,0,0,0.2,1.8,0,1.8,201.8
121,73,5,29,11.8,2.4,1.5,2.5,1.1,9.3,0.3,11.5,1379.4
121,74,2,2,0.9,0.3,0.1,0.2,0,0.7,0.1,0.7,97
121,75,3,11,5.7,2.3,0.2,1.3,0.2,4.4,0.6,3.5,542.9
121,77,1,1,0.5,0.2,0.1,0.1,0,0.4,0.1,0.5,52.7
121,78,3,9,3,0.4,0.4,0,0,3,0.1,3,411.4
121,79,1,4,1.3,0.2,0.2,0,0,1.3,0.1,1.3,182.9
121,80,1,1,0.3,0,0,0,0,0.3,0,0.3,45.7
121,81,1,2,0.8,0.2,0.1,0.1,0,0.7,0.1,0.7,105.6
121,82,2,3,1.2,0.3,0.2,0.1,0,1.1,0.1,1.1,158.4
121,83,2,9,3.3,0.6,0.6,0.2,0,3.1,0.3,3,361.8
121,84,4,23,8.4,1.5,1.5,0.4,0.1,8,0.7,7.6,923.3
121,85,1,3,1,0.2,0.2,0.1,0,0.9,0.1,0.8,118.6
121,86,1,9,3,0.6,0.6,0.2,0,2.8,0.2,2.5,355.7
121,87,2,3,1,0.2,0.2,0.1,0,0.9,0,0.9,118.6
121,88,2,12,4.2,0.8,0.6,0,0.3,4.2,0.3,3.5,523.8
121,89,3,19,6.8,1.2,0.8,0,0.4,6.8,0.4,5.5,829.2
121,90,4,18,7.1,1.7,1.1,0.7,0.7,6.4,0.3,6.5,881.5
121,91,2,7,2.3,0.4,0.5,0,0,2.3,0,2.3,298.1
121,92,3,22,6.9,1,1.5,0,0,6.9,0,6.9,913.5
121,93,6,27.5,12,4.3,0.5,1.5,2.3,10.5,0.5,11,1631.6
121,94,2,230.5,70,7.5,11.3,4,5.3,66,0.3,64.4,8217.2
121,95,2,304,114.3,16,7,0,7.7,114.3,2.7,109.3,11941
121,96,2,52,18.6,2.6,2,0.2,1,18.4,0.3,17.4,1745
121,97,4,14,6,1.4,0,0.3,0,5.7,0.8,5.7,714
121,98,3,344,129.1,25,12,10.7,13.3,118.4,6.3,112.8,14641.7
121,99,2,4,1.6,0.4,0.2,0,0,1.6,0,1.6,215.8
121,100,3,12,4.3,0.9,0.5,0,0.2,4.3,0.4,3.6,462
121,101,2,12,6.2,2.6,0,2.1,1.2,4.1,0.4,4,665.3
121,102,1,1.5,0.8,0.3,0,0.3,0.2,0.5,0.1,0.5,85.5
121,103,2,3,1.2,0.3,0,0,0.1,1.2,0.2,1.1,144
121,104,2,6,2.4,0.7,0,0,0.3,2.4,0.4,2.1,287.9
121,105,3,5,2.2,0.7,0,0,0,2.2,0.3,2,235.2
121,107,1,4,1.7,0.6,0.1,0,0,1.7,0.2,1.5,188.2
121,109,1,1,0.4,0.1,0,0,0,0.4,0.1,0.3,52.7
121,110,2,15.5,7,1.4,0,0,0.4,7,0.4,5.6,744
121,111,3,171.5,62.7,11.7,7.3,0.1,3.3,62.6,1.5,58.8,6762.6
121,112,4,11,4.4,1.1,0.5,0.3,0.2,4.1,0.6,2.7,459.3
121,113,4,11,4.3,1.1,0.8,0,0,4.3,0.3,4.3,531.5
121,114,4,16,6,1.1,0.7,0.2,0.7,5.8,0.2,5.5,735.5
121,115,2,5.5,2,0.3,0.2,0.1,0.3,1.9,0,1.8,248.6
121,116,2,6,2.1,0.3,0.1,0.1,0.2,2,0,1.9,253.4
121,117,3,45,16.5,2.8,0.3,0.3,0.3,16.2,0,14.9,2047.1
121,118,4,8,3.3,0.6,0,0,0,3.3,0.6,3.1,387.9
121,119,2,8.5,3.5,0.6,0,0,0,3.5,0.6,3.3,412.1
121,120,3,7,3.3,1.2,0.1,0.1,0.3,3.2,0,2.9,394.2
121,121,1,4,1.3,0.1,0.2,0.1,0,1.2,0,1.3,173.4
121,122,2,13,4.2,0.4,0.8,0.4,0,3.8,0,4.2,563.6
121,123,4,11,4.8,1.4,0.3,0.6,0.4,4.2,0.8,4.6,475.9
121,124,3,13.5,5.7,1.3,0.3,0.8,0.9,4.9,0.5,5,574.3
121,125,4,23.5,9.4,1.5,0.4,1.1,2,8.3,0.4,7.9,986.2
121,126,1,1,0.4,0.1,0,0,0.1,0.4,0,0.3,42
121,127,3,11,3.3,0.2,0.9,0,0.2,3.3,0.5,2.9,462.2
18,2,2,6,2.8,1.1,0.1,0,0.1,2.8,0.8,2.1,308.5
18,3,2,17,8.2,2.6,0,0,0.5,8.2,2,7.5,988.3
18,8,1,2,1,0.5,0.1,0.1,0,0.9,0.5,0.9,106.8
18,9,1,4,1.7,0.7,0.2,0.1,0.1,1.6,0.3,1.4,172.8
18,13,3,34.5,19.2,9.3,0,0.3,0.3,18.9,2.5,16.7,1987.8
18,14,2,16,7.7,2.5,0,0.4,0.3,7.3,1.5,6.2,801.8
18,19,3,6,2.8,1.2,0.2,0,0,2.8,0.5,2.5,348.4
18,20,1,2,1,0.5,0.1,0,0,1,0.2,0.9,118.9
18,21,1,7,3.5,1.1,0.2,0.2,0.2,3.3,0.8,3,387.3
18,22,1,3,1.5,0.4,0,0.1,0,1.4,0.1,1.5,155.6
18,23,1,4,2,0.5,0,0.2,0,1.8,0.2,2,207.5
18,25,1,3,1.8,0.9,0,0,0,1.8,0.4,1.6,211.3
18,26,1,2,0.7,0.1,0,0,0,0.7,0,0.6,83.2
18,27,1,3,1.8,0.9,0,0,0,1.8,0.4,1.6,211.3
18,28,1,4,2.2,1,0,0,0.2,2.2,1.2,2,241.6
18,33,3,13,8.5,5.2,0,0,0.6,8.5,1.3,6.5,985.2
18,34,1,3,2,1.2,0,0,0.1,2,0.3,1.5,227.3
18,35,1,4,2.8,1.9,0,0,0.2,2.8,0.2,2.1,270.6
18,36,1,2,1.4,0.9,0,0,0.1,1.4,0.1,1.1,135.3
18,37,3,12,6.4,2.5,0.1,0.2,0.5,6.2,2,4.8,672.5
18,44,1,5,2.6,1.1,0.1,0.5,0.2,2.1,0.3,1.5,277.6
18,45,1,11,5.6,2.4,0.2,1.1,0.5,4.5,0.7,3.2,610.6
18,46,1,7,4.1,1.8,0,0.2,0.5,3.9,1.4,3.7,440.7
18,48,1,1,0.6,0.4,0,0.1,0.1,0.5,0.1,0.4,63.1
18,52,1,1,0.6,0.3,0,0,0.1,0.6,0.1,0.5,65
18,54,1,3,1.9,1,0,0.1,0.1,1.8,0.4,1.7,188.9
18,55,2,6,3.4,1.9,0,0.2,0.1,3.2,0.8,2.9,346.2
18,59,1,1,0.7,0.4,0,0.1,0,0.6,0.2,0.6,71.4
18,60,1,3,1.4,0.4,0,0,0.1,1.4,0.4,1.1,152
18,61,4,7,3.7,1.7,0.2,0.2,0.1,3.5,1.5,2.9,356.9
18,62,1,2,0.9,0.3,0.1,0,0.1,0.9,0.4,0.6,87.7
18,63,1,5,2.3,0.7,0.2,0,0.2,2.3,0.9,1.6,219.3
18,64,3,12,5,1.9,1,0,0.4,5,0.8,4.3,508.2
18,65,3,11,4.5,1.8,1,0,0.4,4.5,0.5,4,453.6
18,66,3,13,5.3,2.2,1.2,0.1,0.4,5.2,0.6,4.8,537.9
18,67,3,13,6.2,2.3,0.3,0.6,0.6,5.6,2.6,4.9,663.7
18,68,1,4,2,0.7,0,0,0.4,2,0.4,1.8,229.3
18,71,1,1,0.5,0.2,0,0,0.1,0.5,0.1,0.4,57.3
18,73,1,1,0.7,0.5,0,0,0,0.7,0.3,0.7,78.5
18,76,2,10,4.3,1.2,0.3,0.3,0.3,4,0.5,4,435.7
18,77,1,1,0.4,0.1,0,0,0,0.4,0.1,0.4,43.6
18,79,4,14.5,8.2,3.9,0,0,0.6,8.2,1.8,6.5,783.6
18,80,1,3,1.8,1,0,0,0.1,1.8,0.4,1.5,159.5
18,82,3,15,7.1,3.9,0.6,0,1.3,7.1,1.3,6.5,622.1
18,88,1,3,1.3,0.5,0.2,0.1,0,1.2,0.2,1.2,126.8
18,89,1,1,0.4,0.2,0.1,0,0,0.4,0.1,0.4,42.3
18,90,4,30.5,13.3,4.4,1.3,1,1.1,12.3,1.8,11.6,1363.7
18,93,1,4,2.6,1.3,0,0,0.2,2.6,0.6,1.9,231.6
18,96,2,4,1.9,0.6,0,0.1,0.1,1.8,0.3,1.7,163.1
18,98,1,4,2,1.2,0.2,0,0.1,2,0.5,1.6,204.7
18,100,2,3,1.9,0.9,0,0,0.1,1.9,0.8,1.8,186.8
18,102,1,3,1.3,0.3,0,0,0,1.3,0.5,1,131.2
18,103,3,12,6,2.4,0,0,0,6,1.5,5.4,624.9
18,104,1,2,1.1,0.3,0,0.1,0.1,1,0.1,1,115.7
18,105,3,7,3.8,1.9,0,0,0.2,3.8,1,3.6,328.9
18,108,1,2,1.2,0.5,0,0.1,0.1,1.1,0.2,1.1,122.8
18,109,1,3,1.3,0.6,0.1,0,0.2,1.3,0.4,1.2,130.7
18,110,4,7,4.2,1.9,0,0.4,0.4,3.8,0.8,3.6,416.3
18,111,5,73,40.3,19.9,1.1,3.3,3.1,37,8.1,31.8,3973.9
18,112,5,18,8.8,3.4,0.4,0.4,0.9,8.4,1.8,6.7,890.1
18,113,1,1,0.4,0.2,0.1,0,0,0.4,0.1,0.4,42.8
18,114,2,6,2.8,1.1,0.3,0,0.3,2.8,0.7,2.3,266.9
18,115,3,11,5.1,2,0.4,0,0,5.1,1.1,4.6,524.5
18,116,4,7,3.3,1.3,0.2,0,0.1,3.3,0.7,2.9,334.2
18,117,2,4,2,0.6,0,0,0.2,2,0.4,1.7,191.5
18,118,3,9,4,1.4,0.4,0,0.2,4,1.2,3.6,432.4
18,119,3,8,3.8,1.4,0.3,0,0.2,3.8,1,3.2,401.1
18,120,2,7,3.1,0.9,0.2,0,0,3.1,0.9,2.8,339
18,121,2,10,5.2,2.8,0.4,0.8,0,4.4,0.4,4.8,483.6
18,122,2,4,2.1,1.1,0.1,0.4,0,1.7,0.1,1.9,193.5
18,123,2,13,6.6,2.6,0,0.7,0.3,5.9,0.3,5.2,612.5
18,125,2,5,3.3,2.4,0,0,0,3.3,0.9,2.8,272.8
18,126,1,1,0.5,0.3,0,0,0.1,0.5,0.2,0.4,50.4
18,127,2,8,3.9,2,0.2,0,0.6,3.9,1.5,3,404.4
67,0,3,16,6.9,2.1,0.3,0.7,0.3,6.2,0.3,6.3,762.7
67,1,2,3,1.3,0.4,0,0.1,0,1.2,0,1.1,141
67,2,4,11,4.7,1.2,0.4,0,0.2,4.7,0.4,3.7,502.3
67,3,1,8,3.1,0.6,0.1,0.2,0.2,2.9,0.5,2.8,335.7
67,4,3,95.5,40,8.9,1.2,2.7,6.6,37.3,1.5,31.9,4060.1
67,5,2,19,7.1,1.3,0.6,0,0.6,7.1,0,5.8,726.5
67,6,3,8,3.1,0.7,0.1,0,0,3.1,0,2.6,339.2
67,7,2,5,1.9,0.4,0.1,0,0,1.9,0,1.7,215
67,8,2,17,6.5,2.9,0.8,1.2,0,5.3,0.8,2.9,680.8
67,9,3,17,6.4,2.8,0.8,1.2,0,5.2,0.8,2.8,680.8
67,10,2,5,2.5,1.1,0.2,0.5,0.2,2,0.2,2,250.6
67,11,2,17.5,8.5,3.9,0.8,1.5,0.8,7,0.8,7,877.4
67,12,2,4,1.4,0.2,0,0,0.2,1.4,0.2,1.4,148
67,13,1,1,0.4,0.1,0,0,0.1,0.4,0,0.4,37
67,14,4,28,10.9,2.1,0,0.9,1.6,10,0.9,10.5,1076.8
67,15,1,1,0.6,0.3,0,0.1,0.1,0.5,0.1,0.4,57.4
67,16,1,2,1.2,0.6,0,0.2,0.1,1,0.2,0.8,114.8
67,18,2,2,1,0.4,0.2,0,0.2,1,0.2,0.6,101.6
67,23,3,64,28.3,10.1,3.1,0,1.7,28.3,3.4,25.8,2967.3
67,24,2,31,12.9,4.7,1.3,0,0.8,12.9,0.4,12.5,1321.8
67,27,4,10,3.7,1.3,0.6,0,0,3.7,0.3,3.1,362
67,28,3,11,4.8,1.5,0,0,0.4,4.8,0.6,4.4,442.1
67,32,2,30,16,8,0,1,0,15,1,16,1470
67,39,4,30,13,5.7,1.1,0,2,13,2,12.4,1493.8
67,42,4,11,4.8,1.2,0.4,0.4,0.4,4.4,0.7,4.3,588.5
67,43,2,32,13,3,1,3,0,10,3,12,1410
67,49,1,9,4.9,2.7,0,0,0,4.9,1.9,4.1,544.9
67,50,2,32,15.4,6.4,1,0,1,15.4,4.7,14.6,1797.4
67,51,1,4,1.8,0.8,0.2,0.2,0,1.6,0,1.8,179
67,59,3,5,2.1,0.4,0.1,0,0.1,2.1,0.2,2,285.7
67,60,2,12,5.2,0.7,0.3,0,0.3,5.2,0.7,4.8,778.7
67,61,2,3,1.3,0.3,0,0,0.1,1.3,0.2,1.2,156.1
67,62,2,14,6.3,1.2,0,0,0.9,6.3,0.9,5.6,638.1
67,63,1,2,0.9,0.2,0,0,0.1,0.9,0.1,0.8,91.2
67,64,2,5,2.3,0.6,0,0,0.2,2.3,0.3,2,231.1
67,65,1,3,1.4,0.5,0,0,0.1,1.4,0.2,1.2,146.5
67,67,3,6,2.8,1,0,0,0.2,2.8,0.4,2.4,293
67,68,1,1,0.4,0.1,0,0,0,0.4,0,0.3,45.9
67,70,2,107.5,54.3,21.5,3.4,14.8,8,39.5,12.8,36.2,5555.7
67,71,6,50,21.6,6.1,1,0.5,0.8,21.1,2.8,19,2223.7
67,72,1,6,2.6,0.7,0.1,0,0.1,2.6,0.4,2.4,258.2
67,74,4,115,60.2,27.9,1.6,9,6.8,51.2,4.1,41.2,5733.2
67,75,2,119,68.9,37.4,0.7,32,8.6,36.9,11.3,33.7,6153.1
67,76,4,254.5,115.9,41.4,5.3,25.1,18.1,90.8,16.5,87.4,12084
67,77,4,25,10.3,0.8,0,0.7,0.8,9.6,0.4,8.8,1087.9
67,78,3,5,2.3,0.7,0,0,0.2,2.3,0.2,1.8,268.8
67,79,3,6,2.6,0.6,0,0,0.2,2.6,0.2,2.3,292.2
67,80,1,2,0.9,0.1,0,0,0,0.9,0.1,0.8,92.3
67,81,1,2,0.9,0.3,0,0.1,0,0.8,0,0.7,94.5
67,82,1,23,10,3.5,0.5,0.5,0.5,9.5,0.5,8.5,1086.5
67,83,2,6,3.3,1.8,0.2,0.2,0.2,3.1,1.3,3.3,311.1
67,84,2,15.5,6.9,1.8,0.2,0.1,1,6.8,0.6,6,818.5
67,85,2,4,1.7,0.4,0,0,0.3,1.7,0.1,1.5,211.5
67,86,5,35,13.8,2.8,1,0,1.8,13.8,1.3,11.5,1624.8
67,90,1,5,2.1,0.6,0.2,0.1,0.1,2,0.1,1.8,253
67,91,3,20,9.2,2.2,0,0.7,0.8,8.5,0.8,7.1,922.5
67,92,3,12,5.5,1.2,0,0.4,0.5,5.1,0.5,4.3,553.5
67,93,4,177,69.2,9.8,4.9,0,5,69.2,2.9,66.6,7812.9
67,95,4,13.5,5.4,1.3,0.4,0,0.4,5.4,0.3,5.4,850.1
67,96,3,48,19.3,4.5,1.9,0,1.2,19.3,1,18.7,2862.7
67,98,3,11,4.8,1.1,0.4,0,1,4.8,0.5,3.8,651.7
67,99,5,32,13.8,3.1,1.1,0,2.5,13.8,1.5,11.1,1895.6
67,100,2,7,3,0.7,0.3,0,0.6,3,0.3,2.4,414.7
67,101,3,25,12.9,4.8,0.8,0.8,1.6,12.1,0.8,11.3,1596.8
67,103,3,11,4.9,1.1,0,0,0.8,4.9,0.3,4.9,550.8
67,104,4,118,43.4,7,3.9,0.3,3.7,43.1,0.5,42.2,5046.3
67,105,4,44,16.6,5.6,2.5,0.1,0.1,16.5,0,12,1851.4
67,106,4,84,32.2,5.3,2.6,0.4,2.7,31.8,1.9,29.9,3507.5
67,107,3,6,2.4,0.3,0,0,0.6,2.4,0.3,2.1,230.4
67,108,1,1,0.4,0,0,0,0,0.4,0,0.4,48.5
67,109,5,85,30.4,3.3,4.2,0,0.6,30.4,0.8,28.9,3765
67,110,2,29,9.2,1.5,2.2,0,0,9.2,0.6,8.3,1150.7
67,112,2,6,2.7,1.1,0.1,0,0,2.7,0.3,2.4,324.6
67,113,5,128,50.1,8.9,2.8,2,2.8,48.1,3.8,43.2,5762.3
67,114,5,54,19.8,3.6,1.3,0.3,0.8,19.5,2.1,17.8,2293.6
67,115,8,57,19.4,3.4,1,0.4,0,19,1.4,16.4,2304.1
67,116,4,58,22.3,5.1,2.1,0.2,0.4,22.1,1.4,20.5,2404.9
67,117,6,73,32.7,11.4,2,0,1.6,32.7,0.9,27.8,3247.1
67,118,1,3,1.4,0.4,0,0.1,0.1,1.3,0.2,1.3,161.9
67,119,3,242,107.4,34,5.8,19.8,9.8,87.6,8.6,81,10818.6
67,120,3,29,10.8,2.1,0.8,0.6,0.6,10.2,1.2,9.3,1199.4
67,121,4,90.5,34.7,6.3,2.8,0.5,1.7,34.2,5.1,31.5,3484.7
67,122,6,102,42.6,7.1,1,0,2.7,42.6,6.7,36.7,4222.7
67,123,4,26.5,13.4,4.1,0.7,0,1.4,13.4,1.4,10.7,1557.1
67,125,2,13.5,5.7,1.8,0.4,0,0.2,5.7,0.4,5.4,646
94,0,4,168,88,38.7,3,23.9,3.9,64.1,7,65.1,9037
94,1,2,438.5,283.1,186.6,6.4,183.1,21.9,100,76.5,108.5,22412.2
94,2,7,76.5,36.5,12.7,1,7.2,3.9,29.3,8.2,24.7,3648.4
94,3,6,89,36.8,8.8,3.8,8.3,3.3,28.5,3.3,31.9,4287.4
94,4,2,7,2.8,0.4,0.2,0.7,0.1,2.1,0.2,2.3,305.7
94,5,5,21,7.9,0.5,0.5,1.6,0,6.3,0.5,6.9,870.3
94,6,3,14,6.8,2.2,0.2,0,0.6,6.8,1.6,5.6,753.4
94,8,4,8,3.9,1.6,0,0,0.6,3.9,1.3,3.3,369.6
94,9,1,7,3.4,1.4,0,0,0.5,3.4,1.1,2.9,323.4
94,11,4,27,10.1,1,0.5,0.6,0,9.5,1.2,8.7,1067
94,12,1,2,0.7,0,0,0,0,0.7,0.1,0.6,77.4
94,13,2,6,2.3,0.6,0.2,0.2,0.1,2.1,0.1,2,262.1
94,14,2,7,2.3,0.4,0.6,0.2,0.2,2.1,0.1,1.8,315.8
94,15,2,7,2.2,0.4,0.7,0.3,0.3,1.9,0.1,1.7,317.4
94,18,2,10,4.3,1.3,0.6,0,0,4.3,0.2,4.3,471.9
94,23,4,24,8.6,1.9,1.3,0.4,0,8.2,0.4,7.2,1061.7
94,24,1,10,3.5,0.8,0.5,0.1,0,3.4,0.1,3,442.4
94,25,3,433,194.5,68.2,11.1,82.7,24.3,111.8,18.9,113.8,17200.5
94,26,4,204,86.3,19.6,7.4,12.2,6.5,74.1,8,71.4,8907.1
94,27,6,35,13.4,2.9,1.4,2.1,0.4,11.3,0,11.6,1526.1
94,29,1,4,1.6,0.2,0.1,0,0,1.6,0.1,1.4,189.7
94,31,3,8,3.2,0.9,0.4,0,0.6,3.2,0,3,388.8
94,32,1,4.5,1.8,0.5,0.3,0,0.4,1.8,0,1.6,219.4
94,33,3,25,10.1,0.9,0,0,0.9,10.1,0,8.6,1473.5
94,34,1,11,3.7,0.2,0.2,0.7,0.5,3,0.5,3.4,424.4
94,35,1,533.5,242.3,91.1,15.1,112.4,29.3,129.9,29.3,136.2,22198.1
94,36,3,394,216.5,107.3,5.7,112,29.7,104.5,26.6,117.9,18029.6
94,37,1,1,0.4,0.2,0,0,0,0.4,0.1,0.3,48.1
94,38,1,7,3.4,0.8,0,0,0.6,3.4,0.3,2.8,301
94,39,2,6,2.8,0.8,0,0,0.4,2.8,0.2,2.4,258
94,42,3,9,2.7,0,0.2,0,0.2,2.7,0,2.7,311.4
94,43,4,185,62.6,4.4,5,0,4.5,62.6,0,58.2,7718.7
94,44,1,5,1.7,0.2,0.1,0,0.1,1.7,0,1.7,217.1
94,45,2,24,13,7,0,1,0,12,0,10,1160
94,46,2,79,30.4,5.6,1.4,0.2,1.2,30.2,0.2,30.2,2911.2
94,47,3,398,145.1,20.7,11.1,0.5,6.6,144.6,6.6,143.6,15080.4
94,48,2,11,4.6,1.4,0.2,0,0.5,4.6,1.1,3.6,476.2
94,49,2,395,150.8,24.9,11.2,1,8.6,149.8,7.4,143.7,15433
94,50,4,153,48.3,2.9,4.9,6.8,4,41.5,1.9,39.5,5027
94,51,3,429,216.5,87.5,7,101.7,22.2,114.8,22.5,120,18135.8
94,52,3,771.5,358.7,133.3,17.9,214.5,33.2,144.2,40.4,254.4,31238.9
94,53,4,849,414.9,174.9,26.3,325.3,53.8,89.6,49.3,219.4,31413.3
94,54,0,1336,667,287,34,465,90,202,97,351,51883
94,55,2,696.5,313.5,126.2,25.9,119.1,20,194.4,21.2,210.1,26120.6
94,56,3,48,16.3,3.9,3.5,0.7,0.1,15.6,0.2,15.6,1771.8
94,57,2,6,2.9,0.8,0,0.2,0.2,2.7,0.2,2.9,324
94,58,1,4,1.3,0.1,0.1,0,0,1.3,0.1,1.3,164.6
94,59,2,34,11.4,1.2,1.2,0,0,11.4,0.6,10.7,1399.4
94,60,1,6,2,0.2,0.2,0,0,2,0.1,1.9,246.9
94,61,4,26,11.4,3,0.2,1.1,0.9,10.3,0.1,9.6,1306
94,62,4,55,29.3,14.1,0,4,1.5,25.3,0,24.1,3373.5
94,63,3,17,9.2,3.3,0,0,0,9.2,0.7,9.2,1138.3
94,64,1,6,3.2,1.2,0,0,0,3.2,0.2,3.2,401.8
94,70,4,15,7.5,2.8,0.2,0,0.6,7.5,0.6,6,666.2
94,71,4,192.5,76.7,18.1,6.2,12.8,6,63.9,5,56.7,7481.5
94,72,3,663.5,247,45,25.3,78.5,48.7,168.5,36.7,128.5,24046.5
94,73,1,665.5,293.9,90.7,18.1,56.9,43.2,237,22.2,212.6,27615.5
94,74,2,79.5,34.8,9,2.1,2.9,1.3,31.9,0.2,33.3,3765.4
94,75,4,19,9.2,3.8,0,0,1.6,9.2,0,8.4,1355
94,76,2,131.5,59.6,21.2,3,11,5,48.6,5.7,52.9,5583
94,77,2,139,64.5,18.8,5,36.1,6.1,28.4,2.3,36.2,6011.1
94,78,6,90.5,42.6,17,1.4,18.4,5.5,24.2,5.3,23.8,4238.5
94,79,1,2,0.9,0.3,0,0.2,0,0.7,0.1,0.7,90.7
94,81,1,3,1.1,0.2,0.1,0,0.1,1.1,0.1,1,126.2
94,82,2,117,41.3,5.5,4.9,3,4.2,38.3,2.6,30.6,4581.8
94,83,2,7,2.8,0.3,0,0,0,2.8,0.1,2.7,277.9
94,84,5,90,31.5,2.7,2.8,0,3.8,31.5,2.9,28.4,3823
94,85,1,3,1.1,0.2,0.1,0,0.1,1.1,0.1,1.1,139.2
94,87,1,1.5,0.5,0.1,0,0,0,0.5,0,0.5,69.6
94,88,2,47,16.9,2.8,1.4,7,1.4,9.9,1.4,15.5,1614.2
94,89,1,2,0.7,0.1,0.1,0.3,0.1,0.4,0.1,0.7,68.7
94,90,1,5,2.2,0.7,0,0.7,0.2,1.5,0.5,1.5,253
94,91,2,4,1.5,0.3,0.1,0.3,0.2,1.2,0.2,1.2,183
94,92,1,4,1.3,0.1,0.1,0,0.1,1.3,0.1,1.3,163.7
94,97,2,144.5,61.3,18.3,3,16.3,8.5,45,1.7,45,6607.3
94,98,4,136,55.5,12.2,4.5,6.7,5.3,48.8,2.7,41.8,5705
94,99,1,922.5,470.7,193.7,13.4,235.3,70.6,235.4,69.3,216.6,40464.1
94,100,2,276,108.7,26.8,11.7,1,12.4,107.7,6,97.3,10295.8
94,101,2,135.5,61.9,21.3,0.3,0,12.6,61.9,3,45.2,5107.1
94,103,1,8,3.5,0.8,0,0,0.2,3.5,0,3.3,544
94,105,3,6,3,1.1,0,0,0.6,3,0.7,2.8,463.7
94,106,2,8,3.1,0.9,0,0.7,0.3,2.4,0.3,2.4,419.6
94,107,2,13,5,1.5,0,1.1,0.5,3.9,0.5,3.9,681.8
94,109,3,9.5,4.5,1.6,0,0,0.2,4.5,0.2,3.2,679.9
94,110,1,3,1.4,0.5,0,0,0.1,1.4,0.1,1,214.7
94,111,3,9,4.3,1.4,0,0.1,0.2,4.2,0.2,3.1,638.7
94,112,1,1,0.5,0.1,0,0.1,0,0.4,0,0.4,66.2
94,114,3,19,8.9,2.8,0.3,0,0.3,8.9,0.3,8.6,928.5
94,115,3,295.5,122.7,31.7,10.5,12,5.5,110.7,9.5,104.2,12900.7
94,116,0,1018.5,503,219,33,319,66,184,144,199,39001
94,117,0,1320.5,869,558,18,727,69,142,133,307,64853
94,118,2,1033,641.6,392.6,10.8,535.6,66.6,106,131.2,216,44862
94,119,6,144.5,62.7,18,5.4,2.1,4.9,60.6,9.2,49.9,6524.7
94,120,4,271,123,27.3,4,2.4,9.3,120.6,6.4,108.6,11684.1
94,121,3,14,6.3,1.5,0.1,0.5,0.9,5.8,0.4,5.1,635.1
94,123,1,2,0.9,0.2,0,0.1,0.1,0.8,0,0.7,88.8
94,125,2,24,9.6,2,1.8,0.6,0.6,9,0.3,9.3,1193.7
94,126,1,26,10.3,2.2,1.9,0.6,0.6,9.7,0.3,10,1293.1
94,127,1,1,0.4,0.1,0,0.1,0.1,0.3,0.1,0.3,43.9
19,3,1,2,1,0.3,0,0,0.1,1,0.2,0.9,118.1
19,4,1,23,13,7.1,1.2,0,1.8,13,1.2,12.4,1427.2
19,5,1,6,3.4,1.8,0.3,0,0.5,3.4,0.3,3.2,372.3
19,8,5,13,6.8,3.5,0.4,0.6,0,6.2,3,6.1,693.9
19,10,1,6,2.8,1.2,0.2,0,0.5,2.8,0.2,1.8,301.8
19,11,1,2,0.9,0.4,0.1,0,0.2,0.9,0.1,0.6,100.6
19,15,2,10,5,1.6,0.6,0,0.6,5,0,5,577.4
19,17,1,1,0.5,0.2,0.1,0,0.1,0.5,0,0.5,57.7
19,20,4,28,14.3,7.2,1.7,0.6,0,13.7,2.8,12.8,1664
19,21,4,21,10.6,4.4,0.9,0.5,0.3,10.1,2.3,9.3,1211.1
19,22,6,150,85,42.5,1.6,23.9,2.9,61.1,20.2,57.1,9057.2
19,23,3,63,34.7,19,1,10,0.8,24.7,9.6,23.7,3335.7
19,25,3,27,12.3,2.5,0,0,0.9,12.3,2.5,11.4,1252.6
19,26,2,20,6.8,1,0.4,0,0,6.8,0,6.5,831.5
19,27,1,1,0.3,0.1,0,0,0,0.3,0,0.3,41.6
19,29,1,1,0.6,0.4,0,0,0,0.6,0.3,0.6,72.7
19,31,2,10,6.4,4.1,0,0,0.2,6.4,2,5.5,739.2
19,35,1,2,1.4,0.9,0,0,0.1,1.4,0.1,1.1,135.3
19,36,1,4,2.8,1.9,0,0,0.2,2.8,0.2,2.1,270.6
19,39,1,1,0.5,0.2,0,0,0,0.5,0.1,0.4,56.8
19,40,1,1,0.5,0.2,0,0,0,0.5,0.1,0.4,56.8
19,42,2,5,1.9,0.4,0.1,0.1,0.1,1.8,0.2,1.6,226
19,43,1,7,2.7,0.6,0.1,0.2,0.2,2.5,0.3,2.3,316.5
19,44,4,64,34.5,14.4,0.3,6,2.8,28.5,3,21.3,3469
19,45,1,215.5,125.1,60.2,1.2,29,11.4,96.1,27.7,82.9,12084.1
19,46,4,34,16.3,4.6,0.8,1.1,0.5,15.2,1.3,13.4,1855.8
19,48,2,41,19.4,6.6,0.6,0.7,1.6,18.7,4.8,16.2,1966
19,54,2,4,2.6,1.4,0,0,0.2,2.6,0.4,2,260
19,58,2,9,5.1,2.3,0,0,0.4,5.1,0.4,4.7,439.8
19,59,1,9,5.1,2.3,0,0,0.4,5.1,0.4,4.7,439.8
19,60,1,2,0.9,0.3,0,0,0.1,0.9,0.3,0.7,101.4
19,61,2,8,3.7,1.2,0.1,0,0.3,3.7,1.3,2.7,391.8
19,63,1,2,0.9,0.3,0.1,0,0.1,0.9,0.4,0.6,87.7
19,64,2,9,4.1,1.3,0.3,0,0.2,4.1,1.3,3,403
19,66,2,8,4.4,1.9,0.1,0,0.5,4.4,1,4.3,404.5
19,67,1,3,1.7,0.8,0,0,0.2,1.7,0.5,1.7,154.3
19,70,2,6,3,1.1,0,0,0.6,3,0.6,2.7,344
19,71,1,5,3.7,2.3,0,0,0,3.7,1.7,3.3,392.3
19,73,2,2,1.4,1,0,0,0,1.4,0.6,1.4,157
19,74,2,7,5.2,3.2,0,0,0,5.2,2.4,4.6,549.2
19,76,2,10,4.3,1.1,0.3,0.3,0.3,4,0.6,4,435.7
19,77,2,7,3,0.8,0.2,0.2,0.2,2.8,0.4,2.8,305
19,78,3,17,9,3.8,0,0,0.5,9,2,6.7,932.4
19,81,1,4,2.5,1.4,0,0,0.3,2.5,0.2,2.2,255.1
19,83,2,5,3,1.7,0,0,0.4,3,0.2,2.7,318.8
19,84,1,16,7.6,4,0.9,0,0,7.6,1.3,7.1,809.3
19,87,4,13,6,3.3,0.7,0,0,6,1.1,5.8,657.7
19,88,3,19,8.2,3.3,0.8,0.3,0,7.9,0.8,7.4,845
19,89,3,5,2.2,0.8,0.2,0.2,0.2,2,0.2,2,224.3
19,90,4,52,22.7,7.3,2.1,1.5,2.1,21.2,3.2,19.6,2338.6
19,91,1,14,6.1,2,0.6,0.4,0.6,5.7,0.9,5.3,629.6
19,92,1,2,0.9,0.3,0,0,0,0.9,0.1,0.7,83.9
19,96,3,8,3.6,1.2,0.1,0,0.1,3.6,0.4,2.8,335.6
19,97,2,6,2.7,0.9,0.1,0,0.1,2.7,0.3,2.1,251.7
19,98,1,9,4.6,2.7,0.4,0,0.2,4.6,1,3.6,460.7
19,99,1,2,1,0.6,0.1,0,0,1,0.2,0.8,102.4
19,104,2,6,3.3,0.8,0,0.3,0.3,3,0.3,3,347
19,105,2,15,7,1.9,0,0,1,7,1,6.5,728.9
19,106,1,2,1,0.3,0,0,0,1,0.2,1,99.4
19,107,1,2,1,0.3,0,0,0,1,0.2,1,99.4
19,108,1,2,1.2,0.5,0,0.1,0.1,1.1,0.2,1.1,122.8
19,109,3,8,4.8,2.1,0,0.3,0.5,4.5,0.8,4.3,491.2
19,110,2,7,4.2,1.8,0,0.2,0.4,4,0.7,3.7,429.8
19,111,4,10,5.4,2.7,0.6,0,0.7,5.4,2.6,4.4,567.9
19,112,1,1,0.5,0.3,0.1,0,0.1,0.5,0.3,0.4,56.3
19,113,1,2,1.1,0.6,0.1,0,0.1,1.1,0.6,0.9,112.6
19,115,3,9,4.5,1.3,0,0,0.6,4.5,0.9,3.9,431.4
19,116,1,5,2.5,0.7,0,0,0.4,2.5,0.5,2.1,239.6
19,117,2,4,2,0.6,0,0,0.2,2,0.4,1.8,191.8
19,118,2,12,4.6,1.1,0.6,0,0,4.6,1.9,4.4,504.8
19,119,1,2,0.8,0.2,0.1,0,0,0.8,0.3,0.7,84.1
19,120,3,8,3.1,0.7,0.3,0,0,3.1,1.4,3,336.6
19,121,1,2,0.8,0.2,0.1,0,0,0.8,0.3,0.7,84.1
19,122,1,9,4.8,2.4,0,0.3,0.3,4.5,0.7,4.5,437.2
19,123,2,10,5.4,2.7,0,0.4,0.4,5,0.7,5,485.7
19,127,2,14,7.6,3,0,0,0.9,7.6,0.9,7.3,726.1
69,0,4,6,3.6,1.2,0,0,0.4,3.6,0.6,2.6,317
69,2,2,6,2.8,1.1,0,0,0.2,2.8,0.6,2.1,348.2
69,3,2,8,3.8,1.4,0,0,0.2,3.8,0.8,2.8,464.2
69,4,4,14,6.5,2.4,0.2,0,0.5,6.5,1.7,5.2,800.7
69,5,2,6,2.8,0.9,0.2,0,0.2,2.8,0.9,2.3,330.6
69,6,2,12,5.5,1.9,0.3,0,0.4,5.5,1.6,4.6,644.9
69,7,3,8,3.4,1,0,0,0.6,3.4,0.2,3.2,375.8
69,8,2,4,2.3,1.1,0,0,0.3,2.3,0.1,1.7,221.2
69,9,5,14,7.8,3.6,0,0,1,7.8,0.4,6.2,774.2
69,11,4,36,12.6,1.3,1.1,1.1,0.7,11.5,0.5,10.3,1602
69,12,5,153,53.4,4.6,3,4,5.5,49.4,3.1,40.9,6462
69,13,2,5,2.3,0.8,0,0.3,0.1,2,0.1,1.9,216.4
69,15,1,2,0.9,0.2,0,0,0,0.9,0.1,0.9,86.1
69,16,3,147,72.8,26.2,0.6,8.2,10.1,64.6,8.9,60.5,7387.4
69,17,2,24,9.8,2.9,1,0.3,2,9.5,2.6,7.5,987.4
69,18,1,2,0.9,0.3,0,0,0.1,0.9,0.1,0.9,90.1
69,19,1,22,10.2,3.1,0.2,0.5,1.1,9.7,1.1,9.8,990.9
69,20,6,87.5,40.4,12.2,0.7,2,4.5,38.4,4.5,39.1,3941
69,21,4,32,14.6,4.3,0.6,0.7,1.7,13.9,1.3,13.9,1422.1
69,22,2,9,4.1,1.1,0.3,0.2,0.5,3.9,0.2,3.8,393.1
69,24,2,21,8.5,2.7,0.4,0.4,0.8,8.1,1.3,7.6,910.6
69,26,1,2,0.8,0.2,0,0,0,0.8,0.1,0.8,85.1
69,28,1,4,1.5,0.2,0.2,0,0,1.5,0.1,1.5,192.1
69,31,6,84.5,30.6,7,4.2,0,1.9,30.6,2.1,25.7,3363
69,32,1,43,16.4,2.1,1.1,0,3,16.4,0,11.3,1453.7
69,34,3,79.5,31.7,5.6,0.1,2.6,3.8,29.1,1,27.8,3463.5
69,35,3,24,11.1,5.9,0.9,0,0.9,11.1,0.9,10.2,1310.5
69,41,6,63.5,28.5,8.5,2,4,2.2,24.5,3.7,23,2992.3
69,48,2,13,6,1.5,0,0,0,6,1.8,5.2,686.4
69,51,2,2,1.2,0.6,0,0,0.2,1.2,0.2,1.2,115.6
69,53,1,15,8.5,4.6,0,0,1.3,8.5,1.3,8.5,867.4
69,55,1,12,5.4,1.8,0.4,0.4,0.6,5,0.4,4.1,633.2
69,57,3,15,6.7,2.3,0.5,0.5,0.7,6.2,0.5,5.1,791.5
69,58,2,7,3.3,1.2,0,0,0,3.3,0.5,3.1,477.9
69,59,2,129,47.7,11.2,5.4,4.2,1.9,43.5,3,42,5147.5
69,60,0,822,472,264,17,320,61,152,116,190,36690
69,61,5,218,90.5,24.2,5.3,13.5,6.3,77,5.9,82.1,9792.8
69,62,2,66,27.7,7,2,2.2,1.4,25.5,0.3,26.5,3262.3
69,64,4,108.5,35.9,6.8,3.1,0.5,1.4,35.4,1.7,32.8,3997.2
69,65,2,15,6.4,2.3,0.3,0.3,0.3,6.1,0.4,5.6,768
69,66,2,20,7.6,1.9,0.7,0.1,0.3,7.5,0.4,6.6,918.5
69,67,4,7,2.5,0.4,0.3,0,0,2.5,0,2.1,301.7
69,68,1,2,1,0.4,0,0,0.1,1,0.2,0.9,124.1
69,69,1,1,0.4,0.1,0,0,0,0.4,0,0.3,45.2
69,70,3,40,14.4,3.1,1,1,0.5,13.4,0.5,12.8,1809.7
69,76,2,17,8.1,2.5,0.2,0.2,1,7.9,0.5,6.9,826.4
69,77,4,11.5,5.5,1.7,0.2,0.3,0.6,5.2,0.3,4.6,558.9
69,78,4,114.5,42.6,8.7,4.6,0,1,42.6,4.3,38.9,4620.2
69,79,6,97,38.1,9.3,1.3,0,1,38.1,2.5,35,4492.9
69,80,1,3,1.3,0.4,0.1,0,0,1.3,0.1,1.3,157.4
69,82,2,3,1.4,0.4,0,0,0,1.4,0.2,1.2,148.7
69,83,5,20,7.7,1.8,0.8,0.5,0.8,7.2,0.3,6.2,861.1
69,84,1,2.5,0.9,0.2,0.1,0,0.1,0.9,0.1,0.8,107.6
69,85,1,4,1.3,0.2,0.1,0,0.1,1.3,0.1,1.2,189.2
69,87,3,7,2.4,0.3,0.1,0,0.3,2.4,0.1,2.4,293.3
69,88,1,2,0.8,0.2,0.1,0,0,0.8,0,0.7,103.7
69,91,4,191,78.8,14.9,3.5,1.2,4.9,77.6,3.7,64.6,9323.2
69,92,3,114,42.3,7.3,3.7,0.3,1.7,42,3.3,38.2,5441.7
69,93,4,98,36.2,7.2,4,1.2,2.7,35,1.3,31.3,3881
69,94,5,282,119.6,34.1,7.5,13.5,10.2,106.1,5.4,94,12164.3
69,95,2,373.5,158.6,39.1,6.5,2,14.4,156.6,9.4,132,17172.9
69,96,2,23,8.7,1.9,0.9,0,0.4,8.7,0.4,7.7,1001.2
69,97,2,52,18,2.6,1.3,0,1.6,18,1.6,14.7,2434.9
69,98,2,7,2.8,0.5,0.1,0,0,2.8,0.9,2.4,346.1
69,100,2,121,45.6,3.9,4.4,0,1.3,45.6,1,42.5,5258.3
69,101,5,517,257.8,102.3,5.1,77,26.5,180.8,34.4,145.9,23084.2
69,102,4,146,62.4,13.6,3.5,0,2.6,62.4,3.6,56,6897.4
69,103,3,30,11.7,2.9,2.4,0,0,11.7,0.9,10.4,1426.4
69,104,3,19,7.7,1.8,1.1,0.5,0,7.2,0.6,6.9,877.6
69,105,5,140,59.1,10,1.4,5.3,1,53.8,3.4,47.5,6241
69,106,5,111,46,13.1,4.6,0.3,2.9,45.7,3.1,36,5167.2
69,107,4,12,4.3,1.2,1,0,0.2,4.3,0.2,3.6,535.4
69,108,5,53,19.6,4.2,0.4,1,1.6,18.6,2.1,13,1958
69,109,5,77,28.4,6.3,1.5,3,2.7,25.4,3.1,19.5,2934.4
69,110,3,91,47,26.7,1.7,18.4,6.9,28.6,3.9,24.7,4225
69,111,5,96,40.1,8.8,1.9,1.4,2.8,38.7,3,35.7,4492.7
69,112,4,11.5,4,0.3,0.6,0,0.3,4,0,4,465.2
69,113,3,15,7.8,3.7,0,1.8,0.5,6,1.8,4.5,744.5
69,114,2,8,3.6,1.5,0.1,0.6,0.1,3,0.5,2.3,364
69,115,1,3,1.2,0.3,0.1,0.1,0,1.1,0,0.8,124.1
69,116,5,48,22.4,4.4,0,1.8,0.9,20.6,1.6,21.4,2214
69,117,1,4,1.9,0.4,0,0.2,0.1,1.7,0.1,1.8,184.5
69,118,2,36,17.3,4.8,0.3,2.2,0.3,15.1,1.6,15.8,1725
69,119,4,199.5,81.2,15.7,2.2,1.8,6.2,79.4,2.6,72.4,8478
69,120,2,8,3,0.6,0.2,0.3,0.2,2.7,0,2.9,329.9
69,124,7,62,25,6.7,1.1,0.7,1.4,24.3,3.7,22.4,2744
69,125,5,132,52.7,14,5.2,4,4.2,48.7,5.7,40.7,5640.2
69,126,3,8,3.4,0.9,0.1,0,0.1,3.4,0.4,3.3,376.1
69,127,2,14,6.3,1.9,0,0,0,6.3,0.7,6.3,718.2
116,0,1,1,0.7,0.4,0,0,0.1,0.7,0.1,0.6,63.8
116,3,1,1,0.5,0.2,0,0,0.1,0.5,0.2,0.4,38.9
116,5,1,1,0.6,0.3,0,0,0,0.6,0.2,0.4,54.1
116,13,1,2,1.1,0.5,0.1,0,0.1,1.1,0.2,0.8,125
116,14,2,4,2.2,1,0.2,0,0.2,2.2,0.4,1.6,250
116,20,1,5,2.3,0.7,0.2,0,0.2,2.3,0.3,2,218.3
116,24,1,11,4.7,1.3,0.2,0,0.6,4.7,1.3,3.9,558.4
116,25,1,4,1.7,0.5,0.1,0,0.2,1.7,0.5,1.4,203.1
116,27,3,10,4.3,1.1,0.1,0,0.6,4.3,1.1,3.6,507.7
116,28,1,4,1.5,0.5,0.2,0,0.2,1.5,0.1,1.5,268.5
116,29,2,17,5.4,0.3,0.8,1.9,1.4,3.5,0.3,4.6,609
116,30,4,62,27.7,11.2,3.8,17,2.5,10.7,9.2,13.9,2423.8
116,31,1,10,3.2,0.2,0.5,1.1,0.8,2.1,0.2,2.7,358.2
116,32,3,6,2.3,0.7,0.5,0.1,0.1,2.2,0.6,1.8,259.2
116,33,5,14,5.4,1.9,1.2,0.5,0.5,4.9,1.4,4.2,604.7
116,37,3,7,2.8,0.7,0,0,0,2.8,0,2.2,358.9
116,38,1,4,1.7,0.3,0.1,0.1,0.2,1.6,0.2,1.5,197
116,40,5,49,16.8,3.8,2.6,0,0,16.8,0,14.9,2092.1
116,41,1,8,3.7,1.7,0,2,0,1.7,0,2,404.6
116,42,1,7,3.2,1.5,0,1.7,0,1.5,0,1.8,354
116,43,5,14,6.2,1.4,0.3,2.7,0.4,3.5,0.8,6,718.4
116,44,2,18,8,2,0.3,3.3,0.7,4.7,1,7.6,923.7
116,48,1,2,0.6,0.1,0.1,0,0,0.6,0,0.6,76.8
116,50,1,6,1.9,0.3,0.2,0,0.1,1.9,0.1,1.9,230.4
116,51,1,3,1.4,0.5,0.1,0.5,0.1,0.9,0.2,1.2,137.2
116,52,3,13,6,2.3,0.3,2.1,0.5,3.9,0.8,5.2,594.6
116,54,5,21,9.3,3.2,0.4,3,0.8,6.3,1,7.9,974.7
116,55,1,77,27.5,3.2,4.2,1.2,1.7,26.3,2.5,23.5,3767.2
116,56,4,576,273.5,107.8,17.5,227.5,41.5,46,87.9,49.2,21998
116,57,2,60,19.2,4.2,4.8,2.5,1.5,16.7,1.1,15.4,2372.4
116,58,3,326.5,118.8,32.3,18.6,21.7,10.6,97.1,19,90.1,11962.8
116,59,1,305.5,125.9,37.8,9.2,53.2,8.2,72.7,14,98.7,11493.3
116,60,3,72,37.9,19.7,2.6,28.2,1.5,9.7,10.6,15.8,3063.1
116,61,1,438.5,165.2,38.3,15.7,59.1,15,106.1,16.3,133.7,16202.3
116,62,3,196,61.9,5.1,10.7,5.7,8,56.2,6.1,50.6,6084.3
116,63,2,131,50.8,16.1,6.5,14.8,6,36,11.5,32.7,5022.9
116,64,5,60,24.8,8.9,2.1,11.3,0,13.5,1.7,12.1,2278.3
116,66,1,157,52,3.5,6.2,0.2,4.1,51.8,1.1,47.8,5246.2
116,67,2,662.5,281.1,71.6,15.6,113.6,27.4,167.5,20.8,202.6,25878.6
116,68,3,156,64.9,13.7,5.2,0.5,7.1,64.4,1.6,61.2,7072.6
116,69,2,6,2.1,0.2,0.3,0.1,0.1,2,0,1.8,263.1
116,70,4,24,8.3,1,1.1,0.2,0.5,8.1,0.3,7.3,1052.2
116,71,1,8,2.8,0.2,0.2,0,0,2.8,0.2,2.6,319.1
116,72,1,7,2.4,0.2,0.2,0,0,2.4,0.2,2.3,279.2
116,73,3,21,7.3,0.5,0.5,0,0,7.3,0.5,6.9,837.6
116,75,1,6,2.2,0.4,0.4,0,0.2,2.2,0.5,2.2,285.1
116,76,1,4,1.5,0.2,0.2,0,0.2,1.5,0.3,1.5,190.1
116,78,1,2,0.6,0,0.2,0,0.1,0.6,0,0.5,80.4
116,79,5,24.5,8.5,0.8,2.1,0,0.5,8.5,0.4,7.1,1032.9
116,80,1,7,2.7,0.8,0.5,0,0,2.7,0.4,2.5,326.6
116,81,4,80,28.2,4.8,3.7,9,2.7,19.2,5.3,18.9,2903.3
116,82,7,52.5,19.4,4.6,2.9,1.4,1.1,18,2,17.2,2203.4
116,83,4,9,3.8,0.9,0,0,0,3.8,0,3.8,416.7
116,85,5,18,7.5,2,0.7,0,0,7.5,0.7,7,970
116,86,1,2,0.7,0.1,0.1,0,0.1,0.7,0,0.6,72.8
116,87,6,47,15.9,2.6,2.8,0,1.2,15.9,0,15.1,1710.2
116,88,2,11,3.7,0.6,0.6,0,0.6,3.7,0.3,3.3,365.6
116,89,3,177.5,62.7,15.4,9.8,4.5,3.8,58.2,4.6,53.5,7022.2
116,90,3,13,5.3,1.3,0.3,1,0.3,4.3,0.7,3.6,634.4
116,91,3,25,6.7,1.4,3.2,0,0,6.7,0.5,6.7,872.8
116,92,2,26,7,1.4,3.3,0,0,7,0.5,7,907.7
116,93,3,17,5.3,1,1.5,1.4,0,3.9,1.5,4.4,619.8
116,94,2,8,2.6,0.3,0.6,0.5,0,2.1,0.5,2.2,309.6
116,95,2,17,6,0.3,0.7,0,0.3,6,0.3,5.7,772.8
116,96,2,122.5,39.2,5.6,6.2,3,2.4,36.2,0.4,36.8,4274
116,97,3,18,7.1,1.3,0.3,0,1,7.1,0.7,6.1,735.8
116,98,5,23,8.4,1.8,0.8,0,0,8.4,1.8,8.2,1027.6
116,99,2,11,4.3,0.6,0.3,0,0.1,4.3,0.3,4.3,517.6
116,100,2,11,4.4,0.6,0.2,0,0.1,4.4,0.1,4.4,527.4
116,101,3,7,2.5,0.1,0.1,0,0,2.5,0.3,2.3,308.3
116,102,3,8,2.8,0,0.1,0,0,2.8,0.4,2.5,347.2
116,103,3,8,2.8,0,0.1,0,0,2.8,0.4,2.5,347.2
116,104,3,12,5.4,1.9,0.2,0,0.4,5.4,0.8,4.4,559.4
116,105,4,23,10.7,4.5,0.4,0,0.9,10.7,1.5,8.8,1086.9
116,106,5,19,8.5,1.8,0.1,0,0.3,8.5,0.9,7.5,955
116,107,5,15,6.5,0.7,0,0,0,6.5,0.7,6,780.3
116,108,1,2,0.6,0,0.1,0,0,0.6,0,0.6,83.1
116,109,4,23,8.2,1.2,1.2,0.4,0.2,7.8,0.3,7,981.9
116,110,3,115.5,52.1,16.8,2.6,3.6,1.8,48.5,5.1,33.4,5416.3
116,111,2,254,124.7,54.1,7.7,27,13.9,97.7,12.6,76,11634.5
116,112,5,114,40.8,6.8,1,2,3.4,38.8,3.5,36.7,4381.5
116,113,2,4,1.8,0.6,0.2,0,0.2,1.8,0,1.6,207.2
116,114,1,1,0.4,0.2,0,0,0.1,0.4,0,0.4,51.8
116,115,2,3,1,0.2,0.2,0,0,1,0.2,0.9,126.9
116,116,2,17,6.9,2.4,0.8,0.2,0.3,6.7,1,5.4,859.1
116,117,1,20,9.1,3.9,0.9,0,0.4,9.1,1.3,6.5,1157
116,118,2,8,2.8,0.2,0.2,0,0.4,2.8,0,2.2,422.8
116,119,3,7,2.7,0.7,0.3,0.1,0.1,2.6,0.1,2.5,342.9
116,120,2,13,5.2,1.5,0.5,0.3,0,4.9,0.3,5,616.8
116,121,5,19,6,0.7,1.1,0.1,0,5.9,1.5,6,710.3
116,122,2,9,2.6,0.2,0.6,0,0,2.6,0.8,2.6,312.4
116,123,7,26,11.9,4.3,0.5,1,0.5,10.9,1.5,9.5,1390.9
116,124,4,22,10,3.5,0.4,0.7,0.6,9.3,1.1,8.2,1174.6
116,125,2,6,2.8,0.7,0,0,0.5,2.8,0,2.8,314.5
116,126,2,11,4.1,0.5,0.4,0.1,0.3,4,0.5,3.9,515.4
116,127,2,4,1.5,0.1,0.1,0.1,0,1.4,0.3,1.3,182.5
65,0,3,15,7.6,3.8,0.5,0.5,0.3,7.1,1.8,6.5,748.8
65,1,3,13,5.2,1.2,0.4,0,0.2,5.2,0.4,4.1,563
65,2,2,14,4.8,0.7,0.5,0,0,4.8,0.5,3.9,532
65,3,3,20,8.1,1.9,0.8,0,0.3,8.1,0.8,6.4,875
65,4,3,17,8.4,3,0.1,0.3,0.6,8.1,1.2,7.1,942.7
65,5,7,26,12.6,4.4,0.1,0.4,1.1,12.2,1.6,10.9,1441.1
65,6,3,7,3.3,1.1,0.1,0.2,0.3,3.1,0.3,2.9,374.2
65,11,4,28,11.5,3,0.3,0.8,0,10.7,1.4,10.4,1299.9
65,12,3,64,23.7,6.7,2.6,1,0,22.7,3.5,20.1,2391.9
65,13,1,2,1.1,0.5,0,0.1,0,1,0.1,1,113.8
65,15,1,4,2.5,1.2,0,0.5,0.2,2,0.5,1.6,229.5
65,16,2,15,5.7,1.2,0.3,0.4,0.2,5.3,0.7,4.6,594.8
65,21,2,10,4.7,1.5,0,0.5,0.4,4.2,0.6,4.2,458.3
65,23,1,4,1.7,0.6,0.1,0.2,0.1,1.5,0.3,1.6,157.3
65,25,1,11,5.3,1.6,0,0,0.6,5.3,0,4.7,536.8
65,26,1,13,6.3,1.9,0,0,0.7,6.3,0,5.6,634.4
65,29,3,16,7,2.1,0,0,0.5,7,0.9,6.5,643
65,31,1,4,1.8,0.5,0,0,0.1,1.8,0.2,1.6,160.7
65,32,2,2.5,1.3,0.5,0,0.2,0.2,1.1,0.2,1,138.3
65,33,1,5,2.5,1,0,0.3,0.3,2.2,0.4,2.1,276.6
65,36,2,6,3.2,1.8,0.2,0,0,3.2,0.6,2.6,338.4
65,38,1,1,0.4,0.2,0,0,0.1,0.4,0.1,0.4,49.8
65,39,2,44,19.2,4,0.3,3.2,0.5,16,1.5,15.9,2174.1
65,40,2,94,44.1,16.6,2.6,8.2,3.8,35.9,6.8,32.7,4435.9
65,44,3,17,7.6,2.2,0.5,0.4,0.4,7.2,1.1,6.7,898.9
65,46,1,5,2.4,0.9,0.1,0,0,2.4,0.4,2.3,249.9
65,47,2,13,6.2,2.3,0.3,0,0,6.2,1.1,6,649.7
65,49,1,6,2.7,0.8,0.1,0,0.4,2.7,0.4,2.5,319.1
65,50,4,99,48,20.8,2.1,3,3.8,45,6.8,33.1,5268.7
65,51,1,10,4.7,1.8,0.4,0,0.4,4.7,0.4,4.1,506.3
65,52,4,20,9.2,4.1,0.8,0.9,0,8.3,0,9.2,895
65,54,1,4,1.6,0.4,0.1,0,0.2,1.6,0.1,1.5,200.4
65,57,1,8,3.6,1.6,0.4,0,0.4,3.6,0.2,3.1,470
65,58,3,13,5.7,1,0.3,0.2,0.3,5.5,0.6,4.9,759.7
65,59,1,3,1.3,0.2,0.1,0,0.1,1.3,0.2,1.2,194.7
65,60,3,11,4.9,1.5,0.3,0,0.4,4.9,0.8,4.3,546.6
65,61,1,3,1.4,0.4,0.1,0,0,1.4,0.1,1.2,153.6
65,62,1,3,1.5,0.6,0,0,0.1,1.5,0,1.5,160.3
65,63,2,18,9,3.4,0,0,0.7,9,0,9,961.6
65,65,1,3,1.3,0.5,0.2,0.1,0.1,1.2,0.2,1.3,140.2
65,69,2,9,3.7,1.2,0.3,0.4,0,3.3,0.4,3.1,412.8
65,71,1,3,1.1,0.4,0.2,0,0.1,1.1,0.1,0.9,127.2
65,73,2,15,7.4,2.8,0,0,0.2,7.4,0.8,6.6,755.3
65,75,6,64,26.3,6.2,1.3,1.2,0.7,25.1,3.6,23.4,3116.9
65,76,4,27,11,2.6,0.6,0.7,0.5,10.3,1.6,9.5,1302.5
65,77,2,16,7.1,1.5,0.1,0.7,0.6,6.4,0.9,5.6,802
65,78,5,42.5,19,6.8,0,0,0.4,19,2.8,14.9,2001.5
65,79,5,19,9.1,2.4,0,0,1.6,9.1,0.3,7.6,987.1
65,80,1,6,3,0.7,0,0,0,3,0.2,2.8,360.9
65,82,1,5,1.9,0.3,0.2,0.1,0.1,1.8,0.1,1.8,217.7
65,84,1,9,2.9,0.5,0.5,0,0.3,2.9,0.3,2.6,364.8
65,85,1,1,0.3,0.1,0.1,0,0,0.3,0,0.3,40.5
65,86,2,4,1.8,0.6,0.2,0,0.2,1.8,0.2,1.4,195.2
65,87,1,19,8.5,2.8,0.8,0,1.2,8.5,1.2,6.9,927
65,88,4,21,7.2,1.6,1,0.2,0.3,7,0.5,5.9,827.4
65,89,1,8,2.6,0.5,0.4,0,0.2,2.6,0.2,2.2,319.3
65,91,2,40,15.2,4,0.8,0.2,0.5,15,0.8,12.8,1729.8
65,92,4,55,20.9,5.6,1.1,0.3,0.8,20.6,1.1,17.6,2377.9
65,93,5,30,13.1,4.4,1.8,0.1,0,13,0.9,13.1,1475.3
65,94,1,1,0.4,0.1,0,0,0,0.4,0,0.4,63
65,95,2,6,2.4,0.6,0.2,0,0.2,2.4,0.2,2.4,377.8
65,97,7,76.5,32.4,9.8,1.5,0,2.5,32.4,3.5,27.2,3561.2
65,98,4,45,17.2,4.2,2,0,1.6,17.2,1.8,15.4,2115.6
65,99,3,15,5.7,1.4,0.7,0,0.6,5.7,0.6,5.1,691.1
65,101,2,7,2.8,0.7,0.3,0,0.3,2.8,0.3,2.4,358.2
65,105,2,9,3.5,1,0.3,0,0,3.5,0.8,3.4,410.5
65,106,5,68,27.5,7.1,0.6,0,3.6,27.5,3.3,24.9,3267.1
65,107,1,4,1.6,0.5,0.1,0,0.3,1.6,0.2,1.4,193.8
65,112,1,3,1.3,0.5,0.1,0,0,1.3,0.1,1.2,162.3
65,113,2,9,4,1.3,0.3,1.2,0.4,2.8,0.5,3.1,443.3
65,114,2,22,9.9,3.2,0.6,2.9,1,7,1.2,7.7,1083.7
65,116,4,95.5,40.5,10.2,1.6,0,3.7,40.5,2.7,36.3,4529.3
65,117,4,60,26.4,5.3,0.8,1,5.1,25.4,2.7,15.9,2683.3
65,119,3,18,9.4,4.4,0.4,3.8,0.8,5.6,1.6,5.6,963.2
65,120,2,631,393.7,248.4,10,259.3,54.1,134.4,106.3,98,27217.3
65,121,3,234.5,127.6,64.7,5.1,55.2,14.8,72.4,27.8,72.6,10897.6
65,122,4,163,64.8,15.5,4.6,0,7.7,64.8,8.7,44.9,7062.3
65,123,3,119.5,50.6,11.7,3.1,0,6,50.6,6.1,45,5836.5
65,124,1,10,4.4,1.2,0.3,0,0.2,4.4,0.5,3.9,502.1
65,125,7,50,22.4,6,1.5,0,0.8,22.4,2.3,19.9,2524.6
65,126,3,8,3.3,0.8,0.2,0,0.1,3.3,0.3,3.1,378.2
65,127,2,6,2.3,0.6,0.1,0,0.1,2.3,0.2,2.2,274.3
68,1,1,5,2.2,0.7,0.1,0.2,0.1,2,0.1,2,238.4
68,2,2,5,2.2,0.5,0.2,0,0.1,2.2,0.2,1.7,228.3
68,3,3,25,9.5,1.8,0.3,0.7,0.7,8.8,1.5,8.6,1049
68,4,2,61.5,23.9,4.2,1.6,3.5,0.8,20.4,2.4,15.5,2467.5
68,6,3,19,8.2,2.6,0.3,0,0.8,8.2,1.3,7.2,937.5
68,7,2,9,3.4,0.7,0.2,0,0,3.4,0,3.1,387
68,8,2,10,4.1,1.8,0.4,0.5,0.1,3.6,0.5,2.2,431
68,11,1,4,1.4,0.1,0.1,0.1,0.1,1.3,0.1,1.1,178
68,12,4,31.5,11,1.2,0.7,0.8,0.8,10.2,0.5,9.3,1371.8
68,16,2,14,5.9,1.6,0.2,0,0.4,5.9,1.1,5.5,593.3
68,17,2,8.5,3.4,1.1,0.4,0,0.7,3.4,0.9,2.7,349.7
68,18,5,18.5,9.4,4,1,0,1.5,9.4,2,6.1,928.3
68,19,3,14,7.2,3.2,0.8,0,1.2,7.2,1.6,4.4,711.2
68,21,2,40.5,14.4,2.8,1,1.2,1.2,13.2,0.3,8,1453.2
68,22,3,36,16.5,5.1,0.9,1.2,1.6,15.3,1.1,15,1573.5
68,24,5,30,12.3,3.9,0.9,0.1,0.6,12.2,0.9,11.3,1257.5
68,25,1,2,0.8,0.2,0,0,0,0.8,0.1,0.8,85.1
68,26,1,2,0.8,0.2,0,0,0,0.8,0.1,0.8,85.1
68,29,1,5,1.8,0.2,0.2,0,0,1.8,0.1,1.8,240.1
68,30,1,2,0.7,0.1,0.1,0,0,0.7,0,0.7,96
68,33,6,33,16.4,6.1,0,2,1.9,14.4,2.5,13.6,1782.9
68,46,2,18,8.5,3,0.2,0.2,1,8.3,2.4,7.3,869.7
68,47,1,13,6.4,2,0,0,1.2,6.4,2,5.6,601.6
68,48,3,6,3,1.2,0,0,0,3,1,2.6,340
68,49,1,11,5,1.3,0,0,0,5,1.6,4.4,580.8
68,50,3,13,7.1,3.9,0,0,0,7.1,2.7,5.9,787.1
68,54,1,6,2.7,0.9,0.2,0.2,0.3,2.5,0.2,2,316.6
68,55,2,6,2.7,1.2,0.2,0,0.2,2.7,0.1,2.2,346.6
68,56,1,1,0.4,0.2,0,0,0,0.4,0,0.3,52.8
68,57,4,18,8.1,3.5,0.8,0.1,0.8,8,0.4,6.8,1039.6
68,58,5,64,26.8,5.9,1.5,0,1.5,26.8,2.2,23.8,2909.8
68,59,3,53,29.5,15.8,0.4,4,0.4,25.5,4.9,23,3260
68,60,3,101.5,56.3,26,1.8,35.2,3.6,21.1,6.5,42.7,5216.5
68,61,3,35,16.9,5.1,0.1,1.5,1.8,15.4,0.6,15.3,1891.1
68,63,2,5,1.5,0.3,0.2,0,0,1.5,0,1.2,190.4
68,64,5,19,8.5,2.6,0.2,0.2,0.6,8.3,0.8,7.4,927.3
68,65,2,47,18.1,4.4,1,1,2.4,17.1,0.8,15,1855.6
68,66,1,5,1.8,0.3,0.2,0,0.1,1.8,0.1,1.5,215.4
68,67,1,26,9.2,1.5,1.1,0,0.4,9.2,0.4,8,1120.3
68,68,4,33.5,16.3,5.5,0.2,0.4,1.3,15.9,2.4,13.7,1948.7
68,69,2,12,5.8,2,0.1,0,0.5,5.8,0.8,4.9,710.8
68,70,1,13,5.7,1.7,0.3,0.6,0,5.1,0.6,4.2,644.3
68,71,3,9,3.9,1.1,0.2,0.1,0.1,3.8,0.4,3.4,407
68,74,3,14,5.7,1.4,0.2,0,0.7,5.7,0.2,5.5,618.5
68,76,5,83,38.9,9.5,0.3,1,2,37.9,5.9,32,3791.2
68,77,3,12,5,0.4,0,0.3,0.4,4.7,0.2,4.3,527.3
68,78,5,53,24.1,6.6,0.2,0.6,1.9,23.5,2.3,18.9,2786.1
68,79,4,22,10.3,2.9,0,0.3,0.8,10,0.8,8,1182.8
68,80,2,11.5,4.9,1.2,0.2,0,0.1,4.9,0.4,4.7,568.7
68,81,5,27,11.8,3.6,0.4,0.5,0.5,11.3,0.7,10.1,1269
68,83,1,1,0.6,0.3,0,0.1,0,0.5,0.2,0.6,51.8
68,84,2,7,3.5,1.5,0.1,0.1,0.3,3.4,1,3.3,366
68,86,4,102,39.8,10,2.6,0,3.6,39.8,4.1,31.5,4322.3
68,91,5,36,15.8,4.1,0.6,1.2,1.3,14.6,1.1,12.9,1724.3
68,92,3,21,9.7,2.2,0,0.9,0.8,8.8,0.8,7.4,968.5
68,93,6,77,27.9,6.1,3.8,0.2,1.5,27.7,2.3,26.7,3292.7
68,94,4,26,10.3,2.2,0.9,0.1,0.9,10.2,0.4,9.8,1516
68,95,6,116,40.9,6.7,5.1,1,2.3,39.9,0.8,37.4,5573.3
68,96,2,207.5,69,9.7,12.1,1,4.2,68,4.6,63.7,9119.2
68,97,1,70.5,27.3,9.1,2.5,1,2,26.3,1.3,27.3,3498.5
68,100,3,13.5,6,1.6,0.6,0,0.4,6,0,5.7,677.2
68,101,4,10,4.7,1.6,0.3,0.2,0.5,4.5,0.2,4.5,577.8
68,103,3,11,4.7,1.1,0.4,0,0.4,4.7,0.4,4.4,538.1
68,104,4,37,16.3,3.5,0.2,0.1,2.4,16.2,0.9,16,1805.1
68,105,2,92.5,44.3,17.3,1.2,18,7,26.3,8,20,4048.3
68,106,3,119,43.2,4.9,3,0.2,2.7,43,1.5,41.2,4843.3
68,107,4,14,5.2,0.7,0.5,0,1.1,5.2,0.9,4.5,550.3
68,108,3,74,28.1,2.4,1.7,0.1,1.5,28,0.5,24.7,3207.7
68,109,1,322.5,115.4,18.3,11.2,6,8.1,109.4,5.1,100.2,12571.7
68,110,4,185,69,16.5,7.7,8.9,5.6,60.1,7.6,53.2,7498
68,111,6,187,76.5,23.1,8.8,0,6.4,76.5,7.5,64.6,9221.8
68,112,1,13,4.6,0.4,0.6,0,0.4,4.6,0,4.6,526
68,113,6,36,15.6,4.2,0.8,1.1,1.1,14.5,2.6,13.3,1668.1
68,114,5,30,12.2,2.9,0.7,0.7,0.7,11.5,1.6,10.4,1335.7
68,115,1,3,1,0.2,0.1,0,0,1,0.1,0.9,121.3
68,116,3,7,3.1,0.7,0.1,0.2,0.1,2.9,0.1,3,310.3
68,117,1,2,0.8,0.2,0.1,0,0,0.8,0,0.8,83.9
68,118,2,8,3.3,0.7,0.1,0.2,0.2,3.1,0.4,3,372.6
68,119,8,126,49.7,10.9,2.6,2.1,4.2,47.6,6.7,44.6,5601.7
68,120,3,26,9.7,1.9,0.7,0.7,0.5,9,0.7,8.6,1074.4
68,121,1,3,1.6,0.7,0,0.2,0.1,1.4,0.3,1.4,182.4
68,122,2,5,2.2,0.4,0,0,0.2,2.2,0.3,1.8,215.7
68,123,6,14,7.1,2.5,0.3,0.1,0.8,7,1,5.8,828.8
68,124,2,3,1.4,0.4,0.1,0,0.1,1.4,0.2,1.1,157.4
68,125,2,57,21.4,4.6,1.7,0,2.3,21.4,0.7,21.1,2466.1
68,126,3,47,18.7,4.8,1.2,0,0.9,18.7,2,17.3,2057.6
70,0,3,18,7.4,1.5,0.2,0,0.7,7.4,0.6,6.2,813.3
70,1,4,42,16,3,0.5,0,1.5,16,1,14.1,1879.8
70,2,2,10,4.1,1.2,0.5,0,0.9,4.1,0.7,3.7,438.3
70,3,2,9,3.9,0.8,0.3,0.1,0.1,3.8,0.3,3.6,413.1
70,4,2,3,1.3,0.4,0.1,0,0.1,1.3,0.3,1.2,156.1
70,5,3,8,3.4,1.1,0.1,0,0.5,3.4,0.4,3.2,392.1
70,6,4,14,5.9,1.8,0,0.1,0.8,5.8,0.6,5.4,648.6
70,7,1,3,1.3,0.4,0,0,0.2,1.3,0.1,1.2,140.9
70,8,5,68,27.5,8.1,3.3,2.3,1.5,25.2,1.9,22.4,3132.4
70,9,4,133,54.9,12.8,2.5,2.1,2.9,52.8,5.2,48.3,6557.7
70,10,2,48,15.9,1.7,2,0,0.7,15.9,1.3,15.3,2031.2
70,11,1,2,1.1,0.5,0,0,0.1,1.1,0.1,0.9,110.6
70,14,2,4,1.8,0.6,0,0.2,0.1,1.6,0.2,1.5,172.9
70,16,3,23,9.5,2.8,0.7,0.2,1.3,9.3,2.2,8.1,959.8
70,17,1,6,2.4,0.7,0.2,0.1,0.5,2.3,0.7,1.9,246.9
70,19,1,2,0.9,0.3,0,0,0.1,0.9,0.1,0.9,90.1
70,22,1,7,3.2,0.9,0.3,0.1,0.4,3.1,0.1,2.9,305.7
70,23,2,18,7.3,2.6,0.4,0.4,0.9,6.9,1.3,6.4,783.9
70,24,1,27,15.8,8.3,0,2,0.1,13.8,2.1,13.7,1363.1
70,25,7,89.5,43.5,15.2,1.3,4.6,2.7,38.9,5.7,35,4020.2
70,26,2,9,4.8,2,0.2,0.7,0.4,4.1,0.7,3.6,417.2
70,27,4,10,4,0.8,0,0,0,4,0.3,3.8,425.7
70,28,5,190.5,75.2,18.8,5.2,7.6,5.6,67.6,4.5,60.3,8434.4
70,29,2,206,78.1,13.9,4.7,10.4,8.5,67.7,5.5,63,8509.1
70,30,4,162,62.1,13.9,7.3,5.8,3.6,56.3,4.8,47.6,6401.5
70,31,3,25,9.3,2.1,1.1,1.3,0.6,8,1.2,8.6,994.8
70,32,1,2,0.7,0.2,0.1,0,0.1,0.7,0.1,0.6,77.4
70,38,3,12,5.5,1.8,0,0,0.2,5.5,0.8,4.8,545.2
70,39,2,16.5,7.6,2.5,0,0,0.4,7.6,1.1,6.5,749.6
70,44,1,25,10.9,4.7,0.8,0.8,0,10.1,2.3,9.4,1288.3
70,46,3,26.5,12.3,4.2,0.6,0,2,12.3,1.9,10.6,1336.3
70,47,2,6,2.7,0.9,0.2,0,0.4,2.7,0.2,2.3,314.3
70,49,2,6,2.7,0.7,0,0,0,2.7,0.9,2.4,316.8
70,51,3,19,8.2,2.5,0.4,0.9,0.1,7.3,0.5,6.9,878.6
70,52,1,4,1.7,0.5,0.1,0.2,0,1.5,0.1,1.4,182.4
70,54,1,31,14.6,4.2,0.2,0.3,2.4,14.3,0.2,10.7,1431.2
70,55,3,19,8.4,2.6,0.7,0.6,0.8,7.8,0.6,6.6,994.4
70,56,3,24,9.8,0.4,0.9,0,0,9.8,0.1,9.7,1201.4
70,57,2,10,4.5,1.4,0.3,0.1,0.1,4.4,0.3,4,581.7
70,58,3,83.5,30,6.9,3.3,2.2,2.6,27.8,2.6,29,3719.8
70,59,1,4,1.4,0.3,0.2,0,0.1,1.4,0.1,1.4,168.1
70,60,2,72,28,4.2,1.8,1.8,1.5,26.2,1,25,2936.7
70,61,5,59,25.6,7.4,0.5,0.5,2.3,25.1,1,24.2,2676.9
70,62,4,77,30.3,7.6,2.5,0.5,2.5,29.8,2.1,28.8,3396.1
70,64,3,58,21.2,5.8,2.7,2.3,1.6,18.9,1.4,17.9,2292.9
70,65,6,84.5,34.4,9.4,2.2,1.5,2.4,32.9,2.5,26.9,3589.9
70,66,7,46.5,18.4,4.9,1.5,0.4,0.6,18,2.3,16.7,2163.3
70,67,1,3,1.2,0.4,0.1,0,0,1.2,0.3,1.2,143.1
70,68,3,35,13.4,4.5,2.5,1.7,1.7,11.7,1.8,10.8,1214.7
70,70,2,35,12.6,2.7,0.9,1,0.4,11.6,0.4,11.2,1583.5
70,71,1,2,0.8,0.2,0.2,0.1,0.1,0.7,0.1,0.6,66.1
70,72,2,9.5,3.2,0.5,0.3,0,0.4,3.2,0.1,2.7,371.9
70,73,2,14.5,5.9,1.5,0.3,0,1.5,5.9,0.9,3.6,595.7
70,74,4,74.5,31.2,10.5,1.5,0,3.5,31.2,2.6,24.1,3256
70,76,1,18.5,8.8,2.7,0.3,0.2,1.1,8.6,0.5,7.5,899.3
70,77,2,7,3.1,0.9,0.2,0.2,0.4,2.9,0.3,2.6,333.9
70,78,4,15,5.6,0.7,0.4,0.1,0.4,5.5,0.2,5.1,645.3
70,79,3,205.5,89.3,25.8,2.1,17.2,10.5,72.1,8.7,64.8,8940.7
70,80,1,1,0.4,0.1,0,0,0,0.4,0,0.4,52.5
70,82,2,13,6,1.8,0.3,0.3,0.3,5.7,0.7,5.1,644.3
70,83,5,89.5,38.7,11.5,3.5,2,3.5,36.7,4.8,31.4,4144.8
70,84,4,33,12.9,3.1,0.8,0.4,0.5,12.5,1,11.4,1586.4
70,85,1,7,2.3,0.3,0.2,0,0.1,2.3,0.1,2.2,331.1
70,86,3,38.5,18.5,6.4,0.7,4,2.3,14.5,3.2,14.2,1835.5
70,87,6,248.5,104.5,28.8,4.7,16,11.9,88.5,13.1,80.1,11489.8
70,88,2,10,4.1,1,0.3,0,0.1,4.1,0.3,3.4,500.8
70,90,4,36,13.6,3.2,2,0,0.6,13.6,1.1,12.8,1658.5
70,91,7,190,69.6,13.6,5.6,0.2,4.1,69.4,1.6,63.7,8992.1
70,92,1,397,159.7,33.9,10.3,2.1,5.3,157.6,7.1,145.9,20263.9
70,93,1,384.5,168.6,40.2,7.9,4.3,19.8,164.3,7.3,147.6,18734.1
70,94,3,367,160.5,49.1,10.9,31.6,14.1,128.9,15,112.7,16945.7
70,95,0,1689,848,387,46,533,111,315,231,302,67240
70,96,2,393.5,162,37.6,6,7,7.6,155,5.2,138.7,16613.3
70,97,3,368,127.6,15.6,15.8,0,8.8,127.6,5,114.3,13276.1
70,98,2,121.5,43.3,6.4,5.5,0.2,1.4,43.1,1.5,38.5,4517
70,99,2,34,23.2,17.5,0.5,16.2,0.5,7,3,6.5,1297
70,100,3,131,41.6,3.7,6.5,0,5,41.6,8,37.9,4865.8
70,101,3,284,128.5,41.6,4.6,39.8,15.2,88.7,5.9,82.2,13025.2
70,102,2,96,45.9,11.8,0.3,0.6,4.6,45.3,3.6,37.2,4666.1
70,103,2,3,1.2,0.3,0.3,0,0,1.2,0.1,1,142.6
70,105,1,4,1.5,0.2,0.1,0,0.1,1.5,0.2,1.2,161.3
70,106,1,2,0.7,0.2,0.2,0,0,0.7,0,0.6,89.2
70,107,1,8,3,0.9,0.7,0,0.2,3,0.2,2.4,357
70,109,1,4,1.3,0.1,0.2,0,0,1.3,0.1,1,144
70,110,2,11,3.4,0.3,0.7,0,0,3.4,0.3,2.9,396
70,111,3,7,2.6,0.4,0.2,0.3,0.2,2.3,0.1,2.1,278.4
70,113,1,3,1.2,0.1,0,0.1,0,1.1,0,1,118.1
70,114,1,5,1.9,0.2,0,0.1,0,1.8,0,1.6,196.8
70,115,3,7,2.7,0.8,0.1,0.2,0,2.5,0,1.9,289.6
70,116,1,14,5.4,1.6,0.3,0.5,0,4.9,0,3.8,579.1
70,118,7,97,39.9,9.6,2.5,0.5,2.1,39.4,3.1,34.8,4179.7
70,119,1,1,0.4,0.1,0,0,0,0.4,0,0.4,43.4
70,122,3,6.5,3.4,1.5,0,0.3,0.2,3.1,0.6,3,395.2
70,124,1,2,0.7,0.2,0,0,0,0.7,0.1,0.7,79.7
70,125,4,91.5,43.5,11.4,1,1,3.8,42.5,2.8,35.3,4482.4
70,126,2,4,1.8,0.6,0,0,0,1.8,0.2,1.8,205.2
70,127,5,18,8.3,2.4,0,0,0,8.3,0.7,8.3,923.4
107,0,1,3,1.8,0.8,0,0,0.2,1.8,0.5,1.5,169.5
107,3,1,2,1,0.3,0,0,0.1,1,0.1,0.8,117.4
107,4,2,4,1.8,0.5,0.1,0.1,0.1,1.7,0.1,1.6,200
107,6,1,1,0.4,0.2,0,0,0,0.4,0,0.4,47.1
107,7,1,3,1.3,0.4,0.1,0.1,0.1,1.2,0.1,1.2,141.3
107,9,2,3,1.3,0.6,0,0,0,1.3,0.2,1,135
107,10,1,4,1.8,0.9,0,0,0,1.8,0.3,1.3,180
107,11,1,8,3.6,1.8,0,0,0,3.6,0.6,2.7,360
107,16,1,7,3.3,1,0.2,0.2,0,3.1,0.6,2.7,363.6
107,18,3,6,2.6,0.5,0.2,0.6,0.4,2,0.6,2,299.5
107,19,1,11,4.9,0.9,0.3,1.1,0.6,3.8,1.2,3.8,549.1
107,21,2,5,2,0.6,0.4,0,0.1,2,0.1,2,264.1
107,23,1,3,1.3,0.3,0,0,0,1.3,0.1,1.3,144.7
107,24,2,10,4.5,1,0,0,0,4.5,0.4,4.5,482.4
107,26,1,4,1.5,0.3,0.2,0.1,0.1,1.4,0.1,1.4,216.4
107,29,4,16,7.6,3.5,0.3,0,0,7.6,1,6.4,893.4
107,31,1,4,1.7,0.4,0.1,0,0,1.7,0,1.7,186.3
107,32,2,21,8.9,1.9,0.6,0,0,8.9,0,8.9,978.1
107,33,3,13,4.6,1.2,0.3,0,0,4.6,0,4.6,646.5
107,34,1,2,0.7,0.2,0.1,0,0,0.7,0,0.7,99.5
107,35,3,17,8.3,2.8,0,1.7,1.2,6.6,1.7,5.3,958.6
107,36,6,25.5,8.8,1.6,0.8,0.9,1.1,7.9,1.2,7.2,944
107,37,4,43.5,13.9,2,1.6,1,1.6,12.9,1.6,12.2,1453.6
107,38,1,2,0.8,0,0,0,0.1,0.8,0.1,0.7,88.5
107,40,2,8,3.2,0.1,0,0,0.3,3.2,0.3,2.9,354
107,41,3,6,2.5,0.5,0.1,0.4,0.4,2.1,0.2,2,315.8
107,42,4,17,7.6,2.2,0.5,1.7,1.2,5.9,0.5,5.9,966.4
107,43,1,2,0.7,0.1,0.2,0.1,0,0.6,0,0.6,72.2
107,44,2,6,2.7,0.9,0.3,0.3,0.1,2.4,0.2,1.8,295
107,47,1,10,3.7,0.7,0,0,0.1,3.7,0.4,3.3,424.7
107,48,2,7,2.7,0.6,0.3,0.2,0.3,2.5,0.4,2.5,309.5
107,49,2,7,2.7,0.6,0.3,0.2,0.3,2.5,0.4,2.5,309.5
107,50,1,2,0.9,0.1,0,0.2,0.1,0.7,0.1,0.9,102.9
107,51,3,11,3.6,0.3,0.4,0.4,0.4,3.2,0.1,3.4,403.9
107,52,3,397.5,140,18.6,13,5.6,6.4,134.4,5,132.3,14601.1
107,53,0,1718.5,678,226,99,463,64,215,186,395,53969
107,54,4,217,72.1,22,18,59.1,14.9,13,29,20,6040
107,55,1,198,46.8,2.4,21.4,2,2.4,44.8,4.4,42.8,5388.7
107,56,3,10,3.1,0.4,0.4,0.1,0.2,3,1.4,1.6,269.9
107,57,2,116,34.6,5.2,6.9,1.7,1.7,32.9,25.1,6.9,2608.3
107,58,3,10,4,0.3,0.2,1.2,0.5,2.8,0.5,3,424.7
107,59,4,32,12.8,1.1,0.5,3.9,1.8,8.9,1.2,9.5,1356.2
107,60,3,24,9.2,1.5,0.6,2.4,0.9,6.8,0,7.1,1007.7
107,61,4,568,231.9,73.4,25.9,128.6,19,103.3,51.2,137.4,21569.4
107,62,2,658.5,265.6,68.6,27.4,74,17.4,191.6,37.4,188.4,27790
107,63,3,146,56.1,11.6,4.4,3.7,2,52.4,3.7,47.4,6369.1
107,64,2,653.5,235.4,22.5,21.1,25.8,11.8,209.6,16.3,202.6,24231.7
107,65,2,1223,613.7,271.2,31,430.5,66.2,183.2,77,290.2,47115.4
107,66,2,596.5,298.3,123.8,8.1,213,42.6,85.3,28.6,136.6,24434.6
107,67,2,219,88.3,23.9,8.6,21,10.3,67.3,8.3,69.4,8691.4
107,68,4,30,13.3,3.4,0.7,3.5,1,9.8,1,9.8,1833.4
107,69,5,39,16.9,4.6,1,3.4,1.3,13.5,1.1,13,2647.2
107,70,4,27,10.8,3.4,1.3,0,1.3,10.8,0.5,9.5,2362.5
107,71,4,35,12.8,2,1.9,0,1.9,12.8,1.9,12.8,1855.5
107,72,2,5,1.8,0.3,0.3,0,0.3,1.8,0.3,1.8,260
107,73,2,11,4.1,0.7,0.7,0,0.7,4.1,0.7,4.1,572
107,76,2,7,2.7,0.4,0.2,0.1,0.3,2.6,0.2,2.4,382
107,77,4,64,22.4,4.1,4.1,0,0.8,22.4,1.8,17.8,2836.5
107,78,2,6,2.3,0.4,0.1,0.3,0.4,2,0.2,1.7,260.4
107,79,1,2,0.8,0.1,0,0.1,0.1,0.7,0.1,0.6,86.8
107,80,3,13,4.9,0.9,0.3,0.6,0.9,4.3,0.4,3.6,564.2
107,82,1,5,2,0.5,0.4,0,0,2,0.4,1.6,271.1
107,84,1,1,0.4,0.1,0.1,0,0,0.4,0.1,0.3,54.2
107,85,1,2,0.8,0.2,0.1,0.2,0,0.6,0.2,0.7,85.9
107,87,2,7,2.9,0.7,0.4,0.7,0,2.2,0.7,2.4,300.7
107,88,1,1,0.5,0.2,0,0,0,0.5,0,0.4,49.9
107,89,2,9,4.3,1.5,0.3,0,0,4.3,0.3,3.8,449.1
107,90,2,5,2.3,0.8,0.2,0,0,2.3,0.2,2.1,249.5
107,91,3,13,6,1.6,0.3,0,0.5,6,0.5,4.9,693.9
107,92,3,24,11,3.1,0.5,0,1,11,1,8.9,1280.9
107,93,4,11,6.6,2.4,0,0,0.5,6.6,0.5,6.3,727.4
107,94,3,6,3.6,1.3,0,0,0.2,3.6,0.2,3.4,396.8
107,95,2,3,1.2,0.3,0,0.2,0.2,1,0.1,0.8,131.6
107,99,2,8,2.9,0.3,0.3,0,0,2.9,0.3,2.4,344.5
107,100,5,14,5.1,0.6,0.6,0,0,5.1,0.6,4.2,602.9
107,101,3,14,5.3,0.9,0.4,0,0,5.3,0.6,4.5,648.1
107,102,1,1,0.4,0.1,0,0,0,0.4,0,0.4,52.1
107,103,4,22,8,0.7,0.7,0,0,8,0.7,8,1041.3
107,104,1,4,1.8,0.5,0.1,0,0,1.8,0.3,1.5,193.5
107,105,6,32,14.3,4.3,0.9,0,0,14.3,2.5,11.7,1547.7
107,107,3,6,2.4,0,0.3,0,0,2.4,0,2.4,297
107,108,5,22,8.4,1.3,0.4,0.9,0.4,7.5,0.4,7.9,1296.7
107,110,3,8,3.1,0.4,0.1,0.3,0.1,2.8,0.1,2.8,471.6
107,111,6,45.5,19.9,5.6,1,0.2,2,19.7,0.5,17.3,2159.9
107,112,1,1,0.4,0.1,0,0,0,0.4,0,0.4,45.7
107,113,3,17,6.5,1.1,0.8,0,0.6,6.5,0.8,6.5,795.5
107,114,2,6,2.3,0.4,0.2,0,0.2,2.3,0.2,2.3,288.1
107,115,2,7,3,0.4,0.2,0.2,0.3,2.8,0.2,2.7,353.1
107,116,4,16,6.7,0.9,0.2,0.3,0.6,6.4,0.2,6.2,807.1
107,117,1,2,0.8,0.1,0,0,0.1,0.8,0,0.8,100.9
107,118,3,12,4.2,0.6,0.3,0,0.3,4.2,0.3,3.9,506.4
107,119,2,14.5,5.5,0.9,0.3,0,0.6,5.5,0.3,5.2,679.4
107,121,5,14,6.6,2.7,0.4,0,0,6.6,0.4,6.6,897.7
107,122,1,2,0.9,0.4,0.1,0,0,0.9,0.1,0.9,128.2
107,123,3,7,3.2,1.1,0.3,0.3,0,2.9,0.3,2.4,404.1
107,124,2,4,1.7,0.4,0.1,0.2,0,1.5,0.1,1.5,210.1
107,125,8,26,10.1,1.7,0.9,0.8,0,9.3,0.9,10.1,1320.8
107,127,3,5,3,1.2,0,0,0,3,0,2.5,402.3
66,0,2,11,4.8,1.5,0.2,0.5,0.2,4.3,0.2,4.3,524.4
66,1,2,4,1.7,0.4,0.1,0,0.1,1.7,0.1,1.3,182.7
66,3,1,2,0.9,0.2,0.1,0,0,0.9,0.1,0.7,91.3
66,4,2,6,2.6,0.8,0.2,0,0.1,2.6,0.3,2.1,285.1
66,5,4,10,5,1.9,0,0.2,0.3,4.8,0.7,4.3,567.6
66,7,4,23,8.7,2.1,0.5,0,0,8.7,0,7.9,989
66,8,5,117,51.9,20.9,1,3,3,48.9,6.8,40,5362.1
66,10,1,1,0.5,0.2,0,0,0,0.5,0.1,0.5,64.7
66,11,6,77,32.1,9.2,1.6,1.3,1,30.8,3.9,30.2,3966.2
66,12,1,4,1.6,0.3,0,0.1,0,1.5,0.1,1.5,183.6
66,13,2,42,24.2,10.6,0,1.9,0,22.3,3.4,19.7,2350.7
66,14,5,95,56.5,27.9,0,11.6,3.2,44.9,7,38.7,5036.9
66,15,1,1.5,0.9,0.4,0,0.2,0.1,0.7,0.2,0.6,86.1
66,16,3,54,23.8,8.6,1.9,0.4,2.8,23.4,3.3,19.5,2364.6
66,17,5,37,15.1,4.4,1.1,0.4,2.1,14.7,2.7,11.3,1527.3
66,18,1,2.5,1.3,0.6,0.1,0,0.2,1.3,0.3,0.8,127
66,21,1,9,4.2,1.6,0,0.5,0.3,3.7,0.5,3.7,394.1
66,23,1,3,1.4,0.5,0,0.2,0.1,1.2,0.2,1.2,131.4
66,24,1,18.5,7.6,0.6,0.6,0,1.8,7.6,0,7,959.1
66,25,3,13,5.3,0.5,0.5,0,1.3,5.3,0,4.9,673.9
66,27,2,24,8.9,3.1,1.3,0,0,8.9,0.6,7.6,869.1
66,28,1,1,0.4,0.1,0,0,0,0.4,0.1,0.4,40.2
66,31,2,27,11.9,3.7,0,0,0.9,11.9,1.4,11,1085
66,42,2,5,2.2,0.6,0.1,0.1,0.1,2.1,0.3,1.9,267.5
66,43,2,4,1.8,0.4,0.2,0.2,0.2,1.6,0.2,1.6,214
66,44,1,16,7.7,2.8,0.3,0,0,7.7,1.4,7.3,799.7
66,45,1,9,4.3,1.6,0.2,0,0,4.3,0.8,4.1,449.8
66,49,2,15.5,7.2,2.7,0.6,0,0.6,7.2,0.6,6.3,784.7
66,50,2,12,5.6,2.1,0.5,0,0.5,5.6,0.5,4.9,607.5
66,51,2,13,6,2.3,0.6,0,0.6,6,0.6,5.3,658.1
66,55,2,3.5,1.6,0.7,0.1,0,0.1,1.6,0.1,1.4,205.7
66,56,2,9.5,4.3,1.9,0.4,0,0.4,4.3,0.2,3.7,558.1
66,57,1,3,1.4,0.6,0.1,0,0.1,1.4,0.1,1.2,176.2
66,60,3,18.5,8.6,2.5,0.4,0,0,8.6,0.7,7.2,947.2
66,61,2,25,11.7,3.4,0.5,0,0,11.7,0.9,9.7,1280.1
66,63,1,5,2.3,0.5,0,0,0.3,2.3,0.3,2,227.9
66,65,2,5,2.3,0.8,0,0,0.2,2.3,0.3,2,244.2
66,67,1,3,1.4,0.5,0,0,0.1,1.4,0.2,1.2,146.5
66,70,1,35,14.6,4.7,1.2,1.8,0,12.8,1.8,12.2,1605.3
66,71,5,20,9.3,3.5,0.3,0.4,0.2,8.9,1,8.2,975.6
66,72,2,3,1.5,0.6,0,0,0,1.5,0.2,1.3,151.1
66,73,1,4,2,0.7,0,0,0.1,2,0.2,1.8,201.4
66,74,3,25,10.1,3,0.8,0.4,0.2,9.7,1.2,8.8,1123.9
66,75,4,92,40.3,16.6,4.2,0.9,0.3,39.4,6.9,27.5,4219.1
66,76,7,121.5,49.6,11.5,3.9,2.9,2.6,46.7,8,42.3,5447
66,77,2,5,2.4,0.6,0,0.3,0.1,2.1,0.4,1.7,275.9
66,79,1,2,0.9,0.1,0,0,0,0.9,0.1,0.8,92.3
66,80,3,27,11.7,1.7,0,0,0.6,11.7,1.1,11,1246.7
66,81,3,28,10.6,1.6,1,0.6,0.5,10,0.5,10.1,1219.3
66,82,2,20,7.6,1.1,0.8,0.4,0.3,7.2,0.3,7.2,870.9
66,84,3,24.5,12.6,6.5,0.9,0.6,0.8,12,4.5,12.5,1225
66,87,3,20,6.5,1.2,1.2,0,0.5,6.5,0.5,5.9,810.5
66,88,4,53,19.9,6.4,2.4,1.7,0,18.2,1.6,15.9,2034.5
66,89,5,34,14.2,4.3,1.5,1,0.8,13.2,0.6,12,1634.8
66,90,2,10,4.3,1.3,0.4,0.3,0.3,4,0.1,3.7,506
66,91,4,40.5,16,4.3,0.7,0.5,0.7,15.5,0.8,14.3,1847.9
66,92,1,1,0.4,0.1,0,0,0,0.4,0,0.3,42.5
66,93,1,6,2.6,0.9,0.4,0,0,2.6,0.2,2.6,297.4
66,95,2,7,2.8,0.7,0.2,0,0.2,2.8,0.2,2.8,440.8
66,96,5,73,27.6,4.4,1.7,0,0.7,27.6,0.6,26.3,3205.4
66,97,4,56.5,21.3,4.8,0.8,0,0.8,21.3,0.8,19.7,2427.4
66,98,1,1,0.4,0.1,0,0,0.1,0.4,0,0.3,59.2
66,101,3,8,3,0.5,0.3,0,0.2,3,0.1,2.5,379.1
66,104,4,33,11.8,1.8,0.9,0,0,11.8,0,10.2,1433.4
66,106,2,22,8.9,1.4,0,0,0.4,8.9,1.4,8.9,1039.2
66,108,1,2,0.8,0.1,0.1,0,0,0.8,0,0.7,96.9
66,112,1,2,0.9,0.4,0,0,0,0.9,0.1,0.8,108.2
66,113,3,15,6.6,2.1,0.4,1.9,0.6,4.7,0.9,5.1,738.9
66,114,6,144.5,64.1,19.3,2.8,8.8,6.1,55.3,7.4,44.8,6377.2
66,115,4,49,21.3,4.5,0,1.2,0,20.1,1.7,19.5,2197.7
66,116,5,65,27,7.4,0.6,0.1,1.8,26.9,2.8,23.5,3000.8
66,117,5,197,80.7,24.2,5.9,5,6.4,75.7,7.9,61.8,8602.3
66,118,3,16,6.6,2.3,1.1,1.1,0.4,5.5,1.1,4.8,779
66,119,4,261,140,74.9,7.6,62.7,8.5,77.3,35.6,75.6,12435
66,120,0,487.5,267,129,11,127,30,140,48,149,25015
66,121,1,412.5,197.3,72.2,7,53.1,11.2,144.2,30.4,127.3,17685.7
66,122,2,220.5,109.5,36.2,2.4,0,4.4,109.5,12.4,100.2,10112.6
66,123,2,89,39,10.6,1.5,0,3,39,5.3,33.7,3958.4
66,124,3,33,15.5,5.5,1,0,0.4,15.5,1.9,13.6,1674.2
66,125,9,76,33.2,9.4,2.6,0,1.6,33.2,4.1,29.5,3815.9
66,126,3,5,2.1,0.6,0.1,0,0.1,2.1,0.3,2,248.7
100,0,2,6,2.4,0.9,0.4,0.5,0.2,1.9,0.9,2.1,237.2
100,1,3,9,3.9,1.1,0.3,0.2,0,3.7,0.4,3.3,478.2
100,2,3,21,8.9,2,0.6,0.4,0,8.5,0.7,8,1157.4
100,4,1,2,1,0.5,0,0.4,0,0.6,0.1,0.7,109.1
100,5,2,6,2.6,0.6,0.2,0,0,2.6,0.2,2.4,287
100,6,2,12,5.1,1.1,0.3,0,0,5.1,0.3,4.8,573.9
100,7,1,1,0.4,0.1,0,0,0,0.4,0,0.4,47.8
100,8,5,36,13.8,1.2,1.2,0,1.5,13.8,2,12.7,1492.5
100,9,3,7,2.7,0.3,0.3,0,0.2,2.7,0.7,2.4,301.9
100,10,2,9,3.4,0.4,0.4,0,0.2,3.4,1.1,3,398.7
100,11,2,5,2.3,0.7,0.2,0,0,2.3,0.3,2.1,269.8
100,12,1,1,0.5,0.3,0.1,0,0,0.5,0.1,0.5,60.4
100,13,2,6,2.6,0.7,0.2,0.2,0.1,2.4,0.2,2.2,303.8
100,14,4,55,23.6,6.7,1.3,2.8,2.1,20.8,1.2,20.7,2755.6
100,15,2,8,4,1.4,0,0.6,0.5,3.4,0.8,3.6,510.9
100,16,2,6,2.2,0.3,0.2,0.1,0.2,2.1,0.1,2.2,275.1
100,17,1,2,1,0.4,0,0.1,0.1,0.9,0.2,0.9,132.2
100,18,1,3,1.5,0.5,0.1,0.3,0.1,1.2,0.1,1,182.9
100,19,2,3,1.4,0.4,0,0.2,0.1,1.2,0.1,1,173.8
100,20,4,88,34.2,6.7,2.8,1.9,3.2,32.3,2.2,30.1,3948.7
100,21,1,5,1.7,0.4,0.2,0,0.1,1.7,0.2,1.6,225
100,26,6,57.5,19.8,3.6,2.8,0.8,1.1,19,3.1,18.1,2179.4
100,27,3,22,9.4,2.5,0.4,0.2,0.6,9.2,1,8.5,1027.4
100,28,5,62,22.9,5.5,0.9,2.1,0.9,20.8,3.7,17.6,2465.7
100,29,3,34,13,2.9,0.3,1,0.3,12,1,12,1444.7
100,31,3,10,4.2,1.1,0.2,0.3,0.1,3.9,0.8,4,540
100,32,2,6,2.2,0.5,0.2,0.2,0,2,0.3,2.1,286.4
100,33,2,3,1,0.2,0.1,0.1,0.1,0.9,0.1,0.9,129.9
100,34,4,123,42.5,6.3,5.9,5.5,1.3,37,2,36.5,5061.1
100,35,3,21,7.7,0.8,0.5,0.5,0.1,7.2,0.8,6.9,915
100,36,2,18,7.3,2.2,1,1.7,0.3,5.6,0.9,4.6,804.4
100,37,2,18,6.8,1.8,0.4,0,0,6.8,0,6.2,879.2
100,40,3,80,32.3,7.5,1.7,0,2.3,32.3,2.2,31.2,3430
100,41,2,315,120.6,26.7,11.2,13.4,6.4,107.2,9.2,101.3,12228.5
100,42,1,1150.5,559.3,240.6,22.2,338.2,70.6,221.1,67,255.3,46920.6
100,43,2,200,83,18.3,3.7,19.2,6.2,63.8,4.3,70.2,9475.8
100,44,1,13,5.6,1.8,0.6,0,0,5.6,0.6,5.3,605.6
100,47,2,4,1.6,0.2,0.2,0,0.1,1.6,0.2,1.6,158.4
100,48,3,23,9.5,3,0.7,0.9,0.2,8.6,1.9,8.2,990.8
100,49,3,29,10.8,3.4,1.2,1,0.1,9.8,0.9,9.5,1202.9
100,50,1,822,311.2,66.6,31.3,100.5,30.8,210.7,36.8,209.7,28517.5
100,51,2,507.5,176.1,42.3,32.4,100.4,18.4,75.7,55.3,82.7,14721.5
100,52,1,230.5,87.2,21.1,11.9,28.4,14,58.8,20.1,44.8,7027.7
100,53,1,2,0.7,0.1,0.1,0,0.2,0.7,0.1,0.7,81.7
100,55,2,6,2.5,0.5,0.3,0,0.3,2.5,0.4,1.9,228.6
100,56,3,291.5,112.6,26.1,11.6,58.4,13.4,54.2,8.1,82.1,9821.4
100,57,2,293.5,117,28.4,10.3,10.2,14.1,106.8,8.6,94.5,10550
100,58,1,6,2.1,0.2,0.3,0.1,0.1,2,0.1,1.9,241.4
100,59,2,54.5,27.5,13.6,1.3,16,0.3,11.5,2.3,11.3,2413.5
100,60,4,37,14.2,2.4,1.2,0,1.2,14.2,1,13.6,1901.9
100,61,3,36,15.5,4.8,1,2.3,0.1,13.2,0,13,1750.1
100,62,3,8,3.6,1.1,0.3,0.7,0,2.9,0.2,3.1,377
100,63,1,3,1.3,0.3,0,0.2,0.2,1.1,0.3,1.1,144.5
100,64,3,13,5.4,1.2,0,0.7,0.8,4.7,1.2,4.7,626
100,67,1,8,2.4,0.2,0.2,0.1,0.3,2.3,0.3,2.1,306
100,68,5,54,20.9,6.6,3,1.3,1.3,19.6,1.6,18.9,2275.2
100,69,2,37,14.7,4.3,1.2,4,1.5,10.7,2.2,10.6,1467.6
100,70,2,6,2.5,0.6,0,0,0.1,2.5,0.1,1.9,274.2
100,71,1,2,0.9,0.3,0.1,0,0.1,0.9,0.1,0.6,94.3
100,73,4,17,7,1.4,0.2,0.5,0.2,6.5,0.6,5.6,913
100,74,1,8,3.1,0.5,0.5,0,0.1,3.1,0.2,2.8,377.2
100,75,4,17,6.7,0.8,0.7,0.5,0.2,6.2,0.2,6,823
100,76,3,15,6.4,1.4,0.3,0.4,0.5,6,0.6,5.7,770.2
100,77,4,37,15.7,3.6,1,0.9,1.2,14.8,1.4,14,1891.5
100,78,1,17,6.1,0.5,0.4,1.4,0.7,4.7,0.9,3.8,732.9
100,79,5,75,27.6,3.3,1.1,4.5,3.6,23.1,3.3,16.1,3211.7
100,80,1,1,0.4,0.1,0,0,0,0.4,0,0.3,46.6
100,81,3,21,8,1.4,0.4,0.4,1,7.6,0.4,6.1,811.7
100,82,4,281,125.2,39.8,7,47,18.1,78.2,9.1,100.8,11238
100,83,3,421.5,208.6,85.4,6.3,121.7,36.8,86.9,16.7,92.6,17203.5
100,84,2,490.5,216.1,66.5,12.6,42.7,12.9,173.4,12.7,161,20129.1
100,85,2,363,136.5,18.3,11.1,0,11.8,136.5,8.2,130.6,13751.2
100,86,3,32,11.4,1.9,1.6,0.1,1,11.3,0.4,10.4,1291.5
100,87,3,15,5.1,0.3,0.9,0.4,0.3,4.7,0,4.5,773.6
100,88,2,3,1.3,0.2,0,0,0.2,1.3,0.1,1.1,207.3
100,89,3,18,7.9,1.3,0,0,1,7.9,0.7,6.5,1243.9
100,90,4,13,7.1,2.1,0,0.4,0.5,6.7,0,5.1,815.1
100,91,3,14,6.8,1.6,0,0.1,0.1,6.7,0.2,5.5,847.2
100,94,1,1,0.5,0.1,0,0,0,0.5,0,0.4,56.4
100,96,2,4,1.8,0.4,0,0,0,1.8,0.2,1.6,225.8
100,97,2,8,3.6,0.8,0.1,0,0,3.6,0.4,3.2,451.5
100,98,1,1,0.3,0.1,0,0,0,0.3,0,0.3,34.7
100,99,5,168,63.6,12.1,5.2,0.6,2.5,63,6.5,58.9,6537
100,100,1,2,0.7,0.1,0.1,0,0.1,0.7,0.1,0.7,76.9
100,101,2,10,4.5,0.6,0.1,0,0.7,4.5,0,3.9,543.2
100,103,3,7,2.6,0.3,0.2,0,0.1,2.6,0,2.3,338.3
100,104,2,5,1.9,0.2,0.2,0,0.1,1.9,0,1.7,243.3
100,105,2,4,1.2,0,0.4,0,0.2,1.2,0.2,1.2,215.4
100,106,1,3,0.9,0,0.2,0,0.1,0.9,0.2,0.8,161.6
100,107,2,9,2.7,0.2,0.7,0,0.3,2.7,0.5,2.5,484.7
100,109,3,11,5.4,1.8,0.4,0.6,0.6,4.8,1.2,3.2,726.6
100,110,2,4,2,0.6,0.2,0.2,0.2,1.8,0.4,1.2,264.2
100,111,1,1,0.4,0.1,0,0.1,0,0.3,0.1,0.3,40.1
100,114,2,8,3.1,0.6,0.4,0.6,0,2.5,0.5,2.2,337.1
100,118,2,4,1.8,0.4,0,0,0,1.8,0.4,1.4,170.6
100,120,5,152.5,62.5,14.5,1.6,0,3.1,62.5,1.6,54.2,7207.4
100,121,4,37,15.7,3.2,0.3,0,1.1,15.7,0.6,13.5,2108.1
100,123,3,84,30.9,7,3.1,0,1.3,30.9,0.9,26.4,3909.8
100,124,3,14,5.2,1.4,0.6,0.2,0.3,5,0.1,4.5,666.5
100,125,3,9,3.4,0.9,0.4,0.3,0,3.1,0,3.2,430.9
100,126,7,36,14.1,3.6,1.3,0.2,0.7,13.9,1.3,13.1,1751.6
100,127,4,52,21.2,6.4,1.6,0,0.8,21.2,1.8,19.7,2530.1
111,0,2,3,1.5,0.6,0.1,0.6,0.2,0.9,0.5,0.7,126.5
111,2,2,3.5,1.6,0.5,0.1,0,0.1,1.6,0.2,1.4,166.6
111,3,3,3,1.5,0.6,0,0,0,1.5,0.3,1.2,142.8
111,4,1,4,1.9,0.6,0.1,0.1,0.1,1.8,0.2,1.6,190.3
111,10,1,1,0.4,0.1,0,0,0,0.4,0.2,0.4,40.7
111,14,1,3,1.4,0.6,0,0,0.1,1.4,0.3,1.3,143
111,16,1,3,1.5,0.5,0,0.1,0.1,1.4,0.3,1.4,160
111,20,1,4,1.6,0.4,0.2,0,0.2,1.6,0.2,1.5,165.4
111,21,4,25,9.6,1.6,0.6,0.3,0.6,9.3,0,9.2,1265.4
111,22,4,53,23.4,8,0.8,3.4,0.8,20,2,19,2648.6
111,23,2,7,2.5,0.8,0.2,0.1,0,2.4,0.1,2.5,309.7
111,24,1,4,1.3,0.2,0.2,0,0.1,1.3,0.1,1.3,161.4
111,29,1,2,0.9,0.2,0,0.1,0,0.8,0,0.8,108.5
111,30,2,43.5,14.7,3.3,2.7,1.6,1.1,13.1,1.1,12,1612.5
111,31,4,41,16.8,5.1,1.8,2.8,1.5,14,1.5,12.7,1772.1
111,32,1,1,0.6,0.2,0,0.1,0,0.5,0,0.4,56.5
111,33,1,3,1.6,0.7,0,0.1,0,1.5,0,1.4,182.3
111,34,5,11,5.8,2.3,0,0.6,0.2,5.2,0.4,4.8,676.2
111,37,4,25,10.1,2.8,0.9,0,0,10.1,0,9.3,1006.4
111,38,2,3,1.3,0.4,0,0.1,0,1.2,0.2,1.2,140.4
111,39,2,3,1.2,0.3,0.1,0.3,0,0.9,0.1,0.9,121.5
111,40,2,15,5.7,1.5,0.4,1.2,0,4.5,0.4,4.2,607.8
111,41,5,56,20.4,4.3,1.4,3.2,0,17.2,1.4,16,2240.6
111,43,2,9,3,0.2,0.2,0,0,3,0.2,2.7,349.6
111,46,2,2,0.8,0.2,0,0,0,0.8,0,0.6,89.8
111,49,3,22,9,2.6,0.7,0,0.1,9,2.3,6,1017.8
111,50,2,3,1.2,0.3,0.1,0,0,1.2,0.3,0.8,135.2
111,52,2,8,3,0.6,0.2,0.8,0.2,2.2,0,2.6,296.2
111,54,2,839.5,390.1,164.4,37.8,296.9,50.3,93.2,114.5,144.3,30246
111,55,0,1871,1017,540,44,984,137,33,278,313,68793
111,56,1,2435,1237.9,622,72.7,1160,117.7,77.9,320.7,570.6,88614
111,57,0,3038,1692,974,95,1637,147,55,425,629,118821
111,58,0,4147.5,2348,1316,78,2306,249,42,514,1057,192406
111,59,0,4162.5,2404,1418,76,2376,245,28,691,772,188529
111,60,0,5120.5,2737,1465,137,2707,290,30,717,1078,232063
111,61,0,4582.5,2378,1264,156,2272,239,106,655,870,177894
111,62,2,1758.5,953,512,46,953,79,0,159,375,69895
111,63,2,2329.5,1250,633,56,1250,113,0,199,547,92241
111,64,1,14,6,1.7,0.4,2.6,0.9,3.4,0.9,3.9,544.5
111,65,2,725,360,160.7,21.4,272.6,26.9,87.4,64.9,175.9,27901.5
111,66,4,360.5,131.5,19.8,13.5,68.8,18.1,62.7,8.1,84.3,13264.9
111,67,4,450,182.4,54.8,15.5,122,35.2,60.4,51.2,50.8,14986
111,68,3,834,420.7,172.3,8,302.2,43.3,118.5,45.4,178.1,32654
111,69,3,274,103.2,21.8,8.1,6.8,8.8,96.4,9.5,88.8,12007.2
111,70,4,23,10,2.5,0.2,0,0,10,0.7,9.3,1394
111,71,3,21,8.6,1.7,0.4,0,0.6,8.6,0.3,8.3,1199.1
111,72,1,2,0.8,0.1,0,0,0.1,0.8,0,0.8,109.9
111,73,5,92.5,38.8,10.8,1.9,1,1.8,37.8,3,35.4,4963
111,74,6,134,48.5,6.7,5.5,0,1.5,48.5,0.1,45.9,6581.2
111,75,3,62,20.5,1.6,2.7,0,0.5,20.5,0.5,19.9,2667.1
111,76,2,252,89.8,12.5,9.2,0,7.2,89.8,3.4,85.5,9800.4
111,77,5,160.5,85.1,39.2,3,56,8,29.1,5.9,54.2,7529.1
111,78,8,145,53.2,9.1,6.9,2.3,2,50.9,0,49.6,6407.1
111,79,2,22,7.6,1.5,1.1,0.3,0,7.3,0,6.8,966.9
111,80,4,31,10.5,1.4,2.1,1.3,0.8,9.2,2.1,6.3,1287.3
111,82,4,130,44.7,4.8,5.3,0,0.8,44.7,0,42.2,5885.5
111,83,4,239.5,100.9,31.5,4.1,18,7.9,82.9,4.8,73.4,10021
111,84,8,48,20.2,6.1,1.7,2.9,1.4,17.3,1.1,15.9,2130.5
111,85,5,147,56.3,9.6,3.8,0,1.3,56.3,2.3,49.6,6466.6
111,86,5,48.5,18,2.2,1.8,0,0.6,18,0.6,15.4,2109.6
111,87,4,57,20.6,1.8,2.1,0,0.3,20.6,0.3,19.8,2337
111,88,5,98.5,34.5,2.6,3.3,0,3.3,34.5,2.6,32.3,3888
111,89,4,18,6.7,0.6,0.6,0.1,0.7,6.6,0.4,6.2,726
111,90,4,22,10.7,3.3,0,1.1,1.1,9.6,0.8,8.8,1020
111,92,1,2,0.8,0,0,0,0,0.8,0.1,0.8,114.6
111,93,1,4,1.6,0.1,0.1,0.1,0.1,1.5,0.3,1.5,229.3
111,94,3,11,4.4,0.2,0.2,0.2,0.2,4.2,0.7,4.2,630.5
111,95,4,24,10.2,2.9,0,0,1.4,10.2,0.7,8.7,1137.5
111,96,4,18,7.2,1.9,0.5,0,0.3,7.2,0.7,4.8,783.8
111,97,1,1,0.4,0.1,0,0,0,0.4,0,0.2,41.6
111,98,3,4,1.6,0.7,0.3,0.1,0.1,1.5,0,1.1,166
111,99,3,24.5,9.3,3.2,1.8,0.3,1.3,9,1.1,8.3,1047.3
111,100,7,32,11.9,3.9,2.7,0,1.8,11.9,1.8,11.9,1387.4
111,101,1,4,1.6,0.4,0,0,0,1.6,0.1,1.6,198.1
111,102,1,6,2.4,0.6,0,0,0,2.4,0.1,2.4,297.2
111,103,3,11,4.4,1.7,0.5,0,0,4.4,0.8,3.6,499.2
111,104,1,2,0.7,0.1,0.1,0,0.1,0.7,0.1,0.7,81.1
111,105,1,2,0.7,0.1,0.1,0,0.1,0.7,0.1,0.7,81.1
111,106,5,54,20.1,3.6,2.2,0,3.2,20.1,2.5,19.1,2345.1
111,108,1,2,1,0.4,0,0,0.1,1,0.1,0.9,136.4
111,109,2,3,1.5,0.6,0,0,0.1,1.5,0.1,1.3,204.6
111,110,1,2,1,0.4,0,0,0.1,1,0.1,0.9,136.4
111,111,5,65,22.5,4.9,3.3,0,1.9,22.5,0.6,22,2831.8
111,112,5,131.5,69.1,31.2,3,12,9.7,57.1,8.5,44.9,6677.7
111,113,1,3,1.2,0.1,0.1,0,0.1,1.2,0.3,1,138.8
111,114,5,13,4.8,0.3,0.3,0.4,0.6,4.4,1,3.9,578.1
111,115,4,21,6.9,0.7,0.9,1.4,0.7,5.5,0.9,5.8,873.5
111,116,5,23,8.8,1.7,0.5,0.7,1.1,8.1,0.9,7.9,1099.5
111,117,1,2,0.8,0.2,0,0,0.1,0.8,0.1,0.8,102.2
111,118,1,19,7.9,2.9,0.9,0.9,0,7,0.3,6.7,847.7
111,119,1,2,0.8,0.3,0.1,0.1,0,0.7,0,0.7,89.2
111,120,6,33,10.2,0.6,2.1,0,1.5,10.2,2.1,10.2,1397.7
111,121,1,10,3.1,0.2,0.7,0,0.4,3.1,0.7,3.1,423.6
111,122,1,1,0.4,0.1,0,0,0,0.4,0,0.3,45.7
111,123,2,7,3.3,1,0.2,0.5,0.2,2.8,0.7,2.6,425.6
111,124,6,73.5,29.6,4.7,2.4,2.2,4.9,27.4,4.9,24.7,3537.2
111,125,5,157,61.2,13.8,5.3,9.1,6.1,52.1,2.9,50.5,6800.1
111,126,3,29,11.2,2.1,1.7,0.5,0.7,10.7,1,10.1,1301
111,127,4,24,10.3,2.4,0.7,0,0.9,10.3,0.9,9.5,1141.5
115,2,1,2,1,0.4,0.1,0,0.2,1,0.4,0.9,77.7
115,4,1,3,1.2,0.5,0.2,0.1,0,1.1,0.4,0.8,112
115,6,1,6,2.7,0.8,0.1,0.1,0.1,2.6,1.1,2.3,244.1
115,10,3,12,6.7,4.2,0.4,0,0.4,6.7,2.6,4.8,649.2
115,13,1,6,3.3,1.5,0.2,0,0.2,3.3,0.6,2.5,375.1
115,14,1,1,0.5,0.3,0,0,0,0.5,0.1,0.4,62.5
115,19,1,5,2.3,0.7,0.2,0,0.2,2.3,0.3,2,218.3
115,23,1,2,0.9,0.3,0.1,0,0.1,0.9,0.1,0.8,87.3
115,24,1,5,2.2,0.6,0.1,0,0.3,2.2,0.6,1.8,253.8
115,26,1,3,1.3,0.4,0.1,0,0.2,1.3,0.4,1.1,152.3
115,28,2,13,4.8,1.4,0.7,0,0.6,4.8,0.3,4.7,832.2
115,29,2,13.5,4.8,0.6,0.7,0.5,0.5,4.3,0.2,3.9,583.5
115,30,2,21,7.2,0.7,1.1,1.5,1.1,5.7,0.3,5.9,841.1
115,33,1,5,1.9,0.6,0.4,0.1,0.1,1.8,0.5,1.5,215.9
115,34,3,9.5,3.9,1.1,0.4,0.1,0.1,3.8,0.5,3.4,485.4
115,35,2,6,2.5,0.6,0.2,0.1,0,2.4,0.3,2.3,316.4
115,36,2,4,1.6,0.5,0.1,0.2,0,1.4,0.1,1.5,214.8
115,37,3,21,8.7,2.4,0.5,0.7,0.2,8,0.5,7.2,1109.9
115,38,1,4,1.9,0.4,0,0.3,0.2,1.6,0.1,1.6,241.5
115,39,4,23.5,9.9,1.9,0.4,0.8,0.8,9.1,0.5,8.6,1240.5
115,40,3,24,8.2,1.8,1.3,0,0,8.2,0,7.2,1024.8
115,41,1,4,1.4,0.2,0.3,0,0.2,1.4,0.2,1.3,198.7
115,42,1,10,3.5,0.4,0.8,0,0.4,3.5,0.4,3.3,496.7
115,43,3,6,2.5,0.4,0,0.4,0.1,2.1,0.1,2.5,314.6
115,44,3,20,8.8,2.2,0.3,3.7,0.7,5.1,1.2,8.5,1026.3
115,50,3,42,13.5,2.3,1.5,0,0.8,13.5,0.8,13.5,1612.5
115,51,1,6,1.9,0.3,0.2,0,0.1,1.9,0.1,1.9,230.4
115,53,3,17,7.2,2.4,0.4,1.7,0.5,5.5,0.7,6.6,740.3
115,54,2,20.5,8.6,2.7,0.7,2.1,0.5,6.5,0.8,7.9,886.4
115,55,5,1220,550.1,212.6,44,508.7,58,41.4,85.5,382.5,46584.2
115,56,0,3301,1636,788,124,1553,169,83,374,791,122436
115,57,3,1233.5,498.8,185.7,68.6,445.6,81.1,53.2,200.3,49,37394.5
115,58,1,813,398.4,190.9,28.2,271.2,30.2,127.2,92,230.2,24949.9
115,59,0,1897,953,477,65,792,90,161,199,532,66061
115,60,2,1663.5,783,346.8,60,721.2,118.4,61.8,303.4,131.4,53415
115,61,4,15,6,2.2,1,3.1,0.3,2.9,1.5,4.1,544.2
115,62,4,243.5,79.6,13.9,14.4,5.8,4.3,73.8,7.8,66.7,7903
115,63,4,121,44,12.9,5.3,9.8,1.8,34.2,3.3,34.3,3838
115,64,4,175.5,68.8,15.6,4.1,17.8,6.4,51,1.2,54.3,6986.3
115,65,3,206,77.4,18.7,8.2,15.7,4,61.7,5,58.3,8076.4
115,66,3,227,102.9,26.3,5.8,4.5,14.2,98.4,2.4,94.3,9122.8
115,67,6,45,18.7,4.9,1.9,2.3,0.5,16.4,1.3,16.6,2201.4
115,68,4,55,18.8,2.4,3.4,0.3,2.4,18.5,2.2,16.3,1959.7
115,69,2,11,4.1,0.4,0.4,0.3,0.3,3.8,0.1,2.8,489.3
115,72,1,3,1,0.1,0.1,0,0,1,0.1,1,119.7
115,73,3,7,2.7,0.3,0.1,0,0.2,2.7,0.1,2.5,325
115,74,1,3,1.1,0.2,0.2,0,0.1,1.1,0.2,1.1,142.6
115,75,1,4,1.5,0.2,0.2,0,0.2,1.5,0.3,1.5,190.1
115,76,1,7,2.6,0.4,0.4,0,0.3,2.6,0.6,2.6,332.6
115,78,1,4,1.4,0.2,0.1,0,0.1,1.4,0.3,1.2,180.9
115,79,3,15,4.8,0,1.3,0,0.5,4.8,0,4,602.7
115,80,2,15,5.5,0.8,0.7,0.1,0.3,5.4,0.3,4.6,689.2
115,81,5,19,7.6,1.9,0.8,0.3,0.3,7.3,0.8,6.5,864.9
115,82,3,32,11.8,2.8,1.7,1,0.7,10.8,1.2,10.6,1343
115,83,1,2,0.8,0.1,0,0,0.1,0.8,0.1,0.7,93.3
115,84,3,23,10.4,2.9,0.2,0,0.7,10.4,1.2,10.3,1114.8
115,85,2,4,1.8,0.5,0.1,0,0.1,1.8,0.2,1.7,214.1
115,86,5,68,24.8,3.5,1.6,0.3,3.9,24.5,0.4,23.6,2629.3
115,87,6,311,126.6,35.4,11.1,16.5,15.7,110.1,11.3,87,12547
115,88,2,5.5,1.8,0.2,0.2,0,0.1,1.8,0.2,1.7,201.8
115,89,3,10,4,1.3,0.3,0.3,0,3.7,0.7,3.6,440.5
115,90,1,3,1.2,0.3,0.1,0.2,0.1,1,0.2,0.8,146.4
115,91,1,2,0.8,0.2,0.1,0.1,0.1,0.7,0.1,0.6,97.6
115,92,2,5,1.4,0.3,0.6,0,0,1.4,0.1,1.4,174.5
115,93,4,16,5.3,0.9,1.2,0.7,0.1,4.6,1.5,4.7,635.2
115,94,3,16,5.5,0.9,1,0.2,0.2,5.3,1.5,5.2,679.7
115,95,3,124,47.3,4.6,2.2,1,1.6,46.3,0.6,46.7,5715.3
115,96,1,603.5,226.9,50.1,25.2,25,16.8,201.9,20.6,186.1,23700.1
115,97,3,438.5,211.9,87.1,10.4,87,22.7,124.9,27.3,116.2,17015.1
115,98,4,192,71.9,9.8,5.1,10,4,61.9,4.8,60.3,7514.8
115,99,1,4,1.5,0.3,0.1,0,0,1.5,0.3,1.4,178.7
115,100,4,16,6.4,1.2,0.2,0,0.2,6.4,1.1,5.8,760.5
115,101,2,8,3,0.5,0.3,0,0.4,3,0.6,2.4,370.2
115,102,4,17,6.3,1.1,0.7,0,0.8,6.3,1.2,5.1,788.4
115,103,1,2,0.9,0.2,0.1,0.1,0,0.8,0,0.6,98.1
115,104,2,63.5,22.1,3.5,1.6,1.4,1.2,20.7,0.5,16.5,2324.7
115,105,1,7,3.3,1.3,0.1,0,0.3,3.3,0.4,2.7,330.8
115,106,2,7,3,0.8,0.1,0,0,3,0.3,2.6,345
115,107,2,6,2.6,1.1,0.2,0,0,2.6,0.3,2.1,283.3
115,108,3,16,5.2,0.3,0.9,0,0.3,5.2,0.2,4.9,678.6
115,109,7,60,21.5,4.1,2.5,0.2,0.4,21.3,0.4,17.5,2698
115,110,4,231.5,99.5,33.8,10.2,15.2,10.1,84.3,6,66.2,10245.4
115,111,7,83,31.2,4.8,2.3,1.2,2.3,30,3.3,26.4,3399
115,112,3,19,6.3,0.8,0.5,0,0.6,6.3,0.6,5.4,727
115,113,2,2,0.8,0.4,0,0,0.2,0.8,0,0.8,103.6
115,114,2,8,2.7,0.5,0.5,0.1,0.2,2.6,0.5,2.5,338.5
115,115,2,9,3.2,0.5,0.4,0.2,0.2,3,0.3,2.9,391.7
115,116,6,22,9.2,3.1,0.9,0.3,0.6,8.9,1,7.2,1150.9
115,117,2,4,1.8,0.8,0.2,0,0,1.8,0.2,1.4,231.4
115,118,2,4,1.4,0.2,0.4,0,0,1.4,0.2,1.2,160.2
115,119,4,8,3.1,0.8,0.4,0.1,0.1,3,0.1,2.9,386.5
115,120,6,27,10.7,2.8,1.3,0.4,0.2,10.3,0.7,10.3,1246.4
115,121,3,13.5,4.9,1.1,0.7,0.1,0.1,4.8,0.5,4.7,581.7
115,122,4,17,4.9,0.3,1.1,0,0,4.9,1.5,4.9,590.1
115,123,4,6,2.7,0.9,0,0.3,0,2.4,0.3,2.1,310.2
115,124,2,10,4.6,1.5,0.1,0.1,0.6,4.5,0.2,4.3,528.5
115,125,2,6,2.7,0.8,0.1,0,0.5,2.7,0.4,2.5,309.8
115,126,2,6,2.8,0.8,0,0,0.4,2.8,0,2.8,314.4
115,127,1,5,1.8,0.2,0.2,0.1,0.1,1.7,0.3,1.7,228.1
37,1,4,42,19.4,8.7,1.1,0.6,1.8,18.8,3.4,16.5,2211.1
37,2,3,18,8.3,3.7,0.5,0.2,0.8,8.1,1.5,7.1,947.6
37,3,1,1.5,0.7,0.3,0,0,0.1,0.7,0.1,0.6,79
37,7,1,2,0.9,0.3,0,0,0,0.9,0.2,0.9,108.8
37,8,1,11,5,2,0,0,0.3,5,0.7,3.7,586.5
37,12,1,7,2.7,0.8,0,0.4,0.2,2.3,0.4,2.1,282.1
37,18,2,10,6.1,2.8,0,0,0,6.1,1.6,5.5,730.5
37,20,1,1,0.6,0.3,0,0,0,0.6,0.2,0.6,73.1
37,26,1,17,6.4,1.8,0.7,0,0.4,6.4,2.5,6.4,810.7
37,30,1,1,0.4,0.1,0,0,0,0.4,0.1,0.4,47.7
37,32,2,3,1.8,0.8,0,0.1,0.1,1.7,0.2,1.8,226.6
37,33,1,2,1.2,0.5,0,0.1,0.1,1.1,0.1,1.2,151.1
37,34,1,12,7,3.1,0,0.4,0.4,6.6,0.8,7,906.6
37,37,1,6,2.8,0.8,0.2,0,0.2,2.8,0.5,2.5,348.9
37,43,1,1,0.5,0.2,0,0,0,0.5,0,0.4,57.3
37,44,1,1,0.5,0.2,0,0,0,0.5,0,0.4,57.3
37,45,3,6,3.1,1.2,0,0.3,0.2,2.8,0.5,2.9,340.2
37,47,1,5,1.7,0,0.1,0,0.1,1.7,0.1,1.7,194.5
37,49,1,2,0.9,0.3,0,0,0,0.9,0.1,0.8,94.9
37,50,3,7,3.2,1.1,0.1,0.1,0,3.1,0.4,2.8,332.1
37,53,3,12,7,2.7,0,0,0.4,7,1.9,6.4,684
37,54,1,6,3.5,1.4,0,0,0.2,3.5,0.9,3.2,342
37,57,4,15,9.2,6.1,0,0,0.9,9.2,2.5,8.5,758.9
37,58,1,1,0.5,0.2,0,0,0,0.5,0.1,0.5,52.5
37,59,1,10,4.8,1.7,0.2,0,0.4,4.8,1.3,4.8,525.2
37,63,1,3,1.5,0.3,0,0,0,1.5,0.1,1.4,138.8
37,66,3,8,4.3,1.9,0,0.2,0,4.1,1,4.1,393.6
37,68,3,12,6.3,2.9,0,0,0,6.3,0.3,5.3,597.1
37,72,1,8,3.3,1,0.3,0,0.3,3.3,0.3,2.6,333.6
37,73,2,5,2.1,0.6,0.2,0,0.2,2.1,0.2,1.6,208.5
37,74,5,20.5,10,3.6,0.2,0.4,1.1,9.6,1.7,8.5,901.3
37,75,1,6,3.2,1.2,0,0.1,0.4,3.1,0.7,2.8,270.9
37,77,3,11,5.9,2.2,0,0.4,0.7,5.5,1.2,5,496.6
37,78,4,10,7.4,5.1,0,0.4,0.4,7,2.3,6.1,643.6
37,80,1,2,0.9,0.2,0,0.1,0,0.8,0.1,0.7,83.8
37,81,2,5,2.2,0.5,0,0.3,0,1.9,0.2,1.8,220.5
37,82,2,14,6.3,1.4,0,0.9,0,5.4,0.5,5.4,637.7
37,84,1,3,1.5,0.4,0,0.1,0.1,1.4,0.2,1.5,139.2
37,85,2,3.5,2.2,1.1,0,0,0.1,2.2,0.6,1.8,224.4
37,88,1,2,1,0.5,0.1,0,0.2,1,0.3,0.7,90.4
37,91,3,7,3,0.9,0,0.2,0.2,2.8,0.4,2.7,290.2
37,92,2,6,2.6,0.8,0,0.2,0.2,2.4,0.3,2.3,248.7
37,93,2,12,5.7,2.3,0,0,0.3,5.7,0.9,4.8,487.2
37,94,4,14,6.8,2.5,0,0,0.4,6.8,1.1,5.5,587.2
37,95,1,6,3.3,1.4,0,0,0.4,3.3,0.8,2.1,356.7
37,96,2,8,4.5,1.9,0,0,0.5,4.5,1.1,2.7,475.5
113,4,4,122,63.4,32.1,4.2,21.3,1.5,42.1,11.5,40.1,6057.2
113,5,2,23,9.9,4.7,1.3,1.5,0.1,8.4,3,6.5,928.6
113,6,1,1,0.6,0.4,0,0.2,0,0.4,0.1,0.4,51.3
113,7,2,3,1.3,0.4,0,0,0,1.3,0.6,1.2,122.1
113,8,1,4,1.8,0.5,0.1,0.1,0.1,1.7,0.8,1.5,162.7
113,12,2,19,9.9,3.8,0.7,2.3,1.5,7.6,0,6.9,779.7
113,13,4,17,9.4,3.2,0,0.1,1.3,9.3,4.1,7.5,967.2
113,18,1,2,1,0.4,0.1,0.2,0.1,0.8,0.2,0.8,90.1
113,21,4,53,21.9,8,3.1,1.7,0.6,20.2,0.7,20.2,2688.6
113,22,2,8,3.8,1.6,0.3,0.8,0.5,3,0.8,3.2,360.3
113,23,1,1,0.5,0.2,0,0.1,0.1,0.4,0.1,0.4,45
113,24,1,11,5,2,0.3,0,0.3,5,1.3,4.7,626.3
113,25,3,17,7.8,3,0.6,0,0.6,7.8,2.1,7.2,968
113,26,1,2,1,0.3,0,0,0,1,0,0.9,122.9
113,31,1,2,1,0.2,0,0,0,1,0,0.8,117.4
113,32,1,2,1,0.2,0,0,0,1,0,0.8,117.4
113,33,1,11,4,0.7,0,0,0,4,0.3,3.3,454
113,34,1,3,1.2,0.4,0.1,0.2,0,1,0.1,1.1,162.1
113,35,2,9,3.7,1.1,0.4,0.4,0.1,3.3,0.4,3.2,482.5
113,36,2,7,2.9,0.8,0.2,0.3,0,2.6,0.3,2.6,373
113,37,3,12,5,1.6,0.5,0.8,0.2,4.2,0.5,4.3,648.5
113,40,2,36,14.9,4,1,2,1.6,12.9,0.3,12.5,1581.8
113,41,2,347.5,134.4,29.9,9.4,23.5,12.3,110.9,7.3,102.3,14919
113,42,5,117.5,50,11.2,2.9,9.7,4.5,40.3,1.5,46.7,5221.1
113,43,6,67,26.9,3.9,1.1,0.4,2.7,26.5,1.1,24.9,3547.9
113,44,1,2,0.8,0.1,0,0,0.1,0.8,0,0.7,105.9
113,47,4,26,8.6,1,2.1,1.5,0.5,7.1,0.5,6,1181.6
113,48,2,13.5,4.8,1.3,1.3,0,0,4.8,0,4.8,640.9
113,49,1,2,0.7,0.2,0.2,0,0,0.7,0,0.7,95
113,50,4,20,9,2,0.6,0.9,0.9,8.1,0.7,8.3,1035.9
113,51,5,86,33,2.3,0.4,3.7,4.6,29.3,1.3,30.5,3932.6
113,53,4,33,14.2,3.5,0.6,1.8,1.2,12.4,1.3,12.3,1351.3
113,54,2,387,186.4,69.8,6,132.6,16.4,53.8,19.9,158.7,15648.3
113,55,3,1223.5,688.4,376.8,23.2,674.8,75,13.6,121.6,381.1,47794.4
113,56,1,1455,724.4,341.9,39.3,611.9,59.2,112.5,93.7,431.5,64485.9
113,57,0,3640,2019,1090,82,1940,222,79,429,745,144662
113,58,1,1780,817.7,320.2,47.7,512.6,87.2,305.1,91.7,510.6,71098.7
113,59,1,2276,1096,503.1,88.6,937.2,130.2,158.8,259.6,480.1,82718.6
113,60,0,1783,901,453,64,879,105,22,257,316,60907
113,61,2,1568.5,698.6,320.2,71,636.3,79,62.3,280,208.6,48865.6
113,62,0,1236.5,594,281,49,439,74,155,179,235,41703
113,63,2,199.5,79.3,24.8,10.2,52.8,11.6,26.5,19.9,48,6503.9
113,64,1,254,118.9,61.9,12,90,14.3,28.9,24.4,70.1,7810.4
113,65,1,1814.5,710,240.2,109,671,74.2,39,293.8,250.2,51690.2
113,66,2,1711.5,646.2,196.8,107.4,613.8,87,32.4,275.6,107.2,48833.6
113,67,6,32.5,14.3,4.9,1.4,3.7,0.8,10.6,2.4,10.5,1657.1
113,68,2,7,2.8,0.3,0.2,0.1,0.1,2.7,0.1,2.6,411.3
113,69,4,91,32.4,2.3,4,0.9,1.5,31.5,0.6,30.2,4650
113,70,1,2,0.8,0.1,0.1,0.1,0.1,0.7,0,0.5,89.2
113,71,2,7,2.8,0.4,0.2,0.1,0.3,2.7,0.2,2.1,343.9
113,73,5,32.5,13.1,3.2,0.3,0,1.1,13.1,0.1,13,1700.7
113,74,1,9,3.1,0.5,0.7,0,0.2,3.1,0.5,2.8,387.8
113,76,2,9,4.6,2.1,0,1.7,0.3,2.9,0.3,3.2,491.8
113,77,2,16,6.2,1.6,0.9,0.8,0.3,5.4,0.8,5.1,735.7
113,78,1,4,1.5,0.1,0,0,0,1.5,0.4,1.4,172.8
113,79,3,8,3,0.2,0.1,0,0.1,3,0.8,2.7,349.7
113,80,2,23,8,0.4,0.7,0.4,0.7,7.6,0,6.5,1046.1
113,81,6,81.5,29.7,5.9,3.3,0.5,4.7,29.2,2.2,26.7,3305.3
113,82,2,14,6.2,1.9,0.2,0.2,0.4,6,0.6,5,651.8
113,83,3,14,5.3,0.6,0.4,0.1,0.6,5.2,0.3,5.1,647.5
113,84,3,116.5,42.3,6.1,4.1,0.2,5.4,42.1,3.1,37.8,4594
113,85,4,71,23.7,2.7,1.1,0,0.5,23.7,0.3,23,2840.3
113,87,1,73,23,2.3,2.1,0,2.2,23,1.3,23,2752.8
113,88,5,28.5,13.1,4,0.1,0.7,2,12.4,2.1,11.7,1364.3
113,89,1,1,0.5,0.2,0,0,0.1,0.5,0.1,0.4,49.2
113,92,3,22,8.5,1.3,0.7,0,1.3,8.5,0.7,8.2,932.8
113,93,4,29,11.5,2.3,1.2,0,0.9,11.5,2.6,10.5,1322.2
113,94,2,13.5,6.5,1.6,0.1,0,0.8,6.5,1.2,5.8,664
113,95,4,42,18.4,4.2,1,0.5,0.5,17.9,1.4,15,1923.9
113,96,2,455,228.2,91.2,11.1,91,16.4,137.2,30.7,124.8,19911.7
113,97,4,122,38.8,2.5,5.4,1,2.5,37.8,0.6,34.9,4539.4
113,98,3,60,21.9,3.6,1.6,2.1,0.6,19.8,1,20.4,2588.3
113,99,4,122,45.7,8.1,4.8,6.4,4,39.3,1.8,41.3,4890.4
113,100,1,8,2.7,0.4,0.3,0,0.1,2.7,0.1,2.3,285.8
113,101,2,5,1.8,0.4,0.2,0,0.2,1.8,0.2,1.5,215.5
113,102,2,3,1.2,0.3,0.1,0,0.3,1.2,0.3,0.9,144
113,103,3,12,5.1,1.3,0.5,0.2,0,4.9,0.3,3.9,637.1
113,104,3,9,3.7,1,0.4,0.1,0,3.6,0.3,3,483.9
113,105,4,12,4.9,1.8,0.5,0,0,4.9,0.6,4.1,549.6
113,106,1,1,0.4,0.2,0,0,0,0.4,0.1,0.4,47.2
113,107,4,11,4.7,2,0.4,0,0,4.7,0.7,4,519.3
113,108,2,6,2.2,0.4,0.4,0,0.2,2.2,0.2,1.8,256
113,109,1,10,3.5,0.6,0.7,0,0.2,3.5,0.2,3,426.7
113,110,2,8,3,0.4,0.5,0.1,0.2,2.9,0.2,2.6,328.4
113,111,4,19,6.5,1.1,0.8,0,0.5,6.5,0.5,5.5,812.6
113,112,3,12,3.6,0.5,0.3,0,0.3,3.6,0,2.6,440.6
113,113,4,10,4.3,1.2,0.2,0,0.2,4.3,0.6,3.3,504.1
113,114,2,6,2.4,0.2,0,0,0.4,2.4,0.4,2.2,296.4
113,115,3,7,2.8,0.3,0,0,0.4,2.8,0.4,2.5,345.8
113,116,3,13,5.3,1.1,0.1,0.4,0.1,4.9,0.3,5.2,676.5
113,117,2,5,2.1,0.5,0,0.1,0,2,0.1,2.1,269.4
113,118,1,9,3,0.7,0.8,0,0.2,3,0.3,2.8,360.5
113,119,4,20.5,7.1,1.5,1.7,0.1,0.3,7,0.9,6.7,842.5
113,120,3,6,3,0.6,0,0.6,0.6,2.4,0.6,2.4,354.6
113,121,4,147.5,68.9,31,5.3,18.6,8.1,50.3,10.6,46.3,7149.9
113,122,5,241.5,106,39.2,8.9,10,16.6,96,17.3,65.9,10531.5
113,123,2,6,2.3,0.6,0.1,0,0.1,2.3,0.2,2.2,281.6
113,124,2,5,2.2,0.5,0,0,0.1,2.2,0.4,2.2,277.4
113,125,5,15,6,1.1,0.2,0,0.6,6,0.2,5.5,695.9
113,126,5,12,5.4,1.5,0.2,0,0.2,5.4,0.5,5,644.8
113,127,9,41.5,19.1,5.7,1.2,0,1.9,19.1,3.5,18,2318
101,0,1,1,0.4,0.1,0.1,0.1,0,0.3,0.1,0.4,39.5
101,1,1,2,0.9,0.1,0.1,0.1,0,0.8,0,0.9,123.7
101,2,3,12,5.3,0.5,0.5,0.5,0,4.8,0,5.3,742.1
101,3,2,8,3.3,1.5,0.3,0,0,3.3,0.7,2.4,369.2
101,4,3,16,8.2,3.8,0,2.8,0,5.4,0.8,5.3,864.8
101,5,1,4,2.1,1,0,0.8,0,1.3,0.2,1.3,218.3
101,6,1,6,2.5,0.5,0.1,0,0,2.5,0.1,2.4,286.9
101,7,2,6,2.6,0.6,0.2,0,0,2.6,0.2,2.4,287
101,8,1,4,1.5,0.1,0.1,0,0.2,1.5,0.1,1.4,160.8
101,9,1,8,3.1,0.2,0.2,0,0.4,3.1,0.2,2.9,321.6
101,10,1,6,2.3,0.3,0.3,0,0.1,2.3,0.7,2,265.9
101,11,1,2,0.9,0.3,0.1,0,0,0.9,0.1,0.8,107.9
101,12,1,2,0.9,0.3,0.1,0,0,0.9,0.1,0.8,107.9
101,13,3,15,6.8,2,0.5,0,0,6.8,1,6.3,809.5
101,14,1,5,2.3,0.6,0.2,0,0,2.3,0.3,2.1,269.8
101,15,2,5,2.5,0.9,0,0.3,0.3,2.2,0.5,2.3,330.5
101,16,6,35,12.7,1.4,1.3,0.3,1,12.4,0.4,12.6,1560.2
101,17,2,10,3.4,0.3,0.4,0,0.3,3.4,0,3.4,418
101,18,3,6,3,0.9,0,0.6,0.3,2.4,0.3,1.8,366
101,19,4,17,8.2,2.6,0.4,1.3,0.6,6.9,0.6,5.9,990.9
101,20,3,64,27.8,7.7,2.2,12.2,1.2,15.6,8.2,15.6,2847
101,21,2,13,4.5,1,0.6,0,0.2,4.5,0.6,4,585
101,22,1,7,2.4,0.5,0.3,0,0.1,2.4,0.3,2.2,315
101,23,3,11,3.7,0.9,0.4,0,0.1,3.7,0.4,3.4,495
101,24,1,2,0.7,0.2,0.1,0,0,0.7,0.1,0.6,90
101,25,1,2,0.6,0.1,0.1,0,0,0.6,0.1,0.5,63.5
101,27,4,17,6.8,1.7,0.3,0,0.3,6.8,0.8,6.5,769
101,28,3,73.5,28.8,6.3,1.1,5.4,2.1,23.4,3.4,24.4,3014.4
101,29,3,37,14.1,3.3,0.4,1.1,0.4,13,1.1,13.2,1572.1
101,30,2,2,1,0.4,0,0,0,1,0.4,1,135.4
101,31,3,11,4.9,1.8,0.5,0.1,0.3,4.8,1.4,4.8,678.4
101,32,4,41,12.5,2.7,2.7,1.4,0,11.1,2.2,11.1,1875.5
101,33,1,9,2.7,0.6,0.6,0.3,0,2.4,0.5,2.4,411.7
101,35,3,14,5.8,1.8,0.9,1.6,0.3,4.2,0.9,3.2,609
101,37,4,28,10.6,2.8,0.6,0,0,10.6,0,9.5,1367.5
101,39,2,7,2.3,0.2,0.5,0,0.2,2.3,0.1,2.2,356.9
101,40,3,78,25,2.5,3.6,0,1.2,25,0.8,23.2,3333.6
101,41,4,203,65.7,4.6,9.5,0.3,3.2,65.4,0.9,63.7,8107.4
101,42,4,186,83.2,22.3,4.3,33.3,10.3,49.9,7,54.2,7552
101,43,2,14,6,1.8,0.6,0,0,6,0.6,5.6,652.1
101,44,5,25.5,10.2,1.9,0.9,0,1,10.2,0.9,9.9,1065.4
101,46,4,201,75.8,9.3,3.4,1,7,74.8,3.4,74.8,7903.4
101,48,1,5,2.1,0.9,0,0.3,0,1.8,0.7,1.6,200.2
101,49,2,9,3.9,1.6,0,0.6,0,3.3,1.3,2.9,360.3
101,50,3,34,12.9,2.9,0.5,1,1.4,11.9,1.4,11.9,1419.9
101,51,6,138,43,5.6,8.5,6.8,6.2,36.2,9.8,38.3,4562.6
101,52,3,607.5,263.2,99.8,25.5,194.5,40.2,68.7,62.8,106.7,21683.7
101,53,5,41,14.8,2.7,1.8,0,4.4,14.8,1.8,14,1674.9
101,54,1,4,1.4,0.3,0.2,0,0.4,1.4,0.2,1.4,163.4
101,55,2,5,2,0.4,0.2,0,0.3,2,0.3,1.6,190.5
101,56,1,208.5,81.4,23.1,9,30,10.1,51.4,8.1,65.3,7351.1
101,57,2,990.5,428.8,145.3,27.3,222.3,59.2,206.5,107.1,213.8,35440.2
101,58,1,678,272.6,48.4,15.4,20.4,16.2,252.2,7.4,250,26668.3
101,59,1,457.5,174.4,33.6,9.6,24.6,16.8,149.8,8.6,159,16879.7
101,60,2,178.5,66.4,7.2,3.6,2,6.6,64.4,0.6,61,7323.9
101,61,3,11,4.7,1.1,0.4,0.7,0.1,4,0.4,4.3,519
101,62,2,13,5.8,1.6,0.6,1,0,4.8,0.6,5.2,584
101,63,2,8,3.4,0.8,0,0.4,0.4,3,0.8,3,385.2
101,64,2,7,2.9,0.6,0,0.3,0.5,2.6,0.6,2.6,337.1
101,67,5,35,10.6,0.6,0.6,0.6,1.4,10,1.4,9.3,1338.6
101,68,8,35,16.5,5.9,0,2,2.2,14.5,1,13.3,1815.4
101,69,3,11.5,5.2,1.8,0,0.5,0.6,4.7,0.3,4.3,584.1
101,70,4,42.5,17.7,4.2,0,0,0.9,17.7,0.9,13.5,1942.3
101,71,2,12,5.3,1.6,0.5,0.2,0.5,5.1,0.7,3.7,566.1
101,72,1,1,0.4,0.1,0,0,0,0.4,0.1,0.3,47.2
101,73,4,192.5,80.2,13.5,4,2.1,3,78.1,0.4,75.7,9432.6
101,74,4,194.5,68.2,7.5,4.7,1.6,3.2,66.6,1.7,66.1,9159
101,75,1,18,6.9,1.1,1.1,0,0.3,6.9,0.6,6.4,848.8
101,81,5,69.5,28.1,7.3,2.3,2.8,2.8,25.3,2.8,22,2713
101,82,2,23,9.3,2.5,0.7,0.9,0.9,8.4,0.9,7.3,897.9
101,83,6,224,85.6,16.8,8.2,3.1,5.2,82.5,2.4,77.8,8251.9
101,84,2,657,362.9,186,9.1,212.4,34.4,150.5,51.2,189.4,26656.7
101,85,0,778.5,330,74,14,44,35,286,10,278,32964
101,86,2,86,35.7,7.9,1,1.1,1.5,34.6,0.2,34.1,3768
101,87,5,22,7.5,0.4,1.3,0.7,0.4,6.8,0,6.6,1134.5
101,88,5,18,7.8,1.3,0,0,1,7.8,0.6,6.6,1243.9
101,89,1,2,0.9,0.1,0,0,0.1,0.9,0.1,0.7,138.2
101,90,6,19,10.7,3.2,0,0.7,0.6,10,0,7.5,1181.2
101,91,2,10,4.4,0.9,0,0,0,4.4,0.3,4,596
101,92,2,7,3.1,0.7,0,0,0,3.1,0.2,2.8,417.2
101,93,2,5,2.2,0.5,0,0,0,2.2,0.1,2,298
101,95,1,2,0.9,0.2,0,0,0,0.9,0.1,0.8,112.9
101,96,3,6,2.8,0.6,0.1,0,0,2.8,0.2,2.4,338.6
101,98,1,9,3,0.6,0.4,0.1,0.3,2.9,0.3,2.4,312.1
101,99,6,122,43,6.9,5.3,0.5,2.5,42.5,2.5,36.2,4647.5
101,100,1,3,1,0.1,0.2,0,0.1,1,0.1,1,115.3
101,101,4,13,5.4,0.9,0.4,0,0.3,5.4,0,4.6,678
101,102,2,3.5,1.6,0.2,0,0,0,1.6,0,1.2,186.6
101,103,5,18,5.4,0.4,0.9,0.4,0.4,5,0,5.4,750.6
101,104,2,22,6.9,0.5,1,0.5,0.5,6.4,0,6.9,917.7
101,105,2,7,2.1,0.1,0.5,0,0.2,2.1,0.4,1.9,377
101,106,2,7,2.1,0.1,0.6,0,0.3,2.1,0.4,2,377
101,109,1,3,1.5,0.5,0.1,0.2,0.2,1.3,0.3,0.9,198.2
101,110,3,13,6.3,2.3,0.3,0.8,0.8,5.5,1.5,3.7,858.8
101,112,1,4,1.5,0.3,0.1,0.3,0,1.2,0.3,1,160.5
101,115,2,5,2,0.5,0.4,0,0.1,2,0.2,1.9,240.9
101,116,1,12,4.8,1.2,0.9,0,0.2,4.8,0.5,4.4,578.1
101,117,1,2,0.8,0.2,0.2,0,0,0.8,0.1,0.7,96.3
101,118,4,19,8.1,1.9,0,0,0.4,8.1,1.9,6.8,810.6
101,119,6,27,11.4,2.5,0.1,0,0.5,11.4,2,9.7,1272.5
101,120,5,148.5,72.5,30.8,1,17,3,55.5,3,49.6,8329.1
101,121,3,65,24.9,2.5,1.5,0,0.7,24.9,1.6,23.4,3463.6
101,122,3,8,3.5,0.8,0,0,0.3,3.5,0.2,3.2,474.9
101,123,2,4,1.7,0.4,0,0,0.1,1.7,0.1,1.6,237.5
101,124,1,7.5,3.2,0.6,0,0,0.3,3.2,0.2,2.9,445.2
101,125,3,17,6.6,1.6,0.8,0.8,0,5.8,0,5.8,829.6
101,126,6,129,47.8,10.9,6.2,0.6,2.1,47.2,0.6,40.9,5544.1
101,127,3,340.5,149.8,46.4,8,17,14.4,132.8,19,125.8,14995.9
103,1,5,57,24.8,9.2,2.6,2,0,22.8,1,20,2557.9
103,2,3,17,7.1,1.7,0.3,0,0,7.1,0,6,751.2
103,3,1,2,0.9,0.2,0,0.2,0.1,0.7,0.1,0.9,122.3
103,7,1,10,4.4,2,0,0.8,0.4,3.6,0.8,3.6,503.2
103,8,3,15,6.6,1.7,0.6,0.5,0.3,6.1,1.2,5.1,658.5
103,9,2,5,2.4,0.6,0.2,0,0,2.4,0.4,2,244.2
103,10,1,2,1,0.2,0.1,0,0,1,0.2,0.8,97.7
103,11,4,7,3.7,1.3,0.1,0,0.1,3.7,0.5,3.3,393.8
103,12,2,11,6.3,3.4,0,0,0.3,6.3,0.3,6.1,727.8
103,14,1,1,0.4,0.1,0.1,0.1,0.1,0.3,0.1,0.3,40.9
103,15,1,1,0.4,0.1,0.1,0,0,0.4,0,0.4,42
103,16,4,23,9,2.1,1.2,0,0.2,9,0.5,8.3,969.7
103,17,3,22,8.4,1.8,1.1,0.9,1.4,7.5,1,7.3,908.2
103,18,3,284,138.7,53.6,6.8,66.9,12.4,71.8,20.1,78.2,12533.5
103,19,4,247.5,118.5,47.3,3.9,40.4,8.3,78.1,17.4,83.3,11091
103,20,1,36,20.4,9.1,0.1,11,0.1,9.4,1,12.4,2064.8
103,21,2,16,6.1,1.3,1,0.3,0.8,5.8,0.1,5.5,701.3
103,22,3,20,6.4,0.8,1.6,0.8,0.4,5.6,0,6,696.6
103,23,3,12,4.9,1.9,1,0.3,0.1,4.6,1.1,4.5,478.9
103,24,2,28,9.2,0.7,0.7,1.1,1.1,8.1,0.7,8.1,1145.5
103,25,1,3,1,0.1,0.1,0.1,0.1,0.9,0.1,0.9,122.7
103,27,1,5,1.7,0.1,0.1,0.2,0.2,1.5,0.1,1.4,204.6
103,28,3,23,7.7,1.5,1,0.8,0.3,6.9,0.3,6.6,872.4
103,29,3,59.5,23.3,6,2.1,4.9,0.4,18.4,1.4,17,2502.1
103,30,5,39,15.9,5,1.6,1,1.1,14.9,1.6,13.7,1830.3
103,31,4,15,5.7,1.4,0.5,0.3,0.3,5.4,0.5,5.2,679.9
103,32,3,15.5,5.8,1.2,0.5,0.5,0.3,5.3,0.6,5.3,700.9
103,34,4,12,5,1.3,0.2,0.1,0.1,4.9,0.6,4.7,602.7
103,35,2,27,13.1,4.9,0,0,0,13.1,0.9,12.3,1674.9
103,39,1,40,13,1.5,1.1,0.1,2.1,12.9,1.2,11.8,1530.8
103,40,1,1,0.5,0.2,0,0,0,0.5,0.1,0.4,50.4
103,41,2,18,6.2,0.9,0.5,0.1,0.5,6.1,0.6,5.6,681.6
103,42,2,24,9.2,0.6,0.5,0.1,0.8,9.1,0.9,9.1,1030.7
103,43,2,36,11.4,1.6,2.2,0,0,11.4,0,10.2,1425.9
103,46,1,3,1.2,0.3,0.1,0,0.1,1.2,0.1,1.1,129.4
103,47,2,6,2.5,0.6,0.1,0,0.3,2.5,0.2,2.3,260.6
103,48,1,1,0.5,0.2,0,0,0,0.5,0.1,0.5,69.6
103,50,3,16,6.7,2.4,0.8,1.2,0.2,5.5,0.7,4.9,634.9
103,51,3,271.5,101.9,18.2,9.1,14.4,8.3,87.5,12.4,87.3,9559.6
103,52,1,1226,525.5,194.5,55.1,380,57.4,145.5,134.8,203.1,42431.3
103,53,2,1108.5,586.8,300.4,25.2,577.3,71,9.5,152.2,105.7,39893
103,54,1,2.5,0.9,0.2,0,0,0,0.9,0.1,0.9,104.7
103,55,2,34,12,2.4,0,0,0,12,0.8,12,1424
103,56,3,23,8.5,2.4,0.9,0.9,0.4,7.6,1.8,7.6,1025.1
103,58,3,11,3.5,0.2,0.2,0,0,3.5,0.2,3.5,377.7
103,59,2,1097.5,577,273.2,20.6,434.5,54.4,142.5,54.7,300.8,46387.9
103,60,4,446.5,207.8,73.8,14.3,84.1,24.6,123.7,19.9,138.8,17754.1
103,61,6,59,25.3,6.3,2.3,7.6,4,17.7,2.1,19.7,2786.3
103,62,2,15.5,5.8,0.8,0.8,1.2,0.9,4.6,0.5,4.2,634.2
103,63,3,90,36.2,3.7,1.6,0.6,1,35.6,0.5,34.1,4483.9
103,64,2,369,135.1,31.2,14.5,34.5,7.5,100.6,6.4,100.3,14465.7
103,65,4,177.5,83,33.2,3,42.5,5.5,40.5,3.5,57.1,8264.9
103,66,4,23,9.6,3.2,0.6,1.7,0.2,7.9,0.8,8.2,1153.7
103,67,1,3,1.2,0.5,0.1,0.3,0,0.9,0.1,1.1,141.8
103,68,1,5,1.9,0.4,0.2,0.3,0.2,1.6,0,1.2,212.4
103,69,4,16,6,0.9,0.4,0.9,0.4,5.1,0.1,4.5,687.1
103,70,4,136.5,62.8,25.3,2.3,28.2,5.3,34.6,5.1,40.7,6062.3
103,71,2,441,202.3,77.1,10.4,142.8,25.2,59.5,21.6,75.4,15789.3
103,72,0,763,387,170,13,244,29,143,29,192,34165
103,73,4,301,116.6,26.9,9.7,18.5,10,98.1,2,93.7,14354.7
103,74,5,71.5,26.3,5.2,2,0.8,1.5,25.5,1.4,24.7,3777
103,75,2,6,2.1,0.3,0.2,0,0.1,2.1,0,1.8,297.5
103,77,3,33,11.8,1.3,0.9,0,0.4,11.8,0,10.1,1636.1
103,78,4,68,22.8,2.5,1.9,0.5,1.9,22.3,0.8,20,3177.6
103,83,6,37,13.2,2.6,1.8,0,0.4,13.2,0.4,12.3,1619
103,85,2,17,6.1,1.1,0.3,0,0,6.1,0.3,5.4,667
103,86,4,40,16.4,1.2,0.7,0.9,1.3,15.5,1.7,14.5,1864.1
103,87,1,352.5,171,62.2,4,51,10,120,7.2,115.9,16098.9
103,88,3,262.5,131.9,50.7,3.7,44.4,8.2,87.5,5.2,93,13214.9
103,89,1,605.5,241,57.7,18.9,53.4,33.2,187.6,18.2,149.9,26859.2
103,90,2,227.5,93.2,18.6,4.9,1.8,6.2,91.4,1.4,86.4,12049.3
103,91,1,277.5,103,16.1,7.1,0,4,103,2.2,100.8,14007.6
103,92,3,33.5,12.7,2.6,1.1,1.1,0.2,11.6,0.7,11.1,1635.3
103,93,1,5,1.7,0.1,0.1,0,0,1.7,0.3,1.3,202.7
103,94,3,10,3.4,0.3,0.3,0,0,3.4,0.6,2.7,405.3
103,95,1,1,0.4,0.1,0,0.1,0,0.3,0,0.3,42.4
103,96,3,7,2.7,0.4,0.1,0.1,0,2.6,0.1,2.4,299.2
103,97,4,75,27.2,2.8,1.9,0,0.4,27.2,0.9,25.8,3085.8
103,98,3,146,51.7,6.1,4,1,4.5,50.7,3.5,45.6,5993.3
103,99,6,47,18,3.8,2.3,0.5,0.7,17.5,2,14.9,2068.8
103,100,5,42,16.1,2.5,1.5,0.3,0.8,15.8,0.8,13,1851.7
103,101,1,2,0.9,0.3,0.1,0,0,0.9,0,0.7,109
103,102,2,8,3.6,1.4,0.2,0,0.2,3.6,0.1,2.8,441.2
103,103,4,12,5.3,1.9,0.3,0,0,5.3,0,4.3,645.7
103,104,3,118.5,56.1,24.6,1.8,18.1,9.8,38,6.3,26.6,4974.6
103,105,2,41,14.8,2.7,1,0,2.2,14.8,0,14.3,1544
103,106,3,17,8.2,2,0.2,0.1,0,8.1,0.1,6.9,1561.9
103,107,3,9,4,1,0.4,0.4,0,3.6,0.1,3.2,571.2
103,108,4,24,10.4,3.8,0.9,0,0.3,10.4,1.1,9.8,1184.7
103,109,8,32,13.1,3.4,1,0.4,0.7,12.7,1.4,11.6,1508.4
103,110,6,61,22.6,3.5,1.7,2.6,2,20,3.3,17.9,2430.4
103,111,1,2,0.8,0.2,0.1,0,0,0.8,0.3,0.8,123.6
103,113,1,4,1.6,0.5,0.2,0,0.1,1.6,0.6,1.6,247.1
103,114,1,2,0.8,0.2,0.1,0,0,0.8,0.3,0.8,123.6
103,115,2,2,1,0.4,0,0,0,1,0,0.8,112.8
103,116,1,2,0.8,0.1,0,0,0.1,0.8,0,0.7,99.8
103,117,4,14,5.7,0.9,0.3,0.1,0.5,5.6,0.3,5.2,723.6
103,118,2,5,1.9,0.5,0.2,0,0.1,1.9,0.3,1.7,240.7
103,119,2,6,2.4,0.8,0.2,0,0.2,2.4,0.2,2.4,333.6
103,120,4,35,14.9,5.1,0.6,0,1.2,14.9,0.6,14.9,2040.4
103,121,2,4,1.8,0.5,0.1,0.1,0.2,1.7,0.1,1.6,230.4
103,122,2,6,2.6,0.6,0.2,0.2,0.4,2.4,0.4,2.2,341.4
103,123,4,16,7.2,1.1,0.5,0.5,1.7,6.7,1.5,6.2,821.8
103,124,2,3,1.4,0.2,0.1,0.2,0.3,1.2,0.3,1.2,148.5
103,125,3,14,5.3,1.3,0.4,0.1,0.3,5.2,0.4,4.9,675.3
103,126,1,2,0.8,0.2,0.1,0,0.1,0.8,0.1,0.7,94.6
103,127,3,11.5,4.8,1.5,0.4,0,0,4.8,0.5,4.2,511.6
104,3,1,4,1.8,0.3,0,0.3,0.2,1.5,0.2,1.8,244.6
104,6,1,4,1.8,0.8,0,0.3,0.2,1.5,0.3,1.4,201.3
104,7,2,2,0.8,0.4,0,0.2,0,0.6,0.2,0.8,100.6
104,16,1,4,1.5,0.3,0.2,0.2,0.3,1.3,0.2,1.3,163.8
104,17,1,2,0.8,0.2,0.1,0.1,0.2,0.7,0.1,0.7,81.9
104,18,3,28,12.4,2.8,0.3,0.8,0.3,11.6,0.6,12.1,1456
104,19,6,37,16.4,3.7,0.3,1.2,0.3,15.2,0.6,16.1,1924
104,22,1,6,1.9,0.2,0.5,0.2,0.1,1.7,0,1.8,209
104,23,3,7,3.2,1.6,0.6,0.3,0,2.9,0.8,2.9,310.7
104,24,4,23,9,2.9,1.2,0.9,0.5,8.1,1.6,8.1,979.1
104,25,1,2,0.7,0.1,0.1,0.1,0.1,0.6,0.1,0.6,81.8
104,29,1,1,0.4,0.1,0,0,0,0.4,0,0.4,46.9
104,31,1,1,0.5,0.2,0,0.1,0,0.4,0.1,0.4,55.2
104,32,4,28,13.2,4.7,0,1.1,0.5,12.1,2.2,11.5,1545.4
104,33,2,26.5,8.6,0.8,1.2,0,0.8,8.6,1.2,8.2,965.4
104,34,2,33,10.8,1,1.5,0,1,10.8,1.5,10.2,1202.2
104,35,3,12,7.6,4.4,0,3.7,0,3.9,0,7,1093.2
104,36,4,15,7.6,3.4,0,2.1,0.2,5.5,0.9,6.5,1021.7
104,37,6,87,39,13.7,2,4,1.8,35,3,33,4375.2
104,38,4,34,17,7.1,0.7,0.7,1.9,16.3,0,15.1,1908.5
104,39,1,9,2.9,0.2,0.2,0,0.2,2.9,0.2,2.7,326.7
104,42,4,31.5,11.9,0.7,0.7,0,1.2,11.9,1.2,11.9,1372.7
104,43,1,6,1.9,0.3,0.4,0,0,1.9,0,1.7,237.7
104,44,1,10.5,3.3,0.5,0.6,0,0,3.3,0,3,415.9
104,45,2,14,5.8,0.7,0,0,0.7,5.8,0,5.1,648.7
104,46,3,14,6.1,1.6,0.2,0,0.5,6.1,0.5,5.6,615.8
104,49,4,9,4.2,1.7,0.2,0.5,0.1,3.7,0.6,3.3,471.6
104,50,3,8,3.5,1.4,0.3,0.8,0,2.7,0.3,2.1,309.1
104,51,4,277.5,120.5,31.3,8.6,0.1,6.6,120.4,4,117.7,12061.5
104,52,4,266,101.2,19.3,14.2,6,6,95.2,8,77.1,9974.6
104,53,3,179,73.4,16.6,5.6,25.2,7,48.2,10.2,56.4,6720
104,54,3,19,5.5,0.9,1.3,0.1,0,5.4,1,5.5,819.7
104,55,2,11,3.1,0.6,0.9,0,0,3.1,0.6,3.1,482
104,56,2,40,11.1,0.8,3,3.7,0.8,7.4,1.5,9.6,1446.7
104,57,1,2,0.6,0,0.1,0.2,0,0.4,0.1,0.5,72.3
104,58,1,7,3,0.6,0.1,0.5,0.2,2.5,0.1,2.6,343.5
104,59,3,589.5,296.2,130.5,10.4,195.1,36.3,101.1,38.4,163.6,23755
104,60,4,258.5,108.3,35.8,11.3,71,10.8,37.3,23.7,27.9,9152.1
104,61,1,749,394.4,177.4,10,346.8,59.4,47.6,42.6,138.9,31379.4
104,62,3,831.5,442.1,218.4,18.1,339.9,42.4,102.2,64.7,180.3,34530.8
104,63,1,504,208.7,53.3,15.7,48.7,4.7,160,5.5,182.3,23043.5
104,64,3,366.5,145.8,26.3,6.6,6.6,13.6,139.2,7.2,136,18609.2
104,65,3,9,3.8,0.9,0,0.2,0,3.6,0,3.6,532.1
104,66,3,13,5.4,1.9,0.4,1,0,4.4,0.4,4.9,661.9
104,67,3,12,4.9,1.9,0.5,1.1,0,3.8,0.5,4.4,567.3
104,68,1,3,1.1,0.3,0.1,0.1,0.1,1,0,0.7,127.4
104,69,2,78,34.1,11.7,1.7,17,4.7,17.1,1,16.4,3266.1
104,70,4,78,28.2,3.6,3.5,0,1.5,28.2,0,27.7,3528.7
104,71,6,70,25.6,2.8,1.5,0,0.8,25.6,0.5,24.9,3631.4
104,72,7,222.5,99.6,34.5,6.2,40,4.4,59.6,8.1,84.5,9786.4
104,73,4,99,37.6,5.3,1.6,0.9,1.4,36.7,0.6,32.4,5186.3
104,74,3,50,18.6,3.5,1.7,0.9,2.6,17.7,0.7,17.2,2962.1
104,77,1,55,21,6,1.6,0,0.3,21,0,18.7,2733.4
104,78,4,128,47.5,9.1,4.7,1.5,2.7,46,1.7,42.2,5982.5
104,79,7,191,65.7,8.3,7.5,0.9,3.1,64.8,2.5,57.6,8757.2
104,80,7,101.5,38.5,6.5,5,0,0.4,38.5,0.4,35,5293.1
104,81,6,92,33.7,4.8,3.5,0,3.1,33.7,1.2,30.4,4915.5
104,82,4,121,40.6,3.1,4.9,0,3.6,40.6,2.4,38.5,5790.7
104,83,3,19,6.5,1.1,1.1,0,0,6.5,0,5.8,861.3
104,84,5,25,9.5,1.7,0.7,0.6,0.6,8.9,0,8.5,1265.4
104,85,3,223,80.2,10.5,5,0.9,3,79.3,3,73.8,9806.3
104,86,1,499.5,204.4,45.1,12,29,12.1,175.4,12,170.4,21460.4
104,87,4,192.5,73.8,10,6.9,5.4,4.5,68.4,2.2,62.2,8471.8
104,88,2,945.5,505.7,253.6,15.3,311,69.7,194.7,59,218.7,41166.4
104,89,3,580.5,302.1,142.1,11.8,186.2,33.2,115.9,23.4,145.3,25924.4
104,90,0,525.5,209,32,10,22,17,187,8,180,26606
104,91,4,217,82.9,11.3,6.4,1.7,4.4,81.2,1.5,73.3,10299.3
104,92,6,65,25.6,6.2,2.2,2.7,0.6,22.9,0.6,23,3356.1
104,94,1,4,1.4,0.2,0,0.1,0.1,1.3,0.1,1.2,169.8
104,96,3,17,6.1,1,0,0.5,0.5,5.6,0.5,5.1,721.6
104,97,1,3,1.1,0.2,0,0.1,0.1,1,0.1,0.9,127.3
104,98,1,2,0.9,0.2,0,0,0,0.9,0,0.7,115.2
104,99,1,6,2.7,0.5,0.1,0,0.1,2.7,0.1,2.2,345.6
104,100,1,6,2.7,0.5,0.1,0,0.1,2.7,0.1,2.2,345.6
104,101,2,4,1.8,0.6,0.2,0,0,1.8,0,1.4,218
104,102,1,1,0.4,0.2,0,0,0,0.4,0,0.4,54.5
104,103,2,5,2.2,0.9,0.1,0,0,2.2,0,1.8,272.5
104,104,1,4,2,0.5,0,0,0,2,0,1.7,402.5
104,105,1,4,2,0.5,0,0,0,2,0,1.7,402.5
104,106,5,26,11.3,2.9,0.9,0.9,0,10.4,0.6,9.4,1650.2
104,107,5,10,4.3,1.1,0.4,0.3,0,4,0.1,3.6,634.7
104,108,6,20,8,1.1,0.1,0,0.4,8,0.4,6.9,1017.3
104,109,5,89.5,32.7,5.2,3,1,1.6,31.7,2.8,24.3,3861.5
104,110,4,271.5,89.6,10.2,14.8,3.4,5.3,86.2,4.7,81,10344.9
104,111,3,10,3.9,0.9,0.4,0.2,0.3,3.7,1.1,3.6,529.6
104,112,3,15,6,1.8,0.6,0,0.3,6,2.2,5.8,926.7
104,113,1,2,0.8,0.2,0.1,0,0,0.8,0.3,0.8,123.6
104,114,4,14,6.1,1.7,0.4,0,0,6.1,0.7,6.1,825.7
104,115,1,2,0.9,0.3,0.1,0,0,0.9,0.1,0.9,116.4
104,116,2,10,4.5,1.4,0.3,0,0,4.5,0.3,4.5,582.1
104,118,7,14,7,2.9,0.4,0,0,7,1,5.6,1013.6
104,119,2,4,2,0.8,0.2,0,0,2,0.2,1.6,289.6
104,120,2,14,4.8,1.2,0.8,0,0.4,4.8,0.8,4.4,589.2
104,121,1,1,0.4,0.1,0,0,0.1,0.4,0.1,0.4,56.9
104,123,2,5,2.2,0.5,0.2,0.2,0.3,2,0.3,1.8,284.5
104,124,4,24.5,9.3,1.7,1,0.2,0.3,9.1,0.9,8.5,1297
104,125,4,29,10.4,1.7,1.4,0,0,10.4,0.8,10.1,1497.9
104,126,2,295,135,47.1,7.1,14,14.8,121,22.1,107,13724.2
104,127,2,12,4.3,0.6,0.6,0,0.8,4.3,0.6,4.3,537.7
36,0,1,3,1.4,0.6,0,0,0.1,1.4,0.1,1.2,156.2
36,1,1,3,1.4,0.6,0.1,0,0.1,1.4,0.3,1.2,157.9
36,3,1,2,0.7,0.2,0.1,0.1,0,0.6,0.1,0.4,72.4
36,4,2,17,8.1,2.4,0,2,1,6.1,1,6.1,847.6
36,9,4,30,13.6,5.4,0,0,0.7,13.6,1.8,10.1,1599.5
36,10,4,37.5,17.1,6.8,0,0,1,17.1,2.2,12.6,1999.4
36,12,1,15,5.8,1.7,0,0.8,0.4,5,0.8,4.6,604.6
36,13,1,7,2.7,0.8,0,0.4,0.2,2.3,0.4,2.1,282.1
36,18,1,2,1.2,0.6,0,0,0,1.2,0.3,1.1,146.1
36,19,1,5,3.1,1.4,0,0,0,3.1,0.8,2.8,365.3
36,23,2,5,2.4,1,0.1,0,0,2.4,1,1.9,275.5
36,30,2,13,4.9,1.3,0.5,0,0.3,4.9,1.9,4.9,619.9
36,32,1,1,0.6,0.3,0,0,0,0.6,0.1,0.6,75.5
36,33,4,93.5,52.9,27.7,2.4,7.6,4,45.3,15,37.8,5210.2
36,34,6,38.5,17,4.3,0.8,1.4,1.9,15.6,2.3,14.1,1905.8
36,37,1,5,2.4,0.7,0.1,0,0.1,2.4,0.4,2.1,290.8
36,38,1,7,3.4,1.4,0.3,0,0.2,3.4,0.2,3.2,341.8
36,44,1,5,1.7,0,0.1,0,0.1,1.7,0.1,1.7,194.5
36,45,1,2,0.7,0,0.1,0,0.1,0.7,0.1,0.7,77.8
36,46,1,5,1.7,0,0.1,0,0.1,1.7,0.1,1.7,194.5
36,47,1,2,0.7,0,0.1,0,0.1,0.7,0.1,0.7,77.8
36,48,2,3,1.4,0.5,0,0,0,1.4,0.2,1.2,142.3
36,49,3,18,8.3,2.8,0.4,0.4,0,7.9,1.2,7.1,853.8
36,50,1,1,0.5,0.2,0,0,0,0.5,0.1,0.4,47.4
36,51,1,2,1.1,0.4,0,0,0.1,1.1,0.4,1,108.2
36,63,2,9,4.6,0.9,0,0,0,4.6,0.4,4.2,416.5
36,64,2,7,3.7,1.4,0,0.1,0,3.6,0.7,3.5,338.7
36,69,1,11,5.8,2.8,0,0,0,5.8,0.3,4.9,547.2
36,70,1,7,3.7,1.8,0,0,0,3.7,0.2,3.1,348.2
36,71,3,31,15,7.9,2.1,0,1,15,2.1,12.9,1341.9
36,73,6,26,10.8,3.3,1.1,0,1.1,10.8,1.1,8.4,1084.2
36,74,1,3,1.6,0.6,0,0.1,0.2,1.5,0.3,1.4,135.4
36,77,2,9,4.8,1.8,0,0.2,0.6,4.6,1,4.2,406.3
36,80,3,21,9.1,2.5,0.4,0.4,0.4,8.7,1.3,7,879.9
36,81,1,3,1.5,0.4,0,0.1,0.1,1.4,0.2,1.5,139.2
36,82,3,12,6,1.7,0,0.4,0.4,5.6,0.8,6,556.7
36,83,2,28,14.1,7.2,0.1,2.6,0.7,11.5,0.7,9.3,1327.4
36,84,4,17,8.7,3.5,0.2,1,1.4,7.7,2.2,6.9,840.4
36,85,4,19,9.8,4.1,0,0,0.8,9.8,3,8.7,990.2
36,87,3,12,7.4,4,0,0,0.5,7.4,1.9,6.2,769.6
36,90,3,9,4.5,2.2,0.4,0,0.8,4.5,1.4,3.1,406.8
36,91,1,4,1.7,0.5,0,0.1,0.1,1.6,0.2,1.5,165.8
36,94,6,27,10.8,3.1,0.6,0.9,0.5,9.9,1.8,9.2,1117.1
36,95,5,18,6.7,2,0.7,0.9,0.2,5.8,1.4,5.4,743.4
36,96,2,7,2.8,0.9,0.3,0.3,0.2,2.5,0.6,2.1,307.2
36,123,4,7,4.2,2.1,0,0,0.4,4.2,1.1,3.8,408.1
38,0,1,2,0.8,0.1,0.1,0,0.1,0.8,0,0.8,89.9
38,1,1,2,0.7,0.2,0.1,0,0,0.7,0,0.7,97
38,6,2,37,16,5.1,0,0,0.4,16,4.2,14.9,1922.4
38,8,1,2,1,0.3,0,0,0.2,1,0.1,0.8,123.7
38,9,3,29,14,4.8,0,0,2.2,14,0.8,10.9,1777
38,29,1,2,0.8,0.2,0.1,0,0,0.8,0.3,0.8,95.4
38,33,2,4,2.3,1.1,0,0.1,0.1,2.2,0.3,2.3,302.1
38,34,3,5,2.8,1.6,0.1,0,0.1,2.8,0.3,2.4,312.9
38,38,1,6,2.1,0.3,0.2,0,0,2.1,0,1.8,266.8
38,43,2,9,4.4,1.9,0.3,0,0,4.4,0.8,4.4,511.1
38,44,3,68,38.7,15.5,0.1,5.2,3.2,33.5,3.4,32.5,4128.4
38,45,5,128.5,62.8,19.1,1.4,2.4,3.7,60.4,6.7,57.9,7220.5
38,46,4,83,40.2,12.9,0.6,2.8,3.7,37.4,4.8,35.2,4536.6
38,47,1,2,0.7,0,0.1,0,0.1,0.7,0.1,0.7,77.8
38,49,2,12,5.6,2,0.2,0.2,0,5.4,0.8,4.8,580.7
38,50,2,4,1.9,0.7,0.1,0.1,0,1.8,0.3,1.6,189.7
38,51,1,4,2.3,0.9,0,0,0.2,2.3,0.6,2.2,228
38,57,1,4,2.5,1.6,0,0,0.2,2.5,0.6,2.3,202.4
38,59,2,5,2.4,0.9,0.1,0,0.2,2.4,0.6,2.4,262.6
38,60,1,1,0.5,0.2,0,0,0,0.5,0.1,0.5,52.5
38,62,1,3,1.4,0.5,0.1,0,0.1,1.4,0.4,1.4,157.6
38,66,1,1,0.5,0.2,0,0,0,0.5,0.1,0.5,49.2
38,68,1,1,0.5,0.2,0,0,0,0.5,0.1,0.5,49.2
38,70,2,4,2.1,1,0,0,0,2.1,0.1,1.7,199
38,71,2,9,4.8,1.8,0,0,0,4.8,0.4,4.6,501.5
38,72,1,4,2.1,0.8,0,0,0,2.1,0.2,2.1,229.7
38,73,1,10,6.8,4.2,0,0,0.3,6.8,1.4,5.6,577.5
38,74,2,19.5,13.2,8.3,0,0,0.6,13.2,2.8,10.9,1126
38,77,2,3,1.6,0.6,0,0.1,0.2,1.5,0.3,1.4,135.4
38,78,6,62,33.8,15.9,0.3,0.7,3,33.1,8.3,27.6,3403.7
38,80,1,1,0.4,0.1,0,0,0,0.4,0.1,0.3,41.9
38,81,1,1,0.4,0.1,0,0,0,0.4,0,0.4,45.6
38,82,2,11,4.9,1.1,0,0.8,0,4.1,0.3,4.2,501.1
38,83,1,1,0.5,0.1,0,0,0,0.5,0.1,0.5,46.4
38,84,1,5,2.5,0.7,0,0.2,0.2,2.3,0.4,2.5,232
38,86,1,4,2.5,1.3,0,0,0.1,2.5,0.7,2.1,256.5
38,91,3,13,6.1,2.6,0.3,0.2,0.8,5.9,1.5,4.6,565.2
38,92,3,7,4,2,0,0.1,0.2,3.9,0.9,3,354.5
38,93,1,1,0.5,0.2,0,0,0,0.5,0.1,0.4,40.6
38,94,4,19,11,5.8,0,0,0.6,11,2.7,8.4,927.6
38,95,2,11,6.1,2.6,0,0,0.8,6.1,1.5,3.7,653.9
38,96,1,2,1.1,0.5,0,0,0.1,1.1,0.3,0.7,118.9
38,119,1,1,0.6,0.3,0,0,0.1,0.6,0.2,0.5,58.3
38,127,1,2,1.4,0.9,0,0.1,0,1.3,0.3,1.3,139.6
106,0,1,1,0.6,0.3,0,0,0.1,0.6,0.2,0.5,56.5
106,1,2,12,7.3,3.2,0,0,0.7,7.3,2.2,6.2,678.2
106,2,2,5,2.5,0.7,0,0,0.2,2.5,0.2,2,293.4
106,3,3,7,3,1.3,0.4,0.2,0,2.8,0.4,2.7,350.9
106,4,2,18,7.8,3.2,1,0.5,0,7.3,1,7,902.3
106,5,1,1,0.4,0.2,0,0,0,0.4,0,0.4,47.1
106,7,2,5,2.2,0.7,0.2,0.2,0.1,2,0.2,2,235.5
106,9,2,2,0.8,0.4,0,0,0,0.8,0.2,0.6,90
106,14,1,2,1.2,0.6,0,0,0.1,1.2,0.1,1.1,132.3
106,17,2,3,1.8,0.9,0,0.6,0.3,1.2,0.2,1.2,166.8
106,18,3,11,4.5,1.4,0.4,0,0,4.5,0.3,4.1,487
106,19,1,3,1.2,0.4,0.1,0,0,1.2,0.1,1.1,132.8
106,20,2,4,1.6,0.4,0.2,0,0,1.6,0,1.4,177
106,21,1,2,0.8,0.2,0.1,0,0,0.8,0,0.8,105.7
106,25,2,9,3.4,0.7,0.5,0.1,0.1,3.3,0.1,3.3,487
106,26,1,2,0.8,0.1,0.1,0.1,0,0.7,0,0.7,108.2
106,28,1,1,0.5,0.2,0,0,0,0.5,0.1,0.4,55.8
106,29,1,1,0.5,0.2,0,0,0,0.5,0.1,0.4,55.8
106,30,1,1,0.5,0.2,0,0,0,0.5,0.1,0.4,55.8
106,32,1,4,1.4,0.4,0.1,0,0,1.4,0,1.4,198.9
106,33,1,6,2.1,0.5,0.2,0,0,2.1,0,2.1,298.4
106,34,4,11,4.8,1.5,0.2,0.6,0.4,4.2,0.6,3.6,587.1
106,35,2,4,2,0.6,0,0.4,0.2,1.6,0.4,1.2,225.6
106,36,4,162.5,76.6,21.4,1,0.5,2.3,76.1,2.5,63.5,7838.4
106,37,1,513.5,222.2,82.2,15,81,24,141.2,19,149.8,23103.8
106,38,4,22,8.8,1.5,0,0.5,0.5,8.3,0.5,8.3,1000.5
106,39,4,16,6.3,1.3,0.3,0.4,0.2,5.9,0.4,5.8,699.6
106,40,3,8,3.2,0.8,0.4,0.4,0.1,2.8,0.4,2.7,335.6
106,41,3,21,8,1.9,1.1,0.9,0.4,7.1,0.8,6.8,851.7
106,42,2,6,2,0.4,0.6,0.3,0.1,1.7,0.1,1.8,216.6
106,43,3,13,4.4,0.8,1.2,0.6,0.2,3.8,0.2,4,469.2
106,44,1,5,1.7,0.3,0.4,0.2,0.1,1.5,0.1,1.6,180.4
106,45,2,5.5,2.1,0.4,0,0,0.1,2.1,0.3,1.8,233.6
106,46,2,3,1.1,0.2,0,0,0,1.1,0.1,1,127.4
106,47,1,5,1.9,0.4,0,0,0.1,1.9,0.2,1.6,212.4
106,49,1,3,1.3,0.2,0,0.3,0.2,1,0.2,1.3,154.4
106,51,4,28,11.2,2.8,1.3,4.1,1.5,7.1,1.5,8.8,1108.2
106,52,1,582.5,253.2,97.3,24.6,149.9,27.7,103.3,60.7,126,19258.8
106,53,0,805,308,94,43,202,39,106,96,150,25248
106,54,2,92,39.6,9.5,1.2,0.7,2.6,38.9,4.5,35.2,3696.6
106,55,2,3,1.2,0.2,0,0,0.1,1.2,0.2,1.1,130.1
106,56,3,8.5,3.5,0.4,0,0.3,0.5,3.2,0.6,2.9,385.3
106,57,3,20,8.6,0.8,0,1.5,2.8,7.1,2.8,6.4,1034.2
106,58,4,7,3.1,1,0,0.7,0.3,2.4,0,2.5,331.8
106,59,3,87.5,38,9.8,1.4,13.9,5.8,24.1,3.7,30,4039
106,60,1,228,75.7,6.4,6.4,2.2,3.5,73.5,2.5,71,8099.5
106,61,4,327,132.7,36.5,10,89.5,23.6,43.2,19.5,55.2,11233.6
106,62,2,12,5.1,1.1,0.3,1.3,0.8,3.8,0.5,4.7,540.4
106,63,1,3,1.1,0.2,0.2,0,0,1.1,0,1,140.6
106,64,4,234.5,100.6,25.2,5.2,49.3,6,51.3,1.1,71.5,10925.3
106,65,2,419.5,165.7,27.5,10.5,7.7,9,158,3.5,152,17644
106,66,1,5,2,0.1,0.1,0.2,0,1.8,0.1,1.7,241.8
106,67,2,48,21.7,7.3,0.3,7.5,0,14.2,0,14.6,2235.2
106,69,6,44,16.5,2.5,0.8,5.3,3,11.2,1.2,14.3,2842.7
106,70,2,23,7.2,1.1,1.6,0.5,0,6.7,0.3,6.9,1055.3
106,71,4,78,29.9,4.7,2.3,0.7,4.6,29.2,1.9,27.4,4487
106,75,2,9,2.9,0.2,0.2,0.3,0.3,2.6,0,2.9,375.9
106,76,8,98,35.1,5.2,4.2,1.7,2.5,33.4,1.9,33.6,5209.5
106,77,7,73,27.1,4.9,3.8,0.7,1.3,26.4,2,25.7,4165.4
106,78,5,31.5,12.1,1.5,0.2,0,0.4,12.1,0.4,11.5,1620.2
106,79,5,48.5,19.2,2.9,0.5,0.3,0.9,18.9,0.8,18.2,2564.5
106,80,2,5,2.2,0.5,0.2,0.2,0.2,2,0.2,2,290.5
106,81,3,15,5.3,0.5,0.4,0.1,0.8,5.2,0.4,4.7,711.1
106,82,3,17,5.7,0.3,0.3,0,0.9,5.7,0.3,5.1,778
106,83,1,2,0.8,0.2,0.1,0,0,0.8,0.1,0.6,108.4
106,84,2,7,2.8,0.7,0.5,0,0,2.8,0.5,2.2,379.5
106,85,1,77,25.3,0,1.4,0,7,25.3,1,15.5,2762.6
106,86,1,4,1.5,0.1,0.1,0,0.1,1.5,0.1,1.3,192.6
106,87,4,21,7.8,0.6,0.4,0,0.6,7.8,0.4,6.8,1011
106,88,4,142,54.8,12,5.7,0,8.7,54.8,2,38,5363.9
106,90,5,8,3.7,1.3,0.3,0,0,3.7,0.3,3.2,399.2
106,91,6,31,11.5,1.8,1.4,0,0.3,11.5,0.3,9.3,1274.8
106,93,5,35,11.9,1.4,2.1,0,0.7,11.9,1.4,9.8,1539.3
106,94,3,30,11.4,2.4,0.6,1.3,1.5,10.1,1.1,8.1,1317.1
106,98,1,3,1.1,0.1,0.1,0,0,1.1,0.1,0.9,129.2
106,99,1,3,1.1,0.1,0.1,0,0,1.1,0.1,0.9,129.2
106,102,1,4,1.7,0.4,0,0,0,1.7,0.2,1.5,208.4
106,106,2,4,1.8,0.6,0,0,0,1.8,0.2,1.8,194.4
106,107,3,10,4.7,1.6,0.2,0,0.2,4.7,0.7,4.4,486
106,108,1,2,0.8,0.1,0,0,0,0.8,0,0.7,95.5
106,110,1,5,1.9,0.3,0.1,0.2,0.1,1.7,0.1,1.8,294.7
106,111,3,21,8.6,1.5,0.6,0,0.4,8.6,0.4,7.9,1162.2
106,112,2,9,3.7,0.6,0.3,0,0.1,3.7,0.1,3.4,498.1
106,113,4,17,6.5,1.1,0.8,0,0.6,6.5,0.8,6.5,795.5
106,114,3,7,2.6,0.5,0.2,0,0.2,2.6,0.2,2.6,327.6
106,115,1,4,1.7,0.2,0.1,0.1,0.2,1.6,0.1,1.5,201.8
106,116,3,10.5,3.9,0.6,0.1,0,0.4,3.9,0.1,3.2,501
106,117,4,18,6.7,1.1,0.2,0,0.7,6.7,0.2,5.5,858.8
106,118,2,5,2.3,0.4,0,0,0.4,2.3,0,2.3,307.3
106,119,5,11,5.1,1,0,0,0.9,5.1,0,5.1,666.6
106,120,2,6,2.7,0.6,0,0,0.2,2.7,0,2.7,312
106,121,7,54.5,24.8,5.6,0.7,1.2,3,23.6,2,23.5,2641.9
106,122,1,6,2.8,0.6,0.1,0.2,0.4,2.6,0.3,2.6,285.5
106,123,6,24,9.9,3.3,1,0,0,9.9,1,9.3,1279.2
106,124,3,10,4,1.4,0.4,0,0,4,0.4,3.9,533
106,125,1,6,1.8,0.2,0.2,0,0,1.8,0,1.8,237.1
106,126,1,4,1.5,0.4,0.1,0,0.1,1.5,0.1,1.4,152.1
106,127,2,12.5,4.9,1.3,0.5,0,0.5,4.9,0.5,4.4,475.5
105,2,1,2,1,0.3,0,0,0.1,1,0.1,0.8,117.4
105,3,2,4,1.7,0.4,0.1,0.2,0.1,1.5,0.2,1.7,233.6
105,4,3,13,5.6,2.3,0.7,0.3,0,5.3,0.7,5,651.7
105,6,1,2,0.9,0.3,0.1,0.1,0,0.8,0.1,0.8,94.2
105,7,4,23,9.8,3.7,0.8,0.8,0.6,9,1.2,9,1099.4
105,9,1,1,0.5,0.1,0,0,0,0.5,0.1,0.4,48.8
105,10,2,9,4,2,0,0,0,4,0.7,3,405
105,14,1,8,4.6,2.5,0,0,0.2,4.6,0.2,4.4,529.3
105,17,7,48.5,25,11.2,0.8,6.2,3.9,18.8,2.7,18.8,2476.4
105,18,5,24,10.1,2.7,0.8,0.2,0.1,9.9,0.5,9.3,1124.2
105,19,2,7,3.1,0.7,0,0.2,0,2.9,0.2,3,364
105,20,1,1,0.4,0.1,0,0,0,0.4,0,0.4,52
105,21,4,19,7.6,2.3,1.2,0,0.3,7.6,0.4,7.5,978.2
105,22,2,5,1.6,0.2,0.4,0.2,0.1,1.4,0,1.5,174.2
105,23,1,1,0.5,0.2,0.1,0.1,0,0.4,0.1,0.4,44.4
105,24,4,40,14.8,2.9,2.1,0.8,1.1,14,0.9,14,2031.5
105,25,5,13.5,4.8,0.6,0.6,0.5,0.4,4.3,0.3,4.4,644.6
105,26,1,4,1.5,0.3,0.2,0.1,0.1,1.4,0.1,1.4,216.4
105,27,3,10,3.8,0.6,0.5,0.3,0.1,3.5,0.1,3.5,541
105,29,2,4,1.8,0.8,0,0,0,1.8,0.2,1.6,223.4
105,30,1,3,1.4,0.7,0.1,0,0,1.4,0.2,1.2,167.5
105,32,3,14,6.2,2.1,0.1,0.4,0.2,5.8,0.8,5.7,750.8
105,33,1,3,1,0.1,0.1,0,0.1,1,0.1,0.9,109.3
105,35,5,28.5,14.3,5.3,0,3.4,1.7,10.9,2.5,9.7,1711.2
105,37,4,11,4.5,0.5,0,0.1,0,4.4,0.2,4,497.3
105,38,2,23,11,4.2,0.3,0.4,1.1,10.6,0.1,9.9,1237.8
105,39,2,13,5.1,1.1,0.2,0.4,0.3,4.7,0.4,4.7,570.1
105,40,2,24,8.4,1.3,0.8,0.4,0.6,8,0.8,7.4,922.1
105,41,1,2,0.8,0.2,0.1,0.1,0,0.7,0.1,0.7,83.9
105,44,1,1,0.4,0.1,0,0,0.1,0.4,0,0.4,46.3
105,45,2,21,8.7,1.2,0,0,1.2,8.7,0,7.6,973
105,46,1,5,2.2,0.6,0.1,0,0.2,2.2,0.2,2,219.9
105,48,2,7,3.6,1.2,0,0.2,0.3,3.4,0.5,3.6,450.9
105,49,1,2,1.1,0.4,0,0,0.1,1.1,0.2,1.1,139.2
105,50,2,6,2.6,0.8,0.1,0.6,0.1,2,0.2,1.9,257.5
105,51,3,211,74.8,12.6,11.6,18,8.8,56.8,9.9,58.6,7596.9
105,52,1,866.5,362.6,114.6,35.7,163.4,42.9,199.2,56.9,221.1,30518.8
105,53,2,278,98.8,23.8,20.4,32.7,10.1,66.1,32.9,52.3,8615.6
105,54,3,36,12.8,4,1.6,1.6,0.8,11.2,3.2,9.6,1090.4
105,55,1,2,0.8,0.1,0,0,0.1,0.8,0.1,0.7,86.7
105,56,4,13,4.5,0.6,0.5,0.5,0.2,4,0.8,4,559.9
105,57,2,15,4.9,0.4,0.7,1.2,0.9,3.7,1.1,4,620.3
105,58,4,44,18.9,4.9,0.6,3.7,1.5,15.2,0.6,15.9,2113.6
105,59,3,251,103.4,21.7,5.6,36.6,6.5,66.8,4.7,79.3,9889.3
105,60,1,269,116,29.3,5.3,25.6,3.7,90.4,5.4,94.5,10325.5
105,61,2,918.5,435.8,168.6,23.8,319.4,60.8,116.4,65.6,207.3,36488.9
105,62,4,147.5,56.7,15.3,6.8,24.8,3.7,31.9,5.6,49.3,5754.1
105,63,4,130.5,49.1,8.2,6.2,0.4,2.4,48.7,0.3,47.4,5267.3
105,64,3,47.5,17.8,2.8,2.1,0.2,2.1,17.6,2.1,17.6,2212.1
105,65,2,19,7.7,0.3,0.3,0.8,0,6.9,0.3,6.3,918.9
105,66,3,29,9.9,1.3,0.9,4.7,0,5.2,0.2,7.9,1159
105,69,1,2,0.8,0.2,0.1,0.1,0.1,0.7,0,0.5,85
105,70,4,107,39.4,4.7,5.7,1.1,2.3,38.3,1.1,37,5176.8
105,71,4,112.5,41.6,7.3,3.7,0.2,0.7,41.4,2.5,37.9,5470.2
105,72,4,23,8.3,1.4,0.3,0,1.2,8.3,0.6,7.6,1197.7
105,73,1,3,1.1,0.2,0.1,0.2,0.1,0.9,0.1,0.9,147.9
105,74,3,8,3,0.5,0.3,0.3,0.2,2.7,0.3,2.5,400
105,75,1,4,1.3,0.1,0.1,0.2,0.2,1.1,0,1.3,167
105,76,3,37,13.6,2.4,1.8,0.4,0.8,13.2,0.9,12.9,2065.4
105,77,4,20,7.4,1.3,1,0.1,0.3,7.3,0.4,6.9,1118.7
105,78,2,9,3.4,0.4,0.1,0,0.2,3.4,0.1,3.2,453.5
105,79,6,159.5,68.2,14.8,1.3,6.6,7.8,61.6,3.5,61.1,8255.3
105,80,4,182.5,75,19.1,5,10,4.6,65,3,57.6,8179.6
105,81,4,164.5,58.6,7.5,6.5,0,2.3,58.6,1.5,54.7,7330
105,82,2,75,27.9,3.1,2.8,3,1.6,24.9,0.6,22.8,3552.2
105,83,1,3,1.2,0.3,0.2,0,0,1.2,0.2,1,162.6
105,84,1,2,0.7,0.1,0.1,0,0,0.7,0,0.6,90.7
105,85,1,184,63.5,4.5,5,0.3,2.3,63.2,2,58.3,8107.1
105,86,5,142,50.2,1.1,5.6,1.4,6.5,48.8,0.4,47.1,6391.7
105,87,5,100,35.5,3.2,3.9,0.4,1.6,35.1,0.7,33.2,4295.2
105,88,3,579.5,232.9,56.6,17.6,46.3,32.1,186.6,18.2,144,21050.3
105,89,5,33,12.1,2.7,1.7,0.3,0.6,11.8,1,10,1288.5
105,90,6,70,30.6,10.2,2.3,1.8,3.2,28.8,1.9,25,3331.6
105,91,4,214.5,86.7,18.5,3.9,0.7,2.9,86,0.6,79.5,9202.8
105,92,1,2,0.8,0.2,0.1,0.1,0,0.7,0,0.7,103.3
105,93,1,5,1.7,0.2,0.3,0,0.1,1.7,0.2,1.4,219.9
105,96,1,3,1.2,0.3,0,0.2,0.2,1,0.1,0.8,131.6
105,97,2,5.5,2,0.3,0,0.2,0.2,1.8,0.2,1.6,233.5
105,101,3,11,4.7,1.5,0.1,0,0,4.7,0.2,4,587.5
105,102,2,5,2.1,0.6,0,0,0,2.1,0.2,1.9,262.9
105,103,1,3,1.2,0.3,0,0,0,1.2,0.1,1.1,156.3
105,105,4,13,6.1,2,0.3,0,0.3,6.1,0.8,5.7,683.8
105,106,4,11,5.1,1.6,0.3,0.1,0.2,5,0.6,4.7,564.3
105,107,4,12,5.6,1.8,0.3,0.1,0.2,5.5,0.7,5.1,612.9
105,108,6,31.5,12.6,2,0,0,0.1,12.6,0.1,10.6,1521.7
105,109,1,2,0.8,0.1,0,0,0,0.8,0,0.7,95.5
105,110,1,1,0.4,0.1,0,0,0,0.4,0,0.4,58.9
105,111,5,32,13,2.4,1.1,0,0.5,13,1,12.2,1796.8
105,112,1,3,1.2,0.2,0.1,0,0,1.2,0,1.1,166
105,114,4,13,5.4,1.2,0.4,0.1,0.4,5.3,0.8,5.2,716.6
105,115,2,6,2.6,0.6,0.1,0,0.1,2.6,0.1,2.6,333.7
105,116,4,17,6.8,1.2,0.4,0.1,0.6,6.7,0.4,6.1,864.1
105,117,3,100.5,42.1,13.1,4.6,4,3.4,38.1,2.6,33.2,4785
105,118,2,9,4.5,1.9,0.3,0,0,4.5,0.6,3.6,651.6
105,119,1,3,1.4,0.2,0,0,0.2,1.4,0,1.4,184.4
105,120,3,11.5,5.1,1.2,0,0,0.4,5.1,0,5.1,598
105,121,3,19,8.7,2,0.2,0.6,1.2,8.1,0.9,8.1,913.5
105,122,1,6.5,2.8,0.7,0.2,0.2,0.4,2.6,0.5,2.3,369.8
105,123,3,10,4.2,1.1,0.3,0.3,0.4,3.9,0.6,3.6,561.8
105,124,2,15,5.4,1.3,0.6,0,0,5.4,0.4,5.2,703
105,125,3,35,11.4,1.5,1.3,0,0,11.4,0.5,11.2,1565
105,126,4,69,27.3,6.9,1.5,0,4.6,27.3,2.4,18.1,2854
105,127,2,7,2.7,0.7,0.3,0,0.3,2.7,0.3,2.5,266.3
39,2,1,47,17,4.2,2,0,0,17,0,13.6,1853.2
39,3,1,4,1.8,0.6,0,0.1,0.1,1.7,0.4,1.8,223.4
39,8,2,6,2.9,1,0,0,0.5,2.9,0.1,2.3,371.2
39,9,2,2,1,0.4,0,0,0.2,1,0,0.8,123.8
39,16,2,6,2.4,0.6,0,0.3,0.2,2.1,0.3,1.8,241.8
39,23,2,5,2.4,1,0.1,0,0,2.4,1,1.9,275.5
39,34,2,11,5.5,3,0.4,0,0.4,5.5,0.4,4.6,611.8
39,37,1,3,2.2,1.5,0,0,0,2.2,0.4,1.6,211.8
39,38,2,30,13.8,2.3,0.2,0,1,13.8,2,12.5,1697.3
39,40,1,1,0.6,0.3,0,0,0.2,0.6,0.2,0.4,73.1
39,41,3,30,17.1,8.3,1.3,0,4.8,17.1,4.6,12.5,1995.9
39,43,3,6,3,1.2,0.2,0,0,3,0.5,3,340.8
39,44,8,53,26.6,11.7,1.3,0.6,1.2,26,2.3,25.1,3189.3
39,45,1,550,320.1,176.3,7.1,149.1,31.2,171,72.1,159.8,29434.4
39,46,3,186,124.3,80.6,0.3,62,12.5,62.3,33.8,56.5,10889.5
39,47,4,22,11.3,5.1,0.3,0,0.4,11.3,1.6,10.6,1327.8
39,49,1,1,0.6,0.3,0,0,0,0.6,0.1,0.5,58.9
39,50,2,6,3.3,1.5,0.1,0,0.1,3.3,0.4,2.9,353.7
39,51,1,1,0.6,0.3,0,0,0,0.6,0.1,0.5,58.9
39,53,2,5,3.1,2,0,0,0.3,3.1,0.8,2.9,253
39,56,2,20,9.5,3.3,0,0,0.5,9.5,1.6,7.7,1183.3
39,57,1,6,2.8,1,0,0,0.2,2.8,0.5,2.3,355
39,58,3,6,2.9,1,0.1,0,0.2,2.9,0.8,2.9,315.1
39,61,1,3,1.4,0.5,0.1,0,0.1,1.4,0.4,1.4,157.6
39,62,2,3,1.5,0.5,0,0,0.1,1.5,0.4,1.5,157.5
39,68,1,2,1.1,0.5,0,0.1,0,1,0.2,1,98.4
39,69,1,2,1.1,0.5,0,0.1,0,1,0.2,1,98.4
39,70,2,6,3.3,1.5,0,0.2,0,3.1,0.7,3.1,295.2
39,71,3,7,3.6,1.4,0,0,0,3.6,0.3,3.6,402
39,72,2,3,1.5,0.6,0,0,0,1.5,0.1,1.5,172.3
39,73,1,1,0.7,0.4,0,0,0,0.7,0.1,0.6,57.7
39,74,1,5,3.4,2.1,0,0,0.1,3.4,0.7,2.8,288.7
39,80,3,13,5.2,1.6,0.3,0.2,0.5,5,0.8,4.2,497.6
39,90,1,1,0.5,0.2,0,0,0.1,0.5,0.2,0.3,45.2
39,91,2,3,2.3,1.5,0,0,0.1,2.3,0.7,1.5,188.7
39,92,3,8,6.1,4.2,0,0,0.3,6.1,1.9,4.2,503.4
39,93,1,4,3,2.1,0,0,0.2,3,1,2.1,251.7
39,94,1,1,0.7,0.4,0,0,0,0.7,0.4,0.4,64
39,95,5,18,11.7,6.3,0,0,0.8,11.7,8,8,1151.1
39,125,1,2,1.4,0.9,0,0.1,0,1.3,0.3,1.3,139.6
39,126,2,5,3.5,2.2,0,0.2,0,3.3,0.8,3.3,349
39,127,3,9,6.3,3.9,0,0.3,0,6,1.4,6,628.2
